sample_index,t_s,ur_fx_n,ur_fy_n,ur_fz_n,ur_tx_nm,ur_ty_nm,ur_tz_nm,onrobot_fx_n,onrobot_fy_n,onrobot_fz_n,onrobot_tx_nm,onrobot_ty_nm,onrobot_tz_nm
0,0.007577788004709873,-0.40269726837114717,-0.5110874275322937,-0.9259927619617127,0.034996523026911024,-0.009764888188800908,0.0038910645438495193,0.11158199999999979,0.018672000005171014,-0.32333899999970145,-0.003632999999999999,-0.002348000000020518,0.001282999999962452
1,0.015685115999076515,-0.01901010231290708,-0.36090475888688084,-0.8036039178563016,0.0218322244658668,-0.01086720290281166,-0.0047782929579003285,0.11158199999999974,0.028672000006770282,-0.4233399999995415,-0.0036330000000000004,0.0016520000000114668,-0.000716999999973578
2,0.02368360000400571,-0.12289009638788874,-0.8032527099958998,-0.5414997658420053,0.03956786684030969,-0.004433173837371734,0.006380781082010175,0.041581999999999675,0.03867200000836953,-0.5233399999993816,0.003366999999999997,0.008652000000075436,-0.004716999999861635
3,0.03155386500293389,-0.25460697282649364,-0.6863716131863337,-0.5298628431902733,0.03616867487495866,-0.008245294500427665,0.005323628959366623,0.011581999999999728,0.018672000006930208,-0.4333399999997014,0.004366999999999998,0.007652000000059445,-0.0037169999998776277
4,0.039713470003334805,-0.28132137104900634,-0.5327605597380196,-0.7751774063957858,0.036056889417355166,-0.018668266661728414,0.00709454347465498,0.10158199999999977,0.04867200000597067,-0.37334099999922166,-0.004632999999999998,-0.001348000000036511,0.0022829999999784446
5,0.047687158003100194,-0.36992452917337837,-0.9101387522208886,-0.6973607021148344,0.04397216798536146,-0.005922601416774967,0.00032805467627376376,0.09158199999999989,0.05867200000293207,-0.18333999999906175,-0.005632999999999998,-0.002348000000036511,0.002282999999962453
6,0.05601880500034895,-0.3444395034686638,-0.8500554760120272,-0.7329130022678917,0.05105419142157777,-0.01717531790553131,0.014001870424121581,0.11158199999999979,0.05867200000533095,-0.3333399999990618,-0.005632999999999998,-0.003348000000036511,0.0022829999999464602
7,0.06359968899778323,-0.2310905453376976,-0.8052318947136698,-0.8102267730316192,0.0399277715502659,-0.010042301895717167,0.00815118042459945,0.09158199999999975,0.04867200000629049,-0.3933389999992217,-0.002633,0.0006519999999954741,0.00028300000001042877
8,0.0717604060046142,-0.31448714840213765,-0.2426774069783721,-1.508897315758527,-7.192020940253023e-05,0.020410796128756584,-0.012571657957220178,0.1315819999999997,0.07867200000741001,-0.4633409999987419,-0.004633,0.002651999999995474,0.0002830000000424151
9,0.07969015200069407,-0.2791496333226782,-0.7674480437295061,-0.7860992198684269,0.0420179651515791,-0.0039839890993066665,0.006833778409833067,0.13158199999999973,0.09867200000677027,-0.42333999999842203,-0.006632999999999999,-0.0003480000000205185,0.0012829999999944388
10,0.08771428400359582,0.26140450239845386,-0.2808268676833735,-1.2705521959844814,-0.0033134764527086966,0.02810958078879613,-0.0041005820279654635,0.13158199999999978,0.07867200000549089,-0.3433399999987419,-0.009632999999999996,-0.004348000000068497,0.004282999999930471
11,0.09559347500180593,-0.2602562806151439,-0.7776362926738171,-0.895150573099905,0.04222979630964161,-0.004075596230570683,0.0009370156877574687,0.1015819999999998,0.05867200000533095,-0.3333399999990618,-0.007632999999999998,-0.003348000000036511,0.0022829999999464615
12,0.1036972270012484,-0.6562739148187178,-0.4424348067553094,-1.4989530985321906,0.00679241411596698,0.015648240364349815,-0.003791353394186718,0.09158199999999984,0.028672000003891623,-0.24333999999954153,-0.006632999999999998,-0.003348000000036511,0.002282999999946461
13,0.11170074999972712,-0.27722555369236446,-0.6036249734091294,-0.6773752707792609,0.03577316840583241,-0.019301218689309865,0.006034403752011209,0.05158199999999977,0.04867200000597067,-0.3733409999992216,-0.0016330000000000003,0.0026520000000114664,-0.0007169999999575867
14,0.11971177800296573,-0.6149099125449062,-0.3884587404120146,-1.0620700270410177,0.0227713719644563,-0.008362992015631126,0.005378419652795332,0.09158199999999979,0.09867200000533095,-0.33333999999842207,-0.004632999999999999,-0.0013480000000205185,0.001282999999978445
15,0.1276751460027299,-0.32083726310596117,-0.29579218149570685,-1.3094388849551293,-0.0014226421933657147,0.015393904265136121,-0.0102733725771168,0.10158199999999981,0.06867200000501109,-0.3133389999989018,-0.003633,-0.001348000000004526,0.0002829999999784443
16,0.13570800500019686,-0.20953563828839325,-0.2946817236859653,-0.8234160211898516,0.02579817399766462,-0.013304452655937538,0.004541083753987732,0.061581999999999894,0.03867200000261222,-0.1633399999993816,-0.001632999999999999,-0.0013480000000205185,0.001282999999978443
17,0.1436353760000202,-0.2171873277423788,-0.45438789121033946,-0.520865419561533,0.0342887134187928,-0.00982411789572437,0.0030445039742374976,0.1515819999999997,0.06867200000788976,-0.4933399999989019,-0.005632999999999998,-0.004348000000036511,0.002282999999930468
18,0.15155450200109044,-0.3856323290436287,-0.033583956150027815,-0.9185467861722872,0.0203115454296163,-0.016789892667105233,0.011680803275321998,0.11158199999999978,0.04867200000549088,-0.34333999999922166,-0.0006329999999999998,-0.001348000000004526,0.0002829999999784424
19,0.15966515600302955,-0.21785295014868514,-0.6648703582570584,-0.9338489352054757,0.045203918326904485,-0.015036647340646431,0.003532739574507377,0.07158199999999984,0.05867200000421148,-0.26333999999906177,0.00036699999999999954,0.0006520000000114666,-0.0007169999999895731
20,0.16770332399755716,-0.38674835339046176,-0.29071647006236845,-1.5965964291054313,-0.0036158637630120615,0.017739438924281602,-0.00754127868235277,0.04158199999999984,0.018672000004051552,-0.2533399999997014,0.0023669999999999984,0.0026520000000434516,-0.0027169999999575893
21,0.1756958379992284,0.19806414134726774,-0.6377761130695123,-1.215552803959113,0.03337100651245428,-0.0008301105515509357,-0.0008158839059048529,0.07158199999999984,0.0386720000043714,-0.27333999999938163,-0.002633,0.0006519999999954741,0.00028300000001042877
22,0.18390227100462653,-0.5769778174604052,-0.3257161522686632,-1.3753769165189023,-0.0009271456078009621,-0.0007077544809311892,-0.006163472114538278,0.14158199999999974,0.05867200000677028,-0.42333999999906174,-0.005632999999999999,-0.002348000000020518,0.001282999999962453
23,0.19184913799836067,-0.44987620401557843,-0.1892448503925396,-1.6976212216640174,0.012438620950279354,0.005316265042106447,-0.006188223375627621,0.12158199999999988,0.08867200000293207,-0.183339999998582,-0.005633,-0.0023480000000045257,0.00028299999996245304
24,0.19994071600376628,0.3591259274898185,0.07605568475789298,-1.5714650716243648,-0.007173063041451702,0.03326238540959271,-0.014642145003793735,0.001581999999999872,0.01867200000325194,-0.20334099999970137,0.004366999999999998,0.008652000000059444,-0.0037169999998616352
25,0.20762895100051537,-0.03573444480525322,-0.15663398152386682,-1.8386521740562518,-0.005720951511656312,0.017356523214039313,-0.01139688438703858,0.07158199999999985,0.06867200000405155,-0.25333999999890183,-0.002633,0.0006519999999954741,0.00028300000001042877
26,0.2158995740028331,-0.4423776424104695,-0.42970444436913646,-0.8404274132290044,0.022572932243876867,-0.016598068073815024,0.0035567345399158804,0.15158199999999974,0.07867200000661036,-0.41333999999874194,-0.006632999999999998,-0.002348000000036511,0.0022829999999624535
27,0.2236675469976035,0.4699948643338389,-0.6110645676058464,-0.6359391205585643,0.03861932521666984,0.0031225566382252342,0.005213736230880307,0.09158199999999977,0.028672000005490878,-0.3433399999995415,-0.0006330000000000004,0.0006520000000114666,-0.0007169999999895724
28,0.23189084199839272,-0.1712923593123789,-0.19371053036251504,-1.241073341862023,0.01039090898487722,0.00962039025381631,0.0004239563936208747,0.05158199999999981,0.00867200000485116,-0.30333899999986136,-0.0006330000000000004,0.0016520000000114668,-0.0007169999999735799
29,0.23966733099950943,-0.134668749016616,-0.6091929327767109,-0.6374879608353903,0.03207479135668997,-0.009302461317006827,0.005875620218024397,0.09158199999999984,-0.0013279999962683157,-0.23333900000002128,-0.0006329999999999998,-0.0023480000000045257,0.0002829999999624499
30,0.2479162230010843,0.004533750027094248,-0.642298494774122,-0.8795918245357959,0.04454017866642171,-0.0008380208164190124,0.0066262954856808765,0.12158199999999979,0.008672000005171014,-0.3233389999998614,-0.002632999999999999,-0.004348000000020519,0.001282999999930466
31,0.25567177400080254,-0.06745285288863692,-0.7068947805394693,-1.0091381687818566,0.036718755197397784,0.0015699463377872815,-0.005984341095947904,0.11158199999999978,0.008672000005810731,-0.3633399999998614,-0.0016329999999999997,-0.001348000000004526,0.0002829999999784431
32,0.26365631200314965,-0.4800840049118761,-0.7057351724504733,-0.7447927702268708,0.0452852448610024,-0.009027337115734384,0.006289982873494796,0.08158199999999985,-0.011327999995948449,-0.2533400000001812,-0.0006329999999999998,0.0006519999999954741,0.0002830000000104275
33,0.2718964870000491,-0.1950268036615716,-0.42254529839942695,-1.4767276672125262,0.012418865809764314,0.011967227462918924,-0.005562134010103323,0.14158199999999985,0.018672000004051552,-0.25333999999970147,-0.006632999999999998,-0.0043480000000525034,0.0032829999999304687
34,0.279906984003901,0.1944708692554242,-0.4992264362349361,-1.5768717115954412,0.006116796536605427,0.035777261324554235,-0.0008125233050376543,0.10158199999999974,0.03867200000677028,-0.4233399999993816,-0.005632999999999999,-0.0003480000000205185,0.0012829999999944381
35,0.287863871002628,-0.23032026470420086,-0.3624098880089158,-0.5128785014794435,0.035306935684406376,-0.008024938242499412,0.0036147913513150023,0.11158199999999975,0.02867200000629049,-0.3933389999995415,-0.005632999999999998,-0.002348000000036511,0.002282999999962453
36,0.2956619410033454,-0.20828731595000918,-0.3122827347659204,-1.1321453330673488,0.023040525414266613,-0.012799921224684185,-0.002189125890144404,0.07158199999999985,-0.001327999996268316,-0.23333900000002128,-0.001632999999999999,-0.0013480000000205185,0.001282999999978443
37,0.3036533220001729,0.12908192218412606,-0.095133890726448,-0.9396378100732989,0.026160285344900044,-0.01090179434974551,0.013892273838270006,0.0715819999999998,0.008672000005330952,-0.33333999999986136,-0.0006329999999999998,0.0006519999999954741,0.0002830000000104275
38,0.3118933170044329,0.08993033613304836,-0.1514801677389611,-1.1590027349340442,0.02632428230475216,-0.0008101431337166612,-0.00399448681092121,0.10158199999999988,0.06867200000325194,-0.20334099999890182,-0.006632999999999998,-0.0033480000000525034,0.003282999999946461
39,0.3198551730019972,-0.2862503652270893,-0.1766903936588764,-1.224184064654821,0.027642084658716266,-0.007129034617403166,0.008310866420912952,0.05158199999999983,0.028672000004371402,-0.2733399999995415,-0.0006329999999999998,0.0016519999999954741,0.00028300000002642005
40,0.3276690420025261,-0.5521501731785877,-0.20892059004351674,-1.501689011272609,0.002507230816732945,0.011065027799987375,-0.0015992771953469815,0.0915819999999997,0.01867200000741,-0.46334099999970146,-0.0016329999999999997,-0.0003480000000045259,0.0002829999999944356
41,0.3358467810030561,-0.42495167986317806,-0.48279521152499866,-1.0252606815314709,0.035493527774027735,-0.0232803474170471,0.0038541827488354006,0.1115819999999998,0.03867200000485116,-0.30333899999938163,-0.005632999999999998,-0.004348000000036511,0.002282999999930468
42,0.3437105140037602,-0.17739386810477034,-0.4973100361987553,-0.8927027250563497,0.03349699280188037,-0.002700485907010772,-0.001541470634037955,0.11158199999999978,0.04867200000549088,-0.34333999999922166,-0.006632999999999998,-0.005348000000036511,0.002282999999914476
43,0.351891890000843,0.029340332443466715,-0.5729508368631797,-0.6019925001120695,0.03535592124986755,-0.0018764884747636788,0.0015368233578052358,0.10158199999999988,0.04867200000325194,-0.20334099999922167,-0.007632999999999998,-0.0063480000000525035,0.003282999999898484
44,0.35989885999879334,-0.2693300349551617,-0.17220131797270058,-1.6955535277660936,0.0006886819286772456,0.015516502565028853,-0.0027865123038358546,0.08158199999999978,0.03867200000549088,-0.3433399999993816,-0.003633,-0.001348000000004526,0.0002829999999784443
45,0.3676831740012858,0.07756177193639682,-0.5361577924337758,-0.5850732711983628,0.03685205671708978,0.0016952023287867299,0.007777589690193961,0.07158199999999974,-0.011327999993389643,-0.4133400000001812,-0.0006330000000000004,0.0006520000000114666,-0.0007169999999895724
46,0.37576319099753164,-0.5715778977882043,-0.06602963209958826,-1.298132682827152,0.0037429899782729908,0.002357513817113103,-0.002271633066663444,0.06158199999999987,0.008672000003091996,-0.19333999999986137,-0.0016329999999999997,-0.001348000000004526,0.0002829999999784431
47,0.3839019270017161,-0.03395152405441129,-0.23552985817923117,-1.0445214815063362,0.022197076418331955,-0.003514055671154843,-0.0062895991774729225,0.07158199999999983,0.008672000004531326,-0.2833399999998613,-0.0016329999999999997,-0.001348000000004526,0.0002829999999784431
48,0.3919381110026734,-0.35302350857287185,-0.7132881597169777,-0.5151374191395515,0.043194316196926215,-0.02013511925609777,0.012445406869189553,0.10158199999999981,0.05867200000485116,-0.3033389999990618,-0.004632999999999998,-0.002348000000036511,0.0022829999999624522
49,0.3999453420037753,0.26489856398552736,-0.058625188496681795,-1.0862122900326354,0.03018311298143945,-0.005866713460252957,0.008349391863271894,0.08158199999999984,0.0086720000043714,-0.2733399999998614,-0.003632999999999999,-0.003348000000020518,0.0012829999999464593
50,0.4079271150039858,0.11651663649390703,-0.35545916560085533,-0.9688734997430941,0.027683858155737453,-0.006328452661161789,0.0038166815076294083,0.12158199999999966,0.01867200000836954,-0.5233399999997015,-0.002632999999999999,-0.0013480000000205185,0.0012829999999784437
51,0.4158913659994141,-0.03306199091364291,-0.6064874527494397,-1.0298849597583881,0.039809508229609415,-0.018113863831925116,0.0013827444494501487,0.10158199999999971,-0.0013279999924301058,-0.4733390000000213,0.0003670000000000008,0.0016519999999794815,0.0012830000000264195
52,0.4239453530026367,-0.34458452813012325,0.11863130250022365,-1.2964160441776564,-0.016860652177089267,0.01967215992246595,-0.0059644666335666174,0.1015819999999998,0.008672000005171014,-0.3233389999998614,-0.0016329999999999997,-0.0003480000000045259,0.0002829999999944356
53,0.43188498800009256,-0.049278817293600494,-0.775450573866686,-0.9806636449909981,0.04192971996491345,-0.009216540199717911,0.0058551520236878605,0.05158199999999984,0.018672000004051552,-0.2533399999997014,0.00036699999999999954,0.0026520000000114664,-0.0007169999999575879
54,0.4399254200034193,-0.48430309613561195,-0.46889446845568755,-1.106766160267472,0.0307475653284535,-0.013271994295151173,0.008788689794597869,0.12158199999999988,0.03867200000293207,-0.1833399999993816,-0.004632999999999999,-0.003348000000020518,0.00128299999994646
55,0.4479539910025778,-0.13215191041452595,-0.36354345256547915,-1.077356033867218,0.025296094810147666,-0.002718525450493188,0.008489240364334747,0.1215819999999999,0.048672000002292354,-0.14333899999922167,-0.006632999999999998,-0.005348000000036511,0.002282999999914476
56,0.45601353899837704,-0.19668426663667393,-0.46858273592748595,-1.08842861574924,0.027836953590515214,0.007973360256649457,-0.0004949770909840818,0.07158199999999992,0.04867200000197253,-0.12334099999922166,-0.004632999999999998,-0.002348000000036511,0.0022829999999624522
57,0.4636048620013753,0.22245082983591039,-0.5588660270909572,-0.7255057101678314,0.0388887107902911,-0.008449114431307933,-0.005638678345395412,0.07158199999999992,0.01867200000213243,-0.13333899999970145,-0.0006329999999999998,-0.0003480000000045259,0.000282999999994435
58,0.4715919459995348,-0.6454990860788149,-0.6183985341406294,-0.697394287740493,0.032373777047641696,-0.0179850544804387,-0.000297957011670532,0.0815819999999999,-0.011327999997707644,-0.1433390000001812,-0.0036329999999999986,-0.001348000000036511,0.002282999999978444
59,0.4795265799984918,0.17867954905850678,-0.5110370017970065,-1.612531883030958,0.018280022622591596,0.01734623724995584,-0.0009691497729815345,0.10158199999999992,0.03867200000197253,-0.12334099999938161,-0.005632999999999998,-0.004348000000036511,0.002282999999930468
60,0.48752256000443595,-0.38810933464230546,-0.26140372537013734,-0.5908269654583609,0.035093460372163925,-0.012690399900359122,0.00043852051816041374,0.15158199999999983,0.04867200000405155,-0.25333999999922174,-0.008632999999999998,-0.0073480000000525035,0.0032829999998824923
61,0.49553647299762815,0.04617148466314758,-0.6257748385390869,-0.6351811487132523,0.04289161427587251,-0.008396054784867898,0.004160299703798197,0.12158199999999988,0.05867200000293207,-0.18333999999906175,-0.007632999999999998,-0.005348000000036511,0.0022829999999144767
62,0.5036957179981982,-0.43094010848273223,-0.442354204752589,-1.0554034047890388,0.02938061042124214,-0.020904018597749156,0.015848864061960642,0.09158199999999989,0.03867200000277214,-0.1733399999993816,-0.003632999999999999,-0.0003480000000205185,0.001282999999994437
63,0.5119478460037499,-0.08992126845754783,-0.3242104428016563,-1.529384364001843,0.0005769251374159969,0.025906563936671675,-0.01284093188113307,0.09158199999999997,0.018672000000693134,-0.043340999999701445,-0.003633,-0.0023480000000045257,0.0002829999999624518
64,0.5197040479979478,-0.01784719891812268,-0.20935494055074103,-1.6245739656368618,-0.0021829094562329553,0.022332861241306255,-0.0115095911964882,0.10158199999999974,0.028672000006610358,-0.4133399999995415,-0.002633,0.0006519999999954741,0.00028300000001042877
65,0.5276876339994487,-0.20918290126836772,-0.42203125210245734,-1.4129533783116304,0.00665332914659676,0.02162406675892458,-0.015019749158515002,0.08158199999999971,0.038672000007569894,-0.4733389999993816,-0.002633,0.002651999999995474,0.0002830000000424139
66,0.5357417420018464,-0.4987393955570575,-0.300564865722257,-1.8591281537461122,-0.0009453192208645477,0.03380923289262612,-0.007622355518747071,0.11158199999999982,0.06867200000453132,-0.2833399999989018,-0.007632999999999998,-0.0023480000000525034,0.0032829999999624544
67,0.5437205089983763,-0.10849625213671206,-0.41566463205202037,-0.976217819846137,0.032977117649530256,-0.006854537784600643,0.005189782427829308,0.10158199999999987,0.04867200000357176,-0.2233389999992217,-0.006632999999999998,-0.002348000000036511,0.0022829999999624535
68,0.5517473869986134,-0.3948325715169293,-0.4974573244649867,-1.053935289785584,0.04169376300824553,-0.02526588148164431,0.005501175839886583,0.09158199999999994,0.04867200000149274,-0.09333999999922167,-0.008632999999999997,-0.004348000000068497,0.00428299999993047
69,0.5597032110017608,-0.44953216761314946,-0.48005836541241825,-1.7346128204586642,0.0034673120546060577,0.019310467028647204,0.0022182524484394574,0.11158199999999979,0.05867200000517101,-0.32333899999906174,-0.006632999999999998,-0.002348000000036511,0.0022829999999624535
70,0.567618991000927,-0.27105850018960853,-0.20358963781617362,-1.4225974514844308,0.01137764204038821,0.00765110174078784,-0.0027438382187933647,0.06158199999999978,0.04867200000549088,-0.3433399999992216,-0.002633,0.0006519999999954741,0.00028300000001042877
71,0.5757433399994625,-0.1343075331040945,-0.13220431381449374,-1.5811166711071616,-0.007240070365329034,0.02433233081144481,-0.010450326799233894,0.05158199999999978,0.05867200000565081,-0.3533399999990617,-0.0016329999999999997,0.002651999999995474,0.0002830000000424132
72,0.583681110998441,-0.02860692671559838,-0.5417620841859845,-0.7459321677325512,0.03839840104969664,-0.0027151235716804975,0.007647683137016442,0.031581999999999874,0.05867200000325194,-0.2033409999990617,-0.0016330000000000003,0.0026520000000114664,-0.0007169999999575867
73,0.5916650279978057,-0.9065769201223789,-0.37772173459418573,-1.3704197186033962,0.004236248938011821,-0.004965466178171916,-0.004383795734562916,0.05158199999999995,0.04867200000149274,-0.09333999999922166,-0.004633,-0.00034800000000452595,0.0002829999999944375
74,0.6000318010046612,-0.4312174565360291,-0.45327138382176946,-1.2041920626102487,0.021352027319414824,-0.009934334960009675,-0.0009609876317804175,0.021581999999999817,0.04867200000469127,-0.29334099999922164,0.0033669999999999993,0.0036520000000274592,-0.0017169999999415973
75,0.6076785879995441,-0.5652559765878655,-0.345680490916438,-1.0257937469927818,0.0370342123251721,-0.01975237345961534,0.008148853109912046,0.08158199999999974,0.038672000006610356,-0.4133399999993816,-0.0006329999999999998,0.0016519999999954741,0.00028300000002642005
76,0.6157026900036726,0.16965929769313506,-0.2109995865523175,-0.6705638525483044,0.028365109266404256,-0.003096788812744597,-0.0017010962240081057,0.08158199999999978,0.028672000005490878,-0.3433399999995415,-0.0006329999999999992,-0.0013480000000205185,0.0012829999999784424
77,0.6238019119991804,-0.5187924866426709,-0.32441953364577203,-1.4227612106774459,0.00420724119866088,0.0004375498009965366,-0.008623967292448314,0.06158199999999983,0.04867200000421148,-0.26333999999922164,-0.0016329999999999997,0.0016519999999954741,0.0002830000000264207
78,0.6316173550003441,-0.4544852793503716,-0.5703894556881541,-0.7256777946480555,0.035373832579986074,-0.029253880144737964,-0.00046570955694035616,0.06158199999999989,0.008672000002772146,-0.17333999999986135,0.00036700000000000014,0.0016519999999954741,0.00028300000002641945
79,0.6396706009982154,0.19900255404661454,-0.2556330064325647,-1.742648279083108,-0.002468193652387544,0.02296450321484589,-0.007332055539653359,0.1115819999999998,0.05867200000485116,-0.3033389999990618,-0.003632999999999999,-0.0013480000000205185,0.0012829999999784444
80,0.6477011450042482,-0.5264849501264957,-0.5332010298993968,-1.2466252920877758,0.032532507568078434,-0.017543724959699806,-0.0024104189252458557,0.061581999999999804,0.03867200000485116,-0.3033389999993816,-0.0006329999999999998,0.0016519999999954741,0.00028300000002642005
81,0.655671357002575,0.48618572744351835,-0.4564319789044409,-1.3533005443391495,0.01520844423633013,0.023952428394901245,-0.004819810569413667,0.10158199999999995,0.058672000001492745,-0.09333999999906176,-0.008632999999999997,-0.006348000000068497,0.004282999999898485
82,0.6636602229991695,-0.20008602277814114,0.19810519064420937,-1.2893654792816822,-0.007904405101885,0.002940641234575498,-0.002285515479157995,0.10158199999999995,0.07867200000149276,-0.0933399999987419,-0.010632999999999997,-0.008348000000084487,0.005282999999866501
83,0.6716995140013751,-0.4724130416287126,-0.23910170584414883,-0.9674580630199874,0.020667575336101755,-0.020060297043279482,0.004559657174530207,0.12158199999999993,0.03867200000181259,-0.11333999999938162,-0.007632999999999997,-0.007348000000068497,0.004282999999882492
84,0.6797273620031774,0.19944784452449693,-0.3753842804371059,-0.9466485397815168,0.029700964703070435,-0.005475722734091691,0.01228177684207187,0.08158199999999992,0.038672000002132424,-0.1333389999993816,-0.003632999999999999,-0.0003480000000205185,0.001282999999994437
85,0.6876786590000847,-0.10171953557861672,0.4281113674803167,-1.5696650714966771,-0.02206688645392577,0.013749765923778719,-0.00783529705352475,0.09158199999999982,0.04867200000453133,-0.28333999999922166,-0.0016329999999999997,0.0006519999999954741,0.0002830000000104282
86,0.6956418769987067,-0.47423339050127084,-0.43183088510784434,-1.169701559135412,0.026537644831478937,-0.026652805333128925,0.0005754250190068049,0.10158199999999978,0.05867200000549088,-0.34333999999906173,-0.0016330000000000003,0.0006520000000114666,-0.0007169999999895718
87,0.7037132179975742,0.0253102219819392,-0.5132170116827588,-1.5618355252736182,0.025429708390251667,0.01195789424582052,-0.0030016404198796916,0.08158199999999978,0.038672000005810725,-0.3633399999993816,0.00036699999999999884,0.0036520000000274592,-0.0017169999999415955
88,0.7118734039977426,-0.5010045398135786,-0.5316508085131341,-1.047009103110731,0.035857957039499,-0.017557991318123183,0.005917711852986942,0.1615819999999997,0.058672000007410005,-0.4633409999990618,-0.004633,-0.001348000000004526,0.00028299999997844497
89,0.719875224000134,-0.2010197420592222,-0.3349494892420962,-0.9796779728525176,0.017749751071161776,-0.009313481142850025,0.0034396188955761486,0.1415819999999997,0.048672000007569896,-0.4733389999992217,-0.003632999999999999,0.0006519999999794816,0.0012830000000104294
90,0.7278595219977433,0.5200499499829955,-0.29517377128549793,-0.8864370831537087,0.026691020989994416,0.015035112534750853,0.007720833040951992,0.16158199999999984,0.06867200000421148,-0.2633399999989019,-0.009632999999999997,-0.0063480000000525035,0.003282999999898485
91,0.7358708000028855,-0.043932378610534215,-0.40339906029097106,-0.9176392104742969,0.0333901877201299,-0.0031734546647010577,-0.004478429608538164,0.15158199999999988,0.03867200000293207,-0.18333999999938164,-0.007632999999999998,-0.0063480000000525035,0.003282999999898484
92,0.7436486619990319,0.09174171882207516,-0.37436405516027377,-1.073672788078114,0.02440155978927464,0.0042734310716967955,-0.00032077808551638957,0.13158199999999987,0.04867200000325194,-0.2033409999992217,-0.005632999999999998,-0.003348000000036511,0.0022829999999464602
93,0.7516734250020818,0.05713180379412792,-0.3334615292820912,-0.6936386825574525,0.03327131129762856,-0.010884138097620176,0.0015653674535941254,0.12158199999999979,0.07867200000533096,-0.3333399999987419,-0.003633,-0.00034800000000452595,0.0002829999999944369
94,0.7598872820017277,-0.45640583619250424,-0.23869685015775702,-0.8389966550952931,0.020466318470484097,-0.010729190550568854,0.011490616586081756,0.11158199999999971,0.07867200000725008,-0.4533409999987419,-0.0016330000000000003,0.0036520000000114664,-0.0007169999999415942
95,0.7678762190043926,-0.31363906355490984,-0.04099883743050559,-1.6022445133318872,0.00018779823973585154,0.014378856505388624,-0.017658316538252086,0.02158199999999977,0.04867200000581073,-0.3633399999992216,0.005366999999999998,0.008652000000075436,-0.004716999999861636
96,0.775742807003553,-0.25471070266577767,-0.04387589116597669,-0.7704718364587455,0.024836235821471712,-0.012612201915020483,0.00661463209931814,0.11158199999999978,0.05867200000565081,-0.35333999999906174,-0.0016330000000000003,0.0006520000000114666,-0.0007169999999895718
97,0.7837245890041231,-0.1903431159349683,-0.41485992883266537,-0.8573896401630243,0.028855562721589408,0.0007704125235188686,0.0022680490790678966,0.08158199999999985,0.06867200000389162,-0.24333999999890182,-0.0026330000000000004,0.0016520000000114668,-0.0007169999999735786
98,0.7918739759988966,-0.237441372156161,-0.7260190090557564,-0.8321488560984697,0.04300259884343383,-0.009542183909563457,0.0005011168942197351,0.05158199999999981,0.04867200000501109,-0.3133389999992216,0.00036699999999999884,0.0036520000000274592,-0.0017169999999415955
99,0.7999331230021198,-0.17782384287439312,-0.13563473626539577,-1.233596752776327,0.005501038446942499,0.01525377701617674,-0.0019818523421847,0.11158199999999974,0.06867200000661035,-0.4133399999989018,-0.002633,-0.0003480000000045259,0.00028299999999443625
100,0.8078890580000007,0.31627663761063585,-0.42883972621326427,-1.1771214311217004,0.02923895449733911,-0.0017812157154832426,-0.0003682671187914576,0.12158199999999977,0.05867200000549088,-0.34333999999906173,-0.003633,-0.0023480000000045257,0.0002829999999624518
101,0.8156458610028494,-0.4643467602898813,-0.5481838849898478,-1.042838035609811,0.03508182239526475,-0.016980998607152763,0.009777381214600837,0.11158199999999993,0.04867200000181259,-0.11333999999922167,-0.006632999999999998,-0.003348000000036511,0.002282999999946461
102,0.8238906250044238,0.15597471248531164,-0.6360498435378812,-0.5425631660311385,0.0305067039588334,0.0005760865786847365,-0.0014209091526629315,0.11158199999999985,0.07867200000373169,-0.2333389999987419,-0.008632999999999998,-0.0033480000000525034,0.0032829999999464624
103,0.8318822770015686,-0.9234275973284479,-0.11398356680494898,-1.603644944272992,-0.0064360622340422086,-0.005045140942244248,-0.01905545721049653,0.15158199999999986,0.08867200000325194,-0.203340999998582,-0.013632999999999996,-0.00934800000010048,0.006282999999850511
104,0.8399273280010675,-0.49903563403171297,-0.27530206990391515,-1.1200306338189903,0.027337756880929123,-0.023339172993108972,0.007158753634779485,0.15158199999999974,0.05867200000613056,-0.3833389999990618,-0.008632999999999998,-0.0053480000000525035,0.003282999999914477
105,0.8479097119998187,-0.04943397081745845,-0.4335192484242884,-0.8282783089623241,0.03032952604309706,-0.007784267880057446,0.011918955642041476,0.13158199999999978,0.048672000005650806,-0.35333999999922167,-0.004632999999999998,-0.002348000000036511,0.0022829999999624522
106,0.8559167120038182,-0.08389877284193098,-0.2114284772651528,-0.6310546445612335,0.025188107442196534,-0.007106249213237559,-0.00016542654214190538,0.16158199999999995,0.058672000001492745,-0.0933399999990618,-0.009632999999999996,-0.008348000000068495,0.0042829999998665
107,0.8636618329983321,-0.5701565603870173,-0.5311356921309203,-1.070004064944177,0.031064238624336223,-0.020106855214694658,0.00448839820043533,0.14158199999999996,0.04867200000165267,-0.10333999999922171,-0.008632999999999998,-0.0073480000000525035,0.0032829999998824923
108,0.8719275370021933,0.115566284375897,-0.3448273864278326,-1.1817892103719854,0.024592070597092917,0.0003610491294938165,-0.004928569576655072,0.0915819999999999,0.04867200000261222,-0.1633399999992217,-0.006632999999999998,-0.003348000000036511,0.002282999999946461
109,0.8797097870046855,-0.32465727310457004,-0.42577169004478804,-1.022928932443694,0.036952834812986085,-0.026199384913396438,0.00043001302366203146,0.14158199999999976,0.05867200000613056,-0.38333899999906174,-0.007632999999999998,-0.0023480000000525034,0.0032829999999624544
110,0.88774967900099,-0.3121003289649028,-0.4021837477558661,-0.9661276893753495,0.03286120565654818,-0.011386522979797004,0.011280366295634545,0.10158199999999971,0.048672000007250076,-0.45334099999922167,-0.002632999999999999,0.0006519999999794816,0.0012830000000104288
111,0.8956785629998194,-0.4091046552463204,-0.6377403287338651,-1.1647147364496768,0.04116987264802304,-0.019321382426366163,0.0029860743840828784,0.05158199999999977,0.02867200000597067,-0.37334099999954146,0.0013670000000000002,0.003651999999995474,0.0002830000000584039
112,0.9038962769991485,0.22486021183639993,-0.6723915704933158,-1.3198995718401119,0.03100940937350056,0.006416569182349513,0.0012125179535284938,0.05158199999999986,0.04867200000373168,-0.23333899999922164,-0.0016329999999999997,0.0006519999999954741,0.0002830000000104282
113,0.9118848330035689,-0.3206858432420162,-0.49727842461052807,-1.0940424239367526,0.021160193371934928,-0.0018199129311409906,-0.0015289051118823839,0.12158199999999979,0.08867200000517102,-0.32333899999858196,-0.008632999999999998,-0.0043480000000525034,0.0032829999999304696
114,0.9199316669983091,-0.37649112082558356,-0.12095704944713183,-1.14453096876153,0.007435078132844772,0.008723007190147515,-0.0018242880460100815,0.11158199999999982,0.07867200000469127,-0.2933409999987419,-0.004632999999999999,-0.003348000000020518,0.00128299999994646
115,0.9279644350026501,-0.14155737880428246,-0.5983820852868293,-1.0392126359199767,0.028822768098470404,-0.0076478501383982775,-0.008128947815331801,0.10158199999999991,0.058672000002612225,-0.16333999999906176,-0.006632999999999999,-0.005348000000020519,0.001282999999914476
116,0.9358999920004862,-0.5073126180550503,-0.5465578323320949,-0.998001939265851,0.03677625145351393,-0.01601269573866965,0.001624520849435898,0.021581999999999955,0.01867200000117288,-0.0733389999997014,-0.003633,-0.001348000000004526,0.0002829999999784443
117,0.9437046140010352,-0.3669579696931765,-0.7524739968960572,-0.8751920662466315,0.047290932503957404,-0.017860680018014784,0.0037292892510938985,0.09158199999999979,0.028672000005330954,-0.33333999999954156,-0.004632999999999999,-0.002348000000020518,0.0012829999999624524
118,0.9519058170044445,-0.19609708804023157,-0.2917694278411897,-1.0242405850500957,0.0250131644501858,-0.00401978332502656,0.001078237332051806,0.15158199999999974,0.05867200000661036,-0.4133399999990618,-0.006632999999999998,-0.005348000000036511,0.002282999999914476
119,0.9598784629997681,0.5395409745867044,0.13077648666715602,-0.9494524817275174,0.008717202649803014,0.01589111990435786,0.0032234307145743773,0.13158199999999978,0.03867200000533095,-0.33333999999938163,-0.005632999999999998,-0.005348000000036511,0.0022829999999144754
120,0.967918975999055,-0.5662598313847662,-0.8117659481440876,-0.8129137302488839,0.045608091717500375,-0.0241074335520542,-0.0037445075333292417,0.09158199999999975,0.038672000006450415,-0.4033389999993816,-0.0006330000000000004,0.0006520000000114666,-0.0007169999999895724
121,0.9757075579982484,-0.5924216555593811,-0.7554324216410109,-1.1105450429060695,0.04321524291030709,-0.021591703996419218,-0.0054094139891008005,0.12158199999999979,0.07867200000533096,-0.3333399999987419,-0.006632999999999998,-0.001348000000036511,0.002282999999978446
122,0.983695663002436,-0.34184811327113257,-0.8792365960749978,-0.8423202389065032,0.04570755086190571,-0.01082756073523898,-0.002801188666082043,0.07158199999999985,0.09867200000389162,-0.24333999999842204,-0.003632999999999999,-0.0003480000000205185,0.001282999999994437
123,0.992081470998528,-0.05795521055848753,-0.7148460120804184,-0.4462558817088789,0.03468210000032009,-0.008923549311156504,0.01835345542144788,0.05158199999999983,0.0686720000043714,-0.2733399999989018,-0.0006329999999999998,0.0016519999999954741,0.00028300000002642005
124,1.0000007170019671,-0.23597785228283516,-0.3523300986768619,-0.9725776754842756,0.021362677105104762,0.007036500929962814,0.002393014833540908,0.031581999999999784,0.01867200000549088,-0.3433399999997014,0.0013669999999999995,0.0026520000000114664,-0.0007169999999575886
125,1.007616216003953,0.42254165840068975,-0.4705980473571793,-1.2968425734246063,0.027685678688457907,0.004939288507906294,0.0066685833255083265,0.08158199999999978,0.048672000005650806,-0.35333999999922167,-0.003632999999999999,-0.003348000000020518,0.0012829999999464593
126,1.0155664999983856,-0.28131263472340373,-0.35076048629598167,-1.0220962948083623,0.020509497117905975,-0.006487397446454144,-0.004855164542906073,0.13158199999999975,0.04867200000645042,-0.4033389999992217,-0.005632999999999998,-0.0043480000000525034,0.003282999999930468
127,1.0239271110040136,-0.7182561809025003,-0.12129217991502603,-1.8651762171510875,-0.009202734972564892,0.0043971907544627375,-0.014200561834389175,0.11158199999999978,0.0986720000056508,-0.353339999998422,-0.006632999999999999,-0.003348000000020518,0.0012829999999464613
128,1.0316689160026726,-0.5594202076897096,-0.6096251881675575,-1.0912573515661876,0.026430081088234518,-0.0073654724802611924,0.000581808947716273,0.10158199999999977,0.06867200000597067,-0.3733409999989018,-0.0026330000000000004,-0.00034799999998853337,-0.0007170000000055638
129,1.0399904439982492,0.03755108648515474,-0.44190946370472417,-1.083000599311681,0.03661710379107463,-0.0010352707102079157,0.006708618173978835,0.02158199999999984,0.03867200000405155,-0.25333999999938156,-0.0006330000000000011,0.0016520000000274592,-0.00171699999997358
130,1.0476583909985493,-0.7267572326801233,-0.37709179345626714,-1.3415917520068246,0.02728390575209184,-0.022076681508775068,-0.005094792137886921,-0.018418000000000184,0.038672000004691266,-0.29334099999938157,0.0013669999999999989,0.004652000000027459,-0.0017169999999256036
131,1.055522975002532,-0.370701618310361,-0.6005131482289742,-1.231732720559862,0.032856324582545,-0.014864067031443915,0.0036259607732425495,0.1015819999999998,0.04867200000517101,-0.32333899999922167,-0.0036329999999999986,-0.002348000000036511,0.002282999999962452
132,1.0635343829999329,-0.265106600515907,-0.8496236422663661,-0.9001648226214317,0.051123128838352475,-0.005918749424266168,0.0006753752431403053,0.12158199999999966,0.07867200000852946,-0.5333399999987419,-0.0016329999999999997,0.0016519999999954741,0.0002830000000264207
133,1.0715327069992782,-0.5728306655056823,-0.18629243256377248,-1.8085528178093606,0.0002534866912653641,0.013116688680069826,-0.011682167107728295,0.10158199999999966,0.0586720000088493,-0.5533389999990618,-0.0006330000000000004,0.0036520000000114664,-0.0007169999999415949
134,1.07971308100241,-0.5715435779913385,-0.32013303526470893,-0.8900033196111581,0.02552180089857569,-0.01764320252557098,-0.0044402841969452145,0.05158199999999985,0.028672000003891623,-0.2433399999995415,0.0013669999999999989,0.0036520000000274592,-0.0017169999999415962
135,1.087961331999395,-0.006447728902329155,-0.5014937026536288,-0.7903563137874697,0.03354488379329039,-0.009888448345592315,-0.0005532935078873645,0.10158199999999985,0.058672000003891625,-0.24333999999906175,-0.005632999999999998,-0.002348000000036511,0.002282999999962453
136,1.0957472689988208,-0.19245108274044656,-0.6418321374130975,-1.1811052258389507,0.03357997204084036,-0.01754491080421284,0.0011093711318187172,0.1315819999999998,0.06867200000485116,-0.30333899999890185,-0.007632999999999998,-0.003348000000036511,0.0022829999999464615
137,1.103691431999323,-0.48180400433519993,-0.41504118790916583,-1.1118147610222002,0.03570757916358728,-0.018269547400674494,7.874929554593538e-05,0.07158199999999981,0.03867200000485116,-0.30333899999938163,-0.0016330000000000003,-0.00034799999998853337,-0.0007170000000055643
138,1.1117450590027147,-0.12565227301660592,-0.36691369059465295,-0.8807851563987156,0.03217602889887617,-0.017012927651315343,-0.003731443851357304,0.1015819999999998,0.05867200000533095,-0.3333399999990618,-0.003633,-0.0023480000000045257,0.0002829999999624518
139,1.1196270560030825,-0.3997545398157551,-0.7847101179082792,-0.6283119173386231,0.03229319507590994,-0.010536718262521434,-0.00020030264534069288,0.0715819999999999,0.04867200000293207,-0.18333999999922165,-0.004633,-0.0033480000000045257,0.00028299999994645987
140,1.1277506339974934,-0.27884298719995787,-0.4545360904795242,-0.7181521660049393,0.028081004231836307,-0.015890037642095945,0.00450418631901544,0.10158199999999985,0.06867200000405155,-0.25333999999890183,-0.003632999999999999,-0.002348000000020518,0.001282999999962452
141,1.1356601119987317,-0.03487039472566956,-0.5331056380321691,-1.3142910777681374,0.019348232714437943,0.004414243392198659,0.0009084057947072418,0.0915819999999998,0.06867200000485116,-0.30333899999890185,-0.0006330000000000004,0.0016520000000114668,-0.0007169999999735799
142,1.1436525250028353,-0.5429490824769873,-0.39964499809539245,-1.2505191874077457,0.023618725174541385,-0.014171740383876261,0.0009059790151852336,0.11158199999999982,0.028672000004531326,-0.2833399999995415,-0.002633,-0.0003480000000045259,0.00028299999999443625
143,1.1516825279977638,-0.700022221236268,-0.5200267711532893,-0.8600108898691154,0.0391228018996563,-0.021146746660241213,-0.00025634399136305656,0.12158199999999984,0.04867200000373168,-0.23333899999922167,-0.005632999999999999,-0.004348000000020519,0.001282999999930468
144,1.1597081029976835,-0.07530123612714341,-0.7838930202478465,-0.770506391860117,0.038844384498339934,-0.007057865757250951,0.004253644756181415,0.12158199999999987,0.06867200000325194,-0.20334099999890184,-0.009632999999999996,-0.006348000000084489,0.005282999999898486
145,1.167586843999743,-0.15894715092836037,-0.627287637373384,-1.4118375465801132,0.014213477439093443,0.014459300381263553,0.00013563120782111531,0.13158199999999978,0.0786720000056508,-0.3533399999987419,-0.007632999999999998,-0.003348000000036511,0.0022829999999464615
146,1.175586570003361,-0.2922547636874113,-0.34885688162763073,-0.8315498938188196,0.03308409875402278,-0.012526516417133248,0.0012491120140384615,0.10158199999999985,0.058672000003731684,-0.23333899999906174,-0.007632999999999997,-0.004348000000068497,0.004282999999930469
147,1.183527467001113,-0.30633296052079356,-0.4295388336001977,-1.2383479525918877,0.03113289027489641,-0.010437248736039052,0.0048470875504809385,0.07158199999999987,0.008672000003571757,-0.22333899999986137,-0.002632999999999999,-0.0003480000000205184,0.0012829999999944364
148,1.1915739510004641,-0.3702891061532803,-0.19036627466143544,-1.9971872809464761,-0.0021161783147009747,0.022054745946467766,-0.014607918183927744,0.0915819999999998,0.018672000005011086,-0.31333899999970144,0.00036699999999999954,0.0016520000000114668,-0.0007169999999735806
149,1.199580820997653,-0.18645443927334013,-0.16631300833008578,-1.213862922849663,0.02471564543702247,-0.0180763298928222,0.002290443708864545,0.1315819999999997,0.08867200000804969,-0.503339999998582,-0.0026330000000000004,-0.00034799999998853337,-0.0007170000000055638
150,1.207547074998729,-0.41000839894428937,-0.3585858134154353,-1.2816482615267941,0.0222354137918602,-0.017951844061964536,0.004130840412221731,0.061581999999999804,0.06867200000485116,-0.30333899999890185,-0.0006330000000000004,0.0006520000000114666,-0.0007169999999895724
151,1.2155687630001921,0.03521409913620895,-0.5143437853849799,-1.3722749333323723,0.03284881562094114,-0.0035839238559100574,0.011396803517224703,0.07158199999999995,0.058672000001492745,-0.09333999999906174,-0.0036329999999999986,-0.003348000000036511,0.002282999999946459
152,1.223574390001886,-0.22499606309627695,-0.664752278239317,-1.3800280563038805,0.033005429190515356,0.003147975399348448,0.004548999534103479,0.07158199999999985,0.03867200000389162,-0.24333999999938158,-0.0006329999999999998,-0.0003480000000045259,0.000282999999994435
153,1.2315586879994953,-0.25517987330795816,-0.5006609134939614,-1.1603388565841657,0.026743675196352044,-0.005193547632128165,0.0029624814193878308,0.10158200000000002,0.028671999999573622,0.026661000000458474,-0.006632999999999998,-0.0073480000000525035,0.003282999999882491
154,1.2395375749983941,0.21125046758393756,-0.40029557119424897,-0.8225714115004822,0.026981931947283586,-0.0021728152719457075,0.00011862475846304856,0.12158199999999986,0.05867200000357176,-0.22333899999906176,-0.007632999999999998,-0.005348000000036511,0.0022829999999144767
155,1.2483460729999933,-0.5314784229773519,-0.2181789816574674,-0.7797167804838243,0.029704930504584618,-0.01845093215004494,0.0036442057071222962,0.09158199999999984,0.02867200000405155,-0.25333999999954154,-0.0006329999999999998,-0.001348000000004526,0.0002829999999784424
156,1.2558878540003207,-0.0149860374966269,-0.48024547304106135,-1.266518162261998,0.03407388836664847,-0.010979193153187678,-0.0013913916546773658,0.08158199999999993,0.03867200000165267,-0.1033399999993816,-0.004632999999999998,-0.003348000000036511,0.00228299999994646
157,1.263619730998471,0.22230579775499243,-0.6383521726199215,-1.1670584648681401,0.03785988412743508,-0.007516147210156473,0.003676925847961384,0.07158199999999985,0.04867200000389162,-0.24333999999922165,-0.002632999999999999,-0.0003480000000205184,0.0012829999999944364
158,1.2718085599990445,0.03555173893109674,-0.5216649177957805,-1.0051896268871985,0.03443620729134338,-0.009807085395784872,0.013935200928037277,0.13158199999999987,0.05867200000325194,-0.20334099999906177,-0.007632999999999998,-0.0053480000000525035,0.0032829999999144767
159,1.2798573690015473,-0.22075990211615137,-0.3241734587215137,-0.7079562830322614,0.037633639692497084,-0.003784422570664104,0.00029145456408021257,0.11158199999999974,0.03867200000677028,-0.4233399999993816,-0.003632999999999999,-0.002348000000020518,0.001282999999962452
160,1.2878849980043015,-0.26211365324285274,-0.16517953874567373,-1.3094014584599134,0.017612062874713372,-0.010102507167079574,-0.0020387556803943383,0.03158199999999975,0.02867200000629049,-0.39333899999954147,0.0033669999999999985,0.004652000000043451,-0.0027169999999256044
161,1.2958440580041497,0.007255766097284586,-0.6865060978464697,-1.0425663476324059,0.02849984271906207,-0.013071584785857536,0.0057841979484298455,0.10158199999999978,0.05867200000549088,-0.34333999999906173,-0.005632999999999999,-0.0013480000000205185,0.0012829999999784457
162,1.3039298549992964,-0.5565800259723839,-0.8483235671302533,-1.0904936443060025,0.04277148725074962,-0.019621519024453464,-0.0024247054595658776,0.11158199999999976,0.028672000006130564,-0.3833389999995415,-0.005632999999999999,-0.002348000000020518,0.001282999999962453
163,1.3119072600020445,0.01609020797320595,-0.29998208743049415,-1.227648197987013,0.015717386692293573,0.006000923550292016,0.0027647850862618866,0.15158199999999983,0.04867200000421148,-0.26333999999922175,-0.009632999999999996,-0.009348000000068496,0.004282999999850508
164,1.319931051999447,-0.5717090976053232,-0.3681145301330827,-0.9904147097865774,0.033254523866918594,-0.01947874798162163,0.0008158161181810691,0.1215819999999999,0.028672000002292353,-0.14333899999954153,-0.007632999999999997,-0.008348000000068495,0.0042829999998664995
165,1.3278568410023581,0.2237213555420055,-0.008697168746723181,-1.6907252059553377,0.010157306873914609,0.018001581962866848,-0.002696006726695564,0.07158199999999997,-0.0013279999988271224,-0.07333900000002129,-0.0006329999999999998,-0.001348000000004526,0.0002829999999784424
166,1.3358851610028069,-0.49039487008640986,-0.2832369630273283,-1.2928376254194973,0.023794898586008868,-0.017247035440188407,0.01067333310975153,0.08158199999999984,0.0386720000043714,-0.27333999999938163,-0.0016329999999999997,0.0016519999999954741,0.0002830000000264207
167,1.343667662004009,-0.32278307525023475,-0.6663873866254459,-1.0625976062044655,0.03983616473171592,-0.009763248740181125,-0.0012884912226313267,0.15158199999999966,0.048672000008209614,-0.5133399999992218,-0.005632999999999998,-0.002348000000036511,0.002282999999962453
168,1.351941569999326,-0.17479352269005619,0.10873688748071982,-2.1517542259905573,-0.012864986765730365,0.023621288720614527,-0.013304162108717031,0.14158199999999982,0.05867200000485116,-0.3033389999990618,-0.008632999999999997,-0.006348000000084489,0.005282999999898485
169,1.3598501160013257,0.5046464263128667,-0.20718297762763596,-0.9711925376463268,0.02510482007217282,0.006950155957120986,-0.0025250868041260285,0.07158199999999973,0.048672000006930206,-0.4333399999992217,-0.0006329999999999992,0.0016519999999794815,0.0012830000000264201
170,1.3676567420043284,-0.6042320102088589,-0.5379174030462763,-1.0664111519452943,0.03830325200870707,-0.01760305093971334,0.003056830306064278,0.12158199999999977,0.0686720000056508,-0.3533399999989018,-0.007632999999999998,-0.0043480000000525034,0.003282999999930469
171,1.3755897939990973,0.0737642379793412,-0.722238026524712,-0.7777150104988327,0.04364045990078225,-0.008870655938807405,0.005771432736324221,0.16158199999999984,0.0686720000043714,-0.2733399999989019,-0.011632999999999996,-0.008348000000068495,0.004282999999866502
172,1.3837096959978226,-0.18499046870389457,-0.8167444711376126,-1.1659302364072548,0.034560756275753564,-0.0005664179651795532,0.006163695368854961,0.09158199999999984,0.03867200000373168,-0.2333389999993816,-0.0036330000000000004,0.0006520000000114666,-0.0007169999999895706
173,1.3915877449981053,-0.05960233036830041,-0.8922297489862697,-0.9878117533283094,0.04366889847670758,-0.012454696711109065,0.005971289351047061,0.11158199999999985,0.06867200000389162,-0.24333999999890182,-0.005632999999999999,-0.0013480000000205185,0.0012829999999784457
174,1.3999517019983614,0.21031704714137267,-0.27684408011768136,-0.9161415300364468,0.024158224587518477,0.0027728590756426934,0.0015749941030405341,0.15158199999999977,0.0886720000056508,-0.353339999998582,-0.006632999999999998,-0.004348000000036511,0.0022829999999304687
175,1.407862402003957,-0.1309497725640271,-0.9497295724606445,-1.0661594911330852,0.04427276183494043,0.002949399135088791,0.004419700926436848,0.10158199999999974,0.05867200000661036,-0.41333999999906174,-0.001632999999999999,-0.0003480000000205184,0.0012829999999944357
176,1.4157012380019296,-0.9231407427542911,-0.14309281160473006,-1.5286876028873666,-0.0009374307163637683,-0.003111899282703088,-0.012020172083847392,0.09158199999999982,0.04867200000469127,-0.2933409999992217,-0.0036329999999999978,-0.0033480000000525034,0.003282999999946459
177,1.4238436910018208,-0.24714374194181302,-0.4309346238181648,-0.7851429152995131,0.03405556566192787,-0.015557251615794944,0.0058215466252220524,0.11158199999999978,0.0686720000056508,-0.3533399999989018,-0.0036329999999999986,-0.003348000000036511,0.002282999999946459
178,1.431686976000492,-0.21172705352314672,-0.20272968486967272,-1.257997698322966,0.016704334400351226,-0.017476241836029367,0.0030998873956417945,0.12158199999999977,0.07867200000549089,-0.3433399999987419,-0.005632999999999998,-0.0053480000000525035,0.0032829999999144754
179,1.4398877979983808,0.27165009542282686,-0.3697746376025783,-1.3266128813088105,0.02687881716138332,0.0006745859944547373,0.007928807861246966,0.041581999999999814,0.038672000004691266,-0.29334099999938157,-0.0006330000000000004,0.0016520000000114668,-0.0007169999999735799
180,1.4476381990025402,-0.2078775330787438,-0.1107403630169412,-1.1921198814225011,0.012981572062005103,-0.00743849758409901,-0.001970383180620641,0.04158199999999983,0.0486720000043714,-0.27333999999922165,0.0003669999999999995,0.004652000000011466,-0.0007169999999256029
181,1.4555739959978382,-0.20491676754735305,-0.7481052885745793,-1.0809815208994835,0.04333089809487949,-0.011138514126004858,0.0011663128194020341,0.07158199999999984,0.0586720000043714,-0.2733399999990618,-0.002633,0.002651999999995474,0.0002830000000424139
182,1.4635614700018778,-0.2261016003757488,0.15444377788600594,-1.8125683987534424,-0.011199350136800663,0.009135279061576794,-0.0034507709628399308,0.13158199999999984,0.04867200000453133,-0.28333999999922166,-0.004633,-0.001348000000004526,0.00028299999997844497
183,1.47151647300052,-0.5669705070792043,-0.007887937195673662,-1.580888191067323,-0.004319376805725573,-0.004475005433006377,0.0049803512332477935,0.1515819999999999,0.03867200000229235,-0.14333899999938163,-0.009632999999999996,-0.007348000000068497,0.004282999999882494
184,1.4795433100007358,-0.11459301901407468,-0.06590825707215271,-1.5837042183442318,-0.00681467524091984,0.014834066713496427,-0.0044846215543769725,0.12158199999999994,0.048672000001332816,-0.08333999999922169,-0.009632999999999996,-0.007348000000084489,0.005282999999882494
185,1.4875663799975882,-0.09530289071475968,-0.15385722411305688,-1.4501359247255405,0.012094802295997001,0.0057543812337053826,-0.006503016951301102,0.07158199999999994,0.05867200000165267,-0.10333999999906174,-0.004632999999999998,-0.001348000000036511,0.0022829999999784446
186,1.495548384002177,0.36645228101682986,0.13661574057421585,-1.6042772501739304,-0.006025070971083596,0.02163422215772714,0.003501485891771793,0.1215819999999999,0.04867200000261222,-0.1633399999992217,-0.006632999999999998,-0.0033480000000525034,0.003282999999946461
187,1.5035353970015422,-0.017378311814789382,-0.25667242058983497,-1.1410411976910755,0.02237807929549324,0.0012222529353595887,0.004906906099144454,0.11158199999999979,0.05867200000533095,-0.3333399999990618,-0.005632999999999998,-0.0023480000000525034,0.003282999999962453
188,1.5119379160023527,0.04479020177922737,-0.2628304052063238,-1.2067395756747652,0.022732429534018946,0.0008251037110169978,0.0044071142666924565,0.11158199999999986,0.028672000003571757,-0.22333899999954154,-0.004632999999999998,-0.0053480000000525035,0.0032829999999144746
189,1.5196023360040272,-0.3868584791430883,-0.4844986341979192,-1.3828022946576541,0.032014593700302796,-0.009034450636383992,0.005453071501705118,0.11158199999999983,0.0486720000043714,-0.2733399999992217,-0.005632999999999998,-0.0053480000000525035,0.0032829999999144754
190,1.5280020100035472,-0.0424643226748598,-0.10850426920847732,-1.0006990286993005,0.015226327051799618,0.005688913360570632,-0.0038992795335647335,0.08158199999999978,0.00867200000581073,-0.3633399999998614,0.00036700000000000014,0.0006519999999954741,0.0002830000000104269
191,1.5359233999988646,0.07063586865038665,-0.3145798725712404,-1.191442842135646,0.013387525192898063,0.01992764872289492,-0.006864065133004872,0.07158199999999984,0.018672000004371404,-0.27333999999970143,-0.0006329999999999998,0.0016519999999954741,0.00028300000002642005
192,1.543630510001094,-0.1271607319223063,-0.42796718978195913,-0.889043563864282,0.03139263342674667,-0.008147092546064851,0.0021035648058019677,0.061581999999999845,0.008672000003891624,-0.24333999999986136,0.00036699999999999954,0.0016520000000114668,-0.0007169999999735806
193,1.5516804100043373,-0.18587058661814831,-0.16251895154555895,-1.4092325654247995,-0.0006237214723785326,0.00479848178483538,-0.0007310441950553349,0.12158199999999983,0.0586720000043714,-0.2733399999990618,-0.007632999999999998,-0.0033480000000525034,0.0032829999999464616
194,1.5596027830033563,-0.2099815055815176,-0.6263850766397031,-0.8803247959765311,0.03854328639410877,-0.02278557404111437,0.002573027501567944,0.12158199999999979,0.018672000005171014,-0.32333899999970145,-0.005632999999999998,-0.004348000000036511,0.002282999999930468
195,1.5676628119981615,-0.1082921842061162,-0.45939069285159806,-1.7129955245554789,0.006240247557536022,0.025374456702185286,-0.01420379232399965,0.09158199999999991,0.00867200000213243,-0.13333899999986137,-0.003632999999999999,-0.004348000000020519,0.0012829999999304667
196,1.575711589997809,-0.19192670914560464,-0.6450443610526518,-0.9624398343776499,0.04424089157472019,-0.0036002053692514263,0.00521723181640463,0.06158199999999994,0.008672000001492743,-0.09333999999986135,0.00036700000000000014,-0.0003480000000045259,0.00028299999999443435
197,1.5836472369992407,-0.1954222804665225,0.059218812231651034,-1.583019201412423,-0.00642844612645178,0.016702484650479483,-0.007078217592472212,0.11158199999999972,0.048672000007090134,-0.4433399999992217,-0.0016330000000000003,-0.00034799999998853337,-0.0007170000000055643
198,1.5915726550010731,-0.3275727290119201,-0.1913349816023526,-0.6468794903448027,0.027451225065686,-0.012614828035125649,0.00866002095072533,0.11158199999999975,0.03867200000629049,-0.3933389999993816,-0.0016330000000000003,-0.00034799999998853337,-0.0007170000000055643
199,1.599597498003277,-0.0008867461223006906,-0.34596558947383266,-0.8992500691831482,0.03244221192002417,-0.006624855971111417,-0.004198297783256008,0.08158199999999981,0.03867200000501109,-0.3133389999993816,-0.0016329999999999997,-0.001348000000004526,0.0002829999999784431
200,1.6075418410036946,-0.05306239415523493,0.01651095220637095,-1.8543061113957358,-0.012647363161288718,0.023331309731803637,-0.016489116030760628,0.1315819999999997,0.09867200000788975,-0.49333999999842204,-0.004632999999999998,-0.001348000000036511,0.0022829999999784446
201,1.6156793749978533,-0.43671505520974063,-0.5570909202186601,-0.8493339095217559,0.0317827533049489,-0.009012690527714695,0.004224280919967563,0.07158199999999967,0.058672000008529464,-0.5333399999990618,0.0033669999999999998,0.004652000000011466,-0.0007169999999256048
202,1.6243245279983967,-0.09758632386331385,-0.2377879919330456,-1.1444005476937582,0.027643359664856496,0.0013976766842205147,0.0017053416041000371,0.041581999999999834,0.008672000004211474,-0.26333999999986135,0.0033669999999999993,0.004652000000027459,-0.0017169999999256049
203,1.6316536720041768,-0.34343093434931593,-0.2526761902333697,-1.2987883086589034,0.01409126871161529,0.0019353290259362008,0.004818628910162319,0.0515819999999999,0.04867200000261222,-0.16333999999922166,-0.0006329999999999998,0.002651999999995474,0.00028300000004241263
204,1.639552469998307,0.17160288601551657,-0.4337813519298529,-1.04775921308203,0.03251742945195339,-0.004606670245245017,0.004889807641120486,0.08158199999999989,0.02867200000293207,-0.1833399999995415,-0.003632999999999999,-0.0003480000000205185,0.001282999999994437
205,1.6476731119983015,-0.6322666007109496,-0.48405215872703844,-0.9249932279562733,0.028229211894731775,-0.017580536817057506,0.007839018413419649,0.051581999999999954,0.008672000001172877,-0.07333899999986135,-0.0036329999999999986,-0.003348000000036511,0.002282999999946459
206,1.6555902949985466,0.028595914788181142,-0.3263622386360109,-0.8844731207384304,0.027714998702692957,0.00046552584620900895,0.004002210145971368,0.14158199999999996,0.06867200000165266,-0.10333999999890185,-0.008632999999999998,-0.0063480000000525035,0.0032829999998984847
207,1.6636479799999506,-0.18650336229032707,-0.18524263693946386,-1.675037019284935,-0.0055296572958795365,0.01507525652475805,-0.012499741818244661,0.1315819999999999,0.04867200000293207,-0.1833399999992217,-0.009632999999999996,-0.007348000000068497,0.004282999999882494
208,1.6716175800029305,-0.40664276920249776,-0.008098379012390444,-0.7378047503262292,0.01942806768147459,-0.010576468739002842,0.005483734980938262,0.13158199999999984,0.028672000004531326,-0.2833399999995415,-0.005632999999999998,-0.003348000000036511,0.0022829999999464602
209,1.6797088570019696,-0.3732279631700005,-0.3317790572636474,-1.037865701772728,0.040156877914431705,-0.018956773816325666,0.008513333520177503,0.12158199999999986,0.04867200000357176,-0.2233389999992217,-0.009632999999999996,-0.005348000000068497,0.0042829999999144785
210,1.6876521890008007,-1.0011707631370201,-0.698117103261388,-0.953680197041589,0.0374207963432785,-0.03127767206842873,0.000930316479576947,0.10158199999999973,0.038672000006930204,-0.4333399999993816,-0.0016329999999999997,-0.0003480000000045259,0.0002829999999944356
211,1.6956482989990036,-0.09162807735350381,-0.48280483457943646,-0.8501726972523638,0.029390598307826712,-0.007092303668059262,0.0027177423594791457,0.08158199999999989,0.008672000002772146,-0.17333999999986135,-0.003632999999999999,-0.002348000000020518,0.001282999999962452
212,1.703674755000975,-0.07359129242576617,-0.4240837885147522,-0.6404077696681151,0.02628306525000691,-0.004249338746852982,0.009454133906087087,0.09158199999999996,0.01867200000101295,-0.06333899999970145,-0.006632999999999998,-0.003348000000036511,0.002282999999946461
213,1.7116850210004486,-0.6504353702788891,-0.21272601254566342,-1.0670716092455395,0.0013284468376893483,0.0036025473761298224,-0.011354333311057074,0.09158199999999989,0.028672000002772147,-0.17333999999954153,-0.006632999999999998,-0.004348000000036511,0.0022829999999304687
214,1.719722287998593,-0.33253896613909195,-0.5139220002503992,-0.9180348937157042,0.0422216987397661,-0.016652697743987907,0.006150140098647832,0.061581999999999935,0.028672000001652667,-0.10333999999954151,-0.004632999999999998,-0.003348000000036511,0.00228299999994646
215,1.7278545320004923,-0.4316306223334505,-0.5698336004501854,-0.5748169799036115,0.041592384415795325,-0.023879000098288035,0.006482929242753855,0.09158199999999996,0.01867200000117288,-0.07333899999970145,-0.004632999999999998,-0.0053480000000525035,0.0032829999999144746
216,1.735700862001977,0.3983986810258169,-0.45552847268899244,-1.117149978558379,0.027202272429916158,0.010137546251533168,0.011160926945319425,0.11158199999999993,0.008672000001812596,-0.11333999999986138,-0.004632999999999998,-0.0053480000000525035,0.0032829999999144746
217,1.7436967520043254,-0.6075868738496466,-0.16159390356419634,-0.9790380136524834,0.017007408903423112,-0.018411052469167192,-0.00020632708869058408,0.13158199999999984,0.008672000004531328,-0.28333999999986137,-0.0026329999999999986,-0.003348000000036511,0.0022829999999464585
218,1.7517151729989564,-0.18388579829900764,-0.3350399358219871,-1.322176783282031,0.027946392137096796,-0.013771878107738972,0.007789247957420326,0.09158199999999982,0.04867200000453133,-0.28333999999922166,0.00036700000000000014,0.0006519999999954741,0.0002830000000104269
219,1.7598752300036722,0.023132530873572345,-0.4198709290446373,-1.2344940461508016,0.03299066648092114,-0.006180833668925159,0.003690522495805097,0.06158199999999974,0.028672000006450416,-0.4033389999995415,0.0053669999999999985,0.006652000000043451,-0.002716999999893621
220,1.7679044510005042,-0.5683268216818982,-0.5594101870461371,-1.0081541784552461,0.03816810887864434,-0.01896381383836499,-0.0018923124338924792,0.08158199999999984,0.018672000004371404,-0.2733399999997015,0.00036699999999999954,0.0016520000000114668,-0.0007169999999735806
221,1.7756933140044566,0.19541984663465425,-0.3773678073393066,-1.1662496279933634,0.03118262402421467,-0.004872352340781969,-0.004795918485987294,0.13158199999999987,0.05867200000325194,-0.20334099999906177,-0.004632999999999999,-0.002348000000020518,0.0012829999999624524
222,1.7837504780036397,-0.4500799483809008,-0.07509473909396307,-1.249901713375086,0.008541409397408679,-0.005654194482687496,-0.004870094458726696,0.1315819999999998,0.07867200000469127,-0.2933409999987419,-0.003632999999999999,-0.002348000000020518,0.001282999999962452
223,1.7918589370019617,-0.4906081638031136,-0.5661428005295828,-0.7099663267138446,0.03617540081422978,-0.02032806224670034,0.00558077013152249,0.08158199999999986,0.03867200000357176,-0.2233389999993816,-0.0006329999999999998,0.0006519999999954741,0.0002830000000104275
224,1.799952850000409,-0.52641235362836,-0.29111776340761303,-0.974743288143341,0.024467895768039087,-0.012397506540190421,-0.0024595337188792516,0.10158199999999977,0.038672000005970666,-0.3733409999993816,-0.004632999999999998,-0.003348000000036511,0.00228299999994646
225,1.8078601540037198,-0.42552871712097995,-0.7296336149307215,-1.3572696830943396,0.027025165793608148,-0.002322440948420062,-0.00012750990005778556,0.1415819999999998,0.008672000005810731,-0.3633399999998614,-0.003632999999999999,-0.002348000000020518,0.001282999999962452
226,1.81588913500309,-0.47920147425626364,-0.7676400024554397,-0.8764772016039202,0.04724031803053809,-0.01874023682557145,0.004920065874176532,0.12158199999999983,-0.0013279999956285979,-0.27334000000002134,-0.004632999999999998,-0.003348000000036511,0.00228299999994646
227,1.823581276999903,0.015197754040884316,-0.19663750778634295,-1.3687154873689622,0.023231107249365876,0.0010663894062874328,0.012388925097481936,0.13158199999999987,0.018672000003411866,-0.21334099999970146,-0.006632999999999998,-0.0063480000000525035,0.0032829999998984834
228,1.8315354389997083,-0.5706444074881332,-0.4139205220620137,-0.9895950369987431,0.03462811587186935,-0.0385427309217724,0.001816220758864902,0.1015819999999998,0.04867200000533095,-0.3333399999992217,-0.005632999999999998,-0.002348000000036511,0.002282999999962453
229,1.839550283002609,-0.43920364707607074,-0.3359464771293001,-0.8040665869273368,0.037365388059430925,-0.019677127235126844,0.0011642168811731484,0.11158199999999978,0.03867200000549088,-0.3433399999993816,-0.004632999999999998,-0.004348000000036511,0.0022829999999304674
230,1.8475502910005162,-0.47430865352178025,-0.7913435582618125,-0.7660847801451133,0.04325727913754883,-0.006892717288652701,0.005055089156074067,0.1315819999999998,0.03867200000501109,-0.3133389999993816,-0.0036329999999999978,-0.0053480000000525035,0.003282999999914474
231,1.855542694000178,-0.639361876429268,-0.6927160075045551,-1.131253022826709,0.040158772373190814,-0.025832566508545863,0.006089011100432407,0.13158199999999978,0.018672000005650804,-0.35333999999970145,-0.004632999999999999,-0.003348000000020518,0.00128299999994646
232,1.8638945780039649,-0.17431705899465672,-0.4537962590340198,-0.7768798579775502,0.03169679510719969,-0.016680877564074523,0.003475104948832992,0.05158199999999991,-0.0013279999977076449,-0.14333900000002125,-0.001632999999999999,-0.0003480000000205184,0.0012829999999944357
233,1.8718489000020782,-0.23157972452573258,-0.2713141940056806,-1.7444132818364675,0.0006961385507238827,0.02238287738936651,-0.007511680916898454,0.041582000000000015,0.018671999999573623,0.026661000000298588,-0.002632999999999999,-0.0003480000000205184,0.0012829999999944364
234,1.8797472170044784,-0.17827126131928098,-0.5173118739492291,-1.0113500084415967,0.044868172717765255,-0.01294002800072484,0.0032789432313087142,0.11158199999999997,0.05867200000085303,-0.053338999999061755,-0.007632999999999998,-0.0053480000000525035,0.0032829999999144767
235,1.887859054004366,0.22371412833571838,-0.3256447773574598,-0.8452621925054636,0.029278864888267774,-0.0034265919770314905,0.005805021295390224,0.06158199999999991,0.018672000002292355,-0.14333899999970143,-0.0026329999999999986,-0.000348000000036511,0.002282999999994436
236,1.895712466997793,-0.2046272378544253,-0.20508480343035107,-1.493688804942823,0.0001109996532507874,0.02139849340450814,-0.008202563885227127,0.07158199999999988,0.02867200000325194,-0.2033409999995415,-0.004632999999999998,-0.004348000000036511,0.0022829999999304674
237,1.9036699950011098,-0.26858262011505096,-0.508082853063138,-1.1987218711055707,0.03829210243299476,-0.003261952249568095,-0.002471924175887684,0.04158199999999981,0.03867200000501109,-0.31333899999938153,0.0013669999999999989,0.0036520000000274592,-0.0017169999999415962
238,1.9116987560046255,0.11909756872730898,-0.7571511238315264,-1.1448528011037826,0.041114569400657996,0.003955463699756417,-0.0024587353676845535,0.07158199999999985,0.018672000004051552,-0.2533399999997014,-0.0006330000000000004,0.0006520000000114666,-0.0007169999999895724
239,1.919680208004138,-0.20868687987905915,-0.16524804704767534,-1.4095518249133694,0.022467677696061325,-0.021050286645145144,0.0009877473539092844,0.05158199999999975,0.03867200000629049,-0.39333899999938154,0.0013669999999999989,0.0016520000000274592,-0.0017169999999735812
240,1.9278854779986432,-0.015265819374782632,-0.5657467902059059,-1.2689186390547542,0.03267300987191796,-0.012869759198110535,0.01059116986040519,0.051581999999999815,0.07867200000469127,-0.29334099999874186,-0.004632999999999999,-0.0013480000000205185,0.001282999999978445
241,1.935855570001877,0.03766677760391985,-0.2911421132623683,-0.8350761589039877,0.028502622955268172,-0.007890358527672722,-0.0061573599477396605,0.07158199999999987,0.05867200000357176,-0.22333899999906173,-0.004632999999999999,-0.002348000000020518,0.0012829999999624524
242,1.943616340002336,0.34216366759590916,-0.08686195993469023,-0.9326481391354188,0.011988750673576992,0.0015128887644156271,-0.002139769201394307,0.12158199999999976,0.05867200000597067,-0.37334099999906173,-0.007632999999999999,-0.003348000000020518,0.001282999999946462
243,1.951866784998856,-0.5246651847096226,-0.47817095214826133,-1.1510437160749576,0.02745552090600873,-0.016363734095683837,0.0021160972464885517,0.08158199999999984,0.0486720000043714,-0.2733399999992217,-0.002633,0.0006519999999954741,0.00028300000001042877
244,1.9599199919975945,-0.5329100622725264,-0.3923074412188853,-0.9230191148935607,0.0373812243191343,-0.021516693821597814,0.007460811729478918,0.021581999999999917,0.038672000002132424,-0.13333899999938156,-0.0006329999999999998,0.003651999999995474,0.00028300000005840515
245,1.967684258997906,-0.16594279370558285,-0.056073178055700286,-1.542611178793654,0.0008793257663753617,0.005576637946107451,0.0028456384445168397,0.021581999999999994,0.01867200000021334,-0.0133399999997014,-0.0006330000000000004,0.0006520000000114666,-0.0007169999999895724
246,1.975884118997783,-0.3126638068863773,-0.6687379869556858,-0.7163226082790244,0.03676675175112392,-0.018110655455790572,-0.0008703805497292898,0.09158199999999986,0.01867200000357176,-0.22333899999970144,-0.001632999999999999,-0.0013480000000205185,0.001282999999978443
247,1.9836870580038521,-0.31152445295111847,-0.4788227339724555,-1.021753193362368,0.030256022470855532,-0.011825373838186604,0.00312324797745851,0.14158199999999985,0.04867200000389162,-0.2433399999992217,-0.006632999999999998,-0.0053480000000525035,0.003282999999914476
248,1.9918812579999212,-0.15038472225341631,-0.10007870336887902,-1.1135228444890723,0.020574460390956346,0.0033288636453680854,-0.007559831262521914,0.16158199999999967,0.10867200000852946,-0.5333399999982622,-0.005632999999999999,-0.0013480000000205185,0.0012829999999784457
249,1.9998973550027586,0.12022618674413967,-0.3551509593718043,-0.9063250552361082,0.024555614438390595,0.00047491730631594965,0.0025434369942121163,0.09158199999999982,0.05867200000453133,-0.28333999999906173,-0.0006330000000000004,0.0016520000000114668,-0.0007169999999735799
250,2.007622037999681,0.3174919630577734,-0.34963752547801435,-1.0789774648719972,0.02377218363168062,0.010730105498755613,-0.008541638868552442,0.08158199999999978,0.04867200000581073,-0.3633399999992217,0.0013669999999999995,0.0026520000000114664,-0.0007169999999575886
251,2.015862565000134,-0.24091093739483435,-0.2296226770285487,-1.8989606696112475,-0.010040191136548894,0.01908661855416274,-0.012373823769620547,0.06158199999999977,0.04867200000581073,-0.3633399999992216,0.0013669999999999989,0.0036520000000274592,-0.0017169999999415962
252,2.0236571179993916,-0.24441503616056273,-0.33149577410779063,-1.2866931772698258,0.02703420622798202,-0.008285031075036657,-0.0024706259686080555,0.07158199999999974,0.038672000006610356,-0.4133399999993816,0.0023669999999999984,0.004652000000043451,-0.002716999999925604
253,2.031695857003797,-0.32348258071088454,-0.48113564942974874,-1.0953691853202696,0.029213441934459298,-0.022305982260169097,0.004742452444328972,0.11158199999999985,0.06867200000405155,-0.25333999999890183,-0.005632999999999999,-0.0013480000000205185,0.0012829999999784457
254,2.0399138420034433,-0.3915898385983709,-0.7105325993377699,-0.9759280681957245,0.04385017460852714,-0.015997931551854503,-0.0009247763242876335,0.08158199999999995,0.048672000001332816,-0.08333999999922166,-0.007632999999999998,-0.003348000000036511,0.0022829999999464615
255,2.047634768001444,-0.20170364023651785,-0.4835586528092436,-1.1074177795637377,0.034084983412505224,-0.015210487206964558,-0.002812001802226059,0.12158199999999988,0.06867200000277214,-0.17333999999890184,-0.008632999999999998,-0.004348000000036511,0.0022829999999304696
256,2.0559384820007836,-0.251923563500372,0.0021046191969844473,-1.5415286071417922,-0.010730388094200873,0.011520631310774396,-0.0057603817617582435,0.0915819999999999,0.06867200000229236,-0.14333899999890182,-0.008632999999999998,-0.0043480000000525034,0.0032829999999304696
257,2.063667392998468,-0.07961485599781165,0.03217157155134282,-1.6682902415542755,-0.00657463038194354,0.030678231619535472,-0.006235569471941175,0.11158199999999978,0.07867200000549089,-0.3433399999987419,-0.006632999999999998,-0.002348000000036511,0.0022829999999624535
258,2.0716954230010742,-0.15256172338068472,-0.5992239927834466,-1.0096089249020872,0.03326967730486729,-0.010835551597973865,0.0037059845838299096,0.08158199999999972,0.028672000006930206,-0.43333999999954154,-0.0006330000000000011,0.004652000000027459,-0.0017169999999256023
259,2.079940688003262,-0.13617128298247874,-0.1186763687085938,-0.914870768864545,0.02998946802471827,-0.005621582320747649,0.002090528934706173,0.07158199999999977,0.02867200000597067,-0.3733409999995415,-0.0006330000000000011,0.004652000000027459,-0.0017169999999256023
260,2.087655823001114,-0.33020399940906386,-0.41237800737061125,-1.0651012814789687,0.034031600834407365,-0.017146461407760015,0.00533043216867621,0.1015819999999998,0.05867200000517101,-0.32333899999906174,-0.006633,-0.001348000000004526,0.0002829999999784462
261,2.095625633999589,-0.05944717910730998,-0.6448228209289588,-1.099169202826432,0.04105539062548897,-0.010568980122798033,0.0020679336102779797,0.051581999999999836,0.038672000004211476,-0.26333999999938157,-0.0026330000000000004,0.0026520000000114664,-0.0007169999999575861
262,2.1038914680029848,-0.1528931714907086,-0.7523634303202926,-0.9907116668649301,0.04070693182141998,-0.00623145445300183,0.0047501607324546705,0.07158199999999988,0.058672000003092,-0.19333999999906173,-0.0026330000000000004,0.0006520000000114666,-0.0007169999999895711
263,2.1116915610036813,-0.2330844354400759,-0.6232946018691107,-0.8831883970239327,0.0356989692677814,-0.013195728744487902,-0.0001379039594591741,0.08158199999999995,0.04867200000149274,-0.09333999999922167,-0.005632999999999998,-0.003348000000036511,0.0022829999999464602
264,2.119722877003369,-0.2533950859164435,-0.6049932766240871,-1.146020751592626,0.04215933828633894,-0.017629502036095288,-0.0016005244507336794,0.07158199999999984,0.028672000004371402,-0.27333999999954156,-0.002632999999999999,-0.0013480000000205185,0.0012829999999784437
265,2.1276014570030384,-0.282446216403256,-0.4924243737553588,-1.0204051619331678,0.03770272656836689,-0.012590084477204803,9.478840569715065e-05,0.05158199999999977,0.008672000005970671,-0.3733409999998613,0.0023669999999999997,0.0026520000000114664,-0.0007169999999575892
266,2.135705398002756,0.29660599748567695,0.09315834065056255,-1.6918580633166977,-0.013676407610777791,0.03482035619188547,-0.015785950885173823,0.11158199999999975,0.05867200000629049,-0.39333899999906174,0.00036700000000000014,-0.0003480000000045259,0.00028299999999443435
267,2.1436839750022045,-0.23861706232509658,-0.033658078279615894,-1.4398927567145192,0.001176155818573746,0.016349375859612655,-0.01654139332679225,0.14158199999999985,0.0686720000043714,-0.27333999999890185,-0.003632999999999999,-0.004348000000020519,0.0012829999999304667
268,2.151706565004133,-0.279632648200028,-0.4947052851860707,-0.8437822963055435,0.027298984372752737,-0.012178276689281732,0.00045048958677667086,0.10158199999999983,0.05867200000453133,-0.28333999999906173,-0.001632999999999999,-0.0013480000000205185,0.001282999999978443
269,2.1602605170046445,-0.6446466510758425,-0.47667866352323746,-0.9361111728784072,0.04234344746231653,-0.027142919980368288,0.0038464705328073606,0.06158199999999978,0.03867200000549088,-0.34333999999938153,0.0023669999999999997,0.0016520000000114668,-0.0007169999999735818
270,2.1677384990034625,0.5832759051467247,-0.31214384032824166,-1.1967781938814566,0.011123955657081104,0.02138800726310067,-0.011211084913222105,0.13158199999999978,0.07867200000581073,-0.3633399999987419,-0.003632999999999999,-0.003348000000020518,0.0012829999999464593
271,2.1756237119989237,-0.43756125308916827,-0.428675531227129,-0.7939332359549778,0.027678142679617594,-0.015188666189601022,-0.0012680358552238926,0.1915819999999998,0.08867200000469126,-0.29334099999858204,-0.009632999999999996,-0.008348000000068495,0.0042829999998665
272,2.183785451001313,0.39616011060305456,-0.21366346861175195,-1.664849093764445,-0.003462643784845358,0.033965908923550496,-0.013231828991977859,0.1615819999999999,0.04867200000293207,-0.1833399999992217,-0.007632999999999998,-0.008348000000052503,0.003282999999866499
273,2.1916458970008534,0.48004822969938554,-0.6355130567275512,-1.0671870754490718,0.03470342043859911,0.0036335140011798943,0.005922499520711615,0.13158199999999998,0.03867200000053319,-0.03333999999938162,-0.007632999999999998,-0.008348000000052503,0.003282999999866499
274,2.1997582050025812,-0.48415845944077857,-0.5895362590948088,-1.5290004868913616,0.01497979013662347,0.0076782949314171366,-0.00996410619016401,0.09158199999999979,0.05867200000533095,-0.3333399999990618,-0.002633,-0.001348000000004526,0.0002829999999784437
275,2.2076865380004165,0.05950583007976783,-0.5967387652522869,-0.3869236577474909,0.039576964129749745,-0.011625813001327851,0.012957499399338821,0.05158199999999971,0.06867200000741,-0.46334099999890177,-0.0016329999999999997,0.0016519999999954741,0.0002830000000264207
276,2.2157164509990253,-0.07967087062745087,-0.5888928261023094,-0.8316975396786144,0.04116815806152383,-0.010186358314021867,0.010017515433611885,0.11158199999999963,0.06867200000964893,-0.6033399999989019,-0.0026329999999999978,-0.0023480000000525034,0.003282999999962451
277,2.2236806209984934,-0.089971029108854,-0.5956868347462089,-0.8971448602135808,0.0388857241666907,-0.007278652804925516,0.009484068637478136,0.0915819999999998,0.05867200000501109,-0.31333899999906173,-0.002632999999999999,-0.002348000000020518,0.0012829999999624513
278,2.23175183100102,0.06271685706528059,-0.32133761544093925,-1.0286129468829217,0.011788339096020797,0.006352425639583634,-0.0024867828479718415,0.041581999999999814,0.05867200000469127,-0.2933409999990617,-0.0016329999999999997,0.0016519999999954741,0.0002830000000264207
279,2.2396788719997858,0.03974026564475207,-0.13644166643182462,-1.677859372325908,-0.00936617008510797,0.026400446754818938,-0.013636180808807671,0.10158199999999991,0.04867200000245228,-0.15333899999922168,-0.0036329999999999986,-0.003348000000036511,0.002282999999946459
280,2.247705178000615,-0.3971979279776233,-0.012608073459423339,-1.9406618160405265,-0.01043576296705525,0.016245305612451414,-0.017922555819882918,0.06158199999999981,0.028672000004691268,-0.2933409999995415,0.00036699999999999954,-0.00034799999998853337,-0.0007170000000055656
281,2.255721296001866,-0.5311988984744113,-0.4642073361983255,-1.3313786993000913,0.021770757645185216,-0.0019571799825815438,-0.007334019381013397,0.13158199999999975,0.04867200000661036,-0.41333999999922166,-0.005632999999999999,-0.002348000000020518,0.001282999999962453
282,2.263705914003367,0.015979157767621228,-0.04475861014823166,-1.7826349932322363,-0.010553147874945705,0.03426775914864051,-0.009065994858062518,0.10158199999999973,0.03867200000709013,-0.4433399999993816,-0.0016330000000000003,0.0006520000000114666,-0.0007169999999895718
283,2.271668822002539,-0.391780012572838,0.2875926491843159,-1.1536319225588483,-0.0035987398733988104,0.0036180306102050657,-0.005489825371735088,0.041581999999999605,0.018672000009968808,-0.6233409999997015,0.006366999999999997,0.010652000000091429,-0.005716999999829652
284,2.279745963001915,-0.09287857282384174,-0.32938813285937557,-1.3797032292736682,0.003133049942040781,0.021615922146480362,-0.006268906776422364,0.10158199999999971,0.058672000007410005,-0.46334099999906175,-0.003632999999999999,-0.0013480000000205185,0.0012829999999784444
285,2.287873669003602,-0.14273244348669764,-0.09333343474850508,-1.8441992029628136,-0.005464251791659324,0.013124901120853807,-0.0016262567882954458,0.12158199999999972,0.038672000006930204,-0.4333399999993816,-0.0016329999999999997,-0.0003480000000045259,0.0002829999999944356
286,2.295889826003986,-0.12290237954874256,-0.4267197743820962,-0.8061416997349162,0.041033886323203914,-0.010379747416681382,0.0021667552265761617,0.13158199999999973,0.038672000006930204,-0.4333399999993816,-0.0016329999999999997,-0.0023480000000045257,0.00028299999996245055
287,2.303858154002228,0.12493689936340441,-0.6981173318300746,-0.5733570140318373,0.03971736936846001,-0.0005093501621403648,0.003187945286013465,0.06158199999999981,0.04867200000469127,-0.29334099999922164,0.0013669999999999989,0.0036520000000274592,-0.0017169999999415962
288,2.311629064002773,-0.35097689281870315,0.5029278044637162,-1.7003653757477442,-0.022404151894340685,0.018320886335295196,-0.00633281968459698,0.09158199999999984,0.04867200000373168,-0.23333899999922167,-0.002632999999999999,-0.0013480000000205185,0.0012829999999784437
289,2.3198562050019973,-0.23365186961420803,-0.16651682107708338,-1.0814968962834846,0.027630159072691847,-0.0013439597763943614,0.007965707013081155,0.1115819999999999,0.058672000002612225,-0.16333999999906176,-0.006632999999999998,-0.0063480000000525035,0.0032829999998984834
290,2.3278965780045837,-0.27726580259780514,-0.05169993102941513,-2.0257951735183988,-0.01352174705414731,0.025085385905077993,-0.006438847822726463,0.1315819999999998,0.03867200000501109,-0.3133389999993816,-0.005632999999999998,-0.0063480000000525035,0.003282999999898483
291,2.335851961004664,-0.5906071006331801,-0.8095019126499697,-1.303584551002047,0.03572624887083141,-0.021863546570592498,0.0030625559816784805,0.1515819999999997,0.07867200000772982,-0.48333899999874197,-0.005632999999999998,-0.0043480000000525034,0.003282999999930468
292,2.343689785004244,-0.5390038806730226,-0.16103556054817927,-1.6897145474824191,0.0005726997942071497,0.013640533355094072,-0.009660257488527864,0.0915819999999999,0.09867200000261221,-0.16333999999842205,-0.005632999999999998,-0.003348000000036511,0.0022829999999464602
293,2.3518470359995263,-0.3063652382627493,-0.2549117823171017,-1.058744471417568,0.03110646507806509,-0.010317009585788324,0.004188868230431353,0.08158199999999985,0.04867200000389162,-0.24333999999922165,-0.0016329999999999997,-0.0003480000000045259,0.0002829999999944356
294,2.3598920479998924,-0.5295571487724086,-0.4832247003457718,-1.0568532231256325,0.030921532003033006,-0.002990519889085039,0.006071801005645894,0.08158199999999978,0.05867200000565081,-0.35333999999906174,-0.002632999999999999,-0.0003480000000205184,0.0012829999999944364
295,2.3678469410006073,-0.833923707154294,-0.5614716949112429,-0.8816535471809672,0.0265365673559361,-0.018658812473512046,-0.012029820896848963,0.12158199999999987,0.05867200000325194,-0.20334099999906174,-0.007632999999999998,-0.0043480000000525034,0.003282999999930469
296,2.3758868720033206,-0.45601252155105076,-0.29111375095931885,-0.9098972508890321,0.0276694190962995,-0.022447519680517242,0.004616850046698215,0.12158199999999988,0.07867200000277215,-0.17333999999874192,-0.008632999999999998,-0.003348000000036511,0.0022829999999464624
297,2.3837964609992923,0.29081246230652513,-0.21652542447437848,-1.3112778013476454,0.013063122005936035,0.007459355865719169,0.0021577519842591983,0.13158199999999978,0.07867200000581073,-0.3633399999987419,-0.005633,-0.00034800000000452595,0.00028299999999443815
298,2.391699626998161,0.5353072013993715,-0.13360053491135307,-1.7114770608781502,0.005655951729404411,0.032767573655496894,0.0024298338923821904,0.07158199999999981,0.018672000004851162,-0.30333899999970143,0.0013669999999999989,0.004652000000027459,-0.0017169999999256036
299,2.3997756660028244,-0.1692893206375607,-0.31472684656257083,-1.1784398246318932,0.020735019429775285,0.0004872930983251197,0.006281167680552644,0.041581999999999945,0.018672000001492745,-0.09333999999970143,-0.0006330000000000004,0.0006520000000114666,-0.0007169999999895724
300,2.4076258530039922,-0.39861573093098757,-0.7387323906287581,-0.9134739418073923,0.03944492125988223,-0.016344620893788454,0.004834633717251264,0.07158199999999987,0.028672000003411864,-0.2133409999995415,-0.002633,0.0006519999999954741,0.00028300000001042877
301,2.415671797003597,-0.2538638734082533,-0.29471783263849916,-0.8688481110592189,0.03421333893605549,-0.011671441723402828,0.008056165584291251,0.07158199999999984,0.0386720000043714,-0.27333999999938163,-0.003633,0.0006519999999954741,0.0002830000000104294
302,2.4239869930024724,-0.3438453818621602,-0.33867253435156536,-0.8232069701384064,0.019676966042933706,-0.0022020295174764383,-0.0017722550791060628,0.0315819999999998,0.028672000005171012,-0.32333899999954147,0.0013669999999999982,0.005652000000043451,-0.0027169999999096107
303,2.4318961899989517,-0.327648771973938,0.22314804746554945,-1.0819205903330897,0.018555340791618392,-0.01317032033442174,0.004326928312412425,0.03158199999999983,0.018672000004211476,-0.2633399999997014,0.00036699999999999884,0.005652000000027459,-0.0017169999999096105
304,2.4397113520026323,0.17387176523068323,-0.5784304923689995,-0.7950545152568823,0.040275914118820574,-0.005690897590449546,0.007099902085000355,0.06158199999999973,0.038672000006930204,-0.43333999999938155,-0.0006330000000000004,0.0026520000000114664,-0.0007169999999575874
305,2.4477012700008345,-0.29915231027835826,-0.3161749873501192,-1.4875161458836836,-0.00014903776022690658,0.01870771823253632,-0.00836038822317725,0.0615819999999997,0.048672000007569896,-0.47333899999922163,-0.0006330000000000004,0.0036520000000114664,-0.0007169999999415949
306,2.4559228810030618,-0.4147489992231363,0.13303144116241827,-1.85093147337651,-0.011816295532933707,0.015402657478860672,-0.009209364751206248,0.08158199999999974,0.05867200000677028,-0.42333999999906174,-0.0016330000000000003,0.0026520000000114664,-0.0007169999999575867
307,2.4636674010034767,-0.2990212177325647,-0.008708069639006985,-1.9026054581749963,-0.008883371430175348,0.008817257709795972,-0.008260601807138473,0.13158199999999975,0.07867200000613057,-0.3833389999987419,-0.006632999999999998,-0.0053480000000525035,0.003282999999914476
308,2.4716557770007057,-0.4381883136239133,-0.3039611397821804,-1.6129542688589948,0.003004503862228398,0.0053739330914439765,0.003419991134393328,0.09158199999999976,0.04867200000597067,-0.37334099999922166,-0.003632999999999999,-0.002348000000020518,0.001282999999962452
309,2.47969966600067,-0.033516323498155295,-0.29296514494675663,-1.926405419179965,0.0015157242395562927,0.02109517703539625,-0.0020685322869838014,0.11158199999999975,0.02867200000629049,-0.3933389999995415,-0.003632999999999999,-0.003348000000020518,0.0012829999999464593
310,2.4877188390019,-0.36284923846523953,-0.49606615622377626,-1.6899848706535283,0.011351244662407688,0.014539820171562334,0.0027826027568807208,0.10158199999999971,0.028672000007569892,-0.47333899999954154,-0.0006329999999999992,-0.0013480000000205185,0.0012829999999784424
311,2.495853247004561,-0.11262302197238296,-0.33976425909598124,-0.9915115025701827,0.024050310781100342,-0.01220174406255283,-0.0015624420720700934,0.07158199999999981,0.018672000005011086,-0.3133389999997014,-0.001632999999999999,-0.0013480000000205185,0.001282999999978443
312,2.5038934289987083,-0.07068657238074441,-0.05821566521826223,-0.6244108895455028,0.025421882217947108,-0.011086343009958772,0.009947688466896466,0.0815819999999999,0.028672000002612223,-0.16333999999954152,-0.0036329999999999986,-0.003348000000036511,0.002282999999946459
313,2.5116833740030415,-0.3029916618043415,-0.18642683319104436,-1.3560033967745617,-0.008489787395688777,0.017403100435928485,-0.007677513175051241,0.09158199999999979,0.018672000005171014,-0.32333899999970145,-0.003632999999999999,-0.002348000000020518,0.001282999999962452
314,2.519892422002158,-0.523051342820559,-0.356952613704441,-1.2946305567560294,0.02178356610757491,-0.013156945920068186,0.007628160683305059,0.10158199999999974,0.05867200000661036,-0.41333999999906174,-0.0036329999999999986,-0.002348000000036511,0.002282999999962452
315,2.5278646770020714,-0.2824572716908735,0.2573721608734554,-1.5109146188356,-0.015124949966853542,0.009606644945986524,-0.0012640245278315776,0.10158199999999971,0.06867200000725007,-0.4533409999989018,-0.004632999999999999,-0.0013480000000205185,0.001282999999978445
316,2.535706629001652,-0.253682403985831,-0.19164197335976843,-1.202192221739875,0.009819483386542092,0.004174740890686757,-0.006768288975430986,0.08158199999999968,0.058672000008209615,-0.5133399999990618,-0.0016330000000000003,0.0016520000000114668,-0.0007169999999735793
317,2.543680086004315,-0.5039846573040665,-0.5409354037179431,-1.1469637119471257,0.03270515540562329,-0.018719635837785138,-0.0017788886818347397,0.08158199999999984,0.0486720000043714,-0.2733399999992217,-0.002633,-0.0003480000000045259,0.00028299999999443625
318,2.551889554997615,-0.556716463072648,-0.23479070576203795,-1.2936019182579732,0.021561989587434383,-0.007813488303750804,0.010213743055586914,0.08158199999999974,0.038672000006610356,-0.4133399999993816,0.0013669999999999989,0.002652000000027459,-0.0017169999999575886
319,2.5596788690018,-0.44976263004403716,-0.5449720112016022,-1.0714117190201062,0.030457311215231205,-0.018335396335294244,-0.010338341482563802,0.09158199999999976,0.038672000005970666,-0.3733409999993816,-0.001632999999999999,-0.0003480000000205184,0.0012829999999944357
320,2.567987551999977,-0.5197964798450362,-0.28934176586983423,-0.8643167393391219,0.026803152319756572,-0.024357507357875282,0.00693408239668015,0.07158199999999983,0.04867200000469127,-0.2933409999992217,-0.0006330000000000004,0.0006520000000114666,-0.0007169999999895724
321,2.5756198329982,-0.35138823984454953,-0.4013916069017659,-1.7282368443476512,0.00483248710035441,0.009233629095415703,-0.01033440872393599,0.08158199999999981,0.05867200000501109,-0.31333899999906173,-0.0016329999999999997,0.0016519999999954741,0.0002830000000264207
322,2.5837761020011385,0.2821799628448904,-0.2766179272287677,-1.2810647216196538,0.030275238525824203,0.005545407029604016,-0.0015667439819784246,0.0815819999999998,0.05867200000517101,-0.32333899999906174,-0.0016329999999999997,0.002651999999995474,0.0002830000000424132
323,2.591690399000072,0.27610811754574854,0.108046826918985,-2.02933921037089,-0.00669499531968511,0.02855965560464508,-0.010487310549215633,0.04158199999999968,0.048672000008049686,-0.5033399999992216,0.0053669999999999985,0.007652000000043451,-0.002716999999877628
324,2.599770446002367,-0.8429070546702834,0.08246439851020988,-1.9153457173819903,-0.010730105238391081,0.007913851697920587,-0.006207947759385031,0.0615819999999998,0.03867200000517101,-0.32333899999938154,0.00036699999999999954,0.0026520000000114664,-0.0007169999999575879
325,2.6076597760038567,-0.4381131289175529,-0.26237027244820144,-1.8178374406190787,-0.007725693592580812,0.01876274445290263,0.003286736030486834,0.03158199999999967,0.048672000008209614,-0.5133399999992216,0.0023669999999999984,0.007652000000043451,-0.0027169999998776263
326,2.6157113799999934,-0.1962035276942523,-0.4806269081903016,-1.3139191469624563,0.027352064642257486,-0.011114811327825653,0.002704338138987594,0.031581999999999735,0.028672000006610358,-0.41333999999954146,0.0023669999999999997,0.004652000000011466,-0.0007169999999256042
327,2.623673214999144,0.18029415044552796,-0.5606941696119913,-0.8537381859117658,0.03699290770944924,0.003465279915517248,-0.004150879063286993,0.061581999999999824,0.028672000004371402,-0.2733399999995415,-0.002632999999999999,-0.0003480000000205184,0.0012829999999944364
328,2.6317072360034217,0.14536395364005772,-0.5267913193168281,-0.9933101548345571,0.03596678409860805,-0.005358026894829788,0.003209362323607834,0.07158199999999977,0.03867200000613056,-0.3833389999993816,0.0013669999999999995,0.0016520000000114668,-0.0007169999999735811
329,2.639647652002168,-0.4926880957957987,-0.15758797312343353,-1.815689223220939,-0.007573115527335884,0.013587944842018512,-0.008152889090304706,-0.008418000000000097,0.008672000002452279,-0.1533389999998613,0.0053669999999999985,0.005652000000043451,-0.0027169999999096133
330,2.647702421003487,0.24774054261438863,-0.04489461124504463,-1.9113228220095746,-0.01371280040822056,0.03481384294463038,-0.007865487165561617,0.06158199999999987,0.03867200000325194,-0.20334099999938157,-0.0006330000000000004,0.0006520000000114666,-0.0007169999999895724
331,2.655689444000018,-0.24236259762566761,-0.4905129002221316,-0.907989163753976,0.03303924278500982,-0.011847242792268757,0.010913229021365128,0.1015819999999998,0.008672000005171014,-0.3233389999998614,-0.0016330000000000003,-0.00034799999998853337,-0.0007170000000055643
332,2.663751828004024,-0.10193461875845689,-0.23444476253159346,-0.9273209933276867,0.027015378840205488,-0.0114193027914129,-0.008640376708981391,0.09158199999999977,0.04867200000581073,-0.3633399999992217,-0.001633000000000001,0.0016520000000274592,-0.0017169999999735793
333,2.671723102001124,-0.924463631410942,-0.25874239492108186,-1.2517589423095996,0.020461988790628924,-0.030208798288007963,0.008239907985745214,0.07158199999999977,0.008672000006130564,-0.3833389999998613,0.0023669999999999984,0.004652000000043451,-0.002716999999925604
334,2.679710205004085,-0.3977491714146393,-0.2747502963451148,-1.0282805090517713,0.030169451404572868,-0.024301095648888417,6.507166596544196e-05,0.1215819999999999,0.06867200000261221,-0.16333999999890186,-0.010632999999999998,-0.0053480000000525035,0.0032829999999144785
335,2.6882721619986114,-0.36622598818555274,-0.5629389046601393,-1.0537874164318246,0.03770023807277007,-0.020440893150720396,-0.0025199439861732613,0.12158199999999986,0.06867200000341186,-0.21334099999890185,-0.011632999999999996,-0.007348000000084489,0.0052829999998824945
336,2.6960108510029386,-0.7113398422400157,-0.1931199500496074,-2.061231548828322,-0.006595118361944383,0.010805492867266803,-0.006131635366877979,0.11158199999999986,0.05867200000357176,-0.22333899999906176,-0.008632999999999997,-0.003348000000068496,0.0042829999999464624
337,2.703685920998396,-0.18782467352881435,-0.36643721155842013,-1.1102802228496205,0.024558011748004014,-0.011182332131151213,-0.004079069158872513,0.1315819999999999,0.048672000003092,-0.19333999999922172,-0.009632999999999996,-0.007348000000068497,0.004282999999882494
338,2.7116229700041004,-0.06342212378147621,-0.2638711435177867,-0.8945347591058137,0.030604092587213805,-0.013629946067588114,0.001981784236094096,0.161582,0.07867200000021335,-0.013339999998741936,-0.010632999999999997,-0.008348000000068495,0.004282999999866501
339,2.7197014940029476,-0.5359350957183827,-0.5214233644329418,-1.2750867563879826,0.042283962535148156,-0.017231550694432083,0.002973329079598202,0.05158199999999976,0.05867200000613056,-0.3833389999990617,0.0023669999999999997,0.0036520000000114664,-0.0007169999999415967
340,2.7276488930001506,0.1823651922494613,-0.11386799369056161,-1.5091607852827598,0.018763082021609513,0.01767430813183663,0.003419867343605967,0.03158199999999998,0.02867200000053319,-0.033339999999541486,0.0013669999999999995,0.0026520000000114664,-0.0007169999999575886
341,2.7357179690006888,-0.2685172977246463,-0.5713680279667223,-1.0152378058991776,0.03949293729930699,-0.015473731332141576,0.00032381820020279853,0.05158199999999993,0.03867200000181259,-0.11333999999938156,0.00036699999999999954,0.0016520000000114668,-0.0007169999999735806
342,2.7439334689988755,-0.5233811714846635,-0.22271273665443783,-1.0438336981031735,0.014932416879224177,-0.011555824827435291,-0.0037207694316315296,0.1415819999999999,0.068672000003092,-0.19333999999890186,-0.008632999999999998,-0.008348000000052503,0.0032829999998664995
343,2.751716541002679,-0.40677981875026087,-0.7171499072747733,-0.9924533964983219,0.04131503758642654,-0.017530556427517854,0.0013543175364746864,0.07158199999999988,0.048672000003092,-0.19333999999922166,-0.003632999999999999,-0.0013480000000205185,0.0012829999999784444
344,2.7599552140018204,-0.2172902232814956,-0.4227499297415315,-1.5510500144791988,0.01649670792422895,0.0026886816886272707,-0.00558898193196173,0.051581999999999954,0.03867200000117287,-0.07333899999938157,-0.001632999999999999,-0.0003480000000205184,0.0012829999999944357
345,2.767733346998284,0.004219897581376219,-0.2865340828726013,-1.0131316240590313,0.029293838410273047,-0.010792299064349793,0.0017472998005054019,0.07158199999999991,0.04867200000261222,-0.16333999999922166,-0.002632999999999999,-0.002348000000020518,0.0012829999999624513
346,2.775698759003717,-0.5699708650293439,-0.14763294495180038,-0.9690021720654236,0.024056921776978726,-0.029561740252985646,-0.003049071339311945,0.08158199999999975,0.03867200000629049,-0.3933389999993816,0.00036700000000000014,-0.0003480000000045259,0.00028299999999443435
347,2.783761753998988,-0.8012419972497101,-0.009355178262916996,-1.666554231940787,-0.00831621747919712,0.010027659125796121,-0.004984479472049689,0.011581999999999834,0.008672000004211474,-0.26333999999986135,0.0053669999999999985,0.005652000000043451,-0.0027169999999096133
348,2.791641547002655,-0.3997878284693495,-0.27468285358096317,-2.0219607980550487,0.004604545971117355,0.010819664857367258,-0.007775075160857341,0.11158199999999978,0.01867200000581073,-0.36333999999970146,-0.0006329999999999998,-0.001348000000004526,0.0002829999999784424
349,2.7997222550038714,-0.37092127747645476,0.030336190553076625,-1.7957133533047978,-0.010384015964186562,0.013349654008063457,-0.01721232572508029,0.08158199999999984,0.028672000004211474,-0.26333999999954155,-0.0006329999999999998,-0.0003480000000045259,0.000282999999994435
350,2.8076796120003564,-0.11169099791604455,-0.4645477463981715,-0.9261366965887909,0.034310949570598034,-0.007220194130155777,-0.003391082705256678,0.0615819999999997,0.048672000007569896,-0.47333899999922163,0.0013669999999999989,0.002652000000027459,-0.0017169999999575886
351,2.81585768199875,-0.7887866844266358,-0.3094651755036429,-1.9705027590393085,0.004173251221436185,0.0028459751723716887,-0.006574647954986174,0.05158199999999982,0.028672000004531326,-0.28333999999954146,0.0023669999999999984,0.004652000000043451,-0.002716999999925604
352,2.823693792997801,0.052765487356887984,-0.4937604164395606,-0.8450715476688756,0.03613671407398488,-0.008872147944925121,0.006918936466438689,0.041581999999999855,0.04867200000373168,-0.23333899999922164,-0.0016329999999999997,0.0006519999999954741,0.0002830000000104282
353,2.831858869001735,-0.12581892374106474,-0.0763356429065205,-1.886332727383767,-0.006170639388815826,0.025470429129883083,-0.0015697276837460875,0.07158199999999985,0.03867200000373168,-0.23333899999938157,-0.002632999999999999,-0.002348000000020518,0.0012829999999624513
354,2.8397795080018113,-0.4010095789388373,-0.37257485787944544,-1.5807904297874187,0.004271409905283593,0.00187902569783433,-0.007330952727890256,0.04158199999999999,0.028672000000373267,-0.023339999999541488,-0.0036329999999999986,-0.003348000000036511,0.002282999999946459
355,2.847886383999139,-0.3824766885510844,0.0015094722040492924,-1.433744525437385,-0.00431515495129307,0.0010802899180836702,-0.01519328861577486,0.04158199999999974,0.03867200000677028,-0.42333999999938154,-0.0006329999999999998,0.0006519999999954741,0.0002830000000104275
356,2.855659918001038,-0.5378604766945936,-0.20569334879038265,-1.3867484657707072,-0.004626487489715553,0.007301101271094155,-0.003415953714003064,0.04158199999999977,0.02867200000581073,-0.3633399999995415,-0.0006330000000000011,0.0016520000000274592,-0.00171699999997358
357,2.863706843003456,-0.5877870089032755,-0.11872585411960626,-1.342634141109173,0.001744459911165714,0.008500911776178413,-0.008739838609944293,0.05158199999999981,0.018672000004851162,-0.30333899999970143,-0.0006330000000000004,0.0016520000000114668,-0.0007169999999735799
358,2.871889891997853,0.18206788699569237,-0.6812475609774932,-0.761678700617906,0.04419261829668004,-0.00373610731120821,0.006385217127646917,0.1015819999999998,-0.001327999994828987,-0.3233390000000213,-0.004632999999999998,-0.003348000000036511,0.00228299999994646
359,2.8798498250034754,-0.816199522736491,-0.16672270189766772,-0.7928254025123345,0.019827531918472016,-0.023333274875414763,0.00010167910268550234,0.07158199999999992,-0.021327999998027463,-0.12334100000034114,-0.003632999999999999,-0.003348000000020518,0.0012829999999464593
360,2.8879161959994235,-0.7336971568163961,0.2466374640932175,-0.9691714405967323,0.0107239439815063,-0.018113641433699323,-0.002404698050732595,0.051581999999999885,-0.0013279999970679272,-0.18334000000002126,-0.0016329999999999997,-0.0003480000000045259,0.0002829999999944356
361,2.895853134999925,-0.2802373232374189,-0.04138027517504683,-1.683249925968595,-0.011325673397114901,0.021634414379693417,-0.013007380866222584,0.06158199999999993,0.008672000001812594,-0.11333999999986134,-0.001632999999999999,0.0016519999999794815,0.0012830000000264208
362,2.9038869560026797,-0.15864698530640378,-0.3353291288524285,-0.8885005218873464,0.029292597550169826,-0.013123948412907888,0.009235814955085648,0.12158199999999977,0.038672000005650804,-0.3533399999993816,-0.004632999999999999,-0.0013480000000205185,0.001282999999978445
363,2.911916919001669,-0.7186184490260654,-0.20608637618964426,-1.8384381251734778,-0.009360150933605428,0.0015675345340293448,-0.0020161304289161032,0.12158199999999969,0.06867200000772981,-0.48333899999890184,-0.002632999999999999,0.0006519999999794816,0.0012830000000104288
364,2.9198844550046488,-0.03984681084867718,0.22093155490541697,-1.8282995182620483,-0.02046306270679688,0.020868259718193356,-0.010236446370125595,0.11158199999999978,0.05867200000581073,-0.36333999999906175,-0.0016329999999999997,-0.001348000000004526,0.0002829999999784431
365,2.927746635003132,-0.2317235643906171,-0.1987553251125458,-0.9795246183231956,0.02042701104297572,-0.01354948673371971,0.004767992311390062,0.14158199999999987,0.06867200000325194,-0.20334099999890184,-0.005632999999999998,-0.004348000000036511,0.002282999999930468
366,2.935884079000971,-0.3368046931583203,-0.3371994657774975,-1.1924495254613887,0.015480694989352983,0.0024136141513679764,-0.0005681075573741414,0.12158199999999982,0.038672000004531325,-0.2833399999993816,-0.004632999999999999,-0.002348000000020518,0.0012829999999624524
367,2.943845132998831,-0.5801228273792965,-0.21968789225345245,-1.0878660839170113,0.029245472610198733,-0.016362219636947093,0.0016394544580092647,0.1515819999999998,0.04867200000501109,-0.3133389999992217,-0.003632999999999999,-0.003348000000020518,0.0012829999999464593
368,2.9518853859990486,-0.5296325174257617,-0.3917523757553984,-0.8514648095056254,0.03712159084520557,-0.021315958272137475,0.004391706417190439,0.14158199999999974,0.028672000006930206,-0.43333999999954154,-0.0006330000000000004,-0.0013479999999885333,-0.0007170000000215575
369,2.9599215510024806,-0.7624221580646241,-0.4774770136504082,-0.9547248581931974,0.029749287730257798,-0.02035504151849914,0.004957433490158168,0.13158199999999984,0.018672000003891624,-0.24333999999970146,-0.0036329999999999986,-0.005348000000036511,0.002282999999914474
370,2.967888576000405,-0.3621805124181705,-0.19310858542615647,-1.9129220336634414,0.001598391834638514,0.011291549384668738,-0.005860673529163705,0.1115819999999997,0.04867200000772982,-0.4833389999992217,-0.0006330000000000004,-0.00034799999998853337,-0.000717000000005565
371,2.975652793000336,-0.39170394331597386,-0.367987005771504,-1.090985652170356,0.022467803559786458,-0.008967456808790629,-0.006877955614640263,0.1515819999999997,0.07867200000741001,-0.46334099999874195,-0.003632999999999999,-0.002348000000020518,0.001282999999962452
372,2.9837595200006035,-0.49236190290793097,-0.655134847522792,-1.294794110436899,0.04401740773085184,-0.016051249646252996,-0.00624266028195614,0.10158199999999966,0.0686720000086894,-0.5433409999989018,0.0023669999999999984,0.0036520000000434517,-0.0027169999999415964
373,2.9916603210003814,-0.654679820850774,-0.18130971886426817,-1.6300689045088088,-0.0025360303615001825,0.00669911527045981,-0.0071336648648455975,0.0815819999999997,0.01867200000772982,-0.4833389999997015,0.0033669999999999985,0.004652000000043451,-0.0027169999999256044
374,2.999756839002657,-0.27219477935474223,-0.07810803117039537,-1.6331961780272308,-0.00595425960896896,0.02466921420395544,-0.013478688581402757,0.05158199999999972,0.05867200000725008,-0.4533409999990617,0.0023669999999999984,0.004652000000043451,-0.002716999999925604
375,3.0076856430023327,-0.3878620611329504,-0.6420566510493205,-1.0972276038161777,0.03373139549712206,-0.014735035409307203,-0.0019194302143884792,0.08158199999999978,0.01867200000581073,-0.36333999999970146,0.00036699999999999954,-0.00034799999998853337,-0.0007170000000055656
376,3.0157393510016846,-0.4667023907838151,-0.28617466936023067,-1.2601337348391926,0.0294279948090077,-0.027119284956724936,0.008524411043834992,0.1015819999999998,0.05867200000533095,-0.3333399999990618,-0.003632999999999999,-0.002348000000020518,0.001282999999962452
377,3.023678554003709,-0.07042328284685187,-0.6154496310316317,-1.198128404243224,0.03551476659740053,-0.01537263768806342,-0.002459133737014955,0.12158199999999984,0.02867200000405155,-0.25333999999954154,-0.005632999999999998,-0.004348000000036511,0.002282999999930468
378,3.031931233999785,-0.01607738778488173,-0.2734389383716317,-0.8781911026592334,0.025715902542334464,-0.007723978111633831,0.013855406843967044,0.11158199999999979,0.03867200000533095,-0.33333999999938163,-0.004633000000000001,-0.0013479999999885333,-0.000717000000021555
379,3.0396741200020188,-0.03633458938519507,-0.1722358322076825,-1.94698252627019,-0.0008272926505342672,0.023617597556860204,-0.006918364034355924,0.11158199999999976,0.038672000005970666,-0.3733409999993816,-0.001633000000000001,-0.0003479999999725408,-0.0017170000000055643
380,3.0476006910030264,-0.37279072364861693,-0.37512125928329987,-1.055009887949973,0.027659724175625504,-0.024966499425918786,0.004961334862344872,0.13158199999999984,0.038672000004531325,-0.2833399999993816,-0.005632999999999999,-0.002348000000020518,0.001282999999962453
381,3.0558738580002682,-0.7603166417319859,-0.6667143873662587,-1.498051268294543,0.04277108314317156,-0.027252841675965533,0.0026165538872571408,0.1515819999999997,0.0586720000075699,-0.4733389999990618,-0.003633,-0.0023480000000045257,0.0002829999999624518
382,3.0639845519981463,-0.08246994207971049,0.0458422969878679,-1.5788243559932202,-0.017146560496271862,0.012845206821189843,-0.013725296267008469,0.16158199999999964,0.03867200000948901,-0.5933399999993816,-0.002633,-0.0003480000000045259,0.00028299999999443625
383,3.0719068739999784,-0.5022404673235802,-0.4847717392285688,-1.3574152033707856,0.026816238907654086,-0.01461832056166366,-0.002659208223005687,0.1315819999999997,0.038672000007729815,-0.4833389999993816,-0.002633,-0.0003480000000045259,0.00028299999999443625
384,3.079900850003469,0.09316807477791388,-0.5988258943347716,-1.038459621223177,0.047150183722198924,-0.010210488250929274,0.013468494232194548,0.13158199999999975,0.0686720000064504,-0.4033389999989018,-0.003633,-0.001348000000004526,0.0002829999999784443
385,3.087952704001509,-0.3205895365411523,-0.30874947895184607,-1.3409918515647667,0.030089965708148175,-0.029976776263978298,0.0008031520227008493,0.10158199999999973,0.03867200000709013,-0.4433399999993816,-0.0006330000000000011,0.002652000000027459,-0.0017169999999575873
386,3.095905103000405,-0.01586549748726729,-0.13077947416829985,-0.9556704615551483,0.0267839254979115,-0.011858747890035125,0.0053710914333493665,0.09158199999999966,0.008672000008529463,-0.5333399999998614,0.0033669999999999985,0.004652000000043451,-0.0027169999999256044
387,3.103689586998371,0.2609555742492608,-0.5245662548638464,-0.9163918546515628,0.031940886366053696,-0.004775852683795161,0.009309326797091422,0.13158199999999967,0.018672000008689404,-0.5433409999997014,0.00036700000000000014,0.0006519999999954741,0.0002830000000104269
388,3.1116315859981114,-0.27958658239533457,-0.30589123980063304,-1.6552200741937093,-0.006858875696623115,0.011482627423389688,-0.014322913979220543,0.15158199999999972,0.05867200000693021,-0.4333399999990618,-0.008632999999999997,-0.005348000000068497,0.004282999999914478
389,3.1199186189987813,-0.3168170681200407,-0.400421260766074,-1.1615719979693444,0.01979288961510345,-0.0043587096548746785,-0.00025324514749763615,0.1115819999999998,0.008672000005011088,-0.31333899999986137,-0.004632999999999998,-0.0043480000000525034,0.0032829999999304674
390,3.127652870003658,-0.29179913504335714,-0.32194187255421747,-0.9971946226261462,0.022391164218571673,-0.004848122343060377,-0.002573325401405853,0.06158199999999994,0.008672000001492743,-0.09333999999986135,-0.0056329999999999965,-0.005348000000084489,0.005282999999914476
391,3.1359497220037156,0.03486511892190908,-0.7038212376891598,-1.2955687794449837,0.03602708367937676,-0.013984897461805477,0.00459166178113002,0.08158199999999981,0.028672000005011085,-0.3133389999995415,-0.001632999999999999,-0.0013480000000205185,0.001282999999978443
392,3.143717976003245,-0.07877720543922011,-0.3040194234744531,-1.1750174628082068,0.024594368541852495,-0.009255353780758249,0.0009082197794475841,0.04158199999999986,0.05867200000357176,-0.22333899999906173,-0.0006329999999999998,0.0016519999999954741,0.00028300000002642005
393,3.151691152997955,-0.5484778316429854,0.3602742673217247,-1.8120130482401973,-0.02021682160771127,0.009181158729310888,-0.012280114341817007,0.061581999999999845,0.03867200000389162,-0.24333999999938158,-0.0006330000000000004,0.0026520000000114664,-0.0007169999999575874
394,3.15970958500111,-0.3630475632050501,0.07254385213271523,-1.2056820976803233,0.016243343698056082,-0.009201863319070828,-0.0014477452560125671,0.04158199999999987,-0.001327999996588135,-0.21334100000002126,0.004366999999999999,0.004652000000027459,-0.0017169999999256055
395,3.1676604399981443,-0.570116801039621,-0.4889145373118607,-1.0870873353430808,0.037181647285821066,-0.022498073510313136,0.006041582177344381,0.06158199999999995,0.028672000001172877,-0.07333899999954151,-0.003632999999999999,-0.0003480000000205185,0.001282999999994437
396,3.1756361220031977,-0.726762849393917,-0.5615943717122215,-1.1788703305079602,0.03021507735108561,-0.014403576448272571,0.009136540007488429,0.07158199999999992,0.018672000001972538,-0.12334099999970144,-0.001632999999999999,0.0006519999999794816,0.0012830000000104281
397,3.183746365000843,-0.2654446978673525,-0.3870723901846943,-1.0774806301933932,0.037049615477790586,-0.024443590927959516,0.0037988522912821266,0.09158199999999994,0.038672000001332814,-0.08333999999938159,-0.005632999999999998,-0.002348000000036511,0.002282999999962453
398,3.1916813010029728,-0.11039324747515195,-0.3858616002996402,-1.1595250140808813,0.02542213946423766,-0.008501620756082788,0.00970117649097305,0.061581999999999804,0.04867200000501109,-0.3133389999992216,-0.0016330000000000003,0.0016520000000114668,-0.0007169999999735793
399,3.199762659998669,0.05900910031214932,-0.3219273060646057,-0.876305329767405,0.02612287019815748,-0.0021022282329344905,0.01261195651666095,0.13158199999999975,0.07867200000645042,-0.4033389999987419,-0.005632999999999999,-0.002348000000020518,0.001282999999962453
400,3.2077056909984094,-0.3598394658359967,-0.7385795921943334,-0.8256474553157077,0.042000926747605215,-0.019739374373481645,0.004391324133485704,0.11158199999999975,0.04867200000645042,-0.4033389999992217,-0.003632999999999999,-0.002348000000020518,0.001282999999962452
401,3.215688456002681,-0.015745599224718628,0.13325796927803354,-1.600783886192929,-0.01327521623621201,0.012886922319055031,-0.01424450706537042,0.04158199999999984,-0.0013279999959484492,-0.25334000000002127,0.0023669999999999993,0.0036520000000274592,-0.0017169999999415966
402,3.2240378159985994,-0.6886050803590498,-0.5158085084990559,-1.0943131827094448,0.03526127010022359,-0.02374307309901338,0.010810213485849802,0.041581999999999814,-0.031327999995308733,-0.29334100000050106,0.0043669999999999985,0.004652000000043451,-0.0027169999999256053
403,3.231699681004102,0.014079692785551724,-0.3126706823362965,-0.5643733041679941,0.03564005200469887,-0.0076806658897412925,-0.003797415749940684,0.10158199999999974,0.038672000006610356,-0.4133399999993816,-0.003633,-0.00034800000000452595,0.0002829999999944369
404,3.239661197003443,-0.26346059316846976,0.2318739194214704,-1.7342032095816653,-0.015029902447851176,0.01865371539140054,-0.005120708248441927,0.11158199999999979,0.03867200000533095,-0.33333999999938163,-0.004632999999999999,-0.003348000000020518,0.00128299999994646
405,3.2477229090000037,-0.4590609728675401,-0.0581321736319915,-0.7448320309890663,0.026134033910833212,-0.012179319043031997,0.0007047010056765177,0.07158199999999998,0.03867200000053319,-0.03333999999938159,-0.007632999999999998,-0.0043480000000525034,0.003282999999930469
406,3.255745237998781,0.162049036961459,-0.35092786075457827,-1.584707907580697,0.0030477332276833396,0.014171562561601424,-0.004117001432798557,0.0715819999999999,0.06867200000277214,-0.1733399999989018,-0.005632999999999998,-0.0033480000000525034,0.0032829999999464603
407,3.263885266998841,-0.4641836360021783,-0.5400859968022221,-1.0407930377526617,0.03446078079205835,-0.014868778164741591,0.0015625673337109301,0.07158199999999974,0.04867200000677028,-0.42333999999922167,-0.001632999999999999,-0.0013480000000205185,0.001282999999978443
408,3.271746174003056,-0.28606785350252306,-0.5559182555872929,-1.9686409604473547,0.005646355122591468,0.021628656046116333,-0.006318669033134086,0.15158199999999983,0.04867200000405155,-0.25333999999922174,-0.007632999999999998,-0.0073480000000525035,0.0032829999998824915
409,3.2798696820027544,-0.48252238032616646,-0.2881704220017893,-1.1462769503614854,0.020376592995743088,-0.014723404477132053,-0.004373122577724794,0.1315819999999999,0.04867200000261222,-0.16333999999922172,-0.009632999999999996,-0.006348000000068497,0.004282999999898486
410,3.287712516001193,-0.32582085802401684,-0.07838007884388672,-2.0903630148230534,-0.012454026280039653,0.019667060967608285,-0.009670885524339295,0.07158199999999985,0.03867200000405155,-0.2533399999993816,-0.003632999999999999,0.0006519999999794816,0.0012830000000104294
411,3.295893110000179,-0.1490067946280546,-0.5509687191191086,-1.156617007900295,0.03369675939593511,-0.006607715297605814,0.007948435410430704,0.021581999999999973,0.028672000000693133,-0.043340999999541475,-0.003632999999999999,-0.0003480000000205185,0.001282999999994437
412,3.303750120001496,-0.2471800879889956,-0.4688709886592253,-0.9127316059044837,0.03166480099487544,-0.0054253303277951165,0.004371031130669956,0.07158199999999995,0.048672000001332816,-0.08333999999922165,-0.005632999999999998,-0.003348000000036511,0.0022829999999464602
413,3.311716604999674,-0.10507003144268792,0.19870409066849995,-1.8503492573082334,-0.01653712746105215,0.02592778127786809,-0.004342920142688256,0.14158199999999982,0.04867200000469127,-0.2933409999992217,-0.005632999999999998,-0.005348000000036511,0.0022829999999144754
414,3.319747549998283,-0.39606561889185665,-0.5045018716434785,-0.9999225266218315,0.03312279916197049,-0.020313340895200947,0.013130333050354947,0.11158199999999985,0.03867200000373168,-0.2333389999993816,-0.004632999999999999,-0.002348000000020518,0.0012829999999624524
415,3.327867530999356,-0.3912776196991228,-0.48992790378235423,-1.3925921033457809,0.02372021625045946,-0.012589186010569109,-0.00023636075564164528,0.10158199999999983,0.028672000004531326,-0.2833399999995415,-0.002633,-0.0003480000000045259,0.00028299999999443625
416,3.3358962220008834,-0.43404557078615075,-0.46514058997393737,-1.0730257248271984,0.024785362371390254,-0.010716297775681564,0.0035512160202850526,0.061581999999999804,0.04867200000501109,-0.3133389999992216,-0.0006329999999999998,0.003651999999995474,0.00028300000005840515
417,3.3438534090018948,-0.7060814807412816,-0.28216302816634925,-1.4218980952447955,0.017595459122934427,-0.010143977396060646,-0.0008438953658413382,0.05158199999999981,0.04867200000485116,-0.30333899999922165,-0.002633,0.0016519999999954741,0.00028300000002642135
418,3.3518939319983474,-0.38385051499305145,-0.515866488306463,-1.1874360101223957,0.03392283455341495,-0.025108638953063638,0.002824670804056206,0.04158199999999982,0.018672000004531328,-0.2833399999997014,-0.002632999999999999,-0.0003480000000205184,0.0012829999999944364
419,3.3596729670025525,-0.3378663755168986,0.015840358091513677,-1.8280232443530529,-0.0019214012538038355,0.008804438845131194,-0.0012521157448865798,0.11158199999999986,0.04867200000357176,-0.2233389999992217,-0.006632999999999998,-0.0053480000000525035,0.003282999999914476
420,3.367564491003577,0.18793801350678363,-0.5399833100849925,-1.2173491835765988,0.034663940187056604,-0.003239368066118398,0.0012247126675480411,0.0815819999999999,0.02867200000245228,-0.1533389999995415,-0.0036329999999999986,-0.004348000000036511,0.0022829999999304665
421,3.3756554990031873,0.11910249667795358,-0.6607546288987453,-1.023759002978723,0.03433122265139478,0.0010401416878475522,0.01201903600523035,0.04158199999999979,-0.001327999994669046,-0.3333400000000213,0.00036700000000000014,0.0006519999999954741,0.0002830000000104269
422,3.3837198260007426,-0.21768898621642574,-0.5444589457794418,-1.0069136434301527,0.029538795807863717,-0.010678670204650393,0.01351903495836978,0.04158199999999972,0.028672000007090134,-0.4433399999995415,0.00036700000000000014,0.002651999999995474,0.000283000000042412
423,3.3916559040007996,-0.06935543302699677,-0.2959152193653576,-1.3495792273036695,0.020828453856937178,-0.013182868394409958,0.002469694023300056,0.04158199999999976,0.018672000006130566,-0.3833389999997014,0.0013669999999999995,0.0026520000000114664,-0.0007169999999575886
424,3.3999353330000304,0.14892814911111035,-0.7925015063931382,-0.9660740809689076,0.03771023872305754,0.0019446045234718474,0.004477718415377721,0.09158199999999975,0.03867200000629049,-0.3933389999993816,-0.002632999999999999,-0.0003480000000205184,0.0012829999999944364
425,3.407616805001453,-0.5220010262252596,-0.7743260554893454,-1.1516129931045247,0.049443202213717126,-0.017502607025883087,0.0006004017403941659,0.09158199999999976,0.028672000006130564,-0.3833389999995415,-0.0006329999999999998,0.0006519999999954741,0.0002830000000104275
426,3.415698445001908,-0.4139883812213655,-0.3272578207430735,-1.4818106922700205,0.01970816923479082,-0.0129134085398673,0.0028364280537749747,0.10158199999999985,0.018672000003891624,-0.24333999999970146,-0.002632999999999999,-0.0013480000000205185,0.0012829999999784437
427,3.4238712349979323,-0.43946847735249744,-0.6746320164561381,-1.3385739351726518,0.03455264785979664,-0.02743191238248089,0.003538674184719069,0.10158199999999976,0.038672000006450415,-0.4033389999993816,-0.005632999999999999,-0.002348000000020518,0.001282999999962453
428,3.4318934030015953,-0.48634479410600406,-0.392607240578481,-1.0242529208983104,0.03021427236231936,-0.02106217242129145,-0.0012227392235989515,0.0915819999999998,0.05867200000485116,-0.3033389999990618,-0.005632999999999998,-0.002348000000036511,0.002282999999962453
429,3.439722551003797,-0.26160887093907115,-0.10981979904348745,-1.3588925153475004,0.01094852056715241,-0.0033459477457916226,9.981528539985928e-05,0.10158199999999971,0.04867200000741,-0.4633409999992217,-0.004632999999999999,-0.0013480000000205185,0.001282999999978445
430,3.4476508049992844,-0.662099296633265,-0.5351592989829844,-1.3331489112501482,0.024411204238360944,-0.010046463017751268,-0.00744223014476516,0.0715819999999997,0.05867200000772982,-0.48333899999906177,0.00036699999999999884,0.0036520000000274592,-0.0017169999999415955
431,3.4555211100014276,-0.4637201909086373,-0.573438106424702,-1.1998461383414394,0.03285955022252311,-0.019248650964024047,-0.0001360531774687249,0.05158199999999977,0.02867200000597067,-0.37334099999954146,-0.001633000000000001,0.0036520000000274592,-0.0017169999999415942
432,3.4635465440005646,-0.5982321934504605,-0.8504262030484654,-1.2107591740917005,0.04379276826055907,-0.01268169811660937,-0.0014765744623551845,0.04158199999999981,0.008672000005011086,-0.3133389999998613,0.0013669999999999982,0.004652000000043451,-0.002716999999925603
433,3.471532875999401,0.22487461903197417,-0.33057598957054035,-0.9269953354798334,0.026129483079961307,0.0020224501446558223,0.007514559747960796,0.07158199999999978,0.038672000005810725,-0.3633399999993816,0.0003669999999999989,0.002652000000027459,-0.001716999999957588
434,3.479825520000304,-0.1747586171567214,-0.4492594141260849,-1.3926419104167986,0.030959109476161612,-0.005648271952743195,0.011973573359736181,0.04158199999999977,0.06867200000581072,-0.36333999999890176,0.0003669999999999982,0.005652000000043451,-0.0027169999999096103
435,3.487694442002976,-0.680282320107299,-0.15655777485394332,-2.0072811148006715,0.0003762209817613761,-0.0043290849417293945,-0.007716086337003163,0.13158199999999984,0.05867200000405155,-0.25333999999906176,-0.006632999999999998,-0.005348000000036511,0.002282999999914476
436,3.49589831999765,0.16805292576553912,-0.3887721867166879,-1.2610896640511393,0.022426515391502054,0.0064620355536210705,-0.004315040946115731,0.13158199999999987,0.06867200000341186,-0.21334099999890185,-0.009632999999999996,-0.009348000000068496,0.004282999999850508
437,3.503678626999317,-0.020135279957635935,-0.5858309597201218,-1.1281779245850039,0.0340516457177475,-0.009749249373075726,0.010876086815506001,0.071582,0.05867200000005342,-0.0033399999990617307,-0.009632999999999996,-0.009348000000068496,0.004282999999850508
438,3.5120317640030407,-0.4035732855768185,-0.30782994044378365,-1.5386905531014692,0.01956588260069544,-0.01437832675670587,0.0036440410766776133,0.1415819999999999,0.06867200000261221,-0.16333999999890186,-0.010632999999999997,-0.009348000000068496,0.004282999999850509
439,3.5198512240021955,-0.4118367581641378,-0.4591916165412872,-0.9439194231593149,0.03363982120274819,-0.01998874962239457,0.006042820719317947,0.1715819999999999,0.06867200000293207,-0.18333999999890188,-0.010632999999999997,-0.008348000000084487,0.005282999999866501
440,3.5277099270024337,-0.4363772169982897,-0.09572133072779421,-1.1696370730739463,0.02317848384346588,-0.020511607292798367,0.003391868336242372,0.11158199999999988,0.058672000003092,-0.19333999999906176,-0.007632999999999998,-0.004348000000036511,0.002282999999930469
441,3.5359115510000265,0.14464490722330797,-0.6895591666127776,-1.4966518924542525,0.034820399944114344,0.002487072909720928,0.007371553947931244,0.13158199999999987,0.06867200000373168,-0.23333899999890184,-0.009632999999999996,-0.007348000000068497,0.004282999999882494
442,3.5437109129998134,-0.2765476329005039,-0.9082362786752316,-1.2498687123267114,0.04764735423576385,-0.015588532925892554,0.0031699198220676537,0.1715819999999998,0.0986720000056508,-0.3533399999984221,-0.009632999999999997,-0.0063480000000525035,0.003282999999898485
443,3.55174139799783,-0.2731437574793493,-0.6230499316208173,-1.208310101156253,0.03861535526986599,-0.0056240269890124265,0.0077318753211110935,0.0915819999999998,0.03867200000501109,-0.3133389999993816,-0.005632999999999998,-0.002348000000036511,0.002282999999962453
444,3.55965264900442,-0.18072914200609622,-0.6840379177938204,-0.684763834157525,0.04034628344220904,-0.003948638449633961,0.0005589261331526437,0.12158199999999987,0.08867200000325194,-0.203340999998582,-0.011632999999999996,-0.00834800000010048,0.006282999999866502
445,3.5675769349982147,-0.48176425259433403,-0.8799777747147839,-1.1035252643935625,0.042134963928567054,-0.013219268606353397,-0.001357791994567532,0.07158199999999988,0.048672000003092,-0.19333999999922166,-0.007632999999999997,-0.004348000000068497,0.004282999999930469
446,3.5755612830034806,0.004030028160347189,0.045685070789725384,-1.9925951623591083,-0.01629124388077974,0.02441219595545254,-0.0098388827220178,0.08158199999999988,0.08867200000325194,-0.20334099999858196,-0.010632999999999997,-0.006348000000068497,0.004282999999898486
447,3.5838640560032218,-0.27243083657788864,-0.5302664856826143,-1.2177597355222376,0.03530053081761734,-0.005881959315930747,-0.004961722769197438,0.16158199999999986,0.10867200000373169,-0.23333899999826216,-0.013632999999999996,-0.01134800000010048,0.006282999999818526
448,3.5919090270035667,-0.32152361346435043,-0.7019723588532477,-1.1372276177668286,0.032542816513156346,-0.009514340878385336,0.006135648814613232,0.13158199999999978,0.07867200000533096,-0.3333399999987419,-0.011632999999999996,-0.008348000000084487,0.005282999999866502
449,3.59964842699992,-0.7242709468885141,-0.5376968442144366,-1.4840835049815293,0.013283914181381667,-0.00025105762695555025,-0.008457119230307338,0.10158199999999983,0.04867200000453133,-0.28333999999922166,-0.005632999999999998,-0.004348000000036511,0.002282999999930468
450,3.607742669999425,-0.34757742373273115,-0.5645866809120988,-1.3942641305720553,0.02325025316385933,0.0020917967970733417,0.0037633847519962164,0.11158199999999972,0.06867200000709013,-0.44333999999890183,-0.004632999999999999,-0.0013480000000205185,0.001282999999978445
451,3.6157132829976035,-0.062090938040285364,-0.6487727046081576,-1.295370125737804,0.03819293513587843,-0.005152420581954931,0.0061542641354937555,0.07158199999999985,0.04867200000389162,-0.24333999999922165,-0.002633,0.0006519999999954741,0.00028300000001042877
452,3.6240061370044714,-0.5805236107464977,-0.13489679814282363,-1.165054827504186,0.023828582691247543,-0.014306614063486387,-0.008929915676365021,0.021581999999999935,-0.0013279999983473306,-0.10334000000002125,0.0013669999999999989,0.002652000000027459,-0.0017169999999575886
453,3.631719859004079,-0.2245578554519506,-0.5238498858376265,-1.3246543173378935,0.034588863362934735,-0.010952167869809916,-0.0008359866133725934,0.07158199999999983,0.038672000004531325,-0.2833399999993816,-0.0016329999999999997,0.0016519999999954741,0.0002830000000264207
454,3.639769007997529,0.01267476336793695,-0.2565897033421554,-1.2382280741067164,0.02919042270424411,0.001481172842710378,0.0011889689414518072,0.0815819999999999,0.018672000002292355,-0.14333899999970143,-0.005632999999999999,-0.002348000000020518,0.001282999999962453
455,3.6476171520043863,-0.5144988872963199,-0.6858014402700381,-2.477868562841088,0.015195798812353186,0.010019084941065463,-0.005471337240803172,0.17158199999999982,0.03867200000485116,-0.3033389999993817,-0.007632999999999998,-0.0063480000000525035,0.003282999999898484
456,3.6555734569992637,-0.5403475376289414,-0.2408234273312179,-2.3773325831559915,-0.0022391537360133412,0.015923367756557467,-0.008595723519991291,0.11158199999999972,0.028672000007090134,-0.44333999999954155,-0.003633,-0.00034800000000452595,0.0002829999999944369
457,3.6635492490022443,-0.4967758544103782,-0.038280187214618865,-1.8971617901214308,0.0008757454456622827,0.008062658981795937,-0.005689853728392969,0.08158199999999981,0.00867200000485116,-0.3033389999998614,-0.0016330000000000003,-0.00034799999998853337,-0.0007170000000055643
458,3.671543376003683,0.24090925350177872,-0.6532638532373334,-1.123604949423988,0.04121472316801064,0.006976871943478866,0.0013162797227362,0.10158199999999977,0.008672000005970673,-0.37334099999986137,-0.002633,-0.0023480000000045257,0.00028299999996245115
459,3.679538092997973,-0.7551951610569919,-0.33994777145490407,-0.9607787325026469,0.02524384202009173,-0.011589382169612715,0.00898778733632505,0.12158199999999983,0.038672000004211476,-0.2633399999993816,-0.007632999999999998,-0.0053480000000525035,0.0032829999999144767
460,3.687585678999312,-0.4989800438963142,-0.377884132489284,-1.5327045967478492,0.019328675697403784,-0.004884997219828013,0.006452565403024062,0.07158199999999992,0.008672000002132429,-0.13333899999986137,-0.0036329999999999986,-0.002348000000036511,0.002282999999962452
461,3.6956502169996384,-0.5631423693368273,-0.9054339778054913,-1.1797949416923854,0.04321241399136228,-0.024308079174884707,-0.00048181487447428823,0.1415819999999999,0.03867200000277214,-0.17333999999938163,-0.006632999999999998,-0.0063480000000525035,0.0032829999998984834
462,3.703701580001507,-0.062180880238528975,0.09800870403301845,-1.7591142822930432,-0.010222858479292224,0.01159281733471583,-0.017013815023047666,0.14158199999999974,0.038672000006930204,-0.4333399999993816,-0.006632999999999998,-0.0043480000000525034,0.0032829999999304687
463,3.7120144920045277,-0.6325173678068243,-0.679196564332448,-1.4153837274928864,0.034124294317841836,-0.015403087845981258,0.00288034592288262,0.11158199999999975,0.03867200000629049,-0.3933389999993816,-0.004632999999999998,-0.002348000000036511,0.0022829999999624522
464,3.71975632700196,-0.5800968351240392,-0.6135792575018884,-1.2660319051978328,0.03052681531971492,-0.026851449489919365,0.005122257174384309,0.09158199999999979,0.03867200000517101,-0.3233389999993816,-0.003633,-0.00034800000000452595,0.0002829999999944369
465,3.727615240000887,-0.2621686900270544,-0.2787096547702977,-1.0502469206596703,0.035520541105569146,-0.006860726239041926,0.007535731740512608,0.09158199999999975,0.03867200000629049,-0.3933389999993816,-0.002633,-0.001348000000004526,0.0002829999999784437
466,3.7357193720017676,-0.06596928288552405,-0.6200664477384021,-1.112444476416237,0.03501410945891912,-0.002888341646014009,0.004904675102584416,0.11158199999999975,0.03867200000629049,-0.3933389999993816,-0.002632999999999999,-0.0003480000000205184,0.0012829999999944364
467,3.7436464830025216,-0.6424248609099747,-0.1613698701213808,-1.5301477938798473,0.00433313369350386,-0.011844053551263766,-0.0005299247142154737,0.031581999999999874,0.02867200000325194,-0.20334099999954147,-0.0016330000000000003,0.0016520000000114668,-0.0007169999999735793
468,3.751582220000273,-0.5418369239108901,-0.9565646095716875,-1.4262780565912003,0.049732280843610026,-0.021327432984361266,0.00284266496595414,0.07158199999999978,0.04867200000581073,-0.3633399999992217,-0.002633,-0.0003480000000045259,0.00028299999999443625
469,3.7595385759996134,-0.9683033075214743,-0.6099300689548943,-1.2977217532994287,0.033670429516787,-0.02781997052780385,0.001377387458135501,0.1015819999999997,0.05867200000788976,-0.49333999999906175,-0.002632999999999999,-0.002348000000020518,0.0012829999999624513
470,3.767543752997881,-0.3540176237006733,-0.3129426026007321,-1.7442561948895712,0.0014981044915498088,0.013667046079764556,-0.0030359820935328906,0.1015819999999998,0.10867200000533096,-0.33333999999826214,-0.007632999999999998,-0.0053480000000525035,0.0032829999999144767
471,3.7756518419992062,-0.5882654429644749,-0.39779592015545523,-1.3826108534957837,0.034845784076409425,-0.020975193236586455,-0.00023493485804782781,0.1415819999999998,0.10867200000549089,-0.34333999999826215,-0.011632999999999996,-0.007348000000068497,0.0042829999998824945
472,3.7837105190046714,-0.13927757759199955,-0.43582955802631235,-0.9059767775867712,0.029252211081485475,-0.014059032086839248,0.0039004015455798894,0.05158199999999975,0.06867200000629049,-0.39333899999890176,-0.0026330000000000004,0.0006520000000114666,-0.0007169999999895711
473,3.791654141001345,0.17571680572842568,0.03911302980013068,-1.8108618370298573,-0.013025427289599234,0.03283393011381167,-0.009880483813733635,0.05158199999999972,0.06867200000725007,-0.45334099999890176,0.00036699999999999884,0.0036520000000274592,-0.0017169999999415955
474,3.799939821998123,-0.298928726783577,-0.394704327029391,-1.2389471137478516,0.03039832114862263,-0.00706157570453443,0.003308118461272724,0.10158199999999983,0.06867200000453132,-0.2833399999989018,-0.004632999999999999,-0.002348000000020518,0.0012829999999624524
475,3.8076728099986212,-0.2015048936246713,-0.6381627400799144,-1.8409950586243227,0.00784344240768548,0.01711399328991694,0.010531567292877578,0.10158199999999985,0.06867200000405155,-0.25333999999890183,-0.005632999999999999,-0.003348000000020518,0.0012829999999464606
476,3.815705758999684,-0.43246094127860896,-0.2733563441965547,-2.047837913900752,0.0005188638256951405,0.011347300007116257,-0.0008892314309941936,0.12158199999999988,0.018672000002932072,-0.18333999999970146,-0.006632999999999998,-0.0073480000000525035,0.003282999999882491
477,3.8237176280017593,-0.4401016941263067,-0.4092787586989772,-1.7003471209647942,0.017036170456184982,0.00965026270885946,0.0007170815277346043,0.15158199999999977,0.07867200000533096,-0.333339999998742,-0.010632999999999998,-0.0073480000000525035,0.003282999999882493
478,3.8317463290004525,-0.8976170865316482,-0.6200532917499434,-1.6038703361360567,0.016985227073688793,-0.015843658668292782,-0.0037124383606426253,0.08158199999999984,0.0386720000043714,-0.27333999999938163,-0.0016329999999999997,-0.0023480000000045257,0.00028299999996245055
479,3.8396426230028737,-0.37545294062103796,-0.32225237410288826,-1.1069482202419672,0.029274464280047156,-0.0200036780240415,0.008907972084454204,0.10158199999999974,0.008672000006610357,-0.4133399999998614,-0.0006329999999999998,-0.0023480000000045257,0.0002829999999624499
480,3.8476305270014564,-0.8787139087728163,-0.37797518976708405,-1.0862061301676187,0.03927488841291446,-0.024754898141208494,0.0014485065101294608,0.11158199999999974,0.03867200000677028,-0.4233399999993816,-0.002633,-0.001348000000004526,0.0002829999999784437
481,3.8555659740013652,-0.21602560911736965,-0.1754359975520538,-1.567741881323071,-0.0013235844255430316,0.011292910613667143,-0.0071423579270146155,0.10158199999999978,-0.0013279999945091203,-0.3433400000000213,-0.002633,-0.0003480000000045259,0.00028299999999443625
482,3.863544862004346,-0.1837908479031326,-0.1638821207633451,-1.934911231217638,-0.014010401412424796,0.025965795720635204,-0.007479410653071144,0.061581999999999665,0.018672000008529463,-0.5333399999997015,0.004366999999999998,0.007652000000075437,-0.004716999999877627
483,3.8716814240033273,-0.7558674398204982,-0.4136536467815117,-1.7795919350691278,0.0032701395542137964,0.0030404227185991954,-0.008297431922211815,0.13158199999999975,0.05867200000645042,-0.40333899999906175,-0.006632999999999999,-0.004348000000020519,0.0012829999999304687
484,3.87962220999907,0.4932441982657066,-0.6545537992928184,-1.41259338806955,0.03027675098016956,0.01569823309189804,0.0024435329448862873,0.11158199999999974,0.028672000006770282,-0.4233399999995415,-0.0006329999999999998,-0.0003480000000045259,0.000282999999994435
485,3.8877552260019,-0.4093108206680582,-0.5333756537693287,-0.7377437066645082,0.03931996033586924,-0.01107360067789564,-0.0039492345084335394,0.0815819999999997,0.028672000007889758,-0.49333999999954153,0.0023669999999999993,0.004652000000027459,-0.0017169999999256042
486,3.8959406799986027,-0.19337158277716382,-0.5055896423867688,-1.9367138103313448,-0.0025954185093553174,0.023221856033880345,-0.011737180053803848,0.13158199999999964,0.038672000009329084,-0.5833399999993816,-0.0006330000000000004,0.0006520000000114666,-0.0007169999999895724
487,3.9038807949982584,-0.3336476742802167,-0.4724737022850575,-1.3251799932429518,0.031985916532918844,-0.012781654976811082,-0.004423885704274486,0.06158199999999973,0.008672000006930207,-0.43333999999986134,0.0023669999999999993,0.0016520000000274592,-0.0017169999999735819
488,3.911696348004625,-0.8990458407563923,-0.5980636337165292,-1.1738330905946817,0.035229520263624026,-0.026003908636212554,-0.00032733112585707263,0.07158199999999984,0.06867200000421148,-0.26333999999890184,-0.002633,-0.0003480000000045259,0.00028299999999443625
489,3.919891990997712,-0.29097554809100745,-0.7149782870479257,-0.9351245472493801,0.037648465276955326,-0.011708928224316361,-0.0026939627364984406,0.11158199999999972,0.07867200000693021,-0.4333399999987419,-0.005632999999999998,-0.001348000000036511,0.0022829999999784455
490,3.9276650340034394,-0.24452356088590435,-0.5767225867717791,-1.195425030919804,0.03019783570888174,-0.017585275062015272,0.012497317027282517,0.08158199999999995,0.04867200000149274,-0.09333999999922167,-0.005632999999999999,-0.002348000000020518,0.001282999999962453
491,3.935851508998894,-0.6506101172812644,-0.6133711068963734,-0.974831660477908,0.036859840617661274,-0.026215552500969238,0.0020428634378712915,0.06158199999999995,-0.021327999998827122,-0.07333900000034113,-0.002633,-0.001348000000004526,0.0002829999999784437
492,3.943656462004583,-0.6819917892951002,-0.647888714855224,-0.9292867797126106,0.03986899588980376,-0.017959603989476245,-0.00031115791020986386,0.1515819999999998,0.028672000004691268,-0.29334099999954155,-0.004632999999999999,-0.006348000000020519,0.0012829999998984823
493,3.951708125998266,-0.04137791196884191,-0.4421404590370516,-1.1354846975951605,0.03323709181142798,-0.0031021436995822033,0.00857475617993807,0.11158199999999985,-0.0013279999962683155,-0.2333390000000213,-0.0016329999999999997,-0.0033480000000045257,0.00028299999994645797
494,3.959894441999495,-0.6881984973829023,-0.23015682559629824,-1.3614217863689908,0.011209451555447714,-0.010361505046420269,0.004807249366977266,0.09158199999999979,-0.001327999994828987,-0.3233390000000213,-0.0006330000000000011,0.0016520000000274592,-0.00171699999997358
495,3.9678870850038948,-0.2839862754354059,-0.11496267643755871,-1.8530009039829831,-0.009660755295378694,0.010016393816314851,-0.005897411186624622,0.10158199999999984,-0.011327999995788523,-0.26334000000018126,-0.0016329999999999997,-0.0023480000000045257,0.00028299999996245055
496,3.975925915001426,-0.13762571922999758,-0.035261588693380294,-1.3853898682933996,0.0037156183084860917,0.0043567929249809486,-0.007333538914991311,0.07158199999999992,-0.0013279999980274635,-0.1233410000000213,-0.0026329999999999986,-0.003348000000036511,0.0022829999999464585
497,3.983848558003956,0.02664975325081939,-0.5244417394661417,-1.0166568208537292,0.03376035518333247,-0.006022369580108596,-0.0021495516861642096,0.0815819999999998,0.028672000005330954,-0.33333999999954156,-0.0006329999999999998,0.0016519999999954741,0.00028300000002642005
498,3.99197869800264,-0.5955375923576497,-0.06690030617090613,-1.3511294680334904,0.009398841719410007,-0.006822291945583575,-0.006705539281741551,0.06158199999999994,0.048672000001332816,-0.08333999999922165,-0.004632999999999999,-0.0013480000000205185,0.001282999999978445
499,3.9999686970040784,0.05449597967717118,-0.305007206733945,-1.349494962253606,0.019365582022895778,0.002211452325322453,0.0005590980647149213,0.1415819999999998,0.09867200000533095,-0.3333399999984221,-0.007632999999999998,-0.004348000000036511,0.002282999999930469
500,4.0079412429986405,-0.32084575060521175,-0.731951103724135,-0.8612205081718814,0.05017034603719271,-0.013692220061703874,0.006586666265101801,0.1415819999999997,0.08867200000804969,-0.503339999998582,-0.006632999999999998,-0.0053480000000525035,0.003282999999914476
501,4.015635679003026,-0.4888079501418748,-0.8000136869201789,-1.0633254551778517,0.04159475696468239,-0.018484336311850674,0.01232503637753786,0.09158199999999982,0.018672000004531328,-0.28333999999970144,-0.002632999999999999,-0.0013480000000205185,0.0012829999999784437
502,4.02393409400247,-0.7735834252396935,-0.5824548353840936,-1.2665276530543852,0.033460437587484626,-0.025021707498220237,0.0017317659774823005,0.13158199999999978,0.05867200000565081,-0.35333999999906174,-0.004632999999999999,-0.0013480000000205185,0.001282999999978445
503,4.031896480999421,-0.3089257783495619,-0.4801628663461496,-1.3513842132546663,0.035874339143041466,-0.014066440606813412,0.00504970561861197,0.0915819999999999,0.05867200000245228,-0.15333899999906175,-0.004632999999999999,-0.0013480000000205185,0.001282999999978445
504,4.039929209000547,-0.4776420103261133,-0.3367362407733944,-1.2738150596193694,0.035472761485717215,-0.01280494128577173,0.004130753394396379,0.11158199999999988,0.058672000003092,-0.19333999999906176,-0.007632999999999998,-0.0043480000000525034,0.003282999999930469
505,4.047674891000497,-0.8509180761663946,-0.7505383782736315,-1.1227063106264907,0.034977296402644596,-0.013314646536822477,-0.00024474189673081626,0.10158199999999991,0.07867200000261222,-0.1633399999987419,-0.006632999999999998,-0.001348000000036511,0.002282999999978446
506,4.055947127002582,0.03348178497441159,-0.6706244427831413,-1.0573619614558984,0.033551615295004854,-0.006308982553324118,0.005190148630103476,0.041582000000000015,0.02867199999973355,0.01666100000045851,-0.0006329999999999998,0.0006519999999954741,0.0002830000000104275
507,4.063897380998242,-0.06521850363776995,-0.6282916117139832,-0.8653149469589823,0.033990451771474646,-0.0027096010322161168,0.007950307247294645,0.1015819999999998,0.04867200000517101,-0.32333899999922167,-0.003632999999999999,-0.0003480000000205185,0.001282999999994437
508,4.071892428997671,-0.15375842596681327,-0.4577503444395658,-1.016716990163591,0.03367878349971993,-0.007386791468378687,0.008124950277488587,0.0715819999999999,0.04867200000293207,-0.18333999999922165,-0.004632999999999999,-0.0013480000000205185,0.001282999999978445
509,4.079599078999308,-0.09928803639884627,-0.7315399848224863,-0.952871870214315,0.033033590070949796,0.0014612062185660882,-0.0010674786269722545,0.06158199999999991,0.03867200000229235,-0.14333899999938157,-0.0016329999999999997,0.0016519999999954741,0.0002830000000264207
510,4.087583767002798,-0.20912753727119462,-0.6237074205571037,-0.9426558908038173,0.03682452515596133,-0.014097833114852331,0.0009350789768536094,0.13158199999999984,0.07867200000437141,-0.2733399999987419,-0.007632999999999998,-0.005348000000036511,0.0022829999999144767
511,4.09566121899843,-0.043643622478601776,-0.8799815697911338,-1.1276552443066021,0.044103585648806336,-0.010326664574477392,0.011654605665720658,0.07158199999999984,0.04867200000421148,-0.2633399999992217,-0.003632999999999999,-0.002348000000020518,0.001282999999962452
512,4.103708303999156,-0.40945394635374843,-0.22635588501689397,-1.3788885785587872,0.023165230195448788,-0.006811540955063495,0.003500652495056132,0.08158199999999974,0.04867200000661036,-0.41333999999922166,-0.003632999999999999,-0.0003480000000205185,0.001282999999994437
513,4.11169895400235,0.22717808157639532,-0.45896413199979297,-0.9600507375485797,0.03481182136199332,-0.0007489608523846282,-0.0005736520709179043,0.05158199999999983,0.0386720000043714,-0.2733399999993816,-0.002632999999999999,0.0016519999999794815,0.0012830000000264214
514,4.119751969999925,-0.3645804173246179,-0.5840911978574889,-0.7293520255012416,0.03382336564097685,-0.01105532604883388,0.004052334345735262,0.12158199999999983,0.10867200000421148,-0.26333999999826213,-0.008632999999999998,-0.0023480000000525034,0.003282999999962455
515,4.127718936004385,0.3736861464464517,-1.0169282537063014,-0.7201203850526101,0.04870550509571238,0.0002446780960510895,0.0029715310437320864,0.09158199999999977,0.05867200000565081,-0.35333999999906174,-0.004632999999999999,-0.0003480000000205185,0.0012829999999944377
516,4.135938653998892,-0.3237128212856482,-0.2848537572284391,-1.2059334614484787,0.008540304082377876,0.008409017925369092,-0.0044536842486650645,0.08158199999999972,0.048672000006930206,-0.4333399999992217,-0.002633,0.0006519999999954741,0.00028300000001042877
517,4.143717628001468,-0.1719285101413217,-0.7065106430375494,-1.5998865216376994,0.030187140933048882,0.004730964636781124,0.0059710424739712374,0.08158199999999971,0.0586720000075699,-0.47333899999906176,-0.003633,0.0006519999999954741,0.0002830000000104294
518,4.15201254600106,-0.5433442126369636,-0.5849366848049581,-1.1589298092371645,0.019493065958239186,-0.014056094166408802,0.004066745519706919,0.021581999999999747,0.028672000006450416,-0.4033389999995415,-0.0006330000000000011,0.004652000000027459,-0.0017169999999256023
519,4.159707733997493,-0.34318265381474455,0.024563502857221642,-1.2763478715718035,0.006156303694397344,-0.005593601845358037,0.003150228658261953,0.07158199999999985,0.028672000003731685,-0.2333389999995415,-0.0036330000000000004,-0.0003479999999885334,-0.0007170000000055631
520,4.167758396004501,-0.5016079298930801,-0.1325922559303847,-1.0833208278518416,0.02379968125796085,-0.00577747825423486,0.0018745263643230876,0.01158199999999984,-0.0013279999959484494,-0.25334000000002127,0.0033669999999999985,0.005652000000043451,-0.002716999999909612
521,4.175711545001832,-0.5823351195501392,-0.33130817317635997,-1.0506189439771243,0.02931594070967491,-0.014550398964051784,0.004181069998355855,0.03158199999999982,0.008672000004531326,-0.2833399999998613,0.0013669999999999989,0.006652000000027459,-0.0017169999998936185
522,4.183709950004413,-0.5146147836564268,-0.3205596515868835,-1.4132121296738953,0.024354762982728175,-0.0006734654577128034,0.005870300538259145,0.06158199999999977,0.01867200000581073,-0.3633399999997014,0.00036699999999999954,0.0016520000000114668,-0.0007169999999735806
523,4.1916478510029265,-0.3330534290733419,-0.3972867032809609,-1.0639588597568865,0.007190778849486276,0.005387736797423443,-0.0017597486901127614,0.061581999999999824,0.028672000004371402,-0.2733399999995415,-0.002632999999999999,-0.0003480000000205184,0.0012829999999944364
524,4.199951105001674,-0.23503476364619932,-0.9769726520452369,-1.2085516307015975,0.05093455225765401,-0.007844457086876248,0.008144921481435422,0.13158199999999973,0.028672000006770282,-0.4233399999995415,-0.0036329999999999986,-0.003348000000036511,0.002282999999946459
525,4.207689873997879,-0.06162067050621277,-0.2404457853600034,-1.5061081364387359,0.00011573189621111287,0.010732296048412715,-0.005713685525267279,0.11158199999999983,0.0686720000043714,-0.27333999999890185,-0.007632999999999997,-0.006348000000068497,0.004282999999898484
526,4.215911696002877,-0.28817933563010034,-0.6401199899253001,-0.7805754097001693,0.0411169842943094,-0.016380696136195468,0.005849346886434341,0.07158199999999984,0.0586720000043714,-0.2733399999990618,-0.002632999999999999,-0.0003480000000205184,0.0012829999999944364
527,4.223643160999927,0.23168807442554812,-0.33237156781995464,-1.2484733920265496,0.026167790574037588,-0.0030409098628763204,0.01594031776896498,0.07158199999999976,0.05867200000645042,-0.40333899999906175,-0.003633,0.0016519999999954741,0.00028300000002642195
528,4.231994023997686,-0.4884736300636508,-0.48801190021215457,-1.4421836272988604,0.020428230347742535,0.0015033755813749173,-0.0023873470028872184,0.021581999999999848,0.008672000003891624,-0.24333999999986133,0.0023669999999999993,0.0036520000000274592,-0.0017169999999415966
529,4.23969743699854,0.32727447812235744,-0.45766002954839224,-0.6537813393756876,0.034447825669134305,0.0035990270564049687,0.0026739437148719874,0.011581999999999891,-0.011327999997227852,-0.17334000000018115,0.0023669999999999993,0.004652000000027459,-0.0017169999999256042
530,4.247694388999662,-0.06669379598915766,-0.3796828467219018,-0.9643604066044883,0.0304467260627749,-0.009014703804798836,0.013611574369813138,0.1415819999999998,0.008672000005650805,-0.3533399999998614,-0.002632999999999999,-0.003348000000020518,0.0012829999999464587
531,4.255718621003325,0.017862970018384137,-0.3678832069289162,-0.7609581644909741,0.027312711743513653,0.0012102696661513185,0.0024240533390331997,0.09158199999999975,0.008672000006290492,-0.3933389999998614,-0.0016329999999999997,-0.0003480000000045259,0.0002829999999944356
532,4.2636651690045255,-0.17963956401195572,-0.4973813257746963,-1.5077845198965634,0.010563815885359859,0.024792196809637797,-0.006878113763860236,0.11158199999999983,0.018672000004371404,-0.2733399999997015,-0.003632999999999999,-0.002348000000020518,0.001282999999962452
533,4.271651139999449,-0.22641547576505727,-0.435625692318366,-0.8783145926470983,0.03662517007836123,-0.009575377124224555,0.004738422527165278,0.1015819999999999,0.008672000002772148,-0.17333999999986138,-0.0016329999999999997,-0.0023480000000045257,0.00028299999996245055
534,4.2796354980018805,-0.20482718902445907,-0.762619347555035,-1.0220843449530546,0.04250674041777417,-0.0053658991104643195,0.009005146585930159,0.15158199999999986,0.06867200000357175,-0.22333899999890186,-0.007632999999999998,-0.0063480000000525035,0.003282999999898484
535,4.287697120002122,-0.6830557153320379,-0.5136495041569538,-1.0198862975240153,0.03441644883674373,-0.014736451646033993,0.0036871117977115963,0.15158199999999977,0.04867200000581073,-0.36333999999922173,-0.003632999999999999,-0.003348000000020518,0.0012829999999464593
536,4.295722374001343,-0.44490229803809767,-0.779474196260578,-1.362313637309823,0.03333211316588405,-0.00030930833698127443,-0.0024319905041314833,0.0915819999999997,0.048672000007250076,-0.45334099999922167,-0.0016329999999999997,0.0016519999999954741,0.0002830000000264207
537,4.303694610003731,-0.00036113060785232656,-0.6263163412192663,-0.962368747113374,0.040175177171613265,-0.005142974734791215,0.006508164254508601,0.04158199999999974,0.05867200000661036,-0.4133399999990617,0.0023669999999999993,0.005652000000027459,-0.0017169999999096116
538,4.311723250997602,-0.174528299933989,-0.6621306025855513,-1.0867157047044032,0.04075793221636451,-0.005896099448813819,0.0011135271025348656,0.041581999999999786,0.04867200000549088,-0.3433399999992216,0.0023669999999999993,0.005652000000027459,-0.0017169999999096116
539,4.31972074299847,0.3291859077654736,-0.34076082531520546,-1.5134087199477548,0.014392921153755242,0.02740068813539213,-9.62306000773244e-05,0.09158199999999991,0.03867200000197253,-0.1233409999993816,-0.005632999999999998,-0.0043480000000525034,0.003282999999930468
540,4.3278868310007965,-0.5875220774326266,-0.8811409488967598,-0.827131033626882,0.046140484929688044,-0.014569967487041133,0.0066926381621805866,0.1415819999999999,0.028672000003092,-0.19333999999954157,-0.008632999999999997,-0.007348000000068497,0.004282999999882493
541,4.335684190002212,-0.21630377218034014,-0.5626161183352816,-1.1208642762540975,0.035514448508295667,-0.006533610389120455,0.0012972504763613746,0.09158199999999982,0.038672000004531325,-0.2833399999993816,-0.006632999999999998,-0.0033480000000525034,0.003282999999946461
542,4.343896042999404,-0.2480413550268753,-0.5959470338633494,-1.454528202938713,0.026136940879008305,0.003101147900677332,-0.0016691751602136045,0.10158199999999988,0.02867200000325194,-0.20334099999954153,-0.004632999999999998,-0.002348000000036511,0.0022829999999624522
543,4.3518870629995945,-0.2670377095361059,-0.3737326063427324,-1.2160049111339213,0.031256480893067845,-0.01672001317045111,-0.0030253486209402005,0.1415819999999999,0.04867200000293207,-0.1833399999992217,-0.006632999999999998,-0.0043480000000525034,0.0032829999999304687
544,4.359737730999768,-0.747168869009321,-1.1994908172139738,-0.9751117281228103,0.05488568417387395,-0.03037530937047724,0.009905288128230343,0.15158199999999977,0.06867200000581072,-0.3633399999989019,-0.005632999999999998,-0.003348000000036511,0.0022829999999464602
545,4.367728712000826,-0.5558768840375371,-0.5217621753205716,-2.1132829199183982,-0.003519612830198451,0.01580918832268439,-0.002929440469241234,0.07158199999999981,0.04867200000485116,-0.3033389999992217,-0.0006330000000000004,0.0016520000000114668,-0.0007169999999735799
546,4.3757419739995385,-0.6768337291079761,-0.4733711291209818,-1.3572899675285008,0.033840907912272594,-0.016055437498912806,0.004221994151287781,0.08158199999999985,0.04867200000389162,-0.24333999999922165,-0.0016329999999999997,-0.0003480000000045259,0.0002829999999944356
547,4.383902089997719,-0.2677865511310114,-0.06035356411433832,-1.196739758493786,0.009178071214671738,-0.01288704089912092,-0.0010472821515030584,0.051581999999999774,0.01867200000581073,-0.3633399999997014,0.0003669999999999989,0.002652000000027459,-0.001716999999957588
548,4.391931432001002,-0.7702803081967908,0.08222732410819357,-1.3031515447009234,0.008579933143493434,-0.029598400912816833,0.00045272001099586924,0.10158199999999981,0.028672000005011085,-0.3133389999995415,-0.0026330000000000004,-0.0023479999999885333,-0.0007170000000375488
549,4.399892637004086,-0.7339697527961293,-0.32169072003915683,-1.450447485784038,0.026506587851945575,-0.02838899321455559,0.003865770885197086,0.03158199999999994,-0.001327999998507256,-0.09334000000002127,0.0013669999999999982,0.0036520000000434517,-0.002716999999941596
550,4.407825337999384,0.20296713699833854,-0.3998010102352343,-1.165917790321376,0.026159750600089977,0.004932965032638483,0.003955162491424996,0.06158199999999988,0.03867200000293207,-0.18333999999938158,-0.002633,-0.0003480000000045259,0.00028299999999443625
551,4.41565336399799,-0.955270812912757,-0.7657881847514197,-1.1603455071388653,0.04814163032641156,-0.02649333162603027,0.007940432878523111,0.08158199999999974,0.04867200000661036,-0.41333999999922166,-0.003632999999999999,-0.0013480000000205185,0.0012829999999784444
552,4.423895553998591,-0.21258406710844446,-0.10680126212175328,-1.7561937111371981,-0.005063787473320533,0.019426365174449334,0.005062525569404466,0.14158199999999968,0.058672000008209615,-0.5133399999990618,-0.005632999999999999,-0.003348000000020518,0.0012829999999464606
553,4.431851638997614,-0.38681984643450873,-0.6113325721842428,-1.0460577632071941,0.03056693370069794,-0.004439135972101855,0.002475601703471005,0.11158199999999968,0.048672000008209614,-0.5133399999992218,-0.0016329999999999997,-0.0003480000000045259,0.0002829999999944356
554,4.439902391000942,-0.43643472201866507,-0.221603043895876,-1.3291292787457307,0.02285252676899281,-0.016812006145737007,0.008512367534129452,0.09158199999999977,0.05867200000565081,-0.35333999999906174,-0.0016330000000000003,0.0026520000000114664,-0.0007169999999575867
555,4.447552144003566,0.27642598289682024,-0.7343915754422378,-1.1671713429296013,0.029878732217057898,0.0022179536915020327,0.0024105915877298935,0.13158199999999973,0.05867200000677028,-0.42333999999906174,-0.0036329999999999986,-0.001348000000036511,0.002282999999978444
556,4.4558834609997575,-0.4926149332084075,-0.6729435444194082,-1.5735527896384465,0.017507583192146448,-0.0030142380585009196,-0.005293056358655874,0.16158199999999978,0.06867200000597067,-0.37334099999890186,-0.008632999999999998,-0.0053480000000525035,0.003282999999914477
557,4.46363802900305,-0.38626986172666333,-0.8908860787575245,-0.9531427114170118,0.043364225115116097,-0.02119505166555715,-0.006817472379259834,0.15158199999999983,0.018672000004371404,-0.2733399999997015,-0.008632999999999997,-0.006348000000068497,0.004282999999898485
558,4.4719309139982215,-0.3843859296680452,-0.43746448105503677,-1.0481949941880706,0.03193001918793354,-0.02356888733405826,0.007339358681209242,0.10158199999999991,0.018672000002292355,-0.14333899999970146,-0.006632999999999997,-0.006348000000068497,0.0042829999998984835
559,4.479851773001428,-0.28239669479672624,-0.10727819074536163,-1.9508234030682126,-0.00925972494123992,0.011657879565499145,-0.004491012642968438,0.09158199999999982,0.01867200000469127,-0.2933409999997015,-0.001632999999999999,-0.0003480000000205184,0.0012829999999944357
560,4.487730503999046,-0.2552655343077378,-0.41647380224276986,-1.2786681626607888,0.03805524123059073,-0.013770865650150078,0.007952327886060893,0.07158199999999974,0.038672000006610356,-0.4133399999993816,0.0013669999999999995,0.0036520000000114664,-0.0007169999999415961
561,4.49568182999792,-0.5346197930104252,-0.2744577034802828,-1.3709150135366548,0.018036040376015666,-0.0058736368212576025,0.003491476053742718,0.05158199999999981,0.04867200000501109,-0.3133389999992216,0.0003669999999999995,0.0036520000000114664,-0.0007169999999415954
562,4.503931414001272,-0.4710542132656721,-0.2504055714923731,-0.9716310282765341,0.023645889905622434,-0.025590415747570507,0.01568629938005512,0.0615819999999998,0.018672000005171014,-0.3233389999997014,0.00036699999999999954,0.0026520000000114664,-0.0007169999999575879
563,4.511648332001641,-0.28364395412551585,-0.6025302458519873,-0.8294677337973774,0.0359996552929404,-0.014275820193783102,0.014893985403120922,0.031582000000000034,0.018671999999093865,0.056660000000298597,-0.002632999999999999,-0.0003480000000205184,0.0012829999999944364
564,4.519709252999746,-0.34697622749826823,-0.6880728091720578,-1.0934797075031248,0.04432877129122258,-0.0201415414909084,0.0065154003386389495,0.051581999999999996,0.058672000000213345,-0.013339999999061717,-0.004632999999999999,-0.002348000000020518,0.0012829999999624524
565,4.52767454500281,-1.2232940715471559,-0.1637038902988295,-1.8858650964379835,-0.0058569414637442115,-0.012166314779285689,-0.006975274502495269,0.1715819999999999,0.058672000003092,-0.19333999999906182,-0.008632999999999998,-0.008348000000052503,0.0032829999998664995
566,4.535656589003338,-0.603439475426581,-0.2475545144426042,-1.9012025934948162,-0.00374015214568072,0.007932268847542822,-0.010622581496944337,0.10158199999999994,0.018672000001812596,-0.11333999999970144,-0.004632999999999998,-0.005348000000036511,0.0022829999999144745
567,4.543560015998082,-0.5628086764809462,-0.14830924976432844,-1.2321486081048405,0.018215596720640957,-0.010926459265314927,0.004452710686848306,0.141582,0.048672000000053416,-0.0033399999992217004,-0.008632999999999997,-0.009348000000068496,0.004282999999850507
568,4.55154413299897,-0.3389032594529021,-0.1139323874007543,-2.0227417319586567,-0.013702887898970983,0.019363371398518545,-0.008548929781700083,0.16158199999999986,0.06867200000357175,-0.22333899999890186,-0.008632999999999998,-0.0063480000000525035,0.0032829999998984847
569,4.559850463003386,-0.5242970389763044,-0.518939856780209,-0.7757919904338847,0.028041951642282664,-0.021013881749239408,0.006452074289581477,0.16158199999999984,0.05867200000405155,-0.2533399999990618,-0.007632999999999998,-0.007348000000036511,0.0022829999998824914
570,4.567892819002736,-0.7370589051404801,-0.3412109891123277,-2.0422993905964675,-0.009087765787205057,0.0037701253886471037,-0.004573493795005617,0.15158199999999988,0.03867200000277214,-0.17333999999938163,-0.006632999999999998,-0.008348000000052503,0.003282999999866498
571,4.5759436810039915,0.4190459516435299,-0.6220589908879485,-1.1124682817604523,0.03405548491391265,-0.0027925966127997645,0.015486276092086715,0.11158199999999983,0.028672000004211474,-0.26333999999954155,-0.004632999999999998,-0.004348000000036511,0.0022829999999304674
572,4.583888255998318,-0.25083823724317844,-0.723149491368526,-1.2721119566807595,0.042165523158086936,-0.013117309082006083,-0.004033207347082344,0.10158199999999984,0.0386720000043714,-0.27333999999938163,-0.005632999999999998,-0.0033480000000525034,0.0032829999999464603
573,4.5916554180003,-0.28301290998600603,-0.7252423155176226,-1.3779787076562051,0.03495518721550488,-0.0013179498389997548,0.003228891230765042,0.14158199999999996,0.06867200000165266,-0.10333999999890185,-0.008632999999999997,-0.007348000000068497,0.004282999999882493
574,4.599974841999938,0.024129707510566315,-0.4480944019398574,-0.9445559190790943,0.029317965868910747,-0.012470478518837034,-0.0002846883436114579,0.13158199999999987,0.06867200000373168,-0.23333899999890184,-0.009632999999999996,-0.005348000000068497,0.0042829999999144785
575,4.607702590001281,-0.12211018690731709,-0.6515470634532832,-0.7602612245315433,0.033538216491380855,-0.02243553388174811,0.008343983374326678,0.12158199999999993,0.06867200000181259,-0.11333999999890183,-0.010632999999999997,-0.006348000000068497,0.004282999999898486
576,4.615600256001926,-0.3279062388534503,-0.48539515922715304,-0.872996957120648,0.033482547619439536,-0.009616336248174944,0.0045841232280294944,0.08158199999999992,0.038672000002132424,-0.1333389999993816,-0.005632999999999999,-0.0003480000000205185,0.0012829999999944381
577,4.623566761001712,-0.0425823002297252,-0.6112576757672917,-1.1001540722256442,0.029605800309364896,0.000885358388774904,0.012568579262288316,0.13158199999999978,0.04867200000533095,-0.3333399999992217,-0.005632999999999998,-0.001348000000036511,0.0022829999999784455
578,4.631581776004168,-0.3913938158810434,-0.460923927788725,-1.6053984253504074,0.0006777079745716902,0.01597403650252314,0.0028714353746998934,0.11158199999999979,0.028672000005330954,-0.33333999999954156,-0.002633,0.0006519999999954741,0.00028300000001042877
579,4.639565602999937,-0.9747185074922211,-0.8455551534796493,-1.1410193946065834,0.04710742297984142,-0.028138830842378205,0.0057173180953696435,0.14158199999999974,0.048672000006930206,-0.4333399999992217,-0.003632999999999999,-0.002348000000020518,0.001282999999962452
580,4.647562104000826,-0.5821773559382432,-0.3757069974147889,-0.7978033508528377,0.024245603206731123,-0.01634120697070346,0.00365197612327697,0.14158199999999985,0.0386720000043714,-0.27333999999938163,-0.004632999999999998,-0.004348000000036511,0.0022829999999304674
581,4.65555362500163,-0.4447965924601049,-0.6501062222378683,-1.1283016720849686,0.029961413223155386,-0.012822182490160143,0.0003542760980148356,0.13158199999999978,0.06867200000581072,-0.3633399999989018,-0.007632999999999998,-0.0043480000000525034,0.003282999999930469
582,4.663704204001988,-0.38048677796361086,-0.24789427041987788,-0.9139027830121567,0.03441201088315255,-0.015493236061410334,0.006423158855658879,0.1615819999999997,0.03867200000741,-0.46334099999938166,-0.007632999999999998,-0.0053480000000525035,0.0032829999999144767
583,4.672138683003141,-0.14280180232815431,-0.05433353531216917,-1.5634708440755112,-0.013356502688427085,0.014619096428973757,-0.013042783961840766,0.17158199999999976,0.03867200000613056,-0.38333899999938165,-0.008632999999999997,-0.006348000000068497,0.004282999999898485
584,4.679587350001384,-0.09749504262483605,-0.329805667418904,-2.129159198593312,-0.006751003151892372,0.020032105535107196,-0.005807586806793738,0.12158199999999987,0.008672000003091998,-0.1933399999998614,-0.002632999999999999,-0.0013480000000205185,0.0012829999999784437
585,4.6876829259999795,-1.1150574444462094,-0.1341663633397602,-1.7001188556675257,-0.007902643016341747,0.007737348686839844,-0.013406600743965378,0.15158199999999983,0.03867200000389162,-0.24333999999938163,-0.004632999999999999,-0.003348000000020518,0.00128299999994646
586,4.695640573998389,-0.2312702811798536,-0.10640070832350484,-1.2862248317936649,0.017032856407871357,0.004445794432350968,0.0018005082550939786,0.15158199999999974,0.018672000006450418,-0.40333899999970146,-0.004632999999999998,-0.002348000000036511,0.0022829999999624522
587,4.703966801003844,0.11179256845162809,-0.29761502208160784,-1.536675186260424,0.010072122679949305,0.009041640985446252,-0.01100459392873472,0.13158199999999995,0.03867200000165267,-0.10333999999938162,-0.007632999999999998,-0.003348000000036511,0.0022829999999464615
588,4.711669272001018,-0.2748145056271672,-0.995468288533718,-1.3541939445955067,0.05908357231355333,-0.02038449403186491,0.005853652661751112,0.16158199999999998,0.03867200000037326,-0.023339999999381637,-0.010632999999999997,-0.008348000000068495,0.004282999999866501
589,4.719710766999924,-0.38781310041579226,-0.7108229647169246,-1.3784958982716378,0.027386068646207705,-0.003781060968292295,0.0006916597265742019,0.1415819999999999,0.03867200000293207,-0.18333999999938164,-0.007632999999999998,-0.006348000000036511,0.002282999999898484
590,4.727643689002434,-0.9058059441351801,-0.4687424077548124,-1.724060924702856,-0.0018150299502587407,-0.003784140752759837,-0.008515013200336442,0.11158199999999992,0.04867200000197253,-0.12334099999922168,-0.007632999999999998,-0.004348000000036511,0.002282999999930469
591,4.7356843820016365,-0.6662024717313371,-0.3654427089213576,-1.7442228930615034,-0.004014250439999967,0.01639889825810511,-0.013955389139319808,0.1315819999999998,0.06867200000517101,-0.3233389999989018,-0.006632999999999998,-0.004348000000036511,0.0022829999999304687
592,4.7436558960034745,-0.8320811523169745,0.21069839114162156,-1.7743651185130673,-0.016026502905751947,0.006657030110109925,-0.013125437163209219,0.18158199999999983,0.0686720000043714,-0.2733399999989019,-0.007632999999999998,-0.0073480000000525035,0.0032829999998824915
593,4.751682082001935,-0.9845799875066291,-0.5606267380969291,-1.2309234399818796,0.028790352068709453,-0.01997900696000045,0.005327554654768913,0.13158199999999984,0.03867200000405155,-0.2533399999993816,-0.003632999999999999,-0.004348000000020519,0.0012829999999304667
594,4.759664466997492,-0.4548878519934362,-0.5722959728730075,-1.906438378845251,0.0037909075992192324,0.018149192930315722,-0.011104364301791372,0.11158199999999985,0.058672000003891625,-0.24333999999906175,-0.007632999999999998,-0.0063480000000525035,0.003282999999898484
595,4.7680317199992714,-0.39382226340884235,-0.8338459642706392,-1.1431016689401252,0.04391519165822214,-0.024298802180630172,0.003553724277703631,0.13158199999999975,0.07867200000613057,-0.3833389999987419,-0.004632999999999998,-0.004348000000036511,0.0022829999999304674
596,4.775706690001243,-0.6648514391632052,-0.7836690551015463,-0.9849634853745014,0.0465712609097124,-0.015342681175825573,0.0035701826072407376,0.14158199999999982,0.07867200000485117,-0.303338999998742,-0.005632999999999998,-0.004348000000036511,0.002282999999930468
597,4.783628431003308,-0.6525747743786044,-0.37036475228286925,-0.7397361489481608,0.034510054586845994,-0.020201692143194377,0.010164978981804183,0.2015819999999999,0.11867200000261222,-0.16333999999810228,-0.014632999999999995,-0.013348000000116475,0.007282999999786541
598,4.791788677997829,-0.5232172574231924,-0.6165948486853422,-1.1912228252637964,0.03734552184100103,-0.014640958638669637,0.0005597610013229163,0.1115819999999999,0.04867200000261222,-0.1633399999992217,-0.005632999999999997,-0.006348000000068497,0.0042829999998984835
599,4.799754380997911,-0.4275509465489199,-0.37497314397274,-1.1019208624797967,0.025527196216580075,-0.015071785852303173,0.004628346681321427,0.05158199999999994,-0.01132799999834733,-0.1033400000001812,0.00036700000000000014,-0.001348000000004526,0.0002829999999784418
600,4.807614065997768,-0.2682337142244774,-0.8908176188479027,-0.8825100974786605,0.04188365606018651,-0.00907875811074924,0.011699916457718557,0.07158199999999987,0.008672000003571757,-0.22333899999986137,-0.001632999999999999,-0.0013480000000205185,0.001282999999978443
601,4.8155984240002,-0.4669288214423803,-0.44320799928333077,-0.9640566268817702,0.029882408180691385,-0.013084686655446605,0.0004003246046362874,0.14158199999999996,0.058672000001492745,-0.09333999999906178,-0.009632999999999996,-0.008348000000068495,0.0042829999998665
602,4.823580558004323,0.16070248862151235,-0.9720037484472024,-0.9930155602276517,0.04004546313305584,-0.006036279927665652,0.014752673657792195,0.1215819999999999,0.03867200000229235,-0.1433389999993816,-0.004632999999999998,-0.005348000000036511,0.0022829999999144745
603,4.831593820003036,-0.53366090990275,-0.6201652595444846,-0.9517218389954967,0.03476790949184281,-0.008117728812111393,0.0021843675926973977,0.13158199999999995,0.04867200000165267,-0.1033399999992217,-0.005632999999999998,-0.005348000000036511,0.0022829999999144754
604,4.839766349999991,-0.5673777420447745,-0.43993243114137803,-0.9768010948477726,0.03189297528891907,-0.020633798770991307,-0.0017284214757360282,0.07158199999999978,0.038672000005810725,-0.3633399999993816,0.0023669999999999993,0.0016520000000274592,-0.0017169999999735819
605,4.847711314003391,-0.6092488287614071,-0.451623928769855,-0.48523001235860186,0.03191976506085062,-0.02567370650253572,0.003272000794238207,0.021581999999999785,0.028672000005490878,-0.34333999999954146,0.0043669999999999985,0.006652000000043451,-0.00271699999989362
606,4.855783136001264,-0.5653904949906781,-0.49977042485763884,-1.0452004476518135,0.030180142651101062,-0.011667672453420964,-0.0009675015458275174,0.03158199999999977,0.02867200000581073,-0.3633399999995415,0.0033669999999999985,0.005652000000043451,-0.002716999999909612
607,4.863701130001573,-0.02446780518743134,-0.6402857912371254,-0.6858175273995057,0.040286521256360494,-0.008480505540877915,9.895279213849954e-05,0.031581999999999805,-0.0013279999949889132,-0.31333900000002124,0.0023669999999999997,0.0036520000000114664,-0.0007169999999415967
608,4.871615948002727,-0.5403104469399156,-0.4430355165969646,-1.0615182174009836,0.029901508455711427,-0.018695844686928306,0.012011785904168348,0.08158199999999978,0.018672000005650804,-0.35333999999970145,-0.0006329999999999998,-0.0003480000000045259,0.000282999999994435
609,4.879714880000392,-0.7267971636040278,-0.6225627751322418,-0.8666084974090971,0.04026757747110548,-0.01769795049204494,0.009825676839868111,0.14158199999999974,0.048672000007250076,-0.45334099999922167,-0.003633,-0.0023480000000045257,0.0002829999999624518
610,4.8876937380046,-0.07515316881596175,-0.6583593449642586,-1.057085610531909,0.0463272236597795,-0.00528509782666074,0.009542668226306499,0.12158199999999973,0.028672000006770282,-0.4233399999995415,-0.003632999999999999,-0.002348000000020518,0.001282999999962452
611,4.895695067003544,-0.5486858338594716,-0.8977297592713323,-1.658503954890488,0.020872467444074855,0.015303246380627173,-0.0002500158180969808,0.07158199999999985,0.028672000003731685,-0.2333389999995415,0.00036699999999999954,0.0006520000000114666,-0.0007169999999895731
612,4.903744117000315,-0.5721064119395838,-0.6151089828610188,-0.8967583153529428,0.05005245311101534,-0.0081135682197377,0.009541509318363839,0.10158200000000003,0.01867199999941373,0.03665900000029854,-0.005632999999999998,-0.0053480000000525035,0.0032829999999144754
613,4.9115937930037035,-0.7571472997344346,-0.48769838460462767,-0.8967408600166591,0.0324800241262889,-0.019919231299484013,-0.00569717108345645,0.09158199999999984,0.03867200000405155,-0.2533399999993816,-0.005632999999999998,-0.002348000000036511,0.002282999999962453
614,4.91954495900427,-0.46594973336766604,-0.6406978482007352,-1.3637081466175154,0.029437260509199804,-0.010506699920966247,9.802050909846975e-05,0.11158199999999979,0.03867200000533095,-0.33333999999938163,-0.004632999999999999,-0.002348000000020518,0.0012829999999624524
615,4.927547200000845,-0.6079167834485314,-0.5603165094140169,-1.0750084925952519,0.030264637422745547,-0.017981162627851818,0.009318654832901275,0.1315819999999998,0.06867200000517101,-0.3233389999989018,-0.006632999999999997,-0.005348000000068497,0.004282999999914477
616,4.93573558999924,-0.1735232589880769,-0.6872366507228488,-1.3457480453457507,0.03092852585732393,-0.0011580545664011846,0.007115515104826418,0.1415819999999998,0.05867200000565081,-0.35333999999906174,-0.007632999999999998,-0.0043480000000525034,0.003282999999930469
617,4.943688689003466,-0.19442892899999695,-0.705214298769721,-1.0811601577686516,0.03854993881216931,-0.014671101643600071,0.009660701076720783,0.10158199999999983,0.05867200000469127,-0.29334099999906177,-0.005632999999999998,-0.003348000000036511,0.0022829999999464602
618,4.9519306080037495,-0.1585109708837299,-0.6800793495537836,-0.8420313089704262,0.03546969165795934,-0.004571563525145756,0.00643361566290675,0.12158199999999979,0.07867200000517102,-0.3233389999987419,-0.004632999999999998,-0.003348000000036511,0.00228299999994646
619,4.959716155004571,-0.3409516369239105,-0.21741059296452694,-1.6307390590693653,0.004029858428576348,0.011425130178941955,-0.0013269326309779921,0.12158199999999984,0.06867200000373168,-0.23333899999890184,-0.0036329999999999986,-0.002348000000036511,0.002282999999962452
620,4.967932776999078,-0.520673429193185,-0.44934000622971937,-1.0559252066373448,0.03052439483066136,-0.02001263425339229,0.004280324324647128,0.14158199999999985,0.06867200000453132,-0.2833399999989018,-0.005632999999999998,-0.0043480000000525034,0.003282999999930468
621,4.9758393700030865,-0.37803150156200094,-0.4008303456725204,-0.976267628060381,0.035861471350468875,-0.022680560898045186,0.012627711055594128,0.1315819999999999,0.018672000003092,-0.19333999999970147,-0.002633,-0.0033480000000045257,0.0002829999999464586
622,4.983935337004368,-0.2996130938769356,-0.5229698419420322,-1.3546672008864922,0.027987916224709804,-0.0037321873424004262,0.00012904147360915476,0.12158199999999977,0.03867200000549088,-0.3433399999993816,-0.0016329999999999997,-0.0023480000000045257,0.00028299999996245055
623,4.9917294990009395,-0.08056405481977641,-0.9419119155023326,-1.0287458888402716,0.04764182895860786,0.00018963208707502074,0.005371611803825993,0.12158199999999979,0.06867200000533095,-0.33333999999890185,-0.002633,-0.001348000000004526,0.0002829999999784437
624,4.999774650998006,-0.3759517496221112,-0.2739913005057876,-1.7267970170473237,-0.0012116328844533428,0.007226337017697233,-0.0035537425246495915,0.12158199999999973,0.04867200000677028,-0.42333999999922167,-0.004632999999999999,-0.0013480000000205185,0.001282999999978445
625,5.007674731001316,-0.2931576965502575,-0.44699407112512884,-1.6834196075908445,0.008819849132671054,0.010586924482087328,-0.0036231067377063214,0.15158199999999983,0.028672000004371402,-0.27333999999954156,-0.006632999999999998,-0.005348000000036511,0.002282999999914476
