solid 
 facet normal  9.362519e-01  1.284501e-02  3.510945e-01
   outer loop
     vertex  1.450000e+01 -3.551476e-15  8.933333e+01
     vertex  1.500000e+01 -3.673940e-15  8.800000e+01
     vertex  1.499435e+01  4.115107e-01  8.800000e+01
   endloop
 endfacet
 facet normal  9.362519e-01  1.284501e-02  3.510945e-01
   outer loop
     vertex  1.199548e+01  3.292086e-01  9.600000e+01
     vertex  1.200000e+01 -2.939152e-15  9.600000e+01
     vertex  1.250000e+01 -3.061617e-15  9.466667e+01
   endloop
 endfacet
 facet normal  9.362519e-01 -1.284501e-02  3.510945e-01
   outer loop
     vertex  1.450000e+01 -3.551476e-15  8.933333e+01
     vertex  1.499435e+01 -4.115107e-01  8.800000e+01
     vertex  1.500000e+01 -3.673940e-15  8.800000e+01
   endloop
 endfacet
 facet normal  9.362519e-01 -1.284501e-02  3.510945e-01
   outer loop
     vertex  1.200000e+01 -2.939152e-15  9.600000e+01
     vertex  1.199548e+01 -3.292086e-01  9.600000e+01
     vertex  1.250000e+01 -3.061617e-15  9.466667e+01
   endloop
 endfacet
 facet normal  9.355580e-01  3.852580e-02  3.510655e-01
   outer loop
     vertex  1.447836e+01  7.918336e-01  8.933333e+01
     vertex  1.499435e+01  4.115107e-01  8.800000e+01
     vertex  1.497742e+01  8.227117e-01  8.800000e+01
   endloop
 endfacet
 facet normal  9.341271e-01  6.417594e-02  3.511239e-01
   outer loop
     vertex  1.447836e+01  7.918336e-01  8.933333e+01
     vertex  1.497742e+01  8.227117e-01  8.800000e+01
     vertex  1.494921e+01  1.233293e+00  8.800000e+01
   endloop
 endfacet
 facet normal  9.347270e-01  2.554141e-02  3.544476e-01
   outer loop
     vertex  1.447836e+01  7.918336e-01  8.933333e+01
     vertex  1.450000e+01 -3.551476e-15  8.933333e+01
     vertex  1.499435e+01  4.115107e-01  8.800000e+01
   endloop
 endfacet
 facet normal  9.320473e-01  8.978180e-02  3.510370e-01
   outer loop
     vertex  1.441352e+01  1.581304e+00  8.933333e+01
     vertex  1.494921e+01  1.233293e+00  8.800000e+01
     vertex  1.490975e+01  1.642947e+00  8.800000e+01
   endloop
 endfacet
 facet normal  9.291899e-01  1.153124e-01  3.511539e-01
   outer loop
     vertex  1.441352e+01  1.581304e+00  8.933333e+01
     vertex  1.490975e+01  1.642947e+00  8.800000e+01
     vertex  1.485907e+01  2.051363e+00  8.800000e+01
   endloop
 endfacet
 facet normal  9.319376e-01  7.654802e-02  3.544471e-01
   outer loop
     vertex  1.441352e+01  1.581304e+00  8.933333e+01
     vertex  1.447836e+01  7.918336e-01  8.933333e+01
     vertex  1.494921e+01  1.233293e+00  8.800000e+01
   endloop
 endfacet
 facet normal  9.360229e-01  2.557682e-02  3.510086e-01
   outer loop
     vertex  1.397911e+01  7.645290e-01  9.066667e+01
     vertex  1.400000e+01 -3.429011e-15  9.066667e+01
     vertex  1.450000e+01 -3.551476e-15  8.933333e+01
   endloop
 endfacet
 facet normal  9.360229e-01  2.557682e-02  3.510086e-01
   outer loop
     vertex  1.397911e+01  7.645290e-01  9.066667e+01
     vertex  1.450000e+01 -3.551476e-15  8.933333e+01
     vertex  1.447836e+01  7.918336e-01  8.933333e+01
   endloop
 endfacet
 facet normal  9.263671e-01  1.273262e-01  3.544460e-01
   outer loop
     vertex  1.430566e+01  2.366055e+00  8.933333e+01
     vertex  1.441352e+01  1.581304e+00  8.933333e+01
     vertex  1.485907e+01  2.051363e+00  8.800000e+01
   endloop
 endfacet
 facet normal  9.257304e-01  1.407686e-01  3.510091e-01
   outer loop
     vertex  1.430566e+01  2.366055e+00  8.933333e+01
     vertex  1.485907e+01  2.051363e+00  8.800000e+01
     vertex  1.479720e+01  2.458235e+00  8.800000e+01
   endloop
 endfacet
 facet normal  9.214554e-01  1.661005e-01  3.511844e-01
   outer loop
     vertex  1.430566e+01  2.366055e+00  8.933333e+01
     vertex  1.479720e+01  2.458235e+00  8.800000e+01
     vertex  1.472419e+01  2.863257e+00  8.800000e+01
   endloop
 endfacet
 facet normal  9.332294e-01  7.665413e-02  3.510086e-01
   outer loop
     vertex  1.391650e+01  1.526776e+00  9.066667e+01
     vertex  1.447836e+01  7.918336e-01  8.933333e+01
     vertex  1.441352e+01  1.581304e+00  8.933333e+01
   endloop
 endfacet
 facet normal  9.332294e-01  7.665413e-02  3.510086e-01
   outer loop
     vertex  1.391650e+01  1.526776e+00  9.066667e+01
     vertex  1.397911e+01  7.645290e-01  9.066667e+01
     vertex  1.447836e+01  7.918336e-01  8.933333e+01
   endloop
 endfacet
 facet normal  9.180322e-01  1.777245e-01  3.544445e-01
   outer loop
     vertex  1.415510e+01  3.143745e+00  8.933333e+01
     vertex  1.430566e+01  2.366055e+00  8.933333e+01
     vertex  1.472419e+01  2.863257e+00  8.800000e+01
   endloop
 endfacet
 facet normal  9.166262e-01  1.913328e-01  3.509817e-01
   outer loop
     vertex  1.415510e+01  3.143745e+00  8.933333e+01
     vertex  1.472419e+01  2.863257e+00  8.800000e+01
     vertex  1.464010e+01  3.266124e+00  8.800000e+01
   endloop
 endfacet
 facet normal  9.109469e-01  2.163873e-01  3.512154e-01
   outer loop
     vertex  1.415510e+01  3.143745e+00  8.933333e+01
     vertex  1.464010e+01  3.266124e+00  8.800000e+01
     vertex  1.454498e+01  3.666531e+00  8.800000e+01
   endloop
 endfacet
 facet normal  9.360229e-01  2.557682e-02  3.510086e-01
   outer loop
     vertex  1.347986e+01  7.372244e-01  9.200000e+01
     vertex  1.350000e+01 -3.306546e-15  9.200000e+01
     vertex  1.400000e+01 -3.429011e-15  9.066667e+01
   endloop
 endfacet
 facet normal  9.360229e-01  2.557682e-02  3.510086e-01
   outer loop
     vertex  1.347986e+01  7.372244e-01  9.200000e+01
     vertex  1.300000e+01 -3.184082e-15  9.333333e+01
     vertex  1.350000e+01 -3.306546e-15  9.200000e+01
   endloop
 endfacet
 facet normal  9.360229e-01  2.557682e-02  3.510086e-01
   outer loop
     vertex  1.347986e+01  7.372244e-01  9.200000e+01
     vertex  1.400000e+01 -3.429011e-15  9.066667e+01
     vertex  1.397911e+01  7.645290e-01  9.066667e+01
   endloop
 endfacet
 facet normal  9.276508e-01  1.275027e-01  3.510086e-01
   outer loop
     vertex  1.381236e+01  2.284467e+00  9.066667e+01
     vertex  1.391650e+01  1.526776e+00  9.066667e+01
     vertex  1.441352e+01  1.581304e+00  8.933333e+01
   endloop
 endfacet
 facet normal  9.276508e-01  1.275027e-01  3.510086e-01
   outer loop
     vertex  1.381236e+01  2.284467e+00  9.066667e+01
     vertex  1.441352e+01  1.581304e+00  8.933333e+01
     vertex  1.430566e+01  2.366055e+00  8.933333e+01
   endloop
 endfacet
 facet normal  9.047621e-01  2.413220e-01  3.509547e-01
   outer loop
     vertex  1.396230e+01  3.912053e+00  8.933333e+01
     vertex  1.454498e+01  3.666531e+00  8.800000e+01
     vertex  1.443892e+01  4.064179e+00  8.800000e+01
   endloop
 endfacet
 facet normal  8.976961e-01  2.660213e-01  3.512469e-01
   outer loop
     vertex  1.396230e+01  3.912053e+00  8.933333e+01
     vertex  1.443892e+01  4.064179e+00  8.800000e+01
     vertex  1.432199e+01  4.458768e+00  8.800000e+01
   endloop
 endfacet
 facet normal  9.069577e-01  2.275925e-01  3.544424e-01
   outer loop
     vertex  1.396230e+01  3.912053e+00  8.933333e+01
     vertex  1.415510e+01  3.143745e+00  8.933333e+01
     vertex  1.454498e+01  3.666531e+00  8.800000e+01
   endloop
 endfacet
 facet normal  9.332294e-01  7.665413e-02  3.510086e-01
   outer loop
     vertex  1.341948e+01  1.472249e+00  9.200000e+01
     vertex  1.397911e+01  7.645290e-01  9.066667e+01
     vertex  1.391650e+01  1.526776e+00  9.066667e+01
   endloop
 endfacet
 facet normal  9.332294e-01  7.665413e-02  3.510086e-01
   outer loop
     vertex  1.341948e+01  1.472249e+00  9.200000e+01
     vertex  1.347986e+01  7.372244e-01  9.200000e+01
     vertex  1.397911e+01  7.645290e-01  9.066667e+01
   endloop
 endfacet
 facet normal  9.193038e-01  1.779707e-01  3.510086e-01
   outer loop
     vertex  1.366699e+01  3.035340e+00  9.066667e+01
     vertex  1.381236e+01  2.284467e+00  9.066667e+01
     vertex  1.430566e+01  2.366055e+00  8.933333e+01
   endloop
 endfacet
 facet normal  9.193038e-01  1.779707e-01  3.510086e-01
   outer loop
     vertex  1.366699e+01  3.035340e+00  9.066667e+01
     vertex  1.430566e+01  2.366055e+00  8.933333e+01
     vertex  1.415510e+01  3.143745e+00  8.933333e+01
   endloop
 endfacet
 facet normal  8.931766e-01  2.767815e-01  3.544398e-01
   outer loop
     vertex  1.372783e+01  4.668686e+00  8.933333e+01
     vertex  1.396230e+01  3.912053e+00  8.933333e+01
     vertex  1.432199e+01  4.458768e+00  8.800000e+01
   endloop
 endfacet
 facet normal  8.901737e-01  2.905857e-01  3.509283e-01
   outer loop
     vertex  1.372783e+01  4.668686e+00  8.933333e+01
     vertex  1.432199e+01  4.458768e+00  8.800000e+01
     vertex  1.419428e+01  4.849999e+00  8.800000e+01
   endloop
 endfacet
 facet normal  8.817429e-01  3.148532e-01  3.512789e-01
   outer loop
     vertex  1.372783e+01  4.668686e+00  8.933333e+01
     vertex  1.419428e+01  4.849999e+00  8.800000e+01
     vertex  1.405588e+01  5.237580e+00  8.800000e+01
   endloop
 endfacet
 facet normal  9.360229e-01  2.557682e-02  3.510086e-01
   outer loop
     vertex  1.298060e+01  7.099198e-01  9.333333e+01
     vertex  1.300000e+01 -3.184082e-15  9.333333e+01
     vertex  1.347986e+01  7.372244e-01  9.200000e+01
   endloop
 endfacet
 facet normal  9.276508e-01  1.275027e-01  3.510086e-01
   outer loop
     vertex  1.331906e+01  2.202879e+00  9.200000e+01
     vertex  1.391650e+01  1.526776e+00  9.066667e+01
     vertex  1.381236e+01  2.284467e+00  9.066667e+01
   endloop
 endfacet
 facet normal  9.276508e-01  1.275027e-01  3.510086e-01
   outer loop
     vertex  1.331906e+01  2.202879e+00  9.200000e+01
     vertex  1.341948e+01  1.472249e+00  9.200000e+01
     vertex  1.391650e+01  1.526776e+00  9.066667e+01
   endloop
 endfacet
 facet normal  9.082131e-01  2.279076e-01  3.510086e-01
   outer loop
     vertex  1.348084e+01  3.777155e+00  9.066667e+01
     vertex  1.415510e+01  3.143745e+00  8.933333e+01
     vertex  1.396230e+01  3.912053e+00  8.933333e+01
   endloop
 endfacet
 facet normal  9.082131e-01  2.279076e-01  3.510086e-01
   outer loop
     vertex  1.348084e+01  3.777155e+00  9.066667e+01
     vertex  1.366699e+01  3.035340e+00  9.066667e+01
     vertex  1.415510e+01  3.143745e+00  8.933333e+01
   endloop
 endfacet
 facet normal  8.767301e-01  3.251445e-01  3.544366e-01
   outer loop
     vertex  1.345239e+01  5.411385e+00  8.933333e+01
     vertex  1.372783e+01  4.668686e+00  8.933333e+01
     vertex  1.405588e+01  5.237580e+00  8.800000e+01
   endloop
 endfacet
 facet normal  8.729050e-01  3.389756e-01  3.509024e-01
   outer loop
     vertex  1.345239e+01  5.411385e+00  8.933333e+01
     vertex  1.405588e+01  5.237580e+00  8.800000e+01
     vertex  1.390690e+01  5.621219e+00  8.800000e+01
   endloop
 endfacet
 facet normal  8.631355e-01  3.627359e-01  3.513114e-01
   outer loop
     vertex  1.345239e+01  5.411385e+00  8.933333e+01
     vertex  1.390690e+01  5.621219e+00  8.800000e+01
     vertex  1.374745e+01  6.000626e+00  8.800000e+01
   endloop
 endfacet
 facet normal  9.332294e-01  7.665413e-02  3.510086e-01
   outer loop
     vertex  1.292246e+01  1.417721e+00  9.333333e+01
     vertex  1.347986e+01  7.372244e-01  9.200000e+01
     vertex  1.341948e+01  1.472249e+00  9.200000e+01
   endloop
 endfacet
 facet normal  9.332294e-01  7.665413e-02  3.510086e-01
   outer loop
     vertex  1.292246e+01  1.417721e+00  9.333333e+01
     vertex  1.298060e+01  7.099198e-01  9.333333e+01
     vertex  1.347986e+01  7.372244e-01  9.200000e+01
   endloop
 endfacet
 facet normal  9.193038e-01  1.779707e-01  3.510086e-01
   outer loop
     vertex  1.317889e+01  2.926935e+00  9.200000e+01
     vertex  1.381236e+01  2.284467e+00  9.066667e+01
     vertex  1.366699e+01  3.035340e+00  9.066667e+01
   endloop
 endfacet
 facet normal  9.193038e-01  1.779707e-01  3.510086e-01
   outer loop
     vertex  1.317889e+01  2.926935e+00  9.200000e+01
     vertex  1.331906e+01  2.202879e+00  9.200000e+01
     vertex  1.381236e+01  2.284467e+00  9.066667e+01
   endloop
 endfacet
 facet normal  8.944121e-01  2.771643e-01  3.510086e-01
   outer loop
     vertex  1.325446e+01  4.507697e+00  9.066667e+01
     vertex  1.396230e+01  3.912053e+00  8.933333e+01
     vertex  1.372783e+01  4.668686e+00  8.933333e+01
   endloop
 endfacet
 facet normal  8.944121e-01  2.771643e-01  3.510086e-01
   outer loop
     vertex  1.325446e+01  4.507697e+00  9.066667e+01
     vertex  1.348084e+01  3.777155e+00  9.066667e+01
     vertex  1.396230e+01  3.912053e+00  8.933333e+01
   endloop
 endfacet
 facet normal  8.530078e-01  3.863459e-01  3.508769e-01
   outer loop
     vertex  1.313681e+01  6.137935e+00  8.933333e+01
     vertex  1.374745e+01  6.000626e+00  8.800000e+01
     vertex  1.357766e+01  6.375515e+00  8.800000e+01
   endloop
 endfacet
 facet normal  8.419300e-01  4.095252e-01  3.513445e-01
   outer loop
     vertex  1.313681e+01  6.137935e+00  8.933333e+01
     vertex  1.357766e+01  6.375515e+00  8.800000e+01
     vertex  1.339764e+01  6.745606e+00  8.800000e+01
   endloop
 endfacet
 facet normal  8.576673e-01  3.725375e-01  3.544329e-01
   outer loop
     vertex  1.313681e+01  6.137935e+00  8.933333e+01
     vertex  1.345239e+01  5.411385e+00  8.933333e+01
     vertex  1.374745e+01  6.000626e+00  8.800000e+01
   endloop
 endfacet
 facet normal  9.360229e-01  2.557682e-02  3.510086e-01
   outer loop
     vertex  1.248135e+01  6.826152e-01  9.466667e+01
     vertex  1.300000e+01 -3.184082e-15  9.333333e+01
     vertex  1.298060e+01  7.099198e-01  9.333333e+01
   endloop
 endfacet
 facet normal  9.355378e-01  3.852497e-02  3.511194e-01
   outer loop
     vertex  1.248135e+01  6.826152e-01  9.466667e+01
     vertex  1.198194e+01  6.581693e-01  9.600000e+01
     vertex  1.199548e+01  3.292086e-01  9.600000e+01
   endloop
 endfacet
 facet normal  9.341476e-01  6.417735e-02  3.510691e-01
   outer loop
     vertex  1.248135e+01  6.826152e-01  9.466667e+01
     vertex  1.195937e+01  9.866346e-01  9.600000e+01
     vertex  1.198194e+01  6.581693e-01  9.600000e+01
   endloop
 endfacet
 facet normal  9.370530e-01  2.560497e-02  3.482471e-01
   outer loop
     vertex  1.248135e+01  6.826152e-01  9.466667e+01
     vertex  1.199548e+01  3.292086e-01  9.600000e+01
     vertex  1.250000e+01 -3.061617e-15  9.466667e+01
   endloop
 endfacet
 facet normal  9.360229e-01  2.557682e-02  3.510086e-01
   outer loop
     vertex  1.248135e+01  6.826152e-01  9.466667e+01
     vertex  1.250000e+01 -3.061617e-15  9.466667e+01
     vertex  1.300000e+01 -3.184082e-15  9.333333e+01
   endloop
 endfacet
 facet normal  9.276508e-01  1.275027e-01  3.510086e-01
   outer loop
     vertex  1.282576e+01  2.121291e+00  9.333333e+01
     vertex  1.341948e+01  1.472249e+00  9.200000e+01
     vertex  1.331906e+01  2.202879e+00  9.200000e+01
   endloop
 endfacet
 facet normal  9.276508e-01  1.275027e-01  3.510086e-01
   outer loop
     vertex  1.282576e+01  2.121291e+00  9.333333e+01
     vertex  1.292246e+01  1.417721e+00  9.333333e+01
     vertex  1.341948e+01  1.472249e+00  9.200000e+01
   endloop
 endfacet
 facet normal  9.082131e-01  2.279076e-01  3.510086e-01
   outer loop
     vertex  1.299938e+01  3.642256e+00  9.200000e+01
     vertex  1.317889e+01  2.926935e+00  9.200000e+01
     vertex  1.366699e+01  3.035340e+00  9.066667e+01
   endloop
 endfacet
 facet normal  9.082131e-01  2.279076e-01  3.510086e-01
   outer loop
     vertex  1.299938e+01  3.642256e+00  9.200000e+01
     vertex  1.366699e+01  3.035340e+00  9.066667e+01
     vertex  1.348084e+01  3.777155e+00  9.066667e+01
   endloop
 endfacet
 facet normal  8.779417e-01  3.255939e-01  3.510086e-01
   outer loop
     vertex  1.298852e+01  5.224786e+00  9.066667e+01
     vertex  1.372783e+01  4.668686e+00  8.933333e+01
     vertex  1.345239e+01  5.411385e+00  8.933333e+01
   endloop
 endfacet
 facet normal  8.779417e-01  3.255939e-01  3.510086e-01
   outer loop
     vertex  1.298852e+01  5.224786e+00  9.066667e+01
     vertex  1.325446e+01  4.507697e+00  9.066667e+01
     vertex  1.372783e+01  4.668686e+00  8.933333e+01
   endloop
 endfacet
 facet normal  8.305420e-01  4.325539e-01  3.508520e-01
   outer loop
     vertex  1.278202e+01  6.846167e+00  8.933333e+01
     vertex  1.339764e+01  6.745606e+00  8.800000e+01
     vertex  1.320754e+01  7.110619e+00  8.800000e+01
   endloop
 endfacet
 facet normal  8.181903e-01  4.550804e-01  3.513780e-01
   outer loop
     vertex  1.278202e+01  6.846167e+00  8.933333e+01
     vertex  1.320754e+01  7.110619e+00  8.800000e+01
     vertex  1.300750e+01  7.470278e+00  8.800000e+01
   endloop
 endfacet
 facet normal  8.360449e-01  4.188188e-01  3.544288e-01
   outer loop
     vertex  1.278202e+01  6.846167e+00  8.933333e+01
     vertex  1.313681e+01  6.137935e+00  8.933333e+01
     vertex  1.339764e+01  6.745606e+00  8.800000e+01
   endloop
 endfacet
 facet normal  9.320074e-01  8.977795e-02  3.511440e-01
   outer loop
     vertex  1.242545e+01  1.363193e+00  9.466667e+01
     vertex  1.192780e+01  1.314357e+00  9.600000e+01
     vertex  1.195937e+01  9.866346e-01  9.600000e+01
   endloop
 endfacet
 facet normal  9.292311e-01  1.153176e-01  3.510432e-01
   outer loop
     vertex  1.242545e+01  1.363193e+00  9.466667e+01
     vertex  1.188725e+01  1.641090e+00  9.600000e+01
     vertex  1.192780e+01  1.314357e+00  9.600000e+01
   endloop
 endfacet
 facet normal  9.332294e-01  7.665413e-02  3.510086e-01
   outer loop
     vertex  1.242545e+01  1.363193e+00  9.466667e+01
     vertex  1.248135e+01  6.826152e-01  9.466667e+01
     vertex  1.298060e+01  7.099198e-01  9.333333e+01
   endloop
 endfacet
 facet normal  9.342563e-01  7.673848e-02  3.482475e-01
   outer loop
     vertex  1.242545e+01  1.363193e+00  9.466667e+01
     vertex  1.195937e+01  9.866346e-01  9.600000e+01
     vertex  1.248135e+01  6.826152e-01  9.466667e+01
   endloop
 endfacet
 facet normal  9.332294e-01  7.665413e-02  3.510086e-01
   outer loop
     vertex  1.242545e+01  1.363193e+00  9.466667e+01
     vertex  1.298060e+01  7.099198e-01  9.333333e+01
     vertex  1.292246e+01  1.417721e+00  9.333333e+01
   endloop
 endfacet
 facet normal  9.082131e-01  2.279076e-01  3.510086e-01
   outer loop
     vertex  1.269078e+01  2.818530e+00  9.333333e+01
     vertex  1.317889e+01  2.926935e+00  9.200000e+01
     vertex  1.299938e+01  3.642256e+00  9.200000e+01
   endloop
 endfacet
 facet normal  9.193038e-01  1.779707e-01  3.510086e-01
   outer loop
     vertex  1.269078e+01  2.818530e+00  9.333333e+01
     vertex  1.331906e+01  2.202879e+00  9.200000e+01
     vertex  1.317889e+01  2.926935e+00  9.200000e+01
   endloop
 endfacet
 facet normal  9.193038e-01  1.779707e-01  3.510086e-01
   outer loop
     vertex  1.269078e+01  2.818530e+00  9.333333e+01
     vertex  1.282576e+01  2.121291e+00  9.333333e+01
     vertex  1.331906e+01  2.202879e+00  9.200000e+01
   endloop
 endfacet
 facet normal  8.944121e-01  2.771643e-01  3.510086e-01
   outer loop
     vertex  1.278108e+01  4.346708e+00  9.200000e+01
     vertex  1.348084e+01  3.777155e+00  9.066667e+01
     vertex  1.325446e+01  4.507697e+00  9.066667e+01
   endloop
 endfacet
 facet normal  8.944121e-01  2.771643e-01  3.510086e-01
   outer loop
     vertex  1.278108e+01  4.346708e+00  9.200000e+01
     vertex  1.299938e+01  3.642256e+00  9.200000e+01
     vertex  1.348084e+01  3.777155e+00  9.066667e+01
   endloop
 endfacet
 facet normal  8.588512e-01  3.730517e-01  3.510086e-01
   outer loop
     vertex  1.268382e+01  5.926282e+00  9.066667e+01
     vertex  1.345239e+01  5.411385e+00  8.933333e+01
     vertex  1.313681e+01  6.137935e+00  8.933333e+01
   endloop
 endfacet
 facet normal  8.588512e-01  3.730517e-01  3.510086e-01
   outer loop
     vertex  1.268382e+01  5.926282e+00  9.066667e+01
     vertex  1.298852e+01  5.224786e+00  9.066667e+01
     vertex  1.345239e+01  5.411385e+00  8.933333e+01
   endloop
 endfacet
 facet normal  8.371976e-01  4.193962e-01  3.510086e-01
   outer loop
     vertex  1.268382e+01  5.926282e+00  9.066667e+01
     vertex  1.313681e+01  6.137935e+00  8.933333e+01
     vertex  1.278202e+01  6.846167e+00  8.933333e+01
   endloop
 endfacet
 facet normal  8.055752e-01  4.774606e-01  3.508276e-01
   outer loop
     vertex  1.238908e+01  7.533967e+00  8.933333e+01
     vertex  1.300750e+01  7.470278e+00  8.800000e+01
     vertex  1.279766e+01  7.824315e+00  8.800000e+01
   endloop
 endfacet
 facet normal  7.919879e-01  4.992642e-01  3.514120e-01
   outer loop
     vertex  1.238908e+01  7.533967e+00  8.933333e+01
     vertex  1.279766e+01  7.824315e+00  8.800000e+01
     vertex  1.257819e+01  8.172462e+00  8.800000e+01
   endloop
 endfacet
 facet normal  8.119275e-01  4.638505e-01  3.544240e-01
   outer loop
     vertex  1.238908e+01  7.533967e+00  8.933333e+01
     vertex  1.278202e+01  6.846167e+00  8.933333e+01
     vertex  1.300750e+01  7.470278e+00  8.800000e+01
   endloop
 endfacet
 facet normal  9.286713e-01  1.276429e-01  3.482483e-01
   outer loop
     vertex  1.233246e+01  2.039703e+00  9.466667e+01
     vertex  1.188725e+01  1.641090e+00  9.600000e+01
     vertex  1.242545e+01  1.363193e+00  9.466667e+01
   endloop
 endfacet
 facet normal  9.256715e-01  1.407597e-01  3.511681e-01
   outer loop
     vertex  1.233246e+01  2.039703e+00  9.466667e+01
     vertex  1.183776e+01  1.966588e+00  9.600000e+01
     vertex  1.188725e+01  1.641090e+00  9.600000e+01
   endloop
 endfacet
 facet normal  9.215172e-01  1.661117e-01  3.510169e-01
   outer loop
     vertex  1.233246e+01  2.039703e+00  9.466667e+01
     vertex  1.177935e+01  2.290606e+00  9.600000e+01
     vertex  1.183776e+01  1.966588e+00  9.600000e+01
   endloop
 endfacet
 facet normal  9.276508e-01  1.275027e-01  3.510086e-01
   outer loop
     vertex  1.233246e+01  2.039703e+00  9.466667e+01
     vertex  1.242545e+01  1.363193e+00  9.466667e+01
     vertex  1.292246e+01  1.417721e+00  9.333333e+01
   endloop
 endfacet
 facet normal  9.276508e-01  1.275027e-01  3.510086e-01
   outer loop
     vertex  1.233246e+01  2.039703e+00  9.466667e+01
     vertex  1.292246e+01  1.417721e+00  9.333333e+01
     vertex  1.282576e+01  2.121291e+00  9.333333e+01
   endloop
 endfacet
 facet normal  9.082131e-01  2.279076e-01  3.510086e-01
   outer loop
     vertex  1.251792e+01  3.507358e+00  9.333333e+01
     vertex  1.269078e+01  2.818530e+00  9.333333e+01
     vertex  1.299938e+01  3.642256e+00  9.200000e+01
   endloop
 endfacet
 facet normal  8.779417e-01  3.255939e-01  3.510086e-01
   outer loop
     vertex  1.252464e+01  5.038186e+00  9.200000e+01
     vertex  1.278108e+01  4.346708e+00  9.200000e+01
     vertex  1.325446e+01  4.507697e+00  9.066667e+01
   endloop
 endfacet
 facet normal  8.779417e-01  3.255939e-01  3.510086e-01
   outer loop
     vertex  1.252464e+01  5.038186e+00  9.200000e+01
     vertex  1.325446e+01  4.507697e+00  9.066667e+01
     vertex  1.298852e+01  5.224786e+00  9.066667e+01
   endloop
 endfacet
 facet normal  8.588512e-01  3.730517e-01  3.510086e-01
   outer loop
     vertex  1.252464e+01  5.038186e+00  9.200000e+01
     vertex  1.298852e+01  5.224786e+00  9.066667e+01
     vertex  1.268382e+01  5.926282e+00  9.066667e+01
   endloop
 endfacet
 facet normal  8.371976e-01  4.193962e-01  3.510086e-01
   outer loop
     vertex  1.234126e+01  6.610092e+00  9.066667e+01
     vertex  1.268382e+01  5.926282e+00  9.066667e+01
     vertex  1.278202e+01  6.846167e+00  8.933333e+01
   endloop
 endfacet
 facet normal  7.853871e-01  5.074981e-01  3.544188e-01
   outer loop
     vertex  1.195917e+01  8.199283e+00  8.933333e+01
     vertex  1.238908e+01  7.533967e+00  8.933333e+01
     vertex  1.257819e+01  8.172462e+00  8.800000e+01
   endloop
 endfacet
 facet normal  7.781825e-01  5.209306e-01  3.508037e-01
   outer loop
     vertex  1.195917e+01  8.199283e+00  8.933333e+01
     vertex  1.257819e+01  8.172462e+00  8.800000e+01
     vertex  1.234925e+01  8.514456e+00  8.800000e+01
   endloop
 endfacet
 facet normal  7.634018e-01  5.419437e-01  3.514466e-01
   outer loop
     vertex  1.195917e+01  8.199283e+00  8.933333e+01
     vertex  1.234925e+01  8.514456e+00  8.800000e+01
     vertex  1.211102e+01  8.850042e+00  8.800000e+01
   endloop
 endfacet
 facet normal  9.193038e-01  1.779707e-01  3.510086e-01
   outer loop
     vertex  1.220267e+01  2.710125e+00  9.466667e+01
     vertex  1.233246e+01  2.039703e+00  9.466667e+01
     vertex  1.282576e+01  2.121291e+00  9.333333e+01
   endloop
 endfacet
 facet normal  9.165491e-01  1.913167e-01  3.511917e-01
   outer loop
     vertex  1.220267e+01  2.710125e+00  9.466667e+01
     vertex  1.171208e+01  2.612899e+00  9.600000e+01
     vertex  1.177935e+01  2.290606e+00  9.600000e+01
   endloop
 endfacet
 facet normal  9.110291e-01  2.164068e-01  3.509902e-01
   outer loop
     vertex  1.220267e+01  2.710125e+00  9.466667e+01
     vertex  1.163599e+01  2.933225e+00  9.600000e+01
     vertex  1.171208e+01  2.612899e+00  9.600000e+01
   endloop
 endfacet
 facet normal  9.193038e-01  1.779707e-01  3.510086e-01
   outer loop
     vertex  1.220267e+01  2.710125e+00  9.466667e+01
     vertex  1.282576e+01  2.121291e+00  9.333333e+01
     vertex  1.269078e+01  2.818530e+00  9.333333e+01
   endloop
 endfacet
 facet normal  9.203146e-01  1.781664e-01  3.482496e-01
   outer loop
     vertex  1.220267e+01  2.710125e+00  9.466667e+01
     vertex  1.177935e+01  2.290606e+00  9.600000e+01
     vertex  1.233246e+01  2.039703e+00  9.466667e+01
   endloop
 endfacet
 facet normal  8.944121e-01  2.771643e-01  3.510086e-01
   outer loop
     vertex  1.230771e+01  4.185718e+00  9.333333e+01
     vertex  1.299938e+01  3.642256e+00  9.200000e+01
     vertex  1.278108e+01  4.346708e+00  9.200000e+01
   endloop
 endfacet
 facet normal  8.944121e-01  2.771643e-01  3.510086e-01
   outer loop
     vertex  1.230771e+01  4.185718e+00  9.333333e+01
     vertex  1.251792e+01  3.507358e+00  9.333333e+01
     vertex  1.299938e+01  3.642256e+00  9.200000e+01
   endloop
 endfacet
 facet normal  8.779417e-01  3.255939e-01  3.510086e-01
   outer loop
     vertex  1.230771e+01  4.185718e+00  9.333333e+01
     vertex  1.278108e+01  4.346708e+00  9.200000e+01
     vertex  1.252464e+01  5.038186e+00  9.200000e+01
   endloop
 endfacet
 facet normal  8.588512e-01  3.730517e-01  3.510086e-01
   outer loop
     vertex  1.223082e+01  5.714629e+00  9.200000e+01
     vertex  1.252464e+01  5.038186e+00  9.200000e+01
     vertex  1.268382e+01  5.926282e+00  9.066667e+01
   endloop
 endfacet
 facet normal  8.130454e-01  4.644891e-01  3.510086e-01
   outer loop
     vertex  1.196187e+01  7.274175e+00  9.066667e+01
     vertex  1.234126e+01  6.610092e+00  9.066667e+01
     vertex  1.278202e+01  6.846167e+00  8.933333e+01
   endloop
 endfacet
 facet normal  8.130454e-01  4.644891e-01  3.510086e-01
   outer loop
     vertex  1.196187e+01  7.274175e+00  9.066667e+01
     vertex  1.278202e+01  6.846167e+00  8.933333e+01
     vertex  1.238908e+01  7.533967e+00  8.933333e+01
   endloop
 endfacet
 facet normal  7.484464e-01  5.628331e-01  3.507804e-01
   outer loop
     vertex  1.149357e+01  8.840129e+00  8.933333e+01
     vertex  1.211102e+01  8.850042e+00  8.800000e+01
     vertex  1.186367e+01  9.178965e+00  8.800000e+01
   endloop
 endfacet
 facet normal  7.325182e-01  5.829904e-01  3.514816e-01
   outer loop
     vertex  1.149357e+01  8.840129e+00  8.933333e+01
     vertex  1.186367e+01  9.178965e+00  8.800000e+01
     vertex  1.160739e+01  9.500978e+00  8.800000e+01
   endloop
 endfacet
 facet normal  7.565029e-01  5.496315e-01  3.544130e-01
   outer loop
     vertex  1.149357e+01  8.840129e+00  8.933333e+01
     vertex  1.195917e+01  8.199283e+00  8.933333e+01
     vertex  1.211102e+01  8.850042e+00  8.800000e+01
   endloop
 endfacet
 facet normal  9.046678e-01  2.412969e-01  3.512149e-01
   outer loop
     vertex  1.203647e+01  3.372460e+00  9.466667e+01
     vertex  1.155114e+01  3.251343e+00  9.600000e+01
     vertex  1.163599e+01  2.933225e+00  9.600000e+01
   endloop
 endfacet
 facet normal  9.082131e-01  2.279076e-01  3.510086e-01
   outer loop
     vertex  1.203647e+01  3.372460e+00  9.466667e+01
     vertex  1.220267e+01  2.710125e+00  9.466667e+01
     vertex  1.269078e+01  2.818530e+00  9.333333e+01
   endloop
 endfacet
 facet normal  8.977981e-01  2.660516e-01  3.509630e-01
   outer loop
     vertex  1.203647e+01  3.372460e+00  9.466667e+01
     vertex  1.145759e+01  3.567014e+00  9.600000e+01
     vertex  1.155114e+01  3.251343e+00  9.600000e+01
   endloop
 endfacet
 facet normal  9.082131e-01  2.279076e-01  3.510086e-01
   outer loop
     vertex  1.203647e+01  3.372460e+00  9.466667e+01
     vertex  1.269078e+01  2.818530e+00  9.333333e+01
     vertex  1.251792e+01  3.507358e+00  9.333333e+01
   endloop
 endfacet
 facet normal  9.092112e-01  2.281580e-01  3.482513e-01
   outer loop
     vertex  1.203647e+01  3.372460e+00  9.466667e+01
     vertex  1.163599e+01  2.933225e+00  9.600000e+01
     vertex  1.220267e+01  2.710125e+00  9.466667e+01
   endloop
 endfacet
 facet normal  8.588512e-01  3.730517e-01  3.510086e-01
   outer loop
     vertex  1.206077e+01  4.851587e+00  9.333333e+01
     vertex  1.252464e+01  5.038186e+00  9.200000e+01
     vertex  1.223082e+01  5.714629e+00  9.200000e+01
   endloop
 endfacet
 facet normal  8.779417e-01  3.255939e-01  3.510086e-01
   outer loop
     vertex  1.206077e+01  4.851587e+00  9.333333e+01
     vertex  1.230771e+01  4.185718e+00  9.333333e+01
     vertex  1.252464e+01  5.038186e+00  9.200000e+01
   endloop
 endfacet
 facet normal  8.371976e-01  4.193962e-01  3.510086e-01
   outer loop
     vertex  1.190050e+01  6.374018e+00  9.200000e+01
     vertex  1.268382e+01  5.926282e+00  9.066667e+01
     vertex  1.234126e+01  6.610092e+00  9.066667e+01
   endloop
 endfacet
 facet normal  8.130454e-01  4.644891e-01  3.510086e-01
   outer loop
     vertex  1.190050e+01  6.374018e+00  9.200000e+01
     vertex  1.234126e+01  6.610092e+00  9.066667e+01
     vertex  1.196187e+01  7.274175e+00  9.066667e+01
   endloop
 endfacet
 facet normal  8.371976e-01  4.193962e-01  3.510086e-01
   outer loop
     vertex  1.190050e+01  6.374018e+00  9.200000e+01
     vertex  1.223082e+01  5.714629e+00  9.200000e+01
     vertex  1.268382e+01  5.926282e+00  9.066667e+01
   endloop
 endfacet
 facet normal  7.864668e-01  5.081958e-01  3.510086e-01
   outer loop
     vertex  1.154679e+01  7.916549e+00  9.066667e+01
     vertex  1.196187e+01  7.274175e+00  9.066667e+01
     vertex  1.238908e+01  7.533967e+00  8.933333e+01
   endloop
 endfacet
 facet normal  7.864668e-01  5.081958e-01  3.510086e-01
   outer loop
     vertex  1.154679e+01  7.916549e+00  9.066667e+01
     vertex  1.238908e+01  7.533967e+00  8.933333e+01
     vertex  1.195917e+01  8.199283e+00  8.933333e+01
   endloop
 endfacet
 facet normal  7.253609e-01  5.901249e-01  3.544068e-01
   outer loop
     vertex  1.099367e+01  9.454593e+00  8.933333e+01
     vertex  1.149357e+01  8.840129e+00  8.933333e+01
     vertex  1.160739e+01  9.500978e+00  8.800000e+01
   endloop
 endfacet
 facet normal  7.164564e-01  6.030418e-01  3.507575e-01
   outer loop
     vertex  1.099367e+01  9.454593e+00  8.933333e+01
     vertex  1.160739e+01  9.500978e+00  8.800000e+01
     vertex  1.134237e+01  9.815840e+00  8.800000e+01
   endloop
 endfacet
 facet normal  6.994301e-01  6.222807e-01  3.515172e-01
   outer loop
     vertex  1.099367e+01  9.454593e+00  8.933333e+01
     vertex  1.134237e+01  9.815840e+00  8.800000e+01
     vertex  1.106881e+01  1.012331e+01  8.800000e+01
   endloop
 endfacet
 facet normal  8.900634e-01  2.905497e-01  3.512377e-01
   outer loop
     vertex  1.183434e+01  4.024729e+00  9.466667e+01
     vertex  1.135542e+01  3.880000e+00  9.600000e+01
     vertex  1.145759e+01  3.567014e+00  9.600000e+01
   endloop
 endfacet
 facet normal  8.818642e-01  3.148965e-01  3.509354e-01
   outer loop
     vertex  1.183434e+01  4.024729e+00  9.466667e+01
     vertex  1.124470e+01  4.190064e+00  9.600000e+01
     vertex  1.135542e+01  3.880000e+00  9.600000e+01
   endloop
 endfacet
 facet normal  8.944121e-01  2.771643e-01  3.510086e-01
   outer loop
     vertex  1.183434e+01  4.024729e+00  9.466667e+01
     vertex  1.251792e+01  3.507358e+00  9.333333e+01
     vertex  1.230771e+01  4.185718e+00  9.333333e+01
   endloop
 endfacet
 facet normal  8.953942e-01  2.774686e-01  3.482534e-01
   outer loop
     vertex  1.183434e+01  4.024729e+00  9.466667e+01
     vertex  1.145759e+01  3.567014e+00  9.600000e+01
     vertex  1.203647e+01  3.372460e+00  9.466667e+01
   endloop
 endfacet
 facet normal  8.944121e-01  2.771643e-01  3.510086e-01
   outer loop
     vertex  1.183434e+01  4.024729e+00  9.466667e+01
     vertex  1.203647e+01  3.372460e+00  9.466667e+01
     vertex  1.251792e+01  3.507358e+00  9.333333e+01
   endloop
 endfacet
 facet normal  8.588512e-01  3.730517e-01  3.510086e-01
   outer loop
     vertex  1.177783e+01  5.502976e+00  9.333333e+01
     vertex  1.206077e+01  4.851587e+00  9.333333e+01
     vertex  1.223082e+01  5.714629e+00  9.200000e+01
   endloop
 endfacet
 facet normal  8.130454e-01  4.644891e-01  3.510086e-01
   outer loop
     vertex  1.153466e+01  7.014383e+00  9.200000e+01
     vertex  1.190050e+01  6.374018e+00  9.200000e+01
     vertex  1.196187e+01  7.274175e+00  9.066667e+01
   endloop
 endfacet
 facet normal  7.864668e-01  5.081958e-01  3.510086e-01
   outer loop
     vertex  1.153466e+01  7.014383e+00  9.200000e+01
     vertex  1.196187e+01  7.274175e+00  9.066667e+01
     vertex  1.154679e+01  7.916549e+00  9.066667e+01
   endloop
 endfacet
 facet normal  7.575411e-01  5.503858e-01  3.510086e-01
   outer loop
     vertex  1.109724e+01  8.535297e+00  9.066667e+01
     vertex  1.195917e+01  8.199283e+00  8.933333e+01
     vertex  1.149357e+01  8.840129e+00  8.933333e+01
   endloop
 endfacet
 facet normal  7.575411e-01  5.503858e-01  3.510086e-01
   outer loop
     vertex  1.109724e+01  8.535297e+00  9.066667e+01
     vertex  1.154679e+01  7.916549e+00  9.066667e+01
     vertex  1.195917e+01  8.199283e+00  8.933333e+01
   endloop
 endfacet
 facet normal  6.920542e-01  6.288574e-01  3.544000e-01
   outer loop
     vertex  1.046095e+01  1.004084e+01  8.933333e+01
     vertex  1.099367e+01  9.454593e+00  8.933333e+01
     vertex  1.106881e+01  1.012331e+01  8.800000e+01
   endloop
 endfacet
 facet normal  6.823088e-01  6.414356e-01  3.507351e-01
   outer loop
     vertex  1.046095e+01  1.004084e+01  8.933333e+01
     vertex  1.106881e+01  1.012331e+01  8.800000e+01
     vertex  1.078692e+01  1.042316e+01  8.800000e+01
   endloop
 endfacet
 facet normal  6.642371e-01  6.596964e-01  3.515532e-01
   outer loop
     vertex  1.046095e+01  1.004084e+01  8.933333e+01
     vertex  1.078692e+01  1.042316e+01  8.800000e+01
     vertex  1.049691e+01  1.071517e+01  8.800000e+01
   endloop
 endfacet
 facet normal  8.779417e-01  3.255939e-01  3.510086e-01
   outer loop
     vertex  1.159689e+01  4.664987e+00  9.466667e+01
     vertex  1.183434e+01  4.024729e+00  9.466667e+01
     vertex  1.230771e+01  4.185718e+00  9.333333e+01
   endloop
 endfacet
 facet normal  8.727800e-01  3.389270e-01  3.512601e-01
   outer loop
     vertex  1.159689e+01  4.664987e+00  9.466667e+01
     vertex  1.112552e+01  4.496975e+00  9.600000e+01
     vertex  1.124470e+01  4.190064e+00  9.600000e+01
   endloop
 endfacet
 facet normal  8.632752e-01  3.627946e-01  3.509074e-01
   outer loop
     vertex  1.159689e+01  4.664987e+00  9.466667e+01
     vertex  1.099796e+01  4.800501e+00  9.600000e+01
     vertex  1.112552e+01  4.496975e+00  9.600000e+01
   endloop
 endfacet
 facet normal  8.779417e-01  3.255939e-01  3.510086e-01
   outer loop
     vertex  1.159689e+01  4.664987e+00  9.466667e+01
     vertex  1.230771e+01  4.185718e+00  9.333333e+01
     vertex  1.206077e+01  4.851587e+00  9.333333e+01
   endloop
 endfacet
 facet normal  8.789048e-01  3.259511e-01  3.482559e-01
   outer loop
     vertex  1.159689e+01  4.664987e+00  9.466667e+01
     vertex  1.124470e+01  4.190064e+00  9.600000e+01
     vertex  1.183434e+01  4.024729e+00  9.466667e+01
   endloop
 endfacet
 facet normal  8.588512e-01  3.730517e-01  3.510086e-01
   outer loop
     vertex  1.159689e+01  4.664987e+00  9.466667e+01
     vertex  1.206077e+01  4.851587e+00  9.333333e+01
     vertex  1.177783e+01  5.502976e+00  9.333333e+01
   endloop
 endfacet
 facet normal  8.371976e-01  4.193962e-01  3.510086e-01
   outer loop
     vertex  1.145974e+01  6.137943e+00  9.333333e+01
     vertex  1.223082e+01  5.714629e+00  9.200000e+01
     vertex  1.190050e+01  6.374018e+00  9.200000e+01
   endloop
 endfacet
 facet normal  8.371976e-01  4.193962e-01  3.510086e-01
   outer loop
     vertex  1.145974e+01  6.137943e+00  9.333333e+01
     vertex  1.177783e+01  5.502976e+00  9.333333e+01
     vertex  1.223082e+01  5.714629e+00  9.200000e+01
   endloop
 endfacet
 facet normal  8.130454e-01  4.644891e-01  3.510086e-01
   outer loop
     vertex  1.145974e+01  6.137943e+00  9.333333e+01
     vertex  1.190050e+01  6.374018e+00  9.200000e+01
     vertex  1.153466e+01  7.014383e+00  9.200000e+01
   endloop
 endfacet
 facet normal  7.864668e-01  5.081958e-01  3.510086e-01
   outer loop
     vertex  1.113440e+01  7.633815e+00  9.200000e+01
     vertex  1.153466e+01  7.014383e+00  9.200000e+01
     vertex  1.154679e+01  7.916549e+00  9.066667e+01
   endloop
 endfacet
 facet normal  7.263545e-01  5.909332e-01  3.510086e-01
   outer loop
     vertex  1.061457e+01  9.128572e+00  9.066667e+01
     vertex  1.149357e+01  8.840129e+00  8.933333e+01
     vertex  1.099367e+01  9.454593e+00  8.933333e+01
   endloop
 endfacet
 facet normal  6.930003e-01  6.297171e-01  3.510086e-01
   outer loop
     vertex  1.061457e+01  9.128572e+00  9.066667e+01
     vertex  1.099367e+01  9.454593e+00  8.933333e+01
     vertex  1.046095e+01  1.004084e+01  8.933333e+01
   endloop
 endfacet
 facet normal  7.263545e-01  5.909332e-01  3.510086e-01
   outer loop
     vertex  1.061457e+01  9.128572e+00  9.066667e+01
     vertex  1.109724e+01  8.535297e+00  9.066667e+01
     vertex  1.149357e+01  8.840129e+00  8.933333e+01
   endloop
 endfacet
 facet normal  6.461063e-01  6.778989e-01  3.507133e-01
   outer loop
     vertex  9.897021e+00  1.059712e+01  8.933333e+01
     vertex  1.049691e+01  1.071517e+01  8.800000e+01
     vertex  1.019900e+01  1.099911e+01  8.800000e+01
   endloop
 endfacet
 facet normal  6.270454e-01  6.951249e-01  3.515898e-01
   outer loop
     vertex  9.897021e+00  1.059712e+01  8.933333e+01
     vertex  1.019900e+01  1.099911e+01  8.800000e+01
     vertex  9.893410e+00  1.127477e+01  8.800000e+01
   endloop
 endfacet
 facet normal  6.566821e-01  6.657136e-01  3.543926e-01
   outer loop
     vertex  9.897021e+00  1.059712e+01  8.933333e+01
     vertex  1.046095e+01  1.004084e+01  8.933333e+01
     vertex  1.049691e+01  1.071517e+01  8.800000e+01
   endloop
 endfacet
 facet normal  8.528694e-01  3.862832e-01  3.512820e-01
   outer loop
     vertex  1.132484e+01  5.291324e+00  9.466667e+01
     vertex  1.086213e+01  5.100412e+00  9.600000e+01
     vertex  1.099796e+01  4.800501e+00  9.600000e+01
   endloop
 endfacet
 facet normal  8.420870e-01  4.096016e-01  3.508789e-01
   outer loop
     vertex  1.132484e+01  5.291324e+00  9.466667e+01
     vertex  1.071811e+01  5.396485e+00  9.600000e+01
     vertex  1.086213e+01  5.100412e+00  9.600000e+01
   endloop
 endfacet
 facet normal  8.588512e-01  3.730517e-01  3.510086e-01
   outer loop
     vertex  1.132484e+01  5.291324e+00  9.466667e+01
     vertex  1.159689e+01  4.664987e+00  9.466667e+01
     vertex  1.177783e+01  5.502976e+00  9.333333e+01
   endloop
 endfacet
 facet normal  8.597924e-01  3.734605e-01  3.482589e-01
   outer loop
     vertex  1.132484e+01  5.291324e+00  9.466667e+01
     vertex  1.099796e+01  4.800501e+00  9.600000e+01
     vertex  1.159689e+01  4.664987e+00  9.466667e+01
   endloop
 endfacet
 facet normal  8.130454e-01  4.644891e-01  3.510086e-01
   outer loop
     vertex  1.110745e+01  6.754591e+00  9.333333e+01
     vertex  1.145974e+01  6.137943e+00  9.333333e+01
     vertex  1.153466e+01  7.014383e+00  9.200000e+01
   endloop
 endfacet
 facet normal  7.864668e-01  5.081958e-01  3.510086e-01
   outer loop
     vertex  1.110745e+01  6.754591e+00  9.333333e+01
     vertex  1.153466e+01  7.014383e+00  9.200000e+01
     vertex  1.113440e+01  7.633815e+00  9.200000e+01
   endloop
 endfacet
 facet normal  7.575411e-01  5.503858e-01  3.510086e-01
   outer loop
     vertex  1.070091e+01  8.230465e+00  9.200000e+01
     vertex  1.113440e+01  7.633815e+00  9.200000e+01
     vertex  1.154679e+01  7.916549e+00  9.066667e+01
   endloop
 endfacet
 facet normal  7.575411e-01  5.503858e-01  3.510086e-01
   outer loop
     vertex  1.070091e+01  8.230465e+00  9.200000e+01
     vertex  1.154679e+01  7.916549e+00  9.066667e+01
     vertex  1.109724e+01  8.535297e+00  9.066667e+01
   endloop
 endfacet
 facet normal  6.930003e-01  6.297171e-01  3.510086e-01
   outer loop
     vertex  1.010023e+01  9.694604e+00  9.066667e+01
     vertex  1.061457e+01  9.128572e+00  9.066667e+01
     vertex  1.046095e+01  1.004084e+01  8.933333e+01
   endloop
 endfacet
 facet normal  6.193500e-01  7.005833e-01  3.543848e-01
   outer loop
     vertex  9.303552e+00  1.112178e+01  8.933333e+01
     vertex  9.897021e+00  1.059712e+01  8.933333e+01
     vertex  9.893410e+00  1.127477e+01  8.800000e+01
   endloop
 endfacet
 facet normal  6.079579e-01  7.123218e-01  3.506919e-01
   outer loop
     vertex  9.303552e+00  1.112178e+01  8.933333e+01
     vertex  9.893410e+00  1.127477e+01  8.800000e+01
     vertex  9.580374e+00  1.154194e+01  8.800000e+01
   endloop
 endfacet
 facet normal  5.879670e-01  7.284596e-01  3.516269e-01
   outer loop
     vertex  9.303552e+00  1.112178e+01  8.933333e+01
     vertex  9.580374e+00  1.154194e+01  8.800000e+01
     vertex  9.260126e+00  1.180043e+01  8.800000e+01
   endloop
 endfacet
 facet normal  8.303919e-01  4.324758e-01  3.513034e-01
   outer loop
     vertex  1.101898e+01  5.901868e+00  9.466667e+01
     vertex  1.056603e+01  5.688495e+00  9.600000e+01
     vertex  1.071811e+01  5.396485e+00  9.600000e+01
   endloop
 endfacet
 facet normal  8.183633e-01  4.551766e-01  3.508500e-01
   outer loop
     vertex  1.101898e+01  5.901868e+00  9.466667e+01
     vertex  1.040600e+01  5.976223e+00  9.600000e+01
     vertex  1.056603e+01  5.688495e+00  9.600000e+01
   endloop
 endfacet
 facet normal  8.381139e-01  4.198553e-01  3.482623e-01
   outer loop
     vertex  1.101898e+01  5.901868e+00  9.466667e+01
     vertex  1.071811e+01  5.396485e+00  9.600000e+01
     vertex  1.132484e+01  5.291324e+00  9.466667e+01
   endloop
 endfacet
 facet normal  8.371976e-01  4.193962e-01  3.510086e-01
   outer loop
     vertex  1.101898e+01  5.901868e+00  9.466667e+01
     vertex  1.132484e+01  5.291324e+00  9.466667e+01
     vertex  1.177783e+01  5.502976e+00  9.333333e+01
   endloop
 endfacet
 facet normal  8.371976e-01  4.193962e-01  3.510086e-01
   outer loop
     vertex  1.101898e+01  5.901868e+00  9.466667e+01
     vertex  1.177783e+01  5.502976e+00  9.333333e+01
     vertex  1.145974e+01  6.137943e+00  9.333333e+01
   endloop
 endfacet
 facet normal  7.864668e-01  5.081958e-01  3.510086e-01
   outer loop
     vertex  1.072201e+01  7.351081e+00  9.333333e+01
     vertex  1.110745e+01  6.754591e+00  9.333333e+01
     vertex  1.113440e+01  7.633815e+00  9.200000e+01
   endloop
 endfacet
 facet normal  7.263545e-01  5.909332e-01  3.510086e-01
   outer loop
     vertex  1.023548e+01  8.802552e+00  9.200000e+01
     vertex  1.070091e+01  8.230465e+00  9.200000e+01
     vertex  1.109724e+01  8.535297e+00  9.066667e+01
   endloop
 endfacet
 facet normal  7.263545e-01  5.909332e-01  3.510086e-01
   outer loop
     vertex  1.023548e+01  8.802552e+00  9.200000e+01
     vertex  1.109724e+01  8.535297e+00  9.066667e+01
     vertex  1.061457e+01  9.128572e+00  9.066667e+01
   endloop
 endfacet
 facet normal  6.201929e-01  7.015367e-01  3.510086e-01
   outer loop
     vertex  9.555744e+00  1.023170e+01  9.066667e+01
     vertex  9.897021e+00  1.059712e+01  8.933333e+01
     vertex  9.303552e+00  1.112178e+01  8.933333e+01
   endloop
 endfacet
 facet normal  6.575778e-01  6.666216e-01  3.510086e-01
   outer loop
     vertex  9.555744e+00  1.023170e+01  9.066667e+01
     vertex  1.010023e+01  9.694604e+00  9.066667e+01
     vertex  1.046095e+01  1.004084e+01  8.933333e+01
   endloop
 endfacet
 facet normal  6.575778e-01  6.666216e-01  3.510086e-01
   outer loop
     vertex  9.555744e+00  1.023170e+01  9.066667e+01
     vertex  1.046095e+01  1.004084e+01  8.933333e+01
     vertex  9.897021e+00  1.059712e+01  8.933333e+01
   endloop
 endfacet
 facet normal  5.801695e-01  7.333626e-01  3.543764e-01
   outer loop
     vertex  8.682318e+00  1.161324e+01  8.933333e+01
     vertex  9.303552e+00  1.112178e+01  8.933333e+01
     vertex  9.260126e+00  1.180043e+01  8.800000e+01
   endloop
 endfacet
 facet normal  5.679785e-01  7.446007e-01  3.506711e-01
   outer loop
     vertex  8.682318e+00  1.161324e+01  8.933333e+01
     vertex  9.260126e+00  1.180043e+01  8.800000e+01
     vertex  8.932907e+00  1.205003e+01  8.800000e+01
   endloop
 endfacet
 facet normal  5.471195e-01  7.596001e-01  3.516644e-01
   outer loop
     vertex  8.682318e+00  1.161324e+01  8.933333e+01
     vertex  8.932907e+00  1.205003e+01  8.800000e+01
     vertex  8.598964e+00  1.229056e+01  8.800000e+01
   endloop
 endfacet
 facet normal  8.130454e-01  4.644891e-01  3.510086e-01
   outer loop
     vertex  1.068024e+01  6.494799e+00  9.466667e+01
     vertex  1.101898e+01  5.901868e+00  9.466667e+01
     vertex  1.145974e+01  6.137943e+00  9.333333e+01
   endloop
 endfacet
 facet normal  8.054149e-01  4.773656e-01  3.513244e-01
   outer loop
     vertex  1.068024e+01  6.494799e+00  9.466667e+01
     vertex  1.023813e+01  6.259452e+00  9.600000e+01
     vertex  1.040600e+01  5.976223e+00  9.600000e+01
   endloop
 endfacet
 facet normal  7.921755e-01  4.993825e-01  3.508206e-01
   outer loop
     vertex  1.068024e+01  6.494799e+00  9.466667e+01
     vertex  1.006255e+01  6.537969e+00  9.600000e+01
     vertex  1.023813e+01  6.259452e+00  9.600000e+01
   endloop
 endfacet
 facet normal  8.130454e-01  4.644891e-01  3.510086e-01
   outer loop
     vertex  1.068024e+01  6.494799e+00  9.466667e+01
     vertex  1.145974e+01  6.137943e+00  9.333333e+01
     vertex  1.110745e+01  6.754591e+00  9.333333e+01
   endloop
 endfacet
 facet normal  8.139341e-01  4.649968e-01  3.482661e-01
   outer loop
     vertex  1.068024e+01  6.494799e+00  9.466667e+01
     vertex  1.040600e+01  5.976223e+00  9.600000e+01
     vertex  1.101898e+01  5.901868e+00  9.466667e+01
   endloop
 endfacet
 facet normal  7.864668e-01  5.081958e-01  3.510086e-01
   outer loop
     vertex  1.068024e+01  6.494799e+00  9.466667e+01
     vertex  1.110745e+01  6.754591e+00  9.333333e+01
     vertex  1.072201e+01  7.351081e+00  9.333333e+01
   endloop
 endfacet
 facet normal  7.575411e-01  5.503858e-01  3.510086e-01
   outer loop
     vertex  1.030458e+01  7.925633e+00  9.333333e+01
     vertex  1.072201e+01  7.351081e+00  9.333333e+01
     vertex  1.113440e+01  7.633815e+00  9.200000e+01
   endloop
 endfacet
 facet normal  7.575411e-01  5.503858e-01  3.510086e-01
   outer loop
     vertex  1.030458e+01  7.925633e+00  9.333333e+01
     vertex  1.113440e+01  7.633815e+00  9.200000e+01
     vertex  1.070091e+01  8.230465e+00  9.200000e+01
   endloop
 endfacet
 facet normal  6.930003e-01  6.297171e-01  3.510086e-01
   outer loop
     vertex  9.739508e+00  9.348368e+00  9.200000e+01
     vertex  1.023548e+01  8.802552e+00  9.200000e+01
     vertex  1.061457e+01  9.128572e+00  9.066667e+01
   endloop
 endfacet
 facet normal  6.930003e-01  6.297171e-01  3.510086e-01
   outer loop
     vertex  9.739508e+00  9.348368e+00  9.200000e+01
     vertex  1.061457e+01  9.128572e+00  9.066667e+01
     vertex  1.010023e+01  9.694604e+00  9.066667e+01
   endloop
 endfacet
 facet normal  6.201929e-01  7.015367e-01  3.510086e-01
   outer loop
     vertex  8.982740e+00  1.073827e+01  9.066667e+01
     vertex  9.555744e+00  1.023170e+01  9.066667e+01
     vertex  9.303552e+00  1.112178e+01  8.933333e+01
   endloop
 endfacet
 facet normal  5.392574e-01  7.639536e-01  3.543675e-01
   outer loop
     vertex  8.035172e+00  1.207005e+01  8.933333e+01
     vertex  8.682318e+00  1.161324e+01  8.933333e+01
     vertex  8.598964e+00  1.229056e+01  8.800000e+01
   endloop
 endfacet
 facet normal  5.262884e-01  7.746384e-01  3.506507e-01
   outer loop
     vertex  8.035172e+00  1.207005e+01  8.933333e+01
     vertex  8.598964e+00  1.229056e+01  8.800000e+01
     vertex  8.258547e+00  1.252184e+01  8.800000e+01
   endloop
 endfacet
 facet normal  5.046262e-01  7.884528e-01  3.517025e-01
   outer loop
     vertex  8.035172e+00  1.207005e+01  8.933333e+01
     vertex  8.258547e+00  1.252184e+01  8.800000e+01
     vertex  7.911914e+00  1.274369e+01  8.800000e+01
   endloop
 endfacet
 facet normal  7.780139e-01  5.208177e-01  3.513450e-01
   outer loop
     vertex  1.030963e+01  7.068348e+00  9.466667e+01
     vertex  9.879402e+00  6.811565e+00  9.600000e+01
     vertex  1.006255e+01  6.537969e+00  9.600000e+01
   endloop
 endfacet
 facet normal  7.636023e-01  5.420860e-01  3.507908e-01
   outer loop
     vertex  1.030963e+01  7.068348e+00  9.466667e+01
     vertex  9.688815e+00  7.080033e+00  9.600000e+01
     vertex  9.879402e+00  6.811565e+00  9.600000e+01
   endloop
 endfacet
 facet normal  7.864668e-01  5.081958e-01  3.510086e-01
   outer loop
     vertex  1.030963e+01  7.068348e+00  9.466667e+01
     vertex  1.068024e+01  6.494799e+00  9.466667e+01
     vertex  1.072201e+01  7.351081e+00  9.333333e+01
   endloop
 endfacet
 facet normal  7.873251e-01  5.087504e-01  3.482703e-01
   outer loop
     vertex  1.030963e+01  7.068348e+00  9.466667e+01
     vertex  1.006255e+01  6.537969e+00  9.600000e+01
     vertex  1.068024e+01  6.494799e+00  9.466667e+01
   endloop
 endfacet
 facet normal  7.263545e-01  5.909332e-01  3.510086e-01
   outer loop
     vertex  9.856390e+00  8.476531e+00  9.333333e+01
     vertex  1.030458e+01  7.925633e+00  9.333333e+01
     vertex  1.070091e+01  8.230465e+00  9.200000e+01
   endloop
 endfacet
 facet normal  7.263545e-01  5.909332e-01  3.510086e-01
   outer loop
     vertex  9.856390e+00  8.476531e+00  9.333333e+01
     vertex  1.070091e+01  8.230465e+00  9.200000e+01
     vertex  1.023548e+01  8.802552e+00  9.200000e+01
   endloop
 endfacet
 facet normal  6.575778e-01  6.666216e-01  3.510086e-01
   outer loop
     vertex  9.214467e+00  9.866286e+00  9.200000e+01
     vertex  1.010023e+01  9.694604e+00  9.066667e+01
     vertex  9.555744e+00  1.023170e+01  9.066667e+01
   endloop
 endfacet
 facet normal  6.575778e-01  6.666216e-01  3.510086e-01
   outer loop
     vertex  9.214467e+00  9.866286e+00  9.200000e+01
     vertex  9.739508e+00  9.348368e+00  9.200000e+01
     vertex  1.010023e+01  9.694604e+00  9.066667e+01
   endloop
 endfacet
 facet normal  5.809571e-01  7.343581e-01  3.510086e-01
   outer loop
     vertex  8.382927e+00  1.121278e+01  9.066667e+01
     vertex  9.303552e+00  1.112178e+01  8.933333e+01
     vertex  8.682318e+00  1.161324e+01  8.933333e+01
   endloop
 endfacet
 facet normal  5.809571e-01  7.343581e-01  3.510086e-01
   outer loop
     vertex  8.382927e+00  1.121278e+01  9.066667e+01
     vertex  8.982740e+00  1.073827e+01  9.066667e+01
     vertex  9.303552e+00  1.112178e+01  8.933333e+01
   endloop
 endfacet
 facet normal  4.830131e-01  8.023443e-01  3.506309e-01
   outer loop
     vertex  7.364046e+00  1.249083e+01  8.933333e+01
     vertex  7.911914e+00  1.274369e+01  8.800000e+01
     vertex  7.559325e+00  1.295595e+01  8.800000e+01
   endloop
 endfacet
 facet normal  4.606148e-01  8.149308e-01  3.517411e-01
   outer loop
     vertex  7.364046e+00  1.249083e+01  8.933333e+01
     vertex  7.559325e+00  1.295595e+01  8.800000e+01
     vertex  7.201046e+00  1.315845e+01  8.800000e+01
   endloop
 endfacet
 facet normal  4.967357e-01  7.922651e-01  3.543581e-01
   outer loop
     vertex  7.364046e+00  1.249083e+01  8.933333e+01
     vertex  8.035172e+00  1.207005e+01  8.933333e+01
     vertex  7.911914e+00  1.274369e+01  8.800000e+01
   endloop
 endfacet
 facet normal  7.575411e-01  5.503858e-01  3.510086e-01
   outer loop
     vertex  9.908249e+00  7.620801e+00  9.466667e+01
     vertex  1.030963e+01  7.068348e+00  9.466667e+01
     vertex  1.072201e+01  7.351081e+00  9.333333e+01
   endloop
 endfacet
 facet normal  7.482712e-01  5.627013e-01  3.513652e-01
   outer loop
     vertex  9.908249e+00  7.620801e+00  9.466667e+01
     vertex  9.490934e+00  7.343172e+00  9.600000e+01
     vertex  9.688815e+00  7.080033e+00  9.600000e+01
   endloop
 endfacet
 facet normal  7.327297e-01  5.831588e-01  3.507606e-01
   outer loop
     vertex  9.908249e+00  7.620801e+00  9.466667e+01
     vertex  9.285909e+00  7.600783e+00  9.600000e+01
     vertex  9.490934e+00  7.343172e+00  9.600000e+01
   endloop
 endfacet
 facet normal  7.583664e-01  5.509854e-01  3.482749e-01
   outer loop
     vertex  9.908249e+00  7.620801e+00  9.466667e+01
     vertex  9.688815e+00  7.080033e+00  9.600000e+01
     vertex  1.030963e+01  7.068348e+00  9.466667e+01
   endloop
 endfacet
 facet normal  7.575411e-01  5.503858e-01  3.510086e-01
   outer loop
     vertex  9.908249e+00  7.620801e+00  9.466667e+01
     vertex  1.072201e+01  7.351081e+00  9.333333e+01
     vertex  1.030458e+01  7.925633e+00  9.333333e+01
   endloop
 endfacet
 facet normal  6.930003e-01  6.297171e-01  3.510086e-01
   outer loop
     vertex  9.378785e+00  9.002132e+00  9.333333e+01
     vertex  1.023548e+01  8.802552e+00  9.200000e+01
     vertex  9.739508e+00  9.348368e+00  9.200000e+01
   endloop
 endfacet
 facet normal  6.575778e-01  6.666216e-01  3.510086e-01
   outer loop
     vertex  9.378785e+00  9.002132e+00  9.333333e+01
     vertex  9.739508e+00  9.348368e+00  9.200000e+01
     vertex  9.214467e+00  9.866286e+00  9.200000e+01
   endloop
 endfacet
 facet normal  6.930003e-01  6.297171e-01  3.510086e-01
   outer loop
     vertex  9.378785e+00  9.002132e+00  9.333333e+01
     vertex  9.856390e+00  8.476531e+00  9.333333e+01
     vertex  1.023548e+01  8.802552e+00  9.200000e+01
   endloop
 endfacet
 facet normal  6.201929e-01  7.015367e-01  3.510086e-01
   outer loop
     vertex  8.661928e+00  1.035476e+01  9.200000e+01
     vertex  9.214467e+00  9.866286e+00  9.200000e+01
     vertex  9.555744e+00  1.023170e+01  9.066667e+01
   endloop
 endfacet
 facet normal  6.201929e-01  7.015367e-01  3.510086e-01
   outer loop
     vertex  8.661928e+00  1.035476e+01  9.200000e+01
     vertex  9.555744e+00  1.023170e+01  9.066667e+01
     vertex  8.982740e+00  1.073827e+01  9.066667e+01
   endloop
 endfacet
 facet normal  5.809571e-01  7.343581e-01  3.510086e-01
   outer loop
     vertex  8.661928e+00  1.035476e+01  9.200000e+01
     vertex  8.982740e+00  1.073827e+01  9.066667e+01
     vertex  8.382927e+00  1.121278e+01  9.066667e+01
   endloop
 endfacet
 facet normal  5.399874e-01  7.649879e-01  3.510086e-01
   outer loop
     vertex  7.758097e+00  1.165384e+01  9.066667e+01
     vertex  8.682318e+00  1.161324e+01  8.933333e+01
     vertex  8.035172e+00  1.207005e+01  8.933333e+01
   endloop
 endfacet
 facet normal  5.399874e-01  7.649879e-01  3.510086e-01
   outer loop
     vertex  7.758097e+00  1.165384e+01  9.066667e+01
     vertex  8.382927e+00  1.121278e+01  9.066667e+01
     vertex  8.682318e+00  1.161324e+01  8.933333e+01
   endloop
 endfacet
 facet normal  4.527313e-01  8.182126e-01  3.543481e-01
   outer loop
     vertex  6.670943e+00  1.287434e+01  8.933333e+01
     vertex  7.364046e+00  1.249083e+01  8.933333e+01
     vertex  7.201046e+00  1.315845e+01  8.800000e+01
   endloop
 endfacet
 facet normal  4.382829e-01  8.276350e-01  3.506116e-01
   outer loop
     vertex  6.670943e+00  1.287434e+01  8.933333e+01
     vertex  7.201046e+00  1.315845e+01  8.800000e+01
     vertex  6.837346e+00  1.335106e+01  8.800000e+01
   endloop
 endfacet
 facet normal  4.152181e-01  8.389545e-01  3.517802e-01
   outer loop
     vertex  6.670943e+00  1.287434e+01  8.933333e+01
     vertex  6.837346e+00  1.335106e+01  8.800000e+01
     vertex  6.468499e+00  1.353361e+01  8.800000e+01
   endloop
 endfacet
 facet normal  7.162765e-01  6.028903e-01  3.513849e-01
   outer loop
     vertex  9.477298e+00  8.150511e+00  9.466667e+01
     vertex  9.073893e+00  7.852672e+00  9.600000e+01
     vertex  9.285909e+00  7.600783e+00  9.600000e+01
   endloop
 endfacet
 facet normal  6.996506e-01  6.224769e-01  3.507299e-01
   outer loop
     vertex  9.477298e+00  8.150511e+00  9.466667e+01
     vertex  8.855048e+00  8.098650e+00  9.600000e+01
     vertex  9.073893e+00  7.852672e+00  9.600000e+01
   endloop
 endfacet
 facet normal  7.271444e-01  5.915759e-01  3.482800e-01
   outer loop
     vertex  9.477298e+00  8.150511e+00  9.466667e+01
     vertex  9.285909e+00  7.600783e+00  9.600000e+01
     vertex  9.908249e+00  7.620801e+00  9.466667e+01
   endloop
 endfacet
 facet normal  7.263545e-01  5.909332e-01  3.510086e-01
   outer loop
     vertex  9.477298e+00  8.150511e+00  9.466667e+01
     vertex  1.030458e+01  7.925633e+00  9.333333e+01
     vertex  9.856390e+00  8.476531e+00  9.333333e+01
   endloop
 endfacet
 facet normal  7.263545e-01  5.909332e-01  3.510086e-01
   outer loop
     vertex  9.477298e+00  8.150511e+00  9.466667e+01
     vertex  9.908249e+00  7.620801e+00  9.466667e+01
     vertex  1.030458e+01  7.925633e+00  9.333333e+01
   endloop
 endfacet
 facet normal  6.575778e-01  6.666216e-01  3.510086e-01
   outer loop
     vertex  8.873191e+00  9.500868e+00  9.333333e+01
     vertex  9.378785e+00  9.002132e+00  9.333333e+01
     vertex  9.214467e+00  9.866286e+00  9.200000e+01
   endloop
 endfacet
 facet normal  5.809571e-01  7.343581e-01  3.510086e-01
   outer loop
     vertex  8.083537e+00  1.081233e+01  9.200000e+01
     vertex  8.661928e+00  1.035476e+01  9.200000e+01
     vertex  8.382927e+00  1.121278e+01  9.066667e+01
   endloop
 endfacet
 facet normal  4.974063e-01  7.933347e-01  3.510086e-01
   outer loop
     vertex  7.110113e+00  1.206011e+01  9.066667e+01
     vertex  8.035172e+00  1.207005e+01  8.933333e+01
     vertex  7.364046e+00  1.249083e+01  8.933333e+01
   endloop
 endfacet
 facet normal  4.533407e-01  8.193139e-01  3.510086e-01
   outer loop
     vertex  7.110113e+00  1.206011e+01  9.066667e+01
     vertex  7.364046e+00  1.249083e+01  8.933333e+01
     vertex  6.670943e+00  1.287434e+01  8.933333e+01
   endloop
 endfacet
 facet normal  4.974063e-01  7.933347e-01  3.510086e-01
   outer loop
     vertex  7.110113e+00  1.206011e+01  9.066667e+01
     vertex  7.758097e+00  1.165384e+01  9.066667e+01
     vertex  8.035172e+00  1.207005e+01  8.933333e+01
   endloop
 endfacet
 facet normal  4.073755e-01  8.417185e-01  3.543376e-01
   outer loop
     vertex  5.957931e+00  1.321942e+01  8.933333e+01
     vertex  6.670943e+00  1.287434e+01  8.933333e+01
     vertex  6.468499e+00  1.353361e+01  8.800000e+01
   endloop
 endfacet
 facet normal  3.922324e-01  8.504343e-01  3.505928e-01
   outer loop
     vertex  5.957931e+00  1.321942e+01  8.933333e+01
     vertex  6.468499e+00  1.353361e+01  8.800000e+01
     vertex  6.094783e+00  1.370597e+01  8.800000e+01
   endloop
 endfacet
 facet normal  3.685727e-01  8.604516e-01  3.518198e-01
   outer loop
     vertex  5.957931e+00  1.321942e+01  8.933333e+01
     vertex  6.094783e+00  1.370597e+01  8.800000e+01
     vertex  5.716478e+00  1.386802e+01  8.800000e+01
   endloop
 endfacet
 facet normal  6.930003e-01  6.297171e-01  3.510086e-01
   outer loop
     vertex  9.018063e+00  8.655897e+00  9.466667e+01
     vertex  9.477298e+00  8.150511e+00  9.466667e+01
     vertex  9.856390e+00  8.476531e+00  9.333333e+01
   endloop
 endfacet
 facet normal  6.937524e-01  6.304005e-01  3.482855e-01
   outer loop
     vertex  9.018063e+00  8.655897e+00  9.466667e+01
     vertex  8.855048e+00  8.098650e+00  9.600000e+01
     vertex  9.477298e+00  8.150511e+00  9.466667e+01
   endloop
 endfacet
 facet normal  6.821260e-01  6.412638e-01  3.514041e-01
   outer loop
     vertex  9.018063e+00  8.655897e+00  9.466667e+01
     vertex  8.629536e+00  8.338532e+00  9.600000e+01
     vertex  8.855048e+00  8.098650e+00  9.600000e+01
   endloop
 endfacet
 facet normal  6.644645e-01  6.599222e-01  3.506988e-01
   outer loop
     vertex  9.018063e+00  8.655897e+00  9.466667e+01
     vertex  8.397528e+00  8.572136e+00  9.600000e+01
     vertex  8.629536e+00  8.338532e+00  9.600000e+01
   endloop
 endfacet
 facet normal  6.930003e-01  6.297171e-01  3.510086e-01
   outer loop
     vertex  9.018063e+00  8.655897e+00  9.466667e+01
     vertex  9.856390e+00  8.476531e+00  9.333333e+01
     vertex  9.378785e+00  9.002132e+00  9.333333e+01
   endloop
 endfacet
 facet normal  5.809571e-01  7.343581e-01  3.510086e-01
   outer loop
     vertex  8.341115e+00  9.971248e+00  9.333333e+01
     vertex  8.661928e+00  1.035476e+01  9.200000e+01
     vertex  8.083537e+00  1.081233e+01  9.200000e+01
   endloop
 endfacet
 facet normal  6.201929e-01  7.015367e-01  3.510086e-01
   outer loop
     vertex  8.341115e+00  9.971248e+00  9.333333e+01
     vertex  9.214467e+00  9.866286e+00  9.200000e+01
     vertex  8.661928e+00  1.035476e+01  9.200000e+01
   endloop
 endfacet
 facet normal  6.201929e-01  7.015367e-01  3.510086e-01
   outer loop
     vertex  8.341115e+00  9.971248e+00  9.333333e+01
     vertex  8.873191e+00  9.500868e+00  9.333333e+01
     vertex  9.214467e+00  9.866286e+00  9.200000e+01
   endloop
 endfacet
 facet normal  5.399874e-01  7.649879e-01  3.510086e-01
   outer loop
     vertex  7.481022e+00  1.123763e+01  9.200000e+01
     vertex  8.083537e+00  1.081233e+01  9.200000e+01
     vertex  8.382927e+00  1.121278e+01  9.066667e+01
   endloop
 endfacet
 facet normal  5.399874e-01  7.649879e-01  3.510086e-01
   outer loop
     vertex  7.481022e+00  1.123763e+01  9.200000e+01
     vertex  8.382927e+00  1.121278e+01  9.066667e+01
     vertex  7.758097e+00  1.165384e+01  9.066667e+01
   endloop
 endfacet
 facet normal  4.533407e-01  8.193139e-01  3.510086e-01
   outer loop
     vertex  6.440911e+00  1.243039e+01  9.066667e+01
     vertex  7.110113e+00  1.206011e+01  9.066667e+01
     vertex  6.670943e+00  1.287434e+01  8.933333e+01
   endloop
 endfacet
 facet normal  3.608037e-01  8.627128e-01  3.543266e-01
   outer loop
     vertex  5.227139e+00  1.352505e+01  8.933333e+01
     vertex  5.957931e+00  1.321942e+01  8.933333e+01
     vertex  5.716478e+00  1.386802e+01  8.800000e+01
   endloop
 endfacet
 facet normal  3.450004e-01  8.706735e-01  3.505744e-01
   outer loop
     vertex  5.227139e+00  1.352505e+01  8.933333e+01
     vertex  5.716478e+00  1.386802e+01  8.800000e+01
     vertex  5.333871e+00  1.401962e+01  8.800000e+01
   endloop
 endfacet
 facet normal  3.208192e-01  8.793575e-01  3.518599e-01
   outer loop
     vertex  5.227139e+00  1.352505e+01  8.933333e+01
     vertex  5.333871e+00  1.401962e+01  8.800000e+01
     vertex  4.947248e+00  1.416068e+01  8.800000e+01
   endloop
 endfacet
 facet normal  6.459227e-01  6.777062e-01  3.514230e-01
   outer loop
     vertex  8.531914e+00  9.135450e+00  9.466667e+01
     vertex  8.159199e+00  8.799288e+00  9.600000e+01
     vertex  8.397528e+00  8.572136e+00  9.600000e+01
   endloop
 endfacet
 facet normal  6.272771e-01  6.953818e-01  3.506672e-01
   outer loop
     vertex  8.531914e+00  9.135450e+00  9.466667e+01
     vertex  7.914728e+00  9.019816e+00  9.600000e+01
     vertex  8.159199e+00  8.799288e+00  9.600000e+01
   endloop
 endfacet
 facet normal  6.201929e-01  7.015367e-01  3.510086e-01
   outer loop
     vertex  8.531914e+00  9.135450e+00  9.466667e+01
     vertex  8.873191e+00  9.500868e+00  9.333333e+01
     vertex  8.341115e+00  9.971248e+00  9.333333e+01
   endloop
 endfacet
 facet normal  6.582900e-01  6.673436e-01  3.482914e-01
   outer loop
     vertex  8.531914e+00  9.135450e+00  9.466667e+01
     vertex  8.397528e+00  8.572136e+00  9.600000e+01
     vertex  9.018063e+00  8.655897e+00  9.466667e+01
   endloop
 endfacet
 facet normal  6.575778e-01  6.666216e-01  3.510086e-01
   outer loop
     vertex  8.531914e+00  9.135450e+00  9.466667e+01
     vertex  9.378785e+00  9.002132e+00  9.333333e+01
     vertex  8.873191e+00  9.500868e+00  9.333333e+01
   endloop
 endfacet
 facet normal  6.575778e-01  6.666216e-01  3.510086e-01
   outer loop
     vertex  8.531914e+00  9.135450e+00  9.466667e+01
     vertex  9.018063e+00  8.655897e+00  9.466667e+01
     vertex  9.378785e+00  9.002132e+00  9.333333e+01
   endloop
 endfacet
 facet normal  5.809571e-01  7.343581e-01  3.510086e-01
   outer loop
     vertex  7.784147e+00  1.041187e+01  9.333333e+01
     vertex  8.341115e+00  9.971248e+00  9.333333e+01
     vertex  8.083537e+00  1.081233e+01  9.200000e+01
   endloop
 endfacet
 facet normal  4.974063e-01  7.933347e-01  3.510086e-01
   outer loop
     vertex  6.856181e+00  1.162939e+01  9.200000e+01
     vertex  7.758097e+00  1.165384e+01  9.066667e+01
     vertex  7.110113e+00  1.206011e+01  9.066667e+01
   endloop
 endfacet
 facet normal  4.974063e-01  7.933347e-01  3.510086e-01
   outer loop
     vertex  6.856181e+00  1.162939e+01  9.200000e+01
     vertex  7.481022e+00  1.123763e+01  9.200000e+01
     vertex  7.758097e+00  1.165384e+01  9.066667e+01
   endloop
 endfacet
 facet normal  3.612862e-01  8.638665e-01  3.510086e-01
   outer loop
     vertex  5.752485e+00  1.276358e+01  9.066667e+01
     vertex  5.957931e+00  1.321942e+01  8.933333e+01
     vertex  5.227139e+00  1.352505e+01  8.933333e+01
   endloop
 endfacet
 facet normal  4.079221e-01  8.428479e-01  3.510086e-01
   outer loop
     vertex  5.752485e+00  1.276358e+01  9.066667e+01
     vertex  6.440911e+00  1.243039e+01  9.066667e+01
     vertex  6.670943e+00  1.287434e+01  8.933333e+01
   endloop
 endfacet
 facet normal  4.079221e-01  8.428479e-01  3.510086e-01
   outer loop
     vertex  5.752485e+00  1.276358e+01  9.066667e+01
     vertex  6.670943e+00  1.287434e+01  8.933333e+01
     vertex  5.957931e+00  1.321942e+01  8.933333e+01
   endloop
 endfacet
 facet normal  3.131547e-01  8.811328e-01  3.543151e-01
   outer loop
     vertex  4.480746e+00  1.379032e+01  8.933333e+01
     vertex  5.227139e+00  1.352505e+01  8.933333e+01
     vertex  4.947248e+00  1.416068e+01  8.800000e+01
   endloop
 endfacet
 facet normal  2.967290e-01  8.882916e-01  3.505567e-01
   outer loop
     vertex  4.480746e+00  1.379032e+01  8.933333e+01
     vertex  4.947248e+00  1.416068e+01  8.800000e+01
     vertex  4.556902e+00  1.429107e+01  8.800000e+01
   endloop
 endfacet
 facet normal  2.721013e-01  8.956154e-01  3.519005e-01
   outer loop
     vertex  4.480746e+00  1.379032e+01  8.933333e+01
     vertex  4.556902e+00  1.429107e+01  8.800000e+01
     vertex  4.163125e+00  1.441070e+01  8.800000e+01
   endloop
 endfacet
 facet normal  6.208630e-01  7.022947e-01  3.482977e-01
   outer loop
     vertex  8.020303e+00  9.587739e+00  9.466667e+01
     vertex  7.914728e+00  9.019816e+00  9.600000e+01
     vertex  8.531914e+00  9.135450e+00  9.466667e+01
   endloop
 endfacet
 facet normal  5.809571e-01  7.343581e-01  3.510086e-01
   outer loop
     vertex  8.020303e+00  9.587739e+00  9.466667e+01
     vertex  8.341115e+00  9.971248e+00  9.333333e+01
     vertex  7.784147e+00  1.041187e+01  9.333333e+01
   endloop
 endfacet
 facet normal  6.077755e-01  7.121081e-01  3.514414e-01
   outer loop
     vertex  8.020303e+00  9.587739e+00  9.466667e+01
     vertex  7.664299e+00  9.233554e+00  9.600000e+01
     vertex  7.914728e+00  9.019816e+00  9.600000e+01
   endloop
 endfacet
 facet normal  5.882005e-01  7.287490e-01  3.506352e-01
   outer loop
     vertex  8.020303e+00  9.587739e+00  9.466667e+01
     vertex  7.408101e+00  9.440341e+00  9.600000e+01
     vertex  7.664299e+00  9.233554e+00  9.600000e+01
   endloop
 endfacet
 facet normal  6.201929e-01  7.015367e-01  3.510086e-01
   outer loop
     vertex  8.020303e+00  9.587739e+00  9.466667e+01
     vertex  8.531914e+00  9.135450e+00  9.466667e+01
     vertex  8.341115e+00  9.971248e+00  9.333333e+01
   endloop
 endfacet
 facet normal  4.974063e-01  7.933347e-01  3.510086e-01
   outer loop
     vertex  7.203947e+00  1.082142e+01  9.333333e+01
     vertex  7.481022e+00  1.123763e+01  9.200000e+01
     vertex  6.856181e+00  1.162939e+01  9.200000e+01
   endloop
 endfacet
 facet normal  5.399874e-01  7.649879e-01  3.510086e-01
   outer loop
     vertex  7.203947e+00  1.082142e+01  9.333333e+01
     vertex  8.083537e+00  1.081233e+01  9.200000e+01
     vertex  7.481022e+00  1.123763e+01  9.200000e+01
   endloop
 endfacet
 facet normal  5.399874e-01  7.649879e-01  3.510086e-01
   outer loop
     vertex  7.203947e+00  1.082142e+01  9.333333e+01
     vertex  7.784147e+00  1.041187e+01  9.333333e+01
     vertex  8.083537e+00  1.081233e+01  9.200000e+01
   endloop
 endfacet
 facet normal  4.533407e-01  8.193139e-01  3.510086e-01
   outer loop
     vertex  6.210878e+00  1.198645e+01  9.200000e+01
     vertex  7.110113e+00  1.206011e+01  9.066667e+01
     vertex  6.440911e+00  1.243039e+01  9.066667e+01
   endloop
 endfacet
 facet normal  4.533407e-01  8.193139e-01  3.510086e-01
   outer loop
     vertex  6.210878e+00  1.198645e+01  9.200000e+01
     vertex  6.856181e+00  1.162939e+01  9.200000e+01
     vertex  7.110113e+00  1.206011e+01  9.066667e+01
   endloop
 endfacet
 facet normal  3.612862e-01  8.638665e-01  3.510086e-01
   outer loop
     vertex  5.046893e+00  1.305867e+01  9.066667e+01
     vertex  5.752485e+00  1.276358e+01  9.066667e+01
     vertex  5.227139e+00  1.352505e+01  8.933333e+01
   endloop
 endfacet
 facet normal  2.645707e-01  8.969234e-01  3.543031e-01
   outer loop
     vertex  3.720982e+00  1.401443e+01  8.933333e+01
     vertex  4.480746e+00  1.379032e+01  8.933333e+01
     vertex  4.163125e+00  1.441070e+01  8.800000e+01
   endloop
 endfacet
 facet normal  2.475635e-01  9.032356e-01  3.505394e-01
   outer loop
     vertex  3.720982e+00  1.401443e+01  8.933333e+01
     vertex  4.163125e+00  1.441070e+01  8.800000e+01
     vertex  3.766214e+00  1.451949e+01  8.800000e+01
   endloop
 endfacet
 facet normal  2.225658e-01  9.091763e-01  3.519417e-01
   outer loop
     vertex  3.720982e+00  1.401443e+01  8.933333e+01
     vertex  3.766214e+00  1.451949e+01  8.800000e+01
     vertex  3.366468e+00  1.461735e+01  8.800000e+01
   endloop
 endfacet
 facet normal  5.815832e-01  7.351496e-01  3.483045e-01
   outer loop
     vertex  7.484757e+00  1.001141e+01  9.466667e+01
     vertex  7.408101e+00  9.440341e+00  9.600000e+01
     vertex  8.020303e+00  9.587739e+00  9.466667e+01
   endloop
 endfacet
 facet normal  5.809571e-01  7.343581e-01  3.510086e-01
   outer loop
     vertex  7.484757e+00  1.001141e+01  9.466667e+01
     vertex  8.020303e+00  9.587739e+00  9.466667e+01
     vertex  7.784147e+00  1.041187e+01  9.333333e+01
   endloop
 endfacet
 facet normal  5.677992e-01  7.443658e-01  3.514593e-01
   outer loop
     vertex  7.484757e+00  1.001141e+01  9.466667e+01
     vertex  7.146325e+00  9.640022e+00  9.600000e+01
     vertex  7.408101e+00  9.440341e+00  9.600000e+01
   endloop
 endfacet
 facet normal  5.473522e-01  7.599232e-01  3.506028e-01
   outer loop
     vertex  7.484757e+00  1.001141e+01  9.466667e+01
     vertex  6.879171e+00  9.832447e+00  9.600000e+01
     vertex  7.146325e+00  9.640022e+00  9.600000e+01
   endloop
 endfacet
 facet normal  4.974063e-01  7.933347e-01  3.510086e-01
   outer loop
     vertex  6.602248e+00  1.119867e+01  9.333333e+01
     vertex  7.203947e+00  1.082142e+01  9.333333e+01
     vertex  6.856181e+00  1.162939e+01  9.200000e+01
   endloop
 endfacet
 facet normal  4.079221e-01  8.428479e-01  3.510086e-01
   outer loop
     vertex  5.547040e+00  1.230774e+01  9.200000e+01
     vertex  6.440911e+00  1.243039e+01  9.066667e+01
     vertex  5.752485e+00  1.276358e+01  9.066667e+01
   endloop
 endfacet
 facet normal  4.079221e-01  8.428479e-01  3.510086e-01
   outer loop
     vertex  5.547040e+00  1.230774e+01  9.200000e+01
     vertex  6.210878e+00  1.198645e+01  9.200000e+01
     vertex  6.440911e+00  1.243039e+01  9.066667e+01
   endloop
 endfacet
 facet normal  3.612862e-01  8.638665e-01  3.510086e-01
   outer loop
     vertex  5.547040e+00  1.230774e+01  9.200000e+01
     vertex  5.752485e+00  1.276358e+01  9.066667e+01
     vertex  5.046893e+00  1.305867e+01  9.066667e+01
   endloop
 endfacet
 facet normal  3.135720e-01  8.823070e-01  3.510086e-01
   outer loop
     vertex  4.326238e+00  1.331479e+01  9.066667e+01
     vertex  5.227139e+00  1.352505e+01  8.933333e+01
     vertex  4.480746e+00  1.379032e+01  8.933333e+01
   endloop
 endfacet
 facet normal  3.135720e-01  8.823070e-01  3.510086e-01
   outer loop
     vertex  4.326238e+00  1.331479e+01  9.066667e+01
     vertex  5.046893e+00  1.305867e+01  9.066667e+01
     vertex  5.227139e+00  1.352505e+01  8.933333e+01
   endloop
 endfacet
 facet normal  1.976520e-01  9.154603e-01  3.505226e-01
   outer loop
     vertex  2.950112e+00  1.419672e+01  8.933333e+01
     vertex  3.366468e+00  1.461735e+01  8.800000e+01
     vertex  2.964188e+00  1.470420e+01  8.800000e+01
   endloop
 endfacet
 facet normal  1.723619e-01  9.199995e-01  3.519833e-01
   outer loop
     vertex  2.950112e+00  1.419672e+01  8.933333e+01
     vertex  2.964188e+00  1.470420e+01  8.800000e+01
     vertex  2.559676e+00  1.477999e+01  8.800000e+01
   endloop
 endfacet
 facet normal  2.151967e-01  9.100377e-01  3.542905e-01
   outer loop
     vertex  2.950112e+00  1.419672e+01  8.933333e+01
     vertex  3.720982e+00  1.401443e+01  8.933333e+01
     vertex  3.366468e+00  1.461735e+01  8.800000e+01
   endloop
 endfacet
 facet normal  5.405679e-01  7.658103e-01  3.483116e-01
   outer loop
     vertex  6.926872e+00  1.040521e+01  9.466667e+01
     vertex  6.879171e+00  9.832447e+00  9.600000e+01
     vertex  7.484757e+00  1.001141e+01  9.466667e+01
   endloop
 endfacet
 facet normal  5.399874e-01  7.649879e-01  3.510086e-01
   outer loop
     vertex  6.926872e+00  1.040521e+01  9.466667e+01
     vertex  7.484757e+00  1.001141e+01  9.466667e+01
     vertex  7.784147e+00  1.041187e+01  9.333333e+01
   endloop
 endfacet
 facet normal  5.261143e-01  7.743822e-01  3.514768e-01
   outer loop
     vertex  6.926872e+00  1.040521e+01  9.466667e+01
     vertex  6.606838e+00  1.001747e+01  9.600000e+01
     vertex  6.879171e+00  9.832447e+00  9.600000e+01
   endloop
 endfacet
 facet normal  5.048551e-01  7.888105e-01  3.505699e-01
   outer loop
     vertex  6.926872e+00  1.040521e+01  9.466667e+01
     vertex  6.329531e+00  1.019495e+01  9.600000e+01
     vertex  6.606838e+00  1.001747e+01  9.600000e+01
   endloop
 endfacet
 facet normal  5.399874e-01  7.649879e-01  3.510086e-01
   outer loop
     vertex  6.926872e+00  1.040521e+01  9.466667e+01
     vertex  7.784147e+00  1.041187e+01  9.333333e+01
     vertex  7.203947e+00  1.082142e+01  9.333333e+01
   endloop
 endfacet
 facet normal  4.533407e-01  8.193139e-01  3.510086e-01
   outer loop
     vertex  5.980845e+00  1.154251e+01  9.333333e+01
     vertex  6.856181e+00  1.162939e+01  9.200000e+01
     vertex  6.210878e+00  1.198645e+01  9.200000e+01
   endloop
 endfacet
 facet normal  4.533407e-01  8.193139e-01  3.510086e-01
   outer loop
     vertex  5.980845e+00  1.154251e+01  9.333333e+01
     vertex  6.602248e+00  1.119867e+01  9.333333e+01
     vertex  6.856181e+00  1.162939e+01  9.200000e+01
   endloop
 endfacet
 facet normal  3.612862e-01  8.638665e-01  3.510086e-01
   outer loop
     vertex  4.866646e+00  1.259229e+01  9.200000e+01
     vertex  5.547040e+00  1.230774e+01  9.200000e+01
     vertex  5.046893e+00  1.305867e+01  9.066667e+01
   endloop
 endfacet
 facet normal  2.154813e-01  9.112413e-01  3.510086e-01
   outer loop
     vertex  3.592672e+00  1.353118e+01  9.066667e+01
     vertex  3.720982e+00  1.401443e+01  8.933333e+01
     vertex  2.950112e+00  1.419672e+01  8.933333e+01
   endloop
 endfacet
 facet normal  2.649220e-01  8.981143e-01  3.510086e-01
   outer loop
     vertex  3.592672e+00  1.353118e+01  9.066667e+01
     vertex  4.326238e+00  1.331479e+01  9.066667e+01
     vertex  4.480746e+00  1.379032e+01  8.933333e+01
   endloop
 endfacet
 facet normal  2.649220e-01  8.981143e-01  3.510086e-01
   outer loop
     vertex  3.592672e+00  1.353118e+01  9.066667e+01
     vertex  4.480746e+00  1.379032e+01  8.933333e+01
     vertex  3.720982e+00  1.401443e+01  8.933333e+01
   endloop
 endfacet
 facet normal  1.651800e-01  9.204363e-01  3.542774e-01
   outer loop
     vertex  2.170438e+00  1.433664e+01  8.933333e+01
     vertex  2.950112e+00  1.419672e+01  8.933333e+01
     vertex  2.559676e+00  1.477999e+01  8.800000e+01
   endloop
 endfacet
 facet normal  1.471448e-01  9.249290e-01  3.505063e-01
   outer loop
     vertex  2.170438e+00  1.433664e+01  8.933333e+01
     vertex  2.559676e+00  1.477999e+01  8.800000e+01
     vertex  2.153238e+00  1.484465e+01  8.800000e+01
   endloop
 endfacet
 facet normal  1.216408e-01  9.280526e-01  3.520254e-01
   outer loop
     vertex  2.170438e+00  1.433664e+01  8.933333e+01
     vertex  2.153238e+00  1.484465e+01  8.800000e+01
     vertex  1.745179e+00  1.489813e+01  8.800000e+01
   endloop
 endfacet
 facet normal  4.979395e-01  7.941851e-01  3.483192e-01
   outer loop
     vertex  6.348316e+00  1.076796e+01  9.466667e+01
     vertex  6.329531e+00  1.019495e+01  9.600000e+01
     vertex  6.926872e+00  1.040521e+01  9.466667e+01
   endloop
 endfacet
 facet normal  4.828462e-01  8.020671e-01  3.514939e-01
   outer loop
     vertex  6.348316e+00  1.076796e+01  9.466667e+01
     vertex  6.047460e+00  1.036476e+01  9.600000e+01
     vertex  6.329531e+00  1.019495e+01  9.600000e+01
   endloop
 endfacet
 facet normal  4.608371e-01  8.153240e-01  3.505366e-01
   outer loop
     vertex  6.348316e+00  1.076796e+01  9.466667e+01
     vertex  5.760837e+00  1.052676e+01  9.600000e+01
     vertex  6.047460e+00  1.036476e+01  9.600000e+01
   endloop
 endfacet
 facet normal  4.974063e-01  7.933347e-01  3.510086e-01
   outer loop
     vertex  6.348316e+00  1.076796e+01  9.466667e+01
     vertex  7.203947e+00  1.082142e+01  9.333333e+01
     vertex  6.602248e+00  1.119867e+01  9.333333e+01
   endloop
 endfacet
 facet normal  4.974063e-01  7.933347e-01  3.510086e-01
   outer loop
     vertex  6.348316e+00  1.076796e+01  9.466667e+01
     vertex  6.926872e+00  1.040521e+01  9.466667e+01
     vertex  7.203947e+00  1.082142e+01  9.333333e+01
   endloop
 endfacet
 facet normal  4.079221e-01  8.428479e-01  3.510086e-01
   outer loop
     vertex  5.341594e+00  1.185189e+01  9.333333e+01
     vertex  5.980845e+00  1.154251e+01  9.333333e+01
     vertex  6.210878e+00  1.198645e+01  9.200000e+01
   endloop
 endfacet
 facet normal  3.612862e-01  8.638665e-01  3.510086e-01
   outer loop
     vertex  5.341594e+00  1.185189e+01  9.333333e+01
     vertex  5.547040e+00  1.230774e+01  9.200000e+01
     vertex  4.866646e+00  1.259229e+01  9.200000e+01
   endloop
 endfacet
 facet normal  4.079221e-01  8.428479e-01  3.510086e-01
   outer loop
     vertex  5.341594e+00  1.185189e+01  9.333333e+01
     vertex  6.210878e+00  1.198645e+01  9.200000e+01
     vertex  5.547040e+00  1.230774e+01  9.200000e+01
   endloop
 endfacet
 facet normal  3.135720e-01  8.823070e-01  3.510086e-01
   outer loop
     vertex  4.171729e+00  1.283926e+01  9.200000e+01
     vertex  5.046893e+00  1.305867e+01  9.066667e+01
     vertex  4.326238e+00  1.331479e+01  9.066667e+01
   endloop
 endfacet
 facet normal  3.135720e-01  8.823070e-01  3.510086e-01
   outer loop
     vertex  4.171729e+00  1.283926e+01  9.200000e+01
     vertex  4.866646e+00  1.259229e+01  9.200000e+01
     vertex  5.046893e+00  1.305867e+01  9.066667e+01
   endloop
 endfacet
 facet normal  2.154813e-01  9.112413e-01  3.510086e-01
   outer loop
     vertex  2.848384e+00  1.370718e+01  9.066667e+01
     vertex  3.592672e+00  1.353118e+01  9.066667e+01
     vertex  2.950112e+00  1.419672e+01  8.933333e+01
   endloop
 endfacet
 facet normal  1.653976e-01  9.216489e-01  3.510086e-01
   outer loop
     vertex  2.848384e+00  1.370718e+01  9.066667e+01
     vertex  2.950112e+00  1.419672e+01  8.933333e+01
     vertex  2.170438e+00  1.433664e+01  8.933333e+01
   endloop
 endfacet
 facet normal  1.146699e-01  9.280883e-01  3.542638e-01
   outer loop
     vertex  1.384287e+00  1.443377e+01  8.933333e+01
     vertex  2.170438e+00  1.433664e+01  8.933333e+01
     vertex  1.745179e+00  1.489813e+01  8.800000e+01
   endloop
 endfacet
 facet normal  9.619392e-02  9.316132e-01  3.504905e-01
   outer loop
     vertex  1.384287e+00  1.443377e+01  8.933333e+01
     vertex  1.745179e+00  1.489813e+01  8.800000e+01
     vertex  1.335806e+00  1.494040e+01  8.800000e+01
   endloop
 endfacet
 facet normal  7.055518e-02  9.333113e-01  3.520680e-01
   outer loop
     vertex  1.384287e+00  1.443377e+01  8.933333e+01
     vertex  1.335806e+00  1.494040e+01  8.800000e+01
     vertex  9.254272e-01  1.497143e+01  8.800000e+01
   endloop
 endfacet
 facet normal  4.538252e-01  8.201895e-01  3.483273e-01
   outer loop
     vertex  5.750813e+00  1.109857e+01  9.466667e+01
     vertex  5.760837e+00  1.052676e+01  9.600000e+01
     vertex  6.348316e+00  1.076796e+01  9.466667e+01
   endloop
 endfacet
 facet normal  4.533407e-01  8.193139e-01  3.510086e-01
   outer loop
     vertex  5.750813e+00  1.109857e+01  9.466667e+01
     vertex  6.602248e+00  1.119867e+01  9.333333e+01
     vertex  5.980845e+00  1.154251e+01  9.333333e+01
   endloop
 endfacet
 facet normal  4.381251e-01  8.273371e-01  3.515105e-01
   outer loop
     vertex  5.750813e+00  1.109857e+01  9.466667e+01
     vertex  5.469877e+00  1.068084e+01  9.600000e+01
     vertex  5.760837e+00  1.052676e+01  9.600000e+01
   endloop
 endfacet
 facet normal  4.154306e-01  8.393838e-01  3.505029e-01
   outer loop
     vertex  5.750813e+00  1.109857e+01  9.466667e+01
     vertex  5.174799e+00  1.082689e+01  9.600000e+01
     vertex  5.469877e+00  1.068084e+01  9.600000e+01
   endloop
 endfacet
 facet normal  4.533407e-01  8.193139e-01  3.510086e-01
   outer loop
     vertex  5.750813e+00  1.109857e+01  9.466667e+01
     vertex  6.348316e+00  1.076796e+01  9.466667e+01
     vertex  6.602248e+00  1.119867e+01  9.333333e+01
   endloop
 endfacet
 facet normal  3.612862e-01  8.638665e-01  3.510086e-01
   outer loop
     vertex  4.686400e+00  1.212591e+01  9.333333e+01
     vertex  5.341594e+00  1.185189e+01  9.333333e+01
     vertex  4.866646e+00  1.259229e+01  9.200000e+01
   endloop
 endfacet
 facet normal  2.649220e-01  8.981143e-01  3.510086e-01
   outer loop
     vertex  3.464362e+00  1.304792e+01  9.200000e+01
     vertex  4.171729e+00  1.283926e+01  9.200000e+01
     vertex  4.326238e+00  1.331479e+01  9.066667e+01
   endloop
 endfacet
 facet normal  2.154813e-01  9.112413e-01  3.510086e-01
   outer loop
     vertex  3.464362e+00  1.304792e+01  9.200000e+01
     vertex  3.592672e+00  1.353118e+01  9.066667e+01
     vertex  2.848384e+00  1.370718e+01  9.066667e+01
   endloop
 endfacet
 facet normal  2.649220e-01  8.981143e-01  3.510086e-01
   outer loop
     vertex  3.464362e+00  1.304792e+01  9.200000e+01
     vertex  4.326238e+00  1.331479e+01  9.066667e+01
     vertex  3.592672e+00  1.353118e+01  9.066667e+01
   endloop
 endfacet
 facet normal  1.653976e-01  9.216489e-01  3.510086e-01
   outer loop
     vertex  2.095596e+00  1.384227e+01  9.066667e+01
     vertex  2.848384e+00  1.370718e+01  9.066667e+01
     vertex  2.170438e+00  1.433664e+01  8.933333e+01
   endloop
 endfacet
 facet normal  6.381695e-02  9.329708e-01  3.542497e-01
   outer loop
     vertex  5.940045e-01  1.448783e+01  8.933333e+01
     vertex  1.384287e+00  1.443377e+01  8.933333e+01
     vertex  9.254272e-01  1.497143e+01  8.800000e+01
   endloop
 endfacet
 facet normal  4.495280e-02  9.354926e-01  3.504753e-01
   outer loop
     vertex  5.940045e-01  1.448783e+01  8.933333e+01
     vertex  9.254272e-01  1.497143e+01  8.800000e+01
     vertex  5.143521e-01  1.499118e+01  8.800000e+01
   endloop
 endfacet
 facet normal  1.925890e-02  9.357600e-01  3.521112e-01
   outer loop
     vertex  5.940045e-01  1.448783e+01  8.933333e+01
     vertex  5.143521e-01  1.499118e+01  8.800000e+01
     vertex  1.028898e-01  1.499965e+01  8.800000e+01
   endloop
 endfacet
 facet normal  4.079221e-01  8.428479e-01  3.510086e-01
   outer loop
     vertex  5.136148e+00  1.139605e+01  9.466667e+01
     vertex  5.750813e+00  1.109857e+01  9.466667e+01
     vertex  5.980845e+00  1.154251e+01  9.333333e+01
   endloop
 endfacet
 facet normal  4.083567e-01  8.437458e-01  3.483357e-01
   outer loop
     vertex  5.136148e+00  1.139605e+01  9.466667e+01
     vertex  5.174799e+00  1.082689e+01  9.600000e+01
     vertex  5.750813e+00  1.109857e+01  9.466667e+01
   endloop
 endfacet
 facet normal  3.920858e-01  8.501163e-01  3.515267e-01
   outer loop
     vertex  5.136148e+00  1.139605e+01  9.466667e+01
     vertex  4.875826e+00  1.096478e+01  9.600000e+01
     vertex  5.174799e+00  1.082689e+01  9.600000e+01
   endloop
 endfacet
 facet normal  3.687722e-01  8.609174e-01  3.504687e-01
   outer loop
     vertex  5.136148e+00  1.139605e+01  9.466667e+01
     vertex  4.573183e+00  1.109441e+01  9.600000e+01
     vertex  4.875826e+00  1.096478e+01  9.600000e+01
   endloop
 endfacet
 facet normal  3.612862e-01  8.638665e-01  3.510086e-01
   outer loop
     vertex  5.136148e+00  1.139605e+01  9.466667e+01
     vertex  5.341594e+00  1.185189e+01  9.333333e+01
     vertex  4.686400e+00  1.212591e+01  9.333333e+01
   endloop
 endfacet
 facet normal  4.079221e-01  8.428479e-01  3.510086e-01
   outer loop
     vertex  5.136148e+00  1.139605e+01  9.466667e+01
     vertex  5.980845e+00  1.154251e+01  9.333333e+01
     vertex  5.341594e+00  1.185189e+01  9.333333e+01
   endloop
 endfacet
 facet normal  2.649220e-01  8.981143e-01  3.510086e-01
   outer loop
     vertex  4.017221e+00  1.236373e+01  9.333333e+01
     vertex  4.171729e+00  1.283926e+01  9.200000e+01
     vertex  3.464362e+00  1.304792e+01  9.200000e+01
   endloop
 endfacet
 facet normal  3.135720e-01  8.823070e-01  3.510086e-01
   outer loop
     vertex  4.017221e+00  1.236373e+01  9.333333e+01
     vertex  4.686400e+00  1.212591e+01  9.333333e+01
     vertex  4.866646e+00  1.259229e+01  9.200000e+01
   endloop
 endfacet
 facet normal  3.135720e-01  8.823070e-01  3.510086e-01
   outer loop
     vertex  4.017221e+00  1.236373e+01  9.333333e+01
     vertex  4.866646e+00  1.259229e+01  9.200000e+01
     vertex  4.171729e+00  1.283926e+01  9.200000e+01
   endloop
 endfacet
 facet normal  2.154813e-01  9.112413e-01  3.510086e-01
   outer loop
     vertex  2.746656e+00  1.321764e+01  9.200000e+01
     vertex  3.464362e+00  1.304792e+01  9.200000e+01
     vertex  2.848384e+00  1.370718e+01  9.066667e+01
   endloop
 endfacet
 facet normal  6.390030e-02  9.341893e-01  3.510086e-01
   outer loop
     vertex  1.336553e+00  1.393605e+01  9.066667e+01
     vertex  1.384287e+00  1.443377e+01  8.933333e+01
     vertex  5.940045e-01  1.448783e+01  8.933333e+01
   endloop
 endfacet
 facet normal  1.148203e-01  9.293058e-01  3.510086e-01
   outer loop
     vertex  1.336553e+00  1.393605e+01  9.066667e+01
     vertex  2.095596e+00  1.384227e+01  9.066667e+01
     vertex  2.170438e+00  1.433664e+01  8.933333e+01
   endloop
 endfacet
 facet normal  1.148203e-01  9.293058e-01  3.510086e-01
   outer loop
     vertex  1.336553e+00  1.393605e+01  9.066667e+01
     vertex  2.170438e+00  1.433664e+01  8.933333e+01
     vertex  1.384287e+00  1.443377e+01  8.933333e+01
   endloop
 endfacet
 facet normal  1.277300e-02  9.350692e-01  3.542350e-01
   outer loop
     vertex -1.980508e-01  1.449865e+01  8.933333e+01
     vertex  5.940045e-01  1.448783e+01  8.933333e+01
     vertex  1.028898e-01  1.499965e+01  8.800000e+01
   endloop
 endfacet
 facet normal -6.424284e-03  9.365555e-01  3.504605e-01
   outer loop
     vertex -1.980508e-01  1.449865e+01  8.933333e+01
     vertex  1.028898e-01  1.499965e+01  8.800000e+01
     vertex -3.086500e-01  1.499682e+01  8.800000e+01
   endloop
 endfacet
 facet normal -3.209357e-02  9.353913e-01  3.521548e-01
   outer loop
     vertex -1.980508e-01  1.449865e+01  8.933333e+01
     vertex -3.086500e-01  1.499682e+01  8.800000e+01
     vertex -7.199574e-01  1.498271e+01  8.800000e+01
   endloop
 endfacet
 facet normal  3.616698e-01  8.647838e-01  3.483446e-01
   outer loop
     vertex  4.506154e+00  1.165953e+01  9.466667e+01
     vertex  4.573183e+00  1.109441e+01  9.600000e+01
     vertex  5.136148e+00  1.139605e+01  9.466667e+01
   endloop
 endfacet
 facet normal  3.612862e-01  8.638665e-01  3.510086e-01
   outer loop
     vertex  4.506154e+00  1.165953e+01  9.466667e+01
     vertex  5.136148e+00  1.139605e+01  9.466667e+01
     vertex  4.686400e+00  1.212591e+01  9.333333e+01
   endloop
 endfacet
 facet normal  3.448667e-01  8.703360e-01  3.515425e-01
   outer loop
     vertex  4.506154e+00  1.165953e+01  9.466667e+01
     vertex  4.267097e+00  1.121570e+01  9.600000e+01
     vertex  4.573183e+00  1.109441e+01  9.600000e+01
   endloop
 endfacet
 facet normal  3.210024e-01  8.798599e-01  3.504340e-01
   outer loop
     vertex  4.506154e+00  1.165953e+01  9.466667e+01
     vertex  3.957799e+00  1.132854e+01  9.600000e+01
     vertex  4.267097e+00  1.121570e+01  9.600000e+01
   endloop
 endfacet
 facet normal  2.649220e-01  8.981143e-01  3.510086e-01
   outer loop
     vertex  3.336053e+00  1.256466e+01  9.333333e+01
     vertex  4.017221e+00  1.236373e+01  9.333333e+01
     vertex  3.464362e+00  1.304792e+01  9.200000e+01
   endloop
 endfacet
 facet normal  1.653976e-01  9.216489e-01  3.510086e-01
   outer loop
     vertex  2.020753e+00  1.334790e+01  9.200000e+01
     vertex  2.848384e+00  1.370718e+01  9.066667e+01
     vertex  2.095596e+00  1.384227e+01  9.066667e+01
   endloop
 endfacet
 facet normal  1.148203e-01  9.293058e-01  3.510086e-01
   outer loop
     vertex  2.020753e+00  1.334790e+01  9.200000e+01
     vertex  2.095596e+00  1.384227e+01  9.066667e+01
     vertex  1.336553e+00  1.393605e+01  9.066667e+01
   endloop
 endfacet
 facet normal  1.653976e-01  9.216489e-01  3.510086e-01
   outer loop
     vertex  2.020753e+00  1.334790e+01  9.200000e+01
     vertex  2.746656e+00  1.321764e+01  9.200000e+01
     vertex  2.848384e+00  1.370718e+01  9.066667e+01
   endloop
 endfacet
 facet normal  6.390030e-02  9.341893e-01  3.510086e-01
   outer loop
     vertex  5.735216e-01  1.398825e+01  9.066667e+01
     vertex  1.336553e+00  1.393605e+01  9.066667e+01
     vertex  5.940045e-01  1.448783e+01  8.933333e+01
   endloop
 endfacet
 facet normal -5.778262e-02  9.347987e-01  3.504463e-01
   outer loop
     vertex -9.895150e-01  1.446620e+01  8.933333e+01
     vertex -7.199574e-01  1.498271e+01  8.800000e+01
     vertex -1.130723e+00  1.495732e+01  8.800000e+01
   endloop
 endfacet
 facet normal -3.830969e-02  9.343772e-01  3.542198e-01
   outer loop
     vertex -9.895150e-01  1.446620e+01  8.933333e+01
     vertex -1.980508e-01  1.449865e+01  8.933333e+01
     vertex -7.199574e-01  1.498271e+01  8.800000e+01
   endloop
 endfacet
 facet normal -8.334761e-02  9.322065e-01  3.521990e-01
   outer loop
     vertex -9.895150e-01  1.446620e+01  8.933333e+01
     vertex -1.130723e+00  1.495732e+01  8.800000e+01
     vertex -1.540637e+00  1.492067e+01  8.800000e+01
   endloop
 endfacet
 facet normal  3.135720e-01  8.823070e-01  3.510086e-01
   outer loop
     vertex  3.862712e+00  1.188821e+01  9.466667e+01
     vertex  4.686400e+00  1.212591e+01  9.333333e+01
     vertex  4.017221e+00  1.236373e+01  9.333333e+01
   endloop
 endfacet
 facet normal  2.966100e-01  8.879356e-01  3.515578e-01
   outer loop
     vertex  3.862712e+00  1.188821e+01  9.466667e+01
     vertex  3.645521e+00  1.143286e+01  9.600000e+01
     vertex  3.957799e+00  1.132854e+01  9.600000e+01
   endloop
 endfacet
 facet normal  2.722650e-01  8.961542e-01  3.503990e-01
   outer loop
     vertex  3.862712e+00  1.188821e+01  9.466667e+01
     vertex  3.330500e+00  1.152856e+01  9.600000e+01
     vertex  3.645521e+00  1.143286e+01  9.600000e+01
   endloop
 endfacet
 facet normal  3.139038e-01  8.832406e-01  3.483538e-01
   outer loop
     vertex  3.862712e+00  1.188821e+01  9.466667e+01
     vertex  3.957799e+00  1.132854e+01  9.600000e+01
     vertex  4.506154e+00  1.165953e+01  9.466667e+01
   endloop
 endfacet
 facet normal  3.135720e-01  8.823070e-01  3.510086e-01
   outer loop
     vertex  3.862712e+00  1.188821e+01  9.466667e+01
     vertex  4.506154e+00  1.165953e+01  9.466667e+01
     vertex  4.686400e+00  1.212591e+01  9.333333e+01
   endloop
 endfacet
 facet normal  1.653976e-01  9.216489e-01  3.510086e-01
   outer loop
     vertex  2.644928e+00  1.272809e+01  9.333333e+01
     vertex  2.746656e+00  1.321764e+01  9.200000e+01
     vertex  2.020753e+00  1.334790e+01  9.200000e+01
   endloop
 endfacet
 facet normal  2.154813e-01  9.112413e-01  3.510086e-01
   outer loop
     vertex  2.644928e+00  1.272809e+01  9.333333e+01
     vertex  3.336053e+00  1.256466e+01  9.333333e+01
     vertex  3.464362e+00  1.304792e+01  9.200000e+01
   endloop
 endfacet
 facet normal  2.154813e-01  9.112413e-01  3.510086e-01
   outer loop
     vertex  2.644928e+00  1.272809e+01  9.333333e+01
     vertex  3.464362e+00  1.304792e+01  9.200000e+01
     vertex  2.746656e+00  1.321764e+01  9.200000e+01
   endloop
 endfacet
 facet normal  1.148203e-01  9.293058e-01  3.510086e-01
   outer loop
     vertex  1.288819e+00  1.343834e+01  9.200000e+01
     vertex  2.020753e+00  1.334790e+01  9.200000e+01
     vertex  1.336553e+00  1.393605e+01  9.066667e+01
   endloop
 endfacet
 facet normal  1.278960e-02  9.362849e-01  3.510086e-01
   outer loop
     vertex -1.912214e-01  1.399869e+01  9.066667e+01
     vertex  5.940045e-01  1.448783e+01  8.933333e+01
     vertex -1.980508e-01  1.449865e+01  8.933333e+01
   endloop
 endfacet
 facet normal  1.278960e-02  9.362849e-01  3.510086e-01
   outer loop
     vertex -1.912214e-01  1.399869e+01  9.066667e+01
     vertex  5.735216e-01  1.398825e+01  9.066667e+01
     vertex  5.940045e-01  1.448783e+01  8.933333e+01
   endloop
 endfacet
 facet normal -8.927870e-02  9.308968e-01  3.542041e-01
   outer loop
     vertex -1.778026e+00  1.439057e+01  8.933333e+01
     vertex -9.895150e-01  1.446620e+01  8.933333e+01
     vertex -1.540637e+00  1.492067e+01  8.800000e+01
   endloop
 endfacet
 facet normal -1.089676e-01  9.302274e-01  3.504326e-01
   outer loop
     vertex -1.778026e+00  1.439057e+01  8.933333e+01
     vertex -1.540637e+00  1.492067e+01  8.800000e+01
     vertex -1.949392e+00  1.487279e+01  8.800000e+01
   endloop
 endfacet
 facet normal -1.343489e-01  9.262153e-01  3.522436e-01
   outer loop
     vertex -1.778026e+00  1.439057e+01  8.933333e+01
     vertex -1.949392e+00  1.487279e+01  8.800000e+01
     vertex -2.356679e+00  1.481371e+01  8.800000e+01
   endloop
 endfacet
 facet normal  2.649220e-01  8.981143e-01  3.510086e-01
   outer loop
     vertex  3.207743e+00  1.208141e+01  9.466667e+01
     vertex  3.862712e+00  1.188821e+01  9.466667e+01
     vertex  4.017221e+00  1.236373e+01  9.333333e+01
   endloop
 endfacet
 facet normal  2.154813e-01  9.112413e-01  3.510086e-01
   outer loop
     vertex  3.207743e+00  1.208141e+01  9.466667e+01
     vertex  3.336053e+00  1.256466e+01  9.333333e+01
     vertex  2.644928e+00  1.272809e+01  9.333333e+01
   endloop
 endfacet
 facet normal  2.474611e-01  9.028619e-01  3.515727e-01
   outer loop
     vertex  3.207743e+00  1.208141e+01  9.466667e+01
     vertex  3.012971e+00  1.161559e+01  9.600000e+01
     vertex  3.330500e+00  1.152856e+01  9.600000e+01
   endloop
 endfacet
 facet normal  2.652013e-01  8.990612e-01  3.483635e-01
   outer loop
     vertex  3.207743e+00  1.208141e+01  9.466667e+01
     vertex  3.330500e+00  1.152856e+01  9.600000e+01
     vertex  3.862712e+00  1.188821e+01  9.466667e+01
   endloop
 endfacet
 facet normal  2.227066e-01  9.097512e-01  3.503635e-01
   outer loop
     vertex  3.207743e+00  1.208141e+01  9.466667e+01
     vertex  2.693174e+00  1.169388e+01  9.600000e+01
     vertex  3.012971e+00  1.161559e+01  9.600000e+01
   endloop
 endfacet
 facet normal  2.649220e-01  8.981143e-01  3.510086e-01
   outer loop
     vertex  3.207743e+00  1.208141e+01  9.466667e+01
     vertex  4.017221e+00  1.236373e+01  9.333333e+01
     vertex  3.336053e+00  1.256466e+01  9.333333e+01
   endloop
 endfacet
 facet normal  1.653976e-01  9.216489e-01  3.510086e-01
   outer loop
     vertex  1.945910e+00  1.285354e+01  9.333333e+01
     vertex  2.644928e+00  1.272809e+01  9.333333e+01
     vertex  2.020753e+00  1.334790e+01  9.200000e+01
   endloop
 endfacet
 facet normal  1.148203e-01  9.293058e-01  3.510086e-01
   outer loop
     vertex  1.945910e+00  1.285354e+01  9.333333e+01
     vertex  2.020753e+00  1.334790e+01  9.200000e+01
     vertex  1.288819e+00  1.343834e+01  9.200000e+01
   endloop
 endfacet
 facet normal  6.390030e-02  9.341893e-01  3.510086e-01
   outer loop
     vertex  5.530387e-01  1.348867e+01  9.200000e+01
     vertex  1.336553e+00  1.393605e+01  9.066667e+01
     vertex  5.735216e-01  1.398825e+01  9.066667e+01
   endloop
 endfacet
 facet normal  1.278960e-02  9.362849e-01  3.510086e-01
   outer loop
     vertex  5.530387e-01  1.348867e+01  9.200000e+01
     vertex  5.735216e-01  1.398825e+01  9.066667e+01
     vertex -1.912214e-01  1.399869e+01  9.066667e+01
   endloop
 endfacet
 facet normal  6.390030e-02  9.341893e-01  3.510086e-01
   outer loop
     vertex  5.530387e-01  1.348867e+01  9.200000e+01
     vertex  1.288819e+00  1.343834e+01  9.200000e+01
     vertex  1.336553e+00  1.393605e+01  9.066667e+01
   endloop
 endfacet
 facet normal -8.939365e-02  9.320954e-01  3.510086e-01
   outer loop
     vertex -9.553938e-01  1.396736e+01  9.066667e+01
     vertex -9.895150e-01  1.446620e+01  8.933333e+01
     vertex -1.778026e+00  1.439057e+01  8.933333e+01
   endloop
 endfacet
 facet normal -3.835926e-02  9.355862e-01  3.510086e-01
   outer loop
     vertex -9.553938e-01  1.396736e+01  9.066667e+01
     vertex -1.980508e-01  1.449865e+01  8.933333e+01
     vertex -9.895150e-01  1.446620e+01  8.933333e+01
   endloop
 endfacet
 facet normal -3.835926e-02  9.355862e-01  3.510086e-01
   outer loop
     vertex -9.553938e-01  1.396736e+01  9.066667e+01
     vertex -1.912214e-01  1.399869e+01  9.066667e+01
     vertex -1.980508e-01  1.449865e+01  8.933333e+01
   endloop
 endfacet
 facet normal -1.399819e-01  9.246383e-01  3.541879e-01
   outer loop
     vertex -2.561231e+00  1.427200e+01  8.933333e+01
     vertex -1.778026e+00  1.439057e+01  8.933333e+01
     vertex -2.356679e+00  1.481371e+01  8.800000e+01
   endloop
 endfacet
 facet normal -1.598250e-01  9.228555e-01  3.504193e-01
   outer loop
     vertex -2.561231e+00  1.427200e+01  8.933333e+01
     vertex -2.356679e+00  1.481371e+01  8.800000e+01
     vertex -2.762192e+00  1.474348e+01  8.800000e+01
   endloop
 endfacet
 facet normal -1.849438e-01  9.174358e-01  3.522888e-01
   outer loop
     vertex -2.561231e+00  1.427200e+01  8.933333e+01
     vertex -2.762192e+00  1.474348e+01  8.800000e+01
     vertex -3.165626e+00  1.466216e+01  8.800000e+01
   endloop
 endfacet
 facet normal  2.154813e-01  9.112413e-01  3.510086e-01
   outer loop
     vertex  2.543200e+00  1.223855e+01  9.466667e+01
     vertex  3.207743e+00  1.208141e+01  9.466667e+01
     vertex  2.644928e+00  1.272809e+01  9.333333e+01
   endloop
 endfacet
 facet normal  1.975678e-01  9.150702e-01  3.515872e-01
   outer loop
     vertex  2.543200e+00  1.223855e+01  9.466667e+01
     vertex  2.371350e+00  1.176336e+01  9.600000e+01
     vertex  2.693174e+00  1.169388e+01  9.600000e+01
   endloop
 endfacet
 facet normal  1.724763e-01  9.206099e-01  3.503275e-01
   outer loop
     vertex  2.543200e+00  1.223855e+01  9.466667e+01
     vertex  2.047741e+00  1.182399e+01  9.600000e+01
     vertex  2.371350e+00  1.176336e+01  9.600000e+01
   endloop
 endfacet
 facet normal  2.157077e-01  9.121984e-01  3.483737e-01
   outer loop
     vertex  2.543200e+00  1.223855e+01  9.466667e+01
     vertex  2.693174e+00  1.169388e+01  9.600000e+01
     vertex  3.207743e+00  1.208141e+01  9.466667e+01
   endloop
 endfacet
 facet normal  1.148203e-01  9.293058e-01  3.510086e-01
   outer loop
     vertex  1.241085e+00  1.294062e+01  9.333333e+01
     vertex  1.945910e+00  1.285354e+01  9.333333e+01
     vertex  1.288819e+00  1.343834e+01  9.200000e+01
   endloop
 endfacet
 facet normal -3.835926e-02  9.355862e-01  3.510086e-01
   outer loop
     vertex -1.843921e-01  1.349874e+01  9.200000e+01
     vertex -1.912214e-01  1.399869e+01  9.066667e+01
     vertex -9.553938e-01  1.396736e+01  9.066667e+01
   endloop
 endfacet
 facet normal  1.278960e-02  9.362849e-01  3.510086e-01
   outer loop
     vertex -1.843921e-01  1.349874e+01  9.200000e+01
     vertex  5.530387e-01  1.348867e+01  9.200000e+01
     vertex -1.912214e-01  1.399869e+01  9.066667e+01
   endloop
 endfacet
 facet normal -1.401613e-01  9.258228e-01  3.510086e-01
   outer loop
     vertex -1.716715e+00  1.389435e+01  9.066667e+01
     vertex -1.778026e+00  1.439057e+01  8.933333e+01
     vertex -2.561231e+00  1.427200e+01  8.933333e+01
   endloop
 endfacet
 facet normal -8.939365e-02  9.320954e-01  3.510086e-01
   outer loop
     vertex -1.716715e+00  1.389435e+01  9.066667e+01
     vertex -9.553938e-01  1.396736e+01  9.066667e+01
     vertex -1.778026e+00  1.439057e+01  8.933333e+01
   endloop
 endfacet
 facet normal -1.902681e-01  9.156205e-01  3.541711e-01
   outer loop
     vertex -3.336792e+00  1.411084e+01  8.933333e+01
     vertex -2.561231e+00  1.427200e+01  8.933333e+01
     vertex -3.165626e+00  1.466216e+01  8.800000e+01
   endloop
 endfacet
 facet normal -2.102017e-01  9.127050e-01  3.504066e-01
   outer loop
     vertex -3.336792e+00  1.411084e+01  8.933333e+01
     vertex -3.165626e+00  1.466216e+01  8.800000e+01
     vertex -3.566676e+00  1.456979e+01  8.800000e+01
   endloop
 endfacet
 facet normal -2.349801e-01  9.058944e-01  3.523345e-01
   outer loop
     vertex -3.336792e+00  1.411084e+01  8.933333e+01
     vertex -3.566676e+00  1.456979e+01  8.800000e+01
     vertex -3.965042e+00  1.446646e+01  8.800000e+01
   endloop
 endfacet
 facet normal  1.653976e-01  9.216489e-01  3.510086e-01
   outer loop
     vertex  1.871068e+00  1.235917e+01  9.466667e+01
     vertex  2.543200e+00  1.223855e+01  9.466667e+01
     vertex  2.644928e+00  1.272809e+01  9.333333e+01
   endloop
 endfacet
 facet normal  1.148203e-01  9.293058e-01  3.510086e-01
   outer loop
     vertex  1.871068e+00  1.235917e+01  9.466667e+01
     vertex  1.945910e+00  1.285354e+01  9.333333e+01
     vertex  1.241085e+00  1.294062e+01  9.333333e+01
   endloop
 endfacet
 facet normal  1.653976e-01  9.216489e-01  3.510086e-01
   outer loop
     vertex  1.871068e+00  1.235917e+01  9.466667e+01
     vertex  2.644928e+00  1.272809e+01  9.333333e+01
     vertex  1.945910e+00  1.285354e+01  9.333333e+01
   endloop
 endfacet
 facet normal  1.470803e-01  9.245237e-01  3.516012e-01
   outer loop
     vertex  1.871068e+00  1.235917e+01  9.466667e+01
     vertex  1.722590e+00  1.187572e+01  9.600000e+01
     vertex  2.047741e+00  1.182399e+01  9.600000e+01
   endloop
 endfacet
 facet normal  1.217253e-01  9.286975e-01  3.502911e-01
   outer loop
     vertex  1.871068e+00  1.235917e+01  9.466667e+01
     vertex  1.396143e+00  1.191851e+01  9.600000e+01
     vertex  1.722590e+00  1.187572e+01  9.600000e+01
   endloop
 endfacet
 facet normal  1.655707e-01  9.226130e-01  3.483842e-01
   outer loop
     vertex  1.871068e+00  1.235917e+01  9.466667e+01
     vertex  2.047741e+00  1.182399e+01  9.600000e+01
     vertex  2.543200e+00  1.223855e+01  9.466667e+01
   endloop
 endfacet
 facet normal  6.390030e-02  9.341893e-01  3.510086e-01
   outer loop
     vertex  5.325558e-01  1.298909e+01  9.333333e+01
     vertex  1.288819e+00  1.343834e+01  9.200000e+01
     vertex  5.530387e-01  1.348867e+01  9.200000e+01
   endloop
 endfacet
 facet normal  6.390030e-02  9.341893e-01  3.510086e-01
   outer loop
     vertex  5.325558e-01  1.298909e+01  9.333333e+01
     vertex  1.241085e+00  1.294062e+01  9.333333e+01
     vertex  1.288819e+00  1.343834e+01  9.200000e+01
   endloop
 endfacet
 facet normal  1.278960e-02  9.362849e-01  3.510086e-01
   outer loop
     vertex  5.325558e-01  1.298909e+01  9.333333e+01
     vertex  5.530387e-01  1.348867e+01  9.200000e+01
     vertex -1.843921e-01  1.349874e+01  9.200000e+01
   endloop
 endfacet
 facet normal -3.835926e-02  9.355862e-01  3.510086e-01
   outer loop
     vertex -9.212726e-01  1.346853e+01  9.200000e+01
     vertex -1.843921e-01  1.349874e+01  9.200000e+01
     vertex -9.553938e-01  1.396736e+01  9.066667e+01
   endloop
 endfacet
 facet normal -1.401613e-01  9.258228e-01  3.510086e-01
   outer loop
     vertex -2.472913e+00  1.377987e+01  9.066667e+01
     vertex -1.716715e+00  1.389435e+01  9.066667e+01
     vertex -2.561231e+00  1.427200e+01  8.933333e+01
   endloop
 endfacet
 facet normal -2.599461e-01  8.998065e-01  3.503944e-01
   outer loop
     vertex -4.102395e+00  1.390756e+01  8.933333e+01
     vertex -3.965042e+00  1.446646e+01  8.800000e+01
     vertex -4.360424e+00  1.435224e+01  8.800000e+01
   endloop
 endfacet
 facet normal -2.843072e-01  8.916262e-01  3.523806e-01
   outer loop
     vertex -4.102395e+00  1.390756e+01  8.933333e+01
     vertex -4.360424e+00  1.435224e+01  8.800000e+01
     vertex -4.752522e+00  1.422721e+01  8.800000e+01
   endloop
 endfacet
 facet normal -2.399872e-01  9.038701e-01  3.541538e-01
   outer loop
     vertex -4.102395e+00  1.390756e+01  8.933333e+01
     vertex -3.336792e+00  1.411084e+01  8.933333e+01
     vertex -3.965042e+00  1.446646e+01  8.800000e+01
   endloop
 endfacet
 facet normal  9.615063e-02  9.311939e-01  3.516148e-01
   outer loop
     vertex  1.193351e+00  1.244291e+01  9.466667e+01
     vertex  1.068645e+00  1.195232e+01  9.600000e+01
     vertex  1.396143e+00  1.191851e+01  9.600000e+01
   endloop
 endfacet
 facet normal  7.060646e-02  9.339897e-01  3.502543e-01
   outer loop
     vertex  1.193351e+00  1.244291e+01  9.466667e+01
     vertex  7.403418e-01  1.197714e+01  9.600000e+01
     vertex  1.068645e+00  1.195232e+01  9.600000e+01
   endloop
 endfacet
 facet normal  1.149399e-01  9.302739e-01  3.483952e-01
   outer loop
     vertex  1.193351e+00  1.244291e+01  9.466667e+01
     vertex  1.396143e+00  1.191851e+01  9.600000e+01
     vertex  1.871068e+00  1.235917e+01  9.466667e+01
   endloop
 endfacet
 facet normal  1.148203e-01  9.293058e-01  3.510086e-01
   outer loop
     vertex  1.193351e+00  1.244291e+01  9.466667e+01
     vertex  1.871068e+00  1.235917e+01  9.466667e+01
     vertex  1.241085e+00  1.294062e+01  9.333333e+01
   endloop
 endfacet
 facet normal  1.278960e-02  9.362849e-01  3.510086e-01
   outer loop
     vertex -1.775628e-01  1.299879e+01  9.333333e+01
     vertex  5.325558e-01  1.298909e+01  9.333333e+01
     vertex -1.843921e-01  1.349874e+01  9.200000e+01
   endloop
 endfacet
 facet normal -8.939365e-02  9.320954e-01  3.510086e-01
   outer loop
     vertex -1.655404e+00  1.339812e+01  9.200000e+01
     vertex -9.212726e-01  1.346853e+01  9.200000e+01
     vertex -9.553938e-01  1.396736e+01  9.066667e+01
   endloop
 endfacet
 facet normal -8.939365e-02  9.320954e-01  3.510086e-01
   outer loop
     vertex -1.655404e+00  1.339812e+01  9.200000e+01
     vertex -9.553938e-01  1.396736e+01  9.066667e+01
     vertex -1.716715e+00  1.389435e+01  9.066667e+01
   endloop
 endfacet
 facet normal -1.401613e-01  9.258228e-01  3.510086e-01
   outer loop
     vertex -1.655404e+00  1.339812e+01  9.200000e+01
     vertex -1.716715e+00  1.389435e+01  9.066667e+01
     vertex -2.472913e+00  1.377987e+01  9.066667e+01
   endloop
 endfacet
 facet normal -1.905106e-01  9.167872e-01  3.510086e-01
   outer loop
     vertex -3.221730e+00  1.362426e+01  9.066667e+01
     vertex -2.472913e+00  1.377987e+01  9.066667e+01
     vertex -2.561231e+00  1.427200e+01  8.933333e+01
   endloop
 endfacet
 facet normal -1.905106e-01  9.167872e-01  3.510086e-01
   outer loop
     vertex -3.221730e+00  1.362426e+01  9.066667e+01
     vertex -2.561231e+00  1.427200e+01  8.933333e+01
     vertex -3.336792e+00  1.411084e+01  8.933333e+01
   endloop
 endfacet
 facet normal -3.089084e-01  8.841988e-01  3.503827e-01
   outer loop
     vertex -4.855754e+00  1.366278e+01  8.933333e+01
     vertex -4.752522e+00  1.422721e+01  8.800000e+01
     vertex -5.141043e+00  1.409148e+01  8.800000e+01
   endloop
 endfacet
 facet normal -3.327764e-01  8.746742e-01  3.524273e-01
   outer loop
     vertex -4.855754e+00  1.366278e+01  8.933333e+01
     vertex -5.141043e+00  1.409148e+01  8.800000e+01
     vertex -5.525695e+00  1.394513e+01  8.800000e+01
   endloop
 endfacet
 facet normal -2.889908e-01  8.894223e-01  3.541360e-01
   outer loop
     vertex -4.855754e+00  1.366278e+01  8.933333e+01
     vertex -4.102395e+00  1.390756e+01  8.933333e+01
     vertex -4.752522e+00  1.422721e+01  8.800000e+01
   endloop
 endfacet
 facet normal  6.396658e-02  9.351583e-01  3.484066e-01
   outer loop
     vertex  5.120729e-01  1.248951e+01  9.466667e+01
     vertex  7.403418e-01  1.197714e+01  9.600000e+01
     vertex  1.193351e+00  1.244291e+01  9.466667e+01
   endloop
 endfacet
 facet normal  6.390030e-02  9.341893e-01  3.510086e-01
   outer loop
     vertex  5.120729e-01  1.248951e+01  9.466667e+01
     vertex  1.241085e+00  1.294062e+01  9.333333e+01
     vertex  5.325558e-01  1.298909e+01  9.333333e+01
   endloop
 endfacet
 facet normal  4.493205e-02  9.350609e-01  3.516279e-01
   outer loop
     vertex  5.120729e-01  1.248951e+01  9.466667e+01
     vertex  4.114817e-01  1.199294e+01  9.600000e+01
     vertex  7.403418e-01  1.197714e+01  9.600000e+01
   endloop
 endfacet
 facet normal  1.927352e-02  9.364703e-01  3.502170e-01
   outer loop
     vertex  5.120729e-01  1.248951e+01  9.466667e+01
     vertex  8.231183e-02  1.199972e+01  9.600000e+01
     vertex  4.114817e-01  1.199294e+01  9.600000e+01
   endloop
 endfacet
 facet normal  6.390030e-02  9.341893e-01  3.510086e-01
   outer loop
     vertex  5.120729e-01  1.248951e+01  9.466667e+01
     vertex  1.193351e+00  1.244291e+01  9.466667e+01
     vertex  1.241085e+00  1.294062e+01  9.333333e+01
   endloop
 endfacet
 facet normal -3.835926e-02  9.355862e-01  3.510086e-01
   outer loop
     vertex -8.871514e-01  1.296969e+01  9.333333e+01
     vertex -1.775628e-01  1.299879e+01  9.333333e+01
     vertex -1.843921e-01  1.349874e+01  9.200000e+01
   endloop
 endfacet
 facet normal -3.835926e-02  9.355862e-01  3.510086e-01
   outer loop
     vertex -8.871514e-01  1.296969e+01  9.333333e+01
     vertex -1.843921e-01  1.349874e+01  9.200000e+01
     vertex -9.212726e-01  1.346853e+01  9.200000e+01
   endloop
 endfacet
 facet normal -1.401613e-01  9.258228e-01  3.510086e-01
   outer loop
     vertex -2.384594e+00  1.328773e+01  9.200000e+01
     vertex -1.655404e+00  1.339812e+01  9.200000e+01
     vertex -2.472913e+00  1.377987e+01  9.066667e+01
   endloop
 endfacet
 facet normal -2.402913e-01  9.050155e-01  3.510086e-01
   outer loop
     vertex -3.960933e+00  1.342799e+01  9.066667e+01
     vertex -3.336792e+00  1.411084e+01  8.933333e+01
     vertex -4.102395e+00  1.390756e+01  8.933333e+01
   endloop
 endfacet
 facet normal -2.402913e-01  9.050155e-01  3.510086e-01
   outer loop
     vertex -3.960933e+00  1.342799e+01  9.066667e+01
     vertex -3.221730e+00  1.362426e+01  9.066667e+01
     vertex -3.336792e+00  1.411084e+01  8.933333e+01
   endloop
 endfacet
 facet normal -3.569410e-01  8.659289e-01  3.503715e-01
   outer loop
     vertex -5.594623e+00  1.337723e+01  8.933333e+01
     vertex -5.525695e+00  1.394513e+01  8.800000e+01
     vertex -5.906186e+00  1.378829e+01  8.800000e+01
   endloop
 endfacet
 facet normal -3.802419e-01  8.550894e-01  3.524745e-01
   outer loop
     vertex -5.594623e+00  1.337723e+01  8.933333e+01
     vertex -5.906186e+00  1.378829e+01  8.800000e+01
     vertex -6.282232e+00  1.362107e+01  8.800000e+01
   endloop
 endfacet
 facet normal -3.371327e-01  8.723200e-01  3.541177e-01
   outer loop
     vertex -5.594623e+00  1.337723e+01  8.933333e+01
     vertex -4.855754e+00  1.366278e+01  8.933333e+01
     vertex -5.525695e+00  1.394513e+01  8.800000e+01
   endloop
 endfacet
 facet normal  1.278960e-02  9.362849e-01  3.510086e-01
   outer loop
     vertex -1.707334e-01  1.249883e+01  9.466667e+01
     vertex  5.120729e-01  1.248951e+01  9.466667e+01
     vertex  5.325558e-01  1.298909e+01  9.333333e+01
   endloop
 endfacet
 facet normal  1.278960e-02  9.362849e-01  3.510086e-01
   outer loop
     vertex -1.707334e-01  1.249883e+01  9.466667e+01
     vertex  5.325558e-01  1.298909e+01  9.333333e+01
     vertex -1.775628e-01  1.299879e+01  9.333333e+01
   endloop
 endfacet
 facet normal  1.280281e-02  9.372517e-01  3.484184e-01
   outer loop
     vertex -1.707334e-01  1.249883e+01  9.466667e+01
     vertex  8.231183e-02  1.199972e+01  9.600000e+01
     vertex  5.120729e-01  1.248951e+01  9.466667e+01
   endloop
 endfacet
 facet normal -6.421249e-03  9.361131e-01  3.516406e-01
   outer loop
     vertex -1.707334e-01  1.249883e+01  9.466667e+01
     vertex -2.469200e-01  1.199746e+01  9.600000e+01
     vertex  8.231183e-02  1.199972e+01  9.600000e+01
   endloop
 endfacet
 facet normal -3.211898e-02  9.361319e-01  3.501793e-01
   outer loop
     vertex -1.707334e-01  1.249883e+01  9.466667e+01
     vertex -5.759659e-01  1.198617e+01  9.600000e+01
     vertex -2.469200e-01  1.199746e+01  9.600000e+01
   endloop
 endfacet
 facet normal -3.835926e-02  9.355862e-01  3.510086e-01
   outer loop
     vertex -1.707334e-01  1.249883e+01  9.466667e+01
     vertex -1.775628e-01  1.299879e+01  9.333333e+01
     vertex -8.871514e-01  1.296969e+01  9.333333e+01
   endloop
 endfacet
 facet normal -8.939365e-02  9.320954e-01  3.510086e-01
   outer loop
     vertex -1.594092e+00  1.290189e+01  9.333333e+01
     vertex -8.871514e-01  1.296969e+01  9.333333e+01
     vertex -9.212726e-01  1.346853e+01  9.200000e+01
   endloop
 endfacet
 facet normal -8.939365e-02  9.320954e-01  3.510086e-01
   outer loop
     vertex -1.594092e+00  1.290189e+01  9.333333e+01
     vertex -9.212726e-01  1.346853e+01  9.200000e+01
     vertex -1.655404e+00  1.339812e+01  9.200000e+01
   endloop
 endfacet
 facet normal -1.401613e-01  9.258228e-01  3.510086e-01
   outer loop
     vertex -1.594092e+00  1.290189e+01  9.333333e+01
     vertex -1.655404e+00  1.339812e+01  9.200000e+01
     vertex -2.384594e+00  1.328773e+01  9.200000e+01
   endloop
 endfacet
 facet normal -1.905106e-01  9.167872e-01  3.510086e-01
   outer loop
     vertex -3.106668e+00  1.313768e+01  9.200000e+01
     vertex -2.384594e+00  1.328773e+01  9.200000e+01
     vertex -2.472913e+00  1.377987e+01  9.066667e+01
   endloop
 endfacet
 facet normal -1.905106e-01  9.167872e-01  3.510086e-01
   outer loop
     vertex -3.106668e+00  1.313768e+01  9.200000e+01
     vertex -2.472913e+00  1.377987e+01  9.066667e+01
     vertex -3.221730e+00  1.362426e+01  9.066667e+01
   endloop
 endfacet
 facet normal -2.893549e-01  8.905429e-01  3.510086e-01
   outer loop
     vertex -4.688315e+00  1.319165e+01  9.066667e+01
     vertex -4.102395e+00  1.390756e+01  8.933333e+01
     vertex -4.855754e+00  1.366278e+01  8.933333e+01
   endloop
 endfacet
 facet normal -2.893549e-01  8.905429e-01  3.510086e-01
   outer loop
     vertex -4.688315e+00  1.319165e+01  9.066667e+01
     vertex -3.960933e+00  1.342799e+01  9.066667e+01
     vertex -4.102395e+00  1.390756e+01  8.933333e+01
   endloop
 endfacet
 facet normal -4.038995e-01  8.450518e-01  3.503609e-01
   outer loop
     vertex -6.316794e+00  1.305175e+01  8.933333e+01
     vertex -6.282232e+00  1.362107e+01  8.800000e+01
     vertex -6.653549e+00  1.344360e+01  8.800000e+01
   endloop
 endfacet
 facet normal -4.265608e-01  8.329310e-01  3.525222e-01
   outer loop
     vertex -6.316794e+00  1.305175e+01  8.933333e+01
     vertex -6.653549e+00  1.344360e+01  8.800000e+01
     vertex -7.019857e+00  1.325600e+01  8.800000e+01
   endloop
 endfacet
 facet normal -3.842693e-01  8.526143e-01  3.540988e-01
   outer loop
     vertex -6.316794e+00  1.305175e+01  8.933333e+01
     vertex -5.594623e+00  1.337723e+01  8.933333e+01
     vertex -6.282232e+00  1.362107e+01  8.800000e+01
   endloop
 endfacet
 facet normal -3.835926e-02  9.355862e-01  3.510086e-01
   outer loop
     vertex -8.530302e-01  1.247086e+01  9.466667e+01
     vertex -1.707334e-01  1.249883e+01  9.466667e+01
     vertex -8.871514e-01  1.296969e+01  9.333333e+01
   endloop
 endfacet
 facet normal -3.839869e-02  9.365477e-01  3.484306e-01
   outer loop
     vertex -8.530302e-01  1.247086e+01  9.466667e+01
     vertex -5.759659e-01  1.198617e+01  9.600000e+01
     vertex -1.707334e-01  1.249883e+01  9.466667e+01
   endloop
 endfacet
 facet normal -5.775471e-02  9.343472e-01  3.516528e-01
   outer loop
     vertex -8.530302e-01  1.247086e+01  9.466667e+01
     vertex -9.045783e-01  1.196586e+01  9.600000e+01
     vertex -5.759659e-01  1.198617e+01  9.600000e+01
   endloop
 endfacet
 facet normal -8.341634e-02  9.329753e-01  3.501411e-01
   outer loop
     vertex -8.530302e-01  1.247086e+01  9.466667e+01
     vertex -1.232510e+00  1.193654e+01  9.600000e+01
     vertex -9.045783e-01  1.196586e+01  9.600000e+01
   endloop
 endfacet
 facet normal -8.939365e-02  9.320954e-01  3.510086e-01
   outer loop
     vertex -8.530302e-01  1.247086e+01  9.466667e+01
     vertex -8.871514e-01  1.296969e+01  9.333333e+01
     vertex -1.594092e+00  1.290189e+01  9.333333e+01
   endloop
 endfacet
 facet normal -1.401613e-01  9.258228e-01  3.510086e-01
   outer loop
     vertex -2.296276e+00  1.279559e+01  9.333333e+01
     vertex -1.594092e+00  1.290189e+01  9.333333e+01
     vertex -2.384594e+00  1.328773e+01  9.200000e+01
   endloop
 endfacet
 facet normal -2.402913e-01  9.050155e-01  3.510086e-01
   outer loop
     vertex -3.819471e+00  1.294842e+01  9.200000e+01
     vertex -3.106668e+00  1.313768e+01  9.200000e+01
     vertex -3.221730e+00  1.362426e+01  9.066667e+01
   endloop
 endfacet
 facet normal -2.402913e-01  9.050155e-01  3.510086e-01
   outer loop
     vertex -3.819471e+00  1.294842e+01  9.200000e+01
     vertex -3.221730e+00  1.362426e+01  9.066667e+01
     vertex -3.960933e+00  1.342799e+01  9.066667e+01
   endloop
 endfacet
 facet normal -3.375550e-01  8.734126e-01  3.510086e-01
   outer loop
     vertex -5.401704e+00  1.291594e+01  9.066667e+01
     vertex -4.688315e+00  1.319165e+01  9.066667e+01
     vertex -4.855754e+00  1.366278e+01  8.933333e+01
   endloop
 endfacet
 facet normal -3.375550e-01  8.734126e-01  3.510086e-01
   outer loop
     vertex -5.401704e+00  1.291594e+01  9.066667e+01
     vertex -4.855754e+00  1.366278e+01  8.933333e+01
     vertex -5.594623e+00  1.337723e+01  8.933333e+01
   endloop
 endfacet
 facet normal -3.847477e-01  8.536757e-01  3.510086e-01
   outer loop
     vertex -5.401704e+00  1.291594e+01  9.066667e+01
     vertex -5.594623e+00  1.337723e+01  8.933333e+01
     vertex -6.316794e+00  1.305175e+01  8.933333e+01
   endloop
 endfacet
 facet normal -4.496422e-01  8.216302e-01  3.503507e-01
   outer loop
     vertex -7.020114e+00  1.268732e+01  8.933333e+01
     vertex -7.019857e+00  1.325600e+01  8.800000e+01
     vertex -7.380880e+00  1.305843e+01  8.800000e+01
   endloop
 endfacet
 facet normal -4.715937e-01  8.082657e-01  3.525704e-01
   outer loop
     vertex -7.020114e+00  1.268732e+01  8.933333e+01
     vertex -7.380880e+00  1.305843e+01  8.800000e+01
     vertex -7.736348e+00  1.285103e+01  8.800000e+01
   endloop
 endfacet
 facet normal -4.302599e-01  8.303639e-01  3.540794e-01
   outer loop
     vertex -7.020114e+00  1.268732e+01  8.933333e+01
     vertex -6.316794e+00  1.305175e+01  8.933333e+01
     vertex -7.019857e+00  1.325600e+01  8.800000e+01
   endloop
 endfacet
 facet normal -8.948508e-02  9.330486e-01  3.484433e-01
   outer loop
     vertex -1.532781e+00  1.240567e+01  9.466667e+01
     vertex -1.232510e+00  1.193654e+01  9.600000e+01
     vertex -8.530302e-01  1.247086e+01  9.466667e+01
   endloop
 endfacet
 facet normal -8.939365e-02  9.320954e-01  3.510086e-01
   outer loop
     vertex -1.532781e+00  1.240567e+01  9.466667e+01
     vertex -8.530302e-01  1.247086e+01  9.466667e+01
     vertex -1.594092e+00  1.290189e+01  9.333333e+01
   endloop
 endfacet
 facet normal -1.089138e-01  9.297687e-01  3.516647e-01
   outer loop
     vertex -1.532781e+00  1.240567e+01  9.466667e+01
     vertex -1.559513e+00  1.189823e+01  9.600000e+01
     vertex -1.232510e+00  1.193654e+01  9.600000e+01
   endloop
 endfacet
 facet normal -1.344642e-01  9.270100e-01  3.501025e-01
   outer loop
     vertex -1.532781e+00  1.240567e+01  9.466667e+01
     vertex -1.885343e+00  1.185097e+01  9.600000e+01
     vertex -1.559513e+00  1.189823e+01  9.600000e+01
   endloop
 endfacet
 facet normal -1.401613e-01  9.258228e-01  3.510086e-01
   outer loop
     vertex -1.532781e+00  1.240567e+01  9.466667e+01
     vertex -1.594092e+00  1.290189e+01  9.333333e+01
     vertex -2.296276e+00  1.279559e+01  9.333333e+01
   endloop
 endfacet
 facet normal -1.905106e-01  9.167872e-01  3.510086e-01
   outer loop
     vertex -2.991607e+00  1.265110e+01  9.333333e+01
     vertex -2.296276e+00  1.279559e+01  9.333333e+01
     vertex -2.384594e+00  1.328773e+01  9.200000e+01
   endloop
 endfacet
 facet normal -1.905106e-01  9.167872e-01  3.510086e-01
   outer loop
     vertex -2.991607e+00  1.265110e+01  9.333333e+01
     vertex -2.384594e+00  1.328773e+01  9.200000e+01
     vertex -3.106668e+00  1.313768e+01  9.200000e+01
   endloop
 endfacet
 facet normal -2.893549e-01  8.905429e-01  3.510086e-01
   outer loop
     vertex -4.520875e+00  1.272052e+01  9.200000e+01
     vertex -3.819471e+00  1.294842e+01  9.200000e+01
     vertex -3.960933e+00  1.342799e+01  9.066667e+01
   endloop
 endfacet
 facet normal -2.893549e-01  8.905429e-01  3.510086e-01
   outer loop
     vertex -4.520875e+00  1.272052e+01  9.200000e+01
     vertex -3.960933e+00  1.342799e+01  9.066667e+01
     vertex -4.688315e+00  1.319165e+01  9.066667e+01
   endloop
 endfacet
 facet normal -4.307921e-01  8.313911e-01  3.510086e-01
   outer loop
     vertex -6.098974e+00  1.260169e+01  9.066667e+01
     vertex -6.316794e+00  1.305175e+01  8.933333e+01
     vertex -7.020114e+00  1.268732e+01  8.933333e+01
   endloop
 endfacet
 facet normal -3.847477e-01  8.536757e-01  3.510086e-01
   outer loop
     vertex -6.098974e+00  1.260169e+01  9.066667e+01
     vertex -5.401704e+00  1.291594e+01  9.066667e+01
     vertex -6.316794e+00  1.305175e+01  8.933333e+01
   endloop
 endfacet
 facet normal -4.940316e-01  7.957348e-01  3.503410e-01
   outer loop
     vertex -7.702483e+00  1.228502e+01  8.933333e+01
     vertex -7.736348e+00  1.285103e+01  8.800000e+01
     vertex -8.085992e+00  1.263395e+01  8.800000e+01
   endloop
 endfacet
 facet normal -4.749672e-01  8.056352e-01  3.540595e-01
   outer loop
     vertex -7.702483e+00  1.228502e+01  8.933333e+01
     vertex -7.020114e+00  1.268732e+01  8.933333e+01
     vertex -7.736348e+00  1.285103e+01  8.800000e+01
   endloop
 endfacet
 facet normal -5.152050e-01  7.811681e-01  3.526191e-01
   outer loop
     vertex -7.702483e+00  1.228502e+01  8.933333e+01
     vertex -8.085992e+00  1.263395e+01  8.800000e+01
     vertex -8.429549e+00  1.240737e+01  8.800000e+01
   endloop
 endfacet
 facet normal -1.403039e-01  9.267648e-01  3.484564e-01
   outer loop
     vertex -2.207958e+00  1.230345e+01  9.466667e+01
     vertex -1.885343e+00  1.185097e+01  9.600000e+01
     vertex -1.532781e+00  1.240567e+01  9.466667e+01
   endloop
 endfacet
 facet normal -1.401613e-01  9.258228e-01  3.510086e-01
   outer loop
     vertex -2.207958e+00  1.230345e+01  9.466667e+01
     vertex -1.532781e+00  1.240567e+01  9.466667e+01
     vertex -2.296276e+00  1.279559e+01  9.333333e+01
   endloop
 endfacet
 facet normal -1.597446e-01  9.223913e-01  3.516760e-01
   outer loop
     vertex -2.207958e+00  1.230345e+01  9.466667e+01
     vertex -2.209754e+00  1.179479e+01  9.600000e+01
     vertex -1.885343e+00  1.185097e+01  9.600000e+01
   endloop
 endfacet
 facet normal -1.851088e-01  9.182539e-01  3.500635e-01
   outer loop
     vertex -2.207958e+00  1.230345e+01  9.466667e+01
     vertex -2.532501e+00  1.172972e+01  9.600000e+01
     vertex -2.209754e+00  1.179479e+01  9.600000e+01
   endloop
 endfacet
 facet normal -2.893549e-01  8.905429e-01  3.510086e-01
   outer loop
     vertex -3.678009e+00  1.246885e+01  9.333333e+01
     vertex -3.819471e+00  1.294842e+01  9.200000e+01
     vertex -4.520875e+00  1.272052e+01  9.200000e+01
   endloop
 endfacet
 facet normal -2.402913e-01  9.050155e-01  3.510086e-01
   outer loop
     vertex -3.678009e+00  1.246885e+01  9.333333e+01
     vertex -2.991607e+00  1.265110e+01  9.333333e+01
     vertex -3.106668e+00  1.313768e+01  9.200000e+01
   endloop
 endfacet
 facet normal -2.402913e-01  9.050155e-01  3.510086e-01
   outer loop
     vertex -3.678009e+00  1.246885e+01  9.333333e+01
     vertex -3.106668e+00  1.313768e+01  9.200000e+01
     vertex -3.819471e+00  1.294842e+01  9.200000e+01
   endloop
 endfacet
 facet normal -3.375550e-01  8.734126e-01  3.510086e-01
   outer loop
     vertex -5.208786e+00  1.245466e+01  9.200000e+01
     vertex -4.520875e+00  1.272052e+01  9.200000e+01
     vertex -4.688315e+00  1.319165e+01  9.066667e+01
   endloop
 endfacet
 facet normal -3.375550e-01  8.734126e-01  3.510086e-01
   outer loop
     vertex -5.208786e+00  1.245466e+01  9.200000e+01
     vertex -4.688315e+00  1.319165e+01  9.066667e+01
     vertex -5.401704e+00  1.291594e+01  9.066667e+01
   endloop
 endfacet
 facet normal -4.307921e-01  8.313911e-01  3.510086e-01
   outer loop
     vertex -6.778041e+00  1.224982e+01  9.066667e+01
     vertex -6.098974e+00  1.260169e+01  9.066667e+01
     vertex -7.020114e+00  1.268732e+01  8.933333e+01
   endloop
 endfacet
 facet normal -5.369340e-01  7.674435e-01  3.503319e-01
   outer loop
     vertex -8.361865e+00  1.184606e+01  8.933333e+01
     vertex -8.429549e+00  1.240737e+01  8.800000e+01
     vertex -8.766760e+00  1.217144e+01  8.800000e+01
   endloop
 endfacet
 facet normal -5.572636e-01  7.517196e-01  3.526683e-01
   outer loop
     vertex -8.361865e+00  1.184606e+01  8.933333e+01
     vertex -8.766760e+00  1.217144e+01  8.800000e+01
     vertex -9.097372e+00  1.192635e+01  8.800000e+01
   endloop
 endfacet
 facet normal -5.182578e-01  7.785018e-01  3.540391e-01
   outer loop
     vertex -8.361865e+00  1.184606e+01  8.933333e+01
     vertex -7.702483e+00  1.228502e+01  8.933333e+01
     vertex -8.429549e+00  1.240737e+01  8.800000e+01
   endloop
 endfacet
 facet normal -1.907034e-01  9.177151e-01  3.484699e-01
   outer loop
     vertex -2.876545e+00  1.216452e+01  9.466667e+01
     vertex -2.532501e+00  1.172972e+01  9.600000e+01
     vertex -2.207958e+00  1.230345e+01  9.466667e+01
   endloop
 endfacet
 facet normal -2.402913e-01  9.050155e-01  3.510086e-01
   outer loop
     vertex -2.876545e+00  1.216452e+01  9.466667e+01
     vertex -2.991607e+00  1.265110e+01  9.333333e+01
     vertex -3.678009e+00  1.246885e+01  9.333333e+01
   endloop
 endfacet
 facet normal -1.905106e-01  9.167872e-01  3.510086e-01
   outer loop
     vertex -2.876545e+00  1.216452e+01  9.466667e+01
     vertex -2.207958e+00  1.230345e+01  9.466667e+01
     vertex -2.296276e+00  1.279559e+01  9.333333e+01
   endloop
 endfacet
 facet normal -1.905106e-01  9.167872e-01  3.510086e-01
   outer loop
     vertex -2.876545e+00  1.216452e+01  9.466667e+01
     vertex -2.296276e+00  1.279559e+01  9.333333e+01
     vertex -2.991607e+00  1.265110e+01  9.333333e+01
   endloop
 endfacet
 facet normal -2.100940e-01  9.122372e-01  3.516870e-01
   outer loop
     vertex -2.876545e+00  1.216452e+01  9.466667e+01
     vertex -2.853341e+00  1.165583e+01  9.600000e+01
     vertex -2.532501e+00  1.172972e+01  9.600000e+01
   endloop
 endfacet
 facet normal -2.351977e-01  9.067333e-01  3.500240e-01
   outer loop
     vertex -2.876545e+00  1.216452e+01  9.466667e+01
     vertex -3.172034e+00  1.157317e+01  9.600000e+01
     vertex -2.853341e+00  1.165583e+01  9.600000e+01
   endloop
 endfacet
 facet normal -3.375550e-01  8.734126e-01  3.510086e-01
   outer loop
     vertex -4.353435e+00  1.224939e+01  9.333333e+01
     vertex -4.520875e+00  1.272052e+01  9.200000e+01
     vertex -5.208786e+00  1.245466e+01  9.200000e+01
   endloop
 endfacet
 facet normal -2.893549e-01  8.905429e-01  3.510086e-01
   outer loop
     vertex -4.353435e+00  1.224939e+01  9.333333e+01
     vertex -3.678009e+00  1.246885e+01  9.333333e+01
     vertex -4.520875e+00  1.272052e+01  9.200000e+01
   endloop
 endfacet
 facet normal -3.847477e-01  8.536757e-01  3.510086e-01
   outer loop
     vertex -5.881153e+00  1.215163e+01  9.200000e+01
     vertex -5.401704e+00  1.291594e+01  9.066667e+01
     vertex -6.098974e+00  1.260169e+01  9.066667e+01
   endloop
 endfacet
 facet normal -3.847477e-01  8.536757e-01  3.510086e-01
   outer loop
     vertex -5.881153e+00  1.215163e+01  9.200000e+01
     vertex -5.208786e+00  1.245466e+01  9.200000e+01
     vertex -5.401704e+00  1.291594e+01  9.066667e+01
   endloop
 endfacet
 facet normal -4.755509e-01  8.066253e-01  3.510086e-01
   outer loop
     vertex -7.436880e+00  1.186140e+01  9.066667e+01
     vertex -7.020114e+00  1.268732e+01  8.933333e+01
     vertex -7.702483e+00  1.228502e+01  8.933333e+01
   endloop
 endfacet
 facet normal -4.755509e-01  8.066253e-01  3.510086e-01
   outer loop
     vertex -7.436880e+00  1.186140e+01  9.066667e+01
     vertex -6.778041e+00  1.224982e+01  9.066667e+01
     vertex -7.020114e+00  1.268732e+01  8.933333e+01
   endloop
 endfacet
 facet normal -5.782201e-01  7.368414e-01  3.503232e-01
   outer loop
     vertex -8.996291e+00  1.137175e+01  8.933333e+01
     vertex -9.097372e+00  1.192635e+01  8.800000e+01
     vertex -9.421136e+00  1.167228e+01  8.800000e+01
   endloop
 endfacet
 facet normal -5.976427e-01  7.200092e-01  3.527180e-01
   outer loop
     vertex -8.996291e+00  1.137175e+01  8.933333e+01
     vertex -9.421136e+00  1.167228e+01  8.800000e+01
     vertex -9.737808e+00  1.140943e+01  8.800000e+01
   endloop
 endfacet
 facet normal -5.600026e-01  7.490449e-01  3.540182e-01
   outer loop
     vertex -8.996291e+00  1.137175e+01  8.933333e+01
     vertex -8.361865e+00  1.184606e+01  8.933333e+01
     vertex -9.097372e+00  1.192635e+01  8.800000e+01
   endloop
 endfacet
 facet normal -2.405332e-01  9.059265e-01  3.484838e-01
   outer loop
     vertex -3.536547e+00  1.198928e+01  9.466667e+01
     vertex -3.172034e+00  1.157317e+01  9.600000e+01
     vertex -2.876545e+00  1.216452e+01  9.466667e+01
   endloop
 endfacet
 facet normal -2.893549e-01  8.905429e-01  3.510086e-01
   outer loop
     vertex -3.536547e+00  1.198928e+01  9.466667e+01
     vertex -3.678009e+00  1.246885e+01  9.333333e+01
     vertex -4.353435e+00  1.224939e+01  9.333333e+01
   endloop
 endfacet
 facet normal -2.402913e-01  9.050155e-01  3.510086e-01
   outer loop
     vertex -3.536547e+00  1.198928e+01  9.466667e+01
     vertex -2.876545e+00  1.216452e+01  9.466667e+01
     vertex -3.678009e+00  1.246885e+01  9.333333e+01
   endloop
 endfacet
 facet normal -2.598105e-01  8.993372e-01  3.516975e-01
   outer loop
     vertex -3.536547e+00  1.198928e+01  9.466667e+01
     vertex -3.488339e+00  1.148179e+01  9.600000e+01
     vertex -3.172034e+00  1.157317e+01  9.600000e+01
   endloop
 endfacet
 facet normal -2.845802e-01  8.924826e-01  3.499841e-01
   outer loop
     vertex -3.536547e+00  1.198928e+01  9.466667e+01
     vertex -3.802018e+00  1.138177e+01  9.600000e+01
     vertex -3.488339e+00  1.148179e+01  9.600000e+01
   endloop
 endfacet
 facet normal -3.375550e-01  8.734126e-01  3.510086e-01
   outer loop
     vertex -5.015868e+00  1.199338e+01  9.333333e+01
     vertex -4.353435e+00  1.224939e+01  9.333333e+01
     vertex -5.208786e+00  1.245466e+01  9.200000e+01
   endloop
 endfacet
 facet normal -4.307921e-01  8.313911e-01  3.510086e-01
   outer loop
     vertex -6.535968e+00  1.181233e+01  9.200000e+01
     vertex -5.881153e+00  1.215163e+01  9.200000e+01
     vertex -6.098974e+00  1.260169e+01  9.066667e+01
   endloop
 endfacet
 facet normal -4.307921e-01  8.313911e-01  3.510086e-01
   outer loop
     vertex -6.535968e+00  1.181233e+01  9.200000e+01
     vertex -6.098974e+00  1.260169e+01  9.066667e+01
     vertex -6.778041e+00  1.224982e+01  9.066667e+01
   endloop
 endfacet
 facet normal -4.755509e-01  8.066253e-01  3.510086e-01
   outer loop
     vertex -6.535968e+00  1.181233e+01  9.200000e+01
     vertex -6.778041e+00  1.224982e+01  9.066667e+01
     vertex -7.436880e+00  1.186140e+01  9.066667e+01
   endloop
 endfacet
 facet normal -5.188905e-01  7.794521e-01  3.510086e-01
   outer loop
     vertex -8.073525e+00  1.143758e+01  9.066667e+01
     vertex -7.436880e+00  1.186140e+01  9.066667e+01
     vertex -7.702483e+00  1.228502e+01  8.933333e+01
   endloop
 endfacet
 facet normal -5.188905e-01  7.794521e-01  3.510086e-01
   outer loop
     vertex -8.073525e+00  1.143758e+01  9.066667e+01
     vertex -7.702483e+00  1.228502e+01  8.933333e+01
     vertex -8.361865e+00  1.184606e+01  8.933333e+01
   endloop
 endfacet
 facet normal -6.177656e-01  7.040206e-01  3.503151e-01
   outer loop
     vertex -9.603870e+00  1.086350e+01  8.933333e+01
     vertex -9.737808e+00  1.140943e+01  8.800000e+01
     vertex -1.004715e+01  1.113799e+01  8.800000e+01
   endloop
 endfacet
 facet normal -6.362209e-01  6.861324e-01  3.527682e-01
   outer loop
     vertex -9.603870e+00  1.086350e+01  8.933333e+01
     vertex -1.004715e+01  1.113799e+01  8.800000e+01
     vertex -1.034893e+01  1.085816e+01  8.800000e+01
   endloop
 endfacet
 facet normal -6.000770e-01  7.173521e-01  3.539967e-01
   outer loop
     vertex -9.603870e+00  1.086350e+01  8.933333e+01
     vertex -8.996291e+00  1.137175e+01  8.933333e+01
     vertex -9.737808e+00  1.140943e+01  8.800000e+01
   endloop
 endfacet
 facet normal -2.896446e-01  8.914343e-01  3.484981e-01
   outer loop
     vertex -4.185995e+00  1.177826e+01  9.466667e+01
     vertex -3.802018e+00  1.138177e+01  9.600000e+01
     vertex -3.536547e+00  1.198928e+01  9.466667e+01
   endloop
 endfacet
 facet normal -2.893549e-01  8.905429e-01  3.510086e-01
   outer loop
     vertex -4.185995e+00  1.177826e+01  9.466667e+01
     vertex -3.536547e+00  1.198928e+01  9.466667e+01
     vertex -4.353435e+00  1.224939e+01  9.333333e+01
   endloop
 endfacet
 facet normal -3.087446e-01  8.837299e-01  3.517076e-01
   outer loop
     vertex -4.185995e+00  1.177826e+01  9.466667e+01
     vertex -4.112835e+00  1.127318e+01  9.600000e+01
     vertex -3.802018e+00  1.138177e+01  9.600000e+01
   endloop
 endfacet
 facet normal -3.331076e-01  8.755448e-01  3.499438e-01
   outer loop
     vertex -4.185995e+00  1.177826e+01  9.466667e+01
     vertex -4.420556e+00  1.115611e+01  9.600000e+01
     vertex -4.112835e+00  1.127318e+01  9.600000e+01
   endloop
 endfacet
 facet normal -3.847477e-01  8.536757e-01  3.510086e-01
   outer loop
     vertex -5.663333e+00  1.170157e+01  9.333333e+01
     vertex -5.015868e+00  1.199338e+01  9.333333e+01
     vertex -5.208786e+00  1.245466e+01  9.200000e+01
   endloop
 endfacet
 facet normal -3.847477e-01  8.536757e-01  3.510086e-01
   outer loop
     vertex -5.663333e+00  1.170157e+01  9.333333e+01
     vertex -5.208786e+00  1.245466e+01  9.200000e+01
     vertex -5.881153e+00  1.215163e+01  9.200000e+01
   endloop
 endfacet
 facet normal -4.307921e-01  8.313911e-01  3.510086e-01
   outer loop
     vertex -5.663333e+00  1.170157e+01  9.333333e+01
     vertex -5.881153e+00  1.215163e+01  9.200000e+01
     vertex -6.535968e+00  1.181233e+01  9.200000e+01
   endloop
 endfacet
 facet normal -4.755509e-01  8.066253e-01  3.510086e-01
   outer loop
     vertex -7.171277e+00  1.143778e+01  9.200000e+01
     vertex -6.535968e+00  1.181233e+01  9.200000e+01
     vertex -7.436880e+00  1.186140e+01  9.066667e+01
   endloop
 endfacet
 facet normal -5.606815e-01  7.499529e-01  3.510086e-01
   outer loop
     vertex -8.686074e+00  1.097962e+01  9.066667e+01
     vertex -8.361865e+00  1.184606e+01  8.933333e+01
     vertex -8.996291e+00  1.137175e+01  8.933333e+01
   endloop
 endfacet
 facet normal -5.606815e-01  7.499529e-01  3.510086e-01
   outer loop
     vertex -8.686074e+00  1.097962e+01  9.066667e+01
     vertex -8.073525e+00  1.143758e+01  9.066667e+01
     vertex -8.361865e+00  1.184606e+01  8.933333e+01
   endloop
 endfacet
 facet normal -6.554514e-01  6.690801e-01  3.503074e-01
   outer loop
     vertex -1.018279e+01  1.032283e+01  8.933333e+01
     vertex -1.034893e+01  1.085816e+01  8.800000e+01
     vertex -1.064292e+01  1.057016e+01  8.800000e+01
   endloop
 endfacet
 facet normal -6.728820e-01  6.501912e-01  3.528189e-01
   outer loop
     vertex -1.018279e+01  1.032283e+01  8.933333e+01
     vertex -1.064292e+01  1.057016e+01  8.800000e+01
     vertex -1.092889e+01  1.027421e+01  8.800000e+01
   endloop
 endfacet
 facet normal -6.383612e-01  6.835180e-01  3.539747e-01
   outer loop
     vertex -1.018279e+01  1.032283e+01  8.933333e+01
     vertex -9.603870e+00  1.086350e+01  8.933333e+01
     vertex -1.034893e+01  1.085816e+01  8.800000e+01
   endloop
 endfacet
 facet normal -3.375550e-01  8.734126e-01  3.510086e-01
   outer loop
     vertex -4.822950e+00  1.153209e+01  9.466667e+01
     vertex -4.353435e+00  1.224939e+01  9.333333e+01
     vertex -5.015868e+00  1.199338e+01  9.333333e+01
   endloop
 endfacet
 facet normal -3.375550e-01  8.734126e-01  3.510086e-01
   outer loop
     vertex -4.822950e+00  1.153209e+01  9.466667e+01
     vertex -4.185995e+00  1.177826e+01  9.466667e+01
     vertex -4.353435e+00  1.224939e+01  9.333333e+01
   endloop
 endfacet
 facet normal -3.567488e-01  8.654625e-01  3.517172e-01
   outer loop
     vertex -4.822950e+00  1.153209e+01  9.466667e+01
     vertex -4.724949e+00  1.103063e+01  9.600000e+01
     vertex -4.420556e+00  1.115611e+01  9.600000e+01
   endloop
 endfacet
 facet normal -3.806338e-01  8.559707e-01  3.499030e-01
   outer loop
     vertex -4.822950e+00  1.153209e+01  9.466667e+01
     vertex -5.025786e+00  1.089686e+01  9.600000e+01
     vertex -4.724949e+00  1.103063e+01  9.600000e+01
   endloop
 endfacet
 facet normal -3.378909e-01  8.742817e-01  3.485129e-01
   outer loop
     vertex -4.822950e+00  1.153209e+01  9.466667e+01
     vertex -4.420556e+00  1.115611e+01  9.600000e+01
     vertex -4.185995e+00  1.177826e+01  9.466667e+01
   endloop
 endfacet
 facet normal -4.307921e-01  8.313911e-01  3.510086e-01
   outer loop
     vertex -6.293895e+00  1.137484e+01  9.333333e+01
     vertex -5.663333e+00  1.170157e+01  9.333333e+01
     vertex -6.535968e+00  1.181233e+01  9.200000e+01
   endloop
 endfacet
 facet normal -4.755509e-01  8.066253e-01  3.510086e-01
   outer loop
     vertex -6.293895e+00  1.137484e+01  9.333333e+01
     vertex -6.535968e+00  1.181233e+01  9.200000e+01
     vertex -7.171277e+00  1.143778e+01  9.200000e+01
   endloop
 endfacet
 facet normal -5.188905e-01  7.794521e-01  3.510086e-01
   outer loop
     vertex -7.785184e+00  1.102909e+01  9.200000e+01
     vertex -7.436880e+00  1.186140e+01  9.066667e+01
     vertex -8.073525e+00  1.143758e+01  9.066667e+01
   endloop
 endfacet
 facet normal -5.188905e-01  7.794521e-01  3.510086e-01
   outer loop
     vertex -7.785184e+00  1.102909e+01  9.200000e+01
     vertex -7.171277e+00  1.143778e+01  9.200000e+01
     vertex -7.436880e+00  1.186140e+01  9.066667e+01
   endloop
 endfacet
 facet normal -5.606815e-01  7.499529e-01  3.510086e-01
   outer loop
     vertex -7.785184e+00  1.102909e+01  9.200000e+01
     vertex -8.073525e+00  1.143758e+01  9.066667e+01
     vertex -8.686074e+00  1.097962e+01  9.066667e+01
   endloop
 endfacet
 facet normal -6.007991e-01  7.182154e-01  3.510086e-01
   outer loop
     vertex -9.272702e+00  1.048890e+01  9.066667e+01
     vertex -8.996291e+00  1.137175e+01  8.933333e+01
     vertex -9.603870e+00  1.086350e+01  8.933333e+01
   endloop
 endfacet
 facet normal -6.007991e-01  7.182154e-01  3.510086e-01
   outer loop
     vertex -9.272702e+00  1.048890e+01  9.066667e+01
     vertex -8.686074e+00  1.097962e+01  9.066667e+01
     vertex -8.996291e+00  1.137175e+01  8.933333e+01
   endloop
 endfacet
 facet normal -6.911641e-01  6.321249e-01  3.503003e-01
   outer loop
     vertex -1.073131e+01  9.751355e+00  8.933333e+01
     vertex -1.092889e+01  1.027421e+01  8.800000e+01
     vertex -1.120664e+01  9.970515e+00  8.800000e+01
   endloop
 endfacet
 facet normal -7.075159e-01  6.122940e-01  3.528701e-01
   outer loop
     vertex -1.073131e+01  9.751355e+00  8.933333e+01
     vertex -1.120664e+01  9.970515e+00  8.800000e+01
     vertex -1.147596e+01  9.659318e+00  8.800000e+01
   endloop
 endfacet
 facet normal -6.747412e-01  6.476435e-01  3.539521e-01
   outer loop
     vertex -1.073131e+01  9.751355e+00  8.933333e+01
     vertex -1.018279e+01  1.032283e+01  8.933333e+01
     vertex -1.092889e+01  1.027421e+01  8.800000e+01
   endloop
 endfacet
 facet normal -3.851282e-01  8.545200e-01  3.485281e-01
   outer loop
     vertex -5.445512e+00  1.125151e+01  9.466667e+01
     vertex -5.025786e+00  1.089686e+01  9.600000e+01
     vertex -4.822950e+00  1.153209e+01  9.466667e+01
   endloop
 endfacet
 facet normal -3.847477e-01  8.536757e-01  3.510086e-01
   outer loop
     vertex -5.445512e+00  1.125151e+01  9.466667e+01
     vertex -5.015868e+00  1.199338e+01  9.333333e+01
     vertex -5.663333e+00  1.170157e+01  9.333333e+01
   endloop
 endfacet
 facet normal -4.036787e-01  8.445899e-01  3.517264e-01
   outer loop
     vertex -5.445512e+00  1.125151e+01  9.466667e+01
     vertex -5.322839e+00  1.075488e+01  9.600000e+01
     vertex -5.025786e+00  1.089686e+01  9.600000e+01
   endloop
 endfacet
 facet normal -4.270157e-01  8.338192e-01  3.498617e-01
   outer loop
     vertex -5.445512e+00  1.125151e+01  9.466667e+01
     vertex -5.615885e+00  1.060480e+01  9.600000e+01
     vertex -5.322839e+00  1.075488e+01  9.600000e+01
   endloop
 endfacet
 facet normal -3.847477e-01  8.536757e-01  3.510086e-01
   outer loop
     vertex -5.445512e+00  1.125151e+01  9.466667e+01
     vertex -4.822950e+00  1.153209e+01  9.466667e+01
     vertex -5.015868e+00  1.199338e+01  9.333333e+01
   endloop
 endfacet
 facet normal -4.755509e-01  8.066253e-01  3.510086e-01
   outer loop
     vertex -6.905674e+00  1.101416e+01  9.333333e+01
     vertex -6.293895e+00  1.137484e+01  9.333333e+01
     vertex -7.171277e+00  1.143778e+01  9.200000e+01
   endloop
 endfacet
 facet normal -5.606815e-01  7.499529e-01  3.510086e-01
   outer loop
     vertex -8.375857e+00  1.058749e+01  9.200000e+01
     vertex -7.785184e+00  1.102909e+01  9.200000e+01
     vertex -8.686074e+00  1.097962e+01  9.066667e+01
   endloop
 endfacet
 facet normal -6.391238e-01  6.843345e-01  3.510086e-01
   outer loop
     vertex -9.831656e+00  9.966873e+00  9.066667e+01
     vertex -9.272702e+00  1.048890e+01  9.066667e+01
     vertex -9.603870e+00  1.086350e+01  8.933333e+01
   endloop
 endfacet
 facet normal -6.391238e-01  6.843345e-01  3.510086e-01
   outer loop
     vertex -9.831656e+00  9.966873e+00  9.066667e+01
     vertex -9.603870e+00  1.086350e+01  8.933333e+01
     vertex -1.018279e+01  1.032283e+01  8.933333e+01
   endloop
 endfacet
 facet normal -7.247961e-01  5.932664e-01  3.502937e-01
   outer loop
     vertex -1.124781e+01  9.150775e+00  8.933333e+01
     vertex -1.147596e+01  9.659318e+00  8.800000e+01
     vertex -1.173663e+01  9.340851e+00  8.800000e+01
   endloop
 endfacet
 facet normal -7.400183e-01  5.725550e-01  3.529218e-01
   outer loop
     vertex -1.124781e+01  9.150775e+00  8.933333e+01
     vertex -1.173663e+01  9.340851e+00  8.800000e+01
     vertex -1.198847e+01  9.015352e+00  8.800000e+01
   endloop
 endfacet
 facet normal -7.091083e-01  6.098357e-01  3.539291e-01
   outer loop
     vertex -1.124781e+01  9.150775e+00  8.933333e+01
     vertex -1.073131e+01  9.751355e+00  8.933333e+01
     vertex -1.147596e+01  9.659318e+00  8.800000e+01
   endloop
 endfacet
 facet normal -4.755509e-01  8.066253e-01  3.510086e-01
   outer loop
     vertex -6.051822e+00  1.093734e+01  9.466667e+01
     vertex -6.293895e+00  1.137484e+01  9.333333e+01
     vertex -6.905674e+00  1.101416e+01  9.333333e+01
   endloop
 endfacet
 facet normal -4.312155e-01  8.322082e-01  3.485437e-01
   outer loop
     vertex -6.051822e+00  1.093734e+01  9.466667e+01
     vertex -5.615885e+00  1.060480e+01  9.600000e+01
     vertex -5.445512e+00  1.125151e+01  9.466667e+01
   endloop
 endfacet
 facet normal -4.493931e-01  8.211749e-01  3.517351e-01
   outer loop
     vertex -6.051822e+00  1.093734e+01  9.466667e+01
     vertex -5.904704e+00  1.044674e+01  9.600000e+01
     vertex -5.615885e+00  1.060480e+01  9.600000e+01
   endloop
 endfacet
 facet normal -4.307921e-01  8.313911e-01  3.510086e-01
   outer loop
     vertex -6.051822e+00  1.093734e+01  9.466667e+01
     vertex -5.663333e+00  1.170157e+01  9.333333e+01
     vertex -6.293895e+00  1.137484e+01  9.333333e+01
   endloop
 endfacet
 facet normal -4.721136e-01  8.091568e-01  3.498200e-01
   outer loop
     vertex -6.051822e+00  1.093734e+01  9.466667e+01
     vertex -6.189078e+00  1.028082e+01  9.600000e+01
     vertex -5.904704e+00  1.044674e+01  9.600000e+01
   endloop
 endfacet
 facet normal -4.307921e-01  8.313911e-01  3.510086e-01
   outer loop
     vertex -6.051822e+00  1.093734e+01  9.466667e+01
     vertex -5.445512e+00  1.125151e+01  9.466667e+01
     vertex -5.663333e+00  1.170157e+01  9.333333e+01
   endloop
 endfacet
 facet normal -5.606815e-01  7.499529e-01  3.510086e-01
   outer loop
     vertex -7.496844e+00  1.062061e+01  9.333333e+01
     vertex -7.785184e+00  1.102909e+01  9.200000e+01
     vertex -8.375857e+00  1.058749e+01  9.200000e+01
   endloop
 endfacet
 facet normal -5.188905e-01  7.794521e-01  3.510086e-01
   outer loop
     vertex -7.496844e+00  1.062061e+01  9.333333e+01
     vertex -6.905674e+00  1.101416e+01  9.333333e+01
     vertex -7.171277e+00  1.143778e+01  9.200000e+01
   endloop
 endfacet
 facet normal -5.188905e-01  7.794521e-01  3.510086e-01
   outer loop
     vertex -7.496844e+00  1.062061e+01  9.333333e+01
     vertex -7.171277e+00  1.143778e+01  9.200000e+01
     vertex -7.785184e+00  1.102909e+01  9.200000e+01
   endloop
 endfacet
 facet normal -6.007991e-01  7.182154e-01  3.510086e-01
   outer loop
     vertex -8.941534e+00  1.011430e+01  9.200000e+01
     vertex -8.686074e+00  1.097962e+01  9.066667e+01
     vertex -9.272702e+00  1.048890e+01  9.066667e+01
   endloop
 endfacet
 facet normal -6.007991e-01  7.182154e-01  3.510086e-01
   outer loop
     vertex -8.941534e+00  1.011430e+01  9.200000e+01
     vertex -8.375857e+00  1.058749e+01  9.200000e+01
     vertex -8.686074e+00  1.097962e+01  9.066667e+01
   endloop
 endfacet
 facet normal -6.755411e-01  6.484113e-01  3.510086e-01
   outer loop
     vertex -1.036127e+01  9.415101e+00  9.066667e+01
     vertex -9.831656e+00  9.966873e+00  9.066667e+01
     vertex -1.018279e+01  1.032283e+01  8.933333e+01
   endloop
 endfacet
 facet normal -6.755411e-01  6.484113e-01  3.510086e-01
   outer loop
     vertex -1.036127e+01  9.415101e+00  9.066667e+01
     vertex -1.018279e+01  1.032283e+01  8.933333e+01
     vertex -1.073131e+01  9.751355e+00  8.933333e+01
   endloop
 endfacet
 facet normal -7.413599e-01  5.702073e-01  3.539055e-01
   outer loop
     vertex -1.173075e+01  8.522886e+00  8.933333e+01
     vertex -1.124781e+01  9.150775e+00  8.933333e+01
     vertex -1.198847e+01  9.015352e+00  8.800000e+01
   endloop
 endfacet
 facet normal -7.562460e-01  5.526215e-01  3.502876e-01
   outer loop
     vertex -1.173075e+01  8.522886e+00  8.933333e+01
     vertex -1.198847e+01  9.015352e+00  8.800000e+01
     vertex -1.223129e+01  8.683066e+00  8.800000e+01
   endloop
 endfacet
 facet normal -7.702913e-01  5.310938e-01  3.529740e-01
   outer loop
     vertex -1.173075e+01  8.522886e+00  8.933333e+01
     vertex -1.223129e+01  8.683066e+00  8.800000e+01
     vertex -1.246489e+01  8.344244e+00  8.800000e+01
   endloop
 endfacet
 facet normal -4.755509e-01  8.066253e-01  3.510086e-01
   outer loop
     vertex -6.640071e+00  1.059054e+01  9.466667e+01
     vertex -6.051822e+00  1.093734e+01  9.466667e+01
     vertex -6.905674e+00  1.101416e+01  9.333333e+01
   endloop
 endfacet
 facet normal -4.937543e-01  7.952881e-01  3.517435e-01
   outer loop
     vertex -6.640071e+00  1.059054e+01  9.466667e+01
     vertex -6.468793e+00  1.010716e+01  9.600000e+01
     vertex -6.189078e+00  1.028082e+01  9.600000e+01
   endloop
 endfacet
 facet normal -5.157918e-01  7.820577e-01  3.497779e-01
   outer loop
     vertex -6.640071e+00  1.059054e+01  9.466667e+01
     vertex -6.743639e+00  9.925892e+00  9.600000e+01
     vertex -6.468793e+00  1.010716e+01  9.600000e+01
   endloop
 endfacet
 facet normal -4.760153e-01  8.074129e-01  3.485597e-01
   outer loop
     vertex -6.640071e+00  1.059054e+01  9.466667e+01
     vertex -6.189078e+00  1.028082e+01  9.600000e+01
     vertex -6.051822e+00  1.093734e+01  9.466667e+01
   endloop
 endfacet
 facet normal -5.606815e-01  7.499529e-01  3.510086e-01
   outer loop
     vertex -8.065641e+00  1.019536e+01  9.333333e+01
     vertex -7.496844e+00  1.062061e+01  9.333333e+01
     vertex -8.375857e+00  1.058749e+01  9.200000e+01
   endloop
 endfacet
 facet normal -6.391238e-01  6.843345e-01  3.510086e-01
   outer loop
     vertex -9.480525e+00  9.610913e+00  9.200000e+01
     vertex -8.941534e+00  1.011430e+01  9.200000e+01
     vertex -9.272702e+00  1.048890e+01  9.066667e+01
   endloop
 endfacet
 facet normal -6.391238e-01  6.843345e-01  3.510086e-01
   outer loop
     vertex -9.480525e+00  9.610913e+00  9.200000e+01
     vertex -9.272702e+00  1.048890e+01  9.066667e+01
     vertex -9.831656e+00  9.966873e+00  9.066667e+01
   endloop
 endfacet
 facet normal -7.099423e-01  6.105530e-01  3.510086e-01
   outer loop
     vertex -1.085996e+01  8.835231e+00  9.066667e+01
     vertex -1.036127e+01  9.415101e+00  9.066667e+01
     vertex -1.073131e+01  9.751355e+00  8.933333e+01
   endloop
 endfacet
 facet normal -7.099423e-01  6.105530e-01  3.510086e-01
   outer loop
     vertex -1.085996e+01  8.835231e+00  9.066667e+01
     vertex -1.073131e+01  9.751355e+00  8.933333e+01
     vertex -1.124781e+01  9.150775e+00  8.933333e+01
   endloop
 endfacet
 facet normal -7.713997e-01  5.288765e-01  3.538814e-01
   outer loop
     vertex -1.217867e+01  7.869561e+00  8.933333e+01
     vertex -1.173075e+01  8.522886e+00  8.933333e+01
     vertex -1.246489e+01  8.344244e+00  8.800000e+01
   endloop
 endfacet
 facet normal -7.854193e-01  5.103126e-01  3.502820e-01
   outer loop
     vertex -1.217867e+01  7.869561e+00  8.933333e+01
     vertex -1.246489e+01  8.344244e+00  8.800000e+01
     vertex -1.268912e+01  7.999141e+00  8.800000e+01
   endloop
 endfacet
 facet normal -7.982440e-01  4.880355e-01  3.530268e-01
   outer loop
     vertex -1.217867e+01  7.869561e+00  8.933333e+01
     vertex -1.268912e+01  7.999141e+00  8.800000e+01
     vertex -1.290379e+01  7.648016e+00  8.800000e+01
   endloop
 endfacet
 facet normal -5.188905e-01  7.794521e-01  3.510086e-01
   outer loop
     vertex -7.208504e+00  1.021212e+01  9.466667e+01
     vertex -6.905674e+00  1.101416e+01  9.333333e+01
     vertex -7.496844e+00  1.062061e+01  9.333333e+01
   endloop
 endfacet
 facet normal -5.606815e-01  7.499529e-01  3.510086e-01
   outer loop
     vertex -7.208504e+00  1.021212e+01  9.466667e+01
     vertex -7.496844e+00  1.062061e+01  9.333333e+01
     vertex -8.065641e+00  1.019536e+01  9.333333e+01
   endloop
 endfacet
 facet normal -5.188905e-01  7.794521e-01  3.510086e-01
   outer loop
     vertex -7.208504e+00  1.021212e+01  9.466667e+01
     vertex -6.640071e+00  1.059054e+01  9.466667e+01
     vertex -6.905674e+00  1.101416e+01  9.333333e+01
   endloop
 endfacet
 facet normal -5.193938e-01  7.802082e-01  3.485762e-01
   outer loop
     vertex -7.208504e+00  1.021212e+01  9.466667e+01
     vertex -6.743639e+00  9.925892e+00  9.600000e+01
     vertex -6.640071e+00  1.059054e+01  9.466667e+01
   endloop
 endfacet
 facet normal -5.366289e-01  7.670074e-01  3.517513e-01
   outer loop
     vertex -7.208504e+00  1.021212e+01  9.466667e+01
     vertex -7.013408e+00  9.737151e+00  9.600000e+01
     vertex -6.743639e+00  9.925892e+00  9.600000e+01
   endloop
 endfacet
 facet normal -5.579187e-01  7.526034e-01  3.497354e-01
   outer loop
     vertex -7.208504e+00  1.021212e+01  9.466667e+01
     vertex -7.277898e+00  9.541080e+00  9.600000e+01
     vertex -7.013408e+00  9.737151e+00  9.600000e+01
   endloop
 endfacet
 facet normal -6.007991e-01  7.182154e-01  3.510086e-01
   outer loop
     vertex -8.610366e+00  9.739692e+00  9.333333e+01
     vertex -8.375857e+00  1.058749e+01  9.200000e+01
     vertex -8.941534e+00  1.011430e+01  9.200000e+01
   endloop
 endfacet
 facet normal -6.007991e-01  7.182154e-01  3.510086e-01
   outer loop
     vertex -8.610366e+00  9.739692e+00  9.333333e+01
     vertex -8.065641e+00  1.019536e+01  9.333333e+01
     vertex -8.375857e+00  1.058749e+01  9.200000e+01
   endloop
 endfacet
 facet normal -6.755411e-01  6.484113e-01  3.510086e-01
   outer loop
     vertex -9.991223e+00  9.078847e+00  9.200000e+01
     vertex -9.480525e+00  9.610913e+00  9.200000e+01
     vertex -9.831656e+00  9.966873e+00  9.066667e+01
   endloop
 endfacet
 facet normal -6.755411e-01  6.484113e-01  3.510086e-01
   outer loop
     vertex -9.991223e+00  9.078847e+00  9.200000e+01
     vertex -9.831656e+00  9.966873e+00  9.066667e+01
     vertex -1.036127e+01  9.415101e+00  9.066667e+01
   endloop
 endfacet
 facet normal -7.422247e-01  5.708725e-01  3.510086e-01
   outer loop
     vertex -1.132624e+01  8.228994e+00  9.066667e+01
     vertex -1.124781e+01  9.150775e+00  8.933333e+01
     vertex -1.173075e+01  8.522886e+00  8.933333e+01
   endloop
 endfacet
 facet normal -7.422247e-01  5.708725e-01  3.510086e-01
   outer loop
     vertex -1.132624e+01  8.228994e+00  9.066667e+01
     vertex -1.085996e+01  8.835231e+00  9.066667e+01
     vertex -1.124781e+01  9.150775e+00  8.933333e+01
   endloop
 endfacet
 facet normal -7.991381e-01  4.859667e-01  3.538568e-01
   outer loop
     vertex -1.259025e+01  7.192751e+00  8.933333e+01
     vertex -1.217867e+01  7.869561e+00  8.933333e+01
     vertex -1.290379e+01  7.648016e+00  8.800000e+01
   endloop
 endfacet
 facet normal -8.122281e-01  4.664672e-01  3.502769e-01
   outer loop
     vertex -1.259025e+01  7.192751e+00  8.933333e+01
     vertex -1.290379e+01  7.648016e+00  8.800000e+01
     vertex -1.310875e+01  7.291135e+00  8.800000e+01
   endloop
 endfacet
 facet normal -8.237922e-01  4.435097e-01  3.530800e-01
   outer loop
     vertex -1.259025e+01  7.192751e+00  8.933333e+01
     vertex -1.310875e+01  7.291135e+00  8.800000e+01
     vertex -1.330384e+01  6.928764e+00  8.800000e+01
   endloop
 endfacet
 facet normal -5.606815e-01  7.499529e-01  3.510086e-01
   outer loop
     vertex -7.755424e+00  9.803234e+00  9.466667e+01
     vertex -7.208504e+00  1.021212e+01  9.466667e+01
     vertex -8.065641e+00  1.019536e+01  9.333333e+01
   endloop
 endfacet
 facet normal -5.778878e-01  7.364180e-01  3.517588e-01
   outer loop
     vertex -7.755424e+00  9.803234e+00  9.466667e+01
     vertex -7.536909e+00  9.337826e+00  9.600000e+01
     vertex -7.277898e+00  9.541080e+00  9.600000e+01
   endloop
 endfacet
 facet normal -5.983675e-01  7.208825e-01  3.496924e-01
   outer loop
     vertex -7.755424e+00  9.803234e+00  9.466667e+01
     vertex -7.790247e+00  9.127544e+00  9.600000e+01
     vertex -7.536909e+00  9.337826e+00  9.600000e+01
   endloop
 endfacet
 facet normal -5.612215e-01  7.506752e-01  3.485930e-01
   outer loop
     vertex -7.755424e+00  9.803234e+00  9.466667e+01
     vertex -7.277898e+00  9.541080e+00  9.600000e+01
     vertex -7.208504e+00  1.021212e+01  9.466667e+01
   endloop
 endfacet
 facet normal -6.391238e-01  6.843345e-01  3.510086e-01
   outer loop
     vertex -9.129394e+00  9.254953e+00  9.333333e+01
     vertex -8.941534e+00  1.011430e+01  9.200000e+01
     vertex -9.480525e+00  9.610913e+00  9.200000e+01
   endloop
 endfacet
 facet normal -6.391238e-01  6.843345e-01  3.510086e-01
   outer loop
     vertex -9.129394e+00  9.254953e+00  9.333333e+01
     vertex -8.610366e+00  9.739692e+00  9.333333e+01
     vertex -8.941534e+00  1.011430e+01  9.200000e+01
   endloop
 endfacet
 facet normal -7.099423e-01  6.105530e-01  3.510086e-01
   outer loop
     vertex -1.047210e+01  8.519687e+00  9.200000e+01
     vertex -9.991223e+00  9.078847e+00  9.200000e+01
     vertex -1.036127e+01  9.415101e+00  9.066667e+01
   endloop
 endfacet
 facet normal -7.099423e-01  6.105530e-01  3.510086e-01
   outer loop
     vertex -1.047210e+01  8.519687e+00  9.200000e+01
     vertex -1.036127e+01  9.415101e+00  9.066667e+01
     vertex -1.085996e+01  8.835231e+00  9.066667e+01
   endloop
 endfacet
 facet normal -8.000546e-01  4.865240e-01  3.510086e-01
   outer loop
     vertex -1.175872e+01  7.598197e+00  9.066667e+01
     vertex -1.217867e+01  7.869561e+00  8.933333e+01
     vertex -1.259025e+01  7.192751e+00  8.933333e+01
   endloop
 endfacet
 facet normal -7.722921e-01  5.294884e-01  3.510086e-01
   outer loop
     vertex -1.175872e+01  7.598197e+00  9.066667e+01
     vertex -1.173075e+01  8.522886e+00  8.933333e+01
     vertex -1.217867e+01  7.869561e+00  8.933333e+01
   endloop
 endfacet
 facet normal -7.722921e-01  5.294884e-01  3.510086e-01
   outer loop
     vertex -1.175872e+01  7.598197e+00  9.066667e+01
     vertex -1.132624e+01  8.228994e+00  9.066667e+01
     vertex -1.173075e+01  8.522886e+00  8.933333e+01
   endloop
 endfacet
 facet normal -8.244923e-01  4.416057e-01  3.538316e-01
   outer loop
     vertex -1.296425e+01  6.494474e+00  8.933333e+01
     vertex -1.259025e+01  7.192751e+00  8.933333e+01
     vertex -1.330384e+01  6.928764e+00  8.800000e+01
   endloop
 endfacet
 facet normal -8.365915e-01  4.212172e-01  3.502723e-01
   outer loop
     vertex -1.296425e+01  6.494474e+00  8.933333e+01
     vertex -1.330384e+01  6.928764e+00  8.800000e+01
     vertex -1.348892e+01  6.561178e+00  8.800000e+01
   endloop
 endfacet
 facet normal -8.468592e-01  3.976506e-01  3.531337e-01
   outer loop
     vertex -1.296425e+01  6.494474e+00  8.933333e+01
     vertex -1.348892e+01  6.561178e+00  8.800000e+01
     vertex -1.366384e+01  6.188653e+00  8.800000e+01
   endloop
 endfacet
 facet normal -6.007991e-01  7.182154e-01  3.510086e-01
   outer loop
     vertex -8.279198e+00  9.365088e+00  9.466667e+01
     vertex -8.065641e+00  1.019536e+01  9.333333e+01
     vertex -8.610366e+00  9.739692e+00  9.333333e+01
   endloop
 endfacet
 facet normal -6.007991e-01  7.182154e-01  3.510086e-01
   outer loop
     vertex -8.279198e+00  9.365088e+00  9.466667e+01
     vertex -7.755424e+00  9.803234e+00  9.466667e+01
     vertex -8.065641e+00  1.019536e+01  9.333333e+01
   endloop
 endfacet
 facet normal -6.013737e-01  7.189023e-01  3.486103e-01
   outer loop
     vertex -8.279198e+00  9.365088e+00  9.466667e+01
     vertex -7.790247e+00  9.127544e+00  9.600000e+01
     vertex -7.755424e+00  9.803234e+00  9.466667e+01
   endloop
 endfacet
 facet normal -6.174069e-01  7.036118e-01  3.517658e-01
   outer loop
     vertex -8.279198e+00  9.365088e+00  9.466667e+01
     vertex -8.037720e+00  8.910390e+00  9.600000e+01
     vertex -7.790247e+00  9.127544e+00  9.600000e+01
   endloop
 endfacet
 facet normal -6.370164e-01  6.869903e-01  3.496489e-01
   outer loop
     vertex -8.279198e+00  9.365088e+00  9.466667e+01
     vertex -8.279143e+00  8.686530e+00  9.600000e+01
     vertex -8.037720e+00  8.910390e+00  9.600000e+01
   endloop
 endfacet
 facet normal -6.755411e-01  6.484113e-01  3.510086e-01
   outer loop
     vertex -9.621177e+00  8.742594e+00  9.333333e+01
     vertex -9.480525e+00  9.610913e+00  9.200000e+01
     vertex -9.991223e+00  9.078847e+00  9.200000e+01
   endloop
 endfacet
 facet normal -6.755411e-01  6.484113e-01  3.510086e-01
   outer loop
     vertex -9.621177e+00  8.742594e+00  9.333333e+01
     vertex -9.129394e+00  9.254953e+00  9.333333e+01
     vertex -9.480525e+00  9.610913e+00  9.200000e+01
   endloop
 endfacet
 facet normal -7.722921e-01  5.294884e-01  3.510086e-01
   outer loop
     vertex -1.092173e+01  7.935101e+00  9.200000e+01
     vertex -1.132624e+01  8.228994e+00  9.066667e+01
     vertex -1.175872e+01  7.598197e+00  9.066667e+01
   endloop
 endfacet
 facet normal -7.422247e-01  5.708725e-01  3.510086e-01
   outer loop
     vertex -1.092173e+01  7.935101e+00  9.200000e+01
     vertex -1.085996e+01  8.835231e+00  9.066667e+01
     vertex -1.132624e+01  8.228994e+00  9.066667e+01
   endloop
 endfacet
 facet normal -7.422247e-01  5.708725e-01  3.510086e-01
   outer loop
     vertex -1.092173e+01  7.935101e+00  9.200000e+01
     vertex -1.047210e+01  8.519687e+00  9.200000e+01
     vertex -1.085996e+01  8.835231e+00  9.066667e+01
   endloop
 endfacet
 facet normal -8.000546e-01  4.865240e-01  3.510086e-01
   outer loop
     vertex -1.215610e+01  6.944725e+00  9.066667e+01
     vertex -1.175872e+01  7.598197e+00  9.066667e+01
     vertex -1.259025e+01  7.192751e+00  8.933333e+01
   endloop
 endfacet
 facet normal -8.584363e-01  3.746988e-01  3.502683e-01
   outer loop
     vertex -1.329956e+01  5.776816e+00  8.933333e+01
     vertex -1.366384e+01  6.188653e+00  8.800000e+01
     vertex -1.382848e+01  5.811469e+00  8.800000e+01
   endloop
 endfacet
 facet normal -8.673756e-01  3.505963e-01  3.531880e-01
   outer loop
     vertex -1.329956e+01  5.776816e+00  8.933333e+01
     vertex -1.382848e+01  5.811469e+00  8.800000e+01
     vertex -1.398271e+01  5.429911e+00  8.800000e+01
   endloop
 endfacet
 facet normal -8.473865e-01  3.959260e-01  3.538060e-01
   outer loop
     vertex -1.329956e+01  5.776816e+00  8.933333e+01
     vertex -1.296425e+01  6.494474e+00  8.933333e+01
     vertex -1.366384e+01  6.188653e+00  8.800000e+01
   endloop
 endfacet
 facet normal -6.391238e-01  6.843345e-01  3.510086e-01
   outer loop
     vertex -8.778264e+00  8.898993e+00  9.466667e+01
     vertex -8.610366e+00  9.739692e+00  9.333333e+01
     vertex -9.129394e+00  9.254953e+00  9.333333e+01
   endloop
 endfacet
 facet normal -6.391238e-01  6.843345e-01  3.510086e-01
   outer loop
     vertex -8.778264e+00  8.898993e+00  9.466667e+01
     vertex -8.279198e+00  9.365088e+00  9.466667e+01
     vertex -8.610366e+00  9.739692e+00  9.333333e+01
   endloop
 endfacet
 facet normal -6.550671e-01  6.686878e-01  3.517724e-01
   outer loop
     vertex -8.778264e+00  8.898993e+00  9.466667e+01
     vertex -8.514333e+00  8.456130e+00  9.600000e+01
     vertex -8.279143e+00  8.686530e+00  9.600000e+01
   endloop
 endfacet
 facet normal -6.737490e-01  6.510289e-01  3.496050e-01
   outer loop
     vertex -8.778264e+00  8.898993e+00  9.466667e+01
     vertex -8.743114e+00  8.219364e+00  9.600000e+01
     vertex -8.514333e+00  8.456130e+00  9.600000e+01
   endloop
 endfacet
 facet normal -6.397305e-01  6.849842e-01  3.486281e-01
   outer loop
     vertex -8.778264e+00  8.898993e+00  9.466667e+01
     vertex -8.279143e+00  8.686530e+00  9.600000e+01
     vertex -8.279198e+00  9.365088e+00  9.466667e+01
   endloop
 endfacet
 facet normal -7.099423e-01  6.105530e-01  3.510086e-01
   outer loop
     vertex -1.008425e+01  8.204143e+00  9.333333e+01
     vertex -9.991223e+00  9.078847e+00  9.200000e+01
     vertex -1.047210e+01  8.519687e+00  9.200000e+01
   endloop
 endfacet
 facet normal -7.422247e-01  5.708725e-01  3.510086e-01
   outer loop
     vertex -1.008425e+01  8.204143e+00  9.333333e+01
     vertex -1.047210e+01  8.519687e+00  9.200000e+01
     vertex -1.092173e+01  7.935101e+00  9.200000e+01
   endloop
 endfacet
 facet normal -7.099423e-01  6.105530e-01  3.510086e-01
   outer loop
     vertex -1.008425e+01  8.204143e+00  9.333333e+01
     vertex -9.621177e+00  8.742594e+00  9.333333e+01
     vertex -9.991223e+00  9.078847e+00  9.200000e+01
   endloop
 endfacet
 facet normal -8.000546e-01  4.865240e-01  3.510086e-01
   outer loop
     vertex -1.133876e+01  7.326833e+00  9.200000e+01
     vertex -1.175872e+01  7.598197e+00  9.066667e+01
     vertex -1.215610e+01  6.944725e+00  9.066667e+01
   endloop
 endfacet
 facet normal -7.722921e-01  5.294884e-01  3.510086e-01
   outer loop
     vertex -1.133876e+01  7.326833e+00  9.200000e+01
     vertex -1.092173e+01  7.935101e+00  9.200000e+01
     vertex -1.175872e+01  7.598197e+00  9.066667e+01
   endloop
 endfacet
 facet normal -8.254295e-01  4.421076e-01  3.510086e-01
   outer loop
     vertex -1.251721e+01  6.270527e+00  9.066667e+01
     vertex -1.215610e+01  6.944725e+00  9.066667e+01
     vertex -1.259025e+01  7.192751e+00  8.933333e+01
   endloop
 endfacet
 facet normal -8.254295e-01  4.421076e-01  3.510086e-01
   outer loop
     vertex -1.251721e+01  6.270527e+00  9.066667e+01
     vertex -1.259025e+01  7.192751e+00  8.933333e+01
     vertex -1.296425e+01  6.494474e+00  8.933333e+01
   endloop
 endfacet
 facet normal -8.483409e-01  3.963719e-01  3.510086e-01
   outer loop
     vertex -1.251721e+01  6.270527e+00  9.066667e+01
     vertex -1.296425e+01  6.494474e+00  8.933333e+01
     vertex -1.329956e+01  5.776816e+00  8.933333e+01
   endloop
 endfacet
 facet normal -8.776967e-01  3.270522e-01  3.502647e-01
   outer loop
     vertex -1.359519e+01  5.041917e+00  8.933333e+01
     vertex -1.398271e+01  5.429911e+00  8.800000e+01
     vertex -1.412641e+01  5.044265e+00  8.800000e+01
   endloop
 endfacet
 facet normal -8.852798e-01  3.024886e-01  3.532427e-01
   outer loop
     vertex -1.359519e+01  5.041917e+00  8.933333e+01
     vertex -1.412641e+01  5.044265e+00  8.800000e+01
     vertex -1.425948e+01  4.654822e+00  8.800000e+01
   endloop
 endfacet
 facet normal -8.677525e-01  3.490638e-01  3.537798e-01
   outer loop
     vertex -1.359519e+01  5.041917e+00  8.933333e+01
     vertex -1.329956e+01  5.776816e+00  8.933333e+01
     vertex -1.398271e+01  5.429911e+00  8.800000e+01
   endloop
 endfacet
 facet normal -6.761775e-01  6.490222e-01  3.486462e-01
   outer loop
     vertex -9.251132e+00  8.406340e+00  9.466667e+01
     vertex -8.743114e+00  8.219364e+00  9.600000e+01
     vertex -8.778264e+00  8.898993e+00  9.466667e+01
   endloop
 endfacet
 facet normal -6.755411e-01  6.484113e-01  3.510086e-01
   outer loop
     vertex -9.251132e+00  8.406340e+00  9.466667e+01
     vertex -8.778264e+00  8.898993e+00  9.466667e+01
     vertex -9.129394e+00  9.254953e+00  9.333333e+01
   endloop
 endfacet
 facet normal -6.755411e-01  6.484113e-01  3.510086e-01
   outer loop
     vertex -9.251132e+00  8.406340e+00  9.466667e+01
     vertex -9.129394e+00  9.254953e+00  9.333333e+01
     vertex -9.621177e+00  8.742594e+00  9.333333e+01
   endloop
 endfacet
 facet normal -6.907552e-01  6.317509e-01  3.517785e-01
   outer loop
     vertex -9.251132e+00  8.406340e+00  9.466667e+01
     vertex -8.965314e+00  7.976412e+00  9.600000e+01
     vertex -8.743114e+00  8.219364e+00  9.600000e+01
   endloop
 endfacet
 facet normal -7.084546e-01  6.131063e-01  3.495607e-01
   outer loop
     vertex -9.251132e+00  8.406340e+00  9.466667e+01
     vertex -9.180765e+00  7.727455e+00  9.600000e+01
     vertex -8.965314e+00  7.976412e+00  9.600000e+01
   endloop
 endfacet
 facet normal -7.422247e-01  5.708725e-01  3.510086e-01
   outer loop
     vertex -1.051722e+01  7.641208e+00  9.333333e+01
     vertex -1.008425e+01  8.204143e+00  9.333333e+01
     vertex -1.092173e+01  7.935101e+00  9.200000e+01
   endloop
 endfacet
 facet normal -8.000546e-01  4.865240e-01  3.510086e-01
   outer loop
     vertex -1.172195e+01  6.696699e+00  9.200000e+01
     vertex -1.133876e+01  7.326833e+00  9.200000e+01
     vertex -1.215610e+01  6.944725e+00  9.066667e+01
   endloop
 endfacet
 facet normal -8.687206e-01  3.494532e-01  3.510086e-01
   outer loop
     vertex -1.284096e+01  5.577615e+00  9.066667e+01
     vertex -1.329956e+01  5.776816e+00  8.933333e+01
     vertex -1.359519e+01  5.041917e+00  8.933333e+01
   endloop
 endfacet
 facet normal -8.483409e-01  3.963719e-01  3.510086e-01
   outer loop
     vertex -1.284096e+01  5.577615e+00  9.066667e+01
     vertex -1.251721e+01  6.270527e+00  9.066667e+01
     vertex -1.329956e+01  5.776816e+00  8.933333e+01
   endloop
 endfacet
 facet normal -8.943146e-01  2.784209e-01  3.502617e-01
   outer loop
     vertex -1.385023e+01  4.291971e+00  8.933333e+01
     vertex -1.425948e+01  4.654822e+00  8.800000e+01
     vertex -1.438181e+01  4.261874e+00  8.800000e+01
   endloop
 endfacet
 facet normal -9.005178e-01  2.534722e-01  3.532979e-01
   outer loop
     vertex -1.385023e+01  4.291971e+00  8.933333e+01
     vertex -1.438181e+01  4.261874e+00  8.800000e+01
     vertex -1.449332e+01  3.865719e+00  8.800000e+01
   endloop
 endfacet
 facet normal -8.855293e-01  3.011589e-01  3.537530e-01
   outer loop
     vertex -1.385023e+01  4.291971e+00  8.933333e+01
     vertex -1.359519e+01  5.041917e+00  8.933333e+01
     vertex -1.425948e+01  4.654822e+00  8.800000e+01
   endloop
 endfacet
 facet normal -7.099423e-01  6.105530e-01  3.510086e-01
   outer loop
     vertex -9.696391e+00  7.888599e+00  9.466667e+01
     vertex -9.621177e+00  8.742594e+00  9.333333e+01
     vertex -1.008425e+01  8.204143e+00  9.333333e+01
   endloop
 endfacet
 facet normal -7.099423e-01  6.105530e-01  3.510086e-01
   outer loop
     vertex -9.696391e+00  7.888599e+00  9.466667e+01
     vertex -9.251132e+00  8.406340e+00  9.466667e+01
     vertex -9.621177e+00  8.742594e+00  9.333333e+01
   endloop
 endfacet
 facet normal -7.106059e-01  6.111237e-01  3.486648e-01
   outer loop
     vertex -9.696391e+00  7.888599e+00  9.466667e+01
     vertex -9.180765e+00  7.727455e+00  9.600000e+01
     vertex -9.251132e+00  8.406340e+00  9.466667e+01
   endloop
 endfacet
 facet normal -7.243637e-01  5.929125e-01  3.517842e-01
   outer loop
     vertex -9.696391e+00  7.888599e+00  9.466667e+01
     vertex -9.389305e+00  7.472681e+00  9.600000e+01
     vertex -9.180765e+00  7.727455e+00  9.600000e+01
   endloop
 endfacet
 facet normal -7.410287e-01  5.733368e-01  3.495160e-01
   outer loop
     vertex -9.696391e+00  7.888599e+00  9.466667e+01
     vertex -9.590777e+00  7.212281e+00  9.600000e+01
     vertex -9.389305e+00  7.472681e+00  9.600000e+01
   endloop
 endfacet
 facet normal -8.000546e-01  4.865240e-01  3.510086e-01
   outer loop
     vertex -1.091881e+01  7.055469e+00  9.333333e+01
     vertex -1.133876e+01  7.326833e+00  9.200000e+01
     vertex -1.172195e+01  6.696699e+00  9.200000e+01
   endloop
 endfacet
 facet normal -7.722921e-01  5.294884e-01  3.510086e-01
   outer loop
     vertex -1.091881e+01  7.055469e+00  9.333333e+01
     vertex -1.051722e+01  7.641208e+00  9.333333e+01
     vertex -1.092173e+01  7.935101e+00  9.200000e+01
   endloop
 endfacet
 facet normal -7.722921e-01  5.294884e-01  3.510086e-01
   outer loop
     vertex -1.091881e+01  7.055469e+00  9.333333e+01
     vertex -1.092173e+01  7.935101e+00  9.200000e+01
     vertex -1.133876e+01  7.326833e+00  9.200000e+01
   endloop
 endfacet
 facet normal -8.254295e-01  4.421076e-01  3.510086e-01
   outer loop
     vertex -1.207016e+01  6.046580e+00  9.200000e+01
     vertex -1.172195e+01  6.696699e+00  9.200000e+01
     vertex -1.215610e+01  6.944725e+00  9.066667e+01
   endloop
 endfacet
 facet normal -8.254295e-01  4.421076e-01  3.510086e-01
   outer loop
     vertex -1.207016e+01  6.046580e+00  9.200000e+01
     vertex -1.215610e+01  6.944725e+00  9.066667e+01
     vertex -1.251721e+01  6.270527e+00  9.066667e+01
   endloop
 endfacet
 facet normal -8.687206e-01  3.494532e-01  3.510086e-01
   outer loop
     vertex -1.312639e+01  4.868058e+00  9.066667e+01
     vertex -1.284096e+01  5.577615e+00  9.066667e+01
     vertex -1.359519e+01  5.041917e+00  8.933333e+01
   endloop
 endfacet
 facet normal -9.006639e-01  2.523542e-01  3.537258e-01
   outer loop
     vertex -1.406395e+01  3.529216e+00  8.933333e+01
     vertex -1.385023e+01  4.291971e+00  8.933333e+01
     vertex -1.449332e+01  3.865719e+00  8.800000e+01
   endloop
 endfacet
 facet normal -9.082400e-01  2.289511e-01  3.502591e-01
   outer loop
     vertex -1.406395e+01  3.529216e+00  8.933333e+01
     vertex -1.449332e+01  3.865719e+00  8.800000e+01
     vertex -1.459391e+01  3.466654e+00  8.800000e+01
   endloop
 endfacet
 facet normal -9.130441e-01  2.036950e-01  3.533537e-01
   outer loop
     vertex -1.406395e+01  3.529216e+00  8.933333e+01
     vertex -1.459391e+01  3.466654e+00  8.800000e+01
     vertex -1.468352e+01  3.064979e+00  8.800000e+01
   endloop
 endfacet
 facet normal -7.422247e-01  5.708725e-01  3.510086e-01
   outer loop
     vertex -1.011271e+01  7.347316e+00  9.466667e+01
     vertex -1.008425e+01  8.204143e+00  9.333333e+01
     vertex -1.051722e+01  7.641208e+00  9.333333e+01
   endloop
 endfacet
 facet normal -7.422247e-01  5.708725e-01  3.510086e-01
   outer loop
     vertex -1.011271e+01  7.347316e+00  9.466667e+01
     vertex -9.696391e+00  7.888599e+00  9.466667e+01
     vertex -1.008425e+01  8.204143e+00  9.333333e+01
   endloop
 endfacet
 facet normal -7.722921e-01  5.294884e-01  3.510086e-01
   outer loop
     vertex -1.011271e+01  7.347316e+00  9.466667e+01
     vertex -1.051722e+01  7.641208e+00  9.333333e+01
     vertex -1.091881e+01  7.055469e+00  9.333333e+01
   endloop
 endfacet
 facet normal -7.429129e-01  5.714018e-01  3.486837e-01
   outer loop
     vertex -1.011271e+01  7.347316e+00  9.466667e+01
     vertex -9.590777e+00  7.212281e+00  9.600000e+01
     vertex -9.696391e+00  7.888599e+00  9.466667e+01
   endloop
 endfacet
 facet normal -7.557915e-01  5.522893e-01  3.517894e-01
   outer loop
     vertex -1.011271e+01  7.347316e+00  9.466667e+01
     vertex -9.785029e+00  6.946453e+00  9.600000e+01
     vertex -9.590777e+00  7.212281e+00  9.600000e+01
   endloop
 endfacet
 facet normal -7.713732e-01  5.318398e-01  3.494707e-01
   outer loop
     vertex -1.011271e+01  7.347316e+00  9.466667e+01
     vertex -9.971915e+00  6.675395e+00  9.600000e+01
     vertex -9.785029e+00  6.946453e+00  9.600000e+01
   endloop
 endfacet
 facet normal -8.000546e-01  4.865240e-01  3.510086e-01
   outer loop
     vertex -1.128781e+01  6.448673e+00  9.333333e+01
     vertex -1.091881e+01  7.055469e+00  9.333333e+01
     vertex -1.172195e+01  6.696699e+00  9.200000e+01
   endloop
 endfacet
 facet normal -8.483409e-01  3.963719e-01  3.510086e-01
   outer loop
     vertex -1.238235e+01  5.378415e+00  9.200000e+01
     vertex -1.207016e+01  6.046580e+00  9.200000e+01
     vertex -1.251721e+01  6.270527e+00  9.066667e+01
   endloop
 endfacet
 facet normal -8.687206e-01  3.494532e-01  3.510086e-01
   outer loop
     vertex -1.238235e+01  5.378415e+00  9.200000e+01
     vertex -1.284096e+01  5.577615e+00  9.066667e+01
     vertex -1.312639e+01  4.868058e+00  9.066667e+01
   endloop
 endfacet
 facet normal -8.483409e-01  3.963719e-01  3.510086e-01
   outer loop
     vertex -1.238235e+01  5.378415e+00  9.200000e+01
     vertex -1.251721e+01  6.270527e+00  9.066667e+01
     vertex -1.284096e+01  5.577615e+00  9.066667e+01
   endloop
 endfacet
 facet normal -8.865076e-01  3.014916e-01  3.510086e-01
   outer loop
     vertex -1.337264e+01  4.143972e+00  9.066667e+01
     vertex -1.359519e+01  5.041917e+00  8.933333e+01
     vertex -1.385023e+01  4.291971e+00  8.933333e+01
   endloop
 endfacet
 facet normal -8.865076e-01  3.014916e-01  3.510086e-01
   outer loop
     vertex -1.337264e+01  4.143972e+00  9.066667e+01
     vertex -1.312639e+01  4.868058e+00  9.066667e+01
     vertex -1.359519e+01  5.041917e+00  8.933333e+01
   endloop
 endfacet
 facet normal -9.194310e-01  1.787920e-01  3.502571e-01
   outer loop
     vertex -1.423569e+01  2.755929e+00  8.933333e+01
     vertex -1.468352e+01  3.064979e+00  8.800000e+01
     vertex -1.476208e+01  2.660997e+00  8.800000e+01
   endloop
 endfacet
 facet normal -9.228209e-01  1.533068e-01  3.534099e-01
   outer loop
     vertex -1.423569e+01  2.755929e+00  8.933333e+01
     vertex -1.476208e+01  2.660997e+00  8.800000e+01
     vertex -1.482953e+01  2.255011e+00  8.800000e+01
   endloop
 endfacet
 facet normal -9.131110e-01  2.027954e-01  3.536980e-01
   outer loop
     vertex -1.423569e+01  2.755929e+00  8.933333e+01
     vertex -1.406395e+01  3.529216e+00  8.933333e+01
     vertex -1.468352e+01  3.064979e+00  8.800000e+01
   endloop
 endfacet
 facet normal -7.722921e-01  5.294884e-01  3.510086e-01
   outer loop
     vertex -1.049885e+01  6.784105e+00  9.466667e+01
     vertex -1.011271e+01  7.347316e+00  9.466667e+01
     vertex -1.091881e+01  7.055469e+00  9.333333e+01
   endloop
 endfacet
 facet normal -8.000546e-01  4.865240e-01  3.510086e-01
   outer loop
     vertex -1.049885e+01  6.784105e+00  9.466667e+01
     vertex -1.091881e+01  7.055469e+00  9.333333e+01
     vertex -1.128781e+01  6.448673e+00  9.333333e+01
   endloop
 endfacet
 facet normal -7.730022e-01  5.299752e-01  3.487031e-01
   outer loop
     vertex -1.049885e+01  6.784105e+00  9.466667e+01
     vertex -9.971915e+00  6.675395e+00  9.600000e+01
     vertex -1.011271e+01  7.347316e+00  9.466667e+01
   endloop
 endfacet
 facet normal -7.849439e-01  5.100038e-01  3.517942e-01
   outer loop
     vertex -1.049885e+01  6.784105e+00  9.466667e+01
     vertex -1.015130e+01  6.399313e+00  9.600000e+01
     vertex -9.971915e+00  6.675395e+00  9.600000e+01
   endloop
 endfacet
 facet normal -7.993967e-01  4.887403e-01  3.494251e-01
   outer loop
     vertex -1.049885e+01  6.784105e+00  9.466667e+01
     vertex -1.032303e+01  6.118413e+00  9.600000e+01
     vertex -1.015130e+01  6.399313e+00  9.600000e+01
   endloop
 endfacet
 facet normal -8.254295e-01  4.421076e-01  3.510086e-01
   outer loop
     vertex -1.162312e+01  5.822632e+00  9.333333e+01
     vertex -1.172195e+01  6.696699e+00  9.200000e+01
     vertex -1.207016e+01  6.046580e+00  9.200000e+01
   endloop
 endfacet
 facet normal -8.254295e-01  4.421076e-01  3.510086e-01
   outer loop
     vertex -1.162312e+01  5.822632e+00  9.333333e+01
     vertex -1.128781e+01  6.448673e+00  9.333333e+01
     vertex -1.172195e+01  6.696699e+00  9.200000e+01
   endloop
 endfacet
 facet normal -8.483409e-01  3.963719e-01  3.510086e-01
   outer loop
     vertex -1.162312e+01  5.822632e+00  9.333333e+01
     vertex -1.207016e+01  6.046580e+00  9.200000e+01
     vertex -1.238235e+01  5.378415e+00  9.200000e+01
   endloop
 endfacet
 facet normal -8.687206e-01  3.494532e-01  3.510086e-01
   outer loop
     vertex -1.265759e+01  4.694199e+00  9.200000e+01
     vertex -1.238235e+01  5.378415e+00  9.200000e+01
     vertex -1.312639e+01  4.868058e+00  9.066667e+01
   endloop
 endfacet
 facet normal -8.865076e-01  3.014916e-01  3.510086e-01
   outer loop
     vertex -1.265759e+01  4.694199e+00  9.200000e+01
     vertex -1.312639e+01  4.868058e+00  9.066667e+01
     vertex -1.337264e+01  4.143972e+00  9.066667e+01
   endloop
 endfacet
 facet normal -9.016490e-01  2.526302e-01  3.510086e-01
   outer loop
     vertex -1.357898e+01  3.407519e+00  9.066667e+01
     vertex -1.385023e+01  4.291971e+00  8.933333e+01
     vertex -1.406395e+01  3.529216e+00  8.933333e+01
   endloop
 endfacet
 facet normal -9.016490e-01  2.526302e-01  3.510086e-01
   outer loop
     vertex -1.357898e+01  3.407519e+00  9.066667e+01
     vertex -1.337264e+01  4.143972e+00  9.066667e+01
     vertex -1.385023e+01  4.291971e+00  8.933333e+01
   endloop
 endfacet
 facet normal -9.278539e-01  1.280945e-01  3.502556e-01
   outer loop
     vertex -1.436495e+01  1.974416e+00  8.933333e+01
     vertex -1.482953e+01  2.255011e+00  8.800000e+01
     vertex -1.488581e+01  1.847329e+00  8.800000e+01
   endloop
 endfacet
 facet normal -9.298190e-01  1.024593e-01  3.534667e-01
   outer loop
     vertex -1.436495e+01  1.974416e+00  8.933333e+01
     vertex -1.488581e+01  1.847329e+00  8.800000e+01
     vertex -1.493089e+01  1.438255e+00  8.800000e+01
   endloop
 endfacet
 facet normal -9.228335e-01  1.526302e-01  3.536697e-01
   outer loop
     vertex -1.436495e+01  1.974416e+00  8.933333e+01
     vertex -1.423569e+01  2.755929e+00  8.933333e+01
     vertex -1.482953e+01  2.255011e+00  8.800000e+01
   endloop
 endfacet
 facet normal -8.000546e-01  4.865240e-01  3.510086e-01
   outer loop
     vertex -1.085366e+01  6.200647e+00  9.466667e+01
     vertex -1.049885e+01  6.784105e+00  9.466667e+01
     vertex -1.128781e+01  6.448673e+00  9.333333e+01
   endloop
 endfacet
 facet normal -8.007840e-01  4.869675e-01  3.487230e-01
   outer loop
     vertex -1.085366e+01  6.200647e+00  9.466667e+01
     vertex -1.032303e+01  6.118413e+00  9.600000e+01
     vertex -1.049885e+01  6.784105e+00  9.466667e+01
   endloop
 endfacet
 facet normal -8.117334e-01  4.661831e-01  3.517986e-01
   outer loop
     vertex -1.085366e+01  6.200647e+00  9.466667e+01
     vertex -1.048700e+01  5.832908e+00  9.600000e+01
     vertex -1.032303e+01  6.118413e+00  9.600000e+01
   endloop
 endfacet
 facet normal -8.250147e-01  4.441679e-01  3.493790e-01
   outer loop
     vertex -1.085366e+01  6.200647e+00  9.466667e+01
     vertex -1.064307e+01  5.543011e+00  9.600000e+01
     vertex -1.048700e+01  5.832908e+00  9.600000e+01
   endloop
 endfacet
 facet normal -8.483409e-01  3.963719e-01  3.510086e-01
   outer loop
     vertex -1.192375e+01  5.179214e+00  9.333333e+01
     vertex -1.162312e+01  5.822632e+00  9.333333e+01
     vertex -1.238235e+01  5.378415e+00  9.200000e+01
   endloop
 endfacet
 facet normal -8.687206e-01  3.494532e-01  3.510086e-01
   outer loop
     vertex -1.192375e+01  5.179214e+00  9.333333e+01
     vertex -1.238235e+01  5.378415e+00  9.200000e+01
     vertex -1.265759e+01  4.694199e+00  9.200000e+01
   endloop
 endfacet
 facet normal -8.865076e-01  3.014916e-01  3.510086e-01
   outer loop
     vertex -1.289505e+01  3.995973e+00  9.200000e+01
     vertex -1.265759e+01  4.694199e+00  9.200000e+01
     vertex -1.337264e+01  4.143972e+00  9.066667e+01
   endloop
 endfacet
 facet normal -9.140995e-01  2.030149e-01  3.510086e-01
   outer loop
     vertex -1.374480e+01  2.660897e+00  9.066667e+01
     vertex -1.357898e+01  3.407519e+00  9.066667e+01
     vertex -1.406395e+01  3.529216e+00  8.933333e+01
   endloop
 endfacet
 facet normal -9.140995e-01  2.030149e-01  3.510086e-01
   outer loop
     vertex -1.374480e+01  2.660897e+00  9.066667e+01
     vertex -1.406395e+01  3.529216e+00  8.933333e+01
     vertex -1.423569e+01  2.755929e+00  8.933333e+01
   endloop
 endfacet
 facet normal -9.334833e-01  7.701132e-02  3.502545e-01
   outer loop
     vertex -1.445133e+01  1.187012e+00  8.933333e+01
     vertex -1.493089e+01  1.438255e+00  8.800000e+01
     vertex -1.496473e+01  1.028099e+00  8.800000e+01
   endloop
 endfacet
 facet normal -9.340174e-01  5.130570e-02  3.535239e-01
   outer loop
     vertex -1.445133e+01  1.187012e+00  8.933333e+01
     vertex -1.496473e+01  1.028099e+00  8.800000e+01
     vertex -1.498730e+01  6.171693e-01  8.800000e+01
   endloop
 endfacet
 facet normal -9.298023e-01  1.020084e-01  3.536409e-01
   outer loop
     vertex -1.445133e+01  1.187012e+00  8.933333e+01
     vertex -1.436495e+01  1.974416e+00  8.933333e+01
     vertex -1.493089e+01  1.438255e+00  8.800000e+01
   endloop
 endfacet
 facet normal -8.254295e-01  4.421076e-01  3.510086e-01
   outer loop
     vertex -1.117608e+01  5.598685e+00  9.466667e+01
     vertex -1.085366e+01  6.200647e+00  9.466667e+01
     vertex -1.128781e+01  6.448673e+00  9.333333e+01
   endloop
 endfacet
 facet normal -8.254295e-01  4.421076e-01  3.510086e-01
   outer loop
     vertex -1.117608e+01  5.598685e+00  9.466667e+01
     vertex -1.128781e+01  6.448673e+00  9.333333e+01
     vertex -1.162312e+01  5.822632e+00  9.333333e+01
   endloop
 endfacet
 facet normal -8.261753e-01  4.425071e-01  3.487432e-01
   outer loop
     vertex -1.117608e+01  5.598685e+00  9.466667e+01
     vertex -1.064307e+01  5.543011e+00  9.600000e+01
     vertex -1.085366e+01  6.200647e+00  9.466667e+01
   endloop
 endfacet
 facet normal -8.360791e-01  4.209592e-01  3.518026e-01
   outer loop
     vertex -1.117608e+01  5.598685e+00  9.466667e+01
     vertex -1.079114e+01  5.248942e+00  9.600000e+01
     vertex -1.064307e+01  5.543011e+00  9.600000e+01
   endloop
 endfacet
 facet normal -8.481500e-01  3.982567e-01  3.493325e-01
   outer loop
     vertex -1.117608e+01  5.598685e+00  9.466667e+01
     vertex -1.093107e+01  4.950922e+00  9.600000e+01
     vertex -1.079114e+01  5.248942e+00  9.600000e+01
   endloop
 endfacet
 facet normal -8.687206e-01  3.494532e-01  3.510086e-01
   outer loop
     vertex -1.218879e+01  4.520339e+00  9.333333e+01
     vertex -1.192375e+01  5.179214e+00  9.333333e+01
     vertex -1.265759e+01  4.694199e+00  9.200000e+01
   endloop
 endfacet
 facet normal -9.140995e-01  2.030149e-01  3.510086e-01
   outer loop
     vertex -1.309402e+01  3.285822e+00  9.200000e+01
     vertex -1.357898e+01  3.407519e+00  9.066667e+01
     vertex -1.374480e+01  2.660897e+00  9.066667e+01
   endloop
 endfacet
 facet normal -9.016490e-01  2.526302e-01  3.510086e-01
   outer loop
     vertex -1.309402e+01  3.285822e+00  9.200000e+01
     vertex -1.337264e+01  4.143972e+00  9.066667e+01
     vertex -1.357898e+01  3.407519e+00  9.066667e+01
   endloop
 endfacet
 facet normal -9.016490e-01  2.526302e-01  3.510086e-01
   outer loop
     vertex -1.309402e+01  3.285822e+00  9.200000e+01
     vertex -1.289505e+01  3.995973e+00  9.200000e+01
     vertex -1.337264e+01  4.143972e+00  9.066667e+01
   endloop
 endfacet
 facet normal -9.238220e-01  1.527937e-01  3.510086e-01
   outer loop
     vertex -1.386960e+01  1.906333e+00  9.066667e+01
     vertex -1.423569e+01  2.755929e+00  8.933333e+01
     vertex -1.436495e+01  1.974416e+00  8.933333e+01
   endloop
 endfacet
 facet normal -9.238220e-01  1.527937e-01  3.510086e-01
   outer loop
     vertex -1.386960e+01  1.906333e+00  9.066667e+01
     vertex -1.374480e+01  2.660897e+00  9.066667e+01
     vertex -1.423569e+01  2.755929e+00  8.933333e+01
   endloop
 endfacet
 facet normal -9.363022e-01  2.569623e-02  3.502540e-01
   outer loop
     vertex -1.449459e+01  3.960646e-01  8.933333e+01
     vertex -1.498730e+01  6.171693e-01  8.800000e+01
     vertex -1.499859e+01  2.057747e-01  8.800000e+01
   endloop
 endfacet
 facet normal -9.354037e-01 -4.006655e-15  3.535817e-01
   outer loop
     vertex -1.449459e+01  3.960646e-01  8.933333e+01
     vertex -1.499859e+01  2.057747e-01  8.800000e+01
     vertex -1.499859e+01 -2.057747e-01  8.800000e+01
   endloop
 endfacet
 facet normal -9.339966e-01  5.108104e-02  3.536116e-01
   outer loop
     vertex -1.449459e+01  3.960646e-01  8.933333e+01
     vertex -1.445133e+01  1.187012e+00  8.933333e+01
     vertex -1.498730e+01  6.171693e-01  8.800000e+01
   endloop
 endfacet
 facet normal -8.687329e-01  3.511449e-01  3.492855e-01
   outer loop
     vertex -1.146514e+01  4.980014e+00  9.466667e+01
     vertex -1.118616e+01  4.343928e+00  9.600000e+01
     vertex -1.106278e+01  4.649175e+00  9.600000e+01
   endloop
 endfacet
 facet normal -8.491005e-01  3.967268e-01  3.487639e-01
   outer loop
     vertex -1.146514e+01  4.980014e+00  9.466667e+01
     vertex -1.093107e+01  4.950922e+00  9.600000e+01
     vertex -1.117608e+01  5.598685e+00  9.466667e+01
   endloop
 endfacet
 facet normal -8.687206e-01  3.494532e-01  3.510086e-01
   outer loop
     vertex -1.146514e+01  4.980014e+00  9.466667e+01
     vertex -1.192375e+01  5.179214e+00  9.333333e+01
     vertex -1.218879e+01  4.520339e+00  9.333333e+01
   endloop
 endfacet
 facet normal -8.483409e-01  3.963719e-01  3.510086e-01
   outer loop
     vertex -1.146514e+01  4.980014e+00  9.466667e+01
     vertex -1.117608e+01  5.598685e+00  9.466667e+01
     vertex -1.162312e+01  5.822632e+00  9.333333e+01
   endloop
 endfacet
 facet normal -8.483409e-01  3.963719e-01  3.510086e-01
   outer loop
     vertex -1.146514e+01  4.980014e+00  9.466667e+01
     vertex -1.162312e+01  5.822632e+00  9.333333e+01
     vertex -1.192375e+01  5.179214e+00  9.333333e+01
   endloop
 endfacet
 facet normal -8.579080e-01  3.744682e-01  3.518061e-01
   outer loop
     vertex -1.146514e+01  4.980014e+00  9.466667e+01
     vertex -1.106278e+01  4.649175e+00  9.600000e+01
     vertex -1.093107e+01  4.950922e+00  9.600000e+01
   endloop
 endfacet
 facet normal -8.865076e-01  3.014916e-01  3.510086e-01
   outer loop
     vertex -1.241745e+01  3.847974e+00  9.333333e+01
     vertex -1.218879e+01  4.520339e+00  9.333333e+01
     vertex -1.265759e+01  4.694199e+00  9.200000e+01
   endloop
 endfacet
 facet normal -8.865076e-01  3.014916e-01  3.510086e-01
   outer loop
     vertex -1.241745e+01  3.847974e+00  9.333333e+01
     vertex -1.265759e+01  4.694199e+00  9.200000e+01
     vertex -1.289505e+01  3.995973e+00  9.200000e+01
   endloop
 endfacet
 facet normal -9.140995e-01  2.030149e-01  3.510086e-01
   outer loop
     vertex -1.325392e+01  2.565865e+00  9.200000e+01
     vertex -1.309402e+01  3.285822e+00  9.200000e+01
     vertex -1.374480e+01  2.660897e+00  9.066667e+01
   endloop
 endfacet
 facet normal -9.307874e-01  1.021165e-01  3.510086e-01
   outer loop
     vertex -1.395301e+01  1.146080e+00  9.066667e+01
     vertex -1.386960e+01  1.906333e+00  9.066667e+01
     vertex -1.436495e+01  1.974416e+00  8.933333e+01
   endloop
 endfacet
 facet normal -9.349750e-01  5.113455e-02  3.510086e-01
   outer loop
     vertex -1.395301e+01  1.146080e+00  9.066667e+01
     vertex -1.445133e+01  1.187012e+00  8.933333e+01
     vertex -1.449459e+01  3.960646e-01  8.933333e+01
   endloop
 endfacet
 facet normal -9.307874e-01  1.021165e-01  3.510086e-01
   outer loop
     vertex -1.395301e+01  1.146080e+00  9.066667e+01
     vertex -1.436495e+01  1.974416e+00  8.933333e+01
     vertex -1.445133e+01  1.187012e+00  8.933333e+01
   endloop
 endfacet
 facet normal -9.363022e-01 -2.569623e-02  3.502540e-01
   outer loop
     vertex -1.449459e+01 -3.960646e-01  8.933333e+01
     vertex -1.499859e+01 -2.057747e-01  8.800000e+01
     vertex -1.498730e+01 -6.171693e-01  8.800000e+01
   endloop
 endfacet
 facet normal -9.354037e-01 -2.097651e-15  3.535817e-01
   outer loop
     vertex -1.449459e+01 -3.960646e-01  8.933333e+01
     vertex -1.449459e+01  3.960646e-01  8.933333e+01
     vertex -1.499859e+01 -2.057747e-01  8.800000e+01
   endloop
 endfacet
 facet normal -8.771541e-01  3.268501e-01  3.518091e-01
   outer loop
     vertex -1.171999e+01  4.346480e+00  9.466667e+01
     vertex -1.130113e+01  4.035412e+00  9.600000e+01
     vertex -1.118616e+01  4.343928e+00  9.600000e+01
   endloop
 endfacet
 facet normal -8.867014e-01  3.029743e-01  3.492381e-01
   outer loop
     vertex -1.171999e+01  4.346480e+00  9.466667e+01
     vertex -1.140758e+01  3.723857e+00  9.600000e+01
     vertex -1.130113e+01  4.035412e+00  9.600000e+01
   endloop
 endfacet
 facet normal -8.687206e-01  3.494532e-01  3.510086e-01
   outer loop
     vertex -1.171999e+01  4.346480e+00  9.466667e+01
     vertex -1.146514e+01  4.980014e+00  9.466667e+01
     vertex -1.218879e+01  4.520339e+00  9.333333e+01
   endloop
 endfacet
 facet normal -8.694911e-01  3.497631e-01  3.487850e-01
   outer loop
     vertex -1.171999e+01  4.346480e+00  9.466667e+01
     vertex -1.118616e+01  4.343928e+00  9.600000e+01
     vertex -1.146514e+01  4.980014e+00  9.466667e+01
   endloop
 endfacet
 facet normal -9.016490e-01  2.526302e-01  3.510086e-01
   outer loop
     vertex -1.260906e+01  3.164125e+00  9.333333e+01
     vertex -1.241745e+01  3.847974e+00  9.333333e+01
     vertex -1.289505e+01  3.995973e+00  9.200000e+01
   endloop
 endfacet
 facet normal -9.016490e-01  2.526302e-01  3.510086e-01
   outer loop
     vertex -1.260906e+01  3.164125e+00  9.333333e+01
     vertex -1.289505e+01  3.995973e+00  9.200000e+01
     vertex -1.309402e+01  3.285822e+00  9.200000e+01
   endloop
 endfacet
 facet normal -9.238220e-01  1.527937e-01  3.510086e-01
   outer loop
     vertex -1.337426e+01  1.838250e+00  9.200000e+01
     vertex -1.374480e+01  2.660897e+00  9.066667e+01
     vertex -1.386960e+01  1.906333e+00  9.066667e+01
   endloop
 endfacet
 facet normal -9.238220e-01  1.527937e-01  3.510086e-01
   outer loop
     vertex -1.337426e+01  1.838250e+00  9.200000e+01
     vertex -1.325392e+01  2.565865e+00  9.200000e+01
     vertex -1.374480e+01  2.660897e+00  9.066667e+01
   endloop
 endfacet
 facet normal -9.307874e-01  1.021165e-01  3.510086e-01
   outer loop
     vertex -1.337426e+01  1.838250e+00  9.200000e+01
     vertex -1.386960e+01  1.906333e+00  9.066667e+01
     vertex -1.395301e+01  1.146080e+00  9.066667e+01
   endloop
 endfacet
 facet normal -9.363722e-01 -2.068580e-15  3.510086e-01
   outer loop
     vertex -1.399478e+01  3.824072e-01  9.066667e+01
     vertex -1.449459e+01  3.960646e-01  8.933333e+01
     vertex -1.449459e+01 -3.960646e-01  8.933333e+01
   endloop
 endfacet
 facet normal -9.349750e-01  5.113455e-02  3.510086e-01
   outer loop
     vertex -1.399478e+01  3.824072e-01  9.066667e+01
     vertex -1.395301e+01  1.146080e+00  9.066667e+01
     vertex -1.449459e+01  3.960646e-01  8.933333e+01
   endloop
 endfacet
 facet normal -9.339966e-01 -5.108104e-02  3.536116e-01
   outer loop
     vertex -1.445133e+01 -1.187012e+00  8.933333e+01
     vertex -1.449459e+01 -3.960646e-01  8.933333e+01
     vertex -1.498730e+01 -6.171693e-01  8.800000e+01
   endloop
 endfacet
 facet normal -9.340174e-01 -5.130570e-02  3.535239e-01
   outer loop
     vertex -1.445133e+01 -1.187012e+00  8.933333e+01
     vertex -1.498730e+01 -6.171693e-01  8.800000e+01
     vertex -1.496473e+01 -1.028099e+00  8.800000e+01
   endloop
 endfacet
 facet normal -9.334833e-01 -7.701132e-02  3.502545e-01
   outer loop
     vertex -1.445133e+01 -1.187012e+00  8.933333e+01
     vertex -1.496473e+01 -1.028099e+00  8.800000e+01
     vertex -1.493089e+01 -1.438255e+00  8.800000e+01
   endloop
 endfacet
 facet normal -8.937597e-01  2.782481e-01  3.518117e-01
   outer loop
     vertex -1.193986e+01  3.699975e+00  9.466667e+01
     vertex -1.150545e+01  3.409499e+00  9.600000e+01
     vertex -1.140758e+01  3.723857e+00  9.600000e+01
   endloop
 endfacet
 facet normal -9.020012e-01  2.538898e-01  3.491902e-01
   outer loop
     vertex -1.193986e+01  3.699975e+00  9.466667e+01
     vertex -1.159465e+01  3.092575e+00  9.600000e+01
     vertex -1.150545e+01  3.409499e+00  9.600000e+01
   endloop
 endfacet
 facet normal -8.865076e-01  3.014916e-01  3.510086e-01
   outer loop
     vertex -1.193986e+01  3.699975e+00  9.466667e+01
     vertex -1.218879e+01  4.520339e+00  9.333333e+01
     vertex -1.241745e+01  3.847974e+00  9.333333e+01
   endloop
 endfacet
 facet normal -8.865076e-01  3.014916e-01  3.510086e-01
   outer loop
     vertex -1.193986e+01  3.699975e+00  9.466667e+01
     vertex -1.171999e+01  4.346480e+00  9.466667e+01
     vertex -1.218879e+01  4.520339e+00  9.333333e+01
   endloop
 endfacet
 facet normal -8.872864e-01  3.017564e-01  3.488065e-01
   outer loop
     vertex -1.193986e+01  3.699975e+00  9.466667e+01
     vertex -1.140758e+01  3.723857e+00  9.600000e+01
     vertex -1.171999e+01  4.346480e+00  9.466667e+01
   endloop
 endfacet
 facet normal -9.140995e-01  2.030149e-01  3.510086e-01
   outer loop
     vertex -1.276303e+01  2.470833e+00  9.333333e+01
     vertex -1.260906e+01  3.164125e+00  9.333333e+01
     vertex -1.309402e+01  3.285822e+00  9.200000e+01
   endloop
 endfacet
 facet normal -9.140995e-01  2.030149e-01  3.510086e-01
   outer loop
     vertex -1.276303e+01  2.470833e+00  9.333333e+01
     vertex -1.309402e+01  3.285822e+00  9.200000e+01
     vertex -1.325392e+01  2.565865e+00  9.200000e+01
   endloop
 endfacet
 facet normal -9.307874e-01  1.021165e-01  3.510086e-01
   outer loop
     vertex -1.345469e+01  1.105149e+00  9.200000e+01
     vertex -1.337426e+01  1.838250e+00  9.200000e+01
     vertex -1.395301e+01  1.146080e+00  9.066667e+01
   endloop
 endfacet
 facet normal -9.349750e-01 -5.113455e-02  3.510086e-01
   outer loop
     vertex -1.399478e+01 -3.824072e-01  9.066667e+01
     vertex -1.449459e+01 -3.960646e-01  8.933333e+01
     vertex -1.445133e+01 -1.187012e+00  8.933333e+01
   endloop
 endfacet
 facet normal -9.363722e-01 -2.174817e-15  3.510086e-01
   outer loop
     vertex -1.399478e+01 -3.824072e-01  9.066667e+01
     vertex -1.399478e+01  3.824072e-01  9.066667e+01
     vertex -1.449459e+01 -3.960646e-01  8.933333e+01
   endloop
 endfacet
 facet normal -9.298023e-01 -1.020084e-01  3.536409e-01
   outer loop
     vertex -1.436495e+01 -1.974416e+00  8.933333e+01
     vertex -1.445133e+01 -1.187012e+00  8.933333e+01
     vertex -1.493089e+01 -1.438255e+00  8.800000e+01
   endloop
 endfacet
 facet normal -9.298190e-01 -1.024593e-01  3.534667e-01
   outer loop
     vertex -1.436495e+01 -1.974416e+00  8.933333e+01
     vertex -1.493089e+01 -1.438255e+00  8.800000e+01
     vertex -1.488581e+01 -1.847329e+00  8.800000e+01
   endloop
 endfacet
 facet normal -9.278539e-01 -1.280945e-01  3.502556e-01
   outer loop
     vertex -1.436495e+01 -1.974416e+00  8.933333e+01
     vertex -1.488581e+01 -1.847329e+00  8.800000e+01
     vertex -1.482953e+01 -2.255011e+00  8.800000e+01
   endloop
 endfacet
 facet normal -9.076748e-01  2.288087e-01  3.518139e-01
   outer loop
     vertex -1.212409e+01  3.042428e+00  9.466667e+01
     vertex -1.167513e+01  2.773323e+00  9.600000e+01
     vertex -1.159465e+01  3.092575e+00  9.600000e+01
   endloop
 endfacet
 facet normal -9.145862e-01  2.040391e-01  3.491419e-01
   outer loop
     vertex -1.212409e+01  3.042428e+00  9.466667e+01
     vertex -1.174682e+01  2.451983e+00  9.600000e+01
     vertex -1.167513e+01  2.773323e+00  9.600000e+01
   endloop
 endfacet
 facet normal -9.024332e-01  2.528499e-01  3.488284e-01
   outer loop
     vertex -1.212409e+01  3.042428e+00  9.466667e+01
     vertex -1.159465e+01  3.092575e+00  9.600000e+01
     vertex -1.193986e+01  3.699975e+00  9.466667e+01
   endloop
 endfacet
 facet normal -9.016490e-01  2.526302e-01  3.510086e-01
   outer loop
     vertex -1.212409e+01  3.042428e+00  9.466667e+01
     vertex -1.193986e+01  3.699975e+00  9.466667e+01
     vertex -1.241745e+01  3.847974e+00  9.333333e+01
   endloop
 endfacet
 facet normal -9.016490e-01  2.526302e-01  3.510086e-01
   outer loop
     vertex -1.212409e+01  3.042428e+00  9.466667e+01
     vertex -1.241745e+01  3.847974e+00  9.333333e+01
     vertex -1.260906e+01  3.164125e+00  9.333333e+01
   endloop
 endfacet
 facet normal -9.238220e-01  1.527937e-01  3.510086e-01
   outer loop
     vertex -1.287892e+01  1.770166e+00  9.333333e+01
     vertex -1.325392e+01  2.565865e+00  9.200000e+01
     vertex -1.337426e+01  1.838250e+00  9.200000e+01
   endloop
 endfacet
 facet normal -9.238220e-01  1.527937e-01  3.510086e-01
   outer loop
     vertex -1.287892e+01  1.770166e+00  9.333333e+01
     vertex -1.276303e+01  2.470833e+00  9.333333e+01
     vertex -1.325392e+01  2.565865e+00  9.200000e+01
   endloop
 endfacet
 facet normal -9.349750e-01  5.113455e-02  3.510086e-01
   outer loop
     vertex -1.349496e+01  3.687498e-01  9.200000e+01
     vertex -1.395301e+01  1.146080e+00  9.066667e+01
     vertex -1.399478e+01  3.824072e-01  9.066667e+01
   endloop
 endfacet
 facet normal -9.349750e-01  5.113455e-02  3.510086e-01
   outer loop
     vertex -1.349496e+01  3.687498e-01  9.200000e+01
     vertex -1.345469e+01  1.105149e+00  9.200000e+01
     vertex -1.395301e+01  1.146080e+00  9.066667e+01
   endloop
 endfacet
 facet normal -9.349750e-01 -5.113455e-02  3.510086e-01
   outer loop
     vertex -1.395301e+01 -1.146080e+00  9.066667e+01
     vertex -1.399478e+01 -3.824072e-01  9.066667e+01
     vertex -1.445133e+01 -1.187012e+00  8.933333e+01
   endloop
 endfacet
 facet normal -9.228335e-01 -1.526302e-01  3.536697e-01
   outer loop
     vertex -1.423569e+01 -2.755929e+00  8.933333e+01
     vertex -1.436495e+01 -1.974416e+00  8.933333e+01
     vertex -1.482953e+01 -2.255011e+00  8.800000e+01
   endloop
 endfacet
 facet normal -9.228209e-01 -1.533068e-01  3.534099e-01
   outer loop
     vertex -1.423569e+01 -2.755929e+00  8.933333e+01
     vertex -1.482953e+01 -2.255011e+00  8.800000e+01
     vertex -1.476208e+01 -2.660997e+00  8.800000e+01
   endloop
 endfacet
 facet normal -9.194310e-01 -1.787920e-01  3.502571e-01
   outer loop
     vertex -1.423569e+01 -2.755929e+00  8.933333e+01
     vertex -1.476208e+01 -2.660997e+00  8.800000e+01
     vertex -1.468352e+01 -3.064979e+00  8.800000e+01
   endloop
 endfacet
 facet normal -9.188574e-01  1.786805e-01  3.518157e-01
   outer loop
     vertex -1.227215e+01  2.375801e+00  9.466667e+01
     vertex -1.180967e+01  2.128797e+00  9.600000e+01
     vertex -1.174682e+01  2.451983e+00  9.600000e+01
   endloop
 endfacet
 facet normal -9.244185e-01  1.535722e-01  3.490932e-01
   outer loop
     vertex -1.227215e+01  2.375801e+00  9.466667e+01
     vertex -1.186362e+01  1.804009e+00  9.600000e+01
     vertex -1.180967e+01  2.128797e+00  9.600000e+01
   endloop
 endfacet
 facet normal -9.140995e-01  2.030149e-01  3.510086e-01
   outer loop
     vertex -1.227215e+01  2.375801e+00  9.466667e+01
     vertex -1.260906e+01  3.164125e+00  9.333333e+01
     vertex -1.276303e+01  2.470833e+00  9.333333e+01
   endloop
 endfacet
 facet normal -9.140995e-01  2.030149e-01  3.510086e-01
   outer loop
     vertex -1.227215e+01  2.375801e+00  9.466667e+01
     vertex -1.212409e+01  3.042428e+00  9.466667e+01
     vertex -1.260906e+01  3.164125e+00  9.333333e+01
   endloop
 endfacet
 facet normal -9.148864e-01  2.031896e-01  3.488507e-01
   outer loop
     vertex -1.227215e+01  2.375801e+00  9.466667e+01
     vertex -1.174682e+01  2.451983e+00  9.600000e+01
     vertex -1.212409e+01  3.042428e+00  9.466667e+01
   endloop
 endfacet
 facet normal -9.307874e-01  1.021165e-01  3.510086e-01
   outer loop
     vertex -1.295637e+01  1.064217e+00  9.333333e+01
     vertex -1.337426e+01  1.838250e+00  9.200000e+01
     vertex -1.345469e+01  1.105149e+00  9.200000e+01
   endloop
 endfacet
 facet normal -9.307874e-01  1.021165e-01  3.510086e-01
   outer loop
     vertex -1.295637e+01  1.064217e+00  9.333333e+01
     vertex -1.287892e+01  1.770166e+00  9.333333e+01
     vertex -1.337426e+01  1.838250e+00  9.200000e+01
   endloop
 endfacet
 facet normal -9.349750e-01  5.113455e-02  3.510086e-01
   outer loop
     vertex -1.295637e+01  1.064217e+00  9.333333e+01
     vertex -1.345469e+01  1.105149e+00  9.200000e+01
     vertex -1.349496e+01  3.687498e-01  9.200000e+01
   endloop
 endfacet
 facet normal -9.363722e-01 -2.207987e-15  3.510086e-01
   outer loop
     vertex -1.349496e+01 -3.687498e-01  9.200000e+01
     vertex -1.399478e+01  3.824072e-01  9.066667e+01
     vertex -1.399478e+01 -3.824072e-01  9.066667e+01
   endloop
 endfacet
 facet normal -9.363722e-01 -2.255366e-15  3.510086e-01
   outer loop
     vertex -1.349496e+01 -3.687498e-01  9.200000e+01
     vertex -1.349496e+01  3.687498e-01  9.200000e+01
     vertex -1.399478e+01  3.824072e-01  9.066667e+01
   endloop
 endfacet
 facet normal -9.307874e-01 -1.021165e-01  3.510086e-01
   outer loop
     vertex -1.386960e+01 -1.906333e+00  9.066667e+01
     vertex -1.445133e+01 -1.187012e+00  8.933333e+01
     vertex -1.436495e+01 -1.974416e+00  8.933333e+01
   endloop
 endfacet
 facet normal -9.307874e-01 -1.021165e-01  3.510086e-01
   outer loop
     vertex -1.386960e+01 -1.906333e+00  9.066667e+01
     vertex -1.395301e+01 -1.146080e+00  9.066667e+01
     vertex -1.445133e+01 -1.187012e+00  8.933333e+01
   endloop
 endfacet
 facet normal -9.131110e-01 -2.027954e-01  3.536980e-01
   outer loop
     vertex -1.406395e+01 -3.529216e+00  8.933333e+01
     vertex -1.423569e+01 -2.755929e+00  8.933333e+01
     vertex -1.468352e+01 -3.064979e+00  8.800000e+01
   endloop
 endfacet
 facet normal -9.130441e-01 -2.036950e-01  3.533537e-01
   outer loop
     vertex -1.406395e+01 -3.529216e+00  8.933333e+01
     vertex -1.468352e+01 -3.064979e+00  8.800000e+01
     vertex -1.459391e+01 -3.466654e+00  8.800000e+01
   endloop
 endfacet
 facet normal -9.082400e-01 -2.289511e-01  3.502591e-01
   outer loop
     vertex -1.406395e+01 -3.529216e+00  8.933333e+01
     vertex -1.459391e+01 -3.466654e+00  8.800000e+01
     vertex -1.449332e+01 -3.865719e+00  8.800000e+01
   endloop
 endfacet
 facet normal -9.272740e-01  1.280145e-01  3.518170e-01
   outer loop
     vertex -1.238357e+01  1.702083e+00  9.466667e+01
     vertex -1.190865e+01  1.477863e+00  9.600000e+01
     vertex -1.186362e+01  1.804009e+00  9.600000e+01
   endloop
 endfacet
 facet normal -9.314682e-01  1.026410e-01  3.490440e-01
   outer loop
     vertex -1.238357e+01  1.702083e+00  9.466667e+01
     vertex -1.194471e+01  1.150604e+00  9.600000e+01
     vertex -1.190865e+01  1.477863e+00  9.600000e+01
   endloop
 endfacet
 facet normal -9.307874e-01  1.021165e-01  3.510086e-01
   outer loop
     vertex -1.238357e+01  1.702083e+00  9.466667e+01
     vertex -1.287892e+01  1.770166e+00  9.333333e+01
     vertex -1.295637e+01  1.064217e+00  9.333333e+01
   endloop
 endfacet
 facet normal -9.238220e-01  1.527937e-01  3.510086e-01
   outer loop
     vertex -1.238357e+01  1.702083e+00  9.466667e+01
     vertex -1.276303e+01  2.470833e+00  9.333333e+01
     vertex -1.287892e+01  1.770166e+00  9.333333e+01
   endloop
 endfacet
 facet normal -9.238220e-01  1.527937e-01  3.510086e-01
   outer loop
     vertex -1.238357e+01  1.702083e+00  9.466667e+01
     vertex -1.227215e+01  2.375801e+00  9.466667e+01
     vertex -1.276303e+01  2.470833e+00  9.333333e+01
   endloop
 endfacet
 facet normal -9.246089e-01  1.529238e-01  3.488735e-01
   outer loop
     vertex -1.238357e+01  1.702083e+00  9.466667e+01
     vertex -1.186362e+01  1.804009e+00  9.600000e+01
     vertex -1.227215e+01  2.375801e+00  9.466667e+01
   endloop
 endfacet
 facet normal -9.349750e-01  5.113455e-02  3.510086e-01
   outer loop
     vertex -1.299515e+01  3.550924e-01  9.333333e+01
     vertex -1.295637e+01  1.064217e+00  9.333333e+01
     vertex -1.349496e+01  3.687498e-01  9.200000e+01
   endloop
 endfacet
 facet normal -9.349750e-01 -5.113455e-02  3.510086e-01
   outer loop
     vertex -1.345469e+01 -1.105149e+00  9.200000e+01
     vertex -1.399478e+01 -3.824072e-01  9.066667e+01
     vertex -1.395301e+01 -1.146080e+00  9.066667e+01
   endloop
 endfacet
 facet normal -9.349750e-01 -5.113455e-02  3.510086e-01
   outer loop
     vertex -1.345469e+01 -1.105149e+00  9.200000e+01
     vertex -1.349496e+01 -3.687498e-01  9.200000e+01
     vertex -1.399478e+01 -3.824072e-01  9.066667e+01
   endloop
 endfacet
 facet normal -9.238220e-01 -1.527937e-01  3.510086e-01
   outer loop
     vertex -1.374480e+01 -2.660897e+00  9.066667e+01
     vertex -1.436495e+01 -1.974416e+00  8.933333e+01
     vertex -1.423569e+01 -2.755929e+00  8.933333e+01
   endloop
 endfacet
 facet normal -9.238220e-01 -1.527937e-01  3.510086e-01
   outer loop
     vertex -1.374480e+01 -2.660897e+00  9.066667e+01
     vertex -1.386960e+01 -1.906333e+00  9.066667e+01
     vertex -1.436495e+01 -1.974416e+00  8.933333e+01
   endloop
 endfacet
 facet normal -9.140995e-01 -2.030149e-01  3.510086e-01
   outer loop
     vertex -1.374480e+01 -2.660897e+00  9.066667e+01
     vertex -1.423569e+01 -2.755929e+00  8.933333e+01
     vertex -1.406395e+01 -3.529216e+00  8.933333e+01
   endloop
 endfacet
 facet normal -9.006639e-01 -2.523542e-01  3.537258e-01
   outer loop
     vertex -1.385023e+01 -4.291971e+00  8.933333e+01
     vertex -1.406395e+01 -3.529216e+00  8.933333e+01
     vertex -1.449332e+01 -3.865719e+00  8.800000e+01
   endloop
 endfacet
 facet normal -9.005178e-01 -2.534722e-01  3.532979e-01
   outer loop
     vertex -1.385023e+01 -4.291971e+00  8.933333e+01
     vertex -1.449332e+01 -3.865719e+00  8.800000e+01
     vertex -1.438181e+01 -4.261874e+00  8.800000e+01
   endloop
 endfacet
 facet normal -8.943146e-01 -2.784209e-01  3.502617e-01
   outer loop
     vertex -1.385023e+01 -4.291971e+00  8.933333e+01
     vertex -1.438181e+01 -4.261874e+00  8.800000e+01
     vertex -1.425948e+01 -4.654822e+00  8.800000e+01
   endloop
 endfacet
 facet normal -9.328992e-01  7.696313e-02  3.518179e-01
   outer loop
     vertex -1.245805e+01  1.023286e+00  9.466667e+01
     vertex -1.197178e+01  8.224794e-01  9.600000e+01
     vertex -1.194471e+01  1.150604e+00  9.600000e+01
   endloop
 endfacet
 facet normal -9.357142e-01  5.139890e-02  3.489944e-01
   outer loop
     vertex -1.245805e+01  1.023286e+00  9.466667e+01
     vertex -1.198984e+01  4.937354e-01  9.600000e+01
     vertex -1.197178e+01  8.224794e-01  9.600000e+01
   endloop
 endfacet
 facet normal -9.307874e-01  1.021165e-01  3.510086e-01
   outer loop
     vertex -1.245805e+01  1.023286e+00  9.466667e+01
     vertex -1.238357e+01  1.702083e+00  9.466667e+01
     vertex -1.295637e+01  1.064217e+00  9.333333e+01
   endloop
 endfacet
 facet normal -9.315716e-01  1.022025e-01  3.488967e-01
   outer loop
     vertex -1.245805e+01  1.023286e+00  9.466667e+01
     vertex -1.194471e+01  1.150604e+00  9.600000e+01
     vertex -1.238357e+01  1.702083e+00  9.466667e+01
   endloop
 endfacet
 facet normal -9.363722e-01 -2.289764e-15  3.510086e-01
   outer loop
     vertex -1.299515e+01 -3.550924e-01  9.333333e+01
     vertex -1.349496e+01  3.687498e-01  9.200000e+01
     vertex -1.349496e+01 -3.687498e-01  9.200000e+01
   endloop
 endfacet
 facet normal -9.363722e-01 -2.342111e-15  3.510086e-01
   outer loop
     vertex -1.299515e+01 -3.550924e-01  9.333333e+01
     vertex -1.299515e+01  3.550924e-01  9.333333e+01
     vertex -1.349496e+01  3.687498e-01  9.200000e+01
   endloop
 endfacet
 facet normal -9.307874e-01 -1.021165e-01  3.510086e-01
   outer loop
     vertex -1.337426e+01 -1.838250e+00  9.200000e+01
     vertex -1.395301e+01 -1.146080e+00  9.066667e+01
     vertex -1.386960e+01 -1.906333e+00  9.066667e+01
   endloop
 endfacet
 facet normal -9.307874e-01 -1.021165e-01  3.510086e-01
   outer loop
     vertex -1.337426e+01 -1.838250e+00  9.200000e+01
     vertex -1.345469e+01 -1.105149e+00  9.200000e+01
     vertex -1.395301e+01 -1.146080e+00  9.066667e+01
   endloop
 endfacet
 facet normal -9.140995e-01 -2.030149e-01  3.510086e-01
   outer loop
     vertex -1.357898e+01 -3.407519e+00  9.066667e+01
     vertex -1.374480e+01 -2.660897e+00  9.066667e+01
     vertex -1.406395e+01 -3.529216e+00  8.933333e+01
   endloop
 endfacet
 facet normal -8.855293e-01 -3.011589e-01  3.537530e-01
   outer loop
     vertex -1.359519e+01 -5.041917e+00  8.933333e+01
     vertex -1.385023e+01 -4.291971e+00  8.933333e+01
     vertex -1.425948e+01 -4.654822e+00  8.800000e+01
   endloop
 endfacet
 facet normal -8.852798e-01 -3.024886e-01  3.532427e-01
   outer loop
     vertex -1.359519e+01 -5.041917e+00  8.933333e+01
     vertex -1.425948e+01 -4.654822e+00  8.800000e+01
     vertex -1.412641e+01 -5.044265e+00  8.800000e+01
   endloop
 endfacet
 facet normal -8.776967e-01 -3.270522e-01  3.502647e-01
   outer loop
     vertex -1.359519e+01 -5.041917e+00  8.933333e+01
     vertex -1.412641e+01 -5.044265e+00  8.800000e+01
     vertex -1.398271e+01 -5.429911e+00  8.800000e+01
   endloop
 endfacet
 facet normal -9.349750e-01  5.113455e-02  3.510086e-01
   outer loop
     vertex -1.249534e+01  3.414350e-01  9.466667e+01
     vertex -1.245805e+01  1.023286e+00  9.466667e+01
     vertex -1.295637e+01  1.064217e+00  9.333333e+01
   endloop
 endfacet
 facet normal -9.357160e-01  2.568014e-02  3.518183e-01
   outer loop
     vertex -1.249534e+01  3.414350e-01  9.466667e+01
     vertex -1.199887e+01  1.646198e-01  9.600000e+01
     vertex -1.198984e+01  4.937354e-01  9.600000e+01
   endloop
 endfacet
 facet normal -9.371434e-01  3.574509e-17  3.489443e-01
   outer loop
     vertex -1.249534e+01  3.414350e-01  9.466667e+01
     vertex -1.199887e+01 -1.646198e-01  9.600000e+01
     vertex -1.199887e+01  1.646198e-01  9.600000e+01
   endloop
 endfacet
 facet normal -9.363722e-01 -2.307263e-15  3.510086e-01
   outer loop
     vertex -1.249534e+01  3.414350e-01  9.466667e+01
     vertex -1.299515e+01  3.550924e-01  9.333333e+01
     vertex -1.299515e+01 -3.550924e-01  9.333333e+01
   endloop
 endfacet
 facet normal -9.357540e-01  5.117716e-02  3.489203e-01
   outer loop
     vertex -1.249534e+01  3.414350e-01  9.466667e+01
     vertex -1.198984e+01  4.937354e-01  9.600000e+01
     vertex -1.245805e+01  1.023286e+00  9.466667e+01
   endloop
 endfacet
 facet normal -9.349750e-01  5.113455e-02  3.510086e-01
   outer loop
     vertex -1.249534e+01  3.414350e-01  9.466667e+01
     vertex -1.295637e+01  1.064217e+00  9.333333e+01
     vertex -1.299515e+01  3.550924e-01  9.333333e+01
   endloop
 endfacet
 facet normal -9.349750e-01 -5.113455e-02  3.510086e-01
   outer loop
     vertex -1.295637e+01 -1.064217e+00  9.333333e+01
     vertex -1.299515e+01 -3.550924e-01  9.333333e+01
     vertex -1.349496e+01 -3.687498e-01  9.200000e+01
   endloop
 endfacet
 facet normal -9.349750e-01 -5.113455e-02  3.510086e-01
   outer loop
     vertex -1.295637e+01 -1.064217e+00  9.333333e+01
     vertex -1.349496e+01 -3.687498e-01  9.200000e+01
     vertex -1.345469e+01 -1.105149e+00  9.200000e+01
   endloop
 endfacet
 facet normal -9.307874e-01 -1.021165e-01  3.510086e-01
   outer loop
     vertex -1.295637e+01 -1.064217e+00  9.333333e+01
     vertex -1.345469e+01 -1.105149e+00  9.200000e+01
     vertex -1.337426e+01 -1.838250e+00  9.200000e+01
   endloop
 endfacet
 facet normal -9.238220e-01 -1.527937e-01  3.510086e-01
   outer loop
     vertex -1.325392e+01 -2.565865e+00  9.200000e+01
     vertex -1.337426e+01 -1.838250e+00  9.200000e+01
     vertex -1.386960e+01 -1.906333e+00  9.066667e+01
   endloop
 endfacet
 facet normal -9.238220e-01 -1.527937e-01  3.510086e-01
   outer loop
     vertex -1.325392e+01 -2.565865e+00  9.200000e+01
     vertex -1.386960e+01 -1.906333e+00  9.066667e+01
     vertex -1.374480e+01 -2.660897e+00  9.066667e+01
   endloop
 endfacet
 facet normal -8.865076e-01 -3.014916e-01  3.510086e-01
   outer loop
     vertex -1.337264e+01 -4.143972e+00  9.066667e+01
     vertex -1.385023e+01 -4.291971e+00  8.933333e+01
     vertex -1.359519e+01 -5.041917e+00  8.933333e+01
   endloop
 endfacet
 facet normal -9.016490e-01 -2.526302e-01  3.510086e-01
   outer loop
     vertex -1.337264e+01 -4.143972e+00  9.066667e+01
     vertex -1.357898e+01 -3.407519e+00  9.066667e+01
     vertex -1.406395e+01 -3.529216e+00  8.933333e+01
   endloop
 endfacet
 facet normal -9.016490e-01 -2.526302e-01  3.510086e-01
   outer loop
     vertex -1.337264e+01 -4.143972e+00  9.066667e+01
     vertex -1.406395e+01 -3.529216e+00  8.933333e+01
     vertex -1.385023e+01 -4.291971e+00  8.933333e+01
   endloop
 endfacet
 facet normal -8.677525e-01 -3.490638e-01  3.537798e-01
   outer loop
     vertex -1.329956e+01 -5.776816e+00  8.933333e+01
     vertex -1.359519e+01 -5.041917e+00  8.933333e+01
     vertex -1.398271e+01 -5.429911e+00  8.800000e+01
   endloop
 endfacet
 facet normal -8.673756e-01 -3.505963e-01  3.531880e-01
   outer loop
     vertex -1.329956e+01 -5.776816e+00  8.933333e+01
     vertex -1.398271e+01 -5.429911e+00  8.800000e+01
     vertex -1.382848e+01 -5.811469e+00  8.800000e+01
   endloop
 endfacet
 facet normal -8.584363e-01 -3.746988e-01  3.502683e-01
   outer loop
     vertex -1.329956e+01 -5.776816e+00  8.933333e+01
     vertex -1.382848e+01 -5.811469e+00  8.800000e+01
     vertex -1.366384e+01 -6.188653e+00  8.800000e+01
   endloop
 endfacet
 facet normal -9.371434e-01 -2.437801e-15  3.489443e-01
   outer loop
     vertex -1.249534e+01 -3.414350e-01  9.466667e+01
     vertex -1.199887e+01 -1.646198e-01  9.600000e+01
     vertex -1.249534e+01  3.414350e-01  9.466667e+01
   endloop
 endfacet
 facet normal -9.357160e-01 -2.568014e-02  3.518183e-01
   outer loop
     vertex -1.249534e+01 -3.414350e-01  9.466667e+01
     vertex -1.198984e+01 -4.937354e-01  9.600000e+01
     vertex -1.199887e+01 -1.646198e-01  9.600000e+01
   endloop
 endfacet
 facet normal -9.363722e-01 -2.435795e-15  3.510086e-01
   outer loop
     vertex -1.249534e+01 -3.414350e-01  9.466667e+01
     vertex -1.249534e+01  3.414350e-01  9.466667e+01
     vertex -1.299515e+01 -3.550924e-01  9.333333e+01
   endloop
 endfacet
 facet normal -9.349750e-01 -5.113455e-02  3.510086e-01
   outer loop
     vertex -1.249534e+01 -3.414350e-01  9.466667e+01
     vertex -1.299515e+01 -3.550924e-01  9.333333e+01
     vertex -1.295637e+01 -1.064217e+00  9.333333e+01
   endloop
 endfacet
 facet normal -9.307874e-01 -1.021165e-01  3.510086e-01
   outer loop
     vertex -1.287892e+01 -1.770166e+00  9.333333e+01
     vertex -1.295637e+01 -1.064217e+00  9.333333e+01
     vertex -1.337426e+01 -1.838250e+00  9.200000e+01
   endloop
 endfacet
 facet normal -9.238220e-01 -1.527937e-01  3.510086e-01
   outer loop
     vertex -1.287892e+01 -1.770166e+00  9.333333e+01
     vertex -1.337426e+01 -1.838250e+00  9.200000e+01
     vertex -1.325392e+01 -2.565865e+00  9.200000e+01
   endloop
 endfacet
 facet normal -9.016490e-01 -2.526302e-01  3.510086e-01
   outer loop
     vertex -1.309402e+01 -3.285822e+00  9.200000e+01
     vertex -1.357898e+01 -3.407519e+00  9.066667e+01
     vertex -1.337264e+01 -4.143972e+00  9.066667e+01
   endloop
 endfacet
 facet normal -9.140995e-01 -2.030149e-01  3.510086e-01
   outer loop
     vertex -1.309402e+01 -3.285822e+00  9.200000e+01
     vertex -1.374480e+01 -2.660897e+00  9.066667e+01
     vertex -1.357898e+01 -3.407519e+00  9.066667e+01
   endloop
 endfacet
 facet normal -9.140995e-01 -2.030149e-01  3.510086e-01
   outer loop
     vertex -1.309402e+01 -3.285822e+00  9.200000e+01
     vertex -1.325392e+01 -2.565865e+00  9.200000e+01
     vertex -1.374480e+01 -2.660897e+00  9.066667e+01
   endloop
 endfacet
 facet normal -8.865076e-01 -3.014916e-01  3.510086e-01
   outer loop
     vertex -1.312639e+01 -4.868058e+00  9.066667e+01
     vertex -1.337264e+01 -4.143972e+00  9.066667e+01
     vertex -1.359519e+01 -5.041917e+00  8.933333e+01
   endloop
 endfacet
 facet normal -8.473865e-01 -3.959260e-01  3.538060e-01
   outer loop
     vertex -1.296425e+01 -6.494474e+00  8.933333e+01
     vertex -1.329956e+01 -5.776816e+00  8.933333e+01
     vertex -1.366384e+01 -6.188653e+00  8.800000e+01
   endloop
 endfacet
 facet normal -8.468592e-01 -3.976506e-01  3.531337e-01
   outer loop
     vertex -1.296425e+01 -6.494474e+00  8.933333e+01
     vertex -1.366384e+01 -6.188653e+00  8.800000e+01
     vertex -1.348892e+01 -6.561178e+00  8.800000e+01
   endloop
 endfacet
 facet normal -8.365915e-01 -4.212172e-01  3.502723e-01
   outer loop
     vertex -1.296425e+01 -6.494474e+00  8.933333e+01
     vertex -1.348892e+01 -6.561178e+00  8.800000e+01
     vertex -1.330384e+01 -6.928764e+00  8.800000e+01
   endloop
 endfacet
 facet normal -9.357142e-01 -5.139890e-02  3.489944e-01
   outer loop
     vertex -1.245805e+01 -1.023286e+00  9.466667e+01
     vertex -1.197178e+01 -8.224794e-01  9.600000e+01
     vertex -1.198984e+01 -4.937354e-01  9.600000e+01
   endloop
 endfacet
 facet normal -9.328992e-01 -7.696313e-02  3.518179e-01
   outer loop
     vertex -1.245805e+01 -1.023286e+00  9.466667e+01
     vertex -1.194471e+01 -1.150604e+00  9.600000e+01
     vertex -1.197178e+01 -8.224794e-01  9.600000e+01
   endloop
 endfacet
 facet normal -9.307874e-01 -1.021165e-01  3.510086e-01
   outer loop
     vertex -1.245805e+01 -1.023286e+00  9.466667e+01
     vertex -1.295637e+01 -1.064217e+00  9.333333e+01
     vertex -1.287892e+01 -1.770166e+00  9.333333e+01
   endloop
 endfacet
 facet normal -9.357540e-01 -5.117716e-02  3.489203e-01
   outer loop
     vertex -1.245805e+01 -1.023286e+00  9.466667e+01
     vertex -1.198984e+01 -4.937354e-01  9.600000e+01
     vertex -1.249534e+01 -3.414350e-01  9.466667e+01
   endloop
 endfacet
 facet normal -9.349750e-01 -5.113455e-02  3.510086e-01
   outer loop
     vertex -1.245805e+01 -1.023286e+00  9.466667e+01
     vertex -1.249534e+01 -3.414350e-01  9.466667e+01
     vertex -1.295637e+01 -1.064217e+00  9.333333e+01
   endloop
 endfacet
 facet normal -9.140995e-01 -2.030149e-01  3.510086e-01
   outer loop
     vertex -1.276303e+01 -2.470833e+00  9.333333e+01
     vertex -1.325392e+01 -2.565865e+00  9.200000e+01
     vertex -1.309402e+01 -3.285822e+00  9.200000e+01
   endloop
 endfacet
 facet normal -9.238220e-01 -1.527937e-01  3.510086e-01
   outer loop
     vertex -1.276303e+01 -2.470833e+00  9.333333e+01
     vertex -1.287892e+01 -1.770166e+00  9.333333e+01
     vertex -1.325392e+01 -2.565865e+00  9.200000e+01
   endloop
 endfacet
 facet normal -9.016490e-01 -2.526302e-01  3.510086e-01
   outer loop
     vertex -1.289505e+01 -3.995973e+00  9.200000e+01
     vertex -1.309402e+01 -3.285822e+00  9.200000e+01
     vertex -1.337264e+01 -4.143972e+00  9.066667e+01
   endloop
 endfacet
 facet normal -8.687206e-01 -3.494532e-01  3.510086e-01
   outer loop
     vertex -1.284096e+01 -5.577615e+00  9.066667e+01
     vertex -1.359519e+01 -5.041917e+00  8.933333e+01
     vertex -1.329956e+01 -5.776816e+00  8.933333e+01
   endloop
 endfacet
 facet normal -8.687206e-01 -3.494532e-01  3.510086e-01
   outer loop
     vertex -1.284096e+01 -5.577615e+00  9.066667e+01
     vertex -1.312639e+01 -4.868058e+00  9.066667e+01
     vertex -1.359519e+01 -5.041917e+00  8.933333e+01
   endloop
 endfacet
 facet normal -8.237922e-01 -4.435097e-01  3.530800e-01
   outer loop
     vertex -1.259025e+01 -7.192751e+00  8.933333e+01
     vertex -1.330384e+01 -6.928764e+00  8.800000e+01
     vertex -1.310875e+01 -7.291135e+00  8.800000e+01
   endloop
 endfacet
 facet normal -8.244923e-01 -4.416057e-01  3.538316e-01
   outer loop
     vertex -1.259025e+01 -7.192751e+00  8.933333e+01
     vertex -1.296425e+01 -6.494474e+00  8.933333e+01
     vertex -1.330384e+01 -6.928764e+00  8.800000e+01
   endloop
 endfacet
 facet normal -8.122281e-01 -4.664672e-01  3.502769e-01
   outer loop
     vertex -1.259025e+01 -7.192751e+00  8.933333e+01
     vertex -1.310875e+01 -7.291135e+00  8.800000e+01
     vertex -1.290379e+01 -7.648016e+00  8.800000e+01
   endloop
 endfacet
 facet normal -9.314682e-01 -1.026410e-01  3.490440e-01
   outer loop
     vertex -1.238357e+01 -1.702083e+00  9.466667e+01
     vertex -1.190865e+01 -1.477863e+00  9.600000e+01
     vertex -1.194471e+01 -1.150604e+00  9.600000e+01
   endloop
 endfacet
 facet normal -9.272740e-01 -1.280145e-01  3.518170e-01
   outer loop
     vertex -1.238357e+01 -1.702083e+00  9.466667e+01
     vertex -1.186362e+01 -1.804009e+00  9.600000e+01
     vertex -1.190865e+01 -1.477863e+00  9.600000e+01
   endloop
 endfacet
 facet normal -9.307874e-01 -1.021165e-01  3.510086e-01
   outer loop
     vertex -1.238357e+01 -1.702083e+00  9.466667e+01
     vertex -1.245805e+01 -1.023286e+00  9.466667e+01
     vertex -1.287892e+01 -1.770166e+00  9.333333e+01
   endloop
 endfacet
 facet normal -9.238220e-01 -1.527937e-01  3.510086e-01
   outer loop
     vertex -1.238357e+01 -1.702083e+00  9.466667e+01
     vertex -1.287892e+01 -1.770166e+00  9.333333e+01
     vertex -1.276303e+01 -2.470833e+00  9.333333e+01
   endloop
 endfacet
 facet normal -9.315716e-01 -1.022025e-01  3.488967e-01
   outer loop
     vertex -1.238357e+01 -1.702083e+00  9.466667e+01
     vertex -1.194471e+01 -1.150604e+00  9.600000e+01
     vertex -1.245805e+01 -1.023286e+00  9.466667e+01
   endloop
 endfacet
 facet normal -9.140995e-01 -2.030149e-01  3.510086e-01
   outer loop
     vertex -1.260906e+01 -3.164125e+00  9.333333e+01
     vertex -1.276303e+01 -2.470833e+00  9.333333e+01
     vertex -1.309402e+01 -3.285822e+00  9.200000e+01
   endloop
 endfacet
 facet normal -9.016490e-01 -2.526302e-01  3.510086e-01
   outer loop
     vertex -1.260906e+01 -3.164125e+00  9.333333e+01
     vertex -1.309402e+01 -3.285822e+00  9.200000e+01
     vertex -1.289505e+01 -3.995973e+00  9.200000e+01
   endloop
 endfacet
 facet normal -8.687206e-01 -3.494532e-01  3.510086e-01
   outer loop
     vertex -1.265759e+01 -4.694199e+00  9.200000e+01
     vertex -1.312639e+01 -4.868058e+00  9.066667e+01
     vertex -1.284096e+01 -5.577615e+00  9.066667e+01
   endloop
 endfacet
 facet normal -8.865076e-01 -3.014916e-01  3.510086e-01
   outer loop
     vertex -1.265759e+01 -4.694199e+00  9.200000e+01
     vertex -1.289505e+01 -3.995973e+00  9.200000e+01
     vertex -1.337264e+01 -4.143972e+00  9.066667e+01
   endloop
 endfacet
 facet normal -8.865076e-01 -3.014916e-01  3.510086e-01
   outer loop
     vertex -1.265759e+01 -4.694199e+00  9.200000e+01
     vertex -1.337264e+01 -4.143972e+00  9.066667e+01
     vertex -1.312639e+01 -4.868058e+00  9.066667e+01
   endloop
 endfacet
 facet normal -8.483409e-01 -3.963719e-01  3.510086e-01
   outer loop
     vertex -1.251721e+01 -6.270527e+00  9.066667e+01
     vertex -1.284096e+01 -5.577615e+00  9.066667e+01
     vertex -1.329956e+01 -5.776816e+00  8.933333e+01
   endloop
 endfacet
 facet normal -8.483409e-01 -3.963719e-01  3.510086e-01
   outer loop
     vertex -1.251721e+01 -6.270527e+00  9.066667e+01
     vertex -1.329956e+01 -5.776816e+00  8.933333e+01
     vertex -1.296425e+01 -6.494474e+00  8.933333e+01
   endloop
 endfacet
 facet normal -7.982440e-01 -4.880355e-01  3.530268e-01
   outer loop
     vertex -1.217867e+01 -7.869561e+00  8.933333e+01
     vertex -1.290379e+01 -7.648016e+00  8.800000e+01
     vertex -1.268912e+01 -7.999141e+00  8.800000e+01
   endloop
 endfacet
 facet normal -7.854193e-01 -5.103126e-01  3.502820e-01
   outer loop
     vertex -1.217867e+01 -7.869561e+00  8.933333e+01
     vertex -1.268912e+01 -7.999141e+00  8.800000e+01
     vertex -1.246489e+01 -8.344244e+00  8.800000e+01
   endloop
 endfacet
 facet normal -7.991381e-01 -4.859667e-01  3.538568e-01
   outer loop
     vertex -1.217867e+01 -7.869561e+00  8.933333e+01
     vertex -1.259025e+01 -7.192751e+00  8.933333e+01
     vertex -1.290379e+01 -7.648016e+00  8.800000e+01
   endloop
 endfacet
 facet normal -9.244185e-01 -1.535722e-01  3.490932e-01
   outer loop
     vertex -1.227215e+01 -2.375801e+00  9.466667e+01
     vertex -1.180967e+01 -2.128797e+00  9.600000e+01
     vertex -1.186362e+01 -1.804009e+00  9.600000e+01
   endloop
 endfacet
 facet normal -9.188574e-01 -1.786805e-01  3.518157e-01
   outer loop
     vertex -1.227215e+01 -2.375801e+00  9.466667e+01
     vertex -1.174682e+01 -2.451983e+00  9.600000e+01
     vertex -1.180967e+01 -2.128797e+00  9.600000e+01
   endloop
 endfacet
 facet normal -9.238220e-01 -1.527937e-01  3.510086e-01
   outer loop
     vertex -1.227215e+01 -2.375801e+00  9.466667e+01
     vertex -1.238357e+01 -1.702083e+00  9.466667e+01
     vertex -1.276303e+01 -2.470833e+00  9.333333e+01
   endloop
 endfacet
 facet normal -9.246089e-01 -1.529238e-01  3.488735e-01
   outer loop
     vertex -1.227215e+01 -2.375801e+00  9.466667e+01
     vertex -1.186362e+01 -1.804009e+00  9.600000e+01
     vertex -1.238357e+01 -1.702083e+00  9.466667e+01
   endloop
 endfacet
 facet normal -9.016490e-01 -2.526302e-01  3.510086e-01
   outer loop
     vertex -1.241745e+01 -3.847974e+00  9.333333e+01
     vertex -1.260906e+01 -3.164125e+00  9.333333e+01
     vertex -1.289505e+01 -3.995973e+00  9.200000e+01
   endloop
 endfacet
 facet normal -8.687206e-01 -3.494532e-01  3.510086e-01
   outer loop
     vertex -1.238235e+01 -5.378415e+00  9.200000e+01
     vertex -1.265759e+01 -4.694199e+00  9.200000e+01
     vertex -1.284096e+01 -5.577615e+00  9.066667e+01
   endloop
 endfacet
 facet normal -8.483409e-01 -3.963719e-01  3.510086e-01
   outer loop
     vertex -1.238235e+01 -5.378415e+00  9.200000e+01
     vertex -1.284096e+01 -5.577615e+00  9.066667e+01
     vertex -1.251721e+01 -6.270527e+00  9.066667e+01
   endloop
 endfacet
 facet normal -8.254295e-01 -4.421076e-01  3.510086e-01
   outer loop
     vertex -1.215610e+01 -6.944725e+00  9.066667e+01
     vertex -1.251721e+01 -6.270527e+00  9.066667e+01
     vertex -1.296425e+01 -6.494474e+00  8.933333e+01
   endloop
 endfacet
 facet normal -8.254295e-01 -4.421076e-01  3.510086e-01
   outer loop
     vertex -1.215610e+01 -6.944725e+00  9.066667e+01
     vertex -1.296425e+01 -6.494474e+00  8.933333e+01
     vertex -1.259025e+01 -7.192751e+00  8.933333e+01
   endloop
 endfacet
 facet normal -7.702913e-01 -5.310938e-01  3.529740e-01
   outer loop
     vertex -1.173075e+01 -8.522886e+00  8.933333e+01
     vertex -1.246489e+01 -8.344244e+00  8.800000e+01
     vertex -1.223129e+01 -8.683066e+00  8.800000e+01
   endloop
 endfacet
 facet normal -7.562460e-01 -5.526215e-01  3.502876e-01
   outer loop
     vertex -1.173075e+01 -8.522886e+00  8.933333e+01
     vertex -1.223129e+01 -8.683066e+00  8.800000e+01
     vertex -1.198847e+01 -9.015352e+00  8.800000e+01
   endloop
 endfacet
 facet normal -7.713997e-01 -5.288765e-01  3.538814e-01
   outer loop
     vertex -1.173075e+01 -8.522886e+00  8.933333e+01
     vertex -1.217867e+01 -7.869561e+00  8.933333e+01
     vertex -1.246489e+01 -8.344244e+00  8.800000e+01
   endloop
 endfacet
 facet normal -9.148864e-01 -2.031896e-01  3.488507e-01
   outer loop
     vertex -1.212409e+01 -3.042428e+00  9.466667e+01
     vertex -1.174682e+01 -2.451983e+00  9.600000e+01
     vertex -1.227215e+01 -2.375801e+00  9.466667e+01
   endloop
 endfacet
 facet normal -9.145862e-01 -2.040391e-01  3.491419e-01
   outer loop
     vertex -1.212409e+01 -3.042428e+00  9.466667e+01
     vertex -1.167513e+01 -2.773323e+00  9.600000e+01
     vertex -1.174682e+01 -2.451983e+00  9.600000e+01
   endloop
 endfacet
 facet normal -9.076748e-01 -2.288087e-01  3.518139e-01
   outer loop
     vertex -1.212409e+01 -3.042428e+00  9.466667e+01
     vertex -1.159465e+01 -3.092575e+00  9.600000e+01
     vertex -1.167513e+01 -2.773323e+00  9.600000e+01
   endloop
 endfacet
 facet normal -9.140995e-01 -2.030149e-01  3.510086e-01
   outer loop
     vertex -1.212409e+01 -3.042428e+00  9.466667e+01
     vertex -1.276303e+01 -2.470833e+00  9.333333e+01
     vertex -1.260906e+01 -3.164125e+00  9.333333e+01
   endloop
 endfacet
 facet normal -9.140995e-01 -2.030149e-01  3.510086e-01
   outer loop
     vertex -1.212409e+01 -3.042428e+00  9.466667e+01
     vertex -1.227215e+01 -2.375801e+00  9.466667e+01
     vertex -1.276303e+01 -2.470833e+00  9.333333e+01
   endloop
 endfacet
 facet normal -9.016490e-01 -2.526302e-01  3.510086e-01
   outer loop
     vertex -1.212409e+01 -3.042428e+00  9.466667e+01
     vertex -1.260906e+01 -3.164125e+00  9.333333e+01
     vertex -1.241745e+01 -3.847974e+00  9.333333e+01
   endloop
 endfacet
 facet normal -8.865076e-01 -3.014916e-01  3.510086e-01
   outer loop
     vertex -1.218879e+01 -4.520339e+00  9.333333e+01
     vertex -1.289505e+01 -3.995973e+00  9.200000e+01
     vertex -1.265759e+01 -4.694199e+00  9.200000e+01
   endloop
 endfacet
 facet normal -8.687206e-01 -3.494532e-01  3.510086e-01
   outer loop
     vertex -1.218879e+01 -4.520339e+00  9.333333e+01
     vertex -1.265759e+01 -4.694199e+00  9.200000e+01
     vertex -1.238235e+01 -5.378415e+00  9.200000e+01
   endloop
 endfacet
 facet normal -8.865076e-01 -3.014916e-01  3.510086e-01
   outer loop
     vertex -1.218879e+01 -4.520339e+00  9.333333e+01
     vertex -1.241745e+01 -3.847974e+00  9.333333e+01
     vertex -1.289505e+01 -3.995973e+00  9.200000e+01
   endloop
 endfacet
 facet normal -8.483409e-01 -3.963719e-01  3.510086e-01
   outer loop
     vertex -1.207016e+01 -6.046580e+00  9.200000e+01
     vertex -1.238235e+01 -5.378415e+00  9.200000e+01
     vertex -1.251721e+01 -6.270527e+00  9.066667e+01
   endloop
 endfacet
 facet normal -8.254295e-01 -4.421076e-01  3.510086e-01
   outer loop
     vertex -1.207016e+01 -6.046580e+00  9.200000e+01
     vertex -1.251721e+01 -6.270527e+00  9.066667e+01
     vertex -1.215610e+01 -6.944725e+00  9.066667e+01
   endloop
 endfacet
 facet normal -8.000546e-01 -4.865240e-01  3.510086e-01
   outer loop
     vertex -1.175872e+01 -7.598197e+00  9.066667e+01
     vertex -1.259025e+01 -7.192751e+00  8.933333e+01
     vertex -1.217867e+01 -7.869561e+00  8.933333e+01
   endloop
 endfacet
 facet normal -8.000546e-01 -4.865240e-01  3.510086e-01
   outer loop
     vertex -1.175872e+01 -7.598197e+00  9.066667e+01
     vertex -1.215610e+01 -6.944725e+00  9.066667e+01
     vertex -1.259025e+01 -7.192751e+00  8.933333e+01
   endloop
 endfacet
 facet normal -7.400183e-01 -5.725550e-01  3.529218e-01
   outer loop
     vertex -1.124781e+01 -9.150775e+00  8.933333e+01
     vertex -1.198847e+01 -9.015352e+00  8.800000e+01
     vertex -1.173663e+01 -9.340851e+00  8.800000e+01
   endloop
 endfacet
 facet normal -7.247961e-01 -5.932664e-01  3.502937e-01
   outer loop
     vertex -1.124781e+01 -9.150775e+00  8.933333e+01
     vertex -1.173663e+01 -9.340851e+00  8.800000e+01
     vertex -1.147596e+01 -9.659318e+00  8.800000e+01
   endloop
 endfacet
 facet normal -7.413599e-01 -5.702073e-01  3.539055e-01
   outer loop
     vertex -1.124781e+01 -9.150775e+00  8.933333e+01
     vertex -1.173075e+01 -8.522886e+00  8.933333e+01
     vertex -1.198847e+01 -9.015352e+00  8.800000e+01
   endloop
 endfacet
 facet normal -9.024332e-01 -2.528499e-01  3.488284e-01
   outer loop
     vertex -1.193986e+01 -3.699975e+00  9.466667e+01
     vertex -1.159465e+01 -3.092575e+00  9.600000e+01
     vertex -1.212409e+01 -3.042428e+00  9.466667e+01
   endloop
 endfacet
 facet normal -9.020012e-01 -2.538898e-01  3.491902e-01
   outer loop
     vertex -1.193986e+01 -3.699975e+00  9.466667e+01
     vertex -1.150545e+01 -3.409499e+00  9.600000e+01
     vertex -1.159465e+01 -3.092575e+00  9.600000e+01
   endloop
 endfacet
 facet normal -8.937597e-01 -2.782481e-01  3.518117e-01
   outer loop
     vertex -1.193986e+01 -3.699975e+00  9.466667e+01
     vertex -1.140758e+01 -3.723857e+00  9.600000e+01
     vertex -1.150545e+01 -3.409499e+00  9.600000e+01
   endloop
 endfacet
 facet normal -9.016490e-01 -2.526302e-01  3.510086e-01
   outer loop
     vertex -1.193986e+01 -3.699975e+00  9.466667e+01
     vertex -1.212409e+01 -3.042428e+00  9.466667e+01
     vertex -1.241745e+01 -3.847974e+00  9.333333e+01
   endloop
 endfacet
 facet normal -8.865076e-01 -3.014916e-01  3.510086e-01
   outer loop
     vertex -1.193986e+01 -3.699975e+00  9.466667e+01
     vertex -1.241745e+01 -3.847974e+00  9.333333e+01
     vertex -1.218879e+01 -4.520339e+00  9.333333e+01
   endloop
 endfacet
 facet normal -8.687206e-01 -3.494532e-01  3.510086e-01
   outer loop
     vertex -1.192375e+01 -5.179214e+00  9.333333e+01
     vertex -1.218879e+01 -4.520339e+00  9.333333e+01
     vertex -1.238235e+01 -5.378415e+00  9.200000e+01
   endloop
 endfacet
 facet normal -8.254295e-01 -4.421076e-01  3.510086e-01
   outer loop
     vertex -1.172195e+01 -6.696699e+00  9.200000e+01
     vertex -1.207016e+01 -6.046580e+00  9.200000e+01
     vertex -1.215610e+01 -6.944725e+00  9.066667e+01
   endloop
 endfacet
 facet normal -8.000546e-01 -4.865240e-01  3.510086e-01
   outer loop
     vertex -1.172195e+01 -6.696699e+00  9.200000e+01
     vertex -1.215610e+01 -6.944725e+00  9.066667e+01
     vertex -1.175872e+01 -7.598197e+00  9.066667e+01
   endloop
 endfacet
 facet normal -7.722921e-01 -5.294884e-01  3.510086e-01
   outer loop
     vertex -1.132624e+01 -8.228994e+00  9.066667e+01
     vertex -1.217867e+01 -7.869561e+00  8.933333e+01
     vertex -1.173075e+01 -8.522886e+00  8.933333e+01
   endloop
 endfacet
 facet normal -7.722921e-01 -5.294884e-01  3.510086e-01
   outer loop
     vertex -1.132624e+01 -8.228994e+00  9.066667e+01
     vertex -1.175872e+01 -7.598197e+00  9.066667e+01
     vertex -1.217867e+01 -7.869561e+00  8.933333e+01
   endloop
 endfacet
 facet normal -7.091083e-01 -6.098357e-01  3.539291e-01
   outer loop
     vertex -1.073131e+01 -9.751355e+00  8.933333e+01
     vertex -1.124781e+01 -9.150775e+00  8.933333e+01
     vertex -1.147596e+01 -9.659318e+00  8.800000e+01
   endloop
 endfacet
 facet normal -7.075159e-01 -6.122940e-01  3.528701e-01
   outer loop
     vertex -1.073131e+01 -9.751355e+00  8.933333e+01
     vertex -1.147596e+01 -9.659318e+00  8.800000e+01
     vertex -1.120664e+01 -9.970515e+00  8.800000e+01
   endloop
 endfacet
 facet normal -6.911641e-01 -6.321249e-01  3.503003e-01
   outer loop
     vertex -1.073131e+01 -9.751355e+00  8.933333e+01
     vertex -1.120664e+01 -9.970515e+00  8.800000e+01
     vertex -1.092889e+01 -1.027421e+01  8.800000e+01
   endloop
 endfacet
 facet normal -8.867014e-01 -3.029743e-01  3.492381e-01
   outer loop
     vertex -1.171999e+01 -4.346480e+00  9.466667e+01
     vertex -1.130113e+01 -4.035412e+00  9.600000e+01
     vertex -1.140758e+01 -3.723857e+00  9.600000e+01
   endloop
 endfacet
 facet normal -8.771541e-01 -3.268501e-01  3.518091e-01
   outer loop
     vertex -1.171999e+01 -4.346480e+00  9.466667e+01
     vertex -1.118616e+01 -4.343928e+00  9.600000e+01
     vertex -1.130113e+01 -4.035412e+00  9.600000e+01
   endloop
 endfacet
 facet normal -8.872864e-01 -3.017564e-01  3.488065e-01
   outer loop
     vertex -1.171999e+01 -4.346480e+00  9.466667e+01
     vertex -1.140758e+01 -3.723857e+00  9.600000e+01
     vertex -1.193986e+01 -3.699975e+00  9.466667e+01
   endloop
 endfacet
 facet normal -8.865076e-01 -3.014916e-01  3.510086e-01
   outer loop
     vertex -1.171999e+01 -4.346480e+00  9.466667e+01
     vertex -1.193986e+01 -3.699975e+00  9.466667e+01
     vertex -1.218879e+01 -4.520339e+00  9.333333e+01
   endloop
 endfacet
 facet normal -8.483409e-01 -3.963719e-01  3.510086e-01
   outer loop
     vertex -1.162312e+01 -5.822632e+00  9.333333e+01
     vertex -1.238235e+01 -5.378415e+00  9.200000e+01
     vertex -1.207016e+01 -6.046580e+00  9.200000e+01
   endloop
 endfacet
 facet normal -8.483409e-01 -3.963719e-01  3.510086e-01
   outer loop
     vertex -1.162312e+01 -5.822632e+00  9.333333e+01
     vertex -1.192375e+01 -5.179214e+00  9.333333e+01
     vertex -1.238235e+01 -5.378415e+00  9.200000e+01
   endloop
 endfacet
 facet normal -8.000546e-01 -4.865240e-01  3.510086e-01
   outer loop
     vertex -1.133876e+01 -7.326833e+00  9.200000e+01
     vertex -1.172195e+01 -6.696699e+00  9.200000e+01
     vertex -1.175872e+01 -7.598197e+00  9.066667e+01
   endloop
 endfacet
 facet normal -7.722921e-01 -5.294884e-01  3.510086e-01
   outer loop
     vertex -1.133876e+01 -7.326833e+00  9.200000e+01
     vertex -1.175872e+01 -7.598197e+00  9.066667e+01
     vertex -1.132624e+01 -8.228994e+00  9.066667e+01
   endloop
 endfacet
 facet normal -7.422247e-01 -5.708725e-01  3.510086e-01
   outer loop
     vertex -1.085996e+01 -8.835231e+00  9.066667e+01
     vertex -1.132624e+01 -8.228994e+00  9.066667e+01
     vertex -1.173075e+01 -8.522886e+00  8.933333e+01
   endloop
 endfacet
 facet normal -7.422247e-01 -5.708725e-01  3.510086e-01
   outer loop
     vertex -1.085996e+01 -8.835231e+00  9.066667e+01
     vertex -1.173075e+01 -8.522886e+00  8.933333e+01
     vertex -1.124781e+01 -9.150775e+00  8.933333e+01
   endloop
 endfacet
 facet normal -6.728820e-01 -6.501912e-01  3.528189e-01
   outer loop
     vertex -1.018279e+01 -1.032283e+01  8.933333e+01
     vertex -1.092889e+01 -1.027421e+01  8.800000e+01
     vertex -1.064292e+01 -1.057016e+01  8.800000e+01
   endloop
 endfacet
 facet normal -6.554514e-01 -6.690801e-01  3.503074e-01
   outer loop
     vertex -1.018279e+01 -1.032283e+01  8.933333e+01
     vertex -1.064292e+01 -1.057016e+01  8.800000e+01
     vertex -1.034893e+01 -1.085816e+01  8.800000e+01
   endloop
 endfacet
 facet normal -6.747412e-01 -6.476435e-01  3.539521e-01
   outer loop
     vertex -1.018279e+01 -1.032283e+01  8.933333e+01
     vertex -1.073131e+01 -9.751355e+00  8.933333e+01
     vertex -1.092889e+01 -1.027421e+01  8.800000e+01
   endloop
 endfacet
 facet normal -8.694911e-01 -3.497631e-01  3.487850e-01
   outer loop
     vertex -1.146514e+01 -4.980014e+00  9.466667e+01
     vertex -1.118616e+01 -4.343928e+00  9.600000e+01
     vertex -1.171999e+01 -4.346480e+00  9.466667e+01
   endloop
 endfacet
 facet normal -8.687206e-01 -3.494532e-01  3.510086e-01
   outer loop
     vertex -1.146514e+01 -4.980014e+00  9.466667e+01
     vertex -1.218879e+01 -4.520339e+00  9.333333e+01
     vertex -1.192375e+01 -5.179214e+00  9.333333e+01
   endloop
 endfacet
 facet normal -8.687329e-01 -3.511449e-01  3.492855e-01
   outer loop
     vertex -1.146514e+01 -4.980014e+00  9.466667e+01
     vertex -1.106278e+01 -4.649175e+00  9.600000e+01
     vertex -1.118616e+01 -4.343928e+00  9.600000e+01
   endloop
 endfacet
 facet normal -8.579080e-01 -3.744682e-01  3.518061e-01
   outer loop
     vertex -1.146514e+01 -4.980014e+00  9.466667e+01
     vertex -1.093107e+01 -4.950922e+00  9.600000e+01
     vertex -1.106278e+01 -4.649175e+00  9.600000e+01
   endloop
 endfacet
 facet normal -8.483409e-01 -3.963719e-01  3.510086e-01
   outer loop
     vertex -1.146514e+01 -4.980014e+00  9.466667e+01
     vertex -1.192375e+01 -5.179214e+00  9.333333e+01
     vertex -1.162312e+01 -5.822632e+00  9.333333e+01
   endloop
 endfacet
 facet normal -8.687206e-01 -3.494532e-01  3.510086e-01
   outer loop
     vertex -1.146514e+01 -4.980014e+00  9.466667e+01
     vertex -1.171999e+01 -4.346480e+00  9.466667e+01
     vertex -1.218879e+01 -4.520339e+00  9.333333e+01
   endloop
 endfacet
 facet normal -8.254295e-01 -4.421076e-01  3.510086e-01
   outer loop
     vertex -1.128781e+01 -6.448673e+00  9.333333e+01
     vertex -1.162312e+01 -5.822632e+00  9.333333e+01
     vertex -1.207016e+01 -6.046580e+00  9.200000e+01
   endloop
 endfacet
 facet normal -8.254295e-01 -4.421076e-01  3.510086e-01
   outer loop
     vertex -1.128781e+01 -6.448673e+00  9.333333e+01
     vertex -1.207016e+01 -6.046580e+00  9.200000e+01
     vertex -1.172195e+01 -6.696699e+00  9.200000e+01
   endloop
 endfacet
 facet normal -7.722921e-01 -5.294884e-01  3.510086e-01
   outer loop
     vertex -1.092173e+01 -7.935101e+00  9.200000e+01
     vertex -1.133876e+01 -7.326833e+00  9.200000e+01
     vertex -1.132624e+01 -8.228994e+00  9.066667e+01
   endloop
 endfacet
 facet normal -7.099423e-01 -6.105530e-01  3.510086e-01
   outer loop
     vertex -1.036127e+01 -9.415101e+00  9.066667e+01
     vertex -1.085996e+01 -8.835231e+00  9.066667e+01
     vertex -1.124781e+01 -9.150775e+00  8.933333e+01
   endloop
 endfacet
 facet normal -7.099423e-01 -6.105530e-01  3.510086e-01
   outer loop
     vertex -1.036127e+01 -9.415101e+00  9.066667e+01
     vertex -1.124781e+01 -9.150775e+00  8.933333e+01
     vertex -1.073131e+01 -9.751355e+00  8.933333e+01
   endloop
 endfacet
 facet normal -6.362209e-01 -6.861324e-01  3.527682e-01
   outer loop
     vertex -9.603870e+00 -1.086350e+01  8.933333e+01
     vertex -1.034893e+01 -1.085816e+01  8.800000e+01
     vertex -1.004715e+01 -1.113799e+01  8.800000e+01
   endloop
 endfacet
 facet normal -6.177656e-01 -7.040206e-01  3.503151e-01
   outer loop
     vertex -9.603870e+00 -1.086350e+01  8.933333e+01
     vertex -1.004715e+01 -1.113799e+01  8.800000e+01
     vertex -9.737808e+00 -1.140943e+01  8.800000e+01
   endloop
 endfacet
 facet normal -6.383612e-01 -6.835180e-01  3.539747e-01
   outer loop
     vertex -9.603870e+00 -1.086350e+01  8.933333e+01
     vertex -1.018279e+01 -1.032283e+01  8.933333e+01
     vertex -1.034893e+01 -1.085816e+01  8.800000e+01
   endloop
 endfacet
 facet normal -8.483409e-01 -3.963719e-01  3.510086e-01
   outer loop
     vertex -1.117608e+01 -5.598685e+00  9.466667e+01
     vertex -1.146514e+01 -4.980014e+00  9.466667e+01
     vertex -1.162312e+01 -5.822632e+00  9.333333e+01
   endloop
 endfacet
 facet normal -8.491005e-01 -3.967268e-01  3.487639e-01
   outer loop
     vertex -1.117608e+01 -5.598685e+00  9.466667e+01
     vertex -1.093107e+01 -4.950922e+00  9.600000e+01
     vertex -1.146514e+01 -4.980014e+00  9.466667e+01
   endloop
 endfacet
 facet normal -8.254295e-01 -4.421076e-01  3.510086e-01
   outer loop
     vertex -1.117608e+01 -5.598685e+00  9.466667e+01
     vertex -1.162312e+01 -5.822632e+00  9.333333e+01
     vertex -1.128781e+01 -6.448673e+00  9.333333e+01
   endloop
 endfacet
 facet normal -8.481500e-01 -3.982567e-01  3.493325e-01
   outer loop
     vertex -1.117608e+01 -5.598685e+00  9.466667e+01
     vertex -1.079114e+01 -5.248942e+00  9.600000e+01
     vertex -1.093107e+01 -4.950922e+00  9.600000e+01
   endloop
 endfacet
 facet normal -8.360791e-01 -4.209592e-01  3.518026e-01
   outer loop
     vertex -1.117608e+01 -5.598685e+00  9.466667e+01
     vertex -1.064307e+01 -5.543011e+00  9.600000e+01
     vertex -1.079114e+01 -5.248942e+00  9.600000e+01
   endloop
 endfacet
 facet normal -8.000546e-01 -4.865240e-01  3.510086e-01
   outer loop
     vertex -1.091881e+01 -7.055469e+00  9.333333e+01
     vertex -1.128781e+01 -6.448673e+00  9.333333e+01
     vertex -1.172195e+01 -6.696699e+00  9.200000e+01
   endloop
 endfacet
 facet normal -8.000546e-01 -4.865240e-01  3.510086e-01
   outer loop
     vertex -1.091881e+01 -7.055469e+00  9.333333e+01
     vertex -1.172195e+01 -6.696699e+00  9.200000e+01
     vertex -1.133876e+01 -7.326833e+00  9.200000e+01
   endloop
 endfacet
 facet normal -7.422247e-01 -5.708725e-01  3.510086e-01
   outer loop
     vertex -1.047210e+01 -8.519687e+00  9.200000e+01
     vertex -1.132624e+01 -8.228994e+00  9.066667e+01
     vertex -1.085996e+01 -8.835231e+00  9.066667e+01
   endloop
 endfacet
 facet normal -7.422247e-01 -5.708725e-01  3.510086e-01
   outer loop
     vertex -1.047210e+01 -8.519687e+00  9.200000e+01
     vertex -1.092173e+01 -7.935101e+00  9.200000e+01
     vertex -1.132624e+01 -8.228994e+00  9.066667e+01
   endloop
 endfacet
 facet normal -6.755411e-01 -6.484113e-01  3.510086e-01
   outer loop
     vertex -9.831656e+00 -9.966873e+00  9.066667e+01
     vertex -1.036127e+01 -9.415101e+00  9.066667e+01
     vertex -1.073131e+01 -9.751355e+00  8.933333e+01
   endloop
 endfacet
 facet normal -6.755411e-01 -6.484113e-01  3.510086e-01
   outer loop
     vertex -9.831656e+00 -9.966873e+00  9.066667e+01
     vertex -1.073131e+01 -9.751355e+00  8.933333e+01
     vertex -1.018279e+01 -1.032283e+01  8.933333e+01
   endloop
 endfacet
 facet normal -5.976427e-01 -7.200092e-01  3.527180e-01
   outer loop
     vertex -8.996291e+00 -1.137175e+01  8.933333e+01
     vertex -9.737808e+00 -1.140943e+01  8.800000e+01
     vertex -9.421136e+00 -1.167228e+01  8.800000e+01
   endloop
 endfacet
 facet normal -6.000770e-01 -7.173521e-01  3.539967e-01
   outer loop
     vertex -8.996291e+00 -1.137175e+01  8.933333e+01
     vertex -9.603870e+00 -1.086350e+01  8.933333e+01
     vertex -9.737808e+00 -1.140943e+01  8.800000e+01
   endloop
 endfacet
 facet normal -5.782201e-01 -7.368414e-01  3.503232e-01
   outer loop
     vertex -8.996291e+00 -1.137175e+01  8.933333e+01
     vertex -9.421136e+00 -1.167228e+01  8.800000e+01
     vertex -9.097372e+00 -1.192635e+01  8.800000e+01
   endloop
 endfacet
 facet normal -8.250147e-01 -4.441679e-01  3.493790e-01
   outer loop
     vertex -1.085366e+01 -6.200647e+00  9.466667e+01
     vertex -1.048700e+01 -5.832908e+00  9.600000e+01
     vertex -1.064307e+01 -5.543011e+00  9.600000e+01
   endloop
 endfacet
 facet normal -8.117334e-01 -4.661831e-01  3.517986e-01
   outer loop
     vertex -1.085366e+01 -6.200647e+00  9.466667e+01
     vertex -1.032303e+01 -6.118413e+00  9.600000e+01
     vertex -1.048700e+01 -5.832908e+00  9.600000e+01
   endloop
 endfacet
 facet normal -8.261753e-01 -4.425071e-01  3.487432e-01
   outer loop
     vertex -1.085366e+01 -6.200647e+00  9.466667e+01
     vertex -1.064307e+01 -5.543011e+00  9.600000e+01
     vertex -1.117608e+01 -5.598685e+00  9.466667e+01
   endloop
 endfacet
 facet normal -8.000546e-01 -4.865240e-01  3.510086e-01
   outer loop
     vertex -1.085366e+01 -6.200647e+00  9.466667e+01
     vertex -1.128781e+01 -6.448673e+00  9.333333e+01
     vertex -1.091881e+01 -7.055469e+00  9.333333e+01
   endloop
 endfacet
 facet normal -8.254295e-01 -4.421076e-01  3.510086e-01
   outer loop
     vertex -1.085366e+01 -6.200647e+00  9.466667e+01
     vertex -1.117608e+01 -5.598685e+00  9.466667e+01
     vertex -1.128781e+01 -6.448673e+00  9.333333e+01
   endloop
 endfacet
 facet normal -7.722921e-01 -5.294884e-01  3.510086e-01
   outer loop
     vertex -1.051722e+01 -7.641208e+00  9.333333e+01
     vertex -1.091881e+01 -7.055469e+00  9.333333e+01
     vertex -1.133876e+01 -7.326833e+00  9.200000e+01
   endloop
 endfacet
 facet normal -7.722921e-01 -5.294884e-01  3.510086e-01
   outer loop
     vertex -1.051722e+01 -7.641208e+00  9.333333e+01
     vertex -1.133876e+01 -7.326833e+00  9.200000e+01
     vertex -1.092173e+01 -7.935101e+00  9.200000e+01
   endloop
 endfacet
 facet normal -7.422247e-01 -5.708725e-01  3.510086e-01
   outer loop
     vertex -1.051722e+01 -7.641208e+00  9.333333e+01
     vertex -1.092173e+01 -7.935101e+00  9.200000e+01
     vertex -1.047210e+01 -8.519687e+00  9.200000e+01
   endloop
 endfacet
 facet normal -7.099423e-01 -6.105530e-01  3.510086e-01
   outer loop
     vertex -9.991223e+00 -9.078847e+00  9.200000e+01
     vertex -1.047210e+01 -8.519687e+00  9.200000e+01
     vertex -1.085996e+01 -8.835231e+00  9.066667e+01
   endloop
 endfacet
 facet normal -7.099423e-01 -6.105530e-01  3.510086e-01
   outer loop
     vertex -9.991223e+00 -9.078847e+00  9.200000e+01
     vertex -1.085996e+01 -8.835231e+00  9.066667e+01
     vertex -1.036127e+01 -9.415101e+00  9.066667e+01
   endloop
 endfacet
 facet normal -6.391238e-01 -6.843345e-01  3.510086e-01
   outer loop
     vertex -9.272702e+00 -1.048890e+01  9.066667e+01
     vertex -9.831656e+00 -9.966873e+00  9.066667e+01
     vertex -1.018279e+01 -1.032283e+01  8.933333e+01
   endloop
 endfacet
 facet normal -6.391238e-01 -6.843345e-01  3.510086e-01
   outer loop
     vertex -9.272702e+00 -1.048890e+01  9.066667e+01
     vertex -1.018279e+01 -1.032283e+01  8.933333e+01
     vertex -9.603870e+00 -1.086350e+01  8.933333e+01
   endloop
 endfacet
 facet normal -5.600026e-01 -7.490449e-01  3.540182e-01
   outer loop
     vertex -8.361865e+00 -1.184606e+01  8.933333e+01
     vertex -8.996291e+00 -1.137175e+01  8.933333e+01
     vertex -9.097372e+00 -1.192635e+01  8.800000e+01
   endloop
 endfacet
 facet normal -5.572636e-01 -7.517196e-01  3.526683e-01
   outer loop
     vertex -8.361865e+00 -1.184606e+01  8.933333e+01
     vertex -9.097372e+00 -1.192635e+01  8.800000e+01
     vertex -8.766760e+00 -1.217144e+01  8.800000e+01
   endloop
 endfacet
 facet normal -5.369340e-01 -7.674435e-01  3.503319e-01
   outer loop
     vertex -8.361865e+00 -1.184606e+01  8.933333e+01
     vertex -8.766760e+00 -1.217144e+01  8.800000e+01
     vertex -8.429549e+00 -1.240737e+01  8.800000e+01
   endloop
 endfacet
 facet normal -8.007840e-01 -4.869675e-01  3.487230e-01
   outer loop
     vertex -1.049885e+01 -6.784105e+00  9.466667e+01
     vertex -1.032303e+01 -6.118413e+00  9.600000e+01
     vertex -1.085366e+01 -6.200647e+00  9.466667e+01
   endloop
 endfacet
 facet normal -7.993967e-01 -4.887403e-01  3.494251e-01
   outer loop
     vertex -1.049885e+01 -6.784105e+00  9.466667e+01
     vertex -1.015130e+01 -6.399313e+00  9.600000e+01
     vertex -1.032303e+01 -6.118413e+00  9.600000e+01
   endloop
 endfacet
 facet normal -7.849439e-01 -5.100038e-01  3.517942e-01
   outer loop
     vertex -1.049885e+01 -6.784105e+00  9.466667e+01
     vertex -9.971915e+00 -6.675395e+00  9.600000e+01
     vertex -1.015130e+01 -6.399313e+00  9.600000e+01
   endloop
 endfacet
 facet normal -8.000546e-01 -4.865240e-01  3.510086e-01
   outer loop
     vertex -1.049885e+01 -6.784105e+00  9.466667e+01
     vertex -1.085366e+01 -6.200647e+00  9.466667e+01
     vertex -1.091881e+01 -7.055469e+00  9.333333e+01
   endloop
 endfacet
 facet normal -7.422247e-01 -5.708725e-01  3.510086e-01
   outer loop
     vertex -1.008425e+01 -8.204143e+00  9.333333e+01
     vertex -1.051722e+01 -7.641208e+00  9.333333e+01
     vertex -1.047210e+01 -8.519687e+00  9.200000e+01
   endloop
 endfacet
 facet normal -6.755411e-01 -6.484113e-01  3.510086e-01
   outer loop
     vertex -9.480525e+00 -9.610913e+00  9.200000e+01
     vertex -1.036127e+01 -9.415101e+00  9.066667e+01
     vertex -9.831656e+00 -9.966873e+00  9.066667e+01
   endloop
 endfacet
 facet normal -6.755411e-01 -6.484113e-01  3.510086e-01
   outer loop
     vertex -9.480525e+00 -9.610913e+00  9.200000e+01
     vertex -9.991223e+00 -9.078847e+00  9.200000e+01
     vertex -1.036127e+01 -9.415101e+00  9.066667e+01
   endloop
 endfacet
 facet normal -6.007991e-01 -7.182154e-01  3.510086e-01
   outer loop
     vertex -8.686074e+00 -1.097962e+01  9.066667e+01
     vertex -9.272702e+00 -1.048890e+01  9.066667e+01
     vertex -9.603870e+00 -1.086350e+01  8.933333e+01
   endloop
 endfacet
 facet normal -5.606815e-01 -7.499529e-01  3.510086e-01
   outer loop
     vertex -8.686074e+00 -1.097962e+01  9.066667e+01
     vertex -8.996291e+00 -1.137175e+01  8.933333e+01
     vertex -8.361865e+00 -1.184606e+01  8.933333e+01
   endloop
 endfacet
 facet normal -6.007991e-01 -7.182154e-01  3.510086e-01
   outer loop
     vertex -8.686074e+00 -1.097962e+01  9.066667e+01
     vertex -9.603870e+00 -1.086350e+01  8.933333e+01
     vertex -8.996291e+00 -1.137175e+01  8.933333e+01
   endloop
 endfacet
 facet normal -5.182578e-01 -7.785018e-01  3.540391e-01
   outer loop
     vertex -7.702483e+00 -1.228502e+01  8.933333e+01
     vertex -8.361865e+00 -1.184606e+01  8.933333e+01
     vertex -8.429549e+00 -1.240737e+01  8.800000e+01
   endloop
 endfacet
 facet normal -5.152050e-01 -7.811681e-01  3.526191e-01
   outer loop
     vertex -7.702483e+00 -1.228502e+01  8.933333e+01
     vertex -8.429549e+00 -1.240737e+01  8.800000e+01
     vertex -8.085992e+00 -1.263395e+01  8.800000e+01
   endloop
 endfacet
 facet normal -4.940316e-01 -7.957348e-01  3.503410e-01
   outer loop
     vertex -7.702483e+00 -1.228502e+01  8.933333e+01
     vertex -8.085992e+00 -1.263395e+01  8.800000e+01
     vertex -7.736348e+00 -1.285103e+01  8.800000e+01
   endloop
 endfacet
 facet normal -7.730022e-01 -5.299752e-01  3.487031e-01
   outer loop
     vertex -1.011271e+01 -7.347316e+00  9.466667e+01
     vertex -9.971915e+00 -6.675395e+00  9.600000e+01
     vertex -1.049885e+01 -6.784105e+00  9.466667e+01
   endloop
 endfacet
 facet normal -7.713732e-01 -5.318398e-01  3.494707e-01
   outer loop
     vertex -1.011271e+01 -7.347316e+00  9.466667e+01
     vertex -9.785029e+00 -6.946453e+00  9.600000e+01
     vertex -9.971915e+00 -6.675395e+00  9.600000e+01
   endloop
 endfacet
 facet normal -7.557915e-01 -5.522893e-01  3.517894e-01
   outer loop
     vertex -1.011271e+01 -7.347316e+00  9.466667e+01
     vertex -9.590777e+00 -7.212281e+00  9.600000e+01
     vertex -9.785029e+00 -6.946453e+00  9.600000e+01
   endloop
 endfacet
 facet normal -7.422247e-01 -5.708725e-01  3.510086e-01
   outer loop
     vertex -1.011271e+01 -7.347316e+00  9.466667e+01
     vertex -1.051722e+01 -7.641208e+00  9.333333e+01
     vertex -1.008425e+01 -8.204143e+00  9.333333e+01
   endloop
 endfacet
 facet normal -7.722921e-01 -5.294884e-01  3.510086e-01
   outer loop
     vertex -1.011271e+01 -7.347316e+00  9.466667e+01
     vertex -1.091881e+01 -7.055469e+00  9.333333e+01
     vertex -1.051722e+01 -7.641208e+00  9.333333e+01
   endloop
 endfacet
 facet normal -7.722921e-01 -5.294884e-01  3.510086e-01
   outer loop
     vertex -1.011271e+01 -7.347316e+00  9.466667e+01
     vertex -1.049885e+01 -6.784105e+00  9.466667e+01
     vertex -1.091881e+01 -7.055469e+00  9.333333e+01
   endloop
 endfacet
 facet normal -7.099423e-01 -6.105530e-01  3.510086e-01
   outer loop
     vertex -9.621177e+00 -8.742594e+00  9.333333e+01
     vertex -1.047210e+01 -8.519687e+00  9.200000e+01
     vertex -9.991223e+00 -9.078847e+00  9.200000e+01
   endloop
 endfacet
 facet normal -7.099423e-01 -6.105530e-01  3.510086e-01
   outer loop
     vertex -9.621177e+00 -8.742594e+00  9.333333e+01
     vertex -1.008425e+01 -8.204143e+00  9.333333e+01
     vertex -1.047210e+01 -8.519687e+00  9.200000e+01
   endloop
 endfacet
 facet normal -6.391238e-01 -6.843345e-01  3.510086e-01
   outer loop
     vertex -8.941534e+00 -1.011430e+01  9.200000e+01
     vertex -9.831656e+00 -9.966873e+00  9.066667e+01
     vertex -9.272702e+00 -1.048890e+01  9.066667e+01
   endloop
 endfacet
 facet normal -6.391238e-01 -6.843345e-01  3.510086e-01
   outer loop
     vertex -8.941534e+00 -1.011430e+01  9.200000e+01
     vertex -9.480525e+00 -9.610913e+00  9.200000e+01
     vertex -9.831656e+00 -9.966873e+00  9.066667e+01
   endloop
 endfacet
 facet normal -5.606815e-01 -7.499529e-01  3.510086e-01
   outer loop
     vertex -8.073525e+00 -1.143758e+01  9.066667e+01
     vertex -8.686074e+00 -1.097962e+01  9.066667e+01
     vertex -8.361865e+00 -1.184606e+01  8.933333e+01
   endloop
 endfacet
 facet normal -4.749672e-01 -8.056352e-01  3.540595e-01
   outer loop
     vertex -7.020114e+00 -1.268732e+01  8.933333e+01
     vertex -7.702483e+00 -1.228502e+01  8.933333e+01
     vertex -7.736348e+00 -1.285103e+01  8.800000e+01
   endloop
 endfacet
 facet normal -4.715937e-01 -8.082657e-01  3.525704e-01
   outer loop
     vertex -7.020114e+00 -1.268732e+01  8.933333e+01
     vertex -7.736348e+00 -1.285103e+01  8.800000e+01
     vertex -7.380880e+00 -1.305843e+01  8.800000e+01
   endloop
 endfacet
 facet normal -4.496422e-01 -8.216302e-01  3.503507e-01
   outer loop
     vertex -7.020114e+00 -1.268732e+01  8.933333e+01
     vertex -7.380880e+00 -1.305843e+01  8.800000e+01
     vertex -7.019857e+00 -1.325600e+01  8.800000e+01
   endloop
 endfacet
 facet normal -7.410287e-01 -5.733368e-01  3.495160e-01
   outer loop
     vertex -9.696391e+00 -7.888599e+00  9.466667e+01
     vertex -9.389305e+00 -7.472681e+00  9.600000e+01
     vertex -9.590777e+00 -7.212281e+00  9.600000e+01
   endloop
 endfacet
 facet normal -7.243637e-01 -5.929125e-01  3.517842e-01
   outer loop
     vertex -9.696391e+00 -7.888599e+00  9.466667e+01
     vertex -9.180765e+00 -7.727455e+00  9.600000e+01
     vertex -9.389305e+00 -7.472681e+00  9.600000e+01
   endloop
 endfacet
 facet normal -7.429129e-01 -5.714018e-01  3.486837e-01
   outer loop
     vertex -9.696391e+00 -7.888599e+00  9.466667e+01
     vertex -9.590777e+00 -7.212281e+00  9.600000e+01
     vertex -1.011271e+01 -7.347316e+00  9.466667e+01
   endloop
 endfacet
 facet normal -7.422247e-01 -5.708725e-01  3.510086e-01
   outer loop
     vertex -9.696391e+00 -7.888599e+00  9.466667e+01
     vertex -1.011271e+01 -7.347316e+00  9.466667e+01
     vertex -1.008425e+01 -8.204143e+00  9.333333e+01
   endloop
 endfacet
 facet normal -6.755411e-01 -6.484113e-01  3.510086e-01
   outer loop
     vertex -9.129394e+00 -9.254953e+00  9.333333e+01
     vertex -9.991223e+00 -9.078847e+00  9.200000e+01
     vertex -9.480525e+00 -9.610913e+00  9.200000e+01
   endloop
 endfacet
 facet normal -6.755411e-01 -6.484113e-01  3.510086e-01
   outer loop
     vertex -9.129394e+00 -9.254953e+00  9.333333e+01
     vertex -9.621177e+00 -8.742594e+00  9.333333e+01
     vertex -9.991223e+00 -9.078847e+00  9.200000e+01
   endloop
 endfacet
 facet normal -6.007991e-01 -7.182154e-01  3.510086e-01
   outer loop
     vertex -8.375857e+00 -1.058749e+01  9.200000e+01
     vertex -8.941534e+00 -1.011430e+01  9.200000e+01
     vertex -9.272702e+00 -1.048890e+01  9.066667e+01
   endloop
 endfacet
 facet normal -5.606815e-01 -7.499529e-01  3.510086e-01
   outer loop
     vertex -8.375857e+00 -1.058749e+01  9.200000e+01
     vertex -8.686074e+00 -1.097962e+01  9.066667e+01
     vertex -8.073525e+00 -1.143758e+01  9.066667e+01
   endloop
 endfacet
 facet normal -6.007991e-01 -7.182154e-01  3.510086e-01
   outer loop
     vertex -8.375857e+00 -1.058749e+01  9.200000e+01
     vertex -9.272702e+00 -1.048890e+01  9.066667e+01
     vertex -8.686074e+00 -1.097962e+01  9.066667e+01
   endloop
 endfacet
 facet normal -5.188905e-01 -7.794521e-01  3.510086e-01
   outer loop
     vertex -7.436880e+00 -1.186140e+01  9.066667e+01
     vertex -8.073525e+00 -1.143758e+01  9.066667e+01
     vertex -8.361865e+00 -1.184606e+01  8.933333e+01
   endloop
 endfacet
 facet normal -5.188905e-01 -7.794521e-01  3.510086e-01
   outer loop
     vertex -7.436880e+00 -1.186140e+01  9.066667e+01
     vertex -8.361865e+00 -1.184606e+01  8.933333e+01
     vertex -7.702483e+00 -1.228502e+01  8.933333e+01
   endloop
 endfacet
 facet normal -4.755509e-01 -8.066253e-01  3.510086e-01
   outer loop
     vertex -7.436880e+00 -1.186140e+01  9.066667e+01
     vertex -7.702483e+00 -1.228502e+01  8.933333e+01
     vertex -7.020114e+00 -1.268732e+01  8.933333e+01
   endloop
 endfacet
 facet normal -4.302599e-01 -8.303639e-01  3.540794e-01
   outer loop
     vertex -6.316794e+00 -1.305175e+01  8.933333e+01
     vertex -7.020114e+00 -1.268732e+01  8.933333e+01
     vertex -7.019857e+00 -1.325600e+01  8.800000e+01
   endloop
 endfacet
 facet normal -4.265608e-01 -8.329310e-01  3.525222e-01
   outer loop
     vertex -6.316794e+00 -1.305175e+01  8.933333e+01
     vertex -7.019857e+00 -1.325600e+01  8.800000e+01
     vertex -6.653549e+00 -1.344360e+01  8.800000e+01
   endloop
 endfacet
 facet normal -4.038995e-01 -8.450518e-01  3.503609e-01
   outer loop
     vertex -6.316794e+00 -1.305175e+01  8.933333e+01
     vertex -6.653549e+00 -1.344360e+01  8.800000e+01
     vertex -6.282232e+00 -1.362107e+01  8.800000e+01
   endloop
 endfacet
 facet normal -7.099423e-01 -6.105530e-01  3.510086e-01
   outer loop
     vertex -9.251132e+00 -8.406340e+00  9.466667e+01
     vertex -9.696391e+00 -7.888599e+00  9.466667e+01
     vertex -1.008425e+01 -8.204143e+00  9.333333e+01
   endloop
 endfacet
 facet normal -7.099423e-01 -6.105530e-01  3.510086e-01
   outer loop
     vertex -9.251132e+00 -8.406340e+00  9.466667e+01
     vertex -1.008425e+01 -8.204143e+00  9.333333e+01
     vertex -9.621177e+00 -8.742594e+00  9.333333e+01
   endloop
 endfacet
 facet normal -7.084546e-01 -6.131063e-01  3.495607e-01
   outer loop
     vertex -9.251132e+00 -8.406340e+00  9.466667e+01
     vertex -8.965314e+00 -7.976412e+00  9.600000e+01
     vertex -9.180765e+00 -7.727455e+00  9.600000e+01
   endloop
 endfacet
 facet normal -6.907552e-01 -6.317509e-01  3.517785e-01
   outer loop
     vertex -9.251132e+00 -8.406340e+00  9.466667e+01
     vertex -8.743114e+00 -8.219364e+00  9.600000e+01
     vertex -8.965314e+00 -7.976412e+00  9.600000e+01
   endloop
 endfacet
 facet normal -7.106059e-01 -6.111237e-01  3.486648e-01
   outer loop
     vertex -9.251132e+00 -8.406340e+00  9.466667e+01
     vertex -9.180765e+00 -7.727455e+00  9.600000e+01
     vertex -9.696391e+00 -7.888599e+00  9.466667e+01
   endloop
 endfacet
 facet normal -6.391238e-01 -6.843345e-01  3.510086e-01
   outer loop
     vertex -8.610366e+00 -9.739692e+00  9.333333e+01
     vertex -9.129394e+00 -9.254953e+00  9.333333e+01
     vertex -9.480525e+00 -9.610913e+00  9.200000e+01
   endloop
 endfacet
 facet normal -6.391238e-01 -6.843345e-01  3.510086e-01
   outer loop
     vertex -8.610366e+00 -9.739692e+00  9.333333e+01
     vertex -9.480525e+00 -9.610913e+00  9.200000e+01
     vertex -8.941534e+00 -1.011430e+01  9.200000e+01
   endloop
 endfacet
 facet normal -5.606815e-01 -7.499529e-01  3.510086e-01
   outer loop
     vertex -7.785184e+00 -1.102909e+01  9.200000e+01
     vertex -8.375857e+00 -1.058749e+01  9.200000e+01
     vertex -8.073525e+00 -1.143758e+01  9.066667e+01
   endloop
 endfacet
 facet normal -5.188905e-01 -7.794521e-01  3.510086e-01
   outer loop
     vertex -7.785184e+00 -1.102909e+01  9.200000e+01
     vertex -8.073525e+00 -1.143758e+01  9.066667e+01
     vertex -7.436880e+00 -1.186140e+01  9.066667e+01
   endloop
 endfacet
 facet normal -4.307921e-01 -8.313911e-01  3.510086e-01
   outer loop
     vertex -6.778041e+00 -1.224982e+01  9.066667e+01
     vertex -7.020114e+00 -1.268732e+01  8.933333e+01
     vertex -6.316794e+00 -1.305175e+01  8.933333e+01
   endloop
 endfacet
 facet normal -4.755509e-01 -8.066253e-01  3.510086e-01
   outer loop
     vertex -6.778041e+00 -1.224982e+01  9.066667e+01
     vertex -7.436880e+00 -1.186140e+01  9.066667e+01
     vertex -7.020114e+00 -1.268732e+01  8.933333e+01
   endloop
 endfacet
 facet normal -3.842693e-01 -8.526143e-01  3.540988e-01
   outer loop
     vertex -5.594623e+00 -1.337723e+01  8.933333e+01
     vertex -6.316794e+00 -1.305175e+01  8.933333e+01
     vertex -6.282232e+00 -1.362107e+01  8.800000e+01
   endloop
 endfacet
 facet normal -3.802419e-01 -8.550894e-01  3.524745e-01
   outer loop
     vertex -5.594623e+00 -1.337723e+01  8.933333e+01
     vertex -6.282232e+00 -1.362107e+01  8.800000e+01
     vertex -5.906186e+00 -1.378829e+01  8.800000e+01
   endloop
 endfacet
 facet normal -3.569410e-01 -8.659289e-01  3.503715e-01
   outer loop
     vertex -5.594623e+00 -1.337723e+01  8.933333e+01
     vertex -5.906186e+00 -1.378829e+01  8.800000e+01
     vertex -5.525695e+00 -1.394513e+01  8.800000e+01
   endloop
 endfacet
 facet normal -6.755411e-01 -6.484113e-01  3.510086e-01
   outer loop
     vertex -8.778264e+00 -8.898993e+00  9.466667e+01
     vertex -9.251132e+00 -8.406340e+00  9.466667e+01
     vertex -9.621177e+00 -8.742594e+00  9.333333e+01
   endloop
 endfacet
 facet normal -6.737490e-01 -6.510289e-01  3.496050e-01
   outer loop
     vertex -8.778264e+00 -8.898993e+00  9.466667e+01
     vertex -8.514333e+00 -8.456130e+00  9.600000e+01
     vertex -8.743114e+00 -8.219364e+00  9.600000e+01
   endloop
 endfacet
 facet normal -6.550671e-01 -6.686878e-01  3.517724e-01
   outer loop
     vertex -8.778264e+00 -8.898993e+00  9.466667e+01
     vertex -8.279143e+00 -8.686530e+00  9.600000e+01
     vertex -8.514333e+00 -8.456130e+00  9.600000e+01
   endloop
 endfacet
 facet normal -6.761775e-01 -6.490222e-01  3.486462e-01
   outer loop
     vertex -8.778264e+00 -8.898993e+00  9.466667e+01
     vertex -8.743114e+00 -8.219364e+00  9.600000e+01
     vertex -9.251132e+00 -8.406340e+00  9.466667e+01
   endloop
 endfacet
 facet normal -6.755411e-01 -6.484113e-01  3.510086e-01
   outer loop
     vertex -8.778264e+00 -8.898993e+00  9.466667e+01
     vertex -9.621177e+00 -8.742594e+00  9.333333e+01
     vertex -9.129394e+00 -9.254953e+00  9.333333e+01
   endloop
 endfacet
 facet normal -6.007991e-01 -7.182154e-01  3.510086e-01
   outer loop
     vertex -8.065641e+00 -1.019536e+01  9.333333e+01
     vertex -8.610366e+00 -9.739692e+00  9.333333e+01
     vertex -8.941534e+00 -1.011430e+01  9.200000e+01
   endloop
 endfacet
 facet normal -6.007991e-01 -7.182154e-01  3.510086e-01
   outer loop
     vertex -8.065641e+00 -1.019536e+01  9.333333e+01
     vertex -8.941534e+00 -1.011430e+01  9.200000e+01
     vertex -8.375857e+00 -1.058749e+01  9.200000e+01
   endloop
 endfacet
 facet normal -5.188905e-01 -7.794521e-01  3.510086e-01
   outer loop
     vertex -7.171277e+00 -1.143778e+01  9.200000e+01
     vertex -7.785184e+00 -1.102909e+01  9.200000e+01
     vertex -7.436880e+00 -1.186140e+01  9.066667e+01
   endloop
 endfacet
 facet normal -4.307921e-01 -8.313911e-01  3.510086e-01
   outer loop
     vertex -6.098974e+00 -1.260169e+01  9.066667e+01
     vertex -6.778041e+00 -1.224982e+01  9.066667e+01
     vertex -6.316794e+00 -1.305175e+01  8.933333e+01
   endloop
 endfacet
 facet normal -3.371327e-01 -8.723200e-01  3.541177e-01
   outer loop
     vertex -4.855754e+00 -1.366278e+01  8.933333e+01
     vertex -5.594623e+00 -1.337723e+01  8.933333e+01
     vertex -5.525695e+00 -1.394513e+01  8.800000e+01
   endloop
 endfacet
 facet normal -3.327764e-01 -8.746742e-01  3.524273e-01
   outer loop
     vertex -4.855754e+00 -1.366278e+01  8.933333e+01
     vertex -5.525695e+00 -1.394513e+01  8.800000e+01
     vertex -5.141043e+00 -1.409148e+01  8.800000e+01
   endloop
 endfacet
 facet normal -3.089084e-01 -8.841988e-01  3.503827e-01
   outer loop
     vertex -4.855754e+00 -1.366278e+01  8.933333e+01
     vertex -5.141043e+00 -1.409148e+01  8.800000e+01
     vertex -4.752522e+00 -1.422721e+01  8.800000e+01
   endloop
 endfacet
 facet normal -6.397305e-01 -6.849842e-01  3.486281e-01
   outer loop
     vertex -8.279198e+00 -9.365088e+00  9.466667e+01
     vertex -8.279143e+00 -8.686530e+00  9.600000e+01
     vertex -8.778264e+00 -8.898993e+00  9.466667e+01
   endloop
 endfacet
 facet normal -6.370164e-01 -6.869903e-01  3.496489e-01
   outer loop
     vertex -8.279198e+00 -9.365088e+00  9.466667e+01
     vertex -8.037720e+00 -8.910390e+00  9.600000e+01
     vertex -8.279143e+00 -8.686530e+00  9.600000e+01
   endloop
 endfacet
 facet normal -6.174069e-01 -7.036118e-01  3.517658e-01
   outer loop
     vertex -8.279198e+00 -9.365088e+00  9.466667e+01
     vertex -7.790247e+00 -9.127544e+00  9.600000e+01
     vertex -8.037720e+00 -8.910390e+00  9.600000e+01
   endloop
 endfacet
 facet normal -6.391238e-01 -6.843345e-01  3.510086e-01
   outer loop
     vertex -8.279198e+00 -9.365088e+00  9.466667e+01
     vertex -8.778264e+00 -8.898993e+00  9.466667e+01
     vertex -9.129394e+00 -9.254953e+00  9.333333e+01
   endloop
 endfacet
 facet normal -6.391238e-01 -6.843345e-01  3.510086e-01
   outer loop
     vertex -8.279198e+00 -9.365088e+00  9.466667e+01
     vertex -9.129394e+00 -9.254953e+00  9.333333e+01
     vertex -8.610366e+00 -9.739692e+00  9.333333e+01
   endloop
 endfacet
 facet normal -5.606815e-01 -7.499529e-01  3.510086e-01
   outer loop
     vertex -7.496844e+00 -1.062061e+01  9.333333e+01
     vertex -8.065641e+00 -1.019536e+01  9.333333e+01
     vertex -8.375857e+00 -1.058749e+01  9.200000e+01
   endloop
 endfacet
 facet normal -5.606815e-01 -7.499529e-01  3.510086e-01
   outer loop
     vertex -7.496844e+00 -1.062061e+01  9.333333e+01
     vertex -8.375857e+00 -1.058749e+01  9.200000e+01
     vertex -7.785184e+00 -1.102909e+01  9.200000e+01
   endloop
 endfacet
 facet normal -4.755509e-01 -8.066253e-01  3.510086e-01
   outer loop
     vertex -6.535968e+00 -1.181233e+01  9.200000e+01
     vertex -7.171277e+00 -1.143778e+01  9.200000e+01
     vertex -7.436880e+00 -1.186140e+01  9.066667e+01
   endloop
 endfacet
 facet normal -4.755509e-01 -8.066253e-01  3.510086e-01
   outer loop
     vertex -6.535968e+00 -1.181233e+01  9.200000e+01
     vertex -7.436880e+00 -1.186140e+01  9.066667e+01
     vertex -6.778041e+00 -1.224982e+01  9.066667e+01
   endloop
 endfacet
 facet normal -3.847477e-01 -8.536757e-01  3.510086e-01
   outer loop
     vertex -5.401704e+00 -1.291594e+01  9.066667e+01
     vertex -6.316794e+00 -1.305175e+01  8.933333e+01
     vertex -5.594623e+00 -1.337723e+01  8.933333e+01
   endloop
 endfacet
 facet normal -3.847477e-01 -8.536757e-01  3.510086e-01
   outer loop
     vertex -5.401704e+00 -1.291594e+01  9.066667e+01
     vertex -6.098974e+00 -1.260169e+01  9.066667e+01
     vertex -6.316794e+00 -1.305175e+01  8.933333e+01
   endloop
 endfacet
 facet normal -2.889908e-01 -8.894223e-01  3.541360e-01
   outer loop
     vertex -4.102395e+00 -1.390756e+01  8.933333e+01
     vertex -4.855754e+00 -1.366278e+01  8.933333e+01
     vertex -4.752522e+00 -1.422721e+01  8.800000e+01
   endloop
 endfacet
 facet normal -2.843072e-01 -8.916262e-01  3.523806e-01
   outer loop
     vertex -4.102395e+00 -1.390756e+01  8.933333e+01
     vertex -4.752522e+00 -1.422721e+01  8.800000e+01
     vertex -4.360424e+00 -1.435224e+01  8.800000e+01
   endloop
 endfacet
 facet normal -2.599461e-01 -8.998065e-01  3.503944e-01
   outer loop
     vertex -4.102395e+00 -1.390756e+01  8.933333e+01
     vertex -4.360424e+00 -1.435224e+01  8.800000e+01
     vertex -3.965042e+00 -1.446646e+01  8.800000e+01
   endloop
 endfacet
 facet normal -6.007991e-01 -7.182154e-01  3.510086e-01
   outer loop
     vertex -7.755424e+00 -9.803234e+00  9.466667e+01
     vertex -8.610366e+00 -9.739692e+00  9.333333e+01
     vertex -8.065641e+00 -1.019536e+01  9.333333e+01
   endloop
 endfacet
 facet normal -6.007991e-01 -7.182154e-01  3.510086e-01
   outer loop
     vertex -7.755424e+00 -9.803234e+00  9.466667e+01
     vertex -8.279198e+00 -9.365088e+00  9.466667e+01
     vertex -8.610366e+00 -9.739692e+00  9.333333e+01
   endloop
 endfacet
 facet normal -6.013737e-01 -7.189023e-01  3.486103e-01
   outer loop
     vertex -7.755424e+00 -9.803234e+00  9.466667e+01
     vertex -7.790247e+00 -9.127544e+00  9.600000e+01
     vertex -8.279198e+00 -9.365088e+00  9.466667e+01
   endloop
 endfacet
 facet normal -5.983675e-01 -7.208825e-01  3.496924e-01
   outer loop
     vertex -7.755424e+00 -9.803234e+00  9.466667e+01
     vertex -7.536909e+00 -9.337826e+00  9.600000e+01
     vertex -7.790247e+00 -9.127544e+00  9.600000e+01
   endloop
 endfacet
 facet normal -5.778878e-01 -7.364180e-01  3.517588e-01
   outer loop
     vertex -7.755424e+00 -9.803234e+00  9.466667e+01
     vertex -7.277898e+00 -9.541080e+00  9.600000e+01
     vertex -7.536909e+00 -9.337826e+00  9.600000e+01
   endloop
 endfacet
 facet normal -5.188905e-01 -7.794521e-01  3.510086e-01
   outer loop
     vertex -6.905674e+00 -1.101416e+01  9.333333e+01
     vertex -7.785184e+00 -1.102909e+01  9.200000e+01
     vertex -7.171277e+00 -1.143778e+01  9.200000e+01
   endloop
 endfacet
 facet normal -5.188905e-01 -7.794521e-01  3.510086e-01
   outer loop
     vertex -6.905674e+00 -1.101416e+01  9.333333e+01
     vertex -7.496844e+00 -1.062061e+01  9.333333e+01
     vertex -7.785184e+00 -1.102909e+01  9.200000e+01
   endloop
 endfacet
 facet normal -3.847477e-01 -8.536757e-01  3.510086e-01
   outer loop
     vertex -5.881153e+00 -1.215163e+01  9.200000e+01
     vertex -6.098974e+00 -1.260169e+01  9.066667e+01
     vertex -5.401704e+00 -1.291594e+01  9.066667e+01
   endloop
 endfacet
 facet normal -4.307921e-01 -8.313911e-01  3.510086e-01
   outer loop
     vertex -5.881153e+00 -1.215163e+01  9.200000e+01
     vertex -6.535968e+00 -1.181233e+01  9.200000e+01
     vertex -6.778041e+00 -1.224982e+01  9.066667e+01
   endloop
 endfacet
 facet normal -4.307921e-01 -8.313911e-01  3.510086e-01
   outer loop
     vertex -5.881153e+00 -1.215163e+01  9.200000e+01
     vertex -6.778041e+00 -1.224982e+01  9.066667e+01
     vertex -6.098974e+00 -1.260169e+01  9.066667e+01
   endloop
 endfacet
 facet normal -3.375550e-01 -8.734126e-01  3.510086e-01
   outer loop
     vertex -4.688315e+00 -1.319165e+01  9.066667e+01
     vertex -5.401704e+00 -1.291594e+01  9.066667e+01
     vertex -5.594623e+00 -1.337723e+01  8.933333e+01
   endloop
 endfacet
 facet normal -3.375550e-01 -8.734126e-01  3.510086e-01
   outer loop
     vertex -4.688315e+00 -1.319165e+01  9.066667e+01
     vertex -5.594623e+00 -1.337723e+01  8.933333e+01
     vertex -4.855754e+00 -1.366278e+01  8.933333e+01
   endloop
 endfacet
 facet normal -2.893549e-01 -8.905429e-01  3.510086e-01
   outer loop
     vertex -4.688315e+00 -1.319165e+01  9.066667e+01
     vertex -4.855754e+00 -1.366278e+01  8.933333e+01
     vertex -4.102395e+00 -1.390756e+01  8.933333e+01
   endloop
 endfacet
 facet normal -2.349801e-01 -9.058944e-01  3.523345e-01
   outer loop
     vertex -3.336792e+00 -1.411084e+01  8.933333e+01
     vertex -3.965042e+00 -1.446646e+01  8.800000e+01
     vertex -3.566676e+00 -1.456979e+01  8.800000e+01
   endloop
 endfacet
 facet normal -2.102017e-01 -9.127050e-01  3.504066e-01
   outer loop
     vertex -3.336792e+00 -1.411084e+01  8.933333e+01
     vertex -3.566676e+00 -1.456979e+01  8.800000e+01
     vertex -3.165626e+00 -1.466216e+01  8.800000e+01
   endloop
 endfacet
 facet normal -2.399872e-01 -9.038701e-01  3.541538e-01
   outer loop
     vertex -3.336792e+00 -1.411084e+01  8.933333e+01
     vertex -4.102395e+00 -1.390756e+01  8.933333e+01
     vertex -3.965042e+00 -1.446646e+01  8.800000e+01
   endloop
 endfacet
 facet normal -5.606815e-01 -7.499529e-01  3.510086e-01
   outer loop
     vertex -7.208504e+00 -1.021212e+01  9.466667e+01
     vertex -7.755424e+00 -9.803234e+00  9.466667e+01
     vertex -8.065641e+00 -1.019536e+01  9.333333e+01
   endloop
 endfacet
 facet normal -5.612215e-01 -7.506752e-01  3.485930e-01
   outer loop
     vertex -7.208504e+00 -1.021212e+01  9.466667e+01
     vertex -7.277898e+00 -9.541080e+00  9.600000e+01
     vertex -7.755424e+00 -9.803234e+00  9.466667e+01
   endloop
 endfacet
 facet normal -5.606815e-01 -7.499529e-01  3.510086e-01
   outer loop
     vertex -7.208504e+00 -1.021212e+01  9.466667e+01
     vertex -8.065641e+00 -1.019536e+01  9.333333e+01
     vertex -7.496844e+00 -1.062061e+01  9.333333e+01
   endloop
 endfacet
 facet normal -5.579187e-01 -7.526034e-01  3.497354e-01
   outer loop
     vertex -7.208504e+00 -1.021212e+01  9.466667e+01
     vertex -7.013408e+00 -9.737151e+00  9.600000e+01
     vertex -7.277898e+00 -9.541080e+00  9.600000e+01
   endloop
 endfacet
 facet normal -5.366289e-01 -7.670074e-01  3.517513e-01
   outer loop
     vertex -7.208504e+00 -1.021212e+01  9.466667e+01
     vertex -6.743639e+00 -9.925892e+00  9.600000e+01
     vertex -7.013408e+00 -9.737151e+00  9.600000e+01
   endloop
 endfacet
 facet normal -5.188905e-01 -7.794521e-01  3.510086e-01
   outer loop
     vertex -7.208504e+00 -1.021212e+01  9.466667e+01
     vertex -7.496844e+00 -1.062061e+01  9.333333e+01
     vertex -6.905674e+00 -1.101416e+01  9.333333e+01
   endloop
 endfacet
 facet normal -4.307921e-01 -8.313911e-01  3.510086e-01
   outer loop
     vertex -6.293895e+00 -1.137484e+01  9.333333e+01
     vertex -6.535968e+00 -1.181233e+01  9.200000e+01
     vertex -5.881153e+00 -1.215163e+01  9.200000e+01
   endloop
 endfacet
 facet normal -4.755509e-01 -8.066253e-01  3.510086e-01
   outer loop
     vertex -6.293895e+00 -1.137484e+01  9.333333e+01
     vertex -6.905674e+00 -1.101416e+01  9.333333e+01
     vertex -7.171277e+00 -1.143778e+01  9.200000e+01
   endloop
 endfacet
 facet normal -4.755509e-01 -8.066253e-01  3.510086e-01
   outer loop
     vertex -6.293895e+00 -1.137484e+01  9.333333e+01
     vertex -7.171277e+00 -1.143778e+01  9.200000e+01
     vertex -6.535968e+00 -1.181233e+01  9.200000e+01
   endloop
 endfacet
 facet normal -3.847477e-01 -8.536757e-01  3.510086e-01
   outer loop
     vertex -5.208786e+00 -1.245466e+01  9.200000e+01
     vertex -5.881153e+00 -1.215163e+01  9.200000e+01
     vertex -5.401704e+00 -1.291594e+01  9.066667e+01
   endloop
 endfacet
 facet normal -3.375550e-01 -8.734126e-01  3.510086e-01
   outer loop
     vertex -5.208786e+00 -1.245466e+01  9.200000e+01
     vertex -5.401704e+00 -1.291594e+01  9.066667e+01
     vertex -4.688315e+00 -1.319165e+01  9.066667e+01
   endloop
 endfacet
 facet normal -2.893549e-01 -8.905429e-01  3.510086e-01
   outer loop
     vertex -3.960933e+00 -1.342799e+01  9.066667e+01
     vertex -4.688315e+00 -1.319165e+01  9.066667e+01
     vertex -4.102395e+00 -1.390756e+01  8.933333e+01
   endloop
 endfacet
 facet normal -1.902681e-01 -9.156205e-01  3.541711e-01
   outer loop
     vertex -2.561231e+00 -1.427200e+01  8.933333e+01
     vertex -3.336792e+00 -1.411084e+01  8.933333e+01
     vertex -3.165626e+00 -1.466216e+01  8.800000e+01
   endloop
 endfacet
 facet normal -1.849438e-01 -9.174358e-01  3.522888e-01
   outer loop
     vertex -2.561231e+00 -1.427200e+01  8.933333e+01
     vertex -3.165626e+00 -1.466216e+01  8.800000e+01
     vertex -2.762192e+00 -1.474348e+01  8.800000e+01
   endloop
 endfacet
 facet normal -1.598250e-01 -9.228555e-01  3.504193e-01
   outer loop
     vertex -2.561231e+00 -1.427200e+01  8.933333e+01
     vertex -2.762192e+00 -1.474348e+01  8.800000e+01
     vertex -2.356679e+00 -1.481371e+01  8.800000e+01
   endloop
 endfacet
 facet normal -5.188905e-01 -7.794521e-01  3.510086e-01
   outer loop
     vertex -6.640071e+00 -1.059054e+01  9.466667e+01
     vertex -7.208504e+00 -1.021212e+01  9.466667e+01
     vertex -6.905674e+00 -1.101416e+01  9.333333e+01
   endloop
 endfacet
 facet normal -5.157918e-01 -7.820577e-01  3.497779e-01
   outer loop
     vertex -6.640071e+00 -1.059054e+01  9.466667e+01
     vertex -6.468793e+00 -1.010716e+01  9.600000e+01
     vertex -6.743639e+00 -9.925892e+00  9.600000e+01
   endloop
 endfacet
 facet normal -4.937543e-01 -7.952881e-01  3.517435e-01
   outer loop
     vertex -6.640071e+00 -1.059054e+01  9.466667e+01
     vertex -6.189078e+00 -1.028082e+01  9.600000e+01
     vertex -6.468793e+00 -1.010716e+01  9.600000e+01
   endloop
 endfacet
 facet normal -5.193938e-01 -7.802082e-01  3.485762e-01
   outer loop
     vertex -6.640071e+00 -1.059054e+01  9.466667e+01
     vertex -6.743639e+00 -9.925892e+00  9.600000e+01
     vertex -7.208504e+00 -1.021212e+01  9.466667e+01
   endloop
 endfacet
 facet normal -4.307921e-01 -8.313911e-01  3.510086e-01
   outer loop
     vertex -5.663333e+00 -1.170157e+01  9.333333e+01
     vertex -6.293895e+00 -1.137484e+01  9.333333e+01
     vertex -5.881153e+00 -1.215163e+01  9.200000e+01
   endloop
 endfacet
 facet normal -3.375550e-01 -8.734126e-01  3.510086e-01
   outer loop
     vertex -4.520875e+00 -1.272052e+01  9.200000e+01
     vertex -5.208786e+00 -1.245466e+01  9.200000e+01
     vertex -4.688315e+00 -1.319165e+01  9.066667e+01
   endloop
 endfacet
 facet normal -2.402913e-01 -9.050155e-01  3.510086e-01
   outer loop
     vertex -3.221730e+00 -1.362426e+01  9.066667e+01
     vertex -4.102395e+00 -1.390756e+01  8.933333e+01
     vertex -3.336792e+00 -1.411084e+01  8.933333e+01
   endloop
 endfacet
 facet normal -2.402913e-01 -9.050155e-01  3.510086e-01
   outer loop
     vertex -3.221730e+00 -1.362426e+01  9.066667e+01
     vertex -3.960933e+00 -1.342799e+01  9.066667e+01
     vertex -4.102395e+00 -1.390756e+01  8.933333e+01
   endloop
 endfacet
 facet normal -1.399819e-01 -9.246383e-01  3.541879e-01
   outer loop
     vertex -1.778026e+00 -1.439057e+01  8.933333e+01
     vertex -2.561231e+00 -1.427200e+01  8.933333e+01
     vertex -2.356679e+00 -1.481371e+01  8.800000e+01
   endloop
 endfacet
 facet normal -1.343489e-01 -9.262153e-01  3.522436e-01
   outer loop
     vertex -1.778026e+00 -1.439057e+01  8.933333e+01
     vertex -2.356679e+00 -1.481371e+01  8.800000e+01
     vertex -1.949392e+00 -1.487279e+01  8.800000e+01
   endloop
 endfacet
 facet normal -1.089676e-01 -9.302274e-01  3.504326e-01
   outer loop
     vertex -1.778026e+00 -1.439057e+01  8.933333e+01
     vertex -1.949392e+00 -1.487279e+01  8.800000e+01
     vertex -1.540637e+00 -1.492067e+01  8.800000e+01
   endloop
 endfacet
 facet normal -4.755509e-01 -8.066253e-01  3.510086e-01
   outer loop
     vertex -6.051822e+00 -1.093734e+01  9.466667e+01
     vertex -6.905674e+00 -1.101416e+01  9.333333e+01
     vertex -6.293895e+00 -1.137484e+01  9.333333e+01
   endloop
 endfacet
 facet normal -4.721136e-01 -8.091568e-01  3.498200e-01
   outer loop
     vertex -6.051822e+00 -1.093734e+01  9.466667e+01
     vertex -5.904704e+00 -1.044674e+01  9.600000e+01
     vertex -6.189078e+00 -1.028082e+01  9.600000e+01
   endloop
 endfacet
 facet normal -4.493931e-01 -8.211749e-01  3.517351e-01
   outer loop
     vertex -6.051822e+00 -1.093734e+01  9.466667e+01
     vertex -5.615885e+00 -1.060480e+01  9.600000e+01
     vertex -5.904704e+00 -1.044674e+01  9.600000e+01
   endloop
 endfacet
 facet normal -4.755509e-01 -8.066253e-01  3.510086e-01
   outer loop
     vertex -6.051822e+00 -1.093734e+01  9.466667e+01
     vertex -6.640071e+00 -1.059054e+01  9.466667e+01
     vertex -6.905674e+00 -1.101416e+01  9.333333e+01
   endloop
 endfacet
 facet normal -4.760153e-01 -8.074129e-01  3.485597e-01
   outer loop
     vertex -6.051822e+00 -1.093734e+01  9.466667e+01
     vertex -6.189078e+00 -1.028082e+01  9.600000e+01
     vertex -6.640071e+00 -1.059054e+01  9.466667e+01
   endloop
 endfacet
 facet normal -4.307921e-01 -8.313911e-01  3.510086e-01
   outer loop
     vertex -6.051822e+00 -1.093734e+01  9.466667e+01
     vertex -6.293895e+00 -1.137484e+01  9.333333e+01
     vertex -5.663333e+00 -1.170157e+01  9.333333e+01
   endloop
 endfacet
 facet normal -3.847477e-01 -8.536757e-01  3.510086e-01
   outer loop
     vertex -5.015868e+00 -1.199338e+01  9.333333e+01
     vertex -5.881153e+00 -1.215163e+01  9.200000e+01
     vertex -5.208786e+00 -1.245466e+01  9.200000e+01
   endloop
 endfacet
 facet normal -3.847477e-01 -8.536757e-01  3.510086e-01
   outer loop
     vertex -5.015868e+00 -1.199338e+01  9.333333e+01
     vertex -5.663333e+00 -1.170157e+01  9.333333e+01
     vertex -5.881153e+00 -1.215163e+01  9.200000e+01
   endloop
 endfacet
 facet normal -3.375550e-01 -8.734126e-01  3.510086e-01
   outer loop
     vertex -5.015868e+00 -1.199338e+01  9.333333e+01
     vertex -5.208786e+00 -1.245466e+01  9.200000e+01
     vertex -4.520875e+00 -1.272052e+01  9.200000e+01
   endloop
 endfacet
 facet normal -2.893549e-01 -8.905429e-01  3.510086e-01
   outer loop
     vertex -3.819471e+00 -1.294842e+01  9.200000e+01
     vertex -4.688315e+00 -1.319165e+01  9.066667e+01
     vertex -3.960933e+00 -1.342799e+01  9.066667e+01
   endloop
 endfacet
 facet normal -2.893549e-01 -8.905429e-01  3.510086e-01
   outer loop
     vertex -3.819471e+00 -1.294842e+01  9.200000e+01
     vertex -4.520875e+00 -1.272052e+01  9.200000e+01
     vertex -4.688315e+00 -1.319165e+01  9.066667e+01
   endloop
 endfacet
 facet normal -1.401613e-01 -9.258228e-01  3.510086e-01
   outer loop
     vertex -2.472913e+00 -1.377987e+01  9.066667e+01
     vertex -2.561231e+00 -1.427200e+01  8.933333e+01
     vertex -1.778026e+00 -1.439057e+01  8.933333e+01
   endloop
 endfacet
 facet normal -1.905106e-01 -9.167872e-01  3.510086e-01
   outer loop
     vertex -2.472913e+00 -1.377987e+01  9.066667e+01
     vertex -3.221730e+00 -1.362426e+01  9.066667e+01
     vertex -3.336792e+00 -1.411084e+01  8.933333e+01
   endloop
 endfacet
 facet normal -1.905106e-01 -9.167872e-01  3.510086e-01
   outer loop
     vertex -2.472913e+00 -1.377987e+01  9.066667e+01
     vertex -3.336792e+00 -1.411084e+01  8.933333e+01
     vertex -2.561231e+00 -1.427200e+01  8.933333e+01
   endloop
 endfacet
 facet normal -8.334761e-02 -9.322065e-01  3.521990e-01
   outer loop
     vertex -9.895150e-01 -1.446620e+01  8.933333e+01
     vertex -1.540637e+00 -1.492067e+01  8.800000e+01
     vertex -1.130723e+00 -1.495732e+01  8.800000e+01
   endloop
 endfacet
 facet normal -5.778262e-02 -9.347987e-01  3.504463e-01
   outer loop
     vertex -9.895150e-01 -1.446620e+01  8.933333e+01
     vertex -1.130723e+00 -1.495732e+01  8.800000e+01
     vertex -7.199574e-01 -1.498271e+01  8.800000e+01
   endloop
 endfacet
 facet normal -8.927870e-02 -9.308968e-01  3.542041e-01
   outer loop
     vertex -9.895150e-01 -1.446620e+01  8.933333e+01
     vertex -1.778026e+00 -1.439057e+01  8.933333e+01
     vertex -1.540637e+00 -1.492067e+01  8.800000e+01
   endloop
 endfacet
 facet normal -4.312155e-01 -8.322082e-01  3.485437e-01
   outer loop
     vertex -5.445512e+00 -1.125151e+01  9.466667e+01
     vertex -5.615885e+00 -1.060480e+01  9.600000e+01
     vertex -6.051822e+00 -1.093734e+01  9.466667e+01
   endloop
 endfacet
 facet normal -4.307921e-01 -8.313911e-01  3.510086e-01
   outer loop
     vertex -5.445512e+00 -1.125151e+01  9.466667e+01
     vertex -6.051822e+00 -1.093734e+01  9.466667e+01
     vertex -5.663333e+00 -1.170157e+01  9.333333e+01
   endloop
 endfacet
 facet normal -4.270157e-01 -8.338192e-01  3.498617e-01
   outer loop
     vertex -5.445512e+00 -1.125151e+01  9.466667e+01
     vertex -5.322839e+00 -1.075488e+01  9.600000e+01
     vertex -5.615885e+00 -1.060480e+01  9.600000e+01
   endloop
 endfacet
 facet normal -4.036787e-01 -8.445899e-01  3.517264e-01
   outer loop
     vertex -5.445512e+00 -1.125151e+01  9.466667e+01
     vertex -5.025786e+00 -1.089686e+01  9.600000e+01
     vertex -5.322839e+00 -1.075488e+01  9.600000e+01
   endloop
 endfacet
 facet normal -3.847477e-01 -8.536757e-01  3.510086e-01
   outer loop
     vertex -5.445512e+00 -1.125151e+01  9.466667e+01
     vertex -5.663333e+00 -1.170157e+01  9.333333e+01
     vertex -5.015868e+00 -1.199338e+01  9.333333e+01
   endloop
 endfacet
 facet normal -2.893549e-01 -8.905429e-01  3.510086e-01
   outer loop
     vertex -4.353435e+00 -1.224939e+01  9.333333e+01
     vertex -4.520875e+00 -1.272052e+01  9.200000e+01
     vertex -3.819471e+00 -1.294842e+01  9.200000e+01
   endloop
 endfacet
 facet normal -3.375550e-01 -8.734126e-01  3.510086e-01
   outer loop
     vertex -4.353435e+00 -1.224939e+01  9.333333e+01
     vertex -5.015868e+00 -1.199338e+01  9.333333e+01
     vertex -4.520875e+00 -1.272052e+01  9.200000e+01
   endloop
 endfacet
 facet normal -1.905106e-01 -9.167872e-01  3.510086e-01
   outer loop
     vertex -3.106668e+00 -1.313768e+01  9.200000e+01
     vertex -3.221730e+00 -1.362426e+01  9.066667e+01
     vertex -2.472913e+00 -1.377987e+01  9.066667e+01
   endloop
 endfacet
 facet normal -2.402913e-01 -9.050155e-01  3.510086e-01
   outer loop
     vertex -3.106668e+00 -1.313768e+01  9.200000e+01
     vertex -3.819471e+00 -1.294842e+01  9.200000e+01
     vertex -3.960933e+00 -1.342799e+01  9.066667e+01
   endloop
 endfacet
 facet normal -2.402913e-01 -9.050155e-01  3.510086e-01
   outer loop
     vertex -3.106668e+00 -1.313768e+01  9.200000e+01
     vertex -3.960933e+00 -1.342799e+01  9.066667e+01
     vertex -3.221730e+00 -1.362426e+01  9.066667e+01
   endloop
 endfacet
 facet normal -8.939365e-02 -9.320954e-01  3.510086e-01
   outer loop
     vertex -1.716715e+00 -1.389435e+01  9.066667e+01
     vertex -1.778026e+00 -1.439057e+01  8.933333e+01
     vertex -9.895150e-01 -1.446620e+01  8.933333e+01
   endloop
 endfacet
 facet normal -1.401613e-01 -9.258228e-01  3.510086e-01
   outer loop
     vertex -1.716715e+00 -1.389435e+01  9.066667e+01
     vertex -2.472913e+00 -1.377987e+01  9.066667e+01
     vertex -1.778026e+00 -1.439057e+01  8.933333e+01
   endloop
 endfacet
 facet normal -3.209357e-02 -9.353913e-01  3.521548e-01
   outer loop
     vertex -1.980508e-01 -1.449865e+01  8.933333e+01
     vertex -7.199574e-01 -1.498271e+01  8.800000e+01
     vertex -3.086500e-01 -1.499682e+01  8.800000e+01
   endloop
 endfacet
 facet normal -6.424284e-03 -9.365555e-01  3.504605e-01
   outer loop
     vertex -1.980508e-01 -1.449865e+01  8.933333e+01
     vertex -3.086500e-01 -1.499682e+01  8.800000e+01
     vertex  1.028898e-01 -1.499965e+01  8.800000e+01
   endloop
 endfacet
 facet normal -3.830969e-02 -9.343772e-01  3.542198e-01
   outer loop
     vertex -1.980508e-01 -1.449865e+01  8.933333e+01
     vertex -9.895150e-01 -1.446620e+01  8.933333e+01
     vertex -7.199574e-01 -1.498271e+01  8.800000e+01
   endloop
 endfacet
 facet normal -3.851282e-01 -8.545200e-01  3.485281e-01
   outer loop
     vertex -4.822950e+00 -1.153209e+01  9.466667e+01
     vertex -5.025786e+00 -1.089686e+01  9.600000e+01
     vertex -5.445512e+00 -1.125151e+01  9.466667e+01
   endloop
 endfacet
 facet normal -3.806338e-01 -8.559707e-01  3.499030e-01
   outer loop
     vertex -4.822950e+00 -1.153209e+01  9.466667e+01
     vertex -4.724949e+00 -1.103063e+01  9.600000e+01
     vertex -5.025786e+00 -1.089686e+01  9.600000e+01
   endloop
 endfacet
 facet normal -3.567488e-01 -8.654625e-01  3.517172e-01
   outer loop
     vertex -4.822950e+00 -1.153209e+01  9.466667e+01
     vertex -4.420556e+00 -1.115611e+01  9.600000e+01
     vertex -4.724949e+00 -1.103063e+01  9.600000e+01
   endloop
 endfacet
 facet normal -3.847477e-01 -8.536757e-01  3.510086e-01
   outer loop
     vertex -4.822950e+00 -1.153209e+01  9.466667e+01
     vertex -5.445512e+00 -1.125151e+01  9.466667e+01
     vertex -5.015868e+00 -1.199338e+01  9.333333e+01
   endloop
 endfacet
 facet normal -2.893549e-01 -8.905429e-01  3.510086e-01
   outer loop
     vertex -3.678009e+00 -1.246885e+01  9.333333e+01
     vertex -4.353435e+00 -1.224939e+01  9.333333e+01
     vertex -3.819471e+00 -1.294842e+01  9.200000e+01
   endloop
 endfacet
 facet normal -2.402913e-01 -9.050155e-01  3.510086e-01
   outer loop
     vertex -3.678009e+00 -1.246885e+01  9.333333e+01
     vertex -3.819471e+00 -1.294842e+01  9.200000e+01
     vertex -3.106668e+00 -1.313768e+01  9.200000e+01
   endloop
 endfacet
 facet normal -1.905106e-01 -9.167872e-01  3.510086e-01
   outer loop
     vertex -2.384594e+00 -1.328773e+01  9.200000e+01
     vertex -3.106668e+00 -1.313768e+01  9.200000e+01
     vertex -2.472913e+00 -1.377987e+01  9.066667e+01
   endloop
 endfacet
 facet normal -8.939365e-02 -9.320954e-01  3.510086e-01
   outer loop
     vertex -9.553938e-01 -1.396736e+01  9.066667e+01
     vertex -1.716715e+00 -1.389435e+01  9.066667e+01
     vertex -9.895150e-01 -1.446620e+01  8.933333e+01
   endloop
 endfacet
 facet normal  1.925890e-02 -9.357600e-01  3.521112e-01
   outer loop
     vertex  5.940045e-01 -1.448783e+01  8.933333e+01
     vertex  1.028898e-01 -1.499965e+01  8.800000e+01
     vertex  5.143521e-01 -1.499118e+01  8.800000e+01
   endloop
 endfacet
 facet normal  4.495280e-02 -9.354926e-01  3.504753e-01
   outer loop
     vertex  5.940045e-01 -1.448783e+01  8.933333e+01
     vertex  5.143521e-01 -1.499118e+01  8.800000e+01
     vertex  9.254272e-01 -1.497143e+01  8.800000e+01
   endloop
 endfacet
 facet normal  1.277300e-02 -9.350692e-01  3.542350e-01
   outer loop
     vertex  5.940045e-01 -1.448783e+01  8.933333e+01
     vertex -1.980508e-01 -1.449865e+01  8.933333e+01
     vertex  1.028898e-01 -1.499965e+01  8.800000e+01
   endloop
 endfacet
 facet normal -3.375550e-01 -8.734126e-01  3.510086e-01
   outer loop
     vertex -4.185995e+00 -1.177826e+01  9.466667e+01
     vertex -5.015868e+00 -1.199338e+01  9.333333e+01
     vertex -4.353435e+00 -1.224939e+01  9.333333e+01
   endloop
 endfacet
 facet normal -3.375550e-01 -8.734126e-01  3.510086e-01
   outer loop
     vertex -4.185995e+00 -1.177826e+01  9.466667e+01
     vertex -4.822950e+00 -1.153209e+01  9.466667e+01
     vertex -5.015868e+00 -1.199338e+01  9.333333e+01
   endloop
 endfacet
 facet normal -3.378909e-01 -8.742817e-01  3.485129e-01
   outer loop
     vertex -4.185995e+00 -1.177826e+01  9.466667e+01
     vertex -4.420556e+00 -1.115611e+01  9.600000e+01
     vertex -4.822950e+00 -1.153209e+01  9.466667e+01
   endloop
 endfacet
 facet normal -3.331076e-01 -8.755448e-01  3.499438e-01
   outer loop
     vertex -4.185995e+00 -1.177826e+01  9.466667e+01
     vertex -4.112835e+00 -1.127318e+01  9.600000e+01
     vertex -4.420556e+00 -1.115611e+01  9.600000e+01
   endloop
 endfacet
 facet normal -3.087446e-01 -8.837299e-01  3.517076e-01
   outer loop
     vertex -4.185995e+00 -1.177826e+01  9.466667e+01
     vertex -3.802018e+00 -1.138177e+01  9.600000e+01
     vertex -4.112835e+00 -1.127318e+01  9.600000e+01
   endloop
 endfacet
 facet normal -2.402913e-01 -9.050155e-01  3.510086e-01
   outer loop
     vertex -2.991607e+00 -1.265110e+01  9.333333e+01
     vertex -3.678009e+00 -1.246885e+01  9.333333e+01
     vertex -3.106668e+00 -1.313768e+01  9.200000e+01
   endloop
 endfacet
 facet normal -1.905106e-01 -9.167872e-01  3.510086e-01
   outer loop
     vertex -2.991607e+00 -1.265110e+01  9.333333e+01
     vertex -3.106668e+00 -1.313768e+01  9.200000e+01
     vertex -2.384594e+00 -1.328773e+01  9.200000e+01
   endloop
 endfacet
 facet normal -8.939365e-02 -9.320954e-01  3.510086e-01
   outer loop
     vertex -1.655404e+00 -1.339812e+01  9.200000e+01
     vertex -1.716715e+00 -1.389435e+01  9.066667e+01
     vertex -9.553938e-01 -1.396736e+01  9.066667e+01
   endloop
 endfacet
 facet normal -1.401613e-01 -9.258228e-01  3.510086e-01
   outer loop
     vertex -1.655404e+00 -1.339812e+01  9.200000e+01
     vertex -2.384594e+00 -1.328773e+01  9.200000e+01
     vertex -2.472913e+00 -1.377987e+01  9.066667e+01
   endloop
 endfacet
 facet normal -1.401613e-01 -9.258228e-01  3.510086e-01
   outer loop
     vertex -1.655404e+00 -1.339812e+01  9.200000e+01
     vertex -2.472913e+00 -1.377987e+01  9.066667e+01
     vertex -1.716715e+00 -1.389435e+01  9.066667e+01
   endloop
 endfacet
 facet normal -3.835926e-02 -9.355862e-01  3.510086e-01
   outer loop
     vertex -1.912214e-01 -1.399869e+01  9.066667e+01
     vertex -9.895150e-01 -1.446620e+01  8.933333e+01
     vertex -1.980508e-01 -1.449865e+01  8.933333e+01
   endloop
 endfacet
 facet normal -3.835926e-02 -9.355862e-01  3.510086e-01
   outer loop
     vertex -1.912214e-01 -1.399869e+01  9.066667e+01
     vertex -9.553938e-01 -1.396736e+01  9.066667e+01
     vertex -9.895150e-01 -1.446620e+01  8.933333e+01
   endloop
 endfacet
 facet normal  7.055518e-02 -9.333113e-01  3.520680e-01
   outer loop
     vertex  1.384287e+00 -1.443377e+01  8.933333e+01
     vertex  9.254272e-01 -1.497143e+01  8.800000e+01
     vertex  1.335806e+00 -1.494040e+01  8.800000e+01
   endloop
 endfacet
 facet normal  9.619392e-02 -9.316132e-01  3.504905e-01
   outer loop
     vertex  1.384287e+00 -1.443377e+01  8.933333e+01
     vertex  1.335806e+00 -1.494040e+01  8.800000e+01
     vertex  1.745179e+00 -1.489813e+01  8.800000e+01
   endloop
 endfacet
 facet normal  6.381695e-02 -9.329708e-01  3.542497e-01
   outer loop
     vertex  1.384287e+00 -1.443377e+01  8.933333e+01
     vertex  5.940045e-01 -1.448783e+01  8.933333e+01
     vertex  9.254272e-01 -1.497143e+01  8.800000e+01
   endloop
 endfacet
 facet normal -2.893549e-01 -8.905429e-01  3.510086e-01
   outer loop
     vertex -3.536547e+00 -1.198928e+01  9.466667e+01
     vertex -4.185995e+00 -1.177826e+01  9.466667e+01
     vertex -4.353435e+00 -1.224939e+01  9.333333e+01
   endloop
 endfacet
 facet normal -2.893549e-01 -8.905429e-01  3.510086e-01
   outer loop
     vertex -3.536547e+00 -1.198928e+01  9.466667e+01
     vertex -4.353435e+00 -1.224939e+01  9.333333e+01
     vertex -3.678009e+00 -1.246885e+01  9.333333e+01
   endloop
 endfacet
 facet normal -2.402913e-01 -9.050155e-01  3.510086e-01
   outer loop
     vertex -3.536547e+00 -1.198928e+01  9.466667e+01
     vertex -3.678009e+00 -1.246885e+01  9.333333e+01
     vertex -2.991607e+00 -1.265110e+01  9.333333e+01
   endloop
 endfacet
 facet normal -2.845802e-01 -8.924826e-01  3.499841e-01
   outer loop
     vertex -3.536547e+00 -1.198928e+01  9.466667e+01
     vertex -3.488339e+00 -1.148179e+01  9.600000e+01
     vertex -3.802018e+00 -1.138177e+01  9.600000e+01
   endloop
 endfacet
 facet normal -2.598105e-01 -8.993372e-01  3.516975e-01
   outer loop
     vertex -3.536547e+00 -1.198928e+01  9.466667e+01
     vertex -3.172034e+00 -1.157317e+01  9.600000e+01
     vertex -3.488339e+00 -1.148179e+01  9.600000e+01
   endloop
 endfacet
 facet normal -2.896446e-01 -8.914343e-01  3.484981e-01
   outer loop
     vertex -3.536547e+00 -1.198928e+01  9.466667e+01
     vertex -3.802018e+00 -1.138177e+01  9.600000e+01
     vertex -4.185995e+00 -1.177826e+01  9.466667e+01
   endloop
 endfacet
 facet normal -1.905106e-01 -9.167872e-01  3.510086e-01
   outer loop
     vertex -2.296276e+00 -1.279559e+01  9.333333e+01
     vertex -2.991607e+00 -1.265110e+01  9.333333e+01
     vertex -2.384594e+00 -1.328773e+01  9.200000e+01
   endloop
 endfacet
 facet normal -3.835926e-02 -9.355862e-01  3.510086e-01
   outer loop
     vertex -9.212726e-01 -1.346853e+01  9.200000e+01
     vertex -9.553938e-01 -1.396736e+01  9.066667e+01
     vertex -1.912214e-01 -1.399869e+01  9.066667e+01
   endloop
 endfacet
 facet normal -8.939365e-02 -9.320954e-01  3.510086e-01
   outer loop
     vertex -9.212726e-01 -1.346853e+01  9.200000e+01
     vertex -1.655404e+00 -1.339812e+01  9.200000e+01
     vertex -9.553938e-01 -1.396736e+01  9.066667e+01
   endloop
 endfacet
 facet normal  1.278960e-02 -9.362849e-01  3.510086e-01
   outer loop
     vertex  5.735216e-01 -1.398825e+01  9.066667e+01
     vertex -1.980508e-01 -1.449865e+01  8.933333e+01
     vertex  5.940045e-01 -1.448783e+01  8.933333e+01
   endloop
 endfacet
 facet normal  1.278960e-02 -9.362849e-01  3.510086e-01
   outer loop
     vertex  5.735216e-01 -1.398825e+01  9.066667e+01
     vertex -1.912214e-01 -1.399869e+01  9.066667e+01
     vertex -1.980508e-01 -1.449865e+01  8.933333e+01
   endloop
 endfacet
 facet normal  1.216408e-01 -9.280526e-01  3.520254e-01
   outer loop
     vertex  2.170438e+00 -1.433664e+01  8.933333e+01
     vertex  1.745179e+00 -1.489813e+01  8.800000e+01
     vertex  2.153238e+00 -1.484465e+01  8.800000e+01
   endloop
 endfacet
 facet normal  1.471448e-01 -9.249290e-01  3.505063e-01
   outer loop
     vertex  2.170438e+00 -1.433664e+01  8.933333e+01
     vertex  2.153238e+00 -1.484465e+01  8.800000e+01
     vertex  2.559676e+00 -1.477999e+01  8.800000e+01
   endloop
 endfacet
 facet normal  1.146699e-01 -9.280883e-01  3.542638e-01
   outer loop
     vertex  2.170438e+00 -1.433664e+01  8.933333e+01
     vertex  1.384287e+00 -1.443377e+01  8.933333e+01
     vertex  1.745179e+00 -1.489813e+01  8.800000e+01
   endloop
 endfacet
 facet normal -2.405332e-01 -9.059265e-01  3.484838e-01
   outer loop
     vertex -2.876545e+00 -1.216452e+01  9.466667e+01
     vertex -3.172034e+00 -1.157317e+01  9.600000e+01
     vertex -3.536547e+00 -1.198928e+01  9.466667e+01
   endloop
 endfacet
 facet normal -1.905106e-01 -9.167872e-01  3.510086e-01
   outer loop
     vertex -2.876545e+00 -1.216452e+01  9.466667e+01
     vertex -2.991607e+00 -1.265110e+01  9.333333e+01
     vertex -2.296276e+00 -1.279559e+01  9.333333e+01
   endloop
 endfacet
 facet normal -2.351977e-01 -9.067333e-01  3.500240e-01
   outer loop
     vertex -2.876545e+00 -1.216452e+01  9.466667e+01
     vertex -2.853341e+00 -1.165583e+01  9.600000e+01
     vertex -3.172034e+00 -1.157317e+01  9.600000e+01
   endloop
 endfacet
 facet normal -2.100940e-01 -9.122372e-01  3.516870e-01
   outer loop
     vertex -2.876545e+00 -1.216452e+01  9.466667e+01
     vertex -2.532501e+00 -1.172972e+01  9.600000e+01
     vertex -2.853341e+00 -1.165583e+01  9.600000e+01
   endloop
 endfacet
 facet normal -2.402913e-01 -9.050155e-01  3.510086e-01
   outer loop
     vertex -2.876545e+00 -1.216452e+01  9.466667e+01
     vertex -3.536547e+00 -1.198928e+01  9.466667e+01
     vertex -2.991607e+00 -1.265110e+01  9.333333e+01
   endloop
 endfacet
 facet normal -1.401613e-01 -9.258228e-01  3.510086e-01
   outer loop
     vertex -1.594092e+00 -1.290189e+01  9.333333e+01
     vertex -2.384594e+00 -1.328773e+01  9.200000e+01
     vertex -1.655404e+00 -1.339812e+01  9.200000e+01
   endloop
 endfacet
 facet normal -1.401613e-01 -9.258228e-01  3.510086e-01
   outer loop
     vertex -1.594092e+00 -1.290189e+01  9.333333e+01
     vertex -2.296276e+00 -1.279559e+01  9.333333e+01
     vertex -2.384594e+00 -1.328773e+01  9.200000e+01
   endloop
 endfacet
 facet normal -3.835926e-02 -9.355862e-01  3.510086e-01
   outer loop
     vertex -1.843921e-01 -1.349874e+01  9.200000e+01
     vertex -9.212726e-01 -1.346853e+01  9.200000e+01
     vertex -1.912214e-01 -1.399869e+01  9.066667e+01
   endloop
 endfacet
 facet normal  1.278960e-02 -9.362849e-01  3.510086e-01
   outer loop
     vertex -1.843921e-01 -1.349874e+01  9.200000e+01
     vertex -1.912214e-01 -1.399869e+01  9.066667e+01
     vertex  5.735216e-01 -1.398825e+01  9.066667e+01
   endloop
 endfacet
 facet normal  6.390030e-02 -9.341893e-01  3.510086e-01
   outer loop
     vertex  1.336553e+00 -1.393605e+01  9.066667e+01
     vertex  5.940045e-01 -1.448783e+01  8.933333e+01
     vertex  1.384287e+00 -1.443377e+01  8.933333e+01
   endloop
 endfacet
 facet normal  1.148203e-01 -9.293058e-01  3.510086e-01
   outer loop
     vertex  1.336553e+00 -1.393605e+01  9.066667e+01
     vertex  1.384287e+00 -1.443377e+01  8.933333e+01
     vertex  2.170438e+00 -1.433664e+01  8.933333e+01
   endloop
 endfacet
 facet normal  6.390030e-02 -9.341893e-01  3.510086e-01
   outer loop
     vertex  1.336553e+00 -1.393605e+01  9.066667e+01
     vertex  5.735216e-01 -1.398825e+01  9.066667e+01
     vertex  5.940045e-01 -1.448783e+01  8.933333e+01
   endloop
 endfacet
 facet normal  1.723619e-01 -9.199995e-01  3.519833e-01
   outer loop
     vertex  2.950112e+00 -1.419672e+01  8.933333e+01
     vertex  2.559676e+00 -1.477999e+01  8.800000e+01
     vertex  2.964188e+00 -1.470420e+01  8.800000e+01
   endloop
 endfacet
 facet normal  1.976520e-01 -9.154603e-01  3.505226e-01
   outer loop
     vertex  2.950112e+00 -1.419672e+01  8.933333e+01
     vertex  2.964188e+00 -1.470420e+01  8.800000e+01
     vertex  3.366468e+00 -1.461735e+01  8.800000e+01
   endloop
 endfacet
 facet normal  1.651800e-01 -9.204363e-01  3.542774e-01
   outer loop
     vertex  2.950112e+00 -1.419672e+01  8.933333e+01
     vertex  2.170438e+00 -1.433664e+01  8.933333e+01
     vertex  2.559676e+00 -1.477999e+01  8.800000e+01
   endloop
 endfacet
 facet normal -1.851088e-01 -9.182539e-01  3.500635e-01
   outer loop
     vertex -2.207958e+00 -1.230345e+01  9.466667e+01
     vertex -2.209754e+00 -1.179479e+01  9.600000e+01
     vertex -2.532501e+00 -1.172972e+01  9.600000e+01
   endloop
 endfacet
 facet normal -1.597446e-01 -9.223913e-01  3.516760e-01
   outer loop
     vertex -2.207958e+00 -1.230345e+01  9.466667e+01
     vertex -1.885343e+00 -1.185097e+01  9.600000e+01
     vertex -2.209754e+00 -1.179479e+01  9.600000e+01
   endloop
 endfacet
 facet normal -1.907034e-01 -9.177151e-01  3.484699e-01
   outer loop
     vertex -2.207958e+00 -1.230345e+01  9.466667e+01
     vertex -2.532501e+00 -1.172972e+01  9.600000e+01
     vertex -2.876545e+00 -1.216452e+01  9.466667e+01
   endloop
 endfacet
 facet normal -1.905106e-01 -9.167872e-01  3.510086e-01
   outer loop
     vertex -2.207958e+00 -1.230345e+01  9.466667e+01
     vertex -2.876545e+00 -1.216452e+01  9.466667e+01
     vertex -2.296276e+00 -1.279559e+01  9.333333e+01
   endloop
 endfacet
 facet normal -8.939365e-02 -9.320954e-01  3.510086e-01
   outer loop
     vertex -8.871514e-01 -1.296969e+01  9.333333e+01
     vertex -1.655404e+00 -1.339812e+01  9.200000e+01
     vertex -9.212726e-01 -1.346853e+01  9.200000e+01
   endloop
 endfacet
 facet normal -3.835926e-02 -9.355862e-01  3.510086e-01
   outer loop
     vertex -8.871514e-01 -1.296969e+01  9.333333e+01
     vertex -9.212726e-01 -1.346853e+01  9.200000e+01
     vertex -1.843921e-01 -1.349874e+01  9.200000e+01
   endloop
 endfacet
 facet normal -8.939365e-02 -9.320954e-01  3.510086e-01
   outer loop
     vertex -8.871514e-01 -1.296969e+01  9.333333e+01
     vertex -1.594092e+00 -1.290189e+01  9.333333e+01
     vertex -1.655404e+00 -1.339812e+01  9.200000e+01
   endloop
 endfacet
 facet normal  1.278960e-02 -9.362849e-01  3.510086e-01
   outer loop
     vertex  5.530387e-01 -1.348867e+01  9.200000e+01
     vertex -1.843921e-01 -1.349874e+01  9.200000e+01
     vertex  5.735216e-01 -1.398825e+01  9.066667e+01
   endloop
 endfacet
 facet normal  1.148203e-01 -9.293058e-01  3.510086e-01
   outer loop
     vertex  2.095596e+00 -1.384227e+01  9.066667e+01
     vertex  1.336553e+00 -1.393605e+01  9.066667e+01
     vertex  2.170438e+00 -1.433664e+01  8.933333e+01
   endloop
 endfacet
 facet normal  2.225658e-01 -9.091763e-01  3.519417e-01
   outer loop
     vertex  3.720982e+00 -1.401443e+01  8.933333e+01
     vertex  3.366468e+00 -1.461735e+01  8.800000e+01
     vertex  3.766214e+00 -1.451949e+01  8.800000e+01
   endloop
 endfacet
 facet normal  2.475635e-01 -9.032356e-01  3.505394e-01
   outer loop
     vertex  3.720982e+00 -1.401443e+01  8.933333e+01
     vertex  3.766214e+00 -1.451949e+01  8.800000e+01
     vertex  4.163125e+00 -1.441070e+01  8.800000e+01
   endloop
 endfacet
 facet normal  2.151967e-01 -9.100377e-01  3.542905e-01
   outer loop
     vertex  3.720982e+00 -1.401443e+01  8.933333e+01
     vertex  2.950112e+00 -1.419672e+01  8.933333e+01
     vertex  3.366468e+00 -1.461735e+01  8.800000e+01
   endloop
 endfacet
 facet normal -1.401613e-01 -9.258228e-01  3.510086e-01
   outer loop
     vertex -1.532781e+00 -1.240567e+01  9.466667e+01
     vertex -2.296276e+00 -1.279559e+01  9.333333e+01
     vertex -1.594092e+00 -1.290189e+01  9.333333e+01
   endloop
 endfacet
 facet normal -1.344642e-01 -9.270100e-01  3.501025e-01
   outer loop
     vertex -1.532781e+00 -1.240567e+01  9.466667e+01
     vertex -1.559513e+00 -1.189823e+01  9.600000e+01
     vertex -1.885343e+00 -1.185097e+01  9.600000e+01
   endloop
 endfacet
 facet normal -1.089138e-01 -9.297687e-01  3.516647e-01
   outer loop
     vertex -1.532781e+00 -1.240567e+01  9.466667e+01
     vertex -1.232510e+00 -1.193654e+01  9.600000e+01
     vertex -1.559513e+00 -1.189823e+01  9.600000e+01
   endloop
 endfacet
 facet normal -1.401613e-01 -9.258228e-01  3.510086e-01
   outer loop
     vertex -1.532781e+00 -1.240567e+01  9.466667e+01
     vertex -2.207958e+00 -1.230345e+01  9.466667e+01
     vertex -2.296276e+00 -1.279559e+01  9.333333e+01
   endloop
 endfacet
 facet normal -8.939365e-02 -9.320954e-01  3.510086e-01
   outer loop
     vertex -1.532781e+00 -1.240567e+01  9.466667e+01
     vertex -1.594092e+00 -1.290189e+01  9.333333e+01
     vertex -8.871514e-01 -1.296969e+01  9.333333e+01
   endloop
 endfacet
 facet normal -1.403039e-01 -9.267648e-01  3.484564e-01
   outer loop
     vertex -1.532781e+00 -1.240567e+01  9.466667e+01
     vertex -1.885343e+00 -1.185097e+01  9.600000e+01
     vertex -2.207958e+00 -1.230345e+01  9.466667e+01
   endloop
 endfacet
 facet normal -3.835926e-02 -9.355862e-01  3.510086e-01
   outer loop
     vertex -1.775628e-01 -1.299879e+01  9.333333e+01
     vertex -8.871514e-01 -1.296969e+01  9.333333e+01
     vertex -1.843921e-01 -1.349874e+01  9.200000e+01
   endloop
 endfacet
 facet normal  6.390030e-02 -9.341893e-01  3.510086e-01
   outer loop
     vertex  1.288819e+00 -1.343834e+01  9.200000e+01
     vertex  5.735216e-01 -1.398825e+01  9.066667e+01
     vertex  1.336553e+00 -1.393605e+01  9.066667e+01
   endloop
 endfacet
 facet normal  6.390030e-02 -9.341893e-01  3.510086e-01
   outer loop
     vertex  1.288819e+00 -1.343834e+01  9.200000e+01
     vertex  5.530387e-01 -1.348867e+01  9.200000e+01
     vertex  5.735216e-01 -1.398825e+01  9.066667e+01
   endloop
 endfacet
 facet normal  1.653976e-01 -9.216489e-01  3.510086e-01
   outer loop
     vertex  2.848384e+00 -1.370718e+01  9.066667e+01
     vertex  2.095596e+00 -1.384227e+01  9.066667e+01
     vertex  2.170438e+00 -1.433664e+01  8.933333e+01
   endloop
 endfacet
 facet normal  1.653976e-01 -9.216489e-01  3.510086e-01
   outer loop
     vertex  2.848384e+00 -1.370718e+01  9.066667e+01
     vertex  2.170438e+00 -1.433664e+01  8.933333e+01
     vertex  2.950112e+00 -1.419672e+01  8.933333e+01
   endloop
 endfacet
 facet normal  2.154813e-01 -9.112413e-01  3.510086e-01
   outer loop
     vertex  2.848384e+00 -1.370718e+01  9.066667e+01
     vertex  2.950112e+00 -1.419672e+01  8.933333e+01
     vertex  3.720982e+00 -1.401443e+01  8.933333e+01
   endloop
 endfacet
 facet normal  2.645707e-01 -8.969234e-01  3.543031e-01
   outer loop
     vertex  4.480746e+00 -1.379032e+01  8.933333e+01
     vertex  3.720982e+00 -1.401443e+01  8.933333e+01
     vertex  4.163125e+00 -1.441070e+01  8.800000e+01
   endloop
 endfacet
 facet normal  2.721013e-01 -8.956154e-01  3.519005e-01
   outer loop
     vertex  4.480746e+00 -1.379032e+01  8.933333e+01
     vertex  4.163125e+00 -1.441070e+01  8.800000e+01
     vertex  4.556902e+00 -1.429107e+01  8.800000e+01
   endloop
 endfacet
 facet normal  2.967290e-01 -8.882916e-01  3.505567e-01
   outer loop
     vertex  4.480746e+00 -1.379032e+01  8.933333e+01
     vertex  4.556902e+00 -1.429107e+01  8.800000e+01
     vertex  4.947248e+00 -1.416068e+01  8.800000e+01
   endloop
 endfacet
 facet normal -8.939365e-02 -9.320954e-01  3.510086e-01
   outer loop
     vertex -8.530302e-01 -1.247086e+01  9.466667e+01
     vertex -1.532781e+00 -1.240567e+01  9.466667e+01
     vertex -8.871514e-01 -1.296969e+01  9.333333e+01
   endloop
 endfacet
 facet normal -8.341634e-02 -9.329753e-01  3.501411e-01
   outer loop
     vertex -8.530302e-01 -1.247086e+01  9.466667e+01
     vertex -9.045783e-01 -1.196586e+01  9.600000e+01
     vertex -1.232510e+00 -1.193654e+01  9.600000e+01
   endloop
 endfacet
 facet normal -5.775471e-02 -9.343472e-01  3.516528e-01
   outer loop
     vertex -8.530302e-01 -1.247086e+01  9.466667e+01
     vertex -5.759659e-01 -1.198617e+01  9.600000e+01
     vertex -9.045783e-01 -1.196586e+01  9.600000e+01
   endloop
 endfacet
 facet normal -3.835926e-02 -9.355862e-01  3.510086e-01
   outer loop
     vertex -8.530302e-01 -1.247086e+01  9.466667e+01
     vertex -8.871514e-01 -1.296969e+01  9.333333e+01
     vertex -1.775628e-01 -1.299879e+01  9.333333e+01
   endloop
 endfacet
 facet normal -8.948508e-02 -9.330486e-01  3.484433e-01
   outer loop
     vertex -8.530302e-01 -1.247086e+01  9.466667e+01
     vertex -1.232510e+00 -1.193654e+01  9.600000e+01
     vertex -1.532781e+00 -1.240567e+01  9.466667e+01
   endloop
 endfacet
 facet normal  1.278960e-02 -9.362849e-01  3.510086e-01
   outer loop
     vertex  5.325558e-01 -1.298909e+01  9.333333e+01
     vertex -1.775628e-01 -1.299879e+01  9.333333e+01
     vertex -1.843921e-01 -1.349874e+01  9.200000e+01
   endloop
 endfacet
 facet normal  6.390030e-02 -9.341893e-01  3.510086e-01
   outer loop
     vertex  5.325558e-01 -1.298909e+01  9.333333e+01
     vertex  5.530387e-01 -1.348867e+01  9.200000e+01
     vertex  1.288819e+00 -1.343834e+01  9.200000e+01
   endloop
 endfacet
 facet normal  1.278960e-02 -9.362849e-01  3.510086e-01
   outer loop
     vertex  5.325558e-01 -1.298909e+01  9.333333e+01
     vertex -1.843921e-01 -1.349874e+01  9.200000e+01
     vertex  5.530387e-01 -1.348867e+01  9.200000e+01
   endloop
 endfacet
 facet normal  1.148203e-01 -9.293058e-01  3.510086e-01
   outer loop
     vertex  2.020753e+00 -1.334790e+01  9.200000e+01
     vertex  1.336553e+00 -1.393605e+01  9.066667e+01
     vertex  2.095596e+00 -1.384227e+01  9.066667e+01
   endloop
 endfacet
 facet normal  1.148203e-01 -9.293058e-01  3.510086e-01
   outer loop
     vertex  2.020753e+00 -1.334790e+01  9.200000e+01
     vertex  1.288819e+00 -1.343834e+01  9.200000e+01
     vertex  1.336553e+00 -1.393605e+01  9.066667e+01
   endloop
 endfacet
 facet normal  2.154813e-01 -9.112413e-01  3.510086e-01
   outer loop
     vertex  3.592672e+00 -1.353118e+01  9.066667e+01
     vertex  2.848384e+00 -1.370718e+01  9.066667e+01
     vertex  3.720982e+00 -1.401443e+01  8.933333e+01
   endloop
 endfacet
 facet normal  3.208192e-01 -8.793575e-01  3.518599e-01
   outer loop
     vertex  5.227139e+00 -1.352505e+01  8.933333e+01
     vertex  4.947248e+00 -1.416068e+01  8.800000e+01
     vertex  5.333871e+00 -1.401962e+01  8.800000e+01
   endloop
 endfacet
 facet normal  3.450004e-01 -8.706735e-01  3.505744e-01
   outer loop
     vertex  5.227139e+00 -1.352505e+01  8.933333e+01
     vertex  5.333871e+00 -1.401962e+01  8.800000e+01
     vertex  5.716478e+00 -1.386802e+01  8.800000e+01
   endloop
 endfacet
 facet normal  3.131547e-01 -8.811328e-01  3.543151e-01
   outer loop
     vertex  5.227139e+00 -1.352505e+01  8.933333e+01
     vertex  4.480746e+00 -1.379032e+01  8.933333e+01
     vertex  4.947248e+00 -1.416068e+01  8.800000e+01
   endloop
 endfacet
 facet normal -3.839869e-02 -9.365477e-01  3.484306e-01
   outer loop
     vertex -1.707334e-01 -1.249883e+01  9.466667e+01
     vertex -5.759659e-01 -1.198617e+01  9.600000e+01
     vertex -8.530302e-01 -1.247086e+01  9.466667e+01
   endloop
 endfacet
 facet normal  1.278960e-02 -9.362849e-01  3.510086e-01
   outer loop
     vertex -1.707334e-01 -1.249883e+01  9.466667e+01
     vertex -1.775628e-01 -1.299879e+01  9.333333e+01
     vertex  5.325558e-01 -1.298909e+01  9.333333e+01
   endloop
 endfacet
 facet normal -3.211898e-02 -9.361319e-01  3.501793e-01
   outer loop
     vertex -1.707334e-01 -1.249883e+01  9.466667e+01
     vertex -2.469200e-01 -1.199746e+01  9.600000e+01
     vertex -5.759659e-01 -1.198617e+01  9.600000e+01
   endloop
 endfacet
 facet normal -6.421249e-03 -9.361131e-01  3.516406e-01
   outer loop
     vertex -1.707334e-01 -1.249883e+01  9.466667e+01
     vertex  8.231183e-02 -1.199972e+01  9.600000e+01
     vertex -2.469200e-01 -1.199746e+01  9.600000e+01
   endloop
 endfacet
 facet normal -3.835926e-02 -9.355862e-01  3.510086e-01
   outer loop
     vertex -1.707334e-01 -1.249883e+01  9.466667e+01
     vertex -8.530302e-01 -1.247086e+01  9.466667e+01
     vertex -1.775628e-01 -1.299879e+01  9.333333e+01
   endloop
 endfacet
 facet normal  6.390030e-02 -9.341893e-01  3.510086e-01
   outer loop
     vertex  1.241085e+00 -1.294062e+01  9.333333e+01
     vertex  5.325558e-01 -1.298909e+01  9.333333e+01
     vertex  1.288819e+00 -1.343834e+01  9.200000e+01
   endloop
 endfacet
 facet normal  1.148203e-01 -9.293058e-01  3.510086e-01
   outer loop
     vertex  1.241085e+00 -1.294062e+01  9.333333e+01
     vertex  1.288819e+00 -1.343834e+01  9.200000e+01
     vertex  2.020753e+00 -1.334790e+01  9.200000e+01
   endloop
 endfacet
 facet normal  1.653976e-01 -9.216489e-01  3.510086e-01
   outer loop
     vertex  2.746656e+00 -1.321764e+01  9.200000e+01
     vertex  2.095596e+00 -1.384227e+01  9.066667e+01
     vertex  2.848384e+00 -1.370718e+01  9.066667e+01
   endloop
 endfacet
 facet normal  1.653976e-01 -9.216489e-01  3.510086e-01
   outer loop
     vertex  2.746656e+00 -1.321764e+01  9.200000e+01
     vertex  2.020753e+00 -1.334790e+01  9.200000e+01
     vertex  2.095596e+00 -1.384227e+01  9.066667e+01
   endloop
 endfacet
 facet normal  2.154813e-01 -9.112413e-01  3.510086e-01
   outer loop
     vertex  2.746656e+00 -1.321764e+01  9.200000e+01
     vertex  2.848384e+00 -1.370718e+01  9.066667e+01
     vertex  3.592672e+00 -1.353118e+01  9.066667e+01
   endloop
 endfacet
 facet normal  2.649220e-01 -8.981143e-01  3.510086e-01
   outer loop
     vertex  4.326238e+00 -1.331479e+01  9.066667e+01
     vertex  3.720982e+00 -1.401443e+01  8.933333e+01
     vertex  4.480746e+00 -1.379032e+01  8.933333e+01
   endloop
 endfacet
 facet normal  2.649220e-01 -8.981143e-01  3.510086e-01
   outer loop
     vertex  4.326238e+00 -1.331479e+01  9.066667e+01
     vertex  3.592672e+00 -1.353118e+01  9.066667e+01
     vertex  3.720982e+00 -1.401443e+01  8.933333e+01
   endloop
 endfacet
 facet normal  3.685727e-01 -8.604516e-01  3.518198e-01
   outer loop
     vertex  5.957931e+00 -1.321942e+01  8.933333e+01
     vertex  5.716478e+00 -1.386802e+01  8.800000e+01
     vertex  6.094783e+00 -1.370597e+01  8.800000e+01
   endloop
 endfacet
 facet normal  3.922324e-01 -8.504343e-01  3.505928e-01
   outer loop
     vertex  5.957931e+00 -1.321942e+01  8.933333e+01
     vertex  6.094783e+00 -1.370597e+01  8.800000e+01
     vertex  6.468499e+00 -1.353361e+01  8.800000e+01
   endloop
 endfacet
 facet normal  3.608037e-01 -8.627128e-01  3.543266e-01
   outer loop
     vertex  5.957931e+00 -1.321942e+01  8.933333e+01
     vertex  5.227139e+00 -1.352505e+01  8.933333e+01
     vertex  5.716478e+00 -1.386802e+01  8.800000e+01
   endloop
 endfacet
 facet normal  1.278960e-02 -9.362849e-01  3.510086e-01
   outer loop
     vertex  5.120729e-01 -1.248951e+01  9.466667e+01
     vertex -1.707334e-01 -1.249883e+01  9.466667e+01
     vertex  5.325558e-01 -1.298909e+01  9.333333e+01
   endloop
 endfacet
 facet normal  1.280281e-02 -9.372517e-01  3.484184e-01
   outer loop
     vertex  5.120729e-01 -1.248951e+01  9.466667e+01
     vertex  8.231183e-02 -1.199972e+01  9.600000e+01
     vertex -1.707334e-01 -1.249883e+01  9.466667e+01
   endloop
 endfacet
 facet normal  1.927352e-02 -9.364703e-01  3.502170e-01
   outer loop
     vertex  5.120729e-01 -1.248951e+01  9.466667e+01
     vertex  4.114817e-01 -1.199294e+01  9.600000e+01
     vertex  8.231183e-02 -1.199972e+01  9.600000e+01
   endloop
 endfacet
 facet normal  4.493205e-02 -9.350609e-01  3.516279e-01
   outer loop
     vertex  5.120729e-01 -1.248951e+01  9.466667e+01
     vertex  7.403418e-01 -1.197714e+01  9.600000e+01
     vertex  4.114817e-01 -1.199294e+01  9.600000e+01
   endloop
 endfacet
 facet normal  6.390030e-02 -9.341893e-01  3.510086e-01
   outer loop
     vertex  5.120729e-01 -1.248951e+01  9.466667e+01
     vertex  5.325558e-01 -1.298909e+01  9.333333e+01
     vertex  1.241085e+00 -1.294062e+01  9.333333e+01
   endloop
 endfacet
 facet normal  1.148203e-01 -9.293058e-01  3.510086e-01
   outer loop
     vertex  1.945910e+00 -1.285354e+01  9.333333e+01
     vertex  1.241085e+00 -1.294062e+01  9.333333e+01
     vertex  2.020753e+00 -1.334790e+01  9.200000e+01
   endloop
 endfacet
 facet normal  2.154813e-01 -9.112413e-01  3.510086e-01
   outer loop
     vertex  3.464362e+00 -1.304792e+01  9.200000e+01
     vertex  2.746656e+00 -1.321764e+01  9.200000e+01
     vertex  3.592672e+00 -1.353118e+01  9.066667e+01
   endloop
 endfacet
 facet normal  3.612862e-01 -8.638665e-01  3.510086e-01
   outer loop
     vertex  5.046893e+00 -1.305867e+01  9.066667e+01
     vertex  5.227139e+00 -1.352505e+01  8.933333e+01
     vertex  5.957931e+00 -1.321942e+01  8.933333e+01
   endloop
 endfacet
 facet normal  3.135720e-01 -8.823070e-01  3.510086e-01
   outer loop
     vertex  5.046893e+00 -1.305867e+01  9.066667e+01
     vertex  4.326238e+00 -1.331479e+01  9.066667e+01
     vertex  4.480746e+00 -1.379032e+01  8.933333e+01
   endloop
 endfacet
 facet normal  3.135720e-01 -8.823070e-01  3.510086e-01
   outer loop
     vertex  5.046893e+00 -1.305867e+01  9.066667e+01
     vertex  4.480746e+00 -1.379032e+01  8.933333e+01
     vertex  5.227139e+00 -1.352505e+01  8.933333e+01
   endloop
 endfacet
 facet normal  4.152181e-01 -8.389545e-01  3.517802e-01
   outer loop
     vertex  6.670943e+00 -1.287434e+01  8.933333e+01
     vertex  6.468499e+00 -1.353361e+01  8.800000e+01
     vertex  6.837346e+00 -1.335106e+01  8.800000e+01
   endloop
 endfacet
 facet normal  4.382829e-01 -8.276350e-01  3.506116e-01
   outer loop
     vertex  6.670943e+00 -1.287434e+01  8.933333e+01
     vertex  6.837346e+00 -1.335106e+01  8.800000e+01
     vertex  7.201046e+00 -1.315845e+01  8.800000e+01
   endloop
 endfacet
 facet normal  4.073755e-01 -8.417185e-01  3.543376e-01
   outer loop
     vertex  6.670943e+00 -1.287434e+01  8.933333e+01
     vertex  5.957931e+00 -1.321942e+01  8.933333e+01
     vertex  6.468499e+00 -1.353361e+01  8.800000e+01
   endloop
 endfacet
 facet normal  6.390030e-02 -9.341893e-01  3.510086e-01
   outer loop
     vertex  1.193351e+00 -1.244291e+01  9.466667e+01
     vertex  5.120729e-01 -1.248951e+01  9.466667e+01
     vertex  1.241085e+00 -1.294062e+01  9.333333e+01
   endloop
 endfacet
 facet normal  1.148203e-01 -9.293058e-01  3.510086e-01
   outer loop
     vertex  1.193351e+00 -1.244291e+01  9.466667e+01
     vertex  1.241085e+00 -1.294062e+01  9.333333e+01
     vertex  1.945910e+00 -1.285354e+01  9.333333e+01
   endloop
 endfacet
 facet normal  6.396658e-02 -9.351583e-01  3.484066e-01
   outer loop
     vertex  1.193351e+00 -1.244291e+01  9.466667e+01
     vertex  7.403418e-01 -1.197714e+01  9.600000e+01
     vertex  5.120729e-01 -1.248951e+01  9.466667e+01
   endloop
 endfacet
 facet normal  7.060646e-02 -9.339897e-01  3.502543e-01
   outer loop
     vertex  1.193351e+00 -1.244291e+01  9.466667e+01
     vertex  1.068645e+00 -1.195232e+01  9.600000e+01
     vertex  7.403418e-01 -1.197714e+01  9.600000e+01
   endloop
 endfacet
 facet normal  9.615063e-02 -9.311939e-01  3.516148e-01
   outer loop
     vertex  1.193351e+00 -1.244291e+01  9.466667e+01
     vertex  1.396143e+00 -1.191851e+01  9.600000e+01
     vertex  1.068645e+00 -1.195232e+01  9.600000e+01
   endloop
 endfacet
 facet normal  1.653976e-01 -9.216489e-01  3.510086e-01
   outer loop
     vertex  2.644928e+00 -1.272809e+01  9.333333e+01
     vertex  1.945910e+00 -1.285354e+01  9.333333e+01
     vertex  2.020753e+00 -1.334790e+01  9.200000e+01
   endloop
 endfacet
 facet normal  1.653976e-01 -9.216489e-01  3.510086e-01
   outer loop
     vertex  2.644928e+00 -1.272809e+01  9.333333e+01
     vertex  2.020753e+00 -1.334790e+01  9.200000e+01
     vertex  2.746656e+00 -1.321764e+01  9.200000e+01
   endloop
 endfacet
 facet normal  2.154813e-01 -9.112413e-01  3.510086e-01
   outer loop
     vertex  2.644928e+00 -1.272809e+01  9.333333e+01
     vertex  2.746656e+00 -1.321764e+01  9.200000e+01
     vertex  3.464362e+00 -1.304792e+01  9.200000e+01
   endloop
 endfacet
 facet normal  2.649220e-01 -8.981143e-01  3.510086e-01
   outer loop
     vertex  4.171729e+00 -1.283926e+01  9.200000e+01
     vertex  3.464362e+00 -1.304792e+01  9.200000e+01
     vertex  3.592672e+00 -1.353118e+01  9.066667e+01
   endloop
 endfacet
 facet normal  2.649220e-01 -8.981143e-01  3.510086e-01
   outer loop
     vertex  4.171729e+00 -1.283926e+01  9.200000e+01
     vertex  3.592672e+00 -1.353118e+01  9.066667e+01
     vertex  4.326238e+00 -1.331479e+01  9.066667e+01
   endloop
 endfacet
 facet normal  3.612862e-01 -8.638665e-01  3.510086e-01
   outer loop
     vertex  5.752485e+00 -1.276358e+01  9.066667e+01
     vertex  5.046893e+00 -1.305867e+01  9.066667e+01
     vertex  5.957931e+00 -1.321942e+01  8.933333e+01
   endloop
 endfacet
 facet normal  4.606148e-01 -8.149308e-01  3.517411e-01
   outer loop
     vertex  7.364046e+00 -1.249083e+01  8.933333e+01
     vertex  7.201046e+00 -1.315845e+01  8.800000e+01
     vertex  7.559325e+00 -1.295595e+01  8.800000e+01
   endloop
 endfacet
 facet normal  4.830131e-01 -8.023443e-01  3.506309e-01
   outer loop
     vertex  7.364046e+00 -1.249083e+01  8.933333e+01
     vertex  7.559325e+00 -1.295595e+01  8.800000e+01
     vertex  7.911914e+00 -1.274369e+01  8.800000e+01
   endloop
 endfacet
 facet normal  4.527313e-01 -8.182126e-01  3.543481e-01
   outer loop
     vertex  7.364046e+00 -1.249083e+01  8.933333e+01
     vertex  6.670943e+00 -1.287434e+01  8.933333e+01
     vertex  7.201046e+00 -1.315845e+01  8.800000e+01
   endloop
 endfacet
 facet normal  1.148203e-01 -9.293058e-01  3.510086e-01
   outer loop
     vertex  1.871068e+00 -1.235917e+01  9.466667e+01
     vertex  1.193351e+00 -1.244291e+01  9.466667e+01
     vertex  1.945910e+00 -1.285354e+01  9.333333e+01
   endloop
 endfacet
 facet normal  1.217253e-01 -9.286975e-01  3.502911e-01
   outer loop
     vertex  1.871068e+00 -1.235917e+01  9.466667e+01
     vertex  1.722590e+00 -1.187572e+01  9.600000e+01
     vertex  1.396143e+00 -1.191851e+01  9.600000e+01
   endloop
 endfacet
 facet normal  1.470803e-01 -9.245237e-01  3.516012e-01
   outer loop
     vertex  1.871068e+00 -1.235917e+01  9.466667e+01
     vertex  2.047741e+00 -1.182399e+01  9.600000e+01
     vertex  1.722590e+00 -1.187572e+01  9.600000e+01
   endloop
 endfacet
 facet normal  1.149399e-01 -9.302739e-01  3.483952e-01
   outer loop
     vertex  1.871068e+00 -1.235917e+01  9.466667e+01
     vertex  1.396143e+00 -1.191851e+01  9.600000e+01
     vertex  1.193351e+00 -1.244291e+01  9.466667e+01
   endloop
 endfacet
 facet normal  1.653976e-01 -9.216489e-01  3.510086e-01
   outer loop
     vertex  1.871068e+00 -1.235917e+01  9.466667e+01
     vertex  1.945910e+00 -1.285354e+01  9.333333e+01
     vertex  2.644928e+00 -1.272809e+01  9.333333e+01
   endloop
 endfacet
 facet normal  2.154813e-01 -9.112413e-01  3.510086e-01
   outer loop
     vertex  3.336053e+00 -1.256466e+01  9.333333e+01
     vertex  2.644928e+00 -1.272809e+01  9.333333e+01
     vertex  3.464362e+00 -1.304792e+01  9.200000e+01
   endloop
 endfacet
 facet normal  3.135720e-01 -8.823070e-01  3.510086e-01
   outer loop
     vertex  4.866646e+00 -1.259229e+01  9.200000e+01
     vertex  4.326238e+00 -1.331479e+01  9.066667e+01
     vertex  5.046893e+00 -1.305867e+01  9.066667e+01
   endloop
 endfacet
 facet normal  3.135720e-01 -8.823070e-01  3.510086e-01
   outer loop
     vertex  4.866646e+00 -1.259229e+01  9.200000e+01
     vertex  4.171729e+00 -1.283926e+01  9.200000e+01
     vertex  4.326238e+00 -1.331479e+01  9.066667e+01
   endloop
 endfacet
 facet normal  4.079221e-01 -8.428479e-01  3.510086e-01
   outer loop
     vertex  6.440911e+00 -1.243039e+01  9.066667e+01
     vertex  5.957931e+00 -1.321942e+01  8.933333e+01
     vertex  6.670943e+00 -1.287434e+01  8.933333e+01
   endloop
 endfacet
 facet normal  4.079221e-01 -8.428479e-01  3.510086e-01
   outer loop
     vertex  6.440911e+00 -1.243039e+01  9.066667e+01
     vertex  5.752485e+00 -1.276358e+01  9.066667e+01
     vertex  5.957931e+00 -1.321942e+01  8.933333e+01
   endloop
 endfacet
 facet normal  4.967357e-01 -7.922651e-01  3.543581e-01
   outer loop
     vertex  8.035172e+00 -1.207005e+01  8.933333e+01
     vertex  7.364046e+00 -1.249083e+01  8.933333e+01
     vertex  7.911914e+00 -1.274369e+01  8.800000e+01
   endloop
 endfacet
 facet normal  5.046262e-01 -7.884528e-01  3.517025e-01
   outer loop
     vertex  8.035172e+00 -1.207005e+01  8.933333e+01
     vertex  7.911914e+00 -1.274369e+01  8.800000e+01
     vertex  8.258547e+00 -1.252184e+01  8.800000e+01
   endloop
 endfacet
 facet normal  5.262884e-01 -7.746384e-01  3.506507e-01
   outer loop
     vertex  8.035172e+00 -1.207005e+01  8.933333e+01
     vertex  8.258547e+00 -1.252184e+01  8.800000e+01
     vertex  8.598964e+00 -1.229056e+01  8.800000e+01
   endloop
 endfacet
 facet normal  1.653976e-01 -9.216489e-01  3.510086e-01
   outer loop
     vertex  2.543200e+00 -1.223855e+01  9.466667e+01
     vertex  1.871068e+00 -1.235917e+01  9.466667e+01
     vertex  2.644928e+00 -1.272809e+01  9.333333e+01
   endloop
 endfacet
 facet normal  2.154813e-01 -9.112413e-01  3.510086e-01
   outer loop
     vertex  2.543200e+00 -1.223855e+01  9.466667e+01
     vertex  2.644928e+00 -1.272809e+01  9.333333e+01
     vertex  3.336053e+00 -1.256466e+01  9.333333e+01
   endloop
 endfacet
 facet normal  1.724763e-01 -9.206099e-01  3.503275e-01
   outer loop
     vertex  2.543200e+00 -1.223855e+01  9.466667e+01
     vertex  2.371350e+00 -1.176336e+01  9.600000e+01
     vertex  2.047741e+00 -1.182399e+01  9.600000e+01
   endloop
 endfacet
 facet normal  1.975678e-01 -9.150702e-01  3.515872e-01
   outer loop
     vertex  2.543200e+00 -1.223855e+01  9.466667e+01
     vertex  2.693174e+00 -1.169388e+01  9.600000e+01
     vertex  2.371350e+00 -1.176336e+01  9.600000e+01
   endloop
 endfacet
 facet normal  1.655707e-01 -9.226130e-01  3.483842e-01
   outer loop
     vertex  2.543200e+00 -1.223855e+01  9.466667e+01
     vertex  2.047741e+00 -1.182399e+01  9.600000e+01
     vertex  1.871068e+00 -1.235917e+01  9.466667e+01
   endloop
 endfacet
 facet normal  2.649220e-01 -8.981143e-01  3.510086e-01
   outer loop
     vertex  4.017221e+00 -1.236373e+01  9.333333e+01
     vertex  3.464362e+00 -1.304792e+01  9.200000e+01
     vertex  4.171729e+00 -1.283926e+01  9.200000e+01
   endloop
 endfacet
 facet normal  2.649220e-01 -8.981143e-01  3.510086e-01
   outer loop
     vertex  4.017221e+00 -1.236373e+01  9.333333e+01
     vertex  3.336053e+00 -1.256466e+01  9.333333e+01
     vertex  3.464362e+00 -1.304792e+01  9.200000e+01
   endloop
 endfacet
 facet normal  3.612862e-01 -8.638665e-01  3.510086e-01
   outer loop
     vertex  5.547040e+00 -1.230774e+01  9.200000e+01
     vertex  4.866646e+00 -1.259229e+01  9.200000e+01
     vertex  5.046893e+00 -1.305867e+01  9.066667e+01
   endloop
 endfacet
 facet normal  4.079221e-01 -8.428479e-01  3.510086e-01
   outer loop
     vertex  5.547040e+00 -1.230774e+01  9.200000e+01
     vertex  5.752485e+00 -1.276358e+01  9.066667e+01
     vertex  6.440911e+00 -1.243039e+01  9.066667e+01
   endloop
 endfacet
 facet normal  3.612862e-01 -8.638665e-01  3.510086e-01
   outer loop
     vertex  5.547040e+00 -1.230774e+01  9.200000e+01
     vertex  5.046893e+00 -1.305867e+01  9.066667e+01
     vertex  5.752485e+00 -1.276358e+01  9.066667e+01
   endloop
 endfacet
 facet normal  4.533407e-01 -8.193139e-01  3.510086e-01
   outer loop
     vertex  7.110113e+00 -1.206011e+01  9.066667e+01
     vertex  6.670943e+00 -1.287434e+01  8.933333e+01
     vertex  7.364046e+00 -1.249083e+01  8.933333e+01
   endloop
 endfacet
 facet normal  4.533407e-01 -8.193139e-01  3.510086e-01
   outer loop
     vertex  7.110113e+00 -1.206011e+01  9.066667e+01
     vertex  6.440911e+00 -1.243039e+01  9.066667e+01
     vertex  6.670943e+00 -1.287434e+01  8.933333e+01
   endloop
 endfacet
 facet normal  5.471195e-01 -7.596001e-01  3.516644e-01
   outer loop
     vertex  8.682318e+00 -1.161324e+01  8.933333e+01
     vertex  8.598964e+00 -1.229056e+01  8.800000e+01
     vertex  8.932907e+00 -1.205003e+01  8.800000e+01
   endloop
 endfacet
 facet normal  5.679785e-01 -7.446007e-01  3.506711e-01
   outer loop
     vertex  8.682318e+00 -1.161324e+01  8.933333e+01
     vertex  8.932907e+00 -1.205003e+01  8.800000e+01
     vertex  9.260126e+00 -1.180043e+01  8.800000e+01
   endloop
 endfacet
 facet normal  5.392574e-01 -7.639536e-01  3.543675e-01
   outer loop
     vertex  8.682318e+00 -1.161324e+01  8.933333e+01
     vertex  8.035172e+00 -1.207005e+01  8.933333e+01
     vertex  8.598964e+00 -1.229056e+01  8.800000e+01
   endloop
 endfacet
 facet normal  2.154813e-01 -9.112413e-01  3.510086e-01
   outer loop
     vertex  3.207743e+00 -1.208141e+01  9.466667e+01
     vertex  2.543200e+00 -1.223855e+01  9.466667e+01
     vertex  3.336053e+00 -1.256466e+01  9.333333e+01
   endloop
 endfacet
 facet normal  2.227066e-01 -9.097512e-01  3.503635e-01
   outer loop
     vertex  3.207743e+00 -1.208141e+01  9.466667e+01
     vertex  3.012971e+00 -1.161559e+01  9.600000e+01
     vertex  2.693174e+00 -1.169388e+01  9.600000e+01
   endloop
 endfacet
 facet normal  2.474611e-01 -9.028619e-01  3.515727e-01
   outer loop
     vertex  3.207743e+00 -1.208141e+01  9.466667e+01
     vertex  3.330500e+00 -1.152856e+01  9.600000e+01
     vertex  3.012971e+00 -1.161559e+01  9.600000e+01
   endloop
 endfacet
 facet normal  2.157077e-01 -9.121984e-01  3.483737e-01
   outer loop
     vertex  3.207743e+00 -1.208141e+01  9.466667e+01
     vertex  2.693174e+00 -1.169388e+01  9.600000e+01
     vertex  2.543200e+00 -1.223855e+01  9.466667e+01
   endloop
 endfacet
 facet normal  3.612862e-01 -8.638665e-01  3.510086e-01
   outer loop
     vertex  4.686400e+00 -1.212591e+01  9.333333e+01
     vertex  4.866646e+00 -1.259229e+01  9.200000e+01
     vertex  5.547040e+00 -1.230774e+01  9.200000e+01
   endloop
 endfacet
 facet normal  3.135720e-01 -8.823070e-01  3.510086e-01
   outer loop
     vertex  4.686400e+00 -1.212591e+01  9.333333e+01
     vertex  4.171729e+00 -1.283926e+01  9.200000e+01
     vertex  4.866646e+00 -1.259229e+01  9.200000e+01
   endloop
 endfacet
 facet normal  3.135720e-01 -8.823070e-01  3.510086e-01
   outer loop
     vertex  4.686400e+00 -1.212591e+01  9.333333e+01
     vertex  4.017221e+00 -1.236373e+01  9.333333e+01
     vertex  4.171729e+00 -1.283926e+01  9.200000e+01
   endloop
 endfacet
 facet normal  4.079221e-01 -8.428479e-01  3.510086e-01
   outer loop
     vertex  6.210878e+00 -1.198645e+01  9.200000e+01
     vertex  5.547040e+00 -1.230774e+01  9.200000e+01
     vertex  6.440911e+00 -1.243039e+01  9.066667e+01
   endloop
 endfacet
 facet normal  4.974063e-01 -7.933347e-01  3.510086e-01
   outer loop
     vertex  7.758097e+00 -1.165384e+01  9.066667e+01
     vertex  7.110113e+00 -1.206011e+01  9.066667e+01
     vertex  7.364046e+00 -1.249083e+01  8.933333e+01
   endloop
 endfacet
 facet normal  4.974063e-01 -7.933347e-01  3.510086e-01
   outer loop
     vertex  7.758097e+00 -1.165384e+01  9.066667e+01
     vertex  7.364046e+00 -1.249083e+01  8.933333e+01
     vertex  8.035172e+00 -1.207005e+01  8.933333e+01
   endloop
 endfacet
 facet normal  5.879670e-01 -7.284596e-01  3.516269e-01
   outer loop
     vertex  9.303552e+00 -1.112178e+01  8.933333e+01
     vertex  9.260126e+00 -1.180043e+01  8.800000e+01
     vertex  9.580374e+00 -1.154194e+01  8.800000e+01
   endloop
 endfacet
 facet normal  6.079579e-01 -7.123218e-01  3.506919e-01
   outer loop
     vertex  9.303552e+00 -1.112178e+01  8.933333e+01
     vertex  9.580374e+00 -1.154194e+01  8.800000e+01
     vertex  9.893410e+00 -1.127477e+01  8.800000e+01
   endloop
 endfacet
 facet normal  5.801695e-01 -7.333626e-01  3.543764e-01
   outer loop
     vertex  9.303552e+00 -1.112178e+01  8.933333e+01
     vertex  8.682318e+00 -1.161324e+01  8.933333e+01
     vertex  9.260126e+00 -1.180043e+01  8.800000e+01
   endloop
 endfacet
 facet normal  2.652013e-01 -8.990612e-01  3.483635e-01
   outer loop
     vertex  3.862712e+00 -1.188821e+01  9.466667e+01
     vertex  3.330500e+00 -1.152856e+01  9.600000e+01
     vertex  3.207743e+00 -1.208141e+01  9.466667e+01
   endloop
 endfacet
 facet normal  2.649220e-01 -8.981143e-01  3.510086e-01
   outer loop
     vertex  3.862712e+00 -1.188821e+01  9.466667e+01
     vertex  3.207743e+00 -1.208141e+01  9.466667e+01
     vertex  3.336053e+00 -1.256466e+01  9.333333e+01
   endloop
 endfacet
 facet normal  2.722650e-01 -8.961542e-01  3.503990e-01
   outer loop
     vertex  3.862712e+00 -1.188821e+01  9.466667e+01
     vertex  3.645521e+00 -1.143286e+01  9.600000e+01
     vertex  3.330500e+00 -1.152856e+01  9.600000e+01
   endloop
 endfacet
 facet normal  2.966100e-01 -8.879356e-01  3.515578e-01
   outer loop
     vertex  3.862712e+00 -1.188821e+01  9.466667e+01
     vertex  3.957799e+00 -1.132854e+01  9.600000e+01
     vertex  3.645521e+00 -1.143286e+01  9.600000e+01
   endloop
 endfacet
 facet normal  2.649220e-01 -8.981143e-01  3.510086e-01
   outer loop
     vertex  3.862712e+00 -1.188821e+01  9.466667e+01
     vertex  3.336053e+00 -1.256466e+01  9.333333e+01
     vertex  4.017221e+00 -1.236373e+01  9.333333e+01
   endloop
 endfacet
 facet normal  3.135720e-01 -8.823070e-01  3.510086e-01
   outer loop
     vertex  3.862712e+00 -1.188821e+01  9.466667e+01
     vertex  4.017221e+00 -1.236373e+01  9.333333e+01
     vertex  4.686400e+00 -1.212591e+01  9.333333e+01
   endloop
 endfacet
 facet normal  3.612862e-01 -8.638665e-01  3.510086e-01
   outer loop
     vertex  5.341594e+00 -1.185189e+01  9.333333e+01
     vertex  4.686400e+00 -1.212591e+01  9.333333e+01
     vertex  5.547040e+00 -1.230774e+01  9.200000e+01
   endloop
 endfacet
 facet normal  4.079221e-01 -8.428479e-01  3.510086e-01
   outer loop
     vertex  5.341594e+00 -1.185189e+01  9.333333e+01
     vertex  5.547040e+00 -1.230774e+01  9.200000e+01
     vertex  6.210878e+00 -1.198645e+01  9.200000e+01
   endloop
 endfacet
 facet normal  4.533407e-01 -8.193139e-01  3.510086e-01
   outer loop
     vertex  6.856181e+00 -1.162939e+01  9.200000e+01
     vertex  6.440911e+00 -1.243039e+01  9.066667e+01
     vertex  7.110113e+00 -1.206011e+01  9.066667e+01
   endloop
 endfacet
 facet normal  4.533407e-01 -8.193139e-01  3.510086e-01
   outer loop
     vertex  6.856181e+00 -1.162939e+01  9.200000e+01
     vertex  6.210878e+00 -1.198645e+01  9.200000e+01
     vertex  6.440911e+00 -1.243039e+01  9.066667e+01
   endloop
 endfacet
 facet normal  5.399874e-01 -7.649879e-01  3.510086e-01
   outer loop
     vertex  8.382927e+00 -1.121278e+01  9.066667e+01
     vertex  7.758097e+00 -1.165384e+01  9.066667e+01
     vertex  8.035172e+00 -1.207005e+01  8.933333e+01
   endloop
 endfacet
 facet normal  5.399874e-01 -7.649879e-01  3.510086e-01
   outer loop
     vertex  8.382927e+00 -1.121278e+01  9.066667e+01
     vertex  8.035172e+00 -1.207005e+01  8.933333e+01
     vertex  8.682318e+00 -1.161324e+01  8.933333e+01
   endloop
 endfacet
 facet normal  6.270454e-01 -6.951249e-01  3.515898e-01
   outer loop
     vertex  9.897021e+00 -1.059712e+01  8.933333e+01
     vertex  9.893410e+00 -1.127477e+01  8.800000e+01
     vertex  1.019900e+01 -1.099911e+01  8.800000e+01
   endloop
 endfacet
 facet normal  6.193500e-01 -7.005833e-01  3.543848e-01
   outer loop
     vertex  9.897021e+00 -1.059712e+01  8.933333e+01
     vertex  9.303552e+00 -1.112178e+01  8.933333e+01
     vertex  9.893410e+00 -1.127477e+01  8.800000e+01
   endloop
 endfacet
 facet normal  6.461063e-01 -6.778989e-01  3.507133e-01
   outer loop
     vertex  9.897021e+00 -1.059712e+01  8.933333e+01
     vertex  1.019900e+01 -1.099911e+01  8.800000e+01
     vertex  1.049691e+01 -1.071517e+01  8.800000e+01
   endloop
 endfacet
 facet normal  3.612862e-01 -8.638665e-01  3.510086e-01
   outer loop
     vertex  4.506154e+00 -1.165953e+01  9.466667e+01
     vertex  4.686400e+00 -1.212591e+01  9.333333e+01
     vertex  5.341594e+00 -1.185189e+01  9.333333e+01
   endloop
 endfacet
 facet normal  3.135720e-01 -8.823070e-01  3.510086e-01
   outer loop
     vertex  4.506154e+00 -1.165953e+01  9.466667e+01
     vertex  3.862712e+00 -1.188821e+01  9.466667e+01
     vertex  4.686400e+00 -1.212591e+01  9.333333e+01
   endloop
 endfacet
 facet normal  3.139038e-01 -8.832406e-01  3.483538e-01
   outer loop
     vertex  4.506154e+00 -1.165953e+01  9.466667e+01
     vertex  3.957799e+00 -1.132854e+01  9.600000e+01
     vertex  3.862712e+00 -1.188821e+01  9.466667e+01
   endloop
 endfacet
 facet normal  3.210024e-01 -8.798599e-01  3.504340e-01
   outer loop
     vertex  4.506154e+00 -1.165953e+01  9.466667e+01
     vertex  4.267097e+00 -1.121570e+01  9.600000e+01
     vertex  3.957799e+00 -1.132854e+01  9.600000e+01
   endloop
 endfacet
 facet normal  3.448667e-01 -8.703360e-01  3.515425e-01
   outer loop
     vertex  4.506154e+00 -1.165953e+01  9.466667e+01
     vertex  4.573183e+00 -1.109441e+01  9.600000e+01
     vertex  4.267097e+00 -1.121570e+01  9.600000e+01
   endloop
 endfacet
 facet normal  4.079221e-01 -8.428479e-01  3.510086e-01
   outer loop
     vertex  5.980845e+00 -1.154251e+01  9.333333e+01
     vertex  5.341594e+00 -1.185189e+01  9.333333e+01
     vertex  6.210878e+00 -1.198645e+01  9.200000e+01
   endloop
 endfacet
 facet normal  4.974063e-01 -7.933347e-01  3.510086e-01
   outer loop
     vertex  7.481022e+00 -1.123763e+01  9.200000e+01
     vertex  6.856181e+00 -1.162939e+01  9.200000e+01
     vertex  7.110113e+00 -1.206011e+01  9.066667e+01
   endloop
 endfacet
 facet normal  5.399874e-01 -7.649879e-01  3.510086e-01
   outer loop
     vertex  7.481022e+00 -1.123763e+01  9.200000e+01
     vertex  7.758097e+00 -1.165384e+01  9.066667e+01
     vertex  8.382927e+00 -1.121278e+01  9.066667e+01
   endloop
 endfacet
 facet normal  4.974063e-01 -7.933347e-01  3.510086e-01
   outer loop
     vertex  7.481022e+00 -1.123763e+01  9.200000e+01
     vertex  7.110113e+00 -1.206011e+01  9.066667e+01
     vertex  7.758097e+00 -1.165384e+01  9.066667e+01
   endloop
 endfacet
 facet normal  5.809571e-01 -7.343581e-01  3.510086e-01
   outer loop
     vertex  8.982740e+00 -1.073827e+01  9.066667e+01
     vertex  8.382927e+00 -1.121278e+01  9.066667e+01
     vertex  8.682318e+00 -1.161324e+01  8.933333e+01
   endloop
 endfacet
 facet normal  5.809571e-01 -7.343581e-01  3.510086e-01
   outer loop
     vertex  8.982740e+00 -1.073827e+01  9.066667e+01
     vertex  8.682318e+00 -1.161324e+01  8.933333e+01
     vertex  9.303552e+00 -1.112178e+01  8.933333e+01
   endloop
 endfacet
 facet normal  6.566821e-01 -6.657136e-01  3.543926e-01
   outer loop
     vertex  1.046095e+01 -1.004084e+01  8.933333e+01
     vertex  9.897021e+00 -1.059712e+01  8.933333e+01
     vertex  1.049691e+01 -1.071517e+01  8.800000e+01
   endloop
 endfacet
 facet normal  6.642371e-01 -6.596964e-01  3.515532e-01
   outer loop
     vertex  1.046095e+01 -1.004084e+01  8.933333e+01
     vertex  1.049691e+01 -1.071517e+01  8.800000e+01
     vertex  1.078692e+01 -1.042316e+01  8.800000e+01
   endloop
 endfacet
 facet normal  6.823088e-01 -6.414356e-01  3.507351e-01
   outer loop
     vertex  1.046095e+01 -1.004084e+01  8.933333e+01
     vertex  1.078692e+01 -1.042316e+01  8.800000e+01
     vertex  1.106881e+01 -1.012331e+01  8.800000e+01
   endloop
 endfacet
 facet normal  3.612862e-01 -8.638665e-01  3.510086e-01
   outer loop
     vertex  5.136148e+00 -1.139605e+01  9.466667e+01
     vertex  4.506154e+00 -1.165953e+01  9.466667e+01
     vertex  5.341594e+00 -1.185189e+01  9.333333e+01
   endloop
 endfacet
 facet normal  3.616698e-01 -8.647838e-01  3.483446e-01
   outer loop
     vertex  5.136148e+00 -1.139605e+01  9.466667e+01
     vertex  4.573183e+00 -1.109441e+01  9.600000e+01
     vertex  4.506154e+00 -1.165953e+01  9.466667e+01
   endloop
 endfacet
 facet normal  3.687722e-01 -8.609174e-01  3.504687e-01
   outer loop
     vertex  5.136148e+00 -1.139605e+01  9.466667e+01
     vertex  4.875826e+00 -1.096478e+01  9.600000e+01
     vertex  4.573183e+00 -1.109441e+01  9.600000e+01
   endloop
 endfacet
 facet normal  3.920858e-01 -8.501163e-01  3.515267e-01
   outer loop
     vertex  5.136148e+00 -1.139605e+01  9.466667e+01
     vertex  5.174799e+00 -1.082689e+01  9.600000e+01
     vertex  4.875826e+00 -1.096478e+01  9.600000e+01
   endloop
 endfacet
 facet normal  4.533407e-01 -8.193139e-01  3.510086e-01
   outer loop
     vertex  6.602248e+00 -1.119867e+01  9.333333e+01
     vertex  5.980845e+00 -1.154251e+01  9.333333e+01
     vertex  6.210878e+00 -1.198645e+01  9.200000e+01
   endloop
 endfacet
 facet normal  4.533407e-01 -8.193139e-01  3.510086e-01
   outer loop
     vertex  6.602248e+00 -1.119867e+01  9.333333e+01
     vertex  6.210878e+00 -1.198645e+01  9.200000e+01
     vertex  6.856181e+00 -1.162939e+01  9.200000e+01
   endloop
 endfacet
 facet normal  5.399874e-01 -7.649879e-01  3.510086e-01
   outer loop
     vertex  8.083537e+00 -1.081233e+01  9.200000e+01
     vertex  7.481022e+00 -1.123763e+01  9.200000e+01
     vertex  8.382927e+00 -1.121278e+01  9.066667e+01
   endloop
 endfacet
 facet normal  6.201929e-01 -7.015367e-01  3.510086e-01
   outer loop
     vertex  9.555744e+00 -1.023170e+01  9.066667e+01
     vertex  8.982740e+00 -1.073827e+01  9.066667e+01
     vertex  9.303552e+00 -1.112178e+01  8.933333e+01
   endloop
 endfacet
 facet normal  6.575778e-01 -6.666216e-01  3.510086e-01
   outer loop
     vertex  9.555744e+00 -1.023170e+01  9.066667e+01
     vertex  9.897021e+00 -1.059712e+01  8.933333e+01
     vertex  1.046095e+01 -1.004084e+01  8.933333e+01
   endloop
 endfacet
 facet normal  6.201929e-01 -7.015367e-01  3.510086e-01
   outer loop
     vertex  9.555744e+00 -1.023170e+01  9.066667e+01
     vertex  9.303552e+00 -1.112178e+01  8.933333e+01
     vertex  9.897021e+00 -1.059712e+01  8.933333e+01
   endloop
 endfacet
 facet normal  6.920542e-01 -6.288574e-01  3.544000e-01
   outer loop
     vertex  1.099367e+01 -9.454593e+00  8.933333e+01
     vertex  1.046095e+01 -1.004084e+01  8.933333e+01
     vertex  1.106881e+01 -1.012331e+01  8.800000e+01
   endloop
 endfacet
 facet normal  6.994301e-01 -6.222807e-01  3.515172e-01
   outer loop
     vertex  1.099367e+01 -9.454593e+00  8.933333e+01
     vertex  1.106881e+01 -1.012331e+01  8.800000e+01
     vertex  1.134237e+01 -9.815840e+00  8.800000e+01
   endloop
 endfacet
 facet normal  7.164564e-01 -6.030418e-01  3.507575e-01
   outer loop
     vertex  1.099367e+01 -9.454593e+00  8.933333e+01
     vertex  1.134237e+01 -9.815840e+00  8.800000e+01
     vertex  1.160739e+01 -9.500978e+00  8.800000e+01
   endloop
 endfacet
 facet normal  4.079221e-01 -8.428479e-01  3.510086e-01
   outer loop
     vertex  5.750813e+00 -1.109857e+01  9.466667e+01
     vertex  5.341594e+00 -1.185189e+01  9.333333e+01
     vertex  5.980845e+00 -1.154251e+01  9.333333e+01
   endloop
 endfacet
 facet normal  4.079221e-01 -8.428479e-01  3.510086e-01
   outer loop
     vertex  5.750813e+00 -1.109857e+01  9.466667e+01
     vertex  5.136148e+00 -1.139605e+01  9.466667e+01
     vertex  5.341594e+00 -1.185189e+01  9.333333e+01
   endloop
 endfacet
 facet normal  4.083567e-01 -8.437458e-01  3.483357e-01
   outer loop
     vertex  5.750813e+00 -1.109857e+01  9.466667e+01
     vertex  5.174799e+00 -1.082689e+01  9.600000e+01
     vertex  5.136148e+00 -1.139605e+01  9.466667e+01
   endloop
 endfacet
 facet normal  4.154306e-01 -8.393838e-01  3.505029e-01
   outer loop
     vertex  5.750813e+00 -1.109857e+01  9.466667e+01
     vertex  5.469877e+00 -1.068084e+01  9.600000e+01
     vertex  5.174799e+00 -1.082689e+01  9.600000e+01
   endloop
 endfacet
 facet normal  4.381251e-01 -8.273371e-01  3.515105e-01
   outer loop
     vertex  5.750813e+00 -1.109857e+01  9.466667e+01
     vertex  5.760837e+00 -1.052676e+01  9.600000e+01
     vertex  5.469877e+00 -1.068084e+01  9.600000e+01
   endloop
 endfacet
 facet normal  4.974063e-01 -7.933347e-01  3.510086e-01
   outer loop
     vertex  7.203947e+00 -1.082142e+01  9.333333e+01
     vertex  6.602248e+00 -1.119867e+01  9.333333e+01
     vertex  6.856181e+00 -1.162939e+01  9.200000e+01
   endloop
 endfacet
 facet normal  4.974063e-01 -7.933347e-01  3.510086e-01
   outer loop
     vertex  7.203947e+00 -1.082142e+01  9.333333e+01
     vertex  6.856181e+00 -1.162939e+01  9.200000e+01
     vertex  7.481022e+00 -1.123763e+01  9.200000e+01
   endloop
 endfacet
 facet normal  5.809571e-01 -7.343581e-01  3.510086e-01
   outer loop
     vertex  8.661928e+00 -1.035476e+01  9.200000e+01
     vertex  8.382927e+00 -1.121278e+01  9.066667e+01
     vertex  8.982740e+00 -1.073827e+01  9.066667e+01
   endloop
 endfacet
 facet normal  5.809571e-01 -7.343581e-01  3.510086e-01
   outer loop
     vertex  8.661928e+00 -1.035476e+01  9.200000e+01
     vertex  8.083537e+00 -1.081233e+01  9.200000e+01
     vertex  8.382927e+00 -1.121278e+01  9.066667e+01
   endloop
 endfacet
 facet normal  6.575778e-01 -6.666216e-01  3.510086e-01
   outer loop
     vertex  1.010023e+01 -9.694604e+00  9.066667e+01
     vertex  9.555744e+00 -1.023170e+01  9.066667e+01
     vertex  1.046095e+01 -1.004084e+01  8.933333e+01
   endloop
 endfacet
 facet normal  7.253609e-01 -5.901249e-01  3.544068e-01
   outer loop
     vertex  1.149357e+01 -8.840129e+00  8.933333e+01
     vertex  1.099367e+01 -9.454593e+00  8.933333e+01
     vertex  1.160739e+01 -9.500978e+00  8.800000e+01
   endloop
 endfacet
 facet normal  7.325182e-01 -5.829904e-01  3.514816e-01
   outer loop
     vertex  1.149357e+01 -8.840129e+00  8.933333e+01
     vertex  1.160739e+01 -9.500978e+00  8.800000e+01
     vertex  1.186367e+01 -9.178965e+00  8.800000e+01
   endloop
 endfacet
 facet normal  7.484464e-01 -5.628331e-01  3.507804e-01
   outer loop
     vertex  1.149357e+01 -8.840129e+00  8.933333e+01
     vertex  1.186367e+01 -9.178965e+00  8.800000e+01
     vertex  1.211102e+01 -8.850042e+00  8.800000e+01
   endloop
 endfacet
 facet normal  4.533407e-01 -8.193139e-01  3.510086e-01
   outer loop
     vertex  6.348316e+00 -1.076796e+01  9.466667e+01
     vertex  5.750813e+00 -1.109857e+01  9.466667e+01
     vertex  5.980845e+00 -1.154251e+01  9.333333e+01
   endloop
 endfacet
 facet normal  4.538252e-01 -8.201895e-01  3.483273e-01
   outer loop
     vertex  6.348316e+00 -1.076796e+01  9.466667e+01
     vertex  5.760837e+00 -1.052676e+01  9.600000e+01
     vertex  5.750813e+00 -1.109857e+01  9.466667e+01
   endloop
 endfacet
 facet normal  4.608371e-01 -8.153240e-01  3.505366e-01
   outer loop
     vertex  6.348316e+00 -1.076796e+01  9.466667e+01
     vertex  6.047460e+00 -1.036476e+01  9.600000e+01
     vertex  5.760837e+00 -1.052676e+01  9.600000e+01
   endloop
 endfacet
 facet normal  4.828462e-01 -8.020671e-01  3.514939e-01
   outer loop
     vertex  6.348316e+00 -1.076796e+01  9.466667e+01
     vertex  6.329531e+00 -1.019495e+01  9.600000e+01
     vertex  6.047460e+00 -1.036476e+01  9.600000e+01
   endloop
 endfacet
 facet normal  4.533407e-01 -8.193139e-01  3.510086e-01
   outer loop
     vertex  6.348316e+00 -1.076796e+01  9.466667e+01
     vertex  5.980845e+00 -1.154251e+01  9.333333e+01
     vertex  6.602248e+00 -1.119867e+01  9.333333e+01
   endloop
 endfacet
 facet normal  5.399874e-01 -7.649879e-01  3.510086e-01
   outer loop
     vertex  7.784147e+00 -1.041187e+01  9.333333e+01
     vertex  7.481022e+00 -1.123763e+01  9.200000e+01
     vertex  8.083537e+00 -1.081233e+01  9.200000e+01
   endloop
 endfacet
 facet normal  5.399874e-01 -7.649879e-01  3.510086e-01
   outer loop
     vertex  7.784147e+00 -1.041187e+01  9.333333e+01
     vertex  7.203947e+00 -1.082142e+01  9.333333e+01
     vertex  7.481022e+00 -1.123763e+01  9.200000e+01
   endloop
 endfacet
 facet normal  6.201929e-01 -7.015367e-01  3.510086e-01
   outer loop
     vertex  9.214467e+00 -9.866286e+00  9.200000e+01
     vertex  8.661928e+00 -1.035476e+01  9.200000e+01
     vertex  8.982740e+00 -1.073827e+01  9.066667e+01
   endloop
 endfacet
 facet normal  6.201929e-01 -7.015367e-01  3.510086e-01
   outer loop
     vertex  9.214467e+00 -9.866286e+00  9.200000e+01
     vertex  8.982740e+00 -1.073827e+01  9.066667e+01
     vertex  9.555744e+00 -1.023170e+01  9.066667e+01
   endloop
 endfacet
 facet normal  6.930003e-01 -6.297171e-01  3.510086e-01
   outer loop
     vertex  1.061457e+01 -9.128572e+00  9.066667e+01
     vertex  1.010023e+01 -9.694604e+00  9.066667e+01
     vertex  1.046095e+01 -1.004084e+01  8.933333e+01
   endloop
 endfacet
 facet normal  6.930003e-01 -6.297171e-01  3.510086e-01
   outer loop
     vertex  1.061457e+01 -9.128572e+00  9.066667e+01
     vertex  1.046095e+01 -1.004084e+01  8.933333e+01
     vertex  1.099367e+01 -9.454593e+00  8.933333e+01
   endloop
 endfacet
 facet normal  7.634018e-01 -5.419437e-01  3.514466e-01
   outer loop
     vertex  1.195917e+01 -8.199283e+00  8.933333e+01
     vertex  1.211102e+01 -8.850042e+00  8.800000e+01
     vertex  1.234925e+01 -8.514456e+00  8.800000e+01
   endloop
 endfacet
 facet normal  7.781825e-01 -5.209306e-01  3.508037e-01
   outer loop
     vertex  1.195917e+01 -8.199283e+00  8.933333e+01
     vertex  1.234925e+01 -8.514456e+00  8.800000e+01
     vertex  1.257819e+01 -8.172462e+00  8.800000e+01
   endloop
 endfacet
 facet normal  7.565029e-01 -5.496315e-01  3.544130e-01
   outer loop
     vertex  1.195917e+01 -8.199283e+00  8.933333e+01
     vertex  1.149357e+01 -8.840129e+00  8.933333e+01
     vertex  1.211102e+01 -8.850042e+00  8.800000e+01
   endloop
 endfacet
 facet normal  5.399874e-01 -7.649879e-01  3.510086e-01
   outer loop
     vertex  6.926872e+00 -1.040521e+01  9.466667e+01
     vertex  7.203947e+00 -1.082142e+01  9.333333e+01
     vertex  7.784147e+00 -1.041187e+01  9.333333e+01
   endloop
 endfacet
 facet normal  4.974063e-01 -7.933347e-01  3.510086e-01
   outer loop
     vertex  6.926872e+00 -1.040521e+01  9.466667e+01
     vertex  6.602248e+00 -1.119867e+01  9.333333e+01
     vertex  7.203947e+00 -1.082142e+01  9.333333e+01
   endloop
 endfacet
 facet normal  4.974063e-01 -7.933347e-01  3.510086e-01
   outer loop
     vertex  6.926872e+00 -1.040521e+01  9.466667e+01
     vertex  6.348316e+00 -1.076796e+01  9.466667e+01
     vertex  6.602248e+00 -1.119867e+01  9.333333e+01
   endloop
 endfacet
 facet normal  5.048551e-01 -7.888105e-01  3.505699e-01
   outer loop
     vertex  6.926872e+00 -1.040521e+01  9.466667e+01
     vertex  6.606838e+00 -1.001747e+01  9.600000e+01
     vertex  6.329531e+00 -1.019495e+01  9.600000e+01
   endloop
 endfacet
 facet normal  5.261143e-01 -7.743822e-01  3.514768e-01
   outer loop
     vertex  6.926872e+00 -1.040521e+01  9.466667e+01
     vertex  6.879171e+00 -9.832447e+00  9.600000e+01
     vertex  6.606838e+00 -1.001747e+01  9.600000e+01
   endloop
 endfacet
 facet normal  4.979395e-01 -7.941851e-01  3.483192e-01
   outer loop
     vertex  6.926872e+00 -1.040521e+01  9.466667e+01
     vertex  6.329531e+00 -1.019495e+01  9.600000e+01
     vertex  6.348316e+00 -1.076796e+01  9.466667e+01
   endloop
 endfacet
 facet normal  5.809571e-01 -7.343581e-01  3.510086e-01
   outer loop
     vertex  8.341115e+00 -9.971248e+00  9.333333e+01
     vertex  7.784147e+00 -1.041187e+01  9.333333e+01
     vertex  8.083537e+00 -1.081233e+01  9.200000e+01
   endloop
 endfacet
 facet normal  5.809571e-01 -7.343581e-01  3.510086e-01
   outer loop
     vertex  8.341115e+00 -9.971248e+00  9.333333e+01
     vertex  8.083537e+00 -1.081233e+01  9.200000e+01
     vertex  8.661928e+00 -1.035476e+01  9.200000e+01
   endloop
 endfacet
 facet normal  6.575778e-01 -6.666216e-01  3.510086e-01
   outer loop
     vertex  9.739508e+00 -9.348368e+00  9.200000e+01
     vertex  9.214467e+00 -9.866286e+00  9.200000e+01
     vertex  9.555744e+00 -1.023170e+01  9.066667e+01
   endloop
 endfacet
 facet normal  6.930003e-01 -6.297171e-01  3.510086e-01
   outer loop
     vertex  9.739508e+00 -9.348368e+00  9.200000e+01
     vertex  1.010023e+01 -9.694604e+00  9.066667e+01
     vertex  1.061457e+01 -9.128572e+00  9.066667e+01
   endloop
 endfacet
 facet normal  6.575778e-01 -6.666216e-01  3.510086e-01
   outer loop
     vertex  9.739508e+00 -9.348368e+00  9.200000e+01
     vertex  9.555744e+00 -1.023170e+01  9.066667e+01
     vertex  1.010023e+01 -9.694604e+00  9.066667e+01
   endloop
 endfacet
 facet normal  7.263545e-01 -5.909332e-01  3.510086e-01
   outer loop
     vertex  1.109724e+01 -8.535297e+00  9.066667e+01
     vertex  1.061457e+01 -9.128572e+00  9.066667e+01
     vertex  1.099367e+01 -9.454593e+00  8.933333e+01
   endloop
 endfacet
 facet normal  7.263545e-01 -5.909332e-01  3.510086e-01
   outer loop
     vertex  1.109724e+01 -8.535297e+00  9.066667e+01
     vertex  1.099367e+01 -9.454593e+00  8.933333e+01
     vertex  1.149357e+01 -8.840129e+00  8.933333e+01
   endloop
 endfacet
 facet normal  7.853871e-01 -5.074981e-01  3.544188e-01
   outer loop
     vertex  1.238908e+01 -7.533967e+00  8.933333e+01
     vertex  1.195917e+01 -8.199283e+00  8.933333e+01
     vertex  1.257819e+01 -8.172462e+00  8.800000e+01
   endloop
 endfacet
 facet normal  7.919879e-01 -4.992642e-01  3.514120e-01
   outer loop
     vertex  1.238908e+01 -7.533967e+00  8.933333e+01
     vertex  1.257819e+01 -8.172462e+00  8.800000e+01
     vertex  1.279766e+01 -7.824315e+00  8.800000e+01
   endloop
 endfacet
 facet normal  8.055752e-01 -4.774606e-01  3.508276e-01
   outer loop
     vertex  1.238908e+01 -7.533967e+00  8.933333e+01
     vertex  1.279766e+01 -7.824315e+00  8.800000e+01
     vertex  1.300750e+01 -7.470278e+00  8.800000e+01
   endloop
 endfacet
 facet normal  5.405679e-01 -7.658103e-01  3.483116e-01
   outer loop
     vertex  7.484757e+00 -1.001141e+01  9.466667e+01
     vertex  6.879171e+00 -9.832447e+00  9.600000e+01
     vertex  6.926872e+00 -1.040521e+01  9.466667e+01
   endloop
 endfacet
 facet normal  5.399874e-01 -7.649879e-01  3.510086e-01
   outer loop
     vertex  7.484757e+00 -1.001141e+01  9.466667e+01
     vertex  6.926872e+00 -1.040521e+01  9.466667e+01
     vertex  7.784147e+00 -1.041187e+01  9.333333e+01
   endloop
 endfacet
 facet normal  5.473522e-01 -7.599232e-01  3.506028e-01
   outer loop
     vertex  7.484757e+00 -1.001141e+01  9.466667e+01
     vertex  7.146325e+00 -9.640022e+00  9.600000e+01
     vertex  6.879171e+00 -9.832447e+00  9.600000e+01
   endloop
 endfacet
 facet normal  5.677992e-01 -7.443658e-01  3.514593e-01
   outer loop
     vertex  7.484757e+00 -1.001141e+01  9.466667e+01
     vertex  7.408101e+00 -9.440341e+00  9.600000e+01
     vertex  7.146325e+00 -9.640022e+00  9.600000e+01
   endloop
 endfacet
 facet normal  6.201929e-01 -7.015367e-01  3.510086e-01
   outer loop
     vertex  8.873191e+00 -9.500868e+00  9.333333e+01
     vertex  8.661928e+00 -1.035476e+01  9.200000e+01
     vertex  9.214467e+00 -9.866286e+00  9.200000e+01
   endloop
 endfacet
 facet normal  6.201929e-01 -7.015367e-01  3.510086e-01
   outer loop
     vertex  8.873191e+00 -9.500868e+00  9.333333e+01
     vertex  8.341115e+00 -9.971248e+00  9.333333e+01
     vertex  8.661928e+00 -1.035476e+01  9.200000e+01
   endloop
 endfacet
 facet normal  6.930003e-01 -6.297171e-01  3.510086e-01
   outer loop
     vertex  1.023548e+01 -8.802552e+00  9.200000e+01
     vertex  9.739508e+00 -9.348368e+00  9.200000e+01
     vertex  1.061457e+01 -9.128572e+00  9.066667e+01
   endloop
 endfacet
 facet normal  7.575411e-01 -5.503858e-01  3.510086e-01
   outer loop
     vertex  1.154679e+01 -7.916549e+00  9.066667e+01
     vertex  1.149357e+01 -8.840129e+00  8.933333e+01
     vertex  1.195917e+01 -8.199283e+00  8.933333e+01
   endloop
 endfacet
 facet normal  7.575411e-01 -5.503858e-01  3.510086e-01
   outer loop
     vertex  1.154679e+01 -7.916549e+00  9.066667e+01
     vertex  1.109724e+01 -8.535297e+00  9.066667e+01
     vertex  1.149357e+01 -8.840129e+00  8.933333e+01
   endloop
 endfacet
 facet normal  8.181903e-01 -4.550804e-01  3.513780e-01
   outer loop
     vertex  1.278202e+01 -6.846167e+00  8.933333e+01
     vertex  1.300750e+01 -7.470278e+00  8.800000e+01
     vertex  1.320754e+01 -7.110619e+00  8.800000e+01
   endloop
 endfacet
 facet normal  8.305420e-01 -4.325539e-01  3.508520e-01
   outer loop
     vertex  1.278202e+01 -6.846167e+00  8.933333e+01
     vertex  1.320754e+01 -7.110619e+00  8.800000e+01
     vertex  1.339764e+01 -6.745606e+00  8.800000e+01
   endloop
 endfacet
 facet normal  8.119275e-01 -4.638505e-01  3.544240e-01
   outer loop
     vertex  1.278202e+01 -6.846167e+00  8.933333e+01
     vertex  1.238908e+01 -7.533967e+00  8.933333e+01
     vertex  1.300750e+01 -7.470278e+00  8.800000e+01
   endloop
 endfacet
 facet normal  5.809571e-01 -7.343581e-01  3.510086e-01
   outer loop
     vertex  8.020303e+00 -9.587739e+00  9.466667e+01
     vertex  7.784147e+00 -1.041187e+01  9.333333e+01
     vertex  8.341115e+00 -9.971248e+00  9.333333e+01
   endloop
 endfacet
 facet normal  6.201929e-01 -7.015367e-01  3.510086e-01
   outer loop
     vertex  8.020303e+00 -9.587739e+00  9.466667e+01
     vertex  8.341115e+00 -9.971248e+00  9.333333e+01
     vertex  8.873191e+00 -9.500868e+00  9.333333e+01
   endloop
 endfacet
 facet normal  5.815832e-01 -7.351496e-01  3.483045e-01
   outer loop
     vertex  8.020303e+00 -9.587739e+00  9.466667e+01
     vertex  7.408101e+00 -9.440341e+00  9.600000e+01
     vertex  7.484757e+00 -1.001141e+01  9.466667e+01
   endloop
 endfacet
 facet normal  5.809571e-01 -7.343581e-01  3.510086e-01
   outer loop
     vertex  8.020303e+00 -9.587739e+00  9.466667e+01
     vertex  7.484757e+00 -1.001141e+01  9.466667e+01
     vertex  7.784147e+00 -1.041187e+01  9.333333e+01
   endloop
 endfacet
 facet normal  5.882005e-01 -7.287490e-01  3.506352e-01
   outer loop
     vertex  8.020303e+00 -9.587739e+00  9.466667e+01
     vertex  7.664299e+00 -9.233554e+00  9.600000e+01
     vertex  7.408101e+00 -9.440341e+00  9.600000e+01
   endloop
 endfacet
 facet normal  6.077755e-01 -7.121081e-01  3.514414e-01
   outer loop
     vertex  8.020303e+00 -9.587739e+00  9.466667e+01
     vertex  7.914728e+00 -9.019816e+00  9.600000e+01
     vertex  7.664299e+00 -9.233554e+00  9.600000e+01
   endloop
 endfacet
 facet normal  6.575778e-01 -6.666216e-01  3.510086e-01
   outer loop
     vertex  9.378785e+00 -9.002132e+00  9.333333e+01
     vertex  8.873191e+00 -9.500868e+00  9.333333e+01
     vertex  9.214467e+00 -9.866286e+00  9.200000e+01
   endloop
 endfacet
 facet normal  6.575778e-01 -6.666216e-01  3.510086e-01
   outer loop
     vertex  9.378785e+00 -9.002132e+00  9.333333e+01
     vertex  9.214467e+00 -9.866286e+00  9.200000e+01
     vertex  9.739508e+00 -9.348368e+00  9.200000e+01
   endloop
 endfacet
 facet normal  6.930003e-01 -6.297171e-01  3.510086e-01
   outer loop
     vertex  9.378785e+00 -9.002132e+00  9.333333e+01
     vertex  9.739508e+00 -9.348368e+00  9.200000e+01
     vertex  1.023548e+01 -8.802552e+00  9.200000e+01
   endloop
 endfacet
 facet normal  7.263545e-01 -5.909332e-01  3.510086e-01
   outer loop
     vertex  1.070091e+01 -8.230465e+00  9.200000e+01
     vertex  1.023548e+01 -8.802552e+00  9.200000e+01
     vertex  1.061457e+01 -9.128572e+00  9.066667e+01
   endloop
 endfacet
 facet normal  7.263545e-01 -5.909332e-01  3.510086e-01
   outer loop
     vertex  1.070091e+01 -8.230465e+00  9.200000e+01
     vertex  1.061457e+01 -9.128572e+00  9.066667e+01
     vertex  1.109724e+01 -8.535297e+00  9.066667e+01
   endloop
 endfacet
 facet normal  7.864668e-01 -5.081958e-01  3.510086e-01
   outer loop
     vertex  1.196187e+01 -7.274175e+00  9.066667e+01
     vertex  1.195917e+01 -8.199283e+00  8.933333e+01
     vertex  1.238908e+01 -7.533967e+00  8.933333e+01
   endloop
 endfacet
 facet normal  7.864668e-01 -5.081958e-01  3.510086e-01
   outer loop
     vertex  1.196187e+01 -7.274175e+00  9.066667e+01
     vertex  1.154679e+01 -7.916549e+00  9.066667e+01
     vertex  1.195917e+01 -8.199283e+00  8.933333e+01
   endloop
 endfacet
 facet normal  8.419300e-01 -4.095252e-01  3.513445e-01
   outer loop
     vertex  1.313681e+01 -6.137935e+00  8.933333e+01
     vertex  1.339764e+01 -6.745606e+00  8.800000e+01
     vertex  1.357766e+01 -6.375515e+00  8.800000e+01
   endloop
 endfacet
 facet normal  8.530078e-01 -3.863459e-01  3.508769e-01
   outer loop
     vertex  1.313681e+01 -6.137935e+00  8.933333e+01
     vertex  1.357766e+01 -6.375515e+00  8.800000e+01
     vertex  1.374745e+01 -6.000626e+00  8.800000e+01
   endloop
 endfacet
 facet normal  8.360449e-01 -4.188188e-01  3.544288e-01
   outer loop
     vertex  1.313681e+01 -6.137935e+00  8.933333e+01
     vertex  1.278202e+01 -6.846167e+00  8.933333e+01
     vertex  1.339764e+01 -6.745606e+00  8.800000e+01
   endloop
 endfacet
 facet normal  6.201929e-01 -7.015367e-01  3.510086e-01
   outer loop
     vertex  8.531914e+00 -9.135450e+00  9.466667e+01
     vertex  8.020303e+00 -9.587739e+00  9.466667e+01
     vertex  8.873191e+00 -9.500868e+00  9.333333e+01
   endloop
 endfacet
 facet normal  6.575778e-01 -6.666216e-01  3.510086e-01
   outer loop
     vertex  8.531914e+00 -9.135450e+00  9.466667e+01
     vertex  8.873191e+00 -9.500868e+00  9.333333e+01
     vertex  9.378785e+00 -9.002132e+00  9.333333e+01
   endloop
 endfacet
 facet normal  6.208630e-01 -7.022947e-01  3.482977e-01
   outer loop
     vertex  8.531914e+00 -9.135450e+00  9.466667e+01
     vertex  7.914728e+00 -9.019816e+00  9.600000e+01
     vertex  8.020303e+00 -9.587739e+00  9.466667e+01
   endloop
 endfacet
 facet normal  6.272771e-01 -6.953818e-01  3.506672e-01
   outer loop
     vertex  8.531914e+00 -9.135450e+00  9.466667e+01
     vertex  8.159199e+00 -8.799288e+00  9.600000e+01
     vertex  7.914728e+00 -9.019816e+00  9.600000e+01
   endloop
 endfacet
 facet normal  6.459227e-01 -6.777062e-01  3.514230e-01
   outer loop
     vertex  8.531914e+00 -9.135450e+00  9.466667e+01
     vertex  8.397528e+00 -8.572136e+00  9.600000e+01
     vertex  8.159199e+00 -8.799288e+00  9.600000e+01
   endloop
 endfacet
 facet normal  6.930003e-01 -6.297171e-01  3.510086e-01
   outer loop
     vertex  9.856390e+00 -8.476531e+00  9.333333e+01
     vertex  9.378785e+00 -9.002132e+00  9.333333e+01
     vertex  1.023548e+01 -8.802552e+00  9.200000e+01
   endloop
 endfacet
 facet normal  7.263545e-01 -5.909332e-01  3.510086e-01
   outer loop
     vertex  9.856390e+00 -8.476531e+00  9.333333e+01
     vertex  1.023548e+01 -8.802552e+00  9.200000e+01
     vertex  1.070091e+01 -8.230465e+00  9.200000e+01
   endloop
 endfacet
 facet normal  7.575411e-01 -5.503858e-01  3.510086e-01
   outer loop
     vertex  1.113440e+01 -7.633815e+00  9.200000e+01
     vertex  1.070091e+01 -8.230465e+00  9.200000e+01
     vertex  1.109724e+01 -8.535297e+00  9.066667e+01
   endloop
 endfacet
 facet normal  7.575411e-01 -5.503858e-01  3.510086e-01
   outer loop
     vertex  1.113440e+01 -7.633815e+00  9.200000e+01
     vertex  1.109724e+01 -8.535297e+00  9.066667e+01
     vertex  1.154679e+01 -7.916549e+00  9.066667e+01
   endloop
 endfacet
 facet normal  8.130454e-01 -4.644891e-01  3.510086e-01
   outer loop
     vertex  1.234126e+01 -6.610092e+00  9.066667e+01
     vertex  1.196187e+01 -7.274175e+00  9.066667e+01
     vertex  1.238908e+01 -7.533967e+00  8.933333e+01
   endloop
 endfacet
 facet normal  8.130454e-01 -4.644891e-01  3.510086e-01
   outer loop
     vertex  1.234126e+01 -6.610092e+00  9.066667e+01
     vertex  1.238908e+01 -7.533967e+00  8.933333e+01
     vertex  1.278202e+01 -6.846167e+00  8.933333e+01
   endloop
 endfacet
 facet normal  8.631355e-01 -3.627359e-01  3.513114e-01
   outer loop
     vertex  1.345239e+01 -5.411385e+00  8.933333e+01
     vertex  1.374745e+01 -6.000626e+00  8.800000e+01
     vertex  1.390690e+01 -5.621219e+00  8.800000e+01
   endloop
 endfacet
 facet normal  8.729050e-01 -3.389756e-01  3.509024e-01
   outer loop
     vertex  1.345239e+01 -5.411385e+00  8.933333e+01
     vertex  1.390690e+01 -5.621219e+00  8.800000e+01
     vertex  1.405588e+01 -5.237580e+00  8.800000e+01
   endloop
 endfacet
 facet normal  8.576673e-01 -3.725375e-01  3.544329e-01
   outer loop
     vertex  1.345239e+01 -5.411385e+00  8.933333e+01
     vertex  1.313681e+01 -6.137935e+00  8.933333e+01
     vertex  1.374745e+01 -6.000626e+00  8.800000e+01
   endloop
 endfacet
 facet normal  6.821260e-01 -6.412638e-01  3.514041e-01
   outer loop
     vertex  9.018063e+00 -8.655897e+00  9.466667e+01
     vertex  8.855048e+00 -8.098650e+00  9.600000e+01
     vertex  8.629536e+00 -8.338532e+00  9.600000e+01
   endloop
 endfacet
 facet normal  6.575778e-01 -6.666216e-01  3.510086e-01
   outer loop
     vertex  9.018063e+00 -8.655897e+00  9.466667e+01
     vertex  8.531914e+00 -9.135450e+00  9.466667e+01
     vertex  9.378785e+00 -9.002132e+00  9.333333e+01
   endloop
 endfacet
 facet normal  6.582900e-01 -6.673436e-01  3.482914e-01
   outer loop
     vertex  9.018063e+00 -8.655897e+00  9.466667e+01
     vertex  8.397528e+00 -8.572136e+00  9.600000e+01
     vertex  8.531914e+00 -9.135450e+00  9.466667e+01
   endloop
 endfacet
 facet normal  6.930003e-01 -6.297171e-01  3.510086e-01
   outer loop
     vertex  9.018063e+00 -8.655897e+00  9.466667e+01
     vertex  9.378785e+00 -9.002132e+00  9.333333e+01
     vertex  9.856390e+00 -8.476531e+00  9.333333e+01
   endloop
 endfacet
 facet normal  6.644645e-01 -6.599222e-01  3.506988e-01
   outer loop
     vertex  9.018063e+00 -8.655897e+00  9.466667e+01
     vertex  8.629536e+00 -8.338532e+00  9.600000e+01
     vertex  8.397528e+00 -8.572136e+00  9.600000e+01
   endloop
 endfacet
 facet normal  7.263545e-01 -5.909332e-01  3.510086e-01
   outer loop
     vertex  1.030458e+01 -7.925633e+00  9.333333e+01
     vertex  9.856390e+00 -8.476531e+00  9.333333e+01
     vertex  1.070091e+01 -8.230465e+00  9.200000e+01
   endloop
 endfacet
 facet normal  7.864668e-01 -5.081958e-01  3.510086e-01
   outer loop
     vertex  1.153466e+01 -7.014383e+00  9.200000e+01
     vertex  1.154679e+01 -7.916549e+00  9.066667e+01
     vertex  1.196187e+01 -7.274175e+00  9.066667e+01
   endloop
 endfacet
 facet normal  7.864668e-01 -5.081958e-01  3.510086e-01
   outer loop
     vertex  1.153466e+01 -7.014383e+00  9.200000e+01
     vertex  1.113440e+01 -7.633815e+00  9.200000e+01
     vertex  1.154679e+01 -7.916549e+00  9.066667e+01
   endloop
 endfacet
 facet normal  8.371976e-01 -4.193962e-01  3.510086e-01
   outer loop
     vertex  1.268382e+01 -5.926282e+00  9.066667e+01
     vertex  1.234126e+01 -6.610092e+00  9.066667e+01
     vertex  1.278202e+01 -6.846167e+00  8.933333e+01
   endloop
 endfacet
 facet normal  8.371976e-01 -4.193962e-01  3.510086e-01
   outer loop
     vertex  1.268382e+01 -5.926282e+00  9.066667e+01
     vertex  1.278202e+01 -6.846167e+00  8.933333e+01
     vertex  1.313681e+01 -6.137935e+00  8.933333e+01
   endloop
 endfacet
 facet normal  8.767301e-01 -3.251445e-01  3.544366e-01
   outer loop
     vertex  1.372783e+01 -4.668686e+00  8.933333e+01
     vertex  1.345239e+01 -5.411385e+00  8.933333e+01
     vertex  1.405588e+01 -5.237580e+00  8.800000e+01
   endloop
 endfacet
 facet normal  8.817429e-01 -3.148532e-01  3.512789e-01
   outer loop
     vertex  1.372783e+01 -4.668686e+00  8.933333e+01
     vertex  1.405588e+01 -5.237580e+00  8.800000e+01
     vertex  1.419428e+01 -4.849999e+00  8.800000e+01
   endloop
 endfacet
 facet normal  8.901737e-01 -2.905857e-01  3.509283e-01
   outer loop
     vertex  1.372783e+01 -4.668686e+00  8.933333e+01
     vertex  1.419428e+01 -4.849999e+00  8.800000e+01
     vertex  1.432199e+01 -4.458768e+00  8.800000e+01
   endloop
 endfacet
 facet normal  6.996506e-01 -6.224769e-01  3.507299e-01
   outer loop
     vertex  9.477298e+00 -8.150511e+00  9.466667e+01
     vertex  9.073893e+00 -7.852672e+00  9.600000e+01
     vertex  8.855048e+00 -8.098650e+00  9.600000e+01
   endloop
 endfacet
 facet normal  7.162765e-01 -6.028903e-01  3.513849e-01
   outer loop
     vertex  9.477298e+00 -8.150511e+00  9.466667e+01
     vertex  9.285909e+00 -7.600783e+00  9.600000e+01
     vertex  9.073893e+00 -7.852672e+00  9.600000e+01
   endloop
 endfacet
 facet normal  6.937524e-01 -6.304005e-01  3.482855e-01
   outer loop
     vertex  9.477298e+00 -8.150511e+00  9.466667e+01
     vertex  8.855048e+00 -8.098650e+00  9.600000e+01
     vertex  9.018063e+00 -8.655897e+00  9.466667e+01
   endloop
 endfacet
 facet normal  6.930003e-01 -6.297171e-01  3.510086e-01
   outer loop
     vertex  9.477298e+00 -8.150511e+00  9.466667e+01
     vertex  9.018063e+00 -8.655897e+00  9.466667e+01
     vertex  9.856390e+00 -8.476531e+00  9.333333e+01
   endloop
 endfacet
 facet normal  7.575411e-01 -5.503858e-01  3.510086e-01
   outer loop
     vertex  1.072201e+01 -7.351081e+00  9.333333e+01
     vertex  1.070091e+01 -8.230465e+00  9.200000e+01
     vertex  1.113440e+01 -7.633815e+00  9.200000e+01
   endloop
 endfacet
 facet normal  7.575411e-01 -5.503858e-01  3.510086e-01
   outer loop
     vertex  1.072201e+01 -7.351081e+00  9.333333e+01
     vertex  1.030458e+01 -7.925633e+00  9.333333e+01
     vertex  1.070091e+01 -8.230465e+00  9.200000e+01
   endloop
 endfacet
 facet normal  7.864668e-01 -5.081958e-01  3.510086e-01
   outer loop
     vertex  1.072201e+01 -7.351081e+00  9.333333e+01
     vertex  1.113440e+01 -7.633815e+00  9.200000e+01
     vertex  1.153466e+01 -7.014383e+00  9.200000e+01
   endloop
 endfacet
 facet normal  8.130454e-01 -4.644891e-01  3.510086e-01
   outer loop
     vertex  1.190050e+01 -6.374018e+00  9.200000e+01
     vertex  1.196187e+01 -7.274175e+00  9.066667e+01
     vertex  1.234126e+01 -6.610092e+00  9.066667e+01
   endloop
 endfacet
 facet normal  8.130454e-01 -4.644891e-01  3.510086e-01
   outer loop
     vertex  1.190050e+01 -6.374018e+00  9.200000e+01
     vertex  1.153466e+01 -7.014383e+00  9.200000e+01
     vertex  1.196187e+01 -7.274175e+00  9.066667e+01
   endloop
 endfacet
 facet normal  8.588512e-01 -3.730517e-01  3.510086e-01
   outer loop
     vertex  1.298852e+01 -5.224786e+00  9.066667e+01
     vertex  1.313681e+01 -6.137935e+00  8.933333e+01
     vertex  1.345239e+01 -5.411385e+00  8.933333e+01
   endloop
 endfacet
 facet normal  8.588512e-01 -3.730517e-01  3.510086e-01
   outer loop
     vertex  1.298852e+01 -5.224786e+00  9.066667e+01
     vertex  1.268382e+01 -5.926282e+00  9.066667e+01
     vertex  1.313681e+01 -6.137935e+00  8.933333e+01
   endloop
 endfacet
 facet normal  8.976961e-01 -2.660213e-01  3.512469e-01
   outer loop
     vertex  1.396230e+01 -3.912053e+00  8.933333e+01
     vertex  1.432199e+01 -4.458768e+00  8.800000e+01
     vertex  1.443892e+01 -4.064179e+00  8.800000e+01
   endloop
 endfacet
 facet normal  9.047621e-01 -2.413220e-01  3.509547e-01
   outer loop
     vertex  1.396230e+01 -3.912053e+00  8.933333e+01
     vertex  1.443892e+01 -4.064179e+00  8.800000e+01
     vertex  1.454498e+01 -3.666531e+00  8.800000e+01
   endloop
 endfacet
 facet normal  8.931766e-01 -2.767815e-01  3.544398e-01
   outer loop
     vertex  1.396230e+01 -3.912053e+00  8.933333e+01
     vertex  1.372783e+01 -4.668686e+00  8.933333e+01
     vertex  1.432199e+01 -4.458768e+00  8.800000e+01
   endloop
 endfacet
 facet normal  7.327297e-01 -5.831588e-01  3.507606e-01
   outer loop
     vertex  9.908249e+00 -7.620801e+00  9.466667e+01
     vertex  9.490934e+00 -7.343172e+00  9.600000e+01
     vertex  9.285909e+00 -7.600783e+00  9.600000e+01
   endloop
 endfacet
 facet normal  7.482712e-01 -5.627013e-01  3.513652e-01
   outer loop
     vertex  9.908249e+00 -7.620801e+00  9.466667e+01
     vertex  9.688815e+00 -7.080033e+00  9.600000e+01
     vertex  9.490934e+00 -7.343172e+00  9.600000e+01
   endloop
 endfacet
 facet normal  7.271444e-01 -5.915759e-01  3.482800e-01
   outer loop
     vertex  9.908249e+00 -7.620801e+00  9.466667e+01
     vertex  9.285909e+00 -7.600783e+00  9.600000e+01
     vertex  9.477298e+00 -8.150511e+00  9.466667e+01
   endloop
 endfacet
 facet normal  7.263545e-01 -5.909332e-01  3.510086e-01
   outer loop
     vertex  9.908249e+00 -7.620801e+00  9.466667e+01
     vertex  9.856390e+00 -8.476531e+00  9.333333e+01
     vertex  1.030458e+01 -7.925633e+00  9.333333e+01
   endloop
 endfacet
 facet normal  7.263545e-01 -5.909332e-01  3.510086e-01
   outer loop
     vertex  9.908249e+00 -7.620801e+00  9.466667e+01
     vertex  9.477298e+00 -8.150511e+00  9.466667e+01
     vertex  9.856390e+00 -8.476531e+00  9.333333e+01
   endloop
 endfacet
 facet normal  7.864668e-01 -5.081958e-01  3.510086e-01
   outer loop
     vertex  1.110745e+01 -6.754591e+00  9.333333e+01
     vertex  1.072201e+01 -7.351081e+00  9.333333e+01
     vertex  1.153466e+01 -7.014383e+00  9.200000e+01
   endloop
 endfacet
 facet normal  8.371976e-01 -4.193962e-01  3.510086e-01
   outer loop
     vertex  1.223082e+01 -5.714629e+00  9.200000e+01
     vertex  1.190050e+01 -6.374018e+00  9.200000e+01
     vertex  1.234126e+01 -6.610092e+00  9.066667e+01
   endloop
 endfacet
 facet normal  8.371976e-01 -4.193962e-01  3.510086e-01
   outer loop
     vertex  1.223082e+01 -5.714629e+00  9.200000e+01
     vertex  1.234126e+01 -6.610092e+00  9.066667e+01
     vertex  1.268382e+01 -5.926282e+00  9.066667e+01
   endloop
 endfacet
 facet normal  8.588512e-01 -3.730517e-01  3.510086e-01
   outer loop
     vertex  1.223082e+01 -5.714629e+00  9.200000e+01
     vertex  1.268382e+01 -5.926282e+00  9.066667e+01
     vertex  1.298852e+01 -5.224786e+00  9.066667e+01
   endloop
 endfacet
 facet normal  8.779417e-01 -3.255939e-01  3.510086e-01
   outer loop
     vertex  1.325446e+01 -4.507697e+00  9.066667e+01
     vertex  1.298852e+01 -5.224786e+00  9.066667e+01
     vertex  1.345239e+01 -5.411385e+00  8.933333e+01
   endloop
 endfacet
 facet normal  8.779417e-01 -3.255939e-01  3.510086e-01
   outer loop
     vertex  1.325446e+01 -4.507697e+00  9.066667e+01
     vertex  1.345239e+01 -5.411385e+00  8.933333e+01
     vertex  1.372783e+01 -4.668686e+00  8.933333e+01
   endloop
 endfacet
 facet normal  9.109469e-01 -2.163873e-01  3.512154e-01
   outer loop
     vertex  1.415510e+01 -3.143745e+00  8.933333e+01
     vertex  1.454498e+01 -3.666531e+00  8.800000e+01
     vertex  1.464010e+01 -3.266124e+00  8.800000e+01
   endloop
 endfacet
 facet normal  9.166262e-01 -1.913328e-01  3.509817e-01
   outer loop
     vertex  1.415510e+01 -3.143745e+00  8.933333e+01
     vertex  1.464010e+01 -3.266124e+00  8.800000e+01
     vertex  1.472419e+01 -2.863257e+00  8.800000e+01
   endloop
 endfacet
 facet normal  9.069577e-01 -2.275925e-01  3.544424e-01
   outer loop
     vertex  1.415510e+01 -3.143745e+00  8.933333e+01
     vertex  1.396230e+01 -3.912053e+00  8.933333e+01
     vertex  1.454498e+01 -3.666531e+00  8.800000e+01
   endloop
 endfacet
 facet normal  7.636023e-01 -5.420860e-01  3.507908e-01
   outer loop
     vertex  1.030963e+01 -7.068348e+00  9.466667e+01
     vertex  9.879402e+00 -6.811565e+00  9.600000e+01
     vertex  9.688815e+00 -7.080033e+00  9.600000e+01
   endloop
 endfacet
 facet normal  7.575411e-01 -5.503858e-01  3.510086e-01
   outer loop
     vertex  1.030963e+01 -7.068348e+00  9.466667e+01
     vertex  9.908249e+00 -7.620801e+00  9.466667e+01
     vertex  1.030458e+01 -7.925633e+00  9.333333e+01
   endloop
 endfacet
 facet normal  7.780139e-01 -5.208177e-01  3.513450e-01
   outer loop
     vertex  1.030963e+01 -7.068348e+00  9.466667e+01
     vertex  1.006255e+01 -6.537969e+00  9.600000e+01
     vertex  9.879402e+00 -6.811565e+00  9.600000e+01
   endloop
 endfacet
 facet normal  7.864668e-01 -5.081958e-01  3.510086e-01
   outer loop
     vertex  1.030963e+01 -7.068348e+00  9.466667e+01
     vertex  1.072201e+01 -7.351081e+00  9.333333e+01
     vertex  1.110745e+01 -6.754591e+00  9.333333e+01
   endloop
 endfacet
 facet normal  7.583664e-01 -5.509854e-01  3.482749e-01
   outer loop
     vertex  1.030963e+01 -7.068348e+00  9.466667e+01
     vertex  9.688815e+00 -7.080033e+00  9.600000e+01
     vertex  9.908249e+00 -7.620801e+00  9.466667e+01
   endloop
 endfacet
 facet normal  7.575411e-01 -5.503858e-01  3.510086e-01
   outer loop
     vertex  1.030963e+01 -7.068348e+00  9.466667e+01
     vertex  1.030458e+01 -7.925633e+00  9.333333e+01
     vertex  1.072201e+01 -7.351081e+00  9.333333e+01
   endloop
 endfacet
 facet normal  8.130454e-01 -4.644891e-01  3.510086e-01
   outer loop
     vertex  1.145974e+01 -6.137943e+00  9.333333e+01
     vertex  1.110745e+01 -6.754591e+00  9.333333e+01
     vertex  1.153466e+01 -7.014383e+00  9.200000e+01
   endloop
 endfacet
 facet normal  8.130454e-01 -4.644891e-01  3.510086e-01
   outer loop
     vertex  1.145974e+01 -6.137943e+00  9.333333e+01
     vertex  1.153466e+01 -7.014383e+00  9.200000e+01
     vertex  1.190050e+01 -6.374018e+00  9.200000e+01
   endloop
 endfacet
 facet normal  8.588512e-01 -3.730517e-01  3.510086e-01
   outer loop
     vertex  1.252464e+01 -5.038186e+00  9.200000e+01
     vertex  1.223082e+01 -5.714629e+00  9.200000e+01
     vertex  1.298852e+01 -5.224786e+00  9.066667e+01
   endloop
 endfacet
 facet normal  8.779417e-01 -3.255939e-01  3.510086e-01
   outer loop
     vertex  1.252464e+01 -5.038186e+00  9.200000e+01
     vertex  1.298852e+01 -5.224786e+00  9.066667e+01
     vertex  1.325446e+01 -4.507697e+00  9.066667e+01
   endloop
 endfacet
 facet normal  8.944121e-01 -2.771643e-01  3.510086e-01
   outer loop
     vertex  1.348084e+01 -3.777155e+00  9.066667e+01
     vertex  1.372783e+01 -4.668686e+00  8.933333e+01
     vertex  1.396230e+01 -3.912053e+00  8.933333e+01
   endloop
 endfacet
 facet normal  9.082131e-01 -2.279076e-01  3.510086e-01
   outer loop
     vertex  1.348084e+01 -3.777155e+00  9.066667e+01
     vertex  1.396230e+01 -3.912053e+00  8.933333e+01
     vertex  1.415510e+01 -3.143745e+00  8.933333e+01
   endloop
 endfacet
 facet normal  8.944121e-01 -2.771643e-01  3.510086e-01
   outer loop
     vertex  1.348084e+01 -3.777155e+00  9.066667e+01
     vertex  1.325446e+01 -4.507697e+00  9.066667e+01
     vertex  1.372783e+01 -4.668686e+00  8.933333e+01
   endloop
 endfacet
 facet normal  9.214554e-01 -1.661005e-01  3.511844e-01
   outer loop
     vertex  1.430566e+01 -2.366055e+00  8.933333e+01
     vertex  1.472419e+01 -2.863257e+00  8.800000e+01
     vertex  1.479720e+01 -2.458235e+00  8.800000e+01
   endloop
 endfacet
 facet normal  9.257304e-01 -1.407686e-01  3.510091e-01
   outer loop
     vertex  1.430566e+01 -2.366055e+00  8.933333e+01
     vertex  1.479720e+01 -2.458235e+00  8.800000e+01
     vertex  1.485907e+01 -2.051363e+00  8.800000e+01
   endloop
 endfacet
 facet normal  9.180322e-01 -1.777245e-01  3.544445e-01
   outer loop
     vertex  1.430566e+01 -2.366055e+00  8.933333e+01
     vertex  1.415510e+01 -3.143745e+00  8.933333e+01
     vertex  1.472419e+01 -2.863257e+00  8.800000e+01
   endloop
 endfacet
 facet normal  7.921755e-01 -4.993825e-01  3.508206e-01
   outer loop
     vertex  1.068024e+01 -6.494799e+00  9.466667e+01
     vertex  1.023813e+01 -6.259452e+00  9.600000e+01
     vertex  1.006255e+01 -6.537969e+00  9.600000e+01
   endloop
 endfacet
 facet normal  8.054149e-01 -4.773656e-01  3.513244e-01
   outer loop
     vertex  1.068024e+01 -6.494799e+00  9.466667e+01
     vertex  1.040600e+01 -5.976223e+00  9.600000e+01
     vertex  1.023813e+01 -6.259452e+00  9.600000e+01
   endloop
 endfacet
 facet normal  7.864668e-01 -5.081958e-01  3.510086e-01
   outer loop
     vertex  1.068024e+01 -6.494799e+00  9.466667e+01
     vertex  1.030963e+01 -7.068348e+00  9.466667e+01
     vertex  1.110745e+01 -6.754591e+00  9.333333e+01
   endloop
 endfacet
 facet normal  7.873251e-01 -5.087504e-01  3.482703e-01
   outer loop
     vertex  1.068024e+01 -6.494799e+00  9.466667e+01
     vertex  1.006255e+01 -6.537969e+00  9.600000e+01
     vertex  1.030963e+01 -7.068348e+00  9.466667e+01
   endloop
 endfacet
 facet normal  8.371976e-01 -4.193962e-01  3.510086e-01
   outer loop
     vertex  1.177783e+01 -5.502976e+00  9.333333e+01
     vertex  1.145974e+01 -6.137943e+00  9.333333e+01
     vertex  1.190050e+01 -6.374018e+00  9.200000e+01
   endloop
 endfacet
 facet normal  8.371976e-01 -4.193962e-01  3.510086e-01
   outer loop
     vertex  1.177783e+01 -5.502976e+00  9.333333e+01
     vertex  1.190050e+01 -6.374018e+00  9.200000e+01
     vertex  1.223082e+01 -5.714629e+00  9.200000e+01
   endloop
 endfacet
 facet normal  8.779417e-01 -3.255939e-01  3.510086e-01
   outer loop
     vertex  1.278108e+01 -4.346708e+00  9.200000e+01
     vertex  1.252464e+01 -5.038186e+00  9.200000e+01
     vertex  1.325446e+01 -4.507697e+00  9.066667e+01
   endloop
 endfacet
 facet normal  9.082131e-01 -2.279076e-01  3.510086e-01
   outer loop
     vertex  1.366699e+01 -3.035340e+00  9.066667e+01
     vertex  1.348084e+01 -3.777155e+00  9.066667e+01
     vertex  1.415510e+01 -3.143745e+00  8.933333e+01
   endloop
 endfacet
 facet normal  9.263671e-01 -1.273262e-01  3.544460e-01
   outer loop
     vertex  1.441352e+01 -1.581304e+00  8.933333e+01
     vertex  1.430566e+01 -2.366055e+00  8.933333e+01
     vertex  1.485907e+01 -2.051363e+00  8.800000e+01
   endloop
 endfacet
 facet normal  9.291899e-01 -1.153124e-01  3.511539e-01
   outer loop
     vertex  1.441352e+01 -1.581304e+00  8.933333e+01
     vertex  1.485907e+01 -2.051363e+00  8.800000e+01
     vertex  1.490975e+01 -1.642947e+00  8.800000e+01
   endloop
 endfacet
 facet normal  9.320473e-01 -8.978180e-02  3.510370e-01
   outer loop
     vertex  1.441352e+01 -1.581304e+00  8.933333e+01
     vertex  1.490975e+01 -1.642947e+00  8.800000e+01
     vertex  1.494921e+01 -1.233293e+00  8.800000e+01
   endloop
 endfacet
 facet normal  8.183633e-01 -4.551766e-01  3.508500e-01
   outer loop
     vertex  1.101898e+01 -5.901868e+00  9.466667e+01
     vertex  1.056603e+01 -5.688495e+00  9.600000e+01
     vertex  1.040600e+01 -5.976223e+00  9.600000e+01
   endloop
 endfacet
 facet normal  8.303919e-01 -4.324758e-01  3.513034e-01
   outer loop
     vertex  1.101898e+01 -5.901868e+00  9.466667e+01
     vertex  1.071811e+01 -5.396485e+00  9.600000e+01
     vertex  1.056603e+01 -5.688495e+00  9.600000e+01
   endloop
 endfacet
 facet normal  8.139341e-01 -4.649968e-01  3.482661e-01
   outer loop
     vertex  1.101898e+01 -5.901868e+00  9.466667e+01
     vertex  1.040600e+01 -5.976223e+00  9.600000e+01
     vertex  1.068024e+01 -6.494799e+00  9.466667e+01
   endloop
 endfacet
 facet normal  8.130454e-01 -4.644891e-01  3.510086e-01
   outer loop
     vertex  1.101898e+01 -5.901868e+00  9.466667e+01
     vertex  1.068024e+01 -6.494799e+00  9.466667e+01
     vertex  1.110745e+01 -6.754591e+00  9.333333e+01
   endloop
 endfacet
 facet normal  8.130454e-01 -4.644891e-01  3.510086e-01
   outer loop
     vertex  1.101898e+01 -5.901868e+00  9.466667e+01
     vertex  1.110745e+01 -6.754591e+00  9.333333e+01
     vertex  1.145974e+01 -6.137943e+00  9.333333e+01
   endloop
 endfacet
 facet normal  8.588512e-01 -3.730517e-01  3.510086e-01
   outer loop
     vertex  1.206077e+01 -4.851587e+00  9.333333e+01
     vertex  1.223082e+01 -5.714629e+00  9.200000e+01
     vertex  1.252464e+01 -5.038186e+00  9.200000e+01
   endloop
 endfacet
 facet normal  8.588512e-01 -3.730517e-01  3.510086e-01
   outer loop
     vertex  1.206077e+01 -4.851587e+00  9.333333e+01
     vertex  1.177783e+01 -5.502976e+00  9.333333e+01
     vertex  1.223082e+01 -5.714629e+00  9.200000e+01
   endloop
 endfacet
 facet normal  8.779417e-01 -3.255939e-01  3.510086e-01
   outer loop
     vertex  1.206077e+01 -4.851587e+00  9.333333e+01
     vertex  1.252464e+01 -5.038186e+00  9.200000e+01
     vertex  1.278108e+01 -4.346708e+00  9.200000e+01
   endloop
 endfacet
 facet normal  8.944121e-01 -2.771643e-01  3.510086e-01
   outer loop
     vertex  1.299938e+01 -3.642256e+00  9.200000e+01
     vertex  1.325446e+01 -4.507697e+00  9.066667e+01
     vertex  1.348084e+01 -3.777155e+00  9.066667e+01
   endloop
 endfacet
 facet normal  8.944121e-01 -2.771643e-01  3.510086e-01
   outer loop
     vertex  1.299938e+01 -3.642256e+00  9.200000e+01
     vertex  1.278108e+01 -4.346708e+00  9.200000e+01
     vertex  1.325446e+01 -4.507697e+00  9.066667e+01
   endloop
 endfacet
 facet normal  9.193038e-01 -1.779707e-01  3.510086e-01
   outer loop
     vertex  1.381236e+01 -2.284467e+00  9.066667e+01
     vertex  1.366699e+01 -3.035340e+00  9.066667e+01
     vertex  1.415510e+01 -3.143745e+00  8.933333e+01
   endloop
 endfacet
 facet normal  9.193038e-01 -1.779707e-01  3.510086e-01
   outer loop
     vertex  1.381236e+01 -2.284467e+00  9.066667e+01
     vertex  1.415510e+01 -3.143745e+00  8.933333e+01
     vertex  1.430566e+01 -2.366055e+00  8.933333e+01
   endloop
 endfacet
 facet normal  9.319376e-01 -7.654802e-02  3.544471e-01
   outer loop
     vertex  1.447836e+01 -7.918336e-01  8.933333e+01
     vertex  1.441352e+01 -1.581304e+00  8.933333e+01
     vertex  1.494921e+01 -1.233293e+00  8.800000e+01
   endloop
 endfacet
 facet normal  9.347270e-01 -2.554141e-02  3.544476e-01
   outer loop
     vertex  1.447836e+01 -7.918336e-01  8.933333e+01
     vertex  1.499435e+01 -4.115107e-01  8.800000e+01
     vertex  1.450000e+01 -3.551476e-15  8.933333e+01
   endloop
 endfacet
 facet normal  9.341271e-01 -6.417594e-02  3.511239e-01
   outer loop
     vertex  1.447836e+01 -7.918336e-01  8.933333e+01
     vertex  1.494921e+01 -1.233293e+00  8.800000e+01
     vertex  1.497742e+01 -8.227117e-01  8.800000e+01
   endloop
 endfacet
 facet normal  9.355580e-01 -3.852580e-02  3.510655e-01
   outer loop
     vertex  1.447836e+01 -7.918336e-01  8.933333e+01
     vertex  1.497742e+01 -8.227117e-01  8.800000e+01
     vertex  1.499435e+01 -4.115107e-01  8.800000e+01
   endloop
 endfacet
 facet normal  8.420870e-01 -4.096016e-01  3.508789e-01
   outer loop
     vertex  1.132484e+01 -5.291324e+00  9.466667e+01
     vertex  1.086213e+01 -5.100412e+00  9.600000e+01
     vertex  1.071811e+01 -5.396485e+00  9.600000e+01
   endloop
 endfacet
 facet normal  8.528694e-01 -3.862832e-01  3.512820e-01
   outer loop
     vertex  1.132484e+01 -5.291324e+00  9.466667e+01
     vertex  1.099796e+01 -4.800501e+00  9.600000e+01
     vertex  1.086213e+01 -5.100412e+00  9.600000e+01
   endloop
 endfacet
 facet normal  8.371976e-01 -4.193962e-01  3.510086e-01
   outer loop
     vertex  1.132484e+01 -5.291324e+00  9.466667e+01
     vertex  1.145974e+01 -6.137943e+00  9.333333e+01
     vertex  1.177783e+01 -5.502976e+00  9.333333e+01
   endloop
 endfacet
 facet normal  8.381139e-01 -4.198553e-01  3.482623e-01
   outer loop
     vertex  1.132484e+01 -5.291324e+00  9.466667e+01
     vertex  1.071811e+01 -5.396485e+00  9.600000e+01
     vertex  1.101898e+01 -5.901868e+00  9.466667e+01
   endloop
 endfacet
 facet normal  8.371976e-01 -4.193962e-01  3.510086e-01
   outer loop
     vertex  1.132484e+01 -5.291324e+00  9.466667e+01
     vertex  1.101898e+01 -5.901868e+00  9.466667e+01
     vertex  1.145974e+01 -6.137943e+00  9.333333e+01
   endloop
 endfacet
 facet normal  8.588512e-01 -3.730517e-01  3.510086e-01
   outer loop
     vertex  1.132484e+01 -5.291324e+00  9.466667e+01
     vertex  1.177783e+01 -5.502976e+00  9.333333e+01
     vertex  1.206077e+01 -4.851587e+00  9.333333e+01
   endloop
 endfacet
 facet normal  8.779417e-01 -3.255939e-01  3.510086e-01
   outer loop
     vertex  1.230771e+01 -4.185718e+00  9.333333e+01
     vertex  1.206077e+01 -4.851587e+00  9.333333e+01
     vertex  1.278108e+01 -4.346708e+00  9.200000e+01
   endloop
 endfacet
 facet normal  9.082131e-01 -2.279076e-01  3.510086e-01
   outer loop
     vertex  1.317889e+01 -2.926935e+00  9.200000e+01
     vertex  1.348084e+01 -3.777155e+00  9.066667e+01
     vertex  1.366699e+01 -3.035340e+00  9.066667e+01
   endloop
 endfacet
 facet normal  9.193038e-01 -1.779707e-01  3.510086e-01
   outer loop
     vertex  1.317889e+01 -2.926935e+00  9.200000e+01
     vertex  1.366699e+01 -3.035340e+00  9.066667e+01
     vertex  1.381236e+01 -2.284467e+00  9.066667e+01
   endloop
 endfacet
 facet normal  9.082131e-01 -2.279076e-01  3.510086e-01
   outer loop
     vertex  1.317889e+01 -2.926935e+00  9.200000e+01
     vertex  1.299938e+01 -3.642256e+00  9.200000e+01
     vertex  1.348084e+01 -3.777155e+00  9.066667e+01
   endloop
 endfacet
 facet normal  9.276508e-01 -1.275027e-01  3.510086e-01
   outer loop
     vertex  1.391650e+01 -1.526776e+00  9.066667e+01
     vertex  1.381236e+01 -2.284467e+00  9.066667e+01
     vertex  1.430566e+01 -2.366055e+00  8.933333e+01
   endloop
 endfacet
 facet normal  9.276508e-01 -1.275027e-01  3.510086e-01
   outer loop
     vertex  1.391650e+01 -1.526776e+00  9.066667e+01
     vertex  1.430566e+01 -2.366055e+00  8.933333e+01
     vertex  1.441352e+01 -1.581304e+00  8.933333e+01
   endloop
 endfacet
 facet normal  8.632752e-01 -3.627946e-01  3.509074e-01
   outer loop
     vertex  1.159689e+01 -4.664987e+00  9.466667e+01
     vertex  1.112552e+01 -4.496975e+00  9.600000e+01
     vertex  1.099796e+01 -4.800501e+00  9.600000e+01
   endloop
 endfacet
 facet normal  8.727800e-01 -3.389270e-01  3.512601e-01
   outer loop
     vertex  1.159689e+01 -4.664987e+00  9.466667e+01
     vertex  1.124470e+01 -4.190064e+00  9.600000e+01
     vertex  1.112552e+01 -4.496975e+00  9.600000e+01
   endloop
 endfacet
 facet normal  8.597924e-01 -3.734605e-01  3.482589e-01
   outer loop
     vertex  1.159689e+01 -4.664987e+00  9.466667e+01
     vertex  1.099796e+01 -4.800501e+00  9.600000e+01
     vertex  1.132484e+01 -5.291324e+00  9.466667e+01
   endloop
 endfacet
 facet normal  8.779417e-01 -3.255939e-01  3.510086e-01
   outer loop
     vertex  1.159689e+01 -4.664987e+00  9.466667e+01
     vertex  1.206077e+01 -4.851587e+00  9.333333e+01
     vertex  1.230771e+01 -4.185718e+00  9.333333e+01
   endloop
 endfacet
 facet normal  8.588512e-01 -3.730517e-01  3.510086e-01
   outer loop
     vertex  1.159689e+01 -4.664987e+00  9.466667e+01
     vertex  1.132484e+01 -5.291324e+00  9.466667e+01
     vertex  1.206077e+01 -4.851587e+00  9.333333e+01
   endloop
 endfacet
 facet normal  8.944121e-01 -2.771643e-01  3.510086e-01
   outer loop
     vertex  1.251792e+01 -3.507358e+00  9.333333e+01
     vertex  1.278108e+01 -4.346708e+00  9.200000e+01
     vertex  1.299938e+01 -3.642256e+00  9.200000e+01
   endloop
 endfacet
 facet normal  8.944121e-01 -2.771643e-01  3.510086e-01
   outer loop
     vertex  1.251792e+01 -3.507358e+00  9.333333e+01
     vertex  1.230771e+01 -4.185718e+00  9.333333e+01
     vertex  1.278108e+01 -4.346708e+00  9.200000e+01
   endloop
 endfacet
 facet normal  9.082131e-01 -2.279076e-01  3.510086e-01
   outer loop
     vertex  1.251792e+01 -3.507358e+00  9.333333e+01
     vertex  1.299938e+01 -3.642256e+00  9.200000e+01
     vertex  1.317889e+01 -2.926935e+00  9.200000e+01
   endloop
 endfacet
 facet normal  9.193038e-01 -1.779707e-01  3.510086e-01
   outer loop
     vertex  1.331906e+01 -2.202879e+00  9.200000e+01
     vertex  1.317889e+01 -2.926935e+00  9.200000e+01
     vertex  1.381236e+01 -2.284467e+00  9.066667e+01
   endloop
 endfacet
 facet normal  9.332294e-01 -7.665413e-02  3.510086e-01
   outer loop
     vertex  1.397911e+01 -7.645290e-01  9.066667e+01
     vertex  1.441352e+01 -1.581304e+00  8.933333e+01
     vertex  1.447836e+01 -7.918336e-01  8.933333e+01
   endloop
 endfacet
 facet normal  9.332294e-01 -7.665413e-02  3.510086e-01
   outer loop
     vertex  1.397911e+01 -7.645290e-01  9.066667e+01
     vertex  1.391650e+01 -1.526776e+00  9.066667e+01
     vertex  1.441352e+01 -1.581304e+00  8.933333e+01
   endloop
 endfacet
 facet normal  9.360229e-01 -2.557682e-02  3.510086e-01
   outer loop
     vertex  1.397911e+01 -7.645290e-01  9.066667e+01
     vertex  1.447836e+01 -7.918336e-01  8.933333e+01
     vertex  1.450000e+01 -3.551476e-15  8.933333e+01
   endloop
 endfacet
 facet normal  9.360229e-01 -2.557682e-02  3.510086e-01
   outer loop
     vertex  1.397911e+01 -7.645290e-01  9.066667e+01
     vertex  1.450000e+01 -3.551476e-15  8.933333e+01
     vertex  1.400000e+01 -3.429011e-15  9.066667e+01
   endloop
 endfacet
 facet normal  9.360229e-01 -2.557682e-02  3.510086e-01
   outer loop
     vertex  1.397911e+01 -7.645290e-01  9.066667e+01
     vertex  1.400000e+01 -3.429011e-15  9.066667e+01
     vertex  1.350000e+01 -3.306546e-15  9.200000e+01
   endloop
 endfacet
 facet normal  8.818642e-01 -3.148965e-01  3.509354e-01
   outer loop
     vertex  1.183434e+01 -4.024729e+00  9.466667e+01
     vertex  1.135542e+01 -3.880000e+00  9.600000e+01
     vertex  1.124470e+01 -4.190064e+00  9.600000e+01
   endloop
 endfacet
 facet normal  8.900634e-01 -2.905497e-01  3.512377e-01
   outer loop
     vertex  1.183434e+01 -4.024729e+00  9.466667e+01
     vertex  1.145759e+01 -3.567014e+00  9.600000e+01
     vertex  1.135542e+01 -3.880000e+00  9.600000e+01
   endloop
 endfacet
 facet normal  8.789048e-01 -3.259511e-01  3.482559e-01
   outer loop
     vertex  1.183434e+01 -4.024729e+00  9.466667e+01
     vertex  1.124470e+01 -4.190064e+00  9.600000e+01
     vertex  1.159689e+01 -4.664987e+00  9.466667e+01
   endloop
 endfacet
 facet normal  8.779417e-01 -3.255939e-01  3.510086e-01
   outer loop
     vertex  1.183434e+01 -4.024729e+00  9.466667e+01
     vertex  1.159689e+01 -4.664987e+00  9.466667e+01
     vertex  1.230771e+01 -4.185718e+00  9.333333e+01
   endloop
 endfacet
 facet normal  9.082131e-01 -2.279076e-01  3.510086e-01
   outer loop
     vertex  1.269078e+01 -2.818530e+00  9.333333e+01
     vertex  1.251792e+01 -3.507358e+00  9.333333e+01
     vertex  1.317889e+01 -2.926935e+00  9.200000e+01
   endloop
 endfacet
 facet normal  9.276508e-01 -1.275027e-01  3.510086e-01
   outer loop
     vertex  1.341948e+01 -1.472249e+00  9.200000e+01
     vertex  1.381236e+01 -2.284467e+00  9.066667e+01
     vertex  1.391650e+01 -1.526776e+00  9.066667e+01
   endloop
 endfacet
 facet normal  9.332294e-01 -7.665413e-02  3.510086e-01
   outer loop
     vertex  1.341948e+01 -1.472249e+00  9.200000e+01
     vertex  1.391650e+01 -1.526776e+00  9.066667e+01
     vertex  1.397911e+01 -7.645290e-01  9.066667e+01
   endloop
 endfacet
 facet normal  9.276508e-01 -1.275027e-01  3.510086e-01
   outer loop
     vertex  1.341948e+01 -1.472249e+00  9.200000e+01
     vertex  1.331906e+01 -2.202879e+00  9.200000e+01
     vertex  1.381236e+01 -2.284467e+00  9.066667e+01
   endloop
 endfacet
 facet normal  8.977981e-01 -2.660516e-01  3.509630e-01
   outer loop
     vertex  1.203647e+01 -3.372460e+00  9.466667e+01
     vertex  1.155114e+01 -3.251343e+00  9.600000e+01
     vertex  1.145759e+01 -3.567014e+00  9.600000e+01
   endloop
 endfacet
 facet normal  9.046678e-01 -2.412969e-01  3.512149e-01
   outer loop
     vertex  1.203647e+01 -3.372460e+00  9.466667e+01
     vertex  1.163599e+01 -2.933225e+00  9.600000e+01
     vertex  1.155114e+01 -3.251343e+00  9.600000e+01
   endloop
 endfacet
 facet normal  9.082131e-01 -2.279076e-01  3.510086e-01
   outer loop
     vertex  1.203647e+01 -3.372460e+00  9.466667e+01
     vertex  1.251792e+01 -3.507358e+00  9.333333e+01
     vertex  1.269078e+01 -2.818530e+00  9.333333e+01
   endloop
 endfacet
 facet normal  8.953942e-01 -2.774686e-01  3.482534e-01
   outer loop
     vertex  1.203647e+01 -3.372460e+00  9.466667e+01
     vertex  1.145759e+01 -3.567014e+00  9.600000e+01
     vertex  1.183434e+01 -4.024729e+00  9.466667e+01
   endloop
 endfacet
 facet normal  8.944121e-01 -2.771643e-01  3.510086e-01
   outer loop
     vertex  1.203647e+01 -3.372460e+00  9.466667e+01
     vertex  1.230771e+01 -4.185718e+00  9.333333e+01
     vertex  1.251792e+01 -3.507358e+00  9.333333e+01
   endloop
 endfacet
 facet normal  8.944121e-01 -2.771643e-01  3.510086e-01
   outer loop
     vertex  1.203647e+01 -3.372460e+00  9.466667e+01
     vertex  1.183434e+01 -4.024729e+00  9.466667e+01
     vertex  1.230771e+01 -4.185718e+00  9.333333e+01
   endloop
 endfacet
 facet normal  9.193038e-01 -1.779707e-01  3.510086e-01
   outer loop
     vertex  1.282576e+01 -2.121291e+00  9.333333e+01
     vertex  1.317889e+01 -2.926935e+00  9.200000e+01
     vertex  1.331906e+01 -2.202879e+00  9.200000e+01
   endloop
 endfacet
 facet normal  9.193038e-01 -1.779707e-01  3.510086e-01
   outer loop
     vertex  1.282576e+01 -2.121291e+00  9.333333e+01
     vertex  1.269078e+01 -2.818530e+00  9.333333e+01
     vertex  1.317889e+01 -2.926935e+00  9.200000e+01
   endloop
 endfacet
 facet normal  9.360229e-01 -2.557682e-02  3.510086e-01
   outer loop
     vertex  1.347986e+01 -7.372244e-01  9.200000e+01
     vertex  1.350000e+01 -3.306546e-15  9.200000e+01
     vertex  1.300000e+01 -3.184082e-15  9.333333e+01
   endloop
 endfacet
 facet normal  9.332294e-01 -7.665413e-02  3.510086e-01
   outer loop
     vertex  1.347986e+01 -7.372244e-01  9.200000e+01
     vertex  1.341948e+01 -1.472249e+00  9.200000e+01
     vertex  1.397911e+01 -7.645290e-01  9.066667e+01
   endloop
 endfacet
 facet normal  9.360229e-01 -2.557682e-02  3.510086e-01
   outer loop
     vertex  1.347986e+01 -7.372244e-01  9.200000e+01
     vertex  1.397911e+01 -7.645290e-01  9.066667e+01
     vertex  1.350000e+01 -3.306546e-15  9.200000e+01
   endloop
 endfacet
 facet normal  9.110291e-01 -2.164068e-01  3.509902e-01
   outer loop
     vertex  1.220267e+01 -2.710125e+00  9.466667e+01
     vertex  1.171208e+01 -2.612899e+00  9.600000e+01
     vertex  1.163599e+01 -2.933225e+00  9.600000e+01
   endloop
 endfacet
 facet normal  9.165491e-01 -1.913167e-01  3.511917e-01
   outer loop
     vertex  1.220267e+01 -2.710125e+00  9.466667e+01
     vertex  1.177935e+01 -2.290606e+00  9.600000e+01
     vertex  1.171208e+01 -2.612899e+00  9.600000e+01
   endloop
 endfacet
 facet normal  9.092112e-01 -2.281580e-01  3.482513e-01
   outer loop
     vertex  1.220267e+01 -2.710125e+00  9.466667e+01
     vertex  1.163599e+01 -2.933225e+00  9.600000e+01
     vertex  1.203647e+01 -3.372460e+00  9.466667e+01
   endloop
 endfacet
 facet normal  9.082131e-01 -2.279076e-01  3.510086e-01
   outer loop
     vertex  1.220267e+01 -2.710125e+00  9.466667e+01
     vertex  1.203647e+01 -3.372460e+00  9.466667e+01
     vertex  1.269078e+01 -2.818530e+00  9.333333e+01
   endloop
 endfacet
 facet normal  9.193038e-01 -1.779707e-01  3.510086e-01
   outer loop
     vertex  1.220267e+01 -2.710125e+00  9.466667e+01
     vertex  1.269078e+01 -2.818530e+00  9.333333e+01
     vertex  1.282576e+01 -2.121291e+00  9.333333e+01
   endloop
 endfacet
 facet normal  9.276508e-01 -1.275027e-01  3.510086e-01
   outer loop
     vertex  1.292246e+01 -1.417721e+00  9.333333e+01
     vertex  1.331906e+01 -2.202879e+00  9.200000e+01
     vertex  1.341948e+01 -1.472249e+00  9.200000e+01
   endloop
 endfacet
 facet normal  9.276508e-01 -1.275027e-01  3.510086e-01
   outer loop
     vertex  1.292246e+01 -1.417721e+00  9.333333e+01
     vertex  1.282576e+01 -2.121291e+00  9.333333e+01
     vertex  1.331906e+01 -2.202879e+00  9.200000e+01
   endloop
 endfacet
 facet normal  9.215172e-01 -1.661117e-01  3.510169e-01
   outer loop
     vertex  1.233246e+01 -2.039703e+00  9.466667e+01
     vertex  1.183776e+01 -1.966588e+00  9.600000e+01
     vertex  1.177935e+01 -2.290606e+00  9.600000e+01
   endloop
 endfacet
 facet normal  9.256715e-01 -1.407597e-01  3.511681e-01
   outer loop
     vertex  1.233246e+01 -2.039703e+00  9.466667e+01
     vertex  1.188725e+01 -1.641090e+00  9.600000e+01
     vertex  1.183776e+01 -1.966588e+00  9.600000e+01
   endloop
 endfacet
 facet normal  9.193038e-01 -1.779707e-01  3.510086e-01
   outer loop
     vertex  1.233246e+01 -2.039703e+00  9.466667e+01
     vertex  1.220267e+01 -2.710125e+00  9.466667e+01
     vertex  1.282576e+01 -2.121291e+00  9.333333e+01
   endloop
 endfacet
 facet normal  9.203146e-01 -1.781664e-01  3.482496e-01
   outer loop
     vertex  1.233246e+01 -2.039703e+00  9.466667e+01
     vertex  1.177935e+01 -2.290606e+00  9.600000e+01
     vertex  1.220267e+01 -2.710125e+00  9.466667e+01
   endloop
 endfacet
 facet normal  9.360229e-01 -2.557682e-02  3.510086e-01
   outer loop
     vertex  1.298060e+01 -7.099198e-01  9.333333e+01
     vertex  1.347986e+01 -7.372244e-01  9.200000e+01
     vertex  1.300000e+01 -3.184082e-15  9.333333e+01
   endloop
 endfacet
 facet normal  9.332294e-01 -7.665413e-02  3.510086e-01
   outer loop
     vertex  1.298060e+01 -7.099198e-01  9.333333e+01
     vertex  1.292246e+01 -1.417721e+00  9.333333e+01
     vertex  1.341948e+01 -1.472249e+00  9.200000e+01
   endloop
 endfacet
 facet normal  9.360229e-01 -2.557682e-02  3.510086e-01
   outer loop
     vertex  1.298060e+01 -7.099198e-01  9.333333e+01
     vertex  1.300000e+01 -3.184082e-15  9.333333e+01
     vertex  1.250000e+01 -3.061617e-15  9.466667e+01
   endloop
 endfacet
 facet normal  9.332294e-01 -7.665413e-02  3.510086e-01
   outer loop
     vertex  1.298060e+01 -7.099198e-01  9.333333e+01
     vertex  1.341948e+01 -1.472249e+00  9.200000e+01
     vertex  1.347986e+01 -7.372244e-01  9.200000e+01
   endloop
 endfacet
 facet normal  9.276508e-01 -1.275027e-01  3.510086e-01
   outer loop
     vertex  1.242545e+01 -1.363193e+00  9.466667e+01
     vertex  1.282576e+01 -2.121291e+00  9.333333e+01
     vertex  1.292246e+01 -1.417721e+00  9.333333e+01
   endloop
 endfacet
 facet normal  9.276508e-01 -1.275027e-01  3.510086e-01
   outer loop
     vertex  1.242545e+01 -1.363193e+00  9.466667e+01
     vertex  1.233246e+01 -2.039703e+00  9.466667e+01
     vertex  1.282576e+01 -2.121291e+00  9.333333e+01
   endloop
 endfacet
 facet normal  9.292311e-01 -1.153176e-01  3.510432e-01
   outer loop
     vertex  1.242545e+01 -1.363193e+00  9.466667e+01
     vertex  1.192780e+01 -1.314357e+00  9.600000e+01
     vertex  1.188725e+01 -1.641090e+00  9.600000e+01
   endloop
 endfacet
 facet normal  9.320074e-01 -8.977795e-02  3.511440e-01
   outer loop
     vertex  1.242545e+01 -1.363193e+00  9.466667e+01
     vertex  1.195937e+01 -9.866346e-01  9.600000e+01
     vertex  1.192780e+01 -1.314357e+00  9.600000e+01
   endloop
 endfacet
 facet normal  9.332294e-01 -7.665413e-02  3.510086e-01
   outer loop
     vertex  1.242545e+01 -1.363193e+00  9.466667e+01
     vertex  1.292246e+01 -1.417721e+00  9.333333e+01
     vertex  1.298060e+01 -7.099198e-01  9.333333e+01
   endloop
 endfacet
 facet normal  9.286713e-01 -1.276429e-01  3.482483e-01
   outer loop
     vertex  1.242545e+01 -1.363193e+00  9.466667e+01
     vertex  1.188725e+01 -1.641090e+00  9.600000e+01
     vertex  1.233246e+01 -2.039703e+00  9.466667e+01
   endloop
 endfacet
 facet normal  9.360229e-01 -2.557682e-02  3.510086e-01
   outer loop
     vertex  1.248135e+01 -6.826152e-01  9.466667e+01
     vertex  1.298060e+01 -7.099198e-01  9.333333e+01
     vertex  1.250000e+01 -3.061617e-15  9.466667e+01
   endloop
 endfacet
 facet normal  9.342563e-01 -7.673848e-02  3.482475e-01
   outer loop
     vertex  1.248135e+01 -6.826152e-01  9.466667e+01
     vertex  1.195937e+01 -9.866346e-01  9.600000e+01
     vertex  1.242545e+01 -1.363193e+00  9.466667e+01
   endloop
 endfacet
 facet normal  9.341476e-01 -6.417735e-02  3.510691e-01
   outer loop
     vertex  1.248135e+01 -6.826152e-01  9.466667e+01
     vertex  1.198194e+01 -6.581693e-01  9.600000e+01
     vertex  1.195937e+01 -9.866346e-01  9.600000e+01
   endloop
 endfacet
 facet normal  9.355378e-01 -3.852497e-02  3.511194e-01
   outer loop
     vertex  1.248135e+01 -6.826152e-01  9.466667e+01
     vertex  1.199548e+01 -3.292086e-01  9.600000e+01
     vertex  1.198194e+01 -6.581693e-01  9.600000e+01
   endloop
 endfacet
 facet normal  9.332294e-01 -7.665413e-02  3.510086e-01
   outer loop
     vertex  1.248135e+01 -6.826152e-01  9.466667e+01
     vertex  1.242545e+01 -1.363193e+00  9.466667e+01
     vertex  1.298060e+01 -7.099198e-01  9.333333e+01
   endloop
 endfacet
 facet normal  9.370530e-01 -2.560497e-02  3.482471e-01
   outer loop
     vertex  1.248135e+01 -6.826152e-01  9.466667e+01
     vertex  1.250000e+01 -3.061617e-15  9.466667e+01
     vertex  1.199548e+01 -3.292086e-01  9.600000e+01
   endloop
 endfacet
 facet normal  0.000000e+00  0.000000e+00  1.000000e+00
   outer loop
     vertex -6.347343e+00 -6.659673e+00  9.600000e+01
     vertex -6.527656e+00 -6.483033e+00  9.600000e+01
     vertex -8.514333e+00 -8.456130e+00  9.600000e+01
   endloop
 endfacet
 facet normal  0.000000e+00  0.000000e+00  1.000000e+00
   outer loop
     vertex -6.347343e+00 -6.659673e+00  9.600000e+01
     vertex -8.514333e+00 -8.456130e+00  9.600000e+01
     vertex -8.279143e+00 -8.686530e+00  9.600000e+01
   endloop
 endfacet
 facet normal  0.000000e+00  0.000000e+00  1.000000e+00
   outer loop
     vertex -6.703054e+00 -6.301513e+00  9.600000e+01
     vertex -8.514333e+00 -8.456130e+00  9.600000e+01
     vertex -6.527656e+00 -6.483033e+00  9.600000e+01
   endloop
 endfacet
 facet normal  0.000000e+00  0.000000e+00  1.000000e+00
   outer loop
     vertex -6.703054e+00 -6.301513e+00  9.600000e+01
     vertex -8.743114e+00 -8.219364e+00  9.600000e+01
     vertex -8.514333e+00 -8.456130e+00  9.600000e+01
   endloop
 endfacet
 facet normal  0.000000e+00  0.000000e+00  1.000000e+00
   outer loop
     vertex -6.162252e+00 -6.831299e+00  9.600000e+01
     vertex -8.279143e+00 -8.686530e+00  9.600000e+01
     vertex -8.037720e+00 -8.910390e+00  9.600000e+01
   endloop
 endfacet
 facet normal  0.000000e+00  0.000000e+00  1.000000e+00
   outer loop
     vertex -6.162252e+00 -6.831299e+00  9.600000e+01
     vertex -6.347343e+00 -6.659673e+00  9.600000e+01
     vertex -8.279143e+00 -8.686530e+00  9.600000e+01
   endloop
 endfacet
 facet normal  0.000000e+00  0.000000e+00  1.000000e+00
   outer loop
     vertex -6.873408e+00 -6.115249e+00  9.600000e+01
     vertex -8.965314e+00 -7.976412e+00  9.600000e+01
     vertex -8.743114e+00 -8.219364e+00  9.600000e+01
   endloop
 endfacet
 facet normal  0.000000e+00  0.000000e+00  1.000000e+00
   outer loop
     vertex -6.873408e+00 -6.115249e+00  9.600000e+01
     vertex -8.743114e+00 -8.219364e+00  9.600000e+01
     vertex -6.703054e+00 -6.301513e+00  9.600000e+01
   endloop
 endfacet
 facet normal  0.000000e+00  0.000000e+00  1.000000e+00
   outer loop
     vertex -5.972522e+00 -6.997784e+00  9.600000e+01
     vertex -8.037720e+00 -8.910390e+00  9.600000e+01
     vertex -7.790247e+00 -9.127544e+00  9.600000e+01
   endloop
 endfacet
 facet normal  0.000000e+00  0.000000e+00  1.000000e+00
   outer loop
     vertex -5.972522e+00 -6.997784e+00  9.600000e+01
     vertex -6.162252e+00 -6.831299e+00  9.600000e+01
     vertex -8.037720e+00 -8.910390e+00  9.600000e+01
   endloop
 endfacet
 facet normal  0.000000e+00  0.000000e+00  1.000000e+00
   outer loop
     vertex -7.038586e+00 -5.924382e+00  9.600000e+01
     vertex -8.965314e+00 -7.976412e+00  9.600000e+01
     vertex -6.873408e+00 -6.115249e+00  9.600000e+01
   endloop
 endfacet
 facet normal  0.000000e+00  0.000000e+00  1.000000e+00
   outer loop
     vertex -7.038586e+00 -5.924382e+00  9.600000e+01
     vertex -9.180765e+00 -7.727455e+00  9.600000e+01
     vertex -8.965314e+00 -7.976412e+00  9.600000e+01
   endloop
 endfacet
 facet normal  0.000000e+00  0.000000e+00  1.000000e+00
   outer loop
     vertex -5.778297e+00 -7.159000e+00  9.600000e+01
     vertex -7.790247e+00 -9.127544e+00  9.600000e+01
     vertex -7.536909e+00 -9.337826e+00  9.600000e+01
   endloop
 endfacet
 facet normal  0.000000e+00  0.000000e+00  1.000000e+00
   outer loop
     vertex -5.778297e+00 -7.159000e+00  9.600000e+01
     vertex -5.972522e+00 -6.997784e+00  9.600000e+01
     vertex -7.790247e+00 -9.127544e+00  9.600000e+01
   endloop
 endfacet
 facet normal  0.000000e+00  0.000000e+00  1.000000e+00
   outer loop
     vertex -7.198467e+00 -5.729055e+00  9.600000e+01
     vertex -9.180765e+00 -7.727455e+00  9.600000e+01
     vertex -7.038586e+00 -5.924382e+00  9.600000e+01
   endloop
 endfacet
 facet normal  0.000000e+00  0.000000e+00  1.000000e+00
   outer loop
     vertex -7.198467e+00 -5.729055e+00  9.600000e+01
     vertex -9.389305e+00 -7.472681e+00  9.600000e+01
     vertex -9.180765e+00 -7.727455e+00  9.600000e+01
   endloop
 endfacet
 facet normal  0.000000e+00  0.000000e+00  1.000000e+00
   outer loop
     vertex -5.579722e+00 -7.314828e+00  9.600000e+01
     vertex -7.536909e+00 -9.337826e+00  9.600000e+01
     vertex -7.277898e+00 -9.541080e+00  9.600000e+01
   endloop
 endfacet
 facet normal  0.000000e+00  0.000000e+00  1.000000e+00
   outer loop
     vertex -5.579722e+00 -7.314828e+00  9.600000e+01
     vertex -5.778297e+00 -7.159000e+00  9.600000e+01
     vertex -7.536909e+00 -9.337826e+00  9.600000e+01
   endloop
 endfacet
 facet normal  0.000000e+00  0.000000e+00  1.000000e+00
   outer loop
     vertex -7.352929e+00 -5.529416e+00  9.600000e+01
     vertex -9.590777e+00 -7.212281e+00  9.600000e+01
     vertex -9.389305e+00 -7.472681e+00  9.600000e+01
   endloop
 endfacet
 facet normal  0.000000e+00  0.000000e+00  1.000000e+00
   outer loop
     vertex -7.352929e+00 -5.529416e+00  9.600000e+01
     vertex -9.389305e+00 -7.472681e+00  9.600000e+01
     vertex -7.198467e+00 -5.729055e+00  9.600000e+01
   endloop
 endfacet
 facet normal  0.000000e+00  0.000000e+00  1.000000e+00
   outer loop
     vertex -5.376946e+00 -7.465149e+00  9.600000e+01
     vertex -7.277898e+00 -9.541080e+00  9.600000e+01
     vertex -7.013408e+00 -9.737151e+00  9.600000e+01
   endloop
 endfacet
 facet normal  0.000000e+00  0.000000e+00  1.000000e+00
   outer loop
     vertex -5.376946e+00 -7.465149e+00  9.600000e+01
     vertex -5.579722e+00 -7.314828e+00  9.600000e+01
     vertex -7.277898e+00 -9.541080e+00  9.600000e+01
   endloop
 endfacet
 facet normal  0.000000e+00  0.000000e+00  1.000000e+00
   outer loop
     vertex -7.501856e+00 -5.325614e+00  9.600000e+01
     vertex -9.785029e+00 -6.946453e+00  9.600000e+01
     vertex -9.590777e+00 -7.212281e+00  9.600000e+01
   endloop
 endfacet
 facet normal  0.000000e+00  0.000000e+00  1.000000e+00
   outer loop
     vertex -7.501856e+00 -5.325614e+00  9.600000e+01
     vertex -9.590777e+00 -7.212281e+00  9.600000e+01
     vertex -7.352929e+00 -5.529416e+00  9.600000e+01
   endloop
 endfacet
 facet normal  0.000000e+00  0.000000e+00  1.000000e+00
   outer loop
     vertex -5.170123e+00 -7.609851e+00  9.600000e+01
     vertex -7.013408e+00 -9.737151e+00  9.600000e+01
     vertex -6.743639e+00 -9.925892e+00  9.600000e+01
   endloop
 endfacet
 facet normal  0.000000e+00  0.000000e+00  1.000000e+00
   outer loop
     vertex -5.170123e+00 -7.609851e+00  9.600000e+01
     vertex -5.376946e+00 -7.465149e+00  9.600000e+01
     vertex -7.013408e+00 -9.737151e+00  9.600000e+01
   endloop
 endfacet
 facet normal  0.000000e+00  0.000000e+00  1.000000e+00
   outer loop
     vertex -7.645135e+00 -5.117803e+00  9.600000e+01
     vertex -9.785029e+00 -6.946453e+00  9.600000e+01
     vertex -7.501856e+00 -5.325614e+00  9.600000e+01
   endloop
 endfacet
 facet normal  0.000000e+00  0.000000e+00  1.000000e+00
   outer loop
     vertex -7.645135e+00 -5.117803e+00  9.600000e+01
     vertex -9.971915e+00 -6.675395e+00  9.600000e+01
     vertex -9.785029e+00 -6.946453e+00  9.600000e+01
   endloop
 endfacet
 facet normal  0.000000e+00  0.000000e+00  1.000000e+00
   outer loop
     vertex -4.959408e+00 -7.748824e+00  9.600000e+01
     vertex -6.743639e+00 -9.925892e+00  9.600000e+01
     vertex -6.468793e+00 -1.010716e+01  9.600000e+01
   endloop
 endfacet
 facet normal  0.000000e+00  0.000000e+00  1.000000e+00
   outer loop
     vertex -4.959408e+00 -7.748824e+00  9.600000e+01
     vertex -5.170123e+00 -7.609851e+00  9.600000e+01
     vertex -6.743639e+00 -9.925892e+00  9.600000e+01
   endloop
 endfacet
 facet normal  0.000000e+00  0.000000e+00  1.000000e+00
   outer loop
     vertex -7.782660e+00 -4.906140e+00  9.600000e+01
     vertex -1.015130e+01 -6.399313e+00  9.600000e+01
     vertex -9.971915e+00 -6.675395e+00  9.600000e+01
   endloop
 endfacet
 facet normal  0.000000e+00  0.000000e+00  1.000000e+00
   outer loop
     vertex -7.782660e+00 -4.906140e+00  9.600000e+01
     vertex -9.971915e+00 -6.675395e+00  9.600000e+01
     vertex -7.645135e+00 -5.117803e+00  9.600000e+01
   endloop
 endfacet
 facet normal  0.000000e+00  0.000000e+00  1.000000e+00
   outer loop
     vertex -4.744960e+00 -7.881964e+00  9.600000e+01
     vertex -6.468793e+00 -1.010716e+01  9.600000e+01
     vertex -6.189078e+00 -1.028082e+01  9.600000e+01
   endloop
 endfacet
 facet normal  0.000000e+00  0.000000e+00  1.000000e+00
   outer loop
     vertex -4.744960e+00 -7.881964e+00  9.600000e+01
     vertex -4.959408e+00 -7.748824e+00  9.600000e+01
     vertex -6.468793e+00 -1.010716e+01  9.600000e+01
   endloop
 endfacet
 facet normal  0.000000e+00  0.000000e+00  1.000000e+00
   outer loop
     vertex -7.914326e+00 -4.690783e+00  9.600000e+01
     vertex -1.032303e+01 -6.118413e+00  9.600000e+01
     vertex -1.015130e+01 -6.399313e+00  9.600000e+01
   endloop
 endfacet
 facet normal  0.000000e+00  0.000000e+00  1.000000e+00
   outer loop
     vertex -7.914326e+00 -4.690783e+00  9.600000e+01
     vertex -1.015130e+01 -6.399313e+00  9.600000e+01
     vertex -7.782660e+00 -4.906140e+00  9.600000e+01
   endloop
 endfacet
 facet normal  0.000000e+00  0.000000e+00  1.000000e+00
   outer loop
     vertex -4.526940e+00 -8.009171e+00  9.600000e+01
     vertex -4.744960e+00 -7.881964e+00  9.600000e+01
     vertex -6.189078e+00 -1.028082e+01  9.600000e+01
   endloop
 endfacet
 facet normal  0.000000e+00  0.000000e+00  1.000000e+00
   outer loop
     vertex -4.526940e+00 -8.009171e+00  9.600000e+01
     vertex -6.189078e+00 -1.028082e+01  9.600000e+01
     vertex -5.904704e+00 -1.044674e+01  9.600000e+01
   endloop
 endfacet
 facet normal  0.000000e+00  0.000000e+00  1.000000e+00
   outer loop
     vertex -8.040034e+00 -4.471896e+00  9.600000e+01
     vertex -1.032303e+01 -6.118413e+00  9.600000e+01
     vertex -7.914326e+00 -4.690783e+00  9.600000e+01
   endloop
 endfacet
 facet normal  0.000000e+00  0.000000e+00  1.000000e+00
   outer loop
     vertex -8.040034e+00 -4.471896e+00  9.600000e+01
     vertex -1.048700e+01 -5.832908e+00  9.600000e+01
     vertex -1.032303e+01 -6.118413e+00  9.600000e+01
   endloop
 endfacet
 facet normal  0.000000e+00  0.000000e+00  1.000000e+00
   outer loop
     vertex -4.305512e+00 -8.130348e+00  9.600000e+01
     vertex -4.526940e+00 -8.009171e+00  9.600000e+01
     vertex -5.904704e+00 -1.044674e+01  9.600000e+01
   endloop
 endfacet
 facet normal  0.000000e+00  0.000000e+00  1.000000e+00
   outer loop
     vertex -4.305512e+00 -8.130348e+00  9.600000e+01
     vertex -5.904704e+00 -1.044674e+01  9.600000e+01
     vertex -5.615885e+00 -1.060480e+01  9.600000e+01
   endloop
 endfacet
 facet normal  0.000000e+00  0.000000e+00  1.000000e+00
   outer loop
     vertex -8.159690e+00 -4.249642e+00  9.600000e+01
     vertex -1.079114e+01 -5.248942e+00  9.600000e+01
     vertex -1.064307e+01 -5.543011e+00  9.600000e+01
   endloop
 endfacet
 facet normal  0.000000e+00  0.000000e+00  1.000000e+00
   outer loop
     vertex -8.159690e+00 -4.249642e+00  9.600000e+01
     vertex -1.064307e+01 -5.543011e+00  9.600000e+01
     vertex -1.048700e+01 -5.832908e+00  9.600000e+01
   endloop
 endfacet
 facet normal  0.000000e+00  0.000000e+00  1.000000e+00
   outer loop
     vertex -8.159690e+00 -4.249642e+00  9.600000e+01
     vertex -1.048700e+01 -5.832908e+00  9.600000e+01
     vertex -8.040034e+00 -4.471896e+00  9.600000e+01
   endloop
 endfacet
 facet normal  0.000000e+00  0.000000e+00  1.000000e+00
   outer loop
     vertex -4.080843e+00 -8.245406e+00  9.600000e+01
     vertex -5.615885e+00 -1.060480e+01  9.600000e+01
     vertex -5.322839e+00 -1.075488e+01  9.600000e+01
   endloop
 endfacet
 facet normal  0.000000e+00  0.000000e+00  1.000000e+00
   outer loop
     vertex -4.080843e+00 -8.245406e+00  9.600000e+01
     vertex -4.305512e+00 -8.130348e+00  9.600000e+01
     vertex -5.615885e+00 -1.060480e+01  9.600000e+01
   endloop
 endfacet
 facet normal  0.000000e+00  0.000000e+00  1.000000e+00
   outer loop
     vertex -8.273204e+00 -4.024189e+00  9.600000e+01
     vertex -1.079114e+01 -5.248942e+00  9.600000e+01
     vertex -8.159690e+00 -4.249642e+00  9.600000e+01
   endloop
 endfacet
 facet normal  0.000000e+00  0.000000e+00  1.000000e+00
   outer loop
     vertex -3.853102e+00 -8.354257e+00  9.600000e+01
     vertex -5.322839e+00 -1.075488e+01  9.600000e+01
     vertex -5.025786e+00 -1.089686e+01  9.600000e+01
   endloop
 endfacet
 facet normal  0.000000e+00  0.000000e+00  1.000000e+00
   outer loop
     vertex -3.853102e+00 -8.354257e+00  9.600000e+01
     vertex -5.025786e+00 -1.089686e+01  9.600000e+01
     vertex -4.724949e+00 -1.103063e+01  9.600000e+01
   endloop
 endfacet
 facet normal  0.000000e+00  0.000000e+00  1.000000e+00
   outer loop
     vertex -3.853102e+00 -8.354257e+00  9.600000e+01
     vertex -4.080843e+00 -8.245406e+00  9.600000e+01
     vertex -5.322839e+00 -1.075488e+01  9.600000e+01
   endloop
 endfacet
 facet normal  0.000000e+00  0.000000e+00  1.000000e+00
   outer loop
     vertex -8.380490e+00 -3.795707e+00  9.600000e+01
     vertex -1.079114e+01 -5.248942e+00  9.600000e+01
     vertex -8.273204e+00 -4.024189e+00  9.600000e+01
   endloop
 endfacet
 facet normal  0.000000e+00  0.000000e+00  1.000000e+00
   outer loop
     vertex -8.380490e+00 -3.795707e+00  9.600000e+01
     vertex -1.093107e+01 -4.950922e+00  9.600000e+01
     vertex -1.079114e+01 -5.248942e+00  9.600000e+01
   endloop
 endfacet
 facet normal  0.000000e+00  0.000000e+00  1.000000e+00
   outer loop
     vertex -3.622461e+00 -8.456818e+00  9.600000e+01
     vertex -3.853102e+00 -8.354257e+00  9.600000e+01
     vertex -4.724949e+00 -1.103063e+01  9.600000e+01
   endloop
 endfacet
 facet normal  0.000000e+00  0.000000e+00  1.000000e+00
   outer loop
     vertex -8.481467e+00 -3.564368e+00  9.600000e+01
     vertex -1.106278e+01 -4.649175e+00  9.600000e+01
     vertex -1.093107e+01 -4.950922e+00  9.600000e+01
   endloop
 endfacet
 facet normal  0.000000e+00  0.000000e+00  1.000000e+00
   outer loop
     vertex -8.481467e+00 -3.564368e+00  9.600000e+01
     vertex -1.093107e+01 -4.950922e+00  9.600000e+01
     vertex -8.380490e+00 -3.795707e+00  9.600000e+01
   endloop
 endfacet
 facet normal  0.000000e+00  0.000000e+00  1.000000e+00
   outer loop
     vertex -3.389093e+00 -8.553014e+00  9.600000e+01
     vertex -3.622461e+00 -8.456818e+00  9.600000e+01
     vertex -4.724949e+00 -1.103063e+01  9.600000e+01
   endloop
 endfacet
 facet normal  0.000000e+00  0.000000e+00  1.000000e+00
   outer loop
     vertex -3.389093e+00 -8.553014e+00  9.600000e+01
     vertex -4.724949e+00 -1.103063e+01  9.600000e+01
     vertex -4.420556e+00 -1.115611e+01  9.600000e+01
   endloop
 endfacet
 facet normal  0.000000e+00  0.000000e+00  1.000000e+00
   outer loop
     vertex -8.576060e+00 -3.330345e+00  9.600000e+01
     vertex -1.106278e+01 -4.649175e+00  9.600000e+01
     vertex -8.481467e+00 -3.564368e+00  9.600000e+01
   endloop
 endfacet
 facet normal  0.000000e+00  0.000000e+00  1.000000e+00
   outer loop
     vertex -8.576060e+00 -3.330345e+00  9.600000e+01
     vertex -1.118616e+01 -4.343928e+00  9.600000e+01
     vertex -1.106278e+01 -4.649175e+00  9.600000e+01
   endloop
 endfacet
 facet normal  0.000000e+00  0.000000e+00  1.000000e+00
   outer loop
     vertex -3.153173e+00 -8.642771e+00  9.600000e+01
     vertex -4.420556e+00 -1.115611e+01  9.600000e+01
     vertex -4.112835e+00 -1.127318e+01  9.600000e+01
   endloop
 endfacet
 facet normal  0.000000e+00  0.000000e+00  1.000000e+00
   outer loop
     vertex -3.153173e+00 -8.642771e+00  9.600000e+01
     vertex -3.389093e+00 -8.553014e+00  9.600000e+01
     vertex -4.420556e+00 -1.115611e+01  9.600000e+01
   endloop
 endfacet
 facet normal  0.000000e+00  0.000000e+00  1.000000e+00
   outer loop
     vertex -8.664197e+00 -3.093816e+00  9.600000e+01
     vertex -1.118616e+01 -4.343928e+00  9.600000e+01
     vertex -8.576060e+00 -3.330345e+00  9.600000e+01
   endloop
 endfacet
 facet normal  0.000000e+00  0.000000e+00  1.000000e+00
   outer loop
     vertex -8.664197e+00 -3.093816e+00  9.600000e+01
     vertex -1.130113e+01 -4.035412e+00  9.600000e+01
     vertex -1.118616e+01 -4.343928e+00  9.600000e+01
   endloop
 endfacet
 facet normal  0.000000e+00  0.000000e+00  1.000000e+00
   outer loop
     vertex -2.914880e+00 -8.726023e+00  9.600000e+01
     vertex -3.153173e+00 -8.642771e+00  9.600000e+01
     vertex -4.112835e+00 -1.127318e+01  9.600000e+01
   endloop
 endfacet
 facet normal  0.000000e+00  0.000000e+00  1.000000e+00
   outer loop
     vertex -2.914880e+00 -8.726023e+00  9.600000e+01
     vertex -4.112835e+00 -1.127318e+01  9.600000e+01
     vertex -3.802018e+00 -1.138177e+01  9.600000e+01
   endloop
 endfacet
 facet normal  0.000000e+00  0.000000e+00  1.000000e+00
   outer loop
     vertex -8.745812e+00 -2.854957e+00  9.600000e+01
     vertex -1.140758e+01 -3.723857e+00  9.600000e+01
     vertex -1.130113e+01 -4.035412e+00  9.600000e+01
   endloop
 endfacet
 facet normal  0.000000e+00  0.000000e+00  1.000000e+00
   outer loop
     vertex -8.745812e+00 -2.854957e+00  9.600000e+01
     vertex -1.130113e+01 -4.035412e+00  9.600000e+01
     vertex -8.664197e+00 -3.093816e+00  9.600000e+01
   endloop
 endfacet
 facet normal  0.000000e+00  0.000000e+00  1.000000e+00
   outer loop
     vertex -2.674393e+00 -8.802705e+00  9.600000e+01
     vertex -3.802018e+00 -1.138177e+01  9.600000e+01
     vertex -3.488339e+00 -1.148179e+01  9.600000e+01
   endloop
 endfacet
 facet normal  0.000000e+00  0.000000e+00  1.000000e+00
   outer loop
     vertex -2.674393e+00 -8.802705e+00  9.600000e+01
     vertex -2.914880e+00 -8.726023e+00  9.600000e+01
     vertex -3.802018e+00 -1.138177e+01  9.600000e+01
   endloop
 endfacet
 facet normal  0.000000e+00  0.000000e+00  1.000000e+00
   outer loop
     vertex -8.820843e+00 -2.613950e+00  9.600000e+01
     vertex -1.150545e+01 -3.409499e+00  9.600000e+01
     vertex -1.140758e+01 -3.723857e+00  9.600000e+01
   endloop
 endfacet
 facet normal  0.000000e+00  0.000000e+00  1.000000e+00
   outer loop
     vertex -8.820843e+00 -2.613950e+00  9.600000e+01
     vertex -1.140758e+01 -3.723857e+00  9.600000e+01
     vertex -8.745812e+00 -2.854957e+00  9.600000e+01
   endloop
 endfacet
 facet normal  0.000000e+00  0.000000e+00  1.000000e+00
   outer loop
     vertex -2.431893e+00 -8.872762e+00  9.600000e+01
     vertex -3.488339e+00 -1.148179e+01  9.600000e+01
     vertex -3.172034e+00 -1.157317e+01  9.600000e+01
   endloop
 endfacet
 facet normal  0.000000e+00  0.000000e+00  1.000000e+00
   outer loop
     vertex -2.431893e+00 -8.872762e+00  9.600000e+01
     vertex -3.172034e+00 -1.157317e+01  9.600000e+01
     vertex -2.853341e+00 -1.165583e+01  9.600000e+01
   endloop
 endfacet
 facet normal  0.000000e+00  0.000000e+00  1.000000e+00
   outer loop
     vertex -2.431893e+00 -8.872762e+00  9.600000e+01
     vertex -2.674393e+00 -8.802705e+00  9.600000e+01
     vertex -3.488339e+00 -1.148179e+01  9.600000e+01
   endloop
 endfacet
 facet normal  0.000000e+00  0.000000e+00  1.000000e+00
   outer loop
     vertex -8.889234e+00 -2.370974e+00  9.600000e+01
     vertex -1.167513e+01 -2.773323e+00  9.600000e+01
     vertex -1.159465e+01 -3.092575e+00  9.600000e+01
   endloop
 endfacet
 facet normal  0.000000e+00  0.000000e+00  1.000000e+00
   outer loop
     vertex -8.889234e+00 -2.370974e+00  9.600000e+01
     vertex -1.159465e+01 -3.092575e+00  9.600000e+01
     vertex -1.150545e+01 -3.409499e+00  9.600000e+01
   endloop
 endfacet
 facet normal  0.000000e+00  0.000000e+00  1.000000e+00
   outer loop
     vertex -8.889234e+00 -2.370974e+00  9.600000e+01
     vertex -1.150545e+01 -3.409499e+00  9.600000e+01
     vertex -8.820843e+00 -2.613950e+00  9.600000e+01
   endloop
 endfacet
 facet normal  0.000000e+00  0.000000e+00  1.000000e+00
   outer loop
     vertex -2.187562e+00 -8.936139e+00  9.600000e+01
     vertex -2.853341e+00 -1.165583e+01  9.600000e+01
     vertex -2.532501e+00 -1.172972e+01  9.600000e+01
   endloop
 endfacet
 facet normal  0.000000e+00  0.000000e+00  1.000000e+00
   outer loop
     vertex -2.187562e+00 -8.936139e+00  9.600000e+01
     vertex -2.431893e+00 -8.872762e+00  9.600000e+01
     vertex -2.853341e+00 -1.165583e+01  9.600000e+01
   endloop
 endfacet
 facet normal  0.000000e+00  0.000000e+00  1.000000e+00
   outer loop
     vertex -8.950934e+00 -2.126214e+00  9.600000e+01
     vertex -1.167513e+01 -2.773323e+00  9.600000e+01
     vertex -8.889234e+00 -2.370974e+00  9.600000e+01
   endloop
 endfacet
 facet normal  0.000000e+00  0.000000e+00  1.000000e+00
   outer loop
     vertex -8.950934e+00 -2.126214e+00  9.600000e+01
     vertex -1.174682e+01 -2.451983e+00  9.600000e+01
     vertex -1.167513e+01 -2.773323e+00  9.600000e+01
   endloop
 endfacet
 facet normal  0.000000e+00  0.000000e+00  1.000000e+00
   outer loop
     vertex -1.941584e+00 -8.992789e+00  9.600000e+01
     vertex -2.187562e+00 -8.936139e+00  9.600000e+01
     vertex -2.532501e+00 -1.172972e+01  9.600000e+01
   endloop
 endfacet
 facet normal  0.000000e+00  0.000000e+00  1.000000e+00
   outer loop
     vertex -9.005895e+00 -1.879854e+00  9.600000e+01
     vertex -1.174682e+01 -2.451983e+00  9.600000e+01
     vertex -8.950934e+00 -2.126214e+00  9.600000e+01
   endloop
 endfacet
 facet normal  0.000000e+00  0.000000e+00  1.000000e+00
   outer loop
     vertex -1.694144e+00 -9.042670e+00  9.600000e+01
     vertex -1.941584e+00 -8.992789e+00  9.600000e+01
     vertex -2.532501e+00 -1.172972e+01  9.600000e+01
   endloop
 endfacet
 facet normal  0.000000e+00  0.000000e+00  1.000000e+00
   outer loop
     vertex -1.694144e+00 -9.042670e+00  9.600000e+01
     vertex -2.532501e+00 -1.172972e+01  9.600000e+01
     vertex -2.209754e+00 -1.179479e+01  9.600000e+01
   endloop
 endfacet
 facet normal  0.000000e+00  0.000000e+00  1.000000e+00
   outer loop
     vertex -1.694144e+00 -9.042670e+00  9.600000e+01
     vertex -2.209754e+00 -1.179479e+01  9.600000e+01
     vertex -1.885343e+00 -1.185097e+01  9.600000e+01
   endloop
 endfacet
 facet normal  0.000000e+00  0.000000e+00  1.000000e+00
   outer loop
     vertex -9.054078e+00 -1.632078e+00  9.600000e+01
     vertex -1.180967e+01 -2.128797e+00  9.600000e+01
     vertex -1.174682e+01 -2.451983e+00  9.600000e+01
   endloop
 endfacet
 facet normal  0.000000e+00  0.000000e+00  1.000000e+00
   outer loop
     vertex -9.054078e+00 -1.632078e+00  9.600000e+01
     vertex -1.174682e+01 -2.451983e+00  9.600000e+01
     vertex -9.005895e+00 -1.879854e+00  9.600000e+01
   endloop
 endfacet
 facet normal  0.000000e+00  0.000000e+00  1.000000e+00
   outer loop
     vertex -1.445430e+00 -9.085743e+00  9.600000e+01
     vertex -1.694144e+00 -9.042670e+00  9.600000e+01
     vertex -1.885343e+00 -1.185097e+01  9.600000e+01
   endloop
 endfacet
 facet normal  0.000000e+00  0.000000e+00  1.000000e+00
   outer loop
     vertex -9.095444e+00 -1.383074e+00  9.600000e+01
     vertex -1.180967e+01 -2.128797e+00  9.600000e+01
     vertex -9.054078e+00 -1.632078e+00  9.600000e+01
   endloop
 endfacet
 facet normal  0.000000e+00  0.000000e+00  1.000000e+00
   outer loop
     vertex -9.095444e+00 -1.383074e+00  9.600000e+01
     vertex -1.186362e+01 -1.804009e+00  9.600000e+01
     vertex -1.180967e+01 -2.128797e+00  9.600000e+01
   endloop
 endfacet
 facet normal  0.000000e+00  0.000000e+00  1.000000e+00
   outer loop
     vertex -1.195627e+00 -9.121978e+00  9.600000e+01
     vertex -1.885343e+00 -1.185097e+01  9.600000e+01
     vertex -1.559513e+00 -1.189823e+01  9.600000e+01
   endloop
 endfacet
 facet normal  0.000000e+00  0.000000e+00  1.000000e+00
   outer loop
     vertex -1.195627e+00 -9.121978e+00  9.600000e+01
     vertex -1.445430e+00 -9.085743e+00  9.600000e+01
     vertex -1.885343e+00 -1.185097e+01  9.600000e+01
   endloop
 endfacet
 facet normal  0.000000e+00  0.000000e+00  1.000000e+00
   outer loop
     vertex -9.129964e+00 -1.133028e+00  9.600000e+01
     vertex -1.190865e+01 -1.477863e+00  9.600000e+01
     vertex -1.186362e+01 -1.804009e+00  9.600000e+01
   endloop
 endfacet
 facet normal  0.000000e+00  0.000000e+00  1.000000e+00
   outer loop
     vertex -9.129964e+00 -1.133028e+00  9.600000e+01
     vertex -1.186362e+01 -1.804009e+00  9.600000e+01
     vertex -9.095444e+00 -1.383074e+00  9.600000e+01
   endloop
 endfacet
 facet normal  0.000000e+00  0.000000e+00  1.000000e+00
   outer loop
     vertex -9.449241e-01 -9.151345e+00  9.600000e+01
     vertex -1.195627e+00 -9.121978e+00  9.600000e+01
     vertex -1.559513e+00 -1.189823e+01  9.600000e+01
   endloop
 endfacet
 facet normal  0.000000e+00  0.000000e+00  1.000000e+00
   outer loop
     vertex -9.449241e-01 -9.151345e+00  9.600000e+01
     vertex -1.559513e+00 -1.189823e+01  9.600000e+01
     vertex -1.232510e+00 -1.193654e+01  9.600000e+01
   endloop
 endfacet
 facet normal  0.000000e+00  0.000000e+00  1.000000e+00
   outer loop
     vertex -9.157611e+00 -8.821299e-01  9.600000e+01
     vertex -1.194471e+01 -1.150604e+00  9.600000e+01
     vertex -1.190865e+01 -1.477863e+00  9.600000e+01
   endloop
 endfacet
 facet normal  0.000000e+00  0.000000e+00  1.000000e+00
   outer loop
     vertex -9.157611e+00 -8.821299e-01  9.600000e+01
     vertex -1.190865e+01 -1.477863e+00  9.600000e+01
     vertex -9.129964e+00 -1.133028e+00  9.600000e+01
   endloop
 endfacet
 facet normal  0.000000e+00  0.000000e+00  1.000000e+00
   outer loop
     vertex -6.935100e-01 -9.173824e+00  9.600000e+01
     vertex -1.232510e+00 -1.193654e+01  9.600000e+01
     vertex -9.045783e-01 -1.196586e+01  9.600000e+01
   endloop
 endfacet
 facet normal  0.000000e+00  0.000000e+00  1.000000e+00
   outer loop
     vertex -6.935100e-01 -9.173824e+00  9.600000e+01
     vertex -9.449241e-01 -9.151345e+00  9.600000e+01
     vertex -1.232510e+00 -1.193654e+01  9.600000e+01
   endloop
 endfacet
 facet normal  0.000000e+00  0.000000e+00  1.000000e+00
   outer loop
     vertex -9.178365e+00 -6.305675e-01  9.600000e+01
     vertex -1.197178e+01 -8.224794e-01  9.600000e+01
     vertex -1.194471e+01 -1.150604e+00  9.600000e+01
   endloop
 endfacet
 facet normal  0.000000e+00  0.000000e+00  1.000000e+00
   outer loop
     vertex -9.178365e+00 -6.305675e-01  9.600000e+01
     vertex -1.194471e+01 -1.150604e+00  9.600000e+01
     vertex -9.157611e+00 -8.821299e-01  9.600000e+01
   endloop
 endfacet
 facet normal  0.000000e+00  0.000000e+00  1.000000e+00
   outer loop
     vertex -4.415739e-01 -9.189397e+00  9.600000e+01
     vertex -9.045783e-01 -1.196586e+01  9.600000e+01
     vertex -5.759659e-01 -1.198617e+01  9.600000e+01
   endloop
 endfacet
 facet normal  0.000000e+00  0.000000e+00  1.000000e+00
   outer loop
     vertex -4.415739e-01 -9.189397e+00  9.600000e+01
     vertex -6.935100e-01 -9.173824e+00  9.600000e+01
     vertex -9.045783e-01 -1.196586e+01  9.600000e+01
   endloop
 endfacet
 facet normal  0.000000e+00  0.000000e+00  1.000000e+00
   outer loop
     vertex -9.192209e+00 -3.785305e-01  9.600000e+01
     vertex -1.198984e+01 -4.937354e-01  9.600000e+01
     vertex -1.197178e+01 -8.224794e-01  9.600000e+01
   endloop
 endfacet
 facet normal  0.000000e+00  0.000000e+00  1.000000e+00
   outer loop
     vertex -9.192209e+00 -3.785305e-01  9.600000e+01
     vertex -1.197178e+01 -8.224794e-01  9.600000e+01
     vertex -9.178365e+00 -6.305675e-01  9.600000e+01
   endloop
 endfacet
 facet normal  0.000000e+00  0.000000e+00  1.000000e+00
   outer loop
     vertex -1.893053e-01 -9.198052e+00  9.600000e+01
     vertex -5.759659e-01 -1.198617e+01  9.600000e+01
     vertex -2.469200e-01 -1.199746e+01  9.600000e+01
   endloop
 endfacet
 facet normal  0.000000e+00  0.000000e+00  1.000000e+00
   outer loop
     vertex -1.893053e-01 -9.198052e+00  9.600000e+01
     vertex -4.415739e-01 -9.189397e+00  9.600000e+01
     vertex -5.759659e-01 -1.198617e+01  9.600000e+01
   endloop
 endfacet
 facet normal  0.000000e+00  0.000000e+00  1.000000e+00
   outer loop
     vertex -9.199134e+00 -1.262085e-01  9.600000e+01
     vertex -1.199887e+01  1.646198e-01  9.600000e+01
     vertex -1.199887e+01 -1.646198e-01  9.600000e+01
   endloop
 endfacet
 facet normal  0.000000e+00  0.000000e+00  1.000000e+00
   outer loop
     vertex -9.199134e+00 -1.262085e-01  9.600000e+01
     vertex -1.199887e+01 -1.646198e-01  9.600000e+01
     vertex -1.198984e+01 -4.937354e-01  9.600000e+01
   endloop
 endfacet
 facet normal  0.000000e+00  0.000000e+00  1.000000e+00
   outer loop
     vertex -9.199134e+00 -1.262085e-01  9.600000e+01
     vertex -1.198984e+01 -4.937354e-01  9.600000e+01
     vertex -9.192209e+00 -3.785305e-01  9.600000e+01
   endloop
 endfacet
 facet normal  0.000000e+00  0.000000e+00  1.000000e+00
   outer loop
     vertex  6.310573e-02 -9.199784e+00  9.600000e+01
     vertex -2.469200e-01 -1.199746e+01  9.600000e+01
     vertex  8.231183e-02 -1.199972e+01  9.600000e+01
   endloop
 endfacet
 facet normal  0.000000e+00  0.000000e+00  1.000000e+00
   outer loop
     vertex  6.310573e-02 -9.199784e+00  9.600000e+01
     vertex -1.893053e-01 -9.198052e+00  9.600000e+01
     vertex -2.469200e-01 -1.199746e+01  9.600000e+01
   endloop
 endfacet
 facet normal  0.000000e+00  0.000000e+00  1.000000e+00
   outer loop
     vertex  6.310573e-02 -9.199784e+00  9.600000e+01
     vertex  8.231183e-02 -1.199972e+01  9.600000e+01
     vertex  4.114817e-01 -1.199294e+01  9.600000e+01
   endloop
 endfacet
 facet normal  0.000000e+00  0.000000e+00  1.000000e+00
   outer loop
     vertex -9.199134e+00  1.262085e-01  9.600000e+01
     vertex -1.198984e+01  4.937354e-01  9.600000e+01
     vertex -1.199887e+01  1.646198e-01  9.600000e+01
   endloop
 endfacet
 facet normal  0.000000e+00  0.000000e+00  1.000000e+00
   outer loop
     vertex -9.199134e+00  1.262085e-01  9.600000e+01
     vertex -1.199887e+01  1.646198e-01  9.600000e+01
     vertex -9.199134e+00 -1.262085e-01  9.600000e+01
   endloop
 endfacet
 facet normal  0.000000e+00  0.000000e+00  1.000000e+00
   outer loop
     vertex  3.154693e-01 -9.194590e+00  9.600000e+01
     vertex  4.114817e-01 -1.199294e+01  9.600000e+01
     vertex  7.403418e-01 -1.197714e+01  9.600000e+01
   endloop
 endfacet
 facet normal  0.000000e+00  0.000000e+00  1.000000e+00
   outer loop
     vertex  3.154693e-01 -9.194590e+00  9.600000e+01
     vertex  6.310573e-02 -9.199784e+00  9.600000e+01
     vertex  4.114817e-01 -1.199294e+01  9.600000e+01
   endloop
 endfacet
 facet normal  0.000000e+00  0.000000e+00  1.000000e+00
   outer loop
     vertex -9.192209e+00  3.785305e-01  9.600000e+01
     vertex -1.198984e+01  4.937354e-01  9.600000e+01
     vertex -9.199134e+00  1.262085e-01  9.600000e+01
   endloop
 endfacet
 facet normal  0.000000e+00  0.000000e+00  1.000000e+00
   outer loop
     vertex  5.675954e-01 -9.182474e+00  9.600000e+01
     vertex  3.154693e-01 -9.194590e+00  9.600000e+01
     vertex  7.403418e-01 -1.197714e+01  9.600000e+01
   endloop
 endfacet
 facet normal  0.000000e+00  0.000000e+00  1.000000e+00
   outer loop
     vertex  5.675954e-01 -9.182474e+00  9.600000e+01
     vertex  7.403418e-01 -1.197714e+01  9.600000e+01
     vertex  1.068645e+00 -1.195232e+01  9.600000e+01
   endloop
 endfacet
 facet normal  0.000000e+00  0.000000e+00  1.000000e+00
   outer loop
     vertex -9.178365e+00  6.305675e-01  9.600000e+01
     vertex -1.197178e+01  8.224794e-01  9.600000e+01
     vertex -1.198984e+01  4.937354e-01  9.600000e+01
   endloop
 endfacet
 facet normal  0.000000e+00  0.000000e+00  1.000000e+00
   outer loop
     vertex -9.178365e+00  6.305675e-01  9.600000e+01
     vertex -1.198984e+01  4.937354e-01  9.600000e+01
     vertex -9.192209e+00  3.785305e-01  9.600000e+01
   endloop
 endfacet
 facet normal  0.000000e+00  0.000000e+00  1.000000e+00
   outer loop
     vertex  8.192942e-01 -9.163447e+00  9.600000e+01
     vertex  5.675954e-01 -9.182474e+00  9.600000e+01
     vertex  1.068645e+00 -1.195232e+01  9.600000e+01
   endloop
 endfacet
 facet normal  0.000000e+00  0.000000e+00  1.000000e+00
   outer loop
     vertex -9.157611e+00  8.821299e-01  9.600000e+01
     vertex -1.194471e+01  1.150604e+00  9.600000e+01
     vertex -1.197178e+01  8.224794e-01  9.600000e+01
   endloop
 endfacet
 facet normal  0.000000e+00  0.000000e+00  1.000000e+00
   outer loop
     vertex -9.157611e+00  8.821299e-01  9.600000e+01
     vertex -1.197178e+01  8.224794e-01  9.600000e+01
     vertex -9.178365e+00  6.305675e-01  9.600000e+01
   endloop
 endfacet
 facet normal  0.000000e+00  0.000000e+00  1.000000e+00
   outer loop
     vertex  1.070376e+00 -9.137521e+00  9.600000e+01
     vertex  8.192942e-01 -9.163447e+00  9.600000e+01
     vertex  1.068645e+00 -1.195232e+01  9.600000e+01
   endloop
 endfacet
 facet normal  0.000000e+00  0.000000e+00  1.000000e+00
   outer loop
     vertex  1.070376e+00 -9.137521e+00  9.600000e+01
     vertex  1.068645e+00 -1.195232e+01  9.600000e+01
     vertex  1.396143e+00 -1.191851e+01  9.600000e+01
   endloop
 endfacet
 facet normal  0.000000e+00  0.000000e+00  1.000000e+00
   outer loop
     vertex -9.129964e+00  1.133028e+00  9.600000e+01
     vertex -1.190865e+01  1.477863e+00  9.600000e+01
     vertex -1.194471e+01  1.150604e+00  9.600000e+01
   endloop
 endfacet
 facet normal  0.000000e+00  0.000000e+00  1.000000e+00
   outer loop
     vertex -9.129964e+00  1.133028e+00  9.600000e+01
     vertex -1.194471e+01  1.150604e+00  9.600000e+01
     vertex -9.157611e+00  8.821299e-01  9.600000e+01
   endloop
 endfacet
 facet normal  0.000000e+00  0.000000e+00  1.000000e+00
   outer loop
     vertex  1.320653e+00 -9.104717e+00  9.600000e+01
     vertex  1.070376e+00 -9.137521e+00  9.600000e+01
     vertex  1.396143e+00 -1.191851e+01  9.600000e+01
   endloop
 endfacet
 facet normal  0.000000e+00  0.000000e+00  1.000000e+00
   outer loop
     vertex  1.320653e+00 -9.104717e+00  9.600000e+01
     vertex  1.396143e+00 -1.191851e+01  9.600000e+01
     vertex  1.722590e+00 -1.187572e+01  9.600000e+01
   endloop
 endfacet
 facet normal  0.000000e+00  0.000000e+00  1.000000e+00
   outer loop
     vertex  1.320653e+00 -9.104717e+00  9.600000e+01
     vertex  1.722590e+00 -1.187572e+01  9.600000e+01
     vertex  2.047741e+00 -1.182399e+01  9.600000e+01
   endloop
 endfacet
 facet normal  0.000000e+00  0.000000e+00  1.000000e+00
   outer loop
     vertex -9.095444e+00  1.383074e+00  9.600000e+01
     vertex -1.186362e+01  1.804009e+00  9.600000e+01
     vertex -1.190865e+01  1.477863e+00  9.600000e+01
   endloop
 endfacet
 facet normal  0.000000e+00  0.000000e+00  1.000000e+00
   outer loop
     vertex -9.095444e+00  1.383074e+00  9.600000e+01
     vertex -1.190865e+01  1.477863e+00  9.600000e+01
     vertex -9.129964e+00  1.133028e+00  9.600000e+01
   endloop
 endfacet
 facet normal  0.000000e+00  0.000000e+00  1.000000e+00
   outer loop
     vertex  1.569935e+00 -9.065060e+00  9.600000e+01
     vertex  1.320653e+00 -9.104717e+00  9.600000e+01
     vertex  2.047741e+00 -1.182399e+01  9.600000e+01
   endloop
 endfacet
 facet normal  0.000000e+00  0.000000e+00  1.000000e+00
   outer loop
     vertex -9.054078e+00  1.632078e+00  9.600000e+01
     vertex -1.180967e+01  2.128797e+00  9.600000e+01
     vertex -1.186362e+01  1.804009e+00  9.600000e+01
   endloop
 endfacet
 facet normal  0.000000e+00  0.000000e+00  1.000000e+00
   outer loop
     vertex -9.054078e+00  1.632078e+00  9.600000e+01
     vertex -1.186362e+01  1.804009e+00  9.600000e+01
     vertex -9.095444e+00  1.383074e+00  9.600000e+01
   endloop
 endfacet
 facet normal  0.000000e+00  0.000000e+00  1.000000e+00
   outer loop
     vertex  1.818035e+00 -9.018578e+00  9.600000e+01
     vertex  1.569935e+00 -9.065060e+00  9.600000e+01
     vertex  2.047741e+00 -1.182399e+01  9.600000e+01
   endloop
 endfacet
 facet normal  0.000000e+00  0.000000e+00  1.000000e+00
   outer loop
     vertex  1.818035e+00 -9.018578e+00  9.600000e+01
     vertex  2.047741e+00 -1.182399e+01  9.600000e+01
     vertex  2.371350e+00 -1.176336e+01  9.600000e+01
   endloop
 endfacet
 facet normal  0.000000e+00  0.000000e+00  1.000000e+00
   outer loop
     vertex -9.005895e+00  1.879854e+00  9.600000e+01
     vertex -1.174682e+01  2.451983e+00  9.600000e+01
     vertex -1.180967e+01  2.128797e+00  9.600000e+01
   endloop
 endfacet
 facet normal  0.000000e+00  0.000000e+00  1.000000e+00
   outer loop
     vertex -9.005895e+00  1.879854e+00  9.600000e+01
     vertex -1.180967e+01  2.128797e+00  9.600000e+01
     vertex -9.054078e+00  1.632078e+00  9.600000e+01
   endloop
 endfacet
 facet normal  0.000000e+00  0.000000e+00  1.000000e+00
   outer loop
     vertex  2.064767e+00 -8.965307e+00  9.600000e+01
     vertex  1.818035e+00 -9.018578e+00  9.600000e+01
     vertex  2.371350e+00 -1.176336e+01  9.600000e+01
   endloop
 endfacet
 facet normal  0.000000e+00  0.000000e+00  1.000000e+00
   outer loop
     vertex  2.064767e+00 -8.965307e+00  9.600000e+01
     vertex  2.371350e+00 -1.176336e+01  9.600000e+01
     vertex  2.693174e+00 -1.169388e+01  9.600000e+01
   endloop
 endfacet
 facet normal  0.000000e+00  0.000000e+00  1.000000e+00
   outer loop
     vertex -8.950934e+00  2.126214e+00  9.600000e+01
     vertex -1.167513e+01  2.773323e+00  9.600000e+01
     vertex -1.174682e+01  2.451983e+00  9.600000e+01
   endloop
 endfacet
 facet normal  0.000000e+00  0.000000e+00  1.000000e+00
   outer loop
     vertex -8.950934e+00  2.126214e+00  9.600000e+01
     vertex -1.174682e+01  2.451983e+00  9.600000e+01
     vertex -9.005895e+00  1.879854e+00  9.600000e+01
   endloop
 endfacet
 facet normal  0.000000e+00  0.000000e+00  1.000000e+00
   outer loop
     vertex  2.309944e+00 -8.905288e+00  9.600000e+01
     vertex  2.064767e+00 -8.965307e+00  9.600000e+01
     vertex  2.693174e+00 -1.169388e+01  9.600000e+01
   endloop
 endfacet
 facet normal  0.000000e+00  0.000000e+00  1.000000e+00
   outer loop
     vertex  2.309944e+00 -8.905288e+00  9.600000e+01
     vertex  2.693174e+00 -1.169388e+01  9.600000e+01
     vertex  3.012971e+00 -1.161559e+01  9.600000e+01
   endloop
 endfacet
 facet normal  0.000000e+00  0.000000e+00  1.000000e+00
   outer loop
     vertex -8.889234e+00  2.370974e+00  9.600000e+01
     vertex -1.159465e+01  3.092575e+00  9.600000e+01
     vertex -1.167513e+01  2.773323e+00  9.600000e+01
   endloop
 endfacet
 facet normal  0.000000e+00  0.000000e+00  1.000000e+00
   outer loop
     vertex -8.889234e+00  2.370974e+00  9.600000e+01
     vertex -1.167513e+01  2.773323e+00  9.600000e+01
     vertex -8.950934e+00  2.126214e+00  9.600000e+01
   endloop
 endfacet
 facet normal  0.000000e+00  0.000000e+00  1.000000e+00
   outer loop
     vertex  2.553383e+00 -8.838565e+00  9.600000e+01
     vertex  2.309944e+00 -8.905288e+00  9.600000e+01
     vertex  3.012971e+00 -1.161559e+01  9.600000e+01
   endloop
 endfacet
 facet normal  0.000000e+00  0.000000e+00  1.000000e+00
   outer loop
     vertex  2.553383e+00 -8.838565e+00  9.600000e+01
     vertex  3.012971e+00 -1.161559e+01  9.600000e+01
     vertex  3.330500e+00 -1.152856e+01  9.600000e+01
   endloop
 endfacet
 facet normal  0.000000e+00  0.000000e+00  1.000000e+00
   outer loop
     vertex -8.820843e+00  2.613950e+00  9.600000e+01
     vertex -1.150545e+01  3.409499e+00  9.600000e+01
     vertex -1.159465e+01  3.092575e+00  9.600000e+01
   endloop
 endfacet
 facet normal  0.000000e+00  0.000000e+00  1.000000e+00
   outer loop
     vertex -8.820843e+00  2.613950e+00  9.600000e+01
     vertex -1.159465e+01  3.092575e+00  9.600000e+01
     vertex -8.889234e+00  2.370974e+00  9.600000e+01
   endloop
 endfacet
 facet normal  0.000000e+00  0.000000e+00  1.000000e+00
   outer loop
     vertex  2.794900e+00 -8.765189e+00  9.600000e+01
     vertex  2.553383e+00 -8.838565e+00  9.600000e+01
     vertex  3.330500e+00 -1.152856e+01  9.600000e+01
   endloop
 endfacet
 facet normal  0.000000e+00  0.000000e+00  1.000000e+00
   outer loop
     vertex  2.794900e+00 -8.765189e+00  9.600000e+01
     vertex  3.330500e+00 -1.152856e+01  9.600000e+01
     vertex  3.645521e+00 -1.143286e+01  9.600000e+01
   endloop
 endfacet
 facet normal  0.000000e+00  0.000000e+00  1.000000e+00
   outer loop
     vertex  2.794900e+00 -8.765189e+00  9.600000e+01
     vertex  3.645521e+00 -1.143286e+01  9.600000e+01
     vertex  3.957799e+00 -1.132854e+01  9.600000e+01
   endloop
 endfacet
 facet normal  0.000000e+00  0.000000e+00  1.000000e+00
   outer loop
     vertex -8.745812e+00  2.854957e+00  9.600000e+01
     vertex -1.130113e+01  4.035412e+00  9.600000e+01
     vertex -1.140758e+01  3.723857e+00  9.600000e+01
   endloop
 endfacet
 facet normal  0.000000e+00  0.000000e+00  1.000000e+00
   outer loop
     vertex -8.745812e+00  2.854957e+00  9.600000e+01
     vertex -1.140758e+01  3.723857e+00  9.600000e+01
     vertex -1.150545e+01  3.409499e+00  9.600000e+01
   endloop
 endfacet
 facet normal  0.000000e+00  0.000000e+00  1.000000e+00
   outer loop
     vertex -8.745812e+00  2.854957e+00  9.600000e+01
     vertex -1.150545e+01  3.409499e+00  9.600000e+01
     vertex -8.820843e+00  2.613950e+00  9.600000e+01
   endloop
 endfacet
 facet normal  0.000000e+00  0.000000e+00  1.000000e+00
   outer loop
     vertex  3.034312e+00 -8.685214e+00  9.600000e+01
     vertex  2.794900e+00 -8.765189e+00  9.600000e+01
     vertex  3.957799e+00 -1.132854e+01  9.600000e+01
   endloop
 endfacet
 facet normal  0.000000e+00  0.000000e+00  1.000000e+00
   outer loop
     vertex -8.664197e+00  3.093816e+00  9.600000e+01
     vertex -1.130113e+01  4.035412e+00  9.600000e+01
     vertex -8.745812e+00  2.854957e+00  9.600000e+01
   endloop
 endfacet
 facet normal  0.000000e+00  0.000000e+00  1.000000e+00
   outer loop
     vertex  3.271441e+00 -8.598702e+00  9.600000e+01
     vertex  3.957799e+00 -1.132854e+01  9.600000e+01
     vertex  4.267097e+00 -1.121570e+01  9.600000e+01
   endloop
 endfacet
 facet normal  0.000000e+00  0.000000e+00  1.000000e+00
   outer loop
     vertex  3.271441e+00 -8.598702e+00  9.600000e+01
     vertex  3.034312e+00 -8.685214e+00  9.600000e+01
     vertex  3.957799e+00 -1.132854e+01  9.600000e+01
   endloop
 endfacet
 facet normal  0.000000e+00  0.000000e+00  1.000000e+00
   outer loop
     vertex -8.576060e+00  3.330345e+00  9.600000e+01
     vertex -1.118616e+01  4.343928e+00  9.600000e+01
     vertex -1.130113e+01  4.035412e+00  9.600000e+01
   endloop
 endfacet
 facet normal  0.000000e+00  0.000000e+00  1.000000e+00
   outer loop
     vertex -8.576060e+00  3.330345e+00  9.600000e+01
     vertex -1.130113e+01  4.035412e+00  9.600000e+01
     vertex -8.664197e+00  3.093816e+00  9.600000e+01
   endloop
 endfacet
 facet normal  0.000000e+00  0.000000e+00  1.000000e+00
   outer loop
     vertex  3.506107e+00 -8.505717e+00  9.600000e+01
     vertex  3.271441e+00 -8.598702e+00  9.600000e+01
     vertex  4.267097e+00 -1.121570e+01  9.600000e+01
   endloop
 endfacet
 facet normal  0.000000e+00  0.000000e+00  1.000000e+00
   outer loop
     vertex  3.506107e+00 -8.505717e+00  9.600000e+01
     vertex  4.267097e+00 -1.121570e+01  9.600000e+01
     vertex  4.573183e+00 -1.109441e+01  9.600000e+01
   endloop
 endfacet
 facet normal  0.000000e+00  0.000000e+00  1.000000e+00
   outer loop
     vertex -8.481467e+00  3.564368e+00  9.600000e+01
     vertex -1.106278e+01  4.649175e+00  9.600000e+01
     vertex -1.118616e+01  4.343928e+00  9.600000e+01
   endloop
 endfacet
 facet normal  0.000000e+00  0.000000e+00  1.000000e+00
   outer loop
     vertex -8.481467e+00  3.564368e+00  9.600000e+01
     vertex -1.118616e+01  4.343928e+00  9.600000e+01
     vertex -8.576060e+00  3.330345e+00  9.600000e+01
   endloop
 endfacet
 facet normal  0.000000e+00  0.000000e+00  1.000000e+00
   outer loop
     vertex  3.738133e+00 -8.406329e+00  9.600000e+01
     vertex  4.573183e+00 -1.109441e+01  9.600000e+01
     vertex  4.875826e+00 -1.096478e+01  9.600000e+01
   endloop
 endfacet
 facet normal  0.000000e+00  0.000000e+00  1.000000e+00
   outer loop
     vertex  3.738133e+00 -8.406329e+00  9.600000e+01
     vertex  3.506107e+00 -8.505717e+00  9.600000e+01
     vertex  4.573183e+00 -1.109441e+01  9.600000e+01
   endloop
 endfacet
 facet normal  0.000000e+00  0.000000e+00  1.000000e+00
   outer loop
     vertex  3.738133e+00 -8.406329e+00  9.600000e+01
     vertex  4.875826e+00 -1.096478e+01  9.600000e+01
     vertex  5.174799e+00 -1.082689e+01  9.600000e+01
   endloop
 endfacet
 facet normal  0.000000e+00  0.000000e+00  1.000000e+00
   outer loop
     vertex -8.380490e+00  3.795707e+00  9.600000e+01
     vertex -1.106278e+01  4.649175e+00  9.600000e+01
     vertex -8.481467e+00  3.564368e+00  9.600000e+01
   endloop
 endfacet
 facet normal  0.000000e+00  0.000000e+00  1.000000e+00
   outer loop
     vertex -8.380490e+00  3.795707e+00  9.600000e+01
     vertex -1.093107e+01  4.950922e+00  9.600000e+01
     vertex -1.106278e+01  4.649175e+00  9.600000e+01
   endloop
 endfacet
 facet normal  0.000000e+00  0.000000e+00  1.000000e+00
   outer loop
     vertex  3.967346e+00 -8.300612e+00  9.600000e+01
     vertex  3.738133e+00 -8.406329e+00  9.600000e+01
     vertex  5.174799e+00 -1.082689e+01  9.600000e+01
   endloop
 endfacet
 facet normal  0.000000e+00  0.000000e+00  1.000000e+00
   outer loop
     vertex -8.273204e+00  4.024189e+00  9.600000e+01
     vertex -1.093107e+01  4.950922e+00  9.600000e+01
     vertex -8.380490e+00  3.795707e+00  9.600000e+01
   endloop
 endfacet
 facet normal  0.000000e+00  0.000000e+00  1.000000e+00
   outer loop
     vertex -8.273204e+00  4.024189e+00  9.600000e+01
     vertex -1.064307e+01  5.543011e+00  9.600000e+01
     vertex -1.079114e+01  5.248942e+00  9.600000e+01
   endloop
 endfacet
 facet normal  0.000000e+00  0.000000e+00  1.000000e+00
   outer loop
     vertex -8.273204e+00  4.024189e+00  9.600000e+01
     vertex -1.079114e+01  5.248942e+00  9.600000e+01
     vertex -1.093107e+01  4.950922e+00  9.600000e+01
   endloop
 endfacet
 facet normal  0.000000e+00  0.000000e+00  1.000000e+00
   outer loop
     vertex  4.193572e+00 -8.188648e+00  9.600000e+01
     vertex  3.967346e+00 -8.300612e+00  9.600000e+01
     vertex  5.174799e+00 -1.082689e+01  9.600000e+01
   endloop
 endfacet
 facet normal  0.000000e+00  0.000000e+00  1.000000e+00
   outer loop
     vertex  4.193572e+00 -8.188648e+00  9.600000e+01
     vertex  5.174799e+00 -1.082689e+01  9.600000e+01
     vertex  5.469877e+00 -1.068084e+01  9.600000e+01
   endloop
 endfacet
 facet normal  0.000000e+00  0.000000e+00  1.000000e+00
   outer loop
     vertex -8.159690e+00  4.249642e+00  9.600000e+01
     vertex -1.064307e+01  5.543011e+00  9.600000e+01
     vertex -8.273204e+00  4.024189e+00  9.600000e+01
   endloop
 endfacet
 facet normal  0.000000e+00  0.000000e+00  1.000000e+00
   outer loop
     vertex  4.416642e+00 -8.070519e+00  9.600000e+01
     vertex  4.193572e+00 -8.188648e+00  9.600000e+01
     vertex  5.469877e+00 -1.068084e+01  9.600000e+01
   endloop
 endfacet
 facet normal  0.000000e+00  0.000000e+00  1.000000e+00
   outer loop
     vertex  4.416642e+00 -8.070519e+00  9.600000e+01
     vertex  5.469877e+00 -1.068084e+01  9.600000e+01
     vertex  5.760837e+00 -1.052676e+01  9.600000e+01
   endloop
 endfacet
 facet normal  0.000000e+00  0.000000e+00  1.000000e+00
   outer loop
     vertex  4.416642e+00 -8.070519e+00  9.600000e+01
     vertex  5.760837e+00 -1.052676e+01  9.600000e+01
     vertex  6.047460e+00 -1.036476e+01  9.600000e+01
   endloop
 endfacet
 facet normal  0.000000e+00  0.000000e+00  1.000000e+00
   outer loop
     vertex -8.040034e+00  4.471896e+00  9.600000e+01
     vertex -1.064307e+01  5.543011e+00  9.600000e+01
     vertex -8.159690e+00  4.249642e+00  9.600000e+01
   endloop
 endfacet
 facet normal  0.000000e+00  0.000000e+00  1.000000e+00
   outer loop
     vertex -8.040034e+00  4.471896e+00  9.600000e+01
     vertex -1.048700e+01  5.832908e+00  9.600000e+01
     vertex -1.064307e+01  5.543011e+00  9.600000e+01
   endloop
 endfacet
 facet normal  0.000000e+00  0.000000e+00  1.000000e+00
   outer loop
     vertex  4.636386e+00 -7.946315e+00  9.600000e+01
     vertex  4.416642e+00 -8.070519e+00  9.600000e+01
     vertex  6.047460e+00 -1.036476e+01  9.600000e+01
   endloop
 endfacet
 facet normal  0.000000e+00  0.000000e+00  1.000000e+00
   outer loop
     vertex -7.914326e+00  4.690783e+00  9.600000e+01
     vertex -1.048700e+01  5.832908e+00  9.600000e+01
     vertex -8.040034e+00  4.471896e+00  9.600000e+01
   endloop
 endfacet
 facet normal  0.000000e+00  0.000000e+00  1.000000e+00
   outer loop
     vertex -7.914326e+00  4.690783e+00  9.600000e+01
     vertex -1.032303e+01  6.118413e+00  9.600000e+01
     vertex -1.048700e+01  5.832908e+00  9.600000e+01
   endloop
 endfacet
 facet normal  0.000000e+00  0.000000e+00  1.000000e+00
   outer loop
     vertex  4.852641e+00 -7.816129e+00  9.600000e+01
     vertex  4.636386e+00 -7.946315e+00  9.600000e+01
     vertex  6.047460e+00 -1.036476e+01  9.600000e+01
   endloop
 endfacet
 facet normal  0.000000e+00  0.000000e+00  1.000000e+00
   outer loop
     vertex  4.852641e+00 -7.816129e+00  9.600000e+01
     vertex  6.047460e+00 -1.036476e+01  9.600000e+01
     vertex  6.329531e+00 -1.019495e+01  9.600000e+01
   endloop
 endfacet
 facet normal  0.000000e+00  0.000000e+00  1.000000e+00
   outer loop
     vertex -7.782660e+00  4.906140e+00  9.600000e+01
     vertex -1.032303e+01  6.118413e+00  9.600000e+01
     vertex -7.914326e+00  4.690783e+00  9.600000e+01
   endloop
 endfacet
 facet normal  0.000000e+00  0.000000e+00  1.000000e+00
   outer loop
     vertex -7.782660e+00  4.906140e+00  9.600000e+01
     vertex -1.015130e+01  6.399313e+00  9.600000e+01
     vertex -1.032303e+01  6.118413e+00  9.600000e+01
   endloop
 endfacet
 facet normal  0.000000e+00  0.000000e+00  1.000000e+00
   outer loop
     vertex  5.065242e+00 -7.680060e+00  9.600000e+01
     vertex  4.852641e+00 -7.816129e+00  9.600000e+01
     vertex  6.329531e+00 -1.019495e+01  9.600000e+01
   endloop
 endfacet
 facet normal  0.000000e+00  0.000000e+00  1.000000e+00
   outer loop
     vertex  5.065242e+00 -7.680060e+00  9.600000e+01
     vertex  6.329531e+00 -1.019495e+01  9.600000e+01
     vertex  6.606838e+00 -1.001747e+01  9.600000e+01
   endloop
 endfacet
 facet normal  0.000000e+00  0.000000e+00  1.000000e+00
   outer loop
     vertex -7.645135e+00  5.117803e+00  9.600000e+01
     vertex -1.015130e+01  6.399313e+00  9.600000e+01
     vertex -7.782660e+00  4.906140e+00  9.600000e+01
   endloop
 endfacet
 facet normal  0.000000e+00  0.000000e+00  1.000000e+00
   outer loop
     vertex -7.645135e+00  5.117803e+00  9.600000e+01
     vertex -9.785029e+00  6.946453e+00  9.600000e+01
     vertex -9.971915e+00  6.675395e+00  9.600000e+01
   endloop
 endfacet
 facet normal  0.000000e+00  0.000000e+00  1.000000e+00
   outer loop
     vertex -7.645135e+00  5.117803e+00  9.600000e+01
     vertex -9.971915e+00  6.675395e+00  9.600000e+01
     vertex -1.015130e+01  6.399313e+00  9.600000e+01
   endloop
 endfacet
 facet normal  0.000000e+00  0.000000e+00  1.000000e+00
   outer loop
     vertex  5.274031e+00 -7.538209e+00  9.600000e+01
     vertex  5.065242e+00 -7.680060e+00  9.600000e+01
     vertex  6.606838e+00 -1.001747e+01  9.600000e+01
   endloop
 endfacet
 facet normal  0.000000e+00  0.000000e+00  1.000000e+00
   outer loop
     vertex  5.274031e+00 -7.538209e+00  9.600000e+01
     vertex  6.606838e+00 -1.001747e+01  9.600000e+01
     vertex  6.879171e+00 -9.832447e+00  9.600000e+01
   endloop
 endfacet
 facet normal  0.000000e+00  0.000000e+00  1.000000e+00
   outer loop
     vertex -7.501856e+00  5.325614e+00  9.600000e+01
     vertex -9.785029e+00  6.946453e+00  9.600000e+01
     vertex -7.645135e+00  5.117803e+00  9.600000e+01
   endloop
 endfacet
 facet normal  0.000000e+00  0.000000e+00  1.000000e+00
   outer loop
     vertex  5.478849e+00 -7.390684e+00  9.600000e+01
     vertex  5.274031e+00 -7.538209e+00  9.600000e+01
     vertex  6.879171e+00 -9.832447e+00  9.600000e+01
   endloop
 endfacet
 facet normal  0.000000e+00  0.000000e+00  1.000000e+00
   outer loop
     vertex  5.478849e+00 -7.390684e+00  9.600000e+01
     vertex  6.879171e+00 -9.832447e+00  9.600000e+01
     vertex  7.146325e+00 -9.640022e+00  9.600000e+01
   endloop
 endfacet
 facet normal  0.000000e+00  0.000000e+00  1.000000e+00
   outer loop
     vertex  5.478849e+00 -7.390684e+00  9.600000e+01
     vertex  7.146325e+00 -9.640022e+00  9.600000e+01
     vertex  7.408101e+00 -9.440341e+00  9.600000e+01
   endloop
 endfacet
 facet normal  0.000000e+00  0.000000e+00  1.000000e+00
   outer loop
     vertex -7.352929e+00  5.529416e+00  9.600000e+01
     vertex -9.785029e+00  6.946453e+00  9.600000e+01
     vertex -7.501856e+00  5.325614e+00  9.600000e+01
   endloop
 endfacet
 facet normal  0.000000e+00  0.000000e+00  1.000000e+00
   outer loop
     vertex -7.352929e+00  5.529416e+00  9.600000e+01
     vertex -9.389305e+00  7.472681e+00  9.600000e+01
     vertex -9.590777e+00  7.212281e+00  9.600000e+01
   endloop
 endfacet
 facet normal  0.000000e+00  0.000000e+00  1.000000e+00
   outer loop
     vertex -7.352929e+00  5.529416e+00  9.600000e+01
     vertex -9.590777e+00  7.212281e+00  9.600000e+01
     vertex -9.785029e+00  6.946453e+00  9.600000e+01
   endloop
 endfacet
 facet normal  0.000000e+00  0.000000e+00  1.000000e+00
   outer loop
     vertex  5.679544e+00 -7.237595e+00  9.600000e+01
     vertex  5.478849e+00 -7.390684e+00  9.600000e+01
     vertex  7.408101e+00 -9.440341e+00  9.600000e+01
   endloop
 endfacet
 facet normal  0.000000e+00  0.000000e+00  1.000000e+00
   outer loop
     vertex -7.198467e+00  5.729055e+00  9.600000e+01
     vertex -9.389305e+00  7.472681e+00  9.600000e+01
     vertex -7.352929e+00  5.529416e+00  9.600000e+01
   endloop
 endfacet
 facet normal  0.000000e+00  0.000000e+00  1.000000e+00
   outer loop
     vertex  5.875963e+00 -7.079058e+00  9.600000e+01
     vertex  5.679544e+00 -7.237595e+00  9.600000e+01
     vertex  7.408101e+00 -9.440341e+00  9.600000e+01
   endloop
 endfacet
 facet normal  0.000000e+00  0.000000e+00  1.000000e+00
   outer loop
     vertex  5.875963e+00 -7.079058e+00  9.600000e+01
     vertex  7.408101e+00 -9.440341e+00  9.600000e+01
     vertex  7.664299e+00 -9.233554e+00  9.600000e+01
   endloop
 endfacet
 facet normal  0.000000e+00  0.000000e+00  1.000000e+00
   outer loop
     vertex -7.038586e+00  5.924382e+00  9.600000e+01
     vertex -9.389305e+00  7.472681e+00  9.600000e+01
     vertex -7.198467e+00  5.729055e+00  9.600000e+01
   endloop
 endfacet
 facet normal  0.000000e+00  0.000000e+00  1.000000e+00
   outer loop
     vertex -7.038586e+00  5.924382e+00  9.600000e+01
     vertex -9.180765e+00  7.727455e+00  9.600000e+01
     vertex -9.389305e+00  7.472681e+00  9.600000e+01
   endloop
 endfacet
 facet normal  0.000000e+00  0.000000e+00  1.000000e+00
   outer loop
     vertex  6.067958e+00 -6.915192e+00  9.600000e+01
     vertex  5.875963e+00 -7.079058e+00  9.600000e+01
     vertex  7.664299e+00 -9.233554e+00  9.600000e+01
   endloop
 endfacet
 facet normal  0.000000e+00  0.000000e+00  1.000000e+00
   outer loop
     vertex  6.067958e+00 -6.915192e+00  9.600000e+01
     vertex  7.664299e+00 -9.233554e+00  9.600000e+01
     vertex  7.914728e+00 -9.019816e+00  9.600000e+01
   endloop
 endfacet
 facet normal  0.000000e+00  0.000000e+00  1.000000e+00
   outer loop
     vertex -6.873408e+00  6.115249e+00  9.600000e+01
     vertex -8.965314e+00  7.976412e+00  9.600000e+01
     vertex -9.180765e+00  7.727455e+00  9.600000e+01
   endloop
 endfacet
 facet normal  0.000000e+00  0.000000e+00  1.000000e+00
   outer loop
     vertex -6.873408e+00  6.115249e+00  9.600000e+01
     vertex -9.180765e+00  7.727455e+00  9.600000e+01
     vertex -7.038586e+00  5.924382e+00  9.600000e+01
   endloop
 endfacet
 facet normal  0.000000e+00  0.000000e+00  1.000000e+00
   outer loop
     vertex -8.743114e+00  8.219364e+00  9.600000e+01
     vertex -8.965314e+00  7.976412e+00  9.600000e+01
     vertex -6.873408e+00  6.115249e+00  9.600000e+01
   endloop
 endfacet
 facet normal  0.000000e+00  0.000000e+00  1.000000e+00
   outer loop
     vertex  6.255386e+00 -6.746121e+00  9.600000e+01
     vertex  6.067958e+00 -6.915192e+00  9.600000e+01
     vertex  7.914728e+00 -9.019816e+00  9.600000e+01
   endloop
 endfacet
 facet normal  0.000000e+00  0.000000e+00  1.000000e+00
   outer loop
     vertex  6.255386e+00 -6.746121e+00  9.600000e+01
     vertex  7.914728e+00 -9.019816e+00  9.600000e+01
     vertex  8.159199e+00 -8.799288e+00  9.600000e+01
   endloop
 endfacet
 facet normal  0.000000e+00  0.000000e+00  1.000000e+00
   outer loop
     vertex -6.703054e+00  6.301513e+00  9.600000e+01
     vertex -8.743114e+00  8.219364e+00  9.600000e+01
     vertex -6.873408e+00  6.115249e+00  9.600000e+01
   endloop
 endfacet
 facet normal  0.000000e+00  0.000000e+00  1.000000e+00
   outer loop
     vertex  6.438105e+00 -6.571971e+00  9.600000e+01
     vertex  6.255386e+00 -6.746121e+00  9.600000e+01
     vertex  8.159199e+00 -8.799288e+00  9.600000e+01
   endloop
 endfacet
 facet normal  0.000000e+00  0.000000e+00  1.000000e+00
   outer loop
     vertex  6.438105e+00 -6.571971e+00  9.600000e+01
     vertex  8.159199e+00 -8.799288e+00  9.600000e+01
     vertex  8.397528e+00 -8.572136e+00  9.600000e+01
   endloop
 endfacet
 facet normal  0.000000e+00  0.000000e+00  1.000000e+00
   outer loop
     vertex -6.527656e+00  6.483033e+00  9.600000e+01
     vertex -8.743114e+00  8.219364e+00  9.600000e+01
     vertex -6.703054e+00  6.301513e+00  9.600000e+01
   endloop
 endfacet
 facet normal  0.000000e+00  0.000000e+00  1.000000e+00
   outer loop
     vertex -6.527656e+00  6.483033e+00  9.600000e+01
     vertex -8.514333e+00  8.456130e+00  9.600000e+01
     vertex -8.743114e+00  8.219364e+00  9.600000e+01
   endloop
 endfacet
 facet normal  0.000000e+00  0.000000e+00  1.000000e+00
   outer loop
     vertex  8.629536e+00 -8.338532e+00  9.600000e+01
     vertex  6.438105e+00 -6.571971e+00  9.600000e+01
     vertex  8.397528e+00 -8.572136e+00  9.600000e+01
   endloop
 endfacet
 facet normal  0.000000e+00  0.000000e+00  1.000000e+00
   outer loop
     vertex  8.629536e+00 -8.338532e+00  9.600000e+01
     vertex  6.615978e+00 -6.392874e+00  9.600000e+01
     vertex  6.438105e+00 -6.571971e+00  9.600000e+01
   endloop
 endfacet
 facet normal  0.000000e+00  0.000000e+00  1.000000e+00
   outer loop
     vertex -8.279143e+00  8.686530e+00  9.600000e+01
     vertex -6.527656e+00  6.483033e+00  9.600000e+01
     vertex -6.347343e+00  6.659673e+00  9.600000e+01
   endloop
 endfacet
 facet normal  0.000000e+00  0.000000e+00  1.000000e+00
   outer loop
     vertex -8.279143e+00  8.686530e+00  9.600000e+01
     vertex -8.514333e+00  8.456130e+00  9.600000e+01
     vertex -6.527656e+00  6.483033e+00  9.600000e+01
   endloop
 endfacet
 facet normal  0.000000e+00  0.000000e+00  1.000000e+00
   outer loop
     vertex -6.162252e+00  6.831299e+00  9.600000e+01
     vertex -8.279143e+00  8.686530e+00  9.600000e+01
     vertex -6.347343e+00  6.659673e+00  9.600000e+01
   endloop
 endfacet
 facet normal  0.000000e+00  0.000000e+00  1.000000e+00
   outer loop
     vertex  8.855048e+00 -8.098650e+00  9.600000e+01
     vertex  6.615978e+00 -6.392874e+00  9.600000e+01
     vertex  8.629536e+00 -8.338532e+00  9.600000e+01
   endloop
 endfacet
 facet normal  0.000000e+00  0.000000e+00  1.000000e+00
   outer loop
     vertex  8.855048e+00 -8.098650e+00  9.600000e+01
     vertex  6.788870e+00 -6.208965e+00  9.600000e+01
     vertex  6.615978e+00 -6.392874e+00  9.600000e+01
   endloop
 endfacet
 facet normal  0.000000e+00  0.000000e+00  1.000000e+00
   outer loop
     vertex -8.037720e+00  8.910390e+00  9.600000e+01
     vertex -8.279143e+00  8.686530e+00  9.600000e+01
     vertex -6.162252e+00  6.831299e+00  9.600000e+01
   endloop
 endfacet
 facet normal  0.000000e+00  0.000000e+00  1.000000e+00
   outer loop
     vertex  6.956652e+00 -6.020382e+00  9.600000e+01
     vertex  6.788870e+00 -6.208965e+00  9.600000e+01
     vertex  8.855048e+00 -8.098650e+00  9.600000e+01
   endloop
 endfacet
 facet normal  0.000000e+00  0.000000e+00  1.000000e+00
   outer loop
     vertex  9.073893e+00 -7.852672e+00  9.600000e+01
     vertex  6.956652e+00 -6.020382e+00  9.600000e+01
     vertex  8.855048e+00 -8.098650e+00  9.600000e+01
   endloop
 endfacet
 facet normal  0.000000e+00  0.000000e+00  1.000000e+00
   outer loop
     vertex  7.119197e+00 -5.827267e+00  9.600000e+01
     vertex  6.956652e+00 -6.020382e+00  9.600000e+01
     vertex  9.073893e+00 -7.852672e+00  9.600000e+01
   endloop
 endfacet
 facet normal  0.000000e+00  0.000000e+00  1.000000e+00
   outer loop
     vertex -7.790247e+00  9.127544e+00  9.600000e+01
     vertex -6.162252e+00  6.831299e+00  9.600000e+01
     vertex -5.972522e+00  6.997784e+00  9.600000e+01
   endloop
 endfacet
 facet normal  0.000000e+00  0.000000e+00  1.000000e+00
   outer loop
     vertex -7.790247e+00  9.127544e+00  9.600000e+01
     vertex -8.037720e+00  8.910390e+00  9.600000e+01
     vertex -6.162252e+00  6.831299e+00  9.600000e+01
   endloop
 endfacet
 facet normal  0.000000e+00  0.000000e+00  1.000000e+00
   outer loop
     vertex  9.285909e+00 -7.600783e+00  9.600000e+01
     vertex  7.119197e+00 -5.827267e+00  9.600000e+01
     vertex  9.073893e+00 -7.852672e+00  9.600000e+01
   endloop
 endfacet
 facet normal  0.000000e+00  0.000000e+00  1.000000e+00
   outer loop
     vertex -7.536909e+00  9.337826e+00  9.600000e+01
     vertex -5.972522e+00  6.997784e+00  9.600000e+01
     vertex -5.778297e+00  7.159000e+00  9.600000e+01
   endloop
 endfacet
 facet normal  0.000000e+00  0.000000e+00  1.000000e+00
   outer loop
     vertex -7.536909e+00  9.337826e+00  9.600000e+01
     vertex -7.790247e+00  9.127544e+00  9.600000e+01
     vertex -5.972522e+00  6.997784e+00  9.600000e+01
   endloop
 endfacet
 facet normal  0.000000e+00  0.000000e+00  1.000000e+00
   outer loop
     vertex  9.490934e+00 -7.343172e+00  9.600000e+01
     vertex  7.119197e+00 -5.827267e+00  9.600000e+01
     vertex  9.285909e+00 -7.600783e+00  9.600000e+01
   endloop
 endfacet
 facet normal  0.000000e+00  0.000000e+00  1.000000e+00
   outer loop
     vertex  9.490934e+00 -7.343172e+00  9.600000e+01
     vertex  7.276383e+00 -5.629765e+00  9.600000e+01
     vertex  7.119197e+00 -5.827267e+00  9.600000e+01
   endloop
 endfacet
 facet normal  0.000000e+00  0.000000e+00  1.000000e+00
   outer loop
     vertex -7.277898e+00  9.541080e+00  9.600000e+01
     vertex -5.778297e+00  7.159000e+00  9.600000e+01
     vertex -5.579722e+00  7.314828e+00  9.600000e+01
   endloop
 endfacet
 facet normal  0.000000e+00  0.000000e+00  1.000000e+00
   outer loop
     vertex -7.277898e+00  9.541080e+00  9.600000e+01
     vertex -7.536909e+00  9.337826e+00  9.600000e+01
     vertex -5.778297e+00  7.159000e+00  9.600000e+01
   endloop
 endfacet
 facet normal  0.000000e+00  0.000000e+00  1.000000e+00
   outer loop
     vertex  9.688815e+00 -7.080033e+00  9.600000e+01
     vertex  7.428091e+00 -5.428026e+00  9.600000e+01
     vertex  7.276383e+00 -5.629765e+00  9.600000e+01
   endloop
 endfacet
 facet normal  0.000000e+00  0.000000e+00  1.000000e+00
   outer loop
     vertex  9.688815e+00 -7.080033e+00  9.600000e+01
     vertex  7.276383e+00 -5.629765e+00  9.600000e+01
     vertex  9.490934e+00 -7.343172e+00  9.600000e+01
   endloop
 endfacet
 facet normal  0.000000e+00  0.000000e+00  1.000000e+00
   outer loop
     vertex -7.013408e+00  9.737151e+00  9.600000e+01
     vertex -5.579722e+00  7.314828e+00  9.600000e+01
     vertex -5.376946e+00  7.465149e+00  9.600000e+01
   endloop
 endfacet
 facet normal  0.000000e+00  0.000000e+00  1.000000e+00
   outer loop
     vertex -7.013408e+00  9.737151e+00  9.600000e+01
     vertex -7.277898e+00  9.541080e+00  9.600000e+01
     vertex -5.579722e+00  7.314828e+00  9.600000e+01
   endloop
 endfacet
 facet normal  0.000000e+00  0.000000e+00  1.000000e+00
   outer loop
     vertex  9.879402e+00 -6.811565e+00  9.600000e+01
     vertex  7.574208e+00 -5.222200e+00  9.600000e+01
     vertex  7.428091e+00 -5.428026e+00  9.600000e+01
   endloop
 endfacet
 facet normal  0.000000e+00  0.000000e+00  1.000000e+00
   outer loop
     vertex  9.879402e+00 -6.811565e+00  9.600000e+01
     vertex  7.714623e+00 -5.012443e+00  9.600000e+01
     vertex  7.574208e+00 -5.222200e+00  9.600000e+01
   endloop
 endfacet
 facet normal  0.000000e+00  0.000000e+00  1.000000e+00
   outer loop
     vertex  9.879402e+00 -6.811565e+00  9.600000e+01
     vertex  7.428091e+00 -5.428026e+00  9.600000e+01
     vertex  9.688815e+00 -7.080033e+00  9.600000e+01
   endloop
 endfacet
 facet normal  0.000000e+00  0.000000e+00  1.000000e+00
   outer loop
     vertex -6.743639e+00  9.925892e+00  9.600000e+01
     vertex -5.376946e+00  7.465149e+00  9.600000e+01
     vertex -5.170123e+00  7.609851e+00  9.600000e+01
   endloop
 endfacet
 facet normal  0.000000e+00  0.000000e+00  1.000000e+00
   outer loop
     vertex -6.743639e+00  9.925892e+00  9.600000e+01
     vertex -7.013408e+00  9.737151e+00  9.600000e+01
     vertex -5.376946e+00  7.465149e+00  9.600000e+01
   endloop
 endfacet
 facet normal  0.000000e+00  0.000000e+00  1.000000e+00
   outer loop
     vertex  1.006255e+01 -6.537969e+00  9.600000e+01
     vertex  7.849231e+00 -4.798913e+00  9.600000e+01
     vertex  7.714623e+00 -5.012443e+00  9.600000e+01
   endloop
 endfacet
 facet normal  0.000000e+00  0.000000e+00  1.000000e+00
   outer loop
     vertex  1.006255e+01 -6.537969e+00  9.600000e+01
     vertex  7.714623e+00 -5.012443e+00  9.600000e+01
     vertex  9.879402e+00 -6.811565e+00  9.600000e+01
   endloop
 endfacet
 facet normal  0.000000e+00  0.000000e+00  1.000000e+00
   outer loop
     vertex -6.468793e+00  1.010716e+01  9.600000e+01
     vertex -4.959408e+00  7.748824e+00  9.600000e+01
     vertex -4.744960e+00  7.881964e+00  9.600000e+01
   endloop
 endfacet
 facet normal  0.000000e+00  0.000000e+00  1.000000e+00
   outer loop
     vertex -6.468793e+00  1.010716e+01  9.600000e+01
     vertex -5.170123e+00  7.609851e+00  9.600000e+01
     vertex -4.959408e+00  7.748824e+00  9.600000e+01
   endloop
 endfacet
 facet normal  0.000000e+00  0.000000e+00  1.000000e+00
   outer loop
     vertex -6.468793e+00  1.010716e+01  9.600000e+01
     vertex -6.743639e+00  9.925892e+00  9.600000e+01
     vertex -5.170123e+00  7.609851e+00  9.600000e+01
   endloop
 endfacet
 facet normal  0.000000e+00  0.000000e+00  1.000000e+00
   outer loop
     vertex  1.023813e+01 -6.259452e+00  9.600000e+01
     vertex  7.849231e+00 -4.798913e+00  9.600000e+01
     vertex  1.006255e+01 -6.537969e+00  9.600000e+01
   endloop
 endfacet
 facet normal  0.000000e+00  0.000000e+00  1.000000e+00
   outer loop
     vertex -6.189078e+00  1.028082e+01  9.600000e+01
     vertex -6.468793e+00  1.010716e+01  9.600000e+01
     vertex -4.744960e+00  7.881964e+00  9.600000e+01
   endloop
 endfacet
 facet normal  0.000000e+00  0.000000e+00  1.000000e+00
   outer loop
     vertex  1.040600e+01 -5.976223e+00  9.600000e+01
     vertex  7.977931e+00 -4.581771e+00  9.600000e+01
     vertex  7.849231e+00 -4.798913e+00  9.600000e+01
   endloop
 endfacet
 facet normal  0.000000e+00  0.000000e+00  1.000000e+00
   outer loop
     vertex  1.040600e+01 -5.976223e+00  9.600000e+01
     vertex  7.849231e+00 -4.798913e+00  9.600000e+01
     vertex  1.023813e+01 -6.259452e+00  9.600000e+01
   endloop
 endfacet
 facet normal  0.000000e+00  0.000000e+00  1.000000e+00
   outer loop
     vertex -5.904704e+00  1.044674e+01  9.600000e+01
     vertex -4.744960e+00  7.881964e+00  9.600000e+01
     vertex -4.526940e+00  8.009171e+00  9.600000e+01
   endloop
 endfacet
 facet normal  0.000000e+00  0.000000e+00  1.000000e+00
   outer loop
     vertex -5.904704e+00  1.044674e+01  9.600000e+01
     vertex -6.189078e+00  1.028082e+01  9.600000e+01
     vertex -4.744960e+00  7.881964e+00  9.600000e+01
   endloop
 endfacet
 facet normal  0.000000e+00  0.000000e+00  1.000000e+00
   outer loop
     vertex  1.056603e+01 -5.688495e+00  9.600000e+01
     vertex  8.100624e+00 -4.361179e+00  9.600000e+01
     vertex  7.977931e+00 -4.581771e+00  9.600000e+01
   endloop
 endfacet
 facet normal  0.000000e+00  0.000000e+00  1.000000e+00
   outer loop
     vertex  1.056603e+01 -5.688495e+00  9.600000e+01
     vertex  7.977931e+00 -4.581771e+00  9.600000e+01
     vertex  1.040600e+01 -5.976223e+00  9.600000e+01
   endloop
 endfacet
 facet normal  0.000000e+00  0.000000e+00  1.000000e+00
   outer loop
     vertex -5.615885e+00  1.060480e+01  9.600000e+01
     vertex -4.526940e+00  8.009171e+00  9.600000e+01
     vertex -4.305512e+00  8.130348e+00  9.600000e+01
   endloop
 endfacet
 facet normal  0.000000e+00  0.000000e+00  1.000000e+00
   outer loop
     vertex -5.615885e+00  1.060480e+01  9.600000e+01
     vertex -5.904704e+00  1.044674e+01  9.600000e+01
     vertex -4.526940e+00  8.009171e+00  9.600000e+01
   endloop
 endfacet
 facet normal  0.000000e+00  0.000000e+00  1.000000e+00
   outer loop
     vertex  1.071811e+01 -5.396485e+00  9.600000e+01
     vertex  8.217220e+00 -4.137305e+00  9.600000e+01
     vertex  8.100624e+00 -4.361179e+00  9.600000e+01
   endloop
 endfacet
 facet normal  0.000000e+00  0.000000e+00  1.000000e+00
   outer loop
     vertex  1.071811e+01 -5.396485e+00  9.600000e+01
     vertex  8.100624e+00 -4.361179e+00  9.600000e+01
     vertex  1.056603e+01 -5.688495e+00  9.600000e+01
   endloop
 endfacet
 facet normal  0.000000e+00  0.000000e+00  1.000000e+00
   outer loop
     vertex -5.322839e+00  1.075488e+01  9.600000e+01
     vertex -4.305512e+00  8.130348e+00  9.600000e+01
     vertex -4.080843e+00  8.245406e+00  9.600000e+01
   endloop
 endfacet
 facet normal  0.000000e+00  0.000000e+00  1.000000e+00
   outer loop
     vertex -5.322839e+00  1.075488e+01  9.600000e+01
     vertex -5.615885e+00  1.060480e+01  9.600000e+01
     vertex -4.305512e+00  8.130348e+00  9.600000e+01
   endloop
 endfacet
 facet normal  0.000000e+00  0.000000e+00  1.000000e+00
   outer loop
     vertex  1.086213e+01 -5.100412e+00  9.600000e+01
     vertex  8.327630e+00 -3.910316e+00  9.600000e+01
     vertex  8.217220e+00 -4.137305e+00  9.600000e+01
   endloop
 endfacet
 facet normal  0.000000e+00  0.000000e+00  1.000000e+00
   outer loop
     vertex  1.086213e+01 -5.100412e+00  9.600000e+01
     vertex  8.217220e+00 -4.137305e+00  9.600000e+01
     vertex  1.071811e+01 -5.396485e+00  9.600000e+01
   endloop
 endfacet
 facet normal  0.000000e+00  0.000000e+00  1.000000e+00
   outer loop
     vertex -5.025786e+00  1.089686e+01  9.600000e+01
     vertex -4.080843e+00  8.245406e+00  9.600000e+01
     vertex -3.853102e+00  8.354257e+00  9.600000e+01
   endloop
 endfacet
 facet normal  0.000000e+00  0.000000e+00  1.000000e+00
   outer loop
     vertex -5.025786e+00  1.089686e+01  9.600000e+01
     vertex -5.322839e+00  1.075488e+01  9.600000e+01
     vertex -4.080843e+00  8.245406e+00  9.600000e+01
   endloop
 endfacet
 facet normal  0.000000e+00  0.000000e+00  1.000000e+00
   outer loop
     vertex  1.099796e+01 -4.800501e+00  9.600000e+01
     vertex  8.327630e+00 -3.910316e+00  9.600000e+01
     vertex  1.086213e+01 -5.100412e+00  9.600000e+01
   endloop
 endfacet
 facet normal  0.000000e+00  0.000000e+00  1.000000e+00
   outer loop
     vertex  1.099796e+01 -4.800501e+00  9.600000e+01
     vertex  8.431772e+00 -3.680384e+00  9.600000e+01
     vertex  8.327630e+00 -3.910316e+00  9.600000e+01
   endloop
 endfacet
 facet normal  0.000000e+00  0.000000e+00  1.000000e+00
   outer loop
     vertex  1.099796e+01 -4.800501e+00  9.600000e+01
     vertex  8.529566e+00 -3.447681e+00  9.600000e+01
     vertex  8.431772e+00 -3.680384e+00  9.600000e+01
   endloop
 endfacet
 facet normal  0.000000e+00  0.000000e+00  1.000000e+00
   outer loop
     vertex -4.724949e+00  1.103063e+01  9.600000e+01
     vertex -5.025786e+00  1.089686e+01  9.600000e+01
     vertex -3.853102e+00  8.354257e+00  9.600000e+01
   endloop
 endfacet
 facet normal  0.000000e+00  0.000000e+00  1.000000e+00
   outer loop
     vertex -4.724949e+00  1.103063e+01  9.600000e+01
     vertex -3.853102e+00  8.354257e+00  9.600000e+01
     vertex -3.622461e+00  8.456818e+00  9.600000e+01
   endloop
 endfacet
 facet normal  0.000000e+00  0.000000e+00  1.000000e+00
   outer loop
     vertex  1.112552e+01 -4.496975e+00  9.600000e+01
     vertex  8.529566e+00 -3.447681e+00  9.600000e+01
     vertex  1.099796e+01 -4.800501e+00  9.600000e+01
   endloop
 endfacet
 facet normal  0.000000e+00  0.000000e+00  1.000000e+00
   outer loop
     vertex -4.420556e+00  1.115611e+01  9.600000e+01
     vertex -4.724949e+00  1.103063e+01  9.600000e+01
     vertex -3.622461e+00  8.456818e+00  9.600000e+01
   endloop
 endfacet
 facet normal  0.000000e+00  0.000000e+00  1.000000e+00
   outer loop
     vertex -4.420556e+00  1.115611e+01  9.600000e+01
     vertex -3.389093e+00  8.553014e+00  9.600000e+01
     vertex -3.153173e+00  8.642771e+00  9.600000e+01
   endloop
 endfacet
 facet normal  0.000000e+00  0.000000e+00  1.000000e+00
   outer loop
     vertex -4.420556e+00  1.115611e+01  9.600000e+01
     vertex -3.622461e+00  8.456818e+00  9.600000e+01
     vertex -3.389093e+00  8.553014e+00  9.600000e+01
   endloop
 endfacet
 facet normal  0.000000e+00  0.000000e+00  1.000000e+00
   outer loop
     vertex  1.124470e+01 -4.190064e+00  9.600000e+01
     vertex  8.529566e+00 -3.447681e+00  9.600000e+01
     vertex  1.112552e+01 -4.496975e+00  9.600000e+01
   endloop
 endfacet
 facet normal  0.000000e+00  0.000000e+00  1.000000e+00
   outer loop
     vertex  1.124470e+01 -4.190064e+00  9.600000e+01
     vertex  8.620939e+00 -3.212383e+00  9.600000e+01
     vertex  8.529566e+00 -3.447681e+00  9.600000e+01
   endloop
 endfacet
 facet normal  0.000000e+00  0.000000e+00  1.000000e+00
   outer loop
     vertex  1.124470e+01 -4.190064e+00  9.600000e+01
     vertex  8.705823e+00 -2.974666e+00  9.600000e+01
     vertex  8.620939e+00 -3.212383e+00  9.600000e+01
   endloop
 endfacet
 facet normal  0.000000e+00  0.000000e+00  1.000000e+00
   outer loop
     vertex -4.112835e+00  1.127318e+01  9.600000e+01
     vertex -4.420556e+00  1.115611e+01  9.600000e+01
     vertex -3.153173e+00  8.642771e+00  9.600000e+01
   endloop
 endfacet
 facet normal  0.000000e+00  0.000000e+00  1.000000e+00
   outer loop
     vertex  1.135542e+01 -3.880000e+00  9.600000e+01
     vertex  8.705823e+00 -2.974666e+00  9.600000e+01
     vertex  1.124470e+01 -4.190064e+00  9.600000e+01
   endloop
 endfacet
 facet normal  0.000000e+00  0.000000e+00  1.000000e+00
   outer loop
     vertex -3.802018e+00  1.138177e+01  9.600000e+01
     vertex -4.112835e+00  1.127318e+01  9.600000e+01
     vertex -3.153173e+00  8.642771e+00  9.600000e+01
   endloop
 endfacet
 facet normal  0.000000e+00  0.000000e+00  1.000000e+00
   outer loop
     vertex -3.802018e+00  1.138177e+01  9.600000e+01
     vertex -2.914880e+00  8.726023e+00  9.600000e+01
     vertex -2.674393e+00  8.802705e+00  9.600000e+01
   endloop
 endfacet
 facet normal  0.000000e+00  0.000000e+00  1.000000e+00
   outer loop
     vertex -3.802018e+00  1.138177e+01  9.600000e+01
     vertex -3.153173e+00  8.642771e+00  9.600000e+01
     vertex -2.914880e+00  8.726023e+00  9.600000e+01
   endloop
 endfacet
 facet normal  0.000000e+00  0.000000e+00  1.000000e+00
   outer loop
     vertex  1.145759e+01 -3.567014e+00  9.600000e+01
     vertex  8.705823e+00 -2.974666e+00  9.600000e+01
     vertex  1.135542e+01 -3.880000e+00  9.600000e+01
   endloop
 endfacet
 facet normal  0.000000e+00  0.000000e+00  1.000000e+00
   outer loop
     vertex  1.145759e+01 -3.567014e+00  9.600000e+01
     vertex  8.784154e+00 -2.734711e+00  9.600000e+01
     vertex  8.705823e+00 -2.974666e+00  9.600000e+01
   endloop
 endfacet
 facet normal  0.000000e+00  0.000000e+00  1.000000e+00
   outer loop
     vertex -3.488339e+00  1.148179e+01  9.600000e+01
     vertex -3.802018e+00  1.138177e+01  9.600000e+01
     vertex -2.674393e+00  8.802705e+00  9.600000e+01
   endloop
 endfacet
 facet normal  0.000000e+00  0.000000e+00  1.000000e+00
   outer loop
     vertex  1.155114e+01 -3.251343e+00  9.600000e+01
     vertex  8.855872e+00 -2.492697e+00  9.600000e+01
     vertex  8.784154e+00 -2.734711e+00  9.600000e+01
   endloop
 endfacet
 facet normal  0.000000e+00  0.000000e+00  1.000000e+00
   outer loop
     vertex  1.155114e+01 -3.251343e+00  9.600000e+01
     vertex  8.784154e+00 -2.734711e+00  9.600000e+01
     vertex  1.145759e+01 -3.567014e+00  9.600000e+01
   endloop
 endfacet
 facet normal  0.000000e+00  0.000000e+00  1.000000e+00
   outer loop
     vertex -3.172034e+00  1.157317e+01  9.600000e+01
     vertex -3.488339e+00  1.148179e+01  9.600000e+01
     vertex -2.674393e+00  8.802705e+00  9.600000e+01
   endloop
 endfacet
 facet normal  0.000000e+00  0.000000e+00  1.000000e+00
   outer loop
     vertex -3.172034e+00  1.157317e+01  9.600000e+01
     vertex -2.431893e+00  8.872762e+00  9.600000e+01
     vertex -2.187562e+00  8.936139e+00  9.600000e+01
   endloop
 endfacet
 facet normal  0.000000e+00  0.000000e+00  1.000000e+00
   outer loop
     vertex -3.172034e+00  1.157317e+01  9.600000e+01
     vertex -2.674393e+00  8.802705e+00  9.600000e+01
     vertex -2.431893e+00  8.872762e+00  9.600000e+01
   endloop
 endfacet
 facet normal  0.000000e+00  0.000000e+00  1.000000e+00
   outer loop
     vertex  1.163599e+01 -2.933225e+00  9.600000e+01
     vertex  8.920923e+00 -2.248806e+00  9.600000e+01
     vertex  8.855872e+00 -2.492697e+00  9.600000e+01
   endloop
 endfacet
 facet normal  0.000000e+00  0.000000e+00  1.000000e+00
   outer loop
     vertex  1.163599e+01 -2.933225e+00  9.600000e+01
     vertex  8.979259e+00 -2.003222e+00  9.600000e+01
     vertex  8.920923e+00 -2.248806e+00  9.600000e+01
   endloop
 endfacet
 facet normal  0.000000e+00  0.000000e+00  1.000000e+00
   outer loop
     vertex  1.163599e+01 -2.933225e+00  9.600000e+01
     vertex  8.855872e+00 -2.492697e+00  9.600000e+01
     vertex  1.155114e+01 -3.251343e+00  9.600000e+01
   endloop
 endfacet
 facet normal  0.000000e+00  0.000000e+00  1.000000e+00
   outer loop
     vertex -2.853341e+00  1.165583e+01  9.600000e+01
     vertex -3.172034e+00  1.157317e+01  9.600000e+01
     vertex -2.187562e+00  8.936139e+00  9.600000e+01
   endloop
 endfacet
 facet normal  0.000000e+00  0.000000e+00  1.000000e+00
   outer loop
     vertex  1.171208e+01 -2.612899e+00  9.600000e+01
     vertex  8.979259e+00 -2.003222e+00  9.600000e+01
     vertex  1.163599e+01 -2.933225e+00  9.600000e+01
   endloop
 endfacet
 facet normal  0.000000e+00  0.000000e+00  1.000000e+00
   outer loop
     vertex -2.532501e+00  1.172972e+01  9.600000e+01
     vertex -2.853341e+00  1.165583e+01  9.600000e+01
     vertex -2.187562e+00  8.936139e+00  9.600000e+01
   endloop
 endfacet
 facet normal  0.000000e+00  0.000000e+00  1.000000e+00
   outer loop
     vertex -2.532501e+00  1.172972e+01  9.600000e+01
     vertex -1.941584e+00  8.992789e+00  9.600000e+01
     vertex -1.694144e+00  9.042670e+00  9.600000e+01
   endloop
 endfacet
 facet normal  0.000000e+00  0.000000e+00  1.000000e+00
   outer loop
     vertex -2.532501e+00  1.172972e+01  9.600000e+01
     vertex -2.187562e+00  8.936139e+00  9.600000e+01
     vertex -1.941584e+00  8.992789e+00  9.600000e+01
   endloop
 endfacet
 facet normal  0.000000e+00  0.000000e+00  1.000000e+00
   outer loop
     vertex  1.177935e+01 -2.290606e+00  9.600000e+01
     vertex  8.979259e+00 -2.003222e+00  9.600000e+01
     vertex  1.171208e+01 -2.612899e+00  9.600000e+01
   endloop
 endfacet
 facet normal  0.000000e+00  0.000000e+00  1.000000e+00
   outer loop
     vertex  1.177935e+01 -2.290606e+00  9.600000e+01
     vertex  9.030836e+00 -1.756131e+00  9.600000e+01
     vertex  8.979259e+00 -2.003222e+00  9.600000e+01
   endloop
 endfacet
 facet normal  0.000000e+00  0.000000e+00  1.000000e+00
   outer loop
     vertex -2.209754e+00  1.179479e+01  9.600000e+01
     vertex -2.532501e+00  1.172972e+01  9.600000e+01
     vertex -1.694144e+00  9.042670e+00  9.600000e+01
   endloop
 endfacet
 facet normal  0.000000e+00  0.000000e+00  1.000000e+00
   outer loop
     vertex  1.183776e+01 -1.966588e+00  9.600000e+01
     vertex  9.075615e+00 -1.507718e+00  9.600000e+01
     vertex  9.030836e+00 -1.756131e+00  9.600000e+01
   endloop
 endfacet
 facet normal  0.000000e+00  0.000000e+00  1.000000e+00
   outer loop
     vertex  1.183776e+01 -1.966588e+00  9.600000e+01
     vertex  9.030836e+00 -1.756131e+00  9.600000e+01
     vertex  1.177935e+01 -2.290606e+00  9.600000e+01
   endloop
 endfacet
 facet normal  0.000000e+00  0.000000e+00  1.000000e+00
   outer loop
     vertex -1.885343e+00  1.185097e+01  9.600000e+01
     vertex -1.445430e+00  9.085743e+00  9.600000e+01
     vertex -1.195627e+00  9.121978e+00  9.600000e+01
   endloop
 endfacet
 facet normal  0.000000e+00  0.000000e+00  1.000000e+00
   outer loop
     vertex -1.885343e+00  1.185097e+01  9.600000e+01
     vertex -1.694144e+00  9.042670e+00  9.600000e+01
     vertex -1.445430e+00  9.085743e+00  9.600000e+01
   endloop
 endfacet
 facet normal  0.000000e+00  0.000000e+00  1.000000e+00
   outer loop
     vertex -1.885343e+00  1.185097e+01  9.600000e+01
     vertex -2.209754e+00  1.179479e+01  9.600000e+01
     vertex -1.694144e+00  9.042670e+00  9.600000e+01
   endloop
 endfacet
 facet normal  0.000000e+00  0.000000e+00  1.000000e+00
   outer loop
     vertex  1.188725e+01 -1.641090e+00  9.600000e+01
     vertex  9.075615e+00 -1.507718e+00  9.600000e+01
     vertex  1.183776e+01 -1.966588e+00  9.600000e+01
   endloop
 endfacet
 facet normal  0.000000e+00  0.000000e+00  1.000000e+00
   outer loop
     vertex  1.188725e+01 -1.641090e+00  9.600000e+01
     vertex  9.113562e+00 -1.258169e+00  9.600000e+01
     vertex  9.075615e+00 -1.507718e+00  9.600000e+01
   endloop
 endfacet
 facet normal  0.000000e+00  0.000000e+00  1.000000e+00
   outer loop
     vertex  1.188725e+01 -1.641090e+00  9.600000e+01
     vertex  9.144648e+00 -1.007674e+00  9.600000e+01
     vertex  9.113562e+00 -1.258169e+00  9.600000e+01
   endloop
 endfacet
 facet normal  0.000000e+00  0.000000e+00  1.000000e+00
   outer loop
     vertex -1.559513e+00  1.189823e+01  9.600000e+01
     vertex -1.885343e+00  1.185097e+01  9.600000e+01
     vertex -1.195627e+00  9.121978e+00  9.600000e+01
   endloop
 endfacet
 facet normal  0.000000e+00  0.000000e+00  1.000000e+00
   outer loop
     vertex  1.192780e+01 -1.314357e+00  9.600000e+01
     vertex  9.144648e+00 -1.007674e+00  9.600000e+01
     vertex  1.188725e+01 -1.641090e+00  9.600000e+01
   endloop
 endfacet
 facet normal  0.000000e+00  0.000000e+00  1.000000e+00
   outer loop
     vertex -1.232510e+00  1.193654e+01  9.600000e+01
     vertex -1.559513e+00  1.189823e+01  9.600000e+01
     vertex -1.195627e+00  9.121978e+00  9.600000e+01
   endloop
 endfacet
 facet normal  0.000000e+00  0.000000e+00  1.000000e+00
   outer loop
     vertex -1.232510e+00  1.193654e+01  9.600000e+01
     vertex -1.195627e+00  9.121978e+00  9.600000e+01
     vertex -9.449241e-01  9.151345e+00  9.600000e+01
   endloop
 endfacet
 facet normal  0.000000e+00  0.000000e+00  1.000000e+00
   outer loop
     vertex  1.195937e+01 -9.866346e-01  9.600000e+01
     vertex  9.168851e+00 -7.564199e-01  9.600000e+01
     vertex  9.144648e+00 -1.007674e+00  9.600000e+01
   endloop
 endfacet
 facet normal  0.000000e+00  0.000000e+00  1.000000e+00
   outer loop
     vertex  1.195937e+01 -9.866346e-01  9.600000e+01
     vertex  9.144648e+00 -1.007674e+00  9.600000e+01
     vertex  1.192780e+01 -1.314357e+00  9.600000e+01
   endloop
 endfacet
 facet normal  0.000000e+00  0.000000e+00  1.000000e+00
   outer loop
     vertex -9.045783e-01  1.196586e+01  9.600000e+01
     vertex -1.232510e+00  1.193654e+01  9.600000e+01
     vertex -9.449241e-01  9.151345e+00  9.600000e+01
   endloop
 endfacet
 facet normal  0.000000e+00  0.000000e+00  1.000000e+00
   outer loop
     vertex -9.045783e-01  1.196586e+01  9.600000e+01
     vertex -6.935100e-01  9.173824e+00  9.600000e+01
     vertex -4.415739e-01  9.189397e+00  9.600000e+01
   endloop
 endfacet
 facet normal  0.000000e+00  0.000000e+00  1.000000e+00
   outer loop
     vertex -9.045783e-01  1.196586e+01  9.600000e+01
     vertex -9.449241e-01  9.151345e+00  9.600000e+01
     vertex -6.935100e-01  9.173824e+00  9.600000e+01
   endloop
 endfacet
 facet normal  0.000000e+00  0.000000e+00  1.000000e+00
   outer loop
     vertex  1.198194e+01 -6.581693e-01  9.600000e+01
     vertex  9.168851e+00 -7.564199e-01  9.600000e+01
     vertex  1.195937e+01 -9.866346e-01  9.600000e+01
   endloop
 endfacet
 facet normal  0.000000e+00  0.000000e+00  1.000000e+00
   outer loop
     vertex  1.198194e+01 -6.581693e-01  9.600000e+01
     vertex  9.186152e+00 -5.045965e-01  9.600000e+01
     vertex  9.168851e+00 -7.564199e-01  9.600000e+01
   endloop
 endfacet
 facet normal  0.000000e+00  0.000000e+00  1.000000e+00
   outer loop
     vertex  1.198194e+01 -6.581693e-01  9.600000e+01
     vertex  9.196537e+00 -2.523932e-01  9.600000e+01
     vertex  9.186152e+00 -5.045965e-01  9.600000e+01
   endloop
 endfacet
 facet normal  0.000000e+00  0.000000e+00  1.000000e+00
   outer loop
     vertex -5.759659e-01  1.198617e+01  9.600000e+01
     vertex -9.045783e-01  1.196586e+01  9.600000e+01
     vertex -4.415739e-01  9.189397e+00  9.600000e+01
   endloop
 endfacet
 facet normal  0.000000e+00  0.000000e+00  1.000000e+00
   outer loop
     vertex -5.759659e-01  1.198617e+01  9.600000e+01
     vertex -4.415739e-01  9.189397e+00  9.600000e+01
     vertex -1.893053e-01  9.198052e+00  9.600000e+01
   endloop
 endfacet
 facet normal  0.000000e+00  0.000000e+00  1.000000e+00
   outer loop
     vertex  1.199548e+01 -3.292086e-01  9.600000e+01
     vertex  9.196537e+00 -2.523932e-01  9.600000e+01
     vertex  1.198194e+01 -6.581693e-01  9.600000e+01
   endloop
 endfacet
 facet normal  0.000000e+00  0.000000e+00  1.000000e+00
   outer loop
     vertex -2.469200e-01  1.199746e+01  9.600000e+01
     vertex -5.759659e-01  1.198617e+01  9.600000e+01
     vertex -1.893053e-01  9.198052e+00  9.600000e+01
   endloop
 endfacet
 facet normal  0.000000e+00  0.000000e+00  1.000000e+00
   outer loop
     vertex  1.200000e+01 -2.939152e-15  9.600000e+01
     vertex  9.200000e+00 -2.253350e-15  9.600000e+01
     vertex  9.196537e+00 -2.523932e-01  9.600000e+01
   endloop
 endfacet
 facet normal  0.000000e+00  0.000000e+00  1.000000e+00
   outer loop
     vertex  1.200000e+01 -2.939152e-15  9.600000e+01
     vertex  9.196537e+00 -2.523932e-01  9.600000e+01
     vertex  1.199548e+01 -3.292086e-01  9.600000e+01
   endloop
 endfacet
 facet normal  0.000000e+00  0.000000e+00  1.000000e+00
   outer loop
     vertex  8.231183e-02  1.199972e+01  9.600000e+01
     vertex -2.469200e-01  1.199746e+01  9.600000e+01
     vertex -1.893053e-01  9.198052e+00  9.600000e+01
   endloop
 endfacet
 facet normal  0.000000e+00  0.000000e+00  1.000000e+00
   outer loop
     vertex  8.231183e-02  1.199972e+01  9.600000e+01
     vertex  6.310573e-02  9.199784e+00  9.600000e+01
     vertex  3.154693e-01  9.194590e+00  9.600000e+01
   endloop
 endfacet
 facet normal  0.000000e+00  0.000000e+00  1.000000e+00
   outer loop
     vertex  8.231183e-02  1.199972e+01  9.600000e+01
     vertex -1.893053e-01  9.198052e+00  9.600000e+01
     vertex  6.310573e-02  9.199784e+00  9.600000e+01
   endloop
 endfacet
 facet normal  0.000000e+00  0.000000e+00  1.000000e+00
   outer loop
     vertex  1.199548e+01  3.292086e-01  9.600000e+01
     vertex  9.196537e+00  2.523932e-01  9.600000e+01
     vertex  9.200000e+00 -2.253350e-15  9.600000e+01
   endloop
 endfacet
 facet normal  0.000000e+00  0.000000e+00  1.000000e+00
   outer loop
     vertex  1.199548e+01  3.292086e-01  9.600000e+01
     vertex  9.200000e+00 -2.253350e-15  9.600000e+01
     vertex  1.200000e+01 -2.939152e-15  9.600000e+01
   endloop
 endfacet
 facet normal  0.000000e+00  0.000000e+00  1.000000e+00
   outer loop
     vertex  4.114817e-01  1.199294e+01  9.600000e+01
     vertex  8.231183e-02  1.199972e+01  9.600000e+01
     vertex  3.154693e-01  9.194590e+00  9.600000e+01
   endloop
 endfacet
 facet normal  0.000000e+00  0.000000e+00  1.000000e+00
   outer loop
     vertex  1.198194e+01  6.581693e-01  9.600000e+01
     vertex  9.186152e+00  5.045965e-01  9.600000e+01
     vertex  9.196537e+00  2.523932e-01  9.600000e+01
   endloop
 endfacet
 facet normal  0.000000e+00  0.000000e+00  1.000000e+00
   outer loop
     vertex  1.198194e+01  6.581693e-01  9.600000e+01
     vertex  9.196537e+00  2.523932e-01  9.600000e+01
     vertex  1.199548e+01  3.292086e-01  9.600000e+01
   endloop
 endfacet
 facet normal  0.000000e+00  0.000000e+00  1.000000e+00
   outer loop
     vertex  7.403418e-01  1.197714e+01  9.600000e+01
     vertex  4.114817e-01  1.199294e+01  9.600000e+01
     vertex  3.154693e-01  9.194590e+00  9.600000e+01
   endloop
 endfacet
 facet normal  0.000000e+00  0.000000e+00  1.000000e+00
   outer loop
     vertex  7.403418e-01  1.197714e+01  9.600000e+01
     vertex  3.154693e-01  9.194590e+00  9.600000e+01
     vertex  5.675954e-01  9.182474e+00  9.600000e+01
   endloop
 endfacet
 facet normal  0.000000e+00  0.000000e+00  1.000000e+00
   outer loop
     vertex  1.195937e+01  9.866346e-01  9.600000e+01
     vertex  9.186152e+00  5.045965e-01  9.600000e+01
     vertex  1.198194e+01  6.581693e-01  9.600000e+01
   endloop
 endfacet
 facet normal  0.000000e+00  0.000000e+00  1.000000e+00
   outer loop
     vertex  1.195937e+01  9.866346e-01  9.600000e+01
     vertex  9.168851e+00  7.564199e-01  9.600000e+01
     vertex  9.186152e+00  5.045965e-01  9.600000e+01
   endloop
 endfacet
 facet normal  0.000000e+00  0.000000e+00  1.000000e+00
   outer loop
     vertex  1.068645e+00  1.195232e+01  9.600000e+01
     vertex  7.403418e-01  1.197714e+01  9.600000e+01
     vertex  5.675954e-01  9.182474e+00  9.600000e+01
   endloop
 endfacet
 facet normal  0.000000e+00  0.000000e+00  1.000000e+00
   outer loop
     vertex  1.068645e+00  1.195232e+01  9.600000e+01
     vertex  8.192942e-01  9.163447e+00  9.600000e+01
     vertex  1.070376e+00  9.137521e+00  9.600000e+01
   endloop
 endfacet
 facet normal  0.000000e+00  0.000000e+00  1.000000e+00
   outer loop
     vertex  1.068645e+00  1.195232e+01  9.600000e+01
     vertex  5.675954e-01  9.182474e+00  9.600000e+01
     vertex  8.192942e-01  9.163447e+00  9.600000e+01
   endloop
 endfacet
 facet normal  0.000000e+00  0.000000e+00  1.000000e+00
   outer loop
     vertex  1.192780e+01  1.314357e+00  9.600000e+01
     vertex  9.144648e+00  1.007674e+00  9.600000e+01
     vertex  9.168851e+00  7.564199e-01  9.600000e+01
   endloop
 endfacet
 facet normal  0.000000e+00  0.000000e+00  1.000000e+00
   outer loop
     vertex  1.192780e+01  1.314357e+00  9.600000e+01
     vertex  9.113562e+00  1.258169e+00  9.600000e+01
     vertex  9.144648e+00  1.007674e+00  9.600000e+01
   endloop
 endfacet
 facet normal  0.000000e+00  0.000000e+00  1.000000e+00
   outer loop
     vertex  1.192780e+01  1.314357e+00  9.600000e+01
     vertex  9.168851e+00  7.564199e-01  9.600000e+01
     vertex  1.195937e+01  9.866346e-01  9.600000e+01
   endloop
 endfacet
 facet normal  0.000000e+00  0.000000e+00  1.000000e+00
   outer loop
     vertex  1.396143e+00  1.191851e+01  9.600000e+01
     vertex  1.068645e+00  1.195232e+01  9.600000e+01
     vertex  1.070376e+00  9.137521e+00  9.600000e+01
   endloop
 endfacet
 facet normal  0.000000e+00  0.000000e+00  1.000000e+00
   outer loop
     vertex  1.396143e+00  1.191851e+01  9.600000e+01
     vertex  1.070376e+00  9.137521e+00  9.600000e+01
     vertex  1.320653e+00  9.104717e+00  9.600000e+01
   endloop
 endfacet
 facet normal  0.000000e+00  0.000000e+00  1.000000e+00
   outer loop
     vertex  1.188725e+01  1.641090e+00  9.600000e+01
     vertex  9.113562e+00  1.258169e+00  9.600000e+01
     vertex  1.192780e+01  1.314357e+00  9.600000e+01
   endloop
 endfacet
 facet normal  0.000000e+00  0.000000e+00  1.000000e+00
   outer loop
     vertex  1.722590e+00  1.187572e+01  9.600000e+01
     vertex  1.396143e+00  1.191851e+01  9.600000e+01
     vertex  1.320653e+00  9.104717e+00  9.600000e+01
   endloop
 endfacet
 facet normal  0.000000e+00  0.000000e+00  1.000000e+00
   outer loop
     vertex  1.183776e+01  1.966588e+00  9.600000e+01
     vertex  9.075615e+00  1.507718e+00  9.600000e+01
     vertex  9.113562e+00  1.258169e+00  9.600000e+01
   endloop
 endfacet
 facet normal  0.000000e+00  0.000000e+00  1.000000e+00
   outer loop
     vertex  1.183776e+01  1.966588e+00  9.600000e+01
     vertex  9.113562e+00  1.258169e+00  9.600000e+01
     vertex  1.188725e+01  1.641090e+00  9.600000e+01
   endloop
 endfacet
 facet normal  0.000000e+00  0.000000e+00  1.000000e+00
   outer loop
     vertex  2.047741e+00  1.182399e+01  9.600000e+01
     vertex  1.722590e+00  1.187572e+01  9.600000e+01
     vertex  1.320653e+00  9.104717e+00  9.600000e+01
   endloop
 endfacet
 facet normal  0.000000e+00  0.000000e+00  1.000000e+00
   outer loop
     vertex  2.047741e+00  1.182399e+01  9.600000e+01
     vertex  1.569935e+00  9.065060e+00  9.600000e+01
     vertex  1.818035e+00  9.018578e+00  9.600000e+01
   endloop
 endfacet
 facet normal  0.000000e+00  0.000000e+00  1.000000e+00
   outer loop
     vertex  2.047741e+00  1.182399e+01  9.600000e+01
     vertex  1.320653e+00  9.104717e+00  9.600000e+01
     vertex  1.569935e+00  9.065060e+00  9.600000e+01
   endloop
 endfacet
 facet normal  0.000000e+00  0.000000e+00  1.000000e+00
   outer loop
     vertex  1.177935e+01  2.290606e+00  9.600000e+01
     vertex  9.075615e+00  1.507718e+00  9.600000e+01
     vertex  1.183776e+01  1.966588e+00  9.600000e+01
   endloop
 endfacet
 facet normal  0.000000e+00  0.000000e+00  1.000000e+00
   outer loop
     vertex  1.177935e+01  2.290606e+00  9.600000e+01
     vertex  9.030836e+00  1.756131e+00  9.600000e+01
     vertex  9.075615e+00  1.507718e+00  9.600000e+01
   endloop
 endfacet
 facet normal  0.000000e+00  0.000000e+00  1.000000e+00
   outer loop
     vertex  1.177935e+01  2.290606e+00  9.600000e+01
     vertex  8.979259e+00  2.003222e+00  9.600000e+01
     vertex  9.030836e+00  1.756131e+00  9.600000e+01
   endloop
 endfacet
 facet normal  0.000000e+00  0.000000e+00  1.000000e+00
   outer loop
     vertex  2.371350e+00  1.176336e+01  9.600000e+01
     vertex  2.047741e+00  1.182399e+01  9.600000e+01
     vertex  1.818035e+00  9.018578e+00  9.600000e+01
   endloop
 endfacet
 facet normal  0.000000e+00  0.000000e+00  1.000000e+00
   outer loop
     vertex  1.171208e+01  2.612899e+00  9.600000e+01
     vertex  8.979259e+00  2.003222e+00  9.600000e+01
     vertex  1.177935e+01  2.290606e+00  9.600000e+01
   endloop
 endfacet
 facet normal  0.000000e+00  0.000000e+00  1.000000e+00
   outer loop
     vertex  2.693174e+00  1.169388e+01  9.600000e+01
     vertex  1.818035e+00  9.018578e+00  9.600000e+01
     vertex  2.064767e+00  8.965307e+00  9.600000e+01
   endloop
 endfacet
 facet normal  0.000000e+00  0.000000e+00  1.000000e+00
   outer loop
     vertex  2.693174e+00  1.169388e+01  9.600000e+01
     vertex  2.371350e+00  1.176336e+01  9.600000e+01
     vertex  1.818035e+00  9.018578e+00  9.600000e+01
   endloop
 endfacet
 facet normal  0.000000e+00  0.000000e+00  1.000000e+00
   outer loop
     vertex  1.163599e+01  2.933225e+00  9.600000e+01
     vertex  8.920923e+00  2.248806e+00  9.600000e+01
     vertex  8.979259e+00  2.003222e+00  9.600000e+01
   endloop
 endfacet
 facet normal  0.000000e+00  0.000000e+00  1.000000e+00
   outer loop
     vertex  1.163599e+01  2.933225e+00  9.600000e+01
     vertex  8.979259e+00  2.003222e+00  9.600000e+01
     vertex  1.171208e+01  2.612899e+00  9.600000e+01
   endloop
 endfacet
 facet normal  0.000000e+00  0.000000e+00  1.000000e+00
   outer loop
     vertex  3.012971e+00  1.161559e+01  9.600000e+01
     vertex  2.064767e+00  8.965307e+00  9.600000e+01
     vertex  2.309944e+00  8.905288e+00  9.600000e+01
   endloop
 endfacet
 facet normal  0.000000e+00  0.000000e+00  1.000000e+00
   outer loop
     vertex  3.012971e+00  1.161559e+01  9.600000e+01
     vertex  2.693174e+00  1.169388e+01  9.600000e+01
     vertex  2.064767e+00  8.965307e+00  9.600000e+01
   endloop
 endfacet
 facet normal  0.000000e+00  0.000000e+00  1.000000e+00
   outer loop
     vertex  1.155114e+01  3.251343e+00  9.600000e+01
     vertex  8.855872e+00  2.492697e+00  9.600000e+01
     vertex  8.920923e+00  2.248806e+00  9.600000e+01
   endloop
 endfacet
 facet normal  0.000000e+00  0.000000e+00  1.000000e+00
   outer loop
     vertex  1.155114e+01  3.251343e+00  9.600000e+01
     vertex  8.920923e+00  2.248806e+00  9.600000e+01
     vertex  1.163599e+01  2.933225e+00  9.600000e+01
   endloop
 endfacet
 facet normal  0.000000e+00  0.000000e+00  1.000000e+00
   outer loop
     vertex  3.330500e+00  1.152856e+01  9.600000e+01
     vertex  2.309944e+00  8.905288e+00  9.600000e+01
     vertex  2.553383e+00  8.838565e+00  9.600000e+01
   endloop
 endfacet
 facet normal  0.000000e+00  0.000000e+00  1.000000e+00
   outer loop
     vertex  3.330500e+00  1.152856e+01  9.600000e+01
     vertex  3.012971e+00  1.161559e+01  9.600000e+01
     vertex  2.309944e+00  8.905288e+00  9.600000e+01
   endloop
 endfacet
 facet normal  0.000000e+00  0.000000e+00  1.000000e+00
   outer loop
     vertex  1.145759e+01  3.567014e+00  9.600000e+01
     vertex  8.784154e+00  2.734711e+00  9.600000e+01
     vertex  8.855872e+00  2.492697e+00  9.600000e+01
   endloop
 endfacet
 facet normal  0.000000e+00  0.000000e+00  1.000000e+00
   outer loop
     vertex  1.145759e+01  3.567014e+00  9.600000e+01
     vertex  8.855872e+00  2.492697e+00  9.600000e+01
     vertex  1.155114e+01  3.251343e+00  9.600000e+01
   endloop
 endfacet
 facet normal  0.000000e+00  0.000000e+00  1.000000e+00
   outer loop
     vertex  3.645521e+00  1.143286e+01  9.600000e+01
     vertex  2.553383e+00  8.838565e+00  9.600000e+01
     vertex  2.794900e+00  8.765189e+00  9.600000e+01
   endloop
 endfacet
 facet normal  0.000000e+00  0.000000e+00  1.000000e+00
   outer loop
     vertex  3.645521e+00  1.143286e+01  9.600000e+01
     vertex  3.330500e+00  1.152856e+01  9.600000e+01
     vertex  2.553383e+00  8.838565e+00  9.600000e+01
   endloop
 endfacet
 facet normal  0.000000e+00  0.000000e+00  1.000000e+00
   outer loop
     vertex  1.135542e+01  3.880000e+00  9.600000e+01
     vertex  8.705823e+00  2.974666e+00  9.600000e+01
     vertex  8.784154e+00  2.734711e+00  9.600000e+01
   endloop
 endfacet
 facet normal  0.000000e+00  0.000000e+00  1.000000e+00
   outer loop
     vertex  1.135542e+01  3.880000e+00  9.600000e+01
     vertex  8.784154e+00  2.734711e+00  9.600000e+01
     vertex  1.145759e+01  3.567014e+00  9.600000e+01
   endloop
 endfacet
 facet normal  0.000000e+00  0.000000e+00  1.000000e+00
   outer loop
     vertex  3.957799e+00  1.132854e+01  9.600000e+01
     vertex  3.645521e+00  1.143286e+01  9.600000e+01
     vertex  2.794900e+00  8.765189e+00  9.600000e+01
   endloop
 endfacet
 facet normal  0.000000e+00  0.000000e+00  1.000000e+00
   outer loop
     vertex  3.957799e+00  1.132854e+01  9.600000e+01
     vertex  3.034312e+00  8.685214e+00  9.600000e+01
     vertex  3.271441e+00  8.598702e+00  9.600000e+01
   endloop
 endfacet
 facet normal  0.000000e+00  0.000000e+00  1.000000e+00
   outer loop
     vertex  3.957799e+00  1.132854e+01  9.600000e+01
     vertex  2.794900e+00  8.765189e+00  9.600000e+01
     vertex  3.034312e+00  8.685214e+00  9.600000e+01
   endloop
 endfacet
 facet normal  0.000000e+00  0.000000e+00  1.000000e+00
   outer loop
     vertex  1.124470e+01  4.190064e+00  9.600000e+01
     vertex  8.620939e+00  3.212383e+00  9.600000e+01
     vertex  8.705823e+00  2.974666e+00  9.600000e+01
   endloop
 endfacet
 facet normal  0.000000e+00  0.000000e+00  1.000000e+00
   outer loop
     vertex  1.124470e+01  4.190064e+00  9.600000e+01
     vertex  8.529566e+00  3.447681e+00  9.600000e+01
     vertex  8.620939e+00  3.212383e+00  9.600000e+01
   endloop
 endfacet
 facet normal  0.000000e+00  0.000000e+00  1.000000e+00
   outer loop
     vertex  1.124470e+01  4.190064e+00  9.600000e+01
     vertex  8.705823e+00  2.974666e+00  9.600000e+01
     vertex  1.135542e+01  3.880000e+00  9.600000e+01
   endloop
 endfacet
 facet normal  0.000000e+00  0.000000e+00  1.000000e+00
   outer loop
     vertex  4.267097e+00  1.121570e+01  9.600000e+01
     vertex  3.957799e+00  1.132854e+01  9.600000e+01
     vertex  3.271441e+00  8.598702e+00  9.600000e+01
   endloop
 endfacet
 facet normal  0.000000e+00  0.000000e+00  1.000000e+00
   outer loop
     vertex  1.112552e+01  4.496975e+00  9.600000e+01
     vertex  8.431772e+00  3.680384e+00  9.600000e+01
     vertex  8.529566e+00  3.447681e+00  9.600000e+01
   endloop
 endfacet
 facet normal  0.000000e+00  0.000000e+00  1.000000e+00
   outer loop
     vertex  1.112552e+01  4.496975e+00  9.600000e+01
     vertex  8.529566e+00  3.447681e+00  9.600000e+01
     vertex  1.124470e+01  4.190064e+00  9.600000e+01
   endloop
 endfacet
 facet normal  0.000000e+00  0.000000e+00  1.000000e+00
   outer loop
     vertex  4.573183e+00  1.109441e+01  9.600000e+01
     vertex  4.267097e+00  1.121570e+01  9.600000e+01
     vertex  3.271441e+00  8.598702e+00  9.600000e+01
   endloop
 endfacet
 facet normal  0.000000e+00  0.000000e+00  1.000000e+00
   outer loop
     vertex  4.573183e+00  1.109441e+01  9.600000e+01
     vertex  3.271441e+00  8.598702e+00  9.600000e+01
     vertex  3.506107e+00  8.505717e+00  9.600000e+01
   endloop
 endfacet
 facet normal  0.000000e+00  0.000000e+00  1.000000e+00
   outer loop
     vertex  1.099796e+01  4.800501e+00  9.600000e+01
     vertex  8.431772e+00  3.680384e+00  9.600000e+01
     vertex  1.112552e+01  4.496975e+00  9.600000e+01
   endloop
 endfacet
 facet normal  0.000000e+00  0.000000e+00  1.000000e+00
   outer loop
     vertex  4.875826e+00  1.096478e+01  9.600000e+01
     vertex  4.573183e+00  1.109441e+01  9.600000e+01
     vertex  3.506107e+00  8.505717e+00  9.600000e+01
   endloop
 endfacet
 facet normal  0.000000e+00  0.000000e+00  1.000000e+00
   outer loop
     vertex  4.875826e+00  1.096478e+01  9.600000e+01
     vertex  3.506107e+00  8.505717e+00  9.600000e+01
     vertex  3.738133e+00  8.406329e+00  9.600000e+01
   endloop
 endfacet
 facet normal  0.000000e+00  0.000000e+00  1.000000e+00
   outer loop
     vertex  1.086213e+01  5.100412e+00  9.600000e+01
     vertex  8.327630e+00  3.910316e+00  9.600000e+01
     vertex  8.431772e+00  3.680384e+00  9.600000e+01
   endloop
 endfacet
 facet normal  0.000000e+00  0.000000e+00  1.000000e+00
   outer loop
     vertex  1.086213e+01  5.100412e+00  9.600000e+01
     vertex  8.431772e+00  3.680384e+00  9.600000e+01
     vertex  1.099796e+01  4.800501e+00  9.600000e+01
   endloop
 endfacet
 facet normal  0.000000e+00  0.000000e+00  1.000000e+00
   outer loop
     vertex  5.174799e+00  1.082689e+01  9.600000e+01
     vertex  4.875826e+00  1.096478e+01  9.600000e+01
     vertex  3.738133e+00  8.406329e+00  9.600000e+01
   endloop
 endfacet
 facet normal  0.000000e+00  0.000000e+00  1.000000e+00
   outer loop
     vertex  5.174799e+00  1.082689e+01  9.600000e+01
     vertex  3.967346e+00  8.300612e+00  9.600000e+01
     vertex  4.193572e+00  8.188648e+00  9.600000e+01
   endloop
 endfacet
 facet normal  0.000000e+00  0.000000e+00  1.000000e+00
   outer loop
     vertex  5.174799e+00  1.082689e+01  9.600000e+01
     vertex  3.738133e+00  8.406329e+00  9.600000e+01
     vertex  3.967346e+00  8.300612e+00  9.600000e+01
   endloop
 endfacet
 facet normal  0.000000e+00  0.000000e+00  1.000000e+00
   outer loop
     vertex  1.071811e+01  5.396485e+00  9.600000e+01
     vertex  8.327630e+00  3.910316e+00  9.600000e+01
     vertex  1.086213e+01  5.100412e+00  9.600000e+01
   endloop
 endfacet
 facet normal  0.000000e+00  0.000000e+00  1.000000e+00
   outer loop
     vertex  1.071811e+01  5.396485e+00  9.600000e+01
     vertex  8.217220e+00  4.137305e+00  9.600000e+01
     vertex  8.327630e+00  3.910316e+00  9.600000e+01
   endloop
 endfacet
 facet normal  0.000000e+00  0.000000e+00  1.000000e+00
   outer loop
     vertex  5.469877e+00  1.068084e+01  9.600000e+01
     vertex  5.174799e+00  1.082689e+01  9.600000e+01
     vertex  4.193572e+00  8.188648e+00  9.600000e+01
   endloop
 endfacet
 facet normal  0.000000e+00  0.000000e+00  1.000000e+00
   outer loop
     vertex  1.056603e+01  5.688495e+00  9.600000e+01
     vertex  8.217220e+00  4.137305e+00  9.600000e+01
     vertex  1.071811e+01  5.396485e+00  9.600000e+01
   endloop
 endfacet
 facet normal  0.000000e+00  0.000000e+00  1.000000e+00
   outer loop
     vertex  1.056603e+01  5.688495e+00  9.600000e+01
     vertex  8.100624e+00  4.361179e+00  9.600000e+01
     vertex  8.217220e+00  4.137305e+00  9.600000e+01
   endloop
 endfacet
 facet normal  0.000000e+00  0.000000e+00  1.000000e+00
   outer loop
     vertex  1.056603e+01  5.688495e+00  9.600000e+01
     vertex  7.977931e+00  4.581771e+00  9.600000e+01
     vertex  8.100624e+00  4.361179e+00  9.600000e+01
   endloop
 endfacet
 facet normal  0.000000e+00  0.000000e+00  1.000000e+00
   outer loop
     vertex  5.760837e+00  1.052676e+01  9.600000e+01
     vertex  5.469877e+00  1.068084e+01  9.600000e+01
     vertex  4.193572e+00  8.188648e+00  9.600000e+01
   endloop
 endfacet
 facet normal  0.000000e+00  0.000000e+00  1.000000e+00
   outer loop
     vertex  5.760837e+00  1.052676e+01  9.600000e+01
     vertex  4.193572e+00  8.188648e+00  9.600000e+01
     vertex  4.416642e+00  8.070519e+00  9.600000e+01
   endloop
 endfacet
 facet normal  0.000000e+00  0.000000e+00  1.000000e+00
   outer loop
     vertex  1.040600e+01  5.976223e+00  9.600000e+01
     vertex  7.977931e+00  4.581771e+00  9.600000e+01
     vertex  1.056603e+01  5.688495e+00  9.600000e+01
   endloop
 endfacet
 facet normal  0.000000e+00  0.000000e+00  1.000000e+00
   outer loop
     vertex  6.047460e+00  1.036476e+01  9.600000e+01
     vertex  5.760837e+00  1.052676e+01  9.600000e+01
     vertex  4.416642e+00  8.070519e+00  9.600000e+01
   endloop
 endfacet
 facet normal  0.000000e+00  0.000000e+00  1.000000e+00
   outer loop
     vertex  6.047460e+00  1.036476e+01  9.600000e+01
     vertex  4.416642e+00  8.070519e+00  9.600000e+01
     vertex  4.636386e+00  7.946315e+00  9.600000e+01
   endloop
 endfacet
 facet normal  0.000000e+00  0.000000e+00  1.000000e+00
   outer loop
     vertex  1.023813e+01  6.259452e+00  9.600000e+01
     vertex  7.977931e+00  4.581771e+00  9.600000e+01
     vertex  1.040600e+01  5.976223e+00  9.600000e+01
   endloop
 endfacet
 facet normal  0.000000e+00  0.000000e+00  1.000000e+00
   outer loop
     vertex  1.023813e+01  6.259452e+00  9.600000e+01
     vertex  7.849231e+00  4.798913e+00  9.600000e+01
     vertex  7.977931e+00  4.581771e+00  9.600000e+01
   endloop
 endfacet
 facet normal  0.000000e+00  0.000000e+00  1.000000e+00
   outer loop
     vertex  6.329531e+00  1.019495e+01  9.600000e+01
     vertex  6.047460e+00  1.036476e+01  9.600000e+01
     vertex  4.636386e+00  7.946315e+00  9.600000e+01
   endloop
 endfacet
 facet normal  0.000000e+00  0.000000e+00  1.000000e+00
   outer loop
     vertex  6.329531e+00  1.019495e+01  9.600000e+01
     vertex  4.852641e+00  7.816129e+00  9.600000e+01
     vertex  5.065242e+00  7.680060e+00  9.600000e+01
   endloop
 endfacet
 facet normal  0.000000e+00  0.000000e+00  1.000000e+00
   outer loop
     vertex  6.329531e+00  1.019495e+01  9.600000e+01
     vertex  4.636386e+00  7.946315e+00  9.600000e+01
     vertex  4.852641e+00  7.816129e+00  9.600000e+01
   endloop
 endfacet
 facet normal  0.000000e+00  0.000000e+00  1.000000e+00
   outer loop
     vertex  1.006255e+01  6.537969e+00  9.600000e+01
     vertex  7.849231e+00  4.798913e+00  9.600000e+01
     vertex  1.023813e+01  6.259452e+00  9.600000e+01
   endloop
 endfacet
 facet normal  0.000000e+00  0.000000e+00  1.000000e+00
   outer loop
     vertex  1.006255e+01  6.537969e+00  9.600000e+01
     vertex  7.714623e+00  5.012443e+00  9.600000e+01
     vertex  7.849231e+00  4.798913e+00  9.600000e+01
   endloop
 endfacet
 facet normal  0.000000e+00  0.000000e+00  1.000000e+00
   outer loop
     vertex  6.606838e+00  1.001747e+01  9.600000e+01
     vertex  6.329531e+00  1.019495e+01  9.600000e+01
     vertex  5.065242e+00  7.680060e+00  9.600000e+01
   endloop
 endfacet
 facet normal  0.000000e+00  0.000000e+00  1.000000e+00
   outer loop
     vertex  6.606838e+00  1.001747e+01  9.600000e+01
     vertex  5.065242e+00  7.680060e+00  9.600000e+01
     vertex  5.274031e+00  7.538209e+00  9.600000e+01
   endloop
 endfacet
 facet normal  0.000000e+00  0.000000e+00  1.000000e+00
   outer loop
     vertex  9.879402e+00  6.811565e+00  9.600000e+01
     vertex  7.714623e+00  5.012443e+00  9.600000e+01
     vertex  1.006255e+01  6.537969e+00  9.600000e+01
   endloop
 endfacet
 facet normal  0.000000e+00  0.000000e+00  1.000000e+00
   outer loop
     vertex  9.879402e+00  6.811565e+00  9.600000e+01
     vertex  7.574208e+00  5.222200e+00  9.600000e+01
     vertex  7.714623e+00  5.012443e+00  9.600000e+01
   endloop
 endfacet
 facet normal  0.000000e+00  0.000000e+00  1.000000e+00
   outer loop
     vertex  6.879171e+00  9.832447e+00  9.600000e+01
     vertex  6.606838e+00  1.001747e+01  9.600000e+01
     vertex  5.274031e+00  7.538209e+00  9.600000e+01
   endloop
 endfacet
 facet normal  0.000000e+00  0.000000e+00  1.000000e+00
   outer loop
     vertex  9.688815e+00  7.080033e+00  9.600000e+01
     vertex  7.428091e+00  5.428026e+00  9.600000e+01
     vertex  7.574208e+00  5.222200e+00  9.600000e+01
   endloop
 endfacet
 facet normal  0.000000e+00  0.000000e+00  1.000000e+00
   outer loop
     vertex  9.688815e+00  7.080033e+00  9.600000e+01
     vertex  7.574208e+00  5.222200e+00  9.600000e+01
     vertex  9.879402e+00  6.811565e+00  9.600000e+01
   endloop
 endfacet
 facet normal  0.000000e+00  0.000000e+00  1.000000e+00
   outer loop
     vertex  7.146325e+00  9.640022e+00  9.600000e+01
     vertex  6.879171e+00  9.832447e+00  9.600000e+01
     vertex  5.274031e+00  7.538209e+00  9.600000e+01
   endloop
 endfacet
 facet normal  0.000000e+00  0.000000e+00  1.000000e+00
   outer loop
     vertex  7.146325e+00  9.640022e+00  9.600000e+01
     vertex  5.274031e+00  7.538209e+00  9.600000e+01
     vertex  5.478849e+00  7.390684e+00  9.600000e+01
   endloop
 endfacet
 facet normal  0.000000e+00  0.000000e+00  1.000000e+00
   outer loop
     vertex  9.490934e+00  7.343172e+00  9.600000e+01
     vertex  7.428091e+00  5.428026e+00  9.600000e+01
     vertex  9.688815e+00  7.080033e+00  9.600000e+01
   endloop
 endfacet
 facet normal  0.000000e+00  0.000000e+00  1.000000e+00
   outer loop
     vertex  9.490934e+00  7.343172e+00  9.600000e+01
     vertex  7.276383e+00  5.629765e+00  9.600000e+01
     vertex  7.428091e+00  5.428026e+00  9.600000e+01
   endloop
 endfacet
 facet normal  0.000000e+00  0.000000e+00  1.000000e+00
   outer loop
     vertex  9.490934e+00  7.343172e+00  9.600000e+01
     vertex  7.119197e+00  5.827267e+00  9.600000e+01
     vertex  7.276383e+00  5.629765e+00  9.600000e+01
   endloop
 endfacet
 facet normal  0.000000e+00  0.000000e+00  1.000000e+00
   outer loop
     vertex  7.408101e+00  9.440341e+00  9.600000e+01
     vertex  7.146325e+00  9.640022e+00  9.600000e+01
     vertex  5.478849e+00  7.390684e+00  9.600000e+01
   endloop
 endfacet
 facet normal  0.000000e+00  0.000000e+00  1.000000e+00
   outer loop
     vertex  7.408101e+00  9.440341e+00  9.600000e+01
     vertex  5.478849e+00  7.390684e+00  9.600000e+01
     vertex  5.679544e+00  7.237595e+00  9.600000e+01
   endloop
 endfacet
 facet normal  0.000000e+00  0.000000e+00  1.000000e+00
   outer loop
     vertex  9.285909e+00  7.600783e+00  9.600000e+01
     vertex  7.119197e+00  5.827267e+00  9.600000e+01
     vertex  9.490934e+00  7.343172e+00  9.600000e+01
   endloop
 endfacet
 facet normal  0.000000e+00  0.000000e+00  1.000000e+00
   outer loop
     vertex  7.664299e+00  9.233554e+00  9.600000e+01
     vertex  7.408101e+00  9.440341e+00  9.600000e+01
     vertex  5.679544e+00  7.237595e+00  9.600000e+01
   endloop
 endfacet
 facet normal  0.000000e+00  0.000000e+00  1.000000e+00
   outer loop
     vertex  7.664299e+00  9.233554e+00  9.600000e+01
     vertex  5.679544e+00  7.237595e+00  9.600000e+01
     vertex  5.875963e+00  7.079058e+00  9.600000e+01
   endloop
 endfacet
 facet normal  0.000000e+00  0.000000e+00  1.000000e+00
   outer loop
     vertex  9.073893e+00  7.852672e+00  9.600000e+01
     vertex  7.119197e+00  5.827267e+00  9.600000e+01
     vertex  9.285909e+00  7.600783e+00  9.600000e+01
   endloop
 endfacet
 facet normal  0.000000e+00  0.000000e+00  1.000000e+00
   outer loop
     vertex  9.073893e+00  7.852672e+00  9.600000e+01
     vertex  6.956652e+00  6.020382e+00  9.600000e+01
     vertex  7.119197e+00  5.827267e+00  9.600000e+01
   endloop
 endfacet
 facet normal  0.000000e+00  0.000000e+00  1.000000e+00
   outer loop
     vertex  7.914728e+00  9.019816e+00  9.600000e+01
     vertex  7.664299e+00  9.233554e+00  9.600000e+01
     vertex  5.875963e+00  7.079058e+00  9.600000e+01
   endloop
 endfacet
 facet normal  0.000000e+00  0.000000e+00  1.000000e+00
   outer loop
     vertex  7.914728e+00  9.019816e+00  9.600000e+01
     vertex  5.875963e+00  7.079058e+00  9.600000e+01
     vertex  6.067958e+00  6.915192e+00  9.600000e+01
   endloop
 endfacet
 facet normal  0.000000e+00  0.000000e+00  1.000000e+00
   outer loop
     vertex  8.855048e+00  8.098650e+00  9.600000e+01
     vertex  6.956652e+00  6.020382e+00  9.600000e+01
     vertex  9.073893e+00  7.852672e+00  9.600000e+01
   endloop
 endfacet
 facet normal  0.000000e+00  0.000000e+00  1.000000e+00
   outer loop
     vertex  8.855048e+00  8.098650e+00  9.600000e+01
     vertex  6.788870e+00  6.208965e+00  9.600000e+01
     vertex  6.956652e+00  6.020382e+00  9.600000e+01
   endloop
 endfacet
 facet normal  0.000000e+00  0.000000e+00  1.000000e+00
   outer loop
     vertex  8.159199e+00  8.799288e+00  9.600000e+01
     vertex  7.914728e+00  9.019816e+00  9.600000e+01
     vertex  6.067958e+00  6.915192e+00  9.600000e+01
   endloop
 endfacet
 facet normal  0.000000e+00  0.000000e+00  1.000000e+00
   outer loop
     vertex  8.159199e+00  8.799288e+00  9.600000e+01
     vertex  6.255386e+00  6.746121e+00  9.600000e+01
     vertex  6.438105e+00  6.571971e+00  9.600000e+01
   endloop
 endfacet
 facet normal  0.000000e+00  0.000000e+00  1.000000e+00
   outer loop
     vertex  8.159199e+00  8.799288e+00  9.600000e+01
     vertex  6.067958e+00  6.915192e+00  9.600000e+01
     vertex  6.255386e+00  6.746121e+00  9.600000e+01
   endloop
 endfacet
 facet normal  0.000000e+00  0.000000e+00  1.000000e+00
   outer loop
     vertex  8.629536e+00  8.338532e+00  9.600000e+01
     vertex  6.615978e+00  6.392874e+00  9.600000e+01
     vertex  6.788870e+00  6.208965e+00  9.600000e+01
   endloop
 endfacet
 facet normal  0.000000e+00  0.000000e+00  1.000000e+00
   outer loop
     vertex  8.629536e+00  8.338532e+00  9.600000e+01
     vertex  6.788870e+00  6.208965e+00  9.600000e+01
     vertex  8.855048e+00  8.098650e+00  9.600000e+01
   endloop
 endfacet
 facet normal  0.000000e+00  0.000000e+00  1.000000e+00
   outer loop
     vertex  8.397528e+00  8.572136e+00  9.600000e+01
     vertex  6.615978e+00  6.392874e+00  9.600000e+01
     vertex  8.629536e+00  8.338532e+00  9.600000e+01
   endloop
 endfacet
 facet normal  0.000000e+00  0.000000e+00  1.000000e+00
   outer loop
     vertex  8.397528e+00  8.572136e+00  9.600000e+01
     vertex  6.438105e+00  6.571971e+00  9.600000e+01
     vertex  6.615978e+00  6.392874e+00  9.600000e+01
   endloop
 endfacet
 facet normal  0.000000e+00  0.000000e+00  1.000000e+00
   outer loop
     vertex  8.397528e+00  8.572136e+00  9.600000e+01
     vertex  8.159199e+00  8.799288e+00  9.600000e+01
     vertex  6.438105e+00  6.571971e+00  9.600000e+01
   endloop
 endfacet
 facet normal  0.000000e+00  0.000000e+00 -1.000000e+00
   outer loop
     vertex -1.147596e+01 -9.659318e+00  8.800000e+01
     vertex -1.092889e+01 -1.027421e+01  8.800000e+01
     vertex -1.120664e+01 -9.970515e+00  8.800000e+01
   endloop
 endfacet
 facet normal  0.000000e+00  0.000000e+00 -1.000000e+00
   outer loop
     vertex -9.421136e+00 -1.167228e+01  8.800000e+01
     vertex -1.064292e+01 -1.057016e+01  8.800000e+01
     vertex -1.092889e+01 -1.027421e+01  8.800000e+01
   endloop
 endfacet
 facet normal  0.000000e+00  0.000000e+00 -1.000000e+00
   outer loop
     vertex -9.421136e+00 -1.167228e+01  8.800000e+01
     vertex -1.092889e+01 -1.027421e+01  8.800000e+01
     vertex -1.147596e+01 -9.659318e+00  8.800000e+01
   endloop
 endfacet
 facet normal  0.000000e+00  0.000000e+00 -1.000000e+00
   outer loop
     vertex -9.421136e+00 -1.167228e+01  8.800000e+01
     vertex -1.034893e+01 -1.085816e+01  8.800000e+01
     vertex -1.064292e+01 -1.057016e+01  8.800000e+01
   endloop
 endfacet
 facet normal  0.000000e+00  0.000000e+00 -1.000000e+00
   outer loop
     vertex -9.421136e+00 -1.167228e+01  8.800000e+01
     vertex -1.004715e+01 -1.113799e+01  8.800000e+01
     vertex -1.034893e+01 -1.085816e+01  8.800000e+01
   endloop
 endfacet
 facet normal  0.000000e+00  0.000000e+00 -1.000000e+00
   outer loop
     vertex -9.421136e+00 -1.167228e+01  8.800000e+01
     vertex -9.737808e+00 -1.140943e+01  8.800000e+01
     vertex -1.004715e+01 -1.113799e+01  8.800000e+01
   endloop
 endfacet
 facet normal  0.000000e+00  0.000000e+00 -1.000000e+00
   outer loop
     vertex -8.766760e+00 -1.217144e+01  8.800000e+01
     vertex -9.097372e+00 -1.192635e+01  8.800000e+01
     vertex -9.421136e+00 -1.167228e+01  8.800000e+01
   endloop
 endfacet
 facet normal  0.000000e+00  0.000000e+00 -1.000000e+00
   outer loop
     vertex -8.085992e+00 -1.263395e+01  8.800000e+01
     vertex -9.421136e+00 -1.167228e+01  8.800000e+01
     vertex -1.147596e+01 -9.659318e+00  8.800000e+01
   endloop
 endfacet
 facet normal  0.000000e+00  0.000000e+00 -1.000000e+00
   outer loop
     vertex -8.085992e+00 -1.263395e+01  8.800000e+01
     vertex -8.429549e+00 -1.240737e+01  8.800000e+01
     vertex -8.766760e+00 -1.217144e+01  8.800000e+01
   endloop
 endfacet
 facet normal  0.000000e+00  0.000000e+00 -1.000000e+00
   outer loop
     vertex -8.085992e+00 -1.263395e+01  8.800000e+01
     vertex -8.766760e+00 -1.217144e+01  8.800000e+01
     vertex -9.421136e+00 -1.167228e+01  8.800000e+01
   endloop
 endfacet
 facet normal  0.000000e+00  0.000000e+00 -1.000000e+00
   outer loop
     vertex -1.268912e+01 -7.999141e+00  8.800000e+01
     vertex -1.223129e+01 -8.683066e+00  8.800000e+01
     vertex -1.246489e+01 -8.344244e+00  8.800000e+01
   endloop
 endfacet
 facet normal  0.000000e+00  0.000000e+00 -1.000000e+00
   outer loop
     vertex -1.268912e+01 -7.999141e+00  8.800000e+01
     vertex -1.198847e+01 -9.015352e+00  8.800000e+01
     vertex -1.223129e+01 -8.683066e+00  8.800000e+01
   endloop
 endfacet
 facet normal  0.000000e+00  0.000000e+00 -1.000000e+00
   outer loop
     vertex -1.290379e+01 -7.648016e+00  8.800000e+01
     vertex -1.173663e+01 -9.340851e+00  8.800000e+01
     vertex -1.198847e+01 -9.015352e+00  8.800000e+01
   endloop
 endfacet
 facet normal  0.000000e+00  0.000000e+00 -1.000000e+00
   outer loop
     vertex -1.290379e+01 -7.648016e+00  8.800000e+01
     vertex -1.147596e+01 -9.659318e+00  8.800000e+01
     vertex -1.173663e+01 -9.340851e+00  8.800000e+01
   endloop
 endfacet
 facet normal  0.000000e+00  0.000000e+00 -1.000000e+00
   outer loop
     vertex -1.290379e+01 -7.648016e+00  8.800000e+01
     vertex -1.198847e+01 -9.015352e+00  8.800000e+01
     vertex -1.268912e+01 -7.999141e+00  8.800000e+01
   endloop
 endfacet
 facet normal  0.000000e+00  0.000000e+00 -1.000000e+00
   outer loop
     vertex -7.380880e+00 -1.305843e+01  8.800000e+01
     vertex -7.736348e+00 -1.285103e+01  8.800000e+01
     vertex -8.085992e+00 -1.263395e+01  8.800000e+01
   endloop
 endfacet
 facet normal  0.000000e+00  0.000000e+00 -1.000000e+00
   outer loop
     vertex -7.380880e+00 -1.305843e+01  8.800000e+01
     vertex -1.147596e+01 -9.659318e+00  8.800000e+01
     vertex -1.290379e+01 -7.648016e+00  8.800000e+01
   endloop
 endfacet
 facet normal  0.000000e+00  0.000000e+00 -1.000000e+00
   outer loop
     vertex -7.380880e+00 -1.305843e+01  8.800000e+01
     vertex -8.085992e+00 -1.263395e+01  8.800000e+01
     vertex -1.147596e+01 -9.659318e+00  8.800000e+01
   endloop
 endfacet
 facet normal  0.000000e+00  0.000000e+00 -1.000000e+00
   outer loop
     vertex -6.653549e+00 -1.344360e+01  8.800000e+01
     vertex -7.019857e+00 -1.325600e+01  8.800000e+01
     vertex -7.380880e+00 -1.305843e+01  8.800000e+01
   endloop
 endfacet
 facet normal  0.000000e+00  0.000000e+00 -1.000000e+00
   outer loop
     vertex -1.348892e+01 -6.561178e+00  8.800000e+01
     vertex -1.310875e+01 -7.291135e+00  8.800000e+01
     vertex -1.330384e+01 -6.928764e+00  8.800000e+01
   endloop
 endfacet
 facet normal  0.000000e+00  0.000000e+00 -1.000000e+00
   outer loop
     vertex -5.906186e+00 -1.378829e+01  8.800000e+01
     vertex -1.348892e+01 -6.561178e+00  8.800000e+01
     vertex -1.366384e+01 -6.188653e+00  8.800000e+01
   endloop
 endfacet
 facet normal  0.000000e+00  0.000000e+00 -1.000000e+00
   outer loop
     vertex -5.906186e+00 -1.378829e+01  8.800000e+01
     vertex -1.290379e+01 -7.648016e+00  8.800000e+01
     vertex -1.310875e+01 -7.291135e+00  8.800000e+01
   endloop
 endfacet
 facet normal  0.000000e+00  0.000000e+00 -1.000000e+00
   outer loop
     vertex -5.906186e+00 -1.378829e+01  8.800000e+01
     vertex -6.282232e+00 -1.362107e+01  8.800000e+01
     vertex -6.653549e+00 -1.344360e+01  8.800000e+01
   endloop
 endfacet
 facet normal  0.000000e+00  0.000000e+00 -1.000000e+00
   outer loop
     vertex -5.906186e+00 -1.378829e+01  8.800000e+01
     vertex -7.380880e+00 -1.305843e+01  8.800000e+01
     vertex -1.290379e+01 -7.648016e+00  8.800000e+01
   endloop
 endfacet
 facet normal  0.000000e+00  0.000000e+00 -1.000000e+00
   outer loop
     vertex -5.906186e+00 -1.378829e+01  8.800000e+01
     vertex -6.653549e+00 -1.344360e+01  8.800000e+01
     vertex -7.380880e+00 -1.305843e+01  8.800000e+01
   endloop
 endfacet
 facet normal  0.000000e+00  0.000000e+00 -1.000000e+00
   outer loop
     vertex -5.906186e+00 -1.378829e+01  8.800000e+01
     vertex -1.310875e+01 -7.291135e+00  8.800000e+01
     vertex -1.348892e+01 -6.561178e+00  8.800000e+01
   endloop
 endfacet
 facet normal  0.000000e+00  0.000000e+00 -1.000000e+00
   outer loop
     vertex -1.382848e+01 -5.811469e+00  8.800000e+01
     vertex -5.906186e+00 -1.378829e+01  8.800000e+01
     vertex -1.366384e+01 -6.188653e+00  8.800000e+01
   endloop
 endfacet
 facet normal  0.000000e+00  0.000000e+00 -1.000000e+00
   outer loop
     vertex -5.525695e+00 -1.394513e+01  8.800000e+01
     vertex -5.906186e+00 -1.378829e+01  8.800000e+01
     vertex -1.382848e+01 -5.811469e+00  8.800000e+01
   endloop
 endfacet
 facet normal  0.000000e+00  0.000000e+00 -1.000000e+00
   outer loop
     vertex -1.425948e+01 -4.654822e+00  8.800000e+01
     vertex -1.398271e+01 -5.429911e+00  8.800000e+01
     vertex -1.412641e+01 -5.044265e+00  8.800000e+01
   endloop
 endfacet
 facet normal  0.000000e+00  0.000000e+00 -1.000000e+00
   outer loop
     vertex -1.425948e+01 -4.654822e+00  8.800000e+01
     vertex -1.382848e+01 -5.811469e+00  8.800000e+01
     vertex -1.398271e+01 -5.429911e+00  8.800000e+01
   endloop
 endfacet
 facet normal  0.000000e+00  0.000000e+00 -1.000000e+00
   outer loop
     vertex -4.360424e+00 -1.435224e+01  8.800000e+01
     vertex -5.141043e+00 -1.409148e+01  8.800000e+01
     vertex -5.525695e+00 -1.394513e+01  8.800000e+01
   endloop
 endfacet
 facet normal  0.000000e+00  0.000000e+00 -1.000000e+00
   outer loop
     vertex -4.360424e+00 -1.435224e+01  8.800000e+01
     vertex -4.752522e+00 -1.422721e+01  8.800000e+01
     vertex -5.141043e+00 -1.409148e+01  8.800000e+01
   endloop
 endfacet
 facet normal  0.000000e+00  0.000000e+00 -1.000000e+00
   outer loop
     vertex -3.965042e+00 -1.446646e+01  8.800000e+01
     vertex -4.360424e+00 -1.435224e+01  8.800000e+01
     vertex -5.525695e+00 -1.394513e+01  8.800000e+01
   endloop
 endfacet
 facet normal  0.000000e+00  0.000000e+00 -1.000000e+00
   outer loop
     vertex -3.165626e+00 -1.466216e+01  8.800000e+01
     vertex -3.566676e+00 -1.456979e+01  8.800000e+01
     vertex -3.965042e+00 -1.446646e+01  8.800000e+01
   endloop
 endfacet
 facet normal  0.000000e+00  0.000000e+00 -1.000000e+00
   outer loop
     vertex -3.165626e+00 -1.466216e+01  8.800000e+01
     vertex -3.965042e+00 -1.446646e+01  8.800000e+01
     vertex -5.525695e+00 -1.394513e+01  8.800000e+01
   endloop
 endfacet
 facet normal  0.000000e+00  0.000000e+00 -1.000000e+00
   outer loop
     vertex -1.468352e+01 -3.064979e+00  8.800000e+01
     vertex -1.449332e+01 -3.865719e+00  8.800000e+01
     vertex -1.459391e+01 -3.466654e+00  8.800000e+01
   endloop
 endfacet
 facet normal  0.000000e+00  0.000000e+00 -1.000000e+00
   outer loop
     vertex -1.468352e+01 -3.064979e+00  8.800000e+01
     vertex -1.438181e+01 -4.261874e+00  8.800000e+01
     vertex -1.449332e+01 -3.865719e+00  8.800000e+01
   endloop
 endfacet
 facet normal  0.000000e+00  0.000000e+00 -1.000000e+00
   outer loop
     vertex -1.468352e+01 -3.064979e+00  8.800000e+01
     vertex -1.425948e+01 -4.654822e+00  8.800000e+01
     vertex -1.438181e+01 -4.261874e+00  8.800000e+01
   endloop
 endfacet
 facet normal  0.000000e+00  0.000000e+00 -1.000000e+00
   outer loop
     vertex -2.356679e+00 -1.481371e+01  8.800000e+01
     vertex -3.165626e+00 -1.466216e+01  8.800000e+01
     vertex -5.525695e+00 -1.394513e+01  8.800000e+01
   endloop
 endfacet
 facet normal  0.000000e+00  0.000000e+00 -1.000000e+00
   outer loop
     vertex -2.356679e+00 -1.481371e+01  8.800000e+01
     vertex -2.762192e+00 -1.474348e+01  8.800000e+01
     vertex -3.165626e+00 -1.466216e+01  8.800000e+01
   endloop
 endfacet
 facet normal  0.000000e+00  0.000000e+00 -1.000000e+00
   outer loop
     vertex -1.949392e+00 -1.487279e+01  8.800000e+01
     vertex -2.356679e+00 -1.481371e+01  8.800000e+01
     vertex -5.525695e+00 -1.394513e+01  8.800000e+01
   endloop
 endfacet
 facet normal  0.000000e+00  0.000000e+00 -1.000000e+00
   outer loop
     vertex -1.130723e+00 -1.495732e+01  8.800000e+01
     vertex -1.949392e+00 -1.487279e+01  8.800000e+01
     vertex -5.525695e+00 -1.394513e+01  8.800000e+01
   endloop
 endfacet
 facet normal  0.000000e+00  0.000000e+00 -1.000000e+00
   outer loop
     vertex -1.130723e+00 -1.495732e+01  8.800000e+01
     vertex -1.540637e+00 -1.492067e+01  8.800000e+01
     vertex -1.949392e+00 -1.487279e+01  8.800000e+01
   endloop
 endfacet
 facet normal  0.000000e+00  0.000000e+00 -1.000000e+00
   outer loop
     vertex -1.130723e+00 -1.495732e+01  8.800000e+01
     vertex -5.525695e+00 -1.394513e+01  8.800000e+01
     vertex -1.382848e+01 -5.811469e+00  8.800000e+01
   endloop
 endfacet
 facet normal  0.000000e+00  0.000000e+00 -1.000000e+00
   outer loop
     vertex -1.130723e+00 -1.495732e+01  8.800000e+01
     vertex -1.382848e+01 -5.811469e+00  8.800000e+01
     vertex -1.425948e+01 -4.654822e+00  8.800000e+01
   endloop
 endfacet
 facet normal  0.000000e+00  0.000000e+00 -1.000000e+00
   outer loop
     vertex -1.496473e+01 -1.028099e+00  8.800000e+01
     vertex -1.425948e+01 -4.654822e+00  8.800000e+01
     vertex -1.468352e+01 -3.064979e+00  8.800000e+01
   endloop
 endfacet
 facet normal  0.000000e+00  0.000000e+00 -1.000000e+00
   outer loop
     vertex -1.496473e+01 -1.028099e+00  8.800000e+01
     vertex -1.488581e+01 -1.847329e+00  8.800000e+01
     vertex -1.493089e+01 -1.438255e+00  8.800000e+01
   endloop
 endfacet
 facet normal  0.000000e+00  0.000000e+00 -1.000000e+00
   outer loop
     vertex -1.496473e+01 -1.028099e+00  8.800000e+01
     vertex -1.482953e+01 -2.255011e+00  8.800000e+01
     vertex -1.488581e+01 -1.847329e+00  8.800000e+01
   endloop
 endfacet
 facet normal  0.000000e+00  0.000000e+00 -1.000000e+00
   outer loop
     vertex -1.496473e+01 -1.028099e+00  8.800000e+01
     vertex -1.476208e+01 -2.660997e+00  8.800000e+01
     vertex -1.482953e+01 -2.255011e+00  8.800000e+01
   endloop
 endfacet
 facet normal  0.000000e+00  0.000000e+00 -1.000000e+00
   outer loop
     vertex -1.496473e+01 -1.028099e+00  8.800000e+01
     vertex -1.468352e+01 -3.064979e+00  8.800000e+01
     vertex -1.476208e+01 -2.660997e+00  8.800000e+01
   endloop
 endfacet
 facet normal  0.000000e+00  0.000000e+00 -1.000000e+00
   outer loop
     vertex -1.496473e+01 -1.028099e+00  8.800000e+01
     vertex -1.130723e+00 -1.495732e+01  8.800000e+01
     vertex -1.425948e+01 -4.654822e+00  8.800000e+01
   endloop
 endfacet
 facet normal  0.000000e+00  0.000000e+00 -1.000000e+00
   outer loop
     vertex -3.086500e-01 -1.499682e+01  8.800000e+01
     vertex -7.199574e-01 -1.498271e+01  8.800000e+01
     vertex -1.130723e+00 -1.495732e+01  8.800000e+01
   endloop
 endfacet
 facet normal  0.000000e+00  0.000000e+00 -1.000000e+00
   outer loop
     vertex -1.499859e+01  2.057747e-01  8.800000e+01
     vertex -1.498730e+01 -6.171693e-01  8.800000e+01
     vertex -1.499859e+01 -2.057747e-01  8.800000e+01
   endloop
 endfacet
 facet normal  0.000000e+00  0.000000e+00 -1.000000e+00
   outer loop
     vertex  5.143521e-01 -1.499118e+01  8.800000e+01
     vertex -1.130723e+00 -1.495732e+01  8.800000e+01
     vertex -1.496473e+01 -1.028099e+00  8.800000e+01
   endloop
 endfacet
 facet normal -0.000000e+00  0.000000e+00 -1.000000e+00
   outer loop
     vertex  5.143521e-01 -1.499118e+01  8.800000e+01
     vertex -3.086500e-01 -1.499682e+01  8.800000e+01
     vertex -1.130723e+00 -1.495732e+01  8.800000e+01
   endloop
 endfacet
 facet normal  0.000000e+00  0.000000e+00 -1.000000e+00
   outer loop
     vertex  5.143521e-01 -1.499118e+01  8.800000e+01
     vertex  1.028898e-01 -1.499965e+01  8.800000e+01
     vertex -3.086500e-01 -1.499682e+01  8.800000e+01
   endloop
 endfacet
 facet normal  0.000000e+00  0.000000e+00 -1.000000e+00
   outer loop
     vertex -1.498730e+01  6.171693e-01  8.800000e+01
     vertex -1.496473e+01 -1.028099e+00  8.800000e+01
     vertex -1.498730e+01 -6.171693e-01  8.800000e+01
   endloop
 endfacet
 facet normal  0.000000e+00 -0.000000e+00 -1.000000e+00
   outer loop
     vertex -1.498730e+01  6.171693e-01  8.800000e+01
     vertex -1.498730e+01 -6.171693e-01  8.800000e+01
     vertex -1.499859e+01  2.057747e-01  8.800000e+01
   endloop
 endfacet
 facet normal  0.000000e+00  0.000000e+00 -1.000000e+00
   outer loop
     vertex  1.335806e+00 -1.494040e+01  8.800000e+01
     vertex  9.254272e-01 -1.497143e+01  8.800000e+01
     vertex  5.143521e-01 -1.499118e+01  8.800000e+01
   endloop
 endfacet
 facet normal  0.000000e+00  0.000000e+00 -1.000000e+00
   outer loop
     vertex  1.745179e+00 -1.489813e+01  8.800000e+01
     vertex  1.335806e+00 -1.494040e+01  8.800000e+01
     vertex  5.143521e-01 -1.499118e+01  8.800000e+01
   endloop
 endfacet
 facet normal  0.000000e+00  0.000000e+00 -1.000000e+00
   outer loop
     vertex -1.482953e+01  2.255011e+00  8.800000e+01
     vertex -1.493089e+01  1.438255e+00  8.800000e+01
     vertex -1.488581e+01  1.847329e+00  8.800000e+01
   endloop
 endfacet
 facet normal  0.000000e+00  0.000000e+00 -1.000000e+00
   outer loop
     vertex -1.482953e+01  2.255011e+00  8.800000e+01
     vertex -1.496473e+01  1.028099e+00  8.800000e+01
     vertex -1.493089e+01  1.438255e+00  8.800000e+01
   endloop
 endfacet
 facet normal  0.000000e+00  0.000000e+00 -1.000000e+00
   outer loop
     vertex -1.482953e+01  2.255011e+00  8.800000e+01
     vertex -1.498730e+01  6.171693e-01  8.800000e+01
     vertex -1.496473e+01  1.028099e+00  8.800000e+01
   endloop
 endfacet
 facet normal  0.000000e+00  0.000000e+00 -1.000000e+00
   outer loop
     vertex -1.482953e+01  2.255011e+00  8.800000e+01
     vertex -1.496473e+01 -1.028099e+00  8.800000e+01
     vertex -1.498730e+01  6.171693e-01  8.800000e+01
   endloop
 endfacet
 facet normal  0.000000e+00  0.000000e+00 -1.000000e+00
   outer loop
     vertex -1.468352e+01  3.064979e+00  8.800000e+01
     vertex -1.482953e+01  2.255011e+00  8.800000e+01
     vertex -1.476208e+01  2.660997e+00  8.800000e+01
   endloop
 endfacet
 facet normal  0.000000e+00  0.000000e+00 -1.000000e+00
   outer loop
     vertex  3.366468e+00 -1.461735e+01  8.800000e+01
     vertex  2.153238e+00 -1.484465e+01  8.800000e+01
     vertex  1.745179e+00 -1.489813e+01  8.800000e+01
   endloop
 endfacet
 facet normal  0.000000e+00  0.000000e+00 -1.000000e+00
   outer loop
     vertex  3.366468e+00 -1.461735e+01  8.800000e+01
     vertex  2.559676e+00 -1.477999e+01  8.800000e+01
     vertex  2.153238e+00 -1.484465e+01  8.800000e+01
   endloop
 endfacet
 facet normal  0.000000e+00  0.000000e+00 -1.000000e+00
   outer loop
     vertex  3.366468e+00 -1.461735e+01  8.800000e+01
     vertex  2.964188e+00 -1.470420e+01  8.800000e+01
     vertex  2.559676e+00 -1.477999e+01  8.800000e+01
   endloop
 endfacet
 facet normal  0.000000e+00  0.000000e+00 -1.000000e+00
   outer loop
     vertex -1.438181e+01  4.261874e+00  8.800000e+01
     vertex -1.459391e+01  3.466654e+00  8.800000e+01
     vertex -1.449332e+01  3.865719e+00  8.800000e+01
   endloop
 endfacet
 facet normal  0.000000e+00  0.000000e+00 -1.000000e+00
   outer loop
     vertex -1.438181e+01  4.261874e+00  8.800000e+01
     vertex -1.468352e+01  3.064979e+00  8.800000e+01
     vertex -1.459391e+01  3.466654e+00  8.800000e+01
   endloop
 endfacet
 facet normal  0.000000e+00  0.000000e+00 -1.000000e+00
   outer loop
     vertex -1.438181e+01  4.261874e+00  8.800000e+01
     vertex -1.482953e+01  2.255011e+00  8.800000e+01
     vertex -1.468352e+01  3.064979e+00  8.800000e+01
   endloop
 endfacet
 facet normal  0.000000e+00  0.000000e+00 -1.000000e+00
   outer loop
     vertex  4.556902e+00 -1.429107e+01  8.800000e+01
     vertex  4.163125e+00 -1.441070e+01  8.800000e+01
     vertex  3.766214e+00 -1.451949e+01  8.800000e+01
   endloop
 endfacet
 facet normal  0.000000e+00  0.000000e+00 -1.000000e+00
   outer loop
     vertex  4.947248e+00 -1.416068e+01  8.800000e+01
     vertex  3.366468e+00 -1.461735e+01  8.800000e+01
     vertex  1.745179e+00 -1.489813e+01  8.800000e+01
   endloop
 endfacet
 facet normal  0.000000e+00  0.000000e+00 -1.000000e+00
   outer loop
     vertex  4.947248e+00 -1.416068e+01  8.800000e+01
     vertex  3.766214e+00 -1.451949e+01  8.800000e+01
     vertex  3.366468e+00 -1.461735e+01  8.800000e+01
   endloop
 endfacet
 facet normal  0.000000e+00  0.000000e+00 -1.000000e+00
   outer loop
     vertex  4.947248e+00 -1.416068e+01  8.800000e+01
     vertex  4.556902e+00 -1.429107e+01  8.800000e+01
     vertex  3.766214e+00 -1.451949e+01  8.800000e+01
   endloop
 endfacet
 facet normal  0.000000e+00  0.000000e+00 -1.000000e+00
   outer loop
     vertex -1.412641e+01  5.044265e+00  8.800000e+01
     vertex -1.438181e+01  4.261874e+00  8.800000e+01
     vertex -1.425948e+01  4.654822e+00  8.800000e+01
   endloop
 endfacet
 facet normal  0.000000e+00  0.000000e+00 -1.000000e+00
   outer loop
     vertex -1.412641e+01  5.044265e+00  8.800000e+01
     vertex -1.482953e+01  2.255011e+00  8.800000e+01
     vertex -1.438181e+01  4.261874e+00  8.800000e+01
   endloop
 endfacet
 facet normal  0.000000e+00  0.000000e+00 -1.000000e+00
   outer loop
     vertex  5.333871e+00 -1.401962e+01  8.800000e+01
     vertex  4.947248e+00 -1.416068e+01  8.800000e+01
     vertex  1.745179e+00 -1.489813e+01  8.800000e+01
   endloop
 endfacet
 facet normal  0.000000e+00  0.000000e+00 -1.000000e+00
   outer loop
     vertex  5.716478e+00 -1.386802e+01  8.800000e+01
     vertex  5.333871e+00 -1.401962e+01  8.800000e+01
     vertex  1.745179e+00 -1.489813e+01  8.800000e+01
   endloop
 endfacet
 facet normal  0.000000e+00  0.000000e+00 -1.000000e+00
   outer loop
     vertex -1.382848e+01  5.811469e+00  8.800000e+01
     vertex -1.412641e+01  5.044265e+00  8.800000e+01
     vertex -1.398271e+01  5.429911e+00  8.800000e+01
   endloop
 endfacet
 facet normal  0.000000e+00  0.000000e+00 -1.000000e+00
   outer loop
     vertex  6.468499e+00 -1.353361e+01  8.800000e+01
     vertex  5.716478e+00 -1.386802e+01  8.800000e+01
     vertex  1.745179e+00 -1.489813e+01  8.800000e+01
   endloop
 endfacet
 facet normal  0.000000e+00  0.000000e+00 -1.000000e+00
   outer loop
     vertex  6.468499e+00 -1.353361e+01  8.800000e+01
     vertex  1.745179e+00 -1.489813e+01  8.800000e+01
     vertex  5.143521e-01 -1.499118e+01  8.800000e+01
   endloop
 endfacet
 facet normal  0.000000e+00  0.000000e+00 -1.000000e+00
   outer loop
     vertex  6.468499e+00 -1.353361e+01  8.800000e+01
     vertex  6.094783e+00 -1.370597e+01  8.800000e+01
     vertex  5.716478e+00 -1.386802e+01  8.800000e+01
   endloop
 endfacet
 facet normal  0.000000e+00  0.000000e+00 -1.000000e+00
   outer loop
     vertex -1.348892e+01  6.561178e+00  8.800000e+01
     vertex -1.482953e+01  2.255011e+00  8.800000e+01
     vertex -1.412641e+01  5.044265e+00  8.800000e+01
   endloop
 endfacet
 facet normal  0.000000e+00  0.000000e+00 -1.000000e+00
   outer loop
     vertex -1.348892e+01  6.561178e+00  8.800000e+01
     vertex -1.412641e+01  5.044265e+00  8.800000e+01
     vertex -1.382848e+01  5.811469e+00  8.800000e+01
   endloop
 endfacet
 facet normal  0.000000e+00  0.000000e+00 -1.000000e+00
   outer loop
     vertex -1.348892e+01  6.561178e+00  8.800000e+01
     vertex -1.382848e+01  5.811469e+00  8.800000e+01
     vertex -1.366384e+01  6.188653e+00  8.800000e+01
   endloop
 endfacet
 facet normal  0.000000e+00  0.000000e+00 -1.000000e+00
   outer loop
     vertex  7.201046e+00 -1.315845e+01  8.800000e+01
     vertex  6.837346e+00 -1.335106e+01  8.800000e+01
     vertex  6.468499e+00 -1.353361e+01  8.800000e+01
   endloop
 endfacet
 facet normal  0.000000e+00  0.000000e+00 -1.000000e+00
   outer loop
     vertex -1.310875e+01  7.291135e+00  8.800000e+01
     vertex -1.348892e+01  6.561178e+00  8.800000e+01
     vertex -1.330384e+01  6.928764e+00  8.800000e+01
   endloop
 endfacet
 facet normal  0.000000e+00  0.000000e+00 -1.000000e+00
   outer loop
     vertex  7.911914e+00 -1.274369e+01  8.800000e+01
     vertex  7.201046e+00 -1.315845e+01  8.800000e+01
     vertex  6.468499e+00 -1.353361e+01  8.800000e+01
   endloop
 endfacet
 facet normal  0.000000e+00  0.000000e+00 -1.000000e+00
   outer loop
     vertex  7.911914e+00 -1.274369e+01  8.800000e+01
     vertex  7.559325e+00 -1.295595e+01  8.800000e+01
     vertex  7.201046e+00 -1.315845e+01  8.800000e+01
   endloop
 endfacet
 facet normal  0.000000e+00  0.000000e+00 -1.000000e+00
   outer loop
     vertex  7.911914e+00 -1.274369e+01  8.800000e+01
     vertex  6.468499e+00 -1.353361e+01  8.800000e+01
     vertex  5.143521e-01 -1.499118e+01  8.800000e+01
   endloop
 endfacet
 facet normal  0.000000e+00  0.000000e+00 -1.000000e+00
   outer loop
     vertex -1.268912e+01  7.999141e+00  8.800000e+01
     vertex -1.348892e+01  6.561178e+00  8.800000e+01
     vertex -1.310875e+01  7.291135e+00  8.800000e+01
   endloop
 endfacet
 facet normal  0.000000e+00  0.000000e+00 -1.000000e+00
   outer loop
     vertex -1.268912e+01  7.999141e+00  8.800000e+01
     vertex -1.310875e+01  7.291135e+00  8.800000e+01
     vertex -1.290379e+01  7.648016e+00  8.800000e+01
   endloop
 endfacet
 facet normal  0.000000e+00  0.000000e+00 -1.000000e+00
   outer loop
     vertex  8.932907e+00 -1.205003e+01  8.800000e+01
     vertex  7.911914e+00 -1.274369e+01  8.800000e+01
     vertex  5.143521e-01 -1.499118e+01  8.800000e+01
   endloop
 endfacet
 facet normal  0.000000e+00  0.000000e+00 -1.000000e+00
   outer loop
     vertex  8.932907e+00 -1.205003e+01  8.800000e+01
     vertex  8.258547e+00 -1.252184e+01  8.800000e+01
     vertex  7.911914e+00 -1.274369e+01  8.800000e+01
   endloop
 endfacet
 facet normal  0.000000e+00  0.000000e+00 -1.000000e+00
   outer loop
     vertex  8.932907e+00 -1.205003e+01  8.800000e+01
     vertex  8.598964e+00 -1.229056e+01  8.800000e+01
     vertex  8.258547e+00 -1.252184e+01  8.800000e+01
   endloop
 endfacet
 facet normal  0.000000e+00  0.000000e+00 -1.000000e+00
   outer loop
     vertex  9.260126e+00 -1.180043e+01  8.800000e+01
     vertex  8.932907e+00 -1.205003e+01  8.800000e+01
     vertex  5.143521e-01 -1.499118e+01  8.800000e+01
   endloop
 endfacet
 facet normal  0.000000e+00  0.000000e+00 -1.000000e+00
   outer loop
     vertex -1.173663e+01  9.340851e+00  8.800000e+01
     vertex -1.223129e+01  8.683066e+00  8.800000e+01
     vertex -1.198847e+01  9.015352e+00  8.800000e+01
   endloop
 endfacet
 facet normal  0.000000e+00  0.000000e+00 -1.000000e+00
   outer loop
     vertex -1.173663e+01  9.340851e+00  8.800000e+01
     vertex -1.246489e+01  8.344244e+00  8.800000e+01
     vertex -1.223129e+01  8.683066e+00  8.800000e+01
   endloop
 endfacet
 facet normal  0.000000e+00  0.000000e+00 -1.000000e+00
   outer loop
     vertex -1.173663e+01  9.340851e+00  8.800000e+01
     vertex -1.268912e+01  7.999141e+00  8.800000e+01
     vertex -1.246489e+01  8.344244e+00  8.800000e+01
   endloop
 endfacet
 facet normal  0.000000e+00  0.000000e+00 -1.000000e+00
   outer loop
     vertex -1.147596e+01  9.659318e+00  8.800000e+01
     vertex -1.268912e+01  7.999141e+00  8.800000e+01
     vertex -1.173663e+01  9.340851e+00  8.800000e+01
   endloop
 endfacet
 facet normal  0.000000e+00  0.000000e+00 -1.000000e+00
   outer loop
     vertex  9.893410e+00 -1.127477e+01  8.800000e+01
     vertex  9.580374e+00 -1.154194e+01  8.800000e+01
     vertex  9.260126e+00 -1.180043e+01  8.800000e+01
   endloop
 endfacet
 facet normal  0.000000e+00  0.000000e+00 -1.000000e+00
   outer loop
     vertex  1.019900e+01 -1.099911e+01  8.800000e+01
     vertex  9.893410e+00 -1.127477e+01  8.800000e+01
     vertex  9.260126e+00 -1.180043e+01  8.800000e+01
   endloop
 endfacet
 facet normal  0.000000e+00  0.000000e+00 -1.000000e+00
   outer loop
     vertex -1.064292e+01  1.057016e+01  8.800000e+01
     vertex -1.120664e+01  9.970515e+00  8.800000e+01
     vertex -1.092889e+01  1.027421e+01  8.800000e+01
   endloop
 endfacet
 facet normal  0.000000e+00  0.000000e+00 -1.000000e+00
   outer loop
     vertex -1.064292e+01  1.057016e+01  8.800000e+01
     vertex -1.147596e+01  9.659318e+00  8.800000e+01
     vertex -1.120664e+01  9.970515e+00  8.800000e+01
   endloop
 endfacet
 facet normal  0.000000e+00  0.000000e+00 -1.000000e+00
   outer loop
     vertex -1.034893e+01  1.085816e+01  8.800000e+01
     vertex -1.147596e+01  9.659318e+00  8.800000e+01
     vertex -1.064292e+01  1.057016e+01  8.800000e+01
   endloop
 endfacet
 facet normal  0.000000e+00  0.000000e+00 -1.000000e+00
   outer loop
     vertex -9.737808e+00  1.140943e+01  8.800000e+01
     vertex -1.147596e+01  9.659318e+00  8.800000e+01
     vertex -1.034893e+01  1.085816e+01  8.800000e+01
   endloop
 endfacet
 facet normal  0.000000e+00  0.000000e+00 -1.000000e+00
   outer loop
     vertex -9.737808e+00  1.140943e+01  8.800000e+01
     vertex -1.034893e+01  1.085816e+01  8.800000e+01
     vertex -1.004715e+01  1.113799e+01  8.800000e+01
   endloop
 endfacet
 facet normal  0.000000e+00  0.000000e+00 -1.000000e+00
   outer loop
     vertex  1.160739e+01 -9.500978e+00  8.800000e+01
     vertex  1.106881e+01 -1.012331e+01  8.800000e+01
     vertex  1.078692e+01 -1.042316e+01  8.800000e+01
   endloop
 endfacet
 facet normal  0.000000e+00  0.000000e+00 -1.000000e+00
   outer loop
     vertex  1.160739e+01 -9.500978e+00  8.800000e+01
     vertex  1.134237e+01 -9.815840e+00  8.800000e+01
     vertex  1.106881e+01 -1.012331e+01  8.800000e+01
   endloop
 endfacet
 facet normal  0.000000e+00  0.000000e+00 -1.000000e+00
   outer loop
     vertex  1.160739e+01 -9.500978e+00  8.800000e+01
     vertex  9.260126e+00 -1.180043e+01  8.800000e+01
     vertex  5.143521e-01 -1.499118e+01  8.800000e+01
   endloop
 endfacet
 facet normal  0.000000e+00  0.000000e+00 -1.000000e+00
   outer loop
     vertex  1.160739e+01 -9.500978e+00  8.800000e+01
     vertex  1.019900e+01 -1.099911e+01  8.800000e+01
     vertex  9.260126e+00 -1.180043e+01  8.800000e+01
   endloop
 endfacet
 facet normal -0.000000e+00  0.000000e+00 -1.000000e+00
   outer loop
     vertex  1.160739e+01 -9.500978e+00  8.800000e+01
     vertex  5.143521e-01 -1.499118e+01  8.800000e+01
     vertex -1.496473e+01 -1.028099e+00  8.800000e+01
   endloop
 endfacet
 facet normal  0.000000e+00  0.000000e+00 -1.000000e+00
   outer loop
     vertex  1.160739e+01 -9.500978e+00  8.800000e+01
     vertex  1.049691e+01 -1.071517e+01  8.800000e+01
     vertex  1.019900e+01 -1.099911e+01  8.800000e+01
   endloop
 endfacet
 facet normal  0.000000e+00  0.000000e+00 -1.000000e+00
   outer loop
     vertex  1.160739e+01 -9.500978e+00  8.800000e+01
     vertex  1.078692e+01 -1.042316e+01  8.800000e+01
     vertex  1.049691e+01 -1.071517e+01  8.800000e+01
   endloop
 endfacet
 facet normal  0.000000e+00  0.000000e+00 -1.000000e+00
   outer loop
     vertex -9.097372e+00  1.192635e+01  8.800000e+01
     vertex -9.737808e+00  1.140943e+01  8.800000e+01
     vertex -9.421136e+00  1.167228e+01  8.800000e+01
   endloop
 endfacet
 facet normal  0.000000e+00  0.000000e+00 -1.000000e+00
   outer loop
     vertex  1.234925e+01 -8.514456e+00  8.800000e+01
     vertex  1.211102e+01 -8.850042e+00  8.800000e+01
     vertex  1.186367e+01 -9.178965e+00  8.800000e+01
   endloop
 endfacet
 facet normal  0.000000e+00  0.000000e+00 -1.000000e+00
   outer loop
     vertex -8.429549e+00  1.240737e+01  8.800000e+01
     vertex -9.097372e+00  1.192635e+01  8.800000e+01
     vertex -8.766760e+00  1.217144e+01  8.800000e+01
   endloop
 endfacet
 facet normal  0.000000e+00  0.000000e+00 -1.000000e+00
   outer loop
     vertex -8.085992e+00  1.263395e+01  8.800000e+01
     vertex -9.097372e+00  1.192635e+01  8.800000e+01
     vertex -8.429549e+00  1.240737e+01  8.800000e+01
   endloop
 endfacet
 facet normal  0.000000e+00  0.000000e+00 -1.000000e+00
   outer loop
     vertex -7.736348e+00  1.285103e+01  8.800000e+01
     vertex -9.737808e+00  1.140943e+01  8.800000e+01
     vertex -9.097372e+00  1.192635e+01  8.800000e+01
   endloop
 endfacet
 facet normal  0.000000e+00  0.000000e+00 -1.000000e+00
   outer loop
     vertex -7.736348e+00  1.285103e+01  8.800000e+01
     vertex -9.097372e+00  1.192635e+01  8.800000e+01
     vertex -8.085992e+00  1.263395e+01  8.800000e+01
   endloop
 endfacet
 facet normal  0.000000e+00  0.000000e+00 -1.000000e+00
   outer loop
     vertex  1.300750e+01 -7.470278e+00  8.800000e+01
     vertex  1.279766e+01 -7.824315e+00  8.800000e+01
     vertex  1.257819e+01 -8.172462e+00  8.800000e+01
   endloop
 endfacet
 facet normal  0.000000e+00  0.000000e+00 -1.000000e+00
   outer loop
     vertex -7.380880e+00  1.305843e+01  8.800000e+01
     vertex -1.268912e+01  7.999141e+00  8.800000e+01
     vertex -1.147596e+01  9.659318e+00  8.800000e+01
   endloop
 endfacet
 facet normal  0.000000e+00  0.000000e+00 -1.000000e+00
   outer loop
     vertex -7.380880e+00  1.305843e+01  8.800000e+01
     vertex -1.147596e+01  9.659318e+00  8.800000e+01
     vertex -9.737808e+00  1.140943e+01  8.800000e+01
   endloop
 endfacet
 facet normal  0.000000e+00  0.000000e+00 -1.000000e+00
   outer loop
     vertex -7.380880e+00  1.305843e+01  8.800000e+01
     vertex -9.737808e+00  1.140943e+01  8.800000e+01
     vertex -7.736348e+00  1.285103e+01  8.800000e+01
   endloop
 endfacet
 facet normal  0.000000e+00  0.000000e+00 -1.000000e+00
   outer loop
     vertex  1.320754e+01 -7.110619e+00  8.800000e+01
     vertex  1.186367e+01 -9.178965e+00  8.800000e+01
     vertex  1.160739e+01 -9.500978e+00  8.800000e+01
   endloop
 endfacet
 facet normal  0.000000e+00  0.000000e+00 -1.000000e+00
   outer loop
     vertex  1.320754e+01 -7.110619e+00  8.800000e+01
     vertex  1.257819e+01 -8.172462e+00  8.800000e+01
     vertex  1.234925e+01 -8.514456e+00  8.800000e+01
   endloop
 endfacet
 facet normal  0.000000e+00  0.000000e+00 -1.000000e+00
   outer loop
     vertex  1.320754e+01 -7.110619e+00  8.800000e+01
     vertex  1.300750e+01 -7.470278e+00  8.800000e+01
     vertex  1.257819e+01 -8.172462e+00  8.800000e+01
   endloop
 endfacet
 facet normal  0.000000e+00  0.000000e+00 -1.000000e+00
   outer loop
     vertex  1.320754e+01 -7.110619e+00  8.800000e+01
     vertex  1.234925e+01 -8.514456e+00  8.800000e+01
     vertex  1.186367e+01 -9.178965e+00  8.800000e+01
   endloop
 endfacet
 facet normal  0.000000e+00  0.000000e+00 -1.000000e+00
   outer loop
     vertex -6.282232e+00  1.362107e+01  8.800000e+01
     vertex -7.019857e+00  1.325600e+01  8.800000e+01
     vertex -6.653549e+00  1.344360e+01  8.800000e+01
   endloop
 endfacet
 facet normal  0.000000e+00  0.000000e+00 -1.000000e+00
   outer loop
     vertex -6.282232e+00  1.362107e+01  8.800000e+01
     vertex -7.380880e+00  1.305843e+01  8.800000e+01
     vertex -7.019857e+00  1.325600e+01  8.800000e+01
   endloop
 endfacet
 facet normal  0.000000e+00  0.000000e+00 -1.000000e+00
   outer loop
     vertex  1.374745e+01 -6.000626e+00  8.800000e+01
     vertex  1.339764e+01 -6.745606e+00  8.800000e+01
     vertex  1.320754e+01 -7.110619e+00  8.800000e+01
   endloop
 endfacet
 facet normal  0.000000e+00  0.000000e+00 -1.000000e+00
   outer loop
     vertex  1.374745e+01 -6.000626e+00  8.800000e+01
     vertex  1.357766e+01 -6.375515e+00  8.800000e+01
     vertex  1.339764e+01 -6.745606e+00  8.800000e+01
   endloop
 endfacet
 facet normal  0.000000e+00  0.000000e+00 -1.000000e+00
   outer loop
     vertex -5.906186e+00  1.378829e+01  8.800000e+01
     vertex -7.380880e+00  1.305843e+01  8.800000e+01
     vertex -6.282232e+00  1.362107e+01  8.800000e+01
   endloop
 endfacet
 facet normal  0.000000e+00  0.000000e+00 -1.000000e+00
   outer loop
     vertex -5.906186e+00  1.378829e+01  8.800000e+01
     vertex -1.348892e+01  6.561178e+00  8.800000e+01
     vertex -1.268912e+01  7.999141e+00  8.800000e+01
   endloop
 endfacet
 facet normal  0.000000e+00  0.000000e+00 -1.000000e+00
   outer loop
     vertex -5.906186e+00  1.378829e+01  8.800000e+01
     vertex -1.268912e+01  7.999141e+00  8.800000e+01
     vertex -7.380880e+00  1.305843e+01  8.800000e+01
   endloop
 endfacet
 facet normal  0.000000e+00  0.000000e+00 -1.000000e+00
   outer loop
     vertex  1.405588e+01 -5.237580e+00  8.800000e+01
     vertex  1.390690e+01 -5.621219e+00  8.800000e+01
     vertex  1.374745e+01 -6.000626e+00  8.800000e+01
   endloop
 endfacet
 facet normal  0.000000e+00  0.000000e+00 -1.000000e+00
   outer loop
     vertex -5.141043e+00  1.409148e+01  8.800000e+01
     vertex -5.906186e+00  1.378829e+01  8.800000e+01
     vertex -5.525695e+00  1.394513e+01  8.800000e+01
   endloop
 endfacet
 facet normal  0.000000e+00  0.000000e+00 -1.000000e+00
   outer loop
     vertex  1.432199e+01 -4.458768e+00  8.800000e+01
     vertex  1.405588e+01 -5.237580e+00  8.800000e+01
     vertex  1.374745e+01 -6.000626e+00  8.800000e+01
   endloop
 endfacet
 facet normal  0.000000e+00  0.000000e+00 -1.000000e+00
   outer loop
     vertex  1.432199e+01 -4.458768e+00  8.800000e+01
     vertex  1.419428e+01 -4.849999e+00  8.800000e+01
     vertex  1.405588e+01 -5.237580e+00  8.800000e+01
   endloop
 endfacet
 facet normal -0.000000e+00  0.000000e+00 -1.000000e+00
   outer loop
     vertex  1.432199e+01 -4.458768e+00  8.800000e+01
     vertex  1.160739e+01 -9.500978e+00  8.800000e+01
     vertex -1.496473e+01 -1.028099e+00  8.800000e+01
   endloop
 endfacet
 facet normal  0.000000e+00  0.000000e+00 -1.000000e+00
   outer loop
     vertex  1.432199e+01 -4.458768e+00  8.800000e+01
     vertex  1.320754e+01 -7.110619e+00  8.800000e+01
     vertex  1.160739e+01 -9.500978e+00  8.800000e+01
   endloop
 endfacet
 facet normal  0.000000e+00  0.000000e+00 -1.000000e+00
   outer loop
     vertex  1.432199e+01 -4.458768e+00  8.800000e+01
     vertex  1.374745e+01 -6.000626e+00  8.800000e+01
     vertex  1.320754e+01 -7.110619e+00  8.800000e+01
   endloop
 endfacet
 facet normal  0.000000e+00  0.000000e+00 -1.000000e+00
   outer loop
     vertex -4.360424e+00  1.435224e+01  8.800000e+01
     vertex -5.906186e+00  1.378829e+01  8.800000e+01
     vertex -5.141043e+00  1.409148e+01  8.800000e+01
   endloop
 endfacet
 facet normal  0.000000e+00  0.000000e+00 -1.000000e+00
   outer loop
     vertex -4.360424e+00  1.435224e+01  8.800000e+01
     vertex -5.141043e+00  1.409148e+01  8.800000e+01
     vertex -4.752522e+00  1.422721e+01  8.800000e+01
   endloop
 endfacet
 facet normal  0.000000e+00  0.000000e+00 -1.000000e+00
   outer loop
     vertex -3.965042e+00  1.446646e+01  8.800000e+01
     vertex -1.348892e+01  6.561178e+00  8.800000e+01
     vertex -5.906186e+00  1.378829e+01  8.800000e+01
   endloop
 endfacet
 facet normal  0.000000e+00  0.000000e+00 -1.000000e+00
   outer loop
     vertex -3.965042e+00  1.446646e+01  8.800000e+01
     vertex -5.906186e+00  1.378829e+01  8.800000e+01
     vertex -4.360424e+00  1.435224e+01  8.800000e+01
   endloop
 endfacet
 facet normal  0.000000e+00  0.000000e+00 -1.000000e+00
   outer loop
     vertex  1.454498e+01 -3.666531e+00  8.800000e+01
     vertex  1.443892e+01 -4.064179e+00  8.800000e+01
     vertex  1.432199e+01 -4.458768e+00  8.800000e+01
   endloop
 endfacet
 facet normal  0.000000e+00  0.000000e+00 -1.000000e+00
   outer loop
     vertex  1.454498e+01 -3.666531e+00  8.800000e+01
     vertex -1.496473e+01 -1.028099e+00  8.800000e+01
     vertex -1.482953e+01  2.255011e+00  8.800000e+01
   endloop
 endfacet
 facet normal  0.000000e+00  0.000000e+00 -1.000000e+00
   outer loop
     vertex  1.454498e+01 -3.666531e+00  8.800000e+01
     vertex -1.482953e+01  2.255011e+00  8.800000e+01
     vertex -1.348892e+01  6.561178e+00  8.800000e+01
   endloop
 endfacet
 facet normal -0.000000e+00  0.000000e+00 -1.000000e+00
   outer loop
     vertex  1.454498e+01 -3.666531e+00  8.800000e+01
     vertex  1.432199e+01 -4.458768e+00  8.800000e+01
     vertex -1.496473e+01 -1.028099e+00  8.800000e+01
   endloop
 endfacet
 facet normal -0.000000e+00  0.000000e+00 -1.000000e+00
   outer loop
     vertex  1.464010e+01 -3.266124e+00  8.800000e+01
     vertex  1.454498e+01 -3.666531e+00  8.800000e+01
     vertex -1.348892e+01  6.561178e+00  8.800000e+01
   endloop
 endfacet
 facet normal  0.000000e+00  0.000000e+00 -1.000000e+00
   outer loop
     vertex -3.165626e+00  1.466216e+01  8.800000e+01
     vertex -3.965042e+00  1.446646e+01  8.800000e+01
     vertex -3.566676e+00  1.456979e+01  8.800000e+01
   endloop
 endfacet
 facet normal  0.000000e+00  0.000000e+00 -1.000000e+00
   outer loop
     vertex  1.479720e+01 -2.458235e+00  8.800000e+01
     vertex  1.472419e+01 -2.863257e+00  8.800000e+01
     vertex  1.464010e+01 -3.266124e+00  8.800000e+01
   endloop
 endfacet
 facet normal  0.000000e+00  0.000000e+00 -1.000000e+00
   outer loop
     vertex -1.949392e+00  1.487279e+01  8.800000e+01
     vertex -2.762192e+00  1.474348e+01  8.800000e+01
     vertex -2.356679e+00  1.481371e+01  8.800000e+01
   endloop
 endfacet
 facet normal  0.000000e+00  0.000000e+00 -1.000000e+00
   outer loop
     vertex -1.949392e+00  1.487279e+01  8.800000e+01
     vertex -3.165626e+00  1.466216e+01  8.800000e+01
     vertex -2.762192e+00  1.474348e+01  8.800000e+01
   endloop
 endfacet
 facet normal  0.000000e+00  0.000000e+00 -1.000000e+00
   outer loop
     vertex  1.494921e+01 -1.233293e+00  8.800000e+01
     vertex  1.490975e+01 -1.642947e+00  8.800000e+01
     vertex  1.485907e+01 -2.051363e+00  8.800000e+01
   endloop
 endfacet
 facet normal  0.000000e+00  0.000000e+00 -1.000000e+00
   outer loop
     vertex  1.497742e+01 -8.227117e-01  8.800000e+01
     vertex  1.494921e+01 -1.233293e+00  8.800000e+01
     vertex  1.485907e+01 -2.051363e+00  8.800000e+01
   endloop
 endfacet
 facet normal  0.000000e+00  0.000000e+00 -1.000000e+00
   outer loop
     vertex -7.199574e-01  1.498271e+01  8.800000e+01
     vertex -1.540637e+00  1.492067e+01  8.800000e+01
     vertex -1.130723e+00  1.495732e+01  8.800000e+01
   endloop
 endfacet
 facet normal  0.000000e+00  0.000000e+00 -1.000000e+00
   outer loop
     vertex  1.499435e+01 -4.115107e-01  8.800000e+01
     vertex  1.485907e+01 -2.051363e+00  8.800000e+01
     vertex  1.479720e+01 -2.458235e+00  8.800000e+01
   endloop
 endfacet
 facet normal -0.000000e+00  0.000000e+00 -1.000000e+00
   outer loop
     vertex  1.499435e+01 -4.115107e-01  8.800000e+01
     vertex  1.464010e+01 -3.266124e+00  8.800000e+01
     vertex -1.348892e+01  6.561178e+00  8.800000e+01
   endloop
 endfacet
 facet normal  0.000000e+00  0.000000e+00 -1.000000e+00
   outer loop
     vertex  1.499435e+01 -4.115107e-01  8.800000e+01
     vertex  1.479720e+01 -2.458235e+00  8.800000e+01
     vertex  1.464010e+01 -3.266124e+00  8.800000e+01
   endloop
 endfacet
 facet normal  0.000000e+00  0.000000e+00 -1.000000e+00
   outer loop
     vertex  1.499435e+01 -4.115107e-01  8.800000e+01
     vertex  1.497742e+01 -8.227117e-01  8.800000e+01
     vertex  1.485907e+01 -2.051363e+00  8.800000e+01
   endloop
 endfacet
 facet normal  0.000000e+00  0.000000e+00 -1.000000e+00
   outer loop
     vertex -3.086500e-01  1.499682e+01  8.800000e+01
     vertex -1.540637e+00  1.492067e+01  8.800000e+01
     vertex -7.199574e-01  1.498271e+01  8.800000e+01
   endloop
 endfacet
 facet normal  0.000000e+00  0.000000e+00 -1.000000e+00
   outer loop
     vertex  5.143521e-01  1.499118e+01  8.800000e+01
     vertex -3.165626e+00  1.466216e+01  8.800000e+01
     vertex -1.949392e+00  1.487279e+01  8.800000e+01
   endloop
 endfacet
 facet normal  0.000000e+00  0.000000e+00 -1.000000e+00
   outer loop
     vertex  5.143521e-01  1.499118e+01  8.800000e+01
     vertex -3.086500e-01  1.499682e+01  8.800000e+01
     vertex  1.028898e-01  1.499965e+01  8.800000e+01
   endloop
 endfacet
 facet normal  0.000000e+00  0.000000e+00 -1.000000e+00
   outer loop
     vertex  5.143521e-01  1.499118e+01  8.800000e+01
     vertex -1.949392e+00  1.487279e+01  8.800000e+01
     vertex -1.540637e+00  1.492067e+01  8.800000e+01
   endloop
 endfacet
 facet normal -0.000000e+00  0.000000e+00 -1.000000e+00
   outer loop
     vertex  5.143521e-01  1.499118e+01  8.800000e+01
     vertex -1.540637e+00  1.492067e+01  8.800000e+01
     vertex -3.086500e-01  1.499682e+01  8.800000e+01
   endloop
 endfacet
 facet normal  0.000000e+00  0.000000e+00 -1.000000e+00
   outer loop
     vertex  1.494921e+01  1.233293e+00  8.800000e+01
     vertex  1.499435e+01  4.115107e-01  8.800000e+01
     vertex  1.500000e+01 -3.673940e-15  8.800000e+01
   endloop
 endfacet
 facet normal  0.000000e+00  0.000000e+00 -1.000000e+00
   outer loop
     vertex  1.494921e+01  1.233293e+00  8.800000e+01
     vertex  1.497742e+01  8.227117e-01  8.800000e+01
     vertex  1.499435e+01  4.115107e-01  8.800000e+01
   endloop
 endfacet
 facet normal  0.000000e+00  0.000000e+00 -1.000000e+00
   outer loop
     vertex  1.479720e+01  2.458235e+00  8.800000e+01
     vertex  1.490975e+01  1.642947e+00  8.800000e+01
     vertex  1.494921e+01  1.233293e+00  8.800000e+01
   endloop
 endfacet
 facet normal  0.000000e+00  0.000000e+00 -1.000000e+00
   outer loop
     vertex  1.479720e+01  2.458235e+00  8.800000e+01
     vertex  1.485907e+01  2.051363e+00  8.800000e+01
     vertex  1.490975e+01  1.642947e+00  8.800000e+01
   endloop
 endfacet
 facet normal  0.000000e+00  0.000000e+00 -1.000000e+00
   outer loop
     vertex  2.559676e+00  1.477999e+01  8.800000e+01
     vertex -3.965042e+00  1.446646e+01  8.800000e+01
     vertex -3.165626e+00  1.466216e+01  8.800000e+01
   endloop
 endfacet
 facet normal  0.000000e+00  0.000000e+00 -1.000000e+00
   outer loop
     vertex  2.559676e+00  1.477999e+01  8.800000e+01
     vertex  1.745179e+00  1.489813e+01  8.800000e+01
     vertex  2.153238e+00  1.484465e+01  8.800000e+01
   endloop
 endfacet
 facet normal  0.000000e+00  0.000000e+00 -1.000000e+00
   outer loop
     vertex  2.559676e+00  1.477999e+01  8.800000e+01
     vertex  1.335806e+00  1.494040e+01  8.800000e+01
     vertex  1.745179e+00  1.489813e+01  8.800000e+01
   endloop
 endfacet
 facet normal  0.000000e+00  0.000000e+00 -1.000000e+00
   outer loop
     vertex  2.559676e+00  1.477999e+01  8.800000e+01
     vertex  9.254272e-01  1.497143e+01  8.800000e+01
     vertex  1.335806e+00  1.494040e+01  8.800000e+01
   endloop
 endfacet
 facet normal  0.000000e+00  0.000000e+00 -1.000000e+00
   outer loop
     vertex  2.559676e+00  1.477999e+01  8.800000e+01
     vertex  5.143521e-01  1.499118e+01  8.800000e+01
     vertex  9.254272e-01  1.497143e+01  8.800000e+01
   endloop
 endfacet
 facet normal -0.000000e+00  0.000000e+00 -1.000000e+00
   outer loop
     vertex  2.559676e+00  1.477999e+01  8.800000e+01
     vertex -3.165626e+00  1.466216e+01  8.800000e+01
     vertex  5.143521e-01  1.499118e+01  8.800000e+01
   endloop
 endfacet
 facet normal  0.000000e+00  0.000000e+00 -1.000000e+00
   outer loop
     vertex  1.472419e+01  2.863257e+00  8.800000e+01
     vertex  1.479720e+01  2.458235e+00  8.800000e+01
     vertex  1.494921e+01  1.233293e+00  8.800000e+01
   endloop
 endfacet
 facet normal  0.000000e+00  0.000000e+00 -1.000000e+00
   outer loop
     vertex  1.464010e+01  3.266124e+00  8.800000e+01
     vertex  1.494921e+01  1.233293e+00  8.800000e+01
     vertex  1.500000e+01 -3.673940e-15  8.800000e+01
   endloop
 endfacet
 facet normal  0.000000e+00  0.000000e+00 -1.000000e+00
   outer loop
     vertex  1.464010e+01  3.266124e+00  8.800000e+01
     vertex  1.472419e+01  2.863257e+00  8.800000e+01
     vertex  1.494921e+01  1.233293e+00  8.800000e+01
   endloop
 endfacet
 facet normal  0.000000e+00  0.000000e+00 -1.000000e+00
   outer loop
     vertex  1.454498e+01  3.666531e+00  8.800000e+01
     vertex  1.464010e+01  3.266124e+00  8.800000e+01
     vertex  1.500000e+01 -3.673940e-15  8.800000e+01
   endloop
 endfacet
 facet normal  0.000000e+00  0.000000e+00 -1.000000e+00
   outer loop
     vertex  1.443892e+01  4.064179e+00  8.800000e+01
     vertex  1.454498e+01  3.666531e+00  8.800000e+01
     vertex  1.500000e+01 -3.673940e-15  8.800000e+01
   endloop
 endfacet
 facet normal  0.000000e+00  0.000000e+00 -1.000000e+00
   outer loop
     vertex  1.443892e+01  4.064179e+00  8.800000e+01
     vertex  1.500000e+01 -3.673940e-15  8.800000e+01
     vertex  1.499435e+01 -4.115107e-01  8.800000e+01
   endloop
 endfacet
 facet normal  0.000000e+00  0.000000e+00 -1.000000e+00
   outer loop
     vertex  4.163125e+00  1.441070e+01  8.800000e+01
     vertex  3.366468e+00  1.461735e+01  8.800000e+01
     vertex  3.766214e+00  1.451949e+01  8.800000e+01
   endloop
 endfacet
 facet normal  0.000000e+00  0.000000e+00 -1.000000e+00
   outer loop
     vertex  4.163125e+00  1.441070e+01  8.800000e+01
     vertex  2.964188e+00  1.470420e+01  8.800000e+01
     vertex  3.366468e+00  1.461735e+01  8.800000e+01
   endloop
 endfacet
 facet normal  0.000000e+00  0.000000e+00 -1.000000e+00
   outer loop
     vertex  4.163125e+00  1.441070e+01  8.800000e+01
     vertex  2.559676e+00  1.477999e+01  8.800000e+01
     vertex  2.964188e+00  1.470420e+01  8.800000e+01
   endloop
 endfacet
 facet normal  0.000000e+00  0.000000e+00 -1.000000e+00
   outer loop
     vertex  1.419428e+01  4.849999e+00  8.800000e+01
     vertex  1.432199e+01  4.458768e+00  8.800000e+01
     vertex  1.443892e+01  4.064179e+00  8.800000e+01
   endloop
 endfacet
 facet normal  0.000000e+00  0.000000e+00 -1.000000e+00
   outer loop
     vertex  4.947248e+00  1.416068e+01  8.800000e+01
     vertex  4.163125e+00  1.441070e+01  8.800000e+01
     vertex  4.556902e+00  1.429107e+01  8.800000e+01
   endloop
 endfacet
 facet normal  0.000000e+00  0.000000e+00 -1.000000e+00
   outer loop
     vertex  1.405588e+01  5.237580e+00  8.800000e+01
     vertex  1.443892e+01  4.064179e+00  8.800000e+01
     vertex  1.499435e+01 -4.115107e-01  8.800000e+01
   endloop
 endfacet
 facet normal  0.000000e+00  0.000000e+00 -1.000000e+00
   outer loop
     vertex  1.405588e+01  5.237580e+00  8.800000e+01
     vertex  1.419428e+01  4.849999e+00  8.800000e+01
     vertex  1.443892e+01  4.064179e+00  8.800000e+01
   endloop
 endfacet
 facet normal  0.000000e+00  0.000000e+00 -1.000000e+00
   outer loop
     vertex  5.333871e+00  1.401962e+01  8.800000e+01
     vertex  2.559676e+00  1.477999e+01  8.800000e+01
     vertex  4.163125e+00  1.441070e+01  8.800000e+01
   endloop
 endfacet
 facet normal  0.000000e+00  0.000000e+00 -1.000000e+00
   outer loop
     vertex  5.333871e+00  1.401962e+01  8.800000e+01
     vertex  4.163125e+00  1.441070e+01  8.800000e+01
     vertex  4.947248e+00  1.416068e+01  8.800000e+01
   endloop
 endfacet
 facet normal -0.000000e+00  0.000000e+00 -1.000000e+00
   outer loop
     vertex  5.333871e+00  1.401962e+01  8.800000e+01
     vertex -1.348892e+01  6.561178e+00  8.800000e+01
     vertex -3.965042e+00  1.446646e+01  8.800000e+01
   endloop
 endfacet
 facet normal  0.000000e+00  0.000000e+00 -1.000000e+00
   outer loop
     vertex  5.333871e+00  1.401962e+01  8.800000e+01
     vertex -3.965042e+00  1.446646e+01  8.800000e+01
     vertex  2.559676e+00  1.477999e+01  8.800000e+01
   endloop
 endfacet
 facet normal  0.000000e+00  0.000000e+00 -1.000000e+00
   outer loop
     vertex  1.374745e+01  6.000626e+00  8.800000e+01
     vertex  1.390690e+01  5.621219e+00  8.800000e+01
     vertex  1.405588e+01  5.237580e+00  8.800000e+01
   endloop
 endfacet
 facet normal  0.000000e+00  0.000000e+00 -1.000000e+00
   outer loop
     vertex  6.094783e+00  1.370597e+01  8.800000e+01
     vertex  5.333871e+00  1.401962e+01  8.800000e+01
     vertex  5.716478e+00  1.386802e+01  8.800000e+01
   endloop
 endfacet
 facet normal  0.000000e+00  0.000000e+00 -1.000000e+00
   outer loop
     vertex  1.339764e+01  6.745606e+00  8.800000e+01
     vertex  1.357766e+01  6.375515e+00  8.800000e+01
     vertex  1.374745e+01  6.000626e+00  8.800000e+01
   endloop
 endfacet
 facet normal  0.000000e+00  0.000000e+00 -1.000000e+00
   outer loop
     vertex  1.320754e+01  7.110619e+00  8.800000e+01
     vertex  1.405588e+01  5.237580e+00  8.800000e+01
     vertex  1.499435e+01 -4.115107e-01  8.800000e+01
   endloop
 endfacet
 facet normal  0.000000e+00  0.000000e+00 -1.000000e+00
   outer loop
     vertex  1.320754e+01  7.110619e+00  8.800000e+01
     vertex  1.374745e+01  6.000626e+00  8.800000e+01
     vertex  1.405588e+01  5.237580e+00  8.800000e+01
   endloop
 endfacet
 facet normal  0.000000e+00  0.000000e+00 -1.000000e+00
   outer loop
     vertex  1.320754e+01  7.110619e+00  8.800000e+01
     vertex  1.339764e+01  6.745606e+00  8.800000e+01
     vertex  1.374745e+01  6.000626e+00  8.800000e+01
   endloop
 endfacet
 facet normal  0.000000e+00 -0.000000e+00 -1.000000e+00
   outer loop
     vertex  1.320754e+01  7.110619e+00  8.800000e+01
     vertex  1.499435e+01 -4.115107e-01  8.800000e+01
     vertex -1.348892e+01  6.561178e+00  8.800000e+01
   endloop
 endfacet
 facet normal -0.000000e+00  0.000000e+00 -1.000000e+00
   outer loop
     vertex  7.201046e+00  1.315845e+01  8.800000e+01
     vertex -1.348892e+01  6.561178e+00  8.800000e+01
     vertex  5.333871e+00  1.401962e+01  8.800000e+01
   endloop
 endfacet
 facet normal  0.000000e+00  0.000000e+00 -1.000000e+00
   outer loop
     vertex  7.201046e+00  1.315845e+01  8.800000e+01
     vertex  5.333871e+00  1.401962e+01  8.800000e+01
     vertex  6.094783e+00  1.370597e+01  8.800000e+01
   endloop
 endfacet
 facet normal  0.000000e+00 -0.000000e+00 -1.000000e+00
   outer loop
     vertex  7.201046e+00  1.315845e+01  8.800000e+01
     vertex  1.320754e+01  7.110619e+00  8.800000e+01
     vertex -1.348892e+01  6.561178e+00  8.800000e+01
   endloop
 endfacet
 facet normal  0.000000e+00  0.000000e+00 -1.000000e+00
   outer loop
     vertex  7.201046e+00  1.315845e+01  8.800000e+01
     vertex  6.468499e+00  1.353361e+01  8.800000e+01
     vertex  6.837346e+00  1.335106e+01  8.800000e+01
   endloop
 endfacet
 facet normal  0.000000e+00  0.000000e+00 -1.000000e+00
   outer loop
     vertex  7.201046e+00  1.315845e+01  8.800000e+01
     vertex  6.094783e+00  1.370597e+01  8.800000e+01
     vertex  6.468499e+00  1.353361e+01  8.800000e+01
   endloop
 endfacet
 facet normal  0.000000e+00  0.000000e+00 -1.000000e+00
   outer loop
     vertex  1.279766e+01  7.824315e+00  8.800000e+01
     vertex  1.300750e+01  7.470278e+00  8.800000e+01
     vertex  1.320754e+01  7.110619e+00  8.800000e+01
   endloop
 endfacet
 facet normal -0.000000e+00 -0.000000e+00 -1.000000e+00
   outer loop
     vertex  1.279766e+01  7.824315e+00  8.800000e+01
     vertex  1.320754e+01  7.110619e+00  8.800000e+01
     vertex  7.201046e+00  1.315845e+01  8.800000e+01
   endloop
 endfacet
 facet normal  0.000000e+00  0.000000e+00 -1.000000e+00
   outer loop
     vertex  1.279766e+01  7.824315e+00  8.800000e+01
     vertex  7.201046e+00  1.315845e+01  8.800000e+01
     vertex  7.559325e+00  1.295595e+01  8.800000e+01
   endloop
 endfacet
 facet normal  0.000000e+00  0.000000e+00 -1.000000e+00
   outer loop
     vertex  8.258547e+00  1.252184e+01  8.800000e+01
     vertex  7.559325e+00  1.295595e+01  8.800000e+01
     vertex  7.911914e+00  1.274369e+01  8.800000e+01
   endloop
 endfacet
 facet normal  0.000000e+00  0.000000e+00 -1.000000e+00
   outer loop
     vertex  1.234925e+01  8.514456e+00  8.800000e+01
     vertex  1.257819e+01  8.172462e+00  8.800000e+01
     vertex  1.279766e+01  7.824315e+00  8.800000e+01
   endloop
 endfacet
 facet normal  0.000000e+00  0.000000e+00 -1.000000e+00
   outer loop
     vertex  1.211102e+01  8.850042e+00  8.800000e+01
     vertex  1.234925e+01  8.514456e+00  8.800000e+01
     vertex  1.279766e+01  7.824315e+00  8.800000e+01
   endloop
 endfacet
 facet normal  0.000000e+00  0.000000e+00 -1.000000e+00
   outer loop
     vertex  8.932907e+00  1.205003e+01  8.800000e+01
     vertex  8.258547e+00  1.252184e+01  8.800000e+01
     vertex  8.598964e+00  1.229056e+01  8.800000e+01
   endloop
 endfacet
 facet normal  0.000000e+00  0.000000e+00 -1.000000e+00
   outer loop
     vertex  8.932907e+00  1.205003e+01  8.800000e+01
     vertex  7.559325e+00  1.295595e+01  8.800000e+01
     vertex  8.258547e+00  1.252184e+01  8.800000e+01
   endloop
 endfacet
 facet normal  0.000000e+00  0.000000e+00 -1.000000e+00
   outer loop
     vertex  9.260126e+00  1.180043e+01  8.800000e+01
     vertex  7.559325e+00  1.295595e+01  8.800000e+01
     vertex  8.932907e+00  1.205003e+01  8.800000e+01
   endloop
 endfacet
 facet normal  0.000000e+00  0.000000e+00 -1.000000e+00
   outer loop
     vertex  1.160739e+01  9.500978e+00  8.800000e+01
     vertex  1.186367e+01  9.178965e+00  8.800000e+01
     vertex  1.211102e+01  8.850042e+00  8.800000e+01
   endloop
 endfacet
 facet normal  0.000000e+00  0.000000e+00 -1.000000e+00
   outer loop
     vertex  9.580374e+00  1.154194e+01  8.800000e+01
     vertex  7.559325e+00  1.295595e+01  8.800000e+01
     vertex  9.260126e+00  1.180043e+01  8.800000e+01
   endloop
 endfacet
 facet normal  0.000000e+00  0.000000e+00 -1.000000e+00
   outer loop
     vertex  1.134237e+01  9.815840e+00  8.800000e+01
     vertex  1.211102e+01  8.850042e+00  8.800000e+01
     vertex  1.279766e+01  7.824315e+00  8.800000e+01
   endloop
 endfacet
 facet normal  0.000000e+00  0.000000e+00 -1.000000e+00
   outer loop
     vertex  1.134237e+01  9.815840e+00  8.800000e+01
     vertex  1.160739e+01  9.500978e+00  8.800000e+01
     vertex  1.211102e+01  8.850042e+00  8.800000e+01
   endloop
 endfacet
 facet normal  0.000000e+00  0.000000e+00 -1.000000e+00
   outer loop
     vertex  1.106881e+01  1.012331e+01  8.800000e+01
     vertex  1.134237e+01  9.815840e+00  8.800000e+01
     vertex  1.279766e+01  7.824315e+00  8.800000e+01
   endloop
 endfacet
 facet normal  0.000000e+00  0.000000e+00 -1.000000e+00
   outer loop
     vertex  1.078692e+01  1.042316e+01  8.800000e+01
     vertex  1.106881e+01  1.012331e+01  8.800000e+01
     vertex  1.279766e+01  7.824315e+00  8.800000e+01
   endloop
 endfacet
 facet normal  0.000000e+00  0.000000e+00 -1.000000e+00
   outer loop
     vertex  1.049691e+01  1.071517e+01  8.800000e+01
     vertex  9.893410e+00  1.127477e+01  8.800000e+01
     vertex  1.019900e+01  1.099911e+01  8.800000e+01
   endloop
 endfacet
 facet normal  0.000000e+00  0.000000e+00 -1.000000e+00
   outer loop
     vertex  1.049691e+01  1.071517e+01  8.800000e+01
     vertex  9.580374e+00  1.154194e+01  8.800000e+01
     vertex  9.893410e+00  1.127477e+01  8.800000e+01
   endloop
 endfacet
 facet normal -0.000000e+00 -0.000000e+00 -1.000000e+00
   outer loop
     vertex  1.049691e+01  1.071517e+01  8.800000e+01
     vertex  1.279766e+01  7.824315e+00  8.800000e+01
     vertex  7.559325e+00  1.295595e+01  8.800000e+01
   endloop
 endfacet
 facet normal  0.000000e+00  0.000000e+00 -1.000000e+00
   outer loop
     vertex  1.049691e+01  1.071517e+01  8.800000e+01
     vertex  7.559325e+00  1.295595e+01  8.800000e+01
     vertex  9.580374e+00  1.154194e+01  8.800000e+01
   endloop
 endfacet
 facet normal  0.000000e+00  0.000000e+00 -1.000000e+00
   outer loop
     vertex  1.049691e+01  1.071517e+01  8.800000e+01
     vertex  1.078692e+01  1.042316e+01  8.800000e+01
     vertex  1.279766e+01  7.824315e+00  8.800000e+01
   endloop
 endfacet
 facet normal -9.999059e-01 -1.371831e-02  4.914525e-20
   outer loop
     vertex  9.196537e+00  2.523932e-01  9.600000e+01
     vertex  9.200000e+00 -2.253350e-15  9.280000e+01
     vertex  9.200000e+00 -2.253350e-15  9.600000e+01
   endloop
 endfacet
 facet normal -9.999059e-01 -1.371831e-02 -0.000000e+00
   outer loop
     vertex  9.196537e+00  2.523932e-01  9.600000e+01
     vertex  9.196537e+00  2.523932e-01  9.280000e+01
     vertex  9.200000e+00 -2.253350e-15  9.280000e+01
   endloop
 endfacet
 facet normal -9.991532e-01 -4.114462e-02 -0.000000e+00
   outer loop
     vertex  9.186152e+00  5.045965e-01  9.600000e+01
     vertex  9.186152e+00  5.045965e-01  9.280000e+01
     vertex  9.196537e+00  2.523932e-01  9.280000e+01
   endloop
 endfacet
 facet normal -9.991532e-01 -4.114462e-02  1.964073e-19
   outer loop
     vertex  9.186152e+00  5.045965e-01  9.600000e+01
     vertex  9.196537e+00  2.523932e-01  9.280000e+01
     vertex  9.196537e+00  2.523932e-01  9.600000e+01
   endloop
 endfacet
 facet normal -9.976484e-01 -6.853995e-02 -0.000000e+00
   outer loop
     vertex  9.168851e+00  7.564199e-01  9.600000e+01
     vertex  9.168851e+00  7.564199e-01  9.280000e+01
     vertex  9.186152e+00  5.045965e-01  9.280000e+01
   endloop
 endfacet
 facet normal -9.976484e-01 -6.853995e-02  1.198560e-20
   outer loop
     vertex  9.168851e+00  7.564199e-01  9.600000e+01
     vertex  9.186152e+00  5.045965e-01  9.280000e+01
     vertex  9.186152e+00  5.045965e-01  9.600000e+01
   endloop
 endfacet
 facet normal -9.953925e-01 -9.588368e-02 -0.000000e+00
   outer loop
     vertex  9.144648e+00  1.007674e+00  9.600000e+01
     vertex  9.144648e+00  1.007674e+00  9.280000e+01
     vertex  9.168851e+00  7.564199e-01  9.280000e+01
   endloop
 endfacet
 facet normal -9.953925e-01 -9.588368e-02  4.278430e-19
   outer loop
     vertex  9.144648e+00  1.007674e+00  9.600000e+01
     vertex  9.168851e+00  7.564199e-01  9.280000e+01
     vertex  9.168851e+00  7.564199e-01  9.600000e+01
   endloop
 endfacet
 facet normal -9.923874e-01 -1.231552e-01 -0.000000e+00
   outer loop
     vertex  9.113562e+00  1.258169e+00  9.600000e+01
     vertex  9.113562e+00  1.258169e+00  9.280000e+01
     vertex  9.144648e+00  1.007674e+00  9.280000e+01
   endloop
 endfacet
 facet normal -9.923874e-01 -1.231552e-01  3.612739e-19
   outer loop
     vertex  9.113562e+00  1.258169e+00  9.600000e+01
     vertex  9.144648e+00  1.007674e+00  9.280000e+01
     vertex  9.144648e+00  1.007674e+00  9.600000e+01
   endloop
 endfacet
 facet normal -9.886353e-01 -1.503341e-01 -0.000000e+00
   outer loop
     vertex  9.075615e+00  1.507718e+00  9.600000e+01
     vertex  9.075615e+00  1.507718e+00  9.280000e+01
     vertex  9.113562e+00  1.258169e+00  9.280000e+01
   endloop
 endfacet
 facet normal -9.886353e-01 -1.503341e-01  3.825599e-19
   outer loop
     vertex  9.075615e+00  1.507718e+00  9.600000e+01
     vertex  9.113562e+00  1.258169e+00  9.280000e+01
     vertex  9.113562e+00  1.258169e+00  9.600000e+01
   endloop
 endfacet
 facet normal -9.841389e-01 -1.773998e-01 -0.000000e+00
   outer loop
     vertex  9.030836e+00  1.756131e+00  9.600000e+01
     vertex  9.030836e+00  1.756131e+00  9.280000e+01
     vertex  9.075615e+00  1.507718e+00  9.280000e+01
   endloop
 endfacet
 facet normal -9.841389e-01 -1.773998e-01 -1.058428e-18
   outer loop
     vertex  9.030836e+00  1.756131e+00  9.600000e+01
     vertex  9.075615e+00  1.507718e+00  9.280000e+01
     vertex  9.075615e+00  1.507718e+00  9.600000e+01
   endloop
 endfacet
 facet normal -9.789017e-01 -2.043319e-01 -0.000000e+00
   outer loop
     vertex  8.979259e+00  2.003222e+00  9.600000e+01
     vertex  8.979259e+00  2.003222e+00  9.280000e+01
     vertex  9.030836e+00  1.756131e+00  9.280000e+01
   endloop
 endfacet
 facet normal -9.789017e-01 -2.043319e-01 -2.090974e-19
   outer loop
     vertex  8.979259e+00  2.003222e+00  9.600000e+01
     vertex  9.030836e+00  1.756131e+00  9.280000e+01
     vertex  9.030836e+00  1.756131e+00  9.600000e+01
   endloop
 endfacet
 facet normal -9.729276e-01 -2.311102e-01 -0.000000e+00
   outer loop
     vertex  8.920923e+00  2.248806e+00  9.600000e+01
     vertex  8.920923e+00  2.248806e+00  9.280000e+01
     vertex  8.979259e+00  2.003222e+00  9.280000e+01
   endloop
 endfacet
 facet normal -9.729276e-01 -2.311102e-01  5.732520e-19
   outer loop
     vertex  8.920923e+00  2.248806e+00  9.600000e+01
     vertex  8.979259e+00  2.003222e+00  9.280000e+01
     vertex  8.979259e+00  2.003222e+00  9.600000e+01
   endloop
 endfacet
 facet normal -9.662211e-01 -2.577146e-01  5.068657e-19
   outer loop
     vertex  8.855872e+00  2.492697e+00  9.600000e+01
     vertex  8.920923e+00  2.248806e+00  9.280000e+01
     vertex  8.920923e+00  2.248806e+00  9.600000e+01
   endloop
 endfacet
 facet normal -9.662211e-01 -2.577146e-01 -0.000000e+00
   outer loop
     vertex  8.855872e+00  2.492697e+00  9.600000e+01
     vertex  8.855872e+00  2.492697e+00  9.280000e+01
     vertex  8.920923e+00  2.248806e+00  9.280000e+01
   endloop
 endfacet
 facet normal -9.587873e-01 -2.841250e-01  6.912688e-19
   outer loop
     vertex  8.784154e+00  2.734711e+00  9.600000e+01
     vertex  8.855872e+00  2.492697e+00  9.280000e+01
     vertex  8.855872e+00  2.492697e+00  9.600000e+01
   endloop
 endfacet
 facet normal -9.587873e-01 -2.841250e-01 -0.000000e+00
   outer loop
     vertex  8.784154e+00  2.734711e+00  9.600000e+01
     vertex  8.784154e+00  2.734711e+00  9.280000e+01
     vertex  8.855872e+00  2.492697e+00  9.280000e+01
   endloop
 endfacet
 facet normal -9.506317e-01 -3.103214e-01 -9.259459e-20
   outer loop
     vertex  8.705823e+00  2.974666e+00  9.600000e+01
     vertex  8.784154e+00  2.734711e+00  9.280000e+01
     vertex  8.784154e+00  2.734711e+00  9.600000e+01
   endloop
 endfacet
 facet normal -9.506317e-01 -3.103214e-01 -0.000000e+00
   outer loop
     vertex  8.705823e+00  2.974666e+00  9.600000e+01
     vertex  8.705823e+00  2.974666e+00  9.280000e+01
     vertex  8.784154e+00  2.734711e+00  9.280000e+01
   endloop
 endfacet
 facet normal -9.417605e-01 -3.362843e-01 -0.000000e+00
   outer loop
     vertex  8.705823e+00  2.974666e+00  9.600000e+01
     vertex  8.620939e+00  3.212383e+00  9.280000e+01
     vertex  8.705823e+00  2.974666e+00  9.280000e+01
   endloop
 endfacet
 facet normal -9.417605e-01 -3.362843e-01 -0.000000e+00
   outer loop
     vertex  8.620939e+00  3.212383e+00  9.600000e+01
     vertex  8.620939e+00  3.212383e+00  9.280000e+01
     vertex  8.705823e+00  2.974666e+00  9.600000e+01
   endloop
 endfacet
 facet normal -9.321804e-01 -3.619940e-01 -7.100311e-19
   outer loop
     vertex  8.529566e+00  3.447681e+00  9.600000e+01
     vertex  8.620939e+00  3.212383e+00  9.280000e+01
     vertex  8.620939e+00  3.212383e+00  9.600000e+01
   endloop
 endfacet
 facet normal -9.321804e-01 -3.619940e-01 -0.000000e+00
   outer loop
     vertex  8.529566e+00  3.447681e+00  9.600000e+01
     vertex  8.529566e+00  3.447681e+00  9.280000e+01
     vertex  8.620939e+00  3.212383e+00  9.280000e+01
   endloop
 endfacet
 facet normal -9.218986e-01 -3.874313e-01 -1.349197e-18
   outer loop
     vertex  8.431772e+00  3.680384e+00  9.600000e+01
     vertex  8.529566e+00  3.447681e+00  9.280000e+01
     vertex  8.529566e+00  3.447681e+00  9.600000e+01
   endloop
 endfacet
 facet normal -9.218986e-01 -3.874313e-01 -0.000000e+00
   outer loop
     vertex  8.431772e+00  3.680384e+00  9.600000e+01
     vertex  8.431772e+00  3.680384e+00  9.280000e+01
     vertex  8.529566e+00  3.447681e+00  9.280000e+01
   endloop
 endfacet
 facet normal -9.109228e-01 -4.125769e-01 -1.073056e-18
   outer loop
     vertex  8.327630e+00  3.910316e+00  9.600000e+01
     vertex  8.431772e+00  3.680384e+00  9.280000e+01
     vertex  8.431772e+00  3.680384e+00  9.600000e+01
   endloop
 endfacet
 facet normal -9.109228e-01 -4.125769e-01 -0.000000e+00
   outer loop
     vertex  8.327630e+00  3.910316e+00  9.600000e+01
     vertex  8.327630e+00  3.910316e+00  9.280000e+01
     vertex  8.431772e+00  3.680384e+00  9.280000e+01
   endloop
 endfacet
 facet normal -8.992613e-01 -4.374119e-01 -1.050250e-18
   outer loop
     vertex  8.217220e+00  4.137305e+00  9.600000e+01
     vertex  8.327630e+00  3.910316e+00  9.280000e+01
     vertex  8.327630e+00  3.910316e+00  9.600000e+01
   endloop
 endfacet
 facet normal -8.992613e-01 -4.374119e-01 -0.000000e+00
   outer loop
     vertex  8.217220e+00  4.137305e+00  9.600000e+01
     vertex  8.217220e+00  4.137305e+00  9.280000e+01
     vertex  8.327630e+00  3.910316e+00  9.280000e+01
   endloop
 endfacet
 facet normal -8.869228e-01 -4.619176e-01  1.154775e-18
   outer loop
     vertex  8.100624e+00  4.361179e+00  9.600000e+01
     vertex  8.217220e+00  4.137305e+00  9.280000e+01
     vertex  8.217220e+00  4.137305e+00  9.600000e+01
   endloop
 endfacet
 facet normal -8.869228e-01 -4.619176e-01 -0.000000e+00
   outer loop
     vertex  8.100624e+00  4.361179e+00  9.600000e+01
     vertex  8.100624e+00  4.361179e+00  9.280000e+01
     vertex  8.217220e+00  4.137305e+00  9.280000e+01
   endloop
 endfacet
 facet normal -8.739167e-01 -4.860756e-01  1.270374e-18
   outer loop
     vertex  7.977931e+00  4.581771e+00  9.600000e+01
     vertex  8.100624e+00  4.361179e+00  9.280000e+01
     vertex  8.100624e+00  4.361179e+00  9.600000e+01
   endloop
 endfacet
 facet normal -8.739167e-01 -4.860756e-01 -0.000000e+00
   outer loop
     vertex  7.977931e+00  4.581771e+00  9.600000e+01
     vertex  7.977931e+00  4.581771e+00  9.280000e+01
     vertex  8.100624e+00  4.361179e+00  9.280000e+01
   endloop
 endfacet
 facet normal -8.602528e-01 -5.098678e-01 -1.115646e-18
   outer loop
     vertex  7.849231e+00  4.798913e+00  9.600000e+01
     vertex  7.977931e+00  4.581771e+00  9.280000e+01
     vertex  7.977931e+00  4.581771e+00  9.600000e+01
   endloop
 endfacet
 facet normal -8.602528e-01 -5.098678e-01 -0.000000e+00
   outer loop
     vertex  7.849231e+00  4.798913e+00  9.600000e+01
     vertex  7.849231e+00  4.798913e+00  9.280000e+01
     vertex  7.977931e+00  4.581771e+00  9.280000e+01
   endloop
 endfacet
 facet normal -8.459413e-01 -5.332761e-01  1.179610e-19
   outer loop
     vertex  7.714623e+00  5.012443e+00  9.600000e+01
     vertex  7.849231e+00  4.798913e+00  9.280000e+01
     vertex  7.849231e+00  4.798913e+00  9.600000e+01
   endloop
 endfacet
 facet normal -8.459413e-01 -5.332761e-01 -0.000000e+00
   outer loop
     vertex  7.714623e+00  5.012443e+00  9.600000e+01
     vertex  7.714623e+00  5.012443e+00  9.280000e+01
     vertex  7.849231e+00  4.798913e+00  9.280000e+01
   endloop
 endfacet
 facet normal -8.309929e-01 -5.562829e-01 -0.000000e+00
   outer loop
     vertex  7.574208e+00  5.222200e+00  9.600000e+01
     vertex  7.574208e+00  5.222200e+00  9.280000e+01
     vertex  7.714623e+00  5.012443e+00  9.280000e+01
   endloop
 endfacet
 facet normal -8.309929e-01 -5.562829e-01  1.065985e-18
   outer loop
     vertex  7.574208e+00  5.222200e+00  9.600000e+01
     vertex  7.714623e+00  5.012443e+00  9.280000e+01
     vertex  7.714623e+00  5.012443e+00  9.600000e+01
   endloop
 endfacet
 facet normal -8.154191e-01 -5.788711e-01 -0.000000e+00
   outer loop
     vertex  7.428091e+00  5.428026e+00  9.600000e+01
     vertex  7.428091e+00  5.428026e+00  9.280000e+01
     vertex  7.574208e+00  5.222200e+00  9.280000e+01
   endloop
 endfacet
 facet normal -8.154191e-01 -5.788711e-01 -1.172095e-18
   outer loop
     vertex  7.428091e+00  5.428026e+00  9.600000e+01
     vertex  7.574208e+00  5.222200e+00  9.280000e+01
     vertex  7.574208e+00  5.222200e+00  9.600000e+01
   endloop
 endfacet
 facet normal -7.992314e-01 -6.010234e-01 -0.000000e+00
   outer loop
     vertex  7.276383e+00  5.629765e+00  9.600000e+01
     vertex  7.276383e+00  5.629765e+00  9.280000e+01
     vertex  7.428091e+00  5.428026e+00  9.280000e+01
   endloop
 endfacet
 facet normal -7.824421e-01 -6.227234e-01 -0.000000e+00
   outer loop
     vertex  7.276383e+00  5.629765e+00  9.600000e+01
     vertex  7.119197e+00  5.827267e+00  9.280000e+01
     vertex  7.276383e+00  5.629765e+00  9.280000e+01
   endloop
 endfacet
 facet normal -7.992314e-01 -6.010234e-01  6.893140e-19
   outer loop
     vertex  7.276383e+00  5.629765e+00  9.600000e+01
     vertex  7.428091e+00  5.428026e+00  9.280000e+01
     vertex  7.428091e+00  5.428026e+00  9.600000e+01
   endloop
 endfacet
 facet normal -7.650637e-01 -6.439545e-01 -0.000000e+00
   outer loop
     vertex  7.119197e+00  5.827267e+00  9.600000e+01
     vertex  6.956652e+00  6.020382e+00  9.280000e+01
     vertex  7.119197e+00  5.827267e+00  9.280000e+01
   endloop
 endfacet
 facet normal -7.824421e-01 -6.227234e-01 -0.000000e+00
   outer loop
     vertex  7.119197e+00  5.827267e+00  9.600000e+01
     vertex  7.119197e+00  5.827267e+00  9.280000e+01
     vertex  7.276383e+00  5.629765e+00  9.600000e+01
   endloop
 endfacet
 facet normal -7.650637e-01 -6.439545e-01 -0.000000e+00
   outer loop
     vertex  6.956652e+00  6.020382e+00  9.600000e+01
     vertex  6.956652e+00  6.020382e+00  9.280000e+01
     vertex  7.119197e+00  5.827267e+00  9.600000e+01
   endloop
 endfacet
 facet normal -7.471095e-01 -6.647010e-01 -0.000000e+00
   outer loop
     vertex  6.788870e+00  6.208965e+00  9.600000e+01
     vertex  6.788870e+00  6.208965e+00  9.280000e+01
     vertex  6.956652e+00  6.020382e+00  9.280000e+01
   endloop
 endfacet
 facet normal -7.471095e-01 -6.647010e-01 -1.881866e-18
   outer loop
     vertex  6.788870e+00  6.208965e+00  9.600000e+01
     vertex  6.956652e+00  6.020382e+00  9.280000e+01
     vertex  6.956652e+00  6.020382e+00  9.600000e+01
   endloop
 endfacet
 facet normal -7.285929e-01 -6.849470e-01 -0.000000e+00
   outer loop
     vertex  6.615978e+00  6.392874e+00  9.600000e+01
     vertex  6.615978e+00  6.392874e+00  9.280000e+01
     vertex  6.788870e+00  6.208965e+00  9.280000e+01
   endloop
 endfacet
 facet normal -7.285929e-01 -6.849470e-01 -1.713809e-19
   outer loop
     vertex  6.615978e+00  6.392874e+00  9.600000e+01
     vertex  6.788870e+00  6.208965e+00  9.280000e+01
     vertex  6.788870e+00  6.208965e+00  9.600000e+01
   endloop
 endfacet
 facet normal -7.095278e-01 -7.046775e-01 -0.000000e+00
   outer loop
     vertex  6.438105e+00  6.571971e+00  9.600000e+01
     vertex  6.438105e+00  6.571971e+00  9.280000e+01
     vertex  6.615978e+00  6.392874e+00  9.280000e+01
   endloop
 endfacet
 facet normal -7.095278e-01 -7.046775e-01 -2.923544e-18
   outer loop
     vertex  6.438105e+00  6.571971e+00  9.600000e+01
     vertex  6.615978e+00  6.392874e+00  9.280000e+01
     vertex  6.615978e+00  6.392874e+00  9.600000e+01
   endloop
 endfacet
 facet normal -6.899286e-01 -7.238775e-01 -0.000000e+00
   outer loop
     vertex  6.255386e+00  6.746121e+00  9.600000e+01
     vertex  6.255386e+00  6.746121e+00  9.280000e+01
     vertex  6.438105e+00  6.571971e+00  9.280000e+01
   endloop
 endfacet
 facet normal -6.698100e-01 -7.425325e-01 -0.000000e+00
   outer loop
     vertex  6.255386e+00  6.746121e+00  9.600000e+01
     vertex  6.067958e+00  6.915192e+00  9.280000e+01
     vertex  6.255386e+00  6.746121e+00  9.280000e+01
   endloop
 endfacet
 facet normal -6.899286e-01 -7.238775e-01 -1.118496e-18
   outer loop
     vertex  6.255386e+00  6.746121e+00  9.600000e+01
     vertex  6.438105e+00  6.571971e+00  9.280000e+01
     vertex  6.438105e+00  6.571971e+00  9.600000e+01
   endloop
 endfacet
 facet normal -6.698100e-01 -7.425325e-01 -0.000000e+00
   outer loop
     vertex  6.067958e+00  6.915192e+00  9.600000e+01
     vertex  6.067958e+00  6.915192e+00  9.280000e+01
     vertex  6.255386e+00  6.746121e+00  9.600000e+01
   endloop
 endfacet
 facet normal -6.491872e-01 -7.606287e-01 -0.000000e+00
   outer loop
     vertex  5.875963e+00  7.079058e+00  9.600000e+01
     vertex  5.875963e+00  7.079058e+00  9.280000e+01
     vertex  6.067958e+00  6.915192e+00  9.280000e+01
   endloop
 endfacet
 facet normal -6.491872e-01 -7.606287e-01 -2.877897e-18
   outer loop
     vertex  5.875963e+00  7.079058e+00  9.600000e+01
     vertex  6.067958e+00  6.915192e+00  9.280000e+01
     vertex  6.067958e+00  6.915192e+00  9.600000e+01
   endloop
 endfacet
 facet normal -6.280757e-01 -7.781522e-01 -0.000000e+00
   outer loop
     vertex  5.679544e+00  7.237595e+00  9.600000e+01
     vertex  5.679544e+00  7.237595e+00  9.280000e+01
     vertex  5.875963e+00  7.079058e+00  9.280000e+01
   endloop
 endfacet
 facet normal -6.280757e-01 -7.781522e-01 -1.659292e-18
   outer loop
     vertex  5.679544e+00  7.237595e+00  9.600000e+01
     vertex  5.875963e+00  7.079058e+00  9.280000e+01
     vertex  5.875963e+00  7.079058e+00  9.600000e+01
   endloop
 endfacet
 facet normal -6.064915e-01 -7.950900e-01 -0.000000e+00
   outer loop
     vertex  5.478849e+00  7.390684e+00  9.600000e+01
     vertex  5.478849e+00  7.390684e+00  9.280000e+01
     vertex  5.679544e+00  7.237595e+00  9.280000e+01
   endloop
 endfacet
 facet normal -5.844507e-01 -8.114292e-01 -0.000000e+00
   outer loop
     vertex  5.478849e+00  7.390684e+00  9.600000e+01
     vertex  5.274031e+00  7.538209e+00  9.280000e+01
     vertex  5.478849e+00  7.390684e+00  9.280000e+01
   endloop
 endfacet
 facet normal -6.064915e-01 -7.950900e-01  5.420156e-19
   outer loop
     vertex  5.478849e+00  7.390684e+00  9.600000e+01
     vertex  5.679544e+00  7.237595e+00  9.280000e+01
     vertex  5.679544e+00  7.237595e+00  9.600000e+01
   endloop
 endfacet
 facet normal -5.844507e-01 -8.114292e-01 -0.000000e+00
   outer loop
     vertex  5.274031e+00  7.538209e+00  9.600000e+01
     vertex  5.274031e+00  7.538209e+00  9.280000e+01
     vertex  5.478849e+00  7.390684e+00  9.600000e+01
   endloop
 endfacet
 facet normal -5.619699e-01 -8.271577e-01 -1.552744e-18
   outer loop
     vertex  5.065242e+00  7.680060e+00  9.600000e+01
     vertex  5.274031e+00  7.538209e+00  9.280000e+01
     vertex  5.274031e+00  7.538209e+00  9.600000e+01
   endloop
 endfacet
 facet normal -5.619699e-01 -8.271577e-01 -0.000000e+00
   outer loop
     vertex  5.065242e+00  7.680060e+00  9.600000e+01
     vertex  5.065242e+00  7.680060e+00  9.280000e+01
     vertex  5.274031e+00  7.538209e+00  9.280000e+01
   endloop
 endfacet
 facet normal -5.390661e-01 -8.422635e-01  2.046657e-18
   outer loop
     vertex  4.852641e+00  7.816129e+00  9.600000e+01
     vertex  5.065242e+00  7.680060e+00  9.280000e+01
     vertex  5.065242e+00  7.680060e+00  9.600000e+01
   endloop
 endfacet
 facet normal -5.390661e-01 -8.422635e-01 -0.000000e+00
   outer loop
     vertex  4.852641e+00  7.816129e+00  9.600000e+01
     vertex  4.852641e+00  7.816129e+00  9.280000e+01
     vertex  5.065242e+00  7.680060e+00  9.280000e+01
   endloop
 endfacet
 facet normal -5.157565e-01 -8.567352e-01 -0.000000e+00
   outer loop
     vertex  4.852641e+00  7.816129e+00  9.600000e+01
     vertex  4.636386e+00  7.946315e+00  9.280000e+01
     vertex  4.852641e+00  7.816129e+00  9.280000e+01
   endloop
 endfacet
 facet normal -5.157565e-01 -8.567352e-01 -0.000000e+00
   outer loop
     vertex  4.636386e+00  7.946315e+00  9.600000e+01
     vertex  4.636386e+00  7.946315e+00  9.280000e+01
     vertex  4.852641e+00  7.816129e+00  9.600000e+01
   endloop
 endfacet
 facet normal -4.920587e-01 -8.705620e-01 -0.000000e+00
   outer loop
     vertex  4.636386e+00  7.946315e+00  9.600000e+01
     vertex  4.416642e+00  8.070519e+00  9.280000e+01
     vertex  4.636386e+00  7.946315e+00  9.280000e+01
   endloop
 endfacet
 facet normal -4.920587e-01 -8.705620e-01 -0.000000e+00
   outer loop
     vertex  4.416642e+00  8.070519e+00  9.600000e+01
     vertex  4.416642e+00  8.070519e+00  9.280000e+01
     vertex  4.636386e+00  7.946315e+00  9.600000e+01
   endloop
 endfacet
 facet normal -4.679904e-01 -8.837335e-01  1.455983e-18
   outer loop
     vertex  4.193572e+00  8.188648e+00  9.600000e+01
     vertex  4.416642e+00  8.070519e+00  9.280000e+01
     vertex  4.416642e+00  8.070519e+00  9.600000e+01
   endloop
 endfacet
 facet normal -4.679904e-01 -8.837335e-01 -0.000000e+00
   outer loop
     vertex  4.193572e+00  8.188648e+00  9.600000e+01
     vertex  4.193572e+00  8.188648e+00  9.280000e+01
     vertex  4.416642e+00  8.070519e+00  9.280000e+01
   endloop
 endfacet
 facet normal -4.435699e-01 -8.962398e-01 -0.000000e+00
   outer loop
     vertex  4.193572e+00  8.188648e+00  9.600000e+01
     vertex  3.967346e+00  8.300612e+00  9.280000e+01
     vertex  4.193572e+00  8.188648e+00  9.280000e+01
   endloop
 endfacet
 facet normal -4.435699e-01 -8.962398e-01 -0.000000e+00
   outer loop
     vertex  3.967346e+00  8.300612e+00  9.600000e+01
     vertex  3.967346e+00  8.300612e+00  9.280000e+01
     vertex  4.193572e+00  8.188648e+00  9.600000e+01
   endloop
 endfacet
 facet normal -4.188155e-01 -9.080714e-01  1.221686e-19
   outer loop
     vertex  3.738133e+00  8.406329e+00  9.600000e+01
     vertex  3.967346e+00  8.300612e+00  9.280000e+01
     vertex  3.967346e+00  8.300612e+00  9.600000e+01
   endloop
 endfacet
 facet normal -4.188155e-01 -9.080714e-01 -0.000000e+00
   outer loop
     vertex  3.738133e+00  8.406329e+00  9.600000e+01
     vertex  3.738133e+00  8.406329e+00  9.280000e+01
     vertex  3.967346e+00  8.300612e+00  9.280000e+01
   endloop
 endfacet
 facet normal -3.937458e-01 -9.192194e-01 -1.806527e-19
   outer loop
     vertex  3.506107e+00  8.505717e+00  9.600000e+01
     vertex  3.738133e+00  8.406329e+00  9.280000e+01
     vertex  3.738133e+00  8.406329e+00  9.600000e+01
   endloop
 endfacet
 facet normal -3.937458e-01 -9.192194e-01 -0.000000e+00
   outer loop
     vertex  3.506107e+00  8.505717e+00  9.600000e+01
     vertex  3.506107e+00  8.505717e+00  9.280000e+01
     vertex  3.738133e+00  8.406329e+00  9.280000e+01
   endloop
 endfacet
 facet normal -3.683796e-01 -9.296754e-01 -9.332587e-19
   outer loop
     vertex  3.271441e+00  8.598702e+00  9.600000e+01
     vertex  3.506107e+00  8.505717e+00  9.280000e+01
     vertex  3.506107e+00  8.505717e+00  9.600000e+01
   endloop
 endfacet
 facet normal -3.683796e-01 -9.296754e-01 -0.000000e+00
   outer loop
     vertex  3.271441e+00  8.598702e+00  9.600000e+01
     vertex  3.271441e+00  8.598702e+00  9.280000e+01
     vertex  3.506107e+00  8.505717e+00  9.280000e+01
   endloop
 endfacet
 facet normal -3.427362e-01 -9.394317e-01 -1.031256e-18
   outer loop
     vertex  3.034312e+00  8.685214e+00  9.600000e+01
     vertex  3.271441e+00  8.598702e+00  9.280000e+01
     vertex  3.271441e+00  8.598702e+00  9.600000e+01
   endloop
 endfacet
 facet normal -3.427362e-01 -9.394317e-01 -0.000000e+00
   outer loop
     vertex  3.034312e+00  8.685214e+00  9.600000e+01
     vertex  3.034312e+00  8.685214e+00  9.280000e+01
     vertex  3.271441e+00  8.598702e+00  9.280000e+01
   endloop
 endfacet
 facet normal -3.168348e-01 -9.484807e-01 -1.682771e-18
   outer loop
     vertex  2.794900e+00  8.765189e+00  9.600000e+01
     vertex  3.034312e+00  8.685214e+00  9.280000e+01
     vertex  3.034312e+00  8.685214e+00  9.600000e+01
   endloop
 endfacet
 facet normal -3.168348e-01 -9.484807e-01 -0.000000e+00
   outer loop
     vertex  2.794900e+00  8.765189e+00  9.600000e+01
     vertex  2.794900e+00  8.765189e+00  9.280000e+01
     vertex  3.034312e+00  8.685214e+00  9.280000e+01
   endloop
 endfacet
 facet normal -2.906949e-01 -9.568158e-01 -0.000000e+00
   outer loop
     vertex  2.794900e+00  8.765189e+00  9.600000e+01
     vertex  2.553383e+00  8.838565e+00  9.280000e+01
     vertex  2.794900e+00  8.765189e+00  9.280000e+01
   endloop
 endfacet
 facet normal -2.906949e-01 -9.568158e-01 -0.000000e+00
   outer loop
     vertex  2.553383e+00  8.838565e+00  9.600000e+01
     vertex  2.553383e+00  8.838565e+00  9.280000e+01
     vertex  2.794900e+00  8.765189e+00  9.600000e+01
   endloop
 endfacet
 facet normal -2.643362e-01 -9.644306e-01 -2.955513e-19
   outer loop
     vertex  2.309944e+00  8.905288e+00  9.600000e+01
     vertex  2.553383e+00  8.838565e+00  9.280000e+01
     vertex  2.553383e+00  8.838565e+00  9.600000e+01
   endloop
 endfacet
 facet normal -2.643362e-01 -9.644306e-01 -0.000000e+00
   outer loop
     vertex  2.309944e+00  8.905288e+00  9.600000e+01
     vertex  2.309944e+00  8.905288e+00  9.280000e+01
     vertex  2.553383e+00  8.838565e+00  9.280000e+01
   endloop
 endfacet
 facet normal -2.377784e-01 -9.713194e-01 -0.000000e+00
   outer loop
     vertex  2.309944e+00  8.905288e+00  9.600000e+01
     vertex  2.064767e+00  8.965307e+00  9.280000e+01
     vertex  2.309944e+00  8.905288e+00  9.280000e+01
   endloop
 endfacet
 facet normal -2.377784e-01 -9.713194e-01 -0.000000e+00
   outer loop
     vertex  2.064767e+00  8.965307e+00  9.600000e+01
     vertex  2.064767e+00  8.965307e+00  9.280000e+01
     vertex  2.309944e+00  8.905288e+00  9.600000e+01
   endloop
 endfacet
 facet normal -2.110417e-01 -9.774771e-01 -7.828825e-19
   outer loop
     vertex  1.818035e+00  9.018578e+00  9.600000e+01
     vertex  2.064767e+00  8.965307e+00  9.280000e+01
     vertex  2.064767e+00  8.965307e+00  9.600000e+01
   endloop
 endfacet
 facet normal -2.110417e-01 -9.774771e-01 -0.000000e+00
   outer loop
     vertex  1.818035e+00  9.018578e+00  9.600000e+01
     vertex  1.818035e+00  9.018578e+00  9.280000e+01
     vertex  2.064767e+00  8.965307e+00  9.280000e+01
   endloop
 endfacet
 facet normal -1.841461e-01 -9.828989e-01  9.559114e-20
   outer loop
     vertex  1.569935e+00  9.065060e+00  9.600000e+01
     vertex  1.818035e+00  9.018578e+00  9.280000e+01
     vertex  1.818035e+00  9.018578e+00  9.600000e+01
   endloop
 endfacet
 facet normal -1.841461e-01 -9.828989e-01 -0.000000e+00
   outer loop
     vertex  1.569935e+00  9.065060e+00  9.600000e+01
     vertex  1.569935e+00  9.065060e+00  9.280000e+01
     vertex  1.818035e+00  9.018578e+00  9.280000e+01
   endloop
 endfacet
 facet normal -1.571119e-01 -9.875808e-01  6.923361e-19
   outer loop
     vertex  1.320653e+00  9.104717e+00  9.600000e+01
     vertex  1.569935e+00  9.065060e+00  9.280000e+01
     vertex  1.569935e+00  9.065060e+00  9.600000e+01
   endloop
 endfacet
 facet normal -1.571119e-01 -9.875808e-01 -0.000000e+00
   outer loop
     vertex  1.320653e+00  9.104717e+00  9.600000e+01
     vertex  1.320653e+00  9.104717e+00  9.280000e+01
     vertex  1.569935e+00  9.065060e+00  9.280000e+01
   endloop
 endfacet
 facet normal -1.299594e-01 -9.915193e-01 -1.629111e-19
   outer loop
     vertex  1.070376e+00  9.137521e+00  9.600000e+01
     vertex  1.320653e+00  9.104717e+00  9.280000e+01
     vertex  1.320653e+00  9.104717e+00  9.600000e+01
   endloop
 endfacet
 facet normal -1.299594e-01 -9.915193e-01 -0.000000e+00
   outer loop
     vertex  1.070376e+00  9.137521e+00  9.600000e+01
     vertex  1.070376e+00  9.137521e+00  9.280000e+01
     vertex  1.320653e+00  9.104717e+00  9.280000e+01
   endloop
 endfacet
 facet normal -1.027091e-01 -9.947114e-01 -0.000000e+00
   outer loop
     vertex  1.070376e+00  9.137521e+00  9.600000e+01
     vertex  8.192942e-01  9.163447e+00  9.280000e+01
     vertex  1.070376e+00  9.137521e+00  9.280000e+01
   endloop
 endfacet
 facet normal -1.027091e-01 -9.947114e-01 -0.000000e+00
   outer loop
     vertex  8.192942e-01  9.163447e+00  9.600000e+01
     vertex  8.192942e-01  9.163447e+00  9.280000e+01
     vertex  1.070376e+00  9.137521e+00  9.600000e+01
   endloop
 endfacet
 facet normal -7.538152e-02 -9.971548e-01 -0.000000e+00
   outer loop
     vertex  8.192942e-01  9.163447e+00  9.600000e+01
     vertex  5.675954e-01  9.182474e+00  9.280000e+01
     vertex  8.192942e-01  9.163447e+00  9.280000e+01
   endloop
 endfacet
 facet normal -7.538152e-02 -9.971548e-01 -0.000000e+00
   outer loop
     vertex  5.675954e-01  9.182474e+00  9.600000e+01
     vertex  5.675954e-01  9.182474e+00  9.280000e+01
     vertex  8.192942e-01  9.163447e+00  9.600000e+01
   endloop
 endfacet
 facet normal -4.799716e-02 -9.988475e-01 -5.547074e-20
   outer loop
     vertex  3.154693e-01  9.194590e+00  9.600000e+01
     vertex  5.675954e-01  9.182474e+00  9.280000e+01
     vertex  5.675954e-01  9.182474e+00  9.600000e+01
   endloop
 endfacet
 facet normal -4.799716e-02 -9.988475e-01 -0.000000e+00
   outer loop
     vertex  3.154693e-01  9.194590e+00  9.600000e+01
     vertex  3.154693e-01  9.194590e+00  9.280000e+01
     vertex  5.675954e-01  9.182474e+00  9.280000e+01
   endloop
 endfacet
 facet normal -2.057667e-02 -9.997883e-01 -0.000000e+00
   outer loop
     vertex  3.154693e-01  9.194590e+00  9.600000e+01
     vertex  6.310573e-02  9.199784e+00  9.280000e+01
     vertex  3.154693e-01  9.194590e+00  9.280000e+01
   endloop
 endfacet
 facet normal  6.859319e-03 -9.999765e-01  0.000000e+00
   outer loop
     vertex  6.310573e-02  9.199784e+00  9.600000e+01
     vertex -1.893053e-01  9.198052e+00  9.280000e+01
     vertex  6.310573e-02  9.199784e+00  9.280000e+01
   endloop
 endfacet
 facet normal -2.057667e-02 -9.997883e-01 -0.000000e+00
   outer loop
     vertex  6.310573e-02  9.199784e+00  9.600000e+01
     vertex  6.310573e-02  9.199784e+00  9.280000e+01
     vertex  3.154693e-01  9.194590e+00  9.600000e+01
   endloop
 endfacet
 facet normal  6.859319e-03 -9.999765e-01  0.000000e+00
   outer loop
     vertex -1.893053e-01  9.198052e+00  9.600000e+01
     vertex -1.893053e-01  9.198052e+00  9.280000e+01
     vertex  6.310573e-02  9.199784e+00  9.600000e+01
   endloop
 endfacet
 facet normal  3.429014e-02 -9.994119e-01  0.000000e+00
   outer loop
     vertex -4.415739e-01  9.189397e+00  9.600000e+01
     vertex -4.415739e-01  9.189397e+00  9.280000e+01
     vertex -1.893053e-01  9.198052e+00  9.280000e+01
   endloop
 endfacet
 facet normal  3.429014e-02 -9.994119e-01 -1.953549e-19
   outer loop
     vertex -4.415739e-01  9.189397e+00  9.600000e+01
     vertex -1.893053e-01  9.198052e+00  9.280000e+01
     vertex -1.893053e-01  9.198052e+00  9.600000e+01
   endloop
 endfacet
 facet normal  6.169515e-02 -9.980950e-01  0.000000e+00
   outer loop
     vertex -6.935100e-01  9.173824e+00  9.600000e+01
     vertex -6.935100e-01  9.173824e+00  9.280000e+01
     vertex -4.415739e-01  9.189397e+00  9.280000e+01
   endloop
 endfacet
 facet normal  6.169515e-02 -9.980950e-01 -3.203826e-19
   outer loop
     vertex -6.935100e-01  9.173824e+00  9.600000e+01
     vertex -4.415739e-01  9.189397e+00  9.280000e+01
     vertex -4.415739e-01  9.189397e+00  9.600000e+01
   endloop
 endfacet
 facet normal  8.905371e-02 -9.960268e-01  1.868562e-19
   outer loop
     vertex -9.449241e-01  9.151345e+00  9.600000e+01
     vertex -6.935100e-01  9.173824e+00  9.280000e+01
     vertex -6.935100e-01  9.173824e+00  9.600000e+01
   endloop
 endfacet
 facet normal  8.905371e-02 -9.960268e-01  0.000000e+00
   outer loop
     vertex -9.449241e-01  9.151345e+00  9.600000e+01
     vertex -9.449241e-01  9.151345e+00  9.280000e+01
     vertex -6.935100e-01  9.173824e+00  9.280000e+01
   endloop
 endfacet
 facet normal  1.163452e-01 -9.932088e-01 -2.463773e-19
   outer loop
     vertex -1.195627e+00  9.121978e+00  9.600000e+01
     vertex -9.449241e-01  9.151345e+00  9.280000e+01
     vertex -9.449241e-01  9.151345e+00  9.600000e+01
   endloop
 endfacet
 facet normal  1.163452e-01 -9.932088e-01  0.000000e+00
   outer loop
     vertex -1.195627e+00  9.121978e+00  9.600000e+01
     vertex -1.195627e+00  9.121978e+00  9.280000e+01
     vertex -9.449241e-01  9.151345e+00  9.280000e+01
   endloop
 endfacet
 facet normal  1.435492e-01 -9.896432e-01  0.000000e+00
   outer loop
     vertex -1.195627e+00  9.121978e+00  9.600000e+01
     vertex -1.445430e+00  9.085743e+00  9.280000e+01
     vertex -1.195627e+00  9.121978e+00  9.280000e+01
   endloop
 endfacet
 facet normal  1.435492e-01 -9.896432e-01  0.000000e+00
   outer loop
     vertex -1.445430e+00  9.085743e+00  9.600000e+01
     vertex -1.445430e+00  9.085743e+00  9.280000e+01
     vertex -1.195627e+00  9.121978e+00  9.600000e+01
   endloop
 endfacet
 facet normal  1.706451e-01 -9.853326e-01  5.301970e-20
   outer loop
     vertex -1.694144e+00  9.042670e+00  9.600000e+01
     vertex -1.445430e+00  9.085743e+00  9.280000e+01
     vertex -1.445430e+00  9.085743e+00  9.600000e+01
   endloop
 endfacet
 facet normal  1.706451e-01 -9.853326e-01  0.000000e+00
   outer loop
     vertex -1.694144e+00  9.042670e+00  9.600000e+01
     vertex -1.694144e+00  9.042670e+00  9.280000e+01
     vertex -1.445430e+00  9.085743e+00  9.280000e+01
   endloop
 endfacet
 facet normal  1.976125e-01 -9.802802e-01  8.555684e-20
   outer loop
     vertex -1.941584e+00  8.992789e+00  9.600000e+01
     vertex -1.694144e+00  9.042670e+00  9.280000e+01
     vertex -1.694144e+00  9.042670e+00  9.600000e+01
   endloop
 endfacet
 facet normal  1.976125e-01 -9.802802e-01  0.000000e+00
   outer loop
     vertex -1.941584e+00  8.992789e+00  9.600000e+01
     vertex -1.941584e+00  8.992789e+00  9.280000e+01
     vertex -1.694144e+00  9.042670e+00  9.280000e+01
   endloop
 endfacet
 facet normal  2.244312e-01 -9.744899e-01 -5.123911e-19
   outer loop
     vertex -2.187562e+00  8.936139e+00  9.600000e+01
     vertex -1.941584e+00  8.992789e+00  9.280000e+01
     vertex -1.941584e+00  8.992789e+00  9.600000e+01
   endloop
 endfacet
 facet normal  2.244312e-01 -9.744899e-01  0.000000e+00
   outer loop
     vertex -2.187562e+00  8.936139e+00  9.600000e+01
     vertex -2.187562e+00  8.936139e+00  9.280000e+01
     vertex -1.941584e+00  8.992789e+00  9.280000e+01
   endloop
 endfacet
 facet normal  2.510809e-01 -9.679661e-01  0.000000e+00
   outer loop
     vertex -2.187562e+00  8.936139e+00  9.600000e+01
     vertex -2.431893e+00  8.872762e+00  9.280000e+01
     vertex -2.187562e+00  8.936139e+00  9.280000e+01
   endloop
 endfacet
 facet normal  2.510809e-01 -9.679661e-01  0.000000e+00
   outer loop
     vertex -2.431893e+00  8.872762e+00  9.600000e+01
     vertex -2.431893e+00  8.872762e+00  9.280000e+01
     vertex -2.187562e+00  8.936139e+00  9.600000e+01
   endloop
 endfacet
 facet normal  2.775416e-01 -9.607136e-01  2.934901e-19
   outer loop
     vertex -2.674393e+00  8.802705e+00  9.600000e+01
     vertex -2.431893e+00  8.872762e+00  9.280000e+01
     vertex -2.431893e+00  8.872762e+00  9.600000e+01
   endloop
 endfacet
 facet normal  2.775416e-01 -9.607136e-01  0.000000e+00
   outer loop
     vertex -2.674393e+00  8.802705e+00  9.600000e+01
     vertex -2.674393e+00  8.802705e+00  9.280000e+01
     vertex -2.431893e+00  8.872762e+00  9.280000e+01
   endloop
 endfacet
 facet normal  3.037934e-01 -9.527379e-01  0.000000e+00
   outer loop
     vertex -2.674393e+00  8.802705e+00  9.600000e+01
     vertex -2.914880e+00  8.726023e+00  9.280000e+01
     vertex -2.674393e+00  8.802705e+00  9.280000e+01
   endloop
 endfacet
 facet normal  3.037934e-01 -9.527379e-01  0.000000e+00
   outer loop
     vertex -2.914880e+00  8.726023e+00  9.600000e+01
     vertex -2.914880e+00  8.726023e+00  9.280000e+01
     vertex -2.674393e+00  8.802705e+00  9.600000e+01
   endloop
 endfacet
 facet normal  3.298166e-01 -9.440450e-01 -1.002938e-18
   outer loop
     vertex -3.153173e+00  8.642771e+00  9.600000e+01
     vertex -2.914880e+00  8.726023e+00  9.280000e+01
     vertex -2.914880e+00  8.726023e+00  9.600000e+01
   endloop
 endfacet
 facet normal  3.298166e-01 -9.440450e-01  0.000000e+00
   outer loop
     vertex -3.153173e+00  8.642771e+00  9.600000e+01
     vertex -3.153173e+00  8.642771e+00  9.280000e+01
     vertex -2.914880e+00  8.726023e+00  9.280000e+01
   endloop
 endfacet
 facet normal  3.555914e-01 -9.346415e-01  0.000000e+00
   outer loop
     vertex -3.153173e+00  8.642771e+00  9.600000e+01
     vertex -3.389093e+00  8.553014e+00  9.280000e+01
     vertex -3.153173e+00  8.642771e+00  9.280000e+01
   endloop
 endfacet
 facet normal  3.555914e-01 -9.346415e-01  0.000000e+00
   outer loop
     vertex -3.389093e+00  8.553014e+00  9.600000e+01
     vertex -3.389093e+00  8.553014e+00  9.280000e+01
     vertex -3.153173e+00  8.642771e+00  9.600000e+01
   endloop
 endfacet
 facet normal  3.810986e-01 -9.245344e-01 -1.852913e-18
   outer loop
     vertex -3.622461e+00  8.456818e+00  9.600000e+01
     vertex -3.389093e+00  8.553014e+00  9.280000e+01
     vertex -3.389093e+00  8.553014e+00  9.600000e+01
   endloop
 endfacet
 facet normal  3.810986e-01 -9.245344e-01  0.000000e+00
   outer loop
     vertex -3.622461e+00  8.456818e+00  9.600000e+01
     vertex -3.622461e+00  8.456818e+00  9.280000e+01
     vertex -3.389093e+00  8.553014e+00  9.280000e+01
   endloop
 endfacet
 facet normal  4.063188e-01 -9.137314e-01  0.000000e+00
   outer loop
     vertex -3.853102e+00  8.354257e+00  9.600000e+01
     vertex -3.853102e+00  8.354257e+00  9.280000e+01
     vertex -3.622461e+00  8.456818e+00  9.280000e+01
   endloop
 endfacet
 facet normal  4.063188e-01 -9.137314e-01  2.072704e-18
   outer loop
     vertex -3.853102e+00  8.354257e+00  9.600000e+01
     vertex -3.622461e+00  8.456818e+00  9.280000e+01
     vertex -3.622461e+00  8.456818e+00  9.600000e+01
   endloop
 endfacet
 facet normal  4.312333e-01 -9.022405e-01  0.000000e+00
   outer loop
     vertex -4.080843e+00  8.245406e+00  9.600000e+01
     vertex -4.080843e+00  8.245406e+00  9.280000e+01
     vertex -3.853102e+00  8.354257e+00  9.280000e+01
   endloop
 endfacet
 facet normal  4.312333e-01 -9.022405e-01  3.259398e-19
   outer loop
     vertex -4.080843e+00  8.245406e+00  9.600000e+01
     vertex -3.853102e+00  8.354257e+00  9.280000e+01
     vertex -3.853102e+00  8.354257e+00  9.600000e+01
   endloop
 endfacet
 facet normal  4.558231e-01 -8.900704e-01  0.000000e+00
   outer loop
     vertex -4.305512e+00  8.130348e+00  9.600000e+01
     vertex -4.305512e+00  8.130348e+00  9.280000e+01
     vertex -4.080843e+00  8.245406e+00  9.280000e+01
   endloop
 endfacet
 facet normal  4.800697e-01 -8.772303e-01  0.000000e+00
   outer loop
     vertex -4.305512e+00  8.130348e+00  9.600000e+01
     vertex -4.526940e+00  8.009171e+00  9.280000e+01
     vertex -4.305512e+00  8.130348e+00  9.280000e+01
   endloop
 endfacet
 facet normal  4.558231e-01 -8.900704e-01 -6.149551e-19
   outer loop
     vertex -4.305512e+00  8.130348e+00  9.600000e+01
     vertex -4.080843e+00  8.245406e+00  9.280000e+01
     vertex -4.080843e+00  8.245406e+00  9.600000e+01
   endloop
 endfacet
 facet normal  4.800697e-01 -8.772303e-01  0.000000e+00
   outer loop
     vertex -4.526940e+00  8.009171e+00  9.600000e+01
     vertex -4.526940e+00  8.009171e+00  9.280000e+01
     vertex -4.305512e+00  8.130348e+00  9.600000e+01
   endloop
 endfacet
 facet normal  5.039550e-01 -8.637299e-01  0.000000e+00
   outer loop
     vertex -4.744960e+00  7.881964e+00  9.600000e+01
     vertex -4.744960e+00  7.881964e+00  9.280000e+01
     vertex -4.526940e+00  8.009171e+00  9.280000e+01
   endloop
 endfacet
 facet normal  5.039550e-01 -8.637299e-01 -1.813399e-18
   outer loop
     vertex -4.744960e+00  7.881964e+00  9.600000e+01
     vertex -4.526940e+00  8.009171e+00  9.280000e+01
     vertex -4.526940e+00  8.009171e+00  9.600000e+01
   endloop
 endfacet
 facet normal  5.274609e-01 -8.495793e-01  0.000000e+00
   outer loop
     vertex -4.959408e+00  7.748824e+00  9.600000e+01
     vertex -4.959408e+00  7.748824e+00  9.280000e+01
     vertex -4.744960e+00  7.881964e+00  9.280000e+01
   endloop
 endfacet
 facet normal  5.274609e-01 -8.495793e-01  2.224938e-19
   outer loop
     vertex -4.959408e+00  7.748824e+00  9.600000e+01
     vertex -4.744960e+00  7.881964e+00  9.280000e+01
     vertex -4.744960e+00  7.881964e+00  9.600000e+01
   endloop
 endfacet
 facet normal  5.505698e-01 -8.347891e-01  0.000000e+00
   outer loop
     vertex -5.170123e+00  7.609851e+00  9.600000e+01
     vertex -5.170123e+00  7.609851e+00  9.280000e+01
     vertex -4.959408e+00  7.748824e+00  9.280000e+01
   endloop
 endfacet
 facet normal  5.732642e-01 -8.193706e-01  0.000000e+00
   outer loop
     vertex -5.170123e+00  7.609851e+00  9.600000e+01
     vertex -5.376946e+00  7.465149e+00  9.280000e+01
     vertex -5.170123e+00  7.609851e+00  9.280000e+01
   endloop
 endfacet
 facet normal  5.505698e-01 -8.347891e-01  1.083957e-19
   outer loop
     vertex -5.170123e+00  7.609851e+00  9.600000e+01
     vertex -4.959408e+00  7.748824e+00  9.280000e+01
     vertex -4.959408e+00  7.748824e+00  9.600000e+01
   endloop
 endfacet
 facet normal  5.732642e-01 -8.193706e-01  0.000000e+00
   outer loop
     vertex -5.376946e+00  7.465149e+00  9.600000e+01
     vertex -5.376946e+00  7.465149e+00  9.280000e+01
     vertex -5.170123e+00  7.609851e+00  9.600000e+01
   endloop
 endfacet
 facet normal  5.955271e-01 -8.033352e-01  0.000000e+00
   outer loop
     vertex -5.579722e+00  7.314828e+00  9.600000e+01
     vertex -5.579722e+00  7.314828e+00  9.280000e+01
     vertex -5.376946e+00  7.465149e+00  9.280000e+01
   endloop
 endfacet
 facet normal  5.955271e-01 -8.033352e-01 -1.485866e-18
   outer loop
     vertex -5.579722e+00  7.314828e+00  9.600000e+01
     vertex -5.376946e+00  7.465149e+00  9.280000e+01
     vertex -5.376946e+00  7.465149e+00  9.600000e+01
   endloop
 endfacet
 facet normal  6.173417e-01 -7.866951e-01  0.000000e+00
   outer loop
     vertex -5.778297e+00  7.159000e+00  9.600000e+01
     vertex -5.778297e+00  7.159000e+00  9.280000e+01
     vertex -5.579722e+00  7.314828e+00  9.280000e+01
   endloop
 endfacet
 facet normal  6.173417e-01 -7.866951e-01  1.735763e-18
   outer loop
     vertex -5.778297e+00  7.159000e+00  9.600000e+01
     vertex -5.579722e+00  7.314828e+00  9.280000e+01
     vertex -5.579722e+00  7.314828e+00  9.600000e+01
   endloop
 endfacet
 facet normal  6.386916e-01 -7.694628e-01  0.000000e+00
   outer loop
     vertex -5.972522e+00  6.997784e+00  9.600000e+01
     vertex -5.972522e+00  6.997784e+00  9.280000e+01
     vertex -5.778297e+00  7.159000e+00  9.280000e+01
   endloop
 endfacet
 facet normal  6.595607e-01 -7.516513e-01  0.000000e+00
   outer loop
     vertex -5.972522e+00  6.997784e+00  9.600000e+01
     vertex -6.162252e+00  6.831299e+00  9.280000e+01
     vertex -5.972522e+00  6.997784e+00  9.280000e+01
   endloop
 endfacet
 facet normal  6.386916e-01 -7.694628e-01 -2.101981e-18
   outer loop
     vertex -5.972522e+00  6.997784e+00  9.600000e+01
     vertex -5.778297e+00  7.159000e+00  9.280000e+01
     vertex -5.778297e+00  7.159000e+00  9.600000e+01
   endloop
 endfacet
 facet normal  6.595607e-01 -7.516513e-01  0.000000e+00
   outer loop
     vertex -6.162252e+00  6.831299e+00  9.600000e+01
     vertex -6.162252e+00  6.831299e+00  9.280000e+01
     vertex -5.972522e+00  6.997784e+00  9.600000e+01
   endloop
 endfacet
 facet normal  6.799333e-01 -7.332740e-01  0.000000e+00
   outer loop
     vertex -6.347343e+00  6.659673e+00  9.600000e+01
     vertex -6.347343e+00  6.659673e+00  9.280000e+01
     vertex -6.162252e+00  6.831299e+00  9.280000e+01
   endloop
 endfacet
 facet normal  6.997940e-01 -7.143447e-01  0.000000e+00
   outer loop
     vertex -6.347343e+00  6.659673e+00  9.600000e+01
     vertex -6.527656e+00  6.483033e+00  9.280000e+01
     vertex -6.347343e+00  6.659673e+00  9.280000e+01
   endloop
 endfacet
 facet normal  6.799333e-01 -7.332740e-01  3.143094e-18
   outer loop
     vertex -6.347343e+00  6.659673e+00  9.600000e+01
     vertex -6.162252e+00  6.831299e+00  9.280000e+01
     vertex -6.162252e+00  6.831299e+00  9.600000e+01
   endloop
 endfacet
 facet normal  6.997940e-01 -7.143447e-01  0.000000e+00
   outer loop
     vertex -6.527656e+00  6.483033e+00  9.600000e+01
     vertex -6.527656e+00  6.483033e+00  9.280000e+01
     vertex -6.347343e+00  6.659673e+00  9.600000e+01
   endloop
 endfacet
 facet normal  7.191280e-01 -6.948776e-01 -3.218786e-18
   outer loop
     vertex -6.703054e+00  6.301513e+00  9.600000e+01
     vertex -6.527656e+00  6.483033e+00  9.280000e+01
     vertex -6.527656e+00  6.483033e+00  9.600000e+01
   endloop
 endfacet
 facet normal  7.191280e-01 -6.948776e-01  0.000000e+00
   outer loop
     vertex -6.703054e+00  6.301513e+00  9.600000e+01
     vertex -6.703054e+00  6.301513e+00  9.280000e+01
     vertex -6.527656e+00  6.483033e+00  9.280000e+01
   endloop
 endfacet
 facet normal  7.379206e-01 -6.748875e-01  0.000000e+00
   outer loop
     vertex -6.703054e+00  6.301513e+00  9.600000e+01
     vertex -6.873408e+00  6.115249e+00  9.280000e+01
     vertex -6.703054e+00  6.301513e+00  9.280000e+01
   endloop
 endfacet
 facet normal  7.379206e-01 -6.748875e-01  0.000000e+00
   outer loop
     vertex -6.873408e+00  6.115249e+00  9.600000e+01
     vertex -6.873408e+00  6.115249e+00  9.280000e+01
     vertex -6.703054e+00  6.301513e+00  9.600000e+01
   endloop
 endfacet
 facet normal  7.561578e-01 -6.543893e-01  3.349767e-18
   outer loop
     vertex -7.038586e+00  5.924382e+00  9.600000e+01
     vertex -6.873408e+00  6.115249e+00  9.280000e+01
     vertex -6.873408e+00  6.115249e+00  9.600000e+01
   endloop
 endfacet
 facet normal  7.561578e-01 -6.543893e-01  0.000000e+00
   outer loop
     vertex -7.038586e+00  5.924382e+00  9.600000e+01
     vertex -7.038586e+00  5.924382e+00  9.280000e+01
     vertex -6.873408e+00  6.115249e+00  9.280000e+01
   endloop
 endfacet
 facet normal  7.738257e-01 -6.333986e-01  0.000000e+00
   outer loop
     vertex -7.038586e+00  5.924382e+00  9.600000e+01
     vertex -7.198467e+00  5.729055e+00  9.280000e+01
     vertex -7.038586e+00  5.924382e+00  9.280000e+01
   endloop
 endfacet
 facet normal  7.909112e-01 -6.119310e-01  0.000000e+00
   outer loop
     vertex -7.198467e+00  5.729055e+00  9.600000e+01
     vertex -7.352929e+00  5.529416e+00  9.280000e+01
     vertex -7.198467e+00  5.729055e+00  9.280000e+01
   endloop
 endfacet
 facet normal  7.738257e-01 -6.333986e-01  0.000000e+00
   outer loop
     vertex -7.198467e+00  5.729055e+00  9.600000e+01
     vertex -7.198467e+00  5.729055e+00  9.280000e+01
     vertex -7.038586e+00  5.924382e+00  9.600000e+01
   endloop
 endfacet
 facet normal  7.909112e-01 -6.119310e-01  0.000000e+00
   outer loop
     vertex -7.352929e+00  5.529416e+00  9.600000e+01
     vertex -7.352929e+00  5.529416e+00  9.280000e+01
     vertex -7.198467e+00  5.729055e+00  9.600000e+01
   endloop
 endfacet
 facet normal  8.074012e-01 -5.900028e-01  0.000000e+00
   outer loop
     vertex -7.501856e+00  5.325614e+00  9.600000e+01
     vertex -7.501856e+00  5.325614e+00  9.280000e+01
     vertex -7.352929e+00  5.529416e+00  9.280000e+01
   endloop
 endfacet
 facet normal  8.074012e-01 -5.900028e-01  1.999772e-18
   outer loop
     vertex -7.501856e+00  5.325614e+00  9.600000e+01
     vertex -7.352929e+00  5.529416e+00  9.280000e+01
     vertex -7.352929e+00  5.529416e+00  9.600000e+01
   endloop
 endfacet
 facet normal  8.232835e-01 -5.676304e-01  0.000000e+00
   outer loop
     vertex -7.645135e+00  5.117803e+00  9.600000e+01
     vertex -7.645135e+00  5.117803e+00  9.280000e+01
     vertex -7.501856e+00  5.325614e+00  9.280000e+01
   endloop
 endfacet
 facet normal  8.232835e-01 -5.676304e-01  1.208834e-18
   outer loop
     vertex -7.645135e+00  5.117803e+00  9.600000e+01
     vertex -7.501856e+00  5.325614e+00  9.280000e+01
     vertex -7.501856e+00  5.325614e+00  9.600000e+01
   endloop
 endfacet
 facet normal  8.385460e-01 -5.448308e-01  0.000000e+00
   outer loop
     vertex -7.782660e+00  4.906140e+00  9.600000e+01
     vertex -7.782660e+00  4.906140e+00  9.280000e+01
     vertex -7.645135e+00  5.117803e+00  9.280000e+01
   endloop
 endfacet
 facet normal  8.385460e-01 -5.448308e-01 -8.247354e-19
   outer loop
     vertex -7.782660e+00  4.906140e+00  9.600000e+01
     vertex -7.645135e+00  5.117803e+00  9.280000e+01
     vertex -7.645135e+00  5.117803e+00  9.600000e+01
   endloop
 endfacet
 facet normal  8.531773e-01 -5.216210e-01  0.000000e+00
   outer loop
     vertex -7.914326e+00  4.690783e+00  9.600000e+01
     vertex -7.914326e+00  4.690783e+00  9.280000e+01
     vertex -7.782660e+00  4.906140e+00  9.280000e+01
   endloop
 endfacet
 facet normal  8.671664e-01 -4.980186e-01  0.000000e+00
   outer loop
     vertex -7.914326e+00  4.690783e+00  9.600000e+01
     vertex -8.040034e+00  4.471896e+00  9.280000e+01
     vertex -7.914326e+00  4.690783e+00  9.280000e+01
   endloop
 endfacet
 facet normal  8.531773e-01 -5.216210e-01 -4.648460e-19
   outer loop
     vertex -7.914326e+00  4.690783e+00  9.600000e+01
     vertex -7.782660e+00  4.906140e+00  9.280000e+01
     vertex -7.782660e+00  4.906140e+00  9.600000e+01
   endloop
 endfacet
 facet normal  8.671664e-01 -4.980186e-01  0.000000e+00
   outer loop
     vertex -8.040034e+00  4.471896e+00  9.600000e+01
     vertex -8.040034e+00  4.471896e+00  9.280000e+01
     vertex -7.914326e+00  4.690783e+00  9.600000e+01
   endloop
 endfacet
 facet normal  8.805026e-01 -4.740412e-01  0.000000e+00
   outer loop
     vertex -8.159690e+00  4.249642e+00  9.600000e+01
     vertex -8.159690e+00  4.249642e+00  9.280000e+01
     vertex -8.040034e+00  4.471896e+00  9.280000e+01
   endloop
 endfacet
 facet normal  8.931761e-01 -4.497071e-01  0.000000e+00
   outer loop
     vertex -8.159690e+00  4.249642e+00  9.600000e+01
     vertex -8.273204e+00  4.024189e+00  9.280000e+01
     vertex -8.159690e+00  4.249642e+00  9.280000e+01
   endloop
 endfacet
 facet normal  8.805026e-01 -4.740412e-01  1.965346e-18
   outer loop
     vertex -8.159690e+00  4.249642e+00  9.600000e+01
     vertex -8.040034e+00  4.471896e+00  9.280000e+01
     vertex -8.040034e+00  4.471896e+00  9.600000e+01
   endloop
 endfacet
 facet normal  8.931761e-01 -4.497071e-01  0.000000e+00
   outer loop
     vertex -8.273204e+00  4.024189e+00  9.600000e+01
     vertex -8.273204e+00  4.024189e+00  9.280000e+01
     vertex -8.159690e+00  4.249642e+00  9.600000e+01
   endloop
 endfacet
 facet normal  9.051772e-01 -4.250344e-01  0.000000e+00
   outer loop
     vertex -8.380490e+00  3.795707e+00  9.600000e+01
     vertex -8.380490e+00  3.795707e+00  9.280000e+01
     vertex -8.273204e+00  4.024189e+00  9.280000e+01
   endloop
 endfacet
 facet normal  9.051772e-01 -4.250344e-01 -2.412406e-19
   outer loop
     vertex -8.380490e+00  3.795707e+00  9.600000e+01
     vertex -8.273204e+00  4.024189e+00  9.280000e+01
     vertex -8.273204e+00  4.024189e+00  9.600000e+01
   endloop
 endfacet
 facet normal  9.164969e-01 -4.000417e-01  0.000000e+00
   outer loop
     vertex -8.481467e+00  3.564368e+00  9.600000e+01
     vertex -8.481467e+00  3.564368e+00  9.280000e+01
     vertex -8.380490e+00  3.795707e+00  9.280000e+01
   endloop
 endfacet
 facet normal  9.271267e-01 -3.747479e-01  0.000000e+00
   outer loop
     vertex -8.481467e+00  3.564368e+00  9.600000e+01
     vertex -8.576060e+00  3.330345e+00  9.280000e+01
     vertex -8.481467e+00  3.564368e+00  9.280000e+01
   endloop
 endfacet
 facet normal  9.164969e-01 -4.000417e-01 -3.211755e-20
   outer loop
     vertex -8.481467e+00  3.564368e+00  9.600000e+01
     vertex -8.380490e+00  3.795707e+00  9.280000e+01
     vertex -8.380490e+00  3.795707e+00  9.600000e+01
   endloop
 endfacet
 facet normal  9.370586e-01 -3.491720e-01  0.000000e+00
   outer loop
     vertex -8.576060e+00  3.330345e+00  9.600000e+01
     vertex -8.664197e+00  3.093816e+00  9.280000e+01
     vertex -8.576060e+00  3.330345e+00  9.280000e+01
   endloop
 endfacet
 facet normal  9.271267e-01 -3.747479e-01  0.000000e+00
   outer loop
     vertex -8.576060e+00  3.330345e+00  9.600000e+01
     vertex -8.576060e+00  3.330345e+00  9.280000e+01
     vertex -8.481467e+00  3.564368e+00  9.600000e+01
   endloop
 endfacet
 facet normal  9.370586e-01 -3.491720e-01  0.000000e+00
   outer loop
     vertex -8.664197e+00  3.093816e+00  9.600000e+01
     vertex -8.664197e+00  3.093816e+00  9.280000e+01
     vertex -8.576060e+00  3.330345e+00  9.600000e+01
   endloop
 endfacet
 facet normal  9.462851e-01 -3.233333e-01  0.000000e+00
   outer loop
     vertex -8.745812e+00  2.854957e+00  9.600000e+01
     vertex -8.745812e+00  2.854957e+00  9.280000e+01
     vertex -8.664197e+00  3.093816e+00  9.280000e+01
   endloop
 endfacet
 facet normal  9.462851e-01 -3.233333e-01 -1.472238e-18
   outer loop
     vertex -8.745812e+00  2.854957e+00  9.600000e+01
     vertex -8.664197e+00  3.093816e+00  9.280000e+01
     vertex -8.664197e+00  3.093816e+00  9.600000e+01
   endloop
 endfacet
 facet normal  9.547993e-01 -2.972512e-01  0.000000e+00
   outer loop
     vertex -8.820843e+00  2.613950e+00  9.600000e+01
     vertex -8.820843e+00  2.613950e+00  9.280000e+01
     vertex -8.745812e+00  2.854957e+00  9.280000e+01
   endloop
 endfacet
 facet normal  9.547993e-01 -2.972512e-01 -4.658103e-19
   outer loop
     vertex -8.820843e+00  2.613950e+00  9.600000e+01
     vertex -8.745812e+00  2.854957e+00  9.280000e+01
     vertex -8.745812e+00  2.854957e+00  9.600000e+01
   endloop
 endfacet
 facet normal  9.625948e-01 -2.709453e-01  0.000000e+00
   outer loop
     vertex -8.889234e+00  2.370974e+00  9.600000e+01
     vertex -8.889234e+00  2.370974e+00  9.280000e+01
     vertex -8.820843e+00  2.613950e+00  9.280000e+01
   endloop
 endfacet
 facet normal  9.625948e-01 -2.709453e-01  3.558906e-19
   outer loop
     vertex -8.889234e+00  2.370974e+00  9.600000e+01
     vertex -8.820843e+00  2.613950e+00  9.280000e+01
     vertex -8.820843e+00  2.613950e+00  9.600000e+01
   endloop
 endfacet
 facet normal  9.696656e-01 -2.444354e-01  0.000000e+00
   outer loop
     vertex -8.950934e+00  2.126214e+00  9.600000e+01
     vertex -8.950934e+00  2.126214e+00  9.280000e+01
     vertex -8.889234e+00  2.370974e+00  9.280000e+01
   endloop
 endfacet
 facet normal  9.696656e-01 -2.444354e-01 -3.333840e-19
   outer loop
     vertex -8.950934e+00  2.126214e+00  9.600000e+01
     vertex -8.889234e+00  2.370974e+00  9.280000e+01
     vertex -8.889234e+00  2.370974e+00  9.600000e+01
   endloop
 endfacet
 facet normal  9.760065e-01 -2.177416e-01  0.000000e+00
   outer loop
     vertex -9.005895e+00  1.879854e+00  9.600000e+01
     vertex -9.005895e+00  1.879854e+00  9.280000e+01
     vertex -8.950934e+00  2.126214e+00  9.280000e+01
   endloop
 endfacet
 facet normal  9.760065e-01 -2.177416e-01  6.266385e-19
   outer loop
     vertex -9.005895e+00  1.879854e+00  9.600000e+01
     vertex -8.950934e+00  2.126214e+00  9.280000e+01
     vertex -8.950934e+00  2.126214e+00  9.600000e+01
   endloop
 endfacet
 facet normal  9.816126e-01 -1.908838e-01  0.000000e+00
   outer loop
     vertex -9.054078e+00  1.632078e+00  9.600000e+01
     vertex -9.054078e+00  1.632078e+00  9.280000e+01
     vertex -9.005895e+00  1.879854e+00  9.280000e+01
   endloop
 endfacet
 facet normal  9.816126e-01 -1.908838e-01  1.891921e-19
   outer loop
     vertex -9.054078e+00  1.632078e+00  9.600000e+01
     vertex -9.005895e+00  1.879854e+00  9.280000e+01
     vertex -9.005895e+00  1.879854e+00  9.600000e+01
   endloop
 endfacet
 facet normal  9.864799e-01 -1.638824e-01  0.000000e+00
   outer loop
     vertex -9.095444e+00  1.383074e+00  9.600000e+01
     vertex -9.095444e+00  1.383074e+00  9.280000e+01
     vertex -9.054078e+00  1.632078e+00  9.280000e+01
   endloop
 endfacet
 facet normal  9.864799e-01 -1.638824e-01  9.329876e-19
   outer loop
     vertex -9.095444e+00  1.383074e+00  9.600000e+01
     vertex -9.054078e+00  1.632078e+00  9.280000e+01
     vertex -9.054078e+00  1.632078e+00  9.600000e+01
   endloop
 endfacet
 facet normal  9.906046e-01 -1.367575e-01  0.000000e+00
   outer loop
     vertex -9.129964e+00  1.133028e+00  9.600000e+01
     vertex -9.129964e+00  1.133028e+00  9.280000e+01
     vertex -9.095444e+00  1.383074e+00  9.280000e+01
   endloop
 endfacet
 facet normal  9.939835e-01 -1.095298e-01  0.000000e+00
   outer loop
     vertex -9.129964e+00  1.133028e+00  9.600000e+01
     vertex -9.157611e+00  8.821299e-01  9.280000e+01
     vertex -9.129964e+00  1.133028e+00  9.280000e+01
   endloop
 endfacet
 facet normal  9.906046e-01 -1.367575e-01 -7.109850e-19
   outer loop
     vertex -9.129964e+00  1.133028e+00  9.600000e+01
     vertex -9.095444e+00  1.383074e+00  9.280000e+01
     vertex -9.095444e+00  1.383074e+00  9.600000e+01
   endloop
 endfacet
 facet normal  9.939835e-01 -1.095298e-01  0.000000e+00
   outer loop
     vertex -9.157611e+00  8.821299e-01  9.600000e+01
     vertex -9.157611e+00  8.821299e-01  9.280000e+01
     vertex -9.129964e+00  1.133028e+00  9.600000e+01
   endloop
 endfacet
 facet normal  9.966142e-01 -8.221955e-02 -4.150345e-19
   outer loop
     vertex -9.178365e+00  6.305675e-01  9.600000e+01
     vertex -9.157611e+00  8.821299e-01  9.280000e+01
     vertex -9.157611e+00  8.821299e-01  9.600000e+01
   endloop
 endfacet
 facet normal  9.966142e-01 -8.221955e-02  0.000000e+00
   outer loop
     vertex -9.178365e+00  6.305675e-01  9.600000e+01
     vertex -9.178365e+00  6.305675e-01  9.280000e+01
     vertex -9.157611e+00  8.821299e-01  9.280000e+01
   endloop
 endfacet
 facet normal  9.984947e-01 -5.484744e-02  1.505114e-19
   outer loop
     vertex -9.192209e+00  3.785305e-01  9.600000e+01
     vertex -9.178365e+00  6.305675e-01  9.280000e+01
     vertex -9.178365e+00  6.305675e-01  9.600000e+01
   endloop
 endfacet
 facet normal  9.984947e-01 -5.484744e-02  0.000000e+00
   outer loop
     vertex -9.192209e+00  3.785305e-01  9.600000e+01
     vertex -9.192209e+00  3.785305e-01  9.280000e+01
     vertex -9.178365e+00  6.305675e-01  9.280000e+01
   endloop
 endfacet
 facet normal  9.996236e-01 -2.743405e-02  2.518736e-20
   outer loop
     vertex -9.199134e+00  1.262085e-01  9.600000e+01
     vertex -9.192209e+00  3.785305e-01  9.280000e+01
     vertex -9.192209e+00  3.785305e-01  9.600000e+01
   endloop
 endfacet
 facet normal  9.996236e-01 -2.743405e-02  0.000000e+00
   outer loop
     vertex -9.199134e+00  1.262085e-01  9.600000e+01
     vertex -9.199134e+00  1.262085e-01  9.280000e+01
     vertex -9.192209e+00  3.785305e-01  9.280000e+01
   endloop
 endfacet
 facet normal  1.000000e+00  0.000000e+00  0.000000e+00
   outer loop
     vertex -9.199134e+00  1.262085e-01  9.600000e+01
     vertex -9.199134e+00 -1.262085e-01  9.280000e+01
     vertex -9.199134e+00  1.262085e-01  9.280000e+01
   endloop
 endfacet
 facet normal  1.000000e+00 -0.000000e+00  0.000000e+00
   outer loop
     vertex -9.199134e+00 -1.262085e-01  9.600000e+01
     vertex -9.199134e+00 -1.262085e-01  9.280000e+01
     vertex -9.199134e+00  1.262085e-01  9.600000e+01
   endloop
 endfacet
 facet normal  9.996236e-01  2.743405e-02 -3.685335e-20
   outer loop
     vertex -9.192209e+00 -3.785305e-01  9.600000e+01
     vertex -9.199134e+00 -1.262085e-01  9.280000e+01
     vertex -9.199134e+00 -1.262085e-01  9.600000e+01
   endloop
 endfacet
 facet normal  9.996236e-01  2.743405e-02  0.000000e+00
   outer loop
     vertex -9.192209e+00 -3.785305e-01  9.600000e+01
     vertex -9.192209e+00 -3.785305e-01  9.280000e+01
     vertex -9.199134e+00 -1.262085e-01  9.280000e+01
   endloop
 endfacet
 facet normal  9.984947e-01  5.484744e-02 -4.288902e-20
   outer loop
     vertex -9.178365e+00 -6.305675e-01  9.600000e+01
     vertex -9.192209e+00 -3.785305e-01  9.280000e+01
     vertex -9.192209e+00 -3.785305e-01  9.600000e+01
   endloop
 endfacet
 facet normal  9.984947e-01  5.484744e-02  0.000000e+00
   outer loop
     vertex -9.178365e+00 -6.305675e-01  9.600000e+01
     vertex -9.178365e+00 -6.305675e-01  9.280000e+01
     vertex -9.192209e+00 -3.785305e-01  9.280000e+01
   endloop
 endfacet
 facet normal  9.966142e-01  8.221955e-02  0.000000e+00
   outer loop
     vertex -9.178365e+00 -6.305675e-01  9.600000e+01
     vertex -9.157611e+00 -8.821299e-01  9.280000e+01
     vertex -9.178365e+00 -6.305675e-01  9.280000e+01
   endloop
 endfacet
 facet normal  9.966142e-01  8.221955e-02  0.000000e+00
   outer loop
     vertex -9.157611e+00 -8.821299e-01  9.600000e+01
     vertex -9.157611e+00 -8.821299e-01  9.280000e+01
     vertex -9.178365e+00 -6.305675e-01  9.600000e+01
   endloop
 endfacet
 facet normal  9.939835e-01  1.095298e-01  0.000000e+00
   outer loop
     vertex -9.157611e+00 -8.821299e-01  9.600000e+01
     vertex -9.129964e+00 -1.133028e+00  9.280000e+01
     vertex -9.157611e+00 -8.821299e-01  9.280000e+01
   endloop
 endfacet
 facet normal  9.939835e-01  1.095298e-01  0.000000e+00
   outer loop
     vertex -9.129964e+00 -1.133028e+00  9.600000e+01
     vertex -9.129964e+00 -1.133028e+00  9.280000e+01
     vertex -9.157611e+00 -8.821299e-01  9.600000e+01
   endloop
 endfacet
 facet normal  9.906046e-01  1.367575e-01  0.000000e+00
   outer loop
     vertex -9.129964e+00 -1.133028e+00  9.600000e+01
     vertex -9.095444e+00 -1.383074e+00  9.280000e+01
     vertex -9.129964e+00 -1.133028e+00  9.280000e+01
   endloop
 endfacet
 facet normal  9.906046e-01  1.367575e-01  0.000000e+00
   outer loop
     vertex -9.095444e+00 -1.383074e+00  9.600000e+01
     vertex -9.095444e+00 -1.383074e+00  9.280000e+01
     vertex -9.129964e+00 -1.133028e+00  9.600000e+01
   endloop
 endfacet
 facet normal  9.864799e-01  1.638824e-01  0.000000e+00
   outer loop
     vertex -9.095444e+00 -1.383074e+00  9.600000e+01
     vertex -9.054078e+00 -1.632078e+00  9.280000e+01
     vertex -9.095444e+00 -1.383074e+00  9.280000e+01
   endloop
 endfacet
 facet normal  9.864799e-01  1.638824e-01  0.000000e+00
   outer loop
     vertex -9.054078e+00 -1.632078e+00  9.600000e+01
     vertex -9.054078e+00 -1.632078e+00  9.280000e+01
     vertex -9.095444e+00 -1.383074e+00  9.600000e+01
   endloop
 endfacet
 facet normal  9.816126e-01  1.908838e-01  5.295660e-19
   outer loop
     vertex -9.005895e+00 -1.879854e+00  9.600000e+01
     vertex -9.054078e+00 -1.632078e+00  9.280000e+01
     vertex -9.054078e+00 -1.632078e+00  9.600000e+01
   endloop
 endfacet
 facet normal  9.816126e-01  1.908838e-01  0.000000e+00
   outer loop
     vertex -9.005895e+00 -1.879854e+00  9.600000e+01
     vertex -9.005895e+00 -1.879854e+00  9.280000e+01
     vertex -9.054078e+00 -1.632078e+00  9.280000e+01
   endloop
 endfacet
 facet normal  9.760065e-01  2.177416e-01  0.000000e+00
   outer loop
     vertex -8.950934e+00 -2.126214e+00  9.600000e+01
     vertex -8.950934e+00 -2.126214e+00  9.280000e+01
     vertex -9.005895e+00 -1.879854e+00  9.280000e+01
   endloop
 endfacet
 facet normal  9.760065e-01  2.177416e-01  4.979643e-19
   outer loop
     vertex -8.950934e+00 -2.126214e+00  9.600000e+01
     vertex -9.005895e+00 -1.879854e+00  9.280000e+01
     vertex -9.005895e+00 -1.879854e+00  9.600000e+01
   endloop
 endfacet
 facet normal  9.696656e-01  2.444354e-01  0.000000e+00
   outer loop
     vertex -8.889234e+00 -2.370974e+00  9.600000e+01
     vertex -8.889234e+00 -2.370974e+00  9.280000e+01
     vertex -8.950934e+00 -2.126214e+00  9.280000e+01
   endloop
 endfacet
 facet normal  9.696656e-01  2.444354e-01 -1.066423e-19
   outer loop
     vertex -8.889234e+00 -2.370974e+00  9.600000e+01
     vertex -8.950934e+00 -2.126214e+00  9.280000e+01
     vertex -8.950934e+00 -2.126214e+00  9.600000e+01
   endloop
 endfacet
 facet normal  9.625948e-01  2.709453e-01 -5.818564e-19
   outer loop
     vertex -8.820843e+00 -2.613950e+00  9.600000e+01
     vertex -8.889234e+00 -2.370974e+00  9.280000e+01
     vertex -8.889234e+00 -2.370974e+00  9.600000e+01
   endloop
 endfacet
 facet normal  9.625948e-01  2.709453e-01  0.000000e+00
   outer loop
     vertex -8.820843e+00 -2.613950e+00  9.600000e+01
     vertex -8.820843e+00 -2.613950e+00  9.280000e+01
     vertex -8.889234e+00 -2.370974e+00  9.280000e+01
   endloop
 endfacet
 facet normal  9.547993e-01  2.972512e-01  0.000000e+00
   outer loop
     vertex -8.745812e+00 -2.854957e+00  9.600000e+01
     vertex -8.745812e+00 -2.854957e+00  9.280000e+01
     vertex -8.820843e+00 -2.613950e+00  9.280000e+01
   endloop
 endfacet
 facet normal  9.547993e-01  2.972512e-01 -3.411838e-19
   outer loop
     vertex -8.745812e+00 -2.854957e+00  9.600000e+01
     vertex -8.820843e+00 -2.613950e+00  9.280000e+01
     vertex -8.820843e+00 -2.613950e+00  9.600000e+01
   endloop
 endfacet
 facet normal  9.462851e-01  3.233333e-01  0.000000e+00
   outer loop
     vertex -8.664197e+00 -3.093816e+00  9.600000e+01
     vertex -8.664197e+00 -3.093816e+00  9.280000e+01
     vertex -8.745812e+00 -2.854957e+00  9.280000e+01
   endloop
 endfacet
 facet normal  9.462851e-01  3.233333e-01 -2.550406e-19
   outer loop
     vertex -8.664197e+00 -3.093816e+00  9.600000e+01
     vertex -8.745812e+00 -2.854957e+00  9.280000e+01
     vertex -8.745812e+00 -2.854957e+00  9.600000e+01
   endloop
 endfacet
 facet normal  9.370586e-01  3.491720e-01  0.000000e+00
   outer loop
     vertex -8.576060e+00 -3.330345e+00  9.600000e+01
     vertex -8.576060e+00 -3.330345e+00  9.280000e+01
     vertex -8.664197e+00 -3.093816e+00  9.280000e+01
   endloop
 endfacet
 facet normal  9.370586e-01  3.491720e-01  1.420469e-18
   outer loop
     vertex -8.576060e+00 -3.330345e+00  9.600000e+01
     vertex -8.664197e+00 -3.093816e+00  9.280000e+01
     vertex -8.664197e+00 -3.093816e+00  9.600000e+01
   endloop
 endfacet
 facet normal  9.271267e-01  3.747479e-01  0.000000e+00
   outer loop
     vertex -8.481467e+00 -3.564368e+00  9.600000e+01
     vertex -8.481467e+00 -3.564368e+00  9.280000e+01
     vertex -8.576060e+00 -3.330345e+00  9.280000e+01
   endloop
 endfacet
 facet normal  9.271267e-01  3.747479e-01  1.896956e-18
   outer loop
     vertex -8.481467e+00 -3.564368e+00  9.600000e+01
     vertex -8.576060e+00 -3.330345e+00  9.280000e+01
     vertex -8.576060e+00 -3.330345e+00  9.600000e+01
   endloop
 endfacet
 facet normal  9.164969e-01  4.000417e-01  0.000000e+00
   outer loop
     vertex -8.380490e+00 -3.795707e+00  9.600000e+01
     vertex -8.380490e+00 -3.795707e+00  9.280000e+01
     vertex -8.481467e+00 -3.564368e+00  9.280000e+01
   endloop
 endfacet
 facet normal  9.051772e-01  4.250344e-01  0.000000e+00
   outer loop
     vertex -8.380490e+00 -3.795707e+00  9.600000e+01
     vertex -8.273204e+00 -4.024189e+00  9.280000e+01
     vertex -8.380490e+00 -3.795707e+00  9.280000e+01
   endloop
 endfacet
 facet normal  9.164969e-01  4.000417e-01  1.762284e-19
   outer loop
     vertex -8.380490e+00 -3.795707e+00  9.600000e+01
     vertex -8.481467e+00 -3.564368e+00  9.280000e+01
     vertex -8.481467e+00 -3.564368e+00  9.600000e+01
   endloop
 endfacet
 facet normal  9.051772e-01  4.250344e-01  0.000000e+00
   outer loop
     vertex -8.273204e+00 -4.024189e+00  9.600000e+01
     vertex -8.273204e+00 -4.024189e+00  9.280000e+01
     vertex -8.380490e+00 -3.795707e+00  9.600000e+01
   endloop
 endfacet
 facet normal  8.931761e-01  4.497071e-01  0.000000e+00
   outer loop
     vertex -8.159690e+00 -4.249642e+00  9.600000e+01
     vertex -8.159690e+00 -4.249642e+00  9.280000e+01
     vertex -8.273204e+00 -4.024189e+00  9.280000e+01
   endloop
 endfacet
 facet normal  8.931761e-01  4.497071e-01 -2.073086e-18
   outer loop
     vertex -8.159690e+00 -4.249642e+00  9.600000e+01
     vertex -8.273204e+00 -4.024189e+00  9.280000e+01
     vertex -8.273204e+00 -4.024189e+00  9.600000e+01
   endloop
 endfacet
 facet normal  8.805026e-01  4.740412e-01  0.000000e+00
   outer loop
     vertex -8.040034e+00 -4.471896e+00  9.600000e+01
     vertex -8.040034e+00 -4.471896e+00  9.280000e+01
     vertex -8.159690e+00 -4.249642e+00  9.280000e+01
   endloop
 endfacet
 facet normal  8.805026e-01  4.740412e-01  7.490671e-19
   outer loop
     vertex -8.040034e+00 -4.471896e+00  9.600000e+01
     vertex -8.159690e+00 -4.249642e+00  9.280000e+01
     vertex -8.159690e+00 -4.249642e+00  9.600000e+01
   endloop
 endfacet
 facet normal  8.671664e-01  4.980186e-01  0.000000e+00
   outer loop
     vertex -7.914326e+00 -4.690783e+00  9.600000e+01
     vertex -7.914326e+00 -4.690783e+00  9.280000e+01
     vertex -8.040034e+00 -4.471896e+00  9.280000e+01
   endloop
 endfacet
 facet normal  8.671664e-01  4.980186e-01 -1.489754e-18
   outer loop
     vertex -7.914326e+00 -4.690783e+00  9.600000e+01
     vertex -8.040034e+00 -4.471896e+00  9.280000e+01
     vertex -8.040034e+00 -4.471896e+00  9.600000e+01
   endloop
 endfacet
 facet normal  8.531773e-01  5.216210e-01  0.000000e+00
   outer loop
     vertex -7.782660e+00 -4.906140e+00  9.600000e+01
     vertex -7.782660e+00 -4.906140e+00  9.280000e+01
     vertex -7.914326e+00 -4.690783e+00  9.280000e+01
   endloop
 endfacet
 facet normal  8.531773e-01  5.216210e-01  1.111246e-18
   outer loop
     vertex -7.782660e+00 -4.906140e+00  9.600000e+01
     vertex -7.914326e+00 -4.690783e+00  9.280000e+01
     vertex -7.914326e+00 -4.690783e+00  9.600000e+01
   endloop
 endfacet
 facet normal  8.385460e-01  5.448308e-01  0.000000e+00
   outer loop
     vertex -7.645135e+00 -5.117803e+00  9.600000e+01
     vertex -7.645135e+00 -5.117803e+00  9.280000e+01
     vertex -7.782660e+00 -4.906140e+00  9.280000e+01
   endloop
 endfacet
 facet normal  8.232835e-01  5.676304e-01  0.000000e+00
   outer loop
     vertex -7.645135e+00 -5.117803e+00  9.600000e+01
     vertex -7.501856e+00 -5.325614e+00  9.280000e+01
     vertex -7.645135e+00 -5.117803e+00  9.280000e+01
   endloop
 endfacet
 facet normal  8.385460e-01  5.448308e-01  1.710784e-18
   outer loop
     vertex -7.645135e+00 -5.117803e+00  9.600000e+01
     vertex -7.782660e+00 -4.906140e+00  9.280000e+01
     vertex -7.782660e+00 -4.906140e+00  9.600000e+01
   endloop
 endfacet
 facet normal  8.232835e-01  5.676304e-01  0.000000e+00
   outer loop
     vertex -7.501856e+00 -5.325614e+00  9.600000e+01
     vertex -7.501856e+00 -5.325614e+00  9.280000e+01
     vertex -7.645135e+00 -5.117803e+00  9.600000e+01
   endloop
 endfacet
 facet normal  8.074012e-01  5.900028e-01  0.000000e+00
   outer loop
     vertex -7.501856e+00 -5.325614e+00  9.600000e+01
     vertex -7.352929e+00 -5.529416e+00  9.280000e+01
     vertex -7.501856e+00 -5.325614e+00  9.280000e+01
   endloop
 endfacet
 facet normal  8.074012e-01  5.900028e-01  0.000000e+00
   outer loop
     vertex -7.352929e+00 -5.529416e+00  9.600000e+01
     vertex -7.352929e+00 -5.529416e+00  9.280000e+01
     vertex -7.501856e+00 -5.325614e+00  9.600000e+01
   endloop
 endfacet
 facet normal  7.909112e-01  6.119310e-01 -1.653629e-18
   outer loop
     vertex -7.198467e+00 -5.729055e+00  9.600000e+01
     vertex -7.352929e+00 -5.529416e+00  9.280000e+01
     vertex -7.352929e+00 -5.529416e+00  9.600000e+01
   endloop
 endfacet
 facet normal  7.909112e-01  6.119310e-01  0.000000e+00
   outer loop
     vertex -7.198467e+00 -5.729055e+00  9.600000e+01
     vertex -7.198467e+00 -5.729055e+00  9.280000e+01
     vertex -7.352929e+00 -5.529416e+00  9.280000e+01
   endloop
 endfacet
 facet normal  7.738257e-01  6.333986e-01  0.000000e+00
   outer loop
     vertex -7.198467e+00 -5.729055e+00  9.600000e+01
     vertex -7.038586e+00 -5.924382e+00  9.280000e+01
     vertex -7.198467e+00 -5.729055e+00  9.280000e+01
   endloop
 endfacet
 facet normal  7.738257e-01  6.333986e-01  0.000000e+00
   outer loop
     vertex -7.038586e+00 -5.924382e+00  9.600000e+01
     vertex -7.038586e+00 -5.924382e+00  9.280000e+01
     vertex -7.198467e+00 -5.729055e+00  9.600000e+01
   endloop
 endfacet
 facet normal  7.561578e-01  6.543893e-01  0.000000e+00
   outer loop
     vertex -7.038586e+00 -5.924382e+00  9.600000e+01
     vertex -6.873408e+00 -6.115249e+00  9.280000e+01
     vertex -7.038586e+00 -5.924382e+00  9.280000e+01
   endloop
 endfacet
 facet normal  7.561578e-01  6.543893e-01  0.000000e+00
   outer loop
     vertex -6.873408e+00 -6.115249e+00  9.600000e+01
     vertex -6.873408e+00 -6.115249e+00  9.280000e+01
     vertex -7.038586e+00 -5.924382e+00  9.600000e+01
   endloop
 endfacet
 facet normal  7.379206e-01  6.748875e-01 -3.509718e-18
   outer loop
     vertex -6.703054e+00 -6.301513e+00  9.600000e+01
     vertex -6.873408e+00 -6.115249e+00  9.280000e+01
     vertex -6.873408e+00 -6.115249e+00  9.600000e+01
   endloop
 endfacet
 facet normal  7.379206e-01  6.748875e-01  0.000000e+00
   outer loop
     vertex -6.703054e+00 -6.301513e+00  9.600000e+01
     vertex -6.703054e+00 -6.301513e+00  9.280000e+01
     vertex -6.873408e+00 -6.115249e+00  9.280000e+01
   endloop
 endfacet
 facet normal  7.191280e-01  6.948776e-01  1.203644e-18
   outer loop
     vertex -6.527656e+00 -6.483033e+00  9.600000e+01
     vertex -6.703054e+00 -6.301513e+00  9.280000e+01
     vertex -6.703054e+00 -6.301513e+00  9.600000e+01
   endloop
 endfacet
 facet normal  7.191280e-01  6.948776e-01  0.000000e+00
   outer loop
     vertex -6.527656e+00 -6.483033e+00  9.600000e+01
     vertex -6.527656e+00 -6.483033e+00  9.280000e+01
     vertex -6.703054e+00 -6.301513e+00  9.280000e+01
   endloop
 endfacet
 facet normal  6.997940e-01  7.143447e-01 -2.263320e-18
   outer loop
     vertex -6.347343e+00 -6.659673e+00  9.600000e+01
     vertex -6.527656e+00 -6.483033e+00  9.280000e+01
     vertex -6.527656e+00 -6.483033e+00  9.600000e+01
   endloop
 endfacet
 facet normal  6.997940e-01  7.143447e-01  0.000000e+00
   outer loop
     vertex -6.347343e+00 -6.659673e+00  9.600000e+01
     vertex -6.347343e+00 -6.659673e+00  9.280000e+01
     vertex -6.527656e+00 -6.483033e+00  9.280000e+01
   endloop
 endfacet
 facet normal  6.799333e-01  7.332740e-01  4.222564e-19
   outer loop
     vertex -6.162252e+00 -6.831299e+00  9.600000e+01
     vertex -6.347343e+00 -6.659673e+00  9.280000e+01
     vertex -6.347343e+00 -6.659673e+00  9.600000e+01
   endloop
 endfacet
 facet normal  6.799333e-01  7.332740e-01  0.000000e+00
   outer loop
     vertex -6.162252e+00 -6.831299e+00  9.600000e+01
     vertex -6.162252e+00 -6.831299e+00  9.280000e+01
     vertex -6.347343e+00 -6.659673e+00  9.280000e+01
   endloop
 endfacet
 facet normal  6.595607e-01  7.516513e-01 -4.266858e-18
   outer loop
     vertex -5.972522e+00 -6.997784e+00  9.600000e+01
     vertex -6.162252e+00 -6.831299e+00  9.280000e+01
     vertex -6.162252e+00 -6.831299e+00  9.600000e+01
   endloop
 endfacet
 facet normal  6.595607e-01  7.516513e-01  0.000000e+00
   outer loop
     vertex -5.972522e+00 -6.997784e+00  9.600000e+01
     vertex -5.972522e+00 -6.997784e+00  9.280000e+01
     vertex -6.162252e+00 -6.831299e+00  9.280000e+01
   endloop
 endfacet
 facet normal  6.386916e-01  7.694628e-01  0.000000e+00
   outer loop
     vertex -5.972522e+00 -6.997784e+00  9.600000e+01
     vertex -5.778297e+00 -7.159000e+00  9.280000e+01
     vertex -5.972522e+00 -6.997784e+00  9.280000e+01
   endloop
 endfacet
 facet normal  6.386916e-01  7.694628e-01  0.000000e+00
   outer loop
     vertex -5.778297e+00 -7.159000e+00  9.600000e+01
     vertex -5.778297e+00 -7.159000e+00  9.280000e+01
     vertex -5.972522e+00 -6.997784e+00  9.600000e+01
   endloop
 endfacet
 facet normal  6.173417e-01  7.866951e-01 -1.978850e-18
   outer loop
     vertex -5.579722e+00 -7.314828e+00  9.600000e+01
     vertex -5.778297e+00 -7.159000e+00  9.280000e+01
     vertex -5.778297e+00 -7.159000e+00  9.600000e+01
   endloop
 endfacet
 facet normal  6.173417e-01  7.866951e-01  0.000000e+00
   outer loop
     vertex -5.579722e+00 -7.314828e+00  9.600000e+01
     vertex -5.579722e+00 -7.314828e+00  9.280000e+01
     vertex -5.778297e+00 -7.159000e+00  9.280000e+01
   endloop
 endfacet
 facet normal  5.955271e-01  8.033352e-01  7.171581e-19
   outer loop
     vertex -5.376946e+00 -7.465149e+00  9.600000e+01
     vertex -5.579722e+00 -7.314828e+00  9.280000e+01
     vertex -5.579722e+00 -7.314828e+00  9.600000e+01
   endloop
 endfacet
 facet normal  5.955271e-01  8.033352e-01  0.000000e+00
   outer loop
     vertex -5.376946e+00 -7.465149e+00  9.600000e+01
     vertex -5.376946e+00 -7.465149e+00  9.280000e+01
     vertex -5.579722e+00 -7.314828e+00  9.280000e+01
   endloop
 endfacet
 facet normal  5.732642e-01  8.193706e-01 -1.158667e-18
   outer loop
     vertex -5.170123e+00 -7.609851e+00  9.600000e+01
     vertex -5.376946e+00 -7.465149e+00  9.280000e+01
     vertex -5.376946e+00 -7.465149e+00  9.600000e+01
   endloop
 endfacet
 facet normal  5.732642e-01  8.193706e-01  0.000000e+00
   outer loop
     vertex -5.170123e+00 -7.609851e+00  9.600000e+01
     vertex -5.170123e+00 -7.609851e+00  9.280000e+01
     vertex -5.376946e+00 -7.465149e+00  9.280000e+01
   endloop
 endfacet
 facet normal  5.505698e-01  8.347891e-01  0.000000e+00
   outer loop
     vertex -5.170123e+00 -7.609851e+00  9.600000e+01
     vertex -4.959408e+00 -7.748824e+00  9.280000e+01
     vertex -5.170123e+00 -7.609851e+00  9.280000e+01
   endloop
 endfacet
 facet normal  5.505698e-01  8.347891e-01  0.000000e+00
   outer loop
     vertex -4.959408e+00 -7.748824e+00  9.600000e+01
     vertex -4.959408e+00 -7.748824e+00  9.280000e+01
     vertex -5.170123e+00 -7.609851e+00  9.600000e+01
   endloop
 endfacet
 facet normal  5.274609e-01  8.495793e-01  0.000000e+00
   outer loop
     vertex -4.959408e+00 -7.748824e+00  9.600000e+01
     vertex -4.744960e+00 -7.881964e+00  9.280000e+01
     vertex -4.959408e+00 -7.748824e+00  9.280000e+01
   endloop
 endfacet
 facet normal  5.274609e-01  8.495793e-01  0.000000e+00
   outer loop
     vertex -4.744960e+00 -7.881964e+00  9.600000e+01
     vertex -4.744960e+00 -7.881964e+00  9.280000e+01
     vertex -4.959408e+00 -7.748824e+00  9.600000e+01
   endloop
 endfacet
 facet normal  5.039550e-01  8.637299e-01  1.813399e-18
   outer loop
     vertex -4.526940e+00 -8.009171e+00  9.600000e+01
     vertex -4.744960e+00 -7.881964e+00  9.280000e+01
     vertex -4.744960e+00 -7.881964e+00  9.600000e+01
   endloop
 endfacet
 facet normal  5.039550e-01  8.637299e-01  0.000000e+00
   outer loop
     vertex -4.526940e+00 -8.009171e+00  9.600000e+01
     vertex -4.526940e+00 -8.009171e+00  9.280000e+01
     vertex -4.744960e+00 -7.881964e+00  9.280000e+01
   endloop
 endfacet
 facet normal  4.800697e-01  8.772303e-01 -2.805676e-19
   outer loop
     vertex -4.305512e+00 -8.130348e+00  9.600000e+01
     vertex -4.526940e+00 -8.009171e+00  9.280000e+01
     vertex -4.526940e+00 -8.009171e+00  9.600000e+01
   endloop
 endfacet
 facet normal  4.800697e-01  8.772303e-01  0.000000e+00
   outer loop
     vertex -4.305512e+00 -8.130348e+00  9.600000e+01
     vertex -4.305512e+00 -8.130348e+00  9.280000e+01
     vertex -4.526940e+00 -8.009171e+00  9.280000e+01
   endloop
 endfacet
 facet normal  4.558231e-01  8.900704e-01 -1.207280e-18
   outer loop
     vertex -4.080843e+00 -8.245406e+00  9.600000e+01
     vertex -4.305512e+00 -8.130348e+00  9.280000e+01
     vertex -4.305512e+00 -8.130348e+00  9.600000e+01
   endloop
 endfacet
 facet normal  4.558231e-01  8.900704e-01  0.000000e+00
   outer loop
     vertex -4.080843e+00 -8.245406e+00  9.600000e+01
     vertex -4.080843e+00 -8.245406e+00  9.280000e+01
     vertex -4.305512e+00 -8.130348e+00  9.280000e+01
   endloop
 endfacet
 facet normal  4.312333e-01  9.022405e-01  0.000000e+00
   outer loop
     vertex -4.080843e+00 -8.245406e+00  9.600000e+01
     vertex -3.853102e+00 -8.354257e+00  9.280000e+01
     vertex -4.080843e+00 -8.245406e+00  9.280000e+01
   endloop
 endfacet
 facet normal  4.312333e-01  9.022405e-01  0.000000e+00
   outer loop
     vertex -3.853102e+00 -8.354257e+00  9.600000e+01
     vertex -3.853102e+00 -8.354257e+00  9.280000e+01
     vertex -4.080843e+00 -8.245406e+00  9.600000e+01
   endloop
 endfacet
 facet normal  4.063188e-01  9.137314e-01  0.000000e+00
   outer loop
     vertex -3.853102e+00 -8.354257e+00  9.600000e+01
     vertex -3.622461e+00 -8.456818e+00  9.280000e+01
     vertex -3.853102e+00 -8.354257e+00  9.280000e+01
   endloop
 endfacet
 facet normal  4.063188e-01  9.137314e-01  0.000000e+00
   outer loop
     vertex -3.622461e+00 -8.456818e+00  9.600000e+01
     vertex -3.622461e+00 -8.456818e+00  9.280000e+01
     vertex -3.853102e+00 -8.354257e+00  9.600000e+01
   endloop
 endfacet
 facet normal  3.810986e-01  9.245344e-01  0.000000e+00
   outer loop
     vertex -3.389093e+00 -8.553014e+00  9.600000e+01
     vertex -3.389093e+00 -8.553014e+00  9.280000e+01
     vertex -3.622461e+00 -8.456818e+00  9.280000e+01
   endloop
 endfacet
 facet normal  3.810986e-01  9.245344e-01 -1.705895e-18
   outer loop
     vertex -3.389093e+00 -8.553014e+00  9.600000e+01
     vertex -3.622461e+00 -8.456818e+00  9.280000e+01
     vertex -3.622461e+00 -8.456818e+00  9.600000e+01
   endloop
 endfacet
 facet normal  3.555914e-01  9.346415e-01  0.000000e+00
   outer loop
     vertex -3.153173e+00 -8.642771e+00  9.600000e+01
     vertex -3.153173e+00 -8.642771e+00  9.280000e+01
     vertex -3.389093e+00 -8.553014e+00  9.280000e+01
   endloop
 endfacet
 facet normal  3.555914e-01  9.346415e-01  1.953188e-18
   outer loop
     vertex -3.153173e+00 -8.642771e+00  9.600000e+01
     vertex -3.389093e+00 -8.553014e+00  9.280000e+01
     vertex -3.389093e+00 -8.553014e+00  9.600000e+01
   endloop
 endfacet
 facet normal  3.298166e-01  9.440450e-01  0.000000e+00
   outer loop
     vertex -2.914880e+00 -8.726023e+00  9.600000e+01
     vertex -2.914880e+00 -8.726023e+00  9.280000e+01
     vertex -3.153173e+00 -8.642771e+00  9.280000e+01
   endloop
 endfacet
 facet normal  3.298166e-01  9.440450e-01 -1.789620e-18
   outer loop
     vertex -2.914880e+00 -8.726023e+00  9.600000e+01
     vertex -3.153173e+00 -8.642771e+00  9.280000e+01
     vertex -3.153173e+00 -8.642771e+00  9.600000e+01
   endloop
 endfacet
 facet normal  3.037934e-01  9.527379e-01  0.000000e+00
   outer loop
     vertex -2.674393e+00 -8.802705e+00  9.600000e+01
     vertex -2.674393e+00 -8.802705e+00  9.280000e+01
     vertex -2.914880e+00 -8.726023e+00  9.280000e+01
   endloop
 endfacet
 facet normal  2.775416e-01  9.607136e-01  0.000000e+00
   outer loop
     vertex -2.674393e+00 -8.802705e+00  9.600000e+01
     vertex -2.431893e+00 -8.872762e+00  9.280000e+01
     vertex -2.674393e+00 -8.802705e+00  9.280000e+01
   endloop
 endfacet
 facet normal  3.037934e-01  9.527379e-01 -1.608590e-18
   outer loop
     vertex -2.674393e+00 -8.802705e+00  9.600000e+01
     vertex -2.914880e+00 -8.726023e+00  9.280000e+01
     vertex -2.914880e+00 -8.726023e+00  9.600000e+01
   endloop
 endfacet
 facet normal  2.775416e-01  9.607136e-01  0.000000e+00
   outer loop
     vertex -2.431893e+00 -8.872762e+00  9.600000e+01
     vertex -2.431893e+00 -8.872762e+00  9.280000e+01
     vertex -2.674393e+00 -8.802705e+00  9.600000e+01
   endloop
 endfacet
 facet normal  2.510809e-01  9.679661e-01  4.471611e-19
   outer loop
     vertex -2.187562e+00 -8.936139e+00  9.600000e+01
     vertex -2.431893e+00 -8.872762e+00  9.280000e+01
     vertex -2.431893e+00 -8.872762e+00  9.600000e+01
   endloop
 endfacet
 facet normal  2.510809e-01  9.679661e-01  0.000000e+00
   outer loop
     vertex -2.187562e+00 -8.936139e+00  9.600000e+01
     vertex -2.187562e+00 -8.936139e+00  9.280000e+01
     vertex -2.431893e+00 -8.872762e+00  9.280000e+01
   endloop
 endfacet
 facet normal  2.244312e-01  9.744899e-01  0.000000e+00
   outer loop
     vertex -2.187562e+00 -8.936139e+00  9.600000e+01
     vertex -1.941584e+00 -8.992789e+00  9.280000e+01
     vertex -2.187562e+00 -8.936139e+00  9.280000e+01
   endloop
 endfacet
 facet normal  2.244312e-01  9.744899e-01  0.000000e+00
   outer loop
     vertex -1.941584e+00 -8.992789e+00  9.600000e+01
     vertex -1.941584e+00 -8.992789e+00  9.280000e+01
     vertex -2.187562e+00 -8.936139e+00  9.600000e+01
   endloop
 endfacet
 facet normal  1.976125e-01  9.802802e-01 -9.264526e-19
   outer loop
     vertex -1.694144e+00 -9.042670e+00  9.600000e+01
     vertex -1.941584e+00 -8.992789e+00  9.280000e+01
     vertex -1.941584e+00 -8.992789e+00  9.600000e+01
   endloop
 endfacet
 facet normal  1.976125e-01  9.802802e-01  0.000000e+00
   outer loop
     vertex -1.694144e+00 -9.042670e+00  9.600000e+01
     vertex -1.694144e+00 -9.042670e+00  9.280000e+01
     vertex -1.941584e+00 -8.992789e+00  9.280000e+01
   endloop
 endfacet
 facet normal  1.706451e-01  9.853326e-01  3.129378e-19
   outer loop
     vertex -1.445430e+00 -9.085743e+00  9.600000e+01
     vertex -1.694144e+00 -9.042670e+00  9.280000e+01
     vertex -1.694144e+00 -9.042670e+00  9.600000e+01
   endloop
 endfacet
 facet normal  1.706451e-01  9.853326e-01  0.000000e+00
   outer loop
     vertex -1.445430e+00 -9.085743e+00  9.600000e+01
     vertex -1.445430e+00 -9.085743e+00  9.280000e+01
     vertex -1.694144e+00 -9.042670e+00  9.280000e+01
   endloop
 endfacet
 facet normal  1.435492e-01  9.896432e-01  0.000000e+00
   outer loop
     vertex -1.445430e+00 -9.085743e+00  9.600000e+01
     vertex -1.195627e+00 -9.121978e+00  9.280000e+01
     vertex -1.445430e+00 -9.085743e+00  9.280000e+01
   endloop
 endfacet
 facet normal  1.435492e-01  9.896432e-01  0.000000e+00
   outer loop
     vertex -1.195627e+00 -9.121978e+00  9.600000e+01
     vertex -1.195627e+00 -9.121978e+00  9.280000e+01
     vertex -1.445430e+00 -9.085743e+00  9.600000e+01
   endloop
 endfacet
 facet normal  1.163452e-01  9.932088e-01  0.000000e+00
   outer loop
     vertex -1.195627e+00 -9.121978e+00  9.600000e+01
     vertex -9.449241e-01 -9.151345e+00  9.280000e+01
     vertex -1.195627e+00 -9.121978e+00  9.280000e+01
   endloop
 endfacet
 facet normal  1.163452e-01  9.932088e-01  0.000000e+00
   outer loop
     vertex -9.449241e-01 -9.151345e+00  9.600000e+01
     vertex -9.449241e-01 -9.151345e+00  9.280000e+01
     vertex -1.195627e+00 -9.121978e+00  9.600000e+01
   endloop
 endfacet
 facet normal  8.905371e-02  9.960268e-01 -3.487696e-20
   outer loop
     vertex -6.935100e-01 -9.173824e+00  9.600000e+01
     vertex -9.449241e-01 -9.151345e+00  9.280000e+01
     vertex -9.449241e-01 -9.151345e+00  9.600000e+01
   endloop
 endfacet
 facet normal  8.905371e-02  9.960268e-01  0.000000e+00
   outer loop
     vertex -6.935100e-01 -9.173824e+00  9.600000e+01
     vertex -6.935100e-01 -9.173824e+00  9.280000e+01
     vertex -9.449241e-01 -9.151345e+00  9.280000e+01
   endloop
 endfacet
 facet normal  6.169515e-02  9.980950e-01  3.239629e-19
   outer loop
     vertex -4.415739e-01 -9.189397e+00  9.600000e+01
     vertex -6.935100e-01 -9.173824e+00  9.280000e+01
     vertex -6.935100e-01 -9.173824e+00  9.600000e+01
   endloop
 endfacet
 facet normal  6.169515e-02  9.980950e-01  0.000000e+00
   outer loop
     vertex -4.415739e-01 -9.189397e+00  9.600000e+01
     vertex -4.415739e-01 -9.189397e+00  9.280000e+01
     vertex -6.935100e-01 -9.173824e+00  9.280000e+01
   endloop
 endfacet
 facet normal  3.429014e-02  9.994119e-01  0.000000e+00
   outer loop
     vertex -4.415739e-01 -9.189397e+00  9.600000e+01
     vertex -1.893053e-01 -9.198052e+00  9.280000e+01
     vertex -4.415739e-01 -9.189397e+00  9.280000e+01
   endloop
 endfacet
 facet normal  3.429014e-02  9.994119e-01  0.000000e+00
   outer loop
     vertex -1.893053e-01 -9.198052e+00  9.600000e+01
     vertex -1.893053e-01 -9.198052e+00  9.280000e+01
     vertex -4.415739e-01 -9.189397e+00  9.600000e+01
   endloop
 endfacet
 facet normal  6.859319e-03  9.999765e-01 -2.731573e-20
   outer loop
     vertex  6.310573e-02 -9.199784e+00  9.600000e+01
     vertex -1.893053e-01 -9.198052e+00  9.280000e+01
     vertex -1.893053e-01 -9.198052e+00  9.600000e+01
   endloop
 endfacet
 facet normal  6.859319e-03  9.999765e-01  0.000000e+00
   outer loop
     vertex  6.310573e-02 -9.199784e+00  9.600000e+01
     vertex  6.310573e-02 -9.199784e+00  9.280000e+01
     vertex -1.893053e-01 -9.198052e+00  9.280000e+01
   endloop
 endfacet
 facet normal -2.057667e-02  9.997883e-01 -6.022063e-21
   outer loop
     vertex  3.154693e-01 -9.194590e+00  9.600000e+01
     vertex  6.310573e-02 -9.199784e+00  9.280000e+01
     vertex  6.310573e-02 -9.199784e+00  9.600000e+01
   endloop
 endfacet
 facet normal -2.057667e-02  9.997883e-01  0.000000e+00
   outer loop
     vertex  3.154693e-01 -9.194590e+00  9.600000e+01
     vertex  3.154693e-01 -9.194590e+00  9.280000e+01
     vertex  6.310573e-02 -9.199784e+00  9.280000e+01
   endloop
 endfacet
 facet normal -4.799716e-02  9.988475e-01  0.000000e+00
   outer loop
     vertex  5.675954e-01 -9.182474e+00  9.600000e+01
     vertex  5.675954e-01 -9.182474e+00  9.280000e+01
     vertex  3.154693e-01 -9.194590e+00  9.280000e+01
   endloop
 endfacet
 facet normal -7.538152e-02  9.971548e-01  0.000000e+00
   outer loop
     vertex  5.675954e-01 -9.182474e+00  9.600000e+01
     vertex  8.192942e-01 -9.163447e+00  9.280000e+01
     vertex  5.675954e-01 -9.182474e+00  9.280000e+01
   endloop
 endfacet
 facet normal -4.799716e-02  9.988475e-01  1.401151e-19
   outer loop
     vertex  5.675954e-01 -9.182474e+00  9.600000e+01
     vertex  3.154693e-01 -9.194590e+00  9.280000e+01
     vertex  3.154693e-01 -9.194590e+00  9.600000e+01
   endloop
 endfacet
 facet normal -1.027091e-01  9.947114e-01  0.000000e+00
   outer loop
     vertex  8.192942e-01 -9.163447e+00  9.600000e+01
     vertex  1.070376e+00 -9.137521e+00  9.280000e+01
     vertex  8.192942e-01 -9.163447e+00  9.280000e+01
   endloop
 endfacet
 facet normal -7.538152e-02  9.971548e-01  0.000000e+00
   outer loop
     vertex  8.192942e-01 -9.163447e+00  9.600000e+01
     vertex  8.192942e-01 -9.163447e+00  9.280000e+01
     vertex  5.675954e-01 -9.182474e+00  9.600000e+01
   endloop
 endfacet
 facet normal -1.027091e-01  9.947114e-01  0.000000e+00
   outer loop
     vertex  1.070376e+00 -9.137521e+00  9.600000e+01
     vertex  1.070376e+00 -9.137521e+00  9.280000e+01
     vertex  8.192942e-01 -9.163447e+00  9.600000e+01
   endloop
 endfacet
 facet normal -1.299594e-01  9.915193e-01  0.000000e+00
   outer loop
     vertex  1.320653e+00 -9.104717e+00  9.600000e+01
     vertex  1.320653e+00 -9.104717e+00  9.280000e+01
     vertex  1.070376e+00 -9.137521e+00  9.280000e+01
   endloop
 endfacet
 facet normal -1.299594e-01  9.915193e-01 -6.914572e-19
   outer loop
     vertex  1.320653e+00 -9.104717e+00  9.600000e+01
     vertex  1.070376e+00 -9.137521e+00  9.280000e+01
     vertex  1.070376e+00 -9.137521e+00  9.600000e+01
   endloop
 endfacet
 facet normal -1.571119e-01  9.875808e-01  0.000000e+00
   outer loop
     vertex  1.569935e+00 -9.065060e+00  9.600000e+01
     vertex  1.569935e+00 -9.065060e+00  9.280000e+01
     vertex  1.320653e+00 -9.104717e+00  9.280000e+01
   endloop
 endfacet
 facet normal -1.571119e-01  9.875808e-01 -2.869425e-19
   outer loop
     vertex  1.569935e+00 -9.065060e+00  9.600000e+01
     vertex  1.320653e+00 -9.104717e+00  9.280000e+01
     vertex  1.320653e+00 -9.104717e+00  9.600000e+01
   endloop
 endfacet
 facet normal -1.841461e-01  9.828989e-01  0.000000e+00
   outer loop
     vertex  1.818035e+00 -9.018578e+00  9.600000e+01
     vertex  1.818035e+00 -9.018578e+00  9.280000e+01
     vertex  1.569935e+00 -9.065060e+00  9.280000e+01
   endloop
 endfacet
 facet normal -1.841461e-01  9.828989e-01  3.560284e-19
   outer loop
     vertex  1.818035e+00 -9.018578e+00  9.600000e+01
     vertex  1.569935e+00 -9.065060e+00  9.280000e+01
     vertex  1.569935e+00 -9.065060e+00  9.600000e+01
   endloop
 endfacet
 facet normal -2.110417e-01  9.774771e-01  0.000000e+00
   outer loop
     vertex  2.064767e+00 -8.965307e+00  9.600000e+01
     vertex  2.064767e+00 -8.965307e+00  9.280000e+01
     vertex  1.818035e+00 -9.018578e+00  9.280000e+01
   endloop
 endfacet
 facet normal -2.110417e-01  9.774771e-01 -1.961786e-19
   outer loop
     vertex  2.064767e+00 -8.965307e+00  9.600000e+01
     vertex  1.818035e+00 -9.018578e+00  9.280000e+01
     vertex  1.818035e+00 -9.018578e+00  9.600000e+01
   endloop
 endfacet
 facet normal -2.377784e-01  9.713194e-01  0.000000e+00
   outer loop
     vertex  2.309944e+00 -8.905288e+00  9.600000e+01
     vertex  2.309944e+00 -8.905288e+00  9.280000e+01
     vertex  2.064767e+00 -8.965307e+00  9.280000e+01
   endloop
 endfacet
 facet normal -2.643362e-01  9.644306e-01  0.000000e+00
   outer loop
     vertex  2.309944e+00 -8.905288e+00  9.600000e+01
     vertex  2.553383e+00 -8.838565e+00  9.280000e+01
     vertex  2.309944e+00 -8.905288e+00  9.280000e+01
   endloop
 endfacet
 facet normal -2.377784e-01  9.713194e-01  1.761925e-19
   outer loop
     vertex  2.309944e+00 -8.905288e+00  9.600000e+01
     vertex  2.064767e+00 -8.965307e+00  9.280000e+01
     vertex  2.064767e+00 -8.965307e+00  9.600000e+01
   endloop
 endfacet
 facet normal -2.643362e-01  9.644306e-01  0.000000e+00
   outer loop
     vertex  2.553383e+00 -8.838565e+00  9.600000e+01
     vertex  2.553383e+00 -8.838565e+00  9.280000e+01
     vertex  2.309944e+00 -8.905288e+00  9.600000e+01
   endloop
 endfacet
 facet normal -2.906949e-01  9.568158e-01  0.000000e+00
   outer loop
     vertex  2.794900e+00 -8.765189e+00  9.600000e+01
     vertex  2.794900e+00 -8.765189e+00  9.280000e+01
     vertex  2.553383e+00 -8.838565e+00  9.280000e+01
   endloop
 endfacet
 facet normal -2.906949e-01  9.568158e-01 -6.208073e-20
   outer loop
     vertex  2.794900e+00 -8.765189e+00  9.600000e+01
     vertex  2.553383e+00 -8.838565e+00  9.280000e+01
     vertex  2.553383e+00 -8.838565e+00  9.600000e+01
   endloop
 endfacet
 facet normal -3.168348e-01  9.484807e-01  0.000000e+00
   outer loop
     vertex  3.034312e+00 -8.685214e+00  9.600000e+01
     vertex  3.034312e+00 -8.685214e+00  9.280000e+01
     vertex  2.794900e+00 -8.765189e+00  9.280000e+01
   endloop
 endfacet
 facet normal -3.168348e-01  9.484807e-01  2.137252e-18
   outer loop
     vertex  3.034312e+00 -8.685214e+00  9.600000e+01
     vertex  2.794900e+00 -8.765189e+00  9.280000e+01
     vertex  2.794900e+00 -8.765189e+00  9.600000e+01
   endloop
 endfacet
 facet normal -3.427362e-01  9.394317e-01  0.000000e+00
   outer loop
     vertex  3.271441e+00 -8.598702e+00  9.600000e+01
     vertex  3.271441e+00 -8.598702e+00  9.280000e+01
     vertex  3.034312e+00 -8.685214e+00  9.280000e+01
   endloop
 endfacet
 facet normal -3.427362e-01  9.394317e-01 -1.819915e-18
   outer loop
     vertex  3.271441e+00 -8.598702e+00  9.600000e+01
     vertex  3.034312e+00 -8.685214e+00  9.280000e+01
     vertex  3.034312e+00 -8.685214e+00  9.600000e+01
   endloop
 endfacet
 facet normal -3.683796e-01  9.296754e-01  0.000000e+00
   outer loop
     vertex  3.506107e+00 -8.505717e+00  9.600000e+01
     vertex  3.506107e+00 -8.505717e+00  9.280000e+01
     vertex  3.271441e+00 -8.598702e+00  9.280000e+01
   endloop
 endfacet
 facet normal -3.683796e-01  9.296754e-01 -1.881444e-18
   outer loop
     vertex  3.506107e+00 -8.505717e+00  9.600000e+01
     vertex  3.271441e+00 -8.598702e+00  9.280000e+01
     vertex  3.271441e+00 -8.598702e+00  9.600000e+01
   endloop
 endfacet
 facet normal -3.937458e-01  9.192194e-01  1.702289e-18
   outer loop
     vertex  3.738133e+00 -8.406329e+00  9.600000e+01
     vertex  3.506107e+00 -8.505717e+00  9.280000e+01
     vertex  3.506107e+00 -8.505717e+00  9.600000e+01
   endloop
 endfacet
 facet normal -3.937458e-01  9.192194e-01  0.000000e+00
   outer loop
     vertex  3.738133e+00 -8.406329e+00  9.600000e+01
     vertex  3.738133e+00 -8.406329e+00  9.280000e+01
     vertex  3.506107e+00 -8.505717e+00  9.280000e+01
   endloop
 endfacet
 facet normal -4.188155e-01  9.080714e-01 -3.941972e-19
   outer loop
     vertex  3.967346e+00 -8.300612e+00  9.600000e+01
     vertex  3.738133e+00 -8.406329e+00  9.280000e+01
     vertex  3.738133e+00 -8.406329e+00  9.600000e+01
   endloop
 endfacet
 facet normal -4.188155e-01  9.080714e-01  0.000000e+00
   outer loop
     vertex  3.967346e+00 -8.300612e+00  9.600000e+01
     vertex  3.967346e+00 -8.300612e+00  9.280000e+01
     vertex  3.738133e+00 -8.406329e+00  9.280000e+01
   endloop
 endfacet
 facet normal -4.435699e-01  8.962398e-01  1.603621e-18
   outer loop
     vertex  4.193572e+00 -8.188648e+00  9.600000e+01
     vertex  3.967346e+00 -8.300612e+00  9.280000e+01
     vertex  3.967346e+00 -8.300612e+00  9.600000e+01
   endloop
 endfacet
 facet normal -4.435699e-01  8.962398e-01  0.000000e+00
   outer loop
     vertex  4.193572e+00 -8.188648e+00  9.600000e+01
     vertex  4.193572e+00 -8.188648e+00  9.280000e+01
     vertex  3.967346e+00 -8.300612e+00  9.280000e+01
   endloop
 endfacet
 facet normal -4.679904e-01  8.837335e-01  1.804320e-18
   outer loop
     vertex  4.416642e+00 -8.070519e+00  9.600000e+01
     vertex  4.193572e+00 -8.188648e+00  9.280000e+01
     vertex  4.193572e+00 -8.188648e+00  9.600000e+01
   endloop
 endfacet
 facet normal -4.679904e-01  8.837335e-01  0.000000e+00
   outer loop
     vertex  4.416642e+00 -8.070519e+00  9.600000e+01
     vertex  4.416642e+00 -8.070519e+00  9.280000e+01
     vertex  4.193572e+00 -8.188648e+00  9.280000e+01
   endloop
 endfacet
 facet normal -4.920587e-01  8.705620e-01  0.000000e+00
   outer loop
     vertex  4.416642e+00 -8.070519e+00  9.600000e+01
     vertex  4.636386e+00 -7.946315e+00  9.280000e+01
     vertex  4.416642e+00 -8.070519e+00  9.280000e+01
   endloop
 endfacet
 facet normal -4.920587e-01  8.705620e-01  0.000000e+00
   outer loop
     vertex  4.636386e+00 -7.946315e+00  9.600000e+01
     vertex  4.636386e+00 -7.946315e+00  9.280000e+01
     vertex  4.416642e+00 -8.070519e+00  9.600000e+01
   endloop
 endfacet
 facet normal -5.157565e-01  8.567352e-01  0.000000e+00
   outer loop
     vertex  4.852641e+00 -7.816129e+00  9.600000e+01
     vertex  4.852641e+00 -7.816129e+00  9.280000e+01
     vertex  4.636386e+00 -7.946315e+00  9.280000e+01
   endloop
 endfacet
 facet normal -5.390661e-01  8.422635e-01  0.000000e+00
   outer loop
     vertex  4.852641e+00 -7.816129e+00  9.600000e+01
     vertex  5.065242e+00 -7.680060e+00  9.280000e+01
     vertex  4.852641e+00 -7.816129e+00  9.280000e+01
   endloop
 endfacet
 facet normal -5.157565e-01  8.567352e-01  7.254798e-19
   outer loop
     vertex  4.852641e+00 -7.816129e+00  9.600000e+01
     vertex  4.636386e+00 -7.946315e+00  9.280000e+01
     vertex  4.636386e+00 -7.946315e+00  9.600000e+01
   endloop
 endfacet
 facet normal -5.390661e-01  8.422635e-01  0.000000e+00
   outer loop
     vertex  5.065242e+00 -7.680060e+00  9.600000e+01
     vertex  5.065242e+00 -7.680060e+00  9.280000e+01
     vertex  4.852641e+00 -7.816129e+00  9.600000e+01
   endloop
 endfacet
 facet normal -5.619699e-01  8.271577e-01  0.000000e+00
   outer loop
     vertex  5.274031e+00 -7.538209e+00  9.600000e+01
     vertex  5.274031e+00 -7.538209e+00  9.280000e+01
     vertex  5.065242e+00 -7.680060e+00  9.280000e+01
   endloop
 endfacet
 facet normal -5.619699e-01  8.271577e-01 -1.825133e-18
   outer loop
     vertex  5.274031e+00 -7.538209e+00  9.600000e+01
     vertex  5.065242e+00 -7.680060e+00  9.280000e+01
     vertex  5.065242e+00 -7.680060e+00  9.600000e+01
   endloop
 endfacet
 facet normal -5.844507e-01  8.114292e-01  0.000000e+00
   outer loop
     vertex  5.478849e+00 -7.390684e+00  9.600000e+01
     vertex  5.478849e+00 -7.390684e+00  9.280000e+01
     vertex  5.274031e+00 -7.538209e+00  9.280000e+01
   endloop
 endfacet
 facet normal -5.844507e-01  8.114292e-01 -1.173183e-18
   outer loop
     vertex  5.478849e+00 -7.390684e+00  9.600000e+01
     vertex  5.274031e+00 -7.538209e+00  9.280000e+01
     vertex  5.274031e+00 -7.538209e+00  9.600000e+01
   endloop
 endfacet
 facet normal -6.064915e-01  7.950900e-01  0.000000e+00
   outer loop
     vertex  5.679544e+00 -7.237595e+00  9.600000e+01
     vertex  5.679544e+00 -7.237595e+00  9.280000e+01
     vertex  5.478849e+00 -7.390684e+00  9.280000e+01
   endloop
 endfacet
 facet normal -6.064915e-01  7.950900e-01  1.883617e-18
   outer loop
     vertex  5.679544e+00 -7.237595e+00  9.600000e+01
     vertex  5.478849e+00 -7.390684e+00  9.280000e+01
     vertex  5.478849e+00 -7.390684e+00  9.600000e+01
   endloop
 endfacet
 facet normal -6.280757e-01  7.781522e-01  0.000000e+00
   outer loop
     vertex  5.875963e+00 -7.079058e+00  9.600000e+01
     vertex  5.875963e+00 -7.079058e+00  9.280000e+01
     vertex  5.679544e+00 -7.237595e+00  9.280000e+01
   endloop
 endfacet
 facet normal -6.280757e-01  7.781522e-01 -2.029423e-19
   outer loop
     vertex  5.875963e+00 -7.079058e+00  9.600000e+01
     vertex  5.679544e+00 -7.237595e+00  9.280000e+01
     vertex  5.679544e+00 -7.237595e+00  9.600000e+01
   endloop
 endfacet
 facet normal -6.491872e-01  7.606287e-01  0.000000e+00
   outer loop
     vertex  6.067958e+00 -6.915192e+00  9.600000e+01
     vertex  6.067958e+00 -6.915192e+00  9.280000e+01
     vertex  5.875963e+00 -7.079058e+00  9.280000e+01
   endloop
 endfacet
 facet normal -6.698100e-01  7.425325e-01  0.000000e+00
   outer loop
     vertex  6.067958e+00 -6.915192e+00  9.600000e+01
     vertex  6.255386e+00 -6.746121e+00  9.280000e+01
     vertex  6.067958e+00 -6.915192e+00  9.280000e+01
   endloop
 endfacet
 facet normal -6.491872e-01  7.606287e-01 -3.369478e-19
   outer loop
     vertex  6.067958e+00 -6.915192e+00  9.600000e+01
     vertex  5.875963e+00 -7.079058e+00  9.280000e+01
     vertex  5.875963e+00 -7.079058e+00  9.600000e+01
   endloop
 endfacet
 facet normal -6.698100e-01  7.425325e-01  0.000000e+00
   outer loop
     vertex  6.255386e+00 -6.746121e+00  9.600000e+01
     vertex  6.255386e+00 -6.746121e+00  9.280000e+01
     vertex  6.067958e+00 -6.915192e+00  9.600000e+01
   endloop
 endfacet
 facet normal -6.899286e-01  7.238775e-01  0.000000e+00
   outer loop
     vertex  6.255386e+00 -6.746121e+00  9.600000e+01
     vertex  6.438105e+00 -6.571971e+00  9.280000e+01
     vertex  6.255386e+00 -6.746121e+00  9.280000e+01
   endloop
 endfacet
 facet normal -6.899286e-01  7.238775e-01  0.000000e+00
   outer loop
     vertex  6.438105e+00 -6.571971e+00  9.600000e+01
     vertex  6.438105e+00 -6.571971e+00  9.280000e+01
     vertex  6.255386e+00 -6.746121e+00  9.600000e+01
   endloop
 endfacet
 facet normal -7.095278e-01  7.046775e-01  0.000000e+00
   outer loop
     vertex  6.615978e+00 -6.392874e+00  9.600000e+01
     vertex  6.615978e+00 -6.392874e+00  9.280000e+01
     vertex  6.438105e+00 -6.571971e+00  9.280000e+01
   endloop
 endfacet
 facet normal -7.095278e-01  7.046775e-01 -3.718656e-18
   outer loop
     vertex  6.615978e+00 -6.392874e+00  9.600000e+01
     vertex  6.438105e+00 -6.571971e+00  9.280000e+01
     vertex  6.438105e+00 -6.571971e+00  9.600000e+01
   endloop
 endfacet
 facet normal -7.285929e-01  6.849470e-01  0.000000e+00
   outer loop
     vertex  6.788870e+00 -6.208965e+00  9.600000e+01
     vertex  6.788870e+00 -6.208965e+00  9.280000e+01
     vertex  6.615978e+00 -6.392874e+00  9.280000e+01
   endloop
 endfacet
 facet normal -7.285929e-01  6.849470e-01  1.714760e-18
   outer loop
     vertex  6.788870e+00 -6.208965e+00  9.600000e+01
     vertex  6.615978e+00 -6.392874e+00  9.280000e+01
     vertex  6.615978e+00 -6.392874e+00  9.600000e+01
   endloop
 endfacet
 facet normal -7.471095e-01  6.647010e-01  0.000000e+00
   outer loop
     vertex  6.956652e+00 -6.020382e+00  9.600000e+01
     vertex  6.956652e+00 -6.020382e+00  9.280000e+01
     vertex  6.788870e+00 -6.208965e+00  9.280000e+01
   endloop
 endfacet
 facet normal -7.471095e-01  6.647010e-01 -3.809971e-18
   outer loop
     vertex  6.956652e+00 -6.020382e+00  9.600000e+01
     vertex  6.788870e+00 -6.208965e+00  9.280000e+01
     vertex  6.788870e+00 -6.208965e+00  9.600000e+01
   endloop
 endfacet
 facet normal -7.650637e-01  6.439545e-01  0.000000e+00
   outer loop
     vertex  7.119197e+00 -5.827267e+00  9.600000e+01
     vertex  7.119197e+00 -5.827267e+00  9.280000e+01
     vertex  6.956652e+00 -6.020382e+00  9.280000e+01
   endloop
 endfacet
 facet normal -7.824421e-01  6.227234e-01  0.000000e+00
   outer loop
     vertex  7.119197e+00 -5.827267e+00  9.600000e+01
     vertex  7.276383e+00 -5.629765e+00  9.280000e+01
     vertex  7.119197e+00 -5.827267e+00  9.280000e+01
   endloop
 endfacet
 facet normal -7.650637e-01  6.439545e-01 -2.805244e-18
   outer loop
     vertex  7.119197e+00 -5.827267e+00  9.600000e+01
     vertex  6.956652e+00 -6.020382e+00  9.280000e+01
     vertex  6.956652e+00 -6.020382e+00  9.600000e+01
   endloop
 endfacet
 facet normal -7.824421e-01  6.227234e-01  0.000000e+00
   outer loop
     vertex  7.276383e+00 -5.629765e+00  9.600000e+01
     vertex  7.276383e+00 -5.629765e+00  9.280000e+01
     vertex  7.119197e+00 -5.827267e+00  9.600000e+01
   endloop
 endfacet
 facet normal -7.992314e-01  6.010234e-01  0.000000e+00
   outer loop
     vertex  7.428091e+00 -5.428026e+00  9.600000e+01
     vertex  7.428091e+00 -5.428026e+00  9.280000e+01
     vertex  7.276383e+00 -5.629765e+00  9.280000e+01
   endloop
 endfacet
 facet normal -8.154191e-01  5.788711e-01  0.000000e+00
   outer loop
     vertex  7.428091e+00 -5.428026e+00  9.600000e+01
     vertex  7.574208e+00 -5.222200e+00  9.280000e+01
     vertex  7.428091e+00 -5.428026e+00  9.280000e+01
   endloop
 endfacet
 facet normal -7.992314e-01  6.010234e-01  1.658984e-18
   outer loop
     vertex  7.428091e+00 -5.428026e+00  9.600000e+01
     vertex  7.276383e+00 -5.629765e+00  9.280000e+01
     vertex  7.276383e+00 -5.629765e+00  9.600000e+01
   endloop
 endfacet
 facet normal -8.154191e-01  5.788711e-01  0.000000e+00
   outer loop
     vertex  7.574208e+00 -5.222200e+00  9.600000e+01
     vertex  7.574208e+00 -5.222200e+00  9.280000e+01
     vertex  7.428091e+00 -5.428026e+00  9.600000e+01
   endloop
 endfacet
 facet normal -8.309929e-01  5.562829e-01  0.000000e+00
   outer loop
     vertex  7.714623e+00 -5.012443e+00  9.600000e+01
     vertex  7.714623e+00 -5.012443e+00  9.280000e+01
     vertex  7.574208e+00 -5.222200e+00  9.280000e+01
   endloop
 endfacet
 facet normal -8.309929e-01  5.562829e-01  1.069484e-18
   outer loop
     vertex  7.714623e+00 -5.012443e+00  9.600000e+01
     vertex  7.574208e+00 -5.222200e+00  9.280000e+01
     vertex  7.574208e+00 -5.222200e+00  9.600000e+01
   endloop
 endfacet
 facet normal -8.459413e-01  5.332761e-01  0.000000e+00
   outer loop
     vertex  7.849231e+00 -4.798913e+00  9.600000e+01
     vertex  7.849231e+00 -4.798913e+00  9.280000e+01
     vertex  7.714623e+00 -5.012443e+00  9.280000e+01
   endloop
 endfacet
 facet normal -8.459413e-01  5.332761e-01 -1.523960e-18
   outer loop
     vertex  7.849231e+00 -4.798913e+00  9.600000e+01
     vertex  7.714623e+00 -5.012443e+00  9.280000e+01
     vertex  7.714623e+00 -5.012443e+00  9.600000e+01
   endloop
 endfacet
 facet normal -8.602528e-01  5.098678e-01  0.000000e+00
   outer loop
     vertex  7.977931e+00 -4.581771e+00  9.600000e+01
     vertex  7.977931e+00 -4.581771e+00  9.280000e+01
     vertex  7.849231e+00 -4.798913e+00  9.280000e+01
   endloop
 endfacet
 facet normal -8.602528e-01  5.098678e-01 -1.867106e-18
   outer loop
     vertex  7.977931e+00 -4.581771e+00  9.600000e+01
     vertex  7.849231e+00 -4.798913e+00  9.280000e+01
     vertex  7.849231e+00 -4.798913e+00  9.600000e+01
   endloop
 endfacet
 facet normal -8.739167e-01  4.860756e-01  0.000000e+00
   outer loop
     vertex  8.100624e+00 -4.361179e+00  9.600000e+01
     vertex  8.100624e+00 -4.361179e+00  9.280000e+01
     vertex  7.977931e+00 -4.581771e+00  9.280000e+01
   endloop
 endfacet
 facet normal -8.739167e-01  4.860756e-01 -1.801335e-18
   outer loop
     vertex  8.100624e+00 -4.361179e+00  9.600000e+01
     vertex  7.977931e+00 -4.581771e+00  9.280000e+01
     vertex  7.977931e+00 -4.581771e+00  9.600000e+01
   endloop
 endfacet
 facet normal -8.869228e-01  4.619176e-01 -1.154775e-18
   outer loop
     vertex  8.217220e+00 -4.137305e+00  9.600000e+01
     vertex  8.100624e+00 -4.361179e+00  9.280000e+01
     vertex  8.100624e+00 -4.361179e+00  9.600000e+01
   endloop
 endfacet
 facet normal -8.869228e-01  4.619176e-01  0.000000e+00
   outer loop
     vertex  8.217220e+00 -4.137305e+00  9.600000e+01
     vertex  8.217220e+00 -4.137305e+00  9.280000e+01
     vertex  8.100624e+00 -4.361179e+00  9.280000e+01
   endloop
 endfacet
 facet normal -8.992613e-01  4.374119e-01  1.451667e-18
   outer loop
     vertex  8.327630e+00 -3.910316e+00  9.600000e+01
     vertex  8.217220e+00 -4.137305e+00  9.280000e+01
     vertex  8.217220e+00 -4.137305e+00  9.600000e+01
   endloop
 endfacet
 facet normal -8.992613e-01  4.374119e-01  0.000000e+00
   outer loop
     vertex  8.327630e+00 -3.910316e+00  9.600000e+01
     vertex  8.327630e+00 -3.910316e+00  9.280000e+01
     vertex  8.217220e+00 -4.137305e+00  9.280000e+01
   endloop
 endfacet
 facet normal -9.109228e-01  4.125769e-01  7.930719e-19
   outer loop
     vertex  8.431772e+00 -3.680384e+00  9.600000e+01
     vertex  8.327630e+00 -3.910316e+00  9.280000e+01
     vertex  8.327630e+00 -3.910316e+00  9.600000e+01
   endloop
 endfacet
 facet normal -9.109228e-01  4.125769e-01  0.000000e+00
   outer loop
     vertex  8.431772e+00 -3.680384e+00  9.600000e+01
     vertex  8.431772e+00 -3.680384e+00  9.280000e+01
     vertex  8.327630e+00 -3.910316e+00  9.280000e+01
   endloop
 endfacet
 facet normal -9.218986e-01  3.874313e-01  1.034695e-18
   outer loop
     vertex  8.529566e+00 -3.447681e+00  9.600000e+01
     vertex  8.431772e+00 -3.680384e+00  9.280000e+01
     vertex  8.431772e+00 -3.680384e+00  9.600000e+01
   endloop
 endfacet
 facet normal -9.218986e-01  3.874313e-01  0.000000e+00
   outer loop
     vertex  8.529566e+00 -3.447681e+00  9.600000e+01
     vertex  8.529566e+00 -3.447681e+00  9.280000e+01
     vertex  8.431772e+00 -3.680384e+00  9.280000e+01
   endloop
 endfacet
 facet normal -9.321804e-01  3.619940e-01  3.618383e-19
   outer loop
     vertex  8.620939e+00 -3.212383e+00  9.600000e+01
     vertex  8.529566e+00 -3.447681e+00  9.280000e+01
     vertex  8.529566e+00 -3.447681e+00  9.600000e+01
   endloop
 endfacet
 facet normal -9.321804e-01  3.619940e-01  0.000000e+00
   outer loop
     vertex  8.620939e+00 -3.212383e+00  9.600000e+01
     vertex  8.620939e+00 -3.212383e+00  9.280000e+01
     vertex  8.529566e+00 -3.447681e+00  9.280000e+01
   endloop
 endfacet
 facet normal -9.417605e-01  3.362843e-01 -1.622012e-18
   outer loop
     vertex  8.705823e+00 -2.974666e+00  9.600000e+01
     vertex  8.620939e+00 -3.212383e+00  9.280000e+01
     vertex  8.620939e+00 -3.212383e+00  9.600000e+01
   endloop
 endfacet
 facet normal -9.417605e-01  3.362843e-01  0.000000e+00
   outer loop
     vertex  8.705823e+00 -2.974666e+00  9.600000e+01
     vertex  8.705823e+00 -2.974666e+00  9.280000e+01
     vertex  8.620939e+00 -3.212383e+00  9.280000e+01
   endloop
 endfacet
 facet normal -9.506317e-01  3.103214e-01  0.000000e+00
   outer loop
     vertex  8.705823e+00 -2.974666e+00  9.600000e+01
     vertex  8.784154e+00 -2.734711e+00  9.280000e+01
     vertex  8.705823e+00 -2.974666e+00  9.280000e+01
   endloop
 endfacet
 facet normal -9.506317e-01  3.103214e-01  0.000000e+00
   outer loop
     vertex  8.784154e+00 -2.734711e+00  9.600000e+01
     vertex  8.784154e+00 -2.734711e+00  9.280000e+01
     vertex  8.705823e+00 -2.974666e+00  9.600000e+01
   endloop
 endfacet
 facet normal -9.587873e-01  2.841250e-01 -1.514545e-18
   outer loop
     vertex  8.855872e+00 -2.492697e+00  9.600000e+01
     vertex  8.784154e+00 -2.734711e+00  9.280000e+01
     vertex  8.784154e+00 -2.734711e+00  9.600000e+01
   endloop
 endfacet
 facet normal -9.587873e-01  2.841250e-01  0.000000e+00
   outer loop
     vertex  8.855872e+00 -2.492697e+00  9.600000e+01
     vertex  8.855872e+00 -2.492697e+00  9.280000e+01
     vertex  8.784154e+00 -2.734711e+00  9.280000e+01
   endloop
 endfacet
 facet normal -9.662211e-01  2.577146e-01 -1.996489e-18
   outer loop
     vertex  8.920923e+00 -2.248806e+00  9.600000e+01
     vertex  8.855872e+00 -2.492697e+00  9.280000e+01
     vertex  8.855872e+00 -2.492697e+00  9.600000e+01
   endloop
 endfacet
 facet normal -9.662211e-01  2.577146e-01  0.000000e+00
   outer loop
     vertex  8.920923e+00 -2.248806e+00  9.600000e+01
     vertex  8.920923e+00 -2.248806e+00  9.280000e+01
     vertex  8.855872e+00 -2.492697e+00  9.280000e+01
   endloop
 endfacet
 facet normal -9.729276e-01  2.311102e-01  0.000000e+00
   outer loop
     vertex  8.920923e+00 -2.248806e+00  9.600000e+01
     vertex  8.979259e+00 -2.003222e+00  9.280000e+01
     vertex  8.920923e+00 -2.248806e+00  9.280000e+01
   endloop
 endfacet
 facet normal -9.729276e-01  2.311102e-01  0.000000e+00
   outer loop
     vertex  8.979259e+00 -2.003222e+00  9.600000e+01
     vertex  8.979259e+00 -2.003222e+00  9.280000e+01
     vertex  8.920923e+00 -2.248806e+00  9.600000e+01
   endloop
 endfacet
 facet normal -9.789017e-01  2.043319e-01  2.288196e-19
   outer loop
     vertex  9.030836e+00 -1.756131e+00  9.600000e+01
     vertex  8.979259e+00 -2.003222e+00  9.280000e+01
     vertex  8.979259e+00 -2.003222e+00  9.600000e+01
   endloop
 endfacet
 facet normal -9.789017e-01  2.043319e-01  0.000000e+00
   outer loop
     vertex  9.030836e+00 -1.756131e+00  9.600000e+01
     vertex  9.030836e+00 -1.756131e+00  9.280000e+01
     vertex  8.979259e+00 -2.003222e+00  9.280000e+01
   endloop
 endfacet
 facet normal -9.841389e-01  1.773998e-01 -1.347278e-19
   outer loop
     vertex  9.075615e+00 -1.507718e+00  9.600000e+01
     vertex  9.030836e+00 -1.756131e+00  9.280000e+01
     vertex  9.030836e+00 -1.756131e+00  9.600000e+01
   endloop
 endfacet
 facet normal -9.841389e-01  1.773998e-01  0.000000e+00
   outer loop
     vertex  9.075615e+00 -1.507718e+00  9.600000e+01
     vertex  9.075615e+00 -1.507718e+00  9.280000e+01
     vertex  9.030836e+00 -1.756131e+00  9.280000e+01
   endloop
 endfacet
 facet normal -9.886353e-01  1.503341e-01  0.000000e+00
   outer loop
     vertex  9.075615e+00 -1.507718e+00  9.600000e+01
     vertex  9.113562e+00 -1.258169e+00  9.280000e+01
     vertex  9.075615e+00 -1.507718e+00  9.280000e+01
   endloop
 endfacet
 facet normal -9.886353e-01  1.503341e-01  0.000000e+00
   outer loop
     vertex  9.113562e+00 -1.258169e+00  9.600000e+01
     vertex  9.113562e+00 -1.258169e+00  9.280000e+01
     vertex  9.075615e+00 -1.507718e+00  9.600000e+01
   endloop
 endfacet
 facet normal -9.923874e-01  1.231552e-01  0.000000e+00
   outer loop
     vertex  9.144648e+00 -1.007674e+00  9.600000e+01
     vertex  9.144648e+00 -1.007674e+00  9.280000e+01
     vertex  9.113562e+00 -1.258169e+00  9.280000e+01
   endloop
 endfacet
 facet normal -9.923874e-01  1.231552e-01 -5.118941e-19
   outer loop
     vertex  9.144648e+00 -1.007674e+00  9.600000e+01
     vertex  9.113562e+00 -1.258169e+00  9.280000e+01
     vertex  9.113562e+00 -1.258169e+00  9.600000e+01
   endloop
 endfacet
 facet normal -9.953925e-01  9.588368e-02  0.000000e+00
   outer loop
     vertex  9.168851e+00 -7.564199e-01  9.600000e+01
     vertex  9.168851e+00 -7.564199e-01  9.280000e+01
     vertex  9.144648e+00 -1.007674e+00  9.280000e+01
   endloop
 endfacet
 facet normal -9.953925e-01  9.588368e-02 -3.017620e-19
   outer loop
     vertex  9.168851e+00 -7.564199e-01  9.600000e+01
     vertex  9.144648e+00 -1.007674e+00  9.280000e+01
     vertex  9.144648e+00 -1.007674e+00  9.600000e+01
   endloop
 endfacet
 facet normal -9.976484e-01  6.853995e-02  0.000000e+00
   outer loop
     vertex  9.186152e+00 -5.045965e-01  9.600000e+01
     vertex  9.186152e+00 -5.045965e-01  9.280000e+01
     vertex  9.168851e+00 -7.564199e-01  9.280000e+01
   endloop
 endfacet
 facet normal -9.976484e-01  6.853995e-02  1.207403e-19
   outer loop
     vertex  9.186152e+00 -5.045965e-01  9.600000e+01
     vertex  9.168851e+00 -7.564199e-01  9.280000e+01
     vertex  9.168851e+00 -7.564199e-01  9.600000e+01
   endloop
 endfacet
 facet normal -9.991532e-01  4.114462e-02  0.000000e+00
   outer loop
     vertex  9.196537e+00 -2.523932e-01  9.600000e+01
     vertex  9.196537e+00 -2.523932e-01  9.280000e+01
     vertex  9.186152e+00 -5.045965e-01  9.280000e+01
   endloop
 endfacet
 facet normal -9.991532e-01  4.114462e-02 -2.419340e-19
   outer loop
     vertex  9.196537e+00 -2.523932e-01  9.600000e+01
     vertex  9.186152e+00 -5.045965e-01  9.280000e+01
     vertex  9.186152e+00 -5.045965e-01  9.600000e+01
   endloop
 endfacet
 facet normal -9.999059e-01  1.371831e-02  0.000000e+00
   outer loop
     vertex  9.200000e+00 -2.253350e-15  9.600000e+01
     vertex  9.200000e+00 -2.253350e-15  9.280000e+01
     vertex  9.196537e+00 -2.523932e-01  9.280000e+01
   endloop
 endfacet
 facet normal -9.999059e-01  1.371831e-02  2.379741e-20
   outer loop
     vertex  9.200000e+00 -2.253350e-15  9.600000e+01
     vertex  9.196537e+00 -2.523932e-01  9.280000e+01
     vertex  9.196537e+00 -2.523932e-01  9.600000e+01
   endloop
 endfacet
 facet normal  0.000000e+00  0.000000e+00  1.000000e+00
   outer loop
     vertex -6.162252e+00 -6.831299e+00  9.280000e+01
     vertex -6.527656e+00 -6.483033e+00  9.280000e+01
     vertex -6.347343e+00 -6.659673e+00  9.280000e+01
   endloop
 endfacet
 facet normal  0.000000e+00  0.000000e+00  1.000000e+00
   outer loop
     vertex -5.778297e+00 -7.159000e+00  9.280000e+01
     vertex -6.527656e+00 -6.483033e+00  9.280000e+01
     vertex -6.162252e+00 -6.831299e+00  9.280000e+01
   endloop
 endfacet
 facet normal  0.000000e+00  0.000000e+00  1.000000e+00
   outer loop
     vertex -5.778297e+00 -7.159000e+00  9.280000e+01
     vertex -6.703054e+00 -6.301513e+00  9.280000e+01
     vertex -6.527656e+00 -6.483033e+00  9.280000e+01
   endloop
 endfacet
 facet normal  0.000000e+00  0.000000e+00  1.000000e+00
   outer loop
     vertex -5.778297e+00 -7.159000e+00  9.280000e+01
     vertex -6.162252e+00 -6.831299e+00  9.280000e+01
     vertex -5.972522e+00 -6.997784e+00  9.280000e+01
   endloop
 endfacet
 facet normal  0.000000e+00  0.000000e+00  1.000000e+00
   outer loop
     vertex -7.352929e+00 -5.529416e+00  9.280000e+01
     vertex -7.198467e+00 -5.729055e+00  9.280000e+01
     vertex -7.038586e+00 -5.924382e+00  9.280000e+01
   endloop
 endfacet
 facet normal  0.000000e+00  0.000000e+00  1.000000e+00
   outer loop
     vertex -7.352929e+00 -5.529416e+00  9.280000e+01
     vertex -7.038586e+00 -5.924382e+00  9.280000e+01
     vertex -6.873408e+00 -6.115249e+00  9.280000e+01
   endloop
 endfacet
 facet normal  0.000000e+00  0.000000e+00  1.000000e+00
   outer loop
     vertex -7.352929e+00 -5.529416e+00  9.280000e+01
     vertex -6.873408e+00 -6.115249e+00  9.280000e+01
     vertex -6.703054e+00 -6.301513e+00  9.280000e+01
   endloop
 endfacet
 facet normal  0.000000e+00  0.000000e+00  1.000000e+00
   outer loop
     vertex -5.170123e+00 -7.609851e+00  9.280000e+01
     vertex -5.579722e+00 -7.314828e+00  9.280000e+01
     vertex -5.376946e+00 -7.465149e+00  9.280000e+01
   endloop
 endfacet
 facet normal  0.000000e+00  0.000000e+00  1.000000e+00
   outer loop
     vertex -7.782660e+00 -4.906140e+00  9.280000e+01
     vertex -7.645135e+00 -5.117803e+00  9.280000e+01
     vertex -7.501856e+00 -5.325614e+00  9.280000e+01
   endloop
 endfacet
 facet normal  0.000000e+00  0.000000e+00  1.000000e+00
   outer loop
     vertex -7.782660e+00 -4.906140e+00  9.280000e+01
     vertex -7.501856e+00 -5.325614e+00  9.280000e+01
     vertex -7.352929e+00 -5.529416e+00  9.280000e+01
   endloop
 endfacet
 facet normal  0.000000e+00  0.000000e+00  1.000000e+00
   outer loop
     vertex -4.744960e+00 -7.881964e+00  9.280000e+01
     vertex -5.778297e+00 -7.159000e+00  9.280000e+01
     vertex -5.579722e+00 -7.314828e+00  9.280000e+01
   endloop
 endfacet
 facet normal  0.000000e+00  0.000000e+00  1.000000e+00
   outer loop
     vertex -4.744960e+00 -7.881964e+00  9.280000e+01
     vertex -5.170123e+00 -7.609851e+00  9.280000e+01
     vertex -4.959408e+00 -7.748824e+00  9.280000e+01
   endloop
 endfacet
 facet normal  0.000000e+00  0.000000e+00  1.000000e+00
   outer loop
     vertex -4.744960e+00 -7.881964e+00  9.280000e+01
     vertex -5.579722e+00 -7.314828e+00  9.280000e+01
     vertex -5.170123e+00 -7.609851e+00  9.280000e+01
   endloop
 endfacet
 facet normal  0.000000e+00  0.000000e+00  1.000000e+00
   outer loop
     vertex -8.159690e+00 -4.249642e+00  9.280000e+01
     vertex -8.040034e+00 -4.471896e+00  9.280000e+01
     vertex -7.914326e+00 -4.690783e+00  9.280000e+01
   endloop
 endfacet
 facet normal  0.000000e+00  0.000000e+00  1.000000e+00
   outer loop
     vertex -8.159690e+00 -4.249642e+00  9.280000e+01
     vertex -7.914326e+00 -4.690783e+00  9.280000e+01
     vertex -7.782660e+00 -4.906140e+00  9.280000e+01
   endloop
 endfacet
 facet normal  0.000000e+00  0.000000e+00  1.000000e+00
   outer loop
     vertex -8.159690e+00 -4.249642e+00  9.280000e+01
     vertex -6.703054e+00 -6.301513e+00  9.280000e+01
     vertex -5.778297e+00 -7.159000e+00  9.280000e+01
   endloop
 endfacet
 facet normal  0.000000e+00  0.000000e+00  1.000000e+00
   outer loop
     vertex -8.159690e+00 -4.249642e+00  9.280000e+01
     vertex -7.352929e+00 -5.529416e+00  9.280000e+01
     vertex -6.703054e+00 -6.301513e+00  9.280000e+01
   endloop
 endfacet
 facet normal  0.000000e+00  0.000000e+00  1.000000e+00
   outer loop
     vertex -8.159690e+00 -4.249642e+00  9.280000e+01
     vertex -5.778297e+00 -7.159000e+00  9.280000e+01
     vertex -4.744960e+00 -7.881964e+00  9.280000e+01
   endloop
 endfacet
 facet normal  0.000000e+00  0.000000e+00  1.000000e+00
   outer loop
     vertex -8.159690e+00 -4.249642e+00  9.280000e+01
     vertex -4.744960e+00 -7.881964e+00  9.280000e+01
     vertex -4.526940e+00 -8.009171e+00  9.280000e+01
   endloop
 endfacet
 facet normal  0.000000e+00  0.000000e+00  1.000000e+00
   outer loop
     vertex -8.159690e+00 -4.249642e+00  9.280000e+01
     vertex -7.782660e+00 -4.906140e+00  9.280000e+01
     vertex -7.352929e+00 -5.529416e+00  9.280000e+01
   endloop
 endfacet
 facet normal  0.000000e+00  0.000000e+00  1.000000e+00
   outer loop
     vertex -4.080843e+00 -8.245406e+00  9.280000e+01
     vertex -4.526940e+00 -8.009171e+00  9.280000e+01
     vertex -4.305512e+00 -8.130348e+00  9.280000e+01
   endloop
 endfacet
 facet normal  0.000000e+00  0.000000e+00  1.000000e+00
   outer loop
     vertex -8.380490e+00 -3.795707e+00  9.280000e+01
     vertex -8.273204e+00 -4.024189e+00  9.280000e+01
     vertex -8.159690e+00 -4.249642e+00  9.280000e+01
   endloop
 endfacet
 facet normal  0.000000e+00  0.000000e+00  1.000000e+00
   outer loop
     vertex -8.380490e+00 -3.795707e+00  9.280000e+01
     vertex -8.159690e+00 -4.249642e+00  9.280000e+01
     vertex -4.526940e+00 -8.009171e+00  9.280000e+01
   endloop
 endfacet
 facet normal  0.000000e+00  0.000000e+00  1.000000e+00
   outer loop
     vertex -3.622461e+00 -8.456818e+00  9.280000e+01
     vertex -4.080843e+00 -8.245406e+00  9.280000e+01
     vertex -3.853102e+00 -8.354257e+00  9.280000e+01
   endloop
 endfacet
 facet normal  0.000000e+00  0.000000e+00  1.000000e+00
   outer loop
     vertex -3.622461e+00 -8.456818e+00  9.280000e+01
     vertex -4.526940e+00 -8.009171e+00  9.280000e+01
     vertex -4.080843e+00 -8.245406e+00  9.280000e+01
   endloop
 endfacet
 facet normal  0.000000e+00  0.000000e+00  1.000000e+00
   outer loop
     vertex -3.389093e+00 -8.553014e+00  9.280000e+01
     vertex -4.526940e+00 -8.009171e+00  9.280000e+01
     vertex -3.622461e+00 -8.456818e+00  9.280000e+01
   endloop
 endfacet
 facet normal  0.000000e+00  0.000000e+00  1.000000e+00
   outer loop
     vertex -8.576060e+00 -3.330345e+00  9.280000e+01
     vertex -8.481467e+00 -3.564368e+00  9.280000e+01
     vertex -8.380490e+00 -3.795707e+00  9.280000e+01
   endloop
 endfacet
 facet normal  0.000000e+00  0.000000e+00  1.000000e+00
   outer loop
     vertex -2.674393e+00 -8.802705e+00  9.280000e+01
     vertex -3.153173e+00 -8.642771e+00  9.280000e+01
     vertex -2.914880e+00 -8.726023e+00  9.280000e+01
   endloop
 endfacet
 facet normal  0.000000e+00  0.000000e+00  1.000000e+00
   outer loop
     vertex -8.820843e+00 -2.613950e+00  9.280000e+01
     vertex -8.745812e+00 -2.854957e+00  9.280000e+01
     vertex -8.664197e+00 -3.093816e+00  9.280000e+01
   endloop
 endfacet
 facet normal  0.000000e+00  0.000000e+00  1.000000e+00
   outer loop
     vertex -2.431893e+00 -8.872762e+00  9.280000e+01
     vertex -3.153173e+00 -8.642771e+00  9.280000e+01
     vertex -2.674393e+00 -8.802705e+00  9.280000e+01
   endloop
 endfacet
 facet normal  0.000000e+00  0.000000e+00  1.000000e+00
   outer loop
     vertex -2.431893e+00 -8.872762e+00  9.280000e+01
     vertex -3.389093e+00 -8.553014e+00  9.280000e+01
     vertex -3.153173e+00 -8.642771e+00  9.280000e+01
   endloop
 endfacet
 facet normal  0.000000e+00  0.000000e+00  1.000000e+00
   outer loop
     vertex -2.431893e+00 -8.872762e+00  9.280000e+01
     vertex -8.380490e+00 -3.795707e+00  9.280000e+01
     vertex -4.526940e+00 -8.009171e+00  9.280000e+01
   endloop
 endfacet
 facet normal  0.000000e+00  0.000000e+00  1.000000e+00
   outer loop
     vertex -2.431893e+00 -8.872762e+00  9.280000e+01
     vertex -4.526940e+00 -8.009171e+00  9.280000e+01
     vertex -3.389093e+00 -8.553014e+00  9.280000e+01
   endloop
 endfacet
 facet normal  0.000000e+00  0.000000e+00  1.000000e+00
   outer loop
     vertex -2.431893e+00 -8.872762e+00  9.280000e+01
     vertex -8.576060e+00 -3.330345e+00  9.280000e+01
     vertex -8.380490e+00 -3.795707e+00  9.280000e+01
   endloop
 endfacet
 facet normal  0.000000e+00  0.000000e+00  1.000000e+00
   outer loop
     vertex -8.950934e+00 -2.126214e+00  9.280000e+01
     vertex -8.889234e+00 -2.370974e+00  9.280000e+01
     vertex -8.820843e+00 -2.613950e+00  9.280000e+01
   endloop
 endfacet
 facet normal  0.000000e+00  0.000000e+00  1.000000e+00
   outer loop
     vertex -1.941584e+00 -8.992789e+00  9.280000e+01
     vertex -8.576060e+00 -3.330345e+00  9.280000e+01
     vertex -2.431893e+00 -8.872762e+00  9.280000e+01
   endloop
 endfacet
 facet normal  0.000000e+00  0.000000e+00  1.000000e+00
   outer loop
     vertex -1.941584e+00 -8.992789e+00  9.280000e+01
     vertex -8.664197e+00 -3.093816e+00  9.280000e+01
     vertex -8.576060e+00 -3.330345e+00  9.280000e+01
   endloop
 endfacet
 facet normal  0.000000e+00  0.000000e+00  1.000000e+00
   outer loop
     vertex -1.941584e+00 -8.992789e+00  9.280000e+01
     vertex -2.431893e+00 -8.872762e+00  9.280000e+01
     vertex -2.187562e+00 -8.936139e+00  9.280000e+01
   endloop
 endfacet
 facet normal  0.000000e+00  0.000000e+00  1.000000e+00
   outer loop
     vertex -1.694144e+00 -9.042670e+00  9.280000e+01
     vertex -8.664197e+00 -3.093816e+00  9.280000e+01
     vertex -1.941584e+00 -8.992789e+00  9.280000e+01
   endloop
 endfacet
 facet normal  0.000000e+00  0.000000e+00  1.000000e+00
   outer loop
     vertex -9.095444e+00 -1.383074e+00  9.280000e+01
     vertex -8.950934e+00 -2.126214e+00  9.280000e+01
     vertex -8.820843e+00 -2.613950e+00  9.280000e+01
   endloop
 endfacet
 facet normal  0.000000e+00  0.000000e+00  1.000000e+00
   outer loop
     vertex -9.095444e+00 -1.383074e+00  9.280000e+01
     vertex -9.054078e+00 -1.632078e+00  9.280000e+01
     vertex -9.005895e+00 -1.879854e+00  9.280000e+01
   endloop
 endfacet
 facet normal  0.000000e+00  0.000000e+00  1.000000e+00
   outer loop
     vertex -9.095444e+00 -1.383074e+00  9.280000e+01
     vertex -9.005895e+00 -1.879854e+00  9.280000e+01
     vertex -8.950934e+00 -2.126214e+00  9.280000e+01
   endloop
 endfacet
 facet normal  0.000000e+00  0.000000e+00  1.000000e+00
   outer loop
     vertex -1.195627e+00 -9.121978e+00  9.280000e+01
     vertex -1.694144e+00 -9.042670e+00  9.280000e+01
     vertex -1.445430e+00 -9.085743e+00  9.280000e+01
   endloop
 endfacet
 facet normal  0.000000e+00  0.000000e+00  1.000000e+00
   outer loop
     vertex -9.157611e+00 -8.821299e-01  9.280000e+01
     vertex -9.129964e+00 -1.133028e+00  9.280000e+01
     vertex -9.095444e+00 -1.383074e+00  9.280000e+01
   endloop
 endfacet
 facet normal  0.000000e+00  0.000000e+00  1.000000e+00
   outer loop
     vertex -6.935100e-01 -9.173824e+00  9.280000e+01
     vertex -8.664197e+00 -3.093816e+00  9.280000e+01
     vertex -1.694144e+00 -9.042670e+00  9.280000e+01
   endloop
 endfacet
 facet normal  0.000000e+00  0.000000e+00  1.000000e+00
   outer loop
     vertex -6.935100e-01 -9.173824e+00  9.280000e+01
     vertex -1.694144e+00 -9.042670e+00  9.280000e+01
     vertex -1.195627e+00 -9.121978e+00  9.280000e+01
   endloop
 endfacet
 facet normal  0.000000e+00  0.000000e+00  1.000000e+00
   outer loop
     vertex -6.935100e-01 -9.173824e+00  9.280000e+01
     vertex -1.195627e+00 -9.121978e+00  9.280000e+01
     vertex -9.449241e-01 -9.151345e+00  9.280000e+01
   endloop
 endfacet
 facet normal  0.000000e+00  0.000000e+00  1.000000e+00
   outer loop
     vertex -9.192209e+00 -3.785305e-01  9.280000e+01
     vertex -9.178365e+00 -6.305675e-01  9.280000e+01
     vertex -9.157611e+00 -8.821299e-01  9.280000e+01
   endloop
 endfacet
 facet normal  0.000000e+00  0.000000e+00  1.000000e+00
   outer loop
     vertex -1.893053e-01 -9.198052e+00  9.280000e+01
     vertex -6.935100e-01 -9.173824e+00  9.280000e+01
     vertex -4.415739e-01 -9.189397e+00  9.280000e+01
   endloop
 endfacet
 facet normal  0.000000e+00  0.000000e+00  1.000000e+00
   outer loop
     vertex  6.310573e-02 -9.199784e+00  9.280000e+01
     vertex -6.935100e-01 -9.173824e+00  9.280000e+01
     vertex -1.893053e-01 -9.198052e+00  9.280000e+01
   endloop
 endfacet
 facet normal  0.000000e+00  0.000000e+00  1.000000e+00
   outer loop
     vertex -9.199134e+00  1.262085e-01  9.280000e+01
     vertex -9.199134e+00 -1.262085e-01  9.280000e+01
     vertex -9.192209e+00 -3.785305e-01  9.280000e+01
   endloop
 endfacet
 facet normal  0.000000e+00  0.000000e+00  1.000000e+00
   outer loop
     vertex  5.675954e-01 -9.182474e+00  9.280000e+01
     vertex  6.310573e-02 -9.199784e+00  9.280000e+01
     vertex  3.154693e-01 -9.194590e+00  9.280000e+01
   endloop
 endfacet
 facet normal  0.000000e+00  0.000000e+00  1.000000e+00
   outer loop
     vertex -9.178365e+00  6.305675e-01  9.280000e+01
     vertex -9.192209e+00  3.785305e-01  9.280000e+01
     vertex -9.199134e+00  1.262085e-01  9.280000e+01
   endloop
 endfacet
 facet normal  0.000000e+00  0.000000e+00  1.000000e+00
   outer loop
     vertex  8.192942e-01 -9.163447e+00  9.280000e+01
     vertex -6.935100e-01 -9.173824e+00  9.280000e+01
     vertex  6.310573e-02 -9.199784e+00  9.280000e+01
   endloop
 endfacet
 facet normal  0.000000e+00  0.000000e+00  1.000000e+00
   outer loop
     vertex  8.192942e-01 -9.163447e+00  9.280000e+01
     vertex  6.310573e-02 -9.199784e+00  9.280000e+01
     vertex  5.675954e-01 -9.182474e+00  9.280000e+01
   endloop
 endfacet
 facet normal  0.000000e+00  0.000000e+00  1.000000e+00
   outer loop
     vertex -9.157611e+00  8.821299e-01  9.280000e+01
     vertex -9.157611e+00 -8.821299e-01  9.280000e+01
     vertex -9.095444e+00 -1.383074e+00  9.280000e+01
   endloop
 endfacet
 facet normal  0.000000e+00  0.000000e+00  1.000000e+00
   outer loop
     vertex -9.157611e+00  8.821299e-01  9.280000e+01
     vertex -9.192209e+00 -3.785305e-01  9.280000e+01
     vertex -9.157611e+00 -8.821299e-01  9.280000e+01
   endloop
 endfacet
 facet normal  0.000000e+00  0.000000e+00  1.000000e+00
   outer loop
     vertex -9.157611e+00  8.821299e-01  9.280000e+01
     vertex -9.199134e+00  1.262085e-01  9.280000e+01
     vertex -9.192209e+00 -3.785305e-01  9.280000e+01
   endloop
 endfacet
 facet normal  0.000000e+00  0.000000e+00  1.000000e+00
   outer loop
     vertex -9.157611e+00  8.821299e-01  9.280000e+01
     vertex -9.178365e+00  6.305675e-01  9.280000e+01
     vertex -9.199134e+00  1.262085e-01  9.280000e+01
   endloop
 endfacet
 facet normal  0.000000e+00  0.000000e+00  1.000000e+00
   outer loop
     vertex -9.095444e+00  1.383074e+00  9.280000e+01
     vertex -9.129964e+00  1.133028e+00  9.280000e+01
     vertex -9.157611e+00  8.821299e-01  9.280000e+01
   endloop
 endfacet
 facet normal  0.000000e+00  0.000000e+00  1.000000e+00
   outer loop
     vertex  1.569935e+00 -9.065060e+00  9.280000e+01
     vertex  8.192942e-01 -9.163447e+00  9.280000e+01
     vertex  1.070376e+00 -9.137521e+00  9.280000e+01
   endloop
 endfacet
 facet normal  0.000000e+00  0.000000e+00  1.000000e+00
   outer loop
     vertex  1.569935e+00 -9.065060e+00  9.280000e+01
     vertex  1.070376e+00 -9.137521e+00  9.280000e+01
     vertex  1.320653e+00 -9.104717e+00  9.280000e+01
   endloop
 endfacet
 facet normal  0.000000e+00  0.000000e+00  1.000000e+00
   outer loop
     vertex  1.818035e+00 -9.018578e+00  9.280000e+01
     vertex -8.820843e+00 -2.613950e+00  9.280000e+01
     vertex -8.664197e+00 -3.093816e+00  9.280000e+01
   endloop
 endfacet
 facet normal  0.000000e+00  0.000000e+00  1.000000e+00
   outer loop
     vertex  1.818035e+00 -9.018578e+00  9.280000e+01
     vertex -9.095444e+00 -1.383074e+00  9.280000e+01
     vertex -8.820843e+00 -2.613950e+00  9.280000e+01
   endloop
 endfacet
 facet normal  0.000000e+00  0.000000e+00  1.000000e+00
   outer loop
     vertex  1.818035e+00 -9.018578e+00  9.280000e+01
     vertex -8.664197e+00 -3.093816e+00  9.280000e+01
     vertex -6.935100e-01 -9.173824e+00  9.280000e+01
   endloop
 endfacet
 facet normal  0.000000e+00  0.000000e+00  1.000000e+00
   outer loop
     vertex  1.818035e+00 -9.018578e+00  9.280000e+01
     vertex -9.157611e+00  8.821299e-01  9.280000e+01
     vertex -9.095444e+00 -1.383074e+00  9.280000e+01
   endloop
 endfacet
 facet normal  0.000000e+00  0.000000e+00  1.000000e+00
   outer loop
     vertex  1.818035e+00 -9.018578e+00  9.280000e+01
     vertex -6.935100e-01 -9.173824e+00  9.280000e+01
     vertex  8.192942e-01 -9.163447e+00  9.280000e+01
   endloop
 endfacet
 facet normal  0.000000e+00  0.000000e+00  1.000000e+00
   outer loop
     vertex  1.818035e+00 -9.018578e+00  9.280000e+01
     vertex -9.095444e+00  1.383074e+00  9.280000e+01
     vertex -9.157611e+00  8.821299e-01  9.280000e+01
   endloop
 endfacet
 facet normal  0.000000e+00  0.000000e+00  1.000000e+00
   outer loop
     vertex  1.818035e+00 -9.018578e+00  9.280000e+01
     vertex  8.192942e-01 -9.163447e+00  9.280000e+01
     vertex  1.569935e+00 -9.065060e+00  9.280000e+01
   endloop
 endfacet
 facet normal  0.000000e+00  0.000000e+00  1.000000e+00
   outer loop
     vertex -9.005895e+00  1.879854e+00  9.280000e+01
     vertex -9.054078e+00  1.632078e+00  9.280000e+01
     vertex -9.095444e+00  1.383074e+00  9.280000e+01
   endloop
 endfacet
 facet normal  0.000000e+00  0.000000e+00  1.000000e+00
   outer loop
     vertex  2.309944e+00 -8.905288e+00  9.280000e+01
     vertex  1.818035e+00 -9.018578e+00  9.280000e+01
     vertex  2.064767e+00 -8.965307e+00  9.280000e+01
   endloop
 endfacet
 facet normal  0.000000e+00  0.000000e+00  1.000000e+00
   outer loop
     vertex -8.889234e+00  2.370974e+00  9.280000e+01
     vertex -8.950934e+00  2.126214e+00  9.280000e+01
     vertex -9.005895e+00  1.879854e+00  9.280000e+01
   endloop
 endfacet
 facet normal  0.000000e+00  0.000000e+00  1.000000e+00
   outer loop
     vertex -8.820843e+00  2.613950e+00  9.280000e+01
     vertex -8.889234e+00  2.370974e+00  9.280000e+01
     vertex -9.005895e+00  1.879854e+00  9.280000e+01
   endloop
 endfacet
 facet normal  0.000000e+00  0.000000e+00  1.000000e+00
   outer loop
     vertex  2.794900e+00 -8.765189e+00  9.280000e+01
     vertex  2.309944e+00 -8.905288e+00  9.280000e+01
     vertex  2.553383e+00 -8.838565e+00  9.280000e+01
   endloop
 endfacet
 facet normal  0.000000e+00  0.000000e+00  1.000000e+00
   outer loop
     vertex  2.794900e+00 -8.765189e+00  9.280000e+01
     vertex  1.818035e+00 -9.018578e+00  9.280000e+01
     vertex  2.309944e+00 -8.905288e+00  9.280000e+01
   endloop
 endfacet
 facet normal  0.000000e+00  0.000000e+00  1.000000e+00
   outer loop
     vertex  3.034312e+00 -8.685214e+00  9.280000e+01
     vertex  1.818035e+00 -9.018578e+00  9.280000e+01
     vertex  2.794900e+00 -8.765189e+00  9.280000e+01
   endloop
 endfacet
 facet normal  0.000000e+00  0.000000e+00  1.000000e+00
   outer loop
     vertex -8.481467e+00  3.564368e+00  9.280000e+01
     vertex -8.576060e+00  3.330345e+00  9.280000e+01
     vertex -8.664197e+00  3.093816e+00  9.280000e+01
   endloop
 endfacet
 facet normal  0.000000e+00  0.000000e+00  1.000000e+00
   outer loop
     vertex -8.481467e+00  3.564368e+00  9.280000e+01
     vertex -8.664197e+00  3.093816e+00  9.280000e+01
     vertex -8.745812e+00  2.854957e+00  9.280000e+01
   endloop
 endfacet
 facet normal  0.000000e+00  0.000000e+00  1.000000e+00
   outer loop
     vertex -8.481467e+00  3.564368e+00  9.280000e+01
     vertex -8.745812e+00  2.854957e+00  9.280000e+01
     vertex -8.820843e+00  2.613950e+00  9.280000e+01
   endloop
 endfacet
 facet normal  0.000000e+00  0.000000e+00  1.000000e+00
   outer loop
     vertex -8.481467e+00  3.564368e+00  9.280000e+01
     vertex -9.005895e+00  1.879854e+00  9.280000e+01
     vertex -9.095444e+00  1.383074e+00  9.280000e+01
   endloop
 endfacet
 facet normal  0.000000e+00  0.000000e+00  1.000000e+00
   outer loop
     vertex -8.481467e+00  3.564368e+00  9.280000e+01
     vertex -8.820843e+00  2.613950e+00  9.280000e+01
     vertex -9.005895e+00  1.879854e+00  9.280000e+01
   endloop
 endfacet
 facet normal  0.000000e+00  0.000000e+00  1.000000e+00
   outer loop
     vertex  5.065242e+00 -7.680060e+00  9.280000e+01
     vertex -9.095444e+00  1.383074e+00  9.280000e+01
     vertex  1.818035e+00 -9.018578e+00  9.280000e+01
   endloop
 endfacet
 facet normal  0.000000e+00  0.000000e+00  1.000000e+00
   outer loop
     vertex  5.065242e+00 -7.680060e+00  9.280000e+01
     vertex  3.034312e+00 -8.685214e+00  9.280000e+01
     vertex  3.271441e+00 -8.598702e+00  9.280000e+01
   endloop
 endfacet
 facet normal  0.000000e+00  0.000000e+00  1.000000e+00
   outer loop
     vertex  5.065242e+00 -7.680060e+00  9.280000e+01
     vertex  3.271441e+00 -8.598702e+00  9.280000e+01
     vertex  3.506107e+00 -8.505717e+00  9.280000e+01
   endloop
 endfacet
 facet normal  0.000000e+00  0.000000e+00  1.000000e+00
   outer loop
     vertex  5.065242e+00 -7.680060e+00  9.280000e+01
     vertex  3.506107e+00 -8.505717e+00  9.280000e+01
     vertex  3.738133e+00 -8.406329e+00  9.280000e+01
   endloop
 endfacet
 facet normal  0.000000e+00  0.000000e+00  1.000000e+00
   outer loop
     vertex  5.065242e+00 -7.680060e+00  9.280000e+01
     vertex  3.738133e+00 -8.406329e+00  9.280000e+01
     vertex  3.967346e+00 -8.300612e+00  9.280000e+01
   endloop
 endfacet
 facet normal  0.000000e+00  0.000000e+00  1.000000e+00
   outer loop
     vertex  5.065242e+00 -7.680060e+00  9.280000e+01
     vertex  3.967346e+00 -8.300612e+00  9.280000e+01
     vertex  4.193572e+00 -8.188648e+00  9.280000e+01
   endloop
 endfacet
 facet normal  0.000000e+00  0.000000e+00  1.000000e+00
   outer loop
     vertex  5.065242e+00 -7.680060e+00  9.280000e+01
     vertex  4.193572e+00 -8.188648e+00  9.280000e+01
     vertex  4.416642e+00 -8.070519e+00  9.280000e+01
   endloop
 endfacet
 facet normal  0.000000e+00  0.000000e+00  1.000000e+00
   outer loop
     vertex  5.065242e+00 -7.680060e+00  9.280000e+01
     vertex  4.416642e+00 -8.070519e+00  9.280000e+01
     vertex  4.636386e+00 -7.946315e+00  9.280000e+01
   endloop
 endfacet
 facet normal  0.000000e+00  0.000000e+00  1.000000e+00
   outer loop
     vertex  5.065242e+00 -7.680060e+00  9.280000e+01
     vertex  4.636386e+00 -7.946315e+00  9.280000e+01
     vertex  4.852641e+00 -7.816129e+00  9.280000e+01
   endloop
 endfacet
 facet normal  0.000000e+00  0.000000e+00  1.000000e+00
   outer loop
     vertex  5.065242e+00 -7.680060e+00  9.280000e+01
     vertex  1.818035e+00 -9.018578e+00  9.280000e+01
     vertex  3.034312e+00 -8.685214e+00  9.280000e+01
   endloop
 endfacet
 facet normal  0.000000e+00  0.000000e+00  1.000000e+00
   outer loop
     vertex -7.645135e+00  5.117803e+00  9.280000e+01
     vertex -7.782660e+00  4.906140e+00  9.280000e+01
     vertex -7.914326e+00  4.690783e+00  9.280000e+01
   endloop
 endfacet
 facet normal  0.000000e+00  0.000000e+00  1.000000e+00
   outer loop
     vertex -7.645135e+00  5.117803e+00  9.280000e+01
     vertex -7.914326e+00  4.690783e+00  9.280000e+01
     vertex -8.040034e+00  4.471896e+00  9.280000e+01
   endloop
 endfacet
 facet normal  0.000000e+00  0.000000e+00  1.000000e+00
   outer loop
     vertex -7.645135e+00  5.117803e+00  9.280000e+01
     vertex -8.040034e+00  4.471896e+00  9.280000e+01
     vertex -8.159690e+00  4.249642e+00  9.280000e+01
   endloop
 endfacet
 facet normal  0.000000e+00  0.000000e+00  1.000000e+00
   outer loop
     vertex -7.645135e+00  5.117803e+00  9.280000e+01
     vertex -8.159690e+00  4.249642e+00  9.280000e+01
     vertex -8.273204e+00  4.024189e+00  9.280000e+01
   endloop
 endfacet
 facet normal  0.000000e+00  0.000000e+00  1.000000e+00
   outer loop
     vertex  5.478849e+00 -7.390684e+00  9.280000e+01
     vertex  5.065242e+00 -7.680060e+00  9.280000e+01
     vertex  5.274031e+00 -7.538209e+00  9.280000e+01
   endloop
 endfacet
 facet normal  0.000000e+00  0.000000e+00  1.000000e+00
   outer loop
     vertex -7.352929e+00  5.529416e+00  9.280000e+01
     vertex -7.501856e+00  5.325614e+00  9.280000e+01
     vertex -7.645135e+00  5.117803e+00  9.280000e+01
   endloop
 endfacet
 facet normal  0.000000e+00  0.000000e+00  1.000000e+00
   outer loop
     vertex  5.679544e+00 -7.237595e+00  9.280000e+01
     vertex -9.095444e+00  1.383074e+00  9.280000e+01
     vertex  5.065242e+00 -7.680060e+00  9.280000e+01
   endloop
 endfacet
 facet normal  0.000000e+00  0.000000e+00  1.000000e+00
   outer loop
     vertex  5.679544e+00 -7.237595e+00  9.280000e+01
     vertex  5.065242e+00 -7.680060e+00  9.280000e+01
     vertex  5.478849e+00 -7.390684e+00  9.280000e+01
   endloop
 endfacet
 facet normal  0.000000e+00  0.000000e+00  1.000000e+00
   outer loop
     vertex -7.198467e+00  5.729055e+00  9.280000e+01
     vertex -7.645135e+00  5.117803e+00  9.280000e+01
     vertex -8.273204e+00  4.024189e+00  9.280000e+01
   endloop
 endfacet
 facet normal  0.000000e+00  0.000000e+00  1.000000e+00
   outer loop
     vertex -7.198467e+00  5.729055e+00  9.280000e+01
     vertex -7.352929e+00  5.529416e+00  9.280000e+01
     vertex -7.645135e+00  5.117803e+00  9.280000e+01
   endloop
 endfacet
 facet normal  0.000000e+00  0.000000e+00  1.000000e+00
   outer loop
     vertex -7.198467e+00  5.729055e+00  9.280000e+01
     vertex -8.273204e+00  4.024189e+00  9.280000e+01
     vertex -8.380490e+00  3.795707e+00  9.280000e+01
   endloop
 endfacet
 facet normal  0.000000e+00  0.000000e+00  1.000000e+00
   outer loop
     vertex -7.198467e+00  5.729055e+00  9.280000e+01
     vertex -8.380490e+00  3.795707e+00  9.280000e+01
     vertex -8.481467e+00  3.564368e+00  9.280000e+01
   endloop
 endfacet
 facet normal  0.000000e+00  0.000000e+00  1.000000e+00
   outer loop
     vertex  6.067958e+00 -6.915192e+00  9.280000e+01
     vertex  5.679544e+00 -7.237595e+00  9.280000e+01
     vertex  5.875963e+00 -7.079058e+00  9.280000e+01
   endloop
 endfacet
 facet normal  0.000000e+00  0.000000e+00  1.000000e+00
   outer loop
     vertex  6.438105e+00 -6.571971e+00  9.280000e+01
     vertex  5.679544e+00 -7.237595e+00  9.280000e+01
     vertex  6.067958e+00 -6.915192e+00  9.280000e+01
   endloop
 endfacet
 facet normal  0.000000e+00  0.000000e+00  1.000000e+00
   outer loop
     vertex  6.438105e+00 -6.571971e+00  9.280000e+01
     vertex  6.067958e+00 -6.915192e+00  9.280000e+01
     vertex  6.255386e+00 -6.746121e+00  9.280000e+01
   endloop
 endfacet
 facet normal  0.000000e+00  0.000000e+00  1.000000e+00
   outer loop
     vertex -6.527656e+00  6.483033e+00  9.280000e+01
     vertex -6.703054e+00  6.301513e+00  9.280000e+01
     vertex -6.873408e+00  6.115249e+00  9.280000e+01
   endloop
 endfacet
 facet normal  0.000000e+00  0.000000e+00  1.000000e+00
   outer loop
     vertex -6.527656e+00  6.483033e+00  9.280000e+01
     vertex -6.873408e+00  6.115249e+00  9.280000e+01
     vertex -7.038586e+00  5.924382e+00  9.280000e+01
   endloop
 endfacet
 facet normal  0.000000e+00  0.000000e+00  1.000000e+00
   outer loop
     vertex -6.527656e+00  6.483033e+00  9.280000e+01
     vertex -7.038586e+00  5.924382e+00  9.280000e+01
     vertex -7.198467e+00  5.729055e+00  9.280000e+01
   endloop
 endfacet
 facet normal  0.000000e+00  0.000000e+00  1.000000e+00
   outer loop
     vertex -6.162252e+00  6.831299e+00  9.280000e+01
     vertex -6.347343e+00  6.659673e+00  9.280000e+01
     vertex -6.527656e+00  6.483033e+00  9.280000e+01
   endloop
 endfacet
 facet normal  0.000000e+00  0.000000e+00  1.000000e+00
   outer loop
     vertex  6.956652e+00 -6.020382e+00  9.280000e+01
     vertex  6.615978e+00 -6.392874e+00  9.280000e+01
     vertex  6.788870e+00 -6.208965e+00  9.280000e+01
   endloop
 endfacet
 facet normal  0.000000e+00  0.000000e+00  1.000000e+00
   outer loop
     vertex  6.956652e+00 -6.020382e+00  9.280000e+01
     vertex  6.438105e+00 -6.571971e+00  9.280000e+01
     vertex  6.615978e+00 -6.392874e+00  9.280000e+01
   endloop
 endfacet
 facet normal  0.000000e+00  0.000000e+00  1.000000e+00
   outer loop
     vertex -5.778297e+00  7.159000e+00  9.280000e+01
     vertex -6.162252e+00  6.831299e+00  9.280000e+01
     vertex -6.527656e+00  6.483033e+00  9.280000e+01
   endloop
 endfacet
 facet normal  0.000000e+00  0.000000e+00  1.000000e+00
   outer loop
     vertex -5.778297e+00  7.159000e+00  9.280000e+01
     vertex -5.972522e+00  6.997784e+00  9.280000e+01
     vertex -6.162252e+00  6.831299e+00  9.280000e+01
   endloop
 endfacet
 facet normal  0.000000e+00  0.000000e+00  1.000000e+00
   outer loop
     vertex  7.428091e+00 -5.428026e+00  9.280000e+01
     vertex  6.956652e+00 -6.020382e+00  9.280000e+01
     vertex  7.119197e+00 -5.827267e+00  9.280000e+01
   endloop
 endfacet
 facet normal  0.000000e+00  0.000000e+00  1.000000e+00
   outer loop
     vertex  7.428091e+00 -5.428026e+00  9.280000e+01
     vertex  7.119197e+00 -5.827267e+00  9.280000e+01
     vertex  7.276383e+00 -5.629765e+00  9.280000e+01
   endloop
 endfacet
 facet normal  0.000000e+00  0.000000e+00  1.000000e+00
   outer loop
     vertex  7.428091e+00 -5.428026e+00  9.280000e+01
     vertex  5.679544e+00 -7.237595e+00  9.280000e+01
     vertex  6.438105e+00 -6.571971e+00  9.280000e+01
   endloop
 endfacet
 facet normal  0.000000e+00  0.000000e+00  1.000000e+00
   outer loop
     vertex  7.428091e+00 -5.428026e+00  9.280000e+01
     vertex  6.438105e+00 -6.571971e+00  9.280000e+01
     vertex  6.956652e+00 -6.020382e+00  9.280000e+01
   endloop
 endfacet
 facet normal  0.000000e+00  0.000000e+00  1.000000e+00
   outer loop
     vertex -5.376946e+00  7.465149e+00  9.280000e+01
     vertex -5.579722e+00  7.314828e+00  9.280000e+01
     vertex -5.778297e+00  7.159000e+00  9.280000e+01
   endloop
 endfacet
 facet normal  0.000000e+00  0.000000e+00  1.000000e+00
   outer loop
     vertex -5.170123e+00  7.609851e+00  9.280000e+01
     vertex -5.778297e+00  7.159000e+00  9.280000e+01
     vertex -6.527656e+00  6.483033e+00  9.280000e+01
   endloop
 endfacet
 facet normal  0.000000e+00  0.000000e+00  1.000000e+00
   outer loop
     vertex -5.170123e+00  7.609851e+00  9.280000e+01
     vertex -5.376946e+00  7.465149e+00  9.280000e+01
     vertex -5.778297e+00  7.159000e+00  9.280000e+01
   endloop
 endfacet
 facet normal  0.000000e+00  0.000000e+00  1.000000e+00
   outer loop
     vertex  7.714623e+00 -5.012443e+00  9.280000e+01
     vertex  7.428091e+00 -5.428026e+00  9.280000e+01
     vertex  7.574208e+00 -5.222200e+00  9.280000e+01
   endloop
 endfacet
 facet normal  0.000000e+00  0.000000e+00  1.000000e+00
   outer loop
     vertex  7.849231e+00 -4.798913e+00  9.280000e+01
     vertex  5.679544e+00 -7.237595e+00  9.280000e+01
     vertex  7.428091e+00 -5.428026e+00  9.280000e+01
   endloop
 endfacet
 facet normal  0.000000e+00  0.000000e+00  1.000000e+00
   outer loop
     vertex  7.849231e+00 -4.798913e+00  9.280000e+01
     vertex  7.428091e+00 -5.428026e+00  9.280000e+01
     vertex  7.714623e+00 -5.012443e+00  9.280000e+01
   endloop
 endfacet
 facet normal  0.000000e+00  0.000000e+00  1.000000e+00
   outer loop
     vertex  7.977931e+00 -4.581771e+00  9.280000e+01
     vertex  5.679544e+00 -7.237595e+00  9.280000e+01
     vertex  7.849231e+00 -4.798913e+00  9.280000e+01
   endloop
 endfacet
 facet normal  0.000000e+00  0.000000e+00  1.000000e+00
   outer loop
     vertex -4.526940e+00  8.009171e+00  9.280000e+01
     vertex -6.527656e+00  6.483033e+00  9.280000e+01
     vertex -7.198467e+00  5.729055e+00  9.280000e+01
   endloop
 endfacet
 facet normal  0.000000e+00  0.000000e+00  1.000000e+00
   outer loop
     vertex -4.526940e+00  8.009171e+00  9.280000e+01
     vertex -4.744960e+00  7.881964e+00  9.280000e+01
     vertex -4.959408e+00  7.748824e+00  9.280000e+01
   endloop
 endfacet
 facet normal  0.000000e+00  0.000000e+00  1.000000e+00
   outer loop
     vertex -4.526940e+00  8.009171e+00  9.280000e+01
     vertex -4.959408e+00  7.748824e+00  9.280000e+01
     vertex -5.170123e+00  7.609851e+00  9.280000e+01
   endloop
 endfacet
 facet normal  0.000000e+00  0.000000e+00  1.000000e+00
   outer loop
     vertex -4.526940e+00  8.009171e+00  9.280000e+01
     vertex -5.170123e+00  7.609851e+00  9.280000e+01
     vertex -6.527656e+00  6.483033e+00  9.280000e+01
   endloop
 endfacet
 facet normal  0.000000e+00  0.000000e+00  1.000000e+00
   outer loop
     vertex  8.100624e+00 -4.361179e+00  9.280000e+01
     vertex  5.679544e+00 -7.237595e+00  9.280000e+01
     vertex  7.977931e+00 -4.581771e+00  9.280000e+01
   endloop
 endfacet
 facet normal  0.000000e+00  0.000000e+00  1.000000e+00
   outer loop
     vertex -3.853102e+00  8.354257e+00  9.280000e+01
     vertex -7.198467e+00  5.729055e+00  9.280000e+01
     vertex -8.481467e+00  3.564368e+00  9.280000e+01
   endloop
 endfacet
 facet normal  0.000000e+00  0.000000e+00  1.000000e+00
   outer loop
     vertex -3.853102e+00  8.354257e+00  9.280000e+01
     vertex -4.080843e+00  8.245406e+00  9.280000e+01
     vertex -4.305512e+00  8.130348e+00  9.280000e+01
   endloop
 endfacet
 facet normal  0.000000e+00  0.000000e+00  1.000000e+00
   outer loop
     vertex -3.853102e+00  8.354257e+00  9.280000e+01
     vertex -4.305512e+00  8.130348e+00  9.280000e+01
     vertex -4.526940e+00  8.009171e+00  9.280000e+01
   endloop
 endfacet
 facet normal  0.000000e+00  0.000000e+00  1.000000e+00
   outer loop
     vertex -3.853102e+00  8.354257e+00  9.280000e+01
     vertex -4.526940e+00  8.009171e+00  9.280000e+01
     vertex -7.198467e+00  5.729055e+00  9.280000e+01
   endloop
 endfacet
 facet normal  0.000000e+00  0.000000e+00  1.000000e+00
   outer loop
     vertex -3.389093e+00  8.553014e+00  9.280000e+01
     vertex -3.622461e+00  8.456818e+00  9.280000e+01
     vertex -3.853102e+00  8.354257e+00  9.280000e+01
   endloop
 endfacet
 facet normal  0.000000e+00  0.000000e+00  1.000000e+00
   outer loop
     vertex  8.620939e+00 -3.212383e+00  9.280000e+01
     vertex  8.100624e+00 -4.361179e+00  9.280000e+01
     vertex  8.217220e+00 -4.137305e+00  9.280000e+01
   endloop
 endfacet
 facet normal  0.000000e+00  0.000000e+00  1.000000e+00
   outer loop
     vertex  8.620939e+00 -3.212383e+00  9.280000e+01
     vertex  8.217220e+00 -4.137305e+00  9.280000e+01
     vertex  8.327630e+00 -3.910316e+00  9.280000e+01
   endloop
 endfacet
 facet normal  0.000000e+00  0.000000e+00  1.000000e+00
   outer loop
     vertex  8.620939e+00 -3.212383e+00  9.280000e+01
     vertex  8.327630e+00 -3.910316e+00  9.280000e+01
     vertex  8.431772e+00 -3.680384e+00  9.280000e+01
   endloop
 endfacet
 facet normal  0.000000e+00  0.000000e+00  1.000000e+00
   outer loop
     vertex  8.620939e+00 -3.212383e+00  9.280000e+01
     vertex  8.431772e+00 -3.680384e+00  9.280000e+01
     vertex  8.529566e+00 -3.447681e+00  9.280000e+01
   endloop
 endfacet
 facet normal  0.000000e+00  0.000000e+00  1.000000e+00
   outer loop
     vertex  8.620939e+00 -3.212383e+00  9.280000e+01
     vertex  5.679544e+00 -7.237595e+00  9.280000e+01
     vertex  8.100624e+00 -4.361179e+00  9.280000e+01
   endloop
 endfacet
 facet normal  0.000000e+00  0.000000e+00  1.000000e+00
   outer loop
     vertex  8.705823e+00 -2.974666e+00  9.280000e+01
     vertex  5.679544e+00 -7.237595e+00  9.280000e+01
     vertex  8.620939e+00 -3.212383e+00  9.280000e+01
   endloop
 endfacet
 facet normal  0.000000e+00  0.000000e+00  1.000000e+00
   outer loop
     vertex -2.674393e+00  8.802705e+00  9.280000e+01
     vertex -2.914880e+00  8.726023e+00  9.280000e+01
     vertex -3.153173e+00  8.642771e+00  9.280000e+01
   endloop
 endfacet
 facet normal  0.000000e+00  0.000000e+00  1.000000e+00
   outer loop
     vertex -2.674393e+00  8.802705e+00  9.280000e+01
     vertex -3.153173e+00  8.642771e+00  9.280000e+01
     vertex -3.389093e+00  8.553014e+00  9.280000e+01
   endloop
 endfacet
 facet normal  0.000000e+00  0.000000e+00  1.000000e+00
   outer loop
     vertex  8.855872e+00 -2.492697e+00  9.280000e+01
     vertex  5.679544e+00 -7.237595e+00  9.280000e+01
     vertex  8.705823e+00 -2.974666e+00  9.280000e+01
   endloop
 endfacet
 facet normal  0.000000e+00  0.000000e+00  1.000000e+00
   outer loop
     vertex  8.855872e+00 -2.492697e+00  9.280000e+01
     vertex  8.705823e+00 -2.974666e+00  9.280000e+01
     vertex  8.784154e+00 -2.734711e+00  9.280000e+01
   endloop
 endfacet
 facet normal  0.000000e+00  0.000000e+00  1.000000e+00
   outer loop
     vertex  8.855872e+00 -2.492697e+00  9.280000e+01
     vertex -9.095444e+00  1.383074e+00  9.280000e+01
     vertex  5.679544e+00 -7.237595e+00  9.280000e+01
   endloop
 endfacet
 facet normal  0.000000e+00  0.000000e+00  1.000000e+00
   outer loop
     vertex  8.979259e+00 -2.003222e+00  9.280000e+01
     vertex  8.855872e+00 -2.492697e+00  9.280000e+01
     vertex  8.920923e+00 -2.248806e+00  9.280000e+01
   endloop
 endfacet
 facet normal  0.000000e+00  0.000000e+00  1.000000e+00
   outer loop
     vertex  8.979259e+00 -2.003222e+00  9.280000e+01
     vertex -9.095444e+00  1.383074e+00  9.280000e+01
     vertex  8.855872e+00 -2.492697e+00  9.280000e+01
   endloop
 endfacet
 facet normal  0.000000e+00  0.000000e+00  1.000000e+00
   outer loop
     vertex -1.941584e+00  8.992789e+00  9.280000e+01
     vertex -2.187562e+00  8.936139e+00  9.280000e+01
     vertex -2.431893e+00  8.872762e+00  9.280000e+01
   endloop
 endfacet
 facet normal  0.000000e+00  0.000000e+00  1.000000e+00
   outer loop
     vertex -1.941584e+00  8.992789e+00  9.280000e+01
     vertex -2.431893e+00  8.872762e+00  9.280000e+01
     vertex -2.674393e+00  8.802705e+00  9.280000e+01
   endloop
 endfacet
 facet normal  0.000000e+00  0.000000e+00  1.000000e+00
   outer loop
     vertex -1.445430e+00  9.085743e+00  9.280000e+01
     vertex -1.694144e+00  9.042670e+00  9.280000e+01
     vertex -1.941584e+00  8.992789e+00  9.280000e+01
   endloop
 endfacet
 facet normal  0.000000e+00  0.000000e+00  1.000000e+00
   outer loop
     vertex  9.113562e+00 -1.258169e+00  9.280000e+01
     vertex  9.030836e+00 -1.756131e+00  9.280000e+01
     vertex  9.075615e+00 -1.507718e+00  9.280000e+01
   endloop
 endfacet
 facet normal  0.000000e+00  0.000000e+00  1.000000e+00
   outer loop
     vertex -6.935100e-01  9.173824e+00  9.280000e+01
     vertex -1.445430e+00  9.085743e+00  9.280000e+01
     vertex -1.941584e+00  8.992789e+00  9.280000e+01
   endloop
 endfacet
 facet normal  0.000000e+00  0.000000e+00  1.000000e+00
   outer loop
     vertex -6.935100e-01  9.173824e+00  9.280000e+01
     vertex -3.389093e+00  8.553014e+00  9.280000e+01
     vertex -3.853102e+00  8.354257e+00  9.280000e+01
   endloop
 endfacet
 facet normal  0.000000e+00  0.000000e+00  1.000000e+00
   outer loop
     vertex -6.935100e-01  9.173824e+00  9.280000e+01
     vertex -2.674393e+00  8.802705e+00  9.280000e+01
     vertex -3.389093e+00  8.553014e+00  9.280000e+01
   endloop
 endfacet
 facet normal  0.000000e+00  0.000000e+00  1.000000e+00
   outer loop
     vertex -6.935100e-01  9.173824e+00  9.280000e+01
     vertex -1.941584e+00  8.992789e+00  9.280000e+01
     vertex -2.674393e+00  8.802705e+00  9.280000e+01
   endloop
 endfacet
 facet normal  0.000000e+00  0.000000e+00  1.000000e+00
   outer loop
     vertex -6.935100e-01  9.173824e+00  9.280000e+01
     vertex -9.449241e-01  9.151345e+00  9.280000e+01
     vertex -1.195627e+00  9.121978e+00  9.280000e+01
   endloop
 endfacet
 facet normal  0.000000e+00  0.000000e+00  1.000000e+00
   outer loop
     vertex -6.935100e-01  9.173824e+00  9.280000e+01
     vertex -1.195627e+00  9.121978e+00  9.280000e+01
     vertex -1.445430e+00  9.085743e+00  9.280000e+01
   endloop
 endfacet
 facet normal  0.000000e+00  0.000000e+00  1.000000e+00
   outer loop
     vertex  9.196537e+00 -2.523932e-01  9.280000e+01
     vertex  9.144648e+00 -1.007674e+00  9.280000e+01
     vertex  9.168851e+00 -7.564199e-01  9.280000e+01
   endloop
 endfacet
 facet normal  0.000000e+00  0.000000e+00  1.000000e+00
   outer loop
     vertex  9.196537e+00 -2.523932e-01  9.280000e+01
     vertex  9.168851e+00 -7.564199e-01  9.280000e+01
     vertex  9.186152e+00 -5.045965e-01  9.280000e+01
   endloop
 endfacet
 facet normal  0.000000e+00  0.000000e+00  1.000000e+00
   outer loop
     vertex -1.893053e-01  9.198052e+00  9.280000e+01
     vertex -4.415739e-01  9.189397e+00  9.280000e+01
     vertex -6.935100e-01  9.173824e+00  9.280000e+01
   endloop
 endfacet
 facet normal  0.000000e+00  0.000000e+00  1.000000e+00
   outer loop
     vertex  6.310573e-02  9.199784e+00  9.280000e+01
     vertex -1.893053e-01  9.198052e+00  9.280000e+01
     vertex -6.935100e-01  9.173824e+00  9.280000e+01
   endloop
 endfacet
 facet normal  0.000000e+00  0.000000e+00  1.000000e+00
   outer loop
     vertex  9.196537e+00  2.523932e-01  9.280000e+01
     vertex  9.196537e+00 -2.523932e-01  9.280000e+01
     vertex  9.200000e+00 -2.253350e-15  9.280000e+01
   endloop
 endfacet
 facet normal  0.000000e+00  0.000000e+00  1.000000e+00
   outer loop
     vertex  9.186152e+00  5.045965e-01  9.280000e+01
     vertex  8.979259e+00 -2.003222e+00  9.280000e+01
     vertex  9.030836e+00 -1.756131e+00  9.280000e+01
   endloop
 endfacet
 facet normal  0.000000e+00  0.000000e+00  1.000000e+00
   outer loop
     vertex  9.186152e+00  5.045965e-01  9.280000e+01
     vertex  9.113562e+00 -1.258169e+00  9.280000e+01
     vertex  9.144648e+00 -1.007674e+00  9.280000e+01
   endloop
 endfacet
 facet normal  0.000000e+00  0.000000e+00  1.000000e+00
   outer loop
     vertex  9.186152e+00  5.045965e-01  9.280000e+01
     vertex  9.030836e+00 -1.756131e+00  9.280000e+01
     vertex  9.113562e+00 -1.258169e+00  9.280000e+01
   endloop
 endfacet
 facet normal  0.000000e+00  0.000000e+00  1.000000e+00
   outer loop
     vertex  9.186152e+00  5.045965e-01  9.280000e+01
     vertex  9.144648e+00 -1.007674e+00  9.280000e+01
     vertex  9.196537e+00 -2.523932e-01  9.280000e+01
   endloop
 endfacet
 facet normal  0.000000e+00  0.000000e+00  1.000000e+00
   outer loop
     vertex  9.186152e+00  5.045965e-01  9.280000e+01
     vertex  9.196537e+00 -2.523932e-01  9.280000e+01
     vertex  9.196537e+00  2.523932e-01  9.280000e+01
   endloop
 endfacet
 facet normal  0.000000e+00  0.000000e+00  1.000000e+00
   outer loop
     vertex  5.675954e-01  9.182474e+00  9.280000e+01
     vertex  3.154693e-01  9.194590e+00  9.280000e+01
     vertex  6.310573e-02  9.199784e+00  9.280000e+01
   endloop
 endfacet
 facet normal  0.000000e+00  0.000000e+00  1.000000e+00
   outer loop
     vertex  5.675954e-01  9.182474e+00  9.280000e+01
     vertex  6.310573e-02  9.199784e+00  9.280000e+01
     vertex -6.935100e-01  9.173824e+00  9.280000e+01
   endloop
 endfacet
 facet normal  0.000000e+00  0.000000e+00  1.000000e+00
   outer loop
     vertex  1.070376e+00  9.137521e+00  9.280000e+01
     vertex  8.192942e-01  9.163447e+00  9.280000e+01
     vertex  5.675954e-01  9.182474e+00  9.280000e+01
   endloop
 endfacet
 facet normal  0.000000e+00  0.000000e+00  1.000000e+00
   outer loop
     vertex  9.113562e+00  1.258169e+00  9.280000e+01
     vertex  9.186152e+00  5.045965e-01  9.280000e+01
     vertex  9.168851e+00  7.564199e-01  9.280000e+01
   endloop
 endfacet
 facet normal  0.000000e+00  0.000000e+00  1.000000e+00
   outer loop
     vertex  9.113562e+00  1.258169e+00  9.280000e+01
     vertex  9.168851e+00  7.564199e-01  9.280000e+01
     vertex  9.144648e+00  1.007674e+00  9.280000e+01
   endloop
 endfacet
 facet normal  0.000000e+00  0.000000e+00  1.000000e+00
   outer loop
     vertex  9.113562e+00  1.258169e+00  9.280000e+01
     vertex  8.979259e+00 -2.003222e+00  9.280000e+01
     vertex  9.186152e+00  5.045965e-01  9.280000e+01
   endloop
 endfacet
 facet normal  0.000000e+00  0.000000e+00  1.000000e+00
   outer loop
     vertex  1.569935e+00  9.065060e+00  9.280000e+01
     vertex -9.095444e+00  1.383074e+00  9.280000e+01
     vertex  8.979259e+00 -2.003222e+00  9.280000e+01
   endloop
 endfacet
 facet normal  0.000000e+00  0.000000e+00  1.000000e+00
   outer loop
     vertex  1.569935e+00  9.065060e+00  9.280000e+01
     vertex  5.675954e-01  9.182474e+00  9.280000e+01
     vertex -6.935100e-01  9.173824e+00  9.280000e+01
   endloop
 endfacet
 facet normal  0.000000e+00  0.000000e+00  1.000000e+00
   outer loop
     vertex  1.569935e+00  9.065060e+00  9.280000e+01
     vertex  1.070376e+00  9.137521e+00  9.280000e+01
     vertex  5.675954e-01  9.182474e+00  9.280000e+01
   endloop
 endfacet
 facet normal  0.000000e+00  0.000000e+00  1.000000e+00
   outer loop
     vertex  1.569935e+00  9.065060e+00  9.280000e+01
     vertex  8.979259e+00 -2.003222e+00  9.280000e+01
     vertex  9.113562e+00  1.258169e+00  9.280000e+01
   endloop
 endfacet
 facet normal  0.000000e+00  0.000000e+00  1.000000e+00
   outer loop
     vertex  1.569935e+00  9.065060e+00  9.280000e+01
     vertex  1.320653e+00  9.104717e+00  9.280000e+01
     vertex  1.070376e+00  9.137521e+00  9.280000e+01
   endloop
 endfacet
 facet normal  0.000000e+00  0.000000e+00  1.000000e+00
   outer loop
     vertex  1.569935e+00  9.065060e+00  9.280000e+01
     vertex -6.935100e-01  9.173824e+00  9.280000e+01
     vertex -3.853102e+00  8.354257e+00  9.280000e+01
   endloop
 endfacet
 facet normal  0.000000e+00  0.000000e+00  1.000000e+00
   outer loop
     vertex  1.569935e+00  9.065060e+00  9.280000e+01
     vertex -3.853102e+00  8.354257e+00  9.280000e+01
     vertex -8.481467e+00  3.564368e+00  9.280000e+01
   endloop
 endfacet
 facet normal  0.000000e+00  0.000000e+00  1.000000e+00
   outer loop
     vertex  1.569935e+00  9.065060e+00  9.280000e+01
     vertex -8.481467e+00  3.564368e+00  9.280000e+01
     vertex -9.095444e+00  1.383074e+00  9.280000e+01
   endloop
 endfacet
 facet normal  0.000000e+00  0.000000e+00  1.000000e+00
   outer loop
     vertex  1.818035e+00  9.018578e+00  9.280000e+01
     vertex  1.569935e+00  9.065060e+00  9.280000e+01
     vertex  9.113562e+00  1.258169e+00  9.280000e+01
   endloop
 endfacet
 facet normal  0.000000e+00  0.000000e+00  1.000000e+00
   outer loop
     vertex  8.920923e+00  2.248806e+00  9.280000e+01
     vertex  9.075615e+00  1.507718e+00  9.280000e+01
     vertex  9.030836e+00  1.756131e+00  9.280000e+01
   endloop
 endfacet
 facet normal  0.000000e+00  0.000000e+00  1.000000e+00
   outer loop
     vertex  8.920923e+00  2.248806e+00  9.280000e+01
     vertex  9.030836e+00  1.756131e+00  9.280000e+01
     vertex  8.979259e+00  2.003222e+00  9.280000e+01
   endloop
 endfacet
 facet normal  0.000000e+00  0.000000e+00  1.000000e+00
   outer loop
     vertex  2.309944e+00  8.905288e+00  9.280000e+01
     vertex  2.064767e+00  8.965307e+00  9.280000e+01
     vertex  1.818035e+00  9.018578e+00  9.280000e+01
   endloop
 endfacet
 facet normal  0.000000e+00  0.000000e+00  1.000000e+00
   outer loop
     vertex  8.784154e+00  2.734711e+00  9.280000e+01
     vertex  9.113562e+00  1.258169e+00  9.280000e+01
     vertex  9.075615e+00  1.507718e+00  9.280000e+01
   endloop
 endfacet
 facet normal  0.000000e+00  0.000000e+00  1.000000e+00
   outer loop
     vertex  8.784154e+00  2.734711e+00  9.280000e+01
     vertex  8.920923e+00  2.248806e+00  9.280000e+01
     vertex  8.855872e+00  2.492697e+00  9.280000e+01
   endloop
 endfacet
 facet normal  0.000000e+00  0.000000e+00  1.000000e+00
   outer loop
     vertex  8.784154e+00  2.734711e+00  9.280000e+01
     vertex  9.075615e+00  1.507718e+00  9.280000e+01
     vertex  8.920923e+00  2.248806e+00  9.280000e+01
   endloop
 endfacet
 facet normal  0.000000e+00  0.000000e+00  1.000000e+00
   outer loop
     vertex  3.034312e+00  8.685214e+00  9.280000e+01
     vertex  2.309944e+00  8.905288e+00  9.280000e+01
     vertex  1.818035e+00  9.018578e+00  9.280000e+01
   endloop
 endfacet
 facet normal  0.000000e+00  0.000000e+00  1.000000e+00
   outer loop
     vertex  3.034312e+00  8.685214e+00  9.280000e+01
     vertex  2.794900e+00  8.765189e+00  9.280000e+01
     vertex  2.553383e+00  8.838565e+00  9.280000e+01
   endloop
 endfacet
 facet normal  0.000000e+00  0.000000e+00  1.000000e+00
   outer loop
     vertex  3.034312e+00  8.685214e+00  9.280000e+01
     vertex  2.553383e+00  8.838565e+00  9.280000e+01
     vertex  2.309944e+00  8.905288e+00  9.280000e+01
   endloop
 endfacet
 facet normal  0.000000e+00  0.000000e+00  1.000000e+00
   outer loop
     vertex  3.506107e+00  8.505717e+00  9.280000e+01
     vertex  3.271441e+00  8.598702e+00  9.280000e+01
     vertex  3.034312e+00  8.685214e+00  9.280000e+01
   endloop
 endfacet
 facet normal  0.000000e+00  0.000000e+00  1.000000e+00
   outer loop
     vertex  8.327630e+00  3.910316e+00  9.280000e+01
     vertex  8.529566e+00  3.447681e+00  9.280000e+01
     vertex  8.431772e+00  3.680384e+00  9.280000e+01
   endloop
 endfacet
 facet normal  0.000000e+00  0.000000e+00  1.000000e+00
   outer loop
     vertex  3.967346e+00  8.300612e+00  9.280000e+01
     vertex  3.506107e+00  8.505717e+00  9.280000e+01
     vertex  3.034312e+00  8.685214e+00  9.280000e+01
   endloop
 endfacet
 facet normal  0.000000e+00  0.000000e+00  1.000000e+00
   outer loop
     vertex  3.967346e+00  8.300612e+00  9.280000e+01
     vertex  3.738133e+00  8.406329e+00  9.280000e+01
     vertex  3.506107e+00  8.505717e+00  9.280000e+01
   endloop
 endfacet
 facet normal  0.000000e+00  0.000000e+00  1.000000e+00
   outer loop
     vertex  8.217220e+00  4.137305e+00  9.280000e+01
     vertex  8.784154e+00  2.734711e+00  9.280000e+01
     vertex  8.705823e+00  2.974666e+00  9.280000e+01
   endloop
 endfacet
 facet normal  0.000000e+00  0.000000e+00  1.000000e+00
   outer loop
     vertex  8.217220e+00  4.137305e+00  9.280000e+01
     vertex  8.705823e+00  2.974666e+00  9.280000e+01
     vertex  8.620939e+00  3.212383e+00  9.280000e+01
   endloop
 endfacet
 facet normal  0.000000e+00  0.000000e+00  1.000000e+00
   outer loop
     vertex  8.217220e+00  4.137305e+00  9.280000e+01
     vertex  8.620939e+00  3.212383e+00  9.280000e+01
     vertex  8.529566e+00  3.447681e+00  9.280000e+01
   endloop
 endfacet
 facet normal  0.000000e+00  0.000000e+00  1.000000e+00
   outer loop
     vertex  8.217220e+00  4.137305e+00  9.280000e+01
     vertex  8.529566e+00  3.447681e+00  9.280000e+01
     vertex  8.327630e+00  3.910316e+00  9.280000e+01
   endloop
 endfacet
 facet normal  0.000000e+00  0.000000e+00  1.000000e+00
   outer loop
     vertex  4.193572e+00  8.188648e+00  9.280000e+01
     vertex  3.034312e+00  8.685214e+00  9.280000e+01
     vertex  1.818035e+00  9.018578e+00  9.280000e+01
   endloop
 endfacet
 facet normal  0.000000e+00  0.000000e+00  1.000000e+00
   outer loop
     vertex  4.193572e+00  8.188648e+00  9.280000e+01
     vertex  3.967346e+00  8.300612e+00  9.280000e+01
     vertex  3.034312e+00  8.685214e+00  9.280000e+01
   endloop
 endfacet
 facet normal  0.000000e+00  0.000000e+00  1.000000e+00
   outer loop
     vertex  4.416642e+00  8.070519e+00  9.280000e+01
     vertex  4.193572e+00  8.188648e+00  9.280000e+01
     vertex  1.818035e+00  9.018578e+00  9.280000e+01
   endloop
 endfacet
 facet normal  0.000000e+00  0.000000e+00  1.000000e+00
   outer loop
     vertex  7.977931e+00  4.581771e+00  9.280000e+01
     vertex  8.217220e+00  4.137305e+00  9.280000e+01
     vertex  8.100624e+00  4.361179e+00  9.280000e+01
   endloop
 endfacet
 facet normal  0.000000e+00  0.000000e+00  1.000000e+00
   outer loop
     vertex  7.977931e+00  4.581771e+00  9.280000e+01
     vertex  8.784154e+00  2.734711e+00  9.280000e+01
     vertex  8.217220e+00  4.137305e+00  9.280000e+01
   endloop
 endfacet
 facet normal  0.000000e+00  0.000000e+00  1.000000e+00
   outer loop
     vertex  4.636386e+00  7.946315e+00  9.280000e+01
     vertex  4.416642e+00  8.070519e+00  9.280000e+01
     vertex  1.818035e+00  9.018578e+00  9.280000e+01
   endloop
 endfacet
 facet normal  0.000000e+00  0.000000e+00  1.000000e+00
   outer loop
     vertex  7.849231e+00  4.798913e+00  9.280000e+01
     vertex  8.784154e+00  2.734711e+00  9.280000e+01
     vertex  7.977931e+00  4.581771e+00  9.280000e+01
   endloop
 endfacet
 facet normal  0.000000e+00  0.000000e+00  1.000000e+00
   outer loop
     vertex  7.714623e+00  5.012443e+00  9.280000e+01
     vertex  8.784154e+00  2.734711e+00  9.280000e+01
     vertex  7.849231e+00  4.798913e+00  9.280000e+01
   endloop
 endfacet
 facet normal  0.000000e+00  0.000000e+00  1.000000e+00
   outer loop
     vertex  5.065242e+00  7.680060e+00  9.280000e+01
     vertex  4.852641e+00  7.816129e+00  9.280000e+01
     vertex  4.636386e+00  7.946315e+00  9.280000e+01
   endloop
 endfacet
 facet normal  0.000000e+00  0.000000e+00  1.000000e+00
   outer loop
     vertex  7.574208e+00  5.222200e+00  9.280000e+01
     vertex  8.784154e+00  2.734711e+00  9.280000e+01
     vertex  7.714623e+00  5.012443e+00  9.280000e+01
   endloop
 endfacet
 facet normal  0.000000e+00  0.000000e+00  1.000000e+00
   outer loop
     vertex  5.478849e+00  7.390684e+00  9.280000e+01
     vertex  5.274031e+00  7.538209e+00  9.280000e+01
     vertex  5.065242e+00  7.680060e+00  9.280000e+01
   endloop
 endfacet
 facet normal  0.000000e+00  0.000000e+00  1.000000e+00
   outer loop
     vertex  7.276383e+00  5.629765e+00  9.280000e+01
     vertex  7.574208e+00  5.222200e+00  9.280000e+01
     vertex  7.428091e+00  5.428026e+00  9.280000e+01
   endloop
 endfacet
 facet normal  0.000000e+00  0.000000e+00  1.000000e+00
   outer loop
     vertex  7.119197e+00  5.827267e+00  9.280000e+01
     vertex  7.574208e+00  5.222200e+00  9.280000e+01
     vertex  7.276383e+00  5.629765e+00  9.280000e+01
   endloop
 endfacet
 facet normal  0.000000e+00  0.000000e+00  1.000000e+00
   outer loop
     vertex  5.875963e+00  7.079058e+00  9.280000e+01
     vertex  5.679544e+00  7.237595e+00  9.280000e+01
     vertex  5.478849e+00  7.390684e+00  9.280000e+01
   endloop
 endfacet
 facet normal  0.000000e+00  0.000000e+00  1.000000e+00
   outer loop
     vertex  6.956652e+00  6.020382e+00  9.280000e+01
     vertex  9.113562e+00  1.258169e+00  9.280000e+01
     vertex  8.784154e+00  2.734711e+00  9.280000e+01
   endloop
 endfacet
 facet normal  0.000000e+00  0.000000e+00  1.000000e+00
   outer loop
     vertex  6.956652e+00  6.020382e+00  9.280000e+01
     vertex  8.784154e+00  2.734711e+00  9.280000e+01
     vertex  7.574208e+00  5.222200e+00  9.280000e+01
   endloop
 endfacet
 facet normal  0.000000e+00  0.000000e+00  1.000000e+00
   outer loop
     vertex  6.956652e+00  6.020382e+00  9.280000e+01
     vertex  7.574208e+00  5.222200e+00  9.280000e+01
     vertex  7.119197e+00  5.827267e+00  9.280000e+01
   endloop
 endfacet
 facet normal  0.000000e+00  0.000000e+00  1.000000e+00
   outer loop
     vertex  6.956652e+00  6.020382e+00  9.280000e+01
     vertex  4.636386e+00  7.946315e+00  9.280000e+01
     vertex  1.818035e+00  9.018578e+00  9.280000e+01
   endloop
 endfacet
 facet normal  0.000000e+00  0.000000e+00  1.000000e+00
   outer loop
     vertex  6.956652e+00  6.020382e+00  9.280000e+01
     vertex  1.818035e+00  9.018578e+00  9.280000e+01
     vertex  9.113562e+00  1.258169e+00  9.280000e+01
   endloop
 endfacet
 facet normal  0.000000e+00  0.000000e+00  1.000000e+00
   outer loop
     vertex  6.067958e+00  6.915192e+00  9.280000e+01
     vertex  5.875963e+00  7.079058e+00  9.280000e+01
     vertex  5.478849e+00  7.390684e+00  9.280000e+01
   endloop
 endfacet
 facet normal  0.000000e+00  0.000000e+00  1.000000e+00
   outer loop
     vertex  6.255386e+00  6.746121e+00  9.280000e+01
     vertex  5.478849e+00  7.390684e+00  9.280000e+01
     vertex  5.065242e+00  7.680060e+00  9.280000e+01
   endloop
 endfacet
 facet normal  0.000000e+00  0.000000e+00  1.000000e+00
   outer loop
     vertex  6.255386e+00  6.746121e+00  9.280000e+01
     vertex  6.067958e+00  6.915192e+00  9.280000e+01
     vertex  5.478849e+00  7.390684e+00  9.280000e+01
   endloop
 endfacet
 facet normal  0.000000e+00  0.000000e+00  1.000000e+00
   outer loop
     vertex  6.615978e+00  6.392874e+00  9.280000e+01
     vertex  6.956652e+00  6.020382e+00  9.280000e+01
     vertex  6.788870e+00  6.208965e+00  9.280000e+01
   endloop
 endfacet
 facet normal  0.000000e+00  0.000000e+00  1.000000e+00
   outer loop
     vertex  6.615978e+00  6.392874e+00  9.280000e+01
     vertex  5.065242e+00  7.680060e+00  9.280000e+01
     vertex  4.636386e+00  7.946315e+00  9.280000e+01
   endloop
 endfacet
 facet normal  0.000000e+00  0.000000e+00  1.000000e+00
   outer loop
     vertex  6.615978e+00  6.392874e+00  9.280000e+01
     vertex  4.636386e+00  7.946315e+00  9.280000e+01
     vertex  6.956652e+00  6.020382e+00  9.280000e+01
   endloop
 endfacet
 facet normal  0.000000e+00  0.000000e+00  1.000000e+00
   outer loop
     vertex  6.438105e+00  6.571971e+00  9.280000e+01
     vertex  6.255386e+00  6.746121e+00  9.280000e+01
     vertex  5.065242e+00  7.680060e+00  9.280000e+01
   endloop
 endfacet
 facet normal  0.000000e+00  0.000000e+00  1.000000e+00
   outer loop
     vertex  6.438105e+00  6.571971e+00  9.280000e+01
     vertex  5.065242e+00  7.680060e+00  9.280000e+01
     vertex  6.615978e+00  6.392874e+00  9.280000e+01
   endloop
 endfacet
endsolid
