sample_index,t_s,ur_fx_n,ur_fy_n,ur_fz_n,ur_tx_nm,ur_ty_nm,ur_tz_nm,ur_vx_mps,ur_vy_mps,ur_vz_mps,ur_wx_radps,ur_wy_radps,ur_wz_radps,urcap_fx_n,urcap_fy_n,urcap_fz_n,urcap_tx_nm,urcap_ty_nm,urcap_tz_nm
0,0.000416119,0.421548290551,-3.64247059371,-8.04935832389,0.143408797138,-0.00241529799224,0.0100150788386,0,0,0,0,0,0,0.071582,0.0986719999989,0.0666600000016,0.003367,0.00665200000003,-0.00171699999989
1,0.002408646,0.0739249567884,-3.64964600695,-8.14648588446,0.138396817379,-0.0215800661681,0.0159779872658,0,0,0,0,0,0,0.091582,0.128672,-0.00333999999794,0.001367,0.00565200000001,-0.00071699999991
2,0.004416992,-0.205398313749,-3.83938885651,-8.13967130967,0.153622347558,-0.0207934063252,0.00523756235815,0,0,0,0,0,0,0.091582,0.128672,-0.00333999999794,0.001367,0.00565200000001,-0.00071699999991
3,0.006412846,-0.258679445661,-4.16374519938,-8.2530656327,0.159123268057,-0.00807372263206,0.000210510956467,0,0,0,0,0,0,0.091582,0.128672,-0.00333999999794,0.001367,0.00565200000001,-0.00071699999991
4,0.008414229,0.101626339111,-3.91354562314,-8.62942740092,0.15131352476,-0.00957473603095,0.0131631735554,0,0,0,0,0,0,0.091582,0.128672,-0.00333999999794,0.001367,0.00565200000001,-0.00071699999991
5,0.010444778,-0.136855010367,-4.26246899765,-8.3004788063,0.161313450943,-0.0145991040901,0.00106825859953,0,0,0,0,0,0,0.061582,0.118671999998,0.146660000002,0.002367,0.00565200000004,-0.00271699999991
6,0.012411246,0.330563623074,-3.83636216797,-8.13488044786,0.144661631284,-0.00374822159993,0.00272376516193,0,0,0,0,0,0,0.061582,0.118671999998,0.146660000002,0.002367,0.00565200000004,-0.00271699999991
7,0.014403673,-0.129316006733,-3.8324889382,-7.97441598503,0.148341268612,-0.0170145609586,0.00946116695448,0,0,0,0,0,0,0.061582,0.118671999998,0.146660000002,0.002367,0.00565200000004,-0.00271699999991
8,0.016403684,-0.0498585312465,-3.64064742695,-8.07858467636,0.140310240951,-0.0114365441375,0.0100387057465,0,0,0,0,0,0,0.061582,0.118671999998,0.146660000002,0.002367,0.00565200000004,-0.00271699999991
9,0.018402613,0.277129270537,-3.4436302568,-8.11866374406,0.124100690962,0.00727861582451,0.00253415163181,0,0,0,0,0,0,0.121582,0.168671999993,0.456659000003,-0.007633,-0.00434800000004,0.00228299999993
10,0.020375634,0.129097764646,-3.43880920557,-8.02925655226,0.138896250796,-0.00900554093377,0.0056027208952,0,0,0,0,0,0,0.121582,0.168671999993,0.456659000003,-0.007633,-0.00434800000004,0.00228299999993
11,0.022374232,-0.354539133452,-4.49574405196,-8.03982482082,0.170093848814,-0.0161913557113,0.00548076864086,0,0,0,0,0,0,0.121582,0.168671999993,0.456659000003,-0.007633,-0.00434800000004,0.00228299999993
12,0.024372219,0.123621642104,-3.99326757941,-7.66409096588,0.152219986687,-0.0186498251397,0.00697082759245,0,0,0,0,0,0,0.121582,0.168671999993,0.456659000003,-0.007633,-0.00434800000004,0.00228299999993
13,0.026381077,-0.352203243546,-3.85720881231,-7.88132244447,0.146263460951,-0.0236440612849,0.00979920965985,0,0,0,0,0,0,0.121582,0.128671999997,0.156660000002,-0.004633,-0.001348,0.000282999999978
14,0.028382520,0.179091225553,-3.87235389083,-7.89404212814,0.152913258497,-0.025020857333,0.00859224874481,0,0,0,0,0,0,0.121582,0.128671999997,0.156660000002,-0.004633,-0.001348,0.000282999999978
15,0.030373875,0.525003175758,-3.50030429791,-7.9122838074,0.143029835201,-0.00797934103823,0.0141424469141,0,0,0,0,0,0,0.121582,0.128671999997,0.156660000002,-0.004633,-0.001348,0.000282999999978
16,0.032391039,0.385899525415,-4.06323093911,-7.86114396707,0.163199024281,-0.00627861120708,0.0168899509324,0,0,0,0,0,0,0.121582,0.128671999997,0.156660000002,-0.004633,-0.001348,0.000282999999978
17,0.034399716,0.175471054617,-4.40258017251,-7.69603279729,0.169122587699,-0.0143024315913,0.0167042898462,0,0,0,0,0,0,0.171582,0.138671999999,0.0366590000022,-0.005633,-0.00434800000004,0.00228299999993
18,0.036385731,-0.590641462306,-3.68668389419,-8.00733360937,0.149338071074,-0.0230256247414,0.00970717570994,0,0,0,0,0,0,0.171582,0.138671999999,0.0366590000022,-0.005633,-0.00434800000004,0.00228299999993
19,0.038388848,0.296967304294,-4.10868619458,-7.9325698368,0.155776430474,-0.0175379099361,0.00367635517651,0,0,0,0,0,0,0.171582,0.138671999999,0.0366590000022,-0.005633,-0.00434800000004,0.00228299999993
20,0.040381335,0.107842184579,-4.18103030435,-8.29645790036,0.155492088074,-0.00821957818681,0.00745550024304,0,0,0,0,0,0,0.171582,0.138671999999,0.0366590000022,-0.005633,-0.00434800000004,0.00228299999993
21,0.042392547,-0.211551349887,-3.72343441189,-8.6074513453,0.126862632742,-0.0185863403355,0.00521621901162,0,0,0,0,0,0,0.141582,0.148672,0.0166610000024,-0.003633,0.000651999999995,0.00028300000001
22,0.044378181,-0.0304100584829,-4.14927922072,-8.41331335721,0.148157804416,-0.0106470884956,0.0112496314016,0,0,0,0,0,0,0.141582,0.148672,0.0166610000024,-0.003633,0.000651999999995,0.00028300000001
23,0.046384063,-0.381728127632,-3.92813282883,-8.04318790145,0.14313107574,-0.0142512853237,0.0059788992904,0,0,0,0,0,0,0.141582,0.148672,0.0166610000024,-0.003633,0.000651999999995,0.00028300000001
24,0.048388362,0.16304926876,-3.73120726195,-8.08194228303,0.140524300883,0.00064607999249,0.00818541450682,0,0,0,0,0,0,0.141582,0.148672,0.0166610000024,-0.003633,0.000651999999995,0.00028300000001
25,0.050397019,0.0258242949926,-3.91188167859,-8.42786250761,0.134740978735,-0.00244825084446,0.0185116229425,0,0,0,0,0,0,0.071582,0.0886719999977,0.146660000001,0.001367,0.00265200000003,-0.00171699999996
26,0.052390388,0.383056964363,-3.80233020848,-8.47370278156,0.134081161057,0.000502188738932,0.00303503761274,0,0,0,0,0,0,0.071582,0.0886719999977,0.146660000001,0.001367,0.00265200000003,-0.00171699999996
27,0.054396240,0.02138484319,-3.95826814053,-8.32418585595,0.144167092522,-0.0062132746812,0.0100316974319,0,0,0,0,0,0,0.071582,0.0886719999977,0.146660000001,0.001367,0.00265200000003,-0.00171699999996
28,0.056390130,0.160272056131,-3.98053662413,-8.53488358668,0.14176396464,0.00208218834611,0.0126027246555,0,0,0,0,0,0,0.071582,0.0886719999977,0.146660000001,0.001367,0.00265200000003,-0.00171699999996
29,0.058397374,-0.179942468133,-3.76545554591,-8.40358999398,0.130578435426,-0.00631765008785,-0.0016347549521,0,0,0,0,0,0,0.091582,0.108672000002,-0.153338999998,0.002367,0.00765200000006,-0.00371699999988
30,0.060389831,-0.462781897605,-3.72823705332,-8.41571646608,0.134184336663,-0.012768030184,0.00570549231761,0,0,0,0,0,0,0.091582,0.108672000002,-0.153338999998,0.002367,0.00765200000006,-0.00371699999988
31,0.062384903,0.0424547419847,-4.04170395265,-8.48127863557,0.144108638918,-0.00737373166588,-0.00121104033158,0,0,0,0,0,0,0.091582,0.108672000002,-0.153338999998,0.002367,0.00765200000006,-0.00371699999988
32,0.064377701,0.00187264936359,-3.5831225635,-8.0306241722,0.143686188454,-0.020395055245,0.00831250430732,0,0,0,0,0,0,0.091582,0.108672000002,-0.153338999998,0.002367,0.00765200000006,-0.00371699999988
33,0.066393451,0.284082902353,-3.84247113778,-8.08251959658,0.155167598327,-0.00890868527156,0.0105788284811,0,0,0,0,0,0,0.021582,0.0986719999999,0.00666000000158,0.007367,0.0126520000001,-0.0047169999998
34,0.068394524,-0.0734831074111,-3.75128052344,-8.01311524761,0.147325325102,-0.0153302648703,0.00742770096959,0,0,0,0,0,0,0.021582,0.0986719999999,0.00666000000158,0.007367,0.0126520000001,-0.0047169999998
35,0.070377394,-0.125259486978,-3.85574337193,-8.09477112672,0.149138718963,-0.0208534599538,0.00544693034314,0,0,0,0,0,0,0.021582,0.0986719999999,0.00666000000158,0.007367,0.0126520000001,-0.0047169999998
36,0.072412490,-0.0194972938101,-3.89098087514,-7.944466885,0.155945750214,-0.00967053840655,0.00634837427455,0,0,0,0,0,0,0.021582,0.0986719999999,0.00666000000158,0.007367,0.0126520000001,-0.0047169999998
37,0.074392343,0.445829094445,-4.2807606469,-8.08849863247,0.168536859806,-0.00772082836087,0.0208398443396,0,0,0,0,0,0,0.071582,0.108672000001,-0.0533389999983,0.001367,0.00465200000001,-0.000716999999926
38,0.076389669,0.164068261945,-3.80835370392,-8.00983478708,0.15757498317,-0.0175953244332,0.00401512345505,0,0,0,0,0,0,0.071582,0.108672000001,-0.0533389999983,0.001367,0.00465200000001,-0.000716999999926
39,0.078379481,0.245055396993,-3.92501102768,-8.1221880501,0.150592288113,-0.0206204214206,0.00182426418218,0,0,0,0,0,0,0.071582,0.108672000001,-0.0533389999983,0.001367,0.00465200000001,-0.000716999999926
40,0.080363412,0.241253080715,-3.83162746138,-8.07065472786,0.145066130667,-0.00642881107863,-0.00299741769563,0,0,0,0,0,0,0.071582,0.108672000001,-0.0533389999983,0.001367,0.00465200000001,-0.000716999999926
41,0.082381127,-0.0177877812044,-3.62887453298,-8.44986639002,0.133887396662,-0.000159595302613,0.000723198077734,0,0,0,0,0,0,0.061582,0.128672000003,-0.163339999998,0.004367,0.00865200000006,-0.00371699999986
42,0.084358435,0.222467176424,-3.80265328739,-7.98350925563,0.153906714535,-0.0114238423459,0.00954675785791,0,0,0,0,0,0,0.061582,0.128672000003,-0.163339999998,0.004367,0.00865200000006,-0.00371699999986
43,0.086420743,0.208221565742,-3.82457605011,-7.8986812067,0.159507516475,-0.0237627069245,0.0111355552428,0,0,0,0,0,0,0.061582,0.128672000003,-0.163339999998,0.004367,0.00865200000006,-0.00371699999986
44,0.088357285,-0.0488181578558,-3.63384949026,-7.80618460597,0.158652595268,-0.0277365075131,0.01697498451,0,0,0,0,0,0,0.061582,0.128672000003,-0.163339999998,0.004367,0.00865200000006,-0.00371699999986
45,0.090358709,0.153573676321,-3.96045309622,-8.11776243806,0.156087477609,-0.0180363080745,0.0128835196468,0,0,0,0,0,0,0.061582,0.158672000002,-0.143338999997,0.002367,0.00865200000006,-0.00371699999986
46,0.092343923,0.346780675271,-4.07906567413,-8.37658232467,0.167543499235,-0.0168922723873,0.01418260686,0,0,0,0,0,0,0.061582,0.158672000002,-0.143338999997,0.002367,0.00865200000006,-0.00371699999986
47,0.094350055,-0.249910331248,-3.68150865318,-8.06491554688,0.152749883372,-0.0358990459377,0.0107177820602,0,0,0,0,0,0,0.061582,0.158672000002,-0.143338999997,0.002367,0.00865200000006,-0.00371699999986
48,0.096343694,0.465935227416,-3.738348169,-8.1023629721,0.152797488195,-0.0115082721994,0.0176765571668,0,0,0,0,0,0,0.061582,0.158672000002,-0.143338999997,0.002367,0.00865200000006,-0.00371699999986
49,0.098356990,0.126154392238,-3.76396851226,-7.98457036412,0.150258240216,-0.0146496688501,0.0171017708011,0,0,0,0,0,0,0.051582,0.118672000002,-0.113339999998,0.004367,0.00865200000004,-0.00271699999986
50,0.100343325,0.275349430219,-3.80306255447,-8.14187131503,0.14131367699,-0.0107741794464,0.0157330342665,0,0,0,0,0,0,0.051582,0.118672000002,-0.113339999998,0.004367,0.00865200000004,-0.00271699999986
51,0.102345541,0.00207782636875,-3.82554443137,-8.37250895248,0.148700056144,-0.0103600504801,0.00162289434193,0,0,0,0,0,0,0.051582,0.118672000002,-0.113339999998,0.004367,0.00865200000004,-0.00271699999986
52,0.104344440,0.482833375035,-3.36305361022,-8.78983107209,0.115059720295,0.0180959481916,0.00197499470195,0,0,0,0,0,0,0.051582,0.118672000002,-0.113339999998,0.004367,0.00865200000004,-0.00271699999986
53,0.106359228,-0.117009289517,-3.95124993263,-8.61796799291,0.15177123789,-0.0157664640824,0.00131089649184,0,0,0,0,0,0,0.061582,0.0886720000001,-0.00333999999858,0.007367,0.00665200000003,-0.00171699999989
54,0.108337278,0.720285423899,-4.00049278217,-8.34733837108,0.156110376292,-0.00363298121849,0.0149665205903,0,0,0,0,0,0,0.061582,0.0886720000001,-0.00333999999858,0.007367,0.00665200000003,-0.00171699999989
55,0.110375992,0.388185007737,-3.33522646082,-8.17883954543,0.136213915327,-0.00966344669979,0.00729706700363,0,0,0,0,0,0,0.061582,0.0886720000001,-0.00333999999858,0.007367,0.00665200000003,-0.00171699999989
56,0.112357248,0.633210362674,-3.86171363338,-8.11361959762,0.146783659661,-0.00215003266394,0.00224380636415,0,0,0,0,0,0,0.061582,0.0886720000001,-0.00333999999858,0.007367,0.00665200000003,-0.00171699999989
57,0.114357349,-0.175274885753,-3.83228980748,-7.94398255598,0.154438546127,-0.0168172694501,0.00722496083747,0,0,0,0,0,0,0.111582,0.0986719999993,0.0466590000016,0.004367,0.00365200000003,-0.00171699999994
58,0.116343995,0.291344963149,-3.86166651529,-8.00452572053,0.156268407859,-0.0123302355056,0.0118200098219,0,0,0,0,0,0,0.111582,0.0986719999993,0.0466590000016,0.004367,0.00365200000003,-0.00171699999994
59,0.118347333,-0.532149358936,-3.70504052577,-8.50517351777,0.136830455072,-0.0245872736684,-0.00349917716544,0,0,0,0,0,0,0.111582,0.0986719999993,0.0466590000016,0.004367,0.00365200000003,-0.00171699999994
60,0.120343967,-0.409596148118,-3.95972866042,-8.06525219891,0.150902804298,-0.0292559690979,0.0124999437043,0,0,0,0,0,0,0.111582,0.0986719999993,0.0466590000016,0.004367,0.00365200000003,-0.00171699999994
61,0.122357393,0.247990230577,-4.03347618386,-7.98028512829,0.157875578525,-0.0152260480263,0.0121820438363,0,0,0,0,0,0,0.061582,0.108671999996,0.276661000002,0.001367,0.00265200000001,-0.000716999999958
62,0.124341905,-0.160874315502,-3.81512705119,-7.68409820992,0.152090025013,-0.0276955514928,0.0132933430455,0,0,0,0,0,0,0.061582,0.108671999996,0.276661000002,0.001367,0.00265200000001,-0.000716999999958
63,0.126349831,-0.12032194067,-4.19305241152,-7.94693615159,0.167606755903,-0.0241340130079,0.0125849083839,0,0,0,0,0,0,0.061582,0.108671999996,0.276661000002,0.001367,0.00265200000001,-0.000716999999958
64,0.128336447,-0.0244961327846,-4.1939959704,-8.22021271396,0.155983882959,-0.00780000409831,0.00540924738134,0,0,0,0,0,0,0.061582,0.108671999996,0.276661000002,0.001367,0.00265200000001,-0.000716999999958
65,0.130356756,-0.331046157881,-3.78206645094,-8.31014449137,0.133887290112,-0.00960196704448,0.00661884199206,0,0,0,0,0,0,0.031582,0.0986719999946,0.336660000002,0.003367,0.00365200000001,-0.000716999999942
66,0.132338413,-0.00779721485142,-3.92820886354,-8.25704996453,0.143379906998,-0.000697030175497,-0.00331052689024,0,0,0,0,0,0,0.031582,0.0986719999946,0.336660000002,0.003367,0.00365200000001,-0.000716999999942
67,0.134361467,-0.193038378474,-3.97377799883,-8.06181583596,0.140334427575,-0.0156453223697,0.0119571269758,0,0,0,0,0,0,0.031582,0.0986719999946,0.336660000002,0.003367,0.00365200000001,-0.000716999999942
68,0.136362260,-0.0943377792425,-4.01322841468,-8.23124288812,0.150503783008,-0.00856362192123,0.0184567458743,0,0,0,0,0,0,0.031582,0.0986719999946,0.336660000002,0.003367,0.00365200000001,-0.000716999999942
69,0.138386887,0.265303881236,-3.88537178617,-8.3274648712,0.139822162215,-0.0044959799851,0.00935359265352,0,0,0,0,0,0,0.081582,0.128671999995,0.326660000002,-0.003633,-0.000348000000005,0.000282999999994
70,0.140360148,0.0729960132429,-3.80145001134,-8.27373197175,0.134766924729,0.00151485300421,-0.00283464890136,0,0,0,0,0,0,0.081582,0.128671999995,0.326660000002,-0.003633,-0.000348000000005,0.000282999999994
71,0.142368695,0.286893684971,-4.0453899767,-8.47808357193,0.143358519211,0.0107524013759,0.0104046898213,0,0,0,0,0,0,0.081582,0.128671999995,0.326660000002,-0.003633,-0.000348000000005,0.000282999999994
72,0.144366101,-0.334850994966,-4.01093700139,-8.42996005667,0.148565254145,-0.00858313894709,0.00480765052273,0,0,0,0,0,0,0.081582,0.128671999995,0.326660000002,-0.003633,-0.000348000000005,0.000282999999994
73,0.146389536,-0.511909076691,-4.06723225575,-8.32334891425,0.152678339071,-0.0190039160055,0.00567527830675,0,0,0,0,0,0,0.051582,0.108671999998,0.0966610000017,0.002367,0.00565200000003,-0.00171699999991
74,0.148368187,0.479943194539,-4.06086155118,-8.13223197452,0.153385271887,-0.00319690734915,-0.00167273280865,0,0,0,0,0,0,0.051582,0.108671999998,0.0966610000017,0.002367,0.00565200000003,-0.00171699999991
75,0.150385941,-0.385294673242,-4.25638080024,-8.24393876478,0.162900150243,-0.0291733678328,0.00875344059524,0,0,0,0,0,0,0.051582,0.108671999998,0.0966610000017,0.002367,0.00565200000003,-0.00171699999991
76,0.152357650,0.0705664913384,-3.8465204507,-8.23083444897,0.142895496845,-0.0156575862232,0.0169644318387,0,0,0,0,0,0,0.051582,0.108671999998,0.0966610000017,0.002367,0.00565200000003,-0.00171699999991
77,0.154381095,0.301718637997,-4.07935561601,-8.15913057607,0.152872306064,0.000954201387188,0.0107002592823,0,0,0,0,0,0,0.071582,0.118672,0.0266610000019,0.003367,0.00565200000004,-0.00271699999991
78,0.156374113,0.225152285399,-3.77533143475,-7.97192993909,0.146236632705,-0.00840936444724,0.00907619162555,0,0,0,0,0,0,0.071582,0.118672,0.0266610000019,0.003367,0.00565200000004,-0.00271699999991
79,0.158375867,0.168282372961,-3.86422750334,-7.97540730586,0.138762619066,-0.0114609955472,0.0131023914723,0,0,0,0,0,0,0.071582,0.118672,0.0266610000019,0.003367,0.00565200000004,-0.00271699999991
80,0.160376389,0.155535282647,-3.9802730914,-8.25279178304,0.145459218513,-0.00150975183742,0.00637300523724,0,0,0,0,0,0,0.071582,0.118672,0.0266610000019,0.003367,0.00565200000004,-0.00271699999991
81,0.162384405,0.389014985775,-3.39762534243,-8.65290147279,0.131413629498,-0.000616497246395,0.00872576657136,0,0,0,0,0,0,0.151582,0.138671999998,0.146660000002,-0.003633,-0.001348,0.000282999999978
82,0.164379798,0.660276266601,-3.48792702832,-8.36051736974,0.130312357861,0.00332965857996,0.0119086142203,0,0,0,0,0,0,0.151582,0.138671999998,0.146660000002,-0.003633,-0.001348,0.000282999999978
83,0.166377635,0.00806020507465,-4.50912333657,-7.95046892367,0.173369040338,-0.0217756711944,0.00719115270058,0,0,0,0,0,0,0.151582,0.138671999998,0.146660000002,-0.003633,-0.001348,0.000282999999978
84,0.168375652,0.0532317096499,-3.55514496015,-8.35448682849,0.126657284327,0.00877055621337,0.0129753473718,0,0,0,0,0,0,0.151582,0.138671999998,0.146660000002,-0.003633,-0.001348,0.000282999999978
85,0.170427119,-0.0202043489084,-4.28011835102,-7.86943018206,0.163032370546,-0.00270270599527,0.00925980189926,0,0,0,0,0,0,0.131582,0.138671999997,0.156660000002,-0.002633,-0.001348,0.000282999999978
86,0.172363782,0.13538550159,-4.09139706873,-7.94171101798,0.162885101637,-0.0152275843017,0.00719735902227,0,0,0,0,0,0,0.131582,0.138671999997,0.156660000002,-0.002633,-0.001348,0.000282999999978
87,0.174361669,-0.11300187802,-4.09698473423,-7.82117710445,0.157122130146,-0.0102341347069,0.0130341845818,0,0,0,0,0,0,0.131582,0.138671999997,0.156660000002,-0.002633,-0.001348,0.000282999999978
88,0.176355478,-0.151913531726,-4.00585836311,-8.08815879191,0.156916516506,-0.0201447216929,0.0131704438152,0,0,0,0,0,0,0.131582,0.138671999997,0.156660000002,-0.002633,-0.001348,0.000282999999978
89,0.178384814,0.364293642323,-4.15775133714,-7.9699455349,0.158577640468,-0.0075282998182,0.00599857982639,0,0,0,0,0,0,0.141582,0.148671999999,0.0766600000024,-0.003633,-0.000348000000021,0.00128299999999
90,0.180360620,-0.150295054458,-3.68399068245,-7.89267834704,0.138134269673,-0.013818767738,0.00971514675233,0,0,0,0,0,0,0.141582,0.148671999999,0.0766600000024,-0.003633,-0.000348000000021,0.00128299999999
91,0.182359569,-0.133061327398,-3.79506661052,-8.02163338015,0.151342923483,-0.0214412491351,0.0122650889653,0,0,0,0,0,0,0.141582,0.148671999999,0.0766600000024,-0.003633,-0.000348000000021,0.00128299999999
92,0.184353900,0.2289503114,-4.12094328069,-8.0595457899,0.164092017348,-0.0183294241601,0.0234344023039,0,0,0,0,0,0,0.141582,0.148671999999,0.0766600000024,-0.003633,-0.000348000000021,0.00128299999999
93,0.186373237,0.245386910371,-3.81425174704,-8.06861942785,0.159522828837,-0.0139786394197,0.0138799603541,0,0,0,0,0,0,0.161582,0.138672,0.00666000000222,-0.002633,-0.001348,0.000282999999978
94,0.188407823,-0.0315753239816,-3.84476937552,-8.24049819504,0.149554186359,-0.00897265742218,0.015613379671,0,0,0,0,0,0,0.161582,0.138672,0.00666000000222,-0.002633,-0.001348,0.000282999999978
95,0.190374822,0.219096229074,-3.98357432475,-8.04628415127,0.161358856915,-0.0174056629844,0.0258919348269,0,0,0,0,0,0,0.161582,0.138672,0.00666000000222,-0.002633,-0.001348,0.000282999999978
96,0.192349596,-0.499390139256,-3.96262147688,-8.55448501401,0.141319411093,-0.0247560857772,0.00827194681489,0,0,0,0,0,0,0.161582,0.138672,0.00666000000222,-0.002633,-0.001348,0.000282999999978
97,0.194367370,-0.31468525208,-3.622997389,-8.50470168599,0.132934301972,-0.0158245772726,0.00397501359129,0,0,0,0,0,0,0.131582,0.118671999999,0.0766600000019,-0.000633,-0.000348000000005,0.000282999999994
98,0.196349197,0.43543464339,-3.65789150178,-8.18420942129,0.136320089275,0.00105741985246,0.0103946946339,0,0,0,0,0,0,0.131582,0.118671999999,0.0766600000019,-0.000633,-0.000348000000005,0.000282999999994
99,0.198354658,-0.114481455378,-4.17668699165,-8.67446369288,0.148532559056,-0.000369197628532,0.00560098983506,0,0,0,0,0,0,0.131582,0.118671999999,0.0766600000019,-0.000633,-0.000348000000005,0.000282999999994
100,0.200342567,0.529766121658,-3.945292761,-7.91475599969,0.155281758228,-0.00711781286133,0.0099064624691,0,0,0,0,0,0,0.131582,0.118671999999,0.0766600000019,-0.000633,-0.000348000000005,0.000282999999994
101,0.202359239,-0.0081036169923,-3.78259065622,-8.35178239663,0.135632610445,-0.0011988841896,0.00984728138348,0,0,0,0,0,0,0.131582,0.118672,-0.0233399999981,0.002367,0.00265200000001,-0.000716999999958
102,0.204348139,-0.197020012285,-3.68763772464,-8.09063920481,0.145425115801,-0.0144000939657,0.0107151340569,0,0,0,0,0,0,0.131582,0.118672,-0.0233399999981,0.002367,0.00265200000001,-0.000716999999958
103,0.206363720,-0.213390992774,-3.91006211261,-8.04879748827,0.144047984803,-0.0143816400851,0.00767847752742,0,0,0,0,0,0,0.131582,0.118672,-0.0233399999981,0.002367,0.00265200000001,-0.000716999999958
104,0.208342381,-0.351818914983,-3.80564175306,-8.41356519052,0.130740258645,-0.0146460768572,0.000820678371949,0,0,0,0,0,0,0.131582,0.118672,-0.0233399999981,0.002367,0.00265200000001,-0.000716999999958
105,0.210362730,-0.0881650586529,-3.95790430594,-7.89655558257,0.147228064003,-0.0256944484289,0.00613479282641,0,0,0,0,0,0,0.141582,0.118672000001,-0.0533389999981,0.002367,0.00165200000001,-0.000716999999974
106,0.212360898,0.216962470725,-3.77261798528,-8.2368553911,0.139603600349,-0.00949641388147,0.000363888782702,0,0,0,0,0,0,0.141582,0.118672000001,-0.0533389999981,0.002367,0.00165200000001,-0.000716999999974
107,0.214347534,-0.450057791841,-4.17532863772,-8.46775263429,0.154933142024,-0.016294925037,0.00591699567434,0,0,0,0,0,0,0.141582,0.118672000001,-0.0533389999981,0.002367,0.00165200000001,-0.000716999999974
108,0.216341914,-0.158231393925,-3.91534657844,-7.94582852396,0.156818176571,-0.0292831166842,0.00819382646391,0,0,0,0,0,0,0.141582,0.118672000001,-0.0533389999981,0.002367,0.00165200000001,-0.000716999999974
109,0.218354959,-0.0883796451126,-3.8032486157,-8.29786549054,0.130290302278,-0.0034504990216,0.00592845100581,0,0,0,0,0,0,0.061582,0.108672000001,-0.0533389999983,0.008367,0.0106520000001,-0.00371699999983
110,0.220337157,-0.210187640378,-3.90225369751,-7.89590955176,0.157641561411,-0.0240171441332,0.0108785914021,0,0,0,0,0,0,0.061582,0.108672000001,-0.0533389999983,0.008367,0.0106520000001,-0.00371699999983
111,0.222343230,-0.123304834053,-4.3151218428,-7.88914249173,0.166522747914,-0.0144135924293,0.0128563461305,0,0,0,0,0,0,0.061582,0.108672000001,-0.0533389999983,0.008367,0.0106520000001,-0.00371699999983
112,0.224335146,-0.196848622307,-3.60856301086,-8.11525649916,0.135668484209,-0.0141725920972,0.0119125872004,0,0,0,0,0,0,0.061582,0.108672000001,-0.0533389999983,0.008367,0.0106520000001,-0.00371699999983
113,0.226351778,0.345675096613,-3.90709112043,-7.90769531425,0.142714458643,-0.00894829887751,0.011118617697,0,0,0,0,0,0,0.131582,0.148672000001,-0.0433409999976,0.000367,0.00365200000001,-0.000716999999942
114,0.228339666,0.0220839039602,-3.72493585388,-8.25874669975,0.135372349914,-0.00389912974635,0.0125852979076,0,0,0,0,0,0,0.131582,0.148672000001,-0.0433409999976,0.000367,0.00365200000001,-0.000716999999942
115,0.230347051,0.184416048796,-3.96978647113,-7.95199119431,0.145631064768,-0.00899814030127,0.0106725858423,0,0,0,0,0,0,0.131582,0.148672000001,-0.0433409999976,0.000367,0.00365200000001,-0.000716999999942
116,0.232339248,-0.413499635661,-4.00946531861,-8.29167498641,0.150930490363,-0.0247604789486,0.00888085028,0,0,0,0,0,0,0.131582,0.148672000001,-0.0433409999976,0.000367,0.00365200000001,-0.000716999999942
117,0.234354417,0.360436509225,-4.09581097167,-7.69754677466,0.158415583773,-0.0196941794873,0.0123303224036,0,0,0,0,0,0,0.131582,0.128672000002,-0.113339999998,0.002367,0.00465200000003,-0.00171699999993
118,0.236339390,-0.0381381364581,-3.35808789008,-8.00702406204,0.114499331401,-0.000645068715616,0.00613598198532,0,0,0,0,0,0,0.131582,0.128672000002,-0.113339999998,0.002367,0.00465200000003,-0.00171699999993
119,0.238345563,0.0140099204581,-4.16006229549,-7.85399283424,0.169000421431,-0.0262928812164,0.0132443376385,0,0,0,0,0,0,0.131582,0.128672000002,-0.113339999998,0.002367,0.00465200000003,-0.00171699999993
120,0.240344001,0.378281426448,-3.94797114941,-7.81174734906,0.156210227773,-0.024548263626,0.0174636314326,0,0,0,0,0,0,0.131582,0.128672000002,-0.113339999998,0.002367,0.00465200000003,-0.00171699999993
121,0.242361054,0.285391312241,-4.00991641968,-8.17720633159,0.149903826048,-0.00268557986294,0.00501551558687,0,0,0,0,0,0,0.171582,0.108672,-0.00333999999826,-0.003633,-0.00334800000004,0.00228299999995
122,0.244347730,-0.063352469226,-4.02536136432,-8.0690866479,0.143839970868,-0.0148595578932,0.00684482232135,0,0,0,0,0,0,0.171582,0.108672,-0.00333999999826,-0.003633,-0.00334800000004,0.00228299999995
123,0.246355636,0.118908405278,-3.94521925855,-7.92185266432,0.141892109953,-0.0167453139981,0.00918093508562,0,0,0,0,0,0,0.171582,0.108672,-0.00333999999826,-0.003633,-0.00334800000004,0.00228299999995
124,0.248345959,-0.146132761766,-3.9220285092,-8.39224176688,0.140312327877,-0.00734710186187,0.0100947656913,0,0,0,0,0,0,0.171582,0.108672,-0.00333999999826,-0.003633,-0.00334800000004,0.00228299999995
125,0.250352782,0.286779350766,-3.41700925179,-8.06871892402,0.126275826868,-0.00888064346942,0.0123437710742,0,0,0,0,0,0,0.061582,0.088671999998,0.126659000001,0.002367,0.00565200000001,-0.00071699999991
126,0.252349497,-0.0995842030696,-3.84753746209,-8.3208540852,0.139286065511,-0.0124454779774,0.011308379638,0,0,0,0,0,0,0.061582,0.088671999998,0.126659000001,0.002367,0.00565200000001,-0.00071699999991
127,0.254345381,0.127632658015,-3.90187777626,-8.42329721105,0.142721624322,-0.0077541788793,0.0102207450055,0,0,0,0,0,0,0.061582,0.088671999998,0.126659000001,0.002367,0.00565200000001,-0.00071699999991
128,0.256345152,0.404273955086,-4.14200084069,-8.22214915228,0.153486235191,-0.00853723431949,0.0117276201077,0,0,0,0,0,0,0.061582,0.088671999998,0.126659000001,0.002367,0.00565200000001,-0.00071699999991
129,0.258362625,0.271704258875,-3.78093133261,-8.32746744844,0.144151393091,-0.00856199319781,0.0142903140087,0,0,0,0,0,0,0.041582,0.0786719999981,0.116661000001,0.004367,0.00665200000003,-0.00171699999989
130,0.260339263,0.504312186049,-4.14913632152,-8.10424484818,0.151928038315,0.000447694688677,0.0131228951398,0,0,0,0,0,0,0.041582,0.0786719999981,0.116661000001,0.004367,0.00665200000003,-0.00171699999989
131,0.262344654,0.045953160825,-4.21641994185,-8.21810427458,0.151126912916,0.00287865400213,0.00764619793442,0,0,0,0,0,0,0.041582,0.0786719999981,0.116661000001,0.004367,0.00665200000003,-0.00171699999989
132,0.264352459,0.193334292649,-3.85204798823,-8.49322791627,0.13749928298,-0.00331874250652,0.00937131798912,0,0,0,0,0,0,0.041582,0.0786719999981,0.116661000001,0.004367,0.00665200000003,-0.00171699999989
133,0.266372357,0.101380581359,-4.03820824972,-7.95935087901,0.157759669958,-0.0133834763761,0.012955401634,0,0,0,0,0,0,0.071582,0.118672,0.0066600000019,0.002367,0.00665200000003,-0.00171699999989
134,0.268356008,0.52391251278,-3.93266382299,-8.02325063919,0.164388407174,-0.00509688929832,0.00930450154827,0,0,0,0,0,0,0.071582,0.118672,0.0066600000019,0.002367,0.00665200000003,-0.00171699999989
135,0.270354877,0.235160385305,-4.20732128639,-7.66001125976,0.169718920153,-0.0176034186258,0.0127994609241,0,0,0,0,0,0,0.071582,0.118672,0.0066600000019,0.002367,0.00665200000003,-0.00171699999989
136,0.272348576,0.274235314408,-4.17059039595,-7.8819967473,0.160908325961,-0.0193003604186,0.0181506297566,0,0,0,0,0,0,0.071582,0.118672,0.0066600000019,0.002367,0.00665200000003,-0.00171699999989
137,0.274386118,-0.0210279227394,-4.05493779858,-7.80277124465,0.163720685983,-0.0142306519866,0.00787938495058,0,0,0,0,0,0,0.031582,0.0786720000001,-0.00333999999874,0.006367,0.0106520000001,-0.00571699999983
138,0.276361022,0.0624712413613,-4.11888616165,-7.98259249316,0.16101709373,-0.018536598069,0.0155861334747,0,0,0,0,0,0,0.031582,0.0786720000001,-0.00333999999874,0.006367,0.0106520000001,-0.00571699999983
139,0.278353128,-0.380055118165,-3.83932124456,-8.17459201034,0.146025790388,-0.0344773397298,0.0116641931685,0,0,0,0,0,0,0.031582,0.0786720000001,-0.00333999999874,0.006367,0.0106520000001,-0.00571699999983
140,0.280350965,0.402513616793,-3.40689412078,-8.32157614412,0.114167944815,0.000519326360412,0.00926956721038,0,0,0,0,0,0,0.031582,0.0786720000001,-0.00333999999874,0.006367,0.0106520000001,-0.00571699999983
141,0.282375963,0.353905568655,-3.56084410111,-7.82185316121,0.150341168881,-0.0121139524561,0.012997764997,0,0,0,0,0,0,0.021582,0.0686719999997,0.0166610000011,0.010367,0.0126520000001,-0.0057169999998
142,0.284366587,0.0387291437733,-4.0377229382,-7.83702094992,0.156685938361,-0.00903844356904,0.00993332947,0,0,0,0,0,0,0.021582,0.0686719999997,0.0166610000011,0.010367,0.0126520000001,-0.0057169999998
143,0.286356018,0.67861149297,-3.90922072977,-8.23985282084,0.13830421704,0.00798407399714,0.00853808366068,0,0,0,0,0,0,0.021582,0.0686719999997,0.0166610000011,0.010367,0.0126520000001,-0.0057169999998
144,0.288397015,0.114956167012,-3.4568141944,-8.05834985432,0.12946303474,-0.00907645106296,0.0168145261455,0,0,0,0,0,0,0.021582,0.0686719999997,0.0166610000011,0.010367,0.0126520000001,-0.0057169999998
145,0.290396175,-0.40714317514,-3.95143739511,-8.13080638827,0.141758154764,-0.0181756324254,0.00723386435555,0,0,0,0,0,0,0.091582,0.0986719999985,0.0966610000016,0.004367,0.00565200000004,-0.00271699999991
146,0.292353796,0.330638852445,-3.87543044097,-8.103199523,0.142208801876,0.0037867759378,0.0121288163751,0,0,0,0,0,0,0.091582,0.0986719999985,0.0966610000016,0.004367,0.00565200000004,-0.00271699999991
147,0.294350682,-0.190843822242,-3.91224365886,-8.29760804784,0.144322810648,-0.0269431573592,0.0124181263768,0,0,0,0,0,0,0.091582,0.0986719999985,0.0966610000016,0.004367,0.00565200000004,-0.00271699999991
148,0.296342728,-0.0380295223872,-3.78202746198,-8.37626983576,0.129619644618,-0.00390859174935,0.00269860462435,0,0,0,0,0,0,0.091582,0.0986719999985,0.0966610000016,0.004367,0.00565200000004,-0.00271699999991
149,0.298350484,0.795181517947,-3.5943231673,-8.2012082693,0.136874675754,0.00370688418851,0.0132188164265,0,0,0,0,0,0,0.001582,0.0786719999977,0.146660000001,0.010367,0.00965200000008,-0.00471699999985
150,0.300355524,0.212120558188,-3.90125222279,-8.15315459466,0.149621976376,-0.0138339357374,0.0102567589893,0,0,0,0,0,0,0.001582,0.0786719999977,0.146660000001,0.010367,0.00965200000008,-0.00471699999985
151,0.302342401,0.330502144014,-3.78866255372,-8.40840238645,0.132514175791,0.00482033746794,0.00417064272302,0,0,0,0,0,0,0.001582,0.0786719999977,0.146660000001,0.010367,0.00965200000008,-0.00471699999985
152,0.304340348,0.548930815823,-3.83246925469,-7.78780134954,0.150065955711,-0.00388963849894,0.0065077168096,0,0,0,0,0,0,0.001582,0.0786719999977,0.146660000001,0.010367,0.00965200000008,-0.00471699999985
153,0.306350508,-0.132523333083,-4.33869998158,-8.45825198054,0.160256904646,-0.0179741901624,0.00089254695629,0,0,0,0,0,0,0.091582,0.0886719999965,0.216660000001,0.002367,0.000652000000011,-0.00071699999999
154,0.308360889,0.314995360078,-3.77701062245,-8.27737091925,0.136854348917,-0.0116952188807,0.00461139722998,0,0,0,0,0,0,0.091582,0.0886719999965,0.216660000001,0.002367,0.000652000000011,-0.00071699999999
155,0.310354287,-0.0547391042002,-3.993213256,-8.27222768546,0.138957225965,-0.00919108347957,0.0091482776803,0,0,0,0,0,0,0.091582,0.0886719999965,0.216660000001,0.002367,0.000652000000011,-0.00071699999999
156,0.312379335,-0.339784007264,-4.12296258385,-8.54575003807,0.15669480337,-0.0211425262998,0.00948023255968,0,0,0,0,0,0,0.091582,0.0886719999965,0.216660000001,0.002367,0.000652000000011,-0.00071699999999
157,0.314366943,-0.453269776253,-3.95905993434,-8.492468718,0.134514694411,-0.0157813979316,0.00647123648704,0,0,0,0,0,0,0.081582,0.0986719999989,0.0666600000016,0.002367,0.00165200000001,-0.000716999999974
158,0.316348589,-0.110652767181,-4.01815521659,-7.97405386275,0.159983040404,-0.0160397800788,0.00546190482459,0,0,0,0,0,0,0.081582,0.0986719999989,0.0666600000016,0.002367,0.00165200000001,-0.000716999999974
159,0.318341076,-0.289726402764,-4.13026493466,-8.04888522544,0.160602162973,-0.0291699801021,0.00573037258929,0,0,0,0,0,0,0.081582,0.0986719999989,0.0666600000016,0.002367,0.00165200000001,-0.000716999999974
160,0.320353781,0.0748991815775,-3.7967591666,-7.96957797802,0.151794384178,-0.0182341831654,0.0126904052625,0,0,0,0,0,0,0.081582,0.0986719999989,0.0666600000016,0.002367,0.00165200000001,-0.000716999999974
161,0.322361517,-0.197450069385,-3.75196112361,-8.61092892628,0.1384453692,-0.0107281667837,0.00594228615012,0,0,0,0,0,0,0.051582,0.108671999999,0.0866600000017,0.002367,0.00465200000003,-0.00171699999993
162,0.324352531,-0.365636845867,-3.68108420222,-8.44200427978,0.130455726131,-0.0153869739006,0.00266552701045,0,0,0,0,0,0,0.051582,0.108671999999,0.0866600000017,0.002367,0.00465200000003,-0.00171699999993
163,0.326350448,0.255889435475,-3.75954516503,-7.71973594381,0.15132653,-0.0212881692391,0.0146687237638,0,0,0,0,0,0,0.051582,0.108671999999,0.0866600000017,0.002367,0.00465200000003,-0.00171699999993
164,0.328350139,0.144486748402,-3.92486881138,-8.25226783921,0.155404662223,-0.0228971485296,-0.00051444942893,0,0,0,0,0,0,0.051582,0.108671999999,0.0866600000017,0.002367,0.00465200000003,-0.00171699999993
165,0.330356442,0.493889709803,-3.61319617134,-7.99474911095,0.151869181629,-0.0123426363945,0.0138246641178,0,0,0,0,0,0,0.081582,0.128671999996,0.266661000002,-0.001633,-0.000348000000021,0.00128299999999
166,0.332344771,-0.0460352281478,-3.95573761336,-7.93465693563,0.153111624987,-0.0214379118485,0.0149399382985,0,0,0,0,0,0,0.081582,0.128671999996,0.266661000002,-0.001633,-0.000348000000021,0.00128299999999
167,0.334354060,-0.374086745904,-3.79723796677,-7.93235852906,0.158498204024,-0.0450258561213,0.0134317777944,0,0,0,0,0,0,0.081582,0.128671999996,0.266661000002,-0.001633,-0.000348000000021,0.00128299999999
168,0.336359280,-0.05780438522,-3.92227699442,-7.82846796805,0.154075109122,-0.026342211612,0.00887084599408,0,0,0,0,0,0,0.081582,0.128671999996,0.266661000002,-0.001633,-0.000348000000021,0.00128299999999
169,0.338370843,0.152467637136,-3.57122294424,-7.95879003503,0.139775982697,-0.0133866238687,0.00856743929378,0,0,0,0,0,0,0.071582,0.108671999999,0.0866600000017,0.003367,0.00565200000003,-0.00171699999991
170,0.340362007,0.227638920479,-3.92745759623,-8.36807617322,0.14579370012,0.00162185140312,-0.000258128318216,0,0,0,0,0,0,0.071582,0.108671999999,0.0866600000017,0.003367,0.00565200000003,-0.00171699999991
171,0.342364493,0.123881622659,-3.91890265445,-7.88243365048,0.148871375888,-0.0101291622249,0.00796470134526,0,0,0,0,0,0,0.071582,0.108671999999,0.0866600000017,0.003367,0.00565200000003,-0.00171699999991
172,0.344341842,-0.15089019928,-3.98614010053,-7.99915315198,0.149447712192,-0.0276280861491,0.00437047450896,0,0,0,0,0,0,0.071582,0.108671999999,0.0866600000017,0.003367,0.00565200000003,-0.00171699999991
173,0.346354426,-0.0571121381354,-3.99630889402,-7.92313799331,0.163507118022,-0.0255607723301,0.0242139627938,0,0,0,0,0,0,0.061582,0.0786719999953,0.296659000001,0.001367,0.00465200000001,-0.000716999999926
174,0.348346172,-0.370655662642,-4.13990677297,-7.83103854789,0.154902758274,-0.0224342327333,0.0127008605747,0,0,0,0,0,0,0.061582,0.0786719999953,0.296659000001,0.001367,0.00465200000001,-0.000716999999926
175,0.350351663,-0.0898817721745,-3.68311676684,-8.08552659868,0.134343770234,-0.0106362480713,0.00326539482409,0,0,0,0,0,0,0.061582,0.0786719999953,0.296659000001,0.001367,0.00465200000001,-0.000716999999926
176,0.352354219,-0.130572650576,-4.22229518252,-8.1008516265,0.153385582158,-0.0121196540793,0.0125838828496,0,0,0,0,0,0,0.061582,0.0786719999953,0.296659000001,0.001367,0.00465200000001,-0.000716999999926
177,0.354364159,-0.143339242872,-4.07856278801,-8.12589626045,0.149774263526,-0.0127015971813,0.0053801315636,0,0,0,0,0,0,0.071582,0.0986719999975,0.156660000002,0.003367,0.00365200000003,-0.00171699999994
178,0.356348060,-0.257377162481,-4.19416363803,-8.10096605618,0.147362037815,-0.0164977126548,0.0107984144128,0,0,0,0,0,0,0.071582,0.0986719999975,0.156660000002,0.003367,0.00365200000003,-0.00171699999994
179,0.358361556,0.16576258187,-3.90137699845,-8.24765944784,0.145168977104,-0.0156510091339,0.00385677181935,0,0,0,0,0,0,0.071582,0.0986719999975,0.156660000002,0.003367,0.00365200000003,-0.00171699999994
180,0.360347250,0.0550994508136,-3.70942967529,-8.40181120726,0.135474482589,-0.0021424959004,0.0138621204267,0,0,0,0,0,0,0.071582,0.0986719999975,0.156660000002,0.003367,0.00365200000003,-0.00171699999994
181,0.362367209,-0.332379532028,-3.90713184417,-8.4535631613,0.143729027661,-0.0194091661457,0.00445721925652,0,0,0,0,0,0,0.131582,0.128671999998,0.146660000002,-0.002633,-0.001348,0.000282999999978
182,0.364350138,0.00743870058845,-4.04300242235,-8.01461597844,0.14939156494,-0.00991577821732,0.000622788942191,0,0,0,0,0,0,0.131582,0.128671999998,0.146660000002,-0.002633,-0.001348,0.000282999999978
183,0.366358024,-0.36288099995,-3.80323907173,-8.30134594733,0.144871704445,-0.0236984467038,0.00985056652816,0,0,0,0,0,0,0.131582,0.128671999998,0.146660000002,-0.002633,-0.001348,0.000282999999978
184,0.368348597,0.376927297102,-4.13818081627,-8.07238993739,0.15175316727,0.00485694965819,0.0146076754222,0,0,0,0,0,0,0.131582,0.128671999998,0.146660000002,-0.002633,-0.001348,0.000282999999978
185,0.370409402,0.118372385479,-3.76660368325,-8.06656749176,0.135145955636,-0.0100434150525,0.00787182542915,0,0,0,0,0,0,0.081582,0.138671999999,0.0566600000022,0.001367,0.00465200000003,-0.00171699999993
186,0.372360542,-0.134076999904,-4.1123521194,-8.10101100385,0.155072279069,-0.0123070173959,0.00760648106699,0,0,0,0,0,0,0.081582,0.138671999999,0.0566600000022,0.001367,0.00465200000003,-0.00171699999993
187,0.374346787,0.000657360221499,-4.17266579495,-8.32712963903,0.158109219625,-0.0136687156288,0.00781792393339,0,0,0,0,0,0,0.081582,0.138671999999,0.0566600000022,0.001367,0.00465200000003,-0.00171699999993
188,0.376340055,-0.422611891666,-4.0431786004,-7.91919613733,0.155831882452,-0.0213605151702,0.00596493859696,0,0,0,0,0,0,0.081582,0.138671999999,0.0566600000022,0.001367,0.00465200000003,-0.00171699999993
189,0.378378338,-0.668244689105,-3.89699363567,-8.31820511577,0.147062219578,-0.0170121368325,0.0094273926823,0,0,0,0,0,0,0.011582,0.0886719999985,0.0966610000014,0.006367,0.0106520000001,-0.00571699999983
190,0.380351409,0.168894606677,-3.80822213242,-7.97426994461,0.141441432936,-0.00692875165966,0.0116916178494,0,0,0,0,0,0,0.011582,0.0886719999985,0.0966610000014,0.006367,0.0106520000001,-0.00571699999983
191,0.382362661,-0.214918780676,-3.96281200577,-7.60947095572,0.150732264702,-0.0140107768163,0.00819213557955,0,0,0,0,0,0,0.011582,0.0886719999985,0.0966610000014,0.006367,0.0106520000001,-0.00571699999983
192,0.384355218,0.0457414689183,-4.39339980019,-8.11896030162,0.16664118061,-0.0078369662124,0.00883184071655,0,0,0,0,0,0,0.011582,0.0886719999985,0.0966610000014,0.006367,0.0106520000001,-0.00571699999983
193,0.386374946,-0.300196629763,-3.6920524486,-8.1132716095,0.142051796632,-0.0210524345978,0.0103093384249,0,0,0,0,0,0,0.081582,0.138672,-0.0133399999978,0.002367,0.00565200000004,-0.00271699999991
194,0.388398972,-0.28107446939,-4.08942376628,-8.47223571631,0.150866472834,-0.0185613062479,0.00896888485814,0,0,0,0,0,0,0.081582,0.138672,-0.0133399999978,0.002367,0.00565200000004,-0.00271699999991
195,0.390362715,0.0300937232763,-3.61420942642,-8.25195522189,0.13517103338,-0.00694301143121,0.000698748125779,0,0,0,0,0,0,0.081582,0.138672,-0.0133399999978,0.002367,0.00565200000004,-0.00271699999991
196,0.392350844,0.634830270741,-3.91037819803,-8.24950454132,0.143357331596,0.00726678775238,0.00496999796615,0,0,0,0,0,0,0.081582,0.138672,-0.0133399999978,0.002367,0.00565200000004,-0.00271699999991
197,0.394375782,-0.406539005019,-3.77217325213,-8.12755467033,0.145886656093,-0.0195084199684,0.00150676768289,0,0,0,0,0,0,0.081582,0.128672,0.0166610000021,0.001367,0.00465200000003,-0.00171699999993
198,0.396354944,-0.0807454940124,-3.79188072687,-8.22293418134,0.141774241509,-0.00801702969462,-0.00428977154235,0,0,0,0,0,0,0.081582,0.128672,0.0166610000021,0.001367,0.00465200000003,-0.00171699999993
199,0.398353512,-0.470700381395,-3.91522519916,-8.28244572065,0.145997419045,-0.0230074642867,0.00447854650047,0,0,0,0,0,0,0.081582,0.128672,0.0166610000021,0.001367,0.00465200000003,-0.00171699999993
200,0.400352782,-0.0191720653856,-4.25143705931,-8.19976796223,0.152983795312,-0.0156009608794,0.00353374119345,0,0,0,0,0,0,0.081582,0.128672,0.0166610000021,0.001367,0.00465200000003,-0.00171699999993
201,0.402374173,-0.379718768921,-4.03934057032,-8.36038396473,0.15373295063,-0.0227591038289,0.0148695167882,0,0,0,0,0,0,0.031582,0.0986720000013,-0.0833399999984,0.010367,0.0116520000001,-0.00571699999981
202,0.404356441,-0.395213577663,-3.60120969645,-8.30559330387,0.134792292823,-0.0281648748431,0.00710161974973,0,0,0,0,0,0,0.031582,0.0986720000013,-0.0833399999984,0.010367,0.0116520000001,-0.00571699999981
203,0.406356743,-0.662129999203,-4.04586819388,-8.37836374574,0.153118316441,-0.0264403152951,0.00622697475294,0,0,0,0,0,0,0.031582,0.0986720000013,-0.0833399999984,0.010367,0.0116520000001,-0.00571699999981
204,0.408352806,0.245661893868,-3.83074109162,-8.22622115978,0.133783078864,-0.00715529177305,0.00273375146493,0,0,0,0,0,0,0.031582,0.0986720000013,-0.0833399999984,0.010367,0.0116520000001,-0.00571699999981
205,0.410375119,-0.104018615741,-3.97330854018,-8.08057102872,0.149333487886,-0.0111205306957,0.0119832448057,0,0,0,0,0,0,0.021582,0.0686720000004,-0.0233399999989,0.008367,0.00765200000006,-0.00371699999988
206,0.412372044,-0.0328136952978,-3.74073351526,-8.27263337141,0.137292510209,-0.0148381280681,0.0068382588786,0,0,0,0,0,0,0.021582,0.0686720000004,-0.0233399999989,0.008367,0.00765200000006,-0.00371699999988
207,0.414354402,0.193680364453,-3.7572451969,-8.673582322,0.135546035123,-0.000934680480132,0.00287948943333,0,0,0,0,0,0,0.021582,0.0686720000004,-0.0233399999989,0.008367,0.00765200000006,-0.00371699999988
208,0.416349003,-0.288446915955,-4.0908432394,-8.36813664802,0.150642705271,-0.0274257652335,0.00891246180366,0,0,0,0,0,0,0.021582,0.0686720000004,-0.0233399999989,0.008367,0.00765200000006,-0.00371699999988
209,0.418366988,-0.156403347644,-3.8810494096,-8.34182307542,0.146515557861,-0.0238468056987,0.0135814498653,0,0,0,0,0,0,0.001582,0.0686720000015,-0.0933399999989,0.012367,0.0136520000001,-0.00671699999978
210,0.420350769,0.623149422908,-4.00041329158,-8.35415343396,0.153777794071,-0.0109021596651,0.008174225431,0,0,0,0,0,0,0.001582,0.0686720000015,-0.0933399999989,0.012367,0.0136520000001,-0.00671699999978
211,0.422350379,0.186985945016,-3.49627375101,-8.51301783709,0.13115691345,0.00339363768602,0.00313841961406,0,0,0,0,0,0,0.001582,0.0686720000015,-0.0933399999989,0.012367,0.0136520000001,-0.00671699999978
212,0.424352043,0.408761619585,-3.97364811752,-8.43608070713,0.144178592258,0.00450025750138,0.00944908416817,0,0,0,0,0,0,0.001582,0.0686720000015,-0.0933399999989,0.012367,0.0136520000001,-0.00671699999978
213,0.426362504,-0.0452274266456,-3.81211060478,-8.09224154532,0.147856288292,-0.02548455772,0.0107330959141,0,0,0,0,0,0,0.061582,0.0986720000007,-0.0433409999984,0.005367,0.00765200000006,-0.00371699999988
214,0.428349130,-0.0442652587232,-3.86157480486,-8.01016902805,0.156629416714,-0.0200303183417,0.00982449387794,0,0,0,0,0,0,0.061582,0.0986720000007,-0.0433409999984,0.005367,0.00765200000006,-0.00371699999988
215,0.430362646,-0.193852792565,-4.13939066245,-8.05375535264,0.167644638644,-0.0174547040389,0.01856143259,0,0,0,0,0,0,0.061582,0.0986720000007,-0.0433409999984,0.005367,0.00765200000006,-0.00371699999988
216,0.432353210,0.107463455086,-3.83947474391,-8.31759942692,0.145607911247,0.0015370076478,0.0103870134073,0,0,0,0,0,0,0.061582,0.0986720000007,-0.0433409999984,0.005367,0.00765200000006,-0.00371699999988
217,0.434359582,-0.233894100529,-3.54838490485,-8.28932734431,0.128884109437,-0.00653896302765,0.00591151105435,0,0,0,0,0,0,-0.008418,0.108672,0.0166610000017,0.008367,0.0116520000001,-0.00471699999981
218,0.436356167,0.411917137867,-3.97894179001,-7.90363770012,0.157775591602,-0.0135099346516,0.0191987886268,0,0,0,0,0,0,-0.008418,0.108672,0.0166610000017,0.008367,0.0116520000001,-0.00471699999981
219,0.438360156,0.0935026279582,-4.07787997318,-7.77224478332,0.161106184743,-0.0250176748027,0.0140246397238,0,0,0,0,0,0,-0.008418,0.108672,0.0166610000017,0.008367,0.0116520000001,-0.00471699999981
220,0.440343806,-0.174148973445,-4.01184724186,-8.16793932448,0.160107185407,-0.0297810148265,0.0186561337998,0,0,0,0,0,0,-0.008418,0.108672,0.0166610000017,0.008367,0.0116520000001,-0.00471699999981
221,0.442354006,-0.523950847216,-4.01566027724,-8.02018690427,0.162859377853,-0.0363826891271,0.00905821911923,0,0,0,0,0,0,0.051582,0.118672000002,-0.113339999998,0.002367,0.00665200000004,-0.00271699999989
222,0.444350110,0.0569254012604,-3.91206428622,-8.02431040199,0.149196107676,-0.0206395756704,0.0172356729246,0,0,0,0,0,0,0.051582,0.118672000002,-0.113339999998,0.002367,0.00665200000004,-0.00271699999989
223,0.446342176,0.254557499994,-3.82624062564,-8.19265597639,0.1389905387,0.00100001753898,0.0142877741628,0,0,0,0,0,0,0.051582,0.118672000002,-0.113339999998,0.002367,0.00665200000004,-0.00271699999989
224,0.448356134,-0.269425642156,-3.80504340055,-8.51044869301,0.143235180995,-0.0272106593607,0.00642515503825,0,0,0,0,0,0,0.051582,0.118672000002,-0.113339999998,0.002367,0.00665200000004,-0.00271699999989
225,0.450359120,-0.139991702095,-3.72707263732,-8.15477919873,0.139735676329,-0.0222288675497,0.0110633039667,0,0,0,0,0,0,0.121582,0.138672000001,-0.0633389999978,0.000367,0.00265200000003,-0.00171699999996
226,0.452354743,0.16471634212,-3.85681647877,-8.21870506738,0.144245394329,-0.0201735494595,0.0121696614295,0,0,0,0,0,0,0.121582,0.138672000001,-0.0633389999978,0.000367,0.00265200000003,-0.00171699999996
227,0.454361066,0.138408327794,-3.98329692521,-7.9530693388,0.149884115225,-0.011652925453,0.0181528410631,0,0,0,0,0,0,0.121582,0.138672000001,-0.0633389999978,0.000367,0.00265200000003,-0.00171699999996
228,0.456351188,0.290609240269,-3.55786502278,-8.13500036124,0.132709624413,-0.00568370833128,0.0140934195485,0,0,0,0,0,0,0.121582,0.138672000001,-0.0633389999978,0.000367,0.00265200000003,-0.00171699999996
229,0.458357852,0.445210338616,-4.35089784192,-7.84428404117,0.157650665877,-0.00608146081586,0.0144303686167,0,0,0,0,0,0,0.111582,0.138672,0.00666000000222,0.002367,0.00265200000003,-0.00171699999996
230,0.460357312,0.0381403777141,-3.99737307131,-8.28948328039,0.153676959202,-0.0109255082752,0.00963124109986,0,0,0,0,0,0,0.111582,0.138672,0.00666000000222,0.002367,0.00265200000003,-0.00171699999996
231,0.462355189,-0.134784880407,-3.93748749497,-8.27175026098,0.148195114694,-0.0145269730627,0.0069224547207,0,0,0,0,0,0,0.111582,0.138672,0.00666000000222,0.002367,0.00265200000003,-0.00171699999996
232,0.464342046,-0.739154435836,-3.76844769919,-8.51075233206,0.135950415931,-0.0247170008191,-0.00153581228225,0,0,0,0,0,0,0.111582,0.138672,0.00666000000222,0.002367,0.00265200000003,-0.00171699999996
233,0.466347437,-0.218808104983,-3.75060645689,-8.12324700219,0.136102067872,-0.0215512784816,-6.13137816255e-05,0,0,0,0,0,0,0.091582,0.128672000002,-0.143338999998,0.005367,0.00665200000006,-0.00371699999989
234,0.468357767,0.314093091711,-3.75769269329,-8.30747407446,0.138589135392,-0.00706299876899,0.00557673034694,0,0,0,0,0,0,0.091582,0.128672000002,-0.143338999998,0.005367,0.00665200000006,-0.00371699999989
235,0.470338943,0.0525472355475,-3.82789885279,-8.32883877555,0.14019406099,-0.0131945802492,0.00939976513226,0,0,0,0,0,0,0.091582,0.128672000002,-0.143338999998,0.005367,0.00665200000006,-0.00371699999989
236,0.472345226,0.0150588944575,-4.33787682054,-7.88565386569,0.164831114129,-0.0228282651385,0.0129421440316,0,0,0,0,0,0,0.091582,0.128672000002,-0.143338999998,0.005367,0.00665200000006,-0.00371699999989
237,0.474354204,-0.0534980287346,-3.70123486379,-7.51393976648,0.14928928817,-0.0244778602888,0.0149157165562,0,0,0,0,0,0,0.011582,0.0786719999989,0.0666600000013,0.006367,0.00665200000004,-0.00271699999989
238,0.476354085,0.270911359469,-4.04362413403,-7.88280747328,0.160318770443,-0.0165333908106,0.0162293258606,0,0,0,0,0,0,0.011582,0.0786719999989,0.0666600000013,0.006367,0.00665200000004,-0.00271699999989
239,0.478346632,-0.372206869668,-4.1036579174,-7.70351367267,0.159112016162,-0.0391953295343,0.0112843931263,0,0,0,0,0,0,0.011582,0.0786719999989,0.0666600000013,0.006367,0.00665200000004,-0.00271699999989
240,0.480358044,-0.357684157237,-3.86390373466,-7.98794529096,0.155507010458,-0.0321525638373,0.0121145270462,0,0,0,0,0,0,0.011582,0.0786719999989,0.0666600000013,0.006367,0.00665200000004,-0.00271699999989
241,0.482360520,0.0333109547448,-3.9121038905,-8.15327792189,0.143314672966,-0.0217647064817,7.73107756581e-06,0,0,0,0,0,0,0.041582,0.0986719999967,0.206659000002,0.003367,0.00365200000003,-0.00171699999994
242,0.484357134,-0.448130714041,-3.72989690423,-8.49025808439,0.128391411392,-0.0156019869616,0.00642794610399,0,0,0,0,0,0,0.041582,0.0986719999967,0.206659000002,0.003367,0.00365200000003,-0.00171699999994
243,0.486355593,-0.272701936152,-3.94032663658,-7.90447903149,0.160734723429,-0.0239609444268,0.00908985573337,0,0,0,0,0,0,0.041582,0.0986719999967,0.206659000002,0.003367,0.00365200000003,-0.00171699999994
244,0.488392703,0.274579774632,-4.44473692074,-8.35338832729,0.166746740039,-0.0153433922541,0.015045152766,0,0,0,0,0,0,0.041582,0.0986719999967,0.206659000002,0.003367,0.00365200000003,-0.00171699999994
245,0.490359061,0.224427088062,-3.45391184194,-8.32353991602,0.133508598531,-0.00554803671651,0.00925010719666,0,0,0,0,0,0,0.031582,0.0786719999959,0.256660000001,0.005367,0.00665200000006,-0.00371699999989
246,0.492353442,-0.335422554353,-3.73911648595,-8.48839191312,0.142365834165,-0.0186375981537,-0.000628921995478,0,0,0,0,0,0,0.031582,0.0786719999959,0.256660000001,0.005367,0.00665200000006,-0.00371699999989
247,0.494342522,0.0315370446947,-3.64342350741,-8.05725939803,0.144028782678,-0.0142269710234,0.00687336101551,0,0,0,0,0,0,0.031582,0.0786719999959,0.256660000001,0.005367,0.00665200000006,-0.00371699999989
248,0.496353514,-0.0771298169939,-4.07596566817,-8.32156823158,0.153811724343,-0.0148866037747,0.00843294278904,0,0,0,0,0,0,0.031582,0.0786719999959,0.256660000001,0.005367,0.00665200000006,-0.00371699999989
249,0.498363113,0.0119781718637,-3.35869356511,-8.42089185417,0.129372704477,-0.0125230173791,0.00193395867239,0,0,0,0,0,0,-0.018418,0.0386719999957,0.266661000001,0.011367,0.00965200000008,-0.00471699999985
250,0.500362463,-0.412079419817,-3.54293652002,-8.7489856323,0.1258511847,-0.0169938110325,-0.00175029569003,0,0,0,0,0,0,-0.018418,0.0386719999957,0.266661000001,0.011367,0.00965200000008,-0.00471699999985
251,0.502359919,0.190274573518,-4.17108631088,-8.33108361552,0.151446515394,-0.00392858512794,0.0089096639371,0,0,0,0,0,0,-0.018418,0.0386719999957,0.266661000001,0.011367,0.00965200000008,-0.00471699999985
252,0.504352356,-0.268491735478,-3.96671179928,-7.99943511833,0.146924077542,-0.0260291923669,-0.000228762472518,0,0,0,0,0,0,-0.018418,0.0386719999957,0.266661000001,0.011367,0.00965200000008,-0.00471699999985
253,0.506367235,-0.328835544896,-3.94174270973,-8.17527877699,0.151575810044,-0.0292087857428,0.0147451510366,0,0,0,0,0,0,-0.018418,0.068671999993,0.436661000001,0.006367,0.00765200000006,-0.00371699999988
254,0.508361014,-0.358034147629,-4.00287761989,-8.41660749357,0.143676941077,-0.0244332931218,0.0102473548635,0,0,0,0,0,0,-0.018418,0.068671999993,0.436661000001,0.006367,0.00765200000006,-0.00371699999988
255,0.510357008,-0.0197246173008,-3.84618371238,-8.2415094218,0.144515390751,-0.0188162877298,0.00494417084446,0,0,0,0,0,0,-0.018418,0.068671999993,0.436661000001,0.006367,0.00765200000006,-0.00371699999988
256,0.512378639,0.115671415563,-3.86413270757,-8.02371195524,0.151332828779,-0.00893394950765,0.0040181944766,0,0,0,0,0,0,-0.018418,0.068671999993,0.436661000001,0.006367,0.00765200000006,-0.00371699999988
257,0.514360917,-0.491538094567,-4.15699617274,-8.2861084544,0.15914222091,-0.0452510207582,0.00576080197313,0,0,0,0,0,0,-0.048418,0.0686719999943,0.356661000001,0.010367,0.0106520000001,-0.00571699999983
258,0.516369464,-0.248631462988,-4.05318837609,-8.48073334949,0.153386482888,-0.0278506787935,0.00135027746511,0,0,0,0,0,0,-0.048418,0.0686719999943,0.356661000001,0.010367,0.0106520000001,-0.00571699999983
259,0.518356541,-0.1466638342,-3.60889538776,-8.53377186823,0.131721446464,-0.0125321551248,0.0026548784767,0,0,0,0,0,0,-0.048418,0.0686719999943,0.356661000001,0.010367,0.0106520000001,-0.00571699999983
260,0.520358977,0.0272563760852,-3.79094460214,-8.5247926413,0.134918936035,-0.00320546777324,0.00220861472416,0,0,0,0,0,0,-0.048418,0.0686719999943,0.356661000001,0.010367,0.0106520000001,-0.00571699999983
261,0.522368827,-0.510248286852,-3.78973646209,-8.25059013161,0.138376355881,-0.0250136500396,0.000535279576598,0,0,0,0,0,0,0.081582,0.0986719999981,0.116661000002,0.004367,0.00365200000004,-0.00271699999994
262,0.524374699,-0.392706815287,-3.80561229788,-8.06977731527,0.153226351433,-0.0311819932821,0.0069467344995,0,0,0,0,0,0,0.081582,0.0986719999981,0.116661000002,0.004367,0.00365200000004,-0.00271699999994
263,0.526358459,-0.143406637674,-4.27436309209,-8.10842977926,0.162287442831,-0.0165429454998,0.00243416626245,0,0,0,0,0,0,0.081582,0.0986719999981,0.116661000002,0.004367,0.00365200000004,-0.00271699999994
264,0.528361777,0.102888151606,-3.73170714895,-8.29463845332,0.138533953333,-0.00917020439072,-0.00500131949046,0,0,0,0,0,0,0.081582,0.0986719999981,0.116661000002,0.004367,0.00365200000004,-0.00271699999994
265,0.530370945,0.143283818462,-3.3872830466,-8.20676934295,0.135693924124,-0.0167261563257,0.00591416272572,0,0,0,0,0,0,0.121582,0.128671999998,0.136660000002,0.000367,0.000652000000011,-0.00071699999999
266,0.532361478,-0.0645280612146,-3.88467254684,-8.43135454108,0.146110349432,-0.0100094875964,0.00478454370996,0,0,0,0,0,0,0.121582,0.128671999998,0.136660000002,0.000367,0.000652000000011,-0.00071699999999
267,0.534363012,-0.322958623517,-3.85496543519,-8.28625361591,0.14534089234,-0.0173308981098,-0.00477272576199,0,0,0,0,0,0,0.121582,0.128671999998,0.136660000002,0.000367,0.000652000000011,-0.00071699999999
268,0.536348626,-0.566422594826,-3.73102243883,-8.1989575895,0.136367847561,-0.0211608830451,0.00316517557549,0,0,0,0,0,0,0.121582,0.128671999998,0.136660000002,0.000367,0.000652000000011,-0.00071699999999
269,0.538364928,-0.0172403670325,-3.57770940102,-8.4374662849,0.135977422475,-0.0219022265447,-0.000463401514909,0,0,0,0,0,0,0.061582,0.118671999998,0.0966610000019,0.005367,0.00765200000006,-0.00371699999988
270,0.540350472,0.137212889538,-4.30196809073,-8.62186126606,0.161339262652,-0.0109587969147,-0.0016895980458,0,0,0,0,0,0,0.061582,0.118671999998,0.0966610000019,0.005367,0.00765200000006,-0.00371699999988
271,0.542354130,0.327639619954,-3.88833509253,-8.34565975868,0.146651329327,-0.004719088649,0.00546075922317,0,0,0,0,0,0,0.061582,0.118671999998,0.0966610000019,0.005367,0.00765200000006,-0.00371699999988
272,0.544344072,0.105124166609,-3.9150617366,-8.62878366697,0.142466427749,-0.0109097219637,8.90178028666e-05,0,0,0,0,0,0,0.061582,0.118671999998,0.0966610000019,0.005367,0.00765200000006,-0.00371699999988
273,0.546353911,-0.23390020368,-3.80676818934,-8.38555066478,0.143034923885,-0.0228519351558,0.00930024925244,0,0,0,0,0,0,0.051582,0.0986719999986,0.0866600000016,0.006367,0.00865200000006,-0.00371699999986
274,0.548344765,-0.0677817055802,-3.51028306983,-8.41424969741,0.136665717865,-0.0135538348068,0.00131754994511,0,0,0,0,0,0,0.051582,0.0986719999986,0.0866600000016,0.006367,0.00865200000006,-0.00371699999986
275,0.550343204,-0.148885616492,-3.85428493754,-8.51955252676,0.136528600678,-0.00316851540336,-0.000300645334222,0,0,0,0,0,0,0.051582,0.0986719999986,0.0866600000016,0.006367,0.00865200000006,-0.00371699999986
276,0.552349076,0.12415132621,-3.97606540796,-8.47843711681,0.14938420435,-0.000799172607004,0.00251222712613,0,0,0,0,0,0,0.051582,0.0986719999986,0.0866600000016,0.006367,0.00865200000006,-0.00371699999986
277,0.554367611,0.0678785811225,-3.88756264116,-8.37419671392,0.147861750099,-0.0133050172631,0.0120906836395,0,0,0,0,0,0,0.021582,0.128671999999,0.0866600000021,0.005367,0.00965200000006,-0.00371699999985
278,0.556349879,0.0879188427347,-3.68629850584,-8.2401873827,0.135322934558,-0.0105193410211,0.00221263953684,0,0,0,0,0,0,0.021582,0.128671999999,0.0866600000021,0.005367,0.00965200000006,-0.00371699999985
279,0.558351393,-0.163456461027,-3.60589393763,-8.55770784191,0.132896896502,-0.0214500577365,-0.00275364824042,0,0,0,0,0,0,0.021582,0.128671999999,0.0866600000021,0.005367,0.00965200000006,-0.00371699999985
280,0.560365300,-0.28746977032,-4.16005084766,-8.09891561382,0.162824281937,-0.0200883326801,0.00645467147822,0,0,0,0,0,0,0.021582,0.128671999999,0.0866600000021,0.005367,0.00965200000006,-0.00371699999985
281,0.562364810,-0.0352621651043,-4.05540001987,-8.01213267247,0.160151212053,-0.0179134879547,-0.00218227774866,0,0,0,0,0,0,0.051582,0.108672000004,-0.223338999998,0.008367,0.00965200000009,-0.00571699999985
282,0.564365112,-0.319559870144,-4.35247742871,-8.16881286696,0.175865782565,-0.0309037647814,0.00443979143328,0,0,0,0,0,0,0.051582,0.108672000004,-0.223338999998,0.008367,0.00965200000009,-0.00571699999985
283,0.566369140,-0.30593010379,-3.83337773262,-8.44519756855,0.156133189797,-0.0250261226206,0.0179999635373,0,0,0,0,0,0,0.051582,0.108672000004,-0.223338999998,0.008367,0.00965200000009,-0.00571699999985
284,0.568354424,0.124888510391,-3.45649371568,-8.67925871248,0.118575779969,0.00829242084298,0.0089895642968,0,0,0,0,0,0,0.051582,0.108672000004,-0.223338999998,0.008367,0.00965200000009,-0.00571699999985
285,0.570399620,0.422623259418,-3.80605256616,-8.45145027484,0.146073108946,-0.00840422824015,-0.000319509736145,0,0,0,0,0,0,0.091582,0.0986719999986,0.0866600000016,-0.000633,-0.000348000000005,0.000282999999994
286,0.572362481,-0.400330930745,-4.24903921506,-7.96393731736,0.160738878242,-0.0340243843596,0.0126842510041,0,0,0,0,0,0,0.091582,0.0986719999986,0.0866600000016,-0.000633,-0.000348000000005,0.000282999999994
287,0.574344058,0.114099577654,-3.93534090216,-7.97938095861,0.152702552502,-0.0117900342461,0.00562365688978,0,0,0,0,0,0,0.091582,0.0986719999986,0.0866600000016,-0.000633,-0.000348000000005,0.000282999999994
288,0.576361912,-0.523361493218,-4.17231452742,-8.05574548787,0.163822688781,-0.0296339319104,0.00735032316216,0,0,0,0,0,0,0.091582,0.0986719999986,0.0866600000016,-0.000633,-0.000348000000005,0.000282999999994
289,0.578370850,0.461237534425,-3.80630313841,-7.95125196504,0.161085433511,-0.00967753467451,0.017165558996,0,0,0,0,0,0,-0.008418,0.0986719999994,0.0366590000016,0.009367,0.0126520000001,-0.0067169999998
290,0.580358568,0.21833159454,-3.72091537069,-8.18005286357,0.138476725492,-0.0108930934886,0.00204556009274,0,0,0,0,0,0,-0.008418,0.0986719999994,0.0366590000016,0.009367,0.0126520000001,-0.0067169999998
291,0.582366814,-0.0119792004668,-3.852341161,-8.27359952937,0.143362814568,-0.00378599417263,0.00427921631469,0,0,0,0,0,0,-0.008418,0.0986719999994,0.0366590000016,0.009367,0.0126520000001,-0.0067169999998
292,0.584364221,-0.105819332356,-3.65682458639,-7.89583217737,0.137448112176,-0.017066539803,-0.00229263626654,0,0,0,0,0,0,-0.008418,0.0986719999994,0.0366590000016,0.009367,0.0126520000001,-0.0067169999998
293,0.586369391,0.202269381425,-3.94848700128,-8.71093747966,0.144917670016,-0.00124109764577,0.000555997357797,0,0,0,0,0,0,0.061582,0.0986719999985,0.0966610000016,0.003367,0.00465200000004,-0.00271699999993
294,0.588409067,-0.207037965338,-3.93193427682,-8.14300131427,0.145128295371,-0.00841949632397,0.00915664066351,0,0,0,0,0,0,0.061582,0.0986719999985,0.0966610000016,0.003367,0.00465200000004,-0.00271699999993
295,0.590380374,0.457503933847,-3.68481768386,-8.00301066965,0.148400021874,0.000193590982319,0.00426850465076,0,0,0,0,0,0,0.061582,0.0986719999985,0.0966610000016,0.003367,0.00465200000004,-0.00271699999993
296,0.592355198,-0.319742570044,-3.66693843493,-8.38723324694,0.14140412532,-0.0188808602683,0.0103445936436,0,0,0,0,0,0,0.061582,0.0986719999985,0.0966610000016,0.003367,0.00465200000004,-0.00271699999993
297,0.594368745,-0.092814732474,-3.7278764306,-7.92647831098,0.14591322569,-0.012885898689,0.00500255459519,0,0,0,0,0,0,0.061582,0.0986719999962,0.236660000002,0.001367,0.00265200000003,-0.00171699999996
298,0.596361121,-0.163660372873,-3.70530677814,-8.07243767246,0.154093399226,-0.0209018361753,0.00905951004828,0,0,0,0,0,0,0.061582,0.0986719999962,0.236660000002,0.001367,0.00265200000003,-0.00171699999996
299,0.598358948,-0.0917036434918,-4.04430962557,-8.18201278649,0.159461678988,-0.0236262212368,0.00128953537581,0,0,0,0,0,0,0.061582,0.0986719999962,0.236660000002,0.001367,0.00265200000003,-0.00171699999996
300,0.600352508,0.264467647928,-3.45357443124,-8.39648750905,0.130445367806,-0.00300458572134,0.00572362371444,0,0,0,0,0,0,0.061582,0.0986719999962,0.236660000002,0.001367,0.00265200000003,-0.00171699999996
301,0.602353390,0.169073186824,-3.83025547686,-8.04918348369,0.148917742502,-0.00375708613121,0.0087096655346,0,0,0,0,0,0,0.091582,0.148671999998,0.116661000002,-0.002633,0.000651999999979,0.00128300000001
302,0.604365414,-0.484301386271,-3.83183041946,-8.07176414406,0.150618318097,-0.0248009302072,0.00492258047178,0,0,0,0,0,0,0.091582,0.148671999998,0.116661000002,-0.002633,0.000651999999979,0.00128300000001
303,0.606353642,0.294778601993,-3.74475955878,-8.31817207884,0.136546968725,0.000156615189503,0.0127163922679,0,0,0,0,0,0,0.091582,0.148671999998,0.116661000002,-0.002633,0.000651999999979,0.00128300000001
304,0.608365446,-0.144852587646,-3.2602142881,-8.46298825023,0.117134538851,-0.000127826774241,0.00476063836485,0,0,0,0,0,0,0.091582,0.148671999998,0.116661000002,-0.002633,0.000651999999979,0.00128300000001
305,0.610369194,-0.427533358066,-4.00644276159,-8.21709196947,0.147538571915,-0.0160822792963,-0.00206174633348,0,0,0,0,0,0,0.131582,0.0986720000005,-0.0333399999984,0.000367,0.00165200000001,-0.000716999999974
306,0.612383441,0.357721021432,-3.91018893397,-8.20678886515,0.146899118208,-0.000408572866414,0.00374516692874,0,0,0,0,0,0,0.131582,0.0986720000005,-0.0333399999984,0.000367,0.00165200000001,-0.000716999999974
307,0.614364988,-0.117757816362,-3.59997576186,-8.05107429172,0.138753214121,-0.0213231326255,0.00575607912108,0,0,0,0,0,0,0.131582,0.0986720000005,-0.0333399999984,0.000367,0.00165200000001,-0.000716999999974
308,0.616367013,-0.149124262755,-4.07420737921,-7.93714350981,0.156971515735,-0.0105582416051,0.00160571372309,0,0,0,0,0,0,0.131582,0.0986720000005,-0.0333399999984,0.000367,0.00165200000001,-0.000716999999974
309,0.618371522,-0.431203028775,-3.89320979424,-7.87974298794,0.150801266906,-0.0202168911818,0.00871404174298,0,0,0,0,0,0,0.071582,0.0886720000004,-0.0233399999986,0.004367,0.00665200000004,-0.00271699999989
310,0.620365502,0.316851144952,-3.94706361803,-8.08922307358,0.151951684171,-0.0104143611129,0.0141070108702,0,0,0,0,0,0,0.071582,0.0886720000004,-0.0233399999986,0.004367,0.00665200000004,-0.00271699999989
311,0.622353431,-0.453768915166,-3.780661456,-8.04225433604,0.142388278631,-0.0194256442538,0.00266660992568,0,0,0,0,0,0,0.071582,0.0886720000004,-0.0233399999986,0.004367,0.00665200000004,-0.00271699999989
312,0.624366076,-0.00511950818329,-3.74220597261,-8.49112911433,0.145203715659,-0.012554253225,0.0126905909117,0,0,0,0,0,0,0.071582,0.0886720000004,-0.0233399999986,0.004367,0.00665200000004,-0.00271699999989
313,0.626373200,0.0595213745763,-3.94932752854,-8.46963579467,0.151050496523,-2.44963352031e-05,5.60731049704e-05,0,0,0,0,0,0,0.001582,0.0386719999967,0.206659000001,0.009367,0.00965200000008,-0.00471699999985
314,0.628366639,0.0954689680477,-4.05175646866,-8.46904717708,0.154333135976,-0.0136855316379,0.00475994012407,0,0,0,0,0,0,0.001582,0.0386719999967,0.206659000001,0.009367,0.00965200000008,-0.00471699999985
315,0.630361961,-0.215472993005,-4.38486027881,-8.09887215796,0.163189920129,-0.0286835668602,0.0124822195874,0,0,0,0,0,0,0.001582,0.0386719999967,0.206659000001,0.009367,0.00965200000008,-0.00471699999985
316,0.632364426,-0.105668135638,-3.92155241146,-8.25710886143,0.14458983218,-0.0174275943934,0.0061490048168,0,0,0,0,0,0,0.001582,0.0386719999967,0.206659000001,0.009367,0.00965200000008,-0.00471699999985
317,0.634370649,-0.00260295924882,-3.65904714444,-7.97796024472,0.140572661824,-0.0124709242287,0.00720643759879,0,0,0,0,0,0,0.041582,0.0686719999964,0.226660000001,0.007367,0.00565200000006,-0.00371699999991
318,0.636364990,-0.214328103885,-4.20629802528,-7.91455626997,0.166796162721,-0.0240823502528,0.00854375836487,0,0,0,0,0,0,0.041582,0.0686719999964,0.226660000001,0.007367,0.00565200000006,-0.00371699999991
319,0.638358438,0.0330342305929,-3.79553678078,-8.05213543503,0.144208986687,-0.0171546986986,0.0135354076215,0,0,0,0,0,0,0.041582,0.0686719999964,0.226660000001,0.007367,0.00565200000006,-0.00371699999991
320,0.640364321,0.314045324433,-3.74447283969,-8.51548252962,0.138715075952,0.0016071444516,0.00685529064477,0,0,0,0,0,0,0.041582,0.0686719999964,0.226660000001,0.007367,0.00565200000006,-0.00371699999991
321,0.642382776,-0.285781454619,-3.87742427042,-8.67784286577,0.138709952342,-0.0126641645656,0.00306525382576,0,0,0,0,0,0,0.101582,0.108671999996,0.226660000002,0.000367,0.00165200000001,-0.000716999999974
322,0.644366928,-0.403157727439,-3.83102986439,-8.42460682282,0.14309327806,-0.0119645822526,0.00927444536597,0,0,0,0,0,0,0.101582,0.108671999996,0.226660000002,0.000367,0.00165200000001,-0.000716999999974
323,0.646389591,-0.261022813369,-3.64173241313,-7.92969468723,0.135838004352,-0.0253226946971,-0.000509310651302,0,0,0,0,0,0,0.101582,0.108671999996,0.226660000002,0.000367,0.00165200000001,-0.000716999999974
324,0.648386517,0.261883309412,-3.89870989626,-8.12340111611,0.144602316814,0.0054561863883,0.00729037060961,0,0,0,0,0,0,0.101582,0.108671999996,0.226660000002,0.000367,0.00165200000001,-0.000716999999974
325,0.650384404,0.0247526401946,-3.82805402971,-8.55628205644,0.137055160375,0.00330493239068,0.00858318014701,0,0,0,0,0,0,0.121582,0.108672000001,-0.0833399999983,0.002367,0.00365200000001,-0.000716999999942
326,0.652381429,-0.0250355404678,-3.91238450736,-8.39528566085,0.129451569328,-0.0011839875644,0.00664607315138,0,0,0,0,0,0,0.121582,0.108672000001,-0.0833399999983,0.002367,0.00365200000001,-0.000716999999942
327,0.654372072,-0.297804507837,-3.69100352258,-8.31711313578,0.132515416841,-0.00944899037611,0.00234927859173,0,0,0,0,0,0,0.121582,0.108672000001,-0.0833399999983,0.002367,0.00365200000001,-0.000716999999942
328,0.656383354,-0.28381629484,-4.28360838448,-8.5737495931,0.149479672447,-0.0167096755873,0.00297357197272,0,0,0,0,0,0,0.121582,0.108672000001,-0.0833399999983,0.002367,0.00365200000001,-0.000716999999942
329,0.658381622,-0.044102446702,-3.46756403122,-8.64400460318,0.131549724412,-0.00789483613711,0.0082872183624,0,0,0,0,0,0,0.021582,0.0786720000004,-0.0233399999987,0.008367,0.010652,-0.00271699999983
330,0.660380251,-0.0220876560966,-3.60880999083,-8.35344743541,0.130605619226,-0.00325594168355,0.00648033688928,0,0,0,0,0,0,0.021582,0.0786720000004,-0.0233399999987,0.008367,0.010652,-0.00271699999983
331,0.662379390,0.198920486699,-3.7717951502,-8.46493198554,0.139931204784,0.00300194349735,-0.00127858050775,0,0,0,0,0,0,0.021582,0.0786720000004,-0.0233399999987,0.008367,0.010652,-0.00271699999983
332,0.664389611,-0.201958481615,-3.70895311543,-8.35675355921,0.13525182715,-0.0125556156031,0.0101020304426,0,0,0,0,0,0,0.021582,0.0786720000004,-0.0233399999987,0.008367,0.010652,-0.00271699999983
333,0.666384562,-0.287989539148,-3.92281994377,-8.26316271746,0.141892897598,-0.012485876624,0.00895450642187,0,0,0,0,0,0,0.081582,0.128671999998,0.116661000002,0.003367,0.00465200000001,-0.000716999999926
334,0.668384864,-0.0952639057514,-3.62938996718,-8.66545173025,0.130643722864,-0.0138583018602,0.00708135018901,0,0,0,0,0,0,0.081582,0.128671999998,0.116661000002,0.003367,0.00465200000001,-0.000716999999926
335,0.670379615,-0.0256657496273,-3.88263394061,-8.05600993825,0.139162108992,-0.000863463623148,0.00189132884387,0,0,0,0,0,0,0.081582,0.128671999998,0.116661000002,0.003367,0.00465200000001,-0.000716999999926
336,0.672364177,-0.319116413939,-3.98923201256,-7.86645815598,0.141694711042,-0.0202216333714,0.0068041693385,0,0,0,0,0,0,0.081582,0.128671999998,0.116661000002,0.003367,0.00465200000001,-0.000716999999926
337,0.674372855,-0.0170974766658,-3.77640504541,-8.18415883234,0.14715208146,-0.00991068732258,0.012237029246,0,0,0,0,0,0,0.121582,0.0986720000002,-0.0133399999984,0.004367,0.00665200000004,-0.00271699999989
338,0.676361254,0.0321311194162,-3.95878970738,-7.91254359294,0.153021605943,-0.016729183685,0.0163524712602,0,0,0,0,0,0,0.121582,0.0986720000002,-0.0133399999984,0.004367,0.00665200000004,-0.00271699999989
339,0.678351456,0.00314234756052,-3.79373133501,-8.48153244627,0.14610899802,-0.0220459770185,0.0167811010664,0,0,0,0,0,0,0.121582,0.0986720000002,-0.0133399999984,0.004367,0.00665200000004,-0.00271699999989
340,0.680348993,0.0873230011385,-4.07982478475,-8.4914465444,0.151457960183,-0.0062342134829,0.00963710244247,0,0,0,0,0,0,0.121582,0.0986720000002,-0.0133399999984,0.004367,0.00665200000004,-0.00271699999989
341,0.682360395,-0.231408849527,-4.15926495668,-8.18026113686,0.152388172842,-0.00864774476454,0.0065799282468,0,0,0,0,0,0,0.081582,0.0786720000004,-0.0233399999987,0.005367,0.00765200000006,-0.00371699999988
342,0.684351891,-0.0927996151706,-3.92982308403,-8.70462677657,0.135004290892,-0.00354632006487,0.00503319913395,0,0,0,0,0,0,0.081582,0.0786720000004,-0.0233399999987,0.005367,0.00765200000006,-0.00371699999988
343,0.686363503,0.263597582261,-3.93028438431,-8.51404651172,0.139681618608,-0.00076951975935,0.00768786379843,0,0,0,0,0,0,0.081582,0.0786720000004,-0.0233399999987,0.005367,0.00765200000006,-0.00371699999988
344,0.688334109,-0.0135754408034,-3.74255078066,-8.20637228088,0.14368621704,-0.00263500146599,0.0102637309163,0,0,0,0,0,0,0.081582,0.0786720000004,-0.0233399999987,0.005367,0.00765200000006,-0.00371699999988
345,0.690401266,-0.18443654726,-3.67941377597,-8.5549446173,0.133601784696,-0.00183179175225,0.00492699011496,0,0,0,0,0,0,0.061582,0.118671999998,0.136660000002,0.002367,0.00665200000003,-0.00171699999989
346,0.692357976,0.0250600126296,-3.88412640653,-8.53640724814,0.13444025668,-0.00121807767629,0.0106534169353,0,0,0,0,0,0,0.061582,0.118671999998,0.136660000002,0.002367,0.00665200000003,-0.00171699999989
347,0.694352177,0.0290205232916,-3.7327117972,-8.27883081439,0.132823049259,0.00223123286268,0.0107077658264,0,0,0,0,0,0,0.061582,0.118671999998,0.136660000002,0.002367,0.00665200000003,-0.00171699999989
348,0.696355674,-0.383479157563,-3.45877538488,-8.11502199684,0.120188975447,-0.0139360885681,0.00920175247179,0,0,0,0,0,0,0.061582,0.118671999998,0.136660000002,0.002367,0.00665200000003,-0.00171699999989
349,0.698374881,-0.358989733027,-3.99595907998,-8.29401091369,0.136445052695,-0.011790530797,0.00731824586395,0,0,0,0,0,0,0.081582,0.108671999999,0.0366590000017,0.002367,0.00465200000003,-0.00171699999993
350,0.700361848,0.0909142141767,-3.70363391313,-8.34166890256,0.130000845376,-0.00459874427038,0.0031825287731,0,0,0,0,0,0,0.081582,0.108671999999,0.0366590000017,0.002367,0.00465200000003,-0.00171699999993
351,0.702357160,0.0411651211469,-4.09373391327,-8.57221843075,0.138410024784,0.00762336881419,0.00910971649921,0,0,0,0,0,0,0.081582,0.108671999999,0.0366590000017,0.002367,0.00465200000003,-0.00171699999993
352,0.704342063,0.0501792317259,-3.91352417406,-8.49177814572,0.139224580481,-0.00327539154755,0.00295894158935,0,0,0,0,0,0,0.081582,0.108671999999,0.0366590000017,0.002367,0.00465200000003,-0.00171699999993
353,0.706361570,-0.00579745586649,-4.14344017491,-8.37837771832,0.151575945249,-0.00276312492029,0.00125834257661,0,0,0,0,0,0,-0.008418,0.0986719999983,0.106661000002,0.008367,0.0106520000001,-0.00471699999983
354,0.708370879,-0.540437450044,-3.34744677334,-8.59283867583,0.124480617586,-0.0171751290387,-0.00203084657942,0,0,0,0,0,0,-0.008418,0.0986719999983,0.106661000002,0.008367,0.0106520000001,-0.00471699999983
355,0.710365770,-0.355362312213,-3.83847873799,-8.60331782427,0.13138721526,-0.017430573022,0.00815262182858,0,0,0,0,0,0,-0.008418,0.0986719999983,0.106661000002,0.008367,0.0106520000001,-0.00471699999983
356,0.712385368,0.118770478229,-3.37709045431,-8.69910819974,0.127426744092,0.00586299788438,0.00860830944025,0,0,0,0,0,0,-0.008418,0.0986719999983,0.106661000002,0.008367,0.0106520000001,-0.00471699999983
357,0.714396400,0.726754536457,-3.73089795106,-8.25398577475,0.137424010885,0.00482677998839,0.00787704898045,0,0,0,0,0,0,0.061582,0.0686719999986,0.0866600000011,0.004367,0.00365200000001,-0.000716999999942
358,0.716382906,-0.193406912543,-3.99185188628,-8.28747437552,0.141239801471,0.00230456228817,-0.000793701558178,0,0,0,0,0,0,0.061582,0.0686719999986,0.0866600000011,0.004367,0.00365200000001,-0.000716999999942
359,0.718376355,0.154492917176,-4.19178490367,-8.28648762875,0.147377708914,-0.00353766272025,0.0100542454916,0,0,0,0,0,0,0.061582,0.0686719999986,0.0866600000011,0.004367,0.00365200000001,-0.000716999999942
360,0.720374081,0.032143759791,-3.92379217436,-8.49981280426,0.146732756441,-0.0118991912832,0.00328978774235,0,0,0,0,0,0,0.061582,0.0686719999986,0.0866600000011,0.004367,0.00365200000001,-0.000716999999942
361,0.722381516,-0.186149902862,-3.57063227567,-8.26193552888,0.127792944923,-0.00779594255723,0.00160544915049,0,0,0,0,0,0,0.081582,0.098672000002,-0.123340999998,0.007367,0.00965200000004,-0.00271699999985
362,0.724358985,0.269029010713,-3.77622849173,-8.12868919954,0.139162814535,-0.00422990444456,0.00407798550813,0,0,0,0,0,0,0.081582,0.098672000002,-0.123340999998,0.007367,0.00965200000004,-0.00271699999985
363,0.726354998,-0.205069747072,-3.75936605449,-7.95701234306,0.153100335168,-0.0160316553976,0.00473270261575,0,0,0,0,0,0,0.081582,0.098672000002,-0.123340999998,0.007367,0.00965200000004,-0.00271699999985
364,0.728343067,0.232976979338,-3.62722045193,-8.03476706787,0.143695877941,-0.0052266868944,0.0143073189278,0,0,0,0,0,0,0.081582,0.098672000002,-0.123340999998,0.007367,0.00965200000004,-0.00271699999985
365,0.730372083,0.156232790818,-3.68103425644,-8.09323788981,0.135726854349,-0.00202525228923,0.00535880877008,0,0,0,0,0,0,0.071582,0.118671999997,0.176661000002,0.002367,0.00465200000001,-0.000716999999926
366,0.732352146,0.138227671203,-3.78804455682,-8.66573792534,0.136733727875,0.0103049828551,0.00812948257298,0,0,0,0,0,0,0.071582,0.118671999997,0.176661000002,0.002367,0.00465200000001,-0.000716999999926
367,0.734354221,0.0559189851037,-3.77402009886,-8.37279715945,0.138667873959,-0.00737208811978,0.00671757903181,0,0,0,0,0,0,0.071582,0.118671999997,0.176661000002,0.002367,0.00465200000001,-0.000716999999926
368,0.736352369,0.112030239608,-3.69556451173,-8.33166263871,0.143736768545,-0.00719344033057,0.00980897070465,0,0,0,0,0,0,0.071582,0.118671999997,0.176661000002,0.002367,0.00465200000001,-0.000716999999926
369,0.738364583,0.140250746317,-3.65642502421,-8.3720523833,0.135724042802,-0.0057851499855,-0.00523481413615,0,0,0,0,0,0,0.041582,0.108671999998,0.0966610000017,0.004367,0.00865200000006,-0.00371699999986
370,0.740357220,-0.404904608898,-3.77453604807,-8.37124485967,0.140646798789,-0.0207052075805,0.00601689376312,0,0,0,0,0,0,0.041582,0.108671999998,0.0966610000017,0.004367,0.00865200000006,-0.00371699999986
371,0.742355428,-0.0631500285068,-4.19416244349,-8.48765248068,0.148618314775,-0.00341565552596,0.00247074645615,0,0,0,0,0,0,0.041582,0.108671999998,0.0966610000017,0.004367,0.00865200000006,-0.00371699999986
372,0.744346853,-0.662765118948,-3.99624993284,-8.41995301271,0.145759496756,-0.0265218359819,-0.00215958996561,0,0,0,0,0,0,0.041582,0.108671999998,0.0966610000017,0.004367,0.00865200000006,-0.00371699999986
373,0.746377502,0.294014434346,-3.88304966107,-8.24696033477,0.135098465634,0.00428925989096,-0.00493832135786,0,0,0,0,0,0,0.001582,0.0886719999978,0.136660000001,0.004367,0.00765200000004,-0.00271699999988
374,0.748362995,-0.599170584133,-3.70182710069,-8.66493843517,0.137027610154,-0.0171408481329,0.00321985336622,0,0,0,0,0,0,0.001582,0.0886719999978,0.136660000001,0.004367,0.00765200000004,-0.00271699999988
375,0.750345233,0.0297973509755,-3.81226924771,-8.50678835902,0.136935605119,-0.00962612853012,0.0097036986444,0,0,0,0,0,0,0.001582,0.0886719999978,0.136660000001,0.004367,0.00765200000004,-0.00271699999988
376,0.752357868,-0.393426183801,-3.98544279253,-8.1774478038,0.151978087913,-0.0234382899604,0.00351585183832,0,0,0,0,0,0,0.001582,0.0886719999978,0.136660000001,0.004367,0.00765200000004,-0.00271699999988
377,0.754420055,0.0878215157415,-3.79209170909,-8.42231732561,0.14230788812,0.000532396429883,0.00852921274158,0,0,0,0,0,0,0.011582,0.118671999998,0.146660000002,0.004367,0.00765200000004,-0.00271699999988
378,0.756370634,-0.0630892501094,-3.78181817689,-8.16751638082,0.143380535532,-0.0127351612581,0.00986116655806,0,0,0,0,0,0,0.011582,0.118671999998,0.146660000002,0.004367,0.00765200000004,-0.00271699999988
379,0.758379171,0.538845677298,-3.51492730721,-8.32175377158,0.134161298501,0.0048193252307,0.0121143516001,0,0,0,0,0,0,0.011582,0.118671999998,0.146660000002,0.004367,0.00765200000004,-0.00271699999988
380,0.760366859,-0.618025143873,-3.99930540424,-8.40076280252,0.148956949324,-0.0243531535873,0.0071724627008,0,0,0,0,0,0,0.011582,0.118671999998,0.146660000002,0.004367,0.00765200000004,-0.00271699999988
381,0.762381097,-0.356882411989,-3.99007185336,-8.05482034122,0.151979968036,-0.0266983517806,0.00397190576133,0,0,0,0,0,0,0.021582,0.0886719999969,0.196661000001,0.005367,0.00665200000004,-0.00271699999989
382,0.764362904,0.28009492464,-3.73653550755,-8.12236980134,0.148591044131,-0.00778564832289,0.00462230719772,0,0,0,0,0,0,0.021582,0.0886719999969,0.196661000001,0.005367,0.00665200000004,-0.00271699999989
383,0.766374236,0.105698805847,-3.51512921704,-8.2276075754,0.139046793663,-0.0200952005924,0.0082992737694,0,0,0,0,0,0,0.021582,0.0886719999969,0.196661000001,0.005367,0.00665200000004,-0.00271699999989
384,0.768362084,-0.0208652266373,-3.76629734914,-8.2952927673,0.151185116735,-0.0268336352558,0.0155372651158,0,0,0,0,0,0,0.021582,0.0886719999969,0.196661000001,0.005367,0.00665200000004,-0.00271699999989
385,0.770421396,-0.106872973689,-3.95575361478,-8.05653712965,0.153597577589,-0.0212140484879,0.0126994161357,0,0,0,0,0,0,0.091582,0.118671999997,0.156660000002,-0.000633,0.000651999999995,0.00028300000001
386,0.772355774,0.146311702986,-3.99513922993,-8.1941642859,0.149192103445,-0.00352405095985,0.00324725584242,0,0,0,0,0,0,0.091582,0.118671999997,0.156660000002,-0.000633,0.000651999999995,0.00028300000001
387,0.774349403,-0.197707132573,-3.69961881566,-8.1710628564,0.145655686411,-0.0246813596875,0.0167448201999,0,0,0,0,0,0,0.091582,0.118671999997,0.156660000002,-0.000633,0.000651999999995,0.00028300000001
388,0.776340979,0.0901776762683,-3.70985481311,-8.38614116511,0.145276387596,-0.00947498092446,0.0149591273799,0,0,0,0,0,0,0.091582,0.118671999997,0.156660000002,-0.000633,0.000651999999995,0.00028300000001
389,0.778362971,0.15219074984,-3.59341771599,-8.36797929493,0.132134065435,-0.0208940256701,0.0116851393473,0,0,0,0,0,0,0.011582,0.0486719999957,0.266661000001,0.005367,0.00565200000003,-0.00171699999991
390,0.780349146,-0.225835178114,-3.70057946201,-8.43277192302,0.134784619633,-0.0182333053923,0.00824819339855,0,0,0,0,0,0,0.011582,0.0486719999957,0.266661000001,0.005367,0.00565200000003,-0.00171699999991
391,0.782349859,0.2106261875,-3.63105762126,-8.30275773488,0.135674933913,-0.00144930936996,0.00231357641924,0,0,0,0,0,0,0.011582,0.0486719999957,0.266661000001,0.005367,0.00565200000003,-0.00171699999991
392,0.784344840,0.145047969957,-3.94522215046,-8.34844463482,0.146587822416,-0.00587633393432,0.0106069041644,0,0,0,0,0,0,0.011582,0.0486719999957,0.266661000001,0.005367,0.00565200000003,-0.00171699999991
393,0.786355922,-0.869266894825,-3.5466385271,-8.13556408692,0.143364206139,-0.0446177336775,-0.000379773081733,0,0,0,0,0,0,0.051582,0.0786719999989,0.0666600000013,0.006367,0.00665200000006,-0.00371699999989
394,0.788347317,-0.282874254024,-3.8244720874,-8.26110199359,0.140011545631,-0.0314504529716,0.0127671663038,0,0,0,0,0,0,0.051582,0.0786719999989,0.0666600000013,0.006367,0.00665200000006,-0.00371699999989
395,0.790395589,-0.335824758469,-3.61775309781,-8.53954274377,0.137089532678,-0.00873397312674,0.0138133667141,0,0,0,0,0,0,0.051582,0.0786719999989,0.0666600000013,0.006367,0.00665200000006,-0.00371699999989
396,0.792360775,0.15425038251,-3.50147231664,-8.24248037659,0.132467203706,-0.00819402504086,0.00338957083046,0,0,0,0,0,0,0.051582,0.0786719999989,0.0666600000013,0.006367,0.00665200000006,-0.00371699999989
397,0.794363270,-0.343338366184,-4.04677474891,-8.4395515415,0.151177862904,-0.0208209322647,0.00579091078403,0,0,0,0,0,0,0.091582,0.138672000001,-0.0933399999978,0.003367,0.00465200000003,-0.00171699999993
398,0.796349525,-0.0279393295813,-3.51497301322,-8.28833175738,0.139172946233,-0.011362319291,0.0058916899097,0,0,0,0,0,0,0.091582,0.138672000001,-0.0933399999978,0.003367,0.00465200000003,-0.00171699999993
399,0.798350167,-0.0786132151523,-3.96234127442,-8.43646597736,0.144054528946,-0.0176170295305,0.000929680942391,0,0,0,0,0,0,0.091582,0.138672000001,-0.0933399999978,0.003367,0.00465200000003,-0.00171699999993
400,0.800358534,0.221739640702,-4.04695342573,-8.4116141586,0.152670818856,-0.0101250448579,0.0108503970543,0,0,0,0,0,0,0.091582,0.138672000001,-0.0933399999978,0.003367,0.00465200000003,-0.00171699999993
401,0.802362563,-0.359151795596,-3.8708879487,-7.9568434315,0.15877245872,-0.0282575091004,0.0120983913309,0,0,0,0,0,0,0.041582,0.0786720000007,-0.0433409999987,0.008367,0.0116520000001,-0.00471699999981
402,0.804352165,-0.251074073813,-4.10604403523,-7.92321565068,0.148410911173,-0.0253610923164,0.00270347809036,0,0,0,0,0,0,0.041582,0.0786720000007,-0.0433409999987,0.008367,0.0116520000001,-0.00471699999981
403,0.806352737,-0.0233618100974,-4.19046398646,-8.2246916154,0.149006065147,-0.00720339286845,0.0181350675999,0,0,0,0,0,0,0.041582,0.0786720000007,-0.0433409999987,0.008367,0.0116520000001,-0.00471699999981
404,0.808341747,0.166402474875,-3.99317338975,-8.13590132877,0.151237448175,-0.00796400194949,0.00687891034352,0,0,0,0,0,0,0.041582,0.0786720000007,-0.0433409999987,0.008367,0.0116520000001,-0.00471699999981
405,0.810361415,-0.164144092013,-3.80009959384,-8.28228494802,0.137341042844,-0.012289279712,0.0112857585429,0,0,0,0,0,0,0.051582,0.108671999997,0.176661000002,0.004367,0.00565200000004,-0.00271699999991
406,0.812358872,-0.281478658526,-3.8153978944,-7.98697724382,0.143381682401,-0.01748374637,0.0103126599837,0,0,0,0,0,0,0.051582,0.108671999997,0.176661000002,0.004367,0.00565200000004,-0.00271699999991
407,0.814371226,-0.26359582522,-3.36615158365,-8.44639341001,0.132630714332,-0.025040778285,0.010236197229,0,0,0,0,0,0,0.051582,0.108671999997,0.176661000002,0.004367,0.00565200000004,-0.00271699999991
408,0.816352412,0.0794590878448,-3.80264439959,-8.42153853604,0.148114762158,-0.00433567208425,0.0120703812689,0,0,0,0,0,0,0.051582,0.108671999997,0.176661000002,0.004367,0.00565200000004,-0.00271699999991
409,0.818364545,-0.0165081803057,-3.58157137552,-8.32800473189,0.148724761376,-0.0196958793802,0.0105333198559,0,0,0,0,0,0,0.061582,0.118671999999,0.0766600000019,0.005367,0.00665200000006,-0.00371699999989
410,0.820346162,-0.137814171155,-3.84235972967,-8.25322888587,0.149182254136,-0.0178642157716,0.0110905722065,0,0,0,0,0,0,0.061582,0.118671999999,0.0766600000019,0.005367,0.00665200000006,-0.00371699999989
411,0.822349769,0.112319387521,-3.74403852265,-7.94335641223,0.140167553822,-0.00441129566997,0.00786587968638,0,0,0,0,0,0,0.061582,0.118671999999,0.0766600000019,0.005367,0.00665200000006,-0.00371699999989
412,0.824344300,-0.269606046208,-3.39319936375,-8.04262615015,0.132508553691,-0.0195616475167,0.0026853569672,0,0,0,0,0,0,0.061582,0.118671999999,0.0766600000019,0.005367,0.00665200000006,-0.00371699999989
413,0.826368477,0.072104760029,-3.68263283103,-8.42032813282,0.142544052186,-0.0159249034948,0.00282767247848,0,0,0,0,0,0,0.111582,0.138671999997,0.166660000002,-0.002633,0.000651999999979,0.00128300000001
414,0.828342159,-0.0412869131697,-4.05693068877,-8.25676251878,0.14559326292,-0.0105205717543,0.0137795748492,0,0,0,0,0,0,0.111582,0.138671999997,0.166660000002,-0.002633,0.000651999999979,0.00128300000001
415,0.830350525,-0.154018196806,-3.91818149671,-7.98785051408,0.154904350961,-0.024271281464,0.000461286960409,0,0,0,0,0,0,0.111582,0.138671999997,0.166660000002,-0.002633,0.000651999999979,0.00128300000001
416,0.832343553,0.0150680216344,-4.22741518121,-8.02197686486,0.163396079879,-0.0274798106588,0.00548465148213,0,0,0,0,0,0,0.111582,0.138671999997,0.166660000002,-0.002633,0.000651999999979,0.00128300000001
417,0.834364273,0.0470297348163,-4.16199570524,-8.08956697791,0.160033103019,-0.0203079302202,0.0105649902098,0,0,0,0,0,0,0.151582,0.158671999999,0.0766600000025,-0.005633,-0.001348,0.000282999999978
418,0.836343445,0.145628260991,-3.70647624102,-8.16964266643,0.142602189903,-0.0174006575965,0.015857045074,0,0,0,0,0,0,0.151582,0.158671999999,0.0766600000025,-0.005633,-0.001348,0.000282999999978
419,0.838342795,0.451679628514,-3.68704590497,-7.91919064644,0.15419509436,-0.0148375257241,0.0133645852742,0,0,0,0,0,0,0.151582,0.158671999999,0.0766600000025,-0.005633,-0.001348,0.000282999999978
420,0.840339640,-0.246137474398,-3.7363156597,-8.53709322822,0.146879887821,-0.0166357909855,0.0135128637864,0,0,0,0,0,0,0.151582,0.158671999999,0.0766600000025,-0.005633,-0.001348,0.000282999999978
421,0.842352035,0.358587052251,-3.57562262636,-8.66429406811,0.141389406567,-0.00416257747742,0.00772175903314,0,0,0,0,0,0,0.141582,0.118671999998,0.106661000002,-0.003633,-0.00234800000004,0.00228299999996
422,0.844352566,-0.0910058891273,-3.75651602825,-8.56442171735,0.150270789293,-0.0222884623139,0.00927023120387,0,0,0,0,0,0,0.141582,0.118671999998,0.106661000002,-0.003633,-0.00234800000004,0.00228299999996
423,0.846368487,-0.069870236882,-3.83338640876,-8.3781125421,0.153284087036,-0.0189640418302,0.00722627064053,0,0,0,0,0,0,0.141582,0.118671999998,0.106661000002,-0.003633,-0.00234800000004,0.00228299999996
424,0.848378587,0.189716266234,-3.91574647061,-7.93128605257,0.151841324382,-0.0197191247368,0.00565028809237,0,0,0,0,0,0,0.141582,0.118671999998,0.106661000002,-0.003633,-0.00234800000004,0.00228299999996
425,0.850379540,-0.367291525309,-3.66607162019,-7.90002465882,0.150083917653,-0.0238763323411,0.012885157288,0,0,0,0,0,0,0.111582,0.108671999998,0.116661000002,-0.000633,0.001652,0.000283000000026
426,0.852370805,0.0531386963659,-3.92423436326,-8.05315087352,0.157758998398,-0.0136278987362,0.0129965976276,0,0,0,0,0,0,0.111582,0.108671999998,0.116661000002,-0.000633,0.001652,0.000283000000026
427,0.854378100,0.0156738903271,-3.28761705254,-8.1912871257,0.129367827424,-0.0205781806613,0.00710516603266,0,0,0,0,0,0,0.111582,0.108671999998,0.116661000002,-0.000633,0.001652,0.000283000000026
428,0.856372290,-0.439475496048,-4.05625794291,-8.14801785174,0.156166257661,-0.033188577054,0.00834264784836,0,0,0,0,0,0,0.111582,0.108671999998,0.116661000002,-0.000633,0.001652,0.000283000000026
429,0.858383642,-0.112357038196,-4.02007324521,-8.33821060939,0.156663414274,-0.0228115987407,0.00657316355224,0,0,0,0,0,0,0.121582,0.108671999999,0.0866600000017,0.001367,0.00265199999998,0.00128300000004
430,0.860369326,0.277678687046,-4.10403683971,-7.73812385715,0.16302164265,-0.0091516213868,0.010731058651,0,0,0,0,0,0,0.121582,0.108671999999,0.0866600000017,0.001367,0.00265199999998,0.00128300000004
431,0.862370029,0.257739907427,-4.22006779696,-8.01310923013,0.172608959929,-0.00939330624228,0.00256755851537,0,0,0,0,0,0,0.121582,0.108671999999,0.0866600000017,0.001367,0.00265199999998,0.00128300000004
432,0.864390929,-0.0762397372476,-3.93910236106,-7.96762605789,0.158271482661,-0.038954754757,0.0156557745788,0,0,0,0,0,0,0.121582,0.108671999999,0.0866600000017,0.001367,0.00265199999998,0.00128300000004
433,0.866390349,0.290505946974,-3.92978648512,-7.81130740999,0.160590606559,-0.0172295733044,0.0201360088531,0,0,0,0,0,0,0.131582,0.108671999998,0.136660000002,0.001367,0.002652,0.000283000000042
434,0.868384439,-0.114501885009,-3.92068181661,-8.17829042586,0.150629103351,-0.020890618749,0.0160153506903,0,0,0,0,0,0,0.131582,0.108671999998,0.136660000002,0.001367,0.002652,0.000283000000042
435,0.870385572,0.0588892613921,-4.01928094542,-8.03493496764,0.159031787404,-0.0153975268023,0.00835359683412,0,0,0,0,0,0,0.131582,0.108671999998,0.136660000002,0.001367,0.002652,0.000283000000042
436,0.872385072,0.0250218994159,-3.97483089779,-8.09875818814,0.154522434267,-0.014346299855,0.0120540693859,0,0,0,0,0,0,0.131582,0.108671999998,0.136660000002,0.001367,0.002652,0.000283000000042
437,0.874404740,-0.0752550559949,-3.9486291206,-8.22807884376,0.152836063526,-0.0218964676646,0.011921476117,0,0,0,0,0,0,0.171582,0.148671999999,0.0566600000024,-0.002633,-0.000348000000021,0.00128299999999
438,0.876384974,-0.337839911989,-3.87443012888,-8.39005502254,0.153752102871,-0.0274294568252,0.0133928376442,0,0,0,0,0,0,0.171582,0.148671999999,0.0566600000024,-0.002633,-0.000348000000021,0.00128299999999
439,0.878383432,-0.559929111341,-4.12485903061,-8.42509337761,0.159939535168,-0.0256493197527,0.0151746024703,0,0,0,0,0,0,0.171582,0.148671999999,0.0566600000024,-0.002633,-0.000348000000021,0.00128299999999
440,0.880355381,-0.0546214063279,-3.74585232073,-8.05789061296,0.137593656418,-0.0214637147622,-0.000304261536106,0,0,0,0,0,0,0.171582,0.148671999999,0.0566600000024,-0.002633,-0.000348000000021,0.00128299999999
441,0.882356394,0.0665000178621,-3.734325684,-8.12492889186,0.140035982124,-0.0139257015369,0.0170776817155,0,0,0,0,0,0,0.131582,0.108672,-0.00333999999826,0.000367,0.00165200000001,-0.000716999999974
442,0.884346216,-0.170348428667,-3.71038228603,-7.92222337061,0.13892625374,-0.0267623411382,0.0143968147919,0,0,0,0,0,0,0.131582,0.108672,-0.00333999999826,0.000367,0.00165200000001,-0.000716999999974
443,0.886341699,-0.443850844079,-3.95248298517,-8.38236602498,0.148010522874,-0.0182233746682,0.0158009692282,0,0,0,0,0,0,0.131582,0.108672,-0.00333999999826,0.000367,0.00165200000001,-0.000716999999974
444,0.888349174,-0.286179763601,-3.7800567694,-8.7016623802,0.14031445738,-0.00944929042392,0.0122054830876,0,0,0,0,0,0,0.131582,0.108672,-0.00333999999826,0.000367,0.00165200000001,-0.000716999999974
445,0.890408335,-0.0313298678474,-3.99724447914,-8.03906968202,0.146863649758,-0.00429252922515,0.00599636513815,0,0,0,0,0,0,0.121582,0.108672000001,-0.0533389999983,0.002367,0.00365200000003,-0.00171699999994
446,0.892365446,-0.121617773737,-4.16473394494,-8.31360735459,0.150042297894,-0.00353551775019,0.0169888623067,0,0,0,0,0,0,0.121582,0.108672000001,-0.0533389999983,0.002367,0.00365200000003,-0.00171699999994
447,0.894362281,0.3050480721,-3.72203321478,-8.38811553753,0.129586676935,0.000763757018114,0.00420685911526,0,0,0,0,0,0,0.121582,0.108672000001,-0.0533389999983,0.002367,0.00365200000003,-0.00171699999994
448,0.896347465,0.018362743795,-4.00351304308,-8.47912826793,0.141355271445,-0.00633363895273,0.00793431660108,0,0,0,0,0,0,0.121582,0.108672000001,-0.0533389999983,0.002367,0.00365200000003,-0.00171699999994
449,0.898355500,-0.0504642760173,-3.97228095014,-8.45003422545,0.151450206179,-0.00877937225612,0.013110647554,0,0,0,0,0,0,0.101582,0.138671999999,0.0466590000022,-0.001633,0.00265200000003,-0.00171699999996
450,0.900351745,-0.0034794375922,-4.11499970638,-8.41762798742,0.150737990085,-0.00103600027593,0.00508205874606,0,0,0,0,0,0,0.101582,0.138671999999,0.0466590000022,-0.001633,0.00265200000003,-0.00171699999996
451,0.902349381,0.0302427315912,-3.81196008228,-8.4541682959,0.128803081752,-0.000562362503495,0.0092575020568,0,0,0,0,0,0,0.101582,0.138671999999,0.0466590000022,-0.001633,0.00265200000003,-0.00171699999996
452,0.904351116,-0.154250225983,-3.85755691686,-8.37725429745,0.140598773537,-0.0101473005023,-0.00376520702323,0,0,0,0,0,0,0.101582,0.138671999999,0.0466590000022,-0.001633,0.00265200000003,-0.00171699999996
453,0.906365484,-0.341416454201,-4.09504822272,-8.65706622033,0.140197213175,-0.00536883203499,8.89988521075e-05,0,0,0,0,0,0,0.111582,0.118672,0.0266610000019,0.004367,0.00365200000004,-0.00271699999994
454,0.908374171,-0.266984912959,-3.6859246427,-8.66949574552,0.134475820247,-0.00460977875076,0.00549137609229,0,0,0,0,0,0,0.111582,0.118672,0.0266610000019,0.004367,0.00365200000004,-0.00271699999994
455,0.910360316,-0.458384823418,-4.07227518095,-8.6634287299,0.143552182863,-0.00819277174536,0.0105587590812,0,0,0,0,0,0,0.111582,0.118672,0.0266610000019,0.004367,0.00365200000004,-0.00271699999994
456,0.912365747,0.0275649622834,-3.84969338831,-8.05253417273,0.142656650186,-0.00605013245823,0.0205467598592,0,0,0,0,0,0,0.111582,0.118672,0.0266610000019,0.004367,0.00365200000004,-0.00271699999994
457,0.914406465,0.460384012412,-3.37011617984,-8.12911439307,0.127011880235,0.00240017403744,0.00499268157264,0,0,0,0,0,0,0.011582,0.0986720000012,-0.0733389999984,0.011367,0.0126520000001,-0.0067169999998
458,0.916374666,-0.308383817861,-3.7280233685,-8.01149793422,0.143549971825,-0.0211466796575,0.0105359012667,0,0,0,0,0,0,0.011582,0.0986720000012,-0.0733389999984,0.011367,0.0126520000001,-0.0067169999998
459,0.918358397,0.0423914534891,-4.21857683356,-8.23788220053,0.155172127244,-0.00822006051888,0.0148325199704,0,0,0,0,0,0,0.011582,0.0986720000012,-0.0733389999984,0.011367,0.0126520000001,-0.0067169999998
460,0.920347938,-0.538017017805,-3.95507411988,-8.35846048482,0.146829579313,-0.0182705516114,0.015136779077,0,0,0,0,0,0,0.011582,0.0986720000012,-0.0733389999984,0.011367,0.0126520000001,-0.0067169999998
461,0.922370010,-0.197601413264,-3.11144897606,-8.46708556483,0.110426492763,-0.00264231911483,-0.000522446871046,0,0,0,0,0,0,0.051582,0.0786720000004,-0.0233399999987,0.006367,0.00765200000006,-0.00371699999988
462,0.924348060,-0.214067175059,-3.68667332804,-8.67909689147,0.122869703103,-0.00715713052566,0.00988803356812,0,0,0,0,0,0,0.051582,0.0786720000004,-0.0233399999987,0.006367,0.00765200000006,-0.00371699999988
463,0.926347190,-0.535854212156,-3.86256001645,-8.68939298228,0.136979907827,-0.0150200987251,0.0142797309282,0,0,0,0,0,0,0.051582,0.0786720000004,-0.0233399999987,0.006367,0.00765200000006,-0.00371699999988
464,0.928345137,-0.338181100749,-4.02919582522,-8.71695767585,0.14334015231,-0.0128593964362,0.00611734383707,0,0,0,0,0,0,0.051582,0.0786720000004,-0.0233399999987,0.006367,0.00765200000006,-0.00371699999988
465,0.930367941,-0.494643747683,-3.91075185261,-8.65461297199,0.15205925744,-0.0259357729373,0.0141141027944,0,0,0,0,0,0,0.061582,0.0586719999997,0.0166610000009,0.006367,0.00665200000006,-0.00371699999989
466,0.932347233,-0.479549560397,-3.90782039277,-8.18704810072,0.144745062603,-0.023417327352,0.0105379673753,0,0,0,0,0,0,0.061582,0.0586719999997,0.0166610000009,0.006367,0.00665200000006,-0.00371699999989
467,0.934354007,0.170632003162,-3.73502628039,-8.47782337311,0.138371121013,-0.00190929153917,0.00507595418823,0,0,0,0,0,0,0.061582,0.0586719999997,0.0166610000009,0.006367,0.00665200000006,-0.00371699999989
468,0.936341194,-0.103778420137,-3.82589630164,-8.30593949613,0.14144279774,-0.0158977449127,0.00540159967195,0,0,0,0,0,0,0.061582,0.0586719999997,0.0166610000009,0.006367,0.00665200000006,-0.00371699999989
469,0.938355021,0.375000105242,-3.9824095742,-8.14122118117,0.144566493706,-0.00228589798952,0.0105137892379,0,0,0,0,0,0,0.081582,0.0686719999988,0.0766600000011,0.004367,0.00665200000004,-0.00271699999989
470,0.940347899,-0.123774666006,-3.69475981345,-8.40138067333,0.141711322782,-0.0185252616269,0.00890524149143,0,0,0,0,0,0,0.081582,0.0686719999988,0.0766600000011,0.004367,0.00665200000004,-0.00271699999989
471,0.942342239,0.066065052178,-3.88147718749,-8.50042447354,0.14878165215,-0.0121479298827,0.000374481654508,0,0,0,0,0,0,0.081582,0.0686719999988,0.0766600000011,0.004367,0.00665200000004,-0.00271699999989
472,0.944350897,0.201489772791,-3.47417191817,-8.17628338787,0.134382736725,-0.00738949869904,0.00235982329231,0,0,0,0,0,0,0.081582,0.0686719999988,0.0766600000011,0.004367,0.00665200000004,-0.00271699999989
473,0.946352811,-0.240745951947,-3.32033562674,-8.16895422258,0.128027701477,-0.0210257045433,0.0178372399183,0,0,0,0,0,0,0.051582,0.0986719999977,0.146660000002,0.003367,0.00665200000004,-0.00271699999989
474,0.948350668,0.0100776194687,-4.26802118196,-8.38958831019,0.155753522296,-0.012652901419,0.000266464921181,0,0,0,0,0,0,0.051582,0.0986719999977,0.146660000002,0.003367,0.00665200000004,-0.00271699999989
475,0.950345008,-0.212398325887,-4.04451228319,-8.59057662852,0.147304505335,-0.0112379065115,0.0107743034025,0,0,0,0,0,0,0.051582,0.0986719999977,0.146660000002,0.003367,0.00665200000004,-0.00271699999989
476,0.952345260,0.184562921548,-3.74846981555,-8.62699813625,0.140878333042,-0.00722138797679,0.010023688277,0,0,0,0,0,0,0.051582,0.0986719999977,0.146660000002,0.003367,0.00665200000004,-0.00271699999989
477,0.954355931,-0.592749752607,-3.63994301548,-8.23442060991,0.139599382004,-0.0164584087098,0.0133790943844,0,0,0,0,0,0,0.051582,0.0786719999967,0.206659000001,0.001367,0.00365200000001,-0.000716999999942
478,0.956351013,0.0238605250363,-4.06387733665,-8.06384808676,0.140441816135,-0.00863453282759,0.00945649957161,0,0,0,0,0,0,0.051582,0.0786719999967,0.206659000001,0.001367,0.00365200000001,-0.000716999999942
479,0.958344612,-0.17374131563,-3.84208557607,-7.8167396996,0.14155255106,-0.0162484522412,0.00497077038562,0,0,0,0,0,0,0.051582,0.0786719999967,0.206659000001,0.001367,0.00365200000001,-0.000716999999942
480,0.960340766,-0.096086678931,-4.05031934219,-8.05786743457,0.15606975273,-0.0272493967047,0.00453458479031,0,0,0,0,0,0,0.051582,0.0786719999967,0.206659000001,0.001367,0.00365200000001,-0.000716999999942
481,0.962353711,-0.0565479453455,-4.03176078792,-8.25685594532,0.147306153077,-0.0190421029902,0.0116671569442,0,0,0,0,0,0,0.051582,0.068671999997,0.186661000001,0.006367,0.00665200000004,-0.00271699999989
482,0.964367458,-0.137954455716,-4.08014071692,-8.44568977556,0.157055340475,-0.0161093047873,0.0148422839226,0,0,0,0,0,0,0.051582,0.068671999997,0.186661000001,0.006367,0.00665200000004,-0.00271699999989
483,0.966358182,-0.104649333622,-3.75663848729,-8.12467943195,0.142902757732,-0.0124405333818,-0.000622147447247,0,0,0,0,0,0,0.051582,0.068671999997,0.186661000001,0.006367,0.00665200000004,-0.00271699999989
484,0.968353735,0.387961145195,-3.92767750938,-8.42157949887,0.142104204453,-0.000401910639731,0.0115933669957,0,0,0,0,0,0,0.051582,0.068671999997,0.186661000001,0.006367,0.00665200000004,-0.00271699999989
485,0.970399822,0.269057715413,-3.78344715157,-8.2998527604,0.147560656484,-0.010200650045,0.0121415957979,0,0,0,0,0,0,0.091582,0.108671999997,0.216660000002,0.003367,0.00365200000003,-0.00171699999994
486,0.972357804,-0.126441696437,-4.12387324798,-8.08624894006,0.146689694784,-0.00981113615654,0.00644483768972,0,0,0,0,0,0,0.091582,0.108671999997,0.216660000002,0.003367,0.00365200000003,-0.00171699999994
487,0.974341434,-0.351461089779,-3.94195425984,-8.04391536293,0.15467442173,-0.0277665014005,0.00619328424795,0,0,0,0,0,0,0.091582,0.108671999997,0.216660000002,0.003367,0.00365200000003,-0.00171699999994
488,0.976344151,-0.113375712533,-3.94573606511,-8.38949418486,0.147385455331,-0.0127933453841,0.00646691168533,0,0,0,0,0,0,0.091582,0.108671999997,0.216660000002,0.003367,0.00365200000003,-0.00171699999994
489,0.978385038,0.628618284335,-3.77855775351,-8.3260872564,0.138082007849,-0.00580980652602,0.00643454818824,0,0,0,0,0,0,0.121582,0.108671999997,0.166660000002,-0.000633,0.00165200000001,-0.000716999999974
490,0.980356215,-0.406517730015,-3.72666828256,-8.343672906,0.14300924112,-0.029477333055,0.00399416085004,0,0,0,0,0,0,0.121582,0.108671999997,0.166660000002,-0.000633,0.00165200000001,-0.000716999999974
491,0.982356667,0.29374112224,-4.07746774744,-8.15695176702,0.145978152612,-0.00603516739314,0.00636101829619,0,0,0,0,0,0,0.121582,0.108671999997,0.166660000002,-0.000633,0.00165200000001,-0.000716999999974
492,0.984346319,-0.308717927591,-3.70712484564,-8.24311413761,0.142948765925,-0.0209500377992,0.00263521092048,0,0,0,0,0,0,0.121582,0.108671999997,0.166660000002,-0.000633,0.00165200000001,-0.000716999999974
493,0.986355818,2.89885831828e-05,-3.76994287153,-8.25890511989,0.148966121074,-0.0140704052626,0.0222829580211,0,0,0,0,0,0,0.111582,0.138672,-0.00333999999778,0.002367,0.00465200000003,-0.00171699999993
494,0.988354647,0.194027571376,-4.18873596812,-7.86023279888,0.161810657519,-0.00836235385591,0.00263175403958,0,0,0,0,0,0,0.111582,0.138672,-0.00333999999778,0.002367,0.00465200000003,-0.00171699999993
495,0.990401385,-0.0305930564548,-3.89528953908,-8.06520663673,0.150381857704,-0.0171986290651,0.00540043279032,0,0,0,0,0,0,0.111582,0.138672,-0.00333999999778,0.002367,0.00465200000003,-0.00171699999993
496,0.992370028,-0.304602815592,-4.36998390526,-7.84382359698,0.171265020094,-0.0321360116619,0.00738599040764,0,0,0,0,0,0,0.111582,0.138672,-0.00333999999778,0.002367,0.00465200000003,-0.00171699999993
497,0.994371782,0.277955886156,-3.8553135887,-8.09986583603,0.145602134417,-0.00701794850529,0.0108814461612,0,0,0,0,0,0,0.031582,0.0786719999985,0.0966610000013,0.008367,0.00865200000008,-0.00471699999986
498,0.996363548,-0.601210867712,-4.00217281544,-8.15510197502,0.150354274445,-0.0289222812119,0.0116971049285,0,0,0,0,0,0,0.031582,0.0786719999985,0.0966610000013,0.008367,0.00865200000008,-0.00471699999986
499,0.998346897,0.292257455968,-3.69672752072,-8.03263543743,0.140951836382,-0.0104660072446,-1.1877701599e-05,0,0,0,0,0,0,0.031582,0.0786719999985,0.0966610000013,0.008367,0.00865200000008,-0.00471699999986
500,1.000348181,0.0998237644199,-3.45800296705,-8.46284814059,0.127519460621,0.000602925286485,0.0134373328142,0,0,0,0,0,0,0.031582,0.0786719999985,0.0966610000013,0.008367,0.00865200000008,-0.00471699999986
501,1.002372127,-0.266092315048,-3.78951018889,-8.67295286836,0.126991808444,-0.00981952279549,0.00237105822502,0,0,0,0,0,0,0.101582,0.118672000002,-0.123340999998,0.007367,0.00765200000008,-0.00471699999988
502,1.004351409,-0.519347129029,-3.79299088229,-8.03324908906,0.140692860634,-0.018076190345,0.00261509016309,0,0,0,0,0,0,0.101582,0.118672000002,-0.123340999998,0.007367,0.00765200000008,-0.00471699999988
503,1.006360708,0.0463175619267,-4.10515171833,-8.03794496535,0.145925096857,-0.00565317399357,0.00193710370327,0,0,0,0,0,0,0.101582,0.118672000002,-0.123340999998,0.007367,0.00765200000008,-0.00471699999988
504,1.008356160,-0.378075593349,-4.07994652184,-8.16758472055,0.150050077854,-0.0121233592497,0.000644150021811,0,0,0,0,0,0,0.101582,0.118672000002,-0.123340999998,0.007367,0.00765200000008,-0.00471699999988
505,1.010369106,-0.220836503939,-3.53934291801,-8.31543106037,0.136981627349,-0.00864527346015,0.0113167707796,0,0,0,0,0,0,0.071582,0.108671999998,0.126659000002,0.007367,0.00865200000008,-0.00471699999986
506,1.012351283,-0.0931531355771,-4.11260373843,-8.16045319065,0.152715224406,-0.0152837908095,0.00570752393581,0,0,0,0,0,0,0.071582,0.108671999998,0.126659000002,0.007367,0.00865200000008,-0.00471699999986
507,1.014364339,-0.0983104060161,-4.00727311932,-8.35368494663,0.15297405534,0.000296108319871,0.00543976154651,0,0,0,0,0,0,0.071582,0.108671999998,0.126659000002,0.007367,0.00865200000008,-0.00471699999986
508,1.016362406,-0.0471899701033,-3.69605199681,-7.85336064307,0.143721022573,-0.00803635877853,0.00352991005651,0,0,0,0,0,0,0.071582,0.108671999998,0.126659000002,0.007367,0.00865200000008,-0.00471699999986
509,1.018358290,-0.203573879799,-4.06998959722,-8.30275658125,0.140952213989,-0.0077745214993,0.00372466663989,0,0,0,0,0,0,0.051582,0.0686719999983,0.106661000001,0.008367,0.00865200000008,-0.00471699999986
510,1.020346609,-0.692761669835,-4.14802129148,-8.65420755828,0.137320356416,-0.00384820254772,0.00199280206684,0,0,0,0,0,0,0.051582,0.0686719999983,0.106661000001,0.008367,0.00865200000008,-0.00471699999986
511,1.022340829,-0.610231709738,-3.9258219757,-8.81480022143,0.12605608593,-0.00644185857643,0.00393360652296,0,0,0,0,0,0,0.051582,0.0686719999983,0.106661000001,0.008367,0.00865200000008,-0.00471699999986
512,1.024352061,-0.353731541816,-3.46311275441,-8.81702312765,0.111855495531,0.0121969937522,0.00149907913725,0,0,0,0,0,0,0.051582,0.0686719999983,0.106661000001,0.008367,0.00865200000008,-0.00471699999986
513,1.026356210,0.398862404998,-3.911120362,-8.41117966428,0.129701404857,0.0087238697358,-0.0053606906029,0,0,0,0,0,0,0.031582,0.0886719999996,0.0266610000014,0.006367,0.00865200000008,-0.00471699999986
514,1.028353345,-0.380234011879,-3.62437583419,-8.80307405238,0.118479480465,0.000520393763284,-0.0033868742391,0,0,0,0,0,0,0.031582,0.0886719999996,0.0266610000014,0.006367,0.00865200000008,-0.00471699999986
515,1.030351082,0.12452065507,-3.93360801575,-8.47764686046,0.134216941712,0.00487943045613,-0.00295780817384,0,0,0,0,0,0,0.031582,0.0886719999996,0.0266610000014,0.006367,0.00865200000008,-0.00471699999986
516,1.032342097,0.0449398111958,-3.81899689221,-8.42033005658,0.136506839254,-0.00543547783783,0.00851279038056,0,0,0,0,0,0,0.031582,0.0886719999996,0.0266610000014,0.006367,0.00865200000008,-0.00471699999986
517,1.034355653,-0.314136989304,-3.79518258816,-8.26171439816,0.130269115844,-0.0182139278922,-0.00462135446332,0,0,0,0,0,0,0.051582,0.0786719999959,0.256660000001,0.004367,0.00565200000004,-0.00271699999991
518,1.036353961,-0.418785099885,-3.84422604701,-8.11180136059,0.127368707216,-0.00284400631712,0.00889733557055,0,0,0,0,0,0,0.051582,0.0786719999959,0.256660000001,0.004367,0.00565200000004,-0.00271699999991
519,1.038349053,-0.567102551145,-4.15667890305,-8.69306829619,0.144796357254,-0.00443503220634,0.00678663358672,0,0,0,0,0,0,0.051582,0.0786719999959,0.256660000001,0.004367,0.00565200000004,-0.00271699999991
520,1.040350928,-0.568556546786,-4.16602110293,-8.48853133818,0.135557913932,-0.00526544863108,0.00355731349917,0,0,0,0,0,0,0.051582,0.0786719999959,0.256660000001,0.004367,0.00565200000004,-0.00271699999991
521,1.042357301,0.0353597149271,-3.78593667845,-8.12002123468,0.141381908298,0.00434195355132,0.000236019751489,0,0,0,0,0,0,0.101582,0.108671999996,0.266661000002,-0.001633,0.000651999999979,0.00128300000001
522,1.044353074,-0.215633090274,-3.78701086534,-8.15387152837,0.142588624331,-0.0163847260406,0.0047985536454,0,0,0,0,0,0,0.101582,0.108671999996,0.266661000002,-0.001633,0.000651999999979,0.00128300000001
523,1.046343627,-0.203878386114,-4.13922137057,-8.37875829714,0.146892638094,-0.0121600513316,0.0131624188885,0,0,0,0,0,0,0.101582,0.108671999996,0.266661000002,-0.001633,0.000651999999979,0.00128300000001
524,1.048345231,0.246973901292,-4.1416320221,-8.28711527317,0.15383781302,0.0143576391763,0.00829500723087,0,0,0,0,0,0,0.101582,0.108671999996,0.266661000002,-0.001633,0.000651999999979,0.00128300000001
525,1.050357555,-0.558629026836,-3.99491352102,-8.18181079544,0.157721105717,-0.0258236947963,0.00910934278785,0,0,0,0,0,0,0.181582,0.158671999998,0.146660000003,-0.009633,-0.00634800000007,0.0042829999999
526,1.052349080,-0.414361808792,-3.89204902585,-8.13067074453,0.149597652821,-0.0177578899502,0.0101518786253,0,0,0,0,0,0,0.181582,0.158671999998,0.146660000003,-0.009633,-0.00634800000007,0.0042829999999
527,1.054344002,-0.137871305366,-3.67683595669,-8.37939670758,0.138803903466,-0.0101791242835,0.00952568973703,0,0,0,0,0,0,0.181582,0.158671999998,0.146660000003,-0.009633,-0.00634800000007,0.0042829999999
528,1.056349734,-0.233849851819,-3.58975292716,-8.48134968716,0.126180187241,-0.0137441982726,0.00637894464233,0,0,0,0,0,0,0.181582,0.158671999998,0.146660000003,-0.009633,-0.00634800000007,0.0042829999999
529,1.058357008,-0.205952660905,-3.69080167271,-8.72772401468,0.130396852849,-0.00333416893051,0.00478900673247,0,0,0,0,0,0,0.111582,0.138671999997,0.186661000002,-0.004633,-0.000348000000037,0.00228299999999
530,1.060351509,-0.215583594177,-3.61756000065,-8.11499543179,0.126282127519,-0.00923358045712,0.00220177283495,0,0,0,0,0,0,0.111582,0.138671999997,0.186661000002,-0.004633,-0.000348000000037,0.00228299999999
531,1.062349076,-0.29415827191,-3.83870480778,-8.26128148023,0.140071145702,-0.0189510310529,0.00482369915277,0,0,0,0,0,0,0.111582,0.138671999997,0.186661000002,-0.004633,-0.000348000000037,0.00228299999999
532,1.064340441,-0.448634322334,-4.00186089645,-8.58083042426,0.144580104166,-0.0122246676395,0.011144582174,0,0,0,0,0,0,0.111582,0.138671999997,0.186661000002,-0.004633,-0.000348000000037,0.00228299999999
533,1.066349970,-0.026316277384,-3.56407882334,-8.15601366799,0.137641759747,-0.0228872752866,0.00917584282833,0,0,0,0,0,0,0.071582,0.108671999995,0.336660000002,-0.001633,0.00165199999998,0.00128300000003
534,1.068343990,-0.47369609611,-3.77581734339,-8.04150597598,0.142984916086,-0.0207542237733,0.00598806879658,0,0,0,0,0,0,0.071582,0.108671999995,0.336660000002,-0.001633,0.00165199999998,0.00128300000003
535,1.070352306,0.0381658039617,-3.55691840254,-8.25520908507,0.136757768188,-0.0129836293634,-0.00740538289693,0,0,0,0,0,0,0.071582,0.108671999995,0.336660000002,-0.001633,0.00165199999998,0.00128300000003
536,1.072351686,-0.0525038103829,-4.04109873512,-8.20902002562,0.147113035649,-0.0171321837199,-0.00286373567952,0,0,0,0,0,0,0.071582,0.108671999995,0.336660000002,-0.001633,0.00165199999998,0.00128300000003
537,1.074364571,-0.276192934449,-4.12147482262,-8.16422699665,0.144656692805,-0.0157513350181,0.0116604818243,0,0,0,0,0,0,0.081582,0.108671999994,0.346661000002,-0.002633,-0.00234800000002,0.00128299999996
538,1.076346378,-0.314718724491,-3.93455533759,-8.61008060893,0.145280625843,-0.0121395691453,0.00502660658193,0,0,0,0,0,0,0.081582,0.108671999994,0.346661000002,-0.002633,-0.00234800000002,0.00128299999996
539,1.078352019,0.147114265211,-4.07921468186,-8.20475141785,0.152549091718,-0.00560454794225,0.00201446540916,0,0,0,0,0,0,0.081582,0.108671999994,0.346661000002,-0.002633,-0.00234800000002,0.00128299999996
540,1.080341050,0.0342398360867,-4.32899842993,-7.81950661401,0.159431953563,-0.0113059455979,0.0145960656779,0,0,0,0,0,0,0.081582,0.108671999994,0.346661000002,-0.002633,-0.00234800000002,0.00128299999996
541,1.082366068,-0.490966878276,-4.23612189372,-8.00023762315,0.163277906509,-0.0389940195485,0.00849097099249,0,0,0,0,0,0,0.041582,0.0786719999948,0.326660000001,0.001367,0.000651999999979,0.00128300000001
542,1.084347955,-0.537303627497,-3.85868729114,-8.09372644479,0.144799266578,-0.0153913842078,0.00860438930576,0,0,0,0,0,0,0.041582,0.0786719999948,0.326660000001,0.001367,0.000651999999979,0.00128300000001
543,1.086339300,-0.132112164066,-4.04213991825,-7.96530826937,0.145307407452,-0.0108198905518,0.00617439807848,0,0,0,0,0,0,0.041582,0.0786719999948,0.326660000001,0.001367,0.000651999999979,0.00128300000001
544,1.088335394,-0.179347021271,-4.17209893648,-8.23611771716,0.161233961083,-0.0221404501751,0.0073207390928,0,0,0,0,0,0,0.041582,0.0786719999948,0.326660000001,0.001367,0.000651999999979,0.00128300000001
545,1.090412940,0.0923589220716,-3.59327485974,-7.75420544127,0.146879420582,-0.0220564434614,0.0206845533703,0,0,0,0,0,0,0.041582,0.0686719999959,0.256660000001,0.001367,0.00165200000001,-0.000716999999974
546,1.092365563,0.208645783833,-3.90272885986,-7.60734192275,0.157906534262,-0.0169586514259,0.0320760534987,0,0,0,0,0,0,0.041582,0.0686719999959,0.256660000001,0.001367,0.00165200000001,-0.000716999999974
547,1.094347570,-0.261660381545,-3.76668705468,-7.84960205528,0.15015426872,-0.0220278736556,0.00645790482674,0,0,0,0,0,0,0.041582,0.0686719999959,0.256660000001,0.001367,0.00165200000001,-0.000716999999974
548,1.096346619,0.0280944413892,-4.11700012903,-8.22357785959,0.157808354011,-0.0120218134799,0.0125160988837,0,0,0,0,0,0,0.041582,0.0686719999959,0.256660000001,0.001367,0.00165200000001,-0.000716999999974
549,1.098357100,0.46564879634,-3.76613858899,-7.99263160524,0.146147051131,-0.00878365207437,0.00338474220198,0,0,0,0,0,0,0.031582,0.0886719999988,0.0766600000014,0.006367,0.00865200000006,-0.00371699999986
550,1.100358113,0.492215008335,-4.09305365602,-8.11815500145,0.152491112315,-0.00388408271246,0.0158152901474,0,0,0,0,0,0,0.031582,0.0886719999988,0.0766600000014,0.006367,0.00865200000006,-0.00371699999986
551,1.102345199,-0.00569867276414,-3.86625363414,-8.23178707885,0.14995585386,-0.0138264869961,0.0146464714658,0,0,0,0,0,0,0.031582,0.0886719999988,0.0766600000014,0.006367,0.00865200000006,-0.00371699999986
552,1.104343517,0.0163678600171,-4.12145547704,-7.66908851067,0.160111313626,-0.03144748138,0.0175571387358,0,0,0,0,0,0,0.031582,0.0886719999988,0.0766600000014,0.006367,0.00865200000006,-0.00371699999986
553,1.106354068,0.156113442619,-3.9751414081,-7.54353939527,0.162189522151,-0.0184669529247,0.0180192502431,0,0,0,0,0,0,0.021582,0.0586719999956,0.276661000001,0.006367,0.00665200000006,-0.00371699999989
554,1.108347337,0.416681631728,-4.03548835124,-8.31382998882,0.148568392159,0.00196034725155,0.0137078570001,0,0,0,0,0,0,0.021582,0.0586719999956,0.276661000001,0.006367,0.00665200000006,-0.00371699999989
555,1.110338050,-0.117932683206,-3.69422615758,-8.20280508862,0.136798353322,-0.0139595785157,0.00698952646058,0,0,0,0,0,0,0.021582,0.0586719999956,0.276661000001,0.006367,0.00665200000006,-0.00371699999989
556,1.112348030,-0.425006528333,-4.20281290291,-8.19502114627,0.148451463638,-0.0238328420957,0.0107930631689,0,0,0,0,0,0,0.021582,0.0586719999956,0.276661000001,0.006367,0.00665200000006,-0.00371699999989
557,1.114375593,0.1887540266,-3.67962084063,-8.41862566413,0.126619956389,0.00326238128477,0.00482282709217,0,0,0,0,0,0,0.051582,0.0786719999969,0.196661000001,0.005367,0.00565200000006,-0.00371699999991
558,1.116360075,0.361554167185,-3.61706885978,-8.20152252249,0.131991540656,0.00310241274551,0.0123629726681,0,0,0,0,0,0,0.051582,0.0786719999969,0.196661000001,0.005367,0.00565200000006,-0.00371699999991
559,1.118345078,-0.0768352505972,-3.73881064579,-7.99914874427,0.142453320079,-0.0219501093909,0.012446962241,0,0,0,0,0,0,0.051582,0.0786719999969,0.196661000001,0.005367,0.00565200000006,-0.00371699999991
560,1.120345079,-0.146119633636,-3.8586328634,-8.35870457338,0.143571028355,-0.00788647323567,0.0105500561366,0,0,0,0,0,0,0.051582,0.0786719999969,0.196661000001,0.005367,0.00565200000006,-0.00371699999991
561,1.122354207,-0.131089922155,-3.83941351643,-8.60123343974,0.14933339909,-0.00513590401691,0.0100954690808,0,0,0,0,0,0,0.001582,0.0386719999985,0.0966610000006,0.011367,0.0116520000001,-0.00571699999981
562,1.124345903,-0.00648265025496,-3.76745297527,-8.34530798594,0.146184819558,-0.012182322603,0.012526795525,0,0,0,0,0,0,0.001582,0.0386719999985,0.0966610000006,0.011367,0.0116520000001,-0.00571699999981
563,1.126338620,0.340556575204,-4.24802760351,-8.00191727197,0.165097364915,-0.0102051359969,0.0142796430645,0,0,0,0,0,0,0.001582,0.0386719999985,0.0966610000006,0.011367,0.0116520000001,-0.00571699999981
564,1.128355442,-0.100555741041,-3.83311679082,-8.19064340575,0.147241673755,-0.0132693325967,0.0108035697624,0,0,0,0,0,0,0.001582,0.0386719999985,0.0966610000006,0.011367,0.0116520000001,-0.00571699999981
565,1.130374249,-0.0535335749791,-3.80656077059,-8.10168795164,0.145036831271,-0.015164551007,0.00622520695555,0,0,0,0,0,0,0.021582,0.0686719999969,0.196661000001,0.009367,0.00965200000009,-0.00571699999985
566,1.132357328,0.192939670596,-4.09319261749,-8.28168434369,0.14794287372,-0.0127825240362,0.00694719656164,0,0,0,0,0,0,0.021582,0.0686719999969,0.196661000001,0.009367,0.00965200000009,-0.00571699999985
567,1.134364893,-0.00954135978999,-3.69880264769,-8.75915051209,0.140011008131,-0.0074446518618,0.0129164479879,0,0,0,0,0,0,0.021582,0.0686719999969,0.196661000001,0.009367,0.00965200000009,-0.00571699999985
568,1.136371807,0.444388097261,-3.6476547521,-8.21447836223,0.132357473731,0.00295629838759,0.0136946339912,0,0,0,0,0,0,0.021582,0.0686719999969,0.196661000001,0.009367,0.00965200000009,-0.00571699999985
569,1.138369564,-0.244919827313,-3.41624011352,-8.54525088286,0.126630065254,-0.0189974806437,0.00812400091672,0,0,0,0,0,0,0.051582,0.0986719999988,0.0766600000016,0.007367,0.00865200000008,-0.00471699999986
570,1.140351001,-0.13990393881,-3.54978680142,-8.36333687751,0.141276189097,-0.0133398934313,0.017241462374,0,0,0,0,0,0,0.051582,0.0986719999988,0.0766600000016,0.007367,0.00865200000008,-0.00471699999986
571,1.142359367,0.107649648213,-4.0477896525,-8.26907403228,0.14547262291,-0.000577746275751,0.0148712685673,0,0,0,0,0,0,0.051582,0.0986719999988,0.0766600000016,0.007367,0.00865200000008,-0.00471699999986
572,1.144359799,-0.358414711984,-3.59047098728,-8.25668746747,0.135744023216,-0.0220728323865,0.00585374369976,0,0,0,0,0,0,0.051582,0.0986719999988,0.0766600000016,0.007367,0.00865200000008,-0.00471699999986
573,1.146366303,0.360667781093,-3.83441770687,-8.20957307613,0.141721689789,-0.000721488928883,0.00903648004158,0,0,0,0,0,0,0.091582,0.0986719999996,0.0266610000016,0.002367,0.00465200000003,-0.00171699999993
574,1.148363258,-0.224227315371,-3.69970193967,-7.95244203718,0.147907279468,-0.0208153539984,0.00713333143087,0,0,0,0,0,0,0.091582,0.0986719999996,0.0266610000016,0.002367,0.00465200000003,-0.00171699999993
575,1.150366445,-0.129300208684,-3.58700250679,-8.28519184963,0.138047997862,-0.00615239056634,0.00416069749489,0,0,0,0,0,0,0.091582,0.0986719999996,0.0266610000016,0.002367,0.00465200000003,-0.00171699999993
576,1.152359212,-0.441881320806,-3.96258538537,-8.20568853934,0.143908404003,-0.0156375918092,0.00478273234432,0,0,0,0,0,0,0.091582,0.0986719999996,0.0266610000016,0.002367,0.00465200000003,-0.00171699999993
577,1.154371316,-0.140481011996,-4.11347932352,-7.99619918224,0.15119438392,-0.0146516518762,0.00895476443476,0,0,0,0,0,0,0.051582,0.0786720000005,-0.0333399999987,0.006367,0.00965200000006,-0.00371699999985
578,1.156365767,0.139914171398,-3.79584290542,-7.9600280518,0.142598297894,-0.00646940434386,0.013190134885,0,0,0,0,0,0,0.051582,0.0786720000005,-0.0333399999987,0.006367,0.00965200000006,-0.00371699999985
579,1.158373532,-0.237735368353,-4.03666912221,-8.17792261685,0.147599301126,-0.010077154555,0.00703071186173,0,0,0,0,0,0,0.051582,0.0786720000005,-0.0333399999987,0.006367,0.00965200000006,-0.00371699999985
580,1.160357423,0.250304316876,-3.81332300477,-7.82129497465,0.147419881188,-0.00931648356057,0.0147028239138,0,0,0,0,0,0,0.051582,0.0786720000005,-0.0333399999987,0.006367,0.00965200000006,-0.00371699999985
581,1.162372062,-0.46513251477,-4.11628896102,-8.19010924183,0.163042442307,-0.0310242384673,0.0130100243744,0,0,0,0,0,0,0.091582,0.0986719999986,0.0866600000016,0.002367,0.00565200000003,-0.00171699999991
582,1.164389806,0.0170867445669,-3.87116278394,-7.78976185532,0.160947009684,-0.0213784316699,0.00388746360612,0,0,0,0,0,0,0.091582,0.0986719999986,0.0866600000016,0.002367,0.00565200000003,-0.00171699999991
583,1.166374478,-0.0743644527073,-3.85997957272,-7.6303680515,0.152892362125,-0.0235131256451,0.0172633988206,0,0,0,0,0,0,0.091582,0.0986719999986,0.0866600000016,0.002367,0.00565200000003,-0.00171699999991
584,1.168363529,-0.120659458568,-3.57952686694,-7.83345620926,0.146574558694,-0.031888673973,0.0100527407277,0,0,0,0,0,0,0.091582,0.0986719999986,0.0866600000016,0.002367,0.00565200000003,-0.00171699999991
585,1.170407583,0.0754866911719,-3.58580210531,-8.07519650602,0.144674310163,-0.011742705361,0.0113476195259,0,0,0,0,0,0,0.131582,0.108671999998,0.106661000002,-0.002633,0.00165199999998,0.00128300000003
586,1.172369883,-0.198880002507,-3.95129008657,-7.95679858555,0.148984744544,-0.0115585754761,0.010213668265,0,0,0,0,0,0,0.131582,0.108671999998,0.106661000002,-0.002633,0.00165199999998,0.00128300000003
587,1.174353944,0.489659823807,-3.7312954828,-8.06209300066,0.155133068722,-0.00282065523622,0.019450848689,0,0,0,0,0,0,0.131582,0.108671999998,0.106661000002,-0.002633,0.00165199999998,0.00128300000003
588,1.176344708,-0.329210099859,-3.96526589719,-8.15908342523,0.16527123601,-0.0314324526624,0.00375522236553,0,0,0,0,0,0,0.131582,0.108671999998,0.106661000002,-0.002633,0.00165199999998,0.00128300000003
589,1.178385104,-0.272920222565,-3.90047593886,-7.81849389877,0.159662335385,-0.0285013983356,0.0105163633238,0,0,0,0,0,0,0.101582,0.118671999998,0.106661000002,-0.001633,0.001652,0.000283000000026
590,1.180362804,-0.0327690453086,-3.96239283284,-7.62635586686,0.153648645405,-0.0201485017971,0.0226014189811,0,0,0,0,0,0,0.101582,0.118671999998,0.106661000002,-0.001633,0.001652,0.000283000000026
591,1.182362053,-0.183798729613,-4.20646538904,-8.26687131371,0.150568328389,-0.0163738382569,-0.00187095876378,0,0,0,0,0,0,0.101582,0.118671999998,0.106661000002,-0.001633,0.001652,0.000283000000026
592,1.184367825,0.215806629881,-3.72000460635,-7.88803553101,0.139726069221,-0.00994071566865,0.00173152553949,0,0,0,0,0,0,0.101582,0.118671999998,0.106661000002,-0.001633,0.001652,0.000283000000026
593,1.186380791,-0.195737515428,-4.052514943,-7.63597133092,0.16087902162,-0.0197790166781,0.0068094968715,0,0,0,0,0,0,0.041582,0.0986719999993,0.0466590000016,0.006367,0.00865200000004,-0.00271699999986
594,1.188368819,-0.055499184511,-3.87271773529,-8.40556977062,0.143136593092,-0.0115159772199,0.00599805306381,0,0,0,0,0,0,0.041582,0.0986719999993,0.0466590000016,0.006367,0.00865200000004,-0.00271699999986
595,1.190361517,0.288978089186,-3.76838561406,-7.85570656025,0.152056904287,-0.0094518867978,0.0153560531906,0,0,0,0,0,0,0.041582,0.0986719999993,0.0466590000016,0.006367,0.00865200000004,-0.00271699999986
596,1.192411602,0.035533015323,-3.83338890301,-8.01179929514,0.147027277033,-0.0157591667224,0.0138837140902,0,0,0,0,0,0,0.041582,0.0986719999993,0.0466590000016,0.006367,0.00865200000004,-0.00271699999986
597,1.194374854,-0.273983355283,-3.97609047792,-8.12990038672,0.156906557955,-0.0263556112193,0.00589159587811,0,0,0,0,0,0,0.111582,0.118671999999,0.0466590000019,0.001367,0.00265200000001,-0.000716999999958
598,1.196359506,-0.131067717072,-4.15276236313,-8.0822170666,0.166061819287,-0.0210770408855,0.00785445851267,0,0,0,0,0,0,0.111582,0.118671999999,0.0466590000019,0.001367,0.00265200000001,-0.000716999999958
599,1.198358145,0.252256981967,-4.2046068254,-7.9437781332,0.15540066529,-0.0156893121935,0.00938088240784,0,0,0,0,0,0,0.111582,0.118671999999,0.0466590000019,0.001367,0.00265200000001,-0.000716999999958
600,1.200367944,-0.135926751786,-4.0866035453,-8.33845158687,0.156376499759,-0.0114077976524,0.0137878358826,0,0,0,0,0,0,0.111582,0.118671999999,0.0466590000019,0.001367,0.00265200000001,-0.000716999999958
601,1.202366753,-0.0760157940918,-3.90896081709,-8.1212656363,0.153593157566,-0.0119288786565,0.0179189907445,0,0,0,0,0,0,0.151582,0.118672,0.0066600000019,0.000367,-0.002348,0.000282999999962
602,1.204355623,-0.902643319554,-4.00529964334,-8.13590187308,0.15962548539,-0.0402404497937,0.0157049328274,0,0,0,0,0,0,0.151582,0.118672,0.0066600000019,0.000367,-0.002348,0.000282999999962
603,1.206347729,0.440634073192,-3.76535988823,-7.85437764227,0.154259875973,-0.00862905947283,0.0142337757861,0,0,0,0,0,0,0.151582,0.118672,0.0066600000019,0.000367,-0.002348,0.000282999999962
604,1.208356577,-0.0725719711707,-3.83729168116,-7.9312324182,0.153135863196,-0.0212086819165,0.00827160110292,0,0,0,0,0,0,0.151582,0.118672,0.0066600000019,0.000367,-0.002348,0.000282999999962
605,1.210379611,-0.251203739718,-3.9377791888,-7.85947069849,0.15668107375,-0.0382794931822,-0.00654687784817,0,0,0,0,0,0,0.091582,0.0886719999978,0.136660000001,0.001367,-0.000348000000005,0.000282999999994
606,1.212359314,-0.44708023491,-3.7174637305,-7.88844137969,0.160188770858,-0.0374401065701,0.0153465311093,0,0,0,0,0,0,0.091582,0.0886719999978,0.136660000001,0.001367,-0.000348000000005,0.000282999999994
607,1.214372991,-0.332302773902,-3.97397661955,-7.70949112199,0.162102277973,-0.0177827185824,0.000930151369065,0,0,0,0,0,0,0.091582,0.0886719999978,0.136660000001,0.001367,-0.000348000000005,0.000282999999994
608,1.216374224,-0.169005965565,-3.80748361548,-8.27096141657,0.145860488567,-0.0309362064338,0.0090728263945,0,0,0,0,0,0,0.091582,0.0886719999978,0.136660000001,0.001367,-0.000348000000005,0.000282999999994
609,1.218366481,-0.104144113946,-3.73037086725,-8.29246368398,0.12633248893,0.00188345600733,-0.00289593307938,0,0,0,0,0,0,0.111582,0.128671999998,0.116661000002,0.002367,0.00265200000003,-0.00171699999996
610,1.220362254,0.0546259125738,-3.99686837032,-7.92812801792,0.150504820709,-0.0126191845473,0.0167462067889,0,0,0,0,0,0,0.111582,0.128671999998,0.116661000002,0.002367,0.00265200000003,-0.00171699999996
611,1.222352617,0.0773289233691,-3.84817124583,-7.75627015538,0.157067008037,-0.0133889871716,0.0175114508258,0,0,0,0,0,0,0.111582,0.128671999998,0.116661000002,0.002367,0.00265200000003,-0.00171699999996
612,1.224356245,-0.212734097237,-4.19706652171,-7.86082974797,0.162905892703,-0.0244649807945,0.0146487047791,0,0,0,0,0,0,0.111582,0.128671999998,0.116661000002,0.002367,0.00265200000003,-0.00171699999996
613,1.226376063,-0.258054250055,-3.94665387688,-7.84550783602,0.160109798457,-0.0346503802724,0.00286812396154,0,0,0,0,0,0,0.101582,0.108671999997,0.186661000002,0.001367,0.00165200000001,-0.000716999999974
614,1.228361707,0.0947050985272,-4.24821024698,-7.93457871746,0.154624926113,-0.0100486935284,0.0105916783333,0,0,0,0,0,0,0.101582,0.108671999997,0.186661000002,0.001367,0.00165200000001,-0.000716999999974
615,1.230365956,0.00185494479479,-4.17733013122,-7.67305275096,0.163199894097,-0.0177356374971,0.017950934432,0,0,0,0,0,0,0.101582,0.108671999997,0.186661000002,0.001367,0.00165200000001,-0.000716999999974
616,1.232361309,-0.534790977513,-3.87970220104,-7.91876754288,0.152201203802,-0.0294576078824,0.0121263030334,0,0,0,0,0,0,0.101582,0.108671999997,0.186661000002,0.001367,0.00165200000001,-0.000716999999974
617,1.234374484,0.0439390376273,-4.2427238764,-7.66375915071,0.156699107158,-0.0185507743433,0.00581027078459,0,0,0,0,0,0,0.071582,0.128672,-0.0133399999979,0.003367,0.00565200000003,-0.00171699999991
618,1.236358656,-0.52979577138,-4.39827871965,-7.95380376404,0.167700277701,-0.033343980951,0.00180083737302,0,0,0,0,0,0,0.071582,0.128672,-0.0133399999979,0.003367,0.00565200000003,-0.00171699999991
619,1.238366772,0.0228290351609,-3.8523183672,-8.08549851519,0.141635339683,-0.0167577505649,0.00869712662255,0,0,0,0,0,0,0.071582,0.128672,-0.0133399999979,0.003367,0.00565200000003,-0.00171699999991
620,1.240358568,0.0645375643145,-3.85905632113,-7.87778105756,0.153735415237,-0.00593934605906,0.0112772021249,0,0,0,0,0,0,0.071582,0.128672,-0.0133399999979,0.003367,0.00565200000003,-0.00171699999991
621,1.242371944,-0.19490618691,-3.90372304941,-7.7729940565,0.157177447141,-0.0225080817741,0.0146422742223,0,0,0,0,0,0,0.021582,0.0686719999967,0.206659000001,0.005367,0.00665200000004,-0.00271699999989
622,1.244357929,0.360156027237,-3.9023346752,-8.00349990806,0.152088402699,-0.00755858523106,0.0155147005728,0,0,0,0,0,0,0.021582,0.0686719999967,0.206659000001,0.005367,0.00665200000004,-0.00271699999989
623,1.246364282,-0.0961888692371,-3.7961569855,-7.60807208196,0.160336864198,-0.0303724418458,0.0152132945287,0,0,0,0,0,0,0.021582,0.0686719999967,0.206659000001,0.005367,0.00665200000004,-0.00271699999989
624,1.248357530,-0.124071819334,-3.82858130305,-8.16437363008,0.153286736436,-0.0185213344226,0.0187073709498,0,0,0,0,0,0,0.021582,0.0686719999967,0.206659000001,0.005367,0.00665200000004,-0.00271699999989
625,1.250371858,-0.148696047312,-3.88317343604,-8.19509639398,0.151480032043,-0.00822894959112,0.00780315308106,0,0,0,0,0,0,0.051582,0.068671999997,0.186661000001,0.006367,0.00665200000006,-0.00371699999989
626,1.252359726,0.204072614955,-3.86421599618,-7.97104084819,0.141799271169,0.00314051413161,0.0132881259966,0,0,0,0,0,0,0.051582,0.068671999997,0.186661000001,0.006367,0.00665200000006,-0.00371699999989
627,1.254368514,-0.143522729752,-3.88456629299,-8.36422107242,0.13781436511,-0.0126925731185,0.00584924025221,0,0,0,0,0,0,0.051582,0.068671999997,0.186661000001,0.006367,0.00665200000006,-0.00371699999989
628,1.256356041,-0.616836518119,-4.01936968438,-8.16282381293,0.159010919549,-0.0215730597203,0.00330180477151,0,0,0,0,0,0,0.051582,0.068671999997,0.186661000001,0.006367,0.00665200000006,-0.00371699999989
629,1.258372614,0.134865793928,-3.57752539813,-8.02224213124,0.13539964876,-0.0164073090965,0.00818834900992,0,0,0,0,0,0,0.061582,0.118671999999,0.0566600000019,0.002367,0.00465200000003,-0.00171699999993
630,1.260367084,0.0311567209762,-4.15046830134,-7.81548801899,0.158204585807,-0.0228198134579,0.00945480038267,0,0,0,0,0,0,0.061582,0.118671999999,0.0566600000019,0.002367,0.00465200000003,-0.00171699999993
631,1.262366054,-0.0170509919581,-4.50910458785,-7.89521349966,0.173442243498,-0.00985410001784,0.0145271381345,0,0,0,0,0,0,0.061582,0.118671999999,0.0566600000019,0.002367,0.00465200000003,-0.00171699999993
632,1.264358521,0.237628379396,-3.89059842455,-7.76576792303,0.157306543533,-0.0120993044778,0.0173219162542,0,0,0,0,0,0,0.061582,0.118671999999,0.0566600000019,0.002367,0.00465200000003,-0.00171699999993
633,1.266378579,-0.0942024959115,-4.04320925922,-7.82657691998,0.163813490617,-0.0258902061887,0.00821182105274,0,0,0,0,0,0,0.061582,0.138671999997,0.206659000002,0.001367,0.00165200000001,-0.000716999999974
634,1.268352572,-0.227752868804,-4.08028138222,-7.77274604329,0.154925090801,-0.0247400460545,-0.000989086766863,0,0,0,0,0,0,0.061582,0.138671999997,0.206659000002,0.001367,0.00165200000001,-0.000716999999974
635,1.270372119,-0.254734161122,-3.86418816805,-8.04880999946,0.145575346659,-0.021112440677,0.0085192499408,0,0,0,0,0,0,0.061582,0.138671999997,0.206659000002,0.001367,0.00165200000001,-0.000716999999974
636,1.272367131,0.0277096017377,-3.77324282358,-7.78854434907,0.144870349005,-0.012276818909,0.017522099628,0,0,0,0,0,0,0.061582,0.138671999997,0.206659000002,0.001367,0.00165200000001,-0.000716999999974
637,1.274392510,-0.119169772762,-4.03113253005,-8.21656157045,0.144928427448,-0.00183684904433,-0.00285659615356,0,0,0,0,0,0,0.111582,0.138672000001,-0.0433409999978,0.001367,0.00365200000003,-0.00171699999994
638,1.276368566,0.404576229973,-3.81699386119,-7.90555320665,0.147832777931,-0.00222689521215,0.00867869291305,0,0,0,0,0,0,0.111582,0.138672000001,-0.0433409999978,0.001367,0.00365200000003,-0.00171699999994
639,1.278376692,-0.136342888276,-4.01262785984,-8.09617795903,0.154115949339,-0.0164195710327,0.0113834205621,0,0,0,0,0,0,0.111582,0.138672000001,-0.0433409999978,0.001367,0.00365200000003,-0.00171699999994
640,1.280350895,-0.104997212464,-4.18951151472,-8.13814712792,0.164335353343,-0.0209105787473,0.0104145493071,0,0,0,0,0,0,0.111582,0.138672000001,-0.0433409999978,0.001367,0.00365200000003,-0.00171699999994
641,1.282385430,-0.402995240505,-3.9583525275,-7.77347389419,0.154418575277,-0.0329007950323,0.0153266699686,0,0,0,0,0,0,0.081582,0.108671999999,0.0366590000017,0.002367,0.00465200000004,-0.00271699999993
642,1.284363921,0.286776098906,-3.65418807672,-8.03172260389,0.144854332982,3.19391145816e-05,0.0156368681557,0,0,0,0,0,0,0.081582,0.108671999999,0.0366590000017,0.002367,0.00465200000004,-0.00271699999993
643,1.286365245,-0.35353763716,-3.85396934771,-7.88528801612,0.144597138426,-0.0133372002303,0.00425602988729,0,0,0,0,0,0,0.081582,0.108671999999,0.0366590000017,0.002367,0.00465200000004,-0.00271699999993
644,1.288352702,0.278616833846,-3.48071856594,-7.78576052176,0.133504699565,-0.00450067777883,0.0072560134172,0,0,0,0,0,0,0.081582,0.108671999999,0.0366590000017,0.002367,0.00465200000004,-0.00271699999993
645,1.290368583,-0.08981797296,-3.87011701057,-8.06051370507,0.141265061798,-0.0142094636844,0.0170897338525,0,0,0,0,0,0,0.041582,0.0686719999989,0.0666600000011,0.007367,0.00665200000006,-0.00371699999989
646,1.292405543,0.0823776356211,-4.40793212328,-7.81973254035,0.168186324267,-0.0110642530437,0.00329912363087,0,0,0,0,0,0,0.041582,0.0686719999989,0.0666600000011,0.007367,0.00665200000006,-0.00371699999989
647,1.294374376,-0.0282904735935,-4.26678290255,-8.22385540403,0.162717449652,-0.0170645521646,0.00634557045535,0,0,0,0,0,0,0.041582,0.0686719999989,0.0666600000011,0.007367,0.00665200000006,-0.00371699999989
648,1.296359990,-0.448881040633,-4.04030251708,-8.04514857904,0.169852973722,-0.0250024236221,0.0149422797847,0,0,0,0,0,0,0.041582,0.0686719999989,0.0666600000011,0.007367,0.00665200000006,-0.00371699999989
649,1.298377695,0.0246639877759,-4.36143936875,-7.88249923764,0.159555077457,-0.0121379901644,0.000660348950967,0,0,0,0,0,0,0.051582,0.0786719999994,0.0366590000013,0.006367,0.00865200000006,-0.00371699999986
650,1.300356265,-0.184848110578,-4.08598253097,-7.86148272699,0.152810478422,-0.0256355551435,0.00778113934978,0,0,0,0,0,0,0.051582,0.0786719999994,0.0366590000013,0.006367,0.00865200000006,-0.00371699999986
651,1.302357078,-0.0894721955323,-4.00146032554,-7.94213312545,0.151996678543,-0.0156790559098,0.0108069697672,0,0,0,0,0,0,0.051582,0.0786719999994,0.0366590000013,0.006367,0.00865200000006,-0.00371699999986
652,1.304352590,-0.188667857199,-3.7890984753,-7.83260436035,0.152906721584,-0.0174359911672,0.0117566906366,0,0,0,0,0,0,0.051582,0.0786719999994,0.0366590000013,0.006367,0.00865200000006,-0.00371699999986
653,1.306364965,0.0334370449613,-4.26463710108,-7.7784482322,0.166998439086,-0.0266726575865,0.0186890744408,0,0,0,0,0,0,0.091582,0.138672000001,-0.0633389999978,0.001367,0.00565200000003,-0.00171699999991
654,1.308362772,-0.217305073386,-3.91505888538,-8.29536635029,0.141554836889,-0.015521827066,0.0132788333124,0,0,0,0,0,0,0.091582,0.138672000001,-0.0633389999978,0.001367,0.00565200000003,-0.00171699999991
655,1.310356221,0.221651881262,-3.63184963531,-8.18181543487,0.13873505051,-0.00973563409609,0.0071057396991,0,0,0,0,0,0,0.091582,0.138672000001,-0.0633389999978,0.001367,0.00565200000003,-0.00171699999991
656,1.312365699,-0.185846104352,-3.56042492463,-8.34770008239,0.127311727112,-0.00972510880707,0.011445540606,0,0,0,0,0,0,0.091582,0.138672000001,-0.0633389999978,0.001367,0.00565200000003,-0.00171699999991
657,1.314373395,-0.0713939662041,-4.10458758103,-8.4526711425,0.145985929886,-0.0131685837359,0.00153774863555,0,0,0,0,0,0,0.051582,0.128672,-0.0233399999979,0.005367,0.00765200000004,-0.00271699999988
658,1.316378065,0.110951526835,-3.90246002351,-8.10612115519,0.151713227532,-0.0157912527383,0.00777954875416,0,0,0,0,0,0,0.051582,0.128672,-0.0233399999979,0.005367,0.00765200000004,-0.00271699999988
659,1.318355814,-0.1921121848,-3.685886298,-8.36686528726,0.132767217194,-0.00590945122944,0.00655840801475,0,0,0,0,0,0,0.051582,0.128672,-0.0233399999979,0.005367,0.00765200000004,-0.00271699999988
660,1.320358991,-0.405147497569,-4.16810095028,-8.21754351087,0.154817532743,-0.0239945557506,0.0111595786007,0,0,0,0,0,0,0.051582,0.128672,-0.0233399999979,0.005367,0.00765200000004,-0.00271699999988
661,1.322376205,-0.416102516097,-4.07497656657,-7.83900327551,0.154802651509,-0.0332815690784,0.0132475004433,0,0,0,0,0,0,0.021582,0.108671999998,0.116661000002,0.006367,0.00865200000006,-0.00371699999986
662,1.324368842,-0.618514500895,-3.88784849947,-8.56694199216,0.138992703545,-0.0054812527507,0.00603631863762,0,0,0,0,0,0,0.021582,0.108671999998,0.116661000002,0.006367,0.00865200000006,-0.00371699999986
663,1.326354336,-0.117011070622,-3.94684065833,-7.65581853723,0.154993016501,-0.0188141947327,0.0210595556,0,0,0,0,0,0,0.021582,0.108671999998,0.116661000002,0.006367,0.00865200000006,-0.00371699999986
664,1.328356861,-0.38461928455,-3.95045809561,-7.93428726491,0.149942406335,-0.0197811284857,0.00935307289702,0,0,0,0,0,0,0.021582,0.108671999998,0.116661000002,0.006367,0.00865200000006,-0.00371699999986
665,1.330359347,0.0895156603512,-3.67743716812,-8.41909116847,0.135086165216,-0.000893103342657,0.0103921677262,0,0,0,0,0,0,0.001582,0.108671999998,0.106661000002,0.010367,0.0116520000001,-0.00571699999981
666,1.332343819,-0.0152525990699,-3.87333164539,-8.43582671149,0.144909665796,-0.00403783302553,0.0114123831486,0,0,0,0,0,0,0.001582,0.108671999998,0.106661000002,0.010367,0.0116520000001,-0.00571699999981
667,1.334361303,0.0818307961616,-3.96562936166,-8.75527753887,0.143537850471,-0.00408028184813,0.0145264805185,0,0,0,0,0,0,0.001582,0.108671999998,0.106661000002,0.010367,0.0116520000001,-0.00571699999981
668,1.336361975,0.209586306231,-3.8328932359,-8.49657779739,0.134430903955,-0.00869890367298,0.0111965864511,0,0,0,0,0,0,0.001582,0.108671999998,0.106661000002,0.010367,0.0116520000001,-0.00571699999981
669,1.338378317,-0.524939279414,-4.17409258975,-8.22661455472,0.161849073781,-0.0241210722124,0.0119031057501,0,0,0,0,0,0,0.111582,0.148671999998,0.116661000002,-0.001633,-0.000348000000005,0.000282999999994
670,1.340368850,-0.20546199016,-4.0839366023,-8.40622202988,0.144369005417,-0.0173379675077,0.000344891884669,0,0,0,0,0,0,0.111582,0.148671999998,0.116661000002,-0.001633,-0.000348000000005,0.000282999999994
671,1.342364994,0.26956927361,-3.98086788176,-7.86411405593,0.160373880119,-0.0129406618303,0.0109230094105,0,0,0,0,0,0,0.111582,0.148671999998,0.116661000002,-0.001633,-0.000348000000005,0.000282999999994
672,1.344362521,-0.146410772849,-4.08252087657,-7.84917864519,0.160334744779,-0.0288743102437,0.00952568029536,0,0,0,0,0,0,0.111582,0.148671999998,0.116661000002,-0.001633,-0.000348000000005,0.000282999999994
673,1.346378371,-0.103674494131,-3.77059456567,-8.2623672121,0.130305584014,-0.00411184951721,0.00428742654428,0,0,0,0,0,0,0.061582,0.118671999997,0.196661000002,0.001367,0.00365200000003,-0.00171699999994
674,1.348359818,-0.131603650351,-3.95721586052,-7.99510352938,0.161277619718,-0.0313743314598,0.00763211859066,0,0,0,0,0,0,0.061582,0.118671999997,0.196661000002,0.001367,0.00365200000003,-0.00171699999994
675,1.350363225,-0.562715419671,-3.96436873248,-8.51915194374,0.14863231925,-0.0234451290926,0.0102163962483,0,0,0,0,0,0,0.061582,0.118671999997,0.196661000002,0.001367,0.00365200000003,-0.00171699999994
676,1.352353337,0.243559801263,-4.14898196591,-8.33013852776,0.14551527419,-0.00543225729725,0.014599415171,0,0,0,0,0,0,0.061582,0.118671999997,0.196661000002,0.001367,0.00365200000003,-0.00171699999994
677,1.354364389,-0.286209426597,-3.80552993243,-8.39267322573,0.134179054599,-0.0128099229903,0.00085118984621,0,0,0,0,0,0,0.081582,0.0986719999973,0.166660000002,0.003367,0.00265200000003,-0.00171699999996
678,1.356349913,0.169003099175,-3.84153233007,-8.36810839927,0.133224037683,0.00380773169796,0.00624319933587,0,0,0,0,0,0,0.081582,0.0986719999973,0.166660000002,0.003367,0.00265200000003,-0.00171699999996
679,1.358358260,-0.0518246991526,-4.17283843911,-8.12017529622,0.147611470605,-0.0225729216476,0.00943569055501,0,0,0,0,0,0,0.081582,0.0986719999973,0.166660000002,0.003367,0.00265200000003,-0.00171699999996
680,1.360359744,-0.720035808277,-4.00325256118,-7.91007736493,0.151395137744,-0.034845579316,0.010871439638,0,0,0,0,0,0,0.081582,0.0986719999973,0.166660000002,0.003367,0.00265200000003,-0.00171699999996
681,1.362364614,-0.427821748839,-3.79841332885,-8.34508594184,0.147148708835,-0.0145405193047,-0.00116728703208,0,0,0,0,0,0,0.061582,0.108671999998,0.136660000002,0.004367,0.00565200000004,-0.00271699999991
682,1.364362140,-0.126516182219,-3.82218117724,-8.09747896585,0.150392283609,-0.0193482500706,0.00766035608808,0,0,0,0,0,0,0.061582,0.108671999998,0.136660000002,0.004367,0.00565200000004,-0.00271699999991
683,1.366362642,0.033237316165,-3.81566958276,-8.17933856213,0.14007119937,-0.0065552207766,0.00276885268482,0,0,0,0,0,0,0.061582,0.108671999998,0.136660000002,0.004367,0.00565200000004,-0.00271699999991
684,1.368360219,0.154346979761,-3.56945407248,-8.4401167299,0.139673491122,-0.00047496730896,-0.00493272186632,0,0,0,0,0,0,0.061582,0.108671999998,0.136660000002,0.004367,0.00565200000004,-0.00271699999991
685,1.370409492,0.0662540906797,-4.0560789948,-8.42111284207,0.150514438999,-0.00857922350915,0.00803500707261,0,0,0,0,0,0,0.061582,0.108671999998,0.126659000002,0.004367,0.00665200000006,-0.00371699999989
686,1.372364830,-0.422795872323,-4.07643085296,-8.17143490607,0.157237469508,-0.0327178108853,0.0103462885434,0,0,0,0,0,0,0.061582,0.108671999998,0.126659000002,0.004367,0.00665200000006,-0.00371699999989
687,1.374350484,-0.0560260181767,-3.69297276401,-8.2932635015,0.124633903582,-0.00165809931425,0.00207830994314,0,0,0,0,0,0,0.061582,0.108671999998,0.126659000002,0.004367,0.00665200000006,-0.00371699999989
688,1.376350745,-0.390768249347,-4.24513338799,-8.08236027794,0.160101844429,-0.0338241545014,0.0100639657086,0,0,0,0,0,0,0.061582,0.108671999998,0.126659000002,0.004367,0.00665200000006,-0.00371699999989
689,1.378374751,0.255879623478,-3.78107216527,-8.15163962982,0.136095128961,0.00344741439446,0.0110574189497,0,0,0,0,0,0,0.081582,0.128671999999,0.0466590000021,0.002367,0.00365200000001,-0.000716999999942
690,1.380357189,-0.240092322006,-3.97115683199,-8.40389816578,0.143964489556,-0.000846035857953,0.00253132460235,0,0,0,0,0,0,0.081582,0.128671999999,0.0466590000021,0.002367,0.00365200000001,-0.000716999999942
691,1.382370616,0.038215981847,-3.58599880213,-8.12625945102,0.137052656852,-0.0157839330344,0.0116630267771,0,0,0,0,0,0,0.081582,0.128671999999,0.0466590000021,0.002367,0.00365200000001,-0.000716999999942
692,1.384356861,0.0888653290734,-3.76996859467,-7.98919290014,0.13841073948,-0.00731546942448,0.00282099009871,0,0,0,0,0,0,0.081582,0.128671999999,0.0466590000021,0.002367,0.00365200000001,-0.000716999999942
693,1.386359517,0.269828807086,-3.65625928058,-7.88843020841,0.138005346544,-0.00799779154112,0.011191707704,0,0,0,0,0,0,0.141582,0.128672000003,-0.213340999998,0.000367,0.00165200000001,-0.000716999999974
694,1.388364287,-0.545366165295,-4.02281194154,-8.28078129329,0.155462240028,-0.0279980797598,0.00669065537464,0,0,0,0,0,0,0.141582,0.128672000003,-0.213340999998,0.000367,0.00165200000001,-0.000716999999974
695,1.390356984,-0.256010148669,-3.82425727586,-8.15164541938,0.147888226441,-0.0283713905052,0.0102444044398,0,0,0,0,0,0,0.141582,0.128672000003,-0.213340999998,0.000367,0.00165200000001,-0.000716999999974
696,1.392400928,-0.34464053068,-4.20160980483,-8.45081685335,0.158516814229,-0.0196234558995,-0.000225393645077,0,0,0,0,0,0,0.141582,0.128672000003,-0.213340999998,0.000367,0.00165200000001,-0.000716999999974
697,1.394360804,-0.613074448227,-4.02214118441,-8.67512793136,0.142727000882,-0.020178635831,0.0131991451357,0,0,0,0,0,0,0.031582,0.0886719999981,0.116661000001,0.004367,0.00865200000006,-0.00371699999986
698,1.396353000,0.0741849168578,-3.93857859659,-8.00013431982,0.148577874305,-0.017887083401,0.00732913520635,0,0,0,0,0,0,0.031582,0.0886719999981,0.116661000001,0.004367,0.00865200000006,-0.00371699999986
699,1.398363982,0.0784649327111,-4.05954878701,-8.4948757021,0.144028759454,0.00238930552787,0.00595846899655,0,0,0,0,0,0,0.031582,0.0886719999981,0.116661000001,0.004367,0.00865200000006,-0.00371699999986
700,1.400346731,-0.22041402174,-3.79085149822,-8.21893225918,0.138867297949,-0.0312721595833,0.0141974733342,0,0,0,0,0,0,0.031582,0.0886719999981,0.116661000001,0.004367,0.00865200000006,-0.00371699999986
701,1.402359406,-0.0264876273341,-3.55083249918,-8.42184363725,0.133097838213,0.00347764957676,0.0157051473244,0,0,0,0,0,0,0.051582,0.088672000002,-0.123340999999,0.008367,0.00965200000009,-0.00571699999985
702,1.404351592,-0.0217492415036,-3.88629596041,-8.11908929228,0.140427009901,-0.0135681552553,0.00653587396535,0,0,0,0,0,0,0.051582,0.088672000002,-0.123340999999,0.008367,0.00965200000009,-0.00571699999985
703,1.406353446,-0.195764731239,-3.72402161741,-8.42223154114,0.143140781934,-0.0171041172354,0.0117446992288,0,0,0,0,0,0,0.051582,0.088672000002,-0.123340999999,0.008367,0.00965200000009,-0.00571699999985
704,1.408343439,-0.249905885133,-3.87057045283,-8.30921597626,0.151275188552,-0.00990194773762,0.00670656852174,0,0,0,0,0,0,0.051582,0.088672000002,-0.123340999999,0.008367,0.00965200000009,-0.00571699999985
705,1.410357676,-0.0359360995215,-4.03985146292,-8.35222271752,0.138194837691,-0.00113467802311,0.00470646177663,0,0,0,0,0,0,0.061582,0.0886720000001,-0.00333999999858,0.008367,0.00965200000008,-0.00471699999985
706,1.412343581,0.281825539861,-3.43884219343,-8.57122451745,0.127837134469,0.000394297564643,0.00340771741926,0,0,0,0,0,0,0.061582,0.0886720000001,-0.00333999999858,0.008367,0.00965200000008,-0.00471699999985
707,1.414338984,-0.208683239276,-3.64797770208,-8.37875909138,0.133175467344,-0.0178857732916,0.00258138062796,0,0,0,0,0,0,0.061582,0.0886720000001,-0.00333999999858,0.008367,0.00965200000008,-0.00471699999985
708,1.416386924,0.059186818689,-4.11670594213,-8.38517538772,0.160069878164,-0.0181143703095,0.0091117161414,0,0,0,0,0,0,0.061582,0.0886720000001,-0.00333999999858,0.008367,0.00965200000008,-0.00471699999985
709,1.418382247,0.20538657673,-3.56429377911,-8.36192174809,0.12765199119,0.00513842601607,0.00849512834743,0,0,0,0,0,0,0.051582,0.118671999996,0.226660000002,0.001367,0.00365200000003,-0.00171699999994
710,1.420360898,-0.0290745410752,-3.74267040905,-8.32665338188,0.141135777117,-0.0148730239012,0.00832079300333,0,0,0,0,0,0,0.051582,0.118671999996,0.226660000002,0.001367,0.00365200000003,-0.00171699999994
711,1.422371328,0.146002025164,-4.22052738869,-8.45475291096,0.157814989168,-0.0194621486333,0.00895861484894,0,0,0,0,0,0,0.051582,0.118671999996,0.226660000002,0.001367,0.00365200000003,-0.00171699999994
712,1.424348727,0.324543118673,-3.9691203651,-8.54390539861,0.150585745899,-0.00277525085575,0.0160530445865,0,0,0,0,0,0,0.051582,0.118671999996,0.226660000002,0.001367,0.00365200000003,-0.00171699999994
713,1.426355641,0.131030412343,-3.69895269802,-8.01462080879,0.151279352464,-0.0178377071833,0.00778681648891,0,0,0,0,0,0,0.041582,0.0986719999986,0.0866600000016,0.004367,0.00665200000003,-0.00171699999989
714,1.428347617,-0.333545897643,-3.93796666947,-8.28502184244,0.155466224447,-0.0267090148872,0.0154459832556,0,0,0,0,0,0,0.041582,0.0986719999986,0.0866600000016,0.004367,0.00665200000003,-0.00171699999989
715,1.430340214,-0.0709225493919,-3.46870558783,-8.38985690419,0.124718712519,-0.00529505259154,0.0106503157506,0,0,0,0,0,0,0.041582,0.0986719999986,0.0866600000016,0.004367,0.00665200000003,-0.00171699999989
716,1.432342039,-0.610026127933,-4.37553668279,-8.00524485191,0.165880708365,-0.0453318221489,0.0148618060214,0,0,0,0,0,0,0.041582,0.0986719999986,0.0866600000016,0.004367,0.00665200000003,-0.00171699999989
717,1.434351307,-0.232686015857,-3.8716057032,-8.32397203898,0.155213062813,-0.0259363025705,0.00508762318385,0,0,0,0,0,0,0.091582,0.138671999996,0.256660000002,-0.001633,-0.000348000000021,0.00128299999999
718,1.436343684,0.383019768405,-3.91241114008,-7.91323166688,0.151155131508,-0.00921308313049,0.0133205331074,0,0,0,0,0,0,0.091582,0.138671999996,0.256660000002,-0.001633,-0.000348000000021,0.00128299999999
719,1.438344096,0.263896041561,-4.04967133766,-8.26417557349,0.152350961615,-0.00524746196279,0.00946347354494,0,0,0,0,0,0,0.091582,0.138671999996,0.256660000002,-0.001633,-0.000348000000021,0.00128299999999
720,1.440359075,-0.021990164252,-3.69417734533,-8.41273161008,0.130524105179,-0.00153567433517,0.0114211701482,0,0,0,0,0,0,0.091582,0.138671999996,0.256660000002,-0.001633,-0.000348000000021,0.00128299999999
721,1.442360098,-0.0620627643204,-3.84692417759,-7.81300923809,0.152103948514,-0.0192500217234,0.00679703196736,0,0,0,0,0,0,0.071582,0.138671999996,0.246660000002,0.001367,0.00365200000003,-0.00171699999994
722,1.444365449,-0.155288861008,-3.76961648953,-8.16911715276,0.133350527659,-0.0149144012448,0.01526384884,0,0,0,0,0,0,0.071582,0.138671999996,0.246660000002,0.001367,0.00365200000003,-0.00171699999994
723,1.446339972,0.438875138261,-4.15918546835,-8.4431331964,0.151831387799,0.0060616659646,0.0117211083848,0,0,0,0,0,0,0.071582,0.138671999996,0.246660000002,0.001367,0.00365200000003,-0.00171699999994
724,1.448357977,-0.0715763669236,-3.85635375456,-8.18359056384,0.148267156284,-0.0137404676015,0.00979321700954,0,0,0,0,0,0,0.071582,0.138671999996,0.246660000002,0.001367,0.00365200000003,-0.00171699999994
725,1.450351977,-0.129018975663,-3.79682203711,-8.42621580491,0.143310118314,-0.021098309575,0.00673358457793,0,0,0,0,0,0,0.081582,0.0986719999977,0.146660000002,0.001367,0.00165200000001,-0.000716999999974
726,1.452351046,0.710569632612,-4.08921608899,-8.27962941952,0.142280432217,0.0174631760112,0.000970677759455,0,0,0,0,0,0,0.081582,0.0986719999977,0.146660000002,0.001367,0.00165200000001,-0.000716999999974
727,1.454343182,-0.432310934878,-3.92081960916,-8.15883636016,0.146086963071,-0.0214062787241,-3.37038593161e-05,0,0,0,0,0,0,0.081582,0.0986719999977,0.146660000002,0.001367,0.00165200000001,-0.000716999999974
728,1.456359514,0.193057852529,-3.47398542784,-8.50622249097,0.122671394602,0.00382662865938,0.00844682380351,0,0,0,0,0,0,0.081582,0.0986719999977,0.146660000002,0.001367,0.00165200000001,-0.000716999999974
729,1.458361479,-0.0281477935348,-4.26462221396,-8.24352151152,0.159752167262,-0.0124461783411,0.0129961465097,0,0,0,0,0,0,0.091582,0.148672,0.00666000000238,0.001367,0.00365200000003,-0.00171699999994
730,1.460360238,-0.339045067365,-4.02457063471,-8.18548197314,0.165001518384,-0.0327761276368,0.0187291254904,0,0,0,0,0,0,0.091582,0.148672,0.00666000000238,0.001367,0.00365200000003,-0.00171699999994
731,1.462361772,0.052578023676,-3.59041349091,-7.97173364797,0.147279552434,-0.022850225932,0.0124321140255,0,0,0,0,0,0,0.091582,0.148672,0.00666000000238,0.001367,0.00365200000003,-0.00171699999994
732,1.464357084,-0.0878470250988,-3.9630703489,-8.07668881111,0.165575623585,-0.0308134221633,0.0160265664037,0,0,0,0,0,0,0.091582,0.148672,0.00666000000238,0.001367,0.00365200000003,-0.00171699999994
733,1.466352156,-0.129005865173,-3.5790188055,-8.63634121472,0.136886562374,-0.0164790856676,0.00359674991015,0,0,0,0,0,0,0.041582,0.118671999998,0.126659000002,0.004367,0.00665200000004,-0.00271699999989
734,1.468359881,-0.164153489246,-3.83375665714,-8.01598122329,0.159235690116,-0.0383119476273,0.00912568254132,0,0,0,0,0,0,0.041582,0.118671999998,0.126659000002,0.004367,0.00665200000004,-0.00271699999989
735,1.470351867,0.571184857934,-3.62956414317,-8.08616945064,0.145905541857,0.00107690638288,0.00369401449088,0,0,0,0,0,0,0.041582,0.118671999998,0.126659000002,0.004367,0.00665200000004,-0.00271699999989
736,1.472363791,-0.195669411526,-3.89817704152,-8.18583036518,0.140169661859,-0.0170260631193,-0.00102944825712,0,0,0,0,0,0,0.041582,0.118671999998,0.126659000002,0.004367,0.00665200000004,-0.00271699999989
737,1.474357911,-0.0859758172792,-3.68195580542,-8.28968581433,0.143204982155,-0.00986315370841,0.0095383375476,0,0,0,0,0,0,0.091582,0.118672000002,-0.113339999998,0.005367,0.00565200000004,-0.00271699999991
738,1.476341932,-0.284728416201,-3.19503597129,-8.44640334199,0.118089863924,-0.0193769653309,0.00240902979745,0,0,0,0,0,0,0.091582,0.118672000002,-0.113339999998,0.005367,0.00565200000004,-0.00271699999991
739,1.478347023,0.0159021130702,-4.22704106897,-8.6112490515,0.148788828389,-0.0122967611316,0.00937848324034,0,0,0,0,0,0,0.091582,0.118672000002,-0.113339999998,0.005367,0.00565200000004,-0.00271699999991
740,1.480372070,0.150892148083,-3.8158949596,-8.18196606882,0.149411633595,-0.00918042577767,0.0113260768119,0,0,0,0,0,0,0.091582,0.118672000002,-0.113339999998,0.005367,0.00565200000004,-0.00271699999991
741,1.482362724,-0.507363600888,-3.6241738121,-8.3892118911,0.134526333311,-0.0235006637483,0.0149186135056,0,0,0,0,0,0,0.141582,0.108672000002,-0.113339999998,0.003367,0.00365200000003,-0.00171699999994
742,1.484365590,-0.36884621163,-3.14323759467,-8.59354602739,0.123827568796,-0.0244067637042,0.00620000519642,0,0,0,0,0,0,0.141582,0.108672000002,-0.113339999998,0.003367,0.00365200000003,-0.00171699999994
743,1.486359921,0.0637142432926,-3.61475626035,-8.13665675697,0.138766425111,-0.0131660850792,-0.0010852740156,0,0,0,0,0,0,0.141582,0.108672000002,-0.113339999998,0.003367,0.00365200000003,-0.00171699999994
744,1.488348911,-0.0654304727332,-3.58266014036,-8.55778169113,0.12279571336,-0.0109653755607,0.00704481806895,0,0,0,0,0,0,0.141582,0.108672000002,-0.113339999998,0.003367,0.00365200000003,-0.00171699999994
745,1.490357969,-0.364613413312,-3.98684683779,-8.40791060046,0.146847890105,-0.0248474787174,0.0116591306472,0,0,0,0,0,0,0.051582,0.0486719999985,0.0966610000008,0.007367,0.00665200000004,-0.00271699999989
746,1.492402083,-0.0641818856697,-3.95716141876,-8.23938334938,0.144285600357,-0.00303228663827,1.78843791074e-05,0,0,0,0,0,0,0.051582,0.0486719999985,0.0966610000008,0.007367,0.00665200000004,-0.00271699999989
747,1.494368161,-0.0582288503176,-4.06163061794,-8.05967753577,0.161373074277,-0.0153722644476,0.0145971824661,0,0,0,0,0,0,0.051582,0.0486719999985,0.0966610000008,0.007367,0.00665200000004,-0.00271699999989
748,1.496354626,0.153186239986,-3.96995956197,-8.32025875233,0.147755869091,0.00176893786532,0.00534978358721,0,0,0,0,0,0,0.051582,0.0486719999985,0.0966610000008,0.007367,0.00665200000004,-0.00271699999989
749,1.498364576,-0.37372710279,-4.24118356284,-8.06820466495,0.160236676411,-0.0184080907331,0.00829676588348,0,0,0,0,0,0,0.101582,0.098671999998,0.126659000002,-0.000633,0.000651999999979,0.00128300000001
750,1.500359858,-0.444648295517,-4.09064903409,-7.84017621475,0.173476429173,-0.0282674809588,0.0144903384874,0,0,0,0,0,0,0.101582,0.098671999998,0.126659000002,-0.000633,0.000651999999979,0.00128300000001
751,1.502358878,0.179037879471,-4.09400271816,-8.23780205051,0.14436074949,-0.00537381817441,0.00432931269029,0,0,0,0,0,0,0.101582,0.098671999998,0.126659000002,-0.000633,0.000651999999979,0.00128300000001
752,1.504340193,-0.056802828202,-3.64709007205,-8.22252341933,0.139778277116,-0.0178313332888,0.00840525917394,0,0,0,0,0,0,0.101582,0.098671999998,0.126659000002,-0.000633,0.000651999999979,0.00128300000001
753,1.506358018,-0.305564912402,-3.78975082088,-8.40138570435,0.135580460534,-0.0175051965311,0.0105298906905,0,0,0,0,0,0,0.081582,0.0986719999969,0.196661000002,0.002367,0.00465200000003,-0.00171699999993
754,1.508341969,-0.106994629863,-4.13272175868,-8.17156496723,0.147334820277,-0.00482429682789,0.00074443083581,0,0,0,0,0,0,0.081582,0.0986719999969,0.196661000002,0.002367,0.00465200000003,-0.00171699999993
755,1.510338754,0.109077072857,-3.85562665013,-8.35727117885,0.14145493854,-0.00643764977568,0.0116441491535,0,0,0,0,0,0,0.081582,0.0986719999969,0.196661000002,0.002367,0.00465200000003,-0.00171699999993
756,1.512335148,0.0855115892755,-3.77023545988,-8.21473176413,0.14795156905,-0.0147708155306,0.0136466841535,0,0,0,0,0,0,0.081582,0.0986719999969,0.196661000002,0.002367,0.00465200000003,-0.00171699999993
757,1.514354536,-0.275539907049,-3.66591857148,-8.46452232361,0.136371282196,-0.0199527812728,0.012265585189,0,0,0,0,0,0,0.061582,0.118671999997,0.206659000002,-0.000633,0.00465200000001,-0.000716999999926
758,1.516358214,0.0301720012065,-3.8660274257,-7.98310033842,0.148278085151,-0.00151274864259,0.0130633055672,0,0,0,0,0,0,0.061582,0.118671999997,0.206659000002,-0.000633,0.00465200000001,-0.000716999999926
759,1.518364056,-0.305299452366,-3.83270582117,-7.87994839463,0.152579382774,-0.0406517834628,0.0130879232223,0,0,0,0,0,0,0.061582,0.118671999997,0.206659000002,-0.000633,0.00465200000001,-0.000716999999926
760,1.520342927,-0.0385222778767,-3.78963072972,-7.90647153704,0.155237427275,-0.0199049645027,0.00923915473563,0,0,0,0,0,0,0.061582,0.118671999997,0.206659000002,-0.000633,0.00465200000001,-0.000716999999926
761,1.522351595,0.11833990773,-4.18316331866,-7.92704055575,0.16526722444,-0.0178489287336,0.00964870215108,0,0,0,0,0,0,0.011582,0.0586720000002,-0.0133399999991,0.009367,0.0116520000001,-0.00471699999981
762,1.524347708,0.00751136977408,-3.76411351326,-7.90931085731,0.14626581873,-0.0135600121708,0.00947414156603,0,0,0,0,0,0,0.011582,0.0586720000002,-0.0133399999991,0.009367,0.0116520000001,-0.00471699999981
763,1.526344153,-0.446727771705,-3.57926513298,-8.3464659565,0.114880795622,-0.00325065946829,0.00357323906626,0,0,0,0,0,0,0.011582,0.0586720000002,-0.0133399999991,0.009367,0.0116520000001,-0.00471699999981
764,1.528340807,0.190573457944,-3.70395348054,-7.94931595698,0.14827670484,-0.00667557444127,0.0175100232032,0,0,0,0,0,0,0.011582,0.0586720000002,-0.0133399999991,0.009367,0.0116520000001,-0.00471699999981
765,1.530351037,-0.0201510789207,-4.01464973777,-7.86499837743,0.158124054609,-0.0175489577179,0.00347553540535,0,0,0,0,0,0,0.011582,0.0686719999989,0.0666600000011,0.008367,0.0106520000001,-0.00471699999983
766,1.532349005,0.138072582787,-3.64258295916,-8.15908017193,0.150186095343,-0.0281948088105,0.0092889780045,0,0,0,0,0,0,0.011582,0.0686719999989,0.0666600000011,0.008367,0.0106520000001,-0.00471699999983
767,1.534341462,-0.180087094971,-3.53738835403,-8.58670211818,0.133410423606,-0.0106953305876,0.00151227143086,0,0,0,0,0,0,0.011582,0.0686719999989,0.0666600000011,0.008367,0.0106520000001,-0.00471699999983
768,1.536352984,0.075211630449,-4.0987357148,-8.30891176372,0.15052647536,-0.012019539738,0.0145950449365,0,0,0,0,0,0,0.011582,0.0686719999989,0.0666600000011,0.008367,0.0106520000001,-0.00471699999983
769,1.538367553,0.160941733828,-3.68783385355,-8.33008470467,0.128772410697,0.00682040457498,0.0029785438852,0,0,0,0,0,0,0.061582,0.108672,-0.00333999999826,0.004367,0.00565200000003,-0.00171699999991
770,1.540354830,-0.174497590476,-4.03540247445,-8.16090103501,0.155494698221,-0.0174891813345,0.00775330025516,0,0,0,0,0,0,0.061582,0.108672,-0.00333999999826,0.004367,0.00565200000003,-0.00171699999991
771,1.542354591,-0.39849551223,-3.50183362024,-8.19674903198,0.129310623533,-0.020635096637,-1.82863039762e-05,0,0,0,0,0,0,0.061582,0.108672,-0.00333999999826,0.004367,0.00565200000003,-0.00171699999991
772,1.544356936,-0.32178206014,-3.88707987529,-8.06817657484,0.150219395852,-0.0183706939605,0.00385912644778,0,0,0,0,0,0,0.061582,0.108672,-0.00333999999826,0.004367,0.00565200000003,-0.00171699999991
773,1.546365092,0.0348828135237,-3.83657175879,-8.10586211793,0.137801941857,-0.003226818138,0.00799801140405,0,0,0,0,0,0,-0.028418,0.078671999997,0.186661000001,0.012367,0.0116520000001,-0.00471699999981
774,1.548359954,0.0562495268093,-4.23027593691,-8.32741455409,0.15089111547,-0.0076248998182,0.00593519602489,0,0,0,0,0,0,-0.028418,0.078671999997,0.186661000001,0.012367,0.0116520000001,-0.00471699999981
775,1.550358803,0.0453019041024,-3.82115798729,-8.00258275434,0.13900886004,-0.00534924799879,0.00979507370308,0,0,0,0,0,0,-0.028418,0.078671999997,0.186661000001,0.012367,0.0116520000001,-0.00471699999981
776,1.552352863,0.302373298258,-3.7664232898,-8.37950598912,0.132651906306,-0.00529334562083,0.00284699709984,0,0,0,0,0,0,-0.028418,0.078671999997,0.186661000001,0.012367,0.0116520000001,-0.00471699999981
777,1.554360679,-0.418502157361,-4.10149177589,-8.65723314036,0.14535583038,-0.0107417973603,0.00910698850183,0,0,0,0,0,0,-0.048418,0.0486719999964,0.226660000001,0.010367,0.00965200000006,-0.00371699999985
778,1.556358876,0.0543140054641,-3.97598176062,-7.92658863368,0.153275659041,-0.018910432485,0.0139285733416,0,0,0,0,0,0,-0.048418,0.0486719999964,0.226660000001,0.010367,0.00965200000006,-0.00371699999985
779,1.558360780,-0.0720508552118,-4.12271887443,-8.41572671865,0.144835110829,-0.0182306327687,-0.00339511935858,0,0,0,0,0,0,-0.048418,0.0486719999964,0.226660000001,0.010367,0.00965200000006,-0.00371699999985
780,1.560346996,-0.13204363146,-4.38232474403,-8.12276508989,0.165010664679,-0.0197856690092,0.0179508783366,0,0,0,0,0,0,-0.048418,0.0486719999964,0.226660000001,0.010367,0.00965200000006,-0.00371699999985
781,1.562352858,-0.168004548387,-3.75130490655,-8.18318588246,0.142771468968,-0.023399074499,0.0148094767983,0,0,0,0,0,0,-0.048418,0.0486719999989,0.0666600000008,0.013367,0.0126520000001,-0.0057169999998
782,1.564346487,0.239000970276,-3.88923242571,-8.132013658,0.147784309753,-0.00721648137994,0.00912056261802,0,0,0,0,0,0,-0.048418,0.0486719999989,0.0666600000008,0.013367,0.0126520000001,-0.0057169999998
783,1.566348031,0.320869784526,-4.0087107142,-8.26992388994,0.145765072819,0.00147269579949,-0.000122889954128,0,0,0,0,0,0,-0.048418,0.0486719999989,0.0666600000008,0.013367,0.0126520000001,-0.0057169999998
784,1.568343754,0.211878413116,-3.7022322075,-8.04365584394,0.142473174181,-0.0086630833855,0.00562370509075,0,0,0,0,0,0,-0.048418,0.0486719999989,0.0666600000008,0.013367,0.0126520000001,-0.0057169999998
785,1.570389381,-0.179521508514,-3.6551995926,-8.3446396158,0.122648683263,-0.0144051735426,0.00983533664025,0,0,0,0,0,0,0.031582,0.0986719999957,0.266661000002,0.004367,0.00565200000004,-0.00271699999991
786,1.572357232,0.0195150371059,-3.73595278197,-8.13108742182,0.139678819792,-0.0171075783247,0.0148040695855,0,0,0,0,0,0,0.031582,0.0986719999957,0.266661000002,0.004367,0.00565200000004,-0.00271699999991
787,1.574338979,0.155031955031,-3.9010497759,-8.20020983996,0.133175885664,0.00035258830585,0.00233639634863,0,0,0,0,0,0,0.031582,0.0986719999957,0.266661000002,0.004367,0.00565200000004,-0.00271699999991
788,1.576346023,-0.563210139838,-4.10905776152,-7.78377077864,0.156153588199,-0.0259022298492,0.0202487139545,0,0,0,0,0,0,0.031582,0.0986719999957,0.266661000002,0.004367,0.00565200000004,-0.00271699999991
789,1.578366342,-0.418947097873,-3.68372235247,-8.1829510538,0.132203529852,-0.0126143627935,0.00337813870948,0,0,0,0,0,0,0.051582,0.128671999999,0.0766600000021,0.004367,0.00765200000004,-0.00271699999988
790,1.580362746,-0.0212664355451,-4.23768625062,-7.74724418631,0.165576596451,-0.0169395732997,0.0068604162221,0,0,0,0,0,0,0.051582,0.128671999999,0.0766600000021,0.004367,0.00765200000004,-0.00271699999988
791,1.582359831,-0.294412203621,-4.29191894346,-8.08159630499,0.155186791743,-0.0128533691944,0.00688222731494,0,0,0,0,0,0,0.051582,0.128671999999,0.0766600000021,0.004367,0.00765200000004,-0.00271699999988
792,1.584366615,0.28248590595,-3.97258664432,-8.39745940551,0.151823690656,-0.00631422801552,0.00271824691155,0,0,0,0,0,0,0.051582,0.128671999999,0.0766600000021,0.004367,0.00765200000004,-0.00271699999988
793,1.586368510,-0.119973902138,-3.46000520017,-8.32164523779,0.126044133389,-0.0110332167069,-0.00278261682775,0,0,0,0,0,0,0.021582,0.0886720000007,-0.0433409999986,0.007367,0.0116520000001,-0.00571699999981
794,1.588372498,-0.0112108067664,-3.53852526075,-8.41046545344,0.127445538542,-0.00324658987477,0.00290350638555,0,0,0,0,0,0,0.021582,0.0886720000007,-0.0433409999986,0.007367,0.0116520000001,-0.00571699999981
795,1.590379092,0.192792600667,-3.8835724855,-7.93339510624,0.143506672568,-0.0166037765476,0.00276662358649,0,0,0,0,0,0,0.021582,0.0886720000007,-0.0433409999986,0.007367,0.0116520000001,-0.00571699999981
796,1.592362672,0.0037865706513,-4.1264692018,-8.2632518876,0.159589237533,-0.0267866190774,0.00609841618597,0,0,0,0,0,0,0.021582,0.0886720000007,-0.0433409999986,0.007367,0.0116520000001,-0.00571699999981
797,1.594411765,0.0358617270297,-3.99301225429,-8.48641858395,0.145438153054,0.00164515709841,0.00342318426317,0,0,0,0,0,0,0.021582,0.0786719999989,0.0666600000013,0.008367,0.0106520000001,-0.00571699999983
798,1.596358477,0.370955493018,-4.11421533184,-8.44284767187,0.143567848882,0.00268263621442,0.00890422867396,0,0,0,0,0,0,0.021582,0.0786719999989,0.0666600000013,0.008367,0.0106520000001,-0.00571699999983
799,1.598359600,-0.107833079625,-4.02254722263,-8.46611483233,0.148386158013,-0.0222055639403,0.00446719434787,0,0,0,0,0,0,0.021582,0.0786719999989,0.0666600000013,0.008367,0.0106520000001,-0.00571699999983
800,1.600350484,-0.0494457954305,-4.23097297923,-8.2743816984,0.153591086758,-0.00816284987155,0.00382855120034,0,0,0,0,0,0,0.021582,0.0786719999989,0.0666600000013,0.008367,0.0106520000001,-0.00571699999983
801,1.602364661,0.116519968572,-3.66944599468,-8.25615082278,0.139643347175,-0.0135452330377,0.000353162514217,0,0,0,0,0,0,0.081582,0.128671999997,0.176661000002,0.001367,0.00465200000003,-0.00171699999993
802,1.604354684,-0.152467015261,-3.92733993842,-8.26689482867,0.146507725095,-0.011705916823,0.00371783487038,0,0,0,0,0,0,0.081582,0.128671999997,0.176661000002,0.001367,0.00465200000003,-0.00171699999993
803,1.606356979,0.618321049795,-3.80791485675,-8.17836928868,0.147493119535,-0.00451715851455,0.00797208986479,0,0,0,0,0,0,0.081582,0.128671999997,0.176661000002,0.001367,0.00465200000003,-0.00171699999993
804,1.608340008,0.0647825147064,-3.90629778308,-8.30959673047,0.148442378352,-0.0133659653562,0.0061591625221,0,0,0,0,0,0,0.081582,0.128671999997,0.176661000002,0.001367,0.00465200000003,-0.00171699999993
805,1.610352513,0.386941909419,-4.18062132121,-8.12705739273,0.161366368227,-0.0109409164587,0.0128172808081,0,0,0,0,0,0,0.021582,0.0786719999946,0.336660000001,0.000367,0.002652,0.000283000000042
806,1.612347605,0.217357846938,-3.78988184767,-7.94291662446,0.142862000578,-0.0144148673136,0.00538157996158,0,0,0,0,0,0,0.021582,0.0786719999946,0.336660000001,0.000367,0.002652,0.000283000000042
807,1.614341474,-0.0833213718293,-3.7043509423,-8.1479764998,0.145495395567,-0.0179692827376,0.00976830444272,0,0,0,0,0,0,0.021582,0.0786719999946,0.336660000001,0.000367,0.002652,0.000283000000042
808,1.616400486,-0.0822374389604,-3.87912042767,-8.20917123928,0.149385737998,-0.0275352781817,0.0113040363947,0,0,0,0,0,0,0.021582,0.0786719999946,0.336660000001,0.000367,0.002652,0.000283000000042
809,1.618377554,-0.0419900789107,-3.87549256814,-7.96443446446,0.154817243363,-0.0170208807396,0.0172042090416,0,0,0,0,0,0,0.021582,0.0386719999975,0.156660000001,0.010367,0.00965200000011,-0.00671699999985
810,1.620369961,-0.0224788691024,-3.97984242495,-7.88903291581,0.158966130475,-0.0210850371163,0.00624207514757,0,0,0,0,0,0,0.021582,0.0386719999975,0.156660000001,0.010367,0.00965200000011,-0.00671699999985
811,1.622354042,0.193410975166,-3.91678350931,-7.94257512181,0.153773748616,-0.0106936119743,0.00667297038335,0,0,0,0,0,0,0.021582,0.0386719999975,0.156660000001,0.010367,0.00965200000011,-0.00671699999985
812,1.624346870,0.266631304184,-3.86081227497,-8.68422214893,0.138752761733,-0.00162912639346,0.00177036720367,0,0,0,0,0,0,0.021582,0.0386719999975,0.156660000001,0.010367,0.00965200000011,-0.00671699999985
813,1.626357902,0.309015526795,-3.93003062884,-8.1678905878,0.154932002028,-0.0219745627832,0.0104620052577,0,0,0,0,0,0,0.101582,0.0886719999964,0.226660000001,0.001367,0.000652000000011,-0.00071699999999
814,1.628350950,-0.158239558101,-4.16979068367,-8.03063506997,0.162865746608,-0.0260096840808,0.00778681484937,0,0,0,0,0,0,0.101582,0.0886719999964,0.226660000001,0.001367,0.000652000000011,-0.00071699999999
815,1.630357443,-0.129554391042,-3.63862385309,-8.01333344757,0.15505608671,-0.0228679156733,0.0110979752975,0,0,0,0,0,0,0.101582,0.0886719999964,0.226660000001,0.001367,0.000652000000011,-0.00071699999999
816,1.632356322,-0.186033524386,-4.42378517365,-7.8310162615,0.17468045438,-0.0242614072597,0.0228994227101,0,0,0,0,0,0,0.101582,0.0886719999964,0.226660000001,0.001367,0.000652000000011,-0.00071699999999
817,1.634357915,-0.300263319169,-4.11600620134,-7.97049908103,0.16532081235,-0.0310471306953,0.0117783695276,0,0,0,0,0,0,0.071582,0.0786719999981,0.116661000001,0.005367,0.00765200000004,-0.00271699999988
818,1.636353669,0.307118457982,-3.87340453326,-7.91046580003,0.156713476545,-0.0207324006162,0.0162707287234,0,0,0,0,0,0,0.071582,0.0786719999981,0.116661000001,0.005367,0.00765200000004,-0.00271699999988
819,1.638350354,-0.031860687713,-3.95575137587,-8.24181149877,0.148247519891,-0.013211770398,0.00364099933349,0,0,0,0,0,0,0.071582,0.0786719999981,0.116661000001,0.005367,0.00765200000004,-0.00271699999988
820,1.640356025,0.529369937054,-3.95149072128,-8.37141141544,0.145931049636,-0.00505511474183,0.00571170142327,0,0,0,0,0,0,0.071582,0.0786719999981,0.116661000001,0.005367,0.00765200000004,-0.00271699999988
821,1.642370704,-0.611315560082,-3.64590589813,-8.48019252855,0.124352763874,-0.0134399760763,-0.00498652323984,0,0,0,0,0,0,0.031582,0.0786719999969,0.196661000001,0.005367,0.00665200000004,-0.00271699999989
822,1.644356138,-0.463868066349,-3.88587587957,-8.06148075566,0.137416532526,-0.0157778987461,0.0137047160327,0,0,0,0,0,0,0.031582,0.0786719999969,0.196661000001,0.005367,0.00665200000004,-0.00271699999989
823,1.646364084,0.295345481995,-3.55516408818,-7.9176974627,0.140562429126,-0.0150397234733,0.0106902823127,0,0,0,0,0,0,0.031582,0.0786719999969,0.196661000001,0.005367,0.00665200000004,-0.00271699999989
824,1.648353675,0.327350290478,-3.8398500623,-8.31240688056,0.138793253254,0.0102993213417,-0.0054418173107,0,0,0,0,0,0,0.031582,0.0786719999969,0.196661000001,0.005367,0.00665200000004,-0.00271699999989
825,1.650373283,-0.242627048273,-3.99738571314,-8.25469366441,0.151498404046,-0.026167058001,0.00467492131248,0,0,0,0,0,0,0.041582,0.0986719999959,0.256660000002,0.003367,0.00465200000001,-0.000716999999926
826,1.652357144,0.0725868851008,-4.0516414536,-7.97773530743,0.157498101067,-0.0147195957174,0.0107343598197,0,0,0,0,0,0,0.041582,0.0986719999959,0.256660000002,0.003367,0.00465200000001,-0.000716999999926
827,1.654353999,-0.0427924278671,-4.00811949815,-7.81868092441,0.159149042306,-0.0261909528264,0.00278983452264,0,0,0,0,0,0,0.041582,0.0986719999959,0.256660000002,0.003367,0.00465200000001,-0.000716999999926
828,1.656357677,-0.183591068898,-4.12641035351,-8.51428878981,0.137673821764,-0.0135085475788,-0.00269712869,0,0,0,0,0,0,0.041582,0.0986719999959,0.256660000002,0.003367,0.00465200000001,-0.000716999999926
829,1.658364000,-0.105867310378,-4.09215564181,-8.03693535391,0.153092430438,-0.0190137912091,0.0126589594394,0,0,0,0,0,0,0.081582,0.108671999997,0.186661000002,0.002367,0.001652,0.000283000000026
830,1.660341639,-0.0167742492618,-3.95319502556,-8.20956884575,0.15031395427,-0.00394003018711,0.0125889370164,0,0,0,0,0,0,0.081582,0.108671999997,0.186661000002,0.002367,0.001652,0.000283000000026
831,1.662349735,0.0351986604373,-3.82774638626,-8.39635495392,0.135634566967,-0.0140094423614,0.0057641570977,0,0,0,0,0,0,0.081582,0.108671999997,0.186661000002,0.002367,0.001652,0.000283000000026
832,1.664341200,-0.226551947742,-4.15158441262,-8.35130979829,0.148393431046,-0.0157305621899,0.00197117605443,0,0,0,0,0,0,0.081582,0.108671999997,0.186661000002,0.002367,0.001652,0.000283000000026
833,1.666359255,-0.286544889145,-3.99519063645,-8.17457543722,0.145823988685,-0.0191719400956,0.00130712872269,0,0,0,0,0,0,0.031582,0.0586719999991,0.0566600000009,0.010367,0.00865200000006,-0.00371699999986
834,1.668348937,-0.0375680035789,-4.2085138748,-8.32677582952,0.156141693985,-0.00544830341401,0.00623927464061,0,0,0,0,0,0,0.031582,0.0586719999991,0.0566600000009,0.010367,0.00865200000006,-0.00371699999986
835,1.670353517,0.141790034183,-3.93395926152,-8.42380829787,0.139196282875,-0.0049374010381,0.011061540595,0,0,0,0,0,0,0.031582,0.0586719999991,0.0566600000009,0.010367,0.00865200000006,-0.00371699999986
836,1.672364428,-0.199074669352,-3.63410304129,-8.20562775707,0.138903812422,-0.0207281420738,0.011830981211,0,0,0,0,0,0,0.031582,0.0586719999991,0.0566600000009,0.010367,0.00865200000006,-0.00371699999986
837,1.674378516,0.136793185648,-3.43958473072,-8.27754312018,0.130017165755,0.00250716094909,0.00803534086972,0,0,0,0,0,0,0.051582,0.0786719999933,0.416660000001,0.001367,0.001652,0.000283000000026
838,1.676358169,0.0707855324336,-4.11194319979,-8.11887192525,0.161319095059,-0.0178045575825,0.00759025075694,0,0,0,0,0,0,0.051582,0.0786719999933,0.416660000001,0.001367,0.001652,0.000283000000026
839,1.678364722,0.338567859499,-4.11909611073,-8.33507021803,0.146513041483,0.00922876886969,0.0101729034288,0,0,0,0,0,0,0.051582,0.0786719999933,0.416660000001,0.001367,0.001652,0.000283000000026
840,1.680344405,0.135325405506,-4.12488006415,-8.24942909821,0.144515142797,-0.00771948200559,0.00277935808167,0,0,0,0,0,0,0.051582,0.0786719999933,0.416660000001,0.001367,0.001652,0.000283000000026
841,1.682358802,-0.314039488084,-4.06948323831,-8.20140309524,0.14904527853,-0.00986392606119,0.00954319310792,0,0,0,0,0,0,-0.028418,0.058671999997,0.186661000001,0.008367,0.0126520000001,-0.0047169999998
842,1.684355708,-0.605996914655,-4.08409094635,-7.7640124511,0.154347423009,-0.029367005717,0.0147382663966,0,0,0,0,0,0,-0.028418,0.058671999997,0.186661000001,0.008367,0.0126520000001,-0.0047169999998
843,1.686347874,0.0990789343433,-4.15143660256,-8.10443968843,0.143060653315,-0.00746726577238,0.0174270606704,0,0,0,0,0,0,-0.028418,0.058671999997,0.186661000001,0.008367,0.0126520000001,-0.0047169999998
844,1.688354357,0.202714995572,-3.72036171156,-8.54506232992,0.135578253839,-0.00415993580717,0.00242717754347,0,0,0,0,0,0,-0.028418,0.058671999997,0.186661000001,0.008367,0.0126520000001,-0.0047169999998
845,1.690372182,0.0937880692137,-4.06011216862,-7.96323074067,0.147678867864,-0.00855761012952,0.00656165349278,0,0,0,0,0,0,0.021582,0.0786719999961,0.246660000001,0.002367,0.00565200000003,-0.00171699999991
846,1.692365360,0.0541978282016,-4.01361487882,-8.25422058702,0.144804831596,-0.0146029530723,0.00955120096244,0,0,0,0,0,0,0.021582,0.0786719999961,0.246660000001,0.002367,0.00565200000003,-0.00171699999991
847,1.694422478,0.315098853373,-4.14703059564,-7.80519896085,0.163387840283,-0.0159427207016,0.0100958235369,0,0,0,0,0,0,0.021582,0.0786719999961,0.246660000001,0.002367,0.00565200000003,-0.00171699999991
848,1.696371434,0.403301295196,-3.92173090587,-7.78519026958,0.143127323908,-0.00699177387395,0.00631389378459,0,0,0,0,0,0,0.021582,0.0786719999961,0.246660000001,0.002367,0.00565200000003,-0.00171699999991
849,1.698373719,0.46587769995,-3.69890282186,-8.10805451736,0.139104468693,0.00895399117608,0.0132270098215,0,0,0,0,0,0,0.041582,0.0886719999988,0.0766600000014,0.005367,0.00865200000006,-0.00371699999986
850,1.700359794,-0.0502154226166,-3.97967082565,-8.18943412766,0.149955500985,-0.00669773617348,0.0153536437227,0,0,0,0,0,0,0.041582,0.0886719999988,0.0766600000014,0.005367,0.00865200000006,-0.00371699999986
851,1.702373872,-0.141209656327,-4.05888061568,-7.96634405665,0.146974932623,-0.0148733029182,-0.000884848157646,0,0,0,0,0,0,0.041582,0.0886719999988,0.0766600000014,0.005367,0.00865200000006,-0.00371699999986
852,1.704362411,-0.391424042667,-4.09141340415,-8.60897804788,0.150037683505,-0.0136812271328,0.00569279550499,0,0,0,0,0,0,0.041582,0.0886719999988,0.0766600000014,0.005367,0.00865200000006,-0.00371699999986
853,1.706378873,0.110882509328,-3.70097205961,-8.4291346477,0.131816866218,-0.00103291681067,0.0016207932587,0,0,0,0,0,0,0.091582,0.138671999998,0.126659000002,-0.003633,0.000651999999995,0.00028300000001
854,1.708363505,0.1698434452,-3.77987307292,-7.97598527642,0.143533932028,-0.0158442886252,0.00879184545014,0,0,0,0,0,0,0.091582,0.138671999998,0.126659000002,-0.003633,0.000651999999995,0.00028300000001
855,1.710368836,0.143610819717,-4.01376542022,-8.45077997575,0.141581314386,-0.00897707921516,0.00429982289637,0,0,0,0,0,0,0.091582,0.138671999998,0.126659000002,-0.003633,0.000651999999995,0.00028300000001
856,1.712365110,0.65225527116,-4.14191379059,-7.98959922204,0.161429044845,0.00266164922284,0.0204392474133,0,0,0,0,0,0,0.091582,0.138671999998,0.126659000002,-0.003633,0.000651999999995,0.00028300000001
857,1.714370271,-0.207620875182,-3.87595375705,-8.363273935,0.135632144386,-0.0159342401037,0.0100405251813,0,0,0,0,0,0,0.101582,0.138671999997,0.206659000002,-0.004633,-0.000348000000021,0.00128299999999
858,1.716369972,-0.096560036201,-3.80260540983,-8.43136931632,0.14181226058,-0.0159437398225,0.002968529504,0,0,0,0,0,0,0.101582,0.138671999997,0.206659000002,-0.004633,-0.000348000000021,0.00128299999999
859,1.718362218,-0.142904325962,-4.00654867286,-8.86941889971,0.145684716411,-0.0144828853174,0.00997369088834,0,0,0,0,0,0,0.101582,0.138671999997,0.206659000002,-0.004633,-0.000348000000021,0.00128299999999
860,1.720362320,0.257044312774,-4.26027433556,-8.09868188321,0.155805832825,0.00182326176514,0.00563268543329,0,0,0,0,0,0,0.101582,0.138671999997,0.206659000002,-0.004633,-0.000348000000021,0.00128299999999
861,1.722370706,0.126412007086,-3.87888193068,-8.12042526356,0.153011539842,-0.0157846201461,0.0144055310119,0,0,0,0,0,0,0.181582,0.178671999996,0.236660000003,-0.011633,-0.00834800000008,0.00528299999987
862,1.724358895,-0.65306330975,-3.7425254227,-8.13925064064,0.132261419524,-0.0168473282732,0.00125474088594,0,0,0,0,0,0,0.181582,0.178671999996,0.236660000003,-0.011633,-0.00834800000008,0.00528299999987
863,1.726369817,-0.242471738608,-4.25093934882,-8.05946921443,0.160419325135,-0.0158094427575,0.00883749268826,0,0,0,0,0,0,0.181582,0.178671999996,0.236660000003,-0.011633,-0.00834800000008,0.00528299999987
864,1.728362494,-0.245358337975,-4.11883083622,-8.2548305264,0.151931495743,-0.0238199867062,0.00931677165074,0,0,0,0,0,0,0.181582,0.178671999996,0.236660000003,-0.011633,-0.00834800000008,0.00528299999987
865,1.730367535,0.294337444249,-3.72762210283,-8.43666402487,0.135086147453,-0.00111287858954,-0.00278117578707,0,0,0,0,0,0,0.081582,0.138671999997,0.166660000002,0.000367,0.002652,0.000283000000042
866,1.732366474,0.0697247966241,-3.92585197355,-8.1014303392,0.149055656091,-0.00770881913322,0.00229574777844,0,0,0,0,0,0,0.081582,0.138671999997,0.166660000002,0.000367,0.002652,0.000283000000042
867,1.734367526,0.570260026216,-3.95352962487,-8.28752491179,0.151445775263,0.00181233323764,0.0167742767798,0,0,0,0,0,0,0.081582,0.138671999997,0.166660000002,0.000367,0.002652,0.000283000000042
868,1.736359212,-0.265352158456,-3.48077598513,-8.23125095753,0.127742257953,-0.0135202486869,0.0114201959623,0,0,0,0,0,0,0.081582,0.138671999997,0.166660000002,0.000367,0.002652,0.000283000000042
869,1.738361016,0.161909386934,-4.07448020402,-8.22076881996,0.148916674099,-0.000626236045214,0.00439886038823,0,0,0,0,0,0,0.081582,0.0986720000004,-0.0233399999984,0.004367,0.00565200000004,-0.00271699999991
870,1.740353544,-0.118939403822,-3.87627743997,-8.18137013667,0.144552448757,-0.0134162828423,0.0141133247444,0,0,0,0,0,0,0.081582,0.0986720000004,-0.0233399999984,0.004367,0.00565200000004,-0.00271699999991
871,1.742363794,0.482608744354,-3.97963575076,-8.5344425798,0.140142927562,0.00506618563635,0.00147339856828,0,0,0,0,0,0,0.081582,0.0986720000004,-0.0233399999984,0.004367,0.00565200000004,-0.00271699999991
872,1.744350650,0.61103791481,-3.81281863639,-8.26921068377,0.143253954703,-0.0133939322015,0.0146622858508,0,0,0,0,0,0,0.081582,0.0986720000004,-0.0233399999984,0.004367,0.00565200000004,-0.00271699999991
873,1.746359077,-0.291439754004,-4.0221507326,-8.11246427006,0.152196583675,-0.0152089860814,0.0116010260685,0,0,0,0,0,0,0.071582,0.0886720000002,-0.0133399999986,0.004367,0.00665200000006,-0.00371699999989
874,1.748357305,0.450019969655,-4.09101569288,-8.13146967126,0.143317840771,0.00839817981639,0.00877656898662,0,0,0,0,0,0,0.071582,0.0886720000002,-0.0133399999986,0.004367,0.00665200000006,-0.00371699999989
875,1.750370361,-0.408656260342,-3.83399943888,-8.17158061312,0.140672921119,-0.01880286907,0.00162338277099,0,0,0,0,0,0,0.071582,0.0886720000002,-0.0133399999986,0.004367,0.00665200000006,-0.00371699999989
876,1.752359622,-0.0972910126527,-4.25408440152,-8.34135504544,0.147961223445,-0.0116258057101,0.00329880490714,0,0,0,0,0,0,0.071582,0.0886720000002,-0.0133399999986,0.004367,0.00665200000006,-0.00371699999989
877,1.754357058,0.0422785678394,-3.85019771222,-8.47238531428,0.141202623375,-0.00302104055648,0.017222771119,0,0,0,0,0,0,0.041582,0.0686720000013,-0.0833399999989,0.008367,0.0106520000001,-0.00571699999983
878,1.756356077,-0.129305126368,-4.04691243103,-8.40694164626,0.145201912914,-0.00902426325828,-0.000253530008737,0,0,0,0,0,0,0.041582,0.0686720000013,-0.0833399999989,0.008367,0.0106520000001,-0.00571699999983
879,1.758361177,-0.188765217264,-3.65890466766,-8.27533229276,0.13776724985,-0.0200389195899,0.0111401091432,0,0,0,0,0,0,0.041582,0.0686720000013,-0.0833399999989,0.008367,0.0106520000001,-0.00571699999983
880,1.760356580,0.280235140981,-3.85155283716,-8.24242791158,0.139614313925,0.00362167170137,0.00902836539193,0,0,0,0,0,0,0.041582,0.0686720000013,-0.0833399999989,0.008367,0.0106520000001,-0.00571699999983
881,1.762362181,-0.377982712392,-4.02165624686,-8.24512631278,0.148468158421,-0.0135545530005,-0.0023730633485,0,0,0,0,0,0,0.091582,0.108672000002,-0.133338999998,0.001367,0.00565200000001,-0.00071699999991
882,1.764353646,-0.082074366307,-3.96187302382,-8.03524650184,0.136029336316,-6.79339243754e-06,0.00181248359925,0,0,0,0,0,0,0.091582,0.108672000002,-0.133338999998,0.001367,0.00565200000001,-0.00071699999991
883,1.766346865,0.212195460684,-3.97616487925,-8.25876162252,0.140368275217,-0.00422375076501,0.00531961538771,0,0,0,0,0,0,0.091582,0.108672000002,-0.133338999998,0.001367,0.00565200000001,-0.00071699999991
884,1.768362185,-0.189239282456,-3.83092408949,-8.43493839255,0.143501713575,-0.00957227222066,0.0128178481886,0,0,0,0,0,0,0.091582,0.108672000002,-0.133338999998,0.001367,0.00565200000001,-0.00071699999991
885,1.770422108,-0.315556363083,-3.81661026572,-7.9838752628,0.143926320404,-0.0305516196062,0.0107621951879,0,0,0,0,0,0,0.111582,0.0986720000004,-0.0233399999984,0.003367,0.00465200000003,-0.00171699999993
886,1.772367988,0.026810949467,-4.33529308263,-8.09550110941,0.169609349509,-0.0178854465134,0.0195501529524,0,0,0,0,0,0,0.111582,0.0986720000004,-0.0233399999984,0.003367,0.00465200000003,-0.00171699999993
887,1.774362499,-0.0114725774868,-4.22561940015,-8.29363948629,0.147847202323,-0.00134145725227,0.0147681679247,0,0,0,0,0,0,0.111582,0.0986720000004,-0.0233399999984,0.003367,0.00465200000003,-0.00171699999993
888,1.776351910,0.295701036592,-4.33099064176,-8.07447719058,0.161391275462,-0.0102162311244,0.00574162385513,0,0,0,0,0,0,0.111582,0.0986720000004,-0.0233399999984,0.003367,0.00465200000003,-0.00171699999993
889,1.778390493,0.0699245380652,-3.78383964261,-8.23389548962,0.137588153704,-0.0115644330055,0.00861407157651,0,0,0,0,0,0,0.111582,0.128671999999,0.0366590000021,0.002367,0.00365200000001,-0.000716999999942
890,1.780363213,0.11180648456,-4.11078317386,-8.54644834721,0.14674576885,-0.0125584823641,0.00707388316103,0,0,0,0,0,0,0.111582,0.128671999999,0.0366590000021,0.002367,0.00365200000001,-0.000716999999942
891,1.782358946,-0.114066141229,-3.63393671052,-8.26639614826,0.136637916584,-0.0125650636928,0.00648899354412,0,0,0,0,0,0,0.111582,0.128671999999,0.0366590000021,0.002367,0.00365200000001,-0.000716999999942
892,1.784355521,-0.0140019189294,-4.29837376823,-8.39451731386,0.154486688114,-0.00533333213122,0.0105006100908,0,0,0,0,0,0,0.111582,0.128671999999,0.0366590000021,0.002367,0.00365200000001,-0.000716999999942
893,1.786364108,0.11575693554,-3.95829824711,-7.79954249365,0.161366369064,-0.0238607749259,0.0107925459653,0,0,0,0,0,0,0.081582,0.0886719999991,0.0566600000014,0.004367,0.00565200000004,-0.00271699999991
894,1.788354601,-0.158935623069,-3.90941450899,-8.13572185333,0.147288433977,-0.0188720514856,0.0102754591395,0,0,0,0,0,0,0.081582,0.0886719999991,0.0566600000014,0.004367,0.00565200000004,-0.00271699999991
895,1.790363028,0.377192462309,-3.64153509416,-8.06928335159,0.139406582195,0.00118923717492,0.00852562356068,0,0,0,0,0,0,0.081582,0.0886719999991,0.0566600000014,0.004367,0.00565200000004,-0.00271699999991
896,1.792359342,0.106466460322,-3.85347088536,-7.92275847934,0.141424194962,-0.014254098245,0.009697473821,0,0,0,0,0,0,0.081582,0.0886719999991,0.0566600000014,0.004367,0.00565200000004,-0.00271699999991
897,1.794402163,0.25014398823,-4.30531153361,-8.1442294253,0.153763484997,0.000786775843297,0.00520655316734,0,0,0,0,0,0,0.091582,0.0986719999978,0.136660000002,0.001367,0.002652,0.000283000000042
898,1.796367740,-0.282755460241,-3.99294842667,-7.67435134296,0.150068034172,-0.0184955685,0.0110428333779,0,0,0,0,0,0,0.091582,0.0986719999978,0.136660000002,0.001367,0.002652,0.000283000000042
899,1.798362722,-0.129779990954,-3.98986102945,-8.24551183095,0.13988132607,9.05588931549e-05,0.00433961479014,0,0,0,0,0,0,0.091582,0.0986719999978,0.136660000002,0.001367,0.002652,0.000283000000042
900,1.800354948,0.101793876753,-3.70104092346,-7.89926987583,0.146016150972,-0.0153803074683,0.012728029163,0,0,0,0,0,0,0.091582,0.0986719999978,0.136660000002,0.001367,0.002652,0.000283000000042
901,1.802366641,-0.114753015701,-4.13887706351,-8.26679110249,0.153692570147,-0.0100616100287,0.00744373174751,0,0,0,0,0,0,0.081582,0.118671999999,0.0466590000019,0.002367,0.00465200000003,-0.00171699999993
902,1.804357836,0.551603845498,-4.0581797367,-7.74084732472,0.15609053241,-0.0061302825646,0.0152836202631,0,0,0,0,0,0,0.081582,0.118671999999,0.0466590000019,0.002367,0.00465200000003,-0.00171699999993
903,1.806353479,-0.429173872988,-3.88692283782,-8.24590098636,0.145621801131,-0.0265818584469,0.00395454690688,0,0,0,0,0,0,0.081582,0.118671999999,0.0466590000019,0.002367,0.00465200000003,-0.00171699999993
904,1.808361094,-0.288043242046,-4.01365140179,-8.38352325015,0.147648087575,-0.0139988258308,-1.64754659572e-05,0,0,0,0,0,0,0.081582,0.118671999999,0.0466590000019,0.002367,0.00465200000003,-0.00171699999993
905,1.810363419,0.408086293522,-3.94870988239,-8.27408564423,0.14859395356,0.0102912048731,0.00743419718753,0,0,0,0,0,0,-0.008418,0.068671999998,0.126659000001,0.009367,0.0106520000001,-0.00371699999983
906,1.812358341,0.0139286304994,-4.25592376475,-7.94785251096,0.159004171468,-0.00911944850599,0.00424508783203,0,0,0,0,0,0,-0.008418,0.068671999998,0.126659000001,0.009367,0.0106520000001,-0.00371699999983
907,1.814348934,-0.218185122861,-4.12291250082,-8.2728795667,0.144548033184,-0.00943101465646,-0.000660645922962,0,0,0,0,0,0,-0.008418,0.068671999998,0.126659000001,0.009367,0.0106520000001,-0.00371699999983
908,1.816362771,0.286647786529,-3.86428324334,-7.91090562337,0.151114199633,-0.0125380098659,0.00633150616573,0,0,0,0,0,0,-0.008418,0.068671999998,0.126659000001,0.009367,0.0106520000001,-0.00371699999983
909,1.818375686,0.0673241308354,-4.02682710906,-8.20633263672,0.164596233895,-0.0112981190351,0.0230325516262,0,0,0,0,0,0,0.051582,0.0886720000007,-0.0433409999986,0.006367,0.00865200000006,-0.00371699999986
910,1.820356692,0.172070301242,-3.29586513787,-8.25790200152,0.124239002527,0.00652139743022,0.0116260399659,0,0,0,0,0,0,0.051582,0.0886720000007,-0.0433409999986,0.006367,0.00865200000006,-0.00371699999986
911,1.822346314,-0.277480894294,-4.46844544264,-7.83060577262,0.179483147135,-0.0397570680592,0.015308976255,0,0,0,0,0,0,0.051582,0.0886720000007,-0.0433409999986,0.006367,0.00865200000006,-0.00371699999986
912,1.824369238,0.326426805046,-4.0676017965,-8.17026739847,0.151905197612,-0.00422304043923,0.0110624875221,0,0,0,0,0,0,0.051582,0.0886720000007,-0.0433409999986,0.006367,0.00865200000006,-0.00371699999986
913,1.826360963,-0.222297628053,-3.94450064587,-8.11377400063,0.147244790151,-0.0148345665596,0.00031601886577,0,0,0,0,0,0,0.051582,0.0686720000021,-0.133338999999,0.008367,0.0106520000001,-0.00471699999983
914,1.828366825,-0.358281338852,-3.79861906943,-8.2685076829,0.144096027743,-0.0195797772496,0.00907136394872,0,0,0,0,0,0,0.051582,0.0686720000021,-0.133338999999,0.008367,0.0106520000001,-0.00471699999983
915,1.830372257,-0.68676560677,-3.54304290185,-7.98897122023,0.126685535515,-0.0252669109062,0.00305419356374,0,0,0,0,0,0,0.051582,0.0686720000021,-0.133338999999,0.008367,0.0106520000001,-0.00471699999983
916,1.832361638,0.176646735545,-4.18909694959,-8.03716047828,0.148817426527,-0.00957782030868,0.0113503957825,0,0,0,0,0,0,0.051582,0.0686720000021,-0.133338999999,0.008367,0.0106520000001,-0.00471699999983
917,1.834376496,0.195488481413,-3.98133184427,-8.299566841,0.150077132304,-0.0140499409119,0.0190126737447,0,0,0,0,0,0,0.001582,0.0386719999985,0.0966610000006,0.011367,0.0116520000001,-0.00571699999981
918,1.836375205,-0.201824374709,-3.78101081016,-8.18091212685,0.140282846689,-0.012700404684,0.00573398164928,0,0,0,0,0,0,0.001582,0.0386719999985,0.0966610000006,0.011367,0.0116520000001,-0.00571699999981
919,1.838369976,0.227847790632,-3.80457068953,-8.27388536504,0.158011953196,-0.0206466366812,0.0183870565028,0,0,0,0,0,0,0.001582,0.0386719999985,0.0966610000006,0.011367,0.0116520000001,-0.00571699999981
920,1.840364327,0.143650313654,-3.84013699645,-8.33495529144,0.145780511043,-0.0135590707215,0.00666547752929,0,0,0,0,0,0,0.001582,0.0386719999985,0.0966610000006,0.011367,0.0116520000001,-0.00571699999981
921,1.842360581,0.212974806184,-3.74642872315,-8.20268591215,0.145548975079,0.000247563066266,0.00644970499903,0,0,0,0,0,0,0.041582,0.118672000002,-0.143338999998,0.006367,0.00865200000008,-0.00471699999986
922,1.844369489,0.417207219673,-4.16217574309,-8.22891581867,0.156926541461,0.00169695796595,0.0084804656108,0,0,0,0,0,0,0.041582,0.118672000002,-0.143338999998,0.006367,0.00865200000008,-0.00471699999986
923,1.846369420,-0.0665547873832,-3.67314096749,-8.17248480217,0.139522439662,-0.0108564301676,0.00329765260902,0,0,0,0,0,0,0.041582,0.118672000002,-0.143338999998,0.006367,0.00865200000008,-0.00471699999986
924,1.848359192,-0.286576603821,-3.53612735481,-8.53769295308,0.122770948924,-0.0234322826362,0.00624082584334,0,0,0,0,0,0,0.041582,0.118672000002,-0.143338999998,0.006367,0.00865200000008,-0.00471699999986
925,1.850359824,0.0321899077872,-4.17592592326,-8.94105940209,0.153180652057,-0.0100685138018,0.0135326567888,0,0,0,0,0,0,0.061582,0.128671999999,0.0566600000021,0.002367,0.00565200000004,-0.00271699999991
926,1.852361017,0.411550280798,-3.48056733874,-8.38056865652,0.137160868829,0.000917497293843,0.0123601877029,0,0,0,0,0,0,0.061582,0.128671999999,0.0566600000021,0.002367,0.00565200000004,-0.00271699999991
927,1.854363784,4.50669833338e-05,-3.63206214145,-8.60578387561,0.144459875179,-0.007434752627,0.0132820113649,0,0,0,0,0,0,0.061582,0.128671999999,0.0566600000021,0.002367,0.00565200000004,-0.00271699999991
928,1.856368343,-0.174545738568,-3.71789465368,-7.89409173064,0.151917049369,-0.0240620605045,0.0144213184417,0,0,0,0,0,0,0.061582,0.128671999999,0.0566600000021,0.002367,0.00565200000004,-0.00271699999991
929,1.858372001,-0.135830737219,-4.2910687855,-8.07230285829,0.159667546185,-0.0277217219855,0.00570556666637,0,0,0,0,0,0,0.101582,0.128671999999,0.0566600000021,0.000367,0.00565200000004,-0.00271699999991
930,1.860370479,0.0438873682913,-4.08174311059,-7.94689043149,0.155365824628,-0.0191667648948,0.0122788572009,0,0,0,0,0,0,0.101582,0.128671999999,0.0566600000021,0.000367,0.00565200000004,-0.00271699999991
931,1.862358307,-0.146815122995,-3.81962153587,-8.49837541479,0.132425325923,-0.00412390499235,0.0066952196469,0,0,0,0,0,0,0.101582,0.128671999999,0.0566600000021,0.000367,0.00565200000004,-0.00271699999991
932,1.864370010,-0.325354463806,-3.97205504167,-8.01149619045,0.15559651655,-0.0258571616368,0.00731333425064,0,0,0,0,0,0,0.101582,0.128671999999,0.0566600000021,0.000367,0.00565200000004,-0.00271699999991
933,1.866383577,-0.157995899082,-3.8450397751,-7.61037236775,0.153887519229,-0.0366726670725,0.0127083877184,0,0,0,0,0,0,0.091582,0.0986719999967,0.206659000002,-0.000633,0.00265200000001,-0.000716999999958
934,1.868367698,-0.0896252984259,-3.79175127855,-8.1635062364,0.149969136474,-0.0155652946261,0.0124382522126,0,0,0,0,0,0,0.091582,0.0986719999967,0.206659000002,-0.000633,0.00265200000001,-0.000716999999958
935,1.870367328,-0.186722919652,-4.15678419132,-8.1308882619,0.156868271556,-0.0122610053521,0.0176793079314,0,0,0,0,0,0,0.091582,0.0986719999967,0.206659000002,-0.000633,0.00265200000001,-0.000716999999958
936,1.872351690,-0.127743252839,-4.3034686176,-8.29860699571,0.153066028882,-0.0170432990372,0.0128694754428,0,0,0,0,0,0,0.091582,0.0986719999967,0.206659000002,-0.000633,0.00265200000001,-0.000716999999958
937,1.874366028,-0.206473121586,-4.00381489923,-8.46575713228,0.140522082017,-0.0132439245573,0.00521678596784,0,0,0,0,0,0,0.051582,0.0986719999959,0.256660000002,0.001367,0.00165200000001,-0.000716999999974
938,1.876366420,0.350833578592,-3.66600663254,-8.05943826674,0.142058055866,-0.00150148053189,0.00624634824926,0,0,0,0,0,0,0.051582,0.0986719999959,0.256660000002,0.001367,0.00165200000001,-0.000716999999974
939,1.878366812,-0.177814188858,-3.9357841151,-8.19224004537,0.135163699682,-0.00909113918725,0.0106465192539,0,0,0,0,0,0,0.051582,0.0986719999959,0.256660000002,0.001367,0.00165200000001,-0.000716999999974
940,1.880360130,0.0956443286757,-4.34597347068,-7.85430332947,0.1728807896,-0.0206670463432,0.0182115269219,0,0,0,0,0,0,0.051582,0.0986719999959,0.256660000002,0.001367,0.00165200000001,-0.000716999999974
941,1.882373917,0.198737373269,-4.07131473105,-8.21925465974,0.145886149434,0.00716740056881,-0.00108209922127,0,0,0,0,0,0,0.021582,0.0886719999975,0.156660000001,0.004367,0.00565200000004,-0.00271699999991
942,1.884369110,-0.220329574091,-3.945337615,-8.00356172885,0.153288312651,-0.0303976313954,0.0124118252467,0,0,0,0,0,0,0.021582,0.0886719999975,0.156660000001,0.004367,0.00565200000004,-0.00271699999991
943,1.886356116,-0.0887330806318,-3.67340594401,-8.2696102355,0.134070534259,-0.0124556918601,0.00753586225756,0,0,0,0,0,0,0.021582,0.0886719999975,0.156660000001,0.004367,0.00565200000004,-0.00271699999991
944,1.888367979,0.210398436298,-3.69870662959,-8.52149359287,0.136078449811,0.001221832382,0.00426518082385,0,0,0,0,0,0,0.021582,0.0886719999975,0.156660000001,0.004367,0.00565200000004,-0.00271699999991
945,1.890363051,0.0619371775806,-3.74790171584,-8.31626618722,0.14315934493,-0.00434763276697,0.00672313806242,0,0,0,0,0,0,0.031582,0.108672000001,-0.0833399999983,0.008367,0.0106520000001,-0.00571699999983
946,1.892360076,-0.183600634765,-3.96356087766,-8.53028551519,0.14118435123,-0.0106363235447,0.0032143104194,0,0,0,0,0,0,0.031582,0.108672000001,-0.0833399999983,0.008367,0.0106520000001,-0.00571699999983
947,1.894409821,0.0341464818547,-4.0884260842,-8.17084287134,0.154152791324,-0.0100473791037,0.009542430849,0,0,0,0,0,0,0.031582,0.108672000001,-0.0833399999983,0.008367,0.0106520000001,-0.00571699999983
948,1.896374826,0.0359613251433,-3.94635178472,-8.37016571153,0.142955314025,-0.00553567431656,0.00939913507531,0,0,0,0,0,0,0.031582,0.108672000001,-0.0833399999983,0.008367,0.0106520000001,-0.00571699999983
949,1.898371982,-0.0586541776723,-4.40878100537,-8.19758042181,0.171524849733,-0.0220883599134,0.00919409053974,0,0,0,0,0,0,0.021582,0.0786720000013,-0.0833399999987,0.008367,0.0116520000001,-0.00471699999981
950,1.900380850,-0.213556356755,-3.96431132491,-8.45583829338,0.145825480776,-0.0198437113026,0.00934321980278,0,0,0,0,0,0,0.021582,0.0786720000013,-0.0833399999987,0.008367,0.0116520000001,-0.00471699999981
951,1.902355433,0.0217092643784,-3.69349157252,-8.26956653384,0.140486991013,-0.0148117964579,0.00715592375842,0,0,0,0,0,0,0.021582,0.0786720000013,-0.0833399999987,0.008367,0.0116520000001,-0.00471699999981
952,1.904358430,-0.0791190419705,-3.96134346269,-8.31365837944,0.136100470093,-0.00303183572951,0.00298130065622,0,0,0,0,0,0,0.021582,0.0786720000013,-0.0833399999987,0.008367,0.0116520000001,-0.00471699999981
953,1.906353362,-0.361979842275,-4.31190644571,-8.20207950424,0.162389668285,-0.0258199281588,0.0172602955496,0,0,0,0,0,0,0.031582,0.0786720000026,-0.163339999999,0.007367,0.00965200000006,-0.00371699999985
954,1.908361077,0.111424211007,-4.01989329359,-8.28464190565,0.145127947386,-0.000923111758353,0.00087479345192,0,0,0,0,0,0,0.031582,0.0786720000026,-0.163339999999,0.007367,0.00965200000006,-0.00371699999985
955,1.910347854,-0.274177642524,-3.77242187464,-8.00926961363,0.143063327213,-0.0251262477477,0.00298503808532,0,0,0,0,0,0,0.031582,0.0786720000026,-0.163339999999,0.007367,0.00965200000006,-0.00371699999985
956,1.912368283,0.151751903011,-4.02309344173,-8.15070590201,0.159539161097,-0.020563287025,0.0183295083423,0,0,0,0,0,0,0.031582,0.0786720000026,-0.163339999999,0.007367,0.00965200000006,-0.00371699999985
957,1.914360589,-0.19912695073,-3.91459589659,-8.34186167128,0.159142080547,-0.0312751113932,0.0156564844903,0,0,0,0,0,0,0.011582,0.0786719999999,0.00666000000126,0.008367,0.00965200000006,-0.00371699999985
958,1.916369737,-0.377568484042,-3.97336623118,-8.39316395321,0.137402567899,-0.0075164371522,0.00586773139331,0,0,0,0,0,0,0.011582,0.0786719999999,0.00666000000126,0.008367,0.00965200000006,-0.00371699999985
959,1.918375970,-0.197392370595,-3.82812401442,-7.9562640905,0.146254102325,-0.0229231994372,0.0135349874015,0,0,0,0,0,0,0.011582,0.0786719999999,0.00666000000126,0.008367,0.00965200000006,-0.00371699999985
960,1.920367996,0.390456426884,-4.22287641972,-7.95427139366,0.164354717371,-0.0181416256988,0.0058328661078,0,0,0,0,0,0,0.011582,0.0786719999999,0.00666000000126,0.008367,0.00965200000006,-0.00371699999985
961,1.922370201,0.0140634537145,-4.3366757078,-8.13766398479,0.168616376986,-0.0183853273208,0.010725492065,0,0,0,0,0,0,-0.028418,0.0586720000001,-0.00333999999906,0.012367,0.0146520000001,-0.00671699999977
962,1.924363019,-0.271417113451,-4.1831640985,-7.94168247507,0.161036766397,-0.0242775666463,0.00537464617416,0,0,0,0,0,0,-0.028418,0.0586720000001,-0.00333999999906,0.012367,0.0146520000001,-0.00671699999977
963,1.926356548,0.287428268235,-3.99245904228,-7.90551156132,0.164088012944,-0.0149516337094,0.0217690645263,0,0,0,0,0,0,-0.028418,0.0586720000001,-0.00333999999906,0.012367,0.0146520000001,-0.00671699999977
964,1.928351480,-0.101628567977,-4.19063764569,-8.13636572405,0.159272868975,-0.0183403857652,0.0178631556678,0,0,0,0,0,0,-0.028418,0.0586720000001,-0.00333999999906,0.012367,0.0146520000001,-0.00671699999977
965,1.930355909,-0.364527775697,-3.93237147141,-8.27468788624,0.148552019081,-0.0266281137397,-1.02661765252e-05,0,0,0,0,0,0,-0.028418,0.0586719999991,0.0566600000009,0.012367,0.0156520000001,-0.00571699999975
966,1.932359858,0.171841197767,-3.56359046708,-8.03151647241,0.130053482226,-0.00032597800759,0.00416757110534,0,0,0,0,0,0,-0.028418,0.0586719999991,0.0566600000009,0.012367,0.0156520000001,-0.00571699999975
967,1.934355050,0.475643250411,-4.00071436567,-8.73225687467,0.144747158888,0.00634523845713,0.00439606359401,0,0,0,0,0,0,-0.028418,0.0586719999991,0.0566600000009,0.012367,0.0156520000001,-0.00571699999975
968,1.936349420,-0.118878138116,-3.86091882841,-8.24220561387,0.135796536789,-0.0175226183785,-0.00592447263368,0,0,0,0,0,0,-0.028418,0.0586719999991,0.0566600000009,0.012367,0.0156520000001,-0.00571699999975
969,1.938350022,0.0371094421433,-3.61860496741,-8.47196313305,0.145149594621,-0.0139425428808,0.0107925074391,0,0,0,0,0,0,0.041582,0.078672000001,-0.0633389999987,0.009367,0.0106520000001,-0.00471699999983
970,1.940352087,0.0693933180544,-3.76166342287,-8.48680498046,0.141929809803,-0.0174914711662,0.00247685042633,0,0,0,0,0,0,0.041582,0.078672000001,-0.0633389999987,0.009367,0.0106520000001,-0.00471699999983
971,1.942356556,0.340579677592,-3.8190664131,-8.05041851731,0.142624339686,-0.00792738407203,0.00982430446696,0,0,0,0,0,0,0.041582,0.078672000001,-0.0633389999987,0.009367,0.0106520000001,-0.00471699999983
972,1.944352069,0.0295947506967,-3.77942210444,-8.30445495671,0.140848366928,-0.00949638439556,0.00377135558943,0,0,0,0,0,0,0.041582,0.078672000001,-0.0633389999987,0.009367,0.0106520000001,-0.00471699999983
973,1.946354124,-0.181065154671,-3.90346067675,-8.01188209953,0.144378068818,-0.0130021544552,0.0096398799584,0,0,0,0,0,0,0.051582,0.0986719999993,0.0466590000016,0.007367,0.00865200000006,-0.00371699999986
974,1.948349466,0.352490949918,-4.15326633772,-8.62521803537,0.157363514353,0.0104579576864,0.00175290526424,0,0,0,0,0,0,0.051582,0.0986719999993,0.0466590000016,0.007367,0.00865200000006,-0.00371699999986
975,1.950351471,-0.173354804573,-3.78307738257,-8.05458490985,0.146173716578,-0.0134299697783,0.00879195762554,0,0,0,0,0,0,0.051582,0.0986719999993,0.0466590000016,0.007367,0.00865200000006,-0.00371699999986
976,1.952356231,-0.0414163820919,-3.5689382769,-8.38244923817,0.130809333327,-0.00765781900168,0.00714102063142,0,0,0,0,0,0,0.051582,0.0986719999993,0.0466590000016,0.007367,0.00865200000006,-0.00371699999986
977,1.954367774,-0.327443898136,-4.23737947337,-8.10746060388,0.158718375068,-0.0230385928608,0.0188483517054,0,0,0,0,0,0,0.051582,0.0886719999991,0.0566600000014,0.005367,0.00665200000006,-0.00371699999989
978,1.956357696,0.152329013297,-4.1925647664,-7.96911661779,0.153958759032,-0.01771552974,0.00788986310093,0,0,0,0,0,0,0.051582,0.0886719999991,0.0566600000014,0.005367,0.00665200000006,-0.00371699999989
979,1.958363518,-0.174000628286,-3.57752882133,-8.36131529396,0.138044736701,-0.0109544459669,0.00485451316971,0,0,0,0,0,0,0.051582,0.0886719999991,0.0566600000014,0.005367,0.00665200000006,-0.00371699999989
980,1.960356556,0.551304291972,-3.6308121247,-8.17517759147,0.130192216369,6.59057965204e-05,0.00834119703578,0,0,0,0,0,0,0.051582,0.0886719999991,0.0566600000014,0.005367,0.00665200000006,-0.00371699999989
981,1.962368460,-0.286628214208,-3.64815450388,-8.10380573029,0.131844179909,-0.014014932581,0.000216093428293,0,0,0,0,0,0,0.111582,0.118672000002,-0.103339999998,0.002367,0.00565200000004,-0.00271699999991
982,1.964361057,-0.143060382745,-3.7023396579,-8.47267299883,0.137243799829,-0.00600489907093,0.0154806281845,0,0,0,0,0,0,0.111582,0.118672000002,-0.103339999998,0.002367,0.00565200000004,-0.00271699999991
983,1.966358804,0.0609549031827,-4.12347688003,-8.12146687134,0.157259820423,-0.0278066673386,0.0126051049366,0,0,0,0,0,0,0.111582,0.118672000002,-0.103339999998,0.002367,0.00565200000004,-0.00271699999991
984,1.968380706,-0.354824046067,-4.02365326395,-8.14737812316,0.163854514613,-0.0246672763255,0.0136022847232,0,0,0,0,0,0,0.111582,0.118672000002,-0.103339999998,0.002367,0.00565200000004,-0.00271699999991
985,1.970418337,0.0426605787584,-3.72714577604,-8.4229513712,0.134903275734,-0.000519137173506,0.00368778115847,0,0,0,0,0,0,0.051582,0.138672000001,-0.0633389999978,0.004367,0.00665200000004,-0.00271699999989
986,1.972353697,-0.0240106740974,-4.00954643719,-8.03229222802,0.155235232616,-0.0212731872893,0.00718923154849,0,0,0,0,0,0,0.051582,0.138672000001,-0.0633389999978,0.004367,0.00665200000004,-0.00271699999989
987,1.974345954,-0.0753042619202,-4.05847210806,-8.66029022482,0.147562227991,-0.00647866322994,0.00223580550521,0,0,0,0,0,0,0.051582,0.138672000001,-0.0633389999978,0.004367,0.00665200000004,-0.00271699999989
988,1.976348610,-0.418576135578,-3.88214419613,-8.55187568987,0.143665251425,-0.0244388597451,0.00647196118676,0,0,0,0,0,0,0.051582,0.138672000001,-0.0633389999978,0.004367,0.00665200000004,-0.00271699999989
989,1.978375992,0.172013375617,-3.8459659529,-8.52527858387,0.142128256568,-0.00404648756458,0.00341434423646,0,0,0,0,0,0,0.071582,0.128671999999,0.0866600000021,-0.001633,0.002652,0.000283000000042
990,1.980367918,-0.490788871605,-3.58975356387,-8.32932369616,0.134542120181,-0.0327432396668,0.0147804975721,0,0,0,0,0,0,0.071582,0.128671999999,0.0866600000021,-0.001633,0.002652,0.000283000000042
991,1.982355125,0.282378574215,-3.97541723157,-8.42385569759,0.139240173207,0.00717098194017,0.00361866357099,0,0,0,0,0,0,0.071582,0.128671999999,0.0866600000021,-0.001633,0.002652,0.000283000000042
992,1.984353884,0.256122231733,-3.92879226085,-8.56116962846,0.140265619684,-0.000216599909877,0.01422613808,0,0,0,0,0,0,0.071582,0.128671999999,0.0866600000021,-0.001633,0.002652,0.000283000000042
993,1.986371338,-0.107588227608,-4.12450678228,-8.15627110799,0.158802602947,-0.0244162088118,0.00849845706396,0,0,0,0,0,0,0.111582,0.118672000002,-0.103339999998,0.001367,0.00265200000001,-0.000716999999958
994,1.988361350,-0.0802292124972,-3.86780654516,-8.17715431491,0.152453586606,-0.0194750155851,0.00660250444468,0,0,0,0,0,0,0.111582,0.118672000002,-0.103339999998,0.001367,0.00265200000001,-0.000716999999958
995,1.990354358,-0.0854988154613,-3.65576748387,-8.51930375962,0.127818200654,-0.00883404687632,-0.00852349679665,0,0,0,0,0,0,0.111582,0.118672000002,-0.103339999998,0.001367,0.00265200000001,-0.000716999999958
996,1.992347085,-0.160553933118,-3.66080822567,-8.3990120542,0.139750810412,-0.0196415226584,0.000769954903826,0,0,0,0,0,0,0.111582,0.118672000002,-0.103339999998,0.001367,0.00265200000001,-0.000716999999958
997,1.994360892,0.136459273531,-4.42910595941,-8.29244541732,0.169599901836,-0.0100354063963,0.014542929691,0,0,0,0,0,0,0.101582,0.148671999997,0.156660000002,-0.000633,0.000651999999995,0.00028300000001
998,1.996401820,0.388635636566,-3.77920626513,-8.42887959912,0.142606831406,-0.00148688002029,0.00176883932689,0,0,0,0,0,0,0.101582,0.148671999997,0.156660000002,-0.000633,0.000651999999995,0.00028300000001
999,1.998361365,0.114669763939,-4.13839444379,-8.46706307521,0.150304656364,0.000175009912231,0.0038247901992,0,0,0,0,0,0,0.101582,0.148671999997,0.156660000002,-0.000633,0.000651999999995,0.00028300000001
1000,2.000353572,-0.100510587814,-3.82348548346,-8.27644628584,0.140460048354,-0.012815394103,0.00357807889776,0,0,0,0,0,0,0.101582,0.148671999997,0.156660000002,-0.000633,0.000651999999995,0.00028300000001
1001,2.002378159,-1.01443848771,-4.03601416232,-8.76084827167,0.147364475431,-0.0309594159828,0.00916236609261,0,0,0,0,0,0,0.051582,0.128672000001,-0.0833399999979,0.006367,0.00765200000006,-0.00371699999988
1002,2.004361539,0.514632613408,-3.84898009267,-8.25017000401,0.150146228456,-0.00667932750625,0.0113812300901,0,0,0,0,0,0,0.051582,0.128672000001,-0.0833399999979,0.006367,0.00765200000006,-0.00371699999988
1003,2.006353655,-0.283980639112,-4.07417723452,-8.05673119346,0.163793575325,-0.0254541607173,0.00745877066448,0,0,0,0,0,0,0.051582,0.128672000001,-0.0833399999979,0.006367,0.00765200000006,-0.00371699999988
1004,2.008351883,-0.474020483026,-3.68548616695,-8.38880126256,0.144868705264,-0.0240238090165,0.00865751953474,0,0,0,0,0,0,0.051582,0.128672000001,-0.0833399999979,0.006367,0.00765200000006,-0.00371699999988
1005,2.010360430,-0.172141960548,-3.91061147256,-8.41755329586,0.148048443537,-0.0126517521194,-0.00136419110421,0,0,0,0,0,0,0.071582,0.118671999998,0.0966610000019,0.001367,0.00365200000003,-0.00171699999994
1006,2.012352276,-0.539454756243,-3.80191948052,-8.07251498359,0.15513961236,-0.0392983193928,0.021631540157,0,0,0,0,0,0,0.071582,0.118671999998,0.0966610000019,0.001367,0.00365200000003,-0.00171699999994
1007,2.014346747,-0.27823652338,-3.97683149062,-8.32300430675,0.153431437242,-0.0155828120117,0.0123164417482,0,0,0,0,0,0,0.071582,0.118671999998,0.0966610000019,0.001367,0.00365200000003,-0.00171699999994
1008,2.016366094,-0.0770641894825,-3.91501186573,-8.41505872517,0.142374842325,-0.0103094092879,-0.00167983502056,0,0,0,0,0,0,0.071582,0.118671999998,0.0966610000019,0.001367,0.00365200000003,-0.00171699999994
1009,2.018364773,0.235354691049,-3.75938602961,-8.00105419172,0.154074091778,-0.0297726359263,0.0114999509405,0,0,0,0,0,0,0.011582,0.0886719999956,0.276661000001,0.004367,0.00565200000004,-0.00271699999991
1010,2.020386644,-0.911267458704,-4.31918206869,-8.09480291314,0.162358097217,-0.0444430557447,0.0105611780742,0,0,0,0,0,0,0.011582,0.0886719999956,0.276661000001,0.004367,0.00565200000004,-0.00271699999991
1011,2.022350738,-0.0590494052363,-3.5879695856,-8.22828240011,0.129403896959,-0.007694748015,0.0119765735551,0,0,0,0,0,0,0.011582,0.0886719999956,0.276661000001,0.004367,0.00565200000004,-0.00271699999991
1012,2.024364134,-0.197518533126,-4.06802088421,-8.32169041388,0.15536266206,-0.00597106123082,0.0134478235681,0,0,0,0,0,0,0.011582,0.0886719999956,0.276661000001,0.004367,0.00565200000004,-0.00271699999991
1013,2.026357012,-0.180988638783,-4.12556619248,-8.09607225663,0.146417917672,-0.00365524797711,0.00333254938706,0,0,0,0,0,0,0.101582,0.108671999997,0.206659000002,-0.002633,-0.00134800000002,0.00128299999998
1014,2.028350020,-0.117439724209,-3.85627314466,-7.99629546002,0.148378307033,-0.022654919948,0.00915302305942,0,0,0,0,0,0,0.101582,0.108671999997,0.206659000002,-0.002633,-0.00134800000002,0.00128299999998
1015,2.030347005,0.267032875339,-3.76716468407,-7.94293476909,0.141172259966,-0.0160652240998,0.00956911715295,0,0,0,0,0,0,0.101582,0.108671999997,0.206659000002,-0.002633,-0.00134800000002,0.00128299999998
1016,2.032346916,-0.162634096471,-4.16788835751,-8.4118676059,0.146784256143,-0.00886063677454,0.0102724401423,0,0,0,0,0,0,0.101582,0.108671999997,0.206659000002,-0.002633,-0.00134800000002,0.00128299999998
1017,2.034358880,-0.353943840684,-3.84118182274,-8.54252560851,0.137435517235,-0.0119877564608,0.00324688258783,0,0,0,0,0,0,0.091582,0.0886719999997,0.0166610000014,0.002367,0.00265200000001,-0.000716999999958
1018,2.036350175,0.318448616963,-4.45708281458,-8.25861650254,0.158109772229,-0.00967805319417,0.0015372801864,0,0,0,0,0,0,0.091582,0.0886719999997,0.0166610000014,0.002367,0.00265200000001,-0.000716999999958
1019,2.038346128,-0.156170558154,-4.16789971739,-8.31789620795,0.154724444902,-0.00620711419473,0.0055204972968,0,0,0,0,0,0,0.091582,0.0886719999997,0.0166610000014,0.002367,0.00265200000001,-0.000716999999958
1020,2.040345578,-0.492127845605,-3.95604139201,-8.38662725779,0.139710409021,-0.02894679521,0.00344561721301,0,0,0,0,0,0,0.091582,0.0886719999997,0.0166610000014,0.002367,0.00265200000001,-0.000716999999958
1021,2.042359736,-0.246846950193,-3.92788196724,-8.71050652867,0.139694906943,-0.0182489306454,0.010692916546,0,0,0,0,0,0,0.101582,0.0786719999999,0.00666000000126,0.003367,0.00565200000003,-0.00171699999991
1022,2.044347233,-0.369070749448,-3.75230709257,-8.93320121916,0.134941825674,-0.0251657744027,0.0108814691168,0,0,0,0,0,0,0.101582,0.0786719999999,0.00666000000126,0.003367,0.00565200000003,-0.00171699999991
1023,2.046347485,0.328812379237,-3.79607608846,-8.34245268672,0.14894560532,-0.00621899957874,0.0106433946275,0,0,0,0,0,0,0.101582,0.0786719999999,0.00666000000126,0.003367,0.00565200000003,-0.00171699999991
1024,2.048349700,0.193330225869,-3.83223415737,-8.286140897,0.138275341347,-0.00371662497808,0.00501886552293,0,0,0,0,0,0,0.101582,0.0786719999999,0.00666000000126,0.003367,0.00565200000003,-0.00171699999991
1025,2.050384967,-0.356156282649,-4.16115621924,-8.56541233754,0.150664700644,-0.0187260619531,0.00373453240362,0,0,0,0,0,0,0.061582,0.0686719999969,0.196661000001,0.001367,0.00565200000003,-0.00171699999991
1026,2.052377725,0.336517252062,-4.01970012937,-8.26826832369,0.159420534562,-0.0189928934633,0.0128919678153,0,0,0,0,0,0,0.061582,0.0686719999969,0.196661000001,0.001367,0.00565200000003,-0.00171699999991
1027,2.054367567,-0.271820578487,-4.18771536989,-8.09138675915,0.167933077448,-0.0199124360029,0.0100193438984,0,0,0,0,0,0,0.061582,0.0686719999969,0.196661000001,0.001367,0.00565200000003,-0.00171699999991
1028,2.056363961,-0.148857459692,-3.53129047797,-8.91686014977,0.121201447876,-0.00644670246263,-0.0078078568727,0,0,0,0,0,0,0.061582,0.0686719999969,0.196661000001,0.001367,0.00565200000003,-0.00171699999991
1029,2.058377798,-0.0852183410013,-3.56563903055,-8.43165883854,0.137618903452,-0.0183378848471,0.0079663314252,0,0,0,0,0,0,0.021582,0.0586719999997,0.0166610000009,0.008367,0.00965200000006,-0.00371699999985
1030,2.060384011,0.263661149246,-3.77947037582,-8.1521151837,0.153038709083,-0.0279485623043,0.011559687172,0,0,0,0,0,0,0.021582,0.0586719999997,0.0166610000009,0.008367,0.00965200000006,-0.00371699999985
1031,2.062363914,0.410978092244,-3.93130553582,-8.11989977784,0.172572964517,-0.0228820999728,0.0169555347894,0,0,0,0,0,0,0.021582,0.0586719999997,0.0166610000009,0.008367,0.00965200000006,-0.00371699999985
1032,2.064358535,0.134700841999,-3.79292678469,-8.38276505753,0.15317600387,-0.0228552285205,0.0190189390663,0,0,0,0,0,0,0.021582,0.0586719999997,0.0166610000009,0.008367,0.00965200000006,-0.00371699999985
1033,2.066378063,0.210799707042,-4.16456748043,-8.43004924523,0.168813614696,-0.0102293694675,0.0153080632012,0,0,0,0,0,0,0.091582,0.118671999999,0.0666600000019,-0.001633,0.003652,0.000283000000058
1034,2.068366593,-0.0621835046794,-3.7212884068,-8.75468190958,0.136255223457,-0.00733233613186,0.0106741464113,0,0,0,0,0,0,0.091582,0.118671999999,0.0666600000019,-0.001633,0.003652,0.000283000000058
1035,2.070348119,-0.137047938917,-3.94021209811,-8.8414152693,0.151731552931,-0.00788267126034,0.00255673507941,0,0,0,0,0,0,0.091582,0.118671999999,0.0666600000019,-0.001633,0.003652,0.000283000000058
1036,2.072347699,-0.0433518084446,-4.10026135431,-8.71908941293,0.143922857142,-0.0106158387831,0.011426554021,0,0,0,0,0,0,0.091582,0.118671999999,0.0666600000019,-0.001633,0.003652,0.000283000000058
1037,2.074362969,-0.0835848778187,-3.75520497398,-8.52843629609,0.133105855125,-0.0109923096162,0.00799477286322,0,0,0,0,0,0,0.031582,0.0486719999994,0.0366590000008,0.008367,0.0106520000001,-0.00471699999983
1038,2.076352660,-0.00134410191068,-3.59789153492,-8.5093592822,0.133611331565,-0.024773200366,0.00543324861571,0,0,0,0,0,0,0.031582,0.0486719999994,0.0366590000008,0.008367,0.0106520000001,-0.00471699999983
1039,2.078362279,0.190328146036,-3.92012914538,-8.24195152016,0.154463420889,-0.0186384936033,0.01507797401,0,0,0,0,0,0,0.031582,0.0486719999994,0.0366590000008,0.008367,0.0106520000001,-0.00471699999983
1040,2.080345820,-0.0983053772051,-3.78617689113,-8.29411078062,0.152273073954,-0.0269392724734,0.00249538605605,0,0,0,0,0,0,0.031582,0.0486719999994,0.0366590000008,0.008367,0.0106520000001,-0.00471699999983
1041,2.082353615,-0.117581480347,-3.89010149847,-8.62615937443,0.144048005448,-0.0289315472783,0.0110333123391,0,0,0,0,0,0,0.031582,0.088672000002,-0.123340999999,0.008367,0.0126520000001,-0.0057169999998
1042,2.084355320,0.202406524946,-4.01126618476,-8.27239327806,0.152634261177,-0.0161040801449,0.0139286094089,0,0,0,0,0,0,0.031582,0.088672000002,-0.123340999999,0.008367,0.0126520000001,-0.0057169999998
1043,2.086350131,0.179045959191,-4.01024523861,-8.35789972008,0.158644737851,-0.0131702885408,0.00555576595787,0,0,0,0,0,0,0.031582,0.088672000002,-0.123340999999,0.008367,0.0126520000001,-0.0057169999998
1044,2.088356414,0.165738811845,-4.0503897749,-8.2813444212,0.159486568986,-0.0129674713183,0.0145388674602,0,0,0,0,0,0,0.031582,0.088672000002,-0.123340999999,0.008367,0.0126520000001,-0.0057169999998
1045,2.090355113,0.09164377656,-3.38088652927,-8.71283565161,0.112167919361,0.00641093370678,-0.0074849493841,0,0,0,0,0,0,0.091582,0.148671999999,0.0666600000024,0.000367,0.00465200000003,-0.00171699999993
1046,2.092349353,0.018847695232,-3.62128397732,-8.51599928806,0.134797135864,-0.0199459016393,0.00706867533234,0,0,0,0,0,0,0.091582,0.148671999999,0.0666600000024,0.000367,0.00465200000003,-0.00171699999993
1047,2.094355856,0.0644830748988,-4.05026517953,-8.0157309074,0.159244446449,-0.0288292897762,0.0117101104743,0,0,0,0,0,0,0.091582,0.148671999999,0.0666600000024,0.000367,0.00465200000003,-0.00171699999993
1048,2.096393708,-0.543034156144,-3.7525305578,-8.07181573032,0.145179840319,-0.0395271298814,0.00204282779477,0,0,0,0,0,0,0.091582,0.148671999999,0.0666600000024,0.000367,0.00465200000003,-0.00171699999993
1049,2.098362761,0.582839638283,-4.0214828518,-8.24586829233,0.156110280952,-0.00650668021346,0.0188257356564,0,0,0,0,0,0,0.071582,0.118671999997,0.196661000002,0.000367,0.00365200000003,-0.00171699999994
1050,2.100352653,0.213769378451,-4.00917916674,-8.22163283034,0.16456692871,-0.0227749607508,0.0242215790779,0,0,0,0,0,0,0.071582,0.118671999997,0.196661000002,0.000367,0.00365200000003,-0.00171699999994
1051,2.102349709,0.0145321947157,-4.07608033235,-8.00040615787,0.146844006182,-0.0154031401081,0.00447448744028,0,0,0,0,0,0,0.071582,0.118671999997,0.196661000002,0.000367,0.00365200000003,-0.00171699999994
1052,2.104352785,-0.31577012496,-4.04653324819,-8.07141413957,0.146702401251,-0.0223496974503,0.00816647804151,0,0,0,0,0,0,0.071582,0.118671999997,0.196661000002,0.000367,0.00365200000003,-0.00171699999994
1053,2.106362104,-0.48836394753,-4.43717079339,-8.18046843416,0.158991741182,-0.0135099467145,0.00662722894887,0,0,0,0,0,0,0.051582,0.0886719999993,0.0466590000014,0.004367,0.00565200000004,-0.00271699999991
1054,2.108359420,-0.441461264564,-4.09355479398,-8.40103930926,0.139083272792,-0.0171308112227,0.00176427975648,0,0,0,0,0,0,0.051582,0.0886719999993,0.0466590000014,0.004367,0.00565200000004,-0.00271699999991
1055,2.110346788,-0.153071184072,-4.03818635774,-7.96103206504,0.144956548856,-0.0174731491667,0.0112809713905,0,0,0,0,0,0,0.051582,0.0886719999993,0.0466590000014,0.004367,0.00565200000004,-0.00271699999991
1056,2.112356006,-0.616027857577,-3.99786754957,-7.90685213441,0.156067385084,-0.0333126021078,0.0127142693059,0,0,0,0,0,0,0.051582,0.0886719999993,0.0466590000014,0.004367,0.00565200000004,-0.00271699999991
1057,2.114364693,0.0792468143831,-4.24413669381,-7.65524921147,0.158843977781,-0.0122332374009,0.0167827602675,0,0,0,0,0,0,0.071582,0.118672000002,-0.123340999998,0.007367,0.00965200000008,-0.00471699999985
1058,2.116353874,0.116847346585,-4.36656698734,-7.8062540083,0.161328241764,-0.0198295119669,0.00842057926369,0,0,0,0,0,0,0.071582,0.118672000002,-0.123340999998,0.007367,0.00965200000008,-0.00471699999985
1059,2.118364746,-0.00902976384017,-3.6991481081,-8.18499598092,0.141127708569,-0.0166728943417,0.0111729929971,0,0,0,0,0,0,0.071582,0.118672000002,-0.123340999998,0.007367,0.00965200000008,-0.00471699999985
1060,2.120391677,-0.259618433855,-3.39270470203,-8.38876957546,0.129469747096,-0.018131973349,0.0157276186565,0,0,0,0,0,0,0.071582,0.118672000002,-0.123340999998,0.007367,0.00965200000008,-0.00471699999985
1061,2.122366541,-0.79908642944,-3.74174405122,-8.3224051599,0.137956751503,-0.0263370875696,0.0164534910676,0,0,0,0,0,0,0.091582,0.128672000002,-0.123340999998,0.005367,0.00765200000006,-0.00371699999988
1062,2.124379406,0.38154080386,-3.97065336091,-7.67279533642,0.155577370302,-0.0131002627056,0.00938589363424,0,0,0,0,0,0,0.091582,0.128672000002,-0.123340999998,0.005367,0.00765200000006,-0.00371699999988
1063,2.126358297,-0.13258221889,-4.06987534524,-7.8615703416,0.158643294866,-0.0265834945517,0.004506624719,0,0,0,0,0,0,0.091582,0.128672000002,-0.123340999998,0.005367,0.00765200000006,-0.00371699999988
1064,2.128348190,-0.276473345591,-4.13391750387,-8.03263313164,0.164251397079,-0.0268863349189,0.0155212607963,0,0,0,0,0,0,0.091582,0.128672000002,-0.123340999998,0.005367,0.00765200000006,-0.00371699999988
1065,2.130367837,-0.353014502918,-3.70666909428,-8.45567879927,0.128905982584,-0.0156081876465,-0.000352214260297,0,0,0,0,0,0,0.021582,0.0986719999975,0.156660000002,0.004367,0.00565200000003,-0.00171699999991
1066,2.132368219,0.208139375843,-4.02217750489,-7.85257747555,0.162030615455,-0.0113851770691,0.0104664300314,0,0,0,0,0,0,0.021582,0.0986719999975,0.156660000002,0.004367,0.00565200000003,-0.00171699999991
1067,2.134363301,0.0513043453673,-4.19730195929,-7.76714316986,0.160262066178,-0.02828563463,0.0146773318786,0,0,0,0,0,0,0.021582,0.0986719999975,0.156660000002,0.004367,0.00565200000003,-0.00171699999991
1068,2.136361930,-0.022260320239,-3.9376813896,-8.63956683158,0.14986705899,-0.00146988265918,0.010885658389,0,0,0,0,0,0,0.021582,0.0986719999975,0.156660000002,0.004367,0.00565200000003,-0.00171699999991
1069,2.138378592,0.549204839325,-3.67203000706,-8.57771722808,0.139952037251,-0.00356032858992,0.0131460279538,0,0,0,0,0,0,0.041582,0.118671999999,0.0766600000019,0.003367,0.00665200000003,-0.00171699999989
1070,2.140352294,0.206094218113,-3.74063259842,-8.45015211646,0.136086651241,-0.00283628017575,0.00866356027432,0,0,0,0,0,0,0.041582,0.118671999999,0.0766600000019,0.003367,0.00665200000003,-0.00171699999989
1071,2.142343899,-0.526765354839,-3.84914271391,-8.58436916102,0.149104366139,-0.0225845134753,0.00923288631808,0,0,0,0,0,0,0.041582,0.118671999999,0.0766600000019,0.003367,0.00665200000003,-0.00171699999989
1072,2.144364128,0.673575191102,-3.58409829408,-8.78211054731,0.128382168266,0.00583917394345,0.00123964113153,0,0,0,0,0,0,0.041582,0.118671999999,0.0766600000019,0.003367,0.00665200000003,-0.00171699999989
1073,2.146369920,0.683248498729,-4.24586239089,-7.84624065919,0.164423069098,-0.00947452579592,0.0230896788453,0,0,0,0,0,0,0.051582,0.0586719999965,0.216660000001,0.002367,0.00465200000003,-0.00171699999993
1074,2.148339094,-0.0382654268961,-3.71635417831,-8.28121157395,0.142683136346,-0.00726046229132,0.00324328130308,0,0,0,0,0,0,0.051582,0.0586719999965,0.216660000001,0.002367,0.00465200000003,-0.00171699999993
1075,2.150339345,-0.0711736173465,-4.14462977519,-8.22758016279,0.164340283237,-0.0261388543296,0.00586251360568,0,0,0,0,0,0,0.051582,0.0586719999965,0.216660000001,0.002367,0.00465200000003,-0.00171699999993
1076,2.152344045,-0.0437120064622,-3.74301111937,-8.01759017702,0.157564750675,-0.0226933308853,0.00747427816958,0,0,0,0,0,0,0.051582,0.0586719999965,0.216660000001,0.002367,0.00465200000003,-0.00171699999993
1077,2.154353604,-0.0473348291203,-3.64911756439,-8.23821570741,0.144559128672,-0.0207422471899,0.00487100929228,0,0,0,0,0,0,0.021582,0.0486719999969,0.196661000001,0.004367,0.00665200000004,-0.00271699999989
1078,2.156353004,-0.0695795274987,-3.85238732841,-8.28610252643,0.144394840402,-0.0117114040649,0.0123562318441,0,0,0,0,0,0,0.021582,0.0486719999969,0.196661000001,0.004367,0.00665200000004,-0.00271699999989
1079,2.158342735,0.163367290817,-4.06651664356,-8.49446873146,0.148072299414,-0.0112789074066,0.0115547576954,0,0,0,0,0,0,0.021582,0.0486719999969,0.196661000001,0.004367,0.00665200000004,-0.00271699999989
1080,2.160353777,0.0408628518979,-3.78264653281,-8.48618589472,0.142193393273,-0.012453583657,0.00104484715598,0,0,0,0,0,0,0.021582,0.0486719999969,0.196661000001,0.004367,0.00665200000004,-0.00271699999989
1081,2.162355321,0.425035359897,-3.78748810442,-8.39309912799,0.148131539866,-0.0122891182898,0.00316542918918,0,0,0,0,0,0,0.021582,0.0286719999943,0.356661,0.006367,0.00665200000006,-0.00371699999989
1082,2.164352858,-0.136043403883,-3.85200518522,-8.17017083213,0.141310203463,-0.0106172850061,0.0126952463758,0,0,0,0,0,0,0.021582,0.0286719999943,0.356661,0.006367,0.00665200000006,-0.00371699999989
1083,2.166342950,-0.260437327009,-3.73429405732,-8.56484949489,0.133508478655,-0.0136150646312,0.00501698659313,0,0,0,0,0,0,0.021582,0.0286719999943,0.356661,0.006367,0.00665200000006,-0.00371699999989
1084,2.168361175,-0.302223508636,-4.1115242808,-8.42336142917,0.154559872169,-0.0160619749356,0.0022774900951,0,0,0,0,0,0,0.021582,0.0286719999943,0.356661,0.006367,0.00665200000006,-0.00371699999989
1085,2.170410619,-0.238470209332,-4.03009284626,-8.24084618802,0.158934667518,-0.0254574207904,0.0034657208058,0,0,0,0,0,0,0.021582,0.0686719999954,0.286659000001,0.006367,0.00665200000006,-0.00371699999989
1086,2.172363572,-0.151848568378,-4.07073665254,-8.64317024925,0.1432487571,-0.00278270277582,0.00594495983226,0,0,0,0,0,0,0.021582,0.0686719999954,0.286659000001,0.006367,0.00665200000006,-0.00371699999989
1087,2.174346822,0.0331509145751,-3.91638723073,-8.48954485161,0.147490831614,-0.0164794016256,-0.000169397738941,0,0,0,0,0,0,0.021582,0.0686719999954,0.286659000001,0.006367,0.00665200000006,-0.00371699999989
1088,2.176352564,-0.195757828954,-4.00050573695,-8.17138715717,0.159230646154,-0.0243775284747,0.0117856944142,0,0,0,0,0,0,0.021582,0.0686719999954,0.286659000001,0.006367,0.00665200000006,-0.00371699999989
1089,2.178374205,-0.293303897583,-3.88604007138,-8.09487642676,0.152030809017,-0.0285753170782,0.0243590006618,0,0,0,0,0,0,0.031582,0.118671999997,0.186661000002,0.003367,0.00565200000006,-0.00371699999991
1090,2.180364548,-0.0114364728652,-4.04106478598,-8.11044557909,0.167540117458,-0.0174093724344,0.0135207604467,0,0,0,0,0,0,0.031582,0.118671999997,0.186661000002,0.003367,0.00565200000006,-0.00371699999991
1091,2.182356975,-0.033397837476,-3.99474905154,-8.06267662255,0.161821028828,-0.0286031238207,0.0111272102447,0,0,0,0,0,0,0.031582,0.118671999997,0.186661000002,0.003367,0.00565200000006,-0.00371699999991
1092,2.184369750,-0.00182190439517,-3.90194559664,-8.42407611525,0.143477346024,-0.0133299095873,0.0115850066915,0,0,0,0,0,0,0.031582,0.118671999997,0.186661000002,0.003367,0.00565200000006,-0.00371699999991
1093,2.186366585,-0.426627100811,-4.01410501059,-8.71079985077,0.149304961698,-0.0337640884835,0.00790808364691,0,0,0,0,0,0,0.031582,0.0986719999937,0.396660000002,0.001367,0.00365200000003,-0.00171699999994
1094,2.188364723,-0.564616942969,-4.45456052213,-7.87640926461,0.170864750354,-0.0398420387189,0.0111309503579,0,0,0,0,0,0,0.031582,0.0986719999937,0.396660000002,0.001367,0.00365200000003,-0.00171699999994
1095,2.190353292,0.212112218576,-4.2095170763,-8.31252261574,0.160060904631,-0.0117605415937,0.0122089923118,0,0,0,0,0,0,0.031582,0.0986719999937,0.396660000002,0.001367,0.00365200000003,-0.00171699999994
1096,2.192366628,-0.246573159655,-3.86243914696,-8.24336927397,0.152928747024,-0.0215411119823,0.004789621837,0,0,0,0,0,0,0.031582,0.0986719999937,0.396660000002,0.001367,0.00365200000003,-0.00171699999994
1097,2.194363904,0.14567588794,-3.80007065366,-7.95620529834,0.147033958836,-0.0165424925496,0.0149615835736,0,0,0,0,0,0,0.091582,0.0986719999993,0.0466590000016,0.002367,0.00465200000003,-0.00171699999993
1098,2.196417836,0.0186906339334,-3.88562440117,-8.3182450705,0.153431044423,-0.0216546153707,0.00271309191359,0,0,0,0,0,0,0.091582,0.0986719999993,0.0466590000016,0.002367,0.00465200000003,-0.00171699999993
1099,2.198364147,-0.190310143698,-4.11630264851,-8.37199610118,0.156409973326,-0.0266801170908,0.0125481662879,0,0,0,0,0,0,0.091582,0.0986719999993,0.0466590000016,0.002367,0.00465200000003,-0.00171699999993
1100,2.200363387,0.211342292779,-3.97805056117,-8.52890494722,0.158689099709,-0.0219806880034,0.014529230682,0,0,0,0,0,0,0.091582,0.0986719999993,0.0466590000016,0.002367,0.00465200000003,-0.00171699999993
1101,2.202372324,0.0475527440335,-3.32145589387,-8.49083252968,0.134889825645,-0.0162157470756,0.00288251769391,0,0,0,0,0,0,0.031582,0.0486719999991,0.0566600000008,0.008367,0.00965200000006,-0.00371699999985
1102,2.204368678,0.28832917215,-4.10586879062,-8.22242873162,0.165027494723,-0.0106954234061,0.00214733227548,0,0,0,0,0,0,0.031582,0.0486719999991,0.0566600000008,0.008367,0.00965200000006,-0.00371699999985
1103,2.206361255,-0.149835836183,-4.08438211386,-7.99839695114,0.162803553498,-0.0360589289765,0.0136979505126,0,0,0,0,0,0,0.031582,0.0486719999991,0.0566600000008,0.008367,0.00965200000006,-0.00371699999985
1104,2.208367168,-0.249304827136,-4.16830802477,-7.98368953275,0.171720522477,-0.0382647302562,0.0197667974583,0,0,0,0,0,0,0.031582,0.0486719999991,0.0566600000008,0.008367,0.00965200000006,-0.00371699999985
1105,2.210367840,0.386337147454,-3.66012144253,-8.41042745415,0.137977297214,-0.00506276267821,0.00165709329232,0,0,0,0,0,0,0.021582,0.0686719999985,0.0966610000011,0.008367,0.0116520000001,-0.00471699999981
1106,2.212365777,0.198980560553,-3.76572441218,-8.66147436948,0.143677036778,-0.00868699460508,0.00506439120862,0,0,0,0,0,0,0.021582,0.0686719999985,0.0966610000011,0.008367,0.0116520000001,-0.00471699999981
1107,2.214353946,0.024569271921,-3.95751239894,-8.66914424903,0.146581338726,-0.0063032731796,0.00881873758513,0,0,0,0,0,0,0.021582,0.0686719999985,0.0966610000011,0.008367,0.0116520000001,-0.00471699999981
1108,2.216369466,-0.127612700136,-4.01781856154,-8.81059939669,0.136084593484,-0.0048635256619,0.00768756853595,0,0,0,0,0,0,0.021582,0.0686719999985,0.0966610000011,0.008367,0.0116520000001,-0.00471699999981
1109,2.218371541,-0.617360272404,-3.9807250596,-8.44009597398,0.147681075482,-0.0268148461676,0.00795909795982,0,0,0,0,0,0,-0.008418,0.0986720000015,-0.0933399999984,0.009367,0.0136520000001,-0.00571699999978
1110,2.220372053,-0.484024562293,-3.97652439768,-8.72371420491,0.146966125219,-0.0227782604455,0.00669820826711,0,0,0,0,0,0,-0.008418,0.0986720000015,-0.0933399999984,0.009367,0.0136520000001,-0.00571699999978
1111,2.222369900,-0.185038266885,-3.74085165606,-8.237983699,0.14876278917,-0.00920085912868,0.00664709447098,0,0,0,0,0,0,-0.008418,0.0986720000015,-0.0933399999984,0.009367,0.0136520000001,-0.00571699999978
1112,2.224363199,-0.10500732313,-3.84097006349,-8.37348584079,0.15040816557,-0.0291736506329,0.00632392302809,0,0,0,0,0,0,-0.008418,0.0986720000015,-0.0933399999984,0.009367,0.0136520000001,-0.00571699999978
1113,2.226365184,-0.232694110682,-3.89988608415,-8.71551936008,0.137695450476,-0.0175233755763,0.010170071772,0,0,0,0,0,0,0.051582,0.118672,0.0066600000019,0.002367,0.00565200000003,-0.00171699999991
1114,2.228371757,-0.367348656712,-4.39730714771,-8.18508767532,0.163971740111,-0.0261799902339,0.00561000020431,0,0,0,0,0,0,0.051582,0.118672,0.0066600000019,0.002367,0.00565200000003,-0.00171699999991
1115,2.230352693,0.287145023532,-3.8185342732,-8.45811145467,0.136716504972,-0.00955942865722,0.012899732202,0,0,0,0,0,0,0.051582,0.118672,0.0066600000019,0.002367,0.00565200000003,-0.00171699999991
1116,2.232370847,-0.804557245522,-4.19594794229,-8.33042041742,0.14849074986,-0.0282847126987,-0.000896063535203,0,0,0,0,0,0,0.051582,0.118672,0.0066600000019,0.002367,0.00565200000003,-0.00171699999991
1117,2.234371229,-0.0963969068953,-3.67909523349,-8.39241139085,0.132251830097,-0.020767930967,0.000704740474039,0,0,0,0,0,0,0.041582,0.108671999999,0.0566600000017,0.005367,0.00665200000004,-0.00271699999989
1118,2.236369276,-0.340364786618,-3.9967308599,-8.37795497247,0.14354803977,-0.020138121134,0.00180589052246,0,0,0,0,0,0,0.041582,0.108671999999,0.0566600000017,0.005367,0.00665200000004,-0.00271699999989
1119,2.238355231,-0.270046821311,-3.96289929979,-8.51012391418,0.147825520984,-0.0270610447494,0.0118725845276,0,0,0,0,0,0,0.041582,0.108671999999,0.0566600000017,0.005367,0.00665200000004,-0.00271699999989
1120,2.240366433,-0.0221049310596,-4.27877573658,-8.68111779642,0.145568280113,-0.00456547589007,0.000573758038222,0,0,0,0,0,0,0.041582,0.108671999999,0.0566600000017,0.005367,0.00665200000004,-0.00271699999989
1121,2.242372135,-0.122970604164,-3.87130311274,-8.26317077158,0.150755152402,-0.0164157372451,0.0108906385722,0,0,0,0,0,0,-0.048418,0.088672000002,-0.123340999999,0.017367,0.0196520000001,-0.00871699999969
1122,2.244370724,0.237738772253,-4.1886115773,-8.4716994855,0.153562219971,-0.00652967381948,0.00535643784496,0,0,0,0,0,0,-0.048418,0.088672000002,-0.123340999999,0.017367,0.0196520000001,-0.00871699999969
1123,2.246355075,0.122561615344,-3.73100357086,-8.70836541907,0.126617494809,-0.00567201899984,0.00491913817101,0,0,0,0,0,0,-0.048418,0.088672000002,-0.123340999999,0.017367,0.0196520000001,-0.00871699999969
1124,2.248357671,-0.174546933738,-3.90132025335,-8.90833323075,0.151657500181,-0.0124811802376,0.00665794229975,0,0,0,0,0,0,-0.048418,0.088672000002,-0.123340999999,0.017367,0.0196520000001,-0.00871699999969
1125,2.250370056,0.22255180792,-4.18943713957,-8.22007995424,0.15767174574,0.00775749091027,0.0142033186776,0,0,0,0,0,0,0.001582,0.0786720000012,-0.0733389999987,0.012367,0.0146520000001,-0.00671699999977
1126,2.252367873,-0.906313413043,-4.32841931006,-8.72798034029,0.151583357936,-0.0289545504175,0.00691900305151,0,0,0,0,0,0,0.001582,0.0786720000012,-0.0733389999987,0.012367,0.0146520000001,-0.00671699999977
1127,2.254355240,-0.35753666195,-4.07386327647,-8.58291618584,0.164568614042,-0.0295028944321,0.00994813880155,0,0,0,0,0,0,0.001582,0.0786720000012,-0.0733389999987,0.012367,0.0146520000001,-0.00671699999977
1128,2.256380128,0.385211933224,-3.9901531371,-8.49255432786,0.142219265089,0.0116028544709,0.00212935900125,0,0,0,0,0,0,0.001582,0.0786720000012,-0.0733389999987,0.012367,0.0146520000001,-0.00671699999977
1129,2.258382403,-0.242130962839,-4.0134423609,-8.2108051246,0.149172814849,-0.0296716299588,0.0113538778464,0,0,0,0,0,0,0.031582,0.0386719999999,0.00666000000062,0.011367,0.0106520000001,-0.00471699999983
1130,2.260364651,-0.531274041086,-3.74462390966,-8.47125118924,0.142164189393,-0.0204418756919,0.00764891551313,0,0,0,0,0,0,0.031582,0.0386719999999,0.00666000000062,0.011367,0.0106520000001,-0.00471699999983
1131,2.262355835,0.177757974964,-3.9638689562,-8.56462359614,0.138975016132,0.000340743875343,-0.00475524617871,0,0,0,0,0,0,0.031582,0.0386719999999,0.00666000000062,0.011367,0.0106520000001,-0.00471699999983
1132,2.264364543,0.19788065711,-3.93874757765,-8.37389580534,0.136269257146,-0.0113305427873,0.00932013641842,0,0,0,0,0,0,0.031582,0.0386719999999,0.00666000000062,0.011367,0.0106520000001,-0.00471699999983
1133,2.266366738,0.0937691464613,-3.94590447683,-8.47845921617,0.146657381982,-0.00536081208123,0.00565140175255,0,0,0,0,0,0,0.061582,0.0786719999986,0.0866600000013,0.005367,0.00765200000006,-0.00371699999988
1134,2.268366488,-0.166961865479,-3.69510165513,-8.12818331893,0.143716863297,-0.0171143877025,0.00634914984727,0,0,0,0,0,0,0.061582,0.0786719999986,0.0866600000013,0.005367,0.00765200000006,-0.00371699999988
1135,2.270353976,-0.154817661678,-3.59421921789,-8.50013033733,0.134838465071,-0.00472804025938,0.00531832364408,0,0,0,0,0,0,0.061582,0.0786719999986,0.0866600000013,0.005367,0.00765200000006,-0.00371699999988
1136,2.272351382,0.143571812274,-3.98469499088,-8.17433649516,0.150903058225,-0.0109716113386,0.0158384305278,0,0,0,0,0,0,0.061582,0.0786719999986,0.0866600000013,0.005367,0.00765200000006,-0.00371699999988
1137,2.274369307,-0.0940304643227,-3.84278683309,-8.09616928359,0.143813655386,-0.0178813541621,0.0169180271936,0,0,0,0,0,0,0.031582,0.0586719999994,0.0366590000009,0.007367,0.00765200000008,-0.00471699999988
1138,2.276356915,-0.0285728788487,-4.19834312875,-8.62896087414,0.151977697834,-0.00848724000932,0.00400044690773,0,0,0,0,0,0,0.031582,0.0586719999994,0.0366590000009,0.007367,0.00765200000008,-0.00471699999988
1139,2.278348039,-0.586658902295,-3.91113099263,-8.24946856276,0.145601463424,-0.0288826413376,0.00640032138721,0,0,0,0,0,0,0.031582,0.0586719999994,0.0366590000009,0.007367,0.00765200000008,-0.00471699999988
1140,2.280358710,-0.149021990118,-4.02766110129,-8.39600109164,0.143179868189,-0.00782141822587,0.00947774605283,0,0,0,0,0,0,0.031582,0.0586719999994,0.0366590000009,0.007367,0.00765200000008,-0.00471699999988
1141,2.282355826,0.0606936232761,-4.0133781384,-8.27891358034,0.145946271628,-0.0113423031326,0.0154454457699,0,0,0,0,0,0,0.031582,0.0286719999999,0.00666000000046,0.012367,0.0116520000001,-0.00471699999981
1142,2.284359023,0.115834651983,-3.83179935477,-8.4100893269,0.136255209707,-0.00289623318943,0.00257706558998,0,0,0,0,0,0,0.031582,0.0286719999999,0.00666000000046,0.012367,0.0116520000001,-0.00471699999981
1143,2.286349075,-0.0698119244968,-4.0378596115,-8.4985363077,0.144731091884,-0.00956728144842,0.0134920538236,0,0,0,0,0,0,0.031582,0.0286719999999,0.00666000000046,0.012367,0.0116520000001,-0.00471699999981
1144,2.288358544,-0.408886173574,-4.28599461405,-8.43009225715,0.14609484784,-0.0131437862981,0.00870273261687,0,0,0,0,0,0,0.031582,0.0286719999999,0.00666000000046,0.012367,0.0116520000001,-0.00471699999981
1145,2.290363915,-0.122604693431,-4.25118494077,-8.42688009003,0.157175141503,-0.00704090447414,-0.00297884396728,0,0,0,0,0,0,-0.028418,0.0786720000007,-0.0433409999987,0.013367,0.0146520000001,-0.00671699999977
1146,2.292353697,-0.245050136994,-3.84436322305,-8.32133844509,0.15474370813,-0.0285633637278,0.0213358884536,0,0,0,0,0,0,-0.028418,0.0786720000007,-0.0433409999987,0.013367,0.0146520000001,-0.00671699999977
1147,2.294349991,-0.100968299762,-3.66332265091,-8.28997802314,0.130185196256,-0.00750327896773,0.00122693966386,0,0,0,0,0,0,-0.028418,0.0786720000007,-0.0433409999987,0.013367,0.0146520000001,-0.00671699999977
1148,2.296415004,0.0965101922465,-3.66606663995,-7.94131712607,0.138763072748,-0.0139757274964,0.000735403491347,0,0,0,0,0,0,-0.028418,0.0786720000007,-0.0433409999987,0.013367,0.0146520000001,-0.00671699999977
1149,2.298374119,0.0519675350046,-3.94679354291,-7.85091356886,0.162003410236,-0.0290275899573,0.0014559699037,0,0,0,0,0,0,-0.008418,0.088671999998,0.126659000001,0.007367,0.0106520000001,-0.00371699999983
1150,2.300371325,-0.246245354773,-4.13228420575,-8.12237624117,0.159112312253,-0.0375830220354,0.0162546968049,0,0,0,0,0,0,-0.008418,0.088671999998,0.126659000001,0.007367,0.0106520000001,-0.00371699999983
1151,2.302359323,-0.0866346101802,-3.7187071879,-8.5302443415,0.145387480333,-0.02324116117,0.00789978466893,0,0,0,0,0,0,-0.008418,0.088671999998,0.126659000001,0.007367,0.0106520000001,-0.00371699999983
1152,2.304364324,-0.294063919592,-4.25591615063,-8.52988921138,0.169676564252,-0.0269568458601,0.0111623335585,0,0,0,0,0,0,-0.008418,0.088671999998,0.126659000001,0.007367,0.0106520000001,-0.00371699999983
1153,2.306363123,0.0500688959466,-4.27467581591,-8.21848547391,0.167081641537,-0.0199720917104,0.00881777131796,0,0,0,0,0,0,0.021582,0.108672000001,-0.0333399999983,0.005367,0.00865200000006,-0.00371699999986
1154,2.308366400,-0.315974982588,-4.38976523448,-8.10087565698,0.167068981495,-0.0341002128281,0.0172826837855,0,0,0,0,0,0,0.021582,0.108672000001,-0.0333399999983,0.005367,0.00865200000006,-0.00371699999986
1155,2.310355791,-0.254761365992,-3.95139009356,-7.91959479219,0.159918830683,-0.0381157050252,0.0131538891854,0,0,0,0,0,0,0.021582,0.108672000001,-0.0333399999983,0.005367,0.00865200000006,-0.00371699999986
1156,2.312352816,0.285417852144,-4.08155962569,-7.731111996,0.164624821589,-0.0169774672617,0.0119418639617,0,0,0,0,0,0,0.021582,0.108672000001,-0.0333399999983,0.005367,0.00865200000006,-0.00371699999986
1157,2.314367575,0.0600774179691,-4.11834308927,-8.14152626517,0.163789297871,-0.0222621740717,0.013266715536,0,0,0,0,0,0,0.011582,0.0886720000005,-0.0333399999986,0.011367,0.0126520000001,-0.0057169999998
1158,2.316362617,0.0424072133444,-3.97021908744,-8.09687496456,0.165509798113,-0.034661860577,0.0141813599229,0,0,0,0,0,0,0.011582,0.0886720000005,-0.0333399999986,0.011367,0.0126520000001,-0.0057169999998
1159,2.318345666,0.0295606370157,-4.05772793706,-8.08582667738,0.16632309071,-0.0234119560631,0.0133591927929,0,0,0,0,0,0,0.011582,0.0886720000005,-0.0333399999986,0.011367,0.0126520000001,-0.0057169999998
1160,2.320367788,0.0293145240983,-4.03868600657,-8.55777908012,0.150585274152,-0.00948943744947,0.0063864974006,0,0,0,0,0,0,0.011582,0.0886720000005,-0.0333399999986,0.011367,0.0126520000001,-0.0057169999998
1161,2.322368090,0.303036046114,-4.51325471315,-8.43329959766,0.158770248891,-0.00309692321736,0.0103471540282,0,0,0,0,0,0,0.061582,0.0986720000029,-0.183339999998,0.008367,0.0106520000001,-0.00471699999983
1162,2.324365376,0.308644221702,-3.91768971401,-8.29626106315,0.14581513379,0.00352742649442,0.00668142614457,0,0,0,0,0,0,0.061582,0.0986720000029,-0.183339999998,0.008367,0.0106520000001,-0.00471699999983
1163,2.326345089,-0.37064932149,-4.34426533713,-8.36493986662,0.160167820451,-0.0141065148328,0.00662614699787,0,0,0,0,0,0,0.061582,0.0986720000029,-0.183339999998,0.008367,0.0106520000001,-0.00471699999983
1164,2.328364296,0.433159598593,-4.01666242982,-8.44334825407,0.142232635743,-0.00395476690705,-0.0117745551295,0,0,0,0,0,0,0.061582,0.0986720000029,-0.183339999998,0.008367,0.0106520000001,-0.00471699999983
1165,2.330376380,-0.286034063021,-3.85951927626,-8.31401624325,0.143722083035,-0.0258606745498,-0.00225654101929,0,0,0,0,0,0,0.041582,0.128671999999,0.0666600000021,0.005367,0.00465200000003,-0.00171699999993
1166,2.332371873,-0.200767002404,-4.15150688659,-8.41131349153,0.151528086125,-0.0292053755958,0.00404642136314,0,0,0,0,0,0,0.041582,0.128671999999,0.0666600000021,0.005367,0.00465200000003,-0.00171699999993
1167,2.334368938,-0.376452883865,-4.04568510986,-8.52120206851,0.15066059868,-0.0177491017225,0.00189199432592,0,0,0,0,0,0,0.041582,0.128671999999,0.0666600000021,0.005367,0.00465200000003,-0.00171699999993
1168,2.336378046,-0.0297821211217,-4.04723633838,-8.13781360016,0.158315147479,-0.0216280172124,0.0101110638169,0,0,0,0,0,0,0.041582,0.128671999999,0.0666600000021,0.005367,0.00465200000003,-0.00171699999993
1169,2.338373919,-0.0879917187053,-4.05964334048,-8.32739270683,0.147453062006,-0.0179265905221,0.00808031207456,0,0,0,0,0,0,0.091582,0.138672000001,-0.0633389999978,-0.000633,0.00165200000001,-0.000716999999974
1170,2.340371366,0.127428752486,-4.11065352864,-8.38232736653,0.155562656533,-0.0128579885491,0.0142150515053,0,0,0,0,0,0,0.091582,0.138672000001,-0.0633389999978,-0.000633,0.00165200000001,-0.000716999999974
1171,2.342351640,0.0923070816266,-3.85208913312,-8.49725797818,0.14605083577,-0.0194875574731,0.0168832839206,0,0,0,0,0,0,0.091582,0.138672000001,-0.0633389999978,-0.000633,0.00165200000001,-0.000716999999974
1172,2.344366128,-0.254109505306,-4.15528942828,-8.55216589947,0.148692480426,-0.0188584710576,0.012437423889,0,0,0,0,0,0,0.091582,0.138672000001,-0.0633389999978,-0.000633,0.00165200000001,-0.000716999999974
1173,2.346385195,0.130675051645,-4.18892177667,-8.05248780511,0.155968120405,-0.00842309116538,0.00285678991093,0,0,0,0,0,0,0.011582,0.078671999997,0.186661000001,0.004367,0.00765200000006,-0.00371699999988
1174,2.348385937,-0.317298609464,-3.71965289201,-8.53684490702,0.136712874579,-0.0177028213528,0.0182438039475,0,0,0,0,0,0,0.011582,0.078671999997,0.186661000001,0.004367,0.00765200000006,-0.00371699999988
1175,2.350356413,0.165802988677,-3.6429251696,-8.53883145989,0.131063184326,-0.00359158625833,0.00706710589463,0,0,0,0,0,0,0.011582,0.078671999997,0.186661000001,0.004367,0.00765200000006,-0.00371699999988
1176,2.352365632,-0.4027061108,-4.33068350418,-8.36264422392,0.163388497471,-0.0154488614288,0.00188363483749,0,0,0,0,0,0,0.011582,0.078671999997,0.186661000001,0.004367,0.00765200000006,-0.00371699999988
1177,2.354372536,-0.243109399865,-3.90573421282,-8.43620125934,0.150978576311,-0.0205264997693,0.0112195667408,0,0,0,0,0,0,0.061582,0.0786719999986,0.0866600000013,0.002367,0.00365200000001,-0.000716999999942
1178,2.356380652,0.0408691544915,-3.49399273216,-8.21777030499,0.145541141035,-0.0140459576813,0.00396765121382,0,0,0,0,0,0,0.061582,0.0786719999986,0.0866600000013,0.002367,0.00365200000001,-0.000716999999942
1179,2.358351108,0.501552118021,-3.64492455176,-8.41984657864,0.140231985533,-0.00997712967344,0.0163552849955,0,0,0,0,0,0,0.061582,0.0786719999986,0.0866600000013,0.002367,0.00365200000001,-0.000716999999942
1180,2.360364774,0.179208483213,-4.10033176713,-8.55504103841,0.150871066131,-0.0147396143834,0.0136537474311,0,0,0,0,0,0,0.061582,0.0786719999986,0.0866600000013,0.002367,0.00365200000001,-0.000716999999942
1181,2.362356330,0.0675208370744,-3.68938409728,-8.52472336309,0.128682838877,-0.00495777108071,0.00624448251659,0,0,0,0,0,0,0.081582,0.118671999999,0.0666600000019,0.001367,0.00465200000001,-0.000716999999926
1182,2.364361600,-0.383082488994,-3.79967237247,-8.66385353462,0.13935303069,-0.0187272200926,0.00927251913736,0,0,0,0,0,0,0.081582,0.118671999999,0.0666600000019,0.001367,0.00465200000001,-0.000716999999926
1183,2.366349609,-0.35090089521,-4.08461975371,-8.01216647138,0.164069086085,-0.0287284950755,0.0169688730418,0,0,0,0,0,0,0.081582,0.118671999999,0.0666600000019,0.001367,0.00465200000001,-0.000716999999926
1184,2.368366922,0.304526161902,-4.37666904618,-8.06797123662,0.174474686362,-0.0182388054378,0.0150666513126,0,0,0,0,0,0,0.081582,0.118671999999,0.0666600000019,0.001367,0.00465200000001,-0.000716999999926
1185,2.370414663,-0.25284213169,-4.00356588793,-8.37437529847,0.161170289022,-0.0307079516424,0.0138740339176,0,0,0,0,0,0,0.041582,0.0686719999972,0.176661000001,0.005367,0.00765200000006,-0.00371699999988
1186,2.372367405,-0.752073388167,-3.94294553776,-8.19942891427,0.166273808381,-0.0437702500969,0.0168079142573,0,0,0,0,0,0,0.041582,0.0686719999972,0.176661000001,0.005367,0.00765200000006,-0.00371699999988
1187,2.374347960,-0.40972292468,-4.16892339498,-7.93006097123,0.163756106511,-0.0303243500146,0.00669517316899,0,0,0,0,0,0,0.041582,0.0686719999972,0.176661000001,0.005367,0.00765200000006,-0.00371699999988
1188,2.376378508,-0.270117614494,-3.96844970032,-7.96443627567,0.161071261217,-0.0190286670847,0.0149240324822,0,0,0,0,0,0,0.041582,0.0686719999972,0.176661000001,0.005367,0.00765200000006,-0.00371699999988
1189,2.378376265,-0.580719185249,-4.29613559639,-8.2067651416,0.163853226592,-0.0324281172087,0.0051539290674,0,0,0,0,0,0,0.101582,0.0886719999967,0.206659000001,0.000367,0.000652000000011,-0.00071699999999
1190,2.380358173,-0.485023663102,-4.10757503919,-8.34993153167,0.159215716417,-0.0382684139883,0.0172537438429,0,0,0,0,0,0,0.101582,0.0886719999967,0.206659000001,0.000367,0.000652000000011,-0.00071699999999
1191,2.382353805,0.159978835647,-4.12778231556,-8.39425986441,0.15947092841,-0.0100894224037,0.0145463379459,0,0,0,0,0,0,0.101582,0.0886719999967,0.206659000001,0.000367,0.000652000000011,-0.00071699999999
1192,2.384354658,0.180634910939,-3.82849757219,-8.48142125462,0.161219452323,-0.0277413833705,0.0162159945701,0,0,0,0,0,0,0.101582,0.0886719999967,0.206659000001,0.000367,0.000652000000011,-0.00071699999999
1193,2.386368305,-0.0331449151183,-3.54267399733,-8.46940209529,0.135553995063,-0.010125449567,0.00895072289444,0,0,0,0,0,0,0.061582,0.0886719999965,0.216660000001,0.002367,0.00365200000004,-0.00271699999994
1194,2.388357456,-0.194604488196,-3.95974085514,-8.56834923313,0.149578778568,-0.0183759881386,0.00649165415303,0,0,0,0,0,0,0.061582,0.0886719999965,0.216660000001,0.002367,0.00365200000004,-0.00271699999994
1195,2.390360783,-0.182373576303,-3.63894105213,-8.47928689263,0.132623786305,-0.0191488305649,0.00510178168984,0,0,0,0,0,0,0.061582,0.0886719999965,0.216660000001,0.002367,0.00365200000004,-0.00271699999994
1196,2.392353310,-0.187457501358,-3.87019229958,-8.47904140351,0.142529743345,-0.0182654404304,0.00376253678289,0,0,0,0,0,0,0.061582,0.0886719999965,0.216660000001,0.002367,0.00365200000004,-0.00271699999994
1197,2.394361676,-0.252110158557,-3.76457684366,-8.41972048155,0.146974058005,-0.0204005547615,0.0129392591689,0,0,0,0,0,0,0.101582,0.0886719999988,0.0766600000014,0.000367,0.00265200000003,-0.00171699999996
1198,2.396356387,0.114618540672,-3.70604676848,-8.54434657253,0.145120088101,-0.0172275185509,0.011249783483,0,0,0,0,0,0,0.101582,0.0886719999988,0.0766600000014,0.000367,0.00265200000003,-0.00171699999996
1199,2.398408065,0.178532388601,-3.81454106284,-8.61691327334,0.147888762855,-0.00468494356238,0.00522230479769,0,0,0,0,0,0,0.101582,0.0886719999988,0.0766600000014,0.000367,0.00265200000003,-0.00171699999996
1200,2.400369795,-0.167537493,-3.38586173642,-8.50665264328,0.133889211821,-0.0241037165471,0.00908137276679,0,0,0,0,0,0,0.101582,0.0886719999988,0.0766600000014,0.000367,0.00265200000003,-0.00171699999996
1201,2.402374064,-0.022524663857,-4.00781871399,-8.24025153818,0.14650233116,-0.00516180696583,0.00695704070964,0,0,0,0,0,0,0.091582,0.0886719999959,0.256660000001,-0.003633,-0.000348000000021,0.00128299999999
1202,2.404361501,0.0595934372952,-4.04317232243,-8.26828000619,0.158252767215,-0.0184406023186,0.0177156696314,0,0,0,0,0,0,0.091582,0.0886719999959,0.256660000001,-0.003633,-0.000348000000021,0.00128299999999
1203,2.406356213,-0.239661031844,-3.86393825859,-8.38964896596,0.148480176391,-0.0212454994314,0.0111922735625,0,0,0,0,0,0,0.091582,0.0886719999959,0.256660000001,-0.003633,-0.000348000000021,0.00128299999999
1204,2.408366182,0.178848673644,-3.75611917567,-8.95459708755,0.141474923182,-0.00914680240854,0.00556993699646,0,0,0,0,0,0,0.091582,0.0886719999959,0.256660000001,-0.003633,-0.000348000000021,0.00128299999999
1205,2.410372275,0.608440577098,-3.78526240313,-8.66935244788,0.139224820906,0.0021931234336,0.00854609811411,0,0,0,0,0,0,0.091582,0.0986719999996,0.0266610000016,0.000367,0.00465200000003,-0.00171699999993
1206,2.412362017,0.195994174347,-3.8183354508,-8.61918347554,0.136861245625,-0.0036934493041,0.0131959155059,0,0,0,0,0,0,0.091582,0.0986719999996,0.0266610000016,0.000367,0.00465200000003,-0.00171699999993
1207,2.414357790,0.213175829096,-4.17586050518,-8.12988101035,0.155389030818,-0.00379301143093,0.0120281752033,0,0,0,0,0,0,0.091582,0.0986719999996,0.0266610000016,0.000367,0.00465200000003,-0.00171699999993
1208,2.416348363,-0.492020475385,-3.97403654181,-8.45049382567,0.151374227997,-0.0328456722619,0.0141597921709,0,0,0,0,0,0,0.091582,0.0986719999996,0.0266610000016,0.000367,0.00465200000003,-0.00171699999993
1209,2.418361479,0.453229090424,-3.82120610012,-8.30585422492,0.146700127249,-0.00368231854593,0.00656559104644,0,0,0,0,0,0,0.091582,0.0886719999964,0.226660000001,0.001367,0.00265200000001,-0.000716999999958
1210,2.420370667,0.102465919668,-3.6562690272,-8.22296375415,0.150386369361,-0.019954681026,0.00977780510656,0,0,0,0,0,0,0.091582,0.0886719999964,0.226660000001,0.001367,0.00265200000001,-0.000716999999958
1211,2.422373664,-0.234670116637,-3.7579366989,-8.72570285072,0.152280053243,-0.0256087155251,0.00627358843366,0,0,0,0,0,0,0.091582,0.0886719999964,0.226660000001,0.001367,0.00265200000001,-0.000716999999958
1212,2.424360420,0.118164672675,-3.56043005792,-8.14723687323,0.139303073969,-0.0178695509555,0.00878697207019,0,0,0,0,0,0,0.091582,0.0886719999964,0.226660000001,0.001367,0.00265200000001,-0.000716999999958
1213,2.426363076,0.447171712894,-3.58677134976,-8.34269793805,0.145334991193,-0.00489082854126,0.0164072223739,0,0,0,0,0,0,0.111582,0.118671999997,0.156660000002,-0.000633,0.000651999999995,0.00028300000001
1214,2.428359591,0.0166559727787,-3.68043161106,-8.32628640731,0.144025195797,-0.0218619693699,0.0151740373933,0,0,0,0,0,0,0.111582,0.118671999997,0.156660000002,-0.000633,0.000651999999995,0.00028300000001
1215,2.430354632,0.147641566375,-3.73236055468,-8.2186479616,0.139840005387,-0.00990025898014,0.0127674737868,0,0,0,0,0,0,0.111582,0.118671999997,0.156660000002,-0.000633,0.000651999999995,0.00028300000001
1216,2.432360935,-0.133913511551,-3.67256316494,-8.67628942168,0.139615645649,-0.0192544260249,0.011500340114,0,0,0,0,0,0,0.111582,0.118671999997,0.156660000002,-0.000633,0.000651999999995,0.00028300000001
1217,2.434372899,0.0397371790558,-3.93582971785,-8.67511899681,0.147013517021,-0.0212080873082,0.0128211543395,0,0,0,0,0,0,0.121582,0.108671999998,0.0966610000017,-0.002633,-0.00134800000002,0.00128299999998
1218,2.436370305,-0.903827312976,-3.97387111933,-8.41846445019,0.148358505934,-0.044913275332,0.000843478599344,0,0,0,0,0,0,0.121582,0.108671999998,0.0966610000017,-0.002633,-0.00134800000002,0.00128299999998
1219,2.438363944,-0.374345312105,-4.22369613796,-8.591970067,0.159028188923,-0.0170399496875,0.00387135845198,0,0,0,0,0,0,0.121582,0.108671999998,0.0966610000017,-0.002633,-0.00134800000002,0.00128299999998
1220,2.440376369,0.130039743944,-3.93787898867,-8.44814081244,0.154294295688,-0.0112639784602,0.00515787363334,0,0,0,0,0,0,0.121582,0.108671999998,0.0966610000017,-0.002633,-0.00134800000002,0.00128299999998
1221,2.442377602,0.434490280734,-3.64425173567,-8.54862150562,0.146862579389,0.000275782749633,0.0122549766227,0,0,0,0,0,0,0.121582,0.118672,0.0166610000019,-0.000633,0.00265200000001,-0.000716999999958
1222,2.444354920,0.045477223251,-3.98364410717,-8.81935635627,0.145823258549,-0.00949327249296,0.00774715071235,0,0,0,0,0,0,0.121582,0.118672,0.0166610000019,-0.000633,0.00265200000001,-0.000716999999958
1223,2.446347878,-0.0953622803103,-3.64838302173,-8.52571952128,0.136998764911,-0.0110694454239,0.00618455147606,0,0,0,0,0,0,0.121582,0.118672,0.0166610000019,-0.000633,0.00265200000001,-0.000716999999958
1224,2.448342639,0.279736072951,-3.86600960799,-8.59284197469,0.14944997064,-0.000976868303082,0.00652453105818,0,0,0,0,0,0,0.121582,0.118672,0.0166610000019,-0.000633,0.00265200000001,-0.000716999999958
1225,2.450365283,-0.0571681586025,-3.33816375206,-8.50024704886,0.123957641036,-0.012385226822,0.00453601344408,0,0,0,0,0,0,0.081582,0.0986719999994,0.0366590000016,0.004367,0.00565200000004,-0.00271699999991
1226,2.452345096,0.0321710215457,-3.81278544132,-8.21227219232,0.153918040113,-0.013164107864,0.0119870398243,0,0,0,0,0,0,0.081582,0.0986719999994,0.0366590000016,0.004367,0.00565200000004,-0.00271699999991
1227,2.454344897,-0.0538838682355,-3.76105381662,-8.2259336997,0.149997262899,-0.00855330872296,-9.93874313544e-05,0,0,0,0,0,0,0.081582,0.0986719999994,0.0366590000016,0.004367,0.00565200000004,-0.00271699999991
1228,2.456343455,0.229255309417,-3.45763151564,-8.80597055406,0.12628793135,-0.00805441000578,0.0100653512008,0,0,0,0,0,0,0.081582,0.0986719999994,0.0366590000016,0.004367,0.00565200000004,-0.00271699999991
1229,2.458353796,-0.208496146837,-3.54187982393,-8.87171644812,0.12207102706,-0.0135125205259,-0.00530756902397,0,0,0,0,0,0,0.081582,0.0886719999965,0.216660000001,0.001367,0.001652,0.000283000000026
1230,2.460352414,0.296008054623,-4.0137274913,-8.75108465429,0.143627780818,0.00416269532976,0.00125554544778,0,0,0,0,0,0,0.081582,0.0886719999965,0.216660000001,0.001367,0.001652,0.000283000000026
1231,2.462344851,0.0322417177939,-3.87012870815,-8.90512929003,0.135426456153,-0.00648171565647,0.0022977460318,0,0,0,0,0,0,0.081582,0.0886719999965,0.216660000001,0.001367,0.001652,0.000283000000026
1232,2.464346455,-0.155574741351,-3.68752359238,-8.62789589308,0.129809163097,-0.00927921544107,0.00607133631453,0,0,0,0,0,0,0.081582,0.0886719999965,0.216660000001,0.001367,0.001652,0.000283000000026
1233,2.466356716,-0.292552721622,-3.53432567179,-8.5863288649,0.126025557229,-0.00794582171449,-0.000639067064532,0,0,0,0,0,0,0.101582,0.0886719999994,0.0366590000014,-0.000633,0.002652,0.000283000000042
1234,2.468347099,-0.234541662423,-3.52102601678,-8.7785664014,0.122669144968,-0.00990381386711,0.00330072409225,0,0,0,0,0,0,0.101582,0.0886719999994,0.0366590000014,-0.000633,0.002652,0.000283000000042
1235,2.470346288,0.540228331103,-3.56874325755,-8.60204174625,0.129711557636,0.0011805512086,0.00553079983211,0,0,0,0,0,0,0.101582,0.0886719999994,0.0366590000014,-0.000633,0.002652,0.000283000000042
1236,2.472348854,0.271071280709,-3.50306113728,-8.69376980555,0.133233757473,0.0022853503724,0.0103748585665,0,0,0,0,0,0,0.101582,0.0886719999994,0.0366590000014,-0.000633,0.002652,0.000283000000042
1237,2.474379372,0.0252389766356,-3.62243651524,-8.42199580422,0.136843608821,-0.00267989016781,0.0132250951261,0,0,0,0,0,0,0.071582,0.0586719999956,0.276661000001,0.000367,0.000651999999995,0.00028300000001
1238,2.476352362,0.370525288204,-3.56700373492,-8.64025598158,0.136733467703,-0.00118261699097,0.00767128073031,0,0,0,0,0,0,0.071582,0.0586719999956,0.276661000001,0.000367,0.000651999999995,0.00028300000001
1239,2.478343757,-0.144735928888,-3.96935190618,-8.48339077422,0.143414988784,-0.0228492377854,0.00838153461792,0,0,0,0,0,0,0.071582,0.0586719999956,0.276661000001,0.000367,0.000651999999995,0.00028300000001
1240,2.480365008,-0.168328979348,-3.82155977766,-8.34178027006,0.139989227993,-0.0175858608037,0.00659287469709,0,0,0,0,0,0,0.071582,0.0586719999956,0.276661000001,0.000367,0.000651999999995,0.00028300000001
1241,2.482374377,0.0926748229448,-3.81174544712,-8.73753885912,0.133998346546,0.000992691986108,0.0103421167576,0,0,0,0,0,0,0.051582,0.0786719999981,0.116661000001,0.003367,0.00565200000004,-0.00271699999991
1242,2.484358679,-0.129478814223,-4.14613709415,-8.63138513231,0.140466160972,-0.0137589840855,0.0107690875295,0,0,0,0,0,0,0.051582,0.0786719999981,0.116661000001,0.003367,0.00565200000004,-0.00271699999991
1243,2.486357197,0.112202949486,-3.97891763978,-8.55030042792,0.159702450372,-0.00988465181678,0.00858204125323,0,0,0,0,0,0,0.051582,0.0786719999981,0.116661000001,0.003367,0.00565200000004,-0.00271699999991
1244,2.488358420,-0.105407651097,-3.76693930804,-8.3700261324,0.151712758891,-0.0146552511711,0.00581412732253,0,0,0,0,0,0,0.051582,0.0786719999981,0.116661000001,0.003367,0.00565200000004,-0.00271699999991
1245,2.490372448,-0.125351904389,-4.02295918684,-8.53104401229,0.153538472674,-0.0154818261023,0.0110271125524,0,0,0,0,0,0,0.021582,0.0586720000009,-0.0533389999991,0.008367,0.0106520000001,-0.00471699999983
1246,2.492357942,-0.0258501444559,-3.55516526297,-8.59081506952,0.139111645542,-0.0204126548215,0.0121783910574,0,0,0,0,0,0,0.021582,0.0586720000009,-0.0533389999991,0.008367,0.0106520000001,-0.00471699999983
1247,2.494364084,0.262977193765,-3.77309117018,-8.55363275979,0.146521612566,-0.0131456959579,0.00841885076015,0,0,0,0,0,0,0.021582,0.0586720000009,-0.0533389999991,0.008367,0.0106520000001,-0.00471699999983
1248,2.496353956,-0.0380359467515,-3.92169351694,-8.37930191946,0.14097370125,-0.0155994241729,0.0148055739438,0,0,0,0,0,0,0.021582,0.0586720000009,-0.0533389999991,0.008367,0.0106520000001,-0.00471699999983
1249,2.498408649,-0.0466740220517,-4.04439447108,-8.40505127217,0.160289474474,-0.0204902903495,0.00364200400822,0,0,0,0,0,0,-0.008418,0.0786720000004,-0.0233399999987,0.010367,0.0136520000001,-0.00571699999978
1250,2.500366492,0.206171978252,-3.71224171457,-8.47488868621,0.137098361279,-0.015373815712,0.00341582191107,0,0,0,0,0,0,-0.008418,0.0786720000004,-0.0233399999987,0.010367,0.0136520000001,-0.00571699999978
1251,2.502362545,0.462630392034,-3.994301233,-8.55080046395,0.152309334032,-0.00551059376394,0.00991167748351,0,0,0,0,0,0,-0.008418,0.0786720000004,-0.0233399999987,0.010367,0.0136520000001,-0.00571699999978
1252,2.504352117,0.320921850256,-3.84651284896,-8.28279025872,0.143893899283,-0.0208242332237,0.0164294570334,0,0,0,0,0,0,-0.008418,0.0786720000004,-0.0233399999987,0.010367,0.0136520000001,-0.00571699999978
1253,2.506362588,-0.070127561035,-3.98801639594,-8.36269686505,0.15158205385,-0.0204815137993,0.0160807077234,0,0,0,0,0,0,0.051582,0.108671999998,0.0966610000017,0.003367,0.00565200000004,-0.00271699999991
1254,2.508349825,0.129403362955,-3.97447450226,-8.42598120238,0.153238362402,-0.00843953399928,0.00957053803288,0,0,0,0,0,0,0.051582,0.108671999998,0.0966610000017,0.003367,0.00565200000004,-0.00271699999991
1255,2.510347672,-0.529683785103,-4.00155837565,-8.28160537439,0.164711763446,-0.0320427542636,0.0159927089804,0,0,0,0,0,0,0.051582,0.108671999998,0.0966610000017,0.003367,0.00565200000004,-0.00271699999991
1256,2.512355578,-0.129779422956,-4.02030445214,-8.05558798371,0.161452107369,-0.0273201392524,0.0104934876237,0,0,0,0,0,0,0.051582,0.108671999998,0.0966610000017,0.003367,0.00565200000004,-0.00271699999991
1257,2.514361089,-0.277044354665,-3.71948606777,-8.62651005393,0.146073882526,-0.0310216906499,0.0166624468602,0,0,0,0,0,0,0.041582,0.118671999997,0.206659000002,0.000367,0.00265200000001,-0.000716999999958
1258,2.516360399,-0.081364536708,-3.71507472625,-8.44904817665,0.154236965473,-0.0286232184791,0.00524524949155,0,0,0,0,0,0,0.041582,0.118671999997,0.206659000002,0.000367,0.00265200000001,-0.000716999999958
1259,2.518358567,0.0437247481559,-4.05168403847,-8.64093591008,0.152727288267,-0.0149509530572,0.00692848166666,0,0,0,0,0,0,0.041582,0.118671999997,0.206659000002,0.000367,0.00265200000001,-0.000716999999958
1260,2.520374157,0.149225410021,-3.89181793964,-8.39276491351,0.156475753053,-0.0051548916494,0.0051776853318,0,0,0,0,0,0,0.041582,0.118671999997,0.206659000002,0.000367,0.00265200000001,-0.000716999999958
1261,2.522373697,0.0828818127353,-3.73924066248,-8.48120048403,0.147212392667,-0.0227947966135,0.00424895033542,0,0,0,0,0,0,0.041582,0.108672,0.0266610000017,0.003367,0.00765200000004,-0.00271699999988
1262,2.524359982,0.226502341002,-3.40239411792,-8.57400260838,0.131140866131,-0.00540018423819,0.0181451607872,0,0,0,0,0,0,0.041582,0.108672,0.0266610000017,0.003367,0.00765200000004,-0.00271699999988
1263,2.526356206,-0.014456081844,-3.4559503663,-8.57022191207,0.130426706801,-0.0135419152999,-4.42739258191e-05,0,0,0,0,0,0,0.041582,0.108672,0.0266610000017,0.003367,0.00765200000004,-0.00271699999988
1264,2.528347922,0.26220675535,-3.81995867851,-8.76272783344,0.139969021631,0.00468643519554,0.0175132666676,0,0,0,0,0,0,0.041582,0.108672,0.0266610000017,0.003367,0.00765200000004,-0.00271699999988
1265,2.530359805,0.211824675669,-3.65683480535,-8.56744612016,0.128846901188,0.00332031791484,0.000181270492344,0,0,0,0,0,0,0.091582,0.118672000001,-0.0333399999981,0.000367,0.00465200000001,-0.000716999999926
1266,2.532358945,0.0996927840128,-3.41108302936,-8.59047653853,0.126809153619,-0.0029226434864,0.00658798465888,0,0,0,0,0,0,0.091582,0.118672000001,-0.0333399999981,0.000367,0.00465200000001,-0.000716999999926
1267,2.534361250,-0.00656060515514,-3.49934339074,-8.70280944924,0.122791952969,-0.00286008189553,0.00696127974217,0,0,0,0,0,0,0.091582,0.118672000001,-0.0333399999981,0.000367,0.00465200000001,-0.000716999999926
1268,2.536349960,0.0738380197233,-3.29520056583,-8.7276991871,0.117990663847,-1.98182657354e-05,0.00644557911156,0,0,0,0,0,0,0.091582,0.118672000001,-0.0333399999981,0.000367,0.00465200000001,-0.000716999999926
1269,2.538352065,0.475377628341,-3.81159309152,-9.11171334476,0.130886642406,0.00918924986756,0.00439963308703,0,0,0,0,0,0,0.101582,0.148671999997,0.156660000002,-0.002633,0.001652,0.000283000000026
1270,2.540350884,0.219238006973,-3.481567051,-8.89285596154,0.126392650734,-0.00490347280211,-0.00140442021022,0,0,0,0,0,0,0.101582,0.148671999997,0.156660000002,-0.002633,0.001652,0.000283000000026
1271,2.542352859,0.190422150046,-3.32793993395,-9.17357851863,0.115336058546,0.0135227156585,-0.000289666518726,0,0,0,0,0,0,0.101582,0.148671999997,0.156660000002,-0.002633,0.001652,0.000283000000026
1272,2.544351928,-0.494098882542,-3.26048332895,-8.75909723757,0.119276193605,-0.0157704761969,0.00255356187077,0,0,0,0,0,0,0.101582,0.148671999997,0.156660000002,-0.002633,0.001652,0.000283000000026
1273,2.546364453,-0.0442525438865,-3.54870077639,-8.67916171016,0.121737076863,-0.000898968552917,0.00475148092336,0,0,0,0,0,0,0.031582,0.0886719999993,0.0466590000014,0.007367,0.00765200000006,-0.00371699999988
1274,2.548358903,0.239322850407,-3.64789574947,-8.85633118283,0.127725453342,-0.00639967053925,0.00554470971857,0,0,0,0,0,0,0.031582,0.0886719999993,0.0466590000014,0.007367,0.00765200000006,-0.00371699999988
1275,2.550352672,-0.261378874661,-3.8501680206,-8.85396617825,0.137770655666,-0.0196490281433,0.00757599907794,0,0,0,0,0,0,0.031582,0.0886719999993,0.0466590000014,0.007367,0.00765200000006,-0.00371699999988
1276,2.552356521,0.184313311219,-3.67056343722,-8.72807652686,0.1412583962,-0.00117819769366,0.00994956686838,0,0,0,0,0,0,0.031582,0.0886719999993,0.0466590000014,0.007367,0.00765200000006,-0.00371699999988
1277,2.554357293,-0.207430371527,-3.69134204947,-8.74859588271,0.138695968236,-0.0213937342111,0.00533157491046,0,0,0,0,0,0,0.051582,0.118672000004,-0.253339999998,0.005367,0.00965200000008,-0.00471699999985
1278,2.556353657,-0.106504694606,-3.78526436256,-8.83388958121,0.141271796931,-0.0116619977355,0.0105557779448,0,0,0,0,0,0,0.051582,0.118672000004,-0.253339999998,0.005367,0.00965200000008,-0.00471699999985
1279,2.558346315,0.289533531641,-4.35484750263,-8.84081491177,0.163257757401,-0.00891535920687,0.0141246950198,0,0,0,0,0,0,0.051582,0.118672000004,-0.253339999998,0.005367,0.00965200000008,-0.00471699999985
1280,2.560343400,0.236921742893,-4.0905894756,-8.79120818766,0.158075108593,-0.00981916652318,0.0113368240606,0,0,0,0,0,0,0.051582,0.118672000004,-0.253339999998,0.005367,0.00965200000008,-0.00471699999985
1281,2.562354643,0.318907709475,-3.9324930405,-8.9771321479,0.152879636999,-0.0115810034288,0.00414767436504,0,0,0,0,0,0,0.001582,0.098672000001,-0.0633389999984,0.008367,0.0126520000001,-0.0057169999998
1282,2.564347080,0.321975934612,-3.83423381411,-9.21486014825,0.135464465347,0.00172825289641,0.00823685998022,0,0,0,0,0,0,0.001582,0.098672000001,-0.0633389999984,0.008367,0.0126520000001,-0.0057169999998
1283,2.566349956,-0.236192216949,-3.75993552383,-8.60800283352,0.147051882699,-0.0261164923463,0.00790091899625,0,0,0,0,0,0,0.001582,0.098672000001,-0.0633389999984,0.008367,0.0126520000001,-0.0057169999998
1284,2.568345389,-0.202768870505,-3.66256878013,-8.62137291791,0.150359938083,-0.0297603567633,0.0124206024924,0,0,0,0,0,0,0.001582,0.098672000001,-0.0633389999984,0.008367,0.0126520000001,-0.0057169999998
1285,2.570403969,0.464622140911,-3.24378036017,-8.82633502132,0.110518696257,0.0134221765245,0.0153078129418,0,0,0,0,0,0,0.011582,0.0986719999999,0.00666000000158,0.009367,0.0116520000001,-0.00571699999981
1286,2.572353636,0.521088621125,-3.53604631233,-8.65231432664,0.142922044452,-0.0127459323896,0.00485070992393,0,0,0,0,0,0,0.011582,0.0986719999999,0.00666000000158,0.009367,0.0116520000001,-0.00571699999981
1287,2.574345181,-0.312677403471,-3.79902197624,-8.41457047563,0.151278360125,-0.0298567672535,0.0092126674243,0,0,0,0,0,0,0.011582,0.0986719999999,0.00666000000158,0.009367,0.0116520000001,-0.00571699999981
1288,2.576352406,-0.191872683656,-3.75364659657,-8.80959935932,0.149051243834,-0.0268837750769,0.0154740614934,0,0,0,0,0,0,0.011582,0.0986719999999,0.00666000000158,0.009367,0.0116520000001,-0.00571699999981
1289,2.578383735,-0.402943909694,-3.77043107327,-8.82444719117,0.147173744693,-0.0408386463141,0.0115601330501,0,0,0,0,0,0,0.031582,0.108672000001,-0.0833399999983,0.005367,0.00965200000006,-0.00371699999985
1290,2.580361184,0.333264699732,-3.58414060279,-8.63046194689,0.14593380965,-0.0069410199124,0.0205392483787,0,0,0,0,0,0,0.031582,0.108672000001,-0.0833399999983,0.005367,0.00965200000006,-0.00371699999985
1291,2.582359262,0.271619057486,-4.14387879537,-8.44126816219,0.165912178775,-0.0204692347763,0.0159354753595,0,0,0,0,0,0,0.031582,0.108672000001,-0.0833399999983,0.005367,0.00965200000006,-0.00371699999985
1292,2.584362829,0.0472315996977,-3.68466752083,-8.83286816796,0.137457741801,-0.00832579596719,0.0116360548438,0,0,0,0,0,0,0.031582,0.108672000001,-0.0833399999983,0.005367,0.00965200000006,-0.00371699999985
1293,2.586369192,-0.0489402541282,-3.75255908708,-8.56678631932,0.139414706976,-0.0190145926679,0.00978934631545,0,0,0,0,0,0,-0.028418,0.108671999999,0.0466590000017,0.009367,0.0136520000001,-0.00571699999978
1294,2.588355618,-0.368003503102,-3.85756664734,-8.86151423528,0.146508456242,-0.0223491979339,0.000698574940872,0,0,0,0,0,0,-0.028418,0.108671999999,0.0466590000017,0.009367,0.0136520000001,-0.00571699999978
1295,2.590364696,0.321429985192,-3.93637495824,-8.94216023096,0.145004027232,0.00012610610505,0.0107655114432,0,0,0,0,0,0,-0.028418,0.108671999999,0.0466590000017,0.009367,0.0136520000001,-0.00571699999978
1296,2.592350481,-0.0860449888449,-3.92661603984,-8.80097322922,0.147399188667,-0.01529074831,0.0071011404053,0,0,0,0,0,0,-0.028418,0.108671999999,0.0466590000017,0.009367,0.0136520000001,-0.00571699999978
1297,2.594361302,0.0200015922525,-3.80116465327,-8.49665691631,0.151910070979,-0.0157484621104,0.00579439099717,0,0,0,0,0,0,0.041582,0.128672000001,-0.0733389999979,0.003367,0.00765200000004,-0.00271699999988
1298,2.596358448,-0.13109800034,-3.87586974258,-8.41502130416,0.143396032385,-0.0162078346461,0.00560196678741,0,0,0,0,0,0,0.041582,0.128672000001,-0.0733389999979,0.003367,0.00765200000004,-0.00271699999988
1299,2.598410797,-0.107618156417,-3.76370420526,-8.97845572151,0.140995132065,-0.00355457662428,0.00119894279103,0,0,0,0,0,0,0.041582,0.128672000001,-0.0733389999979,0.003367,0.00765200000004,-0.00271699999988
1300,2.600366074,-0.158949729842,-3.91969234516,-8.42840046827,0.156162507931,-0.0274981181522,0.00696123119779,0,0,0,0,0,0,0.041582,0.128672000001,-0.0733389999979,0.003367,0.00765200000004,-0.00271699999988
1301,2.602391082,0.054394772828,-4.11944748319,-8.60070077028,0.159684897937,-0.0218532937895,0.00817585987143,0,0,0,0,0,0,0.041582,0.118672,0.0166610000019,0.002367,0.00665200000004,-0.00271699999989
1302,2.604369322,-0.137240039349,-3.96779432846,-8.69215144894,0.153822274279,-0.016704598195,0.0186530099524,0,0,0,0,0,0,0.041582,0.118672,0.0166610000019,0.002367,0.00665200000004,-0.00271699999989
1303,2.606355417,-0.227253928021,-4.04481748439,-8.51505980195,0.152131279142,-0.0072643693244,0.00148412276104,0,0,0,0,0,0,0.041582,0.118672,0.0166610000019,0.002367,0.00665200000004,-0.00271699999989
1304,2.608369715,-0.0369462549,-3.84167207214,-8.15424394069,0.14489099212,-0.0132457746592,0.0119725631137,0,0,0,0,0,0,0.041582,0.118672,0.0166610000019,0.002367,0.00665200000004,-0.00271699999989
1305,2.610366921,0.174208494376,-4.02014608332,-8.39831428465,0.151364832578,0.000544598123307,0.0038889710203,0,0,0,0,0,0,0.071582,0.138671999998,0.0966610000022,-0.001633,0.00265200000001,-0.000716999999958
1306,2.612356362,-0.146952394986,-3.70392553574,-8.52719644504,0.138264806224,-0.0125093069812,0.0092941942681,0,0,0,0,0,0,0.071582,0.138671999998,0.0966610000022,-0.001633,0.00265200000001,-0.000716999999958
1307,2.614362525,0.000920076240648,-3.68276517062,-8.58370905254,0.141593311914,-0.0116936778799,0.0031807588121,0,0,0,0,0,0,0.071582,0.138671999998,0.0966610000022,-0.001633,0.00265200000001,-0.000716999999958
1308,2.616349902,-0.0158850702208,-3.73407952542,-8.59703403182,0.133333166618,-0.0101580619709,0.00722261918203,0,0,0,0,0,0,0.071582,0.138671999998,0.0966610000022,-0.001633,0.00265200000001,-0.000716999999958
1309,2.618374930,0.167944018968,-3.82883593689,-8.701382311,0.137991856316,0.00115908091327,0.00429369446096,0,0,0,0,0,0,0.081582,0.148671999998,0.136660000002,-0.001633,0.000652000000011,-0.00071699999999
1310,2.620358721,0.0423717694937,-3.74587391333,-8.94923353189,0.137629818722,-0.0115066703193,0.00553870427659,0,0,0,0,0,0,0.081582,0.148671999998,0.136660000002,-0.001633,0.000652000000011,-0.00071699999999
1311,2.622379762,-0.0598311352091,-3.43611200667,-8.46928333603,0.122512674136,-0.0101983884355,0.00802976463719,0,0,0,0,0,0,0.081582,0.148671999998,0.136660000002,-0.001633,0.000652000000011,-0.00071699999999
1312,2.624355527,0.33691102733,-3.88661694591,-8.49400450642,0.145845751765,-0.00253478238682,0.00986341560075,0,0,0,0,0,0,0.081582,0.148671999998,0.136660000002,-0.001633,0.000652000000011,-0.00071699999999
1313,2.626363533,0.392597316623,-3.85474351601,-8.35869572504,0.14180836364,0.00408007250341,0.0100732158886,0,0,0,0,0,0,0.021582,0.0986719999983,0.106661000002,0.007367,0.00965200000008,-0.00471699999985
1314,2.628364045,0.360642599382,-3.79430817202,-8.21522912905,0.144453461865,-0.00341670354778,-0.000317540320008,0,0,0,0,0,0,0.021582,0.0986719999983,0.106661000002,0.007367,0.00965200000008,-0.00471699999985
1315,2.630347044,-0.389551598756,-3.7892722068,-8.65609111849,0.136650310695,-0.0167426021241,0.00847689828175,0,0,0,0,0,0,0.021582,0.0986719999983,0.106661000002,0.007367,0.00965200000008,-0.00471699999985
1316,2.632366622,0.07560392011,-3.89103382387,-8.20508230464,0.152465016699,-0.0195025772678,0.016918491104,0,0,0,0,0,0,0.021582,0.0986719999983,0.106661000002,0.007367,0.00965200000008,-0.00471699999985
1317,2.634374818,-0.475434784481,-3.77036663801,-8.32838243903,0.132178471581,-0.015540150044,-0.00552683611733,0,0,0,0,0,0,0.071582,0.0886720000009,-0.0533389999986,0.005367,0.00665200000006,-0.00371699999989
1318,2.636361775,0.0618928483377,-3.73202272795,-8.42168690953,0.144404109088,-0.0121476516714,0.0112854477753,0,0,0,0,0,0,0.071582,0.0886720000009,-0.0533389999986,0.005367,0.00665200000006,-0.00371699999989
1319,2.638374420,0.186001857716,-4.31187937267,-8.45191946036,0.164419074562,-0.00594264026747,0.0107532651789,0,0,0,0,0,0,0.071582,0.0886720000009,-0.0533389999986,0.005367,0.00665200000006,-0.00371699999989
1320,2.640362238,0.089474257667,-3.98827422444,-7.95623667233,0.156530965892,-0.0186643011197,0.0141465727591,0,0,0,0,0,0,0.071582,0.0886720000009,-0.0533389999986,0.005367,0.00665200000006,-0.00371699999989
1321,2.642372779,-0.70175552664,-4.04459198651,-8.27451388915,0.157909601805,-0.0369452347533,0.0105183359591,0,0,0,0,0,0,0.101582,0.108672,0.0166610000017,0.001367,0.00265200000003,-0.00171699999996
1322,2.644371377,0.0242696502127,-3.81267409155,-8.17915613165,0.14883091226,-0.0272502714374,0.000157307761298,0,0,0,0,0,0,0.101582,0.108672,0.0166610000017,0.001367,0.00265200000003,-0.00171699999996
1323,2.646351311,0.250490513608,-4.18286543167,-7.77582039668,0.169238479874,-0.0353207469626,0.0184182998801,0,0,0,0,0,0,0.101582,0.108672,0.0166610000017,0.001367,0.00265200000003,-0.00171699999996
1324,2.648372732,-0.304190744544,-3.95373711374,-8.14148732759,0.170253433405,-0.0247785480415,0.0134513182222,0,0,0,0,0,0,0.101582,0.108672,0.0166610000017,0.001367,0.00265200000003,-0.00171699999996
1325,2.650363175,0.0960455843778,-3.96059870255,-8.08926606217,0.159746413382,-0.0150277669785,0.0111327408762,0,0,0,0,0,0,0.111582,0.128672,0.0266610000021,0.001367,0.00365200000001,-0.000716999999942
1326,2.652360862,-0.0850111545766,-3.64517412687,-8.5334069305,0.136757926211,-0.0115213005104,0.00963565595855,0,0,0,0,0,0,0.111582,0.128672,0.0266610000021,0.001367,0.00365200000001,-0.000716999999942
1327,2.654354041,0.375433665187,-4.13245116127,-8.70921735582,0.15106243398,-0.00333897256899,0.00942127410917,0,0,0,0,0,0,0.111582,0.128672,0.0266610000021,0.001367,0.00365200000001,-0.000716999999942
1328,2.656355294,-0.0881617705581,-3.56740041098,-8.89813111603,0.134915252325,-0.0173484537733,0.000935595120724,0,0,0,0,0,0,0.111582,0.128672,0.0266610000021,0.001367,0.00365200000001,-0.000716999999942
1329,2.658360134,-0.275883078869,-3.76311766582,-8.92894003279,0.125581205297,-0.0181713865164,0.00444987925612,0,0,0,0,0,0,0.081582,0.138672000001,-0.0733389999978,0.003367,0.00665200000004,-0.00271699999989
1330,2.660362730,0.478407610496,-3.80701426404,-8.58556732417,0.144663260619,-0.00505676485594,0.00950579485398,0,0,0,0,0,0,0.081582,0.138672000001,-0.0733389999978,0.003367,0.00665200000004,-0.00271699999989
1331,2.662355577,0.281818182629,-3.82667685925,-8.43196307677,0.138691469162,-0.00798995594221,0.0124620291728,0,0,0,0,0,0,0.081582,0.138672000001,-0.0733389999978,0.003367,0.00665200000004,-0.00271699999989
1332,2.664362151,0.0357923811528,-3.62203769784,-8.9951280751,0.12963663727,-0.00441510855974,0.00497261066328,0,0,0,0,0,0,0.081582,0.138672000001,-0.0733389999978,0.003367,0.00665200000004,-0.00271699999989
1333,2.666363595,0.206243896813,-3.51506365312,-8.7707870436,0.124933858341,-0.000986475348682,0.000837042158931,0,0,0,0,0,0,0.061582,0.0886720000034,-0.213340999999,0.006367,0.00865200000004,-0.00271699999986
1334,2.668360710,0.219765406623,-3.9534641759,-8.73756354416,0.151527709532,-0.0129367438862,0.0115131539337,0,0,0,0,0,0,0.061582,0.0886720000034,-0.213340999999,0.006367,0.00865200000004,-0.00271699999986
1335,2.670356113,-0.360121687864,-3.47583266242,-8.3201052343,0.139859646543,-0.033695561121,0.0151543939233,0,0,0,0,0,0,0.061582,0.0886720000034,-0.213340999999,0.006367,0.00865200000004,-0.00271699999986
1336,2.672371412,0.432058970502,-3.71956926785,-8.16374179666,0.147904332343,-0.012124267986,0.0159855012427,0,0,0,0,0,0,0.061582,0.0886720000034,-0.213340999999,0.006367,0.00865200000004,-0.00271699999986
1337,2.674390379,-0.155302074171,-3.98361047872,-8.31174140533,0.157358349119,-0.0306156648429,0.0183193067252,0,0,0,0,0,0,0.031582,0.0886719999986,0.0866600000014,0.006367,0.00765200000006,-0.00371699999988
1338,2.676366475,0.222315036877,-3.76572888799,-8.49124571344,0.145814245551,-0.019535875421,0.00801653604408,0,0,0,0,0,0,0.031582,0.0886719999986,0.0866600000014,0.006367,0.00765200000006,-0.00371699999988
1339,2.678354454,-0.118675226928,-3.84073279698,-8.48434401699,0.150413683713,-0.0191724045539,0.00876616460314,0,0,0,0,0,0,0.031582,0.0886719999986,0.0866600000014,0.006367,0.00765200000006,-0.00371699999988
1340,2.680358282,0.286423808037,-3.82818128402,-8.78341852411,0.147687923943,-0.00581161280563,0.0061814810337,0,0,0,0,0,0,0.031582,0.0886719999986,0.0866600000014,0.006367,0.00765200000006,-0.00371699999988
1341,2.682372059,-0.0509148882625,-3.72575533924,-8.59638394122,0.148140453336,-0.0150313802526,0.0119408384043,0,0,0,0,0,0,0.081582,0.108672,-0.0233399999983,0.003367,0.00365200000003,-0.00171699999994
1342,2.684361630,0.232701953863,-3.79526673,-8.6760838469,0.1429340518,-0.00984085760939,0.00656072057566,0,0,0,0,0,0,0.081582,0.108672,-0.0233399999983,0.003367,0.00365200000003,-0.00171699999994
1343,2.686354478,0.421287221154,-3.61365286592,-8.49855378083,0.144677989099,-0.0108310507833,0.00486855606971,0,0,0,0,0,0,0.081582,0.108672,-0.0233399999983,0.003367,0.00365200000003,-0.00171699999994
1344,2.688364929,0.291329424069,-3.91402347791,-8.28542299356,0.151583331097,-0.0151907027677,0.0135729082034,0,0,0,0,0,0,0.081582,0.108672,-0.0233399999983,0.003367,0.00365200000003,-0.00171699999994
1345,2.690373155,-0.555751348727,-4.06996214662,-8.22512314454,0.153862456784,-0.03663887131,0.0101558067323,0,0,0,0,0,0,0.041582,0.128671999998,0.126659000002,0.004367,0.00465200000004,-0.00271699999993
1346,2.692380440,0.0375791313365,-3.87148435472,-8.4529434354,0.147534842852,-0.0202735134724,0.00518285304099,0,0,0,0,0,0,0.041582,0.128671999998,0.126659000002,0.004367,0.00465200000004,-0.00271699999993
1347,2.694355825,-0.335336157157,-4.01275378314,-8.43910010868,0.158387735967,-0.0310620405979,0.00401139376896,0,0,0,0,0,0,0.041582,0.128671999998,0.126659000002,0.004367,0.00465200000004,-0.00271699999993
1348,2.696365013,0.121374502692,-4.14190398862,-8.47653255009,0.159970978869,-0.0253343798452,0.00142273547959,0,0,0,0,0,0,0.041582,0.128671999998,0.126659000002,0.004367,0.00465200000004,-0.00271699999993
1349,2.698419907,0.0844136549066,-4.00464431361,-8.34358232149,0.141723500603,-0.00282456389534,0.00242450295106,0,0,0,0,0,0,0.071582,0.118671999996,0.256660000002,0.000367,0.000652000000011,-0.00071699999999
1350,2.700377359,-0.0889259239496,-3.57062152446,-8.44151007587,0.126435574313,-0.00904080559474,0.00803660139723,0,0,0,0,0,0,0.071582,0.118671999996,0.256660000002,0.000367,0.000652000000011,-0.00071699999999
1351,2.702368403,0.289133132894,-3.86892219735,-8.66062958529,0.146391237612,-0.0127707358898,0.0137156828385,0,0,0,0,0,0,0.071582,0.118671999996,0.256660000002,0.000367,0.000652000000011,-0.00071699999999
1352,2.704374936,0.299503446095,-3.5442556053,-8.66118123019,0.134681963382,0.00140580076022,-0.00568827971137,0,0,0,0,0,0,0.071582,0.118671999996,0.256660000002,0.000367,0.000652000000011,-0.00071699999999
1353,2.706389865,-0.508288749692,-3.66998433274,-8.33884844679,0.13632374984,-0.0249977660719,0.00461842144935,0,0,0,0,0,0,0.121582,0.168671999998,0.116661000003,-0.003633,-0.000348000000005,0.000282999999994
1354,2.708369718,0.109382847793,-3.78198907882,-8.75528500348,0.139494635744,-0.00892922357253,0.00819213525074,0,0,0,0,0,0,0.121582,0.168671999998,0.116661000003,-0.003633,-0.000348000000005,0.000282999999994
1355,2.710360432,-0.469230681223,-3.95251081204,-8.83767424587,0.134100950202,-0.0128481848341,-0.00168752212894,0,0,0,0,0,0,0.121582,0.168671999998,0.116661000003,-0.003633,-0.000348000000005,0.000282999999994
1356,2.712359501,-0.0862563385517,-3.94945761604,-8.50007669617,0.148502506029,-0.00179186748907,0.00470711816515,0,0,0,0,0,0,0.121582,0.168671999998,0.116661000003,-0.003633,-0.000348000000005,0.000282999999994
1357,2.714366215,0.347722110046,-3.68369598138,-8.22064149598,0.151222040452,-0.00399765226137,0.0107918718994,0,0,0,0,0,0,0.101582,0.118671999995,0.316660000002,-0.001633,-0.001348,0.000282999999978
1358,2.716374812,-0.131440354576,-4.05491365141,-8.54345540802,0.146750308338,-0.0261587071732,0.00351912045944,0,0,0,0,0,0,0.101582,0.118671999995,0.316660000002,-0.001633,-0.001348,0.000282999999978
1359,2.718357551,0.268726319034,-3.67903449204,-8.87170718467,0.135364621893,0.00402203185777,0.00633987504227,0,0,0,0,0,0,0.101582,0.118671999995,0.316660000002,-0.001633,-0.001348,0.000282999999978
1360,2.720365577,-0.0154488652597,-3.74918954527,-8.80980935423,0.141656061245,-0.0209146895965,0.00998992305261,0,0,0,0,0,0,0.101582,0.118671999995,0.316660000002,-0.001633,-0.001348,0.000282999999978
1361,2.722385996,0.0398117808445,-3.69325624277,-8.40910764663,0.149834970276,-0.0103580360746,0.00389726596433,0,0,0,0,0,0,0.061582,0.118671999996,0.246660000002,0.001367,0.00365200000003,-0.00171699999994
1362,2.724368655,-0.215444202812,-4.19072326034,-8.40582639436,0.163424121645,-0.0307389043573,0.00610903999458,0,0,0,0,0,0,0.061582,0.118671999996,0.246660000002,0.001367,0.00365200000003,-0.00171699999994
1363,2.726370630,-0.0410898857286,-4.2131458242,-8.3280670162,0.166078767737,-0.0225967613156,0.0237060360037,0,0,0,0,0,0,0.061582,0.118671999996,0.246660000002,0.001367,0.00365200000003,-0.00171699999994
1364,2.728360973,-0.0736431681565,-4.19223179374,-8.57263495858,0.167946825371,-0.0101575242331,0.0134585917144,0,0,0,0,0,0,0.061582,0.118671999996,0.246660000002,0.001367,0.00365200000003,-0.00171699999994
1365,2.730364751,-0.276623648673,-3.52407620154,-8.88134116124,0.123796950724,-0.0107471052524,-0.0030658523456,0,0,0,0,0,0,0.061582,0.0986719999986,0.0866600000016,0.003367,0.00365200000003,-0.00171699999994
1366,2.732364552,-0.438260806713,-4.0011620041,-8.27196143012,0.166982182556,-0.0386625570768,0.0161284370602,0,0,0,0,0,0,0.061582,0.0986719999986,0.0866600000016,0.003367,0.00365200000003,-0.00171699999994
1367,2.734367118,-0.044231252311,-3.9571322764,-8.26483596451,0.157443159589,-0.0236721556116,0.018343244136,0,0,0,0,0,0,0.061582,0.0986719999986,0.0866600000016,0.003367,0.00365200000003,-0.00171699999994
1368,2.736375093,0.0295676451617,-4.22372599654,-8.38483169262,0.169053528253,-0.0254766412753,0.0125011788108,0,0,0,0,0,0,0.061582,0.0986719999986,0.0866600000016,0.003367,0.00365200000003,-0.00171699999994
1369,2.738373611,0.023103866524,-4.16834921511,-8.42414172054,0.159188838822,-0.0184088361549,0.0107397662912,0,0,0,0,0,0,-0.018418,0.0486719999965,0.216660000001,0.011367,0.0116520000001,-0.00471699999981
1370,2.740359346,0.135074070595,-4.01444640622,-8.39327370933,0.160002393721,-0.0162104787614,0.0102773289153,0,0,0,0,0,0,-0.018418,0.0486719999965,0.216660000001,0.011367,0.0116520000001,-0.00471699999981
1371,2.742368193,-0.321288757614,-3.60064898992,-8.70851112753,0.144404804971,-0.0235736703855,0.00751979030236,0,0,0,0,0,0,-0.018418,0.0486719999965,0.216660000001,0.011367,0.0116520000001,-0.00471699999981
1372,2.744357314,0.04903579132,-4.1405936838,-8.70042077039,0.152988992279,-0.00931871977356,0.00861675981799,0,0,0,0,0,0,-0.018418,0.0486719999965,0.216660000001,0.011367,0.0116520000001,-0.00471699999981
1373,2.746381631,0.208559845057,-3.58980111685,-8.78627589956,0.135595900656,-0.00182706653133,0.00308249632956,0,0,0,0,0,0,0.041582,0.0786719999975,0.156660000001,0.005367,0.00665200000004,-0.00271699999989
1374,2.748357146,-0.300137634945,-3.87053279164,-8.81200841688,0.140891549998,-0.0155688702634,-0.00181277450208,0,0,0,0,0,0,0.041582,0.0786719999975,0.156660000001,0.005367,0.00665200000004,-0.00271699999989
1375,2.750369140,-0.495522268782,-3.85976055837,-8.56962151342,0.147089157046,-0.0311327564518,0.00596425234153,0,0,0,0,0,0,0.041582,0.0786719999975,0.156660000001,0.005367,0.00665200000004,-0.00271699999989
1376,2.752355105,0.076189758135,-3.70447562885,-8.61921942487,0.146608129277,-0.0178613300661,0.0150366371361,0,0,0,0,0,0,0.041582,0.0786719999975,0.156660000001,0.005367,0.00665200000004,-0.00271699999989
1377,2.754368931,0.321050176569,-3.89318955817,-8.4876687198,0.152052981602,-0.0134276391274,0.00705400649316,0,0,0,0,0,0,0.021582,0.108671999997,0.196661000002,0.001367,0.00465200000003,-0.00171699999993
1378,2.756372970,0.101651765627,-3.77328283705,-8.24212610069,0.145452653592,-0.00958315016537,0.0161806411722,0,0,0,0,0,0,0.021582,0.108671999997,0.196661000002,0.001367,0.00465200000003,-0.00171699999993
1379,2.758382699,-0.626894236599,-3.74760481129,-8.79241365648,0.142838128999,-0.0323264132403,0.00792394948728,0,0,0,0,0,0,0.021582,0.108671999997,0.196661000002,0.001367,0.00465200000003,-0.00171699999993
1380,2.760352504,-0.533016643167,-3.52685027001,-8.77974279625,0.131851658839,-0.0233306081481,0.000780505371586,0,0,0,0,0,0,0.021582,0.108671999997,0.196661000002,0.001367,0.00465200000003,-0.00171699999993
1381,2.762359468,-0.514922396716,-4.15247858526,-8.87151476112,0.14766140856,-0.027217080495,0.0118083905834,0,0,0,0,0,0,0.041582,0.0486719999964,0.226660000001,0.004367,0.00365200000001,-0.000716999999942
1382,2.764365831,0.139984937208,-3.96993251371,-8.50117593239,0.15776576546,-0.0135768444423,0.0165780704333,0,0,0,0,0,0,0.041582,0.0486719999964,0.226660000001,0.004367,0.00365200000001,-0.000716999999942
1383,2.766362165,-0.144852299741,-3.72564467747,-8.75225715143,0.14042456365,-0.00971276065139,0.0145294476062,0,0,0,0,0,0,0.041582,0.0486719999964,0.226660000001,0.004367,0.00365200000001,-0.000716999999942
1384,2.768360333,-0.00809972287603,-3.59812784951,-8.35108107234,0.144083618058,-0.0207123295628,0.0100045293546,0,0,0,0,0,0,0.041582,0.0486719999964,0.226660000001,0.004367,0.00365200000001,-0.000716999999942
1385,2.770412281,0.121342765051,-3.78848293574,-8.66231385002,0.138372266828,-0.0116699429268,0.00859603028731,0,0,0,0,0,0,0.111582,0.0886719999964,0.226660000001,-0.004633,-0.00334800000004,0.00228299999995
1386,2.772359213,-0.622525050373,-3.83169172639,-8.54749426089,0.140208234866,-0.0200585731457,-0.00848006179332,0,0,0,0,0,0,0.111582,0.0886719999964,0.226660000001,-0.004633,-0.00334800000004,0.00228299999995
1387,2.774352241,-0.144320920113,-3.94076175665,-8.8734231788,0.145275390527,-0.00858735243866,-0.00584863764996,0,0,0,0,0,0,0.111582,0.0886719999964,0.226660000001,-0.004633,-0.00334800000004,0.00228299999995
1388,2.776360367,0.32233545356,-3.78834313914,-8.17859724169,0.14349014771,-0.0177198558584,0.00661178785601,0,0,0,0,0,0,0.111582,0.0886719999964,0.226660000001,-0.004633,-0.00334800000004,0.00228299999995
1389,2.778373964,-0.32360136649,-3.7697072151,-8.58109673057,0.149803500042,-0.0256267724915,0.00993419754007,0,0,0,0,0,0,0.051582,0.0686719999956,0.276661000001,-0.000633,-0.000348000000005,0.000282999999994
1390,2.780360650,-0.409134185224,-3.95033650079,-8.96448849124,0.140324515039,-0.00670404414156,-0.00344558799939,0,0,0,0,0,0,0.051582,0.0686719999956,0.276661000001,-0.000633,-0.000348000000005,0.000282999999994
1391,2.782352305,0.0425332839241,-4.09335829297,-8.45038811569,0.160698373586,-0.0204295405506,0.0196038935592,0,0,0,0,0,0,0.051582,0.0686719999956,0.276661000001,-0.000633,-0.000348000000005,0.000282999999994
1392,2.784345414,-0.4631160504,-3.86850009012,-8.15921921698,0.156381372393,-0.0348892834991,0.00200888419208,0,0,0,0,0,0,0.051582,0.0686719999956,0.276661000001,-0.000633,-0.000348000000005,0.000282999999994
1393,2.786353400,-0.528575887235,-3.67421910168,-8.02268214572,0.157914278865,-0.0415433251452,0.00908052833396,0,0,0,0,0,0,0.031582,0.0786719999983,0.106661000001,0.004367,0.00565200000004,-0.00271699999991
1394,2.788348411,0.0264677702641,-3.79298732875,-8.51127420472,0.154962345577,-0.0166976056298,0.0121232726906,0,0,0,0,0,0,0.031582,0.0786719999983,0.106661000001,0.004367,0.00565200000004,-0.00271699999991
1395,2.790366997,-0.21564440574,-3.83935197874,-8.62057261776,0.146160446564,-0.0181922259181,-0.00190571491574,0,0,0,0,0,0,0.031582,0.0786719999983,0.106661000001,0.004367,0.00565200000004,-0.00271699999991
1396,2.792389530,0.51421834685,-3.60168369471,-8.78110448477,0.141648093603,-0.000206946733381,0.0111332726285,0,0,0,0,0,0,0.031582,0.0786719999983,0.106661000001,0.004367,0.00565200000004,-0.00271699999991
1397,2.794381716,-0.0261187841976,-3.46977082398,-8.68815606653,0.133783848069,-0.018007088362,0.00295771116575,0,0,0,0,0,0,0.031582,0.0786719999988,0.0766600000013,0.003367,0.00665200000003,-0.00171699999989
1398,2.796379704,-0.194986501507,-3.84709837554,-8.7987949202,0.134926363126,-0.0130144249834,0.000386958315404,0,0,0,0,0,0,0.031582,0.0786719999988,0.0766600000013,0.003367,0.00665200000003,-0.00171699999989
1399,2.798423787,0.286773265516,-3.93869895439,-8.75824603055,0.148929830462,-0.0010290264042,-0.000504282811841,0,0,0,0,0,0,0.031582,0.0786719999988,0.0766600000013,0.003367,0.00665200000003,-0.00171699999989
1400,2.800392320,-0.0432673149397,-4.21885083179,-8.49574453254,0.158731874078,-0.0166403091046,0.00591333246654,0,0,0,0,0,0,0.031582,0.0786719999988,0.0766600000013,0.003367,0.00665200000003,-0.00171699999989
1401,2.802361934,0.0151497386665,-3.83373121547,-8.89441737672,0.137135275954,-0.00585725445403,0.00447224076767,0,0,0,0,0,0,-0.018418,0.0686720000007,-0.0433409999989,0.009367,0.0116520000001,-0.00571699999981
1402,2.804366013,0.0788049849713,-4.06003151212,-8.6241825029,0.157252873359,-0.0100593879543,0.0122523764759,0,0,0,0,0,0,-0.018418,0.0686720000007,-0.0433409999989,0.009367,0.0116520000001,-0.00571699999981
1403,2.806348280,-0.37774609576,-3.36724893168,-8.25113779894,0.143199625645,-0.0393924723732,0.00629239513913,0,0,0,0,0,0,-0.018418,0.0686720000007,-0.0433409999989,0.009367,0.0116520000001,-0.00571699999981
1404,2.808352279,-0.315440585659,-3.36783085337,-8.82131811734,0.125645424078,-0.0109355082048,0.0027854481662,0,0,0,0,0,0,-0.018418,0.0686720000007,-0.0433409999989,0.009367,0.0116520000001,-0.00571699999981
1405,2.810361898,-0.467649643282,-4.07868174932,-8.50240579788,0.16013076955,-0.0314220104957,0.00741897085598,0,0,0,0,0,0,0.051582,0.0686719999997,0.0166610000011,0.003367,0.00565200000004,-0.00271699999991
1406,2.812355327,0.105417799373,-4.18367929466,-8.33956999893,0.169918591977,-0.0275978570333,0.0180175194291,0,0,0,0,0,0,0.051582,0.0686719999997,0.0166610000011,0.003367,0.00565200000004,-0.00271699999991
1407,2.814351441,-0.0189897459003,-4.15790503414,-8.02839533821,0.168949518757,-0.0310672571857,0.0194998276851,0,0,0,0,0,0,0.051582,0.0686719999997,0.0166610000011,0.003367,0.00565200000004,-0.00271699999991
1408,2.816390465,-0.345523084497,-3.56702839637,-8.56986303096,0.137010343685,-0.0171518939988,-0.000811907925024,0,0,0,0,0,0,0.051582,0.0686719999997,0.0166610000011,0.003367,0.00565200000004,-0.00271699999991
1409,2.818391567,-0.124025901513,-4.09016727056,-8.83419575481,0.149644321337,-0.0132426744895,0.0102049794242,0,0,0,0,0,0,0.051582,0.0686720000005,-0.0333399999989,0.003367,0.00565200000003,-0.00171699999991
1410,2.820393372,-0.0921974723524,-3.72392753165,-8.3251461555,0.141959641115,-0.0218831479995,0.00667788496646,0,0,0,0,0,0,0.051582,0.0686720000005,-0.0333399999989,0.003367,0.00565200000003,-0.00171699999991
1411,2.822374257,-0.253392645169,-4.18149214373,-8.52509072461,0.146517343283,-0.00366525191782,0.00896736247081,0,0,0,0,0,0,0.051582,0.0686720000005,-0.0333399999989,0.003367,0.00565200000003,-0.00171699999991
1412,2.824375821,0.214048615839,-3.97768201505,-8.39293681508,0.145822036372,-0.00880260297667,0.0107698544819,0,0,0,0,0,0,0.051582,0.0686720000005,-0.0333399999989,0.003367,0.00565200000003,-0.00171699999991
1413,2.826359031,0.0316405569149,-3.62012712933,-8.79376903853,0.133645898077,-0.013770540101,0.00391254737051,0,0,0,0,0,0,0.031582,0.0486720000004,-0.0233399999992,0.008367,0.00865200000006,-0.00371699999986
1414,2.828356277,0.0125958406149,-3.95385309864,-8.3219180651,0.15932077539,-0.0167205463142,0.0131618159039,0,0,0,0,0,0,0.031582,0.0486720000004,-0.0233399999992,0.008367,0.00865200000006,-0.00371699999986
1415,2.830345338,0.172965041863,-3.88945225517,-8.33685798618,0.153603721637,-0.0171467730754,0.0139807352958,0,0,0,0,0,0,0.031582,0.0486720000004,-0.0233399999992,0.008367,0.00865200000006,-0.00371699999986
1416,2.832362831,0.0588359322936,-3.83392169488,-8.28212750235,0.153895129952,-0.0207149406906,0.00886392887295,0,0,0,0,0,0,0.031582,0.0486720000004,-0.0233399999992,0.008367,0.00865200000006,-0.00371699999986
1417,2.834379183,0.0929401184272,-4.12507486657,-8.28840288963,0.163159418667,-0.0201851564675,0.0133161168376,0,0,0,0,0,0,0.101582,0.138672,-0.0233399999978,0.000367,0.00365200000003,-0.00171699999994
1418,2.836369967,-0.115989152475,-4.19465377682,-8.32464982264,0.163713948669,-0.0229493240871,0.00519916954361,0,0,0,0,0,0,0.101582,0.138672,-0.0233399999978,0.000367,0.00365200000003,-0.00171699999994
1419,2.838354078,0.144391786097,-4.04709636866,-8.24367559064,0.160776176124,-0.00410534836774,0.00648894924369,0,0,0,0,0,0,0.101582,0.138672,-0.0233399999978,0.000367,0.00365200000003,-0.00171699999994
1420,2.840362325,-0.277529277834,-3.84357918251,-8.45935086777,0.145524287905,-0.0204523476692,0.0125652851616,0,0,0,0,0,0,0.101582,0.138672,-0.0233399999978,0.000367,0.00365200000003,-0.00171699999994
1421,2.842355734,0.0896074159399,-4.12218442953,-8.27333544404,0.161536147106,-0.0187233624705,0.0121176022825,0,0,0,0,0,0,0.071582,0.0886720000017,-0.103339999999,0.005367,0.00865200000006,-0.00371699999986
1422,2.844369029,0.0955267977191,-4.15363933011,-8.43619329707,0.158757108779,-0.0182634087554,0.00293164056774,0,0,0,0,0,0,0.071582,0.0886720000017,-0.103339999999,0.005367,0.00865200000006,-0.00371699999986
1423,2.846354162,-0.105438229173,-3.88273137113,-9.15593050581,0.13205699192,-0.00468820529622,0.00534497957144,0,0,0,0,0,0,0.071582,0.0886720000017,-0.103339999999,0.005367,0.00865200000006,-0.00371699999986
1424,2.848358492,-0.0609799123931,-3.94245156811,-8.68099281303,0.148238169738,-0.00843046263396,0.00524621660533,0,0,0,0,0,0,0.071582,0.0886720000017,-0.103339999999,0.005367,0.00865200000006,-0.00371699999986
1425,2.850353403,0.033177110456,-4.08146713517,-8.20117135904,0.163613522931,-0.0218591088867,0.0105330352549,0,0,0,0,0,0,0.061582,0.108672000001,-0.0333399999983,0.004367,0.00765200000004,-0.00271699999988
1426,2.852362652,0.203648825804,-3.8547612996,-8.09689840344,0.15495613769,-0.0140286739111,0.0185732327489,0,0,0,0,0,0,0.061582,0.108672000001,-0.0333399999983,0.004367,0.00765200000004,-0.00271699999988
1427,2.854354067,0.418080726719,-3.8842448121,-8.21282989454,0.146749408935,-0.00448585163315,0.0158475603561,0,0,0,0,0,0,0.061582,0.108672000001,-0.0333399999983,0.004367,0.00765200000004,-0.00271699999988
1428,2.856359849,0.162542914056,-4.11657909177,-8.17852239296,0.155441292107,-0.0119742433739,0.00795998807527,0,0,0,0,0,0,0.061582,0.108672000001,-0.0333399999983,0.004367,0.00765200000004,-0.00271699999988
1429,2.858352536,0.369402193627,-3.72288073894,-8.29116250029,0.150370290121,-0.0151855239314,0.00780471343355,0,0,0,0,0,0,0.031582,0.0886720000034,-0.213340999999,0.009367,0.0116520000001,-0.00471699999981
1430,2.860362776,-0.710366304521,-4.23604254126,-8.58111344099,0.151957129444,-0.033769931625,0.00202119621247,0,0,0,0,0,0,0.031582,0.0886720000034,-0.213340999999,0.009367,0.0116520000001,-0.00471699999981
1431,2.862351356,0.0782054455154,-4.09669339476,-8.59561628531,0.147816035004,-0.0152483725411,0.0109560611119,0,0,0,0,0,0,0.031582,0.0886720000034,-0.213340999999,0.009367,0.0116520000001,-0.00471699999981
1432,2.864377626,-0.116456040585,-4.0921084113,-8.82291853558,0.145869906029,-0.00654341643757,0.00821887970208,0,0,0,0,0,0,0.031582,0.0886720000034,-0.213340999999,0.009367,0.0116520000001,-0.00471699999981
1433,2.866360065,-0.0178514965235,-3.64339126615,-8.7349371228,0.131351723982,0.00986693503608,0.00760989710193,0,0,0,0,0,0,0.061582,0.158672000001,-0.0333399999975,0.002367,0.00665200000003,-0.00171699999989
1434,2.868367079,0.208858818913,-3.87688466331,-8.64240012415,0.144337180975,-0.00688009409391,0.00479834039673,0,0,0,0,0,0,0.061582,0.158672000001,-0.0333399999975,0.002367,0.00665200000003,-0.00171699999989
1435,2.870362251,-0.358976444314,-3.81005033304,-8.51927209467,0.146106244419,-0.0327827388843,0.0108426059525,0,0,0,0,0,0,0.061582,0.158672000001,-0.0333399999975,0.002367,0.00665200000003,-0.00171699999989
1436,2.872362091,-0.143220060681,-3.86067655477,-8.71810783173,0.143239322673,-0.00967718711149,0.007413539219,0,0,0,0,0,0,0.061582,0.158672000001,-0.0333399999975,0.002367,0.00665200000003,-0.00171699999989
1437,2.874366931,0.287719729384,-3.63497800755,-9.01016844647,0.133836617626,0.00941446547884,0.00248000459733,0,0,0,0,0,0,0.031582,0.0886719999964,0.226660000001,0.004367,0.00465200000001,-0.000716999999926
1438,2.876363456,0.0329892384649,-3.74437150043,-8.25799448353,0.142335954396,-0.0166323170145,0.00807713277349,0,0,0,0,0,0,0.031582,0.0886719999964,0.226660000001,0.004367,0.00465200000001,-0.000716999999926
1439,2.878357275,-0.0672535684301,-3.93679403332,-7.98564721701,0.154796663456,-0.0235947086857,0.00829412048621,0,0,0,0,0,0,0.031582,0.0886719999964,0.226660000001,0.004367,0.00465200000001,-0.000716999999926
1440,2.880376402,0.216109623083,-3.96105210366,-8.05816866702,0.163790712443,-0.0181390175523,0.0136730100778,0,0,0,0,0,0,0.031582,0.0886719999964,0.226660000001,0.004367,0.00465200000001,-0.000716999999926
1441,2.882368028,0.316412505532,-4.04114079721,-8.24781884359,0.15480891017,-0.00955595102991,0.00639315931003,0,0,0,0,0,0,0.071582,0.128671999999,0.0766600000021,-0.000633,-0.000348000000021,0.00128299999999
1442,2.884375553,0.256720742827,-4.03089310801,-8.74001313302,0.137998398225,0.00968258846094,0.00625112059322,0,0,0,0,0,0,0.071582,0.128671999999,0.0766600000021,-0.000633,-0.000348000000021,0.00128299999999
1443,2.886367689,-0.325508996356,-3.75714433758,-8.22582014566,0.145830713641,-0.021148667848,0.016652624212,0,0,0,0,0,0,0.071582,0.128671999999,0.0766600000021,-0.000633,-0.000348000000021,0.00128299999999
1444,2.888362781,-0.10568499904,-3.97562465642,-8.03187269665,0.157762084294,-0.0253791420919,0.0156789138078,0,0,0,0,0,0,0.071582,0.128671999999,0.0766600000021,-0.000633,-0.000348000000021,0.00128299999999
1445,2.890361129,-0.072278912791,-3.93635826604,-8.28481419383,0.158107755195,-0.0241221423744,0.0151126225799,0,0,0,0,0,0,0.031582,0.088671999998,0.126659000001,0.002367,0.00465200000003,-0.00171699999993
1446,2.892361862,-0.285323032381,-3.8266329736,-8.03324738094,0.155465002104,-0.0310940022641,0.00583594146417,0,0,0,0,0,0,0.031582,0.088671999998,0.126659000001,0.002367,0.00465200000003,-0.00171699999993
1447,2.894358336,0.325591165393,-3.73310507085,-7.95212207985,0.152423297276,-0.0104881124111,0.0115459305429,0,0,0,0,0,0,0.031582,0.088671999998,0.126659000001,0.002367,0.00465200000003,-0.00171699999993
1448,2.896364198,0.202559917534,-4.3634616402,-8.34737624414,0.15452363381,-0.00396252680036,0.00655529889198,0,0,0,0,0,0,0.031582,0.088671999998,0.126659000001,0.002367,0.00465200000003,-0.00171699999993
1449,2.898378155,-0.133742578928,-3.94729191873,-8.36940317398,0.148863640082,-0.0154728023392,0.0101891728433,0,0,0,0,0,0,0.081582,0.0986719999977,0.146660000002,0.000367,0.000651999999995,0.00028300000001
1450,2.900406329,-0.00269947758548,-3.42479567093,-8.22009797113,0.12931431496,-0.00850839780147,0.00924078929172,0,0,0,0,0,0,0.081582,0.0986719999977,0.146660000002,0.000367,0.000651999999995,0.00028300000001
1451,2.902376664,0.383747102305,-3.81464860406,-8.62049398211,0.12998030832,-0.00180366319125,0.0103988478596,0,0,0,0,0,0,0.081582,0.0986719999977,0.146660000002,0.000367,0.000651999999995,0.00028300000001
1452,2.904364924,0.229818713676,-3.89052850653,-8.26255294986,0.141319066388,-0.0103656292921,0.00255959585997,0,0,0,0,0,0,0.081582,0.0986719999977,0.146660000002,0.000367,0.000651999999995,0.00028300000001
1453,2.906379742,-0.557407288359,-3.80355494266,-8.38695407512,0.147697600806,-0.0247281170436,0.0069814328587,0,0,0,0,0,0,0.031582,0.0586719999989,0.0666600000009,0.006367,0.00665200000006,-0.00371699999989
1454,2.908378311,-0.0945944663485,-3.80740556582,-8.37651390685,0.147697704647,-0.0159945091081,0.00799484864281,0,0,0,0,0,0,0.031582,0.0586719999989,0.0666600000009,0.006367,0.00665200000006,-0.00371699999989
1455,2.910361581,-0.522756628388,-3.80749545343,-7.9415154433,0.151729087881,-0.030259545423,0.00559896359751,0,0,0,0,0,0,0.031582,0.0586719999989,0.0666600000009,0.006367,0.00665200000006,-0.00371699999989
1456,2.912358025,-0.240600974227,-3.54642161909,-8.33922292449,0.128198286383,-0.0107414994489,0.00147844316558,0,0,0,0,0,0,0.031582,0.0586719999989,0.0666600000009,0.006367,0.00665200000006,-0.00371699999989
1457,2.914365049,-0.0589032256333,-4.12417506145,-8.18052226627,0.1581127175,-0.0151052139089,7.09491146207e-05,0,0,0,0,0,0,0.031582,0.0686720000018,-0.113339999999,0.007367,0.00865200000008,-0.00471699999986
1458,2.916364028,0.198374024054,-3.96589810282,-8.02217156821,0.155315307133,-0.0199707499366,0.0160275350234,0,0,0,0,0,0,0.031582,0.0686720000018,-0.113339999999,0.007367,0.00865200000008,-0.00471699999986
1459,2.918350204,-0.360504650725,-3.97303601129,-8.19768205436,0.14841880899,-0.0299280396555,0.0161651162482,0,0,0,0,0,0,0.031582,0.0686720000018,-0.113339999999,0.007367,0.00865200000008,-0.00471699999986
1460,2.920366485,0.393262581202,-3.9411643423,-8.38245912705,0.158943720514,-0.0100508681318,0.0113887100134,0,0,0,0,0,0,0.031582,0.0686720000018,-0.113339999999,0.007367,0.00865200000008,-0.00471699999986
1461,2.922387285,0.0249816946756,-3.8318010622,-7.90496008499,0.153780742737,-0.0170664235833,0.00622754633056,0,0,0,0,0,0,0.061582,0.088672000001,-0.0633389999986,0.004367,0.00565200000004,-0.00271699999991
1462,2.924374152,-0.406606038026,-3.68897462617,-8.14386549844,0.151187079272,-0.0368791056508,0.00994063312667,0,0,0,0,0,0,0.061582,0.088672000001,-0.0633389999986,0.004367,0.00565200000004,-0.00271699999991
1463,2.926358494,-0.0950704996774,-3.63243125406,-8.229434623,0.14149396746,-0.0179467550228,0.00433266582219,0,0,0,0,0,0,0.061582,0.088672000001,-0.0633389999986,0.004367,0.00565200000004,-0.00271699999991
1464,2.928364105,0.147553101551,-3.80894094317,-8.14647228682,0.148586827549,-0.0109041973034,0.0160694126751,0,0,0,0,0,0,0.061582,0.088672000001,-0.0633389999986,0.004367,0.00565200000004,-0.00271699999991
1465,2.930368604,0.155700285232,-3.92024234907,-8.07471164161,0.149676801758,-0.0125788704507,0.00705694229068,0,0,0,0,0,0,0.091582,0.0986720000002,-0.0133399999984,0.002367,0.00365200000003,-0.00171699999994
1466,2.932368716,0.179840660144,-4.41095428877,-7.88910330411,0.160129131501,4.39421777756e-05,0.0031381833128,0,0,0,0,0,0,0.091582,0.0986720000002,-0.0133399999984,0.002367,0.00365200000003,-0.00171699999994
1467,2.934365851,-0.252372492957,-3.82675216044,-8.17092728254,0.147004056001,-0.0184542586668,0.0150156627921,0,0,0,0,0,0,0.091582,0.0986720000002,-0.0133399999984,0.002367,0.00365200000003,-0.00171699999994
1468,2.936360142,-0.0760700659969,-4.23680984774,-8.07409683513,0.155541217602,-0.0201259512058,0.00734676614239,0,0,0,0,0,0,0.091582,0.0986720000002,-0.0133399999984,0.002367,0.00365200000003,-0.00171699999994
1469,2.938378026,-0.0366654598933,-4.2571459197,-8.19303726284,0.166661909405,-0.0206435886155,0.011261888549,0,0,0,0,0,0,0.081582,0.0886720000029,-0.183339999999,0.003367,0.00665200000006,-0.00371699999989
1470,2.940369211,0.0192934441251,-3.58059507164,-8.3608610489,0.136482156766,-0.00999145606297,0.00725469240052,0,0,0,0,0,0,0.081582,0.0886720000029,-0.183339999999,0.003367,0.00665200000006,-0.00371699999989
1471,2.942358482,-0.0612634383658,-4.07737811366,-8.60328614442,0.155041816469,-0.0125447567633,0.00663849962199,0,0,0,0,0,0,0.081582,0.0886720000029,-0.183339999999,0.003367,0.00665200000006,-0.00371699999989
1472,2.944359224,-0.133286826519,-3.90192758675,-8.1534781555,0.140763907864,-0.0175059497658,0.00285320583932,0,0,0,0,0,0,0.081582,0.0886720000029,-0.183339999999,0.003367,0.00665200000006,-0.00371699999989
1473,2.946377460,-0.0394056841839,-4.15392109417,-8.37956983474,0.150540909954,-0.0238702198409,0.00589863251883,0,0,0,0,0,0,0.071582,0.0886720000036,-0.223338999999,0.006367,0.00865200000009,-0.00571699999986
1474,2.948380737,0.40021760729,-4.11038345555,-8.16319579961,0.152807507077,-0.0172891019216,0.0143766028454,0,0,0,0,0,0,0.071582,0.0886720000036,-0.223338999999,0.006367,0.00865200000009,-0.00571699999986
1475,2.950364347,-0.014478249134,-4.11906020727,-8.1390570747,0.153490359134,-0.0129483399222,0.00649772805792,0,0,0,0,0,0,0.071582,0.0886720000036,-0.223338999999,0.006367,0.00865200000009,-0.00571699999986
1476,2.952358457,-0.154259635081,-3.54005876459,-8.75863722739,0.130522326862,-0.00349944281494,0.00365917389801,0,0,0,0,0,0,0.071582,0.0886720000036,-0.223338999999,0.006367,0.00865200000009,-0.00571699999986
1477,2.954364539,0.305009446742,-3.80230904638,-8.09857997276,0.151538176379,-0.0122171544204,0.00782261143297,0,0,0,0,0,0,0.021582,0.108672000002,-0.103339999998,0.006367,0.00865200000006,-0.00371699999986
1478,2.956363088,0.140984477926,-4.19715723942,-8.18991573828,0.162865047278,-0.0186556944364,0.0153953374682,0,0,0,0,0,0,0.021582,0.108672000002,-0.103339999998,0.006367,0.00865200000006,-0.00371699999986
1479,2.958372997,0.240300009411,-3.66659517971,-8.25855829787,0.135656189053,0.00379576261714,0.00962667563704,0,0,0,0,0,0,0.021582,0.108672000002,-0.103339999998,0.006367,0.00865200000006,-0.00371699999986
1480,2.960386924,-0.224839421639,-3.69979606723,-8.63322784888,0.141132148527,-0.0148881782608,0.0200860758562,0,0,0,0,0,0,0.021582,0.108672000002,-0.103339999998,0.006367,0.00865200000006,-0.00371699999986
1481,2.962378400,-0.140340297221,-3.85050797809,-8.66484333872,0.140696349403,-0.0169744437665,0.00888972665528,0,0,0,0,0,0,0.041582,0.0886719999997,0.0166610000014,0.004367,0.00765200000004,-0.00271699999988
1482,2.964360878,-0.31216121435,-3.82994168808,-8.38388343735,0.146358449779,-0.0138484833964,0.00943681803986,0,0,0,0,0,0,0.041582,0.0886719999997,0.0166610000014,0.004367,0.00765200000004,-0.00271699999988
1483,2.966352744,0.148626379957,-3.85768522069,-8.31804037021,0.13955703696,0.00514308910007,0.013944214979,0,0,0,0,0,0,0.041582,0.0886719999997,0.0166610000014,0.004367,0.00765200000004,-0.00271699999988
1484,2.968359738,0.295828525734,-3.86439909934,-8.42901269436,0.132531406016,0.0161162395114,0.00195010766695,0,0,0,0,0,0,0.041582,0.0886719999997,0.0166610000014,0.004367,0.00765200000004,-0.00271699999988
1485,2.970404523,-0.0150384819184,-3.97534649863,-8.24365415062,0.147403854124,-0.00871210230818,0.00618655157034,0,0,0,0,0,0,0.041582,0.118672000001,-0.0433409999981,0.001367,0.00665200000003,-0.00171699999989
1486,2.972359119,0.533938188266,-4.30855779985,-8.23382730822,0.163319764848,0.00745824923289,0.0103476902121,0,0,0,0,0,0,0.041582,0.118672000001,-0.0433409999981,0.001367,0.00665200000003,-0.00171699999989
1487,2.974345154,0.0341884969971,-4.31533902748,-8.19790066073,0.166200745338,-0.0168293004933,0.00914865435049,0,0,0,0,0,0,0.041582,0.118672000001,-0.0433409999981,0.001367,0.00665200000003,-0.00171699999989
1488,2.976345386,-0.510794752073,-3.9133501231,-8.71619494919,0.135259280418,-0.0205860227192,0.00999206916819,0,0,0,0,0,0,0.041582,0.118672000001,-0.0433409999981,0.001367,0.00665200000003,-0.00171699999989
1489,2.978370694,0.2735274132,-3.97016123507,-8.49172544807,0.148946357511,-0.00474218955706,0.0144914034512,0,0,0,0,0,0,0.031582,0.128672,0.0166610000021,0.002367,0.00565200000003,-0.00171699999991
1490,2.980363000,-0.574982952187,-3.84065634671,-8.55638017679,0.152266174268,-0.0356780313039,0.00396088415422,0,0,0,0,0,0,0.031582,0.128672,0.0166610000021,0.002367,0.00565200000003,-0.00171699999991
1491,2.982364374,-0.0280047046666,-3.93375251924,-8.18040942917,0.154797114273,-0.0183744358645,0.00791629158603,0,0,0,0,0,0,0.031582,0.128672,0.0166610000021,0.002367,0.00565200000003,-0.00171699999991
1492,2.984359316,-0.0848287096624,-4.027612918,-8.61708270857,0.156138972783,-0.013661942253,0.0104473227832,0,0,0,0,0,0,0.031582,0.128672,0.0166610000021,0.002367,0.00565200000003,-0.00171699999991
1493,2.986377891,-0.34231720169,-4.32028068196,-8.0269814905,0.165129647158,-0.0374248944851,0.00615413480566,0,0,0,0,0,0,0.021582,0.0986720000041,-0.253339999998,0.008367,0.0126520000001,-0.0057169999998
1494,2.988362504,0.0583566400189,-4.32769133656,-8.08859227398,0.166544729833,-0.0162480063699,0.0155065114297,0,0,0,0,0,0,0.021582,0.0986720000041,-0.253339999998,0.008367,0.0126520000001,-0.0057169999998
1495,2.990356203,-0.379978551596,-4.03607557549,-8.26967972226,0.162664629376,-0.0281353557337,0.0126438193893,0,0,0,0,0,0,0.021582,0.0986720000041,-0.253339999998,0.008367,0.0126520000001,-0.0057169999998
1496,2.992363017,-0.0163826736846,-3.55486513279,-8.42592840343,0.13981173207,-0.0210587861734,0.0121491818184,0,0,0,0,0,0,0.021582,0.0986720000041,-0.253339999998,0.008367,0.0126520000001,-0.0057169999998
1497,2.994366244,0.718934080662,-3.32162978786,-8.46046290092,0.134256698237,-0.00196801978113,0.0121956355618,0,0,0,0,0,0,0.091582,0.138672000002,-0.133338999998,0.000367,0.00365200000003,-0.00171699999994
1498,2.996362248,0.0270848885471,-4.26619113561,-8.29234491111,0.158993375321,-0.0119808363948,0.00829878491261,0,0,0,0,0,0,0.091582,0.138672000002,-0.133338999998,0.000367,0.00365200000003,-0.00171699999994
1499,2.998363401,0.405965752864,-4.07637841213,-8.33312363531,0.155219112847,-0.00648415347996,0.00827303937711,0,0,0,0,0,0,0.091582,0.138672000002,-0.133338999998,0.000367,0.00365200000003,-0.00171699999994
1500,3.000406863,0.227755579064,-3.80100852689,-8.41941412411,0.144852105382,-0.00828906729512,0.0192558518867,0,0,0,0,0,0,0.091582,0.138672000002,-0.133338999998,0.000367,0.00365200000003,-0.00171699999994
1501,3.002373292,-0.195311703377,-3.46822508281,-8.3874849058,0.128767607906,-0.0181599426171,-0.00594564755275,0,0,0,0,0,0,0.111582,0.148672000003,-0.183339999998,-0.001633,0.00265200000001,-0.000716999999958
1502,3.004367843,-0.0260716031518,-3.84505600139,-8.62077647934,0.144943043327,-0.00866660188606,0.0119075002373,0,0,0,0,0,0,0.111582,0.148672000003,-0.183339999998,-0.001633,0.00265200000001,-0.000716999999958
1503,3.006367533,-0.336893480922,-3.71037857545,-8.05436178456,0.137902721242,-0.0321220462741,0.0127259632057,0,0,0,0,0,0,0.111582,0.148672000003,-0.183339999998,-0.001633,0.00265200000001,-0.000716999999958
1504,3.008357655,0.0269479242538,-3.52909486318,-8.26254566846,0.144496833096,-0.0193005935211,0.011684359666,0,0,0,0,0,0,0.111582,0.148672000003,-0.183339999998,-0.001633,0.00265200000001,-0.000716999999958
1505,3.010368346,0.0356874667517,-3.5830500136,-8.26913226007,0.146261122304,-0.0266372907143,0.019885400998,0,0,0,0,0,0,0.141582,0.168672000002,-0.143338999997,-0.004633,-0.000348000000021,0.00128299999999
1506,3.012362717,0.218567620476,-3.86805859581,-8.25392144091,0.155368074711,-0.0200081370002,0.0196985544329,0,0,0,0,0,0,0.141582,0.168672000002,-0.143338999997,-0.004633,-0.000348000000021,0.00128299999999
1507,3.014352870,-0.015913627272,-4.21044417074,-8.37141126486,0.164722171704,-0.0268245922246,0.00505772207011,0,0,0,0,0,0,0.141582,0.168672000002,-0.143338999997,-0.004633,-0.000348000000021,0.00128299999999
1508,3.016359032,0.491555126228,-3.66836207704,-8.74341836619,0.125085965629,0.0173608015346,0.00344093994866,0,0,0,0,0,0,0.141582,0.168672000002,-0.143338999997,-0.004633,-0.000348000000021,0.00128299999999
1509,3.018359234,0.527681852617,-3.69102343308,-8.55673761555,0.142609206325,0.00325907391516,0.013469823691,0,0,0,0,0,0,0.111582,0.138671999999,0.0366590000022,-0.002633,0.000651999999995,0.00028300000001
1510,3.020355969,0.134954948515,-3.82006940051,-8.3480280055,0.143037498503,-0.0128253997847,0.00647456500457,0,0,0,0,0,0,0.111582,0.138671999999,0.0366590000022,-0.002633,0.000651999999995,0.00028300000001
1511,3.022362692,0.158631276762,-4.01536276343,-8.39685790508,0.149724201534,-0.00370215235075,0.0217318344392,0,0,0,0,0,0,0.111582,0.138671999999,0.0366590000022,-0.002633,0.000651999999995,0.00028300000001
1512,3.024377942,0.0695741304378,-3.98737150872,-8.19283453445,0.153505370808,-0.0258769756943,0.0130066047185,0,0,0,0,0,0,0.111582,0.138671999999,0.0366590000022,-0.002633,0.000651999999995,0.00028300000001
1513,3.026378063,-0.182178693087,-4.14865506701,-8.29094835234,0.159514972943,-0.0182609501571,0.00384745561752,0,0,0,0,0,0,0.051582,0.138672,-0.00333999999778,0.000367,0.00465200000003,-0.00171699999993
1514,3.028347948,0.348965777021,-3.86613785872,-8.06731471275,0.154071485491,-0.0165484167551,0.0108167726063,0,0,0,0,0,0,0.051582,0.138672,-0.00333999999778,0.000367,0.00465200000003,-0.00171699999993
1515,3.030344763,-0.124750718221,-3.90265209619,-8.09249592839,0.150133746087,-0.0322818578316,0.00624969915814,0,0,0,0,0,0,0.051582,0.138672,-0.00333999999778,0.000367,0.00465200000003,-0.00171699999993
1516,3.032344654,-0.0129398175462,-3.52393271884,-8.78889661183,0.133587743696,-0.0139353044066,0.00994991640642,0,0,0,0,0,0,0.051582,0.138672,-0.00333999999778,0.000367,0.00465200000003,-0.00171699999993
1517,3.034360946,-0.213763962877,-3.89354886092,-8.6006130144,0.147623338451,-0.0183776632499,0.0174620942128,0,0,0,0,0,0,0.011582,0.118671999999,0.0666600000019,0.005367,0.00865200000006,-0.00371699999986
1518,3.036350868,0.187240148483,-3.47720521221,-8.60537825102,0.119081347005,0.000710321635772,0.00380266490257,0,0,0,0,0,0,0.011582,0.118671999999,0.0666600000019,0.005367,0.00865200000006,-0.00371699999986
1519,3.038350969,-0.416193990573,-3.93643771693,-8.50161487287,0.144030924175,-0.0210979856732,0.00941559085765,0,0,0,0,0,0,0.011582,0.118671999999,0.0666600000019,0.005367,0.00865200000006,-0.00371699999986
1520,3.040344438,-0.0249962045,-3.73414430869,-8.34005200341,0.141007863813,-0.00835875716869,0.0162002554544,0,0,0,0,0,0,0.011582,0.118671999999,0.0666600000019,0.005367,0.00865200000006,-0.00371699999986
1521,3.042354848,0.20420316452,-4.11298719042,-8.04569173946,0.156909516513,-0.00495748394386,0.0107802943594,0,0,0,0,0,0,0.071582,0.0886720000017,-0.103339999999,0.004367,0.00565200000004,-0.00271699999991
1522,3.044345983,-0.0509843377788,-3.86968086309,-8.46969819301,0.1418905974,-0.00116391000811,0.00502038637867,0,0,0,0,0,0,0.071582,0.0886720000017,-0.103339999999,0.004367,0.00565200000004,-0.00271699999991
1523,3.046346334,-0.4040756662,-4.06700637967,-8.15729903886,0.152091020682,-0.0406211738586,0.00487810512408,0,0,0,0,0,0,0.071582,0.0886720000017,-0.103339999999,0.004367,0.00565200000004,-0.00271699999991
1524,3.048343470,0.0726389264098,-4.11600644777,-8.04860552251,0.16308607303,-0.0235605780064,0.00627833806493,0,0,0,0,0,0,0.071582,0.0886720000017,-0.103339999999,0.004367,0.00565200000004,-0.00271699999991
1525,3.050361425,-0.209093540913,-4.48401929289,-8.13575297276,0.168812026182,-0.0276682938002,0.0103235331095,0,0,0,0,0,0,0.061582,0.0786720000018,-0.113339999999,0.005367,0.00665200000004,-0.00271699999989
1526,3.052349153,0.233462486821,-3.81593719961,-8.21292905188,0.155725363848,-0.0150736183527,0.00233789994102,0,0,0,0,0,0,0.061582,0.0786720000018,-0.113339999999,0.005367,0.00665200000004,-0.00271699999989
1527,3.054342862,0.0285211117909,-3.90609649389,-8.7350140385,0.1414153991,0.00334769437353,0.000298111487283,0,0,0,0,0,0,0.061582,0.0786720000018,-0.113339999999,0.005367,0.00665200000004,-0.00271699999989
1528,3.056346711,-0.335192585482,-3.96847896314,-8.25212341019,0.159116340681,-0.0208096674326,0.0114605994143,0,0,0,0,0,0,0.061582,0.0786720000018,-0.113339999999,0.005367,0.00665200000004,-0.00271699999989
1529,3.058354005,-0.17912658785,-3.9446553722,-7.88619911628,0.157755002582,-0.0260010623422,0.0196468428508,0,0,0,0,0,0,0.031582,0.0786719999981,0.116661000001,0.006367,0.00765200000004,-0.00271699999988
1530,3.060349839,0.352360966996,-3.91503366099,-7.9614045943,0.158137285202,-0.0139255537315,0.0101400188781,0,0,0,0,0,0,0.031582,0.0786719999981,0.116661000001,0.006367,0.00765200000004,-0.00271699999988
1531,3.062344229,-0.0988528377067,-3.7677706432,-8.14044840798,0.145389465254,-0.0268574739627,0.00879524980946,0,0,0,0,0,0,0.031582,0.0786719999981,0.116661000001,0.006367,0.00765200000004,-0.00271699999988
1532,3.064345973,0.0421356621088,-3.93698756981,-7.6727858711,0.158145681929,-0.024360786013,0.0133055345749,0,0,0,0,0,0,0.031582,0.0786719999981,0.116661000001,0.006367,0.00765200000004,-0.00271699999988
1533,3.066355472,-0.635574002164,-3.95041702378,-8.00699225201,0.157925287533,-0.0452696517679,0.0100643385025,0,0,0,0,0,0,0.041582,0.0786719999969,0.196661000001,0.004367,0.00465200000003,-0.00171699999993
1534,3.068344653,0.584249333887,-3.8272813209,-8.37064761139,0.136078041938,0.00435893267432,0.00596580933572,0,0,0,0,0,0,0.041582,0.0786719999969,0.196661000001,0.004367,0.00465200000003,-0.00171699999993
1535,3.070348832,0.0384411914876,-3.88860657852,-8.38271418071,0.143540645645,-0.0075733993349,0.00708535341097,0,0,0,0,0,0,0.041582,0.0786719999969,0.196661000001,0.004367,0.00465200000003,-0.00171699999993
1536,3.072352790,0.209992637325,-3.98326459141,-8.48229862672,0.146089328144,-0.00682713562835,0.00690226347177,0,0,0,0,0,0,0.041582,0.0786719999969,0.196661000001,0.004367,0.00465200000003,-0.00171699999993
1537,3.074369382,0.126436240035,-3.70572636323,-8.72815428629,0.13563515094,-0.00223311499926,-0.00130780497298,0,0,0,0,0,0,0.031582,0.0686719999956,0.276661000001,0.003367,0.00365200000003,-0.00171699999994
1538,3.076347733,0.2198174431,-4.21878464069,-8.45068166114,0.153847153882,-0.00667251163541,0.00265753030832,0,0,0,0,0,0,0.031582,0.0686719999956,0.276661000001,0.003367,0.00365200000003,-0.00171699999994
1539,3.078347504,-0.0290060785822,-3.68993541289,-8.3542285468,0.143387465968,-0.0195814359232,0.00862532641976,0,0,0,0,0,0,0.031582,0.0686719999956,0.276661000001,0.003367,0.00365200000003,-0.00171699999994
1540,3.080350991,-0.120659555376,-3.72381416514,-8.69724124823,0.133035320086,-0.00271299059999,0.00792086620788,0,0,0,0,0,0,0.031582,0.0686719999956,0.276661000001,0.003367,0.00365200000003,-0.00171699999994
1541,3.082358817,-0.055882843125,-3.77487922702,-8.12441970522,0.129876940932,-0.00900875530041,-0.00146659635608,0,0,0,0,0,0,0.011582,0.0886719999975,0.156660000001,0.007367,0.00565200000004,-0.00271699999991
1542,3.084348569,0.372275603824,-4.01972497944,-8.19917466152,0.158646423695,-0.00314053730739,0.00631285912082,0,0,0,0,0,0,0.011582,0.0886719999975,0.156660000001,0.007367,0.00565200000004,-0.00271699999991
1543,3.086344973,0.077675989609,-3.91439132147,-8.02409799218,0.153262602779,-0.0206134102415,0.0048968648633,0,0,0,0,0,0,0.011582,0.0886719999975,0.156660000001,0.007367,0.00565200000004,-0.00271699999991
1544,3.088346097,-0.388417289392,-3.77925450437,-8.0739994867,0.159866436124,-0.0258582110156,0.0181684351433,0,0,0,0,0,0,0.011582,0.0886719999975,0.156660000001,0.007367,0.00565200000004,-0.00271699999991
1545,3.090354393,-0.0995509778484,-3.71634793317,-8.17406272647,0.149708304873,-0.0277756422303,0.0100532228815,0,0,0,0,0,0,0.081582,0.118672,0.0066600000019,0.001367,0.00265200000003,-0.00171699999996
1546,3.092352951,0.170285648378,-4.07346300458,-8.119737547,0.163622566508,-0.025137558455,0.0110689709181,0,0,0,0,0,0,0.081582,0.118672,0.0066600000019,0.001367,0.00265200000003,-0.00171699999996
1547,3.094350738,-0.260647621992,-4.06626663475,-8.34775525401,0.163812051611,-0.0291409255786,0.0054618727842,0,0,0,0,0,0,0.081582,0.118672,0.0066600000019,0.001367,0.00265200000003,-0.00171699999996
1548,3.096351791,-0.251381061262,-3.86716513984,-8.28564229115,0.138735326483,-0.00956305200505,-0.00179190246488,0,0,0,0,0,0,0.081582,0.118672,0.0066600000019,0.001367,0.00265200000003,-0.00171699999996
1549,3.098353876,0.0959524785082,-4.05992668649,-8.35098644661,0.148169492054,-0.0111118441744,0.00439920920591,0,0,0,0,0,0,0.161582,0.128672000001,-0.0733389999979,-0.003633,-0.00334800000004,0.00228299999995
1550,3.100390506,-0.408226412923,-4.10345828158,-8.48669435534,0.149056314984,-0.0261776077572,0.0122455579445,0,0,0,0,0,0,0.161582,0.128672000001,-0.0733389999979,-0.003633,-0.00334800000004,0.00228299999995
1551,3.102361182,0.0395880775176,-3.82370889271,-8.58725917615,0.142941870893,-0.00161566882724,0.00593144681527,0,0,0,0,0,0,0.161582,0.128672000001,-0.0733389999979,-0.003633,-0.00334800000004,0.00228299999995
1552,3.104360231,0.0422358674714,-3.87007160049,-8.55543602156,0.135704848382,0.00387549005322,0.00731404206237,0,0,0,0,0,0,0.161582,0.128672000001,-0.0733389999979,-0.003633,-0.00334800000004,0.00228299999995
1553,3.106361685,-0.170744542305,-3.76942040171,-8.37761469356,0.142418607335,-0.0187288341799,0.0113584838839,0,0,0,0,0,0,0.011582,0.0686719999962,0.236660000001,0.004367,0.00465200000001,-0.000716999999926
1554,3.108348822,0.120634483657,-3.85866368976,-8.56121207331,0.147648619017,-0.00965195265139,0.00526732585465,0,0,0,0,0,0,0.011582,0.0686719999962,0.236660000001,0.004367,0.00465200000001,-0.000716999999926
1555,3.110350677,-0.47107204936,-3.18514954873,-8.54218736259,0.117076943518,-0.0098912874317,0.000776718768437,0,0,0,0,0,0,0.011582,0.0686719999962,0.236660000001,0.004367,0.00465200000001,-0.000716999999926
1556,3.112345749,0.105228271129,-3.99643698333,-8.30848968445,0.150976763803,-0.0183963653626,0.00810256376508,0,0,0,0,0,0,0.011582,0.0686719999962,0.236660000001,0.004367,0.00465200000001,-0.000716999999926
1557,3.114357933,-0.371074250117,-4.01786941622,-8.78644670892,0.142822467277,-0.0154458960442,0.00629542029404,0,0,0,0,0,0,0.011582,0.0986719999977,0.146660000002,0.004367,0.00765200000003,-0.00171699999988
1558,3.116357453,-0.126706748671,-3.82759890975,-8.46235650413,0.150896655845,-0.0228622105596,0.00424846008677,0,0,0,0,0,0,0.011582,0.0986719999977,0.146660000002,0.004367,0.00765200000003,-0.00171699999988
1559,3.118347976,-0.000612199728695,-4.1651096734,-7.89710228155,0.165719728438,-0.0275345824566,0.00741767182397,0,0,0,0,0,0,0.011582,0.0986719999977,0.146660000002,0.004367,0.00765200000003,-0.00171699999988
1560,3.120353648,-0.0536074964668,-4.14564398506,-7.91670464022,0.158905731431,-0.0283120527963,0.0218337144714,0,0,0,0,0,0,0.011582,0.0986719999977,0.146660000002,0.004367,0.00765200000003,-0.00171699999988
1561,3.122358598,0.200625561622,-3.63377734721,-8.40610071703,0.141417740622,-0.00706266564784,0.000595458640643,0,0,0,0,0,0,0.011582,0.0786719999977,0.146660000001,0.005367,0.00665200000003,-0.00171699999989
1562,3.124384167,0.16177879004,-4.04811178146,-8.49759874596,0.147486208217,-0.0115080660859,0.00454385147793,0,0,0,0,0,0,0.011582,0.0786719999977,0.146660000001,0.005367,0.00665200000003,-0.00171699999989
1563,3.126362437,-0.110093930557,-3.81752563775,-8.65434323109,0.141532704603,-0.0130477620334,0.0075742182426,0,0,0,0,0,0,0.011582,0.0786719999977,0.146660000001,0.005367,0.00665200000003,-0.00171699999989
1564,3.128350776,-0.106358978947,-3.49632776756,-8.78465880615,0.126768184227,-0.0138219507004,-0.00142660840802,0,0,0,0,0,0,0.011582,0.0786719999977,0.146660000001,0.005367,0.00665200000003,-0.00171699999989
1565,3.130358722,-0.52836427762,-3.99424301174,-8.79614793092,0.149654753513,-0.0243636679268,0.00736143936995,0,0,0,0,0,0,0.071582,0.0986719999965,0.216660000002,-0.000633,0.000651999999979,0.00128300000001
1566,3.132355297,-0.354055262354,-4.38359774957,-8.28287048274,0.162782245088,-0.0202486234248,0.0116658532029,0,0,0,0,0,0,0.071582,0.0986719999965,0.216660000002,-0.000633,0.000651999999979,0.00128300000001
1567,3.134356591,-0.547533607026,-3.9063828664,-8.58789125189,0.143841784545,-0.0253542762856,0.00505414611523,0,0,0,0,0,0,0.071582,0.0986719999965,0.216660000002,-0.000633,0.000651999999979,0.00128300000001
1568,3.136357563,0.408059411998,-4.24762161297,-8.36565061151,0.160826250374,-0.00845378319602,0.00605602693428,0,0,0,0,0,0,0.071582,0.0986719999965,0.216660000002,-0.000633,0.000651999999979,0.00128300000001
1569,3.138363506,0.421856362242,-3.50026397089,-8.29301861594,0.144377269526,-0.0203125108335,0.0172517611751,0,0,0,0,0,0,0.031582,0.0886719999967,0.206659000001,0.003367,0.002652,0.000283000000042
1570,3.140354460,-0.395981163311,-3.67654380445,-8.69309428146,0.141758865548,-0.0109984606197,0.00168662990844,0,0,0,0,0,0,0.031582,0.0886719999967,0.206659000001,0.003367,0.002652,0.000283000000042
1571,3.142351135,-0.43549956556,-3.61636290736,-8.29445863106,0.143174525864,-0.0266286091341,0.00438143562666,0,0,0,0,0,0,0.031582,0.0886719999967,0.206659000001,0.003367,0.002652,0.000283000000042
1572,3.144352408,-0.452635211897,-4.34371663081,-8.50787934779,0.157117212515,-0.0302391649496,0.0118135910898,0,0,0,0,0,0,0.031582,0.0886719999967,0.206659000001,0.003367,0.002652,0.000283000000042
1573,3.146364221,-0.0727329712496,-3.83153102639,-8.53347168931,0.137835007456,-0.00726696406966,-0.00124884146237,0,0,0,0,0,0,-0.008418,0.0786720000002,-0.0133399999987,0.009367,0.0116520000001,-0.00371699999981
1574,3.148365665,-0.429110732065,-3.86227158347,-8.39161961863,0.151510773251,-0.0325194532464,0.0102264327479,0,0,0,0,0,0,-0.008418,0.0786720000002,-0.0133399999987,0.009367,0.0116520000001,-0.00371699999981
1575,3.150353233,-0.193965847633,-3.88473440281,-8.7508030821,0.14386074213,-0.00891511090137,0.00596949397974,0,0,0,0,0,0,-0.008418,0.0786720000002,-0.0133399999987,0.009367,0.0116520000001,-0.00371699999981
1576,3.152353304,0.505281491605,-3.60312385587,-8.27023185234,0.140256533485,0.00143345240396,0.00698876685685,0,0,0,0,0,0,-0.008418,0.0786720000002,-0.0133399999987,0.009367,0.0116520000001,-0.00371699999981
1577,3.154362192,-0.0637813179298,-3.93815003362,-8.39513894484,0.14627312936,-0.0124840589982,0.0101833789535,0,0,0,0,0,0,0.081582,0.138671999999,0.0366590000022,0.000367,0.00265200000001,-0.000716999999958
1578,3.156360560,-0.0634858871099,-3.35572342535,-8.72828605824,0.134273906751,-0.0091235971336,0.00699377262072,0,0,0,0,0,0,0.081582,0.138671999999,0.0366590000022,0.000367,0.00265200000001,-0.000716999999958
1579,3.158358146,-0.393132289072,-4.44030536426,-8.58081505106,0.164821767581,-0.0275934792284,0.00848787453635,0,0,0,0,0,0,0.081582,0.138671999999,0.0366590000022,0.000367,0.00265200000001,-0.000716999999958
1580,3.160353418,-0.361858631669,-3.52914603084,-8.56170605154,0.133843378149,-0.0132288144759,0.00865283437402,0,0,0,0,0,0,0.081582,0.138671999999,0.0366590000022,0.000367,0.00265200000001,-0.000716999999958
1581,3.162368267,-0.288820876458,-4.07801957796,-8.14748279011,0.156053646124,-0.0192144314412,0.0113317037625,0,0,0,0,0,0,0.081582,0.118671999999,0.0566600000019,0.001367,0.00165200000001,-0.000716999999974
1582,3.164357488,-0.00763547857936,-3.76542572692,-8.53680376147,0.139956573354,-0.0137113178391,0.00900343292516,0,0,0,0,0,0,0.081582,0.118671999999,0.0566600000019,0.001367,0.00165200000001,-0.000716999999974
1583,3.166347451,-0.00905602283543,-3.67699038513,-8.57034196398,0.138332018324,-0.0103675415094,-0.00115947868996,0,0,0,0,0,0,0.081582,0.118671999999,0.0566600000019,0.001367,0.00165200000001,-0.000716999999974
1584,3.168352451,0.012203019095,-3.86741647132,-8.23211170558,0.142459241089,-0.0146649762719,-0.00409408427123,0,0,0,0,0,0,0.081582,0.118671999999,0.0566600000019,0.001367,0.00165200000001,-0.000716999999974
1585,3.170409118,-0.453045189267,-3.92379700243,-8.45193386429,0.152767265693,-0.0281168027727,0.00971020569836,0,0,0,0,0,0,0.061582,0.128672000002,-0.113339999998,0.003367,0.00665200000004,-0.00271699999989
1586,3.172359587,-0.394009981932,-3.82510787559,-8.36963658351,0.139386411282,-0.0281909839598,0.00316164992868,0,0,0,0,0,0,0.061582,0.128672000002,-0.113339999998,0.003367,0.00665200000004,-0.00271699999989
1587,3.174346694,-0.0794165261902,-3.99810093083,-8.74020753343,0.140671435838,-0.00572043827579,0.00506022042134,0,0,0,0,0,0,0.061582,0.128672000002,-0.113339999998,0.003367,0.00665200000004,-0.00271699999989
1588,3.176350041,-0.229245686225,-3.79070434865,-8.66185082737,0.147416883477,-0.0221521407028,0.0059436885993,0,0,0,0,0,0,0.061582,0.128672000002,-0.113339999998,0.003367,0.00665200000004,-0.00271699999989
1589,3.178374066,-0.24810990187,-4.08403193236,-8.40382597228,0.159107403229,-0.0305868755884,0.0115273173814,0,0,0,0,0,0,0.121582,0.138672000001,-0.0333399999978,-0.003633,-0.00134800000004,0.00228299999998
1590,3.180347889,0.365210599505,-3.67832111733,-8.67905800233,0.142601197263,-0.013208158096,0.0151599922499,0,0,0,0,0,0,0.121582,0.138672000001,-0.0333399999978,-0.003633,-0.00134800000004,0.00228299999998
1591,3.182348431,0.30823266427,-4.16261872927,-9.00893197229,0.1426624893,0.00371338678499,-0.00206906833944,0,0,0,0,0,0,0.121582,0.138672000001,-0.0333399999978,-0.003633,-0.00134800000004,0.00228299999998
1592,3.184353772,0.408370634812,-3.44332872047,-8.7468694084,0.13162946237,-0.00423621929387,0.00577369232815,0,0,0,0,0,0,0.121582,0.138672000001,-0.0333399999978,-0.003633,-0.00134800000004,0.00228299999998
1593,3.186369653,-0.306546626872,-3.96006475972,-8.30170732007,0.160069481953,-0.0365899693566,0.0123891530009,0,0,0,0,0,0,0.031582,0.0786719999993,0.0466590000013,0.007367,0.00865200000004,-0.00271699999986
1594,3.188360607,-0.555848154565,-4.33739621041,-8.53583272256,0.159258248015,-0.0169139495021,0.0104065145867,0,0,0,0,0,0,0.031582,0.0786719999993,0.0466590000013,0.007367,0.00865200000004,-0.00271699999986
1595,3.190350810,-0.179703706988,-3.77954753476,-8.62393319964,0.145050137736,-0.018429204017,0.00588255739672,0,0,0,0,0,0,0.031582,0.0786719999993,0.0466590000013,0.007367,0.00865200000004,-0.00271699999986
1596,3.192352764,-0.56489724563,-3.52682003921,-8.64253587498,0.131869566828,-0.0206822942071,0.00814990691258,0,0,0,0,0,0,0.031582,0.0786719999993,0.0466590000013,0.007367,0.00865200000004,-0.00271699999986
1597,3.194359839,0.0684630091892,-3.95091026277,-8.75094283683,0.143137860568,0.0036081718247,-2.09798423938e-05,0,0,0,0,0,0,0.071582,0.0986719999993,0.0466590000016,0.003367,0.00265200000003,-0.00171699999996
1598,3.196354810,0.681447851204,-3.81053479536,-8.16120814824,0.141470386281,0.00210837539113,0.000519533732545,0,0,0,0,0,0,0.071582,0.0986719999993,0.0466590000016,0.003367,0.00265200000003,-0.00171699999996
1599,3.198353038,0.0907549843818,-4.06131999486,-8.38127505231,0.157706191287,-0.0218479079248,0.00342596917011,0,0,0,0,0,0,0.071582,0.0986719999993,0.0466590000016,0.003367,0.00265200000003,-0.00171699999996
1600,3.200403153,-0.207091321689,-3.6333101317,-8.55362543698,0.138734862375,-0.0134798872639,0.00262792109406,0,0,0,0,0,0,0.071582,0.0986719999993,0.0466590000016,0.003367,0.00265200000003,-0.00171699999996
1601,3.202366986,-0.02681976791,-3.69814030163,-8.41976629118,0.139687213088,-0.0216134687862,0.0216616991634,0,0,0,0,0,0,-0.008418,0.0486720000018,-0.113339999999,0.013367,0.0136520000001,-0.00771699999978
1602,3.204355876,-0.0256583803409,-3.8282591201,-8.23789263216,0.148207187797,-0.0191600316394,0.0131851075735,0,0,0,0,0,0,-0.008418,0.0486720000018,-0.113339999999,0.013367,0.0136520000001,-0.00771699999978
1603,3.206359915,0.131161629508,-3.64894000733,-8.44020833701,0.136880941314,-0.00554105603138,0.00722901833488,0,0,0,0,0,0,-0.008418,0.0486720000018,-0.113339999999,0.013367,0.0136520000001,-0.00771699999978
1604,3.208355959,0.142396180052,-3.75754277537,-8.40331698003,0.148910050908,-0.0163704564947,0.0135564329335,0,0,0,0,0,0,-0.008418,0.0486720000018,-0.113339999999,0.013367,0.0136520000001,-0.00771699999978
1605,3.210362652,0.244832728739,-3.65942803892,-8.92077098322,0.131177088648,-0.00226034019601,0.00394073677986,0,0,0,0,0,0,0.031582,0.0786720000012,-0.0733389999987,0.005367,0.00865200000006,-0.00371699999986
1606,3.212357454,-0.122788631011,-3.62451707114,-8.94982849339,0.121413219508,-0.0142264938118,0.00752872818513,0,0,0,0,0,0,0.031582,0.0786720000012,-0.0733389999987,0.005367,0.00865200000006,-0.00371699999986
1607,3.214351584,-0.268138391525,-3.77584996109,-8.54045221417,0.140065127138,-0.0181846915427,0.00698066970014,0,0,0,0,0,0,0.031582,0.0786720000012,-0.0733389999987,0.005367,0.00865200000006,-0.00371699999986
1608,3.216350543,-0.488219766115,-3.94803071651,-8.34811186227,0.147388389197,-0.0203338661499,0.0122578814288,0,0,0,0,0,0,0.031582,0.0786720000012,-0.0733389999987,0.005367,0.00865200000006,-0.00371699999986
1609,3.218362767,0.215072607511,-3.93655983611,-8.61568149961,0.146850701307,-0.00541238397839,0.0105770106302,0,0,0,0,0,0,0.061582,0.0686720000004,-0.0233399999989,0.002367,0.00365200000003,-0.00171699999994
1610,3.220348111,-0.0313561244767,-4.21970194729,-8.64221132218,0.154303192121,-0.0172733975134,0.00494850788793,0,0,0,0,0,0,0.061582,0.0686720000004,-0.0233399999989,0.002367,0.00365200000003,-0.00171699999994
1611,3.222355505,0.27510547137,-3.83961721321,-8.50905582188,0.145012285753,-0.00853819944928,0.0114249750582,0,0,0,0,0,0,0.061582,0.0686720000004,-0.0233399999989,0.002367,0.00365200000003,-0.00171699999994
1612,3.224375614,-0.278409791183,-3.81557154864,-8.49849247517,0.151522061598,-0.0228932379577,0.0117160101143,0,0,0,0,0,0,0.061582,0.0686720000004,-0.0233399999989,0.002367,0.00365200000003,-0.00171699999994
1613,3.226382628,0.275991291439,-3.85852322496,-8.43977539362,0.135202586734,-0.00212078799027,0.00862597843298,0,0,0,0,0,0,0.081582,0.098671999997,0.186661000002,-0.001633,0.000651999999995,0.00028300000001
1614,3.228357202,-0.0767597304942,-3.97740769357,-8.48595395824,0.144168887022,-0.0193773283191,0.00812330515797,0,0,0,0,0,0,0.081582,0.098671999997,0.186661000002,-0.001633,0.000651999999995,0.00028300000001
1615,3.230353196,0.637381630256,-3.92299791526,-8.32663434423,0.14656015275,0.000261087601221,0.0135721621542,0,0,0,0,0,0,0.081582,0.098671999997,0.186661000002,-0.001633,0.000651999999995,0.00028300000001
1616,3.232365990,-0.373320094474,-3.71095254899,-8.44908129587,0.142708491324,-0.0313477066903,0.00346612159898,0,0,0,0,0,0,0.081582,0.098671999997,0.186661000002,-0.001633,0.000651999999995,0.00028300000001
1617,3.234379256,-0.167702623565,-4.0583934267,-8.38242456629,0.142160954407,0.00235399146265,-0.000513263210934,0,0,0,0,0,0,0.121582,0.138672000002,-0.123340999998,-0.002633,0.00165200000001,-0.000716999999974
1618,3.236359851,-0.0412615371092,-3.69865498109,-8.1766132641,0.146585084116,-0.00981765848755,0.00504652588253,0,0,0,0,0,0,0.121582,0.138672000002,-0.123340999998,-0.002633,0.00165200000001,-0.000716999999974
1619,3.238356055,-0.118751915041,-3.76864751754,-8.12811266207,0.153416908647,-0.0283506406856,0.000112090826973,0,0,0,0,0,0,0.121582,0.138672000002,-0.123340999998,-0.002633,0.00165200000001,-0.000716999999974
1620,3.240367487,-0.0574882149136,-3.86016769654,-7.9757755996,0.149382362431,-0.0210780999426,0.000507346544412,0,0,0,0,0,0,0.121582,0.138672000002,-0.123340999998,-0.002633,0.00165200000001,-0.000716999999974
1621,3.242382406,0.0943252091461,-3.49967092774,-8.45456901331,0.125158821278,-0.00743347813156,0.00361821463182,0,0,0,0,0,0,0.101582,0.128671999999,0.0366590000021,-0.000633,0.00165200000001,-0.000716999999974
1622,3.244372028,-0.603802775136,-3.92527477387,-8.46374055844,0.139866785354,-0.0230675247176,0.00581204990278,0,0,0,0,0,0,0.101582,0.128671999999,0.0366590000021,-0.000633,0.00165200000001,-0.000716999999974
1623,3.246365136,0.276959435545,-3.68212516443,-8.13759373023,0.139543591357,-0.00708643739321,0.0111686056436,0,0,0,0,0,0,0.101582,0.128671999999,0.0366590000021,-0.000633,0.00165200000001,-0.000716999999974
1624,3.248386988,0.161512810554,-4.37219936293,-8.32991044201,0.158157788234,-0.00454361367381,0.0053137804271,0,0,0,0,0,0,0.101582,0.128671999999,0.0366590000021,-0.000633,0.00165200000001,-0.000716999999974
1625,3.250401617,0.374016118939,-3.96214137853,-8.38247590854,0.148870900136,-0.00332958258759,-0.010935833442,0,0,0,0,0,0,0.031582,0.0886720000002,-0.0133399999986,0.007367,0.00765200000004,-0.00271699999988
1626,3.252398943,0.138518896156,-4.0483942494,-8.35784761013,0.161403467557,-0.0108338005207,0.00228551334868,0,0,0,0,0,0,0.031582,0.0886720000002,-0.0133399999986,0.007367,0.00765200000004,-0.00271699999988
1627,3.254385879,-0.15350456675,-3.96957604352,-8.24878683138,0.159305394679,-0.0382990747311,0.0100731009388,0,0,0,0,0,0,0.031582,0.0886720000002,-0.0133399999986,0.007367,0.00765200000004,-0.00271699999988
1628,3.256392212,-0.133496080365,-3.76319564003,-8.62046119249,0.150417566115,-0.0134139935128,0.00770460675016,0,0,0,0,0,0,0.031582,0.0886720000002,-0.0133399999986,0.007367,0.00765200000004,-0.00271699999988
1629,3.258393927,-0.35495279403,-3.8492963985,-8.47572383347,0.153716515018,-0.0340389537155,0.00750152983375,0,0,0,0,0,0,0.021582,0.0786719999999,0.00666000000126,0.005367,0.00665200000004,-0.00271699999989
1630,3.260392284,0.342480832743,-3.87327516976,-8.5795305099,0.151217210058,-0.00925450307097,0.0145046149544,0,0,0,0,0,0,0.021582,0.0786719999999,0.00666000000126,0.005367,0.00665200000004,-0.00271699999989
1631,3.262379561,0.0989220584709,-4.07959920125,-8.83203349867,0.136903790507,0.00588063519663,-0.00032099476366,0,0,0,0,0,0,0.021582,0.0786719999999,0.00666000000126,0.005367,0.00665200000004,-0.00271699999989
1632,3.264401844,-0.111705936988,-3.72719573305,-8.70846925676,0.146641990367,-0.0202638839227,0.0195944328656,0,0,0,0,0,0,0.021582,0.0786719999999,0.00666000000126,0.005367,0.00665200000004,-0.00271699999989
1633,3.266397557,0.0980914045114,-3.76707673562,-8.50441989872,0.159155633308,-0.0271867078333,0.0232776585662,0,0,0,0,0,0,0.011582,0.0986720000004,-0.0233399999984,0.008367,0.00765200000004,-0.00271699999988
1634,3.268400213,0.047274081064,-3.66177901845,-8.17680101506,0.152233356091,-0.0335366286776,0.0129684647606,0,0,0,0,0,0,0.011582,0.0986720000004,-0.0233399999984,0.008367,0.00765200000004,-0.00271699999988
1635,3.270381770,0.103267396055,-3.87368812801,-8.62671937668,0.154266930306,-0.0206063856826,0.0115382442347,0,0,0,0,0,0,0.011582,0.0986720000004,-0.0233399999984,0.008367,0.00765200000004,-0.00271699999988
1636,3.272379457,-0.168188028536,-3.75104045953,-8.38056479214,0.155329042464,-0.0261626962331,0.0159120455832,0,0,0,0,0,0,0.011582,0.0986720000004,-0.0233399999984,0.008367,0.00765200000004,-0.00271699999988
1637,3.274397522,-0.471921530127,-3.89824538467,-8.17998079986,0.154294557801,-0.0216044147515,0.00437422229959,0,0,0,0,0,0,0.051582,0.118672000001,-0.0433409999981,0.005367,0.00765200000008,-0.00471699999988
1638,3.276390890,-0.0641960439792,-3.94681074214,-8.51349666685,0.155918764706,-0.0241407305717,0.00734315585278,0,0,0,0,0,0,0.051582,0.118672000001,-0.0433409999981,0.005367,0.00765200000008,-0.00471699999988
1639,3.278379761,-0.229990754436,-3.71543339927,-8.24014420107,0.150901803351,-0.0255890347338,-0.00249679196582,0,0,0,0,0,0,0.051582,0.118672000001,-0.0433409999981,0.005367,0.00765200000008,-0.00471699999988
1640,3.280397575,-0.0612736918228,-3.80305939205,-8.37049874322,0.165015635583,-0.0277636369723,0.0159532493431,0,0,0,0,0,0,0.051582,0.118672000001,-0.0433409999981,0.005367,0.00765200000008,-0.00471699999988
1641,3.282397376,-0.0262535430728,-3.88328735131,-8.42247193738,0.154146579718,-0.026393321077,0.0147788800413,0,0,0,0,0,0,0.041582,0.138672000001,-0.0633389999978,0.003367,0.00565200000004,-0.00271699999991
1642,3.284385224,-0.00308761343948,-3.53024146919,-8.629290107,0.135190019421,-0.0111185171079,0.00907371577435,0,0,0,0,0,0,0.041582,0.138672000001,-0.0633389999978,0.003367,0.00565200000004,-0.00271699999991
1643,3.286375828,-0.414979184697,-3.71430641321,-8.39598643609,0.140002731501,-0.0260464654009,0.000550851412156,0,0,0,0,0,0,0.041582,0.138672000001,-0.0633389999978,0.003367,0.00565200000004,-0.00271699999991
1644,3.288391508,-0.0558688331031,-3.39763048768,-8.31286219105,0.13145120219,-0.0196489211901,0.00771259428544,0,0,0,0,0,0,0.041582,0.138672000001,-0.0633389999978,0.003367,0.00565200000004,-0.00271699999991
1645,3.290408380,-0.241153447109,-3.66763079868,-8.38088054698,0.1470556181,-0.0259361309906,0.012077673321,0,0,0,0,0,0,0.001582,0.118672,0.0266610000019,0.009367,0.0116520000001,-0.00471699999981
1646,3.292431915,-0.511816683153,-4.03529392072,-8.39634747699,0.152088679955,-0.01717751339,0.000469257312451,0,0,0,0,0,0,0.001582,0.118672,0.0266610000019,0.009367,0.0116520000001,-0.00471699999981
1647,3.294407240,-0.195972294558,-3.55912767208,-8.27434680481,0.138826234922,-0.0235334485402,0.00712223306127,0,0,0,0,0,0,0.001582,0.118672,0.0266610000019,0.009367,0.0116520000001,-0.00471699999981
1648,3.296397473,0.115715496152,-3.90556750722,-8.47507831487,0.142901042478,0.00108839396254,0.0149365992548,0,0,0,0,0,0,0.001582,0.118672,0.0266610000019,0.009367,0.0116520000001,-0.00471699999981
1649,3.298400169,0.0329814081948,-3.60223012188,-8.33420153535,0.134103175602,-0.0104488813948,0.0110420696128,0,0,0,0,0,0,-0.008418,0.0686719999985,0.0966610000011,0.007367,0.00765200000006,-0.00371699999988
1650,3.300385393,0.140285676432,-3.86709646747,-8.62356220336,0.140300412043,0.00173980995983,-0.000132666194441,0,0,0,0,0,0,-0.008418,0.0686719999985,0.0966610000011,0.007367,0.00765200000006,-0.00371699999988
1651,3.302429757,0.305687581681,-3.64784898973,-8.73025894552,0.131152180132,0.00214962302169,-0.000633083365848,0,0,0,0,0,0,-0.008418,0.0686719999985,0.0966610000011,0.007367,0.00765200000006,-0.00371699999988
1652,3.304367722,0.247066577868,-3.85667033031,-8.53155610675,0.145883958349,-0.000674423966011,0.0115787131329,0,0,0,0,0,0,-0.008418,0.0686719999985,0.0966610000011,0.007367,0.00765200000006,-0.00371699999988
1653,3.306381028,-0.614059555469,-3.92540085789,-8.39223071903,0.149399364911,-0.0263783780798,0.00818697402432,0,0,0,0,0,0,0.081582,0.138672000002,-0.153338999998,0.000367,0.00465200000001,-0.000716999999926
1654,3.308402830,0.158961003775,-3.58243905388,-8.67930623971,0.130019303524,0.000299939057416,-0.00779519495887,0,0,0,0,0,0,0.081582,0.138672000002,-0.153338999998,0.000367,0.00465200000001,-0.000716999999926
1655,3.310391500,-0.486511271005,-3.92561611548,-8.31402503094,0.146832009136,-0.0367601811347,0.00859505467076,0,0,0,0,0,0,0.081582,0.138672000002,-0.153338999998,0.000367,0.00465200000001,-0.000716999999926
1656,3.312399416,-0.0311454997986,-3.57844152249,-8.33734214828,0.150441267194,-0.0219529790143,0.0197786906023,0,0,0,0,0,0,0.081582,0.138672000002,-0.153338999998,0.000367,0.00465200000001,-0.000716999999926
1657,3.314398305,-0.394865245047,-4.01500519692,-8.05425167159,0.158910617425,-0.0364004213541,0.0098094932957,0,0,0,0,0,0,0.041582,0.138672000002,-0.143338999998,0.007367,0.0116520000001,-0.00471699999981
1658,3.316390401,-0.227003962694,-3.77979983272,-8.52501737671,0.145546094125,-0.0175678263809,0.00905399670874,0,0,0,0,0,0,0.041582,0.138672000002,-0.143338999998,0.007367,0.0116520000001,-0.00471699999981
1659,3.318395631,0.25350216541,-3.74982283476,-8.64193991347,0.131319662086,0.00526475984254,0.00219769483868,0,0,0,0,0,0,0.041582,0.138672000002,-0.143338999998,0.007367,0.0116520000001,-0.00471699999981
1660,3.320387147,0.105045406598,-3.55304575825,-7.87421175741,0.153381652762,-0.017487178023,0.0159076572796,0,0,0,0,0,0,0.041582,0.138672000002,-0.143338999998,0.007367,0.0116520000001,-0.00471699999981
1661,3.322399851,-0.411642196844,-3.8712214601,-8.34907489852,0.159018764553,-0.0359909038093,0.0159730440634,0,0,0,0,0,0,0.041582,0.0986720000031,-0.193339999998,0.009367,0.0116520000001,-0.00571699999981
1662,3.324409010,-0.32372667977,-3.78551002348,-8.68428798943,0.140655114869,-0.0129663852144,0.0109281966625,0,0,0,0,0,0,0.041582,0.0986720000031,-0.193339999998,0.009367,0.0116520000001,-0.00571699999981
1663,3.326406015,-0.113451601154,-3.53519143666,-8.6081552112,0.131771076026,-0.0171263999689,0.0080987728099,0,0,0,0,0,0,0.041582,0.0986720000031,-0.193339999998,0.009367,0.0116520000001,-0.00571699999981
1664,3.328414061,-0.574217615351,-4.0348130053,-8.84276132833,0.164945087252,-0.0180634906112,0.00592740478826,0,0,0,0,0,0,0.041582,0.0986720000031,-0.193339999998,0.009367,0.0116520000001,-0.00571699999981
1665,3.330415585,0.0977034377833,-3.65173676973,-8.74006011579,0.137701602977,-0.009998404477,0.00882181913877,0,0,0,0,0,0,0.051582,0.0786720000041,-0.253339999999,0.006367,0.00765200000006,-0.00371699999988
1666,3.332399446,0.327152440847,-4.30976204311,-8.80959481684,0.156424030228,0.00455069536094,0.00483915553522,0,0,0,0,0,0,0.051582,0.0786720000041,-0.253339999999,0.006367,0.00765200000006,-0.00371699999988
1667,3.334393687,-0.0694223027091,-3.85606995181,-8.62632601463,0.15366149926,-0.0257755397502,0.00820435179462,0,0,0,0,0,0,0.051582,0.0786720000041,-0.253339999999,0.006367,0.00765200000006,-0.00371699999988
1668,3.336388779,0.443308135651,-3.85453259642,-8.63770759029,0.155926619391,-0.0104337088427,0.013135742121,0,0,0,0,0,0,0.051582,0.0786720000041,-0.253339999999,0.006367,0.00765200000006,-0.00371699999988
1669,3.338395051,-0.271579646861,-4.24695341597,-8.98323907053,0.161371413192,-0.0270345700489,0.0104393412308,0,0,0,0,0,0,-0.028418,0.0686720000039,-0.243339999999,0.013367,0.0166520000001,-0.00771699999973
1670,3.340404089,0.476170070604,-3.80940935127,-8.7120802686,0.155180821467,-0.00971356676368,0.00341253285234,0,0,0,0,0,0,-0.028418,0.0686720000039,-0.243339999999,0.013367,0.0166520000001,-0.00771699999973
1671,3.342391737,0.312841201455,-3.69391481451,-8.68172483024,0.139293110493,-0.0110570389992,-0.00480476357138,0,0,0,0,0,0,-0.028418,0.0686720000039,-0.243339999999,0.013367,0.0166520000001,-0.00771699999973
1672,3.344391538,0.120829515187,-4.02960849254,-8.81077611105,0.153752759753,-0.0192640803085,0.00120117919934,0,0,0,0,0,0,-0.028418,0.0686720000039,-0.243339999999,0.013367,0.0166520000001,-0.00771699999973
1673,3.346382221,0.101127718269,-3.90212478283,-8.70821670992,0.148270125966,-0.0212457949071,0.00659315022972,0,0,0,0,0,0,0.011582,0.0686720000015,-0.0933399999989,0.008367,0.0116520000001,-0.00571699999981
1674,3.348386270,0.0807318664208,-4.33463123255,-8.82148858387,0.146363127106,-0.00374162707646,0.0107134372583,0,0,0,0,0,0,0.011582,0.0686720000015,-0.0933399999989,0.008367,0.0116520000001,-0.00571699999981
1675,3.350382424,0.357667774985,-3.9379241849,-8.87074631555,0.151776491954,-0.0119620215116,0.00721424918549,0,0,0,0,0,0,0.011582,0.0686720000015,-0.0933399999989,0.008367,0.0116520000001,-0.00571699999981
1676,3.352396311,-0.00806995308493,-3.57793496486,-8.72523469311,0.149768325539,-0.0305811905222,0.0107559677722,0,0,0,0,0,0,0.011582,0.0686720000015,-0.0933399999989,0.008367,0.0116520000001,-0.00571699999981
1677,3.354385612,0.206470271163,-4.08976315436,-8.86188032969,0.162220798935,-0.0144682177533,-0.00354424607019,0,0,0,0,0,0,0.021582,0.0686720000018,-0.113339999999,0.009367,0.0106520000001,-0.00571699999983
1678,3.356388769,0.22817884099,-3.9602478122,-8.61377986532,0.152613278999,-0.00960087741998,0.0109587101053,0,0,0,0,0,0,0.021582,0.0686720000018,-0.113339999999,0.009367,0.0106520000001,-0.00571699999983
1679,3.358391706,-0.337671847692,-3.7663012303,-8.63940270692,0.146567595402,-0.0268208233937,0.000512818226328,0,0,0,0,0,0,0.021582,0.0686720000018,-0.113339999999,0.009367,0.0106520000001,-0.00571699999983
1680,3.360384283,-0.490868354475,-3.54684004999,-8.61892475343,0.138704530995,-0.0194099096111,0.0132370741341,0,0,0,0,0,0,0.021582,0.0686720000018,-0.113339999999,0.009367,0.0106520000001,-0.00571699999983
1681,3.362401937,0.262578042487,-3.8966780769,-8.78990446363,0.153912403067,-0.00640233095811,0.00268789037625,0,0,0,0,0,0,0.011582,0.0786719999993,0.0466590000013,0.006367,0.00965200000008,-0.00471699999985
1682,3.364388172,0.0443900597457,-3.62723579654,-8.54372297998,0.146719892791,-0.0170663907326,0.0117006586783,0,0,0,0,0,0,0.011582,0.0786719999993,0.0466590000013,0.006367,0.00965200000008,-0.00471699999985
1683,3.366377083,-0.23908402324,-3.60747627667,-8.3800842559,0.139624202927,-0.0221339649402,0.0167667817516,0,0,0,0,0,0,0.011582,0.0786719999993,0.0466590000013,0.006367,0.00965200000008,-0.00471699999985
1684,3.368382544,-0.254689302142,-3.70755832672,-8.45275897411,0.144743745286,-0.0284444882808,0.00698291416024,0,0,0,0,0,0,0.011582,0.0786719999993,0.0466590000013,0.006367,0.00965200000008,-0.00471699999985
1685,3.370427108,-0.0717964381751,-4.08950061824,-8.29481091676,0.157877076051,-0.0282851378643,0.00664643593763,0,0,0,0,0,0,0.011582,0.0986719999986,0.0866600000016,0.008367,0.00865200000008,-0.00471699999986
1686,3.372384449,0.00371772977961,-3.8506613234,-8.81150983195,0.132826342746,0.00369280368598,0.0122687819337,0,0,0,0,0,0,0.011582,0.0986719999986,0.0866600000016,0.008367,0.00865200000008,-0.00471699999986
1687,3.374368611,0.214988431392,-3.46427932444,-8.3889706424,0.143583858658,-0.0199340500554,0.00977344640571,0,0,0,0,0,0,0.011582,0.0986719999986,0.0866600000016,0.008367,0.00865200000008,-0.00471699999986
1688,3.376371146,-0.14030326039,-3.86820000671,-8.02245437688,0.152972122552,-0.0337738538644,0.00906621967724,0,0,0,0,0,0,0.011582,0.0986719999986,0.0866600000016,0.008367,0.00865200000008,-0.00471699999986
1689,3.378398489,-0.305472745038,-4.04640543488,-8.21742344349,0.161023118607,-0.0528372666133,0.0131712175061,0,0,0,0,0,0,0.091582,0.128672000001,-0.0933399999979,0.002367,0.00365200000001,-0.000716999999942
1690,3.380389333,-0.380934254651,-3.93299037184,-8.22458786118,0.16879673424,-0.0345967346147,0.0118758888789,0,0,0,0,0,0,0.091582,0.128672000001,-0.0933399999979,0.002367,0.00365200000001,-0.000716999999942
1691,3.382376600,0.098849359836,-4.03172460702,-8.17635046831,0.156846901157,-0.023669634179,0.00268232948572,0,0,0,0,0,0,0.091582,0.128672000001,-0.0933399999979,0.002367,0.00365200000001,-0.000716999999942
1692,3.384378755,0.464046050212,-4.2456778278,-8.19439025238,0.170591544191,-0.00916873731702,0.016846998734,0,0,0,0,0,0,0.091582,0.128672000001,-0.0933399999979,0.002367,0.00365200000001,-0.000716999999942
1693,3.386367816,-0.106278387204,-4.00923147856,-8.06534567657,0.163778980942,-0.0325036005234,0.0118967771306,0,0,0,0,0,0,0.041582,0.108671999999,0.0866600000017,0.005367,0.00665200000004,-0.00271699999989
1694,3.388382184,0.0872796445298,-3.55044157864,-8.61248885856,0.136289978476,-0.0150872688161,0.00019813040306,0,0,0,0,0,0,0.041582,0.108671999999,0.0866600000017,0.005367,0.00665200000004,-0.00271699999989
1695,3.390363570,-0.352147629362,-4.12031922467,-8.86930756645,0.15501842677,-0.0240103690713,0.0167883281165,0,0,0,0,0,0,0.041582,0.108671999999,0.0866600000017,0.005367,0.00665200000004,-0.00271699999989
1696,3.392381204,-0.1984279264,-3.68032280956,-8.78335643923,0.135275511271,-0.0156050979615,-0.00414776603625,0,0,0,0,0,0,0.041582,0.108671999999,0.0866600000017,0.005367,0.00665200000004,-0.00271699999989
1697,3.394385203,-0.0826684810824,-3.56536324943,-8.23236250945,0.138210704335,-0.0213101055751,0.00527818885967,0,0,0,0,0,0,0.051582,0.0986719999985,0.0966610000016,0.003367,0.00665200000004,-0.00271699999989
1698,3.396384392,-0.127008081872,-3.88045725857,-8.57791967637,0.13846323664,-0.00633545429476,-0.00244297289726,0,0,0,0,0,0,0.051582,0.0986719999985,0.0966610000016,0.003367,0.00665200000004,-0.00271699999989
1699,3.398357413,0.276017250387,-3.90368736626,-8.54867256061,0.150032222742,-0.00335041066211,0.0106067498839,0,0,0,0,0,0,0.051582,0.0986719999985,0.0966610000016,0.003367,0.00665200000004,-0.00271699999989
1700,3.400382861,0.317312584359,-3.82608367643,-8.18788026771,0.152173650875,-0.0183820906967,0.0184410343674,0,0,0,0,0,0,0.051582,0.0986719999985,0.0966610000016,0.003367,0.00665200000004,-0.00271699999989
1701,3.402409392,0.128346305697,-3.56175061052,-8.62332796332,0.131400116343,0.000116741947342,0.00136084059085,0,0,0,0,0,0,0.001582,0.0586719999981,0.116661000001,0.008367,0.00965200000008,-0.00471699999985
1702,3.404370270,0.0552681526052,-4.02079479135,-8.03508537676,0.168232459789,-0.0303315493674,0.0154953485658,0,0,0,0,0,0,0.001582,0.0586719999981,0.116661000001,0.008367,0.00965200000008,-0.00471699999985
1703,3.406348400,-0.475849457855,-3.72995266554,-8.69391053943,0.143537722578,-0.0324120274014,0.00785368433514,0,0,0,0,0,0,0.001582,0.0586719999981,0.116661000001,0.008367,0.00965200000008,-0.00471699999985
1704,3.408378557,-0.318901489029,-4.01673709393,-8.49740975072,0.14991362052,-0.0206693472603,0.00923463293101,0,0,0,0,0,0,0.001582,0.0586719999981,0.116661000001,0.008367,0.00965200000008,-0.00471699999985
1705,3.410384550,0.016267799253,-3.5012736779,-8.44263223604,0.137105798054,-0.00910301324684,0.0139743069975,0,0,0,0,0,0,0.071582,0.0686719999985,0.0966610000011,0.001367,0.00365200000003,-0.00171699999994
1706,3.412374232,-0.111007519802,-3.57163933257,-8.66589871056,0.131118403867,-0.00912840992109,0.00866378284219,0,0,0,0,0,0,0.071582,0.0686719999985,0.0966610000011,0.001367,0.00365200000003,-0.00171699999994
1707,3.414364775,-0.232522696015,-3.84508877205,-9.1305559187,0.138911599846,-0.0147795268447,0.010274049047,0,0,0,0,0,0,0.071582,0.0686719999985,0.0966610000011,0.001367,0.00365200000003,-0.00171699999994
1708,3.416375256,-0.488090411443,-3.80747865944,-8.59887943251,0.156091951576,-0.0374130933183,0.0123505712419,0,0,0,0,0,0,0.071582,0.0686719999985,0.0966610000011,0.001367,0.00365200000003,-0.00171699999994
1709,3.418370959,0.240286799227,-3.55155940794,-8.54103096905,0.135758043983,-0.00776026103116,0.0119500464663,0,0,0,0,0,0,0.041582,0.0586719999986,0.0866600000009,0.004367,0.00465200000003,-0.00171699999993
1710,3.420377192,-0.0836406131189,-3.81890398077,-8.58644794636,0.141460054662,-0.00953462206978,0.000594645046352,0,0,0,0,0,0,0.041582,0.0586719999986,0.0866600000009,0.004367,0.00465200000003,-0.00171699999993
1711,3.422356193,0.0535727130136,-3.64972473891,-8.52458984827,0.137492891183,-0.0170672565239,0.0101830706343,0,0,0,0,0,0,0.041582,0.0586719999986,0.0866600000009,0.004367,0.00465200000003,-0.00171699999993
1712,3.424404825,0.0989695261984,-4.06589098699,-8.40732925554,0.160314171995,-0.0190034079611,0.0119441652566,0,0,0,0,0,0,0.041582,0.0586719999986,0.0866600000009,0.004367,0.00465200000003,-0.00171699999993
1713,3.426395178,-0.196897450401,-3.9347391838,-8.81435929585,0.130254979263,0.00250434900162,-0.00776902977571,0,0,0,0,0,0,0.061582,0.118672000006,-0.353339999998,0.006367,0.00865200000004,-0.00271699999986
1714,3.428401932,-0.0252778565371,-4.01683832901,-8.81511525295,0.144596005276,-0.0213478912275,0.00754404417143,0,0,0,0,0,0,0.061582,0.118672000006,-0.353339999998,0.006367,0.00865200000004,-0.00271699999986
1715,3.430374271,0.104303712044,-4.13497009785,-8.39161829386,0.151933046319,-0.0114587823351,0.0079221521376,0,0,0,0,0,0,0.061582,0.118672000006,-0.353339999998,0.006367,0.00865200000004,-0.00271699999986
1716,3.432375084,0.309649691179,-3.70319419088,-8.40506113915,0.142954167047,-0.0170161318768,0.00974477812223,0,0,0,0,0,0,0.061582,0.118672000006,-0.353339999998,0.006367,0.00865200000004,-0.00271699999986
1717,3.434386737,0.343865706551,-3.80761629783,-8.50826357453,0.145600402226,-0.0196609776033,0.00708904730874,0,0,0,0,0,0,0.081582,0.138672000004,-0.263339999998,0.004367,0.00765200000004,-0.00271699999988
1718,3.436376268,0.00222472618411,-3.9365324242,-7.92994253703,0.16186825288,-0.0274829400728,0.0104717427353,0,0,0,0,0,0,0.081582,0.138672000004,-0.263339999998,0.004367,0.00765200000004,-0.00271699999988
1719,3.438360880,0.285565061586,-3.70857632046,-8.54582050888,0.152928364675,-0.0174004653723,0.00737556775417,0,0,0,0,0,0,0.081582,0.138672000004,-0.263339999998,0.004367,0.00765200000004,-0.00271699999988
1720,3.440384696,-0.0290839661452,-3.90407582586,-8.23680279382,0.155924075496,-0.0253435279054,0.0128365541501,0,0,0,0,0,0,0.081582,0.138672000004,-0.263339999998,0.004367,0.00765200000004,-0.00271699999988
1721,3.442367836,-0.922133176331,-3.93334274496,-8.39530743469,0.147398285815,-0.0366095309161,0.00486171637853,0,0,0,0,0,0,0.081582,0.108672000003,-0.213340999998,0.002367,0.00565200000004,-0.00271699999991
1722,3.444386872,-0.364168032298,-3.76380463574,-8.49809769723,0.144900119114,-0.0327653259676,0.00705068625691,0,0,0,0,0,0,0.081582,0.108672000003,-0.213340999998,0.002367,0.00565200000004,-0.00271699999991
1723,3.446375142,0.00929150500994,-3.8878231944,-8.43680693383,0.151678961599,-0.0278095001223,0.00981700317609,0,0,0,0,0,0,0.081582,0.108672000003,-0.213340999998,0.002367,0.00565200000004,-0.00271699999991
1724,3.448384951,-0.177835517631,-4.01597082239,-8.15623747196,0.15799909763,-0.0257442527533,-0.00719890916881,0,0,0,0,0,0,0.081582,0.108672000003,-0.213340999998,0.002367,0.00565200000004,-0.00271699999991
1725,3.450372910,0.173299160536,-3.86360888461,-8.55817268356,0.151123623108,-0.0201154878267,0.00509464893237,0,0,0,0,0,0,0.131582,0.0786720000028,-0.173339999999,0.002367,0.00165200000001,-0.000716999999974
1726,3.452384643,-0.0113534459349,-3.88610310302,-8.71976557747,0.141363555146,-0.0055775823428,0.000949506373104,0,0,0,0,0,0,0.131582,0.0786720000028,-0.173339999999,0.002367,0.00165200000001,-0.000716999999974
1727,3.454360058,0.13091015003,-3.89291713921,-8.62056324943,0.141403561976,-0.0123667277509,0.00594830238469,0,0,0,0,0,0,0.131582,0.0786720000028,-0.173339999999,0.002367,0.00165200000001,-0.000716999999974
1728,3.456375958,-0.065397458487,-3.70160823634,-8.21270049553,0.142109491501,-0.00476939488171,-0.0011114339367,0,0,0,0,0,0,0.131582,0.0786720000028,-0.173339999999,0.002367,0.00165200000001,-0.000716999999974
1729,3.458384756,-0.0117691515808,-3.99233352449,-8.45706986077,0.149077443693,-0.000776386539855,0.0128983577606,0,0,0,0,0,0,0.051582,0.0786719999981,0.116661000001,0.004367,0.00465200000001,-0.000716999999926
1730,3.460390558,-0.441336841074,-3.8912410078,-8.43941041863,0.152988605762,-0.037705160059,0.0120577782923,0,0,0,0,0,0,0.051582,0.0786719999981,0.116661000001,0.004367,0.00465200000001,-0.000716999999926
1731,3.462373887,-0.352431721655,-3.72102939511,-8.75416202389,0.146635502691,-0.0185724850552,0.0109429813968,0,0,0,0,0,0,0.051582,0.0786719999981,0.116661000001,0.004367,0.00465200000001,-0.000716999999926
1732,3.464393565,0.348655025408,-3.95350433663,-8.68138636358,0.142203166714,-0.00275303556571,0.0129388995019,0,0,0,0,0,0,0.051582,0.0786719999981,0.116661000001,0.004367,0.00465200000001,-0.000716999999926
1733,3.466391142,0.152437453571,-3.7474994505,-8.46171162115,0.135885524524,-0.00794823587185,0.0107638884017,0,0,0,0,0,0,0.021582,0.0786719999985,0.0966610000013,0.007367,0.00665200000004,-0.00271699999989
1734,3.468400270,-0.270908066412,-4.01460346614,-8.75831265289,0.151106949454,-0.0144120310819,0.00752225628161,0,0,0,0,0,0,0.021582,0.0786719999985,0.0966610000013,0.007367,0.00665200000004,-0.00271699999989
1735,3.470377990,-0.380533135178,-3.99794376362,-8.85742925104,0.151329713152,-0.0182211842218,0.00204836152707,0,0,0,0,0,0,0.021582,0.0786719999985,0.0966610000013,0.007367,0.00665200000004,-0.00271699999989
1736,3.472389192,0.0224965023296,-3.87708901502,-8.53497688438,0.148749912772,-0.0119970085477,0.0066716581803,0,0,0,0,0,0,0.021582,0.0786719999985,0.0966610000013,0.007367,0.00665200000004,-0.00271699999989
1737,3.474390355,-0.449784355228,-3.50045875467,-8.65078266831,0.124254435996,-0.019513016431,0.00569915796105,0,0,0,0,0,0,0.001582,0.0786719999988,0.0766600000013,0.011367,0.0106520000001,-0.00571699999983
1738,3.476392430,-0.0730966318638,-4.0971967105,-8.43321434214,0.158788362122,-0.0169036662791,0.0119875142717,0,0,0,0,0,0,0.001582,0.0786719999988,0.0766600000013,0.011367,0.0106520000001,-0.00571699999983
1739,3.478381831,-0.302321293985,-3.53404240876,-8.70989306215,0.128551102375,-0.00879257488401,0.0068519886694,0,0,0,0,0,0,0.001582,0.0786719999988,0.0766600000013,0.011367,0.0106520000001,-0.00571699999983
1740,3.480391611,0.0395514474919,-3.4821713976,-8.19971503134,0.147159156561,-0.0231290966325,0.00855153244235,0,0,0,0,0,0,0.001582,0.0786719999988,0.0766600000013,0.011367,0.0106520000001,-0.00571699999983
1741,3.482393024,-0.0346192797957,-3.78374190407,-8.3322601313,0.165664083029,-0.0279437996449,0.00997267859461,0,0,0,0,0,0,0.061582,0.0686720000015,-0.0933399999989,0.007367,0.00965200000009,-0.00571699999985
1742,3.484397333,0.704591272905,-3.59025147198,-8.81859642906,0.132677153442,0.00699904672789,-0.00195111613362,0,0,0,0,0,0,0.061582,0.0686720000015,-0.0933399999989,0.007367,0.00965200000009,-0.00571699999985
1743,3.486387055,0.0474213002622,-4.03556675043,-8.63019265991,0.154333150786,-0.0142096246372,0.0200060935401,0,0,0,0,0,0,0.061582,0.0686720000015,-0.0933399999989,0.007367,0.00965200000009,-0.00571699999985
1744,3.488381996,0.103662658363,-3.73543416749,-8.79454937987,0.138998967851,-0.00335294519318,0.000882937964299,0,0,0,0,0,0,0.061582,0.0686720000015,-0.0933399999989,0.007367,0.00965200000009,-0.00571699999985
1745,3.490386977,-0.134422551199,-3.74082430387,-8.68402341671,0.135316534384,-0.0188822860681,-0.000760417355129,0,0,0,0,0,0,0.111582,0.0786720000001,-0.00333999999874,0.001367,0.00265200000001,-0.000716999999958
1746,3.492389152,0.107629684169,-3.98119731476,-8.47942853662,0.154666659824,-0.00938869152996,-0.00126442110036,0,0,0,0,0,0,0.111582,0.0786720000001,-0.00333999999874,0.001367,0.00265200000001,-0.000716999999958
1747,3.494368474,-0.356782412534,-3.7373392302,-8.49921929518,0.150932147222,-0.0224037928142,0.00963380564108,0,0,0,0,0,0,0.111582,0.0786720000001,-0.00333999999874,0.001367,0.00265200000001,-0.000716999999958
1748,3.496378264,-0.257933220859,-3.81440532387,-8.2291179016,0.149793380639,-0.0184168778674,0.00933091968985,0,0,0,0,0,0,0.111582,0.0786720000001,-0.00333999999874,0.001367,0.00265200000001,-0.000716999999958
1749,3.498381651,0.0776911375034,-3.76590173741,-8.37784648174,0.13672024221,-0.0123941210086,0.0181262988395,0,0,0,0,0,0,0.061582,0.0686719999997,0.0166610000011,0.006367,0.00865200000008,-0.00471699999986
1750,3.500376653,-0.0418168399934,-3.67207145558,-8.40716814342,0.136236014342,-0.0102876454487,0.00493931644548,0,0,0,0,0,0,0.061582,0.0686719999997,0.0166610000011,0.006367,0.00865200000008,-0.00471699999986
1751,3.502413393,0.234464437512,-3.85712850182,-8.59429394149,0.138403789195,0.00241504712253,0.00154581201253,0,0,0,0,0,0,0.061582,0.0686719999997,0.0166610000011,0.006367,0.00865200000008,-0.00471699999986
1752,3.504371385,0.145756106348,-3.98939205217,-8.60114234979,0.148115507039,-0.00688463219353,0.0100685938898,0,0,0,0,0,0,0.061582,0.0686719999997,0.0166610000011,0.006367,0.00865200000008,-0.00471699999986
1753,3.506371226,-0.21579275611,-3.74910557527,-8.35729468299,0.147051892308,-0.0180560747885,0.0156921959928,0,0,0,0,0,0,0.011582,0.0286720000031,-0.19334,0.015367,0.0166520000001,-0.00771699999973
1754,3.508366639,0.238038341683,-3.8901595972,-8.14580391885,0.156214996396,-0.0254802317006,0.0129834652447,0,0,0,0,0,0,0.011582,0.0286720000031,-0.19334,0.015367,0.0166520000001,-0.00771699999973
1755,3.510360849,0.364273654453,-3.74973932518,-8.58013710048,0.139952440199,0.000712692036777,0.00573625379973,0,0,0,0,0,0,0.011582,0.0286720000031,-0.19334,0.015367,0.0166520000001,-0.00771699999973
1756,3.512362844,-0.383641048896,-3.38809446169,-8.28588064757,0.132469290367,-0.0211066118031,0.00208666906921,0,0,0,0,0,0,0.011582,0.0286720000031,-0.19334,0.015367,0.0166520000001,-0.00771699999973
1757,3.514370799,-0.142435305204,-3.22789586098,-8.46553077544,0.125169030736,-0.0113312630926,0.0136912950499,0,0,0,0,0,0,0.071582,0.0686720000009,-0.0533389999989,0.008367,0.00765200000006,-0.00371699999988
1758,3.516366723,-0.127448965004,-3.7979849203,-8.48813709742,0.142581370369,-0.0137026726893,0.00445362854214,0,0,0,0,0,0,0.071582,0.0686720000009,-0.0533389999989,0.008367,0.00765200000006,-0.00371699999988
1759,3.518365361,0.00973140455201,-4.1579408609,-8.50648442046,0.155877967748,-0.0172939111464,0.0133663923664,0,0,0,0,0,0,0.071582,0.0686720000009,-0.0533389999989,0.008367,0.00765200000006,-0.00371699999988
1760,3.520366725,-0.219206612917,-4.56169680963,-8.70324209456,0.164225926497,-0.0153440496974,0.00590495326086,0,0,0,0,0,0,0.071582,0.0686720000009,-0.0533389999989,0.008367,0.00765200000006,-0.00371699999988
1761,3.522372156,-0.207658932769,-3.62873360135,-8.20812052985,0.147998950177,-0.0402559496961,0.015271081107,0,0,0,0,0,0,0.081582,0.0886720000029,-0.183339999999,0.006367,0.00565200000004,-0.00271699999991
1762,3.524376596,0.113395452883,-3.85820801606,-8.33777010275,0.161149641184,-0.0239581500359,0.0107646520933,0,0,0,0,0,0,0.081582,0.0886720000029,-0.183339999999,0.006367,0.00565200000004,-0.00271699999991
1763,3.526386535,-0.0643645319019,-3.52675302907,-8.1743059017,0.141212320496,-0.0378832513537,0.00283835357641,0,0,0,0,0,0,0.081582,0.0886720000029,-0.183339999999,0.006367,0.00565200000004,-0.00271699999991
1764,3.528394411,-0.0155980489457,-3.85223597144,-8.56516062748,0.150208388336,-0.0209050688772,0.0160736737631,0,0,0,0,0,0,0.081582,0.0886720000029,-0.183339999999,0.006367,0.00565200000004,-0.00271699999991
1765,3.530395424,0.0244207373941,-3.27332378283,-8.77682132594,0.117561200791,0.00104660751367,0.00751036438757,0,0,0,0,0,0,0.021582,0.0886719999985,0.0966610000014,0.008367,0.00765200000004,-0.00271699999988
1766,3.532395375,0.190532086677,-4.03915462534,-8.52692139965,0.148046351381,-0.00563124107961,0.00823149760206,0,0,0,0,0,0,0.021582,0.0886719999985,0.0966610000014,0.008367,0.00765200000004,-0.00271699999988
1767,3.534394224,-0.0700556489751,-3.94264110843,-8.38620116302,0.154841927785,-0.0231398793574,0.0169252780838,0,0,0,0,0,0,0.021582,0.0886719999985,0.0966610000014,0.008367,0.00765200000004,-0.00271699999988
1768,3.536385930,-0.229001753062,-3.89009471573,-7.99512721228,0.153690292918,-0.0307785638566,0.00719933824104,0,0,0,0,0,0,0.021582,0.0886719999985,0.0966610000014,0.008367,0.00765200000004,-0.00271699999988
1769,3.538398755,0.268384429115,-4.06553331245,-8.21325515734,0.161350116231,-0.0212570226176,0.0109944929857,0,0,0,0,0,0,0.021582,0.108671999999,0.0666600000017,0.004367,0.00665200000004,-0.00271699999989
1770,3.540398495,0.107256546833,-3.7246100309,-8.34399349944,0.152538099503,-0.0184605147661,0.0114705930366,0,0,0,0,0,0,0.021582,0.108671999999,0.0666600000017,0.004367,0.00665200000004,-0.00271699999989
1771,3.542395370,0.106706756504,-3.89909591098,-7.96235693208,0.154962232462,-0.0309655203854,0.0191165185161,0,0,0,0,0,0,0.021582,0.108671999999,0.0666600000017,0.004367,0.00665200000004,-0.00271699999989
1772,3.544392165,-0.148848218824,-3.77425541694,-8.14172777514,0.1575240032,-0.0353601583657,0.00667725474743,0,0,0,0,0,0,0.021582,0.108671999999,0.0666600000017,0.004367,0.00665200000004,-0.00271699999989
1773,3.546406183,0.261095224468,-3.77377765968,-8.53035033722,0.146729059968,-0.00981508980653,0.0040232683698,0,0,0,0,0,0,0.011582,0.0486719999964,0.226660000001,0.006367,0.00765200000006,-0.00371699999988
1774,3.548384383,-0.104780664465,-3.64583869344,-8.30070511436,0.136038115839,-0.00578504142624,0.0113212220539,0,0,0,0,0,0,0.011582,0.0486719999964,0.226660000001,0.006367,0.00765200000006,-0.00371699999988
1775,3.550388782,-0.588808121663,-3.75284356157,-8.74045441453,0.139189514401,-0.0227614313434,0.00736759400651,0,0,0,0,0,0,0.011582,0.0486719999964,0.226660000001,0.006367,0.00765200000006,-0.00371699999988
1776,3.552393673,0.207524867728,-3.63153527408,-8.74587570912,0.1366721475,-0.000744049121852,0.0109563248123,0,0,0,0,0,0,0.011582,0.0486719999964,0.226660000001,0.006367,0.00765200000006,-0.00371699999988
1777,3.554403141,0.272212951346,-3.46739233883,-8.42205116767,0.132928874507,-0.00511503975014,0.0113739086019,0,0,0,0,0,0,0.071582,0.0786720000012,-0.0733389999987,0.001367,0.00365200000003,-0.00171699999994
1778,3.556392132,-0.0212435427107,-3.99589335902,-8.38203196114,0.150740276544,-0.0187879842435,0.0103336838842,0,0,0,0,0,0,0.071582,0.0786720000012,-0.0733389999987,0.001367,0.00365200000003,-0.00171699999994
1779,3.558397243,-0.149267879878,-3.84741659589,-8.35151238184,0.135255802123,-0.0113271802173,-0.00219252414777,0,0,0,0,0,0,0.071582,0.0786720000012,-0.0733389999987,0.001367,0.00365200000003,-0.00171699999994
1780,3.560389068,0.0477218487922,-3.65871152623,-8.39830585355,0.134877287761,-0.00650069241489,0.00522060200457,0,0,0,0,0,0,0.071582,0.0786720000012,-0.0733389999987,0.001367,0.00365200000003,-0.00171699999994
1781,3.562395211,-0.0152328057305,-3.80495016528,-8.28293752806,0.151902397737,-0.0210856356083,0.00367804924335,0,0,0,0,0,0,0.061582,0.0786719999988,0.0766600000013,0.005367,0.00665200000006,-0.00371699999989
1782,3.564383150,0.149189304045,-3.83700655207,-8.16185203573,0.148415983489,-0.0205484322384,0.00408968163885,0,0,0,0,0,0,0.061582,0.0786719999988,0.0766600000013,0.005367,0.00665200000006,-0.00371699999989
1783,3.566390735,-0.278819418332,-3.87545613165,-8.70141994651,0.137538137559,-0.0117774872543,0.00322067302398,0,0,0,0,0,0,0.061582,0.0786719999988,0.0766600000013,0.005367,0.00665200000006,-0.00371699999989
1784,3.568381729,0.160291142679,-3.41229327854,-8.25621306597,0.143475013842,-0.0266414635732,0.00857172210703,0,0,0,0,0,0,0.061582,0.0786719999988,0.0766600000013,0.005367,0.00665200000006,-0.00371699999989
1785,3.570451250,0.235988583002,-3.8577261756,-8.19161018153,0.157442055667,-0.0191849121049,0.0178519233225,0,0,0,0,0,0,0.021582,0.0786720000005,-0.0333399999987,0.008367,0.0116520000001,-0.00471699999981
1786,3.572387371,-0.170824506988,-3.73455590279,-8.07529242866,0.154491195313,-0.0348125134483,0.0165913769424,0,0,0,0,0,0,0.021582,0.0786720000005,-0.0333399999987,0.008367,0.0116520000001,-0.00471699999981
1787,3.574389446,0.741748341503,-3.72922988264,-8.15614216475,0.15280071894,0.00446772317163,0.00818951800562,0,0,0,0,0,0,0.021582,0.0786720000005,-0.0333399999987,0.008367,0.0116520000001,-0.00471699999981
1788,3.576377986,-0.190787187018,-4.19830292247,-8.5201590114,0.155444776357,-0.0144879013623,-0.000760379517374,0,0,0,0,0,0,0.021582,0.0786720000005,-0.0333399999987,0.008367,0.0116520000001,-0.00471699999981
1789,3.578403695,-0.168209057596,-3.99667021589,-8.40370689828,0.148651696809,-0.0130294019664,0.01104944223,0,0,0,0,0,0,0.031582,0.0686720000017,-0.103339999999,0.010367,0.0126520000001,-0.0067169999998
1790,3.580375493,0.183600917275,-3.80918085262,-8.46517367628,0.129703067162,-0.000148211354947,0.00522659578565,0,0,0,0,0,0,0.031582,0.0686720000017,-0.103339999999,0.010367,0.0126520000001,-0.0067169999998
1791,3.582388890,0.36174934187,-3.69603382294,-8.55464911302,0.139276467095,-0.00374977439446,0.0113730624037,0,0,0,0,0,0,0.031582,0.0686720000017,-0.103339999999,0.010367,0.0126520000001,-0.0067169999998
1792,3.584374454,-0.332833918832,-3.91229584666,-8.71900882385,0.146335288057,-0.0140992571964,0.00462166314655,0,0,0,0,0,0,0.031582,0.0686720000017,-0.103339999999,0.010367,0.0126520000001,-0.0067169999998
1793,3.586387409,-0.269500610725,-3.64810177598,-8.18187210558,0.149296526045,-0.0279490954922,0.00894159660386,0,0,0,0,0,0,0.021582,0.108672000002,-0.133338999998,0.009367,0.0126520000001,-0.0057169999998
1794,3.588389785,-0.0616551216214,-3.75311244131,-8.68903068934,0.133974140453,-0.00819891683085,0.00203218448947,0,0,0,0,0,0,0.021582,0.108672000002,-0.133338999998,0.009367,0.0126520000001,-0.0057169999998
1795,3.590383985,-0.150993994363,-4.27278101468,-7.90350173995,0.168491918647,-0.0277056073248,0.0163209324868,0,0,0,0,0,0,0.021582,0.108672000002,-0.133338999998,0.009367,0.0126520000001,-0.0057169999998
1796,3.592381612,-0.105271197838,-4.16613344097,-7.84904082116,0.179349554538,-0.0282394244339,0.0160866076829,0,0,0,0,0,0,0.021582,0.108672000002,-0.133338999998,0.009367,0.0126520000001,-0.0057169999998
1797,3.594397843,-0.258771712803,-3.95154583782,-7.95627916642,0.15093219018,-0.0210080693794,0.0120006851802,0,0,0,0,0,0,0.081582,0.138672000001,-0.0433409999978,0.003367,0.00765200000006,-0.00371699999988
1798,3.596385380,-0.153851069021,-3.8133258774,-8.63565064047,0.142118459884,-0.0160872286961,0.00971633544714,0,0,0,0,0,0,0.081582,0.138672000001,-0.0433409999978,0.003367,0.00765200000006,-0.00371699999988
1799,3.598380152,0.0526956969239,-3.87334624174,-8.28598081142,0.147124782428,-0.0143497567312,0.00246903532352,0,0,0,0,0,0,0.081582,0.138672000001,-0.0433409999978,0.003367,0.00765200000006,-0.00371699999988
1800,3.600397736,-0.288257009601,-3.97758151974,-8.49814955618,0.143720210622,-0.013791873864,0.00726605231028,0,0,0,0,0,0,0.081582,0.138672000001,-0.0433409999978,0.003367,0.00765200000006,-0.00371699999988
1801,3.602453631,0.153743595357,-3.99322427189,-8.01756542111,0.162179442955,-0.00707947289131,0.00269004255658,0,0,0,0,0,0,0.111582,0.108672,-0.0133399999983,0.002367,0.00265200000001,-0.000716999999958
1802,3.604411514,0.0564141798839,-3.67198592425,-8.5855519316,0.130529634988,-0.00262548565074,0.00804128804143,0,0,0,0,0,0,0.111582,0.108672,-0.0133399999983,0.002367,0.00265200000001,-0.000716999999958
1803,3.606396857,-0.10654770279,-3.96999771564,-8.52284853262,0.154785585846,-0.0179145968849,0.00552810985344,0,0,0,0,0,0,0.111582,0.108672,-0.0133399999983,0.002367,0.00265200000001,-0.000716999999958
1804,3.608391057,-0.688167461003,-4.01328005956,-8.61401795987,0.14365526463,-0.0267490232133,-0.00923837177698,0,0,0,0,0,0,0.111582,0.108672,-0.0133399999983,0.002367,0.00265200000001,-0.000716999999958
1805,3.610407149,-0.450439257188,-4.02590286609,-8.27564008979,0.154067862599,-0.0309022904062,0.00549459659717,0,0,0,0,0,0,0.041582,0.108671999998,0.146660000002,0.004367,0.00665200000004,-0.00271699999989
1806,3.612392633,0.0763899213041,-3.62521837957,-8.34682630853,0.136876079654,-0.0036944394822,0.00901177699671,0,0,0,0,0,0,0.041582,0.108671999998,0.146660000002,0.004367,0.00665200000004,-0.00271699999989
1807,3.614386623,-0.266476067281,-3.86410698882,-8.19649724347,0.148912917388,-0.0119857486525,0.00820822726848,0,0,0,0,0,0,0.041582,0.108671999998,0.146660000002,0.004367,0.00665200000004,-0.00271699999989
1808,3.616408384,-0.0153313305341,-3.72288707257,-8.60575378873,0.140679266357,-0.00568425932013,0.0107339686973,0,0,0,0,0,0,0.041582,0.108671999998,0.146660000002,0.004367,0.00665200000004,-0.00271699999989
1809,3.618400781,0.180690265478,-3.70462426719,-8.23895757435,0.141348593659,-0.00834798427595,0.00986266878455,0,0,0,0,0,0,-0.018418,0.0586719999965,0.216660000001,0.011367,0.0106520000001,-0.00371699999983
1810,3.620384322,-0.0443813666153,-4.13934584859,-8.35745038465,0.156771511116,-0.0206033952883,0.0110849659941,0,0,0,0,0,0,-0.018418,0.0586719999965,0.216660000001,0.011367,0.0106520000001,-0.00371699999983
1811,3.622387088,0.348913675146,-3.70888146507,-8.37781403906,0.127089963945,0.00804691657219,0.0125363268795,0,0,0,0,0,0,-0.018418,0.0586719999965,0.216660000001,0.011367,0.0106520000001,-0.00371699999983
1812,3.624378573,0.0418200283779,-4.04573644566,-8.06749195135,0.160499002331,-0.0136153707352,0.0129681821692,0,0,0,0,0,0,-0.018418,0.0586719999965,0.216660000001,0.011367,0.0106520000001,-0.00371699999983
1813,3.626405965,-0.150513317654,-3.91318919204,-8.3636830788,0.145746938999,-0.0144113967627,0.00623755637266,0,0,0,0,0,0,-0.028418,0.0586719999964,0.226660000001,0.011367,0.0106520000001,-0.00471699999983
1814,3.628396248,-0.0870865223807,-4.21116120447,-7.99494242735,0.17989601741,-0.0304930394552,0.0139201698063,0,0,0,0,0,0,-0.028418,0.0586719999964,0.226660000001,0.011367,0.0106520000001,-0.00471699999983
1815,3.630377734,-0.550478367246,-3.71770836378,-8.37199004603,0.147268584133,-0.027385326885,0.00448836847233,0,0,0,0,0,0,-0.028418,0.0586719999964,0.226660000001,0.011367,0.0106520000001,-0.00471699999983
1816,3.632378637,-0.70901447828,-4.00148741295,-8.27246308981,0.149920275957,-0.0248002184135,0.0121228038368,0,0,0,0,0,0,-0.028418,0.0586719999964,0.226660000001,0.011367,0.0106520000001,-0.00471699999983
1817,3.634390029,-0.194109612593,-4.02890646967,-8.59014815755,0.151057712093,-0.0106518316522,-0.00274462003278,0,0,0,0,0,0,0.021582,0.0786719999989,0.0666600000013,0.007367,0.00865200000006,-0.00371699999986
1818,3.636377056,0.505138099963,-4.00524855805,-8.50811864457,0.144716192307,0.0115613366327,0.00858814015445,0,0,0,0,0,0,0.021582,0.0786719999989,0.0666600000013,0.007367,0.00865200000006,-0.00371699999986
1819,3.638369423,0.0669875805151,-3.76846584693,-8.2822435327,0.148401074733,-0.0130541054176,0.0135040283636,0,0,0,0,0,0,0.021582,0.0786719999989,0.0666600000013,0.007367,0.00865200000006,-0.00371699999986
1820,3.640385434,0.280914287251,-3.41891665413,-8.31841876789,0.130980425124,-0.00513975390784,0.00377872033343,0,0,0,0,0,0,0.021582,0.0786719999989,0.0666600000013,0.007367,0.00865200000006,-0.00371699999986
1821,3.642383441,0.478691230538,-4.06661356039,-8.28496172901,0.147897286537,0.0148130001973,0.00587429496421,0,0,0,0,0,0,-0.028418,0.0586719999969,0.196661000001,0.010367,0.0106520000001,-0.00471699999983
1822,3.644381940,0.283100294887,-3.81837350894,-8.25537402188,0.151774624307,-0.0173285299802,0.00842951321164,0,0,0,0,0,0,-0.028418,0.0586719999969,0.196661000001,0.010367,0.0106520000001,-0.00471699999983
1823,3.646374517,-0.107474079793,-3.43970064915,-8.52631889315,0.127430061301,-0.0102057833496,-0.00280454977938,0,0,0,0,0,0,-0.028418,0.0586719999969,0.196661000001,0.010367,0.0106520000001,-0.00471699999983
1824,3.648384397,-0.0470057378063,-3.94079616472,-8.35983088989,0.152426485663,-0.0163249189983,0.0122431327627,0,0,0,0,0,0,-0.028418,0.0586719999969,0.196661000001,0.010367,0.0106520000001,-0.00471699999983
1825,3.650380661,-0.0586941239474,-3.95018114672,-8.05502066347,0.159381488572,-0.0326774229916,0.0209506293565,0,0,0,0,0,0,0.021582,0.0786719999981,0.116661000001,0.009367,0.0106520000001,-0.00471699999983
1826,3.652356616,-0.361957724355,-4.24249757591,-8.2350748024,0.177427507665,-0.0321481849219,0.010918632179,0,0,0,0,0,0,0.021582,0.0786719999981,0.116661000001,0.009367,0.0106520000001,-0.00471699999983
1827,3.654350215,-0.0423203650332,-3.63682626912,-8.55734023683,0.13432583113,-0.0137040595575,0.00931373990017,0,0,0,0,0,0,0.021582,0.0786719999981,0.116661000001,0.009367,0.0106520000001,-0.00471699999983
1828,3.656355867,0.052067930695,-3.35368199645,-8.55655669066,0.123809807516,-0.00760689261186,0.0142551712493,0,0,0,0,0,0,0.021582,0.0786719999981,0.116661000001,0.009367,0.0106520000001,-0.00471699999983
1829,3.658356109,0.0761052582483,-3.83144471538,-8.62606606765,0.146708714493,-0.0105149308211,0.0126622111865,0,0,0,0,0,0,0.071582,0.0986719999996,0.0266610000016,0.002367,0.00465200000001,-0.000716999999926
1830,3.660349117,-0.116430252421,-4.08207318681,-8.33306119673,0.15172241975,-0.0239093415706,0.0109721012142,0,0,0,0,0,0,0.071582,0.0986719999996,0.0266610000016,0.002367,0.00465200000001,-0.000716999999926
1831,3.662351863,0.232639585494,-3.84989378093,-8.73357023486,0.145380247611,-0.00154393510626,0.0175630541839,0,0,0,0,0,0,0.071582,0.0986719999996,0.0266610000016,0.002367,0.00465200000001,-0.000716999999926
1832,3.664347636,-0.00927566244017,-3.55397812415,-8.67907537717,0.132797434387,-0.0152283019293,0.00513923458347,0,0,0,0,0,0,0.071582,0.0986719999996,0.0266610000016,0.002367,0.00465200000001,-0.000716999999926
1833,3.666357035,0.116533264841,-3.70076805645,-8.31424631995,0.13439081556,-0.00580918030039,0.0103266603508,0,0,0,0,0,0,0.101582,0.128671999999,0.0566600000021,-0.000633,0.001652,0.000283000000026
1834,3.668350313,-0.0856982872632,-3.64798626606,-8.6310692809,0.130914685579,-0.0067668746459,0.00985961414313,0,0,0,0,0,0,0.101582,0.128671999999,0.0566600000021,-0.000633,0.001652,0.000283000000026
1835,3.670355835,0.448059695245,-4.39610112341,-7.90036416446,0.169045322026,-0.00437838192513,0.0122461896523,0,0,0,0,0,0,0.101582,0.128671999999,0.0566600000021,-0.000633,0.001652,0.000283000000026
1836,3.672353842,0.143849118014,-3.44414813216,-8.26378732993,0.129814088244,-0.0165248450032,0.00756170289919,0,0,0,0,0,0,0.101582,0.128671999999,0.0566600000021,-0.000633,0.001652,0.000283000000026
1837,3.674378990,-0.171189540483,-3.43623252747,-7.99998007163,0.136472512883,-0.0143345049311,0.0102193968662,0,0,0,0,0,0,0.061582,0.0786719999975,0.156660000001,0.003367,0.00565200000003,-0.00171699999991
1838,3.676354255,-0.100895343866,-3.98008402572,-8.07173139925,0.149804022498,-0.0167748432301,0.0136478988511,0,0,0,0,0,0,0.061582,0.0786719999975,0.156660000001,0.003367,0.00565200000003,-0.00171699999991
1839,3.678358745,0.0704157098368,-3.61801057521,-8.25383666443,0.133573895519,-0.00218420170035,-0.000273874735582,0,0,0,0,0,0,0.061582,0.0786719999975,0.156660000001,0.003367,0.00565200000003,-0.00171699999991
1840,3.680353726,-0.165245575274,-4.12667967337,-8.27526045401,0.150045880075,-0.0124248564826,0.00510250734249,0,0,0,0,0,0,0.061582,0.0786719999975,0.156660000001,0.003367,0.00565200000003,-0.00171699999991
1841,3.682367563,0.242236881792,-4.17678837729,-7.8895285371,0.162706338975,-0.00551035276891,0.0182178401001,0,0,0,0,0,0,0.011582,0.0286719999954,0.286659,0.005367,0.00465200000003,-0.00171699999993
1842,3.684376400,0.115872329772,-3.99953832439,-8.33085490649,0.143843002589,-0.00223734873795,0.0113605026205,0,0,0,0,0,0,0.011582,0.0286719999954,0.286659,0.005367,0.00465200000003,-0.00171699999993
1843,3.686376762,0.192384469847,-3.91776098658,-8.17071517436,0.141684260705,-0.0124955136831,0.01514497634,0,0,0,0,0,0,0.011582,0.0286719999954,0.286659,0.005367,0.00465200000003,-0.00171699999993
1844,3.688371794,0.369882118452,-4.27788578001,-8.05859874866,0.165090882094,-0.0179319467357,0.0135844520038,0,0,0,0,0,0,0.011582,0.0286719999954,0.286659,0.005367,0.00465200000003,-0.00171699999993
1845,3.690382846,-0.172748402529,-3.9851300974,-7.87919432111,0.154469575948,-0.0240058841357,0.0119765190511,0,0,0,0,0,0,0.041582,0.0786719999973,0.166660000001,0.005367,0.00565200000003,-0.00171699999991
1846,3.692352069,-0.133658065697,-3.78148021558,-8.05760383145,0.136362338757,-0.0115396474766,0.00917567971283,0,0,0,0,0,0,0.041582,0.0786719999973,0.166660000001,0.005367,0.00565200000003,-0.00171699999991
1847,3.694360636,-0.321631673587,-3.92646419772,-8.33266941568,0.136132530744,-0.0173994307231,-5.47762270064e-05,0,0,0,0,0,0,0.041582,0.0786719999973,0.166660000001,0.005367,0.00565200000003,-0.00171699999991
1848,3.696354586,0.179238858732,-3.91940177935,-7.94308627153,0.144322997406,-0.00795611477088,0.0173037802445,0,0,0,0,0,0,0.041582,0.0786719999973,0.166660000001,0.005367,0.00565200000003,-0.00171699999991
1849,3.698368904,-0.126526336065,-3.75044117779,-8.51462874019,0.14459723618,-0.0106958868553,0.00223225689491,0,0,0,0,0,0,0.091582,0.138671999997,0.196661000002,-0.002633,-0.000348000000021,0.00128299999999
1850,3.700366701,0.171578234357,-3.83627513427,-8.55937694724,0.140954237422,-0.0106359777666,0.014985293244,0,0,0,0,0,0,0.091582,0.138671999997,0.196661000002,-0.002633,-0.000348000000021,0.00128299999999
1851,3.702400936,-0.0812907671134,-3.93110040235,-8.423180629,0.139896722761,-0.0043290092457,0.00811381317459,0,0,0,0,0,0,0.091582,0.138671999997,0.196661000002,-0.002633,-0.000348000000021,0.00128299999999
1852,3.704360692,-0.716235824018,-4.0664323163,-8.03205215578,0.147438949751,-0.0177425145972,0.00561382653328,0,0,0,0,0,0,0.091582,0.138671999997,0.196661000002,-0.002633,-0.000348000000021,0.00128299999999
1853,3.706366504,0.232229211847,-4.10342304117,-8.20739549348,0.157812367203,-0.00752345730362,0.0110961523359,0,0,0,0,0,0,0.121582,0.128671999999,0.0766600000021,-0.004633,0.000651999999979,0.00128300000001
1854,3.708359682,-0.237759860131,-3.59761452843,-8.50682311136,0.129134428168,-0.00564615078375,0.00207492384916,0,0,0,0,0,0,0.121582,0.128671999999,0.0766600000021,-0.004633,0.000651999999979,0.00128300000001
1855,3.710371715,0.0983937271456,-3.67053621018,-7.97381604766,0.150375314478,-0.0230573100717,0.0217780369232,0,0,0,0,0,0,0.121582,0.128671999999,0.0766600000021,-0.004633,0.000651999999979,0.00128300000001
1856,3.712358362,-0.299336829089,-3.78003616227,-8.45429591242,0.148618975541,-0.0163127631525,0.00768675692866,0,0,0,0,0,0,0.121582,0.128671999999,0.0766600000021,-0.004633,0.000651999999979,0.00128300000001
1857,3.714369023,0.130019704909,-3.62351784026,-8.29460633207,0.131727963773,-0.00873190035736,0.0105920887902,0,0,0,0,0,0,0.061582,0.128671999998,0.0966610000021,0.000367,0.00565200000003,-0.00171699999991
1858,3.716365136,-0.238011606695,-3.90240048069,-8.51464694811,0.142983741952,-0.0233331778237,0.00963407410751,0,0,0,0,0,0,0.061582,0.128671999998,0.0966610000021,0.000367,0.00565200000003,-0.00171699999991
1859,3.718353446,-0.0381816072786,-3.95775188862,-8.08692199695,0.155440492607,-0.0214673749391,0.0131803400517,0,0,0,0,0,0,0.061582,0.128671999998,0.0966610000021,0.000367,0.00565200000003,-0.00171699999991
1860,3.720350672,-0.132116806404,-4.11199489555,-8.4501163818,0.147427773112,-0.00650888005366,0.00297744543998,0,0,0,0,0,0,0.061582,0.128671999998,0.0966610000021,0.000367,0.00565200000003,-0.00171699999991
1861,3.722375429,-0.297698384098,-3.68151483047,-8.40082323491,0.139963831634,-0.0237847904495,0.0104642621053,0,0,0,0,0,0,0.071582,0.138671999998,0.126659000002,0.000367,0.00565200000001,-0.00071699999991
1862,3.724360232,-0.0258938009107,-4.19921098305,-8.03154569177,0.161659778704,-0.024190909989,0.00174145888109,0,0,0,0,0,0,0.071582,0.138671999998,0.126659000002,0.000367,0.00565200000001,-0.00071699999991
1863,3.726377004,-0.025483117624,-3.75817912765,-8.23106652045,0.142379117162,-0.0144981755578,0.00709199863163,0,0,0,0,0,0,0.071582,0.138671999998,0.126659000002,0.000367,0.00565200000001,-0.00071699999991
1864,3.728355445,-0.131382873998,-3.73567348972,-8.44567280652,0.142865270091,-0.0129070677327,0.0158382700376,0,0,0,0,0,0,0.071582,0.138671999998,0.126659000002,0.000367,0.00565200000001,-0.00071699999991
1865,3.730369322,0.408434635536,-4.04524173244,-8.29065385886,0.138896933496,-0.00885083537593,-0.00557956509229,0,0,0,0,0,0,0.091582,0.0886719999988,0.0766600000014,-0.000633,0.00165199999998,0.00128300000003
1866,3.732357241,-0.0613479528439,-3.76049571947,-8.21748845135,0.139091238431,-0.00778855504525,0.00912877153699,0,0,0,0,0,0,0.091582,0.0886719999988,0.0766600000014,-0.000633,0.00165199999998,0.00128300000003
1867,3.734349607,0.188465022704,-3.7830469812,-8.00760787215,0.155661910379,-0.0121062455671,0.0130446095482,0,0,0,0,0,0,0.091582,0.0886719999988,0.0766600000014,-0.000633,0.00165199999998,0.00128300000003
1868,3.736358966,0.470231259651,-4.07037934751,-8.10652046799,0.148077138883,0.00984401183382,0.0131936865013,0,0,0,0,0,0,0.091582,0.0886719999988,0.0766600000014,-0.000633,0.00165199999998,0.00128300000003
1869,3.738366300,0.24450446782,-3.93910814784,-7.75270131156,0.155566644545,-0.0139999179468,0.00791144350678,0,0,0,0,0,0,0.061582,0.0886719999986,0.0866600000014,0.002367,0.00265200000001,-0.000716999999958
1870,3.740365620,0.0311834051218,-3.76246522676,-8.35033640125,0.138048241012,-0.00183752364135,-0.00111077256577,0,0,0,0,0,0,0.061582,0.0886719999986,0.0866600000014,0.002367,0.00265200000001,-0.000716999999958
1871,3.742357055,-0.0413655679643,-3.5475131457,-8.32918450345,0.131306200071,-0.0106492008696,0.00954023024609,0,0,0,0,0,0,0.061582,0.0886719999986,0.0866600000014,0.002367,0.00265200000001,-0.000716999999958
1872,3.744357307,0.188863337729,-4.06662634969,-8.26440378805,0.149115927711,-0.00774510024637,0.0098438493871,0,0,0,0,0,0,0.061582,0.0886719999986,0.0866600000014,0.002367,0.00265200000001,-0.000716999999958
1873,3.746371534,-0.0340522625975,-3.64565554365,-8.32267802507,0.132845342516,-0.0167470166235,0.0106556951504,0,0,0,0,0,0,0.111582,0.148672000002,-0.153338999998,0.001367,0.00465200000004,-0.00271699999993
1874,3.748367027,0.252708313486,-3.70997356667,-8.20416484055,0.137556269078,-0.00819314146827,0.0106308883735,0,0,0,0,0,0,0.111582,0.148672000002,-0.153338999998,0.001367,0.00465200000004,-0.00271699999993
1875,3.750351259,0.0538081622172,-4.03082921498,-8.05552668318,0.153772156776,-0.0136767118985,0.00866634262626,0,0,0,0,0,0,0.111582,0.148672000002,-0.153338999998,0.001367,0.00465200000004,-0.00271699999993
1876,3.752367530,0.343140496097,-3.99035850218,-8.34095630255,0.146551966394,-0.0041491314197,0.00171846522252,0,0,0,0,0,0,0.111582,0.148672000002,-0.153338999998,0.001367,0.00465200000004,-0.00271699999993
1877,3.754374765,0.125305282079,-3.82632142061,-8.20516652138,0.142656515624,-0.0210206009788,0.0160112028894,0,0,0,0,0,0,0.091582,0.118672000004,-0.223338999998,0.004367,0.00765200000006,-0.00371699999988
1878,3.756366471,-0.253858049607,-3.83749309872,-8.39584596912,0.143947122001,-0.020972013594,0.00275894571742,0,0,0,0,0,0,0.091582,0.118672000004,-0.223338999998,0.004367,0.00765200000006,-0.00371699999988
1879,3.758358797,-0.360410571105,-3.64766149213,-8.49883972475,0.132603536855,-0.01402913728,0.00988578988876,0,0,0,0,0,0,0.091582,0.118672000004,-0.223338999998,0.004367,0.00765200000006,-0.00371699999988
1880,3.760358648,-0.436428689684,-3.69910267058,-8.22106524838,0.140555773542,-0.0300806403863,0.00529565949607,0,0,0,0,0,0,0.091582,0.118672000004,-0.223338999998,0.004367,0.00765200000006,-0.00371699999988
1881,3.762367967,0.010499330081,-3.47962989781,-8.29935135046,0.141421748791,-0.0160674977715,0.00561735694807,0,0,0,0,0,0,0.111582,0.118672000006,-0.393338999998,0.007367,0.00965200000008,-0.00471699999985
1882,3.764386212,-0.124432338266,-3.70782657819,-8.32534340293,0.139544769355,-0.0199148663024,0.0049308326026,0,0,0,0,0,0,0.111582,0.118672000006,-0.393338999998,0.007367,0.00965200000008,-0.00471699999985
1883,3.766384790,0.149539977843,-4.06102167503,-8.30981464968,0.161621088085,-0.00948599264292,0.00826144558709,0,0,0,0,0,0,0.111582,0.118672000006,-0.393338999998,0.007367,0.00965200000008,-0.00471699999985
1884,3.768385101,0.211135289231,-3.85205351543,-8.6051949205,0.146156311142,-0.00398373659842,0.00359935583439,0,0,0,0,0,0,0.111582,0.118672000006,-0.393338999998,0.007367,0.00965200000008,-0.00471699999985
1885,3.770430297,0.134249605269,-4.07622815069,-8.33023645647,0.148838442111,-0.0079181004065,0.00589468082917,0,0,0,0,0,0,0.021582,0.0786720000017,-0.103339999999,0.010367,0.0116520000001,-0.00571699999981
1886,3.772381637,0.0834125741169,-3.78244614832,-8.38397385648,0.138398871745,-0.0017480004704,0.0115922387122,0,0,0,0,0,0,0.021582,0.0786720000017,-0.103339999999,0.010367,0.0116520000001,-0.00571699999981
1887,3.774373503,-0.000578864812099,-3.88884557965,-8.57697322441,0.147792199178,-0.0021781126049,0.0107352744114,0,0,0,0,0,0,0.021582,0.0786720000017,-0.103339999999,0.010367,0.0116520000001,-0.00571699999981
1888,3.776379916,-0.0297602162068,-4.15450407447,-8.36482459646,0.16050789835,-0.0169910205046,0.0111705634073,0,0,0,0,0,0,0.021582,0.0786720000017,-0.103339999999,0.010367,0.0116520000001,-0.00571699999981
1889,3.778395637,-0.213886845207,-4.10373545365,-8.44799748499,0.152163063543,-0.0180351614027,0.00868520932671,0,0,0,0,0,0,0.081582,0.098672000002,-0.123340999998,0.003367,0.00565200000004,-0.00271699999991
1890,3.780386140,-0.615392378616,-3.88231278735,-8.37809181903,0.147555046796,-0.0264223607939,0.0151181852301,0,0,0,0,0,0,0.081582,0.098672000002,-0.123340999998,0.003367,0.00565200000004,-0.00271699999991
1891,3.782389327,0.153121652548,-3.71878156629,-8.5332497681,0.1424490478,-0.000698932286835,0.000196812686476,0,0,0,0,0,0,0.081582,0.098672000002,-0.123340999998,0.003367,0.00565200000004,-0.00271699999991
1892,3.784397564,0.096615060167,-4.05860633937,-8.21228721241,0.160661398044,-0.0235134954936,0.0105910917765,0,0,0,0,0,0,0.081582,0.098672000002,-0.123340999998,0.003367,0.00565200000004,-0.00271699999991
1893,3.786392686,-0.448141840937,-3.74126964918,-8.5479166419,0.146097244756,-0.0139356564047,0.00388197679074,0,0,0,0,0,0,0.021582,0.0886720000013,-0.0833399999986,0.005367,0.00765200000006,-0.00371699999988
1894,3.788384091,-0.0784523971269,-4.021853786,-8.38651944724,0.158503913645,-0.00812551194679,0.0128583874827,0,0,0,0,0,0,0.021582,0.0886720000013,-0.0833399999986,0.005367,0.00765200000006,-0.00371699999988
1895,3.790378712,-0.0210248611991,-3.84668414108,-7.94901673184,0.160527582735,-0.0282112691781,0.00863868843299,0,0,0,0,0,0,0.021582,0.0886720000013,-0.0833399999986,0.005367,0.00765200000006,-0.00371699999988
1896,3.792382319,0.0432644971448,-3.82576718655,-8.38851969273,0.141484792932,-0.00341819040719,0.00381739813724,0,0,0,0,0,0,0.021582,0.0886720000013,-0.0833399999986,0.005367,0.00765200000006,-0.00371699999988
1897,3.794398731,0.294164331789,-3.96210491021,-8.4705765781,0.144932407146,-0.00399404034392,0.0128246894075,0,0,0,0,0,0,0.061582,0.0986720000023,-0.143338999998,0.005367,0.00665200000006,-0.00371699999989
1898,3.796399613,-0.381779358641,-3.60255269995,-8.76350861596,0.13834988166,-0.0233537928728,0.00247087292988,0,0,0,0,0,0,0.061582,0.0986720000023,-0.143338999998,0.005367,0.00665200000006,-0.00371699999989
1899,3.798386210,-0.510748601704,-3.72872298944,-8.71783329975,0.129000988352,-0.0225755113785,0.00902092827439,0,0,0,0,0,0,0.061582,0.0986720000023,-0.143338999998,0.005367,0.00665200000006,-0.00371699999989
1900,3.800388074,0.0460348922806,-3.82444598488,-7.98621854654,0.152765777559,-0.0183274691683,0.00453906642373,0,0,0,0,0,0,0.061582,0.0986720000023,-0.143338999998,0.005367,0.00665200000006,-0.00371699999989
1901,3.802390299,-0.151185781508,-4.07996403186,-8.59396230642,0.143376466994,-0.00834928459948,0.00639072966677,0,0,0,0,0,0,0.111582,0.128672000003,-0.193339999998,0.002367,0.00565200000004,-0.00271699999991
1902,3.804436066,0.320759100926,-3.70905944436,-7.90426818019,0.147471718001,-0.0168312516913,0.0139138907062,0,0,0,0,0,0,0.111582,0.128672000003,-0.193339999998,0.002367,0.00565200000004,-0.00271699999991
1903,3.806396684,0.00268664342246,-3.981214059,-8.68321451907,0.145779026619,-0.0105007818446,0.00933913214938,0,0,0,0,0,0,0.111582,0.128672000003,-0.193339999998,0.002367,0.00565200000004,-0.00271699999991
1904,3.808386586,0.0879884717462,-3.63315924164,-8.30862783656,0.143492769266,-0.021030122101,0.00865559506103,0,0,0,0,0,0,0.111582,0.128672000003,-0.193339999998,0.002367,0.00565200000004,-0.00271699999991
1905,3.810396926,-0.252167698169,-3.502697054,-8.18462736532,0.135349014157,-0.022742783105,0.0105830195409,0,0,0,0,0,0,0.131582,0.118672000002,-0.113339999998,0.001367,0.00365200000003,-0.00171699999994
1906,3.812393491,0.0596083092216,-3.51598760828,-8.43641552376,0.13584186712,-0.0106751719541,0.00550024953374,0,0,0,0,0,0,0.131582,0.118672000002,-0.113339999998,0.001367,0.00365200000003,-0.00171699999994
1907,3.814392670,-0.206754721982,-3.59718926985,-8.30657932132,0.137937347353,-0.0165633426733,0.00832825819927,0,0,0,0,0,0,0.131582,0.118672000002,-0.113339999998,0.001367,0.00365200000003,-0.00171699999994
1908,3.816384807,0.268293208863,-3.86837515892,-8.14657405153,0.135866902318,-0.00230544734654,0.0103884508235,0,0,0,0,0,0,0.131582,0.118672000002,-0.113339999998,0.001367,0.00365200000003,-0.00171699999994
1909,3.818402320,0.0264226587589,-3.67095137817,-8.60894721691,0.144199511528,-0.0278757303929,0.0138058471807,0,0,0,0,0,0,0.071582,0.0986720000021,-0.133338999998,0.008367,0.00965200000009,-0.00571699999985
1910,3.820414193,0.0107797548279,-3.79274444613,-8.07521834328,0.159631520885,-0.0257825024384,0.00901460206029,0,0,0,0,0,0,0.071582,0.0986720000021,-0.133338999998,0.008367,0.00965200000009,-0.00571699999985
1911,3.822407131,-0.0260596877269,-3.89745560005,-8.07049686448,0.147816332004,-0.0200197684949,0.012035608375,0,0,0,0,0,0,0.071582,0.0986720000021,-0.133338999998,0.008367,0.00965200000009,-0.00571699999985
1912,3.824414516,0.348411839792,-3.6740171279,-8.57813249503,0.127244318222,0.00452133378962,0.00666718942488,0,0,0,0,0,0,0.071582,0.0986720000021,-0.133338999998,0.008367,0.00965200000009,-0.00571699999985
1913,3.826431800,0.27463587369,-4.42214773401,-7.90702169651,0.171246865034,-0.00757945714181,0.0164503091598,0,0,0,0,0,0,0.071582,0.118671999999,0.0366590000019,0.006367,0.00765200000006,-0.00371699999988
1914,3.828412415,-0.285933149574,-4.2194884171,-7.89401257426,0.17740248077,-0.0284680758713,0.0168237352731,0,0,0,0,0,0,0.071582,0.118671999999,0.0366590000019,0.006367,0.00765200000006,-0.00371699999988
1915,3.830406625,0.00234609136545,-4.01657100359,-8.17484118028,0.165001789255,-0.0288630669797,0.0104830092698,0,0,0,0,0,0,0.071582,0.118671999999,0.0366590000019,0.006367,0.00765200000006,-0.00371699999988
1916,3.832407498,0.130209665775,-3.52419638029,-8.65329419951,0.132844068194,-0.00936944689729,0.00778700831071,0,0,0,0,0,0,0.071582,0.118671999999,0.0366590000019,0.006367,0.00765200000006,-0.00371699999988
1917,3.834422607,0.0706489342781,-3.75875590063,-8.53876976895,0.131678922996,-0.0185462324078,0.014199913291,0,0,0,0,0,0,0.101582,0.138672000001,-0.0433409999978,0.004367,0.00565200000003,-0.00171699999991
1918,3.836407670,-0.224912867606,-4.01304900552,-8.49410085666,0.152932279963,-0.0230936909644,0.0129624604218,0,0,0,0,0,0,0.101582,0.138672000001,-0.0433409999978,0.004367,0.00565200000003,-0.00171699999991
1919,3.838399135,-0.145877497682,-3.88660706667,-8.56242610673,0.140529961855,-0.0126866068774,0.00755868027744,0,0,0,0,0,0,0.101582,0.138672000001,-0.0433409999978,0.004367,0.00565200000003,-0.00171699999991
1920,3.840378428,-0.179662179884,-4.01947737767,-8.03290542189,0.162438775799,-0.0279496971092,0.01135006418,0,0,0,0,0,0,0.101582,0.138672000001,-0.0433409999978,0.004367,0.00565200000003,-0.00171699999991
1921,3.842396142,-0.379374707668,-3.72274981038,-8.57871210596,0.132884039807,-0.0137860347997,0.00903802652606,0,0,0,0,0,0,0.071582,0.118672,-0.0133399999981,0.002367,0.00165200000003,-0.00171699999997
1922,3.844384672,0.123366101215,-3.65237306516,-8.30327290601,0.137717549525,-0.00571240190053,0.00915939803164,0,0,0,0,0,0,0.071582,0.118672,-0.0133399999981,0.002367,0.00165200000003,-0.00171699999997
1923,3.846381857,-0.120604957405,-3.88879724095,-8.45624267465,0.147351542204,-0.00094110385316,0.0103746545852,0,0,0,0,0,0,0.071582,0.118672,-0.0133399999981,0.002367,0.00165200000003,-0.00171699999997
1924,3.848381788,-0.0887353074448,-3.77848646509,-8.52001946889,0.145084836821,-0.00894847552934,0.0107345887089,0,0,0,0,0,0,0.071582,0.118672,-0.0133399999981,0.002367,0.00165200000003,-0.00171699999997
1925,3.850397268,-0.800474693177,-3.88796002454,-8.45683335917,0.139416380473,-0.0213336252376,0.0105745607926,0,0,0,0,0,0,0.081582,0.0686720000009,-0.0533389999989,0.005367,0.00365200000004,-0.00271699999994
1926,3.852384144,-0.228326683566,-4.12623311336,-8.29989426725,0.154454489218,-0.0170498315784,0.00499091939098,0,0,0,0,0,0,0.081582,0.0686720000009,-0.0533389999989,0.005367,0.00365200000004,-0.00271699999994
1927,3.854389976,-0.0381051454076,-4.11355747842,-7.78023798981,0.161618525776,-0.0161088023192,0.0200093742556,0,0,0,0,0,0,0.081582,0.0686720000009,-0.0533389999989,0.005367,0.00365200000004,-0.00271699999994
1928,3.856392452,-0.0506433649162,-3.93993446471,-8.62152438098,0.144140493114,-0.00694138459581,0.0208899159191,0,0,0,0,0,0,0.081582,0.0686720000009,-0.0533389999989,0.005367,0.00365200000004,-0.00271699999994
1929,3.858395639,-0.188954940534,-4.1503104773,-8.22613963456,0.167561730147,-0.0287800292186,0.0114524418912,0,0,0,0,0,0,0.061582,0.0886720000052,-0.323338999999,0.007367,0.00965200000008,-0.00471699999985
1930,3.860399277,-0.374111481648,-3.9754685405,-8.2364024495,0.147432997908,-0.0192063872041,0.00819285846281,0,0,0,0,0,0,0.061582,0.0886720000052,-0.323338999999,0.007367,0.00965200000008,-0.00471699999985
1931,3.862382076,-0.470996403697,-3.79283160384,-8.3075384631,0.14200776939,-0.0220073735984,0.0124753041872,0,0,0,0,0,0,0.061582,0.0886720000052,-0.323338999999,0.007367,0.00965200000008,-0.00471699999985
1932,3.864359234,-0.19499250699,-3.87700142359,-8.46603956607,0.140272222337,-0.013558627421,0.0114172257994,0,0,0,0,0,0,0.061582,0.0886720000052,-0.323338999999,0.007367,0.00965200000008,-0.00471699999985
1933,3.866359155,0.220728698948,-3.91809321071,-8.30591638846,0.137544520345,0.000660393188421,0.021277210343,0,0,0,0,0,0,0.061582,0.0986720000029,-0.183339999998,0.005367,0.00965200000004,-0.00271699999985
1934,3.868352734,-0.38990048769,-3.90682252045,-8.02742281057,0.148599392186,-0.0227171400899,0.00701573814551,0,0,0,0,0,0,0.061582,0.0986720000029,-0.183339999998,0.005367,0.00965200000004,-0.00271699999985
1935,3.870350441,-0.17672594669,-3.87403947405,-8.11219618764,0.155415885219,-0.0250873508236,0.00327802660932,0,0,0,0,0,0,0.061582,0.0986720000029,-0.183339999998,0.005367,0.00965200000004,-0.00271699999985
1936,3.872351635,-0.488771066487,-3.82052757308,-8.43718558322,0.1441357739,-0.0173247971662,0.0184719290472,0,0,0,0,0,0,0.061582,0.0986720000029,-0.183339999998,0.005367,0.00965200000004,-0.00271699999985
1937,3.874375741,-0.196060728572,-3.70732321827,-8.19041026333,0.140139677415,-0.0233451174284,0.00688093248119,0,0,0,0,0,0,0.101582,0.098672000001,-0.0633389999984,0.003367,0.00465200000004,-0.00271699999993
1938,3.876360533,-0.442804736564,-3.91111782799,-8.58852766105,0.152974064397,-0.0224710940261,0.0183865092074,0,0,0,0,0,0,0.101582,0.098672000001,-0.0633389999984,0.003367,0.00465200000004,-0.00271699999993
1939,3.878363289,-0.498611078658,-3.91259152598,-8.68002366851,0.148539371442,-0.0267258515,0.00211290237277,0,0,0,0,0,0,0.101582,0.098672000001,-0.0633389999984,0.003367,0.00465200000004,-0.00271699999993
1940,3.880358992,0.127437336292,-3.63791514523,-7.94203629728,0.152850196759,-0.0276870103217,0.00741941923194,0,0,0,0,0,0,0.101582,0.098672000001,-0.0633389999984,0.003367,0.00465200000004,-0.00271699999993
1941,3.882367359,0.0244665214829,-3.79772827062,-8.19256786385,0.134595516817,-0.000229086576134,0.0150916039573,0,0,0,0,0,0,0.041582,0.0886720000018,-0.113339999999,0.009367,0.0106520000001,-0.00571699999983
1942,3.884360648,0.575206498197,-3.66967588702,-8.29441699631,0.138729336599,0.00541881476004,0.0162031790536,0,0,0,0,0,0,0.041582,0.0886720000018,-0.113339999999,0.009367,0.0106520000001,-0.00571699999983
1943,3.886363424,-0.229804066357,-3.58822030935,-8.38391436326,0.129921246181,-0.015606324515,0.00507097627547,0,0,0,0,0,0,0.041582,0.0886720000018,-0.113339999999,0.009367,0.0106520000001,-0.00571699999983
1944,3.888352565,-0.17867179206,-3.95383451948,-8.06277702856,0.144566743243,-0.0194941809964,-0.000159045728999,0,0,0,0,0,0,0.041582,0.0886720000018,-0.113339999999,0.009367,0.0106520000001,-0.00571699999983
1945,3.890361683,0.280897663869,-4.01483932549,-7.7637659178,0.154485047542,-0.00940936381645,0.0154567034131,0,0,0,0,0,0,0.041582,0.0686719999985,0.0966610000011,0.007367,0.00765200000006,-0.00371699999988
1946,3.892374638,0.112889932239,-4.13328939203,-8.34058760814,0.157464399276,0.000357789388588,0.005708425166,0,0,0,0,0,0,0.041582,0.0686719999985,0.0966610000011,0.007367,0.00765200000006,-0.00371699999988
1947,3.894380610,-0.0277807607836,-4.07170079205,-8.20601515622,0.156007432851,-0.00680715256624,0.0109923767795,0,0,0,0,0,0,0.041582,0.0686719999985,0.0966610000011,0.007367,0.00765200000006,-0.00371699999988
1948,3.896369240,-0.369426193304,-3.87060870498,-8.4615691638,0.147610896235,-0.0195408388939,0.00639248855505,0,0,0,0,0,0,0.041582,0.0686719999985,0.0966610000011,0.007367,0.00765200000006,-0.00371699999988
1949,3.898375453,-0.468279310253,-3.91672363532,-8.84113238066,0.144945824404,-0.016585542119,0.00434690881134,0,0,0,0,0,0,0.101582,0.128672000001,-0.0733389999979,0.002367,0.00465200000003,-0.00171699999993
1950,3.900357480,-0.203842201207,-3.83474125991,-8.28642226529,0.144720830325,-0.0193540735898,0.00265094150874,0,0,0,0,0,0,0.101582,0.128672000001,-0.0733389999979,0.002367,0.00465200000003,-0.00171699999993
1951,3.902357241,-0.0744556790178,-3.95850932478,-8.97736784034,0.153408925377,-0.0101246767305,0.0182002723211,0,0,0,0,0,0,0.101582,0.128672000001,-0.0733389999979,0.002367,0.00465200000003,-0.00171699999993
1952,3.904405532,0.165331730363,-3.71190201008,-8.15482925146,0.149351613228,-0.0150216890302,0.00983500071855,0,0,0,0,0,0,0.101582,0.128672000001,-0.0733389999979,0.002367,0.00465200000003,-0.00171699999993
1953,3.906390154,0.431274618806,-3.46853155678,-8.48760109324,0.130772944871,-0.00264616185726,0.00845367244955,0,0,0,0,0,0,0.081582,0.128672000001,-0.0533389999979,0.003367,0.00565200000003,-0.00171699999991
1954,3.908369126,-0.387460127264,-4.05499440146,-8.64930852631,0.152671666515,-0.0220471815884,-0.00605696590113,0,0,0,0,0,0,0.081582,0.128672000001,-0.0533389999979,0.003367,0.00565200000003,-0.00171699999991
1955,3.910379336,0.058565988818,-3.66767313169,-8.49172897524,0.135630424472,-0.0104842405301,0.0144976261989,0,0,0,0,0,0,0.081582,0.128672000001,-0.0533389999979,0.003367,0.00565200000003,-0.00171699999991
1956,3.912364249,0.290897260697,-3.74750989705,-8.89768525103,0.130976270297,-0.00848846579506,0.0149144429171,0,0,0,0,0,0,0.081582,0.128672000001,-0.0533389999979,0.003367,0.00565200000003,-0.00171699999991
1957,3.914366575,0.680234753683,-3.81457175414,-8.50886952325,0.146669104276,0.00260769970109,0.013480465879,0,0,0,0,0,0,0.041582,0.108671999998,0.0966610000017,0.004367,0.00765200000004,-0.00271699999988
1958,3.916372707,0.662585534243,-3.90172603922,-8.13451125965,0.152474997537,-0.0104559703714,0.0115954105247,0,0,0,0,0,0,0.041582,0.108671999998,0.0966610000017,0.004367,0.00765200000004,-0.00271699999988
1959,3.918359564,0.174200906455,-3.95302738887,-8.53577792783,0.145576399679,-0.00422299361639,0.00631055159185,0,0,0,0,0,0,0.041582,0.108671999998,0.0966610000017,0.004367,0.00765200000004,-0.00271699999988
1960,3.920365075,-0.314799326635,-3.76564021814,-8.42788238285,0.147777065117,-0.0205269038061,0.00866969085719,0,0,0,0,0,0,0.041582,0.108671999998,0.0966610000017,0.004367,0.00765200000004,-0.00271699999988
1961,3.922368493,-0.0697929463675,-3.47968230765,-8.5583053983,0.136307081932,-0.0236813210536,0.00809246487891,0,0,0,0,0,0,0.071582,0.108671999999,0.0766600000017,0.002367,0.00665200000004,-0.00271699999989
1962,3.924368804,-0.186567272842,-3.96824171072,-8.33259960418,0.149538348581,-0.00921491768751,0.00780302158698,0,0,0,0,0,0,0.071582,0.108671999999,0.0766600000017,0.002367,0.00665200000004,-0.00271699999989
1963,3.926373174,0.688737656994,-3.99857000609,-8.53128938917,0.151765737099,-0.00405943658639,0.00787616938909,0,0,0,0,0,0,0.071582,0.108671999999,0.0766600000017,0.002367,0.00665200000004,-0.00271699999989
1964,3.928376140,0.13088044629,-4.09528743527,-8.57079019573,0.14674874094,-0.00500242117357,0.00921712919263,0,0,0,0,0,0,0.071582,0.108671999999,0.0766600000017,0.002367,0.00665200000004,-0.00271699999989
1965,3.930363267,0.275752500162,-3.71931540674,-8.48166501445,0.137439443619,-0.0121291928523,0.0129270384103,0,0,0,0,0,0,0.091582,0.0786719999967,0.206659000001,0.001367,0.00265200000001,-0.000716999999958
1966,3.932360573,0.58484086116,-3.89148293752,-8.21797075351,0.14520590448,-0.000587921468342,0.0140284132182,0,0,0,0,0,0,0.091582,0.0786719999967,0.206659000001,0.001367,0.00265200000001,-0.000716999999958
1967,3.934359272,-0.200021284566,-3.63238182803,-8.60516225531,0.132371887069,-0.0130998720235,0.000679716955053,0,0,0,0,0,0,0.091582,0.0786719999967,0.206659000001,0.001367,0.00265200000001,-0.000716999999958
1968,3.936361206,-0.0155594117621,-3.72096130293,-8.1999460053,0.14680060318,-0.0176690891045,0.00490659032476,0,0,0,0,0,0,0.091582,0.0786719999967,0.206659000001,0.001367,0.00265200000001,-0.000716999999958
1969,3.938374853,0.286745064967,-4.36473630531,-8.37249078521,0.157398080477,0.00213443832374,0.0133880360847,0,0,0,0,0,0,0.121582,0.108671999996,0.256660000002,-0.003633,-0.00234800000002,0.00128299999996
1970,3.940363823,0.056160354927,-3.86264310078,-8.60900163468,0.140742213394,-0.0110100360508,0.00239945918446,0,0,0,0,0,0,0.121582,0.108671999996,0.256660000002,-0.003633,-0.00234800000002,0.00128299999996
1971,3.942355880,0.0956954517684,-3.71627652127,-8.52952673474,0.133529312119,-0.0148161338511,0.0101088730682,0,0,0,0,0,0,0.121582,0.108671999996,0.256660000002,-0.003633,-0.00234800000002,0.00128299999996
1972,3.944362323,0.647261051533,-3.55171932946,-8.23040003252,0.13806264962,0.0018671629443,-0.00623881746206,0,0,0,0,0,0,0.121582,0.108671999996,0.256660000002,-0.003633,-0.00234800000002,0.00128299999996
1973,3.946367213,0.162021765446,-3.82707455535,-8.40804320936,0.141587527684,-0.0111779455316,0.0134472890104,0,0,0,0,0,0,0.071582,0.0986719999973,0.166660000002,0.001367,0.00365200000001,-0.000716999999942
1974,3.948366743,-0.0189311502262,-3.82958851183,-8.80557064757,0.140631426641,-0.00924309247931,0.00631000295144,0,0,0,0,0,0,0.071582,0.0986719999973,0.166660000002,0.001367,0.00365200000001,-0.000716999999942
1975,3.950363618,-0.228013287719,-3.65075636894,-8.43602691105,0.14959585487,-0.0198822705589,0.0109843941935,0,0,0,0,0,0,0.071582,0.0986719999973,0.166660000002,0.001367,0.00365200000001,-0.000716999999942
1976,3.952363940,0.307238431375,-3.39351185213,-8.666584527,0.133595261117,-0.00896677502397,0.00446315656725,0,0,0,0,0,0,0.071582,0.0986719999973,0.166660000002,0.001367,0.00365200000001,-0.000716999999942
1977,3.954367528,-0.0384540008811,-3.74918667618,-8.67093756158,0.137309225806,0.000773945423016,0.00270173610285,0,0,0,0,0,0,0.091582,0.108672,0.0266610000017,0.002367,0.00365200000003,-0.00171699999994
1978,3.956363451,0.189295340868,-3.70642296393,-8.7335778697,0.149746015825,-0.00750046660729,0.00842408300585,0,0,0,0,0,0,0.091582,0.108672,0.0266610000017,0.002367,0.00365200000003,-0.00171699999994
1979,3.958376808,0.0166192697808,-3.78235608048,-8.67489690201,0.146844491802,-0.00193621104768,0.010137338033,0,0,0,0,0,0,0.091582,0.108672,0.0266610000017,0.002367,0.00365200000003,-0.00171699999994
1980,3.960367611,-0.353705274389,-3.53169782476,-8.92554724604,0.133164292159,-0.0161658669171,0.00470105827877,0,0,0,0,0,0,0.091582,0.108672,0.0266610000017,0.002367,0.00365200000003,-0.00171699999994
1981,3.962377992,-0.00192616788624,-3.63505896061,-8.38631165597,0.148729657714,-0.0233724426747,0.0115043922553,0,0,0,0,0,0,-0.008418,0.0586719999975,0.156660000001,0.011367,0.0106520000001,-0.00471699999983
1982,3.964373003,-0.0174498636057,-3.58591327039,-8.43580443129,0.138066902223,-0.011249944193,0.00985560437616,0,0,0,0,0,0,-0.008418,0.0586719999975,0.156660000001,0.011367,0.0106520000001,-0.00471699999983
1983,3.966355672,-0.0978257372316,-4.12313707636,-8.36986727565,0.158423112894,-0.00498927563631,0.000434988812989,0,0,0,0,0,0,-0.008418,0.0586719999975,0.156660000001,0.011367,0.0106520000001,-0.00471699999983
1984,3.968383806,0.0649445595388,-3.65468978575,-8.52437983496,0.128391163635,-0.0018861228015,0.00665326301254,0,0,0,0,0,0,-0.008418,0.0586719999975,0.156660000001,0.011367,0.0106520000001,-0.00471699999983
1985,3.970431897,0.198485232043,-3.62263885301,-8.52492255283,0.135630608933,-0.0101931479213,0.0054644879614,0,0,0,0,0,0,0.051582,0.108672000001,-0.0733389999983,0.005367,0.00665200000004,-0.00271699999989
1986,3.972384760,0.33869649182,-4.0229811193,-8.58289030435,0.153039779975,-0.00194746465429,0.00244027254838,0,0,0,0,0,0,0.051582,0.108672000001,-0.0733389999983,0.005367,0.00665200000004,-0.00271699999989
1987,3.974375704,-0.446655930686,-3.83293964155,-8.87951061571,0.130137564078,-0.0197803647185,0.013699672196,0,0,0,0,0,0,0.051582,0.108672000001,-0.0733389999983,0.005367,0.00665200000004,-0.00271699999989
1988,3.976372699,-0.466487798575,-3.93875269292,-8.30977276044,0.149038154961,-0.0239407530595,0.00656030290481,0,0,0,0,0,0,0.051582,0.108672000001,-0.0733389999983,0.005367,0.00665200000004,-0.00271699999989
1989,3.978394792,-0.158867122114,-4.10281920104,-8.53562953758,0.153417326433,-0.00725081975118,0.0100162986769,0,0,0,0,0,0,0.041582,0.128672000001,-0.0633389999979,0.005367,0.00865200000004,-0.00271699999986
1990,3.980383832,-0.295791564448,-3.60410026965,-8.61480791656,0.129847314584,-0.0100377729188,0.0125209691206,0,0,0,0,0,0,0.041582,0.128672000001,-0.0633389999979,0.005367,0.00865200000004,-0.00271699999986
1991,3.982387651,-0.193489994516,-3.99459756112,-8.3147172722,0.15303420349,-0.0154920592756,0.0160384636412,0,0,0,0,0,0,0.041582,0.128672000001,-0.0633389999979,0.005367,0.00865200000004,-0.00271699999986
1992,3.984384947,0.0202819447275,-4.18585728925,-8.62106256414,0.158831504584,-0.0138424014016,0.0205856874592,0,0,0,0,0,0,0.041582,0.128672000001,-0.0633389999979,0.005367,0.00865200000004,-0.00271699999986
1993,3.986390839,0.055265717089,-3.60878531151,-8.64982752874,0.132903364566,-0.00306338441839,0.0152492481673,0,0,0,0,0,0,0.031582,0.108672000001,-0.0533389999983,0.005367,0.00865200000008,-0.00471699999986
1994,3.988389197,0.164645793104,-3.83641671828,-8.16099498141,0.144258964467,-0.0071760543025,0.00776615496818,0,0,0,0,0,0,0.031582,0.108672000001,-0.0533389999983,0.005367,0.00865200000008,-0.00471699999986
1995,3.990380482,0.0866462555082,-3.46536433253,-8.398035029,0.136004282386,-0.0107841945455,0.00765355752904,0,0,0,0,0,0,0.031582,0.108672000001,-0.0533389999983,0.005367,0.00865200000008,-0.00471699999986
1996,3.992383428,0.0830290210237,-3.83808417971,-8.52409027699,0.143743056886,-0.00604247821514,0.00111609211714,0,0,0,0,0,0,0.031582,0.108672000001,-0.0533389999983,0.005367,0.00865200000008,-0.00471699999986
1997,3.994392977,-0.279581673504,-3.78020845667,-8.58209776137,0.132914920381,-0.0228216405844,0.0118936016551,0,0,0,0,0,0,0.021582,0.138672,0.00666000000222,0.006367,0.00965200000008,-0.00471699999985
1998,3.996374623,0.187619870434,-3.7370191098,-8.92196328166,0.14216699644,-0.0128264266599,0.00272246418744,0,0,0,0,0,0,0.021582,0.138672,0.00666000000222,0.006367,0.00965200000008,-0.00471699999985
1999,3.998368523,0.105213023559,-3.60151810911,-8.26250420559,0.145570154971,-0.020727667133,0.00770679648657,0,0,0,0,0,0,0.021582,0.138672,0.00666000000222,0.006367,0.00965200000008,-0.00471699999985
2000,4.000367061,0.23613599885,-3.6998159033,-8.60795794717,0.131209317312,-0.00577195012967,0.0102374577924,0,0,0,0,0,0,0.021582,0.138672,0.00666000000222,0.006367,0.00965200000008,-0.00471699999985
2001,4.002369758,0.419707201796,-3.57910709155,-8.4376483576,0.135627671238,-0.00161297143705,0.000468473209399,0,0,0,0,0,0,0.041582,0.108672000001,-0.0533389999983,0.007367,0.00765200000006,-0.00371699999988
2002,4.004406748,0.539508664888,-3.76561935408,-8.46356148849,0.144501735496,-0.00171873200602,0.0154478338714,0,0,0,0,0,0,0.041582,0.108672000001,-0.0533389999983,0.007367,0.00765200000006,-0.00371699999988
2003,4.006353620,-0.155884512065,-3.82294092244,-8.67463294831,0.149630806664,-0.0150790128478,0.00914320040294,0,0,0,0,0,0,0.041582,0.108672000001,-0.0533389999983,0.007367,0.00765200000006,-0.00371699999988
2004,4.008361656,0.0811372400408,-3.41520788305,-8.61389857962,0.136208236722,-0.0109973476131,-0.00358873662255,0,0,0,0,0,0,0.041582,0.108672000001,-0.0533389999983,0.007367,0.00765200000006,-0.00371699999988
2005,4.010371876,-0.282018222778,-3.60857911708,-8.51727778316,0.136989876038,-0.0274453728008,0.00875161117252,0,0,0,0,0,0,0.111582,0.148672,0.0266610000024,-0.000633,0.00165200000001,-0.000716999999974
2006,4.012361247,-0.0364571935242,-3.50457558022,-8.35586572572,0.133949316525,-0.0210320986712,0.00590664552613,0,0,0,0,0,0,0.111582,0.148672,0.0266610000024,-0.000633,0.00165200000001,-0.000716999999974
2007,4.014363603,0.126097411581,-3.63939947921,-8.78015177616,0.133252262731,-0.00970521373491,0.000944520643288,0,0,0,0,0,0,0.111582,0.148672,0.0266610000024,-0.000633,0.00165200000001,-0.000716999999974
2008,4.016380485,-0.117686954475,-3.82004235418,-8.53794063132,0.146169051971,-0.0130449136292,0.0033181878683,0,0,0,0,0,0,0.111582,0.148672,0.0266610000024,-0.000633,0.00165200000001,-0.000716999999974
2009,4.018381839,-0.179207866172,-3.634908041,-8.78463567359,0.142876802337,-0.0218363739192,-0.000784053176688,0,0,0,0,0,0,0.061582,0.108671999999,0.0466590000017,0.003367,0.00565200000004,-0.00271699999991
2010,4.020381439,0.282354702963,-4.14935546674,-8.80747749033,0.154888299664,0.00205793310367,0.0120963981722,0,0,0,0,0,0,0.061582,0.108671999999,0.0466590000017,0.003367,0.00565200000004,-0.00271699999991
2011,4.022384166,0.299110816105,-3.75820907595,-8.55291537636,0.143094749127,0.00113410455725,0.00860018842989,0,0,0,0,0,0,0.061582,0.108671999999,0.0466590000017,0.003367,0.00565200000004,-0.00271699999991
2012,4.024385399,0.0740858633806,-3.75901621447,-8.59069776714,0.145744735088,-0.00867582882806,0.00603020795612,0,0,0,0,0,0,0.061582,0.108671999999,0.0466590000017,0.003367,0.00565200000004,-0.00271699999991
2013,4.026410837,-0.25519264712,-3.97262152642,-8.26094153485,0.15577162283,-0.0335872169914,0.00766448123357,0,0,0,0,0,0,0.081582,0.118672,-0.0133399999981,0.002367,0.00465200000001,-0.000716999999926
2014,4.028382555,0.131310792441,-3.62977533289,-8.70317658261,0.138330176524,-0.00855498348707,0.0037594070612,0,0,0,0,0,0,0.081582,0.118672,-0.0133399999981,0.002367,0.00465200000001,-0.000716999999926
2015,4.030364222,-0.476431529359,-3.81271070147,-8.59544116242,0.154867773199,-0.0261546774836,0.0106232884978,0,0,0,0,0,0,0.081582,0.118672,-0.0133399999981,0.002367,0.00465200000001,-0.000716999999926
2016,4.032367149,-0.338289649436,-3.97564931636,-8.53352703834,0.148019978054,-0.0160876910195,0.00666931378093,0,0,0,0,0,0,0.081582,0.118672,-0.0133399999981,0.002367,0.00465200000001,-0.000716999999926
2017,4.034386506,-0.0997742267489,-3.99711810186,-8.90988021929,0.150360602646,-0.0134125349486,0.00619931610092,0,0,0,0,0,0,0.111582,0.148671999999,0.0566600000024,-0.000633,0.000652000000011,-0.00071699999999
2018,4.036366440,-0.049284016061,-3.57415529545,-8.48928147599,0.131937878233,-0.0123421589014,0.00222865447281,0,0,0,0,0,0,0.111582,0.148671999999,0.0566600000024,-0.000633,0.000652000000011,-0.00071699999999
2019,4.038359378,-0.137128480546,-4.0944781239,-8.39385663213,0.157988766225,-0.0247721506867,0.00193885160742,0,0,0,0,0,0,0.111582,0.148671999999,0.0566600000024,-0.000633,0.000652000000011,-0.00071699999999
2020,4.040360160,-0.238780384621,-3.79738315958,-8.77864883567,0.137071615371,-0.0166509830844,0.00723819444389,0,0,0,0,0,0,0.111582,0.148671999999,0.0566600000024,-0.000633,0.000652000000011,-0.00071699999999
2021,4.042370551,-0.20801491854,-3.7311790252,-8.72400735176,0.145019761222,-0.0192642506782,-0.00202891610977,0,0,0,0,0,0,0.081582,0.138672000001,-0.0833399999978,0.002367,0.00365200000001,-0.000716999999942
2022,4.044358509,0.106419742538,-4.13837391686,-8.24931884202,0.164061378117,-0.0130652158473,0.0109290852776,0,0,0,0,0,0,0.081582,0.138672000001,-0.0833399999978,0.002367,0.00365200000001,-0.000716999999942
2023,4.046358941,0.209070264947,-3.83110083535,-8.41742162259,0.14545182248,-0.0205356452289,0.011759427133,0,0,0,0,0,0,0.081582,0.138672000001,-0.0833399999978,0.002367,0.00365200000001,-0.000716999999942
2024,4.048352300,-0.262943316017,-4.03327572025,-8.64974463432,0.141512228498,-0.00109800010222,0.00494013772141,0,0,0,0,0,0,0.081582,0.138672000001,-0.0833399999978,0.002367,0.00365200000001,-0.000716999999942
2025,4.050369363,0.0978962406923,-3.93470978703,-8.02679428931,0.158310988023,-0.0179343153471,0.00831952622737,0,0,0,0,0,0,0.061582,0.108672000004,-0.233338999998,0.008367,0.00965200000008,-0.00471699999985
2026,4.052353294,-0.122107856722,-3.7711403176,-8.453401035,0.142395027483,-0.0184197279822,0.00650766852666,0,0,0,0,0,0,0.061582,0.108672000004,-0.233338999998,0.008367,0.00965200000008,-0.00471699999985
2027,4.054363403,-0.142519919368,-3.63092753683,-8.40188428654,0.147520610428,-0.022702563662,0.0095893311553,0,0,0,0,0,0,0.061582,0.108672000004,-0.233338999998,0.008367,0.00965200000008,-0.00471699999985
2028,4.056365007,0.103231687791,-3.6726821103,-8.33587498705,0.135119032552,-0.00498099865887,0.00439001862012,0,0,0,0,0,0,0.061582,0.108672000004,-0.233338999998,0.008367,0.00965200000008,-0.00471699999985
2029,4.058370349,-0.148852020105,-3.68780082481,-8.32909649339,0.133220350306,-0.0121995733487,0.0161533565157,0,0,0,0,0,0,0.041582,0.0786720000023,-0.143338999999,0.006367,0.00765200000006,-0.00371699999988
2030,4.060359740,-0.0224988301792,-3.60575334128,-8.49577324424,0.132322447904,-0.00424007747283,0.0115053023203,0,0,0,0,0,0,0.041582,0.0786720000023,-0.143338999999,0.006367,0.00765200000006,-0.00371699999988
2031,4.062359821,-0.0279545157803,-3.75633761195,-7.79475429931,0.146860529286,-0.0139325314942,0.0100618381391,0,0,0,0,0,0,0.041582,0.0786720000023,-0.143338999999,0.006367,0.00765200000006,-0.00371699999988
2032,4.064359091,0.344249789402,-3.76768849139,-8.54033629223,0.135955137269,-0.0131460786088,0.0088624038644,0,0,0,0,0,0,0.041582,0.0786720000023,-0.143338999999,0.006367,0.00765200000006,-0.00371699999988
2033,4.066373489,0.0247189098981,-3.52084416054,-8.13298623424,0.1473422061,-0.0155999902064,0.0112704665882,0,0,0,0,0,0,0.021582,0.0986720000031,-0.193339999998,0.009367,0.0106520000001,-0.00471699999983
2034,4.068355566,-0.247571755314,-4.0072350732,-8.4124154919,0.153940616545,-0.0202558078799,0.00214622738724,0,0,0,0,0,0,0.021582,0.0986720000031,-0.193339999998,0.009367,0.0106520000001,-0.00471699999983
2035,4.070365727,-0.202181770639,-4.16551308769,-8.35919737574,0.145786377768,-0.0115691460508,0.0113270138299,0,0,0,0,0,0,0.021582,0.0986720000031,-0.193339999998,0.009367,0.0106520000001,-0.00471699999983
2036,4.072356450,-0.386576684366,-3.98005985141,-8.23424978029,0.144637680751,-0.0196110821396,-0.000844657583216,0,0,0,0,0,0,0.021582,0.0986720000031,-0.193339999998,0.009367,0.0106520000001,-0.00471699999983
2037,4.074371299,0.0576494802173,-4.00883846701,-8.11444445235,0.155860843928,-0.0160381615264,0.0144008951507,0,0,0,0,0,0,0.091582,0.118672000002,-0.143338999998,0.001367,0.00465200000003,-0.00171699999993
2038,4.076358536,0.221722698964,-4.16180838087,-8.37327947416,0.145883394429,0.00554004364924,0.00574793202305,0,0,0,0,0,0,0.091582,0.118672000002,-0.143338999998,0.001367,0.00465200000003,-0.00171699999993
2039,4.078362405,-0.113950235876,-4.41021066153,-8.1867566954,0.176988538105,-0.023918141466,0.0152359658737,0,0,0,0,0,0,0.091582,0.118672000002,-0.143338999998,0.001367,0.00465200000003,-0.00171699999993
2040,4.080361864,0.0309469024103,-3.50362834498,-7.93839947625,0.144240623399,-0.0219516311553,0.0129659440942,0,0,0,0,0,0,0.091582,0.118672000002,-0.143338999998,0.001367,0.00465200000003,-0.00171699999993
2041,4.082367085,0.315414165132,-3.55240623831,-8.41675148599,0.138647588737,-0.00818381602313,0.00278730240021,0,0,0,0,0,0,0.181582,0.158672000002,-0.133338999997,-0.005633,-0.00434800000004,0.00228299999993
2042,4.084358160,-0.377315810664,-3.87487604922,-8.15572268664,0.156676727592,-0.0305329043968,0.0190877922805,0,0,0,0,0,0,0.181582,0.158672000002,-0.133338999997,-0.005633,-0.00434800000004,0.00228299999993
2043,4.086354454,0.289913092763,-3.74915950552,-8.34038606626,0.14839356388,-0.00179986414606,0.0105814001731,0,0,0,0,0,0,0.181582,0.158672000002,-0.133338999997,-0.005633,-0.00434800000004,0.00228299999993
2044,4.088354184,0.193214850702,-3.8862803736,-8.39263639524,0.144410656001,-0.000244937901904,0.0071716732718,0,0,0,0,0,0,0.181582,0.158672000002,-0.133338999997,-0.005633,-0.00434800000004,0.00228299999993
2045,4.090362361,0.389492315717,-4.09545480359,-8.13446215099,0.150553468513,0.00416474578155,0.00933033569841,0,0,0,0,0,0,0.161582,0.178672000003,-0.213340999997,-0.006633,-0.001348,0.000282999999978
2046,4.092355138,-0.724532651847,-3.49315522539,-8.16268023598,0.128321925508,-0.0264871058905,0.00297551161057,0,0,0,0,0,0,0.161582,0.178672000003,-0.213340999997,-0.006633,-0.001348,0.000282999999978
2047,4.094356752,0.0361726712844,-3.94775437645,-8.31356269041,0.14060724538,-0.0130427452383,0.0119062489932,0,0,0,0,0,0,0.161582,0.178672000003,-0.213340999997,-0.006633,-0.001348,0.000282999999978
2048,4.096352506,-0.424001733919,-3.73919252222,-8.19538690443,0.144905056994,-0.0324946214224,0.0214605238305,0,0,0,0,0,0,0.161582,0.178672000003,-0.213340999997,-0.006633,-0.001348,0.000282999999978
2049,4.098363477,0.198632575269,-3.93178187795,-8.13218560034,0.151479473812,-0.0140290395174,0.00638331573589,0,0,0,0,0,0,0.161582,0.168672000005,-0.343339999997,-0.001633,0.00165200000003,-0.00171699999997
2050,4.100356074,-0.526179041741,-3.63567056756,-8.21251162826,0.140444018864,-0.0156383769933,0.0108758774874,0,0,0,0,0,0,0.161582,0.168672000005,-0.343339999997,-0.001633,0.00165200000003,-0.00171699999997
2051,4.102358180,-0.0688338634352,-3.98451252602,-8.31066154556,0.145611778531,0.00398457896002,0.00847417972099,0,0,0,0,0,0,0.161582,0.168672000005,-0.343339999997,-0.001633,0.00165200000003,-0.00171699999997
2052,4.104415448,-0.404126249937,-3.73767743707,-8.29042555063,0.139227948556,-0.0234482726425,0.0116134629484,0,0,0,0,0,0,0.161582,0.168672000005,-0.343339999997,-0.001633,0.00165200000003,-0.00171699999997
2053,4.106374622,-0.507441376827,-4.05327070125,-7.76305530536,0.163949771636,-0.0374016479121,0.0135171770569,0,0,0,0,0,0,0.151582,0.138672000005,-0.293340999998,0.001367,0.00365200000004,-0.00271699999994
2054,4.108361900,0.0720771585956,-3.87056283178,-8.29988921029,0.146304994066,-0.00937318839966,0.0020813726709,0,0,0,0,0,0,0.151582,0.138672000005,-0.293340999998,0.001367,0.00365200000004,-0.00271699999994
2055,4.110358014,-0.00543058352606,-4.04998671054,-8.77912610761,0.14520836018,-0.000870571232168,0.00832012045992,0,0,0,0,0,0,0.151582,0.138672000005,-0.293340999998,0.001367,0.00365200000004,-0.00271699999994
2056,4.112362242,0.065477906653,-3.96636774772,-8.21285690224,0.152735922552,-0.0237859805067,0.0195284273517,0,0,0,0,0,0,0.151582,0.138672000005,-0.293340999998,0.001367,0.00365200000004,-0.00271699999994
2057,4.114365890,0.0479848875683,-3.68300768052,-8.49466201442,0.1509816239,-0.0136214482774,0.00984566424631,0,0,0,0,0,0,0.111582,0.138672000004,-0.223338999998,0.003367,0.00665200000006,-0.00371699999989
2058,4.116361803,-0.367496359934,-4.03664757149,-8.58672289805,0.15180033969,-0.00980268071285,0.00960562153284,0,0,0,0,0,0,0.111582,0.138672000004,-0.223338999998,0.003367,0.00665200000006,-0.00371699999989
2059,4.118358078,-0.0212168618145,-3.45444005578,-8.44564309825,0.13140772718,-0.00505202763381,0.00838497940105,0,0,0,0,0,0,0.111582,0.138672000004,-0.223338999998,0.003367,0.00665200000006,-0.00371699999989
2060,4.120353670,0.267575034731,-4.09413636624,-8.67524559502,0.148226253147,0.0012709375653,0.00262897069318,0,0,0,0,0,0,0.111582,0.138672000004,-0.223338999998,0.003367,0.00665200000006,-0.00371699999989
2061,4.122363229,0.00997130158625,-3.39524677233,-8.30511833245,0.131630014169,-0.0127132272618,0.00706579626443,0,0,0,0,0,0,0.061582,0.0886720000013,-0.0833399999986,0.006367,0.00965200000006,-0.00371699999985
2062,4.124358171,-0.18493944291,-3.77971555745,-8.19438183691,0.139396236397,-0.016885755993,0.0021596974058,0,0,0,0,0,0,0.061582,0.0886720000013,-0.0833399999986,0.006367,0.00965200000006,-0.00371699999985
2063,4.126355958,0.369191477565,-3.7053451064,-8.60483673837,0.141996790119,0.000632096136349,0.00868093697607,0,0,0,0,0,0,0.061582,0.0886720000013,-0.0833399999986,0.006367,0.00965200000006,-0.00371699999985
2064,4.128370827,0.266859252666,-3.72794002472,-8.49829148727,0.142869017507,-0.0151026861345,0.00653724709406,0,0,0,0,0,0,0.061582,0.0886720000013,-0.0833399999986,0.006367,0.00965200000006,-0.00371699999985
2065,4.130387579,-0.0854555012676,-3.61185975938,-8.38738262725,0.140504023222,-0.00890891738621,-0.00263157302738,0,0,0,0,0,0,0.121582,0.158672000003,-0.193339999997,0.002367,0.00665200000003,-0.00171699999989
2066,4.132359819,0.122042953157,-3.90461549253,-8.37797038613,0.145680283644,-0.00525857505464,0.00434882490053,0,0,0,0,0,0,0.121582,0.158672000003,-0.193339999997,0.002367,0.00665200000003,-0.00171699999989
2067,4.134363186,0.222120041826,-3.47540296346,-9.11369613422,0.124539905265,0.00205861217122,0.00432375087775,0,0,0,0,0,0,0.121582,0.158672000003,-0.193339999997,0.002367,0.00665200000003,-0.00171699999989
2068,4.136354942,-0.308895455894,-3.8275099088,-8.50991427999,0.141147019844,-0.0247253367125,0.00792288521484,0,0,0,0,0,0,0.121582,0.158672000003,-0.193339999997,0.002367,0.00665200000003,-0.00171699999989
2069,4.138363218,0.274182476508,-3.89107523663,-8.70851858212,0.135750219224,-0.00454906560802,-0.0014506597016,0,0,0,0,0,0,0.071582,0.138672000003,-0.163339999998,0.006367,0.00665200000004,-0.00271699999989
2070,4.140357829,0.153518281819,-3.89376998629,-8.21756046171,0.155344217876,-0.016633321909,0.00321558123186,0,0,0,0,0,0,0.071582,0.138672000003,-0.163339999998,0.006367,0.00665200000004,-0.00271699999989
2071,4.142350947,0.309236395089,-3.9736541215,-8.70803030222,0.13542110391,0.000770867671628,0.00494146785628,0,0,0,0,0,0,0.071582,0.138672000003,-0.163339999998,0.006367,0.00665200000004,-0.00271699999989
2072,4.144362079,0.236324039515,-3.95084012006,-8.76509692056,0.155401486512,-0.0118388734635,0.00862501376219,0,0,0,0,0,0,0.071582,0.138672000003,-0.163339999998,0.006367,0.00665200000004,-0.00271699999989
2073,4.146363142,0.169612187426,-3.71317310826,-8.80350437551,0.141235246496,-0.00702821402418,0.0083512729382,0,0,0,0,0,0,0.051582,0.0986720000017,-0.103339999998,0.008367,0.00965200000008,-0.00471699999985
2074,4.148372531,-0.121449838714,-3.90173565865,-8.87901318404,0.139699807499,-0.0188438917685,0.00315737594666,0,0,0,0,0,0,0.051582,0.0986720000017,-0.103339999998,0.008367,0.00965200000008,-0.00471699999985
2075,4.150382350,-0.261928032281,-3.83714657483,-8.49685765827,0.137133850175,-0.0153854744511,0.000230050775221,0,0,0,0,0,0,0.051582,0.0986720000017,-0.103339999998,0.008367,0.00965200000008,-0.00471699999985
2076,4.152382542,0.242780081432,-3.89442210496,-8.60534410376,0.139548920426,-0.0029716662136,0.00813237512051,0,0,0,0,0,0,0.051582,0.0986720000017,-0.103339999998,0.008367,0.00965200000008,-0.00471699999985
2077,4.154386009,0.183179225161,-3.97694024124,-8.58003622043,0.147348084513,-0.00183993209197,0.0123630639127,0,0,0,0,0,0,0.021582,0.108672,-0.0133399999983,0.010367,0.0116520000001,-0.00471699999981
2078,4.156384427,0.073530722264,-3.76557273613,-8.33347297588,0.13929549611,-0.0209936350369,-0.000749127818215,0,0,0,0,0,0,0.021582,0.108672,-0.0133399999983,0.010367,0.0116520000001,-0.00471699999981
2079,4.158383106,0.488103419524,-3.59074791684,-8.51402098077,0.13285401505,-0.00555218121214,0.0138270462004,0,0,0,0,0,0,0.021582,0.108672,-0.0133399999983,0.010367,0.0116520000001,-0.00471699999981
2080,4.160389629,-0.144794883047,-3.47436419482,-8.39946189478,0.136179156985,-0.00883244857086,0.00985228798071,0,0,0,0,0,0,0.021582,0.108672,-0.0133399999983,0.010367,0.0116520000001,-0.00471699999981
2081,4.162410880,0.443346883686,-3.85569605619,-8.4573234157,0.143339094463,0.00089076056918,0.00416342968175,0,0,0,0,0,0,0.021582,0.0886720000037,-0.233338999999,0.012367,0.0136520000001,-0.00671699999978
2082,4.164395643,0.668360536549,-3.97515092973,-8.19697699003,0.151273078964,0.00547273461818,0.0126988053386,0,0,0,0,0,0,0.021582,0.0886720000037,-0.233338999999,0.012367,0.0136520000001,-0.00671699999978
2083,4.166380425,-0.0453443180521,-4.13414914085,-8.39722981947,0.152208984422,-0.00967718284591,0.00836828264375,0,0,0,0,0,0,0.021582,0.0886720000037,-0.233338999999,0.012367,0.0136520000001,-0.00671699999978
2084,4.168387239,-0.0406525728343,-4.00860333655,-8.26682257739,0.149996893647,-0.0143155354024,0.00668102493268,0,0,0,0,0,0,0.021582,0.0886720000037,-0.233338999999,0.012367,0.0136520000001,-0.00671699999978
2085,4.170432304,-0.279216643462,-3.99559049145,-8.35758088487,0.143392185034,-0.0199512088022,0.00246868129505,0,0,0,0,0,0,0.071582,0.0986720000028,-0.173339999998,0.008367,0.00865200000006,-0.00371699999986
2086,4.172391860,-0.205478225209,-3.66223351841,-8.62415295834,0.133123442473,-0.00784533330756,0.00921547685688,0,0,0,0,0,0,0.071582,0.0986720000028,-0.173339999998,0.008367,0.00865200000006,-0.00371699999986
2087,4.174377173,0.295287230287,-3.95009811532,-8.18723489129,0.145408099873,-0.0048019313842,0.00789014893001,0,0,0,0,0,0,0.071582,0.0986720000028,-0.173339999998,0.008367,0.00865200000006,-0.00371699999986
2088,4.176377635,-0.272340460481,-3.75094070746,-8.31344469663,0.153618770503,-0.0331042380352,0.0124066975526,0,0,0,0,0,0,0.071582,0.0986720000028,-0.173339999998,0.008367,0.00865200000006,-0.00371699999986
2089,4.178410858,0.0261683345507,-4.07100991779,-8.31052109403,0.144240517949,-0.00374971001455,-0.00209993217847,0,0,0,0,0,0,0.061582,0.0786720000029,-0.183339999999,0.009367,0.00865200000006,-0.00371699999986
2090,4.180392405,-0.0846318071839,-4.33225387561,-7.94068476748,0.168380959536,-0.0189133207237,0.006424491723,0,0,0,0,0,0,0.061582,0.0786720000029,-0.183339999999,0.009367,0.00865200000006,-0.00371699999986
2091,4.182379312,-0.011162320188,-3.95712700414,-8.69153739844,0.142547077217,-0.00323374097092,-0.0014977172972,0,0,0,0,0,0,0.061582,0.0786720000029,-0.183339999999,0.009367,0.00865200000006,-0.00371699999986
2092,4.184416933,0.251156251469,-3.64670570312,-8.0430888865,0.136333656352,-0.00461835778855,0.0176068104257,0,0,0,0,0,0,0.061582,0.0786720000029,-0.183339999999,0.009367,0.00865200000006,-0.00371699999986
2093,4.186416423,-0.255976148813,-3.59897060006,-8.14657426422,0.146114938446,-0.0161585858087,0.00635167443409,0,0,0,0,0,0,0.011582,0.0986719999997,0.0166610000016,0.008367,0.00765200000006,-0.00371699999988
2094,4.188411185,-0.248429377047,-4.20799414633,-8.5735954951,0.152935406034,-0.0179339536057,0.00419207324235,0,0,0,0,0,0,0.011582,0.0986719999997,0.0166610000016,0.008367,0.00765200000006,-0.00371699999988
2095,4.190399694,-0.195583672374,-3.89015633762,-8.70955717248,0.136635112441,-0.0147592520477,0.0019029214706,0,0,0,0,0,0,0.011582,0.0986719999997,0.0166610000016,0.008367,0.00765200000006,-0.00371699999988
2096,4.192390739,0.0363978408164,-3.95495473709,-8.35628679921,0.150898567159,-0.0169838754924,0.000660091471748,0,0,0,0,0,0,0.011582,0.0986719999997,0.0166610000016,0.008367,0.00765200000006,-0.00371699999988
2097,4.194393906,-0.134529489074,-3.62361104091,-8.54475925541,0.14085202591,-0.0155867371491,-0.00248365901753,0,0,0,0,0,0,-0.018418,0.0986719999997,0.0166610000016,0.007367,0.0106520000001,-0.00471699999983
2098,4.196391091,-0.0425905039067,-3.97862235705,-8.17826607903,0.16196741756,-0.0178211761597,0.0108904215329,0,0,0,0,0,0,-0.018418,0.0986719999997,0.0166610000016,0.007367,0.0106520000001,-0.00471699999983
2099,4.198378499,0.0273546997618,-3.86972309821,-8.51989911253,0.145321895654,-0.0108245135656,0.0113242975547,0,0,0,0,0,0,-0.018418,0.0986719999997,0.0166610000016,0.007367,0.0106520000001,-0.00471699999983
2100,4.200388208,-0.303273142726,-3.41847243382,-8.409747743,0.133858337315,-0.0168356413,0.00385316540654,0,0,0,0,0,0,-0.018418,0.0986719999997,0.0166610000016,0.007367,0.0106520000001,-0.00471699999983
2101,4.202394851,-0.530977862249,-3.77754277147,-8.64972760281,0.135020284002,-0.0180419232667,0.0109811365904,0,0,0,0,0,0,0.041582,0.108672000001,-0.0333399999983,0.003367,0.00565200000004,-0.00271699999991
2102,4.204392618,-0.7651033465,-4.01504986041,-8.76500694775,0.151292580915,-0.0185266909378,0.0137035353071,0,0,0,0,0,0,0.041582,0.108672000001,-0.0333399999983,0.003367,0.00565200000004,-0.00271699999991
2103,4.206437864,0.636717715467,-3.35919314239,-8.43832845487,0.132169312217,0.0013177014536,0.00163165534863,0,0,0,0,0,0,0.041582,0.108672000001,-0.0333399999983,0.003367,0.00565200000004,-0.00271699999991
2104,4.208395656,0.200538089245,-3.97702459234,-8.48559923356,0.143508249567,-0.00735098375635,-0.00528706894228,0,0,0,0,0,0,0.041582,0.108672000001,-0.0333399999983,0.003367,0.00565200000004,-0.00271699999991
2105,4.210403512,0.0146672916884,-3.98557842136,-8.42633715856,0.138271673298,-0.00101865105435,0.00596264416167,0,0,0,0,0,0,0.001582,0.128671999999,0.0566600000021,0.005367,0.00965200000006,-0.00371699999985
2106,4.212393624,0.16405823966,-3.86022751153,-8.02726784942,0.151664325185,-0.00808380144994,0.0110718841696,0,0,0,0,0,0,0.001582,0.128671999999,0.0566600000021,0.005367,0.00965200000006,-0.00371699999985
2107,4.214382615,0.137752251427,-3.73606273986,-8.7864207189,0.133074511424,-0.020890276712,-0.000824506684541,0,0,0,0,0,0,0.001582,0.128671999999,0.0566600000021,0.005367,0.00965200000006,-0.00371699999985
2108,4.216389569,0.0276473413963,-3.50628225119,-8.51336397452,0.130315126514,-0.00109536269443,0.00357230823497,0,0,0,0,0,0,0.001582,0.128671999999,0.0566600000021,0.005367,0.00965200000006,-0.00371699999985
2109,4.218409227,-0.205128088662,-3.69833785304,-8.66635231122,0.136426327646,-0.017379700861,0.0107808798968,0,0,0,0,0,0,-0.008418,0.118672,0.0066600000019,0.006367,0.00965200000008,-0.00471699999985
2110,4.220397005,0.612175194083,-3.85980988829,-8.27205930584,0.145918848087,0.00386270421828,0.0128420916968,0,0,0,0,0,0,-0.008418,0.118672,0.0066600000019,0.006367,0.00965200000008,-0.00471699999985
2111,4.222382189,-0.00743760548714,-3.91906546821,-8.36223219532,0.150876027785,-0.0115811755498,0.00188711333623,0,0,0,0,0,0,-0.008418,0.118672,0.0066600000019,0.006367,0.00965200000008,-0.00471699999985
2112,4.224401426,0.239619611049,-3.6730428202,-8.8034056245,0.130132854855,0.00233014717474,0.00170694419593,0,0,0,0,0,0,-0.008418,0.118672,0.0066600000019,0.006367,0.00965200000008,-0.00471699999985
2113,4.226396457,0.267270521904,-3.71809245387,-8.67963782391,0.138453950181,-0.0144652513334,0.0156936644309,0,0,0,0,0,0,0.011582,0.098672000002,-0.123340999998,0.007367,0.00865200000008,-0.00471699999986
2114,4.228410815,-0.111668668836,-3.9961292866,-8.36034457776,0.143955358946,-0.0092866457011,-0.00459570906665,0,0,0,0,0,0,0.011582,0.098672000002,-0.123340999998,0.007367,0.00865200000008,-0.00471699999986
2115,4.230400587,-0.0499841180216,-3.74498619846,-8.46181090769,0.140133589338,-0.010644852259,0.0115233672001,0,0,0,0,0,0,0.011582,0.098672000002,-0.123340999998,0.007367,0.00865200000008,-0.00471699999986
2116,4.232388515,0.0501162636336,-3.59942339827,-8.70866868576,0.138928930036,-0.00612262409546,-0.00140388459001,0,0,0,0,0,0,0.011582,0.098672000002,-0.123340999998,0.007367,0.00865200000008,-0.00471699999986
2117,4.234401370,0.773659686453,-3.91613841231,-8.17996878079,0.152323992409,-0.00399659470293,0.0134833607172,0,0,0,0,0,0,0.051582,0.0986719999997,0.0166610000016,0.004367,0.00565200000004,-0.00271699999991
2118,4.236396723,-0.147792056606,-3.74709299796,-8.82474612411,0.14095561043,-0.0132385529664,0.0143648534482,0,0,0,0,0,0,0.051582,0.0986719999997,0.0166610000016,0.004367,0.00565200000004,-0.00271699999991
2119,4.238383469,-0.194705714611,-4.04257963965,-8.28494846437,0.157196800514,-0.0170877576223,-0.000177517332291,0,0,0,0,0,0,0.051582,0.0986719999997,0.0166610000016,0.004367,0.00565200000004,-0.00271699999991
2120,4.240390764,-0.224906777148,-4.26251001494,-8.45308974671,0.16112708168,-0.0157767593001,0.00844537233705,0,0,0,0,0,0,0.051582,0.0986719999997,0.0166610000016,0.004367,0.00565200000004,-0.00271699999991
2121,4.242402808,0.0130129078295,-3.73508536025,-8.54826159181,0.13366864719,-0.00925122542522,0.00839609248918,0,0,0,0,0,0,0.031582,0.108672,-0.00333999999826,0.006367,0.00765200000006,-0.00371699999988
2122,4.244397729,-0.371029570645,-3.68366653166,-8.40473258746,0.14560306892,-0.018869158767,0.0112117600675,0,0,0,0,0,0,0.031582,0.108672,-0.00333999999826,0.006367,0.00765200000006,-0.00371699999988
2123,4.246394524,-0.0288514309171,-3.85993926082,-8.57321920242,0.151701399663,-0.0287579334722,0.00654451002045,0,0,0,0,0,0,0.031582,0.108672,-0.00333999999826,0.006367,0.00765200000006,-0.00371699999988
2124,4.248415124,0.236404159054,-3.87048448156,-8.71964064673,0.134608456966,0.000399505913437,0.0105038498117,0,0,0,0,0,0,0.031582,0.108672,-0.00333999999826,0.006367,0.00765200000006,-0.00371699999988
2125,4.250414714,0.0436602592696,-3.67559671724,-8.70569174372,0.139039953858,-0.0151691736872,0.00757546640561,0,0,0,0,0,0,0.031582,0.0886720000004,-0.0233399999986,0.007367,0.00765200000004,-0.00271699999988
2126,4.252397664,0.489610822504,-3.67437652484,-8.39635501082,0.140545218672,0.00633209508902,0.00100707953637,0,0,0,0,0,0,0.031582,0.0886720000004,-0.0233399999986,0.007367,0.00765200000004,-0.00271699999988
2127,4.254396452,0.244535713523,-3.78283070782,-8.87409947358,0.146334719757,0.000111374382033,-0.00406285003902,0,0,0,0,0,0,0.031582,0.0886720000004,-0.0233399999986,0.007367,0.00765200000004,-0.00271699999988
2128,4.256389220,-0.0739675974712,-3.74472163445,-8.57314508345,0.142425812642,-0.008437446933,-0.000275201503692,0,0,0,0,0,0,0.031582,0.0886720000004,-0.0233399999986,0.007367,0.00765200000004,-0.00271699999988
2129,4.258405731,-0.225438139767,-4.12992071688,-8.53550957093,0.155853109642,-0.019905493311,0.00402341528471,0,0,0,0,0,0,0.081582,0.118671999999,0.0566600000019,0.000367,0.00165199999998,0.00128300000003
2130,4.260391015,-0.0249975596244,-3.61827817601,-8.45232829416,0.144676280127,-0.00813835451405,-0.00450897813913,0,0,0,0,0,0,0.081582,0.118671999999,0.0566600000019,0.000367,0.00165199999998,0.00128300000003
2131,4.262398750,-0.157269935563,-3.94727201429,-8.23634810941,0.156726300998,-0.0236876030124,0.0078128317892,0,0,0,0,0,0,0.081582,0.118671999999,0.0566600000019,0.000367,0.00165199999998,0.00128300000003
2132,4.264380517,-0.0605771353394,-4.07609459866,-8.50771482372,0.150526831792,-0.015605128509,0.000553059949296,0,0,0,0,0,0,0.081582,0.118671999999,0.0566600000019,0.000367,0.00165199999998,0.00128300000003
2133,4.266404223,0.0683387608025,-3.80888887357,-8.29797136429,0.138880054885,-0.0103203793692,0.00640999002095,0,0,0,0,0,0,0.081582,0.128671999998,0.116661000002,0.003367,0.00365200000001,-0.000716999999942
2134,4.268386200,-0.227830462967,-3.36373358172,-8.56128518159,0.124994740283,-0.00729861298944,0.00882956038571,0,0,0,0,0,0,0.081582,0.128671999998,0.116661000002,0.003367,0.00365200000001,-0.000716999999942
2135,4.270399236,0.236368204686,-3.76615513173,-8.61106084672,0.132166765401,-0.00621653483871,0.0108480277978,0,0,0,0,0,0,0.081582,0.128671999998,0.116661000002,0.003367,0.00365200000001,-0.000716999999942
2136,4.272398706,-0.150364170613,-4.09577006484,-8.33319179265,0.154219162009,-0.0171126732015,0.0159334643952,0,0,0,0,0,0,0.081582,0.128671999998,0.116661000002,0.003367,0.00365200000001,-0.000716999999942
2137,4.274417091,-0.0257725703459,-3.84143276441,-8.29060990093,0.132700232756,-0.0196091059882,0.003069268957,0,0,0,0,0,0,0.081582,0.148672000001,-0.0333399999976,0.001367,0.00465200000001,-0.000716999999926
2138,4.276397175,-0.245873304653,-3.90400154052,-8.42407025035,0.14392680767,-0.0141787822959,0.00844085613663,0,0,0,0,0,0,0.081582,0.148672000001,-0.0333399999976,0.001367,0.00465200000001,-0.000716999999926
2139,4.278391726,-0.432272148527,-3.98752549489,-8.72201373877,0.153769511796,-0.0188673927795,0.00803489441443,0,0,0,0,0,0,0.081582,0.148672000001,-0.0333399999976,0.001367,0.00465200000001,-0.000716999999926
2140,4.280392058,-0.11384122798,-3.99375199221,-8.3072426056,0.146203152825,-0.0122936900429,0.001070731744,0,0,0,0,0,0,0.081582,0.148672000001,-0.0333399999976,0.001367,0.00465200000001,-0.000716999999926
2141,4.282402499,-0.281736632202,-3.73210390446,-8.56783979081,0.137205475137,-0.0111679432493,0.00110648712001,0,0,0,0,0,0,0.111582,0.128672000001,-0.0733389999979,0.000367,0.00265200000001,-0.000716999999958
2142,4.284394374,0.216911390588,-3.5789995398,-8.37319931551,0.140402401675,-0.0170278589197,0.0011939253947,0,0,0,0,0,0,0.111582,0.128672000001,-0.0733389999979,0.000367,0.00265200000001,-0.000716999999958
2143,4.286393213,-0.00335830214483,-3.74384008104,-8.49354354999,0.145041755143,-0.0182953259717,0.00909464503454,0,0,0,0,0,0,0.111582,0.128672000001,-0.0733389999979,0.000367,0.00265200000001,-0.000716999999958
2144,4.288386922,0.31911996437,-3.42583198512,-8.84066597223,0.129667132458,-0.00124833221654,0.014327295968,0,0,0,0,0,0,0.111582,0.128672000001,-0.0733389999979,0.000367,0.00265200000001,-0.000716999999958
2145,4.290395660,-0.528402662909,-3.9329428859,-8.07142328677,0.163235057156,-0.0449901894512,0.0140221438901,0,0,0,0,0,0,0.171582,0.148672000004,-0.263339999998,-0.003633,-0.000348000000005,0.000282999999994
2146,4.292399448,-0.164377430005,-4.15821369721,-8.21613593435,0.149676376832,-0.011492566197,0.00761780710024,0,0,0,0,0,0,0.171582,0.148672000004,-0.263339999998,-0.003633,-0.000348000000005,0.000282999999994
2147,4.294389310,-0.305164651162,-3.84637934156,-8.34596737201,0.141715904868,-0.0199566337698,0.00661384753229,0,0,0,0,0,0,0.171582,0.148672000004,-0.263339999998,-0.003633,-0.000348000000005,0.000282999999994
2148,4.296391345,-0.553520778024,-3.64087923078,-8.24657823526,0.134252423084,-0.0269961109683,0.00464641765542,0,0,0,0,0,0,0.171582,0.148672000004,-0.263339999998,-0.003633,-0.000348000000005,0.000282999999994
2149,4.298402186,0.0659036888452,-3.87763643731,-8.56820653843,0.147406319332,-0.0185457021019,0.00123410601981,0,0,0,0,0,0,0.081582,0.108672000001,-0.0733389999983,0.002367,0.00265200000001,-0.000716999999958
2150,4.300399322,0.250172322101,-3.33597780614,-8.50899833949,0.132042419161,-0.00436023342042,0.00796153813699,0,0,0,0,0,0,0.081582,0.108672000001,-0.0733389999983,0.002367,0.00265200000001,-0.000716999999958
2151,4.302376641,0.0192511565031,-4.0086685681,-8.29913753599,0.154046703972,-0.0116272780667,0.00759124093417,0,0,0,0,0,0,0.081582,0.108672000001,-0.0733389999983,0.002367,0.00265200000001,-0.000716999999958
2152,4.304367475,0.209511034598,-3.74081505813,-8.74272154549,0.138567635294,0.00350904529983,0.00840131417943,0,0,0,0,0,0,0.081582,0.108672000001,-0.0733389999983,0.002367,0.00265200000001,-0.000716999999958
2153,4.306443548,0.107643280428,-3.81830960694,-8.41349560588,0.13935220875,-0.0114754435397,0.011761284577,0,0,0,0,0,0,0.011582,0.0686720000017,-0.103339999999,0.011367,0.0136520000001,-0.00671699999978
2154,4.308398846,-0.0673319227807,-3.76500129969,-8.68735748467,0.142515973253,-0.00534288726059,0.00274507991284,0,0,0,0,0,0,0.011582,0.0686720000017,-0.103339999999,0.011367,0.0136520000001,-0.00671699999978
2155,4.310394358,-0.00814482020752,-3.8000769017,-8.42263782126,0.138155809045,-0.0186198674404,0.00918638423821,0,0,0,0,0,0,0.011582,0.0686720000017,-0.103339999999,0.011367,0.0136520000001,-0.00671699999978
2156,4.312398046,0.415787366396,-3.81647961983,-8.85783221741,0.138849819331,-0.00393517507182,0.00675960989485,0,0,0,0,0,0,0.011582,0.0686720000017,-0.103339999999,0.011367,0.0136520000001,-0.00671699999978
2157,4.314403267,-0.262482978382,-3.97681699389,-8.23007414123,0.158450022353,-0.032058760139,0.012282175385,0,0,0,0,0,0,0.011582,0.0986720000033,-0.203340999998,0.008367,0.0116520000001,-0.00671699999981
2158,4.316398759,0.00812499707016,-3.89833325601,-8.7893174213,0.146425555644,-0.00150383045703,0.00785498472533,0,0,0,0,0,0,0.011582,0.0986720000033,-0.203340999998,0.008367,0.0116520000001,-0.00671699999981
2159,4.318390194,-0.347719331487,-3.79699166383,-8.32160369422,0.146122271272,-0.0253612907505,0.00225023854709,0,0,0,0,0,0,0.011582,0.0986720000033,-0.203340999998,0.008367,0.0116520000001,-0.00671699999981
2160,4.320395636,0.397865751799,-4.00484130578,-8.49834560133,0.154827178986,-0.00659468691197,0.00907151182082,0,0,0,0,0,0,0.011582,0.0986720000033,-0.203340999998,0.008367,0.0116520000001,-0.00671699999981
2161,4.322401057,0.236448350573,-3.6953743134,-8.77911695112,0.126377352738,-0.00414926454971,0.00508203646993,0,0,0,0,0,0,0.071582,0.108672000001,-0.0733389999983,0.004367,0.00565200000006,-0.00371699999991
2162,4.324389296,-0.0144893391813,-3.73439345991,-8.14067593366,0.14152234872,-0.0137796811285,0.00670243824969,0,0,0,0,0,0,0.071582,0.108672000001,-0.0733389999983,0.004367,0.00565200000006,-0.00371699999991
2163,4.326390149,-0.0687220135852,-3.84956564552,-8.48338582446,0.146301949573,-0.0127729897049,0.0124187846427,0,0,0,0,0,0,0.071582,0.108672000001,-0.0733389999983,0.004367,0.00565200000006,-0.00371699999991
2164,4.328399437,0.125696861091,-3.80564171249,-8.56900533785,0.141781136063,0.00197251347998,-0.000320730596868,0,0,0,0,0,0,0.071582,0.108672000001,-0.0733389999983,0.004367,0.00565200000006,-0.00371699999991
2165,4.330433702,-0.450808187227,-3.63335299718,-8.3925436785,0.141097054212,-0.0281126353103,0.00557662408733,0,0,0,0,0,0,0.021582,0.0786720000009,-0.0533389999987,0.007367,0.00865200000006,-0.00371699999986
2166,4.332413596,0.200875412636,-3.71161972214,-8.07039710358,0.13870917989,-0.00476218122579,-0.00565432692609,0,0,0,0,0,0,0.021582,0.0786720000009,-0.0533389999987,0.007367,0.00865200000006,-0.00371699999986
2167,4.334408788,0.563099116773,-3.60439850491,-8.58690402223,0.129119593048,0.002012399709,0.00868055357835,0,0,0,0,0,0,0.021582,0.0786720000009,-0.0533389999987,0.007367,0.00865200000006,-0.00371699999986
2168,4.336397207,0.308977547786,-3.95242395859,-8.04142632972,0.148381438106,-0.00138353326156,0.0062800535515,0,0,0,0,0,0,0.021582,0.0786720000009,-0.0533389999987,0.007367,0.00865200000006,-0.00371699999986
2169,4.338406346,-0.21344587143,-4.0354981404,-8.50812804201,0.148051464462,-0.014169272043,0.00881049133696,0,0,0,0,0,0,0.011582,0.0386720000023,-0.143338999999,0.012367,0.0116520000001,-0.00571699999981
2170,4.340397981,0.0253484941179,-3.99468174844,-8.12339022737,0.150092386747,-0.0199686309479,0.00881828385685,0,0,0,0,0,0,0.011582,0.0386720000023,-0.143338999999,0.012367,0.0116520000001,-0.00571699999981
2171,4.342398683,0.225672770698,-3.83679009088,-8.44223618421,0.140837424512,-0.000563922399324,0.000813985672127,0,0,0,0,0,0,0.011582,0.0386720000023,-0.143338999999,0.012367,0.0116520000001,-0.00571699999981
2172,4.344393134,0.0842759041141,-3.95891580261,-8.10029221304,0.152285843881,-0.0118906007928,0.0117265235067,0,0,0,0,0,0,0.011582,0.0386720000023,-0.143338999999,0.012367,0.0116520000001,-0.00571699999981
2173,4.346397623,-0.240299214941,-3.93296483975,-8.22120827144,0.143009637826,-0.0114128631295,0.0110998519953,0,0,0,0,0,0,0.071582,0.0986720000033,-0.203340999998,0.005367,0.00665200000004,-0.00271699999989
2174,4.348395951,-0.101681114267,-4.04477770888,-8.34608884574,0.145245097802,-0.00265437750899,0.00483472075953,0,0,0,0,0,0,0.071582,0.0986720000033,-0.203340999998,0.005367,0.00665200000004,-0.00271699999989
2175,4.350396523,-0.0539747281945,-3.99751583489,-8.36550502437,0.157560663316,-0.0224186283737,0.0144645331868,0,0,0,0,0,0,0.071582,0.0986720000033,-0.203340999998,0.005367,0.00665200000004,-0.00271699999989
2176,4.352389070,0.219834478278,-3.83636605827,-8.6386144301,0.143164609042,-0.0114518902033,0.00452901132616,0,0,0,0,0,0,0.071582,0.0986720000033,-0.203340999998,0.005367,0.00665200000004,-0.00271699999989
2177,4.354404891,0.316199034451,-3.99048839967,-8.29112254553,0.149017631181,-0.00795096198963,-0.000235802078471,0,0,0,0,0,0,0.071582,0.128672000002,-0.103339999998,0.003367,0.00365200000001,-0.000716999999942
2178,4.356403940,0.0710483220171,-4.02876284112,-8.00168117834,0.160690133795,-0.0226037394483,0.0138133981,0,0,0,0,0,0,0.071582,0.128672000002,-0.103339999998,0.003367,0.00365200000001,-0.000716999999942
2179,4.358391528,-0.143323509277,-3.97627541317,-8.10008800666,0.148857266891,-0.024943019619,0.011768105375,0,0,0,0,0,0,0.071582,0.128672000002,-0.103339999998,0.003367,0.00365200000001,-0.000716999999942
2180,4.360385268,0.280407777004,-3.39070215465,-8.85740689719,0.122819454376,0.000676439360851,0.000165401395727,0,0,0,0,0,0,0.071582,0.128672000002,-0.103339999998,0.003367,0.00365200000001,-0.000716999999942
2181,4.362401710,0.168883021919,-3.94994506114,-8.33178659329,0.16142841422,-0.0143922232791,0.0137494230318,0,0,0,0,0,0,0.031582,0.0986719999973,0.166660000002,0.003367,0.00465200000003,-0.00171699999993
2182,4.364392433,-0.30809792875,-4.00079320643,-8.23110358183,0.152370388715,-0.0273027122425,0.0118299324292,0,0,0,0,0,0,0.031582,0.0986719999973,0.166660000002,0.003367,0.00465200000003,-0.00171699999993
2183,4.366396272,-0.220404396462,-3.68009004383,-8.33698405722,0.138390754221,-0.0162126983442,0.0113202591711,0,0,0,0,0,0,0.031582,0.0986719999973,0.166660000002,0.003367,0.00465200000003,-0.00171699999993
2184,4.368394499,0.234755909595,-3.87316676662,-8.55325464807,0.141727071929,-0.000745880750162,0.0019190694098,0,0,0,0,0,0,0.031582,0.0986719999973,0.166660000002,0.003367,0.00465200000003,-0.00171699999993
2185,4.370441318,0.172165499219,-3.60020706013,-8.50853201381,0.134319165834,-0.00873967173762,0.0106558797156,0,0,0,0,0,0,0.061582,0.118671999994,0.366661000002,-0.003633,-0.00134800000002,0.00128299999998
2186,4.372396776,0.23095639061,-4.17231779593,-8.1599928336,0.166773682746,-0.0116149958461,0.0047195979081,0,0,0,0,0,0,0.061582,0.118671999994,0.366661000002,-0.003633,-0.00134800000002,0.00128299999998
2187,4.374389383,0.13954399318,-3.85148083538,-8.38256973931,0.141857701454,-0.00368914742172,0.00904340129378,0,0,0,0,0,0,0.061582,0.118671999994,0.366661000002,-0.003633,-0.00134800000002,0.00128299999998
2188,4.376385457,0.120975778744,-3.69314625301,-8.13570116945,0.144749043982,-0.0205854658889,0.0161895288595,0,0,0,0,0,0,0.061582,0.118671999994,0.366661000002,-0.003633,-0.00134800000002,0.00128299999998
2189,4.378413610,-0.0570479528878,-3.90576322199,-8.70562457389,0.144745585045,-0.0108779255789,0.00306110722523,0,0,0,0,0,0,0.011582,0.128671999997,0.216660000002,0.002367,0.00565200000004,-0.00271699999991
2190,4.380378646,-0.126755500568,-4.21356350129,-8.53084009926,0.168406394328,-0.0211455862787,0.00682375423275,0,0,0,0,0,0,0.011582,0.128671999997,0.216660000002,0.002367,0.00565200000004,-0.00271699999991
2191,4.382392212,0.231050147567,-3.7509167164,-8.57069166017,0.141200700936,-0.000953975686932,-0.00218686522648,0,0,0,0,0,0,0.011582,0.128671999997,0.216660000002,0.002367,0.00565200000004,-0.00271699999991
2192,4.384390490,0.0224646795962,-3.59693519947,-8.52144623764,0.127881007749,-0.00108526948416,0.0106448108832,0,0,0,0,0,0,0.011582,0.128671999997,0.216660000002,0.002367,0.00565200000004,-0.00271699999991
2193,4.386401913,-0.344643168248,-4.0194930282,-8.17143510135,0.15081384834,-0.0159024548556,0.0127206779663,0,0,0,0,0,0,0.001582,0.0986720000009,-0.0533389999984,0.009367,0.0126520000001,-0.0067169999998
2194,4.388387437,-0.181985308886,-3.79963157303,-8.34552553935,0.148209699373,-0.00981769821014,0.0119263209509,0,0,0,0,0,0,0.001582,0.0986720000009,-0.0533389999984,0.009367,0.0126520000001,-0.0067169999998
2195,4.390395683,0.0887203214017,-3.84501585732,-8.33245925835,0.147096799166,-0.0156973958411,0.000383304533388,0,0,0,0,0,0,0.001582,0.0986720000009,-0.0533389999984,0.009367,0.0126520000001,-0.0067169999998
2196,4.392394131,-0.107814098251,-3.86170986857,-8.58219970501,0.144829395288,-0.00881758308153,0.013661769884,0,0,0,0,0,0,0.001582,0.0986720000009,-0.0533389999984,0.009367,0.0126520000001,-0.0067169999998
2197,4.394410133,0.00612803338147,-4.01726810136,-8.43093869368,0.152910865022,-0.0202001076016,0.0103974543096,0,0,0,0,0,0,0.051582,0.118672,0.0166610000019,0.004367,0.00865200000008,-0.00471699999986
2198,4.396548402,-0.0735526041017,-3.43702694946,-8.41217672411,0.130335070764,-0.0254953311352,-0.000754158660787,0,0,0,0,0,0,0.051582,0.118672,0.0166610000019,0.004367,0.00865200000008,-0.00471699999986
2199,4.398390217,-0.103506834794,-3.79501347043,-8.48220104668,0.137655578562,-0.00908003336488,0.00848321722529,0,0,0,0,0,0,0.051582,0.118672,0.0166610000019,0.004367,0.00865200000008,-0.00471699999986
2200,4.400399646,-0.157292623179,-3.78929230012,-8.31205032137,0.143675167607,-0.0218201529949,0.00604955180208,0,0,0,0,0,0,0.051582,0.118672,0.0166610000019,0.004367,0.00865200000008,-0.00471699999986
2201,4.402403555,-0.0614109284422,-3.30327385475,-8.54856551677,0.128420024542,-0.00528622705312,0.0116312184684,0,0,0,0,0,0,0.061582,0.118671999997,0.156660000002,0.002367,0.00465200000003,-0.00171699999993
2202,4.404388056,0.212415788859,-3.83068749093,-8.38462420089,0.139030927198,-0.00113821399933,0.00809359085791,0,0,0,0,0,0,0.061582,0.118671999997,0.156660000002,0.002367,0.00465200000003,-0.00171699999993
2203,4.406440976,-0.484191791907,-3.60075021565,-8.36659419879,0.145525277333,-0.0213883088993,0.00174373219152,0,0,0,0,0,0,0.061582,0.118671999997,0.156660000002,0.002367,0.00465200000003,-0.00171699999993
2204,4.408411823,-0.322131832056,-4.15448447494,-8.68062130519,0.150046446005,-0.0203660832305,0.0101611910071,0,0,0,0,0,0,0.061582,0.118671999997,0.156660000002,0.002367,0.00465200000003,-0.00171699999993
2205,4.410411343,0.311550897649,-3.35568741021,-8.62680898558,0.130689142688,-0.0060555004688,0.00663337921611,0,0,0,0,0,0,0.101582,0.148671999998,0.126659000002,-0.001633,0.00165200000001,-0.000716999999974
2206,4.412397528,-0.0266928000144,-3.84615757642,-8.62495871087,0.14837014148,-0.0135823985843,0.00380688619544,0,0,0,0,0,0,0.101582,0.148671999998,0.126659000002,-0.001633,0.00165200000001,-0.000716999999974
2207,4.414394033,-0.572648385356,-3.80184629628,-8.45676892463,0.138913221464,-0.0216023396223,-0.00216149751142,0,0,0,0,0,0,0.101582,0.148671999998,0.126659000002,-0.001633,0.00165200000001,-0.000716999999974
2208,4.416391569,0.0372655208014,-3.66944082444,-8.5368671834,0.133996595235,-0.00110493446365,0.00160790266502,0,0,0,0,0,0,0.101582,0.148671999998,0.126659000002,-0.001633,0.00165200000001,-0.000716999999974
2209,4.418410646,0.0140575963641,-3.85649710755,-8.64293732503,0.142029874163,-0.01513900777,0.0126687937673,0,0,0,0,0,0,0.061582,0.118672,0.0266610000019,0.004367,0.00565200000006,-0.00371699999991
2210,4.420398965,-0.272544868502,-3.7978075185,-8.22286268855,0.148792955386,-0.0216034165132,0.00306690944406,0,0,0,0,0,0,0.061582,0.118672,0.0266610000019,0.004367,0.00565200000006,-0.00371699999991
2211,4.422394498,-0.307173457416,-3.86482777926,-8.65170795898,0.13935775349,-0.0170786352038,0.0128146360815,0,0,0,0,0,0,0.061582,0.118672,0.0266610000019,0.004367,0.00565200000006,-0.00371699999991
2212,4.424384450,-0.313493273575,-3.89808133978,-8.58745356308,0.142806470636,-0.0209833633253,0.00220373242008,0,0,0,0,0,0,0.061582,0.118672,0.0266610000019,0.004367,0.00565200000006,-0.00371699999991
2213,4.426403076,-0.120618230251,-3.56183361953,-8.75018422505,0.136897003064,-0.0178326193573,0.0170285457338,0,0,0,0,0,0,0.041582,0.098672000001,-0.0633389999984,0.010367,0.0106520000001,-0.00571699999983
2214,4.428399831,-0.121246571027,-4.061381057,-8.48412217862,0.155981846319,-0.0132260989948,0.00437497781201,0,0,0,0,0,0,0.041582,0.098672000001,-0.0633389999984,0.010367,0.0106520000001,-0.00571699999983
2215,4.430413849,-0.285912266192,-3.71646353305,-8.3342144882,0.14289928783,-0.0151428692862,0.00704188240883,0,0,0,0,0,0,0.041582,0.098672000001,-0.0633389999984,0.010367,0.0106520000001,-0.00571699999983
2216,4.432403060,-0.0374412166129,-3.73715214192,-8.37959677389,0.145781963627,-0.0128659208145,0.00751492727708,0,0,0,0,0,0,0.041582,0.098672000001,-0.0633389999984,0.010367,0.0106520000001,-0.00571699999983
2217,4.434412248,0.250938289526,-3.76107558241,-8.61463980989,0.136736046041,-0.00647828252417,0.00210164694971,0,0,0,0,0,0,0.021582,0.0686720000004,-0.0233399999989,0.010367,0.0126520000001,-0.0067169999998
2218,4.436389947,0.0149142722448,-3.5898499039,-8.40790002662,0.138269925568,-0.0137689117221,0.0117465037715,0,0,0,0,0,0,0.021582,0.0686720000004,-0.0233399999989,0.010367,0.0126520000001,-0.0067169999998
2219,4.438386341,-0.127172719983,-3.79828538548,-8.64387347618,0.140283583342,-0.0182295211194,-0.00216061383964,0,0,0,0,0,0,0.021582,0.0686720000004,-0.0233399999989,0.010367,0.0126520000001,-0.0067169999998
2220,4.440393305,-0.632963429078,-3.77357799601,-8.30661974292,0.14955572521,-0.0293467066809,0.00228801662494,0,0,0,0,0,0,0.021582,0.0686720000004,-0.0233399999989,0.010367,0.0126520000001,-0.0067169999998
2221,4.442397825,-0.676495584383,-4.15257366378,-8.38980353203,0.157772879133,-0.0267557507277,0.0144201135769,0,0,0,0,0,0,0.071582,0.0786720000017,-0.103339999999,0.007367,0.00965200000008,-0.00471699999985
2222,4.444397415,-0.394837289338,-3.45800660926,-8.5093175188,0.131511779563,-0.0183924696635,0.0140910353436,0,0,0,0,0,0,0.071582,0.0786720000017,-0.103339999999,0.007367,0.00965200000008,-0.00471699999985
2223,4.446395082,-0.584327362145,-3.47294319451,-8.68421593809,0.130991115331,-0.0211157769736,-0.00150260281113,0,0,0,0,0,0,0.071582,0.0786720000017,-0.103339999999,0.007367,0.00965200000008,-0.00471699999985
2224,4.448387208,-0.139632226034,-3.84803251858,-8.59835462061,0.136058226222,-0.00987975299998,-0.000466176910138,0,0,0,0,0,0,0.071582,0.0786720000017,-0.103339999999,0.007367,0.00965200000008,-0.00471699999985
2225,4.450403380,-0.368364505336,-3.88958961956,-8.75517647791,0.145895657784,-0.00842229255294,0.00853024999439,0,0,0,0,0,0,0.041582,0.0786719999997,0.0166610000013,0.009367,0.0106520000001,-0.00471699999983
2226,4.452399614,0.0114163745845,-3.9245711068,-8.26777881641,0.148690643631,-0.0181184637547,0.00527539370372,0,0,0,0,0,0,0.041582,0.0786719999997,0.0166610000013,0.009367,0.0106520000001,-0.00471699999983
2227,4.454389195,0.151600421133,-4.04445885469,-8.28010666551,0.148328906459,-0.00857167609135,0.0054436913165,0,0,0,0,0,0,0.041582,0.0786719999997,0.0166610000013,0.009367,0.0106520000001,-0.00471699999983
2228,4.456404345,0.209370701966,-3.82049067418,-8.31451367991,0.136727874509,-0.0101837291482,0.00374547236977,0,0,0,0,0,0,0.041582,0.0786719999997,0.0166610000013,0.009367,0.0106520000001,-0.00471699999983
2229,4.458409716,0.0329035920007,-3.75502659206,-8.51789320921,0.141395858344,-0.00534823056951,0.00533319285774,0,0,0,0,0,0,0.031582,0.0886719999983,0.106661000001,0.006367,0.00965200000006,-0.00371699999985
2230,4.460396142,0.241011787899,-4.01809219629,-8.50444944859,0.143242982669,-0.00040204197848,0.00732850576262,0,0,0,0,0,0,0.031582,0.0886719999983,0.106661000001,0.006367,0.00965200000006,-0.00371699999985
2231,4.462391244,0.0493785634671,-3.66008974474,-8.34904374047,0.135391279393,-0.0111213871323,0.00534785425513,0,0,0,0,0,0,0.031582,0.0886719999983,0.106661000001,0.006367,0.00965200000006,-0.00371699999985
2232,4.464403587,0.56127333618,-3.83354514501,-8.61182364257,0.13831077715,-9.16632808286e-05,-0.0025777317335,0,0,0,0,0,0,0.031582,0.0886719999983,0.106661000001,0.006367,0.00965200000006,-0.00371699999985
2233,4.466403248,-0.326668097493,-3.7378142083,-8.36408726469,0.15458764907,-0.0275445889846,0.00587658596288,0,0,0,0,0,0,0.041582,0.138672000002,-0.103339999998,0.007367,0.0116520000001,-0.00471699999981
2234,4.468399041,0.127915082967,-3.91899792439,-8.75491565574,0.142460188637,0.00231768219859,0.00394686095722,0,0,0,0,0,0,0.041582,0.138672000002,-0.103339999998,0.007367,0.0116520000001,-0.00471699999981
2235,4.470398701,0.175438169734,-4.21425675809,-8.70424144071,0.159528074208,-0.0108893480065,0.014939573633,0,0,0,0,0,0,0.041582,0.138672000002,-0.103339999998,0.007367,0.0116520000001,-0.00471699999981
2236,4.472402750,0.105949181374,-3.58792671737,-8.29530817719,0.136612686575,-0.0119466529297,0.003412782243,0,0,0,0,0,0,0.041582,0.138672000002,-0.103339999998,0.007367,0.0116520000001,-0.00471699999981
2237,4.474412600,0.038165254631,-3.72585712899,-8.39755963066,0.133043610746,0.000682063783073,0.00747186473782,0,0,0,0,0,0,0.031582,0.118672000002,-0.113339999998,0.005367,0.0106520000001,-0.00371699999983
2238,4.476393355,-0.705809217666,-3.617920516,-8.43273525515,0.139827100524,-0.0334435701233,0.00121056384974,0,0,0,0,0,0,0.031582,0.118672000002,-0.113339999998,0.005367,0.0106520000001,-0.00371699999983
2239,4.478416499,-0.0627063598415,-3.68398343481,-8.17403005926,0.140254146603,-0.020410657793,0.0120947357518,0,0,0,0,0,0,0.031582,0.118672000002,-0.113339999998,0.005367,0.0106520000001,-0.00371699999983
2240,4.480415649,-0.195719640273,-3.64586492979,-8.33951445598,0.135977613177,-0.0189916523178,0.00189086778663,0,0,0,0,0,0,0.031582,0.118672000002,-0.113339999998,0.005367,0.0106520000001,-0.00371699999983
2241,4.482404449,0.25453227079,-3.43988896543,-8.16919981624,0.133466775114,-0.0177403873316,0.00648522473578,0,0,0,0,0,0,0.051582,0.148672000002,-0.153338999998,0.007367,0.0116520000001,-0.00471699999981
2242,4.484395904,0.45270752318,-3.87295608137,-8.09761477434,0.142199301829,0.00224764720633,0.00504387253669,0,0,0,0,0,0,0.051582,0.148672000002,-0.153338999998,0.007367,0.0116520000001,-0.00471699999981
2243,4.486400834,0.198649675878,-3.86509894085,-8.55738045167,0.140349014073,-0.00235485807005,0.0016393072596,0,0,0,0,0,0,0.051582,0.148672000002,-0.153338999998,0.007367,0.0116520000001,-0.00471699999981
2244,4.488387050,-0.114952502233,-3.9410753805,-8.34399679117,0.144872086701,-0.0187291434179,0.0166449287006,0,0,0,0,0,0,0.051582,0.148672000002,-0.153338999998,0.007367,0.0116520000001,-0.00471699999981
2245,4.490396819,0.494379421501,-3.81638445201,-8.40680804899,0.134411272383,0.00773993393463,0.00324431456182,0,0,0,0,0,0,0.081582,0.138672000005,-0.303338999998,0.005367,0.00865200000004,-0.00271699999986
2246,4.492428018,0.219733607252,-4.05497888297,-8.1736897785,0.150574189851,-0.0132297878623,0.015529831312,0,0,0,0,0,0,0.081582,0.138672000005,-0.303338999998,0.005367,0.00865200000004,-0.00271699999986
2247,4.494406729,0.0718480995828,-3.71818604009,-8.17284844147,0.135136599354,-0.0102402740294,0.00635122763015,0,0,0,0,0,0,0.081582,0.138672000005,-0.303338999998,0.005367,0.00865200000004,-0.00271699999986
2248,4.496400138,-0.0766722334644,-3.75665148802,-8.26212800472,0.141046531267,-0.00997145926201,0.00644722344342,0,0,0,0,0,0,0.081582,0.138672000005,-0.303338999998,0.005367,0.00865200000004,-0.00271699999986
2249,4.498395631,-0.514760660908,-4.21248256019,-8.70361508828,0.144056592607,-0.0176489936426,-0.00172838779742,0,0,0,0,0,0,0.091582,0.118672000002,-0.133338999998,0.002367,0.00365200000001,-0.000716999999942
2250,4.500392746,0.312416954445,-4.51568921759,-8.30315530607,0.164456154298,-0.00543469080329,0.00920917009322,0,0,0,0,0,0,0.091582,0.118672000002,-0.133338999998,0.002367,0.00365200000001,-0.000716999999942
2251,4.502406203,-0.0368194508741,-3.85884340982,-8.46299413536,0.140328006811,-0.0058613530225,0.0095878543334,0,0,0,0,0,0,0.091582,0.118672000002,-0.133338999998,0.002367,0.00365200000001,-0.000716999999942
2252,4.504394181,-0.103101533564,-3.8492781583,-8.28040864974,0.145708437954,-0.0121260507506,0.0146070311781,0,0,0,0,0,0,0.091582,0.118672000002,-0.133338999998,0.002367,0.00365200000001,-0.000716999999942
2253,4.506458523,0.234210193654,-4.20817935634,-8.44827516009,0.15162995325,-0.00323607365186,0.0132361477272,0,0,0,0,0,0,0.051582,0.0986720000012,-0.0733389999984,0.004367,0.00865200000006,-0.00371699999986
2254,4.508396678,0.133721958827,-3.77301481873,-8.17451050665,0.146448362675,-0.00499915625596,0.00689451799865,0,0,0,0,0,0,0.051582,0.0986720000012,-0.0733389999984,0.004367,0.00865200000006,-0.00371699999986
2255,4.510390508,0.500034955181,-3.71959538886,-8.45940433702,0.137944649823,0.000848886525307,0.00364013369015,0,0,0,0,0,0,0.051582,0.0986720000012,-0.0733389999984,0.004367,0.00865200000006,-0.00371699999986
2256,4.512392462,-0.0895592368099,-3.76051087718,-8.45583421336,0.135538471926,-0.007865099916,0.0132106471631,0,0,0,0,0,0,0.051582,0.0986720000012,-0.0733389999984,0.004367,0.00865200000006,-0.00371699999986
2257,4.514394357,-0.238609474853,-4.08254601766,-8.57388952736,0.145674373537,-0.00868197729391,0.00321698587697,0,0,0,0,0,0,0.071582,0.108672000003,-0.183339999998,0.003367,0.00665200000004,-0.00271699999989
2258,4.516386934,0.175935284448,-3.50032984191,-8.27034928178,0.135040944318,-0.0172620564898,0.0121471416867,0,0,0,0,0,0,0.071582,0.108672000003,-0.183339999998,0.003367,0.00665200000004,-0.00271699999989
2259,4.518372909,-0.304842912418,-4.10794336829,-8.5279160945,0.148275680734,-0.00840862025256,0.00775709813297,0,0,0,0,0,0,0.071582,0.108672000003,-0.183339999998,0.003367,0.00665200000004,-0.00271699999989
2260,4.520378741,0.59138276126,-3.51604734079,-8.04285370743,0.146609520721,-0.0109738094481,0.0136836714687,0,0,0,0,0,0,0.071582,0.108672000003,-0.183339999998,0.003367,0.00665200000004,-0.00271699999989
2261,4.522406073,0.114623106962,-3.84813768369,-8.46445302866,0.133206983245,-0.00768024864839,0.00441461822095,0,0,0,0,0,0,0.011582,0.0986720000004,-0.0233399999984,0.007367,0.00965200000006,-0.00371699999985
2262,4.524393340,-0.248580338519,-3.79734400847,-8.24157085618,0.150007780176,-0.0183759754117,0.00693537273468,0,0,0,0,0,0,0.011582,0.0986720000004,-0.0233399999984,0.007367,0.00965200000006,-0.00371699999985
2263,4.526382521,-0.348137849389,-3.89279076623,-8.24859345389,0.150299790261,-0.0223986390443,0.00974305632774,0,0,0,0,0,0,0.011582,0.0986720000004,-0.0233399999984,0.007367,0.00965200000006,-0.00371699999985
2264,4.528404543,-0.191723357701,-4.01314487371,-8.38889012368,0.154482689416,-0.0190888534827,0.00617915821942,0,0,0,0,0,0,0.011582,0.0986720000004,-0.0233399999984,0.007367,0.00965200000006,-0.00371699999985
2265,4.530415024,-0.140029845565,-3.76388487221,-8.53484254803,0.130693634865,-0.0155006674096,0.00499447583922,0,0,0,0,0,0,0.091582,0.138672000002,-0.123340999998,0.003367,0.00665200000004,-0.00271699999989
2266,4.532422559,-0.500378808806,-3.93763970124,-8.55221051606,0.145766723787,-0.0295052287583,0.00664447497656,0,0,0,0,0,0,0.091582,0.138672000002,-0.123340999998,0.003367,0.00665200000004,-0.00271699999989
2267,4.534393927,-0.153040086849,-3.89011362178,-8.22636172073,0.150161266639,-0.0164238607456,0.0168099584548,0,0,0,0,0,0,0.091582,0.138672000002,-0.123340999998,0.003367,0.00665200000004,-0.00271699999989
2268,4.536392175,0.185712272377,-3.73658801906,-8.36158591358,0.136933454821,-0.00906919775785,0.00951027723406,0,0,0,0,0,0,0.091582,0.138672000002,-0.123340999998,0.003367,0.00665200000004,-0.00271699999989
2269,4.538403487,0.384166578807,-3.76834300885,-8.52767344845,0.139479791379,0.00838731465847,0.0111746601843,-5.81534377052e-09,-4.83970152483e-09,-3.80570851398e-09,-2.02947661033e-08,2.44535766986e-08,-8.59158817577e-11,0.081582,0.128672000001,-0.0833399999979,0.004367,0.00865200000008,-0.00471699999986
2270,4.540405301,0.526454984388,-3.96883032568,-8.06839924328,0.162408969598,-0.0016673332288,0.015295869879,-5.67355742187e-11,-4.72188640768e-11,-3.7134816279e-11,-1.98012573304e-10,2.38580217097e-10,-8.38291304768e-13,0.081582,0.128672000001,-0.0833399999979,0.004367,0.00865200000008,-0.00471699999986
2271,4.542388200,-0.222991148653,-3.82648445594,-8.7303854209,0.133303842872,-0.00923560853858,0.00589203813716,-5.53517935004e-13,-4.60716771325e-13,-3.62327274467e-13,-1.93204195565e-12,2.32764116669e-12,-8.17893020247e-15,0.081582,0.128672000001,-0.0833399999979,0.004367,0.00865200000008,-0.00471699999986
2272,4.544387851,-0.215082298907,-3.85380058567,-8.33352128646,0.155147057604,-0.0310551486858,0.0110221075319,-5.40073706783e-15,-4.49513797597e-15,-3.53452044557e-15,-1.88498621322e-14,2.27101358728e-14,-7.97972637772e-17,0.081582,0.128672000001,-0.0833399999979,0.004367,0.00865200000008,-0.00471699999986
2273,4.546404553,-0.524586648122,-3.55105665486,-8.52523720551,0.139789934025,-0.0201249952352,0.000567937353179,-5.26910500374e-17,-4.38539861452e-17,-3.44918835874e-17,-1.83906128763e-16,2.21577631815e-16,-7.7859948685e-19,0.051582,0.0986719999985,0.0966610000016,0.007367,0.00865200000008,-0.00471699999986
2274,4.548382223,0.160120920123,-4.01079701941,-8.4322707268,0.146930962294,-0.00533683091284,0.0076384443028,-5.14105885155e-19,-4.27852707918e-19,-3.36510479823e-19,-1.79422536068e-18,2.16190788812e-18,-7.59657465088e-21,0.051582,0.0986719999985,0.0966610000016,0.007367,0.00865200000008,-0.00471699999986
2275,4.550379909,0.219541628449,-3.64377310093,-8.60705459456,0.134938715788,-0.00606211565701,0.00556302135076,-5.01600083606e-21,-4.17446542929e-21,-3.2829962161e-21,-1.75055920678e-20,2.10928513721e-20,-7.41135215265e-23,0.051582,0.0986719999985,0.0966610000016,0.007367,0.00865200000008,-0.00471699999986
2276,4.552382455,0.302343096775,-3.63194140724,-8.64858517839,0.133159274105,0.00520959166507,0.00212766438107,-4.89374964588e-23,-4.07284683044e-23,-3.20336001432e-23,-1.70798189397e-22,2.05792150007e-22,-7.23092939297e-25,0.051582,0.0986719999985,0.0966610000016,0.007367,0.00865200000008,-0.00471699999986
2277,4.554398225,-0.367862704366,-3.81432368171,-8.20752815472,0.151659996855,-0.0252584666358,0.0122762370871,-4.77482095135e-25,-3.97390130493e-25,-3.12487824685e-25,-1.66641947249e-24,2.00782537724e-24,-7.05476307686e-27,0.081582,0.118672,-0.0233399999981,0.005367,0.00765200000006,-0.00371699999988
2278,4.556400962,0.100525418247,-3.92890912764,-8.65047459903,0.143612817471,-0.00539704608248,0.00417635050111,-4.65855712772e-27,-3.87688320191e-27,-3.04926977622e-27,-1.6257956574e-26,1.95900949027e-26,-6.88329954008e-29,0.081582,0.118672,-0.0233399999981,0.005367,0.00765200000006,-0.00371699999988
2279,4.558379613,0.0103788954423,-4.07372582671,-8.6907245999,0.155312898635,-0.00712894301528,0.0175041751894,-4.54520019979e-29,-3.78290185838e-29,-2.97452377509e-29,-1.5863137169e-28,1.91125446929e-28,-6.71524662724e-31,0.081582,0.118672,-0.0233399999981,0.005367,0.00765200000006,-0.00371699999988
2280,4.560403448,0.181392565281,-3.97836143374,-8.06458995136,0.156677092766,-0.0100623950078,0.0138206138237,-4.43421307998e-31,-3.69062531725e-31,-2.90293466586e-31,-1.54772667967e-30,1.86471697387e-30,-6.55260563264e-33,0.081582,0.118672,-0.0233399999981,0.005367,0.00765200000006,-0.00371699999988
2281,4.562394322,-0.289477689856,-3.53447110433,-8.10761078414,0.134034731591,-0.0231099260181,0.00175694885492,-4.32641925349e-33,-3.6008802755e-33,-2.83197181857e-33,-1.51004971142e-32,1.81933617078e-32,-6.39257302681e-35,0.131582,0.138672000002,-0.133338999998,0.002367,0.00465200000003,-0.00171699999993
2282,4.564403260,0.121225569899,-3.59113053145,-8.58095309357,0.126322484938,-0.00392888849713,0.0094243983288,-4.22109109432e-35,-3.51308796276e-35,-2.76327231843e-35,-1.47326385588e-34,1.77508120611e-34,-6.23734272124e-37,0.131582,0.138672000002,-0.133338999998,0.002367,0.00465200000003,-0.00171699999993
2283,4.566394044,-0.0422611129631,-3.81511562646,-8.20065686855,0.146203933011,-0.0185296168487,0.0242166774794,-4.11853673831e-37,-3.4276199885e-37,-2.69568426205e-37,-1.43737741693e-36,1.73190017944e-36,-6.08527301324e-39,0.131582,0.138672000002,-0.133338999998,0.002367,0.00465200000003,-0.00171699999993
2284,4.568399966,0.100813353593,-3.88253172625,-8.20510887891,0.152520636881,-0.0169846242851,0.0165480843016,-4.01810891731e-39,-3.34416210288e-39,-2.63039563249e-39,-1.40242237576e-38,1.68972180572e-38,-5.93742365227e-41,0.131582,0.138672000002,-0.133338999998,0.002367,0.00465200000003,-0.00171699999993
2285,4.570444411,0.152578797025,-3.79133235813,-8.17947859759,0.148822733944,-0.0195014731783,0.00888525213079,-3.9203083549e-41,-3.26278593681e-41,-2.56638021529e-41,-1.36829632324e-40,1.64859430668e-40,-5.79291067544e-43,0.131582,0.148672,-0.00333999999762,-0.001633,0.00165200000001,-0.000716999999974
2286,4.572391783,-0.362801918583,-4.05867728571,-8.02313618831,0.1611026183,-0.0357999273479,0.0216321808645,-3.8258098169e-43,-3.18405887774e-43,-2.50415356296e-43,-1.33524470245e-42,1.60881077898e-42,-5.65298910472e-45,0.131582,0.148672,-0.00333999999762,-0.001633,0.00165200000001,-0.000716999999974
2287,4.574377808,-0.0497698121287,-3.95473739429,-7.84334455355,0.155761615929,-0.0273016251066,0.0156822963383,-3.84641430566e-45,-3.20107198342e-45,-2.51751716665e-45,-1.34237083375e-44,1.61746479647e-44,-5.68292676865e-47,0.131582,0.148672,-0.00333999999762,-0.001633,0.00165200000001,-0.000716999999974
2288,4.576379142,-0.435178730712,-4.17891433384,-8.09151769171,0.175159287041,-0.0308936509557,0.0151003534456,0,0,0,0,0,0,0.131582,0.148672,-0.00333999999762,-0.001633,0.00165200000001,-0.000716999999974
2289,4.578406574,0.304592024229,-3.77474589194,-8.15762033626,0.153148889217,-0.0166167513033,0.0159022035799,0,0,0,0,0,0,0.061582,0.0986719999975,0.156660000002,0.002367,0.00465200000003,-0.00171699999993
2290,4.580400293,-0.0216809437701,-4.13217132,-7.95134665404,0.168177887642,-0.0310962867604,0.0156643979963,0,0,0,0,0,0,0.061582,0.0986719999975,0.156660000002,0.002367,0.00465200000003,-0.00171699999993
2291,4.582393511,-0.145477882685,-3.42175870537,-8.25672643859,0.135710624507,-0.0138802849674,0.0127251096416,0,0,0,0,0,0,0.061582,0.0986719999975,0.156660000002,0.002367,0.00465200000003,-0.00171699999993
2292,4.584397039,-0.360754130137,-3.87684509084,-8.4866231802,0.149123624807,-0.0168332752766,0.00475680468321,0,0,0,0,0,0,0.061582,0.0986719999975,0.156660000002,0.002367,0.00465200000003,-0.00171699999993
2293,4.586399004,-0.249663268959,-3.61083960688,-8.51040914251,0.13499693287,-0.0192751733182,0.0126128499117,0,0,0,0,0,0,0.081582,0.128671999998,0.126659000002,-0.000633,0.001652,0.000283000000026
2294,4.588400337,0.229086118293,-3.98824073341,-8.34761378569,0.1463730788,-0.00332133777617,0.0126066491727,0,0,0,0,0,0,0.081582,0.128671999998,0.126659000002,-0.000633,0.001652,0.000283000000026
2295,4.590387565,-0.422166022243,-3.58438961013,-8.54486336014,0.133502979948,-0.0109275912924,0.0099162842296,0,0,0,0,0,0,0.081582,0.128671999998,0.126659000002,-0.000633,0.001652,0.000283000000026
2296,4.592389670,0.138893065697,-3.74085558988,-8.64396592936,0.133712059025,-0.00783237170612,0.0208042138909,0,0,0,0,0,0,0.081582,0.128671999998,0.126659000002,-0.000633,0.001652,0.000283000000026
2297,4.594392105,-0.0890035844835,-4.04139201946,-8.27696724926,0.155836184503,-0.0154609746607,0.0132076304677,0,0,0,0,0,0,0.091582,0.118672000001,-0.0833399999981,0.003367,0.00565200000004,-0.00271699999991
2298,4.596394872,0.28601214212,-3.63648239353,-8.77002049968,0.127693445009,0.00804391724106,0.0126004715018,0,0,0,0,0,0,0.091582,0.118672000001,-0.0833399999981,0.003367,0.00565200000004,-0.00271699999991
2299,4.598389793,0.292390106804,-3.76557355058,-8.50848269942,0.153030999182,-0.00667558243976,0.00519727841484,0,0,0,0,0,0,0.091582,0.118672000001,-0.0833399999981,0.003367,0.00565200000004,-0.00271699999991
2300,4.600405885,-0.440576352989,-3.83817587999,-7.95589547029,0.15057742281,-0.0316578643574,0.00607433363371,0,0,0,0,0,0,0.091582,0.118672000001,-0.0833399999981,0.003367,0.00565200000004,-0.00271699999991
2301,4.602394144,-0.0470116297277,-3.49222253076,-8.34212820082,0.1219260682,0.003771885098,0.00703039589153,0,0,0,0,0,0,0.081582,0.138672,0.0266610000022,0.001367,0.00565200000003,-0.00171699999991
2302,4.604408141,-0.888291211256,-4.04900094825,-8.39440021476,0.158239153971,-0.036677160491,0.0117718972678,0,0,0,0,0,0,0.081582,0.138672,0.0266610000022,0.001367,0.00565200000003,-0.00171699999991
2303,4.606390339,0.435532373404,-3.98600297956,-8.39592889934,0.158379125066,-0.0124877178954,0.0133420620016,0,0,0,0,0,0,0.081582,0.138672,0.0266610000022,0.001367,0.00565200000003,-0.00171699999991
2304,4.608439442,-0.0916239406342,-3.77785018483,-8.54773003567,0.151969533055,-0.00658369569804,0.0115270813661,0,0,0,0,0,0,0.081582,0.138672,0.0266610000022,0.001367,0.00565200000003,-0.00171699999991
2305,4.610408685,0.112884743867,-3.81898957594,-8.29602951923,0.145446380273,-0.00852857410245,0.0110760407604,0,0,0,0,0,0,0.041582,0.118672000001,-0.0433409999981,0.005367,0.00865200000006,-0.00371699999986
2306,4.612405370,-0.0750760867337,-3.75841015781,-8.42605964352,0.141807386884,-0.0143451596857,0.0105568921631,0,0,0,0,0,0,0.041582,0.118672000001,-0.0433409999981,0.005367,0.00865200000006,-0.00371699999986
2307,4.614403658,0.0391052787637,-3.61721965081,-8.60965853888,0.135740253247,-0.00347422595915,0.0128282475066,0,0,0,0,0,0,0.041582,0.118672000001,-0.0433409999981,0.005367,0.00865200000006,-0.00371699999986
2308,4.616399521,-0.483372096168,-3.34050184196,-8.62822005256,0.116575035175,-0.0177150331461,0.0073313553145,0,0,0,0,0,0,0.041582,0.118672000001,-0.0433409999981,0.005367,0.00865200000006,-0.00371699999986
2309,4.618404391,-0.518785994177,-3.68952651279,-8.52023286945,0.140870184017,-0.0271749883849,0.00745821374963,0,0,0,0,0,0,0.061582,0.108672000001,-0.0633389999983,0.004367,0.00565200000004,-0.00271699999991
2310,4.620398321,-0.47295222989,-3.66978268803,-8.4980884845,0.136019859315,-0.0210762283503,0.00441375965105,0,0,0,0,0,0,0.061582,0.108672000001,-0.0633389999983,0.004367,0.00565200000004,-0.00271699999991
2311,4.622400506,0.101825049959,-4.12965314407,-8.57514595979,0.146318455605,-0.0152990066747,0.00394839828304,0,0,0,0,0,0,0.061582,0.108672000001,-0.0633389999983,0.004367,0.00565200000004,-0.00271699999991
2312,4.624400407,-0.255598209158,-3.81739935069,-7.67717363532,0.151906413488,-0.0287538624258,0.00528686933531,0,0,0,0,0,0,0.061582,0.108672000001,-0.0633389999983,0.004367,0.00565200000004,-0.00271699999991
2313,4.626396461,-0.367472376986,-3.74823440864,-8.21259392635,0.154516031374,-0.0353256217539,0.0168488794011,0,0,0,0,0,0,0.041582,0.118671999999,0.0366590000019,0.004367,0.00565200000003,-0.00171699999991
2314,4.628395480,0.230582573318,-3.75858780851,-8.28670822615,0.135445765686,0.00242780723091,0.00648852754912,0,0,0,0,0,0,0.041582,0.118671999999,0.0366590000019,0.004367,0.00565200000003,-0.00171699999991
2315,4.630406622,-0.331105601518,-3.94701969762,-8.47349378778,0.156535561056,-0.0243721727274,0.0119830807881,0,0,0,0,0,0,0.041582,0.118671999999,0.0366590000019,0.004367,0.00565200000003,-0.00171699999991
2316,4.632438032,-0.070805673289,-3.83115545395,-8.30106941809,0.145504659735,-0.0118546005287,0.0100746425076,0,0,0,0,0,0,0.041582,0.118671999999,0.0366590000019,0.004367,0.00565200000003,-0.00171699999991
2317,4.634411994,-0.353345883491,-3.79774979055,-8.59735743858,0.138746393721,-0.0095374795897,0.00105529516863,0,0,0,0,0,0,0.071582,0.128672,-0.0233399999979,0.000367,0.00265200000001,-0.000716999999958
2318,4.636400564,-0.0218398178006,-3.83287722562,-8.44556852489,0.144668436594,-0.00584397337669,0.0162785505274,0,0,0,0,0,0,0.071582,0.128672,-0.0233399999979,0.000367,0.00265200000001,-0.000716999999958
2319,4.638397068,0.1651487975,-3.86099109698,-8.36711931453,0.139188756833,-0.0071632767251,0.0104856311611,0,0,0,0,0,0,0.071582,0.128672,-0.0233399999979,0.000367,0.00265200000001,-0.000716999999958
2320,4.640388824,-0.631269890952,-3.96806291956,-8.59781565074,0.144415127958,-0.0216254693847,0.010567859797,0,0,0,0,0,0,0.071582,0.128672,-0.0233399999979,0.000367,0.00265200000001,-0.000716999999958
2321,4.642406758,0.0587703437659,-4.13917859936,-8.46727049824,0.153193593672,-0.0166888733855,0.00905046599408,0,0,0,0,0,0,0.071582,0.128672000001,-0.0833399999979,0.002367,0.00265200000003,-0.00171699999996
2322,4.644401229,0.0636515887497,-3.8339718297,-8.56719790202,0.132905003005,-0.00525057448886,0.0091771142109,0,0,0,0,0,0,0.071582,0.128672000001,-0.0833399999979,0.002367,0.00265200000003,-0.00171699999996
2323,4.646395119,-0.576290009138,-3.70267216841,-8.77380168327,0.129679910414,-0.0241290961013,0.00400964270884,0,0,0,0,0,0,0.071582,0.128672000001,-0.0833399999979,0.002367,0.00265200000003,-0.00171699999996
2324,4.648389259,-0.122866769868,-3.68423184257,-8.47497639074,0.138655497638,-0.021292113771,0.0123856397389,0,0,0,0,0,0,0.071582,0.128672000001,-0.0833399999979,0.002367,0.00265200000003,-0.00171699999996
2325,4.650401373,0.758246304681,-3.6285415274,-8.73843692218,0.133352781421,0.00712279463795,0.0120043171157,0,0,0,0,0,0,0.031582,0.108672000003,-0.203340999998,0.009367,0.0116520000001,-0.00571699999981
2326,4.652399039,0.239156340056,-3.53828534139,-8.21545865738,0.149653487343,-0.0183281952794,0.016790378774,0,0,0,0,0,0,0.031582,0.108672000003,-0.203340999998,0.009367,0.0116520000001,-0.00571699999981
2327,4.654412105,0.0433623351823,-3.66500274072,-8.26472377504,0.147777934106,-0.029411259592,0.00716850140684,0,0,0,0,0,0,0.031582,0.108672000003,-0.203340999998,0.009367,0.0116520000001,-0.00571699999981
2328,4.656416474,-0.18948909462,-4.12449200792,-8.22450849937,0.151756185865,-0.0108314128717,0.00925310096336,0,0,0,0,0,0,0.031582,0.108672000003,-0.203340999998,0.009367,0.0116520000001,-0.00571699999981
2329,4.658433748,0.0964995840157,-4.31104743515,-8.16600536203,0.161191815961,-0.00946687769539,0.00267388787844,0,0,0,0,0,0,0.031582,0.0986720000042,-0.263339999998,0.009367,0.0116520000001,-0.00571699999981
2330,4.660417679,-0.334633903678,-4.00625554425,-8.30914558989,0.150516416955,-0.0147334187992,0.00737983989979,0,0,0,0,0,0,0.031582,0.0986720000042,-0.263339999998,0.009367,0.0116520000001,-0.00571699999981
2331,4.662417610,-0.625185215861,-4.14766973852,-8.51876784025,0.154583443988,-0.016943583477,0.0174241212569,0,0,0,0,0,0,0.031582,0.0986720000042,-0.263339999998,0.009367,0.0116520000001,-0.00571699999981
2332,4.664395309,0.659080777101,-3.74905863606,-8.47712192211,0.132081042643,0.00591953181701,0.00646149440742,0,0,0,0,0,0,0.031582,0.0986720000042,-0.263339999998,0.009367,0.0116520000001,-0.00571699999981
2333,4.666404207,0.00219441793286,-3.9278886862,-8.07933661736,0.153000351095,-0.0177050602616,0.0171043646608,0,0,0,0,0,0,-0.018418,0.0986720000026,-0.163339999998,0.011367,0.0146520000001,-0.00771699999977
2334,4.668390622,-0.406702905918,-4.18366712219,-8.35069994279,0.151503228047,-0.0124228950011,0.00309551272305,0,0,0,0,0,0,-0.018418,0.0986720000026,-0.163339999998,0.011367,0.0146520000001,-0.00771699999977
2335,4.670403006,-0.244311090143,-3.8622585735,-8.08570939728,0.162076587245,-0.0272175633575,0.0158185180764,0,0,0,0,0,0,-0.018418,0.0986720000026,-0.163339999998,0.011367,0.0146520000001,-0.00771699999977
2336,4.672392167,-0.2730026354,-3.86641011513,-8.76460757825,0.140943200518,-0.0130200689748,0.00802550629822,0,0,0,0,0,0,-0.018418,0.0986720000026,-0.163339999998,0.011367,0.0146520000001,-0.00771699999977
2337,4.674407296,0.0259582797889,-3.76536160681,-7.86351883868,0.1454055312,-0.0341084175007,0.00698177283131,0,0,0,0,0,0,0.051582,0.108672000001,-0.0733389999983,0.006367,0.00665200000004,-0.00271699999989
2338,4.676412207,0.0346690602612,-3.7631385796,-8.35872049821,0.144732396582,-0.00785529818199,0.00828633269651,0,0,0,0,0,0,0.051582,0.108672000001,-0.0733389999983,0.006367,0.00665200000004,-0.00271699999989
2339,4.678414592,-0.0391184292275,-3.6855479275,-8.32957200092,0.145457484025,-0.00981416935602,0.00498675544279,0,0,0,0,0,0,0.051582,0.108672000001,-0.0733389999983,0.006367,0.00665200000004,-0.00271699999989
2340,4.680386421,-0.0841467117098,-3.53955798389,-8.58118322859,0.137477575566,-0.0174643319567,0.00575583873874,0,0,0,0,0,0,0.051582,0.108672000001,-0.0733389999983,0.006367,0.00665200000004,-0.00271699999989
2341,4.682400288,-0.0986101892841,-3.9922567821,-8.49577731814,0.144198786193,-0.00924894493675,0.00701477091355,0,0,0,0,0,0,0.131582,0.128672000004,-0.243339999998,0.003367,0.00465200000001,-0.000716999999926
2342,4.684385160,-0.450317022812,-3.2779435111,-8.61678607052,0.128951680214,-0.0348304369223,0.00936470052706,0,0,0,0,0,0,0.131582,0.128672000004,-0.243339999998,0.003367,0.00465200000001,-0.000716999999926
2343,4.686392606,-0.0748055662572,-3.80062601861,-8.33200671928,0.153486396194,-0.011925476156,0.00426256677256,0,0,0,0,0,0,0.131582,0.128672000004,-0.243339999998,0.003367,0.00465200000001,-0.000716999999926
2344,4.688389501,-0.294658082147,-3.56956718142,-8.54633894743,0.133009531485,-0.0149148676751,0.011561556454,0,0,0,0,0,0,0.131582,0.128672000004,-0.243339999998,0.003367,0.00465200000001,-0.000716999999926
2345,4.690401404,-0.134268869128,-3.65661971945,-8.49600449147,0.143068358714,-0.0188170700467,0.0118523341104,0,0,0,0,0,0,0.081582,0.118672000002,-0.133338999998,0.004367,0.00765200000004,-0.00271699999988
2346,4.692379174,-0.186728591185,-3.98832407506,-8.55350039911,0.149434111757,-0.0133310299618,0.00629249950176,0,0,0,0,0,0,0.081582,0.118672000002,-0.133338999998,0.004367,0.00765200000004,-0.00271699999988
2347,4.694370018,-0.112087029221,-3.548791341,-8.37730279224,0.131341586824,-0.0158632187581,0.0124383566558,0,0,0,0,0,0,0.081582,0.118672000002,-0.133338999998,0.004367,0.00765200000004,-0.00271699999988
2348,4.696370910,-0.067443744409,-3.34802430807,-8.53998129661,0.126865769926,-0.0175688233474,0.00310372885945,0,0,0,0,0,0,0.081582,0.118672000002,-0.133338999998,0.004367,0.00765200000004,-0.00271699999988
2349,4.698372935,-0.106243730051,-3.89973175049,-8.35648955822,0.154453770732,-0.0254108702185,0.0211179947306,0,0,0,0,0,0,0.051582,0.108672000002,-0.113339999998,0.007367,0.00865200000006,-0.00371699999986
2350,4.700361755,-0.0904810165018,-3.53383949442,-8.59619731629,0.12434291091,-0.0120664018126,0.0033356835122,0,0,0,0,0,0,0.051582,0.108672000002,-0.113339999998,0.007367,0.00865200000006,-0.00371699999986
2351,4.702373658,-0.0534221211205,-3.72996859706,-8.3207190012,0.141331563284,-0.0170898293653,0.00652356051221,0,0,0,0,0,0,0.051582,0.108672000002,-0.113339999998,0.007367,0.00865200000006,-0.00371699999986
2352,4.704356768,0.0159823962552,-3.57138610579,-8.73414433125,0.127644838882,-0.0133640566772,0.0107929480001,0,0,0,0,0,0,0.051582,0.108672000002,-0.113339999998,0.007367,0.00865200000006,-0.00371699999986
2353,4.706381746,-0.375057414968,-3.6709845056,-8.30912202951,0.144485263566,-0.0184611970768,0.012607617016,0,0,0,0,0,0,0.061582,0.128672,-0.00333999999794,0.003367,0.00665200000004,-0.00271699999989
2354,4.708413546,-0.243705639654,-3.60883491737,-8.56588910468,0.130124043775,-0.0154119594611,0.00267661975364,0,0,0,0,0,0,0.061582,0.128672,-0.00333999999794,0.003367,0.00665200000004,-0.00271699999989
2355,4.710383672,-0.34208417473,-3.64933701674,-8.91975751276,0.13071060876,-0.0156774845072,-0.00144275953144,0,0,0,0,0,0,0.061582,0.128672,-0.00333999999794,0.003367,0.00665200000004,-0.00271699999989
2356,4.712362784,0.108954243562,-3.92262481242,-8.40176585925,0.144398415996,-0.0134839254683,0.0173907573673,0,0,0,0,0,0,0.061582,0.128672,-0.00333999999794,0.003367,0.00665200000004,-0.00271699999989
2357,4.714378945,-0.359546706662,-3.89296010173,-8.39068791515,0.161697185794,-0.029401737075,0.0064162055547,0,0,0,0,0,0,0.081582,0.118671999999,0.0866600000019,-0.000633,0.00165200000001,-0.000716999999974
2358,4.716371452,-0.740891192066,-3.3892133624,-8.80661507128,0.125281490736,-0.0355413237817,0.00303610908689,0,0,0,0,0,0,0.081582,0.118671999999,0.0866600000019,-0.000633,0.00165200000001,-0.000716999999974
2359,4.718375561,0.170758330105,-3.63206665054,-8.14842202995,0.145888903068,-0.00946579886411,0.00954120168611,0,0,0,0,0,0,0.081582,0.118671999999,0.0866600000019,-0.000633,0.00165200000001,-0.000716999999974
2360,4.720359191,-0.306392267206,-3.89751481251,-8.05385941632,0.154773970708,-0.0232987455905,0.0145868110124,0,0,0,0,0,0,0.081582,0.118671999999,0.0866600000019,-0.000633,0.00165200000001,-0.000716999999974
2361,4.722376324,0.332233414162,-3.50358965753,-8.67840852875,0.1252773845,0.0119849601659,0.00110465703198,0,0,0,0,0,0,0.091582,0.128672000002,-0.113339999998,0.001367,0.00265200000001,-0.000716999999958
2362,4.724361889,0.373077152614,-3.81645219749,-8.02466551122,0.152728795054,-0.0118685419313,0.0128659751724,0,0,0,0,0,0,0.091582,0.128672000002,-0.113339999998,0.001367,0.00265200000001,-0.000716999999958
2363,4.726376537,-0.411738296831,-3.67123637881,-8.10100818019,0.140690240358,-0.0255622454374,0.0081403659508,0,0,0,0,0,0,0.091582,0.128672000002,-0.113339999998,0.001367,0.00265200000001,-0.000716999999958
2364,4.728372390,0.11544676256,-4.09532737994,-8.21584086831,0.150043917531,-0.0121959068302,0.00890826720336,0,0,0,0,0,0,0.091582,0.128672000002,-0.113339999998,0.001367,0.00265200000001,-0.000716999999958
2365,4.730401145,-0.118958412442,-4.08634263022,-8.63522286891,0.14676599693,0.00107542745268,0.0113961767378,0,0,0,0,0,0,0.041582,0.108672000001,-0.0533389999983,0.004367,0.00665200000003,-0.00171699999989
2366,4.732394393,-0.469881841074,-3.76257069787,-8.14963261811,0.141215905724,-0.0243897441024,0.0173814288106,0,0,0,0,0,0,0.041582,0.108672000001,-0.0533389999983,0.004367,0.00665200000003,-0.00171699999989
2367,4.734398582,0.273531990035,-3.87571780115,-8.41644992282,0.142311245128,-7.1484059304e-05,0.0167290604558,0,0,0,0,0,0,0.041582,0.108672000001,-0.0533389999983,0.004367,0.00665200000003,-0.00171699999989
2368,4.736406408,-0.386028384834,-3.89652296988,-7.94479705421,0.154484984073,-0.0349605958365,0.00677025664797,0,0,0,0,0,0,0.041582,0.108672000001,-0.0533389999983,0.004367,0.00665200000003,-0.00171699999989
2369,4.738396260,-0.0152225620389,-3.78285233324,-8.65421834669,0.13150179923,-0.00821019422093,0.00484282185326,0,0,0,0,0,0,0.111582,0.148672000001,-0.0733389999976,-0.001633,0.001652,0.000283000000026
2370,4.740395259,-0.250345172326,-3.78485685995,-8.1357776512,0.152296052932,-0.0312539019749,0.0212551875066,0,0,0,0,0,0,0.111582,0.148672000001,-0.0733389999976,-0.001633,0.001652,0.000283000000026
2371,4.742396272,-0.757608902173,-3.93454311435,-8.66044718288,0.154918917606,-0.0364507159604,0.00786950940396,0,0,0,0,0,0,0.111582,0.148672000001,-0.0733389999976,-0.001633,0.001652,0.000283000000026
2372,4.744390713,-0.182604078667,-4.08466340461,-8.43077403711,0.15073064167,-0.0172735196258,0.0170359357091,0,0,0,0,0,0,0.111582,0.148672000001,-0.0733389999976,-0.001633,0.001652,0.000283000000026
2373,4.746392317,0.0480604895059,-3.93829012445,-8.26985312367,0.143588808812,-0.00567983496838,0.00697795297326,0,0,0,0,0,0,0.051582,0.128672000002,-0.133338999998,0.007367,0.00765200000006,-0.00371699999988
2374,4.748391276,-0.268669419609,-3.86987243499,-8.16107445243,0.145017784133,-0.0155467197065,0.0113963924363,0,0,0,0,0,0,0.051582,0.128672000002,-0.133338999998,0.007367,0.00765200000006,-0.00371699999988
2375,4.750380006,-0.287376959497,-3.80892007951,-8.43580498812,0.135839164645,-0.0146434972114,0.00897494374164,0,0,0,0,0,0,0.051582,0.128672000002,-0.133338999998,0.007367,0.00765200000006,-0.00371699999988
2376,4.752388123,0.0986169041089,-3.46053236671,-8.21404780908,0.131009007369,-0.0176036746962,0.00302589567634,0,0,0,0,0,0,0.051582,0.128672000002,-0.133338999998,0.007367,0.00765200000006,-0.00371699999988
2377,4.754406768,0.0776536610823,-3.67327586436,-7.96544062795,0.146612891324,-0.0130260630099,0.00313434022518,0,0,0,0,0,0,0.081582,0.108672000004,-0.223338999998,0.006367,0.00665200000004,-0.00271699999989
2378,4.756402992,-0.79359652598,-4.0312549802,-7.95160050545,0.162008052202,-0.0450955593503,-0.00128479947842,0,0,0,0,0,0,0.081582,0.108672000004,-0.223338999998,0.006367,0.00665200000004,-0.00271699999989
2379,4.758383036,-0.107031993249,-3.905764022,-7.66472970417,0.143013249299,-0.0166846277899,0.00873080116508,0,0,0,0,0,0,0.081582,0.108672000004,-0.223338999998,0.006367,0.00665200000004,-0.00271699999989
2380,4.760404908,-0.362015577544,-3.83569637741,-8.43214105763,0.137823439992,-0.0133939098808,0.00249205018414,0,0,0,0,0,0,0.081582,0.108672000004,-0.223338999998,0.006367,0.00665200000004,-0.00271699999989
2381,4.762399429,-0.58972915175,-3.52857047297,-8.03333723681,0.142913084866,-0.0325038951474,0.00569228650893,0,0,0,0,0,0,0.101582,0.138672000002,-0.103339999998,0.000367,0.00165200000001,-0.000716999999974
2382,4.764403828,0.056513579548,-3.98127543686,-7.94278573876,0.161222787496,-0.0171354868012,0.0202128731285,0,0,0,0,0,0,0.101582,0.138672000002,-0.103339999998,0.000367,0.00165200000001,-0.000716999999974
2383,4.766385855,-0.143320131931,-4.05953470977,-8.37727358268,0.160317137964,-0.0209689555933,0.0176004418216,0,0,0,0,0,0,0.101582,0.138672000002,-0.103339999998,0.000367,0.00165200000001,-0.000716999999974
2384,4.768397328,-0.105618253396,-3.91716162513,-8.77026826029,0.144186960521,-0.0148140615821,0.00490074153232,0,0,0,0,0,0,0.101582,0.138672000002,-0.103339999998,0.000367,0.00165200000001,-0.000716999999974
2385,4.770444487,-0.318069260394,-4.09523737261,-7.91844277232,0.176622972841,-0.0317389501813,0.0147756998829,0,0,0,0,0,0,0.081582,0.128671999999,0.0766600000021,0.001367,0.00265200000003,-0.00171699999996
2386,4.772421986,-0.0832094408445,-4.19911223834,-7.62172069843,0.171215813763,-0.0248921924125,0.014119330029,0,0,0,0,0,0,0.081582,0.128671999999,0.0766600000021,0.001367,0.00265200000003,-0.00171699999996
2387,4.774436705,-0.126491633775,-3.91368969188,-7.777878135,0.154686956657,-0.00239324362905,0.00597288208483,0,0,0,0,0,0,0.081582,0.128671999999,0.0766600000021,0.001367,0.00265200000003,-0.00171699999996
2388,4.776408904,-0.746995637054,-4.17572427127,-8.29579474547,0.153494171504,-0.0264475711422,0.0103825307917,0,0,0,0,0,0,0.081582,0.128671999999,0.0766600000021,0.001367,0.00265200000003,-0.00171699999996
2389,4.778425616,-0.406582438149,-3.88087927154,-8.26096386353,0.137760787249,-0.0235431607966,0.00633670128985,0,0,0,0,0,0,0.111582,0.118672,0.0166610000019,-0.002633,-0.000348000000021,0.00128299999999
2390,4.780391915,-0.924911107661,-4.02111227357,-8.3931689809,0.144531260666,-0.0319112828588,0.004787958149,0,0,0,0,0,0,0.111582,0.118672,0.0166610000019,-0.002633,-0.000348000000021,0.00128299999999
2391,4.782382228,0.292589193441,-4.28397023367,-8.30054964437,0.15714731049,-0.0043978388119,0.0118842116945,0,0,0,0,0,0,0.111582,0.118672,0.0166610000019,-0.002633,-0.000348000000021,0.00128299999999
2392,4.784389142,0.228869041645,-3.83142004751,-8.27039347336,0.143822219562,-0.00293592721795,0.0051803440584,0,0,0,0,0,0,0.111582,0.118672,0.0166610000019,-0.002633,-0.000348000000021,0.00128299999999
2393,4.786404121,-0.326500844959,-4.3169808345,-7.81423697164,0.157663156752,-0.0237459192062,0.00433279099597,0,0,0,0,0,0,0.141582,0.138672000001,-0.0933399999978,-0.005633,-0.00434800000004,0.00228299999993
2394,4.788419580,-0.214098758566,-3.86407486062,-8.21089481637,0.143364456352,-0.0171351966489,0.00334626398539,0,0,0,0,0,0,0.141582,0.138672000001,-0.0933399999978,-0.005633,-0.00434800000004,0.00228299999993
2395,4.790417798,-0.0366853819921,-3.85757241155,-7.91729320286,0.161354656396,-0.0168834136473,0.0203341949699,0,0,0,0,0,0,0.141582,0.138672000001,-0.0933399999978,-0.005633,-0.00434800000004,0.00228299999993
2396,4.792384226,-0.111581209757,-3.72987117264,-8.52622941461,0.141544361053,-0.00438839472235,0.00363648026394,0,0,0,0,0,0,0.141582,0.138672000001,-0.0933399999978,-0.005633,-0.00434800000004,0.00228299999993
2397,4.794401199,-0.325415260427,-3.63010052288,-8.35959022858,0.140853887869,-0.0153115125052,0.0105502714473,0,0,0,0,0,0,0.101582,0.148672000003,-0.183339999998,-0.001633,0.002652,0.000283000000042
2398,4.796395880,-0.0246621371233,-3.71851937303,-8.32238780454,0.137840130962,-0.00159474840371,0.00559193544056,0,0,0,0,0,0,0.101582,0.148672000003,-0.183339999998,-0.001633,0.002652,0.000283000000042
2399,4.798394018,-0.396004344956,-3.72875715564,-8.01100071254,0.140806470488,-0.0095163286025,-0.0063736242143,0,0,0,0,0,0,0.101582,0.148672000003,-0.183339999998,-0.001633,0.002652,0.000283000000042
2400,4.800390422,-0.165813602406,-3.65354901616,-8.02557686073,0.133280858916,-0.0142850357071,0.00968029541563,0,0,0,0,0,0,0.101582,0.148672000003,-0.183339999998,-0.001633,0.002652,0.000283000000042
2401,4.802404870,-0.326864949048,-4.08395164505,-8.24986746064,0.158951827369,-0.0261347053524,0.00874889572289,0,0,0,0,0,0,0.081582,0.0786720000033,-0.203340999999,0.005367,0.00865200000004,-0.00271699999986
2402,4.804421993,-0.342124237606,-3.63726815639,-8.25360485605,0.132623204914,-0.0181024664657,0.00797302935344,0,0,0,0,0,0,0.081582,0.0786720000033,-0.203340999999,0.005367,0.00865200000004,-0.00271699999986
2403,4.806417616,-0.186231261454,-3.63452423771,-8.00722514085,0.142934252265,-0.0168534745199,0.00330725841873,0,0,0,0,0,0,0.081582,0.0786720000033,-0.203340999999,0.005367,0.00865200000004,-0.00271699999986
2404,4.808459626,-0.845516500369,-3.85668501976,-8.07986864905,0.140984845798,-0.026121948302,0.00478548493456,0,0,0,0,0,0,0.081582,0.0786720000033,-0.203340999999,0.005367,0.00865200000004,-0.00271699999986
2405,4.810419773,-0.0225349938469,-3.67395304308,-7.9573375332,0.138068621728,-0.00487024142014,0.00599894722119,0,0,0,0,0,0,0.061582,0.0886720000009,-0.0533389999986,0.003367,0.00665200000003,-0.00171699999989
2406,4.812371744,-0.733260534184,-3.51074363311,-8.07663963022,0.13906742932,-0.0246626867719,-0.000134553227025,0,0,0,0,0,0,0.061582,0.0886720000009,-0.0533389999986,0.003367,0.00665200000003,-0.00171699999989
2407,4.814380491,-0.801804887003,-3.78678005603,-8.02621492133,0.152817304198,-0.0318141912951,0.000593096529955,0,0,0,0,0,0,0.061582,0.0886720000009,-0.0533389999986,0.003367,0.00665200000003,-0.00171699999989
2408,4.816385922,0.052270269307,-3.76848577127,-8.28380454204,0.146461200847,-0.0172219356113,0.0126636679252,-6.31025544998e-08,-5.25140613628e-08,-4.12980844193e-08,-2.2021495428e-07,2.65350449291e-07,-9.3233434657e-10,0.061582,0.0886720000009,-0.0533389999986,0.003367,0.00665200000003,-0.00171699999989
2409,4.818386845,-0.465892418365,-4.03971718726,-8.14296509204,0.151459964833,-0.0214312001914,0.00606630801059,-6.15647184529e-10,-5.12364520376e-10,-4.02952324521e-10,-2.14860467514e-09,2.58887513957e-09,-9.09623808837e-12,0.061582,0.138672000003,-0.213340999998,0.003367,0.00865200000004,-0.00271699999986
2410,4.820382147,0.211396410736,-3.70056493255,-8.09090549743,0.131199555945,-0.00310024502656,0.00209317308054,-6.00674780707e-12,-4.9989495928e-12,-3.93125049508e-12,-2.09628705739e-11,2.52588203812e-11,-8.87486080648e-14,0.061582,0.138672000003,-0.213340999998,0.003367,0.00865200000004,-0.00271699999986
2411,4.822368302,-0.347809173192,-4.18051984941,-8.17163838459,0.158990895123,-0.0133437085121,0.00798308175924,-5.86019534427e-14,-4.87760248207e-14,-3.8356914738e-14,-2.0454181731e-13,2.46427642784e-13,-8.65835171424e-16,0.061582,0.138672000003,-0.213340999998,0.003367,0.00865200000004,-0.00271699999986
2412,4.824391106,-0.173514996722,-3.77674204338,-7.96375678442,0.147108125624,-0.0238577346219,0.00148642721556,-5.71786691595e-16,-4.75873617729e-16,-3.74205897477e-16,-1.99553433516e-15,2.40438050888e-15,-8.44795796247e-18,0.061582,0.138672000003,-0.213340999998,0.003367,0.00865200000004,-0.00271699999986
2413,4.826385537,-0.445473469519,-3.87248502798,-8.23570360637,0.142824220832,-0.0137577340082,0.0062028237205,-5.57843029503e-18,-4.64327875559e-18,-3.6509203668e-18,-1.94711094669e-17,2.34573768256e-17,-8.24210110861e-20,0.071582,0.108672000001,-0.0733389999983,0.001367,0.00665200000004,-0.00271699999989
2414,4.828375479,-0.4302987494,-3.54667486223,-8.01969943784,0.142592935487,-0.0242771860286,0.00737136897995,-5.44274099022e-20,-4.52957168839e-20,-3.56281104414e-20,-1.89952877698e-19,2.28880254513e-19,-8.04198476073e-22,0.071582,0.108672000001,-0.0733389999983,0.001367,0.00665200000004,-0.00271699999989
2415,4.830382203,0.0626474491878,-3.96520272567,-8.35154528559,0.150362784509,-0.0128753547597,0.010740907563,-5.31015286227e-22,-4.41975441843e-22,-3.47572381482e-22,-1.85342654275e-21,2.23298587769e-21,-7.84611772161e-24,0.071582,0.108672000001,-0.0733389999983,0.001367,0.00665200000004,-0.00271699999989
2416,4.832406489,-0.0282954928541,-3.68717974189,-8.34822266674,0.144380018852,-0.0087299071164,0.00374293692794,-5.18135371605e-24,-4.31175129415e-24,-3.39098974268e-24,-1.80811660257e-23,2.17880122595e-23,-7.65479398985e-26,0.071582,0.108672000001,-0.0733389999983,0.001367,0.00665200000004,-0.00271699999989
2417,4.834400449,-0.157354506062,-3.74650621255,-8.35797005933,0.143155547622,-0.02029298661,0.00512872849389,-5.05493080581e-26,-4.20694056472e-26,-3.30876185877e-26,-1.76420579191e-25,2.12568988994e-25,-7.46890278099e-28,0.131582,0.148672000002,-0.123340999998,-0.002633,-0.001348,0.000282999999978
2418,4.836380283,-0.263433127369,-3.95767104056,-8.49449859701,0.144809363026,-0.0170918367692,0.0111106962739,-4.9321862878e-28,-4.10484704505e-28,-3.2274046607e-28,-1.72128217116e-27,2.07393865609e-27,-7.28654894751e-30,0.131582,0.148672000002,-0.123340999998,-0.002633,-0.001348,0.000282999999978
2419,4.838375214,-0.11584580916,-3.90332434902,-8.20550440892,0.140419885184,-0.0127189332364,0.00723485580148,-4.81157294648e-30,-4.00470462514e-30,-3.15001696554e-30,-1.67944513765e-29,2.02341266247e-29,-7.11020251442e-32,0.131582,0.148672000002,-0.123340999998,-0.002633,-0.001348,0.000282999999978
2420,4.840387248,0.704176597844,-4.14334325194,-7.78173809202,0.150679860508,0.0114107394164,0.0145435175365,-4.69480759771e-32,-3.90741741212e-32,-3.0725851351e-32,-1.63854397931e-31,1.97418442156e-31,-6.93678429835e-34,0.131582,0.148672000002,-0.123340999998,-0.002633,-0.001348,0.000282999999978
2421,4.842386878,0.0793954334035,-3.97269287954,-8.11272779785,0.162234414043,-0.0104819570452,0.0171037563829,-4.58066270916e-34,-3.81209305367e-34,-2.99789060852e-34,-1.59858258537e-33,1.92620062415e-33,-6.76755278869e-36,0.151582,0.178672000006,-0.363339999997,-0.003633,0.000652000000011,-0.00071699999999
2422,4.844379616,0.0247406878435,-3.88461501728,-8.1978762074,0.141693688107,-0.00484449894794,0.0058612301648,-4.46900703861e-36,-3.71964953912e-36,-2.92474421569e-36,-1.55979315079e-35,1.8792195034e-35,-6.60276203151e-38,0.151582,0.178672000006,-0.363339999997,-0.003633,0.000652000000011,-0.00071699999999
2423,4.846401738,0.261657387641,-3.55841307769,-8.30917879544,0.13335477142,-0.00529796511258,0.0169465500442,-4.36023894859e-38,-3.62902016806e-38,-2.85367215953e-38,-1.52180386479e-37,1.83350131022e-37,-6.44248833016e-40,0.151582,0.178672000006,-0.363339999997,-0.003633,0.000652000000011,-0.00071699999999
2424,4.848399304,-0.0208598436952,-3.74940902632,-8.0186776129,0.157248340182,-0.0134259224305,0.0105364844831,-4.254215442e-40,-3.54066524188e-40,-2.78409408015e-40,-1.48473663846e-39,1.78889794175e-39,-6.28543018809e-42,0.151582,0.178672000006,-0.363339999997,-0.003633,0.000652000000011,-0.00071699999999
2425,4.850410576,0.377191576151,-3.73527802602,-8.3444474647,0.137987869715,-0.00278571029259,0.00909041532549,-4.15059032303e-42,-3.45432735916e-42,-2.7162889821e-42,-1.44853601689e-41,1.74532877908e-41,-6.13240276824e-44,0.061582,0.138672000001,-0.0533389999978,-0.001633,0.00365200000001,-0.000716999999942
2426,4.852402232,0.346386211143,-3.54399551719,-8.52746024118,0.134399979535,0.00413310784359,-0.00279370920704,-4.05122020393e-44,-3.37197460307e-44,-2.65207159635e-44,-1.41407738673e-43,1.7036354297e-43,-5.98646085842e-46,0.061582,0.138672000001,-0.0533389999978,-0.001633,0.00365200000001,-0.000716999999942
2427,4.854406291,-0.422212935173,-4.14862534023,-7.898648518,0.158573283698,-0.0306291440839,0.00733330412487,-5.12838846926e-46,-4.26835047389e-46,-3.35661792056e-46,-1.78992486487e-45,2.15653914958e-45,-7.57752709169e-48,0.061582,0.138672000001,-0.0533389999978,-0.001633,0.00365200000001,-0.000716999999942
2428,4.856410329,-0.313830318881,-4.08244160916,-8.07299769158,0.156655977452,-0.0252577183314,0.0142473979028,0,0,0,0,0,0,0.061582,0.138672000001,-0.0533389999978,-0.001633,0.00365200000001,-0.000716999999942
2429,4.858414007,-0.240259358627,-4.08425936848,-8.32216116132,0.144570444766,-0.00174033943817,0.000867150084548,0,0,0,0,0,0,-0.028418,0.0986719999985,0.0966610000016,0.006367,0.00865200000004,-0.00271699999986
2430,4.860393730,-0.798234976329,-4.04876145136,-8.02060999169,0.158724268459,-0.0333192972564,0.0145338142314,0,0,0,0,0,0,-0.028418,0.0986719999985,0.0966610000016,0.006367,0.00865200000004,-0.00271699999986
2431,4.862375177,-0.1609135856,-3.94343917434,-8.01550508764,0.162616710578,-0.0272193992754,0.0117723053059,0,0,0,0,0,0,-0.028418,0.0986719999985,0.0966610000016,0.006367,0.00865200000004,-0.00271699999986
2432,4.864384325,0.442041953919,-4.03019000628,-8.15382875427,0.14842760288,-0.00212077673385,0.01137490175,0,0,0,0,0,0,-0.028418,0.0986719999985,0.0966610000016,0.006367,0.00865200000004,-0.00271699999986
2433,4.866387632,-0.267643615079,-4.12325332547,-8.3791965939,0.150949119651,-0.0116251009921,0.0125430077954,0,0,0,0,0,0,-0.028418,0.108671999999,0.0466590000017,0.007367,0.00965200000008,-0.00471699999985
2434,4.868378286,-0.236581554142,-3.815736847,-8.12430692753,0.14468944554,-0.00857525435289,0.000275898629817,0,0,0,0,0,0,-0.028418,0.108671999999,0.0466590000017,0.007367,0.00965200000008,-0.00471699999985
2435,4.870384218,-0.103257596405,-4.06317120241,-8.05130958523,0.153256385891,-0.0170137093267,0.0135083025795,0,0,0,0,0,0,-0.028418,0.108671999999,0.0466590000017,0.007367,0.00965200000008,-0.00471699999985
2436,4.872392074,-0.292897600174,-3.74005520665,-8.15222401807,0.148131981931,-0.0153704026916,-0.00337919249445,0,0,0,0,0,0,-0.028418,0.108671999999,0.0466590000017,0.007367,0.00965200000008,-0.00471699999985
2437,4.874400000,0.183464931627,-4.06204788385,-8.63049539516,0.143383327394,-0.00469363660588,0.00381080076347,0,0,0,0,0,0,0.031582,0.128672000002,-0.123340999998,0.004367,0.00765200000006,-0.00371699999988
2438,4.876393769,-0.380333376519,-3.38678323601,-8.51199192417,0.126805064641,-0.0055867586443,-0.00442801398288,0,0,0,0,0,0,0.031582,0.128672000002,-0.123340999998,0.004367,0.00765200000006,-0.00371699999988
2439,4.878379413,0.0890277841312,-3.63402681764,-8.31950765147,0.137216324366,-0.0080060634483,0.00882689545494,0,0,0,0,0,0,0.031582,0.128672000002,-0.123340999998,0.004367,0.00765200000006,-0.00371699999988
2440,4.880415762,0.325142825331,-3.96991085446,-8.11077732613,0.147408984671,-0.00332571287475,0.00694294504869,0,0,0,0,0,0,0.031582,0.128672000002,-0.123340999998,0.004367,0.00765200000006,-0.00371699999988
2441,4.882412768,0.183145348119,-3.8605121744,-8.10856260749,0.143251248917,-0.00456457890307,0.0130002317664,0,0,0,0,0,0,0.031582,0.128672000002,-0.103339999998,0.005367,0.00965200000008,-0.00471699999985
2442,4.884394154,-0.10040305669,-4.06269993669,-8.56909134579,0.144732979399,-0.00214672041996,0.00158948462523,0,0,0,0,0,0,0.031582,0.128672000002,-0.103339999998,0.005367,0.00965200000008,-0.00471699999985
2443,4.886374929,-0.514497827011,-3.85180962804,-8.45991794303,0.141753473824,-0.016157949137,0.0048300685799,0,0,0,0,0,0,0.031582,0.128672000002,-0.103339999998,0.005367,0.00965200000008,-0.00471699999985
2444,4.888384067,-0.10200059679,-3.92898541055,-8.41013645327,0.15193822698,-0.0220230732251,0.00165428292072,0,0,0,0,0,0,0.031582,0.128672000002,-0.103339999998,0.005367,0.00965200000008,-0.00471699999985
2445,4.890387575,-0.373473784159,-3.85526120304,-8.36139512062,0.157086265954,-0.0360774114879,0.00978556521301,0,0,0,0,0,0,0.111582,0.148672000004,-0.223338999998,-0.001633,0.00265200000003,-0.00171699999996
2446,4.892380663,-0.182107062106,-3.87929239886,-8.06587502738,0.153297746527,-0.0236381183257,0.00986616035353,0,0,0,0,0,0,0.111582,0.148672000004,-0.223338999998,-0.001633,0.00265200000003,-0.00171699999996
2447,4.894374743,-0.0362510561191,-3.87581022956,-7.90376938202,0.155401263667,-0.0159744607105,0.0117674582464,0,0,0,0,0,0,0.111582,0.148672000004,-0.223338999998,-0.001633,0.00265200000003,-0.00171699999996
2448,4.896381597,0.0595783732968,-3.83224796524,-8.17660646605,0.151048552029,-0.00845975800977,0.0110747693349,0,0,0,0,0,0,0.111582,0.148672000004,-0.223338999998,-0.001633,0.00265200000003,-0.00171699999996
2449,4.898388160,0.0417889450094,-3.63949769252,-8.71644924253,0.131529477694,-0.0100180479693,-0.00342772102485,0,0,0,0,0,0,0.091582,0.128672000003,-0.213340999998,0.001367,0.00265200000001,-0.000716999999958
2450,4.900378774,0.0132034425211,-3.99380507065,-8.20757248463,0.159611840223,-0.0277513729078,0.014678732569,0,0,0,0,0,0,0.091582,0.128672000003,-0.213340999998,0.001367,0.00265200000001,-0.000716999999958
2451,4.902379727,-0.122801754574,-3.92331561125,-8.12723555847,0.161407670859,-0.0350179114696,0.0190654790404,0,0,0,0,0,0,0.091582,0.128672000003,-0.213340999998,0.001367,0.00265200000001,-0.000716999999958
2452,4.904382744,-0.413345981671,-3.97320598378,-8.30599518502,0.15552470956,-0.0341883558247,0.00699872889574,0,0,0,0,0,0,0.091582,0.128672000003,-0.213340999998,0.001367,0.00265200000001,-0.000716999999958
2453,4.906385079,-0.220059927765,-4.22263208059,-8.07896100081,0.166884005445,-0.0312754173362,0.0129522195594,0,0,0,0,0,0,0.091582,0.128672000003,-0.193339999998,0.001367,0.00465200000003,-0.00171699999993
2454,4.908440964,-0.150840599636,-3.96404051101,-7.98212152502,0.15143720134,-0.0250971811063,0.00816548013554,0,0,0,0,0,0,0.091582,0.128672000003,-0.193339999998,0.001367,0.00465200000003,-0.00171699999993
2455,4.910394248,-0.377038688899,-3.83697091068,-7.99333054595,0.154145501535,-0.0294801616826,0.00545038512,0,0,0,0,0,0,0.091582,0.128672000003,-0.193339999998,0.001367,0.00465200000003,-0.00171699999993
2456,4.912362450,0.325862007804,-3.96048631559,-7.94697270771,0.154446136358,-0.00236027816288,0.01365497221,0,0,0,0,0,0,0.091582,0.128672000003,-0.193339999998,0.001367,0.00465200000003,-0.00171699999993
2457,4.914361589,0.202610918025,-4.13986490678,-8.15959045816,0.162369430303,-0.0220576342744,0.011388882052,0,0,0,0,0,0,0.071582,0.108672000006,-0.353339999998,0.008367,0.00965200000008,-0.00471699999985
2458,4.916360248,-0.344196340802,-4.00989859922,-7.93918866697,0.16896698495,-0.0184095091881,0.00954506986096,0,0,0,0,0,0,0.071582,0.108672000006,-0.353339999998,0.008367,0.00965200000008,-0.00471699999985
2459,4.918355380,-0.17778049443,-4.08916969779,-8.46784566244,0.158461717415,-0.0224055097538,0.0138591016434,0,0,0,0,0,0,0.071582,0.108672000006,-0.353339999998,0.008367,0.00965200000008,-0.00471699999985
2460,4.920358406,-0.438511905225,-3.78346523031,-8.24458456291,0.150815185079,-0.0265539869465,0.00259164371429,0,0,0,0,0,0,0.071582,0.108672000006,-0.353339999998,0.008367,0.00965200000008,-0.00471699999985
2461,4.922365681,-0.156071867276,-3.94375398951,-8.02815890687,0.146541087701,-0.0211018357594,0.0109063571466,0,0,0,0,0,0,0.061582,0.108672000006,-0.373340999998,0.008367,0.0106520000001,-0.00571699999983
2462,4.924369570,-0.239379903857,-3.46908382235,-8.11841670293,0.141173758597,-0.0267980505203,0.00532026290732,0,0,0,0,0,0,0.061582,0.108672000006,-0.373340999998,0.008367,0.0106520000001,-0.00571699999983
2463,4.926364671,0.187342605968,-4.44105304571,-7.96962054077,0.175802620693,-0.0165860296544,0.0129602801538,0,0,0,0,0,0,0.061582,0.108672000006,-0.373340999998,0.008367,0.0106520000001,-0.00571699999983
2464,4.928351819,0.240079033791,-3.99519608544,-7.87497507622,0.163898518105,-0.0110906217274,0.0206970745339,0,0,0,0,0,0,0.061582,0.108672000006,-0.373340999998,0.008367,0.0106520000001,-0.00571699999983
2465,4.930363261,0.115315813975,-3.83214417322,-7.84731868849,0.158504377043,-0.0241390567565,0.00599510616303,0,0,0,0,0,0,0.091582,0.118672000006,-0.363339999998,0.006367,0.00765200000006,-0.00371699999988
2466,4.932396043,0.101600181882,-3.90320754589,-8.03361110606,0.155798916698,-0.0202029740121,0.0147837894793,0,0,0,0,0,0,0.091582,0.118672000006,-0.363339999998,0.006367,0.00765200000006,-0.00371699999988
2467,4.934389272,-0.203437673298,-4.2322222316,-8.71678567235,0.154099382523,-0.0173685908715,0.00312714328989,0,0,0,0,0,0,0.091582,0.118672000006,-0.363339999998,0.006367,0.00765200000006,-0.00371699999988
2468,4.936367873,0.030105158018,-3.54388612667,-8.0615219536,0.133549186125,-0.00943355079059,0.00793482761347,0,0,0,0,0,0,0.091582,0.118672000006,-0.363339999998,0.006367,0.00765200000006,-0.00371699999988
2469,4.938374416,0.119889851593,-3.83521243453,-8.62379330914,0.133927162146,-0.00146135374441,0.004871020071,0,0,0,0,0,0,-0.008418,0.0786720000025,-0.153338999999,0.011367,0.0126520000001,-0.0057169999998
2470,4.940357846,0.0927764109068,-4.12250138427,-8.40809706488,0.153637666583,-0.00737565221069,0.00909499471839,0,0,0,0,0,0,-0.008418,0.0786720000025,-0.153338999999,0.011367,0.0126520000001,-0.0057169999998
2471,4.942350333,0.338188340281,-3.98279836127,-8.26483373116,0.142937468773,0.00835636537567,0.00988229072828,0,0,0,0,0,0,-0.008418,0.0786720000025,-0.153338999999,0.011367,0.0126520000001,-0.0057169999998
2472,4.944357477,-0.152561993421,-3.97771182772,-8.34947760372,0.156805482359,-0.0248143003349,0.00978624106169,0,0,0,0,0,0,-0.008418,0.0786720000025,-0.153338999999,0.011367,0.0126520000001,-0.0057169999998
2473,4.946364962,0.0886424246429,-4.00152277029,-8.48684416625,0.13855358908,-0.00277222942122,0.0179003390374,0,0,0,0,0,0,0.051582,0.0886720000037,-0.233338999999,0.008367,0.00965200000008,-0.00471699999985
2474,4.948374331,-0.15544681857,-4.08674302832,-8.09620617242,0.157521922074,-0.0195367265928,0.00655064238693,0,0,0,0,0,0,0.051582,0.0886720000037,-0.233338999999,0.008367,0.00965200000008,-0.00471699999985
2475,4.950366618,0.155583165586,-3.75826012329,-8.02683227257,0.145373008165,-0.00642013231923,0.00908248070211,0,0,0,0,0,0,0.051582,0.0886720000037,-0.233338999999,0.008367,0.00965200000008,-0.00471699999985
2476,4.952365216,-0.0753461205187,-4.10717235315,-7.76337189791,0.148679422622,-0.00555455281354,0.00634827503225,0,0,0,0,0,0,0.051582,0.0886720000037,-0.233338999999,0.008367,0.00965200000008,-0.00471699999985
2477,4.954370868,-0.3810894904,-3.86251591672,-8.28116448885,0.152230068927,-0.0194625682825,0.00987201030316,0,0,0,0,0,0,0.051582,0.0886720000015,-0.0933399999986,0.005367,0.00865200000008,-0.00471699999986
2478,4.956367883,-0.295783273132,-3.91855286283,-8.63544438614,0.139708729306,-0.0113099543405,0.00472071037827,0,0,0,0,0,0,0.051582,0.0886720000015,-0.0933399999986,0.005367,0.00865200000008,-0.00471699999986
2479,4.958366071,-0.00617859706726,-4.07344408423,-8.63732941506,0.151933449648,-0.00729432828073,0.0077369565847,0,0,0,0,0,0,0.051582,0.0886720000015,-0.0933399999986,0.005367,0.00865200000008,-0.00471699999986
2480,4.960370330,-0.128710570574,-3.97052375721,-8.10470211862,0.151150578529,-0.0242526585686,0.0234022174401,0,0,0,0,0,0,0.051582,0.0886720000015,-0.0933399999986,0.005367,0.00865200000008,-0.00471699999986
2481,4.962360804,0.177638151739,-4.16194759651,-8.02823552043,0.159013234266,-0.0115080916637,0.00229834139683,0,0,0,0,0,0,0.061582,0.108671999999,0.0466590000017,0.001367,0.00265200000003,-0.00171699999996
2482,4.964356106,0.169418207441,-4.23733691697,-8.19053869318,0.162625953243,-0.017076218448,0.00987517567375,0,0,0,0,0,0,0.061582,0.108671999999,0.0466590000017,0.001367,0.00265200000003,-0.00171699999996
2483,4.966355736,-0.366808400377,-3.91521902986,-8.5647852996,0.145969862786,0.000940972333932,0.0012553773861,0,0,0,0,0,0,0.061582,0.108671999999,0.0466590000017,0.001367,0.00265200000003,-0.00171699999996
2484,4.968362660,-0.227997694254,-4.04852078901,-8.27550269253,0.157964133523,-0.0268342520421,0.00581812922312,0,0,0,0,0,0,0.061582,0.108671999999,0.0466590000017,0.001367,0.00265200000003,-0.00171699999996
2485,4.970430027,-0.262841477708,-3.48504276232,-8.04590127535,0.143560203331,-0.0266688314269,0.0141959373631,0,0,0,0,0,0,0.111582,0.098671999998,0.126659000002,-0.003633,-0.00234800000002,0.00128299999996
2486,4.972376268,-0.0643921878164,-3.62354749648,-8.31526687471,0.140582152795,-0.0165122669765,0.00507722681432,0,0,0,0,0,0,0.111582,0.098671999998,0.126659000002,-0.003633,-0.00234800000002,0.00128299999996
2487,4.974361791,0.411571120817,-3.65592614209,-8.42079495427,0.123167600684,0.00683730833479,0.012097279953,0,0,0,0,0,0,0.111582,0.098671999998,0.126659000002,-0.003633,-0.00234800000002,0.00128299999996
2488,4.976368996,-0.0854369038868,-4.22876441306,-7.7049516317,0.162868391932,-0.0244815813568,0.0151027825158,0,0,0,0,0,0,0.111582,0.098671999998,0.126659000002,-0.003633,-0.00234800000002,0.00128299999996
2489,4.978414011,0.0563036280395,-4.16498130156,-8.14681966526,0.161305172984,-0.0109464668586,0.010503658818,0,0,0,0,0,0,0.131582,0.128672,-0.00333999999794,-0.002633,0.000651999999995,0.00028300000001
2490,4.980388214,-0.0680787384499,-3.62097644115,-8.31470251856,0.13466400015,-0.0113687965565,0.0127509150321,0,0,0,0,0,0,0.131582,0.128672,-0.00333999999794,-0.002633,0.000651999999995,0.00028300000001
2491,4.982359021,0.074473610646,-3.6197638723,-8.34103837011,0.135036058982,-0.0113776436099,0.00965635271273,0,0,0,0,0,0,0.131582,0.128672,-0.00333999999794,-0.002633,0.000651999999995,0.00028300000001
2492,4.984356497,-0.370358226334,-3.84382032111,-8.49854203098,0.137753680001,-0.00726056982679,-0.00169420196017,0,0,0,0,0,0,0.131582,0.128672,-0.00333999999794,-0.002633,0.000651999999995,0.00028300000001
2493,4.986386234,0.512721534434,-3.77490071163,-8.06661911187,0.146894970632,-0.0109840075494,0.00779742526404,0,0,0,0,0,0,0.061582,0.108672000002,-0.113339999998,0.002367,0.00565200000003,-0.00171699999991
2494,4.988372269,0.228690639302,-3.34514714547,-8.23662722157,0.124762803461,0.00164209093929,0.0014555643816,0,0,0,0,0,0,0.061582,0.108672000002,-0.113339999998,0.002367,0.00565200000003,-0.00171699999991
2495,4.990366209,-0.208556090277,-3.79384249847,-7.98962847758,0.144874687847,-0.0234254625481,0.00809699419259,0,0,0,0,0,0,0.061582,0.108672000002,-0.113339999998,0.002367,0.00565200000003,-0.00171699999991
2496,4.992365458,-0.162035393135,-3.76260986921,-8.3048906335,0.137893555881,-0.0125313577662,0.00340192794589,0,0,0,0,0,0,0.061582,0.108672000002,-0.113339999998,0.002367,0.00565200000003,-0.00171699999991
2497,4.994378734,-0.0194923540993,-3.72987932834,-8.23930302822,0.147690818896,-0.00571133911901,0.00755967585306,0,0,0,0,0,0,0.081582,0.118672000004,-0.233338999998,0.004367,0.00665200000003,-0.00171699999989
2498,4.996365861,-0.0389943284966,-4.11033117448,-8.12101086469,0.174429736517,-0.0198350149948,0.0222073292545,0,0,0,0,0,0,0.081582,0.118672000004,-0.233338999998,0.004367,0.00665200000003,-0.00171699999989
2499,4.998359581,0.208251868734,-3.99493710727,-8.14008107571,0.169759817402,-0.0121971575861,0.00513896913749,0,0,0,0,0,0,0.081582,0.118672000004,-0.233338999998,0.004367,0.00665200000003,-0.00171699999989
2500,5.000361475,-0.127771479799,-4.01221192766,-8.10772516135,0.170981691593,-0.0232537744768,0.010470364317,0,0,0,0,0,0,0.081582,0.118672000004,-0.233338999998,0.004367,0.00665200000003,-0.00171699999989
2501,5.002374250,-0.371977310086,-4.16006443927,-8.3855003665,0.154189442866,-0.0132993793383,0.00347415856845,0,0,0,0,0,0,0.051582,0.0786720000033,-0.203340999999,0.006367,0.00765200000003,-0.00171699999988
2502,5.004373139,0.23875071727,-3.81492228751,-8.35426115503,0.140468754438,-0.00891811053131,0.0145351802728,0,0,0,0,0,0,0.051582,0.0786720000033,-0.203340999999,0.006367,0.00765200000003,-0.00171699999988
2503,5.006356168,0.121307458375,-3.92969635615,-8.51342764344,0.142029055452,0.000744537973546,0.00782984898699,0,0,0,0,0,0,0.051582,0.0786720000033,-0.203340999999,0.006367,0.00765200000003,-0.00171699999988
2504,5.008370877,-0.428335431951,-4.08451425306,-8.18379386178,0.156608390401,-0.0268656391485,0.0118979826043,0,0,0,0,0,0,0.051582,0.0786720000033,-0.203340999999,0.006367,0.00765200000003,-0.00171699999988
2505,5.010417325,0.16405727775,-3.82165033057,-8.48346881742,0.146508858776,-0.00342131450692,0.00676932187701,0,0,0,0,0,0,0.081582,0.118672000002,-0.113339999998,0.003367,0.00465200000001,-0.000716999999926
