t_s,actual_tcp_pose_0,actual_tcp_pose_1,actual_tcp_pose_2,actual_tcp_pose_3,actual_tcp_pose_4,actual_tcp_pose_5,target_tcp_pose_0,target_tcp_pose_1,target_tcp_pose_2,target_tcp_pose_3,target_tcp_pose_4,target_tcp_pose_5,actual_tcp_speed_0,actual_tcp_speed_1,actual_tcp_speed_2,actual_tcp_speed_3,actual_tcp_speed_4,actual_tcp_speed_5,actual_tcp_force_0,actual_tcp_force_1,actual_tcp_force_2,actual_tcp_force_3,actual_tcp_force_4,actual_tcp_force_5,actual_q_0,actual_q_1,actual_q_2,actual_q_3,actual_q_4,actual_q_5,target_q_0,target_q_1,target_q_2,target_q_3,target_q_4,target_q_5,runtime_state,robot_mode,safety_mode,speed_scaling
0.61156330599988,0.44393385711603267,0.1208095332545247,0.24367882741554414,3.1225874521607992,-0.024723685133362084,-0.053610987562189384,0.4439401565633589,0.12080570325978836,0.24369031278190795,3.1226108305914533,-0.024715019233596,-0.053548458762666874,0.0,0.0,0.0,0.0,0.0,0.0,-0.7514818457174095,-9.093243302252745,-15.801295495876476,0.2879379577569131,0.013565096203050724,0.01717846502464019,0.6496411561965942,-1.26808716476474,-2.385249137878418,-1.0968269270709534,1.5808501243591309,-0.9056523481952112,0.6496292948722839,-1.2680666607669373,-2.385249137878418,-1.0968020421317597,1.5808424949645996,-0.9056695143329065,1,7,1,0.0
0.6195139849987754,0.4439294905719927,0.12080388380320704,0.24367735897423803,3.122602509825215,-0.024705064586315186,-0.05358311643256827,0.4439401565633589,0.12080570325978836,0.24369031278190795,3.1226108305914533,-0.024715019233596,-0.053548458762666874,0.0,0.0,0.0,0.0,0.0,0.0,-0.9245834127488146,-9.302523311247752,-15.85172263139699,0.293883360381086,0.014357842922217352,0.0069524379031226016,0.6496368050575256,-1.2680675250342865,-2.3852696418762207,-1.0968030554107209,1.5808501243591309,-0.9056685606585901,0.6496292948722839,-1.2680666607669373,-2.385249137878418,-1.0968020421317597,1.5808424949645996,-0.9056695143329065,1,7,1,0.0
0.6274852819988155,0.44395042571735777,0.12081395116181673,0.2437155667327926,3.1226544547886057,-0.024819956725611728,-0.05344838163485437,0.4439401565633589,0.12080570325978836,0.24369031278190795,3.1226108305914533,-0.024715019233596,-0.053548458762666874,0.0,0.0,0.0,0.0,0.0,0.0,-0.6121118865582796,-9.349234879771474,-15.849873375419506,0.30335866327172295,0.016318103798128314,0.012107122991366372,0.649632453918457,-1.268034504061081,-2.3852360248565674,-1.096769855623581,1.5808382034301758,-0.9055989424334925,0.6496292948722839,-1.2680666607669373,-2.385249137878418,-1.0968020421317597,1.5808424949645996,-0.9056695143329065,1,7,1,0.0
0.6359308360006253,0.44393322064844876,0.12077596728959442,0.24364639757597384,3.122534114120968,-0.02474125085536683,-0.053626760312398034,0.4439401565633589,0.12080570325978836,0.24369031278190795,3.1226108305914533,-0.024715019233596,-0.053548458762666874,0.0,0.0,0.0,0.0,0.0,0.0,-0.8182714942471143,-9.193537030968011,-15.945617477650707,0.29379776902756466,0.022002455123185778,0.02153535348655878,0.6495999097824097,-1.2681117218783875,-2.385289430618286,-1.0968030852130433,1.5808134078979492,-0.9056814352618616,0.6496292948722839,-1.2680666607669373,-2.385249137878418,-1.0968020421317597,1.5808424949645996,-0.9056695143329065,1,7,1,0.0
0.6437144629999239,0.44392843954176237,0.1207982098145108,0.2436955131217981,3.122607015777199,-0.024761947375068427,-0.053531663846544494,0.4439401565633589,0.12080570325978836,0.24369031278190795,3.1226108305914533,-0.024715019233596,-0.053548458762666874,0.0,0.0,0.0,0.0,0.0,0.0,-0.314157241992396,-9.39102284481137,-15.877659151430631,0.3033130877538708,0.02674601403292043,0.017482617118242606,0.6496368050575256,-1.268026815061905,-2.385265350341797,-1.0968193274787446,1.580833911895752,-0.9056318441974085,0.6496292948722839,-1.2680666607669373,-2.385249137878418,-1.0968020421317597,1.5808424949645996,-0.9056695143329065,1,7,1,0.0
0.6515942299993185,0.44393412872438376,0.12082390234806091,0.24367628068083724,3.122645394546243,-0.024640991374084018,-0.053582343415485276,0.4439401565633589,0.12080570325978836,0.24369031278190795,3.1226108305914533,-0.024715019233596,-0.053548458762666874,0.0,0.0,0.0,0.0,0.0,0.0,-0.38665697596334125,-9.375683124553223,-15.818807787334654,0.299397506138058,0.02509463820137149,0.009053610122506552,0.6496493220329285,-1.26808716476474,-2.385265350341797,-1.0967611235431214,1.5808826684951782,-0.9056976477252405,0.6496292948722839,-1.2680666607669373,-2.385249137878418,-1.0968020421317597,1.5808424949645996,-0.9056695143329065,1,7,1,0.0
0.6599429329980921,0.44390834302978427,0.12077837750615329,0.24366932663528235,3.122562422333766,-0.024757764138487865,-0.053640457762887665,0.4439401565633589,0.12080570325978836,0.24369031278190795,3.1226108305914533,-0.024715019233596,-0.053548458762666874,0.0,0.0,0.0,0.0,0.0,0.0,-0.28496812323292353,-8.983434337786164,-16.169228497841118,0.2854723896879806,0.03214052918371602,0.02239761274358023,0.6496236324310303,-1.268034504061081,-2.3852949142456055,-1.0968638223460694,1.5808424949645996,-0.9056480566607874,0.6496292948722839,-1.2680666607669373,-2.385249137878418,-1.0968020421317597,1.5808424949645996,-0.9056695143329065,1,7,1,0.0
0.6678063590006786,0.4439292576067617,0.12080501759168895,0.24368083656572412,3.122607731624222,-0.024694882100193497,-0.05364412445404571,0.4439401565633589,0.12080570325978836,0.24369031278190795,3.1226108305914533,-0.024715019233596,-0.053548458762666874,0.0,0.0,0.0,0.0,0.0,0.0,-0.44459993765909694,-9.338103123862238,-15.734798087882758,0.29745187863095307,0.03697204602801805,0.015612427023975618,0.6496235728263855,-1.268079475765564,-2.385249137878418,-1.096838818197586,1.5808782577514648,-0.9056890646563929,0.6496292948722839,-1.2680666607669373,-2.385249137878418,-1.0968020421317597,1.5808424949645996,-0.9056695143329065,1,7,1,0.0
0.6756476240007032,0.44391784337209433,0.12078835635849958,0.24367634361310098,3.122584944140282,-0.024754001166156028,-0.05359426169033,0.4439401565633589,0.12080570325978836,0.24369031278190795,3.1226108305914533,-0.024715019233596,-0.053548458762666874,0.0,0.0,0.0,0.0,0.0,0.0,-0.29822938524114495,-9.238757709943194,-15.941264983882796,0.28743909042842175,0.030168295179931786,0.016824920309156357,0.6496292352676392,-1.26803873599086,-2.385286331176758,-1.096831278210022,1.5808415412902832,-0.90564471880068,0.6496292948722839,-1.2680666607669373,-2.385249137878418,-1.0968020421317597,1.5808424949645996,-0.9056695143329065,1,7,1,0.0
0.6835559229984938,0.4439267066599094,0.12079814930392724,0.24366698860939745,3.12258933881158,-0.024704982691995944,-0.053598442628228035,0.4439401565633589,0.12080570325978836,0.24369031278190795,3.1226108305914533,-0.024715019233596,-0.053548458762666874,0.0,0.0,0.0,0.0,0.0,0.0,-0.748786810062264,-9.088876307296507,-15.84921212890863,0.28632323246517005,0.022154847888459655,0.011500199058656542,0.649632453918457,-1.268075243835785,-2.385282039642334,-1.0967987340739747,1.580845832824707,-0.905672852193014,0.6496292948722839,-1.2680666607669373,-2.385249137878418,-1.0968020421317597,1.5808424949645996,-0.9056695143329065,1,7,1,0.0
0.6916278089993284,0.443935307443199,0.12079091475396418,0.2436850385004961,3.122569958683043,-0.024677142448663817,-0.05355780858011008,0.4439401565633589,0.12080570325978836,0.24369031278190795,3.1226108305914533,-0.024715019233596,-0.053548458762666874,0.0,0.0,0.0,0.0,0.0,0.0,-0.5183135807927901,-9.368914579702931,-16.248216137417394,0.29402087292143375,0.03165070233132037,0.019251234906333625,0.6496248841285706,-1.2680590909770508,-2.3852577209472656,-1.096831278210022,1.5808134078979492,-0.9056976477252405,0.6496292948722839,-1.2680666607669373,-2.385249137878418,-1.0968020421317597,1.5808424949645996,-0.9056695143329065,1,7,1,0.0
0.6996470960002625,0.4439402595331085,0.12080367054004956,0.24369719890799185,3.1226126556598914,-0.02470923416170208,-0.05349384452607892,0.4439401565633589,0.12080570325978836,0.24369031278190795,3.1226108305914533,-0.024715019233596,-0.053548458762666874,0.0,0.0,0.0,0.0,0.0,0.0,-0.7840728145418654,-9.490932981605102,-15.934032681670065,0.29685495884130025,0.02044281538478655,0.012223594461969113,0.6496368050575256,-1.2680429977229615,-2.38525652885437,-1.0967900615981598,1.5808219909667969,-0.9056652227984827,0.6496292948722839,-1.2680666607669373,-2.385249137878418,-1.0968020421317597,1.5808424949645996,-0.9056695143329065,1,7,1,0.0
0.7076429100015957,0.44393751047862645,0.12081318723130653,0.2436856057143593,3.1225856236205627,-0.024683826006317938,-0.053512837190338114,0.4439401565633589,0.12080570325978836,0.24369031278190795,3.1226108305914533,-0.024715019233596,-0.053548458762666874,0.0,0.0,0.0,0.0,0.0,0.0,-0.6285770475836563,-9.23068967182939,-15.976260802589245,0.2941089558331669,0.028145612951060155,0.021934017097360436,0.6496656537055969,-1.2680633229068299,-2.385261058807373,-1.096791372900345,1.5808091163635254,-0.9056523481952112,0.6496292948722839,-1.2680666607669373,-2.385249137878418,-1.0968020421317597,1.5808424949645996,-0.9056695143329065,1,7,1,0.0
0.7155287380010122,0.4439227450624527,0.12078096076199626,0.24369259622181166,3.1226201186883777,-0.024755810559963183,-0.05362059259083259,0.4439401565633589,0.12080570325978836,0.24369031278190795,3.1226108305914533,-0.024715019233596,-0.053548458762666874,0.0,0.0,0.0,0.0,0.0,0.0,0.13000022955081447,-9.076125840268741,-15.94567177679262,0.2862311248360655,0.03560963078014733,0.02116887845862282,0.6495879888534546,-1.2680303019336243,-2.385261058807373,-1.0968565207770844,1.5808782577514648,-0.9056857267962855,0.6496292948722839,-1.2680666607669373,-2.385249137878418,-1.0968020421317597,1.5808424949645996,-0.9056695143329065,1,7,1,0.0
0.7236495049983205,0.44395270310106266,0.12079952696868429,0.2437055398268302,3.1226066097390404,-0.02481783562697495,-0.05348137352409306,0.4439401565633589,0.12080570325978836,0.24369031278190795,3.1226108305914533,-0.024715019233596,-0.053548458762666874,0.0,0.0,0.0,0.0,0.0,0.0,-0.31244061675640133,-8.965093377467406,-15.81072733194724,0.2941266713313371,0.028907713224303105,0.022122381154789927,0.6496161818504333,-1.2680548590472718,-2.385232925415039,-1.0967987340739747,1.5808134078979492,-0.9056161085711878,0.6496292948722839,-1.2680666607669373,-2.385249137878418,-1.0968020421317597,1.5808424949645996,-0.9056695143329065,1,7,1,0.0
0.731570448999264,0.4439355216276015,0.12080750953616412,0.24370203392965623,3.122632241246837,-0.024686365047154997,-0.05351843947467027,0.4439401565633589,0.12080570325978836,0.24369031278190795,3.1226108305914533,-0.024715019233596,-0.053548458762666874,0.0,0.0,0.0,0.0,0.0,0.0,-0.6108305533570587,-9.116133150839568,-15.668964966507511,0.29183111095150244,0.02174933928748135,0.01913831980377249,0.6496368050575256,-1.268034504061081,-2.3852522373199463,-1.0968030852130433,1.580846905708313,-0.9056804815875452,0.6496292948722839,-1.2680666607669373,-2.385249137878418,-1.0968020421317597,1.5808424949645996,-0.9056695143329065,1,7,1,0.0
0.7394895990000805,0.44391873109982943,0.12079180664166912,0.24365245393226315,3.122570589480166,-0.024743075734725603,-0.0536846831331588,0.4439401565633589,0.12080570325978836,0.24369031278190795,3.1226108305914533,-0.024715019233596,-0.053548458762666874,0.0,0.0,0.0,0.0,0.0,0.0,-0.024469365017301903,-9.283874114886911,-16.07800333010242,0.2925065749241445,0.03557376171544243,0.014557877373343185,0.649620532989502,-1.2680955988219758,-2.385286331176758,-1.0968283277801056,1.5808663368225098,-0.9056609312640589,0.6496292948722839,-1.2680666607669373,-2.385249137878418,-1.0968020421317597,1.5808424949645996,-0.9056695143329065,1,7,1,0.0
0.747489139001118,0.44392210693439016,0.12081735847912418,0.24368504047673079,3.1226120070007672,-0.02469727478182281,-0.053572471527524326,0.4439401565633589,0.12080570325978836,0.24369031278190795,3.1226108305914533,-0.024715019233596,-0.053548458762666874,0.0,0.0,0.0,0.0,0.0,0.0,-0.22494608465701388,-9.186928495128111,-16.269719388416338,0.2787228096372649,0.043120039044663334,0.01363447836228833,0.6496700644493103,-1.2680471998504181,-2.3852696418762207,-1.096812055712082,1.5808544158935547,-0.9056404272662562,0.6496292948722839,-1.2680666607669373,-2.385249137878418,-1.0968020421317597,1.5808424949645996,-0.9056695143329065,1,7,1,0.0
0.7554747829999542,0.44392456399110886,0.12076950760750643,0.24365033434811945,3.122519200132106,-0.02476103690621384,-0.0536028751228714,0.4439401565633589,0.12080570325978836,0.24369031278190795,3.1226108305914533,-0.024715019233596,-0.053548458762666874,0.0,0.0,0.0,0.0,0.0,0.0,-0.7358574892222551,-9.280235977149575,-15.6502876476129,0.29308416511153923,0.009158461222671324,0.018516446155148948,0.6496116518974304,-1.268079475765564,-2.3853025436401367,-1.0968193870833893,1.5807929039001465,-0.9056566397296351,0.6496292948722839,-1.2680666607669373,-2.385249137878418,-1.0968020421317597,1.5808424949645996,-0.9056695143329065,1,7,1,0.0
0.7636391820014978,0.4439356696922674,0.12080253230181462,0.24366924540399465,3.1225610531137145,-0.024683825638285264,-0.05359448331169867,0.4439401565633589,0.12080570325978836,0.24369031278190795,3.1226108305914533,-0.024715019233596,-0.053548458762666874,0.0,0.0,0.0,0.0,0.0,0.0,-0.4864331954452682,-9.35526098626772,-15.914648041789018,0.29211424782107165,0.026950359674186374,0.013599495737524074,0.649641215801239,-1.2680955988219758,-2.385261058807373,-1.0968150061419983,1.5808219909667969,-0.9056771437274378,0.6496292948722839,-1.2680666607669373,-2.385249137878418,-1.0968020421317597,1.5808424949645996,-0.9056695143329065,1,7,1,0.0
0.7716262789981556,0.44389872799713254,0.12077807145564623,0.24364153305183994,3.122536507020347,-0.02469210514250772,-0.05371165203180572,0.4439401565633589,0.12080570325978836,0.24369031278190795,3.1226108305914533,-0.024715019233596,-0.053548458762666874,0.0,0.0,0.0,0.0,0.0,0.0,-0.13569306431299227,-9.080812688013902,-15.852206347374247,0.28668602298095924,0.03564000679109289,0.013380000044000726,0.649632453918457,-1.2680667799762269,-2.3853187561035156,-1.0968595010093232,1.5808501243591309,-0.9056814352618616,0.6496292948722839,-1.2680666607669373,-2.385249137878418,-1.0968020421317597,1.5808424949645996,-0.9056695143329065,1,7,1,0.0
0.7794933719997061,0.44393919089539835,0.12079407408527781,0.24368463537222942,3.122584850828668,-0.02475523686922195,-0.05356632314824087,0.4439401565633589,0.12080570325978836,0.24369031278190795,3.1226108305914533,-0.024715019233596,-0.053548458762666874,0.0,0.0,0.0,0.0,0.0,0.0,-0.19794607511654794,-9.600715328184918,-16.214219929038496,0.2987099646030702,0.03974744332834041,0.01706228927579792,0.6496161818504333,-1.268071011906006,-2.3852522373199463,-1.096819357281067,1.5808296203613281,-0.9056566397296351,0.6496292948722839,-1.2680666607669373,-2.385249137878418,-1.0968020421317597,1.5808424949645996,-0.9056695143329065,1,7,1,0.0
0.7876368319994071,0.4439511360914029,0.12080166875179744,0.24368366989668278,3.122607187387704,-0.02485087053641204,-0.05356002375419143,0.4439401565633589,0.12080570325978836,0.24369031278190795,3.1226108305914533,-0.024715019233596,-0.053548458762666874,0.0,0.0,0.0,0.0,0.0,0.0,-0.35612511635587246,-9.276861743911224,-15.87897026430028,0.2945876042828333,0.020105738363816423,0.01438942857278614,0.6496042609214783,-1.2680990856936951,-2.385240316390991,-1.0967856508544465,1.580845832824707,-0.9056075255023401,0.6496292948722839,-1.2680666607669373,-2.385249137878418,-1.0968020421317597,1.5808424949645996,-0.9056695143329065,1,7,1,0.0
0.7956665179990523,0.4439320457912751,0.12082371521221341,0.2436769597046657,3.122597866418004,-0.0246326021559203,-0.05357307226096937,0.4439401565633589,0.12080570325978836,0.24369031278190795,3.1226108305914533,-0.024715019233596,-0.053548458762666874,0.0,0.0,0.0,0.0,0.0,0.0,-0.20919245307610412,-9.410516093812625,-16.25454185703364,0.29110433761012766,0.03496630302205167,0.013885367931798554,0.6496744155883789,-1.268082932834961,-2.385261058807373,-1.096794382934906,1.5808424949645996,-0.9056771437274378,0.6496292948722839,-1.2680666607669373,-2.385249137878418,-1.0968020421317597,1.5808424949645996,-0.9056695143329065,1,7,1,0.0
0.8036513709994324,0.4439300143432565,0.12081950476929476,0.24370288398654477,3.122601078241026,-0.02467693576370599,-0.05356269108832971,0.4439401565633589,0.12080570325978836,0.24369031278190795,3.1226108305914533,-0.024715019233596,-0.053548458762666874,0.0,0.0,0.0,0.0,0.0,0.0,-0.5409266334884436,-9.43546421546496,-16.071373930714884,0.2933439971437812,0.015571858101907522,0.014951185309758057,0.6496700644493103,-1.268042967920639,-2.3852360248565674,-1.096851961021759,1.5808415412902832,-0.9056533018695276,0.6496292948722839,-1.2680666607669373,-2.385249137878418,-1.0968020421317597,1.5808424949645996,-0.9056695143329065,1,7,1,0.0
0.8115303560007305,0.44393301993941037,0.12077586595557525,0.2436531882156879,3.122545163462666,-0.024772848794722448,-0.053584676557927195,0.4439401565633589,0.12080570325978836,0.24369031278190795,3.1226108305914533,-0.024715019233596,-0.053548458762666874,0.0,0.0,0.0,0.0,0.0,0.0,-0.5890522094232965,-9.635415094972242,-15.951413757861392,0.30187391456261214,0.028525482066737547,0.014735626529381774,0.6496042609214783,-1.2680913370898743,-2.3852949142456055,-1.096790001993515,1.580805778503418,-0.9056566397296351,0.6496292948722839,-1.2680666607669373,-2.385249137878418,-1.0968020421317597,1.5808424949645996,-0.9056695143329065,1,7,1,0.0
0.8194847119993938,0.44395188033350313,0.12078527461834257,0.24369275070058044,3.1225734091826647,-0.024792251185480597,-0.053454845449080635,0.4439401565633589,0.12080570325978836,0.24369031278190795,3.1226108305914533,-0.024715019233596,-0.053548458762666874,0.0,0.0,0.0,0.0,0.0,0.0,-0.2645081997848789,-9.112231997128841,-16.125494072297027,0.2831593863617409,0.03273958677839907,0.015030534426187415,0.6496116518974304,-1.2680548888495942,-2.385256767272949,-1.096782462005951,1.5807759761810303,-0.9056361357318323,0.6496292948722839,-1.2680666607669373,-2.385249137878418,-1.0968020421317597,1.5808424949645996,-0.9056695143329065,1,7,1,0.0
0.8276294839997718,0.4439314315495227,0.12077195329317074,0.24366100467813762,3.122574436352192,-0.024728864657448765,-0.05360140785540215,0.4439401565633589,0.12080570325978836,0.24369031278190795,3.1226108305914533,-0.024715019233596,-0.053548458762666874,0.0,0.0,0.0,0.0,0.0,0.0,-0.5991047038212022,-9.35132663538501,-15.543161778517373,0.3017209018599733,0.02376518200284292,0.017638865415742316,0.6495835185050964,-1.2680786711028595,-2.385289430618286,-1.096798763876297,1.580833911895752,-0.9057062307940882,0.6496292948722839,-1.2680666607669373,-2.385249137878418,-1.0968020421317597,1.5808424949645996,-0.9056695143329065,1,7,1,0.0
0.8356196069980797,0.44393036162852556,0.12079458526248833,0.24366092498912756,3.1225829147423236,-0.02477406594136827,-0.053608891368503594,0.4439401565633589,0.12080570325978836,0.24369031278190795,3.1226108305914533,-0.024715019233596,-0.053548458762666874,0.0,0.0,0.0,0.0,0.0,0.0,0.024711916698041958,-9.273038577222271,-15.780799427338723,0.2939154139631315,0.03885346505158385,0.012351387234510415,0.6496205925941467,-1.2680913668921967,-2.385282039642334,-1.096791372900345,1.580845832824707,-0.9056404272662562,0.6496292948722839,-1.2680666607669373,-2.385249137878418,-1.0968020421317597,1.5808424949645996,-0.9056695143329065,1,7,1,0.0
0.843560888999491,0.44395504049317913,0.12080267860500866,0.24371591503122342,3.1226294206637952,-0.024750598048863443,-0.05349172931933727,0.4439401565633589,0.12080570325978836,0.24369031278190795,3.1226108305914533,-0.024715019233596,-0.053548458762666874,0.0,0.0,0.0,0.0,0.0,0.0,-0.4376120999995321,-9.429447975208022,-15.757740921409221,0.2956097275631357,0.023195133073663218,0.015102020695780814,0.6496073007583618,-1.2680506569198151,-2.38521671295166,-1.0968106848052521,1.580833911895752,-0.9056685606585901,0.6496292948722839,-1.2680666607669373,-2.385249137878418,-1.0968020421317597,1.5808424949645996,-0.9056695143329065,1,7,1,0.0
0.851878723999107,0.44396165852280145,0.12081260444611519,0.2437135149742397,3.122638196039684,-0.024709276258135727,-0.05342391061850456,0.4439401565633589,0.12080570325978836,0.24369031278190795,3.1226108305914533,-0.024715019233596,-0.053548458762666874,0.0,0.0,0.0,0.0,0.0,0.0,-1.1628692005309547,-9.524022631324735,-15.818915346303966,0.2967824901062635,0.01334685985928336,0.002011308097992952,0.6496278643608093,-1.2680548590472718,-2.3852274417877197,-1.0967568022063752,1.5808132886886597,-0.9056738058673304,0.6496292948722839,-1.2680666607669373,-2.385249137878418,-1.0968020421317597,1.5808424949645996,-0.9056695143329065,1,7,1,0.0
0.8596990289988753,0.4439383849800346,0.12079944080768494,0.2436772950115993,3.1225395745567774,-0.024708712376776805,-0.053592462580900536,0.4439401565633589,0.12080570325978836,0.24369031278190795,3.1226108305914533,-0.024715019233596,-0.053548458762666874,0.0,0.0,0.0,0.0,0.0,0.0,-0.8075136422381657,-9.440073927064685,-15.966989147741645,0.2984614381028091,0.018864241852992486,0.016649038314543008,0.649641215801239,-1.2680913668921967,-2.385244846343994,-1.096847580080368,1.5808048248291016,-0.9056609312640589,0.6496292948722839,-1.2680666607669373,-2.385249137878418,-1.0968020421317597,1.5808424949645996,-0.9056695143329065,1,7,1,0.0
0.8676404709985945,0.4439447996004753,0.1207906061606976,0.24369941195383316,3.1226575867045288,-0.024756410808369746,-0.05350869896054504,0.4439401565633589,0.12080570325978836,0.24369031278190795,3.1226108305914533,-0.024715019233596,-0.053548458762666874,0.0,0.0,0.0,0.0,0.0,0.0,-0.2045970540987983,-9.270243687412796,-15.803735384727316,0.2865387809604983,0.0345538182194188,0.0053237184072855,0.6495835781097412,-1.268042967920639,-2.385256767272949,-1.0967694085887452,1.580862045288086,-0.9056890646563929,0.6496292948722839,-1.2680666607669373,-2.385249137878418,-1.0968020421317597,1.5808424949645996,-0.9056695143329065,1,7,1,0.0
0.875522270998772,0.44394844716932386,0.12081472842258723,0.24369607070580893,3.1226256569464126,-0.024831419773794185,-0.0535224659828124,0.4439401565633589,0.12080570325978836,0.24369031278190795,3.1226108305914533,-0.024715019233596,-0.053548458762666874,0.0,0.0,0.0,0.0,0.0,0.0,-0.5334798433489151,-9.171984307993638,-15.912107238865815,0.29225471999675856,0.02043621032153051,0.007663780984323389,0.649632453918457,-1.2680752736381073,-2.385237216949463,-1.0967824322036286,1.580845832824707,-0.9055917898761194,0.6496292948722839,-1.2680666607669373,-2.385249137878418,-1.0968020421317597,1.5808424949645996,-0.9056695143329065,1,7,1,0.0
0.8836796869982209,0.4439326210966752,0.12079529164353431,0.24367023142550398,3.1225791123272946,-0.024740866579735014,-0.05353617736496842,0.4439401565633589,0.12080570325978836,0.24369031278190795,3.1226108305914533,-0.024715019233596,-0.053548458762666874,0.0,0.0,0.0,0.0,0.0,0.0,-0.7001186049471945,-9.268275028901629,-16.283083754128537,0.2949638208846836,0.018416760136098758,0.004815448278705012,0.6496368050575256,-1.2680667501739045,-2.385286331176758,-1.09677808106456,1.5808134078979492,-0.90564471880068,0.6496292948722839,-1.2680666607669373,-2.385249137878418,-1.0968020421317597,1.5808424949645996,-0.9056695143329065,1,7,1,0.0
0.8916951569990488,0.4439419633475015,0.1207923629967878,0.24369825867731365,3.122610210596049,-0.02473024678855492,-0.05354067305879923,0.4439401565633589,0.12080570325978836,0.24369031278190795,3.1226108305914533,-0.024715019233596,-0.053548458762666874,0.0,0.0,0.0,0.0,0.0,0.0,-0.5213913816974383,-9.513374629659276,-15.897820000122444,0.3079573099177342,0.02288585289786952,0.006648735194787916,0.6496042609214783,-1.26805134237323,-2.3852436542510986,-1.0968194168857117,1.5808382034301758,-0.905684773121969,0.6496292948722839,-1.2680666607669373,-2.385249137878418,-1.0968020421317597,1.5808424949645996,-0.9056695143329065,1,7,1,0.0
0.8996294360003958,0.4439488970342914,0.12083414925123513,0.24372242872476257,3.1226710649873985,-0.024639761651336394,-0.053450742551112804,0.4439401565633589,0.12080570325978836,0.24369031278190795,3.1226108305914533,-0.024715019233596,-0.053548458762666874,0.0,0.0,0.0,0.0,0.0,0.0,-0.7792632548856929,-9.743232153444813,-15.816195060608363,0.308796784069371,0.0228975195564036,0.005517183367698778,0.6496656537055969,-1.2680344742587586,-2.3852241039276123,-1.0967737299254914,1.5808501243591309,-0.9056814352618616,0.6496292948722839,-1.2680666607669373,-2.385249137878418,-1.0968020421317597,1.5808424949645996,-0.9056695143329065,1,7,1,0.0
0.9075088819990924,0.44392115275415855,0.12077885330474018,0.2436579247788513,3.1225781820940126,-0.024794196267108156,-0.05365943069533962,0.4439401565633589,0.12080570325978836,0.24369031278190795,3.1226108305914533,-0.024715019233596,-0.053548458762666874,0.0,0.0,0.0,0.0,0.0,0.0,-0.47869738917082205,-9.51516188912354,-15.915279452570411,0.30263380620330804,0.028740123611639568,0.006005205202447747,0.649595320224762,-1.268079475765564,-2.385289430618286,-1.0968239170363923,1.580862045288086,-0.9056533018695276,0.6496292948722839,-1.2680666607669373,-2.385249137878418,-1.0968020421317597,1.5808424949645996,-0.9056695143329065,1,7,1,0.0
0.9156791509994946,0.4439161613401857,0.12081755972502715,0.24369102851359725,3.122600448352504,-0.024675732954499246,-0.053521570598451855,0.4439401565633589,0.12080570325978836,0.24369031278190795,3.1226108305914533,-0.024715019233596,-0.053548458762666874,0.0,0.0,0.0,0.0,0.0,0.0,-0.3961099058443466,-8.841470417104999,-15.833916957727942,0.2872760020182716,0.029409950757532704,0.018227000246230748,0.6496951580047607,-1.2680148941329499,-2.385282039642334,-1.0968138438514252,1.5808253288269043,-0.9056285063373011,0.6496292948722839,-1.2680666607669373,-2.385249137878418,-1.0968020421317597,1.5808424949645996,-0.9056695143329065,1,7,1,0.0
0.9236820580008498,0.4439390497666656,0.12080028802589914,0.24366796286231557,3.122583032942312,-0.024660006923561583,-0.05357320260099122,0.4439401565633589,0.12080570325978836,0.24369031278190795,3.1226108305914533,-0.024715019233596,-0.053548458762666874,0.0,0.0,0.0,0.0,0.0,0.0,-0.12895735607726366,-9.587742596972468,-16.09792857537608,0.30577472319643234,0.03462274525868283,0.012437027980652287,0.6496279239654541,-1.2680956584266205,-2.3852689266204834,-1.096783147459366,1.5808296203613281,-0.90570575395693,0.6496292948722839,-1.2680666607669373,-2.385249137878418,-1.0968020421317597,1.5808424949645996,-0.9056695143329065,1,7,1,0.0
0.9315802390010504,0.4439443402542051,0.12082947618325507,0.2436964705863458,3.1226254362647445,-0.02464585420584757,-0.05350897163517603,0.4439401565633589,0.12080570325978836,0.24369031278190795,3.1226108305914533,-0.024715019233596,-0.053548458762666874,0.0,0.0,0.0,0.0,0.0,0.0,-0.7455464293266475,-9.370826366342923,-15.77741005938249,0.29349296603418173,0.019288261536662195,0.01046181192183936,0.6496700644493103,-1.268071011906006,-2.385240316390991,-1.09677808106456,1.5808382034301758,-0.905672852193014,0.6496292948722839,-1.2680666607669373,-2.385249137878418,-1.0968020421317597,1.5808424949645996,-0.9056695143329065,1,7,1,0.0
0.9394864349997079,0.44395036267825544,0.12080519670731722,0.24370921306328974,3.122611547558241,-0.02471518986623328,-0.05344482366510192,0.4439401565633589,0.12080570325978836,0.24369031278190795,3.1226108305914533,-0.024715019233596,-0.053548458762666874,0.0,0.0,0.0,0.0,0.0,0.0,-0.2760800979013927,-9.179384976347466,-16.018559488264906,0.28764080760591476,0.03675990092954132,0.01731874505853074,0.6496368050575256,-1.26803873599086,-2.385240316390991,-1.096786842947342,1.5808013677597046,-0.9056609312640589,0.6496292948722839,-1.2680666607669373,-2.385249137878418,-1.0968020421317597,1.5808424949645996,-0.9056695143329065,1,7,1,0.0
0.9474876179992862,0.44394675018936297,0.12080729091885326,0.24370674717730378,3.12263113481229,-0.02477339784080926,-0.05346383590597205,0.4439401565633589,0.12080570325978836,0.24369031278190795,3.1226108305914533,-0.024715019233596,-0.053548458762666874,0.0,0.0,0.0,0.0,0.0,0.0,-0.398145511149152,-9.279642671036802,-16.126420095451973,0.28836325972452787,0.03530023799946139,0.005707962028054726,0.649632453918457,-1.2680387061885376,-2.3852460384368896,-1.09677808106456,1.5808253288269043,-0.9056285063373011,0.6496292948722839,-1.2680666607669373,-2.385249137878418,-1.0968020421317597,1.5808424949645996,-0.9056695143329065,1,7,1,0.0
0.955658309001592,0.44394756713066236,0.12079923620073357,0.24368822913504298,3.1225604078616587,-0.024721442833658576,-0.05351172874371516,0.4439401565633589,0.12080570325978836,0.24369031278190795,3.1226108305914533,-0.024715019233596,-0.053548458762666874,0.0,0.0,0.0,0.0,0.0,0.0,-0.40796316899577395,-9.005454650191073,-15.946293201195147,0.2854098713176719,0.028189396064473553,0.010529424150259281,0.6496368646621704,-1.268075243835785,-2.385244846343994,-1.0968106550029297,1.580788493156433,-0.9056566397296351,0.6496292948722839,-1.2680666607669373,-2.385249137878418,-1.0968020421317597,1.5808424949645996,-0.9056695143329065,1,7,1,0.0
0.9636338439995598,0.4439521477179773,0.12081154833828457,0.24370085013546583,3.122623018068586,-0.024706331342264146,-0.05350427808475885,0.4439401565633589,0.12080570325978836,0.24369031278190795,3.1226108305914533,-0.024715019233596,-0.053548458762666874,0.0,0.0,0.0,0.0,0.0,0.0,-0.9966719948847078,-9.419205755823665,-16.020268697953604,0.298457987156198,0.012407116459847087,0.01798855835400394,0.6496279239654541,-1.268071011906006,-2.3852317333221436,-1.0967856806567688,1.580833911895752,-0.9056761900531214,0.6496292948722839,-1.2680666607669373,-2.385249137878418,-1.0968020421317597,1.5808424949645996,-0.9056695143329065,1,7,1,0.0
0.9714876719990571,0.4439512469216323,0.1208216905791134,0.24373778252463213,3.1226839475139503,-0.02474951874776283,-0.053453273846477765,0.4439401565633589,0.12080570325978836,0.24369031278190795,3.1226108305914533,-0.024715019233596,-0.053548458762666874,0.0,0.0,0.0,0.0,0.0,0.0,-0.1904684917286132,-9.262246967169538,-15.905050316477714,0.2926938054338795,0.02789965095821932,0.009149552932004595,0.649632453918457,-1.268014059667923,-2.3852078914642334,-1.0968030852130433,1.580862045288086,-0.90564471880068,0.6496292948722839,-1.2680666607669373,-2.385249137878418,-1.0968020421317597,1.5808424949645996,-0.9056695143329065,1,7,1,0.0
0.9794784559999243,0.4439191554763848,0.12080516770313922,0.24367259268882913,3.122609040465398,-0.02462166226372721,-0.05361349374231207,0.4439401565633589,0.12080570325978836,0.24369031278190795,3.1226108305914533,-0.024715019233596,-0.053548458762666874,0.0,0.0,0.0,0.0,0.0,0.0,-1.0357556465428113,-9.07271453763963,-15.855136482759896,0.2874445824244267,0.006139454898986432,0.009344843280242703,0.6496448516845703,-1.2680590909770508,-2.385282039642334,-1.0968106550029297,1.5808663368225098,-0.9057143370257776,0.6496292948722839,-1.2680666607669373,-2.385249137878418,-1.0968020421317597,1.5808424949645996,-0.9056695143329065,1,7,1,0.0
0.9874571180007479,0.44390729149970515,0.12078757250310168,0.2436464796896356,3.1225316097719023,-0.024595548816364214,-0.05367337778449144,0.4439401565633589,0.12080570325978836,0.24369031278190795,3.1226108305914533,-0.024715019233596,-0.053548458762666874,0.0,0.0,0.0,0.0,0.0,0.0,-0.6927781607594481,-9.052349110338548,-15.953619736244713,0.28282000456574014,0.022093559193295875,0.014081779709186257,0.649649441242218,-1.2680752140334626,-2.3853068351745605,-1.096847580080368,1.5808296203613281,-0.9057257811175745,0.6496292948722839,-1.2680666607669373,-2.385249137878418,-1.0968020421317597,1.5808424949645996,-0.9056695143329065,1,7,1,0.0
0.9954915029993572,0.4439282814043289,0.120773583886801,0.2436333968484501,3.122514996344208,-0.024664305165619793,-0.0536258766210599,0.4439401565633589,0.12080570325978836,0.24369031278190795,3.1226108305914533,-0.024715019233596,-0.053548458762666874,0.0,0.0,0.0,0.0,0.0,0.0,-0.4401004285994591,-9.299853230088159,-16.23826161854608,0.29382353764730706,0.02377145770514394,0.010020121608778377,0.6496115922927856,-1.2681159240058442,-2.385310173034668,-1.096790001993515,1.5807970762252808,-0.9057186285602015,0.6496292948722839,-1.2680666607669373,-2.385249137878418,-1.0968020421317597,1.5808424949645996,-0.9056695143329065,1,7,1,0.0
1.003499880000163,0.443913173696438,0.12078304562805893,0.24365794232232713,3.1225568558554,-0.024741311103950964,-0.05360025805262651,0.4439401565633589,0.12080570325978836,0.24369031278190795,3.1226108305914533,-0.024715019233596,-0.053548458762666874,0.0,0.0,0.0,0.0,0.0,0.0,-0.10235445806186233,-8.975676682484886,-16.020819622824074,0.2796225260687422,0.034027752694784134,0.016585327534950536,0.6496368646621704,-1.2680506271174927,-2.3853111267089844,-1.0968150061419983,1.5808219909667969,-0.90564471880068,0.6496292948722839,-1.2680666607669373,-2.385249137878418,-1.0968020421317597,1.5808424949645996,-0.9056695143329065,1,7,1,0.0
1.011488249998365,0.4439403415742501,0.12079488569930576,0.2436902802788365,3.122557410304726,-0.024812948059123225,-0.05361669155171653,0.4439401565633589,0.12080570325978836,0.24369031278190795,3.1226108305914533,-0.024715019233596,-0.053548458762666874,0.0,0.0,0.0,0.0,0.0,0.0,-0.476043841339438,-9.50916572004004,-16.07850230358981,0.30903539164172783,0.026727062769330012,0.012585390392698143,0.6496161222457886,-1.2680829626372834,-2.3852241039276123,-1.0968771439841767,1.5808296203613281,-0.9056199232684534,0.6496292948722839,-1.2680666607669373,-2.385249137878418,-1.0968020421317597,1.5808424949645996,-0.9056695143329065,1,7,1,0.0
1.0199323710003227,0.44393436766147015,0.12078032169632887,0.24367653814596263,3.122549566524581,-0.024701077822324828,-0.053514395523413937,0.4439401565633589,0.12080570325978836,0.24369031278190795,3.1226108305914533,-0.024715019233596,-0.053548458762666874,0.0,0.0,0.0,0.0,0.0,0.0,-0.6692084097477982,-9.585387523382112,-15.864153283963807,0.2983964967482751,0.019367104695302253,0.013380381616820524,0.6496249437332153,-1.2680506569198151,-2.385282039642334,-1.0968063038638611,1.580780267715454,-0.9056814352618616,0.6496292948722839,-1.2680666607669373,-2.385249137878418,-1.0968020421317597,1.5808424949645996,-0.9056695143329065,1,7,1,0.0
1.027539747999981,0.44392106375020696,0.12079235929786916,0.24367045960147704,3.1225731745568317,-0.02469720955266667,-0.05365184359459851,0.4439401565633589,0.12080570325978836,0.24369031278190795,3.1226108305914533,-0.024715019233596,-0.053548458762666874,0.0,0.0,0.0,0.0,0.0,0.0,-0.44003100213466756,-9.264921197546759,-15.74031643807723,0.29042875139099117,0.024489650915655845,0.010178172413571813,0.6496249437332153,-1.2680710417083283,-2.3852696418762207,-1.096851961021759,1.5808544158935547,-0.9056857267962855,0.6496292948722839,-1.2680666607669373,-2.385249137878418,-1.0968020421317597,1.5808424949645996,-0.9056695143329065,1,7,1,0.0
1.0354646289997618,0.44394620120831346,0.12081665277218855,0.24369286315268654,3.122612893133484,-0.02468634586598168,-0.05356393473256325,0.4439401565633589,0.12080570325978836,0.24369031278190795,3.1226108305914533,-0.024715019233596,-0.053548458762666874,0.0,0.0,0.0,0.0,0.0,0.0,-0.28449523830239115,-9.505028411882545,-15.726653079648248,0.2988780183304625,0.025694899821734604,0.007055570971871487,0.6496368646621704,-1.26808716476474,-2.3852295875549316,-1.0968076449683686,1.5808501243591309,-0.9056804815875452,0.6496292948722839,-1.2680666607669373,-2.385249137878418,-1.0968020421317597,1.5808424949645996,-0.9056695143329065,1,7,1,0.0
1.0438785340011236,0.44391729499675336,0.12078497924929757,0.24364984023188863,3.1225623097225848,-0.024711652194062052,-0.053621422641804486,0.4439401565633589,0.12080570325978836,0.24369031278190795,3.1226108305914533,-0.024715019233596,-0.053548458762666874,0.0,0.0,0.0,0.0,0.0,0.0,-0.6023844557533393,-9.907155325367912,-15.620226365722216,0.3089313095640558,0.028047855241662045,0.013978199471387042,0.6496279239654541,-1.268075243835785,-2.385310173034668,-1.0967987340739747,1.580833911895752,-0.905672852193014,0.6496292948722839,-1.2680666607669373,-2.385249137878418,-1.0968020421317597,1.5808424949645996,-0.9056695143329065,1,7,1,0.0
1.0518158179984312,0.443911935451612,0.12081226673647831,0.24366494167416575,3.122579608709056,-0.02465371263096785,-0.053658884245463244,0.4439401565633589,0.12080570325978836,0.24369031278190795,3.1226108305914533,-0.024715019233596,-0.053548458762666874,0.0,0.0,0.0,0.0,0.0,0.0,-0.4325298928002751,-9.078522854124419,-15.724253551045487,0.290320155094732,0.028676694808728937,0.004367533435426688,0.6496701240539551,-1.2680710417083283,-2.3852808475494385,-1.096840278511383,1.5808632373809814,-0.9056685606585901,0.6496292948722839,-1.2680666607669373,-2.385249137878418,-1.0968020421317597,1.5808424949645996,-0.9056695143329065,1,7,1,0.0
1.0595729659980861,0.4439612267271801,0.12081546879141676,0.24371589386115333,3.122672593586621,-0.02474962404255712,-0.05348869328753134,0.4439401565633589,0.12080570325978836,0.24369031278190795,3.1226108305914533,-0.024715019233596,-0.053548458762666874,0.0,0.0,0.0,0.0,0.0,0.0,-0.38231546242294157,-8.88198527461956,-15.717396755977108,0.2856316459585458,0.01995763150324678,0.000155349062135917,0.6496042013168335,-1.2680675250342865,-2.3852124214172363,-1.0967698854259034,1.5808663368225098,-0.905672852193014,0.6496292948722839,-1.2680666607669373,-2.385249137878418,-1.0968020421317597,1.5808424949645996,-0.9056695143329065,1,7,1,0.0
1.0678099600008863,0.44391971537249614,0.12080349802518323,0.2436624611317447,3.1225591400353245,-0.02461360463248374,-0.05359899384212319,0.4439401565633589,0.12080570325978836,0.24369031278190795,3.1226108305914533,-0.024715019233596,-0.053548458762666874,0.0,0.0,0.0,0.0,0.0,0.0,-0.7717343268253771,-9.512489243780859,-15.916004418736412,0.298433170931337,0.01784932990101995,0.015495480925335635,0.6496657133102417,-1.268071011906006,-2.385289430618286,-1.096814976339676,1.5808219909667969,-0.9056976477252405,0.6496292948722839,-1.2680666607669373,-2.385249137878418,-1.0968020421317597,1.5808424949645996,-0.9056695143329065,1,7,1,0.0
1.0758187280007405,0.44391295155801636,0.12078996769011582,0.2436508005780016,3.122543321299414,-0.024659772953476284,-0.053689023458439226,0.4439401565633589,0.12080570325978836,0.24369031278190795,3.1226108305914533,-0.024715019233596,-0.053548458762666874,0.0,0.0,0.0,0.0,0.0,0.0,-0.7304816577289835,-9.197355179146752,-15.735158784582989,0.2929258219509828,0.019568045593870858,0.009936373913602276,0.6496368050575256,-1.2680871349624177,-2.3852906227111816,-1.0968520206264039,1.580845832824707,-0.9056976477252405,0.6496292948722839,-1.2680666607669373,-2.385249137878418,-1.0968020421317597,1.5808424949645996,-0.9056695143329065,1,7,1,0.0
1.0838022280004225,0.44391955275699047,0.12081311371919669,0.24366568147541035,3.12258234058734,-0.024685378951982594,-0.05363086403128752,0.4439401565633589,0.12080570325978836,0.24369031278190795,3.1226108305914533,-0.024715019233596,-0.053548458762666874,0.0,0.0,0.0,0.0,0.0,0.0,-1.0651473268205494,-9.269358493018139,-16.05366930779862,0.2960519324073478,0.006002062403951836,0.00933574426544667,0.6496657729148865,-1.2680794459632416,-2.385277509689331,-1.0968194168857117,1.5808544158935547,-0.9056523481952112,0.6496292948722839,-1.2680666607669373,-2.385249137878418,-1.0968020421317597,1.5808424949645996,-0.9056695143329065,1,7,1,0.0
1.0915721689998463,0.44396829217723005,0.12081707220231015,0.2437157748052039,3.1226436341568418,-0.024767396528876814,-0.053492907687150745,0.4439401565633589,0.12080570325978836,0.24369031278190795,3.1226108305914533,-0.024715019233596,-0.053548458762666874,0.0,0.0,0.0,0.0,0.0,0.0,-0.24973180263493494,-9.223307956555479,-15.975848210913739,0.29148507152307074,0.03662455936839814,0.01171991253572553,0.6496086120605469,-1.26808716476474,-2.385195732116699,-1.0967868131450196,1.580845832824707,-0.9056566397296351,0.6496292948722839,-1.2680666607669373,-2.385249137878418,-1.0968020421317597,1.5808424949645996,-0.9056695143329065,1,7,1,0.0
1.0997948270014604,0.44396524559262684,0.12079065472551867,0.24371178923883483,3.1226001532170824,-0.02480022883245043,-0.05345708269530687,0.4439401565633589,0.12080570325978836,0.24369031278190795,3.1226108305914533,-0.024715019233596,-0.053548458762666874,0.0,0.0,0.0,0.0,0.0,0.0,-0.5156658942991823,-9.261183370318772,-15.943686109323753,0.29189587009562096,0.02552792136415015,0.01861438129414121,0.6495908498764038,-1.2680632931045075,-2.38521671295166,-1.0967987340739747,1.5807971954345703,-0.9056523481952112,0.6496292948722839,-1.2680666607669373,-2.385249137878418,-1.0968020421317597,1.5808424949645996,-0.9056695143329065,1,7,1,0.0
1.1078159780008718,0.44392582489714394,0.12079986362033926,0.24366187252038757,3.122582068317591,-0.024751513178427605,-0.05365083334284968,0.4439401565633589,0.12080570325978836,0.24369031278190795,3.1226108305914533,-0.024715019233596,-0.053548458762666874,0.0,0.0,0.0,0.0,0.0,0.0,-0.8134126191427604,-9.353226579247124,-15.383824843913219,0.2991115844161583,0.01634504896488623,0.010006226243311269,0.6496278643608093,-1.268094853763916,-2.3852732181549072,-1.0968181651881714,1.580862045288086,-0.9056480566607874,0.6496292948722839,-1.2680666607669373,-2.385249137878418,-1.0968020421317597,1.5808424949645996,-0.9056695143329065,1,7,1,0.0
1.1155873719981173,0.4439643390231737,0.12081724515300199,0.24370783667088802,3.1226070846551917,-0.024735173377764742,-0.05346354796722186,0.4439401565633589,0.12080570325978836,0.24369031278190795,3.1226108305914533,-0.024715019233596,-0.053548458762666874,0.0,0.0,0.0,0.0,0.0,0.0,-0.5969320917708799,-9.066838062892174,-15.947644307942204,0.2853337073148879,0.022633107104314508,0.018181714305075144,0.6496369242668152,-1.268082932834961,-2.3852124214172363,-1.096782462005951,1.580805778503418,-0.9056480566607874,0.6496292948722839,-1.2680666607669373,-2.385249137878418,-1.0968020421317597,1.5808424949645996,-0.9056695143329065,1,7,1,0.0
1.123489770998276,0.44392379216309386,0.12080859943715208,0.243679285145153,3.122595106168539,-0.02475110470247924,-0.05365374787277159,0.4439401565633589,0.12080570325978836,0.24369031278190795,3.1226108305914533,-0.024715019233596,-0.053548458762666874,0.0,0.0,0.0,0.0,0.0,0.0,-0.9010043215373614,-9.319719193541115,-15.87906604136291,0.29886939782232075,0.02042675422862029,0.00791431002922926,0.6496404409408569,-1.268075243835785,-2.3852522373199463,-1.0968520504287262,1.580873966217041,-0.9056361357318323,0.6496292948722839,-1.2680666607669373,-2.385249137878418,-1.0968020421317597,1.5808424949645996,-0.9056695143329065,1,7,1,0.0
1.1314825389999896,0.4439511412738294,0.12079710377453015,0.2436857859622536,3.1225542652132594,-0.02470937647474999,-0.053504021689270126,0.4439401565633589,0.12080570325978836,0.24369031278190795,3.1226108305914533,-0.024715019233596,-0.053548458762666874,0.0,0.0,0.0,0.0,0.0,0.0,-0.6745976420390344,-9.45427433222368,-15.556847098066212,0.30140741564278295,0.016494812563667378,0.019269818823534693,0.649632453918457,-1.2680829030326386,-2.385244846343994,-1.0968030852130433,1.5807801485061646,-0.9056685606585901,0.6496292948722839,-1.2680666607669373,-2.385249137878418,-1.0968020421317597,1.5808424949645996,-0.9056695143329065,1,7,1,0.0
1.1394608490008977,0.4439204886173798,0.12080062076010305,0.24367513309454875,3.122612454540209,-0.024712114706589766,-0.053592921896605736,0.4439401565633589,0.12080570325978836,0.24369031278190795,3.1226108305914533,-0.024715019233596,-0.053548458762666874,0.0,0.0,0.0,0.0,0.0,0.0,-0.7765503869257958,-9.247722569008523,-15.74175223544656,0.2881006410488407,0.014790984366531432,0.01570503967193427,0.6496368646621704,-1.2680506569198151,-2.3852851390838623,-1.0968030852130433,1.580862045288086,-0.9056642691241663,0.6496292948722839,-1.2680666607669373,-2.385249137878418,-1.0968020421317597,1.5808424949645996,-0.9056695143329065,1,7,1,0.0
1.1475925259983342,0.44390879276914436,0.12080977068776043,0.24366162331693478,3.12260047059289,-0.02473652829055817,-0.053633431119442375,0.4439401565633589,0.12080570325978836,0.24369031278190795,3.1226108305914533,-0.024715019233596,-0.053548458762666874,0.0,0.0,0.0,0.0,0.0,0.0,-0.5546714360173418,-9.379024175957317,-15.742630715758908,0.2956647787422847,0.03424887824374461,0.010250201210283617,0.6496657729148865,-1.2680583757213135,-2.385301351547241,-1.0968063336661835,1.5808706283569336,-0.9056199232684534,0.6496292948722839,-1.2680666607669373,-2.385249137878418,-1.0968020421317597,1.5808424949645996,-0.9056695143329065,1,7,1,0.0
1.155495646999043,0.4439375978488417,0.1208065397546494,0.2436864439661559,3.122617904108028,-0.024704412137951978,-0.05352397803312567,0.4439401565633589,0.12080570325978836,0.24369031278190795,3.1226108305914533,-0.024715019233596,-0.053548458762666874,0.0,0.0,0.0,0.0,0.0,0.0,-0.4177304861643101,-9.161317590077184,-15.794597449676672,0.28830078450165464,0.02830870486964715,0.014655153886827609,0.6496368646621704,-1.2680590909770508,-2.385265350341797,-1.0967768889716645,1.5808382034301758,-0.9056685606585901,0.6496292948722839,-1.2680666607669373,-2.385249137878418,-1.0968020421317597,1.5808424949645996,-0.9056695143329065,1,7,1,0.0
1.1638353429989365,0.4439262373112611,0.12080443763791195,0.24366876862307107,3.122578782323378,-0.024701434795441474,-0.053576972437500474,0.4439401565633589,0.12080570325978836,0.24369031278190795,3.1226108305914533,-0.024715019233596,-0.053548458762666874,0.0,0.0,0.0,0.0,0.0,0.0,-0.6890693961662021,-9.4269569606316,-16.097361383633707,0.2962538248130805,0.01932198127189609,0.02578624821568721,0.6496539115905762,-1.268071011906006,-2.385282039642334,-1.0967987340739747,1.5808296203613281,-0.9056533018695276,0.6496292948722839,-1.2680666607669373,-2.385249137878418,-1.0968020421317597,1.5808424949645996,-0.9056695143329065,1,7,1,0.0
1.171864338000887,0.4439386020692463,0.12078719045123383,0.24365302064584773,3.1225818570760246,-0.02478162912693053,-0.053645557648021334,0.4439401565633589,0.12080570325978836,0.24369031278190795,3.1226108305914533,-0.024715019233596,-0.053548458762666874,0.0,0.0,0.0,0.0,0.0,0.0,-1.0381678857612595,-9.360180188027574,-15.74308072679175,0.29559353246352327,0.007815778308005436,0.012973914779615792,0.649587869644165,-1.2681237024119874,-2.3852732181549072,-1.0967868727496644,1.5808587074279785,-0.9056685606585901,0.6496292948722839,-1.2680666607669373,-2.385249137878418,-1.0968020421317597,1.5808424949645996,-0.9056695143329065,1,7,1,0.0
1.1795678960006626,0.4439241985974843,0.12079137173533094,0.24366688779437126,3.122569978491063,-0.02469781602770749,-0.053596157292322595,0.4439401565633589,0.12080570325978836,0.24369031278190795,3.1226108305914533,-0.024715019233596,-0.053548458762666874,0.0,0.0,0.0,0.0,0.0,0.0,-0.26712135115401314,-9.695385452272598,-15.694801219235064,0.30320504056333114,0.03530332130579786,0.00938474495435454,0.649632453918457,-1.2680667799762269,-2.3852851390838623,-1.0968150061419983,1.5808296203613281,-0.9056771437274378,0.6496292948722839,-1.2680666607669373,-2.385249137878418,-1.0968020421317597,1.5808424949645996,-0.9056695143329065,1,7,1,0.0
1.187623761001305,0.44393721003922326,0.12082080199737225,0.2436867243354786,3.122641931124841,-0.024750094615651405,-0.05359547495479381,0.4439401565633589,0.12080570325978836,0.24369031278190795,3.1226108305914533,-0.024715019233596,-0.053548458762666874,0.0,0.0,0.0,0.0,0.0,0.0,-0.6520662424748952,-9.129547243368055,-16.029423356707035,0.29662949124521365,0.016054377004374513,0.010759291242546041,0.6496368646621704,-1.2680836778930207,-2.385244846343994,-1.0967931014350434,1.5808868408203125,-0.9056404272662562,0.6496292948722839,-1.2680666607669373,-2.385249137878418,-1.0968020421317597,1.5808424949645996,-0.9056695143329065,1,7,1,0.0
1.1956404439988546,0.4439254799428627,0.12077983424736502,0.24366478685245668,3.122548508787579,-0.02471856833283102,-0.05362810015145834,0.4439401565633589,0.12080570325978836,0.24369031278190795,3.1226108305914533,-0.024715019233596,-0.053548458762666874,0.0,0.0,0.0,0.0,0.0,0.0,-0.7131599022636037,-8.996728205934721,-16.164913720848585,0.2871098286879398,0.01642381877522499,0.01829059661856975,0.6496115326881409,-1.268075243835785,-2.385277509689331,-1.0968433183482666,1.5808253288269043,-0.905684773121969,0.6496292948722839,-1.2680666607669373,-2.385249137878418,-1.0968020421317597,1.5808424949645996,-0.9056695143329065,1,7,1,0.0
1.2036278509986005,0.4439409127634903,0.12079144408471461,0.2437030510869757,3.1226180741860126,-0.024774765207229286,-0.05354264466388629,0.4439401565633589,0.12080570325978836,0.24369031278190795,3.1226108305914533,-0.024715019233596,-0.053548458762666874,0.0,0.0,0.0,0.0,0.0,0.0,-0.8424794876491761,-9.215641980961987,-15.846264230405325,0.2921821686328939,0.02231237016238831,0.018058039065938766,0.6495997905731201,-1.2680429381183167,-2.385240316390991,-1.0968269866755982,1.580845832824707,-0.9056609312640589,0.6496292948722839,-1.2680666607669373,-2.385249137878418,-1.0968020421317597,1.5808424949645996,-0.9056695143329065,1,7,1,0.0
1.2115657469985308,0.4439186542896285,0.12079247920169502,0.24366593756246274,3.1225637431876505,-0.02461898260146298,-0.05355915914421296,0.4439401565633589,0.12080570325978836,0.24369031278190795,3.1226108305914533,-0.024715019233596,-0.053548458762666874,0.0,0.0,0.0,0.0,0.0,0.0,-0.4869332675027679,-9.279975277141922,-15.762572408578842,0.2944543641182749,0.019804828817233822,0.01841537705159612,0.6496538519859314,-1.2680471700480958,-2.3853025436401367,-1.0968031150153656,1.5808091163635254,-0.90570575395693,0.6496292948722839,-1.2680666607669373,-2.385249137878418,-1.0968020421317597,1.5808424949645996,-0.9056695143329065,1,7,1,0.0
1.2196288560007815,0.4439462287046672,0.120811478497222,0.24369760855837258,3.1226015363220734,-0.024639958566592752,-0.05345549063916453,0.4439401565633589,0.12080570325978836,0.24369031278190795,3.1226108305914533,-0.024715019233596,-0.053548458762666874,0.0,0.0,0.0,0.0,0.0,0.0,-0.4253060567096397,-9.165254766317501,-15.859565284876552,0.2870117575985655,0.024442679277110208,0.006681881081225341,0.6496567130088806,-1.2680505973151703,-2.385253429412842,-1.0967737597278138,1.5807971954345703,-0.9056890646563929,0.6496292948722839,-1.2680666607669373,-2.385249137878418,-1.0968020421317597,1.5808424949645996,-0.9056695143329065,1,7,1,0.0
1.2276156119987718,0.4439212483003913,0.12079022548482095,0.24366128582854696,3.122584477741069,-0.024690570969184228,-0.0535574772870939,0.4439401565633589,0.12080570325978836,0.24369031278190795,3.1226108305914533,-0.024715019233596,-0.053548458762666874,0.0,0.0,0.0,0.0,0.0,0.0,-0.609779932517122,-9.364044733883075,-16.0890305348458,0.29204452875591747,0.03227589490731623,0.017953785070639845,0.6496368646621704,-1.2680548590472718,-2.385310173034668,-1.0967737299254914,1.5808253288269043,-0.9056771437274378,0.6496292948722839,-1.2680666607669373,-2.385249137878418,-1.0968020421317597,1.5808424949645996,-0.9056695143329065,1,7,1,0.0
1.2356360820012924,0.44392752593698337,0.12076245336183004,0.24364462117989194,3.122529097274589,-0.024798741992237947,-0.05364620721945753,0.4439401565633589,0.12080570325978836,0.24369031278190795,3.1226108305914533,-0.024715019233596,-0.053548458762666874,0.0,0.0,0.0,0.0,0.0,0.0,-0.5744609429409125,-9.327106946191261,-15.919640881086426,0.28995971868068854,0.030510467135584,0.01827410905643493,0.6495804190635681,-1.2680990856936951,-2.385298252105713,-1.0968193870833893,1.580817699432373,-0.9056642691241663,0.6496292948722839,-1.2680666607669373,-2.385249137878418,-1.0968020421317597,1.5808424949645996,-0.9056695143329065,1,7,1,0.0
1.243897262000246,0.44392612752674526,0.12081669084358465,0.24367159237035846,3.12261580460875,-0.024724424886017914,-0.05357309592716769,0.4439401565633589,0.12080570325978836,0.24369031278190795,3.1226108305914533,-0.024715019233596,-0.053548458762666874,0.0,0.0,0.0,0.0,0.0,0.0,-0.9232172852762411,-9.065183400914925,-15.929362103368716,0.2874631190232271,0.012856491813946564,0.02119814224284612,0.6496611833572388,-1.2680709821036835,-2.385282039642334,-1.096773700123169,1.580857753753662,-0.9056318441974085,0.6496292948722839,-1.2680666607669373,-2.385249137878418,-1.0968020421317597,1.5808424949645996,-0.9056695143329065,1,7,1,0.0
1.2516632859988022,0.4439681249182249,0.1208222616411619,0.2437153847769532,3.122664129108471,-0.02480247123678983,-0.0535024418129422,0.4439401565633589,0.12080570325978836,0.24369031278190795,3.1226108305914533,-0.024715019233596,-0.053548458762666874,0.0,0.0,0.0,0.0,0.0,0.0,-0.24931924618798307,-9.61370561609558,-16.043895186593343,0.3016900159891933,0.032018444416114095,0.024390904468639105,0.6496070623397827,-1.2680913668921967,-2.385195732116699,-1.0967744153789063,1.5808663368225098,-0.9056361357318323,0.6496292948722839,-1.2680666607669373,-2.385249137878418,-1.0968020421317597,1.5808424949645996,-0.9056695143329065,1,7,1,0.0
1.259643519999372,0.4439218202563272,0.12078561446317226,0.24365911566262075,3.1225554485231233,-0.02468898924615848,-0.05360614004435618,0.4439401565633589,0.12080570325978836,0.24369031278190795,3.1226108305914533,-0.024715019233596,-0.053548458762666874,0.0,0.0,0.0,0.0,0.0,0.0,-0.37806214745207045,-9.335677356545975,-15.751749556049022,0.2918804970408904,0.032041002069682,0.014810986009749864,0.6496293544769287,-1.268071011906006,-2.3852949142456055,-1.0968150359443207,1.5808219909667969,-0.9056857267962855,0.6496292948722839,-1.2680666607669373,-2.385249137878418,-1.0968020421317597,1.5808424949645996,-0.9056695143329065,1,7,1,0.0
1.2676378209980612,0.4439199436343715,0.12079658617009195,0.243665641932079,3.1226050631435456,-0.024681386732164128,-0.05363934566509024,0.4439401565633589,0.12080570325978836,0.24369031278190795,3.1226108305914533,-0.024715019233596,-0.053548458762666874,0.0,0.0,0.0,0.0,0.0,0.0,-0.6654859680061826,-9.182245331836768,-15.683582873131158,0.28634661876910894,0.01928371834166965,0.011606648936517354,0.649623453617096,-1.2680709821036835,-2.3852851390838623,-1.0968106848052521,1.580873966217041,-0.9056976477252405,0.6496292948722839,-1.2680666607669373,-2.385249137878418,-1.0968020421317597,1.5808424949645996,-0.9056695143329065,1,7,1,0.0
1.2756364900014887,0.4439245915774228,0.12081319481747026,0.2436777380641146,3.122592917069131,-0.024767663477608497,-0.0536295101242977,0.4439401565633589,0.12080570325978836,0.24369031278190795,3.1226108305914533,-0.024715019233596,-0.053548458762666874,0.0,0.0,0.0,0.0,0.0,0.0,-0.4421546411158247,-9.344132832694063,-16.021686031877817,0.2921464426735827,0.025220170027978186,0.010733651576824635,0.6496538519859314,-1.268075243835785,-2.3852577209472656,-1.0968356889537354,1.5808632373809814,-0.905611817036764,0.6496292948722839,-1.2680666607669373,-2.385249137878418,-1.0968020421317597,1.5808424949645996,-0.9056695143329065,1,7,1,0.0
1.2836529619999055,0.4439431566791615,0.12079690419955476,0.24369947364398437,3.1226279743890006,-0.02475399067599006,-0.053515441820566924,0.4439401565633589,0.12080570325978836,0.24369031278190795,3.1226108305914533,-0.024715019233596,-0.053548458762666874,0.0,0.0,0.0,0.0,0.0,0.0,-0.8175109170474553,-9.204455797972875,-15.74408462371807,0.29451110754283616,0.01090951530160481,0.007888114434843895,0.6496086120605469,-1.2680471700480958,-2.385249137878418,-1.096794382934906,1.5808424949645996,-0.9056652227984827,0.6496292948722839,-1.2680666607669373,-2.385249137878418,-1.0968020421317597,1.5808424949645996,-0.9056695143329065,1,7,1,0.0
1.2916257120014052,0.443915938981405,0.12079201454004036,0.243666706102303,3.1226018524458548,-0.02470745378793853,-0.053685734462320014,0.4439401565633589,0.12080570325978836,0.24369031278190795,3.1226108305914533,-0.024715019233596,-0.053548458762666874,0.0,0.0,0.0,0.0,0.0,0.0,-0.5252097772924018,-9.829980842846792,-16.04289525473701,0.3108458388134696,0.02842989128090553,0.020277056036791606,0.6496115326881409,-1.268071011906006,-2.385277509689331,-1.096843199138977,1.5808902978897095,-0.9056933561908167,0.6496292948722839,-1.2680666607669373,-2.385249137878418,-1.0968020421317597,1.5808424949645996,-0.9056695143329065,1,7,1,0.0
1.2996451299986802,0.44392656532118074,0.1207857376482456,0.24365987525749355,3.122592956410633,-0.024657690325546662,-0.053565771125091394,0.4439401565633589,0.12080570325978836,0.24369031278190795,3.1226108305914533,-0.024715019233596,-0.053548458762666874,0.0,0.0,0.0,0.0,0.0,0.0,-0.707566687875113,-9.065855176946137,-16.236755469880315,0.28675572295334795,0.023061978952529486,0.010386714086353156,0.6496161222457886,-1.2680667799762269,-2.385305643081665,-1.0967655640891572,1.580833911895752,-0.9057191053973597,0.6496292948722839,-1.2680666607669373,-2.385249137878418,-1.0968020421317597,1.5808424949645996,-0.9056695143329065,1,7,1,0.0
1.3074632509997173,0.44394182799789683,0.12079847451184132,0.24366187618037455,3.1225809097187285,-0.024705534892312177,-0.05361684109120399,0.4439401565633589,0.12080570325978836,0.24369031278190795,3.1226108305914533,-0.024715019233596,-0.053548458762666874,0.0,0.0,0.0,0.0,0.0,0.0,-0.8019806600484682,-9.125667797264352,-15.981864720267684,0.29711237989241385,0.020891370514368086,0.010670277882794704,0.6496115326881409,-1.268119440679886,-2.385261058807373,-1.096790001993515,1.580845832824707,-0.9056933561908167,0.6496292948722839,-1.2680666607669373,-2.385249137878418,-1.0968020421317597,1.5808424949645996,-0.9056695143329065,1,7,1,0.0
1.3158319120011583,0.4439332848251829,0.1207931258569693,0.24367422933991875,3.1225962162135095,-0.024755618766635477,-0.05357378577027586,0.4439401565633589,0.12080570325978836,0.24369031278190795,3.1226108305914533,-0.024715019233596,-0.053548458762666874,0.0,0.0,0.0,0.0,0.0,0.0,-0.7114749645711259,-9.628272093234099,-16.170120352652827,0.2959631753914757,0.02660424478131061,0.016834621972867586,0.6496161222457886,-1.2680709523013611,-2.3852739334106445,-1.096794382934906,1.5808415412902832,-0.9056566397296351,0.6496292948722839,-1.2680666607669373,-2.385249137878418,-1.0968020421317597,1.5808424949645996,-0.9056695143329065,1,7,1,0.0
1.3236031160013226,0.4439339383509232,0.12079685888291526,0.2436853765197679,3.122563915500291,-0.024723624154980604,-0.05355531609356559,0.4439401565633589,0.12080570325978836,0.24369031278190795,3.1226108305914533,-0.024715019233596,-0.053548458762666874,0.0,0.0,0.0,0.0,0.0,0.0,-0.721058067955309,-9.425426202294409,-16.02525319181967,0.29995211848221526,0.015672011111998545,0.010356001719003805,0.6496403217315674,-1.2680591505816956,-2.38525652885437,-1.09683449686084,1.5808091163635254,-0.9056523481952112,0.6496292948722839,-1.2680666607669373,-2.385249137878418,-1.0968020421317597,1.5808424949645996,-0.9056695143329065,1,7,1,0.0
1.3316176740008814,0.44392845366544226,0.120818776481853,0.24366861276721805,3.1225988823147315,-0.02472976285423184,-0.05360824437903775,0.4439401565633589,0.12080570325978836,0.24369031278190795,3.1226108305914533,-0.024715019233596,-0.053548458762666874,0.0,0.0,0.0,0.0,0.0,0.0,-0.36080465838723186,-9.139153405077392,-15.645047413234941,0.2872962086106282,0.03335987188379654,0.0188820898729835,0.6496611833572388,-1.2680913370898743,-2.3852689266204834,-1.0967943531325837,1.580858826637268,-0.9056285063373011,0.6496292948722839,-1.2680666607669373,-2.385249137878418,-1.0968020421317597,1.5808424949645996,-0.9056695143329065,1,7,1,0.0
1.3396301979992131,0.4439415494917843,0.12079217224831074,0.2436754544813619,3.122527450226459,-0.02469586208009076,-0.053556033076296,0.4439401565633589,0.12080570325978836,0.24369031278190795,3.1226108305914533,-0.024715019233596,-0.053548458762666874,0.0,0.0,0.0,0.0,0.0,0.0,-0.9224342748748309,-9.325348353552487,-16.14152338394247,0.2992843450365703,0.01463699734318887,0.011936360539760599,0.6496369242668152,-1.2680871945670624,-2.385253429412842,-1.0968327087214966,1.5807801485061646,-0.905672852193014,0.6496292948722839,-1.2680666607669373,-2.385249137878418,-1.0968020421317597,1.5808424949645996,-0.9056695143329065,1,7,1,0.0
1.3476300990005257,0.4439457646744305,0.12079007254455183,0.24369384656458876,3.12263739522822,-0.024786525927647768,-0.05351658095776858,0.4439401565633589,0.12080570325978836,0.24369031278190795,3.1226108305914533,-0.024715019233596,-0.053548458762666874,0.0,0.0,0.0,0.0,0.0,0.0,-0.6961168299211105,-9.556236585567893,-15.937028226665062,0.2976489183102717,0.021006392110146765,0.01139019161707386,0.649587869644165,-1.2680548590472718,-2.385256767272949,-1.096773700123169,1.5808501243591309,-0.9056652227984827,0.6496292948722839,-1.2680666607669373,-2.385249137878418,-1.0968020421317597,1.5808424949645996,-0.9056695143329065,1,7,1,0.0
1.3556380359987088,0.44393425800492764,0.12079892862755798,0.24368410937087015,3.1225629538613666,-0.02464479571212584,-0.053571278373714455,0.4439401565633589,0.12080570325978836,0.24369031278190795,3.1226108305914533,-0.024715019233596,-0.053548458762666874,0.0,0.0,0.0,0.0,0.0,0.0,-0.8450779013001348,-9.33183800646636,-15.600035858162716,0.297491354042178,0.022044330504373336,0.017307909936096114,0.6496413350105286,-1.2680667799762269,-2.3852522373199463,-1.0968402189067383,1.5808134078979492,-0.9057019392596644,0.6496292948722839,-1.2680666607669373,-2.385249137878418,-1.0968020421317597,1.5808424949645996,-0.9056695143329065,1,7,1,0.0
1.3636939210009587,0.4439561823465145,0.12081447943701625,0.24372307815569905,3.1226802297409404,-0.02480652013294281,-0.053441003347796764,0.4439401565633589,0.12080570325978836,0.24369031278190795,3.1226108305914533,-0.024715019233596,-0.053548458762666874,0.0,0.0,0.0,0.0,0.0,0.0,-0.5595380930211777,-8.991563131644911,-16.177000120466044,0.28590407047375477,0.02067681330344999,0.008399090299465563,0.6496161222457886,-1.2680345338634034,-2.385225296020508,-1.0967611235431214,1.5808545351028442,-0.9056242148028772,0.6496292948722839,-1.2680666607669373,-2.385249137878418,-1.0968020421317597,1.5808424949645996,-0.9056695143329065,1,7,1,0.0
1.3716252039994288,0.44394392499833285,0.12080844136115364,0.24370069612467904,3.122630122629898,-0.024703967988750176,-0.053550109740774045,0.4439401565633589,0.12080570325978836,0.24369031278190795,3.1226108305914533,-0.024715019233596,-0.053548458762666874,0.0,0.0,0.0,0.0,0.0,0.0,-0.08680852217923607,-9.606634761748985,-15.864476476564096,0.3048777480613541,0.04861979948476611,0.019623920327695207,0.649620532989502,-1.2680632931045075,-2.385232925415039,-1.0968106252006073,1.580857753753662,-0.9056857267962855,0.6496292948722839,-1.2680666607669373,-2.385249137878418,-1.0968020421317597,1.5808424949645996,-0.9056695143329065,1,7,1,0.0
1.3796323089991347,0.4439358446083946,0.12081896344129313,0.24368599402288282,3.1225922908819563,-0.024696730615462143,-0.053590634747369977,0.4439401565633589,0.12080570325978836,0.24369031278190795,3.1226108305914533,-0.024715019233596,-0.053548458762666874,0.0,0.0,0.0,0.0,0.0,0.0,-0.14349762805715172,-9.202014326521475,-15.88437015500554,0.29129424783108393,0.030941717603493606,0.01674493578058378,0.6496583223342896,-1.268082932834961,-2.385240316390991,-1.0968269568732758,1.580845832824707,-0.9056523481952112,0.6496292948722839,-1.2680666607669373,-2.385249137878418,-1.0968020421317597,1.5808424949645996,-0.9056695143329065,1,7,1,0.0
1.3876239150013134,0.4439248035862423,0.12077814576316866,0.24365099221740028,3.1225485871244727,-0.024762819966663744,-0.053669486589559084,0.4439401565633589,0.12080570325978836,0.24369031278190795,3.1226108305914533,-0.024715019233596,-0.053548458762666874,0.0,0.0,0.0,0.0,0.0,0.0,-0.11304407783733994,-9.497408319120725,-16.0491245873665,0.29969349017133917,0.03177100159299958,0.013564801112668131,0.6495997309684753,-1.2680998605540772,-2.3852851390838623,-1.0968313378146668,1.5808424949645996,-0.9056685606585901,0.6496292948722839,-1.2680666607669373,-2.385249137878418,-1.0968020421317597,1.5808424949645996,-0.9056695143329065,1,7,1,0.0
1.395678779001173,0.44391977712400676,0.12080953763184757,0.24368859895522058,3.12260822147781,-0.0246575654101324,-0.05353093783480752,0.4439401565633589,0.12080570325978836,0.24369031278190795,3.1226108305914533,-0.024715019233596,-0.053548458762666874,0.0,0.0,0.0,0.0,0.0,0.0,-0.7322574418090585,-9.234450717862021,-15.922147599663553,0.2891014939389216,0.017264302990313906,0.004669816886151441,0.6496702432632446,-1.268022583132126,-2.385282039642334,-1.0968062740615387,1.580833911895752,-0.9056652227984827,0.6496292948722839,-1.2680666607669373,-2.385249137878418,-1.0968020421317597,1.5808424949645996,-0.9056695143329065,1,7,1,0.0
1.4036450569983572,0.4439490908286444,0.12078902322502728,0.24370158714012097,3.122638312238674,-0.024789019934747594,-0.05352610636159466,0.4439401565633589,0.12080570325978836,0.24369031278190795,3.1226108305914533,-0.024715019233596,-0.053548458762666874,0.0,0.0,0.0,0.0,0.0,0.0,-0.222877239446499,-9.223340632411405,-15.759318922231703,0.29151230620306207,0.03327811079636834,0.018484669847983144,0.6495788097381592,-1.2680548590472718,-2.385240316390991,-1.0967943531325837,1.5808544158935547,-0.905672852193014,0.6496292948722839,-1.2680666607669373,-2.385249137878418,-1.0968020421317597,1.5808424949645996,-0.9056695143329065,1,7,1,0.0
1.4116209729982074,0.4439304533483177,0.12081626707742113,0.2436771487276307,3.1225967256220657,-0.024682795052614743,-0.053574061015897866,0.4439401565633589,0.12080570325978836,0.24369031278190795,3.1226108305914533,-0.024715019233596,-0.053548458762666874,0.0,0.0,0.0,0.0,0.0,0.0,-0.7145982950756455,-9.471250306759266,-16.04689576218007,0.2932751111383489,0.01819616182026418,0.017781686132326353,0.6496627926826477,-1.268075243835785,-2.385265350341797,-1.0967987042716523,1.5808424949645996,-0.9056566397296351,0.6496292948722839,-1.2680666607669373,-2.385249137878418,-1.0968020421317597,1.5808424949645996,-0.9056695143329065,1,7,1,0.0
1.4197928760004288,0.4439426604785111,0.12081150393933757,0.24369372145069795,3.122616212947057,-0.024702536706152155,-0.05351631594421423,0.4439401565633589,0.12080570325978836,0.24369031278190795,3.1226108305914533,-0.024715019233596,-0.053548458762666874,0.0,0.0,0.0,0.0,0.0,0.0,-0.857025553694103,-9.601346078344559,-15.88871886881304,0.30550692084684944,0.01369737957182202,0.017204160176571278,0.6496413350105286,-1.2680625778487702,-2.385249137878418,-1.096786842947342,1.580833911895752,-0.9056652227984827,0.6496292948722839,-1.2680666607669373,-2.385249137878418,-1.0968020421317597,1.5808424949645996,-0.9056695143329065,1,7,1,0.0
1.4278625379993173,0.44395199013468495,0.12079246451595936,0.24371695351717804,3.1226954813431678,-0.024826705518537506,-0.05344393050180866,0.4439401565633589,0.12080570325978836,0.24369031278190795,3.1226108305914533,-0.024715019233596,-0.053548458762666874,0.0,0.0,0.0,0.0,0.0,0.0,-0.3261748544349285,-9.39431917949259,-15.932529288306862,0.29972569489672224,0.030187716980666395,0.013160940527449835,0.649574339389801,-1.268019126062729,-2.385249137878418,-1.0967448216727753,1.5808664560317993,-0.9056533018695276,0.6496292948722839,-1.2680666607669373,-2.385249137878418,-1.0968020421317597,1.5808424949645996,-0.9056695143329065,1,7,1,0.0
1.4355839780000679,0.4439446482333043,0.12079430896402737,0.24369649969106977,3.1226555960068287,-0.024723793271284586,-0.05347253283611087,0.4439401565633589,0.12080570325978836,0.24369031278190795,3.1226108305914533,-0.024715019233596,-0.053548458762666874,0.0,0.0,0.0,0.0,0.0,0.0,-0.9907268914167369,-9.698828492397723,-16.007775317181792,0.30623676430147545,0.01983778381504996,0.011336308757548517,0.6495997309684753,-1.26803873599086,-2.3852689266204834,-1.09674488127742,1.580845832824707,-0.9056933561908167,0.6496292948722839,-1.2680666607669373,-2.385249137878418,-1.0968020421317597,1.5808424949645996,-0.9056695143329065,1,7,1,0.0
1.4437341599987121,0.4439314566791773,0.12080663833641514,0.24369129179669113,3.122653974099369,-0.02472398763874196,-0.05351253028887655,0.4439401565633589,0.12080570325978836,0.24369031278190795,3.1226108305914533,-0.024715019233596,-0.053548458762666874,0.0,0.0,0.0,0.0,0.0,0.0,-0.8194573089419603,-9.208392537749253,-15.599498680492973,0.2882584015378048,0.01986012223647667,0.009953037493167711,0.649632453918457,-1.2680345338634034,-2.385277509689331,-1.0967611533454438,1.580862045288086,-0.9056609312640589,0.6496292948722839,-1.2680666607669373,-2.385249137878418,-1.0968020421317597,1.5808424949645996,-0.9056695143329065,1,7,1,0.0
1.4518835810013115,0.44391339936806884,0.12079392560250178,0.24366551582713986,3.1225926749831827,-0.024718737851623793,-0.05362026143091059,0.4439401565633589,0.12080570325978836,0.24369031278190795,3.1226108305914533,-0.024715019233596,-0.053548458762666874,0.0,0.0,0.0,0.0,0.0,0.0,-0.6802215258828554,-9.363613980742143,-16.02977178679028,0.2956166802744112,0.01108172434430377,0.014375675164677311,0.6496368646621704,-1.2680513721755524,-2.385298252105713,-1.0968150359443207,1.580857753753662,-0.9056599775897425,0.6496292948722839,-1.2680666607669373,-2.385249137878418,-1.0968020421317597,1.5808424949645996,-0.9056695143329065,1,7,1,0.0
1.4598706579999998,0.44391437328356786,0.12080150109270962,0.24367502661176244,3.122595493945801,-0.024654606860382795,-0.053638110787432906,0.4439401565633589,0.12080570325978836,0.24369031278190795,3.1226108305914533,-0.024715019233596,-0.053548458762666874,-6.21389454081928e-09,2.2834460464369563e-08,0.0,0.0,0.0,5.143888515135586e-08,-0.970893782134103,-8.997271272319086,-15.84692833072317,0.28457325478978185,0.011967652753299347,0.01818215876297534,0.6496448516845703,-1.2680514019778748,-2.385277509689331,-1.0968432587436219,1.5808663368225098,-0.9056933561908167,0.6496292948722839,-1.2680666607669373,-2.385249137878418,-1.0968020421317597,1.5808424949645996,-0.9056695143329065,1,7,1,0.0
1.467855781000253,0.44394774947800025,0.12082477886357114,0.24368892828328947,3.1225921728840538,-0.0246952424823221,-0.053509882370356664,0.4439401565633589,0.12080570325978836,0.24369031278190795,3.1226108305914533,-0.024715019233596,-0.053548458762666874,1.658031180392218e-05,-6.092121318348272e-05,0.0,0.0,0.0,-0.0001372260885545984,-0.681059374263118,-9.802548897432013,-16.187565215007872,0.306403507899608,0.013234134186058335,0.014136660544713043,0.6496703028678894,-1.2680871349624177,-2.3852405548095703,-1.0967824322036286,1.5808134078979492,-0.9056404272662562,0.6496292948722839,-1.2680666607669373,-2.385249137878418,-1.0968020421317597,1.5808424949645996,-0.9056695143329065,1,7,1,0.0
1.4758762310011662,0.44393419400930434,0.12081438410139123,0.24368839555860922,3.122592715215696,-0.024652846978542513,-0.05355120985158771,0.4439401565633589,0.12080570325978836,0.24369031278190795,3.1226108305914533,-0.024715019233596,-0.053548458762666874,8.43852528987113e-06,-3.100748268552348e-05,0.0,0.0,0.0,-6.984702486079186e-05,-1.0758766929945813,-9.56199011295661,-16.128209029607355,0.2953694886675936,0.01820947285326254,0.009395201499614186,0.6496612429618835,-1.2680632931045075,-2.3852522373199463,-1.096815125351288,1.5808295011520386,-0.9056771437274378,0.6496292948722839,-1.2680666607669373,-2.385249137878418,-1.0968020421317597,1.5808424949645996,-0.9056695143329065,1,7,1,0.0
1.4838233730006323,0.44390453664429885,0.12078122925513136,0.24366194875595737,3.122592860000171,-0.024795808847624036,-0.05362818165875065,0.4439401565633589,0.12080570325978836,0.24369031278190795,3.1226108305914533,-0.024715019233596,-0.053548458762666874,2.5352729397894046e-08,-9.317831641096928e-08,0.0,0.0,0.0,-2.099062044180755e-07,-0.4461835661458491,-9.0613382105773,-16.08714028670866,0.28786436545816324,0.025376027915634355,0.016745694992012783,0.6496233940124512,-1.268031046991684,-2.38531756401062,-1.0968194168857117,1.580862045288086,-0.9056242148028772,0.6496292948722839,-1.2680666607669373,-2.385249137878418,-1.0968020421317597,1.5808424949645996,-0.9056695143329065,1,7,1,0.0
1.4918484519985213,0.4439358624732195,0.12079833152594169,0.24369486867639195,3.1225427866593756,-0.02470743221042276,-0.053555676228754553,0.4439401565633589,0.12080570325978836,0.24369031278190795,3.1226108305914533,-0.024715019233596,-0.053548458762666874,7.620150145592404e-11,-2.800417757700997e-10,0.0,0.0,0.0,-6.308158440049283e-10,-1.3245828938284443,-8.957363598936979,-15.72742261238616,0.2819684755245387,0.002166236457273072,0.016647000802535138,0.6496495008468628,-1.2680548292449494,-2.385237216949463,-1.0968714517406006,1.580792784690857,-0.9056533018695276,0.6496292948722839,-1.2680666607669373,-2.385249137878418,-1.0968020421317597,1.5808424949645996,-0.9056695143329065,1,7,1,0.0
1.4998334349984361,0.4439357366006058,0.12080120695334885,0.24368493553279852,3.1226136667479487,-0.024742528475790997,-0.053571959133082575,0.4439401565633589,0.12080570325978836,0.24369031278190795,3.1226108305914533,-0.024715019233596,-0.053548458762666874,2.290083178405029e-13,-8.415890770648542e-13,0.0,0.0,0.0,-1.8957452795065333e-12,-0.9909833370226854,-9.208704441274422,-16.006359022010386,0.2796159624015979,0.015841208284726543,0.01716546697415613,0.649620532989502,-1.2680667799762269,-2.3852577209472656,-1.0968031150153656,1.5808544158935547,-0.9056609312640589,0.6496292948722839,-1.2680666607669373,-2.385249137878418,-1.0968020421317597,1.5808424949645996,-0.9056695143329065,1,7,1,0.0
1.5078731499997957,0.4439609493613909,0.12079598786202361,0.24370984938762663,3.1226135957736294,-0.024769573978470575,-0.05350427461877932,0.4439401565633589,0.12080570325978836,0.24369031278190795,3.1226108305914533,-0.024715019233596,-0.053548458762666874,6.881922941806326e-16,-2.529310034838345e-15,0.0,0.0,0.0,-5.6971452972983186e-15,-1.0288586432713471,-9.310819152715483,-15.987123874754861,0.29655004967491594,0.01750049752638492,0.011485210612040336,0.6495906710624695,-1.2680709821036835,-2.3852124214172363,-1.0968106550029297,1.5808262825012207,-0.905672852193014,0.6496292948722839,-1.2680666607669373,-2.385249137878418,-1.0968020421317597,1.5808424949645996,-0.9056695143329065,1,7,1,0.0
1.5158059360001062,0.4439407392367193,0.12082166164465422,0.24370012426212648,3.1226412357980915,-0.024723556025251697,-0.053546913570487915,0.4439401565633589,0.12080570325978836,0.24369031278190795,3.1226108305914533,-0.024715019233596,-0.053548458762666874,2.0686137579421512e-18,-7.600805256237914e-18,0.0,0.0,0.0,-1.7121215929194082e-17,-0.15422353341653028,-9.221780297009332,-15.592063922253887,0.2912565307581405,0.026654706241622167,0.017445093453004885,0.6496448516845703,-1.2680633229068299,-2.3852360248565674,-1.0967987340739747,1.5808664560317993,-0.9056490103351038,0.6496292948722839,-1.2680666607669373,-2.385249137878418,-1.0968020421317597,1.5808424949645996,-0.9056695143329065,1,7,1,0.0
1.523635468998691,0.4439339586407536,0.12079039074119907,0.24365983528081486,3.122532855766594,-0.024678204007493137,-0.053599512351492296,0.4439401565633589,0.12080570325978836,0.24369031278190795,3.1226108305914533,-0.024715019233596,-0.053548458762666874,6.215045846274126e-21,-2.284179965591571e-20,0.0,0.0,0.0,-5.145314795437866e-20,-0.7853397439979986,-8.99952514473836,-15.688748708307685,0.283686448609674,0.021252164008391073,0.009513353372929214,0.649632453918457,-1.2680990856936951,-2.3852732181549072,-1.0968194168857117,1.5808014869689941,-0.9056890646563929,0.6496292948722839,-1.2680666607669373,-2.385249137878418,-1.0968020421317597,1.5808424949645996,-0.9056695143329065,1,7,1,0.0
1.531633205999242,0.44392354933658046,0.12079053538832507,0.2436845957804484,3.122610055282454,-0.02476829776201781,-0.05358630501089475,0.4439401565633589,0.12080570325978836,0.24369031278190795,3.1226108305914533,-0.024715019233596,-0.053548458762666874,1.86776517891206e-23,-6.864320494021549e-23,0.0,0.0,0.0,-1.5462843780826455e-22,-0.4394895062730598,-9.235053967464287,-15.817501630179924,0.29022061743983507,0.02771070484114925,0.011487507572554737,0.6496161222457886,-1.2680387061885376,-2.3852741718292236,-1.0968239468387146,1.580857753753662,-0.9056490103351038,0.6496292948722839,-1.2680666607669373,-2.385249137878418,-1.0968020421317597,1.5808424949645996,-0.9056695143329065,1,7,1,0.0
1.5398100480015273,0.4439423963209934,0.12078858178284102,0.24369791847491992,3.1226225237991967,-0.02475048290815089,-0.053576757760280196,0.4439401565633589,0.12080570325978836,0.24369031278190795,3.1226108305914533,-0.024715019233596,-0.053548458762666874,5.612968129230456e-26,-2.0629719175309643e-25,0.0,0.0,0.0,-4.646936031852494e-25,-0.4417128574646022,-8.797866615658725,-16.06258303377551,0.27945894682681266,0.024102240084305452,0.013150131432403876,0.6495832800865173,-1.2680590909770508,-2.385237216949463,-1.0968283873847504,1.580862045288086,-0.9056933561908167,0.6496292948722839,-1.2680666607669373,-2.385249137878418,-1.0968020421317597,1.5808424949645996,-0.9056695143329065,1,7,1,0.0
1.5477946710016113,0.4439358006262152,0.12080748991682565,0.24367546698971299,3.1226098832701754,-0.024601099441067656,-0.053563074563411056,0.4439401565633589,0.12080570325978836,0.24369031278190795,3.1226108305914533,-0.024715019233596,-0.053548458762666874,1.687088448048399e-28,-6.19960700638059e-28,0.0,0.0,0.0,-1.3965098101201647e-27,-0.6971532264713827,-8.919906622188073,-15.770024812405428,0.2797644897064896,0.01949044696637358,0.005562309843882448,0.6496369242668152,-1.2680794459632416,-2.3852689266204834,-1.0967780512622376,1.580845832824707,-0.9057348410235804,0.6496292948722839,-1.2680666607669373,-2.385249137878418,-1.0968020421317597,1.5808424949645996,-0.9056695143329065,1,7,1,0.0
1.5558197690006637,0.4439278188380868,0.120802532631708,0.24368191268762396,3.12263327073174,-0.024776015100628813,-0.05358047582222684,0.4439401565633589,0.12080570325978836,0.24369031278190795,3.1226108305914533,-0.024715019233596,-0.053548458762666874,5.069876085456232e-31,-1.8630892774885536e-30,0.0,0.0,0.0,-4.1968293006842984e-30,-0.6219388334632812,-9.687233353688436,-15.738392403004802,0.30388130046466816,0.019169760785815792,0.01674626843927909,0.6496233344078064,-1.2680548590472718,-2.3852732181549072,-1.096791372900345,1.580873966217041,-0.9056370894061487,0.6496292948722839,-1.2680666607669373,-2.385249137878418,-1.0968020421317597,1.5808424949645996,-0.9056695143329065,1,7,1,0.0
1.5638088599989715,0.44394730079342093,0.1208074782343472,0.2436777504167701,3.1226130013590967,-0.024626615040311623,-0.05355750649864255,0.4439401565633589,0.12080570325978836,0.24369031278190795,3.1226108305914533,-0.024715019233596,-0.053548458762666874,1.523675318450868e-33,-5.599252254894766e-33,0.0,0.0,0.0,-1.2612425494845455e-32,-0.6717973531085781,-9.067512235812885,-16.224278761634366,0.28126470283451444,0.023225099380690416,0.023028792416170826,0.649620532989502,-1.2680998307517548,-2.3852524757385254,-1.0967693489841004,1.580845832824707,-0.9057348410235804,0.6496292948722839,-1.2680666607669373,-2.385249137878418,-1.0968020421317597,1.5808424949645996,-0.9056695143329065,1,7,1,0.0
1.5716756520014314,0.44394816204250076,0.12079967624926184,0.2436876989893431,3.122587750509068,-0.024749309941138577,-0.0535720791247822,0.4439401565633589,0.12080570325978836,0.24369031278190795,3.1226108305914533,-0.024715019233596,-0.053548458762666874,4.578695126206773e-36,-1.6827059053023529e-35,0.0,0.0,0.0,-3.7903206932102614e-35,-0.9131976751607638,-9.279660016732501,-15.696059153561803,0.2977203649954285,0.008612764075368741,0.020797048253823634,0.6496114730834961,-1.268091396694519,-2.385232925415039,-1.0968194168857117,1.580833911895752,-0.9056652227984827,0.6496292948722839,-1.2680666607669373,-2.385249137878418,-1.0968020421317597,1.5808424949645996,-0.9056695143329065,1,7,1,0.0
1.5798245020014292,0.4439443307624613,0.12080552464121658,0.243693416343746,3.1226149709790896,-0.024769072651498584,-0.0535169642093075,0.4439401565633589,0.12080570325978836,0.24369031278190795,3.1226108305914533,-0.024715019233596,-0.053548458762666874,1.376068707643581e-38,-5.056870563762014e-38,0.0,0.0,0.0,-1.1390776305391685e-37,-0.3617732382654439,-9.537282477448285,-16.070446454496246,0.3003558922830285,0.0219346005441261,0.011731337607019481,0.6496278047561646,-1.2680632931045075,-2.385249137878418,-1.096786842947342,1.580833911895752,-0.9056361357318323,0.6496292948722839,-1.2680666607669373,-2.385249137878418,-1.0968020421317597,1.5808424949645996,-0.9056695143329065,1,7,1,0.0
1.587877762998687,0.44392598807268924,0.12081412552844478,0.24367170956595396,3.122586886603579,-0.024754139296517024,-0.05361993495121733,0.4439401565633589,0.12080570325978836,0.24369031278190795,3.1226108305914533,-0.024715019233596,-0.053548458762666874,4.13569703896484e-41,-1.5196429940301166e-40,0.0,0.0,0.0,-3.423189979545166e-40,-0.9125023807100018,-9.338687023912984,-16.12278191539409,0.290986930277031,0.023363050722048556,0.018179686391914106,0.6496584415435791,-1.268083707695343,-2.3852646350860596,-1.096819357281067,1.5808545351028442,-0.9056156317340296,0.6496292948722839,-1.2680666607669373,-2.385249137878418,-1.0968020421317597,1.5808424949645996,-0.9056695143329065,1,7,1,0.0
1.5958609830013302,0.44391660510677133,0.12078915284007209,0.24365484637936718,3.1225618076177195,-0.02475036674309926,-0.053638983063234634,0.4439401565633589,0.12080570325978836,0.24369031278190795,3.1226108305914533,-0.024715019233596,-0.053548458762666874,1.2423805431630626e-43,-4.565917882559132e-43,0.0,0.0,0.0,-1.0285530728144157e-42,-0.7974755455826832,-9.904016609920367,-16.367008824972846,0.3145391166931057,0.01659010540776891,0.010559314813745538,0.649632453918457,-1.2680751842311402,-2.385298252105713,-1.096819446688034,1.5808415412902832,-0.9056437651263636,0.6496292948722839,-1.2680666607669373,-2.385249137878418,-1.0968020421317597,1.5808424949645996,-0.9056695143329065,1,7,1,0.0
1.6038980129997071,0.44392547389547143,0.1207996083647254,0.24366002923760222,3.1225805634214225,-0.02465928257299653,-0.05361710802458375,0.4439401565633589,0.12080570325978836,0.24369031278190795,3.1226108305914533,-0.024715019233596,-0.053548458762666874,3.3855261138505807e-46,-1.2441441696887816e-45,0.0,0.0,0.0,-2.802596928649634e-45,-0.669914654267207,-9.474112939427847,-15.68971002762091,0.2978212239672683,0.0151709400076898,0.010389159961284143,0.6496369242668152,-1.2680871349624177,-2.3852851390838623,-1.0967987340739747,1.580845832824707,-0.9056976477252405,0.6496292948722839,-1.2680666607669373,-2.385249137878418,-1.0968020421317597,1.5808424949645996,-0.9056695143329065,1,7,1,0.0
1.6118336039980932,0.44390944787626185,0.12079811213724385,0.24365904185588244,3.1225426346486578,-0.024631924992404096,-0.05362955749861047,0.4439401565633589,0.12080570325978836,0.24369031278190795,3.1226108305914533,-0.024715019233596,-0.053548458762666874,0.0,0.0,0.0,0.0,0.0,0.0,-0.4155900110756732,-9.378672457914389,-15.863059556780197,0.2968812892605419,0.020840933848285306,0.01229138145944722,0.6496703028678894,-1.2680590909770508,-2.385298252105713,-1.0968433183482666,1.5808219909667969,-0.9056814352618616,0.6496292948722839,-1.2680666607669373,-2.385249137878418,-1.0968020421317597,1.5808424949645996,-0.9056695143329065,1,7,1,0.0
1.6199169009996695,0.4439508084230421,0.12080374394759759,0.24370550831093818,3.122641817186881,-0.02474211462182287,-0.053497490179093485,0.4439401565633589,0.12080570325978836,0.24369031278190795,3.1226108305914533,-0.024715019233596,-0.053548458762666874,0.0,0.0,0.0,0.0,0.0,0.0,-0.1886708583198819,-9.082367132835298,-15.793602335890832,0.2912629394913888,0.03679407587580794,0.018005633024954032,0.6496086120605469,-1.2680548590472718,-2.3852360248565674,-1.0967824024013062,1.580845832824707,-0.905672852193014,0.6496292948722839,-1.2680666607669373,-2.385249137878418,-1.0968020421317597,1.5808424949645996,-0.9056695143329065,1,7,1,0.0
1.627629134000017,0.44392603940271763,0.1207951445184744,0.24366979678755213,3.122590765684699,-0.024749495509777814,-0.05359406210621033,0.4439401565633589,0.12080570325978836,0.24369031278190795,3.1226108305914533,-0.024715019233596,-0.053548458762666874,0.0,0.0,0.0,0.0,0.0,0.0,-0.5567596298282022,-9.227237907919761,-15.896777790784537,0.29571709688919584,0.017954112540271454,0.012938880900422178,0.6496278047561646,-1.2680675250342865,-2.385282039642334,-1.0968031150153656,1.580845832824707,-0.9056490103351038,0.6496292948722839,-1.2680666607669373,-2.385249137878418,-1.0968020421317597,1.5808424949645996,-0.9056695143329065,1,7,1,0.0
1.6356789390010817,0.44392903057704275,0.1208060534135417,0.24368358831228346,3.1226221543685395,-0.02476305465077825,-0.053582869341999156,0.4439401565633589,0.12080570325978836,0.24369031278190795,3.1226108305914533,-0.024715019233596,-0.053548458762666874,0.0,0.0,0.0,0.0,0.0,0.0,-1.0042994573943995,-9.492030790790318,-15.686007153467953,0.2989023126490999,0.01822156366204909,0.010388374808112014,0.649632453918457,-1.2680590909770508,-2.385265350341797,-1.0968031150153656,1.5808663368225098,-0.9056361357318323,0.6496292948722839,-1.2680666607669373,-2.385249137878418,-1.0968020421317597,1.5808424949645996,-0.9056695143329065,1,7,1,0.0
1.6438907359988661,0.44394532653736574,0.1208191176623686,0.24367905867279996,3.1225598279345976,-0.02468097847817019,-0.0535217886095699,0.4439401565633589,0.12080570325978836,0.24369031278190795,3.1226108305914533,-0.024715019233596,-0.053548458762666874,0.0,0.0,0.0,0.0,0.0,0.0,-0.8521141583273986,-9.541853878063645,-15.504604189552651,0.300704250912226,0.016532819744816775,0.01992506332759738,0.6496747136116028,-1.2680956286242981,-2.385249137878418,-1.096791372900345,1.580792784690857,-0.90564471880068,0.6496292948722839,-1.2680666607669373,-2.385249137878418,-1.0968020421317597,1.5808424949645996,-0.9056695143329065,1,7,1,0.0
1.6519000949992915,0.44394514634822246,0.12081662340879397,0.2436778362217265,3.1225662863361103,-0.024687798807036466,-0.05350941642226158,0.4439401565633589,0.12080570325978836,0.24369031278190795,3.1226108305914533,-0.024715019233596,-0.053548458762666874,0.0,0.0,0.0,0.0,0.0,0.0,-0.3511025523498895,-9.460886604988554,-15.722298756191838,0.2952115481426957,0.02839875331485003,0.01963991916559181,0.6496703028678894,-1.268091396694519,-2.38525652885437,-1.0967780512622376,1.580792784690857,-0.90564471880068,0.6496292948722839,-1.2680666607669373,-2.385249137878418,-1.0968020421317597,1.5808424949645996,-0.9056695143329065,1,7,1,0.0
1.6596667999983765,0.4439338299626099,0.12081643112630394,0.24368488332073973,3.122596753418016,-0.024608420948040093,-0.05356457354166555,0.4439401565633589,0.12080570325978836,0.24369031278190795,3.1226108305914533,-0.024715019233596,-0.053548458762666874,0.0,0.0,0.0,0.0,0.0,0.0,-0.8126689029605596,-9.641454827745505,-15.939719859086168,0.30927848793364004,0.021902410707238706,0.021664183677041243,0.6496612429618835,-1.268071011906006,-2.385253429412842,-1.0968106550029297,1.5808372497558594,-0.90570575395693,0.6496292948722839,-1.2680666607669373,-2.385249137878418,-1.0968020421317597,1.5808424949645996,-0.9056695143329065,1,7,1,0.0
1.6678743800002849,0.443937938647926,0.12080539208933509,0.24367106029212798,3.122609646900698,-0.024744783778531447,-0.053620465511835476,0.4439401565633589,0.12080570325978836,0.24369031278190795,3.1226108305914533,-0.024715019233596,-0.053548458762666874,0.0,0.0,0.0,0.0,0.0,0.0,-0.6126500763348499,-9.253563019531477,-15.725092967521922,0.2970752140069757,0.01680157533644097,0.01040625140704852,0.6496160626411438,-1.2681033474257966,-2.38525652885437,-1.0967943233302613,1.5808707475662231,-0.9056642691241663,0.6496292948722839,-1.2680666607669373,-2.385249137878418,-1.0968020421317597,1.5808424949645996,-0.9056695143329065,1,7,1,0.0
1.6756616230013606,0.4439031434741306,0.12079711109545434,0.24364292640104962,3.122526287639732,-0.024614316838706993,-0.05371331189994519,0.4439401565633589,0.12080570325978836,0.24369031278190795,3.1226108305914533,-0.024715019233596,-0.053548458762666874,0.0,0.0,0.0,0.0,0.0,0.0,-0.5979530545519017,-9.13241447751411,-16.146610010498932,0.2887346898636223,0.022798380624797797,0.009647550391034035,0.649665892124176,-1.26808716476474,-2.385301351547241,-1.0968640011600037,1.5808426141738892,-0.9056976477252405,0.6496292948722839,-1.2680666607669373,-2.385249137878418,-1.0968020421317597,1.5808424949645996,-0.9056695143329065,1,7,1,0.0
1.6836415370016766,0.4439195290654823,0.12076982554122956,0.24366592093979778,3.122595223151051,-0.024716315229152516,-0.05357967432137565,0.4439401565633589,0.12080570325978836,0.24369031278190795,3.1226108305914533,-0.024715019233596,-0.053548458762666874,0.0,0.0,0.0,0.0,0.0,0.0,-0.7185375392916209,-9.542531566149059,-15.765417918687971,0.29976006884048434,0.01733547873112452,0.023547319296373367,0.6495922207832336,-1.2680387061885376,-2.385310173034668,-1.0967943531325837,1.5808415412902832,-0.90570575395693,0.6496292948722839,-1.2680666607669373,-2.385249137878418,-1.0968020421317597,1.5808424949645996,-0.9056695143329065,1,7,1,0.0
1.6918485850001161,0.4439347630634563,0.12077550388171153,0.24367140682488211,3.1225952265644183,-0.024775439880917106,-0.05358891730373317,0.4439401565633589,0.12080570325978836,0.24369031278190795,3.1226108305914533,-0.024715019233596,-0.053548458762666874,0.0,0.0,0.0,0.0,0.0,0.0,-0.2467034367738571,-9.046786893493518,-15.703215089607548,0.28408306725224247,0.024283063732278436,0.0216215174152932,0.6495787501335144,-1.268071011906006,-2.38527774810791,-1.0967987340739747,1.580845832824707,-0.9056814352618616,0.6496292948722839,-1.2680666607669373,-2.385249137878418,-1.0968020421317597,1.5808424949645996,-0.9056695143329065,1,7,1,0.0
1.6996188769990113,0.44394714809136654,0.1207913882160105,0.2436972122355678,3.122595571481967,-0.024820574416556572,-0.053565755458783566,0.4439401565633589,0.12080570325978836,0.24369031278190795,3.1226108305914533,-0.024715019233596,-0.053548458762666874,0.0,0.0,0.0,0.0,0.0,0.0,-0.5809546306852699,-9.32870177257001,-15.580958314448777,0.294137770575031,0.024485158282988535,0.016440969447154265,0.6495950818061829,-1.268071011906006,-2.3852286338806152,-1.0968357187560578,1.5808382034301758,-0.9056361357318323,0.6496292948722839,-1.2680666607669373,-2.385249137878418,-1.0968020421317597,1.5808424949645996,-0.9056695143329065,1,7,1,0.0
1.7078026220005995,0.4439236170192501,0.1208138690722513,0.24366060906532888,3.122586731961449,-0.02475623212634271,-0.05361992964805899,0.4439401565633589,0.12080570325978836,0.24369031278190795,3.1226108305914533,-0.024715019233596,-0.053548458762666874,0.0,0.0,0.0,0.0,0.0,0.0,-0.7663413909992168,-9.319011491025933,-15.696411464950947,0.2959547313434235,0.015421060576496306,0.020680124699562076,0.6496613025665283,-1.2680913668921967,-2.385282039642334,-1.0967943531325837,1.5808545351028442,-0.9056113401996058,0.6496292948722839,-1.2680666607669373,-2.385249137878418,-1.0968020421317597,1.5808424949645996,-0.9056695143329065,1,7,1,0.0
1.7156543970013445,0.44392270452031685,0.12080237533803945,0.24368038157414043,3.122665221107631,-0.024694522101542576,-0.05353287429830153,0.4439401565633589,0.12080570325978836,0.24369031278190795,3.1226108305914533,-0.024715019233596,-0.053548458762666874,0.0,0.0,0.0,0.0,0.0,0.0,-0.2611268584333807,-9.206426795886534,-15.662096856111367,0.2831361639778705,0.028263442738594786,0.014184634147647805,0.6496278047561646,-1.268030361538269,-2.385301351547241,-1.0967448514750977,1.5808783769607544,-0.905684773121969,0.6496292948722839,-1.2680666607669373,-2.385249137878418,-1.0968020421317597,1.5808424949645996,-0.9056695143329065,1,7,1,0.0
1.7240595250004844,0.44392057450715466,0.12081008662104832,0.24366567271331657,3.12258187138178,-0.024694941011450845,-0.053613385564906135,0.4439401565633589,0.12080570325978836,0.24369031278190795,3.1226108305914533,-0.024715019233596,-0.053548458762666874,0.0,0.0,0.0,0.0,0.0,0.0,-1.1203795687553642,-9.05511409369813,-15.899161423502136,0.2874474354639249,0.014470053915121746,0.016280860970339893,0.6496627926826477,-1.268075243835785,-2.385282039642334,-1.0968106550029297,1.5808470249176025,-0.9056490103351038,0.6496292948722839,-1.2680666607669373,-2.385249137878418,-1.0968020421317597,1.5808424949645996,-0.9056695143329065,1,7,1,0.0
1.731637999000668,0.4439240966395485,0.12079853301645177,0.24366564158629817,3.1225722721188904,-0.02478897991718843,-0.05366830823062181,0.4439401565633589,0.12080570325978836,0.24369031278190795,3.1226108305914533,-0.024715019233596,-0.053548458762666874,0.0,0.0,0.0,0.0,0.0,0.0,-0.43975015138767215,-9.219301463220631,-15.613241396303641,0.2935100759754907,0.025351830079560492,0.02378862749349141,0.6496278047561646,-1.268091396694519,-2.3852646350860596,-1.0968446892550965,1.5808621644973755,-0.9056242148028772,0.6496292948722839,-1.2680666607669373,-2.385249137878418,-1.0968020421317597,1.5808424949645996,-0.9056695143329065,1,7,1,0.0
1.739796876998298,0.44395004171201125,0.12080229422471837,0.24369835084966768,3.122612854331702,-0.024756768018371456,-0.053512139866802706,0.4439401565633589,0.12080570325978836,0.24369031278190795,3.1226108305914533,-0.024715019233596,-0.053548458762666874,0.0,0.0,0.0,0.0,0.0,0.0,-0.9098044196410833,-9.283632888725176,-15.990715628048951,0.29613670961420174,0.015759405511398584,0.02533534689536756,0.6496160626411438,-1.2680667799762269,-2.385237216949463,-1.0967943531325837,1.5808296203613281,-0.9056556860553187,0.6496292948722839,-1.2680666607669373,-2.385249137878418,-1.0968020421317597,1.5808424949645996,-0.9056695143329065,1,7,1,0.0
1.7481807650001429,0.443959186851651,0.1208242539530505,0.2437143949330591,3.1226735137509025,-0.024679508066575838,-0.05344774575986981,0.4439401565633589,0.12080570325978836,0.24369031278190795,3.1226108305914533,-0.024715019233596,-0.053548458762666874,0.0,0.0,0.0,0.0,0.0,0.0,-0.7536292996361595,-9.333671581751403,-15.966129927428106,0.2948496052437766,0.025166391506675434,0.017606271030776652,0.649632453918457,-1.2680590909770508,-2.385225296020508,-1.0967448514750977,1.5808502435684204,-0.9056890646563929,0.6496292948722839,-1.2680666607669373,-2.385249137878418,-1.0968020421317597,1.5808424949645996,-0.9056695143329065,1,7,1,0.0
1.755880625998543,0.4439232122272565,0.12078779897941895,0.24366796950794817,3.1225814041044546,-0.024703453475622632,-0.053604335498732045,0.4439401565633589,0.12080570325978836,0.24369031278190795,3.1226108305914533,-0.024715019233596,-0.053548458762666874,0.0,0.0,0.0,0.0,0.0,0.0,-0.7693480545331596,-9.147258835132956,-15.723916859943813,0.292885794101324,0.018788151577299274,0.02638523454101127,0.649620532989502,-1.2680625778487702,-2.385286331176758,-1.0968150359443207,1.5808415412902832,-0.9056857267962855,0.6496292948722839,-1.2680666607669373,-2.385249137878418,-1.0968020421317597,1.5808424949645996,-0.9056695143329065,1,7,1,0.0
1.7640000300016254,0.4439437545617176,0.12080270487873679,0.24370531591498545,3.1226219439623355,-0.024730675757671395,-0.05350555973026162,0.4439401565633589,0.12080570325978836,0.24369031278190795,3.1226108305914533,-0.024715019233596,-0.053548458762666874,0.0,0.0,0.0,0.0,0.0,0.0,-0.2538334131165128,-9.250339434548659,-15.64370665559762,0.291110936756385,0.0262631751699836,0.021341142794831628,0.6496233940124512,-1.2680429381183167,-2.385240316390991,-1.0968063336661835,1.580833911895752,-0.9056652227984827,0.6496292948722839,-1.2680666607669373,-2.385249137878418,-1.0968020421317597,1.5808424949645996,-0.9056695143329065,1,7,1,0.0
1.7719396190004773,0.44391357297657574,0.12078207364976339,0.24363525276601072,3.12253391722376,-0.02472530766877373,-0.05367575128972482,0.4439401565633589,0.12080570325978836,0.24369031278190795,3.1226108305914533,-0.024715019233596,-0.053548458762666874,0.0,0.0,0.0,0.0,0.0,0.0,-0.6642707686275788,-8.901727555199486,-15.783833927864844,0.27989961284153037,0.01747618232841507,0.016438638750154277,0.6496278047561646,-1.2680990856936951,-2.385314464569092,-1.0968150657466431,1.580833911895752,-0.9056642691241663,0.6496292948722839,-1.2680666607669373,-2.385249137878418,-1.0968020421317597,1.5808424949645996,-0.9056695143329065,1,7,1,0.0
1.7799342799989972,0.44391873332242787,0.12078728708570707,0.24365545109045672,3.1225628213365733,-0.024755988212721982,-0.0536289815931912,0.4439401565633589,0.12080570325978836,0.24369031278190795,3.1226108305914533,-0.024715019233596,-0.053548458762666874,0.0,0.0,0.0,0.0,0.0,0.0,-0.672204409606326,-9.391491351448641,-15.727640045599488,0.29481825654155785,0.023381882042822898,0.02248093724096765,0.6496278047561646,-1.2680752140334626,-2.385298252105713,-1.0968138140491028,1.5808382034301758,-0.90564471880068,0.6496292948722839,-1.2680666607669373,-2.385249137878418,-1.0968020421317597,1.5808424949645996,-0.9056695143329065,1,7,1,0.0
1.7882563829989522,0.44392587966992453,0.12079851523454489,0.24368533998664157,3.122622411265022,-0.024749012338612885,-0.05354061238478098,0.4439401565633589,0.12080570325978836,0.24369031278190795,3.1226108305914533,-0.024715019233596,-0.053548458762666874,0.0,0.0,0.0,0.0,0.0,0.0,-0.2687399023786613,-9.827385060554134,-15.744810315439091,0.3070895561832512,0.03393302973984921,0.008242772963361894,0.649632453918457,-1.268034504061081,-2.385282039642334,-1.0967899721911927,1.5808491706848145,-0.90564471880068,0.6496292948722839,-1.2680666607669373,-2.385249137878418,-1.0968020421317597,1.5808424949645996,-0.9056695143329065,1,7,1,0.0
1.7959678859988344,0.44392717222138706,0.12078462963835009,0.24365674909710833,3.1225302250699434,-0.024690958558734682,-0.05365304150384836,0.4439401565633589,0.12080570325978836,0.24369031278190795,3.1226108305914533,-0.024715019233596,-0.053548458762666874,0.0,0.0,0.0,0.0,0.0,0.0,-0.4415910688419553,-9.358670830426657,-15.755061336313553,0.3008697901043976,0.016052035620919197,0.01020665338000513,0.649620532989502,-1.2680990856936951,-2.3852732181549072,-1.0968476098826905,1.580820918083191,-0.9056933561908167,0.6496292948722839,-1.2680666607669373,-2.385249137878418,-1.0968020421317597,1.5808424949645996,-0.9056695143329065,1,7,1,0.0
1.8043278600016492,0.4439598579609126,0.120816075010897,0.24371916923011033,3.1226748263420174,-0.024737996696361023,-0.053465657653122875,0.4439401565633589,0.12080570325978836,0.24369031278190795,3.1226108305914533,-0.024715019233596,-0.053548458762666874,0.0,0.0,0.0,0.0,0.0,0.0,-0.6232613963659029,-9.167118751074655,-15.602161834090385,0.2884817347393987,0.016110252570654814,0.026583312636954643,0.6496114730834961,-1.2680548292449494,-2.38521671295166,-1.0967655044845124,1.580858826637268,-0.905672852193014,0.6496292948722839,-1.2680666607669373,-2.385249137878418,-1.0968020421317597,1.5808424949645996,-0.9056695143329065,1,7,1,0.0
1.8115856840013294,0.44392413978638784,0.12078239490287984,0.24365483609907695,3.1225861613534702,-0.024723898515322713,-0.05358457079995331,0.4439401565633589,0.12080570325978836,0.24369031278190795,3.1226108305914533,-0.024715019233596,-0.053548458762666874,0.0,0.0,0.0,0.0,0.0,0.0,-0.48635517666086203,-9.379824365353711,-15.778772586884164,0.30007526937629414,0.02206692047161218,0.013581039714585227,0.6496114730834961,-1.268071011906006,-2.385310173034668,-1.0967699152282258,1.5808372497558594,-0.9056814352618616,0.6496292948722839,-1.2680666607669373,-2.385249137878418,-1.0968020421317597,1.5808424949645996,-0.9056695143329065,1,7,1,0.0
1.819638755001506,0.4439644867931662,0.12080679274011218,0.2437092475729249,3.1226150128996073,-0.02482264289088667,-0.05346499316769533,0.4439401565633589,0.12080570325978836,0.24369031278190795,3.1226108305914533,-0.024715019233596,-0.053548458762666874,0.0,0.0,0.0,0.0,0.0,0.0,-0.5725496937126983,-9.438482153486161,-15.475654117306556,0.30191716373440036,0.019772987258789055,0.021914744534312462,0.6496130228042603,-1.268075243835785,-2.3852155208587646,-1.0967824024013062,1.5808132886886597,-0.9056161085711878,0.6496292948722839,-1.2680666607669373,-2.385249137878418,-1.0968020421317597,1.5808424949645996,-0.9056695143329065,1,7,1,0.0
1.8276514999997744,0.4439248302281896,0.12080644388045823,0.24369672044198987,3.1226110197433425,-0.02467132598338526,-0.05357806747980395,0.4439401565633589,0.12080570325978836,0.24369031278190795,3.1226108305914533,-0.024715019233596,-0.053548458762666874,0.0,0.0,0.0,0.0,0.0,0.0,-0.8907102310675219,-9.314885509741153,-15.723264077099884,0.292904806411399,0.02052904826927034,0.011927878835690804,0.6496458053588867,-1.268034504061081,-2.385253429412842,-1.0968446892550965,1.5808545351028442,-0.9056814352618616,0.6496292948722839,-1.2680666607669373,-2.385249137878418,-1.0968020421317597,1.5808424949645996,-0.9056695143329065,1,7,1,0.0
1.835787716001505,0.4439322915766285,0.12080501673689584,0.24367552290579375,3.1226096286465794,-0.02469853185788062,-0.05358098662596999,0.4439401565633589,0.12080570325978836,0.24369031278190795,3.1226108305914533,-0.024715019233596,-0.053548458762666874,0.0,0.0,0.0,0.0,0.0,0.0,-0.5980373781897751,-9.070886799989701,-16.129150309587406,0.28830622877721407,0.029395544292256926,0.01729566045775658,0.649632453918457,-1.268075243835785,-2.3852696418762207,-1.0967899423888703,1.5808545351028442,-0.9056771437274378,0.6496292948722839,-1.2680666607669373,-2.385249137878418,-1.0968020421317597,1.5808424949645996,-0.9056695143329065,1,7,1,0.0
1.8437006739986828,0.4439308679923982,0.12080883172158706,0.24368671716358314,3.12263114315506,-0.024721918041598196,-0.053501643742093694,0.4439401565633589,0.12080570325978836,0.24369031278190795,3.1226108305914533,-0.024715019233596,-0.053548458762666874,0.0,0.0,0.0,0.0,0.0,0.0,-0.7127536630282945,-9.47318914980962,-15.442667889554022,0.2995564909228055,0.02300376624529649,0.016730973050275322,0.6496495008468628,-1.26803873599086,-2.385282039642334,-1.0967610639384766,1.5808403491973877,-0.90564471880068,0.6496292948722839,-1.2680666607669373,-2.385249137878418,-1.0968020421317597,1.5808424949645996,-0.9056695143329065,1,7,1,0.0
1.851837071000773,0.4439470820151387,0.12080268133071023,0.24370795453903105,3.1226171376426373,-0.02463220377422363,-0.053457308236332275,0.4439401565633589,0.12080570325978836,0.24369031278190795,3.1226108305914533,-0.024715019233596,-0.053548458762666874,0.0,0.0,0.0,0.0,0.0,0.0,-0.48617657504358247,-9.818754809189786,-15.786545084146665,0.31021097764431177,0.021187211683953506,0.02281191057288693,0.649632453918457,-1.2680344444564362,-2.385244846343994,-1.0967899423888703,1.5808091163635254,-0.9057186285602015,0.6496292948722839,-1.2680666607669373,-2.385249137878418,-1.0968020421317597,1.5808424949645996,-0.9056695143329065,1,7,1,0.0
1.8596374490007292,0.44391879289741,0.1208117042694692,0.2436721891742744,3.122626637493602,-0.024757457739700763,-0.053665222105468396,0.4439401565633589,0.12080570325978836,0.24369031278190795,3.1226108305914533,-0.024715019233596,-0.053548458762666874,0.0,0.0,0.0,0.0,0.0,0.0,-0.9863676068361289,-9.396290907935391,-15.881446757167181,0.30033170453748637,0.017122266014177757,0.011211600723258185,0.6496369242668152,-1.268075243835785,-2.3852696418762207,-1.0968207877925416,1.5809032917022705,-0.9056361357318323,0.6496292948722839,-1.2680666607669373,-2.385249137878418,-1.0968020421317597,1.5808424949645996,-0.9056695143329065,1,7,1,0.0
1.867834649001452,0.44393493077667967,0.12078581035311231,0.24366625747612755,3.1225345225872814,-0.024688246610839376,-0.05358560899852216,0.4439401565633589,0.12080570325978836,0.24369031278190795,3.1226108305914533,-0.024715019233596,-0.053548458762666874,0.0,0.0,0.0,0.0,0.0,0.0,-0.8532609402435067,-9.060355414204125,-15.768815237511975,0.2913200667721473,0.019046806087538018,0.019647797580536856,0.6496250033378601,-1.26808716476474,-2.3852696418762207,-1.0968269568732758,1.5807970762252808,-0.9056900183307093,0.6496292948722839,-1.2680666607669373,-2.385249137878418,-1.0968020421317597,1.5808424949645996,-0.9056695143329065,1,7,1,0.0
1.8756495739980892,0.4439486433614519,0.1208207508190249,0.24370040110914187,3.1225929667222903,-0.02463426232855227,-0.05353349884949445,0.4439401565633589,0.12080570325978836,0.24369031278190795,3.1226108305914533,-0.024715019233596,-0.053548458762666874,0.0,0.0,0.0,0.0,0.0,0.0,-0.4105063217206668,-9.468998265140577,-15.800237439978584,0.300230746504642,0.03194317035511002,0.021790964074318502,0.6496567726135254,-1.268079475765564,-2.3852198123931885,-1.0968225759318848,1.5808219909667969,-0.9056933561908167,0.6496292948722839,-1.2680666607669373,-2.385249137878418,-1.0968020421317597,1.5808424949645996,-0.9056695143329065,1,7,1,0.0
1.8836530320004385,0.44392690816976704,0.12079171491746865,0.24366670991495262,3.1226214595660147,-0.024754696038134974,-0.05358722363635141,0.4439401565633589,0.12080570325978836,0.24369031278190795,3.1226108305914533,-0.024715019233596,-0.053548458762666874,0.0,0.0,0.0,0.0,0.0,0.0,-0.279428834368713,-9.154004146247567,-15.68974291413121,0.29187789809595355,0.02246969281213263,0.012176450931454322,0.6496086120605469,-1.2680667799762269,-2.38529372215271,-1.096769855623581,1.5808664560317993,-0.9056652227984827,0.6496292948722839,-1.2680666607669373,-2.385249137878418,-1.0968020421317597,1.5808424949645996,-0.9056695143329065,1,7,1,0.0
1.8916367320016434,0.4439283918157522,0.12080786965983453,0.2436850446002751,3.122616364731165,-0.024665693159412246,-0.05355722695752532,0.4439401565633589,0.12080570325978836,0.24369031278190795,3.1226108305914533,-0.024715019233596,-0.053548458762666874,0.0,0.0,0.0,0.0,0.0,0.0,-0.9847790206397875,-9.56673285736587,-15.839272351478483,0.3040043950038163,0.021320506140471564,0.024716510500686056,0.6496458053588867,-1.2680506271174927,-2.3852696418762207,-1.0967987340739747,1.5808501243591309,-0.905684773121969,0.6496292948722839,-1.2680666607669373,-2.385249137878418,-1.0968020421317597,1.5808424949645996,-0.9056695143329065,1,7,1,0.0
1.8998516860010568,0.44390978255703034,0.12075890089360992,0.24365189261321468,3.122560676844848,-0.024743206236073203,-0.0536566513158455,0.4439401565633589,0.12080570325978836,0.24369031278190795,3.1226108305914533,-0.024715019233596,-0.053548458762666874,0.0,0.0,0.0,0.0,0.0,0.0,-0.6143570570058812,-9.165220187227245,-15.811324642361141,0.2838328740656247,0.019073711296931122,0.013654095369685629,0.6495833396911621,-1.2680506569198151,-2.38531756401062,-1.09683449686084,1.580845832824707,-0.9056976477252405,0.6496292948722839,-1.2680666607669373,-2.385249137878418,-1.0968020421317597,1.5808424949645996,-0.9056695143329065,1,7,1,0.0
1.9078509559985832,0.4439443919147043,0.12081421841118019,0.24369424974376747,3.1226466969674034,-0.0246730565069617,-0.05351018322814102,0.4439401565633589,0.12080570325978836,0.24369031278190795,3.1226108305914533,-0.024715019233596,-0.053548458762666874,0.0,0.0,0.0,0.0,0.0,0.0,-0.7588761429355861,-9.507339333541578,-15.537053936299499,0.3057194197613011,0.012182871577608795,0.008140107446487369,0.649632453918457,-1.2680633229068299,-2.3852524757385254,-1.096761093740799,1.5808544158935547,-0.9056933561908167,0.6496292948722839,-1.2680666607669373,-2.385249137878418,-1.0968020421317597,1.5808424949645996,-0.9056695143329065,1,7,1,0.0
1.9158462779996626,0.4439226662692428,0.120787554424558,0.24367934986517584,3.1226048593628293,-0.024806763873663453,-0.05357579899742909,0.4439401565633589,0.12080570325978836,0.24369031278190795,3.1226108305914533,-0.024715019233596,-0.053548458762666874,0.0,0.0,0.0,0.0,0.0,0.0,-0.4398041885585623,-9.268417206705601,-15.801459285286718,0.29718264272142203,0.028993726365628133,0.013437362734058659,0.6496160626411438,-1.2680387657931824,-2.3852851390838623,-1.0968106550029297,1.5808501243591309,-0.9056242148028772,0.6496292948722839,-1.2680666607669373,-2.385249137878418,-1.0968020421317597,1.5808424949645996,-0.9056695143329065,1,7,1,0.0
1.9238720280009147,0.4439103427406767,0.12078186569166581,0.243648473499244,3.1225986121293148,-0.024699966803855493,-0.05364418964342434,0.4439401565633589,0.12080570325978836,0.24369031278190795,3.1226108305914533,-0.024715019233596,-0.053548458762666874,0.0,0.0,0.0,0.0,0.0,0.0,-0.5114428822025696,-9.438649458064187,-15.83870215723536,0.2968985834888333,0.024964481901484523,0.01190269971734975,0.6496114134788513,-1.2680632931045075,-2.3853230476379395,-1.0967868131450196,1.5808707475662231,-0.9056976477252405,0.6496292948722839,-1.2680666607669373,-2.385249137878418,-1.0968020421317597,1.5808424949645996,-0.9056695143329065,1,7,1,0.0
1.9316805210000894,0.44392342052348627,0.12078588958463427,0.24368156113230782,3.1225893884165923,-0.0246972018396453,-0.053518257001316086,0.4439401565633589,0.12080570325978836,0.24369031278190795,3.1226108305914533,-0.024715019233596,-0.053548458762666874,0.0,0.0,0.0,0.0,0.0,0.0,-0.5906872206809428,-9.370475396210738,-15.577764949162365,0.29960882889267515,0.020261085624573315,0.020081617758786467,0.649632453918457,-1.268022583132126,-2.3852949142456055,-1.0967987340739747,1.5808132886886597,-0.9056771437274378,0.6496292948722839,-1.2680666607669373,-2.385249137878418,-1.0968020421317597,1.5808424949645996,-0.9056695143329065,1,7,1,0.0
1.939852414001507,0.4439445942687832,0.1208187784010451,0.24370979799870235,3.1226148736688346,-0.024620383818880598,-0.05348067702893212,0.4439401565633589,0.12080570325978836,0.24369031278190795,3.1226108305914533,-0.024715019233596,-0.053548458762666874,0.0,0.0,0.0,0.0,0.0,0.0,-0.5773259693829272,-9.452415755633083,-16.13028700356665,0.29550898502029355,0.017051280897805488,0.016876938008206714,0.6496612429618835,-1.2680429381183167,-2.385232925415039,-1.0968062740615387,1.580817699432373,-0.9056976477252405,0.6496292948722839,-1.2680666607669373,-2.385249137878418,-1.0968020421317597,1.5808424949645996,-0.9056695143329065,1,7,1,0.0
1.9478564329983783,0.44392386458878264,0.12079704767522305,0.24368561508401215,3.122636436250259,-0.024807117243635535,-0.05356519517897074,0.4439401565633589,0.12080570325978836,0.24369031278190795,3.1226108305914533,-0.024715019233596,-0.053548458762666874,0.0,0.0,0.0,0.0,0.0,0.0,-0.4453490677278123,-9.042857927978629,-15.888528925525163,0.289162124830833,0.01964399732202654,0.013166555183038865,0.649620532989502,-1.268034504061081,-2.3852808475494385,-1.0967943531325837,1.5808707475662231,-0.9056199232684534,0.6496292948722839,-1.2680666607669373,-2.385249137878418,-1.0968020421317597,1.5808424949645996,-0.9056695143329065,1,7,1,0.0
1.9558600909986126,0.44394373438367146,0.12081481515276399,0.24370292383339354,3.1226547520449746,-0.0247247818217623,-0.05352233557611502,0.4439401565633589,0.12080570325978836,0.24369031278190795,3.1226108305914533,-0.024715019233596,-0.053548458762666874,0.0,0.0,0.0,0.0,0.0,0.0,-0.6974072796671017,-9.041208910775302,-15.862925959838524,0.28177850955907063,0.017338606364840407,0.008310204713006699,0.6496278047561646,-1.2680548590472718,-2.385240316390991,-1.0967824322036286,1.5808664560317993,-0.9056652227984827,0.6496292948722839,-1.2680666607669373,-2.385249137878418,-1.0968020421317597,1.5808424949645996,-0.9056695143329065,1,7,1,0.0
1.9638465870011714,0.4439202327138365,0.12078962004523427,0.24365876885852855,3.1225464504380964,-0.02473532838421703,-0.05365052589120907,0.4439401565633589,0.12080570325978836,0.24369031278190795,3.1226108305914533,-0.024715019233596,-0.053548458762666874,0.0,0.0,0.0,0.0,0.0,0.0,-0.3815158625306327,-8.962107718471964,-16.256353636873627,0.2793998983224339,0.017507261182259173,0.011989980404775166,0.649632453918457,-1.268082932834961,-2.385282039642334,-1.0968432587436219,1.580833911895752,-0.9056533018695276,0.6496292948722839,-1.2680666607669373,-2.385249137878418,-1.0968020421317597,1.5808424949645996,-0.9056695143329065,1,7,1,0.0
1.9716541890011285,0.4439647396847309,0.12082114612979397,0.24370894392291198,3.122645133244814,-0.02466462868768968,-0.05342263510650519,0.4439401565633589,0.12080570325978836,0.24369031278190795,3.1226108305914533,-0.024715019233596,-0.053548458762666874,0.0,0.0,0.0,0.0,0.0,0.0,-0.3236374299664593,-9.06533236554867,-15.983268655975504,0.2846152828322106,0.03482284361454693,0.02412974782001186,0.6496369242668152,-1.2680709821036835,-2.3852274417877197,-1.0967360001853486,1.580817699432373,-0.9056933561908167,0.6496292948722839,-1.2680666607669373,-2.385249137878418,-1.0968020421317597,1.5808424949645996,-0.9056695143329065,1,7,1,0.0
1.9795808529997885,0.4439365953050645,0.12079255241586352,0.24366733015898712,3.1225294880433827,-0.02465577204945126,-0.0535315856443466,0.4439401565633589,0.12080570325978836,0.24369031278190795,3.1226108305914533,-0.024715019233596,-0.053548458762666874,0.0,0.0,0.0,0.0,0.0,0.0,-0.5575964842874311,-9.243347642820385,-16.052801788808388,0.28509222942979634,0.017915953861348036,0.015149320827961556,0.649649441242218,-1.2680795055678864,-2.385277509689331,-1.0968031150153656,1.580771565437317,-0.9056857267962855,0.6496292948722839,-1.2680666607669373,-2.385249137878418,-1.0968020421317597,1.5808424949645996,-0.9056695143329065,1,7,1,0.0
1.9875974249989667,0.4439348363678599,0.12080517455570296,0.24368690882727465,3.1225803822241947,-0.024626308873078186,-0.053496255989984025,0.4439401565633589,0.12080570325978836,0.24369031278190795,3.1226108305914533,-0.024715019233596,-0.053548458762666874,0.0,0.0,0.0,0.0,0.0,0.0,-0.8594119822859791,-9.334742664848683,-15.678024744397959,0.2956481822485131,0.011745892239100409,0.012679972100593429,0.6496612429618835,-1.2680471998504181,-2.3852696418762207,-1.0967943531325837,1.5807970762252808,-0.9056933561908167,0.6496292948722839,-1.2680666607669373,-2.385249137878418,-1.0968020421317597,1.5808424949645996,-0.9056695143329065,1,7,1,0.0
1.9956722269998863,0.443944285267077,0.120805168564561,0.24368922688202715,3.1226246442730674,-0.02469145791348308,-0.05353193693708567,0.4439401565633589,0.12080570325978836,0.24369031278190795,3.1226108305914533,-0.024715019233596,-0.053548458762666874,0.0,0.0,0.0,0.0,0.0,0.0,-0.6221844644381056,-9.176363183778554,-16.06010928696638,0.2886926383785284,0.022753548847090417,0.020967463002135478,0.649620532989502,-1.268071011906006,-2.3852522373199463,-1.0967780512622376,1.580845832824707,-0.9056933561908167,0.6496292948722839,-1.2680666607669373,-2.385249137878418,-1.0968020421317597,1.5808424949645996,-0.9056695143329065,1,7,1,0.0
2.0035219169985794,0.44393030760131197,0.1207989853810528,0.24367907152088433,3.1225651801068577,-0.02470250971643553,-0.053552695135815315,0.4439401565633589,0.12080570325978836,0.24369031278190795,3.1226108305914533,-0.024715019233596,-0.053548458762666874,0.0,0.0,0.0,0.0,0.0,0.0,-0.5174419471853261,-8.983577437306716,-15.7668953096677,0.28534354508748083,0.024769256175868826,0.0157633249438093,0.6496495008468628,-1.2680591207793732,-2.3852696418762207,-1.0968194168857117,1.5808089971542358,-0.9056566397296351,0.6496292948722839,-1.2680666607669373,-2.385249137878418,-1.0968020421317597,1.5808424949645996,-0.9056695143329065,1,7,1,0.0
2.0118497110015596,0.4439337860896739,0.12082991491575772,0.24367442183076904,3.122630548480237,-0.024586419755941308,-0.05353042821115405,0.4439401565633589,0.12080570325978836,0.24369031278190795,3.1226108305914533,-0.024715019233596,-0.053548458762666874,0.0,0.0,0.0,0.0,0.0,0.0,-0.5163924640238822,-9.245527756775358,-16.060543843754566,0.2901845211583936,0.018852738831784597,0.01188384949643166,0.6496791839599609,-1.2680794459632416,-2.385277509689331,-1.0967402917197724,1.5808501243591309,-0.9057019392596644,0.6496292948722839,-1.2680666607669373,-2.385249137878418,-1.0968020421317597,1.5808424949645996,-0.9056695143329065,1,7,1,0.0
2.0198582480006735,0.44394571613824546,0.12079902760334905,0.24367998201738672,3.1226150336804035,-0.024787042931117487,-0.05350664112150838,0.4439401565633589,0.12080570325978836,0.24369031278190795,3.1226108305914533,-0.024715019233596,-0.053548458762666874,0.0,0.0,0.0,0.0,0.0,0.0,-0.3126667027853197,-9.349231752205764,-16.2268329032466,0.2961308465714131,0.031640323883805145,0.012994664324182897,0.6496160626411438,-1.2680752736381073,-2.3852696418762207,-1.0967491430095215,1.5808296203613281,-0.9056361357318323,0.6496292948722839,-1.2680666607669373,-2.385249137878418,-1.0968020421317597,1.5808424949645996,-0.9056695143329065,1,7,1,0.0
2.0278020439982356,0.4439348705746874,0.12080764379524951,0.24368665343481083,3.1225739156601193,-0.024652609485197652,-0.0535479835822619,0.4439401565633589,0.12080570325978836,0.24369031278190795,3.1226108305914533,-0.024715019233596,-0.053548458762666874,0.0,0.0,0.0,0.0,0.0,0.0,-1.165251872515834,-9.246177084387378,-16.092889403751578,0.299647217575591,0.0039055750240536654,0.018098055104754575,0.6496567726135254,-1.2680633229068299,-2.385253429412842,-1.096823976641037,1.5808132886886597,-0.9056814352618616,0.6496292948722839,-1.2680666607669373,-2.385249137878418,-1.0968020421317597,1.5808424949645996,-0.9056695143329065,1,7,1,0.0
2.035613302999991,0.44391782292541576,0.12078956820437174,0.2436661421208754,3.122545854282573,-0.024684914893010088,-0.05361273781325983,0.4439401565633589,0.12080570325978836,0.24369031278190795,3.1226108305914533,-0.024715019233596,-0.053548458762666874,0.0,0.0,0.0,0.0,0.0,0.0,-0.6428478454658623,-9.235181296571408,-15.799047413153472,0.2945322507119119,0.020372845302679087,0.0016242611449644555,0.6496448516845703,-1.2680590909770508,-2.385286331176758,-1.0968446892550965,1.580817699432373,-0.905672852193014,0.6496292948722839,-1.2680666607669373,-2.385249137878418,-1.0968020421317597,1.5808424949645996,-0.9056695143329065,1,7,1,0.0
2.0439401250005176,0.44395564976584123,0.12081208864413985,0.24373046205408938,3.122627504037189,-0.0246726335695111,-0.05342342274532274,0.4439401565633589,0.12080570325978836,0.24369031278190795,3.1226108305914533,-0.024715019233596,-0.053548458762666874,0.0,0.0,0.0,0.0,0.0,0.0,-0.31927033509405733,-9.29931818568035,-16.0551665923604,0.2948151230253437,0.024278242470626675,0.017394301289864238,0.6496403813362122,-1.268022583132126,-2.3852124214172363,-1.0968106550029297,1.5808045864105225,-0.905684773121969,0.6496292948722839,-1.2680666607669373,-2.385249137878418,-1.0968020421317597,1.5808424949645996,-0.9056695143329065,1,7,1,0.0
2.0518683119989873,0.4439499640521333,0.12079219834408336,0.24370750148010129,3.1226453561508936,-0.024801985436611843,-0.05347898284767661,0.4439401565633589,0.12080570325978836,0.24369031278190795,3.1226108305914533,-0.024715019233596,-0.053548458762666874,0.0,0.0,0.0,0.0,0.0,0.0,0.35309730316676524,-9.512051851933348,-15.771596060756366,0.30308752693902785,0.040246526306542435,0.014957140319162709,0.6495906710624695,-1.2680387061885376,-2.385244846343994,-1.0967780512622376,1.5808415412902832,-0.9056523481952112,0.6496292948722839,-1.2680666607669373,-2.385249137878418,-1.0968020421317597,1.5808424949645996,-0.9056695143329065,1,7,1,0.0
2.0598619310003414,0.4439281882121281,0.12079931724158159,0.24365130938034785,3.122599887672921,-0.024686047525389086,-0.05357904706681447,0.4439401565633589,0.12080570325978836,0.24369031278190795,3.1226108305914533,-0.024715019233596,-0.053548458762666874,0.0,0.0,0.0,0.0,0.0,0.0,-0.15309815613342698,-9.591047435654541,-15.71645072397875,0.30730738695662324,0.029915772771341803,0.021181655204536576,0.649632453918457,-1.2680913668921967,-2.3853068351745605,-1.0967417818358918,1.580845832824707,-0.905684773121969,0.6496292948722839,-1.2680666607669373,-2.385249137878418,-1.0968020421317597,1.5808424949645996,-0.9056695143329065,1,7,1,0.0
2.067884765998315,0.4439534454476054,0.12082520296688742,0.24369831592702562,3.1226450113210933,-0.02469054475806379,-0.05349035575655577,0.4439401565633589,0.12080570325978836,0.24369031278190795,3.1226108305914533,-0.024715019233596,-0.053548458762666874,0.0,0.0,0.0,0.0,0.0,0.0,-0.23837792023959853,-9.169854022228701,-15.95511681581061,0.28653866301965986,0.037866300632373236,0.012166987203582991,0.6496448516845703,-1.2680795055678864,-2.3852360248565674,-1.0967523616603394,1.580845832824707,-0.9056695143329065,0.6496292948722839,-1.2680666607669373,-2.385249137878418,-1.0968020421317597,1.5808424949645996,-0.9056695143329065,1,7,1,0.0
2.075551464000455,0.44393483699278163,0.1208161215628322,0.2436907983619656,3.1226357379473066,-0.024663670988637067,-0.05345652997967938,0.4439401565633589,0.12080570325978836,0.24369031278190795,3.1226108305914533,-0.024715019233596,-0.053548458762666874,0.0,0.0,0.0,0.0,0.0,0.0,-0.2796265844407645,-9.332536710132327,-15.817956814497105,0.2972396416105089,0.019087434858641613,0.024530203000851868,0.649665892124176,-1.2680344742587586,-2.385282039642334,-1.0967403811267395,1.5808252096176147,-0.9056652227984827,0.6496292948722839,-1.2680666607669373,-2.385249137878418,-1.0968020421317597,1.5808424949645996,-0.9056695143329065,1,7,1,0.0
2.0835142459982308,0.44394729211890516,0.1208128558970201,0.24370161512819188,3.122607284685721,-0.02471691486693148,-0.053555205695183176,0.4439401565633589,0.12080570325978836,0.24369031278190795,3.1226108305914533,-0.024715019233596,-0.053548458762666874,0.0,0.0,0.0,0.0,0.0,0.0,-0.7463435193292134,-8.92838970399535,-15.943803069323659,0.283971519549052,0.025685012629759484,0.01700128752588685,0.649632453918457,-1.2680752140334626,-2.3852198123931885,-1.0968283277801056,1.5808426141738892,-0.9056652227984827,0.6496292948722839,-1.2680666607669373,-2.385249137878418,-1.0968020421317597,1.5808424949645996,-0.9056695143329065,1,7,1,0.0
2.091502244998992,0.4439289262373085,0.12078746518979089,0.24367907275557474,3.122594910574978,-0.024763636180231547,-0.05359790277315369,0.4439401565633589,0.12080570325978836,0.24369031278190795,3.1226108305914533,-0.024715019233596,-0.053548458762666874,0.0,0.0,0.0,0.0,0.0,0.0,-0.21109973964434436,-9.211460008286618,-15.698301162430917,0.29050566510898296,0.028194955598575676,0.016188376784920133,0.6496070027351379,-1.2680590909770508,-2.3852689266204834,-1.0968240362456818,1.5808501243591309,-0.9056609312640589,0.6496292948722839,-1.2680666607669373,-2.385249137878418,-1.0968020421317597,1.5808424949645996,-0.9056695143329065,1,7,1,0.0
2.09996381900055,0.44393148954842787,0.12081441012061644,0.24366072497664099,3.1225681085093617,-0.02468965470541573,-0.053627239696339146,0.4439401565633589,0.12080570325978836,0.24369031278190795,3.1226108305914533,-0.024715019233596,-0.053548458762666874,0.0,0.0,0.0,0.0,0.0,0.0,-0.5363447936996114,-9.687436799181617,-16.09793280067914,0.3024273623272568,0.02608849805357035,0.02006848352154956,0.6496583819389343,-1.2681117814830323,-2.385265350341797,-1.0968062740615387,1.5808415412902832,-0.9056566397296351,0.6496292948722839,-1.2680666607669373,-2.385249137878418,-1.0968020421317597,1.5808424949645996,-0.9056695143329065,1,7,1,0.0
2.1078431550013192,0.44393081495243814,0.12079168785856724,0.24368209031897903,3.12259224240743,-0.02470843776072328,-0.05349333956533968,0.4439401565633589,0.12080570325978836,0.24369031278190795,3.1226108305914533,-0.024715019233596,-0.053548458762666874,0.0,0.0,0.0,0.0,0.0,0.0,-0.28381027286490024,-9.067071982596618,-15.838545187961687,0.2830275555674658,0.030781789861614745,0.0170713556086027,0.6496369242668152,-1.268034504061081,-2.385289430618286,-1.0967780512622376,1.580805778503418,-0.9056652227984827,0.6496292948722839,-1.2680666607669373,-2.385249137878418,-1.0968020421317597,1.5808424949645996,-0.9056695143329065,1,7,1,0.0
2.1158391989993106,0.4439314383945687,0.12081709280343154,0.243676229459245,3.1226365924018,-0.02472277350428664,-0.053555578726703634,0.4439401565633589,0.12080570325978836,0.24369031278190795,3.1226108305914533,-0.024715019233596,-0.053548458762666874,0.0,0.0,0.0,0.0,0.0,0.0,-0.2718531690961562,-8.853906294634877,-16.05551344010903,0.2844487764017631,0.023808753896519028,0.023100571830657203,0.6496495008468628,-1.268071011906006,-2.385277509689331,-1.096756712799408,1.5808664560317993,-0.90564471880068,0.6496292948722839,-1.2680666607669373,-2.385249137878418,-1.0968020421317597,1.5808424949645996,-0.9056695143329065,1,7,1,0.0
2.1236705250012164,0.44393986347264375,0.12081253733606843,0.2437054129718157,3.122623611273866,-0.02476589192602909,-0.05346842424973422,0.4439401565633589,0.12080570325978836,0.24369031278190795,3.1226108305914533,-0.024715019233596,-0.053548458762666874,0.0,0.0,0.0,0.0,0.0,0.0,-1.0057587051913763,-9.211788416662683,-15.998881167702248,0.29345888031469236,0.015451065648366478,0.015302035446119107,0.6496539115905762,-1.268030361538269,-2.3852524757385254,-1.096786842947342,1.5808219909667969,-0.905611817036764,0.6496292948722839,-1.2680666607669373,-2.385249137878418,-1.0968020421317597,1.5808424949645996,-0.9056695143329065,1,7,1,0.0
2.131833250001364,0.44392052688312034,0.12076710826939066,0.24366746299764205,3.122595741490142,-0.024845741199084365,-0.05358418048014658,0.4439401565633589,0.12080570325978836,0.24369031278190795,3.1226108305914533,-0.024715019233596,-0.053548458762666874,0.0,0.0,0.0,0.0,0.0,0.0,-0.8070650655046082,-9.590459961417002,-15.948865375459262,0.2984732479995355,0.020206943126541192,0.015377445816262535,0.6495833396911621,-1.26803873599086,-2.3853068351745605,-1.0967987340739747,1.580845832824707,-0.9056318441974085,0.6496292948722839,-1.2680666607669373,-2.385249137878418,-1.0968020421317597,1.5808424949645996,-0.9056695143329065,1,7,1,0.0
2.1396612499993353,0.44392117615847587,0.12077065470849999,0.24367060389149386,3.1225368868646397,-0.02476870198482057,-0.05359995196522113,0.4439401565633589,0.12080570325978836,0.24369031278190795,3.1226108305914533,-0.024715019233596,-0.053548458762666874,0.0,0.0,0.0,0.0,0.0,0.0,-0.8906214225644246,-9.387924657309119,-16.060087089387654,0.2954084117695856,0.022720770406180126,0.013743735324096345,0.6496114730834961,-1.2680471998504181,-2.3852851390838623,-1.0968566101840516,1.580805778503418,-0.9056523481952112,0.6496292948722839,-1.2680666607669373,-2.385249137878418,-1.0968020421317597,1.5808424949645996,-0.9056695143329065,1,7,1,0.0
2.147869491000165,0.4439681194179482,0.12081639481727342,0.2437209394236886,3.122609783374619,-0.024728712125805147,-0.05344809801445025,0.4439401565633589,0.12080570325978836,0.24369031278190795,3.1226108305914533,-0.024715019233596,-0.053548458762666874,0.0,0.0,0.0,0.0,0.0,0.0,-0.1907390782230966,-9.166013967593274,-15.920569657518056,0.2925850910939144,0.02666921517394559,0.010951599401999353,0.649632453918457,-1.268071011906006,-2.385195732116699,-1.0968018037131806,1.5808013677597046,-0.9056566397296351,0.6496292948722839,-1.2680666607669373,-2.385249137878418,-1.0968020421317597,1.5808424949645996,-0.9056695143329065,1,7,1,0.0
2.1558557559983456,0.44393549445372876,0.1208215588240478,0.24370129397958828,3.122636592964791,-0.024658681783744505,-0.05351695292484683,0.4439401565633589,0.12080570325978836,0.24369031278190795,3.1226108305914533,-0.024715019233596,-0.053548458762666874,0.0,0.0,0.0,0.0,0.0,0.0,0.15570212227302838,-9.583293282125272,-16.198848576415408,0.2961747419673579,0.052097856253115075,0.02171774304769397,0.6496612429618835,-1.2680429381183167,-2.385249137878418,-1.0967943531325837,1.5808501243591309,-0.9056738058673304,0.6496292948722839,-1.2680666607669373,-2.385249137878418,-1.0968020421317597,1.5808424949645996,-0.9056695143329065,1,7,1,0.0
2.163670911999361,0.44394607773884764,0.12079796612030282,0.24368829055884572,3.1225755407110136,-0.02471488151032588,-0.053515235591158505,0.4439401565633589,0.12080570325978836,0.24369031278190795,3.1226108305914533,-0.024715019233596,-0.053548458762666874,0.0,0.0,0.0,0.0,0.0,0.0,-0.2664754163541087,-9.265461360870383,-15.919230658898066,0.2882282804630281,0.03335617254436129,0.012100336204878862,0.6496294140815735,-1.2680709821036835,-2.385249137878418,-1.0968030852130433,1.5808013677597046,-0.9056685606585901,0.6496292948722839,-1.2680666607669373,-2.385249137878418,-1.0968020421317597,1.5808424949645996,-0.9056695143329065,1,7,1,0.0
2.171687825000845,0.443938134619379,0.12079951106444076,0.2436889182883403,3.1226056195771466,-0.02471835831176787,-0.05352673806673648,0.4439401565633589,0.12080570325978836,0.24369031278190795,3.1226108305914533,-0.024715019233596,-0.053548458762666874,0.0,0.0,0.0,0.0,0.0,0.0,-1.056676576967334,-8.884013063505463,-15.748173173186476,0.27821435396442773,0.006999345161017855,0.017214606803090848,0.6496278047561646,-1.2680548590472718,-2.385261058807373,-1.0967943531325837,1.5808296203613281,-0.9056685606585901,0.6496292948722839,-1.2680666607669373,-2.385249137878418,-1.0968020421317597,1.5808424949645996,-0.9056695143329065,1,7,1,0.0
2.1798119279992534,0.44392407701499137,0.12078822264113069,0.24365378573915836,3.122553480887149,-0.02474834247790633,-0.05363447286422136,0.4439401565633589,0.12080570325978836,0.24369031278190795,3.1226108305914533,-0.024715019233596,-0.053548458762666874,0.0,0.0,0.0,0.0,0.0,0.0,-0.758921886975727,-9.265102511263557,-15.78736710293239,0.2897037220070772,0.02069582895012955,0.014778324112020881,0.6496249437332153,-1.2680913668921967,-2.385289430618286,-1.0968150657466431,1.580832839012146,-0.9056523481952112,0.6496292948722839,-1.2680666607669373,-2.385249137878418,-1.0968020421317597,1.5808424949645996,-0.9056695143329065,1,7,1,0.0
2.187637001999974,0.44394472101017196,0.12081330358864383,0.24369557475604714,3.1226114721541856,-0.024639865740980354,-0.0535502281454129,0.4439401565633589,0.12080570325978836,0.24369031278190795,3.1226108305914533,-0.024715019233596,-0.053548458762666874,0.0,0.0,0.0,0.0,0.0,0.0,-0.187377923555353,-9.303354471451792,-15.780364145238558,0.29753347825359233,0.02846618742705093,0.015877161208729687,0.6496369242668152,-1.268075243835785,-2.385232925415039,-1.0968106252006073,1.5808426141738892,-0.9057100454913538,0.6496292948722839,-1.2680666607669373,-2.385249137878418,-1.0968020421317597,1.5808424949645996,-0.9056695143329065,1,7,1,0.0
2.195817300998897,0.4439320201986815,0.1207970798280553,0.243684703569449,3.12260429779482,-0.024761073197422292,-0.05357859753644272,0.4439401565633589,0.12080570325978836,0.24369031278190795,3.1226108305914533,-0.024715019233596,-0.053548458762666874,0.0,0.0,0.0,0.0,0.0,0.0,-0.696027621233013,-9.215398484534994,-15.81044583202016,0.2927070113742272,0.02198023733227216,0.009034538767768755,0.649620532989502,-1.2680590909770508,-2.385261058807373,-1.096816436653473,1.5808501243591309,-0.9056490103351038,0.6496292948722839,-1.2680666607669373,-2.385249137878418,-1.0968020421317597,1.5808424949645996,-0.9056695143329065,1,7,1,0.0
2.2038559350003197,0.4439440466518557,0.1208305855620698,0.2437072840580919,3.122636569474619,-0.02468642993488351,-0.053482587568574914,0.4439401565633589,0.12080570325978836,0.24369031278190795,3.1226108305914533,-0.024715019233596,-0.053548458762666874,0.0,0.0,0.0,0.0,0.0,0.0,-0.5155723580304921,-9.545587970121813,-15.933444881351848,0.30292780340416087,0.02368886437539865,0.012924183454889935,0.6496731638908386,-1.2680506569198151,-2.3852360248565674,-1.0967824322036286,1.5808371305465698,-0.9056437651263636,0.6496292948722839,-1.2680666607669373,-2.385249137878418,-1.0968020421317597,1.5808424949645996,-0.9056695143329065,1,7,1,0.0
2.211854173001484,0.4439327732791971,0.12079398393109882,0.2436828806685758,3.1226352213773736,-0.024814479869333193,-0.053580143230157216,0.4439401565633589,0.12080570325978836,0.24369031278190795,3.1226108305914533,-0.024715019233596,-0.053548458762666874,0.0,0.0,0.0,0.0,0.0,0.0,-0.7386832361201032,-9.119600192828653,-15.663886616802149,0.2901937443941743,0.015380603726127979,0.02350874917923173,0.6495996713638306,-1.2680590909770508,-2.3852689266204834,-1.0967899423888703,1.5808751583099365,-0.9056361357318323,0.6496292948722839,-1.2680666607669373,-2.385249137878418,-1.0968020421317597,1.5808424949645996,-0.9056695143329065,1,7,1,0.0
2.2198422820001724,0.443915708636701,0.1208061678462839,0.2436412466403296,3.122570207242785,-0.024729325479046906,-0.05367267867193538,0.4439401565633589,0.12080570325978836,0.24369031278190795,3.1226108305914533,-0.024715019233596,-0.053548458762666874,0.0,0.0,0.0,0.0,0.0,0.0,-0.06245319724801324,-9.5281719379874,-15.911280791446055,0.30603819352557055,0.03774856114991724,0.01934511458559882,0.6496539115905762,-1.2681075197509308,-2.3853025436401367,-1.0967943531325837,1.5808621644973755,-0.9056361357318323,0.6496292948722839,-1.2680666607669373,-2.385249137878418,-1.0968020421317597,1.5808424949645996,-0.9056695143329065,1,7,1,0.0
2.2276262499981385,0.44393964591717394,0.12080066166206838,0.2436555772558186,3.122539977078442,-0.024730349067298454,-0.053653307457327756,0.4439401565633589,0.12080570325978836,0.24369031278190795,3.1226108305914533,-0.024715019233596,-0.053548458762666874,0.0,0.0,0.0,0.0,0.0,0.0,-0.5194684452584563,-9.19618740139248,-15.878380237333031,0.28744207671547534,0.025748590287529155,0.01608137056748697,0.6496278047561646,-1.2681362193873902,-2.385253429412842,-1.0968240362456818,1.5808296203613281,-0.9056609312640589,0.6496292948722839,-1.2680666607669373,-2.385249137878418,-1.0968020421317597,1.5808424949645996,-0.9056695143329065,1,7,1,0.0
2.235870366999734,0.44394036727431124,0.12078778163378516,0.24369180167233567,3.1225966158218554,-0.024766356721439755,-0.05348421141656652,0.4439401565633589,0.12080570325978836,0.24369031278190795,3.1226108305914533,-0.024715019233596,-0.053548458762666874,0.0,0.0,0.0,0.0,0.0,0.0,-0.606855494399561,-9.297234612343859,-15.971329977678062,0.30303966301929786,0.021584576096076218,0.014209390758572395,0.6496160626411438,-1.26803873599086,-2.3852689266204834,-1.0967868131450196,1.580805778503418,-0.9056490103351038,0.6496292948722839,-1.2680666607669373,-2.385249137878418,-1.0968020421317597,1.5808424949645996,-0.9056695143329065,1,7,1,0.0
2.2439165949981543,0.4439220519475377,0.12078707077593245,0.24366138504527096,3.1225573283552666,-0.024712401209996123,-0.053672091445886666,0.4439401565633589,0.12080570325978836,0.24369031278190795,3.1226108305914533,-0.024715019233596,-0.053548458762666874,0.0,0.0,0.0,0.0,0.0,0.0,-0.9562821740231606,-9.04449483364813,-15.801591919937923,0.28563453199993527,0.01640015964435203,0.01033406607593668,0.6496160626411438,-1.26808716476474,-2.3852732181549072,-1.0968520802310486,1.5808501243591309,-0.905684773121969,0.6496292948722839,-1.2680666607669373,-2.385249137878418,-1.0968020421317597,1.5808424949645996,-0.9056695143329065,1,7,1,0.0
2.251825176001148,0.44394181035033237,0.12079842539076954,0.24368609941774558,3.122621298870845,-0.024756233884284898,-0.053536296434671955,0.4439401565633589,0.12080570325978836,0.24369031278190795,3.1226108305914533,-0.024715019233596,-0.053548458762666874,0.0,0.0,0.0,0.0,0.0,0.0,-0.35915251881526655,-9.303165110436009,-15.811024159497036,0.2874087915863643,0.03489090833084477,0.020859850655926132,0.6496114730834961,-1.2680667799762269,-2.3852603435516357,-1.0967780214599152,1.580845832824707,-0.9056609312640589,0.6496292948722839,-1.2680666607669373,-2.385249137878418,-1.0968020421317597,1.5808424949645996,-0.9056695143329065,1,7,1,0.0
2.259658536000643,0.4439265131765643,0.12078795201662416,0.2436840170616197,3.1226097996607063,-0.024698388592444092,-0.05355001244400262,0.4439401565633589,0.12080570325978836,0.24369031278190795,3.1226108305914533,-0.024715019233596,-0.053548458762666874,0.0,0.0,0.0,0.0,0.0,0.0,-0.7739477326518833,-9.089328863355489,-16.042905004410656,0.2924010515670203,0.021157636199642876,0.024208951312720425,0.6496161222457886,-1.268034504061081,-2.385281801223755,-1.096803144817688,1.5808415412902832,-0.9056933561908167,0.6496292948722839,-1.2680666607669373,-2.385249137878418,-1.0968020421317597,1.5808424949645996,-0.9056695143329065,1,7,1,0.0
2.2681749219991616,0.4439342515787252,0.12080234596041582,0.24369523300837267,3.1226230631647476,-0.024837442138003662,-0.053568203748342556,0.4439401565633589,0.12080570325978836,0.24369031278190795,3.1226108305914533,-0.024715019233596,-0.053548458762666874,0.0,0.0,0.0,0.0,0.0,0.0,-0.8860959999715926,-9.322824339841645,-15.88761363761398,0.30060219316700804,0.025493420592636023,0.021811263955102883,0.649620532989502,-1.2680506867221375,-2.385249137878418,-1.096819446688034,1.580862045288086,-0.9056003729449671,0.6496292948722839,-1.2680666607669373,-2.385249137878418,-1.0968020421317597,1.5808424949645996,-0.9056695143329065,1,7,1,0.0
2.2756458549993113,0.44393321034164057,0.1207930478288575,0.2437011239346511,3.1226626325690554,-0.024797037701087526,-0.05355809282085465,0.4439401565633589,0.12080570325978836,0.24369031278190795,3.1226108305914533,-0.024715019233596,-0.053548458762666874,0.0,0.0,0.0,0.0,0.0,0.0,-0.8511664874679452,-9.38472729309389,-15.601159449868845,0.29416139118749457,0.0140789801785973,0.018889333491363867,0.6495906710624695,-1.2680303019336243,-2.385256767272949,-1.096803144817688,1.5808870792388916,-0.9056566397296351,0.6496292948722839,-1.2680666607669373,-2.385249137878418,-1.0968020421317597,1.5808424949645996,-0.9056695143329065,1,7,1,0.0
2.2838549970001623,0.4439409724564756,0.12082436293345077,0.24371237208142177,3.1226352981739494,-0.02476107624111028,-0.0534822514274592,0.4439401565633589,0.12080570325978836,0.24369031278190795,3.1226108305914533,-0.024715019233596,-0.053548458762666874,0.0,0.0,0.0,0.0,0.0,0.0,-0.4458589275772051,-9.50912459943922,-15.869200482146656,0.2998188418819042,0.03911909745908042,0.00967455206832019,0.6496659517288208,-1.268034504061081,-2.3852360248565674,-1.0967987340739747,1.5808371305465698,-0.9056032339679163,0.6496292948722839,-1.2680666607669373,-2.385249137878418,-1.0968020421317597,1.5808424949645996,-0.9056695143329065,1,7,1,0.0
2.2916238069992687,0.4439332675613289,0.1208080236346211,0.24370847653340355,3.122681711095744,-0.02472016351802494,-0.053532882808007304,0.4439401565633589,0.12080570325978836,0.24369031278190795,3.1226108305914533,-0.024715019233596,-0.053548458762666874,0.0,0.0,0.0,0.0,0.0,0.0,-0.15174291040678506,-9.061164457483532,-15.993035305936699,0.28622115639926443,0.03853273656324305,0.01755676845614933,0.6496161222457886,-1.268022583132126,-2.3852522373199463,-1.0967914325049897,1.5808913707733154,-0.9056804815875452,0.6496292948722839,-1.2680666607669373,-2.385249137878418,-1.0968020421317597,1.5808424949645996,-0.9056695143329065,1,7,1,0.0
2.2999148220005736,0.44391801009149034,0.12079454642145901,0.24365477439828534,3.122538909621377,-0.024689258021795953,-0.05362490081225732,0.4439401565633589,0.12080570325978836,0.24369031278190795,3.1226108305914533,-0.024715019233596,-0.053548458762666874,0.0,0.0,0.0,0.0,0.0,0.0,-0.1305469683792866,-9.187293059181131,-16.00478411016459,0.2926819412029274,0.034255110040272686,0.010459913811082078,0.6496539115905762,-1.2680794459632416,-2.385293960571289,-1.0968269568732758,1.5808175802230835,-0.9056609312640589,0.6496292948722839,-1.2680666607669373,-2.385249137878418,-1.0968020421317597,1.5808424949645996,-0.9056695143329065,1,7,1,0.0
2.307968614000856,0.4439310068208365,0.12080764851205687,0.24370135548203808,3.1226639664138824,-0.024764335790512716,-0.05357637460517654,0.4439401565633589,0.12080570325978836,0.24369031278190795,3.1226108305914533,-0.024715019233596,-0.053548458762666874,0.0,0.0,0.0,0.0,0.0,0.0,-0.8403242443489016,-9.417965133347174,-15.907244898343716,0.2997856623327464,0.010941417255825403,0.02188983916133815,0.6496161222457886,-1.26803873599086,-2.385249137878418,-1.0968106550029297,1.5808959007263184,-0.9056523481952112,0.6496292948722839,-1.2680666607669373,-2.385249137878418,-1.0968020421317597,1.5808424949645996,-0.9056695143329065,1,7,1,0.0
2.315983201999188,0.44394329015546813,0.12080829908985746,0.24367911937826464,3.1225949029690816,-0.024762836739688255,-0.053585544452651596,0.4439401565633589,0.12080570325978836,0.24369031278190795,3.1226108305914533,-0.024715019233596,-0.053548458762666874,0.0,0.0,0.0,0.0,0.0,0.0,-0.615446993460277,-9.339692220561307,-15.640794610172948,0.2962621184322371,0.01772497784741294,0.01750130144325124,0.6496278047561646,-1.2680990856936951,-2.385244846343994,-1.0968018633178254,1.580845832824707,-0.9056404272662562,0.6496292948722839,-1.2680666607669373,-2.385249137878418,-1.0968020421317597,1.5808424949645996,-0.9056695143329065,1,7,1,0.0
2.323922499999753,0.4439204779673983,0.12079027968494598,0.24364876437056424,3.122515836177281,-0.024728638336042247,-0.05365801616345519,0.4439401565633589,0.12080570325978836,0.24369031278190795,3.1226108305914533,-0.024715019233596,-0.053548458762666874,0.0,0.0,0.0,0.0,0.0,0.0,-0.27683560023412546,-9.357422390184942,-15.775721169662159,0.29230279444168206,0.028177961214625475,0.020239629671813954,0.6496448516845703,-1.2680998009494324,-2.385286331176758,-1.0968447488597413,1.5808132886886597,-0.90564471880068,0.6496292948722839,-1.2680666607669373,-2.385249137878418,-1.0968020421317597,1.5808424949645996,-0.9056695143329065,1,7,1,0.0
2.3322863719986344,0.4439398346971656,0.12081059014177463,0.2436637347761963,3.122608399544276,-0.02470957819110934,-0.053561118847288106,0.4439401565633589,0.12080570325978836,0.24369031278190795,3.1226108305914533,-0.024715019233596,-0.053548458762666874,0.0,0.0,0.0,0.0,0.0,0.0,-0.5424877206101991,-9.356511994145439,-15.729875702985488,0.29185188734060763,0.023468842871373782,0.01341278390129952,0.6496369242668152,-1.2681033176234742,-2.385277509689331,-1.096744791870453,1.580845832824707,-0.9056652227984827,0.6496292948722839,-1.2680666607669373,-2.385249137878418,-1.0968020421317597,1.5808424949645996,-0.9056695143329065,1,7,1,0.0
2.3399770149990218,0.4439394327733006,0.12079257732095562,0.24368818299193587,3.1226055315502474,-0.024709429596757856,-0.05352871565663298,0.4439401565633589,0.12080570325978836,0.24369031278190795,3.1226108305914533,-0.024715019233596,-0.053548458762666874,0.0,0.0,0.0,0.0,0.0,0.0,-0.3063044291605923,-9.464415881122687,-15.86291355763937,0.2969309010617444,0.033886770859379495,0.008377471201664276,0.6496130228042603,-1.2680548888495942,-2.3852622509002686,-1.0967943233302613,1.5808296203613281,-0.9056890646563929,0.6496292948722839,-1.2680666607669373,-2.385249137878418,-1.0968020421317597,1.5808424949645996,-0.9056695143329065,1,7,1,0.0
2.347967207999318,0.44393944435353955,0.12080178000347305,0.24370112897809018,3.122600504638466,-0.024741140713096986,-0.05350524186877367,0.4439401565633589,0.12080570325978836,0.24369031278190795,3.1226108305914533,-0.024715019233596,-0.053548458762666874,0.0,0.0,0.0,0.0,0.0,0.0,-0.5492369134630274,-9.207048582123873,-15.926931404551205,0.28336134601858637,0.022986029176125442,0.02313586221557688,0.6496368646621704,-1.2680395406535645,-2.3852479457855225,-1.0968150657466431,1.580817699432373,-0.90564471880068,0.6496292948722839,-1.2680666607669373,-2.385249137878418,-1.0968020421317597,1.5808424949645996,-0.9056695143329065,1,7,1,0.0
2.3557996160016046,0.44393331038408596,0.12078054769250178,0.24368122575428852,3.1225915614371864,-0.024850864224947075,-0.05360220503052206,0.4439401565633589,0.12080570325978836,0.24369031278190795,3.1226108305914533,-0.024715019233596,-0.053548458762666874,0.0,0.0,0.0,0.0,0.0,0.0,-0.3280566289033951,-9.331773587304497,-15.655776671122608,0.2898872660021155,0.028220601085211686,0.014140933355069822,0.649587869644165,-1.2680633825114747,-2.385261058807373,-1.0968313378146668,1.5808501243591309,-0.9056242148028772,0.6496292948722839,-1.2680666607669373,-2.385249137878418,-1.0968020421317597,1.5808424949645996,-0.9056695143329065,1,7,1,0.0
2.3637971229982213,0.44393127930335036,0.12076434024657443,0.2436532706493576,3.1225399297110434,-0.02469762271209852,-0.05360810471247171,0.4439401565633589,0.12080570325978836,0.24369031278190795,3.1226108305914533,-0.024715019233596,-0.053548458762666874,0.0,0.0,0.0,0.0,0.0,0.0,-0.42574241337966345,-9.510365665027845,-15.719315290116198,0.3022563660964583,0.02389947087394612,0.007812588448622771,0.6495834589004517,-1.26808716476474,-2.385293960571289,-1.0968106550029297,1.5808089971542358,-0.9057257811175745,0.6496292948722839,-1.2680666607669373,-2.385249137878418,-1.0968020421317597,1.5808424949645996,-0.9056695143329065,1,7,1,0.0
2.371601078000822,0.44396399203841325,0.12082206474769037,0.24370914099025964,3.1226228210000184,-0.02467508642102452,-0.05342115556508322,0.4439401565633589,0.12080570325978836,0.24369031278190795,3.1226108305914533,-0.024715019233596,-0.053548458762666874,0.0,0.0,0.0,0.0,0.0,0.0,-0.28465176089827937,-9.06450801601632,-15.836997592501156,0.28973121860971174,0.038030952341238995,0.022415663731654097,0.649649441242218,-1.268071011906006,-2.3852241039276123,-1.0967522424510499,1.5808002948760986,-0.9056738058673304,0.6496292948722839,-1.2680666607669373,-2.385249137878418,-1.0968020421317597,1.5808424949645996,-0.9056695143329065,1,7,1,0.0
2.3797902229998726,0.44392933591512956,0.12079870571453898,0.24364319589263614,3.1225264482982187,-0.02472776183627545,-0.05366741932908967,0.4439401565633589,0.12080570325978836,0.24369031278190795,3.1226108305914533,-0.024715019233596,-0.053548458762666874,0.0,0.0,0.0,0.0,0.0,0.0,-0.8173675746736273,-9.132148786870655,-15.603651437130164,0.2884371459944456,0.025227379665989622,0.020983625318116213,0.6496412754058838,-1.268132047062256,-2.385277509689331,-1.096819446688034,1.5808252096176147,-0.9056490103351038,0.6496292948722839,-1.2680666607669373,-2.385249137878418,-1.0968020421317597,1.5808424949645996,-0.9056695143329065,1,7,1,0.0
2.387829466999392,0.44395339428633357,0.12080254788694178,0.24371501230659892,3.1226176096323526,-0.024736528988504477,-0.05348495302174614,0.4439401565633589,0.12080570325978836,0.24369031278190795,3.1226108305914533,-0.024715019233596,-0.053548458762666874,0.0,0.0,0.0,0.0,0.0,0.0,-0.41143509204249185,-9.46355212773645,-16.214578083280934,0.29542256656751786,0.03101205240028485,0.015897368933187474,0.6496160626411438,-1.2680471700480958,-2.3852198123931885,-1.0968150657466431,1.5808219909667969,-0.9056685606585901,0.6496292948722839,-1.2680666607669373,-2.385249137878418,-1.0968020421317597,1.5808424949645996,-0.9056695143329065,1,7,1,0.0
2.39579305100051,0.44395327175183835,0.12080949554668094,0.24372277985004193,3.122629868422906,-0.02481153829950394,-0.053475777730233,0.4439401565633589,0.12080570325978836,0.24369031278190795,3.1226108305914533,-0.024715019233596,-0.053548458762666874,0.0,0.0,0.0,0.0,0.0,0.0,-0.4020679220755027,-9.569746815433582,-16.042193880128593,0.2991709497082804,0.03841951489836393,0.021587340583994627,0.6496249437332153,-1.26803873599086,-2.3852124214172363,-1.0968181651881714,1.5808296203613281,-0.905611817036764,0.6496292948722839,-1.2680666607669373,-2.385249137878418,-1.0968020421317597,1.5808424949645996,-0.9056695143329065,1,7,1,0.0
2.4038362329993106,0.4439270423812792,0.12081286108151609,0.24366616327655666,3.1226037299677487,-0.024627816456253053,-0.053563525130028676,0.4439401565633589,0.12080570325978836,0.24369031278190795,3.1226108305914533,-0.024715019233596,-0.053548458762666874,0.0,0.0,0.0,0.0,0.0,0.0,-0.6921680038573957,-9.167059791858996,-16.242745196791986,0.2928412873766968,0.01806239114905651,0.022800654795717246,0.6496611833572388,-1.268075243835785,-2.385289430618286,-1.0967654448798676,1.5808426141738892,-0.9056933561908167,0.6496292948722839,-1.2680666607669373,-2.385249137878418,-1.0968020421317597,1.5808424949645996,-0.9056695143329065,1,7,1,0.0
2.4117944559984608,0.44392308940277625,0.12081205833902121,0.24368877228295865,3.12261347903961,-0.024667095665961602,-0.053561225938000015,0.4439401565633589,0.12080570325978836,0.24369031278190795,3.1226108305914533,-0.024715019233596,-0.053548458762666874,0.0,0.0,0.0,0.0,0.0,0.0,-0.12940969211653852,-9.25373709933807,-15.974173700900213,0.29100261627294827,0.03300533117039273,0.01615429029104678,0.6496611833572388,-1.2680386763862153,-2.3852689266204834,-1.0968150657466431,1.5808501243591309,-0.9056685606585901,0.6496292948722839,-1.2680666607669373,-2.385249137878418,-1.0968020421317597,1.5808424949645996,-0.9056695143329065,1,7,1,0.0
2.419849419999082,0.4439552964665141,0.12082222818097542,0.24369974636740113,3.1226405099739907,-0.024675213364424665,-0.05356060420384966,0.4439401565633589,0.12080570325978836,0.24369031278190795,3.1226108305914533,-0.024715019233596,-0.053548458762666874,0.0,0.0,0.0,0.0,0.0,0.0,-0.8897189629636684,-9.195812012337486,-16.016343248084247,0.292748845242267,0.029222528019567384,0.008762437455554195,0.6496233940124512,-1.2680990558913727,-2.3852124214172363,-1.0967943233302613,1.5808696746826172,-0.9057014624225062,0.6496292948722839,-1.2680666607669373,-2.385249137878418,-1.0968020421317597,1.5808424949645996,-0.9056695143329065,1,7,1,0.0
2.42782328300018,0.44394128605472555,0.12080424457354375,0.24369921733745342,3.1226103685836297,-0.0247086351945307,-0.05347639324277976,0.4439401565633589,0.12080570325978836,0.24369031278190795,3.1226108305914533,-0.024715019233596,-0.053548458762666874,0.0,0.0,0.0,0.0,0.0,0.0,-0.20373900797044636,-9.366151148089347,-15.871148368100744,0.3020131008215418,0.036709455913586375,0.012844963825019326,0.6496412754058838,-1.26803873599086,-2.385256767272949,-1.0967868131450196,1.5808132886886597,-0.9056609312640589,0.6496292948722839,-1.2680666607669373,-2.385249137878418,-1.0968020421317597,1.5808424949645996,-0.9056695143329065,1,7,1,0.0
2.435663324999041,0.44395255281512785,0.12079935473580282,0.2436972591840035,3.122602674983686,-0.02477318341335533,-0.05349078682027406,0.4439401565633589,0.12080570325978836,0.24369031278190795,3.1226108305914533,-0.024715019233596,-0.053548458762666874,0.0,0.0,0.0,0.0,0.0,0.0,-0.6055055393712943,-9.366161885838592,-15.714414434525642,0.2965175182605311,0.015368583758202757,0.01719018956520965,0.6496161222457886,-1.2680668097785492,-2.385240316390991,-1.0967868131450196,1.5808132886886597,-0.90564471880068,0.6496292948722839,-1.2680666607669373,-2.385249137878418,-1.0968020421317597,1.5808424949645996,-0.9056695143329065,1,7,1,0.0
2.443915717998607,0.4439227893300456,0.12078538566681955,0.24366559216621642,3.1225358389316282,-0.024704142782326678,-0.05362154224457459,0.4439401565633589,0.12080570325978836,0.24369031278190795,3.1226108305914533,-0.024715019233596,-0.053548458762666874,0.0,0.0,0.0,0.0,0.0,0.0,-0.4874778265992909,-9.21014774593314,-15.74083823604731,0.28873008707461106,0.033379932781555606,0.013495145836543945,0.649632453918457,-1.2680710417083283,-2.385277509689331,-1.0968520802310486,1.5808132886886597,-0.905672852193014,0.6496292948722839,-1.2680666607669373,-2.385249137878418,-1.0968020421317597,1.5808424949645996,-0.9056695143329065,1,7,1,0.0
2.4518546649997006,0.44391817694234187,0.12080111734330502,0.24365710107826521,3.1225732560746566,-0.02472388637068031,-0.05359696134765705,0.4439401565633589,0.12080570325978836,0.24369031278190795,3.1226108305914533,-0.024715019233596,-0.053548458762666874,0.0,0.0,0.0,0.0,0.0,0.0,-0.19099371522360897,-9.22031374112035,-15.814797235370559,0.2833950861068733,0.041560607042610116,0.019520824328872567,0.6496567726135254,-1.268071011906006,-2.3853025436401367,-1.0967914027026673,1.580833911895752,-0.9056361357318323,0.6496292948722839,-1.2680666607669373,-2.385249137878418,-1.0968020421317597,1.5808424949645996,-0.9056695143329065,1,7,1,0.0
2.4598378449991287,0.4439465210475573,0.12081635865382911,0.24367445425870693,3.1226049609130118,-0.024652917691224012,-0.05354017078288286,0.4439401565633589,0.12080570325978836,0.24369031278190795,3.1226108305914533,-0.024715019233596,-0.053548458762666874,0.0,0.0,0.0,0.0,0.0,0.0,-0.7676749666921878,-9.247556973219133,-15.937368223171594,0.29137519412131846,0.020665034735961922,0.017500627533376965,0.6496448516845703,-1.2681033176234742,-2.3852577209472656,-1.0967566531947632,1.580833911895752,-0.9056933561908167,0.6496292948722839,-1.2680666607669373,-2.385249137878418,-1.0968020421317597,1.5808424949645996,-0.9056695143329065,1,7,1,0.0
2.4678879599996435,0.4439535475113584,0.12079481389027986,0.24368057234424373,3.122581169257431,-0.024784684466425445,-0.05352206912440546,0.4439401565633589,0.12080570325978836,0.24369031278190795,3.1226108305914533,-0.024715019233596,-0.053548458762666874,0.0,0.0,0.0,0.0,0.0,0.0,-0.7420106446188588,-9.149047310469383,-15.63360565100593,0.28945954127856827,0.015669509251754636,0.01852206016714246,0.6496086120605469,-1.2680955988219758,-2.385249137878418,-1.0967780214599152,1.5808089971542358,-0.90564471880068,0.6496292948722839,-1.2680666607669373,-2.385249137878418,-1.0968020421317597,1.5808424949645996,-0.9056695143329065,1,7,1,0.0
2.4758257959983894,0.44393825249065877,0.12079438511273953,0.24367531349426158,3.1225819039020006,-0.02469084995749365,-0.05356372484141655,0.4439401565633589,0.12080570325978836,0.24369031278190795,3.1226108305914533,-0.024715019233596,-0.053548458762666874,0.0,0.0,0.0,0.0,0.0,0.0,-0.7920480105546991,-9.372872990188215,-15.69514982686985,0.2975821889762144,0.009709174939982705,0.010549418284299856,0.649620532989502,-1.268079475765564,-2.385265350341797,-1.0967987340739747,1.5808252096176147,-0.9056933561908167,0.6496292948722839,-1.2680666607669373,-2.385249137878418,-1.0968020421317597,1.5808424949645996,-0.9056695143329065,1,7,1,0.0
2.483851966000657,0.44394048906271966,0.12079716578606499,0.24369994531199712,3.122648876913366,-0.024684182863157295,-0.05349702401797188,0.4439401565633589,0.12080570325978836,0.24369031278190795,3.1226108305914533,-0.024715019233596,-0.053548458762666874,0.0,0.0,0.0,0.0,0.0,0.0,-0.036913148097790005,-9.43005346296242,-16.192737809964925,0.29146372045033053,0.034184522900901605,0.012423665102062019,0.6496086120605469,-1.2680344742587586,-2.385261058807373,-1.096773551111557,1.5808501243591309,-0.9057100454913538,0.6496292948722839,-1.2680666607669373,-2.385249137878418,-1.0968020421317597,1.5808424949645996,-0.9056695143329065,1,7,1,0.0
2.4918103700001666,0.4439401778525464,0.12080613172089004,0.24368512660653108,3.1226027892128436,-0.02467938891786127,-0.05355477728280312,0.4439401565633589,0.12080570325978836,0.24369031278190795,3.1226108305914533,-0.024715019233596,-0.053548458762666874,0.0,0.0,0.0,0.0,0.0,0.0,-0.15798047952959715,-9.577490946935441,-15.738207815117882,0.2980172787885585,0.039497355177598045,0.00956727147177676,0.649632453918457,-1.268075243835785,-2.3852522373199463,-1.0967987042716523,1.5808382034301758,-0.9056890646563929,0.6496292948722839,-1.2680666607669373,-2.385249137878418,-1.0968020421317597,1.5808424949645996,-0.9056695143329065,1,7,1,0.0
2.4998719459981658,0.4439566395676143,0.12080104262612092,0.2436981341164936,3.122600502471001,-0.02468925062074659,-0.053521023051095594,0.4439401565633589,0.12080570325978836,0.24369031278190795,3.1226108305914533,-0.024715019233596,-0.053548458762666874,0.0,0.0,0.0,0.0,0.0,0.0,-0.2912301675500832,-9.264143394458063,-15.723396326243167,0.29165013936356743,0.024978436131936385,0.017369359405923414,0.6496086120605469,-1.268083707695343,-2.3852241039276123,-1.0968031150153656,1.5808219909667969,-0.9057062307940882,0.6496292948722839,-1.2680666607669373,-2.385249137878418,-1.0968020421317597,1.5808424949645996,-0.9056695143329065,1,7,1,0.0
2.507824117998098,0.4439292517227155,0.12080683252442889,0.2436689832939622,3.122588775932822,-0.024709009562583907,-0.053538099648369364,0.4439401565633589,0.12080570325978836,0.24369031278190795,3.1226108305914533,-0.024715019233596,-0.053548458762666874,0.0,0.0,0.0,0.0,0.0,0.0,-0.628693161730911,-9.509851380799388,-16.231879127839786,0.3020721259179675,0.017290832567273633,0.01708882831281601,0.6496583223342896,-1.2680675846389313,-2.385289430618286,-1.0967691999724885,1.5808219909667969,-0.9056437651263636,0.6496292948722839,-1.2680666607669373,-2.385249137878418,-1.0968020421317597,1.5808424949645996,-0.9056695143329065,1,7,1,0.0
2.515840690000914,0.4439263943687863,0.12079374996399724,0.24368513028643152,3.122585403592818,-0.0247035666964213,-0.053535805839111536,0.4439401565633589,0.12080570325978836,0.24369031278190795,3.1226108305914533,-0.024715019233596,-0.053548458762666874,0.0,0.0,0.0,0.0,0.0,0.0,-1.1071005727789625,-9.26526334029514,-16.03107889784626,0.2946451495843088,0.013228237026399626,0.012608356430149199,0.6496404409408569,-1.268034504061081,-2.38527774810791,-1.0968150657466431,1.580817699432373,-0.9056652227984827,0.6496292948722839,-1.2680666607669373,-2.385249137878418,-1.0968020421317597,1.5808424949645996,-0.9056695143329065,1,7,1,0.0
2.5238306829996873,0.44394386165149013,0.12080604232738709,0.24371231746445454,3.1226590860202372,-0.02472557129370812,-0.053567369494630944,0.4439401565633589,0.12080570325978836,0.24369031278190795,3.1226108305914533,-0.024715019233596,-0.053548458762666874,0.0,0.0,0.0,0.0,0.0,0.0,-0.3865428864787596,-9.211286787608643,-16.00127083612771,0.28587174204602783,0.03378094235907311,0.010230712831400089,0.6495997905731201,-1.2680506271174927,-2.3852198123931885,-1.0968270164779206,1.5808870792388916,-0.9056933561908167,0.6496292948722839,-1.2680666607669373,-2.385249137878418,-1.0968020421317597,1.5808424949645996,-0.9056695143329065,1,7,1,0.0
2.5318559420011297,0.44392629922728116,0.1208157207828905,0.24367850107346506,3.1226214635332012,-0.024730127761473063,-0.053605897371553225,0.4439401565633589,0.12080570325978836,0.24369031278190795,3.1226108305914533,-0.024715019233596,-0.053548458762666874,0.0,0.0,0.0,0.0,0.0,0.0,-0.4037583082433901,-9.429195276764595,-15.62552184299249,0.30321398674411415,0.030590288773240038,0.01886346882463555,0.649649441242218,-1.2680710417083283,-2.385265350341797,-1.096803144817688,1.5808751583099365,-0.9056404272662562,0.6496292948722839,-1.2680666607669373,-2.385249137878418,-1.0968020421317597,1.5808424949645996,-0.9056695143329065,1,7,1,0.0
2.5398233419982716,0.4439412585545781,0.12079570919903154,0.24367519781816718,3.122555282222653,-0.024729645331683387,-0.05357274423546588,0.4439401565633589,0.12080570325978836,0.24369031278190795,3.1226108305914533,-0.024715019233596,-0.053548458762666874,0.0,0.0,0.0,0.0,0.0,0.0,-0.38309211514526886,-9.290380686875295,-15.660615688525596,0.2981874485138903,0.03310386302719533,0.023574795227153493,0.6496278047561646,-1.2680913370898743,-2.385253429412842,-1.096819446688034,1.5808089971542358,-0.9056609312640589,0.6496292948722839,-1.2680666607669373,-2.385249137878418,-1.0968020421317597,1.5808424949645996,-0.9056695143329065,1,7,1,0.0
2.547817752998526,0.443901580944018,0.12079683867285242,0.24364513272800345,3.1225535285853723,-0.02464644576556839,-0.05366712780277642,0.4439401565633589,0.12080570325978836,0.24369031278190795,3.1226108305914533,-0.024715019233596,-0.053548458762666874,0.0,0.0,0.0,0.0,0.0,0.0,-0.26708914015058893,-9.174032824002115,-15.699720823534296,0.29333022119503593,0.038063762648439636,0.012480493221160408,0.6496657729148865,-1.2680667501739045,-2.3853187561035156,-1.0968269866755982,1.580845832824707,-0.9056771437274378,0.6496292948722839,-1.2680666607669373,-2.385249137878418,-1.0968020421317597,1.5808424949645996,-0.9056695143329065,1,7,1,0.0
2.555776467001124,0.4439269372335505,0.12079650078980902,0.2436669644903634,3.122582127468957,-0.024587190297527893,-0.053506021093404556,0.4439401565633589,0.12080570325978836,0.24369031278190795,3.1226108305914533,-0.024715019233596,-0.053548458762666874,0.0,0.0,0.0,0.0,0.0,0.0,-0.7049869002295798,-9.310773261058205,-15.714713834234168,0.2912753396712745,0.027588007108390773,0.010345099518893569,0.6496538519859314,-1.2680506271174927,-2.3853065967559814,-1.0967580539039155,1.5808013677597046,-0.9057257811175745,0.6496292948722839,-1.2680666607669373,-2.385249137878418,-1.0968020421317597,1.5808424949645996,-0.9056695143329065,1,7,1,0.0
2.5638102519988024,0.44392651036864333,0.12076198847176581,0.24365313931086213,3.122543001632552,-0.02482433926553709,-0.05360692475921994,0.4439401565633589,0.12080570325978836,0.24369031278190795,3.1226108305914533,-0.024715019233596,-0.053548458762666874,0.0,0.0,0.0,0.0,0.0,0.0,-0.48988790993315323,-9.391718783110688,-15.729301760134764,0.2886574717611276,0.028390077306455642,0.0043409784952079915,0.6495834589004517,-1.268075243835785,-2.3853025436401367,-1.0968106252006073,1.5808132886886597,-0.90564471880068,0.6496292948722839,-1.2680666607669373,-2.385249137878418,-1.0968020421317597,1.5808424949645996,-0.9056695143329065,1,7,1,0.0
2.5718156629991427,0.44392127047422225,0.12079270813385527,0.24365650325914767,3.122559887504783,-0.02469826526783245,-0.05364510348553941,0.4439401565633589,0.12080570325978836,0.24369031278190795,3.1226108305914533,-0.024715019233596,-0.053548458762666874,0.0,0.0,0.0,0.0,0.0,0.0,-0.43480058493880097,-8.925689388939821,-15.770752337627805,0.27692846365990403,0.024101117508326268,0.02320483047696146,0.649632453918457,-1.2680871349624177,-2.385286331176758,-1.0968240064433594,1.5808415412902832,-0.9056771437274378,0.6496292948722839,-1.2680666607669373,-2.385249137878418,-1.0968020421317597,1.5808424949645996,-0.9056695143329065,1,7,1,0.0
2.579825813001662,0.44394085268798233,0.12079152189340253,0.2436910842454285,3.1226079791446786,-0.024715475273738557,-0.05347210377108637,0.4439401565633589,0.12080570325978836,0.24369031278190795,3.1226108305914533,-0.024715019233596,-0.053548458762666874,0.0,0.0,0.0,0.0,0.0,0.0,-0.7799172754417205,-9.277297677599282,-16.005070935376693,0.2911443566770908,0.012659066929087031,0.015467737943726769,0.649620532989502,-1.2680387061885376,-2.3852732181549072,-1.0967698258212586,1.5808089971542358,-0.9056771437274378,0.6496292948722839,-1.2680666607669373,-2.385249137878418,-1.0968020421317597,1.5808424949645996,-0.9056695143329065,1,7,1,0.0
2.587792461999925,0.44396626089438224,0.12080137899891152,0.24371767417806656,3.122622119328916,-0.024756342411074442,-0.05342537460980273,0.4439401565633589,0.12080570325978836,0.24369031278190795,3.1226108305914533,-0.024715019233596,-0.053548458762666874,0.0,0.0,0.0,0.0,0.0,0.0,-0.2883950296012243,-9.116978900279848,-15.993273678329755,0.28594642165471107,0.02398810813082029,0.012824464396434454,0.6496070623397827,-1.2680548888495942,-2.38521671295166,-1.0967779916575928,1.5808013677597046,-0.9056642691241663,0.6496292948722839,-1.2680666607669373,-2.385249137878418,-1.0968020421317597,1.5808424949645996,-0.9056695143329065,1,7,1,0.0
2.5958042460006254,0.4439443045486737,0.12081156621549823,0.2437075114309062,3.122648889340263,-0.024716793729546046,-0.05348267382393546,0.4439401565633589,0.12080570325978836,0.24369031278190795,3.1226108305914533,-0.024715019233596,-0.053548458762666874,0.0,0.0,0.0,0.0,0.0,0.0,-0.5346087082409549,-9.172052791057759,-15.95167081616819,0.292201928359681,0.025184197284369776,0.018695464134743683,0.649632453918457,-1.2680387061885376,-2.385244846343994,-1.0967780214599152,1.580845832824707,-0.9056652227984827,0.6496292948722839,-1.2680666607669373,-2.385249137878418,-1.0968020421317597,1.5808424949645996,-0.9056695143329065,1,7,1,0.0
2.6038028049988498,0.44394758191060535,0.12080433764378148,0.2436952028418754,3.1226213668325618,-0.02471700109577038,-0.053455665154729215,0.4439401565633589,0.12080570325978836,0.24369031278190795,3.1226108305914533,-0.024715019233596,-0.053548458762666874,0.0,0.0,0.0,0.0,0.0,0.0,-0.9812579058837392,-8.853128457269575,-15.807357295435782,0.2801283710972946,0.018442303637231608,0.0073782286527922115,0.649632453918457,-1.2680506569198151,-2.385261058807373,-1.0967534941485901,1.5808132886886597,-0.9056642691241663,0.6496292948722839,-1.2680666607669373,-2.385249137878418,-1.0968020421317597,1.5808424949645996,-0.9056695143329065,1,7,1,0.0
2.611831089001498,0.443919713739219,0.12078665533812889,0.24365472046471076,3.1225737497616075,-0.024697471430764253,-0.05357804877897268,0.4439401565633589,0.12080570325978836,0.24369031278190795,3.1226108305914533,-0.024715019233596,-0.053548458762666874,0.0,0.0,0.0,0.0,0.0,0.0,-0.3200557255719405,-9.190766912377358,-15.828825766344295,0.2901168060231465,0.031197644360726917,0.024189592696767157,0.649632453918457,-1.2680633527091523,-2.3853142261505127,-1.0967780214599152,1.5808252096176147,-0.9056771437274378,0.6496292948722839,-1.2680666607669373,-2.385249137878418,-1.0968020421317597,1.5808424949645996,-0.9056695143329065,1,7,1,0.0
2.619799732001411,0.4439500821325013,0.12080696697323569,0.24372296832450852,3.1226601083171213,-0.024721742417845305,-0.05344034047002361,0.4439401565633589,0.12080570325978836,0.24369031278190795,3.1226108305914533,-0.024715019233596,-0.053548458762666874,0.0,0.0,0.0,0.0,0.0,0.0,-0.6032489449004874,-9.415633477829239,-15.857729421405537,0.2957963810338923,0.015773750443676984,0.015326527838720525,0.649620532989502,-1.2680183214000245,-2.385232925415039,-1.0967824024013062,1.5808371305465698,-0.9056738058673304,0.6496292948722839,-1.2680666607669373,-2.385249137878418,-1.0968020421317597,1.5808424949645996,-0.9056695143329065,1,7,1,0.0
2.627805523999996,0.44394768523492956,0.12081305228461846,0.2436977473168678,3.122593556430901,-0.024567484864575106,-0.053470839180178656,0.4439401565633589,0.12080570325978836,0.24369031278190795,3.1226108305914533,-0.024715019233596,-0.053548458762666874,0.0,0.0,0.0,0.0,0.0,0.0,-0.5880424928312565,-9.052246918825215,-16.0406524956629,0.28048853379301214,0.028377141385903096,0.011459719517263921,0.6496583223342896,-1.2680591207793732,-2.385244846343994,-1.0967868727496644,1.5807958841323853,-0.905733887349264,0.6496292948722839,-1.2680666607669373,-2.385249137878418,-1.0968020421317597,1.5808424949645996,-0.9056695143329065,1,7,1,0.0
2.635808832001203,0.44393174567644705,0.12079410319723981,0.24367287288692005,3.1226112084173896,-0.02470404347389953,-0.053598755963406526,0.4439401565633589,0.12080570325978836,0.24369031278190795,3.1226108305914533,-0.024715019233596,-0.053548458762666874,0.0,0.0,0.0,0.0,0.0,0.0,-0.42809712710906345,-9.177882204268878,-15.74778400474061,0.29012606345849473,0.025683843528212066,0.021479921016490308,0.6496086120605469,-1.268075243835785,-2.3852732181549072,-1.0967943233302613,1.5808621644973755,-0.9056976477252405,0.6496292948722839,-1.2680666607669373,-2.385249137878418,-1.0968020421317597,1.5808424949645996,-0.9056695143329065,1,7,1,0.0
2.6438710699985677,0.4439494672092646,0.12081527558751062,0.2437182830825419,3.1226660871210594,-0.024736213170351233,-0.05350052564447497,0.4439401565633589,0.12080570325978836,0.24369031278190795,3.1226108305914533,-0.024715019233596,-0.053548458762666874,0.0,0.0,0.0,0.0,0.0,0.0,-0.5596326362948545,-9.146384947649505,-15.693030478077945,0.2897271962304919,0.026032982491748298,0.007936304128367353,0.649620532989502,-1.268042967920639,-2.385221004486084,-1.0967957538417359,1.5808664560317993,-0.9056652227984827,0.6496292948722839,-1.2680666607669373,-2.385249137878418,-1.0968020421317597,1.5808424949645996,-0.9056695143329065,1,7,1,0.0
2.6518341720002354,0.4439410685427742,0.1208108661789404,0.24370839092263946,3.1226147973855785,-0.024780464997932714,-0.053504456732711266,0.4439401565633589,0.12080570325978836,0.24369031278190795,3.1226108305914533,-0.024715019233596,-0.053548458762666874,0.0,0.0,0.0,0.0,0.0,0.0,-1.293426932590531,-9.12496664649939,-15.779233308698602,0.29295723857451905,0.007767741556568024,0.014827107769846377,0.6496448516845703,-1.2680387657931824,-2.3852360248565674,-1.0968181949904938,1.5808296203613281,-0.905611817036764,0.6496292948722839,-1.2680666607669373,-2.385249137878418,-1.0968020421317597,1.5808424949645996,-0.9056695143329065,1,7,1,0.0
2.659833992998756,0.4439308704822393,0.12079742392151556,0.24368907881166071,3.1225983631948013,-0.024766938013635036,-0.05355980279113153,0.4439401565633589,0.12080570325978836,0.24369031278190795,3.1226108305914533,-0.024715019233596,-0.053548458762666874,0.0,0.0,0.0,0.0,0.0,0.0,-0.6304791370560409,-9.332356044286138,-15.83631422851008,0.2955294519811654,0.02557295171767536,0.006960212932281563,0.6496294140815735,-1.2680471998504181,-2.385261058807373,-1.0968225759318848,1.5808383226394653,-0.9056361357318323,0.6496292948722839,-1.2680666607669373,-2.385249137878418,-1.0968020421317597,1.5808424949645996,-0.9056695143329065,1,7,1,0.0
2.667892102999758,0.4439213783193455,0.12079729158667306,0.24366486321890807,3.1226134410321253,-0.024678284822236697,-0.05359334468217567,0.4439401565633589,0.12080570325978836,0.24369031278190795,3.1226108305914533,-0.024715019233596,-0.053548458762666874,0.0,0.0,0.0,0.0,0.0,0.0,-0.5860895074866359,-9.64118102655603,-15.528031236787616,0.3040347348441366,0.022533642078363433,0.016478579198923315,0.6496293544769287,-1.2680625182441254,-2.385298252105713,-1.0967779916575928,1.580862045288086,-0.9056933561908167,0.6496292948722839,-1.2680666607669373,-2.385249137878418,-1.0968020421317597,1.5808424949645996,-0.9056695143329065,1,7,1,0.0
2.675670059001277,0.44396518528259443,0.12077646728843515,0.24371123422609636,3.1226079781277223,-0.02481333309776065,-0.05347327112373201,0.4439401565633589,0.12080570325978836,0.24369031278190795,3.1226108305914533,-0.024715019233596,-0.053548458762666874,0.0,0.0,0.0,0.0,0.0,0.0,-0.014336901335817998,-9.360795265791516,-15.794638727077215,0.2960228481801898,0.03923011039735385,0.019154191584713626,0.6495579481124878,-1.2680590611747284,-2.3852198123931885,-1.0968031746200104,1.5808088779449463,-0.9056771437274378,0.6496292948722839,-1.2680666607669373,-2.385249137878418,-1.0968020421317597,1.5808424949645996,-0.9056695143329065,1,7,1,0.0
2.6838086399984604,0.44391798241470143,0.12079570785816894,0.24365577408742134,3.122558912239547,-0.024671261276789144,-0.05361689428882803,0.4439401565633589,0.12080570325978836,0.24369031278190795,3.1226108305914533,-0.024715019233596,-0.053548458762666874,0.0,0.0,0.0,0.0,0.0,0.0,-1.3010838984638937,-9.137575189696268,-15.8496088946146,0.286944897788717,0.006037914137265492,0.01632932943367031,0.649649441242218,-1.268075243835785,-2.385298252105713,-1.0968106550029297,1.5808295011520386,-0.9056771437274378,0.6496292948722839,-1.2680666607669373,-2.385249137878418,-1.0968020421317597,1.5808424949645996,-0.9056695143329065,1,7,1,0.0
2.691635988001508,0.4439470178924265,0.12078040221613376,0.2436579625703506,3.1224873336933747,-0.024715264186486313,-0.0535422174452954,0.4439401565633589,0.12080570325978836,0.24369031278190795,3.1226108305914533,-0.024715019233596,-0.053548458762666874,0.0,0.0,0.0,0.0,0.0,0.0,-0.1725832808635286,-9.321859504573851,-15.73103686445703,0.29599990717661157,0.029436953382652082,0.015767592099565717,0.6496278643608093,-1.2681116622737427,-2.3852689266204834,-1.0968106550029297,1.5807430744171143,-0.9056685606585901,0.6496292948722839,-1.2680666607669373,-2.385249137878418,-1.0968020421317597,1.5808424949645996,-0.9056695143329065,1,7,1,0.0
2.6998149739993096,0.44392235215107173,0.1207972308107169,0.24366437927563772,3.1225671758682516,-0.024783718520249524,-0.05367838468490138,0.4439401565633589,0.12080570325978836,0.24369031278190795,3.1226108305914533,-0.024715019233596,-0.053548458762666874,0.0,0.0,0.0,0.0,0.0,0.0,-0.5463941956663538,-9.23058643409148,-15.878234794558917,0.2830472018162425,0.026829644547178212,0.014734585521090422,0.6496278643608093,-1.268091396694519,-2.385265350341797,-1.0968521696380158,1.5808621644973755,-0.9056275526629847,0.6496292948722839,-1.2680666607669373,-2.385249137878418,-1.0968020421317597,1.5808424949645996,-0.9056695143329065,1,7,1,0.0
2.707807270999183,0.44393165923613787,0.12078678744827519,0.243671145034059,3.122627754940533,-0.024794217964294468,-0.05359668457619195,0.4439401565633589,0.12080570325978836,0.24369031278190795,3.1226108305914533,-0.024715019233596,-0.053548458762666874,0.0,0.0,0.0,0.0,0.0,0.0,-0.4820451011633041,-9.057591019352195,-15.773637339388747,0.2905371186361868,0.030973869828255132,0.0196918310266911,0.6495878100395203,-1.2680709821036835,-2.385282039642334,-1.0967779916575928,1.5808751583099365,-0.9056609312640589,0.6496292948722839,-1.2680666607669373,-2.385249137878418,-1.0968020421317597,1.5808424949645996,-0.9056695143329065,1,7,1,0.0
2.715793406998273,0.44394032224429464,0.12080594961027852,0.24369379110126793,3.122649435279479,-0.02476459355242748,-0.053573079547790566,0.4439401565633589,0.12080570325978836,0.24369031278190795,3.1226108305914533,-0.024715019233596,-0.053548458762666874,0.0,0.0,0.0,0.0,0.0,0.0,-0.852432632376906,-9.066525206944766,-16.017040936984387,0.28827165666916765,0.010958510365913198,0.005217235241297705,0.6496070027351379,-1.2680667799762269,-2.385244846343994,-1.0967943233302613,1.5808827877044678,-0.9056609312640589,0.6496292948722839,-1.2680666607669373,-2.385249137878418,-1.0968020421317597,1.5808424949645996,-0.9056695143329065,1,7,1,0.0
2.7238050599989947,0.4439461801771475,0.12080557657419677,0.24370072661654363,3.1225719632112727,-0.024715837672101146,-0.0535507362336871,0.4439401565633589,0.12080570325978836,0.24369031278190795,3.1226108305914533,-0.024715019233596,-0.053548458762666874,0.0,0.0,0.0,0.0,0.0,0.0,-0.7862435975115986,-9.161796425224447,-15.946236975012523,0.28233458700963837,0.016882434521871544,0.006949497382236956,0.6496368646621704,-1.268071011906006,-2.3852198123931885,-1.0968521696380158,1.5808132886886597,-0.9056609312640589,0.6496292948722839,-1.2680666607669373,-2.385249137878418,-1.0968020421317597,1.5808424949645996,-0.9056695143329065,1,7,1,0.0
2.731805401999736,0.4439662801903983,0.12079596218755846,0.24372301211075087,3.1226305388157582,-0.024755006242916835,-0.05341817958547274,0.4439401565633589,0.12080570325978836,0.24369031278190795,3.1226108305914533,-0.024715019233596,-0.053548458762666874,0.0,0.0,0.0,0.0,0.0,0.0,-0.3978418623318576,-9.280427717812943,-15.910029214784823,0.29394445420361254,0.030430416408596946,0.012782699656332872,0.6495951414108276,-1.2680429381183167,-2.3852155208587646,-1.0967824322036286,1.5808045864105225,-0.9056771437274378,0.6496292948722839,-1.2680666607669373,-2.385249137878418,-1.0968020421317597,1.5808424949645996,-0.9056695143329065,1,7,1,0.0
2.740022128000419,0.4439363534531781,0.12081957500504632,0.24369621904037214,3.1226322758395804,-0.02468376467066507,-0.05353577403011926,0.4439401565633589,0.12080570325978836,0.24369031278190795,3.1226108305914533,-0.024715019233596,-0.053548458762666874,0.0,0.0,0.0,0.0,0.0,0.0,-0.3377541624033077,-9.101496155978738,-16.15068932730709,0.2785218933047935,0.03298430637369078,0.023784233412674473,0.6496538519859314,-1.2680548590472718,-2.385249137878418,-1.0967943233302613,1.5808545351028442,-0.9056652227984827,0.6496292948722839,-1.2680666607669373,-2.385249137878418,-1.0968020421317597,1.5808424949645996,-0.9056695143329065,1,7,1,0.0
2.7478060260000348,0.4439214566141376,0.12080518407189098,0.24365655909180559,3.122604755347683,-0.02475015405470222,-0.05365751073722047,0.4439401565633589,0.12080570325978836,0.24369031278190795,3.1226108305914533,-0.024715019233596,-0.053548458762666874,0.0,0.0,0.0,0.0,0.0,0.0,-0.6123066284471852,-9.177105700806592,-16.0203611330737,0.28526546810731696,0.015523204295219487,0.015748788503769623,0.649632453918457,-1.268094853763916,-2.385286331176758,-1.096794293527939,1.5808826684951782,-0.90564471880068,0.6496292948722839,-1.2680666607669373,-2.385249137878418,-1.0968020421317597,1.5808424949645996,-0.9056695143329065,1,7,1,0.0
2.756116517000919,0.4439474348311902,0.12080042561896807,0.2436895809413503,3.1225893510971487,-0.02468548893439177,-0.05350856542987185,0.4439401565633589,0.12080570325978836,0.24369031278190795,3.1226108305914533,-0.024715019233596,-0.053548458762666874,0.0,0.0,0.0,0.0,0.0,0.0,-0.4375660419330961,-9.205059404099263,-15.601989346902831,0.2922576379990889,0.021650654996218835,0.013797428692570873,0.6496278643608093,-1.268071011906006,-2.385249137878418,-1.0967914027026673,1.5808088779449463,-0.9056890646563929,0.6496292948722839,-1.2680666607669373,-2.385249137878418,-1.0968020421317597,1.5808424949645996,-0.9056695143329065,1,7,1,0.0
2.763810857999488,0.44392198077023715,0.12079283559704317,0.24365046595689227,3.122600419558096,-0.024735345029677308,-0.05359525001949261,0.4439401565633589,0.12080570325978836,0.24369031278190795,3.1226108305914533,-0.024715019233596,-0.053548458762666874,0.0,0.0,0.0,0.0,0.0,0.0,-0.5433051826498185,-9.399860352500543,-15.64309406082454,0.3006629926650544,0.02102427731486552,0.019400059497342054,0.6496249437332153,-1.2680794459632416,-2.385314464569092,-1.0967534941485901,1.5808534622192383,-0.9056609312640589,0.6496292948722839,-1.2680666607669373,-2.385249137878418,-1.0968020421317597,1.5808424949645996,-0.9056695143329065,1,7,1,0.0
2.7718430290005927,0.44396566382554603,0.12081160761765732,0.24371653729400705,3.12264145445748,-0.024717486453464107,-0.05343688385381446,0.4439401565633589,0.12080570325978836,0.24369031278190795,3.1226108305914533,-0.024715019233596,-0.053548458762666874,0.0,0.0,0.0,0.0,0.0,0.0,-0.9522489184532138,-9.108516845000485,-15.807252043891244,0.28976782093941894,0.010216486529036471,0.0060515379877544954,0.6496161222457886,-1.2680625778487702,-2.3852155208587646,-1.0967654448798676,1.5808207988739014,-0.9056804815875452,0.6496292948722839,-1.2680666607669373,-2.385249137878418,-1.0968020421317597,1.5808424949645996,-0.9056695143329065,1,7,1,0.0
2.7800755349999235,0.44393547980841697,0.12080064270048933,0.24369771693506276,3.122556251559918,-0.024625742079021153,-0.053554530480167485,0.4439401565633589,0.12080570325978836,0.24369031278190795,3.1226108305914533,-0.024715019233596,-0.053548458762666874,0.0,0.0,0.0,0.0,0.0,0.0,-0.6027670334145784,-9.43244488547468,-15.680048635876998,0.2993468490757044,0.020623810142969212,0.017027412769274882,0.6496495604515076,-1.2680506569198151,-2.3852360248565674,-1.0968684715083619,1.5808013677597046,-0.90570575395693,0.6496292948722839,-1.2680666607669373,-2.385249137878418,-1.0968020421317597,1.5808424949645996,-0.9056695143329065,1,7,1,0.0
2.787912611998763,0.44394777578203704,0.12081168939159728,0.24371270324026753,3.1226464996772516,-0.02476140684728936,-0.05344453637836735,0.4439401565633589,0.12080570325978836,0.24369031278190795,3.1226108305914533,-0.024715019233596,-0.053548458762666874,0.0,0.0,0.0,0.0,0.0,0.0,-0.5884135726355074,-9.131157032744014,-15.448578069012095,0.29052105324634847,0.025734047930344502,0.0076087998473316,0.6496368646621704,-1.2680303019336243,-2.3852436542510986,-1.0967698258212586,1.5808295011520386,-0.9056318441974085,0.6496292948722839,-1.2680666607669373,-2.385249137878418,-1.0968020421317597,1.5808424949645996,-0.9056695143329065,1,7,1,0.0
2.7958440449983755,0.44390553128656274,0.1207794014562108,0.2436319793496709,3.1225635441973254,-0.02481396193082802,-0.05369580017338222,0.4439401565633589,0.12080570325978836,0.24369031278190795,3.1226108305914533,-0.024715019233596,-0.053548458762666874,0.0,0.0,0.0,0.0,0.0,0.0,-1.067825042418094,-9.6189234399052,-15.850199476439952,0.2997086165109551,0.01646936445342276,0.012006410737369204,0.6496160626411438,-1.26808716476474,-2.3853306770324707,-1.096801833515503,1.5808664560317993,-0.9056199232684534,0.6496292948722839,-1.2680666607669373,-2.385249137878418,-1.0968020421317597,1.5808424949645996,-0.9056695143329065,1,7,1,0.0
2.8038550169985683,0.4439366344626409,0.1207857246763828,0.2436787350411304,3.122602353392127,-0.024665820428757187,-0.053537716214201905,0.4439401565633589,0.12080570325978836,0.24369031278190795,3.1226108305914533,-0.024715019233596,-0.053548458762666874,0.0,0.0,0.0,0.0,0.0,0.0,-0.7527924337690048,-9.301858740070482,-15.653710789720849,0.28999765738495203,0.020240320211901836,0.022105791901065597,0.6496042013168335,-1.2680583459189911,-2.385277509689331,-1.0967824024013062,1.5808296203613281,-0.9057257811175745,0.6496292948722839,-1.2680666607669373,-2.385249137878418,-1.0968020421317597,1.5808424949645996,-0.9056695143329065,1,7,1,0.0
2.8119422310010123,0.4439359539143416,0.12078181401338595,0.24366748833400262,3.122558098514984,-0.02469001469667394,-0.053540501586441885,0.4439401565633589,0.12080570325978836,0.24369031278190795,3.1226108305914533,-0.024715019233596,-0.053548458762666874,0.0,0.0,0.0,0.0,0.0,0.0,-0.7276860770870537,-9.286385271263777,-15.73567061834691,0.2981930937290476,0.017533804101107744,0.01347633306127066,0.6496161222457886,-1.2680717569640656,-2.3852851390838623,-1.096789912586548,1.5807969570159912,-0.9056976477252405,0.6496292948722839,-1.2680666607669373,-2.385249137878418,-1.0968020421317597,1.5808424949645996,-0.9056695143329065,1,7,1,0.0
2.8202543160005007,0.4439207509559803,0.12080772924923087,0.24364441375517287,3.1225700148143622,-0.024639702803403354,-0.05365833943808581,0.4439401565633589,0.12080570325978836,0.24369031278190795,3.1226108305914533,-0.024715019233596,-0.053548458762666874,0.0,0.0,0.0,0.0,0.0,0.0,-0.5240851285444774,-9.389157791155604,-15.908453828208865,0.2947373214037669,0.02272805093869156,0.018164542354428454,0.6496539115905762,-1.2681117218783875,-2.3852949142456055,-1.0967914027026673,1.5808545351028442,-0.9056933561908167,0.6496292948722839,-1.2680666607669373,-2.385249137878418,-1.0968020421317597,1.5808424949645996,-0.9056695143329065,1,7,1,0.0
2.82789817199955,0.44392343067869683,0.12079567091626947,0.24364474262307212,3.1225713683330367,-0.024698153227627,-0.05363361622252751,0.4439401565633589,0.12080570325978836,0.24369031278190795,3.1226108305914533,-0.024715019233596,-0.053548458762666874,0.0,0.0,0.0,0.0,0.0,0.0,-0.714573565143962,-9.242027168418387,-16.08341615158664,0.2997768595287177,0.021633909283017158,0.0159800903467384,0.649632453918457,-1.2681032878211518,-2.3853025436401367,-1.0967788261226197,1.580845832824707,-0.9056771437274378,0.6496292948722839,-1.2680666607669373,-2.385249137878418,-1.0968020421317597,1.5808424949645996,-0.9056695143329065,1,7,1,0.0
2.8356470340004307,0.4439248734806273,0.12078812962224802,0.24365918771059522,3.1226028491911944,-0.024783309032218797,-0.05359223582667879,0.4439401565633589,0.12080570325978836,0.24369031278190795,3.1226108305914533,-0.024715019233596,-0.053548458762666874,0.0,0.0,0.0,0.0,0.0,0.0,-0.6631646033320326,-9.433110828061293,-15.942409524729108,0.2943990586870419,0.016124488610942886,0.014794539470803936,0.6496114730834961,-1.268071786766388,-2.3853025436401367,-1.0967698258212586,1.5808545351028442,-0.9056437651263636,0.6496292948722839,-1.2680666607669373,-2.385249137878418,-1.0968020421317597,1.5808424949645996,-0.9056695143329065,1,7,1,0.0
2.8441587909983355,0.443949018792162,0.12080367684433592,0.24371276554176863,3.122639427810965,-0.024703630748612274,-0.0535143794196473,0.4439401565633589,0.12080570325978836,0.24369031278190795,3.1226108305914533,-0.024715019233596,-0.053548458762666874,0.0,0.0,0.0,0.0,0.0,0.0,-1.116271816181726,-9.092127793670965,-15.934313940645803,0.2935455423630359,0.007736217418043044,0.026399875744852475,0.6496086716651917,-1.2680471700480958,-2.3852241039276123,-1.0968121451190491,1.5808501243591309,-0.9056976477252405,0.6496292948722839,-1.2680666607669373,-2.385249137878418,-1.0968020421317597,1.5808424949645996,-0.9056695143329065,1,7,1,0.0
2.8519763320000493,0.4439413362358808,0.12081854943059862,0.24366832675803252,3.1225711815652115,-0.024676495537353113,-0.05354051852279599,0.4439401565633589,0.12080570325978836,0.24369031278190795,3.1226108305914533,-0.024715019233596,-0.053548458762666874,0.0,0.0,0.0,0.0,0.0,0.0,-0.7693145038960233,-9.213447982995781,-15.902970701261355,0.2953945515175099,0.015049272651685512,0.019004706460910497,0.6496702432632446,-1.2681032878211518,-2.385265350341797,-1.0967698258212586,1.5808089971542358,-0.9056523481952112,0.6496292948722839,-1.2680666607669373,-2.385249137878418,-1.0968020421317597,1.5808424949645996,-0.9056695143329065,1,7,1,0.0
2.8603058090011473,0.4439372467753308,0.12079858228830138,0.24366393732997688,3.122559567705775,-0.02470444771089932,-0.05362740678802579,0.4439401565633589,0.12080570325978836,0.24369031278190795,3.1226108305914533,-0.024715019233596,-0.053548458762666874,0.0,0.0,0.0,0.0,0.0,0.0,-0.27443020518085537,-9.523850612901581,-15.591745905430615,0.30306145361221576,0.024694147177425838,0.026571449751805826,0.6496249437332153,-1.2681116920760651,-2.3852577209472656,-1.0968194764903565,1.580833911895752,-0.9056804815875452,0.6496292948722839,-1.2680666607669373,-2.385249137878418,-1.0968020421317597,1.5808424949645996,-0.9056695143329065,1,7,1,0.0
2.8679603450000286,0.4439110945671464,0.12079345460857778,0.24368080317658308,3.122617722036709,-0.02478285468911018,-0.053653279493969114,0.4439401565633589,0.12080570325978836,0.24369031278190795,3.1226108305914533,-0.024715019233596,-0.053548458762666874,0.0,0.0,0.0,0.0,0.0,0.0,-0.7229200684159567,-9.159822807770347,-16.072196996470776,0.2841276139540973,0.011429786947054729,0.01675806249807585,0.649620532989502,-1.2680353087237854,-2.38527774810791,-1.0968521398356934,1.5808913707733154,-0.9056361357318323,0.6496292948722839,-1.2680666607669373,-2.385249137878418,-1.0968020421317597,1.5808424949645996,-0.9056695143329065,1,7,1,0.0
2.8760355170015828,0.44393540176871404,0.12081398210443955,0.24368736873258884,3.1226076608276996,-0.02462135523809028,-0.05358709513585904,0.4439401565633589,0.12080570325978836,0.24369031278190795,3.1226108305914533,-0.024715019233596,-0.053548458762666874,0.0,0.0,0.0,0.0,0.0,0.0,-1.007631515213217,-9.330968892598767,-15.694641088087513,0.296032376189081,0.017141502992239755,0.016312793991910084,0.6496447920799255,-1.2680752140334626,-2.385244846343994,-1.0968194764903565,1.5808545351028442,-0.9057143370257776,0.6496292948722839,-1.2680666607669373,-2.385249137878418,-1.0968020421317597,1.5808424949645996,-0.9056695143329065,1,7,1,0.0
2.8838211570000567,0.44395768129344765,0.12081946103007328,0.24372982566973034,3.122653875686778,-0.024677936123099917,-0.05345593551108554,0.4439401565633589,0.12080570325978836,0.24369031278190795,3.1226108305914533,-0.024715019233596,-0.053548458762666874,0.0,0.0,0.0,0.0,0.0,0.0,-1.010021261489935,-9.178984061686815,-15.746420822735072,0.2847088569369344,0.007479431571692777,0.013762247829553634,0.649632453918457,-1.26803873599086,-2.3852035999298096,-1.096803144817688,1.5808382034301758,-0.9056900183307093,0.6496292948722839,-1.2680666607669373,-2.385249137878418,-1.0968020421317597,1.5808424949645996,-0.9056695143329065,1,7,1,0.0
2.8918014420014515,0.44393551303846596,0.12080625449549973,0.2436961395682239,3.122622631366927,-0.024730012225744873,-0.05352446944728441,0.4439401565633589,0.12080570325978836,0.24369031278190795,3.1226108305914533,-0.024715019233596,-0.053548458762666874,0.0,0.0,0.0,0.0,0.0,0.0,-0.7880076030432874,-9.070348743723473,-15.923205208336574,0.2868041593356659,0.01389371791812884,0.02036503917892496,0.6496368646621704,-1.268042967920639,-2.385256767272949,-1.0967987340739747,1.5808426141738892,-0.9056523481952112,0.6496292948722839,-1.2680666607669373,-2.385249137878418,-1.0968020421317597,1.5808424949645996,-0.9056695143329065,1,7,1,0.0
2.8998296159988968,0.4439277640703771,0.12079028928259274,0.2436790802727139,3.122567577307716,-0.024622354576420584,-0.05359372959971344,0.4439401565633589,0.12080570325978836,0.24369031278190795,3.1226108305914533,-0.024715019233596,-0.053548458762666874,0.0,0.0,0.0,0.0,0.0,0.0,-0.5912353186039688,-9.105201803276067,-15.9854646663606,0.28867541622296355,0.01827726179712115,0.01799460003029778,0.6496278643608093,-1.2680590909770508,-2.385265350341797,-1.0968433183482666,1.5808252096176147,-0.9057300726519983,0.6496292948722839,-1.2680666607669373,-2.385249137878418,-1.0968020421317597,1.5808424949645996,-0.9056695143329065,1,7,1,0.0
2.907796324998344,0.4439332216365714,0.12082230035216421,0.24366650293942244,3.1225878550479234,-0.02467155711678709,-0.053610360027473984,0.4439401565633589,0.12080570325978836,0.24369031278190795,3.1226108305914533,-0.024715019233596,-0.053548458762666874,0.0,0.0,0.0,0.0,0.0,0.0,-0.6854852457380233,-9.125486263819985,-16.038319781195575,0.28344024527711065,0.025100637136160966,0.01844692112404256,0.6496658325195312,-1.2681074899486084,-2.385261058807373,-1.0967943233302613,1.5808501243591309,-0.9056609312640589,0.6496292948722839,-1.2680666607669373,-2.385249137878418,-1.0968020421317597,1.5808424949645996,-0.9056695143329065,1,7,1,0.0
2.9158202420003363,0.44394435145107947,0.12082262152726493,0.24370904895433906,3.1226655170197364,-0.024616190034353884,-0.05354601228199883,0.4439401565633589,0.12080570325978836,0.24369031278190795,3.1226108305914533,-0.024715019233596,-0.053548458762666874,0.0,0.0,0.0,0.0,0.0,0.0,-0.29598022537363555,-9.205327008959264,-16.112503702624412,0.29104548161929866,0.03319000100991518,0.018046950755168677,0.649632453918457,-1.2680590909770508,-2.3852241039276123,-1.096800224190094,1.5808826684951782,-0.9057305494891565,0.6496292948722839,-1.2680666607669373,-2.385249137878418,-1.0968020421317597,1.5808424949645996,-0.9056695143329065,1,7,1,0.0
2.9238091219995113,0.4439259965310675,0.12080503674105594,0.24368699026795476,3.1226088452146317,-0.024731419506626513,-0.05362086621296717,0.4439401565633589,0.12080570325978836,0.24369031278190795,3.1226108305914533,-0.024715019233596,-0.053548458762666874,0.0,0.0,0.0,0.0,0.0,0.0,-0.7220529733649802,-9.044350402406382,-15.850699094829329,0.2923081428229104,0.013697792019536111,0.011576926131985155,0.649632453918457,-1.2680590909770508,-2.3852524757385254,-1.0968433183482666,1.5808707475662231,-0.9056566397296351,0.6496292948722839,-1.2680666607669373,-2.385249137878418,-1.0968020421317597,1.5808424949645996,-0.9056695143329065,1,7,1,0.0
2.9318477359993267,0.44390970164056576,0.12079820918677624,0.24366826654233575,3.1225931672018086,-0.02468721525603881,-0.053589414642011494,0.4439401565633589,0.12080570325978836,0.24369031278190795,3.1226108305914533,-0.024715019233596,-0.053548458762666874,0.0,0.0,0.0,0.0,0.0,0.0,-0.6649581877261228,-9.640151806975632,-15.861722453574952,0.3114009465616345,0.02657522057102872,0.020423686486541203,0.6496567726135254,-1.268034504061081,-2.3853068351745605,-1.0968077939799805,1.580845832824707,-0.9056599775897425,0.6496292948722839,-1.2680666607669373,-2.385249137878418,-1.0968020421317597,1.5808424949645996,-0.9056695143329065,1,7,1,0.0
2.939842748000956,0.4439314722364502,0.12078687409110156,0.2436554376402172,3.122540483996138,-0.024741698541830236,-0.053641943461684556,0.4439401565633589,0.12080570325978836,0.24369031278190795,3.1226108305914533,-0.024715019233596,-0.053548458762666874,0.0,0.0,0.0,0.0,0.0,0.0,-0.9874256687492193,-9.41304444710831,-15.83428147409657,0.3052535802040836,0.016811371390182912,0.018139087446983126,0.6496161818504333,-1.2681075197509308,-2.3852732181549072,-1.0968269866755982,1.5808252096176147,-0.9056652227984827,0.6496292948722839,-1.2680666607669373,-2.385249137878418,-1.0968020421317597,1.5808424949645996,-0.9056695143329065,1,7,1,0.0
2.9478498220014444,0.44392718957731275,0.12079785763832697,0.24368559237373316,3.1225792357506075,-0.02469607651339163,-0.0535363446426521,0.4439401565633589,0.12080570325978836,0.24369031278190795,3.1226108305914533,-0.024715019233596,-0.053548458762666874,0.0,0.0,0.0,0.0,0.0,0.0,-0.35761748547441463,-9.123591334278235,-15.855878207481464,0.2840840321318367,0.0341419347124464,0.01890881200043197,0.649649441242218,-1.26803873599086,-2.3852732181549072,-1.096819446688034,1.5808132886886597,-0.9056609312640589,0.6496292948722839,-1.2680666607669373,-2.385249137878418,-1.0968020421317597,1.5808424949645996,-0.9056695143329065,1,7,1,0.0
2.9558497539983364,0.4439250264378822,0.12080603905630177,0.24369568455981758,3.122585529668099,-0.024786966984072387,-0.05358100046405497,0.4439401565633589,0.12080570325978836,0.24369031278190795,3.1226108305914533,-0.024715019233596,-0.053548458762666874,0.0,0.0,0.0,0.0,0.0,0.0,-0.55883897432314,-9.06655430146613,-15.793776191241436,0.28801608931234746,0.016300959727170376,0.01706962551212074,0.6496539115905762,-1.26803873599086,-2.385249137878418,-1.0968611401370545,1.5808382034301758,-0.9055989424334925,0.6496292948722839,-1.2680666607669373,-2.385249137878418,-1.0968020421317597,1.5808424949645996,-0.9056695143329065,1,7,1,0.0
2.963869260998763,0.44391938487426874,0.12079610116450398,0.24368335551241,3.122596978286161,-0.024666993170707453,-0.05361464343357623,0.4439401565633589,0.12080570325978836,0.24369031278190795,3.1226108305914533,-0.024715019233596,-0.053548458762666874,0.0,0.0,0.0,0.0,0.0,0.0,-0.7537688660771202,-9.198430696460834,-15.66969523406588,0.28977875245323365,0.02027356733840944,0.020840162110148212,0.649632453918457,-1.2680429381183167,-2.3852689266204834,-1.09684772909198,1.580857753753662,-0.9056976477252405,0.6496292948722839,-1.2680666607669373,-2.385249137878418,-1.0968020421317597,1.5808424949645996,-0.9056695143329065,1,7,1,0.0
2.971818918998906,0.44396671754486033,0.1208211765879215,0.24372084449466272,3.122649618985087,-0.024762567826744523,-0.05349139823098102,0.4439401565633589,0.12080570325978836,0.24369031278190795,3.1226108305914533,-0.024715019233596,-0.053548458762666874,0.0,0.0,0.0,0.0,0.0,0.0,-0.6001047161869028,-9.382106230912855,-15.55398529646347,0.29826186367909063,0.01802930957230597,0.014250466433572353,0.6496161222457886,-1.268079475765564,-2.3851914405822754,-1.0967943233302613,1.5808501243591309,-0.9056523481952112,0.6496292948722839,-1.2680666607669373,-2.385249137878418,-1.0968020421317597,1.5808424949645996,-0.9056695143329065,1,7,1,0.0
2.9798768879991258,0.4439329133427318,0.12078304635468444,0.24368595516047284,3.122606166492686,-0.024813184295241375,-0.053545135285969575,0.4439401565633589,0.12080570325978836,0.24369031278190795,3.1226108305914533,-0.024715019233596,-0.053548458762666874,0.0,0.0,0.0,0.0,0.0,0.0,-0.8360195166687059,-9.295266066569202,-15.972565669687077,0.2964460657813353,0.008272241424019281,0.01927192082417356,0.6495997309684753,-1.268042193060257,-2.3852732181549072,-1.0968031746200104,1.5808382034301758,-0.9056361357318323,0.6496292948722839,-1.2680666607669373,-2.385249137878418,-1.0968020421317597,1.5808424949645996,-0.9056695143329065,1,7,1,0.0
2.987831965998339,0.44394881675840503,0.1208215348528783,0.24370749921352042,3.1226318084861284,-0.02465627086419614,-0.05343533638312828,0.4439401565633589,0.12080570325978836,0.24369031278190795,3.1226108305914533,-0.024715019233596,-0.053548458762666874,0.0,0.0,0.0,0.0,0.0,0.0,-0.5676522764012149,-9.027170418846842,-16.41126397075484,0.28241283533611616,0.02744145104168716,0.017604913241600042,0.6496627926826477,-1.2680430275252839,-2.385244846343994,-1.0967610043338318,1.5808132886886597,-0.905672852193014,0.6496292948722839,-1.2680666607669373,-2.385249137878418,-1.0968020421317597,1.5808424949645996,-0.9056695143329065,1,7,1,0.0
2.9958451720012818,0.4439578157987325,0.12080742184177,0.24370997953825427,3.1225842142036466,-0.024717642230641972,-0.05352824163530606,0.4439401565633589,0.12080570325978836,0.24369031278190795,3.1226108305914533,-0.024715019233596,-0.053548458762666874,5.761047727534561e-10,-2.1171399296795236e-09,0.0,0.0,0.0,-4.76878625477184e-09,-0.5662448286462002,-9.546190478906553,-16.081478542591906,0.30051628954291687,0.025200025679850576,0.01483555981504824,0.6496237516403198,-1.268079475765564,-2.385200023651123,-1.096844808464386,1.5808132886886597,-0.905672852193014,0.6496292948722839,-1.2680666607669373,-2.385249137878418,-1.0968020421317597,1.5808424949645996,-0.9056695143329065,1,7,1,0.0
3.003698248998262,0.44390430600852837,0.12080231854935806,0.24367120388552038,3.1225775437821084,-0.02460851213363523,-0.053632499226527824,0.4439401565633589,0.12080570325978836,0.24369031278190795,3.1226108305914533,-0.024715019233596,-0.053548458762666874,1.731252909994273e-12,-6.3617207911638775e-12,0.0,0.0,0.0,-1.4331288759883432e-11,-0.5603237500745846,-9.486773944673661,-15.658986319505214,0.2974439533121206,0.016348563592415048,0.022479619943753894,0.6496697664260864,-1.268034504061081,-2.385293960571289,-1.0968521994403382,1.5808501243591309,-0.9056976477252405,0.6496292948722839,-1.2680666607669373,-2.385249137878418,-1.0968020421317597,1.5808424949645996,-0.9056695143329065,1,7,1,0.0
3.0115351349995763,0.4439254708920271,0.12080741503639088,0.24368419201773828,3.122621151278387,-0.024674163121826367,-0.05356648632774972,0.4439401565633589,0.12080570325978836,0.24369031278190795,3.1226108305914533,-0.024715019233596,-0.053548458762666874,5.203028719120133e-15,-1.911933115615773e-14,0.0,0.0,0.0,-4.3068786113441976e-14,-1.1073271810908416,-9.676364298317846,-15.536347925032379,0.3053420800780862,0.012163275591561514,0.02052876864618802,0.6496448516845703,-1.2680471700480958,-2.3852732181549072,-1.0968001943877717,1.580857753753662,-0.9056804815875452,0.6496292948722839,-1.2680666607669373,-2.385249137878418,-1.0968020421317597,1.5808424949645996,-0.9056695143329065,1,7,1,0.0
3.0195133359993633,0.4439181948003823,0.12079651961777894,0.24364469276882728,3.122570886237856,-0.024717468025800122,-0.053673623914329394,0.4439401565633589,0.12080570325978836,0.24369031278190795,3.1226108305914533,-0.024715019233596,-0.053548458762666874,1.5634873707575672e-17,-5.745699407698356e-17,0.0,0.0,0.0,-1.29431491545014e-16,-0.6743801498149371,-9.03038247321627,-16.02797206622504,0.2813215637747879,0.016722946027850964,0.007288470328004757,0.649632453918457,-1.2681032878211518,-2.385298252105713,-1.096803144817688,1.580862045288086,-0.9056652227984827,0.6496292948722839,-1.2680666607669373,-2.385249137878418,-1.0968020421317597,1.5808424949645996,-0.9056695143329065,1,7,1,0.0
3.027493350000441,0.4439499597740186,0.12080458368276015,0.24369779970405464,3.122624679548283,-0.024736586656049272,-0.05350872533966993,0.4439401565633589,0.12080570325978836,0.24369031278190795,3.1226108305914533,-0.024715019233596,-0.053548458762666874,4.6989499332248214e-20,-1.726837318783783e-19,0.0,0.0,0.0,-3.8897116234964536e-19,-1.198341414133127,-9.53670579539843,-16.208652475320005,0.2960420720070234,0.011559037422163198,0.008428540984673358,0.6496162414550781,-1.2680667799762269,-2.385240316390991,-1.0967823725989838,1.5808371305465698,-0.9056685606585901,0.6496292948722839,-1.2680666607669373,-2.385249137878418,-1.0968020421317597,1.5808424949645996,-0.9056695143329065,1,7,1,0.0
3.0356899990001693,0.4439134181313242,0.12078548918194087,0.24366638854485004,3.1225995717034554,-0.024749778903129228,-0.053628915580459166,0.4439401565633589,0.12080570325978836,0.24369031278190795,3.1226108305914533,-0.024715019233596,-0.053548458762666874,1.4119181862590268e-22,-5.189111973872231e-22,0.0,0.0,0.0,-1.1689468625922726e-21,-0.7028300031009704,-9.503884782233929,-16.19686623689188,0.30907861479081117,0.021793381566490497,0.011895905049830227,0.6496162414550781,-1.2680471700480958,-2.3852992057800293,-1.0968182247928162,1.5808664560317993,-0.9056609312640589,0.6496292948722839,-1.2680666607669373,-2.385249137878418,-1.0968020421317597,1.5808424949645996,-0.9056695143329065,1,7,1,0.0
3.043956989000435,0.4439295908570805,0.12076936696830586,0.24365140754798553,3.1224983427732766,-0.024746350333470946,-0.053590213093163835,0.4439401565633589,0.12080570325978836,0.24369031278190795,3.1226108305914533,-0.024715019233596,-0.053548458762666874,4.24256921457377e-25,-1.559503094938678e-24,0.0,0.0,0.0,-3.512951438825684e-24,-0.8472396705677049,-9.819670641269276,-15.85133611694129,0.3118756249278745,0.009945436679983523,0.017749997432500123,0.6496163010597229,-1.26808716476474,-2.385293960571289,-1.0968269866755982,1.5807713270187378,-0.9056609312640589,0.6496292948722839,-1.2680666607669373,-2.385249137878418,-1.0968020421317597,1.5808424949645996,-0.9056695143329065,1,7,1,0.0
3.051861251999071,0.4439514623758462,0.12080107243168589,0.24369061360889321,3.1226199080294967,-0.024724804025360467,-0.05351936487708936,0.4439401565633589,0.12080570325978836,0.24369031278190795,3.1226108305914533,-0.024715019233596,-0.053548458762666874,1.27532312004646e-27,-4.686891868998379e-27,0.0,0.0,0.0,-1.0557216872123938e-26,-0.3224211332570789,-9.272258816085841,-15.877237344120413,0.2850784674342344,0.030791774882136604,0.017230822203133413,0.6496075391769409,-1.2680794459632416,-2.385244846343994,-1.096773551111557,1.5808371305465698,-0.905684773121969,0.6496292948722839,-1.2680666607669373,-2.385249137878418,-1.0968020421317597,1.5808424949645996,-0.9056695143329065,1,7,1,0.0
3.0598857990007673,0.44393002020541195,0.12080914194690054,0.24369340809261142,3.122638169997587,-0.02469233443965916,-0.053554973237931076,0.4439401565633589,0.12080570325978836,0.24369031278190795,3.1226108305914533,-0.024715019233596,-0.053548458762666874,3.832891594920113e-30,-1.4084494068552513e-29,0.0,0.0,0.0,-3.172683402225297e-29,-0.6623591118100118,-9.15095387748914,-16.18678599192237,0.2859141703767066,0.03322913324586649,0.00840922789864821,0.6496367454528809,-1.2680429381183167,-2.385261058807373,-1.0968002539924164,1.5808664560317993,-0.9056771437274378,0.6496292948722839,-1.2680666607669373,-2.385249137878418,-1.0968020421317597,1.5808424949645996,-0.9056695143329065,1,7,1,0.0
3.06785038399903,0.443929212089207,0.12080209784909704,0.24368667295071772,3.122620682232916,-0.024743123859574036,-0.05358761727169563,0.4439401565633589,0.12080570325978836,0.24369031278190795,3.1226108305914533,-0.024715019233596,-0.053548458762666874,1.1518038514623579e-32,-4.232702787162901e-32,0.0,0.0,0.0,-9.534634513559214e-32,-0.6159226708820822,-9.259253781660345,-16.496124087881107,0.2881216762975128,0.030416346153073294,0.017043690520441284,0.649624764919281,-1.2680548888495942,-2.385261058807373,-1.0968150657466431,1.5808664560317993,-0.9056566397296351,0.6496292948722839,-1.2680666607669373,-2.385249137878418,-1.0968020421317597,1.5808424949645996,-0.9056695143329065,1,7,1,0.0
3.0758702519997314,0.4439407149505886,0.12080751280141137,0.24367644571294195,3.1225909392469773,-0.02476220938394266,-0.05358220990607039,0.4439401565633589,0.12080570325978836,0.24369031278190795,3.1226108305914533,-0.024715019233596,-0.053548458762666874,3.461587627820188e-35,-1.2720563901392172e-34,0.0,0.0,0.0,-2.86537446848235e-34,-0.6444274743643488,-9.313765291815862,-16.206580873299515,0.29116218958672174,0.015864030571026023,0.014001351763213817,0.6496323943138123,-1.2680955988219758,-2.3852522373199463,-1.0967987340739747,1.5808415412902832,-0.9056361357318323,0.6496292948722839,-1.2680666607669373,-2.385249137878418,-1.0968020421317597,1.5808424949645996,-0.9056695143329065,1,7,1,0.0
3.0838679389999015,0.4439313161571777,0.12079065268831363,0.24368356801675412,3.1225917642608256,-0.02467134448468397,-0.05348508036400727,0.4439401565633589,0.12080570325978836,0.24369031278190795,3.1226108305914533,-0.024715019233596,-0.053548458762666874,1.0401407848778538e-37,-3.82273841015729e-37,0.0,0.0,0.0,-8.611103274371879e-37,-0.17176579023813682,-9.305572412506736,-15.87680675450536,0.29047207669949043,0.0304940060899163,0.01856961863527427,0.6496367454528809,-1.268031046991684,-2.385289430618286,-1.0967779618552704,1.5808013677597046,-0.9056890646563929,0.6496292948722839,-1.2680666607669373,-2.385249137878418,-1.0968020421317597,1.5808424949645996,-0.9056695143329065,1,7,1,0.0
3.09185701000024,0.4439184591463786,0.12078935844156417,0.24365553154135317,3.1225692312145754,-0.024705837772085504,-0.05368967574699434,0.4439401565633589,0.12080570325978836,0.24369031278190795,3.1226108305914533,-0.024715019233596,-0.053548458762666874,3.1258263041378296e-40,-1.1487866268975903e-39,0.0,0.0,0.0,-2.5878325247087484e-39,-1.286147207967678,-8.999793586300644,-16.066395945428827,0.28014207122576307,-0.0005066062675818345,0.0030843494216832145,0.6496163010597229,-1.2680913668921967,-2.385282039642334,-1.0968404573253174,1.5808664560317993,-0.9056890646563929,0.6496292948722839,-1.2680666607669373,-2.385249137878418,-1.0968020421317597,1.5808424949645996,-0.9056695143329065,1,7,1,0.0
3.0998431160005566,0.44391063175251655,0.12079851974579675,0.24364644224691506,3.1226310148524963,-0.024809120980963224,-0.05371010878705008,0.4439401565633589,0.12080570325978836,0.24369031278190795,3.1226108305914533,-0.024715019233596,-0.053548458762666874,9.394750301793532e-43,-3.4523846404760475e-42,0.0,0.0,0.0,-7.777206477002735e-42,-0.42697927607862163,-9.270972046418974,-15.977348177819602,0.2876172754037634,0.0331144498802183,0.013537327661584504,0.6496118307113647,-1.268091396694519,-2.3853068351745605,-1.0967868131450196,1.5809248685836792,-0.9056285063373011,0.6496292948722839,-1.2680666607669373,-2.385249137878418,-1.0968020421317597,1.5808424949645996,-0.9056695143329065,1,7,1,0.0
3.1078481869990355,0.44396238919151215,0.12081199811112511,0.24373554092355976,3.1226878265617937,-0.02475041446219604,-0.05340816560549498,0.4439401565633589,0.12080570325978836,0.24369031278190795,3.1226108305914533,-0.024715019233596,-0.053548458762666874,2.8779923462272494e-45,-1.0576104841264726e-44,0.0,0.0,0.0,-2.382207389352189e-44,-0.30713277359365576,-9.214402486597102,-15.774930580089958,0.2784075004008149,0.03485444228106532,0.01915584174296872,0.6496075391769409,-1.2680225533298035,-2.3852124214172363,-1.0967654150775452,1.580845832824707,-0.9056685606585901,0.6496292948722839,-1.2680666607669373,-2.385249137878418,-1.0968020421317597,1.5808424949645996,-0.9056695143329065,1,7,1,0.0
3.115857656001026,0.44394291616096515,0.12080074134566585,0.24369243091501802,3.12257944823364,-0.024685361029529562,-0.05353810466647729,0.4439401565633589,0.12080570325978836,0.24369031278190795,3.1226108305914533,-0.024715019233596,-0.053548458762666874,0.0,0.0,0.0,0.0,0.0,0.0,-0.5686032458166992,-9.36501422173536,-15.840326113786743,0.29476439106510516,0.026265774408499115,0.012099414984452262,0.649632453918457,-1.2680667799762269,-2.3852415084838867,-1.0968240362456818,1.5808132886886597,-0.905684773121969,0.6496292948722839,-1.2680666607669373,-2.385249137878418,-1.0968020421317597,1.5808424949645996,-0.9056695143329065,1,7,1,0.0
3.1238815920005436,0.44395970934801915,0.12081337050196833,0.24370817976658707,3.122652111426311,-0.024664818537845832,-0.053450641226560826,0.4439401565633589,0.12080570325978836,0.24369031278190795,3.1226108305914533,-0.024715019233596,-0.053548458762666874,0.0,0.0,0.0,0.0,0.0,0.0,-0.3178288129668935,-9.143844080277487,-16.202557461572013,0.2839165822794891,0.035672903329085855,0.017218152788707797,0.649620532989502,-1.2680633229068299,-2.3852317333221436,-1.0967490536025544,1.580833911895752,-0.9057100454913538,0.6496292948722839,-1.2680666607669373,-2.385249137878418,-1.0968020421317597,1.5808424949645996,-0.9056695143329065,1,7,1,0.0
3.131827572000475,0.44394238258997626,0.12080748081842284,0.24369614763243114,3.1226089943669852,-0.02470473489755913,-0.053538920642818434,0.4439401565633589,0.12080570325978836,0.24369031278190795,3.1226108305914533,-0.024715019233596,-0.053548458762666874,0.0,0.0,0.0,0.0,0.0,0.0,-0.053992548860882894,-9.22674355810968,-15.856338472669075,0.29931971404140284,0.050459463982154965,0.01589903053606624,0.649632453918457,-1.2680633229068299,-2.385240316390991,-1.0968106550029297,1.5808371305465698,-0.905672852193014,0.6496292948722839,-1.2680666607669373,-2.385249137878418,-1.0968020421317597,1.5808424949645996,-0.9056695143329065,1,7,1,0.0
3.1399595299990324,0.4439566100300767,0.12079625734830166,0.24368792743084897,3.122640442640298,-0.024787354141440003,-0.05351146124333974,0.4439401565633589,0.12080570325978836,0.24369031278190795,3.1226108305914533,-0.024715019233596,-0.053548458762666874,0.0,0.0,0.0,0.0,0.0,0.0,-0.2957882980869898,-9.265145048041472,-16.051890012420508,0.29452408963182125,0.026829598437741548,0.01360755816269718,0.6495838761329651,-1.26808716476474,-2.385249137878418,-1.0967446130565186,1.5808502435684204,-0.9056685606585901,0.6496292948722839,-1.2680666607669373,-2.385249137878418,-1.0968020421317597,1.5808424949645996,-0.9056695143329065,1,7,1,0.0
3.147833595998236,0.4439482288768049,0.12081457195850817,0.2436896306091154,3.122626325224759,-0.0247300986468176,-0.05352584349368558,0.4439401565633589,0.12080570325978836,0.24369031278190795,3.1226108305914533,-0.024715019233596,-0.053548458762666874,0.0,0.0,0.0,0.0,0.0,0.0,-0.5042405538347562,-9.433007897221191,-15.747627089326496,0.2998798177732364,0.027160905578793016,0.012488092412758348,0.649632453918457,-1.268082932834961,-2.385244846343994,-1.0967691105655213,1.580845832824707,-0.9056566397296351,0.6496292948722839,-1.2680666607669373,-2.385249137878418,-1.0968020421317597,1.5808424949645996,-0.9056695143329065,1,7,1,0.0
3.155847073001496,0.44392411847669155,0.12080206170271293,0.2436569726670434,3.1225959288077694,-0.02473728699540354,-0.053613296181718506,0.4439401565633589,0.12080570325978836,0.24369031278190795,3.1226108305914533,-0.024715019233596,-0.053548458762666874,0.0,0.0,0.0,0.0,0.0,0.0,-1.110604692085784,-9.243466083668352,-16.04228665756835,0.2894895245581971,0.003508923519707173,0.017836873621267336,0.6496367454528809,-1.2680871349624177,-2.385293960571289,-1.0967779618552704,1.580857753753662,-0.9056480566607874,0.6496292948722839,-1.2680666607669373,-2.385249137878418,-1.0968020421317597,1.5808424949645996,-0.9056695143329065,1,7,1,0.0
3.1638276379999297,0.44392928915980073,0.12081764571863811,0.24366415986495427,3.122576524998995,-0.024659189061635202,-0.053655317034898654,0.4439401565633589,0.12080570325978836,0.24369031278190795,3.1226108305914533,-0.024715019233596,-0.053548458762666874,0.0,0.0,0.0,0.0,0.0,0.0,-0.8865321204479525,-9.232683248133648,-15.825947425920335,0.2871240422299006,0.02053533739353587,0.014026222284776563,0.6496578454971313,-1.2681117814830323,-2.38525652885437,-1.0968240362456818,1.5808589458465576,-0.9056771437274378,0.6496292948722839,-1.2680666607669373,-2.385249137878418,-1.0968020421317597,1.5808424949645996,-0.9056695143329065,1,7,1,0.0
3.171886097999959,0.4439536298898592,0.12078388811813934,0.24368372319862686,3.1225923110309526,-0.02479136447337991,-0.05350212639654261,0.4439401565633589,0.12080570325978836,0.24369031278190795,3.1226108305914533,-0.024715019233596,-0.053548458762666874,0.0,0.0,0.0,0.0,0.0,0.0,-0.4080023590171745,-9.27533406294416,-15.846952978978733,0.29790590140069784,0.026636995485338596,0.023066260312508954,0.6495881080627441,-1.2680794459632416,-2.385256767272949,-1.0967698258212586,1.5808089971542358,-0.9056609312640589,0.6496292948722839,-1.2680666607669373,-2.385249137878418,-1.0968020421317597,1.5808424949645996,-0.9056695143329065,1,7,1,0.0
3.1795881329999247,0.44392679036616145,0.12075287667336561,0.24365271619473877,3.122504219557325,-0.024855461876913888,-0.053640926653154564,0.4439401565633589,0.12080570325978836,0.24369031278190795,3.1226108305914533,-0.024715019233596,-0.053548458762666874,0.0,0.0,0.0,0.0,0.0,0.0,-0.4660928219676984,-9.450378143970578,-15.757540674533649,0.30013671554415805,0.026233414902449778,0.01963584318002997,0.6495752334594727,-1.268082932834961,-2.385289430618286,-1.0968567889979859,1.5807969570159912,-0.9056327978717249,0.6496292948722839,-1.2680666607669373,-2.385249137878418,-1.0968020421317597,1.5808424949645996,-0.9056695143329065,1,7,1,0.0
3.1878140769986203,0.443937815911584,0.12080968345630631,0.24368193135469546,3.122586033194352,-0.02466666300379362,-0.0535759924575674,0.4439401565633589,0.12080570325978836,0.24369031278190795,3.1226108305914533,-0.024715019233596,-0.053548458762666874,0.0,0.0,0.0,0.0,0.0,0.0,-0.7797476200584958,-9.340555142701568,-15.521832769965243,0.2954292144177821,0.013244374499349055,0.015603859260144076,0.6496448516845703,-1.2680829030326386,-2.385249137878418,-1.0968150657466431,1.580833911895752,-0.905684773121969,0.6496292948722839,-1.2680666607669373,-2.385249137878418,-1.0968020421317597,1.5808424949645996,-0.9056695143329065,1,7,1,0.0
3.1958137569999963,0.44390923186953307,0.12079842220838422,0.2436582355554035,3.122592508567505,-0.024697631175300792,-0.053609408685158164,0.4439401565633589,0.12080570325978836,0.24369031278190795,3.1226108305914533,-0.024715019233596,-0.053548458762666874,0.0,0.0,0.0,0.0,0.0,0.0,-0.34425551760907114,-9.343248643468142,-15.792178003178647,0.2989650575290591,0.032041338073979055,0.024197664463311022,0.6496535539627075,-1.2680506569198151,-2.385314464569092,-1.096794293527939,1.5808534622192383,-0.9056566397296351,0.6496292948722839,-1.2680666607669373,-2.385249137878418,-1.0968020421317597,1.5808424949645996,-0.9056695143329065,1,7,1,0.0
3.2038216939981794,0.4439161127272493,0.12077789316692397,0.2436643835279702,3.122533107294039,-0.02474319758520382,-0.05362540501394214,0.4439401565633589,0.12080570325978836,0.24369031278190795,3.1226108305914533,-0.024715019233596,-0.053548458762666874,0.0,0.0,0.0,0.0,0.0,0.0,-0.7244162153604058,-9.457434949075179,-15.756644637207868,0.30069203659256444,0.01201261521960029,0.014859493037982202,0.6496279835700989,-1.2680548888495942,-2.385289430618286,-1.0968596798232575,1.5808132886886597,-0.9056523481952112,0.6496292948722839,-1.2680666607669373,-2.385249137878418,-1.0968020421317597,1.5808424949645996,-0.9056695143329065,1,7,1,0.0
3.2118022489994473,0.44393577929513806,0.12079482388682936,0.2436751188224166,3.1225866304734553,-0.024677107849190534,-0.053535564619826205,0.4439401565633589,0.12080570325978836,0.24369031278190795,3.1226108305914533,-0.024715019233596,-0.053548458762666874,0.0,0.0,0.0,0.0,0.0,0.0,-0.9880614403284723,-9.486860537010537,-15.839224185908426,0.2960985424218074,0.010225483824848907,0.027960543439359303,0.6496291160583496,-1.2680667799762269,-2.385277509689331,-1.0967824024013062,1.5808175802230835,-0.9056933561908167,0.6496292948722839,-1.2680666607669373,-2.385249137878418,-1.0968020421317597,1.5808424949645996,-0.9056695143329065,1,7,1,0.0
3.2196511879992613,0.443938449578002,0.12077382619957736,0.24367639438808275,3.1225589180426017,-0.024760393128474136,-0.05352657399239583,0.4439401565633589,0.12080570325978836,0.24369031278190795,3.1226108305914533,-0.024715019233596,-0.053548458762666874,0.0,0.0,0.0,0.0,0.0,0.0,-0.8039762527481136,-9.607931178120982,-15.799182530519817,0.3018338106195536,0.015371343047071228,0.018605550160165032,0.649600088596344,-1.2680583161166687,-2.385277509689331,-1.0968031746200104,1.5807926654815674,-0.9056685606585901,0.6496292948722839,-1.2680666607669373,-2.385249137878418,-1.0968020421317597,1.5808424949645996,-0.9056695143329065,1,7,1,0.0
3.227790749999258,0.44393490829881904,0.12078829916943427,0.24366790076295408,3.122563418879281,-0.02477297506150148,-0.0535663021716152,0.4439401565633589,0.12080570325978836,0.24369031278190795,3.1226108305914533,-0.024715019233596,-0.053548458762666874,0.0,0.0,0.0,0.0,0.0,0.0,-0.7688419295951833,-9.176933705365395,-15.771957272485968,0.29213441231613124,0.010212051906656442,0.018276118161910056,0.6496205925941467,-1.2680794459632416,-2.385277509689331,-1.096798763876297,1.5808132886886597,-0.9056404272662562,0.6496292948722839,-1.2680666607669373,-2.385249137878418,-1.0968020421317597,1.5808424949645996,-0.9056695143329065,1,7,1,0.0
3.2356501089998346,0.4439334672562458,0.12079732715956139,0.2436798601740462,3.122588240273452,-0.024748832291129907,-0.05356953324767964,0.4439401565633589,0.12080570325978836,0.24369031278190795,3.1226108305914533,-0.024715019233596,-0.053548458762666874,0.0,0.0,0.0,0.0,0.0,0.0,-0.5382707970511551,-9.246415271258329,-16.04124321441762,0.29910537971618917,0.025476663001958774,0.012630528547907938,0.6496279835700989,-1.2680667799762269,-2.3852646350860596,-1.0968106550029297,1.580833911895752,-0.9056490103351038,0.6496292948722839,-1.2680666607669373,-2.385249137878418,-1.0968020421317597,1.5808424949645996,-0.9056695143329065,1,7,1,0.0
3.2439535269986663,0.44393007287819614,0.12080219156408342,0.24367450579856342,3.1226159958109942,-0.02472483879426989,-0.05363135016621931,0.4439401565633589,0.12080570325978836,0.24369031278190795,3.1226108305914533,-0.024715019233596,-0.053548458762666874,0.0,0.0,0.0,0.0,0.0,0.0,-0.5652453223410749,-9.551706376154579,-16.256192079433994,0.2936235962170609,0.022428455624014243,0.019354829569775658,0.6496162414550781,-1.2680829030326386,-2.3852622509002686,-1.0968106550029297,1.580879807472229,-0.9056771437274378,0.6496292948722839,-1.2680666607669373,-2.385249137878418,-1.0968020421317597,1.5808424949645996,-0.9056695143329065,1,7,1,0.0
3.2518533110014687,0.44393990408557266,0.12079094155502422,0.24369581765795162,3.122612398167289,-0.02474995549844784,-0.05350277626670691,0.4439401565633589,0.12080570325978836,0.24369031278190795,3.1226108305914533,-0.024715019233596,-0.053548458762666874,0.0,0.0,0.0,0.0,0.0,0.0,-0.9441326498860423,-9.330488744226233,-15.79154444108643,0.2975861712554056,0.01684703202813227,0.012868381609796113,0.64961177110672,-1.2680386763862153,-2.385261058807373,-1.0967943233302613,1.5808252096176147,-0.9056642691241663,0.6496292948722839,-1.2680666607669373,-2.385249137878418,-1.0968020421317597,1.5808424949645996,-0.9056695143329065,1,7,1,0.0
3.2598016560004908,0.4439216373863424,0.12081021666439565,0.2436697466588879,3.1225842709055462,-0.024665335463537347,-0.05360719354763282,0.4439401565633589,0.12080570325978836,0.24369031278190795,3.1226108305914533,-0.024715019233596,-0.053548458762666874,0.0,0.0,0.0,0.0,0.0,0.0,-0.8402700254013568,-9.585842698084203,-16.120505445358273,0.29979594619087047,0.02157143663737291,0.019440177618731576,0.6496621966362,-1.268071011906006,-2.385277509689331,-1.0968150657466431,1.580845832824707,-0.9056685606585901,0.6496292948722839,-1.2680666607669373,-2.385249137878418,-1.0968020421317597,1.5808424949645996,-0.9056695143329065,1,7,1,0.0
3.268018052000116,0.4439396664257122,0.12080268469246401,0.24370757758762288,3.122667295649799,-0.02472473728398694,-0.053529637220078564,0.4439401565633589,0.12080570325978836,0.24369031278190795,3.1226108305914533,-0.024715019233596,-0.053548458762666874,0.0,0.0,0.0,0.0,0.0,0.0,-0.5360828748560656,-9.683079753170627,-15.998524064960266,0.3013728409208788,0.020145072268282858,0.008030905521751949,0.649604320526123,-1.2680344444564362,-2.385244846343994,-1.0967943233302613,1.5808783769607544,-0.9056890646563929,0.6496292948722839,-1.2680666607669373,-2.385249137878418,-1.0968020421317597,1.5808424949645996,-0.9056695143329065,1,7,1,0.0
3.275833307998255,0.44395232908566673,0.12080771514805567,0.24368991546232893,3.122614283706863,-0.02478733512996149,-0.05353746530668402,0.4439401565633589,0.12080570325978836,0.24369031278190795,3.1226108305914533,-0.024715019233596,-0.053548458762666874,0.0,0.0,0.0,0.0,0.0,0.0,-1.1172651197156838,-9.374051030123255,-15.83313692264514,0.3015618809823245,0.009988043697665669,0.01570452394060569,0.6496162414550781,-1.268091396694519,-2.3852360248565674,-1.0967824024013062,1.5808415412902832,-0.9056361357318323,0.6496292948722839,-1.2680666607669373,-2.385249137878418,-1.0968020421317597,1.5808424949645996,-0.9056695143329065,1,7,1,0.0
3.28411579800013,0.44391494926350955,0.12080655594365147,0.24368488905018337,3.122600266337687,-0.02455801939959839,-0.053558817828312066,0.4439401565633589,0.12080570325978836,0.24369031278190795,3.1226108305914533,-0.024715019233596,-0.053548458762666874,0.0,0.0,0.0,0.0,0.0,0.0,-0.4269017838577596,-9.298772676153279,-16.1532228708884,0.2866540508053757,0.03940324542942666,0.017597613015732504,0.6496697664260864,-1.2680226427367707,-2.3852851390838623,-1.0968225759318848,1.5808371305465698,-0.9057295958148401,0.6496292948722839,-1.2680666607669373,-2.385249137878418,-1.0968020421317597,1.5808424949645996,-0.9056695143329065,1,7,1,0.0
3.291823793999356,0.4439207097040251,0.12079097776385439,0.24367659451365925,3.122591478388816,-0.024729791274834136,-0.05355234886456608,0.4439401565633589,0.12080570325978836,0.24369031278190795,3.1226108305914533,-0.024715019233596,-0.053548458762666874,0.0,0.0,0.0,0.0,0.0,0.0,-0.5075900667943498,-9.145155083709948,-15.718277920173392,0.28532350838838666,0.03701175287230817,0.024798493953337056,0.6496367454528809,-1.268034504061081,-2.385293960571289,-1.096803144817688,1.5808295011520386,-0.9056523481952112,0.6496292948722839,-1.2680666607669373,-2.385249137878418,-1.0968020421317597,1.5808424949645996,-0.9056695143329065,1,7,1,0.0
3.299651602999802,0.44393149830063194,0.12081427844747272,0.24368258753490452,3.1226364691399278,-0.024738126305777076,-0.053589211061709704,0.4439401565633589,0.12080570325978836,0.24369031278190795,3.1226108305914533,-0.024715019233596,-0.053548458762666874,0.0,0.0,0.0,0.0,0.0,0.0,-0.43979622520501266,-9.176316983612685,-16.060773834364316,0.29515236187599236,0.02997103248356072,0.009148910538747227,0.6496367454528809,-1.2680710417083283,-2.385261058807373,-1.0967898827842255,1.580879807472229,-0.9056480566607874,0.6496292948722839,-1.2680666607669373,-2.385249137878418,-1.0968020421317597,1.5808424949645996,-0.9056695143329065,1,7,1,0.0
3.307487358000799,0.44393078164762717,0.12079034102175043,0.24366741390952035,3.122622208730762,-0.024795422580545436,-0.05360693089726638,0.4439401565633589,0.12080570325978836,0.24369031278190795,3.1226108305914533,-0.024715019233596,-0.053548458762666874,0.0,0.0,0.0,0.0,0.0,0.0,-0.5322493704293454,-9.027232763433561,-15.79127822340918,0.2839164112683624,0.017814412467736237,0.02167622962276225,0.6495956182479858,-1.268078700905182,-2.3852827548980713,-1.0967780214599152,1.580875277519226,-0.9056523481952112,0.6496292948722839,-1.2680666607669373,-2.385249137878418,-1.0968020421317597,1.5808424949645996,-0.9056695143329065,1,7,1,0.0
3.31582922799862,0.4439202137979521,0.1207747676419478,0.24365123042258297,3.1225648891344977,-0.02472406125501711,-0.05365921632986026,0.4439401565633589,0.12080570325978836,0.24369031278190795,3.1226108305914533,-0.024715019233596,-0.053548458762666874,0.0,0.0,0.0,0.0,0.0,0.0,0.07240651838565881,-9.204260820848175,-15.96609205588888,0.2863064991319725,0.04107783311678593,0.003975216098690991,0.6495956182479858,-1.2680836778930207,-2.385298252105713,-1.0968195062926789,1.5808502435684204,-0.9056976477252405,0.6496292948722839,-1.2680666607669373,-2.385249137878418,-1.0968020421317597,1.5808424949645996,-0.9056695143329065,1,7,1,0.0
3.3238272259986843,0.44394851716585776,0.1207725469549748,0.24368928595393602,3.122594867058998,-0.024740625769834036,-0.053530753512891334,0.4439401565633589,0.12080570325978836,0.24369031278190795,3.1226108305914533,-0.024715019233596,-0.053548458762666874,0.0,0.0,0.0,0.0,0.0,0.0,-0.7735266622070937,-9.536343837091382,-15.858667951882824,0.3001465685942138,0.024620556189315985,0.016751014653907118,0.6495676040649414,-1.2680625778487702,-2.385253429412842,-1.096803144817688,1.580820918083191,-0.9057143370257776,0.6496292948722839,-1.2680666607669373,-2.385249137878418,-1.0968020421317597,1.5808424949645996,-0.9056695143329065,1,7,1,0.0
3.332116617999418,0.4439368288323258,0.1208174014003289,0.24368530549280032,3.1226069196158144,-0.02469648259005079,-0.05351082884507921,0.4439401565633589,0.12080570325978836,0.24369031278190795,3.1226108305914533,-0.024715019233596,-0.053548458762666874,0.0,0.0,0.0,0.0,0.0,0.0,-0.9035351424908737,-9.408378822157454,-15.679415170749888,0.2961230459018294,0.003043143317436238,0.019937783905745233,0.6496654748916626,-1.2680625778487702,-2.385265350341797,-1.096773551111557,1.5808252096176147,-0.90564471880068,0.6496292948722839,-1.2680666607669373,-2.385249137878418,-1.0968020421317597,1.5808424949645996,-0.9056695143329065,1,7,1,0.0
3.3398902359986096,0.443927844571477,0.12079472898664106,0.24365589457817569,3.1225214088296362,-0.024702551059262168,-0.05361861977390625,0.4439401565633589,0.12080570325978836,0.24369031278190795,3.1226108305914533,-0.024715019233596,-0.053548458762666874,0.0,0.0,0.0,0.0,0.0,0.0,-0.512363763509625,-9.215751336159821,-15.98732820476565,0.291563043876795,0.018210173754362412,0.01297844252551168,0.6496493220329285,-1.2680990856936951,-2.385277509689331,-1.096831427221634,1.5808013677597046,-0.9056566397296351,0.6496292948722839,-1.2680666607669373,-2.385249137878418,-1.0968020421317597,1.5808424949645996,-0.9056695143329065,1,7,1,0.0
3.3479292900010478,0.44393773823681076,0.12081271984820932,0.24369980358947196,3.1226366921136224,-0.024725870799059243,-0.053556724503361165,0.4439401565633589,0.12080570325978836,0.24369031278190795,3.1226108305914533,-0.024715019233596,-0.053548458762666874,0.0,0.0,0.0,0.0,0.0,0.0,-0.33524658413379627,-9.07177063363956,-15.904729937822086,0.28323071262615795,0.028017785499295067,0.0090516499697437,0.649632453918457,-1.2680548590472718,-2.385240316390991,-1.0968106550029297,1.5808664560317993,-0.9056599775897425,0.6496292948722839,-1.2680666607669373,-2.385249137878418,-1.0968020421317597,1.5808424949645996,-0.9056695143329065,1,7,1,0.0
3.356189980000636,0.44391574028352665,0.12078104868478005,0.24366283981305448,3.1225411400686784,-0.024692069242076554,-0.05369363093314087,0.4439401565633589,0.12080570325978836,0.24369031278190795,3.1226108305914533,-0.024715019233596,-0.053548458762666874,0.0,0.0,0.0,0.0,0.0,0.0,-1.021994057638862,-9.641507402398435,-16.157138679499294,0.3032322296975702,0.007897063148281223,0.014871337956573048,0.6496162414550781,-1.268075243835785,-2.3852732181549072,-1.096884862785675,1.580845832824707,-0.9056976477252405,0.6496292948722839,-1.2680666607669373,-2.385249137878418,-1.0968020421317597,1.5808424949645996,-0.9056695143329065,1,7,1,0.0
3.36391909500162,0.44392888779423195,0.12080826503078748,0.24369558599766877,3.1226275565301695,-0.024761688580914803,-0.053572295446162974,0.4439401565633589,0.12080570325978836,0.24369031278190795,3.1226108305914533,-0.024715019233596,-0.053548458762666874,0.0,0.0,0.0,0.0,0.0,0.0,-0.4312265049496551,-9.121198746961271,-15.762367121774655,0.2931759847013127,0.022364857097912992,0.007135144119490065,0.6496367454528809,-1.2680429381183167,-2.385253429412842,-1.0968225759318848,1.5808664560317993,-0.9056327978717249,0.6496292948722839,-1.2680666607669373,-2.385249137878418,-1.0968020421317597,1.5808424949645996,-0.9056695143329065,1,7,1,0.0
3.372273278000648,0.4439373634748022,0.12080390907418746,0.24366003053518084,3.122599592356231,-0.024750389058450995,-0.053577119202549164,0.4439401565633589,0.12080570325978836,0.24369031278190795,3.1226108305914533,-0.024715019233596,-0.053548458762666874,0.0,0.0,0.0,0.0,0.0,0.0,-0.5140948102060344,-9.198855300884585,-15.774086154377068,0.2833419376478613,0.016039128398788727,0.01902571830972897,0.6496279835700989,-1.2681032878211518,-2.385282039642334,-1.0967534643462677,1.580845832824707,-0.9056480566607874,0.6496292948722839,-1.2680666607669373,-2.385249137878418,-1.0968020421317597,1.5808424949645996,-0.9056695143329065,1,7,1,0.0
3.3796401459985645,0.44395908290673847,0.12080744560948775,0.24370423269585745,3.12261911810024,-0.024687928458880706,-0.05341038868354418,0.4439401565633589,0.12080570325978836,0.24369031278190795,3.1226108305914533,-0.024715019233596,-0.053548458762666874,0.0,0.0,0.0,0.0,0.0,0.0,-0.9060613874953032,-9.257597460179548,-15.85228598690841,0.28956558352674433,0.020709500882620246,0.007717649813848688,0.6496334075927734,-1.2680548590472718,-2.385244846343994,-1.0967446130565186,1.5807926654815674,-0.9056814352618616,0.6496292948722839,-1.2680666607669373,-2.385249137878418,-1.0968020421317597,1.5808424949645996,-0.9056695143329065,1,7,1,0.0
3.387943854999321,0.44392435757340465,0.1208035375654917,0.2436833620377249,3.122619613493516,-0.024697439990999975,-0.053580036000706883,0.4439401565633589,0.12080570325978836,0.24369031278190795,3.1226108305914533,-0.024715019233596,-0.053548458762666874,0.0,0.0,0.0,0.0,0.0,0.0,-0.4754329001203004,-9.148397138884288,-15.642549197213071,0.2925102330083935,0.022121107808970097,0.015731869874452558,0.6496367454528809,-1.2680471700480958,-2.3852732181549072,-1.0968077641776581,1.5808621644973755,-0.9056738058673304,0.6496292948722839,-1.2680666607669373,-2.385249137878418,-1.0968020421317597,1.5808424949645996,-0.9056695143329065,1,7,1,0.0
3.3956527519985684,0.44396681515937775,0.1208200460360428,0.2437032724901803,3.122631795976436,-0.024730106851286914,-0.053516853603987335,0.4439401565633589,0.12080570325978836,0.24369031278190795,3.1226108305914533,-0.024715019233596,-0.053548458762666874,0.0,0.0,0.0,0.0,0.0,0.0,-0.3303724171887029,-9.146003883429698,-15.776640455774336,0.29046620269208545,0.030266238307969776,0.01596917489724585,0.6496162414550781,-1.2681075197509308,-2.3852035999298096,-1.0967780214599152,1.580845832824707,-0.905672852193014,0.6496292948722839,-1.2680666607669373,-2.385249137878418,-1.0968020421317597,1.5808424949645996,-0.9056695143329065,1,7,1,0.0
3.403954828001588,0.4439428179459426,0.120804328801012,0.24371878904888114,3.1226598639000605,-0.024654727675739525,-0.05348718471305821,0.4439401565633589,0.12080570325978836,0.24369031278190795,3.1226108305914533,-0.024715019233596,-0.053548458762666874,0.0,0.0,0.0,0.0,0.0,0.0,-0.6754133198758852,-9.392483169857005,-15.456995829751914,0.29540827367010364,0.0201113800174679,0.013564438806596569,0.6496162414550781,-1.2680183810046692,-2.3852360248565674,-1.096803144817688,1.5808545351028442,-0.9057214895831507,0.6496292948722839,-1.2680666607669373,-2.385249137878418,-1.0968020421317597,1.5808424949645996,-0.9056695143329065,1,7,1,0.0
3.411831539000559,0.44393821356644125,0.1208300719770885,0.2437116499736675,3.1226869893470703,-0.024642404652164246,-0.05356451387092932,0.4439401565633589,0.12080570325978836,0.24369031278190795,3.1226108305914533,-0.024715019233596,-0.053548458762666874,0.0,0.0,0.0,0.0,0.0,0.0,-0.6479816466576569,-9.883147270240855,-15.648748795626668,0.3152258155957299,0.028873023225615965,0.017353769524978954,0.6496410369873047,-1.2680506271174927,-2.385225296020508,-1.096803144817688,1.5809078216552734,-0.90570575395693,0.6496292948722839,-1.2680666607669373,-2.385249137878418,-1.0968020421317597,1.5808424949645996,-0.9056695143329065,1,7,1,0.0
3.4197919569996884,0.44391689715997606,0.12080066029896515,0.2436592811779974,3.122567126458785,-0.02469753415028665,-0.05364803793080435,0.4439401565633589,0.12080570325978836,0.24369031278190795,3.1226108305914533,-0.024715019233596,-0.053548458762666874,0.0,0.0,0.0,0.0,0.0,0.0,-0.9854775083871443,-8.892209448509261,-16.028820431381675,0.28349383560267005,0.00480792410322271,0.01659454196470666,0.6496493220329285,-1.268079475765564,-2.385286331176758,-1.0968285363963624,1.580849051475525,-0.9056609312640589,0.6496292948722839,-1.2680666607669373,-2.385249137878418,-1.0968020421317597,1.5808424949645996,-0.9056695143329065,1,7,1,0.0
3.4278502570014098,0.44394077423739675,0.12081472781559247,0.2436872314567118,3.1226010820001906,-0.024821630649353367,-0.053599414194162066,0.4439401565633589,0.12080570325978836,0.24369031278190795,3.1226108305914533,-0.024715019233596,-0.053548458762666874,0.0,0.0,0.0,0.0,0.0,0.0,-0.19375316224869032,-9.603240580032429,-15.823960582414017,0.3020708157121571,0.0348494702093177,0.013291748489279954,0.6496367454528809,-1.2680913668921967,-2.385232925415039,-1.0968240958503266,1.580857753753662,-0.9055941740619105,0.6496292948722839,-1.2680666607669373,-2.385249137878418,-1.0968020421317597,1.5808424949645996,-0.9056695143329065,1,7,1,0.0
3.4356834169993817,0.4439486311983473,0.12082535724247184,0.24370903694908524,3.1226292482683555,-0.02471330399224734,-0.053570956180349426,0.4439401565633589,0.12080570325978836,0.24369031278190795,3.1226108305914533,-0.024715019233596,-0.053548458762666874,0.0,0.0,0.0,0.0,0.0,0.0,-1.0708909902805095,-9.446227037855644,-15.723715568307375,0.29276661404710297,-0.004198547527589299,0.017746178767249293,0.6496405601501465,-1.2680794459632416,-2.3852035999298096,-1.09683449686084,1.5808664560317993,-0.9056599775897425,0.6496292948722839,-1.2680666607669373,-2.385249137878418,-1.0968020421317597,1.5808424949645996,-0.9056695143329065,1,7,1,0.0
3.443910452999262,0.44394128752001166,0.1207952191533266,0.24367313013216035,3.1225391611736266,-0.02468352440736394,-0.05354422712505903,0.4439401565633589,0.12080570325978836,0.24369031278190795,3.1226108305914533,-0.024715019233596,-0.053548458762666874,0.0,0.0,0.0,0.0,0.0,0.0,-0.4030822062498471,-9.458715557847654,-15.693467366662949,0.29860041359433975,0.019514981033093765,0.018966205189861737,0.6496405601501465,-1.2680871051600953,-2.385261058807373,-1.0968121153167267,1.5807844400405884,-0.9056771437274378,0.6496292948722839,-1.2680666607669373,-2.385249137878418,-1.0968020421317597,1.5808424949645996,-0.9056695143329065,1,7,1,0.0
3.4518726440001046,0.44391921213326,0.12077632989942198,0.2436560333829843,3.122566973589967,-0.024749326055777753,-0.05365358147662761,0.4439401565633589,0.12080570325978836,0.24369031278190795,3.1226108305914533,-0.024715019233596,-0.053548458762666874,0.0,0.0,0.0,0.0,0.0,0.0,-0.6378767111109882,-9.288537739664122,-15.94108333810248,0.2910212103250013,0.02360863138026055,0.019972238844142065,0.6495999693870544,-1.268075243835785,-2.3852949142456055,-1.0968269866755982,1.5808502435684204,-0.9056771437274378,0.6496292948722839,-1.2680666607669373,-2.385249137878418,-1.0968020421317597,1.5808424949645996,-0.9056695143329065,1,7,1,0.0
3.459891841001081,0.44394995051358327,0.12078398385170346,0.24369452839168987,3.122569741727796,-0.024775167298450695,-0.05355667588249506,0.4439401565633589,0.12080570325978836,0.24369031278190795,3.1226108305914533,-0.024715019233596,-0.053548458762666874,1.3098065606036458e-09,-4.81428529858973e-09,0.0,0.0,0.0,-1.0844207309901321e-08,-0.6521873251396828,-8.909705698780469,-15.953197699968053,0.27818206811327195,0.027258307746717406,0.01727809001629015,0.6495912075042725,-1.268075243835785,-2.3852286338806152,-1.0968433183482666,1.5808132886886597,-0.9056685606585901,0.6496292948722839,-1.2680666607669373,-2.385249137878418,-1.0968020421317597,1.5808424949645996,-0.9056695143329065,1,7,1,0.0
3.4678724059995147,0.44394581250813725,0.12081021500727075,0.2436981320912482,3.1226603837890305,-0.024730805707530223,-0.053512310587962075,0.4439401565633589,0.12080570325978836,0.24369031278190795,3.1226108305914533,-0.024715019233596,-0.053548458762666874,3.937121514580487e-12,-1.446788758407979e-11,0.0,0.0,0.0,-3.2589309723052295e-11,-0.6281522539832433,-9.617220653954837,-15.79602165442486,0.3009231326388699,0.021555496792198408,0.017470420647616055,0.6496162414550781,-1.2680590611747284,-2.385249137878418,-1.0967609745315094,1.5808664560317993,-0.905672852193014,0.6496292948722839,-1.2680666607669373,-2.385249137878418,-1.0968020421317597,1.5808424949645996,-0.9056695143329065,1,7,1,0.0
3.475652615998115,0.4439176528257448,0.12078462338830899,0.24366357603377625,3.122608780929779,-0.024736552640020327,-0.053631723792118065,0.4439401565633589,0.12080570325978836,0.24369031278190795,3.1226108305914533,-0.024715019233596,-0.053548458762666874,1.1829437373431033e-14,-4.347652810225951e-14,0.0,0.0,0.0,-9.793827261770499e-14,-0.8406207723671828,-9.242407854210644,-15.879982113325887,0.2910192082136384,0.01747425039730685,0.02190850318661211,0.649604320526123,-1.2680590611747284,-2.385298252105713,-1.096803144817688,1.5808740854263306,-0.9056814352618616,0.6496292948722839,-1.2680666607669373,-2.385249137878418,-1.0968020421317597,1.5808424949645996,-0.9056695143329065,1,7,1,0.0
3.483813609000208,0.44392725679997186,0.12077478386391043,0.2436715823910395,3.122587063338145,-0.02474904877237106,-0.053604954574490576,0.4439401565633589,0.12080570325978836,0.24369031278190795,3.1226108305914533,-0.024715019233596,-0.053548458762666874,3.5547252066401785e-17,-1.306596757349307e-16,0.0,0.0,0.0,-2.9432677028390787e-16,-1.0054513145804498,-9.356727907422725,-15.755551754920823,0.2943540660978637,0.027404098562909693,0.021798386175415782,0.6495881080627441,-1.2680590909770508,-2.385282039642334,-1.0968195062926789,1.580845832824707,-0.9056890646563929,0.6496292948722839,-1.2680666607669373,-2.385249137878418,-1.0968020421317597,1.5808424949645996,-0.9056695143329065,1,7,1,0.0
3.491833226999006,0.4439296798178725,0.12083146489146636,0.24368726549968606,3.1226512305634837,-0.02459229382647311,-0.05359047251798926,0.4439401565633589,0.12080570325978836,0.24369031278190795,3.1226108305914533,-0.024715019233596,-0.053548458762666874,1.0687771579577509e-19,-3.9266419715676946e-19,0.0,0.0,0.0,-8.845189114588253e-19,-0.9332154725496771,-9.651744578642285,-16.036155569967217,0.31105865779913705,0.024475692476968614,0.013741390666974149,0.6496655344963074,-1.268071011906006,-2.385253429412842,-1.0967898529819031,1.5808902978897095,-0.905712906514303,0.6496292948722839,-1.2680666607669373,-2.385249137878418,-1.0968020421317597,1.5808424949645996,-0.9056695143329065,1,7,1,0.0
3.4997980420012027,0.443931328071642,0.12076938509471474,0.24367815848956959,3.1226028245361293,-0.02474250803823561,-0.053617421794622415,0.4439401565633589,0.12080570325978836,0.24369031278190795,3.1226108305914533,-0.024715019233596,-0.053548458762666874,3.2102681737337366e-22,-1.180049573585277e-21,0.0,0.0,0.0,-2.6581804413561e-21,-1.0439440899984878,-9.307442801347094,-15.755200509313005,0.2990138011390137,0.002673370587214232,0.019357537853351075,0.6495631337165833,-1.2680590909770508,-2.3852696418762207,-1.0968285363963624,1.5808621644973755,-0.9057186285602015,0.6496292948722839,-1.2680666607669373,-2.385249137878418,-1.0968020421317597,1.5808424949645996,-0.9056695143329065,1,7,1,0.0
3.507866511998145,0.44392146195280097,0.1207954919812344,0.24367270055970258,3.12260615368058,-0.024762137961461685,-0.05355490452587237,0.4439401565633589,0.12080570325978836,0.24369031278190795,3.1226108305914533,-0.024715019233596,-0.053548458762666874,9.649669910027854e-25,-3.546237946103975e-24,0.0,0.0,0.0,-7.988435455461311e-24,-0.15332919675563955,-9.531262929104935,-15.784813616590327,0.301405196797866,0.042735517413942485,0.015222773913490762,0.6496367454528809,-1.2680429381183167,-2.385298252105713,-1.0967823725989838,1.5808426141738892,-0.9056318441974085,0.6496292948722839,-1.2680666607669373,-2.385249137878418,-1.0968020421317597,1.5808424949645996,-0.9056695143329065,1,7,1,0.0
3.515867365000304,0.4439373246330725,0.12081084033970654,0.24369401186196277,3.122623370103393,-0.0247101728353897,-0.05353153071837584,0.4439401565633589,0.12080570325978836,0.24369031278190795,3.1226108305914533,-0.024715019233596,-0.053548458762666874,2.900313506363442e-27,-1.0657631508825575e-26,0.0,0.0,0.0,-2.4007063424176885e-26,-0.5832160866318622,-9.491523411350732,-15.782766091845188,0.2980127731285113,0.021521650385024103,0.02283423149954438,0.6496410369873047,-1.268053875570633,-2.385253429412842,-1.0967943233302613,1.580845832824707,-0.9056609312640589,0.6496292948722839,-1.2680666607669373,-2.385249137878418,-1.0968020421317597,1.5808424949645996,-0.9056695143329065,1,7,1,0.0
3.523885300000984,0.4439315675841553,0.12077832309587674,0.24366295750643907,3.1225711350494145,-0.024746366481553313,-0.05356472513250673,0.4439401565633589,0.12080570325978836,0.24369031278190795,3.1226108305914533,-0.024715019233596,-0.053548458762666874,8.713756948286167e-30,-3.2028195809021496e-29,0.0,0.0,0.0,-7.214669590476908e-29,-0.2675636639666644,-9.440615174471862,-16.0155623215732,0.29770694354165866,0.034868377335477416,0.011572272953174324,0.649604320526123,-1.268071011906006,-2.385293960571289,-1.0967854720405121,1.5808175802230835,-0.9056738058673304,0.6496292948722839,-1.2680666607669373,-2.385249137878418,-1.0968020421317597,1.5808424949645996,-0.9056695143329065,1,7,1,0.0
3.531835207999393,0.4439460611623207,0.12079811104559379,0.24371524860442412,3.1226505031560308,-0.02478128995481467,-0.05350107962775642,0.4439401565633589,0.12080570325978836,0.24369031278190795,3.1226108305914533,-0.024715019233596,-0.053548458762666874,2.619111175029665e-32,-9.625515497189966e-32,0.0,0.0,0.0,-2.1681722937216404e-31,-0.5261882055447596,-9.567044450565067,-15.852209273850598,0.298829287055693,0.017204541733999854,0.016005503171809876,0.6496000289916992,-1.2680303019336243,-2.385232925415039,-1.0968062442592164,1.5808545351028442,-0.9056566397296351,0.6496292948722839,-1.2680666607669373,-2.385249137878418,-1.0968020421317597,1.5808424949645996,-0.9056695143329065,1,7,1,0.0
3.5396747990016593,0.44394357683537145,0.12080354195713236,0.24368483909238822,3.122584951278221,-0.02476802753946382,-0.0535422853151063,0.4439401565633589,0.12080570325978836,0.24369031278190795,3.1226108305914533,-0.024715019233596,-0.053548458762666874,7.871377751024368e-35,-2.8926698148073668e-34,0.0,0.0,0.0,-6.515850134441886e-34,-0.39064348432783785,-9.158914705610488,-16.030495280550966,0.2848407475269704,0.03258781067866263,0.015716626033737708,0.6496325135231018,-1.268079475765564,-2.385249137878418,-1.0968018037131806,1.5808207988739014,-0.9056318441974085,0.6496292948722839,-1.2680666607669373,-2.385249137878418,-1.0968020421317597,1.5808424949645996,-0.9056695143329065,1,7,1,0.0
3.547858253998129,0.4439420404147643,0.1208200470739536,0.24370749206479067,3.1226479930078113,-0.024697931360160953,-0.053513505352280555,0.4439401565633589,0.12080570325978836,0.24369031278190795,3.1226108305914533,-0.024715019233596,-0.053548458762666874,2.365850742993978e-37,-8.693098799395823e-37,0.0,0.0,0.0,-1.9581607525329367e-36,-0.7438749100265489,-9.404667608933032,-16.13826554163748,0.28809347807116087,0.018773822282887008,0.008267540304115091,0.6496448516845703,-1.2680471700480958,-2.3852360248565674,-1.096794293527939,1.580857753753662,-0.9056652227984827,0.6496292948722839,-1.2680666607669373,-2.385249137878418,-1.0968020421317597,1.5808424949645996,-0.9056695143329065,1,7,1,0.0
3.555873113000416,0.4439337479798386,0.12078266981357405,0.24366220020715673,3.1225383519043763,-0.02474299154169883,-0.05361697392183481,0.4439401565633589,0.12080570325978836,0.24369031278190795,3.1226108305914533,-0.024715019233596,-0.053548458762666874,7.107721045060767e-40,-2.612425481237698e-39,0.0,0.0,0.0,-5.884719269768925e-39,-0.6876880767314488,-9.459687227505622,-15.782585586851049,0.30441196718407354,0.023091379287368454,0.015841834790069717,0.64961177110672,-1.2680955690196534,-2.3852696418762207,-1.0968314570239563,1.5808132886886597,-0.9056685606585901,0.6496292948722839,-1.2680666607669373,-2.385249137878418,-1.0968020421317597,1.5808424949645996,-0.9056695143329065,1,7,1,0.0
3.5638438999994833,0.44392932621852255,0.1207998943992673,0.24368434142265177,3.122608131037706,-0.02479964302445366,-0.05351689114048549,0.4439401565633589,0.12080570325978836,0.24369031278190795,3.1226108305914533,-0.024715019233596,-0.053548458762666874,2.136272036185142e-42,-7.850617836706432e-42,0.0,0.0,0.0,-1.7684386619779191e-41,-0.45486165585489835,-9.145740095393341,-15.85854646236797,0.2926502192171605,0.014895571608282322,0.015608009579164774,0.6496410369873047,-1.26803873599086,-2.385282039642334,-1.0967824024013062,1.5808296203613281,-0.9056032339679163,0.6496292948722839,-1.2680666607669373,-2.385249137878418,-1.0968020421317597,1.5808424949645996,-0.9056695143329065,1,7,1,0.0
3.5718438510011765,0.44394135438147997,0.12078063849949869,0.2436741993068183,3.122565425783159,-0.024799098841789453,-0.053604292249348894,0.4439401565633589,0.12080570325978836,0.24369031278190795,3.1226108305914533,-0.024715019233596,-0.053548458762666874,6.431489483481698e-45,-2.3639584849511797e-44,0.0,0.0,0.0,-5.324934164434305e-44,-0.611919426303736,-9.239713602005963,-15.877224318977774,0.2903498324966991,0.02847556844535389,0.010790850802506356,0.6495881080627441,-1.268091396694519,-2.385253429412842,-1.0968285363963624,1.5808295011520386,-0.9056566397296351,0.6496292948722839,-1.2680666607669373,-2.385249137878418,-1.0968020421317597,1.5808424949645996,-0.9056695143329065,1,7,1,0.0
3.5795559549987956,0.44392507774465034,0.12080586411671997,0.24367175491436172,3.122561857616144,-0.02464020141177588,-0.05355976656476239,0.4439401565633589,0.12080570325978836,0.24369031278190795,3.1226108305914533,-0.024715019233596,-0.053548458762666874,0.0,0.0,0.0,0.0,0.0,0.0,-0.29502472275191194,-9.226020319413003,-15.719684372046443,0.2896088436855364,0.04317797331969688,0.01956719910992475,0.6496698260307312,-1.2680625480464478,-2.3852808475494385,-1.0968106550029297,1.5808088779449463,-0.9056761900531214,0.6496292948722839,-1.2680666607669373,-2.385249137878418,-1.0968020421317597,1.5808424949645996,-0.9056695143329065,1,7,1,0.0
3.5876391419988067,0.4439366289295671,0.12081605216599281,0.24369861854604316,3.1226457816711157,-0.02478743695023167,-0.05349476846757483,0.4439401565633589,0.12080570325978836,0.24369031278190795,3.1226108305914533,-0.024715019233596,-0.053548458762666874,0.0,0.0,0.0,0.0,0.0,0.0,-0.44800711751804634,-9.076490604519462,-15.568018445269512,0.2948580902261845,0.02140038537524603,0.025752899528051924,0.6496492624282837,-1.26803873599086,-2.385261058807373,-1.0967691105655213,1.5808502435684204,-0.9056032339679163,0.6496292948722839,-1.2680666607669373,-2.385249137878418,-1.0968020421317597,1.5808424949645996,-0.9056695143329065,1,7,1,0.0
3.595811725001113,0.44394560383276305,0.12082180755425787,0.24369858159020524,3.122648026580219,-0.024626479928322332,-0.05348692181672191,0.4439401565633589,0.12080570325978836,0.24369031278190795,3.1226108305914533,-0.024715019233596,-0.053548458762666874,0.0,0.0,0.0,0.0,0.0,0.0,-0.022729589225927826,-9.470664443149175,-15.872697071952752,0.2956680747311058,0.042653595316376976,0.013577580910641516,0.6496496796607971,-1.2680590909770508,-2.385249137878418,-1.0967565041831513,1.580845832824707,-0.90570575395693,0.6496292948722839,-1.2680666607669373,-2.385249137878418,-1.0968020421317597,1.5808424949645996,-0.9056695143329065,1,7,1,0.0
3.60382594299881,0.4439485082985932,0.12079879935996883,0.24369591076408792,3.1225726610385536,-0.02474710121352654,-0.053497243749884356,0.4439401565633589,0.12080570325978836,0.24369031278190795,3.1226108305914533,-0.024715019233596,-0.053548458762666874,0.0,0.0,0.0,0.0,0.0,0.0,-0.38145190746618474,-9.534220791629863,-15.59470881696825,0.3003697356762131,0.02397712061856317,0.008718834661222235,0.649632453918457,-1.2680633229068299,-2.385240316390991,-1.0968121749213715,1.5807925462722778,-0.90564471880068,0.6496292948722839,-1.2680666607669373,-2.385249137878418,-1.0968020421317597,1.5808424949645996,-0.9056695143329065,1,7,1,0.0
3.611800727998343,0.4439389077422137,0.12078784303676714,0.24368023166562397,3.1225820265285864,-0.024731400562016843,-0.05356253570594276,0.4439401565633589,0.12080570325978836,0.24369031278190795,3.1226108305914533,-0.024715019233596,-0.053548458762666874,0.0,0.0,0.0,0.0,0.0,0.0,-0.40044005559057233,-9.369294260859242,-15.592389758713143,0.3000493235675852,0.023329465797495903,0.01960525988629487,0.6496074795722961,-1.2680709821036835,-2.385261058807373,-1.0968106550029297,1.5808250904083252,-0.9056804815875452,0.6496292948722839,-1.2680666607669373,-2.385249137878418,-1.0968020421317597,1.5808424949645996,-0.9056695143329065,1,7,1,0.0
3.619812771998113,0.4439602883093109,0.12081937614440344,0.24369986768009486,3.122646046795347,-0.024602596903434706,-0.05351626529529516,0.4439401565633589,0.12080570325978836,0.24369031278190795,3.1226108305914533,-0.024715019233596,-0.053548458762666874,0.0,0.0,0.0,0.0,0.0,0.0,-0.3132452918508888,-9.44280986831089,-15.676583613551887,0.29501259915028927,0.04082361418259884,0.0029537284123526374,0.6496194005012512,-1.2680956584266205,-2.3852198123931885,-1.0967654150775452,1.5808545351028442,-0.9057515303241175,0.6496292948722839,-1.2680666607669373,-2.385249137878418,-1.0968020421317597,1.5808424949645996,-0.9056695143329065,1,7,1,0.0
3.627801332000672,0.4439178472518618,0.12079086086243522,0.2436635042176747,3.1225838987003263,-0.024736070845687304,-0.05363761337498565,0.4439401565633589,0.12080570325978836,0.24369031278190795,3.1226108305914533,-0.024715019233596,-0.053548458762666874,0.0,0.0,0.0,0.0,0.0,0.0,-1.0148872471262909,-9.074659692487124,-16.09998317744036,0.29272796568754506,0.012601370406778306,0.020372799927386033,0.6496248245239258,-1.2680667501739045,-2.385289430618286,-1.0968224865249177,1.580857753753662,-0.9056609312640589,0.6496292948722839,-1.2680666607669373,-2.385249137878418,-1.0968020421317597,1.5808424949645996,-0.9056695143329065,1,7,1,0.0
3.635854471998755,0.44394266550532097,0.1208313955020265,0.2436995927235837,3.122625713514066,-0.02465152862356995,-0.0535159918098434,0.4439401565633589,0.12080570325978836,0.24369031278190795,3.1226108305914533,-0.024715019233596,-0.053548458762666874,0.0,0.0,0.0,0.0,0.0,0.0,-1.0568506762555967,-9.071200853320239,-16.38205504653116,0.2779644296897978,0.01905781532174062,0.014018686526180742,0.6496741771697998,-1.2680667799762269,-2.3852360248565674,-1.0967898529819031,1.5808415412902832,-0.9056652227984827,0.6496292948722839,-1.2680666607669373,-2.385249137878418,-1.0968020421317597,1.5808424949645996,-0.9056695143329065,1,7,1,0.0
3.6438955500016164,0.4439506195645646,0.12079294122094385,0.243701881190709,3.1226251041591353,-0.02478783463907964,-0.05351847469125371,0.4439401565633589,0.12080570325978836,0.24369031278190795,3.1226108305914533,-0.024715019233596,-0.053548458762666874,0.0,0.0,0.0,0.0,0.0,0.0,-0.3572976261699624,-9.335662284811567,-15.897000688574279,0.28765366940157994,0.023271897408451547,0.024563483910880785,0.6495912075042725,-1.2680591207793732,-2.3852360248565674,-1.0967987042716523,1.5808414220809937,-0.9056609312640589,0.6496292948722839,-1.2680666607669373,-2.385249137878418,-1.0968020421317597,1.5808424949645996,-0.9056695143329065,1,7,1,0.0
3.651919406998786,0.443942916155829,0.12080796332894653,0.2436699016902733,3.12258132897113,-0.02462166940474938,-0.05357743825321265,0.4439401565633589,0.12080570325978836,0.24369031278190795,3.1226108305914533,-0.024715019233596,-0.053548458762666874,0.0,0.0,0.0,0.0,0.0,0.0,-0.6525700047999538,-9.234896617203704,-15.775478504057808,0.2930621638286534,0.024843856465300247,0.020981408066938694,0.6496367454528809,-1.2681075197509308,-2.385256767272949,-1.0967868131450196,1.5808296203613281,-0.9057214895831507,0.6496292948722839,-1.2680666607669373,-2.385249137878418,-1.0968020421317597,1.5808424949645996,-0.9056695143329065,1,7,1,0.0
3.659844639001676,0.443920025293308,0.12078433231338502,0.24368025167489796,3.1225867139739094,-0.02474249444152855,-0.05360316512987652,0.4439401565633589,0.12080570325978836,0.24369031278190795,3.1226108305914533,-0.024715019233596,-0.053548458762666874,0.0,0.0,0.0,0.0,0.0,0.0,-0.940802333217329,-9.14153532376878,-15.685644315031677,0.2849185444206484,0.004411837666455422,0.02001131415794458,0.6496162414550781,-1.2680387061885376,-2.38527774810791,-1.0968433779529114,1.580845832824707,-0.9056652227984827,0.6496292948722839,-1.2680666607669373,-2.385249137878418,-1.0968020421317597,1.5808424949645996,-0.9056695143329065,1,7,1,0.0
3.6678587659989716,0.4439311513032733,0.12081546406345571,0.24368102683835752,3.1226003146978614,-0.024594273673826314,-0.05352781291347762,0.4439401565633589,0.12080570325978836,0.24369031278190795,3.1226108305914533,-0.024715019233596,-0.053548458762666874,0.0,0.0,0.0,0.0,0.0,0.0,-0.4809054451484128,-9.102134730879875,-16.131960688711487,0.2882438538963591,0.029700894461512115,0.018654641477816102,0.6496699452400208,-1.2680590909770508,-2.3852732181549072,-1.0967823725989838,1.5808252096176147,-0.90570575395693,0.6496292948722839,-1.2680666607669373,-2.385249137878418,-1.0968020421317597,1.5808424949645996,-0.9056695143329065,1,7,1,0.0
3.675670946999162,0.4439430067282607,0.12082252113189906,0.24367395203891273,3.122603206950677,-0.0246590387993908,-0.05352278523174405,0.4439401565633589,0.12080570325978836,0.24369031278190795,3.1226108305914533,-0.024715019233596,-0.053548458762666874,0.0,0.0,0.0,0.0,0.0,0.0,-0.9273101567137731,-9.442356402317666,-16.04375200600386,0.2917744262016282,0.0183552845771355,0.01276808687179149,0.6496655344963074,-1.268095539217331,-2.385265350341797,-1.0967490834048768,1.5808264017105103,-0.9056685606585901,0.6496292948722839,-1.2680666607669373,-2.385249137878418,-1.0968020421317597,1.5808424949645996,-0.9056695143329065,1,7,1,0.0
3.6838151880001533,0.4439441185791903,0.12080892590339963,0.24369977115340516,3.1226307176306127,-0.02466858552451512,-0.05357275255477818,0.4439401565633589,0.12080570325978836,0.24369031278190795,3.1226108305914533,-0.024715019233596,-0.053548458762666874,0.0,0.0,0.0,0.0,0.0,0.0,-0.7876299806435285,-9.570974359341472,-16.0042362583251,0.3005673361598407,0.010718070364879895,0.010045515120356547,0.6496162414550781,-1.268071011906006,-2.3852274417877197,-1.0968195360950013,1.5808665752410889,-0.905712906514303,0.6496292948722839,-1.2680666607669373,-2.385249137878418,-1.0968020421317597,1.5808424949645996,-0.9056695143329065,1,7,1,0.0
3.691785193001124,0.44392899817695686,0.12076637910918897,0.24366574569215388,3.1225669077548863,-0.024773112591951637,-0.05356255865436306,0.4439401565633589,0.12080570325978836,0.24369031278190795,3.1226108305914533,-0.024715019233596,-0.053548458762666874,0.0,0.0,0.0,0.0,0.0,0.0,-0.1299139161361721,-9.498986733525367,-15.924030592483637,0.304213356588219,0.033485778899142865,0.017621322901315208,0.6495881080627441,-1.2680548888495942,-2.385298252105713,-1.096798763876297,1.5808132886886597,-0.905672852193014,0.6496292948722839,-1.2680666607669373,-2.385249137878418,-1.0968020421317597,1.5808424949645996,-0.9056695143329065,1,7,1,0.0
3.699807556000451,0.44395262842827105,0.12079338167209654,0.2437062007809532,3.122631655522247,-0.024769756358143494,-0.05355097357935963,0.4439401565633589,0.12080570325978836,0.24369031278190795,3.1226108305914533,-0.024715019233596,-0.053548458762666874,0.0,0.0,0.0,0.0,0.0,0.0,-0.6030119085882634,-9.059538814467382,-15.606763067389565,0.28599055652538846,0.02266161404558229,0.011817026146881343,0.6495794057846069,-1.2680668097785492,-2.3852198123931885,-1.0968195062926789,1.5808589458465576,-0.905684773121969,0.6496292948722839,-1.2680666607669373,-2.385249137878418,-1.0968020421317597,1.5808424949645996,-0.9056695143329065,1,7,1,0.0
3.7078113239986124,0.4439467297224438,0.12080495638198147,0.24367791057602722,3.122622470235891,-0.024781256940206737,-0.053554441363428226,0.4439401565633589,0.12080570325978836,0.24369031278190795,3.1226108305914533,-0.024715019233596,-0.053548458762666874,0.0,0.0,0.0,0.0,0.0,0.0,-0.9971284825044759,-9.639365712410939,-16.028783024233604,0.2996631940447524,0.01567948192541024,0.01603932914763823,0.64961177110672,-1.268095539217331,-2.385256767272949,-1.096760944729187,1.5808545351028442,-0.90564471880068,0.6496292948722839,-1.2680666607669373,-2.385249137878418,-1.0968020421317597,1.5808424949645996,-0.9056695143329065,1,7,1,0.0
3.715812828999333,0.4439580344945174,0.12079619348002021,0.243697419695324,3.122605900278805,-0.024696459851276484,-0.0535001967520451,0.4439401565633589,0.12080570325978836,0.24369031278190795,3.1226108305914533,-0.024715019233596,-0.053548458762666874,0.0,0.0,0.0,0.0,0.0,0.0,-0.4412772154730339,-9.663625344705357,-15.970315740173833,0.3069392503129494,0.021344682524565676,0.012334811025999674,0.6496000289916992,-1.268078700905182,-2.3852317333221436,-1.0967868131450196,1.5808175802230835,-0.9057100454913538,0.6496292948722839,-1.2680666607669373,-2.385249137878418,-1.0968020421317597,1.5808424949645996,-0.9056695143329065,1,7,1,0.0
3.7238123399984033,0.4439316044313031,0.12080988923530925,0.2436834684592909,3.122588774336228,-0.024658553909065017,-0.05349894105118571,0.4439401565633589,0.12080570325978836,0.24369031278190795,3.1226108305914533,-0.024715019233596,-0.053548458762666874,0.0,0.0,0.0,0.0,0.0,0.0,-0.4782918407514728,-9.015976639251754,-15.957527262730567,0.2912923528455062,0.023271905632333095,0.015625207623479357,0.6496698260307312,-1.2680471700480958,-2.385277509689331,-1.0967823725989838,1.5808056592941284,-0.9056642691241663,0.6496292948722839,-1.2680666607669373,-2.385249137878418,-1.0968020421317597,1.5808424949645996,-0.9056695143329065,1,7,1,0.0
3.731840093001665,0.4439342644688812,0.12079590179280607,0.2436666090620077,3.122559880579955,-0.02467083796378056,-0.053606130946900504,0.4439401565633589,0.12080570325978836,0.24369031278190795,3.1226108305914533,-0.024715019233596,-0.053548458762666874,0.0,0.0,0.0,0.0,0.0,0.0,-0.3609718646995327,-9.157575480934762,-16.031049615363475,0.28783838237571907,0.02275877966906718,0.017062263704983358,0.6496291160583496,-1.268094853763916,-2.385265350341797,-1.096818135385849,1.5808250904083252,-0.9056976477252405,0.6496292948722839,-1.2680666607669373,-2.385249137878418,-1.0968020421317597,1.5808424949645996,-0.9056695143329065,1,7,1,0.0
3.7398356060002698,0.4439583910315306,0.12080511432929432,0.24369771744509047,3.122640861843229,-0.02478809379495837,-0.05352006596487416,0.4439401565633589,0.12080570325978836,0.24369031278190795,3.1226108305914533,-0.024715019233596,-0.053548458762666874,0.0,0.0,0.0,0.0,0.0,0.0,-0.9308261764353126,-9.293772361740892,-16.016290666105906,0.29450891609399893,0.019136038529568942,0.01474160638711414,0.6495954990386963,-1.26808716476474,-2.3852286338806152,-1.0967690509608765,1.5808545351028442,-0.9056566397296351,0.6496292948722839,-1.2680666607669373,-2.385249137878418,-1.0968020421317597,1.5808424949645996,-0.9056695143329065,1,7,1,0.0
3.7476392399985343,0.4439543275075751,0.12080796410837952,0.24369794809941292,3.1225915691196104,-0.024760027941148045,-0.053533523269604116,0.4439401565633589,0.12080570325978836,0.24369031278190795,3.1226108305914533,-0.024715019233596,-0.053548458762666874,0.0,0.0,0.0,0.0,0.0,0.0,-0.8147237461756046,-9.487011453808263,-16.083880079064294,0.2964574376452546,0.02498842472466013,0.01931957371538575,0.6496248245239258,-1.26808716476474,-2.3852198123931885,-1.0968150955489655,1.5808219909667969,-0.90564471880068,0.6496292948722839,-1.2680666607669373,-2.385249137878418,-1.0968020421317597,1.5808424949645996,-0.9056695143329065,1,7,1,0.0
3.755483721000928,0.443934198612333,0.12080636973409178,0.2436777191848212,3.1225630611592425,-0.02470304608761601,-0.053574663272085175,0.4439401565633589,0.12080570325978836,0.24369031278190795,3.1226108305914533,-0.024715019233596,-0.053548458762666874,0.0,0.0,0.0,0.0,0.0,0.0,-0.7933219469499122,-9.453865130440072,-15.910875971291656,0.2940200882064958,0.010790544549549003,0.017090244727072563,0.6496536135673523,-1.268079475765564,-2.385256767272949,-1.096824125652649,1.580816388130188,-0.9056523481952112,0.6496292948722839,-1.2680666607669373,-2.385249137878418,-1.0968020421317597,1.5808424949645996,-0.9056695143329065,1,7,1,0.0
3.76381991100061,0.44392295853572306,0.12079406193652677,0.24368120202804067,3.122597762504175,-0.024788803155725972,-0.053641490758497654,0.4439401565633589,0.12080570325978836,0.24369031278190795,3.1226108305914533,-0.024715019233596,-0.053548458762666874,0.0,0.0,0.0,0.0,0.0,0.0,-0.5016770503235397,-9.174933809075625,-16.010396578610493,0.28407898815212546,0.026007205377271386,0.017113387929659246,0.6496162414550781,-1.2680591207793732,-2.3852603435516357,-1.0968522292426606,1.5808708667755127,-0.9056361357318323,0.6496292948722839,-1.2680666607669373,-2.385249137878418,-1.0968020421317597,1.5808424949645996,-0.9056695143329065,1,7,1,0.0
3.7716595320016495,0.44392250181663045,0.12078179611728829,0.24365851336307773,3.1225702553979064,-0.024717611269362238,-0.053565874341527805,0.4439401565633589,0.12080570325978836,0.24369031278190795,3.1226108305914533,-0.024715019233596,-0.053548458762666874,0.0,0.0,0.0,0.0,0.0,0.0,-0.5274051442712395,-9.691377961194505,-16.162325983325236,0.2990336506509615,0.01985265284381362,0.01298661723640501,0.649623692035675,-1.2680590909770508,-2.385310173034668,-1.0967823725989838,1.5808175802230835,-0.905672852193014,0.6496292948722839,-1.2680666607669373,-2.385249137878418,-1.0968020421317597,1.5808424949645996,-0.9056695143329065,1,7,1,0.0
3.779840241000784,0.4439337844785136,0.12082243645333862,0.24370094567400152,3.12263614348157,-0.02457145568162294,-0.053540624964510744,0.4439401565633589,0.12080570325978836,0.24369031278190795,3.1226108305914533,-0.024715019233596,-0.053548458762666874,0.0,0.0,0.0,0.0,0.0,0.0,-0.2684405671816417,-8.768338312825415,-15.917061602377157,0.2795805670866889,0.03447430098690556,0.018610365245753727,0.6496610641479492,-1.268046424990036,-2.385244846343994,-1.0968077939799805,1.580857753753662,-0.9057300726519983,0.6496292948722839,-1.2680666607669373,-2.385249137878418,-1.0968020421317597,1.5808424949645996,-0.9056695143329065,1,7,1,0.0
3.787806489999639,0.44392649139269624,0.12079565941378752,0.24367508862180182,3.122625835534673,-0.02474009324518087,-0.05361977570397455,0.4439401565633589,0.12080570325978836,0.24369031278190795,3.1226108305914533,-0.024715019233596,-0.053548458762666874,0.0,0.0,0.0,0.0,0.0,0.0,-0.807216716230839,-9.31769635066149,-15.804114307891851,0.29472877940872183,0.010237823640153947,0.011605330727208896,0.6496074795722961,-1.2680668097785492,-2.3852739334106445,-1.0968031746200104,1.5808827877044678,-0.9056761900531214,0.6496292948722839,-1.2680666607669373,-2.385249137878418,-1.0968020421317597,1.5808424949645996,-0.9056695143329065,1,7,1,0.0
3.7956300510013534,0.44393646647054186,0.12080866768372381,0.2437115864439009,3.1226497306452545,-0.02467962013965896,-0.053523257484694345,0.4439401565633589,0.12080570325978836,0.24369031278190795,3.1226108305914533,-0.024715019233596,-0.053548458762666874,0.0,0.0,0.0,0.0,0.0,0.0,-0.6591626330864065,-9.626646810637363,-15.854140685130254,0.30591285179482647,0.01642109749236764,0.007432237604716866,0.6496291160583496,-1.2680260700038453,-2.385240316390991,-1.0968150955489655,1.5808621644973755,-0.9056928793536585,0.6496292948722839,-1.2680666607669373,-2.385249137878418,-1.0968020421317597,1.5808424949645996,-0.9056695143329065,1,7,1,0.0
3.8038130050008476,0.4439350661781326,0.12081946685145717,0.24367198342798682,3.1226306177998664,-0.024646733646023385,-0.05354879608191077,0.4439401565633589,0.12080570325978836,0.24369031278190795,3.1226108305914533,-0.024715019233596,-0.053548458762666874,0.0,0.0,0.0,0.0,0.0,0.0,-0.3929441660784474,-9.411442439263002,-15.894931375604358,0.2977187882818739,0.023948885881896295,0.01842250019861788,0.6496536135673523,-1.2680837374976655,-2.38527774810791,-1.0967445832541962,1.580857753753662,-0.9056890646563929,0.6496292948722839,-1.2680666607669373,-2.385249137878418,-1.0968020421317597,1.5808424949645996,-0.9056695143329065,1,7,1,0.0
3.811651134001295,0.44393536046115145,0.12080886526122621,0.24370383642674676,3.12260354733788,-0.02462618642952186,-0.05353250361329986,0.4439401565633589,0.12080570325978836,0.24369031278190795,3.1226108305914533,-0.024715019233596,-0.053548458762666874,0.0,0.0,0.0,0.0,0.0,0.0,-0.6664187895197811,-9.302473363938667,-15.8023147342774,0.28504531609191675,0.0173254706765982,0.015298521834111472,0.6496493220329285,-1.26803873599086,-2.385240316390991,-1.0968358677676697,1.5808295011520386,-0.9057062307940882,0.6496292948722839,-1.2680666607669373,-2.385249137878418,-1.0968020421317597,1.5808424949645996,-0.9056695143329065,1,7,1,0.0
3.8200145949995203,0.44394098419540495,0.1208167930190807,0.2437189276399071,3.1226468152928812,-0.024727372301733944,-0.0534546915583371,0.4439401565633589,0.12080570325978836,0.24369031278190795,3.1226108305914533,-0.024715019233596,-0.053548458762666874,0.0,0.0,0.0,0.0,0.0,0.0,-0.5269473360572184,-9.351715752340704,-16.027458613301448,0.29695362917503965,0.015529626692766516,0.017191133990538635,0.6496536135673523,-1.2680141490748902,-2.385240316390991,-1.096794293527939,1.580833911895752,-0.9056370894061487,0.6496292948722839,-1.2680666607669373,-2.385249137878418,-1.0968020421317597,1.5808424949645996,-0.9056695143329065,1,7,1,0.0
3.8276556650016573,0.44397165847416264,0.1207903771365976,0.24372679325879634,3.122616302206056,-0.024790952095387214,-0.05341542323645668,0.4439401565633589,0.12080570325978836,0.24369031278190795,3.1226108305914533,-0.024715019233596,-0.053548458762666874,0.0,0.0,0.0,0.0,0.0,0.0,-0.3491337908279063,-8.980691493011925,-15.630087893187403,0.28612187295242975,0.02790738109299005,0.01595129193918383,0.6495838165283203,-1.2680471700480958,-2.3852035999298096,-1.0967973929694672,1.5807925462722778,-0.9056652227984827,0.6496292948722839,-1.2680666607669373,-2.385249137878418,-1.0968020421317597,1.5808424949645996,-0.9056695143329065,1,7,1,0.0
3.8361696870015294,0.443940134016884,0.1208081845109429,0.24370660234005848,3.1226413787654907,-0.02471104341097344,-0.05354972420960077,0.4439401565633589,0.12080570325978836,0.24369031278190795,3.1226108305914533,-0.024715019233596,-0.053548458762666874,0.0,0.0,0.0,0.0,0.0,0.0,-0.14526445613575267,-9.37020016665626,-15.732319138642803,0.2938688348581637,0.03208126467575724,0.013412610816027383,0.649620532989502,-1.2680471700480958,-2.385232925415039,-1.0968195360950013,1.5808665752410889,-0.9056814352618616,0.6496292948722839,-1.2680666607669373,-2.385249137878418,-1.0968020421317597,1.5808424949645996,-0.9056695143329065,1,7,1,0.0
3.8439978169990354,0.4439320402432599,0.12080243810776566,0.2436628864569682,3.12259612124994,-0.024730763467839714,-0.0536061287274109,0.4439401565633589,0.12080570325978836,0.24369031278190795,3.1226108305914533,-0.024715019233596,-0.053548458762666874,0.0,0.0,0.0,0.0,0.0,0.0,0.37378303201191554,-9.266071620676868,-16.026726928803292,0.2955097428508403,0.04550518299780775,0.027996810155691117,0.6496279835700989,-1.2680955988219758,-2.385277509689331,-1.0967823725989838,1.5808545351028442,-0.9056609312640589,0.6496292948722839,-1.2680666607669373,-2.385249137878418,-1.0968020421317597,1.5808424949645996,-0.9056695143329065,1,7,1,0.0
3.8518684670016228,0.44392979846174907,0.12082524374079116,0.24368685841433887,3.1226151456539966,-0.024601676185417583,-0.05362303520140921,0.4439401565633589,0.12080570325978836,0.24369031278190795,3.1226108305914533,-0.024715019233596,-0.053548458762666874,0.0,0.0,0.0,0.0,0.0,0.0,-0.5737959524864993,-9.551992786929926,-15.908572016583825,0.29383497260572916,0.026212925928167638,0.019660555879612466,0.6496621966362,-1.2680794459632416,-2.385240316390991,-1.0968330067447205,1.580875277519226,-0.9057100454913538,0.6496292948722839,-1.2680666607669373,-2.385249137878418,-1.0968020421317597,1.5808424949645996,-0.9056695143329065,1,7,1,0.0
3.8602288520014554,0.44396644454779,0.12083823089137868,0.24372581464826293,3.122689385302022,-0.024634462442133763,-0.05348882569607192,0.4439401565633589,0.12080570325978836,0.24369031278190795,3.1226108305914533,-0.024715019233596,-0.053548458762666874,0.0,0.0,0.0,0.0,0.0,0.0,-0.19754054085641487,-9.275915314472813,-15.817204369128914,0.29557584020733446,0.027715150032204382,0.01480143504917849,0.649632453918457,-1.2680794459632416,-2.3851871490478516,-1.0967735213092347,1.580878496170044,-0.9057186285602015,0.6496292948722839,-1.2680666607669373,-2.385249137878418,-1.0968020421317597,1.5808424949645996,-0.9056695143329065,1,7,1,0.0
3.867878509001457,0.44391134784325204,0.12080906745688828,0.24366192906221176,3.1226075471821826,-0.02460250335573105,-0.05360502728551914,0.4439401565633589,0.12080570325978836,0.24369031278190795,3.1226108305914533,-0.024715019233596,-0.053548458762666874,0.0,0.0,0.0,0.0,0.0,0.0,-0.4584695292462316,-9.109407150756535,-15.906080088561602,0.29171118746646335,0.021630203652770165,0.024786304267457152,0.6496655344963074,-1.2680548590472718,-2.3853068351745605,-1.0967868131450196,1.5808621644973755,-0.90570575395693,0.6496292948722839,-1.2680666607669373,-2.385249137878418,-1.0968020421317597,1.5808424949645996,-0.9056695143329065,1,7,1,0.0
3.8756556939988513,0.44392034398281305,0.1208143291443346,0.24366988790435934,3.1226135954897485,-0.0246075840627405,-0.05354114059080943,0.4439401565633589,0.12080570325978836,0.24369031278190795,3.1226108305914533,-0.024715019233596,-0.053548458762666874,0.0,0.0,0.0,0.0,0.0,0.0,-0.1378395486141708,-9.170910410275022,-16.10559053691242,0.2904042862262191,0.04295577250655075,0.013103994290399148,0.649674117565155,-1.2680506569198151,-2.385301351547241,-1.096760944729187,1.5808414220809937,-0.9056933561908167,0.6496292948722839,-1.2680666607669373,-2.385249137878418,-1.0968020421317597,1.5808424949645996,-0.9056695143329065,1,7,1,0.0
3.8841513820007094,0.4439356026716749,0.12078760529560875,0.24365808994068816,3.1225659151446026,-0.024753845887741165,-0.05362572873960833,0.4439401565633589,0.12080570325978836,0.24369031278190795,3.1226108305914533,-0.024715019233596,-0.053548458762666874,0.0,0.0,0.0,0.0,0.0,0.0,-0.1325933876188775,-9.137310818901641,-15.700661198340091,0.2904544882355495,0.03636063097565463,0.008096800348060516,0.649604320526123,-1.2681075197509308,-2.3852732181549072,-1.0968031746200104,1.5808383226394653,-0.9056695143329065,0.6496292948722839,-1.2680666607669373,-2.385249137878418,-1.0968020421317597,1.5808424949645996,-0.9056695143329065,1,7,1,0.0
3.8919453080015955,0.4439473983359733,0.12079921853697106,0.24367585742960066,3.1225885583898645,-0.024775781756307316,-0.05358829496379643,0.4439401565633589,0.12080570325978836,0.24369031278190795,3.1226108305914533,-0.024715019233596,-0.053548458762666874,0.0,0.0,0.0,0.0,0.0,0.0,-0.8589787817489465,-9.31030947536907,-15.671260456780777,0.28857470018424297,0.016707463451460444,0.011440011683880442,0.6496074795722961,-1.2681075197509308,-2.385244846343994,-1.096798763876297,1.5808414220809937,-0.9056523481952112,0.6496292948722839,-1.2680666607669373,-2.385249137878418,-1.0968020421317597,1.5808424949645996,-0.9056695143329065,1,7,1,0.0
3.9002670509980817,0.44393963240834816,0.12080396533894641,0.2436830012640213,3.1226029748738875,-0.024684582314360177,-0.05355479883098395,0.4439401565633589,0.12080570325978836,0.24369031278190795,3.1226108305914533,-0.024715019233596,-0.053548458762666874,0.0,0.0,0.0,0.0,0.0,0.0,-0.3858654723920639,-9.260736422664273,-15.585112634786107,0.29386815580632436,0.023615427309880307,0.022439766780038346,0.6496291160583496,-1.268075243835785,-2.38525652885437,-1.096794293527939,1.5808383226394653,-0.9056890646563929,0.6496292948722839,-1.2680666607669373,-2.385249137878418,-1.0968020421317597,1.5808424949645996,-0.9056695143329065,1,7,1,0.0
3.908012216001225,0.443925530601304,0.12080882370557715,0.24365726097309048,3.1225495015678706,-0.024601003823013372,-0.05360701601028474,0.4439401565633589,0.12080570325978836,0.24369031278190795,3.1226108305914533,-0.024715019233596,-0.053548458762666874,0.0,0.0,0.0,0.0,0.0,0.0,-0.3404581191044883,-9.305293913813687,-15.906233105378972,0.29344917021625655,0.02913506387487958,0.005216377049093002,0.6496698260307312,-1.2680955988219758,-2.385282039642334,-1.0968077939799805,1.5808175802230835,-0.9057014624225062,0.6496292948722839,-1.2680666607669373,-2.385249137878418,-1.0968020421317597,1.5808424949645996,-0.9056695143329065,1,7,1,0.0
3.9159831430006307,0.44391837577753973,0.12075593383028675,0.2436571973540781,3.122549595379931,-0.02473527806631889,-0.05359782174942706,0.4439401565633589,0.12080570325978836,0.24369031278190795,3.1226108305914533,-0.024715019233596,-0.053548458762666874,0.0,0.0,0.0,0.0,0.0,0.0,-0.4053063941394268,-9.228588109545074,-15.952955356158146,0.2913898385457488,0.028055372064414056,0.015469502318109184,0.6495838165283203,-1.2680463951877137,-2.385314464569092,-1.0968195658973237,1.5808131694793701,-0.9057014624225062,0.6496292948722839,-1.2680666607669373,-2.385249137878418,-1.0968020421317597,1.5808424949645996,-0.9056695143329065,1,7,1,0.0
3.9242448529985268,0.4439436864748125,0.12077924505769562,0.24366673092992208,3.122562081464593,-0.02479350123479537,-0.053570789387335394,0.4439401565633589,0.12080570325978836,0.24369031278190795,3.1226108305914533,-0.024715019233596,-0.053548458762666874,0.0,0.0,0.0,0.0,0.0,0.0,-0.5595082407475109,-9.084332560512006,-15.715175742036152,0.28139534039086095,0.02492392063128548,0.014710338514953986,0.6495912075042725,-1.2680955988219758,-2.3852689266204834,-1.096794293527939,1.5808132886886597,-0.9056566397296351,0.6496292948722839,-1.2680666607669373,-2.385249137878418,-1.0968020421317597,1.5808424949645996,-0.9056695143329065,1,7,1,0.0
3.931989868000528,0.4439480415861858,0.12079963413762568,0.2436855106779081,3.122607655947783,-0.024761125834504804,-0.053585047306317385,0.4439401565633589,0.12080570325978836,0.24369031278190795,3.1226108305914533,-0.024715019233596,-0.053548458762666874,0.0,0.0,0.0,0.0,0.0,0.0,-0.21587603029294522,-9.041611492228427,-15.563043833950418,0.28485619453579725,0.029965452523090116,0.02073535851939074,0.6496000289916992,-1.2680955988219758,-2.3852360248565674,-1.096806214456894,1.5808545351028442,-0.9056695143329065,0.6496292948722839,-1.2680666607669373,-2.385249137878418,-1.0968020421317597,1.5808424949645996,-0.9056695143329065,1,7,1,0.0
3.9396382220002124,0.4439308214315965,0.12079043172928208,0.2436798698602367,3.1225595208172288,-0.024736441174677555,-0.05358527205894387,0.4439401565633589,0.12080570325978836,0.24369031278190795,3.1226108305914533,-0.024715019233596,-0.053548458762666874,0.0,0.0,0.0,0.0,0.0,0.0,-0.5791241344489259,-9.663693038532262,-15.83700999800526,0.3064334172787821,0.013315516502759528,0.016212219260611154,0.6496280431747437,-1.2680633229068299,-2.385261058807373,-1.0968433779529114,1.5808175802230835,-0.9056566397296351,0.6496292948722839,-1.2680666607669373,-2.385249137878418,-1.0968020421317597,1.5808424949645996,-0.9056695143329065,1,7,1,0.0
3.9478141629988386,0.44393462552096774,0.120793919202947,0.24369096565765336,3.1225904229020673,-0.02468921912587862,-0.05352755675420544,0.4439401565633589,0.12080570325978836,0.24369031278190795,3.1226108305914533,-0.024715019233596,-0.053548458762666874,0.0,0.0,0.0,0.0,0.0,0.0,-0.815325117148763,-9.278418497334961,-15.548960817330887,0.29546283257784905,0.01131598532148334,0.015850430994247627,0.6496291160583496,-1.2680429381183167,-2.3852622509002686,-1.0968150955489655,1.5808175802230835,-0.9056857267962855,0.6496292948722839,-1.2680666607669373,-2.385249137878418,-1.0968020421317597,1.5808424949645996,-0.9056695143329065,1,7,1,0.0
3.9558171899989247,0.44396099343189616,0.12083782553462023,0.2437474898049084,3.122644690970943,-0.024562818613451293,-0.05340216171528238,0.4439401565633589,0.12080570325978836,0.24369031278190795,3.1226108305914533,-0.024715019233596,-0.053548458762666874,0.0,0.0,0.0,0.0,0.0,0.0,-0.6873544233547266,-9.276049953214411,-15.646030362389153,0.28920202416795127,0.024577391790956905,0.010123596064751838,0.6496784090995789,-1.268022583132126,-2.3851828575134277,-1.0968195360950013,1.5808088779449463,-0.9057171980487269,0.6496292948722839,-1.2680666607669373,-2.385249137878418,-1.0968020421317597,1.5808424949645996,-0.9056695143329065,1,7,1,0.0
3.963820617998863,0.4439397483396211,0.12081682565898177,0.24367531632525413,3.1225598312758267,-0.02462610879328412,-0.05361643812324437,0.4439401565633589,0.12080570325978836,0.24369031278190795,3.1226108305914533,-0.024715019233596,-0.053548458762666874,0.0,0.0,0.0,0.0,0.0,0.0,-0.78408002047139,-9.835320397471564,-15.472789024700502,0.3095869615441721,0.017694526894696794,0.010916104530825187,0.6496579051017761,-1.2681117218783875,-2.3852360248565674,-1.0968358677676697,1.5808295011520386,-0.9056976477252405,0.6496292948722839,-1.2680666607669373,-2.385249137878418,-1.0968020421317597,1.5808424949645996,-0.9056695143329065,1,7,1,0.0
3.9718426809995435,0.4439548324714569,0.12081080105406293,0.24368402778259474,3.1226042959571907,-0.024685046240066514,-0.053497911740853075,0.4439401565633589,0.12080570325978836,0.24369031278190795,3.1226108305914533,-0.024715019233596,-0.053548458762666874,0.0,0.0,0.0,0.0,0.0,0.0,-0.2652935176237129,-9.210742948776666,-15.661120323303239,0.289063800017271,0.026093643321722832,0.007381635037660672,0.649632453918457,-1.2680955988219758,-2.3852479457855225,-1.0967534345439454,1.580816388130188,-0.905684773121969,0.6496292948722839,-1.2680666607669373,-2.385249137878418,-1.0968020421317597,1.5808424949645996,-0.9056695143329065,1,7,1,0.0
3.9798022559989477,0.44393615129570363,0.12081264730796984,0.24368414273156108,3.1226448299826908,-0.024687498066901813,-0.053625261845178636,0.4439401565633589,0.12080570325978836,0.24369031278190795,3.1226108305914533,-0.024715019233596,-0.053548458762666874,0.0,0.0,0.0,0.0,0.0,0.0,-0.39480418993930744,-8.949935593906067,-15.922242366920871,0.2868804084412268,0.020502300274346033,0.0074337432893506975,0.6496162414550781,-1.26808716476474,-2.385244846343994,-1.0968031746200104,1.5808992385864258,-0.9057014624225062,0.6496292948722839,-1.2680666607669373,-2.385249137878418,-1.0968020421317597,1.5808424949645996,-0.9056695143329065,1,7,1,0.0
3.987820702001045,0.44392753676199864,0.12080185154051368,0.2436849938635498,3.1225989890399335,-0.024711024718115187,-0.05362000637325382,0.4439401565633589,0.12080570325978836,0.24369031278190795,3.1226108305914533,-0.024715019233596,-0.053548458762666874,0.0,0.0,0.0,0.0,0.0,0.0,-0.6092008981885193,-9.405832902962766,-15.800398449297715,0.2990493955837823,0.026357784986804092,0.01573369396531902,0.6496291160583496,-1.2680633229068299,-2.3852524757385254,-1.0968449276736756,1.5808621644973755,-0.905672852193014,0.6496292948722839,-1.2680666607669373,-2.385249137878418,-1.0968020421317597,1.5808424949645996,-0.9056695143329065,1,7,1,0.0
3.9957984020002186,0.44394741315880404,0.120825257213157,0.24371584121843987,3.122635095857219,-0.02472264535109699,-0.05350705548998842,0.4439401565633589,0.12080570325978836,0.24369031278190795,3.1226108305914533,-0.024715019233596,-0.053548458762666874,0.0,0.0,0.0,0.0,0.0,0.0,-0.34875382944009814,-9.388115946126543,-15.7446242961858,0.30407164355829636,0.02955699077228199,0.013180041986219844,0.6496536135673523,-1.2680514317801972,-2.3852155208587646,-1.0968150955489655,1.580845832824707,-0.9056404272662562,0.6496292948722839,-1.2680666607669373,-2.385249137878418,-1.0968020421317597,1.5808424949645996,-0.9056695143329065,1,7,1,0.0
4.003841834000923,0.44395086240973924,0.1208019199681464,0.2437096025824823,3.1226536450060136,-0.024718043419931505,-0.05344598128496876,0.4439401565633589,0.12080570325978836,0.24369031278190795,3.1226108305914533,-0.024715019233596,-0.053548458762666874,0.0,0.0,0.0,0.0,0.0,0.0,-0.6680630815321104,-9.569175107481861,-15.870533172644098,0.30061335369193626,0.017970008566402244,0.012978342553800488,0.64961177110672,-1.268034504061081,-2.3852479457855225,-1.0967580837062378,1.580833911895752,-0.905684773121969,0.6496292948722839,-1.2680666607669373,-2.385249137878418,-1.0968020421317597,1.5808424949645996,-0.9056695143329065,1,7,1,0.0
4.011812029999419,0.44391953714693444,0.12079762571363112,0.2436556554720311,3.122580488046659,-0.024697125503213638,-0.05363728979792372,0.4439401565633589,0.12080570325978836,0.24369031278190795,3.1226108305914533,-0.024715019233596,-0.053548458762666874,0.0,0.0,0.0,0.0,0.0,0.0,-0.6191459318679978,-9.113166158846441,-15.43518745528109,0.29344228607250133,0.014399902155529307,0.01588254300607832,0.6496367454528809,-1.2680836778930207,-2.385293960571289,-1.0968031746200104,1.5808546543121338,-0.9056738058673304,0.6496292948722839,-1.2680666607669373,-2.385249137878418,-1.0968020421317597,1.5808424949645996,-0.9056695143329065,1,7,1,0.0
4.019820166999125,0.4439288291117403,0.1208090461510069,0.24368142234891826,3.1226097316471386,-0.02467257943879529,-0.0535810305534914,0.4439401565633589,0.12080570325978836,0.24369031278190795,3.1226108305914533,-0.024715019233596,-0.053548458762666874,0.0,0.0,0.0,0.0,0.0,0.0,-0.3257712571948808,-9.537352639337596,-15.839753773376016,0.2987734929896021,0.026050549424910002,0.011033365623866875,0.6496448516845703,-1.2680633229068299,-2.385265350341797,-1.096806214456894,1.5808546543121338,-0.9056814352618616,0.6496292948722839,-1.2680666607669373,-2.385249137878418,-1.0968020421317597,1.5808424949645996,-0.9056695143329065,1,7,1,0.0
4.02781335599866,0.4439390076010766,0.12079871350412645,0.24369880008060413,3.1226000977825827,-0.024685117000848474,-0.053486543481407724,0.4439401565633589,0.12080570325978836,0.24369031278190795,3.1226108305914533,-0.024715019233596,-0.053548458762666874,0.0,0.0,0.0,0.0,0.0,0.0,-0.799241198280495,-9.329373601746262,-15.920069330679539,0.29462169383538345,0.013578057608819007,0.01799064000481546,0.6496367454528809,-1.2680344742587586,-2.3852577209472656,-1.0968017143062134,1.5808087587356567,-0.9056804815875452,0.6496292948722839,-1.2680666607669373,-2.385249137878418,-1.0968020421317597,1.5808424949645996,-0.9056695143329065,1,7,1,0.0
4.035813407001115,0.44396089917384407,0.12082560749345991,0.24370521408883836,3.122672294173115,-0.024659183364159662,-0.053451105044693914,0.4439401565633589,0.12080570325978836,0.24369031278190795,3.1226108305914533,-0.024715019233596,-0.053548458762666874,0.0,0.0,0.0,0.0,0.0,0.0,-0.7384639752859806,-8.985250708464191,-15.763906143045048,0.29220049876019605,0.015107667519497799,0.01695620816315605,0.6496325135231018,-1.2680752140334626,-2.385232925415039,-1.09672366202388,1.5808502435684204,-0.9057019392596644,0.6496292948722839,-1.2680666607669373,-2.385249137878418,-1.0968020421317597,1.5808424949645996,-0.9056695143329065,1,7,1,0.0
4.043871476998902,0.44392426700899146,0.12078161747301101,0.24365940620473348,3.122580784396686,-0.024769028344162645,-0.05360353393270891,0.4439401565633589,0.12080570325978836,0.24369031278190795,3.1226108305914533,-0.024715019233596,-0.053548458762666874,0.0,0.0,0.0,0.0,0.0,0.0,-0.32689133561816475,-9.15295803337952,-15.544491878162596,0.28972294920624525,0.03342632659741514,0.015065008390756108,0.6496075391769409,-1.268071011906006,-2.385298252105713,-1.096794293527939,1.5808414220809937,-0.9056566397296351,0.6496292948722839,-1.2680666607669373,-2.385249137878418,-1.0968020421317597,1.5808424949645996,-0.9056695143329065,1,7,1,0.0
4.051865697998437,0.44393282926040484,0.12082165703535504,0.2436761017903536,3.122575151601497,-0.024632494425368592,-0.053576896699703426,0.4439401565633589,0.12080570325978836,0.24369031278190795,3.1226108305914533,-0.024715019233596,-0.053548458762666874,0.0,0.0,0.0,0.0,0.0,0.0,-0.5086543373857038,-9.186837571383819,-15.80602729998294,0.2918070326025556,0.025939430578635073,0.024752956806969297,0.6496784687042236,-1.2680871349624177,-2.38525652885437,-1.0968106550029297,1.5808264017105103,-0.905672852193014,0.6496292948722839,-1.2680666607669373,-2.385249137878418,-1.0968020421317597,1.5808424949645996,-0.9056695143329065,1,7,1,0.0
4.0598055369991926,0.4439436232208358,0.1208163562591082,0.2436915504966476,3.122588978777785,-0.024645117138960705,-0.053496372962604684,0.4439401565633589,0.12080570325978836,0.24369031278190795,3.1226108305914533,-0.024715019233596,-0.053548458762666874,0.0,0.0,0.0,0.0,0.0,0.0,-0.5599945168569704,-8.993309680838397,-15.660856651059296,0.28207439370138365,0.019478364417291928,0.015868431432205687,0.6496655344963074,-1.2680667799762269,-2.385249137878418,-1.0967898529819031,1.5808043479919434,-0.9056771437274378,0.6496292948722839,-1.2680666607669373,-2.385249137878418,-1.0968020421317597,1.5808424949645996,-0.9056695143329065,1,7,1,0.0
4.067863265998312,0.44393475694203527,0.12081147578218379,0.243686503490779,3.1226257915628834,-0.02471743497337883,-0.053567254566763346,0.4439401565633589,0.12080570325978836,0.24369031278190795,3.1226108305914533,-0.024715019233596,-0.053548458762666874,0.0,0.0,0.0,0.0,0.0,0.0,-0.3915952997436488,-9.203579407322335,-15.755444480430011,0.2946120393201451,0.019587765529952412,0.016569339205746703,0.6496367454528809,-1.2680667799762269,-2.385256767272949,-1.096794293527939,1.5808621644973755,-0.9056609312640589,0.6496292948722839,-1.2680666607669373,-2.385249137878418,-1.0968020421317597,1.5808424949645996,-0.9056695143329065,1,7,1,0.0
4.075867284998822,0.44393825861153263,0.1208128674805139,0.24369922636084151,3.1226297728615506,-0.024666447365990583,-0.05353200430960639,0.4439401565633589,0.12080570325978836,0.24369031278190795,3.1226108305914533,-0.024715019233596,-0.053548458762666874,0.0,0.0,0.0,0.0,0.0,0.0,-0.8649044026231709,-9.370780720450565,-15.673920934969118,0.2961040776260309,0.017112094094728064,0.011645919527222269,0.6496410369873047,-1.2680506271174927,-2.3852458000183105,-1.0968017739108582,1.5808502435684204,-0.9056890646563929,0.6496292948722839,-1.2680666607669373,-2.385249137878418,-1.0968020421317597,1.5808424949645996,-0.9056695143329065,1,7,1,0.0
4.083872045001044,0.44394575873679476,0.1208023817278642,0.2437090052998549,3.122646499362111,-0.024721206691028577,-0.053436617335382484,0.4439401565633589,0.12080570325978836,0.24369031278190795,3.1226108305914533,-0.024715019233596,-0.053548458762666874,0.0,0.0,0.0,0.0,0.0,0.0,-0.28868184967440946,-9.260680222990121,-15.615416843525056,0.2876294739023247,0.026621733482875193,0.020296941630002983,0.6496248245239258,-1.2680225533298035,-2.385256767272949,-1.0967608851245423,1.5808250904083252,-0.9056695143329065,0.6496292948722839,-1.2680666607669373,-2.385249137878418,-1.0968020421317597,1.5808424949645996,-0.9056695143329065,1,7,1,0.0
4.091832011999941,0.4439655588643639,0.12082722514993179,0.24371914820846902,3.1226390465269116,-0.02471022817015269,-0.053461041962097465,0.4439401565633589,0.12080570325978836,0.24369031278190795,3.1226108305914533,-0.024715019233596,-0.053548458762666874,0.0,0.0,0.0,0.0,0.0,0.0,-0.7779500236315064,-9.173864432723857,-15.62772866561025,0.2924792294084465,0.014681422959814915,0.016471406146670527,0.6496405601501465,-1.268075243835785,-2.3851993083953857,-1.0967823725989838,1.5808295011520386,-0.9056609312640589,0.6496292948722839,-1.2680666607669373,-2.385249137878418,-1.0968020421317597,1.5808424949645996,-0.9056695143329065,1,7,1,0.0
4.099853613999585,0.44393844472375993,0.12080973456497211,0.24368475271157664,3.122611409470995,-0.024711995312317266,-0.05357721296389849,0.4439401565633589,0.12080570325978836,0.24369031278190795,3.1226108305914533,-0.024715019233596,-0.053548458762666874,0.0,0.0,0.0,0.0,0.0,0.0,-0.647807493868767,-9.331931977207288,-15.966111853267305,0.2890279320845918,0.015641426193871034,0.009359155314453572,0.649632453918457,-1.2680794459632416,-2.385249137878418,-1.0968031746200104,1.5808546543121338,-0.9056685606585901,0.6496292948722839,-1.2680666607669373,-2.385249137878418,-1.0968020421317597,1.5808424949645996,-0.9056695143329065,1,7,1,0.0
4.107853826000792,0.4439220331544328,0.12079101911416493,0.24365923267984502,3.122573143738468,-0.024768580820126864,-0.053597435013278676,0.4439401565633589,0.12080570325978836,0.24369031278190795,3.1226108305914533,-0.024715019233596,-0.053548458762666874,0.0,0.0,0.0,0.0,0.0,0.0,-0.3334134040020548,-9.390588913544024,-15.694177200055385,0.3063714479911233,0.03598961980311795,0.015237874191918386,0.649632453918457,-1.2680709821036835,-2.385298252105713,-1.0967958730510254,1.580833911895752,-0.9056318441974085,0.6496292948722839,-1.2680666607669373,-2.385249137878418,-1.0968020421317597,1.5808424949645996,-0.9056695143329065,1,7,1,0.0
4.115857363998657,0.44394806256728375,0.12079334033981377,0.2437054837297631,3.1226500538629125,-0.02481959755204011,-0.05346834596397834,0.4439401565633589,0.12080570325978836,0.24369031278190795,3.1226108305914533,-0.024715019233596,-0.053548458762666874,0.0,0.0,0.0,0.0,0.0,0.0,-0.9815646391633222,-9.52881135117681,-15.486966315328845,0.30660620475006317,0.0035348441207671537,0.015439864020663392,0.6495955586433411,-1.2680344742587586,-2.385253429412842,-1.0967653554729004,1.5808414220809937,-0.9056361357318323,0.6496292948722839,-1.2680666607669373,-2.385249137878418,-1.0968020421317597,1.5808424949645996,-0.9056695143329065,1,7,1,0.0
4.123812712001381,0.44391446749714175,0.12079600881259434,0.24365403529633894,3.1225854321825244,-0.024737600896680402,-0.05364438492590229,0.4439401565633589,0.12080570325978836,0.24369031278190795,3.1226108305914533,-0.024715019233596,-0.053548458762666874,0.0,0.0,0.0,0.0,0.0,0.0,-0.5364643741175348,-9.487221097594741,-15.557201567039806,0.2995471070801362,0.023328195040174034,0.017707725852961573,0.6496367454528809,-1.268075243835785,-2.3853025436401367,-1.0968032044223328,1.5808621644973755,-0.9056480566607874,0.6496292948722839,-1.2680666607669373,-2.385249137878418,-1.0968020421317597,1.5808424949645996,-0.9056695143329065,1,7,1,0.0
4.1318158989997755,0.4439612722799023,0.12080093185249155,0.2436882454210356,3.122612008310907,-0.02475460745540664,-0.0535043688887529,0.4439401565633589,0.12080570325978836,0.24369031278190795,3.1226108305914533,-0.024715019233596,-0.053548458762666874,0.0,0.0,0.0,0.0,0.0,0.0,-0.42808688618011337,-9.19832874624914,-15.594595587122821,0.2926316756096452,0.0224324793590652,0.023615871265390602,0.6496000289916992,-1.2680998605540772,-2.385237216949463,-1.0967580539039155,1.5808250904083252,-0.905672852193014,0.6496292948722839,-1.2680666607669373,-2.385249137878418,-1.0968020421317597,1.5808424949645996,-0.9056695143329065,1,7,1,0.0
4.139781966998271,0.44393210051665255,0.12082974062195119,0.243691174533332,3.122643619890392,-0.02464783287414846,-0.053573527286153944,0.4439401565633589,0.12080570325978836,0.24369031278190795,3.1226108305914533,-0.024715019233596,-0.053548458762666874,0.0,0.0,0.0,0.0,0.0,0.0,-0.25920908688323785,-8.95857067956546,-15.850370630523885,0.28988523821669604,0.030500786638410302,0.011987180356022779,0.6496654748916626,-1.2680667799762269,-2.385249137878418,-1.096794293527939,1.580878496170044,-0.9056771437274378,0.6496292948722839,-1.2680666607669373,-2.385249137878418,-1.0968020421317597,1.5808424949645996,-0.9056695143329065,1,7,1,0.0
4.147817093999038,0.4439310527805305,0.12080641127158155,0.24367222008614278,3.122608090136767,-0.02464715025110663,-0.05358620852341727,0.4439401565633589,0.12080570325978836,0.24369031278190795,3.1226108305914533,-0.024715019233596,-0.053548458762666874,0.0,0.0,0.0,0.0,0.0,0.0,-0.8082900708020213,-9.358255187673555,-15.794049658801148,0.3063582354777866,0.024194877848537032,0.024400343644060213,0.6496367454528809,-1.268078700905182,-2.3852732181549072,-1.0967867833426972,1.5808546543121338,-0.90570575395693,0.6496292948722839,-1.2680666607669373,-2.385249137878418,-1.0968020421317597,1.5808424949645996,-0.9056695143329065,1,7,1,0.0
4.155781528999796,0.44394919984537556,0.1208306459482813,0.2437001190829683,3.122638430382402,-0.024673519670768498,-0.05350228380411496,0.4439401565633589,0.12080570325978836,0.24369031278190795,3.1226108305914533,-0.024715019233596,-0.053548458762666874,0.0,0.0,0.0,0.0,0.0,0.0,-0.4842496324209935,-9.301208471638096,-15.79831140144678,0.2959504264004236,0.026310373309749484,0.02003458033466498,0.6496610641479492,-1.2680751842311402,-2.385232925415039,-1.0967697960189362,1.580845832824707,-0.9056642691241663,0.6496292948722839,-1.2680666607669373,-2.385249137878418,-1.0968020421317597,1.5808424949645996,-0.9056695143329065,1,7,1,0.0
4.163809783000033,0.44393656800668196,0.12080699167842461,0.24367729788670645,3.1226060297552922,-0.024693166567180794,-0.05357762213164599,0.4439401565633589,0.12080570325978836,0.24369031278190795,3.1226108305914533,-0.024715019233596,-0.053548458762666874,0.0,0.0,0.0,0.0,0.0,0.0,-1.2510164071963092,-9.4319931988682,-15.382149452099307,0.29808960380124827,0.012499148448470212,0.01823821122473735,0.649632453918457,-1.268082932834961,-2.385261058807373,-1.0967914325049897,1.5808502435684204,-0.9056804815875452,0.6496292948722839,-1.2680666607669373,-2.385249137878418,-1.0968020421317597,1.5808424949645996,-0.9056695143329065,1,7,1,0.0
4.1717875030008145,0.44392208599582583,0.12080231628473428,0.24368034348477863,3.122645917278084,-0.024688082102720246,-0.05359262596625582,0.4439401565633589,0.12080570325978836,0.24369031278190795,3.1226108305914533,-0.024715019233596,-0.053548458762666874,0.0,0.0,0.0,0.0,0.0,0.0,-0.46642108453926856,-9.30249077106113,-16.069937330084176,0.29263096940038114,0.03378960922564544,0.0180019086121867,0.649623692035675,-1.2680463951877137,-2.385282039642334,-1.0967898231795807,1.5808871984481812,-0.9056933561908167,0.6496292948722839,-1.2680666607669373,-2.385249137878418,-1.0968020421317597,1.5808424949645996,-0.9056695143329065,1,7,1,0.0
4.179810408000776,0.44391190102139255,0.12081278822515353,0.24365071728410526,3.1225677074147,-0.024635150452071045,-0.053668922043787114,0.4439401565633589,0.12080570325978836,0.24369031278190795,3.1226108305914533,-0.024715019233596,-0.053548458762666874,0.0,0.0,0.0,0.0,0.0,0.0,-0.7059438738507936,-9.62796233514185,-15.706975471689374,0.30521962478632253,0.020357216824705805,0.011866026912049882,0.6496741771697998,-1.2680913668921967,-2.38529372215271,-1.0968195360950013,1.580857753753662,-0.9056761900531214,0.6496292948722839,-1.2680666607669373,-2.385249137878418,-1.0968020421317597,1.5808424949645996,-0.9056695143329065,1,7,1,0.0
4.187786984999548,0.44395132245440067,0.12084435566256826,0.24370677261515228,3.122634730564593,-0.02462093452861858,-0.053498574828462195,0.4439401565633589,0.12080570325978836,0.24369031278190795,3.1226108305914533,-0.024715019233596,-0.053548458762666874,0.0,0.0,0.0,0.0,0.0,0.0,-1.1879616341417079,-9.429904767411632,-15.84974184108116,0.29850296021426714,0.008029486142190043,0.017569128796582456,0.6496860980987549,-1.2680794459632416,-2.38521671295166,-1.0967824024013062,1.5808414220809937,-0.905672852193014,0.6496292948722839,-1.2680666607669373,-2.385249137878418,-1.0968020421317597,1.5808424949645996,-0.9056695143329065,1,7,1,0.0
4.19562986299934,0.4439482077035102,0.12082434218838468,0.24368017779244386,3.1226355221190407,-0.02471259979128446,-0.053589539470415073,0.4439401565633589,0.12080570325978836,0.24369031278190795,3.1226108305914533,-0.024715019233596,-0.053548458762666874,0.0,0.0,0.0,0.0,0.0,0.0,-0.6614001084865202,-9.12568698748595,-15.69916615865866,0.29454167129274855,0.01580100195461993,0.02355523871614534,0.649632453918457,-1.2681159240058442,-2.385237216949463,-1.0967697960189362,1.580878496170044,-0.9056685606585901,0.6496292948722839,-1.2680666607669373,-2.385249137878418,-1.0968020421317597,1.5808424949645996,-0.9056695143329065,1,7,1,0.0
4.203784563000227,0.4439404664338815,0.12081918116758357,0.24368198558254187,3.1226521001724983,-0.024652794384706547,-0.05350774506713909,0.4439401565633589,0.12080570325978836,0.24369031278190795,3.1226108305914533,-0.024715019233596,-0.053548458762666874,0.0,0.0,0.0,0.0,0.0,0.0,-0.380808368602924,-8.928913011578592,-15.751459591594328,0.2860321219762891,0.01860299069678176,0.012382402795178224,0.6496453881263733,-1.268071011906006,-2.3852732181549072,-1.0967281621745606,1.580857753753662,-0.9056933561908167,0.6496292948722839,-1.2680666607669373,-2.385249137878418,-1.0968020421317597,1.5808424949645996,-0.9056695143329065,1,7,1,0.0
4.211831431999599,0.44395904043733936,0.12082512120420041,0.24370740157019477,3.1226232483204117,-0.024688468789120763,-0.053417897240743785,0.4439401565633589,0.12080570325978836,0.24369031278190795,3.1226108305914533,-0.024715019233596,-0.053548458762666874,0.0,0.0,0.0,0.0,0.0,0.0,-0.7803581205704381,-9.170574103705382,-15.893467229069946,0.280029900050714,0.013805623705990422,0.014932496083215278,0.6496623158454895,-1.2680633229068299,-2.385232925415039,-1.0967490536025544,1.5808000564575195,-0.9056523481952112,0.6496292948722839,-1.2680666607669373,-2.385249137878418,-1.0968020421317597,1.5808424949645996,-0.9056695143329065,1,7,1,0.0
4.219796508001309,0.4439318586616514,0.12080752038741943,0.2436915876893152,3.1225911352156452,-0.024627074340879674,-0.05356739446959476,0.4439401565633589,0.12080570325978836,0.24369031278190795,3.1226108305914533,-0.024715019233596,-0.053548458762666874,0.0,0.0,0.0,0.0,0.0,0.0,-0.6984108379507881,-9.32775131498358,-15.748291049824545,0.29206866433222695,0.01893972335045772,0.0074095967207312395,0.6496493220329285,-1.2680548590472718,-2.385249137878418,-1.0968359273723145,1.580833911895752,-0.90570575395693,0.6496292948722839,-1.2680666607669373,-2.385249137878418,-1.0968020421317597,1.5808424949645996,-0.9056695143329065,1,7,1,0.0
4.227797752999322,0.44391894063082815,0.12078840701076378,0.24366470782077376,3.1225803192497814,-0.024776494295527272,-0.053654373117905475,0.4439401565633589,0.12080570325978836,0.24369031278190795,3.1226108305914533,-0.024715019233596,-0.053548458762666874,0.0,0.0,0.0,0.0,0.0,0.0,-0.44266386105255623,-9.437523856041453,-15.55040908262481,0.29422704569307156,0.02727237540031571,0.006830688737549618,0.6496162414550781,-1.268071011906006,-2.385282039642334,-1.0968359273723145,1.5808621644973755,-0.9056437651263636,0.6496292948722839,-1.2680666607669373,-2.385249137878418,-1.0968020421317597,1.5808424949645996,-0.9056695143329065,1,7,1,0.0
4.235783788000845,0.44391604716381755,0.12078983458975927,0.24365885516777724,3.1225872755547486,-0.024786968339974073,-0.05365094938185206,0.4439401565633589,0.12080570325978836,0.24369031278190795,3.1226108305914533,-0.024715019233596,-0.053548458762666874,0.0,0.0,0.0,0.0,0.0,0.0,-0.4857124149206553,-9.306687313671885,-15.60850193830576,0.29312709250074725,0.03336958650879654,0.014403397516093272,0.649620532989502,-1.268071011906006,-2.3852951526641846,-1.0968167048743744,1.5808665752410889,-0.9056327978717249,0.6496292948722839,-1.2680666607669373,-2.385249137878418,-1.0968020421317597,1.5808424949645996,-0.9056695143329065,1,7,1,0.0
4.243866163000348,0.44395288996311183,0.12081171095025064,0.2437169377731938,3.1226496686951712,-0.02469155767927997,-0.05348343997183677,0.4439401565633589,0.12080570325978836,0.24369031278190795,3.1226108305914533,-0.024715019233596,-0.053548458762666874,0.0,0.0,0.0,0.0,0.0,0.0,-0.4812748524835926,-9.304776667631895,-15.955702940218377,0.2927104128331633,0.023245302347971317,0.0177650166844583,0.649620532989502,-1.268046424990036,-2.385221004486084,-1.096794293527939,1.580845832824707,-0.9056933561908167,0.6496292948722839,-1.2680666607669373,-2.385249137878418,-1.0968020421317597,1.5808424949645996,-0.9056695143329065,1,7,1,0.0
4.251795683001546,0.4439412142127107,0.12077983588389893,0.24366882822509825,3.1225539972454217,-0.024735348114112998,-0.05353602751305878,0.4439401565633589,0.12080570325978836,0.24369031278190795,3.1226108305914533,-0.024715019233596,-0.053548458762666874,0.0,0.0,0.0,0.0,0.0,0.0,-0.28732698298236103,-9.048783838999723,-15.661334397412556,0.2889495667307643,0.030256183814695234,0.010364927764991264,0.6496074795722961,-1.2680795055678864,-2.385277509689331,-1.0967898529819031,1.5807924270629883,-0.9056771437274378,0.6496292948722839,-1.2680666607669373,-2.385249137878418,-1.0968020421317597,1.5808424949645996,-0.9056695143329065,1,7,1,0.0
4.259996450000472,0.4439317120639458,0.12080918335160365,0.24367423904360117,3.122636554841752,-0.024717193874933017,-0.05354652581348086,0.4439401565633589,0.12080570325978836,0.24369031278190795,3.1226108305914533,-0.024715019233596,-0.053548458762666874,0.0,0.0,0.0,0.0,0.0,0.0,-0.9730022730580493,-9.176369642976136,-16.158054056135,0.29543920114053307,0.009217903856749022,0.020401979493885947,0.6496367454528809,-1.2680667799762269,-2.3852851390838623,-1.0967489641955872,1.5808621644973755,-0.9056609312640589,0.6496292948722839,-1.2680666607669373,-2.385249137878418,-1.0968020421317597,1.5808424949645996,-0.9056695143329065,1,7,1,0.0
4.267922373001056,0.4439206372914227,0.12077507118090511,0.24365792552637222,3.1225795244627825,-0.024779614553206916,-0.053534930585109754,0.4439401565633589,0.12080570325978836,0.24369031278190795,3.1226108305914533,-0.024715019233596,-0.053548458762666874,0.0,0.0,0.0,0.0,0.0,0.0,-0.5725553093445178,-9.530794732190436,-15.644973289029997,0.30594012625054545,0.028304831984332448,0.012530619300879016,0.6496162414550781,-1.268042878513672,-2.385326385498047,-1.0967608851245423,1.5808131694793701,-0.9056404272662562,0.6496292948722839,-1.2680666607669373,-2.385249137878418,-1.0968020421317597,1.5808424949645996,-0.9056695143329065,1,7,1,0.0
4.275812519001192,0.44393583890264293,0.12080035546320933,0.24370009878981924,3.122614166448907,-0.024730849254345884,-0.05354994618713997,0.4439401565633589,0.12080570325978836,0.24369031278190795,3.1226108305914533,-0.024715019233596,-0.053548458762666874,0.0,0.0,0.0,0.0,0.0,0.0,-0.39499341127694765,-9.617481664006563,-15.739851234959014,0.30069183739276656,0.030290150962317592,0.01287986072119092,0.6496236324310303,-1.268042967920639,-2.385244846343994,-1.0968286258033295,1.580845832824707,-0.9056652227984827,0.6496292948722839,-1.2680666607669373,-2.385249137878418,-1.0968020421317597,1.5808424949645996,-0.9056695143329065,1,7,1,0.0
4.284007624999504,0.4439626572834835,0.12078714529052595,0.24369613166035614,3.1225699824574824,-0.024779082412920046,-0.053482775300317455,0.4439401565633589,0.12080570325978836,0.24369031278190795,3.1226108305914533,-0.024715019233596,-0.053548458762666874,0.0,0.0,0.0,0.0,0.0,0.0,-0.579534438733223,-9.781229139551176,-15.44790017027291,0.3123463766778403,0.0213263062744554,0.007141946970373679,0.6495954990386963,-1.268082932834961,-2.3852286338806152,-1.0967987340739747,1.580783724784851,-0.9056609312640589,0.6496292948722839,-1.2680666607669373,-2.385249137878418,-1.0968020421317597,1.5808424949645996,-0.9056695143329065,1,7,1,0.0
4.291812791998382,0.4439224849501686,0.12079713221722746,0.24368486852244953,3.1226714025930113,-0.02473745897999879,-0.05358320362785737,0.4439401565633589,0.12080570325978836,0.24369031278190795,3.1226108305914533,-0.024715019233596,-0.053548458762666874,0.0,0.0,0.0,0.0,0.0,0.0,-0.45469898102510314,-9.42877705239319,-15.652637938548951,0.298803482765414,0.022357351211158828,0.014064066689055958,0.649604320526123,-1.268034504061081,-2.3852851390838623,-1.096777932052948,1.5809035301208496,-0.9056814352618616,0.6496292948722839,-1.2680666607669373,-2.385249137878418,-1.0968020421317597,1.5808424949645996,-0.9056695143329065,1,7,1,0.0
4.29979435900168,0.44393379154345614,0.12078997067078218,0.24368300165770668,3.122604435627,-0.02475499386277648,-0.05352814671376956,0.4439401565633589,0.12080570325978836,0.24369031278190795,3.1226108305914533,-0.024715019233596,-0.053548458762666874,0.0,0.0,0.0,0.0,0.0,0.0,-0.8816268526623667,-9.222719163757192,-15.53402630583148,0.2961432417149532,0.018382217122735904,0.022579690137603976,0.6496162414550781,-1.2680471998504181,-2.385277509689331,-1.0967868131450196,1.5808295011520386,-0.9056566397296351,0.6496292948722839,-1.2680666607669373,-2.385249137878418,-1.0968020421317597,1.5808424949645996,-0.9056695143329065,1,7,1,0.0
4.307831080001051,0.4439179949172821,0.12078130471938356,0.24366434594142042,3.1225913515198354,-0.02476302370704787,-0.05363477999148234,0.4439401565633589,0.12080570325978836,0.24369031278190795,3.1226108305914533,-0.024715019233596,-0.053548458762666874,0.0,0.0,0.0,0.0,0.0,0.0,-0.6387129375699963,-9.54858961455887,-15.42132261929205,0.29280356053174694,0.033334807007086235,0.013640374683542032,0.649604320526123,-1.2680590909770508,-2.385293960571289,-1.0968195360950013,1.5808621644973755,-0.9056642691241663,0.6496292948722839,-1.2680666607669373,-2.385249137878418,-1.0968020421317597,1.5808424949645996,-0.9056695143329065,1,7,1,0.0
4.315807487000711,0.44393651566582354,0.120804137232584,0.24368128080367552,3.122629072819787,-0.024692036603671325,-0.053563642341370864,0.4439401565633589,0.12080570325978836,0.24369031278190795,3.1226108305914533,-0.024715019233596,-0.053548458762666874,0.0,0.0,0.0,0.0,0.0,0.0,-0.4537661004755743,-9.350446862511937,-15.534282079545445,0.29813448816270194,0.02850147048594399,0.014209440362727139,0.649620532989502,-1.268071011906006,-2.385265350341797,-1.096777932052948,1.5808621644973755,-0.9056933561908167,0.6496292948722839,-1.2680666607669373,-2.385249137878418,-1.0968020421317597,1.5808424949645996,-0.9056695143329065,1,7,1,0.0
4.324119471999438,0.4439513936799743,0.12081700010974973,0.2436879304704812,3.1226368624257135,-0.024711347163576765,-0.053506373785092265,0.4439401565633589,0.12080570325978836,0.24369031278190795,3.1226108305914533,-0.024715019233596,-0.053548458762666874,0.0,0.0,0.0,0.0,0.0,0.0,-0.6681378052938396,-9.289902809509742,-15.93740874513824,0.292698833290193,0.02227327726014107,0.007228951427295148,0.649632453918457,-1.26808716476474,-2.385249137878418,-1.0967445236495514,1.580845832824707,-0.9056685606585901,0.6496292948722839,-1.2680666607669373,-2.385249137878418,-1.0968020421317597,1.5808424949645996,-0.9056695143329065,1,7,1,0.0
4.332033472001058,0.44396086015390296,0.12081178667566714,0.24371906389727938,3.1226634780400233,-0.02466471680269983,-0.05344795900225452,0.4439401565633589,0.12080570325978836,0.24369031278190795,3.1226108305914533,-0.024715019233596,-0.053548458762666874,0.0,0.0,0.0,0.0,0.0,0.0,-0.6385899638715418,-9.002631158258419,-16.231748374843928,0.28361781569567907,0.03017588813684124,0.01003398121965415,0.64961177110672,-1.2680506271174927,-2.3852198123931885,-1.0967653554729004,1.5808414220809937,-0.9057191053973597,0.6496292948722839,-1.2680666607669373,-2.385249137878418,-1.0968020421317597,1.5808424949645996,-0.9056695143329065,1,7,1,0.0
4.339842507000867,0.44394279374507395,0.12080712365350427,0.24367592077999503,3.1225644819957226,-0.02467525303936698,-0.05352502703390053,0.4439401565633589,0.12080570325978836,0.24369031278190795,3.1226108305914533,-0.024715019233596,-0.053548458762666874,0.0,0.0,0.0,0.0,0.0,0.0,-0.10051511962267412,-9.269276438555227,-16.13530032333766,0.28612804432149336,0.0395640241766792,0.014590297063516566,0.6496536731719971,-1.26808716476474,-2.385261058807373,-1.0967868131450196,1.5807968378067017,-0.9056695143329065,0.6496292948722839,-1.2680666607669373,-2.385249137878418,-1.0968020421317597,1.5808424949645996,-0.9056695143329065,1,7,1,0.0
4.347887863001233,0.44394798170187894,0.12081673808704464,0.2436936447740068,3.1225970217344656,-0.02470990503222911,-0.05356402512566573,0.4439401565633589,0.12080570325978836,0.24369031278190795,3.1226108305914533,-0.024715019233596,-0.053548458762666874,0.0,0.0,0.0,0.0,0.0,0.0,-0.1846668439879262,-9.547611518694689,-15.941920904808093,0.29576081886294436,0.02439668830175743,0.012780791911543129,0.6496410965919495,-1.268091396694519,-2.385223150253296,-1.0968195360950013,1.5808383226394653,-0.9056609312640589,0.6496292948722839,-1.2680666607669373,-2.385249137878418,-1.0968020421317597,1.5808424949645996,-0.9056695143329065,1,7,1,0.0
4.355908803998318,0.44391927269613307,0.12079037021460959,0.24369224977385745,3.1226244610529386,-0.024687238057643852,-0.05355371617951035,0.4439401565633589,0.12080570325978836,0.24369031278190795,3.1226108305914533,-0.024715019233596,-0.053548458762666874,0.0,0.0,0.0,0.0,0.0,0.0,-0.9342666974916574,-9.157516883607787,-15.963381094602093,0.29168803726463793,0.01639004220665755,0.016431691553223885,0.6496236324310303,-1.2680106622031708,-2.385282039642334,-1.0968195360950013,1.5808546543121338,-0.9056933561908167,0.6496292948722839,-1.2680666607669373,-2.385249137878418,-1.0968020421317597,1.5808424949645996,-0.9056695143329065,1,7,1,0.0
4.363936016001389,0.44394892079572895,0.12078661242777974,0.24367506035801284,3.122574051170253,-0.024786201427205154,-0.05353597070580837,0.4439401565633589,0.12080570325978836,0.24369031278190795,3.1226108305914533,-0.024715019233596,-0.053548458762666874,0.0,0.0,0.0,0.0,0.0,0.0,-0.30362997053161345,-9.473867002445731,-16.013076549456542,0.3014597759370162,0.025760174555517667,0.013483542761139928,0.6496000289916992,-1.268091396694519,-2.3852603435516357,-1.0967823725989838,1.5808087587356567,-0.9056523481952112,0.6496292948722839,-1.2680666607669373,-2.385249137878418,-1.0968020421317597,1.5808424949645996,-0.9056695143329065,1,7,1,0.0
4.372125442001561,0.44394883540794483,0.12079502326989802,0.2437202345587853,3.1226675908982546,-0.02476686424657343,-0.05340652000674382,0.4439401565633589,0.12080570325978836,0.24369031278190795,3.1226108305914533,-0.024715019233596,-0.053548458762666874,0.0,0.0,0.0,0.0,0.0,0.0,-0.4487812808014165,-9.1867186806051,-15.738893254528373,0.28737990402136976,0.02571921970174094,0.018865051827480175,0.6496042609214783,-1.2680021685412903,-2.385253429412842,-1.0967564147761841,1.5808295011520386,-0.9056609312640589,0.6496292948722839,-1.2680666607669373,-2.385249137878418,-1.0968020421317597,1.5808424949645996,-0.9056695143329065,1,7,1,0.0
4.379893929999525,0.44392649883843127,0.12080619942747814,0.2436864166630614,3.1225865287224375,-0.02464612425700733,-0.053544896236324496,0.4439401565633589,0.12080570325978836,0.24369031278190795,3.1226108305914533,-0.024715019233596,-0.053548458762666874,0.0,0.0,0.0,0.0,0.0,0.0,-0.2519838947080252,-9.381639525803843,-16.02965240021744,0.298533486529321,0.027048330784187738,0.009761785891160557,0.649661123752594,-1.2680429381183167,-2.3852689266204834,-1.0968195360950013,1.5808219909667969,-0.9056814352618616,0.6496292948722839,-1.2680666607669373,-2.385249137878418,-1.0968020421317597,1.5808424949645996,-0.9056695143329065,1,7,1,0.0
4.387922133999382,0.4439199371392092,0.12078054614518428,0.24366647180593565,3.1225900562393365,-0.02477596463485593,-0.05358481700327013,0.4439401565633589,0.12080570325978836,0.24369031278190795,3.1226108305914533,-0.024715019233596,-0.053548458762666874,0.0,0.0,0.0,0.0,0.0,0.0,-0.5181876464303331,-8.949700171113012,-16.177687870138573,0.28275604989369435,0.01932190316102344,0.009540137895050666,0.6496117115020752,-1.2680471700480958,-2.3853025436401367,-1.0967987340739747,1.5808414220809937,-0.9056480566607874,0.6496292948722839,-1.2680666607669373,-2.385249137878418,-1.0968020421317597,1.5808424949645996,-0.9056695143329065,1,7,1,0.0
4.395895767000184,0.44391803243761685,0.1208127172223179,0.2436822713580104,3.122624726712187,-0.02470496969315567,-0.05357542806608958,0.4439401565633589,0.12080570325978836,0.24369031278190795,3.1226108305914533,-0.024715019233596,-0.053548458762666874,0.0,0.0,0.0,0.0,0.0,0.0,-0.3074051381580707,-9.3675623497196,-15.856700121405828,0.2914173727444804,0.03886717321958833,0.016768222266201893,0.6496610641479492,-1.2680387061885376,-2.385282039642334,-1.0968017441085358,1.5808653831481934,-0.90564471880068,0.6496292948722839,-1.2680666607669373,-2.385249137878418,-1.0968020421317597,1.5808424949645996,-0.9056695143329065,1,7,1,0.0
4.403699010999844,0.4439380888984544,0.12081212370226067,0.24371694040835412,3.1226378525305396,-0.02467892019238291,-0.05349356307285633,0.4439401565633589,0.12080570325978836,0.24369031278190795,3.1226108305914533,-0.024715019233596,-0.053548458762666874,0.0,0.0,0.0,0.0,0.0,0.0,-0.4754892447133229,-8.898168021468841,-15.846337053456,0.2847703897365007,0.0208224940060707,0.01307608002586434,0.6496448516845703,-1.2680184108069916,-2.3852360248565674,-1.0968195658973237,1.5808414220809937,-0.9056771437274378,0.6496292948722839,-1.2680666607669373,-2.385249137878418,-1.0968020421317597,1.5808424949645996,-0.9056695143329065,1,7,1,0.0
4.412292921999324,0.44390301146275335,0.12076881074584084,0.2436250594719463,3.1225310444099157,-0.02470967025677146,-0.05367179588999112,0.4439401565633589,0.12080570325978836,0.24369031278190795,3.1226108305914533,-0.024715019233596,-0.053548458762666874,0.0,0.0,0.0,0.0,0.0,0.0,-0.7276269201638518,-9.164911193311054,-15.625583947724293,0.2839446439693233,0.010635388389632426,0.011227470121780965,0.649620532989502,-1.2680794459632416,-2.385347366333008,-1.0968017739108582,1.5808295011520386,-0.9056814352618616,0.6496292948722839,-1.2680666607669373,-2.385249137878418,-1.0968020421317597,1.5808424949645996,-0.9056695143329065,1,7,1,0.0
4.4199707609986945,0.44395937300200233,0.12083185250412809,0.24373475487879803,3.1226518916345336,-0.0246898030862015,-0.05343534462997464,0.4439401565633589,0.12080570325978836,0.24369031278190795,3.1226108305914533,-0.024715019233596,-0.053548458762666874,0.0,0.0,0.0,0.0,0.0,0.0,-1.3419998029129143,-9.673072662092771,-15.974877966014141,0.3042772645656287,-0.002584728786175378,0.01735994404817312,0.6496580243110657,-1.26803873599086,-2.385195732116699,-1.0968017739108582,1.5808295011520386,-0.9056566397296351,0.6496292948722839,-1.2680666607669373,-2.385249137878418,-1.0968020421317597,1.5808424949645996,-0.9056695143329065,1,7,1,0.0
4.428087411000888,0.44394110397826453,0.12080698652473382,0.2436840850931604,3.1226161809957165,-0.024681455775991727,-0.053589473390788823,0.4439401565633589,0.12080570325978836,0.24369031278190795,3.1226108305914533,-0.024715019233596,-0.053548458762666874,0.0,0.0,0.0,0.0,0.0,0.0,-0.5723763542164815,-9.252142027815244,-15.817846204343029,0.29408639128430314,0.025174275949452624,0.02288509026232141,0.6496192812919617,-1.26808716476474,-2.385244846343994,-1.0968031746200104,1.580862283706665,-0.9057014624225062,0.6496292948722839,-1.2680666607669373,-2.385249137878418,-1.0968020421317597,1.5808424949645996,-0.9056695143329065,1,7,1,0.0
4.4355967349983985,0.4439268039293357,0.12079711119593578,0.2436633543486187,3.1225814098021263,-0.024667598392725233,-0.053626808221028,0.4439401565633589,0.12080570325978836,0.24369031278190795,3.1226108305914533,-0.024715019233596,-0.053548458762666874,0.0,0.0,0.0,0.0,0.0,0.0,-0.9184157939665143,-9.337762798841613,-16.168921445983077,0.29966738667957676,0.015293721390403957,0.012354648888585309,0.6496279239654541,-1.26808716476474,-2.385277509689331,-1.0968106252006073,1.5808502435684204,-0.9057014624225062,0.6496292948722839,-1.2680666607669373,-2.385249137878418,-1.0968020421317597,1.5808424949645996,-0.9056695143329065,1,7,1,0.0
4.444013165000797,0.4439735600843531,0.1207955292235457,0.2437206935421126,3.1226371022703714,-0.02481216471866581,-0.05342564344202493,0.4439401565633589,0.12080570325978836,0.24369031278190795,3.1226108305914533,-0.024715019233596,-0.053548458762666874,0.0,0.0,0.0,0.0,0.0,0.0,-0.16446164972954536,-9.656640342486588,-15.796035939085451,0.3043956068753267,0.03777032904343141,0.017847895131590158,0.6495791673660278,-1.2680625778487702,-2.3852078914642334,-1.0967697662166138,1.5808131694793701,-0.9056566397296351,0.6496292948722839,-1.2680666607669373,-2.385249137878418,-1.0968020421317597,1.5808424949645996,-0.9056695143329065,1,7,1,0.0
4.45182993400158,0.44393052322374627,0.12080873955146734,0.24367751706817256,3.122647955158136,-0.024670969071541895,-0.053530089308953394,0.4439401565633589,0.12080570325978836,0.24369031278190795,3.1226108305914533,-0.024715019233596,-0.053548458762666874,0.0,0.0,0.0,0.0,0.0,0.0,-0.5539780128835703,-8.99784699570487,-15.81923645964629,0.28315086485947333,0.023682547722927653,0.00787870527227552,0.6496368050575256,-1.2680548590472718,-2.385289430618286,-1.0967416924289246,1.58086359500885,-0.9056904951678675,0.6496292948722839,-1.2680666607669373,-2.385249137878418,-1.0968020421317597,1.5808424949645996,-0.9056695143329065,1,7,1,0.0
4.459874819000106,0.4439544257424819,0.12082863536304225,0.24370103183102,3.1226227061567386,-0.02463330360415641,-0.05346439599662468,0.4439401565633589,0.12080570325978836,0.24369031278190795,3.1226108305914533,-0.024715019233596,-0.053548458762666874,0.0,0.0,0.0,0.0,0.0,0.0,-0.7031957623097432,-9.057939033361379,-15.780084702337708,0.2886496366951205,0.020946987102848917,0.01701788977221226,0.6496656537055969,-1.268075243835785,-2.385232925415039,-1.0967609149268647,1.5808175802230835,-0.905684773121969,0.6496292948722839,-1.2680666607669373,-2.385249137878418,-1.0968020421317597,1.5808424949645996,-0.9056695143329065,1,7,1,0.0
4.467875121001271,0.4439368570084652,0.12081255828513682,0.24367086294661594,3.1225302557568138,-0.024638783783779032,-0.05362141177289781,0.4439401565633589,0.12080570325978836,0.24369031278190795,3.1226108305914533,-0.024715019233596,-0.053548458762666874,0.0,0.0,0.0,0.0,0.0,0.0,-0.32765391980195274,-9.078924362805346,-15.806786463472665,0.2882177739565739,0.024860671755888547,0.01260936456867366,0.6496655941009521,-1.2681117218783875,-2.385240316390991,-1.0968522292426606,1.5808088779449463,-0.9056814352618616,0.6496292948722839,-1.2680666607669373,-2.385249137878418,-1.0968020421317597,1.5808424949645996,-0.9056695143329065,1,7,1,0.0
4.475578459001554,0.4439612982879509,0.12081836286241819,0.24373338761471622,3.1226291073581325,-0.024721150099570627,-0.05345054450672308,0.4439401565633589,0.12080570325978836,0.24369031278190795,3.1226108305914533,-0.024715019233596,-0.053548458762666874,0.0,0.0,0.0,0.0,0.0,0.0,-0.5479968978109668,-9.179090995703406,-16.18263046091043,0.2906580119130022,0.022834391149453907,0.008230409146638572,0.6496368050575256,-1.2680422228625794,-2.3851914405822754,-1.0968241554549714,1.5808175802230835,-0.9056575934039515,0.6496292948722839,-1.2680666607669373,-2.385249137878418,-1.0968020421317597,1.5808424949645996,-0.9056695143329065,1,7,1,0.0
4.4837011999989045,0.4439389035532636,0.12080711304834763,0.24367400040567533,3.1225563351205743,-0.024755415198339823,-0.05363780297455865,0.4439401565633589,0.12080570325978836,0.24369031278190795,3.1226108305914533,-0.024715019233596,-0.053548458762666874,0.0,0.0,0.0,0.0,0.0,0.0,-0.928808174677648,-9.13279191086748,-15.85063109255516,0.28080914275461405,0.01479381303005117,0.009774766856605882,0.6496368050575256,-1.2681117218783875,-2.3852360248565674,-1.096847878103592,1.5808370113372803,-0.9056361357318323,0.6496292948722839,-1.2680666607669373,-2.385249137878418,-1.0968020421317597,1.5808424949645996,-0.9056695143329065,1,7,1,0.0
4.491647219998413,0.4439497722211432,0.12081672566585304,0.24369747765313704,3.122600132536882,-0.024684742920030762,-0.05356719927568496,0.4439401565633589,0.12080570325978836,0.24369031278190795,3.1226108305914533,-0.024715019233596,-0.053548458762666874,0.0,0.0,0.0,0.0,0.0,0.0,-0.4330031468920158,-8.972854553688338,-16.019529044799064,0.2760291246129323,0.036703317952588584,0.006487731829222437,0.6496368050575256,-1.2680913668921967,-2.3852155208587646,-1.096827046280243,1.5808414220809937,-0.9056814352618616,0.6496292948722839,-1.2680666607669373,-2.385249137878418,-1.0968020421317597,1.5808424949645996,-0.9056695143329065,1,7,1,0.0
4.499839340998733,0.4439157638738978,0.12079270771762426,0.2436761001540546,3.1225477969826865,-0.024735184923917807,-0.0536054702210259,0.4439401565633589,0.12080570325978836,0.24369031278190795,3.1226108305914533,-0.024715019233596,-0.053548458762666874,0.0,0.0,0.0,0.0,0.0,0.0,-0.41898028131249165,-9.542457384468847,-16.188382549765702,0.2918510588081922,0.025161526052550436,0.007864285351632664,0.6496537327766418,-1.2680429381183167,-2.38527774810791,-1.0968642097762604,1.5808175802230835,-0.9056318441974085,0.6496292948722839,-1.2680666607669373,-2.385249137878418,-1.0968020421317597,1.5808424949645996,-0.9056695143329065,1,7,1,0.0
4.507673001000512,0.4439485946466224,0.12080012413092504,0.2436893036444136,3.1226133865719157,-0.02478083235345436,-0.053521069002569734,0.4439401565633589,0.12080570325978836,0.24369031278190795,3.1226108305914533,-0.024715019233596,-0.053548458762666874,0.0,0.0,0.0,0.0,0.0,0.0,-0.7039674487959178,-9.489386250743333,-16.015859663309847,0.2950479354201915,0.013746028958738995,0.012533247648677756,0.6496116518974304,-1.268075243835785,-2.385249137878418,-1.096777932052948,1.580833911895752,-0.90564471880068,0.6496292948722839,-1.2680666607669373,-2.385249137878418,-1.0968020421317597,1.5808424949645996,-0.9056695143329065,1,7,1,0.0
4.51585165600045,0.44394147899566405,0.12083316714209576,0.24369422226918644,3.122628771057174,-0.024671698478373034,-0.05353065552985799,0.4439401565633589,0.12080570325978836,0.24369031278190795,3.1226108305914533,-0.024715019233596,-0.053548458762666874,0.0,0.0,0.0,0.0,0.0,0.0,-0.36122672274400947,-9.451245648975048,-16.110100025214326,0.293652244087553,0.022692776853461584,0.01437057401447113,0.6496742963790894,-1.2680752140334626,-2.385240316390991,-1.0967823725989838,1.5808502435684204,-0.9056523481952112,0.6496292948722839,-1.2680666607669373,-2.385249137878418,-1.0968020421317597,1.5808424949645996,-0.9056695143329065,1,7,1,0.0
4.5236522759987565,0.4439369484903661,0.12079739730955807,0.24368027997953592,3.1226202561258036,-0.02463527062904467,-0.05358451515247675,0.4439401565633589,0.12080570325978836,0.24369031278190795,3.1226108305914533,-0.024715019233596,-0.053548458762666874,0.0,0.0,0.0,0.0,0.0,0.0,-0.7485592064498356,-8.81544740369621,-15.945451751234677,0.2818699881513349,0.020661076504241965,0.01464214473485007,0.6496073603630066,-1.268075243835785,-2.385261058807373,-1.096794293527939,1.5808621644973755,-0.9057429472552698,0.6496292948722839,-1.2680666607669373,-2.385249137878418,-1.0968020421317597,1.5808424949645996,-0.9056695143329065,1,7,1,0.0
4.531847621998168,0.4439492754940814,0.12079279271978319,0.24370435714086827,3.1226168722999055,-0.024824369080447075,-0.053461337616136924,0.4439401565633589,0.12080570325978836,0.24369031278190795,3.1226108305914533,-0.024715019233596,-0.053548458762666874,0.0,0.0,0.0,0.0,0.0,0.0,0.09916869617852486,-9.367062572653676,-16.220466588109247,0.2993838663564284,0.039862118513554354,0.011858898010321153,0.6496086120605469,-1.26803873599086,-2.385249137878418,-1.0967823427966614,1.5808131694793701,-0.9056194464312952,0.6496292948722839,-1.2680666607669373,-2.385249137878418,-1.0968020421317597,1.5808424949645996,-0.9056695143329065,1,7,1,0.0
4.5396597319995635,0.44394405264106473,0.12080886178523666,0.24367396104467698,3.1226235737748373,-0.02474108472610299,-0.0534900273018066,0.4439401565633589,0.12080570325978836,0.24369031278190795,3.1226108305914533,-0.024715019233596,-0.053548458762666874,0.0,0.0,0.0,0.0,0.0,0.0,-0.3410998540873854,-9.162088277255805,-16.157301275434925,0.2874127807374364,0.0294764594262699,0.010449324939768533,0.6496368050575256,-1.2680794459632416,-2.385282039642334,-1.0967192214778443,1.5808295011520386,-0.90564471880068,0.6496292948722839,-1.2680666607669373,-2.385249137878418,-1.0968020421317597,1.5808424949645996,-0.9056695143329065,1,7,1,0.0
4.547849247999693,0.44394367865074036,0.12078157270851879,0.24367895782560034,3.122608733411054,-0.02475605916221143,-0.05355603942133348,0.4439401565633589,0.12080570325978836,0.24369031278190795,3.1226108305914533,-0.024715019233596,-0.053548458762666874,0.0,0.0,0.0,0.0,0.0,0.0,-0.8420500334744202,-9.004259704319361,-15.983965083087632,0.2843182605212786,0.01278724197748059,0.014068087041107739,0.6495791077613831,-1.268075243835785,-2.385265350341797,-1.0967823427966614,1.5808427333831787,-0.9056933561908167,0.6496292948722839,-1.2680666607669373,-2.385249137878418,-1.0968020421317597,1.5808424949645996,-0.9056695143329065,1,7,1,0.0
4.555829291999544,0.4439389872085148,0.12079853200064787,0.24367406059225374,3.1225471453340368,-0.02475372129018934,-0.05363822613536673,0.4439401565633589,0.12080570325978836,0.24369031278190795,3.1226108305914533,-0.024715019233596,-0.053548458762666874,0.0,0.0,0.0,0.0,0.0,0.0,-0.2953333872068909,-9.118390575989713,-15.826883901259333,0.29252470645607503,0.02507945923069954,0.013957767733086782,0.6496248841285706,-1.2681075197509308,-2.385237216949463,-1.096856878404953,1.5808295011520386,-0.9056490103351038,0.6496292948722839,-1.2680666607669373,-2.385249137878418,-1.0968020421317597,1.5808424949645996,-0.9056695143329065,1,7,1,0.0
4.563867264998407,0.44392309413739894,0.1208089293982792,0.2436982750671683,3.122654981800906,-0.024656073050242238,-0.05360576040738807,0.4439401565633589,0.12080570325978836,0.24369031278190795,3.1226108305914533,-0.024715019233596,-0.053548458762666874,0.0,0.0,0.0,0.0,0.0,0.0,-0.43891381746443114,-9.279102114482662,-16.002420441214152,0.2840234655655932,0.03244213264461149,0.008869286694139757,0.6496279239654541,-1.2680344444564362,-2.385253429412842,-1.0968314868262787,1.5808992385864258,-0.9057100454913538,0.6496292948722839,-1.2680666607669373,-2.385249137878418,-1.0968020421317597,1.5808424949645996,-0.9056695143329065,1,7,1,0.0
4.571854451998661,0.4439187654144963,0.12078180651738982,0.24366115296538327,3.12255288215148,-0.024697666692383283,-0.053618728652829385,0.4439401565633589,0.12080570325978836,0.24369031278190795,3.1226108305914533,-0.024715019233596,-0.053548458762666874,0.0,0.0,0.0,0.0,0.0,0.0,-0.46970461257337726,-9.426190939542016,-15.740593240651123,0.29217977116402205,0.019629727582146175,0.006074432420541476,0.6496248841285706,-1.2680633527091523,-2.385293960571289,-1.0968314570239563,1.5808250904083252,-0.905684773121969,0.6496292948722839,-1.2680666607669373,-2.385249137878418,-1.0968020421317597,1.5808424949645996,-0.9056695143329065,1,7,1,0.0
4.579646875998151,0.4439280941959382,0.12082055429654003,0.24369640272847837,3.122625790895685,-0.024697591617997502,-0.053554439500287,0.4439401565633589,0.12080570325978836,0.24369031278190795,3.1226108305914533,-0.024715019233596,-0.053548458762666874,0.0,0.0,0.0,0.0,0.0,0.0,-0.023721520169436072,-9.114782449917383,-15.743043941555001,0.28525269361867883,0.036250072601673435,0.010903758170896168,0.6496656537055969,-1.2680429381183167,-2.385253429412842,-1.0968150657466431,1.580857753753662,-0.90564471880068,0.6496292948722839,-1.2680666607669373,-2.385249137878418,-1.0968020421317597,1.5808424949645996,-0.9056695143329065,1,7,1,0.0
4.587861347998114,0.4439160605899932,0.12080061195578874,0.24366209594461555,3.1225565482224655,-0.024691339976917696,-0.0536004428068732,0.4439401565633589,0.12080570325978836,0.24369031278190795,3.1226108305914533,-0.024715019233596,-0.053548458762666874,0.0,0.0,0.0,0.0,0.0,0.0,-0.9932462112470158,-9.730783617664777,-15.58853286388549,0.30886033387742545,0.01352955915868092,0.008525778680778372,0.6496655344963074,-1.2680625182441254,-2.3852951526641846,-1.0968195360950013,1.5808219909667969,-0.9056480566607874,0.6496292948722839,-1.2680666607669373,-2.385249137878418,-1.0968020421317597,1.5808424949645996,-0.9056695143329065,1,7,1,0.0
4.595841231999657,0.443942710117384,0.12080435030925825,0.24370990526986164,3.1226458514520754,-0.02469294765255499,-0.05346060426178503,0.4439401565633589,0.12080570325978836,0.24369031278190795,3.1226108305914533,-0.024715019233596,-0.053548458762666874,0.0,0.0,0.0,0.0,0.0,0.0,-0.6427901213211593,-9.21995345871041,-15.52831771011502,0.2971115255756654,0.01740636540546634,0.0046878112035494725,0.6496279239654541,-1.2680225235274811,-2.3852522373199463,-1.096777932052948,1.580833911895752,-0.905684773121969,0.6496292948722839,-1.2680666607669373,-2.385249137878418,-1.0968020421317597,1.5808424949645996,-0.9056695143329065,1,7,1,0.0
4.603813901998365,0.44391967567635493,0.12081057115266532,0.24365415491206893,3.1225546683394394,-0.024594489834607387,-0.05366740401260402,0.4439401565633589,0.12080570325978836,0.24369031278190795,3.1226108305914533,-0.024715019233596,-0.053548458762666874,0.0,0.0,0.0,0.0,0.0,0.0,-0.175066129921973,-9.41136180858569,-15.678075880430757,0.29189761118972507,0.032143693565650854,0.013021867126572797,0.6496656537055969,-1.2681033176234742,-2.385277509689331,-1.0968314570239563,1.580845832824707,-0.905710522328512,0.6496292948722839,-1.2680666607669373,-2.385249137878418,-1.0968020421317597,1.5808424949645996,-0.9056695143329065,1,7,1,0.0
4.611658232999616,0.4439273073179917,0.12076620255638122,0.24365523538367456,3.1225825306313637,-0.024787601762185085,-0.05368808327773643,0.4439401565633589,0.12080570325978836,0.24369031278190795,3.1226108305914533,-0.024715019233596,-0.053548458762666874,0.0,0.0,0.0,0.0,0.0,0.0,-0.5667798647586143,-9.49838321036626,-15.903909136489341,0.2996085289149206,0.02007997072224416,0.01278984138261553,0.649555504322052,-1.2680955690196534,-2.385282039642334,-1.096827046280243,1.5808753967285156,-0.9056976477252405,0.6496292948722839,-1.2680666607669373,-2.385249137878418,-1.0968020421317597,1.5808424949645996,-0.9056695143329065,1,7,1,0.0
4.619481192999956,0.44392874746182226,0.12079202137057844,0.24369644692734088,3.1226437858961265,-0.024840447339433244,-0.05357048439179506,0.4439401565633589,0.12080570325978836,0.24369031278190795,3.1226108305914533,-0.024715019233596,-0.053548458762666874,0.0,0.0,0.0,0.0,0.0,0.0,-0.8206784138563709,-9.232970163623612,-15.740189894691351,0.29046032815025563,0.017780154374562394,0.0035096817471121262,0.6495999097824097,-1.2680303019336243,-2.3852622509002686,-1.096815125351288,1.580878496170044,-0.9056194464312952,0.6496292948722839,-1.2680666607669373,-2.385249137878418,-1.0968020421317597,1.5808424949645996,-0.9056695143329065,1,7,1,0.0
4.6278462469999795,0.4439404429410449,0.12080543577392923,0.24368679356260953,3.122571062679995,-0.024703306648631258,-0.05355206177274449,0.4439401565633589,0.12080570325978836,0.24369031278190795,3.1226108305914533,-0.024715019233596,-0.053548458762666874,0.0,0.0,0.0,0.0,0.0,0.0,-0.49040068981118734,-9.324291267679953,-15.616119686467894,0.29559070514489677,0.018393325231266827,0.006605617081950859,0.6496447920799255,-1.2680751842311402,-2.385244846343994,-1.0968242150596161,1.5808131694793701,-0.9056609312640589,0.6496292948722839,-1.2680666607669373,-2.385249137878418,-1.0968020421317597,1.5808424949645996,-0.9056695143329065,1,7,1,0.0
4.63560740200046,0.44391146368947015,0.12080697192154313,0.24366397333106393,3.1226057250254216,-0.024710724742662806,-0.05358505694944625,0.4439401565633589,0.12080570325978836,0.24369031278190795,3.1226108305914533,-0.024715019233596,-0.053548458762666874,0.0,0.0,0.0,0.0,0.0,0.0,-0.6831177206731662,-9.691291459634806,-16.02379488583081,0.30660391864166237,0.018490146670019365,0.014231302279142773,0.6496656537055969,-1.268046424990036,-2.385310173034668,-1.0967823725989838,1.5808546543121338,-0.9056361357318323,0.6496292948722839,-1.2680666607669373,-2.385249137878418,-1.0968020421317597,1.5808424949645996,-0.9056695143329065,1,7,1,0.0
4.643888619000791,0.4439423862408308,0.12080769172124746,0.24368346647310946,3.1226221262136837,-0.024801932196271602,-0.053531096961897284,0.4439401565633589,0.12080570325978836,0.24369031278190795,3.1226108305914533,-0.024715019233596,-0.053548458762666874,0.0,0.0,0.0,0.0,0.0,0.0,-0.2136679893796165,-9.646552263278123,-15.820304724705,0.3028814196895104,0.021975064318415404,0.01788115583669685,0.6496279239654541,-1.2680752140334626,-2.385261058807373,-1.0967653554729004,1.580845832824707,-0.9056151548968714,0.6496292948722839,-1.2680666607669373,-2.385249137878418,-1.0968020421317597,1.5808424949645996,-0.9056695143329065,1,7,1,0.0
4.65182050400108,0.4439166643485644,0.12081451662184922,0.2436742338311499,3.1226050888830157,-0.02464944305343284,-0.053618463715813636,0.4439401565633589,0.12080570325978836,0.24369031278190795,3.1226108305914533,-0.024715019233596,-0.053548458762666874,0.0,0.0,0.0,0.0,0.0,0.0,-0.302951255045096,-9.554148213461076,-15.752123053772486,0.29945549332538274,0.04364689299196473,0.01807687619992698,0.6496657133102417,-1.2680590611747284,-2.38527774810791,-1.0968195658973237,1.5808665752410889,-0.9056757132159632,0.6496292948722839,-1.2680666607669373,-2.385249137878418,-1.0968020421317597,1.5808424949645996,-0.9056695143329065,1,7,1,0.0
4.65981906199886,0.443943376665378,0.12080254513624084,0.24368718351890334,3.122622862528583,-0.0247368328514439,-0.05350361552446618,0.4439401565633589,0.12080570325978836,0.24369031278190795,3.1226108305914533,-0.024715019233596,-0.053548458762666874,0.0,0.0,0.0,0.0,0.0,0.0,-0.7159254064822278,-9.388023356706027,-15.97800271420054,0.29721201596692776,0.025815121248440355,0.019965204490463635,0.6496235728263855,-1.2680625182441254,-2.3852646350860596,-1.09676085532222,1.580833911895752,-0.9056609312640589,0.6496292948722839,-1.2680666607669373,-2.385249137878418,-1.0968020421317597,1.5808424949645996,-0.9056695143329065,1,7,1,0.0
4.6677981249995355,0.44395885443669836,0.12081282171092275,0.2437341542465359,3.1226842558911025,-0.024692850711129612,-0.0534281693303655,0.4439401565633589,0.12080570325978836,0.24369031278190795,3.1226108305914533,-0.024715019233596,-0.053548458762666874,0.0,0.0,0.0,0.0,0.0,0.0,0.10836591326151335,-9.787872844687367,-15.984955453483623,0.30535067830965495,0.03986816223121437,0.014016381722970157,0.6496116518974304,-1.268022583132126,-2.3852124214172363,-1.0967779022506257,1.5808502435684204,-0.9057014624225062,0.6496292948722839,-1.2680666607669373,-2.385249137878418,-1.0968020421317597,1.5808424949645996,-0.9056695143329065,1,7,1,0.0
4.675652262998483,0.4439200788146995,0.12080454420566501,0.24365516782546454,3.1225830408440927,-0.024599389314476187,-0.053613457562122095,0.4439401565633589,0.12080570325978836,0.24369031278190795,3.1226108305914533,-0.024715019233596,-0.053548458762666874,0.0,0.0,0.0,0.0,0.0,0.0,-0.4248306584626841,-9.187996305241294,-15.795175792583894,0.2865095408142684,0.03117258295189784,0.013806254329475805,0.6496537923812866,-1.2680829030326386,-2.385298252105713,-1.0967868131450196,1.580845832824707,-0.9057191053973597,0.6496292948722839,-1.2680666607669373,-2.385249137878418,-1.0968020421317597,1.5808424949645996,-0.9056695143329065,1,7,1,0.0
4.6837985679994745,0.44395272380645623,0.12078636796594691,0.24368474257417067,3.1226211398535884,-0.02481166745206612,-0.05354554969540948,0.4439401565633589,0.12080570325978836,0.24369031278190795,3.1226108305914533,-0.024715019233596,-0.053548458762666874,0.0,0.0,0.0,0.0,0.0,0.0,-1.3024662714113366,-9.461262401270254,-15.940798452718711,0.29649430662360715,0.006648672050111757,0.01264702872808097,0.6495717167854309,-1.26808716476474,-2.385249137878418,-1.0967734020999451,1.5808489322662354,-0.9056652227984827,0.6496292948722839,-1.2680666607669373,-2.385249137878418,-1.0968020421317597,1.5808424949645996,-0.9056695143329065,1,7,1,0.0
4.6916465559988865,0.44393511663706364,0.1207791344256091,0.2436605722191952,3.122572726307294,-0.024722353569006785,-0.05360097830902743,0.4439401565633589,0.12080570325978836,0.24369031278190795,3.1226108305914533,-0.024715019233596,-0.053548458762666874,0.0,0.0,0.0,0.0,0.0,0.0,-0.28218626382905154,-9.170529666010273,-15.923679410643517,0.28527780544889675,0.028383382096582418,0.011557169273903252,0.649592399597168,-1.268091396694519,-2.385282039642334,-1.0967942637256165,1.580832600593567,-0.9057014624225062,0.6496292948722839,-1.2680666607669373,-2.385249137878418,-1.0968020421317597,1.5808424949645996,-0.9056695143329065,1,7,1,0.0
4.699463706001552,0.44390957324978997,0.12080266341542165,0.24366581894256634,3.1225702088496443,-0.024704881361045414,-0.05368445808294771,0.4439401565633589,0.12080570325978836,0.24369031278190795,3.1226108305914533,-0.024715019233596,-0.053548458762666874,0.0,0.0,0.0,0.0,0.0,0.0,-0.1312145992035244,-9.553049195103508,-15.904876360985579,0.2999611511416983,0.031403163461714824,0.010956081799096525,0.6496537327766418,-1.2680667799762269,-2.38527774810791,-1.0968659085086365,1.5808665752410889,-0.9056523481952112,0.6496292948722839,-1.2680666607669373,-2.385249137878418,-1.0968020421317597,1.5808424949645996,-0.9056695143329065,1,7,1,0.0
4.707808180999564,0.4439582793713258,0.120797581808981,0.24369446808655765,3.122551788030003,-0.024670084895910993,-0.05346971095875044,0.4439401565633589,0.12080570325978836,0.24369031278190795,3.1226108305914533,-0.024715019233596,-0.053548458762666874,0.0,0.0,0.0,0.0,0.0,0.0,-0.660506049029817,-9.35277762267434,-15.705203300409451,0.29340847917430984,0.026983240902260407,0.01852693339266818,0.649632453918457,-1.268079475765564,-2.385232925415039,-1.0968032044223328,1.580763578414917,-0.9056933561908167,0.6496292948722839,-1.2680666607669373,-2.385249137878418,-1.0968020421317597,1.5808424949645996,-0.9056695143329065,1,7,1,0.0
4.71578249400045,0.44392995649059686,0.12080684491673249,0.24367388411676028,3.1226192723262916,-0.024717540713379452,-0.053591183725932294,0.4439401565633589,0.12080570325978836,0.24369031278190795,3.1226108305914533,-0.024715019233596,-0.053548458762666874,0.0,0.0,0.0,0.0,0.0,0.0,-0.23351893127656487,-9.491463783104207,-16.012470677972747,0.2966158461058376,0.0252368382297312,0.01131205935079132,0.649632453918457,-1.2680752140334626,-2.3852732181549072,-1.0967853528312226,1.5808665752410889,-0.9056652227984827,0.6496292948722839,-1.2680666607669373,-2.385249137878418,-1.0968020421317597,1.5808424949645996,-0.9056695143329065,1,7,1,0.0
4.723810929001047,0.4439394986005594,0.12079391862693101,0.24368034519457088,3.122598815305137,-0.024772070946227506,-0.05354948595549864,0.4439401565633589,0.12080570325978836,0.24369031278190795,3.1226108305914533,-0.024715019233596,-0.053548458762666874,0.0,0.0,0.0,0.0,0.0,0.0,-0.29854051110533386,-9.61257055354284,-15.902894798166788,0.295901072176024,0.02602177072935075,0.00980448199794027,0.6496130228042603,-1.2680710417083283,-2.3852646350860596,-1.0967898231795807,1.580833911895752,-0.9056490103351038,0.6496292948722839,-1.2680666607669373,-2.385249137878418,-1.0968020421317597,1.5808424949645996,-0.9056695143329065,1,7,1,0.0
4.731805409999652,0.44392487620584464,0.12078903755027412,0.24366158908588129,3.1225741368044546,-0.024691497706116117,-0.05361869347762796,0.4439401565633589,0.12080570325978836,0.24369031278190795,3.1226108305914533,-0.024715019233596,-0.053548458762666874,0.0,0.0,0.0,0.0,0.0,0.0,-0.4690256589783404,-9.191146675731057,-15.870692672395673,0.2867629454338919,0.023778450451258062,0.015667633089468933,0.649620532989502,-1.2680786711028595,-2.385286331176758,-1.0968106550029297,1.5808414220809937,-0.9056933561908167,0.6496292948722839,-1.2680666607669373,-2.385249137878418,-1.0968020421317597,1.5808424949645996,-0.9056695143329065,1,7,1,0.0
4.739634331999696,0.4439494191603444,0.12082333978763946,0.24370849543352058,3.1226439945876368,-0.024654100921849754,-0.05352369622916417,0.4439401565633589,0.12080570325978836,0.24369031278190795,3.1226108305914533,-0.024715019233596,-0.053548458762666874,0.0,0.0,0.0,0.0,0.0,0.0,-0.45727023566114444,-9.087494561807343,-16.03969121287438,0.28249761498004794,0.02490554010804413,0.008262098874729111,0.6496405005455017,-1.2680668097785492,-2.3852198123931885,-1.0967987340739747,1.580857753753662,-0.9056976477252405,0.6496292948722839,-1.2680666607669373,-2.385249137878418,-1.0968020421317597,1.5808424949645996,-0.9056695143329065,1,7,1,0.0
4.747793751001154,0.44395694384331325,0.12081857576800409,0.24369220803282193,3.1226187812910355,-0.024723067819606898,-0.053519034690016024,0.4439401565633589,0.12080570325978836,0.24369031278190795,3.1226108305914533,-0.024715019233596,-0.053548458762666874,0.0,0.0,0.0,0.0,0.0,0.0,-0.9088174541125255,-9.134424582797825,-15.557899224036387,0.28781542921542846,0.011046011887332518,0.023123410073242513,0.649632453918457,-1.2680998307517548,-2.3852286338806152,-1.0967697662166138,1.5808370113372803,-0.9056609312640589,0.6496292948722839,-1.2680666607669373,-2.385249137878418,-1.0968020421317597,1.5808424949645996,-0.9056695143329065,1,7,1,0.0
4.75587866099886,0.4439461670172185,0.12079931550912659,0.2436959627332673,3.122669271411679,-0.024712032261376204,-0.05349825611138491,0.4439401565633589,0.12080570325978836,0.24369031278190795,3.1226108305914533,-0.024715019233596,-0.053548458762666874,0.0,0.0,0.0,0.0,0.0,0.0,-0.3740105161508253,-9.403771300996507,-15.744332187018436,0.2937569479805009,0.01695525023428976,0.02279373609734861,0.649595320224762,-1.2680514019778748,-2.385261058807373,-1.096744493847229,1.5808665752410889,-0.90570575395693,0.6496292948722839,-1.2680666607669373,-2.385249137878418,-1.0968020421317597,1.5808424949645996,-0.9056695143329065,1,7,1,0.0
4.7637954269994225,0.4439178158407686,0.1207934404540873,0.24363074897006398,3.1225393666633927,-0.02465892818988697,-0.0536747131009068,0.4439401565633589,0.12080570325978836,0.24369031278190795,3.1226108305914533,-0.024715019233596,-0.053548458762666874,0.0,0.0,0.0,0.0,0.0,0.0,-0.32652537910877866,-9.401903440133271,-15.741238324850604,0.2940681696474458,0.023388443217165714,0.011003964797315384,0.649641215801239,-1.2681194704822083,-2.3853113651275635,-1.0967942637256165,1.5808370113372803,-0.9056933561908167,0.6496292948722839,-1.2680666607669373,-2.385249137878418,-1.0968020421317597,1.5808424949645996,-0.9056695143329065,1,7,1,0.0
4.771979763001582,0.4439273822794477,0.12077871458353161,0.24369042114224923,3.1225881126833475,-0.024768553170333187,-0.05360122387960017,0.4439401565633589,0.12080570325978836,0.24369031278190795,3.1226108305914533,-0.024715019233596,-0.053548458762666874,0.0,0.0,0.0,0.0,0.0,0.0,-0.448750458874548,-9.382811393941585,-15.631585080642347,0.2895285532265917,0.02610595844834736,0.023845114643981022,0.649595320224762,-1.2680387657931824,-2.3852577209472656,-1.0968614679626008,1.580845832824707,-0.9056695143329065,0.6496292948722839,-1.2680666607669373,-2.385249137878418,-1.0968020421317597,1.5808424949645996,-0.9056695143329065,1,7,1,0.0
4.779805299000145,0.44391219702504375,0.12077578865355557,0.24366458753411455,3.122569466303308,-0.02472991327111183,-0.053596413604140074,0.4439401565633589,0.12080570325978836,0.24369031278190795,3.1226108305914533,-0.024715019233596,-0.053548458762666874,0.0,0.0,0.0,0.0,0.0,0.0,-0.44732004188291163,-9.000947307720603,-15.726530308347847,0.2844268877636995,0.02782111048101799,0.018887810730176455,0.649620532989502,-1.2680344742587586,-2.385310173034668,-1.0968225759318848,1.5808295011520386,-0.9056685606585901,0.6496292948722839,-1.2680666607669373,-2.385249137878418,-1.0968020421317597,1.5808424949645996,-0.9056695143329065,1,7,1,0.0
4.787852157998714,0.4439164966518483,0.1208113774410175,0.24366651635212994,3.12259050565519,-0.024702598940976678,-0.05363368731574686,0.4439401565633589,0.12080570325978836,0.24369031278190795,3.1226108305914533,-0.024715019233596,-0.053548458762666874,0.0,0.0,0.0,0.0,0.0,0.0,-0.34973215387161916,-9.262373521773547,-15.656552468200776,0.28902878125574066,0.02681803841769458,0.008812329966856531,0.6496625542640686,-1.268071011906006,-2.385282039642334,-1.0968195658973237,1.5808621644973755,-0.90564471880068,0.6496292948722839,-1.2680666607669373,-2.385249137878418,-1.0968020421317597,1.5808424949645996,-0.9056695143329065,1,7,1,0.0
4.795781106000504,0.4439446292295928,0.1208105898393557,0.24368962667411354,3.122622181697172,-0.024763227195237637,-0.05356256163972553,0.4439401565633589,0.12080570325978836,0.24369031278190795,3.1226108305914533,-0.024715019233596,-0.053548458762666874,0.0,0.0,0.0,0.0,0.0,0.0,-0.030214509612286333,-9.429949165962316,-15.81651878006986,0.29964783633401376,0.03436670541438292,0.01588970552743032,0.6496235132217407,-1.268082932834961,-2.385240316390991,-1.0967942637256165,1.580857753753662,-0.90564471880068,0.6496292948722839,-1.2680666607669373,-2.385249137878418,-1.0968020421317597,1.5808424949645996,-0.9056695143329065,1,7,1,0.0
4.803830590000871,0.4439259608390727,0.12078641899699295,0.24368175008225118,3.1226060096577117,-0.024833573145345487,-0.053562186173435354,0.4439401565633589,0.12080570325978836,0.24369031278190795,3.1226108305914533,-0.024715019233596,-0.053548458762666874,0.0,0.0,0.0,0.0,0.0,0.0,-0.671561281220822,-9.268476669275284,-16.203490643242493,0.29413519413107414,0.020046972562458812,0.013897506297297624,0.6496116518974304,-1.2680387061885376,-2.385282039642334,-1.0968061846545716,1.580845832824707,-0.9056113401996058,0.6496292948722839,-1.2680666607669373,-2.385249137878418,-1.0968020421317597,1.5808424949645996,-0.9056695143329065,1,7,1,0.0
4.811825132001104,0.44393182382421126,0.12078849838400882,0.24368448430215978,3.1225788831501076,-0.024734846505787767,-0.05355948796592639,0.4439401565633589,0.12080570325978836,0.24369031278190795,3.1226108305914533,-0.024715019233596,-0.053548458762666874,0.0,0.0,0.0,0.0,0.0,0.0,-0.48089164186434014,-9.487039528406843,-15.801024280592475,0.3036934119221183,0.02346115651498684,0.019158483771887603,0.649620532989502,-1.2680506271174927,-2.385265350341797,-1.096827046280243,1.5808219909667969,-0.9056652227984827,0.6496292948722839,-1.2680666607669373,-2.385249137878418,-1.0968020421317597,1.5808424949645996,-0.9056695143329065,1,7,1,0.0
4.819889853999484,0.4439319327265197,0.12080450353718261,0.2436700778979585,3.1225960854539494,-0.024677933589747316,-0.05358624940899822,0.4439401565633589,0.12080570325978836,0.24369031278190795,3.1226108305914533,-0.024715019233596,-0.053548458762666874,0.0,0.0,0.0,0.0,0.0,0.0,-0.6605883529016505,-9.794309728550525,-15.671046815569918,0.30866191011627586,0.01609904288440815,0.015513249454477965,0.6496368646621704,-1.2680829030326386,-2.3852732181549072,-1.0967898231795807,1.580845832824707,-0.9056857267962855,0.6496292948722839,-1.2680666607669373,-2.385249137878418,-1.0968020421317597,1.5808424949645996,-0.9056695143329065,1,7,1,0.0
4.827855141000327,0.4439197179689248,0.12080188894086806,0.2436706765200376,3.1225954544240286,-0.024633935549800968,-0.05358818886982414,0.4439401565633589,0.12080570325978836,0.24369031278190795,3.1226108305914533,-0.024715019233596,-0.053548458762666874,0.0,0.0,0.0,0.0,0.0,0.0,-1.0237140375673486,-9.538054302942678,-15.617235665184264,0.29468704139511376,0.01242071757585471,0.00020184255447200546,0.6496493816375732,-1.2680548888495942,-2.385289430618286,-1.0968032044223328,1.580845832824707,-0.9057014624225062,0.6496292948722839,-1.2680666607669373,-2.385249137878418,-1.0968020421317597,1.5808424949645996,-0.9056695143329065,1,7,1,0.0
4.835879618000035,0.4439310259337757,0.12081055119337439,0.2436592272431862,3.12257118973597,-0.024729060806830083,-0.05363092031941521,0.4439401565633589,0.12080570325978836,0.24369031278190795,3.1226108305914533,-0.024715019233596,-0.053548458762666874,0.0,0.0,0.0,0.0,0.0,0.0,-0.6905257552983035,-8.84327134439396,-16.17616655709691,0.2798468754024896,0.011277899513113367,0.022478825921242236,0.649649441242218,-1.2681110066226502,-2.3852689266204834,-1.0968031746200104,1.580845832824707,-0.9056404272662562,0.6496292948722839,-1.2680666607669373,-2.385249137878418,-1.0968020421317597,1.5808424949645996,-0.9056695143329065,1,7,1,0.0
4.844033716999547,0.4439182272002384,0.12079023626694309,0.24367698092628826,3.122587683700924,-0.024796446837969287,-0.0536798680782259,0.4439401565633589,0.12080570325978836,0.24369031278190795,3.1226108305914533,-0.024715019233596,-0.053548458762666874,0.0,0.0,0.0,0.0,0.0,0.0,-0.6466017578141405,-9.833893561545688,-15.556131143432403,0.30755841497798586,0.019099397447363768,0.005817122776597166,0.6496115922927856,-1.2680625480464478,-2.385261058807373,-1.0968733590892334,1.580878496170044,-0.9056361357318323,0.6496292948722839,-1.2680666607669373,-2.385249137878418,-1.0968020421317597,1.5808424949645996,-0.9056695143329065,1,7,1,0.0
4.851650833999884,0.4439290736045691,0.12080667265593581,0.24365805030573037,3.1225347828313055,-0.02467044456522977,-0.05361093635895583,0.4439401565633589,0.12080570325978836,0.24369031278190795,3.1226108305914533,-0.024715019233596,-0.053548458762666874,0.0,0.0,0.0,0.0,0.0,0.0,-0.3122307399824905,-9.357044900496486,-15.738417312915361,0.2920506915592106,0.030115091534378843,0.01662349919510439,0.6496657133102417,-1.2681032580188294,-2.3852732181549072,-1.0968195658973237,1.5808087587356567,-0.9056609312640589,0.6496292948722839,-1.2680666607669373,-2.385249137878418,-1.0968020421317597,1.5808424949645996,-0.9056695143329065,1,7,1,0.0
4.8601423039981455,0.44391645784664974,0.12079531753351648,0.24365287519389678,3.1225532925808333,-0.024636132117459273,-0.05369261130131326,0.4439401565633589,0.12080570325978836,0.24369031278190795,3.1226108305914533,-0.024715019233596,-0.053548458762666874,0.0,0.0,0.0,0.0,0.0,0.0,-0.6734915785174703,-9.514942777901537,-15.921930339278529,0.29570337139875913,0.0224635663015935,0.019712745926349955,0.6496368646621704,-1.2680956286242981,-2.385282039642334,-1.096847878103592,1.5808546543121338,-0.905712906514303,0.6496292948722839,-1.2680666607669373,-2.385249137878418,-1.0968020421317597,1.5808424949645996,-0.9056695143329065,1,7,1,0.0
4.867837415000395,0.44391769686966853,0.12079787921736884,0.24368549463004552,3.1225812124002705,-0.024697932887344363,-0.053613091893707006,0.4439401565633589,0.12080570325978836,0.24369031278190795,3.1226108305914533,-0.024715019233596,-0.053548458762666874,0.0,0.0,0.0,0.0,0.0,0.0,-0.9879484253823252,-9.269064056953958,-15.943694601882274,0.2881980872807367,0.009612934044089146,0.01682699412374554,0.6496448516845703,-1.2680387061885376,-2.385265350341797,-1.0968642395785828,1.580845832824707,-0.9056652227984827,0.6496292948722839,-1.2680666607669373,-2.385249137878418,-1.0968020421317597,1.5808424949645996,-0.9056695143329065,1,7,1,0.0
4.875856892998854,0.44393887969536416,0.12080874518622359,0.24368111722940805,3.122599872828243,-0.02478182574995586,-0.053585467119274144,0.4439401565633589,0.12080570325978836,0.24369031278190795,3.1226108305914533,-0.024715019233596,-0.053548458762666874,0.0,0.0,0.0,0.0,0.0,0.0,0.05520128890503273,-9.390451770792923,-15.844696376436332,0.300698666425037,0.04315722364609787,0.012647650227966963,0.649632453918457,-1.26808716476474,-2.385249137878418,-1.096806214456894,1.5808502435684204,-0.905623737965719,0.6496292948722839,-1.2680666607669373,-2.385249137878418,-1.0968020421317597,1.5808424949645996,-0.9056695143329065,1,7,1,0.0
4.883868426000845,0.44393776196840623,0.12081258139998621,0.24370473400215698,3.1226366573332704,-0.024684798344105117,-0.05351780081668797,0.4439401565633589,0.12080570325978836,0.24369031278190795,3.1226108305914533,-0.024715019233596,-0.053548458762666874,0.0,0.0,0.0,0.0,0.0,0.0,-0.6953974425997775,-10.092334131911326,-15.730648919106539,0.3139519936563936,0.01851248800115206,0.009980127498496564,0.649641215801239,-1.2680387061885376,-2.385244846343994,-1.0968032044223328,1.5808502435684204,-0.9056771437274378,0.6496292948722839,-1.2680666607669373,-2.385249137878418,-1.0968020421317597,1.5808424949645996,-0.9056695143329065,1,7,1,0.0
4.891840836000483,0.44392185427599534,0.12080882989642179,0.24367408360778384,3.12261289839816,-0.024713897736573762,-0.05365142863732887,0.4439401565633589,0.12080570325978836,0.24369031278190795,3.1226108305914533,-0.024715019233596,-0.053548458762666874,0.0,0.0,0.0,0.0,0.0,0.0,-0.3813166316583757,-9.275848292655326,-15.630982491290672,0.28940028161464637,0.024144269845931425,0.013661590753222114,0.6496368050575256,-1.268075243835785,-2.385265350341797,-1.096827046280243,1.5808861255645752,-0.9056637922870081,0.6496292948722839,-1.2680666607669373,-2.385249137878418,-1.0968020421317597,1.5808424949645996,-0.9056695143329065,1,7,1,0.0
4.899865974999557,0.4439213111322857,0.12078273008936209,0.2436528447519672,3.122521189698462,-0.024758783925550216,-0.05359513657892656,0.4439401565633589,0.12080570325978836,0.24369031278190795,3.1226108305914533,-0.024715019233596,-0.053548458762666874,0.0,0.0,0.0,0.0,0.0,0.0,-0.517434869897382,-9.348121033469965,-15.70265732763551,0.29523110395711266,0.02115264069431001,0.01561181857104216,0.649641215801239,-1.268075243835785,-2.385301351547241,-1.0968195658973237,1.5807924270629883,-0.9056285063373011,0.6496292948722839,-1.2680666607669373,-2.385249137878418,-1.0968020421317597,1.5808424949645996,-0.9056695143329065,1,7,1,0.0
4.907873699998163,0.44394867452424525,0.1208277045746642,0.24369824419164465,3.1226692962268885,-0.02465928829967127,-0.05342150272495491,0.4439401565633589,0.12080570325978836,0.24369031278190795,3.1226108305914533,-0.024715019233596,-0.053548458762666874,0.0,0.0,0.0,0.0,0.0,0.0,-0.9092203405390552,-9.60367706379223,-15.858401438062632,0.296853104952398,0.015067855877010558,0.013169243431668521,0.6496611833572388,-1.2680506271174927,-2.385265350341797,-1.0967028003982087,1.5808370113372803,-0.905672852193014,0.6496292948722839,-1.2680666607669373,-2.385249137878418,-1.0968020421317597,1.5808424949645996,-0.9056695143329065,1,7,1,0.0
4.916011680001247,0.4439313620695467,0.12079635369969371,0.24368699217544387,3.1226216852879536,-0.024741807295080485,-0.05352396254943403,0.4439401565633589,0.12080570325978836,0.24369031278190795,3.1226108305914533,-0.024715019233596,-0.053548458762666874,0.0,0.0,0.0,0.0,0.0,0.0,-1.1678387744059124,-9.448085730500175,-15.576909098206377,0.2964791871825247,0.004135152223019532,0.01856663961489098,0.6496249437332153,-1.2680387061885376,-2.38527774810791,-1.0967823427966614,1.5808414220809937,-0.9056566397296351,0.6496292948722839,-1.2680666607669373,-2.385249137878418,-1.0968020421317597,1.5808424949645996,-0.9056695143329065,1,7,1,0.0
4.924268310998741,0.44394397359272303,0.12081225822650969,0.24370132552831394,3.1226560061635236,-0.024762175425594536,-0.05347454088850368,0.4439401565633589,0.12080570325978836,0.24369031278190795,3.1226108305914533,-0.024715019233596,-0.053548458762666874,0.0,0.0,0.0,0.0,0.0,0.0,-0.7261443987483411,-10.004477708885084,-15.44628954709731,0.31196527339584107,0.027457121411744785,0.014009846153193157,0.649632453918457,-1.2680429381183167,-2.38525652885437,-1.0967533451369782,1.5808489322662354,-0.9056361357318323,0.6496292948722839,-1.2680666607669373,-2.385249137878418,-1.0968020421317597,1.5808424949645996,-0.9056695143329065,1,7,1,0.0
4.93192444899978,0.44394757461437345,0.12080041931626469,0.2436832298474409,3.1225975098434384,-0.024735025238348512,-0.05354257691368635,0.4439401565633589,0.12080570325978836,0.24369031278190795,3.1226108305914533,-0.024715019233596,-0.053548458762666874,0.0,0.0,0.0,0.0,0.0,0.0,-0.2838899356307518,-9.40054073293123,-15.69501814866842,0.3002695153108416,0.026878196253655673,0.015325230652818645,0.6496161222457886,-1.26808716476474,-2.385249137878418,-1.0967868131450196,1.5808295011520386,-0.9056695143329065,0.6496292948722839,-1.2680666607669373,-2.385249137878418,-1.0968020421317597,1.5808424949645996,-0.9056695143329065,1,7,1,0.0
4.939689021000959,0.44394121322933183,0.1207966150983503,0.2436789432171055,3.1225939446748443,-0.024741378404527628,-0.05353785405247598,0.4439401565633589,0.12080570325978836,0.24369031278190795,3.1226108305914533,-0.024715019233596,-0.053548458762666874,0.0,0.0,0.0,0.0,0.0,0.0,-0.6319866913800886,-9.72550966505254,-15.334352109962309,0.30650025374681716,0.017996991773645884,0.011702660101410939,0.649620532989502,-1.2680752140334626,-2.385265350341797,-1.0967823427966614,1.5808250904083252,-0.9056609312640589,0.6496292948722839,-1.2680666607669373,-2.385249137878418,-1.0968020421317597,1.5808424949645996,-0.9056695143329065,1,7,1,0.0
4.947980598000868,0.4439390745608798,0.12079985754194492,0.24368971693022473,3.1226075302298466,-0.024755491321426168,-0.05355115766240631,0.4439401565633589,0.12080570325978836,0.24369031278190795,3.1226108305914533,-0.024715019233596,-0.053548458762666874,0.0,0.0,0.0,0.0,0.0,0.0,-0.611380175759838,-9.470557559954177,-15.811403860408161,0.29519229352949045,0.012507257895083166,0.012764926944724137,0.649620532989502,-1.2680625480464478,-2.3852522373199463,-1.096806214456894,1.5808414220809937,-0.9056523481952112,0.6496292948722839,-1.2680666607669373,-2.385249137878418,-1.0968020421317597,1.5808424949645996,-0.9056695143329065,1,7,1,0.0
4.955950823001331,0.44392871143326823,0.12077683719992434,0.24366474341446354,3.122608833488227,-0.02483318337045628,-0.05364124793293493,0.4439401565633589,0.12080570325978836,0.24369031278190795,3.1226108305914533,-0.024715019233596,-0.053548458762666874,0.0,0.0,0.0,0.0,0.0,0.0,-0.6684376530034175,-9.492825553730883,-15.71921743847724,0.30093859516595856,0.02413134899530905,0.022263828725989546,0.6495715975761414,-1.268079475765564,-2.385282039642334,-1.0968031746200104,1.580878496170044,-0.9056523481952112,0.6496292948722839,-1.2680666607669373,-2.385249137878418,-1.0968020421317597,1.5808424949645996,-0.9056695143329065,1,7,1,0.0
4.963972494999325,0.4439353326435792,0.1208156858610474,0.24369204099939057,3.122667198730012,-0.02476947273745913,-0.053589002782287926,0.4439401565633589,0.12080570325978836,0.24369031278190795,3.1226108305914533,-0.024715019233596,-0.053548458762666874,0.0,0.0,0.0,0.0,0.0,0.0,-0.2853421015481533,-9.82108137951984,-15.525021798514182,0.31093464220725753,0.028111018926834336,0.014095661512988154,0.649620532989502,-1.2680667799762269,-2.385249137878418,-1.0967868131450196,1.5809037685394287,-0.90564471880068,0.6496292948722839,-1.2680666607669373,-2.385249137878418,-1.0968020421317597,1.5808424949645996,-0.9056695143329065,1,7,1,0.0
4.9722502660006285,0.4439267056936874,0.1208269233533725,0.24368194363344706,3.1225985524812736,-0.024633410849870238,-0.05363102846330329,0.4439401565633589,0.12080570325978836,0.24369031278190795,3.1226108305914533,-0.024715019233596,-0.053548458762666874,0.0,0.0,0.0,0.0,0.0,0.0,-0.8778107417098708,-9.204566434577533,-15.583783758385037,0.29848968352757893,0.026110286468315074,0.014096955245310554,0.6496745944023132,-1.268082932834961,-2.385244846343994,-1.0968389374068757,1.5808665752410889,-0.9056771437274378,0.6496292948722839,-1.2680666607669373,-2.385249137878418,-1.0968020421317597,1.5808424949645996,-0.9056695143329065,1,7,1,0.0
4.979649444998358,0.44393568165817116,0.12081153665456329,0.24369315938067038,3.1225791880800413,-0.02471071408807903,-0.05357538351627722,0.4439401565633589,0.12080570325978836,0.24369031278190795,3.1226108305914533,-0.024715019233596,-0.053548458762666874,0.0,0.0,0.0,0.0,0.0,0.0,-0.421161204437663,-9.661726570153625,-15.655966985335796,0.304073273136612,0.02219698862698659,0.012136709364707909,0.6496538519859314,-1.2680667799762269,-2.3852360248565674,-1.096847878103592,1.5808295011520386,-0.9056475798236292,0.6496292948722839,-1.2680666607669373,-2.385249137878418,-1.0968020421317597,1.5808424949645996,-0.9056695143329065,1,7,1,0.0
4.987813763000304,0.44394808996657664,0.12080299477479382,0.243676814715375,3.1225958327331442,-0.02476091665287317,-0.05359657689507147,0.4439401565633589,0.12080570325978836,0.24369031278190795,3.1226108305914533,-0.024715019233596,-0.053548458762666874,0.0,0.0,0.0,0.0,0.0,0.0,-0.4029283899267769,-9.666930692652965,-15.61076469028871,0.30477016235897003,0.02382556333170643,0.02012241687494415,0.6496086120605469,-1.2681117814830323,-2.385240316390991,-1.0967987340739747,1.5808502435684204,-0.9056609312640589,0.6496292948722839,-1.2680666607669373,-2.385249137878418,-1.0968020421317597,1.5808424949645996,-0.9056695143329065,1,7,1,0.0
4.995821148000687,0.4439212669914678,0.12077760231932047,0.2436489247629272,3.1225702188437157,-0.024788938637860965,-0.05366454848062729,0.4439401565633589,0.12080570325978836,0.24369031278190795,3.1226108305914533,-0.024715019233596,-0.053548458762666874,0.0,0.0,0.0,0.0,0.0,0.0,-0.6919716930841524,-9.250728265356274,-15.78015420798828,0.28802517152994955,0.015233359546052306,0.01947669560581545,0.6495952010154724,-1.268091396694519,-2.385298252105713,-1.0968106848052521,1.580857753753662,-0.9056566397296351,0.6496292948722839,-1.2680666607669373,-2.385249137878418,-1.0968020421317597,1.5808424949645996,-0.9056695143329065,1,7,1,0.0
5.003861255001539,0.4439292908650997,0.12079611990861398,0.24366735500578418,3.1226158496114897,-0.02473731002329998,-0.05354645532226455,0.4439401565633589,0.12080570325978836,0.24369031278190795,3.1226108305914533,-0.024715019233596,-0.053548458762666874,0.0,0.0,0.0,0.0,0.0,0.0,-0.6000603246589271,-9.518162862046752,-15.741600330706738,0.2986725777876264,0.0265182597519586,0.00766649810790564,0.6496249437332153,-1.2680633527091523,-2.385298252105713,-1.0967520040324708,1.580845832824707,-0.9056595007525843,0.6496292948722839,-1.2680666607669373,-2.385249137878418,-1.0968020421317597,1.5808424949645996,-0.9056695143329065,1,7,1,0.0
5.0115183150010125,0.4439444268910813,0.12079183289549943,0.24368618563447125,3.1225947898294257,-0.02471188157141218,-0.05353880348498354,0.4439401565633589,0.12080570325978836,0.24369031278190795,3.1226108305914533,-0.024715019233596,-0.053548458762666874,0.0,0.0,0.0,0.0,0.0,0.0,-0.6324864359186994,-9.334330113921242,-15.62602060003686,0.2863935463841907,0.016402450244153623,0.01452621341543536,0.6496070623397827,-1.268071011906006,-2.385253429412842,-1.0967987042716523,1.5808250904083252,-0.9056933561908167,0.6496292948722839,-1.2680666607669373,-2.385249137878418,-1.0968020421317597,1.5808424949645996,-0.9056695143329065,1,7,1,0.0
5.019474926000839,0.4439317110858761,0.12080590667270748,0.24368745099944672,3.1226076963041867,-0.0247279271505893,-0.05349774098712228,0.4439401565633589,0.12080570325978836,0.24369031278190795,3.1226108305914533,-0.024715019233596,-0.053548458762666874,0.0,0.0,0.0,0.0,0.0,0.0,-0.23342865325848117,-9.36190053809498,-16.00902029384902,0.2977147711269154,0.030455530722777718,0.008395080915142015,0.6496538519859314,-1.2680387061885376,-2.38527774810791,-1.0967779022506257,1.5808206796646118,-0.9056361357318323,0.6496292948722839,-1.2680666607669373,-2.385249137878418,-1.0968020421317597,1.5808424949645996,-0.9056695143329065,1,7,1,0.0
5.027851201000885,0.4439357703838705,0.12080926154510753,0.24368995304997015,3.122596411357648,-0.02472857480838175,-0.05354172051862913,0.4439401565633589,0.12080570325978836,0.24369031278190795,3.1226108305914533,-0.024715019233596,-0.053548458762666874,0.0,0.0,0.0,0.0,0.0,0.0,-0.31953658203547,-9.269673069401227,-15.448655739844742,0.2939363929668496,0.024080174221724687,0.00895095162445311,0.649649441242218,-1.2680590909770508,-2.385253429412842,-1.0968106848052521,1.5808295011520386,-0.9056404272662562,0.6496292948722839,-1.2680666607669373,-2.385249137878418,-1.0968020421317597,1.5808424949645996,-0.9056695143329065,1,7,1,0.0
5.0358064380016,0.4439369012290184,0.12081702636437996,0.24367887874566374,3.1226283681327835,-0.024731530403984632,-0.053613293495962604,0.4439401565633589,0.12080570325978836,0.24369031278190795,3.1226108305914533,-0.024715019233596,-0.053548458762666874,0.0,0.0,0.0,0.0,0.0,0.0,-0.13370384938892654,-9.426779929770206,-15.74107591840215,0.2930863396501962,0.03404038551757779,0.02047521750754614,0.649632453918457,-1.2680956286242981,-2.385249137878418,-1.0967942637256165,1.5808829069137573,-0.9056566397296351,0.6496292948722839,-1.2680666607669373,-2.385249137878418,-1.0968020421317597,1.5808424949645996,-0.9056695143329065,1,7,1,0.0
5.043911556000239,0.44393832495047403,0.12079947763925974,0.24367535460960488,3.1226416201542633,-0.024841098197525224,-0.05359708910692167,0.4439401565633589,0.12080570325978836,0.24369031278190795,3.1226108305914533,-0.024715019233596,-0.053548458762666874,0.0,0.0,0.0,0.0,0.0,0.0,-0.16005070170148816,-9.224571107515624,-16.0189606031509,0.2862517044690361,0.030822000911043902,0.01673408471170668,0.6495952010154724,-1.2680871051600953,-2.385265350341797,-1.0967697960189362,1.5808873176574707,-0.905623737965719,0.6496292948722839,-1.2680666607669373,-2.385249137878418,-1.0968020421317597,1.5808424949645996,-0.9056695143329065,1,7,1,0.0
5.05183876099909,0.44393694937488853,0.12079716417144812,0.24368433402985956,3.122597337217918,-0.02470668749356146,-0.0535510622784941,0.4439401565633589,0.12080570325978836,0.24369031278190795,3.1226108305914533,-0.024715019233596,-0.053548458762666874,0.0,0.0,0.0,0.0,0.0,0.0,-0.6323341852617403,-9.169530391802166,-15.959686238661428,0.2877614617289362,0.023957568714785535,0.012962147281607076,0.649623453617096,-1.2680633229068299,-2.385261058807373,-1.0968032044223328,1.580832600593567,-0.9056804815875452,0.6496292948722839,-1.2680666607669373,-2.385249137878418,-1.0968020421317597,1.5808424949645996,-0.9056695143329065,1,7,1,0.0
5.059636555000907,0.4439257676356918,0.12079895905457726,0.24364889766836278,3.1225529923297053,-0.02473929961822409,-0.053543515785004554,0.4439401565633589,0.12080570325978836,0.24369031278190795,3.1226108305914533,-0.024715019233596,-0.053548458762666874,0.0,0.0,0.0,0.0,0.0,0.0,-0.9612596536488985,-9.43578246998846,-15.93968262372558,0.29813522221343086,0.012751232989487465,0.0127166861419123,0.6496626138687134,-1.268082932834961,-2.385314464569092,-1.0967534345439454,1.5807968378067017,-0.9056194464312952,0.6496292948722839,-1.2680666607669373,-2.385249137878418,-1.0968020421317597,1.5808424949645996,-0.9056695143329065,1,7,1,0.0
5.067833364999387,0.44393300772861477,0.12078060037326903,0.24368896172787363,3.122606875734276,-0.024820800535095985,-0.0535630596050024,0.4439401565633589,0.12080570325978836,0.24369031278190795,3.1226108305914533,-0.024715019233596,-0.053548458762666874,0.0,0.0,0.0,0.0,0.0,0.0,-0.23470318075732882,-9.330815909904292,-15.808352128200077,0.29396373019488714,0.022769484275079216,0.026271906956588077,0.649590790271759,-1.2680421632579346,-2.385265350341797,-1.0968195360950013,1.580845832824707,-0.9056404272662562,0.6496292948722839,-1.2680666607669373,-2.385249137878418,-1.0968020421317597,1.5808424949645996,-0.9056695143329065,1,7,1,0.0
5.075865005001106,0.44394151270260446,0.12079829711332696,0.2436959856748317,3.1225637041693193,-0.02478734504191868,-0.053552659988353075,0.4439401565633589,0.12080570325978836,0.24369031278190795,3.1226108305914533,-0.024715019233596,-0.053548458762666874,0.0,0.0,0.0,0.0,0.0,0.0,-0.1789542820083676,-9.35155725310067,-15.901118356138882,0.29478783902968964,0.03326794036090812,0.01038774301189818,0.649632453918457,-1.2680633527091523,-2.385232925415039,-1.0968523186496277,1.5808087587356567,-0.9056194464312952,0.6496292948722839,-1.2680666607669373,-2.385249137878418,-1.0968020421317597,1.5808424949645996,-0.9056695143329065,1,7,1,0.0
5.083824420999008,0.44393306200431026,0.12082081790424186,0.24369710639418876,3.122629424219652,-0.02470364896398677,-0.05351775875252573,0.4439401565633589,0.12080570325978836,0.24369031278190795,3.1226108305914533,-0.024715019233596,-0.053548458762666874,0.0,0.0,0.0,0.0,0.0,0.0,-0.4699353528476078,-9.116457967531158,-15.983792420832447,0.2966805008202513,0.020762458630625116,0.01238907775820474,0.6496657133102417,-1.2680429381183167,-2.38525652885437,-1.096791462307312,1.580845832824707,-0.9056404272662562,0.6496292948722839,-1.2680666607669373,-2.385249137878418,-1.0968020421317597,1.5808424949645996,-0.9056695143329065,1,7,1,0.0
5.091817680000531,0.4439202740058141,0.12081596907808141,0.24366537323119986,3.1226046269857246,-0.024660274937283875,-0.053608075520841125,0.4439401565633589,0.12080570325978836,0.24369031278190795,3.1226108305914533,-0.024715019233596,-0.053548458762666874,0.0,0.0,0.0,0.0,0.0,0.0,-0.5056956944043748,-9.442892635298696,-16.080754530098588,0.2901418683521293,0.015973837781415808,0.012317366052749391,0.6496657133102417,-1.2680752736381073,-2.385286331176758,-1.0967898231795807,1.5808621644973755,-0.9056685606585901,0.6496292948722839,-1.2680666607669373,-2.385249137878418,-1.0968020421317597,1.5808424949645996,-0.9056695143329065,1,7,1,0.0
5.099835254000936,0.44392557231198926,0.12078824503966537,0.2436709856060571,3.1225851914906144,-0.024716656320195,-0.05358523404928435,0.4439401565633589,0.12080570325978836,0.24369031278190795,3.1226108305914533,-0.024715019233596,-0.053548458762666874,0.0,0.0,0.0,0.0,0.0,0.0,-0.4676801336153745,-9.13131278444875,-15.939674291799713,0.2901609140960209,0.022053102888754023,0.021946475319077646,0.649620532989502,-1.2680590611747284,-2.3852851390838623,-1.096807823782303,1.5808370113372803,-0.9056771437274378,0.6496292948722839,-1.2680666607669373,-2.385249137878418,-1.0968020421317597,1.5808424949645996,-0.9056695143329065,1,7,1,0.0
5.107819526001549,0.4439503078077381,0.12083013504585527,0.24370452013099242,3.1226400493702546,-0.02462524369244398,-0.05348264152184094,0.4439401565633589,0.12080570325978836,0.24369031278190795,3.1226108305914533,-0.024715019233596,-0.053548458762666874,0.0,0.0,0.0,0.0,0.0,0.0,-0.8252111184389589,-9.363835248182985,-15.817165369355296,0.2920695346747589,0.020993514813872658,0.0108211118757593,0.6496627330780029,-1.2680667501739045,-2.3852317333221436,-1.0967689913562317,1.5808383226394653,-0.9056933561908167,0.6496292948722839,-1.2680666607669373,-2.385249137878418,-1.0968020421317597,1.5808424949645996,-0.9056695143329065,1,7,1,0.0
5.115810941999371,0.4439278422822342,0.1207867363739743,0.2436555977743926,3.122539396791878,-0.024780403458113165,-0.05361144217799518,0.4439401565633589,0.12080570325978836,0.24369031278190795,3.1226108305914533,-0.024715019233596,-0.053548458762666874,0.0,0.0,0.0,0.0,0.0,0.0,-0.1476519197095008,-9.564537559544437,-15.96296725068736,0.29801749854143705,0.0325942319384718,0.019295954145487623,0.6496278047561646,-1.2680914562991639,-2.385286331176758,-1.096815125351288,1.5808131694793701,-0.9056285063373011,0.6496292948722839,-1.2680666607669373,-2.385249137878418,-1.0968020421317597,1.5808424949645996,-0.9056695143329065,1,7,1,0.0
5.1238303589998395,0.44393236671417274,0.12078106669946816,0.24367012419181155,3.1226122040586186,-0.02479399904172475,-0.05359511140380492,0.4439401565633589,0.12080570325978836,0.24369031278190795,3.1226108305914533,-0.024715019233596,-0.053548458762666874,0.0,0.0,0.0,0.0,0.0,0.0,-0.23481047442819386,-9.337043738119334,-15.57987633989314,0.2912794525802833,0.025262644656074893,0.013974442485927963,0.6495833992958069,-1.2680710417083283,-2.385282039642334,-1.0967868131450196,1.5808621644973755,-0.9056652227984827,0.6496292948722839,-1.2680666607669373,-2.385249137878418,-1.0968020421317597,1.5808424949645996,-0.9056695143329065,1,7,1,0.0
5.131828616998973,0.44392664419515476,0.1208053079314837,0.24369337910925537,3.1225974060648736,-0.024673751847681114,-0.05362397147366819,0.4439401565633589,0.12080570325978836,0.24369031278190795,3.1226108305914533,-0.024715019233596,-0.053548458762666874,0.0,0.0,0.0,0.0,0.0,0.0,-0.7371904899510416,-9.443607697780859,-16.00928924428027,0.30350590834655866,0.01468058983965811,0.016591139857537823,0.6496368646621704,-1.2680548590472718,-2.385240316390991,-1.096868709926941,1.5808621644973755,-0.9056890646563929,0.6496292948722839,-1.2680666607669373,-2.385249137878418,-1.0968020421317597,1.5808424949645996,-0.9056695143329065,1,7,1,0.0
5.13963973600039,0.4439131739416094,0.12078715439207013,0.2436576255783246,3.122559368835819,-0.024695970418597432,-0.053574527757015024,0.4439401565633589,0.12080570325978836,0.24369031278190795,3.1226108305914533,-0.024715019233596,-0.053548458762666874,0.0,0.0,0.0,0.0,0.0,0.0,-0.11359630481079463,-9.339745270476893,-16.242905353763692,0.29415910018808034,0.03163917858974683,0.015574497663991556,0.649649441242218,-1.2680463653853913,-2.38531756401062,-1.0967987340739747,1.5808131694793701,-0.9056609312640589,0.6496292948722839,-1.2680666607669373,-2.385249137878418,-1.0968020421317597,1.5808424949645996,-0.9056695143329065,1,7,1,0.0
5.147818190998805,0.4439314238468033,0.12081854795340642,0.2436818215787971,3.122649811023063,-0.024685676295340818,-0.053580690738735885,0.4439401565633589,0.12080570325978836,0.24369031278190795,3.1226108305914533,-0.024715019233596,-0.053548458762666874,0.0,0.0,0.0,0.0,0.0,0.0,0.10211287106229217,-9.33278449458726,-15.813885005912956,0.29866809117077964,0.03161151065397076,0.021709535007849216,0.6496413350105286,-1.2680709821036835,-2.385265350341797,-1.0967734915069123,1.5808860063552856,-0.9056771437274378,0.6496292948722839,-1.2680666607669373,-2.385249137878418,-1.0968020421317597,1.5808424949645996,-0.9056695143329065,1,7,1,0.0
5.155835735000437,0.44394998995287904,0.12080123269694586,0.24368842599929535,3.1225795136716146,-0.02476570366608257,-0.05349380899915053,0.4439401565633589,0.12080570325978836,0.24369031278190795,3.1226108305914533,-0.024715019233596,-0.053548458762666874,0.0,0.0,0.0,0.0,0.0,0.0,-0.18472854246465548,-9.146300421657045,-16.20880772008665,0.2902897141215237,0.02949993409511174,0.01560680859744639,0.649632453918457,-1.268075243835785,-2.385249137878418,-1.0967853528312226,1.5807968378067017,-0.9056327978717249,0.6496292948722839,-1.2680666607669373,-2.385249137878418,-1.0968020421317597,1.5808424949645996,-0.9056695143329065,1,7,1,0.0
5.163820759000373,0.4439214889622076,0.12077287297907202,0.24366432227964024,3.122580758111501,-0.024731090998281788,-0.05360641278326884,0.4439401565633589,0.12080570325978836,0.24369031278190795,3.1226108305914533,-0.024715019233596,-0.053548458762666874,0.0,0.0,0.0,0.0,0.0,0.0,-0.7656913809509218,-9.267025021297155,-15.88185207636976,0.2988778909420539,0.012701838660055215,0.010300419680847073,0.6495952010154724,-1.2680548292449494,-2.385298252105713,-1.0968122643283387,1.5808414220809937,-0.9056933561908167,0.6496292948722839,-1.2680666607669373,-2.385249137878418,-1.0968020421317597,1.5808424949645996,-0.9056695143329065,1,7,1,0.0
5.171815790999972,0.4439055673602276,0.1207904794453528,0.24365415702117066,3.1225879469963376,-0.02473666154439454,-0.05366930448400451,0.4439401565633589,0.12080570325978836,0.24369031278190795,3.1226108305914533,-0.024715019233596,-0.053548458762666874,0.0,0.0,0.0,0.0,0.0,0.0,-0.8942784694440733,-9.564430720722967,-15.847032123032854,0.29738691703670594,0.0151007963455602,0.012130506456399065,0.649632453918457,-1.2680590909770508,-2.385310173034668,-1.0968225759318848,1.5808740854263306,-0.9056533018695276,0.6496292948722839,-1.2680666607669373,-2.385249137878418,-1.0968020421317597,1.5808424949645996,-0.9056695143329065,1,7,1,0.0
5.1795727079988865,0.4439149040441832,0.12078010992759326,0.24365137981735818,3.1225558569370677,-0.02474873133345876,-0.05364050743352391,0.4439401565633589,0.12080570325978836,0.24369031278190795,3.1226108305914533,-0.024715019233596,-0.053548458762666874,0.0,0.0,0.0,0.0,0.0,0.0,-0.5396453794499815,-9.394191684586174,-15.923838311346623,0.30051554111044576,0.02355537830944722,0.014473428362553473,0.649620532989502,-1.268071011906006,-2.3853068351745605,-1.0968195658973237,1.5808370113372803,-0.9056566397296351,0.6496292948722839,-1.2680666607669373,-2.385249137878418,-1.0968020421317597,1.5808424949645996,-0.9056695143329065,1,7,1,0.0
5.187640045998705,0.4439299604358394,0.12078960868851069,0.24368317160472305,3.122593229218073,-0.024786187051484745,-0.05357012502025543,0.4439401565633589,0.12080570325978836,0.24369031278190795,3.1226108305914533,-0.024715019233596,-0.053548458762666874,2.5010488342488346e-08,1.916669893682704e-08,-2.1368893573526944e-07,-3.030262341306954e-07,3.989294697332786e-07,3.15069879403178e-10,-0.4125667333737594,-9.566664439688488,-15.770912008685933,0.2961112230345932,0.026185875338173778,0.02093557664518658,0.6496161222457886,-1.2680505973151703,-2.3852689266204834,-1.0968195658973237,1.5808383226394653,-0.9056370894061487,0.6496292948722839,-1.2680666607669373,-2.385249137878418,-1.0968020421317597,1.5808424949645996,-0.9056695143329065,1,7,1,0.0
5.1958153150008,0.4439389827894967,0.12079106048923709,0.24369392760144065,3.122621271397386,-0.024807678666443185,-0.053564864516972545,0.4439401565633589,0.12080570325978836,0.24369031278190795,3.1226108305914533,-0.024715019233596,-0.053548458762666874,7.517630604550836e-11,5.760851862509468e-11,-6.422014921951882e-10,-9.106376803561644e-10,1.1988930006972375e-09,9.468567303652512e-13,-0.9715678715620165,-9.52118049476968,-15.643646513036389,0.2968150907470494,0.017214812016375754,0.008063464851455284,0.6495951414108276,-1.2680548590472718,-2.385249137878418,-1.0968150955489655,1.580857753753662,-0.90564471880068,0.6496292948722839,-1.2680666607669373,-2.385249137878418,-1.0968020421317597,1.5808424949645996,-0.9056695143329065,1,7,1,0.0
5.2038098859993625,0.4439234024981649,0.12080161456352863,0.24366659592521495,3.122626072566939,-0.02478454934496894,-0.05359394475570902,0.4439401565633589,0.12080570325978836,0.24369031278190795,3.1226108305914533,-0.024715019233596,-0.053548458762666874,2.258177868081428e-13,1.7305924981922243e-13,-1.9299088703100442e-12,-2.736791087646671e-12,3.602856831383377e-12,2.8455198901513526e-15,-0.5252689089276197,-9.732624132906128,-15.722102651012689,0.3003636639898638,0.021045638765367317,0.009284947461140728,0.6496278047561646,-1.2680667501739045,-2.385293960571289,-1.0967697960189362,1.5808740854263306,-0.9056270758258265,0.6496292948722839,-1.2680666607669373,-2.385249137878418,-1.0968020421317597,1.5808424949645996,-0.9056695143329065,1,7,1,0.0
5.211854119999771,0.443938426338403,0.12080422868227368,0.24370190962989463,3.1226933291640866,-0.024757584855293037,-0.05351887874825132,0.4439401565633589,0.12080570325978836,0.24369031278190795,3.1226108305914533,-0.024715019233596,-0.053548458762666874,-3.5454817849850737e-06,-2.7169690235691265e-06,3.0284384258206214e-05,4.2942648434343136e-05,-5.6535273243492e-05,-4.465034874322875e-08,-0.5422595901245891,-9.372598177776792,-15.925982667236854,0.30102531893089496,0.02135010598891941,0.005521461214016808,0.6495997309684753,-1.2680344742587586,-2.385261058807373,-1.0967564147761841,1.5808948278427124,-0.905672852193014,0.6496292948722839,-1.2680666607669373,-2.385249137878418,-1.0968020421317597,1.5808424949645996,-0.9056695143329065,1,7,1,0.0
5.2198160500011,0.4439246542572695,0.12080390452641047,0.2436826125338739,3.1226404336324296,-0.024731880404588916,-0.05357936779566588,0.4439401565633589,0.12080570325978836,0.24369031278190795,3.1226108305914533,-0.024715019233596,-0.053548458762666874,-2.8970931421162596e-06,-2.2202313260970796e-06,2.4753270915319094e-05,3.510225841293935e-05,-4.6210467595157276e-05,-3.64968181592401e-08,-0.24305161123940783,-9.548614897792676,-16.163956150401862,0.30118247941542853,0.025749719989022268,0.009818565045736884,0.6496278643608093,-1.2680471700480958,-2.38527774810791,-1.0967898231795807,1.580878496170044,-0.9056609312640589,0.6496292948722839,-1.2680666607669373,-2.385249137878418,-1.0968020421317597,1.5808424949645996,-0.9056695143329065,1,7,1,0.0
5.227862718998949,0.4439323736477318,0.12077481874060056,0.24367049895993603,3.122554629858617,-0.024802594276068585,-0.053654800574567084,0.4439401565633589,0.12080570325978836,0.24369031278190795,3.1226108305914533,-0.024715019233596,-0.053548458762666874,-1.2316409579882563e-08,-9.438013574701585e-09,1.0524936403017661e-07,1.492452002783835e-07,-1.964924050934839e-07,-1.5518357083095709e-10,-0.4745373205718856,-9.257932530829756,-15.767285111706999,0.301021785377868,0.0285139785797973,0.010385710918458184,0.6495833992958069,-1.26808716476474,-2.38525652885437,-1.0968614381602784,1.5808414220809937,-0.9056595007525843,0.6496292948722839,-1.2680666607669373,-2.385249137878418,-1.0968020421317597,1.5808424949645996,-0.9056695143329065,1,7,1,0.0
5.235823056998925,0.44394104420650143,0.1207953144676571,0.2436928172673905,3.122570979290614,-0.024722130799224976,-0.05351982780976157,0.4439401565633589,0.12080570325978836,0.24369031278190795,3.1226108305914533,-0.024715019233596,-0.053548458762666874,-3.702540363853241e-11,-2.8375213538810083e-11,3.1630635350899305e-10,4.485447841343619e-10,-5.904824263235495e-10,-4.663619736872567e-13,-0.47467378989788594,-9.098588939773098,-16.128085898436424,0.2898734397532012,0.01830409200364384,0.014875204642697168,0.649632453918457,-1.2680548888495942,-2.385249137878418,-1.0968242150596161,1.58079993724823,-0.9056609312640589,0.6496292948722839,-1.2680666607669373,-2.385249137878418,-1.0968020421317597,1.5808424949645996,-0.9056695143329065,1,7,1,0.0
5.243882548998954,0.4439472124224711,0.12078258436584458,0.24368041706130605,3.122578144288932,-0.024722277534103478,-0.05358366899491058,0.4439401565633589,0.12080570325978836,0.24369031278190795,3.1226108305914533,-0.024715019233596,-0.053548458762666874,-1.1125193610510939e-13,-8.525180753459181e-14,9.505852641737048e-13,1.3478921910763484e-12,-1.774600308333521e-12,-1.401523954647984e-15,-0.4240491971052856,-9.445702344988762,-15.775439578156293,0.2999526875601048,0.024203199405834836,0.014053562674856395,0.6495833992958069,-1.268091396694519,-2.385244846343994,-1.0968195658973237,1.5808295011520386,-0.905710522328512,0.6496292948722839,-1.2680666607669373,-2.385249137878418,-1.0968020421317597,1.5808424949645996,-0.9056695143329065,1,7,1,0.0
5.251838819000113,0.4439506740063285,0.12082023960557356,0.24370725835487614,3.122623503874718,-0.02468434414015471,-0.05352479673105621,0.4439401565633589,0.12080570325978836,0.24369031278190795,3.1226108305914533,-0.024715019233596,-0.053548458762666874,-3.3446559124319405e-16,-2.563291998072169e-16,2.8568288260907486e-15,4.051031249451063e-15,-5.332842432301616e-15,-4.21189791549599e-18,-0.7618030975782696,-9.565649196559002,-16.219705795804174,0.30173961677092054,0.009927696484807926,0.01164505784203816,0.6496413350105286,-1.2680709821036835,-2.38521671295166,-1.0968106848052521,1.5808427333831787,-0.9056771437274378,0.6496292948722839,-1.2680666607669373,-2.385249137878418,-1.0968020421317597,1.5808424949645996,-0.9056695143329065,1,7,1,0.0
5.259846836001088,0.44392673884779,0.1208099839437921,0.24370010761184657,3.122618417829097,-0.024690342821760917,-0.053510564344594044,0.4439401565633589,0.12080570325978836,0.24369031278190795,3.1226108305914533,-0.024715019233596,-0.053548458762666874,-1.005015751537755e-18,-7.702603389194958e-19,8.584845022591901e-18,1.217459111073411e-17,-1.6026166381016572e-17,-1.2657714043384322e-20,-0.7741194361607495,-9.42360962847189,-16.085703172377894,0.29702227888425536,0.019237974673035237,0.016841014090663034,0.6496611833572388,-1.268018291597702,-2.385265350341797,-1.0968106550029297,1.580833911895752,-0.9056533018695276,0.6496292948722839,-1.2680666607669373,-2.385249137878418,-1.0968020421317597,1.5808424949645996,-0.9056695143329065,1,7,1,0.0
5.267624741998588,0.44390929140944435,0.12079224893124504,0.24367092550348152,3.1225913996270167,-0.024666349235386978,-0.05361697359581674,0.4439401565633589,0.12080570325978836,0.24369031278190795,3.1226108305914533,-0.024715019233596,-0.053548458762666874,-3.0189412986038844e-21,-2.313678825334185e-21,2.5798126103062123e-20,3.658645446113871e-20,-4.816299474961338e-20,-3.803930451070706e-23,-0.4866875477785041,-9.267606373300795,-15.924199384260795,0.2977152890117287,0.014334012767806402,0.011462836436926726,0.6496413350105286,-1.2680344146541138,-2.385298252105713,-1.0968314868262787,1.5808546543121338,-0.9056890646563929,0.6496292948722839,-1.2680666607669373,-2.385249137878418,-1.0968020421317597,1.5808424949645996,-0.9056695143329065,1,7,1,0.0
5.275843401999737,0.4439367878594967,0.12080064761187329,0.2436762481539608,3.1226032637256265,-0.024753979264503248,-0.05360026405694807,0.4439401565633589,0.12080570325978836,0.24369031278190795,3.1226108305914533,-0.024715019233596,-0.053548458762666874,-9.073548930431969e-24,-6.953490515331837e-24,7.75349314050157e-23,1.0994697014331346e-22,-1.4474352896830488e-22,-1.1431676443188052e-25,-0.5813004354016323,-9.380937881581742,-15.829965164830332,0.2973311729473022,0.01040785099254006,0.012105786666678506,0.6496161222457886,-1.2680871349624177,-2.3852577209472656,-1.0968032044223328,1.580857753753662,-0.9056580702411097,0.6496292948722839,-1.2680666607669373,-2.385249137878418,-1.0968020421317597,1.5808424949645996,-0.9056695143329065,1,7,1,0.0
5.283821201999672,0.4439490520969411,0.12079504102748585,0.2436932645479695,3.122631958846193,-0.024770379734608144,-0.05353554019651242,0.4439401565633589,0.12080570325978836,0.24369031278190795,3.1226108305914533,-0.024715019233596,-0.053548458762666874,-2.727600787801001e-26,-2.090175018762151e-26,2.330159621446098e-25,3.304045528640965e-25,-4.349955978662356e-25,-3.435478485116325e-28,-0.6383616347427419,-9.064933360116832,-15.921292642062388,0.29418138522312753,0.011519451326090798,0.02198342300249282,0.6495906710624695,-1.268071011906006,-2.385244846343994,-1.0967823427966614,1.5808533430099487,-0.905672852193014,0.6496292948722839,-1.2680666607669373,-2.385249137878418,-1.0968020421317597,1.5808424949645996,-0.9056695143329065,1,7,1,0.0
5.291867470001307,0.44394923334955533,0.12080047955827435,0.24368699824654494,3.1225952398408166,-0.024766412893873137,-0.0535156886243408,0.4439401565633589,0.12080570325978836,0.24369031278190795,3.1226108305914533,-0.024715019233596,-0.053548458762666874,-8.196054452075676e-29,-6.281073983902981e-29,7.002631217345623e-28,9.929798221086218e-28,-1.3072309982206485e-27,-1.032439376237219e-30,-0.8496514374092196,-9.334521859883813,-15.806870181260699,0.2984287756700631,0.014045824986444522,0.012300180878889708,0.649620532989502,-1.2680794459632416,-2.385249137878418,-1.0967823427966614,1.5808175802230835,-0.90564471880068,0.6496292948722839,-1.2680666607669373,-2.385249137878418,-1.0968020421317597,1.5808424949645996,-0.9056695143329065,1,7,1,0.0
5.299628345001111,0.44392996978997445,0.12078232948894045,0.24366531034123587,3.1225610672650377,-0.02471292119287124,-0.0536370317537777,0.4439401565633589,0.12080570325978836,0.24369031278190795,3.1226108305914533,-0.024715019233596,-0.053548458762666874,-2.4622831866850984e-31,-1.8869135185607858e-31,2.1043355390875945e-30,2.9840596702130783e-30,-3.928580415820031e-30,-3.102715328447005e-33,-0.554670384635905,-9.883140063268797,-15.940772077050037,0.3109383209611213,0.018090537976619497,0.009125496170748655,0.6496025323867798,-1.2680871945670624,-2.3852696418762207,-1.0968359869769593,1.5808383226394653,-0.9056976477252405,0.6496292948722839,-1.2680666607669373,-2.385249137878418,-1.0968020421317597,1.5808424949645996,-0.9056695143329065,1,7,1,0.0
5.307474549001199,0.4439199930348304,0.12078158952978173,0.2436607166515686,3.1225643596038264,-0.02478103619579041,-0.05362299643862343,0.4439401565633589,0.12080570325978836,0.24369031278190795,3.1226108305914533,-0.024715019233596,-0.053548458762666874,-7.399101948277656e-34,-5.670291194145453e-34,6.323847385065636e-33,8.967936999384886e-33,-1.1806155347352603e-32,-9.324364468681765e-36,-0.3944003268292595,-9.573715475627953,-15.756387163287286,0.29476095729610646,0.032231506008015054,0.018206526199107266,0.6496160626411438,-1.268066720371582,-2.385293960571289,-1.0968225759318848,1.5808370113372803,-0.9056404272662562,0.6496292948722839,-1.2680666607669373,-2.385249137878418,-1.0968020421317597,1.5808424949645996,-0.9056695143329065,1,7,1,0.0
5.315842077998241,0.4439331081748588,0.12081809569223166,0.24367834731042956,3.1226036436471,-0.024653309941410694,-0.05360053577336978,0.4439401565633589,0.12080570325978836,0.24369031278190795,3.1226108305914533,-0.024715019233596,-0.053548458762666874,-2.2241588148968498e-36,-1.704611247731139e-36,1.9005757623854726e-35,2.6952032292843016e-35,-3.5479160710791273e-35,-2.8021834998869395e-38,-0.18639425032007084,-9.217683820220978,-15.92310782990918,0.2937375351446882,0.024353149711343794,0.01600999640410416,0.6496539115905762,-1.2680871349624177,-2.385253429412842,-1.0968078535846253,1.580857753753662,-0.905684773121969,0.6496292948722839,-1.2680666607669373,-2.385249137878418,-1.0968020421317597,1.5808424949645996,-0.9056695143329065,1,7,1,0.0
5.323846477000188,0.44393736672911244,0.1208000356608936,0.2436909389389189,3.1226225258108693,-0.024702880403341558,-0.05351648418816258,0.4439401565633589,0.12080570325978836,0.24369031278190795,3.1226108305914533,-0.024715019233596,-0.053548458762666874,-6.685594877725087e-39,-5.12357168633848e-39,5.711628835475421e-38,8.099391272905683e-38,-1.066252993318574e-37,-8.421199581282477e-41,-1.0452135991965656,-9.380747375612438,-15.708505210567822,0.28896449607067837,0.009705475603708259,0.01242032305065618,0.6496250033378601,-1.2680471402457734,-2.385265350341797,-1.0967823427966614,1.5808383226394653,-0.9056814352618616,0.6496292948722839,-1.2680666607669373,-2.385249137878418,-1.0968020421317597,1.5808424949645996,-0.9056695143329065,1,7,1,0.0
5.331852669998625,0.4439231672626652,0.12080207256930062,0.24367221947092496,3.1225992939865685,-0.024742264735781165,-0.053535122445645615,0.4439401565633589,0.12080570325978836,0.24369031278190795,3.1226108305914533,-0.024715019233596,-0.053548458762666874,-2.008526986504549e-41,-1.5393502326716261e-41,1.7164118404547614e-40,2.4341411679085037e-40,-3.204258764260675e-40,-2.5307591438735375e-43,-0.3083973739769368,-9.328723189180252,-15.886766542497282,0.2953052692269518,0.029164164557139608,0.018216809229479512,0.6496539115905762,-1.268046335583069,-2.385298252105713,-1.0967734319022675,1.5808295011520386,-0.9056270758258265,0.6496292948722839,-1.2680666607669373,-2.385249137878418,-1.0968020421317597,1.5808424949645996,-0.9056695143329065,1,7,1,0.0
5.339666815001692,0.44393327555576106,0.12081436419756118,0.2436857505351341,3.1226251545504025,-0.02471779291392339,-0.05360110296244032,0.4439401565633589,0.12080570325978836,0.24369031278190795,3.1226108305914533,-0.024715019233596,-0.053548458762666874,-6.037592901315155e-44,-4.627086341228677e-44,5.158543644511036e-43,7.315143780991518e-43,-9.629861829715309e-43,-7.605673287236603e-46,-0.9911922137591413,-9.198691002619523,-15.741265945752454,0.2900810800162103,0.016427443711147034,0.022703168053566775,0.6496368646621704,-1.268075243835785,-2.385249137878418,-1.0968106550029297,1.5808753967285156,-0.9056609312640589,0.6496292948722839,-1.2680666607669373,-2.385249137878418,-1.0968020421317597,1.5808424949645996,-0.9056695143329065,1,7,1,0.0
5.347641238000506,0.4439625753302344,0.12080323877942667,0.24368712299567097,3.1225658538255905,-0.024650946523202842,-0.05348393357662228,0.4439401565633589,0.12080570325978836,0.24369031278190795,3.1226108305914533,-0.024715019233596,-0.053548458762666874,-2.098876313763797e-46,-1.6085055095513725e-46,1.793312849441712e-45,2.542893349379469e-45,-3.347599572596233e-45,-2.6439188715770346e-48,-0.6224246557884082,-9.336644364578614,-15.68911923808601,0.2890607055157045,0.01489313575845968,0.01005299186812058,0.6496278047561646,-1.2681033176234742,-2.385232925415039,-1.0967778724483033,1.580779790878296,-0.905710522328512,0.6496292948722839,-1.2680666607669373,-2.385249137878418,-1.0968020421317597,1.5808424949645996,-0.9056695143329065,1,7,1,0.0
5.356018714999664,0.4439174372145732,0.12078858216040285,0.24366270193297973,3.122581994736767,-0.024700423438758674,-0.05361322737271144,0.4439401565633589,0.12080570325978836,0.24369031278190795,3.1226108305914533,-0.024715019233596,-0.053548458762666874,0.0,0.0,0.0,0.0,0.0,0.0,-0.28584313952974594,-9.273939921086516,-15.867891570941072,0.2912881924474617,0.03366297105553039,0.007085227710635947,0.6496278047561646,-1.2680590611747284,-2.385298252105713,-1.0968106550029297,1.580845832824707,-0.9056804815875452,0.6496292948722839,-1.2680666607669373,-2.385249137878418,-1.0968020421317597,1.5808424949645996,-0.9056695143329065,1,7,1,0.0
5.363816198001587,0.44392351363463434,0.12080550532559398,0.24367963422418676,3.122611802818958,-0.02467258147471741,-0.053576903603973554,0.4439401565633589,0.12080570325978836,0.24369031278190795,3.1226108305914533,-0.024715019233596,-0.053548458762666874,0.0,0.0,0.0,0.0,0.0,0.0,-1.0620200866897573,-9.224022494576035,-15.965960705333986,0.2905509677543309,0.008482045385663274,0.009387716157249912,0.6496458053588867,-1.2680505973151703,-2.38527774810791,-1.0968032044223328,1.5808546543121338,-0.9056804815875452,0.6496292948722839,-1.2680666607669373,-2.385249137878418,-1.0968020421317597,1.5808424949645996,-0.9056695143329065,1,7,1,0.0
5.372125268000673,0.44393477604256176,0.12083320575892216,0.24368926287416465,3.1226398623323304,-0.024643967378150666,-0.05355071645070625,0.4439401565633589,0.12080570325978836,0.24369031278190795,3.1226108305914533,-0.024715019233596,-0.053548458762666874,0.0,0.0,0.0,0.0,0.0,0.0,-0.5633846228444991,-9.429035661394076,-15.938918690815708,0.2864761127939853,0.029629527501724786,0.00768572485486088,0.6496747732162476,-1.2680710417083283,-2.3852522373199463,-1.0967779022506257,1.5808665752410889,-0.9056699911700647,0.6496292948722839,-1.2680666607669373,-2.385249137878418,-1.0968020421317597,1.5808424949645996,-0.9056695143329065,1,7,1,0.0
5.379654239000956,0.44392981564161377,0.12080424756646195,0.24368843439272458,3.1226492354400093,-0.024733683827475685,-0.05353286641051025,0.4439401565633589,0.12080570325978836,0.24369031278190795,3.1226108305914533,-0.024715019233596,-0.053548458762666874,0.0,0.0,0.0,0.0,0.0,0.0,-0.5381733107415303,-9.331537688554773,-15.706747112375231,0.29430915246550515,0.02121100103552683,0.02297009789823527,0.6496278047561646,-1.2680386763862153,-2.38527774810791,-1.0967697662166138,1.5808665752410889,-0.9056595007525843,0.6496292948722839,-1.2680666607669373,-2.385249137878418,-1.0968020421317597,1.5808424949645996,-0.9056695143329065,1,7,1,0.0
5.387821092001104,0.44393543779343364,0.12080815545330771,0.24369346928534774,3.122642690346423,-0.024736769586976338,-0.053575492735362114,0.4439401565633589,0.12080570325978836,0.24369031278190795,3.1226108305914533,-0.024715019233596,-0.053548458762666874,0.0,0.0,0.0,0.0,0.0,0.0,-0.529125295874048,-9.385889949242461,-15.761364885443244,0.293345979837604,0.02539309412226087,0.02100506593415321,0.6496204733848572,-1.2680590909770508,-2.385249137878418,-1.0968032044223328,1.580878496170044,-0.9056652227984827,0.6496292948722839,-1.2680666607669373,-2.385249137878418,-1.0968020421317597,1.5808424949645996,-0.9056695143329065,1,7,1,0.0
5.396098280998558,0.443957918978876,0.120818120165214,0.24372640673468426,3.1226563945276085,-0.024698655986667914,-0.05345852790851231,0.4439401565633589,0.12080570325978836,0.24369031278190795,3.1226108305914533,-0.024715019233596,-0.053548458762666874,0.0,0.0,0.0,0.0,0.0,0.0,-0.7614737177233686,-9.487972499246126,-15.857555905991644,0.2996881258599651,0.022412034815890883,0.022606436550526923,0.6496278047561646,-1.2680429381183167,-2.3852078914642334,-1.0967942637256165,1.5808414220809937,-0.9056814352618616,0.6496292948722839,-1.2680666607669373,-2.385249137878418,-1.0968020421317597,1.5808424949645996,-0.9056695143329065,1,7,1,0.0
5.403817467999033,0.44392514586414694,0.1207982831714325,0.24366487325646452,3.1225917784202535,-0.024762434985894706,-0.0536019902904174,0.4439401565633589,0.12080570325978836,0.24369031278190795,3.1226108305914533,-0.024715019233596,-0.053548458762666874,0.0,0.0,0.0,0.0,0.0,0.0,-1.0346688880999002,-9.733716716737655,-15.95367201578014,0.3080888224594444,0.009758094023348022,0.01952884787744657,0.649632453918457,-1.268075243835785,-2.385286331176758,-1.096794293527939,1.5808502435684204,-0.9056361357318323,0.6496292948722839,-1.2680666607669373,-2.385249137878418,-1.0968020421317597,1.5808424949645996,-0.9056695143329065,1,7,1,0.0
5.411861622000288,0.44395657956713963,0.12080965061097805,0.24368702567392964,3.122596156028069,-0.02480627075351621,-0.0535415811895396,0.4439401565633589,0.12080570325978836,0.24369031278190795,3.1226108305914533,-0.024715019233596,-0.053548458762666874,0.0,0.0,0.0,0.0,0.0,0.0,-0.5622703453938911,-9.214398603849467,-16.05317978861813,0.2885251885062057,0.025574931039144398,0.016940126385267686,0.649620532989502,-1.2681075495532532,-2.3852286338806152,-1.0967867535403748,1.5808295011520386,-0.9056194464312952,0.6496292948722839,-1.2680666607669373,-2.385249137878418,-1.0968020421317597,1.5808424949645996,-0.9056695143329065,1,7,1,0.0
5.420155482999689,0.4439548719354229,0.12079544154184074,0.24368956746336795,3.1226875921675,-0.024840839511598593,-0.053519013959545274,0.4439401565633589,0.12080570325978836,0.24369031278190795,3.1226108305914533,-0.024715019233596,-0.053548458762666874,0.0,0.0,0.0,0.0,0.0,0.0,-0.5575653137505826,-9.536173694870172,-15.995164065273318,0.29900472453769006,0.015294730873995122,0.00890095784567399,0.6495623588562012,-1.2680795055678864,-2.38525652885437,-1.096719191675522,1.580890417098999,-0.9056566397296351,0.6496292948722839,-1.2680666607669373,-2.385249137878418,-1.0968020421317597,1.5808424949645996,-0.9056695143329065,1,7,1,0.0
5.427902300998539,0.4439438233029767,0.12081484843427405,0.24368559092539585,3.1226501519752654,-0.024771307398677198,-0.05358181015466841,0.4439401565633589,0.12080570325978836,0.24369031278190795,3.1226108305914533,-0.024715019233596,-0.053548458762666874,0.0,0.0,0.0,0.0,0.0,0.0,-0.949530011424377,-9.316703794035835,-15.922672919025455,0.30111667669427744,0.012815661712960152,0.023203708785892015,0.6496160626411438,-1.2680914264968415,-2.385244846343994,-1.09677346170459,1.5808873176574707,-0.9056475798236292,0.6496292948722839,-1.2680666607669373,-2.385249137878418,-1.0968020421317597,1.5808424949645996,-0.9056695143329065,1,7,1,0.0
5.436247778998222,0.4439397487850419,0.12080678635044638,0.2436824655637142,3.122584160302987,-0.024648888019701085,-0.053540045186658926,0.4439401565633589,0.12080570325978836,0.24369031278190795,3.1226108305914533,-0.024715019233596,-0.053548458762666874,0.0,0.0,0.0,0.0,0.0,0.0,-0.6578383939091517,-9.538639663159511,-15.993472492358606,0.29645454748298833,0.019103997785381976,0.019966006001200666,0.6496458053588867,-1.2680752736381073,-2.38525652885437,-1.0967987340739747,1.5808175802230835,-0.9056947867022913,0.6496292948722839,-1.2680666607669373,-2.385249137878418,-1.0968020421317597,1.5808424949645996,-0.9056695143329065,1,7,1,0.0
5.44363133799925,0.4439228366431395,0.12078511811652558,0.24366618759918623,3.122546000785512,-0.024626747747634604,-0.05358265621472032,0.4439401565633589,0.12080570325978836,0.24369031278190795,3.1226108305914533,-0.024715019233596,-0.053548458762666874,0.0,0.0,0.0,0.0,0.0,0.0,-0.9883179748682195,-9.215066977788094,-15.957072604858698,0.29312868524696106,0.005298945923205854,0.014795669981317627,0.6496369242668152,-1.2680590909770508,-2.385289430618286,-1.0968270164779206,1.5808042287826538,-0.9057176748858851,0.6496292948722839,-1.2680666607669373,-2.385249137878418,-1.0968020421317597,1.5808424949645996,-0.9056695143329065,1,7,1,0.0
5.4516779459991085,0.44393308271872833,0.1208152082515813,0.24368556570426494,3.122622498265274,-0.02469254615908279,-0.05361532482593887,0.4439401565633589,0.12080570325978836,0.24369031278190795,3.1226108305914533,-0.024715019233596,-0.053548458762666874,0.0,0.0,0.0,0.0,0.0,0.0,-0.5823467884397227,-9.05138376431557,-15.782585862743947,0.2870726497139699,0.021730623618397702,0.013274870128563912,0.6496369242668152,-1.2680795055678864,-2.385244846343994,-1.0968195658973237,1.5808786153793335,-0.9056771437274378,0.6496292948722839,-1.2680666607669373,-2.385249137878418,-1.0968020421317597,1.5808424949645996,-0.9056695143329065,1,7,1,0.0
5.459634527000162,0.4439487599659961,0.12079374052079084,0.2436938964104525,3.122580600250825,-0.024735876330124938,-0.0535130863914707,0.4439401565633589,0.12080570325978836,0.24369031278190795,3.1226108305914533,-0.024715019233596,-0.053548458762666874,0.0,0.0,0.0,0.0,0.0,0.0,-0.7819693093319932,-9.62272270382111,-15.785229205533497,0.30262477579376157,0.017127445786884826,0.016029001041289015,0.6496160626411438,-1.2680667799762269,-2.3852415084838867,-1.0968106550029297,1.5808043479919434,-0.9056685606585901,0.6496292948722839,-1.2680666607669373,-2.385249137878418,-1.0968020421317597,1.5808424949645996,-0.9056695143329065,1,7,1,0.0
5.467611035001028,0.4439293250454381,0.12080491332809813,0.24369171383832397,3.122604486499735,-0.02476042892210883,-0.05356564392788413,0.4439401565633589,0.12080570325978836,0.24369031278190795,3.1226108305914533,-0.024715019233596,-0.053548458762666874,0.0,0.0,0.0,0.0,0.0,0.0,-0.7019970485201581,-9.347604245018195,-15.629629834457923,0.2877314954562522,0.015209014842610486,0.015613871579802829,0.6496413946151733,-1.2680463653853913,-2.38525652885437,-1.0968270164779206,1.580845832824707,-0.9056285063373011,0.6496292948722839,-1.2680666607669373,-2.385249137878418,-1.0968020421317597,1.5808424949645996,-0.9056695143329065,1,7,1,0.0
5.475726812001085,0.4439413898796299,0.12081651477845351,0.24368580023713005,3.122624347607201,-0.024677254403796502,-0.05353079252308767,0.4439401565633589,0.12080570325978836,0.24369031278190795,3.1226108305914533,-0.024715019233596,-0.053548458762666874,0.0,0.0,0.0,0.0,0.0,0.0,-0.14893336250509503,-9.648283481264217,-15.910058870323331,0.29527027311636983,0.034808125201690694,0.019600584559143534,0.6496458053588867,-1.268075243835785,-2.38525652885437,-1.096769080763199,1.580845832824707,-0.9056771437274378,0.6496292948722839,-1.2680666607669373,-2.385249137878418,-1.0968020421317597,1.5808424949645996,-0.9056695143329065,1,7,1,0.0
5.484255481998844,0.44393786658373974,0.12082562691517963,0.24368241806840374,3.1226026742834865,-0.024601009756277936,-0.05356297021956081,0.4439401565633589,0.12080570325978836,0.24369031278190795,3.1226108305914533,-0.024715019233596,-0.053548458762666874,0.0,0.0,0.0,0.0,0.0,0.0,-0.40699291077617755,-9.39021563555879,-15.76501180955143,0.2927845963649448,0.025438210842426735,0.008595896620448533,0.6496703028678894,-1.26808716476474,-2.385249137878418,-1.0967943233302613,1.5808414220809937,-0.9057014624225062,0.6496292948722839,-1.2680666607669373,-2.385249137878418,-1.0968020421317597,1.5808424949645996,-0.9056695143329065,1,7,1,0.0
5.491981552000652,0.44393652258722927,0.1208056646030454,0.24369125823404103,3.1226240741664517,-0.024769600074400946,-0.053528269290549886,0.4439401565633589,0.12080570325978836,0.24369031278190795,3.1226108305914533,-0.024715019233596,-0.053548458762666874,-3.337141877903902e-08,1.2263325279694937e-07,0.0,0.0,0.0,2.7624051313068776e-07,-1.1161108235402155,-9.74527448374195,-15.910216650634469,0.30982846686748966,0.013364186404751734,0.011128363343490044,0.6496325135231018,-1.2680514019778748,-2.385261058807373,-1.0967867535403748,1.580845832824707,-0.9056313673602503,0.6496292948722839,-1.2680666607669373,-2.385249137878418,-1.0968020421317597,1.5808424949645996,-0.9056695143329065,1,7,1,0.0
5.499792188998981,0.44392594797281976,0.1208062870700363,0.24368469872683263,3.1226225713373936,-0.02473552477131404,-0.05356450880442272,0.4439401565633589,0.12080570325978836,0.24369031278190795,3.1226108305914533,-0.024715019233596,-0.053548458762666874,-1.0028920402463864e-10,3.685319783254875e-10,0.0,0.0,0.0,8.301654363940258e-10,-0.4058910777027698,-9.02309901825646,-15.990740808414593,0.2795124867602488,0.03511642116273232,0.014452329024790647,0.6496413350105286,-1.2680463653853913,-2.3852732181549072,-1.0967987340739747,1.5808590650558472,-0.90564471880068,0.6496292948722839,-1.2680666607669373,-2.385249137878418,-1.0968020421317597,1.5808424949645996,-0.9056695143329065,1,7,1,0.0
5.507845240001188,0.4439212180704909,0.12079700471393609,0.24368880143390842,3.1225885463843874,-0.02466018701825086,-0.053571231484487454,0.4439401565633589,0.12080570325978836,0.24369031278190795,3.1226108305914533,-0.024715019233596,-0.053548458762666874,-3.0136870820829564e-13,1.1075106071791744e-12,0.0,0.0,0.0,2.4948359350629445e-12,-0.45245396352334744,-9.417558612106223,-15.973753258880274,0.2937971603272327,0.024038261556700916,0.013736698911739852,0.6496448516845703,-1.2680301827243348,-2.3852696418762207,-1.0968434077552338,1.580833911895752,-0.9056890646563929,0.6496292948722839,-1.2680666607669373,-2.385249137878418,-1.0968020421317597,1.5808424949645996,-0.9056695143329065,1,7,1,0.0
5.515799575998244,0.44394093721779876,0.12081550952090932,0.24366059878833307,3.122571678689648,-0.024696532941981042,-0.05360976682223381,0.4439401565633589,0.12080570325978836,0.24369031278190795,3.1226108305914533,-0.024715019233596,-0.053548458762666874,-9.058203535041284e-16,3.3284694844247996e-15,0.0,0.0,0.0,7.497550249104066e-15,-0.8872313868512642,-9.427569438419411,-15.86879601509355,0.29840522154347077,0.013650052770706153,0.008766455780019783,0.6496495008468628,-1.2681279939464112,-2.3852577209472656,-1.0967868131450196,1.5808370113372803,-0.9056609312640589,0.6496292948722839,-1.2680666607669373,-2.385249137878418,-1.0968020421317597,1.5808424949645996,-0.9056695143329065,1,7,1,0.0
5.523821218001103,0.44390638390278175,0.12081163754305006,0.24365664847238527,3.122596714676324,-0.024672906965924283,-0.05367389924215545,0.4439401565633589,0.12080570325978836,0.24369031278190795,3.1226108305914533,-0.024715019233596,-0.053548458762666874,-2.722108773123897e-18,1.0002028667452495e-17,0.0,0.0,0.0,2.2531842366211613e-17,-0.10106154459325778,-9.444671948735746,-15.545041290789351,0.2953883930390634,0.040787462383711344,0.008456915642854662,0.6496658325195312,-1.2680710715106507,-2.385298252105713,-1.096819595699646,1.5808829069137573,-0.9056609312640589,0.6496292948722839,-1.2680666607669373,-2.385249137878418,-1.0968020421317597,1.5808424949645996,-0.9056695143329065,1,7,1,0.0
5.531670157000917,0.44392423265680786,0.12079274049468772,0.2436612285222306,3.122599869879748,-0.0246402704968959,-0.053592794169102405,0.4439401565633589,0.12080570325978836,0.24369031278190795,3.1226108305914533,-0.024715019233596,-0.053548458762666874,-8.179276903296578e-21,3.005958146253971e-20,0.0,0.0,0.0,6.771331513632055e-20,-0.08645738001061448,-9.351962318742931,-16.00209259376082,0.29189774710530164,0.02919393586510759,0.009500076303589358,0.6496233940124512,-1.268071011906006,-2.385298252105713,-1.096777932052948,1.5808502435684204,-0.9057233969317835,0.6496292948722839,-1.2680666607669373,-2.385249137878418,-1.0968020421317597,1.5808424949645996,-0.9056695143329065,1,7,1,0.0
5.539649881000514,0.4439448255067315,0.12081622991488165,0.24367928699151348,3.1226049250418577,-0.024612064993215613,-0.053530731308990775,0.4439401565633589,0.12080570325978836,0.24369031278190795,3.1226108305914533,-0.024715019233596,-0.053548458762666874,-2.4585367669283757e-23,9.034007076407377e-23,0.0,0.0,0.0,2.0349391540031354e-22,-0.20861265128462003,-9.555254051654863,-15.987273181660111,0.2967235644060339,0.027690082271143338,0.015603621081195274,0.6496495008468628,-1.2680914264968415,-2.38525652885437,-1.096765325670578,1.5808295011520386,-0.9057148138629358,0.6496292948722839,-1.2680666607669373,-2.385249137878418,-1.0968020421317597,1.5808424949645996,-0.9056695143329065,1,7,1,0.0
5.547805924001295,0.44393221715449144,0.12081254646497186,0.24368756591824475,3.1226327654732917,-0.024683050153131658,-0.0535025210240859,0.4439401565633589,0.12080570325978836,0.24369031278190795,3.1226108305914533,-0.024715019233596,-0.053548458762666874,-7.38823731711059e-26,2.714847645397009e-25,0.0,0.0,0.0,6.115455334146707e-25,-0.4963984798730871,-9.22997923935188,-15.961157004769838,0.28958509082951606,0.01564712577761719,0.012048198939406606,0.6496539115905762,-1.2680429381183167,-2.38527774810791,-1.0967608255198975,1.5808414220809937,-0.9056652227984827,0.6496292948722839,-1.2680666607669373,-2.385249137878418,-1.0968020421317597,1.5808424949645996,-0.9056695143329065,1,7,1,0.0
5.555663880000793,0.44392499291723975,0.12079551583585992,0.24365826720090777,3.122564352258817,-0.024755524235033185,-0.053633586285442285,0.4439401565633589,0.12080570325978836,0.24369031278190795,3.1226108305914533,-0.024715019233596,-0.053548458762666874,-2.220020431273423e-28,8.158602141890228e-28,0.0,0.0,0.0,1.8378334790920916e-27,-0.3830908273232484,-9.296586828613448,-16.01150849729145,0.29246882965339505,0.02776567503596192,0.014088540752882767,0.649632453918457,-1.2680914264968415,-2.385282039642334,-1.096815125351288,1.5808414220809937,-0.9056404272662562,0.6496292948722839,-1.2680666607669373,-2.385249137878418,-1.0968020421317597,1.5808424949645996,-0.9056695143329065,1,7,1,0.0
5.563815985999099,0.44395780139258156,0.12082743544231335,0.24370996326843564,3.1226531439975447,-0.02465385006710331,-0.05348756544924782,0.4439401565633589,0.12080570325978836,0.24369031278190795,3.1226108305914533,-0.024715019233596,-0.053548458762666874,-6.6734304100072e-31,2.45202712589864e-30,0.0,0.0,0.0,5.523108543666224e-30,-0.6787799102193893,-9.096967138783729,-15.83624464829686,0.2921018975888104,0.0282528888022636,0.009321223028108073,0.6496403813362122,-1.2680752736381073,-2.38521671295166,-1.0967697662166138,1.5808502435684204,-0.9056976477252405,0.6496292948722839,-1.2680666607669373,-2.385249137878418,-1.0968020421317597,1.5808424949645996,-0.9056695143329065,1,7,1,0.0
5.571812171001511,0.44394426158278905,0.12081488797799025,0.2437097199800719,3.1226505616708495,-0.02474960841335304,-0.05346953420469512,0.4439401565633589,0.12080570325978836,0.24369031278190795,3.1226108305914533,-0.024715019233596,-0.053548458762666874,-2.0053092182484383e-33,7.368673969243307e-33,0.0,0.0,0.0,1.6598196230697663e-32,-0.2950075310714523,-9.266882886528347,-16.154985550546,0.2853013607042651,0.034425310717745725,0.015319269516654539,0.6496404409408569,-1.2680344444564362,-2.385244846343994,-1.0967744451812287,1.5808427333831787,-0.9056361357318323,0.6496292948722839,-1.2680666607669373,-2.385249137878418,-1.0968020421317597,1.5808424949645996,-0.9056695143329065,1,7,1,0.0
5.57984498299993,0.44390894134122894,0.12079475341764698,0.24366624019329158,3.1225650928295177,-0.024658235893650546,-0.05363438355312076,0.4439401565633589,0.12080570325978836,0.24369031278190795,3.1226108305914533,-0.024715019233596,-0.053548458762666874,-6.025406172294134e-36,2.2142780207068516e-35,0.0,0.0,0.0,4.988135661373749e-35,-0.6190794454388354,-8.955572943481345,-16.11972659923462,0.2856847053126717,0.017427123899051915,0.01270059140013021,0.6496539115905762,-1.2680472296527405,-2.385293960571289,-1.096847878103592,1.5808414220809937,-0.9056814352618616,0.6496292948722839,-1.2680666607669373,-2.385249137878418,-1.0968020421317597,1.5808424949645996,-0.9056695143329065,1,7,1,0.0
5.587855073998071,0.44392969852127806,0.12079616275325672,0.24368543188210312,3.1225663665466725,-0.02470237471920924,-0.05353124132042465,0.4439401565633589,0.12080570325978836,0.24369031278190795,3.1226108305914533,-0.024715019233596,-0.053548458762666874,-1.8107927332939305e-38,6.654720264729792e-38,0.0,0.0,0.0,1.499048224729399e-37,-0.2751223290712179,-9.334511250795885,-16.062258584135535,0.2933394926019743,0.03749731222904475,0.017218884258234105,0.649649441242218,-1.2680429381183167,-2.3852696418762207,-1.0968242150596161,1.580801248550415,-0.9056566397296351,0.6496292948722839,-1.2680666607669373,-2.385249137878418,-1.0968020421317597,1.5808424949645996,-0.9056695143329065,1,7,1,0.0
5.595819057998597,0.44396729625629977,0.12084076622786742,0.24373699536831073,3.122654278654838,-0.02461335389286317,-0.05342265072646498,0.4439401565633589,0.12080570325978836,0.24369031278190795,3.1226108305914533,-0.024715019233596,-0.053548458762666874,-5.443850394023476e-41,2.000063071514213e-40,0.0,0.0,0.0,4.5049783810192814e-40,-0.589294218149581,-8.868876420270853,-15.570679563988534,0.27910039947317866,0.024398440165148187,0.017177119847778737,0.6496658325195312,-1.2680548590472718,-2.3851826190948486,-1.096791462307312,1.5808250904083252,-0.9056976477252405,0.6496292948722839,-1.2680666607669373,-2.385249137878418,-1.0968020421317597,1.5808424949645996,-0.9056695143329065,1,7,1,0.0
5.603828447001433,0.4439464730568156,0.12078814377171272,0.243688813937382,3.1226058506097116,-0.024788605271852046,-0.0535448811016885,0.4439401565633589,0.12080570325978836,0.24369031278190795,3.1226108305914533,-0.024715019233596,-0.053548458762666874,-2.7698062573558017e-07,1.0180185576225208e-06,0.0,0.0,0.0,2.293111037943163e-06,-0.5946936487879951,-9.260160013805354,-15.89076752042137,0.29094640244507064,0.02353141479434095,0.027236909002807678,0.6495906114578247,-1.268071011906006,-2.385249137878418,-1.0967987340739747,1.5808370113372803,-0.9056609312640589,0.6496292948722839,-1.2680666607669373,-2.385249137878418,-1.0968020421317597,1.5808424949645996,-0.9056695143329065,1,7,1,0.0
5.6118415929995535,0.44394364667060066,0.12080077489978529,0.24369377827817862,3.12263397121978,-0.024744515784900393,-0.05355328807380009,0.4439401565633589,0.12080570325978836,0.24369031278190795,3.1226108305914533,-0.024715019233596,-0.053548458762666874,4.2757672891722173e-08,-1.5713473065422833e-07,0.0,0.0,0.0,-3.539519752848719e-07,-0.27086883949481977,-9.034440822067827,-15.87344810046693,0.29036148303647663,0.03789302693299261,0.014382180244099827,0.6496041417121887,-1.2680667501739045,-2.385244846343994,-1.0967942637256165,1.5808621644973755,-0.9056761900531214,0.6496292948722839,-1.2680666607669373,-2.385249137878418,-1.0968020421317597,1.5808424949645996,-0.9056695143329065,1,7,1,0.0
5.619824713001435,0.4439298006258234,0.12079205155620001,0.24365742910684096,3.122553423844804,-0.024761296701857036,-0.053595660296038405,0.4439401565633589,0.12080570325978836,0.24369031278190795,3.1226108305914533,-0.024715019233596,-0.053548458762666874,1.2848723146159046e-10,-4.722107979031189e-10,0.0,0.0,0.0,-1.063706012160992e-09,-0.3213667508479163,-9.07599070176291,-15.973925274959171,0.2845105828845017,0.02877695032201067,0.004347653038637694,0.649632453918457,-1.2680914264968415,-2.385286331176758,-1.0967987340739747,1.5808175802230835,-0.9056361357318323,0.6496292948722839,-1.2680666607669373,-2.385249137878418,-1.0968020421317597,1.5808424949645996,-0.9056695143329065,1,7,1,0.0
5.627879596999264,0.443954227236284,0.12078940451553513,0.24368208527681973,3.1226109083208295,-0.024720891992044677,-0.05351239367609821,0.4439401565633589,0.12080570325978836,0.24369031278190795,3.1226108305914533,-0.024715019233596,-0.053548458762666874,3.861249043899124e-13,-1.4191789771019237e-12,0.0,0.0,0.0,-3.196678598910152e-12,-0.5459407169381836,-9.41721940874901,-16.168006313046167,0.2985653441604903,0.021094130456193218,0.019255275954411906,0.6495878100395203,-1.26808716476474,-2.38525652885437,-1.0967564147761841,1.5808264017105103,-0.9057067076312464,0.6496292948722839,-1.2680666607669373,-2.385249137878418,-1.0968020421317597,1.5808424949645996,-0.9056695143329065,1,7,1,0.0
5.635850955000933,0.4439152157081979,0.12078464634161792,0.24366521268807706,3.1225902273894057,-0.02474922657926451,-0.053576518466948164,0.4439401565633589,0.12080570325978836,0.24369031278190795,3.1226108305914533,-0.024715019233596,-0.053548458762666874,1.1603474355002507e-15,-4.2645807867805555e-15,0.0,0.0,0.0,-9.606746144029052e-15,-0.956454687408738,-9.364382796125843,-15.916780907216069,0.29089655638317047,0.008648040811259472,0.016764203076542864,0.6496278047561646,-1.2680386763862153,-2.3853113651275635,-1.0967942637256165,1.5808383226394653,-0.9056490103351038,0.6496292948722839,-1.2680666607669373,-2.385249137878418,-1.0968020421317597,1.5808424949645996,-0.9056695143329065,1,7,1,0.0
5.643858240000554,0.4439288569387172,0.12079721607729377,0.2436798048377986,3.12262965234162,-0.02468658902159494,-0.053574015637323176,0.4439401565633589,0.12080570325978836,0.24369031278190795,3.1226108305914533,-0.024715019233596,-0.053548458762666874,3.487470743412143e-18,-1.2816428647987558e-17,0.0,0.0,0.0,-2.8870456262672785e-17,-0.3733596096708628,-9.483274107677149,-16.02513249687095,0.2990489959782152,0.022249178218489422,0.018157994632585744,0.6496160626411438,-1.2680548292449494,-2.385277509689331,-1.0967868131450196,1.5808665752410889,-0.9057014624225062,0.6496292948722839,-1.2680666607669373,-2.385249137878418,-1.0968020421317597,1.5808424949645996,-0.9056695143329065,1,7,1,0.0
5.651835068001674,0.44392077834040994,0.12078587194104767,0.2436564099158255,3.122566131782338,-0.024729014346359737,-0.05366580176865293,0.4439401565633589,0.12080570325978836,0.24369031278190795,3.1226108305914533,-0.024715019233596,-0.053548458762666874,1.0479660342943203e-20,-3.8515588797115757e-20,0.0,0.0,0.0,-8.676230236643937e-20,-0.4196853384351674,-9.235657159764234,-15.924594741391031,0.2878154538306757,0.014869038810087767,0.024742115230788266,0.649613082408905,-1.26808716476474,-2.3852851390838623,-1.0968314868262787,1.5808546543121338,-0.9056771437274378,0.6496292948722839,-1.2680666607669373,-2.385249137878418,-1.0968020421317597,1.5808424949645996,-0.9056695143329065,1,7,1,0.0
5.659815352999431,0.4439321001079195,0.1207986641284037,0.24366538157557238,3.122544442804589,-0.024711517502816444,-0.05365555199762035,0.4439401565633589,0.12080570325978836,0.24369031278190795,3.1226108305914533,-0.024715019233596,-0.053548458762666874,3.1497096905838006e-23,-1.157510513679891e-22,0.0,0.0,0.0,-2.607404405760478e-22,-0.1673891656122531,-9.519845459074528,-16.211380099600028,0.2961052823884323,0.031537164576368557,0.01558199169701816,0.649632453918457,-1.2681076389602204,-2.3852522373199463,-1.096852259044983,1.580833911895752,-0.9056685606585901,0.6496292948722839,-1.2680666607669373,-2.385249137878418,-1.0968020421317597,1.5808424949645996,-0.9056695143329065,1,7,1,0.0
5.667831535000005,0.4439251168037425,0.12079954933492296,0.24367846209242455,3.1225868653902613,-0.024686931465760537,-0.05362571680406068,0.4439401565633589,0.12080570325978836,0.24369031278190795,3.1226108305914533,-0.024715019233596,-0.053548458762666874,9.465664977216702e-26,-3.4785282343940127e-25,0.0,0.0,0.0,-7.835844611450213e-25,-0.5409708570162932,-9.498743386088279,-15.958720262874118,0.3034387554034705,0.030263768744627502,0.018993335907196332,0.649632453918457,-1.2680667501739045,-2.385261058807373,-1.0968434077552338,1.5808546543121338,-0.905684773121969,0.6496292948722839,-1.2680666607669373,-2.385249137878418,-1.0968020421317597,1.5808424949645996,-0.9056695143329065,1,7,1,0.0
5.675955337999767,0.4439307876234836,0.1207864227635172,0.24365870274396362,3.122576261724275,-0.024698632377046278,-0.05359665722258215,0.4439401565633589,0.12080570325978836,0.24369031278190795,3.1226108305914533,-0.024715019233596,-0.053548458762666874,2.844338551334765e-28,-1.0453902222388427e-27,0.0,0.0,0.0,-2.3548495652558395e-27,-0.45363990519335845,-9.764372257657225,-15.834882609437381,0.306950355881376,0.03050905575128056,0.02222508005569991,0.6496114134788513,-1.26808716476474,-2.385289430618286,-1.0967868131450196,1.580833911895752,-0.9056976477252405,0.6496292948722839,-1.2680666607669373,-2.385249137878418,-1.0968020421317597,1.5808424949645996,-0.9056695143329065,1,7,1,0.0
5.683835255000304,0.443944581010037,0.12080167517589521,0.2436813483436957,3.122604989409517,-0.02472362713041405,-0.05355805129198578,0.4439401565633589,0.12080570325978836,0.24369031278190795,3.1226108305914533,-0.024715019233596,-0.053548458762666874,8.548962308768985e-31,-3.141732500572437e-30,0.0,0.0,0.0,-7.076857416357126e-30,-0.6598633730530499,-9.398943338043889,-15.871582808088409,0.29586705171433747,0.023704276540528837,0.020190736685902044,0.6496160626411438,-1.2680871945670624,-2.3852522373199463,-1.0967868131450196,1.5808414220809937,-0.9056771437274378,0.6496292948722839,-1.2680666607669373,-2.385249137878418,-1.0968020421317597,1.5808424949645996,-0.9056695143329065,1,7,1,0.0
5.691654558999289,0.4439358851168919,0.12079150481427528,0.2436800943337402,3.1225997639174725,-0.024723155807471277,-0.0535386797555519,0.4439401565633589,0.12080570325978836,0.24369031278190795,3.1226108305914533,-0.024715019233596,-0.053548458762666874,2.5689410534146305e-33,-9.441434827012483e-33,0.0,0.0,0.0,-2.1267563951327064e-32,-0.1431943493745641,-9.227092073859467,-15.702475677099253,0.2928670841366828,0.030255147458515694,0.007325971673210975,0.6496161222457886,-1.2680591207793732,-2.3852739334106445,-1.0967868131450196,1.5808295011520386,-0.9056771437274378,0.6496292948722839,-1.2680666607669373,-2.385249137878418,-1.0968020421317597,1.5808424949645996,-0.9056695143329065,1,7,1,0.0
5.69963764899876,0.4439201775343347,0.12078733449256773,0.2436704775084429,3.1225787782855248,-0.024726004456093013,-0.05361101427849126,0.4439401565633589,0.12080570325978836,0.24369031278190795,3.1226108305914533,-0.024715019233596,-0.053548458762666874,7.719984859572227e-36,-2.8372652346546746e-35,0.0,0.0,0.0,-6.391386060470811e-35,-0.3400924924887523,-9.526031042722062,-15.841797926736582,0.29724109802386023,0.02515570673102891,0.014382307725045333,0.6496233344078064,-1.2680548590472718,-2.3852851390838623,-1.0968287152102967,1.5808427333831787,-0.9056685606585901,0.6496292948722839,-1.2680666607669373,-2.385249137878418,-1.0968020421317597,1.5808424949645996,-0.9056695143329065,1,7,1,0.0
5.707803139001044,0.44391553960403657,0.12080648334151962,0.24366665184455,3.122598596013825,-0.024690799994925898,-0.053623215665515256,0.4439401565633589,0.12080570325978836,0.24369031278190795,3.1226108305914533,-0.024715019233596,-0.053548458762666874,2.3203991236283252e-38,-8.526539309568519e-38,0.0,0.0,0.0,-1.9207571145569753e-37,-0.4016901375105004,-9.634312915668675,-15.836072411555703,0.3120635340477427,0.029664184650813955,0.012239919641805956,0.6496539115905762,-1.2680624586394806,-2.385289430618286,-1.0968106550029297,1.5808637142181396,-0.9056609312640589,0.6496292948722839,-1.2680666607669373,-2.385249137878418,-1.0968020421317597,1.5808424949645996,-0.9056695143329065,1,7,1,0.0
5.7158333670013235,0.44395725128368047,0.12083018469683927,0.24371577398248462,3.122685896658838,-0.024703132135467442,-0.05344364961118583,0.4439401565633589,0.12080570325978836,0.24369031278190795,3.1226108305914533,-0.024715019233596,-0.053548458762666874,6.974696111375591e-41,-2.5626600852380233e-40,0.0,0.0,0.0,-5.772312712154646e-40,-0.2994060601087061,-8.991332865536462,-15.994467093711568,0.2809905243295795,0.03320892962919127,0.01581735513051844,0.6496413350105286,-1.2680548590472718,-2.3852274417877197,-1.0967370134643097,1.5808590650558472,-0.9056652227984827,0.6496292948722839,-1.2680666607669373,-2.385249137878418,-1.0968020421317597,1.5808424949645996,-0.9056695143329065,1,7,1,0.0
5.723799266001151,0.44393394346135817,0.12082082887226142,0.2437074088639832,3.122660811815106,-0.024711281080464127,-0.053561334805889184,0.4439401565633589,0.12080570325978836,0.24369031278190795,3.1226108305914533,-0.024715019233596,-0.053548458762666874,2.096008799429535e-43,-7.70139934103768e-43,0.0,0.0,0.0,-1.7348074988341235e-42,-0.16260381308855032,-9.29661766318642,-15.93144437481545,0.2882307570382695,0.035889831135661285,0.01511235538617467,0.6496413350105286,-1.2680420738509675,-2.3852360248565674,-1.096815125351288,1.5808873176574707,-0.9056609312640589,0.6496292948722839,-1.2680666607669373,-2.385249137878418,-1.0968020421317597,1.5808424949645996,-0.9056695143329065,1,7,1,0.0
5.731631594000646,0.4439237914462507,0.12080308493069326,0.24366813673446763,3.1225937618115185,-0.024709430365478645,-0.05358840668170925,0.4439401565633589,0.12080570325978836,0.24369031278190795,3.1226108305914533,-0.024715019233596,-0.053548458762666874,6.771247095963237e-46,-2.488278908923526e-45,0.0,0.0,0.0,-5.605193857299268e-45,-0.21000148373467897,-9.520617134929036,-16.02792855760615,0.2998475981869878,0.028803631886605802,0.022266855855526888,0.6496458053588867,-1.2680675846389313,-2.385286331176758,-1.0967942637256165,1.580845832824707,-0.9056566397296351,0.6496292948722839,-1.2680666607669373,-2.385249137878418,-1.0968020421317597,1.5808424949645996,-0.9056695143329065,1,7,1,0.0
5.739493958000821,0.443934540507431,0.12080939661499243,0.24368067770683108,3.1225784497839357,-0.024691576105664966,-0.05356657491299246,0.4439401565633589,0.12080570325978836,0.24369031278190795,3.1226108305914533,-0.024715019233596,-0.053548458762666874,0.0,0.0,0.0,0.0,0.0,0.0,-0.06943100981023936,-9.249538457412552,-16.208035221991523,0.2915858927971531,0.04841946737162753,0.012133855787823077,0.649653971195221,-1.268075243835785,-2.38525652885437,-1.096815125351288,1.5808249711990356,-0.9056595007525843,0.6496292948722839,-1.2680666607669373,-2.385249137878418,-1.0968020421317597,1.5808424949645996,-0.9056695143329065,1,7,1,0.0
5.74748619499951,0.4439277572852026,0.12080745597461025,0.24367221306649164,3.1225930743387194,-0.024594276391877348,-0.053606170989276114,0.4439401565633589,0.12080570325978836,0.24369031278190795,3.1226108305914533,-0.024715019233596,-0.053548458762666874,0.0,0.0,0.0,0.0,0.0,0.0,-0.5636578987349891,-9.63015117383955,-16.289644339682333,0.298738841097866,0.020860470848278637,0.022228348215094014,0.6496458053588867,-1.2680786413005372,-2.3852689266204834,-1.0968106550029297,1.58085036277771,-0.9057305494891565,0.6496292948722839,-1.2680666607669373,-2.385249137878418,-1.0968020421317597,1.5808424949645996,-0.9056695143329065,1,7,1,0.0
5.755471810000017,0.4439076453941084,0.12078496736417084,0.24365794421615405,3.1225953349998443,-0.024713367382112283,-0.0536386992603093,0.4439401565633589,0.12080570325978836,0.24369031278190795,3.1226108305914533,-0.024715019233596,-0.053548458762666874,0.0,0.0,0.0,0.0,0.0,0.0,-0.3470741124481359,-9.698166447661476,-15.693722464871408,0.30509343507691755,0.03134953905071219,0.012874558894596171,0.6496233344078064,-1.2680471402457734,-2.385314464569092,-1.0968106848052521,1.5808666944503784,-0.9056771437274378,0.6496292948722839,-1.2680666607669373,-2.385249137878418,-1.0968020421317597,1.5808424949645996,-0.9056695143329065,1,7,1,0.0
5.763807668998197,0.44393547049838117,0.12078489703702061,0.2436862001262013,3.1225498082749175,-0.02476674708110749,-0.053581708653093495,0.4439401565633589,0.12080570325978836,0.24369031278190795,3.1226108305914533,-0.024715019233596,-0.053548458762666874,0.0,0.0,0.0,0.0,0.0,0.0,-0.9000464977971512,-9.398542488781816,-16.298092125623285,0.2922839169088822,0.013947454161482173,0.023007130530720857,0.6496161222457886,-1.268062488441803,-2.3852479457855225,-1.0968614381602784,1.5808086395263672,-0.9056490103351038,0.6496292948722839,-1.2680666607669373,-2.385249137878418,-1.0968020421317597,1.5808424949645996,-0.9056695143329065,1,7,1,0.0
5.771809964000568,0.4439395904655748,0.12080756660028497,0.243666253828119,3.122564372068539,-0.024680956146611265,-0.053584297108795566,0.4439401565633589,0.12080570325978836,0.24369031278190795,3.1226108305914533,-0.024715019233596,-0.053548458762666874,0.0,0.0,0.0,0.0,0.0,0.0,-0.44452634379988143,-9.494104136331423,-15.846965518159552,0.2969301858309368,0.023954261163245283,0.014951280416143643,0.6496458053588867,-1.2681075495532532,-2.385261058807373,-1.0967959326556702,1.5808205604553223,-0.9056742827044886,0.6496292948722839,-1.2680666607669373,-2.385249137878418,-1.0968020421317597,1.5808424949645996,-0.9056695143329065,1,7,1,0.0
5.779836304998753,0.44393688066403325,0.12082075002637792,0.24367897872301397,3.1226159872930204,-0.024756843817017236,-0.053646822307744514,0.4439401565633589,0.12080570325978836,0.24369031278190795,3.1226108305914533,-0.024715019233596,-0.053548458762666874,0.0,0.0,0.0,0.0,0.0,0.0,-0.3508838618561325,-9.669715100699237,-16.031943195714312,0.30185212979269,0.029102830104317114,0.01863040906201694,0.6496369242668152,-1.2681075793555756,-2.3852360248565674,-1.0968195360950013,1.5808874368667603,-0.9056361357318323,0.6496292948722839,-1.2680666607669373,-2.385249137878418,-1.0968020421317597,1.5808424949645996,-0.9056695143329065,1,7,1,0.0
5.787809706998814,0.4439581301215641,0.12082719103934259,0.24370689474805401,3.1226613273341473,-0.024701023623028225,-0.05352228374019537,0.4439401565633589,0.12080570325978836,0.24369031278190795,3.1226108305914533,-0.024715019233596,-0.053548458762666874,0.0,0.0,0.0,0.0,0.0,0.0,-0.5547563004319432,-9.386057264691903,-15.86185257265734,0.29806899236374307,0.019963896308911457,0.009583196016551776,0.6496278047561646,-1.2680880588344117,-2.3852121829986572,-1.0967734319022675,1.5808711051940918,-0.9056804815875452,0.6496292948722839,-1.2680666607669373,-2.385249137878418,-1.0968020421317597,1.5808424949645996,-0.9056695143329065,1,7,1,0.0
5.795843421998143,0.44394195610262716,0.12083360822058596,0.2437256348015439,3.1226604863619527,-0.02462109591002692,-0.05349034642991776,0.4439401565633589,0.12080570325978836,0.24369031278190795,3.1226108305914533,-0.024715019233596,-0.053548458762666874,0.0,0.0,0.0,0.0,0.0,0.0,-0.8470837777097185,-9.10002847946218,-15.934126340717494,0.2843836594389306,0.021315022263070978,0.01767854851492765,0.6496703028678894,-1.268026815061905,-2.38521671295166,-1.0968150955489655,1.580857753753662,-0.9056890646563929,0.6496292948722839,-1.2680666607669373,-2.385249137878418,-1.0968020421317597,1.5808424949645996,-0.9056695143329065,1,7,1,0.0
5.803631577000488,0.44393207874549806,0.12080871536380104,0.2436812773162021,3.122576539643308,-0.0245664612154465,-0.05354599402000874,0.4439401565633589,0.12080570325978836,0.24369031278190795,3.1226108305914533,-0.024715019233596,-0.053548458762666874,0.0,0.0,0.0,0.0,0.0,0.0,-0.12755985306308554,-9.411672732621135,-16.056415902613768,0.29384035561724986,0.034896543147765365,0.015824255935043614,0.6496627926826477,-1.2680633825114747,-2.3852646350860596,-1.0968106550029297,1.5808131694793701,-0.9057305494891565,0.6496292948722839,-1.2680666607669373,-2.385249137878418,-1.0968020421317597,1.5808424949645996,-0.9056695143329065,1,7,1,0.0
5.8119398950002505,0.4439429851091723,0.12079261569371987,0.24368485540467388,3.1226014528704056,-0.024746141517009757,-0.05351261668438063,0.4439401565633589,0.12080570325978836,0.24369031278190795,3.1226108305914533,-0.024715019233596,-0.053548458762666874,0.0,0.0,0.0,0.0,0.0,0.0,-0.9348061687262528,-9.483095585534743,-16.104576854416653,0.28925554772881984,0.02249020666149984,0.016469548502876193,0.649613082408905,-1.268062488441803,-2.385265350341797,-1.0967779022506257,1.5808205604553223,-0.9056652227984827,0.6496292948722839,-1.2680666607669373,-2.385249137878418,-1.0968020421317597,1.5808424949645996,-0.9056695143329065,1,7,1,0.0
5.819836342998315,0.4439080324364042,0.12079302144401638,0.24365530790543022,3.122552745547517,-0.024703969922297862,-0.05366752471487265,0.4439401565633589,0.12080570325978836,0.24369031278190795,3.1226108305914533,-0.024715019233596,-0.053548458762666874,0.0,0.0,0.0,0.0,0.0,0.0,-0.307297167702845,-9.077190344814072,-16.02671765127331,0.27878990749056093,0.038882978499513186,0.016175418651407578,0.6496495008468628,-1.2680667501739045,-2.385298252105713,-1.096847878103592,1.580845832824707,-0.9056566397296351,0.6496292948722839,-1.2680666607669373,-2.385249137878418,-1.0968020421317597,1.5808424949645996,-0.9056695143329065,1,7,1,0.0
5.827933426000527,0.4439490226474733,0.12079777032413891,0.24370616987965815,3.122651108953589,-0.024750160348685196,-0.05350217796141297,0.4439401565633589,0.12080570325978836,0.24369031278190795,3.1226108305914533,-0.024715019233596,-0.053548458762666874,0.0,0.0,0.0,0.0,0.0,0.0,-0.8121523244753444,-9.417051723458028,-15.643889816856229,0.29622943629385257,0.012778036145474538,0.007562771034727295,0.6495950818061829,-1.2680472296527405,-2.385240316390991,-1.0967823427966614,1.5808546543121338,-0.9056814352618616,0.6496292948722839,-1.2680666607669373,-2.385249137878418,-1.0968020421317597,1.5808424949645996,-0.9056695143329065,1,7,1,0.0
5.835968143001082,0.44394064429362345,0.12081284167615419,0.24367050201796492,3.122639725732828,-0.024706432072557877,-0.053575192669059114,0.4439401565633589,0.12080570325978836,0.24369031278190795,3.1226108305914533,-0.024715019233596,-0.053548458762666874,0.0,0.0,0.0,0.0,0.0,0.0,-0.43149739156190786,-9.125860782787726,-15.992060716232764,0.2903477580860543,0.017102191939984884,0.022300780876610547,0.6496233940124512,-1.2680998903563996,-2.3852689266204834,-1.096744493847229,1.5808755159378052,-0.9056814352618616,0.6496292948722839,-1.2680666607669373,-2.385249137878418,-1.0968020421317597,1.5808424949645996,-0.9056695143329065,1,7,1,0.0
5.843862716999865,0.4439587781261616,0.12080895252662985,0.24371717987345565,3.122640436031217,-0.024819887767650865,-0.05345559280881623,0.4439401565633589,0.12080570325978836,0.24369031278190795,3.1226108305914533,-0.024715019233596,-0.053548458762666874,0.0,0.0,0.0,0.0,0.0,0.0,-0.8376845608409261,-9.187697647852717,-16.19924677910038,0.29229609115911404,0.01742440668429088,0.021936314760228483,0.6496161222457886,-1.2680505973151703,-2.3852198123931885,-1.0967823427966614,1.5808295011520386,-0.9056151548968714,0.6496292948722839,-1.2680666607669373,-2.385249137878418,-1.0968020421317597,1.5808424949645996,-0.9056695143329065,1,7,1,0.0
5.851842800999293,0.44390493420221366,0.12079509243374532,0.24363914366722642,3.1225897506063274,-0.02471120842614236,-0.05368872730036303,0.4439401565633589,0.12080570325978836,0.24369031278190795,3.1226108305914533,-0.024715019233596,-0.053548458762666874,0.0,0.0,0.0,0.0,0.0,0.0,-0.3043107679037055,-9.060805005786513,-16.205131635731455,0.2829227189798637,0.030475161129307687,0.011112665145992993,0.6496369242668152,-1.268082932834961,-2.3853232860565186,-1.096794293527939,1.5808830261230469,-0.9056652227984827,0.6496292948722839,-1.2680666607669373,-2.385249137878418,-1.0968020421317597,1.5808424949645996,-0.9056695143329065,1,7,1,0.0
5.860031295000226,0.4439338714840681,0.120807188904499,0.24368819934220878,3.12263737859117,-0.024730591901871053,-0.053533757352233896,0.4439401565633589,0.12080570325978836,0.24369031278190795,3.1226108305914533,-0.024715019233596,-0.053548458762666874,0.0,0.0,0.0,0.0,0.0,0.0,-0.3541628322483431,-9.619749239846175,-16.017222861699594,0.30475197203048227,0.016198427496237577,0.017468661385430344,0.649632453918457,-1.268050567512848,-2.3852689266204834,-1.096774474983551,1.580857753753662,-0.9056566397296351,0.6496292948722839,-1.2680666607669373,-2.385249137878418,-1.0968020421317597,1.5808424949645996,-0.9056695143329065,1,7,1,0.0
5.867815253001027,0.4439183245020708,0.12078949725144231,0.2436734175930153,3.122589131015922,-0.024800860226767054,-0.05357581187813815,0.4439401565633589,0.12080570325978836,0.24369031278190795,3.1226108305914533,-0.024715019233596,-0.053548458762666874,0.0,0.0,0.0,0.0,0.0,0.0,-0.20983722562064522,-9.569367577898044,-16.066902669921554,0.3044410225683501,0.03556727698752197,0.01681823548700139,0.649632453918457,-1.2680386763862153,-2.3852949142456055,-1.0968106550029297,1.5808383226394653,-0.9056113401996058,0.6496292948722839,-1.2680666607669373,-2.385249137878418,-1.0968020421317597,1.5808424949645996,-0.9056695143329065,1,7,1,0.0
5.8756920539999555,0.4439366158772616,0.12080211758803867,0.2436920000324597,3.1226012197525095,-0.024718061645025637,-0.05354537428252661,0.4439401565633589,0.12080570325978836,0.24369031278190795,3.1226108305914533,-0.024715019233596,-0.053548458762666874,0.0,0.0,0.0,0.0,0.0,0.0,-0.05501140397611903,-9.554192566747789,-16.20019505237613,0.29631588439066747,0.03887337072375989,0.0152147704378357,0.649632453918457,-1.2680548590472718,-2.3852522373199463,-1.096815125351288,1.580833911895752,-0.9056642691241663,0.6496292948722839,-1.2680666607669373,-2.385249137878418,-1.0968020421317597,1.5808424949645996,-0.9056695143329065,1,7,1,0.0
5.883644085999549,0.4439370143951406,0.12082883493276812,0.24367982514467718,3.1226227032149176,-0.02466510500148467,-0.05357295051556473,0.4439401565633589,0.12080570325978836,0.24369031278190795,3.1226108305914533,-0.024715019233596,-0.053548458762666874,0.0,0.0,0.0,0.0,0.0,0.0,-0.8280205233885731,-9.195152517269825,-15.888451273365835,0.29191290970482847,0.01762081306426913,0.02236423630679773,0.649665892124176,-1.2680914562991639,-2.385253429412842,-1.0967778724483033,1.5808621644973755,-0.9056652227984827,0.6496292948722839,-1.2680666607669373,-2.385249137878418,-1.0968020421317597,1.5808424949645996,-0.9056695143329065,1,7,1,0.0
5.891885087999981,0.4439312788116736,0.12080626570841568,0.24368576980121948,3.1226188748936368,-0.024673734511613858,-0.053601959192383204,0.4439401565633589,0.12080570325978836,0.24369031278190795,3.1226108305914533,-0.024715019233596,-0.053548458762666874,0.0,0.0,0.0,0.0,0.0,0.0,-0.8479820297106924,-9.336004799277495,-15.891921304636314,0.29843520041270044,0.011709213861464448,0.02024569989443084,0.6496278047561646,-1.2680667501739045,-2.385253429412842,-1.0968195360950013,1.5808696746826172,-0.9056981245623987,0.6496292948722839,-1.2680666607669373,-2.385249137878418,-1.0968020421317597,1.5808424949645996,-0.9056695143329065,1,7,1,0.0
5.899793879001663,0.4439342050654532,0.12079407747414318,0.24366577224228986,3.122550087455828,-0.0247664364272334,-0.05359096813410104,0.4439401565633589,0.12080570325978836,0.24369031278190795,3.1226108305914533,-0.024715019233596,-0.053548458762666874,0.0,0.0,0.0,0.0,0.0,0.0,-0.25202416109710635,-9.130995159074123,-16.295345192462566,0.2950989969534475,0.022777542265402077,0.02104735609552308,0.649632453918457,-1.2680914264968415,-2.3852696418762207,-1.096815125351288,1.5808131694793701,-0.9056327978717249,0.6496292948722839,-1.2680666607669373,-2.385249137878418,-1.0968020421317597,1.5808424949645996,-0.9056695143329065,1,7,1,0.0
5.908078281998314,0.44393023666284576,0.12080219495460941,0.24366724372277113,3.1226258310240844,-0.02466611229684659,-0.05354060197366002,0.4439401565633589,0.12080570325978836,0.24369031278190795,3.1226108305914533,-0.024715019233596,-0.053548458762666874,0.0,0.0,0.0,0.0,0.0,0.0,-0.2738601594987867,-9.023520889987838,-15.681117530507919,0.27999430516078594,0.035717445573643085,0.016348637520228058,0.649632453918457,-1.2680667501739045,-2.385298252105713,-1.0967399638942261,1.5808502435684204,-0.9056976477252405,0.6496292948722839,-1.2680666607669373,-2.385249137878418,-1.0968020421317597,1.5808424949645996,-0.9056695143329065,1,7,1,0.0
5.915813028001139,0.4439424468773503,0.12082193458014007,0.24370295682248846,3.122649806728799,-0.02475521264297966,-0.05349934213165583,0.4439401565633589,0.12080570325978836,0.24369031278190795,3.1226108305914533,-0.024715019233596,-0.053548458762666874,0.0,0.0,0.0,0.0,0.0,0.0,-0.12449671402283741,-9.441890799420573,-15.948773285206794,0.2976362784447394,0.031053241272474344,0.017833374395023013,0.6496495008468628,-1.2680505973151703,-2.385244846343994,-1.09677346170459,1.5808546543121338,-0.905623737965719,0.6496292948722839,-1.2680666607669373,-2.385249137878418,-1.0968020421317597,1.5808424949645996,-0.9056695143329065,1,7,1,0.0
5.924162593000801,0.44390411981171796,0.12077450433505386,0.24366136663638627,3.1225636960452636,-0.024712043832754185,-0.05364863205300489,0.4439401565633589,0.12080570325978836,0.24369031278190795,3.1226108305914533,-0.024715019233596,-0.053548458762666874,0.0,0.0,0.0,0.0,0.0,0.0,-0.2849382266662288,-9.532523359890018,-16.033455028152723,0.29743394979005366,0.039699881161283965,0.02138533009519002,0.649620532989502,-1.2680343848517914,-2.385310173034668,-1.0968522888473053,1.580845832824707,-0.9056804815875452,0.6496292948722839,-1.2680666607669373,-2.385249137878418,-1.0968020421317597,1.5808424949645996,-0.9056695143329065,1,7,1,0.0
5.931907417001639,0.44392330014639436,0.12078084152077811,0.24365754433062486,3.1225492252256544,-0.024697307669097966,-0.05359631424280222,0.4439401565633589,0.12080570325978836,0.24369031278190795,3.1226108305914533,-0.024715019233596,-0.053548458762666874,0.0,0.0,0.0,0.0,0.0,0.0,-0.800694287193898,-9.170098226559185,-15.88068026782949,0.285333608402768,0.018210855068977794,0.008879061564424449,0.6496233344078064,-1.2680710417083283,-2.385298252105713,-1.0968106252006073,1.5808130502700806,-0.9056862036334437,0.6496292948722839,-1.2680666607669373,-2.385249137878418,-1.0968020421317597,1.5808424949645996,-0.9056695143329065,1,7,1,0.0
5.939891930000158,0.4439151099078253,0.12081090071544223,0.24369000858293977,3.1226342248392736,-0.02463566399196046,-0.05356307918256221,0.4439401565633589,0.12080570325978836,0.24369031278190795,3.1226108305914533,-0.024715019233596,-0.053548458762666874,0.0,0.0,0.0,0.0,0.0,0.0,-0.29787634134571606,-9.393718975694757,-15.844736013455387,0.30058611710120886,0.03669864247255001,0.014877880856510185,0.6496611833572388,-1.2680182617953797,-2.385282039642334,-1.0968106550029297,1.5808665752410889,-0.9056890646563929,0.6496292948722839,-1.2680666607669373,-2.385249137878418,-1.0968020421317597,1.5808424949645996,-0.9056695143329065,1,7,1,0.0
5.947851967001043,0.4439394241690518,0.12078897195453266,0.24369581127310352,3.122619394283017,-0.02478127737707231,-0.053528956181606385,0.4439401565633589,0.12080570325978836,0.24369031278190795,3.1226108305914533,-0.024715019233596,-0.053548458762666874,0.0,0.0,0.0,0.0,0.0,0.0,-0.8209335294473428,-9.550714504138883,-16.11679198423364,0.29839806762102866,0.011817963697437822,0.012417359135309,0.6495997309684753,-1.2680429381183167,-2.38525652885437,-1.0968031150153656,1.5808414220809937,-0.9056566397296351,0.6496292948722839,-1.2680666607669373,-2.385249137878418,-1.0968020421317597,1.5808424949645996,-0.9056695143329065,1,7,1,0.0
5.955918882998958,0.44395385480354005,0.1208176508648488,0.24371129224359034,3.122613664069432,-0.024748305226700403,-0.05351953995299014,0.4439401565633589,0.12080570325978836,0.24369031278190795,3.1226108305914533,-0.024715019233596,-0.053548458762666874,0.0,0.0,0.0,0.0,0.0,0.0,-0.4368025593366743,-9.228301538030927,-15.90269641085095,0.29102138457163634,0.03610367367246477,0.003051787300246061,0.6496369242668152,-1.268071011906006,-2.3852078914642334,-1.0968225461295624,1.580833911895752,-0.9056404272662562,0.6496292948722839,-1.2680666607669373,-2.385249137878418,-1.0968020421317597,1.5808424949645996,-0.9056695143329065,1,7,1,0.0
5.963988455001527,0.4439338151378088,0.12080594380675029,0.24371764608695673,3.122652974452102,-0.02476806630767589,-0.053471855119713245,0.4439401565633589,0.12080570325978836,0.24369031278190795,3.1226108305914533,-0.024715019233596,-0.053548458762666874,0.0,0.0,0.0,0.0,0.0,0.0,-0.23775238895517065,-9.606525250738715,-16.239904303994642,0.3012261526963446,0.026587691044947154,0.006416417165226259,0.6496369242668152,-1.2679978770068665,-2.3852522373199463,-1.0968031746200104,1.580845832824707,-0.9056280295001429,0.6496292948722839,-1.2680666607669373,-2.385249137878418,-1.0968020421317597,1.5808424949645996,-0.9056695143329065,1,7,1,0.0
5.972144298000785,0.4439552073132276,0.12081367684786291,0.243696702504489,3.122623476668463,-0.02482164116916201,-0.05351715094384929,0.4439401565633589,0.12080570325978836,0.24369031278190795,3.1226108305914533,-0.024715019233596,-0.053548458762666874,0.0,0.0,0.0,0.0,0.0,0.0,-0.6421828636585719,-9.297287613917975,-15.978014666171866,0.2909101709587446,0.021051019948879018,0.013532662390711263,0.6496233344078064,-1.2680871945670624,-2.3852286338806152,-1.096777932052948,1.5808414220809937,-0.9056070486651819,0.6496292948722839,-1.2680666607669373,-2.385249137878418,-1.0968020421317597,1.5808424949645996,-0.9056695143329065,1,7,1,0.0
5.979940918998182,0.44393500488299076,0.12077714178790479,0.24367000331180969,3.1225552011664885,-0.024826507052152603,-0.053581383075209155,0.4439401565633589,0.12080570325978836,0.24369031278190795,3.1226108305914533,-0.024715019233596,-0.053548458762666874,0.0,0.0,0.0,0.0,0.0,0.0,-0.9301093437353755,-9.053448504239748,-15.962399397858679,0.2901254601466778,0.010790208669305792,0.030256375179484207,0.6495997309684753,-1.268075243835785,-2.3852732181549072,-1.096819595699646,1.5808131694793701,-0.9056270758258265,0.6496292948722839,-1.2680666607669373,-2.385249137878418,-1.0968020421317597,1.5808424949645996,-0.9056695143329065,1,7,1,0.0
5.988302115998522,0.44395753425982537,0.12079406175222811,0.24369735927124858,3.122617270964422,-0.024766737296064063,-0.05348282701377501,0.4439401565633589,0.12080570325978836,0.24369031278190795,3.1226108305914533,-0.024715019233596,-0.053548458762666874,0.0,0.0,0.0,0.0,0.0,0.0,-0.40204633456827576,-9.37694374612433,-16.145578103993405,0.30210375128231476,0.023998486990569425,0.012667824192263952,0.6495950818061829,-1.268071011906006,-2.385240316390991,-1.0967697960189362,1.5808205604553223,-0.9056699911700647,0.6496292948722839,-1.2680666607669373,-2.385249137878418,-1.0968020421317597,1.5808424949645996,-0.9056695143329065,1,7,1,0.0
5.995919812998181,0.4439512789947552,0.1208191507880769,0.24370842794504372,3.122669150637578,-0.024679656656990057,-0.053463794026697695,0.4439401565633589,0.12080570325978836,0.24369031278190795,3.1226108305914533,-0.024715019233596,-0.053548458762666874,0.0,0.0,0.0,0.0,0.0,0.0,-0.44821194443111256,-9.395771864527331,-15.94819061263523,0.29929851490292064,0.02256428255687409,0.021401815988382675,0.649632453918457,-1.268050567512848,-2.385240316390991,-1.096749023800232,1.5808533430099487,-0.9056890646563929,0.6496292948722839,-1.2680666607669373,-2.385249137878418,-1.0968020421317597,1.5808424949645996,-0.9056695143329065,1,7,1,0.0
6.004042393000418,0.44392556801130334,0.12080631410394642,0.24365555997870786,3.122542526759817,-0.024648658877821784,-0.05355509609531154,0.4439401565633589,0.12080570325978836,0.24369031278190795,3.1226108305914533,-0.024715019233596,-0.053548458762666874,0.0,0.0,0.0,0.0,0.0,0.0,-0.6666345161663427,-9.165476184935713,-15.797861384412808,0.29555130444634836,0.027883840922989317,0.009649685312977468,0.6496791839599609,-1.268082932834961,-2.385298252105713,-1.0967824024013062,1.5807923078536987,-0.9056609312640589,0.6496292948722839,-1.2680666607669373,-2.385249137878418,-1.0968020421317597,1.5808424949645996,-0.9056695143329065,1,7,1,0.0
6.012318700999458,0.44393064629483375,0.12081464800317351,0.2436968639602965,3.1226577988139863,-0.024685992656844725,-0.053558185686020485,0.4439401565633589,0.12080570325978836,0.24369031278190795,3.1226108305914533,-0.024715019233596,-0.053548458762666874,0.0,0.0,0.0,0.0,0.0,0.0,-0.8462182836546744,-9.44259079654587,-16.105573000501188,0.29969148272009755,0.01544911078268725,0.011311218437810355,0.6496368646621704,-1.2680429083159943,-2.38525652885437,-1.096794293527939,1.5808830261230469,-0.9056814352618616,0.6496292948722839,-1.2680666607669373,-2.385249137878418,-1.0968020421317597,1.5808424949645996,-0.9056695143329065,1,7,1,0.0
6.020063386000402,0.44394565179235923,0.12081843090077167,0.24370666573189464,3.1226439510210295,-0.024645158613506826,-0.05348336731751929,0.4439401565633589,0.12080570325978836,0.24369031278190795,3.1226108305914533,-0.024715019233596,-0.053548458762666874,0.0,0.0,0.0,0.0,0.0,0.0,-0.03774979794598321,-9.332940023602033,-15.623288344996412,0.3027672499379406,0.03626913086660134,0.01940460407685452,0.6496458053588867,-1.2680471700480958,-2.385240316390991,-1.0967779022506257,1.5808414220809937,-0.9056976477252405,0.6496292948722839,-1.2680666607669373,-2.385249137878418,-1.0968020421317597,1.5808424949645996,-0.9056695143329065,1,7,1,0.0
6.028024844999891,0.4439667548020483,0.12079770457202474,0.24370723377954645,3.1226111122068763,-0.024779118703412355,-0.05342537100105918,0.4439401565633589,0.12080570325978836,0.24369031278190795,3.1226108305914533,-0.024715019233596,-0.053548458762666874,0.0,0.0,0.0,0.0,0.0,0.0,-0.7209683721501521,-9.228735852945752,-15.649005189355599,0.2992585276166561,0.017900589698978005,0.002817820673462054,0.6496041417121887,-1.2680667501739045,-2.3852286338806152,-1.0967608851245423,1.580793023109436,-0.9056523481952112,0.6496292948722839,-1.2680666607669373,-2.385249137878418,-1.0968020421317597,1.5808424949645996,-0.9056695143329065,1,7,1,0.0
6.035650476998853,0.4439402793524337,0.12081084071497425,0.24371618340285156,3.1226512084672495,-0.024796803782209068,-0.05356775407470993,0.4439401565633589,0.12080570325978836,0.24369031278190795,3.1226108305914533,-0.024715019233596,-0.053548458762666874,0.0,0.0,0.0,0.0,0.0,0.0,-0.11169849443158059,-9.574477601870273,-16.132977763057543,0.30359346651686103,0.029351081747297,0.015276348324661996,0.6496161222457886,-1.2680420738509675,-2.385216474533081,-1.0968433779529114,1.5808830261230469,-0.9056313673602503,0.6496292948722839,-1.2680666607669373,-2.385249137878418,-1.0968020421317597,1.5808424949645996,-0.9056695143329065,1,7,1,0.0
6.044075592999434,0.44394344957672727,0.12080825694280245,0.2436894137977456,3.1225932444920574,-0.024723369245739323,-0.05356827417730013,0.4439401565633589,0.12080570325978836,0.24369031278190795,3.1226108305914533,-0.024715019233596,-0.053548458762666874,0.0,0.0,0.0,0.0,0.0,0.0,-0.9072153312416862,-9.360400818303033,-15.824491849027265,0.29302104133407086,0.011554902503505158,0.01579893628999702,0.649632453918457,-1.268082932834961,-2.3852360248565674,-1.0968195360950013,1.5808370113372803,-0.9056609312640589,0.6496292948722839,-1.2680666607669373,-2.385249137878418,-1.0968020421317597,1.5808424949645996,-0.9056695143329065,1,7,1,0.0
6.051848871000402,0.44393456167096235,0.12078571017937627,0.24366491340655805,3.122567303015151,-0.024760634521491316,-0.05348648957900438,0.4439401565633589,0.12080570325978836,0.24369031278190795,3.1226108305914533,-0.024715019233596,-0.053548458762666874,0.0,0.0,0.0,0.0,0.0,0.0,-0.106372905566404,-9.615496763695118,-15.902955015858895,0.29856741017309296,0.030773910883883933,0.01890697347046931,0.649632453918457,-1.2680590909770508,-2.385305643081665,-1.0967489641955872,1.5807842016220093,-0.9056356588946741,0.6496292948722839,-1.2680666607669373,-2.385249137878418,-1.0968020421317597,1.5808424949645996,-0.9056695143329065,1,7,1,0.0
6.059829876998265,0.44394122315711626,0.12080666789203001,0.24370444302437955,3.1226533041434745,-0.024827205209817512,-0.053521813965149524,0.4439401565633589,0.12080570325978836,0.24369031278190795,3.1226108305914533,-0.024715019233596,-0.053548458762666874,0.0,0.0,0.0,0.0,0.0,0.0,-0.8686891762400096,-9.18103118768962,-15.85544345360644,0.2918342043262953,0.012836145538676283,0.020393344011167314,0.6496161222457886,-1.2680429083159943,-2.385244846343994,-1.0967898529819031,1.5808665752410889,-0.9056113401996058,0.6496292948722839,-1.2680666607669373,-2.385249137878418,-1.0968020421317597,1.5808424949645996,-0.9056695143329065,1,7,1,0.0
6.067861026000173,0.4439322205258351,0.12081453681815871,0.2436982523612645,3.122670147950162,-0.024680403592509732,-0.05352339216091065,0.4439401565633589,0.12080570325978836,0.24369031278190795,3.1226108305914533,-0.024715019233596,-0.053548458762666874,0.0,0.0,0.0,0.0,0.0,0.0,-0.7595758417867231,-9.02646671437314,-15.852046859838428,0.2922504106753691,0.018144035194487474,0.017752161751429723,0.6496369242668152,-1.2680344146541138,-2.3852646350860596,-1.0967697960189362,1.580878496170044,-0.905684773121969,0.6496292948722839,-1.2680666607669373,-2.385249137878418,-1.0968020421317597,1.5808424949645996,-0.9056695143329065,1,7,1,0.0
6.075862360998144,0.44392042590418085,0.12079443626157431,0.24363534683611304,3.122541335067559,-0.024731361579852538,-0.053720029432972896,0.4439401565633589,0.12080570325978836,0.24369031278190795,3.1226108305914533,-0.024715019233596,-0.053548458762666874,0.0,0.0,0.0,0.0,0.0,0.0,-0.10901253566120112,-8.807662220645259,-15.78335985798447,0.28083005063638655,0.03748402731016421,0.021182267892981763,0.6496278047561646,-1.2681323152831574,-2.385289430618286,-1.0968242150596161,1.580857753753662,-0.9056609312640589,0.6496292948722839,-1.2680666607669373,-2.385249137878418,-1.0968020421317597,1.5808424949645996,-0.9056695143329065,1,7,1,0.0
6.083873973999289,0.44392216042407806,0.1208026193359969,0.24366973718150137,3.12259351690049,-0.024639009409038893,-0.0535618896854809,0.4439401565633589,0.12080570325978836,0.24369031278190795,3.1226108305914533,-0.024715019233596,-0.053548458762666874,0.0,0.0,0.0,0.0,0.0,0.0,-0.3640872829024733,-8.966795395156494,-15.613810039305049,0.29303186895090555,0.024283505162676546,0.025425147900443902,0.6496539115905762,-1.2680548292449494,-2.385293960571289,-1.0967868131450196,1.580833911895752,-0.9056933561908167,0.6496292948722839,-1.2680666607669373,-2.385249137878418,-1.0968020421317597,1.5808424949645996,-0.9056695143329065,1,7,1,0.0
6.091878172999714,0.4439172403552693,0.12079212780780964,0.24363724399973774,3.1225399166348047,-0.02465126592749579,-0.05366628856482889,0.4439401565633589,0.12080570325978836,0.24369031278190795,3.1226108305914533,-0.024715019233596,-0.053548458762666874,0.0,0.0,0.0,0.0,0.0,0.0,-0.6934517318632193,-9.514403766133688,-15.497852551961728,0.306890557846645,0.014399426016265333,0.009602787965675609,0.6496413350105286,-1.268107609157898,-2.3853068351745605,-1.0968061846545716,1.580833911895752,-0.9056981245623987,0.6496292948722839,-1.2680666607669373,-2.385249137878418,-1.0968020421317597,1.5808424949645996,-0.9056695143329065,1,7,1,0.0
6.099859699999797,0.4439143642432328,0.12077996714445137,0.2436677315091843,3.122544320764907,-0.02473644827605648,-0.05359169279692744,0.4439401565633589,0.12080570325978836,0.24369031278190795,3.1226108305914533,-0.024715019233596,-0.053548458762666874,0.0,0.0,0.0,0.0,0.0,0.0,-0.8969766473878522,-9.415983037605715,-15.876231049227405,0.2960660636515722,0.01756499026336417,0.017507381269500036,0.6496369242668152,-1.2680386465838929,-2.385298252105713,-1.0968434077552338,1.5808086395263672,-0.9056475798236292,0.6496292948722839,-1.2680666607669373,-2.385249137878418,-1.0968020421317597,1.5808424949645996,-0.9056695143329065,1,7,1,0.0
6.107852077999269,0.4439459465292423,0.12080178687165512,0.243681080104251,3.1225991247383345,-0.02476745037518639,-0.05355975130754671,0.4439401565633589,0.12080570325978836,0.24369031278190795,3.1226108305914533,-0.024715019233596,-0.053548458762666874,0.0,0.0,0.0,0.0,0.0,0.0,-0.7546659490364774,-9.475657991592946,-15.905738437264812,0.303556403802691,0.01644220443664792,0.013269949906693796,0.6496160626411438,-1.2680914562991639,-2.385249137878418,-1.0967898231795807,1.5808383226394653,-0.9056490103351038,0.6496292948722839,-1.2680666607669373,-2.385249137878418,-1.0968020421317597,1.5808424949645996,-0.9056695143329065,1,7,1,0.0
6.115889358999993,0.44393030225164676,0.1208272735702105,0.24367755223978474,3.122616539559038,-0.02464616672959887,-0.053555021181144996,0.4439401565633589,0.12080570325978836,0.24369031278190795,3.1226108305914533,-0.024715019233596,-0.053548458762666874,0.0,0.0,0.0,0.0,0.0,0.0,-0.8002138248060255,-9.370754161054053,-16.281946096752822,0.30049640468351313,0.019283668623175945,0.006307742635639052,0.6496791839599609,-1.268074409370758,-2.3852698802948,-1.0967734319022675,1.5808502435684204,-0.9056637922870081,0.6496292948722839,-1.2680666607669373,-2.385249137878418,-1.0968020421317597,1.5808424949645996,-0.9056695143329065,1,7,1,0.0
6.123852531000011,0.4439204981878417,0.12081621883747595,0.24366434005697177,3.122580443687923,-0.024660287968944008,-0.05365510118821164,0.4439401565633589,0.12080570325978836,0.24369031278190795,3.1226108305914533,-0.024715019233596,-0.053548458762666874,0.0,0.0,0.0,0.0,0.0,0.0,0.02361117463852025,-9.280919909963979,-16.148062922059264,0.29813984365133334,0.02480961691952483,0.0064222235527535455,0.6496658325195312,-1.2680914562991639,-2.3852696418762207,-1.096828655605652,1.580862283706665,-0.9056685606585901,0.6496292948722839,-1.2680666607669373,-2.385249137878418,-1.0968020421317597,1.5808424949645996,-0.9056695143329065,1,7,1,0.0
6.1318828299990855,0.44392131319762557,0.12077887656932115,0.24368276371330366,3.122608314333592,-0.0247745418639515,-0.05356107667662081,0.4439401565633589,0.12080570325978836,0.24369031278190795,3.1226108305914533,-0.024715019233596,-0.053548458762666874,0.0,0.0,0.0,0.0,0.0,0.0,-1.0071133396841927,-9.43072090183143,-16.082277694648845,0.29811540844285367,0.01293122742236256,0.007414406193715355,0.6496042013168335,-1.2680224937251587,-2.3852906227111816,-1.096812294130661,1.580845832824707,-0.9056566397296351,0.6496292948722839,-1.2680666607669373,-2.385249137878418,-1.0968020421317597,1.5808424949645996,-0.9056695143329065,1,7,1,0.0
6.139861642001051,0.44394104879326907,0.12080660711237544,0.243701589465514,3.1226241521575266,-0.024693608350838746,-0.0535319850552556,0.4439401565633589,0.12080570325978836,0.24369031278190795,3.1226108305914533,-0.024715019233596,-0.053548458762666874,0.0,0.0,0.0,0.0,0.0,0.0,-0.3020437600297867,-9.300682857877156,-16.195676125672033,0.2925538100562883,0.028144236074856062,0.017445363142025345,0.6496278643608093,-1.2680505973151703,-2.385240316390991,-1.0968106550029297,1.580845832824707,-0.905684773121969,0.6496292948722839,-1.2680666607669373,-2.385249137878418,-1.0968020421317597,1.5808424949645996,-0.9056695143329065,1,7,1,0.0
6.147880969001562,0.443937848874119,0.12080418103712666,0.24368250929937701,3.122604669447631,-0.024756056461257944,-0.05356690025261842,0.4439401565633589,0.12080570325978836,0.24369031278190795,3.1226108305914533,-0.024715019233596,-0.053548458762666874,0.0,0.0,0.0,0.0,0.0,0.0,-0.7306628828069577,-9.138813388502992,-15.94327921600226,0.2831016294188673,0.015622519222790076,0.011538425016654502,0.6496278643608093,-1.2680752736381073,-2.38525652885437,-1.0967987340739747,1.580845832824707,-0.90564471880068,0.6496292948722839,-1.2680666607669373,-2.385249137878418,-1.0968020421317597,1.5808424949645996,-0.9056695143329065,1,7,1,0.0
6.155837498998153,0.44395435351817664,0.12081184308583945,0.2437118485347018,3.1226272816435086,-0.02467143245854017,-0.053445536540031244,0.4439401565633589,0.12080570325978836,0.24369031278190795,3.1226108305914533,-0.024715019233596,-0.053548458762666874,0.0,0.0,0.0,0.0,0.0,0.0,-1.0717777090978413,-9.342667704902498,-15.86238440680832,0.2953306281293943,0.01008228145758692,0.010248594596212957,0.6496369242668152,-1.2680471700480958,-2.3852317333221436,-1.0967779022506257,1.5808131694793701,-0.9056890646563929,0.6496292948722839,-1.2680666607669373,-2.385249137878418,-1.0968020421317597,1.5808424949645996,-0.9056695143329065,1,7,1,0.0
6.163855083999806,0.44392022557083455,0.12077477797758955,0.24366502930507844,3.1225555104396148,-0.02475951945859031,-0.05356326859733898,0.4439401565633589,0.12080570325978836,0.24369031278190795,3.1226108305914533,-0.024715019233596,-0.053548458762666874,0.0,0.0,0.0,0.0,0.0,0.0,-0.2253351857140794,-9.315848082579711,-15.915261553232272,0.2874663251068806,0.025396345045279593,0.01387705907462771,0.649620532989502,-1.2680429083159943,-2.385305643081665,-1.0968106550029297,1.5808056592941284,-0.9056490103351038,0.6496292948722839,-1.2680666607669373,-2.385249137878418,-1.0968020421317597,1.5808424949645996,-0.9056695143329065,1,7,1,0.0
6.171855235999828,0.44393110905629884,0.1207828372724959,0.24366844028277887,3.122607223749614,-0.02474468243460612,-0.05357647274881925,0.4439401565633589,0.12080570325978836,0.24369031278190795,3.1226108305914533,-0.024715019233596,-0.053548458762666874,0.0,0.0,0.0,0.0,0.0,0.0,-0.38023382701633235,-9.439158002922676,-15.809111881588763,0.29832004123141304,0.02775174474206073,0.01894853458555504,0.6495951414108276,-1.268066720371582,-2.385289430618286,-1.0967778426459809,1.5808502435684204,-0.905684773121969,0.6496292948722839,-1.2680666607669373,-2.385249137878418,-1.0968020421317597,1.5808424949645996,-0.9056695143329065,1,7,1,0.0
6.179722037999454,0.44394179790024935,0.1208058901196406,0.24369412281249367,3.122616145595682,-0.024710588369345168,-0.05356920163258353,0.4439401565633589,0.12080570325978836,0.24369031278190795,3.1226108305914533,-0.024715019233596,-0.053548458762666874,0.0,0.0,0.0,0.0,0.0,0.0,-0.976884329276916,-9.16060282347993,-16.017410906254668,0.29051822766482516,0.016520061535181728,0.015064330363334062,0.649620532989502,-1.2680709821036835,-2.385237216949463,-1.0968167346766968,1.5808546543121338,-0.9056814352618616,0.6496292948722839,-1.2680666607669373,-2.385249137878418,-1.0968020421317597,1.5808424949645996,-0.9056695143329065,1,7,1,0.0
6.18783550200169,0.4439477041381127,0.12080183650576223,0.2437061964352787,3.1226131345888466,-0.02469299788377793,-0.053566464715470906,0.4439401565633589,0.12080570325978836,0.24369031278190795,3.1226108305914533,-0.024715019233596,-0.053548458762666874,0.0,0.0,0.0,0.0,0.0,0.0,-0.4409541436301734,-9.061420443665403,-16.142639962744035,0.28254499346084366,0.02577486529482338,0.008889657999760613,0.6496070027351379,-1.268066720371582,-2.3852155208587646,-1.0968434077552338,1.58085036277771,-0.9057062307940882,0.6496292948722839,-1.2680666607669373,-2.385249137878418,-1.0968020421317597,1.5808424949645996,-0.9056695143329065,1,7,1,0.0
6.195864937999431,0.44395503758965127,0.12081098639783332,0.24372378836010372,3.122661907673626,-0.02479518263573811,-0.05345544197003204,0.4439401565633589,0.12080570325978836,0.24369031278190795,3.1226108305914533,-0.024715019233596,-0.053548458762666874,0.0,0.0,0.0,0.0,0.0,0.0,-0.6683833562421659,-9.205998441498247,-16.22589074774846,0.2923212629563701,0.016463601898221845,0.013133444899226833,0.6496161222457886,-1.2680343848517914,-2.3852198123931885,-1.0967853528312226,1.580845832824707,-0.9056313673602503,0.6496292948722839,-1.2680666607669373,-2.385249137878418,-1.0968020421317597,1.5808424949645996,-0.9056695143329065,1,7,1,0.0
6.203688058998523,0.44390444947627955,0.12078808326408919,0.24365048152536914,3.122583604752205,-0.024703458334085823,-0.05358968448721384,0.4439401565633589,0.12080570325978836,0.24369031278190795,3.1226108305914533,-0.024715019233596,-0.053548458762666874,0.0,0.0,0.0,0.0,0.0,0.0,-0.32779442403728887,-9.114504026139809,-16.083301480779436,0.296585286582515,0.03446910386143801,0.019825884950492166,0.649649441242218,-1.2680386465838929,-2.385338544845581,-1.096777932052948,1.5808384418487549,-0.9056566397296351,0.6496292948722839,-1.2680666607669373,-2.385249137878418,-1.0968020421317597,1.5808424949645996,-0.9056695143329065,1,7,1,0.0
6.211871022998821,0.4439371342580147,0.12082667295256977,0.24367699158963435,3.122603336070606,-0.0246970312693469,-0.05359071166891374,0.4439401565633589,0.12080570325978836,0.24369031278190795,3.1226108305914533,-0.024715019233596,-0.053548458762666874,0.0,0.0,0.0,0.0,0.0,0.0,-0.6202881367743333,-9.299403621988672,-16.294042131594487,0.30417292688437775,0.024636392307403637,0.02265069716589296,0.6496658325195312,-1.2680999499610444,-2.385249137878418,-1.0967942637256165,1.5808547735214233,-0.90564471880068,0.6496292948722839,-1.2680666607669373,-2.385249137878418,-1.0968020421317597,1.5808424949645996,-0.9056695143329065,1,7,1,0.0
6.219857950000005,0.4439355845046689,0.12081124131894144,0.24366978443700493,3.12259263802899,-0.02472152660843139,-0.05352658591766473,0.4439401565633589,0.12080570325978836,0.24369031278190795,3.1226108305914533,-0.024715019233596,-0.053548458762666874,0.0,0.0,0.0,0.0,0.0,0.0,-0.6839959748874935,-9.27244557574294,-16.02593342456373,0.29063019484528796,0.019097230264102896,0.016331625715981332,0.6496583223342896,-1.2680795651725312,-2.385282039642334,-1.0967564147761841,1.5808205604553223,-0.9056356588946741,0.6496292948722839,-1.2680666607669373,-2.385249137878418,-1.0968020421317597,1.5808424949645996,-0.9056695143329065,1,7,1,0.0
6.227895552001428,0.44391402541042796,0.12079247131166729,0.24365818640748887,3.1225320863445,-0.024675720021873907,-0.053627058252574106,0.4439401565633589,0.12080570325978836,0.24369031278190795,3.1226108305914533,-0.024715019233596,-0.053548458762666874,0.0,0.0,0.0,0.0,0.0,0.0,-0.6018035439266741,-9.172182633944105,-16.361459145974607,0.2934698960492128,0.026381494916183423,0.015365065497819717,0.6496582627296448,-1.2680667501739045,-2.385293960571289,-1.0968450170806427,1.5808130502700806,-0.9056652227984827,0.6496292948722839,-1.2680666607669373,-2.385249137878418,-1.0968020421317597,1.5808424949645996,-0.9056695143329065,1,7,1,0.0
6.235804102998372,0.44394970515378496,0.12080248070081126,0.24368075565994576,3.122550259094192,-0.024631901761685747,-0.05351268953178416,0.4439401565633589,0.12080570325978836,0.24369031278190795,3.1226108305914533,-0.024715019233596,-0.053548458762666874,0.0,0.0,0.0,0.0,0.0,0.0,-0.4660039676547777,-9.178967567643356,-15.974328948927399,0.29013037393708213,0.025776158168938232,0.019814058421800465,0.6496448516845703,-1.268091396694519,-2.3852479457855225,-1.0967987340739747,1.5807795524597168,-0.90570575395693,0.6496292948722839,-1.2680666607669373,-2.385249137878418,-1.0968020421317597,1.5808424949645996,-0.9056695143329065,1,7,1,0.0
6.243887399999949,0.4439464964681425,0.12079812817861876,0.24369247036575872,3.1226249850899217,-0.02480696858165399,-0.05352752664842786,0.4439401565633589,0.12080570325978836,0.24369031278190795,3.1226108305914533,-0.024715019233596,-0.053548458762666874,0.0,0.0,0.0,0.0,0.0,0.0,-0.8307664403310558,-9.33755985655586,-16.011184943292477,0.29169887994297,0.014555504985814826,0.021001506886529877,0.6496042609214783,-1.268066720371582,-2.385249137878418,-1.0967823427966614,1.580845832824707,-0.9056356588946741,0.6496292948722839,-1.2680666607669373,-2.385249137878418,-1.0968020421317597,1.5808424949645996,-0.9056695143329065,1,7,1,0.0
6.251840603999881,0.4439381502097416,0.12082840315802391,0.24368891815145957,3.1225923466616132,-0.02470848906278318,-0.053506044259228905,0.4439401565633589,0.12080570325978836,0.24369031278190795,3.1226108305914533,-0.024715019233596,-0.053548458762666874,0.0,0.0,0.0,0.0,0.0,0.0,-0.9895479137797845,-9.445864294021417,-16.01577816398807,0.302836586895803,0.014103900876711288,0.011197848227229615,0.6496909260749817,-1.268067644243576,-2.385253429412842,-1.0967868131450196,1.5808130502700806,-0.9056113401996058,0.6496292948722839,-1.2680666607669373,-2.385249137878418,-1.0968020421317597,1.5808424949645996,-0.9056695143329065,1,7,1,0.0
6.259850844999164,0.4439302639168498,0.12081594027604114,0.24367223806146204,3.122609232340958,-0.024632359058504333,-0.053590709098448784,0.4439401565633589,0.12080570325978836,0.24369031278190795,3.1226108305914533,-0.024715019233596,-0.053548458762666874,0.0,0.0,0.0,0.0,0.0,0.0,-1.0613943130721302,-9.196640097821055,-15.783411600886641,0.28892962148236084,0.010698419035592438,0.012027519488510314,0.6496539115905762,-1.2680837672999878,-2.3852696418762207,-1.0967868131450196,1.580857753753662,-0.9056981245623987,0.6496292948722839,-1.2680666607669373,-2.385249137878418,-1.0968020421317597,1.5808424949645996,-0.9056695143329065,1,7,1,0.0
6.267802316000598,0.44396758307228434,0.12080673657593041,0.24370556415472563,3.122627950630382,-0.02472736377780769,-0.05344421125508902,0.4439401565633589,0.12080570325978836,0.24369031278190795,3.1226108305914533,-0.024715019233596,-0.053548458762666874,0.0,0.0,0.0,0.0,0.0,0.0,-0.44425760621928384,-9.075134090905893,-16.17665065641826,0.28804600176514134,0.028758670764593004,0.01504387227551883,0.6496086120605469,-1.2680795353702088,-2.3852241039276123,-1.0967518848231812,1.5808130502700806,-0.9056814352618616,0.6496292948722839,-1.2680666607669373,-2.385249137878418,-1.0968020421317597,1.5808424949645996,-0.9056695143329065,1,7,1,0.0
6.275873689999571,0.44394919334791155,0.12082575073967934,0.24369167671311265,3.1226482356310057,-0.024664859161657404,-0.05349576007223386,0.4439401565633589,0.12080570325978836,0.24369031278190795,3.1226108305914533,-0.024715019233596,-0.053548458762666874,0.0,0.0,0.0,0.0,0.0,0.0,-0.34259258683015903,-9.615412444787136,-15.985499782800527,0.3127862346829278,0.027080773372126058,0.018698965241339315,0.649649441242218,-1.2680795651725312,-2.385249137878418,-1.096740023498871,1.5808502435684204,-0.9056814352618616,0.6496292948722839,-1.2680666607669373,-2.385249137878418,-1.0968020421317597,1.5808424949645996,-0.9056695143329065,1,7,1,0.0
6.283836383001471,0.4439604226168575,0.1208077188894191,0.24370270049576448,3.122618589472503,-0.024774275129337428,-0.05350045315008586,0.4439401565633589,0.12080570325978836,0.24369031278190795,3.1226108305914533,-0.024715019233596,-0.053548458762666874,0.0,0.0,0.0,0.0,0.0,0.0,-0.6455692411890157,-8.935570826651203,-16.062584106421273,0.2828159364472769,0.020170050720324857,0.009841907820783343,0.6496114730834961,-1.2680837672999878,-2.3852198123931885,-1.0967853230289002,1.5808295011520386,-0.9056490103351038,0.6496292948722839,-1.2680666607669373,-2.385249137878418,-1.0968020421317597,1.5808424949645996,-0.9056695143329065,1,7,1,0.0
6.291839829998935,0.44394119190452896,0.12081926255692046,0.2437083940613159,3.1226476038681277,-0.02477523849745506,-0.0535257613209269,0.4439401565633589,0.12080570325978836,0.24369031278190795,3.1226108305914533,-0.024715019233596,-0.053548458762666874,0.0,0.0,0.0,0.0,0.0,0.0,-0.7049708679257884,-9.355975729884891,-16.02291974739339,0.29721745659867727,0.021731651008414985,0.011949649613378388,0.6496412754058838,-1.2680471998504181,-2.385232925415039,-1.0968031746200104,1.5808637142181396,-0.9056194464312952,0.6496292948722839,-1.2680666607669373,-2.385249137878418,-1.0968020421317597,1.5808424949645996,-0.9056695143329065,1,7,1,0.0
6.299806308998086,0.4439234872833716,0.12078341072619753,0.2436557748417601,3.1225813944209944,-0.024814738779506348,-0.053622098040740473,0.4439401565633589,0.12080570325978836,0.24369031278190795,3.1226108305914533,-0.024715019233596,-0.053548458762666874,0.0,0.0,0.0,0.0,0.0,0.0,-0.7261931531805474,-9.267691024080895,-16.006442641046927,0.2929733694640963,0.012141876929383044,0.020239447648524665,0.6496070623397827,-1.2680795651725312,-2.385298252105713,-1.0967942637256165,1.5808502435684204,-0.9056280295001429,0.6496292948722839,-1.2680666607669373,-2.385249137878418,-1.0968020421317597,1.5808424949645996,-0.9056695143329065,1,7,1,0.0
6.3078335620011785,0.44391607009148876,0.12080750706751343,0.24365385298066983,3.12257762220096,-0.02472078427119172,-0.05364734929232951,0.4439401565633589,0.12080570325978836,0.24369031278190795,3.1226108305914533,-0.024715019233596,-0.053548458762666874,0.0,0.0,0.0,0.0,0.0,0.0,-0.7476136544039257,-9.437922725384482,-16.106139102524033,0.2958468569197191,0.018259540116371376,0.009025294769479837,0.6496583819389343,-1.2680871349624177,-2.385293960571289,-1.0968061846545716,1.580857753753662,-0.9056370894061487,0.6496292948722839,-1.2680666607669373,-2.385249137878418,-1.0968020421317597,1.5808424949645996,-0.9056695143329065,1,7,1,0.0
6.315800330998172,0.4439231419115935,0.12079365907724454,0.24367184499624645,3.122577820617199,-0.024717129702583593,-0.053639310807809405,0.4439401565633589,0.12080570325978836,0.24369031278190795,3.1226108305914533,-0.024715019233596,-0.053548458762666874,0.0,0.0,0.0,0.0,0.0,0.0,-0.16578750668654718,-9.367766327808104,-15.932228839588074,0.3036865646934822,0.03289776426891315,0.018078183336648773,0.6496250033378601,-1.268071011906006,-2.3852689266204834,-1.0968434673598786,1.5808533430099487,-0.905672852193014,0.6496292948722839,-1.2680666607669373,-2.385249137878418,-1.0968020421317597,1.5808424949645996,-0.9056695143329065,1,7,1,0.0
6.32381159400029,0.4439486836211448,0.12079773078709094,0.24368553610117283,3.1226064490341585,-0.024750794370067435,-0.05353630600487012,0.4439401565633589,0.12080570325978836,0.24369031278190795,3.1226108305914533,-0.024715019233596,-0.053548458762666874,0.0,0.0,0.0,0.0,0.0,0.0,-1.1292564941195131,-9.092988434545406,-16.212221373267184,0.28831685512455013,0.0043757483085765285,0.016497496786083463,0.6496070623397827,-1.268082932834961,-2.385249137878418,-1.0967823427966614,1.580833911895752,-0.9056685606585901,0.6496292948722839,-1.2680666607669373,-2.385249137878418,-1.0968020421317597,1.5808424949645996,-0.9056695143329065,1,7,1,0.0
6.331865617001313,0.44395052752172776,0.12082054393283702,0.24371667710869044,3.1226366555687424,-0.024605917989397905,-0.05341688982419974,0.4439401565633589,0.12080570325978836,0.24369031278190795,3.1226108305914533,-0.024715019233596,-0.053548458762666874,0.0,0.0,0.0,0.0,0.0,0.0,-0.6102800504633212,-9.544674052686252,-15.856501051869294,0.3029480929568798,0.017067899043788304,0.017911794671027284,0.649661123752594,-1.26803012311969,-2.385237216949463,-1.0967697364142914,1.5808086395263672,-0.9057067076312464,0.6496292948722839,-1.2680666607669373,-2.385249137878418,-1.0968020421317597,1.5808424949645996,-0.9056695143329065,1,7,1,0.0
6.339833448000718,0.443942363863561,0.12080382434396295,0.2437104743229766,3.1226261870902747,-0.024741512743842474,-0.053473903545039496,0.4439401565633589,0.12080570325978836,0.24369031278190795,3.1226108305914533,-0.024715019233596,-0.053548458762666874,0.0,0.0,0.0,0.0,0.0,0.0,-0.45250022932262834,-9.281089595476407,-15.913737295415048,0.3006317703522894,0.02522092938711103,0.018256416139080855,0.649632453918457,-1.268025891189911,-2.385244846343994,-1.096800373201706,1.5808249711990356,-0.9056490103351038,0.6496292948722839,-1.2680666607669373,-2.385249137878418,-1.0968020421317597,1.5808424949645996,-0.9056695143329065,1,7,1,0.0
6.347944927998469,0.44392240126768684,0.12079320404025423,0.2436877661339794,3.122597513308187,-0.024677989906261095,-0.053583970557812236,0.4439401565633589,0.12080570325978836,0.24369031278190795,3.1226108305914533,-0.024715019233596,-0.053548458762666874,0.0,0.0,0.0,0.0,0.0,0.0,-0.16183497434991545,-9.15424674029678,-16.055741895618265,0.2850384226048701,0.027922155878530686,0.018546562206035653,0.6496294140815735,-1.2680343848517914,-2.3852689266204834,-1.0968406659415741,1.580845832824707,-0.9056933561908167,0.6496292948722839,-1.2680666607669373,-2.385249137878418,-1.0968020421317597,1.5808424949645996,-0.9056695143329065,1,7,1,0.0
6.355810297998687,0.44393751920315455,0.12081817944914709,0.24367826698928663,3.1225676315886624,-0.024638345565641772,-0.053570191747476265,0.4439401565633589,0.12080570325978836,0.24369031278190795,3.1226108305914533,-0.024715019233596,-0.053548458762666874,0.0,0.0,0.0,0.0,0.0,0.0,-0.8600761731138389,-9.433230595084181,-15.895115065994473,0.3009885620718447,0.022722616038946635,0.02515945554977484,0.6496702432632446,-1.2680914264968415,-2.385249137878418,-1.0968150955489655,1.5808175802230835,-0.9056771437274378,0.6496292948722839,-1.2680666607669373,-2.385249137878418,-1.0968020421317597,1.5808424949645996,-0.9056695143329065,1,7,1,0.0
6.363807593999809,0.4439464207758268,0.12079803629295714,0.2436963514225885,3.122632256165747,-0.024683499303467266,-0.05351908213204745,0.4439401565633589,0.12080570325978836,0.24369031278190795,3.1226108305914533,-0.024715019233596,-0.053548458762666874,0.0,0.0,0.0,0.0,0.0,0.0,-0.8171362357481957,-9.422308460910546,-15.954585769947629,0.3017531153476754,0.025933707140953076,0.010933353187405842,0.6496042013168335,-1.2680590611747284,-2.3852479457855225,-1.0967833560756226,1.580845832824707,-0.9057148138629358,0.6496292948722839,-1.2680666607669373,-2.385249137878418,-1.0968020421317597,1.5808424949645996,-0.9056695143329065,1,7,1,0.0
6.37181432899888,0.44394099357576605,0.12082730444080622,0.24369937226747262,3.1226208400034383,-0.02469248394766834,-0.05362885488528112,0.4439401565633589,0.12080570325978836,0.24369031278190795,3.1226108305914533,-0.024715019233596,-0.053548458762666874,0.0,0.0,0.0,0.0,0.0,0.0,-0.1612410495570783,-8.893349257614297,-16.05178700225799,0.2923669068432476,0.03212184251982401,0.012652191828192402,0.6496457457542419,-1.2680914264968415,-2.3852078914642334,-1.0968522888473053,1.5808831453323364,-0.9056685606585901,0.6496292948722839,-1.2680666607669373,-2.385249137878418,-1.0968020421317597,1.5808424949645996,-0.9056695143329065,1,7,1,0.0
6.3798690420007915,0.4439348697872891,0.12079455421928866,0.24367411106322,3.1225712299533392,-0.024754452894137705,-0.053550307563157366,0.4439401565633589,0.12080570325978836,0.24369031278190795,3.1226108305914533,-0.024715019233596,-0.053548458762666874,0.0,0.0,0.0,0.0,0.0,0.0,-0.4873021895347933,-8.899636795555011,-16.136443284975574,0.2813971598590398,0.028134802346862674,0.01846494267582381,0.649632453918457,-1.268071011906006,-2.3852732181549072,-1.096798763876297,1.5808130502700806,-0.9056404272662562,0.6496292948722839,-1.2680666607669373,-2.385249137878418,-1.0968020421317597,1.5808424949645996,-0.9056695143329065,1,7,1,0.0
6.3876548830012325,0.4439467851285445,0.12080303220626613,0.24369075096274068,3.1226073956993337,-0.02476735257314197,-0.05356252535448715,0.4439401565633589,0.12080570325978836,0.24369031278190795,3.1226108305914533,-0.024715019233596,-0.053548458762666874,0.0,0.0,0.0,0.0,0.0,0.0,-0.5114055519619934,-9.433322907246149,-16.229205390537107,0.30120467556735225,0.024866812205019767,0.024873579001572877,0.6496130228042603,-1.2680828732303162,-2.3852360248565674,-1.0968077939799805,1.580845832824707,-0.9056523481952112,0.6496292948722839,-1.2680666607669373,-2.385249137878418,-1.0968020421317597,1.5808424949645996,-0.9056695143329065,1,7,1,0.0
6.395805026000744,0.44394074983108783,0.1207877140412219,0.24367977895305726,3.1225225559811713,-0.024743095195909334,-0.05360572090343466,0.4439401565633589,0.12080570325978836,0.24369031278190795,3.1226108305914533,-0.024715019233596,-0.053548458762666874,0.0,0.0,0.0,0.0,0.0,0.0,-0.6729454074431533,-9.422779785152114,-15.964485138518638,0.29805701041898297,0.013396769775736882,0.026770459201682514,0.649620532989502,-1.2680914264968415,-2.3852360248565674,-1.0968733590892334,1.580796718597412,-0.9056595007525843,0.6496292948722839,-1.2680666607669373,-2.385249137878418,-1.0968020421317597,1.5808424949645996,-0.9056695143329065,1,7,1,0.0
6.403894704999402,0.44395688325669963,0.12078618411207515,0.24368429532397706,3.1225733442985053,-0.024719121833168656,-0.053468236613570745,0.4439401565633589,0.12080570325978836,0.24369031278190795,3.1226108305914533,-0.024715019233596,-0.053548458762666874,0.0,0.0,0.0,0.0,0.0,0.0,-0.6525442517997195,-9.272522926758649,-15.869922119800675,0.2878644568025151,0.0249503632846026,0.012972464346054308,0.6496041417121887,-1.2680795055678864,-2.38525652885437,-1.096765325670578,1.5807796716690063,-0.9056904951678675,0.6496292948722839,-1.2680666607669373,-2.385249137878418,-1.0968020421317597,1.5808424949645996,-0.9056695143329065,1,7,1,0.0
6.4121103389989,0.4439418442782509,0.12081300462209038,0.24368645270759975,3.1226037578581525,-0.02474106212933259,-0.05351577651810042,0.4439401565633589,0.12080570325978836,0.24369031278190795,3.1226108305914533,-0.024715019233596,-0.053548458762666874,0.0,0.0,0.0,0.0,0.0,0.0,-0.3221041113719894,-9.676062295781085,-15.80155975954595,0.30731793409012387,0.03271497117964141,0.00784510732477442,0.6496502757072449,-1.268071011906006,-2.385256767272949,-1.0967779022506257,1.5808249711990356,-0.9056313673602503,0.6496292948722839,-1.2680666607669373,-2.385249137878418,-1.0968020421317597,1.5808424949645996,-0.9056695143329065,1,7,1,0.0
6.41988626300008,0.443944378574007,0.12078773246252883,0.2436887031532865,3.122629036839336,-0.024735006676017572,-0.053524521080887476,0.4439401565633589,0.12080570325978836,0.24369031278190795,3.1226108305914533,-0.024715019233596,-0.053548458762666874,0.0,0.0,0.0,0.0,0.0,0.0,-0.5624003761195212,-9.566431069855925,-16.003220135923453,0.2998446999090953,0.01342443181806317,0.01885168870959853,0.649587869644165,-1.2680591505816956,-2.3852622509002686,-1.0967734020999451,1.580845832824707,-0.9056981245623987,0.6496292948722839,-1.2680666607669373,-2.385249137878418,-1.0968020421317597,1.5808424949645996,-0.9056695143329065,1,7,1,0.0
6.428135589998419,0.4439413526209167,0.12077946899824493,0.24368431789522058,3.1225913510607617,-0.0247878540996163,-0.05356594693281849,0.4439401565633589,0.12080570325978836,0.24369031278190795,3.1226108305914533,-0.024715019233596,-0.053548458762666874,0.0,0.0,0.0,0.0,0.0,0.0,-0.944027673850972,-8.99909103345882,-15.936224573394156,0.28161374857068083,0.01854290075528943,0.010376686163355658,0.6495834589004517,-1.2680667501739045,-2.38525652885437,-1.0968150955489655,1.580833911895752,-0.9056685606585901,0.6496292948722839,-1.2680666607669373,-2.385249137878418,-1.0968020421317597,1.5808424949645996,-0.9056695143329065,1,7,1,0.0
6.436112557999877,0.44393311326562396,0.1207856275417781,0.2436841821031943,3.122599414736445,-0.024780929251265797,-0.053559547854590175,0.4439401565633589,0.12080570325978836,0.24369031278190795,3.1226108305914533,-0.024715019233596,-0.053548458762666874,0.0,0.0,0.0,0.0,0.0,0.0,-0.37398925054255705,-9.328441402070316,-15.881973768183949,0.28684872533787614,0.032326738921605924,0.01650887352300314,0.6496042013168335,-1.2680505377105256,-2.3852689266204834,-1.0968106550029297,1.5808383226394653,-0.9056523481952112,0.6496292948722839,-1.2680666607669373,-2.385249137878418,-1.0968020421317597,1.5808424949645996,-0.9056695143329065,1,7,1,0.0
6.443961468001362,0.44393305956010126,0.12082086986339334,0.24370180657799226,3.122627941428447,-0.02467823593770945,-0.05352173735145455,0.4439401565633589,0.12080570325978836,0.24369031278190795,3.1226108305914533,-0.024715019233596,-0.053548458762666874,0.0,0.0,0.0,0.0,0.0,0.0,-0.560445922658761,-9.449024481761487,-16.06135182526526,0.3055515451158885,0.02943976298827673,0.009276443219144583,0.6496658325195312,-1.2680386465838929,-2.385249137878418,-1.096806214456894,1.580845832824707,-0.9056566397296351,0.6496292948722839,-1.2680666607669373,-2.385249137878418,-1.0968020421317597,1.5808424949645996,-0.9056695143329065,1,7,1,0.0
6.451668992998748,0.44394117907719444,0.12080172753181663,0.24367871021190857,3.1225733811641927,-0.024683542515690955,-0.053548996350218876,0.4439401565633589,0.12080570325978836,0.24369031278190795,3.1226108305914533,-0.024715019233596,-0.053548458762666874,0.0,0.0,0.0,0.0,0.0,0.0,-0.9210606913884434,-9.500364420017279,-16.14170066545764,0.3015613959106981,0.018367701135908025,0.006808862693838503,0.6496368646621704,-1.268082932834961,-2.385256767272949,-1.0968017739108582,1.5808130502700806,-0.9056814352618616,0.6496292948722839,-1.2680666607669373,-2.385249137878418,-1.0968020421317597,1.5808424949645996,-0.9056695143329065,1,7,1,0.0
6.459679753999808,0.44393867131548187,0.12081770625215624,0.24369221636948618,3.122636178381938,-0.024619662197149707,-0.05352102388536628,0.4439401565633589,0.12080570325978836,0.24369031278190795,3.1226108305914533,-0.024715019233596,-0.053548458762666874,0.0,0.0,0.0,0.0,0.0,0.0,-0.563625333797076,-9.34185576904291,-15.93062519115686,0.2968095625288624,0.0288286099387999,0.015627516120189436,0.649649441242218,-1.2680590909770508,-2.38525652885437,-1.0967734319022675,1.5808502435684204,-0.905710522328512,0.6496292948722839,-1.2680666607669373,-2.385249137878418,-1.0968020421317597,1.5808424949645996,-0.9056695143329065,1,7,1,0.0
6.467716675000702,0.44393878940873865,0.12081818005679561,0.2436846950672062,3.122622762412736,-0.02469239044026312,-0.05360370634839442,0.4439401565633589,0.12080570325978836,0.24369031278190795,3.1226108305914533,-0.024715019233596,-0.053548458762666874,0.0,0.0,0.0,0.0,0.0,0.0,-0.6490054909776892,-9.475092136219931,-15.579635907176318,0.30345055681519434,0.021398517851954107,0.0143101318163898,0.6496368646621704,-1.2680914562991639,-2.385240316390991,-1.096806214456894,1.5808740854263306,-0.9056771437274378,0.6496292948722839,-1.2680666607669373,-2.385249137878418,-1.0968020421317597,1.5808424949645996,-0.9056695143329065,1,7,1,0.0
6.475737105000007,0.4439037257178224,0.12076428739638392,0.24363082171384864,3.1225062077869596,-0.024794639372000497,-0.053694222803019206,0.4439401565633589,0.12080570325978836,0.24369031278190795,3.1226108305914533,-0.024715019233596,-0.053548458762666874,0.0,0.0,0.0,0.0,0.0,0.0,-0.5239496082567644,-9.158504784807821,-15.546187406666675,0.2854930195183219,0.016752020451282247,0.012065702674785034,0.6496161222457886,-1.2680795353702088,-2.3853299617767334,-1.0968450468829651,1.5808205604553223,-0.9056313673602503,0.6496292948722839,-1.2680666607669373,-2.385249137878418,-1.0968020421317597,1.5808424949645996,-0.9056695143329065,1,7,1,0.0
6.483690478999051,0.4439512882420232,0.12083039137553703,0.2437258575072226,3.12269801747305,-0.024743182853846777,-0.05347782132921089,0.4439401565633589,0.12080570325978836,0.24369031278190795,3.1226108305914533,-0.024715019233596,-0.053548458762666874,0.0,0.0,0.0,0.0,0.0,0.0,-0.5407934289087122,-9.144448058409186,-15.593960405978253,0.28591225135459136,0.02166325006446689,0.02168190659852951,0.6496368646621704,-1.2680386465838929,-2.3852155208587646,-1.0967743557742615,1.5808830261230469,-0.90564471880068,0.6496292948722839,-1.2680666607669373,-2.385249137878418,-1.0968020421317597,1.5808424949645996,-0.9056695143329065,1,7,1,0.0
6.492261597999459,0.4439235147195494,0.12077447427293794,0.24366291533939893,3.1226066130927252,-0.024789064911988436,-0.05358746351724283,0.4439401565633589,0.12080570325978836,0.24369031278190795,3.1226108305914533,-0.024715019233596,-0.053548458762666874,0.0,0.0,0.0,0.0,0.0,0.0,-0.3843841571623932,-9.249896942682525,-15.752057573186221,0.2952448359020407,0.028679590198624268,0.01605160990505039,0.6495878100395203,-1.2680548292449494,-2.3853068351745605,-1.0967779022506257,1.5808547735214233,-0.9056637922870081,0.6496292948722839,-1.2680666607669373,-2.385249137878418,-1.0968020421317597,1.5808424949645996,-0.9056695143329065,1,7,1,0.0
6.500244347000262,0.4439359284680777,0.12080043879879371,0.24367747054755418,3.1226271981711773,-0.024712172845691428,-0.053559427954883033,0.4439401565633589,0.12080570325978836,0.24369031278190795,3.1226108305914533,-0.024715019233596,-0.053548458762666874,0.0,0.0,0.0,0.0,0.0,0.0,-0.3243576901534909,-9.380546123212135,-15.515128874807212,0.3005015677221295,0.030543157555390728,0.019337733128677672,0.6496161222457886,-1.268071011906006,-2.3852732181549072,-1.0967690211585541,1.5808591842651367,-0.905684773121969,0.6496292948722839,-1.2680666607669373,-2.385249137878418,-1.0968020421317597,1.5808424949645996,-0.9056695143329065,1,7,1,0.0
6.50793989000158,0.443939873220073,0.12079458245791623,0.2436842875830018,3.1225792660657157,-0.024671416699101945,-0.053528081300249795,0.4439401565633589,0.12080570325978836,0.24369031278190795,3.1226108305914533,-0.024715019233596,-0.053548458762666874,0.0,0.0,0.0,0.0,0.0,0.0,0.3536140763744148,-8.9100627709124,-15.86966890255314,0.2792634699233173,0.04572839407587912,0.022426969301713326,0.6496278643608093,-1.2680633527091523,-2.385261058807373,-1.0968031746200104,1.5808086395263672,-0.9056981245623987,0.6496292948722839,-1.2680666607669373,-2.385249137878418,-1.0968020421317597,1.5808424949645996,-0.9056695143329065,1,7,1,0.0
6.516068001001258,0.44392752039819094,0.12080245000366424,0.24370322400036376,3.1226198631906135,-0.02467981069092079,-0.05355080699161345,0.4439401565633589,0.12080570325978836,0.24369031278190795,3.1226108305914533,-0.024715019233596,-0.053548458762666874,0.0,0.0,0.0,0.0,0.0,0.0,-0.3228811964320948,-9.541927028928235,-15.720118342936132,0.30462776168969435,0.03265454015686399,0.017745353536682183,0.6496369242668152,-1.268022434120514,-2.3852522373199463,-1.0968389374068757,1.5808502435684204,-0.905684773121969,0.6496292948722839,-1.2680666607669373,-2.385249137878418,-1.0968020421317597,1.5808424949645996,-0.9056695143329065,1,7,1,0.0
6.52398455599905,0.4439455613672024,0.12078763534488617,0.24367049927091938,3.1225752378142695,-0.024762628339922165,-0.05358640115753385,0.4439401565633589,0.12080570325978836,0.24369031278190795,3.1226108305914533,-0.024715019233596,-0.053548458762666874,0.0,0.0,0.0,0.0,0.0,0.0,-0.4852143144662795,-9.027157564199786,-15.733661179838592,0.2843091771813608,0.01662610038626888,0.016129255405994778,0.6495951414108276,-1.268103377228119,-2.38525652885437,-1.0967987042716523,1.5808295011520386,-0.905672852193014,0.6496292948722839,-1.2680666607669373,-2.385249137878418,-1.0968020421317597,1.5808424949645996,-0.9056695143329065,1,7,1,0.0
6.532005678000132,0.44396429082827393,0.12081672761350572,0.2436975700244211,3.1226102276099597,-0.02476224829409547,-0.053546218346789666,0.4439401565633589,0.12080570325978836,0.24369031278190795,3.1226108305914533,-0.024715019233596,-0.053548458762666874,0.0,0.0,0.0,0.0,0.0,0.0,-0.09525456881499877,-9.79558684652868,-15.570017214915062,0.3071243159563595,0.025126534575803355,0.017192729888862664,0.6496161222457886,-1.268116222029068,-2.3852033615112305,-1.0967972737601777,1.5808414220809937,-0.9056523481952112,0.6496292948722839,-1.2680666607669373,-2.385249137878418,-1.0968020421317597,1.5808424949645996,-0.9056695143329065,1,7,1,0.0
6.540108171000611,0.4439317971355158,0.12077604284924469,0.243661193948198,3.12257382688623,-0.02472297132994995,-0.05356103541314541,0.4439401565633589,0.12080570325978836,0.24369031278190795,3.1226108305914533,-0.024715019233596,-0.053548458762666874,0.0,0.0,0.0,0.0,0.0,0.0,-0.5631300048787493,-9.40515827523146,-16.07406532039861,0.2927154956239346,0.021388502675938458,0.013741658909427619,0.6495997309684753,-1.2680709821036835,-2.385298252105713,-1.0967779022506257,1.5808175802230835,-0.9056933561908167,0.6496292948722839,-1.2680666607669373,-2.385249137878418,-1.0968020421317597,1.5808424949645996,-0.9056695143329065,1,7,1,0.0
6.547702333999041,0.443927495017419,0.1208095545964334,0.24369819543317373,3.1226420025240063,-0.02474312725671005,-0.05356400818074894,0.4439401565633589,0.12080570325978836,0.24369031278190795,3.1226108305914533,-0.024715019233596,-0.053548458762666874,0.0,0.0,0.0,0.0,0.0,0.0,-0.8094150728203557,-9.191914521869979,-15.811918645978238,0.28139651846670144,0.022755122231348436,0.010123219712940062,0.6496368646621704,-1.268034355049469,-2.38525652885437,-1.096815125351288,1.5808740854263306,-0.90564471880068,0.6496292948722839,-1.2680666607669373,-2.385249137878418,-1.0968020421317597,1.5808424949645996,-0.9056695143329065,1,7,1,0.0
6.555846455001301,0.44391653178295765,0.12077707838352618,0.24365722198524908,3.1225665733297525,-0.024711444680502268,-0.05357325562904098,0.4439401565633589,0.12080570325978836,0.24369031278190795,3.1226108305914533,-0.024715019233596,-0.053548458762666874,0.0,0.0,0.0,0.0,0.0,0.0,-0.8222677768993691,-9.347319933077713,-15.951121885308547,0.30141422342762947,0.012390401464702602,0.026569056254321138,0.6496233940124512,-1.2680471700480958,-2.3853189945220947,-1.096791462307312,1.5808175802230835,-0.9056771437274378,0.6496292948722839,-1.2680666607669373,-2.385249137878418,-1.0968020421317597,1.5808424949645996,-0.9056695143329065,1,7,1,0.0
6.563684062999528,0.44395156628015225,0.12081028285513362,0.24369106053072548,3.122608397499054,-0.02475908514230837,-0.05349669568193279,0.4439401565633589,0.12080570325978836,0.24369031278190795,3.1226108305914533,-0.024715019233596,-0.053548458762666874,0.0,0.0,0.0,0.0,0.0,0.0,-0.5093293866178963,-8.994172999992543,-15.784832943169237,0.28760702807092353,0.0286852640334541,0.013328599677700708,0.6496338248252869,-1.2680795353702088,-2.385244846343994,-1.096768931751587,1.5808205604553223,-0.9056361357318323,0.6496292948722839,-1.2680666607669373,-2.385249137878418,-1.0968020421317597,1.5808424949645996,-0.9056695143329065,1,7,1,0.0
6.571840626998892,0.4439206261489355,0.12078663366914905,0.24369046338032962,3.1226132799934923,-0.02467720684082549,-0.05358445073194984,0.4439401565633589,0.12080570325978836,0.24369031278190795,3.1226108305914533,-0.024715019233596,-0.053548458762666874,0.0,0.0,0.0,0.0,0.0,0.0,-1.2907813871280203,-9.468179682586037,-15.722032380468637,0.29590339811299377,0.008696539981926833,0.017430746641256458,0.6496130228042603,-1.268022434120514,-2.3852732181549072,-1.0968389076045533,1.580857753753662,-0.905710522328512,0.6496292948722839,-1.2680666607669373,-2.385249137878418,-1.0968020421317597,1.5808424949645996,-0.9056695143329065,1,7,1,0.0
6.579920347998268,0.44391649139247236,0.12080185585813591,0.2436616666710663,3.1225799515482584,-0.02461870581154207,-0.053618456564785526,0.4439401565633589,0.12080570325978836,0.24369031278190795,3.1226108305914533,-0.024715019233596,-0.053548458762666874,0.0,0.0,0.0,0.0,0.0,0.0,-0.902904970620169,-9.133519477157373,-15.717131759510984,0.29568961250887504,0.00681970164296408,0.014704704719609451,0.6496539115905762,-1.2680676144412537,-2.385293960571289,-1.0968106550029297,1.580845832824707,-0.9057067076312464,0.6496292948722839,-1.2680666607669373,-2.385249137878418,-1.0968020421317597,1.5808424949645996,-0.9056695143329065,1,7,1,0.0
6.587843545999931,0.4439536801384269,0.1208110057530088,0.24369176462868883,3.1226125102819284,-0.024723342856929387,-0.05354311607334056,0.4439401565633589,0.12080570325978836,0.24369031278190795,3.1226108305914533,-0.024715019233596,-0.053548458762666874,0.0,0.0,0.0,0.0,0.0,0.0,-0.23363215777651242,-9.558432141527142,-15.841535973941099,0.2999202257625838,0.0335899349550341,0.017171217792828694,0.649620532989502,-1.268095688228943,-2.3852286338806152,-1.0967898231795807,1.5808414220809937,-0.905672852193014,0.6496292948722839,-1.2680666607669373,-2.385249137878418,-1.0968020421317597,1.5808424949645996,-0.9056695143329065,1,7,1,0.0
6.595881537999958,0.44395301053298275,0.12079689972977646,0.24368937256142992,3.1226284357018583,-0.02475094330537503,-0.05351346349013267,0.4439401565633589,0.12080570325978836,0.24369031278190795,3.1226108305914533,-0.024715019233596,-0.053548458762666874,0.0,0.0,0.0,0.0,0.0,0.0,-0.9481616702784013,-9.52035596655793,-16.077967780442624,0.2997154245356116,0.027663811123047395,0.008920990305695216,0.6495951414108276,-1.2680795353702088,-2.385249137878418,-1.09676085532222,1.5808414220809937,-0.9056804815875452,0.6496292948722839,-1.2680666607669373,-2.385249137878418,-1.0968020421317597,1.5808424949645996,-0.9056695143329065,1,7,1,0.0
6.603863426000316,0.44392298232480876,0.12080538339527365,0.24366689743054873,3.1225986098170186,-0.02469773216915493,-0.05369170900168744,0.4439401565633589,0.12080570325978836,0.24369031278190795,3.1226108305914533,-0.024715019233596,-0.053548458762666874,0.0,0.0,0.0,0.0,0.0,0.0,-0.5015034472319069,-9.341029357711735,-15.760660098750467,0.2925870176651733,0.019200616405555124,0.01655632008588799,0.6496263146400452,-1.2680957478335877,-2.3852603435516357,-1.096840576534607,1.5808905363082886,-0.905684773121969,0.6496292948722839,-1.2680666607669373,-2.385249137878418,-1.0968020421317597,1.5808424949645996,-0.9056695143329065,1,7,1,0.0
6.611896498998249,0.44393358865231436,0.12079820325810137,0.24367663382976346,3.12260179183287,-0.024724253826651808,-0.0536044342062267,0.4439401565633589,0.12080570325978836,0.24369031278190795,3.1226108305914533,-0.024715019233596,-0.053548458762666874,0.0,0.0,0.0,0.0,0.0,0.0,-0.2583278136268637,-9.36685841056663,-15.853674377283774,0.29439882854842514,0.03591426821664408,0.016490915895484466,0.6496161222457886,-1.2680795353702088,-2.385261058807373,-1.0968106550029297,1.580857753753662,-0.9056771437274378,0.6496292948722839,-1.2680666607669373,-2.385249137878418,-1.0968020421317597,1.5808424949645996,-0.9056695143329065,1,7,1,0.0
6.61980622199917,0.4439062547594693,0.12076782972663438,0.24362043394264668,3.122444729864745,-0.02470799066573436,-0.05368012073550966,0.4439401565633589,0.12080570325978836,0.24369031278190795,3.1226108305914533,-0.024715019233596,-0.053548458762666874,0.0,0.0,0.0,0.0,0.0,0.0,-0.6234241360573043,-9.250898901970485,-15.63360681324834,0.29160981305020717,0.015577015608774466,0.011243635279390473,0.649649441242218,-1.2681000095656891,-2.3853306770324707,-1.096855328684189,1.5807663202285767,-0.9056523481952112,0.6496292948722839,-1.2680666607669373,-2.385249137878418,-1.0968020421317597,1.5808424949645996,-0.9056695143329065,1,7,1,0.0
6.627940144000604,0.443925859818292,0.12078157964354448,0.24367400825829294,3.1225924678236856,-0.02467090947273334,-0.053536590598686984,0.4439401565633589,0.12080570325978836,0.24369031278190795,3.1226108305914533,-0.024715019233596,-0.053548458762666874,0.0,0.0,0.0,0.0,0.0,0.0,-0.3800304450691522,-9.166695162709864,-15.728222254878823,0.28994896655499286,0.02460944305625284,0.024050435305464038,0.6496160626411438,-1.2680386465838929,-2.385298252105713,-1.0967868131450196,1.5808219909667969,-0.905710522328512,0.6496292948722839,-1.2680666607669373,-2.385249137878418,-1.0968020421317597,1.5808424949645996,-0.9056695143329065,1,7,1,0.0
6.635807296999701,0.44394262699766157,0.12081014496974173,0.2436908447869982,3.122627671694598,-0.024752924257349602,-0.053481013528484424,0.4439401565633589,0.12080570325978836,0.24369031278190795,3.1226108305914533,-0.024715019233596,-0.053548458762666874,0.0,0.0,0.0,0.0,0.0,0.0,-0.6062213572142962,-8.9966819348924,-15.822557030715448,0.2857061069027762,0.02384483969092664,0.018103358137223018,0.6496412754058838,-1.2680548292449494,-2.385265350341797,-1.096753404741623,1.5808295011520386,-0.9056327978717249,0.6496292948722839,-1.2680666607669373,-2.385249137878418,-1.0968020421317597,1.5808424949645996,-0.9056695143329065,1,7,1,0.0
6.64371832300094,0.4439522054842461,0.12080123260117112,0.2437211901103141,3.122655165513936,-0.02473502823011595,-0.053442491066701195,0.4439401565633589,0.12080570325978836,0.24369031278190795,3.1226108305914533,-0.024715019233596,-0.053548458762666874,0.0,0.0,0.0,0.0,0.0,0.0,-0.6284221145235844,-9.222780335587245,-15.74692930854428,0.29107291401934804,0.020854184947272255,0.00972890334189954,0.6496086120605469,-1.2680224937251587,-2.385232925415039,-1.0967823427966614,1.580833911895752,-0.9056771437274378,0.6496292948722839,-1.2680666607669373,-2.385249137878418,-1.0968020421317597,1.5808424949645996,-0.9056695143329065,1,7,1,0.0
6.651870117999351,0.44392727289364836,0.12078560131456499,0.24366922904477417,3.1225822455913304,-0.024780125773070545,-0.05362959893147917,0.4439401565633589,0.12080570325978836,0.24369031278190795,3.1226108305914533,-0.024715019233596,-0.053548458762666874,0.0,0.0,0.0,0.0,0.0,0.0,-0.4912732787865576,-9.521291475632406,-15.90061486389857,0.3011579259342903,0.017144599335039045,0.017862142022873548,0.6496041417121887,-1.2680752736381073,-2.3852732181549072,-1.096827046280243,1.5808532238006592,-0.9056533018695276,0.6496292948722839,-1.2680666607669373,-2.385249137878418,-1.0968020421317597,1.5808424949645996,-0.9056695143329065,1,7,1,0.0
6.659846585000196,0.44394203689485734,0.12080497290982155,0.24365326078851401,3.122570453180778,-0.02479969797052135,-0.0536241954901708,0.4439401565633589,0.12080570325978836,0.24369031278190795,3.1226108305914533,-0.024715019233596,-0.053548458762666874,0.0,0.0,0.0,0.0,0.0,0.0,-0.42828234895702355,-9.167460668907259,-15.753552029751132,0.2900289712158316,0.02376166459921397,0.016455792409079628,0.6496250033378601,-1.2681366366199036,-2.385265350341797,-1.0967779022506257,1.5808428525924683,-0.9056194464312952,0.6496292948722839,-1.2680666607669373,-2.385249137878418,-1.0968020421317597,1.5808424949645996,-0.9056695143329065,1,7,1,0.0
6.667810549999558,0.44392008816388623,0.12080302685809965,0.24366411130314658,3.1225966799978857,-0.024692370451972232,-0.05364674121528688,0.4439401565633589,0.12080570325978836,0.24369031278190795,3.1226108305914533,-0.024715019233596,-0.053548458762666874,0.0,0.0,0.0,0.0,0.0,0.0,-1.0979872585353716,-9.476164095717518,-15.674155144684624,0.2979415575735494,0.008377373715462124,0.009550120219580053,0.6496368646621704,-1.2680795353702088,-2.3852808475494385,-1.096815125351288,1.5808711051940918,-0.9056771437274378,0.6496292948722839,-1.2680666607669373,-2.385249137878418,-1.0968020421317597,1.5808424949645996,-0.9056695143329065,1,7,1,0.0
6.675702028998785,0.4439211717556674,0.12081551487489457,0.24366793009350995,3.122602099900566,-0.02472942700688171,-0.0535799539952667,0.4439401565633589,0.12080570325978836,0.24369031278190795,3.1226108305914533,-0.024715019233596,-0.053548458762666874,0.0,0.0,0.0,0.0,0.0,0.0,-0.3611770294099631,-9.508152141892982,-15.578621166400355,0.3056406960019196,0.03479000211406928,0.018806066105675236,0.6496702432632446,-1.2680667501739045,-2.385289430618286,-1.0967823427966614,1.5808502435684204,-0.9056194464312952,0.6496292948722839,-1.2680666607669373,-2.385249137878418,-1.0968020421317597,1.5808424949645996,-0.9056695143329065,1,7,1,0.0
6.6836550519983575,0.44393227180045475,0.12077980971675273,0.24368571337443976,3.1226221206602656,-0.02474945188281489,-0.053548027942956836,0.4439401565633589,0.12080570325978836,0.24369031278190795,3.1226108305914533,-0.024715019233596,-0.053548458762666874,0.0,0.0,0.0,0.0,0.0,0.0,-0.3062398378757535,-9.680717401413185,-15.675602492089094,0.2991999887367617,0.024736927040747116,0.012496486455927337,0.649587869644165,-1.2680386465838929,-2.38527774810791,-1.0967942637256165,1.5808502435684204,-0.9056890646563929,0.6496292948722839,-1.2680666607669373,-2.385249137878418,-1.0968020421317597,1.5808424949645996,-0.9056695143329065,1,7,1,0.0
6.691807068000344,0.44394071399730856,0.12083384720096821,0.2437095811978296,3.1226537494871476,-0.02466822594261342,-0.053565106430798703,0.4439401565633589,0.12080570325978836,0.24369031278190795,3.1226108305914533,-0.024715019233596,-0.053548458762666874,0.0,0.0,0.0,0.0,0.0,0.0,-0.356550061786591,-9.471120187818817,-15.804750924054957,0.2996755843405695,0.02707949320355229,0.014187467715577622,0.6496583223342896,-1.2680633825114747,-2.38521671295166,-1.0968195658973237,1.5808831453323364,-0.9056714216815394,0.6496292948722839,-1.2680666607669373,-2.385249137878418,-1.0968020421317597,1.5808424949645996,-0.9056695143329065,1,7,1,0.0
6.6997793880000245,0.443959804241103,0.12080192082916276,0.24370496475851175,3.12256473813499,-0.024707143345468228,-0.05344898253886193,0.4439401565633589,0.12080570325978836,0.24369031278190795,3.1226108305914533,-0.024715019233596,-0.053548458762666874,0.0,0.0,0.0,0.0,0.0,0.0,-0.5548919077623696,-9.206350548564943,-15.803450504718798,0.29621526706386353,0.019972706481297963,0.017601031330014276,0.6496369242668152,-1.2680666905692597,-2.3852241039276123,-1.096806214456894,1.580766201019287,-0.9056652227984827,0.6496292948722839,-1.2680666607669373,-2.385249137878418,-1.0968020421317597,1.5808424949645996,-0.9056695143329065,1,7,1,0.0
6.707618087999435,0.4439368919516857,0.12079335067280632,0.243690718369412,3.1226332525233484,-0.024783279597182115,-0.053594721109496195,0.4439401565633589,0.12080570325978836,0.24369031278190795,3.1226108305914533,-0.024715019233596,-0.053548458762666874,0.0,0.0,0.0,0.0,0.0,0.0,-0.5092120291607926,-9.250132364809748,-15.698874634468464,0.29655224453491125,0.030494306688682724,0.0183190604076748,0.6495907306671143,-1.2680624586394806,-2.385249137878418,-1.0968150955489655,1.5808786153793335,-0.9056652227984827,0.6496292948722839,-1.2680666607669373,-2.385249137878418,-1.0968020421317597,1.5808424949645996,-0.9056695143329065,1,7,1,0.0
6.7158104090012785,0.44393958946661954,0.12079694636768737,0.24368446584773956,3.1225795169898443,-0.024631002045155084,-0.05351005861352958,0.4439401565633589,0.12080570325978836,0.24369031278190795,3.1226108305914533,-0.024715019233596,-0.053548458762666874,0.0,0.0,0.0,0.0,0.0,0.0,-0.38220146290913304,-9.165282570870708,-15.739215470368489,0.2868825840344724,0.024930800255484786,0.012076270211209434,0.6496368646621704,-1.2680590909770508,-2.385265350341797,-1.0967942637256165,1.5808011293411255,-0.9057148138629358,0.6496292948722839,-1.2680666607669373,-2.385249137878418,-1.0968020421317597,1.5808424949645996,-0.9056695143329065,1,7,1,0.0
6.723806011999841,0.4439272725977525,0.12080035505024841,0.2436818116793558,3.122647601502719,-0.024782325277816736,-0.053564512351300546,0.4439401565633589,0.12080570325978836,0.24369031278190795,3.1226108305914533,-0.024715019233596,-0.053548458762666874,0.0,0.0,0.0,0.0,0.0,0.0,-0.5541471324548464,-9.603425997054092,-15.555731725599868,0.30223453286394736,0.021652592146273845,-7.126173094626834e-05,0.6496174335479736,-1.2680471700480958,-2.385282039642334,-1.0967734319022675,1.5808786153793335,-0.9056389967547815,0.6496292948722839,-1.2680666607669373,-2.385249137878418,-1.0968020421317597,1.5808424949645996,-0.9056695143329065,1,7,1,0.0
6.731799712000793,0.4439393435494493,0.12082310447941697,0.2437056710590238,3.1226203347934787,-0.024657444063921338,-0.053496705190335406,0.4439401565633589,0.12080570325978836,0.24369031278190795,3.1226108305914533,-0.024715019233596,-0.053548458762666874,0.0,0.0,0.0,0.0,0.0,0.0,-0.34163631811676687,-9.47731046981448,-15.70657256483752,0.30146858775805874,0.03459408929289864,0.01633137196001687,0.6496701836585999,-1.2680429083159943,-2.385240316390991,-1.0968031746200104,1.5808295011520386,-0.9056652227984827,0.6496292948722839,-1.2680666607669373,-2.385249137878418,-1.0968020421317597,1.5808424949645996,-0.9056695143329065,1,7,1,0.0
6.739815242999612,0.44395478521138737,0.12080484016146528,0.2436933288035168,3.1225713048907844,-0.02472858205253088,-0.05351108120878833,0.4439401565633589,0.12080570325978836,0.24369031278190795,3.1226108305914533,-0.024715019233596,-0.053548458762666874,0.0,0.0,0.0,0.0,0.0,0.0,-0.10498778647093421,-9.330758654604116,-15.871872326706626,0.28615347511475125,0.03146585721201666,0.023823977456903053,0.649632453918457,-1.2680871945670624,-2.3852286338806152,-1.096807823782303,1.580796718597412,-0.9056566397296351,0.6496292948722839,-1.2680666607669373,-2.385249137878418,-1.0968020421317597,1.5808424949645996,-0.9056695143329065,1,7,1,0.0
6.747791860001598,0.4439187434375968,0.12080251480270832,0.2436814586000592,3.122652032942357,-0.024613589931494973,-0.05358097950849345,0.4439401565633589,0.12080570325978836,0.24369031278190795,3.1226108305914533,-0.024715019233596,-0.053548458762666874,0.0,0.0,0.0,0.0,0.0,0.0,-0.6547069476302485,-9.542850733867843,-15.79364938324193,0.2972387343898199,0.013411603485160852,0.02311600254332892,0.6496294140815735,-1.2680343848517914,-2.385289430618286,-1.0967853528312226,1.5808861255645752,-0.9057353178607386,0.6496292948722839,-1.2680666607669373,-2.385249137878418,-1.0968020421317597,1.5808424949645996,-0.9056695143329065,1,7,1,0.0
6.755795940000098,0.4439370487760789,0.12083375047809702,0.24368051755202635,3.1225887712615292,-0.024626949017875575,-0.05358713399829704,0.4439401565633589,0.12080570325978836,0.24369031278190795,3.1226108305914533,-0.024715019233596,-0.053548458762666874,0.0,0.0,0.0,0.0,0.0,0.0,-0.5186533701925083,-9.384659346543513,-15.827578865513452,0.29490265654612663,0.021388817139586236,0.015787197002658317,0.6496866345405579,-1.2680999797633667,-2.385240316390991,-1.0968106550029297,1.5808414220809937,-0.9056685606585901,0.6496292948722839,-1.2680666607669373,-2.385249137878418,-1.0968020421317597,1.5808424949645996,-0.9056695143329065,1,7,1,0.0
6.763797113999317,0.4439561664948245,0.1208093543244126,0.24369739947259195,3.1226365761231776,-0.024762158064855294,-0.053465395043032056,0.4439401565633589,0.12080570325978836,0.24369031278190795,3.1226108305914533,-0.024715019233596,-0.053548458762666874,0.0,0.0,0.0,0.0,0.0,0.0,-0.3782677982145689,-9.34964456785921,-15.978694338685788,0.28576409877210684,0.028673588387791472,0.020318249113401517,0.649620532989502,-1.2680710417083283,-2.385244846343994,-1.096744493847229,1.5808295011520386,-0.9056475798236292,0.6496292948722839,-1.2680666607669373,-2.385249137878418,-1.0968020421317597,1.5808424949645996,-0.9056695143329065,1,7,1,0.0
6.7718170219995955,0.44392484231594553,0.12081950810373542,0.2436668237321581,3.1225949693364843,-0.024640057078606465,-0.053627680462352854,0.4439401565633589,0.12080570325978836,0.24369031278190795,3.1226108305914533,-0.024715019233596,-0.053548458762666874,0.0,0.0,0.0,0.0,0.0,0.0,-0.38226082760367663,-9.345247054754967,-15.753057160819214,0.29640104928944583,0.03539677891582021,0.013678620718790373,0.6496658325195312,-1.2680914562991639,-2.3852696418762207,-1.0968061846545716,1.5808621644973755,-0.9056814352618616,0.6496292948722839,-1.2680666607669373,-2.385249137878418,-1.0968020421317597,1.5808424949645996,-0.9056695143329065,1,7,1,0.0
6.779786947998218,0.44396748583759305,0.12080023508819039,0.2437155475547495,3.1226079766296992,-0.024785010066325466,-0.0534812300642099,0.4439401565633589,0.12080570325978836,0.24369031278190795,3.1226108305914533,-0.024715019233596,-0.053548458762666874,0.0,0.0,0.0,0.0,0.0,0.0,-0.24014109464850142,-9.46207582756855,-15.856893757108415,0.29496703533556773,0.0329008615296912,0.01891375642415408,0.6495966911315918,-1.2680752736381073,-2.385200023651123,-1.0968106550029297,1.5808130502700806,-0.9056566397296351,0.6496292948722839,-1.2680666607669373,-2.385249137878418,-1.0968020421317597,1.5808424949645996,-0.9056695143329065,1,7,1,0.0
6.78780059500059,0.44396010167040706,0.1207912434772876,0.24369711766426363,3.122606190125385,-0.024711737330559782,-0.05354125639829239,0.4439401565633589,0.12080570325978836,0.24369031278190795,3.1226108305914533,-0.024715019233596,-0.053548458762666874,0.0,0.0,0.0,0.0,0.0,0.0,-0.5101291150696986,-8.821606864073253,-15.887095839293712,0.2808976562071188,0.01944218373032146,0.007059564278519698,0.6495787501335144,-1.2680914562991639,-2.3852198123931885,-1.096806214456894,1.580833911895752,-0.9057219664203089,0.6496292948722839,-1.2680666607669373,-2.385249137878418,-1.0968020421317597,1.5808424949645996,-0.9056695143329065,1,7,1,0.0
6.795796678998158,0.4439427561723321,0.12078442428526012,0.24367071387589162,3.1225760438673933,-0.024722897263725837,-0.0535567774899979,0.4439401565633589,0.12080570325978836,0.24369031278190795,3.1226108305914533,-0.024715019233596,-0.053548458762666874,0.0,0.0,0.0,0.0,0.0,0.0,-0.41623138683187233,-9.418205417320516,-15.657277120636097,0.293912344785657,0.027511408873006012,0.012506716113649894,0.6495997905731201,-1.2680871945670624,-2.3852696418762207,-1.0967868131450196,1.5808175802230835,-0.9056933561908167,0.6496292948722839,-1.2680666607669373,-2.385249137878418,-1.0968020421317597,1.5808424949645996,-0.9056695143329065,1,7,1,0.0
6.803804676001164,0.44389887182922777,0.12077366643023077,0.24361593743996773,3.1224614344490655,-0.0246567893630329,-0.053724738372171836,0.4439401565633589,0.12080570325978836,0.24369031278190795,3.1226108305914533,-0.024715019233596,-0.053548458762666874,0.0,0.0,0.0,0.0,0.0,0.0,-1.2688740422096951,-9.204370553438412,-15.869382737940029,0.2938313498479733,0.0009518684452011464,0.007484577907172734,0.6496538519859314,-1.268103377228119,-2.3853349685668945,-1.096859799032547,1.580796718597412,-0.9056814352618616,0.6496292948722839,-1.2680666607669373,-2.385249137878418,-1.0968020421317597,1.5808424949645996,-0.9056695143329065,1,7,1,0.0
6.811913120000099,0.4439158791625328,0.12081500784331707,0.2436565987161875,3.1225864050791667,-0.024563303219320293,-0.05364731634369683,0.4439401565633589,0.12080570325978836,0.24369031278190795,3.1226108305914533,-0.024715019233596,-0.053548458762666874,0.0,0.0,0.0,0.0,0.0,0.0,-1.054211405063258,-9.419326219139915,-16.07339928955322,0.298532409622873,0.008040180150363237,0.015743491078675318,0.6496701836585999,-1.26808716476474,-2.385289430618286,-1.0968062442592164,1.5808621644973755,-0.9057262579547327,0.6496292948722839,-1.2680666607669373,-2.385249137878418,-1.0968020421317597,1.5808424949645996,-0.9056695143329065,1,7,1,0.0
6.819828984000196,0.4439282255786537,0.12078772424184571,0.24366698382463248,3.122582852097117,-0.024759650255856063,-0.05354683713236702,0.4439401565633589,0.12080570325978836,0.24369031278190795,3.1226108305914533,-0.024715019233596,-0.053548458762666874,0.0,0.0,0.0,0.0,0.0,0.0,-0.9918232725110344,-9.203345185662977,-15.599870648641623,0.29138833036443695,0.01627991711083093,0.014715206263494313,0.6496249437332153,-1.2680591207793732,-2.3852970600128174,-1.0967779022506257,1.5808205604553223,-0.90564471880068,0.6496292948722839,-1.2680666607669373,-2.385249137878418,-1.0968020421317597,1.5808424949645996,-0.9056695143329065,1,7,1,0.0
6.827794210999855,0.44393452674598505,0.12081573204713277,0.2436952414684717,3.12262683298244,-0.024586582839951052,-0.053476638096470804,0.4439401565633589,0.12080570325978836,0.24369031278190795,3.1226108305914533,-0.024715019233596,-0.053548458762666874,0.0,0.0,0.0,0.0,0.0,0.0,-0.7364215185977196,-9.557592028858412,-15.656272253019528,0.29566244066741226,0.013848889334891383,0.019491218805118074,0.6496657729148865,-1.268034355049469,-2.3852696418762207,-1.096768931751587,1.5808249711990356,-0.9057148138629358,0.6496292948722839,-1.2680666607669373,-2.385249137878418,-1.0968020421317597,1.5808424949645996,-0.9056695143329065,1,7,1,0.0
6.835846770998614,0.4439335764152627,0.12079730840725351,0.24369170955508843,3.122595128094446,-0.024709002471209638,-0.05351681513107079,0.4439401565633589,0.12080570325978836,0.24369031278190795,3.1226108305914533,-0.024715019233596,-0.053548458762666874,0.0,0.0,0.0,0.0,0.0,0.0,-0.2985042530694798,-9.531570530077289,-15.46585716854335,0.29916775983681765,0.03615109956846158,0.01260454002722114,0.6496369242668152,-1.2680386465838929,-2.385265350341797,-1.0968078535846253,1.5808175802230835,-0.9056652227984827,0.6496292948722839,-1.2680666607669373,-2.385249137878418,-1.0968020421317597,1.5808424949645996,-0.9056695143329065,1,7,1,0.0
6.84371350299989,0.4439180022609673,0.12078378370384202,0.24364482057764877,3.1225327257312814,-0.02481299872016293,-0.05369322663093684,0.4439401565633589,0.12080570325978836,0.24369031278190795,3.1226108305914533,-0.024715019233596,-0.053548458762666874,0.0,0.0,0.0,0.0,0.0,0.0,-0.5998184006172417,-9.512267774042337,-15.85166400847622,0.29989002667221504,0.026056730080339843,0.013546370318613657,0.649620532989502,-1.2681033474257966,-2.3852906227111816,-1.096843497162201,1.5808414220809937,-0.9056156317340296,0.6496292948722839,-1.2680666607669373,-2.385249137878418,-1.0968020421317597,1.5808424949645996,-0.9056695143329065,1,7,1,0.0
6.851676365000458,0.44393144144780566,0.12080141498272894,0.2437155809444718,3.122642738706868,-0.02471322219928102,-0.05356579897575339,0.4439401565633589,0.12080570325978836,0.24369031278190795,3.1226108305914533,-0.024715019233596,-0.053548458762666874,0.0,0.0,0.0,0.0,0.0,0.0,-0.7464499303958726,-10.0655866757814,-15.891740425991863,0.3121213079563464,0.01843624832463564,0.01497413767008488,0.6496161222457886,-1.2680181723884125,-2.3852317333221436,-1.096856878404953,1.5808740854263306,-0.905684773121969,0.6496292948722839,-1.2680666607669373,-2.385249137878418,-1.0968020421317597,1.5808424949645996,-0.9056695143329065,1,7,1,0.0
6.859807070999523,0.44393551532479186,0.12080720734696108,0.24368418422515614,3.1225886998096106,-0.024735477551932675,-0.053597826292960456,0.4439401565633589,0.12080570325978836,0.24369031278190795,3.1226108305914533,-0.024715019233596,-0.053548458762666874,0.0,0.0,0.0,0.0,0.0,0.0,-0.044854089629777216,-9.427696046987162,-15.883978120782757,0.30024837809908883,0.04162162767677925,0.018249228579043424,0.6496368646621704,-1.2680795353702088,-2.385244846343994,-1.0968314868262787,1.580845832824707,-0.9056490103351038,0.6496292948722839,-1.2680666607669373,-2.385249137878418,-1.0968020421317597,1.5808424949645996,-0.9056695143329065,1,7,1,0.0
6.8678208390010695,0.4439448336080242,0.12076366092157749,0.2436624436123715,3.12256351640957,-0.024895642231655413,-0.05360711887377348,0.4439401565633589,0.12080570325978836,0.24369031278190795,3.1226108305914533,-0.024715019233596,-0.053548458762666874,0.0,0.0,0.0,0.0,0.0,0.0,-0.5030330681256461,-9.233361500000475,-15.641748658049918,0.2923876506192951,0.024445571202421038,0.005930325218062714,0.6495514512062073,-1.2681034070304413,-2.3852689266204834,-1.0968031746200104,1.5808295011520386,-0.9056313673602503,0.6496292948722839,-1.2680666607669373,-2.385249137878418,-1.0968020421317597,1.5808424949645996,-0.9056695143329065,1,7,1,0.0
6.876034760000039,0.4439433068002389,0.12078684459165538,0.2437065062168393,3.1226815400557397,-0.024832277878724395,-0.053489673622587226,0.4439401565633589,0.12080570325978836,0.24369031278190795,3.1226108305914533,-0.024715019233596,-0.053548458762666874,0.0,0.0,0.0,0.0,0.0,0.0,-0.8603270948108519,-9.411188351832466,-15.735168676945777,0.3017902987196916,0.01974012259470445,0.008626778287612455,0.64957195520401,-1.2680224639228364,-2.385261058807373,-1.0967608851245423,1.5808740854263306,-0.9056523481952112,0.6496292948722839,-1.2680666607669373,-2.385249137878418,-1.0968020421317597,1.5808424949645996,-0.9056695143329065,1,7,1,0.0
6.883645723999507,0.4439549194439432,0.12079407337238848,0.24369663378129885,3.1225882432729657,-0.024768632325084396,-0.053553191767989575,0.4439401565633589,0.12080570325978836,0.24369031278190795,3.1226108305914533,-0.024715019233596,-0.053548458762666874,0.0,0.0,0.0,0.0,0.0,0.0,-0.2940012478323478,-9.432043980420787,-16.024946901727407,0.2982015610658072,0.02869331988831815,0.01702596485757791,0.6495956182479858,-1.26808716476474,-2.3852198123931885,-1.096827046280243,1.5808264017105103,-0.9056685606585901,0.6496292948722839,-1.2680666607669373,-2.385249137878418,-1.0968020421317597,1.5808424949645996,-0.9056695143329065,1,7,1,0.0
6.8917951049988915,0.443923389142849,0.12079071954694255,0.24365277177889555,3.122545556933427,-0.024665081055942645,-0.0536446494805413,0.4439401565633589,0.12080570325978836,0.24369031278190795,3.1226108305914533,-0.024715019233596,-0.053548458762666874,0.0,0.0,0.0,0.0,0.0,0.0,-0.40540725161692814,-9.69889960028424,-15.71128263841523,0.30312449734103325,0.032174959510402876,0.013193662836165063,0.649632453918457,-1.26809577763591,-2.385286331176758,-1.0968242448619385,1.5808295011520386,-0.9056981245623987,0.6496292948722839,-1.2680666607669373,-2.385249137878418,-1.0968020421317597,1.5808424949645996,-0.9056695143329065,1,7,1,0.0
6.899658671998623,0.4439363160911649,0.12080853838496713,0.24368361577378791,3.1226413159090725,-0.024729477451571457,-0.05355638530456973,0.4439401565633589,0.12080570325978836,0.24369031278190795,3.1226108305914533,-0.024715019233596,-0.053548458762666874,0.0,0.0,0.0,0.0,0.0,0.0,-0.9722241157107391,-9.069082400492137,-15.831088827397807,0.2863943290645358,0.008279007681726935,0.018035944643630036,0.6496248245239258,-1.2680676740458985,-2.385265350341797,-1.0967697960189362,1.5808696746826172,-0.9056652227984827,0.6496292948722839,-1.2680666607669373,-2.385249137878418,-1.0968020421317597,1.5808424949645996,-0.9056695143329065,1,7,1,0.0
6.907839250998222,0.4439445982992824,0.12078281965275774,0.24371071024652907,3.122658322958096,-0.024819022113253104,-0.05352849365218011,0.4439401565633589,0.12080570325978836,0.24369031278190795,3.1226108305914533,-0.024715019233596,-0.053548458762666874,0.0,0.0,0.0,0.0,0.0,0.0,-1.040438758566972,-9.051731599635733,-15.911091491361633,0.29307808721683104,0.00707974918924835,0.005315391606825516,0.6495643258094788,-1.2680300337127228,-2.385240316390991,-1.0968078535846253,1.5808711051940918,-0.9056685606585901,0.6496292948722839,-1.2680666607669373,-2.385249137878418,-1.0968020421317597,1.5808424949645996,-0.9056695143329065,1,7,1,0.0
6.915663905001566,0.44392402210607596,0.1208227341469907,0.24367377187305284,3.1226306947564497,-0.024660953882595604,-0.0535906026825712,0.4439401565633589,0.12080570325978836,0.24369031278190795,3.1226108305914533,-0.024715019233596,-0.053548458762666874,0.0,0.0,0.0,0.0,0.0,0.0,-0.7996100218637014,-9.296715180611582,-15.981712734344239,0.29496153400670017,0.018765002895127628,0.016274925283236492,0.6496655344963074,-1.2680709821036835,-2.38527774810791,-1.0967778724483033,1.5808755159378052,-0.9056685606585901,0.6496292948722839,-1.2680666607669373,-2.385249137878418,-1.0968020421317597,1.5808424949645996,-0.9056695143329065,1,7,1,0.0
6.9238180040010775,0.44393842851422616,0.1207910192498358,0.2436905831163057,3.122582445396891,-0.02478328964686247,-0.053588394276521685,0.4439401565633589,0.12080570325978836,0.24369031278190795,3.1226108305914533,-0.024715019233596,-0.053548458762666874,0.0,0.0,0.0,0.0,0.0,0.0,-0.564571721984329,-8.981031040526029,-15.958604774223133,0.2836451706649921,0.017153640952770943,0.014641351089312454,0.6496075391769409,-1.268066720371582,-2.385240316390991,-1.096847878103592,1.5808368921279907,-0.9056475798236292,0.6496292948722839,-1.2680666607669373,-2.385249137878418,-1.0968020421317597,1.5808424949645996,-0.9056695143329065,1,7,1,0.0
6.931862639001338,0.4439427970511831,0.12080553159694221,0.24369208078772073,3.1226177898466414,-0.024652186903499816,-0.05350552197650937,0.4439401565633589,0.12080570325978836,0.24369031278190795,3.1226108305914533,-0.024715019233596,-0.053548458762666874,0.0,0.0,0.0,0.0,0.0,0.0,-0.6396704048171571,-9.09733511309255,-15.75121703935202,0.285055713482211,0.011199376909262768,0.016695704713859505,0.649632453918457,-1.2680581671050568,-2.38525652885437,-1.096777932052948,1.5808295011520386,-0.9057062307940882,0.6496292948722839,-1.2680666607669373,-2.385249137878418,-1.0968020421317597,1.5808424949645996,-0.9056695143329065,1,7,1,0.0
6.940076910999778,0.44393687299433604,0.12079819634887241,0.24367813514129041,3.1226058222621345,-0.02477917873793827,-0.05355344178673754,0.4439401565633589,0.12080570325978836,0.24369031278190795,3.1226108305914533,-0.024715019233596,-0.053548458762666874,0.0,0.0,0.0,0.0,0.0,0.0,-0.35070964119354076,-9.190792046834673,-15.929711869833234,0.28804629307297935,0.01954850873825227,0.01182937718598122,0.649620532989502,-1.2680710417083283,-2.3852696418762207,-1.0967823427966614,1.5808414220809937,-0.9056370894061487,0.6496292948722839,-1.2680666607669373,-2.385249137878418,-1.0968020421317597,1.5808424949645996,-0.9056695143329065,1,7,1,0.0
6.9479285449997406,0.44394393628010514,0.1208075117223422,0.2437053672206334,3.122652459840508,-0.024698721833800633,-0.05351842258669714,0.4439401565633589,0.12080570325978836,0.24369031278190795,3.1226108305914533,-0.024715019233596,-0.053548458762666874,0.0,0.0,0.0,0.0,0.0,0.0,-1.1288581702564526,-9.57990192008992,-15.68815538812588,0.3021755506810222,0.01362255012094793,0.012080410187066513,0.6496163010597229,-1.2680471998504181,-2.385240316390991,-1.0967898231795807,1.5808621644973755,-0.9056933561908167,0.6496292948722839,-1.2680666607669373,-2.385249137878418,-1.0968020421317597,1.5808424949645996,-0.9056695143329065,1,7,1,0.0
6.955898411000817,0.4439044111187985,0.12080134083336799,0.24365353037391538,3.1225909133152787,-0.024735730225852185,-0.05366516053017081,0.4439401565633589,0.12080570325978836,0.24369031278190795,3.1226108305914533,-0.024715019233596,-0.053548458762666874,0.0,0.0,0.0,0.0,0.0,0.0,-0.6584005319742132,-9.457357436667719,-16.219143156235006,0.2952566619067435,0.022084217263699437,0.02026044460740719,0.6496535539627075,-1.268062488441803,-2.385310173034668,-1.0968151551536103,1.5808755159378052,-0.9056327978717249,0.6496292948722839,-1.2680666607669373,-2.385249137878418,-1.0968020421317597,1.5808424949645996,-0.9056695143329065,1,7,1,0.0
6.963643947001401,0.44395316389374334,0.12079989851617688,0.24370239489729845,3.1226012408271653,-0.024657121981295282,-0.053445931482026025,0.4439401565633589,0.12080570325978836,0.24369031278190795,3.1226108305914533,-0.024715019233596,-0.053548458762666874,0.0,0.0,0.0,0.0,0.0,0.0,-0.7685310422382099,-8.873314330118841,-16.389420249595556,0.28182634897069525,0.020936438815414977,0.008072342220017967,0.6496279835700989,-1.2680505377105256,-2.385244846343994,-1.0967779022506257,1.5807923078536987,-0.9057067076312464,0.6496292948722839,-1.2680666607669373,-2.385249137878418,-1.0968020421317597,1.5808424949645996,-0.9056695143329065,1,7,1,0.0
6.971824765998463,0.4439258586406023,0.1207914935660931,0.24368008744992942,3.1226256087263953,-0.02470487776869025,-0.053517881849528895,0.4439401565633589,0.12080570325978836,0.24369031278190795,3.1226108305914533,-0.024715019233596,-0.053548458762666874,0.0,0.0,0.0,0.0,0.0,0.0,-0.1015578927685758,-9.006725213860337,-15.928400191404224,0.28669783959700296,0.03235664370696047,0.015884478238362164,0.6496237516403198,-1.2680300337127228,-2.385298252105713,-1.096765325670578,1.580841302871704,-0.9056814352618616,0.6496292948722839,-1.2680666607669373,-2.385249137878418,-1.0968020421317597,1.5808424949645996,-0.9056695143329065,1,7,1,0.0
6.979932389000169,0.44393282861811567,0.12080632619698674,0.2436626562149529,3.1225463040781483,-0.024631557372684878,-0.0535606687693301,0.4439401565633589,0.12080570325978836,0.24369031278190795,3.1226108305914533,-0.024715019233596,-0.053548458762666874,0.0,0.0,0.0,0.0,0.0,0.0,-0.13490302125026066,-9.244860308583489,-16.04714270647444,0.29692055674651746,0.032724108395237005,0.015625485397794167,0.649666428565979,-1.2680914861014863,-2.3852784633636475,-1.0967942637256165,1.580796718597412,-0.905684773121969,0.6496292948722839,-1.2680666607669373,-2.385249137878418,-1.0968020421317597,1.5808424949645996,-0.9056695143329065,1,7,1,0.0
6.9880573640002694,0.4439200078516509,0.12078195751529465,0.24366170632226947,3.1225943580067654,-0.024742725313708955,-0.053622580020968216,0.4439401565633589,0.12080570325978836,0.24369031278190795,3.1226108305914533,-0.024715019233596,-0.053548458762666874,0.0,0.0,0.0,0.0,0.0,0.0,-0.14835684509432912,-9.667718302409874,-15.909944222815323,0.3036044015620681,0.032977654750915804,0.018614304055215976,0.649604320526123,-1.2680633825114747,-2.385298252105713,-1.0968031746200104,1.5808591842651367,-0.9056771437274378,0.6496292948722839,-1.2680666607669373,-2.385249137878418,-1.0968020421317597,1.5808424949645996,-0.9056695143329065,1,7,1,0.0
6.995860697999888,0.4439277588665462,0.12077323511403501,0.2436461644544392,3.12253401312439,-0.024760603737047006,-0.05358371754821478,0.4439401565633589,0.12080570325978836,0.24369031278190795,3.1226108305914533,-0.024715019233596,-0.053548458762666874,0.0,0.0,0.0,0.0,0.0,0.0,-0.26318964893516217,-9.194658709853638,-16.092332863414732,0.28602222254146836,0.03000720573945791,0.020152844554156273,0.6496118903160095,-1.2680871945670624,-2.385310173034668,-1.0967853528312226,1.580796718597412,-0.9056566397296351,0.6496292948722839,-1.2680666607669373,-2.385249137878418,-1.0968020421317597,1.5808424949645996,-0.9056695143329065,1,7,1,0.0
7.00362480900003,0.44394192820782097,0.12080394388336793,0.24367286041835196,3.1225828495628667,-0.02469750188074074,-0.05356346995209649,0.4439401565633589,0.12080570325978836,0.24369031278190795,3.1226108305914533,-0.024715019233596,-0.053548458762666874,0.0,0.0,0.0,0.0,0.0,0.0,-0.7062713953942484,-9.480111917484958,-16.20886308323028,0.29482541917276334,0.021561560971440647,0.023100593903753283,0.649632453918457,-1.2680958074382325,-2.3852601051330566,-1.0967868131450196,1.5808264017105103,-0.9056771437274378,0.6496292948722839,-1.2680666607669373,-2.385249137878418,-1.0968020421317597,1.5808424949645996,-0.9056695143329065,1,7,1,0.0
7.0115283699997235,0.4439252070347967,0.12076967086844442,0.24366567530003957,3.122551127199254,-0.024792357123961044,-0.05360938468681369,0.4439401565633589,0.12080570325978836,0.24369031278190795,3.1226108305914533,-0.024715019233596,-0.053548458762666874,0.0,0.0,0.0,0.0,0.0,0.0,-0.6561757472757692,-9.475193340133504,-15.963365563706764,0.29601151068750015,0.021870268782941064,0.009973677939135587,0.6495956182479858,-1.2680624586394806,-2.385286331176758,-1.0968359571746369,1.5808205604553223,-0.9056533018695276,0.6496292948722839,-1.2680666607669373,-2.385249137878418,-1.0968020421317597,1.5808424949645996,-0.9056695143329065,1,7,1,0.0
7.019477587000438,0.4439415310932875,0.1208131855675973,0.24368318076832285,3.1225772339871956,-0.02471733971448067,-0.053556948620188685,0.4439401565633589,0.12080570325978836,0.24369031278190795,3.1226108305914533,-0.024715019233596,-0.053548458762666874,0.0,0.0,0.0,0.0,0.0,0.0,-0.4816949553566703,-9.40701355353183,-15.934559122946942,0.29776500869048705,0.02361687476092815,0.014880179611755336,0.6496535539627075,-1.2680871945670624,-2.385244846343994,-1.0968106550029297,1.5808205604553223,-0.9056432882892054,0.6496292948722839,-1.2680666607669373,-2.385249137878418,-1.0968020421317597,1.5808424949645996,-0.9056695143329065,1,7,1,0.0
7.027580270998442,0.4439562568969033,0.12079759849418556,0.24370934067318156,3.122622225375148,-0.024805601565838914,-0.053433039413823186,0.4439401565633589,0.12080570325978836,0.24369031278190795,3.1226108305914533,-0.024715019233596,-0.053548458762666874,0.0,0.0,0.0,0.0,0.0,0.0,-0.2824601819391729,-9.444736611551683,-15.906462113976602,0.2904083782794649,0.021577763784643676,0.012651578362732372,0.6496118307113647,-1.268042878513672,-2.385240316390991,-1.0967697662166138,1.5808056592941284,-0.9056280295001429,0.6496292948722839,-1.2680666607669373,-2.385249137878418,-1.0968020421317597,1.5808424949645996,-0.9056695143329065,1,7,1,0.0
7.0359248259992455,0.4439305898775713,0.12078399535273139,0.24366474595913568,3.1225386396113275,-0.02472895835710528,-0.05357460363900318,0.4439401565633589,0.12080570325978836,0.24369031278190795,3.1226108305914533,-0.024715019233596,-0.053548458762666874,0.0,0.0,0.0,0.0,0.0,0.0,-0.06186928118639101,-9.242796324589435,-15.912867512570141,0.2916162215451328,0.030618379678918322,0.010231699566238732,0.6496279835700989,-1.2680753034404297,-2.385282039642334,-1.0968181055835267,1.580796718597412,-0.9056609312640589,0.6496292948722839,-1.2680666607669373,-2.385249137878418,-1.0968020421317597,1.5808424949645996,-0.9056695143329065,1,7,1,0.0
7.043724442999519,0.44394749667578026,0.12080761833397402,0.24367710908114587,3.12260045224617,-0.024698166544740496,-0.05357850496912686,0.4439401565633589,0.12080570325978836,0.24369031278190795,3.1226108305914533,-0.024715019233596,-0.053548458762666874,0.0,0.0,0.0,0.0,0.0,0.0,-0.7878157829819334,-9.165239488315686,-15.87395953786196,0.2875835321466847,0.006018485042678263,0.011574683664434867,0.649620532989502,-1.2681076985648652,-2.385244846343994,-1.0967868131450196,1.580845832824707,-0.9056890646563929,0.6496292948722839,-1.2680666607669373,-2.385249137878418,-1.0968020421317597,1.5808424949645996,-0.9056695143329065,1,7,1,0.0
7.052238255000702,0.44393870054529877,0.12080548858576935,0.24369015114489398,3.122611333742591,-0.024742554481823175,-0.05348328020545394,0.4439401565633589,0.12080570325978836,0.24369031278190795,3.1226108305914533,-0.024715019233596,-0.053548458762666874,0.0,0.0,0.0,0.0,0.0,0.0,-0.38743223666154025,-9.02839740609101,-15.737866731314895,0.28530477742494614,0.02698694859484774,0.013609298436999007,0.6496448516845703,-1.2680462461761017,-2.3852696418762207,-1.0967689913562317,1.5808175802230835,-0.9056356588946741,0.6496292948722839,-1.2680666607669373,-2.385249137878418,-1.0968020421317597,1.5808424949645996,-0.9056695143329065,1,7,1,0.0
7.060025458999007,0.44393401828588175,0.12077465692469974,0.24366198486032187,3.122567841009008,-0.024810504002748715,-0.05357636732683163,0.4439401565633589,0.12080570325978836,0.24369031278190795,3.1226108305914533,-0.024715019233596,-0.053548458762666874,0.0,0.0,0.0,0.0,0.0,0.0,-0.7434417442870829,-9.524059605910956,-16.090690628360882,0.3054139042935075,0.015972737759740546,0.01035748592053656,0.649592399597168,-1.2680786413005372,-2.385289430618286,-1.0967898231795807,1.5808204412460327,-0.90564471880068,0.6496292948722839,-1.2680666607669373,-2.385249137878418,-1.0968020421317597,1.5808424949645996,-0.9056695143329065,1,7,1,0.0
7.0683142400012,0.4439438616277841,0.12079013404455538,0.24367803435031066,3.1225683482541915,-0.024677150060082226,-0.05352027092994751,0.4439401565633589,0.12080570325978836,0.24369031278190795,3.1226108305914533,-0.024715019233596,-0.053548458762666874,0.0,0.0,0.0,0.0,0.0,0.0,-0.7830674338467216,-9.296182552802236,-15.744042160168316,0.29704940326656193,0.02225043176560992,0.02366059882463218,0.649620532989502,-1.2680753034404297,-2.385265350341797,-1.0967898231795807,1.580796718597412,-0.9057014624225062,0.6496292948722839,-1.2680666607669373,-2.385249137878418,-1.0968020421317597,1.5808424949645996,-0.9056695143329065,1,7,1,0.0
7.076002259000234,0.4439378188904575,0.12078946307336667,0.24368159426818428,3.1226183910892877,-0.02475636663177153,-0.05358409538187457,0.4439401565633589,0.12080570325978836,0.24369031278190795,3.1226108305914533,-0.024715019233596,-0.053548458762666874,0.0,0.0,0.0,0.0,0.0,0.0,-0.5764332756354115,-9.359128372782852,-16.166642242236946,0.30142237274190004,0.018293825815070736,0.01766214324610429,0.649591326713562,-1.268071011906006,-2.385261058807373,-1.0967987340739747,1.5808621644973755,-0.9056814352618616,0.6496292948722839,-1.2680666607669373,-2.385249137878418,-1.0968020421317597,1.5808424949645996,-0.9056695143329065,1,7,1,0.0
7.0840207250003004,0.4439293682661517,0.12077644227161088,0.24364913300650698,3.1225560624933677,-0.024755311236525353,-0.053631114164020534,0.4439401565633589,0.12080570325978836,0.24369031278190795,3.1226108305914533,-0.024715019233596,-0.053548458762666874,0.0,0.0,0.0,0.0,0.0,0.0,-0.6844345360286375,-9.123487766711968,-15.91412374788453,0.297582614393023,0.01884761324414444,0.021956465537562198,0.6495956182479858,-1.2681000393680115,-2.385293960571289,-1.0967987340739747,1.5808324813842773,-0.9056771437274378,0.6496292948722839,-1.2680666607669373,-2.385249137878418,-1.0968020421317597,1.5808424949645996,-0.9056695143329065,1,7,1,0.0
7.091853514000832,0.4439266059487087,0.12082074784906809,0.24369375894139073,3.122638422053175,-0.024614990514126266,-0.05352605859536734,0.4439401565633589,0.12080570325978836,0.24369031278190795,3.1226108305914533,-0.024715019233596,-0.053548458762666874,0.0,0.0,0.0,0.0,0.0,0.0,-0.6156095791007988,-9.38796871511704,-15.85514840454167,0.29805577803622285,0.02602851096164845,0.008167573940674102,0.6496697664260864,-1.2680343252471467,-2.3852689266204834,-1.0967868131450196,1.5808547735214233,-0.9056933561908167,0.6496292948722839,-1.2680666607669373,-2.385249137878418,-1.0968020421317597,1.5808424949645996,-0.9056695143329065,1,7,1,0.0
7.099803171000531,0.4439489522507502,0.12083414812034719,0.24371072618160317,3.1226677482949095,-0.02461385696242801,-0.05345872842112517,0.4439401565633589,0.12080570325978836,0.24369031278190795,3.1226108305914533,-0.024715019233596,-0.053548458762666874,0.0,0.0,0.0,0.0,0.0,0.0,-0.159657606677147,-9.373803549118817,-15.773844016729415,0.2995723340737907,0.02881239084978049,0.020821357039556725,0.6496654748916626,-1.2680505377105256,-2.3852360248565674,-1.096751944427826,1.5808502435684204,-0.9056981245623987,0.6496292948722839,-1.2680666607669373,-2.385249137878418,-1.0968020421317597,1.5808424949645996,-0.9056695143329065,1,7,1,0.0
7.107845251000981,0.44394222350014007,0.12079263001202217,0.2436865676263478,3.122615176006962,-0.024748772515927654,-0.05354953642382557,0.4439401565633589,0.12080570325978836,0.24369031278190795,3.1226108305914533,-0.024715019233596,-0.053548458762666874,0.0,0.0,0.0,0.0,0.0,0.0,-0.19288370132499089,-8.905274138265423,-16.018647616585245,0.28415598187507335,0.031262567756417295,0.024727293969585923,0.649600088596344,-1.268067644243576,-2.38525652885437,-1.096791462307312,1.580845832824707,-0.9056771437274378,0.6496292948722839,-1.2680666607669373,-2.385249137878418,-1.0968020421317597,1.5808424949645996,-0.9056695143329065,1,7,1,0.0
7.115734655999404,0.44393877644319873,0.12083324586519052,0.24368624281274337,3.122615048913334,-0.02462678470424976,-0.053558881688481066,0.4439401565633589,0.12080570325978836,0.24369031278190795,3.1226108305914533,-0.024715019233596,-0.053548458762666874,0.0,0.0,0.0,0.0,0.0,0.0,-0.8204417322242421,-9.264623215108287,-15.890528207367069,0.28826905025189636,0.014242380605080221,0.009918989496959534,0.6496782898902893,-1.2680872243693848,-2.3852436542510986,-1.0967898231795807,1.5808502435684204,-0.9056771437274378,0.6496292948722839,-1.2680666607669373,-2.385249137878418,-1.0968020421317597,1.5808424949645996,-0.9056695143329065,1,7,1,0.0
7.123832500998105,0.4439277532885481,0.12078290652860349,0.2436750806785313,3.1225966158341234,-0.024724515402211895,-0.05359735366981129,0.4439401565633589,0.12080570325978836,0.24369031278190795,3.1226108305914533,-0.024715019233596,-0.053548458762666874,0.0,0.0,0.0,0.0,0.0,0.0,-0.4453644569028894,-9.461047023606724,-15.903996293878285,0.2962930043481504,0.03780192857383613,0.014588398960896249,0.649600088596344,-1.2680581671050568,-2.38527774810791,-1.096815125351288,1.5808502435684204,-0.9056928793536585,0.6496292948722839,-1.2680666607669373,-2.385249137878418,-1.0968020421317597,1.5808424949645996,-0.9056695143329065,1,7,1,0.0
7.1318418699993344,0.44393640743931384,0.12079539276801046,0.24367838460366836,3.1225810232306155,-0.024671434458473945,-0.053512980156156104,0.4439401565633589,0.12080570325978836,0.24369031278190795,3.1226108305914533,-0.024715019233596,-0.053548458762666874,0.0,0.0,0.0,0.0,0.0,0.0,-0.5016591886153617,-9.050634737104385,-15.673045248196946,0.2910906868905936,0.01724944099017365,0.018757663335184308,0.6496367454528809,-1.2680590909770508,-2.385277509689331,-1.0967823427966614,1.5808042287826538,-0.9056890646563929,0.6496292948722839,-1.2680666607669373,-2.385249137878418,-1.0968020421317597,1.5808424949645996,-0.9056695143329065,1,7,1,0.0
7.139828786999715,0.4439257618862433,0.12079151229258515,0.24365059880109483,3.1225724085772346,-0.024627953137021034,-0.053605784253576046,0.4439401565633589,0.12080570325978836,0.24369031278190795,3.1226108305914533,-0.024715019233596,-0.053548458762666874,0.0,0.0,0.0,0.0,0.0,0.0,-0.3616585909879439,-9.613894220656746,-15.868063822102226,0.29817649787222994,0.026748655501238026,0.02213499802968906,0.6496280431747437,-1.2680914562991639,-2.385301351547241,-1.0967779022506257,1.580833911895752,-0.9057262579547327,0.6496292948722839,-1.2680666607669373,-2.385249137878418,-1.0968020421317597,1.5808424949645996,-0.9056695143329065,1,7,1,0.0
7.147800284998084,0.4439503666091563,0.12079752499882745,0.24370470862013655,3.122621056056819,-0.024736601833110793,-0.053508853291006284,0.4439401565633589,0.12080570325978836,0.24369031278190795,3.1226108305914533,-0.024715019233596,-0.053548458762666874,0.0,0.0,0.0,0.0,0.0,0.0,-0.9135122685948363,-9.35488084198123,-15.641418950364786,0.29964114793996166,0.009648709529187,0.026834605406342943,0.649604320526123,-1.268055723314621,-2.385232925415039,-1.0968032044223328,1.580833911895752,-0.9056804815875452,0.6496292948722839,-1.2680666607669373,-2.385249137878418,-1.0968020421317597,1.5808424949645996,-0.9056695143329065,1,7,1,0.0
7.155838588001643,0.4439278106210715,0.12079472703605477,0.24368693090515156,3.122571655563183,-0.024658480326952673,-0.053541617350460674,0.4439401565633589,0.12080570325978836,0.24369031278190795,3.1226108305914533,-0.024715019233596,-0.053548458762666874,0.0,0.0,0.0,0.0,0.0,0.0,-1.1564452690773797,-9.34484263922774,-15.76881387089319,0.29697442764826176,0.006682745410260287,0.01742982100556892,0.6496453285217285,-1.268038586979248,-2.3852689266204834,-1.0968314868262787,1.5808086395263672,-0.9056890646563929,0.6496292948722839,-1.2680666607669373,-2.385249137878418,-1.0968020421317597,1.5808424949645996,-0.9056695143329065,1,7,1,0.0
7.163810848000139,0.4439296833198237,0.12078044043102855,0.243661871690589,3.1225617865656714,-0.024736511510227113,-0.05361265068041701,0.4439401565633589,0.12080570325978836,0.24369031278190795,3.1226108305914533,-0.024715019233596,-0.053548458762666874,0.0,0.0,0.0,0.0,0.0,0.0,-0.8520480625124648,-9.615339861762013,-15.821437325815973,0.3053256128630642,0.023134510167108033,0.02138430284898747,0.649604320526123,-1.268082932834961,-2.385282039642334,-1.096815125351288,1.5808295011520386,-0.9056804815875452,0.6496292948722839,-1.2680666607669373,-2.385249137878418,-1.0968020421317597,1.5808424949645996,-0.9056695143329065,1,7,1,0.0
7.1718319290012005,0.4439092668009018,0.12081221926034633,0.24365502799812733,3.12257081389449,-0.024621315111933478,-0.05362209044245008,0.4439401565633589,0.12080570325978836,0.24369031278190795,3.1226108305914533,-0.024715019233596,-0.053548458762666874,0.0,0.0,0.0,0.0,0.0,0.0,-0.5827400033392843,-9.08046618199419,-15.886275557195114,0.2852737726330457,0.024043539237960907,0.02406574194795573,0.6496859788894653,-1.268067644243576,-2.385305643081665,-1.0968061846545716,1.5808414220809937,-0.905672852193014,0.6496292948722839,-1.2680666607669373,-2.385249137878418,-1.0968020421317597,1.5808424949645996,-0.9056695143329065,1,7,1,0.0
7.179646653999953,0.4439500916442515,0.12082451170933277,0.24370640857492676,3.1226389712489424,-0.024724349460780084,-0.053552638885123675,0.4439401565633589,0.12080570325978836,0.24369031278190795,3.1226108305914533,-0.024715019233596,-0.053548458762666874,0.0,0.0,0.0,0.0,0.0,0.0,-0.11068354485039777,-9.91624775508705,-15.76257663880663,0.3089269461266044,0.03069413817791459,0.0155844812423686,0.6496367454528809,-1.2680795353702088,-2.3852121829986572,-1.0968106550029297,1.5808666944503784,-0.9056566397296351,0.6496292948722839,-1.2680666607669373,-2.385249137878418,-1.0968020421317597,1.5808424949645996,-0.9056695143329065,1,7,1,0.0
7.18763202899936,0.44391421443827495,0.12078849771334299,0.24364924483862066,3.1225762496021017,-0.024729321481458493,-0.05365601059753203,0.4439401565633589,0.12080570325978836,0.24369031278190795,3.1226108305914533,-0.024715019233596,-0.053548458762666874,0.0,0.0,0.0,0.0,0.0,0.0,-0.7506126368998409,-9.398536503075468,-16.006746792665282,0.2964886961623975,0.0144146780608104,0.008749796948437095,0.6496248245239258,-1.2680795651725312,-2.3853068351745605,-1.0968061846545716,1.5808590650558472,-0.9056652227984827,0.6496292948722839,-1.2680666607669373,-2.385249137878418,-1.0968020421317597,1.5808424949645996,-0.9056695143329065,1,7,1,0.0
7.19567842700053,0.4439394008373752,0.12080542221757702,0.24369198195352415,3.1226160402729013,-0.02467997326362038,-0.05354832892959471,0.4439401565633589,0.12080570325978836,0.24369031278190795,3.1226108305914533,-0.024715019233596,-0.053548458762666874,0.0,0.0,0.0,0.0,0.0,0.0,-0.04809794765450914,-9.34066085873222,-15.737757897194893,0.30348424406093333,0.04010421985492428,0.01172890766324774,0.6496279835700989,-1.2680624586394806,-2.385249137878418,-1.0968032044223328,1.580845832824707,-0.9056933561908167,0.6496292948722839,-1.2680666607669373,-2.385249137878418,-1.0968020421317597,1.5808424949645996,-0.9056695143329065,1,7,1,0.0
7.203843808001693,0.4439209154367665,0.12079400345808598,0.24364050090414746,3.12260588172691,-0.024814318240851046,-0.05363637876906651,0.4439401565633589,0.12080570325978836,0.24369031278190795,3.1226108305914533,-0.024715019233596,-0.053548458762666874,0.0,0.0,0.0,0.0,0.0,0.0,-0.481310256743654,-9.54976766386983,-15.693865439457124,0.2925457838547714,0.030049587449287724,0.014866464076902917,0.6496163010597229,-1.2681000393680115,-2.385317802429199,-1.096746103172638,1.5808755159378052,-0.9056194464312952,0.6496292948722839,-1.2680666607669373,-2.385249137878418,-1.0968020421317597,1.5808424949645996,-0.9056695143329065,1,7,1,0.0
7.211803854999744,0.4439346934703038,0.12078957095286523,0.2436752947507973,3.1225810768162305,-0.024697488640025765,-0.053587284072692816,0.4439401565633589,0.12080570325978836,0.24369031278190795,3.1226108305914533,-0.024715019233596,-0.053548458762666874,0.0,0.0,0.0,0.0,0.0,0.0,-0.5172414315531876,-9.398233720891879,-15.696237727204226,0.3023828183847112,0.028400368770051965,0.018279966416428234,0.64961177110672,-1.2680753034404297,-2.385265350341797,-1.096815125351288,1.580833911895752,-0.9056981245623987,0.6496292948722839,-1.2680666607669373,-2.385249137878418,-1.0968020421317597,1.5808424949645996,-0.9056695143329065,1,7,1,0.0
7.219833922001271,0.44392398089274143,0.12078783521533944,0.24367217724335807,3.1225914532442167,-0.024808981329220634,-0.053560943861918384,0.4439401565633589,0.12080570325978836,0.24369031278190795,3.1226108305914533,-0.024715019233596,-0.053548458762666874,0.0,0.0,0.0,0.0,0.0,0.0,-0.47040442175349584,-9.44882199843846,-15.792972101870545,0.2928791801364679,0.016289746400748192,0.019364969393113524,0.6496237516403198,-1.2680471700480958,-2.385293960571289,-1.096794293527939,1.580833911895752,-0.9056146780597132,0.6496292948722839,-1.2680666607669373,-2.385249137878418,-1.0968020421317597,1.5808424949645996,-0.9056695143329065,1,7,1,0.0
7.227909566001472,0.4439473722618568,0.1208054039625476,0.2437156413098368,3.122636458427219,-0.02474467320697474,-0.0535480301346978,0.4439401565633589,0.12080570325978836,0.24369031278190795,3.1226108305914533,-0.024715019233596,-0.053548458762666874,0.0,0.0,0.0,0.0,0.0,0.0,-0.5053689140490356,-9.307378775924114,-15.895918398271625,0.29459190763153625,0.01606727536049642,0.014106523506654079,0.6496075391769409,-1.2680505377105256,-2.3852121829986572,-1.096838967209198,1.5808621644973755,-0.905672852193014,0.6496292948722839,-1.2680666607669373,-2.385249137878418,-1.0968020421317597,1.5808424949645996,-0.9056695143329065,1,7,1,0.0
7.235830639001506,0.4439382577858301,0.1207837472279477,0.2436871682234703,3.122597103257327,-0.02479219300498952,-0.05353449829053233,0.4439401565633589,0.12080570325978836,0.24369031278190795,3.1226108305914533,-0.024715019233596,-0.053548458762666874,0.0,0.0,0.0,0.0,0.0,0.0,-0.6657367699978584,-9.446059939321664,-16.084444132839298,0.29461488599594887,0.023472809234638792,0.019023561597767878,0.6496000289916992,-1.2680505377105256,-2.385265350341797,-1.0968031746200104,1.5808264017105103,-0.9056490103351038,0.6496292948722839,-1.2680666607669373,-2.385249137878418,-1.0968020421317597,1.5808424949645996,-0.9056695143329065,1,7,1,0.0
7.243865567001194,0.4439290951086697,0.12080727801792081,0.2436672157175187,3.122622501138601,-0.024763080272559874,-0.05355298055654675,0.4439401565633589,0.12080570325978836,0.24369031278190795,3.1226108305914533,-0.024715019233596,-0.053548458762666874,0.0,0.0,0.0,0.0,0.0,0.0,-0.10421297295641818,-9.401843978548282,-15.822893649655311,0.29718709473802624,0.0419050368530616,0.015590421842966256,0.6496410369873047,-1.268071011906006,-2.385293960571289,-1.0967474740794678,1.5808547735214233,-0.9056270758258265,0.6496292948722839,-1.2680666607669373,-2.385249137878418,-1.0968020421317597,1.5808424949645996,-0.9056695143329065,1,7,1,0.0
7.2518618009999045,0.44393660187252704,0.12079207471632303,0.2436851666667912,3.1225648014626444,-0.02476204164408267,-0.053604432997642636,0.4439401565633589,0.12080570325978836,0.24369031278190795,3.1226108305914533,-0.024715019233596,-0.053548458762666874,0.0,0.0,0.0,0.0,0.0,0.0,-0.2074348828941196,-9.562130818709159,-15.765071342855135,0.2959860203650912,0.02612104184799432,0.009023456392149543,0.6496162414550781,-1.2680753034404297,-2.3852415084838867,-1.0968570870212098,1.5808295011520386,-0.9056523481952112,0.6496292948722839,-1.2680666607669373,-2.385249137878418,-1.0968020421317597,1.5808424949645996,-0.9056695143329065,1,7,1,0.0
7.2598193640005775,0.4439442427507548,0.12081137039092969,0.24369500132653876,3.1226342864115413,-0.024742914164634745,-0.05356239358374967,0.4439401565633589,0.12080570325978836,0.24369031278190795,3.1226108305914533,-0.024715019233596,-0.053548458762666874,0.0,0.0,0.0,0.0,0.0,0.0,-0.5407986311750622,-9.193796421892637,-15.816008085146082,0.2875319652074354,0.023420177756803197,0.0050501316725577675,0.649620532989502,-1.2680753332427521,-2.3852360248565674,-1.0967987340739747,1.5808666944503784,-0.9056609312640589,0.6496292948722839,-1.2680666607669373,-2.385249137878418,-1.0968020421317597,1.5808424949645996,-0.9056695143329065,1,7,1,0.0
7.2678355050011305,0.44394121714160134,0.12079814705701376,0.24365243220073063,3.122573833153158,-0.024762405784547036,-0.053627960861755634,0.4439401565633589,0.12080570325978836,0.24369031278190795,3.1226108305914533,-0.024715019233596,-0.053548458762666874,0.0,0.0,0.0,0.0,0.0,0.0,-0.3020698009828706,-9.273325914439377,-16.250403063950916,0.29378821126101273,0.02638888069200815,0.021602823691773812,0.64961177110672,-1.2681324642947693,-2.3852696418762207,-1.0967779022506257,1.580845832824707,-0.9056566397296351,0.6496292948722839,-1.2680666607669373,-2.385249137878418,-1.0968020421317597,1.5808424949645996,-0.9056695143329065,1,7,1,0.0
7.27584596700035,0.4439476600177553,0.12080943692697568,0.24369836347683949,3.12264360714099,-0.024795399457959,-0.053523858971418245,0.4439401565633589,0.12080570325978836,0.24369031278190795,3.1226108305914533,-0.024715019233596,-0.053548458762666874,0.0,0.0,0.0,0.0,0.0,0.0,-0.3929968419761163,-9.079286937130703,-15.81998967196447,0.2863843237133764,0.026333853415781112,0.011506341921755444,0.6496162414550781,-1.268066720371582,-2.385240316390991,-1.0967778128436585,1.5808591842651367,-0.9056313673602503,0.6496292948722839,-1.2680666607669373,-2.385249137878418,-1.0968020421317597,1.5808424949645996,-0.9056695143329065,1,7,1,0.0
7.283595028999116,0.4439215702304839,0.12078888543993563,0.2436466492704013,3.1225598295993158,-0.024749175297546357,-0.05362445155365296,0.4439401565633589,0.12080570325978836,0.24369031278190795,3.1226108305914533,-0.024715019233596,-0.053548458762666874,0.0,0.0,0.0,0.0,0.0,0.0,-0.5268698259617138,-9.095492479956471,-16.144552513294233,0.28187751897944935,0.02522750247777621,0.022075994736855932,0.6496291160583496,-1.2680915159038086,-2.385305643081665,-1.096789763574936,1.580833911895752,-0.9056475798236292,0.6496292948722839,-1.2680666607669373,-2.385249137878418,-1.0968020421317597,1.5808424949645996,-0.9056695143329065,1,7,1,0.0
7.291502326999762,0.4439214811606771,0.12080019894646982,0.24365518783336093,3.122623143357102,-0.02471849331830392,-0.05365524879775235,0.4439401565633589,0.12080570325978836,0.24369031278190795,3.1226108305914533,-0.024715019233596,-0.053548458762666874,0.0,0.0,0.0,0.0,0.0,0.0,-0.2776852492731591,-9.062792248933018,-15.862957389253172,0.2839172509596883,0.023186702678247118,0.00836249829747055,0.6496162414550781,-1.2680914861014863,-2.385293960571289,-1.0967778426459809,1.580894947052002,-0.9056814352618616,0.6496292948722839,-1.2680666607669373,-2.385249137878418,-1.0968020421317597,1.5808424949645996,-0.9056695143329065,1,7,1,0.0
7.299468867000542,0.44394728689466784,0.1208208289167798,0.24372232462059504,3.122642639432882,-0.024704727467219096,-0.053516528425886105,0.4439401565633589,0.12080570325978836,0.24369031278190795,3.1226108305914533,-0.024715019233596,-0.053548458762666874,0.0,0.0,0.0,0.0,0.0,0.0,-0.2941878529326668,-9.416207070202441,-15.739710699115182,0.2953884977096537,0.0236759313483735,0.015399248758845805,0.6496405601501465,-1.2680429083159943,-2.3852078914642334,-1.0968314868262787,1.5808547735214233,-0.9056652227984827,0.6496292948722839,-1.2680666607669373,-2.385249137878418,-1.0968020421317597,1.5808424949645996,-0.9056695143329065,1,7,1,0.0
7.307447858998785,0.4439424987735292,0.1208053057628118,0.24367275966244967,3.1225829209718596,-0.02469017733882085,-0.05357132041991803,0.4439401565633589,0.12080570325978836,0.24369031278190795,3.1226108305914533,-0.024715019233596,-0.053548458762666874,0.0,0.0,0.0,0.0,0.0,0.0,-0.6997360255398977,-9.365547503301045,-16.049810472617768,0.29199536652271896,0.01959871965787456,0.017116021484530203,0.649632453918457,-1.2681000393680115,-2.385256767272949,-1.0967898231795807,1.5808295011520386,-0.9056819120990198,0.6496292948722839,-1.2680666607669373,-2.385249137878418,-1.0968020421317597,1.5808424949645996,-0.9056695143329065,1,7,1,0.0
7.315827239999635,0.4439340951254399,0.12078421583762516,0.24367163645550483,3.1225543580727795,-0.024748368074684373,-0.053596319155761005,0.4439401565633589,0.12080570325978836,0.24369031278190795,3.1226108305914533,-0.024715019233596,-0.053548458762666874,0.0,0.0,0.0,0.0,0.0,0.0,-0.20859393120530428,-9.359165605508249,-16.103600619999547,0.2999281341074415,0.039351052226560164,0.020435414401701157,0.64961177110672,-1.2680795651725312,-2.385265350341797,-1.0968315464309235,1.5808175802230835,-0.9056652227984827,0.6496292948722839,-1.2680666607669373,-2.385249137878418,-1.0968020421317597,1.5808424949645996,-0.9056695143329065,1,7,1,0.0
7.323808986999211,0.44392890548819963,0.1207804222416972,0.24367576834059662,3.122569613663641,-0.02472896756637828,-0.05351534746550925,0.4439401565633589,0.12080570325978836,0.24369031278190795,3.1226108305914533,-0.024715019233596,-0.053548458762666874,0.0,0.0,0.0,0.0,0.0,0.0,-1.1053708320401758,-9.361842653303778,-15.877255334592364,0.29525306841432625,0.008530130494402375,0.01651590642772848,0.6496236324310303,-1.2680386167815705,-2.385293960571289,-1.096794293527939,1.5807968378067017,-0.9056652227984827,0.6496292948722839,-1.2680666607669373,-2.385249137878418,-1.0968020421317597,1.5808424949645996,-0.9056695143329065,1,7,1,0.0
7.331863670999155,0.4439414970627364,0.12078206873587612,0.24367502654982665,3.1225701450071393,-0.024813388844287274,-0.05360539791749223,0.4439401565633589,0.12080570325978836,0.24369031278190795,3.1226108305914533,-0.024715019233596,-0.053548458762666874,0.0,0.0,0.0,0.0,0.0,0.0,-0.579115245069621,-9.143780101674352,-16.189535309558863,0.2899863408606128,0.026307706641065128,0.013651859695764306,0.6495881080627441,-1.268091545706131,-2.3852522373199463,-1.0968271058848877,1.580833911895752,-0.9056475798236292,0.6496292948722839,-1.2680666607669373,-2.385249137878418,-1.0968020421317597,1.5808424949645996,-0.9056695143329065,1,7,1,0.0
7.339793331000692,0.4439346786324331,0.12080584067537725,0.2436624930523983,3.1225934043033416,-0.024801655032986886,-0.05361963987777376,0.4439401565633589,0.12080570325978836,0.24369031278190795,3.1226108305914533,-0.024715019233596,-0.053548458762666874,0.0,0.0,0.0,0.0,0.0,0.0,-0.18304284594896836,-9.249579424128488,-15.65002794476785,0.2968273703574962,0.03186426120243572,0.016861367206250026,0.6496279835700989,-1.2681076389602204,-2.3852689266204834,-1.0967868131450196,1.5808591842651367,-0.9056156317340296,0.6496292948722839,-1.2680666607669373,-2.385249137878418,-1.0968020421317597,1.5808424949645996,-0.9056695143329065,1,7,1,0.0
7.347822567000549,0.4439450589873787,0.12081928647624439,0.2436898145452081,3.12261122655453,-0.024652856501846482,-0.05359842287380718,0.4439401565633589,0.12080570325978836,0.24369031278190795,3.1226108305914533,-0.024715019233596,-0.053548458762666874,0.0,0.0,0.0,0.0,0.0,0.0,-0.7323818683727954,-9.139346791280339,-15.900464522904604,0.29411159444465185,0.010440536905495906,0.02057813296573943,0.6496366858482361,-1.2680990856936951,-2.3852241039276123,-1.096819595699646,1.5808621644973755,-0.9057024160968226,0.6496292948722839,-1.2680666607669373,-2.385249137878418,-1.0968020421317597,1.5808424949645996,-0.9056695143329065,1,7,1,0.0
7.355812519999745,0.4439425872342323,0.12082061140513295,0.24370748369388667,3.1226422697046607,-0.024685476904031486,-0.053506188065994886,0.4439401565633589,0.12080570325978836,0.24369031278190795,3.1226108305914533,-0.024715019233596,-0.053548458762666874,0.0,0.0,0.0,0.0,0.0,0.0,-0.9165570337386995,-9.438576943987178,-16.172655365781633,0.2931259486918162,0.01515325576879163,0.017813256501284253,0.6496493220329285,-1.2680471700480958,-2.3852360248565674,-1.0967942637256165,1.5808502435684204,-0.9056685606585901,0.6496292948722839,-1.2680666607669373,-2.385249137878418,-1.0968020421317597,1.5808424949645996,-0.9056695143329065,1,7,1,0.0
7.36381677999816,0.44393692111340816,0.12081767667473219,0.24368610440690652,3.1226283415943956,-0.024742991649803342,-0.05357931361246256,0.4439401565633589,0.12080570325978836,0.24369031278190795,3.1226108305914533,-0.024715019233596,-0.053548458762666874,0.0,0.0,0.0,0.0,0.0,0.0,-0.4494667474374451,-9.661189816924733,-15.957132575070332,0.30143476985546047,0.025653864836432297,0.013668507676840691,0.6496410369873047,-1.2680786413005372,-2.385249137878418,-1.0967942637256165,1.5808696746826172,-0.9056404272662562,0.6496292948722839,-1.2680666607669373,-2.385249137878418,-1.0968020421317597,1.5808424949645996,-0.9056695143329065,1,7,1,0.0
7.371795531998941,0.4439424391428975,0.12077804930939612,0.24365906882362937,3.1225267343826935,-0.024688450608662822,-0.053602230739915796,0.4439401565633589,0.12080570325978836,0.24369031278190795,3.1226108305914533,-0.024715019233596,-0.053548458762666874,0.0,0.0,0.0,0.0,0.0,0.0,-1.040589470535029,-9.503044636109097,-16.19196202139465,0.29708541386702053,0.009507656531448423,0.013443969219798551,0.6496000289916992,-1.2681120497039338,-2.385265350341797,-1.096819595699646,1.580796718597412,-0.9057148138629358,0.6496292948722839,-1.2680666607669373,-2.385249137878418,-1.0968020421317597,1.5808424949645996,-0.9056695143329065,1,7,1,0.0
7.379853792001086,0.4439122253511092,0.12080724775516555,0.2436825703470217,3.122611898886816,-0.024628185215430448,-0.05364830148146735,0.4439401565633589,0.12080570325978836,0.24369031278190795,3.1226108305914533,-0.024715019233596,-0.053548458762666874,0.0,0.0,0.0,0.0,0.0,0.0,-0.22036662076902086,-9.324903965341624,-16.13367587362504,0.29337925640414014,0.036922524337646444,0.01452009692841161,0.6496493220329285,-1.268042878513672,-2.3852689266204834,-1.096855418091156,1.5808830261230469,-0.9057062307940882,0.6496292948722839,-1.2680666607669373,-2.385249137878418,-1.0968020421317597,1.5808424949645996,-0.9056695143329065,1,7,1,0.0
7.387838235001254,0.443925050307565,0.12081656494789199,0.24365830229153262,3.1225869789121523,-0.024709395208330077,-0.053576885907176595,0.4439401565633589,0.12080570325978836,0.24369031278190795,3.1226108305914533,-0.024715019233596,-0.053548458762666874,0.0,0.0,0.0,0.0,0.0,0.0,-0.04719756532922614,-9.23978596421828,-16.068933460489554,0.29024914065821195,0.03885214452554691,0.022651036796925175,0.649674117565155,-1.2680872243693848,-2.385293960571289,-1.0967652958682557,1.5808368921279907,-0.9056280295001429,0.6496292948722839,-1.2680666607669373,-2.385249137878418,-1.0968020421317597,1.5808424949645996,-0.9056695143329065,1,7,1,0.0
7.395813980998355,0.44393422433907365,0.12078877290750259,0.24369314506952997,3.1226056130897826,-0.024723799690172,-0.053568642847199394,0.4439401565633589,0.12080570325978836,0.24369031278190795,3.1226108305914533,-0.024715019233596,-0.053548458762666874,0.0,0.0,0.0,0.0,0.0,0.0,-0.11159507259163137,-9.647479392580355,-15.95013316649892,0.3035135056654147,0.03404530013309909,0.02254951113038677,0.649604320526123,-1.2680462759784241,-2.385253429412842,-1.0968314868262787,1.580845832824707,-0.9056890646563929,0.6496292948722839,-1.2680666607669373,-2.385249137878418,-1.0968020421317597,1.5808424949645996,-0.9056695143329065,1,7,1,0.0
7.40378612099812,0.4439272751189602,0.12080993170561234,0.24365961900089103,3.1225742280377076,-0.02470590514148782,-0.053592035365518126,0.4439401565633589,0.12080570325978836,0.24369031278190795,3.1226108305914533,-0.024715019233596,-0.053548458762666874,0.0,0.0,0.0,0.0,0.0,0.0,-0.8541386110783921,-9.232671096815446,-16.04385370003055,0.2911893569184926,0.012652152043440664,0.010331203643385552,0.6496610641479492,-1.2680915159038086,-2.3852851390838623,-1.0967853528312226,1.5808324813842773,-0.9056432882892054,0.6496292948722839,-1.2680666607669373,-2.385249137878418,-1.0968020421317597,1.5808424949645996,-0.9056695143329065,1,7,1,0.0
7.411946020998585,0.443918973387253,0.12080828495026033,0.2436860589530938,3.122671126761194,-0.024641277466364474,-0.05357515285718707,0.4439401565633589,0.12080570325978836,0.24369031278190795,3.1226108305914533,-0.024715019233596,-0.053548458762666874,0.0,0.0,0.0,0.0,0.0,0.0,-0.5754036888929377,-8.901151973496967,-15.752557063279038,0.27760550520875604,0.022539380919150354,0.016194045265748275,0.649632453918457,-1.2680300039104004,-2.385286331176758,-1.0967779022506257,1.5808993577957153,-0.9057148138629358,0.6496292948722839,-1.2680666607669373,-2.385249137878418,-1.0968020421317597,1.5808424949645996,-0.9056695143329065,1,7,1,0.0
7.4198050089980825,0.44396887645204186,0.12082316355424566,0.243728914880091,3.122653884977516,-0.024741179715331595,-0.053413132997787854,0.4439401565633589,0.12080570325978836,0.24369031278190795,3.1226108305914533,-0.024715019233596,-0.053548458762666874,0.0,0.0,0.0,0.0,0.0,0.0,-0.8576310526864378,-9.25848122504083,-16.12402417745723,0.30111931057259683,0.012204750674762227,0.022463089894115714,0.649632453918457,-1.2680547696403046,-2.385200023651123,-1.0967689913562317,1.5808219909667969,-0.9056490103351038,0.6496292948722839,-1.2680666607669373,-2.385249137878418,-1.0968020421317597,1.5808424949645996,-0.9056695143329065,1,7,1,0.0
7.428028017999168,0.4439223656430702,0.12080935935883823,0.24366112219286531,3.1226170849440806,-0.024678811294449036,-0.05360716982283944,0.4439401565633589,0.12080570325978836,0.24369031278190795,3.1226108305914533,-0.024715019233596,-0.053548458762666874,0.0,0.0,0.0,0.0,0.0,0.0,-0.9120149825667085,-8.923772097746678,-16.073819917881497,0.2826645979921697,0.01477252294020579,0.013895967170721921,0.6496453881263733,-1.2680795949748536,-2.385293960571289,-1.096769706611969,1.5808711051940918,-0.9056771437274378,0.6496292948722839,-1.2680666607669373,-2.385249137878418,-1.0968020421317597,1.5808424949645996,-0.9056695143329065,1,7,1,0.0
7.435812757001258,0.4439466931858066,0.12080929166456766,0.24371123602408484,3.1226487320518235,-0.02470344168221328,-0.0534842936442703,0.4439401565633589,0.12080570325978836,0.24369031278190795,3.1226108305914533,-0.024715019233596,-0.053548458762666874,0.0,0.0,0.0,0.0,0.0,0.0,-0.450983191565823,-9.201285677036736,-16.166333713360185,0.28815070173692764,0.026550818495491856,0.018490635857010013,0.6496248245239258,-1.268038586979248,-2.385237216949463,-1.0967868131450196,1.580845832824707,-0.9056814352618616,0.6496292948722839,-1.2680666607669373,-2.385249137878418,-1.0968020421317597,1.5808424949645996,-0.9056695143329065,1,7,1,0.0
7.443855708999763,0.44393760761938794,0.12079398643610939,0.24366822203221988,3.122613416901341,-0.024756021505425874,-0.053593005526588786,0.4439401565633589,0.12080570325978836,0.24369031278190795,3.1226108305914533,-0.024715019233596,-0.053548458762666874,0.0,0.0,0.0,0.0,0.0,0.0,-0.33612208561714557,-9.348598144708891,-16.080908071848615,0.2920967818173682,0.029154804468981423,0.018350655586120562,0.6496000289916992,-1.268091545706131,-2.3852732181549072,-1.0967734915069123,1.5808621644973755,-0.905672852193014,0.6496292948722839,-1.2680666607669373,-2.385249137878418,-1.0968020421317597,1.5808424949645996,-0.9056695143329065,1,7,1,0.0
7.4519436949995,0.4439167454745103,0.12079784818228873,0.24365022334689057,3.1225881355861915,-0.02469849284764984,-0.05362235467109494,0.4439401565633589,0.12080570325978836,0.24369031278190795,3.1226108305914533,-0.024715019233596,-0.053548458762666874,0.0,0.0,0.0,0.0,0.0,0.0,-0.6479743006929923,-9.285407011618307,-15.848082514237694,0.30085578801848706,0.024806785054866817,0.012912339623933696,0.6496410369873047,-1.2680795651725312,-2.385310173034668,-1.0967788857272645,1.5808547735214233,-0.9056685606585901,0.6496292948722839,-1.2680666607669373,-2.385249137878418,-1.0968020421317597,1.5808424949645996,-0.9056695143329065,1,7,1,0.0
7.459817611001199,0.44391008573436314,0.12078078391512377,0.2436306940668065,3.122540641235463,-0.0247254267014806,-0.05369255445942484,0.4439401565633589,0.12080570325978836,0.24369031278190795,3.1226108305914533,-0.024715019233596,-0.053548458762666874,0.0,0.0,0.0,0.0,0.0,0.0,-0.33142006640115995,-9.59180632383093,-15.963153887902914,0.30444724848822086,0.025129976993324598,0.02039331984315742,0.649623692035675,-1.268100069170334,-2.385322093963623,-1.0968106550029297,1.580845832824707,-0.9056685606585901,0.6496292948722839,-1.2680666607669373,-2.385249137878418,-1.0968020421317597,1.5808424949645996,-0.9056695143329065,1,7,1,0.0
7.468082336999942,0.44394371430181456,0.12085179819498369,0.24369684999200616,3.1226781533593853,-0.02463484132251674,-0.05355771206805706,0.4439401565633589,0.12080570325978836,0.24369031278190795,3.1226108305914533,-0.024715019233596,-0.053548458762666874,0.0,0.0,0.0,0.0,0.0,0.0,-0.8346805608815535,-9.101120855714667,-15.94886993223061,0.29567426469884084,0.010736889015120323,0.017335533295750213,0.6496784090995789,-1.2680914861014863,-2.3852286338806152,-1.09676085532222,1.5808993577957153,-0.905672852193014,0.6496292948722839,-1.2680666607669373,-2.385249137878418,-1.0968020421317597,1.5808424949645996,-0.9056695143329065,1,7,1,0.0
7.476026665000973,0.4439253340518648,0.12078708781340795,0.24364640147254757,3.122545752863342,-0.024788289047933537,-0.05366964085562057,0.4439401565633589,0.12080570325978836,0.24369031278190795,3.1226108305914533,-0.024715019233596,-0.053548458762666874,0.0,0.0,0.0,0.0,0.0,0.0,-0.5765202797684681,-8.999144339431474,-16.076133292822693,0.28522059327090576,0.019214701806695583,0.016461259276902715,0.6496162414550781,-1.2681119602969666,-2.385286331176758,-1.096819595699646,1.5808414220809937,-0.9056356588946741,0.6496292948722839,-1.2680666607669373,-2.385249137878418,-1.0968020421317597,1.5808424949645996,-0.9056695143329065,1,7,1,0.0
7.483817414999066,0.44393226730803687,0.1207893898974363,0.24366789895796226,3.1225454836431887,-0.024734652351656228,-0.053609353431242165,0.4439401565633589,0.12080570325978836,0.24369031278190795,3.1226108305914533,-0.024715019233596,-0.053548458762666874,0.0,0.0,0.0,0.0,0.0,0.0,-0.5601245856545856,-9.408115281851432,-15.869567114048866,0.2943726495280066,0.01528170375764061,0.01672621032285245,0.6496248245239258,-1.2680871945670624,-2.385265350341797,-1.0968358975699921,1.5808161497116089,-0.9056609312640589,0.6496292948722839,-1.2680666607669373,-2.385249137878418,-1.0968020421317597,1.5808424949645996,-0.9056695143329065,1,7,1,0.0
7.492166289001034,0.4439338744169914,0.1207828920126606,0.24364962575962767,3.122520072468629,-0.0247100958706284,-0.05360100572892486,0.4439401565633589,0.12080570325978836,0.24369031278190795,3.1226108305914533,-0.024715019233596,-0.053548458762666874,0.0,0.0,0.0,0.0,0.0,0.0,-0.08694252491275234,-9.32049461257525,-16.22836684420548,0.2922921761602275,0.03102517864020794,0.01685051714538531,0.649623692035675,-1.2681076985648652,-2.385286331176758,-1.0968061846545716,1.5807923078536987,-0.9056771437274378,0.6496292948722839,-1.2680666607669373,-2.385249137878418,-1.0968020421317597,1.5808424949645996,-0.9056695143329065,1,7,1,0.0
7.499794645998918,0.44393286086734846,0.12079764550899026,0.24367843296426056,3.122567482674516,-0.024651098496356705,-0.053561706600538786,0.4439401565633589,0.12080570325978836,0.24369031278190795,3.1226108305914533,-0.024715019233596,-0.053548458762666874,0.0,0.0,0.0,0.0,0.0,0.0,-0.1278069978088,-9.246597403016002,-16.119789733252908,0.2862782412826101,0.037479044599839285,0.013539331312228542,0.6496410369873047,-1.268066720371582,-2.385265350341797,-1.0968195658973237,1.5808131694793701,-0.9056981245623987,0.6496292948722839,-1.2680666607669373,-2.385249137878418,-1.0968020421317597,1.5808424949645996,-0.9056695143329065,1,7,1,0.0
7.507862924998335,0.4439228949765196,0.12080642775063828,0.24368434162444125,3.1226377436200288,-0.02476186024047016,-0.05357498485927209,0.4439401565633589,0.12080570325978836,0.24369031278190795,3.1226108305914533,-0.024715019233596,-0.053548458762666874,0.0,0.0,0.0,0.0,0.0,0.0,-0.09168128299840134,-9.81003425481933,-16.2855763699005,0.30399328160320954,0.028887444777726864,0.013994462055988326,0.6496367454528809,-1.268041954641678,-2.38527774810791,-1.0967942637256165,1.5808755159378052,-0.9056327978717249,0.6496292948722839,-1.2680666607669373,-2.385249137878418,-1.0968020421317597,1.5808424949645996,-0.9056695143329065,1,7,1,0.0
7.516126148999319,0.4439513810692225,0.12080601287769767,0.24370656050491313,3.1226278644724452,-0.024767235766163357,-0.053504062365325705,0.4439401565633589,0.12080570325978836,0.24369031278190795,3.1226108305914533,-0.024715019233596,-0.053548458762666874,0.0,0.0,0.0,0.0,0.0,0.0,-0.8658188397950588,-9.17454213741473,-16.2557649896922,0.2837524175335995,0.011005631274619678,0.02298594234230813,0.6496162414550781,-1.2680590611747284,-2.3852286338806152,-1.0967972737601777,1.5808383226394653,-0.9056490103351038,0.6496292948722839,-1.2680666607669373,-2.385249137878418,-1.0968020421317597,1.5808424949645996,-0.9056695143329065,1,7,1,0.0
7.523908883998956,0.44395530531396804,0.120842330137998,0.24372525222597488,3.1226770931464505,-0.02467681407216276,-0.05342605544275968,0.4439401565633589,0.12080570325978836,0.24369031278190795,3.1226108305914533,-0.024715019233596,-0.053548458762666874,0.0,0.0,0.0,0.0,0.0,0.0,-0.2984890253621133,-9.335067076152122,-16.638073881827903,0.29183737790807823,0.036916202168355984,0.015558072852078603,0.6496741771697998,-1.268042878513672,-2.38521671295166,-1.0967564147761841,1.580845832824707,-0.9056490103351038,0.6496292948722839,-1.2680666607669373,-2.385249137878418,-1.0968020421317597,1.5808424949645996,-0.9056695143329065,1,7,1,0.0
7.531912091999402,0.44394091463758883,0.12078639928967007,0.2436649288262075,3.122569239563429,-0.024766233660037978,-0.05355597036236766,0.4439401565633589,0.12080570325978836,0.24369031278190795,3.1226108305914533,-0.024715019233596,-0.053548458762666874,0.0,0.0,0.0,0.0,0.0,0.0,-0.12168005568900564,-9.15904041227866,-15.912138022741003,0.28577588240954205,0.03145271278813218,0.013896324481510125,0.6496086120605469,-1.2680914861014863,-2.38527774810791,-1.0967778724483033,1.5808130502700806,-0.9056566397296351,0.6496292948722839,-1.2680666607669373,-2.385249137878418,-1.0968020421317597,1.5808424949645996,-0.9056695143329065,1,7,1,0.0
7.539933894000569,0.4439346181204978,0.12079439347012795,0.24369231912699574,3.122610874935901,-0.024769586856617724,-0.05356657993699695,0.4439401565633589,0.12080570325978836,0.24369031278190795,3.1226108305914533,-0.024715019233596,-0.053548458762666874,0.0,0.0,0.0,0.0,0.0,0.0,-0.269965518959285,-9.154928984434067,-16.008383346165974,0.2925442631880367,0.022607936107342793,0.019268547971941087,0.64961177110672,-1.2680505377105256,-2.385253429412842,-1.0968225759318848,1.5808502435684204,-0.9056523481952112,0.6496292948722839,-1.2680666607669373,-2.385249137878418,-1.0968020421317597,1.5808424949645996,-0.9056695143329065,1,7,1,0.0
7.547622193000279,0.44394465218550505,0.12082074717603143,0.24370317015312093,3.1226319709312356,-0.02474778162460926,-0.053418717821165015,0.4439401565633589,0.12080570325978836,0.24369031278190795,3.1226108305914533,-0.024715019233596,-0.053548458762666874,0.0,0.0,0.0,0.0,0.0,0.0,-0.7494538368223389,-9.091004097820113,-16.036252940482058,0.2856700820795035,0.016192634387314157,0.011490491763762933,0.6496698260307312,-1.2680342954448243,-2.385261058807373,-1.096744493847229,1.5808086395263672,-0.9056070486651819,0.6496292948722839,-1.2680666607669373,-2.385249137878418,-1.0968020421317597,1.5808424949645996,-0.9056695143329065,1,7,1,0.0
7.555627885998547,0.44393490068353675,0.12079932363799697,0.24368855911723028,3.1226551249191314,-0.024738978099386553,-0.053594318372832524,0.4439401565633589,0.12080570325978836,0.24369031278190795,3.1226108305914533,-0.024715019233596,-0.053548458762666874,0.0,0.0,0.0,0.0,0.0,0.0,-0.6492699292433024,-9.375671261173895,-16.10289354913125,0.29273529180291563,0.02298685316266409,0.01921306219819545,0.6495955586433411,-1.2680624288371583,-2.38525652885437,-1.0967942637256165,1.580894947052002,-0.9056890646563929,0.6496292948722839,-1.2680666607669373,-2.385249137878418,-1.0968020421317597,1.5808424949645996,-0.9056695143329065,1,7,1,0.0
7.563947184000426,0.44397908790491925,0.12082205018507257,0.24373986602935518,3.1226349945321514,-0.024761050015724876,-0.05337549664267553,0.4439401565633589,0.12080570325978836,0.24369031278190795,3.1226108305914533,-0.024715019233596,-0.053548458762666874,0.0,0.0,0.0,0.0,0.0,0.0,-0.6112124117922195,-9.034140848306707,-15.843860722984536,0.28982324371553253,0.02293132460208636,0.008939417819104348,0.649632453918457,-1.268054799442627,-2.3851795196533203,-1.0967823427966614,1.5807923078536987,-0.9056356588946741,0.6496292948722839,-1.2680666607669373,-2.385249137878418,-1.0968020421317597,1.5808424949645996,-0.9056695143329065,1,7,1,0.0
7.572013640001387,0.4439153500409669,0.12078707659935899,0.24366386067772133,3.122578480958309,-0.024782356486871576,-0.05364987540391572,0.4439401565633589,0.12080570325978836,0.24369031278190795,3.1226108305914533,-0.024715019233596,-0.053548458762666874,0.0,0.0,0.0,0.0,0.0,0.0,-0.3316480097058877,-9.049945395070143,-16.288657184567306,0.2894743853101266,0.025641777259245144,0.012420603618436235,0.649620532989502,-1.2680624288371583,-2.385289430618286,-1.0968359571746369,1.5808591842651367,-0.9056356588946741,0.6496292948722839,-1.2680666607669373,-2.385249137878418,-1.0968020421317597,1.5808424949645996,-0.9056695143329065,1,7,1,0.0
7.5801939080010925,0.44394209680001506,0.12081720284291236,0.24371931006163078,3.1226898651459765,-0.02477166330013392,-0.053534474687637175,0.4439401565633589,0.12080570325978836,0.24369031278190795,3.1226108305914533,-0.024715019233596,-0.053548458762666874,0.0,0.0,0.0,0.0,0.0,0.0,-0.5356056975710023,-9.338437512517569,-16.031669626183074,0.29796145779569094,0.020024069274304,0.016676400734263512,0.6496162414550781,-1.2680343252471467,-2.3852241039276123,-1.0968032044223328,1.5808993577957153,-0.9056475798236292,0.6496292948722839,-1.2680666607669373,-2.385249137878418,-1.0968020421317597,1.5808424949645996,-0.9056695143329065,1,7,1,0.0
7.587798731998191,0.443955874820404,0.1208079953830762,0.24371034423312404,3.1226272483045943,-0.024714926814063884,-0.053403061754782585,0.4439401565633589,0.12080570325978836,0.24369031278190795,3.1226108305914533,-0.024715019233596,-0.053548458762666874,0.0,0.0,0.0,0.0,0.0,0.0,-0.510808221694506,-9.55876380003391,-15.566805276568285,0.3039497013622989,0.026938666709665368,0.014543617355173557,0.6496367454528809,-1.2680386465838929,-2.385244846343994,-1.096751944427826,1.580796718597412,-0.9056609312640589,0.6496292948722839,-1.2680666607669373,-2.385249137878418,-1.0968020421317597,1.5808424949645996,-0.9056695143329065,1,7,1,0.0
7.5958078100011335,0.4439268096212768,0.12081297676367146,0.24368988565116173,3.122647771726524,-0.024693079047807428,-0.053588153781019984,0.4439401565633589,0.12080570325978836,0.24369031278190795,3.1226108305914533,-0.024715019233596,-0.053548458762666874,0.0,0.0,0.0,0.0,0.0,0.0,-0.4383611692554007,-9.452337493456298,-16.08655437200437,0.29987489438438103,0.02714434410185544,0.013948226805003341,0.6496367454528809,-1.2680505079082032,-2.385261058807373,-1.0968032044223328,1.5808874368667603,-0.9056771437274378,0.6496292948722839,-1.2680666607669373,-2.385249137878418,-1.0968020421317597,1.5808424949645996,-0.9056695143329065,1,7,1,0.0
7.603800176999357,0.4439468621703505,0.12079014470257868,0.24367704168093862,3.1225942647109752,-0.024780772326244534,-0.05355961426887817,0.4439401565633589,0.12080570325978836,0.24369031278190795,3.1226108305914533,-0.024715019233596,-0.053548458762666874,0.0,0.0,0.0,0.0,0.0,0.0,-0.1710731488632049,-9.153071680844237,-15.692523327390143,0.2892793287534827,0.025518517256188027,0.01069718602447681,0.6495954990386963,-1.2680915159038086,-2.38525652885437,-1.0967853528312226,1.580833911895752,-0.9056609312640589,0.6496292948722839,-1.2680666607669373,-2.385249137878418,-1.0968020421317597,1.5808424949645996,-0.9056695143329065,1,7,1,0.0
7.611780182000075,0.4439368364064246,0.12080130852122613,0.24366308682533255,3.122569001978745,-0.024697839218102594,-0.05356389040761251,0.4439401565633589,0.12080570325978836,0.24369031278190795,3.1226108305914533,-0.024715019233596,-0.053548458762666874,0.0,0.0,0.0,0.0,0.0,0.0,-0.47703620139807423,-9.093087191866735,-16.229062660338506,0.28714117803212685,0.02031056428371619,0.004575620279695514,0.6496405601501465,-1.2680958074382325,-2.38527774810791,-1.0967779022506257,1.5808160305023193,-0.9056685606585901,0.6496292948722839,-1.2680666607669373,-2.385249137878418,-1.0968020421317597,1.5808424949645996,-0.9056695143329065,1,7,1,0.0
7.619816981998156,0.443918517457266,0.1207868192567658,0.24366839895385128,3.122584433609117,-0.02474922964133971,-0.053617819217382845,0.4439401565633589,0.12080570325978836,0.24369031278190795,3.1226108305914533,-0.024715019233596,-0.053548458762666874,0.0,0.0,0.0,0.0,0.0,0.0,-0.457972538349927,-9.448548414236207,-15.932721221794912,0.2980168064922118,0.026652218351026987,0.015451443372640533,0.649620532989502,-1.268054799442627,-2.385289430618286,-1.0968242150596161,1.5808502435684204,-0.9056566397296351,0.6496292948722839,-1.2680666607669373,-2.385249137878418,-1.0968020421317597,1.5808424949645996,-0.9056695143329065,1,7,1,0.0
7.6278311099995335,0.4439317835765406,0.12077992750486578,0.24366107788998587,3.122595040922061,-0.024813167023485117,-0.05358643414707107,0.4439401565633589,0.12080570325978836,0.24369031278190795,3.1226108305914533,-0.024715019233596,-0.053548458762666874,0.0,0.0,0.0,0.0,0.0,0.0,-0.4907651565687844,-9.009749596652371,-15.805729750273994,0.282898025241031,0.024722570385382264,0.011788000464649128,0.6495912075042725,-1.2680786413005372,-2.385293960571289,-1.0967734319022675,1.580845832824707,-0.90564471880068,0.6496292948722839,-1.2680666607669373,-2.385249137878418,-1.0968020421317597,1.5808424949645996,-0.9056695143329065,1,7,1,0.0
7.635844286000065,0.4439316445539449,0.12078212068158342,0.24366396003974622,3.122556246153225,-0.024717104736348174,-0.0535719444450637,0.4439401565633589,0.12080570325978836,0.24369031278190795,3.1226108305914533,-0.024715019233596,-0.053548458762666874,0.0,0.0,0.0,0.0,0.0,0.0,-0.7636566082978575,-9.214594000341373,-15.743966437406828,0.28679944937093677,0.01646099464060768,0.0114479646906695,0.6496162414550781,-1.2680753034404297,-2.385286331176758,-1.0968017441085358,1.5808087587356567,-0.9056804815875452,0.6496292948722839,-1.2680666607669373,-2.385249137878418,-1.0968020421317597,1.5808424949645996,-0.9056695143329065,1,7,1,0.0
7.643850510001357,0.4439224368503461,0.12079961496720727,0.2436855632916423,3.122620596772854,-0.02468095845331549,-0.05359820718669677,0.4439401565633589,0.12080570325978836,0.24369031278190795,3.1226108305914533,-0.024715019233596,-0.053548458762666874,0.0,0.0,0.0,0.0,0.0,0.0,-0.5277709046947351,-9.492668019112127,-15.86965146941248,0.2978488937024622,0.02146193288166056,0.0173684883416515,0.6496279835700989,-1.268042878513672,-2.3852696418762207,-1.0968242150596161,1.5808696746826172,-0.9056933561908167,0.6496292948722839,-1.2680666607669373,-2.385249137878418,-1.0968020421317597,1.5808424949645996,-0.9056695143329065,1,7,1,0.0
7.651840091999475,0.4439388551468742,0.12077040443917604,0.24366081923215333,3.1225666645304244,-0.02485188178618024,-0.05358960465351689,0.4439401565633589,0.12080570325978836,0.24369031278190795,3.1226108305914533,-0.024715019233596,-0.053548458762666874,0.0,0.0,0.0,0.0,0.0,0.0,-0.6917413476803519,-9.283207255915066,-15.685610894335161,0.2970240023866693,0.015406477644672198,0.005487027356375344,0.6495750546455383,-1.2680915159038086,-2.385282039642334,-1.096791462307312,1.5808249711990356,-0.9056356588946741,0.6496292948722839,-1.2680666607669373,-2.385249137878418,-1.0968020421317597,1.5808424949645996,-0.9056695143329065,1,7,1,0.0
7.659783929000696,0.4439246164417497,0.12079015422732287,0.24367622191168845,3.12259747703486,-0.024723688560962683,-0.05358289128148186,0.4439401565633589,0.12080570325978836,0.24369031278190795,3.1226108305914533,-0.024715019233596,-0.053548458762666874,0.0,0.0,0.0,0.0,0.0,0.0,-0.8499256152023247,-9.656030414780332,-15.93923845340416,0.306422908118105,0.01295078732376824,0.017414668539885388,0.649620532989502,-1.2680505079082032,-2.385282039642334,-1.0968106550029297,1.580845832824707,-0.905672852193014,0.6496292948722839,-1.2680666607669373,-2.385249137878418,-1.0968020421317597,1.5808424949645996,-0.9056695143329065,1,7,1,0.0
7.667821499999263,0.4439260792931507,0.12080257279224174,0.2436759305547909,3.122569727818977,-0.024659490438772795,-0.053659713376009305,0.4439401565633589,0.12080570325978836,0.24369031278190795,3.1226108305914533,-0.024715019233596,-0.053548458762666874,0.0,0.0,0.0,0.0,0.0,0.0,-0.16911557411415146,-9.370469288178406,-16.003216374914405,0.2957861952054144,0.03368800971958508,0.015092320312753794,0.6496367454528809,-1.2680838865092774,-2.385249137878418,-1.0968658489039917,1.5808546543121338,-0.9056981245623987,0.6496292948722839,-1.2680666607669373,-2.385249137878418,-1.0968020421317597,1.5808424949645996,-0.9056695143329065,1,7,1,0.0
7.675615076001122,0.44390909293389336,0.12078828087342265,0.24364937967377365,3.122570110270744,-0.024712237774086737,-0.053664657039698714,0.4439401565633589,0.12080570325978836,0.24369031278190795,3.1226108305914533,-0.024715019233596,-0.053548458762666874,0.0,0.0,0.0,0.0,0.0,0.0,-0.17621497228582067,-9.212353330685396,-16.044322326259564,0.2986650395896824,0.02741738893147094,0.016720563709733544,0.649632453918457,-1.268071011906006,-2.385310173034668,-1.0968195658973237,1.580857753753662,-0.9056685606585901,0.6496292948722839,-1.2680666607669373,-2.385249137878418,-1.0968020421317597,1.5808424949645996,-0.9056695143329065,1,7,1,0.0
7.6838467810011934,0.4439277581621102,0.12079734572085417,0.24368227489570937,3.1226224701575607,-0.024755261104169753,-0.05360709411614647,0.4439401565633589,0.12080570325978836,0.24369031278190795,3.1226108305914533,-0.024715019233596,-0.053548458762666874,0.0,0.0,0.0,0.0,0.0,0.0,-0.3957896723487192,-9.568110953095191,-15.932694424212226,0.3037196936624295,0.03234745604882554,0.016246398396724572,0.6496129035949707,-1.2680590909770508,-2.385265350341797,-1.096815125351288,1.5808755159378052,-0.9056609312640589,0.6496292948722839,-1.2680666607669373,-2.385249137878418,-1.0968020421317597,1.5808424949645996,-0.9056695143329065,1,7,1,0.0
7.691786600000341,0.44393471645801874,0.12081558353942799,0.24368957206201233,3.122606178235633,-0.024653415741200904,-0.05356617645538159,0.4439401565633589,0.12080570325978836,0.24369031278190795,3.1226108305914533,-0.024715019233596,-0.053548458762666874,0.0,0.0,0.0,0.0,0.0,0.0,-0.5672252634345606,-9.208562075790512,-15.53994380833182,0.2917670466888991,0.024484628458882836,0.021631960290362885,0.6496536135673523,-1.268066720371582,-2.3852479457855225,-1.096815125351288,1.580845832824707,-0.905684773121969,0.6496292948722839,-1.2680666607669373,-2.385249137878418,-1.0968020421317597,1.5808424949645996,-0.9056695143329065,1,7,1,0.0
7.699811297999986,0.4439175016108679,0.1208084659034496,0.24367329144214034,3.1225778524140098,-0.02465319479977883,-0.05359731161799405,0.4439401565633589,0.12080570325978836,0.24369031278190795,3.1226108305914533,-0.024715019233596,-0.053548458762666874,0.0,0.0,0.0,0.0,0.0,0.0,0.009373988587093929,-9.216816544410667,-16.202188514556884,0.29679075972527297,0.02390835234650529,0.017295885923483065,0.6496698260307312,-1.268054799442627,-2.3852808475494385,-1.096827046280243,1.5808368921279907,-0.9056685606585901,0.6496292948722839,-1.2680666607669373,-2.385249137878418,-1.0968020421317597,1.5808424949645996,-0.9056695143329065,1,7,1,0.0
7.7077917930000694,0.4439082509250701,0.12080687987635985,0.24366257849856937,3.1226052352841034,-0.02466184632625629,-0.053681520974879986,0.4439401565633589,0.12080570325978836,0.24369031278190795,3.1226108305914533,-0.024715019233596,-0.053548458762666874,0.0,0.0,0.0,0.0,0.0,0.0,-0.629338925311525,-9.169016715875909,-15.845203920068498,0.2896031362719559,0.01424365457505795,0.01921848861102625,0.6496493220329285,-1.268066720371582,-2.385289430618286,-1.0968314570239563,1.5808918476104736,-0.905684773121969,0.6496292948722839,-1.2680666607669373,-2.385249137878418,-1.0968020421317597,1.5808424949645996,-0.9056695143329065,1,7,1,0.0
7.715799549001531,0.4439309114598426,0.12080669763830679,0.24368697860018815,3.1226044558648587,-0.02463335304457076,-0.05356033461780689,0.4439401565633589,0.12080570325978836,0.24369031278190795,3.1226108305914533,-0.024715019233596,-0.053548458762666874,0.0,0.0,0.0,0.0,0.0,0.0,-0.3181073149824542,-9.2372403716594,-15.757866975054155,0.2901608608436956,0.026562997789977894,0.015434702319307525,0.6496449112892151,-1.268054799442627,-2.385261058807373,-1.096812294130661,1.5808414220809937,-0.9057062307940882,0.6496292948722839,-1.2680666607669373,-2.385249137878418,-1.0968020421317597,1.5808424949645996,-0.9056695143329065,1,7,1,0.0
7.723783690998971,0.443929299201567,0.12079242244200249,0.2436656610497864,3.1225906915135457,-0.024727843086055218,-0.053585050391679684,0.4439401565633589,0.12080570325978836,0.24369031278190795,3.1226108305914533,-0.024715019233596,-0.053548458762666874,0.0,0.0,0.0,0.0,0.0,0.0,-0.4014890942299334,-9.167486028375585,-15.798346827765096,0.29171182226149495,0.0196529509517371,0.020071719963515054,0.649620532989502,-1.2680753034404297,-2.385286331176758,-1.0967868131450196,1.5808414220809937,-0.9056699911700647,0.6496292948722839,-1.2680666607669373,-2.385249137878418,-1.0968020421317597,1.5808424949645996,-0.9056695143329065,1,7,1,0.0
7.731838084000628,0.4439460626309065,0.12080420596870965,0.24368857860230922,3.1226019790142114,-0.024807003896196715,-0.05357089093970486,0.4439401565633589,0.12080570325978836,0.24369031278190795,3.1226108305914533,-0.024715019233596,-0.053548458762666874,0.0,0.0,0.0,0.0,0.0,0.0,-0.6752290252861438,-9.758404281706564,-15.548006248202158,0.31058034616338076,0.011420975059827585,0.014262552607916992,0.6496162414550781,-1.2680872243693848,-2.3852360248565674,-1.0968106550029297,1.580845832824707,-0.905623737965719,0.6496292948722839,-1.2680666607669373,-2.385249137878418,-1.0968020421317597,1.5808424949645996,-0.9056695143329065,1,7,1,0.0
7.739785358000518,0.4439573076416839,0.12083299843124057,0.24369669770650293,3.122634267627132,-0.024624669427676674,-0.053460751477252905,0.4439401565633589,0.12080570325978836,0.24369031278190795,3.1226108305914533,-0.024715019233596,-0.053548458762666874,0.0,0.0,0.0,0.0,0.0,0.0,-0.24567020745014245,-9.270623596486844,-15.766706382152362,0.297551683432664,0.018960199589873092,0.017233974446806775,0.6496655344963074,-1.2680872243693848,-2.3852360248565674,-1.0967369240573426,1.5808249711990356,-0.9056904951678675,0.6496292948722839,-1.2680666607669373,-2.385249137878418,-1.0968020421317597,1.5808424949645996,-0.9056695143329065,1,7,1,0.0
7.7478063279995695,0.443937442765235,0.12080409128832821,0.2436825995003274,3.1226102298773406,-0.0246860160714439,-0.05354038241875305,0.4439401565633589,0.12080570325978836,0.24369031278190795,3.1226108305914533,-0.024715019233596,-0.053548458762666874,0.0,0.0,0.0,0.0,0.0,0.0,-0.629525600066878,-9.591663612727718,-15.745852459785366,0.30113078145224637,0.017395446045401008,0.010039831385091059,0.649632453918457,-1.2680666905692597,-2.385265350341797,-1.0967823427966614,1.5808383226394653,-0.905684773121969,0.6496292948722839,-1.2680666607669373,-2.385249137878418,-1.0968020421317597,1.5808424949645996,-0.9056695143329065,1,7,1,0.0
7.755800378999993,0.4439352004161894,0.12078432738004109,0.24367850088259985,3.1226192171410125,-0.02480565678795803,-0.05360332570550429,0.4439401565633589,0.12080570325978836,0.24369031278190795,3.1226108305914533,-0.024715019233596,-0.053548458762666874,0.0,0.0,0.0,0.0,0.0,0.0,-0.20275868311884038,-9.277096863722726,-15.81414658952076,0.2915611396886727,0.027285211633700592,0.014827769465101955,0.6495804786682129,-1.268071011906006,-2.385265350341797,-1.0968032044223328,1.5808711051940918,-0.9056609312640589,0.6496292948722839,-1.2680666607669373,-2.385249137878418,-1.0968020421317597,1.5808424949645996,-0.9056695143329065,1,7,1,0.0
7.763803966998239,0.4439279219414677,0.12077793684243274,0.24369312730190323,3.1225925576293756,-0.024839449729230727,-0.05357847232848449,0.4439401565633589,0.12080570325978836,0.24369031278190795,3.1226108305914533,-0.024715019233596,-0.053548458762666874,0.0,0.0,0.0,0.0,0.0,0.0,-0.5197704360569755,-9.090487094806107,-15.7202611459193,0.2860017688622732,0.027178965964939596,0.01343971828643765,0.6495955586433411,-1.2680300039104004,-2.385261058807373,-1.0968523484519501,1.5808414220809937,-0.905623737965719,0.6496292948722839,-1.2680666607669373,-2.385249137878418,-1.0968020421317597,1.5808424949645996,-0.9056695143329065,1,7,1,0.0
7.77178137699957,0.44393497458302944,0.12079470056777364,0.24365611648832808,3.1226139014818868,-0.02480188553277353,-0.05355952832819793,0.4439401565633589,0.12080570325978836,0.24369031278190795,3.1226108305914533,-0.024715019233596,-0.053548458762666874,0.0,0.0,0.0,0.0,0.0,0.0,-0.7510596086648986,-9.322793064384884,-15.688809132251958,0.2974219682968076,0.017114804665102692,0.0060434042183441904,0.6496117115020752,-1.2680914861014863,-2.385301351547241,-1.0967281025699158,1.5808502435684204,-0.9056313673602503,0.6496292948722839,-1.2680666607669373,-2.385249137878418,-1.0968020421317597,1.5808424949645996,-0.9056695143329065,1,7,1,0.0
7.779835640001693,0.4439364991807896,0.12082338536356609,0.24365432786797858,3.122592639440309,-0.024652997710660318,-0.0535915169990274,0.4439401565633589,0.12080570325978836,0.24369031278190795,3.1226108305914533,-0.024715019233596,-0.053548458762666874,0.0,0.0,0.0,0.0,0.0,0.0,-0.8679622483583757,-9.175608968355009,-15.982772119228855,0.294943225765214,0.014750534915083931,0.013754587042033627,0.6496655344963074,-1.2681239408305665,-2.38527774810791,-1.0967489939979096,1.580845832824707,-0.905672852193014,0.6496292948722839,-1.2680666607669373,-2.385249137878418,-1.0968020421317597,1.5808424949645996,-0.9056695143329065,1,7,1,0.0
7.7877963579994685,0.44393239166588233,0.12078627588252734,0.24366319269438536,3.122555753326507,-0.0247544728388438,-0.053581390638686874,0.4439401565633589,0.12080570325978836,0.24369031278190795,3.1226108305914533,-0.024715019233596,-0.053548458762666874,0.0,0.0,0.0,0.0,0.0,0.0,-0.26949058838429235,-9.432302639850015,-16.281036610145183,0.2953058417340669,0.029423333257317944,0.018637798851058686,0.649620532989502,-1.2680828732303162,-2.385282039642334,-1.0968031746200104,1.5808130502700806,-0.9056523481952112,0.6496292948722839,-1.2680666607669373,-2.385249137878418,-1.0968020421317597,1.5808424949645996,-0.9056695143329065,1,7,1,0.0
7.795807599999534,0.4439318809795476,0.12079429787977285,0.24368346128098917,3.1226293657623203,-0.024747642217695175,-0.053542956997463004,0.4439401565633589,0.12080570325978836,0.24369031278190795,3.1226108305914533,-0.024715019233596,-0.053548458762666874,0.0,0.0,0.0,0.0,0.0,0.0,-0.22003667623773754,-9.217817310239493,-15.995185434465073,0.2859030984516186,0.03170636366588444,0.016104499889917728,0.6496129035949707,-1.2680471700480958,-2.3852784633636475,-1.0967778724483033,1.5808547735214233,-0.9056652227984827,0.6496292948722839,-1.2680666607669373,-2.385249137878418,-1.0968020421317597,1.5808424949645996,-0.9056695143329065,1,7,1,0.0
7.803779919999215,0.4439243019073111,0.12079584071504117,0.24366965506140892,3.1225916328298786,-0.024754329826461027,-0.053602912078335195,0.4439401565633589,0.12080570325978836,0.24369031278190795,3.1226108305914533,-0.024715019233596,-0.053548458762666874,0.0,0.0,0.0,0.0,0.0,0.0,-0.9716768984698764,-9.657652429676071,-16.15833761132384,0.3019623541007549,0.007888808059403682,0.014160062018863334,0.6496291160583496,-1.2680666607669373,-2.385282039642334,-1.0968077939799805,1.5808502435684204,-0.90564471880068,0.6496292948722839,-1.2680666607669373,-2.385249137878418,-1.0968020421317597,1.5808424949645996,-0.9056695143329065,1,7,1,0.0
7.811823152998841,0.44393021205724115,0.12079440781668437,0.24369459158921533,3.1226128229560848,-0.024756516029612367,-0.05355165107958835,0.4439401565633589,0.12080570325978836,0.24369031278190795,3.1226108305914533,-0.024715019233596,-0.053548458762666874,0.0,0.0,0.0,0.0,0.0,0.0,-0.5016024107476972,-9.385199829620431,-15.949210937074195,0.3005858021654912,0.0285537026168202,0.019196753208140287,0.649620532989502,-1.2680342954448243,-2.385261058807373,-1.0968226057342072,1.580845832824707,-0.905651871358053,0.6496292948722839,-1.2680666607669373,-2.385249137878418,-1.0968020421317597,1.5808424949645996,-0.9056695143329065,1,7,1,0.0
7.8198064229982265,0.4439518339970164,0.12082059072545419,0.24369945343387917,3.1226275778119987,-0.02467715706063504,-0.05351410959703943,0.4439401565633589,0.12080570325978836,0.24369031278190795,3.1226108305914533,-0.024715019233596,-0.053548458762666874,0.0,0.0,0.0,0.0,0.0,0.0,0.13545898869461992,-9.420536867733134,-16.038606720902045,0.2953036886834628,0.03866749465109387,0.017245771201995524,0.6496410369873047,-1.2680795949748536,-2.3852286338806152,-1.0967823725989838,1.5808414220809937,-0.9056819120990198,0.6496292948722839,-1.2680666607669373,-2.385249137878418,-1.0968020421317597,1.5808424949645996,-0.9056695143329065,1,7,1,0.0
7.827860174998932,0.44391444400137253,0.12077052638466228,0.24364816261952377,3.1225644663854655,-0.024801730056583603,-0.05363780244646461,0.4439401565633589,0.12080570325978836,0.24369031278190795,3.1226108305914533,-0.024715019233596,-0.053548458762666874,0.0,0.0,0.0,0.0,0.0,0.0,-0.3093333813229627,-9.512308760460234,-16.01689108693531,0.2949800616721949,0.03542580630866135,0.01945995090891058,0.6496000289916992,-1.268066720371582,-2.38531756401062,-1.096806214456894,1.5808428525924683,-0.9056432882892054,0.6496292948722839,-1.2680666607669373,-2.385249137878418,-1.0968020421317597,1.5808424949645996,-0.9056695143329065,1,7,1,0.0
7.835998064001615,0.44392825720128176,0.12080557012928875,0.24368469970538298,3.1226255713949165,-0.024699051682418285,-0.05358005348703273,0.4439401565633589,0.12080570325978836,0.24369031278190795,3.1226108305914533,-0.024715019233596,-0.053548458762666874,0.0,0.0,0.0,0.0,0.0,0.0,-0.8374421081473267,-9.115755098181218,-15.830934853197139,0.2880505317469244,0.007845813601197843,0.015602376775330244,0.649632453918457,-1.2680547696403046,-2.3852665424346924,-1.0968031746200104,1.5808666944503784,-0.9056771437274378,0.6496292948722839,-1.2680666607669373,-2.385249137878418,-1.0968020421317597,1.5808424949645996,-0.9056695143329065,1,7,1,0.0
7.843872762001411,0.4439478484836762,0.12076368745909961,0.2436574305616458,3.1225142032160402,-0.024854835954480792,-0.05357917990595262,0.4439401565633589,0.12080570325978836,0.24369031278190795,3.1226108305914533,-0.024715019233596,-0.053548458762666874,0.0,0.0,0.0,0.0,0.0,0.0,-0.20937874712609295,-9.362067718256666,-15.92212379359716,0.29693416035310777,0.022991452634919342,0.013419856700888843,0.6495750546455383,-1.2681120199016114,-2.3852696418762207,-1.0968106550029297,1.5807796716690063,-0.9056327978717249,0.6496292948722839,-1.2680666607669373,-2.385249137878418,-1.0968020421317597,1.5808424949645996,-0.9056695143329065,1,7,1,0.0
7.851808212999458,0.4439293576274621,0.12076941039776916,0.24368064745640322,3.122627661473008,-0.024711147153569958,-0.05352939011015425,0.4439401565633589,0.12080570325978836,0.24369031278190795,3.1226108305914533,-0.024715019233596,-0.053548458762666874,0.0,0.0,0.0,0.0,0.0,0.0,-0.6398452766551865,-9.05314718155538,-15.705753952681325,0.2891431908178549,0.021400888669390702,0.005535580426843524,0.6495750546455383,-1.2680266362479706,-2.385298252105713,-1.0967734319022675,1.580845832824707,-0.9057262579547327,0.6496292948722839,-1.2680666607669373,-2.385249137878418,-1.0968020421317597,1.5808424949645996,-0.9056695143329065,1,7,1,0.0
7.859808985998825,0.44396681636403285,0.12079743102646039,0.24371388930973314,3.122613983578315,-0.024752198149128532,-0.05347152380398267,0.4439401565633589,0.12080570325978836,0.24369031278190795,3.1226108305914533,-0.024715019233596,-0.053548458762666874,0.0,0.0,0.0,0.0,0.0,0.0,-0.03208809926886569,-9.452462553964203,-15.938288131087413,0.2987828493281834,0.033016613333671445,0.029746416172718063,0.649592399597168,-1.268071011906006,-2.3852078914642334,-1.096798763876297,1.5808130502700806,-0.9056819120990198,0.6496292948722839,-1.2680666607669373,-2.385249137878418,-1.0968020421317597,1.5808424949645996,-0.9056695143329065,1,7,1,0.0
7.867806622998614,0.4439544872144225,0.1208082661721208,0.2437006760546471,3.122656611428928,-0.024640932076507537,-0.05347327731129564,0.4439401565633589,0.12080570325978836,0.24369031278190795,3.1226108305914533,-0.024715019233596,-0.053548458762666874,0.0,0.0,0.0,0.0,0.0,0.0,-0.269425219620841,-8.83860850367586,-16.02448539269097,0.2856656663955504,0.028562150170638304,0.018906486674737967,0.64961177110672,-1.268063412313797,-2.385244846343994,-1.0967445236495514,1.580845832824707,-0.9057343641864222,0.6496292948722839,-1.2680666607669373,-2.385249137878418,-1.0968020421317597,1.5808424949645996,-0.9056695143329065,1,7,1,0.0
7.875829396998597,0.4439303378463965,0.12080327663301303,0.24365903389908922,3.1225720211061345,-0.024735185723380453,-0.05361128539304631,0.4439401565633589,0.12080570325978836,0.24369031278190795,3.1226108305914533,-0.024715019233596,-0.053548458762666874,0.0,0.0,0.0,0.0,0.0,0.0,-0.5936272572478087,-9.65659118141939,-15.936646563535836,0.2977357515465757,0.021954656389461896,0.017280859614996993,0.6496410369873047,-1.2681001287749787,-2.3852784633636475,-1.0967942637256165,1.5808383226394653,-0.90564471880068,0.6496292948722839,-1.2680666607669373,-2.385249137878418,-1.0968020421317597,1.5808424949645996,-0.9056695143329065,1,7,1,0.0
7.883808691000013,0.44394785170924533,0.12080189704371429,0.24369147651331424,3.122651122376706,-0.024780660435466288,-0.05346664237259162,0.4439401565633589,0.12080570325978836,0.24369031278190795,3.1226108305914533,-0.024715019233596,-0.053548458762666874,0.0,0.0,0.0,0.0,0.0,0.0,-0.1576554937246304,-9.372044414549132,-15.679475146897358,0.29823437960153043,0.028355489603923527,0.012071194414430223,0.64961177110672,-1.2680548292449494,-2.3852689266204834,-1.0967281621745606,1.5808414220809937,-0.90564471880068,0.6496292948722839,-1.2680666607669373,-2.385249137878418,-1.0968020421317597,1.5808424949645996,-0.9056695143329065,1,7,1,0.0
7.891818970998429,0.4439485109131043,0.12083237761625792,0.24369933856780107,3.1226227462894345,-0.024639898101226316,-0.053586299577020415,0.4439401565633589,0.12080570325978836,0.24369031278190795,3.1226108305914533,-0.024715019233596,-0.053548458762666874,0.0,0.0,0.0,0.0,0.0,0.0,-0.713610928734637,-9.430372984891408,-15.651722969458525,0.29635787003180725,0.01779402774397658,0.009812283810776375,0.6496536731719971,-1.26809914529834,-2.3852078914642334,-1.0968225759318848,1.5808666944503784,-0.9056938330279749,0.6496292948722839,-1.2680666607669373,-2.385249137878418,-1.0968020421317597,1.5808424949645996,-0.9056695143329065,1,7,1,0.0
7.899791321000521,0.4439318821705499,0.12081093573613028,0.24367486200034813,3.122586311742833,-0.02463670177243268,-0.053545771586576155,0.4439401565633589,0.12080570325978836,0.24369031278190795,3.1226108305914533,-0.024715019233596,-0.053548458762666874,0.0,0.0,0.0,0.0,0.0,0.0,-0.5733064868738156,-9.355524317121947,-15.97095590506723,0.2987378269710514,0.01615496680994839,0.02612993168248947,0.6496622562408447,-1.268071011906006,-2.3852741718292236,-1.096786842947342,1.5808219909667969,-0.9056862036334437,0.6496292948722839,-1.2680666607669373,-2.385249137878418,-1.0968020421317597,1.5808424949645996,-0.9056695143329065,1,7,1,0.0
7.907812883000588,0.4439344780635762,0.1207879993389639,0.2436792761738938,3.1225952054388464,-0.02478118764580312,-0.05359752702119914,0.4439401565633589,0.12080570325978836,0.24369031278190795,3.1226108305914533,-0.024715019233596,-0.053548458762666874,0.0,0.0,0.0,0.0,0.0,0.0,-0.6518957507755344,-9.2944512060647,-15.73983914342186,0.2902800439041546,0.024341036705459396,0.017260148801909726,0.6496000289916992,-1.268071011906006,-2.385261058807373,-1.0968195360950013,1.5808502435684204,-0.9056566397296351,0.6496292948722839,-1.2680666607669373,-2.385249137878418,-1.0968020421317597,1.5808424949645996,-0.9056695143329065,1,7,1,0.0
7.915933380001661,0.44395093540778646,0.1208234715240148,0.2437035606531579,3.1226407522531923,-0.024615069066312004,-0.05352085506819899,0.4439401565633589,0.12080570325978836,0.24369031278190795,3.1226108305914533,-0.024715019233596,-0.053548458762666874,0.0,0.0,0.0,0.0,0.0,0.0,-0.7944689205007114,-9.494405476366742,-15.793096007678269,0.3002643944075967,0.020333660869642257,0.01647255587813802,0.6496410369873047,-1.2680753332427521,-2.3852241039276123,-1.0967867833426972,1.5808533430099487,-0.9057219664203089,0.6496292948722839,-1.2680666607669373,-2.385249137878418,-1.0968020421317597,1.5808424949645996,-0.9056695143329065,1,7,1,0.0
7.923585150998406,0.4439182231394497,0.12077284924657339,0.24365592221257634,3.122577021193087,-0.024811962874426136,-0.05364318592108154,0.4439401565633589,0.12080570325978836,0.24369031278190795,3.1226108305914533,-0.024715019233596,-0.053548458762666874,0.0,0.0,0.0,0.0,0.0,0.0,-1.0452977738420162,-9.140533569896837,-15.936583148072662,0.2838630878962683,0.007539965902955715,0.01412649796108925,0.6495923399925232,-1.2680677038482209,-2.3853025436401367,-1.096815125351288,1.5808547735214233,-0.90564471880068,0.6496292948722839,-1.2680666607669373,-2.385249137878418,-1.0968020421317597,1.5808424949645996,-0.9056695143329065,1,7,1,0.0
7.931809031000739,0.4439147679859296,0.12078279190637532,0.2436646636537896,3.1225742015619233,-0.02468573420769312,-0.05357700596345583,0.4439401565633589,0.12080570325978836,0.24369031278190795,3.1226108305914533,-0.024715019233596,-0.053548458762666874,0.0,0.0,0.0,0.0,0.0,0.0,-0.930452236887387,-9.081480640803036,-16.01183181384027,0.2873512697940457,0.01564423650179095,0.007648709633598271,0.649632453918457,-1.2680385273746033,-2.385310173034668,-1.0968061846545716,1.5808249711990356,-0.905684773121969,0.6496292948722839,-1.2680666607669373,-2.385249137878418,-1.0968020421317597,1.5808424949645996,-0.9056695143329065,1,7,1,0.0
7.939897186999588,0.4439350213168977,0.12079539808489466,0.2436777426680119,3.1225731866438626,-0.02470932513731939,-0.05360851120783496,0.4439401565633589,0.12080570325978836,0.24369031278190795,3.1226108305914533,-0.024715019233596,-0.053548458762666874,0.0,0.0,0.0,0.0,0.0,0.0,-0.5167029204695346,-9.427873761848081,-15.656569679192122,0.30732050059385035,0.018608196636135547,0.026101006626054073,0.649620532989502,-1.2680829030326386,-2.3852522373199463,-1.0968359273723145,1.5808368921279907,-0.9056819120990198,0.6496292948722839,-1.2680666607669373,-2.385249137878418,-1.0968020421317597,1.5808424949645996,-0.9056695143329065,1,7,1,0.0
7.947653062001336,0.4439274586454169,0.12078761785591469,0.24368203531587723,3.1225992350635456,-0.024756029048934345,-0.053578821017515765,0.4439401565633589,0.12080570325978836,0.24369031278190795,3.1226108305914533,-0.024715019233596,-0.053548458762666874,0.0,0.0,0.0,0.0,0.0,0.0,-0.6168992277300234,-9.724655065964292,-16.0151381169396,0.3063539803901495,0.02182917968191873,0.01061990935911667,0.64961177110672,-1.2680471700480958,-2.3852732181549072,-1.0968195360950013,1.580845832824707,-0.9056609312640589,0.6496292948722839,-1.2680666607669373,-2.385249137878418,-1.0968020421317597,1.5808424949645996,-0.9056695143329065,1,7,1,0.0
7.95607322000069,0.4439479099829254,0.12078252802482405,0.24367646311727625,3.1225874726431493,-0.02478627553164093,-0.05350277746526301,0.4439401565633589,0.12080570325978836,0.24369031278190795,3.1226108305914533,-0.024715019233596,-0.053548458762666874,0.0,0.0,0.0,0.0,0.0,0.0,-0.5589867380578663,-9.349654397710987,-16.098548765273357,0.29831558446682216,0.02427041065816233,0.01728717673120585,0.6495955586433411,-1.2680753034404297,-2.3852732181549072,-1.0967608255198975,1.5808056592941284,-0.9056566397296351,0.6496292948722839,-1.2680666607669373,-2.385249137878418,-1.0968020421317597,1.5808424949645996,-0.9056695143329065,1,7,1,0.0
7.963815600000089,0.44393318891892014,0.12079671365012419,0.24367961815650402,3.122619181919093,-0.02484032822868498,-0.05353567041091243,0.4439401565633589,0.12080570325978836,0.24369031278190795,3.1226108305914533,-0.024715019233596,-0.053548458762666874,0.0,0.0,0.0,0.0,0.0,0.0,-0.644303958049454,-9.664907166694917,-15.916054524199273,0.30868607364869666,0.012176393276017624,0.021589750323332327,0.649620532989502,-1.2680548292449494,-2.3852808475494385,-1.0967698258212586,1.580845832824707,-0.9055979887591761,0.6496292948722839,-1.2680666607669373,-2.385249137878418,-1.0968020421317597,1.5808424949645996,-0.9056695143329065,1,7,1,0.0
7.971871335001197,0.4439655246768284,0.12082105305971659,0.2437383034547087,3.1226646994037206,-0.024714018245273306,-0.053412214844158326,0.4439401565633589,0.12080570325978836,0.24369031278190795,3.1226108305914533,-0.024715019233596,-0.053548458762666874,0.0,0.0,0.0,0.0,0.0,0.0,-0.24611308663810622,-9.173493006561058,-16.223822082340053,0.28421051605485287,0.02187350055459815,0.02402961642562962,0.6496291160583496,-1.2680342954448243,-2.385195732116699,-1.0967868131450196,1.5808295011520386,-0.9056699911700647,0.6496292948722839,-1.2680666607669373,-2.385249137878418,-1.0968020421317597,1.5808424949645996,-0.9056695143329065,1,7,1,0.0
7.980095836999681,0.4439381926354061,0.12079409862351823,0.24369543300230484,3.1225685740822704,-0.024687470585487963,-0.053495203201158165,0.4439401565633589,0.12080570325978836,0.24369031278190795,3.1226108305914533,-0.024715019233596,-0.053548458762666874,0.0,0.0,0.0,0.0,0.0,0.0,-0.26873864248699975,-9.11856694714104,-16.03137512923112,0.29261138100493783,0.03348577322885256,0.024348334638691172,0.6496410369873047,-1.268038586979248,-2.38525652885437,-1.0968225759318848,1.5807877779006958,-0.9056742827044886,0.6496292948722839,-1.2680666607669373,-2.385249137878418,-1.0968020421317597,1.5808424949645996,-0.9056695143329065,1,7,1,0.0
7.9877216889981355,0.4439464362306256,0.1208093481986515,0.24367467297151388,3.122582569326599,-0.02476038425596659,-0.05353859694051127,0.4439401565633589,0.12080570325978836,0.24369031278190795,3.1226108305914533,-0.024715019233596,-0.053548458762666874,0.0,0.0,0.0,0.0,0.0,0.0,-0.6066802133735862,-9.249104064087254,-15.954420490063134,0.2958755952168222,0.026853923357516032,0.014655103236899137,0.6496410369873047,-1.2681000989726563,-2.38525652885437,-1.0967734319022675,1.5808175802230835,-0.9056280295001429,0.6496292948722839,-1.2680666607669373,-2.385249137878418,-1.0968020421317597,1.5808424949645996,-0.9056695143329065,1,7,1,0.0
7.995830964999186,0.4439098990303886,0.12077879461060369,0.24364226045617576,3.122530869129676,-0.024657620308380108,-0.05362104773775056,0.4439401565633589,0.12080570325978836,0.24369031278190795,3.1226108305914533,-0.024715019233596,-0.053548458762666874,0.0,0.0,0.0,0.0,0.0,0.0,-0.9535443488173756,-9.117161241106919,-15.747749382136478,0.2914326098313869,0.007181845704067554,0.015271836913334341,0.6496410369873047,-1.2680666905692597,-2.385326385498047,-1.0968106550029297,1.5808086395263672,-0.9056938330279749,0.6496292948722839,-1.2680666607669373,-2.385249137878418,-1.0968020421317597,1.5808424949645996,-0.9056695143329065,1,7,1,0.0
8.003928529000405,0.44393065256521447,0.12079725383644505,0.2436798030626351,3.122617446471609,-0.02477385876741676,-0.0536163995969054,0.4439401565633589,0.12080570325978836,0.24369031278190795,3.1226108305914533,-0.024715019233596,-0.053548458762666874,0.0,0.0,0.0,0.0,0.0,0.0,-0.5146996705490094,-9.839940083474048,-16.047731405896194,0.30542246452435773,0.025458593162982962,0.013298169566131793,0.6496086120605469,-1.268071011906006,-2.385261058807373,-1.096815125351288,1.5808755159378052,-0.9056533018695276,0.6496292948722839,-1.2680666607669373,-2.385249137878418,-1.0968020421317597,1.5808424949645996,-0.9056695143329065,1,7,1,0.0
