t_s,Fx_N,Fy_N,Fz_N,Tx_Nm,Ty_Nm,Tz_Nm,F_norm_N,T_norm_Nm
0.007740974426269531,0.515348713932942,-0.7269047734792131,-4.361294686901719,0.02345934175654033,0.013522465887885228,-0.020167343817977603,4.4513892429955355,0.033762694738597145
0.017683982849121094,0.5768357667013502,-0.12905819017410758,-4.679212379094564,0.009169041336450776,0.011243740867585136,-0.02335504825880095,4.716399474903367,0.02749456867997511
0.02770400047302246,0.42166472420290385,-0.2058037198027695,-4.323745762475432,0.017042357292485,0.010842636433175248,-0.017288849421709683,4.349130226751784,0.026587760741237445
0.03768110275268555,0.5910734226338293,-0.4903598645068621,-4.594075324648362,0.012753350879278801,0.016743352304130106,-0.024321498461888285,4.65782660435167,0.03216400305406425
0.047753095626831055,0.49289165111969024,-0.056771148534723086,-4.728592631457342,0.004553696138592426,0.008502057217557932,-0.028765301284200764,4.754550811309321,0.030339144408241026
0.0576779842376709,0.9243563828877284,-0.3962773309419924,-4.737801123378118,0.020203458623112194,0.016020257740685082,-0.016011157608741285,4.843369687550884,0.030351038967154662
0.06769204139709473,0.6944855089440667,-0.3231420794335153,-4.3967864472076865,0.006638477322082103,0.01654198212727276,-0.0208962172899666,4.463010417642234,0.027465586665576778
0.07767796516418457,0.028336190520517845,-0.14708757209098205,-4.212419530421999,0.004315193795492078,0.0029817120342607306,-0.017061694235424026,4.2150819676297555,0.017849731491846314
0.08775115013122559,0.191554988316703,-0.4370272529572408,-4.380419122124649,0.016351951910200165,0.005372631967826394,-0.01878349086189066,4.406331560249597,0.025476872541462754
0.09772610664367676,0.7635342764201312,0.07618541062640842,-4.532544396897369,0.0007702052340089708,0.010504754739257665,-0.023731833087246,4.597036819289841,0.025964263708323315
0.10771012306213379,-0.11925907051954393,-0.41349707484440307,-4.641816896385227,0.021916601041440772,-0.007523513033711845,-0.026404690045435806,4.661723571424355,0.035130446993649984
0.11768507957458496,0.31216100723582013,-0.5099016347206768,-4.222380977776758,0.024153608466820416,0.0032816540700529796,-0.01906857578650692,4.264498246338051,0.030947966620275914
0.12766814231872559,0.5290112819737266,-0.5643505375095482,-4.492779134154269,0.019605243778321495,0.012320395948940565,-0.021141382825368312,4.558882408434636,0.03135467760502192
0.1376791000366211,0.5677536114117516,-0.24272505458451107,-4.689254433108623,0.011989163742971288,0.008161816951864452,-0.02529479321693994,4.72973220741122,0.029157878302429174
0.14774012565612793,0.2073837535131245,-0.14089229304908504,-4.48874098116169,-0.00029059406176250736,-0.004845931699589625,-0.017758995152325572,4.4957373427973115,0.018410578691777788
0.15767598152160645,0.3664230336995225,-0.33870630452400446,-4.449150550474567,0.01528539401861448,0.007022291382237281,-0.01328364239689137,4.4770446079012896,0.02143387510203951
0.16769099235534668,0.6587382772336554,-0.06413987475664465,-4.433335601946588,0.010269267653104892,0.00880312956089111,-0.032077500660984165,4.482467467914707,0.03481262697430892
0.17767596244812012,0.5319748425706217,0.15682990910221778,-4.675237037648009,0.0019578284874745932,0.008807484992141247,-0.02149688694737281,4.708018076825192,0.02331353754155057
0.1876821517944336,0.2950493010138252,0.06810695264705695,-4.61679848051818,0.004818364243317545,-0.0031330720493379554,-0.028514012926522867,4.626718151859111,0.02908748369353281
0.19771814346313477,-0.12754465103752907,-0.10102584715202298,-4.644359470240199,0.012176639077604856,-0.015324663694879049,-0.03100186915416025,4.647208705084257,0.036663766140960896
0.20769309997558594,0.6158783909696157,-0.157261422775114,-4.354193893050667,0.00701732611048669,0.005744808108543451,-0.02355944368122755,4.4003456461778425,0.02524466423848488
0.21764302253723145,0.5393649739957559,-0.20646197868859192,-4.79009155461961,0.013538229202231546,0.01583787516366614,-0.026990258542049107,4.824781676454963,0.03409686196409697
0.22767400741577148,0.36015479367202613,0.12222870386012136,-4.584962672978349,0.0005937270437733688,-0.004548054900110363,-0.022348664468928234,4.600710167360799,0.022814471694993534
0.2376551628112793,0.051709532098553015,-0.11253600795488963,-4.442757637379586,0.010389709186918386,-0.011230206628135701,-0.02659984932821934,4.444483508045779,0.030685755362762867
0.24770712852478027,0.7075735941548975,-0.10067176249628385,-4.76522258620335,0.006432375481836724,0.004831373239291194,-0.028152006234652003,4.818520674540261,0.02927888448613708
0.25769495964050293,0.29990649809224945,0.12434451645656272,-4.385768031801439,-0.0017256781926769107,0.0023230067416317468,-0.03147619378863522,4.397768376704512,0.031608940206309756
0.26769495010375977,0.05865987876505488,-0.23622127457561035,-4.47926760770232,0.009029426442945418,-0.0028049111501270143,-0.020031769460914416,4.485875586031129,0.02215106896255556
0.27767014503479004,0.8596178169243365,-0.3195323012401066,-4.3621683434352585,0.01754748755034084,0.01581008732918458,-0.028006905129792144,4.457528052539688,0.03663686552688408
0.28769397735595703,0.25813381590741635,-0.2903347200503016,-4.710445254515692,0.016643386324613464,0.0004696452265957472,-0.029286426948103978,4.726438597122681,0.03368853927340611
0.29772305488586426,0.20254818534167834,3.0117106654903303e-05,-4.702722984853871,0.0026876948525918934,0.007980210224686679,-0.029129913125555337,4.707082880146168,0.030322587250319586
0.30768704414367676,-0.05993251308119077,-0.388664885905351,-4.350438325598926,0.016796150266374498,0.004563676142896061,-0.02114887550351318,4.368176498780702,0.02739001166065781
0.3176720142364502,0.3889233606901512,-0.25318863880544185,-4.261295829414587,0.012301502283907273,-0.0016250739924370192,-0.0349781809575329,4.286491340606771,0.03711389183337943
0.3276791572570801,0.42596425208891664,-0.3563560618453885,-4.2234950551232915,0.006239464592462999,0.008120663140921603,-0.020253566303868657,4.2598527753342035,0.022695440869789817
0.33767008781433105,0.14864789713499907,-0.33264106289487344,-4.40283179793452,0.016554296137541807,-0.004460291782397955,-0.01865026268956267,4.417881179360736,0.025333203938374075
0.3477439880371094,0.2514314599874442,-0.5595325499268928,-4.373905265198315,0.02628367891547261,-0.0002301095886867096,-0.026109235073672372,4.416711641303816,0.03704830473701527
0.3576791286468506,0.09311963672076348,-0.22738724968963903,-4.30537076743786,0.015617503931027255,-0.006426817426380826,-0.028224613567409358,4.312376800926942,0.032891324422973184
0.3676900863647461,0.6628848063015229,-0.14423403357728898,-4.37197728629371,0.016079583959896025,0.014521300186499097,-0.02180197582618013,4.424297132283895,0.03073674233478732
0.3776719570159912,0.19473414138106912,-0.5688122508001043,-4.804281442652022,0.02254341756209971,0.0005424327067762454,-0.024298704195799273,4.841754737973651,0.033150066881011256
0.3877270221710205,0.31685915174734336,-0.48406959353140455,-4.473391641282789,0.01617249917676531,0.004727373754890847,-0.024104802550100102,4.5106491627842695,0.02940985036038466
0.39772510528564453,0.37370402783754053,-0.0356423598223191,-4.603840473674119,0.005273762802473316,-0.007177540841324651,-0.028615627909302874,4.619120282616122,0.02996971516830462
0.4077129364013672,0.2288106665028551,-0.3944709279678512,-4.277018854991314,0.02618760650418542,-0.00163366178946064,-0.02444597516550805,4.3012616660775835,0.035861752425851066
0.41767406463623047,-0.03437944448804757,-0.31321807310688,-5.01414883576268,0.01995911714331049,-0.014448273590804282,-0.024516329792839207,5.024039814203738,0.034758731182342927
0.42763614654541016,0.10272418934871191,-0.5909424465262787,-4.688775225012121,0.030291741585391812,0.007299194992629331,-0.01855956880169314,4.726984064376701,0.03626741581532054
0.4376671314239502,0.7725732304312951,0.16763394388795266,-4.803299499164773,-0.00021860890403909024,0.0004954660336759908,-0.024231275430211065,4.867921179949305,0.024237326284435794
0.44771599769592285,0.748619791034227,-0.45837056141284205,-4.584803699460479,0.024350043426984824,0.013225014961495708,-0.030100358684017208,4.668078847415128,0.04091280030179213
0.45768213272094727,-0.30974689044251263,-0.13632348953286075,-4.595229505775648,0.010909509007596246,-0.013531489021019485,-0.03440719354883954,4.607674189945327,0.03854832745814142
0.46770501136779785,0.2580824647038842,-0.7388803239274048,-4.488940352032334,0.02554577962541337,0.007889215426090515,-0.024156040289422698,4.556658444055126,0.036032497265297364
0.4776749610900879,0.1535177738784318,-0.3699244878894579,-4.443748568210352,0.014375704361588616,0.0065375613890961875,-0.020020220252977325,4.461761218522168,0.025499211826755012
0.4876730442047119,0.8244360321234172,-0.24642680299082934,-4.75846784415194,0.010106951053817943,0.022933180312350015,-0.01964890414731346,4.835642373472598,0.03184588910728262
0.4977271556854248,0.0652588527461184,-0.4773427887279417,-4.352831954815212,0.023125952559980466,-0.005591037742686715,-0.027612488594654015,4.379413303477159,0.03644885335969449
0.507681131362915,-0.010360158396493716,-0.5484895048927012,-4.739467814438872,0.023118657626731005,-0.008133046934123565,-0.021789483262807708,4.771111320642333,0.03279329754316942
0.5176761150360107,-0.18861090822415286,-0.23224932657761177,-4.145119965385355,0.0158019366481543,-0.005779282772862509,-0.024589016995067377,4.155903433891742,0.029794648311143052
0.5276679992675781,0.44649435629617873,-0.3934103043966941,-4.455652019480761,0.02291745956077117,-0.009827693618953734,-0.03216592379355409,4.495215656285338,0.040699387809650586
0.5376701354980469,0.4601915891911709,-0.6406460908286298,-4.4583563100435475,0.022865890804006157,0.0018372190293069188,-0.02164867724421441,4.527598115972907,0.03154186998969065
0.5477330684661865,0.794950716760027,-0.38521151899312883,-4.180449084077961,0.012522421936896452,0.004766131368505226,-0.021659444151039976,4.272761296984719,0.025468776576811358
0.5577981472015381,0.4577218156252953,-0.15847000274528938,-4.2821959567139585,0.013044293558470218,0.009403400622663538,-0.026605757705146334,4.309503940590701,0.031087680530634803
0.5676939487457275,0.39703197182496636,-0.14835723305934256,-4.504497553164469,0.008350768517608579,0.007539683404990667,-0.03069834366113505,4.524394154106926,0.03269511376672858
0.5776879787445068,0.14422690981050545,-0.09320993260271726,-4.466396819528164,0.0026271555726869408,0.003071266539425108,-0.022624478844140122,4.469696862488617,0.02298263839354038
0.5876791477203369,-0.1978589069845105,-0.371257010238905,-4.573409228246567,0.014268871461458126,-0.016595085973980205,-0.03007577898951305,4.592717265817209,0.03719610266000247
0.5977110862731934,0.4835454800470915,-0.25328534501975297,-4.460550542279757,0.01596749486966721,0.007964101826343176,-0.025541386231237504,4.493826970134473,0.031156864748020784
0.6077070236206055,0.30353502782996933,-0.12777212331654655,-4.330204774270805,0.009363007994059319,0.005130201007142207,-0.030772055672456645,4.342710284572784,0.032571525776040534
0.6176769733428955,0.1005116920129345,0.09733218079488973,-4.534363879314498,0.0072193425732104775,-0.005314315112272879,-0.025951930066123584,4.536522009610624,0.02745657528642038
0.627669095993042,0.055549318617499635,-0.2590661764112232,-4.360381748794112,0.008727967211008159,-0.0032632832235569608,-0.03407382638621387,4.368424201674558,0.03532494973289313
0.6376581192016602,0.4364278550484589,-0.4363318043138122,-4.562143795154885,0.014098439471099327,0.005562231015751856,-0.024221920523288063,4.6036953335106965,0.028572816508516043
0.6476900577545166,0.0886414628430795,-0.7616686346951591,-4.365600051813928,0.033053834782703184,0.0072546562959198615,-0.02479254140302223,4.432432766597946,0.04195063933999981
0.6576581001281738,0.17321401517075508,0.02031558832147036,-4.248965807369834,0.004780281537121465,-0.009072152762220705,-0.020720813797040077,4.25254350364325,0.023119411145762766
0.6676750183105469,0.37255677661013953,-0.21100423373395125,-4.342923424851737,0.013236984641488937,0.008815988023563842,-0.02498057659148881,4.3639781407080545,0.02961365587147041
0.677670955657959,0.7330961332340092,-0.16222163442100831,-4.47140696157111,0.005360073584713665,0.010865686272493118,-0.02229712520993177,4.534007721125259,0.025376274739077945
0.6876771450042725,0.43659458717682664,-0.5765079329118903,-4.481265502769769,0.025177514840753045,0.00415635717035656,-0.032750948021209536,4.539241868041054,0.04151875666216274
0.6977050304412842,0.1257259938436318,-0.5128513514282333,-4.381358140155241,0.0277020509354426,-0.007495136340025129,-0.025314971953789546,4.413062733124732,0.0382678520406695
0.7076690196990967,0.3598570985977914,-0.02483839522036065,-4.798374688202268,0.010714781566028838,0.0007133127212292073,-0.026173218414334214,4.811913727995189,0.028290505849320233
0.7176811695098877,0.5459277008286398,-0.16316503918534553,-4.607039751813703,0.005317951410403328,0.0008907687799759542,-0.02584832866408231,4.642141225699199,0.02640473766105639
0.7276699542999268,0.4326017173859473,-0.13333063374102247,-4.495771791050166,0.011129016820656328,-0.0034817723372624282,-0.02683689409778301,4.518504763855127,0.029260837971913894
0.7376570701599121,0.3946045475979819,-0.2999961627358741,-4.337105693163682,0.01709470642994244,0.0031708711629397594,-0.02470057486490692,4.365340334992689,0.030205989646339183
0.747715950012207,0.4793593402245962,-0.2008353605505367,-4.511017839405105,0.01907430570787596,0.0075312645326755575,-0.016429751118077016,4.540859188142607,0.026277096595716185
0.7576639652252197,0.39984054690368154,-0.42959995413789,-4.437171931872897,0.01812413740616781,-0.00651397918272799,-0.02096827666068214,4.475815382312386,0.02847077286674129
0.767707109451294,0.0784336693334132,-0.5122920655609529,-4.467822801359468,0.023390397050787357,-0.001501724048206545,-0.017581554044773174,4.497781184680883,0.02929977631211071
0.7776541709899902,0.3762721191117623,-0.6926628938403288,-4.4667231096055895,0.025490097692195037,0.0017862425200528575,-0.018346546214812503,4.535744473623788,0.03145681962167095
0.7876729965209961,-0.34800799459683723,-0.5347859028834765,-4.518981249331716,0.023433310213671264,-0.012887668236282167,-0.023690928506264756,4.56380291621339,0.03572774990994499
0.797698974609375,0.6393302015713327,-0.2199419611743091,-4.885027210528768,0.011272494869305903,0.01073906891909345,-0.022514885875076995,4.931592888766561,0.027373652072664848
0.8076930046081543,0.9689018672484492,-0.44396821393047275,-4.744778370026826,0.023855391862671292,0.017118100528313317,-0.023394584581857367,4.8630032268149455,0.037542185263736615
0.8176560401916504,-0.004558258790250999,-0.38092871381551996,-4.46629165843854,0.02005990515801004,0.0021326441736768246,-0.024514235798081426,4.48250919028283,0.031747373480081977
0.8276629447937012,0.08875638785520115,-0.5602046913404087,-4.683415696066438,0.02564877595005524,-0.00032694720899702494,-0.022770774491206035,4.717636015500389,0.034299778033435764
0.8376691341400146,0.5198859249997915,-0.5282650021718093,-4.696599009681598,0.027060481772770123,0.015538813853577462,-0.02795624636017172,4.7547226570300225,0.041896015565936216
0.8477060794830322,0.803628519307281,-0.46540411861176156,-4.4782802006541935,0.021785892966391694,0.014440560949837346,-0.024498031872510873,4.573555875490772,0.03582329547257763
0.8576779365539551,0.3515624524698137,-0.16393726019170748,-4.769920583047507,0.010026642940355966,-0.0007512673457298954,-0.02428767818163372,4.78566755550843,0.02628667500336923
0.8676860332489014,0.9938916962552551,0.03771440343060334,-4.578720304985684,0.0045640195889086466,0.018243561263787584,-0.027801864447514646,4.685501329783129,0.03356488446504012
0.8776521682739258,-0.28370374613432814,-0.616941762358878,-4.2912902726326765,0.0226002253621985,0.000532504984728419,-0.024167772149676987,4.344683781094426,0.0330928233709308
0.8876690864562988,0.3986380920608624,-0.6364711681164179,-4.5994256411402565,0.03215838973825326,0.008227543363417468,-0.03308286938343091,4.6603351923079375,0.04686502690701732
0.8976941108703613,0.37094782395138504,-0.41286961864188193,-4.3032692290664905,0.02414205743939238,0.005813216480937862,-0.021176649710678414,4.338915724915877,0.03263560810265292
0.9076700210571289,0.8535093850788346,-0.511703870434961,-4.12850877576789,0.020889727492119516,0.009910341398955832,-0.022223157927248632,4.246752151118341,0.03206967928742514
0.9176621437072754,0.6847910873798495,-0.2860671216783987,-4.497080508770851,0.01419032429873414,0.011140213587615253,-0.03174221124058701,4.557905915420692,0.036510787952644626
0.927664041519165,0.703632282624941,-0.03240331731558795,-4.24946000585486,0.005184671909159273,0.013590333413082233,-0.02894508889741387,4.3074422463319255,0.03239438464245858
0.9376449584960938,0.2657923212601805,-0.6102079650466671,-4.642281116165805,0.021567463219823963,0.0047128700425686345,-0.030027397868746572,4.689751942284038,0.037269441054899204
0.9476821422576904,0.0318521314897431,-0.1601499508064143,-4.538039059476702,0.007676868102882034,-0.0038761001510249026,-0.020802499408100958,4.540975783943351,0.022510051929612772
0.9578139781951904,0.8389165232276455,-0.5935562501568384,-4.211196908253378,0.02545061077182698,0.017723547559452744,-0.010641366794029633,4.3347744295554085,0.03278866288820414
0.9677140712738037,0.051585726576514494,-0.24346289495201168,-4.835739167354547,0.008340968860710275,-0.002429715371763559,-0.026997415916484045,4.842138841781769,0.028360813537180993
0.9776740074157715,0.4831647587596444,-0.6258223167843627,-4.6024290324185735,0.026757070059350428,0.0001525957607343234,-0.01908632820487275,4.669845260256701,0.03286718740585057
0.9876000881195068,0.5078964035499548,-0.3613033498225289,-4.651023093858883,0.020850761452649254,0.008546987951361783,-0.024630136645414667,4.692602123229777,0.033383362433520775
0.997636079788208,0.32257516508657946,-0.24232522536729684,-4.592042803345672,0.009079821862404731,0.005215386116749665,-0.02071904610498605,4.6097324607550405,0.023214699845148238
1.0075900554656982,0.6191816753947735,-0.38683762753706813,-4.525503893196585,0.022128698200403002,0.012901952963511609,-0.025158229361500462,4.58401731940016,0.03590370703594615
1.017549991607666,0.3771680083547743,-0.20208543371305066,-4.5972982490328445,0.009414863720590564,-0.003898438861293453,-0.022994800451516865,4.617168550053783,0.02515150755397409
1.0275850296020508,0.24158932132541394,-0.13570894963703561,-4.224987480932291,0.009179485997472887,0.003928549174804811,-0.023062694365698726,4.234064422422579,0.02513134165145769
1.037553071975708,-0.0876979828263782,-0.17713584020514284,-4.573912360996856,0.0050901447167048105,-0.0025801770039717694,-0.023799805301646135,4.5781811157005174,0.024474427858585092
1.0476131439208984,-0.12329985424886573,-0.11547751192537607,-4.5462917916436725,0.006934855135890884,-0.01455516564519763,-0.02140514061023971,4.549429300976651,0.026797856392985365
1.0575661659240723,0.8821447858976422,-0.42186628812278415,-4.261579876822729,0.0098462846772951,0.02188297709451268,-0.023341859718866997,4.3723235967710945,0.03347620682814241
1.0676169395446777,0.7472005140719031,-0.18080569736533808,-4.294007557960163,0.0058891219539068855,0.006217300323031145,-0.030351841954966305,4.362281537939531,0.03153681801884908
1.0775730609893799,-0.20208505794920792,-0.31400307720511805,-4.23164363842496,0.014189642255181248,-0.0026358573625106714,-0.020562086308873906,4.248087120783077,0.025121566128311082
1.0875661373138428,0.65364670282508,-0.8705224734842195,-4.297217474178927,0.03471412924136357,0.012551103068320097,-0.028323518271714417,4.432960794925204,0.04652765462072882
1.0975720882415771,0.2820406763605975,-0.38519560477234766,-4.535558025140659,0.017652847654901136,0.0024889709963881583,-0.029931964693779217,4.560615002000905,0.03483877893063497
1.1075749397277832,0.3275191144055194,-0.26781640955257174,-4.193277640904227,0.006330810320321283,-0.00021285863837891862,-0.024074933098121126,4.214566617486776,0.02489431404539653
1.117563009262085,-0.2536241030702326,-0.29526035887485147,-4.101582363437564,0.012803088997590943,-0.0023024472017992444,-0.015999937226625845,4.12000992101271,0.020620823025603877
1.1275620460510254,0.3078413677828294,-0.22651810515157528,-4.327539703416886,0.020635579061406478,-0.005872095533462185,-0.028552749961624883,4.34438449545265,0.0357150970812727
1.1375620365142822,0.7075349262519923,-0.316213277003928,-4.551124553931204,0.01412021228570532,0.015444011355555409,-0.0333254125582323,4.6166363527806125,0.03935074337188937
1.1475610733032227,0.5042231384342741,-0.4225361893673315,-4.292480808954715,0.01681075657300506,0.012555513005914034,-0.017118634319113334,4.342599371333039,0.027079329466403596
1.1575701236724854,0.27330122445376875,-0.20017490433934818,-4.408513817703054,0.01566119127406358,0.0016440506003231492,-0.0161352012839942,4.421510786201245,0.02254596493774964
1.167626142501831,0.6040393411830286,-0.042893014831261504,-4.482268621892852,0.0014805965504576708,0.013449059480367388,-0.024377600896528837,4.5229896457126,0.02788076025724784
1.1775660514831543,0.045098127889672227,-0.33477733931343145,-4.284486547945486,0.019724177016921775,8.727431189759554e-05,-0.01984163716488311,4.297782531443716,0.0279775149215089
1.1875691413879395,0.8550763686084853,-0.13852981331780365,-4.300692938300271,0.01020853739412299,0.01583351415760295,-0.02721186710973483,4.387061186589077,0.0330968294237392
1.1975610256195068,0.15912344329794145,-0.23237029386790625,-4.349544094552882,0.019034712650946462,0.007319574498767724,-0.0221222755935735,4.358652320860096,0.030088062981606673
1.2076029777526855,0.6612590202089077,-0.3811330419898715,-4.42120885803364,0.010134009718946083,0.01754181768667129,-0.012665970592596078,4.4866037995190995,0.023892265103765613
1.2175779342651367,0.6284385820258875,-0.5055010543683298,-4.709009119870431,0.017445943265808502,0.01746977949062887,-0.020555351997454233,4.777576086088959,0.03212594944315657
1.2275810241699219,0.05654238129998594,0.049323106952109896,-4.612030493631221,0.004150484460247119,0.0038632459716419426,-0.020360869614707695,4.612640792858981,0.021135661857611357
1.23757004737854,0.74308452196017,-0.4797320089317373,-4.3063087567536265,0.015671955114390835,0.013051864701929327,-0.01562034365184688,4.396204330517795,0.025689618235908897
1.2475731372833252,0.22642213853193366,-0.3091379813551019,-4.3624111248269,0.021775591024858147,0.006932209782278467,-0.02323018092419903,4.379208158828166,0.032586395976211
1.257599115371704,0.15718311362596973,-0.4550046223383164,-4.738205751970046,0.013369280036805004,-0.005465303813542154,-0.016934365738110184,4.762596926631564,0.02225713228223509
1.26763916015625,0.29737452952621934,-0.3227194858149193,-4.618865140651524,0.01903592574417953,0.0002844739014972848,-0.02696713734343781,4.639665361301546,0.03301020888813623
1.277588129043579,0.1589810007203071,-0.010336356453713358,-4.445912996082075,0.0070907722316678,-0.001747850010862111,-0.025477216794189985,4.448766589470194,0.026503256518398226
1.2875871658325195,0.6764126164433444,-0.17121129516307218,-4.615707567645969,0.013292550425881533,0.014664299324806554,-0.022640381817669194,4.668147778862556,0.030071921461090095
1.2975540161132812,0.13715742342569995,-0.45377963493492746,-4.538578106254707,0.018035413631265585,0.0033684275979451866,-0.020443032772251887,4.563268493356161,0.027468892192092566
1.3075799942016602,-0.002057845615559944,-0.6220596115354377,-4.1980542194062025,0.026032226401651218,-0.0025941476681575347,-0.022121982574087828,4.243892272914855,0.03426059728841982
1.317559003829956,0.5372132511482408,-0.4812225661001121,-4.41768888401504,0.019325871191330366,0.007730281410715491,-0.024756771207866762,4.476175634543766,0.032344153546373836
1.327552080154419,0.15300188826170075,-0.02539717227025758,-4.369531673171039,0.012908710801813715,-0.00835819759259175,-0.017010934653313155,4.372283343633606,0.022931772267772044
1.3375599384307861,0.09368412102358104,-0.26414490494654397,-4.225157155658313,0.013805768132700187,0.0018692466742793953,-0.0267596034911728,4.234442375963077,0.030169018808505723
1.347567081451416,0.8034503982490266,-0.16277952992748393,-4.603297770356005,0.006036590656274165,0.012343899027007074,-0.01957304970692361,4.675722412673201,0.02391477670332853
1.357593059539795,0.19287254709089638,-0.5928972037114654,-4.137752199820827,0.03338649614050657,0.008500917519940606,-0.023015687353886715,4.18446175519771,0.041432421937327706
1.367609977722168,-0.040154619858469756,0.1320925149262154,-4.063413120218345,0.00045212827009427886,-0.005176365724523278,-0.02458729560434742,4.065757864354209,0.025130345943146105
1.3775761127471924,0.14251014442963184,-0.6679872369248827,-4.5338224631270965,0.025721045334600054,0.0010763409755039758,-0.02240469660617347,4.584982248287964,0.034127717664894926
1.3875820636749268,0.528906949701745,-0.40602208594893174,-4.303661803076448,0.02379150104994148,0.013127411349513353,-0.01529566171814128,4.355008772778804,0.03118207366973068
1.3975560665130615,0.6179660658784685,-0.2896667568876254,-4.4070057534571605,0.01691318325004329,0.006941933991604735,-0.02936203743644504,4.459539056856395,0.03458866082421438
1.4076170921325684,0.5709686115839462,-0.7184930603752115,-3.917967192285082,0.024196502122064274,0.010917876256032643,-0.02206048568304645,4.024015948408218,0.034515732144299066
1.41758394241333,0.45597867431895134,-0.7110517252976781,-4.439385022790654,0.0250882391924006,0.009740932218793838,-0.01768500872493016,4.51903202998833,0.032203494218284716
1.4276001453399658,0.49830279805530536,-0.5541037546554227,-4.196787146037947,0.025903977631514395,0.015120983615398934,-0.023145208308290765,4.262435805806619,0.03788615671014062
1.4375851154327393,0.11070774220104652,-0.8472732745383356,-4.369888429225125,0.03003851342649182,-0.004435712381350228,-0.017270367790218916,4.452645628141297,0.03493212614217783
1.4475841522216797,0.6119374225721858,-0.27671177553630766,-4.147123206558805,0.012691510654051236,0.01784885312655076,-0.024426963741762887,4.201150759761346,0.032807507650787424
1.457611083984375,0.3597236163317518,-0.40757676035208656,-4.381024632362515,0.01715618870950644,0.0018347479901522786,-0.02175736644851244,4.414623055833081,0.02776840121430146
1.4676179885864258,0.21961531589305083,-0.2764163000171692,-4.296969435630491,0.014687079681145165,-0.0006297890628076913,-0.018625091817059885,4.311447922523546,0.02372764187646658
1.4775991439819336,0.5358678998474486,-0.4412011808205353,-4.2009675387737255,0.020238738613567925,0.015871880355267484,-0.015872838651100726,4.257926860559599,0.030223668432606394
1.4876220226287842,0.828719703127397,-0.20000158070859544,-4.303437195134869,0.013711989536242133,0.004217035657029705,-0.02595865055334592,4.387066066417027,0.029658954555503134
1.497586965560913,0.3163475474368249,-0.4724199508466591,-4.41970440585579,0.01110809333690391,0.005703751392625037,-0.01770147214580074,4.45612425947351,0.021662516789579197
1.507606029510498,0.054164041509556116,-0.5911892499985927,-4.266212008608822,0.03208267062351725,-0.0006166625085695206,-0.030431927513298516,4.307319743773926,0.04422420422304088
1.5176060199737549,-0.16074767797881728,-0.8403364761942635,-4.148534095900639,0.03573877385876338,0.0014405161221691513,-0.01880023879422607,4.235839982110787,0.0404077223107908
1.5276100635528564,0.2779943144986632,-0.3960334296053092,-3.942029035485029,0.016672994795592446,0.0013881139869297017,-0.02179519182914152,3.9716138071148803,0.027476280730179624
1.5375959873199463,0.3669072616303151,-0.8096123032626787,-4.228092109604316,0.03685508340442216,0.0085701777340497,-0.029957971451731392,4.320515699257397,0.048262046917250286
1.5475940704345703,-0.12183425638732542,-0.4849659499741948,-4.3385943337120585,0.012433083096641578,-0.004520452899060445,-0.027663916177194693,4.3673145468562495,0.030664446969731456
1.5575780868530273,0.1975375446708237,-0.8298735792632969,-4.436812655450184,0.019327652297314674,0.009030402129652261,-0.018750275642840254,4.518076778749644,0.028402097504086028
1.5675859451293945,0.010297505089916916,-0.5862071611492454,-4.2805081306457184,0.025385055199580595,-0.002136593380697982,-0.025664982002984633,4.320473901196237,0.03616154532059881
1.5775699615478516,0.16746238956112353,-0.25700708102326647,-4.685116421840613,0.007204330557565162,-0.0008832227236705676,-0.035730033099275235,4.6951477269425945,0.03645980974220215
1.5875720977783203,0.6126955428562905,-0.35125636546489736,-4.467789031024414,0.019294284473447245,0.011683233642795176,-0.02064000699265662,4.523263831378581,0.030574127139648036
1.5975639820098877,0.3313404063284234,-0.5822547803545887,-4.395196276372083,0.025711891040960708,0.0011569114758293486,-0.030957750008834627,4.445959671650956,0.04025943455483002
1.607593059539795,0.35008311367573736,-0.27431181543284844,-4.310889780204588,0.014901960342866038,0.010764023314835638,-0.03289266721531387,4.333771550928743,0.0376810320522151
1.6175460815429688,0.2152981830476457,-0.6421189432805395,-4.2178215464767135,0.026771221732500204,0.005243409619310688,-0.01659933522536919,4.271848387158251,0.03193320509142096
1.6275529861450195,0.3689174554846987,-0.7508751556527699,-4.269145000631529,0.026292827670137242,0.006093159256848643,-0.013470426486581883,4.350346264925937,0.03016441224939186
1.6375579833984375,0.2633390086157472,0.07689692336924303,-4.28609301667411,0.005888229899813688,0.008539905957934742,-0.0283178529025296,4.294863666970694,0.030157951490987135
1.6475520133972168,0.8061279374842819,-0.4351652109301001,-4.45706386834759,0.02300997604289418,0.013192762585804095,-0.010808244129466208,4.550233987272092,0.028641335920345914
1.6575560569763184,0.6338422064491904,-0.27888270788828645,-4.424060918327636,0.00906426865234139,0.00928649125485307,-0.029171985001966688,4.477928819946722,0.031928116057532284
1.6675550937652588,0.06254696735229132,-0.3271923690994483,-4.4404378105979525,0.023072623663876215,-0.004403675010826953,-0.022473764403736197,4.452915328109195,0.0325085896773527
1.6775541305541992,0.46564268563032907,-0.2229891853719187,-4.414396167085405,0.01502069272583054,0.001720189913884628,-0.014245879050285995,4.444484312881774,0.02077318784440718
1.6875629425048828,0.4319674239897503,-0.34284477509849426,-4.44570450701497,0.01968874619012868,0.006834799882258499,-0.02310972933921252,4.47977978910726,0.031119460247592462
1.6975369453430176,-0.415502281921634,-0.6993621063277214,-4.3818424712491595,0.02919175798568239,-0.008002301605328678,-0.016298196079124305,4.456713244633558,0.03437770732190965
1.707576036453247,0.18871772443037946,0.030292593323161296,-4.625657033026145,0.007229004948570108,-0.00871756557878161,-0.03041546055599682,4.629604195599086,0.03245542640299473
1.7175509929656982,0.29129757593066996,-0.5507162079254825,-4.632879519102382,0.026415067255002218,0.010895495184955735,-0.020428664215177587,4.674581827065736,0.03512545964152158
1.7275550365447998,0.1270040572492377,-0.429117984318808,-4.507719929309668,0.016027427353977115,-0.002271450374677679,-0.014752495052730345,4.529879825792199,0.021901461701732846
1.737563133239746,0.039626617867383494,-0.026625875238462195,-4.222683755224375,0.010433029670330796,0.0014530123416510523,-0.019766888176487963,4.222953623083215,0.02239842005920892
1.747560977935791,-0.1329135420489868,-0.15820794598715376,-4.589469702599701,0.009512027009730943,-0.002047841693529557,-0.029750058483893522,4.594118839877139,0.03130077144785243
1.757568120956421,-0.21477280305279758,-0.22517369283564417,-4.889657081016514,0.01738216265287875,-0.012317010942379015,-0.02112940626844074,4.899548644396884,0.0300050020213737
1.7675659656524658,0.24286925620275726,-0.290721404570216,-4.478833000681764,0.016309741281740543,0.0038613025967979124,-0.027812630817103123,4.494824741709044,0.03247244603336534
1.7775659561157227,0.229895921831762,-0.18851444009490018,-4.590400438261052,0.006532091632960727,0.008262951419820742,-0.02505089880090033,4.600018044810958,0.027175211461930943
1.787559986114502,0.1572427922712384,-0.17520799572996765,-4.154633591000049,0.006287899724832949,-0.005870592107819271,-0.018757465608722816,4.161298284544732,0.02063598921080265
1.797558069229126,0.2836989544870176,-0.1617742647289843,-4.42807533519749,0.009540132530904499,0.0019190711894159942,-0.02573645283996059,4.440102159150169,0.027514759088910525
1.8076250553131104,0.3587472769797773,-0.3484624666895325,-4.426863729021466,0.012262920169284536,0.007964362153320095,-0.024789174600147745,4.455025047601596,0.028780435245911295
1.8175480365753174,0.513448118986324,-0.19898781237899377,-4.553362392795513,0.014001423495129341,0.004864986813539708,-0.01670215620119529,4.586538367929615,0.02233091978300494
1.8275599479675293,0.1338300894325123,-0.1980777042982385,-4.702842951379978,0.01472840358526378,-0.0027054665421408584,-0.025472647841304177,4.708914640882962,0.0295482860658305
1.8375439643859863,0.0017294397722811862,-0.484285336175475,-4.558717467470607,0.021189823005926953,-0.0027743247177792092,-0.02069285349655403,4.584369119739176,0.029747263109268392
1.8475420475006104,0.3573664960143858,-0.21045383563176992,-4.494518075776377,0.007367051135280111,0.0022259446867114964,-0.02753005878505422,4.513612119232922,0.028585527962356617
1.8575401306152344,0.8669412937902284,-0.7384582050039212,-4.490303169373942,0.025757922690384027,0.01517250787892814,-0.027688399125468627,4.6324648169528455,0.04074706152339318
1.867542028427124,0.006573219211506883,-0.39014097848189266,-4.499235534014361,0.020672788621567014,-0.007355969561162677,-0.02863624856037597,4.516123734004539,0.03607643564971985
1.8775391578674316,1.001664897380927,0.09976989165228703,-4.2628450683826165,0.0035734844647961317,0.02140285581122952,-0.024266244316057877,4.380083866201587,0.03255307422199986
1.887573003768921,0.8997386031862457,-0.3529355607935839,-4.535779981562018,0.020808078580438722,0.00859640264214878,-0.01340613705739573,4.637606398270012,0.026203030042293476
1.8975450992584229,0.22353130415232667,-0.3541692933259125,-4.3939193507958425,0.01716603639979379,2.698748145247144e-05,-0.02378819333946244,4.413833865651172,0.029335161093112235
1.9075820446014404,0.5579682878365124,-0.40932810805302233,-4.581442096655293,0.017858420814308842,-0.0030757672778691588,-0.02661150170351897,4.633410169117204,0.032195582946189114
1.9175810813903809,0.2764485001785499,-0.09427093164449762,-4.41486922607198,0.009179368789936125,0.004736380407109843,-0.029972292593978028,4.42452043334885,0.03170224651474304
1.927583932876587,-0.11019906101723931,-0.23679599911032442,-4.510698707128615,0.014786510409424275,-0.006025537947631846,-0.02439826659999445,4.518253977449198,0.029158590684921114
1.9375519752502441,-0.12095828160885859,-0.12749035648288468,-3.9567930554784088,0.006540558898075719,-0.007431294748929838,-0.021083580346033855,3.960693876174737,0.023292067588609106
1.9475619792938232,0.5914246524483682,-0.16438165099999,-4.491668168137872,0.005647694461465548,0.009015219171165063,-0.03143954374789402,4.53341895034776,0.03319059415723004
1.9575481414794922,0.4048839573335471,-0.12103025177277069,-4.297969494850158,0.009266875079787587,0.0026054530307966345,-0.02577379714986083,4.318694376708403,0.02751276028976827
1.967560052871704,-0.2361857144958956,-0.19776657286983185,-4.504534881031078,0.008779359086987685,-0.01471525203522304,-0.022625766818494913,4.515055902588835,0.028382056172224633
1.9775540828704834,0.45338823535717754,-0.41400207367208597,-4.601775295290788,0.012718941342565047,0.0013248040948999021,-0.018423882011849836,4.64255258207311,0.022426903556934424
1.987558126449585,-0.14671041501596668,0.051524266454672896,-4.316686757264644,0.013725418972150268,-0.013212769735214524,-0.01884434718405847,4.319486457468271,0.026796899649589985
1.9975440502166748,-0.12471067427180854,-0.2469943054938608,-4.521367866626475,0.014859104959647686,-0.014123827387424476,-0.01905041709099312,4.529826301811822,0.027985601505281083
2.007606029510498,0.22610199006573517,-0.6201717241192111,-4.19759520371211,0.03450169029546031,-0.004104029665110159,-0.017216023566796627,4.249181164828771,0.0387762963701855
2.017544984817505,0.2581231935657726,-0.07795462592476987,-4.537883808079195,0.01287884181218462,-0.00277409942072221,-0.02204385238883968,4.545887587962003,0.025680568960992255
2.0275490283966064,0.6627473949149815,-0.43286474135715874,-4.3217220388248085,0.015512859430365355,0.01915959240275688,-0.030611948329092458,4.393618938260446,0.03930432761476885
2.037554979324341,0.3041443592814253,0.01916058908984147,-4.405885849051423,0.01076639966972924,0.006186325161562057,-0.02141981954971156,4.4164126884077035,0.02475872877179132
2.0475480556488037,0.40931317467611567,-0.10615732192150473,-4.546922499849518,0.005735075689676634,-4.148237045807091e-05,-0.022421100353877114,4.5665425511648055,0.023143002290800716
2.0575661659240723,0.23280769656585984,-0.17799177506200106,-4.411787673741983,0.0039355941346101665,0.006088998668683345,-0.025432157410288894,4.421510033207176,0.026445404828085307
2.06754994392395,0.3381563682122374,-0.08517857295063012,-4.439040067504335,0.008863968685124382,0.0017297206021469015,-0.02847285128129122,4.452716231645723,0.029870807392818898
2.0775790214538574,-0.17896788264930646,-0.6312131235973486,-4.607024321433369,0.024648413201082787,-0.0023162516325909736,-0.02965568796667566,4.653507559755339,0.03863119366177577
2.087545156478882,-0.09482177627318109,-0.22252901918087217,-4.621648001491146,0.026222011042743146,-0.00827370721633967,-0.01908104910105623,4.627973701666887,0.03346841091274537
2.097551107406616,-0.03113364780479483,-0.20922276353091268,-4.526307077352507,0.016273847704320134,-0.0019391334551066301,-0.010342193637849233,4.531246983700683,0.01937935310847317
2.1075849533081055,0.4487016642344948,-0.3926956786256037,-4.548890393824399,0.01985011982746322,0.0003366876392715648,-0.014631125982617253,4.5878041473591615,0.024661923348561123
2.1175460815429688,0.1691375130837402,-0.3380893739654889,-4.556038234253828,0.01353475447435381,-0.001611217001198994,-0.024871043818604662,4.571695124907529,0.028361142775511466
2.127556085586548,0.2744214645117095,-0.13477864874431233,-4.488735477503374,0.011698721752565151,0.00132775575941671,-0.023285209733014466,4.4991353181849885,0.02609260466705225
2.1375601291656494,0.7451645063275486,-0.325214199995652,-4.161024889176235,0.016283177874251653,0.009667304701343776,-0.027028194684315377,4.239712554609485,0.033001847975020975
2.147557020187378,0.5399548259287986,-0.228884145648499,-4.553148858605302,0.016134884729164366,0.01047174204568046,-0.017909154251331754,4.5907628663210005,0.026281736865981436
2.1575701236724854,0.26571512949494397,-0.05933121594574271,-4.38595681883509,0.002060289863077791,0.006333182166762554,-0.019570971470762737,4.394398928171421,0.02067309640539388
2.167565107345581,0.7240715293809001,-0.5244144937608772,-4.606411631632675,0.01689879761155242,0.008310431595289361,-0.021785694972012867,4.692368086687923,0.028796686257793278
2.177562952041626,0.5484384843210455,-0.3434831382402687,-4.27791044742559,0.02267907136931727,0.012450668729961093,-0.02099548922761615,4.326578698409722,0.03331921364475403
2.1875500679016113,-0.05826711734985855,-0.10682839761494711,-4.623892194065635,0.018367132899528505,-0.009795438105222034,-0.029552301257953988,4.625493096507912,0.03614748522737159
2.1975390911102295,0.3233824694471481,-0.1732588694388649,-4.502876468364148,0.008646443664810443,0.0038055987046643246,-0.023968889039313872,4.51779717857415,0.025763369564725497
2.2076051235198975,0.5643496726779947,-0.2452627752456369,-4.462647124229418,0.012683461372550381,0.014200500250696016,-0.017708327272086297,4.504871112181352,0.026002100963851183
2.217540979385376,0.23625816481938972,-0.3915539532123621,-4.656189025048194,0.018595909918047153,-0.005463306265917685,-0.030790866915192606,4.6785925934728825,0.03638314261336481
2.2275400161743164,0.7484575333723138,-0.10364471560896668,-4.5550928087707225,0.008723838730949666,0.02540753113507173,-0.026769459797408218,4.617337046702372,0.037924292721530244
2.237542152404785,0.2292855246212556,-0.5039792092656561,-4.589455538959419,0.02124504575691406,0.0005501378649102285,-0.029154281611887756,4.6227339355903,0.03607806476502082
2.2475521564483643,0.42720454130853674,-0.3120265726683706,-4.674299419221404,0.0184014717357282,0.009579851845263375,-0.027093648053800885,4.704140661449163,0.034124089559741055
2.2575671672821045,0.5162001866943966,-0.3112082956719172,-4.4063566013633935,0.021480898420306673,0.021264952962609086,-0.02520988571640849,4.447391565223047,0.0393594405356566
2.2675509452819824,0.3692909763093301,-0.3689672239117045,-4.361664669037871,0.01730211394000987,0.0028450384726736197,-0.023864192513257772,4.392793111749954,0.029613461044158705
2.2775580883026123,1.1880833776512543,-0.16907129545910207,-4.449191483066134,0.011224132349087857,0.020727084774227567,-0.018543462832407674,4.608191843683122,0.029990885349464785
2.2875590324401855,0.297231832454037,-0.5875885690582523,-4.544959907062129,0.024035344727750117,0.005512281510656693,-0.02079954304172906,4.592414141332868,0.03225994473614691
2.2975521087646484,0.259089649840741,-0.2706274471843635,-4.652452434120394,0.01320224199489187,-0.000309167674273632,-0.02822242628748435,4.667513290133934,0.031159270272183685
2.307589054107666,0.2645151104295896,-0.23696949178252968,-4.301426447053646,0.012795021987592524,-0.003984112062872447,-0.020318829818129523,4.316062124563755,0.024340102336896846
2.3175599575042725,0.688990432452789,-0.5224563377153377,-4.356591624912529,0.021722009620209867,0.009696355255309704,-0.023169310692963636,4.441571684335218,0.03320665543478809
2.327561140060425,0.4013593697305272,-0.4591033536092392,-4.361450039878663,0.023643861297701848,0.005459130601640262,-0.016774618765926976,4.403874621662534,0.029499527432366064
2.337548017501831,0.34263613684928973,-0.14765169483795043,-4.40051786905199,0.012154611826944599,0.007772791247384927,-0.028135431129565073,4.4163059292931,0.03161887659746349
2.347560167312622,0.45379095740424386,-0.3639135961276591,-4.294858225915252,0.02033498532312566,0.008274528908416547,-0.024675289490469418,4.334070433112542,0.03302800884380449
2.357578992843628,0.19384315538397026,-0.3319551444847892,-4.598146959223514,0.012963180183591818,-0.010620251767773285,-0.027281723922221054,4.61418734399196,0.03201759279289197
2.3675670623779297,0.07400767079999222,-0.763490517739928,-4.395050436159972,0.034275327190024234,0.010300334948215504,-0.019967817665770816,4.461486662807139,0.04098302937024194
2.377542018890381,0.1164437633805084,-0.3485469331750887,-4.4196454944104415,0.017466108405148822,0.004118120092459303,-0.019007009830352434,4.434896888420123,0.026139821701906107
2.3875460624694824,0.10485707614999083,-0.4451949850064385,-4.392825601940077,0.027253325067778698,-0.0033323979049799976,-0.032041789605178686,4.416572239888509,0.042196266234699804
2.3975510597229004,0.15058991905266253,-0.4298257801286285,-4.594416534735861,0.0155173113948306,0.0033864083033466816,-0.024172502747553594,4.616935219346027,0.02892342654668705
2.4076039791107178,0.04532123280338153,-0.47374397809984836,-4.473180422205806,0.030303194954431626,-0.0047269404063348805,-0.02291777177050261,4.498425331216914,0.03828644476804001
2.417546033859253,0.050921039920631773,-0.145048016027495,-4.441505053087654,0.012088720561804349,-0.00969086499105186,-0.02714306560975381,4.444164602696808,0.03125373641329283
2.4275569915771484,-0.04261168471716145,-0.3945288903219945,-4.648531024044855,0.01767796882660111,-0.000161171901035467,-0.02493257834511421,4.665437758933308,0.030564195084301204
2.4375579357147217,0.42635128039274944,-0.596784061596431,-4.552522969960855,0.03488787668289312,0.005769671333024634,-0.0194224369405221,4.611224568646519,0.04034456721096957
2.4475531578063965,0.6355239955840232,-0.912170262919968,-4.362042340090177,0.03335661704702076,0.018505253824853362,-0.02348284111366701,4.501484056870351,0.0447945548779489
2.4575769901275635,0.42340712990801227,-0.4278285141638715,-4.680952609073277,0.016491057859780764,0.0039744346251049285,-0.024215992053918542,4.7194944817828235,0.029566288084223825
2.4675660133361816,0.23451390574407438,-0.59406750900722,-4.108967457410796,0.014971097197436847,0.0013534996100994445,-0.024197541995506573,4.1583081347233435,0.02848660652155579
2.4775619506835938,0.3650331721706537,-0.27119190153285727,-4.682264591938291,0.015845920523342785,0.005244693730099363,-0.026837911322171743,4.7042954810641975,0.03160495995395966
2.48752498626709,0.7332764277005911,-0.34826177693441096,-4.612785119671305,0.008002148863363753,0.008889054915163194,-0.020606335988894334,4.683670264328592,0.023825842411201805
2.497537136077881,0.2544511669117,-0.6367745016900355,-4.560609211292171,0.02210384939200729,0.00430003240877935,-0.01743999694290826,4.611874189575027,0.02848199308387219
2.507591962814331,0.43967413432809804,-0.3606882489205301,-4.484641207035832,0.017839625106824658,0.00011610750144956959,-0.020549208934572762,4.520554845718645,0.02721278546456916
2.5175530910491943,0.39926126287332675,-0.46429299491155146,-4.3553296024356145,0.019699069576834562,0.006309220721389201,-0.029250638606767847,4.3981670599247495,0.03582540254076587
2.5275509357452393,0.350497062416577,-0.09274536153762011,-4.2377192640039505,0.015653408324601385,-0.006793772551572489,-0.024896134302637915,4.253200495316389,0.030182810354143365
2.5375499725341797,0.31606525546216047,-0.5679870714128864,-4.690449907680738,0.0208076898111242,0.0030909775235237365,-0.01618429097257722,4.73527474339819,0.026541389782977366
2.547567129135132,-0.2155576534890951,-0.010979687104806913,-4.648210009885153,0.006495822867192206,-0.00978019976730255,-0.028340432376688825,4.653218450868514,0.030676181794805465
2.557603120803833,0.3734919405464088,-0.4323670780186039,-4.515261753809003,0.016629460898109644,0.008118247683019757,-0.030364421148034452,4.551266441905794,0.03555900711296387
2.5675151348114014,-0.06968999060533339,-0.2281529204756955,-4.313542149329611,0.01483296360504116,-0.0028379140305550723,-0.02329445867835639,4.320133831718096,0.027761526803671124
2.5775041580200195,0.4614659852629114,-0.35439309461060425,-4.326757258777486,0.012157517126428255,0.009889549091146081,-0.024705490776374746,4.3657042613358525,0.029256959486712253
2.587501049041748,0.24927080921624875,-0.4436320425552471,-4.281319258691426,0.018584403644908203,0.0018060146577807985,-0.021559520472678582,4.311454501714145,0.028521126744798203
2.597538948059082,0.5902174924528908,-0.2636183155580291,-4.596733391503727,0.010860261064493724,0.006763413103327221,-0.02090595629907245,4.641961781107249,0.024510161892038654
2.607586145401001,0.5745036247434885,-0.5155548805516507,-4.57279904423601,0.02062806973517817,0.003846642473293424,-0.015123982465465131,4.637493110363594,0.025865976976182734
2.6175360679626465,-0.0442549970865317,-0.4362654788502246,-4.557228132842389,0.022162725744524228,-0.017013197539227698,-0.0187012404256987,4.578276348973888,0.0336210008238239
2.627548933029175,0.30768114243967365,0.18417642691317293,-4.405589663289884,0.005446870499390612,0.00273724838551528,-0.015970483812724687,4.420159377548525,0.017094363988567667
2.6375300884246826,0.24023938207100812,-0.4516435465478243,-4.644952251407465,0.019863662101761118,-0.003343250393881104,-0.015993135271211066,4.673037371099383,0.025720084974439384
2.647552967071533,0.4866074510513047,-0.5130090532139473,-4.5540024408172926,0.0189974457246838,0.00579679510353921,-0.02743466312296349,4.608568468740372,0.033869846740208556
2.6575610637664795,0.3165209210673981,-0.1600616816275075,-4.426788088049977,0.012665412041504988,0.000932912779549927,-0.018492995622923506,4.440974894310927,0.022433766414599557
2.6675500869750977,0.4090330671056776,-0.4141760503930122,-4.532846043565008,0.01660110423105674,-0.002310770673826177,-0.026498551298241975,4.570070361095984,0.03135457771527128
2.6775519847869873,0.1426914388328852,-0.3096771258315975,-4.46738454565336,0.015038815747335982,-0.0035317238877307883,-0.028870783256858778,4.4803778242154975,0.032743872381958826
2.6875691413879395,-0.14262756762453108,-0.43669324679830346,-4.392446099272619,0.022258660792630808,-0.009757634097190883,-0.02010213518771859,4.416404233068004,0.031539740686336915
2.6975491046905518,0.25111251660697476,-0.22190289043754013,-4.4481400827283695,0.007368260147496259,-0.0009051136611204253,-0.023757521204656365,4.460745294718806,0.024890365648789197
2.7075841426849365,0.7335912846202476,-0.4484316057337152,-4.510022522311567,0.012179363028512153,0.014167803346765399,-0.02946254793352411,4.591247132277818,0.03488703578964701
2.7175509929656982,0.07085278289054514,-0.20097949482979238,-4.481937166069644,0.007687771143155495,-0.004701224211389045,-0.026887266667334323,4.48700051646774,0.028357158586071917
2.7275471687316895,-0.033179061334605575,-0.2756264835781589,-4.35468992753338,0.008446235198162903,-0.011314134597480274,-0.030130954977002373,4.363530127490972,0.033274960233465795
2.737544059753418,0.4093724437772075,-0.150137644004249,-4.35732863787757,0.009109498217402178,0.014102329957899005,-0.018471131712258122,4.3790912263093205,0.024960796757032756
2.747563123703003,0.5952883909681741,-0.29799834094586103,-4.562948462906183,0.011556660153600469,0.009598343161173261,-0.02059272699159186,4.611254705041336,0.02549009592558832
2.7575740814208984,0.35847966939755893,-0.16859177804910283,-4.192971003005791,0.011382741535297624,0.0029993517848855705,-0.03387048548466332,4.21164299211656,0.035857672860291345
2.767544984817505,0.06526785679843164,-0.16980307806538167,-4.458554309511025,0.015517129116197424,-0.0029794325859717977,-0.017076390927380943,4.462263944379677,0.023265026147585362
2.777562141418457,-0.037886921872706085,-0.0831958788266105,-4.389924016730312,0.010300760759839983,-0.007000007746700943,-0.02813846110967415,4.390875749297436,0.030771395390946723
2.7875430583953857,0.14581519810401564,-0.4620763474400737,-4.53935632395642,0.024626385201536576,-0.002985421675710982,-0.02075518147030386,4.565143202431312,0.03234422898356845
2.79754900932312,0.07219641552544825,-0.17554123264649804,-4.357395423547991,0.025823836986871896,0.005381293993679963,-0.01962952139008192,4.3615274760031895,0.032880799743537754
2.80759596824646,0.5538306955745489,-0.2315855967659566,-4.149956518895595,0.013577290226042484,0.011290037262964892,-0.022544603249244257,4.193149107379092,0.028636809999494695
2.8175430297851562,0.5627773847683685,-0.277806169181407,-4.287152016790152,0.013940523212002483,0.002944678995367019,-0.02002463672615474,4.33284745490882,0.024576317824780036
2.827558994293213,0.12592968249329298,-0.713936805842162,-4.196910938046701,0.03623871316361827,0.0014535747704847023,-0.020438476989277716,4.259063919403536,0.04163038016892981
2.837545156478882,0.5343203446832558,-0.4998465898794052,-4.555525896370222,0.01977136394385509,0.003994995121995029,-0.02008321283221627,4.613909517606107,0.028464051993509876
2.847538948059082,-0.05606784394326705,-0.1393543851525668,-4.274637531737791,0.007355426151273265,-0.010798722634989898,-0.021823378650372545,4.277275917628772,0.025435694606827902
2.8575639724731445,0.2354535149852181,-0.5355686755682764,-4.282635455991596,0.022265849416777794,0.003970964756367807,-0.030823941121286884,4.322411203585933,0.038231557090909855
2.867539167404175,0.6847659630548684,-0.4881049106132974,-3.996613665006423,0.019896987864176787,0.009696066976155875,-0.02171263998223061,4.084124338856415,0.031005524924942945
2.877548933029175,0.5763034907660413,-0.9737661743698252,-4.250821382174068,0.03669379543792559,0.01679907350520468,-0.02305533240097537,4.398844018485336,0.04647786404723289
2.887558937072754,0.23769048380207958,-0.3708236265263617,-4.083149171066653,0.015193836665637332,0.006889409053273866,-0.023051531450015088,4.106837479285311,0.02845504756482463
2.897541046142578,0.09677175537755463,-0.25979243814471903,-4.292520939092549,0.016793888624337235,-0.0038805528244754404,-0.019652153104917098,4.301464041010225,0.02614001734906254
2.907604932785034,0.5763557210382138,-0.616455096516001,-4.682395353513364,0.023478508944241357,0.00964747239407076,-0.01344918183670192,4.757838695226812,0.028726200547859643
2.91756010055542,0.6525586688675862,-0.4632836671330413,-4.200233152485196,0.02940599553788319,0.006840584481418183,-0.020157791736858027,4.275795026399441,0.036302103758983
2.9275619983673096,0.31697141665714623,-0.2588788851994063,-4.062872966070372,0.015725202693921764,0.0062641115661351615,-0.023351634372222572,4.083433101521952,0.02884128848251893
2.937551975250244,0.8494611118161997,-0.12005400351941939,-4.479675832582142,0.004300291394542206,0.015264738905895085,-0.01420593099455889,4.561084597907559,0.02129115392282179
2.9475491046905518,0.384212413218197,-0.2201579792436029,-4.375875827089192,0.011608720683671251,0.007665283242909008,-0.021349934658449202,4.398224410872995,0.025482124578330764
2.9575870037078857,0.5208416862342686,-0.453864452443402,-4.445217273415846,0.023959101869517028,0.0035867544108233815,-0.020407331600788396,4.498580399546696,0.03167589860859502
2.967560052871704,0.13405375104422124,0.1591206754092238,-4.8828170486606215,0.002798481799250279,-0.003017132998560153,-0.024320192764274363,4.887247909427405,0.024665894834836194
2.977569103240967,0.5574774120614002,0.12065682974636045,-4.075312460632084,0.0014816183760263143,0.005582351456763935,-0.02120307574872261,4.115034724921073,0.021975628819332616
2.987553119659424,0.3529868653797513,-0.27988974973626835,-4.588495966694185,0.019330149379587935,0.01281944116144644,-0.019346746318731196,4.61055671643966,0.030204127861110475
2.9975600242614746,0.13275100956954328,-0.3165018075681663,-4.605054191510859,0.02421806652125483,-0.006928045763050897,-0.021590092729609656,4.617826364371811,0.0331759652187543
3.0076260566711426,-0.1697132547938061,-0.5058437937848709,-4.507620650189598,0.024823946853417933,-0.004880659389357949,-0.022714470037077616,4.5390885052595165,0.03399994591939144
3.0175490379333496,0.20032235318621397,-0.28616654313438067,-4.078981335208908,0.017336785784132756,0.007566419355686989,-0.02532596242620418,4.09391121894188,0.03161042891206205
3.027559995651245,0.5875988685417385,-0.3274686748152955,-4.573623647884033,0.019124891996945545,0.0041120839965339785,-0.02900221299201006,4.622828293997179,0.03498283989505854
3.037551164627075,-0.03334668963389764,-0.1839302149094065,-4.128407277756132,0.012733692657716749,-0.006222941229663831,-0.0206900689107361,4.132637048749377,0.025078893073260788
3.0475590229034424,0.4364169826691981,-0.1758806094738191,-4.587352108673615,0.011857309637669285,0.005338097836536864,-0.0198210503022459,4.611419861659013,0.023705803412670215
3.0575850009918213,-0.14038850863275468,-0.21379166983780543,-4.737443201413694,0.011892495931455492,-0.00757145439206773,-0.032207637625466405,4.744342304057433,0.03515807592153197
3.0675530433654785,0.1897555314259668,-0.42110253712210693,-4.708970170239938,0.02218138789827202,0.0023539259457428536,-0.024550041772360295,4.731567876791685,0.0331701595937717
3.0775790214538574,0.6886879539046117,-0.48786106403103635,-4.597168316689102,0.029030557871241394,0.01875200172512718,-0.028541584682554275,4.673997865598671,0.04482223683849441
3.087555170059204,0.09111586799046444,-0.44171631406594397,-4.351196143260604,0.020643178149472106,0.0018738394795479632,-0.02274690868934278,4.374508347304599,0.030774566340198088
3.097553014755249,0.5489350809609627,-0.4295398420863584,-4.438585316448929,0.020987035668184523,0.013995083494341923,-0.027358831209381138,4.492980504124766,0.03721321906654487
3.1075990200042725,-0.22052705632820244,-0.32458416103481713,-4.355314733370096,0.02520863290094919,-0.007160102252233154,-0.0204322646376697,4.372957064376243,0.033229801010855
3.1175570487976074,0.28922147688789024,-0.012974577492125904,-4.671994924493337,0.00844653488047925,-0.0054432315769616275,-0.02203391900176987,4.680956523708142,0.024217066462809658
3.127556085586548,0.24978582223918638,-0.42820048025282603,-4.62823734632589,0.01826358322037744,0.009171838245374257,-0.01756859386372677,4.654710468139363,0.026950632259662113
3.13755202293396,0.01371061949714375,-0.25739594403118116,-4.378848639366723,0.007095528487652553,-0.010283344116633163,-0.024310892977220853,4.386428622418755,0.027333371692677598
3.147557020187378,0.35792988199970677,-0.4068370955064295,-4.269201337980184,0.02033914821835775,0.010333841109138875,-0.02234602607353076,4.303453297866752,0.03193452839163544
3.1575870513916016,0.3046276773675563,-0.3476632252571828,-4.459165760953931,0.018518108649988138,0.009365266117074899,-0.02018413514239162,4.483060006700605,0.028948711005202375
3.167570114135742,0.1774118855644488,-0.7709215335490069,-4.394593057480856,0.03329556014842897,-0.003433563821839425,-0.02476436753293661,4.465225988557356,0.04163721394885423
3.177562952041626,0.6674695169062478,0.11917401016971058,-4.47804528104104,0.004246088440418231,0.009882663774434761,-0.016838336418647053,4.5290846249273065,0.019980637719300004
3.1875531673431396,0.27002832987332226,-0.5864130257540945,-4.389889496648135,0.02657091327918655,0.0017910446043166146,-0.021371353554755865,4.437107766156899,0.03414609825480914
3.197554111480713,0.5258338447375613,-0.5514884677143335,-3.919793127738759,0.018876578128923547,0.011992530946949008,-0.02487598380269301,3.9931715373323735,0.03345086800850958
3.2076029777526855,0.9301684777477294,-0.28586806832644684,-4.682794260163103,0.016934212434556825,0.014279086884214389,-0.01983687818319148,4.782833473214463,0.029734855121228025
3.2175490856170654,0.535038014504692,-0.2990842271779776,-4.400207201408621,0.020476499468013012,0.005892732167297301,-0.024880725809983413,4.442695180545258,0.0327576226196379
3.2275631427764893,0.8059602720192506,-0.5468071951080402,-4.746768828176289,0.020599739897116092,0.01817953430930975,-0.01757832446791019,4.845656237997219,0.03261659458973817
3.237560987472534,0.4142576846556248,-0.37265398346380707,-4.441664672755949,0.019377005432346602,0.006561746004326167,-0.028194126527428996,4.476479139446077,0.03483437412664616
3.247559070587158,0.449083358926298,-0.4410780629419647,-4.435588865035902,0.02013957249157508,-0.0016477113189372443,-0.019211710137937203,4.4800306137908965,0.027882021791076787
3.2575860023498535,0.7353930110864095,-0.5335840165165554,-4.506493083125697,0.025379167333989847,0.022124512857033284,-0.02362839220595014,4.597172467038455,0.041132677058099365
3.2675440311431885,0.8243188247141712,-0.029124703270813748,-4.697443361631846,0.011722742683588479,0.01148047509796197,-0.0173604603045319,4.769310632456001,0.023887435745298825
3.2775931358337402,0.14659411246272674,-0.6564212504594941,-4.348165302382903,0.02430375723670992,0.006371272758420797,-0.026918648581895264,4.399877292460569,0.03682226736444534
3.287558078765869,-0.1751592836912673,-0.40905333419364326,-4.572547840834662,0.015231778653442473,-0.0009579404620137593,-0.01641746347268755,4.594148360860792,0.022415571323373823
3.29754900932312,0.4958944909559254,-0.201834329594413,-4.777587063945181,0.014387674774063232,-0.0016734257772800108,-0.022707328230464414,4.807492755724089,0.02693377609252603
3.307584047317505,0.6077427486195984,-0.41425929940619716,-4.51776774843923,0.02112022380534713,0.014965755034018228,-0.01789591663300191,4.577246710030156,0.031469056380221315
3.3175649642944336,0.5643081611157885,-0.20524836619766965,-4.777990511431282,0.01657736683998223,0.009278069172917203,-0.02679229513714652,4.815575139052039,0.032843853879238105
3.3275671005249023,-0.21077284922321807,-0.5359954643812479,-4.177640439211172,0.027164606483508227,-0.0088811057214374,-0.02546249704910392,4.21715496171761,0.0382769988402282
3.337538957595825,0.41099112039231855,-0.38561665470085077,-4.858903939297011,0.013872724683955917,-0.0033080950539925253,-0.01895865041688467,4.891478446925839,0.02372396275230449
3.347537040710449,-0.020226716352538414,-0.5113587395188529,-4.614621787233861,0.021110542606383544,0.0010388517357144194,-0.02027195350696668,4.642911922463116,0.029286282130945716
3.3575961589813232,0.33418872649902487,-0.0897478872101222,-4.464505735947959,0.014504528341692155,-7.612449575155461e-05,-0.024989451361483374,4.477895516254254,0.02889394083024584
3.3675639629364014,0.5439178775938771,-0.26619769792106934,-4.54266698745963,0.014567419435415813,0.007463157755540615,-0.023343566624685345,4.582851866567395,0.028510183013311926
3.3775980472564697,0.3578599857120835,-0.41431606438619756,-4.503782579311949,0.020092538593016972,-0.00017006480889662808,-0.02236364359128408,4.536934988766768,0.030064457151744533
3.3875341415405273,0.1322886560192753,-0.3837547270965318,-4.673309686533921,0.021283086891077267,-0.00453952022688137,-0.024528214444698663,4.690905179742189,0.03279040004861993
3.3975419998168945,0.07266580142439166,-0.5313606106526984,-4.539491869878277,0.01682788890253726,-0.0007884745752290174,-0.024749093461249434,4.571062333193547,0.029938556481994564
3.407600164413452,0.335881525685946,-0.5242074644665847,-4.468017366820245,0.024357700900573875,0.008828606405025802,-0.022942836327388173,4.5111848837425095,0.03460658352050954
3.417570114135742,0.8232293780964842,-0.5214515224597257,-4.541602628287371,0.017804598407271825,0.016232365277126536,-0.02358388220634516,4.6449728451847205,0.03371487664009841
3.427557945251465,0.32699535532386786,-0.013956912255109127,-4.114006030998264,0.009816038615021647,0.01188141421421246,-0.020523552782979865,4.127004528819077,0.025665908062195004
3.4375600814819336,0.2913590748293664,0.17118442067191508,-4.197823458009568,-0.0004916922416315342,-0.0012315793176039824,-0.028646167448181947,4.2114030917238985,0.028676845334612896
3.4475510120391846,0.35950997985704236,-0.43478025440337226,-4.529630253500035,0.017420836248378334,0.0003654334021618699,-0.023122247286555785,4.564628301259443,0.028952675122428054
3.457592010498047,0.48269984571509633,-0.08998711875950924,-4.281598202317364,0.008233032952471134,0.015013935059506447,-0.030451123969096636,4.309661238274223,0.03493525480870068
3.46755313873291,0.3904857255027211,-0.6127228853808948,-4.396821277646372,0.03327730046885492,-0.005984759813770702,-0.03055049372130982,4.456449908128077,0.04556894494212881
3.4775760173797607,0.34435491776072247,-0.047492167640545355,-4.637803818797185,0.007064204955786923,-0.002525220258821456,-0.02062013181960233,4.650812840463797,0.02194241475477809
3.4875550270080566,0.6787641982339949,-0.4783429642119841,-4.754304140066903,0.027223971476422523,0.01439301385303224,-0.019865580490114037,4.826276067992033,0.03664621070358905
3.497544050216675,0.4757356435510111,0.09045481797864904,-4.137244836349332,0.0025642991931351515,0.00021641328288947857,-0.03180674882282729,4.165489324501943,0.03191068372409701
3.5075700283050537,0.021091043995471098,0.04138499175960762,-4.586500787386802,0.009624886099893796,-0.00936829178227869,-0.020252485880342307,4.586735987865392,0.024301574181260433
3.5175580978393555,0.5048074497026147,-0.3986299077433318,-4.288356216543829,0.011573974505527876,0.009131099036904108,-0.025020725228456914,4.336327409755036,0.029040842729409568
3.5275650024414062,0.2412907314891907,-0.32042606066849827,-4.540237440205139,0.018466665390015447,0.00298143896670418,-0.03167050427577568,4.557921685472298,0.03678216347662141
3.537554979324341,0.34218374728286083,-0.8444710327562643,-4.235576424923572,0.03204661156827346,0.008221955843163991,-0.02699475035658132,4.332473738343641,0.04270014540617964
3.5475480556488037,0.2766407518757466,-0.4609309938068264,-4.295136026790712,0.02005964758799452,0.007125921266001929,-0.020400436173618124,4.328646552363178,0.029484674176895015
3.557598114013672,-0.05347162133938864,-0.5672357334204317,-4.116572998483327,0.019840207155071087,-0.013642384530674944,-0.01994288231966498,4.155813860533179,0.03126446914398098
3.5675549507141113,-0.06536884559803843,-0.42826004634564824,-4.141571618925568,0.014111131643788884,-0.011597123655146722,-0.02604037896918786,4.164168011495279,0.03180752505618796
3.5775721073150635,0.6759340095174103,-0.7787143464083466,-4.53962890902248,0.027192583755623924,0.00998516204138955,-0.025592467720381377,4.655267280206056,0.03865377699938508
3.587562084197998,0.44585928172212363,-0.15015378050009356,-4.48333019493827,0.00784927530905042,0.010686765005524313,-0.03044077504578504,4.5079470154097265,0.03320329583864615
3.5975699424743652,0.4329801049455085,-0.5072124525622141,-4.4866864608769905,0.01876020749253656,0.0011418547844658144,-0.026470244462306017,4.535977473657656,0.03246418117565996
3.6076250076293945,0.39966239464035336,-0.23779003459186393,-4.5294787263303204,0.01249635025887531,0.009073549180714555,-0.018780553866107733,4.553290201878176,0.024314548485322794
3.6175570487976074,0.6459882012148845,-0.4783248610439935,-4.739430824201692,0.020947247381652018,0.0014844280904188986,-0.022938083734546484,4.807109314982833,0.031098977234578277
3.6275579929351807,0.2719284291351364,-0.4868593569113539,-4.887082233100817,0.022783708193666798,0.0020413257975220958,-0.025607870144305413,4.918795569758283,0.03433696817416176
3.6375670433044434,0.7585308302712469,-0.4053446458561245,-4.4068172824296,0.019439242905301933,0.012721569942226002,-0.013761203524064038,4.489956777421852,0.027001726406972428
3.647563934326172,0.3348262453978583,-0.4871076316021075,-4.693389236370912,0.013833611611036557,0.0021664787634266508,-0.021798762421644396,4.730463506196256,0.025908463550598285
3.6575701236724854,0.41056142303866766,-0.5193802690930719,-4.510763583880417,0.018807206029622527,-0.0018056963185321873,-0.025279049815958656,4.559090332036911,0.0315594977373397
3.667557954788208,0.6242824828655104,-0.23434661281037286,-4.310694210973395,0.01615324897240893,0.013382164063511613,-0.025532461955417373,4.361964183010673,0.033044158044837624
3.6775829792022705,0.36833243530636745,-0.0405041885802135,-4.385428362797263,0.009932981343009533,0.009945645364354336,-0.023765829198238313,4.401055702603404,0.027611494301357814
3.68756103515625,0.016829829259855888,-0.496310721697461,-4.286142029471496,0.024076681616184523,-0.0026274020437131815,-0.016948939754967883,4.314814141122049,0.029561062192755467
3.697559118270874,0.5231220575974758,-0.3119740249393288,-4.3810343078287985,0.01636865079191676,0.0024350870266073624,-0.027676437381514967,4.4231714963083695,0.0322466674822033
3.7075819969177246,0.08493277911843017,-0.3712852994554227,-4.715994464956828,0.01659489559123726,-0.0012600552529616474,-0.020310154858426858,4.731349716948,0.026257964302242896
3.7175650596618652,1.1376991561678487,-0.29965064785121037,-4.790004901671988,0.015939708184581264,0.016224427967133123,-0.019790560332979955,4.932372333750196,0.030149173092534697
3.7275710105895996,0.39526087980028457,-0.3238843893964993,-4.705495632323875,0.015356048954604845,-0.0018197784771385374,-0.02117639954278097,4.733161882570076,0.026221360201133186
3.7375481128692627,-0.24321452765672227,-0.3116752046907373,-4.2495171801431715,0.015956614510659595,-0.006334242372201754,-0.020912399135935383,4.267867266447524,0.027056692530541486
3.747563123703003,0.33079200689335064,-0.2668389744744619,-4.290898362776539,0.014061162138490001,-0.00594076102201428,-0.02296132486534858,4.311894612557396,0.02757229337174664
3.7575690746307373,0.8403700545577898,-0.4649775937982552,-4.2574025591869615,0.017565269402246748,0.021052492082336845,-0.017078117025309696,4.364390282995274,0.032301829563981886
3.7675671577453613,0.33895894515295444,-0.16986087378796969,-4.2898343449388765,0.00868049610670556,0.000925678511032517,-0.024143568119344264,4.306556001024528,0.025673328083786383
3.77756404876709,0.27074738854407776,-0.24139191862284828,-4.221710497227862,0.015332720271824632,-0.007243409193628644,-0.03474928164249441,4.237264887776522,0.03866615913624943
3.7875540256500244,0.504484588319903,0.014715287590704982,-4.332645373083134,0.005132701263785825,0.0050135685139917775,-0.02248544400403097,4.361941903377424,0.023602450795757856
3.7975590229034424,0.087376723774052,-0.5384323285810728,-4.448568349010051,0.0214698162909808,-0.0015113348551851556,-0.027780339247360026,4.481886256938337,0.03514234473269213
3.8075921535491943,0.807502181093497,-0.4963724524551193,-4.409109485537123,0.01795780318424478,0.01240368725932847,-0.03187940508874435,4.509843881940982,0.03863457805701466
3.81754207611084,0.5221474821848758,-0.3903996248013093,-4.4264743366538255,0.024658476154898985,0.006233701941543508,-0.022394630024834827,4.474228974164368,0.03388833044171634
3.8275539875030518,0.48935979226522075,-0.4998175462877332,-4.35872548685131,0.022220078074564834,0.012981035968373179,-0.022557311891516378,4.414496398864783,0.03422092173251769
3.8375420570373535,0.3218960592711737,0.06689840168226267,-4.6233211784284345,0.0034856837428121224,0.0030404662895475035,-0.01694604867392376,4.634996352536519,0.017565961176997196
3.8475470542907715,-0.2574189549225737,-0.24454451203387706,-4.195924419074897,0.012858543980059506,-0.01780657572075158,-0.026169335537855828,4.210920121221529,0.034165046680472544
3.857578992843628,0.3499884624690274,-0.6180131727546588,-4.547723683236671,0.02077938853396937,0.009090471457248098,-0.01963590322187871,4.602849433191513,0.02999980590770025
3.867548942565918,0.20251692394071494,-0.28983935770010605,-4.3979255474621874,0.012361902219319163,0.007560928302135067,-0.025026477452023015,4.41211616786945,0.028919004770680674
3.877577066421509,0.8738843506262999,-0.36691319433658176,-4.083269562952519,0.016318332216772542,0.011309916780299393,-0.020107741146950516,4.191824122524975,0.02825815701610813
3.887563943862915,0.20924054330784939,-0.5043806359140809,-4.353235688666276,0.02641592747460808,-0.0002032302792978033,-0.029785137281292187,4.387350270029349,0.03981201991554308
3.89753794670105,0.46971311781414393,-0.20802321414836933,-4.536550779953371,0.015958253113649297,0.009265693907038977,-0.014970654579092761,4.565544551284857,0.023762142675793102
3.907595157623291,0.3031811079235203,-0.6155528754295286,-4.370410242272128,0.02443151180770549,0.00575071368933024,-0.016177475124482543,4.423947311215224,0.02986101435902596
3.9175779819488525,0.678006356197043,-0.2327490035321001,-4.410547510236667,0.0204897309434693,0.006692048816183354,-0.024081500347437494,4.4684218755332,0.03231920869200817
3.9275591373443604,-0.04418870011830353,-0.23212227729308782,-4.581030049312383,0.019360059041443344,-0.01065563366764445,-0.023756753934482417,4.587119979413759,0.03244592073667745
3.9375550746917725,0.35020450960945526,-0.2850917973901228,-4.372152785016789,0.0211351336281193,0.010791266293665659,-0.028253834452005338,4.395411301234504,0.036897485862055525
3.947545051574707,0.32203282450952875,-0.02984446405411033,-4.539554986791646,0.009150662315706446,0.007376564777061424,-0.027685666484742775,4.5510608994168775,0.030077308015024926
3.9575631618499756,0.22332407049641456,-0.06978002281820612,-4.153179571848445,0.008250213496526826,-0.004333588714781523,-0.023506945436682136,4.159764830860854,0.02528680481299103
3.967525005340576,0.4969988402004926,-0.46513133189312433,-4.283764179087076,0.0189294109063334,-0.001913540436265267,-0.025549883725178794,4.337509717003396,0.031855624191533156
3.9775640964508057,0.27189744314861963,-0.12892858960374584,-4.498016897835212,0.006640253177044582,-0.004663446854505705,-0.022724329881738267,4.508071296465826,0.024129564177458998
3.987549066543579,0.4041532638247184,-0.38473334284521976,-4.22889568168016,0.013313623308071227,-0.0006092038215772935,-0.02369625860528611,4.265550174630482,0.027187062488875806
3.9975550174713135,0.25109817654920674,-0.28684774694124393,-4.0222889633375924,0.019163190467850297,-0.0025751472183853943,-0.02426822925420205,4.040314397268981,0.03102911863456606
4.007516145706177,0.1265203170327751,-0.20098632655536047,-4.028603083637435,0.016721794089219606,0.0007266361651630627,-0.02548784118719288,4.0355973163309224,0.030492235832459847
4.017541170120239,0.0734736516146483,-0.2776211889325632,-4.138363815042402,0.016179966830302667,0.0025466495991113823,-0.030208452037663525,4.148316160525645,0.03436316815024724
4.027536153793335,-0.07900424917734401,-0.14076008405318852,-4.017889929572168,0.006244179534354174,-0.003150143229129574,-0.03287677771925251,4.021131004929854,0.033612433616482106
4.037557125091553,0.19714815493510993,-0.4535576759926863,-4.11948719609556,0.020423047824413364,0.007341028974958314,-0.024565780615611658,4.149066969722405,0.03277909648089487
4.047539949417114,0.0754864426066476,-0.7454059281290208,-4.181801223978032,0.02962486297002666,0.006825659689669535,-0.027138123480093146,4.248386714691997,0.0407516856364595
4.057558059692383,0.4761269114886381,-0.42282688004210217,-4.282229335287051,0.018640125994907983,0.0058690547828519095,-0.01997405502617582,4.329314898032115,0.02794392555348766
4.067543983459473,0.6164257864143089,-0.47019220127898137,-3.9805388044882006,0.020324378661354343,0.007910040528716439,-0.0321105263309637,4.055336068729252,0.038816684690833214
4.077556133270264,-0.09009171233055463,-0.2983480480050506,-4.3804246367099635,0.015197841838610228,-0.015922049601286764,-0.018182046633085674,4.3914972472124685,0.028549481253167273
4.08755898475647,-0.31291695051589896,-0.29964423493086434,-4.477864869981241,0.014810759268493087,-0.008711033485735691,-0.024690122485660024,4.498775108766784,0.030080605759455
4.097524166107178,-0.06507947563103829,-0.16206631265142704,-4.577378421299485,0.007816275414079997,-0.009674197461099243,-0.012358065092566968,4.580708901428141,0.017532998337341295
4.1075439453125,0.5538308629656136,-0.16320185870160114,-4.100045797186565,0.014127609454740914,0.010940803250613036,-0.028791997384727118,4.140499850318089,0.03388612751667624
4.117548942565918,0.582738286238739,-0.5222029303417098,-4.5950858303718665,0.028732538395478836,0.004607294437353565,-0.022385718925718997,4.661233055661371,0.03671384393524367
4.1275410652160645,0.2557252506874304,-0.5721825884134968,-4.56676003382471,0.03249500167916876,0.002689539727853407,-0.019270415587407427,4.609564569985041,0.03787489504920479
4.137542963027954,0.48587077674302753,-0.4825877002385085,-4.4156332149316695,0.017747789008772098,0.014162345612830585,-0.01834317723039717,4.468420077490718,0.029189522073218576
4.147531986236572,0.08446413066334345,-0.7770135011228381,-4.400900873533656,0.031800340231807375,-0.009575845689333336,-0.024294896938538677,4.469766511683265,0.04114851730960481
4.157498121261597,0.29663130041562813,-0.7076220674344297,-4.317700698561151,0.028799814085904835,0.008394626767741003,-0.01883844775841898,4.385345874735753,0.03542296097023846
4.167541027069092,0.1450483893821354,-0.47952029763606835,-4.368699557679903,0.027912631543686946,-0.002353972368290871,-0.02716040210856715,4.397330391996935,0.03901722220127111
4.177531957626343,0.08638542917278504,-0.12741952854179636,-4.458572745103083,0.010030155816877124,0.0034025370124115242,-0.026550683520133032,4.461229550471845,0.028585312298765046
4.187566041946411,0.975725110228712,-0.12737584692434828,-4.442320837989855,0.008139343424544703,0.011186385732472028,-0.020639466429805534,4.549997640081741,0.024846965843849073
4.197561025619507,1.1200874487063643,-0.04893478348821755,-4.3679033863656205,0.006177235401224247,0.02131581621249427,-0.02995384529311695,4.509497810001556,0.0372794193336076
4.207571029663086,-0.049408144922468006,-0.537741053947937,-4.264389557196987,0.02037839666541142,-0.005129877367094423,-0.02385186989931742,4.298444474622934,0.03178846316115712
4.217540979385376,-0.015841077008117502,-0.42252306303659826,-4.3739732135738345,0.019339839390837027,-0.0044478102062102355,-0.023905170947822567,4.39436210974699,0.031068788218056715
4.227543115615845,0.19729320511641082,-0.5410044593648582,-4.441029272375918,0.019613114915774273,-0.004189893189439996,-0.025285618986780292,4.478208506974362,0.03227370460890579
4.237560033798218,-0.014839271528611442,-0.3558750526170338,-4.096390736961181,0.021930613143767385,-0.010840857868302118,-0.017845645233285762,4.11184682678186,0.03028106745104283
4.24753999710083,0.848400153320826,-0.43073975085270305,-4.632437922510936,0.020174897278707506,0.012907022814535915,-0.019783218045290187,4.729143755378651,0.031064343456265825
4.257529973983765,0.3680183713129513,-0.2477227671262276,-4.3975346475463875,0.013298154577443325,0.006610185539992945,-0.025206772066388536,4.419854643237427,0.029256056228507184
4.267538070678711,0.023281016988336116,-0.408819411737769,-4.489162675469573,0.016702766699309545,-0.001999371496951564,-0.02045118617248889,4.507799556767665,0.026480765050432117
4.277554988861084,0.25632605969014405,-0.5645034631824497,-4.169593683228963,0.020434333450537096,0.0031192128890174154,-0.018238853492957854,4.215433393145256,0.02756714075402693
4.2875449657440186,0.03346796689095181,-0.3508221201549466,-4.30321921543014,0.020934460232616785,-0.009201470887689732,-0.01810238734464802,4.317625722644913,0.029165306775408486
4.297529935836792,0.22105682018353154,-0.5331905277760289,-4.296694014274104,0.02125403367026014,0.0009339308933183056,-0.020481671040717426,4.3352898068016925,0.029531424327150373
4.307552099227905,0.632508583704555,-0.145751411825618,-4.408345718165645,0.00568554291779581,0.008257792039830599,-0.018232065286861922,4.455875060342073,0.020806843399890893
4.317554950714111,0.4749494548607328,-0.20543044843165917,-4.144795152658791,0.014327280763934495,0.007217836431945983,-0.024345208303016532,4.176973247618322,0.029155742215971784
4.327528953552246,-0.0006174502647045676,-0.6127826911831566,-4.027200878944568,0.02897966604128068,-0.005020475686582617,-0.018735797356222873,4.073554949577876,0.034871999119023445
4.337545156478882,0.6274881894428522,-0.5514200088429289,-4.102075608990723,0.02251193911208123,0.006453932279299362,-0.019353592538366708,4.186266804196696,0.030380951081112627
4.347533941268921,0.6111044722080273,-0.29820776318834097,-4.407428742403329,0.00986020377535457,0.014289199954463115,-0.023319522334171373,4.459574493754022,0.029072409183348785
4.357557058334351,0.6407390695706864,-0.275852135278259,-4.400464627487567,0.014082555645909248,0.013409428069047331,-0.018356852616852135,4.455415793568673,0.02674145045908909
4.367552042007446,0.5990505970326072,-0.2945268700730868,-4.169358920004473,0.019847243862998024,0.010296027383803837,-0.023491208844489565,4.222459176690882,0.032430821170928985
4.3775670528411865,0.6654934177191657,-0.4145290306352129,-4.524228812472886,0.01552214415611292,0.015613160854185673,-0.021382003796146465,4.591662243009249,0.030690354142633287
4.387557029724121,0.5317828922707989,-0.4774929016527749,-4.105458998609434,0.02054714981196496,0.014570459955449028,-0.017216932530926238,4.167203631322072,0.030510759323280394
4.397547006607056,-0.018347635111759807,-0.5902776892026819,-4.249645402183137,0.018603935866260378,-0.002715615668246667,-0.015155929688897002,4.290483705875239,0.02414918638191245
4.407560110092163,0.4427299153831913,-0.3785174980179127,-4.00279026176219,0.017524523948255273,0.01367396845653981,-0.01324103198050657,4.044949338859409,0.02587298360978525
4.417523145675659,0.16687733003147737,-0.3688055244803972,-3.833943946633767,0.01808922199304433,0.005396717155089473,-0.015447446436147465,3.855255081586094,0.024391968140421157
4.427546977996826,-0.1402450596175605,-0.6733556049839072,-4.1701493444721764,0.030197222136729037,-0.008627834274739536,-0.02154837819347854,4.226490506639297,0.03808732534343295
4.4375550746917725,-0.10579793044138426,-0.5550296830040693,-4.24533391507621,0.024700092577926273,-0.008151525472526535,-0.01155547384272355,4.282769104399346,0.028461744792216196
4.447520017623901,0.5388280960446464,-0.5091437577241229,-4.047637994670862,0.02143469930576971,0.00044630601857970694,-0.022026962240534385,4.1149649353329485,0.030738129236128092
4.457549095153809,0.19506149605146292,-0.49697025130080613,-4.027467802261961,0.02200580574019852,0.00239203830279633,-0.014665146736329591,4.062699264796327,0.02655266205704199
4.467538118362427,0.6699908731862048,-0.49905084844720055,-4.0781231305963,0.02425629256434691,0.012881344636653858,-0.0211975403560734,4.162814887524216,0.0346934069494883
4.477542161941528,0.6512902418404773,-0.8824165206316403,-4.080576802350536,0.032696230872745695,0.01596369394171806,-0.023259095916944684,4.225392873435748,0.04318412417106971
4.487537145614624,-0.0477945560387335,-0.2381315995693477,-4.101341085454594,0.01709902437920623,-0.004540709649503812,-0.023523508764957308,4.1085264606106975,0.02943382651740696
4.497535943984985,0.39495625248595295,-0.7955478106405867,-4.21629876291732,0.030657927229246384,0.0013552845592338448,-0.023908470289828523,4.3088353436364795,0.03890193118380986
4.507532119750977,0.16317867333354977,-0.1001190297790639,-4.37753409582568,0.010547765655272462,-0.005817761673344414,-0.02517420096835949,4.381718368365447,0.027907742753611093
4.517527103424072,0.35989841217104523,-0.133420003652102,-4.187196881029655,0.012578707064057844,0.005652958003573857,-0.016039753740009245,4.2047527257809385,0.021153096833175254
4.527503967285156,0.3632891529096116,-0.22691049038237673,-4.439480327401268,0.009215575519334164,-0.0043778487594448535,-0.02124753089969928,4.460095621917789,0.023570107366043112
4.537537097930908,0.6789953105234178,-0.6180960342655323,-4.299300963057678,0.03092386450390511,0.01648384141132601,-0.029099379172722102,4.396255919556577,0.045549712312675274
4.5475499629974365,0.08367278049036661,-0.46981433074241546,-4.119050635899355,0.022801802274917085,-0.0027116948709159177,-0.02083785466884902,4.146601594157415,0.031007929038512693
4.55751895904541,-0.005709462232970761,-0.17104033489239334,-4.298607252457703,0.018042080335696143,-0.006754990932522629,-0.02381152273818776,4.302012517996787,0.03062899248178773
4.567535161972046,0.33113261827024554,-0.3403328460992754,-4.425914127647675,0.01191156080228733,0.011510143798163648,-0.01728552298703006,4.451313415423343,0.02394071836716972
4.577545166015625,0.15374638804629692,-0.7404460451549761,-4.4193396503917155,0.02715472952912235,-0.0003698194524262579,-0.023030412711645944,4.483576835869694,0.03560780829952786
4.587555170059204,0.3004109252350157,-0.403940297656076,-4.314543554782201,0.014723252191996047,0.00462910181865824,-0.022931262812724354,4.343811756301563,0.027641373933704097
4.5975329875946045,0.7817589324379652,0.13561083231990578,-4.382414239776234,-0.006042766435914228,0.013444829029597236,-0.022556020210337563,4.453660505166795,0.02694536141088608
4.607561111450195,0.6591852109336774,-0.08491750271991588,-4.371556791273801,0.010473175817000482,0.007053486587372712,-0.02475895547542954,4.421792046660942,0.02779289407324025
4.617520093917847,0.19697878930376914,-0.6803776778322838,-4.5493584155850195,0.026059444149572866,-0.0027726049821457243,-0.022731163202981842,4.60416946054142,0.03469132093668851
4.627499103546143,0.36209056591894634,-0.44111394112956676,-4.304626779131314,0.011203836407122449,0.008904962041967118,-0.02862290774816221,4.342292343290672,0.03200148663993974
4.637516975402832,0.3152054247595841,-0.4966595538045874,-4.1549372942867135,0.024292215201058936,0.007543780484918416,-0.022364635980409966,4.19637094304565,0.03387030094220367
4.647513151168823,0.24588216066868257,-0.5933802880028207,-4.547462345533048,0.02380931078599599,0.00371441903674666,-0.018918229670141992,4.592599698119393,0.030636246551053407
4.657518148422241,0.6450861588735788,-0.25977563502196743,-4.472533613907415,0.01490200580425927,0.0085046051733331,-0.020403441953845428,4.526276224497689,0.026658929642962053
4.667526960372925,0.0834158137807005,-0.34033588875475096,-4.555771315846008,0.019246473175320886,-0.0022705315118400795,-0.02618326862841929,4.569227396119441,0.03257522983959701
4.677528142929077,0.7608821722768457,-0.29919273050623957,-4.157362271890361,0.013310367814145234,0.009198715122149006,-0.028671309687754942,4.236994103112948,0.03292151652730227
4.6875340938568115,0.515326189695722,-0.16712106798534945,-4.4294823733385424,0.01754986029923416,0.00475118370388277,-0.02749763903319441,4.462488613864211,0.032965004102995854
4.697517156600952,0.5703375678362961,-0.4510389686103429,-4.4891165275453435,0.02369058216300969,0.006396112538552821,-0.01883127607599214,4.547624466726696,0.03093171345849401
4.70755410194397,-0.046198717212301316,-0.075096294638761,-4.39649272365117,0.007055363170496142,-0.00665207094005984,-0.01612023721727618,4.397376723008642,0.018811970795226056
4.717519998550415,0.1687489831219718,-0.29428891795318046,-4.044611250264459,0.01815680763888368,-0.002464375382552184,-0.02350383229946174,4.058812924033403,0.02980223049408844
4.727520942687988,-0.07649860831537568,0.09272954266062894,-4.431972347469113,-0.0001526903352608611,-0.004063233236620767,-0.02456001123096054,4.4336023382670575,0.024894323255283915
4.737525939941406,0.15381268118563923,-0.22076154331783848,-4.56486665249172,0.013059194175979588,0.0026153930717881385,-0.01540313191329977,4.572789253282131,0.020362693981504768
4.7475199699401855,-0.06339893827644782,-0.2576966936079273,-4.208694836369386,0.014909251417277109,-0.011500717726441387,-0.025501145459734836,4.217053383223097,0.03169953794309023
4.757539987564087,0.051028060358689856,-0.341105424363597,-4.625650268687009,0.015071608270836631,-0.0025466132101877956,-0.023622180815884457,4.638490830181562,0.028136205167189725
4.767512083053589,0.4527749766157798,-0.5278731068818074,-4.353752568497101,0.028968753564768586,-0.0033857690855913494,-0.02343944051505734,4.408947337416674,0.037417368788520526
4.777508974075317,0.3843035453275886,-0.5257193376501291,-4.279782339926898,0.017725561551755982,0.0015149063794559494,-0.03520103304903331,4.329042262912295,0.03944113590380913
4.787505149841309,0.7925556292176208,-0.06781128125111947,-4.331248558048742,0.004130333730979239,0.015834105003652767,-0.022522011891658294,4.403686735778189,0.027839173077589142
4.797527074813843,0.3703515863805976,-0.3783877852229286,-4.219352987498675,0.014921404502255145,0.011406254179304924,-0.026415453826459632,4.2524436794218134,0.032411836535140244
4.807590961456299,0.23038348778038806,-0.40059959167675996,-4.608054558830168,0.011212156620475835,0.000629601465543886,-0.02889514654158173,4.631168686352176,0.031000618505877875
4.817507982254028,-0.11131655305880019,0.028228869384736045,-4.61786001030498,0.009330770443827277,-0.007435312298655807,-0.0186035556030116,4.619287750165121,0.022100665762105162
4.827506065368652,0.3168191494467413,-0.4261756673794239,-4.815321152172493,0.02111479921278511,-0.002560189970036762,-0.02704035357196551,4.844514203868359,0.03440305276826194
4.837507963180542,0.29324050473577234,-0.17014583485732376,-4.481638190190373,0.013362960524573423,0.0065558563912409655,-0.03147447508803936,4.494443287717604,0.03481652695303616
4.847530126571655,0.4158094128666753,-0.11569335703006098,-4.792786237285806,0.007288111491045479,0.008405023605954262,-0.031727309316176996,4.812180621818517,0.03362117111831366
4.8575439453125,0.8022772849264695,0.0011734670780340281,-4.508326954809956,0.01515713780248991,0.012625059121949169,-0.02806765100890723,4.579155178676519,0.034306325617212224
4.867514133453369,0.47415266052000593,-0.4583326841426917,-4.323531819040624,0.020412871797650552,-0.0019422250606032808,-0.025721863145545764,4.373535981913076,0.03289486003757332
4.87752103805542,0.4528448223930128,-0.6218826668433876,-4.395645781758067,0.02598287442722274,0.002133978006084276,-0.028990474316402764,4.46245541413871,0.03898860380574412
4.887527942657471,0.04922371658337452,-0.6759220887395142,-4.495384655964746,0.026461403856134918,0.005982674809165252,-0.02210720355155122,4.546182667843819,0.034996096079125905
4.89751410484314,-0.06324153675850104,-0.21540474404844492,-4.223009323928252,0.009398129797439014,-0.0063271789781380195,-0.02232757226280453,4.228972268260351,0.02503754222486027
4.9075469970703125,0.6687112076610652,-0.5088075691601253,-4.339120564469587,0.021822537753538925,0.006170713898518774,-0.03131520410286435,4.419731563646034,0.038664491100052725
4.9175190925598145,0.845379240729326,-0.5346551465920961,-4.591779633367233,0.023293712017292863,0.018325774523813645,-0.026071686961075258,4.6994640532553955,0.03947358474269259
4.927525997161865,0.9472807074275389,-0.45683838800997434,-4.359259963439136,0.019626977852951647,0.011291236897611441,-0.02236520070631747,4.484327093362766,0.03182628619478088
4.937525987625122,-0.028524366831370395,-0.5506135550936067,-4.296986750195183,0.021740984093170587,-0.00198779133745735,-0.027987277578777125,4.332214682804733,0.03549520263376852
4.947520971298218,0.16502197724313636,-0.642122256571484,-4.3766208153323785,0.0352185117628825,0.003216514441087614,-0.018671800464749,4.426552044939531,0.03999156996839983
4.957553148269653,0.9771734408050265,-0.5989257874662803,-4.472510885252705,0.03070289600716011,0.017250639292547994,-0.017141196863643186,4.617026494510376,0.03916724408413566
4.967513084411621,0.25522780183276506,-0.32914550817444654,-4.53722753199358,0.021176311659278982,-0.00037607448244676657,-0.01906574846351508,4.5563046071855595,0.028497023914459737
4.977492094039917,0.6974161609301265,-0.028329961481302617,-4.549055075444692,0.012329862259425013,0.006990552532426877,-0.025647050564226583,4.6022922514409235,0.02930297818804444
4.987533092498779,0.3520149331251007,-0.5328041543850592,-4.407778253428935,0.02977280238387315,0.005301886584608066,-0.01864743485434638,4.453796572753865,0.03552825058727634
4.9975080490112305,0.2750487403164254,-0.1738055080076762,-4.812985377243867,0.009788883538009201,8.88576067004836e-05,-0.0231068800668936,4.823970191214571,0.02509498043475589
5.007539987564087,0.09078591092116158,-0.3931719739814421,-4.196394654421625,0.013402828025212416,0.00601635076623374,-0.02694136203965296,4.215750749084276,0.03068663005557036
5.017521142959595,0.11666304522378715,-0.5247622746187383,-4.461612910613441,0.023817049736800294,-0.005056035965481489,-0.02177259623689397,4.493882005030446,0.03266284287603072
5.027524948120117,0.2039697758741147,-0.4243697112497793,-4.09536664024022,0.010029855309012379,-0.0005623480793486921,-0.014304736952986641,4.122344143723184,0.017479694853635534
5.037536144256592,0.07163232696056314,-0.4459790987918085,-4.421665274485595,0.02528624233881876,-0.007783285297012053,-0.022203991495453067,4.4446768551174465,0.034539699187490135
5.047534942626953,0.0020698997345937747,-0.1500714488387953,-4.154541134550638,0.00800731128869458,-0.00967997261286002,-0.02161586719445273,4.157251226822213,0.025001292335157264
5.057520151138306,0.5435847066229941,-0.5812938932140801,-4.50473637466728,0.025881472755782196,0.01434614702253185,-0.021960423616647184,4.574498522112877,0.03685000368823579
5.067490100860596,0.05518441557131712,-0.300822441953172,-4.326446188297852,0.014435453295457718,-0.0040209081051477,-0.03248806380898641,4.337242912443529,0.035777427295602966
5.077491998672485,0.3791601338845564,-0.6714249264603646,-4.634659716670513,0.03568456942803958,-0.0013622580636435532,-0.02528319832039624,4.698366155199919,0.04375482098700698
5.087520122528076,0.06456401123187597,-0.1341150112457724,-4.547366177256696,0.009807803009156537,-0.0006241764533804995,-0.029945027949487057,4.549801588843845,0.03151646069924312
5.097476959228516,0.2505291926088831,-0.11257077052199492,-4.321198705039735,0.01130191010265755,-0.00363923101698711,-0.030722574203197902,4.329918625466563,0.03293711796794849
5.107541084289551,0.19602211972858194,-0.31707254399725704,-4.2485558549597355,0.01274987464329118,0.0020010733920431435,-0.03282349385731179,4.264878254099691,0.035269609398758124
5.117510080337524,0.06801454284792097,-0.06008193181675274,-4.318296379181239,0.01954242653812832,-0.0023381349028990723,-0.02453880839856563,4.319249869481904,0.031456738982987606
5.127477169036865,0.22453095820535096,-0.5026279730750599,-4.453051138321595,0.029780766424688576,0.002087002171119372,-0.02336749148161456,4.4869492387386565,0.03791159829191384
5.137526035308838,0.2503297930784325,-0.40089131575400944,-4.255445245584437,0.020491425246451346,0.0035092897307120443,-0.02654296306732257,4.2816110391436615,0.03371561228034031
5.147513151168823,0.32548030237650893,-0.017807820450346287,-4.004006709502453,0.005411799744725989,0.0032600821716569305,-0.027677182805756918,4.01725332477863,0.028389120456721765
5.157562971115112,0.8367020090087485,-0.210180487405462,-4.598673474944363,0.01270365785969996,0.005675521518366114,-0.019795447238635428,4.678893439513464,0.024196160829754634
5.167520046234131,0.38502955265751754,-0.5264606821861832,-4.339988829339216,0.019427320763588354,0.008354806835168703,-0.022799786479143748,4.388725514895727,0.03109748949350862
5.17751407623291,0.18718136642004896,-0.3804192713722559,-4.6097330926932445,0.023680167734166323,-0.0041908403442451345,-0.03162189655187575,4.629189440046443,0.039727293240878314
5.187517166137695,-0.12075544823744143,-0.7350559636449702,-4.273622737746955,0.028618869301708833,-0.011319695450999687,-0.01317976890033714,4.338057220986928,0.03347956829885907
5.1974780559539795,0.5431695990945897,-0.7869424422161959,-4.466978259036645,0.027504969578552314,0.014779881476496672,-0.017751754496707163,4.568173200246223,0.035917865132657045
5.207566976547241,0.17599018733017874,-0.2619359285540263,-4.345486068964635,0.02258164561808448,0.006527396226447097,-0.018787934885949854,4.356929211298904,0.030091927781325033
5.217498064041138,0.09056152877583179,-0.254907887839042,-4.312188602479214,0.016839928928789973,0.004405528862370884,-0.02832434175615413,4.320665453969841,0.0332454542276579
5.227525949478149,0.025475663550608537,-0.7818471369724996,-4.594662458937349,0.02872615913199817,-0.002672108720145298,-0.018604119579990315,4.6607785901707075,0.034328496163329635
5.237513065338135,0.05307540338182005,-0.3457120357626809,-4.248713994917982,0.014674622786702802,6.193707113544714e-05,-0.010623831498451784,4.263086255370308,0.018116682528550702
5.247504949569702,0.04122846027662677,-0.08336039576699189,-4.44328150925658,0.010620728049632464,-0.006214161028610184,-0.025714454069020856,4.444254640771683,0.028506995802110236
5.257584095001221,0.2864366217080143,-0.27737468257287357,-4.202012914370906,0.010065470739922734,-0.0027133679653484444,-0.0201022094953091,4.220887961712295,0.022644533413716326
5.267532110214233,0.013870828070557839,-0.5234731783256186,-4.3797972472361355,0.022701341327627862,-0.0005571161108311534,-0.020842335944606074,4.4109908745309045,0.030823112173533528
5.27753210067749,0.41866707941435094,0.14813480861691453,-4.110950025594171,0.010446926545998454,0.004565508562458107,-0.01691698950389787,4.1348683362160426,0.02040016364067593
5.287537097930908,0.34792911017103867,-0.3981898467337331,-4.247525312921205,0.024404434731499322,0.0018479365288198457,-0.025404911926883943,4.280313201583807,0.035276066305517786
5.297506093978882,0.7409766560494633,0.10062228788879117,-4.167226933497432,-0.0033593615816039923,0.005764974032742006,-0.029600647504952844,4.233786905938539,0.030343344715878268
5.307538986206055,0.354629143917888,-0.6890310816924711,-4.454325038302062,0.025034642920249203,0.0014693218647874886,-0.015467265253917244,4.521231824193369,0.02946402123474937
5.317523956298828,-0.2309938910237815,-0.3754560915128043,-4.217618527998106,0.02325085488081898,-0.012220242432211535,-0.019328721863669664,4.240593295997305,0.032611900690913874
5.327492952346802,0.1305021363907541,-0.2917825119983311,-4.665638086526006,0.020434354460095717,-0.007061839386986197,-0.02432653806473517,4.676574237233133,0.03254555072423007
5.337499141693115,0.22669284216277624,-0.7254195948094116,-4.5507471158395,0.03212331612318942,0.004695786531722918,-0.024673514708224705,4.613775302888386,0.04077671122048531
5.347536087036133,0.17634043930452606,-0.4974024725897328,-4.653049525951181,0.023890694751742336,-0.003963045748696614,-0.021969924646455686,4.682881064176946,0.03269783809823108
5.357586145401001,0.5266012533257525,-0.32066972718356374,-4.276809586080715,0.01881087593818876,0.007695603284071888,-0.023349203193158103,4.321022817519959,0.030955720848061856
5.3675079345703125,0.23503867301048742,-0.3496481004952249,-4.490814023575414,0.012093126777190906,-0.0026216234608357467,-0.021967020343770023,4.510532958125021,0.025212429625151602
5.377527952194214,0.3174060147932914,-0.22420747236335659,-4.647443786726494,0.013629439962193558,0.004908557926057898,-0.023139443923094156,4.66366265071491,0.027299989737480188
5.387532949447632,0.5691730645127913,-0.28246915412725304,-4.265813052881402,0.013998318367060251,0.005170420748710901,-0.01767318750600197,4.312876975121548,0.02313066632085165
5.397503137588501,0.10530196423483437,-0.38032428974684696,-4.346901074197899,0.02587106210783081,-0.00014452457367881933,-0.031836442092398186,4.364777659618644,0.04102306408646555
5.40753698348999,0.28956974214738207,0.09250977691509547,-4.228662617215297,0.009225406275001173,0.00048527539243270045,-0.025530473950685757,4.239575005189353,0.02715048274510005
5.4175050258636475,0.29819852333732616,-0.41724030506059945,-4.622456507215145,0.02015894285147622,0.008308370756640877,-0.01925362463675074,4.65081885183494,0.029088039864724205
5.427526950836182,0.6266788969518687,-0.5821049842994857,-4.628331944645918,0.017936866351572656,0.014924267705593661,-0.016517714327247482,4.70670046236862,0.02858845619579627
5.437525987625122,0.34682239833331036,-0.4023755105773984,-4.257540605145075,0.023095775804290883,-0.006910141268026249,-0.027125845519729765,4.290552858543662,0.03629016957119918
5.447535037994385,0.5045654997753694,-0.5944871365298255,-4.320914142266648,0.025243541543241692,0.010290633328316751,-0.025093751715218087,4.390706130442224,0.03705171924605177
5.4575159549713135,0.45701684479825094,-0.14971945342410803,-4.406824557609939,0.009941106487675816,0.005759557514709514,-0.02108460472476419,4.432988043376273,0.024011635874386098
5.467550992965698,0.5531575971491167,-0.34367098226617754,-4.487636256755118,0.019228920460982006,0.010110271373140781,-0.02769732482098961,4.534641357845036,0.03520100526366725
5.477503061294556,0.40697938938583456,-0.34082154885167937,-4.707183376396818,0.016828499538099055,0.004396250676198367,-0.03001706963875717,4.73702088770707,0.03469221651047641
5.487519979476929,-0.018143936705325256,-0.6233369606176741,-4.8111762473898505,0.021707481343919224,0.0013859973819057042,-0.018960507429600704,4.851421961895247,0.028855442762626155
5.497488021850586,-0.049730731643955264,-0.20444330564108945,-4.574158839265879,0.005192213628325298,-0.005638732203335134,-0.014118589356141516,4.578995446353432,0.01606514701552551
5.50753116607666,0.20409068158670368,-0.5953926308084757,-4.622001381069332,0.014126628519281112,-0.005188281291501512,-0.028872575110080314,4.664658846875983,0.032559261195069224
5.517514944076538,-0.14997336372348852,-0.09655391629056018,-4.648492302681802,0.01061866467423345,-0.010582488081902208,-0.022989125180137345,4.651913085674489,0.027445308706870845
5.527493953704834,0.36855718646496743,-0.03523901172193657,-4.676813653419006,0.00943199925336327,0.0058341944596214034,-0.020475466979021778,4.691445633964924,0.023286158612298713
5.537493944168091,-0.042234838647621564,-0.0029235102853571848,-4.276388652355369,0.004200012827664159,-0.005001007277836258,-0.022498880181910867,4.276598208214298,0.023427543426178858
5.547515153884888,0.6109315317856491,-0.4477563908702351,-4.520769676559317,0.020098025178525755,0.007727783954312451,-0.03757008732897188,4.58378463614875,0.04330312601681035
5.557520151138306,0.4796975351827675,-0.3225797396347373,-4.3293852008365485,0.013875501243849632,0.005049663701323246,-0.029331402453546852,4.367807645822531,0.03283838924424382
5.567508935928345,0.004976067840013233,-0.6603854540831288,-4.4467118367875536,0.024591841114030663,-0.00957484523117931,-0.023749395927542657,4.495484386430706,0.03550310011114446
5.577486038208008,0.18583472825435826,-0.31233038531923596,-4.370312100483818,0.003699728091138462,-0.001593495980441902,-0.020599824250366376,4.3853976640042935,0.020989997058933244
5.58751106262207,0.9277034517006202,-0.13905388925300347,-4.337435927227293,0.007148645151781224,0.02042161451493058,-0.027600221228906967,4.437715639967901,0.03507018218924896
5.597496032714844,-0.074842581399747,-0.38263082407249416,-4.433127168190228,0.015735421859894596,-0.004310974152718273,-0.029238821719188558,4.450238673247457,0.03348278206452902
5.607506990432739,0.33831335812578334,-0.5363557012826867,-4.654527648292641,0.02822604009276692,0.0009156670871554584,-0.025338312865831963,4.697527114909015,0.03794176965324326
5.617514133453369,0.07840780105802812,-0.5763492169686569,-4.131237069666412,0.016529432090124797,-0.002222232898119375,-0.023932790581461975,4.171983452622153,0.029170857191581575
5.627490043640137,0.3122196289561914,-0.5068545351434823,-4.249077552212784,0.02370290303638838,0.003852253154746358,-0.0203653246296059,4.290576029068782,0.031486725996678594
5.637521982192993,0.20457500642029838,-0.5540315169108116,-4.3744336795375,0.026740373230587408,0.000252624071998946,-0.025885540026769276,4.414121868690799,0.037217906468665636
5.647492170333862,0.48366787014138635,-0.3450053149291483,-4.627336450374918,0.018063020569253966,0.009187452377820633,-0.022264684371853406,4.665319485405562,0.030106447207504695
5.657524108886719,0.22699730624473632,-0.588821681290262,-4.616431678013067,0.026771283064700967,-0.006776321807919428,-0.039182995452211745,4.659364783654786,0.04793670062470795
5.667541027069092,0.5341305303586873,-0.21236371447212143,-4.446663182799095,0.019878709304045127,0.0055744443588013025,-0.02357009391520039,4.483660026356439,0.03133347795370742
5.677504062652588,0.5862417809137038,-0.2871505307731243,-4.2444695951258415,0.018656707150017188,0.004063818116667331,-0.03064998565193825,4.2943750414885615,0.036111064230106495
5.6875159740448,0.4533181229846951,0.10799742143580138,-4.443766734286955,0.0054426111765225995,-0.00029971376447524294,-0.022189633439030312,4.468134236168212,0.022849325524355348
5.69749903678894,-0.13123837542311614,-0.2863888856593564,-4.5731201668502806,0.01620632719339305,-0.011041201676831116,-0.02197448561668891,4.583957914888142,0.029452184871174448
5.707534074783325,-0.09419819166672588,-0.6763182760035107,-4.58766677907457,0.030052924953164504,-0.010252476555684665,-0.015383649959707356,4.638207216758872,0.03528382433705572
5.717544078826904,0.3571043473138756,0.016730708452230555,-4.328471099223014,0.00870998182016007,0.00719243819123428,-0.01569972009818707,4.343209123250304,0.01934104861696137
5.727484941482544,0.11232486621099542,-0.1448797381510854,-4.576456129625219,0.012320749202181088,0.0035851620384770608,-0.031684132667155175,4.580126386954872,0.03418389256089881
5.737522125244141,0.396547587869002,0.049126361380635475,-4.51012358461648,0.0024152558650929017,-0.006127720516440718,-0.024679502106247045,4.52778954207691,0.025543301349546157
5.7475199699401855,0.09963411871361852,-0.11343620892979896,-4.5278686287340015,0.01628204112732069,-0.0024873774437605225,-0.02846581818892318,4.530385088508672,0.03288760731619619
5.757496118545532,0.6328330945029179,-0.22478542204702362,-4.613529528327506,0.018061025356985855,0.004763177447785155,-0.021668684327024013,4.662151962368109,0.028608047413428817
5.767538070678711,0.18125215514884027,-0.22838337901124242,-4.389095504605165,0.014285762828159182,-0.0018920771404320397,-0.022097878719727574,4.398769221054903,0.026381418070292373
5.777488946914673,0.3073784321519786,-0.15101164693789523,-4.571558365706741,0.012932007568633573,0.00145761924458201,-0.023320268322282133,4.5843682126467975,0.02670573699115243
5.787487030029297,0.5747339424892497,-0.3833150153291239,-4.354162319585693,0.021337697769471392,0.005837516293801616,-0.02577687684869136,4.408625524006985,0.033967945517124
5.79749608039856,-0.08360199824859686,-0.7012337854742047,-4.71670586309709,0.027343371844343684,-0.012594992362007677,-0.017386071854183376,4.769280062543623,0.03476448347000004
5.80751895904541,-0.07183922480693217,-0.1838330716088239,-4.563119216603028,0.011916749313458862,-0.008528495871465562,-0.019862458272776006,4.56738573555703,0.024683221116118443
5.817502975463867,0.8913069231703099,-0.4643426203000886,-4.668193509748056,0.01959608313930507,0.0071677948175157,-0.022507418700101808,4.775151593904883,0.030691491548803133
5.827492952346802,0.26851072697827244,-0.2823187332335336,-4.745345094019837,0.013150067785130323,0.007389813745598505,-0.016486012788916902,4.761313047781581,0.022345519632008797
5.837514162063599,0.2041782998532654,-0.6000988521243305,-4.431254141861606,0.022349813772526764,-0.008076404725640895,-0.024749155801402772,4.476362438433415,0.03431126931259014
5.847494125366211,0.35804831620897515,-0.5184206289113237,-4.3579929572297935,0.02102800427074954,0.001631178920635393,-0.026458265753904,4.403301166225787,0.033836038996696925
5.857512950897217,0.5746843364651012,-0.1871438119839945,-4.480727903474985,0.010219328361930834,-0.0013174213694062953,-0.012566588311161218,4.521305943853123,0.016250828071693642
5.8675079345703125,0.07666898411556587,-0.4418679688852529,-4.269796849421502,0.025399524075993933,-0.0016318696882551044,-0.03012342218249688,4.293284357037381,0.03943626992948732
5.877536058425903,0.02734226745798571,-0.4343693434844864,-4.256054059846948,0.019044556171289695,-0.008335738313192518,-0.015072396676159226,4.278249698940979,0.025677943736812918
5.887526035308838,0.7133388228817366,-0.4378884170779172,-4.174952548996889,0.01965009746387225,0.01807418286274552,-0.030502101573360526,4.2580309214961005,0.04053616430901233
5.89751410484314,-0.1290151867877318,-0.7468196231184862,-4.243989601269203,0.026988130140168508,-0.005295562373238573,-0.03209298442529117,4.311128878098849,0.04226537351820653
5.907534122467041,-0.12988723643715724,-0.4043705885629911,-4.189520836162338,0.016765232091638313,-0.005595347085772352,-0.02886151810175023,4.21099407547938,0.03384328800862021
5.917518138885498,-0.016547993981122455,-0.5025546805887848,-4.288380268270913,0.02501409719857268,-0.006090771948825975,-0.02588806575944546,4.317758720491663,0.03651019734755784
5.927538156509399,0.5247094242635036,-0.5344924035698013,-4.238318573222675,0.023946275983227613,0.012749578066985325,-0.015479370810168426,4.303991918848019,0.031234384819134042
5.9375,0.3274568602627257,-0.24590602009917084,-4.452077831361429,0.016237807954715914,-0.0002932117585286852,-0.032384830603293516,4.470871814596569,0.03622885084450777
5.947535037994385,-0.36866404751008497,-0.5346493097587625,-4.18120005495441,0.022683575393501448,-0.013148208801890764,-0.02189291770992787,4.231335127817554,0.0341572808224609
5.957581043243408,0.6552167108719009,-0.3407359418360019,-4.240744404026041,0.01877608498546318,0.014749286082214704,-0.02637935863941898,4.3045700157556785,0.03558023846945713
5.967519998550415,0.4035074171757824,-0.5421595552155024,-4.068549247074688,0.016055787128740076,0.0037965687048581863,-0.027334779118730498,4.124299721758756,0.03192792482645731
5.977497100830078,-0.028863183289387466,-0.5171849239594557,-3.8945890368716145,0.02445241183886963,-0.004953799128470722,-0.03008166683474343,3.928884968415481,0.03908154615799421
5.987553119659424,0.23289540488161853,-0.45645883330542875,-3.9288498869639414,0.027212543482919193,0.0065654269275322715,-0.022807996162268848,3.962127757962141,0.036108614519095084
5.9975080490112305,-0.09275652132001447,-0.8352939030541912,-4.566440469691543,0.04075399366606868,-0.00338155585992366,-0.025463872328461385,4.643134527446261,0.04817397340606162
6.0075671672821045,-0.0895400685941379,-0.4330856846572937,-4.212959076956497,0.022259836465516766,-0.002714429907384101,-0.03391534747871009,4.236107271806164,0.04065856913118436
6.017486095428467,0.26116832399717865,-0.46256255550357506,-4.015471632754976,0.02363003256477136,0.00027723106698117426,-0.02304481545604348,4.050454967614553,0.03300785990457054
6.027537107467651,0.1753282340792787,-0.29095845789369573,-4.43946634729646,0.012192736841976675,-0.00024829818115859007,-0.025054822360013135,4.452444077432418,0.027865186293586416
6.037522077560425,0.6542678789700171,-0.6135964800981125,-4.05913427691694,0.022746259903255555,0.003936550107872632,-0.020437131296371557,4.157058837192797,0.03083123581634984
6.047526121139526,-0.09120157651812573,-0.6302933217960516,-4.443601782606352,0.02585328162107145,-0.009203108496078846,-0.02210015800241361,4.489007039584862,0.0352350161104075
6.0575010776519775,0.14709565379052805,-0.34106477820700576,-4.428611424273566,0.017121161889452067,-0.00579169690408315,-0.02430366252530065,4.444160377563325,0.030287719452235014
6.06751012802124,0.7214836247788713,-0.07178199797015711,-4.581229939862688,0.01684824687020129,0.004719847213248756,-0.026387478382194438,4.638249566156497,0.031661323340732905
6.077516078948975,0.12862560985900873,-0.1898524795608893,-4.218658681525622,0.012069000629754722,-0.0024619008441009345,-0.02845192951793593,4.2248869313531365,0.0310037743712084
6.087530136108398,0.326291628291962,-0.5107938193499664,-4.636517936799373,0.020856888202529927,-0.0028063566922686824,-0.026428340805689312,4.675967828251373,0.033783762684442595
6.097481966018677,0.3532662831577627,-0.5232210794798215,-4.401901692394854,0.02729746886999711,-0.009307105604479943,-0.022281338076418317,4.4469423061623825,0.03644491799849537
6.107542037963867,0.23207801604809122,-0.4069770120708307,-4.416850977770044,0.019058142992282694,0.006447709653678694,-0.022108011337506776,4.441628423643192,0.029892305688784926
6.117517948150635,0.3909469359077484,-0.28980377510356,-4.083613160689313,0.016489891816257023,0.009426215412194901,-0.02201611105809065,4.112508015908892,0.02907712529173306
6.127525091171265,0.5231113582537839,-0.23861969034502573,-4.10490959835246,0.014894198938935977,0.005368690018934771,-0.028778158295979638,4.1449810205115085,0.03284573624476201
6.137535095214844,0.15114900597101483,-0.2713879701534961,-4.392240472272367,0.012279122032225772,0.0014156127641213032,-0.02262979421915623,4.403211761727733,0.02578542967998773
6.147536039352417,0.3857615406157751,-0.13040625539850398,-4.333941478397784,0.01105482700817504,0.002083720377215592,-0.02584165964022637,4.3530295767249365,0.028184081743998765
6.157515048980713,0.13687079560730156,-0.24517584594265066,-4.623314373811535,0.017899498062598215,-0.000785568383272689,-0.02370449817483558,4.631833396098808,0.02971384159442428
6.167546033859253,0.7180745262222817,-0.2427396785091986,-4.178196744759781,0.01937016795379854,0.004615506174836365,-0.02211367241218772,4.246396309184216,0.02975770171504965
6.177500009536743,0.48151670934842505,-0.43162947412967473,-4.363920665315634,0.02515617470910188,0.0031732971476736258,-0.030989509097603875,4.411571819373231,0.04004063704404269
6.187541961669922,0.826221997690973,-0.6448082049060823,-4.292881198757087,0.022874049816486143,0.013027642011924577,-0.03218349327203785,4.418964742699894,0.04157786491138353
6.197541952133179,0.005379582586978113,-0.1393843559694582,-4.292763123902633,0.01312473772192961,-0.013919738859057283,-0.023342273883759663,4.295028774820504,0.03018078229997095
6.207556962966919,0.50571107033795,-0.6149997788975877,-4.434433920257716,0.02444433132883546,0.0067361878247056885,-0.029570653355435805,4.505349332497831,0.03895285740983512
6.217499017715454,0.548436084346918,-0.5751257506019302,-4.1473889535757475,0.01736028826620274,0.009990037354429196,-0.02386252872412875,4.22284109337083,0.031154465685330198
6.227530002593994,0.15028807283496595,-0.30210992915718377,-4.562517195623275,0.01846509112813321,-0.006512201123834023,-0.026644965184791963,4.574977603714567,0.03306542792020549
6.237516164779663,0.20477271677648945,-0.46051668373288823,-4.096161255051315,0.023802383666268252,0.004504050540663968,-0.025483505459823315,4.127050340002642,0.03516033262058159
6.247533082962036,0.13053163455150027,-0.5088067724674542,-4.244566057590297,0.026732967466595616,-0.0069592105182232,-0.02525054698893745,4.276945622354237,0.03742555656029107
6.257529020309448,0.23517613631319909,-0.5505686329711037,-4.007974353440744,0.01703461645587314,-0.00833081583194548,-0.027211279484964625,4.052442726620775,0.03316676621911389
6.267513036727905,-0.25099724390835393,-0.39906279378848597,-4.186258950822739,0.024677571498647962,-0.013801768486131325,-0.02914272522811332,4.212720585699859,0.04060504626443569
6.277477025985718,-0.06136786175206119,-0.39784969859322644,-4.128241645026764,0.014499992214590092,-0.011774843467341208,-0.027533345592620856,4.147822257144106,0.033271336498948395
6.287505149841309,0.4490023493955364,-0.5956848913280627,-4.380913462996384,0.029668968534566225,-0.0001544396667492508,-0.02595552147849605,4.4439674132223566,0.03942030746628464
6.297501087188721,0.43761923219000215,-0.20536076175191006,-4.15859529705606,0.016294469516740562,0.0015571325201139984,-0.02092358886853165,4.18659748238909,0.026565597483522285
6.307552099227905,0.6315893643160564,-0.5502115302239814,-4.098750312226606,0.01905697519707776,0.010595420587775588,-0.0267562958716481,4.183466502206786,0.03451565745955115
6.317482948303223,0.4742516345150383,-0.4303631710740948,-4.123654940326904,0.023726895728056464,0.005530822129969382,-0.020679172255376417,4.173087243125839,0.03195596563227206
6.327523946762085,0.3010168807253502,-0.7965518884950393,-4.207290438428224,0.03073908657260316,0.002697735763444669,-0.029101982463922323,4.292598153430646,0.042415735345480016
6.337505102157593,0.009542862285672141,-0.6863117859623024,-4.296611604788062,0.02740067085888001,-0.004888517097184709,-0.02560443321802992,4.351090233053184,0.037819060846915505
6.347507953643799,0.10246942958455847,-0.2673945808939383,-4.062275642911619,0.010888345867341054,-0.0031161872128670867,-0.025003816322369456,4.07235598209241,0.027449180846707767
6.357530117034912,-0.48823469828831784,-0.32561396620757466,-4.2888964671629735,0.00960734835679757,-0.030718803582349144,-0.028447929465894122,4.328860182732303,0.04295614888320757
6.367525100708008,0.42837172620455977,-0.5492059681591172,-4.171342999446273,0.023067832458325287,0.006021922307330874,-0.017932978034762192,4.229093514017218,0.029832534987763913
6.377510070800781,0.4274933731266153,-0.5832738814376882,-4.438936956857418,0.024357612068442253,0.0018864506060493685,-0.026614856318379523,4.4974570939353224,0.036127586944242125
6.387541055679321,0.41222382959132375,-0.6108645484452858,-4.388704753842433,0.021674737296848035,0.004894060498983426,-0.02102202424371862,4.450147570432847,0.030588749048605743
6.39750599861145,0.17325513443163776,-0.0751635028481849,-4.20531380137359,0.0056625573325609895,-0.006553257195463166,-0.026073354051090885,4.209552358837045,0.027474161077055064
6.407530069351196,0.07824183915047006,-0.6660236841176546,-4.311142827484242,0.026693596059973877,0.00011782786154113095,-0.02238536518021375,4.362987716252262,0.034837717035843985
6.4175169467926025,0.15160037519254677,-0.866505357813798,-4.303678063218566,0.028923009171576166,0.004914749883944877,-0.01675617937770775,4.392659681867837,0.03378557048946686
6.42751407623291,0.22286991082563076,-0.37704526984573933,-4.27421909476536,0.024505403885274224,0.004430398687360794,-0.025074082583672167,4.296601331601675,0.035339112460872485
6.437523126602173,0.38991061788871373,-0.3023251136606363,-4.287572837955579,0.01609512531235602,2.322336570130865e-05,-0.02399867894060949,4.315867422091037,0.02889619679195882
6.447529077529907,0.15955651658140016,-0.435979510155478,-4.293380428457569,0.017220246312747337,0.002288677123957156,-0.0216304555174931,4.318408493730242,0.027742594181937287
6.457514047622681,0.6160441592067641,-0.015778975866851085,-4.2530372901537055,0.0060426501766916475,0.0100565065567618,-0.019127402610386497,4.297451055406,0.022438905407882195
6.467506170272827,0.33916293517206353,-0.6406430201152784,-4.343556644629775,0.02516192196353776,0.01013758393278729,-0.02406904136360872,4.403627970313162,0.03626584725408437
6.477501153945923,0.5662735946563217,-0.26745047017663104,-4.415673209880362,0.008121966716763412,0.005113229374622428,-0.029415484129258096,4.459861593643667,0.03094159279262057
6.487528085708618,-0.16238547473163972,-0.6078471355546939,-4.358211245804637,0.02216012144548097,0.003146369680490067,-0.023490957904171522,4.403391016667027,0.03244681383279922
6.497486114501953,0.399461308121294,-0.4398586491240745,-4.363077940342131,0.020492169916670654,0.009976791946838549,-0.02328716995743927,4.403350324627302,0.032584623522005994
6.507513999938965,0.18420518643979863,-0.4093682854072912,-4.505064894721289,0.017330592636784,0.0061165902548056044,-0.028388451676196094,4.52737491814614,0.03381813575670686
6.517496109008789,0.25610898023843404,-0.5466176585420663,-4.344169805644596,0.018151573543303545,0.0017899071100836996,-0.023147925806135235,4.38590856889003,0.02947049132076062
6.527523994445801,0.2747395746288818,-0.18821676420694902,-4.255312171361582,0.019966792199531843,0.010403535542053591,-0.03274982257038342,4.268323916941381,0.03974238569720813
6.537506103515625,-0.433204564740146,-0.39377759344689306,-4.324253770487205,0.025096648758496494,-0.016691077598470414,-0.02268578738140872,4.363702288147684,0.03772371667028565
6.547513961791992,0.1969549390795567,-0.4619311241406055,-4.5001486880301,0.024798337938251754,0.001305854568005965,-0.027722976357687133,4.528080147905585,0.03721862757788629
6.557520151138306,-0.12906653351634428,-0.26735176363717156,-4.244230803952103,0.012622286513916397,-0.0050401492720917,-0.017657404855171758,4.254601068585602,0.02228248567246943
6.567507982254028,0.10575143833625258,-0.5323877861359474,-4.552253161301176,0.021983839542681273,0.002524111634985115,-0.032195815767088194,4.584498769343654,0.039067005176907386
6.577473163604736,-0.12942756353899895,-0.7718344281312695,-4.13125631576424,0.034618242538945035,-0.0017573180755977205,-0.02431970334982672,4.204730505656015,0.04234334486466107
6.587536096572876,0.47069253563396396,-0.2666444452986273,-4.216560790537848,0.014665853681439604,0.002874432724799497,-0.02570395470372792,4.251121690049733,0.02973285918148624
6.597510099411011,0.41227285157474935,-0.14779873288502454,-4.525479010046842,0.010343953115948186,-0.0026300090841657165,-0.027990387893538714,4.5466222231413225,0.029956236884470102
6.607546091079712,0.24764873754902936,-0.06729505214612318,-4.446725498412074,0.005909261434884898,0.0009688537984423952,-0.02407007988550495,4.454124625499502,0.024803765723840483
6.6175079345703125,0.28023908892332317,-0.3514430010993039,-4.079828628864545,0.017962169994194883,-0.0015780345397395218,-0.0215672687563829,4.104515534248228,0.028111862718770808
6.62752103805542,0.011433163063842643,-0.4471246811005552,-4.339896412301543,0.022040248161359296,-0.0032663132784063165,-0.02579226955272553,4.3628834578951015,0.03408346388100024
6.637531995773315,0.29486105850799843,-0.00042891472305344944,-4.020994878355614,0.010492374498145402,-0.0037084820151291925,-0.022914211386538905,4.031791542175063,0.02547359112753555
6.647536039352417,0.5020801743828454,-0.6046577522029726,-4.654807091775991,0.026200063725803236,-0.0011117215665465243,-0.02052858065679967,4.720691110468415,0.03330318134743894
6.657516002655029,0.17427507021502514,-0.1274863736256296,-4.27649327254713,0.005077667129923446,-0.007168868096421947,-0.028640891431947493,4.281941065182884,0.029957904387370036
6.667504072189331,0.11495849729986735,-0.036105696060279704,-4.409788470576893,0.012648526118490221,-0.0005779796112718037,-0.020853441416478963,4.411434396273204,0.024396419661739204
6.6774821281433105,0.18323472794916232,-0.7447143385818561,-4.370873241562808,0.03588912508879715,-0.008087052553652281,-0.02474302028621001,4.437646595373024,0.04433561515901931
6.687500953674316,0.10610809115333791,-0.4244439799688917,-4.314988526062226,0.025436028474682293,0.001841209693335421,-0.02511613664114706,4.337111665519888,0.035793881006066536
6.697500944137573,0.09771495449363826,-0.5151293516655523,-4.249250691926737,0.02516695340588833,-0.003497533580064057,-0.0335036844752396,4.281476136114613,0.04204884253215825
6.707519054412842,-0.1618667606156399,-0.49449519087463345,-4.589294957596104,0.028587874401014384,-0.0020757750424620176,-0.025552492923890235,4.6186961958768595,0.03839928774626611
6.717483997344971,0.17164752958143137,-0.42735709796146293,-4.40691071894278,0.020065768815922664,0.0023044252468665525,-0.02197295543817437,4.430909505769918,0.029845539441940853
6.727502107620239,-0.11834265697106021,-0.4074001882511479,-4.391604679447509,0.021469239246719108,-0.0051956785863212845,-0.029220460764152443,4.4120484537674,0.036630023711084245
6.737506151199341,0.2350984345917391,-0.28796999638136317,-4.482767358266141,0.019386433994163663,0.0034991214668514794,-0.01771767355019348,4.498155308690416,0.026495162390162304
6.747521162033081,0.33842985104627965,-0.6131687458251812,-4.402307056466339,0.024826348376311726,0.006744790639593089,-0.023785107223411494,4.4576695811095455,0.035036710748914776
6.75750207901001,-0.08706638167278716,-0.6317391910029209,-4.64242642003675,0.03197022611207231,-0.005899836078979904,-0.02333664825567616,4.686021556258768,0.04001877778274864
6.767514944076538,0.4130476662539259,-0.5958149666378267,-4.785792379795907,0.02798179952559957,0.002910685697739343,-0.026908211912518076,4.840393842610332,0.038929488363589476
6.777488946914673,0.3638380301934653,-0.33379769623162114,-4.302401158061611,0.01638970979401037,0.010108608822232449,-0.022031203394648743,4.33064137733829,0.029260561895991976
6.787516117095947,0.05649581481690551,-0.4137107668384063,-4.588773766171092,0.025158728280325345,-0.007032604672858482,-0.026198485869483337,4.6077318772678035,0.0369970241914329
6.797502040863037,0.24906416925982533,-0.09493732705959988,-4.324569086270103,0.01363318777527184,0.004179998875040817,-0.026948798093054463,4.332775535196965,0.030488914676835906
6.807512044906616,0.6445839582068191,-0.5120440835512039,-4.411548985591123,0.017127235145046067,0.009992341089851482,-0.020477302614872905,4.487698973298836,0.028504543261570005
6.817484140396118,0.447981272570572,-0.27352051587881454,-4.804686538050351,0.011833124239870423,0.007842515500857492,-0.021724338610822947,4.833271503040444,0.025951392385286223
6.827515125274658,0.014026076274194357,-0.3503602310848001,-4.478961721476393,0.015393344441148371,-0.0035788502688138568,-0.018963187021286996,4.492665926239366,0.024685333385124256
6.83751916885376,0.5279483525441285,-0.355139040127741,-4.630342445271163,0.016542731184843475,0.005995974928931824,-0.023244817870130472,4.673855406541439,0.02915364862616528
6.8475470542907715,0.1881633672548778,-0.3293273817372634,-4.6127935498144295,0.0115271785872271,-0.0018257756602231318,-0.024363769893983072,4.628361082537556,0.027014858622436765
6.85752010345459,0.1741714627450125,-0.34231934672784814,-4.260684962404142,0.016604173476077053,-0.005147155589871912,-0.02938345327886172,4.277961498475144,0.034140578701613425
6.8675031661987305,0.018781764185405593,-0.5155232051480666,-4.383213238301974,0.018471500264512643,-0.005830395737746934,-0.024946163940939875,4.413465217053119,0.031583238146980386
6.877501964569092,0.19655040901414572,-0.39427744130718967,-4.327368284925787,0.017509090609410454,-0.0011139882562909817,-0.029838137530570946,4.349735973296416,0.03461392313935197
6.88752293586731,0.14015026387131774,-0.680978442234228,-4.11750123390522,0.029097784448012497,-0.004475905507697507,-0.023177251847684315,4.1757861710655115,0.03746865080447681
6.8974950313568115,0.48237358019604326,-0.42741912102255314,-4.39961670975465,0.02065612246941215,0.003114055952263759,-0.026286616281902524,4.446571552178057,0.03357616618223656
6.907550096511841,0.04895315081033842,-0.35768098125171044,-4.204151785589334,0.022249905777460197,-0.0009319197336667117,-0.01777606325067778,4.2196237191955195,0.02849412581898155
6.917493104934692,0.09785867230704791,-0.20013361480414157,-4.247936131547897,0.006932609804807861,-0.00560692479563106,-0.02181465487441778,4.253773755294278,0.023566456069157703
6.927492141723633,0.3380666394451801,-0.29405428928802013,-4.198784322831707,0.014440314127286672,0.005807235432628116,-0.023844347580133457,4.222623209263616,0.028474542436831233
6.9375059604644775,0.36955930467987524,-0.2850081566184014,-4.306621204078371,0.020826350239450273,0.0048664155467991995,-0.030906655334000728,4.331834475650233,0.03758510620585094
6.94752311706543,0.12815207292932967,-0.3658616429034333,-4.249073321206849,0.021035197164072088,-0.003506779390875671,-0.025205913633571355,4.26672026087203,0.03301689118513
6.957482099533081,-0.003561998441504262,-0.22319011626393662,-4.204039989908279,0.022725667847155986,-0.003087966250259858,-0.028945617010140434,4.20996184692674,0.03693020794362976
6.967509984970093,0.2852154866283123,-0.6836437392217957,-4.1621705325450655,0.028739590520015557,-0.000954862609236841,-0.02760464020841328,4.2275737933212065,0.03986090800391574
6.977463006973267,0.36464521063933353,-0.3841460784809968,-4.49735022423432,0.016019689896724296,0.003952675708778606,-0.022040216108723826,4.528431668765139,0.027532258094192495
6.987506151199341,0.36629517124504424,-0.2641827261215699,-4.208787983934208,0.020126968101280777,-0.005426782755637971,-0.02557636205881457,4.232949439689475,0.03299538016435684
6.997481107711792,-0.05436739282065633,-0.673943638664687,-4.135035021855988,0.029425122093375763,-0.01016946433072072,-0.025580642696387608,4.189948743537833,0.04029423154428088
7.007544040679932,0.08603005660781013,-0.8117474869926434,-4.293901313734252,0.032913567826055964,-0.008005149244000889,-0.031229396323771284,4.370803546874138,0.04607234046807579
7.017482042312622,-0.07708518349021391,-0.8158222270033607,-4.320901698568031,0.03405947837198723,-0.006353637887054089,-0.027709182353809772,4.397919908351509,0.04436457559910111
7.027514934539795,0.3004759275066298,-0.7144133590707762,-4.179715253122147,0.028461949593354307,0.007802155756468827,-0.023936252528426082,4.250963635202222,0.0379986893748643
7.037498950958252,-0.30806383636946844,-0.10741967753120121,-3.8204817506018958,0.010623725290901768,-0.008211827565654493,-0.030146403883096508,3.8343869289733536,0.03300156538874126
7.0475170612335205,0.3532850492060263,-0.7082438673332727,-4.0230018680961965,0.03227079808137842,0.007895528513384908,-0.02730251128832802,4.100117526646423,0.04300198718622257
7.057482957839966,0.20390917389530983,-0.2854087928487481,-4.4497205813475365,0.024256104195994378,-0.010429340345596517,-0.023018680377343715,4.46352443505151,0.035028408144326686
7.06748104095459,-0.17219797179370833,-0.34216920614758634,-4.398680129342961,0.00973107611897943,0.002735195560317079,-0.026770925668146404,4.415327710080209,0.028615687975583778
7.077505111694336,0.045416824694790275,-0.09775038847062366,-4.180557864951563,0.00890001586130861,-0.010987914563230797,-0.025141652318806107,4.181947140820874,0.02884522889665001
7.087505102157593,0.23601354345097741,-0.5353161592269798,-4.256344637259295,0.01586633949549689,-0.0028787371957836295,-0.01911506942152065,4.296363049620896,0.025008273347400585
7.097480058670044,0.08412820164624561,-0.29955664542876104,-4.187537355822553,0.01707849264744313,-0.006614378338508378,-0.029592564034794204,4.19908095236828,0.03480150511209384
7.107530117034912,-0.06002974473118408,-0.3098880623527464,-4.367760736014491,0.025507815856489383,-0.012700126578174872,-0.022194766377123438,4.379151519245603,0.036118548412212306
7.117527008056641,0.11482171098629954,-0.6851483627644993,-4.362377489701542,0.03805980957802509,0.002466824894088217,-0.0213483844198935,4.417346450864752,0.043707983796020325
7.127530097961426,0.2702580469155491,-0.7132175813181967,-4.217206711183046,0.028569735965924603,-0.0033028766800927683,-0.032887557781470934,4.285621445609879,0.043689017662979515
7.137516021728516,0.25860218447811645,-0.30310740381090995,-4.24899845388175,0.01602310315390267,-0.006200019810306643,-0.03108786118917081,4.267638345637004,0.03551950441160396
7.147515058517456,-0.17612228919089853,-0.24461536238702952,-4.211727107043026,0.01322497357744767,-0.006636175722323951,-0.030884050395112748,4.222499373649047,0.03424563217622964
7.157531023025513,0.008291674107390304,-0.3354580158047965,-4.5348933240022795,0.019033249838364286,-0.003369878083225,-0.017542181702945758,4.547291313772149,0.026102659186461426
7.167508125305176,-0.21462505302477128,-0.3458386768370335,-4.173575934256,0.020552497531901578,-0.0052243028000898304,-0.02327310796664445,4.193376251039623,0.03148548949870299
7.177539110183716,0.0976700584096088,-0.4294160808544777,-4.252882426945073,0.01966431767439889,-0.003907060201522475,-0.023879008919001493,4.275622357999402,0.031179441559651935
7.1875200271606445,0.2908264128586407,-0.1326999123152042,-4.2133934975942,0.005131870651868048,0.009299719743630185,-0.02299691241810168,4.22550281442502,0.02533138102163814
7.1975181102752686,0.8441559985317626,-0.3876852227679901,-4.172816734635869,0.027518412661970096,0.02094826441737883,-0.027973617054647584,4.274961834059688,0.04448163743225924
7.207527160644531,0.31429037351643124,-0.7073251488697333,-3.9618210175304673,0.03078402255326123,0.0058871742711876585,-0.020064280672460973,4.036720584837999,0.03721411324164961
7.217494964599609,-0.23996883776928257,-0.7360283080332903,-4.317958828299053,0.023599451133895145,-0.010377220470503587,-0.02330633129242224,4.386808766770262,0.034753501648419304
7.227518081665039,0.23142123358759914,-0.3252807043401785,-4.127679033114163,0.02089378201439587,-0.0038426928236787697,-0.02383155833447466,4.146938331393598,0.03192584513606043
7.2375099658966064,0.07678875407160297,-0.6135325612184729,-4.085574856893191,0.025518834098981317,-0.0013052949485165637,-0.02290859521083223,4.1320988163044925,0.034317902371906704
7.247530937194824,0.33953563408373244,-0.008104854038985818,-4.301311804305839,0.009457692585845555,0.003893472736415669,-0.01632831028198635,4.314699685184635,0.01926709100155992
7.257524013519287,0.261552915397803,-0.5412069679859253,-4.423537628869735,0.030263933856836674,-0.003393593552121626,-0.034084347483138475,4.464190863278146,0.04570738357245265
7.267526149749756,0.34989894855901227,-0.5086781614639125,-4.305122546487934,0.022148942191346624,-0.0006668254948440455,-0.022937920726319356,4.349168068312808,0.03189307924429843
7.277493000030518,0.5539982215563699,-0.4437292780354209,-4.134879260456267,0.018759996828804613,0.0016415416950411035,-0.0199482814497939,4.195358888131601,0.027432937738301178
7.287517070770264,0.23729728138415263,-0.5318616834752458,-4.3395549500273125,0.02942373100387804,-0.0021424331518412405,-0.01931282388313823,4.3784613752330825,0.03526090090085329
7.297513961791992,0.07550465070677814,-0.4821350706003947,-4.103824041988575,0.01983558136081806,0.003874895728312095,-0.0219096161981037,4.13273843186145,0.02980765651263333
7.307552099227905,0.5407184476538125,-0.4725529204376767,-4.387374146627276,0.009317841334905793,0.009518087793077286,-0.020399591761513815,4.44575467212719,0.02436307670257655
7.317499160766602,0.09704164674794301,-0.03370476351545874,-4.286590387730957,0.01043508244365529,-0.005353177606024986,-0.02218226429332898,4.28782115350846,0.025091837423086977
7.32751202583313,0.3454781254514142,-0.5608620894695371,-4.5520768510694305,0.025830619238100393,-0.005807404425388549,-0.018264562579608873,4.599491828084027,0.03216428271558676
7.337507963180542,0.3337498872921859,-0.3189804998318028,-4.378407332186038,0.011906833123636046,0.009262884572706135,-0.02338653147151603,4.402679674139484,0.027829904058577052
7.347511053085327,0.32533142124078024,-0.3711929703355127,-4.453081540756789,0.019792560280654427,-0.0005576396163314497,-0.025180414794309297,4.480352660617455,0.03203294700177478
7.35753607749939,-0.02281263718997959,-0.22690833387366796,-4.15669679475074,0.01212130110144264,-0.0023473826756205563,-0.03133295590673761,4.162948000142202,0.03367774148708909
7.36751914024353,-0.006191400768414915,0.03481107432142695,-4.248647296291411,0.00814695418249127,-0.009597602240123458,-0.021615506741836033,4.248794416375451,0.025014335148422273
7.377514123916626,0.5159791194936412,-0.4454606716022351,-4.167337100744784,0.017529013902910878,0.01761979401389685,-0.0245543520669534,4.222720470613901,0.03493765411312695
7.387514114379883,0.11827137601623944,-0.40945177619407425,-4.087469533588145,0.013055010804571554,0.0019148712995848477,-0.02229384469175667,4.109628458075564,0.025905897983695157
7.39750599861145,0.43937712090560677,-0.04281213177727228,-4.092540672753867,0.009627694028351941,0.008379697771608735,-0.021223838479065577,4.116281609796309,0.024766169401676405
7.407534122467041,0.5885875513366825,-0.23742099326629562,-4.516742920666911,0.007419171101727677,0.01209163878926828,-0.026380649327234728,4.5611150659709,0.029953138189067575
7.4174840450286865,-0.006531342754593992,-0.4528428057931657,-4.3160483263314395,0.0205308976069236,-0.004179798615498135,-0.01852827712983618,4.339744510962048,0.02796936764412295
7.427504062652588,0.24921359041074143,-0.5766276929458065,-4.069798274960427,0.028357910940761313,0.009145826271617707,-0.026055226822880924,4.117992825247306,0.039581461518071015
7.437535047531128,0.30390200353212027,-0.4033832030362517,-4.475299543436926,0.019776859702260927,0.003406590193002896,-0.01837495373624547,4.503707410537388,0.027209703438941357
7.447517156600952,0.26371647955801764,-0.7003294904907013,-3.987620508624846,0.02400507309698432,0.001094925826075533,-0.023862479045083557,4.057231210770088,0.03386532597116436
7.457510948181152,0.19703745456738586,-0.42015014666794814,-4.052164751486825,0.02979638566557281,0.0016936602393601919,-0.029201139362066857,4.078650399021688,0.041754037215349524
7.467503070831299,0.027795962475369675,-0.252744630156896,-4.13443761955289,0.016059154070486355,-0.0034121495936161234,-0.019602833516057464,4.142249013950905,0.025569714041558993
7.477514028549194,0.05469532486072796,-0.624426817282175,-4.009776885119136,0.032749082356242146,-0.006058833887874061,-0.022333510082428558,4.058473986258688,0.04009984458646591
7.487493991851807,0.44454950223296097,-0.47631823235277815,-3.7943145282455775,0.028506615007166877,0.012460090760420225,-0.02847406525987941,3.8498475369373666,0.042174083906453885
7.497507095336914,0.5039738322448946,-0.5367517507009025,-4.0244445674541165,0.01928745128963011,0.0040166046235998575,-0.02864858426708642,4.091240171632441,0.034768955556078035
7.507493019104004,-0.12577860253688045,-0.41215480132988214,-4.1523290869970815,0.025208068963576417,-0.008387849707196339,-0.01949110640991787,4.174629167224009,0.03295005299943658
7.517545938491821,-0.3207677131881021,-0.1298499652870796,-4.149331610690149,0.009594841967467084,-0.013773843815013757,-0.008966795004823192,4.163736993949244,0.01903111080519428
7.527523994445801,0.21350530585274546,-0.9063419972114403,-4.026939441209564,0.03350533224835542,0.004188205222446574,-0.02412393470954181,4.133192663632521,0.041498344279359514
7.5375189781188965,0.32047386552926993,-0.43772521472460596,-4.44070872367584,0.019910539151971537,0.009206285868054246,-0.02890820834514591,4.473723374396732,0.03628870042496549
7.547528028488159,-0.1901815052597371,-0.1671859912124865,-4.02374282313187,0.012581645983681191,-0.011954086667167409,-0.02809766108897538,4.031702675955382,0.03302539269071227
7.5574951171875,0.17818910202414545,-0.43708291928496573,-4.265993048455588,0.017056979359514716,-0.0005947009120437085,-0.021123615767695947,4.292026272506058,0.027156976215089734
7.567528963088989,0.5497338164189662,-0.3470657128886093,-4.141834526067944,0.012418379620290645,0.00388085964752897,-0.016053756353478995,4.192547569116647,0.020663985991437758
7.577502012252808,-0.16768172931698067,-0.6965522266841401,-4.0463224848022525,0.025584532065699783,-0.0016757222480702166,-0.025136556896131024,4.109261225313091,0.035905749103255453
7.587512969970703,0.16998110179699336,-0.3780191438652544,-3.9053318401688073,0.0185502323490289,0.003581953652192894,-0.020313776079457103,3.9272648026244705,0.02774150339790077
7.597506046295166,0.5258904456239506,-0.40502113619824054,-4.135443624058033,0.019314790469737934,0.005573454585837235,-0.0203272492785955,4.188376397761799,0.02858883680992339
7.6075279712677,0.6615869323719532,-0.38809921466629804,-4.224412985716879,0.015149018802468881,0.0062993168329364335,-0.02289613626531062,4.293481494475471,0.028167485140121122
7.617494106292725,0.20513106572139972,-0.4369879137314505,-4.355086601990072,0.01838233571525452,0.007852046266608773,-0.01813959637418244,4.381759521208894,0.02699277409862757
7.627503156661987,0.6083968358749678,-0.47922878009118625,-4.452705953543908,0.014530553158845702,0.0059714379474054315,-0.023288486041651492,4.519557195378295,0.028091789340907974
7.637494087219238,0.018739792699831535,-0.4369285433456293,-4.189831365641411,0.02430485655119396,-0.008740301805931225,-0.023513953012504227,4.212593572175358,0.03492885503286842
7.647506952285767,0.6290443914711707,-0.5320960173777375,-4.272613729274623,0.02338523740234251,-0.0011952363137523825,-0.013117462709527152,4.351327509822328,0.026839630141741275
7.6575000286102295,0.4057943901843013,-0.04728887966225116,-4.092638431309753,0.018929399548126814,0.0027319438452230336,-0.023068727488551932,4.112978805522625,0.029965845096828942
7.667505979537964,0.3228573660793185,-0.2198343901778454,-4.464923178229346,0.01595442968745606,-0.0008731177457819018,-0.022300496710950767,4.48197534859644,0.027433889895621885
7.677510023117065,0.08827416069519443,-0.5268264441891799,-4.335191257448445,0.02668377805768364,-0.005037450776919268,-0.01317727144914409,4.3679768392702,0.030183445870311618
7.6875,0.5757653704155175,-0.41054313326449343,-4.427755338709952,0.013664938996748357,0.0019190605465314065,-0.027039953793070694,4.4838676123983445,0.030357411818162393
7.6975109577178955,-0.03153008345325626,-0.3060732257946459,-4.0149146314141495,0.016671105069629065,-0.012125709365114382,-0.013984312489496966,4.026687778218511,0.02491023018066544
7.707514047622681,0.5474971989377472,-0.6222180958935194,-3.9747427613007087,0.028868427189474202,0.0033586216312854627,-0.02259304131910309,4.060232574645745,0.03681184515482498
7.717525005340576,0.668957890734282,-0.33385988092750535,-4.306924712742702,0.017117672253187083,0.008064862798706933,-0.018429326394867166,4.37133475735986,0.02641395060754914
7.727517127990723,0.017676239489583953,-0.7734176873134861,-4.344241614301013,0.028693728618029282,-0.006639716163194104,-0.027353104779292273,4.41258683449023,0.04019462941488372
7.737514972686768,0.39422604668390143,-0.43739225051042396,-4.285500200848968,0.02188683267789689,0.006794774926197454,-0.02093877017601215,4.325764455927662,0.03104246297334979
7.747517108917236,-0.2570739555843258,-0.22629660650170538,-4.3488631372701745,0.0070869140905189055,-0.01995269702131281,-0.030620616907575223,4.36232824985252,0.03722843872030067
7.757490158081055,0.5376560760858704,-0.4286384319166789,-4.270141533076225,0.021428427981569395,0.014022527416496363,-0.02531380530494603,4.325148977083982,0.036008298209224104
7.767496109008789,0.8001367584815028,-0.6023050030099264,-4.069256797845125,0.03043660428731569,0.010225307484940133,-0.024362005612083817,4.190685031797646,0.040304480038172184
7.777505159378052,0.43794118899880924,-0.23580726440314215,-3.8182774126736243,0.01046908104341245,0.003701066087268957,-0.027760821833916625,3.850537618450256,0.029899210306801285
7.78751802444458,0.49035860901353273,-0.5006037545521532,-4.142228783255463,0.021498573555869017,0.011286499791924318,-0.007174079685005471,4.201084976209769,0.02531879068630701
7.797492027282715,0.4029227172875301,-0.821136089274004,-3.9127866406285334,0.030041628214279012,0.009124624199390046,-0.02493033640143992,4.018272077435237,0.04009089504655664
7.8075151443481445,0.3753482527337056,-0.5158555377375084,-4.064628380144052,0.02144784824841191,-0.0073973369525828095,-0.015148675848639095,4.114389033054259,0.02728027068128347
7.817499160766602,-0.10250369458427523,-0.6256543856540059,-4.472835703484388,0.022632108719033636,-0.0026461563048328245,-0.019493364373176766,4.517544648153042,0.029986759458887888
7.827513933181763,0.5736246951269791,-0.10685157252561897,-4.4755610038648,0.007997744566677378,0.004126955421706257,-0.016959671798191533,4.513436478862421,0.019199639233822636
7.837526082992554,0.5711151967435628,-0.42295467824774907,-4.287040621233505,0.020462154456346,0.008091473871691278,-0.018907258454659102,4.345547205578286,0.02901131049578597
7.847538948059082,0.07486401381375071,-0.302552226612103,-4.272616243248326,0.021732930641598227,0.002413158426295996,-0.02730850217465767,4.283969191353001,0.03498425215559431
7.857485055923462,0.36810824371302686,-0.24149660285198304,-4.353259799736315,0.01647234607895902,0.0049417188925249085,-0.03079622770822382,4.375465137820069,0.03527274318811207
7.86751914024353,0.6806076716478681,-0.5335690401843598,-4.409437561224358,0.02027715063052987,0.012780229230629972,-0.010458157159522113,4.493446598067613,0.026150911036786274
7.877529144287109,-0.12898415999400464,-0.5787408277462164,-4.384666323668794,0.014017911574039948,-0.005442657942634017,-0.020011940655276346,4.424576434998604,0.025032022274846723
7.887521028518677,0.19117528778928192,-0.23836453972646135,-4.54535905775839,0.005846688711139592,0.00359449418853046,-0.018217632789145982,4.555617917298,0.01946757051602776
7.89751410484314,0.1935484948883871,-0.2215639937043811,-4.04516361320836,0.015848546338833154,-0.011454019103871766,-0.025213881545862796,4.0558476648913615,0.03190784852187314
7.907539129257202,0.5142547975356584,-0.4135435140113489,-4.317910280645948,0.016295713996593346,0.005237846979767646,-0.020129000032538476,4.368045950591324,0.026422754927375825
7.917518138885498,0.5478851963969361,-0.5470584053585216,-4.036419220073285,0.024775320996105073,0.013002085005591217,-0.027944131321390942,4.110003796528824,0.03954421854405277
7.927508115768433,0.43232429622594726,-0.6967770764152241,-4.503690426702091,0.019058045215654473,0.006457352708526881,-0.020248685623721303,4.577731976742748,0.028546729426197803
7.9375081062316895,0.25388750809157007,-0.33472592096103193,-4.56297171684885,0.0247909528289682,0.0070601080948050855,-0.015651066605160295,4.582271401574846,0.030156132947671235
7.947514057159424,0.26499022301071845,-0.2272997190374794,-4.323951675838725,0.01828747096131552,-0.000832610720005344,-0.014577189006547397,4.338022945484994,0.02340126650642295
7.957612991333008,0.39496797976945586,-0.32532414999961473,-4.304749636483013,0.025419187933348394,0.004633446960092601,-0.012774872288089002,4.335055356096018,0.02882362412847941
7.96751594543457,0.1843533104892084,-0.2743126443050266,-4.112223712324088,0.018693541546840508,-0.004577897172627954,-0.027105723055925877,4.125483902539731,0.033243433343611774
7.9775071144104,0.14822089660483795,-0.3042981091381111,-4.345232366182713,0.022881265871554212,0.003381056193526464,-0.022320996303933388,4.358395471906742,0.032143595705346084
7.9875030517578125,0.10034393048924853,-0.5282252477380269,-4.206372203592865,0.02993691964674202,-0.0025641920496229298,-0.021344783472280155,4.240596412285969,0.036856397277560404
7.997512102127075,0.21406773866998743,-0.4343714880695588,-4.363282362286182,0.016142630386753714,-0.006799179745442979,-0.02509935386096897,4.390072500474762,0.030607040452358743
8.007524013519287,0.46846840266935896,-0.2410369426894156,-4.204780762434248,0.019440988052179847,0.0063768004839054645,-0.021911049147341738,4.237657691718123,0.029978486879656912
8.017497062683105,0.028211400618406213,0.07551274089342636,-4.285245075585081,0.00915465536252081,-0.009203579977270117,-0.029166914772031198,4.286003198200892,0.0319252645489974
8.02751111984253,-0.08272028109455186,-0.5678951750931847,-4.227118387152964,0.019894920907451208,-0.001133950274759072,-0.01894526335585365,4.265897025691683,0.027495758304909804
8.037506103515625,0.7352692825061495,-0.03860128323951152,-4.460455192436193,0.0022326584338536425,0.012654336192182505,-0.02254225673699274,4.5208153579410695,0.025947453188001565
8.04751706123352,0.7004429770162944,-0.3135365317162046,-4.363036961610766,0.014014161106425395,0.014626256059688425,-0.03392225926436806,4.43001321094574,0.03951004620902668
8.057491064071655,0.2205982615712339,-0.4202422436405166,-4.659363190831358,0.009624845364740882,0.0037554950746257905,-0.02144259223458407,4.683474402665444,0.023801809874237665
8.067500114440918,0.18566458510036832,-0.34546959384511405,-4.302311346563013,0.017321289630110415,-0.0034067518554790964,-0.019333801946008367,4.320150865559772,0.02618069766722151
8.077502965927124,0.24665682555614868,-0.3448983036672207,-4.37051471677237,0.018580495538736086,0.0038869007658171697,-0.0167124314544419,4.391035563393883,0.02529126681579475
8.087501049041748,0.45567483197721603,-0.20097133617147223,-4.378076697870319,0.014389575381173855,0.006385626299281994,-0.019587159007233547,4.406311904858199,0.025129522495646765
8.097512006759644,0.1225257584468903,-0.2998380458137288,-4.340920929538579,0.01779016760713736,-0.002476724587492076,-0.02721614627238127,4.352988620672751,0.03260893813192911
8.107506036758423,0.2714059068921705,-0.3431440648079789,-4.197970122563134,0.01774339649821386,0.004199413947882306,-0.025375238681119613,4.22070635858995,0.03124685480048009
8.117506980895996,0.8132275376568782,-0.02130847207380162,-4.260442777868792,0.007708393797590021,0.006332542378084855,-0.027624520372104996,4.337414638062626,0.029370641016120313
8.127501010894775,-0.17796528993654084,-0.22156304140927596,-4.406694121542243,0.023807321541944915,-0.009803512777166023,-0.02986206734205008,4.415848152572242,0.03942892957860695
8.137501955032349,0.569098858132933,-0.42139640364290126,-4.0638508893340894,0.020567862254705263,0.015023617887646503,-0.023077133529277427,4.125085755481072,0.0343700471936051
8.147510051727295,-0.08245871186760188,-0.6053166660062769,-4.536207560892136,0.02004866710264125,-0.008632500212977498,-0.020943034679159277,4.577159243548645,0.030250286181986014
8.157504081726074,0.2502539889754748,-0.41618770641761077,-4.01742091407621,0.01760365773942792,0.0020651993844090747,-0.0187436576351288,4.0466665376366535,0.025796870272325793
8.167488098144531,0.6416305461338151,-0.374832524493046,-3.9707728092814727,0.0176673356991837,0.014247010250855298,-0.029211479413035413,4.039706162838937,0.036992196221552164
8.177489042282104,0.5308822021818772,-0.44610322414692677,-4.104488563379218,0.020778117935653033,0.0039937159396056555,-0.02697599555195415,4.16265184300808,0.034283877959956875
8.18749213218689,-0.1262791764121575,-0.38464267862012325,-4.42575754655761,0.01471838512949623,-0.010962461226546295,-0.016944338287736633,4.444235173966724,0.02497833094850343
8.197502136230469,0.17517594099455364,-0.12138635095389766,-4.38537752011583,0.015334000563937352,-0.0035662858854093133,-0.0333142490659475,4.390553182736601,0.03684683377359966
8.207519054412842,0.2637663196052248,-0.42556240907703397,-4.172479333270908,0.01815311464832548,-0.005806058644952456,-0.023034914725838768,4.202411191441215,0.029897377558082583
8.217501163482666,0.5754675085554547,-0.22869953903605503,-4.551434928350981,0.0063490188782333494,0.0037019387383259716,-0.019010201400006383,4.593367636012998,0.02038141674190699
8.22749400138855,0.19475785541255466,0.13041326971354894,-4.38265006568797,-0.002911681478217847,-0.003113005307041388,-0.024910139620794764,4.388913287071988,0.025272193157693176
8.23750615119934,0.46054957868912716,-0.5584445779389244,-3.974039564914591,0.026034684100589,0.009647667185615204,-0.023555270349108762,4.039425296322073,0.03641061685225149
8.24751615524292,-0.08484261235791665,-0.6264117286039312,-4.278177012847906,0.023190171571076605,-0.003733887861522553,-0.02171950928205849,4.324625819173783,0.03199160920478712
8.257498979568481,0.0589437559751126,-0.3213879909824556,-4.306567917841034,0.015263016704661792,-0.0006871665972853277,-0.01539480492041694,4.318945685939318,0.021689442025946706
8.267506122589111,0.22085937542214285,-0.24022405110025793,-4.312733959004334,0.019969644601910398,-0.004102454627677939,-0.015161529190069424,4.325061925520614,0.025406471751899997
8.277490139007568,0.6522850149267087,-0.6933446401496882,-4.260234401444651,0.020959636670240374,0.017584061241176435,-0.025857637770801023,4.365294913974851,0.03764469431630285
8.287492036819458,0.25685922030964203,-0.7343395931525285,-4.411013524448895,0.027661936672075192,-0.003593479369456196,-0.0190484634915775,4.479092721746286,0.03377780034014303
8.297505140304565,-0.05069003349721096,-0.5752094586970179,-4.221234647106227,0.02398813468199006,0.0005032748758119932,-0.016524931147653885,4.26054660188109,0.029133438529576616
8.307506084442139,0.1735175633756666,-0.5655938053411896,-4.2792748386098305,0.02418040530042385,0.0007328860770495845,-0.025428904956187676,4.319976601996745,0.03509783938885021
8.317497968673706,0.41241279267865766,-0.1886495828101886,-4.049260307518756,0.005876261855500873,0.00789828256924887,-0.027786962132548353,4.07457752591681,0.029479290790210527
8.327499151229858,0.4476601507001535,-0.4768864018390262,-4.309746433183912,0.017897879918793127,0.0059396081567721125,-0.021004988363226226,4.359097907724179,0.02822804610281769
8.33750605583191,-0.11058126121227593,-0.21157431903511012,-4.029593802023244,0.010240133567708278,-0.0069282932086111105,-0.023099789272140948,4.036659276816735,0.02620041691817729
8.347500085830688,0.3884440901344105,-0.44007992459754475,-4.347052074515692,0.01678875648963404,0.004096684718576169,-0.02170591191078664,4.3865044043914185,0.02774512176997019
8.357501029968262,0.4898746070115543,0.08843415110646888,-4.543537168111786,0.007251842987334635,0.003583925695915043,-0.013701106882187728,4.57072507680017,0.015910816443662674
8.367499113082886,0.13602807097397965,-0.5511063758096996,-4.1171570914499895,0.021277464018154092,-0.0017263834426575776,-0.02322624675964847,4.156104472848095,0.031546305859403025
8.377488136291504,0.058127562318063444,-0.28846157900980685,-4.1483021894599865,0.023375383805058308,-0.0005229044407743652,-0.035508548943096234,4.158725760511793,0.04251516253211581
8.387526988983154,-0.10097676516914755,-0.5041053142098206,-4.15643649531008,0.02857965817129745,-0.01158998486375693,-0.022246155982638908,4.188112082366486,0.038026517935964434
8.397518157958984,0.9026799304166165,-0.35846836239823826,-4.35736614805414,0.018206050678948142,0.013725414769739014,-0.022625168494441343,4.4642995387659195,0.03212079608801219
8.407531976699829,0.6984537508083123,-0.0995692074348228,-4.253370413651817,0.010965529748586998,0.004039294474454298,-0.021393281400167975,4.311486001927413,0.024376858525767355
8.417521953582764,0.1939557967211002,-0.7663651959191266,-4.3239445119776985,0.02115519656940704,-0.005999740375774721,-0.024005733160179402,4.395614929365394,0.032554791521751295
8.427518129348755,-0.06048332349476575,-0.5290407100824231,-4.240107195109114,0.024582914342708016,-0.006778352931788496,-0.026803363273631517,4.273412141528309,0.03699575690301611
8.4375,0.4206535529842357,-0.5557338741344715,-4.245981790652961,0.02523390717964867,0.0064743016168790695,-0.018722077697653414,4.302807329762198,0.03208087976185221
8.447508096694946,0.43553778924839787,-0.2769313357018245,-4.362078802257093,0.012231233215613493,0.006151177215602429,-0.016393444699144118,4.392506756700285,0.021358489558402055
8.45750093460083,-0.01747407129287904,-0.41529337781508685,-4.034110141673074,0.017119436137146168,-0.0046003312855783934,-0.025380598002655484,4.0554677372621475,0.03095824440376581
8.467519998550415,-0.02532532806171363,-0.6922112107263696,-4.335447509302479,0.03001810059975973,-0.01152376911973628,-0.02528423314021988,4.390433103739739,0.040904474863164744
8.477506160736084,0.07850421033938577,-0.4490872536980232,-4.150733572103161,0.0240919033670353,-0.010388102545074288,-0.02854860868076867,4.175695326416824,0.0387731290965948
8.48750114440918,0.16812289216683118,-0.8382741150525795,-4.530654548175765,0.03260325343909352,0.004455919798474528,-0.020607955314744655,4.610618118402724,0.03882673277934564
8.497514963150024,-0.368851596719732,-0.6691532296950564,-4.056794689972522,0.029311486652242525,-0.006295336081545181,-0.029263800770571027,4.128123145183931,0.0418946839310654
8.507513999938965,-0.01257601798216527,-0.7680771147742377,-4.210162852255218,0.03541065740708287,-0.011113554944106945,-0.014792778472082366,4.279669596239644,0.03995312323738384
8.517537117004395,-0.0990224042621494,-0.5553263037235566,-4.198142904630778,0.02950227324207769,-0.0028266202324636067,-0.02294897036139768,4.235870227928952,0.037483718452644144
8.527497053146362,0.26189857350967827,-0.5868241413443156,-4.332434102431734,0.02481934185838965,-0.009805534742723774,-0.02390075566294196,4.3798331803373936,0.035824493899202926
8.537523031234741,0.3082067495836516,-0.49488973895047284,-4.041616380334793,0.023098293444403683,0.006941578888092623,-0.0329448264936146,4.083450773548997,0.04082986982832257
8.547497987747192,0.4759363661610939,-0.387957273970749,-4.119001980933956,0.013970422269188987,0.005317269750028075,-0.02347643554601029,4.164517209713426,0.027831440529013058
8.557497024536133,0.1113470191068057,-0.5782661514906215,-4.129656843780328,0.02535721544923711,0.0033601678549153836,-0.022208917077091783,4.1714332726300976,0.033874992267000956
8.567512035369873,0.2924130096454317,-0.5363641160451245,-4.5357155906788345,0.016800651203006636,-0.0049531800533050155,-0.017998067113573,4.576669941422236,0.025114264737599326
8.577495098114014,0.007070493447476213,-0.22217373105185237,-4.063319114380966,0.023424647334639476,-0.005777241050229217,-0.030369260494792417,4.069394719603987,0.03878637131654939
8.587509155273438,0.44396622016818044,-0.2626986592778945,-4.320119041590644,0.0129085828223194,0.002768673686405809,-0.031276473362454205,4.35080970897957,0.03394870911323114
8.59751296043396,0.2852964883399729,-0.21977272927403324,-4.212820726067253,0.016995884010318867,0.00277347160200252,-0.01799446305807373,4.228185498387399,0.024906884967167354
8.607505083084106,0.3889673292480411,-0.13095455704111197,-4.35672096431889,0.008686350677928207,0.0025426088641420774,-0.02398264123311659,4.376009853755805,0.025633662017986072
8.617495059967041,0.07286203608383564,-0.4438048083223714,-4.483617814295405,0.01736325096523043,-0.010074434916935745,-0.026020960748850762,4.506118095307694,0.032864374652051144
8.627488136291504,0.31212617418942146,-0.3864955970713906,-4.014664160674869,0.01873345554895866,0.008099797559855565,-0.02307708118977514,4.045284899506702,0.030807478857493773
8.637494087219238,1.2116857896175963,-0.41124650344703234,-4.109278062874562,0.02207162723328033,0.018463624787245385,-0.026300903162759147,4.303890372370182,0.03898460819587518
8.647500991821289,0.46466723177766306,-0.26286667644965295,-4.430928780953003,0.01829048737048214,0.003931943930090142,-0.020564468882732886,4.462974836110246,0.027801069974877378
8.65750002861023,0.2893967739029623,-0.15960434983157323,-4.35417259799408,0.008087623485807608,-0.004129580139074485,-0.033665094397474865,4.366697041741403,0.03486834763168623
8.667500972747803,0.11985036699374181,-0.3979943048831272,-4.477352577451179,0.019838335257706754,0.003687661020476648,-0.02579847626281199,4.496604238755803,0.03275240093614493
8.677489042282104,0.15162585754782357,-0.11626657310265584,-4.3919035525422006,0.009772431782474793,-0.0002948785063676332,-0.024973334076012293,4.396057908118471,0.026818925987980163
8.687503099441528,0.39821754387685737,-0.09308833303381828,-4.23980234228002,0.007282458566281997,-0.0019180243738792378,-0.02720844908691846,4.259479610422085,0.028231413743981065
8.697508096694946,0.36228956215291175,-0.29432162931208034,-4.040935135459376,0.013390135311891609,-0.0023343833780062333,-0.026049462761588926,4.067804778663297,0.029382300447611084
8.707515001296997,0.2915652153133578,-0.5079804189572603,-4.368885099026445,0.020595356018331255,0.0007099086385187121,-0.024096534150564095,4.407971346245349,0.03170671250486494
8.717491149902344,0.1587146179282072,-0.2000098106702691,-4.799216126984793,0.007192399594384531,-0.006581183862077757,-0.030535648005924478,4.806003504765615,0.03205414781418303
8.727492094039917,0.14069582285833215,-0.16003645911252598,-4.617761699992075,0.011588217418589663,1.076791539574972e-05,-0.0188169863936861,4.622675643037131,0.022099001693032982
8.737473011016846,0.6424352540600512,-0.07032553247043391,-4.433155677716672,0.01158558102598806,0.015395690997795494,-0.01781781878905176,4.4800154016529925,0.026243621232764767
8.74750304222107,0.5638805244324709,0.01529368108610003,-4.664660167137947,0.005711079312848897,0.006950485114775389,-0.02585695827732805,4.698643380530046,0.02737714305043257
8.757496118545532,0.534211509886026,-0.6722867301896981,-4.82419724990461,0.02229432501002379,0.004325281181915604,-0.016019433751395428,4.900023519420194,0.027791495869610053
8.767497062683105,-0.13925864661585208,-0.24672641981408167,-4.588612928152267,0.015876519804005902,-0.017828380153296068,-0.03548597667899784,4.597350922139584,0.04276879190297303
8.777488946914673,0.22414885854828906,-0.18702496687619116,-4.576111186782704,0.015621149339888622,-0.004890719301817766,-0.024937674814619473,4.585413246679229,0.02982996927836135
8.787503004074097,0.5313649898131637,-0.5715077969375323,-4.3921162677064824,0.020276487757835304,-0.00043053640019856697,-0.020087018592796383,4.460902960546379,0.02854487052576852
8.797498941421509,0.20703482851354643,-0.7374618841252946,-4.539728707835405,0.023505859663405803,-0.0009458468028727843,-0.028399621578106563,4.603895110827372,0.03687761611696028
8.807515144348145,0.5240974909117614,-0.4046596048484831,-4.25236965881659,0.010314630078562344,0.00468389447137541,-0.026666341567381176,4.303611888983491,0.02897281887674731
8.81751799583435,0.5052837835793581,-0.47174173889859705,-4.677934444224997,0.01918803777367267,0.010790574878399418,-0.029917642260755342,4.728733724226177,0.037144079181651114
8.827502965927124,0.9029118286432426,0.13735965474280526,-4.18851805311369,0.006457529935405745,0.015456166843560793,-0.02821690861823929,4.286933744101282,0.032814428508397275
8.837514162063599,0.5747295151187786,-0.467037283848385,-4.429932351776343,0.01900697115059228,0.0014600839408465713,-0.025219011012454738,4.4914071827621935,0.03161321422886446
8.847517967224121,0.19095539628003147,-0.4972354163482549,-4.417084556812659,0.020235930093893132,-0.00952740671807208,-0.030231299388528244,4.449083389269341,0.03760579487599382
8.857505083084106,0.43465421181061864,-0.30990866529772243,-4.200502686344712,0.014712265505740839,0.004194066858917335,-0.033363032214314886,4.234287482287955,0.036703308729076366
8.86750316619873,0.32953012986868474,-0.5607110776541223,-4.253874881554093,0.02299148825738615,0.0009187374284483803,-0.028727751521937978,4.3033055349361575,0.03680674283685215
8.877520084381104,0.23788566412799061,-0.6205508494753266,-4.193423727319611,0.020622137692462437,0.0018305578371587423,-0.021839695201160112,4.245759708559737,0.03009311867323889
8.887501955032349,0.5655203330072738,-0.4474432372912554,-4.372501670258922,0.01749044556406232,0.004556454344490119,-0.03266473879971628,4.431567392476323,0.03733178435430779
8.897526025772095,0.3398745137304483,-0.21295616592164898,-4.2101674596974465,0.010424746792548435,0.0017513278018195175,-0.029772253782995733,4.229228659269064,0.03159318898239427
8.90752911567688,0.16298650981583288,-0.5923224189885057,-4.2792135420955715,0.016928099219061164,0.005293945541469374,-0.02736345723803746,4.323086743204729,0.03260897414185744
8.917511940002441,0.3057679079750927,-0.4429542190090049,-4.212417637197958,0.015995504371231633,-0.00035482811339226396,-0.029080189707356763,4.246665139125261,0.03319095504043235
8.927510023117065,-0.10701307745981367,-0.1294457501021115,-4.497165999700806,0.012560883188293794,-0.010587651935585895,-0.022524243110918628,4.500301104352005,0.02787858833762647
8.937510013580322,0.046058298681247084,-0.7460467860958733,-4.396812971817229,0.022650252331481997,0.0015275086169391397,-0.03356280012463217,4.459895904958057,0.0405194862437894
8.94749903678894,0.16138586040419783,-0.5710380913254774,-4.170033416494433,0.01649070279189728,-0.001261990717285715,-0.03182681687090105,4.212043279972711,0.03586756433429897
8.957489967346191,0.775813725721754,-0.6600204057729937,-4.499471898011973,0.02546660606259524,0.006387553837525207,-0.034405315942058215,4.613324314857398,0.04327903226098685
8.967496156692505,0.2372966985292197,-0.32604349867215815,-4.299950003796912,0.017139782638039336,-0.005370362378912784,-0.019586195028336036,4.3188174447772525,0.026575025430807996
8.977504968643188,0.26644203960251545,-0.3264017798706439,-4.228598726982974,0.011277984311088965,0.007260299513345848,-0.02787328770183284,4.249538407428776,0.030932588744781848
8.987513065338135,0.2432431971506379,-0.4444823971757661,-4.486458948955651,0.020973068014970397,-0.006146294449853528,-0.023155384222677426,4.51498015001433,0.031840514065019324
8.997522115707397,0.425613493712985,-0.16239048624772615,-4.607136994384225,0.003387626708356374,0.0011233533038628352,-0.02265165661102966,4.62960352525765,0.022931102995374486
9.007529020309448,0.6398156391969532,-0.2242831015760225,-4.344788722290411,0.014070934348869621,0.0037463853662962955,-0.029440722798408266,4.39736921387726,0.032844828446130056
9.017512083053589,0.637169659163472,-0.2440493217463486,-4.366691890676703,0.014120674876727014,0.0019378012969548197,-0.025626151613031264,4.419676833672914,0.02932316796212125
9.027519941329956,-0.011522425757966935,-0.15576351687664056,-4.2897274921885,0.013605445740874352,0.0016373272907575641,-0.01583483957316073,4.292569975751468,0.020941135087971536
9.037517070770264,0.49271878026541843,-0.3746809475131213,-4.1790031471788245,0.013968728683532423,0.008241577695243231,-0.023082517933518336,4.224597603676129,0.02821084220813104
9.04752516746521,0.24402300862836226,-0.5274069008477389,-4.345149018811185,0.02150055665551203,0.000185891064987081,-0.029666498156168092,4.383836819896203,0.0366389083466586
9.057508945465088,0.03296914100219567,-0.4584647497337397,-4.15229668998239,0.020448115362662906,-0.0012869221904064272,-0.02963576185798174,4.17766019353484,0.0360285993554001
9.067507982254028,0.4310100247857612,-0.08237127420406982,-4.6479694136878384,0.01241928570339824,-0.00019824329200893794,-0.020081832096808517,4.668637310699718,0.023612664782905534
9.077507972717285,0.35895043295622464,-0.0043520515446837625,-4.36847645875478,0.013379179773205975,0.0017844700085504746,-0.034696183227032565,4.383200990642206,0.03722918096250569
9.087504148483276,0.14084449528141652,-0.19241175099974986,-4.215816920736642,0.009825796033967958,-0.00480456290528044,-0.027863884107442734,4.222555122546448,0.0299336955614394
9.097504138946533,0.2654782970495432,-0.41672745691987656,-4.151637019214966,0.02360278029961829,0.0027465139272474168,-0.03252919621265931,4.18093655044792,0.040283783125052965
9.1075119972229,0.35391291972182326,-0.5004466060241388,-4.494981133842203,0.026122344121882787,-0.004129653990218368,-0.02736141319709041,4.536579829984748,0.03805361791791819
9.11750316619873,-0.03751133215477237,-0.5681601158093919,-4.232188696257744,0.021792948125864235,-0.0037232077390034818,-0.022463878312649795,4.270320149352784,0.03151857694646004
9.127503156661987,0.439947383891292,-0.48422684593608223,-4.535732228755502,0.01920464196357875,0.00034657582819639087,-0.022039215357412663,4.582673476246082,0.029234660957916957
9.137516021728516,0.47942139495757136,-0.4847247318132333,-4.661238749328422,0.021717869914987538,-0.003318626638262317,-0.024571020823592363,4.710833219061706,0.032960798241576536
9.147504091262817,1.0015274460932744,-0.2076424311514307,-4.583880372046543,0.01279010717783333,0.009729548150834069,-0.031539614373436116,4.696608549765047,0.035397714949766464
9.157501935958862,0.07545007888121483,-0.5880738347128575,-4.861663500815622,0.019550995857534278,0.0012253711613043718,-0.02635554849220571,4.897682670880166,0.03283836034014618
9.167502164840698,0.43311238689787107,-0.2586119171205311,-4.456311806023839,0.013932173437108068,0.003640337305361967,-0.031105739300463644,4.4847721654358965,0.03427717213842003
9.177500009536743,0.5080369476288007,-0.40207567923254595,-4.522846062291591,0.01951219893106611,0.0008947640961852123,-0.02257333595644521,4.569015528007412,0.02985099673571825
9.187503099441528,-0.04454160263498813,-0.6692145543670871,-4.387951072248813,0.02539726995556894,-0.003130955593105659,-0.024284565791222533,4.438912782043768,0.03527838346339384
9.197520017623901,0.33124838817070357,-0.45546328429976873,-4.284013521558186,0.015661313412414526,-0.0004392723337644376,-0.021535965504881936,4.320873077388896,0.026632076678557205
9.207529067993164,0.08344136071385239,-0.3753807452574712,-4.728877973461252,0.01977308311984063,-0.014203128923194494,-0.01822082807358697,4.7444873329449235,0.030408917490766185
9.21748399734497,0.11588940414138818,-0.03749599499525172,-4.261801073707466,0.0010406704731050899,-0.0014715828155286775,-0.03145046672605181,4.2635413326819105,0.03150206990505615
9.227513074874878,0.5265386829864034,-0.7162792768180085,-4.313673174130543,0.02687240421313042,0.0033395865324621246,-0.023660822446537968,4.404324606599003,0.035959886891483224
9.237514972686768,0.46090291274211936,-0.2668233519588096,-4.62003250552028,0.014083878407612023,0.012084600215518706,-0.02393400225515067,4.650626468357645,0.030285799598473082
9.247530937194824,0.031955390189280064,-0.3972792814231319,-4.119774396821347,0.019171494792867512,-0.006183353561390704,-0.02119606333583986,4.1390087044019275,0.029241292290099696
9.257513046264648,0.08211281727001976,-0.5536377210261552,-4.638323971752853,0.020608078385635206,0.0008040201557106079,-0.019611127631937522,4.671970302542624,0.02845936875890639
9.267506122589111,-0.2255664496323727,-0.5103240452110799,-4.534916134992341,0.01518928847645099,-0.00485744331633299,-0.0231413493530505,4.569110986366409,0.02810393726637187
9.277490139007568,0.27092102941223983,-0.7848264764690955,-4.2936404988898245,0.029404667084355195,-0.004333387569833044,-0.019322348083729134,4.373179568237685,0.035450893213584
9.287495136260986,-0.08242540072262447,-0.07912495725778403,-4.4365330509946235,0.006312712343924857,-0.004394629362836978,-0.027390623576169004,4.438004080452495,0.02845012063709459
9.297497987747192,0.6408414661734386,-0.336888225964375,-4.260164810211756,0.01956339268350748,0.004964755807475405,-0.028584948761978483,4.321247004248579,0.0349924910408206
9.307506084442139,0.2578157702791968,-0.12319610643491691,-4.472190076494697,0.00785912558420887,0.0005205943580475351,-0.022221234914971317,4.48130899764154,0.02357583836431565
9.31751012802124,0.6401831850640938,-0.48386497961514147,-4.520368902399713,0.019775207687459596,0.0065623459999884694,-0.023497351798837666,4.591045070865581,0.03140459784273738
9.327491998672485,0.43560401192288667,-0.3405388405097902,-4.33798040290709,0.01593594040425551,0.01011430448247271,-0.02031152116383661,4.373075752042837,0.027727445676101026
9.337491989135742,0.3401489137190631,-0.3338083905614651,-4.024758154186026,0.019951318222764174,8.844497207974097e-05,-0.028267942244829224,4.052876450719958,0.03459970346832598
9.347501993179321,0.0663041267449397,-0.5685460399040299,-4.419957931733932,0.023388798667793736,-0.009355684090502124,-0.026519009478912912,4.456867616949337,0.03657625721238489
9.357478141784668,-0.20537260394136464,-0.4022356586321562,-4.492239939959616,0.015312798079205523,-0.017960915652174947,-0.02828835742372232,4.514885503497655,0.03684165362482158
9.367506980895996,0.050457775571419866,-0.07206249806776588,-4.391196425264779,0.013413391184547662,-0.010548988979349338,-0.014672416177098727,4.392077530736628,0.02250511115347185
9.377469062805176,0.6434331193771203,-0.7209602819619801,-4.66543963022063,0.02784289371908632,0.005280800212972347,-0.03405677703047588,4.764463962557727,0.04430550353223869
9.387501001358032,0.5188010016203399,-0.48118439957195436,-4.263074393545538,0.025208417156533814,0.00663288375441829,-0.02371098284228476,4.321399795272054,0.035237340276822494
9.397483110427856,0.16898336392309504,-0.6223542209977326,-4.221781610261612,0.020891287097280237,-0.002850351931794184,-0.035385865013884354,4.270751704140571,0.04119138047573685
9.407521963119507,0.7839730421035832,-0.36225169699829,-4.283517979292884,0.019452069788100438,0.01580764309791495,-0.024541980754893337,4.369710093547246,0.03507952991027307
9.417474031448364,0.22109355547729687,-0.5894560336707695,-4.4372515977326525,0.024952205405152302,0.006583963267789505,-0.025795978162533283,4.481689694466301,0.036488266829960654
9.427494049072266,0.6146658928712425,-0.6440028115036249,-4.350398575193613,0.02920125868122642,0.014223337915580144,-0.027237630323012248,4.440554193355869,0.04238992044863681
9.437494993209839,0.054235986986275006,-0.255162946168592,-4.729064116505966,0.018568385178210224,-0.004995548967872019,-0.02913163136547233,4.736253486607971,0.034905477845612654
9.447504997253418,0.33213210533108717,-0.7185111248547466,-4.597066202063133,0.02989861878737589,0.004167367703252024,-0.030419519517626455,4.664717315988489,0.042856055892372916
9.45748496055603,0.0664042649164163,-0.266060761661826,-4.386576432924345,0.017878184452958214,0.000693663295944751,-0.021779224196205964,4.395139435465323,0.02818590524873631
9.467494010925293,0.37193276387639795,-0.6264250472972348,-4.616750929152837,0.025465379034776706,0.004150963003602783,-0.028516637929328344,4.673877561785253,0.03845665952776621
9.477488994598389,-0.17956817293426852,-0.25462193386786647,-4.420711396203967,0.011367089113580371,-0.007427734789710367,-0.025511179206779033,4.431677595049666,0.028899865458903887
9.487502098083496,0.6208410183020031,-0.3566017213646525,-4.397515881869596,0.014726207531356656,0.0037040709107748282,-0.027125805865045562,4.455418531292188,0.03108682475578318
9.49748706817627,0.24245040226314937,-0.44546244607888147,-4.223241650353644,0.020093149469164576,-0.00408723405145264,-0.026186510163647994,4.253585431809959,0.033259185984211674
9.507507085800171,0.16991523416471238,-0.8942138076621124,-4.3360134733597775,0.02797387018928506,-0.0035586032868559565,-0.024405425110257967,4.4305194234730925,0.037293777571233026
9.517487049102783,0.2015078652783617,-0.4269649991104785,-4.372077733114536,0.020334322404829352,0.0018539999841276308,-0.033682877312608356,4.397495677613611,0.039388554272287234
9.527491092681885,0.3535262089823288,-0.3943670204938742,-4.2813242849800845,0.014964492167505488,-0.0030127656533496887,-0.022914423465590767,4.313959174638868,0.027533317734587556
9.537482976913452,0.20228969526280022,0.06795614213748942,-4.467692577981582,0.005896174665437849,-0.0024179182516432516,-0.028003385410248147,4.472786170768221,0.028719345375406442
9.547502994537354,0.20559202011494368,-0.5314493031107111,-4.28625308782969,0.01842144418690248,0.0009769759690721484,-0.024449578698400892,4.323964844149563,0.0306281894095065
9.557491064071655,0.12479371454367033,-0.2719382013517636,-4.612867618989553,0.019381898590234987,-0.003462250561130158,-0.018333588964697205,4.622561143659042,0.026902893083024848
9.56750202178955,0.5472557088171927,-0.2760034614736034,-4.34009834310345,0.012220803440871736,0.010210279306830302,-0.012394217139391388,4.383163281168947,0.02017955546493264
9.577478170394897,0.7613891418343249,0.08053078152623712,-4.529209436611598,-0.001320611996831972,0.0045232426335669335,-0.01577175757801785,4.593466746670535,0.016460622013400875
9.587485074996948,0.11460913902894618,-0.4240945923499733,-4.498472246778746,0.021535797395688904,-0.0013947710663705002,-0.0175435391639226,4.519872125740735,0.027812078710370274
9.59748101234436,0.22052432098932037,-0.4354540372475538,-4.417559126184401,0.015030293219451641,-0.010817486419058614,-0.015742412153873432,4.444443702876445,0.024305375271977053
9.607524156570435,0.05308250748461857,-0.23606308184961058,-4.568084713065063,0.008250833918135076,-0.010003896736612464,-0.024539531407846697,4.57448811092038,0.027755050206730813
9.61751413345337,0.0746891056364662,-0.18721940482955354,-4.326200341085813,0.01929381699865476,-0.00684506669548399,-0.02279358377218629,4.330893552057879,0.030637457035838953
9.62749195098877,0.6303721291890555,-0.3379549394852747,-4.449294857434797,0.02150160526189047,0.006624918248227771,-0.021339281391951497,4.506418454912567,0.031009248635830322
9.637495040893555,0.2091243877256207,-0.2641859540217605,-4.348434480503332,0.015306937925824392,-0.007007904803246598,-0.022970476357096505,4.361468750211824,0.02847904251319446
9.647493124008179,-0.24329597892016486,-0.4630883406242387,-4.727751142321052,0.021747118178583675,-0.014102463762251523,-0.02472602637323692,4.756603263706029,0.035821683565250104
9.657469034194946,0.15591105409811787,-0.3419397180268287,-4.633327468782202,0.01906869497098557,-0.0043425427305322445,-0.01949789146346484,4.648543262197948,0.027615947870461444
9.66752314567566,0.7115301575495514,-0.46608941058942877,-4.641021171605735,0.021932155161564205,0.0036667402365198466,-0.0219666090144298,4.718325128587343,0.03125694043865889
9.677484035491943,0.002471267738889754,-0.41777001852075835,-4.498577233860058,0.02350251925790976,-0.0020742215778574197,-0.02181066113506193,4.517934818536349,0.03213060450366549
9.6875,0.5570486032507703,-0.1903478005620358,-4.73740602020336,0.01329504958525603,-0.0015766908828890721,-0.02251439420614109,4.7738403022955715,0.026194317018852036
9.697493076324463,0.6418464351739288,-0.29254096027418247,-4.30347986817008,0.019389620008321038,0.0056565941054515095,-0.02216977926947296,4.3609042680995405,0.029990890847023288
9.707545042037964,0.30553384958183977,-0.4744477499724019,-4.765545995639607,0.02342070147305984,-0.004846341219474184,-0.02584019007226946,4.798841551588348,0.03520982396543293
9.717527151107788,0.37097233611084146,-0.6367260347084761,-4.245616968836337,0.027600389451099102,0.009841214399129062,-0.027908384570870606,4.309095492502593,0.04046614545589407
9.727534055709839,0.2192647787593493,-0.6299878098622402,-4.655269537768546,0.020119280367418963,-0.004174190918631313,-0.025706108293068172,4.70281789494928,0.03290916765740122
9.737513065338135,0.23229599284206554,-0.1468743494783557,-4.41386175830156,0.014932768671419537,0.005106868480195496,-0.024022289428282762,4.422409877456194,0.028742617752117304
9.747523069381714,0.24496265170534035,-0.1148911367987798,-4.492785647941919,0.01485177948005553,-0.002286459598618473,-0.0248257590367736,4.500925410668157,0.029019330849836274
9.757501125335693,0.5458802066715659,-0.2945368145458731,-4.399174738878163,0.021163884892763395,0.007210052880258087,-0.030739094612342435,4.442687870911299,0.038010351535822405
9.767559051513672,-0.017669939713316634,-0.20761559950202352,-4.340687300322552,0.010658079971445826,0.0055543151231135564,-0.03051615096633145,4.345685527406181,0.03279756934537245
9.777505159378052,-0.01055390205799135,-0.47429717885883205,-4.627499779058568,0.020397507485785255,-0.008922710724353649,-0.025359562717535512,4.651754873583645,0.03374582195661825
9.787529945373535,0.25961976986454366,-0.4947777774853756,-4.513238150772053,0.020559887627136363,0.009583205157671885,-0.02944383597015829,4.5476945895236005,0.03716835047418827
9.79751205444336,0.5948872122249717,0.11724499427040987,-4.713943574006348,0.004641460583538986,0.005480082674730894,-0.02541334104759441,4.752778261487276,0.02640856614191272
9.807539939880371,0.3460290351433276,-0.4254257112706493,-4.4211733289784725,0.019594041344317373,0.00012048808455676928,-0.026886016765941646,4.455052943999987,0.03326858685186123
9.817528009414673,0.17702125787968961,-0.25189761133467903,-4.46577466745503,0.012091074415128807,-0.013113927946981505,-0.022804459734755672,4.476374907536288,0.028951900982576217
9.82752013206482,-0.046119037373233335,-0.7366886720067451,-4.727776754532078,0.027903082146568652,-0.008691175554337086,-0.02460962103722471,4.785050700438311,0.03820670063470906
9.837526082992554,0.48708189075673036,-0.5722179128747185,-4.763533960474952,0.02065066623574657,0.010384083771063103,-0.024344413534847256,4.8224410728090845,0.03356977334001995
9.847540140151978,0.7376071948273,-0.4390278760235822,-4.656199646803554,0.023608251488503557,0.013099396313243632,-0.03250360037680106,4.734659966743157,0.04225432237736908
9.857522010803223,0.31246872398229236,-0.18144713405133578,-4.816473518334113,0.017051283665274013,0.0020890125601889737,-0.022476696475162795,4.830007962595543,0.02828978848536806
9.867568969726562,-0.060461746553569784,-0.4640719105558404,-4.23301568914105,0.023598345708672835,-0.004267472027646386,-0.03212315898498501,4.2588073665613875,0.04008728702303768
9.877521991729736,0.11505311452205999,-0.4465519647046808,-4.4039261475040385,0.014658207962129409,-0.0022035176853145337,-0.023722983770127874,4.428003092705853,0.027973174825326467
9.887501955032349,-0.05204167371370333,-0.46932749671701846,-4.805045891990616,0.02319352591472589,-0.0018532399756710923,-0.026797384026452695,4.828192483643696,0.03548906780158742
9.897500991821289,0.44323287108803205,-0.5481483860738547,-4.678770093804692,0.024033334686142428,0.006514061586415298,-0.027309054876171492,4.731576018817565,0.036956983815207296
9.907514095306396,0.625278992220262,-0.49122664131747446,-4.863575848624904,0.023559771793675025,0.0010447743244438993,-0.025020206428877798,4.928148482602719,0.034382628318712354
9.917508125305176,0.29680300449725633,-0.25518884659248764,-4.74019332857287,0.015291969328893597,-0.0076428012849931596,-0.01743682184819212,4.756326961337976,0.024419244329079996
9.927503108978271,0.2874282405064914,-0.3070172680642233,-4.529266718184927,0.014418573615805392,-0.007189724834541587,-0.022725701022937937,4.548750553810127,0.02785758236629277
9.93749213218689,0.17859536775390902,-0.3264502346126375,-4.507030561707014,0.01755158010780151,-0.007979977712243723,-0.027076619681364825,4.522365591725512,0.033239755443410735
9.94749903678894,0.38318220039294415,-0.47440872762216457,-4.450195771101608,0.01813943212255274,0.002585585509537547,-0.028131028772015905,4.491785239820877,0.03357199770534687
9.957497119903564,0.22459798535874947,-0.6815648888229586,-4.569845913959852,0.029525536451248308,0.0021295757363051894,-0.023427453815447998,4.625847666108236,0.03775099982550927
9.967507123947144,0.21714222667756197,-0.418272889342666,-4.629630118794038,0.015677386412144965,-0.0019415715831451214,-0.027096454423758146,4.653555414240864,0.03136507591680573
9.977479934692383,0.6443277633813813,-0.20321397584718348,-4.737485946424775,0.017027952914371574,0.014710555396044546,-0.02321148219646431,4.785418192720039,0.03232838576655089
9.987492084503174,0.6422686255619032,-0.32978354853543107,-4.604845132044686,0.011574162127491261,0.01392490371936318,-0.02369981943079836,4.66110125038938,0.029825251274707396
9.99749493598938,0.5851073599955896,-0.44347031489198435,-4.6664808981327415,0.02228106587311443,0.008193406572356897,-0.02628548188777075,4.7238819328545,0.03541898312733342
10.00752305984497,0.2513250193381761,-0.23746033775109998,-4.590953608807944,0.013744093198220739,-0.004217021482498804,-0.025714465563926325,4.603955550999259,0.029460432910322056
