sample_index,t_s,ur_fx_n,ur_fy_n,ur_fz_n,ur_tx_nm,ur_ty_nm,ur_tz_nm,onrobot_fx_n,onrobot_fy_n,onrobot_fz_n,onrobot_tx_nm,onrobot_ty_nm,onrobot_tz_nm
0,0.0017116880044341087,0.21184914016982148,-0.45709880778661993,-3.2318056328051044,-0.0003096615623882336,0.02990594486398685,-0.0018098653617136954,0.041581999999999945,0.09867200000133282,-0.08333999999842201,0.0013669999999999995,0.004652000000011466,-0.0007169999999256035
1,0.0036684150036307983,-0.46957412377148366,-0.42223439431468046,-2.775053008314866,0.0055946322483038935,0.007728552905995347,-0.01079566964302715,0.06158199999999991,0.07867200000229237,-0.14333899999874186,-0.002632999999999999,0.0006519999999794816,0.0012830000000104288
2,0.005635330999211874,0.09332974470052764,-0.7540169435892498,-2.930692080778889,0.009357601022511663,0.024553324052674224,-0.0066306781373004576,0.06158199999999991,0.07867200000229237,-0.14333899999874186,-0.002632999999999999,0.0006519999999794816,0.0012830000000104288
3,0.007644625999091659,-0.22383692237842293,-1.0379879756497907,-2.1453331100633366,0.059177718954548,-0.019785176114285687,0.01479121692921425,0.06158199999999991,0.07867200000229237,-0.14333899999874186,-0.002632999999999999,0.0006519999999794816,0.0012830000000104288
4,0.009631369000999257,0.09828978005677598,-0.7845045444965213,-2.3069125991259183,0.03469162446314815,0.013521427958475496,-0.006160482219961903,0.06158199999999991,0.07867200000229237,-0.14333899999874186,-0.002632999999999999,0.0006519999999794816,0.0012830000000104288
5,0.01163842999812914,0.27986776416607706,-0.8294154072108081,-2.2305011954527925,0.04000881651655353,0.006435779532989262,0.004799619555801356,0.11158199999999978,0.08867200000549089,-0.34333999999858195,-0.005632999999999999,-0.0013480000000205185,0.0012829999999784457
6,0.013628870001411997,-0.06994882304099062,-0.8955175148017723,-2.244208551370899,0.05026147545454744,-0.010124340335742112,-0.00580525920832433,0.11158199999999978,0.08867200000549089,-0.34333999999858195,-0.005632999999999999,-0.0013480000000205185,0.0012829999999784457
7,0.01562962900061393,-0.1294870742511407,-0.8985893647919228,-2.0763180335203555,0.052926047281062524,-0.009667102795571095,0.012146173980781473,0.11158199999999978,0.08867200000549089,-0.34333999999858195,-0.005632999999999999,-0.0013480000000205185,0.0012829999999784457
8,0.017623063999053556,0.0043477109998915344,-0.8378150970056722,-2.2278012051755556,0.023737646131161746,0.019674667748435907,-0.003959886213764815,0.11158199999999978,0.08867200000549089,-0.34333999999858195,-0.005632999999999999,-0.0013480000000205185,0.0012829999999784457
9,0.019687893000082113,-0.05012026388721464,-0.6137165880643078,-2.752274235147895,0.016066732085627717,0.021752143563493653,-0.0004976053572319304,0.13158199999999973,0.06867200000709013,-0.44333999999890183,-0.004632999999999998,-0.00034800000003651105,0.0022829999999944375
10,0.02162734699959401,-0.4584008689660247,-0.550792248952717,-2.004696630329991,0.03999686447283781,-0.01576025094165676,0.0009687853690398455,0.13158199999999973,0.06867200000709013,-0.44333999999890183,-0.004632999999999998,-0.00034800000003651105,0.0022829999999944375
11,0.023634037002921104,0.107537061451393,-0.9636869432180047,-2.2253694845764067,0.048901627788561046,-0.006724397827096623,0.012577893989012186,0.13158199999999973,0.06867200000709013,-0.44333999999890183,-0.004632999999999998,-0.00034800000003651105,0.0022829999999944375
12,0.02562313499947777,-0.10474817580834578,-0.7798520898050937,-2.064636936835699,0.041585660628807905,-0.007995470972294489,-0.00569651533486736,0.13158199999999973,0.06867200000709013,-0.44333999999890183,-0.004632999999999998,-0.00034800000003651105,0.0022829999999944375
13,0.027640956002869643,0.050660514661653326,-0.8738215956868226,-1.9664166091511908,0.05076165884815706,-0.0012695539699340691,0.0017721081377785831,0.1415819999999998,0.08867200000549089,-0.343339999998582,-0.008632999999999997,-0.003348000000068496,0.0042829999999464624
14,0.029621788002259564,0.49379434926901955,-0.7045572729244461,-2.1560062813437164,0.023097960039141434,0.028750516307497715,-0.007800917076691151,0.1415819999999998,0.08867200000549089,-0.343339999998582,-0.008632999999999997,-0.003348000000068496,0.0042829999999464624
15,0.031628037002519704,-0.15290077385355685,-1.0214915878779194,-1.8230834828784375,0.046442058155598265,-0.01077846102728235,0.0024847172405555386,0.1415819999999998,0.08867200000549089,-0.343339999998582,-0.008632999999999997,-0.003348000000068496,0.0042829999999464624
16,0.03363093000371009,0.03805973606929836,-0.6585655047792797,-2.1421065020945282,0.03803283843736622,-0.004414290084035355,0.0024584735883884483,0.1415819999999998,0.08867200000549089,-0.343339999998582,-0.008632999999999997,-0.003348000000068496,0.0042829999999464624
17,0.03563604800001485,0.17426306084123186,-1.0558438650458224,-2.304633307409629,0.04863454818157631,-0.006011981546926477,0.0012890818800009637,0.19158199999999975,0.0986720000064504,-0.4033389999984221,-0.009632999999999996,-0.005348000000068497,0.0042829999999144785
18,0.037621016999764834,-0.29765210258579317,-0.7533806464701465,-2.062237184042428,0.05473717908239192,-0.013355377559727839,0.012553317824753094,0.19158199999999975,0.0986720000064504,-0.4033389999984221,-0.009632999999999996,-0.005348000000068497,0.0042829999999144785
19,0.03962719599803677,-0.2988549606310233,-0.9367271170459186,-1.9617928801546127,0.04151514136349814,-0.02279656029194272,0.0038513106664663493,0.19158199999999975,0.0986720000064504,-0.4033389999984221,-0.009632999999999996,-0.005348000000068497,0.0042829999999144785
20,0.041621273005148396,0.9685345747743389,-0.8069146799055642,-2.428194619102456,0.015031712064031168,0.045562227113142104,-0.0057035861481197015,0.19158199999999975,0.0986720000064504,-0.4033389999984221,-0.009632999999999996,-0.005348000000068497,0.0042829999999144785
21,0.04362912500073435,-0.15501937224782028,-1.0670153915230096,-1.8407816512452007,0.05194739364964489,-0.016500284324136676,0.010120580787702503,0.17158199999999987,0.09867200000373168,-0.2333389999984221,-0.007632999999999997,-0.006348000000068497,0.004282999999898484
22,0.04561719100456685,0.33956193606746804,-0.6055467936468042,-2.1299199897781076,0.03969172005081062,-0.007624222514392711,-0.011663572581997999,0.17158199999999987,0.09867200000373168,-0.2333389999984221,-0.007632999999999997,-0.006348000000068497,0.004282999999898484
23,0.04761798999970779,-0.37408491601466315,-0.6302927087905588,-2.078311038564384,0.03604390757308376,-0.014786784258215816,0.004034768698882553,0.17158199999999987,0.09867200000373168,-0.2333389999984221,-0.007632999999999997,-0.006348000000068497,0.004282999999898484
24,0.04961628399905749,-0.3881551166659213,-0.9547966472735345,-1.920129887749759,0.04991611519347272,-0.021469648988722508,0.006603546886906581,0.17158199999999987,0.09867200000373168,-0.2333389999984221,-0.007632999999999997,-0.006348000000068497,0.004282999999898484
25,0.051626641004986595,-0.22807097446109056,-0.8569579144655607,-2.541285071535455,0.023988033221629127,0.011076233874013412,0.00227906177953667,0.16158199999999973,0.10867200000693021,-0.43333999999826217,-0.007632999999999998,-0.0053480000000525035,0.0032829999999144767
26,0.05363130700425245,-0.30136144233196355,-0.7921339588394032,-2.014044616314758,0.042693527613409485,-0.015602196151632533,0.008139110339734787,0.16158199999999973,0.10867200000693021,-0.43333999999826217,-0.007632999999999998,-0.0053480000000525035,0.0032829999999144767
27,0.05562939200171968,0.13379084692033455,-0.7246095893902287,-2.020516258790051,0.03646505529819013,-0.006815401462054779,-0.0003256680307496254,0.16158199999999973,0.10867200000693021,-0.43333999999826217,-0.007632999999999998,-0.0053480000000525035,0.0032829999999144767
28,0.05764103100227658,0.15858993206632324,-0.7397670134203017,-1.8421300176067128,0.04283714153833334,0.004099825897401975,0.003011272701579237,0.16158199999999973,0.10867200000693021,-0.43333999999826217,-0.007632999999999998,-0.0053480000000525035,0.0032829999999144767
29,0.059633485005178954,-0.02631409515451031,-1.14523256987172,-2.151492744571018,0.0509080672461757,-0.00747224297703041,0.003742424061956933,0.12158199999999982,0.07867200000469127,-0.2933409999987419,-0.005632999999999998,-0.004348000000036511,0.002282999999930468
30,0.06162562800454907,-0.3247225652229361,-0.6346675998035685,-2.7448620213804005,0.024535123237615555,0.008000578940927731,-0.004362549549107958,0.12158199999999982,0.07867200000469127,-0.2933409999987419,-0.005632999999999998,-0.004348000000036511,0.002282999999930468
31,0.06361790100345388,0.09813998777426886,-0.6579927223959906,-2.0161822065633705,0.041588693421654964,0.0019493742639738359,0.005881548107079666,0.12158199999999982,0.07867200000469127,-0.2933409999987419,-0.005632999999999998,-0.004348000000036511,0.002282999999930468
32,0.06563336800172692,0.21617682950970796,-0.7990993815075936,-2.065443215374103,0.04236035169205011,0.0054655472657363785,0.0071298284912569235,0.12158199999999982,0.07867200000469127,-0.2933409999987419,-0.005632999999999998,-0.004348000000036511,0.002282999999930468
33,0.06762343700393103,-0.22030307690408982,-0.7382051985824823,-2.0350302088887298,0.044014144899994674,-0.01085557333997125,0.0016543117944508004,0.10158199999999984,0.0886720000043714,-0.273339999998582,-0.002633,0.0006519999999954741,0.00028300000001042877
34,0.06962056900374591,-0.04837356642324987,-1.220116844683359,-1.948923883802365,0.05721400603820448,-0.00046692801028984095,-0.006565341112696602,0.10158199999999984,0.0886720000043714,-0.273339999998582,-0.002633,0.0006519999999954741,0.00028300000001042877
35,0.07162053600040963,-0.270555188894628,-0.7755359785591799,-2.0684322699387003,0.037791343216274226,-0.0036355557648286956,-0.007236610606899482,0.10158199999999984,0.0886720000043714,-0.273339999998582,-0.002633,0.0006519999999954741,0.00028300000001042877
36,0.07361190800293116,0.11491244578581995,-0.7957037149439469,-2.136363370445937,0.04112033724021198,-0.0031487425502734617,-0.0022183933906580974,0.10158199999999984,0.0886720000043714,-0.273339999998582,-0.002633,0.0006519999999954741,0.00028300000001042877
37,0.07562892800342524,0.07629936417685851,-1.0437742439450561,-2.304107339083618,0.0534952824312726,-0.0022534444663658633,0.00596715254382174,0.09158199999999979,0.09867200000533095,-0.33333999999842207,-0.0016330000000000003,0.0026520000000114664,-0.0007169999999575867
38,0.07765599599952111,-0.2592652195066746,-0.8344669328476993,-1.764920271872854,0.05321091845845355,-0.017731094547659424,0.0032456898081583583,0.09158199999999979,0.09867200000533095,-0.33333999999842207,-0.0016330000000000003,0.0026520000000114664,-0.0007169999999575867
39,0.07962340200174367,-0.17138320739778287,-0.8815968908559484,-1.6791279395601584,0.04839289775276043,-0.009569151690476979,0.0048700773701494966,0.09158199999999979,0.09867200000533095,-0.33333999999842207,-0.0016330000000000003,0.0026520000000114664,-0.0007169999999575867
40,0.08161824000126217,0.10934490193273803,-1.0204414550838377,-1.834172169349283,0.03693891343165369,0.006971770045084473,0.006138454717088811,0.09158199999999979,0.09867200000533095,-0.33333999999842207,-0.0016330000000000003,0.0026520000000114664,-0.0007169999999575867
41,0.08364169199921889,0.06978658226511796,-0.7030145811656406,-1.9643340441117152,0.04824896159561726,-0.009939452611866718,0.010206937755763746,0.12158199999999969,0.07867200000772982,-0.4833389999987419,0.0033669999999999985,0.006652000000043451,-0.0027169999998936196
42,0.08563873400271405,-0.31351754783451746,-0.9436423740800621,-2.0325961215852324,0.05016079830272795,-0.01599242673292773,0.008176136511533646,0.12158199999999969,0.07867200000772982,-0.4833389999987419,0.0033669999999999985,0.006652000000043451,-0.0027169999998936196
43,0.08763275100500323,-0.24383637641898104,-0.9128440450168727,-2.0814753933798915,0.05198817551052055,-0.009780654731654152,0.001802701791562331,0.12158199999999969,0.07867200000772982,-0.4833389999987419,0.0033669999999999985,0.006652000000043451,-0.0027169999998936196
44,0.08963796799798729,-0.19426189116293133,-0.789630563286544,-2.4174078961875645,0.031445572059377196,-0.009664897530850973,0.0035260600484828277,0.12158199999999969,0.07867200000772982,-0.4833389999987419,0.0033669999999999985,0.006652000000043451,-0.0027169999998936196
45,0.09164017000148306,-0.33843648621547506,-1.1899828380206703,-1.9906253548490458,0.05124002150497324,-0.00750243731078763,-0.0008358419813495872,0.09158199999999991,0.08867200000213243,-0.13333899999858198,-0.0006330000000000004,0.0026520000000114664,-0.0007169999999575874
46,0.09363484699861147,-0.10007943175175589,-1.3707205474112154,-1.9123143228269368,0.060027933744285514,-0.006458811897862686,0.0013301859788583028,0.09158199999999991,0.08867200000213243,-0.13333899999858198,-0.0006330000000000004,0.0026520000000114664,-0.0007169999999575874
47,0.09562937499867985,0.19991027814692314,-0.7136383632386324,-2.4014417961951495,0.033727742730878835,0.011565026686181897,-0.0008340849840397816,0.09158199999999991,0.08867200000213243,-0.13333899999858198,-0.0006330000000000004,0.0026520000000114664,-0.0007169999999575874
48,0.0976399319988559,0.028865405152282985,-0.5572794934754011,-1.94858806353689,0.045020149925044356,-0.008536612508833403,-0.004582376009434926,0.09158199999999991,0.08867200000213243,-0.13333899999858198,-0.0006330000000000004,0.0026520000000114664,-0.0007169999999575874
49,0.09965112100326223,-0.26238248732242503,-0.8276283005000646,-1.6567821035921257,0.04472457504520278,-0.004155312148378237,0.004126236802353582,0.1115819999999999,0.11867200000229236,-0.1433389999981022,-0.007632999999999998,-0.0023480000000525034,0.0032829999999624544
50,0.10167241800081683,0.2547865919967352,-1.0841699712514195,-1.8122293803192275,0.057611974500582884,0.004386310031116751,-0.003899838281872419,0.1115819999999999,0.11867200000229236,-0.1433389999981022,-0.007632999999999998,-0.0023480000000525034,0.0032829999999624544
51,0.10366826799872797,0.3133505086500128,-0.8527843537233489,-2.2021487687361714,0.052276427564770696,-0.002640714984154624,0.01117211942562002,0.1115819999999999,0.11867200000229236,-0.1433389999981022,-0.007632999999999998,-0.0023480000000525034,0.0032829999999624544
52,0.10561959500046214,0.40998697313313615,-0.5405126868925948,-2.8487063102101096,0.014265426143854327,0.03422531188226298,-0.009154861347237588,0.1115819999999999,0.11867200000229236,-0.1433389999981022,-0.007632999999999998,-0.0023480000000525034,0.0032829999999624544
53,0.10762115599936806,-0.13528917908965868,-0.555821672238109,-2.9902983468340496,0.010963756508764792,0.02267147146758476,-0.012640603511912764,0.12158199999999987,0.10867200000325195,-0.20334099999826213,-0.002632999999999999,0.0006519999999794816,0.0012830000000104288
54,0.10964517800312024,-0.22120974837203372,-0.8892226278380583,-2.6895124172646656,0.026210936268479687,0.019589516956141244,-0.005955925093352482,0.12158199999999987,0.10867200000325195,-0.20334099999826213,-0.002632999999999999,0.0006519999999794816,0.0012830000000104288
55,0.11163668000517646,-0.04363511827322148,-0.6206590281564004,-2.6422778777304567,0.011205984995895327,0.026865246503761254,-0.007011364689288405,0.12158199999999987,0.10867200000325195,-0.20334099999826213,-0.002632999999999999,0.0006519999999794816,0.0012830000000104288
56,0.11363823099964065,-0.5950667590870832,-0.31632869090279425,-2.522234797291787,0.007385968154893948,0.013366657680838891,-0.009143785168459498,0.12158199999999987,0.10867200000325195,-0.20334099999826213,-0.002632999999999999,0.0006519999999794816,0.0012830000000104288
57,0.11567003800155362,0.057181688167248876,-0.34214231731983297,-2.6324210474481378,0.0013479609442763564,0.023734962908433414,-0.014289082558578662,0.11158199999999974,0.10867200000661036,-0.4133399999982621,-0.0016329999999999997,0.002651999999995474,0.0002830000000424132
58,0.11764944699825719,0.3378216661316872,-0.5102512948564999,-2.808735573537056,0.0017792351224135638,0.04073872318253801,-0.01700754079086437,0.11158199999999974,0.10867200000661036,-0.4133399999982621,-0.0016329999999999997,0.002651999999995474,0.0002830000000424132
59,0.11964550700213294,0.2297019651369788,-0.8856112970937362,-2.0092665037692283,0.03830545289009234,0.0018965352119533234,-0.0027454044842281544,0.11158199999999974,0.10867200000661036,-0.4133399999982621,-0.0016329999999999997,0.002651999999995474,0.0002830000000424132
60,0.1216366279986687,-0.1655019967938059,-1.0778931884358698,-1.9666796490625063,0.058711901851776445,-0.005050907457823257,0.005369669058445604,0.11158199999999974,0.10867200000661036,-0.4133399999982621,-0.0016329999999999997,0.002651999999995474,0.0002830000000424132
61,0.12364994100062177,-0.4220041248393276,-0.6682497464668028,-2.3388122542493037,0.04067380791369271,-0.012810002035469352,0.004283971953879285,0.0815819999999999,0.09867200000229236,-0.14333899999842203,-0.003632999999999999,0.0016519999999794815,0.001283000000026422
62,0.12564330600434914,-0.04633012201152864,-0.9074066142511975,-1.8726191617199728,0.045663482903164736,-0.010704763705598171,0.011142115451398576,0.0815819999999999,0.09867200000229236,-0.14333899999842203,-0.003632999999999999,0.0016519999999794815,0.001283000000026422
63,0.12764064899965888,0.02674069517247846,-0.6040624023467843,-2.1481603419972783,0.03728212516506575,-0.005718322380970613,0.004709996463416193,0.0815819999999999,0.09867200000229236,-0.14333899999842203,-0.003632999999999999,0.0016519999999794815,0.001283000000026422
64,0.12962986600177828,-0.31132862811345796,-0.9566592890724316,-2.304120200660333,0.04098168125069153,-0.01408329777668101,0.007383511367150159,0.0815819999999999,0.09867200000229236,-0.14333899999842203,-0.003632999999999999,0.0016519999999794815,0.001283000000026422
65,0.13163321000320138,0.36384266845585256,-0.63924184410038,-2.7626986440993138,0.009561753481197515,0.035916337974202454,-0.011699569304655088,0.11158200000000003,0.0886719999992538,0.04665900000141802,-0.007632999999999997,-0.005348000000068497,0.004282999999914477
66,0.13364027100033127,-0.09261999735501818,-0.7866502057373542,-2.7878733293586704,0.011916060793553921,0.024608357396456334,-0.003941945507191357,0.11158200000000003,0.0886719999992538,0.04665900000141802,-0.007632999999999997,-0.005348000000068497,0.004282999999914477
67,0.135635138998623,0.04900859685435862,-0.377569497454099,-2.077341575318423,0.02005816239330493,0.00870281253929617,-0.012544258781857947,0.11158200000000003,0.0886719999992538,0.04665900000141802,-0.007632999999999997,-0.005348000000068497,0.004282999999914477
68,0.1376260100005311,0.5447373934290654,-0.8774414423131509,-2.411430548194813,0.04404995064936807,0.0037417157717916645,0.0006267677199361845,0.11158200000000003,0.0886719999992538,0.04665900000141802,-0.007632999999999997,-0.005348000000068497,0.004282999999914477
69,0.13964058399869828,-0.09838782725116438,-0.9436119911384552,-2.365594157456509,0.04925920490317921,-0.018294302296395972,0.0018567733814932228,0.0915820000000001,0.04867199999749461,0.15666000000077832,-0.005632999999999997,-0.005348000000068497,0.004282999999914476
70,0.1416259550023824,-0.08528181110962185,-1.0237118000289958,-1.7002343159342588,0.05047949452075042,-0.009244828942147737,0.004491652614078119,0.0915820000000001,0.04867199999749461,0.15666000000077832,-0.005632999999999997,-0.005348000000068497,0.004282999999914476
71,0.1436380349987303,-0.2769341206113127,-0.7034310624500724,-1.8048361063508507,0.046615452880765886,-0.014474853186929358,0.004806700101946512,0.0915820000000001,0.04867199999749461,0.15666000000077832,-0.005632999999999997,-0.005348000000068497,0.004282999999914476
72,0.14563330400414998,-0.3139625029104036,-0.8143538594660582,-2.2053976429687214,0.02520029818683919,0.004939549008982517,0.0013156842164836165,0.0915820000000001,0.04867199999749461,0.15666000000077832,-0.005632999999999997,-0.005348000000068497,0.004282999999914476
73,0.1476569959995686,0.14052447556869505,-0.7289612806487513,-2.379238215214366,0.029838615688354365,0.02021282044108865,-0.0012526475875529425,0.1315819999999999,0.03867200000293207,-0.1833399999993816,-0.004632999999999998,-0.005348000000036511,0.0022829999999144745
74,0.1496483070004615,-0.3187373117394672,-1.010860976561335,-2.0049057587887136,0.04983911124162907,-0.014968340809584257,0.0003723760754487338,0.1315819999999999,0.03867200000293207,-0.1833399999993816,-0.004632999999999998,-0.005348000000036511,0.0022829999999144745
75,0.15165371500188485,0.24723379726162342,-0.6525772747775254,-1.5755036263773392,0.04034949747080019,-0.006529905631370323,-0.0014637975730602442,0.1315819999999999,0.03867200000293207,-0.1833399999993816,-0.004632999999999998,-0.005348000000036511,0.0022829999999144745
76,0.15364306300034514,-0.06343311297103524,-0.8292456583887308,-1.986389257779384,0.035640471352168954,-0.0066327546659089255,0.0011488020200928692,0.1315819999999999,0.03867200000293207,-0.1833399999993816,-0.004632999999999998,-0.005348000000036511,0.0022829999999144745
77,0.15566366900020512,0.08671034174639596,-0.619452456034432,-2.1798366265998306,0.038364297757629784,-0.004454885878139288,0.010807271381702588,0.09158199999999991,0.07867200000197254,-0.1233409999987419,-0.002632999999999999,-0.002348000000020518,0.0012829999999624513
78,0.1576293930047541,-0.4818886371148876,-1.1497738575519443,-2.3010951647186593,0.04570900578294526,-0.006297717732281884,-0.0047201421446947285,0.09158199999999991,0.07867200000197254,-0.1233409999987419,-0.002632999999999999,-0.002348000000020518,0.0012829999999624513
79,0.1596416530010174,0.07093284572639721,-0.727786592117728,-2.8456006421294857,0.008504127051141761,0.026943890832592177,-0.015031054326684726,0.09158199999999991,0.07867200000197254,-0.1233409999987419,-0.002632999999999999,-0.002348000000020518,0.0012829999999624513
80,0.1616277950015501,0.022677430877210015,-1.0195535367575523,-2.2429705709320875,0.04885688667723277,-0.0030918872958619528,0.006978404656741942,0.09158199999999991,0.07867200000197254,-0.1233409999987419,-0.002632999999999999,-0.002348000000020518,0.0012829999999624513
81,0.1636415280008805,-0.07103760079520727,-0.5952773043486469,-1.8183015806291476,0.03984991166191138,-0.007092485782696022,0.004854332529799295,0.11158199999999988,0.09867200000325194,-0.20334099999842206,-0.0016330000000000003,0.0006520000000114666,-0.0007169999999895718
82,0.16562392299965722,-0.10134573823865864,-0.9449010238058224,-2.137478747725795,0.050181599753649095,-0.0038787313223197267,-0.003079530348299829,0.11158199999999988,0.09867200000325194,-0.20334099999842206,-0.0016330000000000003,0.0006520000000114666,-0.0007169999999895718
83,0.1676273470002343,0.2517548276031097,-0.3639408256865877,-2.1139203222266483,0.03620295610659282,-0.004338993284224595,0.0008793130779177217,0.11158199999999988,0.09867200000325194,-0.20334099999842206,-0.0016330000000000003,0.0006520000000114666,-0.0007169999999895718
84,0.16963507900072727,0.1982090148203056,-0.569281083869952,-2.4862111270493665,0.01677284699201817,0.016737368764521487,-0.010447360175524879,0.11158199999999988,0.09867200000325194,-0.20334099999842206,-0.0016330000000000003,0.0006520000000114666,-0.0007169999999895718
85,0.17163728100422304,-0.024302837167470524,-0.8308426713225803,-2.058903584012065,0.05272765920264202,-0.011834820476838656,0.0018164410720412129,0.08158199999999993,0.04867200000181259,-0.11333999999922166,0.0013669999999999989,0.002652000000027459,-0.0017169999999575886
86,0.17362831200443907,-0.09409321157398838,-0.9023667304524567,-2.092486363571515,0.049053973674937724,-0.012150101624460487,0.010378449055288697,0.08158199999999993,0.04867200000181259,-0.11333999999922166,0.0013669999999999989,0.002652000000027459,-0.0017169999999575886
87,0.17562882100173738,-0.25792815359499693,-0.7116314983023715,-1.9440620610609265,0.04489906981482478,-0.009523626201936058,0.0120642844564644,0.08158199999999993,0.04867200000181259,-0.11333999999922166,0.0013669999999999989,0.002652000000027459,-0.0017169999999575886
88,0.17768331999832299,-0.09737187189532723,-0.9429889211013076,-1.7698323500006066,0.04985642376796004,-0.003494608340766566,0.0006550327377363023,0.08158199999999993,0.04867200000181259,-0.11333999999922166,0.0013669999999999989,0.002652000000027459,-0.0017169999999575886
89,0.179650597005093,-0.20767153959435122,-0.7649160829243263,-2.1844192992863256,0.035726591195669864,0.0007910311421052186,0.0016742253226888128,0.1015819999999999,0.058672000002772146,-0.17333999999906174,0.0013669999999999995,0.0006520000000114666,-0.0007169999999895737
90,0.18164034499932313,0.12784533515798052,-0.4401331876994389,-1.9986760412485662,0.033226031819647055,-0.0010005193026769402,0.001820136233777525,0.1015819999999999,0.058672000002772146,-0.17333999999906174,0.0013669999999999995,0.0006520000000114666,-0.0007169999999895737
91,0.18363512300129514,-0.13646350553671835,-0.953799541066931,-2.056327083685105,0.05751000049439465,-0.013031358651375537,0.0024162771590802716,0.1015819999999999,0.058672000002772146,-0.17333999999906174,0.0013669999999999995,0.0006520000000114666,-0.0007169999999895737
92,0.18562581299920566,-0.37993306293247453,-0.5714413966238832,-2.201895682258179,0.04286288936166368,-0.020257528139725835,0.0050199466376152305,0.1015819999999999,0.058672000002772146,-0.17333999999906174,0.0013669999999999995,0.0006520000000114666,-0.0007169999999895737
93,0.187642461998621,-0.0026008340991193722,-0.7421085043354015,-2.0125641493482043,0.051658297551551144,-0.004741662473592395,0.011845514866130365,0.11158199999999985,0.058672000003891625,-0.24333999999906175,-0.0016329999999999997,-0.001348000000004526,0.0002829999999784431
94,0.1896431909990497,-0.18088431089140597,-0.5849768244576969,-3.0057247536281366,0.011971083456271346,0.01900872392392843,-0.005355480552292136,0.11158199999999985,0.058672000003891625,-0.24333999999906175,-0.0016329999999999997,-0.001348000000004526,0.0002829999999784431
95,0.1916441709981882,0.257989493873843,-0.5786528348667048,-3.001093293051454,0.013002423413250502,0.030966299825723995,-0.004717966792801622,0.11158199999999985,0.058672000003891625,-0.24333999999906175,-0.0016329999999999997,-0.001348000000004526,0.0002829999999784431
96,0.19361943200055975,0.09307337999322958,-0.5226939872749549,-2.9734466871175202,0.005039608013646193,0.03776452371334282,-0.007319026670258569,0.11158199999999985,0.058672000003891625,-0.24333999999906175,-0.0016329999999999997,-0.001348000000004526,0.0002829999999784431
97,0.1956375139998272,0.04916059657195116,-0.3541065049372748,-2.683249609814894,-0.003585904516338942,0.02697170119818476,-0.00966343319295237,0.10158199999999984,0.0586720000043714,-0.2733399999990618,-0.0016329999999999997,0.0006519999999954741,0.0002830000000104282
98,0.1976311190010165,0.1512703660925047,-0.5337607784006662,-2.7634414900633644,0.0057267971848574085,0.03329518755758973,-0.003830998097466166,0.10158199999999984,0.0586720000043714,-0.2733399999990618,-0.0016329999999999997,0.0006519999999954741,0.0002830000000104282
99,0.19963017500413116,0.18967204357313222,-0.627931768942843,-1.9961393577277278,0.04221109426642015,-0.009739573893382937,-0.00360919703000215,0.10158199999999984,0.0586720000043714,-0.2733399999990618,-0.0016329999999999997,0.0006519999999954741,0.0002830000000104282
100,0.20165971800452098,0.4266774634193667,-0.902237858191875,-1.8952753544976522,0.051018126197645265,0.0013901879909567528,0.0014504426916593315,0.10158199999999984,0.0586720000043714,-0.2733399999990618,-0.0016329999999999997,0.0006519999999954741,0.0002830000000104282
101,0.20367523500317475,0.01326784719531425,-0.9076778002285897,-2.0614790883782863,0.045268250667523796,-0.008527863362068474,-0.0007641840850682293,0.15158199999999974,0.08867200000613057,-0.383338999998582,-0.004632999999999998,-0.001348000000036511,0.0022829999999784446
102,0.20563448600296397,0.3142393244117034,-1.0487873491612953,-1.9009880882879735,0.053818006657258,0.005524758439294499,0.004637336643202573,0.15158199999999974,0.08867200000613057,-0.383338999998582,-0.004632999999999998,-0.001348000000036511,0.0022829999999784446
103,0.20763519500178518,0.35225810873097113,-0.36685235286440343,-1.7712747250105765,0.03285363292933956,0.0041665404389543805,-0.002914829006762477,0.15158199999999974,0.08867200000613057,-0.383338999998582,-0.004632999999999998,-0.001348000000036511,0.0022829999999784446
104,0.2096367660051328,-0.35574189183064736,-0.8472929035587132,-2.013183442688998,0.04168068454970685,-0.011174743153650387,0.0032538949079724184,0.15158199999999974,0.08867200000613057,-0.383338999998582,-0.004632999999999998,-0.001348000000036511,0.0022829999999784446
105,0.21164716299972497,0.09922551273296829,-0.5586216077403322,-2.1991756761687387,0.04082662617013709,-0.010710067716041693,0.0021207796896450123,0.1315819999999999,0.07867200000261222,-0.16333999999874194,-0.006632999999999998,-0.0043480000000525034,0.0032829999999304687
106,0.21366096600104356,-0.1792164828545774,-0.9675561917473983,-1.978145261051715,0.05435682122153133,-0.011631492786514338,-0.007925664810735832,0.1315819999999999,0.07867200000261222,-0.16333999999874194,-0.006632999999999998,-0.0043480000000525034,0.0032829999999304687
107,0.21565310900041368,0.19506656565212338,-0.772199538996441,-2.060386781387138,0.04108677695697457,0.0021242590743440724,0.0020807044036387536,0.1315819999999999,0.07867200000261222,-0.16333999999874194,-0.006632999999999998,-0.0043480000000525034,0.0032829999999304687
108,0.21765208500437438,0.520759510268559,-0.8249042098854358,-1.7656586331788082,0.04382003125635018,0.006288225322565524,3.580292391905546e-05,0.1315819999999999,0.07867200000261222,-0.16333999999874194,-0.006632999999999998,-0.0043480000000525034,0.0032829999999304687
109,0.21969609500229126,-0.08983728202910432,-0.889250401330081,-2.003430905749647,0.05447580640758755,-0.0049767626511099,0.006399198154753137,0.12158199999999977,0.10867200000549089,-0.3433399999982621,-0.004632999999999998,-0.00034800000003651105,0.0022829999999944375
110,0.22165038700040895,0.05970055465798056,-0.6514633968478821,-2.625482008562106,0.01903472426323867,0.014150844385276147,-0.006153097348361728,0.12158199999999977,0.10867200000549089,-0.3433399999982621,-0.004632999999999998,-0.00034800000003651105,0.0022829999999944375
111,0.2236488120033755,-0.28192838560330463,-0.4070013393805514,-2.918705591942406,0.0013962374840100495,0.013120346433431272,-0.014171861048642388,0.12158199999999977,0.10867200000549089,-0.3433399999982621,-0.004632999999999998,-0.00034800000003651105,0.0022829999999944375
112,0.22565109399874927,-0.267757234649562,-0.7663423862661891,-2.912491554528524,0.007471443614261813,0.024984007568492436,-0.02022346278947162,0.12158199999999977,0.10867200000549089,-0.3433399999982621,-0.004632999999999998,-0.00034800000003651105,0.0022829999999944375
113,0.22764728400215972,-0.1615462064047202,-1.1141612082792216,-2.044756834303833,0.05507406197665587,-0.009411045281048695,0.008264983847724613,0.1515819999999998,0.1086720000050111,-0.31333899999826215,-0.006632999999999998,-0.003348000000036511,0.002282999999946461
114,0.22963785400497727,0.5648287478047893,-0.9418451560149018,-1.968099623440109,0.046173520678864884,0.007643287384832887,-0.005417644555102121,0.1515819999999998,0.1086720000050111,-0.31333899999826215,-0.006632999999999998,-0.003348000000036511,0.002282999999946461
115,0.23163850299897604,0.015264840487246483,-0.8390582997739675,-2.1959844146147818,0.05029426815257803,-0.0021675879357230493,0.015690498262883046,0.1515819999999998,0.1086720000050111,-0.31333899999826215,-0.006632999999999998,-0.003348000000036511,0.002282999999946461
116,0.23364095600118162,0.07213246851543884,-0.4722795030127625,-2.0498038157135525,0.0356261773207519,-0.008370526932703784,0.005341414448702234,0.1515819999999998,0.1086720000050111,-0.31333899999826215,-0.006632999999999998,-0.003348000000036511,0.002282999999946461
117,0.23566255400510272,0.14157415451089567,-0.7394948385876213,-2.1469158976442073,0.04830979758559815,-0.007725498554436262,0.0022143296586913047,0.16158199999999995,0.10867200000165267,-0.10333999999826216,-0.007632999999999997,-0.005348000000068497,0.004282999999914477
118,0.23764886600110913,-0.13710525872591728,-0.519725518224129,-2.160587407368596,0.030240476626256015,-0.004865047037200558,-0.0009898095520822015,0.16158199999999995,0.10867200000165267,-0.10333999999826216,-0.007632999999999997,-0.005348000000068497,0.004282999999914477
119,0.23964312300086021,-0.09617889968201677,-0.32871478373449176,-2.8285710982931462,0.0006003276554095113,0.02276981114827123,-0.006890332402717378,0.16158199999999995,0.10867200000165267,-0.10333999999826216,-0.007632999999999997,-0.005348000000068497,0.004282999999914477
120,0.2416496029982227,-0.04659508778713879,-0.15255326015788487,-3.2912021772469977,-0.010060650050624407,0.030406991501147982,-0.014890035728656768,0.16158199999999995,0.10867200000165267,-0.10333999999826216,-0.007632999999999997,-0.005348000000068497,0.004282999999914477
121,0.24365506000322057,0.3009086011938832,-0.4145292580641845,-2.844509486987357,0.0054257127839744046,0.023665664719436926,-0.01199157991482166,0.17158199999999987,0.09867200000325194,-0.2033409999984221,-0.006632999999999998,-0.0053480000000525035,0.003282999999914476
122,0.24563435900199693,-0.13927806870693468,-0.1606400141592845,-2.737258975233297,0.0006469472494730876,0.02147719670564283,-0.008661624835604835,0.17158199999999987,0.09867200000325194,-0.2033409999984221,-0.006632999999999998,-0.0053480000000525035,0.003282999999914476
123,0.24765047700202558,-0.6197036884290028,-0.7659538464982586,-2.3166425004430184,0.033980943594962586,-0.00901984509042919,-0.0025224744544912804,0.17158199999999987,0.09867200000325194,-0.2033409999984221,-0.006632999999999998,-0.0053480000000525035,0.003282999999914476
124,0.24965788899862673,0.20126768951150087,-0.6017575652309042,-1.9918995639261892,0.03763614027042656,-0.00046314997609849266,0.0031430101557290806,0.17158199999999987,0.09867200000325194,-0.2033409999984221,-0.006632999999999998,-0.0053480000000525035,0.003282999999914476
125,0.2516906780001591,-0.13102971700798854,-0.8996114557375242,-2.047571405728941,0.044851125468747643,-0.010529673493729177,0.014018696198566072,0.20158199999999984,0.0986720000043714,-0.2733399999984221,-0.007632999999999998,-0.0063480000000525035,0.003282999999898484
126,0.2536720400021295,-0.24331092491150844,-0.694381769187283,-1.9582284380913082,0.03998826248669132,0.00038040022749936795,0.006770540882042485,0.20158199999999984,0.0986720000043714,-0.2733399999984221,-0.007632999999999998,-0.0063480000000525035,0.003282999999898484
127,0.25566182900365675,0.011582777263688653,-0.5816505299686721,-1.938068041861849,0.040363632071723374,-0.014007261952726254,0.0029794240378581433,0.20158199999999984,0.0986720000043714,-0.2733399999984221,-0.007632999999999998,-0.0063480000000525035,0.003282999999898484
128,0.2576742700039176,0.27907860676906976,-0.712948146150017,-2.283450087179927,0.03986546964817956,-0.001344226824457449,0.0018071252601824862,0.20158199999999984,0.0986720000043714,-0.2733399999984221,-0.007632999999999998,-0.0063480000000525035,0.003282999999898484
129,0.2596713919992908,0.21590867574190484,-0.7860954032316124,-2.3678230181812387,0.029640850646707146,0.011795812267045968,-0.0008100331083395595,0.17158199999999982,0.09867200000501108,-0.3133389999984221,-0.007632999999999998,-0.0053480000000525035,0.0032829999999144767
130,0.261673774002702,-0.21913112584415206,-0.78100360558467,-2.3321163064651325,0.04550725897004155,-0.01067278151826204,-0.00032375842095383104,0.17158199999999982,0.09867200000501108,-0.3133389999984221,-0.007632999999999998,-0.0053480000000525035,0.0032829999999144767
131,0.26367217900406104,0.13128451696944493,-0.9377860175665524,-2.0822186756709598,0.05031365391352022,0.004952353439768789,0.0007071281713044559,0.17158199999999982,0.09867200000501108,-0.3133389999984221,-0.007632999999999998,-0.0053480000000525035,0.0032829999999144767
132,0.2656686800037278,0.14934654265770908,-0.7244589630727785,-2.0518683094041226,0.041179437493976,0.0004798290390095604,0.004916997996863824,0.17158199999999982,0.09867200000501108,-0.3133389999984221,-0.007632999999999998,-0.0053480000000525035,0.0032829999999144767
133,0.2676760020040092,0.2929302394976132,-0.6837901255557913,-1.9898767679762348,0.04995106127337776,-0.009952927460613666,-0.0017345099897186555,0.13158199999999978,0.09867200000597066,-0.373340999998422,-0.001633000000000001,0.002652000000027459,-0.0017169999999575867
134,0.2696734450000804,0.3129832267398431,-0.7043215828394436,-2.1778106761204046,0.04091851649664919,0.007339580856568982,0.009117794069242853,0.13158199999999978,0.09867200000597066,-0.373340999998422,-0.001633000000000001,0.002652000000027459,-0.0017169999999575867
135,0.271675725998648,0.004559832792715438,-0.2710348852099163,-2.8337822051831214,0.005766410441970866,0.02454330524799695,-0.0023437425104842497,0.13158199999999978,0.09867200000597066,-0.373340999998422,-0.001633000000000001,0.002652000000027459,-0.0017169999999575867
136,0.2736665170014021,0.2821182402752064,-0.6772802252062954,-2.6544161395246677,0.007920938796899332,0.027893853135183312,-0.0049547106871576764,0.13158199999999978,0.09867200000597066,-0.373340999998422,-0.001633000000000001,0.002652000000027459,-0.0017169999999575867
137,0.27567558100417955,-0.4274218259265202,-1.002013836098361,-3.106271445899529,0.024933228874409227,0.015998889334866796,-0.013089915049976994,0.13158199999999992,0.048672000002132426,-0.13333899999922172,-0.0026330000000000004,0.0016520000000114668,-0.0007169999999735786
138,0.2776967380050337,-0.00645106886460677,-0.7870879807306359,-2.870023363498151,0.0117308907689552,0.02431503499394184,-0.014027316782794914,0.13158199999999992,0.048672000002132426,-0.13333899999922172,-0.0026330000000000004,0.0016520000000114668,-0.0007169999999735786
139,0.2796765079983743,-0.14585789592584,-1.067578984397747,-2.0011204212631695,0.04615704800198846,-0.00274490132842708,-0.0006936083505058173,0.13158199999999992,0.048672000002132426,-0.13333899999922172,-0.0026330000000000004,0.0016520000000114668,-0.0007169999999735786
140,0.2816876869983389,-0.33589535877664156,-1.0192048463398815,-2.3196312601588858,0.05112393606895793,-0.012215013824090666,0.006854596459924967,0.13158199999999992,0.048672000002132426,-0.13333899999922172,-0.0026330000000000004,0.0016520000000114668,-0.0007169999999735786
141,0.28368515000329353,0.15949054624976938,-0.8222496877118654,-2.2263499024298037,0.04135029225581839,-0.005997618779944746,0.0013143399312870842,0.03158199999999992,0.018672000001972538,-0.12334099999970141,0.0043669999999999985,0.006652000000043451,-0.00271699999989362
142,0.28566399800183717,-0.06699324579185362,-0.8715778806272434,-2.282292666903936,0.04849489236957866,-0.005507088974902364,0.000607743219445739,0.03158199999999992,0.018672000001972538,-0.12334099999970141,0.0043669999999999985,0.006652000000043451,-0.00271699999989362
143,0.2876641760012717,0.008469452082066807,-0.9587311470968275,-1.7187817973442172,0.05167888189650712,-0.010920941858509578,-0.0007424773602530034,0.03158199999999992,0.018672000001972538,-0.12334099999970141,0.0043669999999999985,0.006652000000043451,-0.00271699999989362
144,0.28966674899857026,0.5840854347891641,-0.7231232955045706,-2.6038560868283924,0.021384314875327555,0.03366424732754474,-0.007376407734443599,0.03158199999999992,0.018672000001972538,-0.12334099999970141,0.0043669999999999985,0.006652000000043451,-0.00271699999989362
145,0.2916867439998896,0.12602160426408895,-0.8780171197454316,-1.8451188914038825,0.039104453388927235,0.0009045234650434088,0.003480680753367222,0.03158199999999995,0.03867200000117287,-0.07333899999938155,0.0013669999999999995,0.0036520000000114664,-0.0007169999999415961
146,0.2936770730011631,-0.3711550590767528,-1.0104024171513022,-2.04067791512137,0.05370493677438711,-0.017460075479222625,0.0036386777192716135,0.03158199999999995,0.03867200000117287,-0.07333899999938155,0.0013669999999999995,0.0036520000000114664,-0.0007169999999415961
147,0.295671100000618,-0.12492136650374282,-0.7862988135504964,-1.964073996534225,0.042505163709678946,-0.0033043751424285243,-0.0015580174919093337,0.03158199999999995,0.03867200000117287,-0.07333899999938155,0.0013669999999999995,0.0036520000000114664,-0.0007169999999415961
148,0.29764460799924564,-0.11663046240760039,-0.913590059706178,-1.806670192263739,0.041691399507422476,-0.017455186166041307,0.017755491234054652,0.03158199999999995,0.03867200000117287,-0.07333899999938155,0.0013669999999999995,0.0036520000000114664,-0.0007169999999415961
149,0.2996185570009402,0.25713801535629655,-0.9479499691434516,-2.3979911011018262,0.04853573949368861,-0.007156165039674726,-0.0038397103439883704,0.0815819999999999,0.03867200000229235,-0.14333899999938157,-0.0016329999999999997,0.0016519999999954741,0.0002830000000264207
150,0.30163855200225953,-0.25755972665567933,-0.19569806944951265,-2.7874517727484944,0.010360116132755694,0.013089202776646448,-0.0047716567133470065,0.0815819999999999,0.03867200000229235,-0.14333899999938157,-0.0016329999999999997,0.0016519999999954741,0.0002830000000264207
151,0.30369509600132005,0.7191187012731751,-0.8802882891930015,-1.8526499340202187,0.04915833623595517,0.006106468644561088,0.00838176870338105,0.0815819999999999,0.03867200000229235,-0.14333899999938157,-0.0016329999999999997,0.0016519999999954741,0.0002830000000264207
152,0.30565762300102506,-0.314511427370483,-0.7925318157284866,-2.463746774600191,0.048056301325207156,-0.012518462559607273,-0.002067740937368448,0.0815819999999999,0.03867200000229235,-0.14333899999938157,-0.0016329999999999997,0.0016519999999954741,0.0002830000000264207
153,0.3076941090039327,-0.10838038784523908,-0.7625400121018225,-2.2244841396744697,0.03673487366975088,0.010744636886395164,0.006858602739784532,0.10158199999999985,0.07867200000405156,-0.2533399999987419,-0.005632999999999999,0.0016519999999794815,0.0012830000000264234
154,0.3096757220046129,0.19477795579502966,-0.5718529930742459,-2.154030207118545,0.030506841056972257,0.0007110759163753132,-0.017393111221001404,0.10158199999999985,0.07867200000405156,-0.2533399999987419,-0.005632999999999999,0.0016519999999794815,0.0012830000000264234
155,0.3116553020008723,-0.025740377567961634,-0.6813626835976339,-1.9590623405807617,0.040392190653687834,-0.003462145869748901,0.003425693350379118,0.10158199999999985,0.07867200000405156,-0.2533399999987419,-0.005632999999999999,0.0016519999999794815,0.0012830000000264234
156,0.3136655280031846,0.22605457784105903,-0.627356403389967,-2.041183260449749,0.03396161030229232,0.0013489060299062463,0.00513438554975119,0.10158199999999985,0.07867200000405156,-0.2533399999987419,-0.005632999999999999,0.0016519999999794815,0.0012830000000264234
157,0.31565837300149724,0.4338153780651011,-1.0821669254610884,-1.9982953071395348,0.054795018231013105,0.00802622135243946,-0.004236282871409199,0.16158199999999984,0.09867200000421147,-0.2633399999984221,-0.009632999999999996,-0.005348000000068497,0.0042829999999144785
158,0.31768273600027896,-0.016524587818485786,-1.0364759238144343,-1.8479075833440082,0.0544814596998806,-0.018754543266229304,-0.001018556888802679,0.16158199999999984,0.09867200000421147,-0.2633399999984221,-0.009632999999999996,-0.005348000000068497,0.0042829999999144785
159,0.31965959000081057,0.24383007144298008,-0.845207903464297,-2.6691970208647158,0.01449228666055505,0.02503435763047787,-0.008181844677951598,0.16158199999999984,0.09867200000421147,-0.2633399999984221,-0.009632999999999996,-0.005348000000068497,0.0042829999999144785
160,0.3216692060013884,-0.2896677886351895,-0.6633879726348173,-2.8397293983442076,0.020143179265293062,0.012471279857850985,-0.008276493652993513,0.16158199999999984,0.09867200000421147,-0.2633399999984221,-0.009632999999999996,-0.005348000000068497,0.0042829999999144785
161,0.3236582629979239,0.14441813974294315,-0.7746748739854415,-3.138810936993953,0.021015335120844268,0.02356421821388502,-0.006945666308912418,0.10158199999999983,0.10867200000469127,-0.29334099999826213,-0.004632999999999999,-0.0003480000000205185,0.0012829999999944377
162,0.3256651339979726,0.2174649814480088,-0.49437489903295606,-3.0325583604415476,0.0004191923400439355,0.03787305056652762,-0.01451361116662553,0.10158199999999983,0.10867200000469127,-0.29334099999826213,-0.004632999999999999,-0.0003480000000205185,0.0012829999999944377
163,0.32764347099873703,-0.24325952573262627,-0.8460599609819934,-3.042983173783444,0.021490066786802597,0.013954444545801558,-0.004754582567818525,0.10158199999999983,0.10867200000469127,-0.29334099999826213,-0.004632999999999999,-0.0003480000000205185,0.0012829999999944377
164,0.3296622540001408,-0.43106336595302336,-0.4317370663849807,-2.7651050044692167,0.01160454454233363,0.00773315842269817,-0.004640543792816269,0.10158199999999983,0.10867200000469127,-0.29334099999826213,-0.004632999999999999,-0.0003480000000205185,0.0012829999999944377
165,0.3316560700041009,-0.15877399180273744,-0.7971295883233941,-1.904328116987304,0.047277951704006164,-0.019802023434506228,0.0064824629325141445,0.14158199999999974,0.09867200000677027,-0.4233399999984221,-0.0016329999999999997,-0.001348000000004526,0.0002829999999784431
166,0.33365662900177995,0.12953363389540085,-0.8504688584288157,-2.2305841971442644,0.041407957200564234,0.0005114678897862441,-0.002489082999864658,0.14158199999999974,0.09867200000677027,-0.4233399999984221,-0.0016329999999999997,-0.001348000000004526,0.0002829999999784431
167,0.3356460770010017,-0.12956128181890036,-0.6593482538144229,-2.1109427936828586,0.05037198794966205,-0.015217385489317423,-0.001990513817148437,0.14158199999999974,0.09867200000677027,-0.4233399999984221,-0.0016329999999999997,-0.001348000000004526,0.0002829999999784431
168,0.33765674399910495,0.24656728963593266,-0.8753028406444223,-2.1234445068277976,0.049785106752989305,0.004496723538000162,0.003997717843891568,0.14158199999999974,0.09867200000677027,-0.4233399999984221,-0.0016329999999999997,-0.001348000000004526,0.0002829999999784431
169,0.33965617100329837,0.20966764190805917,-0.7121660760144077,-2.225325928155118,0.04944854752498583,-0.014177304848591194,0.004624141199736317,0.11158199999999971,0.06867200000725007,-0.4533409999989018,0.0013669999999999989,0.0016520000000274592,-0.0017169999999735812
170,0.34168048400169937,-0.18448611517146216,-0.9110625746680437,-2.3924072629544093,0.05089508404097911,-0.01631866651451224,0.0028272243346029774,0.11158199999999971,0.06867200000725007,-0.4533409999989018,0.0013669999999999989,0.0016520000000274592,-0.0017169999999735812
171,0.3436562760034576,0.12787911581664216,-0.9977931055106128,-2.0282761862890255,0.05334856077066481,-0.008582759105887476,0.010185276867459115,0.11158199999999971,0.06867200000725007,-0.4533409999989018,0.0013669999999999989,0.0016520000000274592,-0.0017169999999735812
172,0.3456726350050303,-0.06038223473617263,-0.6404538351926611,-2.682831003075678,0.012764047601086239,0.0182245694177996,-0.005072735690722653,0.11158199999999971,0.06867200000725007,-0.4533409999989018,0.0013669999999999989,0.0016520000000274592,-0.0017169999999735812
173,0.34766134100209456,-0.05936286091609859,-0.8135032547057908,-2.938571510967708,0.011115010300415534,0.022345242354115436,-0.0043921762547241205,0.13158199999999967,0.08867200000852946,-0.5333399999985821,0.00036699999999999954,0.0006520000000114666,-0.0007169999999895731
174,0.3496649349981453,-0.4613708579977685,-0.3684888641851799,-2.943163175350343,0.004711756974566991,0.014906627985869015,-0.020008478111778836,0.13158199999999967,0.08867200000852946,-0.5333399999985821,0.00036699999999999954,0.0006520000000114666,-0.0007169999999895731
175,0.3516480420003063,0.22099899591933053,-0.23857470757178184,-2.8238121928616726,0.00250763465758662,0.03197063703282091,-0.004482921336449422,0.13158199999999967,0.08867200000852946,-0.5333399999985821,0.00036699999999999954,0.0006520000000114666,-0.0007169999999895731
176,0.35366912899917224,0.37124434927988376,-0.3969334763429979,-2.5693582472674983,0.0054801055775576864,0.02807432533377116,-0.012024454601344967,0.13158199999999967,0.08867200000852946,-0.5333399999985821,0.00036699999999999954,0.0006520000000114666,-0.0007169999999895731
177,0.3556573940004455,0.8707311910203164,-0.4766399390192847,-2.3612903411638486,0.020710853546694236,0.04322419639846766,-0.005705601189210212,0.12158199999999966,0.10867200000836955,-0.5233399999982622,-0.0016329999999999997,0.0006519999999954741,0.0002830000000104282
178,0.35764239400305087,-0.038871243401672875,-0.48171982419166165,-2.661064537946792,0.008862316891995578,0.024462349324158004,-0.00740174830297685,0.12158199999999966,0.10867200000836955,-0.5233399999982622,-0.0016329999999999997,0.0006519999999954741,0.0002830000000104282
179,0.3596623890043702,-0.17428045390999058,-0.6020668892376579,-2.8128222465773067,0.013487799148584249,0.015252704342689976,-0.013772068528749244,0.12158199999999966,0.10867200000836955,-0.5233399999982622,-0.0016329999999999997,0.0006519999999954741,0.0002830000000104282
180,0.3616804909979692,0.16558863266964535,-0.5407243107763611,-3.200301279028211,0.013048255717194313,0.03013056616736459,-0.007624293137270385,0.12158199999999966,0.10867200000836955,-0.5233399999982622,-0.0016329999999999997,0.0006519999999954741,0.0002830000000104282
181,0.3636768819997087,0.4197115488817336,-0.22952310711126092,-2.7980162919012965,0.0032028708339178298,0.03080379013973574,-0.0056625719446691675,0.1215819999999997,0.1086720000075699,-0.4733389999982621,-0.003632999999999999,-0.0003480000000205185,0.001282999999994437
182,0.36569387100462336,-0.23116283865541995,-0.6125369332712574,-2.53607768372209,0.016238512660529527,0.003657908219265276,-0.004774950952378591,0.1215819999999997,0.1086720000075699,-0.4733389999982621,-0.003632999999999999,-0.0003480000000205185,0.001282999999994437
183,0.36766199900012,0.09226547418532222,-0.6653684757823906,-2.785844606528405,0.015838826522527993,0.018292503177483675,-0.011174581346937515,0.1215819999999997,0.1086720000075699,-0.4733389999982621,-0.003632999999999999,-0.0003480000000205185,0.001282999999994437
184,0.3696758430014597,-0.01803286080113618,-0.47402935879728636,-2.8335610997024663,0.01948403596622142,0.015814108962203,-0.009946522414727023,0.1215819999999997,0.1086720000075699,-0.4733389999982621,-0.003632999999999999,-0.0003480000000205185,0.001282999999994437
185,0.3716669940040447,-0.4979781066294968,-0.20328718459146877,-2.888497695807063,0.004945423670745557,0.010332404802536539,-0.01052171406201799,0.09158199999999982,0.07867200000469127,-0.2933409999987419,0.00036699999999999884,0.004652000000027459,-0.001716999999925603
186,0.3736685940020834,0.1620643077024833,-0.9273885379727665,-2.482952713505065,0.033336729381110305,0.0011297847767313216,0.00710685075747915,0.09158199999999982,0.07867200000469127,-0.2933409999987419,0.00036699999999999884,0.004652000000027459,-0.001716999999925603
187,0.3756504679986392,0.16083697011809797,-0.7503966866393349,-2.0743098394991337,0.04552629631141978,0.002269825968841101,0.00535031957019413,0.09158199999999982,0.07867200000469127,-0.2933409999987419,0.00036699999999999884,0.004652000000027459,-0.001716999999925603
188,0.37766065500181867,-0.021018134343469826,-0.9372537455303982,-1.973327972682686,0.051992625066490904,-0.008226755465768149,0.005445570830201292,0.09158199999999982,0.07867200000469127,-0.2933409999987419,0.00036699999999999884,0.004652000000027459,-0.001716999999925603
189,0.37968579000153113,0.10472272957186589,-0.8773419325191337,-1.955732451182888,0.04454522893133581,-0.0018234552488287717,-0.001839123916919577,0.09158199999999987,0.05867200000325194,-0.20334099999906174,-0.002632999999999999,0.0006519999999794816,0.0012830000000104288
190,0.3816714510030579,0.7042365576850214,-0.768366508763272,-2.030029064920213,0.0480416760607029,0.004183923907882799,0.008725104464299234,0.09158199999999987,0.05867200000325194,-0.20334099999906174,-0.002632999999999999,0.0006519999999794816,0.0012830000000104288
191,0.38364974700380117,-0.28639407137271805,-0.6580574933635127,-2.2773895724558155,0.02745490656524777,0.0023176132677204656,-0.004173255067003954,0.09158199999999987,0.05867200000325194,-0.20334099999906174,-0.002632999999999999,0.0006519999999794816,0.0012830000000104288
192,0.3856624690015451,0.035103898423211766,-0.4952393115939137,-3.010357938423671,0.006934683026354774,0.024125101016624552,-0.011900989087724374,0.09158199999999987,0.05867200000325194,-0.20334099999906174,-0.002632999999999999,0.0006519999999794816,0.0012830000000104288
193,0.3876613250031369,0.189959370538179,-0.38316637489010646,-3.0699885460491796,0.0034982511393101805,0.036010609732324485,-0.007390256815004065,0.12158199999999986,0.09867200000341186,-0.21334099999842207,-0.006632999999999998,-0.002348000000036511,0.0022829999999624535
194,0.3896724730002461,0.04599974590283147,-0.5500913236988012,-3.028655081723967,0.005507856083484415,0.028904459928351316,-0.01637251027246636,0.12158199999999986,0.09867200000341186,-0.21334099999842207,-0.006632999999999998,-0.002348000000036511,0.0022829999999624535
195,0.39165014900208917,0.2820084382270444,-0.8633188027285524,-2.923580554801397,0.029415953969293227,0.01580296541416151,0.0022062892759454186,0.12158199999999986,0.09867200000341186,-0.21334099999842207,-0.006632999999999998,-0.002348000000036511,0.0022829999999624535
196,0.39365997500135563,-0.09114415842925049,-0.2405184553758447,-2.747108554836927,0.006951178101784845,0.009267931312352129,-0.0046781563959757844,0.12158199999999986,0.09867200000341186,-0.21334099999842207,-0.006632999999999998,-0.002348000000036511,0.0022829999999624535
197,0.39566220700362464,0.12634441508317323,-0.9708846270908084,-2.8641074930306916,0.030880159248535464,0.015366667464244223,-0.0015017617188882706,0.12158199999999984,0.05867200000405155,-0.25333999999906176,-0.002632999999999999,-0.0013480000000205185,0.0012829999999784437
198,0.3976696290046675,-0.4073904337445946,-0.557684359751524,-2.5999685166076705,0.021778909409455267,0.0013706473117444731,-0.017823400817343744,0.12158199999999984,0.05867200000405155,-0.25333999999906176,-0.002632999999999999,-0.0013480000000205185,0.0012829999999784437
199,0.3996488870034227,0.024472986241221416,-0.7602196560992569,-2.2110733519877916,0.03093436110563772,0.008762732621158942,-0.009584046064567487,0.12158199999999984,0.05867200000405155,-0.25333999999906176,-0.002632999999999999,-0.0013480000000205185,0.0012829999999784437
200,0.40167193800152745,0.30526003047409767,-0.6223177867034164,-2.709086017192058,0.020176996687389183,0.02623633943325177,-0.004220990062338674,0.12158199999999984,0.05867200000405155,-0.25333999999906176,-0.002632999999999999,-0.0013480000000205185,0.0012829999999784437
201,0.40371137000329327,-0.19497613333280445,-0.7350365981843334,-2.6216758358622396,0.025559039286505,-0.005699595473839295,-0.0056701710891760935,0.08158199999999978,0.05867200000581073,-0.36333999999906175,0.0003669999999999995,0.0036520000000114664,-0.0007169999999415954
202,0.40569421499822056,-0.4472624398575924,-0.21665826074342368,-2.443088662214189,0.0030023873212847315,0.0062629261794774635,0.0041325471594000915,0.08158199999999978,0.05867200000581073,-0.36333999999906175,0.0003669999999999995,0.0036520000000114664,-0.0007169999999415954
203,0.40765997899870854,0.19889741141533318,-0.47589042236783996,-2.286307666173108,0.009271391612087926,0.015044089395441189,-0.006776867733599419,0.08158199999999978,0.05867200000581073,-0.36333999999906175,0.0003669999999999995,0.0036520000000114664,-0.0007169999999415954
204,0.4096754950005561,0.14394407270189116,-0.5294274462280559,-2.75978307747055,0.002514977065151845,0.016547190084510915,-0.012755268494471434,0.08158199999999978,0.05867200000581073,-0.36333999999906175,0.0003669999999999995,0.0036520000000114664,-0.0007169999999415954
205,0.4116714449992287,-0.38004046367731703,-0.787489229662286,-2.679201736737361,0.02777777918957423,0.004728185748007637,0.0012076618957752275,0.11158199999999975,0.05867200000645042,-0.40333899999906175,-0.0006329999999999998,0.0006519999999954741,0.0002830000000104275
206,0.41367428800003836,0.2289409684135937,-0.8986890877226247,-2.0080287855638286,0.06660179839374467,-0.004288444631612387,0.0077000649561206735,0.11158199999999975,0.05867200000645042,-0.40333899999906175,-0.0006329999999999998,0.0006519999999954741,0.0002830000000104275
207,0.4156613320010365,0.15737113136453854,-1.006880239784011,-2.030143959925579,0.046736296647936604,0.0017721510172033765,0.004858688189646047,0.11158199999999975,0.05867200000645042,-0.40333899999906175,-0.0006329999999999998,0.0006519999999954741,0.0002830000000104275
208,0.41767124800389865,0.4833235942870585,-0.7979131609740686,-2.0154571908963503,0.0405729574304591,0.009721719927178584,0.00385121508815662,0.11158199999999975,0.05867200000645042,-0.40333899999906175,-0.0006329999999999998,0.0006519999999954741,0.0002830000000104275
209,0.4197241549991304,-0.16322232750679028,-0.653132122968943,-1.9261427964826185,0.04923619273387915,-0.013115910038585116,0.0015898866089668565,0.11158199999999976,0.09867200000597066,-0.373340999998422,-0.003632999999999999,-0.0003480000000205185,0.001282999999994437
210,0.4216697209994891,0.13524196436559766,-0.934792950491797,-1.9705324744889208,0.05305548492968959,0.005457516783994698,0.0070314692450266685,0.11158199999999976,0.09867200000597066,-0.373340999998422,-0.003632999999999999,-0.0003480000000205185,0.001282999999994437
211,0.42365328800224233,-0.35735338249463433,-0.8097806795893299,-2.6098083061567836,0.03420033905640581,-0.001530677119396002,0.007155777483315043,0.11158199999999976,0.09867200000597066,-0.373340999998422,-0.003632999999999999,-0.0003480000000205185,0.001282999999994437
212,0.42567517600400606,-0.08853353253820584,-1.1113838649607637,-2.2523036841296626,0.04502523079422819,0.0044119620858811045,-0.005329304351972806,0.11158199999999976,0.09867200000597066,-0.373340999998422,-0.003632999999999999,-0.0003480000000205185,0.001282999999994437
213,0.4276694830041379,0.03280845532956625,-1.376284466122831,-1.9782050660212005,0.06396998516669586,0.0008509627966626832,0.0011679949341458556,0.11158199999999974,0.11867200000661035,-0.41333999999810217,-0.003632999999999999,0.0006519999999794816,0.0012830000000104294
214,0.42967976000363706,-0.299461313001928,-0.8768053732886854,-2.0084814203193764,0.05236991522138368,-0.01815309435891734,0.008512179564536902,0.11158199999999974,0.11867200000661035,-0.41333999999810217,-0.003632999999999999,0.0006519999999794816,0.0012830000000104294
215,0.4316592600007425,-0.06844307950532784,-1.2099394141060187,-2.0973740330782014,0.06104649821698047,-0.010530038103234156,-0.007632279782560602,0.11158199999999974,0.11867200000661035,-0.41333999999810217,-0.003632999999999999,0.0006519999999794816,0.0012830000000104294
216,0.43367125000077067,0.027777795261325525,-0.7924841309759586,-2.89698860255307,0.016973454569111066,0.024718786673780968,-0.0027714421350173105,0.11158199999999974,0.11867200000661035,-0.41333999999810217,-0.003632999999999999,0.0006519999999794816,0.0012830000000104294
217,0.4356676410025102,0.3297768276262542,-0.8507527370518622,-2.6196390304380017,0.009785413209017529,0.031136812102563718,-0.010288081860542964,0.16158199999999978,0.11867200000597067,-0.3733409999981022,-0.008632999999999997,-0.007348000000068497,0.004282999999882493
218,0.43765612700372003,0.34974704341607465,-0.6238741543539857,-2.3447878851673276,0.010629997176518063,0.028747118356254032,-0.01032038136081913,0.16158199999999978,0.11867200000597067,-0.3733409999981022,-0.008632999999999997,-0.007348000000068497,0.004282999999882493
219,0.4396543910042965,-0.31432296676600086,-0.8531078283050112,-2.2136526422253597,0.02161967287382447,0.01488255930144271,-0.014627375639139486,0.16158199999999978,0.11867200000597067,-0.3733409999981022,-0.008632999999999997,-0.007348000000068497,0.004282999999882493
220,0.4416629550032667,0.16083968967224646,-0.5438462299871555,-2.98936652497173,0.00545262670915234,0.02297780294017703,-0.015484965164223543,0.16158199999999978,0.11867200000597067,-0.3733409999981022,-0.008632999999999997,-0.007348000000068497,0.004282999999882493
221,0.4436623720030184,0.2267076550614287,-1.172082914287663,-1.9897660900524121,0.058384952919680905,-0.005845068963370427,0.00889568550643771,0.1715819999999998,0.10867200000597067,-0.37334099999826215,-0.007632999999999997,-0.006348000000068497,0.004282999999898484
222,0.44564981599978637,0.05205969718008682,-1.047973840717566,-2.3854561925584448,0.04058203442418758,0.007048696983260449,0.008400537152483902,0.1715819999999998,0.10867200000597067,-0.37334099999826215,-0.007632999999999997,-0.006348000000068497,0.004282999999898484
223,0.4476606329990318,-0.22956115461425675,-1.4272664212769777,-2.0940725120132897,0.06089516139449317,-0.008058396456189833,0.007828743555913871,0.1715819999999998,0.10867200000597067,-0.37334099999826215,-0.007632999999999997,-0.006348000000068497,0.004282999999898484
224,0.4496508829979575,0.09168118751837766,-1.1439333794765212,-1.9274679264598642,0.0445903473910209,0.0002752143291291352,0.0019230764216540566,0.1715819999999998,0.10867200000597067,-0.37334099999826215,-0.007632999999999997,-0.006348000000068497,0.004282999999898484
225,0.4516679930020473,-0.20539008418759216,-1.1863959942510005,-1.8961657207797407,0.05545802004587286,-0.004287640950047703,0.002385280776246162,0.1215819999999998,0.10867200000485117,-0.30333899999826214,-0.004632999999999998,-0.002348000000036511,0.0022829999999624522
226,0.45365612800378585,0.1809295944634833,-0.9896544873519328,-1.8616020258003916,0.05614271147876658,-0.00403492189153683,0.0023509028649842233,0.1215819999999998,0.10867200000485117,-0.30333899999826214,-0.004632999999999998,-0.002348000000036511,0.0022829999999624522
227,0.45565185799932806,-0.48189092822983787,-0.9875258429113525,-2.263156227548523,0.043015036759510225,-0.0010710214523871327,-0.0072589345410652975,0.1215819999999998,0.10867200000485117,-0.30333899999826214,-0.004632999999999998,-0.002348000000036511,0.0022829999999624522
228,0.4576483390046633,0.4053890055487681,-0.8507212479331071,-2.6276978965919553,0.020234650365239193,0.022927549833944186,0.0035414927190179583,0.1215819999999998,0.10867200000485117,-0.30333899999826214,-0.004632999999999998,-0.002348000000036511,0.0022829999999624522
229,0.45965122200141195,0.10804635777012242,-0.7191944152930744,-2.9722112116717327,0.010233368490847675,0.03446534638433341,-0.009159856182544925,0.08158199999999992,0.06867200000213243,-0.13333899999890184,-0.0026329999999999986,-0.002348000000036511,0.002282999999962451
230,0.4616631620010594,0.14296217366949257,-0.45981531959532784,-3.0455644846415346,0.0038120380673181773,0.02959075595577462,-0.013487074337389108,0.08158199999999992,0.06867200000213243,-0.13333899999890184,-0.0026329999999999986,-0.002348000000036511,0.002282999999962451
231,0.4636423810006818,0.20233108016183643,-0.5782325068339421,-2.222196199749615,0.029105607504657266,0.003211243739066125,-0.005010153661382509,0.08158199999999992,0.06867200000213243,-0.13333899999890184,-0.0026329999999999986,-0.002348000000036511,0.002282999999962451
232,0.465646356002253,0.24495804335519275,-0.5116523585769205,-1.9646237945482248,0.03408838290273397,0.003739098948108436,0.009684593623120212,0.08158199999999992,0.06867200000213243,-0.13333899999890184,-0.0026329999999999986,-0.002348000000036511,0.002282999999962451
233,0.46765744499862194,0.1021488116994186,-0.5673547138347812,-1.9115092710908663,0.04302827853990953,-0.003925438159715633,0.0023622756680968518,0.09158199999999993,0.08867200000181259,-0.11333999999858196,-0.003632999999999999,-0.0003480000000205185,0.001282999999994437
234,0.4696624720018008,0.16019286063140692,-0.8968206449910235,-2.0369564809758636,0.04275235714626976,0.0013384988345179693,0.005387988374132197,0.09158199999999993,0.08867200000181259,-0.11333999999858196,-0.003632999999999999,-0.0003480000000205185,0.001282999999994437
235,0.47165627800131915,0.4642503801658721,-0.8366497890878986,-1.9742255429989655,0.04865708685568417,0.007220987458121161,0.007383890716338818,0.09158199999999993,0.08867200000181259,-0.11333999999858196,-0.003632999999999999,-0.0003480000000205185,0.001282999999994437
236,0.4736636390007334,0.2713420627619724,-0.9852483163380883,-2.284813660662619,0.04246461908164952,0.005580199239812701,0.0026287543256804107,0.09158199999999993,0.08867200000181259,-0.11333999999858196,-0.003632999999999999,-0.0003480000000205185,0.001282999999994437
237,0.47566597100376384,-0.6301168374951231,-1.110374554502658,-2.0660784566528636,0.06291882432039012,-0.020786140425966777,0.004488660466374206,0.13158199999999978,0.08867200000549089,-0.34333999999858195,-0.0016329999999999997,0.0016519999999954741,0.0002830000000264207
238,0.4776648370025214,0.3660334928873848,-0.9643967201513844,-1.9587978982037617,0.04212795102607313,0.007277436956269004,0.002570398628661545,0.13158199999999978,0.08867200000549089,-0.34333999999858195,-0.0016329999999999997,0.0016519999999954741,0.0002830000000264207
239,0.4796757250005612,-0.010528970295404507,-0.9530659492010216,-1.994134609973095,0.04957774392844255,-0.00022225231563078598,0.006971251060668975,0.13158199999999978,0.08867200000549089,-0.34333999999858195,-0.0016329999999999997,0.0016519999999954741,0.0002830000000264207
240,0.4816729669983033,-0.06257655599132919,-1.0325294911686793,-1.75145911052847,0.05393437118416594,-0.012574878692223812,-0.0002987707163298201,0.13158199999999978,0.08867200000549089,-0.34333999999858195,-0.0016329999999999997,0.0016519999999954741,0.0002830000000264207
241,0.48365544200350996,-0.2870804133458158,-0.5969231084493858,-2.3129330034642233,0.02569840411617193,-0.001959639040289476,-0.0065850062136257916,0.04158199999999989,0.07867200000277215,-0.17333999999874186,0.0013669999999999989,0.005652000000027459,-0.001716999999909611
242,0.48566664100508206,0.41098918977121124,-1.3009834828571587,-1.8274211355687406,0.05932709348159961,0.002073234941486197,0.0036630154096524434,0.04158199999999989,0.07867200000277215,-0.17333999999874186,0.0013669999999999989,0.005652000000027459,-0.001716999999909611
243,0.4876442259992473,-0.62807994879845,-0.8947737456668072,-1.8874812452221448,0.0501433391745379,-0.02427092011617109,0.00661311060728479,0.04158199999999989,0.07867200000277215,-0.17333999999874186,0.0013669999999999989,0.005652000000027459,-0.001716999999909611
244,0.48963302300398936,0.270787808220509,-1.1278478467805169,-2.1828520919669976,0.0524502500520359,-0.004795291079504262,0.0018813580298075588,0.04158199999999989,0.07867200000277215,-0.17333999999874186,0.0013669999999999989,0.005652000000027459,-0.001716999999909611
245,0.49165193600492785,0.32152164997584487,-0.8779869754284112,-1.7630966054357387,0.04615550323146949,-0.0029026195891249038,0.0025677294667548743,0.05158199999999995,0.058672000001492745,-0.09333999999906173,0.00036699999999999954,0.0026520000000114664,-0.0007169999999575879
246,0.49365997900167713,0.21374419643249037,-0.8843005576451624,-2.1284985245060146,0.03624737482911386,0.009796905229148304,-0.00825657579187441,0.05158199999999995,0.058672000001492745,-0.09333999999906173,0.00036699999999999954,0.0026520000000114664,-0.0007169999999575879
247,0.49564574000396533,0.34470997768607436,-0.5040477135831514,-2.664558602516307,0.00025588001819043207,0.0310024559577088,-0.011767540361061911,0.05158199999999995,0.058672000001492745,-0.09333999999906173,0.00036699999999999954,0.0026520000000114664,-0.0007169999999575879
248,0.4976577300039935,-0.43641534712745916,-1.2220779364639411,-2.0171934100426756,0.05338477829056348,-0.003964119849465235,-0.008281289951523404,0.05158199999999995,0.058672000001492745,-0.09333999999906173,0.00036699999999999954,0.0026520000000114664,-0.0007169999999575879
249,0.4996531690048869,-0.20508176782659016,-0.824783073060582,-1.853100645713663,0.044479470509188566,-0.01070369742739675,0.0012665480463326221,0.09158199999999994,0.07867200000133283,-0.08333999999874189,-0.004632999999999998,-0.002348000000036511,0.0022829999999624522
250,0.501681430003373,0.41270819998794733,-0.8253218597699177,-2.1917702365762137,0.037993999719716405,0.00025441882859808084,-0.0027603636303145922,0.09158199999999994,0.07867200000133283,-0.08333999999874189,-0.004632999999999998,-0.002348000000036511,0.0022829999999624522
251,0.5037031579995528,0.14132184657995864,-0.869029448937353,-1.9437463434893438,0.04687052192281654,-0.010959122552968622,0.0004118674446917897,0.09158199999999994,0.07867200000133283,-0.08333999999874189,-0.004632999999999998,-0.002348000000036511,0.0022829999999624522
252,0.5056815550051397,0.20424564640071405,-0.8908836676851714,-1.9608577022146532,0.048149428106619055,-0.005213475420857849,0.00883633339453515,0.09158199999999994,0.07867200000133283,-0.08333999999874189,-0.004632999999999998,-0.002348000000036511,0.0022829999999624522
253,0.5076584900016314,-0.3262023109037501,-0.6503046103859413,-2.829796069209745,0.011628525584257494,0.004867327786476943,-0.011187129585202684,0.08158199999999988,0.068672000003092,-0.19333999999890183,-0.0016329999999999997,0.0006519999999954741,0.0002830000000104282
254,0.5096515149998595,-0.16237119384253992,-1.1425649202013486,-2.8832550515780047,0.020730900620460842,0.023745784218606077,-0.002476037073059969,0.08158199999999988,0.068672000003092,-0.19333999999890183,-0.0016329999999999997,0.0006519999999954741,0.0002830000000104282
255,0.5116658190017915,-0.36507174871607984,-0.9143523651775568,-2.338588021629973,0.033221433757371875,0.0019849522486160326,-0.0035363801194373354,0.08158199999999988,0.068672000003092,-0.19333999999890183,-0.0016329999999999997,0.0006519999999954741,0.0002830000000104282
256,0.5136699750000844,0.39227614907273434,-1.01102654031352,-2.2328754991841984,0.053544549652502396,0.006590353590971896,0.002181205720387941,0.08158199999999988,0.068672000003092,-0.19333999999890183,-0.0016329999999999997,0.0006519999999954741,0.0002830000000104282
257,0.5156745909989695,-0.3183131202811867,-1.0956242910020038,-2.31215384191735,0.053253237631885025,-0.021252148961684352,0.00836385627130596,0.1015819999999999,0.07867200000293208,-0.1833399999987419,-0.003632999999999999,-0.0013480000000205185,0.0012829999999784444
258,0.51767404700513,0.22698747977362335,-1.1098788937244801,-2.1415649630463474,0.05490982703474456,-0.005993593282135419,-0.0008101631585141525,0.1015819999999999,0.07867200000293208,-0.1833399999987419,-0.003632999999999999,-0.0013480000000205185,0.0012829999999784444
259,0.5196757080047973,-0.16454985520369347,-0.39096296307193495,-1.8545635775674572,0.036041848235238816,-0.012259310555732457,-0.0045417265368603785,0.1015819999999999,0.07867200000293208,-0.1833399999987419,-0.003632999999999999,-0.0013480000000205185,0.0012829999999784444
260,0.52166942400072,-0.1919573699205092,-0.5235686482067875,-2.6920170962389776,0.007704485805481054,0.021480302972724998,-0.00999674139100554,0.1015819999999999,0.07867200000293208,-0.1833399999987419,-0.003632999999999999,-0.0013480000000205185,0.0012829999999784444
261,0.5236546439991798,-0.11517658671489468,-0.5867439042703347,-2.2600202597808656,0.01876712890698394,0.011396336686936294,-0.0006779949130186231,0.14158199999999982,0.0786720000050111,-0.31333899999874193,-0.005632999999999999,-0.0013480000000205185,0.0012829999999784457
262,0.5256543010036694,0.01196298359057837,-0.7815708161883835,-1.8811918784512547,0.05018883967151066,-0.015738393489034854,0.003989880902717218,0.14158199999999982,0.0786720000050111,-0.31333899999874193,-0.005632999999999999,-0.0013480000000205185,0.0012829999999784457
263,0.5276447409996763,-0.16370190201265553,-0.2954811661526674,-1.8975830875903474,0.026226042495872764,-0.01852236048927285,-0.0007646613116635586,0.14158199999999982,0.0786720000050111,-0.31333899999874193,-0.005632999999999999,-0.0013480000000205185,0.0012829999999784457
264,0.5296291289996589,-0.5580020173433742,-0.9743029709215176,-1.9410293682800568,0.05511543470019401,-0.028833916102412475,0.009137342284831715,0.14158199999999982,0.0786720000050111,-0.31333899999874193,-0.005632999999999999,-0.0013480000000205185,0.0012829999999784457
265,0.531655076003517,0.10201806271342556,-1.167575356635089,-1.8175597070739187,0.05467913801508349,-0.006029096507501314,-0.002643125743083806,0.10158199999999996,0.07867200000101296,-0.0633389999987419,-0.006632999999999998,-0.0053480000000525035,0.003282999999914476
266,0.5336732970026787,0.14740458374238954,-0.4692966685947861,-2.178139857550894,0.023905132112870268,0.014465727221406594,-0.004011081718067788,0.10158199999999996,0.07867200000101296,-0.0633389999987419,-0.006632999999999998,-0.0053480000000525035,0.003282999999914476
267,0.535646504999022,-0.5900799801482834,-0.9530626299507927,-1.868676353207881,0.046900496770774756,-0.023317111788562838,-0.0004358025920107447,0.10158199999999996,0.07867200000101296,-0.0633389999987419,-0.006632999999999998,-0.0053480000000525035,0.003282999999914476
268,0.5376607090001926,-0.5431065172496102,-0.8272140954791947,-2.02546189320691,0.0406130994427567,-0.028994236721653553,-0.00014676870567226918,0.10158199999999996,0.07867200000101296,-0.0633389999987419,-0.006632999999999998,-0.0053480000000525035,0.003282999999914476
269,0.5396490350030945,0.017595353190695495,-0.49797467489794406,-1.71361592978901,0.03342766814913928,-0.011272515436417293,0.0016233896064102016,0.13158199999999995,0.10867200000133283,-0.08333999999826214,-0.007632999999999998,-0.0043480000000525034,0.003282999999930469
270,0.5416515580000123,0.13733224880591408,-0.5097793413076956,-1.7071270133198593,0.026072478923233323,0.001317303453435174,-0.01100274044668707,0.13158199999999995,0.10867200000133283,-0.08333999999826214,-0.007632999999999998,-0.0043480000000525034,0.003282999999930469
271,0.5436505629986641,0.04010660549018673,-0.6266347804760252,-1.9687433180601368,0.03364056033740905,-0.00551515495982797,0.0035094862017380113,0.13158199999999995,0.10867200000133283,-0.08333999999826214,-0.007632999999999998,-0.0043480000000525034,0.003282999999930469
272,0.5456584159983322,0.11185625645594381,-0.8769323440829199,-1.7743951409414067,0.050043241270654536,-0.005864597012092776,0.0024446468037215693,0.13158199999999995,0.10867200000133283,-0.08333999999826214,-0.007632999999999998,-0.0043480000000525034,0.003282999999930469
273,0.5476527420032653,-0.019146823776580852,-1.123627367063322,-2.0380697015038294,0.058177549343408456,-0.00876658736951273,0.013537012441930195,0.11158199999999985,0.13867200000389163,-0.24333999999778236,-0.003633,0.0006519999999954741,0.0002830000000104294
274,0.5496643720034626,0.5609185827034112,-0.8585527963758027,-2.0537298801607444,0.036156236069213706,0.007781974882091446,-0.003721854052687251,0.11158199999999985,0.13867200000389163,-0.24333999999778236,-0.003633,0.0006519999999954741,0.0002830000000104294
275,0.5516435610043118,-0.3655862705994307,-0.731911306604446,-1.6449478736350616,0.043967425094956866,-0.01583548217066198,0.009321169955821046,0.11158199999999985,0.13867200000389163,-0.24333999999778236,-0.003633,0.0006519999999954741,0.0002830000000104294
276,0.5536619429985876,-0.3583761787207198,-0.9529193915015983,-2.0277104072491627,0.04507526095774786,-0.018856513666059574,0.007878404656153606,0.11158199999999985,0.13867200000389163,-0.24333999999778236,-0.003633,0.0006519999999954741,0.0002830000000104294
277,0.5556524230050854,0.05024564310851908,-1.2645941204130031,-1.5479724163617608,0.058783799416842454,-0.006547685891975007,0.0003179057781935373,0.07158199999999995,0.08867200000149275,-0.09333999999858196,-0.0006329999999999998,0.0016519999999954741,0.00028300000002642005
278,0.557667509005114,-0.01085149409879248,-0.6382596318346536,-1.8583331176516926,0.03479437923187348,-0.0006848125891975235,-0.007550772494057526,0.07158199999999995,0.08867200000149275,-0.09333999999858196,-0.0006329999999999998,0.0016519999999954741,0.00028300000002642005
279,0.5596432410020498,-0.1888946097079735,-1.1373641986917125,-1.9982797997544695,0.053749297815337535,-0.013486006268137897,0.009642030610931988,0.07158199999999995,0.08867200000149275,-0.09333999999858196,-0.0006329999999999998,0.0016519999999954741,0.00028300000002642005
280,0.5616498710005544,0.23734522813410527,-0.914729187842729,-1.897227715996566,0.04412943740984695,0.0059275583994815514,-0.0003721597567261295,0.07158199999999995,0.08867200000149275,-0.09333999999858196,-0.0006329999999999998,0.0016519999999954741,0.00028300000002642005
281,0.5636445390045992,0.45865508877850414,-1.2052405997068263,-1.6923102896739357,0.054229727055573926,0.010982526311278901,0.009597072167625911,0.051581999999999885,0.06867200000293207,-0.1833399999989018,-0.0006330000000000004,0.0036520000000114664,-0.0007169999999415949
282,0.5656669279997004,-0.050238041798598296,-0.8634442491325273,-1.871959523447613,0.04333485078503578,-0.011603854558965338,0.001630789048023944,0.051581999999999885,0.06867200000293207,-0.1833399999989018,-0.0006330000000000004,0.0036520000000114664,-0.0007169999999415949
283,0.5676416190035525,-0.11066768756422825,-1.001878402924063,-1.8283430032220347,0.041471710538117504,-0.004190189376725543,0.009544286926634164,0.051581999999999885,0.06867200000293207,-0.1833399999989018,-0.0006330000000000004,0.0036520000000114664,-0.0007169999999415949
284,0.5696620750022703,0.10460421512629016,-1.2216417255834882,-2.0853501889077326,0.05612995885485644,-0.005151521040451746,0.005788177726429644,0.051581999999999885,0.06867200000293207,-0.1833399999989018,-0.0006330000000000004,0.0036520000000114664,-0.0007169999999415949
285,0.5716476550005609,-0.1736204492972482,-1.0222046624571453,-1.8626505682616628,0.047338427276018315,-0.0018080169891345648,0.007167536865897508,0.07158199999999994,0.1086720000018126,-0.1133399999982621,-0.003633,0.0006519999999954741,0.0002830000000104294
286,0.5736666680022608,0.08012657318680848,-1.1253036484257781,-1.7778248222262276,0.056689935683959164,-0.005643895330501204,0.0042899113903038895,0.07158199999999994,0.1086720000018126,-0.1133399999982621,-0.003633,0.0006519999999954741,0.0002830000000104294
287,0.5756443150021369,0.016269305414899588,-0.8917019652002763,-2.1071391503289623,0.04915719442178492,0.004730285172833522,0.003915235763509646,0.07158199999999994,0.1086720000018126,-0.1133399999982621,-0.003633,0.0006519999999954741,0.0002830000000104294
288,0.5776637189992471,-0.2860579352363351,-1.022697182349519,-2.5783684178560247,0.03241789424762081,0.008615705436131355,-0.0017284225663904745,0.07158199999999994,0.1086720000018126,-0.1133399999982621,-0.003633,0.0006519999999954741,0.0002830000000104294
289,0.5796727030028705,0.2618496462472946,-1.027125437186844,-1.483706906360692,0.05383941378839702,-0.0015975421413470243,0.002634516652724605,0.11158199999999995,0.11867200000149275,-0.0933399999981022,-0.006632999999999998,-0.002348000000036511,0.0022829999999624535
290,0.5816620500045246,-0.16955940608217396,-0.8919797540072989,-1.8021337002254683,0.053681456806213786,-0.009196948239242017,0.005500338668645004,0.11158199999999995,0.11867200000149275,-0.0933399999981022,-0.006632999999999998,-0.002348000000036511,0.0022829999999624535
291,0.5836455070020747,-0.2249817904717491,-0.9585482705159593,-2.0313976178069093,0.0454898427945455,-0.006644967545360029,0.005015191758295451,0.11158199999999995,0.11867200000149275,-0.0933399999981022,-0.006632999999999998,-0.002348000000036511,0.0022829999999624535
292,0.5856613540017861,0.15383817733456473,-0.7565173988280496,-1.782256718608814,0.048857758774722745,-0.0034462122104661906,0.0019244785814353242,0.11158199999999995,0.11867200000149275,-0.0933399999981022,-0.006632999999999998,-0.002348000000036511,0.0022829999999624535
293,0.5876510829984909,0.2804739422601228,-0.8529616426319719,-1.8936220556459795,0.039107825795835514,0.00865525061906241,0.0025520445749893047,0.09158199999999984,0.1286720000037317,-0.23333899999794225,-0.005632999999999999,0.0006519999999794816,0.0012830000000104307
294,0.5896692649985198,0.1048947311338943,-0.563404765287881,-2.831937505045307,0.01596428998721273,0.025684983422410164,-0.005041964083875491,0.09158199999999984,0.1286720000037317,-0.23333899999794225,-0.005632999999999999,0.0006519999999794816,0.0012830000000104307
295,0.5916400880014407,0.19688524489216153,-0.5362779239611984,-2.267163679853696,0.02546726976785648,0.01997191803000115,0.0043623714990463774,0.09158199999999984,0.1286720000037317,-0.23333899999794225,-0.005632999999999999,0.0006519999999794816,0.0012830000000104307
296,0.5936632189986994,0.2300880011590934,-1.147009684934295,-2.1543031993177015,0.0687623411520544,-0.004720518539199665,0.00048262305116046644,0.09158199999999984,0.1286720000037317,-0.23333899999794225,-0.005632999999999999,0.0006519999999794816,0.0012830000000104307
297,0.5956542200001422,0.2683741036215685,-1.1300880256914227,-1.9939031072746662,0.053944633939045215,-0.0031184006995034273,0.0046445040017267444,0.08158199999999985,0.12867200000405155,-0.25333999999794227,-0.005632999999999999,0.0006519999999794816,0.0012830000000104307
298,0.5976733930001501,0.10616247853262054,-1.0662576103864982,-2.295766951853477,0.04984558216800182,-0.0035861323785898284,0.004106772008460363,0.08158199999999985,0.12867200000405155,-0.25333999999794227,-0.005632999999999999,0.0006519999999794816,0.0012830000000104307
299,0.5996633719987585,0.8167908931301331,-1.1423667659041272,-2.240311260051783,0.04954871139864434,0.013478628990603517,0.0010735679918944124,0.08158199999999985,0.12867200000405155,-0.25333999999794227,-0.005632999999999999,0.0006519999999794816,0.0012830000000104307
300,0.6016768350018538,0.07203257132043125,-1.0186521351784732,-1.8043069202819786,0.06230490648019467,-0.012944667172441787,0.0023857196073698724,0.08158199999999985,0.12867200000405155,-0.25333999999794227,-0.005632999999999999,0.0006519999999794816,0.0012830000000104307
301,0.6037170979980147,-0.23825343264584756,-0.5373353220280366,-2.5245888046362044,0.0047672017846107,0.016645198370024136,0.000973567599539527,0.10158199999999976,0.08867200000645041,-0.40333899999858197,-0.0016329999999999997,0.0016519999999954741,0.0002830000000264207
302,0.6056985910036019,0.5304828520212665,-0.2923521172797414,-2.345252868470352,0.002799603366803424,0.03617008068833587,-0.013330106188764835,0.10158199999999976,0.08867200000645041,-0.40333899999858197,-0.0016329999999999997,0.0016519999999954741,0.0002830000000264207
303,0.607641071001126,0.21913376543348342,-0.604539401732314,-2.714436716443418,0.013674182954965827,0.028023152205324257,-0.006688256420026942,0.10158199999999976,0.08867200000645041,-0.40333899999858197,-0.0016329999999999997,0.0016519999999954741,0.0002830000000264207
304,0.6096641920012189,0.36079069133223624,-0.9497175832226726,-2.15959623691428,0.04141665996609939,0.014816694515815186,0.0025953065662001353,0.10158199999999976,0.08867200000645041,-0.40333899999858197,-0.0016329999999999997,0.0016519999999954741,0.0002830000000264207
305,0.6116496129980078,0.34145580057506747,-0.8965630601685188,-2.0537990680544165,0.04872434294569668,0.0028334507653912213,0.004743589149406484,0.06158199999999988,0.02867200000293207,-0.1833399999995415,0.00036699999999999954,0.0006520000000114666,-0.0007169999999895731
306,0.6136635660004686,0.12862538089038988,-0.8783594077932505,-1.6819084381605065,0.050490298453450135,0.0031021979191272198,0.01054300879226707,0.06158199999999988,0.02867200000293207,-0.1833399999995415,0.00036699999999999954,0.0006520000000114666,-0.0007169999999895731
307,0.6156434760050615,0.3773329359910924,-0.8143759925355517,-2.0818587799649757,0.03835673787721928,0.011300274681193932,0.004755537652719939,0.06158199999999988,0.02867200000293207,-0.1833399999995415,0.00036699999999999954,0.0006520000000114666,-0.0007169999999895731
308,0.6176627800014103,0.2882101615135067,-1.061199102076386,-1.8609069994887195,0.0530635543659192,0.004997118630915508,-6.690750767146845e-06,0.06158199999999988,0.02867200000293207,-0.1833399999995415,0.00036699999999999954,0.0006520000000114666,-0.0007169999999895731
309,0.6197104169987142,0.5867313703636516,-0.6385249291890952,-1.8178721671215357,0.052496412855635756,0.00723251188452614,0.005703595692578695,0.11158199999999986,0.05867200000357176,-0.22333899999906176,-0.0006329999999999992,-0.0003480000000205184,0.001282999999994435
310,0.621657525000046,0.6037617048414193,-1.1628530366160679,-2.29965421053847,0.04265994176894347,0.02564746500379278,-0.0014874932918036504,0.11158199999999986,0.05867200000357176,-0.22333899999906176,-0.0006329999999999992,-0.0003480000000205184,0.001282999999994435
311,0.6236481960004312,0.01775136826283523,-0.6975199646250937,-2.428559559647362,0.02716429935863925,0.007865605383915165,0.0017769348813796294,0.11158199999999986,0.05867200000357176,-0.22333899999906176,-0.0006329999999999992,-0.0003480000000205184,0.001282999999994435
312,0.625660006000544,-0.08338004185927127,-0.40648003241785646,-2.6137565738040345,0.011504535660548433,0.011649776412135873,-0.0014698774967427904,0.11158199999999986,0.05867200000357176,-0.22333899999906176,-0.0006329999999999992,-0.0003480000000205184,0.001282999999994435
313,0.6276538020028966,-0.2380109482792588,-0.8316543067104721,-2.8507724367194567,0.01846945473611402,0.008501742568295632,-0.01001707073343112,0.14158199999999985,0.04867200000421148,-0.2633399999992217,0.00036700000000000014,0.0016519999999954741,0.00028300000002641945
314,0.6296680360028404,0.04535545731387362,-0.6643340638816814,-2.6200443041331574,0.025053725258318633,0.018743473112034694,-0.002016119839029257,0.14158199999999985,0.04867200000421148,-0.2633399999992217,0.00036700000000000014,0.0016519999999954741,0.00028300000002641945
315,0.6316451009988668,0.21896623526294134,-0.4208170565225588,-2.653378937547242,0.013756473759751746,0.02165252382997587,-0.007292844830083621,0.14158199999999985,0.04867200000421148,-0.2633399999992217,0.00036700000000000014,0.0016519999999954741,0.00028300000002641945
316,0.6336660380038666,0.08965003887435723,-0.4607001121717725,-2.5645228550156087,0.009815437091387713,0.02617934295558105,0.0017722407411988766,0.14158199999999985,0.04867200000421148,-0.2633399999992217,0.00036700000000000014,0.0016519999999954741,0.00028300000002641945
317,0.635656097001629,0.22253232273416662,-0.45213098691378006,-2.706304204090956,0.0047159956447363465,0.03604995112135147,-0.00987640402589098,0.12158199999999976,0.06867200000613057,-0.3833389999989018,-0.0016329999999999997,0.0016519999999954741,0.0002830000000264207
318,0.6376605030018254,0.3461277534464029,-0.3052432883749249,-2.477572966922554,0.006616018281833002,0.03447381497980714,-0.004218532277520706,0.12158199999999976,0.06867200000613057,-0.3833389999989018,-0.0016329999999999997,0.0016519999999954741,0.0002830000000264207
319,0.6396437889998197,-0.3414823265584463,-0.8146567787328644,-2.4948817901149147,0.02200078598230795,0.010243780658189202,-0.007556523982593435,0.12158199999999976,0.06867200000613057,-0.3833389999989018,-0.0016329999999999997,0.0016519999999954741,0.0002830000000264207
320,0.6416708070028108,-0.45752008847534453,-0.6630629649989765,-2.752788607867014,0.01683417664270725,0.008686284867852816,-0.010161693271643195,0.12158199999999976,0.06867200000613057,-0.3833389999989018,-0.0016329999999999997,0.0016519999999954741,0.0002830000000264207
321,0.6436538730049506,0.37531398072229843,-0.9716615274903458,-2.861042495792422,0.02425100715528908,0.02562863130356614,-0.007320742306436064,0.1215819999999999,0.058672000002612225,-0.16333999999906176,-0.004632999999999998,-0.002348000000036511,0.0022829999999624522
322,0.6456656330046826,-0.01116327805316122,-0.5877424463134162,-2.6863257881571614,0.010656844667369146,0.0225812830798843,-0.002063823015614222,0.1215819999999999,0.058672000002612225,-0.16333999999906176,-0.004632999999999998,-0.002348000000036511,0.0022829999999624522
323,0.647648999998637,0.16448351822906282,-0.5480875898552817,-2.3892516770922536,0.015698162978526557,0.023786802789537008,-0.010529409532541346,0.1215819999999999,0.058672000002612225,-0.16333999999906176,-0.004632999999999998,-0.002348000000036511,0.0022829999999624522
324,0.6496591360046295,0.02185046563060748,-0.9049651622567905,-1.8899125194938835,0.052883693739071286,-0.014747554312164778,0.008333768215930485,0.1215819999999999,0.058672000002612225,-0.16333999999906176,-0.004632999999999998,-0.002348000000036511,0.0022829999999624522
325,0.6516576210051426,-0.12870681426662384,-0.7099982715677752,-2.1893174015631813,0.03585605723040422,-0.011317414951495292,0.00479419624167758,0.11158199999999989,0.06867200000293207,-0.18333999999890183,0.00036700000000000014,0.0006519999999954741,0.0002830000000104269
326,0.653657087997999,0.1572361137626221,-0.8195347020794644,-2.1672830680130506,0.04316982670914797,-0.00443042495808405,-0.0019515169507982536,0.11158199999999989,0.06867200000293207,-0.18333999999890183,0.00036700000000000014,0.0006519999999954741,0.0002830000000104269
327,0.6556519150035456,0.08522986020816468,-0.8979759419681265,-1.9349603479327533,0.040322286439372884,-0.006382012990667249,0.003322662071314701,0.11158199999999989,0.06867200000293207,-0.18333999999890183,0.00036700000000000014,0.0006519999999954741,0.0002830000000104269
328,0.6576544380004634,0.10632570039781525,-1.1526290531292493,-2.0450860007156932,0.04823474186264358,-0.0048192946564769015,0.003542367686976158,0.11158199999999989,0.06867200000293207,-0.18333999999890183,0.00036700000000000014,0.0006519999999954741,0.0002830000000104269
329,0.6597253479994833,-0.004215650483287695,-0.7176846879230462,-2.0040908616413766,0.03548702949275566,0.0045305342142735825,-0.0035154497159311008,0.04158199999999988,0.04867200000293207,-0.18333999999922165,0.0033669999999999993,0.005652000000027459,-0.0017169999999096122
330,0.6616752320041996,-0.4249267335756936,-0.11246026661115023,-2.8568326889048823,-0.009339023504776044,0.014263576287184755,-0.0041237832492308476,0.04158199999999988,0.04867200000293207,-0.18333999999922165,0.0033669999999999993,0.005652000000027459,-0.0017169999999096122
331,0.6636635980030405,0.2001570400475208,-0.23303514586619484,-2.9788425414381625,-0.0010805651946872216,0.020808118938441835,-0.015112900392895676,0.04158199999999988,0.04867200000293207,-0.18333999999922165,0.0033669999999999993,0.005652000000027459,-0.0017169999999096122
332,0.6656723220003187,0.06286627568307558,-0.5632815130961994,-2.203370580673523,0.03430510754669644,0.0031658644937723763,-0.005228213573487984,0.04158199999999988,0.04867200000293207,-0.18333999999922165,0.0033669999999999993,0.005652000000027459,-0.0017169999999096122
333,0.6676789220000501,0.2042716236964308,-0.8485493519864052,-2.092369623507418,0.04245955553505439,0.00040626169547371534,0.004907329644225866,0.031581999999999895,0.03867200000261222,-0.16333999999938156,0.0033669999999999998,0.004652000000011466,-0.0007169999999256048
334,0.6696697630031849,-0.23975048214444128,-0.5840240664117082,-2.050267077501768,0.03435510354302405,-0.004424142105676741,0.005918942378522002,0.031581999999999895,0.03867200000261222,-0.16333999999938156,0.0033669999999999998,0.004652000000011466,-0.0007169999999256048
335,0.6716654720003135,-0.2226626690442893,-0.6446676230680543,-1.6539117759065125,0.041099135248376245,-0.01275238828948919,-0.009675326824294735,0.031581999999999895,0.03867200000261222,-0.16333999999938156,0.0033669999999999998,0.004652000000011466,-0.0007169999999256048
336,0.6736603500030469,-0.22061037153171367,-0.8440552013793761,-2.3756720693866424,0.043703809357251974,-0.01320953430127596,0.001967515110081636,0.031581999999999895,0.03867200000261222,-0.16333999999938156,0.0033669999999999998,0.004652000000011466,-0.0007169999999256048
337,0.675659156004258,-0.19740239605682555,-0.5047857568057259,-3.0312480465687637,-0.0017030258141556135,0.02185051104541701,-0.005084397920706719,0.08158199999999993,0.06867200000181259,-0.1133399999989018,-0.0006329999999999992,-0.0013480000000205185,0.0012829999999784424
338,0.677661829002318,0.17794887906410908,-0.7533414765601881,-2.80527255157702,0.011975683965247072,0.04110395926821028,-0.015960833857130013,0.08158199999999993,0.06867200000181259,-0.1133399999989018,-0.0006329999999999992,-0.0013480000000205185,0.0012829999999784424
339,0.6796825650017126,0.2337217459811022,-0.2854115268530899,-2.7630952670396085,0.005110339879764951,0.034233266692819925,-0.0047335652535676846,0.08158199999999993,0.06867200000181259,-0.1133399999989018,-0.0006329999999999992,-0.0013480000000205185,0.0012829999999784424
340,0.6816712209983962,-0.2120638877422965,-0.8386525022547674,-1.9592180752659503,0.05479371959241864,-0.01674225121793043,0.00914735402588245,0.08158199999999993,0.06867200000181259,-0.1133399999989018,-0.0006329999999999992,-0.0013480000000205185,0.0012829999999784424
341,0.6836590259990771,-0.05723422277308977,-0.675908968790146,-2.1634039749242624,0.03278250461879631,-0.0008771383214594877,-0.0026374371353670143,0.11158199999999985,0.07867200000405156,-0.2533399999987419,-0.002632999999999999,-0.0013480000000205185,0.0012829999999784437
342,0.6856642940038,0.2508161683332416,-0.8939997649106822,-2.018609415569734,0.04651491440877661,-0.004551232366277914,0.007643833087802435,0.11158199999999985,0.07867200000405156,-0.2533399999987419,-0.002632999999999999,-0.0013480000000205185,0.0012829999999784437
343,0.6876515879994258,-0.2306119851023046,-0.837723965215892,-1.8965032609275798,0.042583896883050365,-0.006940595505154331,-0.0010395718790582175,0.11158199999999985,0.07867200000405156,-0.2533399999987419,-0.002632999999999999,-0.0013480000000205185,0.0012829999999784437
344,0.6896708920030505,0.13507267944555612,-0.9951308448019361,-1.9694874131393496,0.04625031258676328,0.0032600069310526067,0.002562949059075754,0.11158199999999985,0.07867200000405156,-0.2533399999987419,-0.002632999999999999,-0.0013480000000205185,0.0012829999999784437
345,0.6916588870008127,0.6740697850319335,-0.537444779386815,-2.009171244810487,0.02188674299419873,0.027589009711971972,0.00025087854662718135,0.16158199999999992,0.07867200000245228,-0.15333899999874193,-0.008632999999999997,-0.007348000000068497,0.004282999999882493
346,0.6936612889985554,0.036813971785017385,-0.9632078233498497,-1.5936489273368515,0.047851874828473286,-0.004045164558027377,0.006959320841243857,0.16158199999999992,0.07867200000245228,-0.15333899999874193,-0.008632999999999997,-0.007348000000068497,0.004282999999882493
347,0.695653011003742,0.13902411943558937,-0.8713376822410651,-2.031485728344288,0.041123441723251865,-0.0014574010239322955,0.007875807328686096,0.16158199999999992,0.07867200000245228,-0.15333899999874193,-0.008632999999999997,-0.007348000000068497,0.004282999999882493
348,0.697665132000111,0.6115956176381715,-0.6312670282910999,-1.8674752775302854,0.0389955097370751,0.002870848394770116,0.0013635863411970836,0.16158199999999992,0.07867200000245228,-0.15333899999874193,-0.008632999999999997,-0.007348000000068497,0.004282999999882493
349,0.699652656003309,0.36810673890145584,-0.8803540102616387,-2.52386334490698,0.03348835521168363,0.015669949142593405,0.006533725465256622,0.1615819999999999,0.13867200000277213,-0.17333999999778238,-0.009632999999999997,-0.0073480000000525035,0.0032829999998824928
350,0.701676488002704,0.58118381237436,-0.7514144473973096,-2.576677361254981,0.01399057574364767,0.02854401798964848,-0.0034546102342859044,0.1615819999999999,0.13867200000277213,-0.17333999999778238,-0.009632999999999997,-0.0073480000000525035,0.0032829999998824928
351,0.7037068330027978,-0.4049192208079966,-0.7802581284113342,-2.951017553876307,0.0061427740478593095,0.025126288244039962,-0.004676028739299867,0.1615819999999999,0.13867200000277213,-0.17333999999778238,-0.009632999999999997,-0.0073480000000525035,0.0032829999998824928
352,0.7057045660039876,-0.26285070409943484,-0.6929960933848807,-2.7914397784595595,0.022220452070576466,0.010666603032539851,-0.004170640048724774,0.1615819999999999,0.13867200000277213,-0.17333999999778238,-0.009632999999999997,-0.0073480000000525035,0.0032829999998824928
353,0.7076898960003746,0.2735666191082244,-0.4613490305541901,-2.9175741250583016,0.00998780218739597,0.03292899797083599,-0.008017688720430243,0.16158199999999986,0.07867200000373169,-0.23333899999874191,-0.0036329999999999978,-0.0043480000000525034,0.0032829999999304665
354,0.7096793340024306,0.19789321064792495,-0.5588612241992142,-2.693368825225565,0.0058201483064420564,0.029729282956759705,-0.004216440731194109,0.16158199999999986,0.07867200000373169,-0.23333899999874191,-0.0036329999999999978,-0.0043480000000525034,0.0032829999999304665
355,0.7116722389982897,0.27043800150891856,-0.9795380570289176,-1.7775653247021728,0.042498415160557954,0.00821660161525934,0.0007496907414717349,0.16158199999999986,0.07867200000373169,-0.23333899999874191,-0.0036329999999999978,-0.0043480000000525034,0.0032829999999304665
356,0.7136693810025463,-0.10706883491522633,-0.7729572453483908,-2.0296712097307545,0.04262409163773594,0.0022519105018451203,-0.001933734276497697,0.16158199999999986,0.07867200000373169,-0.23333899999874191,-0.0036329999999999978,-0.0043480000000525034,0.0032829999999304665
357,0.7156791369998246,-0.22786583558824347,-1.0205203368825904,-2.311363984777321,0.04895140129758082,-0.006413772224539447,0.006216616134721789,0.10158199999999987,0.08867200000341187,-0.21334099999858197,-0.0006329999999999998,0.0006519999999954741,0.0002830000000104275
358,0.7176718210030231,-0.08891992529865671,-0.7776344902266799,-1.959058111706044,0.047173106142308775,-0.013577795953452725,0.011670283580770772,0.10158199999999987,0.08867200000341187,-0.21334099999858197,-0.0006329999999999998,0.0006519999999954741,0.0002830000000104275
359,0.7196693540026899,0.05809804235295997,-1.0915282243573856,-1.7077222225378914,0.05563541527007469,-0.011720552747615989,0.007538708972185835,0.10158199999999987,0.08867200000341187,-0.21334099999858197,-0.0006329999999999998,0.0006519999999954741,0.0002830000000104275
360,0.7216681389982114,-0.13682209227035086,-0.6853847213902368,-2.4139557388450252,0.021755785343945944,0.02541105836978455,-0.004901197704256252,0.10158199999999987,0.08867200000341187,-0.21334099999858197,-0.0006329999999999998,0.0006519999999954741,0.0002830000000104275
361,0.7236616849986603,-0.23409548717215403,-0.8872891362856554,-2.2555458555986334,0.029293064166381846,0.002240487327744247,-0.0032073407455007583,0.0915819999999999,0.09867200000261221,-0.16333999999842205,-0.0006330000000000004,0.0006520000000114666,-0.0007169999999895724
362,0.7256713110036799,-0.03336016069665345,-0.706993435376435,-2.0031844015942983,0.040234102177532545,-0.011784333390806173,0.0024204044661124318,0.0915819999999999,0.09867200000261221,-0.16333999999842205,-0.0006330000000000004,0.0006520000000114666,-0.0007169999999895724
363,0.7276544769993052,0.37697031567661815,-1.1647077964529353,-2.02757003246982,0.05099657290475062,-0.004138924335569372,0.0004710943454922962,0.0915819999999999,0.09867200000261221,-0.16333999999842205,-0.0006330000000000004,0.0006520000000114666,-0.0007169999999895724
364,0.7296564780044719,-0.22779081492794612,-0.9663726425143235,-2.1190321797023026,0.05184616226294262,-0.006643962354459927,-0.003750675410181273,0.0915819999999999,0.09867200000261221,-0.16333999999842205,-0.0006330000000000004,0.0006520000000114666,-0.0007169999999895724
365,0.7316541920008603,-0.16463192107988978,-0.62457184722018,-1.858918617709222,0.04582542767036291,-0.010894121031315034,0.004141343223578216,0.13158199999999975,0.07867200000661036,-0.4133399999987419,-0.0006330000000000004,-0.00034799999998853337,-0.000717000000005565
366,0.7336641980000422,-0.09027583433693533,-0.7845250272900433,-1.9650792712497405,0.03576991963117351,-0.0027813306099358447,-0.0064580784111639864,0.13158199999999975,0.07867200000661036,-0.4133399999987419,-0.0006330000000000004,-0.00034799999998853337,-0.000717000000005565
367,0.735645870998269,0.07841121208243487,-0.33329592371470596,-2.5316186757773336,0.0032730540211739927,0.028254211709375886,-0.009504704948677112,0.13158199999999975,0.07867200000661036,-0.4133399999987419,-0.0006330000000000004,-0.00034799999998853337,-0.000717000000005565
368,0.7376618190028239,-0.1619410117292588,-0.8580097966399156,-1.9807533715660368,0.04558809859860959,-0.019584800092027704,0.005914017126476398,0.13158199999999975,0.07867200000661036,-0.4133399999987419,-0.0006330000000000004,-0.00034799999998853337,-0.000717000000005565
369,0.7396488720041816,0.15011166398167466,-0.7592767319326541,-2.000625757179331,0.043821282976217,-0.00042314737727703423,0.010310880664976194,0.1915819999999997,0.08867200000772982,-0.48333899999858204,-0.004632999999999999,-0.003348000000020518,0.00128299999994646
370,0.7416550120033207,0.5689198299041377,-0.7640588126326788,-1.9239396578112153,0.0430683222810523,0.0031184205045076724,0.008374705354380063,0.1915819999999997,0.08867200000772982,-0.48333899999858204,-0.004632999999999999,-0.003348000000020518,0.00128299999994646
371,0.743644870002754,0.18566595032655742,-0.3900689789339236,-1.6287454047539585,0.03355041524646536,-0.01004704965926038,0.0049674668857912,0.1915819999999997,0.08867200000772982,-0.48333899999858204,-0.004632999999999999,-0.003348000000020518,0.00128299999994646
372,0.7456614590046229,0.17795674128249642,-0.9384011906183766,-1.9755921485435084,0.04873981163260951,-0.011112733133180992,0.005350626160294356,0.1915819999999997,0.08867200000772982,-0.48333899999858204,-0.004632999999999999,-0.003348000000020518,0.00128299999994646
373,0.7476697720048833,0.3053340848547681,-0.404639676956076,-3.050855224275428,0.012510317830864384,0.02084143413062399,-0.004871585312972642,0.10158199999999978,0.0686720000056508,-0.3533399999989018,0.0013669999999999989,0.0036520000000274592,-0.0017169999999415962
374,0.749673297003028,-0.49244264568427665,-0.5348124389690057,-2.8892454332399655,-0.0013769934279787956,0.018265968114995697,-0.013187346690926029,0.10158199999999978,0.0686720000056508,-0.3533399999989018,0.0013669999999999989,0.0036520000000274592,-0.0017169999999415962
375,0.7516585269986535,-0.19634958039940678,-0.24686689822041827,-2.8160132540596097,0.00018532832473237506,0.017624591088977782,-0.00728947974204795,0.10158199999999978,0.0686720000056508,-0.3533399999989018,0.0013669999999999989,0.0036520000000274592,-0.0017169999999415962
376,0.753665636999358,-0.3911338975163362,-0.8196224758473769,-2.7131846559126225,0.0168042994151288,0.021149175360932703,-0.007848996902874737,0.10158199999999978,0.0686720000056508,-0.3533399999989018,0.0013669999999999989,0.0036520000000274592,-0.0017169999999415962
377,0.7556560669981991,0.1039123781025611,-0.9208720742711257,-2.659836009067342,0.026087381623872346,0.012088324169748232,-0.006488273847859448,0.06158199999999995,0.03867200000117287,-0.07333899999938158,0.00036699999999999954,0.0016520000000114668,-0.0007169999999735806
378,0.7576623360000667,0.061978253849635,-0.8764258340655658,-2.9614374327010236,0.018624250300825023,0.015862871440986963,-0.006490363246920285,0.06158199999999995,0.03867200000117287,-0.07333899999938158,0.00036699999999999954,0.0016520000000114668,-0.0007169999999735806
379,0.7596481580039836,0.26572893459652086,-0.49249638489808967,-2.8171743606597626,0.014218540698988,0.02468645926034337,-0.01366587978122857,0.06158199999999995,0.03867200000117287,-0.07333899999938158,0.00036699999999999954,0.0016520000000114668,-0.0007169999999735806
380,0.7616654480007128,0.005156271368212003,-0.6771176792717347,-1.9788848451287242,0.04091872555879882,-0.008244028137612623,0.008445952875277128,0.06158199999999995,0.03867200000117287,-0.07333899999938158,0.00036699999999999954,0.0016520000000114668,-0.0007169999999735806
381,0.7636320829988108,-0.4501960435354266,-1.0694443796107624,-2.0819172670885386,0.04852422435235762,-0.015313820929576949,0.0076925412149549234,0.14158200000000007,0.08867199999845414,0.096661000001418,-0.010632999999999997,-0.007348000000084489,0.005282999999882494
382,0.7656330829995568,-0.4345089990234858,-0.3137489377405496,-2.091108793898585,0.02550758443913094,-0.011208977121895157,-0.004709168107951845,0.14158200000000007,0.08867199999845414,0.096661000001418,-0.010632999999999997,-0.007348000000084489,0.005282999999882494
383,0.7676235219987575,0.3492297402983399,-0.8328333982025331,-1.754114898283579,0.047042882830326496,0.002225685080446308,-0.00030749699357027384,0.14158200000000007,0.08867199999845414,0.096661000001418,-0.010632999999999997,-0.007348000000084489,0.005282999999882494
384,0.7696186710018083,-0.16573666863529316,-0.44031194447956484,-2.3301606433357263,0.027266938574185825,-0.0050914696924359935,-0.000144697343782334,0.14158200000000007,0.08867199999845414,0.096661000001418,-0.010632999999999997,-0.007348000000084489,0.005282999999882494
385,0.7716236880005454,0.216889051927076,-0.6644749916105702,-2.455044270844118,0.0185344197410325,0.018630263330803414,0.003942577803682973,0.08158199999999988,0.108672000003092,-0.19333999999826212,-0.002633,0.002651999999995474,0.0002830000000424139
386,0.7736200290019042,-0.051933636400623005,-0.5849153705447857,-2.398860883532513,0.008286039663132034,0.027729539638772796,-0.0036487020340130686,0.08158199999999988,0.108672000003092,-0.19333999999826212,-0.002633,0.002651999999995474,0.0002830000000424139
387,0.7756288130040048,0.14157501226455768,-0.5342165344656408,-2.7165618734386934,0.006431196347136986,0.02257427343881833,-0.011856470191136488,0.08158199999999988,0.108672000003092,-0.19333999999826212,-0.002633,0.002651999999995474,0.0002830000000424139
388,0.7776271379989339,0.43651291336688186,-0.834056021629425,-1.9528846449068027,0.04560102181298775,0.005334719990667826,0.0068592921166902585,0.08158199999999988,0.108672000003092,-0.19333999999826212,-0.002633,0.002651999999995474,0.0002830000000424139
389,0.7796315840023453,0.22799017956886927,-0.725971029593206,-1.9742389706568402,0.030952491598154042,-0.0021012167540241126,0.0037949837248134758,0.0815819999999998,0.07867200000517102,-0.3233389999987419,0.0013669999999999995,0.005652000000011466,-0.000716999999909611
390,0.7816672980043222,-0.03767414111105959,-1.4124184590158024,-2.176283006345604,0.06107482367078292,-0.010526810566870805,-0.004673088291868906,0.0815819999999998,0.07867200000517102,-0.3233389999987419,0.0013669999999999995,0.005652000000011466,-0.000716999999909611
391,0.7836504240040085,0.055508545042408826,-0.6331933328917387,-2.089294347807007,0.04007598033814926,-0.005433625137576075,0.0007327520315364068,0.0815819999999998,0.07867200000517102,-0.3233389999987419,0.0013669999999999995,0.005652000000011466,-0.000716999999909611
392,0.785627088000183,0.20631160113584288,-0.9806813738010912,-2.1141066188067072,0.05577480235735918,-0.0036607684722238273,-0.0058390357803874,0.0815819999999998,0.07867200000517102,-0.3233389999987419,0.0013669999999999995,0.005652000000011466,-0.000716999999909611
393,0.7876349910002318,0.2754015471637345,-1.040393327952762,-1.9085510314093872,0.054914016871198505,-0.008826638645929166,0.004949358810512007,0.11158199999999982,0.08867200000469126,-0.293340999998582,-0.001632999999999999,0.0006519999999794816,0.0012830000000104281
394,0.7896847509982763,-0.343986516464119,-0.7059572791295541,-2.8340292085491754,0.006532731732389054,0.00012034091491440291,-0.009295252454464956,0.11158199999999982,0.08867200000469126,-0.293340999998582,-0.001632999999999999,0.0006519999999794816,0.0012830000000104281
395,0.7916706320029334,0.31606359005910895,-0.762201688261851,-2.5509695855913592,0.022758374679232172,0.020155446215982815,-0.0005062391211532161,0.11158199999999982,0.08867200000469126,-0.293340999998582,-0.001632999999999999,0.0006519999999794816,0.0012830000000104281
396,0.7936807890000637,-0.04249319479639893,-0.6993464533045028,-2.0740132434260827,0.03953904632384142,-0.004465359417742641,0.0004419880168761632,0.11158199999999982,0.08867200000469126,-0.293340999998582,-0.001632999999999999,0.0006519999999794816,0.0012830000000104281
397,0.7956813480050187,0.19004973180280393,-0.8410577496586278,-2.072422115578723,0.04688685656127358,-0.00020744084253553256,0.0046856585557579385,0.12158199999999976,0.07867200000597067,-0.3733409999987419,-0.004632999999999998,-0.002348000000036511,0.0022829999999624522
398,0.7976851429993985,0.3264016168350278,-0.8730770979722705,-1.6490083684423134,0.049421524436165806,-0.0037679925838396706,0.005953059531083028,0.12158199999999976,0.07867200000597067,-0.3733409999987419,-0.004632999999999998,-0.002348000000036511,0.0022829999999624522
399,0.7996747910001432,0.2885871217706584,-0.6642730384653771,-2.081597009366842,0.033016512135409556,0.009856787666441585,-0.005437858810025457,0.12158199999999976,0.07867200000597067,-0.3733409999987419,-0.004632999999999998,-0.002348000000036511,0.0022829999999624522
400,0.8016764519998105,-0.4682862942081648,-0.6036996427535736,-2.6426897541338095,0.013650346572570075,0.002835735072648544,-0.013443408023284168,0.12158199999999976,0.07867200000597067,-0.3733409999987419,-0.004632999999999998,-0.002348000000036511,0.0022829999999624522
401,0.8036858070045128,0.22058430180496225,-0.3204402425152268,-2.9547630128142157,-0.002429248389051184,0.03364185652781338,-0.015534375282850637,0.18158199999999966,0.12867200000852946,-0.5333399999979423,-0.009632999999999996,-0.006348000000084489,0.005282999999898486
402,0.8057152100009262,0.43930882272524807,-0.6717230578487823,-2.2392357572966786,0.037353363560705136,0.011984360318384606,0.00303552937800629,0.18158199999999966,0.12867200000852946,-0.5333399999979423,-0.009632999999999996,-0.006348000000084489,0.005282999999898486
403,0.8076815140011604,0.04628293539378869,-0.7086525965115874,-1.7553123042315502,0.043643514397047986,-0.001449055729745282,0.008136019737349374,0.18158199999999966,0.12867200000852946,-0.5333399999979423,-0.009632999999999996,-0.006348000000084489,0.005282999999898486
404,0.809662476000085,0.23956622645575867,-0.6819880816752121,-2.2447303862287433,0.03737013392549672,0.0041565292798572,0.008094480890826573,0.18158199999999966,0.12867200000852946,-0.5333399999979423,-0.009632999999999996,-0.006348000000084489,0.005282999999898486
405,0.8116917090010247,0.330288809015131,-0.7690330000251296,-1.6151687247602702,0.040230682855648896,-0.0071027466980662715,-0.0008258130291465043,0.1615819999999996,0.09867200001060848,-0.6633399999984221,-0.003632999999999999,-0.0003480000000205185,0.001282999999994437
406,0.813683601001685,-0.24870390542865967,-0.772491284810557,-1.921435626706891,0.04017033622382702,-0.013299818829487062,0.0008289868010265172,0.1615819999999996,0.09867200001060848,-0.6633399999984221,-0.003632999999999999,-0.0003480000000205185,0.001282999999994437
407,0.8156800720025785,-0.654479463514834,-0.7328945091846778,-2.7629161701483262,0.01591054574177999,0.018866456515745412,-0.007932606259355187,0.1615819999999996,0.09867200001060848,-0.6633399999984221,-0.003632999999999999,-0.0003480000000205185,0.001282999999994437
408,0.8176757820037892,0.32473593505053194,-0.8291172228861324,-1.7903218193838746,0.03748601375782761,0.006539060672032551,0.005609803093765967,0.1615819999999996,0.09867200001060848,-0.6633399999984221,-0.003632999999999999,-0.0003480000000205185,0.001282999999994437
409,0.8197172470026999,0.2198662113814194,-0.737348211946937,-1.9522942344728875,0.028895232818868095,-0.002028068025551223,0.005704346550352099,0.10158199999999987,0.07867200000357176,-0.2233389999987419,-0.003632999999999999,-0.0013480000000205185,0.0012829999999784444
410,0.8216796749984496,-0.22222309936416218,-0.9093467527134741,-1.6891206633722435,0.04739069806740481,-0.01129292774268954,0.005767485224621818,0.10158199999999987,0.07867200000357176,-0.2233389999987419,-0.003632999999999999,-0.0013480000000205185,0.0012829999999784444
411,0.823641670998768,-0.07509259429822185,-1.1289275707986115,-2.0958459951958335,0.05040535672224315,-0.002706614177338709,0.006030848345694505,0.10158199999999987,0.07867200000357176,-0.2233389999987419,-0.003632999999999999,-0.0013480000000205185,0.0012829999999784444
412,0.8256359779988998,-0.06930528875787732,-0.8834638315872306,-1.8206637036444473,0.04984201078425404,-0.008735415493339142,0.0059882023602982936,0.10158199999999987,0.07867200000357176,-0.2233389999987419,-0.003632999999999999,-0.0013480000000205185,0.0012829999999784444
413,0.8277009669982363,0.2703713924783301,-0.5033895924937382,-2.0756935650300177,0.02623677419483831,0.01014284779832359,-0.006296188397404872,0.091582,0.05867200000005342,-0.0033399999990617432,-0.0036329999999999986,-0.002348000000036511,0.002282999999962452
414,0.8296821699987049,0.013161927445141209,-0.3234344107449279,-3.0968501852904033,-0.003207129781584741,0.022280872738338366,-0.011632900869092013,0.091582,0.05867200000005342,-0.0033399999990617432,-0.0036329999999999986,-0.002348000000036511,0.002282999999962452
415,0.8316734510008246,-0.17143828209010994,-0.4466285934445065,-2.8626501063997605,0.0046911522739491555,0.018457646945751922,-0.008270626217754193,0.091582,0.05867200000005342,-0.0033399999990617432,-0.0036329999999999986,-0.002348000000036511,0.002282999999962452
416,0.8336922840026091,-0.004075468126116549,-0.8499433166456304,-2.817867384584005,0.022536024678340608,0.025357280516764877,-0.0040221278217920185,0.091582,0.05867200000005342,-0.0033399999990617432,-0.0036329999999999986,-0.002348000000036511,0.002282999999962452
417,0.8357127999988734,-0.33451011066030584,-0.7738716764094719,-2.6965463160842704,0.017500180912619547,0.017770314077629492,-0.009612212078062427,0.09158199999999977,0.07867200000581073,-0.3633399999987419,0.00036700000000000014,0.0016519999999954741,0.00028300000002641945
418,0.8377009460018598,-0.1647486053582663,-0.47568665125922716,-2.5488396887181075,0.006375867688781846,0.019979000836167837,-0.009132927983446752,0.09158199999999977,0.07867200000581073,-0.3633399999987419,0.00036700000000000014,0.0016519999999954741,0.00028300000002641945
419,0.8396900730003836,0.29237876667925106,-0.9385242812905954,-2.422049346957026,0.027961900269871897,0.029211326064231095,-0.0051753201889288575,0.09158199999999977,0.07867200000581073,-0.3633399999987419,0.00036700000000000014,0.0016519999999954741,0.00028300000002641945
420,0.8416940880051698,0.2681935315665617,-0.43997478084532504,-2.6602150164826988,0.005286692158526848,0.02890828963779687,-0.00928192376853752,0.09158199999999977,0.07867200000581073,-0.3633399999987419,0.00036700000000000014,0.0016519999999954741,0.00028300000002641945
421,0.8436949680035468,0.18578359338441328,-1.0020624844077828,-1.820040563166065,0.05293144766542559,-0.0012146966066093783,0.005874398910618743,0.12158199999999972,0.05867200000693021,-0.43333999999906175,0.00036700000000000014,0.0016519999999954741,0.00028300000002641945
422,0.8456932320041233,0.20780964165231222,-0.42376125984323487,-2.1519274722151436,0.029505715161274305,-0.0005679439034854101,-0.0011443757670779842,0.12158199999999972,0.05867200000693021,-0.43333999999906175,0.00036700000000000014,0.0016519999999954741,0.00028300000002641945
423,0.8476849950020551,0.10956042964685775,-0.7568602420236714,-1.7496696315140765,0.04622234667490525,-0.010741418976570044,0.0005883452003602726,0.12158199999999972,0.05867200000693021,-0.43333999999906175,0.00036700000000000014,0.0016519999999954741,0.00028300000002641945
424,0.8496870160015533,-0.021133609855371008,-0.7995404755184591,-2.0786805005274234,0.03746895344306448,-0.006759445323943774,0.011330115057933129,0.12158199999999972,0.05867200000693021,-0.43333999999906175,0.00036700000000000014,0.0016519999999954741,0.00028300000002641945
425,0.8516790790017694,-0.1181626065371106,-0.9074430449419865,-2.0337438446303078,0.05385404532543458,-0.0074167754958367185,0.01017676452019401,0.12158199999999969,0.05867200000772982,-0.48333899999906177,0.00036699999999999954,0.0026520000000114664,-0.0007169999999575879
426,0.85368786300387,-0.13191609686645922,-0.8267351923004385,-1.5803215962290877,0.045085213481409106,-0.01501978371105911,0.01217732170064952,0.12158199999999969,0.05867200000772982,-0.48333899999906177,0.00036699999999999954,0.0026520000000114664,-0.0007169999999575879
427,0.8556729019983322,-0.0857239771653957,-0.5535327472527611,-2.3789687437767326,0.0023246965518549097,0.021450595904346947,-0.008090923941329993,0.12158199999999969,0.05867200000772982,-0.48333899999906177,0.00036699999999999954,0.0026520000000114664,-0.0007169999999575879
428,0.8576759260031395,-0.19211978024871404,-0.6713170519235725,-2.5163798924383305,0.009468495239051525,0.02414134765565707,-0.013032816924936658,0.12158199999999969,0.05867200000772982,-0.48333899999906177,0.00036699999999999954,0.0026520000000114664,-0.0007169999999575879
429,0.8596695619999082,0.19388701086579835,-0.49867223948317285,-2.3959314319289313,0.016269757850607545,0.011343102827541137,-0.0019634368531180066,0.1415819999999998,0.0986720000056508,-0.3533399999984221,-0.004633,-0.001348000000004526,0.00028299999997844497
430,0.8616794179979479,-0.033922417103384644,-0.927584458531486,-1.8376358325196873,0.05025493316017223,-0.012069176607904282,0.005193229614705866,0.1415819999999998,0.0986720000056508,-0.3533399999984221,-0.004633,-0.001348000000004526,0.00028299999997844497
431,0.8636601190009969,-0.26194871260350727,-0.5348243770436611,-2.069619271333827,0.03343075033058571,-0.021705081789442908,0.0050319067751001915,0.1415819999999998,0.0986720000056508,-0.3533399999984221,-0.004633,-0.001348000000004526,0.00028299999997844497
432,0.8656796530049178,-0.15867518712869025,-0.7030964447559928,-2.193504054166552,0.03980343245602429,-0.015000547682673959,0.01396137780727178,0.1415819999999998,0.0986720000056508,-0.3533399999984221,-0.004633,-0.001348000000004526,0.00028299999997844497
433,0.8676769060039078,0.718904740931502,-0.3131298780352013,-1.7203741439096532,0.0304483507870676,0.012710642210769929,0.0016632422293668052,0.04158199999999994,0.06867200000165266,-0.10333999999890178,0.00036699999999999954,0.0026520000000114664,-0.0007169999999575879
434,0.8696779960009735,-0.004310814772311957,-0.9989369994550792,-2.0712700652308964,0.04496265444461346,0.005481682947329779,-0.002842271059316506,0.04158199999999994,0.06867200000165266,-0.10333999999890178,0.00036699999999999954,0.0026520000000114664,-0.0007169999999575879
435,0.871659198004636,-0.11877325440600495,-0.856278425089806,-1.7221927198355562,0.051448512562940335,-0.007051581028015873,0.0010783085402694453,0.04158199999999994,0.06867200000165266,-0.10333999999890178,0.00036699999999999954,0.0026520000000114664,-0.0007169999999575879
436,0.8736687240016181,-0.07996574095772327,-0.8759637927202739,-1.7208096784370792,0.0486716872750996,-0.007863471006721676,0.007657706707711159,0.04158199999999994,0.06867200000165266,-0.10333999999890178,0.00036699999999999954,0.0026520000000114664,-0.0007169999999575879
437,0.8756731000030413,-0.009541727386470751,-0.6004987171523659,-1.5372201544072444,0.03924443218620256,-0.0025873989880026357,0.004347800827654996,0.03158199999999998,0.058672000000533193,-0.03333999999906171,-0.0006330000000000004,0.004652000000011466,-0.0007169999999256022
438,0.8776753819984151,0.3170322728546956,-0.9232962121684709,-1.7340516431024038,0.04370555211119577,0.005224818542229584,0.0033838834595633603,0.03158199999999998,0.058672000000533193,-0.03333999999906171,-0.0006330000000000004,0.004652000000011466,-0.0007169999999256022
439,0.8796597900000052,0.6856764218887988,-0.8298408637014022,-2.0026489851807954,0.04423985098355668,0.012374612420155117,0.011259594462361659,0.03158199999999998,0.058672000000533193,-0.03333999999906171,-0.0006330000000000004,0.004652000000011466,-0.0007169999999256022
440,0.8817172550043324,-0.12399493458986295,-0.5821820141775503,-1.9387934410323306,0.03833702076314371,-0.005905643703401327,0.004797134734353733,0.03158199999999998,0.058672000000533193,-0.03333999999906171,-0.0006330000000000004,0.004652000000011466,-0.0007169999999256022
441,0.8836694540004828,-0.2549440575574615,-0.9798255339200022,-2.0872929667481603,0.04311879717700972,-0.024413911279056743,0.0013413562084360216,0.021582000000000028,0.05867199999925381,0.0466590000009383,-0.0016329999999999997,0.0016519999999954741,0.0002830000000264207
442,0.8856488730016281,-0.45100683814244596,-0.8326314290540827,-1.9559418951712875,0.03998686064767818,-0.023686802806365148,7.914223065513363e-05,0.021582000000000028,0.05867199999925381,0.0466590000009383,-0.0016329999999999997,0.0016519999999954741,0.0002830000000264207
443,0.8876637880021008,-0.20169068747455407,-0.9474055098328074,-2.2668201336668505,0.03914107262292566,0.012516232407599479,0.0037120551634543,0.021582000000000028,0.05867199999925381,0.0466590000009383,-0.0016329999999999997,0.0016519999999954741,0.0002830000000264207
444,0.8896841239984496,-0.28664577051455464,-1.1003062279548796,-2.146455614172007,0.05729179545253127,-0.026426542338523772,-0.0019947493718298014,0.021582000000000028,0.05867199999925381,0.0466590000009383,-0.0016329999999999997,0.0016519999999954741,0.0002830000000264207
445,0.8916686020020279,0.22956335809457204,-0.960013938713244,-2.24838963488224,0.051920983155433066,-0.0019554225505534002,-0.0040118121587007635,0.12158199999999991,0.08867200000213243,-0.133338999998582,-0.006632999999999998,-0.0053480000000525035,0.003282999999914476
446,0.8936775170004694,-0.49436417036733005,-0.6686813700530416,-2.159959086362921,0.04592811670551468,-0.016226658262716645,0.011277887187789083,0.12158199999999991,0.08867200000213243,-0.133338999998582,-0.006632999999999998,-0.0053480000000525035,0.003282999999914476
447,0.8956592000031378,-0.3304733557463037,-0.8422954955228736,-2.628421126583561,0.04016696225547535,-0.010813088724363894,0.0020453091571925684,0.12158199999999991,0.08867200000213243,-0.133338999998582,-0.006632999999999998,-0.0053480000000525035,0.003282999999914476
448,0.8976822010008618,-0.26863291741707185,-0.5644779534872609,-2.0043773438423482,0.032081183432824296,-0.018933598879448555,0.007955126478468442,0.12158199999999991,0.08867200000213243,-0.133338999998582,-0.006632999999999998,-0.0053480000000525035,0.003282999999914476
449,0.8996795040002326,0.2685753279110809,-0.8834320586866221,-2.1742919788359445,0.05507882281697194,0.0018793593915734615,0.009948572866365316,0.13158199999999978,0.12867200000533097,-0.33333999999794234,-0.004632999999999999,-0.0013480000000205185,0.001282999999978445
450,0.9016878469992662,0.13292659847374014,-0.6630841235512734,-2.1004239132527602,0.03898550783017177,0.009771308786176578,0.004112535715203702,0.13158199999999978,0.12867200000533097,-0.33333999999794234,-0.004632999999999999,-0.0013480000000205185,0.001282999999978445
451,0.9036976530042011,0.030239586019236566,-0.9956674401154841,-2.11131552778055,0.058343863334800114,-0.007132342660518172,0.009790965062366618,0.13158199999999978,0.12867200000533097,-0.33333999999794234,-0.004632999999999999,-0.0013480000000205185,0.001282999999978445
452,0.9057121180012473,-0.07730961081478528,-0.8904981141317868,-2.2357812278814255,0.04440813428332909,-0.0010734170321044984,0.005604251142292026,0.13158199999999978,0.12867200000533097,-0.33333999999794234,-0.004632999999999999,-0.0013480000000205185,0.001282999999978445
453,0.9077030980042764,-0.1301986908893645,-0.7046234073474537,-2.1212673163778506,0.04028270890369426,-0.00544255788972678,0.011547029843043012,0.10158199999999985,0.14867200000389164,-0.24333999999762243,-0.003633,0.0016519999999954741,0.00028300000002642195
454,0.9096978960005799,-0.11694635897039325,-0.7273207213135253,-1.9092210531536977,0.033767399301461595,-0.0019523883742571858,-0.003948418835298325,0.10158199999999985,0.14867200000389164,-0.24333999999762243,-0.003633,0.0016519999999954741,0.00028300000002642195
455,0.9116837980036507,0.025011096208202858,-1.2935547229958366,-1.7769033174571143,0.05738336530706794,-0.010189039039171599,0.011354231479990071,0.10158199999999985,0.14867200000389164,-0.24333999999762243,-0.003633,0.0016519999999954741,0.00028300000002642195
456,0.913690207999025,0.1494098329251808,-1.1392434024956564,-1.900263329315773,0.05252450740422523,-0.013832249511208655,0.007297674815632465,0.10158199999999985,0.14867200000389164,-0.24333999999762243,-0.003633,0.0016519999999954741,0.00028300000002642195
457,0.9156844440003624,0.23849636737961294,-0.5083711653074677,-2.5847920786448615,0.007119734115442292,0.019823827993195188,-0.002592750615114095,0.06158199999999986,0.11867200000357175,-0.2233389999981022,-0.0006330000000000004,0.004652000000011466,-0.0007169999999256022
458,0.9176866260022507,0.37372107302597185,-0.9697449272118945,-1.6600433047227607,0.04700122934009194,0.00815176211373458,0.007203362902960327,0.06158199999999986,0.11867200000357175,-0.2233389999981022,-0.0006330000000000004,0.004652000000011466,-0.0007169999999256022
459,0.9196683600021061,-0.24859529000259104,-0.7000292144238154,-1.8281412104273713,0.04165228923236747,-0.012683334422895102,0.010923827101888998,0.06158199999999986,0.11867200000357175,-0.2233389999981022,-0.0006330000000000004,0.004652000000011466,-0.0007169999999256022
460,0.9216769640042912,-0.40279848422180514,-0.838353938938292,-2.080589626433526,0.04516749187305639,-0.009674806041245447,0.004428204189168825,0.06158199999999986,0.11867200000357175,-0.2233389999981022,-0.0006330000000000004,0.004652000000011466,-0.0007169999999256022
461,0.9236844650004059,-0.7795709310499535,-0.7292576513825497,-1.9594614917718771,0.04886054619803297,-0.03424061705322003,0.0035198171203470476,0.0315819999999999,0.09867200000245227,-0.15333899999842202,0.0023669999999999997,0.005652000000011466,-0.0007169999999096117
462,0.9256798639980843,-0.034049261830243045,-0.7886080867818841,-2.198070688390419,0.03737148397478699,-0.00517236008772781,0.0076731902669862385,0.0315819999999999,0.09867200000245227,-0.15333899999842202,0.0023669999999999997,0.005652000000011466,-0.0007169999999096117
463,0.9276690109982155,0.006263284647221093,-0.4888895568221655,-2.9996526692252705,-0.0006165321942064792,0.02566799178980207,-0.008883837979403019,0.0315819999999999,0.09867200000245227,-0.15333899999842202,0.0023669999999999997,0.005652000000011466,-0.0007169999999096117
464,0.9296821840034681,0.05427393978262916,-0.940454297459358,-2.494318837788627,0.041499637203262635,0.00014741070577636606,0.0018519076366438788,0.0315819999999999,0.09867200000245227,-0.15333899999842202,0.0023669999999999997,0.005652000000011466,-0.0007169999999096117
465,0.9316779639993911,-0.22662778830432076,-1.0007939484466903,-1.896054589243993,0.04804113201395177,-0.014427341898649686,0.005763649258979897,0.031581999999999916,0.05867200000213243,-0.1333389999990617,-0.0006330000000000004,0.0026520000000114664,-0.0007169999999575874
466,0.9336864770011744,0.06086164776191622,-0.5375807944977369,-1.8746976805584417,0.0380351346600462,-0.007428553335514163,-0.00545507420082455,0.031581999999999916,0.05867200000213243,-0.1333389999990617,-0.0006330000000000004,0.0026520000000114664,-0.0007169999999575874
467,0.935671466999338,0.0686717997830148,-1.3242913145836333,-1.8589091131255444,0.06324273190751235,-0.009172676712897657,0.012100830209978193,0.031581999999999916,0.05867200000213243,-0.1333389999990617,-0.0006330000000000004,0.0026520000000114664,-0.0007169999999575874
468,0.9376836869996623,-0.26355110642040047,-0.8336231532172483,-2.372472228528587,0.03911315078960689,0.002039876136804634,0.005747017064934267,0.031581999999999916,0.05867200000213243,-0.1333389999990617,-0.0006330000000000004,0.0026520000000114664,-0.0007169999999575874
469,0.9396799780006404,-0.14889031688168614,-0.6296833350794294,-2.3097932271492034,0.009212120060528345,0.017993553215585635,-0.004224507601802917,0.04158199999999986,0.06867200000357175,-0.2233389999989018,0.00036699999999999884,0.0036520000000274592,-0.0017169999999415955
470,0.9416863779988489,-0.08943806655005694,-0.5847331465085348,-2.752520822758563,0.00896765879925809,0.027606655340679576,-0.008658094443417905,0.04158199999999986,0.06867200000357175,-0.2233389999989018,0.00036699999999999884,0.0036520000000274592,-0.0017169999999415955
471,0.94368230800319,0.006578059777174256,-0.5306370424767611,-2.025844337158906,0.030310507261885146,-0.011336079788493936,0.005810352327422831,0.04158199999999986,0.06867200000357175,-0.2233389999989018,0.00036699999999999884,0.0036520000000274592,-0.0017169999999415955
472,0.9456883570019272,0.4435931855209977,-0.5537712843336529,-2.0131908877331663,0.035854869631148506,0.0033872383411553335,-0.0047201622560541405,0.04158199999999986,0.06867200000357175,-0.2233389999989018,0.00036699999999999884,0.0036520000000274592,-0.0017169999999415955
473,0.9476884750038153,0.0021297059212143743,-1.0916078407385892,-1.7679796165801611,0.04656464028645154,0.000292912873592435,0.0016475727628567458,0.12158199999999972,0.10867200000693021,-0.4333399999982621,-0.0016330000000000003,0.0026520000000114664,-0.0007169999999575867
474,0.9497000940027647,-0.9151506353768903,-1.2264336164181766,-1.8771785402201837,0.05275842838401969,-0.026035844451252677,0.01467679199371927,0.12158199999999972,0.10867200000693021,-0.4333399999982621,-0.0016330000000000003,0.0026520000000114664,-0.0007169999999575867
475,0.9516837810006109,0.07762404299044631,-0.8481671920102283,-1.7581102061734544,0.04373954048883005,-0.003939949785449385,0.0009178418240062318,0.12158199999999972,0.10867200000693021,-0.4333399999982621,-0.0016330000000000003,0.0026520000000114664,-0.0007169999999575867
476,0.9536835990002146,-0.10420358209303535,-0.5637331134760364,-2.5794117913028694,0.00939727106712131,0.025214696942459303,-0.011915910285801004,0.12158199999999972,0.10867200000693021,-0.4333399999982621,-0.0016330000000000003,0.0026520000000114664,-0.0007169999999575867
477,0.955676884004788,-0.21109138297859667,-0.9582241767060633,-1.9950005858601965,0.05624740135916332,-0.022664242209640518,0.0039024517775897325,0.11158199999999975,0.07867200000645042,-0.4033389999987419,-0.0006330000000000011,0.004652000000027459,-0.0017169999999256023
478,0.9576763209988712,-0.1612562745801334,-0.7944496535406775,-1.5018680193016989,0.04093478647227893,-0.012647626760198157,0.0032054433047508392,0.11158199999999975,0.07867200000645042,-0.4033389999987419,-0.0006330000000000011,0.004652000000027459,-0.0017169999999256023
479,0.9596697560045868,0.12729578039635372,-1.1536970917952245,-1.7632859678030204,0.05010273386733233,0.0034956482149418894,0.0017166300418922666,0.11158199999999975,0.07867200000645042,-0.4033389999987419,-0.0006330000000000011,0.004652000000027459,-0.0017169999999256023
480,0.9616796519985655,0.20648524467578006,-1.1086778394439125,-1.5857431382619438,0.058596297083347335,0.003428712967194989,-0.005427664544154704,0.11158199999999975,0.07867200000645042,-0.4033389999987419,-0.0006330000000000011,0.004652000000027459,-0.0017169999999256023
481,0.9636773750025895,0.014281896734799921,-1.5017299409143774,-2.1232534022142047,0.06119460890966912,-0.00014507002946550715,-0.005031389099031319,0.13158199999999984,0.09867200000453132,-0.283339999998422,-0.002633,0.0006519999999954741,0.00028300000001042877
482,0.9656886540033156,-0.23252828678780355,-0.46638676188347283,-2.7214176265488086,0.007094042861702756,0.01499423955361885,-0.006510297335921732,0.13158199999999984,0.09867200000453132,-0.283339999998422,-0.002633,0.0006519999999954741,0.00028300000001042877
483,0.9676671819979674,0.16664627901224588,-0.8406785798818145,-1.969848535135845,0.03780976580114718,0.008218964001000445,0.008068495042596992,0.13158199999999984,0.09867200000453132,-0.283339999998422,-0.002633,0.0006519999999954741,0.00028300000001042877
484,0.969669864003663,0.23187270165342425,-1.1571489946558253,-1.8195753024885768,0.052981823101892825,0.004146285919598997,0.002842215669705345,0.13158199999999984,0.09867200000453132,-0.283339999998422,-0.002633,0.0006519999999954741,0.00028300000001042877
485,0.971680782000476,-0.021064128293429848,-0.8266060174947659,-2.055247274847524,0.040673346507969374,-0.011942003046962647,0.0041499600587483025,0.1415819999999999,0.10867200000261222,-0.16333999999826215,-0.003632999999999999,-0.002348000000020518,0.001282999999962452
486,0.9736844069993822,0.10855886397151414,-1.1606666761662379,-1.9345943607838705,0.05758880439973617,-0.004127976537952007,0.0023739615251187457,0.1415819999999999,0.10867200000261222,-0.16333999999826215,-0.003632999999999999,-0.002348000000020518,0.001282999999962452
487,0.9756708889981383,0.004334371556405554,-0.5941348250902387,-2.3547058146692015,0.02615763179796593,0.010421473029304419,0.001481633349015265,0.1415819999999999,0.10867200000261222,-0.16333999999826215,-0.003632999999999999,-0.002348000000020518,0.001282999999962452
488,0.977682178003306,0.03405691640744476,-0.592510081295268,-2.166380639515699,0.03808373376629629,-0.005060652025268533,0.005316543950037352,0.1415819999999999,0.10867200000261222,-0.16333999999826215,-0.003632999999999999,-0.002348000000020518,0.001282999999962452
489,0.9796781580007519,-0.030664962741887142,-0.7268681780196079,-2.4282957364258886,0.035920517023855195,0.0018297107570411713,0.004940980676802971,0.09158199999999982,0.07867200000453133,-0.2833399999987419,0.0003669999999999995,0.0036520000000114664,-0.0007169999999415954
490,0.9817183210034273,-0.17839396745318117,-1.0932542976440631,-1.9771741997046546,0.056250424669872415,-0.008256769298574853,0.003951466864159397,0.09158199999999982,0.07867200000453133,-0.2833399999987419,0.0003669999999999995,0.0036520000000114664,-0.0007169999999415954
491,0.9836838240007637,-0.2838659785937058,-0.927725213517063,-1.8959842734643984,0.04899953005694915,-0.0026226713208928327,0.007755042850983665,0.09158199999999982,0.07867200000453133,-0.2833399999987419,0.0003669999999999995,0.0036520000000114664,-0.0007169999999415954
492,0.9856845629983582,0.5805249062873767,-0.6397411017676483,-1.7159278013338857,0.04421408776219153,0.007628561677292672,0.008679514131446001,0.09158199999999982,0.07867200000453133,-0.2833399999987419,0.0003669999999999995,0.0036520000000114664,-0.0007169999999415954
493,0.9876759149992722,0.060898936594352526,-0.7647623111799813,-1.9054289977618584,0.035794918648283644,-0.0020598634620986934,0.003426655717049392,0.10158199999999978,0.04867200000581073,-0.3633399999992217,0.00036700000000000014,0.0016519999999954741,0.00028300000002641945
494,0.9896666950007784,0.2719429854151268,-0.7835079475248049,-1.815205297163442,0.04029966708458767,0.014801091031842127,-0.002724375261013966,0.10158199999999978,0.04867200000581073,-0.3633399999992217,0.00036700000000000014,0.0016519999999954741,0.00028300000002641945
495,0.9916662020041258,0.3100164448138975,-0.7945276785308899,-1.820537348805055,0.03929690191460573,0.002016854685245318,-0.00302536543659918,0.10158199999999978,0.04867200000581073,-0.3633399999992217,0.00036700000000000014,0.0016519999999954741,0.00028300000002641945
496,0.9936943920038175,0.2546584534105925,-1.0627075327705808,-1.8611509492240088,0.05308913563256722,0.0005673053666626532,0.004669068669848394,0.10158199999999978,0.04867200000581073,-0.3633399999992217,0.00036700000000000014,0.0016519999999954741,0.00028300000002641945
497,0.995687556998746,0.1223145115657906,-1.2768774246703671,-2.1223654086048995,0.05636161728836151,-0.0174473896729676,0.010148484134166224,0.13158199999999987,0.06867200000373168,-0.23333899999890184,-0.002632999999999999,-0.0003480000000205184,0.0012829999999944364
498,0.997688036004547,-0.288299369421352,-0.9693710700296355,-2.0983245645166955,0.053895985154718384,-0.01488540807763792,0.005556586109010208,0.13158199999999987,0.06867200000373168,-0.23333899999890184,-0.002632999999999999,-0.0003480000000205184,0.0012829999999944364
499,0.9996771730002365,0.19959944559049572,-0.4269907014554783,-2.7249557513067844,0.004476686360548773,0.034916357051639806,-0.008456573665232035,0.13158199999999987,0.06867200000373168,-0.23333899999890184,-0.002632999999999999,-0.0003480000000205184,0.0012829999999944364
500,1.0016509120032424,-0.333765490481463,-0.4826486854503853,-2.690587809049592,0.0040359082998130775,0.026350871311589016,-0.010806077135843155,0.13158199999999987,0.06867200000373168,-0.23333899999890184,-0.002632999999999999,-0.0003480000000205184,0.0012829999999944364
501,1.0036646250009653,-0.14914714972443543,-1.11447617139644,-1.9005451541991096,0.05468460621239186,-0.008062840259544696,0.007970690029457352,0.17158199999999982,0.09867200000485116,-0.3033389999984221,-0.004633,-0.0033480000000045257,0.00028299999994645987
502,1.005669903002854,-0.520681273503179,-0.7376281587327788,-2.011584622886652,0.04104809855539173,-0.024321442428262542,0.003192070172067138,0.17158199999999982,0.09867200000485116,-0.3033389999984221,-0.004633,-0.0033480000000045257,0.00028299999994645987
503,1.0076449230036815,-0.4062544640552589,-0.9330071384884261,-1.9395273457709492,0.04626703904471173,-0.011337166649707915,-0.0004542317444109051,0.17158199999999982,0.09867200000485116,-0.3033389999984221,-0.004633,-0.0033480000000045257,0.00028299999994645987
504,1.009646063001128,0.1052677727442761,-1.1707552823811898,-1.8344965431454636,0.05448451958610685,0.0071018563813288966,0.007152273720670223,0.17158199999999982,0.09867200000485116,-0.3033389999984221,-0.004633,-0.0033480000000045257,0.00028299999994645987
505,1.0116675009994651,-0.2038149048021575,-0.8727535126570222,-1.3763884180856802,0.05071940411301684,-0.006463240589041872,-0.0011457388353815112,0.18158199999999977,0.1186720000056508,-0.3533399999981022,-0.006632999999999998,-0.004348000000036511,0.0022829999999304687
506,1.0136799320025602,0.23342404744699732,-0.8813274805037767,-2.32219997403399,0.04162079750613325,-0.0016746637003832734,0.00036735866409304697,0.18158199999999977,0.1186720000056508,-0.3533399999981022,-0.006632999999999998,-0.004348000000036511,0.0022829999999304687
507,1.0156576680019498,0.3101494866524568,-0.7088030924425679,-2.63838619831369,0.0030318078248880056,0.03664368777153963,-0.009957932579002977,0.18158199999999977,0.1186720000056508,-0.3533399999981022,-0.006632999999999998,-0.004348000000036511,0.0022829999999304687
508,1.01767707199906,0.07369367719789897,-0.9777057442195567,-2.2515042607754014,0.04642912945674647,0.0021847892301766897,0.0051128432193775315,0.18158199999999977,0.1186720000056508,-0.3533399999981022,-0.006632999999999998,-0.004348000000036511,0.0022829999999304687
509,1.0197214430008898,-0.2779417073258353,-1.097386685279084,-2.4208002242932616,0.05436937554796577,-0.00902359265465264,0.008675429338986398,0.13158199999999975,0.08867200000613057,-0.38333899999858195,-0.0016329999999999997,-0.0003480000000045259,0.0002829999999944356
510,1.0216481739989831,-0.11982032886387467,-0.87486678092727,-1.897686729711326,0.04358136397200071,-0.007639398844845155,0.00830643855603418,0.13158199999999975,0.08867200000613057,-0.38333899999858195,-0.0016329999999999997,-0.0003480000000045259,0.0002829999999944356
511,1.023661204999371,-0.15120210083885785,-1.0737959996083892,-2.1041921418636145,0.054710992196172564,-0.013091236011454054,0.007762490670004874,0.13158199999999975,0.08867200000613057,-0.38333899999858195,-0.0016329999999999997,-0.0003480000000045259,0.0002829999999944356
512,1.0256704300045385,0.6074059795107729,-0.4986502724135122,-1.7875711469083977,0.03556001986724997,-0.0027302342009363355,0.0017926863272156811,0.13158199999999975,0.08867200000613057,-0.38333899999858195,-0.0016329999999999997,-0.0003480000000045259,0.0002829999999944356
513,1.0276869090012042,0.08100353166830977,-0.6057081847147021,-2.1193003616410517,0.0465346828376533,-0.012972936196768096,0.005908489720029344,0.10158199999999985,0.03867200000373168,-0.2333389999993816,-0.003632999999999999,-0.002348000000020518,0.001282999999962452
514,1.0296861250026268,0.13420095464153037,-0.9542354628339457,-2.710230490184682,0.016990697428903113,0.033820343821584546,-0.018072675462321115,0.10158199999999985,0.03867200000373168,-0.2333389999993816,-0.003632999999999999,-0.002348000000020518,0.001282999999962452
515,1.031657339000958,-0.10156460539646261,-0.9252841019490025,-2.6839529815670895,0.011758646220904646,0.024371366638880523,-0.006464767379170275,0.10158199999999985,0.03867200000373168,-0.2333389999993816,-0.003632999999999999,-0.002348000000020518,0.001282999999962452
516,1.0336794780014316,0.04825532445176345,-0.6716550265847727,-2.7989221289732993,0.01727431870701316,0.02514065755831516,-0.00789470363871917,0.10158199999999985,0.03867200000373168,-0.2333389999993816,-0.003632999999999999,-0.002348000000020518,0.001282999999962452
517,1.0356728330007172,0.15560230016520277,-1.0206994213369622,-2.4836925089224375,0.02926796808107398,0.024802335674834804,-0.010900790343268586,0.10158199999999991,0.07867200000245228,-0.1533389999987419,-0.004633,-0.0023480000000045257,0.00028299999996245245
518,1.0376861260010628,0.0356396350010483,-0.8145312067579527,-3.0050394075160605,0.0208180773894058,0.018647686057784402,-0.005558771650149122,0.10158199999999991,0.07867200000245228,-0.1533389999987419,-0.004633,-0.0023480000000045257,0.00028299999996245245
519,1.0396632609990775,-0.0855358326803266,-0.7966875889895094,-2.5204090823302927,0.016643545583186453,0.02160771676182743,-0.005618451480445027,0.10158199999999991,0.07867200000245228,-0.1533389999987419,-0.004633,-0.0023480000000045257,0.00028299999996245245
520,1.0416767240021727,0.5354286948902257,-1.1087105418845724,-1.8863195544728713,0.05972336735791787,0.002043752997321185,0.00613639800123873,0.10158199999999991,0.07867200000245228,-0.1533389999987419,-0.004633,-0.0023480000000045257,0.00028299999996245245
521,1.0436660510022193,0.27650823250605705,-0.9625405167874787,-2.1138321516370917,0.04322399339479796,0.008644423927087662,0.001368122365170173,0.08158199999999992,0.048672000002132426,-0.13333899999922166,-0.001632999999999999,0.0006519999999794816,0.0012830000000104281
522,1.0456684230011888,0.37795947799678226,-0.9516217822248572,-1.7717449565796222,0.05524011906671949,-0.004843271922715842,-0.0014509903012553443,0.08158199999999992,0.048672000002132426,-0.13333899999922166,-0.001632999999999999,0.0006519999999794816,0.0012830000000104281
523,1.047652029999881,0.5233377630175885,-1.053483523857145,-2.19360982217001,0.04624407737395292,0.01254944273062563,0.007958208456992728,0.08158199999999992,0.048672000002132426,-0.13333899999922166,-0.001632999999999999,0.0006519999999794816,0.0012830000000104281
524,1.0496340350000537,-0.11935225327357588,-1.0496290302097793,-2.2223301706298897,0.055282783806079226,-0.012411427591182933,0.0029122104700369444,0.08158199999999992,0.048672000002132426,-0.13333899999922166,-0.001632999999999999,0.0006519999999794816,0.0012830000000104281
525,1.0516614630032564,-0.14110687970386263,-1.0525399044614665,-1.7726741963365895,0.05631062312099599,-0.014011777603679216,0.0024363607169512976,0.11158199999999978,0.08867200000549089,-0.34333999999858195,-0.0016329999999999997,0.002651999999995474,0.0002830000000424132
526,1.0536842939982307,0.29266217859590593,-0.49739288614778315,-2.8342487510525927,0.012603384387848353,0.03745640567781353,-0.0052185810083913604,0.11158199999999978,0.08867200000549089,-0.34333999999858195,-0.0016329999999999997,0.002651999999995474,0.0002830000000424132
527,1.0556583930010675,0.3722740134364223,-0.45553285101115926,-2.9890710820629134,-0.003451910066103095,0.03152760209340662,-0.011949814368198796,0.11158199999999978,0.08867200000549089,-0.34333999999858195,-0.0016329999999999997,0.002651999999995474,0.0002830000000424132
528,1.0576765150035499,-0.5493074268273436,-0.3704638912101208,-2.6224722291078866,0.0033757019566568345,0.007076679901375227,-0.015109064023897233,0.11158199999999978,0.08867200000549089,-0.34333999999858195,-0.0016329999999999997,0.002651999999995474,0.0002830000000424132
529,1.059662035004294,0.19023228366256872,-0.5155135592390109,-2.844854351230155,0.01172643976466259,0.02713695856133872,-0.007947788106392793,0.09158199999999969,0.08867200000788976,-0.49333999999858197,0.0023669999999999984,0.004652000000043451,-0.002716999999925604
530,1.061679215003096,-0.058686462742062115,-0.8325715020230591,-2.559014693454448,0.02138583322700064,0.021077128917794574,-0.003363334726277314,0.09158199999999969,0.08867200000788976,-0.49333999999858197,0.0023669999999999984,0.004652000000043451,-0.002716999999925604
531,1.0636354710004525,-0.15085335184621962,-0.7064900879603851,-2.489693177678034,0.017399046682970924,0.00937889687490544,-0.0025356725401094104,0.09158199999999969,0.08867200000788976,-0.49333999999858197,0.0023669999999999984,0.004652000000043451,-0.002716999999925604
532,1.0656237560033333,0.29022122965964314,-0.7643670738176044,-2.5489657362253846,0.015083872903645728,0.027109760711171903,-0.009364751570905477,0.09158199999999969,0.08867200000788976,-0.49333999999858197,0.0023669999999999984,0.004652000000043451,-0.002716999999925604
533,1.0676353360031499,-0.17444398725727284,-0.5560455909736223,-2.668038048317339,0.015605272036853846,0.016893766650433607,-0.0092988664927851,0.09158199999999986,0.07867200000357176,-0.2233389999987419,-0.0006330000000000004,0.0006520000000114666,-0.0007169999999895724
534,1.069666852003138,-0.12621002348509383,-0.8523509228468642,-2.8118805125076416,0.012705362138242084,0.026937128356388108,-0.007144663661671837,0.09158199999999986,0.07867200000357176,-0.2233389999987419,-0.0006330000000000004,0.0006520000000114666,-0.0007169999999895724
535,1.0716564809990814,0.22223030701739582,-0.2894740026176784,-2.5008162896172186,0.0040180054636964075,0.028213033278894083,-0.013495930273432965,0.09158199999999986,0.07867200000357176,-0.2233389999987419,-0.0006330000000000004,0.0006520000000114666,-0.0007169999999895724
536,1.0736692620048416,-0.26058109542794183,-0.8300379757880317,-2.5175485057466473,0.013199890713336949,0.0284482534019374,-0.0018024098920462956,0.09158199999999986,0.07867200000357176,-0.2233389999987419,-0.0006330000000000004,0.0006520000000114666,-0.0007169999999895724
537,1.075659963004,0.29454455105463,-0.6269539733958996,-2.5720317684480416,0.016779881319852807,0.03164106196844727,-0.0018331574208033815,0.09158199999999986,0.07867200000357176,-0.2233389999987419,-0.002632999999999999,0.0006519999999794816,0.0012830000000104288
538,1.07766956800333,-0.14777941905325875,-0.969969131245072,-2.4875468967946714,0.025626337348670473,0.016009228197763417,-0.00806334175724666,0.09158199999999986,0.07867200000357176,-0.2233389999987419,-0.002632999999999999,0.0006519999999794816,0.0012830000000104288
539,1.0796439180048765,0.18590537511174837,-0.6002445493565999,-2.803710203027823,0.006346110787501152,0.033772284722317164,-0.0006081325940377079,0.09158199999999986,0.07867200000357176,-0.2233389999987419,-0.002632999999999999,0.0006519999999794816,0.0012830000000104288
540,1.081662510005117,0.46000998042122165,-0.6964688676091797,-3.0782999982502344,0.009176758417112438,0.03800119319860066,-0.012818108095193625,0.09158199999999986,0.07867200000357176,-0.2233389999987419,-0.002632999999999999,0.0006519999999794816,0.0012830000000104288
541,1.0837087649997557,-0.07162236986191384,-0.610234775091749,-2.141812228790164,0.03188909951237341,0.011008271866620182,-0.00025050384182240997,0.12158199999999983,0.10867200000421148,-0.26333999999826213,-0.004632999999999999,0.0006519999999794816,0.00128300000001043
542,1.0856989640014945,-0.13741849823614333,-0.9923366469294017,-1.9115694285656213,0.0515993170266465,-0.006179516995553559,-0.0037638202703139867,0.12158199999999983,0.10867200000421148,-0.26333999999826213,-0.004632999999999999,0.0006519999999794816,0.00128300000001043
543,1.0876518130025943,-0.24283634810469337,-0.5607792839894031,-1.4941535813902616,0.04904672084114532,-0.01599502847928057,-0.00010934361959959713,0.12158199999999983,0.10867200000421148,-0.26333999999826213,-0.004632999999999999,0.0006519999999794816,0.00128300000001043
544,1.0896677109994926,-0.07781781624485123,-0.7130354207585093,-2.3013364758119526,0.03452303087441985,-0.01101562426239535,-0.006506689235574839,0.12158199999999983,0.10867200000421148,-0.26333999999826213,-0.004632999999999999,0.0006519999999794816,0.00128300000001043
545,1.0916614570014644,0.13497453680760668,-0.8028460186620492,-1.989047486953376,0.045719689822227405,-0.009192131576294517,-0.0010027407022385809,0.1615819999999998,0.08867200000501109,-0.313338999998582,-0.002632999999999999,-0.002348000000020518,0.0012829999999624513
546,1.0936684280022746,-0.019183603355813497,-1.0220318938809454,-1.8888101373877206,0.054619343124091994,-0.0003848689454688687,0.005581630024295321,0.1615819999999998,0.08867200000501109,-0.313338999998582,-0.002632999999999999,-0.002348000000020518,0.0012829999999624513
547,1.09565103299974,-0.22502469108756876,-0.7161924317405515,-2.3075617958906025,0.022010105852881184,0.0017067661242819846,-0.01066557985544156,0.1615819999999998,0.08867200000501109,-0.313338999998582,-0.002632999999999999,-0.002348000000020518,0.0012829999999624513
548,1.0976693150005303,-0.46299357244338074,-0.1577949131505614,-2.7963457704098036,-0.004621170903013743,0.02020746257871885,-0.012392964178902833,0.1615819999999998,0.08867200000501109,-0.313338999998582,-0.002632999999999999,-0.002348000000020518,0.0012829999999624513
549,1.0996551050047856,0.21066574829742157,-0.3465465329865543,-3.0833288870509437,-0.011206352620857963,0.03395733536802308,-0.010652170428287042,0.13158199999999975,0.08867200000661035,-0.41333999999858195,-0.002633,0.0006519999999954741,0.00028300000001042877
550,1.1016626769996947,-0.39889960150506315,-0.7059578498222346,-2.1366240909203587,0.03740219217558125,-0.009505249008048566,-0.0010634604148838445,0.13158199999999975,0.08867200000661035,-0.41333999999858195,-0.002633,0.0006519999999954741,0.00028300000001042877
551,1.1036480980037595,-0.023107514562131972,-0.6447588812287439,-1.836207079743273,0.03979102810625899,-0.013974776539412048,0.006382526581387951,0.13158199999999975,0.08867200000661035,-0.41333999999858195,-0.002633,0.0006519999999954741,0.00028300000001042877
552,1.1056848740045098,-0.0977138515373181,-0.8314670444933269,-2.169534520469696,0.04087893348012857,-0.008288590633940156,0.00584562472560073,0.13158199999999975,0.08867200000661035,-0.41333999999858195,-0.002633,0.0006519999999954741,0.00028300000001042877
553,1.1076955620010267,-0.17819652889719484,-0.9490284573344981,-1.7711534601405812,0.04789384398723889,-0.011990679926668626,0.006824916326661528,0.12158199999999966,0.10867200000836955,-0.5233399999982622,-0.0016330000000000003,0.0026520000000114664,-0.0007169999999575867
554,1.1096842890037806,0.5353914383390088,-0.6199324129456358,-2.4680112397920215,0.02918979400500222,0.011465215849029408,-0.0028574741898100336,0.12158199999999966,0.10867200000836955,-0.5233399999982622,-0.0016330000000000003,0.0026520000000114664,-0.0007169999999575867
555,1.1116491709981347,-0.0012267521597268394,-0.7520691127980348,-1.9510688591238747,0.04345936624368412,-0.01027339656691661,0.006137032214209677,0.12158199999999966,0.10867200000836955,-0.5233399999982622,-0.0016330000000000003,0.0026520000000114664,-0.0007169999999575867
556,1.1136598480006796,0.1790412382860195,-1.1238237298025575,-1.921798805982905,0.05840947673265992,0.005968117442475491,0.005229715726339741,0.12158199999999966,0.10867200000836955,-0.5233399999982622,-0.0016330000000000003,0.0026520000000114664,-0.0007169999999575867
557,1.1156591949984431,-0.14617446405071366,-0.7505941099831651,-1.8370745437619527,0.04471820137152512,-0.010955802572629465,0.006991130302789324,0.06158199999999983,0.06867200000421148,-0.26333999999890184,0.0013669999999999995,0.0036520000000114664,-0.0007169999999415961
558,1.117669952000142,-0.03200126864948542,-1.013720274824223,-1.9280996551233889,0.045160859707911234,-0.004681417064155933,-0.008509419149213607,0.06158199999999983,0.06867200000421148,-0.26333999999890184,0.0013669999999999995,0.0036520000000114664,-0.0007169999999415961
559,1.1196639289992163,0.9114745429418645,-0.3525161442532857,-1.913647418459413,0.03528645782122199,0.009941245953496741,0.007793210152289559,0.06158199999999983,0.06867200000421148,-0.26333999999890184,0.0013669999999999995,0.0036520000000114664,-0.0007169999999415961
560,1.1216702489982708,-0.18561417797141505,-1.0283791026184097,-1.9532097343415635,0.05415067080811715,-0.011618593349540112,-0.006064583840608229,0.06158199999999983,0.06867200000421148,-0.26333999999890184,0.0013669999999999995,0.0036520000000114664,-0.0007169999999415961
561,1.1236579830001574,0.10388633621970544,-0.6903188793387508,-1.9701266359008085,0.041376733891530564,-0.0055146356494161245,0.0007137100759542351,0.061581999999999804,0.04867200000485116,-0.30333899999922165,0.004366999999999999,0.005652000000027459,-0.0017169999999096129
562,1.1256337060040096,0.15744117424266654,-0.764961944455642,-1.4870359928620371,0.05074170634787994,-0.0011041006457353448,-0.0016944910154827323,0.061581999999999804,0.04867200000485116,-0.30333899999922165,0.004366999999999999,0.005652000000027459,-0.0017169999999096129
563,1.1276242660023854,-0.2270371937401195,-0.8248702069640534,-2.101918404323009,0.029339200403335073,-0.0023405196218988025,0.008357811418317332,0.061581999999999804,0.04867200000485116,-0.30333899999922165,0.004366999999999999,0.005652000000027459,-0.0017169999999096129
564,1.1296268580044853,-0.128892394826406,-0.8347676118405137,-1.7785861684231634,0.04136357151052354,-0.013908704575474889,0.001351893761515036,0.061581999999999804,0.04867200000485116,-0.30333899999922165,0.004366999999999999,0.005652000000027459,-0.0017169999999096129
565,1.1316612000009627,0.1602327392801426,-0.4956175329178674,-2.2125030140555935,0.035007270687413494,-0.0013944309512824422,-0.00016148756969436564,0.041581999999999814,0.07867200000469127,-0.29334099999874186,0.0003670000000000001,0.004651999999995474,0.0002830000000743971
566,1.1336579710041406,0.3752826244415161,-0.6578639824709374,-1.8501677228247313,0.03910473173802626,-0.0019101570687838733,-0.0015548177846275999,0.041581999999999814,0.07867200000469127,-0.29334099999874186,0.0003670000000000001,0.004651999999995474,0.0002830000000743971
567,1.1356495630025165,0.6177999567448209,-0.7421901436185103,-2.0539226973218474,0.036153702915420756,0.014406509091019142,0.00178368795627409,0.041581999999999814,0.07867200000469127,-0.29334099999874186,0.0003670000000000001,0.004651999999995474,0.0002830000000743971
568,1.1376683460039203,0.1761264527058732,-0.9599986762577306,-1.6988564739779286,0.044910810809573466,-0.0037188134961254516,0.004996289475970266,0.041581999999999814,0.07867200000469127,-0.29334099999874186,0.0003670000000000001,0.004651999999995474,0.0002830000000743971
569,1.139654448001238,0.002886842444558553,-0.7349738392439121,-1.9172332971594233,0.04150161295536945,-0.0012357522697711083,0.0004502666030158326,0.11158199999999978,0.10867200000581073,-0.3633399999982621,-0.0036329999999999986,0.0006519999999634891,0.0022830000000104295
570,1.1416665180004202,0.16768880497394706,-0.9721123562992732,-2.2671508675547347,0.04269238005306362,-0.0026844587317546038,-0.003464945804916505,0.11158199999999978,0.10867200000581073,-0.3633399999982621,-0.0036329999999999986,0.0006519999999634891,0.0022830000000104295
571,1.1436458469979698,0.553107489973394,-0.8649215573332598,-1.922701945083368,0.045384808643359566,0.002492290738459512,0.011623713536515473,0.11158199999999978,0.10867200000581073,-0.3633399999982621,-0.0036329999999999986,0.0006519999999634891,0.0022830000000104295
572,1.145663618000981,0.04485368119254193,-0.7745874250877642,-2.2825511332182526,0.043441399450399695,0.006866176635557754,-0.003384568528955536,0.11158199999999978,0.10867200000581073,-0.3633399999982621,-0.0036329999999999986,0.0006519999999634891,0.0022830000000104295
573,1.147659547998046,-0.4094075956926974,-0.9587782664674537,-1.8277342732579958,0.05223577290976925,-0.020174250628182542,0.00046013800639552985,0.07158199999999991,0.09867200000261221,-0.16333999999842205,-0.002632999999999999,0.0006519999999794816,0.0012830000000104288
574,1.1496730709986878,0.08292809302161179,-0.6234845701409186,-2.192829809336147,0.03923987996870762,-0.004081382459752778,-0.0005286316090729511,0.07158199999999991,0.09867200000261221,-0.16333999999842205,-0.002632999999999999,0.0006519999999794816,0.0012830000000104288
575,1.151652100001229,-0.12222801358398909,-0.41520414950705314,-2.2762807311918025,0.03095259604771473,-0.004257379337900142,0.0026808102943878032,0.07158199999999991,0.09867200000261221,-0.16333999999842205,-0.002632999999999999,0.0006519999999794816,0.0012830000000104288
576,1.1536453349981457,0.220569573639911,-0.7340663434581485,-2.054571041319216,0.0376733641730857,-0.00263222460421615,-0.004170528852404159,0.07158199999999991,0.09867200000261221,-0.16333999999842205,-0.002632999999999999,0.0006519999999794816,0.0012830000000104288
577,1.1556577860028483,0.05095959220079854,-0.8713497322364732,-2.2382853420331346,0.04768488211056319,-0.009289560341704941,0.002731866647751065,0.14158199999999987,0.11867200000325194,-0.2033409999981022,-0.006632999999999998,-0.003348000000036511,0.002282999999946461
578,1.1576698659991962,0.2405389408806117,-1.0960996413127297,-2.5261043787091753,0.0316791455899951,0.019050223274922604,-0.010233036748093999,0.14158199999999987,0.11867200000325194,-0.2033409999981022,-0.006632999999999998,-0.003348000000036511,0.002282999999946461
579,1.159654405004403,-0.09870444139142569,-1.165121263152454,-1.8690433312072108,0.05697260179416969,-0.010630315636505705,0.00232468458773253,0.14158199999999987,0.11867200000325194,-0.2033409999981022,-0.006632999999999998,-0.003348000000036511,0.002282999999946461
580,1.1616572979983175,0.35412184969113686,-0.5762481060613418,-1.8791163659965657,0.04145726794771489,0.0016805953094060214,-0.009090976426382305,0.14158199999999987,0.11867200000325194,-0.2033409999981022,-0.006632999999999998,-0.003348000000036511,0.002282999999946461
581,1.1636640380020253,0.2342370509690953,-0.5500916712081292,-1.9599530873866833,0.040062157354613444,-0.0037462695174682926,-0.01007118079113371,0.15158199999999974,0.0986720000064504,-0.4033389999984221,-0.0016329999999999997,-0.001348000000004526,0.0002829999999784431
582,1.1656688340008259,0.05833822055086162,-0.7702400130368661,-1.958838941201577,0.040619954330148936,-0.007652644666861795,0.00048790057530795973,0.15158199999999974,0.0986720000064504,-0.4033389999984221,-0.0016329999999999997,-0.001348000000004526,0.0002829999999784431
583,1.1676417420021608,-0.22381826037015343,-0.7455696210267407,-2.400715749754898,0.020622245790831547,0.005671208299641655,-0.007684233076750006,0.15158199999999974,0.0986720000064504,-0.4033389999984221,-0.0016329999999999997,-0.001348000000004526,0.0002829999999784431
584,1.169667758003925,0.05044254745139593,-0.9031380853434426,-1.73101501899665,0.05563035921189048,-8.150414441736055e-05,0.012554293107483197,0.15158199999999974,0.0986720000064504,-0.4033389999984221,-0.0016329999999999997,-0.001348000000004526,0.0002829999999784431
585,1.1716611630035914,-0.1856218249220211,-1.0659106841397943,-1.9564494776796006,0.0529762064527218,-0.020648761986860355,0.008731426491264004,0.0615819999999998,0.06867200000517101,-0.3233389999989018,0.0013669999999999995,0.0026520000000114664,-0.0007169999999575886
586,1.1736690460020327,0.29470889744739676,-1.1165504188553776,-1.8115774710885473,0.05759197752352181,0.0012047255364234246,-0.0036042874492897012,0.0615819999999998,0.06867200000517101,-0.3233389999989018,0.0013669999999999995,0.0026520000000114664,-0.0007169999999575886
587,1.1756629119990976,0.13507416370127637,-0.830627612517475,-1.9407000406117851,0.03426794421261817,-0.004922876853757195,0.0010265079274270907,0.0615819999999998,0.06867200000517101,-0.3233389999989018,0.0013669999999999995,0.0026520000000114664,-0.0007169999999575886
588,1.1776575100011542,-0.4025890403182259,-1.0075717721097186,-1.6733034066843058,0.05261741044281924,-0.017606853545050462,-0.004301134956257473,0.0615819999999998,0.06867200000517101,-0.3233389999989018,0.0013669999999999995,0.0026520000000114664,-0.0007169999999575886
589,1.1796580980008002,-0.13193293970725994,-0.7485940232229548,-2.152815724413687,0.05040758228355767,-0.012494036521172418,0.0012550550783520058,0.11158199999999979,0.06867200000533095,-0.33333999999890185,-0.0016329999999999997,0.0006519999999954741,0.0002830000000104282
590,1.181630003004102,0.1156201513647702,-0.17554201732742414,-1.784959568010155,0.028740424864134317,-0.007922962724401534,-0.0009426681428987995,0.11158199999999979,0.06867200000533095,-0.33333999999890185,-0.0016329999999999997,0.0006519999999954741,0.0002830000000104282
591,1.1837127760009025,-0.09742269480735495,-0.5578359796447117,-2.2494973605318287,0.033662560519435204,-0.009122118976473604,0.004737225717499059,0.11158199999999979,0.06867200000533095,-0.33333999999890185,-0.0016329999999999997,0.0006519999999954741,0.0002830000000104282
592,1.185678399000608,0.10628292123065482,-0.7826548210876028,-1.884831264803784,0.0379606654905024,-0.0015193168402840916,0.0010259122289924475,0.11158199999999979,0.06867200000533095,-0.33333999999890185,-0.0016329999999999997,0.0006519999999954741,0.0002830000000104282
593,1.1876638200046727,-0.13402392160923715,-0.7379619306752178,-2.0758200774999085,0.04542112444035908,-0.011709356530624292,0.008983338483704964,0.10158199999999969,0.08867200000804969,-0.503339999998582,0.0003669999999999995,0.0036520000000114664,-0.0007169999999415954
594,1.1896715719994972,-0.021657904955791778,-0.531426823075326,-2.1360323422224354,0.03813223974076198,-0.00499559183986003,-0.0027436965766900333,0.10158199999999969,0.08867200000804969,-0.503339999998582,0.0003669999999999995,0.0036520000000114664,-0.0007169999999415954
595,1.1916266359985457,-0.13188161444912308,-0.8554031731238283,-1.8104875333157253,0.04807706232551635,-0.006022079437652127,0.0009164178667035778,0.10158199999999969,0.08867200000804969,-0.503339999998582,0.0003669999999999995,0.0036520000000114664,-0.0007169999999415954
596,1.1936375740042422,-0.020239143522128685,-0.4650774159433683,-1.9659302135095922,0.03356653999577395,-0.012086986793781005,0.00888764780451607,0.10158199999999969,0.08867200000804969,-0.503339999998582,0.0003669999999999995,0.0036520000000114664,-0.0007169999999415954
597,1.1956707530043786,-0.21269739324247083,-0.2282490955100148,-2.7939390766105516,-0.0046330609159130195,0.023700819818958073,-0.020037605231861357,0.13158199999999978,0.09867200000549088,-0.343339999998422,-0.004632999999999999,-0.002348000000020518,0.0012829999999624524
598,1.1976599910049117,-0.08085945996940203,-0.3422498982643732,-1.7562077749273781,0.03852354445975908,-0.01378084514717754,-0.0006884730660565815,0.13158199999999978,0.09867200000549088,-0.343339999998422,-0.004632999999999999,-0.002348000000020518,0.0012829999999624524
599,1.1996566419984447,0.16360628159476262,-0.7706007886914137,-1.7572190673863233,0.04400859620764721,-0.004860532612490551,-0.0002744793658498931,0.13158199999999978,0.09867200000549088,-0.343339999998422,-0.004632999999999999,-0.002348000000020518,0.0012829999999624524
600,1.2016590740022366,-0.18031764319943785,-1.3588322857244244,-1.7553296075326483,0.06170634935623439,-0.005726301610036826,0.008000265432078385,0.13158199999999978,0.09867200000549088,-0.343339999998422,-0.004632999999999999,-0.002348000000020518,0.0012829999999624524
601,1.2036734290013555,-0.32931373898802635,-0.9072587479508967,-1.8545359509322157,0.057775444735159054,-0.01724162505375879,0.01272895806194461,0.12158199999999984,0.07867200000389163,-0.24333999999874192,-0.004632999999999999,-0.0013480000000205185,0.001282999999978445
602,1.2056802490042173,0.5646261280348008,-0.46974337682960415,-2.3648131269908323,0.005676122123986153,0.03804747190282503,-0.01242208560956372,0.12158199999999984,0.07867200000389163,-0.24333999999874192,-0.004632999999999999,-0.0013480000000205185,0.001282999999978445
603,1.2076767710022978,0.10778098559078471,-0.4665841924216298,-2.5233102397348786,0.01079889144001882,0.030437521188829086,-0.009212808612552557,0.12158199999999984,0.07867200000389163,-0.24333999999874192,-0.004632999999999999,-0.0013480000000205185,0.001282999999978445
604,1.2096598370044376,-0.00949679037823179,-0.8690604558972727,-2.405324589597335,0.029524028800382875,0.0174976845675942,-0.009883752661388235,0.12158199999999984,0.07867200000389163,-0.24333999999874192,-0.004632999999999999,-0.0013480000000205185,0.001282999999978445
605,1.2116682400010177,0.3611389278923761,-0.6789317308143857,-2.383943908716971,0.019487110343985793,0.025752779735468433,-0.004325734133795545,0.12158199999999984,0.08867200000405155,-0.253339999998582,-0.0036329999999999986,-0.001348000000036511,0.002282999999978444
606,1.2136764730021241,0.28941303338404956,-0.6443218902486725,-2.698177688421943,0.016814474591956393,0.028112349562041245,-2.7404815209818884e-05,0.12158199999999984,0.08867200000405155,-0.253339999998582,-0.0036329999999999986,-0.001348000000036511,0.002282999999978444
607,1.2156556920017465,-0.11141046837978827,-0.2789976045304467,-2.9137642799065926,-0.003868102508864266,0.021351775761679858,-0.010159506051496391,0.12158199999999984,0.08867200000405155,-0.253339999998582,-0.0036329999999999986,-0.001348000000036511,0.002282999999978444
608,1.2176622219994897,-0.21692516305943313,-0.5315875309180639,-2.943160487188046,0.0015028200029412945,0.02636293076906045,-0.005724990206963836,0.12158199999999984,0.08867200000405155,-0.253339999998582,-0.0036329999999999986,-0.001348000000036511,0.002282999999978444
609,1.2197166309997556,0.2728550353120811,-0.44338347966058167,-2.67734364191341,0.00819193692228003,0.0334657038921038,-0.013722025368956859,0.12158199999999983,0.10867200000437141,-0.27333999999826214,-0.002633,0.0006519999999954741,0.00028300000001042877
610,1.2216693410009611,0.6924456294412478,-0.24042203160444878,-1.81378430123982,0.03405926369552458,0.001545133250599264,0.0002778562525796039,0.12158199999999983,0.10867200000437141,-0.27333999999826214,-0.002633,0.0006519999999954741,0.00028300000001042877
611,1.2236397529995884,0.395868357582593,-0.8971874009112697,-1.9567957403457492,0.04638270237608366,0.00428678266777777,0.008677549193122903,0.12158199999999983,0.10867200000437141,-0.27333999999826214,-0.002633,0.0006519999999954741,0.00028300000001042877
612,1.225653316003445,0.3312257085536215,-0.8248599017691535,-2.1482602544656593,0.04322535595022952,0.010636925654313515,0.005833940889819911,0.12158199999999983,0.10867200000437141,-0.27333999999826214,-0.002633,0.0006519999999954741,0.00028300000001042877
613,1.2276732009995612,-0.11819637015365875,-0.8301261805844495,-2.1078402992553196,0.048072741958350367,-0.016826577930209773,0.009029365069684665,0.12158199999999979,0.128672000005171,-0.32333899999794224,-0.0026330000000000004,0.0016520000000114668,-0.0007169999999735786
614,1.2296700029983185,-0.08877266921388545,-0.9025661090967432,-1.9245161384379488,0.05312971907016458,-0.020878391915441635,0.01107261608380236,0.12158199999999979,0.128672000005171,-0.32333899999794224,-0.0026330000000000004,0.0016520000000114668,-0.0007169999999735786
615,1.2316416670000763,0.2948624694681211,-0.7260233731050538,-2.571796210331741,0.01693364425467432,0.03331664182006312,-0.0028567698010512526,0.12158199999999979,0.128672000005171,-0.32333899999794224,-0.0026330000000000004,0.0016520000000114668,-0.0007169999999735786
616,1.233662924998498,0.3462715935735564,-0.8226682838950795,-2.724754903277088,0.013920332371131624,0.03619749355289976,-0.00035104427701783316,0.12158199999999979,0.128672000005171,-0.32333899999794224,-0.0026330000000000004,0.0016520000000114668,-0.0007169999999735786
617,1.2356637839984614,-0.11420801281631314,-0.9300720579830601,-2.8226865240340824,0.020280121063605105,0.027588252561610238,-0.009418120158022118,0.12158199999999979,0.10867200000517102,-0.3233389999982621,-0.004632999999999998,-0.001348000000036511,0.0022829999999784446
618,1.2376676990024862,0.06245041418596831,-0.5331361618634093,-2.6263301480014096,0.012136145517637609,0.01886523500287276,-0.005635838561752726,0.12158199999999979,0.10867200000517102,-0.3233389999982621,-0.004632999999999998,-0.001348000000036511,0.0022829999999784446
619,1.2396493220003322,0.011154260427535962,-0.74501754792048,-1.9588758734053286,0.04640602254472901,-0.009635115879125402,0.009539034636644829,0.12158199999999979,0.10867200000517102,-0.3233389999982621,-0.004632999999999998,-0.001348000000036511,0.0022829999999784446
620,1.2416584270031308,-0.026895717502781226,-0.8346561815925131,-2.0087253961768274,0.04453941078917264,-0.005758951409010029,0.005420522516852472,0.12158199999999979,0.10867200000517102,-0.3233389999982621,-0.004632999999999998,-0.001348000000036511,0.0022829999999784446
621,1.2436625420014025,-0.2008246865833092,-0.7736916006801439,-1.8989878999448513,0.046404082146497945,-0.010132311587513921,0.009174115612215853,0.18158199999999985,0.08867200000373168,-0.23333899999858201,-0.008632999999999998,-0.0063480000000525035,0.0032829999998984847
622,1.2456605859988485,-0.1844962104828721,-0.942796990619222,-1.579757444977592,0.04961346564374467,-0.0012410219330568346,0.005157518326973555,0.18158199999999985,0.08867200000373168,-0.23333899999858201,-0.008632999999999998,-0.0063480000000525035,0.0032829999998984847
623,1.2476601230009692,-0.19099746525827596,-0.8801920888903777,-1.7615070438675762,0.053202067329233195,-0.00969562869225713,0.005065019472331945,0.18158199999999985,0.08867200000373168,-0.23333899999858201,-0.008632999999999998,-0.0063480000000525035,0.0032829999998984847
624,1.2496518449988798,0.28357173132169683,-0.8597593826974294,-2.213280208256407,0.03880119593385837,0.007952134814464936,-0.006767681168348492,0.18158199999999985,0.08867200000373168,-0.23333899999858201,-0.008632999999999998,-0.0063480000000525035,0.0032829999998984847
625,1.2516589459992247,0.38327374156817673,-0.6994832276002562,-1.8335140117110185,0.048662912071401866,-0.011210896026280944,0.010293917313862715,0.1515819999999999,0.08867200000213243,-0.133338999998582,-0.005632999999999998,-0.0053480000000525035,0.0032829999999144754
626,1.2536651250047726,-0.03885299579271181,-0.8197950870250219,-1.7587972220895953,0.0502774166623909,-0.005803868468603461,0.010748668057884006,0.1515819999999999,0.08867200000213243,-0.133338999998582,-0.005632999999999998,-0.0053480000000525035,0.0032829999999144754
627,1.2556580000018585,0.43333215685977455,-0.9230224218533237,-1.4788544607303469,0.04014592905687422,0.016581275357240893,0.004371830005050974,0.1515819999999999,0.08867200000213243,-0.133338999998582,-0.005632999999999998,-0.0053480000000525035,0.0032829999999144754
628,1.2576526880002348,0.16306179249812486,-0.6560941355161334,-1.9098105439427584,0.05293612977802945,-0.006754694690567398,0.005251615263041726,0.1515819999999999,0.08867200000213243,-0.133338999998582,-0.005632999999999998,-0.0053480000000525035,0.0032829999999144754
629,1.2596642670032452,0.7493070064687725,-0.6195977667803045,-2.0320073701673165,0.036560903888146146,0.01633627486851356,0.0036052530101815016,0.17158199999999985,0.09867200000453132,-0.2833399999984221,-0.004632999999999998,-0.003348000000036511,0.00228299999994646
630,1.2616712779999943,-0.3069974769482535,-0.764007189364409,-1.7425340586397475,0.04868220566462178,-0.011000089790745866,0.0016043204827073025,0.17158199999999985,0.09867200000453132,-0.2833399999984221,-0.004632999999999998,-0.003348000000036511,0.00228299999994646
631,1.2636395260051358,0.5439839690605834,-0.9693449172830949,-2.6936809427743844,0.02755064257049056,0.035484302670196796,-0.005678744991086374,0.17158199999999985,0.09867200000453132,-0.2833399999984221,-0.004632999999999998,-0.003348000000036511,0.00228299999994646
632,1.26566060299956,-0.01865883131351709,-0.714747228184842,-2.615842025610294,0.018871965443076656,0.01928429803698467,-0.007498295189673664,0.17158199999999985,0.09867200000453132,-0.2833399999984221,-0.004632999999999998,-0.003348000000036511,0.00228299999994646
633,1.2676676440023584,-0.03150834814325194,-0.6235660033031963,-2.3042536091155124,0.013338651498640209,0.021484235550422857,-0.013185699073180719,0.11158199999999988,0.10867200000325195,-0.20334099999826213,-0.004632999999999999,-0.0013480000000205185,0.001282999999978445
634,1.2696464820037363,-0.2547822946209603,-0.8363424836842688,-2.1418326232596216,0.04410587327361837,-0.011416552980590534,0.00488550199109645,0.11158199999999988,0.10867200000325195,-0.20334099999826213,-0.004632999999999999,-0.0013480000000205185,0.001282999999978445
635,1.2716409690037835,0.21841123862828107,-0.9854741997676909,-1.7187713503525501,0.04858899506904753,0.0042061151069667495,0.010078007735764243,0.11158199999999988,0.10867200000325195,-0.20334099999826213,-0.004632999999999999,-0.0013480000000205185,0.001282999999978445
636,1.273670681999647,-0.45253027888214087,-1.0976461957282777,-1.9178087563662713,0.054563351047013986,-0.009759394455546078,0.009948094976737794,0.11158199999999988,0.10867200000325195,-0.20334099999826213,-0.004632999999999999,-0.0013480000000205185,0.001282999999978445
637,1.275664068001788,-0.057973932648532275,-0.8848321407351182,-1.7621879556372697,0.0405143258555786,-0.005117337291001287,-0.0005501310728014009,0.09158199999999996,0.07867200000117289,-0.0733389999987419,-0.0016329999999999997,0.0006519999999954741,0.0002830000000104282
638,1.2776706279983046,-0.11639983830777494,-0.9852215852341429,-1.5981447941845854,0.050986668505552,-0.008572602478708446,-0.007440090585834052,0.09158199999999996,0.07867200000117289,-0.0733389999987419,-0.0016329999999999997,0.0006519999999954741,0.0002830000000104282
639,1.279644416004885,-0.24580905792331376,-0.8840196982157664,-2.3026585160582687,0.03753836528518451,-0.0020251734987213454,-0.001223808762417301,0.09158199999999996,0.07867200000117289,-0.0733389999987419,-0.0016329999999999997,0.0006519999999954741,0.0002830000000104282
640,1.281660403998103,-0.31022379826335406,-0.6607772258252207,-2.841128051837209,0.0028602808243475162,0.02036004498276867,-0.013416618062200314,0.09158199999999996,0.07867200000117289,-0.0733389999987419,-0.0016329999999999997,0.0006519999999954741,0.0002830000000104282
641,1.2837037530043744,-0.21639879098507211,-0.5964462209089162,-2.8927390117257312,-0.0002499307345509481,0.02409341869531293,-0.008221064633963819,0.11158199999999995,0.07867200000149276,-0.09333999999874192,-0.0016329999999999997,-0.0003480000000045259,0.0002829999999944356
642,1.285672482001246,0.3654563145202928,-0.8820210282949086,-3.1234077647395484,0.01758360228075956,0.03499442857005994,-0.019729341235630908,0.11158199999999995,0.07867200000149276,-0.09333999999874192,-0.0016329999999999997,-0.0003480000000045259,0.0002829999999944356
643,1.2876594550034497,-0.11508617767633662,-0.7305763668900407,-2.191797635910117,0.02451008424704715,0.004345586864140158,0.0009664179068731033,0.11158199999999995,0.07867200000149276,-0.09333999999874192,-0.0016329999999999997,-0.0003480000000045259,0.0002829999999944356
644,1.28965478399914,-0.007355530473188707,-0.9531234984980487,-1.8820731969445526,0.0526889321478296,-0.00618457289238687,0.005002207042909828,0.11158199999999995,0.07867200000149276,-0.09333999999874192,-0.0016329999999999997,-0.0003480000000045259,0.0002829999999944356
645,1.291663829004392,-0.0016771397297077107,-0.892226283435372,-2.0888959333426524,0.04738715939744064,-0.014220015722087252,0.003429548162845781,0.011581999999999879,0.048672000003092,-0.19333999999922163,0.006366999999999998,0.007652000000059445,-0.003716999999877629
646,1.293674437001755,0.2961599076400787,-0.5079527889029529,-1.9720544476706972,0.03268781842477304,0.002238094977563994,0.011779769509710245,0.011581999999999879,0.048672000003092,-0.19333999999922163,0.006366999999999998,0.007652000000059445,-0.003716999999877629
647,1.2956522530002985,-0.23736337388416776,-1.4125296534873346,-1.821084462871478,0.05917198847844392,-0.014797837349681039,0.005906001443206031,0.011581999999999879,0.048672000003092,-0.19333999999922163,0.006366999999999998,0.007652000000059445,-0.003716999999877629
648,1.2976557270012563,-0.16136069816234064,-0.6120936265086723,-1.5665788787218096,0.04379918158178176,-0.007506440815540213,0.0004547968544612439,0.011581999999999879,0.048672000003092,-0.19333999999922163,0.006366999999999998,0.007652000000059445,-0.003716999999877629
649,1.2996734180051135,0.6821196515974882,-0.44984496136744795,-2.4560817065680136,0.012460941402132256,0.03858443094116591,-0.001081298357923068,0.0015819999999998652,0.04867200000341187,-0.21334099999922163,0.0053669999999999985,0.006652000000043451,-0.002716999999893621
650,1.3016751190007199,-0.24511243415318415,-0.32625395888209624,-2.722708180018981,-0.0018403027708450096,0.008849540835562664,-0.007552138879923766,0.0015819999999998652,0.04867200000341187,-0.21334099999922163,0.0053669999999999985,0.006652000000043451,-0.002716999999893621
651,1.303666339998017,0.04754918969007868,-0.7573526424908815,-2.7346467036424005,0.013260395438423504,0.03222713224142468,-0.011336001059853147,0.0015819999999998652,0.04867200000341187,-0.21334099999922163,0.0053669999999999985,0.006652000000043451,-0.002716999999893621
652,1.3056776080047712,-0.11852126212571747,-0.6681693968252318,-1.7070037860944611,0.040177461711318044,-0.009459582223727774,0.0033565597700719787,0.0015819999999998652,0.04867200000341187,-0.21334099999922163,0.0053669999999999985,0.006652000000043451,-0.002716999999893621
653,1.307701019999513,0.10064499711295734,-1.0068477283678023,-1.8336403349181978,0.046762568198677835,0.006175659886566771,0.0031761475812629707,0.1015819999999998,0.04867200000517101,-0.32333899999922167,-0.0006329999999999998,0.0016519999999954741,0.00028300000002642005
654,1.3096787559989025,0.6459748403415317,-0.8717746983950391,-1.8131365910710722,0.0427272758857155,0.008506266555510853,0.0018606628535863248,0.1015819999999998,0.04867200000517101,-0.32333899999922167,-0.0006329999999999998,0.0016519999999954741,0.00028300000002642005
655,1.3116673020049348,-0.5202055426586413,-0.7158265589155735,-1.8617467941564736,0.04004774207311916,-0.020842588898960016,0.005986744257811761,0.1015819999999998,0.04867200000517101,-0.32333899999922167,-0.0006329999999999998,0.0016519999999954741,0.00028300000002642005
656,1.3136558890037122,-0.2594634281521511,-0.4994888122071061,-2.485579400334382,0.01843027690846924,0.01846128745700998,-0.00949500770066515,0.1015819999999998,0.04867200000517101,-0.32333899999922167,-0.0006329999999999998,0.0016519999999954741,0.00028300000002642005
657,1.315680653002346,-0.2478685271938415,-0.5176417437186107,-2.737111841275914,-0.0020788063626373016,0.028242258545706434,-0.01444720870272623,0.10158199999999983,0.08867200000453132,-0.28333999999858195,0.00036700000000000014,0.0006519999999954741,0.0002830000000104269
658,1.3176607030036394,0.09863145327723831,-0.6162875353683568,-2.4779091837704565,-0.00036781117863743276,0.03545248684916877,-0.013497740653883006,0.10158199999999983,0.08867200000453132,-0.28333999999858195,0.00036700000000000014,0.0006519999999954741,0.0002830000000104269
659,1.3196695070000715,-0.005093520405803735,-0.38115074724952475,-2.664571410637498,0.0014538714254472417,0.026005797807756418,-0.00938128014822574,0.10158199999999983,0.08867200000453132,-0.28333999999858195,0.00036700000000000014,0.0006519999999954741,0.0002830000000104269
660,1.3216603680048138,0.012889497888780771,-0.5841333840690129,-2.493936684678232,0.010438238284534222,0.024729176795980242,-0.006675724452142562,0.10158199999999983,0.08867200000453132,-0.28333999999858195,0.00036700000000000014,0.0006519999999954741,0.0002830000000104269
661,1.3236933869993663,-0.11188173827266533,-1.3980014199486328,-1.550881602487428,0.0729093074278819,-0.012046832230683317,-0.0010589897307653673,0.12158199999999982,0.10867200000453132,-0.2833399999982621,-0.0006329999999999998,0.0006519999999954741,0.0002830000000104275
662,1.3256431710033212,-0.19319095611182582,-0.5186489787037855,-1.8678814019631562,0.035797252838522725,-0.0012004698942793064,0.003572823717755117,0.12158199999999982,0.10867200000453132,-0.2833399999982621,-0.0006329999999999998,0.0006519999999954741,0.0002830000000104275
663,1.3276716920008766,-0.23195661392111408,-1.1538364952967424,-1.8443286915718284,0.05181554236074998,-0.009010136545953479,0.009565116248299343,0.12158199999999982,0.10867200000453132,-0.2833399999982621,-0.0006329999999999998,0.0006519999999954741,0.0002830000000104275
664,1.329661591000331,0.1829211478155863,-1.0252837146420548,-1.9911389765327265,0.051847765863381044,0.0009732611897939517,0.007850528820258683,0.12158199999999982,0.10867200000453132,-0.2833399999982621,-0.0006329999999999998,0.0006519999999954741,0.0002830000000104275
665,1.3316898010016303,-0.4324823386649861,-1.106278634672301,-2.046479455711223,0.0618813912592824,-0.014445243231535804,0.0047842244125802565,0.08158199999999984,0.0986720000043714,-0.27333999999842207,0.0013670000000000002,0.003651999999995474,0.0002830000000584039
666,1.333661395998206,0.08900615027908479,-0.8275590692803689,-1.8528939425196576,0.05397676296319315,-0.010373478836680081,0.007423772968438542,0.08158199999999984,0.0986720000043714,-0.27333999999842207,0.0013670000000000002,0.003651999999995474,0.0002830000000584039
667,1.3356654310045997,-0.06080288449887606,-0.6146517521087623,-2.4552486668710376,0.015293120283927625,0.030643854117738314,-0.008117290778010796,0.08158199999999984,0.0986720000043714,-0.27333999999842207,0.0013670000000000002,0.003651999999995474,0.0002830000000584039
668,1.3376571330009028,0.08320867500072984,-0.2954089354231463,-2.6784095032022117,-0.006373496611462975,0.03217151443378406,-0.008528442634801403,0.08158199999999984,0.0986720000043714,-0.27333999999842207,0.0013670000000000002,0.003651999999995474,0.0002830000000584039
669,1.3396801839990076,0.11033813973349813,-1.245231247869513,-1.9152752637927595,0.06133950081145346,-0.004572397671796604,0.002251805342146228,0.07158199999999984,0.06867200000421148,-0.26333999999890184,0.00036699999999999954,0.0026520000000114664,-0.0007169999999575879
670,1.3416644320022897,0.41874790987704474,-1.1448724270874133,-2.1299163034533426,0.047607836575243236,0.0038012959161576837,0.013849789752561558,0.07158199999999984,0.06867200000421148,-0.26333999999890184,0.00036699999999999954,0.0026520000000114664,-0.0007169999999575879
671,1.343650433998846,-0.27352867337001485,-1.0273704360404843,-2.015992760320145,0.049667000508978085,-0.012404844467481583,0.005534733235625056,0.07158199999999984,0.06867200000421148,-0.26333999999890184,0.00036699999999999954,0.0026520000000114664,-0.0007169999999575879
672,1.3456629950014758,-0.05267984728308765,-0.9625210027281255,-2.0069292021073535,0.05183306392617119,0.000809986276845801,-0.0018170017239393036,0.07158199999999984,0.06867200000421148,-0.26333999999890184,0.00036699999999999954,0.0026520000000114664,-0.0007169999999575879
673,1.34769769700506,0.4409596486013712,-0.8859563604592939,-2.0221364385714296,0.05242289029064532,0.004089526342851495,0.009067711114279862,0.10158199999999985,0.08867200000389162,-0.24333999999858197,-0.002633,0.0006519999999954741,0.00028300000001042877
674,1.3496789100026945,-0.10038082007716725,-1.0250748162342425,-1.6542711244384858,0.06126341164202554,-0.007274547345599712,0.01436702552686985,0.10158199999999985,0.08867200000389162,-0.24333999999858197,-0.002633,0.0006519999999954741,0.00028300000001042877
675,1.35164500400424,-0.20343487881895903,-0.9908075561403735,-2.339966886632809,0.026543615245453615,0.00569975491170921,-0.0057651337963101935,0.10158199999999985,0.08867200000389162,-0.24333999999858197,-0.002633,0.0006519999999954741,0.00028300000001042877
676,1.3536510530029773,-0.36905785624435894,-0.6643557700729215,-2.8824918635098093,0.016523267428557135,0.013419130202325871,-0.005918522388721978,0.10158199999999985,0.08867200000389162,-0.24333999999858197,-0.002633,0.0006519999999954741,0.00028300000001042877
677,1.3556675920044654,-0.21050440669558285,-0.8794593563561738,-2.3676790462786257,0.019355817179938374,0.015228954036003222,-0.0023771240345874514,0.11158199999999992,0.09867200000197253,-0.12334099999842206,-0.004632999999999998,-0.001348000000036511,0.0022829999999784446
678,1.3576300790009554,0.11608942851330212,-0.3543198670840785,-2.306776433073198,0.012269911850636174,0.015838525077606955,-0.00107567392785065,0.11158199999999992,0.09867200000197253,-0.12334099999842206,-0.004632999999999998,-0.001348000000036511,0.0022829999999784446
679,1.3596105510005145,-0.40861673767771084,-0.6907974464239701,-2.064134284435221,0.03334039920089749,-0.010028015657682323,-0.0023464765553899056,0.11158199999999992,0.09867200000197253,-0.12334099999842206,-0.004632999999999998,-0.001348000000036511,0.0022829999999784446
680,1.3616286820033565,-0.48819440681351234,-0.8910325315791726,-2.5917469236849446,0.030282060739424528,0.006155226036333228,-0.005752917262154046,0.11158199999999992,0.09867200000197253,-0.12334099999842206,-0.004632999999999998,-0.001348000000036511,0.0022829999999784446
681,1.3636632339985226,-0.08804864216112906,-0.8000802302836916,-2.2495846797209333,0.029063511298855125,0.003660373007244263,-0.0040418923495301445,0.1515819999999998,0.11867200000501109,-0.3133389999981022,-0.007632999999999998,-0.002348000000036511,0.0022829999999624544
682,1.3656767470019986,-0.33548667730368276,-0.34652808097039867,-2.2999180838738065,0.004306434590414318,0.013102485174820521,-0.004801757812939294,0.1515819999999998,0.11867200000501109,-0.3133389999981022,-0.007632999999999998,-0.002348000000036511,0.0022829999999624544
683,1.3676502460002666,-0.056790034724789676,-0.5545261736842879,-2.78252039422617,0.009150741844995442,0.022855755802279856,-0.009935122375347168,0.1515819999999998,0.11867200000501109,-0.3133389999981022,-0.007632999999999998,-0.002348000000036511,0.0022829999999624544
684,1.369661825003277,-0.2947741977529051,-0.7797928035238555,-2.8932023502632958,0.01841130644773553,0.027911991252366642,-0.008055500302792055,0.1515819999999998,0.11867200000501109,-0.3133389999981022,-0.007632999999999998,-0.002348000000036511,0.0022829999999624544
685,1.3716647080000257,0.06330424105054751,-0.8311800994088144,-2.5015277955744435,0.026856062070362625,0.024555703205836842,-0.006351791936833925,0.1715819999999999,0.1386720000026122,-0.1633399999977824,-0.009632999999999996,-0.007348000000068497,0.004282999999882494
686,1.373665015998995,0.049565995313862216,-0.4655120241879295,-2.6922135037081087,0.01613253227241001,0.015780885746793663,-0.0017737604257795187,0.1715819999999999,0.1386720000026122,-0.1633399999977824,-0.009632999999999996,-0.007348000000068497,0.004282999999882494
687,1.375650507005048,-0.21657135327988755,-0.37167829688879106,-2.344353058957896,0.006793305594176958,0.017102637907329365,-0.005587520389474743,0.1715819999999999,0.1386720000026122,-0.1633399999977824,-0.009632999999999996,-0.007348000000068497,0.004282999999882494
688,1.3776832660005311,0.02392793804110218,-0.46712599840276836,-2.6206719752287597,0.0035414032835197765,0.03240276690116007,-0.006951972077926099,0.1715819999999999,0.1386720000026122,-0.1633399999977824,-0.009632999999999996,-0.007348000000068497,0.004282999999882494
689,1.3796693870026502,0.31287837061208396,-1.000319201361821,-2.5941122323087784,0.013267442707133719,0.03618184685626564,-0.01023592430142524,0.1315819999999999,0.11867200000261222,-0.16333999999810223,-0.007632999999999998,-0.0043480000000525034,0.003282999999930469
690,1.3816895929994644,-0.4396254741817653,-0.784925963795114,-2.0023855365427106,0.032201789890070324,-0.008786634101660898,-0.0021840209059581224,0.1315819999999999,0.11867200000261222,-0.16333999999810223,-0.007632999999999998,-0.0043480000000525034,0.003282999999930469
691,1.3837242250010604,-0.4516069414042264,-1.0859891238410013,-1.8062202883444545,0.05535252276950442,-0.01819068112229711,0.007025675045293143,0.1315819999999999,0.11867200000261222,-0.16333999999810223,-0.007632999999999998,-0.0043480000000525034,0.003282999999930469
692,1.3856761130009545,-0.15739841816126424,-0.5191563190216466,-2.035017309443801,0.034832523634505425,-0.0015742812144885893,-0.0053659496183684355,0.1315819999999999,0.11867200000261222,-0.16333999999810223,-0.007632999999999998,-0.0043480000000525034,0.003282999999930469
693,1.3876821820012992,0.10796038069390962,-1.229315908524944,-1.72072298467575,0.06361286004344015,-0.015565783538188329,-0.0009834885134573858,0.15158199999999977,0.1386720000056508,-0.3533399999977824,-0.007632999999999998,-0.0043480000000525034,0.003282999999930469
694,1.3896763590018963,-0.3683249679320588,-0.7653102858174907,-1.9025236429042534,0.03670812034568006,-0.002565318052838737,-0.014930684546053875,0.15158199999999977,0.1386720000056508,-0.3533399999977824,-0.007632999999999998,-0.0043480000000525034,0.003282999999930469
695,1.3916606880011386,0.03613945515980468,-1.1942634182881104,-1.906873149447228,0.05751777765661553,-0.004795680626040207,0.003952664031091961,0.15158199999999977,0.1386720000056508,-0.3533399999977824,-0.007632999999999998,-0.0043480000000525034,0.003282999999930469
696,1.3936635210047825,-0.03132111508379487,-0.7665513049882331,-1.7275667623321587,0.04316233815230726,-0.010686235936182566,0.00968728255622582,0.15158199999999977,0.1386720000056508,-0.3533399999977824,-0.007632999999999998,-0.0043480000000525034,0.003282999999930469
697,1.3956738670021878,0.3197826803599861,-0.9885498308308021,-2.1378189176087123,0.05174858197419849,-0.0007730736371388278,0.008607621902003551,0.11158199999999978,0.11867200000549089,-0.34333999999810216,-0.004632999999999998,-0.00034800000003651105,0.0022829999999944375
698,1.3976830419996986,-0.23071425826466493,-1.355885756742415,-1.7501890637887787,0.06603892271613195,-0.011327614777298656,0.009236014564742066,0.11158199999999978,0.11867200000549089,-0.34333999999810216,-0.004632999999999998,-0.00034800000003651105,0.0022829999999944375
699,1.399671227998624,-0.06372075399682,-0.7266348655963933,-2.3784874730621377,0.0266453351422897,0.01896377829535506,-0.01039906105701233,0.11158199999999978,0.11867200000549089,-0.34333999999810216,-0.004632999999999998,-0.00034800000003651105,0.0022829999999944375
700,1.4016779580051661,-0.3031297594899654,-0.8506369463291612,-2.3231156574450536,0.03558244339072049,-4.026563853753546e-05,0.0017598362782864391,0.11158199999999978,0.11867200000549089,-0.34333999999810216,-0.004632999999999998,-0.00034800000003651105,0.0022829999999944375
701,1.403675371002464,-0.25036182322896267,-0.5225995011679495,-2.219725883186963,0.02444819460957315,0.0025238970952343445,0.009470740870751369,0.0715819999999999,0.048672000002772144,-0.17333999999922164,-0.001632999999999999,-0.0003480000000205184,0.0012829999999944357
702,1.4056808790046489,-0.3210221485266414,-0.7032835954607466,-2.460565387209409,0.01658275132071398,0.0037519268164854652,-0.00992757790243905,0.0715819999999999,0.048672000002772144,-0.17333999999922164,-0.001632999999999999,-0.0003480000000205184,0.0012829999999944357
703,1.4076865570023074,-0.34976095731738227,-0.9326764134554597,-2.58104838767844,0.027383901366722578,0.008065700762676629,-0.0005032451197396603,0.0715819999999999,0.048672000002772144,-0.17333999999922164,-0.001632999999999999,-0.0003480000000205184,0.0012829999999944357
704,1.4096970640021027,-0.3710109899508606,-0.802135941136302,-2.8067644084842494,0.009871630753352099,0.00920048594367052,-0.002522886889511436,0.0715819999999999,0.048672000002772144,-0.17333999999922164,-0.001632999999999999,-0.0003480000000205184,0.0012829999999944357
705,1.4116742289988906,0.11630967037603156,-0.6737335200778716,-2.656215462462332,0.00979870878058762,0.02903395230494364,-0.010781279963651623,0.15158199999999986,0.08867200000373168,-0.233338999998582,-0.008632999999999998,-0.0063480000000525035,0.0032829999998984847
706,1.4136849170026835,0.3069642358544802,-0.6991962730323061,-2.1688776016568023,0.019462539113552307,0.01695141144734379,0.0038720332614740277,0.15158199999999986,0.08867200000373168,-0.233338999998582,-0.008632999999999998,-0.0063480000000525035,0.0032829999998984847
707,1.4156414530007169,-0.30773993877893185,-0.8479742050682949,-2.458538519569621,0.017300487657654663,0.017293841891733403,-0.008135498655064483,0.15158199999999986,0.08867200000373168,-0.233338999998582,-0.008632999999999998,-0.0063480000000525035,0.0032829999998984847
708,1.4176812350051478,-0.0490443924363432,-0.8712601618962502,-2.829010625531771,0.017020324995393236,0.02071027097771176,0.003518411232772913,0.15158199999999986,0.08867200000373168,-0.233338999998582,-0.008632999999999998,-0.0063480000000525035,0.0032829999998984847
709,1.4197244940005476,-0.46397706571919506,-1.119500998361719,-1.9320727493978151,0.057308964910836084,-0.016561270418798825,0.004094428041568771,0.1715819999999998,0.09867200000597066,-0.3733409999984221,-0.006632999999999998,-0.0053480000000525035,0.003282999999914476
710,1.421684337001352,-0.11079667183848525,-0.7474591522067265,-1.73530752905653,0.03531523343854083,-0.006179889666354958,0.008890748981872632,0.1715819999999998,0.09867200000597066,-0.3733409999984221,-0.006632999999999998,-0.0053480000000525035,0.003282999999914476
711,1.423648707997927,-0.21003666627337256,-0.7810914230412356,-1.631555767470286,0.05262234154655202,-0.017890595240336673,0.014461479542618316,0.1715819999999998,0.09867200000597066,-0.3733409999984221,-0.006632999999999998,-0.0053480000000525035,0.003282999999914476
712,1.4256659079983365,0.0732351172091375,-1.2447933829005546,-2.336641002148174,0.05345787435994278,0.0029234022101876163,-0.0024928757190222244,0.1715819999999998,0.09867200000597066,-0.3733409999984221,-0.006632999999999998,-0.0053480000000525035,0.003282999999914476
713,1.4276845300046261,0.026003756628294735,-0.7531464687427295,-1.9652662295986125,0.044475316759261245,-0.008353388017136521,0.004420383621922656,0.13158199999999992,0.07867200000197254,-0.12334099999874193,-0.006632999999999998,-0.003348000000036511,0.002282999999946461
714,1.4296913310026866,-0.2919938110682992,-1.2233690075055372,-1.769685056451312,0.05996288428015686,-0.011254811177914364,0.003031304708926948,0.13158199999999992,0.07867200000197254,-0.12334099999874193,-0.006632999999999998,-0.003348000000036511,0.002282999999946461
715,1.4316622840051423,0.02788121725486779,-1.0123998107394845,-2.074783329505036,0.04310009268031388,0.010378962937690821,0.0105404486255808,0.13158199999999992,0.07867200000197254,-0.12334099999874193,-0.006632999999999998,-0.003348000000036511,0.002282999999946461
716,1.4336894119987846,0.133976081324099,-0.5629137332549257,-2.2975091504937613,0.01709179457565071,0.023573000131338458,-0.002951541420704206,0.13158199999999992,0.07867200000197254,-0.12334099999874193,-0.006632999999999998,-0.003348000000036511,0.002282999999946461
717,1.4356846810042043,-0.14347343298081777,-0.6894998368925052,-2.510007931753119,0.012784975933486454,0.015370750074130156,-0.01100270307426219,0.11158199999999988,0.078672000003092,-0.1933399999987419,-0.005632999999999998,-0.004348000000036511,0.002282999999930468
718,1.4376820940015023,-0.028837995065737122,-0.44377986317356155,-2.5837440857511713,0.014277153501482545,0.012802238760700663,-0.01081092762157689,0.11158199999999988,0.078672000003092,-0.1933399999987419,-0.005632999999999998,-0.004348000000036511,0.002282999999930468
719,1.4396723130048485,-0.26010483595246026,-0.6765709650770165,-2.30432869591804,0.018907132920692186,0.011109363834570559,-0.0040639334654373515,0.11158199999999988,0.078672000003092,-0.1933399999987419,-0.005632999999999998,-0.004348000000036511,0.002282999999930468
720,1.4416717300046002,0.33623182302072746,-0.6178017569013096,-2.6006240910235934,0.01957340274319074,0.03328020793948715,-0.00439751178720165,0.11158199999999988,0.078672000003092,-0.1933399999987419,-0.005632999999999998,-0.004348000000036511,0.002282999999930468
721,1.4436755850038026,0.11733275032521166,-0.6801634581655651,-2.667686204278515,0.012168912871822191,0.033961730659915534,-0.0024854061737950178,0.10158199999999984,0.09867200000421147,-0.26333999999842206,-0.0006329999999999998,0.0006519999999954741,0.0002830000000104275
722,1.445667908003088,-0.21845743029571651,-0.5271306771220884,-2.6022859459144345,0.01265250194354358,0.013764689231565746,-0.0023155700631047648,0.10158199999999984,0.09867200000421147,-0.26333999999842206,-0.0006329999999999998,0.0006519999999954741,0.0002830000000104275
723,1.4476448530040216,-0.055216881135520555,-0.7048323459774894,-2.2415993364108067,0.02162094705795933,0.018765641776531325,-0.0013341231432784711,0.10158199999999984,0.09867200000421147,-0.26333999999842206,-0.0006329999999999998,0.0006519999999954741,0.0002830000000104275
724,1.4496583260042826,0.062452912714793835,-0.8368186889114885,-2.1942005478351256,0.03094962429117984,0.009253414531751105,-0.002066765442731055,0.10158199999999984,0.09867200000421147,-0.26333999999842206,-0.0006329999999999998,0.0006519999999954741,0.0002830000000104275
725,1.4516889410006115,-0.2485649772987504,-0.763778965231206,-2.100008770599588,0.028811476328384857,0.009961258411881098,-0.0009475076691121907,0.06158199999999988,0.07867200000293208,-0.18333999999874187,-0.0006329999999999992,0.0016519999999794815,0.0012830000000264201
726,1.453694900003029,-0.42893341837547494,-0.8363557970806327,-2.2764181871065534,0.03367450650409852,-0.005534720649408101,-0.007974227512258401,0.06158199999999988,0.07867200000293208,-0.18333999999874187,-0.0006329999999999992,0.0016519999999794815,0.0012830000000264201
727,1.455687604000559,-0.22536320909345137,-0.8563137996947836,-2.7427432763044743,0.027282079049106213,0.0011246054955995678,-0.010834281153156315,0.06158199999999988,0.07867200000293208,-0.18333999999874187,-0.0006329999999999992,0.0016519999999794815,0.0012830000000264201
728,1.4576911080002901,-0.45799631120185885,-0.34423233649238316,-2.2578639858272536,0.007331289831869019,0.0025070894926248724,-0.01005863284109905,0.06158199999999988,0.07867200000293208,-0.18333999999874187,-0.0006329999999999992,0.0016519999999794815,0.0012830000000264201
729,1.4596856650023255,0.423611982637753,-0.750822308982802,-2.492657634853368,0.021889767141079063,0.03185584810576085,0.005025630585547142,0.05158199999999981,0.09867200000501108,-0.313338999998422,0.0003669999999999995,0.0036520000000114664,-0.0007169999999415954
730,1.4616924860019935,-0.25743174434662225,-0.48671030859417014,-2.507521080667526,0.020648028958967175,0.006936473249974693,0.0011637862109524278,0.05158199999999981,0.09867200000501108,-0.313338999998422,0.0003669999999999995,0.0036520000000114664,-0.0007169999999415954
731,1.4636757820044295,-0.5174061624568523,-0.7449926983414653,-2.32352521110203,0.028119027647877885,0.0034595650845410135,0.005644045919746595,0.05158199999999981,0.09867200000501108,-0.313338999998422,0.0003669999999999995,0.0036520000000114664,-0.0007169999999415954
732,1.465691349003464,-0.2690958855702063,-0.9215657195433083,-2.5827009910961523,0.030154939939879076,0.008788490024806537,-0.0038797159526889093,0.05158199999999981,0.09867200000501108,-0.313338999998422,0.0003669999999999995,0.0036520000000114664,-0.0007169999999415954
733,1.467688040000212,-0.0640424728755148,-0.7847989223030996,-2.908115683524154,0.0199755751377315,0.004729158948696675,-0.001599027506306526,0.12158199999999982,0.09867200000469126,-0.29334099999842206,-0.0036329999999999986,-0.002348000000036511,0.002282999999962452
734,1.4696905630044057,0.2264033546904698,-0.4957876236007105,-2.628386564652638,0.01573305729554683,0.024482488489831675,-0.00650444283452762,0.12158199999999982,0.09867200000469126,-0.29334099999842206,-0.0036329999999999986,-0.002348000000036511,0.002282999999962452
735,1.4716714750029496,-0.26019517135684517,-0.9890605075173133,-2.8020784192397823,0.017360160027431317,0.018467726033205737,-0.007015838497649628,0.12158199999999982,0.09867200000469126,-0.29334099999842206,-0.0036329999999999986,-0.002348000000036511,0.002282999999962452
736,1.4736882940051146,0.36028199642233505,-0.3486754262861686,-2.691716072776172,0.007701197608411709,0.02779327789821246,-0.006733937096229286,0.12158199999999982,0.09867200000469126,-0.29334099999842206,-0.0036329999999999986,-0.002348000000036511,0.002282999999962452
737,1.4756816689987318,0.38735671151281,-0.7620779530033267,-1.8540562764358008,0.0509846754608696,-0.0014212839046646695,0.0035117759973206653,0.13158199999999975,0.1186720000062905,-0.39333899999810223,-0.004632999999999998,-0.001348000000036511,0.0022829999999784446
738,1.4776839910045965,0.02966333240086827,-0.5712105275346037,-2.2274539330953247,0.036402568374251286,0.0007779269952401732,0.009495306794237981,0.13158199999999975,0.1186720000062905,-0.39333899999810223,-0.004632999999999998,-0.001348000000036511,0.0022829999999784446
739,1.4796707240020623,0.026811450144467862,-1.1781644231978883,-2.039733998148771,0.03848067571302814,-0.002228452090645178,-0.002156599027478221,0.13158199999999975,0.1186720000062905,-0.39333899999810223,-0.004632999999999998,-0.001348000000036511,0.0022829999999784446
740,1.4816853590018582,0.23319510529556128,-1.2934893024299015,-2.0898159864395676,0.055591271896044125,-0.0046393067095025,0.0090619071473723,0.13158199999999975,0.1186720000062905,-0.39333899999810223,-0.004632999999999998,-0.001348000000036511,0.0022829999999784446
741,1.483730291001848,0.20155480691224106,-0.8792453013577719,-2.0091640163981848,0.05021183979897104,-0.005199447958165506,0.01329799128668358,0.1315819999999998,0.11867200000501109,-0.3133389999981022,-0.007632999999999998,-0.0023480000000525034,0.0032829999999624544
742,1.4857020960043883,0.12621105557607984,-0.8170999651931673,-2.1673126683367063,0.04737665812568733,-0.004043008010116306,0.00047045142130321723,0.1315819999999998,0.11867200000501109,-0.3133389999981022,-0.007632999999999998,-0.0023480000000525034,0.0032829999999624544
743,1.487676675998955,0.03246404359630972,-0.8754563575995106,-2.033403061738798,0.04460559917048941,-0.006913262679553186,0.011457866814774668,0.1315819999999998,0.11867200000501109,-0.3133389999981022,-0.007632999999999998,-0.0023480000000525034,0.0032829999999624544
744,1.4896902590044192,0.36823225019834865,-0.9080581559111341,-2.265693788276854,0.052169417131336764,-0.0023839900806503452,0.00670956654158757,0.1315819999999998,0.11867200000501109,-0.3133389999981022,-0.007632999999999998,-0.0023480000000525034,0.0032829999999624544
745,1.491690467002627,-0.4113046000510514,-0.7094393864456454,-1.9129037905191186,0.0532329506256139,-0.01631970097956071,0.011252033935517942,0.08158199999999978,0.10867200000581073,-0.3633399999982621,-0.0036329999999999986,0.0006519999999634891,0.0022830000000104295
746,1.4936861370006227,0.337585704816647,-1.0332569778194338,-1.9844716609057542,0.052252136425454856,0.008778917629508186,0.01165349837832341,0.08158199999999978,0.10867200000581073,-0.3633399999982621,-0.0036329999999999986,0.0006519999999634891,0.0022830000000104295
747,1.4956783599991468,-0.20344672576828868,-1.0936887153949788,-2.0492578993717263,0.05063627507349162,-0.012057505551944426,0.005759796551667754,0.08158199999999978,0.10867200000581073,-0.3633399999982621,-0.0036329999999999986,0.0006519999999634891,0.0022830000000104295
748,1.4976922839996405,-0.16204432058583518,-0.8518691503751166,-2.255488197764998,0.04181643026535399,-0.006974485925154883,0.008373282263079667,0.08158199999999978,0.10867200000581073,-0.3633399999982621,-0.0036329999999999986,0.0006519999999634891,0.0022830000000104295
749,1.499681421002606,-0.3235144624232172,-0.6706719403051721,-2.5442881699281608,0.020539294998777727,0.01865135338533978,-0.009958599615929872,0.07158199999999972,0.07867200000725008,-0.4533409999987419,0.0013669999999999995,0.0026520000000114664,-0.0007169999999575886
750,1.5016902749994188,-0.15620764402032247,-0.6735435791069861,-2.6595833924763994,0.019131383780580862,0.015538117680148428,-0.0056784301363026765,0.07158199999999972,0.07867200000725008,-0.4533409999987419,0.0013669999999999995,0.0026520000000114664,-0.0007169999999575886
751,1.5036764169999515,-0.2729984532954695,-0.8280471903225493,-2.7243503923141077,0.015633895972173455,0.014853047508713415,-0.01049658630041571,0.07158199999999972,0.07867200000725008,-0.4533409999987419,0.0013669999999999995,0.0026520000000114664,-0.0007169999999575886
752,1.5056909320046543,-0.6025018117107652,-0.14131796209314354,-3.111591008364401,-0.008030575361981493,0.0064859648588515804,-0.012162744323922524,0.07158199999999972,0.07867200000725008,-0.4533409999987419,0.0013669999999999995,0.0026520000000114664,-0.0007169999999575886
753,1.5076894369994989,-0.2754175581217477,-0.7223355582877595,-3.3909579086082804,0.01298445803677308,0.007212153209816654,-0.0070141619261432685,0.12158199999999972,0.07867200000693021,-0.4333399999987419,-0.0006330000000000004,0.0006520000000114666,-0.0007169999999895724
754,1.509704331998364,0.22691577305871807,-0.5861613849306513,-2.938942520926121,0.015919377172963094,0.023392710812806906,-0.004509489014250826,0.12158199999999972,0.07867200000693021,-0.4333399999987419,-0.0006330000000000004,0.0006520000000114666,-0.0007169999999895724
755,1.5116827099991497,-0.33561749072564945,-0.4676461505603108,-2.5140078508965678,0.024547699787625343,0.008762105737716078,0.0015575032827055007,0.12158199999999972,0.07867200000693021,-0.4333399999987419,-0.0006330000000000004,0.0006520000000114666,-0.0007169999999895724
756,1.5137064619993907,-0.14537065492290743,-0.3279554952098889,-2.7455380243844427,0.01278092231339663,0.005545430249616174,-0.005940568057526636,0.12158199999999972,0.07867200000693021,-0.4333399999987419,-0.0006330000000000004,0.0006520000000114666,-0.0007169999999895724
757,1.515689708001446,-0.6107868637906358,-0.7905586554671541,-2.479347940434379,0.02880781541510843,-0.007383401669653711,-0.009967737241288958,0.12158199999999976,0.08867200000597067,-0.37334099999858195,-0.0006329999999999992,-0.0003480000000205184,0.001282999999994435
758,1.51768704099959,0.5451540382279879,-0.8783788473509416,-2.60760592999593,0.030665814059089407,0.02966608951798065,-0.006864572344323533,0.12158199999999976,0.08867200000597067,-0.37334099999858195,-0.0006329999999999992,-0.0003480000000205184,0.001282999999994435
759,1.5196861869990244,-0.21643812043977,-0.48359337750409487,-2.655428021314535,0.02027404190955061,0.009946750942960382,-0.009177028537219623,0.12158199999999976,0.08867200000597067,-0.37334099999858195,-0.0006329999999999992,-0.0003480000000205184,0.001282999999994435
760,1.5217125540002598,-0.11202750498583967,-0.5514736687182953,-2.5671340671996083,0.022833192178927368,0.0026068862102207623,-0.010255073455058914,0.12158199999999976,0.08867200000597067,-0.37334099999858195,-0.0006329999999999992,-0.0003480000000205184,0.001282999999994435
761,1.5236880160009605,-0.24890682085316368,-0.5606652055875004,-2.63151726069349,0.011500655568892428,0.020523444735945445,-0.005038743849909294,0.08158199999999977,0.10867200000613057,-0.3833389999982621,-0.002633,0.0016519999999954741,0.00028300000002642135
762,1.5256540900008986,-0.1928248428986154,-0.566760747927339,-2.6398139579012123,0.010473264206436452,0.014189066422311722,-0.009347369474207234,0.08158199999999977,0.10867200000613057,-0.3833389999982621,-0.002633,0.0016519999999954741,0.00028300000002642135
763,1.5276718310051365,-0.26876703564704274,-0.3933324902681259,-2.7022368331134246,0.007331396527587451,0.011438190334005484,0.002754513915083685,0.08158199999999977,0.10867200000613057,-0.3833389999982621,-0.002633,0.0016519999999954741,0.00028300000002642135
764,1.5296883289993275,0.11346453536457196,-0.5126232022314452,-2.7597411186856124,0.006670415779224748,0.020635071644852846,-0.009645858823441019,0.08158199999999977,0.10867200000613057,-0.3833389999982621,-0.002633,0.0016519999999954741,0.00028300000002642135
765,1.5316821349988459,-0.453227767005084,-1.0115800770932108,-1.6670665358258854,0.05613865320981666,-0.02219840522825715,0.008467545737975469,0.13158199999999956,0.09867200001140813,-0.713340999998422,-0.002633,0.002651999999995474,0.0002830000000424139
766,1.5336984130044584,0.5494846446920347,-0.7783946306639506,-1.7380968011372406,0.04766483505458313,0.017832024518068156,-0.0024421051592421862,0.13158199999999956,0.09867200001140813,-0.713340999998422,-0.002633,0.002651999999995474,0.0002830000000424139
767,1.535649720004585,-0.34499631015256155,-1.0300269902132704,-1.9379305357109493,0.05035599113262367,-0.00723762040167427,-0.0057656248401883785,0.13158199999999956,0.09867200001140813,-0.713340999998422,-0.002633,0.002651999999995474,0.0002830000000424139
768,1.5376389880038914,-0.38132440824238645,-1.0566151293335466,-1.9393846918760653,0.04441698878469282,-0.015334254583604002,0.00019255794368254402,0.13158199999999956,0.09867200001140813,-0.713340999998422,-0.002633,0.002651999999995474,0.0002830000000424139
769,1.5396611169999233,-0.14742326701899347,-0.6825663996211823,-1.9455121709902392,0.039167226194667684,-0.017667748921330318,0.014246408970962965,0.21158199999999963,0.09867200000916915,-0.5733389999984222,-0.004632999999999998,-0.003348000000036511,0.00228299999994646
770,1.5416259789999458,-0.015744176547031877,-0.7343527714360583,-1.9213559807164335,0.04333041810197704,-0.009818725339563307,0.010616459574133031,0.21158199999999963,0.09867200000916915,-0.5733389999984222,-0.004632999999999998,-0.003348000000036511,0.00228299999994646
771,1.5436417759992764,-0.30449861969284137,-0.7898424853781478,-2.1010068848724215,0.03470830503419615,-0.007286839063169319,-0.002315135262076798,0.21158199999999963,0.09867200000916915,-0.5733389999984222,-0.004632999999999998,-0.003348000000036511,0.00228299999994646
772,1.545668022998143,-0.0657909474088657,-0.5280552644540817,-2.6104730865468078,0.013632344569196087,0.023402610768155124,-0.009708655602746061,0.21158199999999963,0.09867200000916915,-0.5733389999984222,-0.004632999999999998,-0.003348000000036511,0.00228299999994646
773,1.5476566389988875,-0.06451702597533748,-0.3955633757218372,-2.861208364631496,0.017020125483019195,0.009687762292353618,-0.007027074345890027,0.08158199999999972,0.08867200000693021,-0.43333999999858197,0.0033669999999999993,0.005652000000027459,-0.0017169999999096122
774,1.54966152599809,-0.016605810203725518,-0.8423050555746913,-2.5278330593765137,0.02758673160150641,0.007753585036804662,-0.0058769460060983285,0.08158199999999972,0.08867200000693021,-0.43333999999858197,0.0033669999999999993,0.005652000000027459,-0.0017169999999096122
775,1.5516445620014565,0.021771822289296416,-0.5503097752797799,-2.515081030416577,0.010650801727466654,0.01881252398076386,-0.004646761847115963,0.08158199999999972,0.08867200000693021,-0.43333999999858197,0.0033669999999999993,0.005652000000027459,-0.0017169999999096122
776,1.553672482004913,0.19283813791135287,-0.8310928083976069,-2.099627787438881,0.0339806967221054,0.013186714272540562,-0.007020185819077336,0.08158199999999972,0.08867200000693021,-0.43333999999858197,0.0033669999999999993,0.005652000000027459,-0.0017169999999096122
777,1.5556685519986786,0.020475672662305607,-0.7592824498821845,-2.608193078837971,0.027477274596533343,0.012717553905383077,-0.003898826107048593,0.10158199999999976,0.1086720000062905,-0.3933389999982621,-0.0016329999999999997,0.0016519999999954741,0.0002830000000264207
778,1.5576757730013924,0.3371996515025658,-0.9133701140854205,-2.8090648557687765,0.023356279991100168,0.02625584115544565,-0.010002523552514877,0.10158199999999976,0.1086720000062905,-0.3933389999982621,-0.0016329999999999997,0.0016519999999954741,0.0002830000000264207
779,1.5596386210017954,0.019311478878685572,-0.6785751781205209,-2.412470294241457,0.023128370040389562,0.014635997278045751,0.0038632455106564,0.10158199999999976,0.1086720000062905,-0.3933389999982621,-0.0016329999999999997,0.0016519999999954741,0.0002830000000264207
780,1.561662113002967,-0.5190085167147426,-0.5469842041002168,-2.54280234700446,0.017655565506555147,-0.0026654255613061256,-0.00421524856391685,0.10158199999999976,0.1086720000062905,-0.3933389999982621,-0.0016329999999999997,0.0016519999999954741,0.0002830000000264207
781,1.5636537550017238,-0.35675667012386525,-0.665227747724209,-2.4594717498814185,0.024653819893649672,-0.0016710770598049132,-0.00019717918061228082,0.09158199999999979,0.11867200000517102,-0.3233389999981022,-0.0016329999999999997,0.0016519999999954741,0.0002830000000264207
782,1.5656577100016875,-0.018520505268264997,-0.7625704682942673,-2.6615376986844033,0.022792876326042197,0.02131205345335987,-0.0016388276205188026,0.09158199999999979,0.11867200000517102,-0.3233389999981022,-0.0016329999999999997,0.0016519999999954741,0.0002830000000264207
783,1.5676382720048423,-0.44157246416815316,-0.6805362715302394,-2.4984862622174555,0.03068391032024274,-0.004411936314975414,-0.005596349700640827,0.09158199999999979,0.11867200000517102,-0.3233389999981022,-0.0016329999999999997,0.0016519999999954741,0.0002830000000264207
784,1.5696585469995625,0.4935501377703624,-0.6366854856164935,-2.510140332946343,0.026743081101504685,0.024130807256515233,0.001443103769022656,0.09158199999999979,0.11867200000517102,-0.3233389999981022,-0.0016329999999999997,0.0016519999999954741,0.0002830000000264207
785,1.5716459620016394,-0.525862476696065,-0.03335393015026111,-2.7867151392731824,-0.0036748268628054056,0.011893339854491482,-0.004440260442221102,0.05158199999999982,0.09867200000453132,-0.283339999998422,0.0003670000000000001,0.003651999999995474,0.0002830000000584045
786,1.57364988700283,-0.08724111534546881,-0.39958758680789197,-2.5450406733904924,0.013057289373747647,0.004240247023409499,-0.0006798131989431872,0.05158199999999982,0.09867200000453132,-0.283339999998422,0.0003670000000000001,0.003651999999995474,0.0002830000000584045
787,1.575629475999449,0.4741256005101461,-0.4134158961317092,-2.444594298140878,0.004842628575864681,0.02876848424078721,-0.005425992664774582,0.05158199999999982,0.09867200000453132,-0.283339999998422,0.0003670000000000001,0.003651999999995474,0.0002830000000584045
788,1.5776678050024202,0.43839401058692323,-0.8786884298992731,-2.383697160455864,0.039507359258451974,0.018604618419260786,-6.440971780072835e-05,0.05158199999999982,0.09867200000453132,-0.283339999998422,0.0003670000000000001,0.003651999999995474,0.0002830000000584045
789,1.5796708589987247,0.4443372842881897,-0.6965102028700071,-2.2792020657980774,0.03423572929466492,0.012353364065865508,-0.006296831188622106,0.061581999999999706,0.10867200000741001,-0.4633409999982621,0.0023669999999999984,0.005652000000043451,-0.0027169999999096116
790,1.5816803039997467,-0.2211093035794153,-1.2451894316937708,-1.8462982495065712,0.05525697545631182,-0.02122553744583148,-0.0006013075245184998,0.061581999999999706,0.10867200000741001,-0.4633409999982621,0.0023669999999999984,0.005652000000043451,-0.0027169999999096116
791,1.583662719000131,0.1434925002926349,-0.5799218982638107,-2.000627526850317,0.03644122355799208,-0.0026478970694571143,0.0013394896533651716,0.061581999999999706,0.10867200000741001,-0.4633409999982621,0.0023669999999999984,0.005652000000043451,-0.0027169999999096116
792,1.5857151849995716,0.10364030973036405,-0.6091507882231626,-2.522365239669471,0.01622187303331887,0.017828485292603502,-0.006418913005504313,0.061581999999999706,0.10867200000741001,-0.4633409999982621,0.0023669999999999984,0.005652000000043451,-0.0027169999999096116
793,1.5876818200049456,0.016976533133748816,-0.5734119175908311,-2.7326234663297266,0.016341670378016315,0.01926527614519432,-0.0071044930890033775,0.10158199999999981,0.08867200000501109,-0.31333899999858195,0.00036699999999999884,0.004652000000027459,-0.001716999999925603
794,1.5896909049988608,0.4878181221061201,-0.7481325755530639,-2.645109374235067,0.012714211045854143,0.030079005379586608,-0.0015109226210722625,0.10158199999999981,0.08867200000501109,-0.31333899999858195,0.00036699999999999884,0.004652000000027459,-0.001716999999925603
795,1.5916772569980822,0.3161977956242936,-0.5893030154908968,-2.765142227632734,0.014193050348181966,0.020206915495368988,-0.008510790109552697,0.10158199999999981,0.08867200000501109,-0.31333899999858195,0.00036699999999999884,0.004652000000027459,-0.001716999999925603
796,1.5936595410021255,-0.06429129516238576,-0.6299488420601863,-2.3891604855133632,0.01834303740788225,0.015293306055549677,-0.002016663041136285,0.10158199999999981,0.08867200000501109,-0.31333899999858195,0.00036699999999999884,0.004652000000027459,-0.001716999999925603
797,1.595675750002556,-0.08198322723343623,-0.2911919594270295,-2.520086158722755,0.0015206070921479097,0.018186001733473206,-0.01015676855069982,0.12158199999999994,0.06867200000149275,-0.09333999999890184,-0.003632999999999999,-0.003348000000020518,0.0012829999999464593
798,1.59768431300472,0.26751971678747755,-0.4442572119735928,-2.786470901981747,0.004859802303778592,0.02557856620926985,-0.0018267490458904823,0.12158199999999994,0.06867200000149275,-0.09333999999890184,-0.003632999999999999,-0.003348000000020518,0.0012829999999464593
799,1.5996506180017604,-0.21081825299860615,-0.4414602799356447,-2.792620292556996,0.00610062872921188,0.011956243359406052,0.0006817797315378855,0.12158199999999994,0.06867200000149275,-0.09333999999890184,-0.003632999999999999,-0.003348000000020518,0.0012829999999464593
800,1.6016695910002454,-0.1909347261796251,-0.35032645851893246,-2.9573939013644632,0.007116944853327735,0.010761600856671076,-0.0033144527198789063,0.12158199999999994,0.06867200000149275,-0.09333999999890184,-0.003632999999999999,-0.003348000000020518,0.0012829999999464593
801,1.603677933999279,-0.08069908005447786,-0.7916245354666458,-2.570738041494292,0.012632435905856821,0.024135808490618343,-0.005959348553359445,0.15158199999999983,0.04867200000453133,-0.2833399999992217,-0.002633,-0.001348000000004526,0.0002829999999784437
802,1.6056800360020134,-0.42302913343532467,-0.8109265261957761,-2.234130729274304,0.031188066850205896,0.020081998092522868,0.001104061574548924,0.15158199999999983,0.04867200000453133,-0.2833399999992217,-0.002633,-0.001348000000004526,0.0002829999999784437
803,1.6076733010049793,0.10529267308743342,-0.6876777123312318,-2.601551320989335,0.025553288114754845,0.019476917894685992,-0.003164236043210697,0.15158199999999983,0.04867200000453133,-0.2833399999992217,-0.002633,-0.001348000000004526,0.0002829999999784437
804,1.6096937370020896,-0.3115590552052688,-0.39462045407153773,-2.671398649764324,0.015039436318464768,0.010437727010674755,-0.005090035384405453,0.15158199999999983,0.04867200000453133,-0.2833399999992217,-0.002633,-0.001348000000004526,0.0002829999999784437
805,1.611672354003531,-0.4572297444238228,-0.47843038461153664,-2.5771798104697106,0.016150757926637144,0.008884913636713305,-0.005205800637390136,0.12158199999999977,0.05867200000565081,-0.35333999999906174,-0.0006330000000000004,0.0006520000000114666,-0.0007169999999895724
806,1.613670639002521,0.008889997808520848,-0.9399122431091615,-2.701908501181192,0.02557702099168904,0.012571956427189099,-0.0005700608775636017,0.12158199999999977,0.05867200000565081,-0.35333999999906174,-0.0006330000000000004,0.0006520000000114666,-0.0007169999999895724
807,1.6156525629994576,0.062468356896578384,-0.8648118206585309,-2.1933500922279046,0.024345979825148155,0.01630466515143265,-0.006436696305080377,0.12158199999999977,0.05867200000565081,-0.35333999999906174,-0.0006330000000000004,0.0006520000000114666,-0.0007169999999895724
808,1.6176787090007565,-0.5871926473518881,-0.7667875192673929,-2.3955914647584984,0.032382755920106185,-0.006240284122338889,-0.006310650190625538,0.12158199999999977,0.05867200000565081,-0.35333999999906174,-0.0006330000000000004,0.0006520000000114666,-0.0007169999999895724
809,1.61971408300451,-0.06446287786131873,-1.0837305464163665,-2.044441172215555,0.04331405247816462,-0.00964339044091503,0.003546594189674078,0.12158199999999984,0.09867200000373168,-0.23333899999842206,-0.002633,-0.001348000000004526,0.0002829999999784437
810,1.6216741259995615,-0.26525561098278977,-0.8607482044744967,-2.503253838366813,0.04432562700589073,-0.003650541438425694,-0.0027782118625251195,0.12158199999999984,0.09867200000373168,-0.23333899999842206,-0.002633,-0.001348000000004526,0.0002829999999784437
811,1.6236505999986548,0.36194474360903606,-0.4149878735992233,-2.4513327576798973,0.020413386353037424,0.007987454973657509,0.005452099709631844,0.12158199999999984,0.09867200000373168,-0.23333899999842206,-0.002633,-0.001348000000004526,0.0002829999999784437
812,1.625659073004499,-0.02750112944275011,-0.5275608753467846,-2.2997263929618588,0.021401268172429645,0.014837718511436298,-0.0059873189375774126,0.12158199999999984,0.09867200000373168,-0.23333899999842206,-0.002633,-0.001348000000004526,0.0002829999999784437
813,1.6276711739992606,0.05261796033650883,-0.6665358728275361,-2.334488866245479,0.020021021663929144,0.01706194887489363,-0.001029732238706511,0.071582,0.08867200000005342,-0.0033399999985819547,-0.0036329999999999986,-0.002348000000036511,0.002282999999962452
814,1.629678454999521,0.10484053671607035,-0.9375202160261942,-2.2902533153035476,0.02760861213393873,0.02172606721913684,-0.0038393298963057274,0.071582,0.08867200000005342,-0.0033399999985819547,-0.0036329999999999986,-0.002348000000036511,0.002282999999962452
815,1.6316541870037327,-0.19935950487259815,-0.6077794479243855,-2.5580855412936145,0.014238703744070652,0.010567274226431802,0.0028444665816641057,0.071582,0.08867200000005342,-0.0033399999985819547,-0.0036329999999999986,-0.002348000000036511,0.002282999999962452
816,1.6336744030049886,0.0022896548061806118,-0.752068052022145,-2.5183549832254615,0.024908657452818686,0.01805474110486918,-0.005170620981938599,0.071582,0.08867200000005342,-0.0033399999985819547,-0.0036329999999999986,-0.002348000000036511,0.002282999999962452
817,1.6356696110015037,0.034171487799605084,-1.0225946558234709,-2.474695362291754,0.03069529761085579,0.012657341466999407,-0.003847669266953557,0.081582,0.08867199999989349,0.006660000001418039,-0.007632999999999997,-0.004348000000068497,0.004282999999930469
818,1.6376861200042185,-0.2956616111857566,-0.414449625526094,-2.3678764256558766,0.009922049302549849,0.011087485215605125,-0.006131252466972926,0.081582,0.08867199999989349,0.006660000001418039,-0.007632999999999997,-0.004348000000068497,0.004282999999930469
819,1.6396615019984893,0.24386640090408568,-1.0222567539119007,-2.5675188690030697,0.025324747691770788,0.0201692527369765,-0.0038975590641254876,0.081582,0.08867199999989349,0.006660000001418039,-0.007632999999999997,-0.004348000000068497,0.004282999999930469
820,1.641663182999764,0.30331245425111647,-0.27721647394862137,-2.981232466684033,-0.001547127495447968,0.027023703533489016,-0.008816077108828643,0.081582,0.08867199999989349,0.006660000001418039,-0.007632999999999997,-0.004348000000068497,0.004282999999930469
821,1.64366410200455,-0.06844983447242084,-0.45502330256755086,-2.818514727913091,0.0009284267841931954,0.0210922557235873,-0.015958479828304194,0.09158199999999976,0.08867200000613057,-0.38333899999858195,0.00036700000000000014,0.0006519999999954741,0.0002830000000104269
822,1.6456729260025895,-0.38257432620267534,-0.3317761947403156,-2.698601249762453,0.000834484077722972,0.024090954655460795,-0.00969446751908386,0.09158199999999976,0.08867200000613057,-0.38333899999858195,0.00036700000000000014,0.0006519999999954741,0.0002830000000104269
823,1.6476556819980033,-0.4466493457305932,-0.9183280740077562,-2.3536335772831944,0.034673123270952656,-0.0006347338307949374,-0.004668491363237961,0.09158199999999976,0.08867200000613057,-0.38333899999858195,0.00036700000000000014,0.0006519999999954741,0.0002830000000104269
824,1.649670637001691,-0.2791537297587402,-0.9579588263749127,-1.629176773704074,0.05122505030627953,-0.018346129531994257,-0.0024475754274814417,0.09158199999999976,0.08867200000613057,-0.38333899999858195,0.00036700000000000014,0.0006519999999954741,0.0002830000000104269
825,1.6516812949994346,-0.7191877096724055,-0.844379068876536,-1.4624242944697798,0.054868428429970514,-0.025261233038275835,0.007992176468712921,0.1415819999999997,0.10867200000772982,-0.4833389999982622,-0.005632999999999998,-0.0023480000000525034,0.003282999999962453
826,1.6536665550011094,-0.14802881100045087,-1.1330278293569065,-2.1803749721161103,0.0517763726813525,-0.00789367427837247,0.005048469842791983,0.1415819999999997,0.10867200000772982,-0.4833389999982622,-0.005632999999999998,-0.0023480000000525034,0.003282999999962453
827,1.6556740970045212,-0.3688917670308595,-0.8642110095416133,-1.9268275559789012,0.05284003637512343,-0.015357311149891723,0.010291954792652401,0.1415819999999997,0.10867200000772982,-0.4833389999982622,-0.005632999999999998,-0.0023480000000525034,0.003282999999962453
828,1.6576967970031546,0.07395979484118852,-1.153535825652174,-1.8022102486230132,0.05731650873715277,-0.004710181991843932,0.006812091689763711,0.1415819999999997,0.10867200000772982,-0.4833389999982622,-0.005632999999999998,-0.0023480000000525034,0.003282999999962453
829,1.6596411510035978,0.36855213839904455,-0.5314000367774502,-2.4957710063087055,0.023217607818881818,0.017936159666646637,-0.004401605516828653,0.07158199999999981,0.1086720000050111,-0.3133389999982621,-0.0026330000000000004,0.0026520000000114664,-0.0007169999999575861
830,1.6616419100027997,-0.19503549711164658,-0.6967831201579502,-2.425045045207244,0.009262559768319755,0.023660331908325283,-0.012998050955635831,0.07158199999999981,0.1086720000050111,-0.3133389999982621,-0.0026330000000000004,0.0026520000000114664,-0.0007169999999575861
831,1.6636488610020024,0.4070500240441513,-0.7458410026247255,-2.7143973897986498,0.01429790934593792,0.03192196201109996,-0.009459011688097289,0.07158199999999981,0.1086720000050111,-0.3133389999982621,-0.0026330000000000004,0.0026520000000114664,-0.0007169999999575861
832,1.665670638998563,-0.6355391043661931,-0.6029072188455104,-2.852719544906547,0.008592481349390972,0.005925237219125428,-0.015732146539772195,0.07158199999999981,0.1086720000050111,-0.3133389999982621,-0.0026330000000000004,0.0026520000000114664,-0.0007169999999575861
833,1.667669394002587,-0.5041997906984591,-0.28528342930215955,-2.853952735796148,-0.00011393734968406249,0.006731784376480013,-0.00865033135954164,0.1015819999999998,0.10867200000533096,-0.33333999999826214,-0.002632999999999999,0.0006519999999794816,0.0012830000000104288
834,1.6696744709988707,-0.16412901431713137,-0.9135355718066267,-1.9518833884021303,0.04597875808515244,-0.01657142632968054,0.004398187755591065,0.1015819999999998,0.10867200000533096,-0.33333999999826214,-0.002632999999999999,0.0006519999999794816,0.0012830000000104288
835,1.671648911004013,-0.6729971436550557,-0.7179930820774271,-2.176015059452429,0.04520989914050689,-0.0195458134638484,0.003603296392456495,0.1015819999999998,0.10867200000533096,-0.33333999999826214,-0.002632999999999999,0.0006519999999794816,0.0012830000000104288
836,1.6736390410005697,0.011871537234403042,-0.6966781847894901,-1.8426071275915288,0.037535243731086576,-0.004237879059433236,0.005961816235377232,0.1015819999999998,0.10867200000533096,-0.33333999999826214,-0.002632999999999999,0.0006519999999794816,0.0012830000000104288
837,1.675669796000875,0.38121454050034426,-1.1212690230596365,-1.8496528923761297,0.05314712936499885,0.0020444738262019218,-0.0015268250614631723,0.07158199999999988,0.08867200000325194,-0.20334099999858196,0.0013669999999999982,0.0036520000000434517,-0.002716999999941596
838,1.677666968003905,-0.40173153303671244,-1.1368576792684795,-2.062830905844754,0.03935759739635635,-0.010108623043234458,0.005976833830914542,0.07158199999999988,0.08867200000325194,-0.20334099999858196,0.0013669999999999982,0.0036520000000434517,-0.002716999999941596
839,1.6796515270034433,-0.2349214727645441,-0.9964549223748568,-2.489457019748736,0.023151399574553186,0.007276897563170238,4.318791433927192e-05,0.07158199999999988,0.08867200000325194,-0.20334099999858196,0.0013669999999999982,0.0036520000000434517,-0.002716999999941596
840,1.6816543599998113,-0.38280878906361154,-0.5956834085148881,-3.0092935784521697,0.0037417113969712055,0.017675437991163733,-0.011596203269195183,0.07158199999999988,0.08867200000325194,-0.20334099999858196,0.0013669999999999982,0.0036520000000434517,-0.002716999999941596
841,1.683665488002589,-0.3642062498593548,-0.9561451340309977,-2.2764055903509095,0.04532190429666701,-0.01862166299315098,-0.0020560214640110855,0.10158199999999974,0.09867200000661035,-0.413339999998422,0.0013669999999999989,0.004652000000027459,-0.0017169999999256036
842,1.6857276220034692,-0.2284445468553487,-0.46011614655185823,-2.3456699880400698,0.04125492316109257,-0.019818425351376085,0.007307276554682594,0.10158199999999974,0.09867200000661035,-0.413339999998422,0.0013669999999999989,0.004652000000027459,-0.0017169999999256036
843,1.687667397003679,-0.28837368513938105,-0.6849347837838926,-1.9534411182480993,0.031790400501614365,-0.01363719027444107,0.009872121300787927,0.10158199999999974,0.09867200000661035,-0.413339999998422,0.0013669999999999989,0.004652000000027459,-0.0017169999999256036
844,1.689686730998801,-0.4658620766591408,-0.8874377836718479,-1.681305377739328,0.049565810942467446,-0.022083535525285743,0.005732897705073723,0.10158199999999974,0.09867200000661035,-0.413339999998422,0.0013669999999999989,0.004652000000027459,-0.0017169999999256036
845,1.691674376001174,-0.14355656608098483,-0.9660540207654814,-2.121750467716441,0.0513162864321278,0.0045504754482940364,0.0009219743916668481,0.10158199999999966,0.0886720000086894,-0.543340999998582,-0.0016330000000000003,0.0026520000000114664,-0.0007169999999575867
846,1.693672740002512,-0.040950117993135075,-1.196078151717342,-1.9714737418711255,0.061664199624386296,-0.014904273671026556,0.002006572622155998,0.10158199999999966,0.0886720000086894,-0.543340999998582,-0.0016330000000000003,0.0026520000000114664,-0.0007169999999575867
847,1.6956478810025146,-0.42859927562639977,-0.427811347871569,-2.541404059331183,0.006409702971703135,-0.0012845961945677788,-0.00499683865570002,0.10158199999999966,0.0886720000086894,-0.543340999998582,-0.0016330000000000003,0.0026520000000114664,-0.0007169999999575867
848,1.6976707620051457,-0.5305856263128474,-0.6417986924284439,-2.4309676747367823,0.013593423991090394,0.002514642682845155,-0.006629588911810799,0.10158199999999966,0.0886720000086894,-0.543340999998582,-0.0016330000000000003,0.0026520000000114664,-0.0007169999999575867
849,1.6996517040024628,0.15455983176640162,-0.9422548354098674,-2.329541638558375,0.023630900590836786,0.02141174857509662,0.0005205366429419908,0.1315819999999997,0.08867200000756989,-0.473338999998582,-0.003632999999999999,-0.002348000000020518,0.001282999999962452
850,1.701669154004776,-0.08549084536415516,-1.1155765354766902,-2.573091599768564,0.03896374874440061,0.008733598818773591,-0.004935371024668721,0.1315819999999997,0.08867200000756989,-0.473338999998582,-0.003632999999999999,-0.002348000000020518,0.001282999999962452
851,1.703652850999788,0.38037336375723735,-0.3433837604028139,-2.6284088321880037,0.0048729180266624044,0.03003386046150055,-0.0025460274375156194,0.1315819999999997,0.08867200000756989,-0.473338999998582,-0.003632999999999999,-0.002348000000020518,0.001282999999962452
852,1.7056715639992035,0.0960405946401504,-0.47034786409358975,-2.9789123665134327,0.005996149752271416,0.02050472406665203,-0.014608392203835406,0.1315819999999997,0.08867200000756989,-0.473338999998582,-0.003632999999999999,-0.002348000000020518,0.001282999999962452
853,1.7076847770003951,-0.08248997784789518,-0.5450003780041002,-2.705796705224084,0.004434108734153419,0.029820761917522712,-0.01318601539021899,0.10158199999999976,0.10867200000645041,-0.4033389999982621,-0.003632999999999999,-0.0003480000000205185,0.001282999999994437
854,1.7097229460050585,-0.0034881445194743215,-0.793465062165718,-2.1722039867766543,0.015409429851207797,0.030183381362972567,-0.011433138146709555,0.10158199999999976,0.10867200000645041,-0.4033389999982621,-0.003632999999999999,-0.0003480000000205185,0.001282999999994437
855,1.7116593239989015,0.25139587493566146,-1.1312290616809004,-1.8518659831346511,0.0544957319264618,0.0024687430310822776,0.0015942575512445374,0.10158199999999976,0.10867200000645041,-0.4033389999982621,-0.003632999999999999,-0.0003480000000205185,0.001282999999994437
856,1.7136715349988663,-0.20763437424231873,-0.8726915340890239,-2.036858373525806,0.045255379665252976,-0.01615035399120226,0.003990585843838895,0.10158199999999976,0.10867200000645041,-0.4033389999982621,-0.003632999999999999,-0.0003480000000205185,0.001282999999994437
857,1.7156823330005864,0.4885298136141695,-0.8343585531753094,-2.2275810427471123,0.03882787071789694,0.0019431642706271267,0.010972434025115052,0.1415819999999999,0.098672000003092,-0.19333999999842208,-0.007632999999999998,-0.0053480000000525035,0.0032829999999144767
858,1.7176650180044817,-0.08591392439976557,-1.0455165297308056,-1.8231370630445773,0.05630935220851236,-0.007556031264999371,0.007928347109652999,0.1415819999999999,0.098672000003092,-0.19333999999842208,-0.007632999999999998,-0.0053480000000525035,0.0032829999999144767
859,1.719650457998796,0.11341190594285015,-0.7492047238098755,-2.6054722736617775,0.022280674319775973,0.01750924815349049,-0.012514164741642079,0.1415819999999999,0.098672000003092,-0.19333999999842208,-0.007632999999999998,-0.0053480000000525035,0.0032829999999144767
860,1.7216765749981278,-0.36799899982060014,-0.4445869464023788,-2.8996301893560847,0.002245845463679899,0.014138793414288952,-0.004744794042489665,0.1415819999999999,0.098672000003092,-0.19333999999842208,-0.007632999999999998,-0.0053480000000525035,0.0032829999999144767
861,1.7236979430017527,-0.4098516862125265,-0.4995526065023032,-2.722010721402777,0.007676035930892963,0.017607475734215075,-0.011857003402207876,0.05158199999999988,0.088672000003092,-0.19333999999858195,-0.0016330000000000003,0.0016520000000114668,-0.0007169999999735793
862,1.7256777330039768,0.16628536994654597,-0.8507674463573727,-2.577501022246724,0.02134924343155535,0.021496852309240304,-0.0023048018820126695,0.05158199999999988,0.088672000003092,-0.19333999999858195,-0.0016330000000000003,0.0016520000000114668,-0.0007169999999735793
863,1.727678351002396,-0.3052422048733357,-0.7739624169556197,-2.7415592211082047,0.017614707897679216,0.009040518551143103,-0.010682987187275481,0.05158199999999988,0.088672000003092,-0.19333999999858195,-0.0016330000000000003,0.0016520000000114668,-0.0007169999999735793
864,1.7296809740000754,-0.2217985439779603,-0.8824015073859255,-2.271086220680228,0.03259721728728713,0.006086975477627078,-0.008950360474986443,0.05158199999999988,0.088672000003092,-0.19333999999858195,-0.0016330000000000003,0.0016520000000114668,-0.0007169999999735793
865,1.7316902090024087,0.17772100116795084,-1.0543505376414555,-1.892361300375366,0.05855812822056639,-0.0020621819795519415,0.0049887842626409025,0.12158199999999984,0.09867200000389162,-0.24333999999842207,-0.004632999999999998,-0.003348000000036511,0.00228299999994646
866,1.7336617940018186,0.39543844396434996,-0.6161221076606282,-2.2840423010093067,0.03358775859668036,0.01047380717484232,-0.004999863943890718,0.12158199999999984,0.09867200000389162,-0.24333999999842207,-0.004632999999999998,-0.003348000000036511,0.00228299999994646
867,1.7356546580049326,-0.18538043090392214,-0.9471411352993706,-2.112409808960064,0.05068706837844091,-0.006692501262564706,0.008206561070941655,0.12158199999999984,0.09867200000389162,-0.24333999999842207,-0.004632999999999998,-0.003348000000036511,0.00228299999994646
868,1.7376530430046842,0.15115843139432114,-1.1908599926977572,-1.774524646508014,0.05245564604819146,-0.004145310130043508,-0.002004715186983639,0.12158199999999984,0.09867200000389162,-0.24333999999842207,-0.004632999999999998,-0.003348000000036511,0.00228299999994646
869,1.7396795300010126,-0.23619584685490358,-0.7570033198608207,-2.087030773487394,0.04477096859367158,-0.01448836640160921,-0.0070919403053911366,0.051581999999999954,0.06867200000117288,-0.0733389999989018,-0.0036329999999999986,-0.002348000000036511,0.002282999999962452
870,1.7416687570002978,0.16169605543460466,-0.6857562237578105,-1.77490369893486,0.04371697144612686,-0.007252340579225914,0.001478589273822535,0.051581999999999954,0.06867200000117288,-0.0733389999989018,-0.0036329999999999986,-0.002348000000036511,0.002282999999962452
871,1.7436763790028635,0.12807094632637547,-0.9039098606701554,-1.8529245853720202,0.04725157472885053,0.005004384112863317,-0.000369295013796536,0.051581999999999954,0.06867200000117288,-0.0733389999989018,-0.0036329999999999986,-0.002348000000036511,0.002282999999962452
872,1.7456733910003095,-0.4358702349419663,-0.649745908334323,-2.075475332066529,0.04398142617062351,-0.019691933172814126,0.0028485151068538984,0.051581999999999954,0.06867200000117288,-0.0733389999989018,-0.0036329999999999986,-0.002348000000036511,0.002282999999962452
873,1.747652880003443,0.36352459538658904,-0.5828883538704073,-2.731487996710855,0.0021282453172999714,0.03365114987240562,-0.012321718019875277,0.09158199999999986,0.08867200000341187,-0.21334099999858197,-0.006632999999999998,-0.003348000000036511,0.002282999999946461
874,1.7496656220027944,-0.04749300684151904,-0.6376188452762758,-2.1339079914959593,0.02939255257840234,0.006223475227425243,0.002235939393219461,0.09158199999999986,0.08867200000341187,-0.21334099999858197,-0.006632999999999998,-0.003348000000036511,0.002282999999946461
875,1.7516581259988016,0.478311051963122,-0.6599556193836801,-2.5808800951382347,0.024818561075432045,0.03797941839231581,-0.01026135562569383,0.09158199999999986,0.08867200000341187,-0.21334099999858197,-0.006632999999999998,-0.003348000000036511,0.002282999999946461
876,1.7536236390005797,-0.18002896587800038,-0.8458674448599729,-2.394629698058403,0.02437854208632338,0.006704115821187485,-0.010330100155616655,0.09158199999999986,0.08867200000341187,-0.21334099999858197,-0.006632999999999998,-0.003348000000036511,0.002282999999946461
877,1.7556326929989154,-0.24515310601107665,-0.8882753452584877,-2.5996893169980866,0.028402831596616905,0.0024218808030539727,-0.0076790938688621095,0.13158199999999973,0.09867200000709013,-0.44333999999842205,-0.007632999999999998,-0.0053480000000525035,0.0032829999999144767
878,1.757641317002708,-0.0033702824927214527,-0.6937285894973346,-2.285048877715146,0.03206923858685516,0.0007864443310309233,0.001726113501019952,0.13158199999999973,0.09867200000709013,-0.44333999999842205,-0.007632999999999998,-0.0053480000000525035,0.0032829999999144767
879,1.759623392004869,-0.29539713833743914,-0.7423597706039348,-2.0464408656168525,0.04031049386933057,-0.006555180670936926,0.00083052544987293,0.13158199999999973,0.09867200000709013,-0.44333999999842205,-0.007632999999999998,-0.0053480000000525035,0.0032829999999144767
880,1.7616154040006222,-0.1878178389323352,-0.5795268469410553,-1.854932230227271,0.022361192483035818,0.00575087596933182,-0.010704138400974372,0.13158199999999973,0.09867200000709013,-0.44333999999842205,-0.007632999999999998,-0.0053480000000525035,0.0032829999999144767
881,1.7636341770048602,-0.12654727835292073,-0.5937951932958263,-2.1785404071029024,0.027284951371029223,0.008145008291624244,-0.00034156921218991246,0.14158199999999965,0.0786720000093291,-0.5833399999987419,-0.003632999999999999,-0.0013480000000205185,0.0012829999999784444
882,1.7656204290033202,-0.475883283721498,-0.6286596381228156,-2.090657725723763,0.030327290913050448,-0.0006573249735799614,-0.004505041774798856,0.14158199999999965,0.0786720000093291,-0.5833399999987419,-0.003632999999999999,-0.0013480000000205185,0.0012829999999784444
883,1.7676223700036644,0.40569561206629046,-0.8870430839672567,-2.4572349878714106,0.02823505381637941,0.032057644844255107,-0.0031622461926548166,0.14158199999999965,0.0786720000093291,-0.5833399999987419,-0.003632999999999999,-0.0013480000000205185,0.0012829999999784444
884,1.769614934004494,-0.043672762513710425,-0.5981759692686196,-2.302841665016917,0.035185532450888374,0.007464202670477324,0.006213739614768831,0.14158199999999965,0.0786720000093291,-0.5833399999987419,-0.003632999999999999,-0.0013480000000205185,0.0012829999999784444
885,1.7716585130037856,-0.05902711101555697,-0.6340878902046763,-2.1605633688340244,0.0273937040084787,0.002506494552499733,-0.0022169362644135987,0.0715819999999997,0.10867200000772982,-0.48333899999826213,-0.0006330000000000004,0.004652000000011466,-0.0007169999999256022
886,1.773632511998585,-0.2691722474858005,-0.5717974508693678,-2.396093682489831,0.020918822848292943,0.004131901063131595,0.0008656226690797618,0.0715819999999997,0.10867200000772982,-0.48333899999826213,-0.0006330000000000004,0.004652000000011466,-0.0007169999999256022
887,1.7756382410007063,-0.19625469870106305,-0.747821563418057,-2.2717786075263167,0.03187006863923615,0.01041827225635699,-0.00023766378308060719,0.0715819999999997,0.10867200000772982,-0.48333899999826213,-0.0006330000000000004,0.004652000000011466,-0.0007169999999256022
888,1.7776222890024655,-0.5443852587127721,-0.5844402193675109,-2.7712467223440873,0.020409315303215575,0.0009411551504458018,-0.010747669141138148,0.0715819999999997,0.10867200000772982,-0.48333899999826213,-0.0006330000000000004,0.004652000000011466,-0.0007169999999256022
889,1.7796378450002521,-0.5749972621356296,-0.5496888035046241,-2.48426512785734,0.012947814414345784,0.0001260865882896527,-0.0006256244236263937,0.06158199999999979,0.11867200000533096,-0.3333399999981022,-0.0016330000000000003,0.0036520000000114664,-0.0007169999999415942
890,1.7816288760004682,-0.2704778347538842,-0.6321836709151799,-2.408065776126751,0.01637618893726324,0.006059562294711096,-0.008886357898322554,0.06158199999999979,0.11867200000533096,-0.3333399999981022,-0.0016330000000000003,0.0036520000000114664,-0.0007169999999415942
891,1.7836192660033703,0.160246542023852,-0.5009970725854985,-2.4171255260986615,0.01771931121755444,0.008226571944886279,-0.00914308392145477,0.06158199999999979,0.11867200000533096,-0.3333399999981022,-0.0016330000000000003,0.0036520000000114664,-0.0007169999999415942
892,1.785668105003424,0.16384970599352724,-0.44854426969461947,-2.655845269112853,0.010404033746349087,0.027798173853818553,-0.005063496087971978,0.06158199999999979,0.11867200000533096,-0.3333399999981022,-0.0016330000000000003,0.0036520000000114664,-0.0007169999999415942
893,1.787649687998055,-0.27252805273830283,-0.6389384538799994,-2.9782418016566363,0.016227275531049672,0.03114983006357333,-0.0045137458999562775,0.021581999999999792,0.07867200000533096,-0.33333999999874186,0.0013669999999999982,0.006652000000043451,-0.0027169999998936183
894,1.789638736001507,0.3233611590833564,-0.7320601014735074,-2.7267296930607907,0.020664507662224704,0.02780541715054313,-0.003378939074139122,0.021581999999999792,0.07867200000533096,-0.33333999999874186,0.0013669999999999982,0.006652000000043451,-0.0027169999998936183
895,1.7916288749984233,0.33297583374798373,-0.6265830141971651,-2.5271324974060576,0.014015542490379153,0.03320995422883721,-0.004229505666752578,0.021581999999999792,0.07867200000533096,-0.33333999999874186,0.0013669999999999982,0.006652000000043451,-0.0027169999998936183
896,1.7936323590038228,-0.1711376077199391,-1.0390046608976162,-2.6709343173500844,0.021828052977503547,0.016995659171747703,-0.011812862613412554,0.021581999999999792,0.07867200000533096,-0.33333999999874186,0.0013669999999999982,0.006652000000043451,-0.0027169999998936183
897,1.795637697003258,0.10178457587916365,-0.6168079801746414,-2.859775727055333,0.011819961631131175,0.03081803811082001,-0.015409626602655742,0.09158199999999966,0.06867200000836954,-0.5233399999989018,0.00036699999999999884,0.005652000000027459,-0.0017169999999096105
898,1.797634148002544,0.05286058963703208,-0.6334778848729481,-2.4808210602654004,0.01782042770492596,0.013883445764020796,-0.006717436711113269,0.09158199999999966,0.06867200000836954,-0.5233399999989018,0.00036699999999999884,0.005652000000027459,-0.0017169999999096105
899,1.7996319209996727,-0.17668597478489545,-1.06894530803021,-1.7319654534119562,0.06544710125151056,-0.013128331795114564,0.01163348154976227,0.09158199999999966,0.06867200000836954,-0.5233399999989018,0.00036699999999999884,0.005652000000027459,-0.0017169999999096105
900,1.80161947599845,0.036588819812234365,-1.2362450034861363,-1.9032514866379386,0.06323406467268303,-0.0007266422251847159,0.009936826705268841,0.09158199999999966,0.06867200000836954,-0.5233399999989018,0.00036699999999999884,0.005652000000027459,-0.0017169999999096105
901,1.8036396509996848,-0.07008015603872123,-0.7290001200286644,-2.182407320665814,0.03685290873539249,-0.0009231720476833969,-0.0014768160751799642,0.1515819999999997,0.13867200000804966,-0.5033399999977823,-0.007632999999999999,-0.0013480000000205185,0.001282999999978447
902,1.8056325459983782,-0.1767003743324044,-0.8750447378351237,-1.8115677148798608,0.0527507966578751,-0.018713406850771788,0.006987520036886853,0.1515819999999997,0.13867200000804966,-0.5033399999977823,-0.007632999999999999,-0.0013480000000205185,0.001282999999978447
903,1.8076294380007312,0.17994350183014493,-0.7418454118843637,-2.1555222546146,0.05247482460394048,-0.0035301400791558544,0.007098565938207652,0.1515819999999997,0.13867200000804966,-0.5033399999977823,-0.007632999999999999,-0.0013480000000205185,0.001282999999978447
904,1.8096473190016695,0.07436881563140069,-0.5498977068772226,-2.6801676227888627,0.018515650663163002,0.018558286335995287,-0.003369845972365683,0.1515819999999997,0.13867200000804966,-0.5033399999977823,-0.007632999999999999,-0.0013480000000205185,0.001282999999978447
905,1.8116565939999418,0.26131188377044406,-1.037172737401171,-2.590453315833554,0.03166700755523869,0.025657097971594434,-0.014842145577270028,0.1115819999999998,0.12867200000485118,-0.3033389999979423,-0.004632999999999999,0.0006519999999794816,0.00128300000001043
906,1.813670647003164,-0.29668175526214935,-0.3026995230885989,-2.6408984816244927,0.019425930700078618,0.013232261222911669,0.0017561841261803518,0.1115819999999998,0.12867200000485118,-0.3033389999979423,-0.004632999999999999,0.0006519999999794816,0.00128300000001043
907,1.8156644530026824,0.20885741685550185,-0.5507606783039571,-2.750757975298151,0.021111738685286843,0.02498601465165287,-0.002307766876891861,0.1115819999999998,0.12867200000485118,-0.3033389999979423,-0.004632999999999999,0.0006519999999794816,0.00128300000001043
908,1.8176638599979924,0.39124340486750697,-0.624751238016372,-2.4764225927953643,0.019917886107543973,0.022277939727848143,-0.003584031581751924,0.1115819999999998,0.12867200000485118,-0.3033389999979423,-0.004632999999999999,0.0006519999999794816,0.00128300000001043
909,1.8197098140008166,-0.6749273872431756,-0.6288916653162591,-2.334843447120447,0.02016248334870513,-0.00832607053342454,-0.006150222880020303,0.15158199999999974,0.1686720000064504,-0.4033389999973026,-0.006632999999999998,-0.001348000000036511,0.002282999999978446
910,1.8216643960040528,-0.336792069800432,-0.9281374241840163,-2.796298854310641,0.020837523313581033,0.018789631455326094,-0.0005287391494242972,0.15158199999999974,0.1686720000064504,-0.4033389999973026,-0.006632999999999998,-0.001348000000036511,0.002282999999978446
911,1.8236431140030618,-0.03559487223068402,-0.8274521139806181,-2.647043739150651,0.0209938378440029,0.015647720726714536,0.0019476580711099494,0.15158199999999974,0.1686720000064504,-0.4033389999973026,-0.006632999999999998,-0.001348000000036511,0.002282999999978446
912,1.825660725000489,0.01792947699383731,-0.5169823697925561,-2.466787908130912,0.01570069022674314,0.020819121133720316,-0.009264382540613843,0.15158199999999974,0.1686720000064504,-0.4033389999973026,-0.006632999999999998,-0.001348000000036511,0.002282999999978446
913,1.827678426001512,-0.16159617339406637,-0.8291059214073324,-2.483383531401944,0.016092793768896396,0.02126648867363211,0.001679260558915112,0.061581999999999706,0.12867200000741,-0.46334099999794226,-0.0016329999999999997,0.004651999999995474,0.0002830000000743983
914,1.8296700680002687,-0.06891372375897409,-0.7680821898556374,-2.382284965847136,0.02117211257372556,0.01910976383403048,0.0012351328014753218,0.061581999999999706,0.12867200000741,-0.46334099999794226,-0.0016329999999999997,0.004651999999995474,0.0002830000000743983
915,1.8316661280041444,0.09999967326579327,-0.5025359058298547,-2.468133472280978,0.01622513450991596,0.018822072400166007,-0.00790906851141127,0.061581999999999706,0.12867200000741,-0.46334099999794226,-0.0016329999999999997,0.004651999999995474,0.0002830000000743983
916,1.8336346069991123,-0.136789217953455,-0.5183206510155185,-2.820895902317873,0.017035269702400102,0.012104474851873574,-0.005955161917970661,0.061581999999999706,0.12867200000741,-0.46334099999794226,-0.0016329999999999997,0.004651999999995474,0.0002830000000743983
917,1.8356880040009855,-0.1744729071098748,-1.1588674358902256,-2.2602880685453353,0.03310450485259465,0.011098660516471985,0.0033297447249100516,0.12158199999999979,0.11867200000533096,-0.3333399999981022,-0.004632999999999998,-0.002348000000036511,0.0022829999999624522
918,1.8376800670012017,0.11330613932239411,-0.883521712896428,-1.8882325454128586,0.050163219827968016,-0.004052508969497427,0.014166202188855797,0.12158199999999979,0.11867200000533096,-0.3333399999981022,-0.004632999999999998,-0.002348000000036511,0.0022829999999624522
919,1.839671449000889,0.3453911050936948,-0.8791618798561974,-2.2038226189679397,0.05130559582247323,-0.00097254561994109,0.005940957320678443,0.12158199999999979,0.11867200000533096,-0.3333399999981022,-0.004632999999999998,-0.002348000000036511,0.0022829999999624522
920,1.841662719998567,0.3885201713735667,-0.9555771401380464,-1.923242693635834,0.0513124883768856,0.0023413923284489103,0.001194802322534419,0.12158199999999979,0.11867200000533096,-0.3333399999981022,-0.004632999999999998,-0.002348000000036511,0.0022829999999624522
921,1.8436748710009851,-0.42970254919573025,-1.0094804824934986,-1.8206189512275734,0.052191329659934255,-0.020636636355356758,0.0017538295700238742,0.1415819999999998,0.09867200000581072,-0.3633399999984221,-0.004632999999999998,-0.004348000000036511,0.0022829999999304674
922,1.8456656210037181,0.23736289305639577,-0.570240014666936,-2.1834785505782013,0.025816605666826076,0.007628376778233579,-0.001982553890217041,0.1415819999999998,0.09867200000581072,-0.3633399999984221,-0.004632999999999998,-0.004348000000036511,0.0022829999999304674
923,1.8476727320012287,0.1330622507244533,-0.8474394483287108,-1.8803698030704457,0.04233562690995045,0.007842497960032028,0.009187960167088926,0.1415819999999998,0.09867200000581072,-0.3633399999984221,-0.004632999999999998,-0.004348000000036511,0.0022829999999304674
924,1.8496646540006623,0.0842506737545827,-0.902744638630542,-2.058167560217228,0.04587547147173433,0.0010378146722149217,0.008977427215981671,0.1415819999999998,0.09867200000581072,-0.3633399999984221,-0.004632999999999998,-0.004348000000036511,0.0022829999999304674
925,1.8516544730009628,-0.4803368309768463,-0.7678419235815332,-2.1131696736174512,0.05090190813746307,-0.020576023099703054,0.0008723820577495387,0.16158199999999973,0.10867200000725008,-0.45334099999826216,-0.007632999999999998,-0.0043480000000525034,0.003282999999930469
926,1.8536557629995514,0.08481980942196435,-1.0138984144178118,-2.0454002055184963,0.05391530192641155,-0.010082449329486815,0.01530402343384134,0.16158199999999973,0.10867200000725008,-0.45334099999826216,-0.007632999999999998,-0.0043480000000525034,0.003282999999930469
927,1.855648005999683,-0.17543038782682785,-1.053703394578884,-2.667875080906825,0.03127785097077587,0.00965453990836264,-0.0003781137603689344,0.16158199999999973,0.10867200000725008,-0.45334099999826216,-0.007632999999999998,-0.0043480000000525034,0.003282999999930469
928,1.857655017003708,-0.2956949713047306,-0.7439040345943647,-2.562681288328075,0.017212288830402614,0.017700901954755828,-0.004470153692311076,0.16158199999999973,0.10867200000725008,-0.45334099999826216,-0.007632999999999998,-0.0043480000000525034,0.003282999999930469
929,1.8596557659984683,-0.01587097235613134,-0.2282371229607819,-2.8731786592872948,0.001793821572211529,0.023609006200946327,-0.008320914273420086,0.14158199999999976,0.1086720000062905,-0.39333899999826216,-0.004632999999999998,-0.002348000000036511,0.0022829999999624522
930,1.8616816729991115,-0.4498101535999358,-0.5094594015592349,-2.889629457163752,0.007803497471035096,0.018666195157432706,-0.01467316127068185,0.14158199999999976,0.1086720000062905,-0.39333899999826216,-0.004632999999999998,-0.002348000000036511,0.0022829999999624522
931,1.8636749280049116,-0.14252029631990767,-0.8305473850670891,-2.8363897539812752,0.0244452638511013,0.004780266441178934,-0.003806975387835774,0.14158199999999976,0.1086720000062905,-0.39333899999826216,-0.004632999999999998,-0.002348000000036511,0.0022829999999624522
932,1.8656640449989936,0.17013677142386605,-0.8396075159159668,-2.9783107714039376,0.015542913442944697,0.0187429795248966,0.0017077158056305417,0.14158199999999976,0.1086720000062905,-0.39333899999826216,-0.004632999999999998,-0.002348000000036511,0.0022829999999624522
933,1.867652872002509,0.18364707880889183,-0.66653293626643,-2.328283136845593,0.028403085773614882,0.013658940142263919,-0.004729074632302267,0.031581999999999825,0.0486720000043714,-0.27333999999922165,0.007366999999999998,0.007652000000059445,-0.0037169999998776294
934,1.869666425001924,-0.080505429644504,-1.1919852000875526,-1.8201592311678711,0.06256202015921343,-0.010137225936080973,0.005942105944453821,0.031581999999999825,0.0486720000043714,-0.27333999999922165,0.007366999999999998,0.007652000000059445,-0.0037169999998776294
935,1.8716657710028812,-0.0027291766518485723,-0.688991851080488,-1.9843053425634207,0.03614010439847089,-0.00793602401554092,0.006295907753810339,0.031581999999999825,0.0486720000043714,-0.27333999999922165,0.007366999999999998,0.007652000000059445,-0.0037169999998776294
936,1.8736607700047898,-0.10038931220373878,-0.5387997475694057,-2.4398258655580443,0.0328536318624157,-0.01607989056911444,0.002279664223009571,0.031581999999999825,0.0486720000043714,-0.27333999999922165,0.007366999999999998,0.007652000000059445,-0.0037169999998776294
937,1.8756577820022358,-0.1662213507565624,-0.9032716545002051,-2.2966738001858022,0.04050071951276673,-0.005179183814116282,0.004529668474178432,0.04158199999999981,0.03867200000485116,-0.3033389999993816,0.004366999999999999,0.004652000000027459,-0.0017169999999256055
938,1.8776680790033424,-0.07363618144589126,-0.8963474509986303,-1.9021198863150233,0.05323803446400469,-0.00544005713458882,0.0015101653691267502,0.04158199999999981,0.03867200000485116,-0.3033389999993816,0.004366999999999999,0.004652000000027459,-0.0017169999999256055
939,1.8796628569980385,0.17867544924489934,-1.0587892372056753,-2.1371776254884227,0.05963585277664463,0.0002501354163423798,0.00664706936039632,0.04158199999999981,0.03867200000485116,-0.3033389999993816,0.004366999999999999,0.004652000000027459,-0.0017169999999256055
940,1.881665058004728,-0.21710192653703886,-0.02731398784417497,-2.4854336986901657,-0.0005457922829226234,0.006819186053565741,-0.005931848834702224,0.04158199999999981,0.03867200000485116,-0.3033389999993816,0.004366999999999999,0.004652000000027459,-0.0017169999999256055
941,1.8836604669995722,-0.45028251814503994,-0.5945607010474668,-3.035352713184057,0.018100835888394336,0.00466344985009964,-0.01678431913023668,0.11158199999999982,0.07867200000469127,-0.2933409999987419,-0.003632999999999999,-0.0003480000000205185,0.001282999999994437
942,1.8856940180048696,-0.22472844046501952,-0.18996839733151116,-2.5844692087086925,0.0070082504982211845,0.010480573055480835,-0.01848853185517627,0.11158199999999982,0.07867200000469127,-0.2933409999987419,-0.003632999999999999,-0.0003480000000205185,0.001282999999994437
943,1.887670682001044,-0.17360904991421972,-0.5254939049687651,-2.5738103890024617,0.014603442651957848,0.0063485777726707575,0.0007061382578884112,0.11158199999999982,0.07867200000469127,-0.2933409999987419,-0.003632999999999999,-0.0003480000000205185,0.001282999999994437
944,1.889669406999019,0.10768110440313391,-0.5993444160288569,-2.2203270715468664,0.03069379467755077,0.012376530248977344,0.0009853040442102748,0.11158199999999982,0.07867200000469127,-0.2933409999987419,-0.003632999999999999,-0.0003480000000205185,0.001282999999994437
945,1.8916453800047748,-0.40685966675048996,-0.7769810050135293,-2.706779796951327,0.02791315609712495,0.010273952379616678,-0.015352117475699086,0.1115819999999997,0.09867200000788975,-0.49333999999842204,-0.004632999999999999,-0.0013480000000205185,0.001282999999978445
946,1.8936629300005734,-0.044902734902745,-0.48118185156418003,-2.5935752747737135,0.02881307067685387,-0.0020362067332926723,-0.004894541442727524,0.1115819999999997,0.09867200000788975,-0.49333999999842204,-0.004632999999999999,-0.0013480000000205185,0.001282999999978445
947,1.8956256680030492,-0.3966887494944413,0.07292250416962522,-2.688605593512366,0.00736824850034474,-0.0018493600158074035,-0.003561190528692741,0.1115819999999997,0.09867200000788975,-0.49333999999842204,-0.004632999999999999,-0.0013480000000205185,0.001282999999978445
948,1.8976219989999663,0.16437381974669515,-0.5884999215654887,-3.0043220870040104,0.01676677447128177,0.01181886296038925,-0.01125395857375508,0.1115819999999997,0.09867200000788975,-0.49333999999842204,-0.004632999999999999,-0.0013480000000205185,0.001282999999978445
949,1.8996291799994651,0.1196229625690027,-0.7603688321822831,-2.8265499027518546,0.017143610308450453,0.02043023300955999,-0.0004519102367883059,0.07158199999999984,0.0986720000043714,-0.27333999999842207,-0.004632999999999998,0.0006519999999634891,0.00228300000001043
950,1.901622135002981,-0.4687084584238405,-0.7455180559771842,-2.7117252934872447,0.031378662305112034,-0.009839813840534749,-0.0007820845321864537,0.07158199999999984,0.0986720000043714,-0.27333999999842207,-0.004632999999999998,0.0006519999999634891,0.00228300000001043
951,1.9036290150033892,-0.3127421912956427,-0.2021357390567889,-3.0215098574502606,0.00796948911358909,0.00788922540707486,-0.009486736974992055,0.07158199999999984,0.0986720000043714,-0.27333999999842207,-0.004632999999999998,0.0006519999999634891,0.00228300000001043
952,1.9056299950025277,-0.1633494316555312,-0.8676011114771266,-2.962481605774534,0.03346462440460134,0.0035887301122005536,-0.00683375543802453,0.07158199999999984,0.0986720000043714,-0.27333999999842207,-0.004632999999999998,0.0006519999999634891,0.00228300000001043
953,1.9076370359980501,-0.0648623609520965,-0.3753807950863791,-2.616340022673146,0.03391254517336153,-0.007774613050838063,0.010960297937427133,0.10158199999999977,0.06867200000613057,-0.3833389999989018,-0.002633,0.0006519999999954741,0.00028300000001042877
954,1.9096843320003245,0.279369676324792,-0.9560801502005494,-2.8399748567698744,0.0343671412264168,0.011723679505122726,-0.0002168789647076253,0.10158199999999977,0.06867200000613057,-0.3833389999989018,-0.002633,0.0006519999999954741,0.00028300000001042877
955,1.9116589320037747,0.061483835846216535,-0.5936088046624718,-2.827555479272552,0.015876075927352313,0.007876755597338018,-0.005723838107050138,0.10158199999999977,0.06867200000613057,-0.3833389999989018,-0.002633,0.0006519999999954741,0.00028300000001042877
956,1.9136539200044353,0.0563928759424745,-0.7245556319625976,-2.5690807566040155,0.02586584129506107,0.0134868440925482,-0.005950651287537869,0.10158199999999977,0.06867200000613057,-0.3833389999989018,-0.002633,0.0006519999999954741,0.00028300000001042877
957,1.9156293120031478,-0.3102583070829468,-0.7300503553212635,-2.900091333256876,0.02423778566169999,0.013018568136344668,-0.007263390342786955,0.13158199999999973,0.08867200000725008,-0.45334099999858196,-0.0016329999999999997,0.0006519999999954741,0.0002830000000104282
958,1.9176221460002125,0.02209894845068248,-0.44474752826671393,-2.952485282898075,0.010908833344211522,0.02490964528278522,-0.0064888380287995385,0.13158199999999973,0.08867200000725008,-0.45334099999858196,-0.0016329999999999997,0.0006519999999954741,0.0002830000000104282
959,1.919629146999796,0.342322524604608,-0.5597097787389715,-2.7829294016093167,0.009705143165558563,0.03122266812886543,-0.008975095749691598,0.13158199999999973,0.08867200000725008,-0.45334099999858196,-0.0016329999999999997,0.0006519999999954741,0.0002830000000104282
960,1.92166322900448,0.3354504559315254,-0.6840975039175766,-2.024644816434861,0.045500562508159884,-0.0067381172174979095,0.01490783069749874,0.13158199999999973,0.08867200000725008,-0.45334099999858196,-0.0016329999999999997,0.0006519999999954741,0.0002830000000104282
961,1.923667483999452,0.6518193162828428,-0.3879850811061028,-2.071052361588733,0.025753802626186605,0.015518856625087445,-0.002398683813318858,0.09158199999999989,0.08867200000293207,-0.18333999999858197,-0.002632999999999999,-0.0003480000000205184,0.0012829999999944364
962,1.9256332980003208,0.4316759929503487,-1.1512992235077315,-2.2548371931822357,0.05899979863120107,-0.0035355449335718494,0.005687793087411462,0.09158199999999989,0.08867200000293207,-0.18333999999858197,-0.002632999999999999,-0.0003480000000205184,0.0012829999999944364
963,1.9276596150011756,0.5044990594491976,-0.791788603252112,-2.4680589143568414,0.03324646076772677,0.010230537572510912,0.0003521991024679068,0.09158199999999989,0.08867200000293207,-0.18333999999858197,-0.002632999999999999,-0.0003480000000205184,0.0012829999999944364
964,1.9296587510034442,-0.07379448335547721,-0.7266216709909541,-2.681342216953494,0.04344999569512256,-0.003248530465249259,0.0074284355730310095,0.09158199999999989,0.08867200000293207,-0.18333999999858197,-0.002632999999999999,-0.0003480000000205184,0.0012829999999944364
965,1.9316607220025617,-0.09496672311917462,-1.1031566161454927,-2.017905987676546,0.054282500764013274,-0.006661039973751194,-0.0038332527358710283,0.02158199999999991,0.058672000002292356,-0.1433389999990617,0.0023669999999999984,0.004652000000043451,-0.002716999999925604
966,1.933668994999607,-0.0077314390467511755,-0.7726501429585815,-2.080573570186581,0.04563331094657286,-0.009977289790305509,0.0049973842763148335,0.02158199999999991,0.058672000002292356,-0.1433389999990617,0.0023669999999999984,0.004652000000043451,-0.002716999999925604
967,1.9356539450018317,0.44890869579616693,-0.7900010779260451,-2.555360434563961,0.024614657999521346,0.01954957234799083,-0.003645265651638324,0.02158199999999991,0.058672000002292356,-0.1433389999990617,0.0023669999999999984,0.004652000000043451,-0.002716999999925604
968,1.9376597040027264,-0.018361376166250103,-0.7837425745803748,-1.8926522787679565,0.04403726933223501,-0.017179235177095162,-0.0010813180944813637,0.02158199999999991,0.058672000002292356,-0.1433389999990617,0.0023669999999999984,0.004652000000043451,-0.002716999999925604
969,1.9396604020002997,0.40428713486338463,-0.6000382687953911,-2.163356082250987,0.033216463082670296,-0.0026237741342658777,0.00087386041185784,0.0815819999999999,0.07867200000261222,-0.1633399999987419,-0.002632999999999999,-0.0013480000000205185,0.0012829999999784437
970,1.9416656300018076,0.1506459638192999,-0.48987272306625396,-2.2620022628617162,0.033855201950781046,-0.004623925933918337,0.008439323472136473,0.0815819999999999,0.07867200000261222,-0.1633399999987419,-0.002632999999999999,-0.0013480000000205185,0.0012829999999784437
971,1.9436563800045406,-0.45290881763965046,-0.9117158748750035,-2.1082574996297088,0.05477850363090611,-0.020524053188979187,0.008568385169459194,0.0815819999999999,0.07867200000261222,-0.1633399999987419,-0.002632999999999999,-0.0013480000000205185,0.0012829999999784437
972,1.9456689920043573,-0.1838125095154012,-0.5951319291438912,-2.3293137343491956,0.04437411307783901,-0.02717110401557888,0.006264383521794851,0.0815819999999999,0.07867200000261222,-0.1633399999987419,-0.002632999999999999,-0.0013480000000205185,0.0012829999999784437
973,1.9476702219981235,-0.15316576466730739,-0.13905614955088721,-2.7420447294631907,0.00958901208580395,0.0069191173394966875,-0.013149636275639394,0.11158199999999983,0.0986720000043714,-0.27333999999842207,-0.005632999999999998,-0.002348000000036511,0.002282999999962453
974,1.9496768009994412,-0.43267277430668877,-0.8793416959091401,-2.279603122865213,0.050751486603359194,-0.022385550230351266,0.0011877207613524702,0.11158199999999983,0.0986720000043714,-0.27333999999842207,-0.005632999999999998,-0.002348000000036511,0.002282999999962453
975,1.951627587004623,-0.17247508953082372,-0.5652651610624814,-2.115419949492676,0.033469989274466504,-0.009160728173245633,0.003541617358452351,0.11158199999999983,0.0986720000043714,-0.27333999999842207,-0.005632999999999998,-0.002348000000036511,0.002282999999962453
976,1.9536240480010747,-0.31860234551128924,-1.0201467846833785,-1.9991361753262602,0.05031495085709173,-0.023117039790787,0.0063958014500915,0.11158199999999983,0.0986720000043714,-0.27333999999842207,-0.005632999999999998,-0.002348000000036511,0.002282999999962453
977,1.9556288950043381,0.2348919772264445,-1.1684519633816481,-2.158501573948572,0.05569326706967581,-0.01176473968887879,-0.00041088359153809863,0.16158199999999986,0.11867200000341187,-0.21334099999810224,-0.010632999999999998,-0.0063480000000525035,0.003282999999898486
978,1.9576292729980196,-0.002156417195726043,-0.9719692580070631,-2.377242057252528,0.05273268693734331,-0.013628774601155674,-0.0054022842250288985,0.16158199999999986,0.11867200000341187,-0.21334099999810224,-0.010632999999999998,-0.0063480000000525035,0.003282999999898486
979,1.9596173090030788,0.052349063321319035,-0.8600257621410846,-2.3867382533674855,0.033104989042085885,0.0016608003896729335,-0.0029097491991930233,0.16158199999999986,0.11867200000341187,-0.21334099999810224,-0.010632999999999998,-0.0063480000000525035,0.003282999999898486
980,1.9616196010028943,-0.020548818333977172,-0.6223524310912784,-2.9258913544314713,0.004048598584446766,0.023365784336388175,-0.010383937131761809,0.16158199999999986,0.11867200000341187,-0.21334099999810224,-0.010632999999999998,-0.0063480000000525035,0.003282999999898486
981,1.963679280001088,0.22444307972941535,-0.5567257405467553,-2.465472095969392,0.025149719209152398,0.013938322304650837,-0.006414787456258159,0.14158199999999987,0.10867200000325195,-0.20334099999826213,-0.007632999999999998,-0.0043480000000525034,0.003282999999930469
982,1.9656772939997609,0.032129780473949085,-0.9576966991378412,-2.1689726084424725,0.05951093519403172,-0.011730875412729049,-0.004660347744382796,0.14158199999999987,0.10867200000325195,-0.20334099999826213,-0.007632999999999998,-0.0043480000000525034,0.003282999999930469
983,1.9676539979991503,-0.1819690460931117,-0.6340450909286157,-2.298161374971823,0.0333878896588179,-0.015237917981139918,-0.0031812366120991414,0.14158199999999987,0.10867200000325195,-0.20334099999826213,-0.007632999999999998,-0.0043480000000525034,0.003282999999930469
984,1.969662852003239,0.25734256530598604,-0.9839792522100337,-1.9763484192303915,0.04803643495386334,-0.00013510792643479287,0.009834454123797293,0.14158199999999987,0.10867200000325195,-0.20334099999826213,-0.007632999999999998,-0.0043480000000525034,0.003282999999930469
985,1.9716613769996911,-0.40381041603216167,-0.6719409576049361,-2.2749437313799294,0.025151789907693248,-0.015454097977071434,-0.009179460286494651,0.15158199999999983,0.07867200000405156,-0.25333999999874196,-0.004632999999999998,-0.002348000000036511,0.0022829999999624522
986,1.9736692100050277,-0.17492850352404626,-0.8300751649000482,-2.209398794711861,0.044944840439481305,-0.00491042000699929,0.009766058704756862,0.15158199999999983,0.07867200000405156,-0.25333999999874196,-0.004632999999999998,-0.002348000000036511,0.0022829999999624522
987,1.9756593390047783,-0.08806314773361269,-0.6487658723554242,-1.7917834964685537,0.0350287004442627,-0.006798865826540719,0.006684687634988502,0.15158199999999983,0.07867200000405156,-0.25333999999874196,-0.004632999999999998,-0.002348000000036511,0.0022829999999624522
988,1.9776681930015911,0.3157179577432888,-0.8266105254833715,-2.3729573788523655,0.0452283693427453,-0.007264599220519494,0.010233225925628864,0.15158199999999983,0.07867200000405156,-0.25333999999874196,-0.004632999999999998,-0.002348000000036511,0.0022829999999624522
989,1.979669111999101,0.3436469704807074,-0.3926792176230048,-3.1223485264229986,0.011622762121852419,0.021419930313993484,-0.002548510947789536,0.07158199999999977,0.05867200000597067,-0.37334099999906173,0.00036699999999999884,0.0036520000000274592,-0.0017169999999415955
990,1.9816710840023006,-0.1732331960688052,-0.7288541918891656,-3.216733098491488,0.013786937547128543,0.023728310377216153,-0.009237885778017919,0.07158199999999977,0.05867200000597067,-0.37334099999906173,0.00036699999999999884,0.0036520000000274592,-0.0017169999999415955
991,1.9836334310020902,-0.17282636507416463,-0.7877247332067193,-2.580293178701127,0.01686303893356347,0.013443945048538429,-0.015999791840977457,0.07158199999999977,0.05867200000597067,-0.37334099999906173,0.00036699999999999884,0.0036520000000274592,-0.0017169999999415955
992,1.9857176860023174,-0.29450060511164083,-0.1431356912187194,-3.0971020505549993,-0.008263694816462868,0.01475138894951144,-0.01793103655639689,0.07158199999999977,0.05867200000597067,-0.37334099999906173,0.00036699999999999884,0.0036520000000274592,-0.0017169999999415955
993,1.9876717080042,-0.07499409856758359,-0.8787429029508481,-2.799431953607995,0.01557898827284615,0.012027484565935501,-0.012119488582181911,0.10158199999999973,0.0986720000069302,-0.43333999999842204,-0.0036329999999999986,-0.001348000000036511,0.002282999999978444
994,1.9896712050031056,0.1537803960035382,-0.5049825317946367,-2.911620729706672,0.006751212530319578,0.029463214264373035,-0.0007652813471105247,0.10158199999999973,0.0986720000069302,-0.43333999999842204,-0.0036329999999999986,-0.001348000000036511,0.002282999999978444
995,1.9916360670031281,-0.5601620679902097,-0.869989781989585,-2.767254906454975,0.021493900282149755,0.012009364942573231,-0.005226402918807194,0.10158199999999973,0.0986720000069302,-0.43333999999842204,-0.0036329999999999986,-0.001348000000036511,0.002282999999978444
996,1.9936781530050212,-0.1654307987823383,-0.5183496827601168,-2.1311877038984277,0.0445681672495442,-0.01625416842538546,-0.00390793200204039,0.10158199999999973,0.0986720000069302,-0.43333999999842204,-0.0036329999999999986,-0.001348000000036511,0.002282999999978444
997,1.9956654570050887,-0.1823228476239891,-1.155947531538801,-2.471425332384762,0.05181964228227732,-0.005364760728256562,-0.004267593054219516,0.16158199999999967,0.0886720000086894,-0.543340999998582,-0.007632999999999998,-0.003348000000036511,0.0022829999999464615
998,1.9976689710019855,0.021350812525999324,-0.9988943990155886,-1.9947934371875733,0.054703438798004246,-0.015820522384485128,0.0007245146004743343,0.16158199999999967,0.0886720000086894,-0.543340999998582,-0.007632999999999998,-0.003348000000036511,0.0022829999999464615
999,1.999659631997929,0.045384268956242535,-0.751837232429278,-1.8244800640207137,0.04115893075857501,-0.003437860071568758,-0.0025200813167218115,0.16158199999999967,0.0886720000086894,-0.543340999998582,-0.007632999999999998,-0.003348000000036511,0.0022829999999464615
1000,2.0016681449997122,-0.006010598602463493,-0.9229364477316092,-1.6301393302869707,0.047275285835535,-0.00918294806842245,0.006691600328666729,0.16158199999999967,0.0886720000086894,-0.543340999998582,-0.007632999999999998,-0.003348000000036511,0.0022829999999464615
1001,2.0036649070025305,-0.5481757479806871,-0.8529369228019046,-2.066088024267452,0.04229955692781773,-0.006175741517186073,0.014996062167122397,0.16158199999999973,0.10867200000725008,-0.45334099999826216,-0.004632999999999998,-0.003348000000036511,0.00228299999994646
1002,2.0056742820015643,0.8416492012529291,-0.6305288326936692,-2.7532610341189585,0.01729576230654055,0.037591342458446725,-0.012727742491101713,0.16158199999999973,0.10867200000725008,-0.45334099999826216,-0.004632999999999998,-0.003348000000036511,0.00228299999994646
1003,2.007654132001335,-0.6710173772204174,-0.5995525315718783,-2.4167173157258914,0.02151305052225329,-0.006198809878489442,-0.004398126861781446,0.16158199999999973,0.10867200000725008,-0.45334099999826216,-0.004632999999999998,-0.003348000000036511,0.00228299999994646
1004,2.0096711110018077,0.00029332754625372565,-0.6444180351258356,-2.5246746167161827,0.011984315058900989,0.028467960412897123,-0.008505549476318104,0.16158199999999973,0.10867200000725008,-0.45334099999826216,-0.004632999999999998,-0.003348000000036511,0.00228299999994646
1005,2.0116412839997793,0.11617004073636651,-1.0019185937051756,-2.3451229196068364,0.033121685802430495,0.015475942726343485,-0.00335317322634548,0.09158199999999979,0.07867200000517102,-0.3233389999987419,0.0013669999999999989,0.002652000000027459,-0.0017169999999575886
1006,2.01363714299805,-0.02983592587271725,-1.144116970732528,-1.785688289121886,0.05389248047018992,-0.013654468637203257,0.007177584943188396,0.09158199999999979,0.07867200000517102,-0.3233389999987419,0.0013669999999999989,0.002652000000027459,-0.0017169999999575886
1007,2.0156198190015857,0.18804033460666775,-0.8482690259224502,-1.5764678620231958,0.0586328393207542,-0.0068378698366011355,0.005809390166547952,0.09158199999999979,0.07867200000517102,-0.3233389999987419,0.0013669999999999989,0.002652000000027459,-0.0017169999999575886
1008,2.0176215789979324,0.08510981349757754,-0.5236020020025894,-1.7846548609580586,0.033339115538708844,-0.007213050955489151,0.003928478317899217,0.09158199999999979,0.07867200000517102,-0.3233389999987419,0.0013669999999999989,0.002652000000027459,-0.0017169999999575886
1009,2.019681539000885,-0.34960282172146084,-0.9387566506778741,-1.8388610071544575,0.04922411247319714,-0.011849643458324614,-0.00022687719405266714,0.07158199999999987,0.10867200000357176,-0.22333899999826212,-0.0016329999999999997,0.002651999999995474,0.0002830000000424132
1010,2.0216212540035485,-0.002730261572924405,-0.6516611546797654,-1.6029926084617967,0.04608768494935036,-0.002654485828102167,0.009857701314286009,0.07158199999999987,0.10867200000357176,-0.22333899999826212,-0.0016329999999999997,0.002651999999995474,0.0002830000000424132
1011,2.0236131370038493,0.14435209400993995,-0.7336100085571909,-2.470091450863575,0.0213798217011029,0.01901963901622614,-0.011723032785079902,0.07158199999999987,0.10867200000357176,-0.22333899999826212,-0.0016329999999999997,0.002651999999995474,0.0002830000000424132
1012,2.025612823999836,-0.2851633518182353,-0.8204201115651785,-2.5693659131327173,0.011788150808786903,0.02900758668636922,-0.0034260276993511103,0.07158199999999987,0.10867200000357176,-0.22333899999826212,-0.0016329999999999997,0.002651999999995474,0.0002830000000424132
1013,2.0276442100002896,-0.17885703796596417,-1.0162096566668875,-2.1094316190612106,0.05851863273392819,-0.0071411974438908635,0.008953561722545814,0.11158199999999988,0.10867200000325195,-0.20334099999826213,-0.005632999999999998,-0.001348000000036511,0.0022829999999784455
1014,2.029629370001203,-0.12933142505209017,-0.8802161183605678,-2.284413886367565,0.04181090814671327,-0.0025647744981613764,-0.010774508115466618,0.11158199999999988,0.10867200000325195,-0.20334099999826213,-0.005632999999999998,-0.001348000000036511,0.0022829999999784455
1015,2.0316277250021813,-0.20906043838809993,-0.8988681102286893,-2.000007406891376,0.049030113000586954,-0.016454080570320308,0.00037577307708856094,0.11158199999999988,0.10867200000325195,-0.20334099999826213,-0.005632999999999998,-0.001348000000036511,0.0022829999999784455
1016,2.0336358880012995,0.7131247815782796,-0.8491018977175686,-2.086245128048148,0.035127830135608766,0.01011239977817418,0.0010417702406193615,0.11158199999999988,0.10867200000325195,-0.20334099999826213,-0.005632999999999998,-0.001348000000036511,0.0022829999999784455
1017,2.0356321680010296,0.15013288302455863,-0.8845460116312192,-1.8474794918828434,0.045189735183912554,-0.009669317783462495,0.002678790272386933,0.12158199999999995,0.13867200000101293,-0.06333899999778236,-0.007632999999999998,-0.0043480000000525034,0.003282999999930469
1018,2.037635542001226,0.1370301496420813,-0.550424501237467,-2.07967425308446,0.03849275419925592,-0.008883577706273056,0.0024550305142509604,0.12158199999999995,0.13867200000101293,-0.06333899999778236,-0.007632999999999998,-0.0043480000000525034,0.003282999999930469
1019,2.03964546899806,0.09530984528774677,-0.630370634813037,-1.7363828846757603,0.03787433612113474,-0.0013415649651435852,0.00355620181527567,0.12158199999999995,0.13867200000101293,-0.06333899999778236,-0.007632999999999998,-0.0043480000000525034,0.003282999999930469
1020,2.0416582000034396,-0.11373832432996553,-0.9425724944990765,-2.4912420803372006,0.030404193967614478,0.02626508916912815,-0.0051428827998239775,0.12158199999999995,0.13867200000101293,-0.06333899999778236,-0.007632999999999998,-0.0043480000000525034,0.003282999999930469
1021,2.0436515449982835,0.4596186642528023,-0.8418792994895844,-2.598902676336378,0.017039961367624604,0.03183149972750578,-0.0004630041133701748,0.13158199999999998,0.13867200000085303,-0.05333899999778236,-0.007632999999999997,-0.006348000000068497,0.004282999999898484
1022,2.045623901001818,0.45043754960671106,-0.9022384673426006,-2.0381636398072085,0.048679319514581626,0.00033097391425038946,0.005027617798788779,0.13158199999999998,0.13867200000085303,-0.05333899999778236,-0.007632999999999997,-0.006348000000068497,0.004282999999898484
1023,2.0476463710001553,-0.37641506364647487,-0.45799640911055023,-2.2294460468202777,0.037690287941358404,-0.01648836914495469,0.00072987335928262,0.13158199999999998,0.13867200000085303,-0.05333899999778236,-0.007632999999999997,-0.006348000000068497,0.004282999999898484
1024,2.04963730199961,-0.39385192689796283,-0.7879521568584785,-2.066395930015398,0.04859337002480976,-0.016810914945558437,0.005786299686519316,0.13158199999999998,0.13867200000085303,-0.05333899999778236,-0.007632999999999997,-0.006348000000068497,0.004282999999898484
1025,2.051659821998328,-0.05017542847349647,-0.7953769192362783,-2.1402022190966923,0.051373285169279616,-0.013273016383781295,0.0015263593612236434,0.12158199999999984,0.1286720000037317,-0.23333899999794228,-0.005632999999999998,-0.0043480000000525034,0.003282999999930468
1026,2.053633149000234,-0.4620287319889322,-0.9921859421979942,-2.322057845789408,0.053330319027588266,-0.018627850182315536,0.004957605639275078,0.12158199999999984,0.1286720000037317,-0.23333899999794228,-0.005632999999999998,-0.0043480000000525034,0.003282999999930468
1027,2.0556370850026724,-0.23543981835049071,-0.658446943714977,-2.451236942815989,0.025002642102807584,0.011117121322159848,0.0038994716688583553,0.12158199999999984,0.1286720000037317,-0.23333899999794228,-0.005632999999999998,-0.0043480000000525034,0.003282999999930468
1028,2.057626772999356,-0.18707147195157428,-0.9657732999780919,-3.1594383349339674,0.022709479190204204,0.018144023736990932,-0.0011761301010911227,0.12158199999999984,0.1286720000037317,-0.23333899999794228,-0.005632999999999998,-0.0043480000000525034,0.003282999999930468
1029,2.0596306980005465,-0.3135454544285943,-1.1244883966366148,-2.4742875737047068,0.03669821246169529,-0.003432683687936603,-0.005141571696074541,0.1115819999999998,0.09867200000501108,-0.313338999998422,-0.004632999999999998,-0.003348000000036511,0.00228299999994646
1030,2.0616221300006146,-0.2099700269910574,-0.9774891817982948,-1.872969591168803,0.04811392964638328,-0.007965515535447136,0.0004517680080971945,0.1115819999999998,0.09867200000501108,-0.313338999998422,-0.004632999999999998,-0.003348000000036511,0.00228299999994646
1031,2.063624211004935,-0.23901068399299447,-0.9258060365101135,-1.983685770404099,0.04806140632942726,-0.017657430156928475,-0.004177451521443497,0.1115819999999998,0.09867200000501108,-0.313338999998422,-0.004632999999999998,-0.003348000000036511,0.00228299999994646
1032,2.065624820002995,0.0022520915847040923,-0.8861899965633131,-2.1534731958309683,0.044458758647885205,-0.0010499094125549226,-7.19332963981563e-05,0.1115819999999998,0.09867200000501108,-0.313338999998422,-0.004632999999999998,-0.003348000000036511,0.00228299999994646
1033,2.0676520589986467,-0.3062182365692343,-0.7134332640047341,-2.110532312697547,0.054899052729809286,-0.01968470508349313,0.0030468929956190827,0.08158199999999974,0.06867200000661035,-0.4133399999989018,0.0023669999999999993,0.002652000000027459,-0.0017169999999575893
1034,2.0696350350044668,-0.20612390262483796,-1.2144207253517452,-1.4742116391082938,0.06346401467281261,-0.010424052121339908,-0.00045945354146670727,0.08158199999999974,0.06867200000661035,-0.4133399999989018,0.0023669999999999993,0.002652000000027459,-0.0017169999999575893
1035,2.071629842997936,0.18181362303914914,-0.9623638342467117,-2.39228975286221,0.03891869467260454,0.0015606170423066112,-0.0007195129236364899,0.08158199999999974,0.06867200000661035,-0.4133399999989018,0.0023669999999999993,0.002652000000027459,-0.0017169999999575893
1036,2.073623579002742,0.12550945275098532,-0.5492493216071905,-2.830374710093186,0.007766088492603203,0.03835664996147703,-0.011361891692097139,0.08158199999999974,0.06867200000661035,-0.4133399999989018,0.0023669999999999993,0.002652000000027459,-0.0017169999999575893
1037,2.075636410001607,0.20068347236402304,-0.5801569977073633,-3.0360249025128465,0.006176107106408173,0.036626171706683426,-0.011843069125255618,0.11158199999999968,0.058672000008209615,-0.5133399999990618,-0.0006330000000000004,0.0006520000000114666,-0.0007169999999895724
1038,2.0776278220000677,-0.1312879727744538,-0.7231156653852565,-1.8462315488432142,0.04906488934311991,-0.012858421808414082,-0.012308262567987263,0.11158199999999968,0.058672000008209615,-0.5133399999990618,-0.0006330000000000004,0.0006520000000114666,-0.0007169999999895724
1039,2.079622869998275,-0.5775145771891668,-0.8423448816680126,-1.857843277494068,0.04875034080100045,-0.01939970515875093,-0.006430782434899205,0.11158199999999968,0.058672000008209615,-0.5133399999990618,-0.0006330000000000004,0.0006520000000114666,-0.0007169999999895724
1040,2.0816234490048373,-0.06732620562427738,-0.942211242203856,-2.174872222181295,0.03683057995651617,-0.001019284505999719,-0.006019249859571787,0.11158199999999968,0.058672000008209615,-0.5133399999990618,-0.0006330000000000004,0.0006520000000114666,-0.0007169999999895724
1041,2.08363694199943,-0.31933546130248464,-0.6293128256222899,-2.2481130316560827,0.05127340626132317,-0.021882246545992537,0.0026897981136460116,0.11158199999999974,0.07867200000661036,-0.4133399999987419,-0.001632999999999999,-0.0003480000000205184,0.0012829999999944357
1042,2.085625578001782,0.2992197835353269,-0.9264472626485915,-1.945168288056443,0.05395031796890805,-0.001988683232984524,-0.002803746661754374,0.11158199999999974,0.07867200000661036,-0.4133399999987419,-0.001632999999999999,-0.0003480000000205184,0.0012829999999944357
1043,2.087678695002978,-0.4153334180072647,-0.5978959128997697,-2.1018286334893004,0.019505207971464742,-4.040661549616663e-05,-0.007796385241046819,0.11158199999999974,0.07867200000661036,-0.4133399999987419,-0.001632999999999999,-0.0003480000000205184,0.0012829999999944357
1044,2.0896248420031043,0.11394451977821413,-0.621148449609945,-2.9182704182834023,0.009783038117341505,0.030087880551553373,-0.012615523740539147,0.11158199999999974,0.07867200000661036,-0.4133399999987419,-0.001632999999999999,-0.0003480000000205184,0.0012829999999944357
1045,2.091637564000848,-0.14994450642120938,-0.7563570445943445,-2.699797244857065,0.013904484476255754,0.021086579048686566,-0.013543191289814181,0.08158199999999986,0.06867200000357175,-0.22333899999890183,-0.0016329999999999997,-0.0003480000000045259,0.0002829999999944356
1046,2.0936215620022267,-0.1967024589288864,-0.9409998418565987,-2.7855742377877837,0.018617505674259103,0.02887893856055239,-0.012619274492432999,0.08158199999999986,0.06867200000357175,-0.22333899999890183,-0.0016329999999999997,-0.0003480000000045259,0.0002829999999944356
1047,2.0956264380001812,-0.08540819862135696,-0.44580446763754594,-2.877247150843589,0.012571506043954288,0.02344154850048536,-0.010015775185492492,0.08158199999999986,0.06867200000357175,-0.22333899999890183,-0.0016329999999999997,-0.0003480000000045259,0.0002829999999944356
1048,2.097622257999319,-0.5132181845456333,-0.7982473950965396,-2.6744119827399615,0.015524913954819848,0.013073459562102789,-0.007638547380970302,0.08158199999999986,0.06867200000357175,-0.22333899999890183,-0.0016329999999999997,-0.0003480000000045259,0.0002829999999944356
1049,2.099661559004744,-0.11515493956260624,-1.4729973982056108,-1.8903483566127735,0.07298900941108857,-0.008503823709101608,0.001907949012450978,0.09158199999999984,0.07867200000373169,-0.2333389999987419,0.00036700000000000014,0.002651999999995474,0.000283000000042412
1050,2.1016460780010675,-0.20439852878418668,-1.0230965807405359,-1.9361719206318304,0.05299446925772824,-0.01721730250985171,-0.014707903050706288,0.09158199999999984,0.07867200000373169,-0.2333389999987419,0.00036700000000000014,0.002651999999995474,0.000283000000042412
1051,2.1036475979999523,-0.20905253195770251,-0.7667036057221611,-2.2785493149194354,0.04163407244352894,-0.014699826061508135,0.004648528281744071,0.09158199999999984,0.07867200000373169,-0.2333389999987419,0.00036700000000000014,0.002651999999995474,0.000283000000042412
1052,2.1056688759999815,-0.32428649098477424,-0.6443695944360861,-1.823460178368529,0.04731427325550156,-0.025163715417525642,0.0004580021368769798,0.09158199999999984,0.07867200000373169,-0.2333389999987419,0.00036700000000000014,0.002651999999995474,0.000283000000042412
1053,2.1076568010030314,-0.19348391960900085,-0.6089488312120781,-2.246855729473869,0.03423091933060066,0.001559709061469024,0.002363415282014509,0.14158199999999968,0.11867200000836954,-0.5233399999981022,-0.0016330000000000003,0.0026520000000114664,-0.0007169999999575867
1054,2.109685713003273,0.10424005870113127,-0.6589155954843322,-2.6786051140787404,0.020932569965062,0.01570265167356457,-0.006219047602869305,0.14158199999999968,0.11867200000836954,-0.5233399999981022,-0.0016330000000000003,0.0026520000000114664,-0.0007169999999575867
1055,2.111680891001015,-0.35404453254402385,-1.027643000793569,-1.886012449716207,0.04908031917574777,-0.01213331957915092,0.0037261755664731557,0.14158199999999968,0.11867200000836954,-0.5233399999981022,-0.0016330000000000003,0.0026520000000114664,-0.0007169999999575867
1056,2.113664468000934,-0.7052787124132299,-1.2223342453365695,-1.664192763069708,0.059117684517131334,-0.020897045373521803,-0.0009458669565570423,0.14158199999999968,0.11867200000836954,-0.5233399999981022,-0.0016330000000000003,0.0026520000000114664,-0.0007169999999575867
1057,2.115658405004069,-0.0006588234829286923,-0.9903659603672327,-2.1575854317843564,0.04731919322494905,0.005223422906095803,-0.0006914980935215893,0.13158199999999984,0.11867200000421148,-0.26333999999810226,-0.005632999999999999,-0.002348000000020518,0.001282999999962453
1058,2.11766845099919,0.09647719509651187,-0.7903819003748223,-1.8900234822969104,0.04478200851980716,-0.00972318120407506,0.00853049048861909,0.13158199999999984,0.11867200000421148,-0.26333999999810226,-0.005632999999999999,-0.002348000000020518,0.001282999999962453
1059,2.119648482002958,-0.4633357262467957,-0.9608574474629021,-2.188873286662217,0.060021573134456205,-0.02131047740508928,0.004742746265377382,0.13158199999999984,0.11867200000421148,-0.26333999999810226,-0.005632999999999999,-0.002348000000020518,0.001282999999962453
1060,2.121667134000745,-0.19412328092849496,-0.49968346743680875,-2.598493104209854,0.0054545284559878535,0.01692539689567037,-0.01515532013571357,0.13158199999999984,0.11867200000421148,-0.26333999999810226,-0.005632999999999999,-0.002348000000020518,0.001282999999962453
1061,2.123675959002867,-0.20275372628847843,-0.621573562727356,-1.863446108025001,0.032106492195480105,-0.006978500024474275,0.001510275263083822,0.12158199999999976,0.07867200000597067,-0.3733409999987419,-0.0006330000000000004,0.0016520000000114668,-0.0007169999999735799
1062,2.125670216002618,-0.39322151341616485,-0.8844265389322895,-1.8748398489647078,0.048765911473721356,-0.015375152535108284,0.0031599963251777554,0.12158199999999976,0.07867200000597067,-0.3733409999987419,-0.0006330000000000004,0.0016520000000114668,-0.0007169999999735799
1063,2.12763078900025,0.20204977777184854,-0.8232786691289747,-1.960647428141026,0.04985002634078561,5.055208144744912e-05,0.003619209797583171,0.12158199999999976,0.07867200000597067,-0.3733409999987419,-0.0006330000000000004,0.0016520000000114668,-0.0007169999999735799
1064,2.1296328509997693,0.32879250234133206,-0.9124638507997574,-1.9351567822681415,0.050070650915574604,0.009558483077094516,-0.0012059252123131103,0.12158199999999976,0.07867200000597067,-0.3733409999987419,-0.0006330000000000004,0.0016520000000114668,-0.0007169999999735799
1065,2.1316601900034584,0.14962262032270907,-1.094877547749619,-2.0325793613748306,0.062274129848374014,-0.0023758184065557596,0.0004357727635107074,0.11158199999999986,0.04867200000341187,-0.21334099999922168,-0.004632999999999998,-0.001348000000036511,0.0022829999999784446
1066,2.1336487459993805,-0.33795736645565433,-0.6684634328020498,-2.3818208681395583,0.020223679424323765,0.01578455406395395,-0.006638054105037707,0.11158199999999986,0.04867200000341187,-0.21334099999922168,-0.004632999999999998,-0.001348000000036511,0.0022829999999784446
1067,2.1356484229982016,0.2746002849201018,-0.7369793319989544,-2.045776262917283,0.03915621962153201,0.0024078332147898385,0.0006051180437948065,0.11158199999999986,0.04867200000341187,-0.21334099999922168,-0.004632999999999998,-0.001348000000036511,0.0022829999999784446
1068,2.137672636003117,0.6881639191106858,-0.6623429495227099,-1.8482464348252263,0.039855248023379405,0.017781658098144276,-0.0010982155507819164,0.11158199999999986,0.04867200000341187,-0.21334099999922168,-0.004632999999999998,-0.001348000000036511,0.0022829999999784446
1069,2.1396556320032687,-0.5271643545495495,-1.0097435477066592,-1.8009376725767137,0.04898621060260006,-0.021805983818307322,-0.002142520083098151,0.11158199999999972,0.07867200000693021,-0.4333399999987419,-0.002632999999999999,-0.0003480000000205184,0.0012829999999944364
1070,2.141672641999321,-0.01913529192586354,-1.314939235276206,-2.003596002068347,0.06209407388829698,-0.006728458734484757,1.0832248505742755e-05,0.11158199999999972,0.07867200000693021,-0.4333399999987419,-0.002632999999999999,-0.0003480000000205184,0.0012829999999944364
1071,2.143654345003597,0.01846500754550186,-0.6646289761494336,-2.1191051687334785,0.028348995404523153,0.00802894420841993,6.67972788042451e-05,0.11158199999999972,0.07867200000693021,-0.4333399999987419,-0.002632999999999999,-0.0003480000000205184,0.0012829999999944364
1072,2.145670333004091,-0.43792237718850957,-0.6610245692165534,-1.6148646228344397,0.04487667735722098,-0.009927082447722928,0.005326717870299837,0.11158199999999972,0.07867200000693021,-0.4333399999987419,-0.002632999999999999,-0.0003480000000205184,0.0012829999999944364
1073,2.1476624560018536,-0.07673684014113806,-0.4635545083419503,-1.7672892729477065,0.03053024114863604,-0.00937586669955696,0.00597589087495724,0.11158199999999978,0.1186720000056508,-0.35333999999810217,-0.006632999999999998,-0.002348000000036511,0.0022829999999624535
1074,2.14967259200057,-0.1495472340454419,-1.2361759021789605,-2.1819105551405995,0.06081291482417497,-0.010231083494054494,-0.000629695016791029,0.11158199999999978,0.1186720000056508,-0.35333999999810217,-0.006632999999999998,-0.002348000000036511,0.0022829999999624535
1075,2.151653184002498,-0.4612231931527495,-1.018240586156454,-1.9503121817231657,0.051696416435688716,-0.017465987543446117,0.00022719032897786933,0.11158199999999978,0.1186720000056508,-0.35333999999810217,-0.006632999999999998,-0.002348000000036511,0.0022829999999624535
1076,2.153665584002738,-0.08980756199577178,-0.7210046745286722,-2.162436998351533,0.03504350834591727,-0.0017375999914803616,-0.006898843356925647,0.11158199999999978,0.1186720000056508,-0.35333999999810217,-0.006632999999999998,-0.002348000000036511,0.0022829999999624535
1077,2.1556555229981313,0.06050741472735872,-1.0463452590710098,-1.8262402100927648,0.047062608336307904,-0.005228204126328092,0.00753847161608962,0.09158199999999989,0.08867200000293207,-0.18333999999858197,-0.0016329999999999984,-0.000348000000036511,0.0022829999999944353
1078,2.15768367399869,-0.4476592350857322,-0.8833663552549101,-1.9726786777826808,0.04175813102711979,-0.016661032567882293,0.000515531824619098,0.09158199999999989,0.08867200000293207,-0.18333999999858197,-0.0016329999999999984,-0.000348000000036511,0.0022829999999944353
1079,2.159671558998525,-0.21283844308311614,-1.1883079183670102,-2.0720682756013526,0.06071180852593792,-0.00903020381463681,0.005748781149272518,0.09158199999999989,0.08867200000293207,-0.18333999999858197,-0.0016329999999999984,-0.000348000000036511,0.0022829999999944353
1080,2.1616628100018715,0.22606419357303598,-0.6791372775112031,-1.9441981372433426,0.04506473778669011,0.006271230188797668,-0.00533773271509093,0.09158199999999989,0.08867200000293207,-0.18333999999858197,-0.0016329999999999984,-0.000348000000036511,0.0022829999999944353
1081,2.1636527390000992,0.06827793389921856,-1.2758925666201293,-1.8566266136207599,0.05143017862842406,-0.008385739891557876,-0.0009145111508322124,0.0915819999999998,0.05867200000485116,-0.3033389999990618,0.0033669999999999993,0.005652000000027459,-0.0017169999999096122
1082,2.1656619330024114,-0.30892251753781913,-0.9897855468703165,-2.216373658140759,0.0358511517260602,-0.003104625722835462,-0.01219014392912587,0.0915819999999998,0.05867200000485116,-0.3033389999990618,0.0033669999999999993,0.005652000000027459,-0.0017169999999096122
1083,2.167632967000827,0.20406911658848004,-0.6919514953358687,-2.7547327066881584,0.018624826813912698,0.030497082190040013,-0.008825348459876614,0.0915819999999998,0.05867200000485116,-0.3033389999990618,0.0033669999999999993,0.005652000000027459,-0.0017169999999096122
1084,2.169665214998531,0.11442931216179092,-0.9914506840283753,-1.8980196308261759,0.05715188183329416,-0.004064848058047085,0.01658897721640151,0.0915819999999998,0.05867200000485116,-0.3033389999990618,0.0033669999999999993,0.005652000000027459,-0.0017169999999096122
1085,2.1716455159985344,-0.34691497270171157,-0.8546090638070333,-2.074509656443778,0.033842398097150214,-0.01800027623449778,-0.0016112998052806883,0.10158199999999983,0.06867200000453132,-0.2833399999989018,-0.0006330000000000004,0.0016520000000114668,-0.0007169999999735799
1086,2.173653228004696,0.28246128048337793,-0.8505078710369383,-1.8295409541531795,0.04883451541169808,0.0012612801379636265,0.0034629562817064595,0.10158199999999983,0.06867200000453132,-0.2833399999989018,-0.0006330000000000004,0.0016520000000114668,-0.0007169999999735799
1087,2.1756414940027753,0.4933265919492264,-0.8224240144883901,-1.902657203795261,0.0413738648539967,0.010975675266267313,0.003215585086336809,0.10158199999999983,0.06867200000453132,-0.2833399999989018,-0.0006330000000000004,0.0016520000000114668,-0.0007169999999735799
1088,2.1776644040000974,-0.3400272853392762,-0.8837526889345395,-1.7376531553943906,0.0471220185515295,-0.01565284944576122,0.0038451722040054245,0.10158199999999983,0.06867200000453132,-0.2833399999989018,-0.0006330000000000004,0.0016520000000114668,-0.0007169999999735799
1089,2.1796512170039932,-0.08757207469021212,-0.6307560940965579,-2.0590432995397614,0.030992417308622514,-0.0006703746517865968,-0.007168016190245139,0.11158199999999974,0.06867200000661035,-0.4133399999989018,-0.0016329999999999997,0.0006519999999954741,0.0002830000000104282
1090,2.1816602120015887,0.1118054078666504,-0.7022939783549302,-2.273037487676628,0.03232844922093057,0.007409083844546471,0.002121593236240897,0.11158199999999974,0.06867200000661035,-0.4133399999989018,-0.0016329999999999997,0.0006519999999954741,0.0002830000000104282
1091,2.1836475460004294,-0.15729772772389874,-0.8146193867499258,-1.6667823964264894,0.042866851169489274,-0.012338846082589316,0.0013696499530029896,0.11158199999999974,0.06867200000661035,-0.4133399999989018,-0.0016329999999999997,0.0006519999999954741,0.0002830000000104282
1092,2.1856284280002,-0.013666619026728345,-1.1731652914525057,-1.7265178396302574,0.05932698804292357,-0.004055618965094064,0.013326344337867774,0.11158199999999974,0.06867200000661035,-0.4133399999989018,-0.0016329999999999997,0.0006519999999954741,0.0002830000000104282
1093,2.187697074004973,-0.02710071660172607,-0.7080592848847073,-2.0441404088970465,0.038751056730139385,-0.005172564411838366,0.0027385185891176667,0.10158199999999981,0.08867200000485116,-0.303338999998582,-0.002633,0.0006519999999954741,0.00028300000001042877
1094,2.1896750700034318,-0.046168691328023544,-1.145883063506559,-2.096688668358782,0.060078647394165505,-0.012392048567208937,0.0014363216018103539,0.10158199999999981,0.08867200000485116,-0.303338999998582,-0.002633,0.0006519999999954741,0.00028300000001042877
1095,2.1916239830025006,0.37658633633959654,-1.0461548029480232,-2.1388994310691714,0.052053612276104645,0.003911111069234751,0.010757448616591166,0.10158199999999981,0.08867200000485116,-0.303338999998582,-0.002633,0.0006519999999954741,0.00028300000001042877
1096,2.1936309130032896,0.062150617808994016,-0.4425421562186603,-1.6695392992643145,0.04446158671573642,-0.005257243286979961,0.006152986201589467,0.10158199999999981,0.08867200000485116,-0.303338999998582,-0.002633,0.0006519999999954741,0.00028300000001042877
1097,2.1956515800047782,-0.03582274124103446,-0.473566084306778,-2.470333787104537,0.02512512327298633,0.013055274795141625,-0.004272574117293783,0.10158199999999996,0.07867200000101296,-0.0633389999987419,-0.004632999999999998,-0.0043480000000525034,0.0032829999999304674
1098,2.1976477799980785,0.12073688523522293,-0.32211201046728427,-2.7305482703589705,0.005262989428247349,0.025293094559055075,-0.009872889876437174,0.10158199999999996,0.07867200000101296,-0.0633389999987419,-0.004632999999999998,-0.0043480000000525034,0.0032829999999304674
1099,2.199643851003202,-0.25315975543861385,-0.5398387760302755,-2.518097009930683,0.022043910547971654,0.012210804327697602,0.00034135421681043423,0.10158199999999996,0.07867200000101296,-0.0633389999987419,-0.004632999999999998,-0.0043480000000525034,0.0032829999999304674
1100,2.2016592670042883,-0.23145578088713797,-0.7951608811405517,-2.4326287709978924,0.02977148593047795,0.00869271393634594,0.000373007268585215,0.10158199999999996,0.07867200000101296,-0.0633389999987419,-0.004632999999999998,-0.0043480000000525034,0.0032829999999304674
1101,2.2036514400024316,0.1933597873012408,-0.7285802160901049,-2.7097786831257524,0.029503440507697012,0.013448507176439483,0.005130446319202626,0.08158199999999992,0.07867200000213244,-0.1333389999987419,-0.002633,-0.0003480000000045259,0.00028299999999443625
1102,2.2056681890026084,-0.1642420167687436,-0.8533494199690749,-1.9466229775276491,0.02540651439045358,0.006196787737104549,-0.0038128993121562173,0.08158199999999992,0.07867200000213244,-0.1333389999987419,-0.002633,-0.0003480000000045259,0.00028299999999443625
1103,2.2076436810020823,0.21740748472472157,-0.4929609811320146,-2.5729072456094038,0.014829599074630287,0.023050579956083738,0.004259894022672202,0.08158199999999992,0.07867200000213244,-0.1333389999987419,-0.002633,-0.0003480000000045259,0.00028299999999443625
1104,2.209670559001097,-0.2577433191082216,-0.9039279068995769,-2.4705884684838155,0.016820526505323983,0.015200194493765851,-0.008623652020720643,0.08158199999999992,0.07867200000213244,-0.1333389999987419,-0.002633,-0.0003480000000045259,0.00028299999999443625
1105,2.2116926279995823,-0.24147982559466463,-0.8024489060221459,-2.734569819718134,0.020897296922259286,0.016887932101078387,-0.004305145662421296,0.10158199999999988,0.068672000003092,-0.19333999999890183,-0.001632999999999999,-0.002348000000020518,0.0012829999999624507
1106,2.2136751930011087,-0.1733477333036915,-0.7508457364633051,-3.075724388476913,0.019193596730786203,0.015213829418124476,-0.0125233965832205,0.10158199999999988,0.068672000003092,-0.19333999999890183,-0.001632999999999999,-0.002348000000020518,0.0012829999999624507
1107,2.215643411000201,0.4206281708460224,-0.4907667114657569,-2.5410402946533885,0.002100407573926035,0.035339831156458744,-0.011758020057650035,0.10158199999999988,0.068672000003092,-0.19333999999890183,-0.001632999999999999,-0.002348000000020518,0.0012829999999624507
1108,2.2176606210050522,-0.13045182565149932,-0.7322879258756841,-2.4720563480331257,0.02047693993928637,0.009467231467695627,-0.015967331198594455,0.10158199999999988,0.068672000003092,-0.19333999999890183,-0.001632999999999999,-0.002348000000020518,0.0012829999999624507
1109,2.2197224440024,0.05070481358469694,-0.43791817259355004,-2.397725896188747,0.012819896184323765,0.011118748721222718,-0.011466320896113137,0.19158199999999984,0.07867200000453133,-0.28333999999874193,-0.006632999999999998,-0.0063480000000525035,0.0032829999998984834
1110,2.221662349998951,-0.029544112444100868,-0.7004383588130566,-2.5095623521965456,0.016097836430538408,0.013689962129199216,-0.002371898275677882,0.19158199999999984,0.07867200000453133,-0.28333999999874193,-0.006632999999999998,-0.0063480000000525035,0.0032829999998984834
1111,2.2236341149982763,0.049515418046693765,-0.6908043171319999,-2.642396944859349,0.011759307566678544,0.03216315890923595,-0.015108950120590804,0.19158199999999984,0.07867200000453133,-0.28333999999874193,-0.006632999999999998,-0.0063480000000525035,0.0032829999998984834
1112,2.2256566139985807,-0.13919424436789357,-0.5960507007932515,-1.6380465544873242,0.04211093495176211,-0.013963348101325667,0.011424383490403948,0.19158199999999984,0.07867200000453133,-0.28333999999874193,-0.006632999999999998,-0.0063480000000525035,0.0032829999998984834
1113,2.2276600080003846,0.3507369956721027,-0.7862954712532902,-1.9881328454175562,0.04270137140119193,0.0068430614209972224,0.0009703172633481511,0.1415819999999998,0.09867200000533095,-0.3333399999984221,-0.004633,-0.0023480000000045257,0.00028299999996245245
1114,2.2296649950003484,0.1657442083237519,-0.8133298692047636,-2.155066972870636,0.04042597747667501,-0.00772296319846747,0.013161572631875857,0.1415819999999998,0.09867200000533095,-0.3333399999984221,-0.004633,-0.0023480000000045257,0.00028299999996245245
1115,2.231645476000267,-0.26806529511928884,-0.7885221544467464,-1.9416774364961125,0.04281603234795803,-0.009048675585348694,-0.00022948857195709748,0.1415819999999998,0.09867200000533095,-0.3333399999984221,-0.004633,-0.0023480000000045257,0.00028299999996245245
1116,2.23366420900129,0.08142519721051111,-0.969249007536712,-2.01878106885721,0.056064031542022524,-0.011262716452872539,0.002085997475356314,0.1415819999999998,0.09867200000533095,-0.3333399999984221,-0.004633,-0.0023480000000045257,0.00028299999996245245
1117,2.235658286001126,0.19203636478969463,-1.1905674055425244,-1.814096934345506,0.05774054073070027,-0.0007026174014712695,0.013718209127890093,0.13158199999999973,0.05867200000725008,-0.45334099999906174,0.00036700000000000014,0.0006519999999954741,0.0002830000000104269
1118,2.23766994500329,-0.4237522449153617,-0.8200683063026237,-2.0909337501873333,0.037457246028195876,-0.005574666912282765,-0.0005572032656737526,0.13158199999999973,0.05867200000725008,-0.45334099999906174,0.00036700000000000014,0.0006519999999954741,0.0002830000000104269
1119,2.2396528710014536,-0.069099066271278,-0.4465301298116849,-2.904150269907816,0.0026092145811047697,0.02176396925630134,-0.009971652758551783,0.13158199999999973,0.05867200000725008,-0.45334099999906174,0.00036700000000000014,0.0006519999999954741,0.0002830000000104269
1120,2.24166063300072,-0.3865026586427705,-0.648566088006073,-2.5399286934097405,0.016721636122282845,0.011276235404741717,-0.006554406187588399,0.13158199999999973,0.05867200000725008,-0.45334099999906174,0.00036700000000000014,0.0006519999999954741,0.0002830000000104269
1121,2.24365380800009,0.13733586337599363,-0.5007192928739123,-2.285988629786936,0.008160028627785774,0.029245091520825092,-0.016180908486496722,0.15158199999999977,0.08867200000581073,-0.363339999998582,-0.004632999999999998,-0.0023480000000525034,0.0032829999999624522
1122,2.245627256001171,0.09570443343552795,-0.4065405162016274,-2.647459268195385,0.003917829908027665,0.030626773323445218,-0.004853036046602533,0.15158199999999977,0.08867200000581073,-0.363339999998582,-0.004632999999999998,-0.0023480000000525034,0.0032829999999624522
1123,2.247633726001368,0.28834723245332006,-0.7986002613686098,-2.1209854228976965,0.03931223544550892,0.02037477494029447,-0.004901869611464614,0.15158199999999977,0.08867200000581073,-0.363339999998582,-0.004632999999999998,-0.0023480000000525034,0.0032829999999624522
1124,2.249618776004354,-0.23566842651776454,-1.0684624973726529,-2.006894330566668,0.03443841760018219,0.003515735536664169,-0.011871049163703825,0.15158199999999977,0.08867200000581073,-0.363339999998582,-0.004632999999999998,-0.0023480000000525034,0.0032829999999624522
1125,2.2516362460009987,0.3432890085461886,-0.566458818907441,-2.3977426638409938,0.01464481593479962,0.02083485936206161,-0.005346805026971612,0.15158199999999974,0.09867200000661035,-0.4133399999984221,-0.004632999999999997,-0.002348000000068496,0.004282999999962453
1126,2.253621807001764,0.2242065079387156,-0.8277103892760028,-2.254480801514614,0.02698647910748977,0.018852184425137093,-0.006273402596060167,0.15158199999999974,0.09867200000661035,-0.4133399999984221,-0.004632999999999997,-0.002348000000068496,0.004282999999962453
1127,2.2556198009988293,-0.36801806709445556,-1.0713252879681872,-1.5976936475157808,0.05506449744547472,-0.01869699014598407,0.00841340665252169,0.15158199999999974,0.09867200000661035,-0.4133399999984221,-0.004632999999999997,-0.002348000000068496,0.004282999999962453
1128,2.257627372004208,0.0164696215316858,-0.8158662223586017,-1.798997114807911,0.04816808012973217,-0.0022453757729381215,-0.0023486391573310427,0.15158199999999974,0.09867200000661035,-0.4133399999984221,-0.004632999999999997,-0.002348000000068496,0.004282999999962453
1129,2.259631218003051,0.1426490005268783,-0.8942965089368288,-1.792565536157706,0.045507551201426355,0.004348825301198364,0.0036187138827341618,0.1315819999999998,0.06867200000485116,-0.30333899999890185,-0.005632999999999997,-0.004348000000068497,0.004282999999930468
1130,2.2616280689981068,-0.1176598568512106,-0.5880790587575804,-1.9009494966918767,0.04624445811176298,-0.021162933265259313,0.005562609087701808,0.1315819999999998,0.06867200000485116,-0.30333899999890185,-0.005632999999999997,-0.004348000000068497,0.004282999999930468
1131,2.2636494370017317,0.35831449476165045,-0.8903771454951745,-1.836158409703386,0.04451516355266017,-0.0055114147763238594,-0.0023792519809708998,0.1315819999999998,0.06867200000485116,-0.30333899999890185,-0.005632999999999997,-0.004348000000068497,0.004282999999930468
1132,2.2656599740003003,-0.41174946809845425,-0.7696734632643474,-1.9987566677732995,0.04390222620001729,-0.012363783018724041,0.002521193933811292,0.1315819999999998,0.06867200000485116,-0.30333899999890185,-0.005632999999999997,-0.004348000000068497,0.004282999999930468
1133,2.2676511660029064,0.5538706389163454,-0.5168916061398864,-2.7582543610494423,0.018873317501527962,0.0336554937822521,-0.0006699741519554631,0.11158199999999967,0.06867200000852945,-0.5333399999989019,-0.001632999999999999,0.0016519999999794815,0.0012830000000264208
1134,2.2696586169986404,-0.44644591058017663,-0.25136565176757314,-2.6478871153433556,-0.0013713253714985856,0.013780355899193988,-0.0003430337884593479,0.11158199999999967,0.06867200000852945,-0.5333399999989019,-0.001632999999999999,0.0016519999999794815,0.0012830000000264208
1135,2.2716442279997864,0.25470346378922126,-0.7352402131707929,-2.4978212315707364,0.02722951250750467,0.02338112949116237,-0.00690319329736792,0.11158199999999967,0.06867200000852945,-0.5333399999989019,-0.001632999999999999,0.0016519999999794815,0.0012830000000264208
1136,2.2736588830011897,0.24390445616033965,-1.3385870481065902,-2.0184315120880356,0.06025320508682989,0.010582530879850468,0.009740662925209455,0.11158199999999967,0.06867200000852945,-0.5333399999989019,-0.001632999999999999,0.0016519999999794815,0.0012830000000264208
1137,2.2756552240025485,-0.3552710676507938,-1.271176734148376,-2.288995593615516,0.05983913091337337,-0.008782561082253077,0.0024310618047217207,0.10158199999999966,0.09867200000868939,-0.543340999998422,-0.002632999999999999,0.0016519999999794815,0.0012830000000264214
1138,2.277664900000673,-0.12326648835236141,-0.697288861265666,-1.8833339421001176,0.038925587764967844,-0.0004722532844445646,0.0038990583443185463,0.10158199999999966,0.09867200000868939,-0.543340999998422,-0.002632999999999999,0.0016519999999794815,0.0012830000000264214
1139,2.2796491679982864,-0.19420084031329835,-0.9572095958119301,-1.8573457842267476,0.049737347475079,-0.008767481170553076,-0.0027100195938578684,0.10158199999999966,0.09867200000868939,-0.543340999998422,-0.002632999999999999,0.0016519999999794815,0.0012830000000264214
1140,2.281664093003201,0.040836751254233014,-0.9573846172259587,-2.0678859791638584,0.03461400778400614,0.010987095119935338,0.006635213518720742,0.10158199999999966,0.09867200000868939,-0.543340999998422,-0.002632999999999999,0.0016519999999794815,0.0012830000000264214
1141,2.283653090998996,0.08453781933751227,-0.3560091159071876,-2.792408363891384,-0.0007854880378666643,0.03278431412648124,-0.015090448071582841,0.08158199999999975,0.11867200000645041,-0.4033389999981022,-0.0016329999999999997,0.002651999999995474,0.0002830000000424132
1142,2.2856647000007797,0.013090886154868865,-0.9073745411590477,-1.72316226265198,0.046491823153420514,-0.007828731609744503,0.013834567627910245,0.08158199999999975,0.11867200000645041,-0.4033389999981022,-0.0016329999999999997,0.002651999999995474,0.0002830000000424132
1143,2.2876999939981033,-0.2373697571133447,-0.9341156626536582,-1.8633791148781795,0.054955910180726895,-0.012591415469002417,0.012571669494119576,0.08158199999999975,0.11867200000645041,-0.4033389999981022,-0.0016329999999999997,0.002651999999995474,0.0002830000000424132
1144,2.289663121999183,0.023774979860562942,-0.8562731547935458,-1.9518662194488354,0.04506477413114543,0.0016374254654134303,0.011370218202772899,0.08158199999999975,0.11867200000645041,-0.4033389999981022,-0.0016329999999999997,0.002651999999995474,0.0002830000000424132
1145,2.2916667070021504,-0.5466565739350147,-1.1360854106174523,-1.6595780843874475,0.0549441136992904,-0.02115014502427072,0.0025217590335197206,0.1115819999999998,0.07867200000485117,-0.3033389999987419,-0.005632999999999998,-0.0013480000000525036,0.0032829999999784455
1146,2.2936670249982853,-0.16376984939711683,-0.9532658349006939,-2.400378649432582,0.04855317671997838,-0.007086573974958293,0.005315240311886789,0.1115819999999998,0.07867200000485117,-0.3033389999987419,-0.005632999999999998,-0.0013480000000525036,0.0032829999999784455
1147,2.2956500010041054,0.3159543809725784,-1.0215623281977815,-1.9876663936067966,0.05891442455762922,0.00027440840217316523,0.009379545578353524,0.1115819999999998,0.07867200000485117,-0.3033389999987419,-0.005632999999999998,-0.0013480000000525036,0.0032829999999784455
1148,2.2976517220013193,0.1782649610940693,-0.6144024433138972,-1.9230307074951818,0.03354839329937861,0.003767568811002211,0.01316763456642888,0.1115819999999998,0.07867200000485117,-0.3033389999987419,-0.005632999999999998,-0.0013480000000525036,0.0032829999999784455
1149,2.2996595639997395,-0.03481248703373388,-0.6823206546038554,-1.7879777197804305,0.04429966012376841,-0.00036922970097224547,0.0076316967758017,0.12158199999999987,0.108672000003092,-0.19333999999826215,-0.005632999999999998,-0.001348000000036511,0.0022829999999784455
1150,2.301665001999936,0.11647400550069173,-0.684222376534553,-1.9363726466022895,0.03179344481500852,0.004979257613720614,0.0036038249854363135,0.12158199999999987,0.108672000003092,-0.19333999999826215,-0.005632999999999998,-0.001348000000036511,0.0022829999999784455
1151,2.3036575360019924,0.248646271688351,-1.055757065823271,-2.085498345714113,0.04690447979132521,-0.004585617199219112,-0.00445248669828045,0.12158199999999987,0.108672000003092,-0.19333999999826215,-0.005632999999999998,-0.001348000000036511,0.0022829999999784455
1152,2.3056666100019356,-0.25486082623956646,-0.9730860643944886,-1.984554688213451,0.04602682784015054,-0.01751248617702889,0.004783106355986242,0.12158199999999987,0.108672000003092,-0.19333999999826215,-0.005632999999999998,-0.001348000000036511,0.0022829999999784455
1153,2.3076572510035476,-0.3999423002863466,-0.690713791419464,-2.2742615631654064,0.020926539022455677,0.006136463252147079,-0.0021037458642489196,0.07158199999999978,0.07867200000549089,-0.3433399999987419,0.0003669999999999995,0.005652000000011466,-0.0007169999999096104
1154,2.309664322005119,-0.0747685665484268,-0.991464371829284,-1.7655089421978738,0.05265978999437777,0.0004628213273314119,-0.00235682402170796,0.07158199999999978,0.07867200000549089,-0.3433399999987419,0.0003669999999999995,0.005652000000011466,-0.0007169999999096104
1155,2.3116772229986964,-0.08081052578010402,-1.0187824480932988,-1.6012608345057109,0.05144224407404229,-0.008621294566840559,-0.002652647788906357,0.07158199999999978,0.07867200000549089,-0.3433399999987419,0.0003669999999999995,0.005652000000011466,-0.0007169999999096104
1156,2.313678363003419,0.6146320919894794,-0.9098773733591603,-1.7403350966346458,0.04752108236805355,0.0026265193422054453,0.007713000933243926,0.07158199999999978,0.07867200000549089,-0.3433399999987419,0.0003669999999999995,0.005652000000011466,-0.0007169999999096104
1157,2.315656309998303,-0.3773357053482609,-0.7566649144218739,-2.1962760863792057,0.03940253525615072,-0.004481081875660641,0.005539199975649512,0.11158199999999971,0.09867200000741,-0.46334099999842204,-0.003633,0.0016519999999954741,0.00028300000002642195
1158,2.317665164002392,-0.42831761270104324,-0.47185161178149526,-2.7320940801883213,0.004229124809673777,0.02409195920098266,-0.005884408112987912,0.11158199999999971,0.09867200000741,-0.46334099999842204,-0.003633,0.0016519999999954741,0.00028300000002642195
1159,2.319645946001401,-0.4753422402045822,-0.612199719969964,-2.377778329503189,0.030740113137844707,0.00477102995739878,-0.0041953538518329034,0.11158199999999971,0.09867200000741,-0.46334099999842204,-0.003633,0.0016519999999954741,0.00028300000002642195
1160,2.3216640270038624,0.16538082629971676,-0.7060820178581736,-1.8601455715652733,0.043622785083042806,-0.0005891242648152938,0.003086808858381212,0.11158199999999971,0.09867200000741,-0.46334099999842204,-0.003633,0.0016519999999954741,0.00028300000002642195
1161,2.323666680000315,0.3087829173282593,-0.6353947058986218,-2.0205213568925684,0.03529991973651249,0.0025558552289308444,0.008385169425907002,0.10158199999999983,0.08867200000453132,-0.28333999999858195,-0.004632999999999998,0.0006519999999634891,0.00228300000001043
1162,2.325631712003087,0.2813374040294068,-0.5613675473284088,-1.74343593326403,0.04101363803292136,0.005203776795505352,0.008647774985401625,0.10158199999999983,0.08867200000453132,-0.28333999999858195,-0.004632999999999998,0.0006519999999634891,0.00228300000001043
1163,2.327641167998081,0.024196137166695136,-0.939185514667299,-1.8751311636980192,0.04460101308981111,-0.002523635090472473,0.00502933716383614,0.10158199999999983,0.08867200000453132,-0.28333999999858195,-0.004632999999999998,0.0006519999999634891,0.00228300000001043
1164,2.3296578459994635,-0.2725909420241035,-1.007710330941388,-1.6973303125013326,0.0590304782291849,-0.008822762920091968,0.00859996914877185,0.10158199999999983,0.08867200000453132,-0.28333999999858195,-0.004632999999999998,0.0006519999999634891,0.00228300000001043
1165,2.331649619001837,-0.13720591991719996,-1.1066305240342642,-1.774726700561451,0.05543708980612349,-0.007296242128570242,0.0035178784075926583,0.09158199999999984,0.07867200000405156,-0.2533399999987419,-0.0006329999999999992,0.0016519999999794815,0.0012830000000264201
1166,2.333664605001104,-0.03175153869945056,-1.0106897934130283,-1.7665886543666238,0.05876374807362832,-0.010331583223612708,0.007093062270802097,0.09158199999999984,0.07867200000405156,-0.2533399999987419,-0.0006329999999999992,0.0016519999999794815,0.0012830000000264201
1167,2.335647220003011,-0.6190996152255474,-0.9329325077220824,-2.3145624542667966,0.03986430968005416,-0.005814998420309277,-0.002993515386559661,0.09158199999999984,0.07867200000405156,-0.2533399999987419,-0.0006329999999999992,0.0016519999999794815,0.0012830000000264201
1168,2.3376670139987255,0.005483202032750921,-0.7953022077214756,-2.327626076628672,0.026844179184285874,0.010752767738916192,-0.0061459108068053865,0.09158199999999984,0.07867200000405156,-0.2533399999987419,-0.0006329999999999992,0.0016519999999794815,0.0012830000000264201
1169,2.33965699300461,-0.5199924923250361,-0.6231428609270011,-2.513683910254543,0.02258380212490805,0.007244996176196989,0.00019635416240804612,0.1515819999999998,0.10867200000517102,-0.32333899999826216,-0.007632999999999998,-0.0043480000000525034,0.003282999999930469
1170,2.3416650959989056,0.2990585066072383,-0.5176945061507628,-2.545477242495295,0.008651264228702299,0.033711799611980564,-0.014556601162559045,0.1515819999999998,0.10867200000517102,-0.32333899999826216,-0.007632999999999998,-0.0043480000000525034,0.003282999999930469
1171,2.343649495000136,-0.014560000339637625,-0.9549430410118985,-2.525044028873075,0.023314892177942134,0.014418603502718076,-0.003266128383185642,0.1515819999999998,0.10867200000517102,-0.32333899999826216,-0.007632999999999998,-0.0043480000000525034,0.003282999999930469
1172,2.345675520999066,-0.2557223225462022,-0.5616528032732011,-2.745159281625379,0.01288972865996268,0.017589188249162026,-0.013837481438687778,0.1515819999999998,0.10867200000517102,-0.32333899999826216,-0.007632999999999998,-0.0043480000000525034,0.003282999999930469
1173,2.3476620639994508,-0.06278036982132987,-0.6727305420259244,-1.6620747309363004,0.046806832632829996,-0.017888980919291482,2.8057373844226185e-05,0.1315819999999998,0.11867200000501109,-0.3133389999981022,-0.005632999999999998,-0.0033480000000525034,0.0032829999999464603
1174,2.3496721500050626,-0.4711322875967378,-1.363374559482426,-1.7077224732820073,0.05612319825387713,-0.010400044357738019,0.002696330663776894,0.1315819999999998,0.11867200000501109,-0.3133389999981022,-0.005632999999999998,-0.0033480000000525034,0.0032829999999464603
1175,2.3516522710051504,-0.43337125886569894,-1.256269395459938,-1.7363886831386748,0.05418777888814417,-0.018426650697460967,0.0077645272536467054,0.1315819999999998,0.11867200000501109,-0.3133389999981022,-0.005632999999999998,-0.0033480000000525034,0.0032829999999464603
1176,2.3536691699991934,-0.31329753502268026,-0.5563283842536917,-2.1693405163754527,0.03872580728701957,-0.010791073757615321,-0.004277543538850471,0.1315819999999998,0.11867200000501109,-0.3133389999981022,-0.005632999999999998,-0.0033480000000525034,0.0032829999999464603
1177,2.3556703600042965,0.08408384315591969,-1.02294016972383,-2.141519337321169,0.05567113642904782,-0.01630789971842654,-0.0037074887257928183,0.09158199999999984,0.07867200000389163,-0.2433399999987419,-0.0006329999999999998,-0.0003480000000045259,0.000282999999994435
1178,2.357671169003879,0.04568410220714469,-1.18962904105974,-1.8940271855855795,0.05050347281397204,-0.003719984624360973,-0.0055504821941790876,0.09158199999999984,0.07867200000389163,-0.2433399999987419,-0.0006329999999999998,-0.0003480000000045259,0.000282999999994435
1179,2.3596728699994856,-0.0452208920745636,-0.7404426214141495,-2.049767571434985,0.027382345294127784,0.01417490127562091,-0.006957090946297247,0.09158199999999984,0.07867200000389163,-0.2433399999987419,-0.0006329999999999998,-0.0003480000000045259,0.000282999999994435
1180,2.361662478004291,-0.5680737944769435,-0.7160753610229839,-1.9548127422314716,0.04269624898251814,-0.011178997765382552,0.005795571591293431,0.09158199999999984,0.07867200000389163,-0.2433399999987419,-0.0006329999999999998,-0.0003480000000045259,0.000282999999994435
1181,2.3636398739981814,0.14229862981836203,-1.1243569973059269,-2.237528149125139,0.04629793922448998,0.002439108881772714,0.0017623216374921392,0.1415819999999998,0.06867200000549088,-0.3433399999989018,0.0033669999999999993,0.0016520000000274592,-0.0017169999999735825
1182,2.3656356440042146,-0.33457520454490214,-0.7962467532964886,-1.9559829560300634,0.04387283536759085,-0.010701934743613348,0.007998734189662819,0.1415819999999998,0.06867200000549088,-0.3433399999989018,0.0033669999999999993,0.0016520000000274592,-0.0017169999999735825
1183,2.367642153003544,-0.15993672971446304,-1.1083690727388895,-1.9508297569249455,0.04719278092057489,-0.008880005157966492,0.0012966754360585386,0.1415819999999998,0.06867200000549088,-0.3433399999989018,0.0033669999999999993,0.0016520000000274592,-0.0017169999999735825
1184,2.369668019004166,-0.0294218493327453,-0.8616551875715699,-1.9441770691911913,0.04769686470635296,-0.00855111800531764,0.007706464843503007,0.1415819999999998,0.06867200000549088,-0.3433399999989018,0.0033669999999999993,0.0016520000000274592,-0.0017169999999735825
1185,2.3716800100010005,-0.381581216525192,-1.217723320208778,-1.7056449877907711,0.06059818001169747,-0.007676182017019514,0.012693649076234761,0.14158199999999985,0.07867200000405156,-0.25333999999874196,-0.0026329999999999986,-0.003348000000036511,0.0022829999999464585
1186,2.3736674940009834,-0.2172918524659901,-1.0485847816147351,-2.0342490554019665,0.0496456069959924,-0.0018468577851329321,-0.0008340054888516937,0.14158199999999985,0.07867200000405156,-0.25333999999874196,-0.0026329999999999986,-0.003348000000036511,0.0022829999999464585
1187,2.3756763080018573,0.12821344695448594,-0.7259294099153075,-2.1262475618973866,0.04618051794976399,-0.009555564671735768,0.00957026036785139,0.14158199999999985,0.07867200000405156,-0.25333999999874196,-0.0026329999999999986,-0.003348000000036511,0.0022829999999464585
1188,2.3776714260020526,-0.2836493842342006,-0.6520024263283306,-1.941527897247461,0.03745090052798131,-0.009702478405917219,-0.0014146231771387087,0.14158199999999985,0.07867200000405156,-0.25333999999874196,-0.0026329999999999986,-0.003348000000036511,0.0022829999999464585
1189,2.3796368500043172,-0.15210254219547456,-1.0450840066072704,-1.9846969784264592,0.0563784068004195,-0.009120196537333916,0.0038570284578025677,0.1415819999999999,0.10867200000293208,-0.18333999999826214,-0.007632999999999998,-0.0053480000000525035,0.0032829999999144767
1190,2.3816268689988647,0.21460707867039092,-1.06293301913495,-1.879851984933602,0.051112137201464965,0.011826946990555257,0.008154841156306648,0.1415819999999999,0.10867200000293208,-0.18333999999826214,-0.007632999999999998,-0.0053480000000525035,0.0032829999999144767
1191,2.3836348710028687,0.018403165757176716,-0.7465037328749196,-1.6959467530363594,0.049613808602577456,-0.017932101218474057,0.00707792389989425,0.1415819999999999,0.10867200000293208,-0.18333999999826214,-0.007632999999999998,-0.0053480000000525035,0.0032829999999144767
1192,2.385623467998812,-0.1842658639951379,-0.9506737735520492,-1.8784465131878847,0.05134577423644073,-0.008000613237567632,-0.0014377383495542267,0.1415819999999999,0.10867200000293208,-0.18333999999826214,-0.007632999999999998,-0.0053480000000525035,0.0032829999999144767
1193,2.3876928050012793,-0.2853170403352096,-0.9806544081202098,-1.8730010857355772,0.05259883782517401,-0.012029804280138355,-0.008020671475828552,0.16158199999999986,0.11867200000373168,-0.23333899999810223,-0.007632999999999998,-0.0063480000000525035,0.003282999999898484
1194,2.3896402640020824,-0.1422394673401366,-0.8728983331517799,-1.9929431696061313,0.04214211623785692,-0.004678392428139136,0.0029902843775856435,0.16158199999999986,0.11867200000373168,-0.23333899999810223,-0.007632999999999998,-0.0063480000000525035,0.003282999999898484
1195,2.3916296520037577,-0.2976103046645873,-1.1411320644525518,-2.535014999878715,0.024679432762925335,0.024432180137431335,-0.007320042765918443,0.16158199999999986,0.11867200000373168,-0.23333899999810223,-0.007632999999999998,-0.0063480000000525035,0.003282999999898484
1196,2.393626254000992,-0.10186687258792369,-0.6602282132887627,-2.7512709732518887,0.013243484990318249,0.019536348925611,-0.007110740172262935,0.16158199999999986,0.11867200000373168,-0.23333899999810223,-0.007632999999999998,-0.0063480000000525035,0.003282999999898484
1197,2.3956302890001098,-0.3450450335987183,-0.6660753712988096,-2.6697070008980135,0.015570509864076446,0.013795374274100521,-0.01249452126700722,0.11158199999999996,0.10867200000101296,-0.06333899999826213,-0.005632999999999998,-0.001348000000036511,0.0022829999999784455
1198,2.397624386001553,-0.691710172960487,-0.42977539009962606,-2.255531883212708,0.010610532491432777,0.00906003477303855,-0.00817264458634504,0.11158199999999996,0.10867200000101296,-0.06333899999826213,-0.005632999999999998,-0.001348000000036511,0.0022829999999784455
1199,2.3996331189991906,0.020789337474582063,-0.6942720894581428,-2.360270996783971,0.023607248010521192,0.019636254451744575,-0.0035358949471480244,0.11158199999999996,0.10867200000101296,-0.06333899999826213,-0.005632999999999998,-0.001348000000036511,0.0022829999999784455
1200,2.401663404001738,-0.2480531722306062,-0.41850453035695856,-2.2282295691179073,0.012879270760017287,0.012190566704083399,-0.013012221731797176,0.11158199999999996,0.10867200000101296,-0.06333899999826213,-0.005632999999999998,-0.001348000000036511,0.0022829999999784455
1201,2.40366200900462,-0.579477293951021,-0.18197818930454274,-2.4228055031160256,0.005876186501572794,0.009913732625127533,0.0038825920157395015,0.09158199999999998,0.058672000000213345,-0.013339999999061743,-0.002633,-0.0003480000000045259,0.00028299999999443625
1202,2.4056609449980897,-0.5076400983569354,-1.06447638589739,-1.7168312648055564,0.0529455232060072,-0.01573031291189565,-0.00147386606911539,0.09158199999999998,0.058672000000213345,-0.013339999999061743,-0.002633,-0.0003480000000045259,0.00028299999999443625
1203,2.4076589480027906,-0.6325093077762541,-0.959154457109848,-2.0657990813619107,0.04977531381975416,-0.0187355357026945,0.005624414261355981,0.09158199999999998,0.058672000000213345,-0.013339999999061743,-0.002633,-0.0003480000000045259,0.00028299999999443625
1204,2.4096608300023945,0.21774146352588486,-1.0463190447867088,-1.8298450947100184,0.05886126220546746,-0.00430645843634814,0.005358344776740043,0.09158199999999998,0.058672000000213345,-0.013339999999061743,-0.002633,-0.0003480000000045259,0.00028299999999443625
1205,2.4116789210020215,0.016663162125639584,-0.8185079068554354,-2.0161202350236254,0.04483628342214089,-0.0014049705224456045,0.0032021579812003082,0.081582,0.08867200000005342,-0.003339999998581961,-0.004632999999999999,-0.0003480000000205185,0.0012829999999944377
1206,2.4136723070041626,-0.3510307207791698,-0.800975793207017,-1.6421875673462354,0.04129522981631299,-0.007106057638192329,0.005095468872473545,0.081582,0.08867200000005342,-0.003339999998581961,-0.004632999999999999,-0.0003480000000205185,0.0012829999999944377
1207,2.4156548520040815,-0.07870048062695355,-0.7018644874967274,-1.8439276120148638,0.05038445247758,-0.017449736762520596,0.008027397707453789,0.081582,0.08867200000005342,-0.003339999998581961,-0.004632999999999999,-0.0003480000000205185,0.0012829999999944377
1208,2.41766620099952,-0.18492290640737855,-0.7657463624474189,-2.247225523512932,0.03705965969428647,-0.0030539859518140667,0.003027377165564935,0.081582,0.08867200000005342,-0.003339999998581961,-0.004632999999999999,-0.0003480000000205185,0.0012829999999944377
1209,2.4197356479999144,-0.2147027802378009,-0.49623885103849885,-2.9310121342239004,0.009788221700879113,0.007712697114832848,-0.006553102584837256,0.09158199999999987,0.10867200000325195,-0.2033409999982621,-0.0016329999999999997,0.002651999999995474,0.0002830000000424132
1210,2.4216659660014557,-0.017617153281034276,-0.8409100229515168,-1.7690333568160552,0.055344996579339605,-0.007405562359696748,0.006351737032423172,0.09158199999999987,0.10867200000325195,-0.2033409999982621,-0.0016329999999999997,0.002651999999995474,0.0002830000000424132
1211,2.4236480300023686,-0.27276441217880976,-0.7964013448237575,-2.1640670944510867,0.04054191346788415,-0.00748587412349212,0.00045488244290769613,0.09158199999999987,0.10867200000325195,-0.2033409999982621,-0.0016329999999999997,0.002651999999995474,0.0002830000000424132
1212,2.4256156769988593,-0.14420428343560696,-0.6619450731534822,-1.6102807437105433,0.04447680922460964,-0.010310119693572418,0.010706654498491654,0.09158199999999987,0.10867200000325195,-0.2033409999982621,-0.0016329999999999997,0.002651999999995474,0.0002830000000424132
1213,2.4276511510033743,-0.08122653895551346,-0.591643086522393,-1.8981391966630725,0.03498449244216527,-0.01978786769200854,0.0047662562242804215,0.10158199999999981,0.08867200000485116,-0.303338999998582,-0.0006330000000000004,0.0016520000000114668,-0.0007169999999735799
1214,2.4296686810048413,-0.18464768316576605,-1.0928994078711016,-2.020800787673886,0.052684895717569916,-0.017487332060109956,0.00735634264147356,0.10158199999999981,0.08867200000485116,-0.303338999998582,-0.0006330000000000004,0.0016520000000114668,-0.0007169999999735799
1215,2.4316531400036183,-0.023785042449868808,-0.5762782045542483,-1.87126342324182,0.04398040856957252,-0.007351440531734357,0.0018032212836830797,0.10158199999999981,0.08867200000485116,-0.303338999998582,-0.0006330000000000004,0.0016520000000114668,-0.0007169999999735799
1216,2.433667294004408,0.039105221734964106,-0.7386559939844228,-2.5388560267399827,0.0218066914572694,0.01829117538296141,-0.007975008956387543,0.10158199999999981,0.08867200000485116,-0.303338999998582,-0.0006330000000000004,0.0016520000000114668,-0.0007169999999735799
1217,2.435658845999569,-0.2117087909334967,-0.7608555630410103,-1.959152802782371,0.050468435017437446,-0.01222697018252092,0.01380817633137153,0.08158199999999984,0.10867200000437141,-0.27333999999826214,-0.0006329999999999992,0.0026519999999794815,0.0012830000000424128
1218,2.437680665003427,0.10929932349851047,-0.6567629558109535,-1.7693303034321173,0.04327098031999361,-0.004219075099789493,0.004058348918381816,0.08158199999999984,0.10867200000437141,-0.27333999999826214,-0.0006329999999999992,0.0026519999999794815,0.0012830000000424128
1219,2.4396482820011443,0.22019258294018562,-0.7171738653385124,-2.212987723734917,0.03696416558517909,0.01092373318570432,0.005328419708375993,0.08158199999999984,0.10867200000437141,-0.27333999999826214,-0.0006329999999999992,0.0026519999999794815,0.0012830000000424128
1220,2.4416671250000945,-0.22943719779188074,-1.1049392204402764,-1.740147623174705,0.05199238182278368,-0.0016844247112981245,0.0016165053750452772,0.08158199999999984,0.10867200000437141,-0.27333999999826214,-0.0006329999999999992,0.0026519999999794815,0.0012830000000424128
1221,2.4436589969991473,-0.1266869065407972,-0.7834215666691425,-1.7308718992956602,0.0518378298904602,-0.014718487186151154,0.009352660364005267,0.11158199999999997,0.09867200000053318,-0.033339999998422055,-0.0036329999999999978,-0.0033480000000525034,0.003282999999946459
1222,2.4456614090013318,-0.11707349052130125,-1.0273480594258195,-1.8417327566503408,0.05203121927087584,-0.006974075377497155,0.0051818000267039735,0.11158199999999997,0.09867200000053318,-0.033339999998422055,-0.0036329999999999978,-0.0033480000000525034,0.003282999999946459
1223,2.4476525400023093,0.07715519318746701,-1.0833257915714671,-1.6561832919410477,0.05182785458384201,-0.01146502980962044,0.008178548908187306,0.11158199999999997,0.09867200000053318,-0.033339999998422055,-0.0036329999999999978,-0.0033480000000525034,0.003282999999946459
1224,2.4496701610041782,0.1499020682718671,-0.3852269749063697,-2.239065293381786,0.009018970940778552,0.02613432248028926,-0.006417303106109702,0.11158199999999997,0.09867200000053318,-0.033339999998422055,-0.0036329999999999978,-0.0033480000000525034,0.003282999999946459
1225,2.4516627350021736,-0.30431542992769606,-0.47598876550197267,-2.4401431271165266,0.009443357141886023,0.013076620866281493,-0.004008248953594252,0.14158199999999996,0.11867200000165266,-0.10333999999810223,-0.005632999999999998,-0.0053480000000525035,0.0032829999999144754
1226,2.453671729002963,-0.28985816684355337,-1.0322376007327596,-2.5935610865588377,0.02343958337030737,0.020508404716427137,-0.003920039470929686,0.14158199999999996,0.11867200000165266,-0.10333999999810223,-0.005632999999999998,-0.0053480000000525035,0.0032829999999144754
1227,2.4556536130039603,-0.15527557114720014,-0.6184368827990427,-2.438677954050667,0.00454656044421212,0.02783967415706655,-0.008180897589192137,0.14158199999999996,0.11867200000165266,-0.10333999999810223,-0.005632999999999998,-0.0053480000000525035,0.0032829999999144754
1228,2.4576722960046027,-0.37165409221747353,-0.6703783060528364,-2.3660381920662856,0.018592642259390914,0.008720760906043328,-0.004023266838600029,0.14158199999999996,0.11867200000165266,-0.10333999999810223,-0.005632999999999998,-0.0053480000000525035,0.0032829999999144754
1229,2.459661884000525,-0.17979562008170732,-0.6173561551990722,-2.5606674762310666,0.013314339775030075,0.01775151796518636,-0.014330722233057007,0.13158199999999992,0.12867200000197254,-0.12334099999794229,-0.0036329999999999986,-0.004348000000036511,0.0022829999999304665
1230,2.461672351004381,0.08055119797653763,-0.5746328103544787,-2.5893527905948197,0.004623555586819427,0.029213030796318918,-0.015238138583928001,0.13158199999999992,0.12867200000197254,-0.12334099999794229,-0.0036329999999999986,-0.004348000000036511,0.0022829999999304665
1231,2.463652231002925,-0.13876012570953883,-0.9330589489748636,-2.659342245841618,0.022253714449030015,0.026625736904601176,-0.007828441505435652,0.13158199999999992,0.12867200000197254,-0.12334099999794229,-0.0036329999999999986,-0.004348000000036511,0.0022829999999304665
1232,2.465668028999062,-0.3721971848658482,-1.0129345457824137,-2.561870857755386,0.023295094629337,0.017898828909987955,-0.002763903459525863,0.13158199999999992,0.12867200000197254,-0.12334099999794229,-0.0036329999999999986,-0.004348000000036511,0.0022829999999304665
1233,2.467663428004016,0.31962862318806956,-1.3723310359138714,-1.7636809544503904,0.06455039546999598,-0.0026370136602051025,0.013323571705644478,0.1515819999999997,0.1286720000075699,-0.4733389999979423,-0.002633,-0.0003480000000045259,0.00028299999999443625
1234,2.469672562998312,0.07732430207514056,-0.9066983950668369,-1.9595946742808914,0.04551670796903559,-0.011326951812199263,0.012437418460755158,0.1515819999999997,0.1286720000075699,-0.4733389999979423,-0.002633,-0.0003480000000045259,0.00028299999999443625
1235,2.4716472729996894,-0.5255951564144479,-0.9261470576399271,-1.8220852779491374,0.03797628291915777,-0.016991806211272078,0.001342112801225688,0.1515819999999997,0.1286720000075699,-0.4733389999979423,-0.002633,-0.0003480000000045259,0.00028299999999443625
1236,2.4736703939997824,-0.47317541321490975,-0.7737667267869356,-1.8480954308838602,0.04328448930716185,-0.014942979535194674,0.0008447373044110296,0.1515819999999997,0.1286720000075699,-0.4733389999979423,-0.002633,-0.0003480000000045259,0.00028299999999443625
1237,2.475666775004356,0.17280368201083074,-0.5749355495875721,-1.7710084525756011,0.03472876291774412,-0.003128647590203055,0.012183658005057673,0.14158199999999993,0.06867200000213243,-0.13333899999890186,-0.005632999999999998,-0.0043480000000525034,0.003282999999930468
1238,2.477667373997974,0.017685949868532412,-0.8626868629015678,-2.6753446146991786,0.01420090637463205,0.02175657344551673,-0.007856519729545444,0.14158199999999993,0.06867200000213243,-0.13333899999890186,-0.005632999999999998,-0.0043480000000525034,0.003282999999930468
1239,2.479650189001404,-0.5914290626517656,-0.5711020898714285,-2.967564043464514,0.0023733118065191283,0.01219496213743487,-0.012627892827817242,0.14158199999999993,0.06867200000213243,-0.13333899999890186,-0.005632999999999998,-0.0043480000000525034,0.003282999999930468
1240,2.4816446660042857,0.17866666075673018,-0.33902384106137023,-3.093414262724042,-0.0017623346376564892,0.03469512422742085,-0.01277853908123725,0.14158199999999993,0.06867200000213243,-0.13333899999890186,-0.005632999999999998,-0.0043480000000525034,0.003282999999930468
1241,2.483635778000462,0.33626997964857686,-0.9340845651385682,-2.788106499263102,0.021900495170038902,0.033013399323179704,-0.003867005303493066,0.1315819999999999,0.048672000002772144,-0.1733399999992217,-0.0036329999999999986,-0.003348000000036511,0.002282999999946459
1242,2.4856312870033435,-0.1954781405230561,-0.3463163249028329,-2.9753570817953094,-0.0042115094112339145,0.028835430216302232,-0.014392274722026652,0.1315819999999999,0.048672000002772144,-0.1733399999992217,-0.0036329999999999986,-0.003348000000036511,0.002282999999946459
1243,2.4876261450044694,-0.37855492508698063,-0.7362700382766133,-2.0763238081035458,0.031641263839566704,-0.011600525891840123,-0.0002872897973593046,0.1315819999999999,0.048672000002772144,-0.1733399999992217,-0.0036329999999999986,-0.003348000000036511,0.002282999999946459
1244,2.489723505001166,0.21551356871570856,-0.8445269677344073,-2.1273116255556346,0.04555319286279419,-0.0025863603764344563,0.0055455295600366165,0.1315819999999999,0.048672000002772144,-0.1733399999992217,-0.0036329999999999986,-0.003348000000036511,0.002282999999946459
1245,2.491680532002647,-0.11917215658516156,-1.1102076168024646,-2.1534801456231056,0.05763737990674505,-0.012190397898014039,0.008359352361256579,0.08158199999999982,0.028672000004531326,-0.2833399999995415,0.00036700000000000014,0.0016519999999954741,0.00028300000002641945
1246,2.4936728050015518,0.42509846387952316,-0.7009223960423754,-2.1394932685837342,0.03152066821192854,0.011327100856653803,0.007686857685690631,0.08158199999999982,0.028672000004531326,-0.2833399999995415,0.00036700000000000014,0.0016519999999954741,0.00028300000002641945
1247,2.495652906000032,-0.39102425959942116,-1.0948749385748013,-1.84513554507334,0.051485129342703426,-0.017094545153479645,0.00285915571215991,0.08158199999999982,0.028672000004531326,-0.2833399999995415,0.00036700000000000014,0.0016519999999954741,0.00028300000002641945
1248,2.497668362004333,-0.1657040044760654,-1.0428363603985413,-1.6491784835410286,0.04961440757853594,-0.004516575585620582,0.005972472018334616,0.08158199999999982,0.028672000004531326,-0.2833399999995415,0.00036700000000000014,0.0016519999999954741,0.00028300000002641945
1249,2.4996600550002768,0.21240064898640992,-0.6514933814194369,-2.0578975572874225,0.040186380219686645,0.0028740211125158903,0.0035700863753055354,0.10158199999999974,0.06867200000677028,-0.4233399999989018,0.00036699999999999884,0.0036520000000274592,-0.0017169999999415955
1250,2.501668057004281,-0.23629658103869255,-0.5097670775422768,-2.7468330191847135,0.021736550927567624,0.0024279365258381325,0.0008636946471377131,0.10158199999999974,0.06867200000677028,-0.4233399999989018,0.00036699999999999884,0.0036520000000274592,-0.0017169999999415955
1251,2.503652396000689,0.024346938343911505,-0.8560976283514872,-1.8977627146031308,0.047082879312814664,-0.01060311976744336,0.017936342866952212,0.10158199999999974,0.06867200000677028,-0.4233399999989018,0.00036699999999999884,0.0036520000000274592,-0.0017169999999415955
1252,2.505667691999406,0.049899864994907346,-0.9416323186269254,-2.087916130208015,0.0417014318322599,-0.00045697041256159547,-0.0025001886609925623,0.10158199999999974,0.06867200000677028,-0.4233399999989018,0.00036699999999999884,0.0036520000000274592,-0.0017169999999415955
1253,2.507663661999686,0.12526723497729883,-0.7063019361684255,-1.708544758652358,0.03622665234217162,-0.01134776659999925,0.0032366801764528367,0.11158199999999968,0.09867200000820961,-0.5133399999984221,0.0013669999999999982,0.006652000000043451,-0.0027169999998936183
1254,2.5096708130004117,-0.3981333983193528,-0.5650163472639504,-2.163231479878147,0.03531788556059101,-0.01006939134949143,0.005569740511757668,0.11158199999999968,0.09867200000820961,-0.5133399999984221,0.0013669999999999982,0.006652000000043451,-0.0027169999998936183
1255,2.5116597000014735,0.534027356499982,-1.0227576768314794,-1.9055030975171545,0.04950768052623766,0.008011755180396313,0.003823786971431941,0.11158199999999968,0.09867200000820961,-0.5133399999984221,0.0013669999999999982,0.006652000000043451,-0.0027169999998936183
1256,2.5136758880034904,-0.19169242610758855,-0.8458469532992569,-2.359841918402319,0.0373430735016504,-0.008566760906351133,-0.004302463430409115,0.11158199999999968,0.09867200000820961,-0.5133399999984221,0.0013669999999999982,0.006652000000043451,-0.0027169999998936183
1257,2.5156617290049326,0.06240833025740381,-0.7701643075033547,-1.7963356805950388,0.041095563819974146,-0.004166671442822492,0.0016133617611987089,0.1315819999999997,0.08867200000772982,-0.483338999998582,0.0003669999999999989,0.002652000000027459,-0.001716999999957588
1258,2.5176612860013847,-0.05963653719351206,-0.8168898176359866,-1.9773911920888652,0.04090319955054323,-0.0019618655868156964,0.01391149199828039,0.1315819999999997,0.08867200000772982,-0.483338999998582,0.0003669999999999989,0.002652000000027459,-0.001716999999957588
1259,2.5196518860029755,-0.07626664812339391,-1.0806174361813605,-2.2246011856380687,0.05346146483697435,-0.010040268824180484,0.004948987215255483,0.1315819999999997,0.08867200000772982,-0.483338999998582,0.0003669999999999989,0.002652000000027459,-0.001716999999957588
1260,2.5216703879996203,0.16524383846633303,-0.48001792904886065,-2.208071578030034,0.03429960354795448,-0.004225654211142046,0.002385049047598663,0.1315819999999997,0.08867200000772982,-0.483338999998582,0.0003669999999999989,0.002652000000027459,-0.001716999999957588
1261,2.5236738930034335,-0.48850597870508883,-0.2314887898456,-3.242048606098363,-0.004460999886393114,0.017658476378747796,-0.012300869359110206,0.08158199999999978,0.08867200000549089,-0.34333999999858195,0.0013669999999999982,0.004652000000043451,-0.002716999999925603
1262,2.5256889490046888,-0.4351319542296867,-0.588633802838476,-2.2515759681298286,0.030402022359547032,-0.0013086597977823129,0.00634409816725707,0.08158199999999978,0.08867200000549089,-0.34333999999858195,0.0013669999999999982,0.004652000000043451,-0.002716999999925603
1263,2.5276620160002494,-0.10633398583638283,-0.7652056527099388,-2.4501563850448056,0.046428500339246837,-0.014144829016715613,0.006264045821464234,0.08158199999999978,0.08867200000549089,-0.34333999999858195,0.0013669999999999982,0.004652000000043451,-0.002716999999925603
1264,2.5296665220012073,-0.1184881038205805,-0.6900047712857452,-2.040091419429554,0.042023501417546,-0.003920003907478272,-0.0015125213997729866,0.08158199999999978,0.08867200000549089,-0.34333999999858195,0.0013669999999999982,0.004652000000043451,-0.002716999999925603
1265,2.5316622820027987,0.03653968977197571,-0.3616893894726827,-2.2861837812239525,0.0355451843353422,-0.011684383314059053,-0.0003532545778028552,0.10158199999999983,0.06867200000453132,-0.2833399999989018,0.003366999999999998,0.0056520000000594445,-0.003716999999909612
1266,2.533671196004434,-0.487081195345542,-0.700515701082133,-2.3260648851046817,0.04294228339552206,-0.014724985559757474,-0.003982168404698198,0.10158199999999983,0.06867200000453132,-0.2833399999989018,0.003366999999999998,0.0056520000000594445,-0.003716999999909612
1267,2.535658089000208,-0.1611679071301031,-0.49683771372597446,-2.321632703548955,0.03512972228416699,-0.010381609800460549,-0.00454481679079269,0.10158199999999983,0.06867200000453132,-0.2833399999989018,0.003366999999999998,0.0056520000000594445,-0.003716999999909612
1268,2.537650662998203,-0.25276774306291433,-0.7354376084069054,-2.3142038522853565,0.04105007219281832,-0.0136431251969662,-0.0013696115511348636,0.10158199999999983,0.06867200000453132,-0.2833399999989018,0.003366999999999998,0.0056520000000594445,-0.003716999999909612
1269,2.539644299002248,-0.27953896897024993,-1.2668568975857113,-2.3472179447399326,0.05337232138092221,0.0012783874097746738,0.002828650329719242,0.1415819999999998,0.0786720000056508,-0.35333999999874194,-0.002633,0.0006519999999954741,0.00028300000001042877
1270,2.5416713270024047,-0.4167156107284765,-0.7547435336446487,-2.298870533871521,0.04289531308338923,-0.030756254799145517,0.004980746633361275,0.1415819999999998,0.0786720000056508,-0.35333999999874194,-0.002633,0.0006519999999954741,0.00028300000001042877
1271,2.5436549840014777,-0.4423225503393119,-0.5937751349145045,-2.257377347119554,0.03688105458607131,-0.01275512762864959,0.0003825960266007029,0.1415819999999998,0.0786720000056508,-0.35333999999874194,-0.002633,0.0006519999999954741,0.00028300000001042877
1272,2.545627901003172,0.13412809916819834,-0.2647732106144907,-2.5406448063886975,-0.0029545779743401436,0.03124919512925133,-8.464671853125061e-05,0.1415819999999998,0.0786720000056508,-0.35333999999874194,-0.002633,0.0006519999999954741,0.00028300000001042877
1273,2.5476353929989273,-0.4574402674953524,-0.4705005008808336,-2.7088902806595168,0.013299680443868816,0.006506803725057183,-0.01202583055454261,0.13158199999999987,0.10867200000325195,-0.20334099999826213,-0.005632999999999999,-0.003348000000020518,0.0012829999999464606
1274,2.5496335470015765,-0.0741859763489747,-0.7348555256850018,-2.9415255929996853,0.007630888179268732,0.031209812283919884,0.00012654280947081782,0.13158199999999987,0.10867200000325195,-0.20334099999826213,-0.005632999999999999,-0.003348000000020518,0.0012829999999464606
1275,2.551649555003678,-0.4559139844532959,-0.3884998279262673,-2.7700476227672852,-0.003782005097254245,0.020774706463230392,-0.00526374807813729,0.13158199999999987,0.10867200000325195,-0.20334099999826213,-0.005632999999999999,-0.003348000000020518,0.0012829999999464606
1276,2.5536532289988827,-0.5193497444012896,-0.5625386962119038,-2.9060623993486416,0.004171001912443941,0.0017181267250801116,-0.011820730153450412,0.13158199999999987,0.10867200000325195,-0.20334099999826213,-0.005632999999999999,-0.003348000000020518,0.0012829999999464606
1277,2.5556653500025277,0.06898326505621336,-0.6437645102969264,-2.3470317187580108,0.03780179920220527,-0.002452657515008701,0.005702960672336546,0.17158199999999985,0.12867200000389165,-0.2433399999979423,-0.010632999999999997,-0.007348000000068497,0.004282999999882494
1278,2.5576560600020457,0.2669408607750272,-0.9389103404602379,-2.192430227403442,0.05418234364930333,0.007310096112978875,0.008315320712775753,0.17158199999999985,0.12867200000389165,-0.2433399999979423,-0.010632999999999997,-0.007348000000068497,0.004282999999882494
1279,2.559647913003573,-0.4334095376194115,-0.6230832183446403,-1.860348013946475,0.03880980041567981,-0.020187276958861338,0.002001330846466477,0.17158199999999985,0.12867200000389165,-0.2433399999979423,-0.010632999999999997,-0.007348000000068497,0.004282999999882494
1280,2.5616613750025863,-0.3371961536862922,-0.7531800991222706,-2.3002649840194054,0.04621681708866617,-0.017539478908557782,0.006635546525350279,0.17158199999999985,0.12867200000389165,-0.2433399999979423,-0.010632999999999997,-0.007348000000068497,0.004282999999882494
1281,2.563664428998891,0.14811432437288682,-0.7656715522395177,-2.411584080677403,0.03142485947007387,0.00011287390062405931,0.0038480510213545014,0.12158199999999991,0.12867200000213244,-0.1333389999979423,-0.005632999999999998,-0.004348000000036511,0.002282999999930468
1282,2.565646994000417,-0.05554629009436007,-0.8515980116106922,-1.9991218298398226,0.04087900345154827,-0.00328353089423069,-0.005369882307873773,0.12158199999999991,0.12867200000213244,-0.1333389999979423,-0.005632999999999998,-0.004348000000036511,0.002282999999930468
1283,2.5676551569995354,-0.3384739672920516,-0.9615486221725859,-1.9330236103083305,0.0580239323845682,-0.021640365250570687,0.003789795197054324,0.12158199999999991,0.12867200000213244,-0.1333389999979423,-0.005632999999999998,-0.004348000000036511,0.002282999999930468
1284,2.5696474200012744,-0.10066638576504627,-0.7369446215857856,-2.286468801729514,0.040432697130733816,-0.010400340096265222,-0.0144184398293124,0.12158199999999991,0.12867200000213244,-0.1333389999979423,-0.005632999999999998,-0.004348000000036511,0.002282999999930468
1285,2.571675190003589,-0.34142121708054635,-0.8228435667379338,-2.2522284934505876,0.04414142865348472,-0.01931981989512232,0.0026980328086230287,0.15158199999999988,0.118672000003092,-0.19333999999810225,-0.005632999999999998,-0.004348000000036511,0.002282999999930468
1286,2.5736378880028496,-0.2835774575215897,-0.6474662153426484,-2.15275020694686,0.04478511328467719,-0.015549564775607918,0.004612168524168505,0.15158199999999988,0.118672000003092,-0.19333999999810225,-0.005632999999999998,-0.004348000000036511,0.002282999999930468
1287,2.5756567510034074,-0.1991640803398171,-0.5318980941544196,-2.270496689962232,0.015535714737727867,-0.003501402437159987,0.008127633327226508,0.15158199999999988,0.118672000003092,-0.19333999999810225,-0.005632999999999998,-0.004348000000036511,0.002282999999930468
1288,2.577641178999329,-0.13374256109326124,-1.0355792234985115,-2.1940631481912862,0.05857290248479459,-0.012237787321505073,0.00927573892927162,0.15158199999999988,0.118672000003092,-0.19333999999810225,-0.005632999999999998,-0.004348000000036511,0.002282999999930468
1289,2.5796651620039484,-0.10136194156661409,-0.9328030634091229,-2.142586216785156,0.044019103694788946,-0.006206628956383549,-0.00012383576060950472,0.13158199999999975,0.08867200000645041,-0.40333899999858197,-0.002632999999999999,-0.0013480000000205185,0.0012829999999784437
1290,2.581640422999044,0.4323547803450883,-0.6957855144698899,-2.1817746574380816,0.041419756197221484,0.010541322607818183,0.005443707334430104,0.13158199999999975,0.08867200000645041,-0.40333899999858197,-0.002632999999999999,-0.0013480000000205185,0.0012829999999784437
1291,2.583657483002753,-0.14101715106516846,-0.5456787759647176,-2.529825776929624,0.029781920889064784,-0.002047805279698458,0.010011784806915355,0.13158199999999975,0.08867200000645041,-0.40333899999858197,-0.002632999999999999,-0.0013480000000205185,0.0012829999999784437
1292,2.585642773003201,0.35064351770724794,-0.9797731305132716,-2.106460319785206,0.04853616506178223,0.0037841135925574636,0.0018775718624837946,0.13158199999999975,0.08867200000645041,-0.40333899999858197,-0.002632999999999999,-0.0013480000000205185,0.0012829999999784437
1293,2.587665252998704,-0.15627367619422244,-0.5417327837868695,-1.9690846866499094,0.041367412532760994,-0.015489895115633347,0.006682718156731278,0.15158199999999974,0.0686720000064504,-0.4033389999989019,-0.002632999999999999,-0.003348000000020518,0.0012829999999464587
1294,2.589695387003303,-0.014095407480037748,-0.9399102874107225,-2.7478510891914296,0.02969244040359651,0.01665075211453382,-0.0068592809383744785,0.15158199999999974,0.0686720000064504,-0.4033389999989019,-0.002632999999999999,-0.003348000000020518,0.0012829999999464587
1295,2.591666330001317,-0.13556011942971324,-0.4334845409628972,-2.7964600071349195,0.005151236346785916,0.01569211943271389,-0.006312461390867692,0.15158199999999974,0.0686720000064504,-0.4033389999989019,-0.002632999999999999,-0.003348000000020518,0.0012829999999464587
1296,2.593645959997957,0.07866629010758826,-0.8970426866218362,-1.984594219582037,0.049675146980176846,-0.009236194026230651,0.008390164751719617,0.15158199999999974,0.0686720000064504,-0.4033389999989019,-0.002632999999999999,-0.003348000000020518,0.0012829999999464587
1297,2.595666806002555,0.18771270482279712,-0.8027310964200268,-2.043439942091105,0.04806391902869336,0.007633439003690274,-0.0005132106207397574,0.1415819999999998,0.06867200000581072,-0.3633399999989018,-0.004632999999999998,-0.003348000000036511,0.00228299999994646
1298,2.597678926998924,-0.30703961424970866,-0.6800260612486256,-2.2689138308252836,0.04376186013348223,-0.010961209147091457,-0.003521906971492538,0.1415819999999998,0.06867200000581072,-0.3633399999989018,-0.004632999999999998,-0.003348000000036511,0.00228299999994646
1299,2.599675688004936,-0.19842391528270503,-0.7703650979037783,-2.1998653721198917,0.04355936134886203,-0.007171960081227079,-0.0059036581509634345,0.1415819999999998,0.06867200000581072,-0.3633399999989018,-0.004632999999999998,-0.003348000000036511,0.00228299999994646
1300,2.6016893519990845,0.5726542021922898,-0.6298512928648257,-2.2181286839305665,0.04394526370687143,0.011180988359400651,-0.0005770991579744707,0.1415819999999998,0.06867200000581072,-0.3633399999989018,-0.004632999999999998,-0.003348000000036511,0.00228299999994646
1301,2.6036686310035293,-0.21859233803425743,-0.6762485452570826,-2.2982456705770478,0.030815821121545184,-0.0009178167263393627,-0.009040453026041177,0.12158199999999983,0.05867200000421148,-0.26333999999906177,-0.0006329999999999998,-0.001348000000004526,0.0002829999999784424
1302,2.605668317999516,-0.07281700003221221,-0.7309281112282479,-2.5987910875485283,0.01718931269051339,0.024885978585656,-0.015797840646275613,0.12158199999999983,0.05867200000421148,-0.26333999999906177,-0.0006329999999999998,-0.001348000000004526,0.0002829999999784424
1303,2.6076580660010222,-0.04360099118941126,-0.4235211508494491,-2.692910845075826,0.013446382502727578,0.030301423397801175,-0.010249293677142923,0.12158199999999983,0.05867200000421148,-0.26333999999906177,-0.0006329999999999998,-0.001348000000004526,0.0002829999999784424
1304,2.60967502600397,0.19644976903725025,-0.8597303427997076,-1.8609068708648284,0.0562105914410878,-0.004892704198081275,-0.0036243428685590402,0.12158199999999983,0.05867200000421148,-0.26333999999906177,-0.0006329999999999998,-0.001348000000004526,0.0002829999999784424
1305,2.6116597049986012,0.1578702064454419,-0.34435105092399854,-1.9353634972107547,0.03771278041762685,0.000863644373145189,0.00757729803618414,0.15158199999999972,0.05867200000677028,-0.4233399999990618,-0.0006330000000000004,0.0016520000000114668,-0.0007169999999735799
1306,2.6136972430031165,-0.31469188983490937,-0.5384191321154989,-1.9753710254602148,0.039976688158803494,-0.009777466321854392,0.0046649333106933725,0.15158199999999972,0.05867200000677028,-0.4233399999990618,-0.0006330000000000004,0.0016520000000114668,-0.0007169999999735799
1307,2.615654090004682,-0.05378246749318884,-0.7610635832554117,-2.049735471344888,0.04023025843346912,-0.006670282827100612,0.0012736291515391413,0.15158199999999972,0.05867200000677028,-0.4233399999990618,-0.0006330000000000004,0.0016520000000114668,-0.0007169999999735799
1308,2.6176732029998675,0.04093864400308596,-0.2485029238633865,-2.4807016606222043,0.01352124922383625,0.010436744170787302,-0.0034227833923357563,0.15158199999999972,0.05867200000677028,-0.4233399999990618,-0.0006330000000000004,0.0016520000000114668,-0.0007169999999735799
1309,2.6197249469987582,-0.08017568902207671,-1.117829533448325,-2.131602411332247,0.04681414839707911,-0.003962703673687624,-0.0011792168347897788,0.19158199999999978,0.12867200000533097,-0.33333999999794234,-0.007632999999999998,-0.0053480000000525035,0.0032829999999144767
1310,2.6216744710036437,-0.2155789564755294,-1.2237404413590685,-2.396576311050737,0.05051000823188331,-0.00279390098255674,-0.0018739718491024761,0.19158199999999978,0.12867200000533097,-0.33333999999794234,-0.007632999999999998,-0.0053480000000525035,0.0032829999999144767
1311,2.6236421479989076,0.3754696917639352,-0.742409751623482,-2.2738947960996425,0.04561703747393265,-0.006897184185693717,0.0025000364062126735,0.19158199999999978,0.12867200000533097,-0.33333999999794234,-0.007632999999999998,-0.0053480000000525035,0.0032829999999144767
1312,2.6256346320005832,-0.004562806470666102,-0.6515806507113098,-2.1918721886825145,0.035112078388197764,-0.0055749097461718165,0.0028346825168997216,0.19158199999999978,0.12867200000533097,-0.33333999999794234,-0.007632999999999998,-0.0053480000000525035,0.0032829999999144767
1313,2.627669043999049,-0.3912572686082281,-0.43226899828934096,-2.364829860931792,0.029813093046642637,-0.011037594151187451,0.0076279399301736155,0.12158199999999977,0.11867200000581073,-0.3633399999981022,-0.0006330000000000004,0.0016520000000114668,-0.0007169999999735799
1314,2.6296704140040674,0.06806412754913502,-1.0878475433576058,-1.9698491442718395,0.06209110803667945,-0.004740594546051928,0.005793498535686201,0.12158199999999977,0.11867200000581073,-0.3633399999981022,-0.0006330000000000004,0.0016520000000114668,-0.0007169999999735799
1315,2.6316498329979368,-0.11384559936750036,-1.019457944282926,-1.7986092156959272,0.053675176639131565,-0.012609028974178134,0.0057399471579115775,0.12158199999999977,0.11867200000581073,-0.3633399999981022,-0.0006330000000000004,0.0016520000000114668,-0.0007169999999735799
1316,2.63367093999841,-0.19567161731604163,-0.7737727639471771,-1.9610522530516745,0.0446927042991587,-0.014368712862165496,0.0037616666256513366,0.12158199999999977,0.11867200000581073,-0.3633399999981022,-0.0006330000000000004,0.0016520000000114668,-0.0007169999999735799
1317,2.6356587350019254,0.11951185087639812,-0.5014195524120967,-2.7897901557794733,0.014175430933935262,0.01613203110182704,-0.008012789951841699,0.10158199999999988,0.12867200000325194,-0.20334099999794228,-0.0016330000000000003,0.0006520000000114666,-0.0007169999999895718
1318,2.637685172005149,-0.23145366307595305,-0.8942284246116424,-2.749389551261393,0.02098937989056677,0.02398520865053959,-0.009221031384231535,0.10158199999999988,0.12867200000325194,-0.20334099999794228,-0.0016330000000000003,0.0006520000000114666,-0.0007169999999895718
1319,2.6396523090006667,-0.4238960611638311,-0.7952687846767003,-2.678794116056669,0.03675726983449769,0.008429877269408395,-0.0017402459356657795,0.10158199999999988,0.12867200000325194,-0.20334099999794228,-0.0016330000000000003,0.0006520000000114666,-0.0007169999999895718
1320,2.641671511999448,-0.043306826276022906,-0.21151099160429465,-2.5442626037521565,-0.0060161528451330385,0.013348759551915697,-0.00226053525423204,0.10158199999999988,0.12867200000325194,-0.20334099999794228,-0.0016330000000000003,0.0006520000000114666,-0.0007169999999895718
1321,2.643658225002582,0.032458765259074485,-0.5131553089803926,-2.9260986651301857,0.01349512942947172,0.020760644656701153,-0.007705269932367387,0.09158199999999982,0.12867200000453133,-0.28333999999794224,-0.0006329999999999998,0.002651999999995474,0.00028300000004241263
1322,2.6456749240023782,0.008882798597147157,-0.447473582123316,-2.893962771970149,0.014270086775055629,0.007779204490832868,-0.004166640090694356,0.09158199999999982,0.12867200000453133,-0.28333999999794224,-0.0006329999999999998,0.002651999999995474,0.00028300000004241263
1323,2.6476517980045173,-0.05052634178114707,-0.39169999298404845,-2.8682638781024195,0.0017307900648434516,0.016673748671767418,-0.011636209254663427,0.09158199999999982,0.12867200000453133,-0.28333999999794224,-0.0006329999999999998,0.002651999999995474,0.00028300000004241263
1324,2.6496702610020293,-0.24115018302579447,-0.8280268229819594,-3.0500025600394745,0.027436770644729814,0.01019183910955101,-0.009245758045741424,0.09158199999999982,0.12867200000453133,-0.28333999999794224,-0.0006329999999999998,0.002651999999995474,0.00028300000004241263
1325,2.6516731240044464,0.019323814817788037,-0.7181164100736036,-2.9882319997689972,0.015588773588301423,0.025858628113733975,-0.009089585780122717,0.0715819999999999,0.09867200000293207,-0.18333999999842204,0.00036700000000000014,0.002651999999995474,0.000283000000042412
1326,2.653678471004241,-0.09948153902825953,-0.6144888340647571,-2.620082626289706,0.01610955447997034,0.019972678002647758,-0.004517593661615175,0.0715819999999999,0.09867200000293207,-0.18333999999842204,0.00036700000000000014,0.002651999999995474,0.000283000000042412
1327,2.655650256005174,-0.1722393694244479,-0.00496240620727241,-2.381827792652828,-0.003057750475411637,0.01606789149703874,-0.019839548079418446,0.0715819999999999,0.09867200000293207,-0.18333999999842204,0.00036700000000000014,0.002651999999995474,0.000283000000042412
1328,2.6576295949998894,0.35016639702451113,-0.5260190591390213,-2.574895436949175,0.016725436979077597,0.024438259986620456,-0.0006463231397927704,0.0715819999999999,0.09867200000293207,-0.18333999999842204,0.00036700000000000014,0.002651999999995474,0.000283000000042412
1329,2.6596212580043357,0.15893586110097654,-0.3897804961507905,-2.8018665770772144,0.004923674861876074,0.033045511457864905,-0.006292413358535901,0.061581999999999866,0.08867200000341187,-0.21334099999858194,0.0033669999999999985,0.006652000000043451,-0.0027169999998936196
1330,2.6616244110045955,-0.46221336090525617,-0.44676965668208696,-2.8223519985982763,0.002919827218245104,0.008580681849866812,-0.015284183953526211,0.061581999999999866,0.08867200000341187,-0.21334099999858194,0.0033669999999999985,0.006652000000043451,-0.0027169999998936196
1331,2.66364570800215,0.293608527205852,-0.9362165770942678,-2.610644579122984,0.024669737592530515,0.021093057263026873,-0.010172051310110564,0.061581999999999866,0.08867200000341187,-0.21334099999858194,0.0033669999999999985,0.006652000000043451,-0.0027169999998936196
1332,2.665648310998222,-0.44324393142043134,-0.3846569955152877,-2.7419716912974414,0.004315759508035694,0.013855532882558905,-0.0015167071243121226,0.061581999999999866,0.08867200000341187,-0.21334099999858194,0.0033669999999999985,0.006652000000043451,-0.0027169999998936196
1333,2.667646756002796,-0.17559209483335375,-0.6105926645190796,-2.7515038626837303,0.009001228464137385,0.025565849734499373,-0.0041344893205329135,0.08158199999999989,0.06867200000293207,-0.18333999999890183,0.00036699999999999954,0.0026520000000114664,-0.0007169999999575879
1334,2.6696678630032693,0.13537092921404767,-0.8163798741463931,-1.8743689287157432,0.037026308617798355,0.004142005767404502,-0.0009647866173228021,0.08158199999999989,0.06867200000293207,-0.18333999999890183,0.00036699999999999954,0.0026520000000114664,-0.0007169999999575879
1335,2.6716397080017487,-0.2048613826738036,-1.1069359035689947,-2.1861893386548443,0.052468107806281396,-0.017536151050093953,0.007951254631735937,0.08158199999999989,0.06867200000293207,-0.18333999999890183,0.00036699999999999954,0.0026520000000114664,-0.0007169999999575879
1336,2.6736631599997054,-0.4845067470163192,-0.7463145539806696,-2.418642003536361,0.03055323531056883,-0.019551150405630234,0.011133538994667966,0.08158199999999989,0.06867200000293207,-0.18333999999890183,0.00036699999999999954,0.0026520000000114664,-0.0007169999999575879
1337,2.6756506340025226,-0.1374132561626103,-0.85043074260889,-2.2183544968303206,0.0504508033968034,-0.013801140576381427,7.166277660597822e-05,0.12158199999999983,0.10867200000421148,-0.26333999999826213,-0.005632999999999998,-0.001348000000036511,0.0022829999999784455
1338,2.677657473999716,0.08381738808967662,-0.8477107982957943,-2.2108830422963375,0.0380685361516076,-0.00018618108600422184,0.001555605130105612,0.12158199999999983,0.10867200000421148,-0.26333999999826213,-0.005632999999999998,-0.001348000000036511,0.0022829999999784455
1339,2.679641362003167,-0.05248046391048152,-0.7118536234603551,-2.0378288099587936,0.04821755958538934,-0.011322542635416608,0.005473484727681306,0.12158199999999983,0.10867200000421148,-0.26333999999826213,-0.005632999999999998,-0.001348000000036511,0.0022829999999784455
1340,2.681660375004867,0.16614510460677948,-0.6435753260699427,-2.1797519319167873,0.040762469417013114,0.0025444690086586057,0.00601574629974589,0.12158199999999983,0.10867200000421148,-0.26333999999826213,-0.005632999999999998,-0.001348000000036511,0.0022829999999784455
1341,2.683655444001488,-0.10376898377114022,-0.8447885576650851,-2.219416871720533,0.05526332257863134,-0.011940818675523773,0.001062928144238899,0.20158199999999984,0.09867200000453132,-0.2833399999984221,-0.006632999999999998,-0.0053480000000525035,0.003282999999914476
1342,2.6856696180038853,-0.3958670376843374,-0.3252876291799214,-2.9425947484162283,-0.0025675649772815127,0.018134518720534776,-0.010683476137806286,0.20158199999999984,0.09867200000453132,-0.2833399999984221,-0.006632999999999998,-0.0053480000000525035,0.003282999999914476
1343,2.6876410219992977,-0.3304515126645106,-0.9900142032849326,-2.6482062977934793,0.022785077155641514,0.015240976143521504,-0.006454297576260561,0.20158199999999984,0.09867200000453132,-0.2833399999984221,-0.006632999999999998,-0.0053480000000525035,0.003282999999914476
1344,2.6896949709989713,0.16258529268418748,-0.5449960195629361,-3.0482600293369297,0.009880292174176098,0.02562932477389898,-0.006776370175576429,0.20158199999999984,0.09867200000453132,-0.2833399999984221,-0.006632999999999998,-0.0053480000000525035,0.003282999999914476
1345,2.691662738005107,-0.08155590278002786,-0.7606886761589224,-2.469506595152765,0.02678446042232589,0.01303638388214956,-0.008584494814661588,0.11158199999999972,0.08867200000693021,-0.43333999999858197,0.00036699999999999954,0.0016520000000114668,-0.0007169999999735806
1346,2.6936724740007776,0.27012530514681676,-0.5669291422033021,-2.449170585971041,0.024663588953478817,0.02522259985141019,0.0004867496696034428,0.11158199999999972,0.08867200000693021,-0.43333999999858197,0.00036699999999999954,0.0016520000000114668,-0.0007169999999735806
1347,2.6956477650019224,0.10351536403778802,-0.17803004681422924,-2.5212870214454584,0.012182911612526173,0.010138262056144615,-0.004198685084533506,0.11158199999999972,0.08867200000693021,-0.43333999999858197,0.00036699999999999954,0.0016520000000114668,-0.0007169999999735806
1348,2.697663452003326,-0.41897647455264786,-0.5200281423685459,-2.152602752587397,0.023622010535866565,0.008564779799075104,-6.260178697420533e-05,0.11158199999999972,0.08867200000693021,-0.43333999999858197,0.00036699999999999954,0.0016520000000114668,-0.0007169999999735806
1349,2.6996546540030977,-0.32393210004195605,-0.454844208569307,-2.4087526257121596,0.013376022588596971,0.007502159903531043,-0.003739406613655101,0.07158199999999977,0.06867200000613057,-0.3833389999989018,0.0023669999999999993,0.0036520000000274592,-0.0017169999999415966
1350,2.7016553430003114,-0.1196317573814133,-0.7780972979150117,-2.4542516883412406,0.032961446942955594,0.00254428188844627,-0.0031324471955815896,0.07158199999999977,0.06867200000613057,-0.3833389999989018,0.0023669999999999993,0.0036520000000274592,-0.0017169999999415966
1351,2.7036443399993004,0.1391214240619589,-0.49456350538147703,-2.5675513905100202,0.013284071498932947,0.01336608457113737,-0.0059870543253754864,0.07158199999999977,0.06867200000613057,-0.3833389999989018,0.0023669999999999993,0.0036520000000274592,-0.0017169999999415966
1352,2.705671699004597,0.022556615393217957,-0.57446097286723,-2.543911676965178,0.018504799011085923,0.005833400052769553,-0.00611233199080972,0.07158199999999977,0.06867200000613057,-0.3833389999989018,0.0023669999999999993,0.0036520000000274592,-0.0017169999999415966
1353,2.707652050004981,-0.2656403110540005,-0.522314897895783,-2.496353834430339,0.02857468123706899,0.0026467776142831464,-0.0016782359293271685,0.1015819999999997,0.08867200000772982,-0.483338999998582,0.00036700000000000014,0.0016519999999954741,0.00028300000002641945
1354,2.7096651020037825,0.053961472598695506,-0.6267521594326679,-2.4811393002141533,0.027800487181455905,0.016124149343002356,-0.010019831837205374,0.1015819999999997,0.08867200000772982,-0.483338999998582,0.00036700000000000014,0.0016519999999954741,0.00028300000002641945
1355,2.7116652699987753,-0.3234873302550836,-0.458880401040668,-2.696148152640565,0.016238495229584024,0.013819665237056012,-0.006784865701580793,0.1015819999999997,0.08867200000772982,-0.483338999998582,0.00036700000000000014,0.0016519999999954741,0.00028300000002641945
1356,2.7136836819991004,0.2610297800497495,-0.365647384421533,-2.8285135411685496,-0.007523550573753104,0.02934735742186943,-0.0033492913176410835,0.1015819999999997,0.08867200000772982,-0.483338999998582,0.00036700000000000014,0.0016519999999954741,0.00028300000002641945
1357,2.7156977760023437,-0.661357705466011,-0.5840141482412694,-2.850946574956448,0.012534882764978118,0.0033006464507920044,-0.02018156634773149,0.07158199999999995,0.07867200000149276,-0.09333999999874189,-0.0026329999999999986,-0.000348000000036511,0.002282999999994436
1358,2.7176236150044133,0.012093167128708423,-0.6450629498173553,-2.171968985748145,0.0401557774462347,-0.0024823928850358644,0.002897721153494569,0.07158199999999995,0.07867200000149276,-0.09333999999874189,-0.0026329999999999986,-0.000348000000036511,0.002282999999994436
1359,2.7196476380049717,0.34077954970398944,-0.5902602238192749,-2.118788395934871,0.031680084988275375,0.017196185030796295,-0.00019954775444447034,0.07158199999999995,0.07867200000149276,-0.09333999999874189,-0.0026329999999999986,-0.000348000000036511,0.002282999999994436
1360,2.721653396001784,-0.3327170192175429,-1.0591517024192028,-1.7955768324501227,0.06030328400362534,-0.02100447411783006,-0.00021755825489950186,0.07158199999999995,0.07867200000149276,-0.09333999999874189,-0.0026329999999999986,-0.000348000000036511,0.002282999999994436
1361,2.7236577319999924,-0.004711273805600616,-0.30093417997356275,-2.0053525461201325,0.034516334891915655,-0.0016368414224217352,0.005559219738144398,0.08158199999999985,0.09867200000389162,-0.24333999999842204,-0.001632999999999999,0.0006519999999794816,0.0012830000000104281
1362,2.7256695320029394,0.09607524955036448,-0.7869275319260591,-2.029531824610544,0.047333992862390276,-0.015303944021733157,0.0048820338693215445,0.08158199999999985,0.09867200000389162,-0.24333999999842204,-0.001632999999999999,0.0006519999999794816,0.0012830000000104281
1363,2.7276497819984797,-0.10335385424788186,-0.5195663343870697,-1.9324698758565586,0.035238032057595056,-0.009931414745400106,0.00827283928485489,0.08158199999999985,0.09867200000389162,-0.24333999999842204,-0.001632999999999999,0.0006519999999794816,0.0012830000000104281
1364,2.72966728299798,-0.07415354480247296,-0.6988041746859947,-2.0849500300053974,0.026181892773534558,0.003928489563028517,-0.0031663841157406405,0.08158199999999985,0.09867200000389162,-0.24333999999842204,-0.001632999999999999,0.0006519999999794816,0.0012830000000104281
1365,2.7316571620031027,0.6041287394839974,-0.6683317900162363,-1.9570786651634033,0.04343307537021519,0.011887996568887853,0.010534063682533826,0.12158199999999987,0.088672000003092,-0.193339999998582,-0.002632999999999999,-0.0003480000000205184,0.0012829999999944364
1366,2.7336595640008454,-0.011081602747698387,-0.8921325160359362,-2.0029853554513326,0.04423871884716253,-0.0003352059638266042,0.0046438928813504095,0.12158199999999987,0.088672000003092,-0.193339999998582,-0.002632999999999999,-0.0003480000000205184,0.0012829999999944364
1367,2.7356404759993893,-0.16996895649070703,-0.49252353875517096,-1.982392880328624,0.032865662152184005,-0.010226992985460185,0.0036358432165826708,0.12158199999999987,0.088672000003092,-0.193339999998582,-0.002632999999999999,-0.0003480000000205184,0.0012829999999944364
1368,2.7376516240037745,-0.1967332861264295,-0.7510081759949461,-1.8338396618568955,0.04287634968905323,-0.029326066433837793,0.002790197777688404,0.12158199999999987,0.088672000003092,-0.193339999998582,-0.002632999999999999,-0.0003480000000205184,0.0012829999999944364
1369,2.739654678000079,-0.07618480429748915,-0.4375299032486776,-2.2867078449579585,0.026100157504916222,-0.002653238576923335,0.0007466026422944692,0.09158199999999984,0.08867200000373168,-0.23333899999858196,-0.0016329999999999997,0.0006519999999954741,0.0002830000000104282
1370,2.741664794004464,0.0394981650880412,-0.6375833139170245,-3.183475980448742,0.011572141068719878,0.027743731272307528,-0.010154242159617284,0.09158199999999984,0.08867200000373168,-0.23333899999858196,-0.0016329999999999997,0.0006519999999954741,0.0002830000000104282
1371,2.7436467980005546,-0.1539398733231274,-0.2351571684631006,-2.8350004639094832,0.00800365161102604,0.016675897704837975,-0.002768325663021625,0.09158199999999984,0.08867200000373168,-0.23333899999858196,-0.0016329999999999997,0.0006519999999954741,0.0002830000000104282
1372,2.7456551420036703,-0.23399444934394417,-0.34373775354163344,-2.631861174702134,0.0165697425673586,0.011691761068331261,-0.00917346601454807,0.09158199999999984,0.08867200000373168,-0.23333899999858196,-0.0016329999999999997,0.0006519999999954741,0.0002830000000104282
1373,2.74765446800302,-0.2545674609299815,-0.2822350846394734,-2.9320187071241532,-0.002567185595435722,0.013787769195806142,-0.010505190803078275,0.0815819999999999,0.08867200000229236,-0.14333899999858196,-0.002633,0.0006519999999954741,0.00028300000001042877
1374,2.749672609999834,0.1303957243261191,-0.7046437786145796,-2.5265830497757515,0.03175589686584304,0.0038201620147977583,-0.010281186312073823,0.0815819999999999,0.08867200000229236,-0.14333899999858196,-0.002633,0.0006519999999954741,0.00028300000001042877
1375,2.7516532209992874,0.0702464541794541,-0.9424715497960617,-2.030234160762142,0.05205473399243629,-0.009325064254721635,0.004994228106071873,0.0815819999999999,0.08867200000229236,-0.14333899999858196,-0.002633,0.0006519999999954741,0.00028300000001042877
1376,2.753663408002467,-0.13575340810433914,-1.0768929597820995,-2.038011046591634,0.048219946729386086,-0.007949959510689488,0.005453731777764329,0.0815819999999999,0.08867200000229236,-0.14333899999858196,-0.002633,0.0006519999999954741,0.00028300000001042877
1377,2.755655881999701,0.2368074439528535,-0.471849869658334,-2.1420096920597786,0.026434891470478516,-0.008660064651768466,0.0034684896130302537,0.051581999999999996,0.02867200000021334,-0.013339999999541493,0.0013669999999999995,0.0016520000000114668,-0.0007169999999735811
1378,2.757671689003473,0.2489674933649763,-0.747178856389001,-2.201494501325704,0.03408191910227291,0.00819755063679035,-0.006458724108590242,0.051581999999999996,0.02867200000021334,-0.013339999999541493,0.0013669999999999995,0.0016520000000114668,-0.0007169999999735811
1379,2.759653633002017,-0.10743651036694206,-0.8962359851881224,-2.2850011627397095,0.0485357383569332,-0.0005819451359987874,-0.0004910816715542734,0.051581999999999996,0.02867200000021334,-0.013339999999541493,0.0013669999999999995,0.0016520000000114668,-0.0007169999999735811
1380,2.761665593003272,-0.27012465002441693,-0.8357214390973821,-2.3435620676575977,0.03399633410842983,-0.011081949973230889,0.003345033596686729,0.051581999999999996,0.02867200000021334,-0.013339999999541493,0.0013669999999999995,0.0016520000000114668,-0.0007169999999735811
1381,2.76365845699911,0.03189232585488958,-0.5612151163065241,-2.154084895323795,0.039360077753524514,-0.014328333929489578,-0.001699200187329603,0.1415819999999998,0.10867200000549089,-0.34333999999826215,-0.004632999999999998,-0.002348000000036511,0.0022829999999624522
1382,2.765672932000598,0.08958975166913954,-0.5856362748393917,-1.8667885365936745,0.04101383179536698,-0.014192230084603085,0.00692969968521761,0.1415819999999998,0.10867200000549089,-0.34333999999826215,-0.004632999999999998,-0.002348000000036511,0.0022829999999624522
1383,2.767655747004028,0.15029694236711627,-0.7810175856662933,-1.8273533080085829,0.04769150830697236,-0.01576925823593503,-0.002300879361228649,0.1415819999999998,0.10867200000549089,-0.34333999999826215,-0.004632999999999998,-0.002348000000036511,0.0022829999999624522
1384,2.7696595919987885,-0.3328922852612166,-0.5061311066356874,-2.9389261195989853,0.007918907960587286,0.00764233887751424,-0.008180588377149571,0.1415819999999998,0.10867200000549089,-0.34333999999826215,-0.004632999999999998,-0.002348000000036511,0.0022829999999624522
1385,2.7716639280042727,0.19770540748726131,-0.5986802940674912,-2.2558249971952664,0.02572527685912949,0.004926018088433295,-0.00017642460791932195,0.1415819999999998,0.10867200000533096,-0.3333399999982622,-0.005632999999999998,-0.003348000000036511,0.0022829999999464602
1386,2.7736346410019905,0.07326108812368928,-0.685593468466859,-2.0182872061742416,0.03793699114266232,-0.01150115707163132,-0.003896622082568614,0.1415819999999998,0.10867200000533096,-0.3333399999982622,-0.005632999999999998,-0.003348000000036511,0.0022829999999464602
1387,2.775660646999313,0.20551540299451962,-0.16889676644789298,-1.7256243428704383,0.025355276660999168,-0.0034061892041361715,-0.00014218556115941635,0.1415819999999998,0.10867200000533096,-0.3333399999982622,-0.005632999999999998,-0.003348000000036511,0.0022829999999464602
1388,2.7776209410003503,-0.12103969544981129,-0.827056449285221,-2.324208150539612,0.033054173284752165,-0.0022505411887654894,0.0033071485694972183,0.1415819999999998,0.10867200000533096,-0.3333399999982622,-0.005632999999999998,-0.003348000000036511,0.0022829999999464602
1389,2.7796360069987713,-0.2725437644402356,-1.1274780663387243,-2.1592296037801026,0.058413790448759814,-0.018641260623807443,0.0026430006629836736,0.1315819999999998,0.11867200000469126,-0.29334099999810226,-0.006632999999999998,-0.0023480000000525034,0.0032829999999624535
1390,2.7816316860044026,-0.22188289543445333,-0.76677639530649,-2.2667275317420432,0.041445244145242525,-0.01353829117619636,0.0006586886780464465,0.1315819999999998,0.11867200000469126,-0.29334099999810226,-0.006632999999999998,-0.0023480000000525034,0.0032829999999624535
1391,2.783647923999524,-0.5475372904867059,-0.6379846694081804,-1.7706084917458265,0.04617622070008553,-0.03173099776180309,-0.009269268352346084,0.1315819999999998,0.11867200000469126,-0.29334099999810226,-0.006632999999999998,-0.0023480000000525034,0.0032829999999624535
1392,2.7856239969987655,-0.5413305412451919,-0.5252391866609725,-2.1415270838717113,0.02761508065499453,-0.012576991384140404,0.001700100925757931,0.1315819999999998,0.11867200000469126,-0.29334099999810226,-0.006632999999999998,-0.0023480000000525034,0.0032829999999624535
1393,2.787657697997929,0.2974098365784295,-0.025105650918971954,-2.83292271868507,-0.0005434817043878041,0.017579738061608407,-0.008402220580757827,0.13158199999999978,0.10867200000581073,-0.36333999999826216,-0.005632999999999998,-0.0043480000000525034,0.003282999999930468
1394,2.789719601001707,-0.6126166633835454,-0.8979848859610479,-2.633884524472719,0.022389827098088247,-0.002156212244979147,0.0015200156406006422,0.13158199999999978,0.10867200000581073,-0.36333999999826216,-0.005632999999999998,-0.0043480000000525034,0.003282999999930468
1395,2.791648575999716,0.11592187503850798,-0.2101830743007725,-2.7806576467483404,0.009012783594445673,0.017069816595378266,-0.004675245476645674,0.13158199999999978,0.10867200000581073,-0.36333999999826216,-0.005632999999999998,-0.0043480000000525034,0.003282999999930468
1396,2.7936612780031282,-0.36307767196349233,-0.32167330391119936,-2.296493895788308,0.010966684526825475,0.010515746036509642,-0.0049418864301420395,0.13158199999999978,0.10867200000581073,-0.36333999999826216,-0.005632999999999998,-0.0043480000000525034,0.003282999999930468
1397,2.7956607849991997,0.023213256629084095,-0.546192396050176,-2.693509142195701,0.017261835738846276,0.013447812399820569,-0.004733448596890897,0.06158199999999988,0.08867200000293207,-0.18333999999858194,-0.0016329999999999997,0.0016519999999954741,0.0002830000000264207
1398,2.7976661620050436,-0.4778283727098054,-0.3319308245303857,-2.981621215354073,0.008313031027615533,0.006022926837306131,-0.0068832666060537305,0.06158199999999988,0.08867200000293207,-0.18333999999858194,-0.0016329999999999997,0.0016519999999954741,0.0002830000000264207
1399,2.7996470340003725,0.15198756936994812,-0.9135939679682319,-2.31804095538965,0.051416400769692144,0.004377611774373366,-0.006407322787954936,0.06158199999999988,0.08867200000293207,-0.18333999999858194,-0.0016329999999999997,0.0016519999999954741,0.0002830000000264207
1400,2.801660928002093,-0.5964398923837612,-0.7474417028297566,-2.170922313555777,0.046524633615300987,-0.020434197611348577,0.006827566619171911,0.06158199999999988,0.08867200000293207,-0.18333999999858194,-0.0016329999999999997,0.0016519999999954741,0.0002830000000264207
1401,2.8036587210008292,0.030948597122532895,-0.9656093872986227,-2.435067141739335,0.04216359805212663,-0.007040156796327588,0.002329202183208586,0.02158200000000005,0.068671999998774,0.07666000000109824,-0.0016329999999999984,-0.000348000000036511,0.0022829999999944353
1402,2.805655032003415,-0.17057689555411445,-0.6138205792765297,-2.468584854845926,0.03345745135006153,-0.004301902335275482,0.008278324466928723,0.02158200000000005,0.068671999998774,0.07666000000109824,-0.0016329999999999984,-0.000348000000036511,0.0022829999999944353
1403,2.8076443200043286,-0.4726295054759042,-0.6107227095730797,-2.34048417471274,0.02934343972856473,-0.014013351892854558,-0.006341916954414762,0.02158200000000005,0.068671999998774,0.07666000000109824,-0.0016329999999999984,-0.000348000000036511,0.0022829999999944353
1404,2.809651190000295,0.2831155737019274,-0.7974833266822673,-2.501015707299817,0.035076904357752174,0.002675576925478437,0.006671587646108754,0.02158200000000005,0.068671999998774,0.07666000000109824,-0.0016329999999999984,-0.000348000000036511,0.0022829999999944353
1405,2.8116541339986725,-0.5979913079925889,-0.7769822441939369,-2.4689819917697697,0.03498134410976628,-0.014254883331751227,-0.0035862389700820523,0.12158199999999984,0.12867200000389165,-0.24333999999794229,-0.004632999999999998,-0.001348000000036511,0.0022829999999784446
1406,2.8136843379979837,-0.3791567274169275,-0.9120653296909356,-2.196666863043706,0.044571243460424764,-0.009611246771845994,-0.003726644920585121,0.12158199999999984,0.12867200000389165,-0.24333999999794229,-0.004632999999999998,-0.001348000000036511,0.0022829999999784446
1407,2.8156654800040997,0.061637917433198984,-0.5080871031753331,-2.065847442489168,0.03486887829372844,-0.004714356108974697,-0.006215690374304642,0.12158199999999984,0.12867200000389165,-0.24333999999794229,-0.004632999999999998,-0.001348000000036511,0.0022829999999784446
1408,2.8176627729990287,-0.23649490357694739,-0.7992117043200537,-2.324742926479791,0.04133705409531678,-0.01337392038450854,0.006592720758828027,0.12158199999999984,0.12867200000389165,-0.24333999999794229,-0.004632999999999998,-0.001348000000036511,0.0022829999999784446
1409,2.8197153190048994,0.4683850360598288,-0.5501897636612778,-2.1078373441047673,0.04035810840549207,-0.00035361699101538673,0.004455560493095857,0.1115819999999998,0.07867200000485117,-0.3033389999987419,-0.0006329999999999998,0.0006519999999954741,0.0002830000000104275
1410,2.821652279002592,-0.32564044537015646,-0.25456822032541077,-2.4909898977812746,0.028382197720219514,-0.010047899461555095,-0.01107045082936394,0.1115819999999998,0.07867200000485117,-0.3033389999987419,-0.0006329999999999998,0.0006519999999954741,0.0002830000000104275
1411,2.8236338019996765,0.10043527578331678,-0.1565867495148812,-2.986265981964868,-0.0025379943273927796,0.021191793812396557,-0.01779244026588234,0.1115819999999998,0.07867200000485117,-0.3033389999987419,-0.0006329999999999998,0.0006519999999954741,0.0002830000000104275
1412,2.8256600579989026,0.34527368534719743,-0.45289207490717953,-3.0040589200401095,0.0027434298103614133,0.027361374938939656,-0.004085294042498619,0.1115819999999998,0.07867200000485117,-0.3033389999987419,-0.0006329999999999998,0.0006519999999954741,0.0002830000000104275
1413,2.827664003998507,0.026538359580804985,-0.741771977613515,-2.682324754941779,0.024613157709491806,0.003404305437822683,-0.005280344020484919,0.11158199999999982,0.09867200000469126,-0.29334099999842206,-0.0026329999999999986,-0.000348000000036511,0.002282999999994436
1414,2.8296572090039263,0.04794208624814369,0.020782316713008134,-2.515867161329428,0.010084662127742245,0.0036688807474127396,-0.005099718612959218,0.11158199999999982,0.09867200000469126,-0.29334099999842206,-0.0026329999999999986,-0.000348000000036511,0.002282999999994436
1415,2.8316687580008875,-0.2148277999572813,-0.5009386315411084,-2.5032982892274322,0.017318291137389648,0.008976785003747925,-0.0001839453073981505,0.11158199999999982,0.09867200000469126,-0.29334099999842206,-0.0026329999999999986,-0.000348000000036511,0.002282999999994436
1416,2.83367675000045,0.4130039288441405,-0.23374673871858304,-2.630297571494852,-0.0016298669112623117,0.0249849003655514,-0.010575765528702727,0.11158199999999982,0.09867200000469126,-0.29334099999842206,-0.0026329999999999986,-0.000348000000036511,0.002282999999994436
1417,2.835664946003817,0.01619758008485544,-0.5652458287074008,-2.6568357936826126,0.012190895647906003,0.01564089478901268,-0.011514800651905181,0.12158199999999987,0.11867200000325194,-0.2033409999981022,-0.006632999999999997,-0.003348000000068496,0.004282999999946462
1418,2.837669252003252,-0.5429156652527517,-0.7140035532311505,-2.5662294716864555,0.020822817574038692,-0.0031455771712755602,-0.008423049353277048,0.12158199999999987,0.11867200000325194,-0.2033409999981022,-0.006632999999999997,-0.003348000000068496,0.004282999999946462
1419,2.839651196001796,-0.5349686596082515,-0.7080279482069403,-2.524459892165431,0.03215019612433062,-0.011399535124483273,-0.00015992044403657482,0.12158199999999987,0.11867200000325194,-0.2033409999981022,-0.006632999999999997,-0.003348000000068496,0.004282999999946462
1420,2.841667173001042,-0.7290226290632313,-0.9435223499118628,-2.5956688451553425,0.03545074895044962,-0.011295316281208759,-0.006331882962363751,0.12158199999999987,0.11867200000325194,-0.2033409999981022,-0.006632999999999997,-0.003348000000068496,0.004282999999946462
1421,2.8436337489984,0.38560166259818285,-0.1780950064238457,-2.441067370766826,0.01009437055638165,0.01649688282616654,-0.008326728889075753,0.061581999999999935,0.08867200000165266,-0.10333999999858196,-0.0026329999999999986,-0.002348000000036511,0.002282999999962451
1422,2.8456289370005834,-0.20347308267332784,-0.5861462476252702,-2.8108111302034375,0.013194493835762898,0.008518334753959128,-0.007820577372888105,0.061581999999999935,0.08867200000165266,-0.10333999999858196,-0.0026329999999999986,-0.002348000000036511,0.002282999999962451
1423,2.8476518879979267,0.31935274982070516,-0.7154537629851476,-2.893631046400046,0.02662622969345198,0.013558671458155083,0.00249214325378927,0.061581999999999935,0.08867200000165266,-0.10333999999858196,-0.0026329999999999986,-0.002348000000036511,0.002282999999962451
1424,2.8496832540040486,0.0599972237426774,-0.6586751823406894,-2.487749699766319,0.03906611687311573,-0.0023913187327745467,-0.002046460375042615,0.061581999999999935,0.08867200000165266,-0.10333999999858196,-0.0026329999999999986,-0.002348000000036511,0.002282999999962451
1425,2.8516664909984684,0.16167455595156607,-0.5337909121368517,-2.3582254806313494,0.024808085122525,0.009498303118034974,-0.0002725488117488605,0.06158199999999987,0.04867200000325194,-0.20334099999922164,0.004366999999999999,0.004652000000027459,-0.0017169999999256055
1426,2.853672760000336,-0.30721982162904266,-0.5709455427795117,-2.358394131729538,0.02076665927283653,0.0032390240554654895,-0.00488534209041005,0.06158199999999987,0.04867200000325194,-0.20334099999922164,0.004366999999999999,0.004652000000027459,-0.0017169999999256055
1427,2.855658560998563,0.240494668117095,-0.5051865134804027,-2.250297446792971,0.018200747472501274,0.005674031891904695,-0.0033294022695363767,0.06158199999999987,0.04867200000325194,-0.20334099999922164,0.004366999999999999,0.004652000000027459,-0.0017169999999256055
1428,2.8576717329997336,0.07044455341181716,-0.594878716895,-2.382253860427039,0.029463853332017,0.0025868781151382986,-0.007424631043697131,0.06158199999999987,0.04867200000325194,-0.20334099999922164,0.004366999999999999,0.004652000000027459,-0.0017169999999256055
1429,2.859666702002869,-0.2246934036045007,-0.8043809356300561,-2.4725485002430845,0.0366903191297245,0.003773331641742608,-0.003468379055701384,0.07158199999999991,0.07867200000261222,-0.16333999999874188,0.0023669999999999993,0.004652000000027459,-0.0017169999999256042
1430,2.861669294004969,0.07147217636944106,-0.5270599278365159,-2.5270623707109094,0.02051391444727491,0.010281017276018602,-0.009937224855809878,0.07158199999999991,0.07867200000261222,-0.16333999999874188,0.0023669999999999993,0.004652000000027459,-0.0017169999999256042
1431,2.8636587020009756,-0.32617713286383676,-0.11560969840779843,-2.55670596965377,0.007378034568503078,-0.0021341665958439946,0.0002946528264614184,0.07158199999999991,0.07867200000261222,-0.16333999999874188,0.0023669999999999993,0.004652000000027459,-0.0017169999999256042
1432,2.86568853600329,-0.06967576569897116,-0.6000154332362455,-2.7393043545502347,0.013656867578018095,0.01591553313257169,-0.012180770890209294,0.07158199999999991,0.07867200000261222,-0.16333999999874188,0.0023669999999999993,0.004652000000027459,-0.0017169999999256042
1433,2.867671612002596,0.18900496905037498,-0.4234302672522008,-2.5955233236624915,0.020871385252881045,0.014333941463261592,-0.009011881809191236,0.1115819999999999,0.09867200000261221,-0.16333999999842208,-0.0006330000000000004,0.0016520000000114668,-0.0007169999999735799
1434,2.8696784819985623,-0.06914832128213193,-0.7367217945775181,-2.442542692319864,0.03689672566566418,0.00035842385605497075,0.001697546178981888,0.1115819999999999,0.09867200000261221,-0.16333999999842208,-0.0006330000000000004,0.0016520000000114668,-0.0007169999999735799
1435,2.8716650550049962,-0.25826174374719135,-0.827234901151251,-2.6234053075101094,0.026775584900730884,-0.0005257804458448835,-0.0007597847135477167,0.1115819999999999,0.09867200000261221,-0.16333999999842208,-0.0006330000000000004,0.0016520000000114668,-0.0007169999999735799
1436,2.8736852799993358,0.34846469339482405,-0.7834778879658393,-2.577087796806715,0.023078666432877655,0.023541786356586516,0.00013215434537789764,0.1115819999999999,0.09867200000261221,-0.16333999999842208,-0.0006330000000000004,0.0016520000000114668,-0.0007169999999735799
1437,2.8756804590011598,-0.6441071194209693,-0.6983362370557938,-2.5570988801664525,0.03363304494613493,-0.012830940947634036,0.0031186469291739818,0.05158199999999983,0.0686720000043714,-0.2733399999989018,0.0073669999999999985,0.006652000000043451,-0.0027169999998936222
1438,2.877676820004126,-0.3453428422292567,-0.9170130699498044,-2.093829080793716,0.048441559480040385,-0.008666297152707341,0.0005790824032504237,0.05158199999999983,0.0686720000043714,-0.2733399999989018,0.0073669999999999985,0.006652000000043451,-0.0027169999998936222
1439,2.8796741219994146,-0.512049116053555,-0.6422345259460415,-2.576404580634736,0.028409540222374862,0.001992030495314487,-0.010667343164158398,0.05158199999999983,0.0686720000043714,-0.2733399999989018,0.0073669999999999985,0.006652000000043451,-0.0027169999998936222
1440,2.881686664004519,-0.3784907266828662,-0.6970726065134618,-2.891765560359725,0.027094132701910908,-0.006987722844610918,-0.015438943310980615,0.05158199999999983,0.0686720000043714,-0.2733399999989018,0.0073669999999999985,0.006652000000043451,-0.0027169999998936222
1441,2.8836781560021336,-0.09463274002506318,-0.7848782924713806,-2.6731026456823277,0.023096886989685587,0.012794074590806254,-0.008787471711543713,0.0915819999999998,0.08867200000485116,-0.303338999998582,0.0023669999999999993,0.0036520000000274592,-0.0017169999999415966
1442,2.8856862079992425,-0.021356382912933798,-0.6459210609269482,-2.5979009369233186,0.025885520470516322,0.00849785387900722,0.00015622036652114234,0.0915819999999998,0.08867200000485116,-0.303338999998582,0.0023669999999999993,0.0036520000000274592,-0.0017169999999415966
1443,2.8876789420028217,-0.3507021184842029,-0.8589762832567989,-2.7169823575781407,0.03366187152733698,0.006278611279383645,-0.002193403411247226,0.0915819999999998,0.08867200000485116,-0.303338999998582,0.0023669999999999993,0.0036520000000274592,-0.0017169999999415966
1444,2.8896960519996355,-0.05694422172172911,-0.38488126651164617,-2.888347567557456,0.015105954447867272,0.009289588135480652,-0.007596420361510633,0.0915819999999998,0.08867200000485116,-0.303338999998582,0.0023669999999999993,0.0036520000000274592,-0.0017169999999415966
1445,2.8916578979988117,-0.8007833605289587,-0.44344671831333804,-2.8820607209404128,0.012227744733908884,-0.001409338539625063,-0.005024980595654268,0.09158199999999975,0.0886720000062905,-0.39333899999858196,0.00036699999999999884,0.0036520000000274592,-0.0017169999999415955
1446,2.8936371070012683,-0.06975879555002405,-0.3370252932773445,-2.938012347086911,0.004494791886570214,0.01910859053673671,-0.01891228005748628,0.09158199999999975,0.0886720000062905,-0.39333899999858196,0.00036699999999999884,0.0036520000000274592,-0.0017169999999415955
1447,2.895634690001316,-0.810654507703124,-0.21540770824530447,-2.6894357081811946,0.003326163578568615,-0.001622543693907269,-0.015902491015712887,0.09158199999999975,0.0886720000062905,-0.39333899999858196,0.00036699999999999884,0.0036520000000274592,-0.0017169999999415955
1448,2.8976261720017646,-0.48560034401858704,-0.4989801622944576,-1.9931514437742175,0.033730514329990455,-0.018368310694436257,0.0025695970015016715,0.09158199999999975,0.0886720000062905,-0.39333899999858196,0.00036699999999999884,0.0036520000000274592,-0.0017169999999415955
1449,2.899649202998262,-0.10166001107534386,-0.702240402824781,-1.964664612423721,0.044988128320324894,-0.006670967539855632,0.008083289369340161,0.09158199999999966,0.06867200000852945,-0.5333399999989018,0.0013669999999999989,0.002652000000027459,-0.0017169999999575886
1450,2.901634293004463,-0.24045990887472132,-1.1050768347036921,-2.2836866855863494,0.05691570623752419,-0.011726898822298402,0.00358547180665861,0.09158199999999966,0.06867200000852945,-0.5333399999989018,0.0013669999999999989,0.002652000000027459,-0.0017169999999575886
1451,2.9036366250002175,-0.20219872183297755,-0.65450728355298,-2.081801784697925,0.03910985268930492,-0.026007424868209044,-0.0005661668307889434,0.09158199999999966,0.06867200000852945,-0.5333399999989018,0.0013669999999999989,0.002652000000027459,-0.0017169999999575886
1452,2.905638716001704,-0.1486904234474669,-0.8465232171199243,-1.8848097524893326,0.04907983926940755,-0.015495677106507923,0.005421750284365995,0.09158199999999966,0.06867200000852945,-0.5333399999989018,0.0013669999999999989,0.002652000000027459,-0.0017169999999575886
1453,2.907658080002875,-0.6153455432373347,-0.26542324189570493,-2.9293672279592835,0.0029327528963451863,0.010260205047432889,-0.011396822286051078,0.11158199999999989,0.07867200000293208,-0.1833399999987419,-0.002632999999999999,-0.0013480000000205185,0.0012829999999784437
1454,2.9096607730025426,-0.4330861210377123,-0.9939498744912455,-2.3778548424503083,0.0459435316633741,-0.01574861020273005,0.006980542674867483,0.11158199999999989,0.07867200000293208,-0.1833399999987419,-0.002632999999999999,-0.0013480000000205185,0.0012829999999784437
1455,2.911626998000429,-0.21097849752484873,-0.8043699409657058,-2.507471130649535,0.0430131338822374,-0.009351852121766759,0.003763571647113983,0.11158199999999989,0.07867200000293208,-0.1833399999987419,-0.002632999999999999,-0.0013480000000205185,0.0012829999999784437
1456,2.9136251020026975,-0.3403645568686037,-0.588339401391648,-2.248593166885243,0.039564950893212145,-0.01988580324557092,-3.0032473438042554e-05,0.11158199999999989,0.07867200000293208,-0.1833399999987419,-0.002632999999999999,-0.0013480000000205185,0.0012829999999784437
1457,2.9156637720006984,-0.030718580443443336,-0.8720755468590837,-2.180977830666431,0.04201184745773612,-0.005765578858746561,0.00892255598652083,0.15158199999999988,0.118672000003092,-0.19333999999810225,-0.005632999999999998,-0.004348000000036511,0.002282999999930468
1458,2.917667096000514,-0.6144085752040976,-1.1585761958217002,-1.729933897436683,0.06148720521011422,-0.024136596660820228,-0.0016427733304803093,0.15158199999999988,0.118672000003092,-0.19333999999810225,-0.005632999999999998,-0.004348000000036511,0.002282999999930468
1459,2.9196611820007092,-0.16881739403425472,-0.7592940617804151,-2.5408379827408987,0.020112125269219388,0.008114423736925854,-0.01040945509978817,0.15158199999999988,0.118672000003092,-0.19333999999810225,-0.005632999999999998,-0.004348000000036511,0.002282999999930468
1460,2.9216642160026822,0.05454505047874257,-0.4301548461731463,-2.494856303241799,0.01996919346885243,0.010363293391487909,-0.00846046667586018,0.15158199999999988,0.118672000003092,-0.19333999999810225,-0.005632999999999998,-0.004348000000036511,0.002282999999930468
1461,2.9236881079996238,-0.4252354602546455,-0.41470975080491046,-2.821863181975552,0.014040713435409408,0.002890400996487415,4.803116916765145e-05,0.09158199999999984,0.09867200000405155,-0.25333999999842205,0.0003669999999999989,0.002652000000027459,-0.001716999999957588
1462,2.9256647119982517,0.1774511071429795,-0.7400441224729009,-2.6025722586823123,0.008497335366248377,0.03190446081935364,-0.010976310716278293,0.09158199999999984,0.09867200000405155,-0.25333999999842205,0.0003669999999999989,0.002652000000027459,-0.001716999999957588
1463,2.927657154999906,-0.9842464501083147,-0.6813299344024955,-2.7545148081616424,0.022431666959941924,0.0026447966898437945,-0.003582752647266642,0.09158199999999984,0.09867200000405155,-0.25333999999842205,0.0003669999999999989,0.002652000000027459,-0.001716999999957588
1464,2.929673302998708,-0.6978809484197153,-0.1726804652060196,-2.9851662215492025,-0.005297665422768088,0.00592194100536411,-0.004336842834244902,0.09158199999999984,0.09867200000405155,-0.25333999999842205,0.0003669999999999989,0.002652000000027459,-0.001716999999957588
1465,2.9316610079986276,0.33375123141273366,-0.3993861836590913,-2.767562738346458,0.008176259808984747,0.024957635189033968,-0.0110340239174684,0.13158199999999978,0.12867200000597068,-0.3733409999979423,-0.005632999999999998,-0.001348000000036511,0.0022829999999784455
1466,2.933668570003647,0.10633181304736485,-0.6015530782908042,-2.7012546255785694,0.018897685845213383,0.020903231510653878,-0.009260165282535576,0.13158199999999978,0.12867200000597068,-0.3733409999979423,-0.005632999999999998,-0.001348000000036511,0.0022829999999784455
1467,2.9356489310011966,0.22781516601948518,-0.8283409540783494,-2.253368176166875,0.04497670270871877,-0.006553099928390222,-0.0008900341984323819,0.13158199999999978,0.12867200000597068,-0.3733409999979423,-0.005632999999999998,-0.001348000000036511,0.0022829999999784455
1468,2.937666892001289,-0.1854220059008909,-0.545753218559222,-2.495960584554924,0.032023085590024425,-0.0054141210574775835,-2.8292576645578153e-05,0.13158199999999978,0.12867200000597068,-0.3733409999979423,-0.005632999999999998,-0.001348000000036511,0.0022829999999784455
1469,2.9396605680012726,-0.20283088203657745,-0.9436288077449586,-2.152187961777183,0.05108477546144347,-0.020338816787995883,0.0024435474006326303,0.15158199999999988,0.13867200000277213,-0.17333999999778238,-0.007632999999999998,-0.0073480000000525035,0.0032829999998824915
1470,2.9416697730048327,0.029116503572142193,-0.6180166860259805,-2.3315186656702855,0.035657986955677436,-0.001568641351063555,-0.0026369058567358972,0.15158199999999988,0.13867200000277213,-0.17333999999778238,-0.007632999999999998,-0.0073480000000525035,0.0032829999998824915
1471,2.9436545420030598,0.40431709313938025,-0.4431939586965234,-2.2770598234181363,0.034718248595602665,-0.005559076759469901,0.010569649866096929,0.15158199999999988,0.13867200000277213,-0.17333999999778238,-0.007632999999999998,-0.0073480000000525035,0.0032829999998824915
1472,2.945652185000654,-0.5785032608229498,-0.6413262630768153,-2.404031061115003,0.03541027922310559,-0.023192980234453386,0.0027700519612337,0.15158199999999988,0.13867200000277213,-0.17333999999778238,-0.007632999999999998,-0.0073480000000525035,0.0032829999998824915
1473,2.9476316850050353,-0.38316500419824573,-0.4079047197572812,-2.6633618675077493,0.017831610120429966,0.0012406026933365292,-0.0066639919075993925,0.1515819999999998,0.08867200000469126,-0.29334099999858204,-0.004632999999999998,-0.004348000000036511,0.0022829999999304674
1474,2.9496360510020168,-0.5134983580324513,-0.728962559329471,-2.005923411506077,0.04368792914624723,-0.020118246899543914,-0.0004988095866652124,0.1515819999999998,0.08867200000469126,-0.29334099999858204,-0.004632999999999998,-0.004348000000036511,0.0022829999999304674
1475,2.9516260899981717,-0.38882505962305786,-0.7089085344345669,-1.9360667067677721,0.048995524690708885,-0.013822587423858081,0.000837367097354011,0.1515819999999998,0.08867200000469126,-0.29334099999858204,-0.004632999999999998,-0.004348000000036511,0.0022829999999304674
1476,2.9536203169991495,-0.8773178284603429,-0.4922597468584697,-2.5799783771347107,0.028423037056796305,-0.023975323138791225,-0.00312025796333297,0.1515819999999998,0.08867200000469126,-0.29334099999858204,-0.004632999999999998,-0.004348000000036511,0.0022829999999304674
1477,2.955635873004212,-0.49612999386084405,-0.6309059979214681,-2.256452370889934,0.04284057584209064,-0.02847350131857357,0.006437438044901444,0.11158199999999975,0.0686720000064504,-0.4033389999989018,-0.0006329999999999998,0.0006519999999954741,0.0002830000000104275
1478,2.957673151002382,0.26765924954672343,-0.8757383547952253,-1.9212922090663809,0.050466380038411224,-0.006904600948767069,-0.005162136166565036,0.11158199999999975,0.0686720000064504,-0.4033389999989018,-0.0006329999999999998,0.0006519999999954741,0.0002830000000104275
1479,2.9596298780015786,-0.5886095290574371,-0.6713741134375898,-2.367664076322114,0.029898276907064675,-0.006917852509889144,-0.00174832155253608,0.11158199999999975,0.0686720000064504,-0.4033389999989018,-0.0006329999999999998,0.0006519999999954741,0.0002830000000104275
1480,2.961668477000785,-0.18229605027322665,-0.6979913356223304,-2.62148030631049,0.022484937442648283,0.0018848708019489184,-0.008958633575377867,0.11158199999999975,0.0686720000064504,-0.4033389999989018,-0.0006329999999999998,0.0006519999999954741,0.0002830000000104275
1481,2.963659989000007,-0.2502159780246902,-0.758734591337943,-2.2581685674790775,0.04022868521339737,-0.01981494007793335,-0.003406166199246084,0.07158199999999987,0.07867200000357176,-0.22333899999874188,0.00036699999999999954,0.0016520000000114668,-0.0007169999999735806
1482,2.9656765879990417,-0.3745331470611362,-0.7481492781745795,-2.391441302446699,0.042230794536883796,-0.012486217072647358,-0.0030443563843203115,0.07158199999999987,0.07867200000357176,-0.22333899999874188,0.00036699999999999954,0.0016520000000114668,-0.0007169999999735806
1483,2.9676504570015823,-0.2889611964618648,-0.8581620567310058,-2.104907087329506,0.04724851331666017,-0.010138053034452577,0.0111127813069095,0.07158199999999987,0.07867200000357176,-0.22333899999874188,0.00036699999999999954,0.0016520000000114668,-0.0007169999999735806
1484,2.9696685480012093,-0.0796218763261473,-0.7868284982662993,-2.0554987403800036,0.042177384456898025,-0.006568146892316838,0.0032036348962315993,0.07158199999999987,0.07867200000357176,-0.22333899999874188,0.00036699999999999954,0.0016520000000114668,-0.0007169999999735806
1485,2.971657756002969,0.13996387337003402,-0.6922005726684801,-1.9368159648501546,0.04320535176928424,-0.004099420616739495,-0.0013689353401136492,0.09158199999999996,0.07867200000101296,-0.0633389999987419,-0.0016329999999999997,-0.001348000000004526,0.0002829999999784431
1486,2.973671118998027,-0.0283657530463859,-0.7932187197079137,-2.3339566344161873,0.03457866076022988,0.0078567822343722,0.0019868708848237143,0.09158199999999996,0.07867200000101296,-0.0633389999987419,-0.0016329999999999997,-0.001348000000004526,0.0002829999999784431
1487,2.9756526019991725,0.3788318109770925,-0.5647535747827376,-2.3640670714952337,0.040485704232465794,-0.003539739412916235,0.0008957606091029057,0.09158199999999996,0.07867200000101296,-0.0633389999987419,-0.0016329999999999997,-0.001348000000004526,0.0002829999999784431
1488,2.977633473004971,0.1134366758939654,-1.0806119140371495,-2.131882097532837,0.053320724028833394,0.0022453489780510875,0.005516819393130296,0.09158199999999996,0.07867200000101296,-0.0633389999987419,-0.0016329999999999997,-0.001348000000004526,0.0002829999999784431
1489,2.979631647998758,-0.3569843176024376,-1.0480195790939468,-2.4579560888461187,0.05777315036644188,-0.007849196530588791,0.003328631183456941,0.04158200000000007,0.03867199999829422,0.10666100000061844,0.0013670000000000008,-0.0003480000000205184,0.0012829999999944338
1490,2.9816723320036544,-0.04306149799836891,-0.760915990017654,-2.4004780329050255,0.029975081174248238,-0.0019430553687213449,-0.005627758089963229,0.04158200000000007,0.03867199999829422,0.10666100000061844,0.0013670000000000008,-0.0003480000000205184,0.0012829999999944338
1491,2.9836498869990464,-0.7842089410969704,-0.8536338149152439,-2.226710412472727,0.044293622033377014,-0.022513946081386158,0.007477869416297769,0.04158200000000007,0.03867199999829422,0.10666100000061844,0.0013670000000000008,-0.0003480000000205184,0.0012829999999944338
1492,2.985664172003453,-0.0031613182919617874,-0.8915676830237433,-2.2101357626145077,0.04539218998596603,-0.008582890420288328,0.003635332218533118,0.04158200000000007,0.03867199999829422,0.10666100000061844,0.0013670000000000008,-0.0003480000000205184,0.0012829999999944338
1493,2.9876522070044302,-0.3827914171646844,-0.7339167347945118,-2.3765537572307966,0.04050747922440972,-0.016671775021218707,0.004088460740968547,0.04158199999999995,0.07867200000117289,-0.07333899999874187,0.0013670000000000002,0.002651999999995474,0.0002830000000424113
1494,2.989670800001477,0.2109443554061734,-1.0957175421196996,-2.103552091540472,0.057217131106892416,-0.004870158589662754,0.001405230514484824,0.04158199999999995,0.07867200000117289,-0.07333899999874187,0.0013670000000000002,0.002651999999995474,0.0002830000000424113
1495,2.991696695004066,0.37075074713510003,-1.073649685645076,-2.0201970728276235,0.050778959012513634,0.007072153060825688,0.007880134963706289,0.04158199999999995,0.07867200000117289,-0.07333899999874187,0.0013670000000000002,0.002651999999995474,0.0002830000000424113
1496,2.9936744820006425,-0.3317716294742825,-0.5946392371892288,-2.873980326517175,0.01470250099994018,0.00834124689984401,-0.008954572525729206,0.04158199999999995,0.07867200000117289,-0.07333899999874187,0.0013670000000000002,0.002651999999995474,0.0002830000000424113
1497,2.9956646709979395,-0.25271990296041236,-0.9987099304597312,-1.8840840647333763,0.05010970841880648,-0.025673080846319873,-0.0011208528950267965,0.07158199999999981,0.06867200000485116,-0.30333899999890185,0.0013669999999999995,0.0026520000000114664,-0.0007169999999575886
1498,2.997673625999596,-0.3362977243098945,-1.1020680488466408,-2.1669083446527115,0.0560423931351342,-0.015084614603730258,0.007262579873007576,0.07158199999999981,0.06867200000485116,-0.30333899999890185,0.0013669999999999995,0.0026520000000114664,-0.0007169999999575886
1499,2.9996520030035754,-0.516112143408355,-0.9976890166728277,-1.9339326715194503,0.05601542298331751,-0.011090716170863905,0.002872163889713674,0.07158199999999981,0.06867200000485116,-0.30333899999890185,0.0013669999999999995,0.0026520000000114664,-0.0007169999999575886
1500,3.001664494004217,-0.08058204884279392,-0.9854383272727665,-1.8356717927773052,0.05476820557746709,-0.00906198956896829,0.0030864776147636374,0.07158199999999981,0.06867200000485116,-0.30333899999890185,0.0013669999999999995,0.0026520000000114664,-0.0007169999999575886
1501,3.003656726999907,-0.16578735527987923,-0.9085654154504718,-2.2516552568001575,0.04687242752865095,-0.016058966254499932,0.0020465768078520193,0.11158199999999978,0.08867200000549089,-0.34333999999858195,-0.002633,-0.0003480000000045259,0.00028299999999443625
1502,3.0056450530028087,0.273776056989733,-0.5739766782098552,-2.8731664379842066,0.014672403427780627,0.030430275304885096,-0.016196271046681348,0.11158199999999978,0.08867200000549089,-0.34333999999858195,-0.002633,-0.0003480000000045259,0.00028299999999443625
1503,3.0076311849988997,-0.0405834598359106,-0.4423146190240115,-2.940102605237539,0.006201648701616794,0.01951681555692615,-0.016922708551615075,0.11158199999999978,0.08867200000549089,-0.34333999999858195,-0.002633,-0.0003480000000045259,0.00028299999999443625
1504,3.0096675399981905,-0.28508352513394886,-0.5599905803854249,-1.968708899015731,0.033805662387585346,-0.016820961358796373,0.006789440555610215,0.11158199999999978,0.08867200000549089,-0.34333999999858195,-0.002633,-0.0003480000000045259,0.00028299999999443625
1505,3.0116361789987423,-0.4181696816094088,-0.5887898198587475,-2.2451361284344693,0.035195631273155156,-0.011768114041458128,-0.004143020328469799,0.06158199999999989,0.06867200000277214,-0.1733399999989018,-0.001632999999999999,0.0006519999999794816,0.0012830000000104281
1506,3.0136714930049493,-0.2514337746392047,-0.8524098579724347,-1.9458711422103945,0.05335124193463436,-0.01820387007766736,0.005872273870535024,0.06158199999999989,0.06867200000277214,-0.1733399999989018,-0.001632999999999999,0.0006519999999794816,0.0012830000000104281
1507,3.0156637059990317,-0.32451067377114307,-0.30207172876485244,-2.091310321034836,0.026280775492500692,-0.015560943286864377,-0.0077142843855155215,0.06158199999999989,0.06867200000277214,-0.1733399999989018,-0.001632999999999999,0.0006519999999794816,0.0012830000000104281
1508,3.0176743640040513,-0.32223506039354116,-0.8503916071768042,-2.01132966988344,0.040065574182769056,-0.013776408126664148,0.004839261416055756,0.06158199999999989,0.06867200000277214,-0.1733399999989018,-0.001632999999999999,0.0006519999999794816,0.0012830000000104281
1509,3.019719215000805,0.32186715068452765,-0.6794887917498564,-2.1057446971180966,0.03593153403558585,-0.0033406325355717927,0.00567089845766334,0.12158199999999983,0.10867200000421148,-0.26333999999826213,-0.005632999999999998,-0.0043480000000525034,0.003282999999930468
1510,3.0216655530020944,-0.4473192017675891,-0.7601045222093403,-2.473912466095334,0.03653295316925616,-0.012902089350429006,0.007279320475569793,0.12158199999999983,0.10867200000421148,-0.26333999999826213,-0.005632999999999998,-0.0043480000000525034,0.003282999999930468
1511,3.0236397519984166,-0.6720758272957436,-0.5155380637678806,-2.8814201962537584,0.007244708428021661,0.011898089164863648,-0.0108185157784424,0.12158199999999983,0.10867200000421148,-0.26333999999826213,-0.005632999999999998,-0.0043480000000525034,0.003282999999930468
1512,3.025662733001809,0.0038439249525519382,-1.0270917299783733,-1.9546689180787118,0.05143383521025888,-0.007275371939821987,-0.00137510219584537,0.12158199999999983,0.10867200000421148,-0.26333999999826213,-0.005632999999999998,-0.0043480000000525034,0.003282999999930468
1513,3.02767109600245,0.03559195111012707,-0.7546965099436759,-1.9858927834600653,0.04163307485231964,-0.002463135190285502,-0.0027808598125163603,0.12158199999999997,0.12867200000085305,-0.05333899999794228,-0.006632999999999997,-0.005348000000068497,0.004282999999914477
1514,3.029673579003429,-0.21047189093438032,-1.1422227385871833,-2.010273102472917,0.04945056453512326,-0.013188357763082163,-0.008168548869014577,0.12158199999999997,0.12867200000085305,-0.05333899999794228,-0.006632999999999997,-0.005348000000068497,0.004282999999914477
1515,3.031651295001211,-0.31114633621271187,-0.6640323915423212,-2.2749575335547547,0.04840096957141569,-0.015040711306447742,0.006018529816604409,0.12158199999999997,0.12867200000085305,-0.05333899999794228,-0.006632999999999997,-0.005348000000068497,0.004282999999914477
1516,3.033668684998702,0.26550364109308716,-0.2726009397167009,-2.438861623401102,0.014749494395393274,0.016447341175780304,0.0008884476380364873,0.12158199999999997,0.12867200000085305,-0.05333899999794228,-0.006632999999999997,-0.005348000000068497,0.004282999999914477
1517,3.0356620399979874,-0.1522668330283801,-0.32780703533058914,-3.07386188842332,-0.0036463352862161325,0.02346893609188837,-0.012706385345732162,0.1515819999999998,0.09867200000469126,-0.2933409999984221,-0.004632999999999998,-0.003348000000036511,0.00228299999994646
1518,3.037670383004297,-0.30156290126662705,-0.8298776462278928,-2.2587640302257426,0.0400507111214206,-0.013986030628382948,0.005596327729664571,0.1515819999999998,0.09867200000469126,-0.2933409999984221,-0.004632999999999998,-0.003348000000036511,0.00228299999994646
1519,3.0396524570023757,-0.08501634058173256,-0.7879975500526564,-2.301527951315793,0.03160904474790574,0.008312438212920267,0.006136760404667429,0.1515819999999998,0.09867200000469126,-0.2933409999984221,-0.004632999999999998,-0.003348000000036511,0.00228299999994646
1520,3.0416694470040966,0.05875623685267419,-0.17648915218422032,-2.0623373784681167,0.03218917372549964,-0.011973748507036565,0.0030506598086106024,0.1515819999999998,0.09867200000469126,-0.2933409999984221,-0.004632999999999998,-0.003348000000036511,0.00228299999994646
1521,3.0436324160036747,-0.16260836363088063,-0.6858204292852621,-2.29142638416425,0.036219374420820544,-0.008820194258140256,0.0015664507461907462,0.07158199999999978,0.06867200000581072,-0.3633399999989018,0.0003670000000000001,0.003651999999995474,0.0002830000000584045
1522,3.0456627899984596,-0.07489683432674966,-0.781383318992172,-2.318903741792019,0.05019015284077276,-0.0118408623213999,0.005586314717258976,0.07158199999999978,0.06867200000581072,-0.3633399999989018,0.0003670000000000001,0.003651999999995474,0.0002830000000584045
1523,3.047648070001742,0.35352804021025314,-0.740997453086902,-2.015411373538389,0.04525054137601138,-0.0029660624172059462,0.008115100033739843,0.07158199999999978,0.06867200000581072,-0.3633399999989018,0.0003670000000000001,0.003651999999995474,0.0002830000000584045
1524,3.0496630659981747,-0.6384620569140582,-0.7799688670874951,-2.650891992880081,0.030085679594912946,-0.0010561028616555281,-0.003635669919979481,0.07158199999999978,0.06867200000581072,-0.3633399999989018,0.0003670000000000001,0.003651999999995474,0.0002830000000584045
1525,3.051661931000126,0.19958972620051446,-0.476429916424953,-2.689458644202321,0.010475043409884413,0.025495761991566012,-0.010499490749844182,0.10158199999999966,0.058672000008689405,-0.5433409999990617,0.0033669999999999993,0.004652000000027459,-0.0017169999999256049
1526,3.0536687620042358,0.012079937195864582,-0.5066864085219247,-2.792529982594624,0.013355084489469001,0.021786019842220294,-0.008386753446456908,0.10158199999999966,0.058672000008689405,-0.5433409999990617,0.0033669999999999993,0.004652000000027459,-0.0017169999999256049
1527,3.055651337002928,-0.02685322671224372,-0.6902783457471765,-2.952229457075202,0.016252880324628696,0.019167704168516275,-0.01034267507692374,0.10158199999999966,0.058672000008689405,-0.5433409999990617,0.0033669999999999993,0.004652000000027459,-0.0017169999999256049
1528,3.0576555420047953,0.36549414909174177,-0.8757527132893617,-2.5884229126196265,0.03988704811851781,0.016312326428461657,-0.00343845882886318,0.10158199999999966,0.058672000008689405,-0.5433409999990617,0.0033669999999999993,0.004652000000027459,-0.0017169999999256049
1529,3.0596653890024754,-0.29224167653808353,-0.6097131491699083,-2.0284561320744037,0.042143295074382456,-0.017338574823551087,0.011339796734524763,0.11158199999999976,0.06867200000613057,-0.3833389999989018,-0.0006329999999999998,-0.0003480000000045259,0.000282999999994435
1530,3.0616575419990113,-0.17476650330981194,-0.918369297319692,-2.20946297611126,0.055258874547344454,-0.013131521122490468,0.007918857095587999,0.11158199999999976,0.06867200000613057,-0.3833389999989018,-0.0006329999999999998,-0.0003480000000045259,0.000282999999994435
1531,3.0636477709995233,-0.05709725024749894,-0.6399650440984385,-2.231659629215441,0.037720169069677505,-0.0042319142110789675,-0.0068792306621519896,0.11158199999999976,0.06867200000613057,-0.3833389999989018,-0.0006329999999999998,-0.0003480000000045259,0.000282999999994435
1532,3.06566834700061,-0.3713104328013603,-0.8590792360880422,-1.8835708306020063,0.043676405400775366,-0.01824838354935832,0.006037185596518779,0.11158199999999976,0.06867200000613057,-0.3833389999989018,-0.0006329999999999998,-0.0003480000000045259,0.000282999999994435
1533,3.0676610010050354,-0.16268103583049814,-0.8576474233112558,-2.4466946385855723,0.023061323730029323,0.012029562612273758,-0.011384891103304859,0.15158199999999974,0.10867200000645041,-0.40333899999826217,-0.005632999999999998,-0.003348000000036511,0.0022829999999464602
1534,3.069655999999668,0.1214494038176558,-0.7774981450714272,-2.1042466350134608,0.04478889438257453,0.005168426305208453,0.007271394130466327,0.15158199999999974,0.10867200000645041,-0.40333899999826217,-0.005632999999999998,-0.003348000000036511,0.0022829999999464602
1535,3.0716519900015555,0.12344050051981208,-0.7006839939526245,-1.986166641274487,0.03827061978562526,-0.0042094206720799335,-0.005668831750772714,0.15158199999999974,0.10867200000645041,-0.40333899999826217,-0.005632999999999998,-0.003348000000036511,0.0022829999999464602
1536,3.0736590099986643,0.3901305211087499,-0.580567038393861,-2.166731622688158,0.037954587657853554,-0.0035221524836743746,0.006125525590309443,0.15158199999999974,0.10867200000645041,-0.40333899999826217,-0.005632999999999998,-0.003348000000036511,0.0022829999999464602
1537,3.0756648189999396,-0.3196970488074279,-0.5876844951435095,-2.4115489299409383,0.028863095899061733,-0.020234374689018633,-0.005995549689955114,0.10158199999999978,0.11867200000549089,-0.34333999999810216,-0.003632999999999999,0.0016519999999794815,0.001283000000026422
1538,3.0776365540004917,-0.5530324908304781,-1.0168547406515605,-2.1094981664342662,0.048876345152594675,-0.026864332191951095,-0.005762637991735417,0.10158199999999978,0.11867200000549089,-0.34333999999810216,-0.003632999999999999,0.0016519999999794815,0.001283000000026422
1539,3.079651879997982,0.04660082538649562,-0.6803260227524353,-2.112025533992635,0.04137448069986864,-0.011217647865575192,0.011896425622675096,0.10158199999999978,0.11867200000549089,-0.34333999999810216,-0.003632999999999999,0.0016519999999794815,0.001283000000026422
1540,3.081661175005138,0.04908056213528761,-0.5442721474056413,-1.9997728663848795,0.04304210880091209,-0.0026373794121821435,-0.009730031637310755,0.10158199999999978,0.11867200000549089,-0.34333999999810216,-0.003632999999999999,0.0016519999999794815,0.001283000000026422
1541,3.083657786999538,-0.006986079842077308,-0.9520141306684748,-2.1547192363496586,0.0537544836952668,-0.010339219097987419,-0.0026191369388406916,0.07158199999999992,0.11867200000197253,-0.12334099999810219,-0.0006330000000000004,0.0026520000000114664,-0.0007169999999575874
1542,3.085657062998507,-0.053281678327579296,-0.9441284421019048,-2.3749261674479496,0.030318308421652305,0.01696471492511061,-0.007782023937735889,0.07158199999999992,0.11867200000197253,-0.12334099999810219,-0.0006330000000000004,0.0026520000000114664,-0.0007169999999575874
1543,3.087645199004328,0.12617871586208274,-0.980355662452003,-2.3848752496399213,0.04732510587902271,0.00102912430747562,0.004281237992115435,0.07158199999999992,0.11867200000197253,-0.12334099999810219,-0.0006330000000000004,0.0026520000000114664,-0.0007169999999575874
1544,3.0896589620024315,0.020026042585346907,-0.6211320686865351,-2.1622117470980933,0.03908592197176096,-0.00118859286412631,-0.003340448955849223,0.07158199999999992,0.11867200000197253,-0.12334099999810219,-0.0006330000000000004,0.0026520000000114664,-0.0007169999999575874
1545,3.0917080310027814,0.1730452272305552,-0.9846796938482368,-2.0163537557890017,0.055236374060818,-0.006436429374500197,0.004181063726269483,0.1015819999999998,0.11867200000533096,-0.3333399999981022,-0.0016329999999999997,0.0016519999999954741,0.0002830000000264207
1546,3.0936475560010877,-0.180423039073996,-0.7050040703270701,-2.2360247345050603,0.04351177210564057,-0.00821498161336663,0.0022739234658864437,0.1015819999999998,0.11867200000533096,-0.3333399999981022,-0.0016329999999999997,0.0016519999999954741,0.0002830000000264207
1547,3.0956468420044985,-0.2641774601237714,-0.9753704453131994,-2.050309030549898,0.059969653375829844,-0.01352521933518154,0.003287258070209608,0.1015819999999998,0.11867200000533096,-0.3333399999981022,-0.0016329999999999997,0.0016519999999954741,0.0002830000000264207
1548,3.097638895000273,0.10698066160389079,-0.6762024487001626,-2.5186897898782603,0.028309568242951978,0.01844151396555665,-0.00885207244878923,0.1015819999999998,0.11867200000533096,-0.3333399999981022,-0.0016329999999999997,0.0016519999999954741,0.0002830000000264207
1549,3.099655284000619,-0.3674659857411707,-0.8186947896021376,-2.1895201096264394,0.03892073940659984,-0.009871132088963886,-0.000671164540794014,0.11158199999999975,0.1186720000062905,-0.3933389999981022,-0.0026330000000000004,0.0026520000000114664,-0.0007169999999575861
1550,3.101640804001363,-0.11966866459565823,-0.7893991623077595,-2.3873865530122753,0.05202646773703007,-0.006095679570065858,-0.00926806760005306,0.11158199999999975,0.1186720000062905,-0.3933389999981022,-0.0026330000000000004,0.0026520000000114664,-0.0007169999999575861
1551,3.1036498290050076,0.04879410748966462,-0.8819326697491583,-2.1592715258770228,0.053100244425461685,-0.002631357088592473,0.0035934740578059737,0.11158199999999975,0.1186720000062905,-0.3933389999981022,-0.0026330000000000004,0.0026520000000114664,-0.0007169999999575861
1552,3.105643745002453,-0.19474270091596818,-0.6999350366216565,-2.2163591375226006,0.04153326571689927,-0.012756363238554596,-0.002276262433936047,0.11158199999999975,0.1186720000062905,-0.3933389999981022,-0.0026330000000000004,0.0026520000000114664,-0.0007169999999575861
1553,3.107663530005084,-0.34693651354121935,-0.4940444307561228,-1.9990218964875877,0.04164451672487129,-0.017553466417031843,0.0055871254317678394,0.1715819999999997,0.14867200000741,-0.46334099999762246,-0.004633,-0.001348000000004526,0.00028299999997844497
1554,3.1096412560000317,-0.03939817408937276,-0.837854212393983,-2.287237115178008,0.04059337668815366,-0.005104256593653164,0.006430856353330971,0.1715819999999997,0.14867200000741,-0.46334099999762246,-0.004633,-0.001348000000004526,0.00028299999997844497
1555,3.1116551689992775,-0.15287356161444174,-0.2604326281509826,-3.3135349428741634,-0.001843057554356498,0.01569404065834657,-0.003724755707895443,0.1715819999999997,0.14867200000741,-0.46334099999762246,-0.004633,-0.001348000000004526,0.00028299999997844497
1556,3.1136419829999795,-0.26304089205035536,-0.34880400923309296,-2.8930924278320687,0.004743535044018419,0.0073341412410858585,-0.015527732529530023,0.1715819999999997,0.14867200000741,-0.46334099999762246,-0.004633,-0.001348000000004526,0.00028299999997844497
1557,3.115677236004558,-0.3637222837090974,-0.5641523017258213,-2.877909876657286,0.008867427056054525,0.008126434013573021,-0.012670084744552392,0.15158199999999977,0.1186720000056508,-0.3533399999981022,-0.006632999999999998,-0.002348000000036511,0.0022829999999624535
1558,3.1176727050042246,-0.27611652105171036,-0.604785868611547,-3.1680177378083334,0.004000380579213033,0.018992622566159457,-0.0092911251458462,0.15158199999999977,0.1186720000056508,-0.3533399999981022,-0.006632999999999998,-0.002348000000036511,0.0022829999999624535
1559,3.1196480470025563,-0.027780083215175076,-0.22276148620468017,-3.047317004971736,0.0018958533904534797,0.021445632082513266,-0.01640322817266984,0.15158199999999977,0.1186720000056508,-0.3533399999981022,-0.006632999999999998,-0.002348000000036511,0.0022829999999624535
1560,3.121664445003262,0.4562795303269592,-0.4269198014295926,-3.15102339992373,0.008446839779308117,0.030795224525085554,-0.005160897439726057,0.15158199999999977,0.1186720000056508,-0.3533399999981022,-0.006632999999999998,-0.002348000000036511,0.0022829999999624535
1561,3.123664133003331,-0.20339301257698464,-0.6247529064266106,-2.8527581351133184,0.011642218050641395,0.006438295827270718,-0.008387533927467463,0.15158199999999983,0.0986720000043714,-0.2733399999984221,-0.0036329999999999986,-0.004348000000036511,0.0022829999999304665
1562,3.125641748003545,0.16129476291806677,-0.7552420561247821,-2.3877729723875856,0.02877444221608863,0.008830589464599428,0.0006049601419467111,0.15158199999999983,0.0986720000043714,-0.2733399999984221,-0.0036329999999999986,-0.004348000000036511,0.0022829999999304665
1563,3.1276278299992555,-0.35972833762293915,-1.0023036014445823,-2.046799736929673,0.05387146744575849,-0.014666821139650135,0.005813391370005599,0.15158199999999983,0.0986720000043714,-0.2733399999984221,-0.0036329999999999986,-0.004348000000036511,0.0022829999999304665
1564,3.1296304120041896,-0.04163551874683375,-0.590282926268136,-1.8532132579555525,0.039539991561759164,-0.004608943320304251,-0.006422981219888703,0.15158199999999983,0.0986720000043714,-0.2733399999984221,-0.0036329999999999986,-0.004348000000036511,0.0022829999999304665
1565,3.1316474820050644,0.2382195996772753,-0.19749776249578305,-2.3134945055359344,0.02136169129322293,-0.0066425301151460565,0.0018067572476961218,0.1715819999999998,0.10867200000581073,-0.36333999999826216,-0.005632999999999998,-0.0053480000000525035,0.0032829999999144754
1566,3.1336729980030213,0.2296529170772547,-1.029417251478839,-2.367691619450449,0.040256041143520924,0.02328458466013481,-0.0005347127713965821,0.1715819999999998,0.10867200000581073,-0.36333999999826216,-0.005632999999999998,-0.0053480000000525035,0.0032829999999144754
1567,3.135645182999724,-0.24399374994518985,-0.7818308821400398,-2.2749485676974253,0.04439465022463998,-0.0042096063869765535,-0.01037826125709742,0.1715819999999998,0.10867200000581073,-0.36333999999826216,-0.005632999999999998,-0.0053480000000525035,0.0032829999999144754
1568,3.137677992002864,-0.02030306925920626,-0.981658225291921,-1.9912766627520833,0.05216189533625034,-0.006243151723113812,-0.00461465048519411,0.1715819999999998,0.10867200000581073,-0.36333999999826216,-0.005632999999999998,-0.0053480000000525035,0.0032829999999144754
1569,3.1396630720046232,-0.12951703708623263,-0.8248014305007316,-2.1727032338346945,0.044680390330019686,-0.0061844948226809,0.01279992997316941,0.15158199999999972,0.11867200000709013,-0.44333999999810225,-0.005632999999999999,-0.003348000000020518,0.0012829999999464606
1570,3.1416782180021983,-0.23043969695037006,-0.49337526559020817,-2.550731250873071,0.020805361776397933,0.0004620072887412488,-0.005588039044194894,0.15158199999999972,0.11867200000709013,-0.44333999999810225,-0.005632999999999999,-0.003348000000020518,0.0012829999999464606
1571,3.143649041005119,-0.26588015406035814,-0.5948166995401448,-3.0637010073239517,0.008617219783026648,0.010803104895619363,-0.0030040200111712966,0.15158199999999972,0.11867200000709013,-0.44333999999810225,-0.005632999999999999,-0.003348000000020518,0.0012829999999464606
1572,3.145676751002611,-0.09175728601740979,-0.45855017399763065,-3.0210566919696955,0.008373347060284243,0.025818767673292848,-0.008180866180491877,0.15158199999999972,0.11867200000709013,-0.44333999999810225,-0.005632999999999999,-0.003348000000020518,0.0012829999999464606
1573,3.147667832003208,0.22617864011090463,-1.0446069702613048,-2.3897533215203133,0.04233246057142891,0.005097427236869102,0.0063075364902542164,0.10158199999999985,0.08867200000389162,-0.24333999999858197,-0.004632999999999999,-0.0003480000000205185,0.0012829999999944377
1574,3.149660927003424,0.4783279658047217,-0.5014143449227458,-2.2888419886469364,0.032480519646505335,0.008334696849804663,0.007576148226843113,0.10158199999999985,0.08867200000389162,-0.24333999999858197,-0.004632999999999999,-0.0003480000000205185,0.0012829999999944377
1575,3.151653079003154,0.04878062518496411,-0.8806133208381164,-2.162185439005993,0.04980576179307774,-0.005262923736721569,0.0015635132233955602,0.10158199999999985,0.08867200000389162,-0.24333999999858197,-0.004632999999999999,-0.0003480000000205185,0.0012829999999944377
1576,3.1536800780013436,-0.3346286491649236,-0.873512512072144,-2.3336968587202875,0.04001281551630726,-0.013906401541187828,-0.0028538588141711293,0.10158199999999985,0.08867200000389162,-0.24333999999858197,-0.004632999999999999,-0.0003480000000205185,0.0012829999999944377
1577,3.1556621920026373,0.08498903159661336,-0.9005695693490826,-2.241159994094846,0.048905534102540185,-0.0055929956873290295,0.00342171321217614,0.09158199999999973,0.09867200000677027,-0.42333999999842203,0.0013669999999999995,0.0036520000000114664,-0.0007169999999415961
1578,3.157673681002052,-0.29394215868140683,-1.0122593008120053,-1.9661844448472798,0.050051849885845615,-0.012171300717392206,0.00031984033839094434,0.09158199999999973,0.09867200000677027,-0.42333999999842203,0.0013669999999999995,0.0036520000000114664,-0.0007169999999415961
1579,3.1596620970012737,-0.11100010777303929,-0.8718347542328696,-2.4338070121231055,0.03503480505253229,-0.0005702484062673555,-0.005070499419887044,0.09158199999999973,0.09867200000677027,-0.42333999999842203,0.0013669999999999995,0.0036520000000114664,-0.0007169999999415961
1580,3.1616714320043684,0.43022636988866675,-0.4656263699705905,-2.843273722516807,0.007578689772719937,0.031756140546035344,-0.0019425218336883792,0.09158199999999973,0.09867200000677027,-0.42333999999842203,0.0013669999999999995,0.0036520000000114664,-0.0007169999999415961
1581,3.1636603189981543,-0.6086366474328618,-0.6647697106466285,-3.0280314650431874,0.01542435372328084,0.005183150891891514,-0.00986061403429237,0.08158199999999985,0.05867200000405155,-0.25333999999906176,0.00036700000000000014,0.0016519999999954741,0.00028300000002641945
1582,3.16567296100402,0.27970071723754075,-0.22826689862667213,-3.0648485851340017,-0.008247885416397717,0.029399252353842234,-0.006009768218028249,0.08158199999999985,0.05867200000405155,-0.25333999999906176,0.00036700000000000014,0.0016519999999954741,0.00028300000002641945
1583,3.1676550050033256,-0.295146075227776,-0.39832536614658576,-3.0848061040466104,0.002096446273345577,0.024384535620522563,0.0032173198134244443,0.08158199999999985,0.05867200000405155,-0.25333999999906176,0.00036700000000000014,0.0016519999999954741,0.00028300000002641945
1584,3.1696580679999897,-0.0629225525851982,-0.8571587333499219,-1.889862662842351,0.047617375588152266,-0.007006884036812099,0.008433132286608387,0.08158199999999985,0.05867200000405155,-0.25333999999906176,0.00036700000000000014,0.0016519999999954741,0.00028300000002641945
1585,3.1716585870017298,0.26753915612078305,-0.7208967213991688,-2.208565492971672,0.04332230669022832,-0.008920102008321013,0.005376746850367078,0.09158199999999976,0.06867200000613057,-0.3833389999989018,0.00036699999999999954,0.0026520000000114664,-0.0007169999999575879
1586,3.173676238002372,0.25038382773100204,-1.0010144675941395,-1.9213583776991823,0.0485658919053118,-0.0025632782892815722,0.0020110699954217584,0.09158199999999976,0.06867200000613057,-0.3833389999989018,0.00036699999999999954,0.0026520000000114664,-0.0007169999999575879
1587,3.175656307997997,-0.29764282409293297,-0.6567273654692832,-1.9114312554970405,0.03784569172288865,-0.003028301160374368,-0.0029621327660714985,0.09158199999999976,0.06867200000613057,-0.3833389999989018,0.00036699999999999954,0.0026520000000114664,-0.0007169999999575879
1588,3.1776769740026793,-0.10166894949238697,-0.5889072950629853,-2.8879656416252337,-0.0011742037860327655,0.021185996333546377,-0.015073344208534387,0.09158199999999976,0.06867200000613057,-0.3833389999989018,0.00036699999999999954,0.0026520000000114664,-0.0007169999999575879
1589,3.179655220999848,-0.18721087002026546,-0.8206788628916226,-1.798486911269219,0.04616700757126994,-0.014551319147670258,0.000846291899979883,0.07158199999999978,0.07867200000581073,-0.3633399999987419,0.0013669999999999995,0.0036520000000114664,-0.0007169999999415961
1590,3.1816817190047004,0.34181240421371417,-0.8441463670844037,-2.2388951588763226,0.05253567929305546,0.006138084383304621,-0.0017264615482566552,0.07158199999999978,0.07867200000581073,-0.3633399999987419,0.0013669999999999995,0.0036520000000114664,-0.0007169999999415961
1591,3.1836747330016806,-0.060779423486334826,-0.7752110437775062,-2.3487170824227466,0.04840114801325065,-0.007192652029776975,-0.0009886897068656128,0.07158199999999978,0.07867200000581073,-0.3633399999987419,0.0013669999999999995,0.0036520000000114664,-0.0007169999999415961
1592,3.1856705530008185,-0.13312894713692167,-1.155484552688173,-2.255276966878082,0.058658179173259724,-0.00808635170789827,-0.007048226807779838,0.07158199999999978,0.07867200000581073,-0.3633399999987419,0.0013669999999999995,0.0036520000000114664,-0.0007169999999415961
1593,3.187654260000272,0.11165171109525632,-0.4059540040975476,-2.141302383967464,0.02243912835716305,0.0019373683063289061,0.00034710018730438867,0.1015819999999998,0.09867200000533095,-0.33333999999842207,-0.002632999999999999,0.0006519999999794816,0.0012830000000104288
1594,3.189658175004297,-0.30970264627585725,-0.5521989245722122,-2.9571857657057654,0.005039812952990188,0.037441727306473216,-0.011767661625494901,0.1015819999999998,0.09867200000533095,-0.33333999999842207,-0.002632999999999999,0.0006519999999794816,0.0012830000000104288
1595,3.1917014840000775,-0.08893974350029459,-0.7680211452054999,-2.7608713558324816,0.02030234880599537,0.015407489276808913,-0.00815133057784137,0.1015819999999998,0.09867200000533095,-0.33333999999842207,-0.002632999999999999,0.0006519999999794816,0.0012830000000104288
1596,3.1936803620046703,0.016038680575257546,-1.1538147796881602,-1.6180636119807126,0.05894904500562602,-0.0017316967522780769,0.005135316502766153,0.1015819999999998,0.09867200000533095,-0.33333999999842207,-0.002632999999999999,0.0006519999999794816,0.0012830000000104288
1597,3.195667025000148,-0.375288939293385,-1.0051771133643688,-1.8599717416739967,0.04913202065512841,-0.009937358199254516,0.007500573906284076,0.07158199999999974,0.09867200000677027,-0.42333999999842203,0.0033669999999999985,0.005652000000043451,-0.002716999999909612
1598,3.1976663310051663,0.32036606448471733,-1.1444484746873687,-1.8775855317588206,0.06397251438320031,0.0005748730515328302,0.008604532955282965,0.07158199999999974,0.09867200000677027,-0.42333999999842203,0.0033669999999999985,0.005652000000043451,-0.002716999999909612
1599,3.199652403003711,-0.5584325042341203,-1.3013301565185844,-2.022047905246848,0.05874593215860984,-0.00520274058349354,0.0049906591891389395,0.07158199999999974,0.09867200000677027,-0.42333999999842203,0.0033669999999999985,0.005652000000043451,-0.002716999999909612
1600,3.201690902002156,-0.1223951423118278,-0.6361527002996631,-1.937808819925043,0.03255003672959592,-0.00026248776075673153,-0.006038415011562672,0.07158199999999974,0.09867200000677027,-0.42333999999842203,0.0033669999999999985,0.005652000000043451,-0.002716999999909612
1601,3.203676233002625,-0.05349771917743764,-0.9509417445378975,-2.2970714910489622,0.04790194449517315,-0.003147367705207565,0.006994548265019423,0.04158199999999981,0.1086720000050111,-0.3133389999982621,0.0033669999999999985,0.006652000000043451,-0.0027169999998936196
1602,3.205678545004048,-0.273428811759908,-0.7552134851441032,-1.9793300105378102,0.03868360392122101,-0.0185008167873811,0.008111809440712766,0.04158199999999981,0.1086720000050111,-0.3133389999982621,0.0033669999999999985,0.006652000000043451,-0.0027169999998936196
1603,3.207649198004219,-0.5040155229020097,-0.8278325208860627,-2.100838156950882,0.041290164575649844,-0.012971138742744531,-0.0004954426834514603,0.04158199999999981,0.1086720000050111,-0.3133389999982621,0.0033669999999999985,0.006652000000043451,-0.0027169999998936196
1604,3.2096273850038415,-0.4595015418569986,-0.6944673954288269,-2.0147914803924607,0.028714670540151498,-0.003535126030876974,0.0025046364670231838,0.04158199999999981,0.1086720000050111,-0.3133389999982621,0.0033669999999999985,0.006652000000043451,-0.0027169999998936196
1605,3.2116373410026426,-0.4568845912153063,-0.6150844711433833,-1.9110453698151089,0.035624884421700635,-0.017813694283375536,-0.007202508699283163,0.04158199999999982,0.06867200000453132,-0.28333999999890175,0.005366999999999998,0.0066520000000594446,-0.003716999999893621
1606,3.2136326399995596,0.16484628523896816,-0.8152853810821434,-2.0355792820346634,0.040718019823990134,0.002135635979769648,0.005782451822028421,0.04158199999999982,0.06867200000453132,-0.28333999999890175,0.005366999999999998,0.0066520000000594446,-0.003716999999893621
1607,3.2156823900004383,0.25885218809571975,-1.1356190750788182,-2.2001203302407544,0.05876288668932953,0.00011376734298685808,0.003036629815097016,0.04158199999999982,0.06867200000453132,-0.28333999999890175,0.005366999999999998,0.0066520000000594446,-0.003716999999893621
1608,3.217706884002837,0.11996921452650881,-0.7479775992349909,-1.9321045590385475,0.04502979245311282,-0.008374115064779945,0.0029750451452723475,0.04158199999999982,0.06867200000453132,-0.28333999999890175,0.005366999999999998,0.0066520000000594446,-0.003716999999893621
1609,3.2197239140004967,-0.1654700577788005,-0.18306212323278945,-2.8704725875827677,-0.006562560443654976,0.027931639676604527,-0.017888212862923844,0.08158199999999986,0.06867200000357175,-0.22333899999890183,0.00036700000000000014,0.0006519999999954741,0.0002830000000104269
1610,3.2216796280044946,-0.5715175012335766,-0.6599036088845647,-2.199961509984486,0.04213758492345273,-0.004664636024251047,0.0013681904061534518,0.08158199999999986,0.06867200000357175,-0.22333899999890183,0.00036700000000000014,0.0006519999999954741,0.0002830000000104269
1611,3.2236442100038403,-0.3874217514877796,-1.4881578633350916,-2.1970747354082114,0.05785769369574207,-0.014179955129880741,0.0002718810501419376,0.08158199999999986,0.06867200000357175,-0.22333899999890183,0.00036700000000000014,0.0006519999999954741,0.0002830000000104269
1612,3.2256336080026813,0.3540170068044665,-0.7742268628159285,-2.2904976506288057,0.042535935269339235,0.006665504684477853,0.0004333669140806292,0.08158199999999986,0.06867200000357175,-0.22333899999890183,0.00036700000000000014,0.0006519999999954741,0.0002830000000104269
1613,3.2276680400027544,0.03177880937299891,-0.9293619944589611,-2.0288500167413503,0.04289085614677547,-1.2875599703504778e-05,-0.003082203027007012,0.08158199999999985,0.04867200000389162,-0.24333999999922165,-0.0006329999999999992,-0.0013480000000205185,0.0012829999999784424
1614,3.229671604000032,-0.1844494933289761,-0.9681783493984584,-1.8379974895380218,0.0503299242522735,-0.010567954479334344,-0.00655441400503834,0.08158199999999985,0.04867200000389162,-0.24333999999922165,-0.0006329999999999992,-0.0013480000000205185,0.0012829999999784424
1615,3.231652346003102,-0.006431860608294194,-0.6074191280915232,-2.5933392797300354,0.018564181706471356,0.020534423007204303,-0.010041292368642282,0.08158199999999985,0.04867200000389162,-0.24333999999922165,-0.0006329999999999992,-0.0013480000000205185,0.0012829999999784424
1616,3.233672441005183,0.15078016563861707,-0.8173904488000417,-2.0117782704964084,0.04022395411228268,0.0036843904592809254,0.002962602135845769,0.08158199999999985,0.04867200000389162,-0.24333999999922165,-0.0006329999999999992,-0.0013480000000205185,0.0012829999999784424
1617,3.235660165999434,-0.06949003156696537,-1.0518491810520099,-1.87192323947607,0.045731707635731374,-0.005355126623435893,-0.001046468747687532,0.14158199999999976,0.10867200000661036,-0.41333999999826215,-0.004632999999999998,-0.003348000000036511,0.00228299999994646
1618,3.237676384000224,0.03431575447143102,-1.0129632754445863,-2.1975302837677866,0.044133232397406214,-0.002544405738430877,-0.001021799978055831,0.14158199999999976,0.10867200000661036,-0.41333999999826215,-0.004632999999999998,-0.003348000000036511,0.00228299999994646
1619,3.2396508640013053,-0.24961982305124236,-1.5934563484698219,-2.1185677456492567,0.07335805782695322,-0.010224416947530242,0.013738253696989894,0.14158199999999976,0.10867200000661036,-0.41333999999826215,-0.004632999999999998,-0.003348000000036511,0.00228299999994646
1620,3.241635733000294,0.10323183398494833,-0.9270019016976604,-2.2109230062823246,0.03098600899699286,0.01714280210314475,-0.007942132241123102,0.14158199999999976,0.10867200000661036,-0.41333999999826215,-0.004632999999999998,-0.003348000000036511,0.00228299999994646
1621,3.243647533003241,-0.2484491899505672,-1.1080101718253277,-1.844416713317079,0.0593488567796705,-0.018420839807086448,0.0003092548279727848,0.18158199999999966,0.10867200000836955,-0.5233399999982622,-0.004632999999999999,-0.003348000000020518,0.00128299999994646
1622,3.245644094000454,-0.25430032574969813,-0.9414430337816083,-1.8437675019065805,0.04784394100089698,-0.019812800514346567,0.0008812096334541916,0.18158199999999966,0.10867200000836955,-0.5233399999982622,-0.004632999999999999,-0.003348000000020518,0.00128299999994646
1623,3.247654220998811,-0.13506402770109974,-0.8815250033672414,-2.1029938729468602,0.04686648557657486,-0.014409235221990632,0.008877616337644969,0.18158199999999966,0.10867200000836955,-0.5233399999982622,-0.004632999999999999,-0.003348000000020518,0.00128299999994646
1624,3.2496694369983743,0.006752557312770878,-0.9263833125815982,-1.5349633225881951,0.05144534214393342,-0.007129148568495751,0.004860229269422589,0.18158199999999966,0.10867200000836955,-0.5233399999982622,-0.004632999999999999,-0.003348000000020518,0.00128299999994646
1625,3.2516667300005793,0.27494953177363923,-0.6253504978732867,-2.2618925832576213,0.04198769580636877,0.007582579981473462,-0.0031674760596960604,0.16158199999999967,0.12867200000852946,-0.5333399999979423,-0.005632999999999998,-0.002348000000036511,0.002282999999962453
1626,3.253677628003061,-0.4152800230323387,-0.9305729824996183,-2.191689208779337,0.03774436255456793,0.0022865198131519636,-0.006119623000720384,0.16158199999999967,0.12867200000852946,-0.5333399999979423,-0.005632999999999998,-0.002348000000036511,0.002282999999962453
1627,3.255653068998072,0.15268273113031505,-0.6775287474033486,-2.0976553445608843,0.04021026144729199,-0.0012367313009946934,0.0045044480791295175,0.16158199999999967,0.12867200000852946,-0.5333399999979423,-0.005632999999999998,-0.002348000000036511,0.002282999999962453
1628,3.257677302004595,0.14557728814417348,-0.8372618087556262,-2.218693660908443,0.042793469590831176,0.0035148197436822262,-0.0005337520140024704,0.16158199999999967,0.12867200000852946,-0.5333399999979423,-0.005632999999999998,-0.002348000000036511,0.002282999999962453
1629,3.259670518003986,-0.1452970976746325,-0.8301681993414273,-2.0124607165670056,0.039299554533813376,-0.012994048647067416,0.0074388692176527394,0.16158199999999978,0.11867200000581073,-0.36333999999810224,-0.007632999999999998,-0.0063480000000525035,0.003282999999898484
1630,3.2616695539982175,-0.22834330977446243,-0.8092084945260756,-1.6551415187555714,0.04759742491805419,-0.010059112113713466,0.0067929205446938205,0.16158199999999978,0.11867200000581073,-0.36333999999810224,-0.007632999999999998,-0.0063480000000525035,0.003282999999898484
1631,3.2636522789980518,-0.45032707743001044,-0.6217713825237954,-2.9566961508077387,0.016603293892594104,0.009648192507884443,-0.011641175763290912,0.16158199999999978,0.11867200000581073,-0.36333999999810224,-0.007632999999999998,-0.0063480000000525035,0.003282999999898484
1632,3.265661383004044,0.15433694979038504,-0.7466647753201249,-2.138126553960187,0.03809264029653673,-0.004207000100234978,0.0008035832589888529,0.16158199999999978,0.11867200000581073,-0.36333999999810224,-0.007632999999999998,-0.0063480000000525035,0.003282999999898484
1633,3.2676676629998838,0.09974666441918498,-0.5852926714004066,-2.347545255589448,0.0354199338591024,-0.007784744580836677,0.003735102168679351,0.12158199999999982,0.12867200000453133,-0.28333999999794224,-0.004632999999999998,-0.003348000000036511,0.00228299999994646
1634,3.269672881004226,-0.036555499080618205,-0.933163316329101,-2.548327625975764,0.04590481531697808,-0.003666205493701372,0.0019404170092553394,0.12158199999999982,0.12867200000453133,-0.28333999999794224,-0.004632999999999998,-0.003348000000036511,0.00228299999994646
1635,3.2716525200012256,-0.17269836288270732,-0.45155800603040464,-2.0080452104915607,0.040960696650901275,-0.01836911400199196,0.005180072769261607,0.12158199999999982,0.12867200000453133,-0.28333999999794224,-0.004632999999999998,-0.003348000000036511,0.00228299999994646
1636,3.2736723850030103,-0.23166309140717822,-0.5410817624205246,-2.4435838724652186,0.022474013891409347,0.0009721103056626137,-0.014415395181431246,0.12158199999999982,0.12867200000453133,-0.28333999999794224,-0.004632999999999998,-0.003348000000036511,0.00228299999994646
1637,3.275667063004221,-0.16702704669646853,-0.4715047502001339,-2.2565908146704894,0.02254128275397354,0.0005803820589262325,0.008034738162042403,0.1315819999999998,0.11867200000469126,-0.29334099999810226,-0.005632999999999999,-0.0013480000000205185,0.0012829999999784457
1638,3.2776735430015833,-0.09746798020935861,-0.4408112611885142,-2.431871472704104,0.027591261611625797,-0.00902440437208993,0.004151183755493496,0.1315819999999998,0.11867200000469126,-0.29334099999810226,-0.005632999999999999,-0.0013480000000205185,0.0012829999999784457
1639,3.279657049002708,-0.04054090694648879,-0.7866491746425165,-2.5806581214710724,0.04603901217520989,-0.012700175467123752,0.00576291598139766,0.1315819999999998,0.11867200000469126,-0.29334099999810226,-0.005632999999999999,-0.0013480000000205185,0.0012829999999784457
1640,3.2816834859986557,-0.007496666408251338,-0.8461489290738009,-2.0473455418568474,0.04927099194009015,-0.007606259691715282,0.004407176033293437,0.1315819999999998,0.11867200000469126,-0.29334099999810226,-0.005632999999999999,-0.0013480000000205185,0.0012829999999784457
1641,3.2836649300006684,-0.1331432338038698,-0.614670013019343,-2.4847221112947624,0.029404101891279757,-0.0013251525552872563,0.011698482748290178,0.1415819999999998,0.13867200000581073,-0.3633399999977824,-0.003633,0.0006519999999954741,0.0002830000000104294
1642,3.2856785929980106,0.39499772615640905,-0.4399085119537483,-2.953804660061084,0.010007084755889897,0.024807051960225982,-0.003385938978962619,0.1415819999999998,0.13867200000581073,-0.3633399999977824,-0.003633,0.0006519999999954741,0.0002830000000104294
1643,3.2876628810045077,-0.09932411518265521,-0.6395241991166798,-2.1807343274059443,0.03953066149839547,-0.02714525188907831,0.00362898878954584,0.1415819999999998,0.13867200000581073,-0.3633399999977824,-0.003633,0.0006519999999954741,0.0002830000000104294
1644,3.289666144999501,-0.6131212201214111,-0.5082925720971487,-2.1052879459369698,0.030551289799326833,-0.024265467614932635,0.004439837920554439,0.1415819999999998,0.13867200000581073,-0.3633399999977824,-0.003633,0.0006519999999954741,0.0002830000000104294
1645,3.291721175002749,-0.13954385041462974,-0.7998664543235167,-1.9640051056066583,0.03472534620715012,-0.004795088390944125,-0.005148007663804197,0.14158199999999985,0.1186720000043714,-0.27333999999810227,-0.004632999999999998,-0.003348000000036511,0.00228299999994646
1646,3.293686017001164,-0.1361107246006144,-0.9983849582219579,-2.0775486873911637,0.053276653877381605,-0.015161027907469343,0.00033063531061025835,0.14158199999999985,0.1186720000043714,-0.27333999999810227,-0.004632999999999998,-0.003348000000036511,0.00228299999994646
1647,3.2956657370014,0.1777024692760047,-0.9783220250993966,-2.154898876146572,0.04710315268439768,0.0067030920313220195,0.002910672384650439,0.14158199999999985,0.1186720000043714,-0.27333999999810227,-0.004632999999999998,-0.003348000000036511,0.00228299999994646
1648,3.2976767549989745,0.13132191355421666,-0.6338018508274047,-2.4876196747936743,0.02376858137813019,0.010807955270593868,-0.007375413603457166,0.14158199999999985,0.1186720000043714,-0.27333999999810227,-0.004632999999999998,-0.003348000000036511,0.00228299999994646
1649,3.299678285999107,0.08791917170278987,-0.8197032973381247,-2.2106506245718087,0.046978083975836825,-0.0026663177267002066,0.01480171617612702,0.15158199999999977,0.1186720000056508,-0.3533399999981022,-0.006632999999999998,-0.0043480000000525034,0.0032829999999304687
1650,3.301639081000758,-0.13307428580656164,-0.6389945599114646,-1.851709934265803,0.03717633140344514,-0.003701947614755008,-0.0022988443630680413,0.15158199999999977,0.1186720000056508,-0.3533399999981022,-0.006632999999999998,-0.0043480000000525034,0.0032829999999304687
1651,3.3036703370016767,0.06825940847324767,-0.859740478501831,-1.7464534597502142,0.048085727399296625,-0.002461146343035387,0.0063505930073180375,0.15158199999999977,0.1186720000056508,-0.3533399999981022,-0.006632999999999998,-0.0043480000000525034,0.0032829999999304687
1652,3.3056794420044753,-0.03856545979664526,-0.5177772471924611,-2.3758067626644457,0.01924291806599382,0.005363805084239071,-0.01331705649100601,0.15158199999999977,0.1186720000056508,-0.3533399999981022,-0.006632999999999998,-0.0043480000000525034,0.0032829999999304687
1653,3.307674590003444,-0.10406092375160747,-0.6676603031918984,-1.9271510245526136,0.03606157508497564,-0.006547572476945621,0.012078510380397369,0.16158199999999984,0.10867200000405156,-0.2533399999982622,-0.009632999999999996,-0.006348000000084489,0.005282999999898486
1654,3.309677974000806,0.30545118175320907,-0.7860952003860009,-2.1343606055226454,0.03853872653704989,0.005586479832770415,0.0035356504305735733,0.16158199999999984,0.10867200000405156,-0.2533399999982622,-0.009632999999999996,-0.006348000000084489,0.005282999999898486
1655,3.3116767600004096,0.42904070028195357,-0.6650669025382657,-1.8859314536047425,0.04253557507562983,0.006897654603947744,0.006204850215539228,0.16158199999999984,0.10867200000405156,-0.2533399999982622,-0.009632999999999996,-0.006348000000084489,0.005282999999898486
1656,3.3136726900047506,-0.5720523669154352,-0.8665178306260092,-2.2086389127097545,0.04010943514095312,-0.018255425606226665,0.005624346163302951,0.16158199999999984,0.10867200000405156,-0.2533399999982622,-0.009632999999999996,-0.006348000000084489,0.005282999999898486
1657,3.315703314001439,-0.2614297915648298,-1.0904552190354282,-2.1392738946114944,0.05557352988753756,-0.020152279287132396,0.0027482643975213286,0.1315819999999998,0.07867200000469127,-0.2933409999987419,-0.006632999999999998,-0.003348000000036511,0.002282999999946461
1658,3.3176872020048904,0.08334594545878837,-0.775818838661983,-2.1727611752710527,0.05058610195395332,-0.012180853280935542,0.0054949378075177455,0.1315819999999998,0.07867200000469127,-0.2933409999987419,-0.006632999999999998,-0.003348000000036511,0.002282999999946461
1659,3.319662433998019,0.1429623097780801,-0.928266415828009,-2.6089749025107856,0.028513870578575594,0.01686465151904821,-0.011598308223478753,0.1315819999999998,0.07867200000469127,-0.2933409999987419,-0.006632999999999998,-0.003348000000036511,0.002282999999946461
1660,3.3216731709981104,0.12871422661263124,-0.5991913615009057,-1.8621009561738846,0.043529769858397765,-0.0074794522370811726,0.009919277338939015,0.1315819999999998,0.07867200000469127,-0.2933409999987419,-0.006632999999999998,-0.003348000000036511,0.002282999999946461
1661,3.323672758000612,-0.02682943633181155,-0.9050894068114198,-1.9802670326164695,0.044988517835935674,-0.008949616001194736,0.006551506366610383,0.10158199999999984,0.0886720000043714,-0.273339999998582,-0.003632999999999999,-0.002348000000020518,0.001282999999962452
1662,3.3256864310023957,-0.20314973866787295,-1.0669284431886423,-2.319268074077647,0.051918564830084876,-0.008886111359929264,0.005179236114489963,0.10158199999999984,0.0886720000043714,-0.273339999998582,-0.003632999999999999,-0.002348000000020518,0.001282999999962452
1663,3.327660349998041,0.24650854063681082,-0.8968485006115714,-2.2801689204792366,0.046288825198833726,-0.003577684497174821,0.003299156896692368,0.10158199999999984,0.0886720000043714,-0.273339999998582,-0.003632999999999999,-0.002348000000020518,0.001282999999962452
1664,3.3296716590048163,0.42349932850668104,-0.8689787157432262,-2.357082815526367,0.03630770206413417,-0.0007799352158569952,0.003554359056967767,0.10158199999999984,0.0886720000043714,-0.273339999998582,-0.003632999999999999,-0.002348000000020518,0.001282999999962452
1665,3.331669202001649,0.11990901041117706,-0.7531132726287038,-2.905583313963537,0.01270210490476186,0.025477573717035365,-0.01607695032752823,0.15158199999999983,0.10867200000405156,-0.2533399999982622,-0.006632999999999998,-0.003348000000036511,0.002282999999946461
1666,3.3336773449991597,-0.07861843444012528,-0.9207331161156077,-2.5886493335113263,0.013809679392794831,0.0279921157609577,-0.00933303799498459,0.15158199999999983,0.10867200000405156,-0.2533399999982622,-0.006632999999999998,-0.003348000000036511,0.002282999999946461
1667,3.335660390999692,0.25764492588310306,-0.6621907678218207,-2.124374512353602,0.04606372253571191,-0.005547708974101915,-0.004440089454906674,0.15158199999999983,0.10867200000405156,-0.2533399999982622,-0.006632999999999998,-0.003348000000036511,0.002282999999946461
1668,3.337673063004331,0.12441829918367188,-0.8108186915760157,-2.616025937139432,0.037608958247580246,0.0005393354142409501,0.002679201853219014,0.15158199999999983,0.10867200000405156,-0.2533399999982622,-0.006632999999999998,-0.003348000000036511,0.002282999999946461
1669,3.3396693329996197,0.00879290438672715,-1.019579508631139,-2.1222673856317638,0.05775065806251569,-0.011127534294787992,-0.002194759079185209,0.05158199999999996,0.058672000001012956,-0.06333899999906173,-0.0016329999999999997,-0.0003480000000045259,0.0002829999999944356
1670,3.3416783080028836,0.20488615804571356,-0.7023604131679001,-2.3259983776992295,0.02918722890113172,0.0008720070725730804,0.004576819774482645,0.05158199999999996,0.058672000001012956,-0.06333899999906173,-0.0016329999999999997,-0.0003480000000045259,0.0002829999999944356
1671,3.3436581080022734,-0.10984852584781352,-0.7372066125413533,-1.9539942420323992,0.044321675456285625,-0.01116347994019906,0.009465744744310813,0.05158199999999996,0.058672000001012956,-0.06333899999906173,-0.0016329999999999997,-0.0003480000000045259,0.0002829999999944356
1672,3.345665289001772,-0.08865044269162854,-0.9818209825299492,-1.91382367053354,0.048893343149138624,-0.0031699290189295976,-0.0019080808009478663,0.05158199999999996,0.058672000001012956,-0.06333899999906173,-0.0016329999999999997,-0.0003480000000045259,0.0002829999999944356
1673,3.34767362200364,0.2570321639878908,-0.4844967288127162,-2.961546346156553,0.00852233600331676,0.017801970951909184,-0.0115897855841907,0.13158199999999978,0.12867200000533097,-0.33333999999794234,-0.007632999999999998,-0.004348000000036511,0.002282999999930469
1674,3.349678799000685,0.15572373325378885,-0.5951303762329343,-3.063824423652427,-0.0026900945432292377,0.02637575029746279,-0.011542837008081465,0.13158199999999978,0.12867200000533097,-0.33333999999794234,-0.007632999999999998,-0.004348000000036511,0.002282999999930469
1675,3.351654461999715,0.010741815584289664,-0.8719955705033425,-3.0289404693994344,0.018470663962934494,0.023906803276266923,-0.0075616305031848165,0.13158199999999978,0.12867200000533097,-0.33333999999794234,-0.007632999999999998,-0.004348000000036511,0.002282999999930469
1676,3.35366951800097,0.07125213158469167,-0.4539046197950545,-2.9598063687550082,0.0026379021164127207,0.03774346295140558,-0.013643511362488866,0.13158199999999978,0.12867200000533097,-0.33333999999794234,-0.007632999999999998,-0.004348000000036511,0.002282999999930469
1677,3.3556614100016304,-0.7034317184395718,-0.7614883090806867,-2.9593352247982696,0.009417011679661759,0.0039078839136396535,-0.019498872902285604,0.0915819999999998,0.06867200000501109,-0.3133389999989018,-0.002632999999999999,-0.002348000000020518,0.0012829999999624513
1678,3.3576641230029054,0.07492212309340293,-0.6986521657704345,-2.618384176408304,0.025414947926510643,0.017461698628265413,-0.003846680393360297,0.0915819999999998,0.06867200000501109,-0.3133389999989018,-0.002632999999999999,-0.002348000000020518,0.0012829999999624513
1679,3.3596732580044772,0.06975916909380084,-0.7677528604645646,-2.7702324904098026,0.01445844599658633,0.01919212248740279,-0.00214694750187049,0.0915819999999998,0.06867200000501109,-0.3133389999989018,-0.002632999999999999,-0.002348000000020518,0.0012829999999624513
1680,3.361679526999069,0.6739913778908191,-0.26738098084818546,-3.0573234289294486,-0.0026330126750266384,0.041203643763563315,-0.009564256922580025,0.0915819999999998,0.06867200000501109,-0.3133389999989018,-0.002632999999999999,-0.002348000000020518,0.0012829999999624513
1681,3.363662743002351,-0.43411846735652254,-0.276194253475484,-2.8014730792177533,0.00037986398352705784,0.011749981309529752,-0.006973347758529642,0.10158199999999977,0.11867200000613057,-0.38333899999810217,-0.005632999999999999,-0.002348000000020518,0.001282999999962453
1682,3.3656710159993963,-0.5705639143217757,-1.2223333751248429,-1.9397342950901768,0.05581758462597823,-0.017557737763154797,0.01468255010160476,0.10158199999999977,0.11867200000613057,-0.38333899999810217,-0.005632999999999999,-0.002348000000020518,0.001282999999962453
1683,3.3676549140000134,-0.07646525152180539,-1.0001099149587402,-2.2765415002231513,0.04559462680423741,-0.00648602493179588,0.01076669410237615,0.10158199999999977,0.11867200000613057,-0.38333899999810217,-0.005632999999999999,-0.002348000000020518,0.001282999999962453
1684,3.3696644099982223,0.4472422871203437,-0.6736141302557417,-2.2658506002333114,0.03274262031084392,0.009449899530567851,0.001926588660355678,0.10158199999999977,0.11867200000613057,-0.38333899999810217,-0.005632999999999999,-0.002348000000020518,0.001282999999962453
1685,3.3716633660005755,-0.1760355359670307,-0.9068472720081147,-2.37965280928411,0.04287057185642311,-0.0031666264403952377,0.003323766527556012,0.07158199999999965,0.08867200000900922,-0.563338999998582,0.00036699999999999954,0.0016520000000114668,-0.0007169999999735806
1686,3.373662181002146,-0.0020049074243529614,-0.8395026928837579,-2.1996265884944,0.039572422886709625,-0.0036139783011647007,-0.0014663227742054401,0.07158199999999965,0.08867200000900922,-0.563338999998582,0.00036699999999999954,0.0016520000000114668,-0.0007169999999735806
1687,3.3756508380029118,0.1246609293433353,-0.9593370207091831,-1.9875758742607221,0.04747546939405324,-0.012224420588735425,0.00168075483560447,0.07158199999999965,0.08867200000900922,-0.563338999998582,0.00036699999999999954,0.0016520000000114668,-0.0007169999999735806
1688,3.377671754002222,-0.10326059045528344,-0.8719845161293616,-1.52661238744497,0.05072917053425334,-0.005532286591477454,0.0019456256001767745,0.07158199999999965,0.08867200000900922,-0.563338999998582,0.00036699999999999954,0.0016520000000114668,-0.0007169999999735806
1689,3.379681279999204,0.17279761943749278,-1.0352936361049356,-2.449810858025377,0.037051784336368916,0.0001926327003042579,0.004688370914998005,0.11158199999999972,0.08867200000709013,-0.443339999998582,-0.0016329999999999984,-0.002348000000036511,0.0022829999999624505
1690,3.3816948029998457,0.5902390239223355,-0.412678819606934,-2.335945473011856,0.021308458352380797,0.019151359265023215,-0.002709401716925758,0.11158199999999972,0.08867200000709013,-0.443339999998582,-0.0016329999999999984,-0.002348000000036511,0.0022829999999624505
1691,3.383673581003677,0.5064729225132817,-0.5543660398091326,-2.4316395062612073,0.017593592935377902,0.022919249037576705,-0.0036492234302790898,0.11158199999999972,0.08867200000709013,-0.443339999998582,-0.0016329999999999984,-0.002348000000036511,0.0022829999999624505
1692,3.385677165002562,0.33081576422341896,-0.5006182054506813,-2.8378168751573134,0.007998712790763243,0.031127424463666262,-0.009467774396858902,0.11158199999999972,0.08867200000709013,-0.443339999998582,-0.0016329999999999984,-0.002348000000036511,0.0022829999999624505
1693,3.3876630369995837,-0.13071125412539306,-0.44996127901627786,-3.0524561743225425,-0.004397578733843169,0.030649385330491642,-0.011021754798604691,0.041581999999999814,0.07867200000469127,-0.29334099999874186,0.002367,0.002651999999995474,0.00028300000004241073
1694,3.3896749060004367,0.023277858982103918,-0.8914246603488145,-2.5020410026829065,0.04172495607586729,-0.005640403575709929,0.0021853292180424263,0.041581999999999814,0.07867200000469127,-0.29334099999874186,0.002367,0.002651999999995474,0.00028300000004241073
1695,3.3916951220016927,-0.24088334560207572,-0.6762501605482862,-2.2341373039030263,0.03250149890306746,-0.0038214659204238335,0.004157634571021464,0.041581999999999814,0.07867200000469127,-0.29334099999874186,0.002367,0.002651999999995474,0.00028300000004241073
1696,3.3936831570026698,0.21262150336219612,-1.0318941775848254,-2.0845920316863835,0.053142594555823125,-0.004914954544692172,0.004054037151359751,0.041581999999999814,0.07867200000469127,-0.29334099999874186,0.002367,0.002651999999995474,0.00028300000004241073
1697,3.395672915998148,0.6191622703982775,-1.0358793891684555,-2.1845004116694553,0.04870562228663827,0.009846056410421088,0.004005819162110877,0.051581999999999906,0.09867200000245227,-0.15333899999842202,0.00036700000000000014,0.0006519999999954741,0.0002830000000104269
1698,3.397678895002173,-0.4538147236258035,-0.6403363313484036,-2.0969849922738373,0.03868835908143428,-0.020145305295619153,0.0035483437651913957,0.051581999999999906,0.09867200000245227,-0.15333899999842202,0.00036700000000000014,0.0006519999999954741,0.0002830000000104269
1699,3.3996655470036785,-0.0344357886079684,-0.6744526051757612,-2.02985408127995,0.0383133360568146,-0.018780603304223775,-0.0036944053870408135,0.051581999999999906,0.09867200000245227,-0.15333899999842202,0.00036700000000000014,0.0006519999999954741,0.0002830000000104269
1700,3.4016811039982713,-0.6614394180773473,-0.819811632772101,-2.7758150706696725,0.01994282681736607,-0.0011744683274857756,-0.0037942099768420597,0.051581999999999906,0.09867200000245227,-0.15333899999842202,0.00036700000000000014,0.0006519999999954741,0.0002830000000104269
1701,3.403676052002993,-0.33097864396293886,-0.9950755496947341,-1.9232330987809116,0.05028098387937507,-0.012885723200074624,-0.0007274033356302832,0.03158199999999982,0.028672000004531326,-0.28333999999954146,0.0063669999999999985,0.005652000000043451,-0.0027169999999096138
1702,3.4056726039998466,-0.08437139561551711,-0.7496035378491439,-2.4425771436330095,0.04241631871452165,-0.006838989797288978,0.0022384643531514377,0.03158199999999982,0.028672000004531326,-0.28333999999954146,0.0063669999999999985,0.005652000000043451,-0.0027169999999096138
1703,3.4076560700050322,-0.43207135149987186,-0.969442068381,-1.8550298017697822,0.04761092079934839,-0.021912151731430622,-0.004145256692759244,0.03158199999999982,0.028672000004531326,-0.28333999999954146,0.0063669999999999985,0.005652000000043451,-0.0027169999999096138
1704,3.4096701340022264,-0.0292915026206517,-0.6058008232924265,-2.084312809588108,0.036726215917387214,-0.006358826809748599,0.005998584421178837,0.03158199999999982,0.028672000004531326,-0.28333999999954146,0.0063669999999999985,0.005652000000043451,-0.0027169999999096138
1705,3.4116690099981497,-0.07225442154432651,-0.7932113500026506,-2.7465351400873486,0.012968015646245895,0.020280830132247567,-0.013606042194117075,0.061581999999999804,0.09867200000485116,-0.30333899999842207,-0.0006329999999999998,0.0006519999999954741,0.0002830000000104275
1706,3.4136702899995726,0.17805599996872723,-0.7396096915184721,-1.7681997471527724,0.04910975331889324,-0.007993432076416392,0.01702867030672389,0.061581999999999804,0.09867200000485116,-0.30333899999842207,-0.0006329999999999998,0.0006519999999954741,0.0002830000000104275
1707,3.415687059001357,0.16259477706248412,-1.1106858413654526,-1.8607931458670213,0.051388709842122425,-0.002779110788940724,0.0012374247482203654,0.061581999999999804,0.09867200000485116,-0.30333899999842207,-0.0006329999999999998,0.0006519999999954741,0.0002830000000104275
1708,3.4176747239980614,0.007968349230553467,-0.49666813993916537,-1.953340990822004,0.03433045690723753,-0.0017993584221772938,-0.003954922782075237,0.061581999999999804,0.09867200000485116,-0.30333899999842207,-0.0006329999999999998,0.0006519999999954741,0.0002830000000104275
1709,3.4197311270036153,0.1363882920549118,-1.028540845706302,-1.691130502766476,0.049312574367036344,-0.0013346345695584533,-0.0027949004334543886,0.10158199999999974,0.08867200000661035,-0.41333999999858195,-0.0006329999999999992,0.0016519999999794815,0.0012830000000264201
1710,3.421690679002495,-0.3949422199183078,-1.0188745703860431,-1.9824555936708261,0.055653805942301925,-0.01748782874610466,0.002772049419488243,0.10158199999999974,0.08867200000661035,-0.41333999999858195,-0.0006329999999999992,0.0016519999999794815,0.0012830000000264201
1711,3.4236807679990306,-0.24074934818967964,-1.0536811057166158,-1.8030829653817424,0.050556553984322294,-0.019167289848686566,-0.001948800922764997,0.10158199999999974,0.08867200000661035,-0.41333999999858195,-0.0006329999999999992,0.0016519999999794815,0.0012830000000264201
1712,3.4256789420032874,0.20189698314577628,-0.7493922346400651,-2.443002187143408,0.01636787096688046,0.02146114001506599,-0.014264561540512371,0.10158199999999974,0.08867200000661035,-0.41333999999858195,-0.0006329999999999992,0.0016519999999794815,0.0012830000000264201
1713,3.427690882999741,0.3422718046465126,-0.47850188833663887,-1.7953444450529243,0.040606451220234124,-0.0026128415604647405,0.005918564151583627,0.061581999999999734,0.04867200000661036,-0.4133399999992216,0.0033669999999999993,0.004652000000027459,-0.0017169999999256049
1714,3.4296735680036363,0.030069864336120168,-0.7733682014287272,-1.9217827887152172,0.04496253270210675,-0.0020395050743784453,8.56413330560827e-06,0.061581999999999734,0.04867200000661036,-0.4133399999992216,0.0033669999999999993,0.004652000000027459,-0.0017169999999256049
1715,3.431681120004214,-0.0032399195832319623,-0.7052764143969047,-1.751275709149266,0.054903939221054535,-0.005646750792931203,0.005056072781221733,0.061581999999999734,0.04867200000661036,-0.4133399999992216,0.0033669999999999993,0.004652000000027459,-0.0017169999999256049
1716,3.433697688000393,-0.3317777966119909,-0.7728297970435032,-2.2521602762836364,0.03694413072438044,-0.011261429834759926,0.0020986510892614186,0.061581999999999734,0.04867200000661036,-0.4133399999992216,0.0033669999999999993,0.004652000000027459,-0.0017169999999256049
1717,3.435685814001772,-0.595319068249864,-0.9591497318602368,-1.7632209395616665,0.056633588302850396,-0.015365219798457544,0.007294046235219066,0.06158199999999974,0.0686720000064504,-0.4033389999989018,0.0013669999999999989,0.0036520000000274592,-0.0017169999999415962
1718,3.4376762440006132,0.08355686481533767,-1.0491481518652872,-1.8147342819290642,0.0535685364176391,-0.0062891180302181654,0.006485174280972425,0.06158199999999974,0.0686720000064504,-0.4033389999989018,0.0013669999999999989,0.0036520000000274592,-0.0017169999999415962
1719,3.4396818520035595,0.026281047958288284,-0.3684383927284517,-2.442854615567206,0.01272523648087246,0.02482663194046142,-0.0006784037687515978,0.06158199999999974,0.0686720000064504,-0.4033389999989018,0.0013669999999999989,0.0036520000000274592,-0.0017169999999415962
1720,3.4416726030030986,-0.347959360787938,-0.7973150247312898,-2.804232870955445,0.01668182684131111,0.021170686643861188,-0.009473167558933647,0.06158199999999974,0.0686720000064504,-0.4033389999989018,0.0013669999999999989,0.0036520000000274592,-0.0017169999999415962
1721,3.4436844119991292,-0.1902291942012,-0.6601541134031242,-1.767149344850939,0.04716948708363913,-0.004279373424063333,0.014100412930503143,0.06158199999999971,0.06867200000725007,-0.4533409999989018,0.0023669999999999993,0.002652000000027459,-0.0017169999999575893
1722,3.4456689409998944,0.04954748539948135,-0.9076154798258724,-1.9707024919468712,0.040225449022716554,0.0077951713151926255,0.006799631113447083,0.06158199999999971,0.06867200000725007,-0.4533409999989018,0.0023669999999999993,0.002652000000027459,-0.0017169999999575893
1723,3.447635677002836,0.24047862647883117,-0.8247432098734573,-2.072511188225965,0.04351346108429403,0.009465554926888522,0.010525276520776995,0.06158199999999971,0.06867200000725007,-0.4533409999989018,0.0023669999999999993,0.002652000000027459,-0.0017169999999575893
1724,3.4496660610020626,0.02672601486798557,-1.0309986656879349,-1.8156179701945845,0.0508278915866737,0.0012745568537903319,0.001951511040284018,0.06158199999999971,0.06867200000725007,-0.4533409999989018,0.0023669999999999993,0.002652000000027459,-0.0017169999999575893
1725,3.451664446001814,-0.1389666877169493,-0.7338764019655666,-1.972421902859642,0.028115208784379345,-0.010326624698111228,0.00452026881987724,0.08158199999999981,0.07867200000485117,-0.3033389999987419,0.00036700000000000014,-0.0003480000000045259,0.00028299999999443435
1726,3.4536621189981815,-0.02930636546679488,-1.1793378877111294,-1.7162108903018318,0.055894240487019214,-0.004223287755157559,0.006700913711694692,0.08158199999999981,0.07867200000485117,-0.3033389999987419,0.00036700000000000014,-0.0003480000000045259,0.00028299999999443435
1727,3.4556508360037697,0.05461130408319585,-0.9249994119041921,-1.9411066024886505,0.056514901739809546,-0.010471990237929536,0.003753567737304331,0.08158199999999981,0.07867200000485117,-0.3033389999987419,0.00036700000000000014,-0.0003480000000045259,0.00028299999999443435
1728,3.457668947005004,-0.1519200654704682,-0.9786383008211671,-1.9636995753226252,0.033014034958639624,0.008617554739834537,0.0067841950278340925,0.08158199999999981,0.07867200000485117,-0.3033389999987419,0.00036700000000000014,-0.0003480000000045259,0.00028299999999443435
1729,3.459657122999488,-0.26587659677736936,-0.32571031812188467,-2.60199263865605,0.010048832076898223,0.00789479906559289,-0.003030039154173703,0.02158199999999995,0.06867200000133282,-0.08333999999890176,0.00036699999999999954,0.0026520000000114664,-0.0007169999999575879
1730,3.4616735509989667,0.06682616817451333,-1.0123849345430236,-2.1855946504883192,0.06203025465290233,-0.008082553982499891,-0.0013615894132189528,0.02158199999999995,0.06867200000133282,-0.08333999999890176,0.00036699999999999954,0.0026520000000114664,-0.0007169999999575879
1731,3.463645916999667,-0.09454123091410428,-0.5653630712649665,-1.973390874466896,0.03694209367295632,-0.0029158648063387074,0.015513969111687126,0.02158199999999995,0.06867200000133282,-0.08333999999890176,0.00036699999999999954,0.0026520000000114664,-0.0007169999999575879
1732,3.4656686980015365,-0.4426765627566841,-0.839163763571299,-1.9530022460836245,0.04131365150596562,-0.0183822164025276,0.01044967993768678,0.02158199999999995,0.06867200000133282,-0.08333999999890176,0.00036699999999999954,0.0026520000000114664,-0.0007169999999575879
1733,3.4676610009992146,-0.04008205536368534,-0.9194832657746689,-1.7122539750532098,0.05182351188313287,-0.004907162946908862,0.013514318571210465,0.09158199999999984,0.06867200000405155,-0.25333999999890183,-0.0006329999999999998,0.0016519999999954741,0.00028300000002642005
1734,3.469673621999391,-0.2333821813640683,-0.9265322642778571,-1.889669359604996,0.04932249536282415,-0.018583607132275994,0.0035688054224555935,0.09158199999999984,0.06867200000405155,-0.25333999999890183,-0.0006329999999999998,0.0016519999999954741,0.00028300000002642005
1735,3.4716499360001762,-0.4144872351304362,-0.7576270964088675,-2.3413574872725875,0.028665348719726844,0.00423652279861467,-0.002419717469973977,0.09158199999999984,0.06867200000405155,-0.25333999999890183,-0.0006329999999999998,0.0016519999999954741,0.00028300000002642005
1736,3.4736677469991264,0.06932415602385851,-0.46531672736676494,-2.3973120471788647,0.02127376961369149,0.0038101441049814594,-0.00754193197955344,0.09158199999999984,0.06867200000405155,-0.25333999999890183,-0.0006329999999999998,0.0016519999999954741,0.00028300000002642005
1737,3.4756841650014394,0.21130202929765649,-1.1959385588826497,-2.323324898255795,0.055126360927649797,0.00018344821371846953,0.015490629816053354,0.14158199999999993,0.10867200000245228,-0.15333899999826214,-0.007632999999999998,-0.0043480000000525034,0.003282999999930469
1738,3.477657953000744,-0.03552465862655623,-0.8968690001803816,-1.6679948994913525,0.05161092665477184,-0.0006695805847231034,-0.00396082841192256,0.14158199999999993,0.10867200000245228,-0.15333899999826214,-0.007632999999999998,-0.0043480000000525034,0.003282999999930469
1739,3.4796135280048475,0.07199077629269275,-0.5137837953060576,-1.7247435074134814,0.04029557907510276,-0.009922814672940351,0.010958393122544754,0.14158199999999993,0.10867200000245228,-0.15333899999826214,-0.007632999999999998,-0.0043480000000525034,0.003282999999930469
1740,3.4816349660031847,-0.33046635430180754,-0.6680591216238806,-2.232161593063483,0.04315253548265999,-0.012456767528276309,-6.677220075206363e-05,0.14158199999999993,0.10867200000245228,-0.15333899999826214,-0.007632999999999998,-0.0043480000000525034,0.003282999999930469
1741,3.4836600810012897,-0.2182887337783142,-0.7091177881100488,-2.0091478103907576,0.048750096829508274,-0.011326087535868438,0.002010094375837158,0.12158199999999997,0.10867200000085303,-0.05333899999826213,-0.009632999999999996,-0.005348000000068497,0.0042829999999144785
1742,3.485672061004152,-0.12252660358856451,-1.0889657721875228,-2.162663023201301,0.054373620295248865,-0.01610855413250819,0.008517581682051658,0.12158199999999997,0.10867200000085303,-0.05333899999826213,-0.009632999999999996,-0.005348000000068497,0.0042829999999144785
1743,3.4876528829991003,-0.22195007979747808,-0.7724668036597973,-2.7706535412445383,0.019738767259091055,0.02061237092218511,-0.0025060367306707085,0.12158199999999997,0.10867200000085303,-0.05333899999826213,-0.009632999999999996,-0.005348000000068497,0.0042829999999144785
1744,3.489668479000102,0.13474197135575477,-0.8395506196563407,-1.595539769125673,0.052254122383355216,-0.003960616083579664,0.010344148183147838,0.12158199999999997,0.10867200000085303,-0.05333899999826213,-0.009632999999999996,-0.005348000000068497,0.0042829999999144785
1745,3.4916596809998737,0.2074902100157275,-1.1843786493200243,-2.0781022278374612,0.05070459899947282,0.0023713527997567497,0.002446424943885512,0.10158199999999981,0.1086720000050111,-0.3133389999982621,-0.002632999999999999,-0.0003480000000205184,0.0012829999999944364
1746,3.4937197000035667,0.16214063113517707,-0.5406930913859056,-2.181334321372457,0.030749867181749796,-0.004833628502579747,0.0059059755012138985,0.10158199999999981,0.1086720000050111,-0.3133389999982621,-0.002632999999999999,-0.0003480000000205184,0.0012829999999944364
1747,3.495660938002402,0.3434063468242592,-0.6901424480548747,-2.1573497939601425,0.04925090166255373,-0.003465559844346775,0.0011870240967286913,0.10158199999999981,0.1086720000050111,-0.3133389999982621,-0.002632999999999999,-0.0003480000000205184,0.0012829999999944364
1748,3.4976713360010763,-0.1907709118477094,-0.944059994850017,-2.1008684395447736,0.050441193501315,-0.00010957831129270625,0.005732177534069677,0.10158199999999981,0.1086720000050111,-0.3133389999982621,-0.002632999999999999,-0.0003480000000205184,0.0012829999999944364
1749,3.499662296999304,0.06992150843363934,-0.6147869136952269,-1.8220852945688462,0.041198206669793506,-0.007916783429154872,0.007135993737038867,0.08158199999999986,0.08867200000357175,-0.22333899999858198,-0.002633,-0.0003480000000045259,0.00028299999999443625
1750,3.501674136001384,0.14662694530034465,-0.7526166233774293,-2.474080308442451,0.04246766064796718,-0.0006253401573764418,-0.0007852996346036956,0.08158199999999986,0.08867200000357175,-0.22333899999858198,-0.002633,-0.0003480000000045259,0.00028299999999443625
1751,3.5036526340045384,-0.046061538140206554,-0.9555364350988471,-2.9022415772977035,0.024970595816056682,0.01845131354629046,-0.003504445533647972,0.08158199999999986,0.08867200000357175,-0.22333899999858198,-0.002633,-0.0003480000000045259,0.00028299999999443625
1752,3.5056763760003378,0.18560592041074525,-0.5462719731743219,-2.9225372035319106,0.013040335501259654,0.03714869811308035,-0.005506017304176094,0.08158199999999986,0.08867200000357175,-0.22333899999858198,-0.002633,-0.0003480000000045259,0.00028299999999443625
1753,3.5076621269981842,-0.22374414425889277,-0.9336991292253997,-1.9621083517862115,0.04018431486414267,-0.0007998805530086744,0.002387884532332255,0.15158199999999977,0.10867200000581073,-0.36333999999826216,-0.004632999999999998,-0.003348000000036511,0.00228299999994646
1754,3.509669038001448,-0.01066624518634542,-1.1257600743768357,-2.2063735895329475,0.050108702545326025,-0.008148053318442318,0.01061272020367592,0.15158199999999977,0.10867200000581073,-0.36333999999826216,-0.004632999999999998,-0.003348000000036511,0.00228299999994646
1755,3.511651011998765,0.33761775734784427,-0.5925214648374377,-1.7480095770012418,0.04197076001322671,-0.0004250586961871619,0.007000750454375274,0.15158199999999977,0.10867200000581073,-0.36333999999826216,-0.004632999999999998,-0.003348000000036511,0.00228299999994646
1756,3.5136611980051384,0.14551267098698,-0.8963480001096115,-1.8632506641970503,0.041503305160750424,0.0009643843992626517,0.0005859020751661584,0.15158199999999977,0.10867200000581073,-0.36333999999826216,-0.004632999999999998,-0.003348000000036511,0.00228299999994646
1757,3.515673820002121,-0.22369367208128657,-0.7949113122512407,-2.3930724335740776,0.04000847182576771,-0.021092396707410623,0.01437908884997313,0.21158199999999974,0.11867200000661035,-0.4133399999981022,-0.009632999999999996,-0.007348000000068497,0.004282999999882494
1758,3.51767197400477,0.15193546854558204,-1.106060040548408,-2.190079269020289,0.04923545025262962,0.0002714166709942449,0.003003093813402292,0.21158199999999974,0.11867200000661035,-0.4133399999981022,-0.009632999999999996,-0.007348000000068497,0.004282999999882494
1759,3.519665990002977,-0.7533596939947188,-0.5240072859539621,-2.737205409099857,0.007987046261783889,0.0013432940800230707,-0.013882625802039111,0.21158199999999974,0.11867200000661035,-0.4133399999981022,-0.009632999999999996,-0.007348000000068497,0.004282999999882494
1760,3.521661409002263,0.3821485669041997,-0.7447138720511668,-2.2818408699654174,0.04074985493045297,0.008189421079766638,-0.0012176030047324955,0.21158199999999974,0.11867200000661035,-0.4133399999981022,-0.009632999999999996,-0.007348000000068497,0.004282999999882494
1761,3.523679400997935,0.13303479417124522,-0.7969190436510469,-1.8980234178108815,0.0463094673484116,-0.010036645452288504,0.006024646911372923,0.14158199999999987,0.08867200000373168,-0.233338999998582,-0.0036329999999999986,-0.001348000000036511,0.002282999999978444
1762,3.525667597001302,0.2899155137002463,-0.9434518318922066,-2.187227790235505,0.0456703260698075,-0.0012356000352727557,0.009697252985244592,0.14158199999999987,0.08867200000373168,-0.233338999998582,-0.0036329999999999986,-0.001348000000036511,0.002282999999978444
1763,3.527655151003273,-0.010463781027032647,-0.8425575371414855,-1.8149154459904204,0.05231392294376734,-0.009603278161455743,0.00603453898205527,0.14158199999999987,0.08867200000373168,-0.233338999998582,-0.0036329999999999986,-0.001348000000036511,0.002282999999978444
1764,3.529663975001313,0.28802677649151215,-1.0956552501965797,-2.2637141364931024,0.05700429444820758,0.0008520259549929354,0.0026166940948515287,0.14158199999999987,0.08867200000373168,-0.233338999998582,-0.0036329999999999986,-0.001348000000036511,0.002282999999978444
1765,3.531665485999838,0.1974343046181621,-0.8995574124539147,-1.7135721042957437,0.05415723091633394,-0.010654957099186943,0.008705075688457952,0.15158199999999974,0.08867200000645041,-0.403338999998582,-0.005632999999999998,-0.003348000000036511,0.0022829999999464602
1766,3.53367484100454,0.31831193332915764,-0.7566201862567938,-2.226134587435583,0.02588669517278784,0.017443679951987034,0.0019403833076007551,0.15158199999999974,0.08867200000645041,-0.403338999998582,-0.005632999999999998,-0.003348000000036511,0.0022829999999464602
1767,3.53563168799883,0.3308005232855755,-0.8414838254585131,-2.7881024053495906,0.023415694705956634,0.028460573916842105,-0.0036996818772793874,0.15158199999999974,0.08867200000645041,-0.403338999998582,-0.005632999999999998,-0.003348000000036511,0.0022829999999464602
1768,3.537685014998715,0.29112828765010884,-0.3245633547162816,-2.6493556162150522,0.004250908627965281,0.025040677691524328,-0.0022813851235554614,0.15158199999999974,0.08867200000645041,-0.403338999998582,-0.005632999999999998,-0.003348000000036511,0.0022829999999464602
1769,3.539669825004239,-0.4940236622507234,-0.6959759306463936,-2.647162221273557,0.018223399143033888,0.0038666528522323116,-0.0051184274004508375,0.13158199999999987,0.08867200000325194,-0.203340999998582,-0.006632999999999998,-0.0043480000000525034,0.0032829999999304687
1770,3.5416433330028667,0.17562086477368927,-0.3415407163815841,-2.584126699345223,0.0036072789324752916,0.021608201327456056,-0.004087994443974931,0.13158199999999987,0.08867200000325194,-0.203340999998582,-0.006632999999999998,-0.0043480000000525034,0.0032829999999304687
1771,3.5436331710006925,-0.07392301392689843,-0.6986321023688382,-2.7995238873564827,0.014674393847117244,0.014757704116644035,-0.011317786890582488,0.13158199999999987,0.08867200000325194,-0.203340999998582,-0.006632999999999998,-0.0043480000000525034,0.0032829999999304687
1772,3.5456356940048863,0.37962193922456533,-0.2823562506273893,-3.0693212790394395,0.002087500236764495,0.03670986613537094,-0.0009053497848322535,0.13158199999999987,0.08867200000325194,-0.203340999998582,-0.006632999999999998,-0.0043480000000525034,0.0032829999999304687
1773,3.5476465620013187,-0.2552989407899711,-0.03435663846899998,-2.8878777735857835,-0.0051738473710429,0.011760354708195761,-0.011591094224643666,0.11158199999999988,0.06867200000325194,-0.20334099999890182,-0.005632999999999998,-0.002348000000036511,0.002282999999962453
1774,3.5496941689998494,0.17918418430275573,-0.7542997956691884,-3.0204901752591264,0.01979972699875583,0.025607873413420135,-0.004500720408386757,0.11158199999999988,0.06867200000325194,-0.20334099999890182,-0.005632999999999998,-0.002348000000036511,0.002282999999962453
1775,3.5516681369990692,0.02451661122860701,-0.37100475811739086,-2.724062745416405,0.013644340958932705,0.017113784320925283,-0.012626895491766658,0.11158199999999988,0.06867200000325194,-0.20334099999890182,-0.005632999999999998,-0.002348000000036511,0.002282999999962453
1776,3.553674417002185,0.20717159036353558,-0.3898717614785362,-3.1749517360640063,0.0028401695680804373,0.03839704633022464,-0.007619028119416941,0.11158199999999988,0.06867200000325194,-0.20334099999890182,-0.005632999999999998,-0.002348000000036511,0.002282999999962453
1777,3.555671489004453,0.08772861605604354,-0.9406567057476514,-2.987574666021269,0.012595518370535512,0.02723575202893083,-0.0073083443074854855,0.12158199999999977,0.11867200000549089,-0.34333999999810216,-0.006632999999999997,-0.004348000000068497,0.004282999999930469
1778,3.5576825980024296,0.12808237628490643,-0.8734481119252528,-2.587281799431031,0.02665759341719245,0.01858443062947764,-0.00734442839094296,0.12158199999999977,0.11867200000549089,-0.34333999999810216,-0.006632999999999997,-0.004348000000068497,0.004282999999930469
1779,3.5596625079997466,0.4261376680988708,-1.1963483966804105,-2.8163765041609476,0.032509650150145314,0.028685550642045844,-0.0003274893421951206,0.12158199999999977,0.11867200000549089,-0.34333999999810216,-0.006632999999999997,-0.004348000000068497,0.004282999999930469
1780,3.56167325500428,-0.05325453011273585,-0.8716587271845664,-2.858976278646657,0.015644547002228313,0.011990356017479656,-0.010712700694367524,0.12158199999999977,0.11867200000549089,-0.34333999999810216,-0.006632999999999997,-0.004348000000068497,0.004282999999930469
1781,3.563671811003587,0.3826150844302591,-0.4529087959636982,-2.940043664598568,0.010573674197801978,0.02100125990072453,-0.001767183349870478,0.1115819999999998,0.11867200000485116,-0.3033389999981022,-0.006632999999999997,-0.005348000000068497,0.004282999999914477
1782,3.5656762569997227,-0.0029734245065923207,-0.5664073154720757,-2.7845895289448843,0.01681102008418301,0.004338007980772966,-0.00511465902370334,0.1115819999999998,0.11867200000485116,-0.3033389999981022,-0.006632999999999997,-0.005348000000068497,0.004282999999914477
1783,3.5676614070034702,0.22689125902373775,-0.5171415228321949,-2.8810882996221174,-4.131467806735327e-05,0.02656735083152412,-0.002354452771041125,0.1115819999999998,0.11867200000485116,-0.3033389999981022,-0.006632999999999997,-0.005348000000068497,0.004282999999914477
1784,3.5696744390006643,0.28098027894642735,-0.8311080851182915,-2.976158958302958,0.012603614645619371,0.03074387005975384,-0.003080947127112773,0.1115819999999998,0.11867200000485116,-0.3033389999981022,-0.006632999999999997,-0.005348000000068497,0.004282999999914477
1785,3.571674056001939,0.2501197177905889,-0.5975142476903852,-1.8624705155311045,0.03815751010281693,0.0006372335756586973,0.009420622826740102,0.12158199999999988,0.07867200000293208,-0.18333999999874193,-0.004632999999999998,-0.0053480000000525035,0.0032829999999144746
1786,3.573675206003827,-0.21260544394112252,-0.8738718126420016,-2.1698630643827004,0.05142106645195967,-0.00753360473554867,0.011283126829030385,0.12158199999999988,0.07867200000293208,-0.18333999999874193,-0.004632999999999998,-0.0053480000000525035,0.0032829999999144746
1787,3.575657631001377,0.026409667657046252,-0.7241009375206561,-1.964909192808008,0.04226417704966579,-0.015221358407657542,0.004578771819777684,0.12158199999999988,0.07867200000293208,-0.18333999999874193,-0.004632999999999998,-0.0053480000000525035,0.0032829999999144746
1788,3.5776918420015136,0.010622416187390276,-0.823970993575968,-2.0456804614861364,0.04437904483791492,0.001703268783670309,0.007204719374059852,0.12158199999999988,0.07867200000293208,-0.18333999999874193,-0.004632999999999998,-0.0053480000000525035,0.0032829999999144746
1789,3.579670500002976,-0.14672424308774873,-0.6228719346508398,-2.0093242303021146,0.03269957015796643,-0.00412256678298721,-0.009115684554831376,0.09158199999999979,0.05867200000533095,-0.3333399999990618,-0.0006329999999999992,-0.0003480000000205184,0.001282999999994435
1790,3.581674375003786,0.24229125313146585,-0.6105889148439865,-2.4211834840583406,0.014385236360354514,0.02661854502766456,-0.012346213658765065,0.09158199999999979,0.05867200000533095,-0.3333399999990618,-0.0006329999999999992,-0.0003480000000205184,0.001282999999994435
1791,3.5836578020025627,-0.3711197961033776,-0.9845982413806006,-2.7408546971554633,0.03120139131780347,0.0037587924284766903,-0.007198432780867881,0.09158199999999979,0.05867200000533095,-0.3333399999990618,-0.0006329999999999992,-0.0003480000000205184,0.001282999999994435
1792,3.585670583001047,-0.31576162669781843,-0.4694084990711807,-2.3647966583669513,0.020811840082430626,-0.0019619927054773463,-0.003441392141622101,0.09158199999999979,0.05867200000533095,-0.3333399999990618,-0.0006329999999999992,-0.0003480000000205184,0.001282999999994435
1793,3.5876643390001846,-0.27225954420038057,-0.8712962637010526,-2.53378466907243,0.023523191951564677,0.002497161285638718,-0.003768500719506206,0.14158199999999974,0.06867200000677028,-0.4233399999989018,-0.0036329999999999978,-0.0033480000000525034,0.003282999999946459
1794,3.589659508004843,-0.16050110009435137,-0.575000840150907,-2.6743587032767846,0.0045086665716992085,0.01732372411401225,-0.0013392253336338908,0.14158199999999974,0.06867200000677028,-0.4233399999989018,-0.0036329999999999978,-0.0033480000000525034,0.003282999999946459
1795,3.5916579730037483,-0.6171802903181742,-0.5244809377926863,-2.5548550457171166,0.01846581460029833,0.0019245128863550863,0.0014514719674634442,0.14158199999999974,0.06867200000677028,-0.4233399999989018,-0.0036329999999999978,-0.0033480000000525034,0.003282999999946459
1796,3.5937300250006956,-0.11326361819017426,-0.6953085546588819,-2.539209399390564,0.012534503363226993,0.017662691758554828,-0.003257522994994754,0.14158199999999974,0.06867200000677028,-0.4233399999989018,-0.0036329999999999978,-0.0033480000000525034,0.003282999999946459
1797,3.5956760320041212,-0.13637306268069058,-0.684582765854668,-2.502519218021271,0.01509273268766353,0.019333999250908084,-0.010536824836453226,0.20158199999999973,0.1186720000069302,-0.43333999999810224,-0.007632999999999998,-0.0053480000000525035,0.0032829999999144767
1798,3.597660330000508,-0.4480187147794061,-0.5555674999446643,-2.779034134414968,0.006960299751550001,0.009623791548550958,-0.0024768675737776203,0.20158199999999973,0.1186720000069302,-0.43333999999810224,-0.007632999999999998,-0.0053480000000525035,0.0032829999999144767
1799,3.5996575630051666,-0.3460338467691152,-0.39194231478998276,-2.820366163029818,0.006605580238025151,5.398574911343187e-05,-0.0019496827446825128,0.20158199999999973,0.1186720000069302,-0.43333999999810224,-0.007632999999999998,-0.0053480000000525035,0.0032829999999144767
1800,3.601650807999249,0.21244410778013034,-0.7183743984424243,-2.311647959440622,0.0273666554304021,0.014071608078716583,-0.00487901920733435,0.20158199999999973,0.1186720000069302,-0.43333999999810224,-0.007632999999999998,-0.0053480000000525035,0.0032829999999144767
1801,3.6036639500016463,0.5002231583783879,-0.771894779174556,-1.6507140999648349,0.05270455713274181,-0.0025678948778630334,0.006663420918381617,0.15158199999999977,0.09867200000597066,-0.3733409999984221,-0.004632999999999998,-0.0033480000000525034,0.00328299999994646
1802,3.6056583969984786,0.007383717701854973,-1.025887238414491,-2.1277329441353507,0.04900948676009603,-0.006433947553978708,0.0016491724596924679,0.15158199999999977,0.09867200000597066,-0.3733409999984221,-0.004632999999999998,-0.0033480000000525034,0.00328299999994646
1803,3.607662171998527,0.16364436710242938,-0.9786474929302333,-2.2895348759685454,0.04906642820411048,-0.009986105455482964,-0.0005753328904660036,0.15158199999999977,0.09867200000597066,-0.3733409999984221,-0.004632999999999998,-0.0033480000000525034,0.00328299999994646
1804,3.609654355001112,-0.2533109237896252,-1.0858697118373783,-2.1633842259282456,0.051535283943193226,-0.01573875460831352,-0.006585155731292595,0.15158199999999977,0.09867200000597066,-0.3733409999984221,-0.004632999999999998,-0.0033480000000525034,0.00328299999994646
1805,3.6116560160007793,0.3878460656327772,-0.7123175319913315,-2.56856465696287,0.031656231949237085,0.014545168602251442,0.003275033570180484,0.1315819999999997,0.09867200000741,-0.46334099999842204,-0.005632999999999998,-0.0013480000000525036,0.0032829999999784455
1806,3.613668547004636,0.19221905129210362,-0.7082309924692298,-2.4123672581846485,0.027881752067420076,0.009612794677109817,-0.008081708728931962,0.1315819999999997,0.09867200000741,-0.46334099999842204,-0.005632999999999998,-0.0013480000000525036,0.0032829999999784455
1807,3.615646864003793,-0.19101206902909004,-0.9690667845041978,-2.2953588164107566,0.03983502546130021,0.011423281225251998,-0.0006628934803262525,0.1315819999999997,0.09867200000741,-0.46334099999842204,-0.005632999999999998,-0.0013480000000525036,0.0032829999999784455
1808,3.617671457999677,-0.2925528290561074,-1.083936639322531,-2.0566312904434834,0.043787603026171594,-0.0052572848257765245,-0.001616338857295941,0.1315819999999997,0.09867200000741,-0.46334099999842204,-0.005632999999999998,-0.0013480000000525036,0.0032829999999784455
1809,3.6197157580027124,-0.15360699424360832,-0.918053646246359,-2.1883928203061083,0.04222649915885443,-0.0027718187421216763,0.01419390674390005,0.11158199999999975,0.11867200000645041,-0.4033389999981022,-0.004632999999999998,-0.0033480000000525034,0.00328299999994646
1810,3.6216531690006377,-0.23678060275137477,-0.8307223045510796,-1.8994283908691454,0.04975863547105518,-0.013435562559122314,0.007731529250319825,0.11158199999999975,0.11867200000645041,-0.4033389999981022,-0.004632999999999998,-0.0033480000000525034,0.00328299999994646
1811,3.623645543004386,0.21728011685105503,-0.9447899270840049,-2.0587345846021794,0.051114120853789254,-0.004760617235445898,0.0027079570242785215,0.11158199999999975,0.11867200000645041,-0.4033389999981022,-0.004632999999999998,-0.0033480000000525034,0.00328299999994646
1812,3.6256672509989585,-0.022638853473950633,-0.9491476214488028,-2.0120499269664487,0.054088716400746105,-0.01762256459971504,0.011976907576580919,0.11158199999999975,0.11867200000645041,-0.4033389999981022,-0.004632999999999998,-0.0033480000000525034,0.00328299999994646
1813,3.627660325000761,0.35093851185401287,-0.24629831206477618,-2.628711228118683,0.00706182853546288,0.020133350213415162,0.0018584298812626089,0.11158199999999978,0.08867200000581073,-0.36333999999858196,-0.0016329999999999984,-0.000348000000036511,0.0022829999999944353
1814,3.629668387999118,-0.36706793619006417,-0.6518791590334607,-1.80838958452751,0.042967553465308755,-0.021125695964871547,0.004239956283314699,0.11158199999999978,0.08867200000581073,-0.36333999999858196,-0.0016329999999999984,-0.000348000000036511,0.0022829999999944353
1815,3.6316474670020398,0.12043178464052445,-0.882458117156133,-2.1644560509130977,0.037650990999229396,-0.006079544043047842,-0.006103524226879667,0.11158199999999978,0.08867200000581073,-0.36333999999858196,-0.0016329999999999984,-0.000348000000036511,0.0022829999999944353
1816,3.633669456001371,0.33961442708526285,-0.769177632286332,-2.4773964959857704,0.04412365273505502,0.0076027997682228685,-0.002514308112786664,0.11158199999999978,0.08867200000581073,-0.36333999999858196,-0.0016329999999999984,-0.000348000000036511,0.0022829999999944353
1817,3.6356775790045504,0.2116360056284039,-0.9776635429549191,-2.2159988671403026,0.047176096036619194,-0.006565162441818609,0.0022558615980337875,0.07158199999999985,0.08867200000405155,-0.253339999998582,0.0003670000000000008,0.0006519999999794816,0.001283000000010427
1818,3.6376800010039005,0.2126775743934019,-0.7268713948588998,-1.981761070863455,0.03893054534717489,-0.0031931997380445776,0.009119802073415027,0.07158199999999985,0.08867200000405155,-0.253339999998582,0.0003670000000000008,0.0006519999999794816,0.001283000000010427
1819,3.6396661030012183,-0.07789426764150297,-0.022232319256343884,-2.8578993852590764,-0.0065125109637663905,0.02178530651629886,-0.012001684934659685,0.07158199999999985,0.08867200000405155,-0.253339999998582,0.0003670000000000008,0.0006519999999794816,0.001283000000010427
1820,3.641633418999845,-0.11792702101808915,-0.821375315482762,-2.270078492154813,0.032167727513798094,0.012624851278376448,0.005723564291687594,0.07158199999999985,0.08867200000405155,-0.253339999998582,0.0003670000000000008,0.0006519999999794816,0.001283000000010427
1821,3.6436554079991765,0.070294878683167,-1.227257448571076,-1.8723620535737513,0.06148747195925229,-0.009104865767085728,0.008561659976548777,0.07158199999999981,0.06867200000485116,-0.30333899999890185,0.0023669999999999997,0.0036520000000114664,-0.0007169999999415967
1822,3.6456697329995222,-0.11411602862617005,-1.130758584134534,-1.969932419332415,0.0593226566215934,-0.01586588456598248,0.007959101293799873,0.07158199999999981,0.06867200000485116,-0.30333899999890185,0.0023669999999999997,0.0036520000000114664,-0.0007169999999415967
1823,3.647648931000731,-0.36050570442180385,-0.6074452754008662,-2.052602177830156,0.03478856026908905,-0.019910955503762873,0.00834757671012035,0.07158199999999981,0.06867200000485116,-0.30333899999890185,0.0023669999999999997,0.0036520000000114664,-0.0007169999999415967
1824,3.6496664420046727,0.13600465846755544,-1.0512996886467842,-1.7435312734725785,0.05227548311609824,0.00045455404752128137,0.011840180449017064,0.07158199999999981,0.06867200000485116,-0.30333899999890185,0.0023669999999999997,0.0036520000000114664,-0.0007169999999415967
1825,3.651689903999795,0.035853701669849705,-0.9581045483612401,-2.1213131005431514,0.0510700388638443,-0.004175191737986316,0.011547856919303514,0.07158199999999985,0.058672000003891625,-0.24333999999906172,0.0023669999999999997,0.0036520000000114664,-0.0007169999999415967
1826,3.6536713870009407,-0.2329908135797435,-0.6282576611802972,-2.2414132654472745,0.03138788257153917,-0.006469833416680802,0.0029248334255579196,0.07158199999999985,0.058672000003891625,-0.24333999999906172,0.0023669999999999997,0.0036520000000114664,-0.0007169999999415967
1827,3.655654072004836,-0.5372880472342143,-0.8653268355415167,-1.9940067635651935,0.050093418661357234,-0.026477304741054225,-0.00019253714607061213,0.07158199999999985,0.058672000003891625,-0.24333999999906172,0.0023669999999999997,0.0036520000000114664,-0.0007169999999415967
1828,3.657673195004463,0.3688449173646675,-0.495977289752371,-2.1055648619462426,0.0320493496579074,-0.003713512143260332,0.0050019764855214885,0.07158199999999985,0.058672000003891625,-0.24333999999906172,0.0023669999999999997,0.0036520000000114664,-0.0007169999999415967
1829,3.65965455800324,0.18981851726645388,-0.8663460534090389,-2.1280124929958117,0.055444800952163864,-0.0015014915347636298,0.0019899767402699817,0.08158199999999984,0.07867200000437141,-0.2733399999987419,-0.0006329999999999992,0.0016519999999794815,0.0012830000000264201
1830,3.661671047004347,-0.4345103740525384,-0.2787344140159315,-2.135684584295006,0.03140402433499801,-0.02086073329275458,0.008062323392985052,0.08158199999999984,0.07867200000437141,-0.2733399999987419,-0.0006329999999999992,0.0016519999999794815,0.0012830000000264201
1831,3.663646487999358,-0.04379544986143092,-0.6388979495734307,-2.5482991601516427,0.01593136282639441,0.022792807408864024,-0.0023384877079294436,0.08158199999999984,0.07867200000437141,-0.2733399999987419,-0.0006329999999999992,0.0016519999999794815,0.0012830000000264201
1832,3.665657295998244,-0.4110198987853933,-0.5134053553428092,-1.9624140540135804,0.04136987968705731,-0.01651593575995709,0.0037130398161222414,0.08158199999999984,0.07867200000437141,-0.2733399999987419,-0.0006329999999999992,0.0016519999999794815,0.0012830000000264201
1833,3.667652124000597,-0.3705367728384721,-0.40896501895000326,-1.9770025286073716,0.035958032599642614,-0.010957475665404726,0.007507280180219397,0.11158199999999978,0.09867200000581072,-0.36333999999842204,-0.002632999999999999,-0.0003480000000205184,0.0012829999999944364
1834,3.669667189999018,-0.15425816148819557,-0.6689823683673669,-2.386512943298624,0.03801981362163824,-0.01085392560635483,-0.0010311608611012762,0.11158199999999978,0.09867200000581072,-0.36333999999842204,-0.002632999999999999,-0.0003480000000205184,0.0012829999999944364
1835,3.6716459880044567,0.192933743442958,-0.7693724186079967,-2.100131342125097,0.04612504551977927,-0.004370159932212064,0.00854306282543304,0.11158199999999978,0.09867200000581072,-0.36333999999842204,-0.002632999999999999,-0.0003480000000205184,0.0012829999999944364
1836,3.673663838999346,-0.012348709672991074,-0.8240126092085092,-2.5182551553662957,0.03521813637522281,0.01210201690782006,0.002870663048510669,0.11158199999999978,0.09867200000581072,-0.36333999999842204,-0.002632999999999999,-0.0003480000000205184,0.0012829999999944364
1837,3.6756558819979546,-0.015921126657550067,-0.7225093563940379,-2.1457633844230948,0.038396427399331697,-0.005114421260962491,-0.0027578401980500647,0.04158199999999993,0.09867200000181259,-0.11333999999842201,0.002367,0.002651999999995474,0.00028300000004241073
1838,3.677665627998067,-0.08717844903920972,-0.6080240345178705,-2.1520399838967297,0.042569443634747926,-0.011080857223175568,0.004868022142678612,0.04158199999999993,0.09867200000181259,-0.11333999999842201,0.002367,0.002651999999995474,0.00028300000004241073
1839,3.679647502001899,0.15252478954660517,-0.7352811008237248,-1.9431728679372675,0.04373293709390641,0.0011104426430317135,-0.002394383492124855,0.04158199999999993,0.09867200000181259,-0.11333999999842201,0.002367,0.002651999999995474,0.00028300000004241073
1840,3.6816608650042326,-0.44099000644001396,-0.7786796290763183,-1.9407811281129597,0.04940254092618054,-0.024491891568133528,0.006243420786857912,0.04158199999999993,0.09867200000181259,-0.11333999999842201,0.002367,0.002651999999995474,0.00028300000004241073
1841,3.6836539290015935,0.38391629096594115,-0.31568326457176665,-2.927630879341713,0.0055442265670333935,0.027971476561982494,-0.012510062796210029,0.05158199999999988,0.078672000003092,-0.19333999999874188,-0.0006329999999999992,0.0016519999999794815,0.0012830000000264201
1842,3.685657052999886,-0.17825474904452124,-0.7448145683279249,-1.7866246768805583,0.0453318908140695,-0.012674069804080507,0.012993140704451376,0.05158199999999988,0.078672000003092,-0.19333999999874188,-0.0006329999999999992,0.0016519999999794815,0.0012830000000264201
1843,3.687646491001942,-0.20858213704445844,-0.6982786843731938,-1.94877993237761,0.046342763167320514,-0.01995703963995303,0.010137918856100117,0.05158199999999988,0.078672000003092,-0.19333999999874188,-0.0006329999999999992,0.0016519999999794815,0.0012830000000264201
1844,3.689659643001505,-0.08187385787956168,-0.8855202903984889,-2.083228956536516,0.04796239309763077,-0.009317214878662874,0.006610240547104521,0.05158199999999988,0.078672000003092,-0.19333999999874188,-0.0006329999999999992,0.0016519999999794815,0.0012830000000264201
1845,3.691652918001637,-0.31677173599342145,-0.9857604397872161,-2.027411228383662,0.048981895231766735,-0.016790212132951163,-0.003131468405517174,0.11158199999999993,0.1086720000018126,-0.11333999999826212,-0.004632999999999998,-0.002348000000036511,0.0022829999999624522
1846,3.693705764999322,-0.12990958942680206,-0.9452824986778168,-2.054828208939853,0.054835718531086014,-0.008990510920410595,0.005257066539220984,0.11158199999999993,0.1086720000018126,-0.11333999999826212,-0.004632999999999998,-0.002348000000036511,0.0022829999999624522
1847,3.6956518209990463,-0.20422155311940196,-0.9349264972379672,-1.7211941100670438,0.049466696205820775,-0.008082972250567371,0.0032455505043563534,0.11158199999999993,0.1086720000018126,-0.11333999999826212,-0.004632999999999998,-0.002348000000036511,0.0022829999999624522
1848,3.6976685100016766,-0.39771933155228184,-0.4164844457028345,-2.1585014350196556,0.03224123508521587,-0.014839568120021306,0.005872660561009385,0.11158199999999993,0.1086720000018126,-0.11333999999826212,-0.004632999999999998,-0.002348000000036511,0.0022829999999624522
1849,3.6996583190048113,-0.03449220837779611,-0.9295902666636873,-2.163704181779163,0.05266861855448397,-0.01973872215234226,0.005757224164034151,0.10158199999999991,0.08867200000261222,-0.16333999999858198,0.00036700000000000014,0.0006519999999954741,0.0002830000000104269
1850,3.7016739460013923,-0.10687038240472209,-0.7277352326034143,-1.7943686828200074,0.04028001054098906,-0.007323030256711327,0.0072825998265402215,0.10158199999999991,0.08867200000261222,-0.16333999999858198,0.00036700000000000014,0.0006519999999954741,0.0002830000000104269
1851,3.703654147000634,0.15555219894044817,-0.4923713564924588,-2.5774934295417604,0.013470663568444095,0.02954958285408258,-0.010844600581333966,0.10158199999999991,0.08867200000261222,-0.16333999999858198,0.00036700000000000014,0.0006519999999954741,0.0002830000000104269
1852,3.705663312000979,-0.23169545856464957,-1.175511901527965,-1.8025064017125079,0.0655412303269491,-0.016287692038360314,0.012158077135226911,0.10158199999999991,0.08867200000261222,-0.16333999999858198,0.00036700000000000014,0.0006519999999954741,0.0002830000000104269
1853,3.7076667959991028,0.004872081434762747,-0.8013143705540936,-1.8638207174224912,0.04275369936870088,-0.008070081120405801,0.0019937661516377745,0.15158199999999986,0.09867200000373168,-0.23333899999842206,-0.004632999999999999,-0.002348000000020518,0.0012829999999624524
1854,3.709630315002869,-0.10783676775145798,-0.82481249415148,-1.9950118864873325,0.037814231998783414,-0.012583915489211903,0.004462351594393133,0.15158199999999986,0.09867200000373168,-0.23333899999842206,-0.004632999999999999,-0.002348000000020518,0.0012829999999624524
1855,3.7116273080027895,-0.20163202616641057,-1.4371232707806263,-2.0342670552228648,0.06330643794097399,-0.01184017130310128,0.004391098354060485,0.15158199999999986,0.09867200000373168,-0.23333899999842206,-0.004632999999999999,-0.002348000000020518,0.0012829999999624524
1856,3.713625171003514,-0.3126963197461044,-1.020415885213817,-1.9703402187315293,0.04437087154965618,-0.01704013469746198,0.008393231876026764,0.15158199999999986,0.09867200000373168,-0.23333899999842206,-0.004632999999999999,-0.002348000000020518,0.0012829999999624524
1857,3.7156390250020195,-0.10621423220835682,-0.4581741864992155,-2.9700402919606668,0.004752757502785365,0.018616559706423494,-0.007927483684489277,0.09158199999999996,0.06867200000117288,-0.07333899999890182,-0.001632999999999999,0.0006519999999794816,0.0012830000000104281
1858,3.7176547620038036,0.19496503286819264,-1.0065323929557253,-2.7055382275063415,0.02463348416924726,0.028493036302146776,0.0012818140185701207,0.09158199999999996,0.06867200000117288,-0.07333899999890182,-0.001632999999999999,0.0006519999999794816,0.0012830000000104281
1859,3.719669566999073,-0.2899433899074701,-0.544740934391062,-2.536969954139001,0.008191961916291705,0.017602147600559274,-0.007582852460535513,0.09158199999999996,0.06867200000117288,-0.07333899999890182,-0.001632999999999999,0.0006519999999794816,0.0012830000000104281
1860,3.7216620910039637,0.33653605322526275,-0.8555069314798287,-2.3125502160562674,0.033391468386449956,0.017361361436414424,-0.004157669066863652,0.09158199999999996,0.06867200000117288,-0.07333899999890182,-0.001632999999999999,0.0006519999999794816,0.0012830000000104281
1861,3.723661878000712,0.40924169282813255,-0.8388334461073803,-1.7813090141476748,0.04575787779468752,0.002166848133604037,-0.0017510307723421494,0.12158199999999986,0.06867200000357175,-0.22333899999890186,-0.004632999999999998,-0.002348000000036511,0.0022829999999624522
1862,3.7256554339983268,0.33667030907526563,-0.7049974117095266,-2.2628139806951366,0.032637427842074726,0.0026721961562777593,0.008747411049030172,0.12158199999999986,0.06867200000357175,-0.22333899999890186,-0.004632999999999998,-0.002348000000036511,0.0022829999999624522
1863,3.7276497810016735,-0.027275698129125465,-1.111239132663292,-2.2772513653529676,0.05417423283763554,-0.0051388659420093736,-0.001450512842155529,0.12158199999999986,0.06867200000357175,-0.22333899999890186,-0.004632999999999998,-0.002348000000036511,0.0022829999999624522
1864,3.7296655280006235,-0.07386816162462985,-0.9631625789732008,-2.097440352776973,0.044372803683831515,-0.006667652951005517,0.005132623134164798,0.12158199999999986,0.06867200000357175,-0.22333899999890186,-0.004632999999999998,-0.002348000000036511,0.0022829999999624522
1865,3.7316630610002903,-0.6851830871687684,-0.5364451121368958,-2.810167835742519,0.019384181557650627,0.0009752273477693466,-0.004295456910681814,0.09158199999999986,0.07867200000357176,-0.2233389999987419,-0.001632999999999999,0.0006519999999794816,0.0012830000000104281
1866,3.733674360002624,-0.0065744365090953695,-0.6418410766001175,-2.030875686358266,0.045840696650122185,-0.012115123183011701,0.009779428390364104,0.09158199999999986,0.07867200000357176,-0.2233389999987419,-0.001632999999999999,0.0006519999999794816,0.0012830000000104281
1867,3.735649952002859,-0.5255434572483563,-1.0732309772837718,-1.8631030721464212,0.04871810600342661,-0.016948345530695037,0.00534424330080533,0.09158199999999986,0.07867200000357176,-0.2233389999987419,-0.001632999999999999,0.0006519999999794816,0.0012830000000104281
1868,3.737669647001894,0.19060510166874461,-0.4970933758453857,-2.282114389098643,0.025188855329808524,-0.002236289713896844,0.004039671356348141,0.09158199999999986,0.07867200000357176,-0.2233389999987419,-0.001632999999999999,0.0006519999999794816,0.0012830000000104281
1869,3.7396402590020443,-0.3324050837765745,-1.0181174215449933,-1.985086183155599,0.054424269522221416,-0.016850410928414914,0.003169040574174788,0.15158199999999977,0.06867200000533095,-0.3333399999989019,-0.0036329999999999986,-0.00034800000003651105,0.0022829999999944366
1870,3.741666426001757,-0.3284087634799972,-0.9262360997269091,-2.000872325227994,0.05145487137577602,-0.015526521279858528,-0.0018060744364750787,0.15158199999999977,0.06867200000533095,-0.3333399999989019,-0.0036329999999999986,-0.00034800000003651105,0.0022829999999944366
1871,3.743646096001612,-0.8077178608882095,-0.8249900421759375,-1.729508627856466,0.046482919799726304,-0.030049002672828378,-0.001048087313189755,0.15158199999999977,0.06867200000533095,-0.3333399999989019,-0.0036329999999999986,-0.00034800000003651105,0.0022829999999944366
1872,3.745653628000582,0.6735407522327794,-0.5789766094010188,-2.486972258466005,0.022351133944184462,0.029886512787343094,-0.00968565852183199,0.15158199999999977,0.06867200000533095,-0.3333399999989019,-0.0036329999999999986,-0.00034800000003651105,0.0022829999999944366
1873,3.747662722002133,-0.021074525837794705,-0.7001701368256833,-2.638937994616514,0.022079118528332324,0.015993743957872595,0.001813199899676881,0.16158199999999978,0.09867200000549088,-0.3433399999984221,-0.005632999999999998,-0.003348000000036511,0.0022829999999464602
1874,3.7496805129994755,-0.2859918162219563,-0.6658898231733416,-2.67729464433677,0.01596155083656549,0.012547247706834396,-0.0011492903381442041,0.16158199999999978,0.09867200000549088,-0.3433399999984221,-0.005632999999999998,-0.003348000000036511,0.0022829999999464602
1875,3.7516515470051672,-0.28331055261337884,-0.5245298437548703,-2.60014631563273,0.014421738234766824,0.004457461600879438,-0.004081639396808158,0.16158199999999978,0.09867200000549088,-0.3433399999984221,-0.005632999999999998,-0.003348000000036511,0.0022829999999464602
1876,3.753661964001367,0.027160159383264187,-0.4648623639664256,-2.3791661819884324,0.025065325689548314,0.005350619321408956,0.004443605668179498,0.16158199999999978,0.09867200000549088,-0.3433399999984221,-0.005632999999999998,-0.003348000000036511,0.0022829999999464602
1877,3.755659006004862,-0.5548252079711223,-0.9364920900379382,-1.7133102782013627,0.048063298293988796,-0.01772448736510966,0.004607912499161566,0.12158199999999986,0.08867200000357175,-0.223338999998582,-0.002632999999999999,-0.0003480000000205184,0.0012829999999944364
1878,3.7576690830028383,-0.4684246085651233,-1.0593534989311288,-2.1710968598606133,0.05012323583390502,-0.018886797337997314,0.001959809841751142,0.12158199999999986,0.08867200000357175,-0.223338999998582,-0.002632999999999999,-0.0003480000000205184,0.0012829999999944364
1879,3.759650685999077,0.06703136049598943,-0.9908116058616833,-1.8632446863237428,0.04456712278591185,0.0014179030400498403,-0.0006442398336948666,0.12158199999999986,0.08867200000357175,-0.223338999998582,-0.002632999999999999,-0.0003480000000205184,0.0012829999999944364
1880,3.7616533390028053,0.5948917524048877,-0.6325240548088841,-1.9035745085299207,0.043466721633930304,0.00995487520580623,-0.010895424154190177,0.12158199999999986,0.08867200000357175,-0.223338999998582,-0.002632999999999999,-0.0003480000000205184,0.0012829999999944364
1881,3.7636621330020716,0.2638767335360971,-0.6804127958179139,-2.4509645158772813,0.02660736292800456,0.010045130049568467,-0.0043647881726307175,0.10158199999999984,0.0686720000043714,-0.27333999999890185,-0.001632999999999999,0.0006519999999794816,0.0012830000000104281
1882,3.7656721290040878,-0.2229419428155743,-1.2384690988476976,-1.7362252504598685,0.0626446552586611,-0.015066338677576284,-0.0006290507409512485,0.10158199999999984,0.0686720000043714,-0.27333999999890185,-0.001632999999999999,0.0006519999999794816,0.0012830000000104281
1883,3.7676673180030775,-0.3442541109462255,-0.7306313412169633,-2.0285176002425103,0.03951867609649256,-0.02354519114100748,0.004690235808829224,0.10158199999999984,0.0686720000043714,-0.27333999999890185,-0.001632999999999999,0.0006519999999794816,0.0012830000000104281
1884,3.7696709020019625,-0.013157163424652075,-1.1011468980398598,-1.9669415198913325,0.05399221883642788,-0.0029925619733176196,0.00123928238756554,0.10158199999999984,0.0686720000043714,-0.27333999999890185,-0.001632999999999999,0.0006519999999794816,0.0012830000000104281
1885,3.7716605110035744,0.42769352068362626,-0.7116265746197359,-2.0402170771775507,0.05267038766863549,-0.0003799171568393332,0.007727362296332013,0.11158199999999982,0.08867200000469126,-0.293340999998582,-0.0016329999999999997,0.0006519999999954741,0.0002830000000104282
1886,3.7736735430007684,-0.045153171950613524,-0.6018174268210961,-2.8021526042549634,0.014852102714354786,0.014604690970952915,-0.004309067508281006,0.11158199999999982,0.08867200000469126,-0.293340999998582,-0.0016329999999999997,0.0006519999999954741,0.0002830000000104282
1887,3.7756476319991634,-0.2723022216486482,-0.6839451307635862,-2.110299127754968,0.04107595603142588,-0.021598727210976238,0.0015638862964044613,0.11158199999999982,0.08867200000469126,-0.293340999998582,-0.0016329999999999997,0.0006519999999954741,0.0002830000000104282
1888,3.7776696810033172,-0.0018005057668729473,-1.3120797261002857,-2.0243287994886354,0.05977779702519757,-0.0031809549024790253,0.006229085767036382,0.11158199999999982,0.08867200000469126,-0.293340999998582,-0.0016329999999999997,0.0006519999999954741,0.0002830000000104282
1889,3.779652987999725,-0.2999841411863756,-0.9349066986748327,-1.8478067089656132,0.04382059653304294,-0.015047755593259552,0.0018161569597248345,0.09158199999999987,0.07867200000325195,-0.2033409999987419,-0.0016330000000000003,0.0026520000000114664,-0.0007169999999575867
1890,3.7816708590034978,-0.35524642393393263,-0.60105457713562,-2.228504760083212,0.04615076959639907,-0.018639492082707022,0.017032396949878417,0.09158199999999987,0.07867200000325195,-0.2033409999987419,-0.0016330000000000003,0.0026520000000114664,-0.0007169999999575867
1891,3.7836328749981476,-0.31542020947750277,-0.713930705129262,-2.297079114866045,0.02976161804477781,-0.005373369851167774,-0.002545107229890253,0.09158199999999987,0.07867200000325195,-0.2033409999987419,-0.0016330000000000003,0.0026520000000114664,-0.0007169999999575867
1892,3.7856252690035035,-0.5353081128220277,-1.2268318921360237,-2.3409150287154383,0.05773141383996562,-0.025670068529551858,0.0006861841411005326,0.09158199999999987,0.07867200000325195,-0.2033409999987419,-0.0016330000000000003,0.0026520000000114664,-0.0007169999999575867
1893,3.787638241003151,-0.6466837813588722,-0.7691527675952963,-2.0652261515784245,0.04382989309234965,-0.01999123975066274,0.011507555068117759,0.061581999999999804,0.04867200000485116,-0.30333899999922165,0.0013669999999999995,0.004652000000011466,-0.0007169999999256035
1894,3.7896266969983117,-0.3788697898604085,-0.8706657849609803,-2.048598755806205,0.03993417076672787,-0.011609347406310916,0.0017754609874022238,0.061581999999999804,0.04867200000485116,-0.30333899999922165,0.0013669999999999995,0.004652000000011466,-0.0007169999999256035
1895,3.7916333870016388,-0.6177545261531072,-1.0196336374205413,-2.1796351739036948,0.04236122629186123,-0.01366907356969035,-0.006382683374335786,0.061581999999999804,0.04867200000485116,-0.30333899999922165,0.0013669999999999995,0.004652000000011466,-0.0007169999999256035
1896,3.793665033997968,0.2822752634685047,-0.8939729604714056,-1.8546166976857583,0.04551707435276611,-0.0003266411920018247,0.002065000423133848,0.061581999999999804,0.04867200000485116,-0.30333899999922165,0.0013669999999999995,0.004652000000011466,-0.0007169999999256035
1897,3.7956476190011017,-0.4956692346993668,-0.9169830737119564,-2.2198754828454836,0.049398202310464025,-0.023132507435369185,0.007478880323305871,0.09158199999999986,0.07867200000341187,-0.2133409999987419,-0.002632999999999999,-0.0013480000000205185,0.0012829999999784437
1898,3.797627038002247,-0.2951154326588236,-0.7608221433421859,-2.233984180565966,0.035486469589398204,-0.012735337442386752,0.001232563063122167,0.09158199999999986,0.07867200000341187,-0.2133409999987419,-0.002632999999999999,-0.0013480000000205185,0.0012829999999784437
1899,3.7996333280025283,-0.24454896898603212,-0.5520268150053042,-3.0759001921451024,-0.001013122529609267,0.018433146367039997,-0.005655828520982598,0.09158199999999986,0.07867200000341187,-0.2133409999987419,-0.002632999999999999,-0.0013480000000205185,0.0012829999999784437
1900,3.8016366709998692,-0.18888556423049302,-1.0291275850558796,-2.039951138785332,0.04558460854246761,-0.012031009587078338,-0.0036335368122289427,0.09158199999999986,0.07867200000341187,-0.2133409999987419,-0.002632999999999999,-0.0013480000000205185,0.0012829999999784437
1901,3.803662989004806,0.1060796153013385,-0.8732276793401273,-1.9189013877045378,0.04892337012229838,0.002491547628941332,0.007936889955644096,0.16158199999999975,0.1086720000062905,-0.39333899999826216,-0.007632999999999997,-0.006348000000068497,0.004282999999898484
1902,3.805657055003394,0.03707633192961024,-0.6484515975564763,-1.8420353764082813,0.0382963188095975,-0.005359331502172746,-0.0014303579090901965,0.16158199999999975,0.1086720000062905,-0.39333899999826216,-0.007632999999999997,-0.006348000000068497,0.004282999999898484
1903,3.8076386980028474,-0.359644932418383,-0.5812936119401497,-1.9783954675839932,0.030533458777802665,-0.009070385900692663,0.004443741427691962,0.16158199999999975,0.1086720000062905,-0.39333899999826216,-0.007632999999999997,-0.006348000000068497,0.004282999999898484
1904,3.809638204998919,-0.04558001658298052,-0.9502816420878777,-1.9608381381945277,0.05279105212272181,-0.010769507922384286,0.005009964380100753,0.16158199999999975,0.1086720000062905,-0.39333899999826216,-0.007632999999999997,-0.006348000000068497,0.004282999999898484
1905,3.811670363000303,0.16761941903550256,-0.9198257523708644,-1.8937631744967844,0.045758246836156084,-0.002458987529996932,0.0029100551713732606,0.09158199999999976,0.07867200000597067,-0.3733409999987419,0.00036700000000000014,0.0016519999999954741,0.00028300000002641945
1906,3.8136716130029527,0.11879591296719984,-1.062872697897448,-2.2073256032339357,0.0516207810986298,-0.010925718620162799,-0.0009267548137135349,0.09158199999999976,0.07867200000597067,-0.3733409999987419,0.00036700000000000014,0.0016519999999954741,0.00028300000002641945
1907,3.8156612509992556,-0.08313336203803923,-0.8199622808461794,-2.1339032622793512,0.048001573408133484,-0.01785012460520108,0.007903767080047884,0.09158199999999976,0.07867200000597067,-0.3733409999987419,0.00036700000000000014,0.0016519999999954741,0.00028300000002641945
1908,3.817680565000046,0.23123461396648834,-0.5559219287324298,-2.8268015847025842,0.008493886600180736,0.025952025246181894,-0.006472574855910435,0.09158199999999976,0.07867200000597067,-0.3733409999987419,0.00036700000000000014,0.0016519999999954741,0.00028300000002641945
1909,3.8197528980017523,-0.3486944349361138,-0.8198856109426519,-2.346581169286399,0.029607095343465364,0.006103239486033756,-0.013485912641503763,0.051581999999999774,0.04867200000581073,-0.3633399999992216,0.005366999999999999,0.006652000000027459,-0.001716999999893621
1910,3.821687894000206,-0.678677697245018,-0.8682348721190163,-1.6970378013906147,0.04331909735906813,-0.029135436127930715,0.004053456418513762,0.051581999999999774,0.04867200000581073,-0.3633399999992216,0.005366999999999999,0.006652000000027459,-0.001716999999893621
1911,3.8236709100019652,-0.46232259399325343,-0.30770498033439825,-1.777889282064652,0.026664340014767408,-0.011834483354409446,0.005723997373716873,0.051581999999999774,0.04867200000581073,-0.3633399999992216,0.005366999999999999,0.006652000000027459,-0.001716999999893621
1912,3.8256500089992187,-0.1368956958677443,-0.716092037840722,-2.022599001723566,0.03594367132093516,-0.008194385746339667,-0.0013893991845180093,0.051581999999999774,0.04867200000581073,-0.3633399999992216,0.005366999999999999,0.006652000000027459,-0.001716999999893621
1913,3.827669092002907,0.0971864380979587,-0.8284244222932046,-1.8748489428472341,0.046583004027568514,-0.01709465333601555,0.00015237340681922577,0.08158199999999967,0.08867200000836954,-0.5233399999985819,0.0013669999999999995,0.004652000000011466,-0.0007169999999256035
1914,3.8296760529992753,-0.319734028370734,-0.9645976024798406,-2.598652570983103,0.03256228996902266,-0.004175048669737063,-0.01344644181281048,0.08158199999999967,0.08867200000836954,-0.5233399999985819,0.0013669999999999995,0.004652000000011466,-0.0007169999999256035
1915,3.8316550810050103,0.12693819069679577,-0.7208789174474411,-1.962846973974327,0.04064166563095057,-0.0010341927797798758,0.008917185523809735,0.08158199999999967,0.08867200000836954,-0.5233399999985819,0.0013669999999999995,0.004652000000011466,-0.0007169999999256035
1916,3.8336643560032826,-0.06964260340706488,-1.1473193955828642,-2.258308627099565,0.05116543605698241,-0.004490592083614422,-0.004009817133574269,0.08158199999999967,0.08867200000836954,-0.5233399999985819,0.0013669999999999995,0.004652000000011466,-0.0007169999999256035
1917,3.8356730800005607,-0.48630954318976777,-0.7980609044013688,-2.0897560170754366,0.044948940803947325,-0.023200072627650052,0.006487484755966836,0.13158199999999973,0.12867200000709014,-0.4433399999979423,-0.004632999999999999,-0.0003480000000205185,0.0012829999999944377
1918,3.8376632900035474,-0.13589893826632093,-0.7891332565662134,-2.5684154005006823,0.030602821783575825,0.005738772565648687,-0.004132353232149291,0.13158199999999973,0.12867200000709014,-0.4433399999979423,-0.004632999999999999,-0.0003480000000205185,0.0012829999999944377
1919,3.8396562449997873,-0.13013626030996583,-0.8273035524363703,-2.2878595031570192,0.03473022465714144,-0.010224753445640064,0.010651483501627841,0.13158199999999973,0.12867200000709014,-0.4433399999979423,-0.004632999999999999,-0.0003480000000205185,0.0012829999999944377
1920,3.841659088000597,-0.3504295821435669,-0.4426299796746878,-1.731884787739775,0.03297061613031329,-0.013285860422619986,0.006676582051199409,0.13158199999999973,0.12867200000709014,-0.4433399999979423,-0.004632999999999999,-0.0003480000000205185,0.0012829999999944377
1921,3.843652553005086,-0.5796257088345438,-0.8145670145908717,-2.0372324169738705,0.042849445936606716,-0.020292439928275768,0.0006131229604090217,0.11158199999999964,0.06867200000900922,-0.5633389999989019,0.00036699999999999954,0.0026520000000114664,-0.0007169999999575879
1922,3.8456611470028292,-0.1320539796990164,-1.3180452663209763,-2.059537560725054,0.06617977663563843,-0.011238002609252938,0.002170350184367295,0.11158199999999964,0.06867200000900922,-0.5633389999989019,0.00036699999999999954,0.0026520000000114664,-0.0007169999999575879
1923,3.8476438720026636,-0.4543092363918821,-0.7058273260285375,-2.434032744188142,0.02329585656590204,-1.3905518510802138e-05,0.003809875372095251,0.11158199999999964,0.06867200000900922,-0.5633389999989019,0.00036699999999999954,0.0026520000000114664,-0.0007169999999575879
1924,3.8496676240029046,0.3014645994597771,-1.049126541193421,-2.0932688214012423,0.04372932503309603,0.002092141658850813,0.017176459170788395,0.11158199999999964,0.06867200000900922,-0.5633389999989019,0.00036699999999999954,0.0026520000000114664,-0.0007169999999575879
1925,3.8516779510027845,-0.0019466850472665957,-0.7754757185085214,-1.9547118260761103,0.04493978264534705,0.0034973074542618693,-0.0018153484056942823,0.1315819999999997,0.11867200000788976,-0.49333999999810224,-0.002632999999999999,-0.002348000000020518,0.0012829999999624513
1926,3.853678730003594,-0.4117748404844505,-0.8247733293005298,-1.9336187773509665,0.044909254328677456,-0.010704075465399832,0.012766710783120895,0.1315819999999997,0.11867200000788976,-0.49333999999810224,-0.002632999999999999,-0.002348000000020518,0.0012829999999624513
1927,3.8556680379988393,-0.2997103915378106,-0.7936817780374369,-2.529552057603494,0.03442661369227648,-0.008121080161263325,-0.0006291429611335235,0.1315819999999997,0.11867200000788976,-0.49333999999810224,-0.002632999999999999,-0.002348000000020518,0.0012829999999624513
1928,3.8576769130013417,-0.0675855439517903,-0.6106959773900104,-2.509736374616817,0.03577182472994998,-0.0010642679667293127,0.006841383696523279,0.1315819999999997,0.11867200000788976,-0.49333999999810224,-0.002632999999999999,-0.002348000000020518,0.0012829999999624513
1929,3.859682039998006,-0.23251138677236266,-0.9562513681411381,-1.8966580093723096,0.04812870174321029,-0.008284530583300068,0.014618661334398143,0.1415819999999997,0.09867200000756988,-0.4733389999984221,-0.003632999999999999,-0.002348000000020518,0.001282999999962452
1930,3.861657651999849,-0.16717628465956938,-0.5915124735806332,-2.019325774769033,0.04196860819308356,-0.0017582322911944524,-0.0016959022705702145,0.1415819999999997,0.09867200000756988,-0.4733389999984221,-0.003632999999999999,-0.002348000000020518,0.001282999999962452
1931,3.863676494998799,0.48873820729151696,-0.9293747184895838,-1.7515084273828436,0.04951408258780751,0.008492757002220908,-0.003096467709323595,0.1415819999999997,0.09867200000756988,-0.4733389999984221,-0.003632999999999999,-0.002348000000020518,0.001282999999962452
1932,3.8656620460023987,-0.7386725009178278,-0.6743660825086444,-2.0564042581727078,0.04469051340268846,-0.02307936925791506,-0.004123889355476049,0.1415819999999997,0.09867200000756988,-0.4733389999984221,-0.003632999999999999,-0.002348000000020518,0.001282999999962452
1933,3.867663987002743,-0.37813696941976493,-0.6665039863538903,-2.1277219148538355,0.03621198780441823,-0.01711169316405978,0.007301852469783135,0.16158199999999978,0.08867200000597067,-0.373340999998582,-0.006632999999999998,-0.004348000000036511,0.0022829999999304687
1934,3.869673432003765,-0.018294819782435592,-0.5541725862210293,-2.868168741696903,0.00974232177615041,0.016272932659072543,-0.004292359939154681,0.16158199999999978,0.08867200000597067,-0.373340999998582,-0.006632999999999998,-0.004348000000036511,0.0022829999999304687
1935,3.8716585520014632,-0.3538364992622407,-0.724483561609763,-3.245715881357844,0.011556348494835833,0.013751023351541818,-0.013759418214656087,0.16158199999999978,0.08867200000597067,-0.373340999998582,-0.006632999999999998,-0.004348000000036511,0.0022829999999304687
1936,3.873664341001131,0.14926125159709472,-1.0045669482973743,-1.8948203548270675,0.05395833985941715,-0.002623781594350729,0.010765384439300554,0.16158199999999978,0.08867200000597067,-0.373340999998582,-0.006632999999999998,-0.004348000000036511,0.0022829999999304687
1937,3.875665810999635,-0.1268992013883176,-0.7692100868589014,-2.0827647112882457,0.040663912203492525,-0.010659719320889298,0.005291288145532396,0.12158199999999979,0.10867200000533096,-0.33333999999826214,-0.003632999999999999,-0.002348000000020518,0.001282999999962452
1938,3.8776761980043375,0.1949267717476368,-0.7351315262097937,-2.055549156520227,0.042373166439925905,-0.009423151242284373,0.0050351132898364065,0.12158199999999979,0.10867200000533096,-0.33333999999826214,-0.003632999999999999,-0.002348000000020518,0.001282999999962452
1939,3.8796527520025847,-0.5636575373477181,-0.8821918820061162,-1.9628882018612008,0.04824483115235059,-0.021951161523000973,0.0021921340382651134,0.12158199999999979,0.10867200000533096,-0.33333999999826214,-0.003632999999999999,-0.002348000000020518,0.001282999999962452
1940,3.881672506999166,0.11697264816106244,-0.7089135474972037,-2.0759417128530773,0.03902472266297179,0.0012416974106387736,0.006192758097130167,0.12158199999999979,0.10867200000533096,-0.33333999999826214,-0.003632999999999999,-0.002348000000020518,0.001282999999962452
1941,3.8836739170001238,-0.006237235647336735,-0.7382357942298053,-2.6986116451224453,0.016404674311623516,0.02810677590403099,-0.009483185318389716,0.13158199999999975,0.13867200000613056,-0.38333899999778237,-0.0036329999999999978,-0.0023480000000525034,0.003282999999962452
1942,3.885669486000552,-0.14820440084247027,-0.6275973930322747,-2.037279702192526,0.04886010602040361,-0.015913146045447094,0.008893888436309005,0.13158199999999975,0.13867200000613056,-0.38333899999778237,-0.0036329999999999978,-0.0023480000000525034,0.003282999999962452
1943,3.8876476130026276,-0.15033643711343234,-1.2599793149721272,-2.055320075501182,0.05328820075160525,-0.009730749495867618,0.004416225084239155,0.13158199999999975,0.13867200000613056,-0.38333899999778237,-0.0036329999999999978,-0.0023480000000525034,0.003282999999962452
1944,3.88966732800327,-0.25307428584961134,-0.8976409411350939,-2.420063238695914,0.04753376860135328,-0.01882234336839027,0.0077499650859212356,0.13158199999999975,0.13867200000613056,-0.38333899999778237,-0.0036329999999999978,-0.0023480000000525034,0.003282999999962452
1945,3.8916500129998894,-0.034246006351688445,-0.8673114640347355,-2.454787554529592,0.034014900044092015,0.0007478728085808903,-0.00046705075251939553,0.1715819999999998,0.12867200000565082,-0.3533399999979423,-0.007632999999999997,-0.004348000000068497,0.004282999999930469
1946,3.893666962001589,-0.1961989357911198,-0.4267559214733836,-2.3126979822183404,0.042467383268336524,-0.0122770437770239,0.01029556079162244,0.1715819999999998,0.12867200000565082,-0.3533399999979423,-0.007632999999999997,-0.004348000000068497,0.004282999999930469
1947,3.8956996310007526,0.05779772256484732,-0.7775201820820521,-2.0309721717761096,0.03805619154169685,-0.0005743222477893977,-0.00716856921958253,0.1715819999999998,0.12867200000565082,-0.3533399999979423,-0.007632999999999997,-0.004348000000068497,0.004282999999930469
1948,3.8976562380048563,0.025760033708991943,-0.8325668631472377,-2.6585750153926164,0.03628932437243199,0.0017059434379812209,0.003115131622390422,0.1715819999999998,0.12867200000565082,-0.3533399999979423,-0.007632999999999997,-0.004348000000068497,0.004282999999930469
1949,3.899654061999172,0.21873112797644126,-0.5246778863779593,-3.0080751994024526,0.01653241267491855,0.021427661666540327,-0.0009051116830147612,0.17158199999999982,0.128672000005171,-0.3233389999979423,-0.005632999999999998,-0.0043480000000525034,0.003282999999930468
1950,3.9016679749984178,-0.11744268517416767,-0.6037919252937645,-2.890891647557482,0.010787054545451107,0.016864560181242074,-1.1397828322331428e-05,0.17158199999999982,0.128672000005171,-0.3233389999979423,-0.005632999999999998,-0.0043480000000525034,0.003282999999930468
1951,3.90365015000134,-0.7256320578124813,-0.5132514234472738,-3.2673375125336515,0.0036441407796705336,0.012690456853063097,-0.0006458154651648884,0.17158199999999982,0.128672000005171,-0.3233389999979423,-0.005632999999999998,-0.0043480000000525034,0.003282999999930468
1952,3.9056667180047953,0.08744622342821776,-0.7876670626428526,-2.41863211649791,0.0463870128896839,-0.009287235407062468,0.007253258791022435,0.17158199999999982,0.128672000005171,-0.3233389999979423,-0.005632999999999998,-0.0043480000000525034,0.003282999999930468
1953,3.907655846000125,-0.14472572383361437,-0.9622384843315926,-2.6109621150716364,0.048101377963535266,-0.009772325378711666,-0.001456876067020031,0.12158199999999982,0.09867200000453132,-0.283339999998422,-0.0016329999999999997,-0.0003480000000045259,0.0002829999999944356
1954,3.909672223999223,-0.07433749796392879,-0.7968329890781811,-2.4887823082321985,0.0401609613422264,-0.001802309249374755,0.006127458569444351,0.12158199999999982,0.09867200000453132,-0.283339999998422,-0.0016329999999999997,-0.0003480000000045259,0.0002829999999944356
1955,3.91165174300113,0.22553112083230356,-0.932473454699643,-2.6452963190367837,0.041684640837519236,-0.004090477561531902,-0.004991060332779509,0.12158199999999982,0.09867200000453132,-0.283339999998422,-0.0016329999999999997,-0.0003480000000045259,0.0002829999999944356
1956,3.913666979999107,0.13466207343834047,-0.9274033480779937,-2.065119316244469,0.057226771966513316,-0.01175252147284181,0.00449723830008605,0.12158199999999982,0.09867200000453132,-0.283339999998422,-0.0016329999999999997,-0.0003480000000045259,0.0002829999999944356
1957,3.915659673999471,-0.30041995080755207,-0.5648042872621469,-2.85409565930665,0.005446221444351957,0.011975923617841224,-0.0077747436647944215,0.12158199999999979,0.06867200000533095,-0.33333999999890185,-0.005632999999999998,-0.0033480000000525034,0.0032829999999464603
1958,3.9176694300040253,0.09957789368026634,-0.8203306679765069,-2.829069135607203,0.028838760010916065,0.018602301389077806,-0.0027461941438859778,0.12158199999999979,0.06867200000533095,-0.33333999999890185,-0.005632999999999998,-0.0033480000000525034,0.0032829999999464603
1959,3.919698450998112,-0.07061542712856965,-0.6821531148545282,-2.136645594443432,0.04746331072149411,-0.009175832854128515,0.013274767604857192,0.12158199999999979,0.06867200000533095,-0.33333999999890185,-0.005632999999999998,-0.0033480000000525034,0.0032829999999464603
1960,3.921680405001098,-0.15023749658648577,-0.7840013723472367,-2.2579916715093438,0.046986141648553276,-0.0142925938014479,-0.0009685506752452309,0.12158199999999979,0.06867200000533095,-0.33333999999890185,-0.005632999999999998,-0.0033480000000525034,0.0032829999999464603
1961,3.923671827004,-0.06599132944733753,-0.5146185776263216,-2.435659407782987,0.0391636941687092,-0.016800241276697103,0.0029697901859453233,0.13158199999999984,0.10867200000437141,-0.2733399999982622,-0.006632999999999998,-0.004348000000036511,0.0022829999999304687
1962,3.9256337840051856,-0.3265187953938991,-0.8821642682027899,-2.5615587826888357,0.03363591199762171,-0.0024925478343945616,0.001184492621541311,0.13158199999999984,0.10867200000437141,-0.2733399999982622,-0.006632999999999998,-0.004348000000036511,0.0022829999999304687
1963,3.9276644490018953,-0.38825192433189354,-0.7576035566540974,-2.521223701599278,0.039213386797843704,-0.0038992647650988315,-0.0048028552052231145,0.13158199999999984,0.10867200000437141,-0.2733399999982622,-0.006632999999999998,-0.004348000000036511,0.0022829999999304687
1964,3.9296643659981783,0.08251845918880184,-0.6720928161701677,-2.4166331359211006,0.04466010179682937,-0.0037016261245867285,0.015381535899554592,0.13158199999999984,0.10867200000437141,-0.2733399999982622,-0.006632999999999998,-0.004348000000036511,0.0022829999999304687
1965,3.9316740420035785,-0.031302637534627975,-0.8257783247429485,-2.279067176976275,0.048009209574058485,-0.005940373603392612,0.014120069586932607,0.09158199999999983,0.07867200000437141,-0.2733399999987419,-0.0006329999999999998,-0.0003480000000045259,0.000282999999994435
1966,3.933664372001658,-0.2765085805314169,-1.0561828389192904,-2.21936625869303,0.05679117020040852,-0.01819088019669502,0.006314277079431965,0.09158199999999983,0.07867200000437141,-0.2733399999987419,-0.0006329999999999998,-0.0003480000000045259,0.000282999999994435
1967,3.9356694189991686,-0.19752667550049507,-0.8623470927852022,-2.300913596390552,0.04313563879863153,-0.007832441377540866,0.008842872136977828,0.09158199999999983,0.07867200000437141,-0.2733399999987419,-0.0006329999999999998,-0.0003480000000045259,0.000282999999994435
1968,3.9376694060047157,0.5911757835244851,-0.5199024994247426,-3.1113601372779853,0.003969096386801237,0.03668229591908038,0.000850648621238733,0.09158199999999983,0.07867200000437141,-0.2733399999987419,-0.0006329999999999998,-0.0003480000000045259,0.000282999999994435
1969,3.9396604979992844,-0.2399033424405978,-0.8316109464400493,-3.2677138517584017,0.009234312014704876,0.021502207911892883,-0.013851328379789774,0.14158199999999987,0.04867200000357176,-0.22333899999922172,-0.004632999999999998,-0.005348000000036511,0.0022829999999144745
1970,3.9416717960048118,0.0384398151069054,-0.10005900570386947,-3.1577688472602494,-0.016249359612879495,0.029953397083893118,-0.012542120666507726,0.14158199999999987,0.04867200000357176,-0.22333899999922172,-0.004632999999999998,-0.005348000000036511,0.0022829999999144745
1971,3.943646195999463,-0.07748954996621028,-0.6259623392683517,-3.212547032795885,0.007558913221883896,0.020502689232248787,-0.013012552455987508,0.14158199999999987,0.04867200000357176,-0.22333899999922172,-0.004632999999999998,-0.005348000000036511,0.0022829999999144745
1972,3.9456264570035273,0.28359308810276784,-0.41186677423527907,-2.501237341258373,0.032259072259364384,0.01044414793358131,0.0022046303018100665,0.14158199999999987,0.04867200000357176,-0.22333899999922172,-0.004632999999999998,-0.005348000000036511,0.0022829999999144745
1973,3.9476367440001923,-0.11398717503298304,-0.8661611048659924,-2.316678412005972,0.04600947514360748,-0.01941016190536546,-0.0034964969557206797,0.19158199999999978,0.10867200000549089,-0.34333999999826215,-0.008632999999999998,-0.0063480000000525035,0.0032829999998984847
1974,3.9496785500014084,-0.1496069278492159,-0.6719146069309203,-2.291488352155303,0.04120500995355783,-0.010971953469194346,0.010174634693168247,0.19158199999999978,0.10867200000549089,-0.34333999999826215,-0.008632999999999998,-0.0063480000000525035,0.0032829999998984847
1975,3.9516765840016888,0.04214923521755269,-0.7133291237697803,-2.24786714738944,0.04063374654359659,-0.0053922640126136,0.004549494228452421,0.19158199999999978,0.10867200000549089,-0.34333999999826215,-0.008632999999999998,-0.0063480000000525035,0.0032829999998984847
1976,3.953663387001143,0.06734078772244889,-1.1563321125170773,-2.269863293645705,0.05405221939197542,-0.008578519178532217,-0.0007264210784764544,0.19158199999999978,0.10867200000549089,-0.34333999999826215,-0.008632999999999998,-0.0063480000000525035,0.0032829999998984847
1977,3.9556746759990347,-0.25181408340336153,-0.7700032841062847,-2.63088929469844,0.020450939941331334,0.006034110532679001,-0.015668038696312593,0.10158199999999973,0.07867200000693021,-0.4333399999987419,0.0013669999999999989,0.004652000000027459,-0.0017169999999256036
1978,3.957670556002995,-0.0864586142281031,-0.3467359511220464,-2.8713177265973826,0.007306621998452288,0.008067288324192148,0.0024909801970656406,0.10158199999999973,0.07867200000693021,-0.4333399999987419,0.0013669999999999989,0.004652000000027459,-0.0017169999999256036
1979,3.959655004000524,0.4321532634747299,-0.5864638240253712,-2.279704774983769,0.04109649926644964,-0.0030108266211540543,0.013220061772049783,0.10158199999999973,0.07867200000693021,-0.4333399999987419,0.0013669999999999989,0.004652000000027459,-0.0017169999999256036
1980,3.9616725250016316,-0.44302962847061783,-0.7422124824230601,-2.476023736897801,0.0476569817238186,-0.015940236528041187,0.003163169265548513,0.10158199999999973,0.07867200000693021,-0.4333399999987419,0.0013669999999999989,0.004652000000027459,-0.0017169999999256036
1981,3.963675939005043,-0.171935641415895,-0.7055412718722046,-2.6100260579930077,0.0372028315011329,-0.008988250477710711,-0.0030198039215471313,0.011581999999999891,0.06867200000277214,-0.17333999999890176,0.0043669999999999985,0.006652000000043451,-0.00271699999989362
1982,3.9656688230024884,0.4697165051959975,-0.5765530596907003,-2.2276957266668513,0.0440895475560275,0.002619979359115247,0.004607591648290112,0.011581999999999891,0.06867200000277214,-0.17333999999890176,0.0043669999999999985,0.006652000000043451,-0.00271699999989362
1983,3.9676569889998063,0.10169023456579517,-0.3657078569176965,-2.2229084791519718,0.0385430457056566,-0.010727512533903158,0.008031125533742394,0.011581999999999891,0.06867200000277214,-0.17333999999890176,0.0043669999999999985,0.006652000000043451,-0.00271699999989362
1984,3.9696673360012937,0.09602665540447984,-0.6414705399356498,-3.1120905720375887,0.01217299109101676,0.01893188055824543,-0.0033693402876084147,0.011581999999999891,0.06867200000277214,-0.17333999999890176,0.0043669999999999985,0.006652000000043451,-0.00271699999989362
1985,3.9716544190014247,0.2284986612924913,-0.4549332386507584,-2.1376518327359606,0.038328778269589484,-0.005084394107765574,0.007557942331624833,0.03158199999999989,0.07867200000277215,-0.17333999999874186,0.0003670000000000001,0.003651999999995474,0.0002830000000584045
1986,3.973660078001558,0.07185992118406759,-0.9151591672115098,-2.428348611395945,0.05065445568799447,-0.009044663191630737,0.008611490127754707,0.03158199999999989,0.07867200000277215,-0.17333999999874186,0.0003670000000000001,0.003651999999995474,0.0002830000000584045
1987,3.9756604860012885,0.16528312523622524,-0.7269428881475157,-2.468281157055467,0.04345182503198765,-0.007343161635242401,0.010458472513127353,0.03158199999999989,0.07867200000277215,-0.17333999999874186,0.0003670000000000001,0.003651999999995474,0.0002830000000584045
1988,3.9776699720023316,0.03624052128215506,-1.3251883513598737,-2.2982763547669367,0.05888987001756104,0.0003170125163888397,0.004753633230476077,0.03158199999999989,0.07867200000277215,-0.17333999999874186,0.0003670000000000001,0.003651999999995474,0.0002830000000584045
1989,3.9796634270023787,-0.23750343119603567,-1.060071371604451,-2.5377673036975446,0.04487320087054371,-0.007101251626474115,-0.004357714500290463,0.12158199999999977,0.08867200000549089,-0.34333999999858195,-0.0006329999999999998,-0.0003480000000045259,0.000282999999994435
1990,3.9816697370042675,-0.002743799818159274,-0.687386827070979,-3.027382628536999,0.025642775350636596,0.006027977817210857,-0.004175744060722413,0.12158199999999977,0.08867200000549089,-0.34333999999858195,-0.0006329999999999998,-0.0003480000000045259,0.000282999999994435
1991,3.9836590039994917,0.1057719162778434,-0.6826666997757043,-2.0689054422492372,0.03652648609146844,-0.012018094019080862,0.0030980938780216624,0.12158199999999977,0.08867200000549089,-0.34333999999858195,-0.0006329999999999998,-0.0003480000000045259,0.000282999999994435
1992,3.9856727779988432,-0.19267188254972134,-0.6006365068613935,-2.1904874811846136,0.03963499907144172,-0.01585743660602602,0.003475837069320162,0.12158199999999977,0.08867200000549089,-0.34333999999858195,-0.0006329999999999998,-0.0003480000000045259,0.000282999999994435
1993,3.9876626859986573,0.23911182978892428,-0.5113002241947227,-2.482068775754868,0.02374161250592104,-0.004806212939290027,-0.004172427714968729,0.09158199999999975,0.0886720000062905,-0.39333899999858196,-0.0006330000000000004,0.0026520000000114664,-0.0007169999999575874
1994,3.9896703379999963,0.09096789797695733,-0.8089114384793544,-2.607076744456647,0.049316096267632274,0.0036724211804705434,-0.0019539173788154967,0.09158199999999975,0.0886720000062905,-0.39333899999858196,-0.0006330000000000004,0.0026520000000114664,-0.0007169999999575874
1995,3.991658874998393,-0.1349413481138938,-0.8518252326603671,-2.182929160135034,0.04376422905943707,-0.004683051041746826,0.0007698684913563967,0.09158199999999975,0.0886720000062905,-0.39333899999858196,-0.0006330000000000004,0.0026520000000114664,-0.0007169999999575874
1996,3.993658001003496,0.1395565700981806,-0.8594522386586168,-2.331919329596661,0.04733806681366703,-0.013872724707248856,0.0012305791003715785,0.09158199999999975,0.0886720000062905,-0.39333899999858196,-0.0006330000000000004,0.0026520000000114664,-0.0007169999999575874
1997,3.9957023710012436,-0.23621021696258984,-0.7283843364722934,-2.9258939405599937,0.01927019139254867,-0.00193755187664624,-0.00408401018389155,0.11158199999999978,0.11867200000581073,-0.3633399999981022,-0.003632999999999999,-0.0003480000000205185,0.001282999999994437
1998,3.9976669530005893,0.11873086395505185,-0.3703146681913567,-3.23846234363605,-0.0018195344466193726,0.02336459302208567,-0.008692983136929662,0.11158199999999978,0.11867200000581073,-0.3633399999981022,-0.003632999999999999,-0.0003480000000205185,0.001282999999994437
1999,3.999633808998624,0.10677191798690451,-0.36010946659475673,-2.7738845032372277,0.009130225704225964,0.020832408690148352,-0.00958309658113679,0.11158199999999978,0.11867200000581073,-0.3633399999981022,-0.003632999999999999,-0.0003480000000205185,0.001282999999994437
2000,4.001664704002906,-0.1696172966805872,-0.6381661557068141,-2.2493326097880115,0.04043551285552648,-0.020318055932090785,0.0057228408347276185,0.11158199999999978,0.11867200000581073,-0.3633399999981022,-0.003632999999999999,-0.0003480000000205185,0.001282999999994437
2001,4.003658549998363,-0.18847309724044742,-0.7884418612710702,-2.3167203590486327,0.04974292438526595,-0.013605809275394886,0.0032219459977306515,0.11158199999999986,0.12867200000357176,-0.2233389999979423,-0.006632999999999998,-0.002348000000036511,0.0022829999999624535
2002,4.005661082999723,-0.0961646590791743,-0.781012184633081,-2.277061475985742,0.04438948194013887,-0.00527852406867601,0.0015742546473507995,0.11158199999999986,0.12867200000357176,-0.2233389999979423,-0.006632999999999998,-0.002348000000036511,0.0022829999999624535
2003,4.007651132000319,-0.16970642924147253,-0.7249019755339887,-1.930392952019643,0.04262530247274495,-0.011407872652789074,0.0071984565201601005,0.11158199999999986,0.12867200000357176,-0.2233389999979423,-0.006632999999999998,-0.002348000000036511,0.0022829999999624535
2004,4.009656920003181,0.149068913734062,-0.8915890029073752,-2.292679893740958,0.04590701525305961,-0.008025891955269373,0.01125376717115515,0.11158199999999986,0.12867200000357176,-0.2233389999979423,-0.006632999999999998,-0.002348000000036511,0.0022829999999624535
2005,4.011663009005133,0.3335119403166559,-0.8459591969022994,-3.193029191841573,0.019494491929360952,0.035888029911410484,-0.006241837928501294,0.04158199999999983,0.10867200000437141,-0.27333999999826214,-0.0006330000000000011,0.004652000000027459,-0.0017169999999256023
2006,4.013661944998603,0.35552070818583514,-0.5350486309390987,-2.9616442218170436,0.0018344992156608636,0.02494886518529509,-0.006845760449544473,0.04158199999999983,0.10867200000437141,-0.27333999999826214,-0.0006330000000000011,0.004652000000027459,-0.0017169999999256023
2007,4.015654369002732,0.11791576510893118,-0.6294467160191378,-2.254829307524072,0.03722241467424014,-0.014915777876010455,0.00443999117308192,0.04158199999999983,0.10867200000437141,-0.27333999999826214,-0.0006330000000000011,0.004652000000027459,-0.0017169999999256023
2008,4.017673492002359,0.04792977787742374,-0.7319312268203667,-2.5606385724305185,0.0450024478366887,-0.011022388784644174,-0.0013768707830236853,0.04158199999999983,0.10867200000437141,-0.27333999999826214,-0.0006330000000000011,0.004652000000027459,-0.0017169999999256023
2009,4.019769689999521,-0.04869371416173971,-1.2342581487524975,-2.589228860857708,0.049536638167894914,-0.008048640838575939,0.0005236022712894229,0.0015819999999998648,0.09867200000341186,-0.213340999998422,0.0023669999999999997,0.0066520000000114664,-0.000716999999893619
2010,4.021690690002288,0.23068854163698368,-1.0255089217228703,-2.1906064764210806,0.056956957120413404,-0.007624660499164565,0.007953607164759615,0.0015819999999998648,0.09867200000341186,-0.213340999998422,0.0023669999999999997,0.0066520000000114664,-0.000716999999893619
2011,4.023654700002226,0.18046013803033448,-0.7830765735711535,-2.7279260131013077,0.03748311276170373,0.013716520286705822,-0.0050108519818886,0.0015819999999998648,0.09867200000341186,-0.213340999998422,0.0023669999999999997,0.0066520000000114664,-0.000716999999893619
2012,4.025630132004153,-0.2513084605924646,-1.1356348561953629,-2.105929791658662,0.061064002313842985,-0.017671519481820556,-0.002456120737624355,0.0015819999999998648,0.09867200000341186,-0.213340999998422,0.0023669999999999997,0.0066520000000114664,-0.000716999999893619
2013,4.027661198000715,-0.40952465770702123,-1.0520678971888164,-2.5274163268774656,0.04573942581535557,-0.012327411973555835,0.0022109113684399004,0.08158199999999985,0.10867200000389163,-0.2433399999982621,-0.0026329999999999986,-0.000348000000036511,0.002282999999994436
2014,4.029662717999599,0.23834410053973526,-1.0622520094528098,-2.2241010163274533,0.04835220846909745,-0.00653150361282423,0.0021755144480369564,0.08158199999999985,0.10867200000389163,-0.2433399999982621,-0.0026329999999999986,-0.000348000000036511,0.002282999999994436
2015,4.031650393000746,0.42567801895090635,-1.05355776305971,-2.3600498001815873,0.05012498940718055,-0.003187113803541905,-0.000815504544163005,0.08158199999999985,0.10867200000389163,-0.2433399999982621,-0.0026329999999999986,-0.000348000000036511,0.002282999999994436
2016,4.033670217999315,-0.5702813609152674,-1.1064959834175605,-2.6470943672592395,0.04826323418191654,-0.02004010150402584,0.00587001852447803,0.08158199999999985,0.10867200000389163,-0.2433399999982621,-0.0026329999999999986,-0.000348000000036511,0.002282999999994436
2017,4.035659496003063,-0.4872395780476026,-1.210842322949657,-2.1632028528930665,0.05724690940008581,-0.026602247379020665,0.012596979362767461,0.041581999999999876,0.03867200000325194,-0.20334099999938154,0.0053669999999999985,0.006652000000043451,-0.002716999999893621
2018,4.037670033001632,-0.17719445969815828,-0.987933942006954,-2.423029288491243,0.050370842456327156,-0.006860107822563244,0.005527653613263051,0.041581999999999876,0.03867200000325194,-0.20334099999938154,0.0053669999999999985,0.006652000000043451,-0.002716999999893621
2019,4.039645935998124,0.2396518257005194,-1.0468385474681507,-2.215647961847268,0.04431826666529411,-1.4605601105828079e-05,0.006637421667367097,0.041581999999999876,0.03867200000325194,-0.20334099999938154,0.0053669999999999985,0.006652000000043451,-0.002716999999893621
2020,4.041654730004666,0.3143210440483811,-1.0735029127103952,-2.3630714858431077,0.04990789719386322,-0.00447472124088108,0.007964110559335356,0.041581999999999876,0.03867200000325194,-0.20334099999938154,0.0053669999999999985,0.006652000000043451,-0.002716999999893621
2021,4.043654417000653,-0.02987312201471216,-0.7318692243958291,-2.0516934394257196,0.04062708062214794,-0.008735069424027977,-0.0005522559973093813,0.04158199999999974,0.06867200000661035,-0.41333999999890175,0.0033669999999999993,0.007652000000027459,-0.0017169999998776272
2022,4.045657330003451,-0.6397196664951542,-0.8854147545386837,-2.161586315925691,0.05942143899612668,-0.028587749254618808,-0.0008728101481841097,0.04158199999999974,0.06867200000661035,-0.41333999999890175,0.0033669999999999993,0.007652000000027459,-0.0017169999998776272
2023,4.047644803998992,-0.6473911705946723,-0.6922141601046088,-3.0092670552059935,0.026914026392174634,-0.004235013594832979,-0.002333993759473019,0.04158199999999974,0.06867200000661035,-0.41333999999890175,0.0033669999999999993,0.007652000000027459,-0.0017169999998776272
2024,4.049663367004541,0.024502952496243027,-0.3939382863025663,-2.893696392198284,0.011194588543368059,0.013346539226010135,-0.007239448900061135,0.04158199999999974,0.06867200000661035,-0.41333999999890175,0.0033669999999999993,0.007652000000027459,-0.0017169999998776272
2025,4.051659948003362,0.3063991502987313,-0.9593692642409475,-2.790451815235398,0.030072728641223467,0.018886222293565205,-0.01792258748739461,0.11158199999999974,0.08867200000661035,-0.41333999999858195,-0.0016329999999999997,0.0016519999999954741,0.0002830000000264207
2026,4.053666687999794,0.0691788324418587,-0.749727896042389,-2.89402984307385,0.018628008139716056,0.019917125769802112,0.002384844184476656,0.11158199999999974,0.08867200000661035,-0.41333999999858195,-0.0016329999999999997,0.0016519999999954741,0.0002830000000264207
2027,4.055649583999184,-0.13237600048607195,-0.9060573394521593,-2.7921941031830055,0.024576950454302894,0.01068469841801249,-0.008175010454534972,0.11158199999999974,0.08867200000661035,-0.41333999999858195,-0.0016329999999999997,0.0016519999999954741,0.0002830000000264207
2028,4.057643731001008,0.4652694087156959,-0.9834721691156272,-2.6472970894848977,0.03177247246113206,0.019516788971782308,0.002043889314001376,0.11158199999999974,0.08867200000661035,-0.41333999999858195,-0.0016329999999999997,0.0016519999999954741,0.0002830000000264207
2029,4.059674044998246,-0.2763098177758685,-0.7045868341545388,-2.644051915089277,0.029128390907176612,0.00635906215145791,-0.0073970898946212685,0.09158199999999983,0.08867200000421148,-0.263339999998582,0.00036700000000000014,0.002651999999995474,0.000283000000042412
2030,4.061677067998971,-0.2601265540692942,-0.8025326496280419,-2.2933232964302266,0.02208320683211924,0.01324194036954123,-0.009399158193850682,0.09158199999999983,0.08867200000421148,-0.263339999998582,0.00036700000000000014,0.002651999999995474,0.000283000000042412
2031,4.063654203004262,0.42854069856641874,-0.573379932874645,-2.7069395807847356,0.019560670559712497,0.028389498933820104,-0.0029556089869866324,0.09158199999999983,0.08867200000421148,-0.263339999998582,0.00036700000000000014,0.002651999999995474,0.000283000000042412
2032,4.065672786004143,-0.26008019497156265,-0.487358214041346,-2.6977667180109832,0.011029332223877275,0.006315546707125481,-0.0059934310390523295,0.09158199999999983,0.08867200000421148,-0.263339999998582,0.00036700000000000014,0.002651999999995474,0.000283000000042412
2033,4.067664057001821,0.15703687405920533,-0.6328067782209029,-2.9783046788037355,0.012679355695543923,0.02832550639180282,-0.007114957132607039,0.13158199999999975,0.07867200000645042,-0.4033389999987419,-0.001632999999999999,0.0006519999999794816,0.0012830000000104281
2034,4.069676127001003,0.008564288010529525,-0.819785212604849,-2.836645477409233,0.02113857253198573,0.02849523416564808,-7.492713096094975e-05,0.13158199999999975,0.07867200000645042,-0.4033389999987419,-0.001632999999999999,0.0006519999999794816,0.0012830000000104281
2035,4.071641681002802,0.08631183206925121,-0.9555530110160514,-2.0547005250636823,0.05616568239219016,-0.006718722125786562,-0.0021805421739646068,0.13158199999999975,0.07867200000645042,-0.4033389999987419,-0.001632999999999999,0.0006519999999794816,0.0012830000000104281
2036,4.073671664002177,-0.11677943934636843,-0.9445631195270766,-2.135408661533573,0.04896183982572074,-0.005812980158799728,0.006141021510204376,0.13158199999999975,0.07867200000645042,-0.4033389999987419,-0.001632999999999999,0.0006519999999794816,0.0012830000000104281
2037,4.07566657300049,-0.011023570546842963,-0.4886324419201934,-2.0037211671838064,0.042625175796925076,-0.008319789998277503,0.01039335903613027,0.14158199999999965,0.11867200000916915,-0.5733389999981022,-0.002633,0.002651999999995474,0.0002830000000424139
2038,4.077678221998212,0.29811680635942645,-0.8814664572845511,-2.079981154322901,0.04436109973648183,0.0005347869613757587,0.008300212517529775,0.14158199999999965,0.11867200000916915,-0.5733389999981022,-0.002633,0.002651999999995474,0.0002830000000424139
2039,4.079656339003122,-0.45721885500494286,-0.627014363450469,-2.1000947748016188,0.04173059531628604,-0.019012944885489692,-0.002775877914818251,0.14158199999999965,0.11867200000916915,-0.5733389999981022,-0.002633,0.002651999999995474,0.0002830000000424139
2040,4.0816652229987085,-0.11137864584166916,-0.5200750689043778,-2.1561650977512685,0.028576045412736808,-0.016418208052189635,0.0029816610959116827,0.14158199999999965,0.11867200000916915,-0.5733389999981022,-0.002633,0.002651999999995474,0.0002830000000424139
2041,4.083661384000152,0.5324633277072345,-0.33884708752936893,-2.9626373123175815,-0.006502309784072763,0.02970723080952222,-0.0021141278534565107,0.13158199999999967,0.08867200000836954,-0.523339999998582,-0.0016329999999999997,0.0016519999999954741,0.0002830000000264207
2042,4.08566996800073,-0.2210521816760633,-0.6810858472720545,-2.1139394074804745,0.04394810094744197,-0.025974695046830237,0.0017175175454382057,0.13158199999999967,0.08867200000836954,-0.523339999998582,-0.0016329999999999997,0.0016519999999954741,0.0002830000000264207
2043,4.087649225999485,0.04034794957636489,-0.3828968483472681,-1.9421691028170842,0.03563638817316917,-0.01037741781034631,0.0045947385195726385,0.13158199999999967,0.08867200000836954,-0.523339999998582,-0.0016329999999999997,0.0016519999999954741,0.0002830000000264207
2044,4.089665304003574,-0.13503454974468662,-0.5642317121086026,-2.4174356663595264,0.035484541213370004,-0.018666267982411215,0.007012753009634585,0.13158199999999967,0.08867200000836954,-0.523339999998582,-0.0016329999999999997,0.0016519999999954741,0.0002830000000264207
2045,4.091655192998587,0.20297954752233294,-0.7447404745370373,-1.9944628022433115,0.0489872558837301,-0.011414820831424678,0.009516536921161514,0.16158199999999964,0.07867200000916916,-0.5733389999987419,-0.002632999999999999,0.0006519999999794816,0.0012830000000104288
2046,4.0936659810031415,-0.13448866162046375,-0.583059643912737,-2.54122062249513,0.01531526893678385,0.005940056453756647,-0.010675216625651275,0.16158199999999964,0.07867200000916916,-0.5733389999987419,-0.002632999999999999,0.0006519999999794816,0.0012830000000104288
2047,4.095697567005118,-0.42219325225418264,-0.1687118006390376,-3.2090641687894323,-0.004714867943281719,0.019738039258418535,-0.0031557313122881733,0.16158199999999964,0.07867200000916916,-0.5733389999987419,-0.002632999999999999,0.0006519999999794816,0.0012830000000104288
2048,4.097672597999917,-0.2519429396809957,-0.7369898356746152,-2.8785734499518756,0.009540049980428388,0.023269687043052635,0.0023547404591335564,0.16158199999999964,0.07867200000916916,-0.5733389999987419,-0.002632999999999999,0.0006519999999794816,0.0012830000000104288
2049,4.0996637100033695,0.29865290202124606,-0.7524727102753553,-1.8975303118539744,0.04964674151381947,-0.008722368246847644,0.0014636995580428504,0.14158199999999976,0.05867200000661036,-0.41333999999906174,-0.003632999999999999,-0.0013480000000205185,0.0012829999999784444
2050,4.101666221999039,0.26474005198340267,-0.8135158529107103,-1.8623748413575638,0.04364281786485282,0.002635274839425421,0.010939209707014086,0.14158199999999976,0.05867200000661036,-0.41333999999906174,-0.003632999999999999,-0.0013480000000205185,0.0012829999999784444
2051,4.103644458999042,-0.18013616362198892,-0.8682852719441756,-2.174761928792304,0.04461096125541229,-0.016845913423696048,0.005504605153472869,0.14158199999999976,0.05867200000661036,-0.41333999999906174,-0.003632999999999999,-0.0013480000000205185,0.0012829999999784444
2052,4.105658603999473,0.016740861654751166,-1.211667832766746,-1.9865557682004464,0.04962671325366577,0.0010410704955023087,-0.00020822427551316834,0.14158199999999976,0.05867200000661036,-0.41333999999906174,-0.003632999999999999,-0.0013480000000205185,0.0012829999999784444
2053,4.107662649003032,0.0791348357268588,-0.8822137137737824,-1.772956584031523,0.05305339459179149,0.0007866207211265479,0.004332723757779934,0.0715819999999997,0.07867200000772982,-0.4833389999987419,0.0023669999999999993,0.007652000000027459,-0.0017169999998776265
2054,4.10966410900437,-0.22273390931258433,-0.7104510479343881,-2.622329891765781,0.03432085298732138,-0.0037418586823002326,-0.0038191246109467434,0.0715819999999997,0.07867200000772982,-0.4833389999987419,0.0023669999999999993,0.007652000000027459,-0.0017169999998776265
2055,4.111648286998388,0.06243724550670069,-0.29655893232107455,-2.6362154524382437,0.0032460505631783545,0.02642499199548448,-0.010369912418684325,0.0715819999999997,0.07867200000772982,-0.4833389999987419,0.0023669999999999993,0.007652000000027459,-0.0017169999998776265
2056,4.113673521998862,0.20135342860180208,-1.2340922788453128,-2.043853717367698,0.050204260162921725,-0.004791099471713876,0.01319092605604367,0.0715819999999997,0.07867200000772982,-0.4833389999987419,0.0023669999999999993,0.007652000000027459,-0.0017169999998776265
2057,4.11567420099891,-0.3387210189268535,-0.9714760526189989,-2.308794681858342,0.04725822878482794,-0.010979443309550736,0.0007081375513015517,0.07158199999999985,0.07867200000373169,-0.23333899999874186,0.0003669999999999995,0.004652000000011466,-0.0007169999999256029
2058,4.117704174997925,-0.4101419866710809,-0.7836296418115883,-1.881431308313262,0.051323081530587296,-0.013534307303073059,0.008675125401253545,0.07158199999999985,0.07867200000373169,-0.23333899999874186,0.0003669999999999995,0.004652000000011466,-0.0007169999999256029
2059,4.119685117002518,0.08955383156330349,-0.7605456216413471,-1.993874321512068,0.05461616702876949,-0.013186384061285817,0.00868012067924049,0.07158199999999985,0.07867200000373169,-0.23333899999874186,0.0003669999999999995,0.004652000000011466,-0.0007169999999256029
2060,4.121700342999247,-0.07034219126879936,-0.7884344408512309,-2.3468615560686574,0.04422690728100994,-0.001950473553156838,0.012364361285227752,0.07158199999999985,0.07867200000373169,-0.23333899999874186,0.0003669999999999995,0.004652000000011466,-0.0007169999999256029
2061,4.1236721180030145,-0.034644029686315206,-0.4893051981977129,-2.7112656815517013,0.014475687398733611,0.010021977427049088,-0.006773377363813544,0.12158199999999984,0.07867200000389163,-0.24333999999874192,-0.002633,0.0006519999999954741,0.00028300000001042877
2062,4.125669059998472,-0.09188205915799544,-1.1138092183151933,-2.1112356873763947,0.06029399699160394,-0.011990584363148527,0.00935777070126195,0.12158199999999984,0.07867200000389163,-0.24333999999874192,-0.002633,0.0006519999999954741,0.00028300000001042877
2063,4.12764814899856,-0.46764301237597866,-0.7751221045168001,-2.0905819482179204,0.048271953358479676,-0.02811359899482665,-0.004077002551541297,0.12158199999999984,0.07867200000389163,-0.24333999999874192,-0.002633,0.0006519999999954741,0.00028300000001042877
2064,4.129656641998736,-0.02785346531243473,-0.9068312808950462,-2.4046002556459767,0.040239743407355186,-0.003329478896645079,0.004261261950717689,0.12158199999999984,0.07867200000389163,-0.24333999999874192,-0.002633,0.0006519999999954741,0.00028300000001042877
2065,4.131657832003839,-0.14036728183941027,-0.5625911947371404,-2.055261803509886,0.03938623598103818,-0.015077655495670306,0.003731716277797699,0.08158199999999988,0.08867200000325194,-0.20334099999858196,-0.002632999999999999,0.0006519999999794816,0.0012830000000104288
2066,4.133662298001582,0.11582502019145693,-1.0126434206785084,-2.4485384755316923,0.04921635290326909,0.0016795400759602945,0.010249372469529167,0.08158199999999988,0.08867200000325194,-0.20334099999858196,-0.002632999999999999,0.0006519999999794816,0.0012830000000104288
2067,4.135646647002432,0.19650274144582788,-0.30766237169116606,-3.1164228550731563,-0.006953188958972036,0.026879430059606062,-0.004415991631183542,0.08158199999999988,0.08867200000325194,-0.20334099999858196,-0.002632999999999999,0.0006519999999794816,0.0012830000000104288
2068,4.137668615003349,-0.2740827158834921,-0.7032325482726525,-2.9705632478137014,0.011333946985175647,0.012299576846146201,-0.005887690595176244,0.08158199999999988,0.08867200000325194,-0.20334099999858196,-0.002632999999999999,0.0006519999999794816,0.0012830000000104288
2069,4.1396581230001175,-0.31433423388064063,-0.2869442004563585,-2.1344701701543225,0.03553176549744249,-0.01159778881716086,0.0037047364831499546,0.09158199999999986,0.11867200000341187,-0.2133409999981022,-0.001632999999999999,-0.0003480000000205184,0.0012829999999944357
2070,4.141635158004647,-0.38689662393939406,-0.6208659667400586,-2.4428505201660147,0.03596225328487339,-0.009536302108976151,0.009896582718448725,0.09158199999999986,0.11867200000341187,-0.2133409999981022,-0.001632999999999999,-0.0003480000000205184,0.0012829999999944357
2071,4.143641096998181,-0.03048271167355146,-1.0733406150391878,-2.1392966504799755,0.050723940483688654,-0.012731415552220193,0.008219978706273478,0.09158199999999986,0.11867200000341187,-0.2133409999981022,-0.001632999999999999,-0.0003480000000205184,0.0012829999999944357
2072,4.1456532570009585,0.03456514150538664,-0.759885324067076,-2.0428009554619804,0.04028816577729314,-0.008037518169390738,0.005248779129750781,0.09158199999999986,0.11867200000341187,-0.2133409999981022,-0.001632999999999999,-0.0003480000000205184,0.0012829999999944357
2073,4.147644978998869,-0.005073125420500447,-0.9740742285070543,-2.1390813990626527,0.05014493852544119,-0.019622986880837977,0.004893461973694759,0.08158199999999992,0.09867200000197253,-0.12334099999842205,-0.0016329999999999984,0.0006519999999634891,0.002283000000010428
2074,4.149660676004714,0.36194040026791596,-0.9284271245261597,-2.0663333443180822,0.042228125717439946,0.0018846475583309751,0.00243038192523578,0.08158199999999992,0.09867200000197253,-0.12334099999842205,-0.0016329999999999984,0.0006519999999634891,0.002283000000010428
2075,4.15164134799852,-0.14875290670012548,-0.804610583591681,-2.3663094262088364,0.034465149197368615,0.00012622142721844588,0.004261397049462494,0.08158199999999992,0.09867200000197253,-0.12334099999842205,-0.0016329999999999984,0.0006519999999634891,0.002283000000010428
2076,4.153660661999311,0.8568109546960117,-0.6406656385378404,-1.909362178485718,0.0429033316901515,0.02024184396552674,-0.0008978662257502635,0.08158199999999992,0.09867200000197253,-0.12334099999842205,-0.0016329999999999984,0.0006519999999634891,0.002283000000010428
2077,4.15564780600107,0.00808012580157163,-0.8258972749432658,-2.217888253774491,0.04861029409906205,-0.008798971951674662,0.011417519520651634,0.1415819999999998,0.14867200000549088,-0.34333999999762244,-0.006632999999999998,-0.001348000000036511,0.002282999999978446
2078,4.157634068003972,0.06094132843389127,-1.0865210497429336,-2.1446054520597815,0.05205980356348775,-0.010379437417666828,0.004341974787129147,0.1415819999999998,0.14867200000549088,-0.34333999999762244,-0.006632999999999998,-0.001348000000036511,0.002282999999978446
2079,4.1596415390013135,0.001352979223290611,-0.720435875617166,-2.1387052352992177,0.03889598080256647,-0.0024356119190029235,0.009356752261715711,0.1415819999999998,0.14867200000549088,-0.34333999999762244,-0.006632999999999998,-0.001348000000036511,0.002282999999978446
2080,4.161660762998508,-0.07352492736401549,-0.8662616158740474,-2.2247532680158355,0.039654328029379696,-0.009448948904676164,-0.005065221495833157,0.1415819999999998,0.14867200000549088,-0.34333999999762244,-0.006632999999999998,-0.001348000000036511,0.002282999999978446
2081,4.163649980000628,0.2595431204215653,-0.6631635171655171,-2.191873652831241,0.03939250589026799,-0.0003689164726083005,-0.00037780004005152527,0.13158199999999978,0.0886720000056508,-0.35333999999858196,-0.005632999999999998,-0.001348000000036511,0.0022829999999784455
2082,4.165664605003258,0.10889071519010615,-1.2536566820724602,-2.0465251975234007,0.0567124541273082,-0.002518652535199257,0.0068982329984254185,0.13158199999999978,0.0886720000056508,-0.35333999999858196,-0.005632999999999998,-0.001348000000036511,0.0022829999999784455
2083,4.167644476001442,-0.6364095531015244,-0.8826907806105628,-2.3896490543043316,0.04321212313667623,-0.02802161311423773,0.0006842580931528129,0.13158199999999978,0.0886720000056508,-0.35333999999858196,-0.005632999999999998,-0.001348000000036511,0.0022829999999784455
2084,4.1696562959987205,-0.14729909504930747,-0.9042724028323321,-2.192374047745288,0.052552993478572035,-0.01146963115652387,0.0061623745092999945,0.13158199999999978,0.0886720000056508,-0.35333999999858196,-0.005632999999999998,-0.001348000000036511,0.0022829999999784455
2085,4.171671260999574,-0.080181454491772,-0.6481171380924777,-2.0533048604759747,0.031219623167159462,-0.0003033544986448549,0.0014986872146777485,0.1315819999999997,0.10867200000804969,-0.5033399999982622,-0.004632999999999998,-0.001348000000036511,0.0022829999999784446
2086,4.173639099004504,-0.007676437140793778,-0.5467901385658498,-2.387561246112928,0.029265945436109286,-0.0028789256277541608,0.009044074076812807,0.1315819999999997,0.10867200000804969,-0.5033399999982622,-0.004632999999999998,-0.001348000000036511,0.0022829999999784446
2087,4.175644046001253,-0.017047921930221758,-0.9062151708223248,-1.9490702566907578,0.051631732332596623,-0.009006572398398477,0.0009842498510362501,0.1315819999999997,0.10867200000804969,-0.5033399999982622,-0.004632999999999998,-0.001348000000036511,0.0022829999999784446
2088,4.177631008999015,-0.001348722933782699,-0.7118385951272276,-2.21152286527247,0.04305658845884351,-0.007123289044034447,0.00666781669116087,0.1315819999999997,0.10867200000804969,-0.5033399999982622,-0.004632999999999998,-0.001348000000036511,0.0022829999999784446
2089,4.179637779998302,-0.2957556896916221,-0.8125294721368947,-2.0320343616095196,0.054010296362718854,-0.00865982221054284,-0.002426281750478968,0.1615819999999997,0.1286720000075699,-0.4733389999979423,-0.008632999999999998,-0.0033480000000525034,0.0032829999999464624
2090,4.181625254001119,-0.6986091018732269,-0.6534394473548184,-2.479757518196681,0.023601405311986075,-0.014214205543737396,0.0017942901966965757,0.1615819999999997,0.1286720000075699,-0.4733389999979423,-0.008632999999999998,-0.0033480000000525034,0.0032829999999464624
2091,4.183625290999771,0.23185465734955596,-0.9937835678462612,-2.2730318921144814,0.04717792009359418,0.00674197044792529,0.009569499062698448,0.1615819999999997,0.1286720000075699,-0.4733389999979423,-0.008632999999999998,-0.0033480000000525034,0.0032829999999464624
2092,4.185634106004727,-0.43273325319072153,-0.7171257308828985,-2.1861733714575364,0.04409227971602293,-0.022719964076926325,0.006951504833804949,0.1615819999999997,0.1286720000075699,-0.4733389999979423,-0.008632999999999998,-0.0033480000000525034,0.0032829999999464624
2093,4.187648781000462,0.03488987054543144,-0.8296008750065073,-2.2097078900410323,0.034378467730221386,-0.0003696419159853788,-0.004797342478411682,0.14158199999999974,0.10867200000677028,-0.42333999999826216,-0.004632999999999999,-0.0003480000000205185,0.0012829999999944377
2094,4.1896376779986895,-0.2635188376528716,-0.7562776399003587,-2.038143398506263,0.04981321653682358,-0.010828626285653793,0.003392731450280236,0.14158199999999974,0.10867200000677028,-0.42333999999826216,-0.004632999999999999,-0.0003480000000205185,0.0012829999999944377
2095,4.191650179003773,-0.060429875211037515,-0.12510433594696466,-2.173158683445282,0.01589826436101596,-0.0023897420767326327,-0.0068355879869277155,0.14158199999999974,0.10867200000677028,-0.42333999999826216,-0.004632999999999999,-0.0003480000000205185,0.0012829999999944377
2096,4.193662659999973,0.005084705823436724,-0.6368250772317329,-2.260726771037459,0.037982721879016974,-0.005120516610464731,0.011755828267293319,0.14158199999999974,0.10867200000677028,-0.42333999999826216,-0.004632999999999999,-0.0003480000000205185,0.0012829999999944377
2097,4.195691241002351,-0.235240178770971,-0.7196840628264561,-2.299403734298971,0.044963242458200506,-0.021233539901399045,0.0036588213598074803,0.07158199999999988,0.098672000003092,-0.19333999999842205,-0.002633,0.0006519999999954741,0.00028300000001042877
2098,4.197666142004891,0.07155423787503343,-0.7901191725230161,-2.187160656929931,0.04065677531749314,0.0010798109546083928,-0.00803051873722377,0.07158199999999988,0.098672000003092,-0.19333999999842205,-0.002633,0.0006519999999954741,0.00028300000001042877
2099,4.1996428560014465,-0.21351940561848828,-0.6943519616656123,-1.9395444946631077,0.045612170168702386,-0.0064029727893345325,0.008924227731865422,0.07158199999999988,0.098672000003092,-0.19333999999842205,-0.002633,0.0006519999999954741,0.00028300000001042877
2100,4.201669834001223,0.25483324306752153,-0.8465928399492153,-2.436225264345823,0.034056974240977096,0.0055549701730656514,-0.005550946955134407,0.07158199999999988,0.098672000003092,-0.19333999999842205,-0.002633,0.0006519999999954741,0.00028300000001042877
2101,4.203663881002285,-0.5013811797707901,-1.0577065958287009,-2.0602211678379634,0.052580124767446834,-0.02396929136319681,-0.0008336952809592803,0.09158199999999986,0.09867200000341186,-0.21334099999842204,-0.003632999999999999,-0.0003480000000205185,0.001282999999994437
2102,4.205636978003895,0.12941325085813407,-0.49729465509803766,-2.169390375120815,0.03578025062445294,-0.012549734609981218,0.004409296668329983,0.09158199999999986,0.09867200000341186,-0.21334099999842204,-0.003632999999999999,-0.0003480000000205185,0.001282999999994437
2103,4.207644940004684,-0.013837127819612877,-0.6863896620222475,-2.3929493157067534,0.04568823107261557,-0.014519770124668442,0.016087060561912767,0.09158199999999986,0.09867200000341186,-0.21334099999842204,-0.003632999999999999,-0.0003480000000205185,0.001282999999994437
2104,4.209662872002809,-0.7549985444385384,-0.5488506765790601,-1.7544522384761034,0.03415643240971809,-0.023233981637617345,0.0022605724970853696,0.09158199999999986,0.09867200000341186,-0.21334099999842204,-0.003632999999999999,-0.0003480000000205185,0.001282999999994437
2105,4.211652250000043,0.3272352157565761,-0.29327595584812494,-2.44869677099993,0.005007993154346678,0.028577985771917627,-0.00892016758675789,0.1015819999999999,0.10867200000293208,-0.18333999999826212,-0.004632999999999998,-0.0023480000000525034,0.0032829999999624522
2106,4.213665201998083,0.0312691538644063,-0.7079779044242431,-2.2109817420914997,0.048672115012235936,-0.016078438495566737,0.013542410067172925,0.1015819999999999,0.10867200000293208,-0.18333999999826212,-0.004632999999999998,-0.0023480000000525034,0.0032829999999624522
2107,4.21564416000183,-0.3401894107434379,-0.9283197545330455,-2.352806040612084,0.04923804894946105,-0.007600953495195881,-0.0008095749571027104,0.1015819999999999,0.10867200000293208,-0.18333999999826212,-0.004632999999999998,-0.0023480000000525034,0.0032829999999624522
2108,4.217674885003362,0.14551199321897126,-0.8503696567299114,-2.079018528244481,0.04145219275796565,-0.008510982689957652,-0.009453267446038216,0.1015819999999999,0.10867200000293208,-0.18333999999826212,-0.004632999999999998,-0.0023480000000525034,0.0032829999999624522
2109,4.219729565003945,0.19265188246304507,-0.6667148072288207,-1.98217530130477,0.03876328039572864,-0.008947144085964183,0.007406450158049499,0.11158199999999979,0.08867200000517102,-0.32333899999858196,-0.0026329999999999986,-0.001348000000036511,0.0022829999999784438
2110,4.221697232002043,0.05565147693278483,-0.476918669365832,-2.3351229079126874,0.014795682168088298,0.019838983874049327,-0.013048752139210995,0.11158199999999979,0.08867200000517102,-0.32333899999858196,-0.0026329999999999986,-0.001348000000036511,0.0022829999999784438
2111,4.2236431190031,-0.2784316787438941,-0.8537132154740377,-2.130870460136206,0.04666562762048598,-0.013178262398894813,0.0050044820721138385,0.11158199999999979,0.08867200000517102,-0.32333899999858196,-0.0026329999999999986,-0.001348000000036511,0.0022829999999784438
2112,4.225643156001752,-0.162340448658279,-0.6606914234602651,-2.1847122264316745,0.038394165391456014,-0.013401131739106571,-0.0009329336709564652,0.11158199999999979,0.08867200000517102,-0.32333899999858196,-0.0026329999999999986,-0.001348000000036511,0.0022829999999784438
2113,4.227664174002712,0.08080551118726681,-0.5646465965367848,-2.173416791361984,0.03579855381911332,-0.007212672381988317,-0.003781827011049598,0.1415819999999998,0.10867200000549089,-0.34333999999826215,-0.002632999999999999,-0.002348000000020518,0.0012829999999624513
2114,4.229672797002422,0.26473777444217395,-0.9498982782049439,-1.8382445859894623,0.04960072138488001,-0.0011917298435741054,-0.0021836671647056266,0.1415819999999998,0.10867200000549089,-0.34333999999826215,-0.002632999999999999,-0.002348000000020518,0.0012829999999624513
2115,4.231643660001282,-0.05223727565204645,-1.0301495017900237,-1.90328866495463,0.05409306901517438,-0.006460566061093219,0.007509089550670613,0.1415819999999998,0.10867200000549089,-0.34333999999826215,-0.002632999999999999,-0.002348000000020518,0.0012829999999624513
2116,4.23366960700514,-0.0941846026536606,-0.7196259752286144,-1.8754618529913154,0.04983032416607162,-0.015442078741214478,0.0009781946620716678,0.1415819999999998,0.10867200000549089,-0.34333999999826215,-0.002632999999999999,-0.002348000000020518,0.0012829999999624513
2117,4.235656089003896,0.2536302404749696,-0.4811605620729256,-2.126718683656687,0.03241394556311609,-0.004759726884670526,0.004551515619376227,0.1615819999999997,0.13867200000804966,-0.5033399999977823,-0.006632999999999998,-0.0023480000000525034,0.0032829999999624535
2118,4.237633445001848,0.16519940848289957,-1.1187867470855204,-1.5603317008117947,0.055424560494874556,-0.004169466937473882,0.013308836457709122,0.1615819999999997,0.13867200000804966,-0.5033399999977823,-0.006632999999999998,-0.0023480000000525034,0.0032829999999624535
2119,4.239625057001831,0.30382140053248163,-0.9224879947755623,-2.1901085960054854,0.038015969637286026,0.010112432392123012,0.003631264056837745,0.1615819999999997,0.13867200000804966,-0.5033399999977823,-0.006632999999999998,-0.0023480000000525034,0.0032829999999624535
2120,4.2416722330017365,0.7034675548358603,-1.0285276718762806,-1.594517542345472,0.04863144460766411,0.016055353313532503,0.010401010443028387,0.1615819999999997,0.13867200000804966,-0.5033399999977823,-0.006632999999999998,-0.0023480000000525034,0.0032829999999624535
2121,4.243648756004404,-0.3510144519992685,-0.8682773709716558,-2.017310193278624,0.04470247377115527,-0.010797894020853653,0.0053742703010697,0.19158199999999964,0.1586720000093291,-0.5833399999974626,-0.006632999999999999,-0.0013480000000205185,0.0012829999999784463
2122,4.245656649000011,-0.09601777172794346,-0.437606739543678,-2.0091011763570266,0.0356757955852862,-0.011803425934673656,-0.0033258124448077367,0.19158199999999964,0.1586720000093291,-0.5833399999974626,-0.006632999999999999,-0.0013480000000205185,0.0012829999999784463
2123,4.247644504001073,-0.37873427980361274,-0.7300530252519983,-1.8668473174545674,0.04510345845679531,-0.012020089791122606,-0.0010714376375517178,0.19158199999999964,0.1586720000093291,-0.5833399999974626,-0.006632999999999999,-0.0013480000000205185,0.0012829999999784463
2124,4.249655020998034,-0.6312688958515975,-0.6741974360184245,-3.14242315627749,0.012016458504285536,0.014898512625379954,-0.0009373023752727955,0.19158199999999964,0.1586720000093291,-0.5833399999974626,-0.006632999999999999,-0.0013480000000205185,0.0012829999999784463
2125,4.251651992999541,0.2614881926245221,-0.7166620911906084,-1.5938497012640274,0.04288905421733831,-0.007873915558325497,0.006350956673555853,0.18158199999999966,0.1386720000082096,-0.5133399999977825,-0.005632999999999999,-0.002348000000020518,0.001282999999962453
2126,4.253664634998131,-0.35094549469593783,-0.7695575125548055,-1.8107843973146478,0.03827953732615015,-0.007562753839010053,-0.0016607310072117205,0.18158199999999966,0.1386720000082096,-0.5133399999977825,-0.005632999999999999,-0.002348000000020518,0.001282999999962453
2127,4.255640668001433,-0.18877306085177098,-0.9126291159973604,-1.9969518244762974,0.050613893184487925,-0.009550408688555983,-0.00046953105511607417,0.18158199999999966,0.1386720000082096,-0.5133399999977825,-0.005632999999999999,-0.002348000000020518,0.001282999999962453
2128,4.257670281003811,-0.28977738862609714,-0.9035337780945449,-2.013180317575702,0.04115407629756382,-0.0033664721394561638,-0.0027080125867834375,0.18158199999999966,0.1386720000082096,-0.5133399999977825,-0.005632999999999999,-0.002348000000020518,0.001282999999962453
2129,4.259659727998951,-0.3788975247850136,-0.7798814872655357,-2.067774761007846,0.039783053460856435,-0.013385223179575193,-0.004776525614993803,0.1315819999999999,0.10867200000261222,-0.16333999999826215,-0.005632999999999998,-0.0043480000000525034,0.003282999999930468
2130,4.261661299002299,-0.6203450027338462,-1.164043648082738,-2.2891978965420257,0.05680277808764118,-0.022748000780873422,0.005462797418213495,0.1315819999999999,0.10867200000261222,-0.16333999999826215,-0.005632999999999998,-0.0043480000000525034,0.003282999999930468
2131,4.2636489139986224,-0.010925293439883162,-1.031387893303391,-1.7292571927216265,0.05273240261816005,-0.004731902658286161,0.005698197564392783,0.1315819999999999,0.10867200000261222,-0.16333999999826215,-0.005632999999999998,-0.0043480000000525034,0.003282999999930468
2132,4.265670081003918,-0.012832752684720497,-0.5912159531215556,-2.075253933444624,0.036864681421790564,0.0024683801476700967,-0.0015137702729372585,0.1315819999999999,0.10867200000261222,-0.16333999999826215,-0.005632999999999998,-0.0043480000000525034,0.003282999999930468
2133,4.267655711999396,-0.897751708780693,-0.8596763892896594,-2.083841399612486,0.050905744743248785,-0.035558320614700344,-0.007794366403796439,0.0815819999999999,0.11867200000245227,-0.1533389999981022,-0.0036329999999999986,-0.002348000000036511,0.002282999999962452
2134,4.269669986002555,-0.11234936525534547,-1.0670575568078557,-1.8272149554747437,0.04955057650517845,-0.010010358700831666,0.0007972717030711193,0.0815819999999999,0.11867200000245227,-0.1533389999981022,-0.0036329999999999986,-0.002348000000036511,0.002282999999962452
2135,4.271649845999491,-0.2788974446323476,-0.5659420867604138,-1.7289367082497014,0.04042444348748066,-0.012198299136692478,0.007137286250497716,0.0815819999999999,0.11867200000245227,-0.1533389999981022,-0.0036329999999999986,-0.002348000000036511,0.002282999999962452
2136,4.273665904001973,0.017441396803673806,-1.1631667716289826,-2.27948866396566,0.04876643428562651,-0.0013427411690558773,-0.00035701682196271944,0.0815819999999999,0.11867200000245227,-0.1533389999981022,-0.0036329999999999986,-0.002348000000036511,0.002282999999962452
2137,4.275659899998573,-0.3605793646210364,-1.089559327979489,-1.9513560919327726,0.05113429320278041,-0.015299365161293597,0.0057371283319095955,0.11158199999999975,0.09867200000629049,-0.39333899999842203,-0.001632999999999999,0.0016519999999794815,0.0012830000000264208
2138,4.277679495004122,0.10663389430421472,-0.8795324466191989,-2.1812277032018947,0.04585233989671857,0.004114056023908134,0.0015788601374073404,0.11158199999999975,0.09867200000629049,-0.39333899999842203,-0.001632999999999999,0.0016519999999794815,0.0012830000000264208
2139,4.279648884999915,-0.3017592771892775,-0.8203168222874242,-1.8566773058859365,0.05003225582389475,-0.009853150776432016,0.005113247116068788,0.11158199999999975,0.09867200000629049,-0.39333899999842203,-0.001632999999999999,0.0016519999999794815,0.0012830000000264208
2140,4.281651798002713,0.0290231006925633,-0.8126693060711944,-2.327476683178222,0.0296504829959211,0.0010553302338539635,-0.0038674926930557635,0.11158199999999975,0.09867200000629049,-0.39333899999842203,-0.001632999999999999,0.0016519999999794815,0.0012830000000264208
2141,4.283660833003523,-0.577302092869084,-1.3622604810187504,-1.6527160331924375,0.056057646171532166,-0.013035460413262282,0.003326944831435872,0.12158199999999979,0.10867200000517102,-0.3233389999982621,-0.005632999999999998,-0.001348000000036511,0.0022829999999784455
2142,4.285674195001775,0.07856831966661738,-0.966068736359085,-1.921565503762166,0.05484624273300905,0.0019831881284253852,0.003976553291281478,0.12158199999999979,0.10867200000517102,-0.3233389999982621,-0.005632999999999998,-0.001348000000036511,0.0022829999999784455
2143,4.287646492004569,0.20338059632268646,-0.8552313160531635,-1.6779723621639377,0.04597312432662516,-0.0032690684252709235,-0.0026126985094628895,0.12158199999999979,0.10867200000517102,-0.3233389999982621,-0.005632999999999998,-0.001348000000036511,0.0022829999999784455
2144,4.289667368000664,-0.3365697115689768,-1.090940786297092,-2.0823274120800326,0.05149634026527705,-0.018704623062032414,0.005793204937652686,0.12158199999999979,0.10867200000517102,-0.3233389999982621,-0.005632999999999998,-0.001348000000036511,0.0022829999999784455
2145,4.291666615004942,-0.12735268854225867,-0.6191371687167203,-2.5739048891855214,0.025605944237055516,0.008927883140293687,-0.0029027125364792304,0.13158199999999978,0.11867200000597067,-0.3733409999981022,-0.005632999999999998,-0.001348000000036511,0.0022829999999784455
2146,4.293672293002601,-0.11399398587809194,-0.9717682392687729,-2.072901673240968,0.0526124852245768,-0.01414766363627288,0.008120277237182848,0.13158199999999978,0.11867200000597067,-0.3733409999981022,-0.005632999999999998,-0.001348000000036511,0.0022829999999784455
2147,4.29570328900445,0.15329900420030634,-1.0217833678361468,-1.7630884845510177,0.05604374642877862,-0.005309268639652792,0.004568589553706206,0.13158199999999978,0.11867200000597067,-0.3733409999981022,-0.005632999999999998,-0.001348000000036511,0.0022829999999784455
2148,4.297685051998997,-0.47851730607744286,-1.130064244083501,-2.1866987848631414,0.059047411260774695,-0.016968675828301482,0.00426717046859149,0.13158199999999978,0.11867200000597067,-0.3733409999981022,-0.005632999999999998,-0.001348000000036511,0.0022829999999784455
2149,4.299662477998936,-0.2572406127737728,-0.5955427213422314,-2.0655717198890633,0.03586142403624552,-0.010599162068021155,-0.002692387657258707,0.041581999999999765,0.07867200000597067,-0.3733409999987418,0.0003670000000000001,0.004651999999995474,0.0002830000000743971
2150,4.3016653310041875,0.4074555849359802,-1.1338897893925317,-2.098706478798227,0.05238867949961414,0.005543605331942308,0.007153399759090409,0.041581999999999765,0.07867200000597067,-0.3733409999987418,0.0003670000000000001,0.004651999999995474,0.0002830000000743971
2151,4.303660379002395,-0.005384806492378835,-0.6636870576788872,-1.7234920824172226,0.04376940313997924,-0.004482050657824634,0.00393197201854269,0.041581999999999765,0.07867200000597067,-0.3733409999987418,0.0003670000000000001,0.004651999999995474,0.0002830000000743971
2152,4.3056678010034375,-0.5670102191331854,-0.9812114181491148,-2.0386131969027055,0.04768233249041269,-0.018993466262523385,0.002614555522105309,0.041581999999999765,0.07867200000597067,-0.3733409999987418,0.0003670000000000001,0.004651999999995474,0.0002830000000743971
2153,4.307666466003866,0.17180332637808315,-0.9144705530799921,-1.7407716193302787,0.04938479248016104,-0.0052991279211415466,0.004348221742378346,0.05158199999999976,0.06867200000613057,-0.38333899999890175,0.0033669999999999993,0.006652000000027459,-0.0017169999998936198
2154,4.309671373004676,-0.03962972933985531,-0.7515274810763511,-2.467724428753391,0.028998041727546865,0.006961262350201004,-0.004650441400877839,0.05158199999999976,0.06867200000613057,-0.38333899999890175,0.0033669999999999993,0.006652000000027459,-0.0017169999998936198
2155,4.31165100200451,0.16816799893994253,-1.105225154804483,-2.1623894104535726,0.05869557613182494,-0.013556204880664554,0.005665202790683246,0.05158199999999976,0.06867200000613057,-0.38333899999890175,0.0033669999999999993,0.006652000000027459,-0.0017169999998936198
2156,4.313663203000033,0.1103992218749285,-1.0518725739663355,-1.8626758655513116,0.052510838739678226,-0.0008391756406512577,0.010860208010336549,0.05158199999999976,0.06867200000613057,-0.38333899999890175,0.0033669999999999993,0.006652000000027459,-0.0017169999998936198
2157,4.315661808002915,0.0067212962565946395,-0.9754051401467647,-1.8859779723882095,0.057250830989457525,-0.0031415840237698934,-0.0022452376586871788,0.1115819999999998,0.09867200000501108,-0.313338999998422,-0.003632999999999999,0.0006519999999794816,0.0012830000000104294
2158,4.3176682780031115,-0.37395952922770476,-1.156506296484358,-2.0023598250342136,0.054809713816381785,-0.016417960397871547,0.003428627009355085,0.1115819999999998,0.09867200000501108,-0.313338999998422,-0.003632999999999999,0.0006519999999794816,0.0012830000000104294
2159,4.319664818998717,0.35360487445838834,-1.2056556912582717,-2.4982405214010646,0.04609904765570578,0.00923479895062285,-0.013709053604486304,0.1115819999999998,0.09867200000501108,-0.313338999998422,-0.003632999999999999,0.0006519999999794816,0.0012830000000104294
2160,4.321708168004989,0.41680171648391645,-0.533930085003146,-3.0569677779228495,0.010826499816770408,0.0200995339650835,-0.0077142058782017865,0.1115819999999998,0.09867200000501108,-0.313338999998422,-0.003632999999999999,0.0006519999999794816,0.0012830000000104294
2161,4.3236734210004215,-0.28921879207057044,-0.9652691996733026,-2.7106328507869204,0.024780806927526842,0.017443019090544836,-0.01383007814970156,0.11158199999999978,0.08867200000581073,-0.36333999999858196,-0.0006329999999999998,0.002651999999995474,0.00028300000004241263
2162,4.325661727001716,-0.014327538829524667,-0.6769248329233045,-2.7256569683976752,0.012174568285344788,0.026037925165684702,-0.00449996682123368,0.11158199999999978,0.08867200000581073,-0.36333999999858196,-0.0006329999999999998,0.002651999999995474,0.00028300000004241263
2163,4.327652076004597,0.03585569573646848,-0.5511271171053674,-2.2893028226037475,0.022925578294809998,0.012099665326846096,-0.00626123347588653,0.11158199999999978,0.08867200000581073,-0.36333999999858196,-0.0006329999999999998,0.002651999999995474,0.00028300000004241263
2164,4.329658476002805,0.1415850163822221,-0.832405871193372,-2.0712562418337277,0.04895509436695577,-0.005096231032048383,0.005300102189979658,0.11158199999999978,0.08867200000581073,-0.36333999999858196,-0.0006329999999999998,0.002651999999995474,0.00028300000004241263
2165,4.331660987998475,0.013878034779802331,-0.6584755773979768,-2.1992186730960395,0.039470742954139014,-0.013730731065299253,0.013900061330307856,0.061581999999999755,0.08867200000613057,-0.38333899999858195,-0.0016329999999999997,0.003651999999995474,0.0002830000000584058
2166,4.3336566380021395,0.015201876292776504,-0.6826082742800336,-2.250970987744779,0.036888793181453626,0.0010025583076192879,0.002953661110531279,0.061581999999999755,0.08867200000613057,-0.38333899999858195,-0.0016329999999999997,0.003651999999995474,0.0002830000000584058
2167,4.335653189002187,0.20678048136593638,-0.9344543851548323,-1.9097365012584773,0.046871840342736594,-0.0016196384850716322,0.016371350835542073,0.061581999999999755,0.08867200000613057,-0.38333899999858195,-0.0016329999999999997,0.003651999999995474,0.0002830000000584058
2168,4.337675508999382,-0.2730656382140397,-0.5908465191884648,-2.1722246545538453,0.03700991432875822,-0.019459604644956482,0.0009954383578969627,0.061581999999999755,0.08867200000613057,-0.38333899999858195,-0.0016329999999999997,0.003651999999995474,0.0002830000000584058
2169,4.339669074004632,-0.32459775180982986,-0.905150217228202,-2.438406976674628,0.0384906628897222,0.0008473982243673822,0.005196420997931876,0.08158199999999993,0.10867200000165267,-0.10333999999826211,-0.006632999999999998,-0.0023480000000525034,0.0032829999999624535
2170,4.341678529999626,0.014803608224921203,-0.37678355234008315,-3.01285987910124,-0.0005873791318284364,0.011985862171489222,-0.000884315841400432,0.08158199999999993,0.10867200000165267,-0.10333999999826211,-0.006632999999999998,-0.0023480000000525034,0.0032829999999624535
2171,4.343662347004283,-0.01443133311183493,-0.6634822913953066,-1.9384074151357273,0.04585682057623223,-0.011019302890443141,0.008145124337567583,0.08158199999999993,0.10867200000165267,-0.10333999999826211,-0.006632999999999998,-0.0023480000000525034,0.0032829999999624535
2172,4.345659780003189,-0.4262420712381057,-0.838245690262142,-2.2295862750107447,0.04738610958107611,-0.020773204835820586,-0.004652291389081406,0.08158199999999993,0.10867200000165267,-0.10333999999826211,-0.006632999999999998,-0.0023480000000525034,0.0032829999999624535
2173,4.347667702000763,0.6387418637372613,-1.1697055102666916,-2.132181645273122,0.04943681489050801,0.00903647024694086,0.012402988157393718,0.08158199999999993,0.09867200000181259,-0.11333999999842204,-0.0026329999999999986,-0.001348000000036511,0.0022829999999784438
2174,4.349667629998294,0.17160161930180443,-0.8215336399231411,-2.2076315328102663,0.04469777148884617,-0.0025557132700427445,0.0072129117421557256,0.08158199999999993,0.09867200000181259,-0.11333999999842204,-0.0026329999999999986,-0.001348000000036511,0.0022829999999784438
2175,4.351652028999524,-0.22060011132366936,-1.4133178633914825,-2.0757169138786695,0.06496022679498534,-0.02414543831362254,0.001285868614636252,0.08158199999999993,0.09867200000181259,-0.11333999999842204,-0.0026329999999999986,-0.001348000000036511,0.0022829999999784438
2176,4.353681250999216,-0.028513538199114164,-0.5276350369897285,-2.7454165924025573,0.013905055341625899,0.014131805321069323,0.0032151267563759666,0.08158199999999993,0.09867200000181259,-0.11333999999842204,-0.0026329999999999986,-0.001348000000036511,0.0022829999999784438
2177,4.355670819000807,-0.10904809485608244,-0.5692552662613987,-2.1060729242063463,0.03630416347910783,-0.018854020852541918,-0.002430647767385851,0.10158199999999988,0.098672000003092,-0.19333999999842205,-0.0006329999999999998,0.0016519999999954741,0.00028300000002642005
2178,4.357673352002166,0.11478846345431579,-0.6080556564029951,-2.0104230733127695,0.03624989772784654,-0.009494798319219684,0.0041154925506113015,0.10158199999999988,0.098672000003092,-0.19333999999842205,-0.0006329999999999998,0.0016519999999954741,0.00028300000002642005
2179,4.359659082998405,0.15962662115130075,-0.7361341341511103,-2.4226001388346026,0.03942842457697207,-0.006527463708402873,-0.009369935026399179,0.10158199999999988,0.098672000003092,-0.19333999999842205,-0.0006329999999999998,0.0016519999999954741,0.00028300000002642005
2180,4.3616638489984325,0.10732474688369055,-0.9506483784072206,-2.169659689816592,0.04586164806210705,0.0033988729182610556,0.0007846491661264596,0.10158199999999988,0.098672000003092,-0.19333999999842205,-0.0006329999999999998,0.0016519999999954741,0.00028300000002642005
2181,4.3636635770017165,0.295477953549049,-0.7972212124318031,-2.169555948723704,0.0481558735810453,-0.00532015261868476,0.0007037313644776567,0.09158199999999982,0.07867200000469127,-0.2933409999987419,-0.0016329999999999997,0.003651999999995474,0.0002830000000584058
2182,4.365676719004114,0.37110593018670396,-0.7709547222093642,-1.9578125443864878,0.042651479805464146,-0.0011858678839485523,0.00046816401285362157,0.09158199999999982,0.07867200000469127,-0.2933409999987419,-0.0016329999999999997,0.003651999999995474,0.0002830000000584058
2183,4.367653854002128,-0.11412805069453963,-1.082723999565968,-1.7615767909492226,0.054138757726973366,-0.021449651073077693,0.012580868698151974,0.09158199999999982,0.07867200000469127,-0.2933409999987419,-0.0016329999999999997,0.003651999999995474,0.0002830000000584058
2184,4.369664832003764,0.14678073607575715,-0.5165291770992149,-2.092657263422777,0.026829173274756212,0.01350416879903114,0.006334388525531028,0.09158199999999982,0.07867200000469127,-0.2933409999987419,-0.0016329999999999997,0.003651999999995474,0.0002830000000584058
2185,4.371664609003346,-0.14437903552530257,-0.3502838740815632,-2.2792837576218954,0.022821860122001925,0.00414910044397028,-0.007355834580601278,0.2015819999999997,0.10867200000772982,-0.4833389999982622,-0.005632999999999998,-0.001348000000036511,0.0022829999999784455
2186,4.373673384005087,0.14737397205897143,-1.1425932911987398,-2.4696512518367224,0.04120961671365646,0.011402461750023206,-0.0008510290359038156,0.2015819999999997,0.10867200000772982,-0.4833389999982622,-0.005632999999999998,-0.001348000000036511,0.0022829999999784455
2187,4.375652121001622,-0.09798142890881015,-0.34863668086558025,-2.346519894004673,0.013666151428855,0.011920437662182048,-0.004707594470481684,0.2015819999999997,0.10867200000772982,-0.4833389999982622,-0.005632999999999998,-0.001348000000036511,0.0022829999999784455
2188,4.377673619004781,-0.09309657300361752,-0.42164860910006624,-2.6898517963648714,0.008339333158682244,0.016349897710135577,-0.010233522339543907,0.2015819999999997,0.10867200000772982,-0.4833389999982622,-0.005632999999999998,-0.001348000000036511,0.0022829999999784455
2189,4.3796652810051455,-0.053971843513631726,-0.40662338939284776,-2.72874729124333,0.009485041411383533,0.016411497449169324,-0.004073172239852893,0.18158199999999966,0.12867200000852946,-0.5333399999979423,-0.006632999999999998,-0.00034800000003651105,0.002282999999994439
2190,4.3816629350039875,0.23033128294303135,-0.6025898435339636,-2.7336981111066483,0.018611442166167808,0.01743622761358504,0.0013318241915641444,0.18158199999999966,0.12867200000852946,-0.5333399999979423,-0.006632999999999998,-0.00034800000003651105,0.002282999999994439
2191,4.383656680998683,0.06708359929296806,-0.7237412927215117,-2.5470627760756144,0.023308051218921287,0.013498656770935003,0.00045150122605553485,0.18158199999999966,0.12867200000852946,-0.5333399999979423,-0.006632999999999998,-0.00034800000003651105,0.002282999999994439
2192,4.385666276000848,-0.16157835435240003,-0.7353939105597335,-2.693838967331173,0.021040213622745014,0.0034576258016619857,-0.0033709458958025244,0.18158199999999966,0.12867200000852946,-0.5333399999979423,-0.006632999999999998,-0.00034800000003651105,0.002282999999994439
2193,4.387662888002524,-0.47482158507662336,-0.61247968933545,-2.8668797122783123,0.007299175731040506,0.011377705655521948,-0.007057951189929316,0.12158199999999987,0.088672000003092,-0.193339999998582,-0.008632999999999997,-0.004348000000068497,0.00428299999993047
2194,4.389669317999505,-0.23406283764323255,-0.255414819652591,-3.0071752220443915,0.0009927013264325482,0.017632837080953707,-0.005983476495628382,0.12158199999999987,0.088672000003092,-0.193339999998582,-0.008632999999999997,-0.004348000000068497,0.00428299999993047
2195,4.39165561000118,-0.4273915101938949,-0.8103858565250717,-2.294179579710467,0.020122524704328255,-0.0016810527779870046,-0.0033543269698842358,0.12158199999999987,0.088672000003092,-0.193339999998582,-0.008632999999999997,-0.004348000000068497,0.00428299999993047
2196,4.393667028998607,-0.2307017866214458,-0.99768855519408,-1.6488348897937621,0.05732814234147901,-0.016602391134637302,-0.0009899096147176426,0.12158199999999987,0.088672000003092,-0.193339999998582,-0.008632999999999997,-0.004348000000068497,0.00428299999993047
2197,4.395668098004535,0.022681794588423062,-0.7645685980646365,-1.7237619104899586,0.04104982838525832,-0.007281544224826445,0.0018054953292877603,0.15158199999999974,0.08867200000613057,-0.383338999998582,-0.0016330000000000003,0.0016520000000114668,-0.0007169999999735793
2198,4.3977160260037635,-0.14111965581421185,-0.6920576306586373,-1.9133488469042046,0.04175195935658918,-0.01772768216746998,0.0023089878218720025,0.15158199999999974,0.08867200000613057,-0.383338999998582,-0.0016330000000000003,0.0016520000000114668,-0.0007169999999735793
2199,4.399663055002748,0.03361985936325809,-0.7153388884361247,-2.261031533381441,0.03675334450476129,0.0021444019723397454,0.0017323543282901765,0.15158199999999974,0.08867200000613057,-0.383338999998582,-0.0016330000000000003,0.0016520000000114668,-0.0007169999999735793
2200,4.401663263000955,-0.12283188291554671,-0.8049569937596319,-1.7941937535932908,0.049237152835603995,-0.005990950617005424,0.0007068118254951466,0.15158199999999974,0.08867200000613057,-0.383338999998582,-0.0016330000000000003,0.0016520000000114668,-0.0007169999999735793
2201,4.403667929000221,-0.043100875170178986,-0.9574326035589525,-1.7117378178632667,0.049032400144024546,-0.012183467719035111,-0.007777185691491051,0.18158199999999974,0.11867200000645041,-0.40333899999810224,-0.004632999999999998,-0.003348000000036511,0.00228299999994646
2202,4.405674118002935,0.060316236245143595,-0.9268921940590763,-1.979699480061839,0.04076829814499776,0.00032219514430618153,0.0013505023585818642,0.18158199999999974,0.11867200000645041,-0.40333899999810224,-0.004632999999999998,-0.003348000000036511,0.00228299999994646
2203,4.407675759000995,0.19450501302305434,-0.49381668240290744,-2.9107062490735323,0.009108221847452205,0.028694629510343614,-0.0006512688240608094,0.18158199999999974,0.11867200000645041,-0.40333899999810224,-0.004632999999999998,-0.003348000000036511,0.00228299999994646
2204,4.409672360001423,-0.057869272849326636,-0.8301051341874592,-2.36261200441181,0.02608931389623434,0.013288081304321344,-0.0046617828936881866,0.18158199999999974,0.11867200000645041,-0.40333899999810224,-0.004632999999999998,-0.003348000000036511,0.00228299999994646
2205,4.4116853320010705,-0.03434367024139528,-1.0088220749555454,-1.8527625404076518,0.04729752767642983,-0.0069013774742643814,0.00979754035078107,0.21158199999999966,0.10867200000852946,-0.5333399999982622,-0.007632999999999998,-0.0043480000000525034,0.003282999999930469
2206,4.413674700001138,-0.40071658970093305,-1.109729702929334,-2.1581909901129954,0.0567299733709058,-0.010817754477614619,0.0044740219345281995,0.21158199999999966,0.10867200000852946,-0.5333399999982622,-0.007632999999999998,-0.0043480000000525034,0.003282999999930469
2207,4.415642648003995,-0.0439951484055625,-0.9333618115753696,-1.8972749053535953,0.046640804301490243,-0.004736170421697703,0.005398050912819497,0.21158199999999966,0.10867200000852946,-0.5333399999982622,-0.007632999999999998,-0.0043480000000525034,0.003282999999930469
2208,4.417653857002733,-0.3953166952202011,-1.193293779318452,-1.9187055345124853,0.05625047690457393,-0.012300500449581607,0.009301932086158603,0.21158199999999966,0.10867200000852946,-0.5333399999982622,-0.007632999999999998,-0.0043480000000525034,0.003282999999930469
2209,4.419726218999131,0.43333631117812565,-0.6426883656927459,-1.7697493233519763,0.0347875447789104,0.00562403665232772,0.005154852754008225,0.17158199999999973,0.14867200000725006,-0.45334099999762245,-0.007632999999999998,-0.0023480000000525034,0.0032829999999624544
2210,4.421706469998753,-0.08694975979621827,-0.5803157002021087,-2.663793251430625,0.004597972868250926,0.027670096839552988,-0.008113944387085128,0.17158199999999973,0.14867200000725006,-0.45334099999762245,-0.007632999999999998,-0.0023480000000525034,0.0032829999999624544
2211,4.423664189002011,-0.18417099406026413,-0.4186709888086996,-2.6330372054067666,0.01098741092318792,0.009565308090080833,-0.00557014050068489,0.17158199999999973,0.14867200000725006,-0.45334099999762245,-0.007632999999999998,-0.0023480000000525034,0.0032829999999624544
2212,4.425658496002143,-0.20846638662230255,-0.898467918691851,-1.8277696094398304,0.05365588033933568,-0.01137839111105351,0.012174335225423044,0.17158199999999973,0.14867200000725006,-0.45334099999762245,-0.007632999999999998,-0.0023480000000525034,0.0032829999999624544
2213,4.427668964002805,-0.08023066080187292,-1.3596393410585368,-1.8639303285117441,0.06377979431081314,-0.0062242807620360215,0.0028416835197037364,0.12158199999999984,0.10867200000373169,-0.23333899999826213,-0.004632999999999999,-0.0003480000000205185,0.0012829999999944377
2214,4.429671907004376,-0.2860628416713787,-0.9758399750908061,-1.9986020017461006,0.051776745881370594,-0.0046301569482807585,-0.002819029031139094,0.12158199999999984,0.10867200000373169,-0.23333899999826213,-0.004632999999999999,-0.0003480000000205185,0.0012829999999944377
2215,4.43166645400197,-0.34736400052123895,-0.6376963583073209,-1.8661441762601336,0.04636836855050937,-0.014151646353606303,0.007238113861296326,0.12158199999999984,0.10867200000373169,-0.23333899999826213,-0.004632999999999999,-0.0003480000000205185,0.0012829999999944377
2216,4.433671692000644,0.10193837191654,-0.8748667449668572,-1.9624054416384575,0.034984538108796454,0.01068778701412011,-0.003143179529189566,0.12158199999999984,0.10867200000373169,-0.23333899999826213,-0.004632999999999999,-0.0003480000000205185,0.0012829999999944377
2217,4.435676448003505,-0.24916530350490035,-1.027557845207049,-1.83447151025698,0.04981743442964605,-0.013281661609632777,-0.002812124511676542,0.04158199999999995,0.07867200000117289,-0.07333899999874187,0.0003669999999999995,0.0036520000000114664,-0.0007169999999415954
2218,4.437684130003618,0.23354421715107018,-0.5368723127799931,-1.9633286678912396,0.03417497980401415,-0.0020803334973243507,0.009645811982479496,0.04158199999999995,0.07867200000117289,-0.07333899999874187,0.0003669999999999995,0.0036520000000114664,-0.0007169999999415954
2219,4.439662778000638,-0.4912443335857005,-1.0461767772499189,-1.914855766808726,0.050369250843531777,-0.021027703620782674,0.002007371065722046,0.04158199999999995,0.07867200000117289,-0.07333899999874187,0.0003669999999999995,0.0036520000000114664,-0.0007169999999415954
2220,4.441670240004896,0.35758379376698163,-1.046988318317611,-1.8222885944915925,0.045187953377145304,0.0033899454474406597,0.01644018565274466,0.04158199999999995,0.07867200000117289,-0.07333899999874187,0.0003669999999999995,0.0036520000000114664,-0.0007169999999415954
2221,4.4436720209996565,0.46280168896362744,-1.2273774297894033,-1.8656707565982975,0.05914055636081881,0.012329904577764833,0.018860532323112866,0.1215819999999998,0.05867200000485116,-0.3033389999990618,-0.002632999999999999,-0.0003480000000205184,0.0012829999999944364
2222,4.445669925000402,-0.018207459397209,-0.7566778104297055,-2.083976041583247,0.05186292966336021,-0.00999191605249796,-0.0003326110479735661,0.1215819999999998,0.05867200000485116,-0.3033389999990618,-0.002632999999999999,-0.0003480000000205184,0.0012829999999944364
2223,4.44765935200121,0.34473398632871866,-1.2222015968649873,-2.160865316601351,0.049349291886953944,0.003320337533596975,0.005717957341846796,0.1215819999999998,0.05867200000485116,-0.3033389999990618,-0.002632999999999999,-0.0003480000000205184,0.0012829999999944364
2224,4.44965965099982,-0.4132029942896205,-0.4373704768274895,-2.6346445143143407,0.01543362318422062,-0.0019265746101661315,-0.007672442253673696,0.1215819999999998,0.05867200000485116,-0.3033389999990618,-0.002632999999999999,-0.0003480000000205184,0.0012829999999944364
2225,4.451674296004057,0.364922536389314,-0.5196694668721887,-2.6395273024738035,0.011956278891450667,0.03338551184651172,-0.008000959794876845,0.09158199999999987,0.048672000003092,-0.1933399999992217,-0.0006329999999999992,-0.0003480000000205184,0.001282999999994435
2226,4.453662482002983,-0.06358068890458236,-0.7699070347296376,-2.3965067295304814,0.03530424275126137,0.011956475273654281,-0.006522292679396146,0.09158199999999987,0.048672000003092,-0.1933399999992217,-0.0006329999999999992,-0.0003480000000205184,0.001282999999994435
2227,4.455674352000642,0.2888628827316349,-0.5203817723928477,-2.549068570495733,0.007477388496747702,0.01852065015168633,-0.005850193600181912,0.09158199999999987,0.048672000003092,-0.1933399999992217,-0.0006329999999999992,-0.0003480000000205184,0.001282999999994435
2228,4.457669009003439,-0.555315107645778,-0.915099749628485,-2.6658492628504225,0.031668844759974536,0.005061745556365897,-0.001102704741830684,0.09158199999999987,0.048672000003092,-0.1933399999992217,-0.0006329999999999992,-0.0003480000000205184,0.001282999999994435
2229,4.459681469998031,-0.3566159621708857,-0.6970827363957883,-2.8445392013754613,0.027146750756381958,-0.00037802446968330887,0.001305160593973461,0.10158199999999992,0.048672000002132426,-0.1333389999992217,-0.003632999999999999,-0.0013480000000205185,0.0012829999999784444
2230,4.461667652001779,-0.011994927030272029,-0.894940284795817,-2.7731781428006435,0.015366783550992219,0.026110730092315876,-0.006138344919753744,0.10158199999999992,0.048672000002132426,-0.1333389999992217,-0.003632999999999999,-0.0013480000000205185,0.0012829999999784444
2231,4.463674643004197,0.15715023975273004,-0.25989071662465896,-2.7305057243378816,0.0002124783939641609,0.03139833519977782,-0.007804057677971378,0.10158199999999992,0.048672000002132426,-0.1333389999992217,-0.003632999999999999,-0.0013480000000205185,0.0012829999999784444
2232,4.465668680000817,-0.34166958319694857,-0.8867967773552368,-1.8232756187651373,0.05644341395284298,-0.020052390067987005,-0.0011447593304273918,0.10158199999999992,0.048672000002132426,-0.1333389999992217,-0.003632999999999999,-0.0013480000000205185,0.0012829999999784444
2233,4.46768097000313,-0.1925813176808492,-0.7969480631282686,-2.2240978838043044,0.045386605912319106,-0.012078324190250523,0.004151051154162043,0.0915819999999999,0.09867200000229236,-0.14333899999842203,-0.004632999999999998,-0.00034800000003651105,0.0022829999999944375
2234,4.4696810280001955,0.046652136650329926,-0.621379271843287,-2.0694530903266677,0.03523713919594422,-0.009754450609655381,0.0010727871886798358,0.0915819999999999,0.09867200000229236,-0.14333899999842203,-0.004632999999999998,-0.00034800000003651105,0.0022829999999944375
2235,4.471642693999456,-0.4741276022132862,-0.8292667216224013,-1.848161293219117,0.04561148232057913,-0.02317168561706811,0.0011481922862263637,0.0915819999999999,0.09867200000229236,-0.14333899999842203,-0.004632999999999998,-0.00034800000003651105,0.0022829999999944375
2236,4.473659923998639,-0.17298514004839252,-0.5874920127855292,-2.3823840200566178,0.02160430080065584,0.0050988459683224815,-0.011432702658774047,0.0915819999999999,0.09867200000229236,-0.14333899999842203,-0.004632999999999998,-0.00034800000003651105,0.0022829999999944375
2237,4.4756820230031735,-0.17578024568593148,-1.1190991081188209,-1.7724273680304887,0.05077687892328318,-0.0071113009970414694,0.00573710054911095,0.11158199999999985,0.11867200000373168,-0.2333389999981022,-0.003632999999999999,-0.0003480000000205185,0.001282999999994437
2238,4.477672613000323,-0.29716904383782156,-0.9032831347798141,-1.9248058007151776,0.05249896101478336,-0.016092114384026825,0.006331093999431016,0.11158199999999985,0.11867200000373168,-0.2333389999981022,-0.003632999999999999,-0.0003480000000205185,0.001282999999994437
2239,4.479676458002359,-0.12104205756138664,-1.0334815386708094,-2.129794417280975,0.050281377787758506,-0.005725415996777846,0.005164834026402716,0.11158199999999985,0.11867200000373168,-0.2333389999981022,-0.003632999999999999,-0.0003480000000205185,0.001282999999994437
2240,4.48165971400158,0.2339167653329455,-0.7517339674073317,-2.0997279213240407,0.03769151487312738,0.0018941689207357057,0.002116038564868935,0.11158199999999985,0.11867200000373168,-0.2333389999981022,-0.003632999999999999,-0.0003480000000205185,0.001282999999994437
2241,4.483666514999641,-0.2808635480768959,-0.6863264270340189,-2.6488371351662434,0.022823797017455523,0.00661240695679574,0.0018758634992669158,0.16158199999999978,0.08867200000597067,-0.373340999998582,-0.004632999999999999,-0.0013480000000205185,0.001282999999978445
2242,4.48568435600464,-0.028955533905826926,-0.6482352473813009,-2.0188360227816777,0.05036385908292703,-0.01953436369895267,0.005459553827913536,0.16158199999999978,0.08867200000597067,-0.373340999998582,-0.004632999999999999,-0.0013480000000205185,0.001282999999978445
2243,4.487663214000349,0.06533285751710147,-0.7662216546122914,-2.1057558413101845,0.042794142081137104,-0.00870367788751653,0.0028965552016387537,0.16158199999999978,0.08867200000597067,-0.373340999998582,-0.004632999999999999,-0.0013480000000205185,0.001282999999978445
2244,4.489659824997943,0.3781748742555361,-0.44935362820271707,-2.0144865737328903,0.039223478241922884,-0.006009090975496148,0.00016374436864538154,0.16158199999999978,0.08867200000597067,-0.373340999998582,-0.004632999999999999,-0.0013480000000205185,0.001282999999978445
2245,4.491677696998522,-0.09088221790731245,-0.6836143189879765,-2.039714445025665,0.041002936436723106,-0.015189713198405622,-0.008277978236887865,0.08158199999999981,0.09867200000485116,-0.30333899999842207,-0.0006330000000000004,0.0026520000000114664,-0.0007169999999575874
2246,4.49366544100485,-0.25066606503530403,-0.4471720417233157,-2.8548950907415858,-0.004612394974925844,0.036898199326958425,-0.011450717963769282,0.08158199999999981,0.09867200000485116,-0.30333899999842207,-0.0006330000000000004,0.0026520000000114664,-0.0007169999999575874
2247,4.495657122999546,0.13434040122608534,-0.619270121069059,-1.874613716033752,0.036156303061264314,0.002708743247287422,0.006471531441602687,0.08158199999999981,0.09867200000485116,-0.30333899999842207,-0.0006330000000000004,0.0026520000000114664,-0.0007169999999575874
2248,4.497701985004824,-0.3511504817396003,-0.6590367484746609,-2.0321951315425393,0.043053014520714764,-0.012673232185400138,0.014712273869113333,0.08158199999999981,0.09867200000485116,-0.30333899999842207,-0.0006330000000000004,0.0026520000000114664,-0.0007169999999575874
2249,4.499662619004084,0.2635046067666793,-1.0714111266432245,-2.0582264893756843,0.056878418915167546,-0.0014837743476577472,0.0021451410199352155,0.15158199999999977,0.15867200000581075,-0.3633399999974625,-0.005632999999999999,0.0006519999999794816,0.0012830000000104307
2250,4.501668267999776,-0.3208401810395728,-1.1994405367193133,-1.8274058153676642,0.054136867926767404,-0.01972958669912907,0.01482848292673186,0.15158199999999977,0.15867200000581075,-0.3633399999974625,-0.005632999999999999,0.0006519999999794816,0.0012830000000104307
2251,4.503650702004961,-0.24062677133466864,-0.643642017016917,-1.8568834966755763,0.03918386358716827,-0.006373434180599883,-0.005655357949754606,0.15158199999999977,0.15867200000581075,-0.3633399999974625,-0.005632999999999999,0.0006519999999794816,0.0012830000000104307
2252,4.505674795000232,0.11767505108631875,-0.9247861580679099,-1.827103385090792,0.05108974186302823,-0.015354531931509843,-0.002606324958120388,0.15158199999999977,0.15867200000581075,-0.3633399999974625,-0.005632999999999999,0.0006519999999794816,0.0012830000000104307
2253,4.507673140004044,-0.08375074887262043,-0.7857106252149795,-1.8889168315870979,0.041150280834475646,-0.007594068085166856,0.002028691739036732,0.0915819999999997,0.12867200000725007,-0.45334099999794225,0.0013669999999999982,0.005652000000043451,-0.0027169999999096107
2254,4.509674991000793,-0.13159065768693498,-0.6103031822717013,-2.3286307870442617,0.02994198675044636,0.004739273883520683,0.00017651274204628518,0.0915819999999997,0.12867200000725007,-0.45334099999794225,0.0013669999999999982,0.005652000000043451,-0.0027169999999096107
2255,4.511659388997941,-0.20558478311261824,-0.7223524087959188,-1.996126779703494,0.04412983955975036,-0.017803471954844243,-0.0019947225160685967,0.0915819999999997,0.12867200000725007,-0.45334099999794225,0.0013669999999999982,0.005652000000043451,-0.0027169999999096107
2256,4.513670327003638,-0.08364672506132127,-1.1609256255345877,-1.9536052509397845,0.06153561607440059,-0.015715105425936435,-0.001845414949343152,0.0915819999999997,0.12867200000725007,-0.45334099999794225,0.0013669999999999982,0.005652000000043451,-0.0027169999999096107
2257,4.515666938998038,0.12132497878127063,-0.9546750094580223,-1.5721301164474362,0.04348467713854628,-0.006733170371683504,-0.0035127101438061515,0.11158199999999967,0.12867200000836954,-0.5233399999979423,0.003366999999999998,0.007652000000059445,-0.0037169999998776272
2258,4.517673900001682,0.14546560335735176,-0.8988386411887619,-1.847533372470909,0.05710070010078655,0.0005460441610983882,0.0014132289663404765,0.11158199999999967,0.12867200000836954,-0.5233399999979423,0.003366999999999998,0.007652000000059445,-0.0037169999998776272
2259,4.519664079001814,0.019707838348204464,-0.8648364262128971,-2.1414819009219324,0.03882188750709375,0.003058460844380775,-0.003032862349538397,0.11158199999999967,0.12867200000836954,-0.5233399999979423,0.003366999999999998,0.007652000000059445,-0.0037169999998776272
2260,4.521701226003643,0.07911405597203212,-0.46735073324497833,-1.9273294617708963,0.034488049702718244,0.0004608684049423711,0.0005060423760130937,0.11158199999999967,0.12867200000836954,-0.5233399999979423,0.003366999999999998,0.007652000000059445,-0.0037169999998776272
2261,4.5236751250049565,0.20897841378461512,-1.0978326059157801,-2.238649837755879,0.049537071302698354,0.004105488834691722,0.004069411446167194,0.14158199999999974,0.13867200000709012,-0.4433399999977824,-0.002633000000000001,0.002652000000027459,-0.0017169999999575862
2262,4.52566528400348,-0.16551729924799982,-1.0429726806092516,-1.9735176025153591,0.051802754011848286,-0.010341125165062411,0.009330925800932227,0.14158199999999974,0.13867200000709012,-0.4433399999977824,-0.002633000000000001,0.002652000000027459,-0.0017169999999575862
2263,4.527633092002361,0.0738637860710889,-0.6077643846211301,-2.015889947824801,0.03297037346877461,0.0038044354898480845,-0.0001791195558823998,0.14158199999999974,0.13867200000709012,-0.4433399999977824,-0.002633000000000001,0.002652000000027459,-0.0017169999999575862
2264,4.529674678000447,-0.10245763482244831,-0.6900190956677539,-2.479768831206412,0.032231094807382,0.01606282514952931,-0.012852858178611174,0.14158199999999974,0.13867200000709012,-0.4433399999977824,-0.002633000000000001,0.002652000000027459,-0.0017169999999575862
2265,4.531664857000578,-0.19475457212041286,-0.7478341429357852,-2.3846860406376362,0.04289882793123891,-0.01283072815956399,0.0010445419941617791,0.16158199999999978,0.12867200000581075,-0.3633399999979423,-0.005632999999999999,-0.0003480000000205185,0.0012829999999944381
2266,4.533672919002129,-0.2011765682933502,-0.6158631381694974,-2.0968878592648514,0.0460771343321023,-0.020098634032085533,0.0038451097334245444,0.16158199999999978,0.12867200000581075,-0.3633399999979423,-0.005632999999999999,-0.0003480000000205185,0.0012829999999944381
2267,4.535656145999383,0.17196398856333198,-0.4619628947844084,-2.127362952388612,0.02539878488189348,0.0019159499725532067,-0.010902409372368615,0.16158199999999978,0.12867200000581075,-0.3633399999979423,-0.005632999999999999,-0.0003480000000205185,0.0012829999999944381
2268,4.537666873999115,-0.13366728880010603,-0.8706701110654343,-2.094150917883353,0.04979320900801634,-0.01026889520322211,0.009341333522527766,0.16158199999999978,0.12867200000581075,-0.3633399999979423,-0.005632999999999999,-0.0003480000000205185,0.0012829999999944381
2269,4.53966375500022,-0.34161814724784667,-0.9222353714221159,-1.9237631851680779,0.04614584284124118,-0.019009224394117095,-0.0005400487845442399,0.1615819999999998,0.10867200000485117,-0.3033389999982622,-0.005632999999999998,-0.003348000000036511,0.0022829999999464602
2270,4.541661148003186,-0.17000356594046054,-0.5997370111213733,-2.755113776977139,0.022055044186315924,0.010920535662151641,-0.003463368201871025,0.1615819999999998,0.10867200000485117,-0.3033389999982622,-0.005632999999999998,-0.003348000000036511,0.0022829999999464602
2271,4.54365219900501,0.07346312810427512,-0.6378190597613123,-2.4194247700219345,0.0242327891853199,0.01034693553260944,-0.004752678866984353,0.1615819999999998,0.10867200000485117,-0.3033389999982622,-0.005632999999999998,-0.003348000000036511,0.0022829999999464602
2272,4.545656916001462,-0.24051466184019457,-0.7935697704982614,-2.138815486326654,0.047761170738028665,-0.015262649980116215,0.007139587190019904,0.1615819999999998,0.10867200000485117,-0.3033389999982622,-0.005632999999999998,-0.003348000000036511,0.0022829999999464602
2273,4.547664898003859,-0.019034158398387107,-1.1258003595839767,-2.290358794797877,0.04985347529027643,-0.00389647932935582,0.003565361547827454,0.18158199999999977,0.09867200000581072,-0.3633399999984221,-0.005632999999999998,-0.0043480000000525034,0.003282999999930468
2274,4.549675556001603,0.09563357344088073,-0.9293832952265,-1.7518888030668156,0.043283993732425925,-0.008658704708597741,0.008438186179443016,0.18158199999999977,0.09867200000581072,-0.3633399999984221,-0.005632999999999998,-0.0043480000000525034,0.003282999999930468
2275,4.5516549149979255,-0.2562038842915105,-1.301879269808893,-1.9864335656570975,0.07139558735666712,-0.008944683247228687,0.0025721334721622107,0.18158199999999977,0.09867200000581072,-0.3633399999984221,-0.005632999999999998,-0.0043480000000525034,0.003282999999930468
2276,4.553674590002629,-0.10456713027895902,-1.0170990559241164,-2.2913788807040536,0.03887258882222754,0.006638695961073985,0.004302468246399967,0.18158199999999977,0.09867200000581072,-0.3633399999984221,-0.005632999999999998,-0.0043480000000525034,0.003282999999930468
2277,4.555666543004918,-0.396399841003653,-0.4493071010949669,-1.8334883778633317,0.03227083789650585,-0.008684361972135868,0.009268621089210416,0.15158199999999972,0.11867200000709013,-0.44333999999810225,-0.006632999999999998,-0.0033480000000525034,0.003282999999946461
2278,4.557672111004649,-0.2557592181931212,-0.8176169686378493,-1.91583889859115,0.05288030712914266,-0.010812098588963929,0.010093177666036466,0.15158199999999972,0.11867200000709013,-0.44333999999810225,-0.006632999999999998,-0.0033480000000525034,0.003282999999946461
2279,4.559657680998498,-0.29490488007054705,-0.8747115264176294,-1.7246796019896624,0.04548059239781097,-0.011596655387466206,0.005729298784806944,0.15158199999999972,0.11867200000709013,-0.44333999999810225,-0.006632999999999998,-0.0033480000000525034,0.003282999999946461
2280,4.561663690001296,-0.4958826440738092,-1.0947404127781364,-1.9718709840404283,0.051460377301306225,-0.01568389588664787,-0.006314573751067062,0.15158199999999972,0.11867200000709013,-0.44333999999810225,-0.006632999999999998,-0.0033480000000525034,0.003282999999946461
2281,4.563660441999673,-0.04716565616880884,-0.9504100686740722,-2.158392281818132,0.04966488894919751,-0.005604315750631209,0.015020039889540497,0.0715819999999997,0.09867200000788975,-0.49333999999842204,0.0013669999999999995,0.0036520000000114664,-0.0007169999999415961
2282,4.565664157002175,0.3711556749304318,-1.172972020249396,-2.0133225598865527,0.055449211291271804,0.003966413493357176,0.0035474814078559373,0.0715819999999997,0.09867200000788975,-0.49333999999842204,0.0013669999999999995,0.0036520000000114664,-0.0007169999999415961
2283,4.567664966001757,0.2814059737987548,-0.8464279797858504,-1.9787568834512557,0.04530717379487379,0.006208956406098413,0.0009156616648066629,0.0715819999999997,0.09867200000788975,-0.49333999999842204,0.0013669999999999995,0.0036520000000114664,-0.0007169999999415961
2284,4.56968100299855,-0.255733078677776,-1.001346762156039,-2.0980802853985074,0.05395519871353001,-0.015039579045299425,0.011243963377320308,0.0715819999999997,0.09867200000788975,-0.49333999999842204,0.0013669999999999995,0.0036520000000114664,-0.0007169999999415961
2285,4.571669760000077,-0.1361296511812822,-0.5983921879994637,-2.8484778598760245,0.01496662006137953,0.016330634369872074,-0.00944551632850566,0.12158199999999976,0.11867200000597067,-0.37334099999810216,-0.004632999999999998,-0.0033480000000525034,0.00328299999994646
2286,4.573679566005012,0.0883787850887029,-1.10303213081893,-1.9901750249568897,0.05130181404240148,-0.006038850176472732,0.0047332246741264095,0.12158199999999976,0.11867200000597067,-0.37334099999810216,-0.004632999999999998,-0.0033480000000525034,0.00328299999994646
2287,4.5756691839997075,-0.11877326217090538,-0.48943344505080494,-2.19466824665008,0.03474432346455261,-0.01969092054914099,-0.000286305330985538,0.12158199999999976,0.11867200000597067,-0.37334099999810216,-0.004632999999999998,-0.0033480000000525034,0.00328299999994646
2288,4.577675394000835,-0.5407823923399082,-0.8837984739767493,-1.8959340721119657,0.03905536904519507,-0.016521244873132886,-0.000500081168354923,0.12158199999999976,0.11867200000597067,-0.37334099999810216,-0.004632999999999998,-0.0033480000000525034,0.00328299999994646
2289,4.579667928002891,-0.11376551933724459,-1.0333296778178753,-1.7772301191486735,0.05344555852073376,-0.015285371935774169,-0.0014258058316834392,0.08158199999999981,0.07867200000485117,-0.3033389999987419,0.0013669999999999995,0.0016520000000114668,-0.0007169999999735811
2290,4.581665300000168,0.16758455021831808,-1.0400762371096677,-2.047560571576813,0.05121241652787333,0.0044606756367122705,0.00872330660545667,0.08158199999999981,0.07867200000485117,-0.3033389999987419,0.0013669999999999995,0.0016520000000114668,-0.0007169999999735811
2291,4.583656602000701,0.2874730396206651,-0.5112435676457655,-2.4429652679441447,0.016429120881441626,0.025083496554154667,-0.006442725299898589,0.08158199999999981,0.07867200000485117,-0.3033389999987419,0.0013669999999999995,0.0016520000000114668,-0.0007169999999735811
2292,4.58563708300062,-0.11087048407950392,-0.8017436991452596,-2.5770978761779024,0.032101102680018985,0.008802671670333283,-0.005595744013057601,0.08158199999999981,0.07867200000485117,-0.3033389999987419,0.0013669999999999995,0.0016520000000114668,-0.0007169999999735811
2293,4.587642450998828,-0.05331013691406479,-0.8324896409923277,-1.88831582448989,0.044458266214451536,-0.011416728073288494,0.00047284305847679017,0.04158199999999989,0.07867200000277215,-0.17333999999874186,0.0033669999999999993,0.004652000000027459,-0.0017169999999256049
2294,4.589669719003723,0.3433616557279803,-0.9401100177006728,-2.0138907396160795,0.04914026658060917,0.0051083428706299745,0.010804672112911104,0.04158199999999989,0.07867200000277215,-0.17333999999874186,0.0033669999999999993,0.004652000000027459,-0.0017169999999256049
2295,4.591654850002669,-0.13067390137120347,-0.42579950966880853,-2.240049952886947,0.025275794774419463,0.007030141954115422,-0.009059253001290821,0.04158199999999989,0.07867200000277215,-0.17333999999874186,0.0033669999999999993,0.004652000000027459,-0.0017169999999256049
2296,4.593669945003057,0.11792911172683694,-0.7521413599240844,-2.192894475778645,0.03594750200234281,0.004632518541841585,-0.0021238576390425323,0.04158199999999989,0.07867200000277215,-0.17333999999874186,0.0033669999999999993,0.004652000000027459,-0.0017169999999256049
2297,4.595666717003041,-0.0967232902802573,-0.6855384386460983,-2.2022089213942366,0.037811715176737315,-0.014514148004372562,0.0025321319802994666,0.021581999999999824,0.06867200000453132,-0.28333999999890175,0.009366999999999999,0.009652000000059445,-0.003716999999845646
2298,4.597710196001572,0.17146744920937626,-0.8005529826453898,-1.9263022368838203,0.047127796177392246,-0.00019573515617963863,0.005359806006923195,0.021581999999999824,0.06867200000453132,-0.28333999999890175,0.009366999999999999,0.009652000000059445,-0.003716999999845646
2299,4.599665781002841,-0.10170100005597253,-1.0199618328176667,-2.024597799591636,0.05044862502087488,-0.006549432002996329,0.00869796077612844,0.021581999999999824,0.06867200000453132,-0.28333999999890175,0.009366999999999999,0.009652000000059445,-0.003716999999845646
2300,4.60167094800272,-0.1777133910470638,-0.7741211489673476,-2.419465821068761,0.029050517811749308,0.008811208683234307,-0.0006774696497288535,0.021581999999999824,0.06867200000453132,-0.28333999999890175,0.009366999999999999,0.009652000000059445,-0.003716999999845646
2301,4.603664303002006,-0.2033601329935933,-0.2879843337345904,-2.8738285199404445,0.009413849151859287,0.020513101358764156,-0.017978624294047695,0.08158199999999988,0.05867200000325194,-0.20334099999906174,0.004366999999999999,0.0036520000000114664,-0.000716999999941598
2302,4.605681533001189,-0.16176508186051253,-0.9062991905911312,-2.7713720150496015,0.013115068693896715,0.024756827685340533,-0.010036890334422836,0.08158199999999988,0.05867200000325194,-0.20334099999906174,0.004366999999999999,0.0036520000000114664,-0.000716999999941598
2303,4.607660041001509,0.060479773694011967,-0.6196254088445662,-2.7758709580060343,0.012186737922203364,0.022910991159853254,-0.011796754022491826,0.08158199999999988,0.05867200000325194,-0.20334099999906174,0.004366999999999999,0.0036520000000114664,-0.000716999999941598
2304,4.609666491000098,0.2947165580625732,-0.8206257596774187,-2.598957434459674,0.011358311528816363,0.029581099453145267,-0.011820962494016133,0.08158199999999988,0.05867200000325194,-0.20334099999906174,0.004366999999999999,0.0036520000000114664,-0.000716999999941598
2305,4.611663773001055,-0.27576804269465743,-0.589306590360531,-2.7081252596688468,0.00321506007697468,0.020251749832775442,-0.014515687928288442,0.1415819999999997,0.08867200000788976,-0.493339999998582,-0.0016330000000000003,0.0006520000000114666,-0.0007169999999895718
2306,4.613670042002923,0.7449390726897889,-0.7056491892167844,-2.7473126406132264,0.01614078267210427,0.047758937449598506,-0.003090146389155102,0.1415819999999997,0.08867200000788976,-0.493339999998582,-0.0016330000000000003,0.0006520000000114666,-0.0007169999999895718
2307,4.615657617003308,-0.13285012753744754,-0.7703811381722147,-2.4160330408890887,0.036453459383661395,0.003631709389733721,-0.006268887055608629,0.1415819999999997,0.08867200000788976,-0.493339999998582,-0.0016330000000000003,0.0006520000000114666,-0.0007169999999895718
2308,4.6176660300043295,-0.46857318387211205,-0.812439772265799,-2.1307688221834145,0.052190527843680626,-0.019613446394715586,0.011593747293531579,0.1415819999999997,0.08867200000788976,-0.493339999998582,-0.0016330000000000003,0.0006520000000114666,-0.0007169999999895718
2309,4.61973724100244,0.29474777652970957,-1.0639819493826805,-1.9075339161181115,0.05457262368489824,0.002582392147342134,0.0026797321400036014,0.11158199999999972,0.12867200000709014,-0.44333999999794227,-0.002633,0.002651999999995474,0.0002830000000424139
2310,4.621696112000791,-0.34777741045061644,-0.284049983099354,-2.2166868367997794,0.03203582485166841,-0.011770007754167958,-0.0014556566042669553,0.11158199999999972,0.12867200000709014,-0.44333999999794227,-0.002633,0.002651999999995474,0.0002830000000424139
2311,4.623658229000284,0.03334481135050907,-1.170852667434246,-2.2015323636315283,0.06305831871578563,-0.0006454888766497997,-0.0037447062454677095,0.11158199999999972,0.12867200000709014,-0.44333999999794227,-0.002633,0.002651999999995474,0.0002830000000424139
2312,4.62565635300416,-0.001810613912221453,-0.7695690792748691,-2.1442451262362856,0.046233171076211846,-0.004781772234337089,0.00541482825567619,0.11158199999999972,0.12867200000709014,-0.44333999999794227,-0.002633,0.002651999999995474,0.0002830000000424139
2313,4.627673303002666,0.17055314068793886,-0.71103437183259,-2.601629219164612,0.02904584196290694,0.009729001795124715,-0.003385017363423244,0.13158199999999978,0.10867200000533096,-0.3333399999982622,-0.003633,-0.00034800000000452595,0.0002829999999944369
2314,4.6296697840007255,-0.3700662189408141,-0.46883352536835987,-1.996009677907701,0.033230794609004084,-0.01467342256795134,0.0029493969029808333,0.13158199999999978,0.10867200000533096,-0.3333399999982622,-0.003633,-0.00034800000000452595,0.0002829999999944369
2315,4.631652499003394,0.1877968976204425,-1.1855685924880137,-2.161823659521842,0.059536492421224295,-0.003188513176050778,0.0034097060066824968,0.13158199999999978,0.10867200000533096,-0.3333399999982622,-0.003633,-0.00034800000000452595,0.0002829999999944369
2316,4.633650413001305,-0.008789285468800525,-0.8101740615758442,-2.1518420249567916,0.04360526081219164,-0.0016425490377122325,-0.005919403759418455,0.13158199999999978,0.10867200000533096,-0.3333399999982622,-0.003633,-0.00034800000000452595,0.0002829999999944369
2317,4.635665519002941,-0.33866321621833817,-0.8432712127199385,-2.078423540525694,0.05085066551531638,-0.017412918679778122,-0.005967094395679004,0.18158199999999977,0.1586720000054909,-0.3433399999974625,-0.007632999999999999,-0.0013480000000205185,0.001282999999978447
2318,4.637658534004004,-0.10609947091764675,-0.7018540427519919,-2.168713500920581,0.04389628899116206,-0.010749148127226734,-0.006189705966017528,0.18158199999999977,0.1586720000054909,-0.3433399999974625,-0.007632999999999999,-0.0013480000000205185,0.001282999999978447
2319,4.63965017600276,0.06595499091712023,-0.7517442861881216,-3.000050665239326,0.016762369505334194,0.03043987939380616,-0.00572623657879038,0.18158199999999977,0.1586720000054909,-0.3433399999974625,-0.007632999999999999,-0.0013480000000205185,0.001282999999978447
2320,4.641649862998747,-0.05434737117455013,-0.4778210908407597,-1.906131171175457,0.03778709092573964,-0.011116060056192692,0.007437134682712502,0.18158199999999977,0.1586720000054909,-0.3433399999974625,-0.007632999999999999,-0.0013480000000205185,0.001282999999978447
2321,4.643667723998078,-0.42703243802651564,-0.7770397286265578,-2.2604885077133265,0.04211079737285308,-0.023763143762483348,0.0018718729982864634,0.12158199999999982,0.06867200000453132,-0.2833399999989018,-0.002632999999999999,-0.0003480000000205184,0.0012829999999944364
2322,4.645688941003755,-0.1124257161330569,-1.0134773337133376,-2.2297794120601666,0.04637025901220149,0.0011241299091345404,0.005111605632151867,0.12158199999999982,0.06867200000453132,-0.2833399999989018,-0.002632999999999999,-0.0003480000000205184,0.0012829999999944364
2323,4.647656819004624,-0.37602950454413486,-0.785523861029315,-1.7382107670955511,0.05505401263883254,-0.025722862671905565,0.004266292818250033,0.12158199999999982,0.06867200000453132,-0.2833399999989018,-0.002632999999999999,-0.0003480000000205184,0.0012829999999944364
2324,4.649654232001922,-0.12021076310720559,-1.0282044038924845,-2.790813150345512,0.026219528359766084,0.007853293583974635,-0.0027531221723528657,0.12158199999999982,0.06867200000453132,-0.2833399999989018,-0.002632999999999999,-0.0003480000000205184,0.0012829999999944364
2325,4.651674758002628,-0.6678051770079662,-0.8662643905227858,-2.1100138053699147,0.04602920232253409,-0.030032734459862515,0.0033179091686294875,0.10158199999999987,0.08867200000357175,-0.22333899999858198,-0.004632999999999999,-0.0003480000000205185,0.0012829999999944377
2326,4.653667121005128,0.14981280099152194,-0.6765480463104366,-1.9565975148947239,0.03650442150176049,-0.011529690750295099,-0.005879654888045148,0.10158199999999987,0.08867200000357175,-0.22333899999858198,-0.004632999999999999,-0.0003480000000205185,0.0012829999999944377
2327,4.655660766999063,0.1921065026792196,-0.61409556897479,-1.8628996897810342,0.04103926485491436,0.0032967844733778747,0.003784705386455163,0.10158199999999987,0.08867200000357175,-0.22333899999858198,-0.004632999999999999,-0.0003480000000205185,0.0012829999999944377
2328,4.657650626002578,-0.2094921226679208,-0.8806990300506137,-1.760719431356706,0.04792435771587537,-0.010395064055745749,0.006136888972078015,0.10158199999999987,0.08867200000357175,-0.22333899999858198,-0.004632999999999999,-0.0003480000000205185,0.0012829999999944377
2329,4.65966222499992,-0.04959165021397383,-0.6074601797038703,-2.3145598346190606,0.02063237932002799,0.0071326445253159475,0.001185602980849533,0.02158199999999991,0.08867200000229236,-0.1433389999985819,0.0023669999999999984,0.006652000000043451,-0.0027169999998936187
2330,4.661668565000582,0.09368436306786297,-0.7573276285799642,-1.9782736739797062,0.04798149238832025,-0.0007833030464131033,-0.0002375367454846834,0.02158199999999991,0.08867200000229236,-0.1433389999985819,0.0023669999999999984,0.006652000000043451,-0.0027169999998936187
2331,4.663647243003652,-0.34171396832631407,-0.6191647273918391,-1.8510080317348694,0.04101513303893402,-0.01518910736125668,0.006365059944950027,0.02158199999999991,0.08867200000229236,-0.1433389999985819,0.0023669999999999984,0.006652000000043451,-0.0027169999998936187
2332,4.665673850002349,-0.0671263686119281,-0.9489254443994588,-1.7787178497000642,0.053448313285632355,-0.0065580845811556675,0.0005956416385364604,0.02158199999999991,0.08867200000229236,-0.1433389999985819,0.0023669999999999984,0.006652000000043451,-0.0027169999998936187
2333,4.667656245001126,0.21528957706437318,-0.7606180173788155,-1.8176435668309543,0.041087666088565275,-0.003539158283463546,0.01097397059971503,0.09158199999999989,0.06867200000293207,-0.18333999999890183,0.0003669999999999989,0.0016520000000274592,-0.0017169999999735806
2334,4.669669568000245,0.28954955546148553,-0.5737689343479441,-2.6669509184978337,0.020481911154751883,0.017960264612039048,-0.0018736321925757467,0.09158199999999989,0.06867200000293207,-0.18333999999890183,0.0003669999999999989,0.0016520000000274592,-0.0017169999999735806
2335,4.6716581040018355,0.056532159647682476,-0.24118189407156737,-2.738461453322748,-0.00456511208295677,0.025581790822324025,-0.008095262737462137,0.09158199999999989,0.06867200000293207,-0.18333999999890183,0.0003669999999999989,0.0016520000000274592,-0.0017169999999735806
2336,4.673635389000992,0.3492522744651823,-0.6464995593904319,-2.8100696125681064,0.005747795784139361,0.04077890426857763,-0.006660620012643648,0.09158199999999989,0.06867200000293207,-0.18333999999890183,0.0003669999999999989,0.0016520000000274592,-0.0017169999999735806
2337,4.675657487998251,0.1474729856664425,-0.4753507190837263,-2.9219556955934918,0.0008772911741275872,0.03775522908499623,-0.013213101000248978,0.09158199999999984,0.08867200000373168,-0.23333899999858196,-0.003633,0.0006519999999954741,0.0002830000000104294
2338,4.677678395004477,0.14004866802935342,-0.718078852573937,-2.8244492505124397,0.020074395169654924,0.031062035724823887,-0.0010399248683603316,0.09158199999999984,0.08867200000373168,-0.23333899999858196,-0.003633,0.0006519999999954741,0.0002830000000104294
2339,4.6796472540008835,-0.3411244658724092,-0.6438684569105152,-2.8044393259693203,0.002802732270813437,0.01915049279649534,-0.016487746126597334,0.09158199999999984,0.08867200000373168,-0.23333899999858196,-0.003633,0.0006519999999954741,0.0002830000000104294
2340,4.681662230002985,0.02558792118043868,-0.3870421086700241,-2.2531378118492245,0.028058350989873703,-0.014960878275225506,0.002828525766118129,0.09158199999999984,0.08867200000373168,-0.23333899999858196,-0.003633,0.0006519999999954741,0.0002830000000104294
2341,4.683652159001213,-0.07798129739971683,-0.930979232901199,-2.138660171333042,0.047432589504226956,-0.004031646565230127,-0.0014821469294814824,0.061581999999999804,0.06867200000485116,-0.30333899999890185,0.0023669999999999984,0.004652000000043451,-0.002716999999925604
2342,4.685671803003061,0.3143091216177766,-0.7038773461286756,-2.059931939569873,0.038171702264752486,0.009345979450245888,-0.0049114081219183954,0.061581999999999804,0.06867200000485116,-0.30333899999890185,0.0023669999999999984,0.004652000000043451,-0.002716999999925604
2343,4.687646534002852,-0.3484155273958373,-0.7715231962361155,-2.202063672485796,0.04402191309429377,-0.02410282284124536,0.0072794988768667196,0.061581999999999804,0.06867200000485116,-0.30333899999890185,0.0023669999999999984,0.004652000000043451,-0.002716999999925604
2344,4.68963140300184,-0.02470746395101463,-0.787170633858565,-2.003387252557875,0.04222974606849479,-0.013469677009313168,0.006510101318857885,0.061581999999999804,0.06867200000485116,-0.30333899999890185,0.0023669999999999984,0.004652000000043451,-0.002716999999925604
2345,4.691655086004175,-0.029422577265559573,-0.6141014868684891,-2.5485301647519267,0.01842130934611086,0.0009303403079361591,-0.006718943207138797,0.09158199999999991,0.058672000001972535,-0.12334099999906174,-0.004632999999999999,-0.002348000000020518,0.0012829999999624524
2346,4.693667346000439,-0.4946969892130947,-0.9844208194807155,-3.1214929751015754,0.009223521398324627,0.01814840390421514,-0.01049573831606844,0.09158199999999991,0.058672000001972535,-0.12334099999906174,-0.004632999999999999,-0.002348000000020518,0.0012829999999624524
2347,4.695646154003043,-0.13436217836109943,-0.8749935143723445,-1.966520331424881,0.04150066008346102,-0.0005821669401389042,-0.004790610319069445,0.09158199999999991,0.058672000001972535,-0.12334099999906174,-0.004632999999999999,-0.002348000000020518,0.0012829999999624524
2348,4.697686106002948,0.25407908036958327,-0.8230784643011639,-2.5406719025518987,0.04524954535139345,-0.0017015959294702384,0.0026575094155011658,0.09158199999999991,0.058672000001972535,-0.12334099999906174,-0.004632999999999999,-0.002348000000020518,0.0012829999999624524
2349,4.699674943003629,0.4457912063899203,-1.1492520023456245,-2.0315495094621396,0.051552732091758126,0.0047689552304383,0.011820129417578972,0.08158199999999981,0.03867200000501109,-0.3133389999993816,-0.0016329999999999997,0.0006519999999954741,0.0002830000000104282
2350,4.70167160499841,0.031110718565199605,-0.8394705220128377,-2.1337300651490807,0.04477511157963433,-0.008960592436369227,-0.00664918693654186,0.08158199999999981,0.03867200000501109,-0.3133389999993816,-0.0016329999999999997,0.0006519999999954741,0.0002830000000104282
2351,4.703666703004274,-0.1610429567603622,-0.8909351728229901,-2.0860885021201345,0.052946248831922664,-0.018763284311534074,0.0023177087714609675,0.08158199999999981,0.03867200000501109,-0.3133389999993816,-0.0016329999999999997,0.0006519999999954741,0.0002830000000104282
2352,4.7056367350014625,-0.2992484088883997,-0.5854186439338266,-1.8750795319713864,0.04166003953967686,-0.014806631660164844,0.014664450153177274,0.08158199999999981,0.03867200000501109,-0.3133389999993816,-0.0016329999999999997,0.0006519999999954741,0.0002830000000104282
2353,4.707650579002802,0.25076462483878975,-0.5835026140896351,-2.634565660052711,0.01711759127091638,0.025025802419144615,-0.00432585482197593,0.11158199999999972,0.08867200000693021,-0.43333999999858197,-0.003633,-0.00034800000000452595,0.0002829999999944369
2354,4.709646529001475,-0.3408745480793523,-0.6300864125128318,-2.5819883397733885,0.005289747171099818,0.01650259517383748,-0.014280032997786879,0.11158199999999972,0.08867200000693021,-0.43333999999858197,-0.003633,-0.00034800000000452595,0.0002829999999944369
2355,4.711660202003259,-0.022959521149776937,-0.38241539342739966,-2.8057403890373265,0.0025494865310630352,0.014703432549504403,0.005536565726248775,0.11158199999999972,0.08867200000693021,-0.43333999999858197,-0.003633,-0.00034800000000452595,0.0002829999999944369
2356,4.713676430001215,-0.0821582508158923,-0.8389576415271521,-2.702693386640128,0.02054200891191829,0.015684393850777967,-0.0018801998934251715,0.11158199999999972,0.08867200000693021,-0.43333999999858197,-0.003633,-0.00034800000000452595,0.0002829999999944369
2357,4.715666479001811,-0.5449565892366853,-0.789363664665791,-2.82567948236591,0.020830202984877113,0.012097133851041808,-0.013407392660065794,0.051581999999999774,0.05867200000581073,-0.3633399999990617,0.00036699999999999884,0.0036520000000274592,-0.0017169999999415955
2358,4.7176783090035315,-0.015339711836656411,-0.29285670234240946,-2.7068135515465865,-0.0001295056257138938,0.023601528237456128,-0.008972614326458316,0.051581999999999774,0.05867200000581073,-0.3633399999990617,0.00036699999999999884,0.0036520000000274592,-0.0017169999999415955
2359,4.7196547929997905,-0.12679501479443134,-0.6328022409650631,-2.7334806970716334,0.006223298895627506,0.02188627421269357,-0.007383492033713506,0.051581999999999774,0.05867200000581073,-0.3633399999990617,0.00036699999999999884,0.0036520000000274592,-0.0017169999999415955
2360,4.721699524001451,0.11137594088882004,-1.167506860373843,-2.0703471792242967,0.06010911339539621,1.8038830526421883e-05,0.0072753579169320985,0.051581999999999774,0.05867200000581073,-0.3633399999990617,0.00036699999999999884,0.0036520000000274592,-0.0017169999999415955
2361,4.723701996001182,-0.2042046543138086,-0.6798538143756137,-2.2558359694940675,0.0409717647846474,-0.01444903685676298,0.0037752812739378612,0.09158199999999977,0.05867200000565081,-0.35333999999906174,0.0003669999999999995,0.0036520000000114664,-0.0007169999999415954
2362,4.725668801998836,0.12799293720923594,-0.9199690682308623,-2.268572068198219,0.04754362199365294,-0.002659136380255613,0.0024235836273839777,0.09158199999999977,0.05867200000565081,-0.35333999999906174,0.0003669999999999995,0.0036520000000114664,-0.0007169999999415954
2363,4.7276556650031125,-0.20447342800815477,-1.1624640038640137,-2.180955996464339,0.05430527973765714,-0.0014179509582303454,0.003970153246066218,0.09158199999999977,0.05867200000565081,-0.35333999999906174,0.0003669999999999995,0.0036520000000114664,-0.0007169999999415954
2364,4.729668687003141,-0.43031955725029103,-1.102331464970777,-2.152759212064015,0.05540496579128376,-0.019840905544626357,0.0006382679960614417,0.09158199999999977,0.05867200000565081,-0.35333999999906174,0.0003669999999999995,0.0036520000000114664,-0.0007169999999415954
2365,4.731674776005093,-0.3452911189162655,-0.943797180615587,-2.231471568054034,0.04788664059054524,-0.014400844757864332,0.004817399955350084,0.10158199999999964,0.0786720000093291,-0.5833399999987419,0.0013669999999999995,0.0066520000000114664,-0.0007169999998936185
2366,4.733677609001461,0.054057930400320184,-1.0591787120828973,-2.133981686276319,0.05155887972041021,0.0013547716581911906,0.007931159451175987,0.10158199999999964,0.0786720000093291,-0.5833399999987419,0.0013669999999999995,0.0066520000000114664,-0.0007169999998936185
2367,4.735653511997953,0.006288435494857952,-0.8511277737933187,-2.2241597116281295,0.041145961099469094,-0.004021200338643114,0.0025559925594778985,0.10158199999999964,0.0786720000093291,-0.5833399999987419,0.0013669999999999995,0.0066520000000114664,-0.0007169999998936185
2368,4.737668488000054,0.32862772128269113,-0.881540942160589,-1.9181993821766137,0.041266798567359514,0.014176050044255787,0.007707494557413219,0.10158199999999964,0.0786720000093291,-0.5833399999987419,0.0013669999999999995,0.0066520000000114664,-0.0007169999998936185
2369,4.739652805998048,-0.5152506553852073,-0.7421036074857175,-2.0927790359283414,0.039011209521783836,-0.022311108691711035,0.005185415255211311,0.1315819999999997,0.07867200000772982,-0.4833389999987419,-0.002632999999999999,-0.0003480000000205184,0.0012829999999944364
2370,4.741671679003048,0.06672089688776285,-0.8788586123546684,-2.136239133408278,0.04633484432280837,-0.008778632904888924,0.006342612984358338,0.1315819999999997,0.07867200000772982,-0.4833389999987419,-0.002632999999999999,-0.0003480000000205184,0.0012829999999944364
2371,4.743649786003516,-0.08635339370409102,-0.7348197554845667,-2.7785106780326303,0.02146607177313893,0.018442630613572764,-0.003196403457020028,0.1315819999999997,0.07867200000772982,-0.4833389999987419,-0.002632999999999999,-0.0003480000000205184,0.0012829999999944364
2372,4.745662868001091,-0.22335265929129453,-0.7275485249399405,-2.630543867179265,0.022506497708496415,0.01784594641366813,-0.0063016029027081165,0.1315819999999997,0.07867200000772982,-0.4833389999987419,-0.002632999999999999,-0.0003480000000205184,0.0012829999999944364
2373,4.74766995900427,0.1306402239853324,-0.8489515884074237,-1.5005772996523028,0.049402683968531216,-0.00423689460257859,0.005726345543482393,0.1315819999999998,0.0786720000050111,-0.3133389999987419,-0.004632999999999999,-0.002348000000020518,0.0012829999999624524
2374,4.74967207100417,-0.12760014073367934,-0.8005838067068157,-1.9922778553504896,0.051961037749262945,-0.01452699572175699,0.003682154579579133,0.1315819999999998,0.0786720000050111,-0.3133389999987419,-0.004632999999999999,-0.002348000000020518,0.0012829999999624524
2375,4.751662230002694,0.008363435162424129,-0.5663399754926607,-2.121634102041767,0.04110694150969781,0.0024313378572997147,0.003111682349250136,0.1315819999999998,0.0786720000050111,-0.3133389999987419,-0.004632999999999999,-0.002348000000020518,0.0012829999999624524
2376,4.753675642998132,0.19262202491233557,-1.1090992859825863,-1.944171072631566,0.05691496188347396,0.00021572234063306028,0.016480640061456216,0.1315819999999998,0.0786720000050111,-0.3133389999987419,-0.004632999999999999,-0.002348000000020518,0.0012829999999624524
2377,4.755663928001013,-0.12357662792857803,-1.2720155289454844,-2.011751808514045,0.05850307491333803,-0.016142168447908018,0.007751737118604643,0.08158199999999984,0.07867200000437141,-0.2733399999987419,0.00036699999999999954,0.0026520000000114664,-0.0007169999999575879
2378,4.757678323003347,-0.47422244347162446,-0.8042091618767129,-2.151494677528055,0.028199296077067875,0.007887661385241614,-0.008560337917477009,0.08158199999999984,0.07867200000437141,-0.2733399999987419,0.00036699999999999954,0.0026520000000114664,-0.0007169999999575879
2379,4.759662030002801,-0.2907850352504896,-0.7649493201283373,-2.3688155601240415,0.018314778250109725,0.02373159851820098,-0.004523531290729337,0.08158199999999984,0.07867200000437141,-0.2733399999987419,0.00036699999999999954,0.0026520000000114664,-0.0007169999999575879
2380,4.761674501998641,-0.29079178264304684,-0.8789865122667763,-3.04075995354175,0.021341476685984927,0.012081752533279531,-0.012059388117380904,0.08158199999999984,0.07867200000437141,-0.2733399999987419,0.00036699999999999954,0.0026520000000114664,-0.0007169999999575879
2381,4.7636789480020525,0.02151266353462547,-0.6951233852464932,-2.5847487648659926,0.013016322282321894,0.030705459452955018,-0.01303333190284874,0.07158199999999998,0.07867200000069313,-0.04334099999874188,-0.003632999999999999,-0.002348000000020518,0.001282999999962452
2382,4.7656825720041525,-0.10086298890464875,-1.0143524519796683,-2.5655165848072445,0.029946613559522096,0.03027216585159496,-0.015499632802332798,0.07158199999999998,0.07867200000069313,-0.04334099999874188,-0.003632999999999999,-0.002348000000020518,0.001282999999962452
2383,4.767656039999565,-0.13736918637917236,-0.34398067925883946,-2.4836845742060434,0.0017076041852180468,0.023305322601615195,-0.0041882808745886055,0.07158199999999998,0.07867200000069313,-0.04334099999874188,-0.003632999999999999,-0.002348000000020518,0.001282999999962452
2384,4.769639566999103,-0.4655300637297353,-0.6788496654525126,-2.673963268708433,0.01478227288150996,0.016648753253817806,-0.01213239271374474,0.07158199999999998,0.07867200000069313,-0.04334099999874188,-0.003632999999999999,-0.002348000000020518,0.001282999999962452
2385,4.77166469200165,-0.14751402500141392,-0.7448379160162293,-2.671566951821501,0.013032476741891058,0.02088558890616141,-0.007398794964065815,0.0915819999999998,0.08867200000485116,-0.303338999998582,-0.002633,0.0006519999999954741,0.00028300000001042877
2386,4.773674668002059,0.0997945312265474,-0.6777968751337485,-2.4698368403390125,0.019421928264213385,0.02434610096704497,0.0007105707066909005,0.0915819999999998,0.08867200000485116,-0.303338999998582,-0.002633,0.0006519999999954741,0.00028300000001042877
2387,4.775655789999291,-0.28744094232528977,-0.9826936398135446,-1.9681297255039287,0.052611101610696195,-0.01768667505527757,0.016796907786729206,0.0915819999999998,0.08867200000485116,-0.303338999998582,-0.002633,0.0006519999999954741,0.00028300000001042877
2388,4.777663212000334,0.09911185125673574,-0.2658037198371465,-1.9648489017974515,0.03758020927111892,-0.00036094369479552804,0.008979868596365648,0.0915819999999998,0.08867200000485116,-0.303338999998582,-0.002633,0.0006519999999954741,0.00028300000001042877
2389,4.779670873998839,0.1662792642630497,-0.8564966458295651,-2.073543050239328,0.042990785785464815,-0.005997205347935829,0.0031152966624742678,0.1215819999999999,0.10867200000261222,-0.16333999999826215,-0.004633000000000001,-0.0003479999999885334,-0.0007170000000055625
2390,4.781676512000558,0.3250770864850327,-0.8100512999340911,-1.8413047054554663,0.04876685374018243,-0.001476997452511465,0.01235472223407234,0.1215819999999999,0.10867200000261222,-0.16333999999826215,-0.004633000000000001,-0.0003479999999885334,-0.0007170000000055625
2391,4.783661622001091,-0.19909811286475404,-0.9143931540768937,-1.9644420450385385,0.05085215165973898,-0.011658529684583835,0.008842518217307834,0.1215819999999999,0.10867200000261222,-0.16333999999826215,-0.004633000000000001,-0.0003479999999885334,-0.0007170000000055625
2392,4.785654086001159,-0.5173420093434457,-0.5711126926995527,-2.8912890772557183,0.010424823720320357,0.012918089924246522,-0.008508651542968275,0.1215819999999999,0.10867200000261222,-0.16333999999826215,-0.004633000000000001,-0.0003479999999885334,-0.0007170000000055625
2393,4.787655325999367,-0.005164223171873855,-0.8213646170303802,-2.822789620743399,0.018102297898733834,0.022307457314401025,-0.005287230875261903,0.12158199999999986,0.12867200000341186,-0.2133409999979423,-0.005633,-0.0023480000000045257,0.00028299999996245304
2394,4.7896675470037735,-0.43854456114053114,-0.46543766006849396,-2.636122028860732,-0.0007694105039640252,0.02988867767440679,-0.007622141067143155,0.12158199999999986,0.12867200000341186,-0.2133409999979423,-0.005633,-0.0023480000000045257,0.00028299999996245304
2395,4.791651174004073,-0.03070484041708209,-1.021536796398311,-2.063652868589923,0.03728188166802656,0.005321109267248881,-0.00014903327720251563,0.12158199999999986,0.12867200000341186,-0.2133409999979423,-0.005633,-0.0023480000000045257,0.00028299999996245304
2396,4.793679825001163,-0.5188357449250375,-1.1168501139027418,-1.8972299880121135,0.05570099661370739,-0.02328929961809301,-0.0037554101875171314,0.12158199999999986,0.12867200000341186,-0.2133409999979423,-0.005633,-0.0023480000000045257,0.00028299999996245304
2397,4.795678891001444,-0.312837431452293,-0.9764894074203647,-2.17348359602016,0.052536459729884535,-0.013356631703289672,0.00809528078002152,0.13158199999999987,0.11867200000325194,-0.2033409999981022,-0.005633,-0.00034800000000452595,0.00028299999999443815
2398,4.797678597999038,-0.40582985003651656,-0.6888380362404676,-1.9558818271135527,0.03652271120548994,-0.0029658140875899333,0.0019587827123054347,0.13158199999999987,0.11867200000325194,-0.2033409999981022,-0.005633,-0.00034800000000452595,0.00028299999999443815
2399,4.799705766999978,-0.2917974834758594,-0.7770507465348011,-1.8312260114148624,0.04737888188598622,-0.014370351977257579,-0.00035960799503494974,0.13158199999999987,0.11867200000325194,-0.2033409999981022,-0.005633,-0.00034800000000452595,0.00028299999999443815
2400,4.801670048000233,-0.3015364681180474,-1.0222523147720406,-1.8439834306364584,0.05669419702987618,-0.013963011014338288,0.014111043027800538,0.13158199999999987,0.11867200000325194,-0.2033409999981022,-0.005633,-0.00034800000000452595,0.00028299999999443815
2401,4.803667851003411,0.08515508012907848,-0.5090547588486753,-2.5419321384698055,0.014570721430994613,0.021067509095656946,-0.0023503718283911044,0.16158199999999975,0.12867200000613058,-0.3833389999979423,-0.004632999999999999,-0.0013480000000205185,0.001282999999978445
2402,4.805681354002445,0.46857785163230536,-0.8797047946818481,-1.7399331569630123,0.05330062729450078,0.005299936467656512,0.020550950353354802,0.16158199999999975,0.12867200000613058,-0.3833389999979423,-0.004632999999999999,-0.0013480000000205185,0.001282999999978445
2403,4.807651185001305,0.0859637638041711,-0.9440774810707246,-1.975850116622212,0.04751545244932733,-0.00997086383514483,0.011281562820246106,0.16158199999999975,0.12867200000613058,-0.3833389999979423,-0.004632999999999999,-0.0013480000000205185,0.001282999999978445
2404,4.8096601799989,-0.2670405789900141,-0.9441410296356432,-2.0616907968710456,0.04278728222412695,-0.01286818594344507,0.011764830411991984,0.16158199999999975,0.12867200000613058,-0.3833389999979423,-0.004632999999999999,-0.0013480000000205185,0.001282999999978445
2405,4.811655629004235,0.3223486778251889,-0.4972858019554316,-1.3712605205226196,0.03032007430102971,0.001315350619463095,0.0029243227304570096,0.11158199999999975,0.09867200000629049,-0.39333899999842203,-0.0016329999999999997,0.0016519999999954741,0.0002830000000264207
2406,4.813667078000435,0.049176600698690356,-1.0461368739415162,-1.7634293579451958,0.05542967485471302,-0.0054256777137645365,0.00327739944028462,0.11158199999999975,0.09867200000629049,-0.39333899999842203,-0.0016329999999999997,0.0016519999999954741,0.0002830000000264207
2407,4.81564932299807,-0.4843357966580958,-0.6729318576796522,-2.3371417429969363,0.014394865660539454,0.0025553214823085643,-0.008361962401628835,0.11158199999999975,0.09867200000629049,-0.39333899999842203,-0.0016329999999999997,0.0016519999999954741,0.0002830000000264207
2408,4.817677393002668,-0.2700554204602923,-0.5312766595185935,-2.784434910556822,0.006919454904652633,0.02337745125964342,-0.012883118971463948,0.11158199999999975,0.09867200000629049,-0.39333899999842203,-0.0016329999999999997,0.0016519999999954741,0.0002830000000264207
2409,4.8197069660018315,-0.31395613492612495,-0.5971708577695791,-2.8444398068032,0.01191073871331596,0.007514727243932043,-0.007992571154109214,0.1315819999999998,0.10867200000517102,-0.32333899999826216,-0.005632999999999998,-0.002348000000036511,0.002282999999962453
2410,4.821694559999742,-0.962228174598701,-0.8516840780653742,-2.555396118269957,0.02505255193365098,0.0038331420015875434,-0.007190026371414138,0.1315819999999998,0.10867200000517102,-0.32333899999826216,-0.005632999999999998,-0.002348000000036511,0.002282999999962453
2411,4.823668169003213,-0.29729900548726584,-0.7502263270912675,-2.5381024609923335,0.027607333554508753,0.008971298350118114,-0.0020202647012627834,0.1315819999999998,0.10867200000517102,-0.32333899999826216,-0.005632999999999998,-0.002348000000036511,0.002282999999962453
2412,4.825644372001989,-0.3059299072046207,-0.9912480262454255,-2.090700147848718,0.05199511667274101,-0.012736527645264483,0.004524012782148298,0.1315819999999998,0.10867200000517102,-0.32333899999826216,-0.005632999999999998,-0.002348000000036511,0.002282999999962453
2413,4.827674897001998,-0.1363312476336809,-0.9810712993756985,-2.008580733569256,0.04250850571758967,-0.007310171423186947,0.010121669234998885,0.1315819999999997,0.09867200000741,-0.46334099999842204,-0.003632999999999999,0.0006519999999794816,0.0012830000000104294
2414,4.829685785000038,0.2663375497977293,-0.8437340377110353,-1.9084880839437144,0.04159269054384134,-0.0011249104972370168,-0.0011690573295707982,0.1315819999999997,0.09867200000741,-0.46334099999842204,-0.003632999999999999,0.0006519999999794816,0.0012830000000104294
2415,4.831657820002874,-0.29015317944650615,-1.053746359870147,-2.0085143192739006,0.06087035066770896,-0.022150230917003664,0.00898532434828005,0.1315819999999997,0.09867200000741,-0.46334099999842204,-0.003632999999999999,0.0006519999999794816,0.0012830000000104294
2416,4.833666493999772,-0.01713976387906275,-0.7217063934494258,-2.488848962830002,0.019851686354831956,0.01718621128665862,0.0020489358477846927,0.1315819999999997,0.09867200000741,-0.46334099999842204,-0.003632999999999999,0.0006519999999794816,0.0012830000000104294
2417,4.8356732050015125,-0.657855079321702,-1.0739426060220998,-1.9601302287638191,0.049059083550526586,-0.029071542713109872,0.0009556812626131287,0.14158199999999982,0.13867200000501106,-0.31333899999778236,-0.004632999999999999,-0.0013480000000205185,0.001282999999978445
2418,4.837677651004924,0.008822348417138519,-1.114713885517567,-1.8269483231956187,0.058217893920637594,-0.014401378804479465,0.003971608872076504,0.14158199999999982,0.13867200000501106,-0.31333899999778236,-0.004632999999999999,-0.0013480000000205185,0.001282999999978445
2419,4.8396534729981795,-0.2206842757359063,-1.594322484793948,-1.6669170518902485,0.06773657051616944,-0.007506254214856098,0.004923066406494982,0.14158199999999982,0.13867200000501106,-0.31333899999778236,-0.004632999999999999,-0.0013480000000205185,0.001282999999978445
2420,4.841672385999118,0.013740768406710626,-0.5559538883972218,-1.6392901193574716,0.034049885928574886,-0.004937106153117483,0.011680432190971429,0.14158199999999982,0.13867200000501106,-0.31333899999778236,-0.004632999999999999,-0.0013480000000205185,0.001282999999978445
2421,4.843664498999715,-0.6947230884813778,-0.5922968479579717,-2.0487646517985754,0.029015470057394372,-0.005948263517416864,0.0043779981731902,0.13158199999999984,0.10867200000405156,-0.2533399999982622,-0.002633,0.0006519999999954741,0.00028300000001042877
2422,4.845660559003591,-0.2948445683674948,-0.7568615300850968,-1.6818059715089289,0.03673558543071228,-0.01553501119593485,0.0017793640525444073,0.13158199999999984,0.10867200000405156,-0.2533399999982622,-0.002633,0.0006519999999954741,0.00028300000001042877
2423,4.847659315004421,-0.449949178852371,-0.8351146440681178,-1.8882763585390134,0.04560307145353736,-0.015527652791916388,0.006203720612437728,0.13158199999999984,0.10867200000405156,-0.2533399999982622,-0.002633,0.0006519999999954741,0.00028300000001042877
2424,4.849669180999626,-0.45431419807347456,-1.2489324766480479,-2.2803659020723455,0.05379589492669024,-0.017271292210493405,-0.0008017328377722879,0.13158199999999984,0.10867200000405156,-0.2533399999982622,-0.002633,0.0006519999999954741,0.00028300000001042877
2425,4.851661633998447,-0.24203772020882586,-1.1893109493098324,-2.0083024489950296,0.060753789866028154,-0.004845794965542938,0.005170895968870846,0.061581999999999804,0.0786720000050111,-0.3133389999987419,0.0023669999999999984,0.007652000000043451,-0.0027169999998776263
2426,4.853674406003847,0.053485580341547004,-0.6350864322866786,-1.8098619295474303,0.043845051610731094,-0.009205580206325913,0.004089424615003024,0.061581999999999804,0.0786720000050111,-0.3133389999987419,0.0023669999999999984,0.007652000000043451,-0.0027169999998776263
2427,4.855656961000932,-0.41133205557573915,-1.0189194270942858,-1.9359741909123727,0.05559363236559873,-0.02443976451897885,0.006714474352814511,0.061581999999999804,0.0786720000050111,-0.3133389999987419,0.0023669999999999984,0.007652000000043451,-0.0027169999998776263
2428,4.857671304998803,0.18445945534058164,-0.5611251980583062,-2.9386180522070267,0.014661458864705799,0.014803137394980279,-0.0040098446130053065,0.061581999999999804,0.0786720000050111,-0.3133389999987419,0.0023669999999999984,0.007652000000043451,-0.0027169999998776263
2429,4.8596651519983425,-0.11592091652962452,-0.5696898489871115,-2.992862756390259,0.01676524840761314,0.01506844059582148,-0.00576223101070905,0.12158199999999973,0.08867200000677028,-0.42333999999858196,-0.0006330000000000011,0.0036520000000274592,-0.0017169999999415949
2430,4.861673225001141,-0.006259489542540687,-0.8606030366462033,-1.9468409965816362,0.04823955732886479,-0.006771286241618273,-0.001888306293289351,0.12158199999999973,0.08867200000677028,-0.42333999999858196,-0.0006330000000000011,0.0036520000000274592,-0.0017169999999415949
2431,4.863654578002752,-0.7697859477481898,-0.9596864048573436,-1.896932904816916,0.05497051495671965,-0.02779712582391013,0.0018306879119216546,0.12158199999999973,0.08867200000677028,-0.42333999999858196,-0.0006330000000000011,0.0036520000000274592,-0.0017169999999415949
2432,4.865656419002335,-0.1622643664834765,-1.0787344969173593,-2.1024211519920364,0.0438871288694187,-0.006849849598845469,-0.0038129730984107144,0.12158199999999973,0.08867200000677028,-0.42333999999858196,-0.0006330000000000011,0.0036520000000274592,-0.0017169999999415949
2433,4.867670512998302,-0.5769904984871647,-1.094000900711926,-2.095880440234569,0.05715364169962374,-0.018910973818680413,0.006875971280854546,0.1715819999999997,0.13867200000740998,-0.4633409999977824,-0.004632999999999999,-0.0003480000000205185,0.0012829999999944377
2434,4.869663417004631,0.283237120654793,-0.7460965260591177,-2.1565026854711413,0.04331465309695431,0.0011043715897636243,0.009122109832742774,0.1715819999999997,0.13867200000740998,-0.4633409999977824,-0.004632999999999999,-0.0003480000000205185,0.0012829999999944377
2435,4.871652485002414,-0.28917929367885264,-1.0275531168190735,-1.860404010202071,0.045832743407177017,-0.008585795475101032,0.004964672561378106,0.1715819999999997,0.13867200000740998,-0.4633409999977824,-0.004632999999999999,-0.0003480000000205185,0.0012829999999944377
2436,4.873672580004495,-0.05587586049029602,-0.6386272759080169,-2.2989713439184363,0.021512802111977397,0.023510997515520382,-0.008491596055071236,0.1715819999999997,0.13867200000740998,-0.4633409999977824,-0.004632999999999999,-0.0003480000000205185,0.0012829999999944377
2437,4.875663881000946,-0.22206281240562395,-0.6161601871862222,-2.5712820611671177,0.011889481149632454,0.019389144046035485,0.0004892896541784238,0.09158199999999983,0.09867200000421147,-0.26333999999842206,-0.001632999999999999,0.0006519999999794816,0.0012830000000104281
2438,4.877660472004209,-0.16472819473333822,-0.9028303158784093,-2.906900437866606,0.014852733496092101,0.024569161308497265,-0.0004748972229845187,0.09158199999999983,0.09867200000421147,-0.26333999999842206,-0.001632999999999999,0.0006519999999794816,0.0012830000000104281
2439,4.879666051005188,0.24768806599957036,-0.8278031075557597,-2.216952379161603,0.0340039376682393,0.011217873118392984,0.00603963199245237,0.09158199999999983,0.09867200000421147,-0.26333999999842206,-0.001632999999999999,0.0006519999999794816,0.0012830000000104281
2440,4.8816520320033305,-0.6980402115109896,-0.9632955808046603,-2.277880600889705,0.05306556659182511,-0.02225883515287389,0.009882530951040856,0.09158199999999983,0.09867200000421147,-0.26333999999842206,-0.001632999999999999,0.0006519999999794816,0.0012830000000104281
2441,4.8836671380049665,-0.19434959505967095,-1.2849301452423119,-2.025453864863741,0.05762649322099071,-0.005420099261408589,0.00022648169155017574,0.08158199999999978,0.08867200000581073,-0.36333999999858196,-0.0006329999999999998,0.0016519999999954741,0.00028300000002642005
2442,4.885632711004291,0.07154276040882043,-0.9155174006263632,-1.9280309700760232,0.03959704213800733,-0.0070056528560949165,0.0016810346136710173,0.08158199999999978,0.08867200000581073,-0.36333999999858196,-0.0006329999999999998,0.0016519999999954741,0.00028300000002642005
2443,4.887645904003875,0.15818734768201836,-0.8137808402992129,-1.7579646115459255,0.04487573159067453,-0.007971187165009708,0.00851475772420468,0.08158199999999978,0.08867200000581073,-0.36333999999858196,-0.0006329999999999998,0.0016519999999954741,0.00028300000002642005
2444,4.889664366004581,-0.3531246645385173,-1.1073385687254378,-1.8788347415476723,0.04805437104414095,-0.0040224958874997534,0.0017431973097559986,0.08158199999999978,0.08867200000581073,-0.36333999999858196,-0.0006329999999999998,0.0016519999999954741,0.00028300000002642005
2445,4.891652951999276,-0.2787767807448822,-0.49903429961902607,-2.356319470507228,0.006122054732652631,0.016886594309709076,0.0008031307770243319,0.10158199999999974,0.08867200000677028,-0.42333999999858196,-0.0006329999999999998,0.0016519999999954741,0.00028300000002642005
2446,4.893668419004825,0.057795565106875134,-0.650555302252539,-2.5984226531590946,0.014600040023508362,0.030070537830206794,-0.00978009863982413,0.10158199999999974,0.08867200000677028,-0.42333999999858196,-0.0006329999999999998,0.0016519999999954741,0.00028300000002642005
2447,4.895646466000471,0.4006120805856134,-0.7343179720202482,-2.3318454340418273,0.015760875253440765,0.019857485044432764,-0.0048944793094002756,0.10158199999999974,0.08867200000677028,-0.42333999999858196,-0.0006329999999999998,0.0016519999999954741,0.00028300000002642005
2448,4.897675999003695,0.14990183459548034,-0.846316814587946,-1.8090083548606557,0.05285521704584185,-0.007581285274340985,0.015865942021863925,0.10158199999999974,0.08867200000677028,-0.42333999999858196,-0.0006329999999999998,0.0016519999999954741,0.00028300000002642005
2449,4.899706614000024,-0.24846691500983908,-0.9429498575745908,-1.9393687642564115,0.0459408395084471,-0.007450542030691456,-0.005432886972028266,0.07158199999999969,0.048672000008209614,-0.5133399999992216,0.004366999999999999,0.006652000000027459,-0.0017169999998936205
2450,4.901682176001486,-0.0705461619986537,-0.8282757461578463,-1.8702634483286074,0.040755638839594974,-0.005990554679416334,0.0015927951372386759,0.07158199999999969,0.048672000008209614,-0.5133399999992216,0.004366999999999999,0.006652000000027459,-0.0017169999998936205
2451,4.9036523579998175,-0.11559349319059681,-1.0319604910598092,-2.1817825426241666,0.04461733386775331,0.006630084472465693,0.00499665692553058,0.07158199999999969,0.048672000008209614,-0.5133399999992216,0.004366999999999999,0.006652000000027459,-0.0017169999998936205
2452,4.905672573004267,0.2521033924927921,-0.7360237670659019,-1.8211971181976456,0.04317662665471942,-0.0023967076822781663,0.006333117053405063,0.07158199999999969,0.048672000008209614,-0.5133399999992216,0.004366999999999999,0.006652000000027459,-0.0017169999998936205
2453,4.9076685330001055,0.013994641844788089,-1.230251555148173,-1.7155420098136018,0.06166638554600246,-0.0042770356682876355,0.008703137788175582,0.11158199999999985,0.09867200000405155,-0.25333999999842205,-0.0016329999999999984,-0.001348000000036511,0.002282999999978443
2454,4.909669161999773,0.08391396264273693,-0.572432561597087,-3.033620847852301,0.01993590964981546,0.02012147541963223,-0.010283623763515392,0.11158199999999985,0.09867200000405155,-0.25333999999842205,-0.0016329999999999984,-0.001348000000036511,0.002282999999978443
2455,4.911656996999227,-0.680001638861329,-1.0458012202596638,-2.8231607654898583,0.023948608930097873,0.007928259338471421,0.0008942504533162695,0.11158199999999985,0.09867200000405155,-0.25333999999842205,-0.0016329999999999984,-0.001348000000036511,0.002282999999978443
2456,4.9136718020017724,-0.01646902608699496,-0.6920245814150928,-2.8000649450426027,0.0018141920727147475,0.041772073062515895,-0.005783535378790514,0.11158199999999985,0.09867200000405155,-0.25333999999842205,-0.0016329999999999984,-0.001348000000036511,0.002282999999978443
2457,4.915667863002454,0.006484606610129748,-1.131664928857727,-2.6554954054587787,0.02762673924613586,0.011656401858125567,-0.005871153647172014,0.051582000000000044,0.08867199999893394,0.06666000000141806,-0.0026329999999999978,-0.0023480000000525034,0.003282999999962451
2458,4.917672349001805,0.41855645433666105,-0.6846504509402669,-1.7049131513941107,0.04944896315219031,0.0011699966661864961,0.008646689037134928,0.051582000000000044,0.08867199999893394,0.06666000000141806,-0.0026329999999999978,-0.0023480000000525034,0.003282999999962451
2459,4.919656826998107,-0.019239970648438666,-0.8980329840379188,-1.7723236299066731,0.04524891286772345,-0.011596880516392547,0.014900068374578659,0.051582000000000044,0.08867199999893394,0.06666000000141806,-0.0026329999999999978,-0.0023480000000525034,0.003282999999962451
2460,4.921681501000421,-0.15352352015972529,-0.7697974098592426,-1.9187412578818437,0.03369381797178256,-0.0025015242533783463,0.013500803744942416,0.051582000000000044,0.08867199999893394,0.06666000000141806,-0.0026329999999999978,-0.0023480000000525034,0.003282999999962451
2461,4.923683373002859,0.09386138272846459,-0.9523255052915848,-1.9316371909610506,0.04656905746893598,0.0014615236772472513,0.007852957259483699,0.08158199999999993,0.09867200000181259,-0.11333999999842204,-0.002632999999999999,0.0016519999999794815,0.0012830000000264214
2462,4.925670837001235,0.24860260669852485,-1.1675948557556028,-1.91274644558017,0.06684071739222257,-0.01716254831418271,0.00203150116331808,0.08158199999999993,0.09867200000181259,-0.11333999999842204,-0.002632999999999999,0.0016519999999794815,0.0012830000000264214
2463,4.927653222002846,0.30393162896700604,-0.296657627458074,-2.466040040947334,0.016881928210293728,0.018657782686208234,-0.008395762282945963,0.08158199999999993,0.09867200000181259,-0.11333999999842204,-0.002632999999999999,0.0016519999999794815,0.0012830000000264214
2464,4.929668939003022,0.09571542882427136,-1.0184480542139176,-2.590360026770411,0.027620237927508895,0.016416120370199887,-0.007431675588150644,0.08158199999999993,0.09867200000181259,-0.11333999999842204,-0.002632999999999999,0.0016519999999794815,0.0012830000000264214
2465,4.93166797500453,-0.3473711722531795,-0.7954063970980746,-2.7200512291806414,0.019225504009716437,0.016115468607880067,-0.004237980700277639,0.1615819999999998,0.13867200000501106,-0.31333899999778236,-0.010632999999999997,-0.004348000000084489,0.005282999999930472
2466,4.93367414399836,0.4431776132319771,-0.8150916920645641,-2.502139878617631,0.021590045554766662,0.03132037420620584,0.0016431441717449867,0.1615819999999998,0.13867200000501106,-0.31333899999778236,-0.010632999999999997,-0.004348000000084489,0.005282999999930472
2467,4.935649997001747,-0.12674681776525848,-1.053499997268874,-2.9523075329947046,0.027341453234412436,0.01725167768527637,-0.0035153142133160314,0.1615819999999998,0.13867200000501106,-0.31333899999778236,-0.010632999999999997,-0.004348000000084489,0.005282999999930472
2468,4.937668850005139,0.011400757501937508,-0.6622055671101255,-2.623269374488839,0.020929069173633765,0.017198932136666286,0.0018467914121435393,0.1615819999999998,0.13867200000501106,-0.31333899999778236,-0.010632999999999997,-0.004348000000084489,0.005282999999930472
2469,4.939653949004423,0.18303143989040188,-0.8915244609226314,-2.3761441799430516,0.028333038817494362,0.011105970680469434,0.003487417629651689,0.2015819999999999,0.10867200000261222,-0.1633399999982622,-0.011632999999999996,-0.009348000000068496,0.00428299999985051
2470,4.941638238000451,-0.8717722038618657,-0.8806044631632699,-2.604833677750796,0.027272995991554767,-0.006484328278138794,-0.004667543406106157,0.2015819999999999,0.10867200000261222,-0.1633399999982622,-0.011632999999999996,-0.009348000000068496,0.00428299999985051
2471,4.943644527003926,0.29436694099596705,-0.9770543915145067,-2.8224244207693103,0.02108696303850938,0.034847187240820365,-0.0037698646699743177,0.2015819999999999,0.10867200000261222,-0.1633399999982622,-0.011632999999999996,-0.009348000000068496,0.00428299999985051
2472,4.945660976001818,-0.4284743898462362,-0.4530801028362072,-2.8461464463108275,0.006059074274822976,0.011439661139786547,-0.010333567233233483,0.2015819999999999,0.10867200000261222,-0.1633399999982622,-0.011632999999999996,-0.009348000000068496,0.00428299999985051
2473,4.947659761004616,-0.1569337317937903,-0.28069870290771676,-2.86371186653588,-0.004368691966848876,0.024145936770025453,-0.007045453411753915,0.17158199999999985,0.0986720000043714,-0.2733399999984221,-0.007632999999999998,-0.0063480000000525035,0.003282999999898484
2474,4.949671330003184,-0.38356401854593036,-0.9818782086194062,-2.884149929476265,0.029489456268046325,0.01692961351583458,-0.006910859158055679,0.17158199999999985,0.0986720000043714,-0.2733399999984221,-0.007632999999999998,-0.0063480000000525035,0.003282999999898484
2475,4.951652613002807,-0.1225653281165044,-0.5140636278026876,-2.4548552881431442,0.016371491499818393,0.010283360221412146,0.001098809063146059,0.17158199999999985,0.0986720000043714,-0.2733399999984221,-0.007632999999999998,-0.0063480000000525035,0.003282999999898484
2476,4.953663090003829,0.041627366748066795,-0.5175273479538841,-2.4737038098652158,0.01895208836747132,0.015064517019840901,0.011438054220222876,0.17158199999999985,0.0986720000043714,-0.2733399999984221,-0.007632999999999998,-0.0063480000000525035,0.003282999999898484
2477,4.955658710001444,-0.4710082998706494,-0.5923719534350619,-2.466224156026698,0.02729349352325842,0.0008503680682527862,-0.005792708080753541,0.13158199999999975,0.10867200000613057,-0.38333899999826215,-0.004632999999999999,-0.002348000000020518,0.0012829999999624524
2478,4.957663025998045,-0.5785514685677737,-1.1314167197659544,-2.642111760743075,0.03527538552744155,0.002114826503114389,-0.012138977608361502,0.13158199999999975,0.10867200000613057,-0.38333899999826215,-0.004632999999999999,-0.002348000000020518,0.0012829999999624524
2479,4.959655129001476,-0.2624999550725008,-0.5224194056785746,-2.5605766375392123,0.013216200028328727,0.005689508736597591,-0.00195643336653911,0.13158199999999975,0.10867200000613057,-0.38333899999826215,-0.004632999999999999,-0.002348000000020518,0.0012829999999624524
2480,4.9616601660018205,-0.05139854717417415,-0.3781227691054281,-2.6777238112359236,0.002118432085419628,0.02403902146316285,-0.006329043053272678,0.13158199999999975,0.10867200000613057,-0.38333899999826215,-0.004632999999999999,-0.002348000000020518,0.0012829999999624524
2481,4.9636637500007055,-0.3654785545210427,-0.35677122421040125,-2.5490097920969244,0.009856309417960122,-0.002340009908465674,-0.004400784409098479,0.12158199999999984,0.07867200000405156,-0.2533399999987419,-0.0006329999999999998,0.0006519999999954741,0.0002830000000104275
2482,4.9656614039995475,-0.1628128512213461,-1.2269483942531898,-2.476502101211332,0.04148322460929272,0.00967595914028828,-0.0036489138403576877,0.12158199999999984,0.07867200000405156,-0.2533399999987419,-0.0006329999999999998,0.0006519999999954741,0.0002830000000104275
2483,4.967659989000822,0.009923922463279968,-0.24693313132243874,-2.395849828868705,0.015538483738195332,0.014213043019901514,-0.006545730721055857,0.12158199999999984,0.07867200000405156,-0.2533399999987419,-0.0006329999999999998,0.0006519999999954741,0.0002830000000104275
2484,4.969667570003367,-0.4021494142460812,-0.9641903710693639,-2.8380928903709495,0.03215691209258249,-0.0008431590130100183,0.0012369331438108228,0.12158199999999984,0.07867200000405156,-0.2533399999987419,-0.0006329999999999998,0.0006519999999954741,0.0002830000000104275
2485,4.971667488003732,-0.2610176180653852,-0.8639159923672782,-2.8240888524888934,0.024295009096852414,0.012184363860010509,-0.005791926386451546,0.16158199999999986,0.07867200000357176,-0.22333899999874193,-0.005632999999999998,-0.002348000000036511,0.002282999999962453
2486,4.9736679769994225,-0.5110913117848482,-0.4114550110233965,-2.867769900599561,0.0062089554920321845,0.01060240120608212,-0.0036418003963221072,0.16158199999999986,0.07867200000357176,-0.22333899999874193,-0.005632999999999998,-0.002348000000036511,0.002282999999962453
2487,4.975667222999618,0.01846515763769991,-0.7638109340206342,-2.6265840237544507,0.008210331929004387,0.032062552265099444,-0.008512217302579457,0.16158199999999986,0.07867200000357176,-0.22333899999874193,-0.005632999999999998,-0.002348000000036511,0.002282999999962453
2488,4.977672911001719,-0.22809751556399355,-0.47704566968120327,-2.902280520068845,0.00804802106165614,0.019238150606340022,-0.010278727867737609,0.16158199999999986,0.07867200000357176,-0.22333899999874193,-0.005632999999999998,-0.002348000000036511,0.002282999999962453
2489,4.979681665005046,-0.1566782344340749,-0.7529436227850419,-3.012225752925733,0.0167358536443781,0.026818685011219003,-0.0019894615461299283,0.12158199999999997,0.09867200000069312,-0.04334099999842206,-0.003632999999999999,-0.0003480000000205185,0.001282999999994437
2490,4.981670551998832,0.156888918537481,-0.6919760894782093,-2.192998280506998,0.04315191717288889,-0.011634936545553292,-0.0004278180196894077,0.12158199999999997,0.09867200000069312,-0.04334099999842206,-0.003632999999999999,-0.0003480000000205185,0.001282999999994437
2491,4.983656103002431,-0.3127229740969078,-0.5238736979244475,-2.1040955393664347,0.030740693160336282,-0.012921446159013653,-0.005987925950490539,0.12158199999999997,0.09867200000069312,-0.04334099999842206,-0.003632999999999999,-0.0003480000000205185,0.001282999999994437
2492,4.985673082002904,-0.31441738765432725,-1.0149842207424216,-1.9732917709075783,0.05597926790249489,-0.014590824657311586,0.003929530362996683,0.12158199999999997,0.09867200000069312,-0.04334099999842206,-0.003632999999999999,-0.0003480000000205185,0.001282999999994437
2493,4.987678459998278,0.41358733891552085,-0.7533606748211041,-2.192257997483798,0.03801588121138573,0.00814007172636927,0.0005397458068478117,0.11158199999999982,0.07867200000469127,-0.2933409999987419,-0.0016330000000000003,0.0026520000000114664,-0.0007169999999575867
2494,4.989669030001096,-0.22300959059976883,-1.1416947247069604,-2.2340735735423976,0.05570270920894596,-0.011194977027743436,0.0073754238012788955,0.11158199999999982,0.07867200000469127,-0.2933409999987419,-0.0016330000000000003,0.0026520000000114664,-0.0007169999999575867
2495,4.99167281499831,-0.1680086011761209,-0.7078086311657081,-2.1727330542075975,0.04626189220232929,-0.014182399938213333,0.0004573007733477254,0.11158199999999982,0.07867200000469127,-0.2933409999987419,-0.0016330000000000003,0.0026520000000114664,-0.0007169999999575867
2496,4.9936669419985265,-0.5877582012739522,-0.7924658516097332,-2.1472297157347375,0.03461579160788775,-0.01600674000001921,0.0031474506797824196,0.11158199999999982,0.07867200000469127,-0.2933409999987419,-0.0016330000000000003,0.0026520000000114664,-0.0007169999999575867
2497,4.9956812860036734,-0.10561299607197522,-0.43155836486720595,-2.6876937147932494,0.013597630226937992,0.016309902236299356,-0.010895698732526975,0.11158199999999975,0.12867200000645043,-0.40333899999794226,-0.003633,0.0016519999999954741,0.00028300000002642195
2498,4.997681674998603,-0.032747515139323946,-0.3772841027994348,-2.7834002580597903,0.0064094024914199115,0.019160124651313157,-0.0031013561226097925,0.11158199999999975,0.12867200000645043,-0.40333899999794226,-0.003633,0.0016519999999954741,0.00028300000002642195
2499,4.999714053003117,-0.23004768142463494,-0.8629425031155209,-2.35817995374627,0.02682733577823777,0.01065909451715843,-0.002207124919208033,0.11158199999999975,0.12867200000645043,-0.40333899999794226,-0.003633,0.0016519999999954741,0.00028300000002642195
2500,5.001676359999692,-0.22147379578443427,-1.1898032748841094,-1.7642309025275915,0.05936075425899514,-0.01600534588955245,0.009928997638318362,0.11158199999999975,0.12867200000645043,-0.40333899999794226,-0.003633,0.0016519999999954741,0.00028300000002642195
