solid 
 facet normal  9.999059e-01  1.371831e-02  7.595861e-21
   outer loop
     vertex  1.399473e+01  3.840767e-01  2.250000e+01
     vertex  1.400000e+01 -3.429011e-15  2.250000e+01
     vertex  1.400000e+01 -3.429011e-15  0.000000e+00
   endloop
 endfacet
 facet normal  9.999059e-01  1.371831e-02  0.000000e+00
   outer loop
     vertex  1.399473e+01  3.840767e-01  2.250000e+01
     vertex  1.400000e+01 -3.429011e-15  0.000000e+00
     vertex  1.399473e+01  3.840767e-01  0.000000e+00
   endloop
 endfacet
 facet normal  9.991532e-01  4.114462e-02  0.000000e+00
   outer loop
     vertex  1.397893e+01  7.678642e-01  2.250000e+01
     vertex  1.399473e+01  3.840767e-01  0.000000e+00
     vertex  1.397893e+01  7.678642e-01  0.000000e+00
   endloop
 endfacet
 facet normal  9.991532e-01  4.114462e-02  4.617045e-20
   outer loop
     vertex  1.397893e+01  7.678642e-01  2.250000e+01
     vertex  1.399473e+01  3.840767e-01  2.250000e+01
     vertex  1.399473e+01  3.840767e-01  0.000000e+00
   endloop
 endfacet
 facet normal  9.976484e-01  6.853995e-02  0.000000e+00
   outer loop
     vertex  1.395260e+01  1.151074e+00  2.250000e+01
     vertex  1.397893e+01  7.678642e-01  0.000000e+00
     vertex  1.395260e+01  1.151074e+00  0.000000e+00
   endloop
 endfacet
 facet normal  9.976484e-01  6.853995e-02 -5.112469e-20
   outer loop
     vertex  1.395260e+01  1.151074e+00  2.250000e+01
     vertex  1.397893e+01  7.678642e-01  2.250000e+01
     vertex  1.397893e+01  7.678642e-01  0.000000e+00
   endloop
 endfacet
 facet normal  9.953925e-01  9.588368e-02  0.000000e+00
   outer loop
     vertex  1.391577e+01  1.533417e+00  2.250000e+01
     vertex  1.395260e+01  1.151074e+00  0.000000e+00
     vertex  1.391577e+01  1.533417e+00  0.000000e+00
   endloop
 endfacet
 facet normal  9.923874e-01  1.231552e-01  0.000000e+00
   outer loop
     vertex  1.391577e+01  1.533417e+00  2.250000e+01
     vertex  1.391577e+01  1.533417e+00  0.000000e+00
     vertex  1.386846e+01  1.914606e+00  0.000000e+00
   endloop
 endfacet
 facet normal  9.953925e-01  9.588368e-02 -5.191740e-20
   outer loop
     vertex  1.391577e+01  1.533417e+00  2.250000e+01
     vertex  1.395260e+01  1.151074e+00  2.250000e+01
     vertex  1.395260e+01  1.151074e+00  0.000000e+00
   endloop
 endfacet
 facet normal  9.923874e-01  1.231552e-01  0.000000e+00
   outer loop
     vertex  1.386846e+01  1.914606e+00  2.250000e+01
     vertex  1.391577e+01  1.533417e+00  2.250000e+01
     vertex  1.386846e+01  1.914606e+00  0.000000e+00
   endloop
 endfacet
 facet normal  9.886353e-01  1.503341e-01  0.000000e+00
   outer loop
     vertex  1.381072e+01  2.294353e+00  2.250000e+01
     vertex  1.386846e+01  1.914606e+00  0.000000e+00
     vertex  1.381072e+01  2.294353e+00  0.000000e+00
   endloop
 endfacet
 facet normal  9.886353e-01  1.503341e-01  1.567695e-19
   outer loop
     vertex  1.381072e+01  2.294353e+00  2.250000e+01
     vertex  1.386846e+01  1.914606e+00  2.250000e+01
     vertex  1.386846e+01  1.914606e+00  0.000000e+00
   endloop
 endfacet
 facet normal  9.841389e-01  1.773998e-01  0.000000e+00
   outer loop
     vertex  1.374258e+01  2.672373e+00  2.250000e+01
     vertex  1.381072e+01  2.294353e+00  0.000000e+00
     vertex  1.374258e+01  2.672373e+00  0.000000e+00
   endloop
 endfacet
 facet normal  9.841389e-01  1.773998e-01  9.286529e-20
   outer loop
     vertex  1.374258e+01  2.672373e+00  2.250000e+01
     vertex  1.381072e+01  2.294353e+00  2.250000e+01
     vertex  1.381072e+01  2.294353e+00  0.000000e+00
   endloop
 endfacet
 facet normal  9.789017e-01  2.043319e-01  0.000000e+00
   outer loop
     vertex  1.366409e+01  3.048382e+00  2.250000e+01
     vertex  1.374258e+01  2.672373e+00  0.000000e+00
     vertex  1.366409e+01  3.048382e+00  0.000000e+00
   endloop
 endfacet
 facet normal  9.729276e-01  2.311102e-01  0.000000e+00
   outer loop
     vertex  1.366409e+01  3.048382e+00  2.250000e+01
     vertex  1.366409e+01  3.048382e+00  0.000000e+00
     vertex  1.357532e+01  3.422096e+00  0.000000e+00
   endloop
 endfacet
 facet normal  9.789017e-01  2.043319e-01 -8.136509e-20
   outer loop
     vertex  1.366409e+01  3.048382e+00  2.250000e+01
     vertex  1.374258e+01  2.672373e+00  2.250000e+01
     vertex  1.374258e+01  2.672373e+00  0.000000e+00
   endloop
 endfacet
 facet normal  9.729276e-01  2.311102e-01  0.000000e+00
   outer loop
     vertex  1.357532e+01  3.422096e+00  2.250000e+01
     vertex  1.366409e+01  3.048382e+00  2.250000e+01
     vertex  1.357532e+01  3.422096e+00  0.000000e+00
   endloop
 endfacet
 facet normal  9.662211e-01  2.577146e-01  0.000000e+00
   outer loop
     vertex  1.347633e+01  3.793234e+00  2.250000e+01
     vertex  1.357532e+01  3.422096e+00  0.000000e+00
     vertex  1.347633e+01  3.793234e+00  0.000000e+00
   endloop
 endfacet
 facet normal  9.587873e-01  2.841250e-01  0.000000e+00
   outer loop
     vertex  1.347633e+01  3.793234e+00  2.250000e+01
     vertex  1.347633e+01  3.793234e+00  0.000000e+00
     vertex  1.336719e+01  4.161516e+00  0.000000e+00
   endloop
 endfacet
 facet normal  9.662211e-01  2.577146e-01  1.035774e-19
   outer loop
     vertex  1.347633e+01  3.793234e+00  2.250000e+01
     vertex  1.357532e+01  3.422096e+00  2.250000e+01
     vertex  1.357532e+01  3.422096e+00  0.000000e+00
   endloop
 endfacet
 facet normal  9.506317e-01  3.103214e-01  0.000000e+00
   outer loop
     vertex  1.336719e+01  4.161516e+00  2.250000e+01
     vertex  1.336719e+01  4.161516e+00  0.000000e+00
     vertex  1.324799e+01  4.526666e+00  0.000000e+00
   endloop
 endfacet
 facet normal  9.587873e-01  2.841250e-01  0.000000e+00
   outer loop
     vertex  1.336719e+01  4.161516e+00  2.250000e+01
     vertex  1.347633e+01  3.793234e+00  2.250000e+01
     vertex  1.336719e+01  4.161516e+00  0.000000e+00
   endloop
 endfacet
 facet normal  9.506317e-01  3.103214e-01  0.000000e+00
   outer loop
     vertex  1.324799e+01  4.526666e+00  2.250000e+01
     vertex  1.336719e+01  4.161516e+00  2.250000e+01
     vertex  1.324799e+01  4.526666e+00  0.000000e+00
   endloop
 endfacet
 facet normal  9.417605e-01  3.362843e-01  0.000000e+00
   outer loop
     vertex  1.311882e+01  4.888408e+00  2.250000e+01
     vertex  1.324799e+01  4.526666e+00  0.000000e+00
     vertex  1.311882e+01  4.888408e+00  0.000000e+00
   endloop
 endfacet
 facet normal  9.417605e-01  3.362843e-01 -1.945006e-19
   outer loop
     vertex  1.311882e+01  4.888408e+00  2.250000e+01
     vertex  1.324799e+01  4.526666e+00  2.250000e+01
     vertex  1.324799e+01  4.526666e+00  0.000000e+00
   endloop
 endfacet
 facet normal  9.321804e-01  3.619940e-01  0.000000e+00
   outer loop
     vertex  1.297977e+01  5.246471e+00  2.250000e+01
     vertex  1.311882e+01  4.888408e+00  0.000000e+00
     vertex  1.297977e+01  5.246471e+00  0.000000e+00
   endloop
 endfacet
 facet normal  9.218986e-01  3.874313e-01  0.000000e+00
   outer loop
     vertex  1.297977e+01  5.246471e+00  2.250000e+01
     vertex  1.297977e+01  5.246471e+00  0.000000e+00
     vertex  1.283096e+01  5.600584e+00  0.000000e+00
   endloop
 endfacet
 facet normal  9.321804e-01  3.619940e-01  1.183584e-19
   outer loop
     vertex  1.297977e+01  5.246471e+00  2.250000e+01
     vertex  1.311882e+01  4.888408e+00  2.250000e+01
     vertex  1.311882e+01  4.888408e+00  0.000000e+00
   endloop
 endfacet
 facet normal  9.109228e-01  4.125769e-01  0.000000e+00
   outer loop
     vertex  1.283096e+01  5.600584e+00  2.250000e+01
     vertex  1.283096e+01  5.600584e+00  0.000000e+00
     vertex  1.267248e+01  5.950481e+00  0.000000e+00
   endloop
 endfacet
 facet normal  9.218986e-01  3.874313e-01  0.000000e+00
   outer loop
     vertex  1.283096e+01  5.600584e+00  2.250000e+01
     vertex  1.297977e+01  5.246471e+00  2.250000e+01
     vertex  1.283096e+01  5.600584e+00  0.000000e+00
   endloop
 endfacet
 facet normal  9.109228e-01  4.125769e-01  0.000000e+00
   outer loop
     vertex  1.267248e+01  5.950481e+00  2.250000e+01
     vertex  1.283096e+01  5.600584e+00  2.250000e+01
     vertex  1.267248e+01  5.950481e+00  0.000000e+00
   endloop
 endfacet
 facet normal  8.992613e-01  4.374119e-01 -2.238440e-20
   outer loop
     vertex  1.250447e+01  6.295899e+00  2.250000e+01
     vertex  1.267248e+01  5.950481e+00  2.250000e+01
     vertex  1.267248e+01  5.950481e+00  0.000000e+00
   endloop
 endfacet
 facet normal  8.992613e-01  4.374119e-01  0.000000e+00
   outer loop
     vertex  1.250447e+01  6.295899e+00  2.250000e+01
     vertex  1.267248e+01  5.950481e+00  0.000000e+00
     vertex  1.250447e+01  6.295899e+00  0.000000e+00
   endloop
 endfacet
 facet normal  8.869228e-01  4.619176e-01  1.378508e-19
   outer loop
     vertex  1.232704e+01  6.636577e+00  2.250000e+01
     vertex  1.250447e+01  6.295899e+00  2.250000e+01
     vertex  1.250447e+01  6.295899e+00  0.000000e+00
   endloop
 endfacet
 facet normal  8.869228e-01  4.619176e-01  0.000000e+00
   outer loop
     vertex  1.232704e+01  6.636577e+00  2.250000e+01
     vertex  1.250447e+01  6.295899e+00  0.000000e+00
     vertex  1.232704e+01  6.636577e+00  0.000000e+00
   endloop
 endfacet
 facet normal  8.739167e-01  4.860756e-01 -2.650116e-19
   outer loop
     vertex  1.214033e+01  6.972260e+00  2.250000e+01
     vertex  1.232704e+01  6.636577e+00  2.250000e+01
     vertex  1.232704e+01  6.636577e+00  0.000000e+00
   endloop
 endfacet
 facet normal  8.739167e-01  4.860756e-01  0.000000e+00
   outer loop
     vertex  1.214033e+01  6.972260e+00  2.250000e+01
     vertex  1.232704e+01  6.636577e+00  0.000000e+00
     vertex  1.214033e+01  6.972260e+00  0.000000e+00
   endloop
 endfacet
 facet normal  8.602528e-01  5.098678e-01  2.924466e-19
   outer loop
     vertex  1.194448e+01  7.302694e+00  2.250000e+01
     vertex  1.214033e+01  6.972260e+00  2.250000e+01
     vertex  1.214033e+01  6.972260e+00  0.000000e+00
   endloop
 endfacet
 facet normal  8.602528e-01  5.098678e-01  0.000000e+00
   outer loop
     vertex  1.194448e+01  7.302694e+00  2.250000e+01
     vertex  1.214033e+01  6.972260e+00  0.000000e+00
     vertex  1.194448e+01  7.302694e+00  0.000000e+00
   endloop
 endfacet
 facet normal  8.459413e-01  5.332761e-01 -7.922454e-19
   outer loop
     vertex  1.173964e+01  7.627631e+00  2.250000e+01
     vertex  1.194448e+01  7.302694e+00  2.250000e+01
     vertex  1.194448e+01  7.302694e+00  0.000000e+00
   endloop
 endfacet
 facet normal  8.459413e-01  5.332761e-01  0.000000e+00
   outer loop
     vertex  1.173964e+01  7.627631e+00  2.250000e+01
     vertex  1.194448e+01  7.302694e+00  0.000000e+00
     vertex  1.173964e+01  7.627631e+00  0.000000e+00
   endloop
 endfacet
 facet normal  8.309929e-01  5.562829e-01 -5.891825e-19
   outer loop
     vertex  1.152597e+01  7.946826e+00  2.250000e+01
     vertex  1.173964e+01  7.627631e+00  2.250000e+01
     vertex  1.173964e+01  7.627631e+00  0.000000e+00
   endloop
 endfacet
 facet normal  8.309929e-01  5.562829e-01  0.000000e+00
   outer loop
     vertex  1.152597e+01  7.946826e+00  2.250000e+01
     vertex  1.173964e+01  7.627631e+00  0.000000e+00
     vertex  1.152597e+01  7.946826e+00  0.000000e+00
   endloop
 endfacet
 facet normal  8.154191e-01  5.788711e-01  0.000000e+00
   outer loop
     vertex  1.152597e+01  7.946826e+00  2.250000e+01
     vertex  1.152597e+01  7.946826e+00  0.000000e+00
     vertex  1.130362e+01  8.260039e+00  0.000000e+00
   endloop
 endfacet
 facet normal  8.154191e-01  5.788711e-01  0.000000e+00
   outer loop
     vertex  1.130362e+01  8.260039e+00  2.250000e+01
     vertex  1.152597e+01  7.946826e+00  2.250000e+01
     vertex  1.130362e+01  8.260039e+00  0.000000e+00
   endloop
 endfacet
 facet normal  7.992314e-01  6.010234e-01  7.664812e-19
   outer loop
     vertex  1.107276e+01  8.567034e+00  2.250000e+01
     vertex  1.130362e+01  8.260039e+00  2.250000e+01
     vertex  1.130362e+01  8.260039e+00  0.000000e+00
   endloop
 endfacet
 facet normal  7.992314e-01  6.010234e-01  0.000000e+00
   outer loop
     vertex  1.107276e+01  8.567034e+00  2.250000e+01
     vertex  1.130362e+01  8.260039e+00  0.000000e+00
     vertex  1.107276e+01  8.567034e+00  0.000000e+00
   endloop
 endfacet
 facet normal  7.824421e-01  6.227234e-01  0.000000e+00
   outer loop
     vertex  1.107276e+01  8.567034e+00  2.250000e+01
     vertex  1.107276e+01  8.567034e+00  0.000000e+00
     vertex  1.083356e+01  8.867580e+00  0.000000e+00
   endloop
 endfacet
 facet normal  7.824421e-01  6.227234e-01  0.000000e+00
   outer loop
     vertex  1.083356e+01  8.867580e+00  2.250000e+01
     vertex  1.107276e+01  8.567034e+00  2.250000e+01
     vertex  1.083356e+01  8.867580e+00  0.000000e+00
   endloop
 endfacet
 facet normal  7.650637e-01  6.439545e-01  6.219917e-19
   outer loop
     vertex  1.058621e+01  9.161451e+00  2.250000e+01
     vertex  1.083356e+01  8.867580e+00  2.250000e+01
     vertex  1.083356e+01  8.867580e+00  0.000000e+00
   endloop
 endfacet
 facet normal  7.650637e-01  6.439545e-01  0.000000e+00
   outer loop
     vertex  1.058621e+01  9.161451e+00  2.250000e+01
     vertex  1.083356e+01  8.867580e+00  0.000000e+00
     vertex  1.058621e+01  9.161451e+00  0.000000e+00
   endloop
 endfacet
 facet normal  7.471095e-01  6.647010e-01  0.000000e+00
   outer loop
     vertex  1.058621e+01  9.161451e+00  2.250000e+01
     vertex  1.058621e+01  9.161451e+00  0.000000e+00
     vertex  1.033089e+01  9.448425e+00  0.000000e+00
   endloop
 endfacet
 facet normal  7.471095e-01  6.647010e-01  0.000000e+00
   outer loop
     vertex  1.033089e+01  9.448425e+00  2.250000e+01
     vertex  1.058621e+01  9.161451e+00  2.250000e+01
     vertex  1.033089e+01  9.448425e+00  0.000000e+00
   endloop
 endfacet
 facet normal  7.285929e-01  6.849470e-01  0.000000e+00
   outer loop
     vertex  1.033089e+01  9.448425e+00  2.250000e+01
     vertex  1.033089e+01  9.448425e+00  0.000000e+00
     vertex  1.006779e+01  9.728287e+00  0.000000e+00
   endloop
 endfacet
 facet normal  7.285929e-01  6.849470e-01  0.000000e+00
   outer loop
     vertex  1.006779e+01  9.728287e+00  2.250000e+01
     vertex  1.033089e+01  9.448425e+00  2.250000e+01
     vertex  1.006779e+01  9.728287e+00  0.000000e+00
   endloop
 endfacet
 facet normal  7.095278e-01  7.046775e-01  6.084510e-19
   outer loop
     vertex  9.797116e+00  1.000083e+01  2.250000e+01
     vertex  1.006779e+01  9.728287e+00  2.250000e+01
     vertex  1.006779e+01  9.728287e+00  0.000000e+00
   endloop
 endfacet
 facet normal  7.095278e-01  7.046775e-01  0.000000e+00
   outer loop
     vertex  9.797116e+00  1.000083e+01  2.250000e+01
     vertex  1.006779e+01  9.728287e+00  0.000000e+00
     vertex  9.797116e+00  1.000083e+01  0.000000e+00
   endloop
 endfacet
 facet normal  6.899286e-01  7.238775e-01 -1.191449e-19
   outer loop
     vertex  9.519066e+00  1.026584e+01  2.250000e+01
     vertex  9.797116e+00  1.000083e+01  2.250000e+01
     vertex  9.797116e+00  1.000083e+01  0.000000e+00
   endloop
 endfacet
 facet normal  6.899286e-01  7.238775e-01  0.000000e+00
   outer loop
     vertex  9.519066e+00  1.026584e+01  2.250000e+01
     vertex  9.797116e+00  1.000083e+01  0.000000e+00
     vertex  9.519066e+00  1.026584e+01  0.000000e+00
   endloop
 endfacet
 facet normal  6.698100e-01  7.425325e-01  1.078514e-19
   outer loop
     vertex  9.233849e+00  1.052312e+01  2.250000e+01
     vertex  9.519066e+00  1.026584e+01  2.250000e+01
     vertex  9.519066e+00  1.026584e+01  0.000000e+00
   endloop
 endfacet
 facet normal  6.698100e-01  7.425325e-01  0.000000e+00
   outer loop
     vertex  9.233849e+00  1.052312e+01  2.250000e+01
     vertex  9.519066e+00  1.026584e+01  0.000000e+00
     vertex  9.233849e+00  1.052312e+01  0.000000e+00
   endloop
 endfacet
 facet normal  6.491872e-01  7.606287e-01  0.000000e+00
   outer loop
     vertex  8.941682e+00  1.077248e+01  2.250000e+01
     vertex  9.233849e+00  1.052312e+01  0.000000e+00
     vertex  8.941682e+00  1.077248e+01  0.000000e+00
   endloop
 endfacet
 facet normal  6.491872e-01  7.606287e-01 -2.928522e-19
   outer loop
     vertex  8.941682e+00  1.077248e+01  2.250000e+01
     vertex  9.233849e+00  1.052312e+01  2.250000e+01
     vertex  9.233849e+00  1.052312e+01  0.000000e+00
   endloop
 endfacet
 facet normal  6.280757e-01  7.781522e-01  0.000000e+00
   outer loop
     vertex  8.642784e+00  1.101373e+01  2.250000e+01
     vertex  8.941682e+00  1.077248e+01  0.000000e+00
     vertex  8.642784e+00  1.101373e+01  0.000000e+00
   endloop
 endfacet
 facet normal  6.280757e-01  7.781522e-01 -5.047304e-19
   outer loop
     vertex  8.642784e+00  1.101373e+01  2.250000e+01
     vertex  8.941682e+00  1.077248e+01  2.250000e+01
     vertex  8.941682e+00  1.077248e+01  0.000000e+00
   endloop
 endfacet
 facet normal  6.064915e-01  7.950900e-01  0.000000e+00
   outer loop
     vertex  8.337380e+00  1.124669e+01  2.250000e+01
     vertex  8.642784e+00  1.101373e+01  0.000000e+00
     vertex  8.337380e+00  1.124669e+01  0.000000e+00
   endloop
 endfacet
 facet normal  5.844507e-01  8.114292e-01  0.000000e+00
   outer loop
     vertex  8.337380e+00  1.124669e+01  2.250000e+01
     vertex  8.337380e+00  1.124669e+01  0.000000e+00
     vertex  8.025699e+00  1.147119e+01  0.000000e+00
   endloop
 endfacet
 facet normal  6.064915e-01  7.950900e-01 -1.909125e-19
   outer loop
     vertex  8.337380e+00  1.124669e+01  2.250000e+01
     vertex  8.642784e+00  1.101373e+01  2.250000e+01
     vertex  8.642784e+00  1.101373e+01  0.000000e+00
   endloop
 endfacet
 facet normal  5.844507e-01  8.114292e-01  0.000000e+00
   outer loop
     vertex  8.025699e+00  1.147119e+01  2.250000e+01
     vertex  8.337380e+00  1.124669e+01  2.250000e+01
     vertex  8.025699e+00  1.147119e+01  0.000000e+00
   endloop
 endfacet
 facet normal  5.619699e-01  8.271577e-01  0.000000e+00
   outer loop
     vertex  7.707977e+00  1.168705e+01  2.250000e+01
     vertex  8.025699e+00  1.147119e+01  0.000000e+00
     vertex  7.707977e+00  1.168705e+01  0.000000e+00
   endloop
 endfacet
 facet normal  5.619699e-01  8.271577e-01  4.309222e-19
   outer loop
     vertex  7.707977e+00  1.168705e+01  2.250000e+01
     vertex  8.025699e+00  1.147119e+01  2.250000e+01
     vertex  8.025699e+00  1.147119e+01  0.000000e+00
   endloop
 endfacet
 facet normal  5.390661e-01  8.422635e-01  0.000000e+00
   outer loop
     vertex  7.384453e+00  1.189411e+01  2.250000e+01
     vertex  7.707977e+00  1.168705e+01  0.000000e+00
     vertex  7.384453e+00  1.189411e+01  0.000000e+00
   endloop
 endfacet
 facet normal  5.390661e-01  8.422635e-01  4.415632e-19
   outer loop
     vertex  7.384453e+00  1.189411e+01  2.250000e+01
     vertex  7.707977e+00  1.168705e+01  2.250000e+01
     vertex  7.707977e+00  1.168705e+01  0.000000e+00
   endloop
 endfacet
 facet normal  5.157565e-01  8.567352e-01  0.000000e+00
   outer loop
     vertex  7.055370e+00  1.209222e+01  2.250000e+01
     vertex  7.384453e+00  1.189411e+01  0.000000e+00
     vertex  7.055370e+00  1.209222e+01  0.000000e+00
   endloop
 endfacet
 facet normal  5.157565e-01  8.567352e-01  7.205980e-19
   outer loop
     vertex  7.055370e+00  1.209222e+01  2.250000e+01
     vertex  7.384453e+00  1.189411e+01  2.250000e+01
     vertex  7.384453e+00  1.189411e+01  0.000000e+00
   endloop
 endfacet
 facet normal  4.920587e-01  8.705620e-01  0.000000e+00
   outer loop
     vertex  6.720976e+00  1.228122e+01  2.250000e+01
     vertex  7.055370e+00  1.209222e+01  0.000000e+00
     vertex  6.720976e+00  1.228122e+01  0.000000e+00
   endloop
 endfacet
 facet normal  4.920587e-01  8.705620e-01 -4.206923e-19
   outer loop
     vertex  6.720976e+00  1.228122e+01  2.250000e+01
     vertex  7.055370e+00  1.209222e+01  2.250000e+01
     vertex  7.055370e+00  1.209222e+01  0.000000e+00
   endloop
 endfacet
 facet normal  4.679904e-01  8.837335e-01  0.000000e+00
   outer loop
     vertex  6.381523e+00  1.246099e+01  2.250000e+01
     vertex  6.720976e+00  1.228122e+01  0.000000e+00
     vertex  6.381523e+00  1.246099e+01  0.000000e+00
   endloop
 endfacet
 facet normal  4.679904e-01  8.837335e-01  1.163058e-19
   outer loop
     vertex  6.381523e+00  1.246099e+01  2.250000e+01
     vertex  6.720976e+00  1.228122e+01  2.250000e+01
     vertex  6.720976e+00  1.228122e+01  0.000000e+00
   endloop
 endfacet
 facet normal  4.435699e-01  8.962398e-01  0.000000e+00
   outer loop
     vertex  6.037266e+00  1.263137e+01  2.250000e+01
     vertex  6.381523e+00  1.246099e+01  0.000000e+00
     vertex  6.037266e+00  1.263137e+01  0.000000e+00
   endloop
 endfacet
 facet normal  4.435699e-01  8.962398e-01 -1.251833e-19
   outer loop
     vertex  6.037266e+00  1.263137e+01  2.250000e+01
     vertex  6.381523e+00  1.246099e+01  2.250000e+01
     vertex  6.381523e+00  1.246099e+01  0.000000e+00
   endloop
 endfacet
 facet normal  4.188155e-01  9.080714e-01  3.472818e-19
   outer loop
     vertex  5.688464e+00  1.279224e+01  2.250000e+01
     vertex  6.037266e+00  1.263137e+01  2.250000e+01
     vertex  6.037266e+00  1.263137e+01  0.000000e+00
   endloop
 endfacet
 facet normal  4.188155e-01  9.080714e-01  0.000000e+00
   outer loop
     vertex  5.688464e+00  1.279224e+01  2.250000e+01
     vertex  6.037266e+00  1.263137e+01  0.000000e+00
     vertex  5.688464e+00  1.279224e+01  0.000000e+00
   endloop
 endfacet
 facet normal  3.937458e-01  9.192194e-01  1.559678e-19
   outer loop
     vertex  5.335380e+00  1.294348e+01  2.250000e+01
     vertex  5.688464e+00  1.279224e+01  2.250000e+01
     vertex  5.688464e+00  1.279224e+01  0.000000e+00
   endloop
 endfacet
 facet normal  3.937458e-01  9.192194e-01  0.000000e+00
   outer loop
     vertex  5.335380e+00  1.294348e+01  2.250000e+01
     vertex  5.688464e+00  1.279224e+01  0.000000e+00
     vertex  5.335380e+00  1.294348e+01  0.000000e+00
   endloop
 endfacet
 facet normal  3.683796e-01  9.296754e-01  5.435997e-20
   outer loop
     vertex  4.978280e+00  1.308498e+01  2.250000e+01
     vertex  5.335380e+00  1.294348e+01  2.250000e+01
     vertex  5.335380e+00  1.294348e+01  0.000000e+00
   endloop
 endfacet
 facet normal  3.683796e-01  9.296754e-01  0.000000e+00
   outer loop
     vertex  4.978280e+00  1.308498e+01  2.250000e+01
     vertex  5.335380e+00  1.294348e+01  0.000000e+00
     vertex  4.978280e+00  1.308498e+01  0.000000e+00
   endloop
 endfacet
 facet normal  3.427362e-01  9.394317e-01  3.052405e-19
   outer loop
     vertex  4.617432e+00  1.321663e+01  2.250000e+01
     vertex  4.978280e+00  1.308498e+01  2.250000e+01
     vertex  4.978280e+00  1.308498e+01  0.000000e+00
   endloop
 endfacet
 facet normal  3.427362e-01  9.394317e-01  0.000000e+00
   outer loop
     vertex  4.617432e+00  1.321663e+01  2.250000e+01
     vertex  4.978280e+00  1.308498e+01  0.000000e+00
     vertex  4.617432e+00  1.321663e+01  0.000000e+00
   endloop
 endfacet
 facet normal  3.168348e-01  9.484807e-01  1.010983e-19
   outer loop
     vertex  4.253108e+00  1.333833e+01  2.250000e+01
     vertex  4.617432e+00  1.321663e+01  2.250000e+01
     vertex  4.617432e+00  1.321663e+01  0.000000e+00
   endloop
 endfacet
 facet normal  3.168348e-01  9.484807e-01  0.000000e+00
   outer loop
     vertex  4.253108e+00  1.333833e+01  2.250000e+01
     vertex  4.617432e+00  1.321663e+01  0.000000e+00
     vertex  4.253108e+00  1.333833e+01  0.000000e+00
   endloop
 endfacet
 facet normal  2.906949e-01  9.568158e-01 -9.889527e-20
   outer loop
     vertex  3.885583e+00  1.344999e+01  2.250000e+01
     vertex  4.253108e+00  1.333833e+01  2.250000e+01
     vertex  4.253108e+00  1.333833e+01  0.000000e+00
   endloop
 endfacet
 facet normal  2.906949e-01  9.568158e-01  0.000000e+00
   outer loop
     vertex  3.885583e+00  1.344999e+01  2.250000e+01
     vertex  4.253108e+00  1.333833e+01  0.000000e+00
     vertex  3.885583e+00  1.344999e+01  0.000000e+00
   endloop
 endfacet
 facet normal  2.643362e-01  9.644306e-01  1.032907e-19
   outer loop
     vertex  3.515133e+00  1.355153e+01  2.250000e+01
     vertex  3.885583e+00  1.344999e+01  2.250000e+01
     vertex  3.885583e+00  1.344999e+01  0.000000e+00
   endloop
 endfacet
 facet normal  2.643362e-01  9.644306e-01  0.000000e+00
   outer loop
     vertex  3.515133e+00  1.355153e+01  2.250000e+01
     vertex  3.885583e+00  1.344999e+01  0.000000e+00
     vertex  3.515133e+00  1.355153e+01  0.000000e+00
   endloop
 endfacet
 facet normal  2.377784e-01  9.713194e-01 -1.424864e-19
   outer loop
     vertex  3.142037e+00  1.364286e+01  2.250000e+01
     vertex  3.515133e+00  1.355153e+01  2.250000e+01
     vertex  3.515133e+00  1.355153e+01  0.000000e+00
   endloop
 endfacet
 facet normal  2.377784e-01  9.713194e-01  0.000000e+00
   outer loop
     vertex  3.142037e+00  1.364286e+01  2.250000e+01
     vertex  3.515133e+00  1.355153e+01  0.000000e+00
     vertex  3.142037e+00  1.364286e+01  0.000000e+00
   endloop
 endfacet
 facet normal  2.110417e-01  9.774771e-01  6.229595e-20
   outer loop
     vertex  2.766575e+00  1.372392e+01  2.250000e+01
     vertex  3.142037e+00  1.364286e+01  2.250000e+01
     vertex  3.142037e+00  1.364286e+01  0.000000e+00
   endloop
 endfacet
 facet normal  2.110417e-01  9.774771e-01  0.000000e+00
   outer loop
     vertex  2.766575e+00  1.372392e+01  2.250000e+01
     vertex  3.142037e+00  1.364286e+01  0.000000e+00
     vertex  2.766575e+00  1.372392e+01  0.000000e+00
   endloop
 endfacet
 facet normal  1.841461e-01  9.828989e-01  1.883995e-19
   outer loop
     vertex  2.389031e+00  1.379466e+01  2.250000e+01
     vertex  2.766575e+00  1.372392e+01  2.250000e+01
     vertex  2.766575e+00  1.372392e+01  0.000000e+00
   endloop
 endfacet
 facet normal  1.841461e-01  9.828989e-01  0.000000e+00
   outer loop
     vertex  2.389031e+00  1.379466e+01  2.250000e+01
     vertex  2.766575e+00  1.372392e+01  0.000000e+00
     vertex  2.389031e+00  1.379466e+01  0.000000e+00
   endloop
 endfacet
 facet normal  1.571119e-01  9.875808e-01 -5.736430e-20
   outer loop
     vertex  2.009689e+00  1.385500e+01  2.250000e+01
     vertex  2.389031e+00  1.379466e+01  2.250000e+01
     vertex  2.389031e+00  1.379466e+01  0.000000e+00
   endloop
 endfacet
 facet normal  1.571119e-01  9.875808e-01  0.000000e+00
   outer loop
     vertex  2.009689e+00  1.385500e+01  2.250000e+01
     vertex  2.389031e+00  1.379466e+01  0.000000e+00
     vertex  2.009689e+00  1.385500e+01  0.000000e+00
   endloop
 endfacet
 facet normal  1.299594e-01  9.915193e-01  0.000000e+00
   outer loop
     vertex  2.009689e+00  1.385500e+01  2.250000e+01
     vertex  2.009689e+00  1.385500e+01  0.000000e+00
     vertex  1.628833e+00  1.390492e+01  0.000000e+00
   endloop
 endfacet
 facet normal  1.299594e-01  9.915193e-01  0.000000e+00
   outer loop
     vertex  1.628833e+00  1.390492e+01  2.250000e+01
     vertex  2.009689e+00  1.385500e+01  2.250000e+01
     vertex  1.628833e+00  1.390492e+01  0.000000e+00
   endloop
 endfacet
 facet normal  1.027091e-01  9.947114e-01  4.995760e-20
   outer loop
     vertex  1.246752e+00  1.394438e+01  2.250000e+01
     vertex  1.628833e+00  1.390492e+01  2.250000e+01
     vertex  1.628833e+00  1.390492e+01  0.000000e+00
   endloop
 endfacet
 facet normal  1.027091e-01  9.947114e-01  0.000000e+00
   outer loop
     vertex  1.246752e+00  1.394438e+01  2.250000e+01
     vertex  1.628833e+00  1.390492e+01  0.000000e+00
     vertex  1.246752e+00  1.394438e+01  0.000000e+00
   endloop
 endfacet
 facet normal  7.538152e-02  9.971548e-01  0.000000e+00
   outer loop
     vertex  1.246752e+00  1.394438e+01  2.250000e+01
     vertex  1.246752e+00  1.394438e+01  0.000000e+00
     vertex  8.637321e-01  1.397333e+01  0.000000e+00
   endloop
 endfacet
 facet normal  7.538152e-02  9.971548e-01  0.000000e+00
   outer loop
     vertex  8.637321e-01  1.397333e+01  2.250000e+01
     vertex  1.246752e+00  1.394438e+01  2.250000e+01
     vertex  8.637321e-01  1.397333e+01  0.000000e+00
   endloop
 endfacet
 facet normal  4.799716e-02  9.988475e-01  4.071108e-20
   outer loop
     vertex  4.800620e-01  1.399177e+01  2.250000e+01
     vertex  8.637321e-01  1.397333e+01  2.250000e+01
     vertex  8.637321e-01  1.397333e+01  0.000000e+00
   endloop
 endfacet
 facet normal  4.799716e-02  9.988475e-01  0.000000e+00
   outer loop
     vertex  4.800620e-01  1.399177e+01  2.250000e+01
     vertex  8.637321e-01  1.397333e+01  0.000000e+00
     vertex  4.800620e-01  1.399177e+01  0.000000e+00
   endloop
 endfacet
 facet normal  2.057667e-02  9.997883e-01 -2.138784e-20
   outer loop
     vertex  9.603046e-02  1.399967e+01  2.250000e+01
     vertex  4.800620e-01  1.399177e+01  2.250000e+01
     vertex  4.800620e-01  1.399177e+01  0.000000e+00
   endloop
 endfacet
 facet normal  2.057667e-02  9.997883e-01  0.000000e+00
   outer loop
     vertex  9.603046e-02  1.399967e+01  2.250000e+01
     vertex  4.800620e-01  1.399177e+01  0.000000e+00
     vertex  9.603046e-02  1.399967e+01  0.000000e+00
   endloop
 endfacet
 facet normal -6.859319e-03  9.999765e-01  9.730261e-21
   outer loop
     vertex -2.880733e-01  1.399704e+01  2.250000e+01
     vertex  9.603046e-02  1.399967e+01  2.250000e+01
     vertex  9.603046e-02  1.399967e+01  0.000000e+00
   endloop
 endfacet
 facet normal -6.859319e-03  9.999765e-01  0.000000e+00
   outer loop
     vertex -2.880733e-01  1.399704e+01  2.250000e+01
     vertex  9.603046e-02  1.399967e+01  0.000000e+00
     vertex -2.880733e-01  1.399704e+01  0.000000e+00
   endloop
 endfacet
 facet normal -3.429014e-02  9.994119e-01  0.000000e+00
   outer loop
     vertex -2.880733e-01  1.399704e+01  2.250000e+01
     vertex -2.880733e-01  1.399704e+01  0.000000e+00
     vertex -6.719602e-01  1.398386e+01  0.000000e+00
   endloop
 endfacet
 facet normal -3.429014e-02  9.994119e-01  0.000000e+00
   outer loop
     vertex -6.719602e-01  1.398386e+01  2.250000e+01
     vertex -2.880733e-01  1.399704e+01  2.250000e+01
     vertex -6.719602e-01  1.398386e+01  0.000000e+00
   endloop
 endfacet
 facet normal -6.169515e-02  9.980950e-01  0.000000e+00
   outer loop
     vertex -6.719602e-01  1.398386e+01  2.250000e+01
     vertex -6.719602e-01  1.398386e+01  0.000000e+00
     vertex -1.055341e+00  1.396017e+01  0.000000e+00
   endloop
 endfacet
 facet normal -6.169515e-02  9.980950e-01  0.000000e+00
   outer loop
     vertex -1.055341e+00  1.396017e+01  2.250000e+01
     vertex -6.719602e-01  1.398386e+01  2.250000e+01
     vertex -1.055341e+00  1.396017e+01  0.000000e+00
   endloop
 endfacet
 facet normal -8.905371e-02  9.960268e-01 -8.113095e-20
   outer loop
     vertex -1.437928e+00  1.392596e+01  2.250000e+01
     vertex -1.055341e+00  1.396017e+01  2.250000e+01
     vertex -1.055341e+00  1.396017e+01  0.000000e+00
   endloop
 endfacet
 facet normal -8.905371e-02  9.960268e-01  0.000000e+00
   outer loop
     vertex -1.437928e+00  1.392596e+01  2.250000e+01
     vertex -1.055341e+00  1.396017e+01  0.000000e+00
     vertex -1.437928e+00  1.392596e+01  0.000000e+00
   endloop
 endfacet
 facet normal -1.163452e-01  9.932088e-01  1.297686e-19
   outer loop
     vertex -1.819432e+00  1.388127e+01  2.250000e+01
     vertex -1.437928e+00  1.392596e+01  2.250000e+01
     vertex -1.437928e+00  1.392596e+01  0.000000e+00
   endloop
 endfacet
 facet normal -1.163452e-01  9.932088e-01  0.000000e+00
   outer loop
     vertex -1.819432e+00  1.388127e+01  2.250000e+01
     vertex -1.437928e+00  1.392596e+01  0.000000e+00
     vertex -1.819432e+00  1.388127e+01  0.000000e+00
   endloop
 endfacet
 facet normal -1.435492e-01  9.896432e-01 -1.361840e-19
   outer loop
     vertex -2.199567e+00  1.382613e+01  2.250000e+01
     vertex -1.819432e+00  1.388127e+01  2.250000e+01
     vertex -1.819432e+00  1.388127e+01  0.000000e+00
   endloop
 endfacet
 facet normal -1.435492e-01  9.896432e-01  0.000000e+00
   outer loop
     vertex -2.199567e+00  1.382613e+01  2.250000e+01
     vertex -1.819432e+00  1.388127e+01  0.000000e+00
     vertex -2.199567e+00  1.382613e+01  0.000000e+00
   endloop
 endfacet
 facet normal -1.706451e-01  9.853326e-01  0.000000e+00
   outer loop
     vertex -2.578046e+00  1.376058e+01  2.250000e+01
     vertex -2.199567e+00  1.382613e+01  0.000000e+00
     vertex -2.578046e+00  1.376058e+01  0.000000e+00
   endloop
 endfacet
 facet normal -1.706451e-01  9.853326e-01  1.978408e-19
   outer loop
     vertex -2.578046e+00  1.376058e+01  2.250000e+01
     vertex -2.199567e+00  1.382613e+01  2.250000e+01
     vertex -2.199567e+00  1.382613e+01  0.000000e+00
   endloop
 endfacet
 facet normal -1.976125e-01  9.802802e-01  0.000000e+00
   outer loop
     vertex -2.954584e+00  1.368468e+01  2.250000e+01
     vertex -2.578046e+00  1.376058e+01  0.000000e+00
     vertex -2.954584e+00  1.368468e+01  0.000000e+00
   endloop
 endfacet
 facet normal -1.976125e-01  9.802802e-01  4.902101e-20
   outer loop
     vertex -2.954584e+00  1.368468e+01  2.250000e+01
     vertex -2.578046e+00  1.376058e+01  2.250000e+01
     vertex -2.578046e+00  1.376058e+01  0.000000e+00
   endloop
 endfacet
 facet normal -2.244312e-01  9.744899e-01  0.000000e+00
   outer loop
     vertex -3.328898e+00  1.359847e+01  2.250000e+01
     vertex -2.954584e+00  1.368468e+01  0.000000e+00
     vertex -3.328898e+00  1.359847e+01  0.000000e+00
   endloop
 endfacet
 facet normal -2.244312e-01  9.744899e-01  2.243600e-19
   outer loop
     vertex -3.328898e+00  1.359847e+01  2.250000e+01
     vertex -2.954584e+00  1.368468e+01  2.250000e+01
     vertex -2.954584e+00  1.368468e+01  0.000000e+00
   endloop
 endfacet
 facet normal -2.510809e-01  9.679661e-01  0.000000e+00
   outer loop
     vertex -3.700706e+00  1.350203e+01  2.250000e+01
     vertex -3.328898e+00  1.359847e+01  0.000000e+00
     vertex -3.700706e+00  1.350203e+01  0.000000e+00
   endloop
 endfacet
 facet normal -2.510809e-01  9.679661e-01  2.405123e-19
   outer loop
     vertex -3.700706e+00  1.350203e+01  2.250000e+01
     vertex -3.328898e+00  1.359847e+01  2.250000e+01
     vertex -3.328898e+00  1.359847e+01  0.000000e+00
   endloop
 endfacet
 facet normal -2.775416e-01  9.607136e-01 -1.912912e-19
   outer loop
     vertex -4.069729e+00  1.339542e+01  2.250000e+01
     vertex -3.700706e+00  1.350203e+01  2.250000e+01
     vertex -3.700706e+00  1.350203e+01  0.000000e+00
   endloop
 endfacet
 facet normal -2.775416e-01  9.607136e-01  0.000000e+00
   outer loop
     vertex -4.069729e+00  1.339542e+01  2.250000e+01
     vertex -3.700706e+00  1.350203e+01  0.000000e+00
     vertex -4.069729e+00  1.339542e+01  0.000000e+00
   endloop
 endfacet
 facet normal -3.037934e-01  9.527379e-01  5.804170e-20
   outer loop
     vertex -4.435687e+00  1.327873e+01  2.250000e+01
     vertex -4.069729e+00  1.339542e+01  2.250000e+01
     vertex -4.069729e+00  1.339542e+01  0.000000e+00
   endloop
 endfacet
 facet normal -3.037934e-01  9.527379e-01  0.000000e+00
   outer loop
     vertex -4.435687e+00  1.327873e+01  2.250000e+01
     vertex -4.069729e+00  1.339542e+01  0.000000e+00
     vertex -4.435687e+00  1.327873e+01  0.000000e+00
   endloop
 endfacet
 facet normal -3.298166e-01  9.440450e-01  3.497449e-19
   outer loop
     vertex -4.798307e+00  1.315204e+01  2.250000e+01
     vertex -4.435687e+00  1.327873e+01  2.250000e+01
     vertex -4.435687e+00  1.327873e+01  0.000000e+00
   endloop
 endfacet
 facet normal -3.298166e-01  9.440450e-01  0.000000e+00
   outer loop
     vertex -4.798307e+00  1.315204e+01  2.250000e+01
     vertex -4.435687e+00  1.327873e+01  0.000000e+00
     vertex -4.798307e+00  1.315204e+01  0.000000e+00
   endloop
 endfacet
 facet normal -3.555914e-01  9.346415e-01 -3.835262e-21
   outer loop
     vertex -5.157315e+00  1.301546e+01  2.250000e+01
     vertex -4.798307e+00  1.315204e+01  2.250000e+01
     vertex -4.798307e+00  1.315204e+01  0.000000e+00
   endloop
 endfacet
 facet normal -3.555914e-01  9.346415e-01  0.000000e+00
   outer loop
     vertex -5.157315e+00  1.301546e+01  2.250000e+01
     vertex -4.798307e+00  1.315204e+01  0.000000e+00
     vertex -5.157315e+00  1.301546e+01  0.000000e+00
   endloop
 endfacet
 facet normal -3.810986e-01  9.245344e-01  0.000000e+00
   outer loop
     vertex -5.157315e+00  1.301546e+01  2.250000e+01
     vertex -5.157315e+00  1.301546e+01  0.000000e+00
     vertex -5.512441e+00  1.286907e+01  0.000000e+00
   endloop
 endfacet
 facet normal -3.810986e-01  9.245344e-01  0.000000e+00
   outer loop
     vertex -5.512441e+00  1.286907e+01  2.250000e+01
     vertex -5.157315e+00  1.301546e+01  2.250000e+01
     vertex -5.512441e+00  1.286907e+01  0.000000e+00
   endloop
 endfacet
 facet normal -4.063188e-01  9.137314e-01  0.000000e+00
   outer loop
     vertex -5.863416e+00  1.271300e+01  2.250000e+01
     vertex -5.512441e+00  1.286907e+01  0.000000e+00
     vertex -5.863416e+00  1.271300e+01  0.000000e+00
   endloop
 endfacet
 facet normal -4.063188e-01  9.137314e-01  3.762443e-19
   outer loop
     vertex -5.863416e+00  1.271300e+01  2.250000e+01
     vertex -5.512441e+00  1.286907e+01  2.250000e+01
     vertex -5.512441e+00  1.286907e+01  0.000000e+00
   endloop
 endfacet
 facet normal -4.312333e-01  9.022405e-01  0.000000e+00
   outer loop
     vertex -6.209979e+00  1.254736e+01  2.250000e+01
     vertex -5.863416e+00  1.271300e+01  0.000000e+00
     vertex -6.209979e+00  1.254736e+01  0.000000e+00
   endloop
 endfacet
 facet normal -4.312333e-01  9.022405e-01 -2.336038e-19
   outer loop
     vertex -6.209979e+00  1.254736e+01  2.250000e+01
     vertex -5.863416e+00  1.271300e+01  2.250000e+01
     vertex -5.863416e+00  1.271300e+01  0.000000e+00
   endloop
 endfacet
 facet normal -4.558231e-01  8.900704e-01  0.000000e+00
   outer loop
     vertex -6.551866e+00  1.237227e+01  2.250000e+01
     vertex -6.209979e+00  1.254736e+01  0.000000e+00
     vertex -6.551866e+00  1.237227e+01  0.000000e+00
   endloop
 endfacet
 facet normal -4.558231e-01  8.900704e-01  1.969304e-19
   outer loop
     vertex -6.551866e+00  1.237227e+01  2.250000e+01
     vertex -6.209979e+00  1.254736e+01  2.250000e+01
     vertex -6.209979e+00  1.254736e+01  0.000000e+00
   endloop
 endfacet
 facet normal -4.800697e-01  8.772303e-01  0.000000e+00
   outer loop
     vertex -6.888821e+00  1.218787e+01  2.250000e+01
     vertex -6.551866e+00  1.237227e+01  0.000000e+00
     vertex -6.888821e+00  1.218787e+01  0.000000e+00
   endloop
 endfacet
 facet normal -4.800697e-01  8.772303e-01 -2.834996e-19
   outer loop
     vertex -6.888821e+00  1.218787e+01  2.250000e+01
     vertex -6.551866e+00  1.237227e+01  2.250000e+01
     vertex -6.551866e+00  1.237227e+01  0.000000e+00
   endloop
 endfacet
 facet normal -5.039550e-01  8.637299e-01  0.000000e+00
   outer loop
     vertex -7.220591e+00  1.199429e+01  2.250000e+01
     vertex -6.888821e+00  1.218787e+01  0.000000e+00
     vertex -7.220591e+00  1.199429e+01  0.000000e+00
   endloop
 endfacet
 facet normal -5.274609e-01  8.495793e-01  0.000000e+00
   outer loop
     vertex -7.220591e+00  1.199429e+01  2.250000e+01
     vertex -7.220591e+00  1.199429e+01  0.000000e+00
     vertex -7.546926e+00  1.179169e+01  0.000000e+00
   endloop
 endfacet
 facet normal -5.039550e-01  8.637299e-01  1.934277e-19
   outer loop
     vertex -7.220591e+00  1.199429e+01  2.250000e+01
     vertex -6.888821e+00  1.218787e+01  2.250000e+01
     vertex -6.888821e+00  1.218787e+01  0.000000e+00
   endloop
 endfacet
 facet normal -5.274609e-01  8.495793e-01  0.000000e+00
   outer loop
     vertex -7.546926e+00  1.179169e+01  2.250000e+01
     vertex -7.220591e+00  1.199429e+01  2.250000e+01
     vertex -7.546926e+00  1.179169e+01  0.000000e+00
   endloop
 endfacet
 facet normal -5.505698e-01  8.347891e-01  0.000000e+00
   outer loop
     vertex -7.867579e+00  1.158021e+01  2.250000e+01
     vertex -7.546926e+00  1.179169e+01  0.000000e+00
     vertex -7.867579e+00  1.158021e+01  0.000000e+00
   endloop
 endfacet
 facet normal -5.732642e-01  8.193706e-01  0.000000e+00
   outer loop
     vertex -7.867579e+00  1.158021e+01  2.250000e+01
     vertex -7.867579e+00  1.158021e+01  0.000000e+00
     vertex -8.182309e+00  1.136001e+01  0.000000e+00
   endloop
 endfacet
 facet normal -5.505698e-01  8.347891e-01  1.956718e-19
   outer loop
     vertex -7.867579e+00  1.158021e+01  2.250000e+01
     vertex -7.546926e+00  1.179169e+01  2.250000e+01
     vertex -7.546926e+00  1.179169e+01  0.000000e+00
   endloop
 endfacet
 facet normal -5.955271e-01  8.033352e-01  0.000000e+00
   outer loop
     vertex -8.182309e+00  1.136001e+01  2.250000e+01
     vertex -8.182309e+00  1.136001e+01  0.000000e+00
     vertex -8.490881e+00  1.113126e+01  0.000000e+00
   endloop
 endfacet
 facet normal -5.732642e-01  8.193706e-01  0.000000e+00
   outer loop
     vertex -8.182309e+00  1.136001e+01  2.250000e+01
     vertex -7.867579e+00  1.158021e+01  2.250000e+01
     vertex -8.182309e+00  1.136001e+01  0.000000e+00
   endloop
 endfacet
 facet normal -5.955271e-01  8.033352e-01  0.000000e+00
   outer loop
     vertex -8.490881e+00  1.113126e+01  2.250000e+01
     vertex -8.182309e+00  1.136001e+01  2.250000e+01
     vertex -8.490881e+00  1.113126e+01  0.000000e+00
   endloop
 endfacet
 facet normal -6.173417e-01  7.866951e-01  0.000000e+00
   outer loop
     vertex -8.793060e+00  1.089413e+01  2.250000e+01
     vertex -8.490881e+00  1.113126e+01  0.000000e+00
     vertex -8.793060e+00  1.089413e+01  0.000000e+00
   endloop
 endfacet
 facet normal -6.386916e-01  7.694628e-01  0.000000e+00
   outer loop
     vertex -8.793060e+00  1.089413e+01  2.250000e+01
     vertex -8.793060e+00  1.089413e+01  0.000000e+00
     vertex -9.088621e+00  1.064880e+01  0.000000e+00
   endloop
 endfacet
 facet normal -6.173417e-01  7.866951e-01  7.928619e-19
   outer loop
     vertex -8.793060e+00  1.089413e+01  2.250000e+01
     vertex -8.490881e+00  1.113126e+01  2.250000e+01
     vertex -8.490881e+00  1.113126e+01  0.000000e+00
   endloop
 endfacet
 facet normal -6.386916e-01  7.694628e-01  0.000000e+00
   outer loop
     vertex -9.088621e+00  1.064880e+01  2.250000e+01
     vertex -8.793060e+00  1.089413e+01  2.250000e+01
     vertex -9.088621e+00  1.064880e+01  0.000000e+00
   endloop
 endfacet
 facet normal -6.595607e-01  7.516513e-01  0.000000e+00
   outer loop
     vertex -9.377340e+00  1.039546e+01  2.250000e+01
     vertex -9.088621e+00  1.064880e+01  0.000000e+00
     vertex -9.377340e+00  1.039546e+01  0.000000e+00
   endloop
 endfacet
 facet normal -6.799333e-01  7.332740e-01  0.000000e+00
   outer loop
     vertex -9.377340e+00  1.039546e+01  2.250000e+01
     vertex -9.377340e+00  1.039546e+01  0.000000e+00
     vertex -9.659000e+00  1.013428e+01  0.000000e+00
   endloop
 endfacet
 facet normal -6.595607e-01  7.516513e-01  8.749408e-20
   outer loop
     vertex -9.377340e+00  1.039546e+01  2.250000e+01
     vertex -9.088621e+00  1.064880e+01  2.250000e+01
     vertex -9.088621e+00  1.064880e+01  0.000000e+00
   endloop
 endfacet
 facet normal -6.997940e-01  7.143447e-01  0.000000e+00
   outer loop
     vertex -9.659000e+00  1.013428e+01  2.250000e+01
     vertex -9.659000e+00  1.013428e+01  0.000000e+00
     vertex -9.933389e+00  9.865485e+00  0.000000e+00
   endloop
 endfacet
 facet normal -6.799333e-01  7.332740e-01  0.000000e+00
   outer loop
     vertex -9.659000e+00  1.013428e+01  2.250000e+01
     vertex -9.377340e+00  1.039546e+01  2.250000e+01
     vertex -9.659000e+00  1.013428e+01  0.000000e+00
   endloop
 endfacet
 facet normal -6.997940e-01  7.143447e-01  0.000000e+00
   outer loop
     vertex -9.933389e+00  9.865485e+00  2.250000e+01
     vertex -9.659000e+00  1.013428e+01  2.250000e+01
     vertex -9.933389e+00  9.865485e+00  0.000000e+00
   endloop
 endfacet
 facet normal -7.191280e-01  6.948776e-01  0.000000e+00
   outer loop
     vertex -1.020030e+01  9.589258e+00  2.250000e+01
     vertex -9.933389e+00  9.865485e+00  0.000000e+00
     vertex -1.020030e+01  9.589258e+00  0.000000e+00
   endloop
 endfacet
 facet normal -7.191280e-01  6.948776e-01  7.190680e-20
   outer loop
     vertex -1.020030e+01  9.589258e+00  2.250000e+01
     vertex -9.933389e+00  9.865485e+00  2.250000e+01
     vertex -9.933389e+00  9.865485e+00  0.000000e+00
   endloop
 endfacet
 facet normal -7.379206e-01  6.748875e-01  0.000000e+00
   outer loop
     vertex -1.045953e+01  9.305814e+00  2.250000e+01
     vertex -1.020030e+01  9.589258e+00  0.000000e+00
     vertex -1.045953e+01  9.305814e+00  0.000000e+00
   endloop
 endfacet
 facet normal -7.379206e-01  6.748875e-01  6.521787e-19
   outer loop
     vertex -1.045953e+01  9.305814e+00  2.250000e+01
     vertex -1.020030e+01  9.589258e+00  2.250000e+01
     vertex -1.020030e+01  9.589258e+00  0.000000e+00
   endloop
 endfacet
 facet normal -7.561578e-01  6.543893e-01  0.000000e+00
   outer loop
     vertex -1.071089e+01  9.015364e+00  2.250000e+01
     vertex -1.045953e+01  9.305814e+00  0.000000e+00
     vertex -1.071089e+01  9.015364e+00  0.000000e+00
   endloop
 endfacet
 facet normal -7.561578e-01  6.543893e-01 -1.737692e-20
   outer loop
     vertex -1.071089e+01  9.015364e+00  2.250000e+01
     vertex -1.045953e+01  9.305814e+00  2.250000e+01
     vertex -1.045953e+01  9.305814e+00  0.000000e+00
   endloop
 endfacet
 facet normal -7.738257e-01  6.333986e-01  0.000000e+00
   outer loop
     vertex -1.095419e+01  8.718127e+00  2.250000e+01
     vertex -1.071089e+01  9.015364e+00  0.000000e+00
     vertex -1.095419e+01  8.718127e+00  0.000000e+00
   endloop
 endfacet
 facet normal -7.738257e-01  6.333986e-01  5.971500e-19
   outer loop
     vertex -1.095419e+01  8.718127e+00  2.250000e+01
     vertex -1.071089e+01  9.015364e+00  2.250000e+01
     vertex -1.071089e+01  9.015364e+00  0.000000e+00
   endloop
 endfacet
 facet normal -7.909112e-01  6.119310e-01  0.000000e+00
   outer loop
     vertex -1.118924e+01  8.414328e+00  2.250000e+01
     vertex -1.095419e+01  8.718127e+00  0.000000e+00
     vertex -1.118924e+01  8.414328e+00  0.000000e+00
   endloop
 endfacet
 facet normal -8.074012e-01  5.900028e-01  0.000000e+00
   outer loop
     vertex -1.118924e+01  8.414328e+00  2.250000e+01
     vertex -1.118924e+01  8.414328e+00  0.000000e+00
     vertex -1.141587e+01  8.104195e+00  0.000000e+00
   endloop
 endfacet
 facet normal -7.909112e-01  6.119310e-01 -7.277544e-19
   outer loop
     vertex -1.118924e+01  8.414328e+00  2.250000e+01
     vertex -1.095419e+01  8.718127e+00  2.250000e+01
     vertex -1.095419e+01  8.718127e+00  0.000000e+00
   endloop
 endfacet
 facet normal -8.074012e-01  5.900028e-01  0.000000e+00
   outer loop
     vertex -1.141587e+01  8.104195e+00  2.250000e+01
     vertex -1.118924e+01  8.414328e+00  2.250000e+01
     vertex -1.141587e+01  8.104195e+00  0.000000e+00
   endloop
 endfacet
 facet normal -8.232835e-01  5.676304e-01  6.483407e-19
   outer loop
     vertex -1.163390e+01  7.787961e+00  2.250000e+01
     vertex -1.141587e+01  8.104195e+00  2.250000e+01
     vertex -1.141587e+01  8.104195e+00  0.000000e+00
   endloop
 endfacet
 facet normal -8.232835e-01  5.676304e-01  0.000000e+00
   outer loop
     vertex -1.163390e+01  7.787961e+00  2.250000e+01
     vertex -1.141587e+01  8.104195e+00  0.000000e+00
     vertex -1.163390e+01  7.787961e+00  0.000000e+00
   endloop
 endfacet
 facet normal -8.385460e-01  5.448308e-01  7.985162e-19
   outer loop
     vertex -1.184318e+01  7.465865e+00  2.250000e+01
     vertex -1.163390e+01  7.787961e+00  2.250000e+01
     vertex -1.163390e+01  7.787961e+00  0.000000e+00
   endloop
 endfacet
 facet normal -8.385460e-01  5.448308e-01  0.000000e+00
   outer loop
     vertex -1.184318e+01  7.465865e+00  2.250000e+01
     vertex -1.163390e+01  7.787961e+00  0.000000e+00
     vertex -1.184318e+01  7.465865e+00  0.000000e+00
   endloop
 endfacet
 facet normal -8.531773e-01  5.216210e-01 -6.101857e-20
   outer loop
     vertex -1.204354e+01  7.138149e+00  2.250000e+01
     vertex -1.184318e+01  7.465865e+00  2.250000e+01
     vertex -1.184318e+01  7.465865e+00  0.000000e+00
   endloop
 endfacet
 facet normal -8.531773e-01  5.216210e-01  0.000000e+00
   outer loop
     vertex -1.204354e+01  7.138149e+00  2.250000e+01
     vertex -1.184318e+01  7.465865e+00  0.000000e+00
     vertex -1.204354e+01  7.138149e+00  0.000000e+00
   endloop
 endfacet
 facet normal -8.671664e-01  4.980186e-01  0.000000e+00
   outer loop
     vertex -1.204354e+01  7.138149e+00  2.250000e+01
     vertex -1.204354e+01  7.138149e+00  0.000000e+00
     vertex -1.223483e+01  6.805059e+00  0.000000e+00
   endloop
 endfacet
 facet normal -8.671664e-01  4.980186e-01  0.000000e+00
   outer loop
     vertex -1.223483e+01  6.805059e+00  2.250000e+01
     vertex -1.204354e+01  7.138149e+00  2.250000e+01
     vertex -1.223483e+01  6.805059e+00  0.000000e+00
   endloop
 endfacet
 facet normal -8.805026e-01  4.740412e-01  1.713025e-19
   outer loop
     vertex -1.241692e+01  6.466847e+00  2.250000e+01
     vertex -1.223483e+01  6.805059e+00  2.250000e+01
     vertex -1.223483e+01  6.805059e+00  0.000000e+00
   endloop
 endfacet
 facet normal -8.805026e-01  4.740412e-01  0.000000e+00
   outer loop
     vertex -1.241692e+01  6.466847e+00  2.250000e+01
     vertex -1.223483e+01  6.805059e+00  0.000000e+00
     vertex -1.241692e+01  6.466847e+00  0.000000e+00
   endloop
 endfacet
 facet normal -8.931761e-01  4.497071e-01  1.727581e-04
   outer loop
     vertex -1.264911e+01  6.000000e+00  1.480000e+01
     vertex -1.241692e+01  6.466847e+00  0.000000e+00
     vertex -1.258966e+01  6.123766e+00  0.000000e+00
   endloop
 endfacet
 facet normal -8.953706e-01  4.453217e-01  1.324617e-19
   outer loop
     vertex -1.264911e+01  6.000000e+00  1.480000e+01
     vertex -1.241692e+01  6.466847e+00  2.250000e+01
     vertex -1.241692e+01  6.466847e+00  0.000000e+00
   endloop
 endfacet
 facet normal -9.051772e-01  4.250344e-01 -8.748652e-05
   outer loop
     vertex -1.268315e+01  5.927698e+00  1.480000e+01
     vertex -1.258966e+01  6.123766e+00  0.000000e+00
     vertex -1.275292e+01  5.776076e+00  0.000000e+00
   endloop
 endfacet
 facet normal -9.047274e-01  4.259909e-01 -7.197235e-05
   outer loop
     vertex -1.268315e+01  5.927698e+00  1.480000e+01
     vertex -1.264911e+01  6.000000e+00  1.480000e+01
     vertex -1.258966e+01  6.123766e+00  0.000000e+00
   endloop
 endfacet
 facet normal -8.931761e-01  4.497070e-01 -3.320545e-04
   outer loop
     vertex -1.258966e+01  6.123766e+00  2.250000e+01
     vertex -1.241692e+01  6.466847e+00  2.250000e+01
     vertex -1.264911e+01  6.000000e+00  1.480000e+01
   endloop
 endfacet
 facet normal -9.071443e-01  4.208196e-01 -3.503464e-05
   outer loop
     vertex -1.271678e+01  5.855203e+00  1.480000e+01
     vertex -1.268315e+01  5.927698e+00  1.480000e+01
     vertex -1.275292e+01  5.776076e+00  0.000000e+00
   endloop
 endfacet
 facet normal -9.013954e-01  4.329969e-01  0.000000e+00
   outer loop
     vertex -1.264911e+01  6.000000e+00  1.980000e+01
     vertex -1.258966e+01  6.123766e+00  2.250000e+01
     vertex -1.264911e+01  6.000000e+00  1.480000e+01
   endloop
 endfacet
 facet normal -9.095317e-01  4.156345e-01 -1.484354e-06
   outer loop
     vertex -1.275000e+01  5.782517e+00  1.480000e+01
     vertex -1.271678e+01  5.855203e+00  1.480000e+01
     vertex -1.275292e+01  5.776076e+00  0.000000e+00
   endloop
 endfacet
 facet normal -9.047274e-01  4.259909e-01  3.945151e-04
   outer loop
     vertex -1.268315e+01  5.927698e+00  1.980000e+01
     vertex -1.258966e+01  6.123766e+00  2.250000e+01
     vertex -1.264911e+01  6.000000e+00  1.980000e+01
   endloop
 endfacet
 facet normal -9.051771e-01  4.250343e-01  4.795557e-04
   outer loop
     vertex -1.275292e+01  5.776076e+00  2.250000e+01
     vertex -1.258966e+01  6.123766e+00  2.250000e+01
     vertex -1.268315e+01  5.927698e+00  1.980000e+01
   endloop
 endfacet
 facet normal -9.071443e-01  4.208196e-01  1.920417e-04
   outer loop
     vertex -1.275292e+01  5.776076e+00  2.250000e+01
     vertex -1.268315e+01  5.927698e+00  1.980000e+01
     vertex -1.271678e+01  5.855203e+00  1.980000e+01
   endloop
 endfacet
 facet normal -9.095317e-01  4.156345e-01  8.136461e-06
   outer loop
     vertex -1.275292e+01  5.776076e+00  2.250000e+01
     vertex -1.271678e+01  5.855203e+00  1.980000e+01
     vertex -1.275000e+01  5.782517e+00  1.980000e+01
   endloop
 endfacet
 facet normal -9.164969e-01  4.000417e-01 -6.026064e-06
   outer loop
     vertex -1.290402e+01  5.430136e+00  1.480000e+01
     vertex -1.275292e+01  5.776076e+00  0.000000e+00
     vertex -1.290658e+01  5.424038e+00  0.000000e+00
   endloop
 endfacet
 facet normal -9.163013e-01  4.004896e-01  6.441655e-06
   outer loop
     vertex -1.290402e+01  5.430136e+00  1.480000e+01
     vertex -1.275000e+01  5.782517e+00  1.480000e+01
     vertex -1.275292e+01  5.776076e+00  0.000000e+00
   endloop
 endfacet
 facet normal -9.163013e-01  4.004896e-01 -3.530981e-05
   outer loop
     vertex -1.290402e+01  5.430136e+00  1.980000e+01
     vertex -1.275292e+01  5.776076e+00  2.250000e+01
     vertex -1.275000e+01  5.782517e+00  1.980000e+01
   endloop
 endfacet
 facet normal -9.164969e-01  4.000417e-01  3.303176e-05
   outer loop
     vertex -1.290658e+01  5.424038e+00  2.250000e+01
     vertex -1.275292e+01  5.776076e+00  2.250000e+01
     vertex -1.290402e+01  5.430136e+00  1.980000e+01
   endloop
 endfacet
 facet normal -9.271267e-01  3.747479e-01 -5.617253e-06
   outer loop
     vertex -1.304829e+01  5.073657e+00  1.480000e+01
     vertex -1.290658e+01  5.424038e+00  0.000000e+00
     vertex -1.305053e+01  5.067917e+00  0.000000e+00
   endloop
 endfacet
 facet normal -9.269557e-01  3.751709e-01  6.033346e-06
   outer loop
     vertex -1.304829e+01  5.073657e+00  1.480000e+01
     vertex -1.290402e+01  5.430136e+00  1.480000e+01
     vertex -1.290658e+01  5.424038e+00  0.000000e+00
   endloop
 endfacet
 facet normal -9.269557e-01  3.751709e-01 -3.307168e-05
   outer loop
     vertex -1.304829e+01  5.073657e+00  1.980000e+01
     vertex -1.290658e+01  5.424038e+00  2.250000e+01
     vertex -1.290402e+01  5.430136e+00  1.980000e+01
   endloop
 endfacet
 facet normal -9.271267e-01  3.747479e-01  3.079087e-05
   outer loop
     vertex -1.305053e+01  5.067917e+00  2.250000e+01
     vertex -1.290658e+01  5.424038e+00  2.250000e+01
     vertex -1.304829e+01  5.073657e+00  1.980000e+01
   endloop
 endfacet
 facet normal -9.370586e-01  3.491720e-01 -5.207438e-06
   outer loop
     vertex -1.318273e+01  4.713351e+00  1.480000e+01
     vertex -1.305053e+01  5.067917e+00  0.000000e+00
     vertex -1.318465e+01  4.707980e+00  0.000000e+00
   endloop
 endfacet
 facet normal -9.369106e-01  3.495690e-01  5.624033e-06
   outer loop
     vertex -1.318273e+01  4.713351e+00  1.480000e+01
     vertex -1.304829e+01  5.073657e+00  1.480000e+01
     vertex -1.305053e+01  5.067917e+00  0.000000e+00
   endloop
 endfacet
 facet normal -9.369106e-01  3.495690e-01 -3.082803e-05
   outer loop
     vertex -1.318273e+01  4.713351e+00  1.980000e+01
     vertex -1.305053e+01  5.067917e+00  2.250000e+01
     vertex -1.304829e+01  5.073657e+00  1.980000e+01
   endloop
 endfacet
 facet normal -9.370586e-01  3.491720e-01  2.854448e-05
   outer loop
     vertex -1.318465e+01  4.707980e+00  2.250000e+01
     vertex -1.305053e+01  5.067917e+00  2.250000e+01
     vertex -1.318273e+01  4.713351e+00  1.980000e+01
   endloop
 endfacet
 facet normal -9.462851e-01  3.233333e-01 -4.796618e-06
   outer loop
     vertex -1.330721e+01  4.349487e+00  1.480000e+01
     vertex -1.318465e+01  4.707980e+00  0.000000e+00
     vertex -1.330884e+01  4.344500e+00  0.000000e+00
   endloop
 endfacet
 facet normal -9.461586e-01  3.237033e-01  5.213716e-06
   outer loop
     vertex -1.330721e+01  4.349487e+00  1.480000e+01
     vertex -1.318273e+01  4.713351e+00  1.480000e+01
     vertex -1.318465e+01  4.707980e+00  0.000000e+00
   endloop
 endfacet
 facet normal -9.461586e-01  3.237033e-01 -2.857889e-05
   outer loop
     vertex -1.330721e+01  4.349487e+00  1.980000e+01
     vertex -1.318465e+01  4.707980e+00  2.250000e+01
     vertex -1.318273e+01  4.713351e+00  1.980000e+01
   endloop
 endfacet
 facet normal -9.462851e-01  3.233333e-01  2.629257e-05
   outer loop
     vertex -1.330884e+01  4.344500e+00  2.250000e+01
     vertex -1.318465e+01  4.707980e+00  2.250000e+01
     vertex -1.330721e+01  4.349487e+00  1.980000e+01
   endloop
 endfacet
 facet normal -9.547993e-01  2.972512e-01 -4.384794e-06
   outer loop
     vertex -1.342166e+01  3.982342e+00  1.480000e+01
     vertex -1.330884e+01  4.344500e+00  0.000000e+00
     vertex -1.342302e+01  3.977749e+00  0.000000e+00
   endloop
 endfacet
 facet normal -9.546927e-01  2.975934e-01  4.802394e-06
   outer loop
     vertex -1.342166e+01  3.982342e+00  1.480000e+01
     vertex -1.330721e+01  4.349487e+00  1.480000e+01
     vertex -1.330884e+01  4.344500e+00  0.000000e+00
   endloop
 endfacet
 facet normal -9.546927e-01  2.975934e-01 -2.632423e-05
   outer loop
     vertex -1.342166e+01  3.982342e+00  1.980000e+01
     vertex -1.330884e+01  4.344500e+00  2.250000e+01
     vertex -1.330721e+01  4.349487e+00  1.980000e+01
   endloop
 endfacet
 facet normal -9.547993e-01  2.972512e-01  2.403517e-05
   outer loop
     vertex -1.342302e+01  3.977749e+00  2.250000e+01
     vertex -1.330884e+01  4.344500e+00  2.250000e+01
     vertex -1.342166e+01  3.982342e+00  1.980000e+01
   endloop
 endfacet
 facet normal -9.625948e-01  2.709453e-01 -3.971966e-06
   outer loop
     vertex -1.352598e+01  3.612192e+00  1.480000e+01
     vertex -1.342302e+01  3.977749e+00  0.000000e+00
     vertex -1.352710e+01  3.608004e+00  0.000000e+00
   endloop
 endfacet
 facet normal -9.625064e-01  2.712589e-01  4.390067e-06
   outer loop
     vertex -1.352598e+01  3.612192e+00  1.480000e+01
     vertex -1.342166e+01  3.982342e+00  1.480000e+01
     vertex -1.342302e+01  3.977749e+00  0.000000e+00
   endloop
 endfacet
 facet normal -9.625064e-01  2.712589e-01 -2.406407e-05
   outer loop
     vertex -1.352598e+01  3.612192e+00  1.980000e+01
     vertex -1.342302e+01  3.977749e+00  2.250000e+01
     vertex -1.342166e+01  3.982342e+00  1.980000e+01
   endloop
 endfacet
 facet normal -9.625948e-01  2.709453e-01  2.177226e-05
   outer loop
     vertex -1.352710e+01  3.608004e+00  2.250000e+01
     vertex -1.342302e+01  3.977749e+00  2.250000e+01
     vertex -1.352598e+01  3.612192e+00  1.980000e+01
   endloop
 endfacet
 facet normal -9.696656e-01  2.444354e-01 -3.558133e-06
   outer loop
     vertex -1.362009e+01  3.239316e+00  1.480000e+01
     vertex -1.352710e+01  3.608004e+00  0.000000e+00
     vertex -1.362099e+01  3.235543e+00  0.000000e+00
   endloop
 endfacet
 facet normal -9.695938e-01  2.447198e-01  3.976737e-06
   outer loop
     vertex -1.362009e+01  3.239316e+00  1.480000e+01
     vertex -1.352598e+01  3.612192e+00  1.480000e+01
     vertex -1.352710e+01  3.608004e+00  0.000000e+00
   endloop
 endfacet
 facet normal -9.695938e-01  2.447198e-01 -2.179841e-05
   outer loop
     vertex -1.362009e+01  3.239316e+00  1.980000e+01
     vertex -1.352710e+01  3.608004e+00  2.250000e+01
     vertex -1.352598e+01  3.612192e+00  1.980000e+01
   endloop
 endfacet
 facet normal -9.696656e-01  2.444354e-01  1.950384e-05
   outer loop
     vertex -1.362099e+01  3.235543e+00  2.250000e+01
     vertex -1.352710e+01  3.608004e+00  2.250000e+01
     vertex -1.362009e+01  3.239316e+00  1.980000e+01
   endloop
 endfacet
 facet normal -9.760065e-01  2.177416e-01 -3.143296e-06
   outer loop
     vertex -1.370392e+01  2.863996e+00  1.480000e+01
     vertex -1.362099e+01  3.235543e+00  0.000000e+00
     vertex -1.370462e+01  2.860647e+00  0.000000e+00
   endloop
 endfacet
 facet normal -9.759497e-01  2.179960e-01  3.562402e-06
   outer loop
     vertex -1.370392e+01  2.863996e+00  1.480000e+01
     vertex -1.362009e+01  3.239316e+00  1.480000e+01
     vertex -1.362099e+01  3.235543e+00  0.000000e+00
   endloop
 endfacet
 facet normal -9.759497e-01  2.179960e-01 -1.952724e-05
   outer loop
     vertex -1.370392e+01  2.863996e+00  1.980000e+01
     vertex -1.362099e+01  3.235543e+00  2.250000e+01
     vertex -1.362009e+01  3.239316e+00  1.980000e+01
   endloop
 endfacet
 facet normal -9.760065e-01  2.177416e-01  1.722992e-05
   outer loop
     vertex -1.370462e+01  2.860647e+00  2.250000e+01
     vertex -1.362099e+01  3.235543e+00  2.250000e+01
     vertex -1.370392e+01  2.863996e+00  1.980000e+01
   endloop
 endfacet
 facet normal -9.815691e-01  1.911077e-01  3.147062e-06
   outer loop
     vertex -1.377742e+01  2.486515e+00  1.480000e+01
     vertex -1.370392e+01  2.863996e+00  1.480000e+01
     vertex -1.370462e+01  2.860647e+00  0.000000e+00
   endloop
 endfacet
 facet normal -9.816126e-01  1.908838e-01 -2.727454e-06
   outer loop
     vertex -1.377742e+01  2.486515e+00  1.480000e+01
     vertex -1.370462e+01  2.860647e+00  0.000000e+00
     vertex -1.377794e+01  2.483597e+00  0.000000e+00
   endloop
 endfacet
 facet normal -9.815691e-01  1.911077e-01 -1.725056e-05
   outer loop
     vertex -1.377742e+01  2.486515e+00  1.980000e+01
     vertex -1.370462e+01  2.860647e+00  2.250000e+01
     vertex -1.370392e+01  2.863996e+00  1.980000e+01
   endloop
 endfacet
 facet normal -9.816126e-01  1.908838e-01  1.495049e-05
   outer loop
     vertex -1.377794e+01  2.483597e+00  2.250000e+01
     vertex -1.370462e+01  2.860647e+00  2.250000e+01
     vertex -1.377742e+01  2.486515e+00  1.980000e+01
   endloop
 endfacet
 facet normal -9.864478e-01  1.640752e-01  2.730718e-06
   outer loop
     vertex -1.384052e+01  2.107158e+00  1.480000e+01
     vertex -1.377742e+01  2.486515e+00  1.480000e+01
     vertex -1.377794e+01  2.483597e+00  0.000000e+00
   endloop
 endfacet
 facet normal -9.864799e-01  1.638824e-01 -2.310608e-06
   outer loop
     vertex -1.384052e+01  2.107158e+00  1.480000e+01
     vertex -1.377794e+01  2.483597e+00  0.000000e+00
     vertex -1.384089e+01  2.104677e+00  0.000000e+00
   endloop
 endfacet
 facet normal -9.864478e-01  1.640752e-01 -1.496838e-05
   outer loop
     vertex -1.384052e+01  2.107158e+00  1.980000e+01
     vertex -1.377794e+01  2.483597e+00  2.250000e+01
     vertex -1.377742e+01  2.486515e+00  1.980000e+01
   endloop
 endfacet
 facet normal -9.864799e-01  1.638824e-01  1.266555e-05
   outer loop
     vertex -1.384089e+01  2.104677e+00  2.250000e+01
     vertex -1.377794e+01  2.483597e+00  2.250000e+01
     vertex -1.384052e+01  2.107158e+00  1.980000e+01
   endloop
 endfacet
 facet normal -9.905823e-01  1.369189e-01  2.313370e-06
   outer loop
     vertex -1.389317e+01  1.726211e+00  1.480000e+01
     vertex -1.384052e+01  2.107158e+00  1.480000e+01
     vertex -1.384089e+01  2.104677e+00  0.000000e+00
   endloop
 endfacet
 facet normal -9.906046e-01  1.367575e-01 -1.892757e-06
   outer loop
     vertex -1.389317e+01  1.726211e+00  1.480000e+01
     vertex -1.384089e+01  2.104677e+00  0.000000e+00
     vertex -1.389342e+01  1.724173e+00  0.000000e+00
   endloop
 endfacet
 facet normal -9.905823e-01  1.369189e-01 -1.268069e-05
   outer loop
     vertex -1.389317e+01  1.726211e+00  1.980000e+01
     vertex -1.384089e+01  2.104677e+00  2.250000e+01
     vertex -1.384052e+01  2.107158e+00  1.980000e+01
   endloop
 endfacet
 facet normal -9.906046e-01  1.367575e-01  1.037511e-05
   outer loop
     vertex -1.389342e+01  1.724173e+00  2.250000e+01
     vertex -1.384089e+01  2.104677e+00  2.250000e+01
     vertex -1.389317e+01  1.726211e+00  1.980000e+01
   endloop
 endfacet
 facet normal -9.939692e-01  1.096593e-01  1.895017e-06
   outer loop
     vertex -1.393534e+01  1.343961e+00  1.480000e+01
     vertex -1.389317e+01  1.726211e+00  1.480000e+01
     vertex -1.389342e+01  1.724173e+00  0.000000e+00
   endloop
 endfacet
 facet normal -9.939835e-01  1.095298e-01 -1.473902e-06
   outer loop
     vertex -1.393534e+01  1.343961e+00  1.480000e+01
     vertex -1.389342e+01  1.724173e+00  0.000000e+00
     vertex -1.393550e+01  1.342372e+00  0.000000e+00
   endloop
 endfacet
 facet normal -9.939692e-01  1.096593e-01 -1.038750e-05
   outer loop
     vertex -1.393534e+01  1.343961e+00  1.980000e+01
     vertex -1.389342e+01  1.724173e+00  2.250000e+01
     vertex -1.389317e+01  1.726211e+00  1.980000e+01
   endloop
 endfacet
 facet normal -9.939835e-01  1.095298e-01  8.079167e-06
   outer loop
     vertex -1.393550e+01  1.342372e+00  2.250000e+01
     vertex -1.389342e+01  1.724173e+00  2.250000e+01
     vertex -1.393534e+01  1.343961e+00  1.980000e+01
   endloop
 endfacet
 facet normal -9.966142e-01  8.221955e-02 -1.054043e-06
   outer loop
     vertex -1.396700e+01  9.606971e-01  1.480000e+01
     vertex -1.393550e+01  1.342372e+00  0.000000e+00
     vertex -1.396708e+01  9.595593e-01  0.000000e+00
   endloop
 endfacet
 facet normal -9.966062e-01  8.231698e-02  1.475660e-06
   outer loop
     vertex -1.396700e+01  9.606971e-01  1.480000e+01
     vertex -1.393534e+01  1.343961e+00  1.480000e+01
     vertex -1.393550e+01  1.342372e+00  0.000000e+00
   endloop
 endfacet
 facet normal -9.966062e-01  8.231698e-02 -8.088802e-06
   outer loop
     vertex -1.396700e+01  9.606971e-01  1.980000e+01
     vertex -1.393550e+01  1.342372e+00  2.250000e+01
     vertex -1.393534e+01  1.343961e+00  1.980000e+01
   endloop
 endfacet
 facet normal -9.966142e-01  8.221955e-02  5.777716e-06
   outer loop
     vertex -1.396708e+01  9.595593e-01  2.250000e+01
     vertex -1.393550e+01  1.342372e+00  2.250000e+01
     vertex -1.396700e+01  9.606971e-01  1.980000e+01
   endloop
 endfacet
 facet normal -9.984947e-01  5.484744e-02 -6.331790e-07
   outer loop
     vertex -1.398812e+01  5.767084e-01  1.480000e+01
     vertex -1.396708e+01  9.595593e-01  0.000000e+00
     vertex -1.398814e+01  5.760247e-01  0.000000e+00
   endloop
 endfacet
 facet normal -9.984912e-01  5.491252e-02  1.055298e-06
   outer loop
     vertex -1.398812e+01  5.767084e-01  1.480000e+01
     vertex -1.396700e+01  9.606971e-01  1.480000e+01
     vertex -1.396708e+01  9.595593e-01  0.000000e+00
   endloop
 endfacet
 facet normal -9.984912e-01  5.491252e-02 -5.784598e-06
   outer loop
     vertex -1.398812e+01  5.767084e-01  1.980000e+01
     vertex -1.396708e+01  9.595593e-01  2.250000e+01
     vertex -1.396700e+01  9.606971e-01  1.980000e+01
   endloop
 endfacet
 facet normal -9.984947e-01  5.484744e-02  3.470759e-06
   outer loop
     vertex -1.398814e+01  5.760247e-01  2.250000e+01
     vertex -1.396708e+01  9.595593e-01  2.250000e+01
     vertex -1.398812e+01  5.767084e-01  1.980000e+01
   endloop
 endfacet
 facet normal -9.996227e-01  2.746662e-02  6.339323e-07
   outer loop
     vertex -1.399868e+01  1.922845e-01  1.480000e+01
     vertex -1.398812e+01  5.767084e-01  1.480000e+01
     vertex -1.398814e+01  5.760247e-01  0.000000e+00
   endloop
 endfacet
 facet normal -9.996236e-01  2.743405e-02 -2.113108e-07
   outer loop
     vertex -1.399868e+01  1.922845e-01  1.480000e+01
     vertex -1.398814e+01  5.760247e-01  0.000000e+00
     vertex -1.399868e+01  1.920564e-01  0.000000e+00
   endloop
 endfacet
 facet normal -1.000000e+00 -4.624571e-15  2.115619e-07
   outer loop
     vertex -1.399868e+01  1.922845e-01  1.480000e+01
     vertex -1.399868e+01  1.920564e-01  0.000000e+00
     vertex -1.399868e+01 -1.920564e-01  0.000000e+00
   endloop
 endfacet
 facet normal -9.996227e-01  2.746662e-02 -3.474888e-06
   outer loop
     vertex -1.399868e+01  1.922845e-01  1.980000e+01
     vertex -1.398814e+01  5.760247e-01  2.250000e+01
     vertex -1.398812e+01  5.767084e-01  1.980000e+01
   endloop
 endfacet
 facet normal -9.996236e-01  2.743405e-02  1.158296e-06
   outer loop
     vertex -1.399868e+01  1.920564e-01  2.250000e+01
     vertex -1.398814e+01  5.760247e-01  2.250000e+01
     vertex -1.399868e+01  1.922845e-01  1.980000e+01
   endloop
 endfacet
 facet normal -9.996236e-01 -2.743405e-02 -2.113108e-07
   outer loop
     vertex -1.399868e+01 -1.922845e-01  1.480000e+01
     vertex -1.399868e+01 -1.920564e-01  0.000000e+00
     vertex -1.398814e+01 -5.760247e-01  0.000000e+00
   endloop
 endfacet
 facet normal -1.000000e+00 -4.619085e-15  2.115619e-07
   outer loop
     vertex -1.399868e+01 -1.922845e-01  1.480000e+01
     vertex -1.399868e+01  1.922845e-01  1.480000e+01
     vertex -1.399868e+01 -1.920564e-01  0.000000e+00
   endloop
 endfacet
 facet normal -1.000000e+00 -4.619085e-15 -1.159672e-06
   outer loop
     vertex -1.399868e+01 -1.920564e-01  2.250000e+01
     vertex -1.399868e+01  1.922845e-01  1.980000e+01
     vertex -1.399868e+01 -1.922845e-01  1.980000e+01
   endloop
 endfacet
 facet normal -1.000000e+00 -4.624571e-15 -1.159672e-06
   outer loop
     vertex -1.399868e+01 -1.920564e-01  2.250000e+01
     vertex -1.399868e+01  1.920564e-01  2.250000e+01
     vertex -1.399868e+01  1.922845e-01  1.980000e+01
   endloop
 endfacet
 facet normal -9.984947e-01 -5.484744e-02 -6.331790e-07
   outer loop
     vertex -1.398812e+01 -5.767084e-01  1.480000e+01
     vertex -1.398814e+01 -5.760247e-01  0.000000e+00
     vertex -1.396708e+01 -9.595593e-01  0.000000e+00
   endloop
 endfacet
 facet normal -9.996227e-01 -2.746662e-02  6.339323e-07
   outer loop
     vertex -1.398812e+01 -5.767084e-01  1.480000e+01
     vertex -1.399868e+01 -1.922845e-01  1.480000e+01
     vertex -1.398814e+01 -5.760247e-01  0.000000e+00
   endloop
 endfacet
 facet normal -9.996227e-01 -2.746662e-02 -3.474888e-06
   outer loop
     vertex -1.398814e+01 -5.760247e-01  2.250000e+01
     vertex -1.399868e+01 -1.922845e-01  1.980000e+01
     vertex -1.398812e+01 -5.767084e-01  1.980000e+01
   endloop
 endfacet
 facet normal -9.996236e-01 -2.743405e-02  1.158296e-06
   outer loop
     vertex -1.398814e+01 -5.760247e-01  2.250000e+01
     vertex -1.399868e+01 -1.920564e-01  2.250000e+01
     vertex -1.399868e+01 -1.922845e-01  1.980000e+01
   endloop
 endfacet
 facet normal -9.966142e-01 -8.221955e-02 -1.054043e-06
   outer loop
     vertex -1.396700e+01 -9.606971e-01  1.480000e+01
     vertex -1.396708e+01 -9.595593e-01  0.000000e+00
     vertex -1.393550e+01 -1.342372e+00  0.000000e+00
   endloop
 endfacet
 facet normal -9.984912e-01 -5.491252e-02  1.055298e-06
   outer loop
     vertex -1.396700e+01 -9.606971e-01  1.480000e+01
     vertex -1.398812e+01 -5.767084e-01  1.480000e+01
     vertex -1.396708e+01 -9.595593e-01  0.000000e+00
   endloop
 endfacet
 facet normal -9.984912e-01 -5.491252e-02 -5.784598e-06
   outer loop
     vertex -1.396708e+01 -9.595593e-01  2.250000e+01
     vertex -1.398812e+01 -5.767084e-01  1.980000e+01
     vertex -1.396700e+01 -9.606971e-01  1.980000e+01
   endloop
 endfacet
 facet normal -9.984947e-01 -5.484744e-02  3.470759e-06
   outer loop
     vertex -1.396708e+01 -9.595593e-01  2.250000e+01
     vertex -1.398814e+01 -5.760247e-01  2.250000e+01
     vertex -1.398812e+01 -5.767084e-01  1.980000e+01
   endloop
 endfacet
 facet normal -9.939835e-01 -1.095298e-01 -1.473902e-06
   outer loop
     vertex -1.393534e+01 -1.343961e+00  1.480000e+01
     vertex -1.393550e+01 -1.342372e+00  0.000000e+00
     vertex -1.389342e+01 -1.724173e+00  0.000000e+00
   endloop
 endfacet
 facet normal -9.966062e-01 -8.231698e-02  1.475660e-06
   outer loop
     vertex -1.393534e+01 -1.343961e+00  1.480000e+01
     vertex -1.396700e+01 -9.606971e-01  1.480000e+01
     vertex -1.393550e+01 -1.342372e+00  0.000000e+00
   endloop
 endfacet
 facet normal -9.966062e-01 -8.231698e-02 -8.088802e-06
   outer loop
     vertex -1.393550e+01 -1.342372e+00  2.250000e+01
     vertex -1.396700e+01 -9.606971e-01  1.980000e+01
     vertex -1.393534e+01 -1.343961e+00  1.980000e+01
   endloop
 endfacet
 facet normal -9.966142e-01 -8.221955e-02  5.777716e-06
   outer loop
     vertex -1.393550e+01 -1.342372e+00  2.250000e+01
     vertex -1.396708e+01 -9.595593e-01  2.250000e+01
     vertex -1.396700e+01 -9.606971e-01  1.980000e+01
   endloop
 endfacet
 facet normal -9.906046e-01 -1.367575e-01 -1.892757e-06
   outer loop
     vertex -1.389317e+01 -1.726211e+00  1.480000e+01
     vertex -1.389342e+01 -1.724173e+00  0.000000e+00
     vertex -1.384089e+01 -2.104677e+00  0.000000e+00
   endloop
 endfacet
 facet normal -9.939692e-01 -1.096593e-01  1.895017e-06
   outer loop
     vertex -1.389317e+01 -1.726211e+00  1.480000e+01
     vertex -1.393534e+01 -1.343961e+00  1.480000e+01
     vertex -1.389342e+01 -1.724173e+00  0.000000e+00
   endloop
 endfacet
 facet normal -9.939692e-01 -1.096593e-01 -1.038750e-05
   outer loop
     vertex -1.389342e+01 -1.724173e+00  2.250000e+01
     vertex -1.393534e+01 -1.343961e+00  1.980000e+01
     vertex -1.389317e+01 -1.726211e+00  1.980000e+01
   endloop
 endfacet
 facet normal -9.939835e-01 -1.095298e-01  8.079167e-06
   outer loop
     vertex -1.389342e+01 -1.724173e+00  2.250000e+01
     vertex -1.393550e+01 -1.342372e+00  2.250000e+01
     vertex -1.393534e+01 -1.343961e+00  1.980000e+01
   endloop
 endfacet
 facet normal -9.905823e-01 -1.369189e-01  2.313370e-06
   outer loop
     vertex -1.384052e+01 -2.107158e+00  1.480000e+01
     vertex -1.389317e+01 -1.726211e+00  1.480000e+01
     vertex -1.384089e+01 -2.104677e+00  0.000000e+00
   endloop
 endfacet
 facet normal -9.864799e-01 -1.638824e-01 -2.310608e-06
   outer loop
     vertex -1.384052e+01 -2.107158e+00  1.480000e+01
     vertex -1.384089e+01 -2.104677e+00  0.000000e+00
     vertex -1.377794e+01 -2.483597e+00  0.000000e+00
   endloop
 endfacet
 facet normal -9.906046e-01 -1.367575e-01  1.037511e-05
   outer loop
     vertex -1.384089e+01 -2.104677e+00  2.250000e+01
     vertex -1.389342e+01 -1.724173e+00  2.250000e+01
     vertex -1.389317e+01 -1.726211e+00  1.980000e+01
   endloop
 endfacet
 facet normal -9.905823e-01 -1.369189e-01 -1.268069e-05
   outer loop
     vertex -1.384089e+01 -2.104677e+00  2.250000e+01
     vertex -1.389317e+01 -1.726211e+00  1.980000e+01
     vertex -1.384052e+01 -2.107158e+00  1.980000e+01
   endloop
 endfacet
 facet normal -9.864478e-01 -1.640752e-01  2.730718e-06
   outer loop
     vertex -1.377742e+01 -2.486515e+00  1.480000e+01
     vertex -1.384052e+01 -2.107158e+00  1.480000e+01
     vertex -1.377794e+01 -2.483597e+00  0.000000e+00
   endloop
 endfacet
 facet normal -9.816126e-01 -1.908838e-01 -2.727454e-06
   outer loop
     vertex -1.377742e+01 -2.486515e+00  1.480000e+01
     vertex -1.377794e+01 -2.483597e+00  0.000000e+00
     vertex -1.370462e+01 -2.860647e+00  0.000000e+00
   endloop
 endfacet
 facet normal -9.864799e-01 -1.638824e-01  1.266555e-05
   outer loop
     vertex -1.377794e+01 -2.483597e+00  2.250000e+01
     vertex -1.384089e+01 -2.104677e+00  2.250000e+01
     vertex -1.384052e+01 -2.107158e+00  1.980000e+01
   endloop
 endfacet
 facet normal -9.864478e-01 -1.640752e-01 -1.496838e-05
   outer loop
     vertex -1.377794e+01 -2.483597e+00  2.250000e+01
     vertex -1.384052e+01 -2.107158e+00  1.980000e+01
     vertex -1.377742e+01 -2.486515e+00  1.980000e+01
   endloop
 endfacet
 facet normal -9.815691e-01 -1.911077e-01  3.147062e-06
   outer loop
     vertex -1.370392e+01 -2.863996e+00  1.480000e+01
     vertex -1.377742e+01 -2.486515e+00  1.480000e+01
     vertex -1.370462e+01 -2.860647e+00  0.000000e+00
   endloop
 endfacet
 facet normal -9.760065e-01 -2.177416e-01 -3.143296e-06
   outer loop
     vertex -1.370392e+01 -2.863996e+00  1.480000e+01
     vertex -1.370462e+01 -2.860647e+00  0.000000e+00
     vertex -1.362099e+01 -3.235543e+00  0.000000e+00
   endloop
 endfacet
 facet normal -9.815691e-01 -1.911077e-01 -1.725056e-05
   outer loop
     vertex -1.370462e+01 -2.860647e+00  2.250000e+01
     vertex -1.377742e+01 -2.486515e+00  1.980000e+01
     vertex -1.370392e+01 -2.863996e+00  1.980000e+01
   endloop
 endfacet
 facet normal -9.816126e-01 -1.908838e-01  1.495049e-05
   outer loop
     vertex -1.370462e+01 -2.860647e+00  2.250000e+01
     vertex -1.377794e+01 -2.483597e+00  2.250000e+01
     vertex -1.377742e+01 -2.486515e+00  1.980000e+01
   endloop
 endfacet
 facet normal -9.759497e-01 -2.179960e-01  3.562402e-06
   outer loop
     vertex -1.362009e+01 -3.239316e+00  1.480000e+01
     vertex -1.370392e+01 -2.863996e+00  1.480000e+01
     vertex -1.362099e+01 -3.235543e+00  0.000000e+00
   endloop
 endfacet
 facet normal -9.696656e-01 -2.444354e-01 -3.558133e-06
   outer loop
     vertex -1.362009e+01 -3.239316e+00  1.480000e+01
     vertex -1.362099e+01 -3.235543e+00  0.000000e+00
     vertex -1.352710e+01 -3.608004e+00  0.000000e+00
   endloop
 endfacet
 facet normal -9.759497e-01 -2.179960e-01 -1.952724e-05
   outer loop
     vertex -1.362099e+01 -3.235543e+00  2.250000e+01
     vertex -1.370392e+01 -2.863996e+00  1.980000e+01
     vertex -1.362009e+01 -3.239316e+00  1.980000e+01
   endloop
 endfacet
 facet normal -9.760065e-01 -2.177416e-01  1.722992e-05
   outer loop
     vertex -1.362099e+01 -3.235543e+00  2.250000e+01
     vertex -1.370462e+01 -2.860647e+00  2.250000e+01
     vertex -1.370392e+01 -2.863996e+00  1.980000e+01
   endloop
 endfacet
 facet normal -9.695938e-01 -2.447198e-01  3.976737e-06
   outer loop
     vertex -1.352598e+01 -3.612192e+00  1.480000e+01
     vertex -1.362009e+01 -3.239316e+00  1.480000e+01
     vertex -1.352710e+01 -3.608004e+00  0.000000e+00
   endloop
 endfacet
 facet normal -9.625948e-01 -2.709453e-01 -3.971966e-06
   outer loop
     vertex -1.352598e+01 -3.612192e+00  1.480000e+01
     vertex -1.352710e+01 -3.608004e+00  0.000000e+00
     vertex -1.342302e+01 -3.977749e+00  0.000000e+00
   endloop
 endfacet
 facet normal -9.695938e-01 -2.447198e-01 -2.179841e-05
   outer loop
     vertex -1.352710e+01 -3.608004e+00  2.250000e+01
     vertex -1.362009e+01 -3.239316e+00  1.980000e+01
     vertex -1.352598e+01 -3.612192e+00  1.980000e+01
   endloop
 endfacet
 facet normal -9.696656e-01 -2.444354e-01  1.950384e-05
   outer loop
     vertex -1.352710e+01 -3.608004e+00  2.250000e+01
     vertex -1.362099e+01 -3.235543e+00  2.250000e+01
     vertex -1.362009e+01 -3.239316e+00  1.980000e+01
   endloop
 endfacet
 facet normal -9.625064e-01 -2.712589e-01  4.390067e-06
   outer loop
     vertex -1.342166e+01 -3.982342e+00  1.480000e+01
     vertex -1.352598e+01 -3.612192e+00  1.480000e+01
     vertex -1.342302e+01 -3.977749e+00  0.000000e+00
   endloop
 endfacet
 facet normal -9.547993e-01 -2.972512e-01 -4.384794e-06
   outer loop
     vertex -1.342166e+01 -3.982342e+00  1.480000e+01
     vertex -1.342302e+01 -3.977749e+00  0.000000e+00
     vertex -1.330884e+01 -4.344500e+00  0.000000e+00
   endloop
 endfacet
 facet normal -9.625064e-01 -2.712589e-01 -2.406407e-05
   outer loop
     vertex -1.342302e+01 -3.977749e+00  2.250000e+01
     vertex -1.352598e+01 -3.612192e+00  1.980000e+01
     vertex -1.342166e+01 -3.982342e+00  1.980000e+01
   endloop
 endfacet
 facet normal -9.625948e-01 -2.709453e-01  2.177226e-05
   outer loop
     vertex -1.342302e+01 -3.977749e+00  2.250000e+01
     vertex -1.352710e+01 -3.608004e+00  2.250000e+01
     vertex -1.352598e+01 -3.612192e+00  1.980000e+01
   endloop
 endfacet
 facet normal -9.546927e-01 -2.975934e-01  4.802394e-06
   outer loop
     vertex -1.330721e+01 -4.349487e+00  1.480000e+01
     vertex -1.342166e+01 -3.982342e+00  1.480000e+01
     vertex -1.330884e+01 -4.344500e+00  0.000000e+00
   endloop
 endfacet
 facet normal -9.462851e-01 -3.233333e-01 -4.796618e-06
   outer loop
     vertex -1.330721e+01 -4.349487e+00  1.480000e+01
     vertex -1.330884e+01 -4.344500e+00  0.000000e+00
     vertex -1.318465e+01 -4.707980e+00  0.000000e+00
   endloop
 endfacet
 facet normal -9.546927e-01 -2.975934e-01 -2.632423e-05
   outer loop
     vertex -1.330884e+01 -4.344500e+00  2.250000e+01
     vertex -1.342166e+01 -3.982342e+00  1.980000e+01
     vertex -1.330721e+01 -4.349487e+00  1.980000e+01
   endloop
 endfacet
 facet normal -9.547993e-01 -2.972512e-01  2.403517e-05
   outer loop
     vertex -1.330884e+01 -4.344500e+00  2.250000e+01
     vertex -1.342302e+01 -3.977749e+00  2.250000e+01
     vertex -1.342166e+01 -3.982342e+00  1.980000e+01
   endloop
 endfacet
 facet normal -9.370586e-01 -3.491720e-01 -5.207438e-06
   outer loop
     vertex -1.318273e+01 -4.713351e+00  1.480000e+01
     vertex -1.318465e+01 -4.707980e+00  0.000000e+00
     vertex -1.305053e+01 -5.067917e+00  0.000000e+00
   endloop
 endfacet
 facet normal -9.461586e-01 -3.237033e-01  5.213716e-06
   outer loop
     vertex -1.318273e+01 -4.713351e+00  1.480000e+01
     vertex -1.330721e+01 -4.349487e+00  1.480000e+01
     vertex -1.318465e+01 -4.707980e+00  0.000000e+00
   endloop
 endfacet
 facet normal -9.461586e-01 -3.237033e-01 -2.857889e-05
   outer loop
     vertex -1.318465e+01 -4.707980e+00  2.250000e+01
     vertex -1.330721e+01 -4.349487e+00  1.980000e+01
     vertex -1.318273e+01 -4.713351e+00  1.980000e+01
   endloop
 endfacet
 facet normal -9.462851e-01 -3.233333e-01  2.629257e-05
   outer loop
     vertex -1.318465e+01 -4.707980e+00  2.250000e+01
     vertex -1.330884e+01 -4.344500e+00  2.250000e+01
     vertex -1.330721e+01 -4.349487e+00  1.980000e+01
   endloop
 endfacet
 facet normal -9.271267e-01 -3.747479e-01 -5.617253e-06
   outer loop
     vertex -1.304829e+01 -5.073657e+00  1.480000e+01
     vertex -1.305053e+01 -5.067917e+00  0.000000e+00
     vertex -1.290658e+01 -5.424038e+00  0.000000e+00
   endloop
 endfacet
 facet normal -9.369106e-01 -3.495690e-01  5.624033e-06
   outer loop
     vertex -1.304829e+01 -5.073657e+00  1.480000e+01
     vertex -1.318273e+01 -4.713351e+00  1.480000e+01
     vertex -1.305053e+01 -5.067917e+00  0.000000e+00
   endloop
 endfacet
 facet normal -9.369106e-01 -3.495690e-01 -3.082803e-05
   outer loop
     vertex -1.305053e+01 -5.067917e+00  2.250000e+01
     vertex -1.318273e+01 -4.713351e+00  1.980000e+01
     vertex -1.304829e+01 -5.073657e+00  1.980000e+01
   endloop
 endfacet
 facet normal -9.370586e-01 -3.491720e-01  2.854448e-05
   outer loop
     vertex -1.305053e+01 -5.067917e+00  2.250000e+01
     vertex -1.318465e+01 -4.707980e+00  2.250000e+01
     vertex -1.318273e+01 -4.713351e+00  1.980000e+01
   endloop
 endfacet
 facet normal -9.164969e-01 -4.000417e-01 -6.026064e-06
   outer loop
     vertex -1.290402e+01 -5.430136e+00  1.480000e+01
     vertex -1.290658e+01 -5.424038e+00  0.000000e+00
     vertex -1.275292e+01 -5.776076e+00  0.000000e+00
   endloop
 endfacet
 facet normal -9.269557e-01 -3.751709e-01  6.033346e-06
   outer loop
     vertex -1.290402e+01 -5.430136e+00  1.480000e+01
     vertex -1.304829e+01 -5.073657e+00  1.480000e+01
     vertex -1.290658e+01 -5.424038e+00  0.000000e+00
   endloop
 endfacet
 facet normal -9.269557e-01 -3.751709e-01 -3.307168e-05
   outer loop
     vertex -1.290658e+01 -5.424038e+00  2.250000e+01
     vertex -1.304829e+01 -5.073657e+00  1.980000e+01
     vertex -1.290402e+01 -5.430136e+00  1.980000e+01
   endloop
 endfacet
 facet normal -9.271267e-01 -3.747479e-01  3.079087e-05
   outer loop
     vertex -1.290658e+01 -5.424038e+00  2.250000e+01
     vertex -1.305053e+01 -5.067917e+00  2.250000e+01
     vertex -1.304829e+01 -5.073657e+00  1.980000e+01
   endloop
 endfacet
 facet normal -9.163013e-01 -4.004896e-01  6.441655e-06
   outer loop
     vertex -1.275000e+01 -5.782517e+00  1.480000e+01
     vertex -1.290402e+01 -5.430136e+00  1.480000e+01
     vertex -1.275292e+01 -5.776076e+00  0.000000e+00
   endloop
 endfacet
 facet normal -9.095317e-01 -4.156345e-01 -1.484354e-06
   outer loop
     vertex -1.271678e+01 -5.855203e+00  1.480000e+01
     vertex -1.275000e+01 -5.782517e+00  1.480000e+01
     vertex -1.275292e+01 -5.776076e+00  0.000000e+00
   endloop
 endfacet
 facet normal -9.051772e-01 -4.250344e-01 -8.748652e-05
   outer loop
     vertex -1.268315e+01 -5.927698e+00  1.480000e+01
     vertex -1.275292e+01 -5.776076e+00  0.000000e+00
     vertex -1.258966e+01 -6.123766e+00  0.000000e+00
   endloop
 endfacet
 facet normal -9.071443e-01 -4.208196e-01 -3.503464e-05
   outer loop
     vertex -1.268315e+01 -5.927698e+00  1.480000e+01
     vertex -1.271678e+01 -5.855203e+00  1.480000e+01
     vertex -1.275292e+01 -5.776076e+00  0.000000e+00
   endloop
 endfacet
 facet normal -9.047274e-01 -4.259909e-01 -7.197235e-05
   outer loop
     vertex -1.264911e+01 -6.000000e+00  1.480000e+01
     vertex -1.268315e+01 -5.927698e+00  1.480000e+01
     vertex -1.258966e+01 -6.123766e+00  0.000000e+00
   endloop
 endfacet
 facet normal -8.931761e-01 -4.497071e-01  1.727581e-04
   outer loop
     vertex -1.241692e+01 -6.466847e+00  0.000000e+00
     vertex -1.264911e+01 -6.000000e+00  1.480000e+01
     vertex -1.258966e+01 -6.123766e+00  0.000000e+00
   endloop
 endfacet
 facet normal -9.163013e-01 -4.004896e-01 -3.530981e-05
   outer loop
     vertex -1.275292e+01 -5.776076e+00  2.250000e+01
     vertex -1.290402e+01 -5.430136e+00  1.980000e+01
     vertex -1.275000e+01 -5.782517e+00  1.980000e+01
   endloop
 endfacet
 facet normal -9.095317e-01 -4.156345e-01  8.136461e-06
   outer loop
     vertex -1.275292e+01 -5.776076e+00  2.250000e+01
     vertex -1.275000e+01 -5.782517e+00  1.980000e+01
     vertex -1.271678e+01 -5.855203e+00  1.980000e+01
   endloop
 endfacet
 facet normal -9.164969e-01 -4.000417e-01  3.303176e-05
   outer loop
     vertex -1.275292e+01 -5.776076e+00  2.250000e+01
     vertex -1.290658e+01 -5.424038e+00  2.250000e+01
     vertex -1.290402e+01 -5.430136e+00  1.980000e+01
   endloop
 endfacet
 facet normal -9.071443e-01 -4.208196e-01  1.920417e-04
   outer loop
     vertex -1.268315e+01 -5.927698e+00  1.980000e+01
     vertex -1.275292e+01 -5.776076e+00  2.250000e+01
     vertex -1.271678e+01 -5.855203e+00  1.980000e+01
   endloop
 endfacet
 facet normal -9.047274e-01 -4.259909e-01  3.945151e-04
   outer loop
     vertex -1.258966e+01 -6.123766e+00  2.250000e+01
     vertex -1.268315e+01 -5.927698e+00  1.980000e+01
     vertex -1.264911e+01 -6.000000e+00  1.980000e+01
   endloop
 endfacet
 facet normal -9.013954e-01 -4.329969e-01 -4.444454e-19
   outer loop
     vertex -1.258966e+01 -6.123766e+00  2.250000e+01
     vertex -1.264911e+01 -6.000000e+00  1.980000e+01
     vertex -1.264911e+01 -6.000000e+00  1.480000e+01
   endloop
 endfacet
 facet normal -9.051771e-01 -4.250343e-01  4.795557e-04
   outer loop
     vertex -1.258966e+01 -6.123766e+00  2.250000e+01
     vertex -1.275292e+01 -5.776076e+00  2.250000e+01
     vertex -1.268315e+01 -5.927698e+00  1.980000e+01
   endloop
 endfacet
 facet normal -8.953706e-01 -4.453217e-01 -0.000000e+00
   outer loop
     vertex -1.241692e+01 -6.466847e+00  2.250000e+01
     vertex -1.264911e+01 -6.000000e+00  1.480000e+01
     vertex -1.241692e+01 -6.466847e+00  0.000000e+00
   endloop
 endfacet
 facet normal -8.931761e-01 -4.497070e-01 -3.320545e-04
   outer loop
     vertex -1.241692e+01 -6.466847e+00  2.250000e+01
     vertex -1.258966e+01 -6.123766e+00  2.250000e+01
     vertex -1.264911e+01 -6.000000e+00  1.480000e+01
   endloop
 endfacet
 facet normal -8.805026e-01 -4.740412e-01 -0.000000e+00
   outer loop
     vertex -1.223483e+01 -6.805059e+00  2.250000e+01
     vertex -1.241692e+01 -6.466847e+00  0.000000e+00
     vertex -1.223483e+01 -6.805059e+00  0.000000e+00
   endloop
 endfacet
 facet normal -8.805026e-01 -4.740412e-01 -3.924483e-19
   outer loop
     vertex -1.223483e+01 -6.805059e+00  2.250000e+01
     vertex -1.241692e+01 -6.466847e+00  2.250000e+01
     vertex -1.241692e+01 -6.466847e+00  0.000000e+00
   endloop
 endfacet
 facet normal -8.671664e-01 -4.980186e-01  3.203684e-19
   outer loop
     vertex -1.204354e+01 -7.138149e+00  2.250000e+01
     vertex -1.223483e+01 -6.805059e+00  2.250000e+01
     vertex -1.223483e+01 -6.805059e+00  0.000000e+00
   endloop
 endfacet
 facet normal -8.671664e-01 -4.980186e-01 -0.000000e+00
   outer loop
     vertex -1.204354e+01 -7.138149e+00  2.250000e+01
     vertex -1.223483e+01 -6.805059e+00  0.000000e+00
     vertex -1.204354e+01 -7.138149e+00  0.000000e+00
   endloop
 endfacet
 facet normal -8.531773e-01 -5.216210e-01 -0.000000e+00
   outer loop
     vertex -1.204354e+01 -7.138149e+00  2.250000e+01
     vertex -1.204354e+01 -7.138149e+00  0.000000e+00
     vertex -1.184318e+01 -7.465865e+00  0.000000e+00
   endloop
 endfacet
 facet normal -8.531773e-01 -5.216210e-01 -0.000000e+00
   outer loop
     vertex -1.184318e+01 -7.465865e+00  2.250000e+01
     vertex -1.204354e+01 -7.138149e+00  2.250000e+01
     vertex -1.184318e+01 -7.465865e+00  0.000000e+00
   endloop
 endfacet
 facet normal -8.385460e-01 -5.448308e-01 -0.000000e+00
   outer loop
     vertex -1.184318e+01 -7.465865e+00  2.250000e+01
     vertex -1.184318e+01 -7.465865e+00  0.000000e+00
     vertex -1.163390e+01 -7.787961e+00  0.000000e+00
   endloop
 endfacet
 facet normal -8.385460e-01 -5.448308e-01 -0.000000e+00
   outer loop
     vertex -1.163390e+01 -7.787961e+00  2.250000e+01
     vertex -1.184318e+01 -7.465865e+00  2.250000e+01
     vertex -1.163390e+01 -7.787961e+00  0.000000e+00
   endloop
 endfacet
 facet normal -8.232835e-01 -5.676304e-01  7.340491e-19
   outer loop
     vertex -1.141587e+01 -8.104195e+00  2.250000e+01
     vertex -1.163390e+01 -7.787961e+00  2.250000e+01
     vertex -1.163390e+01 -7.787961e+00  0.000000e+00
   endloop
 endfacet
 facet normal -8.232835e-01 -5.676304e-01 -0.000000e+00
   outer loop
     vertex -1.141587e+01 -8.104195e+00  2.250000e+01
     vertex -1.163390e+01 -7.787961e+00  0.000000e+00
     vertex -1.141587e+01 -8.104195e+00  0.000000e+00
   endloop
 endfacet
 facet normal -8.074012e-01 -5.900028e-01 -1.975636e-19
   outer loop
     vertex -1.118924e+01 -8.414328e+00  2.250000e+01
     vertex -1.141587e+01 -8.104195e+00  2.250000e+01
     vertex -1.141587e+01 -8.104195e+00  0.000000e+00
   endloop
 endfacet
 facet normal -8.074012e-01 -5.900028e-01 -0.000000e+00
   outer loop
     vertex -1.118924e+01 -8.414328e+00  2.250000e+01
     vertex -1.141587e+01 -8.104195e+00  0.000000e+00
     vertex -1.118924e+01 -8.414328e+00  0.000000e+00
   endloop
 endfacet
 facet normal -7.909112e-01 -6.119310e-01 -5.565558e-19
   outer loop
     vertex -1.095419e+01 -8.718127e+00  2.250000e+01
     vertex -1.118924e+01 -8.414328e+00  2.250000e+01
     vertex -1.118924e+01 -8.414328e+00  0.000000e+00
   endloop
 endfacet
 facet normal -7.909112e-01 -6.119310e-01 -0.000000e+00
   outer loop
     vertex -1.095419e+01 -8.718127e+00  2.250000e+01
     vertex -1.118924e+01 -8.414328e+00  0.000000e+00
     vertex -1.095419e+01 -8.718127e+00  0.000000e+00
   endloop
 endfacet
 facet normal -7.738257e-01 -6.333986e-01 -4.434853e-19
   outer loop
     vertex -1.071089e+01 -9.015364e+00  2.250000e+01
     vertex -1.095419e+01 -8.718127e+00  2.250000e+01
     vertex -1.095419e+01 -8.718127e+00  0.000000e+00
   endloop
 endfacet
 facet normal -7.738257e-01 -6.333986e-01 -0.000000e+00
   outer loop
     vertex -1.071089e+01 -9.015364e+00  2.250000e+01
     vertex -1.095419e+01 -8.718127e+00  0.000000e+00
     vertex -1.071089e+01 -9.015364e+00  0.000000e+00
   endloop
 endfacet
 facet normal -7.561578e-01 -6.543893e-01 -2.735522e-19
   outer loop
     vertex -1.045953e+01 -9.305814e+00  2.250000e+01
     vertex -1.071089e+01 -9.015364e+00  2.250000e+01
     vertex -1.071089e+01 -9.015364e+00  0.000000e+00
   endloop
 endfacet
 facet normal -7.561578e-01 -6.543893e-01 -0.000000e+00
   outer loop
     vertex -1.045953e+01 -9.305814e+00  2.250000e+01
     vertex -1.071089e+01 -9.015364e+00  0.000000e+00
     vertex -1.045953e+01 -9.305814e+00  0.000000e+00
   endloop
 endfacet
 facet normal -7.379206e-01 -6.748875e-01  7.944215e-19
   outer loop
     vertex -1.020030e+01 -9.589258e+00  2.250000e+01
     vertex -1.045953e+01 -9.305814e+00  2.250000e+01
     vertex -1.045953e+01 -9.305814e+00  0.000000e+00
   endloop
 endfacet
 facet normal -7.379206e-01 -6.748875e-01 -0.000000e+00
   outer loop
     vertex -1.020030e+01 -9.589258e+00  2.250000e+01
     vertex -1.045953e+01 -9.305814e+00  0.000000e+00
     vertex -1.020030e+01 -9.589258e+00  0.000000e+00
   endloop
 endfacet
 facet normal -7.191280e-01 -6.948776e-01 -3.806991e-19
   outer loop
     vertex -9.933389e+00 -9.865485e+00  2.250000e+01
     vertex -1.020030e+01 -9.589258e+00  2.250000e+01
     vertex -1.020030e+01 -9.589258e+00  0.000000e+00
   endloop
 endfacet
 facet normal -7.191280e-01 -6.948776e-01 -0.000000e+00
   outer loop
     vertex -9.933389e+00 -9.865485e+00  2.250000e+01
     vertex -1.020030e+01 -9.589258e+00  0.000000e+00
     vertex -9.933389e+00 -9.865485e+00  0.000000e+00
   endloop
 endfacet
 facet normal -6.997940e-01 -7.143447e-01 -7.596888e-19
   outer loop
     vertex -9.659000e+00 -1.013428e+01  2.250000e+01
     vertex -9.933389e+00 -9.865485e+00  2.250000e+01
     vertex -9.933389e+00 -9.865485e+00  0.000000e+00
   endloop
 endfacet
 facet normal -6.997940e-01 -7.143447e-01 -0.000000e+00
   outer loop
     vertex -9.659000e+00 -1.013428e+01  2.250000e+01
     vertex -9.933389e+00 -9.865485e+00  0.000000e+00
     vertex -9.659000e+00 -1.013428e+01  0.000000e+00
   endloop
 endfacet
 facet normal -6.799333e-01 -7.332740e-01 -2.964577e-19
   outer loop
     vertex -9.377340e+00 -1.039546e+01  2.250000e+01
     vertex -9.659000e+00 -1.013428e+01  2.250000e+01
     vertex -9.659000e+00 -1.013428e+01  0.000000e+00
   endloop
 endfacet
 facet normal -6.799333e-01 -7.332740e-01 -0.000000e+00
   outer loop
     vertex -9.377340e+00 -1.039546e+01  2.250000e+01
     vertex -9.659000e+00 -1.013428e+01  0.000000e+00
     vertex -9.377340e+00 -1.039546e+01  0.000000e+00
   endloop
 endfacet
 facet normal -6.595607e-01 -7.516513e-01 -0.000000e+00
   outer loop
     vertex -9.377340e+00 -1.039546e+01  2.250000e+01
     vertex -9.377340e+00 -1.039546e+01  0.000000e+00
     vertex -9.088621e+00 -1.064880e+01  0.000000e+00
   endloop
 endfacet
 facet normal -6.595607e-01 -7.516513e-01 -0.000000e+00
   outer loop
     vertex -9.088621e+00 -1.064880e+01  2.250000e+01
     vertex -9.377340e+00 -1.039546e+01  2.250000e+01
     vertex -9.088621e+00 -1.064880e+01  0.000000e+00
   endloop
 endfacet
 facet normal -6.386916e-01 -7.694628e-01 -0.000000e+00
   outer loop
     vertex -9.088621e+00 -1.064880e+01  2.250000e+01
     vertex -9.088621e+00 -1.064880e+01  0.000000e+00
     vertex -8.793060e+00 -1.089413e+01  0.000000e+00
   endloop
 endfacet
 facet normal -6.386916e-01 -7.694628e-01 -0.000000e+00
   outer loop
     vertex -8.793060e+00 -1.089413e+01  2.250000e+01
     vertex -9.088621e+00 -1.064880e+01  2.250000e+01
     vertex -8.793060e+00 -1.089413e+01  0.000000e+00
   endloop
 endfacet
 facet normal -6.173417e-01 -7.866951e-01  7.711584e-19
   outer loop
     vertex -8.490881e+00 -1.113126e+01  2.250000e+01
     vertex -8.793060e+00 -1.089413e+01  2.250000e+01
     vertex -8.793060e+00 -1.089413e+01  0.000000e+00
   endloop
 endfacet
 facet normal -6.173417e-01 -7.866951e-01 -0.000000e+00
   outer loop
     vertex -8.490881e+00 -1.113126e+01  2.250000e+01
     vertex -8.793060e+00 -1.089413e+01  0.000000e+00
     vertex -8.490881e+00 -1.113126e+01  0.000000e+00
   endloop
 endfacet
 facet normal -5.955271e-01 -8.033352e-01 -0.000000e+00
   outer loop
     vertex -8.182309e+00 -1.136001e+01  2.250000e+01
     vertex -8.490881e+00 -1.113126e+01  0.000000e+00
     vertex -8.182309e+00 -1.136001e+01  0.000000e+00
   endloop
 endfacet
 facet normal -5.955271e-01 -8.033352e-01  7.567373e-19
   outer loop
     vertex -8.182309e+00 -1.136001e+01  2.250000e+01
     vertex -8.490881e+00 -1.113126e+01  2.250000e+01
     vertex -8.490881e+00 -1.113126e+01  0.000000e+00
   endloop
 endfacet
 facet normal -5.732642e-01 -8.193706e-01 -0.000000e+00
   outer loop
     vertex -7.867579e+00 -1.158021e+01  2.250000e+01
     vertex -8.182309e+00 -1.136001e+01  0.000000e+00
     vertex -7.867579e+00 -1.158021e+01  0.000000e+00
   endloop
 endfacet
 facet normal -5.505698e-01 -8.347891e-01 -0.000000e+00
   outer loop
     vertex -7.867579e+00 -1.158021e+01  2.250000e+01
     vertex -7.867579e+00 -1.158021e+01  0.000000e+00
     vertex -7.546926e+00 -1.179169e+01  0.000000e+00
   endloop
 endfacet
 facet normal -5.732642e-01 -8.193706e-01  6.916213e-19
   outer loop
     vertex -7.867579e+00 -1.158021e+01  2.250000e+01
     vertex -8.182309e+00 -1.136001e+01  2.250000e+01
     vertex -8.182309e+00 -1.136001e+01  0.000000e+00
   endloop
 endfacet
 facet normal -5.505698e-01 -8.347891e-01 -0.000000e+00
   outer loop
     vertex -7.546926e+00 -1.179169e+01  2.250000e+01
     vertex -7.867579e+00 -1.158021e+01  2.250000e+01
     vertex -7.546926e+00 -1.179169e+01  0.000000e+00
   endloop
 endfacet
 facet normal -5.274609e-01 -8.495793e-01 -0.000000e+00
   outer loop
     vertex -7.220591e+00 -1.199429e+01  2.250000e+01
     vertex -7.546926e+00 -1.179169e+01  0.000000e+00
     vertex -7.220591e+00 -1.199429e+01  0.000000e+00
   endloop
 endfacet
 facet normal -5.274609e-01 -8.495793e-01  8.787726e-20
   outer loop
     vertex -7.220591e+00 -1.199429e+01  2.250000e+01
     vertex -7.546926e+00 -1.179169e+01  2.250000e+01
     vertex -7.546926e+00 -1.179169e+01  0.000000e+00
   endloop
 endfacet
 facet normal -5.039550e-01 -8.637299e-01 -0.000000e+00
   outer loop
     vertex -6.888821e+00 -1.218787e+01  2.250000e+01
     vertex -7.220591e+00 -1.199429e+01  0.000000e+00
     vertex -6.888821e+00 -1.218787e+01  0.000000e+00
   endloop
 endfacet
 facet normal -5.039550e-01 -8.637299e-01  1.635723e-19
   outer loop
     vertex -6.888821e+00 -1.218787e+01  2.250000e+01
     vertex -7.220591e+00 -1.199429e+01  2.250000e+01
     vertex -7.220591e+00 -1.199429e+01  0.000000e+00
   endloop
 endfacet
 facet normal -4.800697e-01 -8.772303e-01 -0.000000e+00
   outer loop
     vertex -6.551866e+00 -1.237227e+01  2.250000e+01
     vertex -6.888821e+00 -1.218787e+01  0.000000e+00
     vertex -6.551866e+00 -1.237227e+01  0.000000e+00
   endloop
 endfacet
 facet normal -4.800697e-01 -8.772303e-01 -2.668468e-19
   outer loop
     vertex -6.551866e+00 -1.237227e+01  2.250000e+01
     vertex -6.888821e+00 -1.218787e+01  2.250000e+01
     vertex -6.888821e+00 -1.218787e+01  0.000000e+00
   endloop
 endfacet
 facet normal -4.558231e-01 -8.900704e-01  2.231251e-19
   outer loop
     vertex -6.209979e+00 -1.254736e+01  2.250000e+01
     vertex -6.551866e+00 -1.237227e+01  2.250000e+01
     vertex -6.551866e+00 -1.237227e+01  0.000000e+00
   endloop
 endfacet
 facet normal -4.558231e-01 -8.900704e-01 -0.000000e+00
   outer loop
     vertex -6.209979e+00 -1.254736e+01  2.250000e+01
     vertex -6.551866e+00 -1.237227e+01  0.000000e+00
     vertex -6.209979e+00 -1.254736e+01  0.000000e+00
   endloop
 endfacet
 facet normal -4.312333e-01 -9.022405e-01 -3.159684e-19
   outer loop
     vertex -5.863416e+00 -1.271300e+01  2.250000e+01
     vertex -6.209979e+00 -1.254736e+01  2.250000e+01
     vertex -6.209979e+00 -1.254736e+01  0.000000e+00
   endloop
 endfacet
 facet normal -4.312333e-01 -9.022405e-01 -0.000000e+00
   outer loop
     vertex -5.863416e+00 -1.271300e+01  2.250000e+01
     vertex -6.209979e+00 -1.254736e+01  0.000000e+00
     vertex -5.863416e+00 -1.271300e+01  0.000000e+00
   endloop
 endfacet
 facet normal -4.063188e-01 -9.137314e-01  2.768300e-19
   outer loop
     vertex -5.512441e+00 -1.286907e+01  2.250000e+01
     vertex -5.863416e+00 -1.271300e+01  2.250000e+01
     vertex -5.863416e+00 -1.271300e+01  0.000000e+00
   endloop
 endfacet
 facet normal -4.063188e-01 -9.137314e-01 -0.000000e+00
   outer loop
     vertex -5.512441e+00 -1.286907e+01  2.250000e+01
     vertex -5.863416e+00 -1.271300e+01  0.000000e+00
     vertex -5.512441e+00 -1.286907e+01  0.000000e+00
   endloop
 endfacet
 facet normal -3.810986e-01 -9.245344e-01  3.074458e-19
   outer loop
     vertex -5.157315e+00 -1.301546e+01  2.250000e+01
     vertex -5.512441e+00 -1.286907e+01  2.250000e+01
     vertex -5.512441e+00 -1.286907e+01  0.000000e+00
   endloop
 endfacet
 facet normal -3.810986e-01 -9.245344e-01 -0.000000e+00
   outer loop
     vertex -5.157315e+00 -1.301546e+01  2.250000e+01
     vertex -5.512441e+00 -1.286907e+01  0.000000e+00
     vertex -5.157315e+00 -1.301546e+01  0.000000e+00
   endloop
 endfacet
 facet normal -3.555914e-01 -9.346415e-01 -0.000000e+00
   outer loop
     vertex -5.157315e+00 -1.301546e+01  2.250000e+01
     vertex -5.157315e+00 -1.301546e+01  0.000000e+00
     vertex -4.798307e+00 -1.315204e+01  0.000000e+00
   endloop
 endfacet
 facet normal -3.555914e-01 -9.346415e-01 -0.000000e+00
   outer loop
     vertex -4.798307e+00 -1.315204e+01  2.250000e+01
     vertex -5.157315e+00 -1.301546e+01  2.250000e+01
     vertex -4.798307e+00 -1.315204e+01  0.000000e+00
   endloop
 endfacet
 facet normal -3.298166e-01 -9.440450e-01  1.438335e-19
   outer loop
     vertex -4.435687e+00 -1.327873e+01  2.250000e+01
     vertex -4.798307e+00 -1.315204e+01  2.250000e+01
     vertex -4.798307e+00 -1.315204e+01  0.000000e+00
   endloop
 endfacet
 facet normal -3.298166e-01 -9.440450e-01 -0.000000e+00
   outer loop
     vertex -4.435687e+00 -1.327873e+01  2.250000e+01
     vertex -4.798307e+00 -1.315204e+01  0.000000e+00
     vertex -4.435687e+00 -1.327873e+01  0.000000e+00
   endloop
 endfacet
 facet normal -3.037934e-01 -9.527379e-01 -0.000000e+00
   outer loop
     vertex -4.435687e+00 -1.327873e+01  2.250000e+01
     vertex -4.435687e+00 -1.327873e+01  0.000000e+00
     vertex -4.069729e+00 -1.339542e+01  0.000000e+00
   endloop
 endfacet
 facet normal -3.037934e-01 -9.527379e-01 -0.000000e+00
   outer loop
     vertex -4.069729e+00 -1.339542e+01  2.250000e+01
     vertex -4.435687e+00 -1.327873e+01  2.250000e+01
     vertex -4.069729e+00 -1.339542e+01  0.000000e+00
   endloop
 endfacet
 facet normal -2.775416e-01 -9.607136e-01 -0.000000e+00
   outer loop
     vertex -4.069729e+00 -1.339542e+01  2.250000e+01
     vertex -4.069729e+00 -1.339542e+01  0.000000e+00
     vertex -3.700706e+00 -1.350203e+01  0.000000e+00
   endloop
 endfacet
 facet normal -2.775416e-01 -9.607136e-01 -0.000000e+00
   outer loop
     vertex -3.700706e+00 -1.350203e+01  2.250000e+01
     vertex -4.069729e+00 -1.339542e+01  2.250000e+01
     vertex -3.700706e+00 -1.350203e+01  0.000000e+00
   endloop
 endfacet
 facet normal -2.510809e-01 -9.679661e-01 -0.000000e+00
   outer loop
     vertex -3.700706e+00 -1.350203e+01  2.250000e+01
     vertex -3.700706e+00 -1.350203e+01  0.000000e+00
     vertex -3.328898e+00 -1.359847e+01  0.000000e+00
   endloop
 endfacet
 facet normal -2.510809e-01 -9.679661e-01 -0.000000e+00
   outer loop
     vertex -3.328898e+00 -1.359847e+01  2.250000e+01
     vertex -3.700706e+00 -1.350203e+01  2.250000e+01
     vertex -3.328898e+00 -1.359847e+01  0.000000e+00
   endloop
 endfacet
 facet normal -2.244312e-01 -9.744899e-01 -1.187292e-19
   outer loop
     vertex -2.954584e+00 -1.368468e+01  2.250000e+01
     vertex -3.328898e+00 -1.359847e+01  2.250000e+01
     vertex -3.328898e+00 -1.359847e+01  0.000000e+00
   endloop
 endfacet
 facet normal -2.244312e-01 -9.744899e-01 -0.000000e+00
   outer loop
     vertex -2.954584e+00 -1.368468e+01  2.250000e+01
     vertex -3.328898e+00 -1.359847e+01  0.000000e+00
     vertex -2.954584e+00 -1.368468e+01  0.000000e+00
   endloop
 endfacet
 facet normal -1.976125e-01 -9.802802e-01  9.378970e-20
   outer loop
     vertex -2.578046e+00 -1.376058e+01  2.250000e+01
     vertex -2.954584e+00 -1.368468e+01  2.250000e+01
     vertex -2.954584e+00 -1.368468e+01  0.000000e+00
   endloop
 endfacet
 facet normal -1.976125e-01 -9.802802e-01 -0.000000e+00
   outer loop
     vertex -2.578046e+00 -1.376058e+01  2.250000e+01
     vertex -2.954584e+00 -1.368468e+01  0.000000e+00
     vertex -2.578046e+00 -1.376058e+01  0.000000e+00
   endloop
 endfacet
 facet normal -1.706451e-01 -9.853326e-01  2.791155e-20
   outer loop
     vertex -2.199567e+00 -1.382613e+01  2.250000e+01
     vertex -2.578046e+00 -1.376058e+01  2.250000e+01
     vertex -2.578046e+00 -1.376058e+01  0.000000e+00
   endloop
 endfacet
 facet normal -1.706451e-01 -9.853326e-01 -0.000000e+00
   outer loop
     vertex -2.199567e+00 -1.382613e+01  2.250000e+01
     vertex -2.578046e+00 -1.376058e+01  0.000000e+00
     vertex -2.199567e+00 -1.382613e+01  0.000000e+00
   endloop
 endfacet
 facet normal -1.435492e-01 -9.896432e-01 -0.000000e+00
   outer loop
     vertex -2.199567e+00 -1.382613e+01  2.250000e+01
     vertex -2.199567e+00 -1.382613e+01  0.000000e+00
     vertex -1.819432e+00 -1.388127e+01  0.000000e+00
   endloop
 endfacet
 facet normal -1.435492e-01 -9.896432e-01 -0.000000e+00
   outer loop
     vertex -1.819432e+00 -1.388127e+01  2.250000e+01
     vertex -2.199567e+00 -1.382613e+01  2.250000e+01
     vertex -1.819432e+00 -1.388127e+01  0.000000e+00
   endloop
 endfacet
 facet normal -1.163452e-01 -9.932088e-01 -0.000000e+00
   outer loop
     vertex -1.819432e+00 -1.388127e+01  2.250000e+01
     vertex -1.819432e+00 -1.388127e+01  0.000000e+00
     vertex -1.437928e+00 -1.392596e+01  0.000000e+00
   endloop
 endfacet
 facet normal -1.163452e-01 -9.932088e-01 -0.000000e+00
   outer loop
     vertex -1.437928e+00 -1.392596e+01  2.250000e+01
     vertex -1.819432e+00 -1.388127e+01  2.250000e+01
     vertex -1.437928e+00 -1.392596e+01  0.000000e+00
   endloop
 endfacet
 facet normal -8.905371e-02 -9.960268e-01 -9.325010e-21
   outer loop
     vertex -1.055341e+00 -1.396017e+01  2.250000e+01
     vertex -1.437928e+00 -1.392596e+01  2.250000e+01
     vertex -1.437928e+00 -1.392596e+01  0.000000e+00
   endloop
 endfacet
 facet normal -8.905371e-02 -9.960268e-01 -0.000000e+00
   outer loop
     vertex -1.055341e+00 -1.396017e+01  2.250000e+01
     vertex -1.437928e+00 -1.392596e+01  0.000000e+00
     vertex -1.055341e+00 -1.396017e+01  0.000000e+00
   endloop
 endfacet
 facet normal -6.169515e-02 -9.980950e-01  1.465959e-20
   outer loop
     vertex -6.719602e-01 -1.398386e+01  2.250000e+01
     vertex -1.055341e+00 -1.396017e+01  2.250000e+01
     vertex -1.055341e+00 -1.396017e+01  0.000000e+00
   endloop
 endfacet
 facet normal -6.169515e-02 -9.980950e-01 -0.000000e+00
   outer loop
     vertex -6.719602e-01 -1.398386e+01  2.250000e+01
     vertex -1.055341e+00 -1.396017e+01  0.000000e+00
     vertex -6.719602e-01 -1.398386e+01  0.000000e+00
   endloop
 endfacet
 facet normal -3.429014e-02 -9.994119e-01  4.237624e-21
   outer loop
     vertex -2.880733e-01 -1.399704e+01  2.250000e+01
     vertex -6.719602e-01 -1.398386e+01  2.250000e+01
     vertex -6.719602e-01 -1.398386e+01  0.000000e+00
   endloop
 endfacet
 facet normal -3.429014e-02 -9.994119e-01 -0.000000e+00
   outer loop
     vertex -2.880733e-01 -1.399704e+01  2.250000e+01
     vertex -6.719602e-01 -1.398386e+01  0.000000e+00
     vertex -2.880733e-01 -1.399704e+01  0.000000e+00
   endloop
 endfacet
 facet normal -6.859319e-03 -9.999765e-01 -0.000000e+00
   outer loop
     vertex -2.880733e-01 -1.399704e+01  2.250000e+01
     vertex -2.880733e-01 -1.399704e+01  0.000000e+00
     vertex  9.603046e-02 -1.399967e+01  0.000000e+00
   endloop
 endfacet
 facet normal -6.859319e-03 -9.999765e-01 -0.000000e+00
   outer loop
     vertex  9.603046e-02 -1.399967e+01  2.250000e+01
     vertex -2.880733e-01 -1.399704e+01  2.250000e+01
     vertex  9.603046e-02 -1.399967e+01  0.000000e+00
   endloop
 endfacet
 facet normal  2.057667e-02 -9.997883e-01  0.000000e+00
   outer loop
     vertex  9.603046e-02 -1.399967e+01  2.250000e+01
     vertex  9.603046e-02 -1.399967e+01  0.000000e+00
     vertex  4.800620e-01 -1.399177e+01  0.000000e+00
   endloop
 endfacet
 facet normal  2.057667e-02 -9.997883e-01  0.000000e+00
   outer loop
     vertex  4.800620e-01 -1.399177e+01  2.250000e+01
     vertex  9.603046e-02 -1.399967e+01  2.250000e+01
     vertex  4.800620e-01 -1.399177e+01  0.000000e+00
   endloop
 endfacet
 facet normal  4.799716e-02 -9.988475e-01  0.000000e+00
   outer loop
     vertex  8.637321e-01 -1.397333e+01  2.250000e+01
     vertex  4.800620e-01 -1.399177e+01  0.000000e+00
     vertex  8.637321e-01 -1.397333e+01  0.000000e+00
   endloop
 endfacet
 facet normal  4.799716e-02 -9.988475e-01 -4.341855e-20
   outer loop
     vertex  8.637321e-01 -1.397333e+01  2.250000e+01
     vertex  4.800620e-01 -1.399177e+01  2.250000e+01
     vertex  4.800620e-01 -1.399177e+01  0.000000e+00
   endloop
 endfacet
 facet normal  7.538152e-02 -9.971548e-01  0.000000e+00
   outer loop
     vertex  1.246752e+00 -1.394438e+01  2.250000e+01
     vertex  8.637321e-01 -1.397333e+01  0.000000e+00
     vertex  1.246752e+00 -1.394438e+01  0.000000e+00
   endloop
 endfacet
 facet normal  1.027091e-01 -9.947114e-01  0.000000e+00
   outer loop
     vertex  1.246752e+00 -1.394438e+01  2.250000e+01
     vertex  1.246752e+00 -1.394438e+01  0.000000e+00
     vertex  1.628833e+00 -1.390492e+01  0.000000e+00
   endloop
 endfacet
 facet normal  7.538152e-02 -9.971548e-01  2.068553e-20
   outer loop
     vertex  1.246752e+00 -1.394438e+01  2.250000e+01
     vertex  8.637321e-01 -1.397333e+01  2.250000e+01
     vertex  8.637321e-01 -1.397333e+01  0.000000e+00
   endloop
 endfacet
 facet normal  1.027091e-01 -9.947114e-01  0.000000e+00
   outer loop
     vertex  1.628833e+00 -1.390492e+01  2.250000e+01
     vertex  1.246752e+00 -1.394438e+01  2.250000e+01
     vertex  1.628833e+00 -1.390492e+01  0.000000e+00
   endloop
 endfacet
 facet normal  1.299594e-01 -9.915193e-01  0.000000e+00
   outer loop
     vertex  2.009689e+00 -1.385500e+01  2.250000e+01
     vertex  1.628833e+00 -1.390492e+01  0.000000e+00
     vertex  2.009689e+00 -1.385500e+01  0.000000e+00
   endloop
 endfacet
 facet normal  1.571119e-01 -9.875808e-01  0.000000e+00
   outer loop
     vertex  2.009689e+00 -1.385500e+01  2.250000e+01
     vertex  2.009689e+00 -1.385500e+01  0.000000e+00
     vertex  2.389031e+00 -1.379466e+01  0.000000e+00
   endloop
 endfacet
 facet normal  1.299594e-01 -9.915193e-01  1.844971e-19
   outer loop
     vertex  2.009689e+00 -1.385500e+01  2.250000e+01
     vertex  1.628833e+00 -1.390492e+01  2.250000e+01
     vertex  1.628833e+00 -1.390492e+01  0.000000e+00
   endloop
 endfacet
 facet normal  1.571119e-01 -9.875808e-01  0.000000e+00
   outer loop
     vertex  2.389031e+00 -1.379466e+01  2.250000e+01
     vertex  2.009689e+00 -1.385500e+01  2.250000e+01
     vertex  2.389031e+00 -1.379466e+01  0.000000e+00
   endloop
 endfacet
 facet normal  1.841461e-01 -9.828989e-01  0.000000e+00
   outer loop
     vertex  2.766575e+00 -1.372392e+01  2.250000e+01
     vertex  2.389031e+00 -1.379466e+01  0.000000e+00
     vertex  2.766575e+00 -1.372392e+01  0.000000e+00
   endloop
 endfacet
 facet normal  1.841461e-01 -9.828989e-01  1.543735e-19
   outer loop
     vertex  2.766575e+00 -1.372392e+01  2.250000e+01
     vertex  2.389031e+00 -1.379466e+01  2.250000e+01
     vertex  2.389031e+00 -1.379466e+01  0.000000e+00
   endloop
 endfacet
 facet normal  2.110417e-01 -9.774771e-01  0.000000e+00
   outer loop
     vertex  3.142037e+00 -1.364286e+01  2.250000e+01
     vertex  2.766575e+00 -1.372392e+01  0.000000e+00
     vertex  3.142037e+00 -1.364286e+01  0.000000e+00
   endloop
 endfacet
 facet normal  2.377784e-01 -9.713194e-01  0.000000e+00
   outer loop
     vertex  3.142037e+00 -1.364286e+01  2.250000e+01
     vertex  3.142037e+00 -1.364286e+01  0.000000e+00
     vertex  3.515133e+00 -1.355153e+01  0.000000e+00
   endloop
 endfacet
 facet normal  2.110417e-01 -9.774771e-01 -1.184569e-19
   outer loop
     vertex  3.142037e+00 -1.364286e+01  2.250000e+01
     vertex  2.766575e+00 -1.372392e+01  2.250000e+01
     vertex  2.766575e+00 -1.372392e+01  0.000000e+00
   endloop
 endfacet
 facet normal  2.377784e-01 -9.713194e-01  0.000000e+00
   outer loop
     vertex  3.515133e+00 -1.355153e+01  2.250000e+01
     vertex  3.142037e+00 -1.364286e+01  2.250000e+01
     vertex  3.515133e+00 -1.355153e+01  0.000000e+00
   endloop
 endfacet
 facet normal  2.643362e-01 -9.644306e-01  0.000000e+00
   outer loop
     vertex  3.885583e+00 -1.344999e+01  2.250000e+01
     vertex  3.515133e+00 -1.355153e+01  0.000000e+00
     vertex  3.885583e+00 -1.344999e+01  0.000000e+00
   endloop
 endfacet
 facet normal  2.906949e-01 -9.568158e-01  0.000000e+00
   outer loop
     vertex  3.885583e+00 -1.344999e+01  2.250000e+01
     vertex  3.885583e+00 -1.344999e+01  0.000000e+00
     vertex  4.253108e+00 -1.333833e+01  0.000000e+00
   endloop
 endfacet
 facet normal  2.643362e-01 -9.644306e-01  1.644481e-19
   outer loop
     vertex  3.885583e+00 -1.344999e+01  2.250000e+01
     vertex  3.515133e+00 -1.355153e+01  2.250000e+01
     vertex  3.515133e+00 -1.355153e+01  0.000000e+00
   endloop
 endfacet
 facet normal  2.906949e-01 -9.568158e-01  0.000000e+00
   outer loop
     vertex  4.253108e+00 -1.333833e+01  2.250000e+01
     vertex  3.885583e+00 -1.344999e+01  2.250000e+01
     vertex  4.253108e+00 -1.333833e+01  0.000000e+00
   endloop
 endfacet
 facet normal  3.168348e-01 -9.484807e-01  0.000000e+00
   outer loop
     vertex  4.617432e+00 -1.321663e+01  2.250000e+01
     vertex  4.253108e+00 -1.333833e+01  0.000000e+00
     vertex  4.617432e+00 -1.321663e+01  0.000000e+00
   endloop
 endfacet
 facet normal  3.168348e-01 -9.484807e-01 -1.363881e-19
   outer loop
     vertex  4.617432e+00 -1.321663e+01  2.250000e+01
     vertex  4.253108e+00 -1.333833e+01  2.250000e+01
     vertex  4.253108e+00 -1.333833e+01  0.000000e+00
   endloop
 endfacet
 facet normal  3.427362e-01 -9.394317e-01  0.000000e+00
   outer loop
     vertex  4.978280e+00 -1.308498e+01  2.250000e+01
     vertex  4.617432e+00 -1.321663e+01  0.000000e+00
     vertex  4.978280e+00 -1.308498e+01  0.000000e+00
   endloop
 endfacet
 facet normal  3.683796e-01 -9.296754e-01  0.000000e+00
   outer loop
     vertex  4.978280e+00 -1.308498e+01  2.250000e+01
     vertex  4.978280e+00 -1.308498e+01  0.000000e+00
     vertex  5.335380e+00 -1.294348e+01  0.000000e+00
   endloop
 endfacet
 facet normal  3.427362e-01 -9.394317e-01  1.169946e-19
   outer loop
     vertex  4.978280e+00 -1.308498e+01  2.250000e+01
     vertex  4.617432e+00 -1.321663e+01  2.250000e+01
     vertex  4.617432e+00 -1.321663e+01  0.000000e+00
   endloop
 endfacet
 facet normal  3.683796e-01 -9.296754e-01  0.000000e+00
   outer loop
     vertex  5.335380e+00 -1.294348e+01  2.250000e+01
     vertex  4.978280e+00 -1.308498e+01  2.250000e+01
     vertex  5.335380e+00 -1.294348e+01  0.000000e+00
   endloop
 endfacet
 facet normal  3.937458e-01 -9.192194e-01  0.000000e+00
   outer loop
     vertex  5.688464e+00 -1.279224e+01  2.250000e+01
     vertex  5.335380e+00 -1.294348e+01  0.000000e+00
     vertex  5.688464e+00 -1.279224e+01  0.000000e+00
   endloop
 endfacet
 facet normal  3.937458e-01 -9.192194e-01  1.811635e-19
   outer loop
     vertex  5.688464e+00 -1.279224e+01  2.250000e+01
     vertex  5.335380e+00 -1.294348e+01  2.250000e+01
     vertex  5.335380e+00 -1.294348e+01  0.000000e+00
   endloop
 endfacet
 facet normal  4.188155e-01 -9.080714e-01  0.000000e+00
   outer loop
     vertex  6.037266e+00 -1.263137e+01  2.250000e+01
     vertex  5.688464e+00 -1.279224e+01  0.000000e+00
     vertex  6.037266e+00 -1.263137e+01  0.000000e+00
   endloop
 endfacet
 facet normal  4.188155e-01 -9.080714e-01  2.160232e-19
   outer loop
     vertex  6.037266e+00 -1.263137e+01  2.250000e+01
     vertex  5.688464e+00 -1.279224e+01  2.250000e+01
     vertex  5.688464e+00 -1.279224e+01  0.000000e+00
   endloop
 endfacet
 facet normal  4.435699e-01 -8.962398e-01  0.000000e+00
   outer loop
     vertex  6.381523e+00 -1.246099e+01  2.250000e+01
     vertex  6.037266e+00 -1.263137e+01  0.000000e+00
     vertex  6.381523e+00 -1.246099e+01  0.000000e+00
   endloop
 endfacet
 facet normal  4.435699e-01 -8.962398e-01  3.829762e-19
   outer loop
     vertex  6.381523e+00 -1.246099e+01  2.250000e+01
     vertex  6.037266e+00 -1.263137e+01  2.250000e+01
     vertex  6.037266e+00 -1.263137e+01  0.000000e+00
   endloop
 endfacet
 facet normal  4.679904e-01 -8.837335e-01  0.000000e+00
   outer loop
     vertex  6.720976e+00 -1.228122e+01  2.250000e+01
     vertex  6.381523e+00 -1.246099e+01  0.000000e+00
     vertex  6.720976e+00 -1.228122e+01  0.000000e+00
   endloop
 endfacet
 facet normal  4.920587e-01 -8.705620e-01  0.000000e+00
   outer loop
     vertex  6.720976e+00 -1.228122e+01  2.250000e+01
     vertex  6.720976e+00 -1.228122e+01  0.000000e+00
     vertex  7.055370e+00 -1.209222e+01  0.000000e+00
   endloop
 endfacet
 facet normal  4.679904e-01 -8.837335e-01 -2.919103e-19
   outer loop
     vertex  6.720976e+00 -1.228122e+01  2.250000e+01
     vertex  6.381523e+00 -1.246099e+01  2.250000e+01
     vertex  6.381523e+00 -1.246099e+01  0.000000e+00
   endloop
 endfacet
 facet normal  4.920587e-01 -8.705620e-01  0.000000e+00
   outer loop
     vertex  7.055370e+00 -1.209222e+01  2.250000e+01
     vertex  6.720976e+00 -1.228122e+01  2.250000e+01
     vertex  7.055370e+00 -1.209222e+01  0.000000e+00
   endloop
 endfacet
 facet normal  5.157565e-01 -8.567352e-01  0.000000e+00
   outer loop
     vertex  7.384453e+00 -1.189411e+01  2.250000e+01
     vertex  7.055370e+00 -1.209222e+01  0.000000e+00
     vertex  7.384453e+00 -1.189411e+01  0.000000e+00
   endloop
 endfacet
 facet normal  5.157565e-01 -8.567352e-01  3.104371e-19
   outer loop
     vertex  7.384453e+00 -1.189411e+01  2.250000e+01
     vertex  7.055370e+00 -1.209222e+01  2.250000e+01
     vertex  7.055370e+00 -1.209222e+01  0.000000e+00
   endloop
 endfacet
 facet normal  5.390661e-01 -8.422635e-01  0.000000e+00
   outer loop
     vertex  7.707977e+00 -1.168705e+01  2.250000e+01
     vertex  7.384453e+00 -1.189411e+01  0.000000e+00
     vertex  7.707977e+00 -1.168705e+01  0.000000e+00
   endloop
 endfacet
 facet normal  5.390661e-01 -8.422635e-01 -3.224591e-19
   outer loop
     vertex  7.707977e+00 -1.168705e+01  2.250000e+01
     vertex  7.384453e+00 -1.189411e+01  2.250000e+01
     vertex  7.384453e+00 -1.189411e+01  0.000000e+00
   endloop
 endfacet
 facet normal  5.619699e-01 -8.271577e-01  0.000000e+00
   outer loop
     vertex  8.025699e+00 -1.147119e+01  2.250000e+01
     vertex  7.707977e+00 -1.168705e+01  0.000000e+00
     vertex  8.025699e+00 -1.147119e+01  0.000000e+00
   endloop
 endfacet
 facet normal  5.619699e-01 -8.271577e-01  1.098917e-19
   outer loop
     vertex  8.025699e+00 -1.147119e+01  2.250000e+01
     vertex  7.707977e+00 -1.168705e+01  2.250000e+01
     vertex  7.707977e+00 -1.168705e+01  0.000000e+00
   endloop
 endfacet
 facet normal  5.844507e-01 -8.114292e-01  0.000000e+00
   outer loop
     vertex  8.337380e+00 -1.124669e+01  2.250000e+01
     vertex  8.025699e+00 -1.147119e+01  0.000000e+00
     vertex  8.337380e+00 -1.124669e+01  0.000000e+00
   endloop
 endfacet
 facet normal  6.064915e-01 -7.950900e-01  0.000000e+00
   outer loop
     vertex  8.337380e+00 -1.124669e+01  2.250000e+01
     vertex  8.337380e+00 -1.124669e+01  0.000000e+00
     vertex  8.642784e+00 -1.101373e+01  0.000000e+00
   endloop
 endfacet
 facet normal  5.844507e-01 -8.114292e-01  7.613197e-19
   outer loop
     vertex  8.337380e+00 -1.124669e+01  2.250000e+01
     vertex  8.025699e+00 -1.147119e+01  2.250000e+01
     vertex  8.025699e+00 -1.147119e+01  0.000000e+00
   endloop
 endfacet
 facet normal  6.064915e-01 -7.950900e-01  0.000000e+00
   outer loop
     vertex  8.642784e+00 -1.101373e+01  2.250000e+01
     vertex  8.337380e+00 -1.124669e+01  2.250000e+01
     vertex  8.642784e+00 -1.101373e+01  0.000000e+00
   endloop
 endfacet
 facet normal  6.280757e-01 -7.781522e-01  0.000000e+00
   outer loop
     vertex  8.941682e+00 -1.077248e+01  2.250000e+01
     vertex  8.642784e+00 -1.101373e+01  0.000000e+00
     vertex  8.941682e+00 -1.077248e+01  0.000000e+00
   endloop
 endfacet
 facet normal  6.280757e-01 -7.781522e-01 -6.851745e-19
   outer loop
     vertex  8.941682e+00 -1.077248e+01  2.250000e+01
     vertex  8.642784e+00 -1.101373e+01  2.250000e+01
     vertex  8.642784e+00 -1.101373e+01  0.000000e+00
   endloop
 endfacet
 facet normal  6.491872e-01 -7.606287e-01  0.000000e+00
   outer loop
     vertex  9.233849e+00 -1.052312e+01  2.250000e+01
     vertex  8.941682e+00 -1.077248e+01  0.000000e+00
     vertex  9.233849e+00 -1.052312e+01  0.000000e+00
   endloop
 endfacet
 facet normal  6.491872e-01 -7.606287e-01  5.554744e-19
   outer loop
     vertex  9.233849e+00 -1.052312e+01  2.250000e+01
     vertex  8.941682e+00 -1.077248e+01  2.250000e+01
     vertex  8.941682e+00 -1.077248e+01  0.000000e+00
   endloop
 endfacet
 facet normal  6.698100e-01 -7.425325e-01  0.000000e+00
   outer loop
     vertex  9.519066e+00 -1.026584e+01  2.250000e+01
     vertex  9.233849e+00 -1.052312e+01  0.000000e+00
     vertex  9.519066e+00 -1.026584e+01  0.000000e+00
   endloop
 endfacet
 facet normal  6.899286e-01 -7.238775e-01  0.000000e+00
   outer loop
     vertex  9.519066e+00 -1.026584e+01  2.250000e+01
     vertex  9.519066e+00 -1.026584e+01  0.000000e+00
     vertex  9.797116e+00 -1.000083e+01  0.000000e+00
   endloop
 endfacet
 facet normal  6.698100e-01 -7.425325e-01  1.346453e-19
   outer loop
     vertex  9.519066e+00 -1.026584e+01  2.250000e+01
     vertex  9.233849e+00 -1.052312e+01  2.250000e+01
     vertex  9.233849e+00 -1.052312e+01  0.000000e+00
   endloop
 endfacet
 facet normal  6.899286e-01 -7.238775e-01  0.000000e+00
   outer loop
     vertex  9.797116e+00 -1.000083e+01  2.250000e+01
     vertex  9.519066e+00 -1.026584e+01  2.250000e+01
     vertex  9.797116e+00 -1.000083e+01  0.000000e+00
   endloop
 endfacet
 facet normal  7.095278e-01 -7.046775e-01  0.000000e+00
   outer loop
     vertex  1.006779e+01 -9.728287e+00  2.250000e+01
     vertex  9.797116e+00 -1.000083e+01  0.000000e+00
     vertex  1.006779e+01 -9.728287e+00  0.000000e+00
   endloop
 endfacet
 facet normal  7.285929e-01 -6.849470e-01  0.000000e+00
   outer loop
     vertex  1.006779e+01 -9.728287e+00  2.250000e+01
     vertex  1.006779e+01 -9.728287e+00  0.000000e+00
     vertex  1.033089e+01 -9.448425e+00  0.000000e+00
   endloop
 endfacet
 facet normal  7.095278e-01 -7.046775e-01  7.991094e-19
   outer loop
     vertex  1.006779e+01 -9.728287e+00  2.250000e+01
     vertex  9.797116e+00 -1.000083e+01  2.250000e+01
     vertex  9.797116e+00 -1.000083e+01  0.000000e+00
   endloop
 endfacet
 facet normal  7.285929e-01 -6.849470e-01  0.000000e+00
   outer loop
     vertex  1.033089e+01 -9.448425e+00  2.250000e+01
     vertex  1.006779e+01 -9.728287e+00  2.250000e+01
     vertex  1.033089e+01 -9.448425e+00  0.000000e+00
   endloop
 endfacet
 facet normal  7.471095e-01 -6.647010e-01  0.000000e+00
   outer loop
     vertex  1.058621e+01 -9.161451e+00  2.250000e+01
     vertex  1.033089e+01 -9.448425e+00  0.000000e+00
     vertex  1.058621e+01 -9.161451e+00  0.000000e+00
   endloop
 endfacet
 facet normal  7.471095e-01 -6.647010e-01 -4.806429e-20
   outer loop
     vertex  1.058621e+01 -9.161451e+00  2.250000e+01
     vertex  1.033089e+01 -9.448425e+00  2.250000e+01
     vertex  1.033089e+01 -9.448425e+00  0.000000e+00
   endloop
 endfacet
 facet normal  7.650637e-01 -6.439545e-01  0.000000e+00
   outer loop
     vertex  1.083356e+01 -8.867580e+00  2.250000e+01
     vertex  1.058621e+01 -9.161451e+00  0.000000e+00
     vertex  1.083356e+01 -8.867580e+00  0.000000e+00
   endloop
 endfacet
 facet normal  7.650637e-01 -6.439545e-01 -4.517346e-21
   outer loop
     vertex  1.083356e+01 -8.867580e+00  2.250000e+01
     vertex  1.058621e+01 -9.161451e+00  2.250000e+01
     vertex  1.058621e+01 -9.161451e+00  0.000000e+00
   endloop
 endfacet
 facet normal  7.824421e-01 -6.227234e-01  0.000000e+00
   outer loop
     vertex  1.107276e+01 -8.567034e+00  2.250000e+01
     vertex  1.083356e+01 -8.867580e+00  0.000000e+00
     vertex  1.107276e+01 -8.567034e+00  0.000000e+00
   endloop
 endfacet
 facet normal  7.992314e-01 -6.010234e-01  0.000000e+00
   outer loop
     vertex  1.107276e+01 -8.567034e+00  2.250000e+01
     vertex  1.107276e+01 -8.567034e+00  0.000000e+00
     vertex  1.130362e+01 -8.260039e+00  0.000000e+00
   endloop
 endfacet
 facet normal  7.824421e-01 -6.227234e-01  1.216093e-19
   outer loop
     vertex  1.107276e+01 -8.567034e+00  2.250000e+01
     vertex  1.083356e+01 -8.867580e+00  2.250000e+01
     vertex  1.083356e+01 -8.867580e+00  0.000000e+00
   endloop
 endfacet
 facet normal  7.992314e-01 -6.010234e-01  0.000000e+00
   outer loop
     vertex  1.130362e+01 -8.260039e+00  2.250000e+01
     vertex  1.107276e+01 -8.567034e+00  2.250000e+01
     vertex  1.130362e+01 -8.260039e+00  0.000000e+00
   endloop
 endfacet
 facet normal  8.154191e-01 -5.788711e-01  0.000000e+00
   outer loop
     vertex  1.130362e+01 -8.260039e+00  2.250000e+01
     vertex  1.130362e+01 -8.260039e+00  0.000000e+00
     vertex  1.152597e+01 -7.946826e+00  0.000000e+00
   endloop
 endfacet
 facet normal  8.154191e-01 -5.788711e-01  0.000000e+00
   outer loop
     vertex  1.152597e+01 -7.946826e+00  2.250000e+01
     vertex  1.130362e+01 -8.260039e+00  2.250000e+01
     vertex  1.152597e+01 -7.946826e+00  0.000000e+00
   endloop
 endfacet
 facet normal  8.309929e-01 -5.562829e-01 -5.159808e-19
   outer loop
     vertex  1.173964e+01 -7.627631e+00  2.250000e+01
     vertex  1.152597e+01 -7.946826e+00  2.250000e+01
     vertex  1.152597e+01 -7.946826e+00  0.000000e+00
   endloop
 endfacet
 facet normal  8.309929e-01 -5.562829e-01  0.000000e+00
   outer loop
     vertex  1.173964e+01 -7.627631e+00  2.250000e+01
     vertex  1.152597e+01 -7.946826e+00  0.000000e+00
     vertex  1.173964e+01 -7.627631e+00  0.000000e+00
   endloop
 endfacet
 facet normal  8.459413e-01 -5.332761e-01 -3.342941e-19
   outer loop
     vertex  1.194448e+01 -7.302694e+00  2.250000e+01
     vertex  1.173964e+01 -7.627631e+00  2.250000e+01
     vertex  1.173964e+01 -7.627631e+00  0.000000e+00
   endloop
 endfacet
 facet normal  8.459413e-01 -5.332761e-01  0.000000e+00
   outer loop
     vertex  1.194448e+01 -7.302694e+00  2.250000e+01
     vertex  1.173964e+01 -7.627631e+00  0.000000e+00
     vertex  1.194448e+01 -7.302694e+00  0.000000e+00
   endloop
 endfacet
 facet normal  8.602528e-01 -5.098678e-01 -2.740784e-19
   outer loop
     vertex  1.214033e+01 -6.972260e+00  2.250000e+01
     vertex  1.194448e+01 -7.302694e+00  2.250000e+01
     vertex  1.194448e+01 -7.302694e+00  0.000000e+00
   endloop
 endfacet
 facet normal  8.602528e-01 -5.098678e-01  0.000000e+00
   outer loop
     vertex  1.214033e+01 -6.972260e+00  2.250000e+01
     vertex  1.194448e+01 -7.302694e+00  0.000000e+00
     vertex  1.214033e+01 -6.972260e+00  0.000000e+00
   endloop
 endfacet
 facet normal  8.739167e-01 -4.860756e-01  0.000000e+00
   outer loop
     vertex  1.214033e+01 -6.972260e+00  2.250000e+01
     vertex  1.214033e+01 -6.972260e+00  0.000000e+00
     vertex  1.232704e+01 -6.636577e+00  0.000000e+00
   endloop
 endfacet
 facet normal  8.739167e-01 -4.860756e-01  0.000000e+00
   outer loop
     vertex  1.232704e+01 -6.636577e+00  2.250000e+01
     vertex  1.214033e+01 -6.972260e+00  2.250000e+01
     vertex  1.232704e+01 -6.636577e+00  0.000000e+00
   endloop
 endfacet
 facet normal  8.869228e-01 -4.619176e-01  2.915720e-20
   outer loop
     vertex  1.250447e+01 -6.295899e+00  2.250000e+01
     vertex  1.232704e+01 -6.636577e+00  2.250000e+01
     vertex  1.232704e+01 -6.636577e+00  0.000000e+00
   endloop
 endfacet
 facet normal  8.869228e-01 -4.619176e-01  0.000000e+00
   outer loop
     vertex  1.250447e+01 -6.295899e+00  2.250000e+01
     vertex  1.232704e+01 -6.636577e+00  0.000000e+00
     vertex  1.250447e+01 -6.295899e+00  0.000000e+00
   endloop
 endfacet
 facet normal  8.992613e-01 -4.374119e-01  1.492903e-19
   outer loop
     vertex  1.267248e+01 -5.950481e+00  2.250000e+01
     vertex  1.250447e+01 -6.295899e+00  2.250000e+01
     vertex  1.250447e+01 -6.295899e+00  0.000000e+00
   endloop
 endfacet
 facet normal  8.992613e-01 -4.374119e-01  0.000000e+00
   outer loop
     vertex  1.267248e+01 -5.950481e+00  2.250000e+01
     vertex  1.250447e+01 -6.295899e+00  0.000000e+00
     vertex  1.267248e+01 -5.950481e+00  0.000000e+00
   endloop
 endfacet
 facet normal  9.109228e-01 -4.125769e-01 -3.252203e-19
   outer loop
     vertex  1.283096e+01 -5.600584e+00  2.250000e+01
     vertex  1.267248e+01 -5.950481e+00  2.250000e+01
     vertex  1.267248e+01 -5.950481e+00  0.000000e+00
   endloop
 endfacet
 facet normal  9.109228e-01 -4.125769e-01  0.000000e+00
   outer loop
     vertex  1.283096e+01 -5.600584e+00  2.250000e+01
     vertex  1.267248e+01 -5.950481e+00  0.000000e+00
     vertex  1.283096e+01 -5.600584e+00  0.000000e+00
   endloop
 endfacet
 facet normal  9.218986e-01 -3.874313e-01 -1.391568e-19
   outer loop
     vertex  1.297977e+01 -5.246471e+00  2.250000e+01
     vertex  1.283096e+01 -5.600584e+00  2.250000e+01
     vertex  1.283096e+01 -5.600584e+00  0.000000e+00
   endloop
 endfacet
 facet normal  9.218986e-01 -3.874313e-01  0.000000e+00
   outer loop
     vertex  1.297977e+01 -5.246471e+00  2.250000e+01
     vertex  1.283096e+01 -5.600584e+00  0.000000e+00
     vertex  1.297977e+01 -5.246471e+00  0.000000e+00
   endloop
 endfacet
 facet normal  9.321804e-01 -3.619940e-01  0.000000e+00
   outer loop
     vertex  1.297977e+01 -5.246471e+00  2.250000e+01
     vertex  1.297977e+01 -5.246471e+00  0.000000e+00
     vertex  1.311882e+01 -4.888408e+00  0.000000e+00
   endloop
 endfacet
 facet normal  9.321804e-01 -3.619940e-01  0.000000e+00
   outer loop
     vertex  1.311882e+01 -4.888408e+00  2.250000e+01
     vertex  1.297977e+01 -5.246471e+00  2.250000e+01
     vertex  1.311882e+01 -4.888408e+00  0.000000e+00
   endloop
 endfacet
 facet normal  9.417605e-01 -3.362843e-01  0.000000e+00
   outer loop
     vertex  1.324799e+01 -4.526666e+00  2.250000e+01
     vertex  1.311882e+01 -4.888408e+00  0.000000e+00
     vertex  1.324799e+01 -4.526666e+00  0.000000e+00
   endloop
 endfacet
 facet normal  9.417605e-01 -3.362843e-01 -3.499678e-19
   outer loop
     vertex  1.324799e+01 -4.526666e+00  2.250000e+01
     vertex  1.311882e+01 -4.888408e+00  2.250000e+01
     vertex  1.311882e+01 -4.888408e+00  0.000000e+00
   endloop
 endfacet
 facet normal  9.506317e-01 -3.103214e-01  0.000000e+00
   outer loop
     vertex  1.336719e+01 -4.161516e+00  2.250000e+01
     vertex  1.324799e+01 -4.526666e+00  0.000000e+00
     vertex  1.336719e+01 -4.161516e+00  0.000000e+00
   endloop
 endfacet
 facet normal  9.506317e-01 -3.103214e-01  9.406859e-20
   outer loop
     vertex  1.336719e+01 -4.161516e+00  2.250000e+01
     vertex  1.324799e+01 -4.526666e+00  2.250000e+01
     vertex  1.324799e+01 -4.526666e+00  0.000000e+00
   endloop
 endfacet
 facet normal  9.587873e-01 -2.841250e-01  0.000000e+00
   outer loop
     vertex  1.347633e+01 -3.793234e+00  2.250000e+01
     vertex  1.336719e+01 -4.161516e+00  0.000000e+00
     vertex  1.347633e+01 -3.793234e+00  0.000000e+00
   endloop
 endfacet
 facet normal  9.662211e-01 -2.577146e-01  0.000000e+00
   outer loop
     vertex  1.347633e+01 -3.793234e+00  2.250000e+01
     vertex  1.347633e+01 -3.793234e+00  0.000000e+00
     vertex  1.357532e+01 -3.422096e+00  0.000000e+00
   endloop
 endfacet
 facet normal  9.587873e-01 -2.841250e-01  2.344862e-19
   outer loop
     vertex  1.347633e+01 -3.793234e+00  2.250000e+01
     vertex  1.336719e+01 -4.161516e+00  2.250000e+01
     vertex  1.336719e+01 -4.161516e+00  0.000000e+00
   endloop
 endfacet
 facet normal  9.662211e-01 -2.577146e-01  0.000000e+00
   outer loop
     vertex  1.357532e+01 -3.422096e+00  2.250000e+01
     vertex  1.347633e+01 -3.793234e+00  2.250000e+01
     vertex  1.357532e+01 -3.422096e+00  0.000000e+00
   endloop
 endfacet
 facet normal  9.729276e-01 -2.311102e-01  0.000000e+00
   outer loop
     vertex  1.366409e+01 -3.048382e+00  2.250000e+01
     vertex  1.357532e+01 -3.422096e+00  0.000000e+00
     vertex  1.366409e+01 -3.048382e+00  0.000000e+00
   endloop
 endfacet
 facet normal  9.789017e-01 -2.043319e-01  0.000000e+00
   outer loop
     vertex  1.366409e+01 -3.048382e+00  2.250000e+01
     vertex  1.366409e+01 -3.048382e+00  0.000000e+00
     vertex  1.374258e+01 -2.672373e+00  0.000000e+00
   endloop
 endfacet
 facet normal  9.729276e-01 -2.311102e-01  2.325517e-19
   outer loop
     vertex  1.366409e+01 -3.048382e+00  2.250000e+01
     vertex  1.357532e+01 -3.422096e+00  2.250000e+01
     vertex  1.357532e+01 -3.422096e+00  0.000000e+00
   endloop
 endfacet
 facet normal  9.789017e-01 -2.043319e-01  0.000000e+00
   outer loop
     vertex  1.374258e+01 -2.672373e+00  2.250000e+01
     vertex  1.366409e+01 -3.048382e+00  2.250000e+01
     vertex  1.374258e+01 -2.672373e+00  0.000000e+00
   endloop
 endfacet
 facet normal  9.841389e-01 -1.773998e-01  0.000000e+00
   outer loop
     vertex  1.381072e+01 -2.294353e+00  2.250000e+01
     vertex  1.374258e+01 -2.672373e+00  0.000000e+00
     vertex  1.381072e+01 -2.294353e+00  0.000000e+00
   endloop
 endfacet
 facet normal  9.886353e-01 -1.503341e-01  0.000000e+00
   outer loop
     vertex  1.381072e+01 -2.294353e+00  2.250000e+01
     vertex  1.381072e+01 -2.294353e+00  0.000000e+00
     vertex  1.386846e+01 -1.914606e+00  0.000000e+00
   endloop
 endfacet
 facet normal  9.841389e-01 -1.773998e-01 -6.335811e-20
   outer loop
     vertex  1.381072e+01 -2.294353e+00  2.250000e+01
     vertex  1.374258e+01 -2.672373e+00  2.250000e+01
     vertex  1.374258e+01 -2.672373e+00  0.000000e+00
   endloop
 endfacet
 facet normal  9.923874e-01 -1.231552e-01  0.000000e+00
   outer loop
     vertex  1.386846e+01 -1.914606e+00  2.250000e+01
     vertex  1.386846e+01 -1.914606e+00  0.000000e+00
     vertex  1.391577e+01 -1.533417e+00  0.000000e+00
   endloop
 endfacet
 facet normal  9.886353e-01 -1.503341e-01  0.000000e+00
   outer loop
     vertex  1.386846e+01 -1.914606e+00  2.250000e+01
     vertex  1.381072e+01 -2.294353e+00  2.250000e+01
     vertex  1.386846e+01 -1.914606e+00  0.000000e+00
   endloop
 endfacet
 facet normal  9.923874e-01 -1.231552e-01  0.000000e+00
   outer loop
     vertex  1.391577e+01 -1.533417e+00  2.250000e+01
     vertex  1.386846e+01 -1.914606e+00  2.250000e+01
     vertex  1.391577e+01 -1.533417e+00  0.000000e+00
   endloop
 endfacet
 facet normal  9.953925e-01 -9.588368e-02  0.000000e+00
   outer loop
     vertex  1.395260e+01 -1.151074e+00  2.250000e+01
     vertex  1.391577e+01 -1.533417e+00  0.000000e+00
     vertex  1.395260e+01 -1.151074e+00  0.000000e+00
   endloop
 endfacet
 facet normal  9.953925e-01 -9.588368e-02  6.236081e-20
   outer loop
     vertex  1.395260e+01 -1.151074e+00  2.250000e+01
     vertex  1.391577e+01 -1.533417e+00  2.250000e+01
     vertex  1.391577e+01 -1.533417e+00  0.000000e+00
   endloop
 endfacet
 facet normal  9.976484e-01 -6.853995e-02  0.000000e+00
   outer loop
     vertex  1.397893e+01 -7.678642e-01  2.250000e+01
     vertex  1.395260e+01 -1.151074e+00  0.000000e+00
     vertex  1.397893e+01 -7.678642e-01  0.000000e+00
   endloop
 endfacet
 facet normal  9.991532e-01 -4.114462e-02  0.000000e+00
   outer loop
     vertex  1.397893e+01 -7.678642e-01  2.250000e+01
     vertex  1.397893e+01 -7.678642e-01  0.000000e+00
     vertex  1.399473e+01 -3.840767e-01  0.000000e+00
   endloop
 endfacet
 facet normal  9.976484e-01 -6.853995e-02  4.739484e-20
   outer loop
     vertex  1.397893e+01 -7.678642e-01  2.250000e+01
     vertex  1.395260e+01 -1.151074e+00  2.250000e+01
     vertex  1.395260e+01 -1.151074e+00  0.000000e+00
   endloop
 endfacet
 facet normal  9.991532e-01 -4.114462e-02  0.000000e+00
   outer loop
     vertex  1.399473e+01 -3.840767e-01  2.250000e+01
     vertex  1.397893e+01 -7.678642e-01  2.250000e+01
     vertex  1.399473e+01 -3.840767e-01  0.000000e+00
   endloop
 endfacet
 facet normal  9.999059e-01 -1.371831e-02  0.000000e+00
   outer loop
     vertex  1.400000e+01 -3.429011e-15  2.250000e+01
     vertex  1.399473e+01 -3.840767e-01  0.000000e+00
     vertex  1.400000e+01 -3.429011e-15  0.000000e+00
   endloop
 endfacet
 facet normal  9.999059e-01 -1.371831e-02 -3.427508e-21
   outer loop
     vertex  1.400000e+01 -3.429011e-15  2.250000e+01
     vertex  1.399473e+01 -3.840767e-01  2.250000e+01
     vertex  1.399473e+01 -3.840767e-01  0.000000e+00
   endloop
 endfacet
 facet normal  0.000000e+00  0.000000e+00  1.000000e+00
   outer loop
     vertex -6.209357e+00 -6.514897e+00  2.250000e+01
     vertex -6.385750e+00 -6.342097e+00  2.250000e+01
     vertex -9.933389e+00 -9.865485e+00  2.250000e+01
   endloop
 endfacet
 facet normal  0.000000e+00  0.000000e+00  1.000000e+00
   outer loop
     vertex -6.209357e+00 -6.514897e+00  2.250000e+01
     vertex -9.933389e+00 -9.865485e+00  2.250000e+01
     vertex -9.659000e+00 -1.013428e+01  2.250000e+01
   endloop
 endfacet
 facet normal  0.000000e+00  0.000000e+00  1.000000e+00
   outer loop
     vertex -6.557336e+00 -6.164523e+00  2.250000e+01
     vertex -9.933389e+00 -9.865485e+00  2.250000e+01
     vertex -6.385750e+00 -6.342097e+00  2.250000e+01
   endloop
 endfacet
 facet normal  0.000000e+00  0.000000e+00  1.000000e+00
   outer loop
     vertex -6.557336e+00 -6.164523e+00  2.250000e+01
     vertex -1.020030e+01 -9.589258e+00  2.250000e+01
     vertex -9.933389e+00 -9.865485e+00  2.250000e+01
   endloop
 endfacet
 facet normal  0.000000e+00  0.000000e+00  1.000000e+00
   outer loop
     vertex -6.028290e+00 -6.682793e+00  2.250000e+01
     vertex -9.659000e+00 -1.013428e+01  2.250000e+01
     vertex -9.377340e+00 -1.039546e+01  2.250000e+01
   endloop
 endfacet
 facet normal  0.000000e+00  0.000000e+00  1.000000e+00
   outer loop
     vertex -6.028290e+00 -6.682793e+00  2.250000e+01
     vertex -9.377340e+00 -1.039546e+01  2.250000e+01
     vertex -9.088621e+00 -1.064880e+01  2.250000e+01
   endloop
 endfacet
 facet normal  0.000000e+00  0.000000e+00  1.000000e+00
   outer loop
     vertex -6.028290e+00 -6.682793e+00  2.250000e+01
     vertex -6.209357e+00 -6.514897e+00  2.250000e+01
     vertex -9.659000e+00 -1.013428e+01  2.250000e+01
   endloop
 endfacet
 facet normal  0.000000e+00  0.000000e+00  1.000000e+00
   outer loop
     vertex -6.723986e+00 -5.982309e+00  2.250000e+01
     vertex -1.020030e+01 -9.589258e+00  2.250000e+01
     vertex -6.557336e+00 -6.164523e+00  2.250000e+01
   endloop
 endfacet
 facet normal  0.000000e+00  0.000000e+00  1.000000e+00
   outer loop
     vertex -6.723986e+00 -5.982309e+00  2.250000e+01
     vertex -1.045953e+01 -9.305814e+00  2.250000e+01
     vertex -1.020030e+01 -9.589258e+00  2.250000e+01
   endloop
 endfacet
 facet normal  0.000000e+00  0.000000e+00  1.000000e+00
   outer loop
     vertex -5.842685e+00 -6.845658e+00  2.250000e+01
     vertex -9.088621e+00 -1.064880e+01  2.250000e+01
     vertex -8.793060e+00 -1.089413e+01  2.250000e+01
   endloop
 endfacet
 facet normal  0.000000e+00  0.000000e+00  1.000000e+00
   outer loop
     vertex -5.842685e+00 -6.845658e+00  2.250000e+01
     vertex -6.028290e+00 -6.682793e+00  2.250000e+01
     vertex -9.088621e+00 -1.064880e+01  2.250000e+01
   endloop
 endfacet
 facet normal  0.000000e+00  0.000000e+00  1.000000e+00
   outer loop
     vertex -6.885574e+00 -5.795591e+00  2.250000e+01
     vertex -1.045953e+01 -9.305814e+00  2.250000e+01
     vertex -6.723986e+00 -5.982309e+00  2.250000e+01
   endloop
 endfacet
 facet normal  0.000000e+00  0.000000e+00  1.000000e+00
   outer loop
     vertex -6.885574e+00 -5.795591e+00  2.250000e+01
     vertex -1.071089e+01 -9.015364e+00  2.250000e+01
     vertex -1.045953e+01 -9.305814e+00  2.250000e+01
   endloop
 endfacet
 facet normal  0.000000e+00  0.000000e+00  1.000000e+00
   outer loop
     vertex -5.652682e+00 -7.003370e+00  2.250000e+01
     vertex -5.842685e+00 -6.845658e+00  2.250000e+01
     vertex -8.793060e+00 -1.089413e+01  2.250000e+01
   endloop
 endfacet
 facet normal  0.000000e+00  0.000000e+00  1.000000e+00
   outer loop
     vertex -7.041979e+00 -5.604510e+00  2.250000e+01
     vertex -1.095419e+01 -8.718127e+00  2.250000e+01
     vertex -1.071089e+01 -9.015364e+00  2.250000e+01
   endloop
 endfacet
 facet normal  0.000000e+00  0.000000e+00  1.000000e+00
   outer loop
     vertex -7.041979e+00 -5.604510e+00  2.250000e+01
     vertex -1.071089e+01 -9.015364e+00  2.250000e+01
     vertex -6.885574e+00 -5.795591e+00  2.250000e+01
   endloop
 endfacet
 facet normal  0.000000e+00  0.000000e+00  1.000000e+00
   outer loop
     vertex -5.458423e+00 -7.155810e+00  2.250000e+01
     vertex -8.793060e+00 -1.089413e+01  2.250000e+01
     vertex -8.490881e+00 -1.113126e+01  2.250000e+01
   endloop
 endfacet
 facet normal  0.000000e+00  0.000000e+00  1.000000e+00
   outer loop
     vertex -5.458423e+00 -7.155810e+00  2.250000e+01
     vertex -5.652682e+00 -7.003370e+00  2.250000e+01
     vertex -8.793060e+00 -1.089413e+01  2.250000e+01
   endloop
 endfacet
 facet normal  0.000000e+00  0.000000e+00  1.000000e+00
   outer loop
     vertex -7.193083e+00 -5.409211e+00  2.250000e+01
     vertex -1.095419e+01 -8.718127e+00  2.250000e+01
     vertex -7.041979e+00 -5.604510e+00  2.250000e+01
   endloop
 endfacet
 facet normal  0.000000e+00  0.000000e+00  1.000000e+00
   outer loop
     vertex -7.193083e+00 -5.409211e+00  2.250000e+01
     vertex -1.118924e+01 -8.414328e+00  2.250000e+01
     vertex -1.095419e+01 -8.718127e+00  2.250000e+01
   endloop
 endfacet
 facet normal  0.000000e+00  0.000000e+00  1.000000e+00
   outer loop
     vertex -5.260056e+00 -7.302863e+00  2.250000e+01
     vertex -5.458423e+00 -7.155810e+00  2.250000e+01
     vertex -8.490881e+00 -1.113126e+01  2.250000e+01
   endloop
 endfacet
 facet normal  0.000000e+00  0.000000e+00  1.000000e+00
   outer loop
     vertex -5.260056e+00 -7.302863e+00  2.250000e+01
     vertex -8.490881e+00 -1.113126e+01  2.250000e+01
     vertex -8.182309e+00 -1.136001e+01  2.250000e+01
   endloop
 endfacet
 facet normal  0.000000e+00  0.000000e+00  1.000000e+00
   outer loop
     vertex -7.338772e+00 -5.209840e+00  2.250000e+01
     vertex -1.118924e+01 -8.414328e+00  2.250000e+01
     vertex -7.193083e+00 -5.409211e+00  2.250000e+01
   endloop
 endfacet
 facet normal  0.000000e+00  0.000000e+00  1.000000e+00
   outer loop
     vertex -7.338772e+00 -5.209840e+00  2.250000e+01
     vertex -1.141587e+01 -8.104195e+00  2.250000e+01
     vertex -1.118924e+01 -8.414328e+00  2.250000e+01
   endloop
 endfacet
 facet normal  0.000000e+00  0.000000e+00  1.000000e+00
   outer loop
     vertex -5.057729e+00 -7.444419e+00  2.250000e+01
     vertex -8.182309e+00 -1.136001e+01  2.250000e+01
     vertex -7.867579e+00 -1.158021e+01  2.250000e+01
   endloop
 endfacet
 facet normal  0.000000e+00  0.000000e+00  1.000000e+00
   outer loop
     vertex -5.057729e+00 -7.444419e+00  2.250000e+01
     vertex -7.867579e+00 -1.158021e+01  2.250000e+01
     vertex -7.546926e+00 -1.179169e+01  2.250000e+01
   endloop
 endfacet
 facet normal  0.000000e+00  0.000000e+00  1.000000e+00
   outer loop
     vertex -5.057729e+00 -7.444419e+00  2.250000e+01
     vertex -5.260056e+00 -7.302863e+00  2.250000e+01
     vertex -8.182309e+00 -1.136001e+01  2.250000e+01
   endloop
 endfacet
 facet normal  0.000000e+00  0.000000e+00  1.000000e+00
   outer loop
     vertex -7.478937e+00 -5.006547e+00  2.250000e+01
     vertex -1.163390e+01 -7.787961e+00  2.250000e+01
     vertex -1.141587e+01 -8.104195e+00  2.250000e+01
   endloop
 endfacet
 facet normal  0.000000e+00  0.000000e+00  1.000000e+00
   outer loop
     vertex -7.478937e+00 -5.006547e+00  2.250000e+01
     vertex -1.141587e+01 -8.104195e+00  2.250000e+01
     vertex -7.338772e+00 -5.209840e+00  2.250000e+01
   endloop
 endfacet
 facet normal  0.000000e+00  0.000000e+00  1.000000e+00
   outer loop
     vertex -4.851595e+00 -7.580371e+00  2.250000e+01
     vertex -5.057729e+00 -7.444419e+00  2.250000e+01
     vertex -7.546926e+00 -1.179169e+01  2.250000e+01
   endloop
 endfacet
 facet normal  0.000000e+00  0.000000e+00  1.000000e+00
   outer loop
     vertex -7.613471e+00 -4.799485e+00  2.250000e+01
     vertex -1.163390e+01 -7.787961e+00  2.250000e+01
     vertex -7.478937e+00 -5.006547e+00  2.250000e+01
   endloop
 endfacet
 facet normal  0.000000e+00  0.000000e+00  1.000000e+00
   outer loop
     vertex -7.613471e+00 -4.799485e+00  2.250000e+01
     vertex -1.184318e+01 -7.465865e+00  2.250000e+01
     vertex -1.163390e+01 -7.787961e+00  2.250000e+01
   endloop
 endfacet
 facet normal  0.000000e+00  0.000000e+00  1.000000e+00
   outer loop
     vertex -4.641809e+00 -7.710617e+00  2.250000e+01
     vertex -7.546926e+00 -1.179169e+01  2.250000e+01
     vertex -7.220591e+00 -1.199429e+01  2.250000e+01
   endloop
 endfacet
 facet normal  0.000000e+00  0.000000e+00  1.000000e+00
   outer loop
     vertex -4.641809e+00 -7.710617e+00  2.250000e+01
     vertex -4.851595e+00 -7.580371e+00  2.250000e+01
     vertex -7.546926e+00 -1.179169e+01  2.250000e+01
   endloop
 endfacet
 facet normal  0.000000e+00  0.000000e+00  1.000000e+00
   outer loop
     vertex -7.742275e+00 -4.588810e+00  2.250000e+01
     vertex -1.184318e+01 -7.465865e+00  2.250000e+01
     vertex -7.613471e+00 -4.799485e+00  2.250000e+01
   endloop
 endfacet
 facet normal  0.000000e+00  0.000000e+00  1.000000e+00
   outer loop
     vertex -7.742275e+00 -4.588810e+00  2.250000e+01
     vertex -1.204354e+01 -7.138149e+00  2.250000e+01
     vertex -1.184318e+01 -7.465865e+00  2.250000e+01
   endloop
 endfacet
 facet normal  0.000000e+00  0.000000e+00  1.000000e+00
   outer loop
     vertex -4.428528e+00 -7.835058e+00  2.250000e+01
     vertex -4.641809e+00 -7.710617e+00  2.250000e+01
     vertex -7.220591e+00 -1.199429e+01  2.250000e+01
   endloop
 endfacet
 facet normal  0.000000e+00  0.000000e+00  1.000000e+00
   outer loop
     vertex -4.428528e+00 -7.835058e+00  2.250000e+01
     vertex -7.220591e+00 -1.199429e+01  2.250000e+01
     vertex -6.888821e+00 -1.218787e+01  2.250000e+01
   endloop
 endfacet
 facet normal  0.000000e+00  0.000000e+00  1.000000e+00
   outer loop
     vertex -7.865251e+00 -4.374681e+00  2.250000e+01
     vertex -1.204354e+01 -7.138149e+00  2.250000e+01
     vertex -7.742275e+00 -4.588810e+00  2.250000e+01
   endloop
 endfacet
 facet normal  0.000000e+00  0.000000e+00  1.000000e+00
   outer loop
     vertex -7.865251e+00 -4.374681e+00  2.250000e+01
     vertex -1.223483e+01 -6.805059e+00  2.250000e+01
     vertex -1.204354e+01 -7.138149e+00  2.250000e+01
   endloop
 endfacet
 facet normal  0.000000e+00  0.000000e+00  1.000000e+00
   outer loop
     vertex -4.211914e+00 -7.953602e+00  2.250000e+01
     vertex -6.888821e+00 -1.218787e+01  2.250000e+01
     vertex -6.551866e+00 -1.237227e+01  2.250000e+01
   endloop
 endfacet
 facet normal  0.000000e+00  0.000000e+00  1.000000e+00
   outer loop
     vertex -4.211914e+00 -7.953602e+00  2.250000e+01
     vertex -4.428528e+00 -7.835058e+00  2.250000e+01
     vertex -6.888821e+00 -1.218787e+01  2.250000e+01
   endloop
 endfacet
 facet normal  0.000000e+00  0.000000e+00  1.000000e+00
   outer loop
     vertex -7.982306e+00 -4.157259e+00  2.250000e+01
     vertex -1.241692e+01 -6.466847e+00  2.250000e+01
     vertex -1.223483e+01 -6.805059e+00  2.250000e+01
   endloop
 endfacet
 facet normal  0.000000e+00  0.000000e+00  1.000000e+00
   outer loop
     vertex -7.982306e+00 -4.157259e+00  2.250000e+01
     vertex -1.223483e+01 -6.805059e+00  2.250000e+01
     vertex -7.865251e+00 -4.374681e+00  2.250000e+01
   endloop
 endfacet
 facet normal  0.000000e+00  0.000000e+00  1.000000e+00
   outer loop
     vertex -3.992129e+00 -8.066158e+00  2.250000e+01
     vertex -4.211914e+00 -7.953602e+00  2.250000e+01
     vertex -6.551866e+00 -1.237227e+01  2.250000e+01
   endloop
 endfacet
 facet normal  0.000000e+00  0.000000e+00  1.000000e+00
   outer loop
     vertex -3.992129e+00 -8.066158e+00  2.250000e+01
     vertex -6.551866e+00 -1.237227e+01  2.250000e+01
     vertex -6.209979e+00 -1.254736e+01  2.250000e+01
   endloop
 endfacet
 facet normal  0.000000e+00  0.000000e+00  1.000000e+00
   outer loop
     vertex -8.093352e+00 -3.936707e+00  2.250000e+01
     vertex -1.241692e+01 -6.466847e+00  2.250000e+01
     vertex -7.982306e+00 -4.157259e+00  2.250000e+01
   endloop
 endfacet
 facet normal  0.000000e+00  0.000000e+00  1.000000e+00
   outer loop
     vertex -8.093352e+00 -3.936707e+00  2.250000e+01
     vertex -1.258966e+01 -6.123766e+00  2.250000e+01
     vertex -1.241692e+01 -6.466847e+00  2.250000e+01
   endloop
 endfacet
 facet normal  0.000000e+00  0.000000e+00  1.000000e+00
   outer loop
     vertex -3.769339e+00 -8.172642e+00  2.250000e+01
     vertex -3.992129e+00 -8.066158e+00  2.250000e+01
     vertex -6.209979e+00 -1.254736e+01  2.250000e+01
   endloop
 endfacet
 facet normal  0.000000e+00  0.000000e+00  1.000000e+00
   outer loop
     vertex -3.769339e+00 -8.172642e+00  2.250000e+01
     vertex -6.209979e+00 -1.254736e+01  2.250000e+01
     vertex -5.863416e+00 -1.271300e+01  2.250000e+01
   endloop
 endfacet
 facet normal  0.000000e+00  0.000000e+00  1.000000e+00
   outer loop
     vertex -8.198305e+00 -3.713192e+00  2.250000e+01
     vertex -1.258966e+01 -6.123766e+00  2.250000e+01
     vertex -8.093352e+00 -3.936707e+00  2.250000e+01
   endloop
 endfacet
 facet normal  0.000000e+00  0.000000e+00  1.000000e+00
   outer loop
     vertex -8.198305e+00 -3.713192e+00  2.250000e+01
     vertex -1.290658e+01 -5.424038e+00  2.250000e+01
     vertex -1.275292e+01 -5.776076e+00  2.250000e+01
   endloop
 endfacet
 facet normal  0.000000e+00  0.000000e+00  1.000000e+00
   outer loop
     vertex -8.198305e+00 -3.713192e+00  2.250000e+01
     vertex -1.275292e+01 -5.776076e+00  2.250000e+01
     vertex -1.258966e+01 -6.123766e+00  2.250000e+01
   endloop
 endfacet
 facet normal  0.000000e+00  0.000000e+00  1.000000e+00
   outer loop
     vertex -3.543712e+00 -8.272974e+00  2.250000e+01
     vertex -3.769339e+00 -8.172642e+00  2.250000e+01
     vertex -5.863416e+00 -1.271300e+01  2.250000e+01
   endloop
 endfacet
 facet normal  0.000000e+00  0.000000e+00  1.000000e+00
   outer loop
     vertex -3.543712e+00 -8.272974e+00  2.250000e+01
     vertex -5.863416e+00 -1.271300e+01  2.250000e+01
     vertex -5.512441e+00 -1.286907e+01  2.250000e+01
   endloop
 endfacet
 facet normal  0.000000e+00  0.000000e+00  1.000000e+00
   outer loop
     vertex -3.543712e+00 -8.272974e+00  2.250000e+01
     vertex -5.512441e+00 -1.286907e+01  2.250000e+01
     vertex -5.157315e+00 -1.301546e+01  2.250000e+01
   endloop
 endfacet
 facet normal  0.000000e+00  0.000000e+00  1.000000e+00
   outer loop
     vertex -8.297087e+00 -3.486881e+00  2.250000e+01
     vertex -1.290658e+01 -5.424038e+00  2.250000e+01
     vertex -8.198305e+00 -3.713192e+00  2.250000e+01
   endloop
 endfacet
 facet normal  0.000000e+00  0.000000e+00  1.000000e+00
   outer loop
     vertex -3.315417e+00 -8.367079e+00  2.250000e+01
     vertex -3.543712e+00 -8.272974e+00  2.250000e+01
     vertex -5.157315e+00 -1.301546e+01  2.250000e+01
   endloop
 endfacet
 facet normal  0.000000e+00  0.000000e+00  1.000000e+00
   outer loop
     vertex -8.389624e+00 -3.257946e+00  2.250000e+01
     vertex -1.305053e+01 -5.067917e+00  2.250000e+01
     vertex -1.290658e+01 -5.424038e+00  2.250000e+01
   endloop
 endfacet
 facet normal  0.000000e+00  0.000000e+00  1.000000e+00
   outer loop
     vertex -8.389624e+00 -3.257946e+00  2.250000e+01
     vertex -1.290658e+01 -5.424038e+00  2.250000e+01
     vertex -8.297087e+00 -3.486881e+00  2.250000e+01
   endloop
 endfacet
 facet normal  0.000000e+00  0.000000e+00  1.000000e+00
   outer loop
     vertex -3.084626e+00 -8.454885e+00  2.250000e+01
     vertex -3.315417e+00 -8.367079e+00  2.250000e+01
     vertex -5.157315e+00 -1.301546e+01  2.250000e+01
   endloop
 endfacet
 facet normal  0.000000e+00  0.000000e+00  1.000000e+00
   outer loop
     vertex -3.084626e+00 -8.454885e+00  2.250000e+01
     vertex -5.157315e+00 -1.301546e+01  2.250000e+01
     vertex -4.798307e+00 -1.315204e+01  2.250000e+01
   endloop
 endfacet
 facet normal  0.000000e+00  0.000000e+00  1.000000e+00
   outer loop
     vertex -8.475845e+00 -3.026559e+00  2.250000e+01
     vertex -1.330884e+01 -4.344500e+00  2.250000e+01
     vertex -1.318465e+01 -4.707980e+00  2.250000e+01
   endloop
 endfacet
 facet normal  0.000000e+00  0.000000e+00  1.000000e+00
   outer loop
     vertex -8.475845e+00 -3.026559e+00  2.250000e+01
     vertex -1.318465e+01 -4.707980e+00  2.250000e+01
     vertex -1.305053e+01 -5.067917e+00  2.250000e+01
   endloop
 endfacet
 facet normal  0.000000e+00  0.000000e+00  1.000000e+00
   outer loop
     vertex -8.475845e+00 -3.026559e+00  2.250000e+01
     vertex -1.305053e+01 -5.067917e+00  2.250000e+01
     vertex -8.389624e+00 -3.257946e+00  2.250000e+01
   endloop
 endfacet
 facet normal  0.000000e+00  0.000000e+00  1.000000e+00
   outer loop
     vertex -2.851513e+00 -8.536327e+00  2.250000e+01
     vertex -3.084626e+00 -8.454885e+00  2.250000e+01
     vertex -4.798307e+00 -1.315204e+01  2.250000e+01
   endloop
 endfacet
 facet normal  0.000000e+00  0.000000e+00  1.000000e+00
   outer loop
     vertex -2.851513e+00 -8.536327e+00  2.250000e+01
     vertex -4.798307e+00 -1.315204e+01  2.250000e+01
     vertex -4.435687e+00 -1.327873e+01  2.250000e+01
   endloop
 endfacet
 facet normal  0.000000e+00  0.000000e+00  1.000000e+00
   outer loop
     vertex -2.851513e+00 -8.536327e+00  2.250000e+01
     vertex -4.435687e+00 -1.327873e+01  2.250000e+01
     vertex -4.069729e+00 -1.339542e+01  2.250000e+01
   endloop
 endfacet
 facet normal  0.000000e+00  0.000000e+00  1.000000e+00
   outer loop
     vertex -8.555685e+00 -2.792893e+00  2.250000e+01
     vertex -1.342302e+01 -3.977749e+00  2.250000e+01
     vertex -1.330884e+01 -4.344500e+00  2.250000e+01
   endloop
 endfacet
 facet normal  0.000000e+00  0.000000e+00  1.000000e+00
   outer loop
     vertex -8.555685e+00 -2.792893e+00  2.250000e+01
     vertex -1.330884e+01 -4.344500e+00  2.250000e+01
     vertex -8.475845e+00 -3.026559e+00  2.250000e+01
   endloop
 endfacet
 facet normal  0.000000e+00  0.000000e+00  1.000000e+00
   outer loop
     vertex -2.616254e+00 -8.611342e+00  2.250000e+01
     vertex -2.851513e+00 -8.536327e+00  2.250000e+01
     vertex -4.069729e+00 -1.339542e+01  2.250000e+01
   endloop
 endfacet
 facet normal  0.000000e+00  0.000000e+00  1.000000e+00
   outer loop
     vertex -8.629085e+00 -2.557125e+00  2.250000e+01
     vertex -1.342302e+01 -3.977749e+00  2.250000e+01
     vertex -8.555685e+00 -2.792893e+00  2.250000e+01
   endloop
 endfacet
 facet normal  0.000000e+00  0.000000e+00  1.000000e+00
   outer loop
     vertex -2.379025e+00 -8.679875e+00  2.250000e+01
     vertex -4.069729e+00 -1.339542e+01  2.250000e+01
     vertex -3.700706e+00 -1.350203e+01  2.250000e+01
   endloop
 endfacet
 facet normal  0.000000e+00  0.000000e+00  1.000000e+00
   outer loop
     vertex -2.379025e+00 -8.679875e+00  2.250000e+01
     vertex -2.616254e+00 -8.611342e+00  2.250000e+01
     vertex -4.069729e+00 -1.339542e+01  2.250000e+01
   endloop
 endfacet
 facet normal  0.000000e+00  0.000000e+00  1.000000e+00
   outer loop
     vertex -8.695990e+00 -2.319431e+00  2.250000e+01
     vertex -1.362099e+01 -3.235543e+00  2.250000e+01
     vertex -1.352710e+01 -3.608004e+00  2.250000e+01
   endloop
 endfacet
 facet normal  0.000000e+00  0.000000e+00  1.000000e+00
   outer loop
     vertex -8.695990e+00 -2.319431e+00  2.250000e+01
     vertex -1.352710e+01 -3.608004e+00  2.250000e+01
     vertex -1.342302e+01 -3.977749e+00  2.250000e+01
   endloop
 endfacet
 facet normal  0.000000e+00  0.000000e+00  1.000000e+00
   outer loop
     vertex -8.695990e+00 -2.319431e+00  2.250000e+01
     vertex -1.342302e+01 -3.977749e+00  2.250000e+01
     vertex -8.629085e+00 -2.557125e+00  2.250000e+01
   endloop
 endfacet
 facet normal  0.000000e+00  0.000000e+00  1.000000e+00
   outer loop
     vertex -2.140006e+00 -8.741875e+00  2.250000e+01
     vertex -2.379025e+00 -8.679875e+00  2.250000e+01
     vertex -3.700706e+00 -1.350203e+01  2.250000e+01
   endloop
 endfacet
 facet normal  0.000000e+00  0.000000e+00  1.000000e+00
   outer loop
     vertex -2.140006e+00 -8.741875e+00  2.250000e+01
     vertex -3.700706e+00 -1.350203e+01  2.250000e+01
     vertex -3.328898e+00 -1.359847e+01  2.250000e+01
   endloop
 endfacet
 facet normal  0.000000e+00  0.000000e+00  1.000000e+00
   outer loop
     vertex -8.756348e+00 -2.079992e+00  2.250000e+01
     vertex -1.362099e+01 -3.235543e+00  2.250000e+01
     vertex -8.695990e+00 -2.319431e+00  2.250000e+01
   endloop
 endfacet
 facet normal  0.000000e+00  0.000000e+00  1.000000e+00
   outer loop
     vertex -1.899375e+00 -8.797294e+00  2.250000e+01
     vertex -3.328898e+00 -1.359847e+01  2.250000e+01
     vertex -2.954584e+00 -1.368468e+01  2.250000e+01
   endloop
 endfacet
 facet normal  0.000000e+00  0.000000e+00  1.000000e+00
   outer loop
     vertex -1.899375e+00 -8.797294e+00  2.250000e+01
     vertex -2.140006e+00 -8.741875e+00  2.250000e+01
     vertex -3.328898e+00 -1.359847e+01  2.250000e+01
   endloop
 endfacet
 facet normal  0.000000e+00  0.000000e+00  1.000000e+00
   outer loop
     vertex -8.810115e+00 -1.838987e+00  2.250000e+01
     vertex -1.377794e+01 -2.483597e+00  2.250000e+01
     vertex -1.370462e+01 -2.860647e+00  2.250000e+01
   endloop
 endfacet
 facet normal  0.000000e+00  0.000000e+00  1.000000e+00
   outer loop
     vertex -8.810115e+00 -1.838987e+00  2.250000e+01
     vertex -1.370462e+01 -2.860647e+00  2.250000e+01
     vertex -1.362099e+01 -3.235543e+00  2.250000e+01
   endloop
 endfacet
 facet normal  0.000000e+00  0.000000e+00  1.000000e+00
   outer loop
     vertex -8.810115e+00 -1.838987e+00  2.250000e+01
     vertex -1.362099e+01 -3.235543e+00  2.250000e+01
     vertex -8.756348e+00 -2.079992e+00  2.250000e+01
   endloop
 endfacet
 facet normal  0.000000e+00  0.000000e+00  1.000000e+00
   outer loop
     vertex -1.657315e+00 -8.846090e+00  2.250000e+01
     vertex -2.954584e+00 -1.368468e+01  2.250000e+01
     vertex -2.578046e+00 -1.376058e+01  2.250000e+01
   endloop
 endfacet
 facet normal  0.000000e+00  0.000000e+00  1.000000e+00
   outer loop
     vertex -1.657315e+00 -8.846090e+00  2.250000e+01
     vertex -2.578046e+00 -1.376058e+01  2.250000e+01
     vertex -2.199567e+00 -1.382613e+01  2.250000e+01
   endloop
 endfacet
 facet normal  0.000000e+00  0.000000e+00  1.000000e+00
   outer loop
     vertex -1.657315e+00 -8.846090e+00  2.250000e+01
     vertex -1.899375e+00 -8.797294e+00  2.250000e+01
     vertex -2.954584e+00 -1.368468e+01  2.250000e+01
   endloop
 endfacet
 facet normal  0.000000e+00  0.000000e+00  1.000000e+00
   outer loop
     vertex -8.857250e+00 -1.596598e+00  2.250000e+01
     vertex -1.384089e+01 -2.104677e+00  2.250000e+01
     vertex -1.377794e+01 -2.483597e+00  2.250000e+01
   endloop
 endfacet
 facet normal  0.000000e+00  0.000000e+00  1.000000e+00
   outer loop
     vertex -8.857250e+00 -1.596598e+00  2.250000e+01
     vertex -1.377794e+01 -2.483597e+00  2.250000e+01
     vertex -8.810115e+00 -1.838987e+00  2.250000e+01
   endloop
 endfacet
 facet normal  0.000000e+00  0.000000e+00  1.000000e+00
   outer loop
     vertex -1.414007e+00 -8.888227e+00  2.250000e+01
     vertex -1.657315e+00 -8.846090e+00  2.250000e+01
     vertex -2.199567e+00 -1.382613e+01  2.250000e+01
   endloop
 endfacet
 facet normal  0.000000e+00  0.000000e+00  1.000000e+00
   outer loop
     vertex -8.897717e+00 -1.353007e+00  2.250000e+01
     vertex -1.389342e+01 -1.724173e+00  2.250000e+01
     vertex -1.384089e+01 -2.104677e+00  2.250000e+01
   endloop
 endfacet
 facet normal  0.000000e+00  0.000000e+00  1.000000e+00
   outer loop
     vertex -8.897717e+00 -1.353007e+00  2.250000e+01
     vertex -1.384089e+01 -2.104677e+00  2.250000e+01
     vertex -8.857250e+00 -1.596598e+00  2.250000e+01
   endloop
 endfacet
 facet normal  0.000000e+00  0.000000e+00  1.000000e+00
   outer loop
     vertex -1.169635e+00 -8.923674e+00  2.250000e+01
     vertex -2.199567e+00 -1.382613e+01  2.250000e+01
     vertex -1.819432e+00 -1.388127e+01  2.250000e+01
   endloop
 endfacet
 facet normal  0.000000e+00  0.000000e+00  1.000000e+00
   outer loop
     vertex -1.169635e+00 -8.923674e+00  2.250000e+01
     vertex -1.414007e+00 -8.888227e+00  2.250000e+01
     vertex -2.199567e+00 -1.382613e+01  2.250000e+01
   endloop
 endfacet
 facet normal  0.000000e+00  0.000000e+00  1.000000e+00
   outer loop
     vertex -8.931487e+00 -1.108397e+00  2.250000e+01
     vertex -1.389342e+01 -1.724173e+00  2.250000e+01
     vertex -8.897717e+00 -1.353007e+00  2.250000e+01
   endloop
 endfacet
 facet normal  0.000000e+00  0.000000e+00  1.000000e+00
   outer loop
     vertex -9.243823e-01 -8.952403e+00  2.250000e+01
     vertex -1.819432e+00 -1.388127e+01  2.250000e+01
     vertex -1.437928e+00 -1.392596e+01  2.250000e+01
   endloop
 endfacet
 facet normal  0.000000e+00  0.000000e+00  1.000000e+00
   outer loop
     vertex -9.243823e-01 -8.952403e+00  2.250000e+01
     vertex -1.437928e+00 -1.392596e+01  2.250000e+01
     vertex -1.055341e+00 -1.396017e+01  2.250000e+01
   endloop
 endfacet
 facet normal  0.000000e+00  0.000000e+00  1.000000e+00
   outer loop
     vertex -9.243823e-01 -8.952403e+00  2.250000e+01
     vertex -1.169635e+00 -8.923674e+00  2.250000e+01
     vertex -1.819432e+00 -1.388127e+01  2.250000e+01
   endloop
 endfacet
 facet normal  0.000000e+00  0.000000e+00  1.000000e+00
   outer loop
     vertex -8.958533e+00 -8.629532e-01  2.250000e+01
     vertex -1.389342e+01 -1.724173e+00  2.250000e+01
     vertex -8.931487e+00 -1.108397e+00  2.250000e+01
   endloop
 endfacet
 facet normal  0.000000e+00  0.000000e+00  1.000000e+00
   outer loop
     vertex -8.958533e+00 -8.629532e-01  2.250000e+01
     vertex -1.396708e+01 -9.595593e-01  2.250000e+01
     vertex -1.393550e+01 -1.342372e+00  2.250000e+01
   endloop
 endfacet
 facet normal  0.000000e+00  0.000000e+00  1.000000e+00
   outer loop
     vertex -8.958533e+00 -8.629532e-01  2.250000e+01
     vertex -1.393550e+01 -1.342372e+00  2.250000e+01
     vertex -1.389342e+01 -1.724173e+00  2.250000e+01
   endloop
 endfacet
 facet normal  0.000000e+00  0.000000e+00  1.000000e+00
   outer loop
     vertex -6.784337e-01 -8.974393e+00  2.250000e+01
     vertex -1.055341e+00 -1.396017e+01  2.250000e+01
     vertex -6.719602e-01 -1.398386e+01  2.250000e+01
   endloop
 endfacet
 facet normal  0.000000e+00  0.000000e+00  1.000000e+00
   outer loop
     vertex -6.784337e-01 -8.974393e+00  2.250000e+01
     vertex -9.243823e-01 -8.952403e+00  2.250000e+01
     vertex -1.055341e+00 -1.396017e+01  2.250000e+01
   endloop
 endfacet
 facet normal  0.000000e+00  0.000000e+00  1.000000e+00
   outer loop
     vertex -8.978835e+00 -6.168595e-01  2.250000e+01
     vertex -1.396708e+01 -9.595593e-01  2.250000e+01
     vertex -8.958533e+00 -8.629532e-01  2.250000e+01
   endloop
 endfacet
 facet normal  0.000000e+00  0.000000e+00  1.000000e+00
   outer loop
     vertex -4.319744e-01 -8.989627e+00  2.250000e+01
     vertex -6.719602e-01 -1.398386e+01  2.250000e+01
     vertex -2.880733e-01 -1.399704e+01  2.250000e+01
   endloop
 endfacet
 facet normal  0.000000e+00  0.000000e+00  1.000000e+00
   outer loop
     vertex -4.319744e-01 -8.989627e+00  2.250000e+01
     vertex -6.784337e-01 -8.974393e+00  2.250000e+01
     vertex -6.719602e-01 -1.398386e+01  2.250000e+01
   endloop
 endfacet
 facet normal  0.000000e+00  0.000000e+00  1.000000e+00
   outer loop
     vertex -8.992379e+00 -3.703016e-01  2.250000e+01
     vertex -1.396708e+01 -9.595593e-01  2.250000e+01
     vertex -8.978835e+00 -6.168595e-01  2.250000e+01
   endloop
 endfacet
 facet normal  0.000000e+00  0.000000e+00  1.000000e+00
   outer loop
     vertex -8.992379e+00 -3.703016e-01  2.250000e+01
     vertex -1.398814e+01 -5.760247e-01  2.250000e+01
     vertex -1.396708e+01 -9.595593e-01  2.250000e+01
   endloop
 endfacet
 facet normal  0.000000e+00  0.000000e+00  1.000000e+00
   outer loop
     vertex -1.851900e-01 -8.998095e+00  2.250000e+01
     vertex -4.319744e-01 -8.989627e+00  2.250000e+01
     vertex -2.880733e-01 -1.399704e+01  2.250000e+01
   endloop
 endfacet
 facet normal  0.000000e+00  0.000000e+00  1.000000e+00
   outer loop
     vertex -8.999153e+00 -1.234648e-01  2.250000e+01
     vertex -1.399868e+01 -1.920564e-01  2.250000e+01
     vertex -1.398814e+01 -5.760247e-01  2.250000e+01
   endloop
 endfacet
 facet normal  0.000000e+00  0.000000e+00  1.000000e+00
   outer loop
     vertex -8.999153e+00 -1.234648e-01  2.250000e+01
     vertex -1.398814e+01 -5.760247e-01  2.250000e+01
     vertex -8.992379e+00 -3.703016e-01  2.250000e+01
   endloop
 endfacet
 facet normal  0.000000e+00  0.000000e+00  1.000000e+00
   outer loop
     vertex  6.173387e-02 -8.999788e+00  2.250000e+01
     vertex -1.851900e-01 -8.998095e+00  2.250000e+01
     vertex -2.880733e-01 -1.399704e+01  2.250000e+01
   endloop
 endfacet
 facet normal  0.000000e+00  0.000000e+00  1.000000e+00
   outer loop
     vertex  6.173387e-02 -8.999788e+00  2.250000e+01
     vertex -2.880733e-01 -1.399704e+01  2.250000e+01
     vertex  9.603046e-02 -1.399967e+01  2.250000e+01
   endloop
 endfacet
 facet normal  0.000000e+00  0.000000e+00  1.000000e+00
   outer loop
     vertex -8.999153e+00  1.234648e-01  2.250000e+01
     vertex -1.399868e+01  1.920564e-01  2.250000e+01
     vertex -1.399868e+01 -1.920564e-01  2.250000e+01
   endloop
 endfacet
 facet normal  0.000000e+00  0.000000e+00  1.000000e+00
   outer loop
     vertex -8.999153e+00  1.234648e-01  2.250000e+01
     vertex -1.399868e+01 -1.920564e-01  2.250000e+01
     vertex -8.999153e+00 -1.234648e-01  2.250000e+01
   endloop
 endfacet
 facet normal  0.000000e+00  0.000000e+00  1.000000e+00
   outer loop
     vertex  3.086113e-01 -8.994707e+00  2.250000e+01
     vertex  6.173387e-02 -8.999788e+00  2.250000e+01
     vertex  9.603046e-02 -1.399967e+01  2.250000e+01
   endloop
 endfacet
 facet normal  0.000000e+00  0.000000e+00  1.000000e+00
   outer loop
     vertex  3.086113e-01 -8.994707e+00  2.250000e+01
     vertex  9.603046e-02 -1.399967e+01  2.250000e+01
     vertex  4.800620e-01 -1.399177e+01  2.250000e+01
   endloop
 endfacet
 facet normal  0.000000e+00  0.000000e+00  1.000000e+00
   outer loop
     vertex  3.086113e-01 -8.994707e+00  2.250000e+01
     vertex  4.800620e-01 -1.399177e+01  2.250000e+01
     vertex  8.637321e-01 -1.397333e+01  2.250000e+01
   endloop
 endfacet
 facet normal  0.000000e+00  0.000000e+00  1.000000e+00
   outer loop
     vertex -8.992379e+00  3.703016e-01  2.250000e+01
     vertex -1.398814e+01  5.760247e-01  2.250000e+01
     vertex -1.399868e+01  1.920564e-01  2.250000e+01
   endloop
 endfacet
 facet normal  0.000000e+00  0.000000e+00  1.000000e+00
   outer loop
     vertex -8.992379e+00  3.703016e-01  2.250000e+01
     vertex -1.399868e+01  1.920564e-01  2.250000e+01
     vertex -8.999153e+00  1.234648e-01  2.250000e+01
   endloop
 endfacet
 facet normal  0.000000e+00  0.000000e+00  1.000000e+00
   outer loop
     vertex  5.552563e-01 -8.982855e+00  2.250000e+01
     vertex  3.086113e-01 -8.994707e+00  2.250000e+01
     vertex  8.637321e-01 -1.397333e+01  2.250000e+01
   endloop
 endfacet
 facet normal  0.000000e+00  0.000000e+00  1.000000e+00
   outer loop
     vertex -8.978835e+00  6.168595e-01  2.250000e+01
     vertex -1.396708e+01  9.595593e-01  2.250000e+01
     vertex -1.398814e+01  5.760247e-01  2.250000e+01
   endloop
 endfacet
 facet normal  0.000000e+00  0.000000e+00  1.000000e+00
   outer loop
     vertex -8.978835e+00  6.168595e-01  2.250000e+01
     vertex -1.398814e+01  5.760247e-01  2.250000e+01
     vertex -8.992379e+00  3.703016e-01  2.250000e+01
   endloop
 endfacet
 facet normal  0.000000e+00  0.000000e+00  1.000000e+00
   outer loop
     vertex  8.014834e-01 -8.964241e+00  2.250000e+01
     vertex  5.552563e-01 -8.982855e+00  2.250000e+01
     vertex  8.637321e-01 -1.397333e+01  2.250000e+01
   endloop
 endfacet
 facet normal  0.000000e+00  0.000000e+00  1.000000e+00
   outer loop
     vertex  8.014834e-01 -8.964241e+00  2.250000e+01
     vertex  8.637321e-01 -1.397333e+01  2.250000e+01
     vertex  1.246752e+00 -1.394438e+01  2.250000e+01
   endloop
 endfacet
 facet normal  0.000000e+00  0.000000e+00  1.000000e+00
   outer loop
     vertex -8.958533e+00  8.629532e-01  2.250000e+01
     vertex -1.393550e+01  1.342372e+00  2.250000e+01
     vertex -1.396708e+01  9.595593e-01  2.250000e+01
   endloop
 endfacet
 facet normal  0.000000e+00  0.000000e+00  1.000000e+00
   outer loop
     vertex -8.958533e+00  8.629532e-01  2.250000e+01
     vertex -1.396708e+01  9.595593e-01  2.250000e+01
     vertex -8.978835e+00  6.168595e-01  2.250000e+01
   endloop
 endfacet
 facet normal  0.000000e+00  0.000000e+00  1.000000e+00
   outer loop
     vertex  1.047107e+00 -8.938879e+00  2.250000e+01
     vertex  8.014834e-01 -8.964241e+00  2.250000e+01
     vertex  1.246752e+00 -1.394438e+01  2.250000e+01
   endloop
 endfacet
 facet normal  0.000000e+00  0.000000e+00  1.000000e+00
   outer loop
     vertex  1.047107e+00 -8.938879e+00  2.250000e+01
     vertex  1.246752e+00 -1.394438e+01  2.250000e+01
     vertex  1.628833e+00 -1.390492e+01  2.250000e+01
   endloop
 endfacet
 facet normal  0.000000e+00  0.000000e+00  1.000000e+00
   outer loop
     vertex  1.047107e+00 -8.938879e+00  2.250000e+01
     vertex  1.628833e+00 -1.390492e+01  2.250000e+01
     vertex  2.009689e+00 -1.385500e+01  2.250000e+01
   endloop
 endfacet
 facet normal  0.000000e+00  0.000000e+00  1.000000e+00
   outer loop
     vertex -8.931487e+00  1.108397e+00  2.250000e+01
     vertex -1.384089e+01  2.104677e+00  2.250000e+01
     vertex -1.389342e+01  1.724173e+00  2.250000e+01
   endloop
 endfacet
 facet normal  0.000000e+00  0.000000e+00  1.000000e+00
   outer loop
     vertex -8.931487e+00  1.108397e+00  2.250000e+01
     vertex -1.389342e+01  1.724173e+00  2.250000e+01
     vertex -1.393550e+01  1.342372e+00  2.250000e+01
   endloop
 endfacet
 facet normal  0.000000e+00  0.000000e+00  1.000000e+00
   outer loop
     vertex -8.931487e+00  1.108397e+00  2.250000e+01
     vertex -1.393550e+01  1.342372e+00  2.250000e+01
     vertex -8.958533e+00  8.629532e-01  2.250000e+01
   endloop
 endfacet
 facet normal  0.000000e+00  0.000000e+00  1.000000e+00
   outer loop
     vertex  1.291943e+00 -8.906789e+00  2.250000e+01
     vertex  1.047107e+00 -8.938879e+00  2.250000e+01
     vertex  2.009689e+00 -1.385500e+01  2.250000e+01
   endloop
 endfacet
 facet normal  0.000000e+00  0.000000e+00  1.000000e+00
   outer loop
     vertex -8.897717e+00  1.353007e+00  2.250000e+01
     vertex -1.384089e+01  2.104677e+00  2.250000e+01
     vertex -8.931487e+00  1.108397e+00  2.250000e+01
   endloop
 endfacet
 facet normal  0.000000e+00  0.000000e+00  1.000000e+00
   outer loop
     vertex  1.535806e+00 -8.867993e+00  2.250000e+01
     vertex  1.291943e+00 -8.906789e+00  2.250000e+01
     vertex  2.009689e+00 -1.385500e+01  2.250000e+01
   endloop
 endfacet
 facet normal  0.000000e+00  0.000000e+00  1.000000e+00
   outer loop
     vertex  1.535806e+00 -8.867993e+00  2.250000e+01
     vertex  2.009689e+00 -1.385500e+01  2.250000e+01
     vertex  2.389031e+00 -1.379466e+01  2.250000e+01
   endloop
 endfacet
 facet normal  0.000000e+00  0.000000e+00  1.000000e+00
   outer loop
     vertex  1.535806e+00 -8.867993e+00  2.250000e+01
     vertex  2.389031e+00 -1.379466e+01  2.250000e+01
     vertex  2.766575e+00 -1.372392e+01  2.250000e+01
   endloop
 endfacet
 facet normal  0.000000e+00  0.000000e+00  1.000000e+00
   outer loop
     vertex -8.857250e+00  1.596598e+00  2.250000e+01
     vertex -1.377794e+01  2.483597e+00  2.250000e+01
     vertex -1.384089e+01  2.104677e+00  2.250000e+01
   endloop
 endfacet
 facet normal  0.000000e+00  0.000000e+00  1.000000e+00
   outer loop
     vertex -8.857250e+00  1.596598e+00  2.250000e+01
     vertex -1.384089e+01  2.104677e+00  2.250000e+01
     vertex -8.897717e+00  1.353007e+00  2.250000e+01
   endloop
 endfacet
 facet normal  0.000000e+00  0.000000e+00  1.000000e+00
   outer loop
     vertex  1.778513e+00 -8.822522e+00  2.250000e+01
     vertex  1.535806e+00 -8.867993e+00  2.250000e+01
     vertex  2.766575e+00 -1.372392e+01  2.250000e+01
   endloop
 endfacet
 facet normal  0.000000e+00  0.000000e+00  1.000000e+00
   outer loop
     vertex -8.810115e+00  1.838987e+00  2.250000e+01
     vertex -1.370462e+01  2.860647e+00  2.250000e+01
     vertex -1.377794e+01  2.483597e+00  2.250000e+01
   endloop
 endfacet
 facet normal  0.000000e+00  0.000000e+00  1.000000e+00
   outer loop
     vertex -8.810115e+00  1.838987e+00  2.250000e+01
     vertex -1.377794e+01  2.483597e+00  2.250000e+01
     vertex -8.857250e+00  1.596598e+00  2.250000e+01
   endloop
 endfacet
 facet normal  0.000000e+00  0.000000e+00  1.000000e+00
   outer loop
     vertex  2.019881e+00 -8.770409e+00  2.250000e+01
     vertex  2.766575e+00 -1.372392e+01  2.250000e+01
     vertex  3.142037e+00 -1.364286e+01  2.250000e+01
   endloop
 endfacet
 facet normal  0.000000e+00  0.000000e+00  1.000000e+00
   outer loop
     vertex  2.019881e+00 -8.770409e+00  2.250000e+01
     vertex  3.142037e+00 -1.364286e+01  2.250000e+01
     vertex  3.515133e+00 -1.355153e+01  2.250000e+01
   endloop
 endfacet
 facet normal  0.000000e+00  0.000000e+00  1.000000e+00
   outer loop
     vertex  2.019881e+00 -8.770409e+00  2.250000e+01
     vertex  1.778513e+00 -8.822522e+00  2.250000e+01
     vertex  2.766575e+00 -1.372392e+01  2.250000e+01
   endloop
 endfacet
 facet normal  0.000000e+00  0.000000e+00  1.000000e+00
   outer loop
     vertex -8.756348e+00  2.079992e+00  2.250000e+01
     vertex -1.362099e+01  3.235543e+00  2.250000e+01
     vertex -1.370462e+01  2.860647e+00  2.250000e+01
   endloop
 endfacet
 facet normal  0.000000e+00  0.000000e+00  1.000000e+00
   outer loop
     vertex -8.756348e+00  2.079992e+00  2.250000e+01
     vertex -1.370462e+01  2.860647e+00  2.250000e+01
     vertex -8.810115e+00  1.838987e+00  2.250000e+01
   endloop
 endfacet
 facet normal  0.000000e+00  0.000000e+00  1.000000e+00
   outer loop
     vertex  2.259728e+00 -8.711695e+00  2.250000e+01
     vertex  2.019881e+00 -8.770409e+00  2.250000e+01
     vertex  3.515133e+00 -1.355153e+01  2.250000e+01
   endloop
 endfacet
 facet normal  0.000000e+00  0.000000e+00  1.000000e+00
   outer loop
     vertex  2.259728e+00 -8.711695e+00  2.250000e+01
     vertex  3.515133e+00 -1.355153e+01  2.250000e+01
     vertex  3.885583e+00 -1.344999e+01  2.250000e+01
   endloop
 endfacet
 facet normal  0.000000e+00  0.000000e+00  1.000000e+00
   outer loop
     vertex -8.695990e+00  2.319431e+00  2.250000e+01
     vertex -1.352710e+01  3.608004e+00  2.250000e+01
     vertex -1.362099e+01  3.235543e+00  2.250000e+01
   endloop
 endfacet
 facet normal  0.000000e+00  0.000000e+00  1.000000e+00
   outer loop
     vertex -8.695990e+00  2.319431e+00  2.250000e+01
     vertex -1.362099e+01  3.235543e+00  2.250000e+01
     vertex -8.756348e+00  2.079992e+00  2.250000e+01
   endloop
 endfacet
 facet normal  0.000000e+00  0.000000e+00  1.000000e+00
   outer loop
     vertex  2.497875e+00 -8.646422e+00  2.250000e+01
     vertex  2.259728e+00 -8.711695e+00  2.250000e+01
     vertex  3.885583e+00 -1.344999e+01  2.250000e+01
   endloop
 endfacet
 facet normal  0.000000e+00  0.000000e+00  1.000000e+00
   outer loop
     vertex -8.629085e+00  2.557125e+00  2.250000e+01
     vertex -1.342302e+01  3.977749e+00  2.250000e+01
     vertex -1.352710e+01  3.608004e+00  2.250000e+01
   endloop
 endfacet
 facet normal  0.000000e+00  0.000000e+00  1.000000e+00
   outer loop
     vertex -8.629085e+00  2.557125e+00  2.250000e+01
     vertex -1.352710e+01  3.608004e+00  2.250000e+01
     vertex -8.695990e+00  2.319431e+00  2.250000e+01
   endloop
 endfacet
 facet normal  0.000000e+00  0.000000e+00  1.000000e+00
   outer loop
     vertex  2.734141e+00 -8.574641e+00  2.250000e+01
     vertex  2.497875e+00 -8.646422e+00  2.250000e+01
     vertex  3.885583e+00 -1.344999e+01  2.250000e+01
   endloop
 endfacet
 facet normal  0.000000e+00  0.000000e+00  1.000000e+00
   outer loop
     vertex  2.734141e+00 -8.574641e+00  2.250000e+01
     vertex  3.885583e+00 -1.344999e+01  2.250000e+01
     vertex  4.253108e+00 -1.333833e+01  2.250000e+01
   endloop
 endfacet
 facet normal  0.000000e+00  0.000000e+00  1.000000e+00
   outer loop
     vertex -8.555685e+00  2.792893e+00  2.250000e+01
     vertex -1.330884e+01  4.344500e+00  2.250000e+01
     vertex -1.342302e+01  3.977749e+00  2.250000e+01
   endloop
 endfacet
 facet normal  0.000000e+00  0.000000e+00  1.000000e+00
   outer loop
     vertex -8.555685e+00  2.792893e+00  2.250000e+01
     vertex -1.342302e+01  3.977749e+00  2.250000e+01
     vertex -8.629085e+00  2.557125e+00  2.250000e+01
   endloop
 endfacet
 facet normal  0.000000e+00  0.000000e+00  1.000000e+00
   outer loop
     vertex  2.968349e+00 -8.496405e+00  2.250000e+01
     vertex  4.253108e+00 -1.333833e+01  2.250000e+01
     vertex  4.617432e+00 -1.321663e+01  2.250000e+01
   endloop
 endfacet
 facet normal  0.000000e+00  0.000000e+00  1.000000e+00
   outer loop
     vertex  2.968349e+00 -8.496405e+00  2.250000e+01
     vertex  2.734141e+00 -8.574641e+00  2.250000e+01
     vertex  4.253108e+00 -1.333833e+01  2.250000e+01
   endloop
 endfacet
 facet normal  0.000000e+00  0.000000e+00  1.000000e+00
   outer loop
     vertex -8.475845e+00  3.026559e+00  2.250000e+01
     vertex -1.318465e+01  4.707980e+00  2.250000e+01
     vertex -1.330884e+01  4.344500e+00  2.250000e+01
   endloop
 endfacet
 facet normal  0.000000e+00  0.000000e+00  1.000000e+00
   outer loop
     vertex -8.475845e+00  3.026559e+00  2.250000e+01
     vertex -1.330884e+01  4.344500e+00  2.250000e+01
     vertex -8.555685e+00  2.792893e+00  2.250000e+01
   endloop
 endfacet
 facet normal  0.000000e+00  0.000000e+00  1.000000e+00
   outer loop
     vertex  3.200323e+00 -8.411774e+00  2.250000e+01
     vertex  2.968349e+00 -8.496405e+00  2.250000e+01
     vertex  4.617432e+00 -1.321663e+01  2.250000e+01
   endloop
 endfacet
 facet normal  0.000000e+00  0.000000e+00  1.000000e+00
   outer loop
     vertex  3.200323e+00 -8.411774e+00  2.250000e+01
     vertex  4.617432e+00 -1.321663e+01  2.250000e+01
     vertex  4.978280e+00 -1.308498e+01  2.250000e+01
   endloop
 endfacet
 facet normal  0.000000e+00  0.000000e+00  1.000000e+00
   outer loop
     vertex -8.389624e+00  3.257946e+00  2.250000e+01
     vertex -1.290658e+01  5.424038e+00  2.250000e+01
     vertex -1.305053e+01  5.067917e+00  2.250000e+01
   endloop
 endfacet
 facet normal  0.000000e+00  0.000000e+00  1.000000e+00
   outer loop
     vertex -8.389624e+00  3.257946e+00  2.250000e+01
     vertex -1.305053e+01  5.067917e+00  2.250000e+01
     vertex -1.318465e+01  4.707980e+00  2.250000e+01
   endloop
 endfacet
 facet normal  0.000000e+00  0.000000e+00  1.000000e+00
   outer loop
     vertex -8.389624e+00  3.257946e+00  2.250000e+01
     vertex -1.318465e+01  4.707980e+00  2.250000e+01
     vertex -8.475845e+00  3.026559e+00  2.250000e+01
   endloop
 endfacet
 facet normal  0.000000e+00  0.000000e+00  1.000000e+00
   outer loop
     vertex  3.429887e+00 -8.320810e+00  2.250000e+01
     vertex  3.200323e+00 -8.411774e+00  2.250000e+01
     vertex  4.978280e+00 -1.308498e+01  2.250000e+01
   endloop
 endfacet
 facet normal  0.000000e+00  0.000000e+00  1.000000e+00
   outer loop
     vertex  3.429887e+00 -8.320810e+00  2.250000e+01
     vertex  4.978280e+00 -1.308498e+01  2.250000e+01
     vertex  5.335380e+00 -1.294348e+01  2.250000e+01
   endloop
 endfacet
 facet normal  0.000000e+00  0.000000e+00  1.000000e+00
   outer loop
     vertex -8.297087e+00  3.486881e+00  2.250000e+01
     vertex -1.290658e+01  5.424038e+00  2.250000e+01
     vertex -8.389624e+00  3.257946e+00  2.250000e+01
   endloop
 endfacet
 facet normal  0.000000e+00  0.000000e+00  1.000000e+00
   outer loop
     vertex -8.297087e+00  3.486881e+00  2.250000e+01
     vertex -1.275292e+01  5.776076e+00  2.250000e+01
     vertex -1.290658e+01  5.424038e+00  2.250000e+01
   endloop
 endfacet
 facet normal  0.000000e+00  0.000000e+00  1.000000e+00
   outer loop
     vertex  3.656870e+00 -8.223582e+00  2.250000e+01
     vertex  3.429887e+00 -8.320810e+00  2.250000e+01
     vertex  5.335380e+00 -1.294348e+01  2.250000e+01
   endloop
 endfacet
 facet normal  0.000000e+00  0.000000e+00  1.000000e+00
   outer loop
     vertex  3.656870e+00 -8.223582e+00  2.250000e+01
     vertex  5.335380e+00 -1.294348e+01  2.250000e+01
     vertex  5.688464e+00 -1.279224e+01  2.250000e+01
   endloop
 endfacet
 facet normal  0.000000e+00  0.000000e+00  1.000000e+00
   outer loop
     vertex -8.198305e+00  3.713192e+00  2.250000e+01
     vertex -1.275292e+01  5.776076e+00  2.250000e+01
     vertex -8.297087e+00  3.486881e+00  2.250000e+01
   endloop
 endfacet
 facet normal  0.000000e+00  0.000000e+00  1.000000e+00
   outer loop
     vertex -8.198305e+00  3.713192e+00  2.250000e+01
     vertex -1.258966e+01  6.123766e+00  2.250000e+01
     vertex -1.275292e+01  5.776076e+00  2.250000e+01
   endloop
 endfacet
 facet normal  0.000000e+00  0.000000e+00  1.000000e+00
   outer loop
     vertex  3.881099e+00 -8.120164e+00  2.250000e+01
     vertex  5.688464e+00 -1.279224e+01  2.250000e+01
     vertex  6.037266e+00 -1.263137e+01  2.250000e+01
   endloop
 endfacet
 facet normal  0.000000e+00  0.000000e+00  1.000000e+00
   outer loop
     vertex  3.881099e+00 -8.120164e+00  2.250000e+01
     vertex  3.656870e+00 -8.223582e+00  2.250000e+01
     vertex  5.688464e+00 -1.279224e+01  2.250000e+01
   endloop
 endfacet
 facet normal  0.000000e+00  0.000000e+00  1.000000e+00
   outer loop
     vertex -8.093352e+00  3.936707e+00  2.250000e+01
     vertex -1.258966e+01  6.123766e+00  2.250000e+01
     vertex -8.198305e+00  3.713192e+00  2.250000e+01
   endloop
 endfacet
 facet normal  0.000000e+00  0.000000e+00  1.000000e+00
   outer loop
     vertex  4.102408e+00 -8.010634e+00  2.250000e+01
     vertex  3.881099e+00 -8.120164e+00  2.250000e+01
     vertex  6.037266e+00 -1.263137e+01  2.250000e+01
   endloop
 endfacet
 facet normal  0.000000e+00  0.000000e+00  1.000000e+00
   outer loop
     vertex  4.102408e+00 -8.010634e+00  2.250000e+01
     vertex  6.037266e+00 -1.263137e+01  2.250000e+01
     vertex  6.381523e+00 -1.246099e+01  2.250000e+01
   endloop
 endfacet
 facet normal  0.000000e+00  0.000000e+00  1.000000e+00
   outer loop
     vertex -7.982306e+00  4.157259e+00  2.250000e+01
     vertex -1.258966e+01  6.123766e+00  2.250000e+01
     vertex -8.093352e+00  3.936707e+00  2.250000e+01
   endloop
 endfacet
 facet normal  0.000000e+00  0.000000e+00  1.000000e+00
   outer loop
     vertex -7.982306e+00  4.157259e+00  2.250000e+01
     vertex -1.241692e+01  6.466847e+00  2.250000e+01
     vertex -1.258966e+01  6.123766e+00  2.250000e+01
   endloop
 endfacet
 facet normal  0.000000e+00  0.000000e+00  1.000000e+00
   outer loop
     vertex  4.320628e+00 -7.895073e+00  2.250000e+01
     vertex  4.102408e+00 -8.010634e+00  2.250000e+01
     vertex  6.381523e+00 -1.246099e+01  2.250000e+01
   endloop
 endfacet
 facet normal  0.000000e+00  0.000000e+00  1.000000e+00
   outer loop
     vertex  4.320628e+00 -7.895073e+00  2.250000e+01
     vertex  6.381523e+00 -1.246099e+01  2.250000e+01
     vertex  6.720976e+00 -1.228122e+01  2.250000e+01
   endloop
 endfacet
 facet normal  0.000000e+00  0.000000e+00  1.000000e+00
   outer loop
     vertex -7.865251e+00  4.374681e+00  2.250000e+01
     vertex -1.241692e+01  6.466847e+00  2.250000e+01
     vertex -7.982306e+00  4.157259e+00  2.250000e+01
   endloop
 endfacet
 facet normal  0.000000e+00  0.000000e+00  1.000000e+00
   outer loop
     vertex -7.865251e+00  4.374681e+00  2.250000e+01
     vertex -1.223483e+01  6.805059e+00  2.250000e+01
     vertex -1.241692e+01  6.466847e+00  2.250000e+01
   endloop
 endfacet
 facet normal  0.000000e+00  0.000000e+00  1.000000e+00
   outer loop
     vertex  4.535595e+00 -7.773569e+00  2.250000e+01
     vertex  4.320628e+00 -7.895073e+00  2.250000e+01
     vertex  6.720976e+00 -1.228122e+01  2.250000e+01
   endloop
 endfacet
 facet normal  0.000000e+00  0.000000e+00  1.000000e+00
   outer loop
     vertex  4.535595e+00 -7.773569e+00  2.250000e+01
     vertex  6.720976e+00 -1.228122e+01  2.250000e+01
     vertex  7.055370e+00 -1.209222e+01  2.250000e+01
   endloop
 endfacet
 facet normal  0.000000e+00  0.000000e+00  1.000000e+00
   outer loop
     vertex -7.742275e+00  4.588810e+00  2.250000e+01
     vertex -1.223483e+01  6.805059e+00  2.250000e+01
     vertex -7.865251e+00  4.374681e+00  2.250000e+01
   endloop
 endfacet
 facet normal  0.000000e+00  0.000000e+00  1.000000e+00
   outer loop
     vertex -7.742275e+00  4.588810e+00  2.250000e+01
     vertex -1.204354e+01  7.138149e+00  2.250000e+01
     vertex -1.223483e+01  6.805059e+00  2.250000e+01
   endloop
 endfacet
 facet normal  0.000000e+00  0.000000e+00  1.000000e+00
   outer loop
     vertex  4.747149e+00 -7.646214e+00  2.250000e+01
     vertex  4.535595e+00 -7.773569e+00  2.250000e+01
     vertex  7.055370e+00 -1.209222e+01  2.250000e+01
   endloop
 endfacet
 facet normal  0.000000e+00  0.000000e+00  1.000000e+00
   outer loop
     vertex  4.747149e+00 -7.646214e+00  2.250000e+01
     vertex  7.055370e+00 -1.209222e+01  2.250000e+01
     vertex  7.384453e+00 -1.189411e+01  2.250000e+01
   endloop
 endfacet
 facet normal  0.000000e+00  0.000000e+00  1.000000e+00
   outer loop
     vertex -7.613471e+00  4.799485e+00  2.250000e+01
     vertex -1.204354e+01  7.138149e+00  2.250000e+01
     vertex -7.742275e+00  4.588810e+00  2.250000e+01
   endloop
 endfacet
 facet normal  0.000000e+00  0.000000e+00  1.000000e+00
   outer loop
     vertex -7.613471e+00  4.799485e+00  2.250000e+01
     vertex -1.184318e+01  7.465865e+00  2.250000e+01
     vertex -1.204354e+01  7.138149e+00  2.250000e+01
   endloop
 endfacet
 facet normal  0.000000e+00  0.000000e+00  1.000000e+00
   outer loop
     vertex  4.955128e+00 -7.513102e+00  2.250000e+01
     vertex  4.747149e+00 -7.646214e+00  2.250000e+01
     vertex  7.384453e+00 -1.189411e+01  2.250000e+01
   endloop
 endfacet
 facet normal  0.000000e+00  0.000000e+00  1.000000e+00
   outer loop
     vertex  4.955128e+00 -7.513102e+00  2.250000e+01
     vertex  7.384453e+00 -1.189411e+01  2.250000e+01
     vertex  7.707977e+00 -1.168705e+01  2.250000e+01
   endloop
 endfacet
 facet normal  0.000000e+00  0.000000e+00  1.000000e+00
   outer loop
     vertex -7.478937e+00  5.006547e+00  2.250000e+01
     vertex -1.184318e+01  7.465865e+00  2.250000e+01
     vertex -7.613471e+00  4.799485e+00  2.250000e+01
   endloop
 endfacet
 facet normal  0.000000e+00  0.000000e+00  1.000000e+00
   outer loop
     vertex -7.478937e+00  5.006547e+00  2.250000e+01
     vertex -1.141587e+01  8.104195e+00  2.250000e+01
     vertex -1.163390e+01  7.787961e+00  2.250000e+01
   endloop
 endfacet
 facet normal  0.000000e+00  0.000000e+00  1.000000e+00
   outer loop
     vertex -7.478937e+00  5.006547e+00  2.250000e+01
     vertex -1.163390e+01  7.787961e+00  2.250000e+01
     vertex -1.184318e+01  7.465865e+00  2.250000e+01
   endloop
 endfacet
 facet normal  0.000000e+00  0.000000e+00  1.000000e+00
   outer loop
     vertex  5.159378e+00 -7.374335e+00  2.250000e+01
     vertex  4.955128e+00 -7.513102e+00  2.250000e+01
     vertex  7.707977e+00 -1.168705e+01  2.250000e+01
   endloop
 endfacet
 facet normal  0.000000e+00  0.000000e+00  1.000000e+00
   outer loop
     vertex  5.159378e+00 -7.374335e+00  2.250000e+01
     vertex  7.707977e+00 -1.168705e+01  2.250000e+01
     vertex  8.025699e+00 -1.147119e+01  2.250000e+01
   endloop
 endfacet
 facet normal  0.000000e+00  0.000000e+00  1.000000e+00
   outer loop
     vertex -7.338772e+00  5.209840e+00  2.250000e+01
     vertex -1.141587e+01  8.104195e+00  2.250000e+01
     vertex -7.478937e+00  5.006547e+00  2.250000e+01
   endloop
 endfacet
 facet normal  0.000000e+00  0.000000e+00  1.000000e+00
   outer loop
     vertex  5.359744e+00 -7.230017e+00  2.250000e+01
     vertex  5.159378e+00 -7.374335e+00  2.250000e+01
     vertex  8.025699e+00 -1.147119e+01  2.250000e+01
   endloop
 endfacet
 facet normal  0.000000e+00  0.000000e+00  1.000000e+00
   outer loop
     vertex  5.359744e+00 -7.230017e+00  2.250000e+01
     vertex  8.025699e+00 -1.147119e+01  2.250000e+01
     vertex  8.337380e+00 -1.124669e+01  2.250000e+01
   endloop
 endfacet
 facet normal  0.000000e+00  0.000000e+00  1.000000e+00
   outer loop
     vertex  5.359744e+00 -7.230017e+00  2.250000e+01
     vertex  8.337380e+00 -1.124669e+01  2.250000e+01
     vertex  8.642784e+00 -1.101373e+01  2.250000e+01
   endloop
 endfacet
 facet normal  0.000000e+00  0.000000e+00  1.000000e+00
   outer loop
     vertex -7.193083e+00  5.409211e+00  2.250000e+01
     vertex -1.141587e+01  8.104195e+00  2.250000e+01
     vertex -7.338772e+00  5.209840e+00  2.250000e+01
   endloop
 endfacet
 facet normal  0.000000e+00  0.000000e+00  1.000000e+00
   outer loop
     vertex -7.193083e+00  5.409211e+00  2.250000e+01
     vertex -1.118924e+01  8.414328e+00  2.250000e+01
     vertex -1.141587e+01  8.104195e+00  2.250000e+01
   endloop
 endfacet
 facet normal  0.000000e+00  0.000000e+00  1.000000e+00
   outer loop
     vertex  5.556075e+00 -7.080256e+00  2.250000e+01
     vertex  5.359744e+00 -7.230017e+00  2.250000e+01
     vertex  8.642784e+00 -1.101373e+01  2.250000e+01
   endloop
 endfacet
 facet normal  0.000000e+00  0.000000e+00  1.000000e+00
   outer loop
     vertex -7.041979e+00  5.604510e+00  2.250000e+01
     vertex -1.118924e+01  8.414328e+00  2.250000e+01
     vertex -7.193083e+00  5.409211e+00  2.250000e+01
   endloop
 endfacet
 facet normal  0.000000e+00  0.000000e+00  1.000000e+00
   outer loop
     vertex -7.041979e+00  5.604510e+00  2.250000e+01
     vertex -1.095419e+01  8.718127e+00  2.250000e+01
     vertex -1.118924e+01  8.414328e+00  2.250000e+01
   endloop
 endfacet
 facet normal  0.000000e+00  0.000000e+00  1.000000e+00
   outer loop
     vertex  5.748224e+00 -6.925166e+00  2.250000e+01
     vertex  5.556075e+00 -7.080256e+00  2.250000e+01
     vertex  8.642784e+00 -1.101373e+01  2.250000e+01
   endloop
 endfacet
 facet normal  0.000000e+00  0.000000e+00  1.000000e+00
   outer loop
     vertex  5.748224e+00 -6.925166e+00  2.250000e+01
     vertex  8.642784e+00 -1.101373e+01  2.250000e+01
     vertex  8.941682e+00 -1.077248e+01  2.250000e+01
   endloop
 endfacet
 facet normal  0.000000e+00  0.000000e+00  1.000000e+00
   outer loop
     vertex  5.748224e+00 -6.925166e+00  2.250000e+01
     vertex  8.941682e+00 -1.077248e+01  2.250000e+01
     vertex  9.233849e+00 -1.052312e+01  2.250000e+01
   endloop
 endfacet
 facet normal  0.000000e+00  0.000000e+00  1.000000e+00
   outer loop
     vertex -6.885574e+00  5.795591e+00  2.250000e+01
     vertex -1.095419e+01  8.718127e+00  2.250000e+01
     vertex -7.041979e+00  5.604510e+00  2.250000e+01
   endloop
 endfacet
 facet normal  0.000000e+00  0.000000e+00  1.000000e+00
   outer loop
     vertex -6.885574e+00  5.795591e+00  2.250000e+01
     vertex -1.071089e+01  9.015364e+00  2.250000e+01
     vertex -1.095419e+01  8.718127e+00  2.250000e+01
   endloop
 endfacet
 facet normal  0.000000e+00  0.000000e+00  1.000000e+00
   outer loop
     vertex  5.936046e+00 -6.764862e+00  2.250000e+01
     vertex  5.748224e+00 -6.925166e+00  2.250000e+01
     vertex  9.233849e+00 -1.052312e+01  2.250000e+01
   endloop
 endfacet
 facet normal  0.000000e+00  0.000000e+00  1.000000e+00
   outer loop
     vertex -6.723986e+00  5.982309e+00  2.250000e+01
     vertex -1.045953e+01  9.305814e+00  2.250000e+01
     vertex -1.071089e+01  9.015364e+00  2.250000e+01
   endloop
 endfacet
 facet normal  0.000000e+00  0.000000e+00  1.000000e+00
   outer loop
     vertex -6.723986e+00  5.982309e+00  2.250000e+01
     vertex -1.071089e+01  9.015364e+00  2.250000e+01
     vertex -6.885574e+00  5.795591e+00  2.250000e+01
   endloop
 endfacet
 facet normal  0.000000e+00  0.000000e+00  1.000000e+00
   outer loop
     vertex  6.119399e+00 -6.599466e+00  2.250000e+01
     vertex  5.936046e+00 -6.764862e+00  2.250000e+01
     vertex  9.233849e+00 -1.052312e+01  2.250000e+01
   endloop
 endfacet
 facet normal  0.000000e+00  0.000000e+00  1.000000e+00
   outer loop
     vertex  6.119399e+00 -6.599466e+00  2.250000e+01
     vertex  9.233849e+00 -1.052312e+01  2.250000e+01
     vertex  9.519066e+00 -1.026584e+01  2.250000e+01
   endloop
 endfacet
 facet normal  0.000000e+00  0.000000e+00  1.000000e+00
   outer loop
     vertex -6.557336e+00  6.164523e+00  2.250000e+01
     vertex -1.020030e+01  9.589258e+00  2.250000e+01
     vertex -1.045953e+01  9.305814e+00  2.250000e+01
   endloop
 endfacet
 facet normal  0.000000e+00  0.000000e+00  1.000000e+00
   outer loop
     vertex -6.557336e+00  6.164523e+00  2.250000e+01
     vertex -1.045953e+01  9.305814e+00  2.250000e+01
     vertex -6.723986e+00  5.982309e+00  2.250000e+01
   endloop
 endfacet
 facet normal  0.000000e+00  0.000000e+00  1.000000e+00
   outer loop
     vertex  6.298146e+00 -6.429102e+00  2.250000e+01
     vertex  6.119399e+00 -6.599466e+00  2.250000e+01
     vertex  9.519066e+00 -1.026584e+01  2.250000e+01
   endloop
 endfacet
 facet normal  0.000000e+00  0.000000e+00  1.000000e+00
   outer loop
     vertex  6.298146e+00 -6.429102e+00  2.250000e+01
     vertex  9.519066e+00 -1.026584e+01  2.250000e+01
     vertex  9.797116e+00 -1.000083e+01  2.250000e+01
   endloop
 endfacet
 facet normal  0.000000e+00  0.000000e+00  1.000000e+00
   outer loop
     vertex -6.385750e+00  6.342097e+00  2.250000e+01
     vertex -1.020030e+01  9.589258e+00  2.250000e+01
     vertex -6.557336e+00  6.164523e+00  2.250000e+01
   endloop
 endfacet
 facet normal  0.000000e+00  0.000000e+00  1.000000e+00
   outer loop
     vertex -6.385750e+00  6.342097e+00  2.250000e+01
     vertex -9.933389e+00  9.865485e+00  2.250000e+01
     vertex -1.020030e+01  9.589258e+00  2.250000e+01
   endloop
 endfacet
 facet normal  0.000000e+00  0.000000e+00  1.000000e+00
   outer loop
     vertex  1.006779e+01 -9.728287e+00  2.250000e+01
     vertex  6.472152e+00 -6.253899e+00  2.250000e+01
     vertex  6.298146e+00 -6.429102e+00  2.250000e+01
   endloop
 endfacet
 facet normal  0.000000e+00  0.000000e+00  1.000000e+00
   outer loop
     vertex  1.006779e+01 -9.728287e+00  2.250000e+01
     vertex  6.298146e+00 -6.429102e+00  2.250000e+01
     vertex  9.797116e+00 -1.000083e+01  2.250000e+01
   endloop
 endfacet
 facet normal  0.000000e+00  0.000000e+00  1.000000e+00
   outer loop
     vertex -9.659000e+00  1.013428e+01  2.250000e+01
     vertex -9.933389e+00  9.865485e+00  2.250000e+01
     vertex -6.385750e+00  6.342097e+00  2.250000e+01
   endloop
 endfacet
 facet normal  0.000000e+00  0.000000e+00  1.000000e+00
   outer loop
     vertex -9.659000e+00  1.013428e+01  2.250000e+01
     vertex -6.385750e+00  6.342097e+00  2.250000e+01
     vertex -6.209357e+00  6.514897e+00  2.250000e+01
   endloop
 endfacet
 facet normal  0.000000e+00  0.000000e+00  1.000000e+00
   outer loop
     vertex  6.641286e+00 -6.073988e+00  2.250000e+01
     vertex  6.472152e+00 -6.253899e+00  2.250000e+01
     vertex  1.006779e+01 -9.728287e+00  2.250000e+01
   endloop
 endfacet
 facet normal  0.000000e+00  0.000000e+00  1.000000e+00
   outer loop
     vertex  1.033089e+01 -9.448425e+00  2.250000e+01
     vertex  6.641286e+00 -6.073988e+00  2.250000e+01
     vertex  1.006779e+01 -9.728287e+00  2.250000e+01
   endloop
 endfacet
 facet normal  0.000000e+00  0.000000e+00  1.000000e+00
   outer loop
     vertex -9.377340e+00  1.039546e+01  2.250000e+01
     vertex -6.209357e+00  6.514897e+00  2.250000e+01
     vertex -6.028290e+00  6.682793e+00  2.250000e+01
   endloop
 endfacet
 facet normal  0.000000e+00  0.000000e+00  1.000000e+00
   outer loop
     vertex -9.377340e+00  1.039546e+01  2.250000e+01
     vertex -9.659000e+00  1.013428e+01  2.250000e+01
     vertex -6.209357e+00  6.514897e+00  2.250000e+01
   endloop
 endfacet
 facet normal  0.000000e+00  0.000000e+00  1.000000e+00
   outer loop
     vertex  1.058621e+01 -9.161451e+00  2.250000e+01
     vertex  6.641286e+00 -6.073988e+00  2.250000e+01
     vertex  1.033089e+01 -9.448425e+00  2.250000e+01
   endloop
 endfacet
 facet normal  0.000000e+00  0.000000e+00  1.000000e+00
   outer loop
     vertex  1.058621e+01 -9.161451e+00  2.250000e+01
     vertex  6.805420e+00 -5.889504e+00  2.250000e+01
     vertex  6.641286e+00 -6.073988e+00  2.250000e+01
   endloop
 endfacet
 facet normal  0.000000e+00  0.000000e+00  1.000000e+00
   outer loop
     vertex  1.058621e+01 -9.161451e+00  2.250000e+01
     vertex  6.964432e+00 -5.700587e+00  2.250000e+01
     vertex  6.805420e+00 -5.889504e+00  2.250000e+01
   endloop
 endfacet
 facet normal  0.000000e+00  0.000000e+00  1.000000e+00
   outer loop
     vertex -9.088621e+00  1.064880e+01  2.250000e+01
     vertex -5.842685e+00  6.845658e+00  2.250000e+01
     vertex -5.652682e+00  7.003370e+00  2.250000e+01
   endloop
 endfacet
 facet normal  0.000000e+00  0.000000e+00  1.000000e+00
   outer loop
     vertex -9.088621e+00  1.064880e+01  2.250000e+01
     vertex -6.028290e+00  6.682793e+00  2.250000e+01
     vertex -5.842685e+00  6.845658e+00  2.250000e+01
   endloop
 endfacet
 facet normal  0.000000e+00  0.000000e+00  1.000000e+00
   outer loop
     vertex -9.088621e+00  1.064880e+01  2.250000e+01
     vertex -9.377340e+00  1.039546e+01  2.250000e+01
     vertex -6.028290e+00  6.682793e+00  2.250000e+01
   endloop
 endfacet
 facet normal  0.000000e+00  0.000000e+00  1.000000e+00
   outer loop
     vertex  1.083356e+01 -8.867580e+00  2.250000e+01
     vertex  6.964432e+00 -5.700587e+00  2.250000e+01
     vertex  1.058621e+01 -9.161451e+00  2.250000e+01
   endloop
 endfacet
 facet normal  0.000000e+00  0.000000e+00  1.000000e+00
   outer loop
     vertex -8.793060e+00  1.089413e+01  2.250000e+01
     vertex -9.088621e+00  1.064880e+01  2.250000e+01
     vertex -5.652682e+00  7.003370e+00  2.250000e+01
   endloop
 endfacet
 facet normal  0.000000e+00  0.000000e+00  1.000000e+00
   outer loop
     vertex  1.107276e+01 -8.567034e+00  2.250000e+01
     vertex  7.118200e+00 -5.507379e+00  2.250000e+01
     vertex  6.964432e+00 -5.700587e+00  2.250000e+01
   endloop
 endfacet
 facet normal  0.000000e+00  0.000000e+00  1.000000e+00
   outer loop
     vertex  1.107276e+01 -8.567034e+00  2.250000e+01
     vertex  7.266611e+00 -5.310025e+00  2.250000e+01
     vertex  7.118200e+00 -5.507379e+00  2.250000e+01
   endloop
 endfacet
 facet normal  0.000000e+00  0.000000e+00  1.000000e+00
   outer loop
     vertex  1.107276e+01 -8.567034e+00  2.250000e+01
     vertex  6.964432e+00 -5.700587e+00  2.250000e+01
     vertex  1.083356e+01 -8.867580e+00  2.250000e+01
   endloop
 endfacet
 facet normal  0.000000e+00  0.000000e+00  1.000000e+00
   outer loop
     vertex -8.490881e+00  1.113126e+01  2.250000e+01
     vertex -5.652682e+00  7.003370e+00  2.250000e+01
     vertex -5.458423e+00  7.155810e+00  2.250000e+01
   endloop
 endfacet
 facet normal  0.000000e+00  0.000000e+00  1.000000e+00
   outer loop
     vertex -8.490881e+00  1.113126e+01  2.250000e+01
     vertex -8.793060e+00  1.089413e+01  2.250000e+01
     vertex -5.652682e+00  7.003370e+00  2.250000e+01
   endloop
 endfacet
 facet normal  0.000000e+00  0.000000e+00  1.000000e+00
   outer loop
     vertex  1.130362e+01 -8.260039e+00  2.250000e+01
     vertex  7.266611e+00 -5.310025e+00  2.250000e+01
     vertex  1.107276e+01 -8.567034e+00  2.250000e+01
   endloop
 endfacet
 facet normal  0.000000e+00  0.000000e+00  1.000000e+00
   outer loop
     vertex -8.182309e+00  1.136001e+01  2.250000e+01
     vertex -5.260056e+00  7.302863e+00  2.250000e+01
     vertex -5.057729e+00  7.444419e+00  2.250000e+01
   endloop
 endfacet
 facet normal  0.000000e+00  0.000000e+00  1.000000e+00
   outer loop
     vertex -8.182309e+00  1.136001e+01  2.250000e+01
     vertex -5.458423e+00  7.155810e+00  2.250000e+01
     vertex -5.260056e+00  7.302863e+00  2.250000e+01
   endloop
 endfacet
 facet normal  0.000000e+00  0.000000e+00  1.000000e+00
   outer loop
     vertex -8.182309e+00  1.136001e+01  2.250000e+01
     vertex -8.490881e+00  1.113126e+01  2.250000e+01
     vertex -5.458423e+00  7.155810e+00  2.250000e+01
   endloop
 endfacet
 facet normal  0.000000e+00  0.000000e+00  1.000000e+00
   outer loop
     vertex  1.152597e+01 -7.946826e+00  2.250000e+01
     vertex  7.409551e+00 -5.108674e+00  2.250000e+01
     vertex  7.266611e+00 -5.310025e+00  2.250000e+01
   endloop
 endfacet
 facet normal  0.000000e+00  0.000000e+00  1.000000e+00
   outer loop
     vertex  1.152597e+01 -7.946826e+00  2.250000e+01
     vertex  7.266611e+00 -5.310025e+00  2.250000e+01
     vertex  1.130362e+01 -8.260039e+00  2.250000e+01
   endloop
 endfacet
 facet normal  0.000000e+00  0.000000e+00  1.000000e+00
   outer loop
     vertex -7.867579e+00  1.158021e+01  2.250000e+01
     vertex -8.182309e+00  1.136001e+01  2.250000e+01
     vertex -5.057729e+00  7.444419e+00  2.250000e+01
   endloop
 endfacet
 facet normal  0.000000e+00  0.000000e+00  1.000000e+00
   outer loop
     vertex  1.173964e+01 -7.627631e+00  2.250000e+01
     vertex  7.546914e+00 -4.903477e+00  2.250000e+01
     vertex  7.409551e+00 -5.108674e+00  2.250000e+01
   endloop
 endfacet
 facet normal  0.000000e+00  0.000000e+00  1.000000e+00
   outer loop
     vertex  1.173964e+01 -7.627631e+00  2.250000e+01
     vertex  7.678596e+00 -4.694589e+00  2.250000e+01
     vertex  7.546914e+00 -4.903477e+00  2.250000e+01
   endloop
 endfacet
 facet normal  0.000000e+00  0.000000e+00  1.000000e+00
   outer loop
     vertex  1.173964e+01 -7.627631e+00  2.250000e+01
     vertex  7.409551e+00 -5.108674e+00  2.250000e+01
     vertex  1.152597e+01 -7.946826e+00  2.250000e+01
   endloop
 endfacet
 facet normal  0.000000e+00  0.000000e+00  1.000000e+00
   outer loop
     vertex -7.546926e+00  1.179169e+01  2.250000e+01
     vertex -5.057729e+00  7.444419e+00  2.250000e+01
     vertex -4.851595e+00  7.580371e+00  2.250000e+01
   endloop
 endfacet
 facet normal  0.000000e+00  0.000000e+00  1.000000e+00
   outer loop
     vertex -7.546926e+00  1.179169e+01  2.250000e+01
     vertex -7.867579e+00  1.158021e+01  2.250000e+01
     vertex -5.057729e+00  7.444419e+00  2.250000e+01
   endloop
 endfacet
 facet normal  0.000000e+00  0.000000e+00  1.000000e+00
   outer loop
     vertex  1.194448e+01 -7.302694e+00  2.250000e+01
     vertex  7.678596e+00 -4.694589e+00  2.250000e+01
     vertex  1.173964e+01 -7.627631e+00  2.250000e+01
   endloop
 endfacet
 facet normal  0.000000e+00  0.000000e+00  1.000000e+00
   outer loop
     vertex -7.220591e+00  1.199429e+01  2.250000e+01
     vertex -4.851595e+00  7.580371e+00  2.250000e+01
     vertex -4.641809e+00  7.710617e+00  2.250000e+01
   endloop
 endfacet
 facet normal  0.000000e+00  0.000000e+00  1.000000e+00
   outer loop
     vertex -7.220591e+00  1.199429e+01  2.250000e+01
     vertex -7.546926e+00  1.179169e+01  2.250000e+01
     vertex -4.851595e+00  7.580371e+00  2.250000e+01
   endloop
 endfacet
 facet normal  0.000000e+00  0.000000e+00  1.000000e+00
   outer loop
     vertex  1.214033e+01 -6.972260e+00  2.250000e+01
     vertex  7.804497e+00 -4.482167e+00  2.250000e+01
     vertex  7.678596e+00 -4.694589e+00  2.250000e+01
   endloop
 endfacet
 facet normal  0.000000e+00  0.000000e+00  1.000000e+00
   outer loop
     vertex  1.214033e+01 -6.972260e+00  2.250000e+01
     vertex  7.678596e+00 -4.694589e+00  2.250000e+01
     vertex  1.194448e+01 -7.302694e+00  2.250000e+01
   endloop
 endfacet
 facet normal  0.000000e+00  0.000000e+00  1.000000e+00
   outer loop
     vertex -6.888821e+00  1.218787e+01  2.250000e+01
     vertex -4.641809e+00  7.710617e+00  2.250000e+01
     vertex -4.428528e+00  7.835058e+00  2.250000e+01
   endloop
 endfacet
 facet normal  0.000000e+00  0.000000e+00  1.000000e+00
   outer loop
     vertex -6.888821e+00  1.218787e+01  2.250000e+01
     vertex -7.220591e+00  1.199429e+01  2.250000e+01
     vertex -4.641809e+00  7.710617e+00  2.250000e+01
   endloop
 endfacet
 facet normal  0.000000e+00  0.000000e+00  1.000000e+00
   outer loop
     vertex  1.232704e+01 -6.636577e+00  2.250000e+01
     vertex  7.924524e+00 -4.266371e+00  2.250000e+01
     vertex  7.804497e+00 -4.482167e+00  2.250000e+01
   endloop
 endfacet
 facet normal  0.000000e+00  0.000000e+00  1.000000e+00
   outer loop
     vertex  1.232704e+01 -6.636577e+00  2.250000e+01
     vertex  8.038585e+00 -4.047364e+00  2.250000e+01
     vertex  7.924524e+00 -4.266371e+00  2.250000e+01
   endloop
 endfacet
 facet normal  0.000000e+00  0.000000e+00  1.000000e+00
   outer loop
     vertex  1.232704e+01 -6.636577e+00  2.250000e+01
     vertex  7.804497e+00 -4.482167e+00  2.250000e+01
     vertex  1.214033e+01 -6.972260e+00  2.250000e+01
   endloop
 endfacet
 facet normal  0.000000e+00  0.000000e+00  1.000000e+00
   outer loop
     vertex -6.551866e+00  1.237227e+01  2.250000e+01
     vertex -4.428528e+00  7.835058e+00  2.250000e+01
     vertex -4.211914e+00  7.953602e+00  2.250000e+01
   endloop
 endfacet
 facet normal  0.000000e+00  0.000000e+00  1.000000e+00
   outer loop
     vertex -6.551866e+00  1.237227e+01  2.250000e+01
     vertex -6.888821e+00  1.218787e+01  2.250000e+01
     vertex -4.428528e+00  7.835058e+00  2.250000e+01
   endloop
 endfacet
 facet normal  0.000000e+00  0.000000e+00  1.000000e+00
   outer loop
     vertex  1.250447e+01 -6.295899e+00  2.250000e+01
     vertex  8.038585e+00 -4.047364e+00  2.250000e+01
     vertex  1.232704e+01 -6.636577e+00  2.250000e+01
   endloop
 endfacet
 facet normal  0.000000e+00  0.000000e+00  1.000000e+00
   outer loop
     vertex -6.209979e+00  1.254736e+01  2.250000e+01
     vertex -4.211914e+00  7.953602e+00  2.250000e+01
     vertex -3.992129e+00  8.066158e+00  2.250000e+01
   endloop
 endfacet
 facet normal  0.000000e+00  0.000000e+00  1.000000e+00
   outer loop
     vertex -6.209979e+00  1.254736e+01  2.250000e+01
     vertex -6.551866e+00  1.237227e+01  2.250000e+01
     vertex -4.211914e+00  7.953602e+00  2.250000e+01
   endloop
 endfacet
 facet normal  0.000000e+00  0.000000e+00  1.000000e+00
   outer loop
     vertex  1.267248e+01 -5.950481e+00  2.250000e+01
     vertex  8.038585e+00 -4.047364e+00  2.250000e+01
     vertex  1.250447e+01 -6.295899e+00  2.250000e+01
   endloop
 endfacet
 facet normal  0.000000e+00  0.000000e+00  1.000000e+00
   outer loop
     vertex  1.267248e+01 -5.950481e+00  2.250000e+01
     vertex  8.146595e+00 -3.825309e+00  2.250000e+01
     vertex  8.038585e+00 -4.047364e+00  2.250000e+01
   endloop
 endfacet
 facet normal  0.000000e+00  0.000000e+00  1.000000e+00
   outer loop
     vertex -5.863416e+00  1.271300e+01  2.250000e+01
     vertex -3.992129e+00  8.066158e+00  2.250000e+01
     vertex -3.769339e+00  8.172642e+00  2.250000e+01
   endloop
 endfacet
 facet normal  0.000000e+00  0.000000e+00  1.000000e+00
   outer loop
     vertex -5.863416e+00  1.271300e+01  2.250000e+01
     vertex -6.209979e+00  1.254736e+01  2.250000e+01
     vertex -3.992129e+00  8.066158e+00  2.250000e+01
   endloop
 endfacet
 facet normal  0.000000e+00  0.000000e+00  1.000000e+00
   outer loop
     vertex  1.283096e+01 -5.600584e+00  2.250000e+01
     vertex  8.146595e+00 -3.825309e+00  2.250000e+01
     vertex  1.267248e+01 -5.950481e+00  2.250000e+01
   endloop
 endfacet
 facet normal  0.000000e+00  0.000000e+00  1.000000e+00
   outer loop
     vertex  1.283096e+01 -5.600584e+00  2.250000e+01
     vertex  8.248472e+00 -3.600375e+00  2.250000e+01
     vertex  8.146595e+00 -3.825309e+00  2.250000e+01
   endloop
 endfacet
 facet normal  0.000000e+00  0.000000e+00  1.000000e+00
   outer loop
     vertex -5.512441e+00  1.286907e+01  2.250000e+01
     vertex -5.863416e+00  1.271300e+01  2.250000e+01
     vertex -3.769339e+00  8.172642e+00  2.250000e+01
   endloop
 endfacet
 facet normal  0.000000e+00  0.000000e+00  1.000000e+00
   outer loop
     vertex -5.512441e+00  1.286907e+01  2.250000e+01
     vertex -3.769339e+00  8.172642e+00  2.250000e+01
     vertex -3.543712e+00  8.272974e+00  2.250000e+01
   endloop
 endfacet
 facet normal  0.000000e+00  0.000000e+00  1.000000e+00
   outer loop
     vertex  1.297977e+01 -5.246471e+00  2.250000e+01
     vertex  8.248472e+00 -3.600375e+00  2.250000e+01
     vertex  1.283096e+01 -5.600584e+00  2.250000e+01
   endloop
 endfacet
 facet normal  0.000000e+00  0.000000e+00  1.000000e+00
   outer loop
     vertex  1.297977e+01 -5.246471e+00  2.250000e+01
     vertex  8.344141e+00 -3.372731e+00  2.250000e+01
     vertex  8.248472e+00 -3.600375e+00  2.250000e+01
   endloop
 endfacet
 facet normal  0.000000e+00  0.000000e+00  1.000000e+00
   outer loop
     vertex -5.157315e+00  1.301546e+01  2.250000e+01
     vertex -5.512441e+00  1.286907e+01  2.250000e+01
     vertex -3.543712e+00  8.272974e+00  2.250000e+01
   endloop
 endfacet
 facet normal  0.000000e+00  0.000000e+00  1.000000e+00
   outer loop
     vertex -5.157315e+00  1.301546e+01  2.250000e+01
     vertex -3.315417e+00  8.367079e+00  2.250000e+01
     vertex -3.084626e+00  8.454885e+00  2.250000e+01
   endloop
 endfacet
 facet normal  0.000000e+00  0.000000e+00  1.000000e+00
   outer loop
     vertex -5.157315e+00  1.301546e+01  2.250000e+01
     vertex -3.543712e+00  8.272974e+00  2.250000e+01
     vertex -3.315417e+00  8.367079e+00  2.250000e+01
   endloop
 endfacet
 facet normal  0.000000e+00  0.000000e+00  1.000000e+00
   outer loop
     vertex  1.311882e+01 -4.888408e+00  2.250000e+01
     vertex  8.433528e+00 -3.142548e+00  2.250000e+01
     vertex  8.344141e+00 -3.372731e+00  2.250000e+01
   endloop
 endfacet
 facet normal  0.000000e+00  0.000000e+00  1.000000e+00
   outer loop
     vertex  1.311882e+01 -4.888408e+00  2.250000e+01
     vertex  8.344141e+00 -3.372731e+00  2.250000e+01
     vertex  1.297977e+01 -5.246471e+00  2.250000e+01
   endloop
 endfacet
 facet normal  0.000000e+00  0.000000e+00  1.000000e+00
   outer loop
     vertex -4.798307e+00  1.315204e+01  2.250000e+01
     vertex -5.157315e+00  1.301546e+01  2.250000e+01
     vertex -3.084626e+00  8.454885e+00  2.250000e+01
   endloop
 endfacet
 facet normal  0.000000e+00  0.000000e+00  1.000000e+00
   outer loop
     vertex  1.324799e+01 -4.526666e+00  2.250000e+01
     vertex  8.516566e+00 -2.910000e+00  2.250000e+01
     vertex  8.433528e+00 -3.142548e+00  2.250000e+01
   endloop
 endfacet
 facet normal  0.000000e+00  0.000000e+00  1.000000e+00
   outer loop
     vertex  1.324799e+01 -4.526666e+00  2.250000e+01
     vertex  8.433528e+00 -3.142548e+00  2.250000e+01
     vertex  1.311882e+01 -4.888408e+00  2.250000e+01
   endloop
 endfacet
 facet normal  0.000000e+00  0.000000e+00  1.000000e+00
   outer loop
     vertex -4.435687e+00  1.327873e+01  2.250000e+01
     vertex -4.798307e+00  1.315204e+01  2.250000e+01
     vertex -3.084626e+00  8.454885e+00  2.250000e+01
   endloop
 endfacet
 facet normal  0.000000e+00  0.000000e+00  1.000000e+00
   outer loop
     vertex -4.435687e+00  1.327873e+01  2.250000e+01
     vertex -3.084626e+00  8.454885e+00  2.250000e+01
     vertex -2.851513e+00  8.536327e+00  2.250000e+01
   endloop
 endfacet
 facet normal  0.000000e+00  0.000000e+00  1.000000e+00
   outer loop
     vertex  1.336719e+01 -4.161516e+00  2.250000e+01
     vertex  8.593194e+00 -2.675261e+00  2.250000e+01
     vertex  8.516566e+00 -2.910000e+00  2.250000e+01
   endloop
 endfacet
 facet normal  0.000000e+00  0.000000e+00  1.000000e+00
   outer loop
     vertex  1.336719e+01 -4.161516e+00  2.250000e+01
     vertex  8.516566e+00 -2.910000e+00  2.250000e+01
     vertex  1.324799e+01 -4.526666e+00  2.250000e+01
   endloop
 endfacet
 facet normal  0.000000e+00  0.000000e+00  1.000000e+00
   outer loop
     vertex -4.069729e+00  1.339542e+01  2.250000e+01
     vertex -4.435687e+00  1.327873e+01  2.250000e+01
     vertex -2.851513e+00  8.536327e+00  2.250000e+01
   endloop
 endfacet
 facet normal  0.000000e+00  0.000000e+00  1.000000e+00
   outer loop
     vertex -4.069729e+00  1.339542e+01  2.250000e+01
     vertex -2.851513e+00  8.536327e+00  2.250000e+01
     vertex -2.616254e+00  8.611342e+00  2.250000e+01
   endloop
 endfacet
 facet normal  0.000000e+00  0.000000e+00  1.000000e+00
   outer loop
     vertex  1.347633e+01 -3.793234e+00  2.250000e+01
     vertex  8.663353e+00 -2.438507e+00  2.250000e+01
     vertex  8.593194e+00 -2.675261e+00  2.250000e+01
   endloop
 endfacet
 facet normal  0.000000e+00  0.000000e+00  1.000000e+00
   outer loop
     vertex  1.347633e+01 -3.793234e+00  2.250000e+01
     vertex  8.726990e+00 -2.199919e+00  2.250000e+01
     vertex  8.663353e+00 -2.438507e+00  2.250000e+01
   endloop
 endfacet
 facet normal  0.000000e+00  0.000000e+00  1.000000e+00
   outer loop
     vertex  1.347633e+01 -3.793234e+00  2.250000e+01
     vertex  8.593194e+00 -2.675261e+00  2.250000e+01
     vertex  1.336719e+01 -4.161516e+00  2.250000e+01
   endloop
 endfacet
 facet normal  0.000000e+00  0.000000e+00  1.000000e+00
   outer loop
     vertex -3.700706e+00  1.350203e+01  2.250000e+01
     vertex -4.069729e+00  1.339542e+01  2.250000e+01
     vertex -2.616254e+00  8.611342e+00  2.250000e+01
   endloop
 endfacet
 facet normal  0.000000e+00  0.000000e+00  1.000000e+00
   outer loop
     vertex -3.700706e+00  1.350203e+01  2.250000e+01
     vertex -2.379025e+00  8.679875e+00  2.250000e+01
     vertex -2.140006e+00  8.741875e+00  2.250000e+01
   endloop
 endfacet
 facet normal  0.000000e+00  0.000000e+00  1.000000e+00
   outer loop
     vertex -3.700706e+00  1.350203e+01  2.250000e+01
     vertex -2.616254e+00  8.611342e+00  2.250000e+01
     vertex -2.379025e+00  8.679875e+00  2.250000e+01
   endloop
 endfacet
 facet normal  0.000000e+00  0.000000e+00  1.000000e+00
   outer loop
     vertex  1.357532e+01 -3.422096e+00  2.250000e+01
     vertex  8.726990e+00 -2.199919e+00  2.250000e+01
     vertex  1.347633e+01 -3.793234e+00  2.250000e+01
   endloop
 endfacet
 facet normal  0.000000e+00  0.000000e+00  1.000000e+00
   outer loop
     vertex -3.328898e+00  1.359847e+01  2.250000e+01
     vertex -3.700706e+00  1.350203e+01  2.250000e+01
     vertex -2.140006e+00  8.741875e+00  2.250000e+01
   endloop
 endfacet
 facet normal  0.000000e+00  0.000000e+00  1.000000e+00
   outer loop
     vertex  1.366409e+01 -3.048382e+00  2.250000e+01
     vertex  8.784058e+00 -1.959674e+00  2.250000e+01
     vertex  8.726990e+00 -2.199919e+00  2.250000e+01
   endloop
 endfacet
 facet normal  0.000000e+00  0.000000e+00  1.000000e+00
   outer loop
     vertex  1.366409e+01 -3.048382e+00  2.250000e+01
     vertex  8.834514e+00 -1.717954e+00  2.250000e+01
     vertex  8.784058e+00 -1.959674e+00  2.250000e+01
   endloop
 endfacet
 facet normal  0.000000e+00  0.000000e+00  1.000000e+00
   outer loop
     vertex  1.366409e+01 -3.048382e+00  2.250000e+01
     vertex  8.726990e+00 -2.199919e+00  2.250000e+01
     vertex  1.357532e+01 -3.422096e+00  2.250000e+01
   endloop
 endfacet
 facet normal  0.000000e+00  0.000000e+00  1.000000e+00
   outer loop
     vertex -2.954584e+00  1.368468e+01  2.250000e+01
     vertex -3.328898e+00  1.359847e+01  2.250000e+01
     vertex -2.140006e+00  8.741875e+00  2.250000e+01
   endloop
 endfacet
 facet normal  0.000000e+00  0.000000e+00  1.000000e+00
   outer loop
     vertex -2.954584e+00  1.368468e+01  2.250000e+01
     vertex -1.899375e+00  8.797294e+00  2.250000e+01
     vertex -1.657315e+00  8.846090e+00  2.250000e+01
   endloop
 endfacet
 facet normal  0.000000e+00  0.000000e+00  1.000000e+00
   outer loop
     vertex -2.954584e+00  1.368468e+01  2.250000e+01
     vertex -2.140006e+00  8.741875e+00  2.250000e+01
     vertex -1.899375e+00  8.797294e+00  2.250000e+01
   endloop
 endfacet
 facet normal  0.000000e+00  0.000000e+00  1.000000e+00
   outer loop
     vertex  1.374258e+01 -2.672373e+00  2.250000e+01
     vertex  8.834514e+00 -1.717954e+00  2.250000e+01
     vertex  1.366409e+01 -3.048382e+00  2.250000e+01
   endloop
 endfacet
 facet normal  0.000000e+00  0.000000e+00  1.000000e+00
   outer loop
     vertex -2.578046e+00  1.376058e+01  2.250000e+01
     vertex -2.954584e+00  1.368468e+01  2.250000e+01
     vertex -1.657315e+00  8.846090e+00  2.250000e+01
   endloop
 endfacet
 facet normal  0.000000e+00  0.000000e+00  1.000000e+00
   outer loop
     vertex  1.381072e+01 -2.294353e+00  2.250000e+01
     vertex  8.834514e+00 -1.717954e+00  2.250000e+01
     vertex  1.374258e+01 -2.672373e+00  2.250000e+01
   endloop
 endfacet
 facet normal  0.000000e+00  0.000000e+00  1.000000e+00
   outer loop
     vertex  1.381072e+01 -2.294353e+00  2.250000e+01
     vertex  8.878319e+00 -1.474941e+00  2.250000e+01
     vertex  8.834514e+00 -1.717954e+00  2.250000e+01
   endloop
 endfacet
 facet normal  0.000000e+00  0.000000e+00  1.000000e+00
   outer loop
     vertex  1.381072e+01 -2.294353e+00  2.250000e+01
     vertex  8.915441e+00 -1.230818e+00  2.250000e+01
     vertex  8.878319e+00 -1.474941e+00  2.250000e+01
   endloop
 endfacet
 facet normal  0.000000e+00  0.000000e+00  1.000000e+00
   outer loop
     vertex -2.199567e+00  1.382613e+01  2.250000e+01
     vertex -2.578046e+00  1.376058e+01  2.250000e+01
     vertex -1.657315e+00  8.846090e+00  2.250000e+01
   endloop
 endfacet
 facet normal  0.000000e+00  0.000000e+00  1.000000e+00
   outer loop
     vertex -2.199567e+00  1.382613e+01  2.250000e+01
     vertex -1.657315e+00  8.846090e+00  2.250000e+01
     vertex -1.414007e+00  8.888227e+00  2.250000e+01
   endloop
 endfacet
 facet normal  0.000000e+00  0.000000e+00  1.000000e+00
   outer loop
     vertex  1.386846e+01 -1.914606e+00  2.250000e+01
     vertex  8.915441e+00 -1.230818e+00  2.250000e+01
     vertex  1.381072e+01 -2.294353e+00  2.250000e+01
   endloop
 endfacet
 facet normal  0.000000e+00  0.000000e+00  1.000000e+00
   outer loop
     vertex  1.386846e+01 -1.914606e+00  2.250000e+01
     vertex  8.945852e+00 -9.857679e-01  2.250000e+01
     vertex  8.915441e+00 -1.230818e+00  2.250000e+01
   endloop
 endfacet
 facet normal  0.000000e+00  0.000000e+00  1.000000e+00
   outer loop
     vertex -1.819432e+00  1.388127e+01  2.250000e+01
     vertex -2.199567e+00  1.382613e+01  2.250000e+01
     vertex -1.414007e+00  8.888227e+00  2.250000e+01
   endloop
 endfacet
 facet normal  0.000000e+00  0.000000e+00  1.000000e+00
   outer loop
     vertex -1.819432e+00  1.388127e+01  2.250000e+01
     vertex -1.414007e+00  8.888227e+00  2.250000e+01
     vertex -1.169635e+00  8.923674e+00  2.250000e+01
   endloop
 endfacet
 facet normal  0.000000e+00  0.000000e+00  1.000000e+00
   outer loop
     vertex  1.391577e+01 -1.533417e+00  2.250000e+01
     vertex  8.969528e+00 -7.399760e-01  2.250000e+01
     vertex  8.945852e+00 -9.857679e-01  2.250000e+01
   endloop
 endfacet
 facet normal  0.000000e+00  0.000000e+00  1.000000e+00
   outer loop
     vertex  1.391577e+01 -1.533417e+00  2.250000e+01
     vertex  8.945852e+00 -9.857679e-01  2.250000e+01
     vertex  1.386846e+01 -1.914606e+00  2.250000e+01
   endloop
 endfacet
 facet normal  0.000000e+00  0.000000e+00  1.000000e+00
   outer loop
     vertex -1.437928e+00  1.392596e+01  2.250000e+01
     vertex -1.819432e+00  1.388127e+01  2.250000e+01
     vertex -1.169635e+00  8.923674e+00  2.250000e+01
   endloop
 endfacet
 facet normal  0.000000e+00  0.000000e+00  1.000000e+00
   outer loop
     vertex -1.437928e+00  1.392596e+01  2.250000e+01
     vertex -9.243823e-01  8.952403e+00  2.250000e+01
     vertex -6.784337e-01  8.974393e+00  2.250000e+01
   endloop
 endfacet
 facet normal  0.000000e+00  0.000000e+00  1.000000e+00
   outer loop
     vertex -1.437928e+00  1.392596e+01  2.250000e+01
     vertex -1.169635e+00  8.923674e+00  2.250000e+01
     vertex -9.243823e-01  8.952403e+00  2.250000e+01
   endloop
 endfacet
 facet normal  0.000000e+00  0.000000e+00  1.000000e+00
   outer loop
     vertex  1.395260e+01 -1.151074e+00  2.250000e+01
     vertex  8.986453e+00 -4.936270e-01  2.250000e+01
     vertex  8.969528e+00 -7.399760e-01  2.250000e+01
   endloop
 endfacet
 facet normal  0.000000e+00  0.000000e+00  1.000000e+00
   outer loop
     vertex  1.395260e+01 -1.151074e+00  2.250000e+01
     vertex  8.969528e+00 -7.399760e-01  2.250000e+01
     vertex  1.391577e+01 -1.533417e+00  2.250000e+01
   endloop
 endfacet
 facet normal  0.000000e+00  0.000000e+00  1.000000e+00
   outer loop
     vertex -1.055341e+00  1.396017e+01  2.250000e+01
     vertex -1.437928e+00  1.392596e+01  2.250000e+01
     vertex -6.784337e-01  8.974393e+00  2.250000e+01
   endloop
 endfacet
 facet normal  0.000000e+00  0.000000e+00  1.000000e+00
   outer loop
     vertex  1.397893e+01 -7.678642e-01  2.250000e+01
     vertex  8.986453e+00 -4.936270e-01  2.250000e+01
     vertex  1.395260e+01 -1.151074e+00  2.250000e+01
   endloop
 endfacet
 facet normal  0.000000e+00  0.000000e+00  1.000000e+00
   outer loop
     vertex -6.719602e-01  1.398386e+01  2.250000e+01
     vertex -1.055341e+00  1.396017e+01  2.250000e+01
     vertex -6.784337e-01  8.974393e+00  2.250000e+01
   endloop
 endfacet
 facet normal  0.000000e+00  0.000000e+00  1.000000e+00
   outer loop
     vertex -6.719602e-01  1.398386e+01  2.250000e+01
     vertex -4.319744e-01  8.989627e+00  2.250000e+01
     vertex -1.851900e-01  8.998095e+00  2.250000e+01
   endloop
 endfacet
 facet normal  0.000000e+00  0.000000e+00  1.000000e+00
   outer loop
     vertex -6.719602e-01  1.398386e+01  2.250000e+01
     vertex -6.784337e-01  8.974393e+00  2.250000e+01
     vertex -4.319744e-01  8.989627e+00  2.250000e+01
   endloop
 endfacet
 facet normal  0.000000e+00  0.000000e+00  1.000000e+00
   outer loop
     vertex  1.399473e+01 -3.840767e-01  2.250000e+01
     vertex  8.986453e+00 -4.936270e-01  2.250000e+01
     vertex  1.397893e+01 -7.678642e-01  2.250000e+01
   endloop
 endfacet
 facet normal  0.000000e+00  0.000000e+00  1.000000e+00
   outer loop
     vertex  1.399473e+01 -3.840767e-01  2.250000e+01
     vertex  8.996613e+00 -2.469064e-01  2.250000e+01
     vertex  8.986453e+00 -4.936270e-01  2.250000e+01
   endloop
 endfacet
 facet normal  0.000000e+00  0.000000e+00  1.000000e+00
   outer loop
     vertex  1.399473e+01 -3.840767e-01  2.250000e+01
     vertex  9.000000e+00 -2.204364e-15  2.250000e+01
     vertex  8.996613e+00 -2.469064e-01  2.250000e+01
   endloop
 endfacet
 facet normal  0.000000e+00  0.000000e+00  1.000000e+00
   outer loop
     vertex -2.880733e-01  1.399704e+01  2.250000e+01
     vertex -6.719602e-01  1.398386e+01  2.250000e+01
     vertex -1.851900e-01  8.998095e+00  2.250000e+01
   endloop
 endfacet
 facet normal  0.000000e+00  0.000000e+00  1.000000e+00
   outer loop
     vertex  1.400000e+01 -3.429011e-15  2.250000e+01
     vertex  9.000000e+00 -2.204364e-15  2.250000e+01
     vertex  1.399473e+01 -3.840767e-01  2.250000e+01
   endloop
 endfacet
 facet normal  0.000000e+00  0.000000e+00  1.000000e+00
   outer loop
     vertex  9.603046e-02  1.399967e+01  2.250000e+01
     vertex -2.880733e-01  1.399704e+01  2.250000e+01
     vertex -1.851900e-01  8.998095e+00  2.250000e+01
   endloop
 endfacet
 facet normal  0.000000e+00  0.000000e+00  1.000000e+00
   outer loop
     vertex  9.603046e-02  1.399967e+01  2.250000e+01
     vertex -1.851900e-01  8.998095e+00  2.250000e+01
     vertex  6.173387e-02  8.999788e+00  2.250000e+01
   endloop
 endfacet
 facet normal  0.000000e+00  0.000000e+00  1.000000e+00
   outer loop
     vertex  1.399473e+01  3.840767e-01  2.250000e+01
     vertex  9.000000e+00 -2.204364e-15  2.250000e+01
     vertex  1.400000e+01 -3.429011e-15  2.250000e+01
   endloop
 endfacet
 facet normal  0.000000e+00  0.000000e+00  1.000000e+00
   outer loop
     vertex  1.399473e+01  3.840767e-01  2.250000e+01
     vertex  8.996613e+00  2.469064e-01  2.250000e+01
     vertex  9.000000e+00 -2.204364e-15  2.250000e+01
   endloop
 endfacet
 facet normal  0.000000e+00  0.000000e+00  1.000000e+00
   outer loop
     vertex  4.800620e-01  1.399177e+01  2.250000e+01
     vertex  9.603046e-02  1.399967e+01  2.250000e+01
     vertex  6.173387e-02  8.999788e+00  2.250000e+01
   endloop
 endfacet
 facet normal  0.000000e+00  0.000000e+00  1.000000e+00
   outer loop
     vertex  4.800620e-01  1.399177e+01  2.250000e+01
     vertex  6.173387e-02  8.999788e+00  2.250000e+01
     vertex  3.086113e-01  8.994707e+00  2.250000e+01
   endloop
 endfacet
 facet normal  0.000000e+00  0.000000e+00  1.000000e+00
   outer loop
     vertex  1.397893e+01  7.678642e-01  2.250000e+01
     vertex  8.986453e+00  4.936270e-01  2.250000e+01
     vertex  8.996613e+00  2.469064e-01  2.250000e+01
   endloop
 endfacet
 facet normal  0.000000e+00  0.000000e+00  1.000000e+00
   outer loop
     vertex  1.397893e+01  7.678642e-01  2.250000e+01
     vertex  8.996613e+00  2.469064e-01  2.250000e+01
     vertex  1.399473e+01  3.840767e-01  2.250000e+01
   endloop
 endfacet
 facet normal  0.000000e+00  0.000000e+00  1.000000e+00
   outer loop
     vertex  8.637321e-01  1.397333e+01  2.250000e+01
     vertex  4.800620e-01  1.399177e+01  2.250000e+01
     vertex  3.086113e-01  8.994707e+00  2.250000e+01
   endloop
 endfacet
 facet normal  0.000000e+00  0.000000e+00  1.000000e+00
   outer loop
     vertex  8.637321e-01  1.397333e+01  2.250000e+01
     vertex  3.086113e-01  8.994707e+00  2.250000e+01
     vertex  5.552563e-01  8.982855e+00  2.250000e+01
   endloop
 endfacet
 facet normal  0.000000e+00  0.000000e+00  1.000000e+00
   outer loop
     vertex  1.395260e+01  1.151074e+00  2.250000e+01
     vertex  8.969528e+00  7.399760e-01  2.250000e+01
     vertex  8.986453e+00  4.936270e-01  2.250000e+01
   endloop
 endfacet
 facet normal  0.000000e+00  0.000000e+00  1.000000e+00
   outer loop
     vertex  1.395260e+01  1.151074e+00  2.250000e+01
     vertex  8.945852e+00  9.857679e-01  2.250000e+01
     vertex  8.969528e+00  7.399760e-01  2.250000e+01
   endloop
 endfacet
 facet normal  0.000000e+00  0.000000e+00  1.000000e+00
   outer loop
     vertex  1.395260e+01  1.151074e+00  2.250000e+01
     vertex  8.986453e+00  4.936270e-01  2.250000e+01
     vertex  1.397893e+01  7.678642e-01  2.250000e+01
   endloop
 endfacet
 facet normal  0.000000e+00  0.000000e+00  1.000000e+00
   outer loop
     vertex  1.246752e+00  1.394438e+01  2.250000e+01
     vertex  8.637321e-01  1.397333e+01  2.250000e+01
     vertex  5.552563e-01  8.982855e+00  2.250000e+01
   endloop
 endfacet
 facet normal  0.000000e+00  0.000000e+00  1.000000e+00
   outer loop
     vertex  1.246752e+00  1.394438e+01  2.250000e+01
     vertex  5.552563e-01  8.982855e+00  2.250000e+01
     vertex  8.014834e-01  8.964241e+00  2.250000e+01
   endloop
 endfacet
 facet normal  0.000000e+00  0.000000e+00  1.000000e+00
   outer loop
     vertex  1.391577e+01  1.533417e+00  2.250000e+01
     vertex  8.945852e+00  9.857679e-01  2.250000e+01
     vertex  1.395260e+01  1.151074e+00  2.250000e+01
   endloop
 endfacet
 facet normal  0.000000e+00  0.000000e+00  1.000000e+00
   outer loop
     vertex  1.628833e+00  1.390492e+01  2.250000e+01
     vertex  1.246752e+00  1.394438e+01  2.250000e+01
     vertex  8.014834e-01  8.964241e+00  2.250000e+01
   endloop
 endfacet
 facet normal  0.000000e+00  0.000000e+00  1.000000e+00
   outer loop
     vertex  1.628833e+00  1.390492e+01  2.250000e+01
     vertex  8.014834e-01  8.964241e+00  2.250000e+01
     vertex  1.047107e+00  8.938879e+00  2.250000e+01
   endloop
 endfacet
 facet normal  0.000000e+00  0.000000e+00  1.000000e+00
   outer loop
     vertex  1.386846e+01  1.914606e+00  2.250000e+01
     vertex  8.915441e+00  1.230818e+00  2.250000e+01
     vertex  8.945852e+00  9.857679e-01  2.250000e+01
   endloop
 endfacet
 facet normal  0.000000e+00  0.000000e+00  1.000000e+00
   outer loop
     vertex  1.386846e+01  1.914606e+00  2.250000e+01
     vertex  8.945852e+00  9.857679e-01  2.250000e+01
     vertex  1.391577e+01  1.533417e+00  2.250000e+01
   endloop
 endfacet
 facet normal  0.000000e+00  0.000000e+00  1.000000e+00
   outer loop
     vertex  2.009689e+00  1.385500e+01  2.250000e+01
     vertex  1.628833e+00  1.390492e+01  2.250000e+01
     vertex  1.047107e+00  8.938879e+00  2.250000e+01
   endloop
 endfacet
 facet normal  0.000000e+00  0.000000e+00  1.000000e+00
   outer loop
     vertex  2.009689e+00  1.385500e+01  2.250000e+01
     vertex  1.291943e+00  8.906789e+00  2.250000e+01
     vertex  1.535806e+00  8.867993e+00  2.250000e+01
   endloop
 endfacet
 facet normal  0.000000e+00  0.000000e+00  1.000000e+00
   outer loop
     vertex  2.009689e+00  1.385500e+01  2.250000e+01
     vertex  1.047107e+00  8.938879e+00  2.250000e+01
     vertex  1.291943e+00  8.906789e+00  2.250000e+01
   endloop
 endfacet
 facet normal  0.000000e+00  0.000000e+00  1.000000e+00
   outer loop
     vertex  1.381072e+01  2.294353e+00  2.250000e+01
     vertex  8.878319e+00  1.474941e+00  2.250000e+01
     vertex  8.915441e+00  1.230818e+00  2.250000e+01
   endloop
 endfacet
 facet normal  0.000000e+00  0.000000e+00  1.000000e+00
   outer loop
     vertex  1.381072e+01  2.294353e+00  2.250000e+01
     vertex  8.915441e+00  1.230818e+00  2.250000e+01
     vertex  1.386846e+01  1.914606e+00  2.250000e+01
   endloop
 endfacet
 facet normal  0.000000e+00  0.000000e+00  1.000000e+00
   outer loop
     vertex  2.389031e+00  1.379466e+01  2.250000e+01
     vertex  2.009689e+00  1.385500e+01  2.250000e+01
     vertex  1.535806e+00  8.867993e+00  2.250000e+01
   endloop
 endfacet
 facet normal  0.000000e+00  0.000000e+00  1.000000e+00
   outer loop
     vertex  1.374258e+01  2.672373e+00  2.250000e+01
     vertex  8.834514e+00  1.717954e+00  2.250000e+01
     vertex  8.878319e+00  1.474941e+00  2.250000e+01
   endloop
 endfacet
 facet normal  0.000000e+00  0.000000e+00  1.000000e+00
   outer loop
     vertex  1.374258e+01  2.672373e+00  2.250000e+01
     vertex  8.878319e+00  1.474941e+00  2.250000e+01
     vertex  1.381072e+01  2.294353e+00  2.250000e+01
   endloop
 endfacet
 facet normal  0.000000e+00  0.000000e+00  1.000000e+00
   outer loop
     vertex  2.766575e+00  1.372392e+01  2.250000e+01
     vertex  2.389031e+00  1.379466e+01  2.250000e+01
     vertex  1.535806e+00  8.867993e+00  2.250000e+01
   endloop
 endfacet
 facet normal  0.000000e+00  0.000000e+00  1.000000e+00
   outer loop
     vertex  2.766575e+00  1.372392e+01  2.250000e+01
     vertex  1.535806e+00  8.867993e+00  2.250000e+01
     vertex  1.778513e+00  8.822522e+00  2.250000e+01
   endloop
 endfacet
 facet normal  0.000000e+00  0.000000e+00  1.000000e+00
   outer loop
     vertex  1.366409e+01  3.048382e+00  2.250000e+01
     vertex  8.784058e+00  1.959674e+00  2.250000e+01
     vertex  8.834514e+00  1.717954e+00  2.250000e+01
   endloop
 endfacet
 facet normal  0.000000e+00  0.000000e+00  1.000000e+00
   outer loop
     vertex  1.366409e+01  3.048382e+00  2.250000e+01
     vertex  8.834514e+00  1.717954e+00  2.250000e+01
     vertex  1.374258e+01  2.672373e+00  2.250000e+01
   endloop
 endfacet
 facet normal  0.000000e+00  0.000000e+00  1.000000e+00
   outer loop
     vertex  3.142037e+00  1.364286e+01  2.250000e+01
     vertex  2.019881e+00  8.770409e+00  2.250000e+01
     vertex  2.259728e+00  8.711695e+00  2.250000e+01
   endloop
 endfacet
 facet normal  0.000000e+00  0.000000e+00  1.000000e+00
   outer loop
     vertex  3.142037e+00  1.364286e+01  2.250000e+01
     vertex  1.778513e+00  8.822522e+00  2.250000e+01
     vertex  2.019881e+00  8.770409e+00  2.250000e+01
   endloop
 endfacet
 facet normal  0.000000e+00  0.000000e+00  1.000000e+00
   outer loop
     vertex  3.142037e+00  1.364286e+01  2.250000e+01
     vertex  2.766575e+00  1.372392e+01  2.250000e+01
     vertex  1.778513e+00  8.822522e+00  2.250000e+01
   endloop
 endfacet
 facet normal  0.000000e+00  0.000000e+00  1.000000e+00
   outer loop
     vertex  1.357532e+01  3.422096e+00  2.250000e+01
     vertex  8.726990e+00  2.199919e+00  2.250000e+01
     vertex  8.784058e+00  1.959674e+00  2.250000e+01
   endloop
 endfacet
 facet normal  0.000000e+00  0.000000e+00  1.000000e+00
   outer loop
     vertex  1.357532e+01  3.422096e+00  2.250000e+01
     vertex  8.784058e+00  1.959674e+00  2.250000e+01
     vertex  1.366409e+01  3.048382e+00  2.250000e+01
   endloop
 endfacet
 facet normal  0.000000e+00  0.000000e+00  1.000000e+00
   outer loop
     vertex  3.515133e+00  1.355153e+01  2.250000e+01
     vertex  3.142037e+00  1.364286e+01  2.250000e+01
     vertex  2.259728e+00  8.711695e+00  2.250000e+01
   endloop
 endfacet
 facet normal  0.000000e+00  0.000000e+00  1.000000e+00
   outer loop
     vertex  1.347633e+01  3.793234e+00  2.250000e+01
     vertex  8.663353e+00  2.438507e+00  2.250000e+01
     vertex  8.726990e+00  2.199919e+00  2.250000e+01
   endloop
 endfacet
 facet normal  0.000000e+00  0.000000e+00  1.000000e+00
   outer loop
     vertex  1.347633e+01  3.793234e+00  2.250000e+01
     vertex  8.593194e+00  2.675261e+00  2.250000e+01
     vertex  8.663353e+00  2.438507e+00  2.250000e+01
   endloop
 endfacet
 facet normal  0.000000e+00  0.000000e+00  1.000000e+00
   outer loop
     vertex  1.347633e+01  3.793234e+00  2.250000e+01
     vertex  8.726990e+00  2.199919e+00  2.250000e+01
     vertex  1.357532e+01  3.422096e+00  2.250000e+01
   endloop
 endfacet
 facet normal  0.000000e+00  0.000000e+00  1.000000e+00
   outer loop
     vertex  3.885583e+00  1.344999e+01  2.250000e+01
     vertex  3.515133e+00  1.355153e+01  2.250000e+01
     vertex  2.259728e+00  8.711695e+00  2.250000e+01
   endloop
 endfacet
 facet normal  0.000000e+00  0.000000e+00  1.000000e+00
   outer loop
     vertex  3.885583e+00  1.344999e+01  2.250000e+01
     vertex  2.259728e+00  8.711695e+00  2.250000e+01
     vertex  2.497875e+00  8.646422e+00  2.250000e+01
   endloop
 endfacet
 facet normal  0.000000e+00  0.000000e+00  1.000000e+00
   outer loop
     vertex  1.336719e+01  4.161516e+00  2.250000e+01
     vertex  8.593194e+00  2.675261e+00  2.250000e+01
     vertex  1.347633e+01  3.793234e+00  2.250000e+01
   endloop
 endfacet
 facet normal  0.000000e+00  0.000000e+00  1.000000e+00
   outer loop
     vertex  4.253108e+00  1.333833e+01  2.250000e+01
     vertex  2.497875e+00  8.646422e+00  2.250000e+01
     vertex  2.734141e+00  8.574641e+00  2.250000e+01
   endloop
 endfacet
 facet normal  0.000000e+00  0.000000e+00  1.000000e+00
   outer loop
     vertex  4.253108e+00  1.333833e+01  2.250000e+01
     vertex  3.885583e+00  1.344999e+01  2.250000e+01
     vertex  2.497875e+00  8.646422e+00  2.250000e+01
   endloop
 endfacet
 facet normal  0.000000e+00  0.000000e+00  1.000000e+00
   outer loop
     vertex  1.324799e+01  4.526666e+00  2.250000e+01
     vertex  8.516566e+00  2.910000e+00  2.250000e+01
     vertex  8.593194e+00  2.675261e+00  2.250000e+01
   endloop
 endfacet
 facet normal  0.000000e+00  0.000000e+00  1.000000e+00
   outer loop
     vertex  1.324799e+01  4.526666e+00  2.250000e+01
     vertex  8.593194e+00  2.675261e+00  2.250000e+01
     vertex  1.336719e+01  4.161516e+00  2.250000e+01
   endloop
 endfacet
 facet normal  0.000000e+00  0.000000e+00  1.000000e+00
   outer loop
     vertex  4.617432e+00  1.321663e+01  2.250000e+01
     vertex  2.734141e+00  8.574641e+00  2.250000e+01
     vertex  2.968349e+00  8.496405e+00  2.250000e+01
   endloop
 endfacet
 facet normal  0.000000e+00  0.000000e+00  1.000000e+00
   outer loop
     vertex  4.617432e+00  1.321663e+01  2.250000e+01
     vertex  4.253108e+00  1.333833e+01  2.250000e+01
     vertex  2.734141e+00  8.574641e+00  2.250000e+01
   endloop
 endfacet
 facet normal  0.000000e+00  0.000000e+00  1.000000e+00
   outer loop
     vertex  1.311882e+01  4.888408e+00  2.250000e+01
     vertex  8.433528e+00  3.142548e+00  2.250000e+01
     vertex  8.516566e+00  2.910000e+00  2.250000e+01
   endloop
 endfacet
 facet normal  0.000000e+00  0.000000e+00  1.000000e+00
   outer loop
     vertex  1.311882e+01  4.888408e+00  2.250000e+01
     vertex  8.344141e+00  3.372731e+00  2.250000e+01
     vertex  8.433528e+00  3.142548e+00  2.250000e+01
   endloop
 endfacet
 facet normal  0.000000e+00  0.000000e+00  1.000000e+00
   outer loop
     vertex  1.311882e+01  4.888408e+00  2.250000e+01
     vertex  8.516566e+00  2.910000e+00  2.250000e+01
     vertex  1.324799e+01  4.526666e+00  2.250000e+01
   endloop
 endfacet
 facet normal  0.000000e+00  0.000000e+00  1.000000e+00
   outer loop
     vertex  4.978280e+00  1.308498e+01  2.250000e+01
     vertex  4.617432e+00  1.321663e+01  2.250000e+01
     vertex  2.968349e+00  8.496405e+00  2.250000e+01
   endloop
 endfacet
 facet normal  0.000000e+00  0.000000e+00  1.000000e+00
   outer loop
     vertex  4.978280e+00  1.308498e+01  2.250000e+01
     vertex  2.968349e+00  8.496405e+00  2.250000e+01
     vertex  3.200323e+00  8.411774e+00  2.250000e+01
   endloop
 endfacet
 facet normal  0.000000e+00  0.000000e+00  1.000000e+00
   outer loop
     vertex  1.297977e+01  5.246471e+00  2.250000e+01
     vertex  8.344141e+00  3.372731e+00  2.250000e+01
     vertex  1.311882e+01  4.888408e+00  2.250000e+01
   endloop
 endfacet
 facet normal  0.000000e+00  0.000000e+00  1.000000e+00
   outer loop
     vertex  5.335380e+00  1.294348e+01  2.250000e+01
     vertex  4.978280e+00  1.308498e+01  2.250000e+01
     vertex  3.200323e+00  8.411774e+00  2.250000e+01
   endloop
 endfacet
 facet normal  0.000000e+00  0.000000e+00  1.000000e+00
   outer loop
     vertex  5.335380e+00  1.294348e+01  2.250000e+01
     vertex  3.200323e+00  8.411774e+00  2.250000e+01
     vertex  3.429887e+00  8.320810e+00  2.250000e+01
   endloop
 endfacet
 facet normal  0.000000e+00  0.000000e+00  1.000000e+00
   outer loop
     vertex  1.283096e+01  5.600584e+00  2.250000e+01
     vertex  8.344141e+00  3.372731e+00  2.250000e+01
     vertex  1.297977e+01  5.246471e+00  2.250000e+01
   endloop
 endfacet
 facet normal  0.000000e+00  0.000000e+00  1.000000e+00
   outer loop
     vertex  1.283096e+01  5.600584e+00  2.250000e+01
     vertex  8.248472e+00  3.600375e+00  2.250000e+01
     vertex  8.344141e+00  3.372731e+00  2.250000e+01
   endloop
 endfacet
 facet normal  0.000000e+00  0.000000e+00  1.000000e+00
   outer loop
     vertex  1.283096e+01  5.600584e+00  2.250000e+01
     vertex  8.146595e+00  3.825309e+00  2.250000e+01
     vertex  8.248472e+00  3.600375e+00  2.250000e+01
   endloop
 endfacet
 facet normal  0.000000e+00  0.000000e+00  1.000000e+00
   outer loop
     vertex  5.688464e+00  1.279224e+01  2.250000e+01
     vertex  5.335380e+00  1.294348e+01  2.250000e+01
     vertex  3.429887e+00  8.320810e+00  2.250000e+01
   endloop
 endfacet
 facet normal  0.000000e+00  0.000000e+00  1.000000e+00
   outer loop
     vertex  5.688464e+00  1.279224e+01  2.250000e+01
     vertex  3.429887e+00  8.320810e+00  2.250000e+01
     vertex  3.656870e+00  8.223582e+00  2.250000e+01
   endloop
 endfacet
 facet normal  0.000000e+00  0.000000e+00  1.000000e+00
   outer loop
     vertex  1.267248e+01  5.950481e+00  2.250000e+01
     vertex  8.146595e+00  3.825309e+00  2.250000e+01
     vertex  1.283096e+01  5.600584e+00  2.250000e+01
   endloop
 endfacet
 facet normal  0.000000e+00  0.000000e+00  1.000000e+00
   outer loop
     vertex  1.267248e+01  5.950481e+00  2.250000e+01
     vertex  8.038585e+00  4.047364e+00  2.250000e+01
     vertex  8.146595e+00  3.825309e+00  2.250000e+01
   endloop
 endfacet
 facet normal  0.000000e+00  0.000000e+00  1.000000e+00
   outer loop
     vertex  6.037266e+00  1.263137e+01  2.250000e+01
     vertex  5.688464e+00  1.279224e+01  2.250000e+01
     vertex  3.656870e+00  8.223582e+00  2.250000e+01
   endloop
 endfacet
 facet normal  0.000000e+00  0.000000e+00  1.000000e+00
   outer loop
     vertex  6.037266e+00  1.263137e+01  2.250000e+01
     vertex  3.656870e+00  8.223582e+00  2.250000e+01
     vertex  3.881099e+00  8.120164e+00  2.250000e+01
   endloop
 endfacet
 facet normal  0.000000e+00  0.000000e+00  1.000000e+00
   outer loop
     vertex  1.250447e+01  6.295899e+00  2.250000e+01
     vertex  8.038585e+00  4.047364e+00  2.250000e+01
     vertex  1.267248e+01  5.950481e+00  2.250000e+01
   endloop
 endfacet
 facet normal  0.000000e+00  0.000000e+00  1.000000e+00
   outer loop
     vertex  6.381523e+00  1.246099e+01  2.250000e+01
     vertex  6.037266e+00  1.263137e+01  2.250000e+01
     vertex  3.881099e+00  8.120164e+00  2.250000e+01
   endloop
 endfacet
 facet normal  0.000000e+00  0.000000e+00  1.000000e+00
   outer loop
     vertex  6.381523e+00  1.246099e+01  2.250000e+01
     vertex  4.102408e+00  8.010634e+00  2.250000e+01
     vertex  4.320628e+00  7.895073e+00  2.250000e+01
   endloop
 endfacet
 facet normal  0.000000e+00  0.000000e+00  1.000000e+00
   outer loop
     vertex  6.381523e+00  1.246099e+01  2.250000e+01
     vertex  3.881099e+00  8.120164e+00  2.250000e+01
     vertex  4.102408e+00  8.010634e+00  2.250000e+01
   endloop
 endfacet
 facet normal  0.000000e+00  0.000000e+00  1.000000e+00
   outer loop
     vertex  1.232704e+01  6.636577e+00  2.250000e+01
     vertex  8.038585e+00  4.047364e+00  2.250000e+01
     vertex  1.250447e+01  6.295899e+00  2.250000e+01
   endloop
 endfacet
 facet normal  0.000000e+00  0.000000e+00  1.000000e+00
   outer loop
     vertex  1.232704e+01  6.636577e+00  2.250000e+01
     vertex  7.924524e+00  4.266371e+00  2.250000e+01
     vertex  8.038585e+00  4.047364e+00  2.250000e+01
   endloop
 endfacet
 facet normal  0.000000e+00  0.000000e+00  1.000000e+00
   outer loop
     vertex  6.720976e+00  1.228122e+01  2.250000e+01
     vertex  6.381523e+00  1.246099e+01  2.250000e+01
     vertex  4.320628e+00  7.895073e+00  2.250000e+01
   endloop
 endfacet
 facet normal  0.000000e+00  0.000000e+00  1.000000e+00
   outer loop
     vertex  1.214033e+01  6.972260e+00  2.250000e+01
     vertex  7.924524e+00  4.266371e+00  2.250000e+01
     vertex  1.232704e+01  6.636577e+00  2.250000e+01
   endloop
 endfacet
 facet normal  0.000000e+00  0.000000e+00  1.000000e+00
   outer loop
     vertex  1.214033e+01  6.972260e+00  2.250000e+01
     vertex  7.804497e+00  4.482167e+00  2.250000e+01
     vertex  7.924524e+00  4.266371e+00  2.250000e+01
   endloop
 endfacet
 facet normal  0.000000e+00  0.000000e+00  1.000000e+00
   outer loop
     vertex  7.055370e+00  1.209222e+01  2.250000e+01
     vertex  6.720976e+00  1.228122e+01  2.250000e+01
     vertex  4.320628e+00  7.895073e+00  2.250000e+01
   endloop
 endfacet
 facet normal  0.000000e+00  0.000000e+00  1.000000e+00
   outer loop
     vertex  7.055370e+00  1.209222e+01  2.250000e+01
     vertex  4.320628e+00  7.895073e+00  2.250000e+01
     vertex  4.535595e+00  7.773569e+00  2.250000e+01
   endloop
 endfacet
 facet normal  0.000000e+00  0.000000e+00  1.000000e+00
   outer loop
     vertex  1.194448e+01  7.302694e+00  2.250000e+01
     vertex  7.804497e+00  4.482167e+00  2.250000e+01
     vertex  1.214033e+01  6.972260e+00  2.250000e+01
   endloop
 endfacet
 facet normal  0.000000e+00  0.000000e+00  1.000000e+00
   outer loop
     vertex  1.194448e+01  7.302694e+00  2.250000e+01
     vertex  7.678596e+00  4.694589e+00  2.250000e+01
     vertex  7.804497e+00  4.482167e+00  2.250000e+01
   endloop
 endfacet
 facet normal  0.000000e+00  0.000000e+00  1.000000e+00
   outer loop
     vertex  1.194448e+01  7.302694e+00  2.250000e+01
     vertex  7.546914e+00  4.903477e+00  2.250000e+01
     vertex  7.678596e+00  4.694589e+00  2.250000e+01
   endloop
 endfacet
 facet normal  0.000000e+00  0.000000e+00  1.000000e+00
   outer loop
     vertex  7.384453e+00  1.189411e+01  2.250000e+01
     vertex  7.055370e+00  1.209222e+01  2.250000e+01
     vertex  4.535595e+00  7.773569e+00  2.250000e+01
   endloop
 endfacet
 facet normal  0.000000e+00  0.000000e+00  1.000000e+00
   outer loop
     vertex  7.384453e+00  1.189411e+01  2.250000e+01
     vertex  4.747149e+00  7.646214e+00  2.250000e+01
     vertex  4.955128e+00  7.513102e+00  2.250000e+01
   endloop
 endfacet
 facet normal  0.000000e+00  0.000000e+00  1.000000e+00
   outer loop
     vertex  7.384453e+00  1.189411e+01  2.250000e+01
     vertex  4.535595e+00  7.773569e+00  2.250000e+01
     vertex  4.747149e+00  7.646214e+00  2.250000e+01
   endloop
 endfacet
 facet normal  0.000000e+00  0.000000e+00  1.000000e+00
   outer loop
     vertex  1.173964e+01  7.627631e+00  2.250000e+01
     vertex  7.546914e+00  4.903477e+00  2.250000e+01
     vertex  1.194448e+01  7.302694e+00  2.250000e+01
   endloop
 endfacet
 facet normal  0.000000e+00  0.000000e+00  1.000000e+00
   outer loop
     vertex  1.173964e+01  7.627631e+00  2.250000e+01
     vertex  7.409551e+00  5.108674e+00  2.250000e+01
     vertex  7.546914e+00  4.903477e+00  2.250000e+01
   endloop
 endfacet
 facet normal  0.000000e+00  0.000000e+00  1.000000e+00
   outer loop
     vertex  7.707977e+00  1.168705e+01  2.250000e+01
     vertex  7.384453e+00  1.189411e+01  2.250000e+01
     vertex  4.955128e+00  7.513102e+00  2.250000e+01
   endloop
 endfacet
 facet normal  0.000000e+00  0.000000e+00  1.000000e+00
   outer loop
     vertex  1.152597e+01  7.946826e+00  2.250000e+01
     vertex  7.409551e+00  5.108674e+00  2.250000e+01
     vertex  1.173964e+01  7.627631e+00  2.250000e+01
   endloop
 endfacet
 facet normal  0.000000e+00  0.000000e+00  1.000000e+00
   outer loop
     vertex  8.025699e+00  1.147119e+01  2.250000e+01
     vertex  7.707977e+00  1.168705e+01  2.250000e+01
     vertex  4.955128e+00  7.513102e+00  2.250000e+01
   endloop
 endfacet
 facet normal  0.000000e+00  0.000000e+00  1.000000e+00
   outer loop
     vertex  8.025699e+00  1.147119e+01  2.250000e+01
     vertex  4.955128e+00  7.513102e+00  2.250000e+01
     vertex  5.159378e+00  7.374335e+00  2.250000e+01
   endloop
 endfacet
 facet normal  0.000000e+00  0.000000e+00  1.000000e+00
   outer loop
     vertex  1.130362e+01  8.260039e+00  2.250000e+01
     vertex  7.409551e+00  5.108674e+00  2.250000e+01
     vertex  1.152597e+01  7.946826e+00  2.250000e+01
   endloop
 endfacet
 facet normal  0.000000e+00  0.000000e+00  1.000000e+00
   outer loop
     vertex  1.130362e+01  8.260039e+00  2.250000e+01
     vertex  7.266611e+00  5.310025e+00  2.250000e+01
     vertex  7.409551e+00  5.108674e+00  2.250000e+01
   endloop
 endfacet
 facet normal  0.000000e+00  0.000000e+00  1.000000e+00
   outer loop
     vertex  8.337380e+00  1.124669e+01  2.250000e+01
     vertex  8.025699e+00  1.147119e+01  2.250000e+01
     vertex  5.159378e+00  7.374335e+00  2.250000e+01
   endloop
 endfacet
 facet normal  0.000000e+00  0.000000e+00  1.000000e+00
   outer loop
     vertex  8.337380e+00  1.124669e+01  2.250000e+01
     vertex  5.159378e+00  7.374335e+00  2.250000e+01
     vertex  5.359744e+00  7.230017e+00  2.250000e+01
   endloop
 endfacet
 facet normal  0.000000e+00  0.000000e+00  1.000000e+00
   outer loop
     vertex  1.107276e+01  8.567034e+00  2.250000e+01
     vertex  7.266611e+00  5.310025e+00  2.250000e+01
     vertex  1.130362e+01  8.260039e+00  2.250000e+01
   endloop
 endfacet
 facet normal  0.000000e+00  0.000000e+00  1.000000e+00
   outer loop
     vertex  1.107276e+01  8.567034e+00  2.250000e+01
     vertex  7.118200e+00  5.507379e+00  2.250000e+01
     vertex  7.266611e+00  5.310025e+00  2.250000e+01
   endloop
 endfacet
 facet normal  0.000000e+00  0.000000e+00  1.000000e+00
   outer loop
     vertex  1.107276e+01  8.567034e+00  2.250000e+01
     vertex  6.964432e+00  5.700587e+00  2.250000e+01
     vertex  7.118200e+00  5.507379e+00  2.250000e+01
   endloop
 endfacet
 facet normal  0.000000e+00  0.000000e+00  1.000000e+00
   outer loop
     vertex  8.642784e+00  1.101373e+01  2.250000e+01
     vertex  8.337380e+00  1.124669e+01  2.250000e+01
     vertex  5.359744e+00  7.230017e+00  2.250000e+01
   endloop
 endfacet
 facet normal  0.000000e+00  0.000000e+00  1.000000e+00
   outer loop
     vertex  8.642784e+00  1.101373e+01  2.250000e+01
     vertex  5.556075e+00  7.080256e+00  2.250000e+01
     vertex  5.748224e+00  6.925166e+00  2.250000e+01
   endloop
 endfacet
 facet normal  0.000000e+00  0.000000e+00  1.000000e+00
   outer loop
     vertex  8.642784e+00  1.101373e+01  2.250000e+01
     vertex  5.359744e+00  7.230017e+00  2.250000e+01
     vertex  5.556075e+00  7.080256e+00  2.250000e+01
   endloop
 endfacet
 facet normal  0.000000e+00  0.000000e+00  1.000000e+00
   outer loop
     vertex  1.083356e+01  8.867580e+00  2.250000e+01
     vertex  6.964432e+00  5.700587e+00  2.250000e+01
     vertex  1.107276e+01  8.567034e+00  2.250000e+01
   endloop
 endfacet
 facet normal  0.000000e+00  0.000000e+00  1.000000e+00
   outer loop
     vertex  8.941682e+00  1.077248e+01  2.250000e+01
     vertex  8.642784e+00  1.101373e+01  2.250000e+01
     vertex  5.748224e+00  6.925166e+00  2.250000e+01
   endloop
 endfacet
 facet normal  0.000000e+00  0.000000e+00  1.000000e+00
   outer loop
     vertex  1.058621e+01  9.161451e+00  2.250000e+01
     vertex  6.805420e+00  5.889504e+00  2.250000e+01
     vertex  6.964432e+00  5.700587e+00  2.250000e+01
   endloop
 endfacet
 facet normal  0.000000e+00  0.000000e+00  1.000000e+00
   outer loop
     vertex  1.058621e+01  9.161451e+00  2.250000e+01
     vertex  6.964432e+00  5.700587e+00  2.250000e+01
     vertex  1.083356e+01  8.867580e+00  2.250000e+01
   endloop
 endfacet
 facet normal  0.000000e+00  0.000000e+00  1.000000e+00
   outer loop
     vertex  9.233849e+00  1.052312e+01  2.250000e+01
     vertex  8.941682e+00  1.077248e+01  2.250000e+01
     vertex  5.748224e+00  6.925166e+00  2.250000e+01
   endloop
 endfacet
 facet normal  0.000000e+00  0.000000e+00  1.000000e+00
   outer loop
     vertex  9.233849e+00  1.052312e+01  2.250000e+01
     vertex  5.748224e+00  6.925166e+00  2.250000e+01
     vertex  5.936046e+00  6.764862e+00  2.250000e+01
   endloop
 endfacet
 facet normal  0.000000e+00  0.000000e+00  1.000000e+00
   outer loop
     vertex  1.033089e+01  9.448425e+00  2.250000e+01
     vertex  6.805420e+00  5.889504e+00  2.250000e+01
     vertex  1.058621e+01  9.161451e+00  2.250000e+01
   endloop
 endfacet
 facet normal  0.000000e+00  0.000000e+00  1.000000e+00
   outer loop
     vertex  1.033089e+01  9.448425e+00  2.250000e+01
     vertex  6.641286e+00  6.073988e+00  2.250000e+01
     vertex  6.805420e+00  5.889504e+00  2.250000e+01
   endloop
 endfacet
 facet normal  0.000000e+00  0.000000e+00  1.000000e+00
   outer loop
     vertex  1.033089e+01  9.448425e+00  2.250000e+01
     vertex  6.472152e+00  6.253899e+00  2.250000e+01
     vertex  6.641286e+00  6.073988e+00  2.250000e+01
   endloop
 endfacet
 facet normal  0.000000e+00  0.000000e+00  1.000000e+00
   outer loop
     vertex  9.519066e+00  1.026584e+01  2.250000e+01
     vertex  9.233849e+00  1.052312e+01  2.250000e+01
     vertex  5.936046e+00  6.764862e+00  2.250000e+01
   endloop
 endfacet
 facet normal  0.000000e+00  0.000000e+00  1.000000e+00
   outer loop
     vertex  9.519066e+00  1.026584e+01  2.250000e+01
     vertex  5.936046e+00  6.764862e+00  2.250000e+01
     vertex  6.119399e+00  6.599466e+00  2.250000e+01
   endloop
 endfacet
 facet normal  0.000000e+00  0.000000e+00  1.000000e+00
   outer loop
     vertex  1.006779e+01  9.728287e+00  2.250000e+01
     vertex  6.472152e+00  6.253899e+00  2.250000e+01
     vertex  1.033089e+01  9.448425e+00  2.250000e+01
   endloop
 endfacet
 facet normal  0.000000e+00  0.000000e+00  1.000000e+00
   outer loop
     vertex  9.797116e+00  1.000083e+01  2.250000e+01
     vertex  6.298146e+00  6.429102e+00  2.250000e+01
     vertex  6.472152e+00  6.253899e+00  2.250000e+01
   endloop
 endfacet
 facet normal  0.000000e+00  0.000000e+00  1.000000e+00
   outer loop
     vertex  9.797116e+00  1.000083e+01  2.250000e+01
     vertex  6.119399e+00  6.599466e+00  2.250000e+01
     vertex  6.298146e+00  6.429102e+00  2.250000e+01
   endloop
 endfacet
 facet normal  0.000000e+00  0.000000e+00  1.000000e+00
   outer loop
     vertex  9.797116e+00  1.000083e+01  2.250000e+01
     vertex  9.519066e+00  1.026584e+01  2.250000e+01
     vertex  6.119399e+00  6.599466e+00  2.250000e+01
   endloop
 endfacet
 facet normal  0.000000e+00  0.000000e+00  1.000000e+00
   outer loop
     vertex  9.797116e+00  1.000083e+01  2.250000e+01
     vertex  6.472152e+00  6.253899e+00  2.250000e+01
     vertex  1.006779e+01  9.728287e+00  2.250000e+01
   endloop
 endfacet
 facet normal  0.000000e+00  0.000000e+00 -1.000000e+00
   outer loop
     vertex -1.045953e+01 -9.305814e+00  0.000000e+00
     vertex -9.933389e+00 -9.865485e+00  0.000000e+00
     vertex -1.020030e+01 -9.589258e+00  0.000000e+00
   endloop
 endfacet
 facet normal  0.000000e+00  0.000000e+00 -1.000000e+00
   outer loop
     vertex -9.088621e+00 -1.064880e+01  0.000000e+00
     vertex -9.659000e+00 -1.013428e+01  0.000000e+00
     vertex -9.933389e+00 -9.865485e+00  0.000000e+00
   endloop
 endfacet
 facet normal  0.000000e+00  0.000000e+00 -1.000000e+00
   outer loop
     vertex -9.088621e+00 -1.064880e+01  0.000000e+00
     vertex -9.377340e+00 -1.039546e+01  0.000000e+00
     vertex -9.659000e+00 -1.013428e+01  0.000000e+00
   endloop
 endfacet
 facet normal  0.000000e+00  0.000000e+00 -1.000000e+00
   outer loop
     vertex -8.490881e+00 -1.113126e+01  0.000000e+00
     vertex -9.088621e+00 -1.064880e+01  0.000000e+00
     vertex -9.933389e+00 -9.865485e+00  0.000000e+00
   endloop
 endfacet
 facet normal  0.000000e+00  0.000000e+00 -1.000000e+00
   outer loop
     vertex -8.490881e+00 -1.113126e+01  0.000000e+00
     vertex -8.793060e+00 -1.089413e+01  0.000000e+00
     vertex -9.088621e+00 -1.064880e+01  0.000000e+00
   endloop
 endfacet
 facet normal  0.000000e+00  0.000000e+00 -1.000000e+00
   outer loop
     vertex -1.118924e+01 -8.414328e+00  0.000000e+00
     vertex -1.071089e+01 -9.015364e+00  0.000000e+00
     vertex -1.095419e+01 -8.718127e+00  0.000000e+00
   endloop
 endfacet
 facet normal  0.000000e+00  0.000000e+00 -1.000000e+00
   outer loop
     vertex -1.118924e+01 -8.414328e+00  0.000000e+00
     vertex -1.045953e+01 -9.305814e+00  0.000000e+00
     vertex -1.071089e+01 -9.015364e+00  0.000000e+00
   endloop
 endfacet
 facet normal  0.000000e+00  0.000000e+00 -1.000000e+00
   outer loop
     vertex -1.118924e+01 -8.414328e+00  0.000000e+00
     vertex -9.933389e+00 -9.865485e+00  0.000000e+00
     vertex -1.045953e+01 -9.305814e+00  0.000000e+00
   endloop
 endfacet
 facet normal  0.000000e+00  0.000000e+00 -1.000000e+00
   outer loop
     vertex -7.546926e+00 -1.179169e+01  0.000000e+00
     vertex -8.182309e+00 -1.136001e+01  0.000000e+00
     vertex -8.490881e+00 -1.113126e+01  0.000000e+00
   endloop
 endfacet
 facet normal  0.000000e+00  0.000000e+00 -1.000000e+00
   outer loop
     vertex -7.546926e+00 -1.179169e+01  0.000000e+00
     vertex -7.867579e+00 -1.158021e+01  0.000000e+00
     vertex -8.182309e+00 -1.136001e+01  0.000000e+00
   endloop
 endfacet
 facet normal  0.000000e+00  0.000000e+00 -1.000000e+00
   outer loop
     vertex -7.546926e+00 -1.179169e+01  0.000000e+00
     vertex -8.490881e+00 -1.113126e+01  0.000000e+00
     vertex -9.933389e+00 -9.865485e+00  0.000000e+00
   endloop
 endfacet
 facet normal  0.000000e+00  0.000000e+00 -1.000000e+00
   outer loop
     vertex -1.184318e+01 -7.465865e+00  0.000000e+00
     vertex -1.141587e+01 -8.104195e+00  0.000000e+00
     vertex -1.163390e+01 -7.787961e+00  0.000000e+00
   endloop
 endfacet
 facet normal  0.000000e+00  0.000000e+00 -1.000000e+00
   outer loop
     vertex -1.184318e+01 -7.465865e+00  0.000000e+00
     vertex -1.118924e+01 -8.414328e+00  0.000000e+00
     vertex -1.141587e+01 -8.104195e+00  0.000000e+00
   endloop
 endfacet
 facet normal  0.000000e+00  0.000000e+00 -1.000000e+00
   outer loop
     vertex -1.184318e+01 -7.465865e+00  0.000000e+00
     vertex -9.933389e+00 -9.865485e+00  0.000000e+00
     vertex -1.118924e+01 -8.414328e+00  0.000000e+00
   endloop
 endfacet
 facet normal  0.000000e+00  0.000000e+00 -1.000000e+00
   outer loop
     vertex -1.204354e+01 -7.138149e+00  0.000000e+00
     vertex -9.933389e+00 -9.865485e+00  0.000000e+00
     vertex -1.184318e+01 -7.465865e+00  0.000000e+00
   endloop
 endfacet
 facet normal  0.000000e+00  0.000000e+00 -1.000000e+00
   outer loop
     vertex -6.888821e+00 -1.218787e+01  0.000000e+00
     vertex -7.220591e+00 -1.199429e+01  0.000000e+00
     vertex -7.546926e+00 -1.179169e+01  0.000000e+00
   endloop
 endfacet
 facet normal  0.000000e+00  0.000000e+00 -1.000000e+00
   outer loop
     vertex -6.551866e+00 -1.237227e+01  0.000000e+00
     vertex -6.888821e+00 -1.218787e+01  0.000000e+00
     vertex -7.546926e+00 -1.179169e+01  0.000000e+00
   endloop
 endfacet
 facet normal  0.000000e+00  0.000000e+00 -1.000000e+00
   outer loop
     vertex -1.241692e+01 -6.466847e+00  0.000000e+00
     vertex -1.204354e+01 -7.138149e+00  0.000000e+00
     vertex -1.223483e+01 -6.805059e+00  0.000000e+00
   endloop
 endfacet
 facet normal  0.000000e+00  0.000000e+00 -1.000000e+00
   outer loop
     vertex -1.275292e+01 -5.776076e+00  0.000000e+00
     vertex -1.241692e+01 -6.466847e+00  0.000000e+00
     vertex -1.258966e+01 -6.123766e+00  0.000000e+00
   endloop
 endfacet
 facet normal  0.000000e+00  0.000000e+00 -1.000000e+00
   outer loop
     vertex -5.512441e+00 -1.286907e+01  0.000000e+00
     vertex -6.209979e+00 -1.254736e+01  0.000000e+00
     vertex -6.551866e+00 -1.237227e+01  0.000000e+00
   endloop
 endfacet
 facet normal  0.000000e+00  0.000000e+00 -1.000000e+00
   outer loop
     vertex -5.512441e+00 -1.286907e+01  0.000000e+00
     vertex -5.863416e+00 -1.271300e+01  0.000000e+00
     vertex -6.209979e+00 -1.254736e+01  0.000000e+00
   endloop
 endfacet
 facet normal  0.000000e+00  0.000000e+00 -1.000000e+00
   outer loop
     vertex -5.512441e+00 -1.286907e+01  0.000000e+00
     vertex -6.551866e+00 -1.237227e+01  0.000000e+00
     vertex -7.546926e+00 -1.179169e+01  0.000000e+00
   endloop
 endfacet
 facet normal  0.000000e+00  0.000000e+00 -1.000000e+00
   outer loop
     vertex -1.290658e+01 -5.424038e+00  0.000000e+00
     vertex -1.204354e+01 -7.138149e+00  0.000000e+00
     vertex -1.241692e+01 -6.466847e+00  0.000000e+00
   endloop
 endfacet
 facet normal  0.000000e+00  0.000000e+00 -1.000000e+00
   outer loop
     vertex -1.290658e+01 -5.424038e+00  0.000000e+00
     vertex -1.241692e+01 -6.466847e+00  0.000000e+00
     vertex -1.275292e+01 -5.776076e+00  0.000000e+00
   endloop
 endfacet
 facet normal  0.000000e+00  0.000000e+00 -1.000000e+00
   outer loop
     vertex -1.330884e+01 -4.344500e+00  0.000000e+00
     vertex -1.305053e+01 -5.067917e+00  0.000000e+00
     vertex -1.318465e+01 -4.707980e+00  0.000000e+00
   endloop
 endfacet
 facet normal  0.000000e+00  0.000000e+00 -1.000000e+00
   outer loop
     vertex -1.342302e+01 -3.977749e+00  0.000000e+00
     vertex -1.305053e+01 -5.067917e+00  0.000000e+00
     vertex -1.330884e+01 -4.344500e+00  0.000000e+00
   endloop
 endfacet
 facet normal  0.000000e+00  0.000000e+00 -1.000000e+00
   outer loop
     vertex -3.700706e+00 -1.350203e+01  0.000000e+00
     vertex -4.435687e+00 -1.327873e+01  0.000000e+00
     vertex -4.798307e+00 -1.315204e+01  0.000000e+00
   endloop
 endfacet
 facet normal  0.000000e+00  0.000000e+00 -1.000000e+00
   outer loop
     vertex -3.700706e+00 -1.350203e+01  0.000000e+00
     vertex -4.069729e+00 -1.339542e+01  0.000000e+00
     vertex -4.435687e+00 -1.327873e+01  0.000000e+00
   endloop
 endfacet
 facet normal  0.000000e+00  0.000000e+00 -1.000000e+00
   outer loop
     vertex -3.328898e+00 -1.359847e+01  0.000000e+00
     vertex -3.700706e+00 -1.350203e+01  0.000000e+00
     vertex -4.798307e+00 -1.315204e+01  0.000000e+00
   endloop
 endfacet
 facet normal  0.000000e+00  0.000000e+00 -1.000000e+00
   outer loop
     vertex -3.328898e+00 -1.359847e+01  0.000000e+00
     vertex -4.798307e+00 -1.315204e+01  0.000000e+00
     vertex -5.157315e+00 -1.301546e+01  0.000000e+00
   endloop
 endfacet
 facet normal  0.000000e+00  0.000000e+00 -1.000000e+00
   outer loop
     vertex -1.362099e+01 -3.235543e+00  0.000000e+00
     vertex -1.342302e+01 -3.977749e+00  0.000000e+00
     vertex -1.352710e+01 -3.608004e+00  0.000000e+00
   endloop
 endfacet
 facet normal  0.000000e+00  0.000000e+00 -1.000000e+00
   outer loop
     vertex -2.954584e+00 -1.368468e+01  0.000000e+00
     vertex -3.328898e+00 -1.359847e+01  0.000000e+00
     vertex -5.157315e+00 -1.301546e+01  0.000000e+00
   endloop
 endfacet
 facet normal  0.000000e+00  0.000000e+00 -1.000000e+00
   outer loop
     vertex -2.954584e+00 -1.368468e+01  0.000000e+00
     vertex -5.157315e+00 -1.301546e+01  0.000000e+00
     vertex -5.512441e+00 -1.286907e+01  0.000000e+00
   endloop
 endfacet
 facet normal  0.000000e+00  0.000000e+00 -1.000000e+00
   outer loop
     vertex -2.954584e+00 -1.368468e+01  0.000000e+00
     vertex -5.512441e+00 -1.286907e+01  0.000000e+00
     vertex -7.546926e+00 -1.179169e+01  0.000000e+00
   endloop
 endfacet
 facet normal  0.000000e+00  0.000000e+00 -1.000000e+00
   outer loop
     vertex -1.377794e+01 -2.483597e+00  0.000000e+00
     vertex -1.362099e+01 -3.235543e+00  0.000000e+00
     vertex -1.370462e+01 -2.860647e+00  0.000000e+00
   endloop
 endfacet
 facet normal  0.000000e+00  0.000000e+00 -1.000000e+00
   outer loop
     vertex -1.377794e+01 -2.483597e+00  0.000000e+00
     vertex -1.290658e+01 -5.424038e+00  0.000000e+00
     vertex -1.305053e+01 -5.067917e+00  0.000000e+00
   endloop
 endfacet
 facet normal  0.000000e+00  0.000000e+00 -1.000000e+00
   outer loop
     vertex -1.377794e+01 -2.483597e+00  0.000000e+00
     vertex -1.305053e+01 -5.067917e+00  0.000000e+00
     vertex -1.342302e+01 -3.977749e+00  0.000000e+00
   endloop
 endfacet
 facet normal  0.000000e+00  0.000000e+00 -1.000000e+00
   outer loop
     vertex -1.377794e+01 -2.483597e+00  0.000000e+00
     vertex -1.342302e+01 -3.977749e+00  0.000000e+00
     vertex -1.362099e+01 -3.235543e+00  0.000000e+00
   endloop
 endfacet
 facet normal  0.000000e+00  0.000000e+00 -1.000000e+00
   outer loop
     vertex -2.199567e+00 -1.382613e+01  0.000000e+00
     vertex -2.578046e+00 -1.376058e+01  0.000000e+00
     vertex -2.954584e+00 -1.368468e+01  0.000000e+00
   endloop
 endfacet
 facet normal  0.000000e+00  0.000000e+00 -1.000000e+00
   outer loop
     vertex -1.819432e+00 -1.388127e+01  0.000000e+00
     vertex -2.199567e+00 -1.382613e+01  0.000000e+00
     vertex -2.954584e+00 -1.368468e+01  0.000000e+00
   endloop
 endfacet
 facet normal  0.000000e+00  0.000000e+00 -1.000000e+00
   outer loop
     vertex -1.389342e+01 -1.724173e+00  0.000000e+00
     vertex -1.290658e+01 -5.424038e+00  0.000000e+00
     vertex -1.377794e+01 -2.483597e+00  0.000000e+00
   endloop
 endfacet
 facet normal  0.000000e+00  0.000000e+00 -1.000000e+00
   outer loop
     vertex -1.389342e+01 -1.724173e+00  0.000000e+00
     vertex -1.377794e+01 -2.483597e+00  0.000000e+00
     vertex -1.384089e+01 -2.104677e+00  0.000000e+00
   endloop
 endfacet
 facet normal  0.000000e+00  0.000000e+00 -1.000000e+00
   outer loop
     vertex -1.389342e+01 -1.724173e+00  0.000000e+00
     vertex -1.204354e+01 -7.138149e+00  0.000000e+00
     vertex -1.290658e+01 -5.424038e+00  0.000000e+00
   endloop
 endfacet
 facet normal  0.000000e+00  0.000000e+00 -1.000000e+00
   outer loop
     vertex -1.055341e+00 -1.396017e+01  0.000000e+00
     vertex -1.437928e+00 -1.392596e+01  0.000000e+00
     vertex -1.819432e+00 -1.388127e+01  0.000000e+00
   endloop
 endfacet
 facet normal  0.000000e+00  0.000000e+00 -1.000000e+00
   outer loop
     vertex -1.398814e+01 -5.760247e-01  0.000000e+00
     vertex -1.393550e+01 -1.342372e+00  0.000000e+00
     vertex -1.396708e+01 -9.595593e-01  0.000000e+00
   endloop
 endfacet
 facet normal  0.000000e+00  0.000000e+00 -1.000000e+00
   outer loop
     vertex -2.880733e-01 -1.399704e+01  0.000000e+00
     vertex -6.719602e-01 -1.398386e+01  0.000000e+00
     vertex -1.055341e+00 -1.396017e+01  0.000000e+00
   endloop
 endfacet
 facet normal  0.000000e+00  0.000000e+00 -1.000000e+00
   outer loop
     vertex -1.399868e+01 -1.920564e-01  0.000000e+00
     vertex -1.389342e+01 -1.724173e+00  0.000000e+00
     vertex -1.393550e+01 -1.342372e+00  0.000000e+00
   endloop
 endfacet
 facet normal  0.000000e+00  0.000000e+00 -1.000000e+00
   outer loop
     vertex -1.399868e+01 -1.920564e-01  0.000000e+00
     vertex -1.393550e+01 -1.342372e+00  0.000000e+00
     vertex -1.398814e+01 -5.760247e-01  0.000000e+00
   endloop
 endfacet
 facet normal  0.000000e+00  0.000000e+00 -1.000000e+00
   outer loop
     vertex  4.800620e-01 -1.399177e+01  0.000000e+00
     vertex  9.603046e-02 -1.399967e+01  0.000000e+00
     vertex -2.880733e-01 -1.399704e+01  0.000000e+00
   endloop
 endfacet
 facet normal  0.000000e+00  0.000000e+00 -1.000000e+00
   outer loop
     vertex -1.398814e+01  5.760247e-01  0.000000e+00
     vertex -1.399868e+01 -1.920564e-01  0.000000e+00
     vertex -1.399868e+01  1.920564e-01  0.000000e+00
   endloop
 endfacet
 facet normal  0.000000e+00  0.000000e+00 -1.000000e+00
   outer loop
     vertex -1.396708e+01  9.595593e-01  0.000000e+00
     vertex -1.399868e+01 -1.920564e-01  0.000000e+00
     vertex -1.398814e+01  5.760247e-01  0.000000e+00
   endloop
 endfacet
 facet normal  0.000000e+00  0.000000e+00 -1.000000e+00
   outer loop
     vertex  1.246752e+00 -1.394438e+01  0.000000e+00
     vertex  8.637321e-01 -1.397333e+01  0.000000e+00
     vertex  4.800620e-01 -1.399177e+01  0.000000e+00
   endloop
 endfacet
 facet normal  0.000000e+00 -0.000000e+00 -1.000000e+00
   outer loop
     vertex -1.393550e+01  1.342372e+00  0.000000e+00
     vertex -1.389342e+01 -1.724173e+00  0.000000e+00
     vertex -1.399868e+01 -1.920564e-01  0.000000e+00
   endloop
 endfacet
 facet normal  0.000000e+00  0.000000e+00 -1.000000e+00
   outer loop
     vertex -1.393550e+01  1.342372e+00  0.000000e+00
     vertex -1.204354e+01 -7.138149e+00  0.000000e+00
     vertex -1.389342e+01 -1.724173e+00  0.000000e+00
   endloop
 endfacet
 facet normal  0.000000e+00  0.000000e+00 -1.000000e+00
   outer loop
     vertex -1.393550e+01  1.342372e+00  0.000000e+00
     vertex -1.399868e+01 -1.920564e-01  0.000000e+00
     vertex -1.396708e+01  9.595593e-01  0.000000e+00
   endloop
 endfacet
 facet normal  0.000000e+00  0.000000e+00 -1.000000e+00
   outer loop
     vertex -1.393550e+01  1.342372e+00  0.000000e+00
     vertex -7.546926e+00 -1.179169e+01  0.000000e+00
     vertex -9.933389e+00 -9.865485e+00  0.000000e+00
   endloop
 endfacet
 facet normal  0.000000e+00  0.000000e+00 -1.000000e+00
   outer loop
     vertex -1.393550e+01  1.342372e+00  0.000000e+00
     vertex -9.933389e+00 -9.865485e+00  0.000000e+00
     vertex -1.204354e+01 -7.138149e+00  0.000000e+00
   endloop
 endfacet
 facet normal  0.000000e+00  0.000000e+00 -1.000000e+00
   outer loop
     vertex -1.393550e+01  1.342372e+00  0.000000e+00
     vertex -2.954584e+00 -1.368468e+01  0.000000e+00
     vertex -7.546926e+00 -1.179169e+01  0.000000e+00
   endloop
 endfacet
 facet normal  0.000000e+00  0.000000e+00 -1.000000e+00
   outer loop
     vertex  1.628833e+00 -1.390492e+01  0.000000e+00
     vertex -1.819432e+00 -1.388127e+01  0.000000e+00
     vertex -2.954584e+00 -1.368468e+01  0.000000e+00
   endloop
 endfacet
 facet normal -0.000000e+00  0.000000e+00 -1.000000e+00
   outer loop
     vertex  1.628833e+00 -1.390492e+01  0.000000e+00
     vertex -1.055341e+00 -1.396017e+01  0.000000e+00
     vertex -1.819432e+00 -1.388127e+01  0.000000e+00
   endloop
 endfacet
 facet normal  0.000000e+00  0.000000e+00 -1.000000e+00
   outer loop
     vertex  1.628833e+00 -1.390492e+01  0.000000e+00
     vertex -2.880733e-01 -1.399704e+01  0.000000e+00
     vertex -1.055341e+00 -1.396017e+01  0.000000e+00
   endloop
 endfacet
 facet normal  0.000000e+00  0.000000e+00 -1.000000e+00
   outer loop
     vertex  1.628833e+00 -1.390492e+01  0.000000e+00
     vertex  4.800620e-01 -1.399177e+01  0.000000e+00
     vertex -2.880733e-01 -1.399704e+01  0.000000e+00
   endloop
 endfacet
 facet normal  0.000000e+00  0.000000e+00 -1.000000e+00
   outer loop
     vertex  1.628833e+00 -1.390492e+01  0.000000e+00
     vertex  1.246752e+00 -1.394438e+01  0.000000e+00
     vertex  4.800620e-01 -1.399177e+01  0.000000e+00
   endloop
 endfacet
 facet normal  0.000000e+00  0.000000e+00 -1.000000e+00
   outer loop
     vertex -1.384089e+01  2.104677e+00  0.000000e+00
     vertex -1.393550e+01  1.342372e+00  0.000000e+00
     vertex -1.389342e+01  1.724173e+00  0.000000e+00
   endloop
 endfacet
 facet normal -0.000000e+00  0.000000e+00 -1.000000e+00
   outer loop
     vertex  2.766575e+00 -1.372392e+01  0.000000e+00
     vertex  1.628833e+00 -1.390492e+01  0.000000e+00
     vertex -2.954584e+00 -1.368468e+01  0.000000e+00
   endloop
 endfacet
 facet normal  0.000000e+00  0.000000e+00 -1.000000e+00
   outer loop
     vertex  2.766575e+00 -1.372392e+01  0.000000e+00
     vertex  2.009689e+00 -1.385500e+01  0.000000e+00
     vertex  1.628833e+00 -1.390492e+01  0.000000e+00
   endloop
 endfacet
 facet normal  0.000000e+00  0.000000e+00 -1.000000e+00
   outer loop
     vertex  2.766575e+00 -1.372392e+01  0.000000e+00
     vertex  2.389031e+00 -1.379466e+01  0.000000e+00
     vertex  2.009689e+00 -1.385500e+01  0.000000e+00
   endloop
 endfacet
 facet normal  0.000000e+00  0.000000e+00 -1.000000e+00
   outer loop
     vertex -1.352710e+01  3.608004e+00  0.000000e+00
     vertex -1.370462e+01  2.860647e+00  0.000000e+00
     vertex -1.362099e+01  3.235543e+00  0.000000e+00
   endloop
 endfacet
 facet normal  0.000000e+00  0.000000e+00 -1.000000e+00
   outer loop
     vertex  4.617432e+00 -1.321663e+01  0.000000e+00
     vertex  3.142037e+00 -1.364286e+01  0.000000e+00
     vertex  2.766575e+00 -1.372392e+01  0.000000e+00
   endloop
 endfacet
 facet normal  0.000000e+00  0.000000e+00 -1.000000e+00
   outer loop
     vertex  4.617432e+00 -1.321663e+01  0.000000e+00
     vertex  3.515133e+00 -1.355153e+01  0.000000e+00
     vertex  3.142037e+00 -1.364286e+01  0.000000e+00
   endloop
 endfacet
 facet normal  0.000000e+00  0.000000e+00 -1.000000e+00
   outer loop
     vertex  4.617432e+00 -1.321663e+01  0.000000e+00
     vertex  3.885583e+00 -1.344999e+01  0.000000e+00
     vertex  3.515133e+00 -1.355153e+01  0.000000e+00
   endloop
 endfacet
 facet normal  0.000000e+00  0.000000e+00 -1.000000e+00
   outer loop
     vertex  4.617432e+00 -1.321663e+01  0.000000e+00
     vertex  4.253108e+00 -1.333833e+01  0.000000e+00
     vertex  3.885583e+00 -1.344999e+01  0.000000e+00
   endloop
 endfacet
 facet normal  0.000000e+00  0.000000e+00 -1.000000e+00
   outer loop
     vertex -1.318465e+01  4.707980e+00  0.000000e+00
     vertex -1.342302e+01  3.977749e+00  0.000000e+00
     vertex -1.330884e+01  4.344500e+00  0.000000e+00
   endloop
 endfacet
 facet normal  0.000000e+00  0.000000e+00 -1.000000e+00
   outer loop
     vertex -1.290658e+01  5.424038e+00  0.000000e+00
     vertex -1.318465e+01  4.707980e+00  0.000000e+00
     vertex -1.305053e+01  5.067917e+00  0.000000e+00
   endloop
 endfacet
 facet normal  0.000000e+00  0.000000e+00 -1.000000e+00
   outer loop
     vertex  5.688464e+00 -1.279224e+01  0.000000e+00
     vertex -1.352710e+01  3.608004e+00  0.000000e+00
     vertex -1.342302e+01  3.977749e+00  0.000000e+00
   endloop
 endfacet
 facet normal  0.000000e+00  0.000000e+00 -1.000000e+00
   outer loop
     vertex  5.688464e+00 -1.279224e+01  0.000000e+00
     vertex -1.377794e+01  2.483597e+00  0.000000e+00
     vertex -1.370462e+01  2.860647e+00  0.000000e+00
   endloop
 endfacet
 facet normal  0.000000e+00  0.000000e+00 -1.000000e+00
   outer loop
     vertex  5.688464e+00 -1.279224e+01  0.000000e+00
     vertex -1.384089e+01  2.104677e+00  0.000000e+00
     vertex -1.377794e+01  2.483597e+00  0.000000e+00
   endloop
 endfacet
 facet normal -0.000000e+00  0.000000e+00 -1.000000e+00
   outer loop
     vertex  5.688464e+00 -1.279224e+01  0.000000e+00
     vertex -2.954584e+00 -1.368468e+01  0.000000e+00
     vertex -1.393550e+01  1.342372e+00  0.000000e+00
   endloop
 endfacet
 facet normal  0.000000e+00  0.000000e+00 -1.000000e+00
   outer loop
     vertex  5.688464e+00 -1.279224e+01  0.000000e+00
     vertex -1.393550e+01  1.342372e+00  0.000000e+00
     vertex -1.384089e+01  2.104677e+00  0.000000e+00
   endloop
 endfacet
 facet normal  0.000000e+00  0.000000e+00 -1.000000e+00
   outer loop
     vertex  5.688464e+00 -1.279224e+01  0.000000e+00
     vertex  2.766575e+00 -1.372392e+01  0.000000e+00
     vertex -2.954584e+00 -1.368468e+01  0.000000e+00
   endloop
 endfacet
 facet normal  0.000000e+00  0.000000e+00 -1.000000e+00
   outer loop
     vertex  5.688464e+00 -1.279224e+01  0.000000e+00
     vertex -1.370462e+01  2.860647e+00  0.000000e+00
     vertex -1.352710e+01  3.608004e+00  0.000000e+00
   endloop
 endfacet
 facet normal  0.000000e+00  0.000000e+00 -1.000000e+00
   outer loop
     vertex  5.688464e+00 -1.279224e+01  0.000000e+00
     vertex  4.617432e+00 -1.321663e+01  0.000000e+00
     vertex  2.766575e+00 -1.372392e+01  0.000000e+00
   endloop
 endfacet
 facet normal  0.000000e+00  0.000000e+00 -1.000000e+00
   outer loop
     vertex  5.688464e+00 -1.279224e+01  0.000000e+00
     vertex  4.978280e+00 -1.308498e+01  0.000000e+00
     vertex  4.617432e+00 -1.321663e+01  0.000000e+00
   endloop
 endfacet
 facet normal  0.000000e+00  0.000000e+00 -1.000000e+00
   outer loop
     vertex  5.688464e+00 -1.279224e+01  0.000000e+00
     vertex  5.335380e+00 -1.294348e+01  0.000000e+00
     vertex  4.978280e+00 -1.308498e+01  0.000000e+00
   endloop
 endfacet
 facet normal  0.000000e+00  0.000000e+00 -1.000000e+00
   outer loop
     vertex  5.688464e+00 -1.279224e+01  0.000000e+00
     vertex -1.342302e+01  3.977749e+00  0.000000e+00
     vertex -1.318465e+01  4.707980e+00  0.000000e+00
   endloop
 endfacet
 facet normal  0.000000e+00  0.000000e+00 -1.000000e+00
   outer loop
     vertex -1.223483e+01  6.805059e+00  0.000000e+00
     vertex -1.258966e+01  6.123766e+00  0.000000e+00
     vertex -1.241692e+01  6.466847e+00  0.000000e+00
   endloop
 endfacet
 facet normal  0.000000e+00  0.000000e+00 -1.000000e+00
   outer loop
     vertex -1.184318e+01  7.465865e+00  0.000000e+00
     vertex -1.258966e+01  6.123766e+00  0.000000e+00
     vertex -1.223483e+01  6.805059e+00  0.000000e+00
   endloop
 endfacet
 facet normal  0.000000e+00  0.000000e+00 -1.000000e+00
   outer loop
     vertex -1.184318e+01  7.465865e+00  0.000000e+00
     vertex -1.223483e+01  6.805059e+00  0.000000e+00
     vertex -1.204354e+01  7.138149e+00  0.000000e+00
   endloop
 endfacet
 facet normal  0.000000e+00  0.000000e+00 -1.000000e+00
   outer loop
     vertex  7.707977e+00 -1.168705e+01  0.000000e+00
     vertex  7.384453e+00 -1.189411e+01  0.000000e+00
     vertex  7.055370e+00 -1.209222e+01  0.000000e+00
   endloop
 endfacet
 facet normal  0.000000e+00  0.000000e+00 -1.000000e+00
   outer loop
     vertex  8.025699e+00 -1.147119e+01  0.000000e+00
     vertex  7.707977e+00 -1.168705e+01  0.000000e+00
     vertex  7.055370e+00 -1.209222e+01  0.000000e+00
   endloop
 endfacet
 facet normal  0.000000e+00  0.000000e+00 -1.000000e+00
   outer loop
     vertex  8.025699e+00 -1.147119e+01  0.000000e+00
     vertex  7.055370e+00 -1.209222e+01  0.000000e+00
     vertex  6.720976e+00 -1.228122e+01  0.000000e+00
   endloop
 endfacet
 facet normal  0.000000e+00  0.000000e+00 -1.000000e+00
   outer loop
     vertex -1.141587e+01  8.104195e+00  0.000000e+00
     vertex -1.258966e+01  6.123766e+00  0.000000e+00
     vertex -1.184318e+01  7.465865e+00  0.000000e+00
   endloop
 endfacet
 facet normal  0.000000e+00  0.000000e+00 -1.000000e+00
   outer loop
     vertex -1.141587e+01  8.104195e+00  0.000000e+00
     vertex -1.184318e+01  7.465865e+00  0.000000e+00
     vertex -1.163390e+01  7.787961e+00  0.000000e+00
   endloop
 endfacet
 facet normal  0.000000e+00  0.000000e+00 -1.000000e+00
   outer loop
     vertex  8.337380e+00 -1.124669e+01  0.000000e+00
     vertex  8.025699e+00 -1.147119e+01  0.000000e+00
     vertex  6.720976e+00 -1.228122e+01  0.000000e+00
   endloop
 endfacet
 facet normal -0.000000e+00  0.000000e+00 -1.000000e+00
   outer loop
     vertex  8.642784e+00 -1.101373e+01  0.000000e+00
     vertex  5.688464e+00 -1.279224e+01  0.000000e+00
     vertex -1.318465e+01  4.707980e+00  0.000000e+00
   endloop
 endfacet
 facet normal  0.000000e+00  0.000000e+00 -1.000000e+00
   outer loop
     vertex  8.642784e+00 -1.101373e+01  0.000000e+00
     vertex  8.337380e+00 -1.124669e+01  0.000000e+00
     vertex  6.720976e+00 -1.228122e+01  0.000000e+00
   endloop
 endfacet
 facet normal  0.000000e+00  0.000000e+00 -1.000000e+00
   outer loop
     vertex  8.642784e+00 -1.101373e+01  0.000000e+00
     vertex  6.037266e+00 -1.263137e+01  0.000000e+00
     vertex  5.688464e+00 -1.279224e+01  0.000000e+00
   endloop
 endfacet
 facet normal  0.000000e+00  0.000000e+00 -1.000000e+00
   outer loop
     vertex  8.642784e+00 -1.101373e+01  0.000000e+00
     vertex  6.381523e+00 -1.246099e+01  0.000000e+00
     vertex  6.037266e+00 -1.263137e+01  0.000000e+00
   endloop
 endfacet
 facet normal  0.000000e+00  0.000000e+00 -1.000000e+00
   outer loop
     vertex  8.642784e+00 -1.101373e+01  0.000000e+00
     vertex -1.318465e+01  4.707980e+00  0.000000e+00
     vertex -1.290658e+01  5.424038e+00  0.000000e+00
   endloop
 endfacet
 facet normal  0.000000e+00  0.000000e+00 -1.000000e+00
   outer loop
     vertex  8.642784e+00 -1.101373e+01  0.000000e+00
     vertex  6.720976e+00 -1.228122e+01  0.000000e+00
     vertex  6.381523e+00 -1.246099e+01  0.000000e+00
   endloop
 endfacet
 facet normal  0.000000e+00  0.000000e+00 -1.000000e+00
   outer loop
     vertex  8.642784e+00 -1.101373e+01  0.000000e+00
     vertex -1.275292e+01  5.776076e+00  0.000000e+00
     vertex -1.258966e+01  6.123766e+00  0.000000e+00
   endloop
 endfacet
 facet normal  0.000000e+00  0.000000e+00 -1.000000e+00
   outer loop
     vertex  8.642784e+00 -1.101373e+01  0.000000e+00
     vertex -1.290658e+01  5.424038e+00  0.000000e+00
     vertex -1.275292e+01  5.776076e+00  0.000000e+00
   endloop
 endfacet
 facet normal  0.000000e+00  0.000000e+00 -1.000000e+00
   outer loop
     vertex -1.071089e+01  9.015364e+00  0.000000e+00
     vertex -1.118924e+01  8.414328e+00  0.000000e+00
     vertex -1.095419e+01  8.718127e+00  0.000000e+00
   endloop
 endfacet
 facet normal  0.000000e+00  0.000000e+00 -1.000000e+00
   outer loop
     vertex -1.071089e+01  9.015364e+00  0.000000e+00
     vertex -1.141587e+01  8.104195e+00  0.000000e+00
     vertex -1.118924e+01  8.414328e+00  0.000000e+00
   endloop
 endfacet
 facet normal  0.000000e+00  0.000000e+00 -1.000000e+00
   outer loop
     vertex  9.519066e+00 -1.026584e+01  0.000000e+00
     vertex  8.941682e+00 -1.077248e+01  0.000000e+00
     vertex  8.642784e+00 -1.101373e+01  0.000000e+00
   endloop
 endfacet
 facet normal  0.000000e+00  0.000000e+00 -1.000000e+00
   outer loop
     vertex  9.519066e+00 -1.026584e+01  0.000000e+00
     vertex  9.233849e+00 -1.052312e+01  0.000000e+00
     vertex  8.941682e+00 -1.077248e+01  0.000000e+00
   endloop
 endfacet
 facet normal  0.000000e+00  0.000000e+00 -1.000000e+00
   outer loop
     vertex -9.933389e+00  9.865485e+00  0.000000e+00
     vertex -1.141587e+01  8.104195e+00  0.000000e+00
     vertex -1.071089e+01  9.015364e+00  0.000000e+00
   endloop
 endfacet
 facet normal  0.000000e+00  0.000000e+00 -1.000000e+00
   outer loop
     vertex -9.933389e+00  9.865485e+00  0.000000e+00
     vertex -1.045953e+01  9.305814e+00  0.000000e+00
     vertex -1.020030e+01  9.589258e+00  0.000000e+00
   endloop
 endfacet
 facet normal  0.000000e+00  0.000000e+00 -1.000000e+00
   outer loop
     vertex -9.933389e+00  9.865485e+00  0.000000e+00
     vertex -1.071089e+01  9.015364e+00  0.000000e+00
     vertex -1.045953e+01  9.305814e+00  0.000000e+00
   endloop
 endfacet
 facet normal  0.000000e+00  0.000000e+00 -1.000000e+00
   outer loop
     vertex  1.033089e+01 -9.448425e+00  0.000000e+00
     vertex  1.006779e+01 -9.728287e+00  0.000000e+00
     vertex  9.797116e+00 -1.000083e+01  0.000000e+00
   endloop
 endfacet
 facet normal  0.000000e+00  0.000000e+00 -1.000000e+00
   outer loop
     vertex  1.058621e+01 -9.161451e+00  0.000000e+00
     vertex -1.258966e+01  6.123766e+00  0.000000e+00
     vertex -1.141587e+01  8.104195e+00  0.000000e+00
   endloop
 endfacet
 facet normal -0.000000e+00  0.000000e+00 -1.000000e+00
   outer loop
     vertex  1.058621e+01 -9.161451e+00  0.000000e+00
     vertex  8.642784e+00 -1.101373e+01  0.000000e+00
     vertex -1.258966e+01  6.123766e+00  0.000000e+00
   endloop
 endfacet
 facet normal  0.000000e+00  0.000000e+00 -1.000000e+00
   outer loop
     vertex  1.058621e+01 -9.161451e+00  0.000000e+00
     vertex  9.519066e+00 -1.026584e+01  0.000000e+00
     vertex  8.642784e+00 -1.101373e+01  0.000000e+00
   endloop
 endfacet
 facet normal  0.000000e+00  0.000000e+00 -1.000000e+00
   outer loop
     vertex  1.058621e+01 -9.161451e+00  0.000000e+00
     vertex  1.033089e+01 -9.448425e+00  0.000000e+00
     vertex  9.797116e+00 -1.000083e+01  0.000000e+00
   endloop
 endfacet
 facet normal  0.000000e+00  0.000000e+00 -1.000000e+00
   outer loop
     vertex  1.058621e+01 -9.161451e+00  0.000000e+00
     vertex  9.797116e+00 -1.000083e+01  0.000000e+00
     vertex  9.519066e+00 -1.026584e+01  0.000000e+00
   endloop
 endfacet
 facet normal  0.000000e+00  0.000000e+00 -1.000000e+00
   outer loop
     vertex -8.182309e+00  1.136001e+01  0.000000e+00
     vertex -8.793060e+00  1.089413e+01  0.000000e+00
     vertex -8.490881e+00  1.113126e+01  0.000000e+00
   endloop
 endfacet
 facet normal  0.000000e+00  0.000000e+00 -1.000000e+00
   outer loop
     vertex  1.152597e+01 -7.946826e+00  0.000000e+00
     vertex  1.083356e+01 -8.867580e+00  0.000000e+00
     vertex  1.058621e+01 -9.161451e+00  0.000000e+00
   endloop
 endfacet
 facet normal  0.000000e+00  0.000000e+00 -1.000000e+00
   outer loop
     vertex  1.152597e+01 -7.946826e+00  0.000000e+00
     vertex  1.107276e+01 -8.567034e+00  0.000000e+00
     vertex  1.083356e+01 -8.867580e+00  0.000000e+00
   endloop
 endfacet
 facet normal  0.000000e+00  0.000000e+00 -1.000000e+00
   outer loop
     vertex  1.152597e+01 -7.946826e+00  0.000000e+00
     vertex  1.130362e+01 -8.260039e+00  0.000000e+00
     vertex  1.107276e+01 -8.567034e+00  0.000000e+00
   endloop
 endfacet
 facet normal  0.000000e+00  0.000000e+00 -1.000000e+00
   outer loop
     vertex -7.867579e+00  1.158021e+01  0.000000e+00
     vertex -8.793060e+00  1.089413e+01  0.000000e+00
     vertex -8.182309e+00  1.136001e+01  0.000000e+00
   endloop
 endfacet
 facet normal  0.000000e+00  0.000000e+00 -1.000000e+00
   outer loop
     vertex -7.867579e+00  1.158021e+01  0.000000e+00
     vertex -9.088621e+00  1.064880e+01  0.000000e+00
     vertex -8.793060e+00  1.089413e+01  0.000000e+00
   endloop
 endfacet
 facet normal  0.000000e+00  0.000000e+00 -1.000000e+00
   outer loop
     vertex -7.867579e+00  1.158021e+01  0.000000e+00
     vertex -9.377340e+00  1.039546e+01  0.000000e+00
     vertex -9.088621e+00  1.064880e+01  0.000000e+00
   endloop
 endfacet
 facet normal  0.000000e+00  0.000000e+00 -1.000000e+00
   outer loop
     vertex -7.867579e+00  1.158021e+01  0.000000e+00
     vertex -9.659000e+00  1.013428e+01  0.000000e+00
     vertex -9.377340e+00  1.039546e+01  0.000000e+00
   endloop
 endfacet
 facet normal -0.000000e+00  0.000000e+00 -1.000000e+00
   outer loop
     vertex  1.173964e+01 -7.627631e+00  0.000000e+00
     vertex  1.058621e+01 -9.161451e+00  0.000000e+00
     vertex -1.141587e+01  8.104195e+00  0.000000e+00
   endloop
 endfacet
 facet normal  0.000000e+00  0.000000e+00 -1.000000e+00
   outer loop
     vertex  1.173964e+01 -7.627631e+00  0.000000e+00
     vertex  1.152597e+01 -7.946826e+00  0.000000e+00
     vertex  1.058621e+01 -9.161451e+00  0.000000e+00
   endloop
 endfacet
 facet normal  0.000000e+00  0.000000e+00 -1.000000e+00
   outer loop
     vertex -6.888821e+00  1.218787e+01  0.000000e+00
     vertex -7.546926e+00  1.179169e+01  0.000000e+00
     vertex -7.220591e+00  1.199429e+01  0.000000e+00
   endloop
 endfacet
 facet normal  0.000000e+00  0.000000e+00 -1.000000e+00
   outer loop
     vertex -6.888821e+00  1.218787e+01  0.000000e+00
     vertex -7.867579e+00  1.158021e+01  0.000000e+00
     vertex -7.546926e+00  1.179169e+01  0.000000e+00
   endloop
 endfacet
 facet normal  0.000000e+00  0.000000e+00 -1.000000e+00
   outer loop
     vertex -6.888821e+00  1.218787e+01  0.000000e+00
     vertex -9.933389e+00  9.865485e+00  0.000000e+00
     vertex -9.659000e+00  1.013428e+01  0.000000e+00
   endloop
 endfacet
 facet normal  0.000000e+00  0.000000e+00 -1.000000e+00
   outer loop
     vertex -6.888821e+00  1.218787e+01  0.000000e+00
     vertex -9.659000e+00  1.013428e+01  0.000000e+00
     vertex -7.867579e+00  1.158021e+01  0.000000e+00
   endloop
 endfacet
 facet normal  0.000000e+00  0.000000e+00 -1.000000e+00
   outer loop
     vertex  1.250447e+01 -6.295899e+00  0.000000e+00
     vertex  1.214033e+01 -6.972260e+00  0.000000e+00
     vertex  1.194448e+01 -7.302694e+00  0.000000e+00
   endloop
 endfacet
 facet normal  0.000000e+00  0.000000e+00 -1.000000e+00
   outer loop
     vertex  1.250447e+01 -6.295899e+00  0.000000e+00
     vertex  1.232704e+01 -6.636577e+00  0.000000e+00
     vertex  1.214033e+01 -6.972260e+00  0.000000e+00
   endloop
 endfacet
 facet normal  0.000000e+00  0.000000e+00 -1.000000e+00
   outer loop
     vertex -6.209979e+00  1.254736e+01  0.000000e+00
     vertex -6.888821e+00  1.218787e+01  0.000000e+00
     vertex -6.551866e+00  1.237227e+01  0.000000e+00
   endloop
 endfacet
 facet normal  0.000000e+00  0.000000e+00 -1.000000e+00
   outer loop
     vertex -5.863416e+00  1.271300e+01  0.000000e+00
     vertex -6.888821e+00  1.218787e+01  0.000000e+00
     vertex -6.209979e+00  1.254736e+01  0.000000e+00
   endloop
 endfacet
 facet normal  0.000000e+00  0.000000e+00 -1.000000e+00
   outer loop
     vertex  1.311882e+01 -4.888408e+00  0.000000e+00
     vertex  1.194448e+01 -7.302694e+00  0.000000e+00
     vertex  1.173964e+01 -7.627631e+00  0.000000e+00
   endloop
 endfacet
 facet normal  0.000000e+00  0.000000e+00 -1.000000e+00
   outer loop
     vertex  1.311882e+01 -4.888408e+00  0.000000e+00
     vertex  1.267248e+01 -5.950481e+00  0.000000e+00
     vertex  1.250447e+01 -6.295899e+00  0.000000e+00
   endloop
 endfacet
 facet normal  0.000000e+00  0.000000e+00 -1.000000e+00
   outer loop
     vertex  1.311882e+01 -4.888408e+00  0.000000e+00
     vertex  1.283096e+01 -5.600584e+00  0.000000e+00
     vertex  1.267248e+01 -5.950481e+00  0.000000e+00
   endloop
 endfacet
 facet normal  0.000000e+00  0.000000e+00 -1.000000e+00
   outer loop
     vertex  1.311882e+01 -4.888408e+00  0.000000e+00
     vertex  1.297977e+01 -5.246471e+00  0.000000e+00
     vertex  1.283096e+01 -5.600584e+00  0.000000e+00
   endloop
 endfacet
 facet normal  0.000000e+00  0.000000e+00 -1.000000e+00
   outer loop
     vertex  1.311882e+01 -4.888408e+00  0.000000e+00
     vertex  1.250447e+01 -6.295899e+00  0.000000e+00
     vertex  1.194448e+01 -7.302694e+00  0.000000e+00
   endloop
 endfacet
 facet normal  0.000000e+00  0.000000e+00 -1.000000e+00
   outer loop
     vertex -4.798307e+00  1.315204e+01  0.000000e+00
     vertex -5.512441e+00  1.286907e+01  0.000000e+00
     vertex -5.157315e+00  1.301546e+01  0.000000e+00
   endloop
 endfacet
 facet normal  0.000000e+00  0.000000e+00 -1.000000e+00
   outer loop
     vertex -4.435687e+00  1.327873e+01  0.000000e+00
     vertex -6.888821e+00  1.218787e+01  0.000000e+00
     vertex -5.863416e+00  1.271300e+01  0.000000e+00
   endloop
 endfacet
 facet normal  0.000000e+00  0.000000e+00 -1.000000e+00
   outer loop
     vertex -4.435687e+00  1.327873e+01  0.000000e+00
     vertex -5.512441e+00  1.286907e+01  0.000000e+00
     vertex -4.798307e+00  1.315204e+01  0.000000e+00
   endloop
 endfacet
 facet normal  0.000000e+00  0.000000e+00 -1.000000e+00
   outer loop
     vertex -4.435687e+00  1.327873e+01  0.000000e+00
     vertex -5.863416e+00  1.271300e+01  0.000000e+00
     vertex -5.512441e+00  1.286907e+01  0.000000e+00
   endloop
 endfacet
 facet normal  0.000000e+00  0.000000e+00 -1.000000e+00
   outer loop
     vertex  1.336719e+01 -4.161516e+00  0.000000e+00
     vertex  1.324799e+01 -4.526666e+00  0.000000e+00
     vertex  1.311882e+01 -4.888408e+00  0.000000e+00
   endloop
 endfacet
 facet normal  0.000000e+00  0.000000e+00 -1.000000e+00
   outer loop
     vertex  1.336719e+01 -4.161516e+00  0.000000e+00
     vertex  1.311882e+01 -4.888408e+00  0.000000e+00
     vertex  1.173964e+01 -7.627631e+00  0.000000e+00
   endloop
 endfacet
 facet normal  0.000000e+00  0.000000e+00 -1.000000e+00
   outer loop
     vertex  1.347633e+01 -3.793234e+00  0.000000e+00
     vertex  1.336719e+01 -4.161516e+00  0.000000e+00
     vertex  1.173964e+01 -7.627631e+00  0.000000e+00
   endloop
 endfacet
 facet normal  0.000000e+00  0.000000e+00 -1.000000e+00
   outer loop
     vertex -3.328898e+00  1.359847e+01  0.000000e+00
     vertex -4.069729e+00  1.339542e+01  0.000000e+00
     vertex -3.700706e+00  1.350203e+01  0.000000e+00
   endloop
 endfacet
 facet normal  0.000000e+00  0.000000e+00 -1.000000e+00
   outer loop
     vertex -3.328898e+00  1.359847e+01  0.000000e+00
     vertex -4.435687e+00  1.327873e+01  0.000000e+00
     vertex -4.069729e+00  1.339542e+01  0.000000e+00
   endloop
 endfacet
 facet normal  0.000000e+00  0.000000e+00 -1.000000e+00
   outer loop
     vertex  1.381072e+01 -2.294353e+00  0.000000e+00
     vertex  1.357532e+01 -3.422096e+00  0.000000e+00
     vertex  1.347633e+01 -3.793234e+00  0.000000e+00
   endloop
 endfacet
 facet normal  0.000000e+00  0.000000e+00 -1.000000e+00
   outer loop
     vertex  1.381072e+01 -2.294353e+00  0.000000e+00
     vertex  1.366409e+01 -3.048382e+00  0.000000e+00
     vertex  1.357532e+01 -3.422096e+00  0.000000e+00
   endloop
 endfacet
 facet normal  0.000000e+00  0.000000e+00 -1.000000e+00
   outer loop
     vertex  1.381072e+01 -2.294353e+00  0.000000e+00
     vertex  1.374258e+01 -2.672373e+00  0.000000e+00
     vertex  1.366409e+01 -3.048382e+00  0.000000e+00
   endloop
 endfacet
 facet normal  0.000000e+00  0.000000e+00 -1.000000e+00
   outer loop
     vertex -2.199567e+00  1.382613e+01  0.000000e+00
     vertex -6.888821e+00  1.218787e+01  0.000000e+00
     vertex -4.435687e+00  1.327873e+01  0.000000e+00
   endloop
 endfacet
 facet normal  0.000000e+00  0.000000e+00 -1.000000e+00
   outer loop
     vertex -2.199567e+00  1.382613e+01  0.000000e+00
     vertex -4.435687e+00  1.327873e+01  0.000000e+00
     vertex -3.328898e+00  1.359847e+01  0.000000e+00
   endloop
 endfacet
 facet normal  0.000000e+00  0.000000e+00 -1.000000e+00
   outer loop
     vertex -2.199567e+00  1.382613e+01  0.000000e+00
     vertex -1.141587e+01  8.104195e+00  0.000000e+00
     vertex -9.933389e+00  9.865485e+00  0.000000e+00
   endloop
 endfacet
 facet normal  0.000000e+00  0.000000e+00 -1.000000e+00
   outer loop
     vertex -2.199567e+00  1.382613e+01  0.000000e+00
     vertex -2.954584e+00  1.368468e+01  0.000000e+00
     vertex -2.578046e+00  1.376058e+01  0.000000e+00
   endloop
 endfacet
 facet normal  0.000000e+00  0.000000e+00 -1.000000e+00
   outer loop
     vertex -2.199567e+00  1.382613e+01  0.000000e+00
     vertex -3.328898e+00  1.359847e+01  0.000000e+00
     vertex -2.954584e+00  1.368468e+01  0.000000e+00
   endloop
 endfacet
 facet normal  0.000000e+00  0.000000e+00 -1.000000e+00
   outer loop
     vertex -2.199567e+00  1.382613e+01  0.000000e+00
     vertex -9.933389e+00  9.865485e+00  0.000000e+00
     vertex -6.888821e+00  1.218787e+01  0.000000e+00
   endloop
 endfacet
 facet normal  0.000000e+00  0.000000e+00 -1.000000e+00
   outer loop
     vertex  1.386846e+01 -1.914606e+00  0.000000e+00
     vertex  1.347633e+01 -3.793234e+00  0.000000e+00
     vertex  1.173964e+01 -7.627631e+00  0.000000e+00
   endloop
 endfacet
 facet normal  0.000000e+00  0.000000e+00 -1.000000e+00
   outer loop
     vertex  1.386846e+01 -1.914606e+00  0.000000e+00
     vertex  1.381072e+01 -2.294353e+00  0.000000e+00
     vertex  1.347633e+01 -3.793234e+00  0.000000e+00
   endloop
 endfacet
 facet normal  0.000000e+00  0.000000e+00 -1.000000e+00
   outer loop
     vertex  1.391577e+01 -1.533417e+00  0.000000e+00
     vertex  1.386846e+01 -1.914606e+00  0.000000e+00
     vertex  1.173964e+01 -7.627631e+00  0.000000e+00
   endloop
 endfacet
 facet normal  0.000000e+00  0.000000e+00 -1.000000e+00
   outer loop
     vertex -1.055341e+00  1.396017e+01  0.000000e+00
     vertex -1.141587e+01  8.104195e+00  0.000000e+00
     vertex -2.199567e+00  1.382613e+01  0.000000e+00
   endloop
 endfacet
 facet normal  0.000000e+00  0.000000e+00 -1.000000e+00
   outer loop
     vertex -1.055341e+00  1.396017e+01  0.000000e+00
     vertex -1.819432e+00  1.388127e+01  0.000000e+00
     vertex -1.437928e+00  1.392596e+01  0.000000e+00
   endloop
 endfacet
 facet normal  0.000000e+00  0.000000e+00 -1.000000e+00
   outer loop
     vertex -1.055341e+00  1.396017e+01  0.000000e+00
     vertex -2.199567e+00  1.382613e+01  0.000000e+00
     vertex -1.819432e+00  1.388127e+01  0.000000e+00
   endloop
 endfacet
 facet normal  0.000000e+00  0.000000e+00 -1.000000e+00
   outer loop
     vertex  1.400000e+01 -3.429011e-15  0.000000e+00
     vertex  1.399473e+01 -3.840767e-01  0.000000e+00
     vertex  1.397893e+01 -7.678642e-01  0.000000e+00
   endloop
 endfacet
 facet normal  0.000000e+00  0.000000e+00 -1.000000e+00
   outer loop
     vertex  1.397893e+01  7.678642e-01  0.000000e+00
     vertex  1.399473e+01  3.840767e-01  0.000000e+00
     vertex  1.400000e+01 -3.429011e-15  0.000000e+00
   endloop
 endfacet
 facet normal  0.000000e+00  0.000000e+00 -1.000000e+00
   outer loop
     vertex  1.397893e+01  7.678642e-01  0.000000e+00
     vertex  1.395260e+01 -1.151074e+00  0.000000e+00
     vertex  1.391577e+01 -1.533417e+00  0.000000e+00
   endloop
 endfacet
 facet normal  0.000000e+00 -0.000000e+00 -1.000000e+00
   outer loop
     vertex  1.397893e+01  7.678642e-01  0.000000e+00
     vertex  1.397893e+01 -7.678642e-01  0.000000e+00
     vertex  1.395260e+01 -1.151074e+00  0.000000e+00
   endloop
 endfacet
 facet normal  0.000000e+00  0.000000e+00 -1.000000e+00
   outer loop
     vertex  1.397893e+01  7.678642e-01  0.000000e+00
     vertex  1.400000e+01 -3.429011e-15  0.000000e+00
     vertex  1.397893e+01 -7.678642e-01  0.000000e+00
   endloop
 endfacet
 facet normal  0.000000e+00  0.000000e+00 -1.000000e+00
   outer loop
     vertex  8.637321e-01  1.397333e+01  0.000000e+00
     vertex  9.603046e-02  1.399967e+01  0.000000e+00
     vertex  4.800620e-01  1.399177e+01  0.000000e+00
   endloop
 endfacet
 facet normal  0.000000e+00  0.000000e+00 -1.000000e+00
   outer loop
     vertex  8.637321e-01  1.397333e+01  0.000000e+00
     vertex -2.880733e-01  1.399704e+01  0.000000e+00
     vertex  9.603046e-02  1.399967e+01  0.000000e+00
   endloop
 endfacet
 facet normal  0.000000e+00  0.000000e+00 -1.000000e+00
   outer loop
     vertex  1.628833e+00  1.390492e+01  0.000000e+00
     vertex  8.637321e-01  1.397333e+01  0.000000e+00
     vertex  1.246752e+00  1.394438e+01  0.000000e+00
   endloop
 endfacet
 facet normal  0.000000e+00  0.000000e+00 -1.000000e+00
   outer loop
     vertex  1.628833e+00  1.390492e+01  0.000000e+00
     vertex -6.719602e-01  1.398386e+01  0.000000e+00
     vertex -2.880733e-01  1.399704e+01  0.000000e+00
   endloop
 endfacet
 facet normal  0.000000e+00  0.000000e+00 -1.000000e+00
   outer loop
     vertex  1.628833e+00  1.390492e+01  0.000000e+00
     vertex -2.880733e-01  1.399704e+01  0.000000e+00
     vertex  8.637321e-01  1.397333e+01  0.000000e+00
   endloop
 endfacet
 facet normal -0.000000e+00  0.000000e+00 -1.000000e+00
   outer loop
     vertex  2.009689e+00  1.385500e+01  0.000000e+00
     vertex -1.141587e+01  8.104195e+00  0.000000e+00
     vertex -1.055341e+00  1.396017e+01  0.000000e+00
   endloop
 endfacet
 facet normal  0.000000e+00  0.000000e+00 -1.000000e+00
   outer loop
     vertex  2.009689e+00  1.385500e+01  0.000000e+00
     vertex -1.055341e+00  1.396017e+01  0.000000e+00
     vertex -6.719602e-01  1.398386e+01  0.000000e+00
   endloop
 endfacet
 facet normal  0.000000e+00 -0.000000e+00 -1.000000e+00
   outer loop
     vertex  2.009689e+00  1.385500e+01  0.000000e+00
     vertex  1.173964e+01 -7.627631e+00  0.000000e+00
     vertex -1.141587e+01  8.104195e+00  0.000000e+00
   endloop
 endfacet
 facet normal  0.000000e+00  0.000000e+00 -1.000000e+00
   outer loop
     vertex  2.009689e+00  1.385500e+01  0.000000e+00
     vertex -6.719602e-01  1.398386e+01  0.000000e+00
     vertex  1.628833e+00  1.390492e+01  0.000000e+00
   endloop
 endfacet
 facet normal  0.000000e+00  0.000000e+00 -1.000000e+00
   outer loop
     vertex  1.381072e+01  2.294353e+00  0.000000e+00
     vertex  1.391577e+01  1.533417e+00  0.000000e+00
     vertex  1.395260e+01  1.151074e+00  0.000000e+00
   endloop
 endfacet
 facet normal  0.000000e+00  0.000000e+00 -1.000000e+00
   outer loop
     vertex  1.381072e+01  2.294353e+00  0.000000e+00
     vertex  1.386846e+01  1.914606e+00  0.000000e+00
     vertex  1.391577e+01  1.533417e+00  0.000000e+00
   endloop
 endfacet
 facet normal  0.000000e+00  0.000000e+00 -1.000000e+00
   outer loop
     vertex  3.142037e+00  1.364286e+01  0.000000e+00
     vertex  1.395260e+01  1.151074e+00  0.000000e+00
     vertex  1.397893e+01  7.678642e-01  0.000000e+00
   endloop
 endfacet
 facet normal  0.000000e+00  0.000000e+00 -1.000000e+00
   outer loop
     vertex  3.142037e+00  1.364286e+01  0.000000e+00
     vertex  1.391577e+01 -1.533417e+00  0.000000e+00
     vertex  1.173964e+01 -7.627631e+00  0.000000e+00
   endloop
 endfacet
 facet normal  0.000000e+00  0.000000e+00 -1.000000e+00
   outer loop
     vertex  3.142037e+00  1.364286e+01  0.000000e+00
     vertex  2.389031e+00  1.379466e+01  0.000000e+00
     vertex  2.766575e+00  1.372392e+01  0.000000e+00
   endloop
 endfacet
 facet normal  0.000000e+00  0.000000e+00 -1.000000e+00
   outer loop
     vertex  3.142037e+00  1.364286e+01  0.000000e+00
     vertex  2.009689e+00  1.385500e+01  0.000000e+00
     vertex  2.389031e+00  1.379466e+01  0.000000e+00
   endloop
 endfacet
 facet normal  0.000000e+00  0.000000e+00 -1.000000e+00
   outer loop
     vertex  3.142037e+00  1.364286e+01  0.000000e+00
     vertex  1.397893e+01  7.678642e-01  0.000000e+00
     vertex  1.391577e+01 -1.533417e+00  0.000000e+00
   endloop
 endfacet
 facet normal -0.000000e+00 -0.000000e+00 -1.000000e+00
   outer loop
     vertex  3.142037e+00  1.364286e+01  0.000000e+00
     vertex  1.173964e+01 -7.627631e+00  0.000000e+00
     vertex  2.009689e+00  1.385500e+01  0.000000e+00
   endloop
 endfacet
 facet normal  0.000000e+00  0.000000e+00 -1.000000e+00
   outer loop
     vertex  1.357532e+01  3.422096e+00  0.000000e+00
     vertex  1.374258e+01  2.672373e+00  0.000000e+00
     vertex  1.381072e+01  2.294353e+00  0.000000e+00
   endloop
 endfacet
 facet normal  0.000000e+00  0.000000e+00 -1.000000e+00
   outer loop
     vertex  1.357532e+01  3.422096e+00  0.000000e+00
     vertex  1.366409e+01  3.048382e+00  0.000000e+00
     vertex  1.374258e+01  2.672373e+00  0.000000e+00
   endloop
 endfacet
 facet normal  0.000000e+00  0.000000e+00 -1.000000e+00
   outer loop
     vertex  1.357532e+01  3.422096e+00  0.000000e+00
     vertex  1.381072e+01  2.294353e+00  0.000000e+00
     vertex  1.395260e+01  1.151074e+00  0.000000e+00
   endloop
 endfacet
 facet normal  0.000000e+00  0.000000e+00 -1.000000e+00
   outer loop
     vertex  3.885583e+00  1.344999e+01  0.000000e+00
     vertex  3.142037e+00  1.364286e+01  0.000000e+00
     vertex  3.515133e+00  1.355153e+01  0.000000e+00
   endloop
 endfacet
 facet normal  0.000000e+00  0.000000e+00 -1.000000e+00
   outer loop
     vertex  1.324799e+01  4.526666e+00  0.000000e+00
     vertex  1.347633e+01  3.793234e+00  0.000000e+00
     vertex  1.357532e+01  3.422096e+00  0.000000e+00
   endloop
 endfacet
 facet normal  0.000000e+00  0.000000e+00 -1.000000e+00
   outer loop
     vertex  1.324799e+01  4.526666e+00  0.000000e+00
     vertex  1.336719e+01  4.161516e+00  0.000000e+00
     vertex  1.347633e+01  3.793234e+00  0.000000e+00
   endloop
 endfacet
 facet normal  0.000000e+00  0.000000e+00 -1.000000e+00
   outer loop
     vertex  1.311882e+01  4.888408e+00  0.000000e+00
     vertex  1.324799e+01  4.526666e+00  0.000000e+00
     vertex  1.357532e+01  3.422096e+00  0.000000e+00
   endloop
 endfacet
 facet normal  0.000000e+00  0.000000e+00 -1.000000e+00
   outer loop
     vertex  4.978280e+00  1.308498e+01  0.000000e+00
     vertex  3.142037e+00  1.364286e+01  0.000000e+00
     vertex  3.885583e+00  1.344999e+01  0.000000e+00
   endloop
 endfacet
 facet normal  0.000000e+00  0.000000e+00 -1.000000e+00
   outer loop
     vertex  4.978280e+00  1.308498e+01  0.000000e+00
     vertex  4.253108e+00  1.333833e+01  0.000000e+00
     vertex  4.617432e+00  1.321663e+01  0.000000e+00
   endloop
 endfacet
 facet normal  0.000000e+00  0.000000e+00 -1.000000e+00
   outer loop
     vertex  4.978280e+00  1.308498e+01  0.000000e+00
     vertex  3.885583e+00  1.344999e+01  0.000000e+00
     vertex  4.253108e+00  1.333833e+01  0.000000e+00
   endloop
 endfacet
 facet normal  0.000000e+00  0.000000e+00 -1.000000e+00
   outer loop
     vertex  1.297977e+01  5.246471e+00  0.000000e+00
     vertex  1.311882e+01  4.888408e+00  0.000000e+00
     vertex  1.357532e+01  3.422096e+00  0.000000e+00
   endloop
 endfacet
 facet normal  0.000000e+00  0.000000e+00 -1.000000e+00
   outer loop
     vertex  1.283096e+01  5.600584e+00  0.000000e+00
     vertex  1.297977e+01  5.246471e+00  0.000000e+00
     vertex  1.357532e+01  3.422096e+00  0.000000e+00
   endloop
 endfacet
 facet normal  0.000000e+00  0.000000e+00 -1.000000e+00
   outer loop
     vertex  1.250447e+01  6.295899e+00  0.000000e+00
     vertex  1.267248e+01  5.950481e+00  0.000000e+00
     vertex  1.283096e+01  5.600584e+00  0.000000e+00
   endloop
 endfacet
 facet normal  0.000000e+00  0.000000e+00 -1.000000e+00
   outer loop
     vertex  1.250447e+01  6.295899e+00  0.000000e+00
     vertex  1.283096e+01  5.600584e+00  0.000000e+00
     vertex  1.357532e+01  3.422096e+00  0.000000e+00
   endloop
 endfacet
 facet normal  0.000000e+00  0.000000e+00 -1.000000e+00
   outer loop
     vertex  6.381523e+00  1.246099e+01  0.000000e+00
     vertex  5.688464e+00  1.279224e+01  0.000000e+00
     vertex  6.037266e+00  1.263137e+01  0.000000e+00
   endloop
 endfacet
 facet normal  0.000000e+00  0.000000e+00 -1.000000e+00
   outer loop
     vertex  6.381523e+00  1.246099e+01  0.000000e+00
     vertex  5.335380e+00  1.294348e+01  0.000000e+00
     vertex  5.688464e+00  1.279224e+01  0.000000e+00
   endloop
 endfacet
 facet normal  0.000000e+00  0.000000e+00 -1.000000e+00
   outer loop
     vertex  6.381523e+00  1.246099e+01  0.000000e+00
     vertex  4.978280e+00  1.308498e+01  0.000000e+00
     vertex  5.335380e+00  1.294348e+01  0.000000e+00
   endloop
 endfacet
 facet normal  0.000000e+00  0.000000e+00 -1.000000e+00
   outer loop
     vertex  6.720976e+00  1.228122e+01  0.000000e+00
     vertex  1.357532e+01  3.422096e+00  0.000000e+00
     vertex  1.395260e+01  1.151074e+00  0.000000e+00
   endloop
 endfacet
 facet normal  0.000000e+00  0.000000e+00 -1.000000e+00
   outer loop
     vertex  6.720976e+00  1.228122e+01  0.000000e+00
     vertex  3.142037e+00  1.364286e+01  0.000000e+00
     vertex  4.978280e+00  1.308498e+01  0.000000e+00
   endloop
 endfacet
 facet normal  0.000000e+00  0.000000e+00 -1.000000e+00
   outer loop
     vertex  6.720976e+00  1.228122e+01  0.000000e+00
     vertex  4.978280e+00  1.308498e+01  0.000000e+00
     vertex  6.381523e+00  1.246099e+01  0.000000e+00
   endloop
 endfacet
 facet normal -0.000000e+00 -0.000000e+00 -1.000000e+00
   outer loop
     vertex  6.720976e+00  1.228122e+01  0.000000e+00
     vertex  1.395260e+01  1.151074e+00  0.000000e+00
     vertex  3.142037e+00  1.364286e+01  0.000000e+00
   endloop
 endfacet
 facet normal  0.000000e+00  0.000000e+00 -1.000000e+00
   outer loop
     vertex  1.173964e+01  7.627631e+00  0.000000e+00
     vertex  1.232704e+01  6.636577e+00  0.000000e+00
     vertex  1.250447e+01  6.295899e+00  0.000000e+00
   endloop
 endfacet
 facet normal  0.000000e+00  0.000000e+00 -1.000000e+00
   outer loop
     vertex  1.173964e+01  7.627631e+00  0.000000e+00
     vertex  1.214033e+01  6.972260e+00  0.000000e+00
     vertex  1.232704e+01  6.636577e+00  0.000000e+00
   endloop
 endfacet
 facet normal  0.000000e+00  0.000000e+00 -1.000000e+00
   outer loop
     vertex  1.173964e+01  7.627631e+00  0.000000e+00
     vertex  1.194448e+01  7.302694e+00  0.000000e+00
     vertex  1.214033e+01  6.972260e+00  0.000000e+00
   endloop
 endfacet
 facet normal  0.000000e+00  0.000000e+00 -1.000000e+00
   outer loop
     vertex  1.173964e+01  7.627631e+00  0.000000e+00
     vertex  1.250447e+01  6.295899e+00  0.000000e+00
     vertex  1.357532e+01  3.422096e+00  0.000000e+00
   endloop
 endfacet
 facet normal  0.000000e+00  0.000000e+00 -1.000000e+00
   outer loop
     vertex  8.025699e+00  1.147119e+01  0.000000e+00
     vertex  7.384453e+00  1.189411e+01  0.000000e+00
     vertex  7.707977e+00  1.168705e+01  0.000000e+00
   endloop
 endfacet
 facet normal  0.000000e+00  0.000000e+00 -1.000000e+00
   outer loop
     vertex  8.025699e+00  1.147119e+01  0.000000e+00
     vertex  7.055370e+00  1.209222e+01  0.000000e+00
     vertex  7.384453e+00  1.189411e+01  0.000000e+00
   endloop
 endfacet
 facet normal  0.000000e+00  0.000000e+00 -1.000000e+00
   outer loop
     vertex  8.025699e+00  1.147119e+01  0.000000e+00
     vertex  6.720976e+00  1.228122e+01  0.000000e+00
     vertex  7.055370e+00  1.209222e+01  0.000000e+00
   endloop
 endfacet
 facet normal  0.000000e+00  0.000000e+00 -1.000000e+00
   outer loop
     vertex  1.130362e+01  8.260039e+00  0.000000e+00
     vertex  1.152597e+01  7.946826e+00  0.000000e+00
     vertex  1.173964e+01  7.627631e+00  0.000000e+00
   endloop
 endfacet
 facet normal  0.000000e+00  0.000000e+00 -1.000000e+00
   outer loop
     vertex  1.130362e+01  8.260039e+00  0.000000e+00
     vertex  1.173964e+01  7.627631e+00  0.000000e+00
     vertex  1.357532e+01  3.422096e+00  0.000000e+00
   endloop
 endfacet
 facet normal  0.000000e+00  0.000000e+00 -1.000000e+00
   outer loop
     vertex  1.107276e+01  8.567034e+00  0.000000e+00
     vertex  1.130362e+01  8.260039e+00  0.000000e+00
     vertex  1.357532e+01  3.422096e+00  0.000000e+00
   endloop
 endfacet
 facet normal  0.000000e+00  0.000000e+00 -1.000000e+00
   outer loop
     vertex  8.642784e+00  1.101373e+01  0.000000e+00
     vertex  8.025699e+00  1.147119e+01  0.000000e+00
     vertex  8.337380e+00  1.124669e+01  0.000000e+00
   endloop
 endfacet
 facet normal  0.000000e+00  0.000000e+00 -1.000000e+00
   outer loop
     vertex  8.941682e+00  1.077248e+01  0.000000e+00
     vertex  8.025699e+00  1.147119e+01  0.000000e+00
     vertex  8.642784e+00  1.101373e+01  0.000000e+00
   endloop
 endfacet
 facet normal  0.000000e+00  0.000000e+00 -1.000000e+00
   outer loop
     vertex  1.058621e+01  9.161451e+00  0.000000e+00
     vertex  1.083356e+01  8.867580e+00  0.000000e+00
     vertex  1.107276e+01  8.567034e+00  0.000000e+00
   endloop
 endfacet
 facet normal  0.000000e+00  0.000000e+00 -1.000000e+00
   outer loop
     vertex  1.058621e+01  9.161451e+00  0.000000e+00
     vertex  1.107276e+01  8.567034e+00  0.000000e+00
     vertex  1.357532e+01  3.422096e+00  0.000000e+00
   endloop
 endfacet
 facet normal  0.000000e+00  0.000000e+00 -1.000000e+00
   outer loop
     vertex  9.233849e+00  1.052312e+01  0.000000e+00
     vertex  6.720976e+00  1.228122e+01  0.000000e+00
     vertex  8.025699e+00  1.147119e+01  0.000000e+00
   endloop
 endfacet
 facet normal  0.000000e+00  0.000000e+00 -1.000000e+00
   outer loop
     vertex  9.233849e+00  1.052312e+01  0.000000e+00
     vertex  8.025699e+00  1.147119e+01  0.000000e+00
     vertex  8.941682e+00  1.077248e+01  0.000000e+00
   endloop
 endfacet
 facet normal  0.000000e+00  0.000000e+00 -1.000000e+00
   outer loop
     vertex  9.797116e+00  1.000083e+01  0.000000e+00
     vertex  1.033089e+01  9.448425e+00  0.000000e+00
     vertex  1.058621e+01  9.161451e+00  0.000000e+00
   endloop
 endfacet
 facet normal  0.000000e+00  0.000000e+00 -1.000000e+00
   outer loop
     vertex  9.797116e+00  1.000083e+01  0.000000e+00
     vertex  1.006779e+01  9.728287e+00  0.000000e+00
     vertex  1.033089e+01  9.448425e+00  0.000000e+00
   endloop
 endfacet
 facet normal -0.000000e+00 -0.000000e+00 -1.000000e+00
   outer loop
     vertex  9.797116e+00  1.000083e+01  0.000000e+00
     vertex  1.357532e+01  3.422096e+00  0.000000e+00
     vertex  6.720976e+00  1.228122e+01  0.000000e+00
   endloop
 endfacet
 facet normal  0.000000e+00  0.000000e+00 -1.000000e+00
   outer loop
     vertex  9.797116e+00  1.000083e+01  0.000000e+00
     vertex  9.233849e+00  1.052312e+01  0.000000e+00
     vertex  9.519066e+00  1.026584e+01  0.000000e+00
   endloop
 endfacet
 facet normal  0.000000e+00  0.000000e+00 -1.000000e+00
   outer loop
     vertex  9.797116e+00  1.000083e+01  0.000000e+00
     vertex  6.720976e+00  1.228122e+01  0.000000e+00
     vertex  9.233849e+00  1.052312e+01  0.000000e+00
   endloop
 endfacet
 facet normal  0.000000e+00  0.000000e+00 -1.000000e+00
   outer loop
     vertex  9.797116e+00  1.000083e+01  0.000000e+00
     vertex  1.058621e+01  9.161451e+00  0.000000e+00
     vertex  1.357532e+01  3.422096e+00  0.000000e+00
   endloop
 endfacet
 facet normal  0.000000e+00  1.000000e+00  0.000000e+00
   outer loop
     vertex -2.076952e-01 -6.000000e+00  1.980000e+01
     vertex -2.076952e-01 -6.000000e+00  1.480000e+01
     vertex -1.264911e+01 -6.000000e+00  1.480000e+01
   endloop
 endfacet
 facet normal  0.000000e+00  1.000000e+00  0.000000e+00
   outer loop
     vertex -2.076952e-01 -6.000000e+00  1.980000e+01
     vertex -1.264911e+01 -6.000000e+00  1.480000e+01
     vertex -1.264911e+01 -6.000000e+00  1.980000e+01
   endloop
 endfacet
 facet normal  0.000000e+00  0.000000e+00  1.000000e+00
   outer loop
     vertex -5.300000e+00 -3.059956e+00  1.480000e+01
     vertex -1.275000e+01 -5.782517e+00  1.480000e+01
     vertex -1.271678e+01 -5.855203e+00  1.480000e+01
   endloop
 endfacet
 facet normal  0.000000e+00  0.000000e+00  1.000000e+00
   outer loop
     vertex -5.300000e+00 -3.059956e+00  1.480000e+01
     vertex -1.271678e+01 -5.855203e+00  1.480000e+01
     vertex -1.268315e+01 -5.927698e+00  1.480000e+01
   endloop
 endfacet
 facet normal  0.000000e+00  0.000000e+00  1.000000e+00
   outer loop
     vertex -5.300000e+00 -3.059956e+00  1.480000e+01
     vertex -1.268315e+01 -5.927698e+00  1.480000e+01
     vertex -1.264911e+01 -6.000000e+00  1.480000e+01
   endloop
 endfacet
 facet normal  0.000000e+00  0.000000e+00  1.000000e+00
   outer loop
     vertex -1.275000e+01  5.782517e+00  1.480000e+01
     vertex -1.275000e+01 -5.782517e+00  1.480000e+01
     vertex -5.300000e+00 -3.059956e+00  1.480000e+01
   endloop
 endfacet
 facet normal  0.000000e+00  0.000000e+00  1.000000e+00
   outer loop
     vertex -2.076952e-01 -6.000000e+00  1.480000e+01
     vertex -5.300000e+00 -3.059956e+00  1.480000e+01
     vertex -1.264911e+01 -6.000000e+00  1.480000e+01
   endloop
 endfacet
 facet normal  0.000000e+00  0.000000e+00  1.000000e+00
   outer loop
     vertex -5.300000e+00  3.059956e+00  1.480000e+01
     vertex -1.264911e+01  6.000000e+00  1.480000e+01
     vertex -1.268315e+01  5.927698e+00  1.480000e+01
   endloop
 endfacet
 facet normal  0.000000e+00  0.000000e+00  1.000000e+00
   outer loop
     vertex -5.300000e+00  3.059956e+00  1.480000e+01
     vertex -1.268315e+01  5.927698e+00  1.480000e+01
     vertex -1.271678e+01  5.855203e+00  1.480000e+01
   endloop
 endfacet
 facet normal  0.000000e+00  0.000000e+00  1.000000e+00
   outer loop
     vertex -5.300000e+00  3.059956e+00  1.480000e+01
     vertex -1.271678e+01  5.855203e+00  1.480000e+01
     vertex -1.275000e+01  5.782517e+00  1.480000e+01
   endloop
 endfacet
 facet normal  0.000000e+00  0.000000e+00  1.000000e+00
   outer loop
     vertex -5.300000e+00  3.059956e+00  1.480000e+01
     vertex -1.275000e+01  5.782517e+00  1.480000e+01
     vertex -5.300000e+00 -3.059956e+00  1.480000e+01
   endloop
 endfacet
 facet normal  0.000000e+00  0.000000e+00  1.000000e+00
   outer loop
     vertex -2.076952e-01  6.000000e+00  1.480000e+01
     vertex -1.264911e+01  6.000000e+00  1.480000e+01
     vertex -5.300000e+00  3.059956e+00  1.480000e+01
   endloop
 endfacet
 facet normal  0.000000e+00  0.000000e+00 -1.000000e+00
   outer loop
     vertex -5.300000e+00 -3.059956e+00  1.980000e+01
     vertex -1.271678e+01 -5.855203e+00  1.980000e+01
     vertex -1.275000e+01 -5.782517e+00  1.980000e+01
   endloop
 endfacet
 facet normal  0.000000e+00  0.000000e+00 -1.000000e+00
   outer loop
     vertex -5.300000e+00 -3.059956e+00  1.980000e+01
     vertex -1.268315e+01 -5.927698e+00  1.980000e+01
     vertex -1.271678e+01 -5.855203e+00  1.980000e+01
   endloop
 endfacet
 facet normal  0.000000e+00  0.000000e+00 -1.000000e+00
   outer loop
     vertex -5.300000e+00 -3.059956e+00  1.980000e+01
     vertex -1.264911e+01 -6.000000e+00  1.980000e+01
     vertex -1.268315e+01 -5.927698e+00  1.980000e+01
   endloop
 endfacet
 facet normal  0.000000e+00  0.000000e+00 -1.000000e+00
   outer loop
     vertex -1.275000e+01  5.782517e+00  1.980000e+01
     vertex -5.300000e+00 -3.059956e+00  1.980000e+01
     vertex -1.275000e+01 -5.782517e+00  1.980000e+01
   endloop
 endfacet
 facet normal  0.000000e+00  0.000000e+00 -1.000000e+00
   outer loop
     vertex -2.076952e-01 -6.000000e+00  1.980000e+01
     vertex -1.264911e+01 -6.000000e+00  1.980000e+01
     vertex -5.300000e+00 -3.059956e+00  1.980000e+01
   endloop
 endfacet
 facet normal  0.000000e+00  0.000000e+00 -1.000000e+00
   outer loop
     vertex -5.300000e+00  3.059956e+00  1.980000e+01
     vertex -1.268315e+01  5.927698e+00  1.980000e+01
     vertex -1.264911e+01  6.000000e+00  1.980000e+01
   endloop
 endfacet
 facet normal  0.000000e+00  0.000000e+00 -1.000000e+00
   outer loop
     vertex -5.300000e+00  3.059956e+00  1.980000e+01
     vertex -1.271678e+01  5.855203e+00  1.980000e+01
     vertex -1.268315e+01  5.927698e+00  1.980000e+01
   endloop
 endfacet
 facet normal  0.000000e+00  0.000000e+00 -1.000000e+00
   outer loop
     vertex -5.300000e+00  3.059956e+00  1.980000e+01
     vertex -1.275000e+01  5.782517e+00  1.980000e+01
     vertex -1.271678e+01  5.855203e+00  1.980000e+01
   endloop
 endfacet
 facet normal -0.000000e+00 -0.000000e+00 -1.000000e+00
   outer loop
     vertex -5.300000e+00  3.059956e+00  1.980000e+01
     vertex -5.300000e+00 -3.059956e+00  1.980000e+01
     vertex -1.275000e+01  5.782517e+00  1.980000e+01
   endloop
 endfacet
 facet normal -0.000000e+00  0.000000e+00 -1.000000e+00
   outer loop
     vertex -2.076952e-01  6.000000e+00  1.980000e+01
     vertex -5.300000e+00  3.059956e+00  1.980000e+01
     vertex -1.264911e+01  6.000000e+00  1.980000e+01
   endloop
 endfacet
 facet normal  0.000000e+00 -0.000000e+00  1.000000e+00
   outer loop
     vertex -1.275000e+01 -5.782517e+00  1.480000e+01
     vertex -1.275000e+01  5.782517e+00  1.480000e+01
     vertex -1.290402e+01 -5.430136e+00  1.480000e+01
   endloop
 endfacet
 facet normal  0.000000e+00 -0.000000e+00  1.000000e+00
   outer loop
     vertex -1.290402e+01 -5.430136e+00  1.480000e+01
     vertex -1.275000e+01  5.782517e+00  1.480000e+01
     vertex -1.304829e+01 -5.073657e+00  1.480000e+01
   endloop
 endfacet
 facet normal  0.000000e+00 -0.000000e+00  1.000000e+00
   outer loop
     vertex -1.304829e+01 -5.073657e+00  1.480000e+01
     vertex -1.275000e+01  5.782517e+00  1.480000e+01
     vertex -1.318273e+01 -4.713351e+00  1.480000e+01
   endloop
 endfacet
 facet normal  0.000000e+00 -0.000000e+00  1.000000e+00
   outer loop
     vertex -1.318273e+01 -4.713351e+00  1.480000e+01
     vertex -1.275000e+01  5.782517e+00  1.480000e+01
     vertex -1.330721e+01 -4.349487e+00  1.480000e+01
   endloop
 endfacet
 facet normal  0.000000e+00 -0.000000e+00  1.000000e+00
   outer loop
     vertex -1.330721e+01 -4.349487e+00  1.480000e+01
     vertex -1.275000e+01  5.782517e+00  1.480000e+01
     vertex -1.342166e+01 -3.982342e+00  1.480000e+01
   endloop
 endfacet
 facet normal  0.000000e+00 -0.000000e+00  1.000000e+00
   outer loop
     vertex -1.342166e+01 -3.982342e+00  1.480000e+01
     vertex -1.275000e+01  5.782517e+00  1.480000e+01
     vertex -1.352598e+01 -3.612192e+00  1.480000e+01
   endloop
 endfacet
 facet normal  0.000000e+00 -0.000000e+00  1.000000e+00
   outer loop
     vertex -1.352598e+01 -3.612192e+00  1.480000e+01
     vertex -1.275000e+01  5.782517e+00  1.480000e+01
     vertex -1.362009e+01 -3.239316e+00  1.480000e+01
   endloop
 endfacet
 facet normal  0.000000e+00 -0.000000e+00  1.000000e+00
   outer loop
     vertex -1.362009e+01 -3.239316e+00  1.480000e+01
     vertex -1.275000e+01  5.782517e+00  1.480000e+01
     vertex -1.370392e+01 -2.863996e+00  1.480000e+01
   endloop
 endfacet
 facet normal  0.000000e+00 -0.000000e+00  1.000000e+00
   outer loop
     vertex -1.370392e+01 -2.863996e+00  1.480000e+01
     vertex -1.275000e+01  5.782517e+00  1.480000e+01
     vertex -1.377742e+01 -2.486515e+00  1.480000e+01
   endloop
 endfacet
 facet normal  0.000000e+00 -0.000000e+00  1.000000e+00
   outer loop
     vertex -1.377742e+01 -2.486515e+00  1.480000e+01
     vertex -1.275000e+01  5.782517e+00  1.480000e+01
     vertex -1.384052e+01 -2.107158e+00  1.480000e+01
   endloop
 endfacet
 facet normal  0.000000e+00 -0.000000e+00  1.000000e+00
   outer loop
     vertex -1.384052e+01 -2.107158e+00  1.480000e+01
     vertex -1.275000e+01  5.782517e+00  1.480000e+01
     vertex -1.389317e+01 -1.726211e+00  1.480000e+01
   endloop
 endfacet
 facet normal  0.000000e+00 -0.000000e+00  1.000000e+00
   outer loop
     vertex -1.389317e+01 -1.726211e+00  1.480000e+01
     vertex -1.275000e+01  5.782517e+00  1.480000e+01
     vertex -1.393534e+01 -1.343961e+00  1.480000e+01
   endloop
 endfacet
 facet normal  0.000000e+00 -0.000000e+00  1.000000e+00
   outer loop
     vertex -1.393534e+01 -1.343961e+00  1.480000e+01
     vertex -1.275000e+01  5.782517e+00  1.480000e+01
     vertex -1.396700e+01 -9.606971e-01  1.480000e+01
   endloop
 endfacet
 facet normal  0.000000e+00 -0.000000e+00  1.000000e+00
   outer loop
     vertex -1.396700e+01 -9.606971e-01  1.480000e+01
     vertex -1.275000e+01  5.782517e+00  1.480000e+01
     vertex -1.398812e+01 -5.767084e-01  1.480000e+01
   endloop
 endfacet
 facet normal  0.000000e+00 -0.000000e+00  1.000000e+00
   outer loop
     vertex -1.398812e+01 -5.767084e-01  1.480000e+01
     vertex -1.275000e+01  5.782517e+00  1.480000e+01
     vertex -1.399868e+01 -1.922845e-01  1.480000e+01
   endloop
 endfacet
 facet normal  0.000000e+00 -0.000000e+00  1.000000e+00
   outer loop
     vertex -1.399868e+01 -1.922845e-01  1.480000e+01
     vertex -1.275000e+01  5.782517e+00  1.480000e+01
     vertex -1.399868e+01  1.922845e-01  1.480000e+01
   endloop
 endfacet
 facet normal  0.000000e+00  0.000000e+00  1.000000e+00
   outer loop
     vertex -1.399868e+01  1.922845e-01  1.480000e+01
     vertex -1.275000e+01  5.782517e+00  1.480000e+01
     vertex -1.398812e+01  5.767084e-01  1.480000e+01
   endloop
 endfacet
 facet normal  0.000000e+00  0.000000e+00  1.000000e+00
   outer loop
     vertex -1.398812e+01  5.767084e-01  1.480000e+01
     vertex -1.275000e+01  5.782517e+00  1.480000e+01
     vertex -1.396700e+01  9.606971e-01  1.480000e+01
   endloop
 endfacet
 facet normal  0.000000e+00  0.000000e+00  1.000000e+00
   outer loop
     vertex -1.396700e+01  9.606971e-01  1.480000e+01
     vertex -1.275000e+01  5.782517e+00  1.480000e+01
     vertex -1.393534e+01  1.343961e+00  1.480000e+01
   endloop
 endfacet
 facet normal  0.000000e+00  0.000000e+00  1.000000e+00
   outer loop
     vertex -1.393534e+01  1.343961e+00  1.480000e+01
     vertex -1.275000e+01  5.782517e+00  1.480000e+01
     vertex -1.389317e+01  1.726211e+00  1.480000e+01
   endloop
 endfacet
 facet normal  0.000000e+00  0.000000e+00  1.000000e+00
   outer loop
     vertex -1.389317e+01  1.726211e+00  1.480000e+01
     vertex -1.275000e+01  5.782517e+00  1.480000e+01
     vertex -1.384052e+01  2.107158e+00  1.480000e+01
   endloop
 endfacet
 facet normal  0.000000e+00  0.000000e+00  1.000000e+00
   outer loop
     vertex -1.384052e+01  2.107158e+00  1.480000e+01
     vertex -1.275000e+01  5.782517e+00  1.480000e+01
     vertex -1.377742e+01  2.486515e+00  1.480000e+01
   endloop
 endfacet
 facet normal  0.000000e+00  0.000000e+00  1.000000e+00
   outer loop
     vertex -1.377742e+01  2.486515e+00  1.480000e+01
     vertex -1.275000e+01  5.782517e+00  1.480000e+01
     vertex -1.370392e+01  2.863996e+00  1.480000e+01
   endloop
 endfacet
 facet normal  0.000000e+00  0.000000e+00  1.000000e+00
   outer loop
     vertex -1.370392e+01  2.863996e+00  1.480000e+01
     vertex -1.275000e+01  5.782517e+00  1.480000e+01
     vertex -1.362009e+01  3.239316e+00  1.480000e+01
   endloop
 endfacet
 facet normal  0.000000e+00  0.000000e+00  1.000000e+00
   outer loop
     vertex -1.362009e+01  3.239316e+00  1.480000e+01
     vertex -1.275000e+01  5.782517e+00  1.480000e+01
     vertex -1.352598e+01  3.612192e+00  1.480000e+01
   endloop
 endfacet
 facet normal  0.000000e+00  0.000000e+00  1.000000e+00
   outer loop
     vertex -1.352598e+01  3.612192e+00  1.480000e+01
     vertex -1.275000e+01  5.782517e+00  1.480000e+01
     vertex -1.342166e+01  3.982342e+00  1.480000e+01
   endloop
 endfacet
 facet normal  0.000000e+00  0.000000e+00  1.000000e+00
   outer loop
     vertex -1.342166e+01  3.982342e+00  1.480000e+01
     vertex -1.275000e+01  5.782517e+00  1.480000e+01
     vertex -1.330721e+01  4.349487e+00  1.480000e+01
   endloop
 endfacet
 facet normal  0.000000e+00  0.000000e+00  1.000000e+00
   outer loop
     vertex -1.330721e+01  4.349487e+00  1.480000e+01
     vertex -1.275000e+01  5.782517e+00  1.480000e+01
     vertex -1.318273e+01  4.713351e+00  1.480000e+01
   endloop
 endfacet
 facet normal  0.000000e+00  0.000000e+00  1.000000e+00
   outer loop
     vertex -1.318273e+01  4.713351e+00  1.480000e+01
     vertex -1.275000e+01  5.782517e+00  1.480000e+01
     vertex -1.304829e+01  5.073657e+00  1.480000e+01
   endloop
 endfacet
 facet normal  0.000000e+00  0.000000e+00  1.000000e+00
   outer loop
     vertex -1.304829e+01  5.073657e+00  1.480000e+01
     vertex -1.275000e+01  5.782517e+00  1.480000e+01
     vertex -1.290402e+01  5.430136e+00  1.480000e+01
   endloop
 endfacet
 facet normal  0.000000e+00  0.000000e+00 -1.000000e+00
   outer loop
     vertex -1.275000e+01 -5.782517e+00  1.980000e+01
     vertex -1.290402e+01 -5.430136e+00  1.980000e+01
     vertex -1.275000e+01  5.782517e+00  1.980000e+01
   endloop
 endfacet
 facet normal  0.000000e+00  0.000000e+00 -1.000000e+00
   outer loop
     vertex -1.290402e+01 -5.430136e+00  1.980000e+01
     vertex -1.304829e+01 -5.073657e+00  1.980000e+01
     vertex -1.275000e+01  5.782517e+00  1.980000e+01
   endloop
 endfacet
 facet normal  0.000000e+00  0.000000e+00 -1.000000e+00
   outer loop
     vertex -1.304829e+01 -5.073657e+00  1.980000e+01
     vertex -1.318273e+01 -4.713351e+00  1.980000e+01
     vertex -1.275000e+01  5.782517e+00  1.980000e+01
   endloop
 endfacet
 facet normal  0.000000e+00  0.000000e+00 -1.000000e+00
   outer loop
     vertex -1.318273e+01 -4.713351e+00  1.980000e+01
     vertex -1.330721e+01 -4.349487e+00  1.980000e+01
     vertex -1.275000e+01  5.782517e+00  1.980000e+01
   endloop
 endfacet
 facet normal  0.000000e+00  0.000000e+00 -1.000000e+00
   outer loop
     vertex -1.330721e+01 -4.349487e+00  1.980000e+01
     vertex -1.342166e+01 -3.982342e+00  1.980000e+01
     vertex -1.275000e+01  5.782517e+00  1.980000e+01
   endloop
 endfacet
 facet normal  0.000000e+00  0.000000e+00 -1.000000e+00
   outer loop
     vertex -1.342166e+01 -3.982342e+00  1.980000e+01
     vertex -1.352598e+01 -3.612192e+00  1.980000e+01
     vertex -1.275000e+01  5.782517e+00  1.980000e+01
   endloop
 endfacet
 facet normal  0.000000e+00  0.000000e+00 -1.000000e+00
   outer loop
     vertex -1.352598e+01 -3.612192e+00  1.980000e+01
     vertex -1.362009e+01 -3.239316e+00  1.980000e+01
     vertex -1.275000e+01  5.782517e+00  1.980000e+01
   endloop
 endfacet
 facet normal  0.000000e+00  0.000000e+00 -1.000000e+00
   outer loop
     vertex -1.362009e+01 -3.239316e+00  1.980000e+01
     vertex -1.370392e+01 -2.863996e+00  1.980000e+01
     vertex -1.275000e+01  5.782517e+00  1.980000e+01
   endloop
 endfacet
 facet normal  0.000000e+00  0.000000e+00 -1.000000e+00
   outer loop
     vertex -1.370392e+01 -2.863996e+00  1.980000e+01
     vertex -1.377742e+01 -2.486515e+00  1.980000e+01
     vertex -1.275000e+01  5.782517e+00  1.980000e+01
   endloop
 endfacet
 facet normal  0.000000e+00  0.000000e+00 -1.000000e+00
   outer loop
     vertex -1.377742e+01 -2.486515e+00  1.980000e+01
     vertex -1.384052e+01 -2.107158e+00  1.980000e+01
     vertex -1.275000e+01  5.782517e+00  1.980000e+01
   endloop
 endfacet
 facet normal  0.000000e+00  0.000000e+00 -1.000000e+00
   outer loop
     vertex -1.384052e+01 -2.107158e+00  1.980000e+01
     vertex -1.389317e+01 -1.726211e+00  1.980000e+01
     vertex -1.275000e+01  5.782517e+00  1.980000e+01
   endloop
 endfacet
 facet normal  0.000000e+00  0.000000e+00 -1.000000e+00
   outer loop
     vertex -1.389317e+01 -1.726211e+00  1.980000e+01
     vertex -1.393534e+01 -1.343961e+00  1.980000e+01
     vertex -1.275000e+01  5.782517e+00  1.980000e+01
   endloop
 endfacet
 facet normal  0.000000e+00  0.000000e+00 -1.000000e+00
   outer loop
     vertex -1.393534e+01 -1.343961e+00  1.980000e+01
     vertex -1.396700e+01 -9.606971e-01  1.980000e+01
     vertex -1.275000e+01  5.782517e+00  1.980000e+01
   endloop
 endfacet
 facet normal  0.000000e+00  0.000000e+00 -1.000000e+00
   outer loop
     vertex -1.396700e+01 -9.606971e-01  1.980000e+01
     vertex -1.398812e+01 -5.767084e-01  1.980000e+01
     vertex -1.275000e+01  5.782517e+00  1.980000e+01
   endloop
 endfacet
 facet normal  0.000000e+00  0.000000e+00 -1.000000e+00
   outer loop
     vertex -1.398812e+01 -5.767084e-01  1.980000e+01
     vertex -1.399868e+01 -1.922845e-01  1.980000e+01
     vertex -1.275000e+01  5.782517e+00  1.980000e+01
   endloop
 endfacet
 facet normal  0.000000e+00  0.000000e+00 -1.000000e+00
   outer loop
     vertex -1.399868e+01 -1.922845e-01  1.980000e+01
     vertex -1.399868e+01  1.922845e-01  1.980000e+01
     vertex -1.275000e+01  5.782517e+00  1.980000e+01
   endloop
 endfacet
 facet normal  0.000000e+00  0.000000e+00 -1.000000e+00
   outer loop
     vertex -1.399868e+01  1.922845e-01  1.980000e+01
     vertex -1.398812e+01  5.767084e-01  1.980000e+01
     vertex -1.275000e+01  5.782517e+00  1.980000e+01
   endloop
 endfacet
 facet normal  0.000000e+00  0.000000e+00 -1.000000e+00
   outer loop
     vertex -1.398812e+01  5.767084e-01  1.980000e+01
     vertex -1.396700e+01  9.606971e-01  1.980000e+01
     vertex -1.275000e+01  5.782517e+00  1.980000e+01
   endloop
 endfacet
 facet normal  0.000000e+00  0.000000e+00 -1.000000e+00
   outer loop
     vertex -1.396700e+01  9.606971e-01  1.980000e+01
     vertex -1.393534e+01  1.343961e+00  1.980000e+01
     vertex -1.275000e+01  5.782517e+00  1.980000e+01
   endloop
 endfacet
 facet normal  0.000000e+00  0.000000e+00 -1.000000e+00
   outer loop
     vertex -1.393534e+01  1.343961e+00  1.980000e+01
     vertex -1.389317e+01  1.726211e+00  1.980000e+01
     vertex -1.275000e+01  5.782517e+00  1.980000e+01
   endloop
 endfacet
 facet normal  0.000000e+00  0.000000e+00 -1.000000e+00
   outer loop
     vertex -1.389317e+01  1.726211e+00  1.980000e+01
     vertex -1.384052e+01  2.107158e+00  1.980000e+01
     vertex -1.275000e+01  5.782517e+00  1.980000e+01
   endloop
 endfacet
 facet normal  0.000000e+00  0.000000e+00 -1.000000e+00
   outer loop
     vertex -1.384052e+01  2.107158e+00  1.980000e+01
     vertex -1.377742e+01  2.486515e+00  1.980000e+01
     vertex -1.275000e+01  5.782517e+00  1.980000e+01
   endloop
 endfacet
 facet normal  0.000000e+00  0.000000e+00 -1.000000e+00
   outer loop
     vertex -1.377742e+01  2.486515e+00  1.980000e+01
     vertex -1.370392e+01  2.863996e+00  1.980000e+01
     vertex -1.275000e+01  5.782517e+00  1.980000e+01
   endloop
 endfacet
 facet normal  0.000000e+00  0.000000e+00 -1.000000e+00
   outer loop
     vertex -1.370392e+01  2.863996e+00  1.980000e+01
     vertex -1.362009e+01  3.239316e+00  1.980000e+01
     vertex -1.275000e+01  5.782517e+00  1.980000e+01
   endloop
 endfacet
 facet normal  0.000000e+00  0.000000e+00 -1.000000e+00
   outer loop
     vertex -1.362009e+01  3.239316e+00  1.980000e+01
     vertex -1.352598e+01  3.612192e+00  1.980000e+01
     vertex -1.275000e+01  5.782517e+00  1.980000e+01
   endloop
 endfacet
 facet normal  0.000000e+00  0.000000e+00 -1.000000e+00
   outer loop
     vertex -1.352598e+01  3.612192e+00  1.980000e+01
     vertex -1.342166e+01  3.982342e+00  1.980000e+01
     vertex -1.275000e+01  5.782517e+00  1.980000e+01
   endloop
 endfacet
 facet normal  0.000000e+00  0.000000e+00 -1.000000e+00
   outer loop
     vertex -1.342166e+01  3.982342e+00  1.980000e+01
     vertex -1.330721e+01  4.349487e+00  1.980000e+01
     vertex -1.275000e+01  5.782517e+00  1.980000e+01
   endloop
 endfacet
 facet normal  0.000000e+00  0.000000e+00 -1.000000e+00
   outer loop
     vertex -1.330721e+01  4.349487e+00  1.980000e+01
     vertex -1.318273e+01  4.713351e+00  1.980000e+01
     vertex -1.275000e+01  5.782517e+00  1.980000e+01
   endloop
 endfacet
 facet normal  0.000000e+00  0.000000e+00 -1.000000e+00
   outer loop
     vertex -1.318273e+01  4.713351e+00  1.980000e+01
     vertex -1.304829e+01  5.073657e+00  1.980000e+01
     vertex -1.275000e+01  5.782517e+00  1.980000e+01
   endloop
 endfacet
 facet normal  0.000000e+00  0.000000e+00 -1.000000e+00
   outer loop
     vertex -1.304829e+01  5.073657e+00  1.980000e+01
     vertex -1.290402e+01  5.430136e+00  1.980000e+01
     vertex -1.275000e+01  5.782517e+00  1.980000e+01
   endloop
 endfacet
 facet normal  0.000000e+00 -1.000000e+00 -0.000000e+00
   outer loop
     vertex -2.076952e-01  6.000000e+00  1.980000e+01
     vertex -1.264911e+01  6.000000e+00  1.480000e+01
     vertex -2.076952e-01  6.000000e+00  1.480000e+01
   endloop
 endfacet
 facet normal -0.000000e+00 -1.000000e+00  0.000000e+00
   outer loop
     vertex -2.076952e-01  6.000000e+00  1.980000e+01
     vertex -1.264911e+01  6.000000e+00  1.980000e+01
     vertex -1.264911e+01  6.000000e+00  1.480000e+01
   endloop
 endfacet
 facet normal  9.999059e-01  1.371831e-02 -1.252417e-19
   outer loop
     vertex  8.996613e+00  2.469064e-01  2.400000e+01
     vertex  9.000000e+00 -2.204364e-15  2.400000e+01
     vertex  9.000000e+00 -2.204364e-15  2.250000e+01
   endloop
 endfacet
 facet normal  9.999059e-01  1.371831e-02  0.000000e+00
   outer loop
     vertex  8.996613e+00  2.469064e-01  2.400000e+01
     vertex  9.000000e+00 -2.204364e-15  2.250000e+01
     vertex  8.996613e+00  2.469064e-01  2.250000e+01
   endloop
 endfacet
 facet normal  9.991532e-01  4.114462e-02  0.000000e+00
   outer loop
     vertex  8.986453e+00  4.936270e-01  2.400000e+01
     vertex  8.996613e+00  2.469064e-01  2.250000e+01
     vertex  8.986453e+00  4.936270e-01  2.250000e+01
   endloop
 endfacet
 facet normal  9.991532e-01  4.114462e-02 -4.932420e-19
   outer loop
     vertex  8.986453e+00  4.936270e-01  2.400000e+01
     vertex  8.996613e+00  2.469064e-01  2.400000e+01
     vertex  8.996613e+00  2.469064e-01  2.250000e+01
   endloop
 endfacet
 facet normal  9.976484e-01  6.853995e-02  0.000000e+00
   outer loop
     vertex  8.969528e+00  7.399760e-01  2.400000e+01
     vertex  8.986453e+00  4.936270e-01  2.250000e+01
     vertex  8.969528e+00  7.399760e-01  2.250000e+01
   endloop
 endfacet
 facet normal  9.976484e-01  6.853995e-02 -5.948444e-19
   outer loop
     vertex  8.969528e+00  7.399760e-01  2.400000e+01
     vertex  8.986453e+00  4.936270e-01  2.400000e+01
     vertex  8.986453e+00  4.936270e-01  2.250000e+01
   endloop
 endfacet
 facet normal  9.953925e-01  9.588368e-02  0.000000e+00
   outer loop
     vertex  8.945852e+00  9.857679e-01  2.400000e+01
     vertex  8.969528e+00  7.399760e-01  2.250000e+01
     vertex  8.945852e+00  9.857679e-01  2.250000e+01
   endloop
 endfacet
 facet normal  9.953925e-01  9.588368e-02  6.409322e-20
   outer loop
     vertex  8.945852e+00  9.857679e-01  2.400000e+01
     vertex  8.969528e+00  7.399760e-01  2.400000e+01
     vertex  8.969528e+00  7.399760e-01  2.250000e+01
   endloop
 endfacet
 facet normal  9.923874e-01  1.231552e-01  0.000000e+00
   outer loop
     vertex  8.915441e+00  1.230818e+00  2.400000e+01
     vertex  8.945852e+00  9.857679e-01  2.250000e+01
     vertex  8.915441e+00  1.230818e+00  2.250000e+01
   endloop
 endfacet
 facet normal  9.923874e-01  1.231552e-01  8.235890e-19
   outer loop
     vertex  8.915441e+00  1.230818e+00  2.400000e+01
     vertex  8.945852e+00  9.857679e-01  2.400000e+01
     vertex  8.945852e+00  9.857679e-01  2.250000e+01
   endloop
 endfacet
 facet normal  9.886353e-01  1.503341e-01  0.000000e+00
   outer loop
     vertex  8.878319e+00  1.474941e+00  2.400000e+01
     vertex  8.915441e+00  1.230818e+00  2.250000e+01
     vertex  8.878319e+00  1.474941e+00  2.250000e+01
   endloop
 endfacet
 facet normal  9.841389e-01  1.773998e-01  0.000000e+00
   outer loop
     vertex  8.878319e+00  1.474941e+00  2.400000e+01
     vertex  8.878319e+00  1.474941e+00  2.250000e+01
     vertex  8.834514e+00  1.717954e+00  2.250000e+01
   endloop
 endfacet
 facet normal  9.886353e-01  1.503341e-01  9.956780e-19
   outer loop
     vertex  8.878319e+00  1.474941e+00  2.400000e+01
     vertex  8.915441e+00  1.230818e+00  2.400000e+01
     vertex  8.915441e+00  1.230818e+00  2.250000e+01
   endloop
 endfacet
 facet normal  9.841389e-01  1.773998e-01  0.000000e+00
   outer loop
     vertex  8.834514e+00  1.717954e+00  2.400000e+01
     vertex  8.878319e+00  1.474941e+00  2.400000e+01
     vertex  8.834514e+00  1.717954e+00  2.250000e+01
   endloop
 endfacet
 facet normal  9.789017e-01  2.043319e-01  0.000000e+00
   outer loop
     vertex  8.784058e+00  1.959674e+00  2.400000e+01
     vertex  8.834514e+00  1.717954e+00  2.250000e+01
     vertex  8.784058e+00  1.959674e+00  2.250000e+01
   endloop
 endfacet
 facet normal  9.729276e-01  2.311102e-01  0.000000e+00
   outer loop
     vertex  8.784058e+00  1.959674e+00  2.400000e+01
     vertex  8.784058e+00  1.959674e+00  2.250000e+01
     vertex  8.726990e+00  2.199919e+00  2.250000e+01
   endloop
 endfacet
 facet normal  9.789017e-01  2.043319e-01  2.003547e-19
   outer loop
     vertex  8.784058e+00  1.959674e+00  2.400000e+01
     vertex  8.834514e+00  1.717954e+00  2.400000e+01
     vertex  8.834514e+00  1.717954e+00  2.250000e+01
   endloop
 endfacet
 facet normal  9.729276e-01  2.311102e-01  0.000000e+00
   outer loop
     vertex  8.726990e+00  2.199919e+00  2.400000e+01
     vertex  8.784058e+00  1.959674e+00  2.400000e+01
     vertex  8.726990e+00  2.199919e+00  2.250000e+01
   endloop
 endfacet
 facet normal  9.662211e-01  2.577146e-01 -2.149729e-18
   outer loop
     vertex  8.663353e+00  2.438507e+00  2.400000e+01
     vertex  8.726990e+00  2.199919e+00  2.400000e+01
     vertex  8.726990e+00  2.199919e+00  2.250000e+01
   endloop
 endfacet
 facet normal  9.662211e-01  2.577146e-01  0.000000e+00
   outer loop
     vertex  8.663353e+00  2.438507e+00  2.400000e+01
     vertex  8.726990e+00  2.199919e+00  2.250000e+01
     vertex  8.663353e+00  2.438507e+00  2.250000e+01
   endloop
 endfacet
 facet normal  9.587873e-01  2.841250e-01  0.000000e+00
   outer loop
     vertex  8.663353e+00  2.438507e+00  2.400000e+01
     vertex  8.663353e+00  2.438507e+00  2.250000e+01
     vertex  8.593194e+00  2.675261e+00  2.250000e+01
   endloop
 endfacet
 facet normal  9.587873e-01  2.841250e-01  0.000000e+00
   outer loop
     vertex  8.593194e+00  2.675261e+00  2.400000e+01
     vertex  8.663353e+00  2.438507e+00  2.400000e+01
     vertex  8.593194e+00  2.675261e+00  2.250000e+01
   endloop
 endfacet
 facet normal  9.506317e-01  3.103214e-01  0.000000e+00
   outer loop
     vertex  8.593194e+00  2.675261e+00  2.400000e+01
     vertex  8.593194e+00  2.675261e+00  2.250000e+01
     vertex  8.516566e+00  2.910000e+00  2.250000e+01
   endloop
 endfacet
 facet normal  9.506317e-01  3.103214e-01  0.000000e+00
   outer loop
     vertex  8.516566e+00  2.910000e+00  2.400000e+01
     vertex  8.593194e+00  2.675261e+00  2.400000e+01
     vertex  8.516566e+00  2.910000e+00  2.250000e+01
   endloop
 endfacet
 facet normal  9.417605e-01  3.362843e-01  3.303029e-18
   outer loop
     vertex  8.433528e+00  3.142548e+00  2.400000e+01
     vertex  8.516566e+00  2.910000e+00  2.400000e+01
     vertex  8.516566e+00  2.910000e+00  2.250000e+01
   endloop
 endfacet
 facet normal  9.417605e-01  3.362843e-01  0.000000e+00
   outer loop
     vertex  8.433528e+00  3.142548e+00  2.400000e+01
     vertex  8.516566e+00  2.910000e+00  2.250000e+01
     vertex  8.433528e+00  3.142548e+00  2.250000e+01
   endloop
 endfacet
 facet normal  9.321804e-01  3.619940e-01 -2.514949e-18
   outer loop
     vertex  8.344141e+00  3.372731e+00  2.400000e+01
     vertex  8.433528e+00  3.142548e+00  2.400000e+01
     vertex  8.433528e+00  3.142548e+00  2.250000e+01
   endloop
 endfacet
 facet normal  9.321804e-01  3.619940e-01  0.000000e+00
   outer loop
     vertex  8.344141e+00  3.372731e+00  2.400000e+01
     vertex  8.433528e+00  3.142548e+00  2.250000e+01
     vertex  8.344141e+00  3.372731e+00  2.250000e+01
   endloop
 endfacet
 facet normal  9.218986e-01  3.874313e-01  2.715218e-18
   outer loop
     vertex  8.248472e+00  3.600375e+00  2.400000e+01
     vertex  8.344141e+00  3.372731e+00  2.400000e+01
     vertex  8.344141e+00  3.372731e+00  2.250000e+01
   endloop
 endfacet
 facet normal  9.218986e-01  3.874313e-01  0.000000e+00
   outer loop
     vertex  8.248472e+00  3.600375e+00  2.400000e+01
     vertex  8.344141e+00  3.372731e+00  2.250000e+01
     vertex  8.248472e+00  3.600375e+00  2.250000e+01
   endloop
 endfacet
 facet normal  9.109228e-01  4.125769e-01  2.672841e-18
   outer loop
     vertex  8.146595e+00  3.825309e+00  2.400000e+01
     vertex  8.248472e+00  3.600375e+00  2.400000e+01
     vertex  8.248472e+00  3.600375e+00  2.250000e+01
   endloop
 endfacet
 facet normal  9.109228e-01  4.125769e-01  0.000000e+00
   outer loop
     vertex  8.146595e+00  3.825309e+00  2.400000e+01
     vertex  8.248472e+00  3.600375e+00  2.250000e+01
     vertex  8.146595e+00  3.825309e+00  2.250000e+01
   endloop
 endfacet
 facet normal  8.992613e-01  4.374119e-01  1.982148e-18
   outer loop
     vertex  8.038585e+00  4.047364e+00  2.400000e+01
     vertex  8.146595e+00  3.825309e+00  2.400000e+01
     vertex  8.146595e+00  3.825309e+00  2.250000e+01
   endloop
 endfacet
 facet normal  8.992613e-01  4.374119e-01  0.000000e+00
   outer loop
     vertex  8.038585e+00  4.047364e+00  2.400000e+01
     vertex  8.146595e+00  3.825309e+00  2.250000e+01
     vertex  8.038585e+00  4.047364e+00  2.250000e+01
   endloop
 endfacet
 facet normal  8.869228e-01  4.619176e-01 -4.111654e-18
   outer loop
     vertex  7.924524e+00  4.266371e+00  2.400000e+01
     vertex  8.038585e+00  4.047364e+00  2.400000e+01
     vertex  8.038585e+00  4.047364e+00  2.250000e+01
   endloop
 endfacet
 facet normal  8.869228e-01  4.619176e-01  0.000000e+00
   outer loop
     vertex  7.924524e+00  4.266371e+00  2.400000e+01
     vertex  8.038585e+00  4.047364e+00  2.250000e+01
     vertex  7.924524e+00  4.266371e+00  2.250000e+01
   endloop
 endfacet
 facet normal  8.739167e-01  4.860756e-01  0.000000e+00
   outer loop
     vertex  7.924524e+00  4.266371e+00  2.400000e+01
     vertex  7.924524e+00  4.266371e+00  2.250000e+01
     vertex  7.804497e+00  4.482167e+00  2.250000e+01
   endloop
 endfacet
 facet normal  8.739167e-01  4.860756e-01  0.000000e+00
   outer loop
     vertex  7.804497e+00  4.482167e+00  2.400000e+01
     vertex  7.924524e+00  4.266371e+00  2.400000e+01
     vertex  7.804497e+00  4.482167e+00  2.250000e+01
   endloop
 endfacet
 facet normal  8.602528e-01  5.098678e-01 -1.996286e-19
   outer loop
     vertex  7.678596e+00  4.694589e+00  2.400000e+01
     vertex  7.804497e+00  4.482167e+00  2.400000e+01
     vertex  7.804497e+00  4.482167e+00  2.250000e+01
   endloop
 endfacet
 facet normal  8.602528e-01  5.098678e-01  0.000000e+00
   outer loop
     vertex  7.678596e+00  4.694589e+00  2.400000e+01
     vertex  7.804497e+00  4.482167e+00  2.250000e+01
     vertex  7.678596e+00  4.694589e+00  2.250000e+01
   endloop
 endfacet
 facet normal  8.459413e-01  5.332761e-01  2.547960e-18
   outer loop
     vertex  7.546914e+00  4.903477e+00  2.400000e+01
     vertex  7.678596e+00  4.694589e+00  2.400000e+01
     vertex  7.678596e+00  4.694589e+00  2.250000e+01
   endloop
 endfacet
 facet normal  8.459413e-01  5.332761e-01  0.000000e+00
   outer loop
     vertex  7.546914e+00  4.903477e+00  2.400000e+01
     vertex  7.678596e+00  4.694589e+00  2.250000e+01
     vertex  7.546914e+00  4.903477e+00  2.250000e+01
   endloop
 endfacet
 facet normal  8.309929e-01  5.562829e-01  0.000000e+00
   outer loop
     vertex  7.409551e+00  5.108674e+00  2.400000e+01
     vertex  7.546914e+00  4.903477e+00  2.250000e+01
     vertex  7.409551e+00  5.108674e+00  2.250000e+01
   endloop
 endfacet
 facet normal  8.309929e-01  5.562829e-01  3.509982e-18
   outer loop
     vertex  7.409551e+00  5.108674e+00  2.400000e+01
     vertex  7.546914e+00  4.903477e+00  2.400000e+01
     vertex  7.546914e+00  4.903477e+00  2.250000e+01
   endloop
 endfacet
 facet normal  8.154191e-01  5.788711e-01  0.000000e+00
   outer loop
     vertex  7.409551e+00  5.108674e+00  2.400000e+01
     vertex  7.409551e+00  5.108674e+00  2.250000e+01
     vertex  7.266611e+00  5.310025e+00  2.250000e+01
   endloop
 endfacet
 facet normal  8.154191e-01  5.788711e-01  0.000000e+00
   outer loop
     vertex  7.266611e+00  5.310025e+00  2.400000e+01
     vertex  7.409551e+00  5.108674e+00  2.400000e+01
     vertex  7.266611e+00  5.310025e+00  2.250000e+01
   endloop
 endfacet
 facet normal  7.992314e-01  6.010234e-01  7.146459e-19
   outer loop
     vertex  7.118200e+00  5.507379e+00  2.400000e+01
     vertex  7.266611e+00  5.310025e+00  2.400000e+01
     vertex  7.266611e+00  5.310025e+00  2.250000e+01
   endloop
 endfacet
 facet normal  7.992314e-01  6.010234e-01  0.000000e+00
   outer loop
     vertex  7.118200e+00  5.507379e+00  2.400000e+01
     vertex  7.266611e+00  5.310025e+00  2.250000e+01
     vertex  7.118200e+00  5.507379e+00  2.250000e+01
   endloop
 endfacet
 facet normal  7.824421e-01  6.227234e-01  0.000000e+00
   outer loop
     vertex  6.964432e+00  5.700587e+00  2.400000e+01
     vertex  7.118200e+00  5.507379e+00  2.250000e+01
     vertex  6.964432e+00  5.700587e+00  2.250000e+01
   endloop
 endfacet
 facet normal  7.824421e-01  6.227234e-01 -1.953901e-18
   outer loop
     vertex  6.964432e+00  5.700587e+00  2.400000e+01
     vertex  7.118200e+00  5.507379e+00  2.400000e+01
     vertex  7.118200e+00  5.507379e+00  2.250000e+01
   endloop
 endfacet
 facet normal  7.650637e-01  6.439545e-01  0.000000e+00
   outer loop
     vertex  6.805420e+00  5.889504e+00  2.400000e+01
     vertex  6.964432e+00  5.700587e+00  2.250000e+01
     vertex  6.805420e+00  5.889504e+00  2.250000e+01
   endloop
 endfacet
 facet normal  7.650637e-01  6.439545e-01 -2.325145e-18
   outer loop
     vertex  6.805420e+00  5.889504e+00  2.400000e+01
     vertex  6.964432e+00  5.700587e+00  2.400000e+01
     vertex  6.964432e+00  5.700587e+00  2.250000e+01
   endloop
 endfacet
 facet normal  7.471095e-01  6.647010e-01  0.000000e+00
   outer loop
     vertex  6.641286e+00  6.073988e+00  2.400000e+01
     vertex  6.805420e+00  5.889504e+00  2.250000e+01
     vertex  6.641286e+00  6.073988e+00  2.250000e+01
   endloop
 endfacet
 facet normal  7.471095e-01  6.647010e-01 -3.254568e-18
   outer loop
     vertex  6.641286e+00  6.073988e+00  2.400000e+01
     vertex  6.805420e+00  5.889504e+00  2.400000e+01
     vertex  6.805420e+00  5.889504e+00  2.250000e+01
   endloop
 endfacet
 facet normal  7.285929e-01  6.849470e-01  0.000000e+00
   outer loop
     vertex  6.472152e+00  6.253899e+00  2.400000e+01
     vertex  6.641286e+00  6.073988e+00  2.250000e+01
     vertex  6.472152e+00  6.253899e+00  2.250000e+01
   endloop
 endfacet
 facet normal  7.285929e-01  6.849470e-01  3.807850e-18
   outer loop
     vertex  6.472152e+00  6.253899e+00  2.400000e+01
     vertex  6.641286e+00  6.073988e+00  2.400000e+01
     vertex  6.641286e+00  6.073988e+00  2.250000e+01
   endloop
 endfacet
 facet normal  7.095278e-01  7.046775e-01  0.000000e+00
   outer loop
     vertex  6.298146e+00  6.429102e+00  2.400000e+01
     vertex  6.472152e+00  6.253899e+00  2.250000e+01
     vertex  6.298146e+00  6.429102e+00  2.250000e+01
   endloop
 endfacet
 facet normal  6.899286e-01  7.238775e-01  0.000000e+00
   outer loop
     vertex  6.298146e+00  6.429102e+00  2.400000e+01
     vertex  6.298146e+00  6.429102e+00  2.250000e+01
     vertex  6.119399e+00  6.599466e+00  2.250000e+01
   endloop
 endfacet
 facet normal  7.095278e-01  7.046775e-01  1.935807e-18
   outer loop
     vertex  6.298146e+00  6.429102e+00  2.400000e+01
     vertex  6.472152e+00  6.253899e+00  2.400000e+01
     vertex  6.472152e+00  6.253899e+00  2.250000e+01
   endloop
 endfacet
 facet normal  6.899286e-01  7.238775e-01  0.000000e+00
   outer loop
     vertex  6.119399e+00  6.599466e+00  2.400000e+01
     vertex  6.298146e+00  6.429102e+00  2.400000e+01
     vertex  6.119399e+00  6.599466e+00  2.250000e+01
   endloop
 endfacet
 facet normal  6.698100e-01  7.425325e-01  0.000000e+00
   outer loop
     vertex  5.936046e+00  6.764862e+00  2.400000e+01
     vertex  6.119399e+00  6.599466e+00  2.250000e+01
     vertex  5.936046e+00  6.764862e+00  2.250000e+01
   endloop
 endfacet
 facet normal  6.698100e-01  7.425325e-01  1.194082e-18
   outer loop
     vertex  5.936046e+00  6.764862e+00  2.400000e+01
     vertex  6.119399e+00  6.599466e+00  2.400000e+01
     vertex  6.119399e+00  6.599466e+00  2.250000e+01
   endloop
 endfacet
 facet normal  6.491872e-01  7.606287e-01  0.000000e+00
   outer loop
     vertex  5.748224e+00  6.925166e+00  2.400000e+01
     vertex  5.936046e+00  6.764862e+00  2.250000e+01
     vertex  5.748224e+00  6.925166e+00  2.250000e+01
   endloop
 endfacet
 facet normal  6.280757e-01  7.781522e-01  0.000000e+00
   outer loop
     vertex  5.748224e+00  6.925166e+00  2.400000e+01
     vertex  5.748224e+00  6.925166e+00  2.250000e+01
     vertex  5.556075e+00  7.080256e+00  2.250000e+01
   endloop
 endfacet
 facet normal  6.491872e-01  7.606287e-01  4.570433e-18
   outer loop
     vertex  5.748224e+00  6.925166e+00  2.400000e+01
     vertex  5.936046e+00  6.764862e+00  2.400000e+01
     vertex  5.936046e+00  6.764862e+00  2.250000e+01
   endloop
 endfacet
 facet normal  6.280757e-01  7.781522e-01  0.000000e+00
   outer loop
     vertex  5.556075e+00  7.080256e+00  2.400000e+01
     vertex  5.748224e+00  6.925166e+00  2.400000e+01
     vertex  5.556075e+00  7.080256e+00  2.250000e+01
   endloop
 endfacet
 facet normal  6.064915e-01  7.950900e-01  0.000000e+00
   outer loop
     vertex  5.359744e+00  7.230017e+00  2.400000e+01
     vertex  5.556075e+00  7.080256e+00  2.250000e+01
     vertex  5.359744e+00  7.230017e+00  2.250000e+01
   endloop
 endfacet
 facet normal  6.064915e-01  7.950900e-01 -9.691895e-19
   outer loop
     vertex  5.359744e+00  7.230017e+00  2.400000e+01
     vertex  5.556075e+00  7.080256e+00  2.400000e+01
     vertex  5.556075e+00  7.080256e+00  2.250000e+01
   endloop
 endfacet
 facet normal  5.844507e-01  8.114292e-01  0.000000e+00
   outer loop
     vertex  5.159378e+00  7.374335e+00  2.400000e+01
     vertex  5.359744e+00  7.230017e+00  2.250000e+01
     vertex  5.159378e+00  7.374335e+00  2.250000e+01
   endloop
 endfacet
 facet normal  5.619699e-01  8.271577e-01  0.000000e+00
   outer loop
     vertex  5.159378e+00  7.374335e+00  2.400000e+01
     vertex  5.159378e+00  7.374335e+00  2.250000e+01
     vertex  4.955128e+00  7.513102e+00  2.250000e+01
   endloop
 endfacet
 facet normal  5.844507e-01  8.114292e-01 -4.317893e-18
   outer loop
     vertex  5.159378e+00  7.374335e+00  2.400000e+01
     vertex  5.359744e+00  7.230017e+00  2.400000e+01
     vertex  5.359744e+00  7.230017e+00  2.250000e+01
   endloop
 endfacet
 facet normal  5.619699e-01  8.271577e-01  0.000000e+00
   outer loop
     vertex  4.955128e+00  7.513102e+00  2.400000e+01
     vertex  5.159378e+00  7.374335e+00  2.400000e+01
     vertex  4.955128e+00  7.513102e+00  2.250000e+01
   endloop
 endfacet
 facet normal  5.390661e-01  8.422635e-01  5.739024e-19
   outer loop
     vertex  4.747149e+00  7.646214e+00  2.400000e+01
     vertex  4.955128e+00  7.513102e+00  2.400000e+01
     vertex  4.955128e+00  7.513102e+00  2.250000e+01
   endloop
 endfacet
 facet normal  5.390661e-01  8.422635e-01  0.000000e+00
   outer loop
     vertex  4.747149e+00  7.646214e+00  2.400000e+01
     vertex  4.955128e+00  7.513102e+00  2.250000e+01
     vertex  4.747149e+00  7.646214e+00  2.250000e+01
   endloop
 endfacet
 facet normal  5.157565e-01  8.567352e-01 -2.451021e-18
   outer loop
     vertex  4.535595e+00  7.773569e+00  2.400000e+01
     vertex  4.747149e+00  7.646214e+00  2.400000e+01
     vertex  4.747149e+00  7.646214e+00  2.250000e+01
   endloop
 endfacet
 facet normal  5.157565e-01  8.567352e-01  0.000000e+00
   outer loop
     vertex  4.535595e+00  7.773569e+00  2.400000e+01
     vertex  4.747149e+00  7.646214e+00  2.250000e+01
     vertex  4.535595e+00  7.773569e+00  2.250000e+01
   endloop
 endfacet
 facet normal  4.920587e-01  8.705620e-01  0.000000e+00
   outer loop
     vertex  4.535595e+00  7.773569e+00  2.400000e+01
     vertex  4.535595e+00  7.773569e+00  2.250000e+01
     vertex  4.320628e+00  7.895073e+00  2.250000e+01
   endloop
 endfacet
 facet normal  4.920587e-01  8.705620e-01  0.000000e+00
   outer loop
     vertex  4.320628e+00  7.895073e+00  2.400000e+01
     vertex  4.535595e+00  7.773569e+00  2.400000e+01
     vertex  4.320628e+00  7.895073e+00  2.250000e+01
   endloop
 endfacet
 facet normal  4.679904e-01  8.837335e-01  4.550888e-19
   outer loop
     vertex  4.102408e+00  8.010634e+00  2.400000e+01
     vertex  4.320628e+00  7.895073e+00  2.400000e+01
     vertex  4.320628e+00  7.895073e+00  2.250000e+01
   endloop
 endfacet
 facet normal  4.679904e-01  8.837335e-01  0.000000e+00
   outer loop
     vertex  4.102408e+00  8.010634e+00  2.400000e+01
     vertex  4.320628e+00  7.895073e+00  2.250000e+01
     vertex  4.102408e+00  8.010634e+00  2.250000e+01
   endloop
 endfacet
 facet normal  4.435699e-01  8.962398e-01  1.999384e-19
   outer loop
     vertex  3.881099e+00  8.120164e+00  2.400000e+01
     vertex  4.102408e+00  8.010634e+00  2.400000e+01
     vertex  4.102408e+00  8.010634e+00  2.250000e+01
   endloop
 endfacet
 facet normal  4.435699e-01  8.962398e-01  0.000000e+00
   outer loop
     vertex  3.881099e+00  8.120164e+00  2.400000e+01
     vertex  4.102408e+00  8.010634e+00  2.250000e+01
     vertex  3.881099e+00  8.120164e+00  2.250000e+01
   endloop
 endfacet
 facet normal  4.188155e-01  9.080714e-01 -2.658193e-18
   outer loop
     vertex  3.656870e+00  8.223582e+00  2.400000e+01
     vertex  3.881099e+00  8.120164e+00  2.400000e+01
     vertex  3.881099e+00  8.120164e+00  2.250000e+01
   endloop
 endfacet
 facet normal  4.188155e-01  9.080714e-01  0.000000e+00
   outer loop
     vertex  3.656870e+00  8.223582e+00  2.400000e+01
     vertex  3.881099e+00  8.120164e+00  2.250000e+01
     vertex  3.656870e+00  8.223582e+00  2.250000e+01
   endloop
 endfacet
 facet normal  3.937458e-01  9.192194e-01 -1.534519e-18
   outer loop
     vertex  3.429887e+00  8.320810e+00  2.400000e+01
     vertex  3.656870e+00  8.223582e+00  2.400000e+01
     vertex  3.656870e+00  8.223582e+00  2.250000e+01
   endloop
 endfacet
 facet normal  3.937458e-01  9.192194e-01  0.000000e+00
   outer loop
     vertex  3.429887e+00  8.320810e+00  2.400000e+01
     vertex  3.656870e+00  8.223582e+00  2.250000e+01
     vertex  3.429887e+00  8.320810e+00  2.250000e+01
   endloop
 endfacet
 facet normal  3.683796e-01  9.296754e-01 -1.434165e-18
   outer loop
     vertex  3.200323e+00  8.411774e+00  2.400000e+01
     vertex  3.429887e+00  8.320810e+00  2.400000e+01
     vertex  3.429887e+00  8.320810e+00  2.250000e+01
   endloop
 endfacet
 facet normal  3.683796e-01  9.296754e-01  0.000000e+00
   outer loop
     vertex  3.200323e+00  8.411774e+00  2.400000e+01
     vertex  3.429887e+00  8.320810e+00  2.250000e+01
     vertex  3.200323e+00  8.411774e+00  2.250000e+01
   endloop
 endfacet
 facet normal  3.427362e-01  9.394317e-01  0.000000e+00
   outer loop
     vertex  3.200323e+00  8.411774e+00  2.400000e+01
     vertex  3.200323e+00  8.411774e+00  2.250000e+01
     vertex  2.968349e+00  8.496405e+00  2.250000e+01
   endloop
 endfacet
 facet normal  3.427362e-01  9.394317e-01  0.000000e+00
   outer loop
     vertex  2.968349e+00  8.496405e+00  2.400000e+01
     vertex  3.200323e+00  8.411774e+00  2.400000e+01
     vertex  2.968349e+00  8.496405e+00  2.250000e+01
   endloop
 endfacet
 facet normal  3.168348e-01  9.484807e-01  0.000000e+00
   outer loop
     vertex  2.968349e+00  8.496405e+00  2.400000e+01
     vertex  2.968349e+00  8.496405e+00  2.250000e+01
     vertex  2.734141e+00  8.574641e+00  2.250000e+01
   endloop
 endfacet
 facet normal  3.168348e-01  9.484807e-01  0.000000e+00
   outer loop
     vertex  2.734141e+00  8.574641e+00  2.400000e+01
     vertex  2.968349e+00  8.496405e+00  2.400000e+01
     vertex  2.734141e+00  8.574641e+00  2.250000e+01
   endloop
 endfacet
 facet normal  2.906949e-01  9.568158e-01 -2.153923e-19
   outer loop
     vertex  2.497875e+00  8.646422e+00  2.400000e+01
     vertex  2.734141e+00  8.574641e+00  2.400000e+01
     vertex  2.734141e+00  8.574641e+00  2.250000e+01
   endloop
 endfacet
 facet normal  2.906949e-01  9.568158e-01  0.000000e+00
   outer loop
     vertex  2.497875e+00  8.646422e+00  2.400000e+01
     vertex  2.734141e+00  8.574641e+00  2.250000e+01
     vertex  2.497875e+00  8.646422e+00  2.250000e+01
   endloop
 endfacet
 facet normal  2.643362e-01  9.644306e-01  0.000000e+00
   outer loop
     vertex  2.497875e+00  8.646422e+00  2.400000e+01
     vertex  2.497875e+00  8.646422e+00  2.250000e+01
     vertex  2.259728e+00  8.711695e+00  2.250000e+01
   endloop
 endfacet
 facet normal  2.643362e-01  9.644306e-01  0.000000e+00
   outer loop
     vertex  2.259728e+00  8.711695e+00  2.400000e+01
     vertex  2.497875e+00  8.646422e+00  2.400000e+01
     vertex  2.259728e+00  8.711695e+00  2.250000e+01
   endloop
 endfacet
 facet normal  2.377784e-01  9.713194e-01  1.404641e-18
   outer loop
     vertex  2.019881e+00  8.770409e+00  2.400000e+01
     vertex  2.259728e+00  8.711695e+00  2.400000e+01
     vertex  2.259728e+00  8.711695e+00  2.250000e+01
   endloop
 endfacet
 facet normal  2.377784e-01  9.713194e-01  0.000000e+00
   outer loop
     vertex  2.019881e+00  8.770409e+00  2.400000e+01
     vertex  2.259728e+00  8.711695e+00  2.250000e+01
     vertex  2.019881e+00  8.770409e+00  2.250000e+01
   endloop
 endfacet
 facet normal  2.110417e-01  9.774771e-01  2.014275e-18
   outer loop
     vertex  1.778513e+00  8.822522e+00  2.400000e+01
     vertex  2.019881e+00  8.770409e+00  2.400000e+01
     vertex  2.019881e+00  8.770409e+00  2.250000e+01
   endloop
 endfacet
 facet normal  2.110417e-01  9.774771e-01  0.000000e+00
   outer loop
     vertex  1.778513e+00  8.822522e+00  2.400000e+01
     vertex  2.019881e+00  8.770409e+00  2.250000e+01
     vertex  1.778513e+00  8.822522e+00  2.250000e+01
   endloop
 endfacet
 facet normal  1.841461e-01  9.828989e-01  0.000000e+00
   outer loop
     vertex  1.778513e+00  8.822522e+00  2.400000e+01
     vertex  1.778513e+00  8.822522e+00  2.250000e+01
     vertex  1.535806e+00  8.867993e+00  2.250000e+01
   endloop
 endfacet
 facet normal  1.841461e-01  9.828989e-01  0.000000e+00
   outer loop
     vertex  1.535806e+00  8.867993e+00  2.400000e+01
     vertex  1.778513e+00  8.822522e+00  2.400000e+01
     vertex  1.535806e+00  8.867993e+00  2.250000e+01
   endloop
 endfacet
 facet normal  1.571119e-01  9.875808e-01  0.000000e+00
   outer loop
     vertex  1.535806e+00  8.867993e+00  2.400000e+01
     vertex  1.535806e+00  8.867993e+00  2.250000e+01
     vertex  1.291943e+00  8.906789e+00  2.250000e+01
   endloop
 endfacet
 facet normal  1.571119e-01  9.875808e-01  0.000000e+00
   outer loop
     vertex  1.291943e+00  8.906789e+00  2.400000e+01
     vertex  1.535806e+00  8.867993e+00  2.400000e+01
     vertex  1.291943e+00  8.906789e+00  2.250000e+01
   endloop
 endfacet
 facet normal  1.299594e-01  9.915193e-01  0.000000e+00
   outer loop
     vertex  1.291943e+00  8.906789e+00  2.400000e+01
     vertex  1.291943e+00  8.906789e+00  2.250000e+01
     vertex  1.047107e+00  8.938879e+00  2.250000e+01
   endloop
 endfacet
 facet normal  1.299594e-01  9.915193e-01  0.000000e+00
   outer loop
     vertex  1.047107e+00  8.938879e+00  2.400000e+01
     vertex  1.291943e+00  8.906789e+00  2.400000e+01
     vertex  1.047107e+00  8.938879e+00  2.250000e+01
   endloop
 endfacet
 facet normal  1.027091e-01  9.947114e-01 -1.159942e-18
   outer loop
     vertex  8.014834e-01  8.964241e+00  2.400000e+01
     vertex  1.047107e+00  8.938879e+00  2.400000e+01
     vertex  1.047107e+00  8.938879e+00  2.250000e+01
   endloop
 endfacet
 facet normal  1.027091e-01  9.947114e-01  0.000000e+00
   outer loop
     vertex  8.014834e-01  8.964241e+00  2.400000e+01
     vertex  1.047107e+00  8.938879e+00  2.250000e+01
     vertex  8.014834e-01  8.964241e+00  2.250000e+01
   endloop
 endfacet
 facet normal  7.538152e-02  9.971548e-01 -1.793424e-20
   outer loop
     vertex  5.552563e-01  8.982855e+00  2.400000e+01
     vertex  8.014834e-01  8.964241e+00  2.400000e+01
     vertex  8.014834e-01  8.964241e+00  2.250000e+01
   endloop
 endfacet
 facet normal  7.538152e-02  9.971548e-01  0.000000e+00
   outer loop
     vertex  5.552563e-01  8.982855e+00  2.400000e+01
     vertex  8.014834e-01  8.964241e+00  2.250000e+01
     vertex  5.552563e-01  8.982855e+00  2.250000e+01
   endloop
 endfacet
 facet normal  4.799716e-02  9.988475e-01  2.196027e-19
   outer loop
     vertex  3.086113e-01  8.994707e+00  2.400000e+01
     vertex  5.552563e-01  8.982855e+00  2.400000e+01
     vertex  5.552563e-01  8.982855e+00  2.250000e+01
   endloop
 endfacet
 facet normal  4.799716e-02  9.988475e-01  0.000000e+00
   outer loop
     vertex  3.086113e-01  8.994707e+00  2.400000e+01
     vertex  5.552563e-01  8.982855e+00  2.250000e+01
     vertex  3.086113e-01  8.994707e+00  2.250000e+01
   endloop
 endfacet
 facet normal  2.057667e-02  9.997883e-01  0.000000e+00
   outer loop
     vertex  3.086113e-01  8.994707e+00  2.400000e+01
     vertex  3.086113e-01  8.994707e+00  2.250000e+01
     vertex  6.173387e-02  8.999788e+00  2.250000e+01
   endloop
 endfacet
 facet normal -6.859319e-03  9.999765e-01  0.000000e+00
   outer loop
     vertex  6.173387e-02  8.999788e+00  2.400000e+01
     vertex  6.173387e-02  8.999788e+00  2.250000e+01
     vertex -1.851900e-01  8.998095e+00  2.250000e+01
   endloop
 endfacet
 facet normal  2.057667e-02  9.997883e-01  0.000000e+00
   outer loop
     vertex  6.173387e-02  8.999788e+00  2.400000e+01
     vertex  3.086113e-01  8.994707e+00  2.400000e+01
     vertex  6.173387e-02  8.999788e+00  2.250000e+01
   endloop
 endfacet
 facet normal -6.859319e-03  9.999765e-01  0.000000e+00
   outer loop
     vertex -1.851900e-01  8.998095e+00  2.400000e+01
     vertex  6.173387e-02  8.999788e+00  2.400000e+01
     vertex -1.851900e-01  8.998095e+00  2.250000e+01
   endloop
 endfacet
 facet normal -3.429014e-02  9.994119e-01  0.000000e+00
   outer loop
     vertex -4.319744e-01  8.989627e+00  2.400000e+01
     vertex -1.851900e-01  8.998095e+00  2.250000e+01
     vertex -4.319744e-01  8.989627e+00  2.250000e+01
   endloop
 endfacet
 facet normal -3.429014e-02  9.994119e-01 -1.801236e-19
   outer loop
     vertex -4.319744e-01  8.989627e+00  2.400000e+01
     vertex -1.851900e-01  8.998095e+00  2.400000e+01
     vertex -1.851900e-01  8.998095e+00  2.250000e+01
   endloop
 endfacet
 facet normal -6.169515e-02  9.980950e-01  0.000000e+00
   outer loop
     vertex -6.784337e-01  8.974393e+00  2.400000e+01
     vertex -4.319744e-01  8.989627e+00  2.250000e+01
     vertex -6.784337e-01  8.974393e+00  2.250000e+01
   endloop
 endfacet
 facet normal -8.905371e-02  9.960268e-01  0.000000e+00
   outer loop
     vertex -6.784337e-01  8.974393e+00  2.400000e+01
     vertex -6.784337e-01  8.974393e+00  2.250000e+01
     vertex -9.243823e-01  8.952403e+00  2.250000e+01
   endloop
 endfacet
 facet normal -6.169515e-02  9.980950e-01 -5.121328e-19
   outer loop
     vertex -6.784337e-01  8.974393e+00  2.400000e+01
     vertex -4.319744e-01  8.989627e+00  2.400000e+01
     vertex -4.319744e-01  8.989627e+00  2.250000e+01
   endloop
 endfacet
 facet normal -8.905371e-02  9.960268e-01  0.000000e+00
   outer loop
     vertex -9.243823e-01  8.952403e+00  2.400000e+01
     vertex -6.784337e-01  8.974393e+00  2.400000e+01
     vertex -9.243823e-01  8.952403e+00  2.250000e+01
   endloop
 endfacet
 facet normal -1.163452e-01  9.932088e-01  1.011338e-18
   outer loop
     vertex -1.169635e+00  8.923674e+00  2.400000e+01
     vertex -9.243823e-01  8.952403e+00  2.400000e+01
     vertex -9.243823e-01  8.952403e+00  2.250000e+01
   endloop
 endfacet
 facet normal -1.163452e-01  9.932088e-01  0.000000e+00
   outer loop
     vertex -1.169635e+00  8.923674e+00  2.400000e+01
     vertex -9.243823e-01  8.952403e+00  2.250000e+01
     vertex -1.169635e+00  8.923674e+00  2.250000e+01
   endloop
 endfacet
 facet normal -1.435492e-01  9.896432e-01 -1.000214e-19
   outer loop
     vertex -1.414007e+00  8.888227e+00  2.400000e+01
     vertex -1.169635e+00  8.923674e+00  2.400000e+01
     vertex -1.169635e+00  8.923674e+00  2.250000e+01
   endloop
 endfacet
 facet normal -1.435492e-01  9.896432e-01  0.000000e+00
   outer loop
     vertex -1.414007e+00  8.888227e+00  2.400000e+01
     vertex -1.169635e+00  8.923674e+00  2.250000e+01
     vertex -1.414007e+00  8.888227e+00  2.250000e+01
   endloop
 endfacet
 facet normal -1.706451e-01  9.853326e-01  0.000000e+00
   outer loop
     vertex -1.414007e+00  8.888227e+00  2.400000e+01
     vertex -1.414007e+00  8.888227e+00  2.250000e+01
     vertex -1.657315e+00  8.846090e+00  2.250000e+01
   endloop
 endfacet
 facet normal -1.706451e-01  9.853326e-01  0.000000e+00
   outer loop
     vertex -1.657315e+00  8.846090e+00  2.400000e+01
     vertex -1.414007e+00  8.888227e+00  2.400000e+01
     vertex -1.657315e+00  8.846090e+00  2.250000e+01
   endloop
 endfacet
 facet normal -1.976125e-01  9.802802e-01  1.150967e-19
   outer loop
     vertex -1.899375e+00  8.797294e+00  2.400000e+01
     vertex -1.657315e+00  8.846090e+00  2.400000e+01
     vertex -1.657315e+00  8.846090e+00  2.250000e+01
   endloop
 endfacet
 facet normal -1.976125e-01  9.802802e-01  0.000000e+00
   outer loop
     vertex -1.899375e+00  8.797294e+00  2.400000e+01
     vertex -1.657315e+00  8.846090e+00  2.250000e+01
     vertex -1.899375e+00  8.797294e+00  2.250000e+01
   endloop
 endfacet
 facet normal -2.244312e-01  9.744899e-01 -2.869389e-19
   outer loop
     vertex -2.140006e+00  8.741875e+00  2.400000e+01
     vertex -1.899375e+00  8.797294e+00  2.400000e+01
     vertex -1.899375e+00  8.797294e+00  2.250000e+01
   endloop
 endfacet
 facet normal -2.244312e-01  9.744899e-01  0.000000e+00
   outer loop
     vertex -2.140006e+00  8.741875e+00  2.400000e+01
     vertex -1.899375e+00  8.797294e+00  2.250000e+01
     vertex -2.140006e+00  8.741875e+00  2.250000e+01
   endloop
 endfacet
 facet normal -2.510809e-01  9.679661e-01  2.317301e-18
   outer loop
     vertex -2.379025e+00  8.679875e+00  2.400000e+01
     vertex -2.140006e+00  8.741875e+00  2.400000e+01
     vertex -2.140006e+00  8.741875e+00  2.250000e+01
   endloop
 endfacet
 facet normal -2.510809e-01  9.679661e-01  0.000000e+00
   outer loop
     vertex -2.379025e+00  8.679875e+00  2.400000e+01
     vertex -2.140006e+00  8.741875e+00  2.250000e+01
     vertex -2.379025e+00  8.679875e+00  2.250000e+01
   endloop
 endfacet
 facet normal -2.775416e-01  9.607136e-01  6.299241e-19
   outer loop
     vertex -2.616254e+00  8.611342e+00  2.400000e+01
     vertex -2.379025e+00  8.679875e+00  2.400000e+01
     vertex -2.379025e+00  8.679875e+00  2.250000e+01
   endloop
 endfacet
 facet normal -2.775416e-01  9.607136e-01  0.000000e+00
   outer loop
     vertex -2.616254e+00  8.611342e+00  2.400000e+01
     vertex -2.379025e+00  8.679875e+00  2.250000e+01
     vertex -2.616254e+00  8.611342e+00  2.250000e+01
   endloop
 endfacet
 facet normal -3.037934e-01  9.527379e-01 -1.010594e-18
   outer loop
     vertex -2.851513e+00  8.536327e+00  2.400000e+01
     vertex -2.616254e+00  8.611342e+00  2.400000e+01
     vertex -2.616254e+00  8.611342e+00  2.250000e+01
   endloop
 endfacet
 facet normal -3.037934e-01  9.527379e-01  0.000000e+00
   outer loop
     vertex -2.851513e+00  8.536327e+00  2.400000e+01
     vertex -2.616254e+00  8.611342e+00  2.250000e+01
     vertex -2.851513e+00  8.536327e+00  2.250000e+01
   endloop
 endfacet
 facet normal -3.298166e-01  9.440450e-01  0.000000e+00
   outer loop
     vertex -2.851513e+00  8.536327e+00  2.400000e+01
     vertex -2.851513e+00  8.536327e+00  2.250000e+01
     vertex -3.084626e+00  8.454885e+00  2.250000e+01
   endloop
 endfacet
 facet normal -3.298166e-01  9.440450e-01  0.000000e+00
   outer loop
     vertex -3.084626e+00  8.454885e+00  2.400000e+01
     vertex -2.851513e+00  8.536327e+00  2.400000e+01
     vertex -3.084626e+00  8.454885e+00  2.250000e+01
   endloop
 endfacet
 facet normal -3.555914e-01  9.346415e-01  2.967045e-18
   outer loop
     vertex -3.315417e+00  8.367079e+00  2.400000e+01
     vertex -3.084626e+00  8.454885e+00  2.400000e+01
     vertex -3.084626e+00  8.454885e+00  2.250000e+01
   endloop
 endfacet
 facet normal -3.555914e-01  9.346415e-01  0.000000e+00
   outer loop
     vertex -3.315417e+00  8.367079e+00  2.400000e+01
     vertex -3.084626e+00  8.454885e+00  2.250000e+01
     vertex -3.315417e+00  8.367079e+00  2.250000e+01
   endloop
 endfacet
 facet normal -4.063188e-01  9.137314e-01  0.000000e+00
   outer loop
     vertex -3.543712e+00  8.272974e+00  2.400000e+01
     vertex -3.543712e+00  8.272974e+00  2.250000e+01
     vertex -3.769339e+00  8.172642e+00  2.250000e+01
   endloop
 endfacet
 facet normal -3.810986e-01  9.245344e-01  4.639577e-18
   outer loop
     vertex -3.543712e+00  8.272974e+00  2.400000e+01
     vertex -3.315417e+00  8.367079e+00  2.400000e+01
     vertex -3.315417e+00  8.367079e+00  2.250000e+01
   endloop
 endfacet
 facet normal -3.810986e-01  9.245344e-01  0.000000e+00
   outer loop
     vertex -3.543712e+00  8.272974e+00  2.400000e+01
     vertex -3.315417e+00  8.367079e+00  2.250000e+01
     vertex -3.543712e+00  8.272974e+00  2.250000e+01
   endloop
 endfacet
 facet normal -4.063188e-01  9.137314e-01  0.000000e+00
   outer loop
     vertex -3.769339e+00  8.172642e+00  2.400000e+01
     vertex -3.543712e+00  8.272974e+00  2.400000e+01
     vertex -3.769339e+00  8.172642e+00  2.250000e+01
   endloop
 endfacet
 facet normal -4.312333e-01  9.022405e-01  0.000000e+00
   outer loop
     vertex -3.992129e+00  8.066158e+00  2.400000e+01
     vertex -3.769339e+00  8.172642e+00  2.250000e+01
     vertex -3.992129e+00  8.066158e+00  2.250000e+01
   endloop
 endfacet
 facet normal -4.312333e-01  9.022405e-01 -5.402008e-20
   outer loop
     vertex -3.992129e+00  8.066158e+00  2.400000e+01
     vertex -3.769339e+00  8.172642e+00  2.400000e+01
     vertex -3.769339e+00  8.172642e+00  2.250000e+01
   endloop
 endfacet
 facet normal -4.558231e-01  8.900704e-01  0.000000e+00
   outer loop
     vertex -4.211914e+00  7.953602e+00  2.400000e+01
     vertex -3.992129e+00  8.066158e+00  2.250000e+01
     vertex -4.211914e+00  7.953602e+00  2.250000e+01
   endloop
 endfacet
 facet normal -4.800697e-01  8.772303e-01  0.000000e+00
   outer loop
     vertex -4.211914e+00  7.953602e+00  2.400000e+01
     vertex -4.211914e+00  7.953602e+00  2.250000e+01
     vertex -4.428528e+00  7.835058e+00  2.250000e+01
   endloop
 endfacet
 facet normal -4.558231e-01  8.900704e-01  3.945301e-18
   outer loop
     vertex -4.211914e+00  7.953602e+00  2.400000e+01
     vertex -3.992129e+00  8.066158e+00  2.400000e+01
     vertex -3.992129e+00  8.066158e+00  2.250000e+01
   endloop
 endfacet
 facet normal -4.800697e-01  8.772303e-01  0.000000e+00
   outer loop
     vertex -4.428528e+00  7.835058e+00  2.400000e+01
     vertex -4.211914e+00  7.953602e+00  2.400000e+01
     vertex -4.428528e+00  7.835058e+00  2.250000e+01
   endloop
 endfacet
 facet normal -5.039550e-01  8.637299e-01  0.000000e+00
   outer loop
     vertex -4.641809e+00  7.710617e+00  2.400000e+01
     vertex -4.428528e+00  7.835058e+00  2.250000e+01
     vertex -4.641809e+00  7.710617e+00  2.250000e+01
   endloop
 endfacet
 facet normal -5.039550e-01  8.637299e-01  3.012518e-18
   outer loop
     vertex -4.641809e+00  7.710617e+00  2.400000e+01
     vertex -4.428528e+00  7.835058e+00  2.400000e+01
     vertex -4.428528e+00  7.835058e+00  2.250000e+01
   endloop
 endfacet
 facet normal -5.274609e-01  8.495793e-01  0.000000e+00
   outer loop
     vertex -4.851595e+00  7.580371e+00  2.400000e+01
     vertex -4.641809e+00  7.710617e+00  2.250000e+01
     vertex -4.851595e+00  7.580371e+00  2.250000e+01
   endloop
 endfacet
 facet normal -5.274609e-01  8.495793e-01  2.761840e-18
   outer loop
     vertex -4.851595e+00  7.580371e+00  2.400000e+01
     vertex -4.641809e+00  7.710617e+00  2.400000e+01
     vertex -4.641809e+00  7.710617e+00  2.250000e+01
   endloop
 endfacet
 facet normal -5.505698e-01  8.347891e-01  0.000000e+00
   outer loop
     vertex -5.057729e+00  7.444419e+00  2.400000e+01
     vertex -4.851595e+00  7.580371e+00  2.250000e+01
     vertex -5.057729e+00  7.444419e+00  2.250000e+01
   endloop
 endfacet
 facet normal -5.505698e-01  8.347891e-01  3.903811e-18
   outer loop
     vertex -5.057729e+00  7.444419e+00  2.400000e+01
     vertex -4.851595e+00  7.580371e+00  2.400000e+01
     vertex -4.851595e+00  7.580371e+00  2.250000e+01
   endloop
 endfacet
 facet normal -5.732642e-01  8.193706e-01  0.000000e+00
   outer loop
     vertex -5.260056e+00  7.302863e+00  2.400000e+01
     vertex -5.057729e+00  7.444419e+00  2.250000e+01
     vertex -5.260056e+00  7.302863e+00  2.250000e+01
   endloop
 endfacet
 facet normal -5.732642e-01  8.193706e-01  3.486286e-18
   outer loop
     vertex -5.260056e+00  7.302863e+00  2.400000e+01
     vertex -5.057729e+00  7.444419e+00  2.400000e+01
     vertex -5.057729e+00  7.444419e+00  2.250000e+01
   endloop
 endfacet
 facet normal -5.955271e-01  8.033352e-01  0.000000e+00
   outer loop
     vertex -5.458423e+00  7.155810e+00  2.400000e+01
     vertex -5.260056e+00  7.302863e+00  2.250000e+01
     vertex -5.458423e+00  7.155810e+00  2.250000e+01
   endloop
 endfacet
 facet normal -6.173417e-01  7.866951e-01  0.000000e+00
   outer loop
     vertex -5.458423e+00  7.155810e+00  2.400000e+01
     vertex -5.458423e+00  7.155810e+00  2.250000e+01
     vertex -5.652682e+00  7.003370e+00  2.250000e+01
   endloop
 endfacet
 facet normal -5.955271e-01  8.033352e-01  2.854815e-18
   outer loop
     vertex -5.458423e+00  7.155810e+00  2.400000e+01
     vertex -5.260056e+00  7.302863e+00  2.400000e+01
     vertex -5.260056e+00  7.302863e+00  2.250000e+01
   endloop
 endfacet
 facet normal -6.173417e-01  7.866951e-01  0.000000e+00
   outer loop
     vertex -5.652682e+00  7.003370e+00  2.400000e+01
     vertex -5.458423e+00  7.155810e+00  2.400000e+01
     vertex -5.652682e+00  7.003370e+00  2.250000e+01
   endloop
 endfacet
 facet normal -6.386916e-01  7.694628e-01  0.000000e+00
   outer loop
     vertex -5.842685e+00  6.845658e+00  2.400000e+01
     vertex -5.652682e+00  7.003370e+00  2.250000e+01
     vertex -5.842685e+00  6.845658e+00  2.250000e+01
   endloop
 endfacet
 facet normal -6.386916e-01  7.694628e-01  8.179721e-19
   outer loop
     vertex -5.842685e+00  6.845658e+00  2.400000e+01
     vertex -5.652682e+00  7.003370e+00  2.400000e+01
     vertex -5.652682e+00  7.003370e+00  2.250000e+01
   endloop
 endfacet
 facet normal -6.595607e-01  7.516513e-01  0.000000e+00
   outer loop
     vertex -6.028290e+00  6.682793e+00  2.400000e+01
     vertex -5.842685e+00  6.845658e+00  2.250000e+01
     vertex -6.028290e+00  6.682793e+00  2.250000e+01
   endloop
 endfacet
 facet normal -6.595607e-01  7.516513e-01 -1.673182e-18
   outer loop
     vertex -6.028290e+00  6.682793e+00  2.400000e+01
     vertex -5.842685e+00  6.845658e+00  2.400000e+01
     vertex -5.842685e+00  6.845658e+00  2.250000e+01
   endloop
 endfacet
 facet normal -6.799333e-01  7.332740e-01  0.000000e+00
   outer loop
     vertex -6.209357e+00  6.514897e+00  2.400000e+01
     vertex -6.028290e+00  6.682793e+00  2.250000e+01
     vertex -6.209357e+00  6.514897e+00  2.250000e+01
   endloop
 endfacet
 facet normal -6.997940e-01  7.143447e-01  0.000000e+00
   outer loop
     vertex -6.209357e+00  6.514897e+00  2.400000e+01
     vertex -6.209357e+00  6.514897e+00  2.250000e+01
     vertex -6.385750e+00  6.342097e+00  2.250000e+01
   endloop
 endfacet
 facet normal -6.799333e-01  7.332740e-01 -3.280454e-18
   outer loop
     vertex -6.209357e+00  6.514897e+00  2.400000e+01
     vertex -6.028290e+00  6.682793e+00  2.400000e+01
     vertex -6.028290e+00  6.682793e+00  2.250000e+01
   endloop
 endfacet
 facet normal -6.997940e-01  7.143447e-01  0.000000e+00
   outer loop
     vertex -6.385750e+00  6.342097e+00  2.400000e+01
     vertex -6.209357e+00  6.514897e+00  2.400000e+01
     vertex -6.385750e+00  6.342097e+00  2.250000e+01
   endloop
 endfacet
 facet normal -7.191280e-01  6.948776e-01 -2.064179e-18
   outer loop
     vertex -6.557336e+00  6.164523e+00  2.400000e+01
     vertex -6.385750e+00  6.342097e+00  2.400000e+01
     vertex -6.385750e+00  6.342097e+00  2.250000e+01
   endloop
 endfacet
 facet normal -7.191280e-01  6.948776e-01  0.000000e+00
   outer loop
     vertex -6.557336e+00  6.164523e+00  2.400000e+01
     vertex -6.385750e+00  6.342097e+00  2.250000e+01
     vertex -6.557336e+00  6.164523e+00  2.250000e+01
   endloop
 endfacet
 facet normal -7.379206e-01  6.748875e-01  1.242622e-18
   outer loop
     vertex -6.723986e+00  5.982309e+00  2.400000e+01
     vertex -6.557336e+00  6.164523e+00  2.400000e+01
     vertex -6.557336e+00  6.164523e+00  2.250000e+01
   endloop
 endfacet
 facet normal -7.379206e-01  6.748875e-01  0.000000e+00
   outer loop
     vertex -6.723986e+00  5.982309e+00  2.400000e+01
     vertex -6.557336e+00  6.164523e+00  2.250000e+01
     vertex -6.723986e+00  5.982309e+00  2.250000e+01
   endloop
 endfacet
 facet normal -7.561578e-01  6.543893e-01  2.026006e-18
   outer loop
     vertex -6.885574e+00  5.795591e+00  2.400000e+01
     vertex -6.723986e+00  5.982309e+00  2.400000e+01
     vertex -6.723986e+00  5.982309e+00  2.250000e+01
   endloop
 endfacet
 facet normal -7.561578e-01  6.543893e-01  0.000000e+00
   outer loop
     vertex -6.885574e+00  5.795591e+00  2.400000e+01
     vertex -6.723986e+00  5.982309e+00  2.250000e+01
     vertex -6.885574e+00  5.795591e+00  2.250000e+01
   endloop
 endfacet
 facet normal -7.738257e-01  6.333986e-01  0.000000e+00
   outer loop
     vertex -6.885574e+00  5.795591e+00  2.400000e+01
     vertex -6.885574e+00  5.795591e+00  2.250000e+01
     vertex -7.041979e+00  5.604510e+00  2.250000e+01
   endloop
 endfacet
 facet normal -7.738257e-01  6.333986e-01  0.000000e+00
   outer loop
     vertex -7.041979e+00  5.604510e+00  2.400000e+01
     vertex -6.885574e+00  5.795591e+00  2.400000e+01
     vertex -7.041979e+00  5.604510e+00  2.250000e+01
   endloop
 endfacet
 facet normal -7.909112e-01  6.119310e-01  2.984344e-18
   outer loop
     vertex -7.193083e+00  5.409211e+00  2.400000e+01
     vertex -7.041979e+00  5.604510e+00  2.400000e+01
     vertex -7.041979e+00  5.604510e+00  2.250000e+01
   endloop
 endfacet
 facet normal -7.909112e-01  6.119310e-01  0.000000e+00
   outer loop
     vertex -7.193083e+00  5.409211e+00  2.400000e+01
     vertex -7.041979e+00  5.604510e+00  2.250000e+01
     vertex -7.193083e+00  5.409211e+00  2.250000e+01
   endloop
 endfacet
 facet normal -8.074012e-01  5.900028e-01  0.000000e+00
   outer loop
     vertex -7.338772e+00  5.209840e+00  2.400000e+01
     vertex -7.193083e+00  5.409211e+00  2.250000e+01
     vertex -7.338772e+00  5.209840e+00  2.250000e+01
   endloop
 endfacet
 facet normal -8.232835e-01  5.676304e-01  0.000000e+00
   outer loop
     vertex -7.338772e+00  5.209840e+00  2.400000e+01
     vertex -7.338772e+00  5.209840e+00  2.250000e+01
     vertex -7.478937e+00  5.006547e+00  2.250000e+01
   endloop
 endfacet
 facet normal -8.074012e-01  5.900028e-01  2.197954e-18
   outer loop
     vertex -7.338772e+00  5.209840e+00  2.400000e+01
     vertex -7.193083e+00  5.409211e+00  2.400000e+01
     vertex -7.193083e+00  5.409211e+00  2.250000e+01
   endloop
 endfacet
 facet normal -8.385460e-01  5.448308e-01  0.000000e+00
   outer loop
     vertex -7.478937e+00  5.006547e+00  2.400000e+01
     vertex -7.478937e+00  5.006547e+00  2.250000e+01
     vertex -7.613471e+00  4.799485e+00  2.250000e+01
   endloop
 endfacet
 facet normal -8.232835e-01  5.676304e-01  0.000000e+00
   outer loop
     vertex -7.478937e+00  5.006547e+00  2.400000e+01
     vertex -7.338772e+00  5.209840e+00  2.400000e+01
     vertex -7.478937e+00  5.006547e+00  2.250000e+01
   endloop
 endfacet
 facet normal -8.531773e-01  5.216210e-01  0.000000e+00
   outer loop
     vertex -7.613471e+00  4.799485e+00  2.400000e+01
     vertex -7.613471e+00  4.799485e+00  2.250000e+01
     vertex -7.742275e+00  4.588810e+00  2.250000e+01
   endloop
 endfacet
 facet normal -8.385460e-01  5.448308e-01  0.000000e+00
   outer loop
     vertex -7.613471e+00  4.799485e+00  2.400000e+01
     vertex -7.478937e+00  5.006547e+00  2.400000e+01
     vertex -7.613471e+00  4.799485e+00  2.250000e+01
   endloop
 endfacet
 facet normal -8.671664e-01  4.980186e-01  0.000000e+00
   outer loop
     vertex -7.742275e+00  4.588810e+00  2.400000e+01
     vertex -7.742275e+00  4.588810e+00  2.250000e+01
     vertex -7.865251e+00  4.374681e+00  2.250000e+01
   endloop
 endfacet
 facet normal -8.531773e-01  5.216210e-01  0.000000e+00
   outer loop
     vertex -7.742275e+00  4.588810e+00  2.400000e+01
     vertex -7.613471e+00  4.799485e+00  2.400000e+01
     vertex -7.742275e+00  4.588810e+00  2.250000e+01
   endloop
 endfacet
 facet normal -8.671664e-01  4.980186e-01  0.000000e+00
   outer loop
     vertex -7.865251e+00  4.374681e+00  2.400000e+01
     vertex -7.742275e+00  4.588810e+00  2.400000e+01
     vertex -7.865251e+00  4.374681e+00  2.250000e+01
   endloop
 endfacet
 facet normal -8.805026e-01  4.740412e-01  0.000000e+00
   outer loop
     vertex -7.982306e+00  4.157259e+00  2.400000e+01
     vertex -7.865251e+00  4.374681e+00  2.250000e+01
     vertex -7.982306e+00  4.157259e+00  2.250000e+01
   endloop
 endfacet
 facet normal -8.805026e-01  4.740412e-01 -3.201396e-18
   outer loop
     vertex -7.982306e+00  4.157259e+00  2.400000e+01
     vertex -7.865251e+00  4.374681e+00  2.400000e+01
     vertex -7.865251e+00  4.374681e+00  2.250000e+01
   endloop
 endfacet
 facet normal -8.931761e-01  4.497071e-01  0.000000e+00
   outer loop
     vertex -8.093352e+00  3.936707e+00  2.400000e+01
     vertex -7.982306e+00  4.157259e+00  2.250000e+01
     vertex -8.093352e+00  3.936707e+00  2.250000e+01
   endloop
 endfacet
 facet normal -9.051772e-01  4.250344e-01  0.000000e+00
   outer loop
     vertex -8.093352e+00  3.936707e+00  2.400000e+01
     vertex -8.093352e+00  3.936707e+00  2.250000e+01
     vertex -8.198305e+00  3.713192e+00  2.250000e+01
   endloop
 endfacet
 facet normal -8.931761e-01  4.497071e-01  3.133492e-20
   outer loop
     vertex -8.093352e+00  3.936707e+00  2.400000e+01
     vertex -7.982306e+00  4.157259e+00  2.400000e+01
     vertex -7.982306e+00  4.157259e+00  2.250000e+01
   endloop
 endfacet
 facet normal -9.164969e-01  4.000417e-01  0.000000e+00
   outer loop
     vertex -8.198305e+00  3.713192e+00  2.400000e+01
     vertex -8.198305e+00  3.713192e+00  2.250000e+01
     vertex -8.297087e+00  3.486881e+00  2.250000e+01
   endloop
 endfacet
 facet normal -9.051772e-01  4.250344e-01  0.000000e+00
   outer loop
     vertex -8.198305e+00  3.713192e+00  2.400000e+01
     vertex -8.093352e+00  3.936707e+00  2.400000e+01
     vertex -8.198305e+00  3.713192e+00  2.250000e+01
   endloop
 endfacet
 facet normal -9.164969e-01  4.000417e-01  0.000000e+00
   outer loop
     vertex -8.297087e+00  3.486881e+00  2.400000e+01
     vertex -8.198305e+00  3.713192e+00  2.400000e+01
     vertex -8.297087e+00  3.486881e+00  2.250000e+01
   endloop
 endfacet
 facet normal -9.271267e-01  3.747479e-01  0.000000e+00
   outer loop
     vertex -8.389624e+00  3.257946e+00  2.400000e+01
     vertex -8.297087e+00  3.486881e+00  2.250000e+01
     vertex -8.389624e+00  3.257946e+00  2.250000e+01
   endloop
 endfacet
 facet normal -9.370586e-01  3.491720e-01  0.000000e+00
   outer loop
     vertex -8.389624e+00  3.257946e+00  2.400000e+01
     vertex -8.389624e+00  3.257946e+00  2.250000e+01
     vertex -8.475845e+00  3.026559e+00  2.250000e+01
   endloop
 endfacet
 facet normal -9.271267e-01  3.747479e-01  3.516161e-18
   outer loop
     vertex -8.389624e+00  3.257946e+00  2.400000e+01
     vertex -8.297087e+00  3.486881e+00  2.400000e+01
     vertex -8.297087e+00  3.486881e+00  2.250000e+01
   endloop
 endfacet
 facet normal -9.370586e-01  3.491720e-01  0.000000e+00
   outer loop
     vertex -8.475845e+00  3.026559e+00  2.400000e+01
     vertex -8.389624e+00  3.257946e+00  2.400000e+01
     vertex -8.475845e+00  3.026559e+00  2.250000e+01
   endloop
 endfacet
 facet normal -9.462851e-01  3.233333e-01  0.000000e+00
   outer loop
     vertex -8.555685e+00  2.792893e+00  2.400000e+01
     vertex -8.475845e+00  3.026559e+00  2.250000e+01
     vertex -8.555685e+00  2.792893e+00  2.250000e+01
   endloop
 endfacet
 facet normal -9.462851e-01  3.233333e-01 -2.813769e-18
   outer loop
     vertex -8.555685e+00  2.792893e+00  2.400000e+01
     vertex -8.475845e+00  3.026559e+00  2.400000e+01
     vertex -8.475845e+00  3.026559e+00  2.250000e+01
   endloop
 endfacet
 facet normal -9.547993e-01  2.972512e-01  0.000000e+00
   outer loop
     vertex -8.629085e+00  2.557125e+00  2.400000e+01
     vertex -8.555685e+00  2.792893e+00  2.250000e+01
     vertex -8.629085e+00  2.557125e+00  2.250000e+01
   endloop
 endfacet
 facet normal -9.547993e-01  2.972512e-01 -3.292150e-19
   outer loop
     vertex -8.629085e+00  2.557125e+00  2.400000e+01
     vertex -8.555685e+00  2.792893e+00  2.400000e+01
     vertex -8.555685e+00  2.792893e+00  2.250000e+01
   endloop
 endfacet
 facet normal -9.625948e-01  2.709453e-01  0.000000e+00
   outer loop
     vertex -8.695990e+00  2.319431e+00  2.400000e+01
     vertex -8.629085e+00  2.557125e+00  2.250000e+01
     vertex -8.695990e+00  2.319431e+00  2.250000e+01
   endloop
 endfacet
 facet normal -9.625948e-01  2.709453e-01 -1.317393e-18
   outer loop
     vertex -8.695990e+00  2.319431e+00  2.400000e+01
     vertex -8.629085e+00  2.557125e+00  2.400000e+01
     vertex -8.629085e+00  2.557125e+00  2.250000e+01
   endloop
 endfacet
 facet normal -9.696656e-01  2.444354e-01  0.000000e+00
   outer loop
     vertex -8.756348e+00  2.079992e+00  2.400000e+01
     vertex -8.695990e+00  2.319431e+00  2.250000e+01
     vertex -8.756348e+00  2.079992e+00  2.250000e+01
   endloop
 endfacet
 facet normal -9.696656e-01  2.444354e-01  1.684078e-18
   outer loop
     vertex -8.756348e+00  2.079992e+00  2.400000e+01
     vertex -8.695990e+00  2.319431e+00  2.400000e+01
     vertex -8.695990e+00  2.319431e+00  2.250000e+01
   endloop
 endfacet
 facet normal -9.760065e-01  2.177416e-01  0.000000e+00
   outer loop
     vertex -8.810115e+00  1.838987e+00  2.400000e+01
     vertex -8.756348e+00  2.079992e+00  2.250000e+01
     vertex -8.810115e+00  1.838987e+00  2.250000e+01
   endloop
 endfacet
 facet normal -9.760065e-01  2.177416e-01 -5.943961e-19
   outer loop
     vertex -8.810115e+00  1.838987e+00  2.400000e+01
     vertex -8.756348e+00  2.079992e+00  2.400000e+01
     vertex -8.756348e+00  2.079992e+00  2.250000e+01
   endloop
 endfacet
 facet normal -9.816126e-01  1.908838e-01  0.000000e+00
   outer loop
     vertex -8.857250e+00  1.596598e+00  2.400000e+01
     vertex -8.810115e+00  1.838987e+00  2.250000e+01
     vertex -8.857250e+00  1.596598e+00  2.250000e+01
   endloop
 endfacet
 facet normal -9.816126e-01  1.908838e-01  3.940463e-20
   outer loop
     vertex -8.857250e+00  1.596598e+00  2.400000e+01
     vertex -8.810115e+00  1.838987e+00  2.400000e+01
     vertex -8.810115e+00  1.838987e+00  2.250000e+01
   endloop
 endfacet
 facet normal -9.864799e-01  1.638824e-01  0.000000e+00
   outer loop
     vertex -8.897717e+00  1.353007e+00  2.400000e+01
     vertex -8.857250e+00  1.596598e+00  2.250000e+01
     vertex -8.897717e+00  1.353007e+00  2.250000e+01
   endloop
 endfacet
 facet normal -9.906046e-01  1.367575e-01  0.000000e+00
   outer loop
     vertex -8.897717e+00  1.353007e+00  2.400000e+01
     vertex -8.897717e+00  1.353007e+00  2.250000e+01
     vertex -8.931487e+00  1.108397e+00  2.250000e+01
   endloop
 endfacet
 facet normal -9.864799e-01  1.638824e-01  1.569978e-18
   outer loop
     vertex -8.897717e+00  1.353007e+00  2.400000e+01
     vertex -8.857250e+00  1.596598e+00  2.400000e+01
     vertex -8.857250e+00  1.596598e+00  2.250000e+01
   endloop
 endfacet
 facet normal -9.906046e-01  1.367575e-01  0.000000e+00
   outer loop
     vertex -8.931487e+00  1.108397e+00  2.400000e+01
     vertex -8.897717e+00  1.353007e+00  2.400000e+01
     vertex -8.931487e+00  1.108397e+00  2.250000e+01
   endloop
 endfacet
 facet normal -9.939835e-01  1.095298e-01 -4.958648e-19
   outer loop
     vertex -8.958533e+00  8.629532e-01  2.400000e+01
     vertex -8.931487e+00  1.108397e+00  2.400000e+01
     vertex -8.931487e+00  1.108397e+00  2.250000e+01
   endloop
 endfacet
 facet normal -9.939835e-01  1.095298e-01  0.000000e+00
   outer loop
     vertex -8.958533e+00  8.629532e-01  2.400000e+01
     vertex -8.931487e+00  1.108397e+00  2.250000e+01
     vertex -8.958533e+00  8.629532e-01  2.250000e+01
   endloop
 endfacet
 facet normal -9.966142e-01  8.221955e-02  0.000000e+00
   outer loop
     vertex -8.958533e+00  8.629532e-01  2.400000e+01
     vertex -8.958533e+00  8.629532e-01  2.250000e+01
     vertex -8.978835e+00  6.168595e-01  2.250000e+01
   endloop
 endfacet
 facet normal -9.966142e-01  8.221955e-02  0.000000e+00
   outer loop
     vertex -8.978835e+00  6.168595e-01  2.400000e+01
     vertex -8.958533e+00  8.629532e-01  2.400000e+01
     vertex -8.978835e+00  6.168595e-01  2.250000e+01
   endloop
 endfacet
 facet normal -9.984947e-01  5.484744e-02  0.000000e+00
   outer loop
     vertex -8.978835e+00  6.168595e-01  2.400000e+01
     vertex -8.978835e+00  6.168595e-01  2.250000e+01
     vertex -8.992379e+00  3.703016e-01  2.250000e+01
   endloop
 endfacet
 facet normal -9.984947e-01  5.484744e-02  0.000000e+00
   outer loop
     vertex -8.992379e+00  3.703016e-01  2.400000e+01
     vertex -8.978835e+00  6.168595e-01  2.400000e+01
     vertex -8.992379e+00  3.703016e-01  2.250000e+01
   endloop
 endfacet
 facet normal -9.996236e-01  2.743405e-02 -2.592247e-19
   outer loop
     vertex -8.999153e+00  1.234648e-01  2.400000e+01
     vertex -8.992379e+00  3.703016e-01  2.400000e+01
     vertex -8.992379e+00  3.703016e-01  2.250000e+01
   endloop
 endfacet
 facet normal -9.996236e-01  2.743405e-02  0.000000e+00
   outer loop
     vertex -8.999153e+00  1.234648e-01  2.400000e+01
     vertex -8.992379e+00  3.703016e-01  2.250000e+01
     vertex -8.999153e+00  1.234648e-01  2.250000e+01
   endloop
 endfacet
 facet normal -1.000000e+00  0.000000e+00  0.000000e+00
   outer loop
     vertex -8.999153e+00 -1.234648e-01  2.400000e+01
     vertex -8.999153e+00  1.234648e-01  2.400000e+01
     vertex -8.999153e+00  1.234648e-01  2.250000e+01
   endloop
 endfacet
 facet normal -1.000000e+00  0.000000e+00  0.000000e+00
   outer loop
     vertex -8.999153e+00 -1.234648e-01  2.400000e+01
     vertex -8.999153e+00  1.234648e-01  2.250000e+01
     vertex -8.999153e+00 -1.234648e-01  2.250000e+01
   endloop
 endfacet
 facet normal -9.996236e-01 -2.743405e-02  2.378344e-21
   outer loop
     vertex -8.992379e+00 -3.703016e-01  2.400000e+01
     vertex -8.999153e+00 -1.234648e-01  2.400000e+01
     vertex -8.999153e+00 -1.234648e-01  2.250000e+01
   endloop
 endfacet
 facet normal -9.996236e-01 -2.743405e-02 -0.000000e+00
   outer loop
     vertex -8.992379e+00 -3.703016e-01  2.400000e+01
     vertex -8.999153e+00 -1.234648e-01  2.250000e+01
     vertex -8.992379e+00 -3.703016e-01  2.250000e+01
   endloop
 endfacet
 facet normal -9.984947e-01 -5.484744e-02 -4.441068e-19
   outer loop
     vertex -8.978835e+00 -6.168595e-01  2.400000e+01
     vertex -8.992379e+00 -3.703016e-01  2.400000e+01
     vertex -8.992379e+00 -3.703016e-01  2.250000e+01
   endloop
 endfacet
 facet normal -9.984947e-01 -5.484744e-02 -0.000000e+00
   outer loop
     vertex -8.978835e+00 -6.168595e-01  2.400000e+01
     vertex -8.992379e+00 -3.703016e-01  2.250000e+01
     vertex -8.978835e+00 -6.168595e-01  2.250000e+01
   endloop
 endfacet
 facet normal -9.966142e-01 -8.221955e-02  1.420882e-19
   outer loop
     vertex -8.958533e+00 -8.629532e-01  2.400000e+01
     vertex -8.978835e+00 -6.168595e-01  2.400000e+01
     vertex -8.978835e+00 -6.168595e-01  2.250000e+01
   endloop
 endfacet
 facet normal -9.966142e-01 -8.221955e-02 -0.000000e+00
   outer loop
     vertex -8.958533e+00 -8.629532e-01  2.400000e+01
     vertex -8.978835e+00 -6.168595e-01  2.250000e+01
     vertex -8.958533e+00 -8.629532e-01  2.250000e+01
   endloop
 endfacet
 facet normal -9.939835e-01 -1.095298e-01  1.091745e-18
   outer loop
     vertex -8.931487e+00 -1.108397e+00  2.400000e+01
     vertex -8.958533e+00 -8.629532e-01  2.400000e+01
     vertex -8.958533e+00 -8.629532e-01  2.250000e+01
   endloop
 endfacet
 facet normal -9.939835e-01 -1.095298e-01 -0.000000e+00
   outer loop
     vertex -8.931487e+00 -1.108397e+00  2.400000e+01
     vertex -8.958533e+00 -8.629532e-01  2.250000e+01
     vertex -8.931487e+00 -1.108397e+00  2.250000e+01
   endloop
 endfacet
 facet normal -9.906046e-01 -1.367575e-01 -2.363199e-19
   outer loop
     vertex -8.897717e+00 -1.353007e+00  2.400000e+01
     vertex -8.931487e+00 -1.108397e+00  2.400000e+01
     vertex -8.931487e+00 -1.108397e+00  2.250000e+01
   endloop
 endfacet
 facet normal -9.906046e-01 -1.367575e-01 -0.000000e+00
   outer loop
     vertex -8.897717e+00 -1.353007e+00  2.400000e+01
     vertex -8.931487e+00 -1.108397e+00  2.250000e+01
     vertex -8.897717e+00 -1.353007e+00  2.250000e+01
   endloop
 endfacet
 facet normal -9.864799e-01 -1.638824e-01 -1.933793e-18
   outer loop
     vertex -8.857250e+00 -1.596598e+00  2.400000e+01
     vertex -8.897717e+00 -1.353007e+00  2.400000e+01
     vertex -8.897717e+00 -1.353007e+00  2.250000e+01
   endloop
 endfacet
 facet normal -9.864799e-01 -1.638824e-01 -0.000000e+00
   outer loop
     vertex -8.857250e+00 -1.596598e+00  2.400000e+01
     vertex -8.897717e+00 -1.353007e+00  2.250000e+01
     vertex -8.857250e+00 -1.596598e+00  2.250000e+01
   endloop
 endfacet
 facet normal -9.816126e-01 -1.908838e-01 -6.955441e-19
   outer loop
     vertex -8.810115e+00 -1.838987e+00  2.400000e+01
     vertex -8.857250e+00 -1.596598e+00  2.400000e+01
     vertex -8.857250e+00 -1.596598e+00  2.250000e+01
   endloop
 endfacet
 facet normal -9.816126e-01 -1.908838e-01 -0.000000e+00
   outer loop
     vertex -8.810115e+00 -1.838987e+00  2.400000e+01
     vertex -8.857250e+00 -1.596598e+00  2.250000e+01
     vertex -8.810115e+00 -1.838987e+00  2.250000e+01
   endloop
 endfacet
 facet normal -9.760065e-01 -2.177416e-01 -0.000000e+00
   outer loop
     vertex -8.756348e+00 -2.079992e+00  2.400000e+01
     vertex -8.810115e+00 -1.838987e+00  2.250000e+01
     vertex -8.756348e+00 -2.079992e+00  2.250000e+01
   endloop
 endfacet
 facet normal -9.760065e-01 -2.177416e-01 -7.345325e-20
   outer loop
     vertex -8.756348e+00 -2.079992e+00  2.400000e+01
     vertex -8.810115e+00 -1.838987e+00  2.400000e+01
     vertex -8.810115e+00 -1.838987e+00  2.250000e+01
   endloop
 endfacet
 facet normal -9.696656e-01 -2.444354e-01 -0.000000e+00
   outer loop
     vertex -8.756348e+00 -2.079992e+00  2.400000e+01
     vertex -8.756348e+00 -2.079992e+00  2.250000e+01
     vertex -8.695990e+00 -2.319431e+00  2.250000e+01
   endloop
 endfacet
 facet normal -9.625948e-01 -2.709453e-01 -0.000000e+00
   outer loop
     vertex -8.695990e+00 -2.319431e+00  2.400000e+01
     vertex -8.695990e+00 -2.319431e+00  2.250000e+01
     vertex -8.629085e+00 -2.557125e+00  2.250000e+01
   endloop
 endfacet
 facet normal -9.696656e-01 -2.444354e-01 -0.000000e+00
   outer loop
     vertex -8.695990e+00 -2.319431e+00  2.400000e+01
     vertex -8.756348e+00 -2.079992e+00  2.400000e+01
     vertex -8.695990e+00 -2.319431e+00  2.250000e+01
   endloop
 endfacet
 facet normal -9.625948e-01 -2.709453e-01 -0.000000e+00
   outer loop
     vertex -8.629085e+00 -2.557125e+00  2.400000e+01
     vertex -8.695990e+00 -2.319431e+00  2.400000e+01
     vertex -8.629085e+00 -2.557125e+00  2.250000e+01
   endloop
 endfacet
 facet normal -9.547993e-01 -2.972512e-01 -0.000000e+00
   outer loop
     vertex -8.555685e+00 -2.792893e+00  2.400000e+01
     vertex -8.629085e+00 -2.557125e+00  2.250000e+01
     vertex -8.555685e+00 -2.792893e+00  2.250000e+01
   endloop
 endfacet
 facet normal -9.547993e-01 -2.972512e-01 -4.613775e-18
   outer loop
     vertex -8.555685e+00 -2.792893e+00  2.400000e+01
     vertex -8.629085e+00 -2.557125e+00  2.400000e+01
     vertex -8.629085e+00 -2.557125e+00  2.250000e+01
   endloop
 endfacet
 facet normal -9.462851e-01 -3.233333e-01 -0.000000e+00
   outer loop
     vertex -8.475845e+00 -3.026559e+00  2.400000e+01
     vertex -8.555685e+00 -2.792893e+00  2.250000e+01
     vertex -8.475845e+00 -3.026559e+00  2.250000e+01
   endloop
 endfacet
 facet normal -9.370586e-01 -3.491720e-01 -0.000000e+00
   outer loop
     vertex -8.475845e+00 -3.026559e+00  2.400000e+01
     vertex -8.475845e+00 -3.026559e+00  2.250000e+01
     vertex -8.389624e+00 -3.257946e+00  2.250000e+01
   endloop
 endfacet
 facet normal -9.462851e-01 -3.233333e-01 -3.152281e-18
   outer loop
     vertex -8.475845e+00 -3.026559e+00  2.400000e+01
     vertex -8.555685e+00 -2.792893e+00  2.400000e+01
     vertex -8.555685e+00 -2.792893e+00  2.250000e+01
   endloop
 endfacet
 facet normal -9.370586e-01 -3.491720e-01 -0.000000e+00
   outer loop
     vertex -8.389624e+00 -3.257946e+00  2.400000e+01
     vertex -8.475845e+00 -3.026559e+00  2.400000e+01
     vertex -8.389624e+00 -3.257946e+00  2.250000e+01
   endloop
 endfacet
 facet normal -9.271267e-01 -3.747479e-01 -0.000000e+00
   outer loop
     vertex -8.297087e+00 -3.486881e+00  2.400000e+01
     vertex -8.389624e+00 -3.257946e+00  2.250000e+01
     vertex -8.297087e+00 -3.486881e+00  2.250000e+01
   endloop
 endfacet
 facet normal -9.271267e-01 -3.747479e-01  2.940564e-18
   outer loop
     vertex -8.297087e+00 -3.486881e+00  2.400000e+01
     vertex -8.389624e+00 -3.257946e+00  2.400000e+01
     vertex -8.389624e+00 -3.257946e+00  2.250000e+01
   endloop
 endfacet
 facet normal -9.164969e-01 -4.000417e-01 -0.000000e+00
   outer loop
     vertex -8.198305e+00 -3.713192e+00  2.400000e+01
     vertex -8.297087e+00 -3.486881e+00  2.250000e+01
     vertex -8.198305e+00 -3.713192e+00  2.250000e+01
   endloop
 endfacet
 facet normal -9.164969e-01 -4.000417e-01  1.577600e-18
   outer loop
     vertex -8.198305e+00 -3.713192e+00  2.400000e+01
     vertex -8.297087e+00 -3.486881e+00  2.400000e+01
     vertex -8.297087e+00 -3.486881e+00  2.250000e+01
   endloop
 endfacet
 facet normal -9.051772e-01 -4.250344e-01 -0.000000e+00
   outer loop
     vertex -8.093352e+00 -3.936707e+00  2.400000e+01
     vertex -8.198305e+00 -3.713192e+00  2.250000e+01
     vertex -8.093352e+00 -3.936707e+00  2.250000e+01
   endloop
 endfacet
 facet normal -8.931761e-01 -4.497071e-01 -0.000000e+00
   outer loop
     vertex -8.093352e+00 -3.936707e+00  2.400000e+01
     vertex -8.093352e+00 -3.936707e+00  2.250000e+01
     vertex -7.982306e+00 -4.157259e+00  2.250000e+01
   endloop
 endfacet
 facet normal -9.051772e-01 -4.250344e-01 -4.243427e-18
   outer loop
     vertex -8.093352e+00 -3.936707e+00  2.400000e+01
     vertex -8.198305e+00 -3.713192e+00  2.400000e+01
     vertex -8.198305e+00 -3.713192e+00  2.250000e+01
   endloop
 endfacet
 facet normal -8.931761e-01 -4.497071e-01 -0.000000e+00
   outer loop
     vertex -7.982306e+00 -4.157259e+00  2.400000e+01
     vertex -8.093352e+00 -3.936707e+00  2.400000e+01
     vertex -7.982306e+00 -4.157259e+00  2.250000e+01
   endloop
 endfacet
 facet normal -8.805026e-01 -4.740412e-01 -0.000000e+00
   outer loop
     vertex -7.865251e+00 -4.374681e+00  2.400000e+01
     vertex -7.982306e+00 -4.157259e+00  2.250000e+01
     vertex -7.865251e+00 -4.374681e+00  2.250000e+01
   endloop
 endfacet
 facet normal -8.805026e-01 -4.740412e-01  3.068112e-18
   outer loop
     vertex -7.865251e+00 -4.374681e+00  2.400000e+01
     vertex -7.982306e+00 -4.157259e+00  2.400000e+01
     vertex -7.982306e+00 -4.157259e+00  2.250000e+01
   endloop
 endfacet
 facet normal -8.671664e-01 -4.980186e-01 -0.000000e+00
   outer loop
     vertex -7.742275e+00 -4.588810e+00  2.400000e+01
     vertex -7.865251e+00 -4.374681e+00  2.250000e+01
     vertex -7.742275e+00 -4.588810e+00  2.250000e+01
   endloop
 endfacet
 facet normal -8.671664e-01 -4.980186e-01  9.644809e-19
   outer loop
     vertex -7.742275e+00 -4.588810e+00  2.400000e+01
     vertex -7.865251e+00 -4.374681e+00  2.400000e+01
     vertex -7.865251e+00 -4.374681e+00  2.250000e+01
   endloop
 endfacet
 facet normal -8.531773e-01 -5.216210e-01 -0.000000e+00
   outer loop
     vertex -7.613471e+00 -4.799485e+00  2.400000e+01
     vertex -7.742275e+00 -4.588810e+00  2.250000e+01
     vertex -7.613471e+00 -4.799485e+00  2.250000e+01
   endloop
 endfacet
 facet normal -8.531773e-01 -5.216210e-01 -2.209649e-18
   outer loop
     vertex -7.613471e+00 -4.799485e+00  2.400000e+01
     vertex -7.742275e+00 -4.588810e+00  2.400000e+01
     vertex -7.742275e+00 -4.588810e+00  2.250000e+01
   endloop
 endfacet
 facet normal -8.385460e-01 -5.448308e-01 -0.000000e+00
   outer loop
     vertex -7.478937e+00 -5.006547e+00  2.400000e+01
     vertex -7.613471e+00 -4.799485e+00  2.250000e+01
     vertex -7.478937e+00 -5.006547e+00  2.250000e+01
   endloop
 endfacet
 facet normal -8.385460e-01 -5.448308e-01  1.263913e-18
   outer loop
     vertex -7.478937e+00 -5.006547e+00  2.400000e+01
     vertex -7.613471e+00 -4.799485e+00  2.400000e+01
     vertex -7.613471e+00 -4.799485e+00  2.250000e+01
   endloop
 endfacet
 facet normal -8.232835e-01 -5.676304e-01 -3.943533e-19
   outer loop
     vertex -7.338772e+00 -5.209840e+00  2.400000e+01
     vertex -7.478937e+00 -5.006547e+00  2.400000e+01
     vertex -7.478937e+00 -5.006547e+00  2.250000e+01
   endloop
 endfacet
 facet normal -8.232835e-01 -5.676304e-01 -0.000000e+00
   outer loop
     vertex -7.338772e+00 -5.209840e+00  2.400000e+01
     vertex -7.478937e+00 -5.006547e+00  2.250000e+01
     vertex -7.338772e+00 -5.209840e+00  2.250000e+01
   endloop
 endfacet
 facet normal -8.074012e-01 -5.900028e-01 -0.000000e+00
   outer loop
     vertex -7.338772e+00 -5.209840e+00  2.400000e+01
     vertex -7.338772e+00 -5.209840e+00  2.250000e+01
     vertex -7.193083e+00 -5.409211e+00  2.250000e+01
   endloop
 endfacet
 facet normal -8.074012e-01 -5.900028e-01 -0.000000e+00
   outer loop
     vertex -7.193083e+00 -5.409211e+00  2.400000e+01
     vertex -7.338772e+00 -5.209840e+00  2.400000e+01
     vertex -7.193083e+00 -5.409211e+00  2.250000e+01
   endloop
 endfacet
 facet normal -7.909112e-01 -6.119310e-01  3.440866e-18
   outer loop
     vertex -7.041979e+00 -5.604510e+00  2.400000e+01
     vertex -7.193083e+00 -5.409211e+00  2.400000e+01
     vertex -7.193083e+00 -5.409211e+00  2.250000e+01
   endloop
 endfacet
 facet normal -7.909112e-01 -6.119310e-01 -0.000000e+00
   outer loop
     vertex -7.041979e+00 -5.604510e+00  2.400000e+01
     vertex -7.193083e+00 -5.409211e+00  2.250000e+01
     vertex -7.041979e+00 -5.604510e+00  2.250000e+01
   endloop
 endfacet
 facet normal -7.738257e-01 -6.333986e-01 -0.000000e+00
   outer loop
     vertex -7.041979e+00 -5.604510e+00  2.400000e+01
     vertex -7.041979e+00 -5.604510e+00  2.250000e+01
     vertex -6.885574e+00 -5.795591e+00  2.250000e+01
   endloop
 endfacet
 facet normal -7.738257e-01 -6.333986e-01 -0.000000e+00
   outer loop
     vertex -6.885574e+00 -5.795591e+00  2.400000e+01
     vertex -7.041979e+00 -5.604510e+00  2.400000e+01
     vertex -6.885574e+00 -5.795591e+00  2.250000e+01
   endloop
 endfacet
 facet normal -7.561578e-01 -6.543893e-01  2.659165e-18
   outer loop
     vertex -6.723986e+00 -5.982309e+00  2.400000e+01
     vertex -6.885574e+00 -5.795591e+00  2.400000e+01
     vertex -6.885574e+00 -5.795591e+00  2.250000e+01
   endloop
 endfacet
 facet normal -7.561578e-01 -6.543893e-01 -0.000000e+00
   outer loop
     vertex -6.723986e+00 -5.982309e+00  2.400000e+01
     vertex -6.885574e+00 -5.795591e+00  2.250000e+01
     vertex -6.723986e+00 -5.982309e+00  2.250000e+01
   endloop
 endfacet
 facet normal -7.379206e-01 -6.748875e-01 -1.098145e-18
   outer loop
     vertex -6.557336e+00 -6.164523e+00  2.400000e+01
     vertex -6.723986e+00 -5.982309e+00  2.400000e+01
     vertex -6.723986e+00 -5.982309e+00  2.250000e+01
   endloop
 endfacet
 facet normal -7.379206e-01 -6.748875e-01 -0.000000e+00
   outer loop
     vertex -6.557336e+00 -6.164523e+00  2.400000e+01
     vertex -6.723986e+00 -5.982309e+00  2.250000e+01
     vertex -6.557336e+00 -6.164523e+00  2.250000e+01
   endloop
 endfacet
 facet normal -7.191280e-01 -6.948776e-01 -0.000000e+00
   outer loop
     vertex -6.557336e+00 -6.164523e+00  2.400000e+01
     vertex -6.557336e+00 -6.164523e+00  2.250000e+01
     vertex -6.385750e+00 -6.342097e+00  2.250000e+01
   endloop
 endfacet
 facet normal -7.191280e-01 -6.948776e-01 -0.000000e+00
   outer loop
     vertex -6.385750e+00 -6.342097e+00  2.400000e+01
     vertex -6.557336e+00 -6.164523e+00  2.400000e+01
     vertex -6.385750e+00 -6.342097e+00  2.250000e+01
   endloop
 endfacet
 facet normal -6.997940e-01 -7.143447e-01 -2.475758e-18
   outer loop
     vertex -6.209357e+00 -6.514897e+00  2.400000e+01
     vertex -6.385750e+00 -6.342097e+00  2.400000e+01
     vertex -6.385750e+00 -6.342097e+00  2.250000e+01
   endloop
 endfacet
 facet normal -6.997940e-01 -7.143447e-01 -0.000000e+00
   outer loop
     vertex -6.209357e+00 -6.514897e+00  2.400000e+01
     vertex -6.385750e+00 -6.342097e+00  2.250000e+01
     vertex -6.209357e+00 -6.514897e+00  2.250000e+01
   endloop
 endfacet
 facet normal -6.799333e-01 -7.332740e-01 -2.427885e-18
   outer loop
     vertex -6.028290e+00 -6.682793e+00  2.400000e+01
     vertex -6.209357e+00 -6.514897e+00  2.400000e+01
     vertex -6.209357e+00 -6.514897e+00  2.250000e+01
   endloop
 endfacet
 facet normal -6.799333e-01 -7.332740e-01 -0.000000e+00
   outer loop
     vertex -6.028290e+00 -6.682793e+00  2.400000e+01
     vertex -6.209357e+00 -6.514897e+00  2.250000e+01
     vertex -6.028290e+00 -6.682793e+00  2.250000e+01
   endloop
 endfacet
 facet normal -6.595607e-01 -7.516513e-01  3.262704e-18
   outer loop
     vertex -5.842685e+00 -6.845658e+00  2.400000e+01
     vertex -6.028290e+00 -6.682793e+00  2.400000e+01
     vertex -6.028290e+00 -6.682793e+00  2.250000e+01
   endloop
 endfacet
 facet normal -6.595607e-01 -7.516513e-01 -0.000000e+00
   outer loop
     vertex -5.842685e+00 -6.845658e+00  2.400000e+01
     vertex -6.028290e+00 -6.682793e+00  2.250000e+01
     vertex -5.842685e+00 -6.845658e+00  2.250000e+01
   endloop
 endfacet
 facet normal -6.386916e-01 -7.694628e-01  6.704350e-19
   outer loop
     vertex -5.652682e+00 -7.003370e+00  2.400000e+01
     vertex -5.842685e+00 -6.845658e+00  2.400000e+01
     vertex -5.842685e+00 -6.845658e+00  2.250000e+01
   endloop
 endfacet
 facet normal -6.386916e-01 -7.694628e-01 -0.000000e+00
   outer loop
     vertex -5.652682e+00 -7.003370e+00  2.400000e+01
     vertex -5.842685e+00 -6.845658e+00  2.250000e+01
     vertex -5.652682e+00 -7.003370e+00  2.250000e+01
   endloop
 endfacet
 facet normal -6.173417e-01 -7.866951e-01  3.350184e-18
   outer loop
     vertex -5.458423e+00 -7.155810e+00  2.400000e+01
     vertex -5.652682e+00 -7.003370e+00  2.400000e+01
     vertex -5.652682e+00 -7.003370e+00  2.250000e+01
   endloop
 endfacet
 facet normal -6.173417e-01 -7.866951e-01 -0.000000e+00
   outer loop
     vertex -5.458423e+00 -7.155810e+00  2.400000e+01
     vertex -5.652682e+00 -7.003370e+00  2.250000e+01
     vertex -5.458423e+00 -7.155810e+00  2.250000e+01
   endloop
 endfacet
 facet normal -5.955271e-01 -8.033352e-01 -3.619089e-18
   outer loop
     vertex -5.260056e+00 -7.302863e+00  2.400000e+01
     vertex -5.458423e+00 -7.155810e+00  2.400000e+01
     vertex -5.458423e+00 -7.155810e+00  2.250000e+01
   endloop
 endfacet
 facet normal -5.955271e-01 -8.033352e-01 -0.000000e+00
   outer loop
     vertex -5.260056e+00 -7.302863e+00  2.400000e+01
     vertex -5.458423e+00 -7.155810e+00  2.250000e+01
     vertex -5.260056e+00 -7.302863e+00  2.250000e+01
   endloop
 endfacet
 facet normal -5.732642e-01 -8.193706e-01 -1.792976e-19
   outer loop
     vertex -5.057729e+00 -7.444419e+00  2.400000e+01
     vertex -5.260056e+00 -7.302863e+00  2.400000e+01
     vertex -5.260056e+00 -7.302863e+00  2.250000e+01
   endloop
 endfacet
 facet normal -5.732642e-01 -8.193706e-01 -0.000000e+00
   outer loop
     vertex -5.057729e+00 -7.444419e+00  2.400000e+01
     vertex -5.260056e+00 -7.302863e+00  2.250000e+01
     vertex -5.057729e+00 -7.444419e+00  2.250000e+01
   endloop
 endfacet
 facet normal -5.505698e-01 -8.347891e-01 -2.377755e-18
   outer loop
     vertex -4.851595e+00 -7.580371e+00  2.400000e+01
     vertex -5.057729e+00 -7.444419e+00  2.400000e+01
     vertex -5.057729e+00 -7.444419e+00  2.250000e+01
   endloop
 endfacet
 facet normal -5.505698e-01 -8.347891e-01 -0.000000e+00
   outer loop
     vertex -4.851595e+00 -7.580371e+00  2.400000e+01
     vertex -5.057729e+00 -7.444419e+00  2.250000e+01
     vertex -4.851595e+00 -7.580371e+00  2.250000e+01
   endloop
 endfacet
 facet normal -5.274609e-01 -8.495793e-01  4.478652e-18
   outer loop
     vertex -4.641809e+00 -7.710617e+00  2.400000e+01
     vertex -4.851595e+00 -7.580371e+00  2.400000e+01
     vertex -4.851595e+00 -7.580371e+00  2.250000e+01
   endloop
 endfacet
 facet normal -5.274609e-01 -8.495793e-01 -0.000000e+00
   outer loop
     vertex -4.641809e+00 -7.710617e+00  2.400000e+01
     vertex -4.851595e+00 -7.580371e+00  2.250000e+01
     vertex -4.641809e+00 -7.710617e+00  2.250000e+01
   endloop
 endfacet
 facet normal -5.039550e-01 -8.637299e-01 -1.673146e-18
   outer loop
     vertex -4.428528e+00 -7.835058e+00  2.400000e+01
     vertex -4.641809e+00 -7.710617e+00  2.400000e+01
     vertex -4.641809e+00 -7.710617e+00  2.250000e+01
   endloop
 endfacet
 facet normal -5.039550e-01 -8.637299e-01 -0.000000e+00
   outer loop
     vertex -4.428528e+00 -7.835058e+00  2.400000e+01
     vertex -4.641809e+00 -7.710617e+00  2.250000e+01
     vertex -4.428528e+00 -7.835058e+00  2.250000e+01
   endloop
 endfacet
 facet normal -4.800697e-01 -8.772303e-01 -4.208671e-18
   outer loop
     vertex -4.211914e+00 -7.953602e+00  2.400000e+01
     vertex -4.428528e+00 -7.835058e+00  2.400000e+01
     vertex -4.428528e+00 -7.835058e+00  2.250000e+01
   endloop
 endfacet
 facet normal -4.800697e-01 -8.772303e-01 -0.000000e+00
   outer loop
     vertex -4.211914e+00 -7.953602e+00  2.400000e+01
     vertex -4.428528e+00 -7.835058e+00  2.250000e+01
     vertex -4.211914e+00 -7.953602e+00  2.250000e+01
   endloop
 endfacet
 facet normal -4.558231e-01 -8.900704e-01  4.088763e-18
   outer loop
     vertex -3.992129e+00 -8.066158e+00  2.400000e+01
     vertex -4.211914e+00 -7.953602e+00  2.400000e+01
     vertex -4.211914e+00 -7.953602e+00  2.250000e+01
   endloop
 endfacet
 facet normal -4.558231e-01 -8.900704e-01 -0.000000e+00
   outer loop
     vertex -3.992129e+00 -8.066158e+00  2.400000e+01
     vertex -4.211914e+00 -7.953602e+00  2.250000e+01
     vertex -3.992129e+00 -8.066158e+00  2.250000e+01
   endloop
 endfacet
 facet normal -4.312333e-01 -9.022405e-01 -1.739998e-18
   outer loop
     vertex -3.769339e+00 -8.172642e+00  2.400000e+01
     vertex -3.992129e+00 -8.066158e+00  2.400000e+01
     vertex -3.992129e+00 -8.066158e+00  2.250000e+01
   endloop
 endfacet
 facet normal -4.312333e-01 -9.022405e-01 -0.000000e+00
   outer loop
     vertex -3.769339e+00 -8.172642e+00  2.400000e+01
     vertex -3.992129e+00 -8.066158e+00  2.250000e+01
     vertex -3.769339e+00 -8.172642e+00  2.250000e+01
   endloop
 endfacet
 facet normal -4.063188e-01 -9.137314e-01 -0.000000e+00
   outer loop
     vertex -3.769339e+00 -8.172642e+00  2.400000e+01
     vertex -3.769339e+00 -8.172642e+00  2.250000e+01
     vertex -3.543712e+00 -8.272974e+00  2.250000e+01
   endloop
 endfacet
 facet normal -4.063188e-01 -9.137314e-01 -0.000000e+00
   outer loop
     vertex -3.543712e+00 -8.272974e+00  2.400000e+01
     vertex -3.769339e+00 -8.172642e+00  2.400000e+01
     vertex -3.543712e+00 -8.272974e+00  2.250000e+01
   endloop
 endfacet
 facet normal -3.810986e-01 -9.245344e-01 -0.000000e+00
   outer loop
     vertex -3.315417e+00 -8.367079e+00  2.400000e+01
     vertex -3.543712e+00 -8.272974e+00  2.250000e+01
     vertex -3.315417e+00 -8.367079e+00  2.250000e+01
   endloop
 endfacet
 facet normal -3.810986e-01 -9.245344e-01  3.244040e-18
   outer loop
     vertex -3.315417e+00 -8.367079e+00  2.400000e+01
     vertex -3.543712e+00 -8.272974e+00  2.400000e+01
     vertex -3.543712e+00 -8.272974e+00  2.250000e+01
   endloop
 endfacet
 facet normal -3.555914e-01 -9.346415e-01 -0.000000e+00
   outer loop
     vertex -3.084626e+00 -8.454885e+00  2.400000e+01
     vertex -3.315417e+00 -8.367079e+00  2.250000e+01
     vertex -3.084626e+00 -8.454885e+00  2.250000e+01
   endloop
 endfacet
 facet normal -3.555914e-01 -9.346415e-01  3.463280e-18
   outer loop
     vertex -3.084626e+00 -8.454885e+00  2.400000e+01
     vertex -3.315417e+00 -8.367079e+00  2.400000e+01
     vertex -3.315417e+00 -8.367079e+00  2.250000e+01
   endloop
 endfacet
 facet normal -3.298166e-01 -9.440450e-01 -0.000000e+00
   outer loop
     vertex -2.851513e+00 -8.536327e+00  2.400000e+01
     vertex -3.084626e+00 -8.454885e+00  2.250000e+01
     vertex -2.851513e+00 -8.536327e+00  2.250000e+01
   endloop
 endfacet
 facet normal -3.298166e-01 -9.440450e-01  6.055750e-20
   outer loop
     vertex -2.851513e+00 -8.536327e+00  2.400000e+01
     vertex -3.084626e+00 -8.454885e+00  2.400000e+01
     vertex -3.084626e+00 -8.454885e+00  2.250000e+01
   endloop
 endfacet
 facet normal -3.037934e-01 -9.527379e-01 -0.000000e+00
   outer loop
     vertex -2.616254e+00 -8.611342e+00  2.400000e+01
     vertex -2.851513e+00 -8.536327e+00  2.250000e+01
     vertex -2.616254e+00 -8.611342e+00  2.250000e+01
   endloop
 endfacet
 facet normal -3.037934e-01 -9.527379e-01 -9.002289e-19
   outer loop
     vertex -2.616254e+00 -8.611342e+00  2.400000e+01
     vertex -2.851513e+00 -8.536327e+00  2.400000e+01
     vertex -2.851513e+00 -8.536327e+00  2.250000e+01
   endloop
 endfacet
 facet normal -2.775416e-01 -9.607136e-01  7.743856e-19
   outer loop
     vertex -2.379025e+00 -8.679875e+00  2.400000e+01
     vertex -2.616254e+00 -8.611342e+00  2.400000e+01
     vertex -2.616254e+00 -8.611342e+00  2.250000e+01
   endloop
 endfacet
 facet normal -2.775416e-01 -9.607136e-01 -0.000000e+00
   outer loop
     vertex -2.379025e+00 -8.679875e+00  2.400000e+01
     vertex -2.616254e+00 -8.611342e+00  2.250000e+01
     vertex -2.379025e+00 -8.679875e+00  2.250000e+01
   endloop
 endfacet
 facet normal -2.510809e-01 -9.679661e-01 -0.000000e+00
   outer loop
     vertex -2.379025e+00 -8.679875e+00  2.400000e+01
     vertex -2.379025e+00 -8.679875e+00  2.250000e+01
     vertex -2.140006e+00 -8.741875e+00  2.250000e+01
   endloop
 endfacet
 facet normal -2.510809e-01 -9.679661e-01 -0.000000e+00
   outer loop
     vertex -2.140006e+00 -8.741875e+00  2.400000e+01
     vertex -2.379025e+00 -8.679875e+00  2.400000e+01
     vertex -2.140006e+00 -8.741875e+00  2.250000e+01
   endloop
 endfacet
 facet normal -2.244312e-01 -9.744899e-01 -0.000000e+00
   outer loop
     vertex -2.140006e+00 -8.741875e+00  2.400000e+01
     vertex -2.140006e+00 -8.741875e+00  2.250000e+01
     vertex -1.899375e+00 -8.797294e+00  2.250000e+01
   endloop
 endfacet
 facet normal -2.244312e-01 -9.744899e-01 -0.000000e+00
   outer loop
     vertex -1.899375e+00 -8.797294e+00  2.400000e+01
     vertex -2.140006e+00 -8.741875e+00  2.400000e+01
     vertex -1.899375e+00 -8.797294e+00  2.250000e+01
   endloop
 endfacet
 facet normal -1.976125e-01 -9.802802e-01 -0.000000e+00
   outer loop
     vertex -1.899375e+00 -8.797294e+00  2.400000e+01
     vertex -1.899375e+00 -8.797294e+00  2.250000e+01
     vertex -1.657315e+00 -8.846090e+00  2.250000e+01
   endloop
 endfacet
 facet normal -1.976125e-01 -9.802802e-01 -0.000000e+00
   outer loop
     vertex -1.657315e+00 -8.846090e+00  2.400000e+01
     vertex -1.899375e+00 -8.797294e+00  2.400000e+01
     vertex -1.657315e+00 -8.846090e+00  2.250000e+01
   endloop
 endfacet
 facet normal -1.706451e-01 -9.853326e-01 -0.000000e+00
   outer loop
     vertex -1.657315e+00 -8.846090e+00  2.400000e+01
     vertex -1.657315e+00 -8.846090e+00  2.250000e+01
     vertex -1.414007e+00 -8.888227e+00  2.250000e+01
   endloop
 endfacet
 facet normal -1.706451e-01 -9.853326e-01 -0.000000e+00
   outer loop
     vertex -1.414007e+00 -8.888227e+00  2.400000e+01
     vertex -1.657315e+00 -8.846090e+00  2.400000e+01
     vertex -1.414007e+00 -8.888227e+00  2.250000e+01
   endloop
 endfacet
 facet normal -1.435492e-01 -9.896432e-01 -0.000000e+00
   outer loop
     vertex -1.414007e+00 -8.888227e+00  2.400000e+01
     vertex -1.414007e+00 -8.888227e+00  2.250000e+01
     vertex -1.169635e+00 -8.923674e+00  2.250000e+01
   endloop
 endfacet
 facet normal -1.435492e-01 -9.896432e-01 -0.000000e+00
   outer loop
     vertex -1.169635e+00 -8.923674e+00  2.400000e+01
     vertex -1.414007e+00 -8.888227e+00  2.400000e+01
     vertex -1.169635e+00 -8.923674e+00  2.250000e+01
   endloop
 endfacet
 facet normal -1.163452e-01 -9.932088e-01  3.943089e-19
   outer loop
     vertex -9.243823e-01 -8.952403e+00  2.400000e+01
     vertex -1.169635e+00 -8.923674e+00  2.400000e+01
     vertex -1.169635e+00 -8.923674e+00  2.250000e+01
   endloop
 endfacet
 facet normal -1.163452e-01 -9.932088e-01 -0.000000e+00
   outer loop
     vertex -9.243823e-01 -8.952403e+00  2.400000e+01
     vertex -1.169635e+00 -8.923674e+00  2.250000e+01
     vertex -9.243823e-01 -8.952403e+00  2.250000e+01
   endloop
 endfacet
 facet normal -8.905371e-02 -9.960268e-01 -2.028478e-19
   outer loop
     vertex -6.784337e-01 -8.974393e+00  2.400000e+01
     vertex -9.243823e-01 -8.952403e+00  2.400000e+01
     vertex -9.243823e-01 -8.952403e+00  2.250000e+01
   endloop
 endfacet
 facet normal -8.905371e-02 -9.960268e-01 -0.000000e+00
   outer loop
     vertex -6.784337e-01 -8.974393e+00  2.400000e+01
     vertex -9.243823e-01 -8.952403e+00  2.250000e+01
     vertex -6.784337e-01 -8.974393e+00  2.250000e+01
   endloop
 endfacet
 facet normal -6.169515e-02 -9.980950e-01 -7.657844e-20
   outer loop
     vertex -4.319744e-01 -8.989627e+00  2.400000e+01
     vertex -6.784337e-01 -8.974393e+00  2.400000e+01
     vertex -6.784337e-01 -8.974393e+00  2.250000e+01
   endloop
 endfacet
 facet normal -6.169515e-02 -9.980950e-01 -0.000000e+00
   outer loop
     vertex -4.319744e-01 -8.989627e+00  2.400000e+01
     vertex -6.784337e-01 -8.974393e+00  2.250000e+01
     vertex -4.319744e-01 -8.989627e+00  2.250000e+01
   endloop
 endfacet
 facet normal -3.429014e-02 -9.994119e-01 -2.162062e-19
   outer loop
     vertex -1.851900e-01 -8.998095e+00  2.400000e+01
     vertex -4.319744e-01 -8.989627e+00  2.400000e+01
     vertex -4.319744e-01 -8.989627e+00  2.250000e+01
   endloop
 endfacet
 facet normal -3.429014e-02 -9.994119e-01 -0.000000e+00
   outer loop
     vertex -1.851900e-01 -8.998095e+00  2.400000e+01
     vertex -4.319744e-01 -8.989627e+00  2.250000e+01
     vertex -1.851900e-01 -8.998095e+00  2.250000e+01
   endloop
 endfacet
 facet normal -6.859319e-03 -9.999765e-01 -0.000000e+00
   outer loop
     vertex -1.851900e-01 -8.998095e+00  2.400000e+01
     vertex -1.851900e-01 -8.998095e+00  2.250000e+01
     vertex  6.173387e-02 -8.999788e+00  2.250000e+01
   endloop
 endfacet
 facet normal -6.859319e-03 -9.999765e-01 -0.000000e+00
   outer loop
     vertex  6.173387e-02 -8.999788e+00  2.400000e+01
     vertex -1.851900e-01 -8.998095e+00  2.400000e+01
     vertex  6.173387e-02 -8.999788e+00  2.250000e+01
   endloop
 endfacet
 facet normal  4.799716e-02 -9.988475e-01  0.000000e+00
   outer loop
     vertex  3.086113e-01 -8.994707e+00  2.400000e+01
     vertex  3.086113e-01 -8.994707e+00  2.250000e+01
     vertex  5.552563e-01 -8.982855e+00  2.250000e+01
   endloop
 endfacet
 facet normal  2.057667e-02 -9.997883e-01  2.293813e-19
   outer loop
     vertex  3.086113e-01 -8.994707e+00  2.400000e+01
     vertex  6.173387e-02 -8.999788e+00  2.400000e+01
     vertex  6.173387e-02 -8.999788e+00  2.250000e+01
   endloop
 endfacet
 facet normal  2.057667e-02 -9.997883e-01  0.000000e+00
   outer loop
     vertex  3.086113e-01 -8.994707e+00  2.400000e+01
     vertex  6.173387e-02 -8.999788e+00  2.250000e+01
     vertex  3.086113e-01 -8.994707e+00  2.250000e+01
   endloop
 endfacet
 facet normal  4.799716e-02 -9.988475e-01  0.000000e+00
   outer loop
     vertex  5.552563e-01 -8.982855e+00  2.400000e+01
     vertex  3.086113e-01 -8.994707e+00  2.400000e+01
     vertex  5.552563e-01 -8.982855e+00  2.250000e+01
   endloop
 endfacet
 facet normal  7.538152e-02 -9.971548e-01  0.000000e+00
   outer loop
     vertex  8.014834e-01 -8.964241e+00  2.400000e+01
     vertex  5.552563e-01 -8.982855e+00  2.250000e+01
     vertex  8.014834e-01 -8.964241e+00  2.250000e+01
   endloop
 endfacet
 facet normal  7.538152e-02 -9.971548e-01 -1.134373e-18
   outer loop
     vertex  8.014834e-01 -8.964241e+00  2.400000e+01
     vertex  5.552563e-01 -8.982855e+00  2.400000e+01
     vertex  5.552563e-01 -8.982855e+00  2.250000e+01
   endloop
 endfacet
 facet normal  1.027091e-01 -9.947114e-01  0.000000e+00
   outer loop
     vertex  1.047107e+00 -8.938879e+00  2.400000e+01
     vertex  8.014834e-01 -8.964241e+00  2.250000e+01
     vertex  1.047107e+00 -8.938879e+00  2.250000e+01
   endloop
 endfacet
 facet normal  1.299594e-01 -9.915193e-01  0.000000e+00
   outer loop
     vertex  1.047107e+00 -8.938879e+00  2.400000e+01
     vertex  1.047107e+00 -8.938879e+00  2.250000e+01
     vertex  1.291943e+00 -8.906789e+00  2.250000e+01
   endloop
 endfacet
 facet normal  1.027091e-01 -9.947114e-01  6.708504e-19
   outer loop
     vertex  1.047107e+00 -8.938879e+00  2.400000e+01
     vertex  8.014834e-01 -8.964241e+00  2.400000e+01
     vertex  8.014834e-01 -8.964241e+00  2.250000e+01
   endloop
 endfacet
 facet normal  1.571119e-01 -9.875808e-01  0.000000e+00
   outer loop
     vertex  1.291943e+00 -8.906789e+00  2.400000e+01
     vertex  1.291943e+00 -8.906789e+00  2.250000e+01
     vertex  1.535806e+00 -8.867993e+00  2.250000e+01
   endloop
 endfacet
 facet normal  1.299594e-01 -9.915193e-01  0.000000e+00
   outer loop
     vertex  1.291943e+00 -8.906789e+00  2.400000e+01
     vertex  1.047107e+00 -8.938879e+00  2.400000e+01
     vertex  1.291943e+00 -8.906789e+00  2.250000e+01
   endloop
 endfacet
 facet normal  1.571119e-01 -9.875808e-01  0.000000e+00
   outer loop
     vertex  1.535806e+00 -8.867993e+00  2.400000e+01
     vertex  1.291943e+00 -8.906789e+00  2.400000e+01
     vertex  1.535806e+00 -8.867993e+00  2.250000e+01
   endloop
 endfacet
 facet normal  1.841461e-01 -9.828989e-01  0.000000e+00
   outer loop
     vertex  1.778513e+00 -8.822522e+00  2.400000e+01
     vertex  1.535806e+00 -8.867993e+00  2.250000e+01
     vertex  1.778513e+00 -8.822522e+00  2.250000e+01
   endloop
 endfacet
 facet normal  1.841461e-01 -9.828989e-01  1.732912e-19
   outer loop
     vertex  1.778513e+00 -8.822522e+00  2.400000e+01
     vertex  1.535806e+00 -8.867993e+00  2.400000e+01
     vertex  1.535806e+00 -8.867993e+00  2.250000e+01
   endloop
 endfacet
 facet normal  2.110417e-01 -9.774771e-01  0.000000e+00
   outer loop
     vertex  2.019881e+00 -8.770409e+00  2.400000e+01
     vertex  1.778513e+00 -8.822522e+00  2.250000e+01
     vertex  2.019881e+00 -8.770409e+00  2.250000e+01
   endloop
 endfacet
 facet normal  2.377784e-01 -9.713194e-01  0.000000e+00
   outer loop
     vertex  2.019881e+00 -8.770409e+00  2.400000e+01
     vertex  2.019881e+00 -8.770409e+00  2.250000e+01
     vertex  2.259728e+00 -8.711695e+00  2.250000e+01
   endloop
 endfacet
 facet normal  2.110417e-01 -9.774771e-01 -2.014275e-18
   outer loop
     vertex  2.019881e+00 -8.770409e+00  2.400000e+01
     vertex  1.778513e+00 -8.822522e+00  2.400000e+01
     vertex  1.778513e+00 -8.822522e+00  2.250000e+01
   endloop
 endfacet
 facet normal  2.643362e-01 -9.644306e-01  0.000000e+00
   outer loop
     vertex  2.259728e+00 -8.711695e+00  2.400000e+01
     vertex  2.259728e+00 -8.711695e+00  2.250000e+01
     vertex  2.497875e+00 -8.646422e+00  2.250000e+01
   endloop
 endfacet
 facet normal  2.377784e-01 -9.713194e-01  0.000000e+00
   outer loop
     vertex  2.259728e+00 -8.711695e+00  2.400000e+01
     vertex  2.019881e+00 -8.770409e+00  2.400000e+01
     vertex  2.259728e+00 -8.711695e+00  2.250000e+01
   endloop
 endfacet
 facet normal  2.643362e-01 -9.644306e-01  0.000000e+00
   outer loop
     vertex  2.497875e+00 -8.646422e+00  2.400000e+01
     vertex  2.259728e+00 -8.711695e+00  2.400000e+01
     vertex  2.497875e+00 -8.646422e+00  2.250000e+01
   endloop
 endfacet
 facet normal  2.906949e-01 -9.568158e-01  0.000000e+00
   outer loop
     vertex  2.734141e+00 -8.574641e+00  2.400000e+01
     vertex  2.497875e+00 -8.646422e+00  2.250000e+01
     vertex  2.734141e+00 -8.574641e+00  2.250000e+01
   endloop
 endfacet
 facet normal  2.906949e-01 -9.568158e-01 -3.603375e-18
   outer loop
     vertex  2.734141e+00 -8.574641e+00  2.400000e+01
     vertex  2.497875e+00 -8.646422e+00  2.400000e+01
     vertex  2.497875e+00 -8.646422e+00  2.250000e+01
   endloop
 endfacet
 facet normal  3.168348e-01 -9.484807e-01  0.000000e+00
   outer loop
     vertex  2.968349e+00 -8.496405e+00  2.400000e+01
     vertex  2.734141e+00 -8.574641e+00  2.250000e+01
     vertex  2.968349e+00 -8.496405e+00  2.250000e+01
   endloop
 endfacet
 facet normal  3.168348e-01 -9.484807e-01 -3.820262e-18
   outer loop
     vertex  2.968349e+00 -8.496405e+00  2.400000e+01
     vertex  2.734141e+00 -8.574641e+00  2.400000e+01
     vertex  2.734141e+00 -8.574641e+00  2.250000e+01
   endloop
 endfacet
 facet normal  3.427362e-01 -9.394317e-01  0.000000e+00
   outer loop
     vertex  3.200323e+00 -8.411774e+00  2.400000e+01
     vertex  2.968349e+00 -8.496405e+00  2.250000e+01
     vertex  3.200323e+00 -8.411774e+00  2.250000e+01
   endloop
 endfacet
 facet normal  3.427362e-01 -9.394317e-01  2.094686e-18
   outer loop
     vertex  3.200323e+00 -8.411774e+00  2.400000e+01
     vertex  2.968349e+00 -8.496405e+00  2.400000e+01
     vertex  2.968349e+00 -8.496405e+00  2.250000e+01
   endloop
 endfacet
 facet normal  3.683796e-01 -9.296754e-01  0.000000e+00
   outer loop
     vertex  3.429887e+00 -8.320810e+00  2.400000e+01
     vertex  3.200323e+00 -8.411774e+00  2.250000e+01
     vertex  3.429887e+00 -8.320810e+00  2.250000e+01
   endloop
 endfacet
 facet normal  3.683796e-01 -9.296754e-01  3.778222e-18
   outer loop
     vertex  3.429887e+00 -8.320810e+00  2.400000e+01
     vertex  3.200323e+00 -8.411774e+00  2.400000e+01
     vertex  3.200323e+00 -8.411774e+00  2.250000e+01
   endloop
 endfacet
 facet normal  3.937458e-01 -9.192194e-01  4.076459e-19
   outer loop
     vertex  3.656870e+00 -8.223582e+00  2.400000e+01
     vertex  3.429887e+00 -8.320810e+00  2.400000e+01
     vertex  3.429887e+00 -8.320810e+00  2.250000e+01
   endloop
 endfacet
 facet normal  3.937458e-01 -9.192194e-01  0.000000e+00
   outer loop
     vertex  3.656870e+00 -8.223582e+00  2.400000e+01
     vertex  3.429887e+00 -8.320810e+00  2.250000e+01
     vertex  3.656870e+00 -8.223582e+00  2.250000e+01
   endloop
 endfacet
 facet normal  4.188155e-01 -9.080714e-01  0.000000e+00
   outer loop
     vertex  3.656870e+00 -8.223582e+00  2.400000e+01
     vertex  3.656870e+00 -8.223582e+00  2.250000e+01
     vertex  3.881099e+00 -8.120164e+00  2.250000e+01
   endloop
 endfacet
 facet normal  4.188155e-01 -9.080714e-01  0.000000e+00
   outer loop
     vertex  3.881099e+00 -8.120164e+00  2.400000e+01
     vertex  3.656870e+00 -8.223582e+00  2.400000e+01
     vertex  3.881099e+00 -8.120164e+00  2.250000e+01
   endloop
 endfacet
 facet normal  4.435699e-01 -8.962398e-01  2.515349e-18
   outer loop
     vertex  4.102408e+00 -8.010634e+00  2.400000e+01
     vertex  3.881099e+00 -8.120164e+00  2.400000e+01
     vertex  3.881099e+00 -8.120164e+00  2.250000e+01
   endloop
 endfacet
 facet normal  4.435699e-01 -8.962398e-01  0.000000e+00
   outer loop
     vertex  4.102408e+00 -8.010634e+00  2.400000e+01
     vertex  3.881099e+00 -8.120164e+00  2.250000e+01
     vertex  4.102408e+00 -8.010634e+00  2.250000e+01
   endloop
 endfacet
 facet normal  4.679904e-01 -8.837335e-01  0.000000e+00
   outer loop
     vertex  4.102408e+00 -8.010634e+00  2.400000e+01
     vertex  4.102408e+00 -8.010634e+00  2.250000e+01
     vertex  4.320628e+00 -7.895073e+00  2.250000e+01
   endloop
 endfacet
 facet normal  4.679904e-01 -8.837335e-01  0.000000e+00
   outer loop
     vertex  4.320628e+00 -7.895073e+00  2.400000e+01
     vertex  4.102408e+00 -8.010634e+00  2.400000e+01
     vertex  4.320628e+00 -7.895073e+00  2.250000e+01
   endloop
 endfacet
 facet normal  4.920587e-01 -8.705620e-01 -2.919418e-18
   outer loop
     vertex  4.535595e+00 -7.773569e+00  2.400000e+01
     vertex  4.320628e+00 -7.895073e+00  2.400000e+01
     vertex  4.320628e+00 -7.895073e+00  2.250000e+01
   endloop
 endfacet
 facet normal  4.920587e-01 -8.705620e-01  0.000000e+00
   outer loop
     vertex  4.535595e+00 -7.773569e+00  2.400000e+01
     vertex  4.320628e+00 -7.895073e+00  2.250000e+01
     vertex  4.535595e+00 -7.773569e+00  2.250000e+01
   endloop
 endfacet
 facet normal  5.157565e-01 -8.567352e-01  0.000000e+00
   outer loop
     vertex  4.747149e+00 -7.646214e+00  2.400000e+01
     vertex  4.535595e+00 -7.773569e+00  2.250000e+01
     vertex  4.747149e+00 -7.646214e+00  2.250000e+01
   endloop
 endfacet
 facet normal  5.157565e-01 -8.567352e-01  3.474362e-18
   outer loop
     vertex  4.747149e+00 -7.646214e+00  2.400000e+01
     vertex  4.535595e+00 -7.773569e+00  2.400000e+01
     vertex  4.535595e+00 -7.773569e+00  2.250000e+01
   endloop
 endfacet
 facet normal  5.390661e-01 -8.422635e-01  0.000000e+00
   outer loop
     vertex  4.955128e+00 -7.513102e+00  2.400000e+01
     vertex  4.747149e+00 -7.646214e+00  2.250000e+01
     vertex  4.955128e+00 -7.513102e+00  2.250000e+01
   endloop
 endfacet
 facet normal  5.390661e-01 -8.422635e-01  3.975375e-18
   outer loop
     vertex  4.955128e+00 -7.513102e+00  2.400000e+01
     vertex  4.747149e+00 -7.646214e+00  2.400000e+01
     vertex  4.747149e+00 -7.646214e+00  2.250000e+01
   endloop
 endfacet
 facet normal  5.619699e-01 -8.271577e-01  0.000000e+00
   outer loop
     vertex  5.159378e+00 -7.374335e+00  2.400000e+01
     vertex  4.955128e+00 -7.513102e+00  2.250000e+01
     vertex  5.159378e+00 -7.374335e+00  2.250000e+01
   endloop
 endfacet
 facet normal  5.844507e-01 -8.114292e-01  0.000000e+00
   outer loop
     vertex  5.159378e+00 -7.374335e+00  2.400000e+01
     vertex  5.159378e+00 -7.374335e+00  2.250000e+01
     vertex  5.359744e+00 -7.230017e+00  2.250000e+01
   endloop
 endfacet
 facet normal  5.619699e-01 -8.271577e-01 -4.495923e-18
   outer loop
     vertex  5.159378e+00 -7.374335e+00  2.400000e+01
     vertex  4.955128e+00 -7.513102e+00  2.400000e+01
     vertex  4.955128e+00 -7.513102e+00  2.250000e+01
   endloop
 endfacet
 facet normal  6.064915e-01 -7.950900e-01  0.000000e+00
   outer loop
     vertex  5.359744e+00 -7.230017e+00  2.400000e+01
     vertex  5.359744e+00 -7.230017e+00  2.250000e+01
     vertex  5.556075e+00 -7.080256e+00  2.250000e+01
   endloop
 endfacet
 facet normal  5.844507e-01 -8.114292e-01  0.000000e+00
   outer loop
     vertex  5.359744e+00 -7.230017e+00  2.400000e+01
     vertex  5.159378e+00 -7.374335e+00  2.400000e+01
     vertex  5.359744e+00 -7.230017e+00  2.250000e+01
   endloop
 endfacet
 facet normal  6.064915e-01 -7.950900e-01  0.000000e+00
   outer loop
     vertex  5.556075e+00 -7.080256e+00  2.400000e+01
     vertex  5.359744e+00 -7.230017e+00  2.400000e+01
     vertex  5.556075e+00 -7.080256e+00  2.250000e+01
   endloop
 endfacet
 facet normal  6.280757e-01 -7.781522e-01  0.000000e+00
   outer loop
     vertex  5.748224e+00 -6.925166e+00  2.400000e+01
     vertex  5.556075e+00 -7.080256e+00  2.250000e+01
     vertex  5.748224e+00 -6.925166e+00  2.250000e+01
   endloop
 endfacet
 facet normal  6.280757e-01 -7.781522e-01 -3.106680e-18
   outer loop
     vertex  5.748224e+00 -6.925166e+00  2.400000e+01
     vertex  5.556075e+00 -7.080256e+00  2.400000e+01
     vertex  5.556075e+00 -7.080256e+00  2.250000e+01
   endloop
 endfacet
 facet normal  6.491872e-01 -7.606287e-01  0.000000e+00
   outer loop
     vertex  5.936046e+00 -6.764862e+00  2.400000e+01
     vertex  5.748224e+00 -6.925166e+00  2.250000e+01
     vertex  5.936046e+00 -6.764862e+00  2.250000e+01
   endloop
 endfacet
 facet normal  6.491872e-01 -7.606287e-01 -3.733800e-18
   outer loop
     vertex  5.936046e+00 -6.764862e+00  2.400000e+01
     vertex  5.748224e+00 -6.925166e+00  2.400000e+01
     vertex  5.748224e+00 -6.925166e+00  2.250000e+01
   endloop
 endfacet
 facet normal  6.698100e-01 -7.425325e-01  0.000000e+00
   outer loop
     vertex  6.119399e+00 -6.599466e+00  2.400000e+01
     vertex  5.936046e+00 -6.764862e+00  2.250000e+01
     vertex  6.119399e+00 -6.599466e+00  2.250000e+01
   endloop
 endfacet
 facet normal  6.698100e-01 -7.425325e-01  1.777741e-18
   outer loop
     vertex  6.119399e+00 -6.599466e+00  2.400000e+01
     vertex  5.936046e+00 -6.764862e+00  2.400000e+01
     vertex  5.936046e+00 -6.764862e+00  2.250000e+01
   endloop
 endfacet
 facet normal  6.899286e-01 -7.238775e-01  0.000000e+00
   outer loop
     vertex  6.298146e+00 -6.429102e+00  2.400000e+01
     vertex  6.119399e+00 -6.599466e+00  2.250000e+01
     vertex  6.298146e+00 -6.429102e+00  2.250000e+01
   endloop
 endfacet
 facet normal  7.095278e-01 -7.046775e-01  0.000000e+00
   outer loop
     vertex  6.298146e+00 -6.429102e+00  2.400000e+01
     vertex  6.298146e+00 -6.429102e+00  2.250000e+01
     vertex  6.472152e+00 -6.253899e+00  2.250000e+01
   endloop
 endfacet
 facet normal  6.899286e-01 -7.238775e-01  2.155124e-18
   outer loop
     vertex  6.298146e+00 -6.429102e+00  2.400000e+01
     vertex  6.119399e+00 -6.599466e+00  2.400000e+01
     vertex  6.119399e+00 -6.599466e+00  2.250000e+01
   endloop
 endfacet
 facet normal  7.095278e-01 -7.046775e-01  0.000000e+00
   outer loop
     vertex  6.472152e+00 -6.253899e+00  2.400000e+01
     vertex  6.298146e+00 -6.429102e+00  2.400000e+01
     vertex  6.472152e+00 -6.253899e+00  2.250000e+01
   endloop
 endfacet
 facet normal  7.285929e-01 -6.849470e-01  0.000000e+00
   outer loop
     vertex  6.641286e+00 -6.073988e+00  2.400000e+01
     vertex  6.472152e+00 -6.253899e+00  2.250000e+01
     vertex  6.641286e+00 -6.073988e+00  2.250000e+01
   endloop
 endfacet
 facet normal  7.285929e-01 -6.849470e-01 -2.623508e-18
   outer loop
     vertex  6.641286e+00 -6.073988e+00  2.400000e+01
     vertex  6.472152e+00 -6.253899e+00  2.400000e+01
     vertex  6.472152e+00 -6.253899e+00  2.250000e+01
   endloop
 endfacet
 facet normal  7.471095e-01 -6.647010e-01  0.000000e+00
   outer loop
     vertex  6.805420e+00 -5.889504e+00  2.400000e+01
     vertex  6.641286e+00 -6.073988e+00  2.250000e+01
     vertex  6.805420e+00 -5.889504e+00  2.250000e+01
   endloop
 endfacet
 facet normal  7.471095e-01 -6.647010e-01  3.599340e-18
   outer loop
     vertex  6.805420e+00 -5.889504e+00  2.400000e+01
     vertex  6.641286e+00 -6.073988e+00  2.400000e+01
     vertex  6.641286e+00 -6.073988e+00  2.250000e+01
   endloop
 endfacet
 facet normal  7.650637e-01 -6.439545e-01  0.000000e+00
   outer loop
     vertex  6.964432e+00 -5.700587e+00  2.400000e+01
     vertex  6.805420e+00 -5.889504e+00  2.250000e+01
     vertex  6.964432e+00 -5.700587e+00  2.250000e+01
   endloop
 endfacet
 facet normal  7.650637e-01 -6.439545e-01 -3.991225e-18
   outer loop
     vertex  6.964432e+00 -5.700587e+00  2.400000e+01
     vertex  6.805420e+00 -5.889504e+00  2.400000e+01
     vertex  6.805420e+00 -5.889504e+00  2.250000e+01
   endloop
 endfacet
 facet normal  7.824421e-01 -6.227234e-01  0.000000e+00
   outer loop
     vertex  7.118200e+00 -5.507379e+00  2.400000e+01
     vertex  6.964432e+00 -5.700587e+00  2.250000e+01
     vertex  7.118200e+00 -5.507379e+00  2.250000e+01
   endloop
 endfacet
 facet normal  7.824421e-01 -6.227234e-01 -3.995647e-18
   outer loop
     vertex  7.118200e+00 -5.507379e+00  2.400000e+01
     vertex  6.964432e+00 -5.700587e+00  2.400000e+01
     vertex  6.964432e+00 -5.700587e+00  2.250000e+01
   endloop
 endfacet
 facet normal  7.992314e-01 -6.010234e-01  0.000000e+00
   outer loop
     vertex  7.266611e+00 -5.310025e+00  2.400000e+01
     vertex  7.118200e+00 -5.507379e+00  2.250000e+01
     vertex  7.266611e+00 -5.310025e+00  2.250000e+01
   endloop
 endfacet
 facet normal  7.992314e-01 -6.010234e-01 -1.202905e-18
   outer loop
     vertex  7.266611e+00 -5.310025e+00  2.400000e+01
     vertex  7.118200e+00 -5.507379e+00  2.400000e+01
     vertex  7.118200e+00 -5.507379e+00  2.250000e+01
   endloop
 endfacet
 facet normal  8.154191e-01 -5.788711e-01  0.000000e+00
   outer loop
     vertex  7.409551e+00 -5.108674e+00  2.400000e+01
     vertex  7.266611e+00 -5.310025e+00  2.250000e+01
     vertex  7.409551e+00 -5.108674e+00  2.250000e+01
   endloop
 endfacet
 facet normal  8.309929e-01 -5.562829e-01  0.000000e+00
   outer loop
     vertex  7.409551e+00 -5.108674e+00  2.400000e+01
     vertex  7.409551e+00 -5.108674e+00  2.250000e+01
     vertex  7.546914e+00 -4.903477e+00  2.250000e+01
   endloop
 endfacet
 facet normal  8.154191e-01 -5.788711e-01 -4.007900e-19
   outer loop
     vertex  7.409551e+00 -5.108674e+00  2.400000e+01
     vertex  7.266611e+00 -5.310025e+00  2.400000e+01
     vertex  7.266611e+00 -5.310025e+00  2.250000e+01
   endloop
 endfacet
 facet normal  8.309929e-01 -5.562829e-01  0.000000e+00
   outer loop
     vertex  7.546914e+00 -4.903477e+00  2.400000e+01
     vertex  7.409551e+00 -5.108674e+00  2.400000e+01
     vertex  7.546914e+00 -4.903477e+00  2.250000e+01
   endloop
 endfacet
 facet normal  8.459413e-01 -5.332761e-01  0.000000e+00
   outer loop
     vertex  7.678596e+00 -4.694589e+00  2.400000e+01
     vertex  7.546914e+00 -4.903477e+00  2.250000e+01
     vertex  7.678596e+00 -4.694589e+00  2.250000e+01
   endloop
 endfacet
 facet normal  8.459413e-01 -5.332761e-01  2.828811e-18
   outer loop
     vertex  7.678596e+00 -4.694589e+00  2.400000e+01
     vertex  7.546914e+00 -4.903477e+00  2.400000e+01
     vertex  7.546914e+00 -4.903477e+00  2.250000e+01
   endloop
 endfacet
 facet normal  8.602528e-01 -5.098678e-01  0.000000e+00
   outer loop
     vertex  7.804497e+00 -4.482167e+00  2.400000e+01
     vertex  7.678596e+00 -4.694589e+00  2.250000e+01
     vertex  7.804497e+00 -4.482167e+00  2.250000e+01
   endloop
 endfacet
 facet normal  8.602528e-01 -5.098678e-01  4.522979e-18
   outer loop
     vertex  7.804497e+00 -4.482167e+00  2.400000e+01
     vertex  7.678596e+00 -4.694589e+00  2.400000e+01
     vertex  7.678596e+00 -4.694589e+00  2.250000e+01
   endloop
 endfacet
 facet normal  8.739167e-01 -4.860756e-01  0.000000e+00
   outer loop
     vertex  7.924524e+00 -4.266371e+00  2.400000e+01
     vertex  7.804497e+00 -4.482167e+00  2.250000e+01
     vertex  7.924524e+00 -4.266371e+00  2.250000e+01
   endloop
 endfacet
 facet normal  8.739167e-01 -4.860756e-01  4.428598e-18
   outer loop
     vertex  7.924524e+00 -4.266371e+00  2.400000e+01
     vertex  7.804497e+00 -4.482167e+00  2.400000e+01
     vertex  7.804497e+00 -4.482167e+00  2.250000e+01
   endloop
 endfacet
 facet normal  8.869228e-01 -4.619176e-01  0.000000e+00
   outer loop
     vertex  8.038585e+00 -4.047364e+00  2.400000e+01
     vertex  7.924524e+00 -4.266371e+00  2.250000e+01
     vertex  8.038585e+00 -4.047364e+00  2.250000e+01
   endloop
 endfacet
 facet normal  8.992613e-01 -4.374119e-01  0.000000e+00
   outer loop
     vertex  8.038585e+00 -4.047364e+00  2.400000e+01
     vertex  8.038585e+00 -4.047364e+00  2.250000e+01
     vertex  8.146595e+00 -3.825309e+00  2.250000e+01
   endloop
 endfacet
 facet normal  8.869228e-01 -4.619176e-01 -4.002683e-18
   outer loop
     vertex  8.038585e+00 -4.047364e+00  2.400000e+01
     vertex  7.924524e+00 -4.266371e+00  2.400000e+01
     vertex  7.924524e+00 -4.266371e+00  2.250000e+01
   endloop
 endfacet
 facet normal  8.992613e-01 -4.374119e-01  0.000000e+00
   outer loop
     vertex  8.146595e+00 -3.825309e+00  2.400000e+01
     vertex  8.038585e+00 -4.047364e+00  2.400000e+01
     vertex  8.146595e+00 -3.825309e+00  2.250000e+01
   endloop
 endfacet
 facet normal  9.109228e-01 -4.125769e-01  0.000000e+00
   outer loop
     vertex  8.146595e+00 -3.825309e+00  2.400000e+01
     vertex  8.146595e+00 -3.825309e+00  2.250000e+01
     vertex  8.248472e+00 -3.600375e+00  2.250000e+01
   endloop
 endfacet
 facet normal  9.109228e-01 -4.125769e-01  0.000000e+00
   outer loop
     vertex  8.248472e+00 -3.600375e+00  2.400000e+01
     vertex  8.146595e+00 -3.825309e+00  2.400000e+01
     vertex  8.248472e+00 -3.600375e+00  2.250000e+01
   endloop
 endfacet
 facet normal  9.218986e-01 -3.874313e-01  1.297293e-18
   outer loop
     vertex  8.344141e+00 -3.372731e+00  2.400000e+01
     vertex  8.248472e+00 -3.600375e+00  2.400000e+01
     vertex  8.248472e+00 -3.600375e+00  2.250000e+01
   endloop
 endfacet
 facet normal  9.218986e-01 -3.874313e-01  0.000000e+00
   outer loop
     vertex  8.344141e+00 -3.372731e+00  2.400000e+01
     vertex  8.248472e+00 -3.600375e+00  2.250000e+01
     vertex  8.344141e+00 -3.372731e+00  2.250000e+01
   endloop
 endfacet
 facet normal  9.321804e-01 -3.619940e-01 -1.345625e-18
   outer loop
     vertex  8.433528e+00 -3.142548e+00  2.400000e+01
     vertex  8.344141e+00 -3.372731e+00  2.400000e+01
     vertex  8.344141e+00 -3.372731e+00  2.250000e+01
   endloop
 endfacet
 facet normal  9.321804e-01 -3.619940e-01  0.000000e+00
   outer loop
     vertex  8.433528e+00 -3.142548e+00  2.400000e+01
     vertex  8.344141e+00 -3.372731e+00  2.250000e+01
     vertex  8.433528e+00 -3.142548e+00  2.250000e+01
   endloop
 endfacet
 facet normal  9.417605e-01 -3.362843e-01 -2.555572e-18
   outer loop
     vertex  8.516566e+00 -2.910000e+00  2.400000e+01
     vertex  8.433528e+00 -3.142548e+00  2.400000e+01
     vertex  8.433528e+00 -3.142548e+00  2.250000e+01
   endloop
 endfacet
 facet normal  9.417605e-01 -3.362843e-01  0.000000e+00
   outer loop
     vertex  8.516566e+00 -2.910000e+00  2.400000e+01
     vertex  8.433528e+00 -3.142548e+00  2.250000e+01
     vertex  8.516566e+00 -2.910000e+00  2.250000e+01
   endloop
 endfacet
 facet normal  9.506317e-01 -3.103214e-01  2.724063e-18
   outer loop
     vertex  8.593194e+00 -2.675261e+00  2.400000e+01
     vertex  8.516566e+00 -2.910000e+00  2.400000e+01
     vertex  8.516566e+00 -2.910000e+00  2.250000e+01
   endloop
 endfacet
 facet normal  9.506317e-01 -3.103214e-01  0.000000e+00
   outer loop
     vertex  8.593194e+00 -2.675261e+00  2.400000e+01
     vertex  8.516566e+00 -2.910000e+00  2.250000e+01
     vertex  8.593194e+00 -2.675261e+00  2.250000e+01
   endloop
 endfacet
 facet normal  9.587873e-01 -2.841250e-01  0.000000e+00
   outer loop
     vertex  8.593194e+00 -2.675261e+00  2.400000e+01
     vertex  8.593194e+00 -2.675261e+00  2.250000e+01
     vertex  8.663353e+00 -2.438507e+00  2.250000e+01
   endloop
 endfacet
 facet normal  9.587873e-01 -2.841250e-01  0.000000e+00
   outer loop
     vertex  8.663353e+00 -2.438507e+00  2.400000e+01
     vertex  8.593194e+00 -2.675261e+00  2.400000e+01
     vertex  8.663353e+00 -2.438507e+00  2.250000e+01
   endloop
 endfacet
 facet normal  9.662211e-01 -2.577146e-01 -1.280617e-18
   outer loop
     vertex  8.726990e+00 -2.199919e+00  2.400000e+01
     vertex  8.663353e+00 -2.438507e+00  2.400000e+01
     vertex  8.663353e+00 -2.438507e+00  2.250000e+01
   endloop
 endfacet
 facet normal  9.662211e-01 -2.577146e-01  0.000000e+00
   outer loop
     vertex  8.726990e+00 -2.199919e+00  2.400000e+01
     vertex  8.663353e+00 -2.438507e+00  2.250000e+01
     vertex  8.726990e+00 -2.199919e+00  2.250000e+01
   endloop
 endfacet
 facet normal  9.729276e-01 -2.311102e-01 -1.152979e-18
   outer loop
     vertex  8.784058e+00 -1.959674e+00  2.400000e+01
     vertex  8.726990e+00 -2.199919e+00  2.400000e+01
     vertex  8.726990e+00 -2.199919e+00  2.250000e+01
   endloop
 endfacet
 facet normal  9.729276e-01 -2.311102e-01  0.000000e+00
   outer loop
     vertex  8.784058e+00 -1.959674e+00  2.400000e+01
     vertex  8.726990e+00 -2.199919e+00  2.250000e+01
     vertex  8.784058e+00 -1.959674e+00  2.250000e+01
   endloop
 endfacet
 facet normal  9.789017e-01 -2.043319e-01  1.165303e-18
   outer loop
     vertex  8.834514e+00 -1.717954e+00  2.400000e+01
     vertex  8.784058e+00 -1.959674e+00  2.400000e+01
     vertex  8.784058e+00 -1.959674e+00  2.250000e+01
   endloop
 endfacet
 facet normal  9.789017e-01 -2.043319e-01  0.000000e+00
   outer loop
     vertex  8.834514e+00 -1.717954e+00  2.400000e+01
     vertex  8.784058e+00 -1.959674e+00  2.250000e+01
     vertex  8.834514e+00 -1.717954e+00  2.250000e+01
   endloop
 endfacet
 facet normal  9.841389e-01 -1.773998e-01 -1.687793e-19
   outer loop
     vertex  8.878319e+00 -1.474941e+00  2.400000e+01
     vertex  8.834514e+00 -1.717954e+00  2.400000e+01
     vertex  8.834514e+00 -1.717954e+00  2.250000e+01
   endloop
 endfacet
 facet normal  9.841389e-01 -1.773998e-01  0.000000e+00
   outer loop
     vertex  8.878319e+00 -1.474941e+00  2.400000e+01
     vertex  8.834514e+00 -1.717954e+00  2.250000e+01
     vertex  8.878319e+00 -1.474941e+00  2.250000e+01
   endloop
 endfacet
 facet normal  9.886353e-01 -1.503341e-01 -8.000687e-19
   outer loop
     vertex  8.915441e+00 -1.230818e+00  2.400000e+01
     vertex  8.878319e+00 -1.474941e+00  2.400000e+01
     vertex  8.878319e+00 -1.474941e+00  2.250000e+01
   endloop
 endfacet
 facet normal  9.886353e-01 -1.503341e-01  0.000000e+00
   outer loop
     vertex  8.915441e+00 -1.230818e+00  2.400000e+01
     vertex  8.878319e+00 -1.474941e+00  2.250000e+01
     vertex  8.915441e+00 -1.230818e+00  2.250000e+01
   endloop
 endfacet
 facet normal  9.923874e-01 -1.231552e-01  0.000000e+00
   outer loop
     vertex  8.915441e+00 -1.230818e+00  2.400000e+01
     vertex  8.915441e+00 -1.230818e+00  2.250000e+01
     vertex  8.945852e+00 -9.857679e-01  2.250000e+01
   endloop
 endfacet
 facet normal  9.923874e-01 -1.231552e-01  0.000000e+00
   outer loop
     vertex  8.945852e+00 -9.857679e-01  2.400000e+01
     vertex  8.915441e+00 -1.230818e+00  2.400000e+01
     vertex  8.945852e+00 -9.857679e-01  2.250000e+01
   endloop
 endfacet
 facet normal  9.953925e-01 -9.588368e-02  0.000000e+00
   outer loop
     vertex  8.969528e+00 -7.399760e-01  2.400000e+01
     vertex  8.945852e+00 -9.857679e-01  2.250000e+01
     vertex  8.969528e+00 -7.399760e-01  2.250000e+01
   endloop
 endfacet
 facet normal  9.953925e-01 -9.588368e-02 -6.002038e-19
   outer loop
     vertex  8.969528e+00 -7.399760e-01  2.400000e+01
     vertex  8.945852e+00 -9.857679e-01  2.400000e+01
     vertex  8.945852e+00 -9.857679e-01  2.250000e+01
   endloop
 endfacet
 facet normal  9.976484e-01 -6.853995e-02  0.000000e+00
   outer loop
     vertex  8.986453e+00 -4.936270e-01  2.400000e+01
     vertex  8.969528e+00 -7.399760e-01  2.250000e+01
     vertex  8.986453e+00 -4.936270e-01  2.250000e+01
   endloop
 endfacet
 facet normal  9.976484e-01 -6.853995e-02 -1.003890e-19
   outer loop
     vertex  8.986453e+00 -4.936270e-01  2.400000e+01
     vertex  8.969528e+00 -7.399760e-01  2.400000e+01
     vertex  8.969528e+00 -7.399760e-01  2.250000e+01
   endloop
 endfacet
 facet normal  9.991532e-01 -4.114462e-02  0.000000e+00
   outer loop
     vertex  8.996613e+00 -2.469064e-01  2.400000e+01
     vertex  8.986453e+00 -4.936270e-01  2.250000e+01
     vertex  8.996613e+00 -2.469064e-01  2.250000e+01
   endloop
 endfacet
 facet normal  9.991532e-01 -4.114462e-02 -5.175960e-19
   outer loop
     vertex  8.996613e+00 -2.469064e-01  2.400000e+01
     vertex  8.986453e+00 -4.936270e-01  2.400000e+01
     vertex  8.986453e+00 -4.936270e-01  2.250000e+01
   endloop
 endfacet
 facet normal  9.999059e-01 -1.371831e-02  0.000000e+00
   outer loop
     vertex  9.000000e+00 -2.204364e-15  2.400000e+01
     vertex  8.996613e+00 -2.469064e-01  2.250000e+01
     vertex  9.000000e+00 -2.204364e-15  2.250000e+01
   endloop
 endfacet
 facet normal  9.999059e-01 -1.371831e-02 -4.642413e-20
   outer loop
     vertex  9.000000e+00 -2.204364e-15  2.400000e+01
     vertex  8.996613e+00 -2.469064e-01  2.400000e+01
     vertex  8.996613e+00 -2.469064e-01  2.250000e+01
   endloop
 endfacet
 facet normal  5.000000e-01  8.660254e-01 -2.198884e-16
   outer loop
     vertex -2.076952e-01 -6.000000e+00  1.980000e+01
     vertex -5.300000e+00 -3.059956e+00  1.980000e+01
     vertex -5.300000e+00 -3.059956e+00  2.030000e+01
   endloop
 endfacet
 facet normal  5.000000e-01  8.660254e-01  7.574713e-16
   outer loop
     vertex -2.076952e-01 -6.000000e+00  1.980000e+01
     vertex -5.300000e+00 -3.059956e+00  2.030000e+01
     vertex -1.124210e-15 -6.119913e+00  2.030000e+01
   endloop
 endfacet
 facet normal  5.000000e-01  8.660254e-01 -2.198884e-16
   outer loop
     vertex -2.076952e-01 -6.000000e+00  1.480000e+01
     vertex -5.300000e+00 -3.059956e+00  1.430000e+01
     vertex -5.300000e+00 -3.059956e+00  1.480000e+01
   endloop
 endfacet
 facet normal  5.000000e-01  8.660254e-01 -0.000000e+00
   outer loop
     vertex -2.076952e-01 -6.000000e+00  1.480000e+01
     vertex -2.076952e-01 -6.000000e+00  1.980000e+01
     vertex -1.124210e-15 -6.119913e+00  2.030000e+01
   endloop
 endfacet
 facet normal  5.000000e-01  8.660254e-01 -7.927264e-16
   outer loop
     vertex -1.124210e-15 -6.119913e+00  1.430000e+01
     vertex -5.300000e+00 -3.059956e+00  1.430000e+01
     vertex -2.076952e-01 -6.000000e+00  1.480000e+01
   endloop
 endfacet
 facet normal  5.000000e-01  8.660254e-01 -0.000000e+00
   outer loop
     vertex -1.124210e-15 -6.119913e+00  1.430000e+01
     vertex -2.076952e-01 -6.000000e+00  1.480000e+01
     vertex -1.124210e-15 -6.119913e+00  2.030000e+01
   endloop
 endfacet
 facet normal  5.000000e-01 -8.660254e-01  6.421799e-19
   outer loop
     vertex  3.747366e-16  6.119913e+00  1.430000e+01
     vertex -2.076952e-01  6.000000e+00  1.980000e+01
     vertex -2.076952e-01  6.000000e+00  1.480000e+01
   endloop
 endfacet
 facet normal  5.000000e-01 -8.660254e-01  0.000000e+00
   outer loop
     vertex  3.747366e-16  6.119913e+00  1.430000e+01
     vertex  3.747366e-16  6.119913e+00  2.030000e+01
     vertex -2.076952e-01  6.000000e+00  1.980000e+01
   endloop
 endfacet
 facet normal  5.000000e-01 -8.660254e-01 -6.426525e-16
   outer loop
     vertex -5.300000e+00  3.059956e+00  2.030000e+01
     vertex -2.076952e-01  6.000000e+00  1.980000e+01
     vertex  3.747366e-16  6.119913e+00  2.030000e+01
   endloop
 endfacet
 facet normal  5.000000e-01 -8.660254e-01  0.000000e+00
   outer loop
     vertex -5.300000e+00  3.059956e+00  1.980000e+01
     vertex -2.076952e-01  6.000000e+00  1.980000e+01
     vertex -5.300000e+00  3.059956e+00  2.030000e+01
   endloop
 endfacet
 facet normal  5.000000e-01 -8.660254e-01  0.000000e+00
   outer loop
     vertex -5.300000e+00  3.059956e+00  1.430000e+01
     vertex -2.076952e-01  6.000000e+00  1.480000e+01
     vertex -5.300000e+00  3.059956e+00  1.480000e+01
   endloop
 endfacet
 facet normal  5.000000e-01 -8.660254e-01  3.198750e-16
   outer loop
     vertex -5.300000e+00  3.059956e+00  1.430000e+01
     vertex  3.747366e-16  6.119913e+00  1.430000e+01
     vertex -2.076952e-01  6.000000e+00  1.480000e+01
   endloop
 endfacet
 facet normal  1.000000e+00  1.451293e-16  0.000000e+00
   outer loop
     vertex -5.300000e+00 -3.059956e+00  1.430000e+01
     vertex -5.300000e+00  3.059956e+00  1.430000e+01
     vertex -5.300000e+00  3.059956e+00  1.480000e+01
   endloop
 endfacet
 facet normal  1.000000e+00  1.451293e-16 -0.000000e+00
   outer loop
     vertex -5.300000e+00 -3.059956e+00  1.430000e+01
     vertex -5.300000e+00  3.059956e+00  1.480000e+01
     vertex -5.300000e+00 -3.059956e+00  1.480000e+01
   endloop
 endfacet
 facet normal  1.000000e+00  1.451293e-16  0.000000e+00
   outer loop
     vertex -5.300000e+00 -3.059956e+00  1.980000e+01
     vertex -5.300000e+00  3.059956e+00  1.980000e+01
     vertex -5.300000e+00  3.059956e+00  2.030000e+01
   endloop
 endfacet
 facet normal  1.000000e+00  1.451293e-16 -0.000000e+00
   outer loop
     vertex -5.300000e+00 -3.059956e+00  1.980000e+01
     vertex -5.300000e+00  3.059956e+00  2.030000e+01
     vertex -5.300000e+00 -3.059956e+00  2.030000e+01
   endloop
 endfacet
 facet normal  0.000000e+00  0.000000e+00  1.000000e+00
   outer loop
     vertex -2.276764e+00 -2.388796e+00  2.400000e+01
     vertex -6.385750e+00 -6.342097e+00  2.400000e+01
     vertex -6.209357e+00 -6.514897e+00  2.400000e+01
   endloop
 endfacet
 facet normal  0.000000e+00  0.000000e+00  1.000000e+00
   outer loop
     vertex -2.276764e+00 -2.388796e+00  2.400000e+01
     vertex -2.341442e+00 -2.325436e+00  2.400000e+01
     vertex -6.385750e+00 -6.342097e+00  2.400000e+01
   endloop
 endfacet
 facet normal  0.000000e+00  0.000000e+00  1.000000e+00
   outer loop
     vertex -2.404356e+00 -2.260325e+00  2.400000e+01
     vertex -6.557336e+00 -6.164523e+00  2.400000e+01
     vertex -6.385750e+00 -6.342097e+00  2.400000e+01
   endloop
 endfacet
 facet normal  0.000000e+00  0.000000e+00  1.000000e+00
   outer loop
     vertex -2.404356e+00 -2.260325e+00  2.400000e+01
     vertex -6.385750e+00 -6.342097e+00  2.400000e+01
     vertex -2.341442e+00 -2.325436e+00  2.400000e+01
   endloop
 endfacet
 facet normal  0.000000e+00  0.000000e+00  1.000000e+00
   outer loop
     vertex -2.210373e+00 -2.450357e+00  2.400000e+01
     vertex -2.276764e+00 -2.388796e+00  2.400000e+01
     vertex -6.209357e+00 -6.514897e+00  2.400000e+01
   endloop
 endfacet
 facet normal  0.000000e+00  0.000000e+00  1.000000e+00
   outer loop
     vertex -2.210373e+00 -2.450357e+00  2.400000e+01
     vertex -6.209357e+00 -6.514897e+00  2.400000e+01
     vertex -6.028290e+00 -6.682793e+00  2.400000e+01
   endloop
 endfacet
 facet normal  0.000000e+00  0.000000e+00  1.000000e+00
   outer loop
     vertex -2.465461e+00 -2.193513e+00  2.400000e+01
     vertex -6.557336e+00 -6.164523e+00  2.400000e+01
     vertex -2.404356e+00 -2.260325e+00  2.400000e+01
   endloop
 endfacet
 facet normal  0.000000e+00  0.000000e+00  1.000000e+00
   outer loop
     vertex -2.465461e+00 -2.193513e+00  2.400000e+01
     vertex -6.723986e+00 -5.982309e+00  2.400000e+01
     vertex -6.557336e+00 -6.164523e+00  2.400000e+01
   endloop
 endfacet
 facet normal  0.000000e+00  0.000000e+00  1.000000e+00
   outer loop
     vertex -2.142318e+00 -2.510075e+00  2.400000e+01
     vertex -2.210373e+00 -2.450357e+00  2.400000e+01
     vertex -6.028290e+00 -6.682793e+00  2.400000e+01
   endloop
 endfacet
 facet normal  0.000000e+00  0.000000e+00  1.000000e+00
   outer loop
     vertex -2.142318e+00 -2.510075e+00  2.400000e+01
     vertex -6.028290e+00 -6.682793e+00  2.400000e+01
     vertex -5.842685e+00 -6.845658e+00  2.400000e+01
   endloop
 endfacet
 facet normal  0.000000e+00  0.000000e+00  1.000000e+00
   outer loop
     vertex -2.524710e+00 -2.125050e+00  2.400000e+01
     vertex -6.885574e+00 -5.795591e+00  2.400000e+01
     vertex -6.723986e+00 -5.982309e+00  2.400000e+01
   endloop
 endfacet
 facet normal  0.000000e+00  0.000000e+00  1.000000e+00
   outer loop
     vertex -2.524710e+00 -2.125050e+00  2.400000e+01
     vertex -6.723986e+00 -5.982309e+00  2.400000e+01
     vertex -2.465461e+00 -2.193513e+00  2.400000e+01
   endloop
 endfacet
 facet normal  0.000000e+00  0.000000e+00  1.000000e+00
   outer loop
     vertex -2.072650e+00 -2.567902e+00  2.400000e+01
     vertex -5.842685e+00 -6.845658e+00  2.400000e+01
     vertex -5.652682e+00 -7.003370e+00  2.400000e+01
   endloop
 endfacet
 facet normal  0.000000e+00  0.000000e+00  1.000000e+00
   outer loop
     vertex -2.072650e+00 -2.567902e+00  2.400000e+01
     vertex -2.142318e+00 -2.510075e+00  2.400000e+01
     vertex -5.842685e+00 -6.845658e+00  2.400000e+01
   endloop
 endfacet
 facet normal  0.000000e+00  0.000000e+00  1.000000e+00
   outer loop
     vertex -2.582059e+00 -2.054987e+00  2.400000e+01
     vertex -7.041979e+00 -5.604510e+00  2.400000e+01
     vertex -6.885574e+00 -5.795591e+00  2.400000e+01
   endloop
 endfacet
 facet normal  0.000000e+00  0.000000e+00  1.000000e+00
   outer loop
     vertex -2.582059e+00 -2.054987e+00  2.400000e+01
     vertex -6.885574e+00 -5.795591e+00  2.400000e+01
     vertex -2.524710e+00 -2.125050e+00  2.400000e+01
   endloop
 endfacet
 facet normal  0.000000e+00  0.000000e+00  1.000000e+00
   outer loop
     vertex -2.001422e+00 -2.623797e+00  2.400000e+01
     vertex -2.072650e+00 -2.567902e+00  2.400000e+01
     vertex -5.652682e+00 -7.003370e+00  2.400000e+01
   endloop
 endfacet
 facet normal  0.000000e+00  0.000000e+00  1.000000e+00
   outer loop
     vertex -2.001422e+00 -2.623797e+00  2.400000e+01
     vertex -5.652682e+00 -7.003370e+00  2.400000e+01
     vertex -5.458423e+00 -7.155810e+00  2.400000e+01
   endloop
 endfacet
 facet normal  0.000000e+00  0.000000e+00  1.000000e+00
   outer loop
     vertex -2.637464e+00 -1.983377e+00  2.400000e+01
     vertex -7.193083e+00 -5.409211e+00  2.400000e+01
     vertex -7.041979e+00 -5.604510e+00  2.400000e+01
   endloop
 endfacet
 facet normal  0.000000e+00  0.000000e+00  1.000000e+00
   outer loop
     vertex -2.637464e+00 -1.983377e+00  2.400000e+01
     vertex -7.041979e+00 -5.604510e+00  2.400000e+01
     vertex -2.582059e+00 -2.054987e+00  2.400000e+01
   endloop
 endfacet
 facet normal  0.000000e+00  0.000000e+00  1.000000e+00
   outer loop
     vertex -1.928687e+00 -2.677716e+00  2.400000e+01
     vertex -2.001422e+00 -2.623797e+00  2.400000e+01
     vertex -5.458423e+00 -7.155810e+00  2.400000e+01
   endloop
 endfacet
 facet normal  0.000000e+00  0.000000e+00  1.000000e+00
   outer loop
     vertex -1.928687e+00 -2.677716e+00  2.400000e+01
     vertex -5.458423e+00 -7.155810e+00  2.400000e+01
     vertex -5.260056e+00 -7.302863e+00  2.400000e+01
   endloop
 endfacet
 facet normal  0.000000e+00  0.000000e+00  1.000000e+00
   outer loop
     vertex -2.690883e+00 -1.910275e+00  2.400000e+01
     vertex -7.338772e+00 -5.209840e+00  2.400000e+01
     vertex -7.193083e+00 -5.409211e+00  2.400000e+01
   endloop
 endfacet
 facet normal  0.000000e+00  0.000000e+00  1.000000e+00
   outer loop
     vertex -2.690883e+00 -1.910275e+00  2.400000e+01
     vertex -7.193083e+00 -5.409211e+00  2.400000e+01
     vertex -2.637464e+00 -1.983377e+00  2.400000e+01
   endloop
 endfacet
 facet normal  0.000000e+00  0.000000e+00  1.000000e+00
   outer loop
     vertex -1.854501e+00 -2.729620e+00  2.400000e+01
     vertex -5.260056e+00 -7.302863e+00  2.400000e+01
     vertex -5.057729e+00 -7.444419e+00  2.400000e+01
   endloop
 endfacet
 facet normal  0.000000e+00  0.000000e+00  1.000000e+00
   outer loop
     vertex -1.854501e+00 -2.729620e+00  2.400000e+01
     vertex -5.057729e+00 -7.444419e+00  2.400000e+01
     vertex -4.851595e+00 -7.580371e+00  2.400000e+01
   endloop
 endfacet
 facet normal  0.000000e+00  0.000000e+00  1.000000e+00
   outer loop
     vertex -1.854501e+00 -2.729620e+00  2.400000e+01
     vertex -1.928687e+00 -2.677716e+00  2.400000e+01
     vertex -5.260056e+00 -7.302863e+00  2.400000e+01
   endloop
 endfacet
 facet normal  0.000000e+00  0.000000e+00  1.000000e+00
   outer loop
     vertex -2.742277e+00 -1.835734e+00  2.400000e+01
     vertex -7.613471e+00 -4.799485e+00  2.400000e+01
     vertex -7.478937e+00 -5.006547e+00  2.400000e+01
   endloop
 endfacet
 facet normal  0.000000e+00  0.000000e+00  1.000000e+00
   outer loop
     vertex -2.742277e+00 -1.835734e+00  2.400000e+01
     vertex -7.478937e+00 -5.006547e+00  2.400000e+01
     vertex -7.338772e+00 -5.209840e+00  2.400000e+01
   endloop
 endfacet
 facet normal  0.000000e+00  0.000000e+00  1.000000e+00
   outer loop
     vertex -2.742277e+00 -1.835734e+00  2.400000e+01
     vertex -7.338772e+00 -5.209840e+00  2.400000e+01
     vertex -2.690883e+00 -1.910275e+00  2.400000e+01
   endloop
 endfacet
 facet normal  0.000000e+00  0.000000e+00  1.000000e+00
   outer loop
     vertex -1.778918e+00 -2.779469e+00  2.400000e+01
     vertex -1.854501e+00 -2.729620e+00  2.400000e+01
     vertex -4.851595e+00 -7.580371e+00  2.400000e+01
   endloop
 endfacet
 facet normal  0.000000e+00  0.000000e+00  1.000000e+00
   outer loop
     vertex -2.791606e+00 -1.759811e+00  2.400000e+01
     vertex -7.613471e+00 -4.799485e+00  2.400000e+01
     vertex -2.742277e+00 -1.835734e+00  2.400000e+01
   endloop
 endfacet
 facet normal  0.000000e+00  0.000000e+00  1.000000e+00
   outer loop
     vertex -1.701997e+00 -2.827226e+00  2.400000e+01
     vertex -4.851595e+00 -7.580371e+00  2.400000e+01
     vertex -4.641809e+00 -7.710617e+00  2.400000e+01
   endloop
 endfacet
 facet normal  0.000000e+00  0.000000e+00  1.000000e+00
   outer loop
     vertex -1.701997e+00 -2.827226e+00  2.400000e+01
     vertex -1.778918e+00 -2.779469e+00  2.400000e+01
     vertex -4.851595e+00 -7.580371e+00  2.400000e+01
   endloop
 endfacet
 facet normal  0.000000e+00  0.000000e+00  1.000000e+00
   outer loop
     vertex -2.838834e+00 -1.682564e+00  2.400000e+01
     vertex -7.742275e+00 -4.588810e+00  2.400000e+01
     vertex -7.613471e+00 -4.799485e+00  2.400000e+01
   endloop
 endfacet
 facet normal  0.000000e+00  0.000000e+00  1.000000e+00
   outer loop
     vertex -2.838834e+00 -1.682564e+00  2.400000e+01
     vertex -7.613471e+00 -4.799485e+00  2.400000e+01
     vertex -2.791606e+00 -1.759811e+00  2.400000e+01
   endloop
 endfacet
 facet normal  0.000000e+00  0.000000e+00  1.000000e+00
   outer loop
     vertex -1.623794e+00 -2.872855e+00  2.400000e+01
     vertex -4.641809e+00 -7.710617e+00  2.400000e+01
     vertex -4.428528e+00 -7.835058e+00  2.400000e+01
   endloop
 endfacet
 facet normal  0.000000e+00  0.000000e+00  1.000000e+00
   outer loop
     vertex -1.623794e+00 -2.872855e+00  2.400000e+01
     vertex -1.701997e+00 -2.827226e+00  2.400000e+01
     vertex -4.641809e+00 -7.710617e+00  2.400000e+01
   endloop
 endfacet
 facet normal  0.000000e+00  0.000000e+00  1.000000e+00
   outer loop
     vertex -2.883925e+00 -1.604050e+00  2.400000e+01
     vertex -7.865251e+00 -4.374681e+00  2.400000e+01
     vertex -7.742275e+00 -4.588810e+00  2.400000e+01
   endloop
 endfacet
 facet normal  0.000000e+00  0.000000e+00  1.000000e+00
   outer loop
     vertex -2.883925e+00 -1.604050e+00  2.400000e+01
     vertex -7.742275e+00 -4.588810e+00  2.400000e+01
     vertex -2.838834e+00 -1.682564e+00  2.400000e+01
   endloop
 endfacet
 facet normal  0.000000e+00  0.000000e+00  1.000000e+00
   outer loop
     vertex -1.544368e+00 -2.916321e+00  2.400000e+01
     vertex -4.428528e+00 -7.835058e+00  2.400000e+01
     vertex -4.211914e+00 -7.953602e+00  2.400000e+01
   endloop
 endfacet
 facet normal  0.000000e+00  0.000000e+00  1.000000e+00
   outer loop
     vertex -1.544368e+00 -2.916321e+00  2.400000e+01
     vertex -1.623794e+00 -2.872855e+00  2.400000e+01
     vertex -4.428528e+00 -7.835058e+00  2.400000e+01
   endloop
 endfacet
 facet normal  0.000000e+00  0.000000e+00  1.000000e+00
   outer loop
     vertex -2.926845e+00 -1.524328e+00  2.400000e+01
     vertex -7.982306e+00 -4.157259e+00  2.400000e+01
     vertex -7.865251e+00 -4.374681e+00  2.400000e+01
   endloop
 endfacet
 facet normal  0.000000e+00  0.000000e+00  1.000000e+00
   outer loop
     vertex -2.926845e+00 -1.524328e+00  2.400000e+01
     vertex -7.865251e+00 -4.374681e+00  2.400000e+01
     vertex -2.883925e+00 -1.604050e+00  2.400000e+01
   endloop
 endfacet
 facet normal  0.000000e+00  0.000000e+00  1.000000e+00
   outer loop
     vertex -1.463781e+00 -2.957591e+00  2.400000e+01
     vertex -4.211914e+00 -7.953602e+00  2.400000e+01
     vertex -3.992129e+00 -8.066158e+00  2.400000e+01
   endloop
 endfacet
 facet normal  0.000000e+00  0.000000e+00  1.000000e+00
   outer loop
     vertex -1.463781e+00 -2.957591e+00  2.400000e+01
     vertex -1.544368e+00 -2.916321e+00  2.400000e+01
     vertex -4.211914e+00 -7.953602e+00  2.400000e+01
   endloop
 endfacet
 facet normal  0.000000e+00  0.000000e+00  1.000000e+00
   outer loop
     vertex -2.967562e+00 -1.443459e+00  2.400000e+01
     vertex -7.982306e+00 -4.157259e+00  2.400000e+01
     vertex -2.926845e+00 -1.524328e+00  2.400000e+01
   endloop
 endfacet
 facet normal  0.000000e+00  0.000000e+00  1.000000e+00
   outer loop
     vertex -2.967562e+00 -1.443459e+00  2.400000e+01
     vertex -8.093352e+00 -3.936707e+00  2.400000e+01
     vertex -7.982306e+00 -4.157259e+00  2.400000e+01
   endloop
 endfacet
 facet normal  0.000000e+00  0.000000e+00  1.000000e+00
   outer loop
     vertex -1.382091e+00 -2.996636e+00  2.400000e+01
     vertex -3.992129e+00 -8.066158e+00  2.400000e+01
     vertex -3.769339e+00 -8.172642e+00  2.400000e+01
   endloop
 endfacet
 facet normal  0.000000e+00  0.000000e+00  1.000000e+00
   outer loop
     vertex -1.382091e+00 -2.996636e+00  2.400000e+01
     vertex -1.463781e+00 -2.957591e+00  2.400000e+01
     vertex -3.992129e+00 -8.066158e+00  2.400000e+01
   endloop
 endfacet
 facet normal  0.000000e+00  0.000000e+00  1.000000e+00
   outer loop
     vertex -3.006045e+00 -1.361504e+00  2.400000e+01
     vertex -8.093352e+00 -3.936707e+00  2.400000e+01
     vertex -2.967562e+00 -1.443459e+00  2.400000e+01
   endloop
 endfacet
 facet normal  0.000000e+00  0.000000e+00  1.000000e+00
   outer loop
     vertex -3.006045e+00 -1.361504e+00  2.400000e+01
     vertex -8.198305e+00 -3.713192e+00  2.400000e+01
     vertex -8.093352e+00 -3.936707e+00  2.400000e+01
   endloop
 endfacet
 facet normal  0.000000e+00  0.000000e+00  1.000000e+00
   outer loop
     vertex -1.299361e+00 -3.033424e+00  2.400000e+01
     vertex -1.382091e+00 -2.996636e+00  2.400000e+01
     vertex -3.769339e+00 -8.172642e+00  2.400000e+01
   endloop
 endfacet
 facet normal  0.000000e+00  0.000000e+00  1.000000e+00
   outer loop
     vertex -1.299361e+00 -3.033424e+00  2.400000e+01
     vertex -3.769339e+00 -8.172642e+00  2.400000e+01
     vertex -3.543712e+00 -8.272974e+00  2.400000e+01
   endloop
 endfacet
 facet normal  0.000000e+00  0.000000e+00  1.000000e+00
   outer loop
     vertex -3.042265e+00 -1.278523e+00  2.400000e+01
     vertex -8.297087e+00 -3.486881e+00  2.400000e+01
     vertex -8.198305e+00 -3.713192e+00  2.400000e+01
   endloop
 endfacet
 facet normal  0.000000e+00  0.000000e+00  1.000000e+00
   outer loop
     vertex -3.042265e+00 -1.278523e+00  2.400000e+01
     vertex -8.198305e+00 -3.713192e+00  2.400000e+01
     vertex -3.006045e+00 -1.361504e+00  2.400000e+01
   endloop
 endfacet
 facet normal  0.000000e+00  0.000000e+00  1.000000e+00
   outer loop
     vertex -1.215653e+00 -3.067929e+00  2.400000e+01
     vertex -1.299361e+00 -3.033424e+00  2.400000e+01
     vertex -3.543712e+00 -8.272974e+00  2.400000e+01
   endloop
 endfacet
 facet normal  0.000000e+00  0.000000e+00  1.000000e+00
   outer loop
     vertex -1.215653e+00 -3.067929e+00  2.400000e+01
     vertex -3.543712e+00 -8.272974e+00  2.400000e+01
     vertex -3.315417e+00 -8.367079e+00  2.400000e+01
   endloop
 endfacet
 facet normal  0.000000e+00  0.000000e+00  1.000000e+00
   outer loop
     vertex -1.215653e+00 -3.067929e+00  2.400000e+01
     vertex -3.315417e+00 -8.367079e+00  2.400000e+01
     vertex -3.084626e+00 -8.454885e+00  2.400000e+01
   endloop
 endfacet
 facet normal  0.000000e+00  0.000000e+00  1.000000e+00
   outer loop
     vertex -3.076195e+00 -1.194580e+00  2.400000e+01
     vertex -8.297087e+00 -3.486881e+00  2.400000e+01
     vertex -3.042265e+00 -1.278523e+00  2.400000e+01
   endloop
 endfacet
 facet normal  0.000000e+00  0.000000e+00  1.000000e+00
   outer loop
     vertex -3.076195e+00 -1.194580e+00  2.400000e+01
     vertex -8.389624e+00 -3.257946e+00  2.400000e+01
     vertex -8.297087e+00 -3.486881e+00  2.400000e+01
   endloop
 endfacet
 facet normal  0.000000e+00  0.000000e+00  1.000000e+00
   outer loop
     vertex -1.131030e+00 -3.100125e+00  2.400000e+01
     vertex -1.215653e+00 -3.067929e+00  2.400000e+01
     vertex -3.084626e+00 -8.454885e+00  2.400000e+01
   endloop
 endfacet
 facet normal  0.000000e+00  0.000000e+00  1.000000e+00
   outer loop
     vertex -3.107810e+00 -1.109738e+00  2.400000e+01
     vertex -8.389624e+00 -3.257946e+00  2.400000e+01
     vertex -3.076195e+00 -1.194580e+00  2.400000e+01
   endloop
 endfacet
 facet normal  0.000000e+00  0.000000e+00  1.000000e+00
   outer loop
     vertex -3.107810e+00 -1.109738e+00  2.400000e+01
     vertex -8.475845e+00 -3.026559e+00  2.400000e+01
     vertex -8.389624e+00 -3.257946e+00  2.400000e+01
   endloop
 endfacet
 facet normal  0.000000e+00  0.000000e+00  1.000000e+00
   outer loop
     vertex -1.045555e+00 -3.129986e+00  2.400000e+01
     vertex -3.084626e+00 -8.454885e+00  2.400000e+01
     vertex -2.851513e+00 -8.536327e+00  2.400000e+01
   endloop
 endfacet
 facet normal  0.000000e+00  0.000000e+00  1.000000e+00
   outer loop
     vertex -1.045555e+00 -3.129986e+00  2.400000e+01
     vertex -1.131030e+00 -3.100125e+00  2.400000e+01
     vertex -3.084626e+00 -8.454885e+00  2.400000e+01
   endloop
 endfacet
 facet normal  0.000000e+00  0.000000e+00  1.000000e+00
   outer loop
     vertex -3.137085e+00 -1.024061e+00  2.400000e+01
     vertex -8.475845e+00 -3.026559e+00  2.400000e+01
     vertex -3.107810e+00 -1.109738e+00  2.400000e+01
   endloop
 endfacet
 facet normal  0.000000e+00  0.000000e+00  1.000000e+00
   outer loop
     vertex -3.137085e+00 -1.024061e+00  2.400000e+01
     vertex -8.555685e+00 -2.792893e+00  2.400000e+01
     vertex -8.475845e+00 -3.026559e+00  2.400000e+01
   endloop
 endfacet
 facet normal  0.000000e+00  0.000000e+00  1.000000e+00
   outer loop
     vertex -9.592932e-01 -3.157492e+00  2.400000e+01
     vertex -2.851513e+00 -8.536327e+00  2.400000e+01
     vertex -2.616254e+00 -8.611342e+00  2.400000e+01
   endloop
 endfacet
 facet normal  0.000000e+00  0.000000e+00  1.000000e+00
   outer loop
     vertex -9.592932e-01 -3.157492e+00  2.400000e+01
     vertex -2.616254e+00 -8.611342e+00  2.400000e+01
     vertex -2.379025e+00 -8.679875e+00  2.400000e+01
   endloop
 endfacet
 facet normal  0.000000e+00  0.000000e+00  1.000000e+00
   outer loop
     vertex -9.592932e-01 -3.157492e+00  2.400000e+01
     vertex -1.045555e+00 -3.129986e+00  2.400000e+01
     vertex -2.851513e+00 -8.536327e+00  2.400000e+01
   endloop
 endfacet
 facet normal  0.000000e+00  0.000000e+00  1.000000e+00
   outer loop
     vertex -3.163998e+00 -9.376124e-01  2.400000e+01
     vertex -8.629085e+00 -2.557125e+00  2.400000e+01
     vertex -8.555685e+00 -2.792893e+00  2.400000e+01
   endloop
 endfacet
 facet normal  0.000000e+00  0.000000e+00  1.000000e+00
   outer loop
     vertex -3.163998e+00 -9.376124e-01  2.400000e+01
     vertex -8.555685e+00 -2.792893e+00  2.400000e+01
     vertex -3.137085e+00 -1.024061e+00  2.400000e+01
   endloop
 endfacet
 facet normal  0.000000e+00  0.000000e+00  1.000000e+00
   outer loop
     vertex -8.723093e-01 -3.182621e+00  2.400000e+01
     vertex -9.592932e-01 -3.157492e+00  2.400000e+01
     vertex -2.379025e+00 -8.679875e+00  2.400000e+01
   endloop
 endfacet
 facet normal  0.000000e+00  0.000000e+00  1.000000e+00
   outer loop
     vertex -3.188530e+00 -8.504582e-01  2.400000e+01
     vertex -8.695990e+00 -2.319431e+00  2.400000e+01
     vertex -8.629085e+00 -2.557125e+00  2.400000e+01
   endloop
 endfacet
 facet normal  0.000000e+00  0.000000e+00  1.000000e+00
   outer loop
     vertex -3.188530e+00 -8.504582e-01  2.400000e+01
     vertex -8.629085e+00 -2.557125e+00  2.400000e+01
     vertex -3.163998e+00 -9.376124e-01  2.400000e+01
   endloop
 endfacet
 facet normal  0.000000e+00  0.000000e+00  1.000000e+00
   outer loop
     vertex -7.846688e-01 -3.205354e+00  2.400000e+01
     vertex -2.379025e+00 -8.679875e+00  2.400000e+01
     vertex -2.140006e+00 -8.741875e+00  2.400000e+01
   endloop
 endfacet
 facet normal  0.000000e+00  0.000000e+00  1.000000e+00
   outer loop
     vertex -7.846688e-01 -3.205354e+00  2.400000e+01
     vertex -8.723093e-01 -3.182621e+00  2.400000e+01
     vertex -2.379025e+00 -8.679875e+00  2.400000e+01
   endloop
 endfacet
 facet normal  0.000000e+00  0.000000e+00  1.000000e+00
   outer loop
     vertex -3.210661e+00 -7.626638e-01  2.400000e+01
     vertex -8.756348e+00 -2.079992e+00  2.400000e+01
     vertex -8.695990e+00 -2.319431e+00  2.400000e+01
   endloop
 endfacet
 facet normal  0.000000e+00  0.000000e+00  1.000000e+00
   outer loop
     vertex -3.210661e+00 -7.626638e-01  2.400000e+01
     vertex -8.695990e+00 -2.319431e+00  2.400000e+01
     vertex -3.188530e+00 -8.504582e-01  2.400000e+01
   endloop
 endfacet
 facet normal  0.000000e+00  0.000000e+00  1.000000e+00
   outer loop
     vertex -6.964376e-01 -3.225674e+00  2.400000e+01
     vertex -7.846688e-01 -3.205354e+00  2.400000e+01
     vertex -2.140006e+00 -8.741875e+00  2.400000e+01
   endloop
 endfacet
 facet normal  0.000000e+00  0.000000e+00  1.000000e+00
   outer loop
     vertex -6.964376e-01 -3.225674e+00  2.400000e+01
     vertex -2.140006e+00 -8.741875e+00  2.400000e+01
     vertex -1.899375e+00 -8.797294e+00  2.400000e+01
   endloop
 endfacet
 facet normal  0.000000e+00  0.000000e+00  1.000000e+00
   outer loop
     vertex -6.964376e-01 -3.225674e+00  2.400000e+01
     vertex -1.899375e+00 -8.797294e+00  2.400000e+01
     vertex -1.657315e+00 -8.846090e+00  2.400000e+01
   endloop
 endfacet
 facet normal  0.000000e+00  0.000000e+00  1.000000e+00
   outer loop
     vertex -3.230375e+00 -6.742953e-01  2.400000e+01
     vertex -8.857250e+00 -1.596598e+00  2.400000e+01
     vertex -8.810115e+00 -1.838987e+00  2.400000e+01
   endloop
 endfacet
 facet normal  0.000000e+00  0.000000e+00  1.000000e+00
   outer loop
     vertex -3.230375e+00 -6.742953e-01  2.400000e+01
     vertex -8.810115e+00 -1.838987e+00  2.400000e+01
     vertex -8.756348e+00 -2.079992e+00  2.400000e+01
   endloop
 endfacet
 facet normal  0.000000e+00  0.000000e+00  1.000000e+00
   outer loop
     vertex -3.230375e+00 -6.742953e-01  2.400000e+01
     vertex -8.756348e+00 -2.079992e+00  2.400000e+01
     vertex -3.210661e+00 -7.626638e-01  2.400000e+01
   endloop
 endfacet
 facet normal  0.000000e+00  0.000000e+00  1.000000e+00
   outer loop
     vertex -6.076822e-01 -3.243566e+00  2.400000e+01
     vertex -1.657315e+00 -8.846090e+00  2.400000e+01
     vertex -1.414007e+00 -8.888227e+00  2.400000e+01
   endloop
 endfacet
 facet normal  0.000000e+00  0.000000e+00  1.000000e+00
   outer loop
     vertex -6.076822e-01 -3.243566e+00  2.400000e+01
     vertex -6.964376e-01 -3.225674e+00  2.400000e+01
     vertex -1.657315e+00 -8.846090e+00  2.400000e+01
   endloop
 endfacet
 facet normal  0.000000e+00  0.000000e+00  1.000000e+00
   outer loop
     vertex -3.247658e+00 -5.854193e-01  2.400000e+01
     vertex -8.857250e+00 -1.596598e+00  2.400000e+01
     vertex -3.230375e+00 -6.742953e-01  2.400000e+01
   endloop
 endfacet
 facet normal  0.000000e+00  0.000000e+00  1.000000e+00
   outer loop
     vertex -5.184693e-01 -3.259017e+00  2.400000e+01
     vertex -6.076822e-01 -3.243566e+00  2.400000e+01
     vertex -1.414007e+00 -8.888227e+00  2.400000e+01
   endloop
 endfacet
 facet normal  0.000000e+00  0.000000e+00  1.000000e+00
   outer loop
     vertex -3.262496e+00 -4.961025e-01  2.400000e+01
     vertex -8.897717e+00 -1.353007e+00  2.400000e+01
     vertex -8.857250e+00 -1.596598e+00  2.400000e+01
   endloop
 endfacet
 facet normal  0.000000e+00  0.000000e+00  1.000000e+00
   outer loop
     vertex -3.262496e+00 -4.961025e-01  2.400000e+01
     vertex -8.857250e+00 -1.596598e+00  2.400000e+01
     vertex -3.247658e+00 -5.854193e-01  2.400000e+01
   endloop
 endfacet
 facet normal  0.000000e+00  0.000000e+00  1.000000e+00
   outer loop
     vertex -4.288662e-01 -3.272014e+00  2.400000e+01
     vertex -1.414007e+00 -8.888227e+00  2.400000e+01
     vertex -1.169635e+00 -8.923674e+00  2.400000e+01
   endloop
 endfacet
 facet normal  0.000000e+00  0.000000e+00  1.000000e+00
   outer loop
     vertex -4.288662e-01 -3.272014e+00  2.400000e+01
     vertex -5.184693e-01 -3.259017e+00  2.400000e+01
     vertex -1.414007e+00 -8.888227e+00  2.400000e+01
   endloop
 endfacet
 facet normal  0.000000e+00  0.000000e+00  1.000000e+00
   outer loop
     vertex -3.274878e+00 -4.064123e-01  2.400000e+01
     vertex -8.897717e+00 -1.353007e+00  2.400000e+01
     vertex -3.262496e+00 -4.961025e-01  2.400000e+01
   endloop
 endfacet
 facet normal  0.000000e+00  0.000000e+00  1.000000e+00
   outer loop
     vertex -3.274878e+00 -4.064123e-01  2.400000e+01
     vertex -8.931487e+00 -1.108397e+00  2.400000e+01
     vertex -8.897717e+00 -1.353007e+00  2.400000e+01
   endloop
 endfacet
 facet normal  0.000000e+00  0.000000e+00  1.000000e+00
   outer loop
     vertex -3.389402e-01 -3.282548e+00  2.400000e+01
     vertex -4.288662e-01 -3.272014e+00  2.400000e+01
     vertex -1.169635e+00 -8.923674e+00  2.400000e+01
   endloop
 endfacet
 facet normal  0.000000e+00  0.000000e+00  1.000000e+00
   outer loop
     vertex -3.389402e-01 -3.282548e+00  2.400000e+01
     vertex -1.169635e+00 -8.923674e+00  2.400000e+01
     vertex -9.243823e-01 -8.952403e+00  2.400000e+01
   endloop
 endfacet
 facet normal  0.000000e+00  0.000000e+00  1.000000e+00
   outer loop
     vertex -3.284795e+00 -3.164162e-01  2.400000e+01
     vertex -8.931487e+00 -1.108397e+00  2.400000e+01
     vertex -3.274878e+00 -4.064123e-01  2.400000e+01
   endloop
 endfacet
 facet normal  0.000000e+00  0.000000e+00  1.000000e+00
   outer loop
     vertex -3.284795e+00 -3.164162e-01  2.400000e+01
     vertex -8.958533e+00 -8.629532e-01  2.400000e+01
     vertex -8.931487e+00 -1.108397e+00  2.400000e+01
   endloop
 endfacet
 facet normal  0.000000e+00  0.000000e+00  1.000000e+00
   outer loop
     vertex -2.487590e-01 -3.290611e+00  2.400000e+01
     vertex -3.389402e-01 -3.282548e+00  2.400000e+01
     vertex -9.243823e-01 -8.952403e+00  2.400000e+01
   endloop
 endfacet
 facet normal  0.000000e+00  0.000000e+00  1.000000e+00
   outer loop
     vertex -2.487590e-01 -3.290611e+00  2.400000e+01
     vertex -9.243823e-01 -8.952403e+00  2.400000e+01
     vertex -6.784337e-01 -8.974393e+00  2.400000e+01
   endloop
 endfacet
 facet normal  0.000000e+00  0.000000e+00  1.000000e+00
   outer loop
     vertex -3.292240e+00 -2.261818e-01  2.400000e+01
     vertex -8.978835e+00 -6.168595e-01  2.400000e+01
     vertex -8.958533e+00 -8.629532e-01  2.400000e+01
   endloop
 endfacet
 facet normal  0.000000e+00  0.000000e+00  1.000000e+00
   outer loop
     vertex -3.292240e+00 -2.261818e-01  2.400000e+01
     vertex -8.958533e+00 -8.629532e-01  2.400000e+01
     vertex -3.284795e+00 -3.164162e-01  2.400000e+01
   endloop
 endfacet
 facet normal  0.000000e+00  0.000000e+00  1.000000e+00
   outer loop
     vertex -1.583906e-01 -3.296197e+00  2.400000e+01
     vertex -6.784337e-01 -8.974393e+00  2.400000e+01
     vertex -4.319744e-01 -8.989627e+00  2.400000e+01
   endloop
 endfacet
 facet normal  0.000000e+00  0.000000e+00  1.000000e+00
   outer loop
     vertex -1.583906e-01 -3.296197e+00  2.400000e+01
     vertex -4.319744e-01 -8.989627e+00  2.400000e+01
     vertex -1.851900e-01 -8.998095e+00  2.400000e+01
   endloop
 endfacet
 facet normal  0.000000e+00  0.000000e+00  1.000000e+00
   outer loop
     vertex -1.583906e-01 -3.296197e+00  2.400000e+01
     vertex -2.487590e-01 -3.290611e+00  2.400000e+01
     vertex -6.784337e-01 -8.974393e+00  2.400000e+01
   endloop
 endfacet
 facet normal  0.000000e+00  0.000000e+00  1.000000e+00
   outer loop
     vertex -3.297206e+00 -1.357772e-01  2.400000e+01
     vertex -8.992379e+00 -3.703016e-01  2.400000e+01
     vertex -8.978835e+00 -6.168595e-01  2.400000e+01
   endloop
 endfacet
 facet normal  0.000000e+00  0.000000e+00  1.000000e+00
   outer loop
     vertex -3.297206e+00 -1.357772e-01  2.400000e+01
     vertex -8.978835e+00 -6.168595e-01  2.400000e+01
     vertex -3.292240e+00 -2.261818e-01  2.400000e+01
   endloop
 endfacet
 facet normal  0.000000e+00  0.000000e+00  1.000000e+00
   outer loop
     vertex -6.790300e-02 -3.299301e+00  2.400000e+01
     vertex -1.583906e-01 -3.296197e+00  2.400000e+01
     vertex -1.851900e-01 -8.998095e+00  2.400000e+01
   endloop
 endfacet
 facet normal  0.000000e+00  0.000000e+00  1.000000e+00
   outer loop
     vertex -3.299689e+00 -4.527044e-02  2.400000e+01
     vertex -8.999153e+00  1.234648e-01  2.400000e+01
     vertex -8.999153e+00 -1.234648e-01  2.400000e+01
   endloop
 endfacet
 facet normal  0.000000e+00  0.000000e+00  1.000000e+00
   outer loop
     vertex -3.299689e+00 -4.527044e-02  2.400000e+01
     vertex -8.999153e+00 -1.234648e-01  2.400000e+01
     vertex -8.992379e+00 -3.703016e-01  2.400000e+01
   endloop
 endfacet
 facet normal  0.000000e+00  0.000000e+00  1.000000e+00
   outer loop
     vertex -3.299689e+00 -4.527044e-02  2.400000e+01
     vertex -8.992379e+00 -3.703016e-01  2.400000e+01
     vertex -3.297206e+00 -1.357772e-01  2.400000e+01
   endloop
 endfacet
 facet normal  0.000000e+00  0.000000e+00  1.000000e+00
   outer loop
     vertex  2.263575e-02 -3.299922e+00  2.400000e+01
     vertex -6.790300e-02 -3.299301e+00  2.400000e+01
     vertex -1.851900e-01 -8.998095e+00  2.400000e+01
   endloop
 endfacet
 facet normal  0.000000e+00  0.000000e+00  1.000000e+00
   outer loop
     vertex  2.263575e-02 -3.299922e+00  2.400000e+01
     vertex -1.851900e-01 -8.998095e+00  2.400000e+01
     vertex  6.173387e-02 -8.999788e+00  2.400000e+01
   endloop
 endfacet
 facet normal  0.000000e+00  0.000000e+00  1.000000e+00
   outer loop
     vertex -3.299689e+00  4.527044e-02  2.400000e+01
     vertex -8.999153e+00  1.234648e-01  2.400000e+01
     vertex -3.299689e+00 -4.527044e-02  2.400000e+01
   endloop
 endfacet
 facet normal  0.000000e+00  0.000000e+00  1.000000e+00
   outer loop
     vertex  1.131575e-01 -3.298059e+00  2.400000e+01
     vertex  2.263575e-02 -3.299922e+00  2.400000e+01
     vertex  6.173387e-02 -8.999788e+00  2.400000e+01
   endloop
 endfacet
 facet normal  0.000000e+00  0.000000e+00  1.000000e+00
   outer loop
     vertex  1.131575e-01 -3.298059e+00  2.400000e+01
     vertex  6.173387e-02 -8.999788e+00  2.400000e+01
     vertex  3.086113e-01 -8.994707e+00  2.400000e+01
   endloop
 endfacet
 facet normal  0.000000e+00  0.000000e+00  1.000000e+00
   outer loop
     vertex -3.297206e+00  1.357772e-01  2.400000e+01
     vertex -8.992379e+00  3.703016e-01  2.400000e+01
     vertex -8.999153e+00  1.234648e-01  2.400000e+01
   endloop
 endfacet
 facet normal  0.000000e+00  0.000000e+00  1.000000e+00
   outer loop
     vertex -3.297206e+00  1.357772e-01  2.400000e+01
     vertex -8.999153e+00  1.234648e-01  2.400000e+01
     vertex -3.299689e+00  4.527044e-02  2.400000e+01
   endloop
 endfacet
 facet normal  0.000000e+00  0.000000e+00  1.000000e+00
   outer loop
     vertex  2.035940e-01 -3.293714e+00  2.400000e+01
     vertex  1.131575e-01 -3.298059e+00  2.400000e+01
     vertex  3.086113e-01 -8.994707e+00  2.400000e+01
   endloop
 endfacet
 facet normal  0.000000e+00  0.000000e+00  1.000000e+00
   outer loop
     vertex  2.035940e-01 -3.293714e+00  2.400000e+01
     vertex  3.086113e-01 -8.994707e+00  2.400000e+01
     vertex  5.552563e-01 -8.982855e+00  2.400000e+01
   endloop
 endfacet
 facet normal  0.000000e+00  0.000000e+00  1.000000e+00
   outer loop
     vertex -3.292240e+00  2.261818e-01  2.400000e+01
     vertex -8.978835e+00  6.168595e-01  2.400000e+01
     vertex -8.992379e+00  3.703016e-01  2.400000e+01
   endloop
 endfacet
 facet normal  0.000000e+00  0.000000e+00  1.000000e+00
   outer loop
     vertex -3.292240e+00  2.261818e-01  2.400000e+01
     vertex -8.992379e+00  3.703016e-01  2.400000e+01
     vertex -3.297206e+00  1.357772e-01  2.400000e+01
   endloop
 endfacet
 facet normal  0.000000e+00  0.000000e+00  1.000000e+00
   outer loop
     vertex  2.938773e-01 -3.286889e+00  2.400000e+01
     vertex  2.035940e-01 -3.293714e+00  2.400000e+01
     vertex  5.552563e-01 -8.982855e+00  2.400000e+01
   endloop
 endfacet
 facet normal  0.000000e+00  0.000000e+00  1.000000e+00
   outer loop
     vertex  2.938773e-01 -3.286889e+00  2.400000e+01
     vertex  5.552563e-01 -8.982855e+00  2.400000e+01
     vertex  8.014834e-01 -8.964241e+00  2.400000e+01
   endloop
 endfacet
 facet normal  0.000000e+00  0.000000e+00  1.000000e+00
   outer loop
     vertex  2.938773e-01 -3.286889e+00  2.400000e+01
     vertex  8.014834e-01 -8.964241e+00  2.400000e+01
     vertex  1.047107e+00 -8.938879e+00  2.400000e+01
   endloop
 endfacet
 facet normal  0.000000e+00  0.000000e+00  1.000000e+00
   outer loop
     vertex -3.284795e+00  3.164162e-01  2.400000e+01
     vertex -8.958533e+00  8.629532e-01  2.400000e+01
     vertex -8.978835e+00  6.168595e-01  2.400000e+01
   endloop
 endfacet
 facet normal  0.000000e+00  0.000000e+00  1.000000e+00
   outer loop
     vertex -3.284795e+00  3.164162e-01  2.400000e+01
     vertex -8.978835e+00  6.168595e-01  2.400000e+01
     vertex -3.292240e+00  2.261818e-01  2.400000e+01
   endloop
 endfacet
 facet normal  0.000000e+00  0.000000e+00  1.000000e+00
   outer loop
     vertex  3.839393e-01 -3.277589e+00  2.400000e+01
     vertex  2.938773e-01 -3.286889e+00  2.400000e+01
     vertex  1.047107e+00 -8.938879e+00  2.400000e+01
   endloop
 endfacet
 facet normal  0.000000e+00  0.000000e+00  1.000000e+00
   outer loop
     vertex -3.274878e+00  4.064123e-01  2.400000e+01
     vertex -8.931487e+00  1.108397e+00  2.400000e+01
     vertex -8.958533e+00  8.629532e-01  2.400000e+01
   endloop
 endfacet
 facet normal  0.000000e+00  0.000000e+00  1.000000e+00
   outer loop
     vertex -3.274878e+00  4.064123e-01  2.400000e+01
     vertex -8.958533e+00  8.629532e-01  2.400000e+01
     vertex -3.284795e+00  3.164162e-01  2.400000e+01
   endloop
 endfacet
 facet normal  0.000000e+00  0.000000e+00  1.000000e+00
   outer loop
     vertex  4.737123e-01 -3.265823e+00  2.400000e+01
     vertex  1.047107e+00 -8.938879e+00  2.400000e+01
     vertex  1.291943e+00 -8.906789e+00  2.400000e+01
   endloop
 endfacet
 facet normal  0.000000e+00  0.000000e+00  1.000000e+00
   outer loop
     vertex  4.737123e-01 -3.265823e+00  2.400000e+01
     vertex  1.291943e+00 -8.906789e+00  2.400000e+01
     vertex  1.535806e+00 -8.867993e+00  2.400000e+01
   endloop
 endfacet
 facet normal  0.000000e+00  0.000000e+00  1.000000e+00
   outer loop
     vertex  4.737123e-01 -3.265823e+00  2.400000e+01
     vertex  3.839393e-01 -3.277589e+00  2.400000e+01
     vertex  1.047107e+00 -8.938879e+00  2.400000e+01
   endloop
 endfacet
 facet normal  0.000000e+00  0.000000e+00  1.000000e+00
   outer loop
     vertex -3.262496e+00  4.961025e-01  2.400000e+01
     vertex -8.897717e+00  1.353007e+00  2.400000e+01
     vertex -8.931487e+00  1.108397e+00  2.400000e+01
   endloop
 endfacet
 facet normal  0.000000e+00  0.000000e+00  1.000000e+00
   outer loop
     vertex -3.262496e+00  4.961025e-01  2.400000e+01
     vertex -8.931487e+00  1.108397e+00  2.400000e+01
     vertex -3.274878e+00  4.064123e-01  2.400000e+01
   endloop
 endfacet
 facet normal  0.000000e+00  0.000000e+00  1.000000e+00
   outer loop
     vertex  5.631288e-01 -3.251597e+00  2.400000e+01
     vertex  4.737123e-01 -3.265823e+00  2.400000e+01
     vertex  1.535806e+00 -8.867993e+00  2.400000e+01
   endloop
 endfacet
 facet normal  0.000000e+00  0.000000e+00  1.000000e+00
   outer loop
     vertex -3.247658e+00  5.854193e-01  2.400000e+01
     vertex -8.857250e+00  1.596598e+00  2.400000e+01
     vertex -8.897717e+00  1.353007e+00  2.400000e+01
   endloop
 endfacet
 facet normal  0.000000e+00  0.000000e+00  1.000000e+00
   outer loop
     vertex -3.247658e+00  5.854193e-01  2.400000e+01
     vertex -8.897717e+00  1.353007e+00  2.400000e+01
     vertex -3.262496e+00  4.961025e-01  2.400000e+01
   endloop
 endfacet
 facet normal  0.000000e+00  0.000000e+00  1.000000e+00
   outer loop
     vertex  6.521213e-01 -3.234925e+00  2.400000e+01
     vertex  5.631288e-01 -3.251597e+00  2.400000e+01
     vertex  1.535806e+00 -8.867993e+00  2.400000e+01
   endloop
 endfacet
 facet normal  0.000000e+00  0.000000e+00  1.000000e+00
   outer loop
     vertex  6.521213e-01 -3.234925e+00  2.400000e+01
     vertex  1.535806e+00 -8.867993e+00  2.400000e+01
     vertex  1.778513e+00 -8.822522e+00  2.400000e+01
   endloop
 endfacet
 facet normal  0.000000e+00  0.000000e+00  1.000000e+00
   outer loop
     vertex -3.230375e+00  6.742953e-01  2.400000e+01
     vertex -8.810115e+00  1.838987e+00  2.400000e+01
     vertex -8.857250e+00  1.596598e+00  2.400000e+01
   endloop
 endfacet
 facet normal  0.000000e+00  0.000000e+00  1.000000e+00
   outer loop
     vertex -3.230375e+00  6.742953e-01  2.400000e+01
     vertex -8.857250e+00  1.596598e+00  2.400000e+01
     vertex -3.247658e+00  5.854193e-01  2.400000e+01
   endloop
 endfacet
 facet normal  0.000000e+00  0.000000e+00  1.000000e+00
   outer loop
     vertex  7.406229e-01 -3.215817e+00  2.400000e+01
     vertex  6.521213e-01 -3.234925e+00  2.400000e+01
     vertex  1.778513e+00 -8.822522e+00  2.400000e+01
   endloop
 endfacet
 facet normal  0.000000e+00  0.000000e+00  1.000000e+00
   outer loop
     vertex  7.406229e-01 -3.215817e+00  2.400000e+01
     vertex  1.778513e+00 -8.822522e+00  2.400000e+01
     vertex  2.019881e+00 -8.770409e+00  2.400000e+01
   endloop
 endfacet
 facet normal  0.000000e+00  0.000000e+00  1.000000e+00
   outer loop
     vertex -3.210661e+00  7.626638e-01  2.400000e+01
     vertex -8.756348e+00  2.079992e+00  2.400000e+01
     vertex -8.810115e+00  1.838987e+00  2.400000e+01
   endloop
 endfacet
 facet normal  0.000000e+00  0.000000e+00  1.000000e+00
   outer loop
     vertex -3.210661e+00  7.626638e-01  2.400000e+01
     vertex -8.810115e+00  1.838987e+00  2.400000e+01
     vertex -3.230375e+00  6.742953e-01  2.400000e+01
   endloop
 endfacet
 facet normal  0.000000e+00  0.000000e+00  1.000000e+00
   outer loop
     vertex  8.285670e-01 -3.194288e+00  2.400000e+01
     vertex  2.019881e+00 -8.770409e+00  2.400000e+01
     vertex  2.259728e+00 -8.711695e+00  2.400000e+01
   endloop
 endfacet
 facet normal  0.000000e+00  0.000000e+00  1.000000e+00
   outer loop
     vertex  8.285670e-01 -3.194288e+00  2.400000e+01
     vertex  7.406229e-01 -3.215817e+00  2.400000e+01
     vertex  2.019881e+00 -8.770409e+00  2.400000e+01
   endloop
 endfacet
 facet normal  0.000000e+00  0.000000e+00  1.000000e+00
   outer loop
     vertex -3.188530e+00  8.504582e-01  2.400000e+01
     vertex -8.695990e+00  2.319431e+00  2.400000e+01
     vertex -8.756348e+00  2.079992e+00  2.400000e+01
   endloop
 endfacet
 facet normal  0.000000e+00  0.000000e+00  1.000000e+00
   outer loop
     vertex -3.188530e+00  8.504582e-01  2.400000e+01
     vertex -8.756348e+00  2.079992e+00  2.400000e+01
     vertex -3.210661e+00  7.626638e-01  2.400000e+01
   endloop
 endfacet
 facet normal  0.000000e+00  0.000000e+00  1.000000e+00
   outer loop
     vertex  9.158874e-01 -3.170355e+00  2.400000e+01
     vertex  8.285670e-01 -3.194288e+00  2.400000e+01
     vertex  2.259728e+00 -8.711695e+00  2.400000e+01
   endloop
 endfacet
 facet normal  0.000000e+00  0.000000e+00  1.000000e+00
   outer loop
     vertex  9.158874e-01 -3.170355e+00  2.400000e+01
     vertex  2.259728e+00 -8.711695e+00  2.400000e+01
     vertex  2.497875e+00 -8.646422e+00  2.400000e+01
   endloop
 endfacet
 facet normal  0.000000e+00  0.000000e+00  1.000000e+00
   outer loop
     vertex -3.163998e+00  9.376124e-01  2.400000e+01
     vertex -8.629085e+00  2.557125e+00  2.400000e+01
     vertex -8.695990e+00  2.319431e+00  2.400000e+01
   endloop
 endfacet
 facet normal  0.000000e+00  0.000000e+00  1.000000e+00
   outer loop
     vertex -3.163998e+00  9.376124e-01  2.400000e+01
     vertex -8.695990e+00  2.319431e+00  2.400000e+01
     vertex -3.188530e+00  8.504582e-01  2.400000e+01
   endloop
 endfacet
 facet normal  0.000000e+00  0.000000e+00  1.000000e+00
   outer loop
     vertex  1.002518e+00 -3.144035e+00  2.400000e+01
     vertex  9.158874e-01 -3.170355e+00  2.400000e+01
     vertex  2.497875e+00 -8.646422e+00  2.400000e+01
   endloop
 endfacet
 facet normal  0.000000e+00  0.000000e+00  1.000000e+00
   outer loop
     vertex  1.002518e+00 -3.144035e+00  2.400000e+01
     vertex  2.497875e+00 -8.646422e+00  2.400000e+01
     vertex  2.734141e+00 -8.574641e+00  2.400000e+01
   endloop
 endfacet
 facet normal  0.000000e+00  0.000000e+00  1.000000e+00
   outer loop
     vertex -3.137085e+00  1.024061e+00  2.400000e+01
     vertex -8.555685e+00  2.792893e+00  2.400000e+01
     vertex -8.629085e+00  2.557125e+00  2.400000e+01
   endloop
 endfacet
 facet normal  0.000000e+00  0.000000e+00  1.000000e+00
   outer loop
     vertex -3.137085e+00  1.024061e+00  2.400000e+01
     vertex -8.629085e+00  2.557125e+00  2.400000e+01
     vertex -3.163998e+00  9.376124e-01  2.400000e+01
   endloop
 endfacet
 facet normal  0.000000e+00  0.000000e+00  1.000000e+00
   outer loop
     vertex  1.088395e+00 -3.115349e+00  2.400000e+01
     vertex  1.002518e+00 -3.144035e+00  2.400000e+01
     vertex  2.734141e+00 -8.574641e+00  2.400000e+01
   endloop
 endfacet
 facet normal  0.000000e+00  0.000000e+00  1.000000e+00
   outer loop
     vertex  1.088395e+00 -3.115349e+00  2.400000e+01
     vertex  2.734141e+00 -8.574641e+00  2.400000e+01
     vertex  2.968349e+00 -8.496405e+00  2.400000e+01
   endloop
 endfacet
 facet normal  0.000000e+00  0.000000e+00  1.000000e+00
   outer loop
     vertex -3.107810e+00  1.109738e+00  2.400000e+01
     vertex -8.475845e+00  3.026559e+00  2.400000e+01
     vertex -8.555685e+00  2.792893e+00  2.400000e+01
   endloop
 endfacet
 facet normal  0.000000e+00  0.000000e+00  1.000000e+00
   outer loop
     vertex -3.107810e+00  1.109738e+00  2.400000e+01
     vertex -8.555685e+00  2.792893e+00  2.400000e+01
     vertex -3.137085e+00  1.024061e+00  2.400000e+01
   endloop
 endfacet
 facet normal  0.000000e+00  0.000000e+00  1.000000e+00
   outer loop
     vertex  1.173452e+00 -3.084317e+00  2.400000e+01
     vertex  1.088395e+00 -3.115349e+00  2.400000e+01
     vertex  2.968349e+00 -8.496405e+00  2.400000e+01
   endloop
 endfacet
 facet normal  0.000000e+00  0.000000e+00  1.000000e+00
   outer loop
     vertex  1.173452e+00 -3.084317e+00  2.400000e+01
     vertex  2.968349e+00 -8.496405e+00  2.400000e+01
     vertex  3.200323e+00 -8.411774e+00  2.400000e+01
   endloop
 endfacet
 facet normal  0.000000e+00  0.000000e+00  1.000000e+00
   outer loop
     vertex -3.076195e+00  1.194580e+00  2.400000e+01
     vertex -8.297087e+00  3.486881e+00  2.400000e+01
     vertex -8.389624e+00  3.257946e+00  2.400000e+01
   endloop
 endfacet
 facet normal  0.000000e+00  0.000000e+00  1.000000e+00
   outer loop
     vertex -3.076195e+00  1.194580e+00  2.400000e+01
     vertex -8.389624e+00  3.257946e+00  2.400000e+01
     vertex -8.475845e+00  3.026559e+00  2.400000e+01
   endloop
 endfacet
 facet normal  0.000000e+00  0.000000e+00  1.000000e+00
   outer loop
     vertex -3.076195e+00  1.194580e+00  2.400000e+01
     vertex -8.475845e+00  3.026559e+00  2.400000e+01
     vertex -3.107810e+00  1.109738e+00  2.400000e+01
   endloop
 endfacet
 facet normal  0.000000e+00  0.000000e+00  1.000000e+00
   outer loop
     vertex  1.257625e+00 -3.050964e+00  2.400000e+01
     vertex  1.173452e+00 -3.084317e+00  2.400000e+01
     vertex  3.200323e+00 -8.411774e+00  2.400000e+01
   endloop
 endfacet
 facet normal  0.000000e+00  0.000000e+00  1.000000e+00
   outer loop
     vertex  1.257625e+00 -3.050964e+00  2.400000e+01
     vertex  3.200323e+00 -8.411774e+00  2.400000e+01
     vertex  3.429887e+00 -8.320810e+00  2.400000e+01
   endloop
 endfacet
 facet normal  0.000000e+00  0.000000e+00  1.000000e+00
   outer loop
     vertex  1.257625e+00 -3.050964e+00  2.400000e+01
     vertex  3.429887e+00 -8.320810e+00  2.400000e+01
     vertex  3.656870e+00 -8.223582e+00  2.400000e+01
   endloop
 endfacet
 facet normal  0.000000e+00  0.000000e+00  1.000000e+00
   outer loop
     vertex -3.042265e+00  1.278523e+00  2.400000e+01
     vertex -8.297087e+00  3.486881e+00  2.400000e+01
     vertex -3.076195e+00  1.194580e+00  2.400000e+01
   endloop
 endfacet
 facet normal  0.000000e+00  0.000000e+00  1.000000e+00
   outer loop
     vertex  1.340852e+00 -3.015313e+00  2.400000e+01
     vertex  3.656870e+00 -8.223582e+00  2.400000e+01
     vertex  3.881099e+00 -8.120164e+00  2.400000e+01
   endloop
 endfacet
 facet normal  0.000000e+00  0.000000e+00  1.000000e+00
   outer loop
     vertex  1.340852e+00 -3.015313e+00  2.400000e+01
     vertex  1.257625e+00 -3.050964e+00  2.400000e+01
     vertex  3.656870e+00 -8.223582e+00  2.400000e+01
   endloop
 endfacet
 facet normal  0.000000e+00  0.000000e+00  1.000000e+00
   outer loop
     vertex -3.006045e+00  1.361504e+00  2.400000e+01
     vertex -8.297087e+00  3.486881e+00  2.400000e+01
     vertex -3.042265e+00  1.278523e+00  2.400000e+01
   endloop
 endfacet
 facet normal  0.000000e+00  0.000000e+00  1.000000e+00
   outer loop
     vertex -3.006045e+00  1.361504e+00  2.400000e+01
     vertex -8.198305e+00  3.713192e+00  2.400000e+01
     vertex -8.297087e+00  3.486881e+00  2.400000e+01
   endloop
 endfacet
 facet normal  0.000000e+00  0.000000e+00  1.000000e+00
   outer loop
     vertex  1.423070e+00 -2.977394e+00  2.400000e+01
     vertex  1.340852e+00 -3.015313e+00  2.400000e+01
     vertex  3.881099e+00 -8.120164e+00  2.400000e+01
   endloop
 endfacet
 facet normal  0.000000e+00  0.000000e+00  1.000000e+00
   outer loop
     vertex -2.967562e+00  1.443459e+00  2.400000e+01
     vertex -8.198305e+00  3.713192e+00  2.400000e+01
     vertex -3.006045e+00  1.361504e+00  2.400000e+01
   endloop
 endfacet
 facet normal  0.000000e+00  0.000000e+00  1.000000e+00
   outer loop
     vertex -2.967562e+00  1.443459e+00  2.400000e+01
     vertex -8.093352e+00  3.936707e+00  2.400000e+01
     vertex -8.198305e+00  3.713192e+00  2.400000e+01
   endloop
 endfacet
 facet normal  0.000000e+00  0.000000e+00  1.000000e+00
   outer loop
     vertex  1.504216e+00 -2.937232e+00  2.400000e+01
     vertex  1.423070e+00 -2.977394e+00  2.400000e+01
     vertex  3.881099e+00 -8.120164e+00  2.400000e+01
   endloop
 endfacet
 facet normal  0.000000e+00  0.000000e+00  1.000000e+00
   outer loop
     vertex  1.504216e+00 -2.937232e+00  2.400000e+01
     vertex  3.881099e+00 -8.120164e+00  2.400000e+01
     vertex  4.102408e+00 -8.010634e+00  2.400000e+01
   endloop
 endfacet
 facet normal  0.000000e+00  0.000000e+00  1.000000e+00
   outer loop
     vertex -2.926845e+00  1.524328e+00  2.400000e+01
     vertex -8.093352e+00  3.936707e+00  2.400000e+01
     vertex -2.967562e+00  1.443459e+00  2.400000e+01
   endloop
 endfacet
 facet normal  0.000000e+00  0.000000e+00  1.000000e+00
   outer loop
     vertex -2.926845e+00  1.524328e+00  2.400000e+01
     vertex -7.982306e+00  4.157259e+00  2.400000e+01
     vertex -8.093352e+00  3.936707e+00  2.400000e+01
   endloop
 endfacet
 facet normal  0.000000e+00  0.000000e+00  1.000000e+00
   outer loop
     vertex  1.584230e+00 -2.894860e+00  2.400000e+01
     vertex  1.504216e+00 -2.937232e+00  2.400000e+01
     vertex  4.102408e+00 -8.010634e+00  2.400000e+01
   endloop
 endfacet
 facet normal  0.000000e+00  0.000000e+00  1.000000e+00
   outer loop
     vertex  1.584230e+00 -2.894860e+00  2.400000e+01
     vertex  4.102408e+00 -8.010634e+00  2.400000e+01
     vertex  4.320628e+00 -7.895073e+00  2.400000e+01
   endloop
 endfacet
 facet normal  0.000000e+00  0.000000e+00  1.000000e+00
   outer loop
     vertex -2.883925e+00  1.604050e+00  2.400000e+01
     vertex -7.982306e+00  4.157259e+00  2.400000e+01
     vertex -2.926845e+00  1.524328e+00  2.400000e+01
   endloop
 endfacet
 facet normal  0.000000e+00  0.000000e+00  1.000000e+00
   outer loop
     vertex -2.883925e+00  1.604050e+00  2.400000e+01
     vertex -7.742275e+00  4.588810e+00  2.400000e+01
     vertex -7.865251e+00  4.374681e+00  2.400000e+01
   endloop
 endfacet
 facet normal  0.000000e+00  0.000000e+00  1.000000e+00
   outer loop
     vertex -2.883925e+00  1.604050e+00  2.400000e+01
     vertex -7.865251e+00  4.374681e+00  2.400000e+01
     vertex -7.982306e+00  4.157259e+00  2.400000e+01
   endloop
 endfacet
 facet normal  0.000000e+00  0.000000e+00  1.000000e+00
   outer loop
     vertex  1.663052e+00 -2.850309e+00  2.400000e+01
     vertex  1.584230e+00 -2.894860e+00  2.400000e+01
     vertex  4.320628e+00 -7.895073e+00  2.400000e+01
   endloop
 endfacet
 facet normal  0.000000e+00  0.000000e+00  1.000000e+00
   outer loop
     vertex  1.663052e+00 -2.850309e+00  2.400000e+01
     vertex  4.320628e+00 -7.895073e+00  2.400000e+01
     vertex  4.535595e+00 -7.773569e+00  2.400000e+01
   endloop
 endfacet
 facet normal  0.000000e+00  0.000000e+00  1.000000e+00
   outer loop
     vertex -2.838834e+00  1.682564e+00  2.400000e+01
     vertex -7.742275e+00  4.588810e+00  2.400000e+01
     vertex -2.883925e+00  1.604050e+00  2.400000e+01
   endloop
 endfacet
 facet normal  0.000000e+00  0.000000e+00  1.000000e+00
   outer loop
     vertex  1.740621e+00 -2.803612e+00  2.400000e+01
     vertex  1.663052e+00 -2.850309e+00  2.400000e+01
     vertex  4.535595e+00 -7.773569e+00  2.400000e+01
   endloop
 endfacet
 facet normal  0.000000e+00  0.000000e+00  1.000000e+00
   outer loop
     vertex  1.740621e+00 -2.803612e+00  2.400000e+01
     vertex  4.535595e+00 -7.773569e+00  2.400000e+01
     vertex  4.747149e+00 -7.646214e+00  2.400000e+01
   endloop
 endfacet
 facet normal  0.000000e+00  0.000000e+00  1.000000e+00
   outer loop
     vertex  1.740621e+00 -2.803612e+00  2.400000e+01
     vertex  4.747149e+00 -7.646214e+00  2.400000e+01
     vertex  4.955128e+00 -7.513102e+00  2.400000e+01
   endloop
 endfacet
 facet normal  0.000000e+00  0.000000e+00  1.000000e+00
   outer loop
     vertex -2.791606e+00  1.759811e+00  2.400000e+01
     vertex -7.742275e+00  4.588810e+00  2.400000e+01
     vertex -2.838834e+00  1.682564e+00  2.400000e+01
   endloop
 endfacet
 facet normal  0.000000e+00  0.000000e+00  1.000000e+00
   outer loop
     vertex -2.791606e+00  1.759811e+00  2.400000e+01
     vertex -7.478937e+00  5.006547e+00  2.400000e+01
     vertex -7.613471e+00  4.799485e+00  2.400000e+01
   endloop
 endfacet
 facet normal  0.000000e+00  0.000000e+00  1.000000e+00
   outer loop
     vertex -2.791606e+00  1.759811e+00  2.400000e+01
     vertex -7.613471e+00  4.799485e+00  2.400000e+01
     vertex -7.742275e+00  4.588810e+00  2.400000e+01
   endloop
 endfacet
 facet normal  0.000000e+00  0.000000e+00  1.000000e+00
   outer loop
     vertex  1.816880e+00 -2.754804e+00  2.400000e+01
     vertex  1.740621e+00 -2.803612e+00  2.400000e+01
     vertex  4.955128e+00 -7.513102e+00  2.400000e+01
   endloop
 endfacet
 facet normal  0.000000e+00  0.000000e+00  1.000000e+00
   outer loop
     vertex -2.742277e+00  1.835734e+00  2.400000e+01
     vertex -7.478937e+00  5.006547e+00  2.400000e+01
     vertex -2.791606e+00  1.759811e+00  2.400000e+01
   endloop
 endfacet
 facet normal  0.000000e+00  0.000000e+00  1.000000e+00
   outer loop
     vertex  1.891772e+00 -2.703923e+00  2.400000e+01
     vertex  1.816880e+00 -2.754804e+00  2.400000e+01
     vertex  4.955128e+00 -7.513102e+00  2.400000e+01
   endloop
 endfacet
 facet normal  0.000000e+00  0.000000e+00  1.000000e+00
   outer loop
     vertex  1.891772e+00 -2.703923e+00  2.400000e+01
     vertex  4.955128e+00 -7.513102e+00  2.400000e+01
     vertex  5.159378e+00 -7.374335e+00  2.400000e+01
   endloop
 endfacet
 facet normal  0.000000e+00  0.000000e+00  1.000000e+00
   outer loop
     vertex -2.690883e+00  1.910275e+00  2.400000e+01
     vertex -7.478937e+00  5.006547e+00  2.400000e+01
     vertex -2.742277e+00  1.835734e+00  2.400000e+01
   endloop
 endfacet
 facet normal  0.000000e+00  0.000000e+00  1.000000e+00
   outer loop
     vertex -2.690883e+00  1.910275e+00  2.400000e+01
     vertex -7.338772e+00  5.209840e+00  2.400000e+01
     vertex -7.478937e+00  5.006547e+00  2.400000e+01
   endloop
 endfacet
 facet normal  0.000000e+00  0.000000e+00  1.000000e+00
   outer loop
     vertex  1.965239e+00 -2.651006e+00  2.400000e+01
     vertex  1.891772e+00 -2.703923e+00  2.400000e+01
     vertex  5.159378e+00 -7.374335e+00  2.400000e+01
   endloop
 endfacet
 facet normal  0.000000e+00  0.000000e+00  1.000000e+00
   outer loop
     vertex  1.965239e+00 -2.651006e+00  2.400000e+01
     vertex  5.159378e+00 -7.374335e+00  2.400000e+01
     vertex  5.359744e+00 -7.230017e+00  2.400000e+01
   endloop
 endfacet
 facet normal  0.000000e+00  0.000000e+00  1.000000e+00
   outer loop
     vertex -2.637464e+00  1.983377e+00  2.400000e+01
     vertex -7.338772e+00  5.209840e+00  2.400000e+01
     vertex -2.690883e+00  1.910275e+00  2.400000e+01
   endloop
 endfacet
 facet normal  0.000000e+00  0.000000e+00  1.000000e+00
   outer loop
     vertex -2.637464e+00  1.983377e+00  2.400000e+01
     vertex -7.193083e+00  5.409211e+00  2.400000e+01
     vertex -7.338772e+00  5.209840e+00  2.400000e+01
   endloop
 endfacet
 facet normal  0.000000e+00  0.000000e+00  1.000000e+00
   outer loop
     vertex  2.037228e+00 -2.596094e+00  2.400000e+01
     vertex  1.965239e+00 -2.651006e+00  2.400000e+01
     vertex  5.359744e+00 -7.230017e+00  2.400000e+01
   endloop
 endfacet
 facet normal  0.000000e+00  0.000000e+00  1.000000e+00
   outer loop
     vertex  2.037228e+00 -2.596094e+00  2.400000e+01
     vertex  5.359744e+00 -7.230017e+00  2.400000e+01
     vertex  5.556075e+00 -7.080256e+00  2.400000e+01
   endloop
 endfacet
 facet normal  0.000000e+00  0.000000e+00  1.000000e+00
   outer loop
     vertex -2.582059e+00  2.054987e+00  2.400000e+01
     vertex -7.193083e+00  5.409211e+00  2.400000e+01
     vertex -2.637464e+00  1.983377e+00  2.400000e+01
   endloop
 endfacet
 facet normal  0.000000e+00  0.000000e+00  1.000000e+00
   outer loop
     vertex -2.582059e+00  2.054987e+00  2.400000e+01
     vertex -6.885574e+00  5.795591e+00  2.400000e+01
     vertex -7.041979e+00  5.604510e+00  2.400000e+01
   endloop
 endfacet
 facet normal  0.000000e+00  0.000000e+00  1.000000e+00
   outer loop
     vertex -2.582059e+00  2.054987e+00  2.400000e+01
     vertex -7.041979e+00  5.604510e+00  2.400000e+01
     vertex -7.193083e+00  5.409211e+00  2.400000e+01
   endloop
 endfacet
 facet normal  0.000000e+00  0.000000e+00  1.000000e+00
   outer loop
     vertex  2.107682e+00 -2.539227e+00  2.400000e+01
     vertex  2.037228e+00 -2.596094e+00  2.400000e+01
     vertex  5.556075e+00 -7.080256e+00  2.400000e+01
   endloop
 endfacet
 facet normal  0.000000e+00  0.000000e+00  1.000000e+00
   outer loop
     vertex  2.107682e+00 -2.539227e+00  2.400000e+01
     vertex  5.556075e+00 -7.080256e+00  2.400000e+01
     vertex  5.748224e+00 -6.925166e+00  2.400000e+01
   endloop
 endfacet
 facet normal  0.000000e+00  0.000000e+00  1.000000e+00
   outer loop
     vertex -2.524710e+00  2.125050e+00  2.400000e+01
     vertex -6.885574e+00  5.795591e+00  2.400000e+01
     vertex -2.582059e+00  2.054987e+00  2.400000e+01
   endloop
 endfacet
 facet normal  0.000000e+00  0.000000e+00  1.000000e+00
   outer loop
     vertex  2.176550e+00 -2.480449e+00  2.400000e+01
     vertex  2.107682e+00 -2.539227e+00  2.400000e+01
     vertex  5.748224e+00 -6.925166e+00  2.400000e+01
   endloop
 endfacet
 facet normal  0.000000e+00  0.000000e+00  1.000000e+00
   outer loop
     vertex  2.176550e+00 -2.480449e+00  2.400000e+01
     vertex  5.748224e+00 -6.925166e+00  2.400000e+01
     vertex  5.936046e+00 -6.764862e+00  2.400000e+01
   endloop
 endfacet
 facet normal  0.000000e+00  0.000000e+00  1.000000e+00
   outer loop
     vertex -2.465461e+00  2.193513e+00  2.400000e+01
     vertex -6.723986e+00  5.982309e+00  2.400000e+01
     vertex -6.885574e+00  5.795591e+00  2.400000e+01
   endloop
 endfacet
 facet normal  0.000000e+00  0.000000e+00  1.000000e+00
   outer loop
     vertex -2.465461e+00  2.193513e+00  2.400000e+01
     vertex -6.885574e+00  5.795591e+00  2.400000e+01
     vertex -2.524710e+00  2.125050e+00  2.400000e+01
   endloop
 endfacet
 facet normal  0.000000e+00  0.000000e+00  1.000000e+00
   outer loop
     vertex  2.243780e+00 -2.419804e+00  2.400000e+01
     vertex  2.176550e+00 -2.480449e+00  2.400000e+01
     vertex  5.936046e+00 -6.764862e+00  2.400000e+01
   endloop
 endfacet
 facet normal  0.000000e+00  0.000000e+00  1.000000e+00
   outer loop
     vertex  2.243780e+00 -2.419804e+00  2.400000e+01
     vertex  5.936046e+00 -6.764862e+00  2.400000e+01
     vertex  6.119399e+00 -6.599466e+00  2.400000e+01
   endloop
 endfacet
 facet normal  0.000000e+00  0.000000e+00  1.000000e+00
   outer loop
     vertex -2.404356e+00  2.260325e+00  2.400000e+01
     vertex -6.723986e+00  5.982309e+00  2.400000e+01
     vertex -2.465461e+00  2.193513e+00  2.400000e+01
   endloop
 endfacet
 facet normal  0.000000e+00  0.000000e+00  1.000000e+00
   outer loop
     vertex -2.404356e+00  2.260325e+00  2.400000e+01
     vertex -6.557336e+00  6.164523e+00  2.400000e+01
     vertex -6.723986e+00  5.982309e+00  2.400000e+01
   endloop
 endfacet
 facet normal  0.000000e+00  0.000000e+00  1.000000e+00
   outer loop
     vertex  2.309320e+00 -2.357337e+00  2.400000e+01
     vertex  2.243780e+00 -2.419804e+00  2.400000e+01
     vertex  6.119399e+00 -6.599466e+00  2.400000e+01
   endloop
 endfacet
 facet normal  0.000000e+00  0.000000e+00  1.000000e+00
   outer loop
     vertex  2.309320e+00 -2.357337e+00  2.400000e+01
     vertex  6.119399e+00 -6.599466e+00  2.400000e+01
     vertex  6.298146e+00 -6.429102e+00  2.400000e+01
   endloop
 endfacet
 facet normal  0.000000e+00  0.000000e+00  1.000000e+00
   outer loop
     vertex -6.385750e+00  6.342097e+00  2.400000e+01
     vertex -6.557336e+00  6.164523e+00  2.400000e+01
     vertex -2.404356e+00  2.260325e+00  2.400000e+01
   endloop
 endfacet
 facet normal  0.000000e+00  0.000000e+00  1.000000e+00
   outer loop
     vertex -2.341442e+00  2.325436e+00  2.400000e+01
     vertex -6.385750e+00  6.342097e+00  2.400000e+01
     vertex -2.404356e+00  2.260325e+00  2.400000e+01
   endloop
 endfacet
 facet normal  0.000000e+00  0.000000e+00  1.000000e+00
   outer loop
     vertex  6.472152e+00 -6.253899e+00  2.400000e+01
     vertex  2.373122e+00 -2.293096e+00  2.400000e+01
     vertex  2.309320e+00 -2.357337e+00  2.400000e+01
   endloop
 endfacet
 facet normal  0.000000e+00  0.000000e+00  1.000000e+00
   outer loop
     vertex  6.472152e+00 -6.253899e+00  2.400000e+01
     vertex  2.309320e+00 -2.357337e+00  2.400000e+01
     vertex  6.298146e+00 -6.429102e+00  2.400000e+01
   endloop
 endfacet
 facet normal  0.000000e+00  0.000000e+00  1.000000e+00
   outer loop
     vertex -6.209357e+00  6.514897e+00  2.400000e+01
     vertex -2.276764e+00  2.388796e+00  2.400000e+01
     vertex -2.210373e+00  2.450357e+00  2.400000e+01
   endloop
 endfacet
 facet normal  0.000000e+00  0.000000e+00  1.000000e+00
   outer loop
     vertex -6.209357e+00  6.514897e+00  2.400000e+01
     vertex -2.341442e+00  2.325436e+00  2.400000e+01
     vertex -2.276764e+00  2.388796e+00  2.400000e+01
   endloop
 endfacet
 facet normal  0.000000e+00  0.000000e+00  1.000000e+00
   outer loop
     vertex -6.209357e+00  6.514897e+00  2.400000e+01
     vertex -6.385750e+00  6.342097e+00  2.400000e+01
     vertex -2.341442e+00  2.325436e+00  2.400000e+01
   endloop
 endfacet
 facet normal  0.000000e+00  0.000000e+00  1.000000e+00
   outer loop
     vertex  6.641286e+00 -6.073988e+00  2.400000e+01
     vertex  2.373122e+00 -2.293096e+00  2.400000e+01
     vertex  6.472152e+00 -6.253899e+00  2.400000e+01
   endloop
 endfacet
 facet normal  0.000000e+00  0.000000e+00  1.000000e+00
   outer loop
     vertex  6.641286e+00 -6.073988e+00  2.400000e+01
     vertex  2.435138e+00 -2.227129e+00  2.400000e+01
     vertex  2.373122e+00 -2.293096e+00  2.400000e+01
   endloop
 endfacet
 facet normal  0.000000e+00  0.000000e+00  1.000000e+00
   outer loop
     vertex  6.641286e+00 -6.073988e+00  2.400000e+01
     vertex  2.495321e+00 -2.159485e+00  2.400000e+01
     vertex  2.435138e+00 -2.227129e+00  2.400000e+01
   endloop
 endfacet
 facet normal  0.000000e+00  0.000000e+00  1.000000e+00
   outer loop
     vertex -6.028290e+00  6.682793e+00  2.400000e+01
     vertex -6.209357e+00  6.514897e+00  2.400000e+01
     vertex -2.210373e+00  2.450357e+00  2.400000e+01
   endloop
 endfacet
 facet normal  0.000000e+00  0.000000e+00  1.000000e+00
   outer loop
     vertex  6.805420e+00 -5.889504e+00  2.400000e+01
     vertex  2.495321e+00 -2.159485e+00  2.400000e+01
     vertex  6.641286e+00 -6.073988e+00  2.400000e+01
   endloop
 endfacet
 facet normal  0.000000e+00  0.000000e+00  1.000000e+00
   outer loop
     vertex -5.842685e+00  6.845658e+00  2.400000e+01
     vertex -2.210373e+00  2.450357e+00  2.400000e+01
     vertex -2.142318e+00  2.510075e+00  2.400000e+01
   endloop
 endfacet
 facet normal  0.000000e+00  0.000000e+00  1.000000e+00
   outer loop
     vertex -5.842685e+00  6.845658e+00  2.400000e+01
     vertex -6.028290e+00  6.682793e+00  2.400000e+01
     vertex -2.210373e+00  2.450357e+00  2.400000e+01
   endloop
 endfacet
 facet normal  0.000000e+00  0.000000e+00  1.000000e+00
   outer loop
     vertex  6.964432e+00 -5.700587e+00  2.400000e+01
     vertex  2.553625e+00 -2.090215e+00  2.400000e+01
     vertex  2.495321e+00 -2.159485e+00  2.400000e+01
   endloop
 endfacet
 facet normal  0.000000e+00  0.000000e+00  1.000000e+00
   outer loop
     vertex  6.964432e+00 -5.700587e+00  2.400000e+01
     vertex  2.610007e+00 -2.019372e+00  2.400000e+01
     vertex  2.553625e+00 -2.090215e+00  2.400000e+01
   endloop
 endfacet
 facet normal  0.000000e+00  0.000000e+00  1.000000e+00
   outer loop
     vertex  6.964432e+00 -5.700587e+00  2.400000e+01
     vertex  2.495321e+00 -2.159485e+00  2.400000e+01
     vertex  6.805420e+00 -5.889504e+00  2.400000e+01
   endloop
 endfacet
 facet normal  0.000000e+00  0.000000e+00  1.000000e+00
   outer loop
     vertex -5.652682e+00  7.003370e+00  2.400000e+01
     vertex -2.142318e+00  2.510075e+00  2.400000e+01
     vertex -2.072650e+00  2.567902e+00  2.400000e+01
   endloop
 endfacet
 facet normal  0.000000e+00  0.000000e+00  1.000000e+00
   outer loop
     vertex -5.652682e+00  7.003370e+00  2.400000e+01
     vertex -5.842685e+00  6.845658e+00  2.400000e+01
     vertex -2.142318e+00  2.510075e+00  2.400000e+01
   endloop
 endfacet
 facet normal  0.000000e+00  0.000000e+00  1.000000e+00
   outer loop
     vertex  7.118200e+00 -5.507379e+00  2.400000e+01
     vertex  2.664424e+00 -1.947009e+00  2.400000e+01
     vertex  2.610007e+00 -2.019372e+00  2.400000e+01
   endloop
 endfacet
 facet normal  0.000000e+00  0.000000e+00  1.000000e+00
   outer loop
     vertex  7.118200e+00 -5.507379e+00  2.400000e+01
     vertex  2.610007e+00 -2.019372e+00  2.400000e+01
     vertex  6.964432e+00 -5.700587e+00  2.400000e+01
   endloop
 endfacet
 facet normal  0.000000e+00  0.000000e+00  1.000000e+00
   outer loop
     vertex -5.458423e+00  7.155810e+00  2.400000e+01
     vertex -2.072650e+00  2.567902e+00  2.400000e+01
     vertex -2.001422e+00  2.623797e+00  2.400000e+01
   endloop
 endfacet
 facet normal  0.000000e+00  0.000000e+00  1.000000e+00
   outer loop
     vertex -5.458423e+00  7.155810e+00  2.400000e+01
     vertex -5.652682e+00  7.003370e+00  2.400000e+01
     vertex -2.072650e+00  2.567902e+00  2.400000e+01
   endloop
 endfacet
 facet normal  0.000000e+00  0.000000e+00  1.000000e+00
   outer loop
     vertex  7.266611e+00 -5.310025e+00  2.400000e+01
     vertex  2.664424e+00 -1.947009e+00  2.400000e+01
     vertex  7.118200e+00 -5.507379e+00  2.400000e+01
   endloop
 endfacet
 facet normal  0.000000e+00  0.000000e+00  1.000000e+00
   outer loop
     vertex -5.260056e+00  7.302863e+00  2.400000e+01
     vertex -2.001422e+00  2.623797e+00  2.400000e+01
     vertex -1.928687e+00  2.677716e+00  2.400000e+01
   endloop
 endfacet
 facet normal  0.000000e+00  0.000000e+00  1.000000e+00
   outer loop
     vertex -5.260056e+00  7.302863e+00  2.400000e+01
     vertex -5.458423e+00  7.155810e+00  2.400000e+01
     vertex -2.001422e+00  2.623797e+00  2.400000e+01
   endloop
 endfacet
 facet normal  0.000000e+00  0.000000e+00  1.000000e+00
   outer loop
     vertex  7.409551e+00 -5.108674e+00  2.400000e+01
     vertex  2.716836e+00 -1.873180e+00  2.400000e+01
     vertex  2.664424e+00 -1.947009e+00  2.400000e+01
   endloop
 endfacet
 facet normal  0.000000e+00  0.000000e+00  1.000000e+00
   outer loop
     vertex  7.409551e+00 -5.108674e+00  2.400000e+01
     vertex  2.664424e+00 -1.947009e+00  2.400000e+01
     vertex  7.266611e+00 -5.310025e+00  2.400000e+01
   endloop
 endfacet
 facet normal  0.000000e+00  0.000000e+00  1.000000e+00
   outer loop
     vertex -5.057729e+00  7.444419e+00  2.400000e+01
     vertex -1.928687e+00  2.677716e+00  2.400000e+01
     vertex -1.854501e+00  2.729620e+00  2.400000e+01
   endloop
 endfacet
 facet normal  0.000000e+00  0.000000e+00  1.000000e+00
   outer loop
     vertex -5.057729e+00  7.444419e+00  2.400000e+01
     vertex -5.260056e+00  7.302863e+00  2.400000e+01
     vertex -1.928687e+00  2.677716e+00  2.400000e+01
   endloop
 endfacet
 facet normal  0.000000e+00  0.000000e+00  1.000000e+00
   outer loop
     vertex  7.546914e+00 -4.903477e+00  2.400000e+01
     vertex  2.716836e+00 -1.873180e+00  2.400000e+01
     vertex  7.409551e+00 -5.108674e+00  2.400000e+01
   endloop
 endfacet
 facet normal  0.000000e+00  0.000000e+00  1.000000e+00
   outer loop
     vertex  7.546914e+00 -4.903477e+00  2.400000e+01
     vertex  2.767202e+00 -1.797942e+00  2.400000e+01
     vertex  2.716836e+00 -1.873180e+00  2.400000e+01
   endloop
 endfacet
 facet normal  0.000000e+00  0.000000e+00  1.000000e+00
   outer loop
     vertex -4.851595e+00  7.580371e+00  2.400000e+01
     vertex -1.778918e+00  2.779469e+00  2.400000e+01
     vertex -1.701997e+00  2.827226e+00  2.400000e+01
   endloop
 endfacet
 facet normal  0.000000e+00  0.000000e+00  1.000000e+00
   outer loop
     vertex -4.851595e+00  7.580371e+00  2.400000e+01
     vertex -1.854501e+00  2.729620e+00  2.400000e+01
     vertex -1.778918e+00  2.779469e+00  2.400000e+01
   endloop
 endfacet
 facet normal  0.000000e+00  0.000000e+00  1.000000e+00
   outer loop
     vertex -4.851595e+00  7.580371e+00  2.400000e+01
     vertex -5.057729e+00  7.444419e+00  2.400000e+01
     vertex -1.854501e+00  2.729620e+00  2.400000e+01
   endloop
 endfacet
 facet normal  0.000000e+00  0.000000e+00  1.000000e+00
   outer loop
     vertex  7.678596e+00 -4.694589e+00  2.400000e+01
     vertex  2.767202e+00 -1.797942e+00  2.400000e+01
     vertex  7.546914e+00 -4.903477e+00  2.400000e+01
   endloop
 endfacet
 facet normal  0.000000e+00  0.000000e+00  1.000000e+00
   outer loop
     vertex  7.678596e+00 -4.694589e+00  2.400000e+01
     vertex  2.815485e+00 -1.721349e+00  2.400000e+01
     vertex  2.767202e+00 -1.797942e+00  2.400000e+01
   endloop
 endfacet
 facet normal  0.000000e+00  0.000000e+00  1.000000e+00
   outer loop
     vertex -4.641809e+00  7.710617e+00  2.400000e+01
     vertex -4.851595e+00  7.580371e+00  2.400000e+01
     vertex -1.701997e+00  2.827226e+00  2.400000e+01
   endloop
 endfacet
 facet normal  0.000000e+00  0.000000e+00  1.000000e+00
   outer loop
     vertex  7.804497e+00 -4.482167e+00  2.400000e+01
     vertex  2.861649e+00 -1.643461e+00  2.400000e+01
     vertex  2.815485e+00 -1.721349e+00  2.400000e+01
   endloop
 endfacet
 facet normal  0.000000e+00  0.000000e+00  1.000000e+00
   outer loop
     vertex  7.804497e+00 -4.482167e+00  2.400000e+01
     vertex  2.815485e+00 -1.721349e+00  2.400000e+01
     vertex  7.678596e+00 -4.694589e+00  2.400000e+01
   endloop
 endfacet
 facet normal  0.000000e+00  0.000000e+00  1.000000e+00
   outer loop
     vertex -4.428528e+00  7.835058e+00  2.400000e+01
     vertex -1.701997e+00  2.827226e+00  2.400000e+01
     vertex -1.623794e+00  2.872855e+00  2.400000e+01
   endloop
 endfacet
 facet normal  0.000000e+00  0.000000e+00  1.000000e+00
   outer loop
     vertex -4.428528e+00  7.835058e+00  2.400000e+01
     vertex -4.641809e+00  7.710617e+00  2.400000e+01
     vertex -1.701997e+00  2.827226e+00  2.400000e+01
   endloop
 endfacet
 facet normal  0.000000e+00  0.000000e+00  1.000000e+00
   outer loop
     vertex  7.924524e+00 -4.266371e+00  2.400000e+01
     vertex  2.905659e+00 -1.564336e+00  2.400000e+01
     vertex  2.861649e+00 -1.643461e+00  2.400000e+01
   endloop
 endfacet
 facet normal  0.000000e+00  0.000000e+00  1.000000e+00
   outer loop
     vertex  7.924524e+00 -4.266371e+00  2.400000e+01
     vertex  2.861649e+00 -1.643461e+00  2.400000e+01
     vertex  7.804497e+00 -4.482167e+00  2.400000e+01
   endloop
 endfacet
 facet normal  0.000000e+00  0.000000e+00  1.000000e+00
   outer loop
     vertex -4.211914e+00  7.953602e+00  2.400000e+01
     vertex -1.544368e+00  2.916321e+00  2.400000e+01
     vertex -1.463781e+00  2.957591e+00  2.400000e+01
   endloop
 endfacet
 facet normal  0.000000e+00  0.000000e+00  1.000000e+00
   outer loop
     vertex -4.211914e+00  7.953602e+00  2.400000e+01
     vertex -1.623794e+00  2.872855e+00  2.400000e+01
     vertex -1.544368e+00  2.916321e+00  2.400000e+01
   endloop
 endfacet
 facet normal  0.000000e+00  0.000000e+00  1.000000e+00
   outer loop
     vertex -4.211914e+00  7.953602e+00  2.400000e+01
     vertex -4.428528e+00  7.835058e+00  2.400000e+01
     vertex -1.623794e+00  2.872855e+00  2.400000e+01
   endloop
 endfacet
 facet normal  0.000000e+00  0.000000e+00  1.000000e+00
   outer loop
     vertex  8.038585e+00 -4.047364e+00  2.400000e+01
     vertex  2.947481e+00 -1.484033e+00  2.400000e+01
     vertex  2.905659e+00 -1.564336e+00  2.400000e+01
   endloop
 endfacet
 facet normal  0.000000e+00  0.000000e+00  1.000000e+00
   outer loop
     vertex  8.038585e+00 -4.047364e+00  2.400000e+01
     vertex  2.905659e+00 -1.564336e+00  2.400000e+01
     vertex  7.924524e+00 -4.266371e+00  2.400000e+01
   endloop
 endfacet
 facet normal  0.000000e+00  0.000000e+00  1.000000e+00
   outer loop
     vertex -3.992129e+00  8.066158e+00  2.400000e+01
     vertex -4.211914e+00  7.953602e+00  2.400000e+01
     vertex -1.463781e+00  2.957591e+00  2.400000e+01
   endloop
 endfacet
 facet normal  0.000000e+00  0.000000e+00  1.000000e+00
   outer loop
     vertex  8.146595e+00 -3.825309e+00  2.400000e+01
     vertex  2.987085e+00 -1.402613e+00  2.400000e+01
     vertex  2.947481e+00 -1.484033e+00  2.400000e+01
   endloop
 endfacet
 facet normal  0.000000e+00  0.000000e+00  1.000000e+00
   outer loop
     vertex  8.146595e+00 -3.825309e+00  2.400000e+01
     vertex  2.947481e+00 -1.484033e+00  2.400000e+01
     vertex  8.038585e+00 -4.047364e+00  2.400000e+01
   endloop
 endfacet
 facet normal  0.000000e+00  0.000000e+00  1.000000e+00
   outer loop
     vertex -3.769339e+00  8.172642e+00  2.400000e+01
     vertex -1.463781e+00  2.957591e+00  2.400000e+01
     vertex -1.382091e+00  2.996636e+00  2.400000e+01
   endloop
 endfacet
 facet normal  0.000000e+00  0.000000e+00  1.000000e+00
   outer loop
     vertex -3.769339e+00  8.172642e+00  2.400000e+01
     vertex -3.992129e+00  8.066158e+00  2.400000e+01
     vertex -1.463781e+00  2.957591e+00  2.400000e+01
   endloop
 endfacet
 facet normal  0.000000e+00  0.000000e+00  1.000000e+00
   outer loop
     vertex  8.248472e+00 -3.600375e+00  2.400000e+01
     vertex  3.024440e+00 -1.320138e+00  2.400000e+01
     vertex  2.987085e+00 -1.402613e+00  2.400000e+01
   endloop
 endfacet
 facet normal  0.000000e+00  0.000000e+00  1.000000e+00
   outer loop
     vertex  8.248472e+00 -3.600375e+00  2.400000e+01
     vertex  3.059518e+00 -1.236668e+00  2.400000e+01
     vertex  3.024440e+00 -1.320138e+00  2.400000e+01
   endloop
 endfacet
 facet normal  0.000000e+00  0.000000e+00  1.000000e+00
   outer loop
     vertex  8.248472e+00 -3.600375e+00  2.400000e+01
     vertex  2.987085e+00 -1.402613e+00  2.400000e+01
     vertex  8.146595e+00 -3.825309e+00  2.400000e+01
   endloop
 endfacet
 facet normal  0.000000e+00  0.000000e+00  1.000000e+00
   outer loop
     vertex -3.543712e+00  8.272974e+00  2.400000e+01
     vertex -3.769339e+00  8.172642e+00  2.400000e+01
     vertex -1.382091e+00  2.996636e+00  2.400000e+01
   endloop
 endfacet
 facet normal  0.000000e+00  0.000000e+00  1.000000e+00
   outer loop
     vertex -3.543712e+00  8.272974e+00  2.400000e+01
     vertex -1.382091e+00  2.996636e+00  2.400000e+01
     vertex -1.299361e+00  3.033424e+00  2.400000e+01
   endloop
 endfacet
 facet normal  0.000000e+00  0.000000e+00  1.000000e+00
   outer loop
     vertex  8.344141e+00 -3.372731e+00  2.400000e+01
     vertex  3.059518e+00 -1.236668e+00  2.400000e+01
     vertex  8.248472e+00 -3.600375e+00  2.400000e+01
   endloop
 endfacet
 facet normal  0.000000e+00  0.000000e+00  1.000000e+00
   outer loop
     vertex -3.315417e+00  8.367079e+00  2.400000e+01
     vertex -3.543712e+00  8.272974e+00  2.400000e+01
     vertex -1.299361e+00  3.033424e+00  2.400000e+01
   endloop
 endfacet
 facet normal  0.000000e+00  0.000000e+00  1.000000e+00
   outer loop
     vertex -3.315417e+00  8.367079e+00  2.400000e+01
     vertex -1.299361e+00  3.033424e+00  2.400000e+01
     vertex -1.215653e+00  3.067929e+00  2.400000e+01
   endloop
 endfacet
 facet normal  0.000000e+00  0.000000e+00  1.000000e+00
   outer loop
     vertex  8.433528e+00 -3.142548e+00  2.400000e+01
     vertex  3.059518e+00 -1.236668e+00  2.400000e+01
     vertex  8.344141e+00 -3.372731e+00  2.400000e+01
   endloop
 endfacet
 facet normal  0.000000e+00  0.000000e+00  1.000000e+00
   outer loop
     vertex  8.433528e+00 -3.142548e+00  2.400000e+01
     vertex  3.092294e+00 -1.152268e+00  2.400000e+01
     vertex  3.059518e+00 -1.236668e+00  2.400000e+01
   endloop
 endfacet
 facet normal  0.000000e+00  0.000000e+00  1.000000e+00
   outer loop
     vertex -3.084626e+00  8.454885e+00  2.400000e+01
     vertex -1.215653e+00  3.067929e+00  2.400000e+01
     vertex -1.131030e+00  3.100125e+00  2.400000e+01
   endloop
 endfacet
 facet normal  0.000000e+00  0.000000e+00  1.000000e+00
   outer loop
     vertex -3.084626e+00  8.454885e+00  2.400000e+01
     vertex -3.315417e+00  8.367079e+00  2.400000e+01
     vertex -1.215653e+00  3.067929e+00  2.400000e+01
   endloop
 endfacet
 facet normal  0.000000e+00  0.000000e+00  1.000000e+00
   outer loop
     vertex  8.516566e+00 -2.910000e+00  2.400000e+01
     vertex  3.122741e+00 -1.067000e+00  2.400000e+01
     vertex  3.092294e+00 -1.152268e+00  2.400000e+01
   endloop
 endfacet
 facet normal  0.000000e+00  0.000000e+00  1.000000e+00
   outer loop
     vertex  8.516566e+00 -2.910000e+00  2.400000e+01
     vertex  3.150838e+00 -9.809289e-01  2.400000e+01
     vertex  3.122741e+00 -1.067000e+00  2.400000e+01
   endloop
 endfacet
 facet normal  0.000000e+00  0.000000e+00  1.000000e+00
   outer loop
     vertex  8.516566e+00 -2.910000e+00  2.400000e+01
     vertex  3.092294e+00 -1.152268e+00  2.400000e+01
     vertex  8.433528e+00 -3.142548e+00  2.400000e+01
   endloop
 endfacet
 facet normal  0.000000e+00  0.000000e+00  1.000000e+00
   outer loop
     vertex -2.851513e+00  8.536327e+00  2.400000e+01
     vertex -3.084626e+00  8.454885e+00  2.400000e+01
     vertex -1.131030e+00  3.100125e+00  2.400000e+01
   endloop
 endfacet
 facet normal  0.000000e+00  0.000000e+00  1.000000e+00
   outer loop
     vertex -2.851513e+00  8.536327e+00  2.400000e+01
     vertex -1.131030e+00  3.100125e+00  2.400000e+01
     vertex -1.045555e+00  3.129986e+00  2.400000e+01
   endloop
 endfacet
 facet normal  0.000000e+00  0.000000e+00  1.000000e+00
   outer loop
     vertex  8.593194e+00 -2.675261e+00  2.400000e+01
     vertex  3.150838e+00 -9.809289e-01  2.400000e+01
     vertex  8.516566e+00 -2.910000e+00  2.400000e+01
   endloop
 endfacet
 facet normal  0.000000e+00  0.000000e+00  1.000000e+00
   outer loop
     vertex -2.616254e+00  8.611342e+00  2.400000e+01
     vertex -2.851513e+00  8.536327e+00  2.400000e+01
     vertex -1.045555e+00  3.129986e+00  2.400000e+01
   endloop
 endfacet
 facet normal  0.000000e+00  0.000000e+00  1.000000e+00
   outer loop
     vertex -2.616254e+00  8.611342e+00  2.400000e+01
     vertex -1.045555e+00  3.129986e+00  2.400000e+01
     vertex -9.592932e-01  3.157492e+00  2.400000e+01
   endloop
 endfacet
 facet normal  0.000000e+00  0.000000e+00  1.000000e+00
   outer loop
     vertex  8.663353e+00 -2.438507e+00  2.400000e+01
     vertex  3.176563e+00 -8.941194e-01  2.400000e+01
     vertex  3.150838e+00 -9.809289e-01  2.400000e+01
   endloop
 endfacet
 facet normal  0.000000e+00  0.000000e+00  1.000000e+00
   outer loop
     vertex  8.663353e+00 -2.438507e+00  2.400000e+01
     vertex  3.199896e+00 -8.066369e-01  2.400000e+01
     vertex  3.176563e+00 -8.941194e-01  2.400000e+01
   endloop
 endfacet
 facet normal  0.000000e+00  0.000000e+00  1.000000e+00
   outer loop
     vertex  8.663353e+00 -2.438507e+00  2.400000e+01
     vertex  3.150838e+00 -9.809289e-01  2.400000e+01
     vertex  8.593194e+00 -2.675261e+00  2.400000e+01
   endloop
 endfacet
 facet normal  0.000000e+00  0.000000e+00  1.000000e+00
   outer loop
     vertex -2.379025e+00  8.679875e+00  2.400000e+01
     vertex -2.616254e+00  8.611342e+00  2.400000e+01
     vertex -9.592932e-01  3.157492e+00  2.400000e+01
   endloop
 endfacet
 facet normal  0.000000e+00  0.000000e+00  1.000000e+00
   outer loop
     vertex -2.379025e+00  8.679875e+00  2.400000e+01
     vertex -9.592932e-01  3.157492e+00  2.400000e+01
     vertex -8.723093e-01  3.182621e+00  2.400000e+01
   endloop
 endfacet
 facet normal  0.000000e+00  0.000000e+00  1.000000e+00
   outer loop
     vertex  8.726990e+00 -2.199919e+00  2.400000e+01
     vertex  3.199896e+00 -8.066369e-01  2.400000e+01
     vertex  8.663353e+00 -2.438507e+00  2.400000e+01
   endloop
 endfacet
 facet normal  0.000000e+00  0.000000e+00  1.000000e+00
   outer loop
     vertex -2.140006e+00  8.741875e+00  2.400000e+01
     vertex -2.379025e+00  8.679875e+00  2.400000e+01
     vertex -8.723093e-01  3.182621e+00  2.400000e+01
   endloop
 endfacet
 facet normal  0.000000e+00  0.000000e+00  1.000000e+00
   outer loop
     vertex -2.140006e+00  8.741875e+00  2.400000e+01
     vertex -8.723093e-01  3.182621e+00  2.400000e+01
     vertex -7.846688e-01  3.205354e+00  2.400000e+01
   endloop
 endfacet
 facet normal  0.000000e+00  0.000000e+00  1.000000e+00
   outer loop
     vertex  8.784058e+00 -1.959674e+00  2.400000e+01
     vertex  3.199896e+00 -8.066369e-01  2.400000e+01
     vertex  8.726990e+00 -2.199919e+00  2.400000e+01
   endloop
 endfacet
 facet normal  0.000000e+00  0.000000e+00  1.000000e+00
   outer loop
     vertex  8.784058e+00 -1.959674e+00  2.400000e+01
     vertex  3.220821e+00 -7.185472e-01  2.400000e+01
     vertex  3.199896e+00 -8.066369e-01  2.400000e+01
   endloop
 endfacet
 facet normal  0.000000e+00  0.000000e+00  1.000000e+00
   outer loop
     vertex -1.899375e+00  8.797294e+00  2.400000e+01
     vertex -2.140006e+00  8.741875e+00  2.400000e+01
     vertex -7.846688e-01  3.205354e+00  2.400000e+01
   endloop
 endfacet
 facet normal  0.000000e+00  0.000000e+00  1.000000e+00
   outer loop
     vertex -1.899375e+00  8.797294e+00  2.400000e+01
     vertex -6.964376e-01  3.225674e+00  2.400000e+01
     vertex -6.076822e-01  3.243566e+00  2.400000e+01
   endloop
 endfacet
 facet normal  0.000000e+00  0.000000e+00  1.000000e+00
   outer loop
     vertex -1.899375e+00  8.797294e+00  2.400000e+01
     vertex -7.846688e-01  3.205354e+00  2.400000e+01
     vertex -6.964376e-01  3.225674e+00  2.400000e+01
   endloop
 endfacet
 facet normal  0.000000e+00  0.000000e+00  1.000000e+00
   outer loop
     vertex  8.834514e+00 -1.717954e+00  2.400000e+01
     vertex  3.220821e+00 -7.185472e-01  2.400000e+01
     vertex  8.784058e+00 -1.959674e+00  2.400000e+01
   endloop
 endfacet
 facet normal  0.000000e+00  0.000000e+00  1.000000e+00
   outer loop
     vertex  8.834514e+00 -1.717954e+00  2.400000e+01
     vertex  3.239322e+00 -6.299166e-01  2.400000e+01
     vertex  3.220821e+00 -7.185472e-01  2.400000e+01
   endloop
 endfacet
 facet normal  0.000000e+00  0.000000e+00  1.000000e+00
   outer loop
     vertex  8.834514e+00 -1.717954e+00  2.400000e+01
     vertex  3.255384e+00 -5.408118e-01  2.400000e+01
     vertex  3.239322e+00 -6.299166e-01  2.400000e+01
   endloop
 endfacet
 facet normal  0.000000e+00  0.000000e+00  1.000000e+00
   outer loop
     vertex -1.657315e+00  8.846090e+00  2.400000e+01
     vertex -1.899375e+00  8.797294e+00  2.400000e+01
     vertex -6.076822e-01  3.243566e+00  2.400000e+01
   endloop
 endfacet
 facet normal  0.000000e+00  0.000000e+00  1.000000e+00
   outer loop
     vertex  8.878319e+00 -1.474941e+00  2.400000e+01
     vertex  3.255384e+00 -5.408118e-01  2.400000e+01
     vertex  8.834514e+00 -1.717954e+00  2.400000e+01
   endloop
 endfacet
 facet normal  0.000000e+00  0.000000e+00  1.000000e+00
   outer loop
     vertex -1.414007e+00  8.888227e+00  2.400000e+01
     vertex -1.657315e+00  8.846090e+00  2.400000e+01
     vertex -6.076822e-01  3.243566e+00  2.400000e+01
   endloop
 endfacet
 facet normal  0.000000e+00  0.000000e+00  1.000000e+00
   outer loop
     vertex -1.414007e+00  8.888227e+00  2.400000e+01
     vertex -6.076822e-01  3.243566e+00  2.400000e+01
     vertex -5.184693e-01  3.259017e+00  2.400000e+01
   endloop
 endfacet
 facet normal  0.000000e+00  0.000000e+00  1.000000e+00
   outer loop
     vertex  8.915441e+00 -1.230818e+00  2.400000e+01
     vertex  3.255384e+00 -5.408118e-01  2.400000e+01
     vertex  8.878319e+00 -1.474941e+00  2.400000e+01
   endloop
 endfacet
 facet normal  0.000000e+00  0.000000e+00  1.000000e+00
   outer loop
     vertex  8.915441e+00 -1.230818e+00  2.400000e+01
     vertex  3.268995e+00 -4.512999e-01  2.400000e+01
     vertex  3.255384e+00 -5.408118e-01  2.400000e+01
   endloop
 endfacet
 facet normal  0.000000e+00  0.000000e+00  1.000000e+00
   outer loop
     vertex  8.915441e+00 -1.230818e+00  2.400000e+01
     vertex  3.280146e+00 -3.614482e-01  2.400000e+01
     vertex  3.268995e+00 -4.512999e-01  2.400000e+01
   endloop
 endfacet
 facet normal  0.000000e+00  0.000000e+00  1.000000e+00
   outer loop
     vertex -1.169635e+00  8.923674e+00  2.400000e+01
     vertex -1.414007e+00  8.888227e+00  2.400000e+01
     vertex -5.184693e-01  3.259017e+00  2.400000e+01
   endloop
 endfacet
 facet normal  0.000000e+00  0.000000e+00  1.000000e+00
   outer loop
     vertex -1.169635e+00  8.923674e+00  2.400000e+01
     vertex -5.184693e-01  3.259017e+00  2.400000e+01
     vertex -4.288662e-01  3.272014e+00  2.400000e+01
   endloop
 endfacet
 facet normal  0.000000e+00  0.000000e+00  1.000000e+00
   outer loop
     vertex  8.945852e+00 -9.857679e-01  2.400000e+01
     vertex  3.280146e+00 -3.614482e-01  2.400000e+01
     vertex  8.915441e+00 -1.230818e+00  2.400000e+01
   endloop
 endfacet
 facet normal  0.000000e+00  0.000000e+00  1.000000e+00
   outer loop
     vertex -9.243823e-01  8.952403e+00  2.400000e+01
     vertex -1.169635e+00  8.923674e+00  2.400000e+01
     vertex -4.288662e-01  3.272014e+00  2.400000e+01
   endloop
 endfacet
 facet normal  0.000000e+00  0.000000e+00  1.000000e+00
   outer loop
     vertex -9.243823e-01  8.952403e+00  2.400000e+01
     vertex -4.288662e-01  3.272014e+00  2.400000e+01
     vertex -3.389402e-01  3.282548e+00  2.400000e+01
   endloop
 endfacet
 facet normal  0.000000e+00  0.000000e+00  1.000000e+00
   outer loop
     vertex  8.969528e+00 -7.399760e-01  2.400000e+01
     vertex  3.288827e+00 -2.713245e-01  2.400000e+01
     vertex  3.280146e+00 -3.614482e-01  2.400000e+01
   endloop
 endfacet
 facet normal  0.000000e+00  0.000000e+00  1.000000e+00
   outer loop
     vertex  8.969528e+00 -7.399760e-01  2.400000e+01
     vertex  3.280146e+00 -3.614482e-01  2.400000e+01
     vertex  8.945852e+00 -9.857679e-01  2.400000e+01
   endloop
 endfacet
 facet normal  0.000000e+00  0.000000e+00  1.000000e+00
   outer loop
     vertex -6.784337e-01  8.974393e+00  2.400000e+01
     vertex -9.243823e-01  8.952403e+00  2.400000e+01
     vertex -3.389402e-01  3.282548e+00  2.400000e+01
   endloop
 endfacet
 facet normal  0.000000e+00  0.000000e+00  1.000000e+00
   outer loop
     vertex -6.784337e-01  8.974393e+00  2.400000e+01
     vertex -3.389402e-01  3.282548e+00  2.400000e+01
     vertex -2.487590e-01  3.290611e+00  2.400000e+01
   endloop
 endfacet
 facet normal  0.000000e+00  0.000000e+00  1.000000e+00
   outer loop
     vertex  8.986453e+00 -4.936270e-01  2.400000e+01
     vertex  3.288827e+00 -2.713245e-01  2.400000e+01
     vertex  8.969528e+00 -7.399760e-01  2.400000e+01
   endloop
 endfacet
 facet normal  0.000000e+00  0.000000e+00  1.000000e+00
   outer loop
     vertex  8.986453e+00 -4.936270e-01  2.400000e+01
     vertex  3.295033e+00 -1.809966e-01  2.400000e+01
     vertex  3.288827e+00 -2.713245e-01  2.400000e+01
   endloop
 endfacet
 facet normal  0.000000e+00  0.000000e+00  1.000000e+00
   outer loop
     vertex -4.319744e-01  8.989627e+00  2.400000e+01
     vertex -6.784337e-01  8.974393e+00  2.400000e+01
     vertex -2.487590e-01  3.290611e+00  2.400000e+01
   endloop
 endfacet
 facet normal  0.000000e+00  0.000000e+00  1.000000e+00
   outer loop
     vertex -4.319744e-01  8.989627e+00  2.400000e+01
     vertex -2.487590e-01  3.290611e+00  2.400000e+01
     vertex -1.583906e-01  3.296197e+00  2.400000e+01
   endloop
 endfacet
 facet normal  0.000000e+00  0.000000e+00  1.000000e+00
   outer loop
     vertex  8.996613e+00 -2.469064e-01  2.400000e+01
     vertex  3.295033e+00 -1.809966e-01  2.400000e+01
     vertex  8.986453e+00 -4.936270e-01  2.400000e+01
   endloop
 endfacet
 facet normal  0.000000e+00  0.000000e+00  1.000000e+00
   outer loop
     vertex  8.996613e+00 -2.469064e-01  2.400000e+01
     vertex  3.298758e+00 -9.053236e-02  2.400000e+01
     vertex  3.295033e+00 -1.809966e-01  2.400000e+01
   endloop
 endfacet
 facet normal  0.000000e+00  0.000000e+00  1.000000e+00
   outer loop
     vertex -1.851900e-01  8.998095e+00  2.400000e+01
     vertex -4.319744e-01  8.989627e+00  2.400000e+01
     vertex -1.583906e-01  3.296197e+00  2.400000e+01
   endloop
 endfacet
 facet normal  0.000000e+00  0.000000e+00  1.000000e+00
   outer loop
     vertex -1.851900e-01  8.998095e+00  2.400000e+01
     vertex -1.583906e-01  3.296197e+00  2.400000e+01
     vertex -6.790300e-02  3.299301e+00  2.400000e+01
   endloop
 endfacet
 facet normal  0.000000e+00  0.000000e+00  1.000000e+00
   outer loop
     vertex  9.000000e+00 -2.204364e-15  2.400000e+01
     vertex  3.298758e+00 -9.053236e-02  2.400000e+01
     vertex  8.996613e+00 -2.469064e-01  2.400000e+01
   endloop
 endfacet
 facet normal  0.000000e+00  0.000000e+00  1.000000e+00
   outer loop
     vertex  9.000000e+00 -2.204364e-15  2.400000e+01
     vertex  3.300000e+00 -8.082669e-16  2.400000e+01
     vertex  3.298758e+00 -9.053236e-02  2.400000e+01
   endloop
 endfacet
 facet normal  0.000000e+00  0.000000e+00  1.000000e+00
   outer loop
     vertex  6.173387e-02  8.999788e+00  2.400000e+01
     vertex -1.851900e-01  8.998095e+00  2.400000e+01
     vertex -6.790300e-02  3.299301e+00  2.400000e+01
   endloop
 endfacet
 facet normal  0.000000e+00  0.000000e+00  1.000000e+00
   outer loop
     vertex  6.173387e-02  8.999788e+00  2.400000e+01
     vertex  2.263575e-02  3.299922e+00  2.400000e+01
     vertex  1.131575e-01  3.298059e+00  2.400000e+01
   endloop
 endfacet
 facet normal  0.000000e+00  0.000000e+00  1.000000e+00
   outer loop
     vertex  6.173387e-02  8.999788e+00  2.400000e+01
     vertex -6.790300e-02  3.299301e+00  2.400000e+01
     vertex  2.263575e-02  3.299922e+00  2.400000e+01
   endloop
 endfacet
 facet normal  0.000000e+00  0.000000e+00  1.000000e+00
   outer loop
     vertex  8.996613e+00  2.469064e-01  2.400000e+01
     vertex  3.298758e+00  9.053236e-02  2.400000e+01
     vertex  3.300000e+00 -8.082669e-16  2.400000e+01
   endloop
 endfacet
 facet normal  0.000000e+00  0.000000e+00  1.000000e+00
   outer loop
     vertex  8.996613e+00  2.469064e-01  2.400000e+01
     vertex  3.295033e+00  1.809966e-01  2.400000e+01
     vertex  3.298758e+00  9.053236e-02  2.400000e+01
   endloop
 endfacet
 facet normal  0.000000e+00  0.000000e+00  1.000000e+00
   outer loop
     vertex  8.996613e+00  2.469064e-01  2.400000e+01
     vertex  3.300000e+00 -8.082669e-16  2.400000e+01
     vertex  9.000000e+00 -2.204364e-15  2.400000e+01
   endloop
 endfacet
 facet normal  0.000000e+00  0.000000e+00  1.000000e+00
   outer loop
     vertex  3.086113e-01  8.994707e+00  2.400000e+01
     vertex  6.173387e-02  8.999788e+00  2.400000e+01
     vertex  1.131575e-01  3.298059e+00  2.400000e+01
   endloop
 endfacet
 facet normal  0.000000e+00  0.000000e+00  1.000000e+00
   outer loop
     vertex  3.086113e-01  8.994707e+00  2.400000e+01
     vertex  1.131575e-01  3.298059e+00  2.400000e+01
     vertex  2.035940e-01  3.293714e+00  2.400000e+01
   endloop
 endfacet
 facet normal  0.000000e+00  0.000000e+00  1.000000e+00
   outer loop
     vertex  8.986453e+00  4.936270e-01  2.400000e+01
     vertex  3.295033e+00  1.809966e-01  2.400000e+01
     vertex  8.996613e+00  2.469064e-01  2.400000e+01
   endloop
 endfacet
 facet normal  0.000000e+00  0.000000e+00  1.000000e+00
   outer loop
     vertex  5.552563e-01  8.982855e+00  2.400000e+01
     vertex  3.086113e-01  8.994707e+00  2.400000e+01
     vertex  2.035940e-01  3.293714e+00  2.400000e+01
   endloop
 endfacet
 facet normal  0.000000e+00  0.000000e+00  1.000000e+00
   outer loop
     vertex  8.969528e+00  7.399760e-01  2.400000e+01
     vertex  3.288827e+00  2.713245e-01  2.400000e+01
     vertex  3.295033e+00  1.809966e-01  2.400000e+01
   endloop
 endfacet
 facet normal  0.000000e+00  0.000000e+00  1.000000e+00
   outer loop
     vertex  8.969528e+00  7.399760e-01  2.400000e+01
     vertex  3.295033e+00  1.809966e-01  2.400000e+01
     vertex  8.986453e+00  4.936270e-01  2.400000e+01
   endloop
 endfacet
 facet normal  0.000000e+00  0.000000e+00  1.000000e+00
   outer loop
     vertex  8.014834e-01  8.964241e+00  2.400000e+01
     vertex  2.035940e-01  3.293714e+00  2.400000e+01
     vertex  2.938773e-01  3.286889e+00  2.400000e+01
   endloop
 endfacet
 facet normal  0.000000e+00  0.000000e+00  1.000000e+00
   outer loop
     vertex  8.014834e-01  8.964241e+00  2.400000e+01
     vertex  5.552563e-01  8.982855e+00  2.400000e+01
     vertex  2.035940e-01  3.293714e+00  2.400000e+01
   endloop
 endfacet
 facet normal  0.000000e+00  0.000000e+00  1.000000e+00
   outer loop
     vertex  8.945852e+00  9.857679e-01  2.400000e+01
     vertex  3.280146e+00  3.614482e-01  2.400000e+01
     vertex  3.288827e+00  2.713245e-01  2.400000e+01
   endloop
 endfacet
 facet normal  0.000000e+00  0.000000e+00  1.000000e+00
   outer loop
     vertex  8.945852e+00  9.857679e-01  2.400000e+01
     vertex  3.268995e+00  4.512999e-01  2.400000e+01
     vertex  3.280146e+00  3.614482e-01  2.400000e+01
   endloop
 endfacet
 facet normal  0.000000e+00  0.000000e+00  1.000000e+00
   outer loop
     vertex  8.945852e+00  9.857679e-01  2.400000e+01
     vertex  3.288827e+00  2.713245e-01  2.400000e+01
     vertex  8.969528e+00  7.399760e-01  2.400000e+01
   endloop
 endfacet
 facet normal  0.000000e+00  0.000000e+00  1.000000e+00
   outer loop
     vertex  1.047107e+00  8.938879e+00  2.400000e+01
     vertex  8.014834e-01  8.964241e+00  2.400000e+01
     vertex  2.938773e-01  3.286889e+00  2.400000e+01
   endloop
 endfacet
 facet normal  0.000000e+00  0.000000e+00  1.000000e+00
   outer loop
     vertex  1.047107e+00  8.938879e+00  2.400000e+01
     vertex  2.938773e-01  3.286889e+00  2.400000e+01
     vertex  3.839393e-01  3.277589e+00  2.400000e+01
   endloop
 endfacet
 facet normal  0.000000e+00  0.000000e+00  1.000000e+00
   outer loop
     vertex  8.915441e+00  1.230818e+00  2.400000e+01
     vertex  3.255384e+00  5.408118e-01  2.400000e+01
     vertex  3.268995e+00  4.512999e-01  2.400000e+01
   endloop
 endfacet
 facet normal  0.000000e+00  0.000000e+00  1.000000e+00
   outer loop
     vertex  8.915441e+00  1.230818e+00  2.400000e+01
     vertex  3.268995e+00  4.512999e-01  2.400000e+01
     vertex  8.945852e+00  9.857679e-01  2.400000e+01
   endloop
 endfacet
 facet normal  0.000000e+00  0.000000e+00  1.000000e+00
   outer loop
     vertex  1.291943e+00  8.906789e+00  2.400000e+01
     vertex  1.047107e+00  8.938879e+00  2.400000e+01
     vertex  3.839393e-01  3.277589e+00  2.400000e+01
   endloop
 endfacet
 facet normal  0.000000e+00  0.000000e+00  1.000000e+00
   outer loop
     vertex  1.291943e+00  8.906789e+00  2.400000e+01
     vertex  3.839393e-01  3.277589e+00  2.400000e+01
     vertex  4.737123e-01  3.265823e+00  2.400000e+01
   endloop
 endfacet
 facet normal  0.000000e+00  0.000000e+00  1.000000e+00
   outer loop
     vertex  8.878319e+00  1.474941e+00  2.400000e+01
     vertex  3.255384e+00  5.408118e-01  2.400000e+01
     vertex  8.915441e+00  1.230818e+00  2.400000e+01
   endloop
 endfacet
 facet normal  0.000000e+00  0.000000e+00  1.000000e+00
   outer loop
     vertex  1.535806e+00  8.867993e+00  2.400000e+01
     vertex  1.291943e+00  8.906789e+00  2.400000e+01
     vertex  4.737123e-01  3.265823e+00  2.400000e+01
   endloop
 endfacet
 facet normal  0.000000e+00  0.000000e+00  1.000000e+00
   outer loop
     vertex  1.535806e+00  8.867993e+00  2.400000e+01
     vertex  4.737123e-01  3.265823e+00  2.400000e+01
     vertex  5.631288e-01  3.251597e+00  2.400000e+01
   endloop
 endfacet
 facet normal  0.000000e+00  0.000000e+00  1.000000e+00
   outer loop
     vertex  8.834514e+00  1.717954e+00  2.400000e+01
     vertex  3.239322e+00  6.299166e-01  2.400000e+01
     vertex  3.255384e+00  5.408118e-01  2.400000e+01
   endloop
 endfacet
 facet normal  0.000000e+00  0.000000e+00  1.000000e+00
   outer loop
     vertex  8.834514e+00  1.717954e+00  2.400000e+01
     vertex  3.255384e+00  5.408118e-01  2.400000e+01
     vertex  8.878319e+00  1.474941e+00  2.400000e+01
   endloop
 endfacet
 facet normal  0.000000e+00  0.000000e+00  1.000000e+00
   outer loop
     vertex  1.778513e+00  8.822522e+00  2.400000e+01
     vertex  6.521213e-01  3.234925e+00  2.400000e+01
     vertex  7.406229e-01  3.215817e+00  2.400000e+01
   endloop
 endfacet
 facet normal  0.000000e+00  0.000000e+00  1.000000e+00
   outer loop
     vertex  1.778513e+00  8.822522e+00  2.400000e+01
     vertex  5.631288e-01  3.251597e+00  2.400000e+01
     vertex  6.521213e-01  3.234925e+00  2.400000e+01
   endloop
 endfacet
 facet normal  0.000000e+00  0.000000e+00  1.000000e+00
   outer loop
     vertex  1.778513e+00  8.822522e+00  2.400000e+01
     vertex  1.535806e+00  8.867993e+00  2.400000e+01
     vertex  5.631288e-01  3.251597e+00  2.400000e+01
   endloop
 endfacet
 facet normal  0.000000e+00  0.000000e+00  1.000000e+00
   outer loop
     vertex  8.784058e+00  1.959674e+00  2.400000e+01
     vertex  3.220821e+00  7.185472e-01  2.400000e+01
     vertex  3.239322e+00  6.299166e-01  2.400000e+01
   endloop
 endfacet
 facet normal  0.000000e+00  0.000000e+00  1.000000e+00
   outer loop
     vertex  8.784058e+00  1.959674e+00  2.400000e+01
     vertex  3.239322e+00  6.299166e-01  2.400000e+01
     vertex  8.834514e+00  1.717954e+00  2.400000e+01
   endloop
 endfacet
 facet normal  0.000000e+00  0.000000e+00  1.000000e+00
   outer loop
     vertex  2.019881e+00  8.770409e+00  2.400000e+01
     vertex  1.778513e+00  8.822522e+00  2.400000e+01
     vertex  7.406229e-01  3.215817e+00  2.400000e+01
   endloop
 endfacet
 facet normal  0.000000e+00  0.000000e+00  1.000000e+00
   outer loop
     vertex  8.726990e+00  2.199919e+00  2.400000e+01
     vertex  3.199896e+00  8.066369e-01  2.400000e+01
     vertex  3.220821e+00  7.185472e-01  2.400000e+01
   endloop
 endfacet
 facet normal  0.000000e+00  0.000000e+00  1.000000e+00
   outer loop
     vertex  8.726990e+00  2.199919e+00  2.400000e+01
     vertex  3.220821e+00  7.185472e-01  2.400000e+01
     vertex  8.784058e+00  1.959674e+00  2.400000e+01
   endloop
 endfacet
 facet normal  0.000000e+00  0.000000e+00  1.000000e+00
   outer loop
     vertex  2.259728e+00  8.711695e+00  2.400000e+01
     vertex  7.406229e-01  3.215817e+00  2.400000e+01
     vertex  8.285670e-01  3.194288e+00  2.400000e+01
   endloop
 endfacet
 facet normal  0.000000e+00  0.000000e+00  1.000000e+00
   outer loop
     vertex  2.259728e+00  8.711695e+00  2.400000e+01
     vertex  2.019881e+00  8.770409e+00  2.400000e+01
     vertex  7.406229e-01  3.215817e+00  2.400000e+01
   endloop
 endfacet
 facet normal  0.000000e+00  0.000000e+00  1.000000e+00
   outer loop
     vertex  8.663353e+00  2.438507e+00  2.400000e+01
     vertex  3.176563e+00  8.941194e-01  2.400000e+01
     vertex  3.199896e+00  8.066369e-01  2.400000e+01
   endloop
 endfacet
 facet normal  0.000000e+00  0.000000e+00  1.000000e+00
   outer loop
     vertex  8.663353e+00  2.438507e+00  2.400000e+01
     vertex  3.150838e+00  9.809289e-01  2.400000e+01
     vertex  3.176563e+00  8.941194e-01  2.400000e+01
   endloop
 endfacet
 facet normal  0.000000e+00  0.000000e+00  1.000000e+00
   outer loop
     vertex  8.663353e+00  2.438507e+00  2.400000e+01
     vertex  3.199896e+00  8.066369e-01  2.400000e+01
     vertex  8.726990e+00  2.199919e+00  2.400000e+01
   endloop
 endfacet
 facet normal  0.000000e+00  0.000000e+00  1.000000e+00
   outer loop
     vertex  2.497875e+00  8.646422e+00  2.400000e+01
     vertex  2.259728e+00  8.711695e+00  2.400000e+01
     vertex  8.285670e-01  3.194288e+00  2.400000e+01
   endloop
 endfacet
 facet normal  0.000000e+00  0.000000e+00  1.000000e+00
   outer loop
     vertex  2.497875e+00  8.646422e+00  2.400000e+01
     vertex  8.285670e-01  3.194288e+00  2.400000e+01
     vertex  9.158874e-01  3.170355e+00  2.400000e+01
   endloop
 endfacet
 facet normal  0.000000e+00  0.000000e+00  1.000000e+00
   outer loop
     vertex  8.593194e+00  2.675261e+00  2.400000e+01
     vertex  3.150838e+00  9.809289e-01  2.400000e+01
     vertex  8.663353e+00  2.438507e+00  2.400000e+01
   endloop
 endfacet
 facet normal  0.000000e+00  0.000000e+00  1.000000e+00
   outer loop
     vertex  2.734141e+00  8.574641e+00  2.400000e+01
     vertex  9.158874e-01  3.170355e+00  2.400000e+01
     vertex  1.002518e+00  3.144035e+00  2.400000e+01
   endloop
 endfacet
 facet normal  0.000000e+00  0.000000e+00  1.000000e+00
   outer loop
     vertex  2.734141e+00  8.574641e+00  2.400000e+01
     vertex  2.497875e+00  8.646422e+00  2.400000e+01
     vertex  9.158874e-01  3.170355e+00  2.400000e+01
   endloop
 endfacet
 facet normal  0.000000e+00  0.000000e+00  1.000000e+00
   outer loop
     vertex  8.516566e+00  2.910000e+00  2.400000e+01
     vertex  3.150838e+00  9.809289e-01  2.400000e+01
     vertex  8.593194e+00  2.675261e+00  2.400000e+01
   endloop
 endfacet
 facet normal  0.000000e+00  0.000000e+00  1.000000e+00
   outer loop
     vertex  8.516566e+00  2.910000e+00  2.400000e+01
     vertex  3.122741e+00  1.067000e+00  2.400000e+01
     vertex  3.150838e+00  9.809289e-01  2.400000e+01
   endloop
 endfacet
 facet normal  0.000000e+00  0.000000e+00  1.000000e+00
   outer loop
     vertex  2.968349e+00  8.496405e+00  2.400000e+01
     vertex  2.734141e+00  8.574641e+00  2.400000e+01
     vertex  1.002518e+00  3.144035e+00  2.400000e+01
   endloop
 endfacet
 facet normal  0.000000e+00  0.000000e+00  1.000000e+00
   outer loop
     vertex  2.968349e+00  8.496405e+00  2.400000e+01
     vertex  1.002518e+00  3.144035e+00  2.400000e+01
     vertex  1.088395e+00  3.115349e+00  2.400000e+01
   endloop
 endfacet
 facet normal  0.000000e+00  0.000000e+00  1.000000e+00
   outer loop
     vertex  8.433528e+00  3.142548e+00  2.400000e+01
     vertex  3.092294e+00  1.152268e+00  2.400000e+01
     vertex  3.122741e+00  1.067000e+00  2.400000e+01
   endloop
 endfacet
 facet normal  0.000000e+00  0.000000e+00  1.000000e+00
   outer loop
     vertex  8.433528e+00  3.142548e+00  2.400000e+01
     vertex  3.122741e+00  1.067000e+00  2.400000e+01
     vertex  8.516566e+00  2.910000e+00  2.400000e+01
   endloop
 endfacet
 facet normal  0.000000e+00  0.000000e+00  1.000000e+00
   outer loop
     vertex  3.200323e+00  8.411774e+00  2.400000e+01
     vertex  2.968349e+00  8.496405e+00  2.400000e+01
     vertex  1.088395e+00  3.115349e+00  2.400000e+01
   endloop
 endfacet
 facet normal  0.000000e+00  0.000000e+00  1.000000e+00
   outer loop
     vertex  3.200323e+00  8.411774e+00  2.400000e+01
     vertex  1.088395e+00  3.115349e+00  2.400000e+01
     vertex  1.173452e+00  3.084317e+00  2.400000e+01
   endloop
 endfacet
 facet normal  0.000000e+00  0.000000e+00  1.000000e+00
   outer loop
     vertex  8.344141e+00  3.372731e+00  2.400000e+01
     vertex  3.059518e+00  1.236668e+00  2.400000e+01
     vertex  3.092294e+00  1.152268e+00  2.400000e+01
   endloop
 endfacet
 facet normal  0.000000e+00  0.000000e+00  1.000000e+00
   outer loop
     vertex  8.344141e+00  3.372731e+00  2.400000e+01
     vertex  3.092294e+00  1.152268e+00  2.400000e+01
     vertex  8.433528e+00  3.142548e+00  2.400000e+01
   endloop
 endfacet
 facet normal  0.000000e+00  0.000000e+00  1.000000e+00
   outer loop
     vertex  3.429887e+00  8.320810e+00  2.400000e+01
     vertex  3.200323e+00  8.411774e+00  2.400000e+01
     vertex  1.173452e+00  3.084317e+00  2.400000e+01
   endloop
 endfacet
 facet normal  0.000000e+00  0.000000e+00  1.000000e+00
   outer loop
     vertex  3.429887e+00  8.320810e+00  2.400000e+01
     vertex  1.173452e+00  3.084317e+00  2.400000e+01
     vertex  1.257625e+00  3.050964e+00  2.400000e+01
   endloop
 endfacet
 facet normal  0.000000e+00  0.000000e+00  1.000000e+00
   outer loop
     vertex  8.248472e+00  3.600375e+00  2.400000e+01
     vertex  3.059518e+00  1.236668e+00  2.400000e+01
     vertex  8.344141e+00  3.372731e+00  2.400000e+01
   endloop
 endfacet
 facet normal  0.000000e+00  0.000000e+00  1.000000e+00
   outer loop
     vertex  8.248472e+00  3.600375e+00  2.400000e+01
     vertex  3.024440e+00  1.320138e+00  2.400000e+01
     vertex  3.059518e+00  1.236668e+00  2.400000e+01
   endloop
 endfacet
 facet normal  0.000000e+00  0.000000e+00  1.000000e+00
   outer loop
     vertex  3.656870e+00  8.223582e+00  2.400000e+01
     vertex  3.429887e+00  8.320810e+00  2.400000e+01
     vertex  1.257625e+00  3.050964e+00  2.400000e+01
   endloop
 endfacet
 facet normal  0.000000e+00  0.000000e+00  1.000000e+00
   outer loop
     vertex  3.656870e+00  8.223582e+00  2.400000e+01
     vertex  1.257625e+00  3.050964e+00  2.400000e+01
     vertex  1.340852e+00  3.015313e+00  2.400000e+01
   endloop
 endfacet
 facet normal  0.000000e+00  0.000000e+00  1.000000e+00
   outer loop
     vertex  8.146595e+00  3.825309e+00  2.400000e+01
     vertex  3.024440e+00  1.320138e+00  2.400000e+01
     vertex  8.248472e+00  3.600375e+00  2.400000e+01
   endloop
 endfacet
 facet normal  0.000000e+00  0.000000e+00  1.000000e+00
   outer loop
     vertex  8.146595e+00  3.825309e+00  2.400000e+01
     vertex  2.987085e+00  1.402613e+00  2.400000e+01
     vertex  3.024440e+00  1.320138e+00  2.400000e+01
   endloop
 endfacet
 facet normal  0.000000e+00  0.000000e+00  1.000000e+00
   outer loop
     vertex  3.881099e+00  8.120164e+00  2.400000e+01
     vertex  3.656870e+00  8.223582e+00  2.400000e+01
     vertex  1.340852e+00  3.015313e+00  2.400000e+01
   endloop
 endfacet
 facet normal  0.000000e+00  0.000000e+00  1.000000e+00
   outer loop
     vertex  3.881099e+00  8.120164e+00  2.400000e+01
     vertex  1.340852e+00  3.015313e+00  2.400000e+01
     vertex  1.423070e+00  2.977394e+00  2.400000e+01
   endloop
 endfacet
 facet normal  0.000000e+00  0.000000e+00  1.000000e+00
   outer loop
     vertex  8.038585e+00  4.047364e+00  2.400000e+01
     vertex  2.987085e+00  1.402613e+00  2.400000e+01
     vertex  8.146595e+00  3.825309e+00  2.400000e+01
   endloop
 endfacet
 facet normal  0.000000e+00  0.000000e+00  1.000000e+00
   outer loop
     vertex  8.038585e+00  4.047364e+00  2.400000e+01
     vertex  2.947481e+00  1.484033e+00  2.400000e+01
     vertex  2.987085e+00  1.402613e+00  2.400000e+01
   endloop
 endfacet
 facet normal  0.000000e+00  0.000000e+00  1.000000e+00
   outer loop
     vertex  4.102408e+00  8.010634e+00  2.400000e+01
     vertex  3.881099e+00  8.120164e+00  2.400000e+01
     vertex  1.423070e+00  2.977394e+00  2.400000e+01
   endloop
 endfacet
 facet normal  0.000000e+00  0.000000e+00  1.000000e+00
   outer loop
     vertex  4.102408e+00  8.010634e+00  2.400000e+01
     vertex  1.423070e+00  2.977394e+00  2.400000e+01
     vertex  1.504216e+00  2.937232e+00  2.400000e+01
   endloop
 endfacet
 facet normal  0.000000e+00  0.000000e+00  1.000000e+00
   outer loop
     vertex  7.924524e+00  4.266371e+00  2.400000e+01
     vertex  2.947481e+00  1.484033e+00  2.400000e+01
     vertex  8.038585e+00  4.047364e+00  2.400000e+01
   endloop
 endfacet
 facet normal  0.000000e+00  0.000000e+00  1.000000e+00
   outer loop
     vertex  7.924524e+00  4.266371e+00  2.400000e+01
     vertex  2.905659e+00  1.564336e+00  2.400000e+01
     vertex  2.947481e+00  1.484033e+00  2.400000e+01
   endloop
 endfacet
 facet normal  0.000000e+00  0.000000e+00  1.000000e+00
   outer loop
     vertex  7.924524e+00  4.266371e+00  2.400000e+01
     vertex  2.861649e+00  1.643461e+00  2.400000e+01
     vertex  2.905659e+00  1.564336e+00  2.400000e+01
   endloop
 endfacet
 facet normal  0.000000e+00  0.000000e+00  1.000000e+00
   outer loop
     vertex  4.320628e+00  7.895073e+00  2.400000e+01
     vertex  4.102408e+00  8.010634e+00  2.400000e+01
     vertex  1.504216e+00  2.937232e+00  2.400000e+01
   endloop
 endfacet
 facet normal  0.000000e+00  0.000000e+00  1.000000e+00
   outer loop
     vertex  4.320628e+00  7.895073e+00  2.400000e+01
     vertex  1.504216e+00  2.937232e+00  2.400000e+01
     vertex  1.584230e+00  2.894860e+00  2.400000e+01
   endloop
 endfacet
 facet normal  0.000000e+00  0.000000e+00  1.000000e+00
   outer loop
     vertex  7.804497e+00  4.482167e+00  2.400000e+01
     vertex  2.861649e+00  1.643461e+00  2.400000e+01
     vertex  7.924524e+00  4.266371e+00  2.400000e+01
   endloop
 endfacet
 facet normal  0.000000e+00  0.000000e+00  1.000000e+00
   outer loop
     vertex  4.535595e+00  7.773569e+00  2.400000e+01
     vertex  4.320628e+00  7.895073e+00  2.400000e+01
     vertex  1.584230e+00  2.894860e+00  2.400000e+01
   endloop
 endfacet
 facet normal  0.000000e+00  0.000000e+00  1.000000e+00
   outer loop
     vertex  4.535595e+00  7.773569e+00  2.400000e+01
     vertex  1.584230e+00  2.894860e+00  2.400000e+01
     vertex  1.663052e+00  2.850309e+00  2.400000e+01
   endloop
 endfacet
 facet normal  0.000000e+00  0.000000e+00  1.000000e+00
   outer loop
     vertex  7.678596e+00  4.694589e+00  2.400000e+01
     vertex  2.861649e+00  1.643461e+00  2.400000e+01
     vertex  7.804497e+00  4.482167e+00  2.400000e+01
   endloop
 endfacet
 facet normal  0.000000e+00  0.000000e+00  1.000000e+00
   outer loop
     vertex  7.678596e+00  4.694589e+00  2.400000e+01
     vertex  2.815485e+00  1.721349e+00  2.400000e+01
     vertex  2.861649e+00  1.643461e+00  2.400000e+01
   endloop
 endfacet
 facet normal  0.000000e+00  0.000000e+00  1.000000e+00
   outer loop
     vertex  7.678596e+00  4.694589e+00  2.400000e+01
     vertex  2.767202e+00  1.797942e+00  2.400000e+01
     vertex  2.815485e+00  1.721349e+00  2.400000e+01
   endloop
 endfacet
 facet normal  0.000000e+00  0.000000e+00  1.000000e+00
   outer loop
     vertex  4.747149e+00  7.646214e+00  2.400000e+01
     vertex  4.535595e+00  7.773569e+00  2.400000e+01
     vertex  1.663052e+00  2.850309e+00  2.400000e+01
   endloop
 endfacet
 facet normal  0.000000e+00  0.000000e+00  1.000000e+00
   outer loop
     vertex  4.747149e+00  7.646214e+00  2.400000e+01
     vertex  1.663052e+00  2.850309e+00  2.400000e+01
     vertex  1.740621e+00  2.803612e+00  2.400000e+01
   endloop
 endfacet
 facet normal  0.000000e+00  0.000000e+00  1.000000e+00
   outer loop
     vertex  7.546914e+00  4.903477e+00  2.400000e+01
     vertex  2.767202e+00  1.797942e+00  2.400000e+01
     vertex  7.678596e+00  4.694589e+00  2.400000e+01
   endloop
 endfacet
 facet normal  0.000000e+00  0.000000e+00  1.000000e+00
   outer loop
     vertex  7.546914e+00  4.903477e+00  2.400000e+01
     vertex  2.716836e+00  1.873180e+00  2.400000e+01
     vertex  2.767202e+00  1.797942e+00  2.400000e+01
   endloop
 endfacet
 facet normal  0.000000e+00  0.000000e+00  1.000000e+00
   outer loop
     vertex  4.955128e+00  7.513102e+00  2.400000e+01
     vertex  4.747149e+00  7.646214e+00  2.400000e+01
     vertex  1.740621e+00  2.803612e+00  2.400000e+01
   endloop
 endfacet
 facet normal  0.000000e+00  0.000000e+00  1.000000e+00
   outer loop
     vertex  4.955128e+00  7.513102e+00  2.400000e+01
     vertex  1.740621e+00  2.803612e+00  2.400000e+01
     vertex  1.816880e+00  2.754804e+00  2.400000e+01
   endloop
 endfacet
 facet normal  0.000000e+00  0.000000e+00  1.000000e+00
   outer loop
     vertex  7.409551e+00  5.108674e+00  2.400000e+01
     vertex  2.716836e+00  1.873180e+00  2.400000e+01
     vertex  7.546914e+00  4.903477e+00  2.400000e+01
   endloop
 endfacet
 facet normal  0.000000e+00  0.000000e+00  1.000000e+00
   outer loop
     vertex  5.159378e+00  7.374335e+00  2.400000e+01
     vertex  4.955128e+00  7.513102e+00  2.400000e+01
     vertex  1.816880e+00  2.754804e+00  2.400000e+01
   endloop
 endfacet
 facet normal  0.000000e+00  0.000000e+00  1.000000e+00
   outer loop
     vertex  5.159378e+00  7.374335e+00  2.400000e+01
     vertex  1.816880e+00  2.754804e+00  2.400000e+01
     vertex  1.891772e+00  2.703923e+00  2.400000e+01
   endloop
 endfacet
 facet normal  0.000000e+00  0.000000e+00  1.000000e+00
   outer loop
     vertex  7.266611e+00  5.310025e+00  2.400000e+01
     vertex  2.716836e+00  1.873180e+00  2.400000e+01
     vertex  7.409551e+00  5.108674e+00  2.400000e+01
   endloop
 endfacet
 facet normal  0.000000e+00  0.000000e+00  1.000000e+00
   outer loop
     vertex  7.266611e+00  5.310025e+00  2.400000e+01
     vertex  2.664424e+00  1.947009e+00  2.400000e+01
     vertex  2.716836e+00  1.873180e+00  2.400000e+01
   endloop
 endfacet
 facet normal  0.000000e+00  0.000000e+00  1.000000e+00
   outer loop
     vertex  5.359744e+00  7.230017e+00  2.400000e+01
     vertex  5.159378e+00  7.374335e+00  2.400000e+01
     vertex  1.891772e+00  2.703923e+00  2.400000e+01
   endloop
 endfacet
 facet normal  0.000000e+00  0.000000e+00  1.000000e+00
   outer loop
     vertex  5.359744e+00  7.230017e+00  2.400000e+01
     vertex  1.891772e+00  2.703923e+00  2.400000e+01
     vertex  1.965239e+00  2.651006e+00  2.400000e+01
   endloop
 endfacet
 facet normal  0.000000e+00  0.000000e+00  1.000000e+00
   outer loop
     vertex  7.118200e+00  5.507379e+00  2.400000e+01
     vertex  2.610007e+00  2.019372e+00  2.400000e+01
     vertex  2.664424e+00  1.947009e+00  2.400000e+01
   endloop
 endfacet
 facet normal  0.000000e+00  0.000000e+00  1.000000e+00
   outer loop
     vertex  7.118200e+00  5.507379e+00  2.400000e+01
     vertex  2.553625e+00  2.090215e+00  2.400000e+01
     vertex  2.610007e+00  2.019372e+00  2.400000e+01
   endloop
 endfacet
 facet normal  0.000000e+00  0.000000e+00  1.000000e+00
   outer loop
     vertex  7.118200e+00  5.507379e+00  2.400000e+01
     vertex  2.664424e+00  1.947009e+00  2.400000e+01
     vertex  7.266611e+00  5.310025e+00  2.400000e+01
   endloop
 endfacet
 facet normal  0.000000e+00  0.000000e+00  1.000000e+00
   outer loop
     vertex  5.556075e+00  7.080256e+00  2.400000e+01
     vertex  5.359744e+00  7.230017e+00  2.400000e+01
     vertex  1.965239e+00  2.651006e+00  2.400000e+01
   endloop
 endfacet
 facet normal  0.000000e+00  0.000000e+00  1.000000e+00
   outer loop
     vertex  5.556075e+00  7.080256e+00  2.400000e+01
     vertex  2.037228e+00  2.596094e+00  2.400000e+01
     vertex  2.107682e+00  2.539227e+00  2.400000e+01
   endloop
 endfacet
 facet normal  0.000000e+00  0.000000e+00  1.000000e+00
   outer loop
     vertex  5.556075e+00  7.080256e+00  2.400000e+01
     vertex  1.965239e+00  2.651006e+00  2.400000e+01
     vertex  2.037228e+00  2.596094e+00  2.400000e+01
   endloop
 endfacet
 facet normal  0.000000e+00  0.000000e+00  1.000000e+00
   outer loop
     vertex  6.964432e+00  5.700587e+00  2.400000e+01
     vertex  2.553625e+00  2.090215e+00  2.400000e+01
     vertex  7.118200e+00  5.507379e+00  2.400000e+01
   endloop
 endfacet
 facet normal  0.000000e+00  0.000000e+00  1.000000e+00
   outer loop
     vertex  5.748224e+00  6.925166e+00  2.400000e+01
     vertex  5.556075e+00  7.080256e+00  2.400000e+01
     vertex  2.107682e+00  2.539227e+00  2.400000e+01
   endloop
 endfacet
 facet normal  0.000000e+00  0.000000e+00  1.000000e+00
   outer loop
     vertex  6.805420e+00  5.889504e+00  2.400000e+01
     vertex  2.553625e+00  2.090215e+00  2.400000e+01
     vertex  6.964432e+00  5.700587e+00  2.400000e+01
   endloop
 endfacet
 facet normal  0.000000e+00  0.000000e+00  1.000000e+00
   outer loop
     vertex  6.805420e+00  5.889504e+00  2.400000e+01
     vertex  2.495321e+00  2.159485e+00  2.400000e+01
     vertex  2.553625e+00  2.090215e+00  2.400000e+01
   endloop
 endfacet
 facet normal  0.000000e+00  0.000000e+00  1.000000e+00
   outer loop
     vertex  5.936046e+00  6.764862e+00  2.400000e+01
     vertex  5.748224e+00  6.925166e+00  2.400000e+01
     vertex  2.107682e+00  2.539227e+00  2.400000e+01
   endloop
 endfacet
 facet normal  0.000000e+00  0.000000e+00  1.000000e+00
   outer loop
     vertex  5.936046e+00  6.764862e+00  2.400000e+01
     vertex  2.107682e+00  2.539227e+00  2.400000e+01
     vertex  2.176550e+00  2.480449e+00  2.400000e+01
   endloop
 endfacet
 facet normal  0.000000e+00  0.000000e+00  1.000000e+00
   outer loop
     vertex  6.641286e+00  6.073988e+00  2.400000e+01
     vertex  2.495321e+00  2.159485e+00  2.400000e+01
     vertex  6.805420e+00  5.889504e+00  2.400000e+01
   endloop
 endfacet
 facet normal  0.000000e+00  0.000000e+00  1.000000e+00
   outer loop
     vertex  6.641286e+00  6.073988e+00  2.400000e+01
     vertex  2.435138e+00  2.227129e+00  2.400000e+01
     vertex  2.495321e+00  2.159485e+00  2.400000e+01
   endloop
 endfacet
 facet normal  0.000000e+00  0.000000e+00  1.000000e+00
   outer loop
     vertex  6.119399e+00  6.599466e+00  2.400000e+01
     vertex  5.936046e+00  6.764862e+00  2.400000e+01
     vertex  2.176550e+00  2.480449e+00  2.400000e+01
   endloop
 endfacet
 facet normal  0.000000e+00  0.000000e+00  1.000000e+00
   outer loop
     vertex  6.119399e+00  6.599466e+00  2.400000e+01
     vertex  2.243780e+00  2.419804e+00  2.400000e+01
     vertex  2.309320e+00  2.357337e+00  2.400000e+01
   endloop
 endfacet
 facet normal  0.000000e+00  0.000000e+00  1.000000e+00
   outer loop
     vertex  6.119399e+00  6.599466e+00  2.400000e+01
     vertex  2.176550e+00  2.480449e+00  2.400000e+01
     vertex  2.243780e+00  2.419804e+00  2.400000e+01
   endloop
 endfacet
 facet normal  0.000000e+00  0.000000e+00  1.000000e+00
   outer loop
     vertex  6.472152e+00  6.253899e+00  2.400000e+01
     vertex  2.373122e+00  2.293096e+00  2.400000e+01
     vertex  2.435138e+00  2.227129e+00  2.400000e+01
   endloop
 endfacet
 facet normal  0.000000e+00  0.000000e+00  1.000000e+00
   outer loop
     vertex  6.472152e+00  6.253899e+00  2.400000e+01
     vertex  2.435138e+00  2.227129e+00  2.400000e+01
     vertex  6.641286e+00  6.073988e+00  2.400000e+01
   endloop
 endfacet
 facet normal  0.000000e+00  0.000000e+00  1.000000e+00
   outer loop
     vertex  6.298146e+00  6.429102e+00  2.400000e+01
     vertex  6.119399e+00  6.599466e+00  2.400000e+01
     vertex  2.309320e+00  2.357337e+00  2.400000e+01
   endloop
 endfacet
 facet normal  0.000000e+00  0.000000e+00  1.000000e+00
   outer loop
     vertex  6.298146e+00  6.429102e+00  2.400000e+01
     vertex  2.309320e+00  2.357337e+00  2.400000e+01
     vertex  2.373122e+00  2.293096e+00  2.400000e+01
   endloop
 endfacet
 facet normal  0.000000e+00  0.000000e+00  1.000000e+00
   outer loop
     vertex  6.298146e+00  6.429102e+00  2.400000e+01
     vertex  2.373122e+00  2.293096e+00  2.400000e+01
     vertex  6.472152e+00  6.253899e+00  2.400000e+01
   endloop
 endfacet
 facet normal -9.580304e-16 -9.779505e-16  1.000000e+00
   outer loop
     vertex -2.276764e+00 -2.388796e+00  1.430000e+01
     vertex -2.341442e+00 -2.325436e+00  1.430000e+01
     vertex -5.300000e+00 -3.059956e+00  1.430000e+01
   endloop
 endfacet
 facet normal -9.684879e-16 -9.358287e-16  1.000000e+00
   outer loop
     vertex -2.404356e+00 -2.260325e+00  1.430000e+01
     vertex -5.300000e+00 -3.059956e+00  1.430000e+01
     vertex -2.341442e+00 -2.325436e+00  1.430000e+01
   endloop
 endfacet
 facet normal -9.481364e-16 -1.022518e-15  1.000000e+00
   outer loop
     vertex -2.210373e+00 -2.450357e+00  1.430000e+01
     vertex -2.276764e+00 -2.388796e+00  1.430000e+01
     vertex -5.300000e+00 -3.059956e+00  1.430000e+01
   endloop
 endfacet
 facet normal -9.795265e-16 -8.958555e-16  1.000000e+00
   outer loop
     vertex -2.465461e+00 -2.193513e+00  1.430000e+01
     vertex -5.300000e+00 -3.059956e+00  1.430000e+01
     vertex -2.404356e+00 -2.260325e+00  1.430000e+01
   endloop
 endfacet
 facet normal -9.387933e-16 -1.069872e-15  1.000000e+00
   outer loop
     vertex -2.142318e+00 -2.510075e+00  1.430000e+01
     vertex -2.210373e+00 -2.450357e+00  1.430000e+01
     vertex -5.300000e+00 -3.059956e+00  1.430000e+01
   endloop
 endfacet
 facet normal -9.911681e-16 -8.577705e-16  1.000000e+00
   outer loop
     vertex -2.524710e+00 -2.125050e+00  1.430000e+01
     vertex -5.300000e+00 -3.059956e+00  1.430000e+01
     vertex -2.465461e+00 -2.193513e+00  1.430000e+01
   endloop
 endfacet
 facet normal -9.299928e-16 -1.120408e-15  1.000000e+00
   outer loop
     vertex -2.072650e+00 -2.567902e+00  1.430000e+01
     vertex -2.142318e+00 -2.510075e+00  1.430000e+01
     vertex -5.300000e+00 -3.059956e+00  1.430000e+01
   endloop
 endfacet
 facet normal -1.003439e-15 -8.213437e-16  1.000000e+00
   outer loop
     vertex -2.582059e+00 -2.054987e+00  1.430000e+01
     vertex -5.300000e+00 -3.059956e+00  1.430000e+01
     vertex -2.524710e+00 -2.125050e+00  1.430000e+01
   endloop
 endfacet
 facet normal -9.217323e-16 -1.174588e-15  1.000000e+00
   outer loop
     vertex -2.001422e+00 -2.623797e+00  1.430000e+01
     vertex -2.072650e+00 -2.567902e+00  1.430000e+01
     vertex -5.300000e+00 -3.059956e+00  1.430000e+01
   endloop
 endfacet
 facet normal -1.016371e-15 -7.863700e-16  1.000000e+00
   outer loop
     vertex -2.637464e+00 -1.983377e+00  1.430000e+01
     vertex -5.300000e+00 -3.059956e+00  1.430000e+01
     vertex -2.582059e+00 -2.054987e+00  1.430000e+01
   endloop
 endfacet
 facet normal -9.140143e-16 -1.232958e-15  1.000000e+00
   outer loop
     vertex -1.928687e+00 -2.677716e+00  1.430000e+01
     vertex -2.001422e+00 -2.623797e+00  1.430000e+01
     vertex -5.300000e+00 -3.059956e+00  1.430000e+01
   endloop
 endfacet
 facet normal -1.029999e-15 -7.526647e-16  1.000000e+00
   outer loop
     vertex -2.690883e+00 -1.910275e+00  1.430000e+01
     vertex -5.300000e+00 -3.059956e+00  1.430000e+01
     vertex -2.637464e+00 -1.983377e+00  1.430000e+01
   endloop
 endfacet
 facet normal -9.068479e-16 -1.296164e-15  1.000000e+00
   outer loop
     vertex -1.854501e+00 -2.729620e+00  1.430000e+01
     vertex -1.928687e+00 -2.677716e+00  1.430000e+01
     vertex -5.300000e+00 -3.059956e+00  1.430000e+01
   endloop
 endfacet
 facet normal -1.044366e-15 -7.200605e-16  1.000000e+00
   outer loop
     vertex -2.742277e+00 -1.835734e+00  1.430000e+01
     vertex -5.300000e+00 -3.059956e+00  1.430000e+01
     vertex -2.690883e+00 -1.910275e+00  1.430000e+01
   endloop
 endfacet
 facet normal -9.002499e-16 -1.364984e-15  1.000000e+00
   outer loop
     vertex -1.778918e+00 -2.779469e+00  1.430000e+01
     vertex -1.854501e+00 -2.729620e+00  1.430000e+01
     vertex -5.300000e+00 -3.059956e+00  1.430000e+01
   endloop
 endfacet
 facet normal -1.059518e-15 -6.884036e-16  1.000000e+00
   outer loop
     vertex -2.791606e+00 -1.759811e+00  1.430000e+01
     vertex -5.300000e+00 -3.059956e+00  1.430000e+01
     vertex -2.742277e+00 -1.835734e+00  1.430000e+01
   endloop
 endfacet
 facet normal -8.942456e-16 -1.440358e-15  1.000000e+00
   outer loop
     vertex -1.701997e+00 -2.827226e+00  1.430000e+01
     vertex -1.778918e+00 -2.779469e+00  1.430000e+01
     vertex -5.300000e+00 -3.059956e+00  1.430000e+01
   endloop
 endfacet
 facet normal -1.075509e-15 -6.575517e-16  1.000000e+00
   outer loop
     vertex -2.838834e+00 -1.682564e+00  1.430000e+01
     vertex -5.300000e+00 -3.059956e+00  1.430000e+01
     vertex -2.791606e+00 -1.759811e+00  1.430000e+01
   endloop
 endfacet
 facet normal -8.881171e-16 -1.538264e-15  1.000000e+00
   outer loop
     vertex -1.623794e+00 -2.872855e+00  1.430000e+01
     vertex -5.300000e+00 -3.059956e+00  1.430000e+01
     vertex -1.124210e-15 -6.119913e+00  1.430000e+01
   endloop
 endfacet
 facet normal -8.888716e-16 -1.523440e-15  1.000000e+00
   outer loop
     vertex -1.623794e+00 -2.872855e+00  1.430000e+01
     vertex -1.701997e+00 -2.827226e+00  1.430000e+01
     vertex -5.300000e+00 -3.059956e+00  1.430000e+01
   endloop
 endfacet
 facet normal -1.092400e-15 -6.273714e-16  1.000000e+00
   outer loop
     vertex -2.883925e+00 -1.604050e+00  1.430000e+01
     vertex -5.300000e+00 -3.059956e+00  1.430000e+01
     vertex -2.838834e+00 -1.682564e+00  1.430000e+01
   endloop
 endfacet
 facet normal -8.243819e-16 -1.506391e-15  1.000000e+00
   outer loop
     vertex -1.544368e+00 -2.916321e+00  1.430000e+01
     vertex -1.623794e+00 -2.872855e+00  1.430000e+01
     vertex -1.124210e-15 -6.119913e+00  1.430000e+01
   endloop
 endfacet
 facet normal -1.110258e-15 -5.977359e-16  1.000000e+00
   outer loop
     vertex -2.926845e+00 -1.524328e+00  1.430000e+01
     vertex -5.300000e+00 -3.059956e+00  1.430000e+01
     vertex -2.883925e+00 -1.604050e+00  1.430000e+01
   endloop
 endfacet
 facet normal -7.541029e-16 -1.472512e-15  1.000000e+00
   outer loop
     vertex -1.463781e+00 -2.957591e+00  1.430000e+01
     vertex -1.544368e+00 -2.916321e+00  1.430000e+01
     vertex -1.124210e-15 -6.119913e+00  1.430000e+01
   endloop
 endfacet
 facet normal -1.129161e-15 -5.685234e-16  1.000000e+00
   outer loop
     vertex -2.967562e+00 -1.443459e+00  1.430000e+01
     vertex -5.300000e+00 -3.059956e+00  1.430000e+01
     vertex -2.926845e+00 -1.524328e+00  1.430000e+01
   endloop
 endfacet
 facet normal -6.895082e-16 -1.442612e-15  1.000000e+00
   outer loop
     vertex -1.382091e+00 -2.996636e+00  1.430000e+01
     vertex -1.463781e+00 -2.957591e+00  1.430000e+01
     vertex -1.124210e-15 -6.119913e+00  1.430000e+01
   endloop
 endfacet
 facet normal -1.149195e-15 -5.396154e-16  1.000000e+00
   outer loop
     vertex -3.006045e+00 -1.361504e+00  1.430000e+01
     vertex -5.300000e+00 -3.059956e+00  1.430000e+01
     vertex -2.967562e+00 -1.443459e+00  1.430000e+01
   endloop
 endfacet
 facet normal -6.297410e-16 -1.416164e-15  1.000000e+00
   outer loop
     vertex -1.299361e+00 -3.033424e+00  1.430000e+01
     vertex -1.382091e+00 -2.996636e+00  1.430000e+01
     vertex -1.124210e-15 -6.119913e+00  1.430000e+01
   endloop
 endfacet
 facet normal -1.170461e-15 -5.108943e-16  1.000000e+00
   outer loop
     vertex -3.042265e+00 -1.278523e+00  1.430000e+01
     vertex -5.300000e+00 -3.059956e+00  1.430000e+01
     vertex -3.006045e+00 -1.361504e+00  1.430000e+01
   endloop
 endfacet
 facet normal -5.740948e-16 -1.392738e-15  1.000000e+00
   outer loop
     vertex -1.215653e+00 -3.067929e+00  1.430000e+01
     vertex -1.299361e+00 -3.033424e+00  1.430000e+01
     vertex -1.124210e-15 -6.119913e+00  1.430000e+01
   endloop
 endfacet
 facet normal -1.193068e-15 -4.822423e-16  1.000000e+00
   outer loop
     vertex -3.076195e+00 -1.194580e+00  1.430000e+01
     vertex -5.300000e+00 -3.059956e+00  1.430000e+01
     vertex -3.042265e+00 -1.278523e+00  1.430000e+01
   endloop
 endfacet
 facet normal -5.219800e-16 -1.371980e-15  1.000000e+00
   outer loop
     vertex -1.131030e+00 -3.100125e+00  1.430000e+01
     vertex -1.215653e+00 -3.067929e+00  1.430000e+01
     vertex -1.124210e-15 -6.119913e+00  1.430000e+01
   endloop
 endfacet
 facet normal -1.217145e-15 -4.535393e-16  1.000000e+00
   outer loop
     vertex -3.107810e+00 -1.109738e+00  1.430000e+01
     vertex -5.300000e+00 -3.059956e+00  1.430000e+01
     vertex -3.076195e+00 -1.194580e+00  1.430000e+01
   endloop
 endfacet
 facet normal -4.728999e-16 -1.353597e-15  1.000000e+00
   outer loop
     vertex -1.045555e+00 -3.129986e+00  1.430000e+01
     vertex -1.131030e+00 -3.100125e+00  1.430000e+01
     vertex -1.124210e-15 -6.119913e+00  1.430000e+01
   endloop
 endfacet
 facet normal -1.242836e-15 -4.246608e-16  1.000000e+00
   outer loop
     vertex -3.137085e+00 -1.024061e+00  1.430000e+01
     vertex -5.300000e+00 -3.059956e+00  1.430000e+01
     vertex -3.107810e+00 -1.109738e+00  1.430000e+01
   endloop
 endfacet
 facet normal -4.264315e-16 -1.337348e-15  1.000000e+00
   outer loop
     vertex -9.592932e-01 -3.157492e+00  1.430000e+01
     vertex -1.045555e+00 -3.129986e+00  1.430000e+01
     vertex -1.124210e-15 -6.119913e+00  1.430000e+01
   endloop
 endfacet
 facet normal -1.270307e-15 -3.954759e-16  1.000000e+00
   outer loop
     vertex -3.163998e+00 -9.376124e-01  1.430000e+01
     vertex -5.300000e+00 -3.059956e+00  1.430000e+01
     vertex -3.137085e+00 -1.024061e+00  1.430000e+01
   endloop
 endfacet
 facet normal -3.822111e-16 -1.323028e-15  1.000000e+00
   outer loop
     vertex -8.723093e-01 -3.182621e+00  1.430000e+01
     vertex -9.592932e-01 -3.157492e+00  1.430000e+01
     vertex -1.124210e-15 -6.119913e+00  1.430000e+01
   endloop
 endfacet
 facet normal -1.299748e-15 -3.658451e-16  1.000000e+00
   outer loop
     vertex -3.188530e+00 -8.504582e-01  1.430000e+01
     vertex -5.300000e+00 -3.059956e+00  1.430000e+01
     vertex -3.163998e+00 -9.376124e-01  1.430000e+01
   endloop
 endfacet
 facet normal -3.399230e-16 -1.310470e-15  1.000000e+00
   outer loop
     vertex -7.846688e-01 -3.205354e+00  1.430000e+01
     vertex -8.723093e-01 -3.182621e+00  1.430000e+01
     vertex -1.124210e-15 -6.119913e+00  1.430000e+01
   endloop
 endfacet
 facet normal -1.331379e-15 -3.356171e-16  1.000000e+00
   outer loop
     vertex -3.210661e+00 -7.626638e-01  1.430000e+01
     vertex -5.300000e+00 -3.059956e+00  1.430000e+01
     vertex -3.188530e+00 -8.504582e-01  1.430000e+01
   endloop
 endfacet
 facet normal -2.992900e-16 -1.299530e-15  1.000000e+00
   outer loop
     vertex -6.964376e-01 -3.225674e+00  1.430000e+01
     vertex -7.846688e-01 -3.205354e+00  1.430000e+01
     vertex -1.124210e-15 -6.119913e+00  1.430000e+01
   endloop
 endfacet
 facet normal -1.365456e-15 -3.046255e-16  1.000000e+00
   outer loop
     vertex -3.230375e+00 -6.742953e-01  1.430000e+01
     vertex -5.300000e+00 -3.059956e+00  1.430000e+01
     vertex -3.210661e+00 -7.626638e-01  1.430000e+01
   endloop
 endfacet
 facet normal -2.600668e-16 -1.290092e-15  1.000000e+00
   outer loop
     vertex -6.076822e-01 -3.243566e+00  1.430000e+01
     vertex -6.964376e-01 -3.225674e+00  1.430000e+01
     vertex -1.124210e-15 -6.119913e+00  1.430000e+01
   endloop
 endfacet
 facet normal -1.402273e-15 -2.726852e-16  1.000000e+00
   outer loop
     vertex -3.247658e+00 -5.854193e-01  1.430000e+01
     vertex -5.300000e+00 -3.059956e+00  1.430000e+01
     vertex -3.230375e+00 -6.742953e-01  1.430000e+01
   endloop
 endfacet
 facet normal -2.220333e-16 -1.282057e-15  1.000000e+00
   outer loop
     vertex -5.184693e-01 -3.259017e+00  1.430000e+01
     vertex -6.076822e-01 -3.243566e+00  1.430000e+01
     vertex -1.124210e-15 -6.119913e+00  1.430000e+01
   endloop
 endfacet
 facet normal -1.442180e-15 -2.395871e-16  1.000000e+00
   outer loop
     vertex -3.262496e+00 -4.961025e-01  1.430000e+01
     vertex -5.300000e+00 -3.059956e+00  1.430000e+01
     vertex -3.247658e+00 -5.854193e-01  1.430000e+01
   endloop
 endfacet
 facet normal -1.849904e-16 -1.275344e-15  1.000000e+00
   outer loop
     vertex -4.288662e-01 -3.272014e+00  1.430000e+01
     vertex -5.184693e-01 -3.259017e+00  1.430000e+01
     vertex -1.124210e-15 -6.119913e+00  1.430000e+01
   endloop
 endfacet
 facet normal -1.485586e-15 -2.050921e-16  1.000000e+00
   outer loop
     vertex -3.274878e+00 -4.064123e-01  1.430000e+01
     vertex -5.300000e+00 -3.059956e+00  1.430000e+01
     vertex -3.262496e+00 -4.961025e-01  1.430000e+01
   endloop
 endfacet
 facet normal -1.487555e-16 -1.269887e-15  1.000000e+00
   outer loop
     vertex -3.389402e-01 -3.282548e+00  1.430000e+01
     vertex -4.288662e-01 -3.272014e+00  1.430000e+01
     vertex -1.124210e-15 -6.119913e+00  1.430000e+01
   endloop
 endfacet
 facet normal -1.532979e-15 -1.689232e-16  1.000000e+00
   outer loop
     vertex -3.284795e+00 -3.164162e-01  1.430000e+01
     vertex -5.300000e+00 -3.059956e+00  1.430000e+01
     vertex -3.274878e+00 -4.064123e-01  1.430000e+01
   endloop
 endfacet
 facet normal -1.131591e-16 -1.265635e-15  1.000000e+00
   outer loop
     vertex -2.487590e-01 -3.290611e+00  1.430000e+01
     vertex -3.389402e-01 -3.282548e+00  1.430000e+01
     vertex -1.124210e-15 -6.119913e+00  1.430000e+01
   endloop
 endfacet
 facet normal -1.584941e-15 -1.307558e-16  1.000000e+00
   outer loop
     vertex -3.292240e+00 -2.261818e-01  1.430000e+01
     vertex -5.300000e+00 -3.059956e+00  1.430000e+01
     vertex -3.284795e+00 -3.164162e-01  1.430000e+01
   endloop
 endfacet
 facet normal -7.804170e-17 -1.262547e-15  1.000000e+00
   outer loop
     vertex -1.583906e-01 -3.296197e+00  1.430000e+01
     vertex -2.487590e-01 -3.290611e+00  1.430000e+01
     vertex -1.124210e-15 -6.119913e+00  1.430000e+01
   endloop
 endfacet
 facet normal -1.642175e-15 -9.020487e-17  1.000000e+00
   outer loop
     vertex -3.297206e+00 -1.357772e-01  1.430000e+01
     vertex -5.300000e+00 -3.059956e+00  1.430000e+01
     vertex -3.292240e+00 -2.261818e-01  1.430000e+01
   endloop
 endfacet
 facet normal -4.325144e-17 -1.260596e-15  1.000000e+00
   outer loop
     vertex -6.790300e-02 -3.299301e+00  1.430000e+01
     vertex -1.583906e-01 -3.296197e+00  1.430000e+01
     vertex -1.124210e-15 -6.119913e+00  1.430000e+01
   endloop
 endfacet
 facet normal -1.705537e-15 -4.680741e-17  1.000000e+00
   outer loop
     vertex -3.299689e+00 -4.527044e-02  1.430000e+01
     vertex -5.300000e+00 -3.059956e+00  1.430000e+01
     vertex -3.297206e+00 -1.357772e-01  1.430000e+01
   endloop
 endfacet
 facet normal -8.641315e-18 -1.259762e-15  1.000000e+00
   outer loop
     vertex  2.263575e-02 -3.299922e+00  1.430000e+01
     vertex -6.790300e-02 -3.299301e+00  1.430000e+01
     vertex -1.124210e-15 -6.119913e+00  1.430000e+01
   endloop
 endfacet
 facet normal -1.776081e-15 -8.711407e-30  1.000000e+00
   outer loop
     vertex -3.299689e+00  4.527044e-02  1.430000e+01
     vertex -5.300000e+00 -3.059956e+00  1.430000e+01
     vertex -3.299689e+00 -4.527044e-02  1.430000e+01
   endloop
 endfacet
 facet normal  2.593291e-17 -1.260040e-15  1.000000e+00
   outer loop
     vertex  1.131575e-01 -3.298059e+00  1.430000e+01
     vertex  2.263575e-02 -3.299922e+00  1.430000e+01
     vertex -1.124210e-15 -6.119913e+00  1.430000e+01
   endloop
 endfacet
 facet normal  6.061495e-17 -1.261431e-15  1.000000e+00
   outer loop
     vertex  2.035940e-01 -3.293714e+00  1.430000e+01
     vertex  1.131575e-01 -3.298059e+00  1.430000e+01
     vertex -1.124210e-15 -6.119913e+00  1.430000e+01
   endloop
 endfacet
 facet normal  9.555014e-17 -1.263947e-15  1.000000e+00
   outer loop
     vertex  2.938773e-01 -3.286889e+00  1.430000e+01
     vertex  2.035940e-01 -3.293714e+00  1.430000e+01
     vertex -1.124210e-15 -6.119913e+00  1.430000e+01
   endloop
 endfacet
 facet normal  1.308877e-16 -1.267613e-15  1.000000e+00
   outer loop
     vertex  3.839393e-01 -3.277589e+00  1.430000e+01
     vertex  2.938773e-01 -3.286889e+00  1.430000e+01
     vertex -1.124210e-15 -6.119913e+00  1.430000e+01
   endloop
 endfacet
 facet normal  1.667829e-16 -1.272462e-15  1.000000e+00
   outer loop
     vertex  4.737123e-01 -3.265823e+00  1.430000e+01
     vertex  3.839393e-01 -3.277589e+00  1.430000e+01
     vertex -1.124210e-15 -6.119913e+00  1.430000e+01
   endloop
 endfacet
 facet normal  2.033998e-16 -1.278539e-15  1.000000e+00
   outer loop
     vertex  5.631288e-01 -3.251597e+00  1.430000e+01
     vertex  4.737123e-01 -3.265823e+00  1.430000e+01
     vertex -1.124210e-15 -6.119913e+00  1.430000e+01
   endloop
 endfacet
 facet normal  2.409142e-16 -1.285904e-15  1.000000e+00
   outer loop
     vertex  6.521213e-01 -3.234925e+00  1.430000e+01
     vertex  5.631288e-01 -3.251597e+00  1.430000e+01
     vertex -1.124210e-15 -6.119913e+00  1.430000e+01
   endloop
 endfacet
 facet normal  2.795165e-16 -1.294630e-15  1.000000e+00
   outer loop
     vertex  7.406229e-01 -3.215817e+00  1.430000e+01
     vertex  6.521213e-01 -3.234925e+00  1.430000e+01
     vertex -1.124210e-15 -6.119913e+00  1.430000e+01
   endloop
 endfacet
 facet normal  3.194156e-16 -1.304805e-15  1.000000e+00
   outer loop
     vertex  8.285670e-01 -3.194288e+00  1.430000e+01
     vertex  7.406229e-01 -3.215817e+00  1.430000e+01
     vertex -1.124210e-15 -6.119913e+00  1.430000e+01
   endloop
 endfacet
 facet normal  3.608437e-16 -1.316538e-15  1.000000e+00
   outer loop
     vertex  9.158874e-01 -3.170355e+00  1.430000e+01
     vertex  8.285670e-01 -3.194288e+00  1.430000e+01
     vertex -1.124210e-15 -6.119913e+00  1.430000e+01
   endloop
 endfacet
 facet normal -1.331379e-15  3.356171e-16  1.000000e+00
   outer loop
     vertex -5.300000e+00  3.059956e+00  1.430000e+01
     vertex -3.210661e+00  7.626638e-01  1.430000e+01
     vertex -3.188530e+00  8.504582e-01  1.430000e+01
   endloop
 endfacet
 facet normal -1.365456e-15  3.046255e-16  1.000000e+00
   outer loop
     vertex -5.300000e+00  3.059956e+00  1.430000e+01
     vertex -3.230375e+00  6.742953e-01  1.430000e+01
     vertex -3.210661e+00  7.626638e-01  1.430000e+01
   endloop
 endfacet
 facet normal -1.402273e-15  2.726852e-16  1.000000e+00
   outer loop
     vertex -5.300000e+00  3.059956e+00  1.430000e+01
     vertex -3.247658e+00  5.854193e-01  1.430000e+01
     vertex -3.230375e+00  6.742953e-01  1.430000e+01
   endloop
 endfacet
 facet normal -1.442180e-15  2.395871e-16  1.000000e+00
   outer loop
     vertex -5.300000e+00  3.059956e+00  1.430000e+01
     vertex -3.262496e+00  4.961025e-01  1.430000e+01
     vertex -3.247658e+00  5.854193e-01  1.430000e+01
   endloop
 endfacet
 facet normal -1.485586e-15  2.050921e-16  1.000000e+00
   outer loop
     vertex -5.300000e+00  3.059956e+00  1.430000e+01
     vertex -3.274878e+00  4.064123e-01  1.430000e+01
     vertex -3.262496e+00  4.961025e-01  1.430000e+01
   endloop
 endfacet
 facet normal -1.532979e-15  1.689232e-16  1.000000e+00
   outer loop
     vertex -5.300000e+00  3.059956e+00  1.430000e+01
     vertex -3.284795e+00  3.164162e-01  1.430000e+01
     vertex -3.274878e+00  4.064123e-01  1.430000e+01
   endloop
 endfacet
 facet normal -1.584941e-15  1.307558e-16  1.000000e+00
   outer loop
     vertex -5.300000e+00  3.059956e+00  1.430000e+01
     vertex -3.292240e+00  2.261818e-01  1.430000e+01
     vertex -3.284795e+00  3.164162e-01  1.430000e+01
   endloop
 endfacet
 facet normal -1.642175e-15  9.020487e-17  1.000000e+00
   outer loop
     vertex -5.300000e+00  3.059956e+00  1.430000e+01
     vertex -3.297206e+00  1.357772e-01  1.430000e+01
     vertex -3.292240e+00  2.261818e-01  1.430000e+01
   endloop
 endfacet
 facet normal -1.705537e-15  4.680741e-17  1.000000e+00
   outer loop
     vertex -5.300000e+00  3.059956e+00  1.430000e+01
     vertex -3.299689e+00  4.527044e-02  1.430000e+01
     vertex -3.297206e+00  1.357772e-01  1.430000e+01
   endloop
 endfacet
 facet normal -1.776081e-15 -2.577613e-31  1.000000e+00
   outer loop
     vertex -5.300000e+00  3.059956e+00  1.430000e+01
     vertex -5.300000e+00 -3.059956e+00  1.430000e+01
     vertex -3.299689e+00  4.527044e-02  1.430000e+01
   endloop
 endfacet
 facet normal -1.299748e-15  3.658451e-16  1.000000e+00
   outer loop
     vertex -3.163998e+00  9.376124e-01  1.430000e+01
     vertex -5.300000e+00  3.059956e+00  1.430000e+01
     vertex -3.188530e+00  8.504582e-01  1.430000e+01
   endloop
 endfacet
 facet normal  4.040611e-16 -1.329958e-15  1.000000e+00
   outer loop
     vertex  1.002518e+00 -3.144035e+00  1.430000e+01
     vertex  9.158874e-01 -3.170355e+00  1.430000e+01
     vertex -1.124210e-15 -6.119913e+00  1.430000e+01
   endloop
 endfacet
 facet normal -1.270307e-15  3.954759e-16  1.000000e+00
   outer loop
     vertex -3.137085e+00  1.024061e+00  1.430000e+01
     vertex -5.300000e+00  3.059956e+00  1.430000e+01
     vertex -3.163998e+00  9.376124e-01  1.430000e+01
   endloop
 endfacet
 facet normal  4.493632e-16 -1.345219e-15  1.000000e+00
   outer loop
     vertex  1.088395e+00 -3.115349e+00  1.430000e+01
     vertex  1.002518e+00 -3.144035e+00  1.430000e+01
     vertex -1.124210e-15 -6.119913e+00  1.430000e+01
   endloop
 endfacet
 facet normal -1.242836e-15  4.246608e-16  1.000000e+00
   outer loop
     vertex -3.107810e+00  1.109738e+00  1.430000e+01
     vertex -5.300000e+00  3.059956e+00  1.430000e+01
     vertex -3.137085e+00  1.024061e+00  1.430000e+01
   endloop
 endfacet
 facet normal  4.970886e-16 -1.362508e-15  1.000000e+00
   outer loop
     vertex  1.173452e+00 -3.084317e+00  1.430000e+01
     vertex  1.088395e+00 -3.115349e+00  1.430000e+01
     vertex -1.124210e-15 -6.119913e+00  1.430000e+01
   endloop
 endfacet
 facet normal -1.217145e-15  4.535393e-16  1.000000e+00
   outer loop
     vertex -3.076195e+00  1.194580e+00  1.430000e+01
     vertex -5.300000e+00  3.059956e+00  1.430000e+01
     vertex -3.107810e+00  1.109738e+00  1.430000e+01
   endloop
 endfacet
 facet normal  5.476290e-16 -1.382045e-15  1.000000e+00
   outer loop
     vertex  1.257625e+00 -3.050964e+00  1.430000e+01
     vertex  1.173452e+00 -3.084317e+00  1.430000e+01
     vertex -1.124210e-15 -6.119913e+00  1.430000e+01
   endloop
 endfacet
 facet normal -1.193068e-15  4.822423e-16  1.000000e+00
   outer loop
     vertex -3.042265e+00  1.278523e+00  1.430000e+01
     vertex -5.300000e+00  3.059956e+00  1.430000e+01
     vertex -3.076195e+00  1.194580e+00  1.430000e+01
   endloop
 endfacet
 facet normal  6.014421e-16 -1.404097e-15  1.000000e+00
   outer loop
     vertex  1.340852e+00 -3.015313e+00  1.430000e+01
     vertex  1.257625e+00 -3.050964e+00  1.430000e+01
     vertex -1.124210e-15 -6.119913e+00  1.430000e+01
   endloop
 endfacet
 facet normal -1.170461e-15  5.108943e-16  1.000000e+00
   outer loop
     vertex -3.006045e+00  1.361504e+00  1.430000e+01
     vertex -5.300000e+00  3.059956e+00  1.430000e+01
     vertex -3.042265e+00  1.278523e+00  1.430000e+01
   endloop
 endfacet
 facet normal  6.590684e-16 -1.428985e-15  1.000000e+00
   outer loop
     vertex  1.423070e+00 -2.977394e+00  1.430000e+01
     vertex  1.340852e+00 -3.015313e+00  1.430000e+01
     vertex -1.124210e-15 -6.119913e+00  1.430000e+01
   endloop
 endfacet
 facet normal -1.149195e-15  5.396154e-16  1.000000e+00
   outer loop
     vertex -2.967562e+00  1.443459e+00  1.430000e+01
     vertex -5.300000e+00  3.059956e+00  1.430000e+01
     vertex -3.006045e+00  1.361504e+00  1.430000e+01
   endloop
 endfacet
 facet normal  7.211525e-16 -1.457100e-15  1.000000e+00
   outer loop
     vertex  1.504216e+00 -2.937232e+00  1.430000e+01
     vertex  1.423070e+00 -2.977394e+00  1.430000e+01
     vertex -1.124210e-15 -6.119913e+00  1.430000e+01
   endloop
 endfacet
 facet normal -1.129161e-15  5.685234e-16  1.000000e+00
   outer loop
     vertex -2.926845e+00  1.524328e+00  1.430000e+01
     vertex -5.300000e+00  3.059956e+00  1.430000e+01
     vertex -2.967562e+00  1.443459e+00  1.430000e+01
   endloop
 endfacet
 facet normal  7.884714e-16 -1.488916e-15  1.000000e+00
   outer loop
     vertex  1.584230e+00 -2.894860e+00  1.430000e+01
     vertex  1.504216e+00 -2.937232e+00  1.430000e+01
     vertex -1.124210e-15 -6.119913e+00  1.430000e+01
   endloop
 endfacet
 facet normal -1.110258e-15  5.977359e-16  1.000000e+00
   outer loop
     vertex -2.883925e+00  1.604050e+00  1.430000e+01
     vertex -5.300000e+00  3.059956e+00  1.430000e+01
     vertex -2.926845e+00  1.524328e+00  1.430000e+01
   endloop
 endfacet
 facet normal  8.619722e-16 -1.525022e-15  1.000000e+00
   outer loop
     vertex  1.663052e+00 -2.850309e+00  1.430000e+01
     vertex  1.584230e+00 -2.894860e+00  1.430000e+01
     vertex -1.124210e-15 -6.119913e+00  1.430000e+01
   endloop
 endfacet
 facet normal -1.092400e-15  6.273714e-16  1.000000e+00
   outer loop
     vertex -2.838834e+00  1.682564e+00  1.430000e+01
     vertex -5.300000e+00  3.059956e+00  1.430000e+01
     vertex -2.883925e+00  1.604050e+00  1.430000e+01
   endloop
 endfacet
 facet normal -1.075509e-15  6.575517e-16  1.000000e+00
   outer loop
     vertex -2.791606e+00  1.759811e+00  1.430000e+01
     vertex -5.300000e+00  3.059956e+00  1.430000e+01
     vertex -2.838834e+00  1.682564e+00  1.430000e+01
   endloop
 endfacet
 facet normal -1.059518e-15  6.884036e-16  1.000000e+00
   outer loop
     vertex -2.742277e+00  1.835734e+00  1.430000e+01
     vertex -5.300000e+00  3.059956e+00  1.430000e+01
     vertex -2.791606e+00  1.759811e+00  1.430000e+01
   endloop
 endfacet
 facet normal -1.044366e-15  7.200605e-16  1.000000e+00
   outer loop
     vertex -2.690883e+00  1.910275e+00  1.430000e+01
     vertex -5.300000e+00  3.059956e+00  1.430000e+01
     vertex -2.742277e+00  1.835734e+00  1.430000e+01
   endloop
 endfacet
 facet normal -1.029999e-15  7.526647e-16  1.000000e+00
   outer loop
     vertex -2.637464e+00  1.983377e+00  1.430000e+01
     vertex -5.300000e+00  3.059956e+00  1.430000e+01
     vertex -2.690883e+00  1.910275e+00  1.430000e+01
   endloop
 endfacet
 facet normal -1.016371e-15  7.863700e-16  1.000000e+00
   outer loop
     vertex -2.582059e+00  2.054987e+00  1.430000e+01
     vertex -5.300000e+00  3.059956e+00  1.430000e+01
     vertex -2.637464e+00  1.983377e+00  1.430000e+01
   endloop
 endfacet
 facet normal -1.003439e-15  8.213437e-16  1.000000e+00
   outer loop
     vertex -2.524710e+00  2.125050e+00  1.430000e+01
     vertex -5.300000e+00  3.059956e+00  1.430000e+01
     vertex -2.582059e+00  2.054987e+00  1.430000e+01
   endloop
 endfacet
 facet normal -9.911681e-16  8.577705e-16  1.000000e+00
   outer loop
     vertex -2.465461e+00  2.193513e+00  1.430000e+01
     vertex -5.300000e+00  3.059956e+00  1.430000e+01
     vertex -2.524710e+00  2.125050e+00  1.430000e+01
   endloop
 endfacet
 facet normal -9.795265e-16  8.958555e-16  1.000000e+00
   outer loop
     vertex -2.404356e+00  2.260325e+00  1.430000e+01
     vertex -5.300000e+00  3.059956e+00  1.430000e+01
     vertex -2.465461e+00  2.193513e+00  1.430000e+01
   endloop
 endfacet
 facet normal -9.684879e-16  9.358287e-16  1.000000e+00
   outer loop
     vertex -2.341442e+00  2.325436e+00  1.430000e+01
     vertex -5.300000e+00  3.059956e+00  1.430000e+01
     vertex -2.404356e+00  2.260325e+00  1.430000e+01
   endloop
 endfacet
 facet normal -9.580304e-16  9.779505e-16  1.000000e+00
   outer loop
     vertex -2.276764e+00  2.388796e+00  1.430000e+01
     vertex -5.300000e+00  3.059956e+00  1.430000e+01
     vertex -2.341442e+00  2.325436e+00  1.430000e+01
   endloop
 endfacet
 facet normal -9.481364e-16  1.022518e-15  1.000000e+00
   outer loop
     vertex -2.210373e+00  2.450357e+00  1.430000e+01
     vertex -5.300000e+00  3.059956e+00  1.430000e+01
     vertex -2.276764e+00  2.388796e+00  1.430000e+01
   endloop
 endfacet
 facet normal -9.387933e-16  1.069872e-15  1.000000e+00
   outer loop
     vertex -2.142318e+00  2.510075e+00  1.430000e+01
     vertex -5.300000e+00  3.059956e+00  1.430000e+01
     vertex -2.210373e+00  2.450357e+00  1.430000e+01
   endloop
 endfacet
 facet normal -9.299928e-16  1.120408e-15  1.000000e+00
   outer loop
     vertex -2.072650e+00  2.567902e+00  1.430000e+01
     vertex -5.300000e+00  3.059956e+00  1.430000e+01
     vertex -2.142318e+00  2.510075e+00  1.430000e+01
   endloop
 endfacet
 facet normal -9.217323e-16  1.174588e-15  1.000000e+00
   outer loop
     vertex -2.001422e+00  2.623797e+00  1.430000e+01
     vertex -5.300000e+00  3.059956e+00  1.430000e+01
     vertex -2.072650e+00  2.567902e+00  1.430000e+01
   endloop
 endfacet
 facet normal -9.140143e-16  1.232958e-15  1.000000e+00
   outer loop
     vertex -1.928687e+00  2.677716e+00  1.430000e+01
     vertex -5.300000e+00  3.059956e+00  1.430000e+01
     vertex -2.001422e+00  2.623797e+00  1.430000e+01
   endloop
 endfacet
 facet normal -9.068479e-16  1.296164e-15  1.000000e+00
   outer loop
     vertex -1.854501e+00  2.729620e+00  1.430000e+01
     vertex -5.300000e+00  3.059956e+00  1.430000e+01
     vertex -1.928687e+00  2.677716e+00  1.430000e+01
   endloop
 endfacet
 facet normal -9.002499e-16  1.364984e-15  1.000000e+00
   outer loop
     vertex -1.778918e+00  2.779469e+00  1.430000e+01
     vertex -5.300000e+00  3.059956e+00  1.430000e+01
     vertex -1.854501e+00  2.729620e+00  1.430000e+01
   endloop
 endfacet
 facet normal -8.942456e-16  1.440358e-15  1.000000e+00
   outer loop
     vertex -1.701997e+00  2.827226e+00  1.430000e+01
     vertex -5.300000e+00  3.059956e+00  1.430000e+01
     vertex -1.778918e+00  2.779469e+00  1.430000e+01
   endloop
 endfacet
 facet normal -8.888716e-16  1.523440e-15  1.000000e+00
   outer loop
     vertex -1.623794e+00  2.872855e+00  1.430000e+01
     vertex -5.300000e+00  3.059956e+00  1.430000e+01
     vertex -1.701997e+00  2.827226e+00  1.430000e+01
   endloop
 endfacet
 facet normal  9.178050e-16 -1.203212e-15  1.000000e+00
   outer loop
     vertex  5.300000e+00 -3.059956e+00  1.430000e+01
     vertex  2.037228e+00 -2.596094e+00  1.430000e+01
     vertex  1.965239e+00 -2.651006e+00  1.430000e+01
   endloop
 endfacet
 facet normal  9.257951e-16 -1.147010e-15  1.000000e+00
   outer loop
     vertex  5.300000e+00 -3.059956e+00  1.430000e+01
     vertex  2.107682e+00 -2.539227e+00  1.430000e+01
     vertex  2.037228e+00 -2.596094e+00  1.430000e+01
   endloop
 endfacet
 facet normal  9.343255e-16 -1.094715e-15  1.000000e+00
   outer loop
     vertex  5.300000e+00 -3.059956e+00  1.430000e+01
     vertex  2.176550e+00 -2.480449e+00  1.430000e+01
     vertex  2.107682e+00 -2.539227e+00  1.430000e+01
   endloop
 endfacet
 facet normal  9.433966e-16 -1.045823e-15  1.000000e+00
   outer loop
     vertex  5.300000e+00 -3.059956e+00  1.430000e+01
     vertex  2.243780e+00 -2.419804e+00  1.430000e+01
     vertex  2.176550e+00 -2.480449e+00  1.430000e+01
   endloop
 endfacet
 facet normal  9.530138e-16 -9.999082e-16  1.000000e+00
   outer loop
     vertex  5.300000e+00 -3.059956e+00  1.430000e+01
     vertex  2.309320e+00 -2.357337e+00  1.430000e+01
     vertex  2.243780e+00 -2.419804e+00  1.430000e+01
   endloop
 endfacet
 facet normal  9.631877e-16 -9.566034e-16  1.000000e+00
   outer loop
     vertex  5.300000e+00 -3.059956e+00  1.430000e+01
     vertex  2.373122e+00 -2.293096e+00  1.430000e+01
     vertex  2.309320e+00 -2.357337e+00  1.430000e+01
   endloop
 endfacet
 facet normal  9.739333e-16 -9.155905e-16  1.000000e+00
   outer loop
     vertex  5.300000e+00 -3.059956e+00  1.430000e+01
     vertex  2.435138e+00 -2.227129e+00  1.430000e+01
     vertex  2.373122e+00 -2.293096e+00  1.430000e+01
   endloop
 endfacet
 facet normal  9.852704e-16 -8.765920e-16  1.000000e+00
   outer loop
     vertex  5.300000e+00 -3.059956e+00  1.430000e+01
     vertex  2.495321e+00 -2.159485e+00  1.430000e+01
     vertex  2.435138e+00 -2.227129e+00  1.430000e+01
   endloop
 endfacet
 facet normal  9.972231e-16 -8.393632e-16  1.000000e+00
   outer loop
     vertex  5.300000e+00 -3.059956e+00  1.430000e+01
     vertex  2.553625e+00 -2.090215e+00  1.430000e+01
     vertex  2.495321e+00 -2.159485e+00  1.430000e+01
   endloop
 endfacet
 facet normal  1.009820e-15 -8.036872e-16  1.000000e+00
   outer loop
     vertex  5.300000e+00 -3.059956e+00  1.430000e+01
     vertex  2.610007e+00 -2.019372e+00  1.430000e+01
     vertex  2.553625e+00 -2.090215e+00  1.430000e+01
   endloop
 endfacet
 facet normal  1.023095e-15 -7.693696e-16  1.000000e+00
   outer loop
     vertex  5.300000e+00 -3.059956e+00  1.430000e+01
     vertex  2.664424e+00 -1.947009e+00  1.430000e+01
     vertex  2.610007e+00 -2.019372e+00  1.430000e+01
   endloop
 endfacet
 facet normal  1.037088e-15 -7.362349e-16  1.000000e+00
   outer loop
     vertex  5.300000e+00 -3.059956e+00  1.430000e+01
     vertex  2.716836e+00 -1.873180e+00  1.430000e+01
     vertex  2.664424e+00 -1.947009e+00  1.430000e+01
   endloop
 endfacet
 facet normal  1.051841e-15 -7.041228e-16  1.000000e+00
   outer loop
     vertex  5.300000e+00 -3.059956e+00  1.430000e+01
     vertex  2.767202e+00 -1.797942e+00  1.430000e+01
     vertex  2.716836e+00 -1.873180e+00  1.430000e+01
   endloop
 endfacet
 facet normal  1.067405e-15 -6.728856e-16  1.000000e+00
   outer loop
     vertex  5.300000e+00 -3.059956e+00  1.430000e+01
     vertex  2.815485e+00 -1.721349e+00  1.430000e+01
     vertex  2.767202e+00 -1.797942e+00  1.430000e+01
   endloop
 endfacet
 facet normal  1.083838e-15 -6.423857e-16  1.000000e+00
   outer loop
     vertex  5.300000e+00 -3.059956e+00  1.430000e+01
     vertex  2.861649e+00 -1.643461e+00  1.430000e+01
     vertex  2.815485e+00 -1.721349e+00  1.430000e+01
   endloop
 endfacet
 facet normal  1.101203e-15 -6.124932e-16  1.000000e+00
   outer loop
     vertex  5.300000e+00 -3.059956e+00  1.430000e+01
     vertex  2.905659e+00 -1.564336e+00  1.430000e+01
     vertex  2.861649e+00 -1.643461e+00  1.430000e+01
   endloop
 endfacet
 facet normal  1.119573e-15 -5.830842e-16  1.000000e+00
   outer loop
     vertex  5.300000e+00 -3.059956e+00  1.430000e+01
     vertex  2.947481e+00 -1.484033e+00  1.430000e+01
     vertex  2.905659e+00 -1.564336e+00  1.430000e+01
   endloop
 endfacet
 facet normal  1.139031e-15 -5.540387e-16  1.000000e+00
   outer loop
     vertex  5.300000e+00 -3.059956e+00  1.430000e+01
     vertex  2.987085e+00 -1.402613e+00  1.430000e+01
     vertex  2.947481e+00 -1.484033e+00  1.430000e+01
   endloop
 endfacet
 facet normal  1.159668e-15 -5.252388e-16  1.000000e+00
   outer loop
     vertex  5.300000e+00 -3.059956e+00  1.430000e+01
     vertex  3.024440e+00 -1.320138e+00  1.430000e+01
     vertex  2.987085e+00 -1.402613e+00  1.430000e+01
   endloop
 endfacet
 facet normal  1.181589e-15 -4.965671e-16  1.000000e+00
   outer loop
     vertex  5.300000e+00 -3.059956e+00  1.430000e+01
     vertex  3.059518e+00 -1.236668e+00  1.430000e+01
     vertex  3.024440e+00 -1.320138e+00  1.430000e+01
   endloop
 endfacet
 facet normal  1.204914e-15 -4.679049e-16  1.000000e+00
   outer loop
     vertex  5.300000e+00 -3.059956e+00  1.430000e+01
     vertex  3.092294e+00 -1.152268e+00  1.430000e+01
     vertex  3.059518e+00 -1.236668e+00  1.430000e+01
   endloop
 endfacet
 facet normal  1.229779e-15 -4.391300e-16  1.000000e+00
   outer loop
     vertex  5.300000e+00 -3.059956e+00  1.430000e+01
     vertex  3.122741e+00 -1.067000e+00  1.430000e+01
     vertex  3.092294e+00 -1.152268e+00  1.430000e+01
   endloop
 endfacet
 facet normal  1.256337e-15 -4.101151e-16  1.000000e+00
   outer loop
     vertex  5.300000e+00 -3.059956e+00  1.430000e+01
     vertex  3.150838e+00 -9.809289e-01  1.430000e+01
     vertex  3.122741e+00 -1.067000e+00  1.430000e+01
   endloop
 endfacet
 facet normal  8.881631e-16 -1.538344e-15  1.000000e+00
   outer loop
     vertex  5.300000e+00 -3.059956e+00  1.430000e+01
     vertex  1.663052e+00 -2.850309e+00  1.430000e+01
     vertex -1.124210e-15 -6.119913e+00  1.430000e+01
   endloop
 endfacet
 facet normal  8.914771e-16 -1.480853e-15  1.000000e+00
   outer loop
     vertex  5.300000e+00 -3.059956e+00  1.430000e+01
     vertex  1.740621e+00 -2.803612e+00  1.430000e+01
     vertex  1.663052e+00 -2.850309e+00  1.430000e+01
   endloop
 endfacet
 facet normal  8.971715e-16 -1.401785e-15  1.000000e+00
   outer loop
     vertex  5.300000e+00 -3.059956e+00  1.430000e+01
     vertex  1.816880e+00 -2.754804e+00  1.430000e+01
     vertex  1.740621e+00 -2.803612e+00  1.430000e+01
   endloop
 endfacet
 facet normal  9.034765e-16 -1.329818e-15  1.000000e+00
   outer loop
     vertex  5.300000e+00 -3.059956e+00  1.430000e+01
     vertex  1.891772e+00 -2.703923e+00  1.430000e+01
     vertex  1.816880e+00 -2.754804e+00  1.430000e+01
   endloop
 endfacet
 facet normal  9.103613e-16 -1.263911e-15  1.000000e+00
   outer loop
     vertex  5.300000e+00 -3.059956e+00  1.430000e+01
     vertex  1.965239e+00 -2.651006e+00  1.430000e+01
     vertex  1.891772e+00 -2.703923e+00  1.430000e+01
   endloop
 endfacet
 facet normal  1.284768e-15 -3.807254e-16  1.000000e+00
   outer loop
     vertex  3.176563e+00 -8.941194e-01  1.430000e+01
     vertex  3.150838e+00 -9.809289e-01  1.430000e+01
     vertex  5.300000e+00 -3.059956e+00  1.430000e+01
   endloop
 endfacet
 facet normal  1.315275e-15 -3.508157e-16  1.000000e+00
   outer loop
     vertex  3.199896e+00 -8.066369e-01  1.430000e+01
     vertex  3.176563e+00 -8.941194e-01  1.430000e+01
     vertex  5.300000e+00 -3.059956e+00  1.430000e+01
   endloop
 endfacet
 facet normal  1.348095e-15 -3.202278e-16  1.000000e+00
   outer loop
     vertex  3.220821e+00 -7.185472e-01  1.430000e+01
     vertex  3.199896e+00 -8.066369e-01  1.430000e+01
     vertex  5.300000e+00 -3.059956e+00  1.430000e+01
   endloop
 endfacet
 facet normal  1.383501e-15 -2.887864e-16  1.000000e+00
   outer loop
     vertex  3.239322e+00 -6.299166e-01  1.430000e+01
     vertex  3.220821e+00 -7.185472e-01  1.430000e+01
     vertex  5.300000e+00 -3.059956e+00  1.430000e+01
   endloop
 endfacet
 facet normal  1.421817e-15 -2.562951e-16  1.000000e+00
   outer loop
     vertex  3.255384e+00 -5.408118e-01  1.430000e+01
     vertex  3.239322e+00 -6.299166e-01  1.430000e+01
     vertex  5.300000e+00 -3.059956e+00  1.430000e+01
   endloop
 endfacet
 facet normal  1.463417e-15 -2.225305e-16  1.000000e+00
   outer loop
     vertex  3.268995e+00 -4.512999e-01  1.430000e+01
     vertex  3.255384e+00 -5.408118e-01  1.430000e+01
     vertex  5.300000e+00 -3.059956e+00  1.430000e+01
   endloop
 endfacet
 facet normal  1.508750e-15 -1.872359e-16  1.000000e+00
   outer loop
     vertex  3.280146e+00 -3.614482e-01  1.430000e+01
     vertex  3.268995e+00 -4.512999e-01  1.430000e+01
     vertex  5.300000e+00 -3.059956e+00  1.430000e+01
   endloop
 endfacet
 facet normal  1.558348e-15 -1.501118e-16  1.000000e+00
   outer loop
     vertex  3.288827e+00 -2.713245e-01  1.430000e+01
     vertex  3.280146e+00 -3.614482e-01  1.430000e+01
     vertex  5.300000e+00 -3.059956e+00  1.430000e+01
   endloop
 endfacet
 facet normal  1.612849e-15 -1.108052e-16  1.000000e+00
   outer loop
     vertex  3.295033e+00 -1.809966e-01  1.430000e+01
     vertex  3.288827e+00 -2.713245e-01  1.430000e+01
     vertex  5.300000e+00 -3.059956e+00  1.430000e+01
   endloop
 endfacet
 facet normal  1.673029e-15 -6.889449e-17  1.000000e+00
   outer loop
     vertex  3.298758e+00 -9.053236e-02  1.430000e+01
     vertex  3.295033e+00 -1.809966e-01  1.430000e+01
     vertex  5.300000e+00 -3.059956e+00  1.430000e+01
   endloop
 endfacet
 facet normal  1.739836e-15 -2.386987e-17  1.000000e+00
   outer loop
     vertex  3.300000e+00 -8.082669e-16  1.430000e+01
     vertex  3.298758e+00 -9.053236e-02  1.430000e+01
     vertex  5.300000e+00 -3.059956e+00  1.430000e+01
   endloop
 endfacet
 facet normal -8.881171e-16  1.538264e-15  1.000000e+00
   outer loop
     vertex  3.747366e-16  6.119913e+00  1.430000e+01
     vertex -5.300000e+00  3.059956e+00  1.430000e+01
     vertex -1.623794e+00  2.872855e+00  1.430000e+01
   endloop
 endfacet
 facet normal  8.619722e-16  1.525022e-15  1.000000e+00
   outer loop
     vertex  3.747366e-16  6.119913e+00  1.430000e+01
     vertex  1.584230e+00  2.894860e+00  1.430000e+01
     vertex  1.663052e+00  2.850309e+00  1.430000e+01
   endloop
 endfacet
 facet normal  7.884714e-16  1.488916e-15  1.000000e+00
   outer loop
     vertex  3.747366e-16  6.119913e+00  1.430000e+01
     vertex  1.504216e+00  2.937232e+00  1.430000e+01
     vertex  1.584230e+00  2.894860e+00  1.430000e+01
   endloop
 endfacet
 facet normal  7.211525e-16  1.457100e-15  1.000000e+00
   outer loop
     vertex  3.747366e-16  6.119913e+00  1.430000e+01
     vertex  1.423070e+00  2.977394e+00  1.430000e+01
     vertex  1.504216e+00  2.937232e+00  1.430000e+01
   endloop
 endfacet
 facet normal  6.590684e-16  1.428985e-15  1.000000e+00
   outer loop
     vertex  3.747366e-16  6.119913e+00  1.430000e+01
     vertex  1.340852e+00  3.015313e+00  1.430000e+01
     vertex  1.423070e+00  2.977394e+00  1.430000e+01
   endloop
 endfacet
 facet normal  6.014421e-16  1.404097e-15  1.000000e+00
   outer loop
     vertex  3.747366e-16  6.119913e+00  1.430000e+01
     vertex  1.257625e+00  3.050964e+00  1.430000e+01
     vertex  1.340852e+00  3.015313e+00  1.430000e+01
   endloop
 endfacet
 facet normal  5.476290e-16  1.382045e-15  1.000000e+00
   outer loop
     vertex  3.747366e-16  6.119913e+00  1.430000e+01
     vertex  1.173452e+00  3.084317e+00  1.430000e+01
     vertex  1.257625e+00  3.050964e+00  1.430000e+01
   endloop
 endfacet
 facet normal  4.970886e-16  1.362508e-15  1.000000e+00
   outer loop
     vertex  3.747366e-16  6.119913e+00  1.430000e+01
     vertex  1.088395e+00  3.115349e+00  1.430000e+01
     vertex  1.173452e+00  3.084317e+00  1.430000e+01
   endloop
 endfacet
 facet normal  4.493632e-16  1.345219e-15  1.000000e+00
   outer loop
     vertex  3.747366e-16  6.119913e+00  1.430000e+01
     vertex  1.002518e+00  3.144035e+00  1.430000e+01
     vertex  1.088395e+00  3.115349e+00  1.430000e+01
   endloop
 endfacet
 facet normal  4.040611e-16  1.329958e-15  1.000000e+00
   outer loop
     vertex  3.747366e-16  6.119913e+00  1.430000e+01
     vertex  9.158874e-01  3.170355e+00  1.430000e+01
     vertex  1.002518e+00  3.144035e+00  1.430000e+01
   endloop
 endfacet
 facet normal  3.608437e-16  1.316538e-15  1.000000e+00
   outer loop
     vertex  3.747366e-16  6.119913e+00  1.430000e+01
     vertex  8.285670e-01  3.194288e+00  1.430000e+01
     vertex  9.158874e-01  3.170355e+00  1.430000e+01
   endloop
 endfacet
 facet normal  3.194156e-16  1.304805e-15  1.000000e+00
   outer loop
     vertex  3.747366e-16  6.119913e+00  1.430000e+01
     vertex  7.406229e-01  3.215817e+00  1.430000e+01
     vertex  8.285670e-01  3.194288e+00  1.430000e+01
   endloop
 endfacet
 facet normal  2.795165e-16  1.294630e-15  1.000000e+00
   outer loop
     vertex  3.747366e-16  6.119913e+00  1.430000e+01
     vertex  6.521213e-01  3.234925e+00  1.430000e+01
     vertex  7.406229e-01  3.215817e+00  1.430000e+01
   endloop
 endfacet
 facet normal  2.409142e-16  1.285904e-15  1.000000e+00
   outer loop
     vertex  3.747366e-16  6.119913e+00  1.430000e+01
     vertex  5.631288e-01  3.251597e+00  1.430000e+01
     vertex  6.521213e-01  3.234925e+00  1.430000e+01
   endloop
 endfacet
 facet normal  2.033998e-16  1.278539e-15  1.000000e+00
   outer loop
     vertex  3.747366e-16  6.119913e+00  1.430000e+01
     vertex  4.737123e-01  3.265823e+00  1.430000e+01
     vertex  5.631288e-01  3.251597e+00  1.430000e+01
   endloop
 endfacet
 facet normal  1.667829e-16  1.272462e-15  1.000000e+00
   outer loop
     vertex  3.747366e-16  6.119913e+00  1.430000e+01
     vertex  3.839393e-01  3.277589e+00  1.430000e+01
     vertex  4.737123e-01  3.265823e+00  1.430000e+01
   endloop
 endfacet
 facet normal  1.308877e-16  1.267613e-15  1.000000e+00
   outer loop
     vertex  3.747366e-16  6.119913e+00  1.430000e+01
     vertex  2.938773e-01  3.286889e+00  1.430000e+01
     vertex  3.839393e-01  3.277589e+00  1.430000e+01
   endloop
 endfacet
 facet normal  9.555014e-17  1.263947e-15  1.000000e+00
   outer loop
     vertex  3.747366e-16  6.119913e+00  1.430000e+01
     vertex  2.035940e-01  3.293714e+00  1.430000e+01
     vertex  2.938773e-01  3.286889e+00  1.430000e+01
   endloop
 endfacet
 facet normal  6.061495e-17  1.261431e-15  1.000000e+00
   outer loop
     vertex  3.747366e-16  6.119913e+00  1.430000e+01
     vertex  1.131575e-01  3.298059e+00  1.430000e+01
     vertex  2.035940e-01  3.293714e+00  1.430000e+01
   endloop
 endfacet
 facet normal  2.593291e-17  1.260040e-15  1.000000e+00
   outer loop
     vertex  3.747366e-16  6.119913e+00  1.430000e+01
     vertex  2.263575e-02  3.299922e+00  1.430000e+01
     vertex  1.131575e-01  3.298059e+00  1.430000e+01
   endloop
 endfacet
 facet normal -8.641315e-18  1.259762e-15  1.000000e+00
   outer loop
     vertex  3.747366e-16  6.119913e+00  1.430000e+01
     vertex -6.790300e-02  3.299301e+00  1.430000e+01
     vertex  2.263575e-02  3.299922e+00  1.430000e+01
   endloop
 endfacet
 facet normal -4.325144e-17  1.260596e-15  1.000000e+00
   outer loop
     vertex  3.747366e-16  6.119913e+00  1.430000e+01
     vertex -1.583906e-01  3.296197e+00  1.430000e+01
     vertex -6.790300e-02  3.299301e+00  1.430000e+01
   endloop
 endfacet
 facet normal -7.804170e-17  1.262547e-15  1.000000e+00
   outer loop
     vertex  3.747366e-16  6.119913e+00  1.430000e+01
     vertex -2.487590e-01  3.290611e+00  1.430000e+01
     vertex -1.583906e-01  3.296197e+00  1.430000e+01
   endloop
 endfacet
 facet normal -1.131591e-16  1.265635e-15  1.000000e+00
   outer loop
     vertex  3.747366e-16  6.119913e+00  1.430000e+01
     vertex -3.389402e-01  3.282548e+00  1.430000e+01
     vertex -2.487590e-01  3.290611e+00  1.430000e+01
   endloop
 endfacet
 facet normal -1.487555e-16  1.269887e-15  1.000000e+00
   outer loop
     vertex  3.747366e-16  6.119913e+00  1.430000e+01
     vertex -4.288662e-01  3.272014e+00  1.430000e+01
     vertex -3.389402e-01  3.282548e+00  1.430000e+01
   endloop
 endfacet
 facet normal -1.849904e-16  1.275344e-15  1.000000e+00
   outer loop
     vertex  3.747366e-16  6.119913e+00  1.430000e+01
     vertex -5.184693e-01  3.259017e+00  1.430000e+01
     vertex -4.288662e-01  3.272014e+00  1.430000e+01
   endloop
 endfacet
 facet normal -2.220333e-16  1.282057e-15  1.000000e+00
   outer loop
     vertex  3.747366e-16  6.119913e+00  1.430000e+01
     vertex -6.076822e-01  3.243566e+00  1.430000e+01
     vertex -5.184693e-01  3.259017e+00  1.430000e+01
   endloop
 endfacet
 facet normal -2.600668e-16  1.290092e-15  1.000000e+00
   outer loop
     vertex  3.747366e-16  6.119913e+00  1.430000e+01
     vertex -6.964376e-01  3.225674e+00  1.430000e+01
     vertex -6.076822e-01  3.243566e+00  1.430000e+01
   endloop
 endfacet
 facet normal -2.992900e-16  1.299530e-15  1.000000e+00
   outer loop
     vertex  3.747366e-16  6.119913e+00  1.430000e+01
     vertex -7.846688e-01  3.205354e+00  1.430000e+01
     vertex -6.964376e-01  3.225674e+00  1.430000e+01
   endloop
 endfacet
 facet normal -3.399230e-16  1.310470e-15  1.000000e+00
   outer loop
     vertex  3.747366e-16  6.119913e+00  1.430000e+01
     vertex -8.723093e-01  3.182621e+00  1.430000e+01
     vertex -7.846688e-01  3.205354e+00  1.430000e+01
   endloop
 endfacet
 facet normal -3.822111e-16  1.323028e-15  1.000000e+00
   outer loop
     vertex  3.747366e-16  6.119913e+00  1.430000e+01
     vertex -9.592932e-01  3.157492e+00  1.430000e+01
     vertex -8.723093e-01  3.182621e+00  1.430000e+01
   endloop
 endfacet
 facet normal -4.264315e-16  1.337348e-15  1.000000e+00
   outer loop
     vertex  3.747366e-16  6.119913e+00  1.430000e+01
     vertex -1.045555e+00  3.129986e+00  1.430000e+01
     vertex -9.592932e-01  3.157492e+00  1.430000e+01
   endloop
 endfacet
 facet normal -4.728999e-16  1.353597e-15  1.000000e+00
   outer loop
     vertex  3.747366e-16  6.119913e+00  1.430000e+01
     vertex -1.131030e+00  3.100125e+00  1.430000e+01
     vertex -1.045555e+00  3.129986e+00  1.430000e+01
   endloop
 endfacet
 facet normal -5.219800e-16  1.371980e-15  1.000000e+00
   outer loop
     vertex  3.747366e-16  6.119913e+00  1.430000e+01
     vertex -1.215653e+00  3.067929e+00  1.430000e+01
     vertex -1.131030e+00  3.100125e+00  1.430000e+01
   endloop
 endfacet
 facet normal -5.740948e-16  1.392738e-15  1.000000e+00
   outer loop
     vertex  3.747366e-16  6.119913e+00  1.430000e+01
     vertex -1.299361e+00  3.033424e+00  1.430000e+01
     vertex -1.215653e+00  3.067929e+00  1.430000e+01
   endloop
 endfacet
 facet normal -6.297410e-16  1.416164e-15  1.000000e+00
   outer loop
     vertex  3.747366e-16  6.119913e+00  1.430000e+01
     vertex -1.382091e+00  2.996636e+00  1.430000e+01
     vertex -1.299361e+00  3.033424e+00  1.430000e+01
   endloop
 endfacet
 facet normal -6.895082e-16  1.442612e-15  1.000000e+00
   outer loop
     vertex  3.747366e-16  6.119913e+00  1.430000e+01
     vertex -1.463781e+00  2.957591e+00  1.430000e+01
     vertex -1.382091e+00  2.996636e+00  1.430000e+01
   endloop
 endfacet
 facet normal -7.541029e-16  1.472512e-15  1.000000e+00
   outer loop
     vertex  3.747366e-16  6.119913e+00  1.430000e+01
     vertex -1.544368e+00  2.916321e+00  1.430000e+01
     vertex -1.463781e+00  2.957591e+00  1.430000e+01
   endloop
 endfacet
 facet normal -8.243819e-16  1.506391e-15  1.000000e+00
   outer loop
     vertex  3.747366e-16  6.119913e+00  1.430000e+01
     vertex -1.623794e+00  2.872855e+00  1.430000e+01
     vertex -1.544368e+00  2.916321e+00  1.430000e+01
   endloop
 endfacet
 facet normal  1.739836e-15  2.386987e-17  1.000000e+00
   outer loop
     vertex  5.300000e+00  3.059956e+00  1.430000e+01
     vertex  3.298758e+00  9.053236e-02  1.430000e+01
     vertex  3.300000e+00 -8.082669e-16  1.430000e+01
   endloop
 endfacet
 facet normal  1.673029e-15  6.889449e-17  1.000000e+00
   outer loop
     vertex  5.300000e+00  3.059956e+00  1.430000e+01
     vertex  3.295033e+00  1.809966e-01  1.430000e+01
     vertex  3.298758e+00  9.053236e-02  1.430000e+01
   endloop
 endfacet
 facet normal  1.612849e-15  1.108052e-16  1.000000e+00
   outer loop
     vertex  5.300000e+00  3.059956e+00  1.430000e+01
     vertex  3.288827e+00  2.713245e-01  1.430000e+01
     vertex  3.295033e+00  1.809966e-01  1.430000e+01
   endloop
 endfacet
 facet normal  1.558348e-15  1.501118e-16  1.000000e+00
   outer loop
     vertex  5.300000e+00  3.059956e+00  1.430000e+01
     vertex  3.280146e+00  3.614482e-01  1.430000e+01
     vertex  3.288827e+00  2.713245e-01  1.430000e+01
   endloop
 endfacet
 facet normal  1.508750e-15  1.872359e-16  1.000000e+00
   outer loop
     vertex  5.300000e+00  3.059956e+00  1.430000e+01
     vertex  3.268995e+00  4.512999e-01  1.430000e+01
     vertex  3.280146e+00  3.614482e-01  1.430000e+01
   endloop
 endfacet
 facet normal  1.463417e-15  2.225305e-16  1.000000e+00
   outer loop
     vertex  5.300000e+00  3.059956e+00  1.430000e+01
     vertex  3.255384e+00  5.408118e-01  1.430000e+01
     vertex  3.268995e+00  4.512999e-01  1.430000e+01
   endloop
 endfacet
 facet normal  1.421817e-15  2.562951e-16  1.000000e+00
   outer loop
     vertex  5.300000e+00  3.059956e+00  1.430000e+01
     vertex  3.239322e+00  6.299166e-01  1.430000e+01
     vertex  3.255384e+00  5.408118e-01  1.430000e+01
   endloop
 endfacet
 facet normal  1.383501e-15  2.887864e-16  1.000000e+00
   outer loop
     vertex  5.300000e+00  3.059956e+00  1.430000e+01
     vertex  3.220821e+00  7.185472e-01  1.430000e+01
     vertex  3.239322e+00  6.299166e-01  1.430000e+01
   endloop
 endfacet
 facet normal  1.348095e-15  3.202278e-16  1.000000e+00
   outer loop
     vertex  5.300000e+00  3.059956e+00  1.430000e+01
     vertex  3.199896e+00  8.066369e-01  1.430000e+01
     vertex  3.220821e+00  7.185472e-01  1.430000e+01
   endloop
 endfacet
 facet normal  1.315275e-15  3.508157e-16  1.000000e+00
   outer loop
     vertex  5.300000e+00  3.059956e+00  1.430000e+01
     vertex  3.176563e+00  8.941194e-01  1.430000e+01
     vertex  3.199896e+00  8.066369e-01  1.430000e+01
   endloop
 endfacet
 facet normal  1.284768e-15  3.807254e-16  1.000000e+00
   outer loop
     vertex  5.300000e+00  3.059956e+00  1.430000e+01
     vertex  3.150838e+00  9.809289e-01  1.430000e+01
     vertex  3.176563e+00  8.941194e-01  1.430000e+01
   endloop
 endfacet
 facet normal  1.256337e-15  4.101151e-16  1.000000e+00
   outer loop
     vertex  5.300000e+00  3.059956e+00  1.430000e+01
     vertex  3.122741e+00  1.067000e+00  1.430000e+01
     vertex  3.150838e+00  9.809289e-01  1.430000e+01
   endloop
 endfacet
 facet normal  1.229779e-15  4.391300e-16  1.000000e+00
   outer loop
     vertex  5.300000e+00  3.059956e+00  1.430000e+01
     vertex  3.092294e+00  1.152268e+00  1.430000e+01
     vertex  3.122741e+00  1.067000e+00  1.430000e+01
   endloop
 endfacet
 facet normal  1.204914e-15  4.679049e-16  1.000000e+00
   outer loop
     vertex  5.300000e+00  3.059956e+00  1.430000e+01
     vertex  3.059518e+00  1.236668e+00  1.430000e+01
     vertex  3.092294e+00  1.152268e+00  1.430000e+01
   endloop
 endfacet
 facet normal  1.181589e-15  4.965671e-16  1.000000e+00
   outer loop
     vertex  5.300000e+00  3.059956e+00  1.430000e+01
     vertex  3.024440e+00  1.320138e+00  1.430000e+01
     vertex  3.059518e+00  1.236668e+00  1.430000e+01
   endloop
 endfacet
 facet normal  1.159668e-15  5.252388e-16  1.000000e+00
   outer loop
     vertex  5.300000e+00  3.059956e+00  1.430000e+01
     vertex  2.987085e+00  1.402613e+00  1.430000e+01
     vertex  3.024440e+00  1.320138e+00  1.430000e+01
   endloop
 endfacet
 facet normal  1.139031e-15  5.540387e-16  1.000000e+00
   outer loop
     vertex  5.300000e+00  3.059956e+00  1.430000e+01
     vertex  2.947481e+00  1.484033e+00  1.430000e+01
     vertex  2.987085e+00  1.402613e+00  1.430000e+01
   endloop
 endfacet
 facet normal  1.119573e-15  5.830842e-16  1.000000e+00
   outer loop
     vertex  5.300000e+00  3.059956e+00  1.430000e+01
     vertex  2.905659e+00  1.564336e+00  1.430000e+01
     vertex  2.947481e+00  1.484033e+00  1.430000e+01
   endloop
 endfacet
 facet normal  1.101203e-15  6.124932e-16  1.000000e+00
   outer loop
     vertex  5.300000e+00  3.059956e+00  1.430000e+01
     vertex  2.861649e+00  1.643461e+00  1.430000e+01
     vertex  2.905659e+00  1.564336e+00  1.430000e+01
   endloop
 endfacet
 facet normal  1.083838e-15  6.423857e-16  1.000000e+00
   outer loop
     vertex  5.300000e+00  3.059956e+00  1.430000e+01
     vertex  2.815485e+00  1.721349e+00  1.430000e+01
     vertex  2.861649e+00  1.643461e+00  1.430000e+01
   endloop
 endfacet
 facet normal  1.067405e-15  6.728856e-16  1.000000e+00
   outer loop
     vertex  5.300000e+00  3.059956e+00  1.430000e+01
     vertex  2.767202e+00  1.797942e+00  1.430000e+01
     vertex  2.815485e+00  1.721349e+00  1.430000e+01
   endloop
 endfacet
 facet normal  1.051841e-15  7.041228e-16  1.000000e+00
   outer loop
     vertex  5.300000e+00  3.059956e+00  1.430000e+01
     vertex  2.716836e+00  1.873180e+00  1.430000e+01
     vertex  2.767202e+00  1.797942e+00  1.430000e+01
   endloop
 endfacet
 facet normal  1.037088e-15  7.362349e-16  1.000000e+00
   outer loop
     vertex  5.300000e+00  3.059956e+00  1.430000e+01
     vertex  2.664424e+00  1.947009e+00  1.430000e+01
     vertex  2.716836e+00  1.873180e+00  1.430000e+01
   endloop
 endfacet
 facet normal  1.023095e-15  7.693696e-16  1.000000e+00
   outer loop
     vertex  5.300000e+00  3.059956e+00  1.430000e+01
     vertex  2.610007e+00  2.019372e+00  1.430000e+01
     vertex  2.664424e+00  1.947009e+00  1.430000e+01
   endloop
 endfacet
 facet normal  8.881631e-16  1.538344e-15  1.000000e+00
   outer loop
     vertex  5.300000e+00  3.059956e+00  1.430000e+01
     vertex  3.747366e-16  6.119913e+00  1.430000e+01
     vertex  1.663052e+00  2.850309e+00  1.430000e+01
   endloop
 endfacet
 facet normal  1.009820e-15  8.036872e-16  1.000000e+00
   outer loop
     vertex  5.300000e+00  3.059956e+00  1.430000e+01
     vertex  2.553625e+00  2.090215e+00  1.430000e+01
     vertex  2.610007e+00  2.019372e+00  1.430000e+01
   endloop
 endfacet
 facet normal  9.972231e-16  8.393632e-16  1.000000e+00
   outer loop
     vertex  5.300000e+00  3.059956e+00  1.430000e+01
     vertex  2.495321e+00  2.159485e+00  1.430000e+01
     vertex  2.553625e+00  2.090215e+00  1.430000e+01
   endloop
 endfacet
 facet normal  9.852704e-16  8.765920e-16  1.000000e+00
   outer loop
     vertex  5.300000e+00  3.059956e+00  1.430000e+01
     vertex  2.435138e+00  2.227129e+00  1.430000e+01
     vertex  2.495321e+00  2.159485e+00  1.430000e+01
   endloop
 endfacet
 facet normal  9.739333e-16  9.155905e-16  1.000000e+00
   outer loop
     vertex  5.300000e+00  3.059956e+00  1.430000e+01
     vertex  2.373122e+00  2.293096e+00  1.430000e+01
     vertex  2.435138e+00  2.227129e+00  1.430000e+01
   endloop
 endfacet
 facet normal  9.631877e-16  9.566034e-16  1.000000e+00
   outer loop
     vertex  5.300000e+00  3.059956e+00  1.430000e+01
     vertex  2.309320e+00  2.357337e+00  1.430000e+01
     vertex  2.373122e+00  2.293096e+00  1.430000e+01
   endloop
 endfacet
 facet normal  9.530138e-16  9.999082e-16  1.000000e+00
   outer loop
     vertex  5.300000e+00  3.059956e+00  1.430000e+01
     vertex  2.243780e+00  2.419804e+00  1.430000e+01
     vertex  2.309320e+00  2.357337e+00  1.430000e+01
   endloop
 endfacet
 facet normal  9.433966e-16  1.045823e-15  1.000000e+00
   outer loop
     vertex  5.300000e+00  3.059956e+00  1.430000e+01
     vertex  2.176550e+00  2.480449e+00  1.430000e+01
     vertex  2.243780e+00  2.419804e+00  1.430000e+01
   endloop
 endfacet
 facet normal  9.343255e-16  1.094715e-15  1.000000e+00
   outer loop
     vertex  5.300000e+00  3.059956e+00  1.430000e+01
     vertex  2.107682e+00  2.539227e+00  1.430000e+01
     vertex  2.176550e+00  2.480449e+00  1.430000e+01
   endloop
 endfacet
 facet normal  9.257951e-16  1.147010e-15  1.000000e+00
   outer loop
     vertex  5.300000e+00  3.059956e+00  1.430000e+01
     vertex  2.037228e+00  2.596094e+00  1.430000e+01
     vertex  2.107682e+00  2.539227e+00  1.430000e+01
   endloop
 endfacet
 facet normal  9.178050e-16  1.203212e-15  1.000000e+00
   outer loop
     vertex  5.300000e+00  3.059956e+00  1.430000e+01
     vertex  1.965239e+00  2.651006e+00  1.430000e+01
     vertex  2.037228e+00  2.596094e+00  1.430000e+01
   endloop
 endfacet
 facet normal  9.103613e-16  1.263911e-15  1.000000e+00
   outer loop
     vertex  5.300000e+00  3.059956e+00  1.430000e+01
     vertex  1.891772e+00  2.703923e+00  1.430000e+01
     vertex  1.965239e+00  2.651006e+00  1.430000e+01
   endloop
 endfacet
 facet normal  9.034765e-16  1.329818e-15  1.000000e+00
   outer loop
     vertex  5.300000e+00  3.059956e+00  1.430000e+01
     vertex  1.816880e+00  2.754804e+00  1.430000e+01
     vertex  1.891772e+00  2.703923e+00  1.430000e+01
   endloop
 endfacet
 facet normal  8.971715e-16  1.401785e-15  1.000000e+00
   outer loop
     vertex  5.300000e+00  3.059956e+00  1.430000e+01
     vertex  1.740621e+00  2.803612e+00  1.430000e+01
     vertex  1.816880e+00  2.754804e+00  1.430000e+01
   endloop
 endfacet
 facet normal  8.914771e-16  1.480853e-15  1.000000e+00
   outer loop
     vertex  5.300000e+00  3.059956e+00  1.430000e+01
     vertex  1.663052e+00  2.850309e+00  1.430000e+01
     vertex  1.740621e+00  2.803612e+00  1.430000e+01
   endloop
 endfacet
 facet normal  1.776357e-15 -5.156027e-31  1.000000e+00
   outer loop
     vertex  5.300000e+00  3.059956e+00  1.430000e+01
     vertex  3.300000e+00 -8.082669e-16  1.430000e+01
     vertex  5.300000e+00 -3.059956e+00  1.430000e+01
   endloop
 endfacet
 facet normal -5.000000e-01  8.660254e-01 -3.415354e-17
   outer loop
     vertex  5.300000e+00 -3.059956e+00  1.430000e+01
     vertex -1.124210e-15 -6.119913e+00  1.430000e+01
     vertex -1.124210e-15 -6.119913e+00  2.030000e+01
   endloop
 endfacet
 facet normal -5.000000e-01  8.660254e-01  0.000000e+00
   outer loop
     vertex  5.300000e+00 -3.059956e+00  1.430000e+01
     vertex -1.124210e-15 -6.119913e+00  2.030000e+01
     vertex  5.300000e+00 -3.059956e+00  2.030000e+01
   endloop
 endfacet
 facet normal  1.916061e-15  1.955901e-15 -1.000000e+00
   outer loop
     vertex -2.276764e+00 -2.388796e+00  2.030000e+01
     vertex -5.300000e+00 -3.059956e+00  2.030000e+01
     vertex -2.341442e+00 -2.325436e+00  2.030000e+01
   endloop
 endfacet
 facet normal  1.936976e-15  1.871657e-15 -1.000000e+00
   outer loop
     vertex -2.404356e+00 -2.260325e+00  2.030000e+01
     vertex -2.341442e+00 -2.325436e+00  2.030000e+01
     vertex -5.300000e+00 -3.059956e+00  2.030000e+01
   endloop
 endfacet
 facet normal  1.896273e-15  2.045035e-15 -1.000000e+00
   outer loop
     vertex -2.210373e+00 -2.450357e+00  2.030000e+01
     vertex -5.300000e+00 -3.059956e+00  2.030000e+01
     vertex -2.276764e+00 -2.388796e+00  2.030000e+01
   endloop
 endfacet
 facet normal  1.959053e-15  1.791711e-15 -1.000000e+00
   outer loop
     vertex -2.465461e+00 -2.193513e+00  2.030000e+01
     vertex -2.404356e+00 -2.260325e+00  2.030000e+01
     vertex -5.300000e+00 -3.059956e+00  2.030000e+01
   endloop
 endfacet
 facet normal  1.877587e-15  2.139743e-15 -1.000000e+00
   outer loop
     vertex -2.142318e+00 -2.510075e+00  2.030000e+01
     vertex -5.300000e+00 -3.059956e+00  2.030000e+01
     vertex -2.210373e+00 -2.450357e+00  2.030000e+01
   endloop
 endfacet
 facet normal  1.982336e-15  1.715541e-15 -1.000000e+00
   outer loop
     vertex -2.524710e+00 -2.125050e+00  2.030000e+01
     vertex -2.465461e+00 -2.193513e+00  2.030000e+01
     vertex -5.300000e+00 -3.059956e+00  2.030000e+01
   endloop
 endfacet
 facet normal  1.859986e-15  2.240815e-15 -1.000000e+00
   outer loop
     vertex -2.072650e+00 -2.567902e+00  2.030000e+01
     vertex -5.300000e+00 -3.059956e+00  2.030000e+01
     vertex -2.142318e+00 -2.510075e+00  2.030000e+01
   endloop
 endfacet
 facet normal  2.006878e-15  1.642687e-15 -1.000000e+00
   outer loop
     vertex -2.582059e+00 -2.054987e+00  2.030000e+01
     vertex -2.524710e+00 -2.125050e+00  2.030000e+01
     vertex -5.300000e+00 -3.059956e+00  2.030000e+01
   endloop
 endfacet
 facet normal  1.843465e-15  2.349176e-15 -1.000000e+00
   outer loop
     vertex -2.001422e+00 -2.623797e+00  2.030000e+01
     vertex -5.300000e+00 -3.059956e+00  2.030000e+01
     vertex -2.072650e+00 -2.567902e+00  2.030000e+01
   endloop
 endfacet
 facet normal  2.032742e-15  1.572740e-15 -1.000000e+00
   outer loop
     vertex -2.637464e+00 -1.983377e+00  2.030000e+01
     vertex -2.582059e+00 -2.054987e+00  2.030000e+01
     vertex -5.300000e+00 -3.059956e+00  2.030000e+01
   endloop
 endfacet
 facet normal  1.828029e-15  2.465916e-15 -1.000000e+00
   outer loop
     vertex -1.928687e+00 -2.677716e+00  2.030000e+01
     vertex -5.300000e+00 -3.059956e+00  2.030000e+01
     vertex -2.001422e+00 -2.623797e+00  2.030000e+01
   endloop
 endfacet
 facet normal  2.059999e-15  1.505329e-15 -1.000000e+00
   outer loop
     vertex -2.690883e+00 -1.910275e+00  2.030000e+01
     vertex -2.637464e+00 -1.983377e+00  2.030000e+01
     vertex -5.300000e+00 -3.059956e+00  2.030000e+01
   endloop
 endfacet
 facet normal  1.813696e-15  2.592328e-15 -1.000000e+00
   outer loop
     vertex -1.854501e+00 -2.729620e+00  2.030000e+01
     vertex -5.300000e+00 -3.059956e+00  2.030000e+01
     vertex -1.928687e+00 -2.677716e+00  2.030000e+01
   endloop
 endfacet
 facet normal  2.088732e-15  1.440121e-15 -1.000000e+00
   outer loop
     vertex -2.742277e+00 -1.835734e+00  2.030000e+01
     vertex -2.690883e+00 -1.910275e+00  2.030000e+01
     vertex -5.300000e+00 -3.059956e+00  2.030000e+01
   endloop
 endfacet
 facet normal  1.800500e-15  2.729967e-15 -1.000000e+00
   outer loop
     vertex -1.778918e+00 -2.779469e+00  2.030000e+01
     vertex -5.300000e+00 -3.059956e+00  2.030000e+01
     vertex -1.854501e+00 -2.729620e+00  2.030000e+01
   endloop
 endfacet
 facet normal  2.119036e-15  1.376807e-15 -1.000000e+00
   outer loop
     vertex -2.791606e+00 -1.759811e+00  2.030000e+01
     vertex -2.742277e+00 -1.835734e+00  2.030000e+01
     vertex -5.300000e+00 -3.059956e+00  2.030000e+01
   endloop
 endfacet
 facet normal  1.788491e-15  2.880716e-15 -1.000000e+00
   outer loop
     vertex -1.701997e+00 -2.827226e+00  2.030000e+01
     vertex -5.300000e+00 -3.059956e+00  2.030000e+01
     vertex -1.778918e+00 -2.779469e+00  2.030000e+01
   endloop
 endfacet
 facet normal  2.151019e-15  1.315103e-15 -1.000000e+00
   outer loop
     vertex -2.838834e+00 -1.682564e+00  2.030000e+01
     vertex -2.791606e+00 -1.759811e+00  2.030000e+01
     vertex -5.300000e+00 -3.059956e+00  2.030000e+01
   endloop
 endfacet
 facet normal  1.776234e-15  3.076528e-15 -1.000000e+00
   outer loop
     vertex -1.623794e+00 -2.872855e+00  2.030000e+01
     vertex -1.124210e-15 -6.119913e+00  2.030000e+01
     vertex -5.300000e+00 -3.059956e+00  2.030000e+01
   endloop
 endfacet
 facet normal  1.777743e-15  3.046879e-15 -1.000000e+00
   outer loop
     vertex -1.623794e+00 -2.872855e+00  2.030000e+01
     vertex -5.300000e+00 -3.059956e+00  2.030000e+01
     vertex -1.701997e+00 -2.827226e+00  2.030000e+01
   endloop
 endfacet
 facet normal  2.184799e-15  1.254743e-15 -1.000000e+00
   outer loop
     vertex -2.883925e+00 -1.604050e+00  2.030000e+01
     vertex -2.838834e+00 -1.682564e+00  2.030000e+01
     vertex -5.300000e+00 -3.059956e+00  2.030000e+01
   endloop
 endfacet
 facet normal  1.648764e-15  3.012782e-15 -1.000000e+00
   outer loop
     vertex -1.544368e+00 -2.916321e+00  2.030000e+01
     vertex -1.124210e-15 -6.119913e+00  2.030000e+01
     vertex -1.623794e+00 -2.872855e+00  2.030000e+01
   endloop
 endfacet
 facet normal  2.220516e-15  1.195472e-15 -1.000000e+00
   outer loop
     vertex -2.926845e+00 -1.524328e+00  2.030000e+01
     vertex -2.883925e+00 -1.604050e+00  2.030000e+01
     vertex -5.300000e+00 -3.059956e+00  2.030000e+01
   endloop
 endfacet
 facet normal  1.508206e-15  2.945023e-15 -1.000000e+00
   outer loop
     vertex -1.463781e+00 -2.957591e+00  2.030000e+01
     vertex -1.124210e-15 -6.119913e+00  2.030000e+01
     vertex -1.544368e+00 -2.916321e+00  2.030000e+01
   endloop
 endfacet
 facet normal  2.258321e-15  1.137047e-15 -1.000000e+00
   outer loop
     vertex -2.967562e+00 -1.443459e+00  2.030000e+01
     vertex -2.926845e+00 -1.524328e+00  2.030000e+01
     vertex -5.300000e+00 -3.059956e+00  2.030000e+01
   endloop
 endfacet
 facet normal  1.379016e-15  2.885224e-15 -1.000000e+00
   outer loop
     vertex -1.382091e+00 -2.996636e+00  2.030000e+01
     vertex -1.124210e-15 -6.119913e+00  2.030000e+01
     vertex -1.463781e+00 -2.957591e+00  2.030000e+01
   endloop
 endfacet
 facet normal  2.298391e-15  1.079231e-15 -1.000000e+00
   outer loop
     vertex -3.006045e+00 -1.361504e+00  2.030000e+01
     vertex -2.967562e+00 -1.443459e+00  2.030000e+01
     vertex -5.300000e+00 -3.059956e+00  2.030000e+01
   endloop
 endfacet
 facet normal  1.259482e-15  2.832328e-15 -1.000000e+00
   outer loop
     vertex -1.299361e+00 -3.033424e+00  2.030000e+01
     vertex -1.124210e-15 -6.119913e+00  2.030000e+01
     vertex -1.382091e+00 -2.996636e+00  2.030000e+01
   endloop
 endfacet
 facet normal  2.340921e-15  1.021789e-15 -1.000000e+00
   outer loop
     vertex -3.042265e+00 -1.278523e+00  2.030000e+01
     vertex -3.006045e+00 -1.361504e+00  2.030000e+01
     vertex -5.300000e+00 -3.059956e+00  2.030000e+01
   endloop
 endfacet
 facet normal  1.148190e-15  2.785476e-15 -1.000000e+00
   outer loop
     vertex -1.215653e+00 -3.067929e+00  2.030000e+01
     vertex -1.124210e-15 -6.119913e+00  2.030000e+01
     vertex -1.299361e+00 -3.033424e+00  2.030000e+01
   endloop
 endfacet
 facet normal  2.386136e-15  9.644847e-16 -1.000000e+00
   outer loop
     vertex -3.076195e+00 -1.194580e+00  2.030000e+01
     vertex -3.042265e+00 -1.278523e+00  2.030000e+01
     vertex -5.300000e+00 -3.059956e+00  2.030000e+01
   endloop
 endfacet
 facet normal  1.043960e-15  2.743960e-15 -1.000000e+00
   outer loop
     vertex -1.131030e+00 -3.100125e+00  2.030000e+01
     vertex -1.124210e-15 -6.119913e+00  2.030000e+01
     vertex -1.215653e+00 -3.067929e+00  2.030000e+01
   endloop
 endfacet
 facet normal  2.434290e-15  9.070786e-16 -1.000000e+00
   outer loop
     vertex -3.107810e+00 -1.109738e+00  2.030000e+01
     vertex -3.076195e+00 -1.194580e+00  2.030000e+01
     vertex -5.300000e+00 -3.059956e+00  2.030000e+01
   endloop
 endfacet
 facet normal  9.457998e-16  2.707195e-15 -1.000000e+00
   outer loop
     vertex -1.045555e+00 -3.129986e+00  2.030000e+01
     vertex -1.124210e-15 -6.119913e+00  2.030000e+01
     vertex -1.131030e+00 -3.100125e+00  2.030000e+01
   endloop
 endfacet
 facet normal  2.485672e-15  8.493215e-16 -1.000000e+00
   outer loop
     vertex -3.137085e+00 -1.024061e+00  2.030000e+01
     vertex -3.107810e+00 -1.109738e+00  2.030000e+01
     vertex -5.300000e+00 -3.059956e+00  2.030000e+01
   endloop
 endfacet
 facet normal  8.528630e-16  2.674695e-15 -1.000000e+00
   outer loop
     vertex -9.592932e-01 -3.157492e+00  2.030000e+01
     vertex -1.124210e-15 -6.119913e+00  2.030000e+01
     vertex -1.045555e+00 -3.129986e+00  2.030000e+01
   endloop
 endfacet
 facet normal  2.540613e-15  7.909519e-16 -1.000000e+00
   outer loop
     vertex -3.163998e+00 -9.376124e-01  2.030000e+01
     vertex -3.137085e+00 -1.024061e+00  2.030000e+01
     vertex -5.300000e+00 -3.059956e+00  2.030000e+01
   endloop
 endfacet
 facet normal  7.644223e-16  2.646056e-15 -1.000000e+00
   outer loop
     vertex -8.723093e-01 -3.182621e+00  2.030000e+01
     vertex -1.124210e-15 -6.119913e+00  2.030000e+01
     vertex -9.592932e-01 -3.157492e+00  2.030000e+01
   endloop
 endfacet
 facet normal  2.599496e-15  7.316902e-16 -1.000000e+00
   outer loop
     vertex -3.188530e+00 -8.504582e-01  2.030000e+01
     vertex -3.163998e+00 -9.376124e-01  2.030000e+01
     vertex -5.300000e+00 -3.059956e+00  2.030000e+01
   endloop
 endfacet
 facet normal  6.798459e-16  2.620939e-15 -1.000000e+00
   outer loop
     vertex -7.846688e-01 -3.205354e+00  2.030000e+01
     vertex -1.124210e-15 -6.119913e+00  2.030000e+01
     vertex -8.723093e-01 -3.182621e+00  2.030000e+01
   endloop
 endfacet
 facet normal  2.662759e-15  6.712341e-16 -1.000000e+00
   outer loop
     vertex -3.210661e+00 -7.626638e-01  2.030000e+01
     vertex -3.188530e+00 -8.504582e-01  2.030000e+01
     vertex -5.300000e+00 -3.059956e+00  2.030000e+01
   endloop
 endfacet
 facet normal  5.985800e-16  2.599060e-15 -1.000000e+00
   outer loop
     vertex -6.964376e-01 -3.225674e+00  2.030000e+01
     vertex -1.124210e-15 -6.119913e+00  2.030000e+01
     vertex -7.846688e-01 -3.205354e+00  2.030000e+01
   endloop
 endfacet
 facet normal  2.730911e-15  6.092510e-16 -1.000000e+00
   outer loop
     vertex -3.230375e+00 -6.742953e-01  2.030000e+01
     vertex -3.210661e+00 -7.626638e-01  2.030000e+01
     vertex -5.300000e+00 -3.059956e+00  2.030000e+01
   endloop
 endfacet
 facet normal  5.201336e-16  2.580184e-15 -1.000000e+00
   outer loop
     vertex -6.076822e-01 -3.243566e+00  2.030000e+01
     vertex -1.124210e-15 -6.119913e+00  2.030000e+01
     vertex -6.964376e-01 -3.225674e+00  2.030000e+01
   endloop
 endfacet
 facet normal  2.804547e-15  5.453705e-16 -1.000000e+00
   outer loop
     vertex -3.247658e+00 -5.854193e-01  2.030000e+01
     vertex -3.230375e+00 -6.742953e-01  2.030000e+01
     vertex -5.300000e+00 -3.059956e+00  2.030000e+01
   endloop
 endfacet
 facet normal  4.440667e-16  2.564113e-15 -1.000000e+00
   outer loop
     vertex -5.184693e-01 -3.259017e+00  2.030000e+01
     vertex -1.124210e-15 -6.119913e+00  2.030000e+01
     vertex -6.076822e-01 -3.243566e+00  2.030000e+01
   endloop
 endfacet
 facet normal  2.884360e-15  4.791742e-16 -1.000000e+00
   outer loop
     vertex -3.262496e+00 -4.961025e-01  2.030000e+01
     vertex -3.247658e+00 -5.854193e-01  2.030000e+01
     vertex -5.300000e+00 -3.059956e+00  2.030000e+01
   endloop
 endfacet
 facet normal  3.699809e-16  2.550687e-15 -1.000000e+00
   outer loop
     vertex -4.288662e-01 -3.272014e+00  2.030000e+01
     vertex -1.124210e-15 -6.119913e+00  2.030000e+01
     vertex -5.184693e-01 -3.259017e+00  2.030000e+01
   endloop
 endfacet
 facet normal  2.971173e-15  4.101841e-16 -1.000000e+00
   outer loop
     vertex -3.274878e+00 -4.064123e-01  2.030000e+01
     vertex -3.262496e+00 -4.961025e-01  2.030000e+01
     vertex -5.300000e+00 -3.059956e+00  2.030000e+01
   endloop
 endfacet
 facet normal  2.975111e-16  2.539774e-15 -1.000000e+00
   outer loop
     vertex -3.389402e-01 -3.282548e+00  2.030000e+01
     vertex -1.124210e-15 -6.119913e+00  2.030000e+01
     vertex -4.288662e-01 -3.272014e+00  2.030000e+01
   endloop
 endfacet
 facet normal  3.065958e-15  3.378463e-16 -1.000000e+00
   outer loop
     vertex -3.284795e+00 -3.164162e-01  2.030000e+01
     vertex -3.274878e+00 -4.064123e-01  2.030000e+01
     vertex -5.300000e+00 -3.059956e+00  2.030000e+01
   endloop
 endfacet
 facet normal  2.263181e-16  2.531269e-15 -1.000000e+00
   outer loop
     vertex -2.487590e-01 -3.290611e+00  2.030000e+01
     vertex -1.124210e-15 -6.119913e+00  2.030000e+01
     vertex -3.389402e-01 -3.282548e+00  2.030000e+01
   endloop
 endfacet
 facet normal  3.169881e-15  2.615117e-16 -1.000000e+00
   outer loop
     vertex -3.292240e+00 -2.261818e-01  2.030000e+01
     vertex -3.284795e+00 -3.164162e-01  2.030000e+01
     vertex -5.300000e+00 -3.059956e+00  2.030000e+01
   endloop
 endfacet
 facet normal  1.560834e-16  2.525094e-15 -1.000000e+00
   outer loop
     vertex -1.583906e-01 -3.296197e+00  2.030000e+01
     vertex -1.124210e-15 -6.119913e+00  2.030000e+01
     vertex -2.487590e-01 -3.290611e+00  2.030000e+01
   endloop
 endfacet
 facet normal  3.284350e-15  1.804097e-16 -1.000000e+00
   outer loop
     vertex -3.297206e+00 -1.357772e-01  2.030000e+01
     vertex -3.292240e+00 -2.261818e-01  2.030000e+01
     vertex -5.300000e+00 -3.059956e+00  2.030000e+01
   endloop
 endfacet
 facet normal  8.650287e-17  2.521191e-15 -1.000000e+00
   outer loop
     vertex -6.790300e-02 -3.299301e+00  2.030000e+01
     vertex -1.124210e-15 -6.119913e+00  2.030000e+01
     vertex -1.583906e-01 -3.296197e+00  2.030000e+01
   endloop
 endfacet
 facet normal  3.411074e-15  9.361481e-17 -1.000000e+00
   outer loop
     vertex -3.299689e+00 -4.527044e-02  2.030000e+01
     vertex -3.297206e+00 -1.357772e-01  2.030000e+01
     vertex -5.300000e+00 -3.059956e+00  2.030000e+01
   endloop
 endfacet
 facet normal  1.728263e-17  2.519525e-15 -1.000000e+00
   outer loop
     vertex  2.263575e-02 -3.299922e+00  2.030000e+01
     vertex -1.124210e-15 -6.119913e+00  2.030000e+01
     vertex -6.790300e-02 -3.299301e+00  2.030000e+01
   endloop
 endfacet
 facet normal  3.552162e-15  1.742281e-29 -1.000000e+00
   outer loop
     vertex -3.299689e+00  4.527044e-02  2.030000e+01
     vertex -3.299689e+00 -4.527044e-02  2.030000e+01
     vertex -5.300000e+00 -3.059956e+00  2.030000e+01
   endloop
 endfacet
 facet normal -5.186582e-17  2.520080e-15 -1.000000e+00
   outer loop
     vertex  1.131575e-01 -3.298059e+00  2.030000e+01
     vertex -1.124210e-15 -6.119913e+00  2.030000e+01
     vertex  2.263575e-02 -3.299922e+00  2.030000e+01
   endloop
 endfacet
 facet normal -1.212299e-16  2.522861e-15 -1.000000e+00
   outer loop
     vertex  2.035940e-01 -3.293714e+00  2.030000e+01
     vertex -1.124210e-15 -6.119913e+00  2.030000e+01
     vertex  1.131575e-01 -3.298059e+00  2.030000e+01
   endloop
 endfacet
 facet normal -1.911003e-16  2.527895e-15 -1.000000e+00
   outer loop
     vertex  2.938773e-01 -3.286889e+00  2.030000e+01
     vertex -1.124210e-15 -6.119913e+00  2.030000e+01
     vertex  2.035940e-01 -3.293714e+00  2.030000e+01
   endloop
 endfacet
 facet normal -2.617753e-16  2.535226e-15 -1.000000e+00
   outer loop
     vertex  3.839393e-01 -3.277589e+00  2.030000e+01
     vertex -1.124210e-15 -6.119913e+00  2.030000e+01
     vertex  2.938773e-01 -3.286889e+00  2.030000e+01
   endloop
 endfacet
 facet normal -3.335657e-16  2.544923e-15 -1.000000e+00
   outer loop
     vertex  4.737123e-01 -3.265823e+00  2.030000e+01
     vertex -1.124210e-15 -6.119913e+00  2.030000e+01
     vertex  3.839393e-01 -3.277589e+00  2.030000e+01
   endloop
 endfacet
 facet normal -4.067997e-16  2.557079e-15 -1.000000e+00
   outer loop
     vertex  5.631288e-01 -3.251597e+00  2.030000e+01
     vertex -1.124210e-15 -6.119913e+00  2.030000e+01
     vertex  4.737123e-01 -3.265823e+00  2.030000e+01
   endloop
 endfacet
 facet normal -4.818284e-16  2.571809e-15 -1.000000e+00
   outer loop
     vertex  6.521213e-01 -3.234925e+00  2.030000e+01
     vertex -1.124210e-15 -6.119913e+00  2.030000e+01
     vertex  5.631288e-01 -3.251597e+00  2.030000e+01
   endloop
 endfacet
 facet normal -5.590329e-16  2.589260e-15 -1.000000e+00
   outer loop
     vertex  7.406229e-01 -3.215817e+00  2.030000e+01
     vertex -1.124210e-15 -6.119913e+00  2.030000e+01
     vertex  6.521213e-01 -3.234925e+00  2.030000e+01
   endloop
 endfacet
 facet normal -6.388312e-16  2.609611e-15 -1.000000e+00
   outer loop
     vertex  8.285670e-01 -3.194288e+00  2.030000e+01
     vertex -1.124210e-15 -6.119913e+00  2.030000e+01
     vertex  7.406229e-01 -3.215817e+00  2.030000e+01
   endloop
 endfacet
 facet normal -7.216873e-16  2.633076e-15 -1.000000e+00
   outer loop
     vertex  9.158874e-01 -3.170355e+00  2.030000e+01
     vertex -1.124210e-15 -6.119913e+00  2.030000e+01
     vertex  8.285670e-01 -3.194288e+00  2.030000e+01
   endloop
 endfacet
 facet normal  2.662759e-15 -6.712341e-16 -1.000000e+00
   outer loop
     vertex -5.300000e+00  3.059956e+00  2.030000e+01
     vertex -3.188530e+00  8.504582e-01  2.030000e+01
     vertex -3.210661e+00  7.626638e-01  2.030000e+01
   endloop
 endfacet
 facet normal  2.730911e-15 -6.092510e-16 -1.000000e+00
   outer loop
     vertex -5.300000e+00  3.059956e+00  2.030000e+01
     vertex -3.210661e+00  7.626638e-01  2.030000e+01
     vertex -3.230375e+00  6.742953e-01  2.030000e+01
   endloop
 endfacet
 facet normal  2.804547e-15 -5.453705e-16 -1.000000e+00
   outer loop
     vertex -5.300000e+00  3.059956e+00  2.030000e+01
     vertex -3.230375e+00  6.742953e-01  2.030000e+01
     vertex -3.247658e+00  5.854193e-01  2.030000e+01
   endloop
 endfacet
 facet normal  2.884360e-15 -4.791742e-16 -1.000000e+00
   outer loop
     vertex -5.300000e+00  3.059956e+00  2.030000e+01
     vertex -3.247658e+00  5.854193e-01  2.030000e+01
     vertex -3.262496e+00  4.961025e-01  2.030000e+01
   endloop
 endfacet
 facet normal  2.971173e-15 -4.101841e-16 -1.000000e+00
   outer loop
     vertex -5.300000e+00  3.059956e+00  2.030000e+01
     vertex -3.262496e+00  4.961025e-01  2.030000e+01
     vertex -3.274878e+00  4.064123e-01  2.030000e+01
   endloop
 endfacet
 facet normal  3.065958e-15 -3.378463e-16 -1.000000e+00
   outer loop
     vertex -5.300000e+00  3.059956e+00  2.030000e+01
     vertex -3.274878e+00  4.064123e-01  2.030000e+01
     vertex -3.284795e+00  3.164162e-01  2.030000e+01
   endloop
 endfacet
 facet normal  3.169881e-15 -2.615117e-16 -1.000000e+00
   outer loop
     vertex -5.300000e+00  3.059956e+00  2.030000e+01
     vertex -3.284795e+00  3.164162e-01  2.030000e+01
     vertex -3.292240e+00  2.261818e-01  2.030000e+01
   endloop
 endfacet
 facet normal  3.284350e-15 -1.804097e-16 -1.000000e+00
   outer loop
     vertex -5.300000e+00  3.059956e+00  2.030000e+01
     vertex -3.292240e+00  2.261818e-01  2.030000e+01
     vertex -3.297206e+00  1.357772e-01  2.030000e+01
   endloop
 endfacet
 facet normal  3.411074e-15 -9.361481e-17 -1.000000e+00
   outer loop
     vertex -5.300000e+00  3.059956e+00  2.030000e+01
     vertex -3.297206e+00  1.357772e-01  2.030000e+01
     vertex -3.299689e+00  4.527044e-02  2.030000e+01
   endloop
 endfacet
 facet normal  3.552162e-15  5.155227e-31 -1.000000e+00
   outer loop
     vertex -5.300000e+00  3.059956e+00  2.030000e+01
     vertex -3.299689e+00  4.527044e-02  2.030000e+01
     vertex -5.300000e+00 -3.059956e+00  2.030000e+01
   endloop
 endfacet
 facet normal  2.599496e-15 -7.316902e-16 -1.000000e+00
   outer loop
     vertex -3.163998e+00  9.376124e-01  2.030000e+01
     vertex -3.188530e+00  8.504582e-01  2.030000e+01
     vertex -5.300000e+00  3.059956e+00  2.030000e+01
   endloop
 endfacet
 facet normal -8.081221e-16  2.659916e-15 -1.000000e+00
   outer loop
     vertex  1.002518e+00 -3.144035e+00  2.030000e+01
     vertex -1.124210e-15 -6.119913e+00  2.030000e+01
     vertex  9.158874e-01 -3.170355e+00  2.030000e+01
   endloop
 endfacet
 facet normal  2.540613e-15 -7.909519e-16 -1.000000e+00
   outer loop
     vertex -3.137085e+00  1.024061e+00  2.030000e+01
     vertex -3.163998e+00  9.376124e-01  2.030000e+01
     vertex -5.300000e+00  3.059956e+00  2.030000e+01
   endloop
 endfacet
 facet normal -8.987264e-16  2.690439e-15 -1.000000e+00
   outer loop
     vertex  1.088395e+00 -3.115349e+00  2.030000e+01
     vertex -1.124210e-15 -6.119913e+00  2.030000e+01
     vertex  1.002518e+00 -3.144035e+00  2.030000e+01
   endloop
 endfacet
 facet normal  2.485672e-15 -8.493215e-16 -1.000000e+00
   outer loop
     vertex -3.107810e+00  1.109738e+00  2.030000e+01
     vertex -3.137085e+00  1.024061e+00  2.030000e+01
     vertex -5.300000e+00  3.059956e+00  2.030000e+01
   endloop
 endfacet
 facet normal -9.941773e-16  2.725016e-15 -1.000000e+00
   outer loop
     vertex  1.173452e+00 -3.084317e+00  2.030000e+01
     vertex -1.124210e-15 -6.119913e+00  2.030000e+01
     vertex  1.088395e+00 -3.115349e+00  2.030000e+01
   endloop
 endfacet
 facet normal  2.434290e-15 -9.070786e-16 -1.000000e+00
   outer loop
     vertex -3.076195e+00  1.194580e+00  2.030000e+01
     vertex -3.107810e+00  1.109738e+00  2.030000e+01
     vertex -5.300000e+00  3.059956e+00  2.030000e+01
   endloop
 endfacet
 facet normal -1.095258e-15  2.764090e-15 -1.000000e+00
   outer loop
     vertex  1.257625e+00 -3.050964e+00  2.030000e+01
     vertex -1.124210e-15 -6.119913e+00  2.030000e+01
     vertex  1.173452e+00 -3.084317e+00  2.030000e+01
   endloop
 endfacet
 facet normal  2.386136e-15 -9.644847e-16 -1.000000e+00
   outer loop
     vertex -3.042265e+00  1.278523e+00  2.030000e+01
     vertex -3.076195e+00  1.194580e+00  2.030000e+01
     vertex -5.300000e+00  3.059956e+00  2.030000e+01
   endloop
 endfacet
 facet normal -1.202884e-15  2.808194e-15 -1.000000e+00
   outer loop
     vertex  1.340852e+00 -3.015313e+00  2.030000e+01
     vertex -1.124210e-15 -6.119913e+00  2.030000e+01
     vertex  1.257625e+00 -3.050964e+00  2.030000e+01
   endloop
 endfacet
 facet normal  2.340921e-15 -1.021789e-15 -1.000000e+00
   outer loop
     vertex -3.006045e+00  1.361504e+00  2.030000e+01
     vertex -3.042265e+00  1.278523e+00  2.030000e+01
     vertex -5.300000e+00  3.059956e+00  2.030000e+01
   endloop
 endfacet
 facet normal -1.318137e-15  2.857971e-15 -1.000000e+00
   outer loop
     vertex  1.423070e+00 -2.977394e+00  2.030000e+01
     vertex -1.124210e-15 -6.119913e+00  2.030000e+01
     vertex  1.340852e+00 -3.015313e+00  2.030000e+01
   endloop
 endfacet
 facet normal  2.298391e-15 -1.079231e-15 -1.000000e+00
   outer loop
     vertex -2.967562e+00  1.443459e+00  2.030000e+01
     vertex -3.006045e+00  1.361504e+00  2.030000e+01
     vertex -5.300000e+00  3.059956e+00  2.030000e+01
   endloop
 endfacet
 facet normal -1.442305e-15  2.914199e-15 -1.000000e+00
   outer loop
     vertex  1.504216e+00 -2.937232e+00  2.030000e+01
     vertex -1.124210e-15 -6.119913e+00  2.030000e+01
     vertex  1.423070e+00 -2.977394e+00  2.030000e+01
   endloop
 endfacet
 facet normal  2.258321e-15 -1.137047e-15 -1.000000e+00
   outer loop
     vertex -2.926845e+00  1.524328e+00  2.030000e+01
     vertex -2.967562e+00  1.443459e+00  2.030000e+01
     vertex -5.300000e+00  3.059956e+00  2.030000e+01
   endloop
 endfacet
 facet normal -1.576943e-15  2.977833e-15 -1.000000e+00
   outer loop
     vertex  1.584230e+00 -2.894860e+00  2.030000e+01
     vertex -1.124210e-15 -6.119913e+00  2.030000e+01
     vertex  1.504216e+00 -2.937232e+00  2.030000e+01
   endloop
 endfacet
 facet normal  2.220516e-15 -1.195472e-15 -1.000000e+00
   outer loop
     vertex -2.883925e+00  1.604050e+00  2.030000e+01
     vertex -2.926845e+00  1.524328e+00  2.030000e+01
     vertex -5.300000e+00  3.059956e+00  2.030000e+01
   endloop
 endfacet
 facet normal -1.723944e-15  3.050044e-15 -1.000000e+00
   outer loop
     vertex  1.663052e+00 -2.850309e+00  2.030000e+01
     vertex -1.124210e-15 -6.119913e+00  2.030000e+01
     vertex  1.584230e+00 -2.894860e+00  2.030000e+01
   endloop
 endfacet
 facet normal  2.184799e-15 -1.254743e-15 -1.000000e+00
   outer loop
     vertex -2.838834e+00  1.682564e+00  2.030000e+01
     vertex -2.883925e+00  1.604050e+00  2.030000e+01
     vertex -5.300000e+00  3.059956e+00  2.030000e+01
   endloop
 endfacet
 facet normal  2.151019e-15 -1.315103e-15 -1.000000e+00
   outer loop
     vertex -2.791606e+00  1.759811e+00  2.030000e+01
     vertex -2.838834e+00  1.682564e+00  2.030000e+01
     vertex -5.300000e+00  3.059956e+00  2.030000e+01
   endloop
 endfacet
 facet normal  2.119036e-15 -1.376807e-15 -1.000000e+00
   outer loop
     vertex -2.742277e+00  1.835734e+00  2.030000e+01
     vertex -2.791606e+00  1.759811e+00  2.030000e+01
     vertex -5.300000e+00  3.059956e+00  2.030000e+01
   endloop
 endfacet
 facet normal  2.088732e-15 -1.440121e-15 -1.000000e+00
   outer loop
     vertex -2.690883e+00  1.910275e+00  2.030000e+01
     vertex -2.742277e+00  1.835734e+00  2.030000e+01
     vertex -5.300000e+00  3.059956e+00  2.030000e+01
   endloop
 endfacet
 facet normal  2.059999e-15 -1.505329e-15 -1.000000e+00
   outer loop
     vertex -2.637464e+00  1.983377e+00  2.030000e+01
     vertex -2.690883e+00  1.910275e+00  2.030000e+01
     vertex -5.300000e+00  3.059956e+00  2.030000e+01
   endloop
 endfacet
 facet normal  2.032742e-15 -1.572740e-15 -1.000000e+00
   outer loop
     vertex -2.582059e+00  2.054987e+00  2.030000e+01
     vertex -2.637464e+00  1.983377e+00  2.030000e+01
     vertex -5.300000e+00  3.059956e+00  2.030000e+01
   endloop
 endfacet
 facet normal  2.006878e-15 -1.642687e-15 -1.000000e+00
   outer loop
     vertex -2.524710e+00  2.125050e+00  2.030000e+01
     vertex -2.582059e+00  2.054987e+00  2.030000e+01
     vertex -5.300000e+00  3.059956e+00  2.030000e+01
   endloop
 endfacet
 facet normal  1.982336e-15 -1.715541e-15 -1.000000e+00
   outer loop
     vertex -2.465461e+00  2.193513e+00  2.030000e+01
     vertex -2.524710e+00  2.125050e+00  2.030000e+01
     vertex -5.300000e+00  3.059956e+00  2.030000e+01
   endloop
 endfacet
 facet normal  1.959053e-15 -1.791711e-15 -1.000000e+00
   outer loop
     vertex -2.404356e+00  2.260325e+00  2.030000e+01
     vertex -2.465461e+00  2.193513e+00  2.030000e+01
     vertex -5.300000e+00  3.059956e+00  2.030000e+01
   endloop
 endfacet
 facet normal  1.936976e-15 -1.871657e-15 -1.000000e+00
   outer loop
     vertex -2.341442e+00  2.325436e+00  2.030000e+01
     vertex -2.404356e+00  2.260325e+00  2.030000e+01
     vertex -5.300000e+00  3.059956e+00  2.030000e+01
   endloop
 endfacet
 facet normal  1.916061e-15 -1.955901e-15 -1.000000e+00
   outer loop
     vertex -2.276764e+00  2.388796e+00  2.030000e+01
     vertex -2.341442e+00  2.325436e+00  2.030000e+01
     vertex -5.300000e+00  3.059956e+00  2.030000e+01
   endloop
 endfacet
 facet normal  1.896273e-15 -2.045035e-15 -1.000000e+00
   outer loop
     vertex -2.210373e+00  2.450357e+00  2.030000e+01
     vertex -2.276764e+00  2.388796e+00  2.030000e+01
     vertex -5.300000e+00  3.059956e+00  2.030000e+01
   endloop
 endfacet
 facet normal  1.877587e-15 -2.139743e-15 -1.000000e+00
   outer loop
     vertex -2.142318e+00  2.510075e+00  2.030000e+01
     vertex -2.210373e+00  2.450357e+00  2.030000e+01
     vertex -5.300000e+00  3.059956e+00  2.030000e+01
   endloop
 endfacet
 facet normal  1.859986e-15 -2.240815e-15 -1.000000e+00
   outer loop
     vertex -2.072650e+00  2.567902e+00  2.030000e+01
     vertex -2.142318e+00  2.510075e+00  2.030000e+01
     vertex -5.300000e+00  3.059956e+00  2.030000e+01
   endloop
 endfacet
 facet normal  1.843465e-15 -2.349176e-15 -1.000000e+00
   outer loop
     vertex -2.001422e+00  2.623797e+00  2.030000e+01
     vertex -2.072650e+00  2.567902e+00  2.030000e+01
     vertex -5.300000e+00  3.059956e+00  2.030000e+01
   endloop
 endfacet
 facet normal  1.828029e-15 -2.465916e-15 -1.000000e+00
   outer loop
     vertex -1.928687e+00  2.677716e+00  2.030000e+01
     vertex -2.001422e+00  2.623797e+00  2.030000e+01
     vertex -5.300000e+00  3.059956e+00  2.030000e+01
   endloop
 endfacet
 facet normal  1.813696e-15 -2.592328e-15 -1.000000e+00
   outer loop
     vertex -1.854501e+00  2.729620e+00  2.030000e+01
     vertex -1.928687e+00  2.677716e+00  2.030000e+01
     vertex -5.300000e+00  3.059956e+00  2.030000e+01
   endloop
 endfacet
 facet normal  1.800500e-15 -2.729967e-15 -1.000000e+00
   outer loop
     vertex -1.778918e+00  2.779469e+00  2.030000e+01
     vertex -1.854501e+00  2.729620e+00  2.030000e+01
     vertex -5.300000e+00  3.059956e+00  2.030000e+01
   endloop
 endfacet
 facet normal  1.788491e-15 -2.880716e-15 -1.000000e+00
   outer loop
     vertex -1.701997e+00  2.827226e+00  2.030000e+01
     vertex -1.778918e+00  2.779469e+00  2.030000e+01
     vertex -5.300000e+00  3.059956e+00  2.030000e+01
   endloop
 endfacet
 facet normal  1.777743e-15 -3.046879e-15 -1.000000e+00
   outer loop
     vertex -1.623794e+00  2.872855e+00  2.030000e+01
     vertex -1.701997e+00  2.827226e+00  2.030000e+01
     vertex -5.300000e+00  3.059956e+00  2.030000e+01
   endloop
 endfacet
 facet normal -1.835610e-15  2.406423e-15 -1.000000e+00
   outer loop
     vertex  5.300000e+00 -3.059956e+00  2.030000e+01
     vertex  1.965239e+00 -2.651006e+00  2.030000e+01
     vertex  2.037228e+00 -2.596094e+00  2.030000e+01
   endloop
 endfacet
 facet normal -1.851590e-15  2.294021e-15 -1.000000e+00
   outer loop
     vertex  5.300000e+00 -3.059956e+00  2.030000e+01
     vertex  2.037228e+00 -2.596094e+00  2.030000e+01
     vertex  2.107682e+00 -2.539227e+00  2.030000e+01
   endloop
 endfacet
 facet normal -1.868651e-15  2.189429e-15 -1.000000e+00
   outer loop
     vertex  5.300000e+00 -3.059956e+00  2.030000e+01
     vertex  2.107682e+00 -2.539227e+00  2.030000e+01
     vertex  2.176550e+00 -2.480449e+00  2.030000e+01
   endloop
 endfacet
 facet normal -1.886793e-15  2.091646e-15 -1.000000e+00
   outer loop
     vertex  5.300000e+00 -3.059956e+00  2.030000e+01
     vertex  2.176550e+00 -2.480449e+00  2.030000e+01
     vertex  2.243780e+00 -2.419804e+00  2.030000e+01
   endloop
 endfacet
 facet normal -1.906028e-15  1.999816e-15 -1.000000e+00
   outer loop
     vertex  5.300000e+00 -3.059956e+00  2.030000e+01
     vertex  2.243780e+00 -2.419804e+00  2.030000e+01
     vertex  2.309320e+00 -2.357337e+00  2.030000e+01
   endloop
 endfacet
 facet normal -1.926375e-15  1.913207e-15 -1.000000e+00
   outer loop
     vertex  5.300000e+00 -3.059956e+00  2.030000e+01
     vertex  2.309320e+00 -2.357337e+00  2.030000e+01
     vertex  2.373122e+00 -2.293096e+00  2.030000e+01
   endloop
 endfacet
 facet normal -1.947867e-15  1.831181e-15 -1.000000e+00
   outer loop
     vertex  5.300000e+00 -3.059956e+00  2.030000e+01
     vertex  2.373122e+00 -2.293096e+00  2.030000e+01
     vertex  2.435138e+00 -2.227129e+00  2.030000e+01
   endloop
 endfacet
 facet normal -1.970541e-15  1.753184e-15 -1.000000e+00
   outer loop
     vertex  5.300000e+00 -3.059956e+00  2.030000e+01
     vertex  2.435138e+00 -2.227129e+00  2.030000e+01
     vertex  2.495321e+00 -2.159485e+00  2.030000e+01
   endloop
 endfacet
 facet normal -1.994446e-15  1.678726e-15 -1.000000e+00
   outer loop
     vertex  5.300000e+00 -3.059956e+00  2.030000e+01
     vertex  2.495321e+00 -2.159485e+00  2.030000e+01
     vertex  2.553625e+00 -2.090215e+00  2.030000e+01
   endloop
 endfacet
 facet normal -2.019640e-15  1.607374e-15 -1.000000e+00
   outer loop
     vertex  5.300000e+00 -3.059956e+00  2.030000e+01
     vertex  2.553625e+00 -2.090215e+00  2.030000e+01
     vertex  2.610007e+00 -2.019372e+00  2.030000e+01
   endloop
 endfacet
 facet normal -2.046191e-15  1.538739e-15 -1.000000e+00
   outer loop
     vertex  5.300000e+00 -3.059956e+00  2.030000e+01
     vertex  2.610007e+00 -2.019372e+00  2.030000e+01
     vertex  2.664424e+00 -1.947009e+00  2.030000e+01
   endloop
 endfacet
 facet normal -2.074175e-15  1.472470e-15 -1.000000e+00
   outer loop
     vertex  5.300000e+00 -3.059956e+00  2.030000e+01
     vertex  2.664424e+00 -1.947009e+00  2.030000e+01
     vertex  2.716836e+00 -1.873180e+00  2.030000e+01
   endloop
 endfacet
 facet normal -2.103681e-15  1.408246e-15 -1.000000e+00
   outer loop
     vertex  5.300000e+00 -3.059956e+00  2.030000e+01
     vertex  2.716836e+00 -1.873180e+00  2.030000e+01
     vertex  2.767202e+00 -1.797942e+00  2.030000e+01
   endloop
 endfacet
 facet normal -2.134811e-15  1.345771e-15 -1.000000e+00
   outer loop
     vertex  5.300000e+00 -3.059956e+00  2.030000e+01
     vertex  2.767202e+00 -1.797942e+00  2.030000e+01
     vertex  2.815485e+00 -1.721349e+00  2.030000e+01
   endloop
 endfacet
 facet normal -2.167676e-15  1.284771e-15 -1.000000e+00
   outer loop
     vertex  5.300000e+00 -3.059956e+00  2.030000e+01
     vertex  2.815485e+00 -1.721349e+00  2.030000e+01
     vertex  2.861649e+00 -1.643461e+00  2.030000e+01
   endloop
 endfacet
 facet normal -2.202406e-15  1.224986e-15 -1.000000e+00
   outer loop
     vertex  5.300000e+00 -3.059956e+00  2.030000e+01
     vertex  2.861649e+00 -1.643461e+00  2.030000e+01
     vertex  2.905659e+00 -1.564336e+00  2.030000e+01
   endloop
 endfacet
 facet normal -2.239147e-15  1.166168e-15 -1.000000e+00
   outer loop
     vertex  5.300000e+00 -3.059956e+00  2.030000e+01
     vertex  2.905659e+00 -1.564336e+00  2.030000e+01
     vertex  2.947481e+00 -1.484033e+00  2.030000e+01
   endloop
 endfacet
 facet normal -2.278061e-15  1.108077e-15 -1.000000e+00
   outer loop
     vertex  5.300000e+00 -3.059956e+00  2.030000e+01
     vertex  2.947481e+00 -1.484033e+00  2.030000e+01
     vertex  2.987085e+00 -1.402613e+00  2.030000e+01
   endloop
 endfacet
 facet normal -2.319335e-15  1.050478e-15 -1.000000e+00
   outer loop
     vertex  5.300000e+00 -3.059956e+00  2.030000e+01
     vertex  2.987085e+00 -1.402613e+00  2.030000e+01
     vertex  3.024440e+00 -1.320138e+00  2.030000e+01
   endloop
 endfacet
 facet normal -2.363178e-15  9.931343e-16 -1.000000e+00
   outer loop
     vertex  5.300000e+00 -3.059956e+00  2.030000e+01
     vertex  3.024440e+00 -1.320138e+00  2.030000e+01
     vertex  3.059518e+00 -1.236668e+00  2.030000e+01
   endloop
 endfacet
 facet normal -2.409828e-15  9.358097e-16 -1.000000e+00
   outer loop
     vertex  5.300000e+00 -3.059956e+00  2.030000e+01
     vertex  3.059518e+00 -1.236668e+00  2.030000e+01
     vertex  3.092294e+00 -1.152268e+00  2.030000e+01
   endloop
 endfacet
 facet normal -2.459557e-15  8.782600e-16 -1.000000e+00
   outer loop
     vertex  5.300000e+00 -3.059956e+00  2.030000e+01
     vertex  3.092294e+00 -1.152268e+00  2.030000e+01
     vertex  3.122741e+00 -1.067000e+00  2.030000e+01
   endloop
 endfacet
 facet normal -2.512675e-15  8.202303e-16 -1.000000e+00
   outer loop
     vertex  5.300000e+00 -3.059956e+00  2.030000e+01
     vertex  3.122741e+00 -1.067000e+00  2.030000e+01
     vertex  3.150838e+00 -9.809289e-01  2.030000e+01
   endloop
 endfacet
 facet normal -1.776326e-15  3.076687e-15 -1.000000e+00
   outer loop
     vertex  5.300000e+00 -3.059956e+00  2.030000e+01
     vertex -1.124210e-15 -6.119913e+00  2.030000e+01
     vertex  1.663052e+00 -2.850309e+00  2.030000e+01
   endloop
 endfacet
 facet normal -1.782954e-15  2.961707e-15 -1.000000e+00
   outer loop
     vertex  5.300000e+00 -3.059956e+00  2.030000e+01
     vertex  1.663052e+00 -2.850309e+00  2.030000e+01
     vertex  1.740621e+00 -2.803612e+00  2.030000e+01
   endloop
 endfacet
 facet normal -1.794343e-15  2.803570e-15 -1.000000e+00
   outer loop
     vertex  5.300000e+00 -3.059956e+00  2.030000e+01
     vertex  1.740621e+00 -2.803612e+00  2.030000e+01
     vertex  1.816880e+00 -2.754804e+00  2.030000e+01
   endloop
 endfacet
 facet normal -1.806953e-15  2.659635e-15 -1.000000e+00
   outer loop
     vertex  5.300000e+00 -3.059956e+00  2.030000e+01
     vertex  1.816880e+00 -2.754804e+00  2.030000e+01
     vertex  1.891772e+00 -2.703923e+00  2.030000e+01
   endloop
 endfacet
 facet normal -1.820723e-15  2.527822e-15 -1.000000e+00
   outer loop
     vertex  5.300000e+00 -3.059956e+00  2.030000e+01
     vertex  1.891772e+00 -2.703923e+00  2.030000e+01
     vertex  1.965239e+00 -2.651006e+00  2.030000e+01
   endloop
 endfacet
 facet normal -2.569536e-15  7.614508e-16 -1.000000e+00
   outer loop
     vertex  3.176563e+00 -8.941194e-01  2.030000e+01
     vertex  5.300000e+00 -3.059956e+00  2.030000e+01
     vertex  3.150838e+00 -9.809289e-01  2.030000e+01
   endloop
 endfacet
 facet normal -2.630550e-15  7.016315e-16 -1.000000e+00
   outer loop
     vertex  3.199896e+00 -8.066369e-01  2.030000e+01
     vertex  5.300000e+00 -3.059956e+00  2.030000e+01
     vertex  3.176563e+00 -8.941194e-01  2.030000e+01
   endloop
 endfacet
 facet normal -2.696189e-15  6.404556e-16 -1.000000e+00
   outer loop
     vertex  3.220821e+00 -7.185472e-01  2.030000e+01
     vertex  5.300000e+00 -3.059956e+00  2.030000e+01
     vertex  3.199896e+00 -8.066369e-01  2.030000e+01
   endloop
 endfacet
 facet normal -2.767003e-15  5.775728e-16 -1.000000e+00
   outer loop
     vertex  3.239322e+00 -6.299166e-01  2.030000e+01
     vertex  5.300000e+00 -3.059956e+00  2.030000e+01
     vertex  3.220821e+00 -7.185472e-01  2.030000e+01
   endloop
 endfacet
 facet normal -2.843633e-15  5.125901e-16 -1.000000e+00
   outer loop
     vertex  3.255384e+00 -5.408118e-01  2.030000e+01
     vertex  5.300000e+00 -3.059956e+00  2.030000e+01
     vertex  3.239322e+00 -6.299166e-01  2.030000e+01
   endloop
 endfacet
 facet normal -2.926835e-15  4.450611e-16 -1.000000e+00
   outer loop
     vertex  3.268995e+00 -4.512999e-01  2.030000e+01
     vertex  5.300000e+00 -3.059956e+00  2.030000e+01
     vertex  3.255384e+00 -5.408118e-01  2.030000e+01
   endloop
 endfacet
 facet normal -3.017501e-15  3.744717e-16 -1.000000e+00
   outer loop
     vertex  3.280146e+00 -3.614482e-01  2.030000e+01
     vertex  5.300000e+00 -3.059956e+00  2.030000e+01
     vertex  3.268995e+00 -4.512999e-01  2.030000e+01
   endloop
 endfacet
 facet normal -3.116696e-15  3.002235e-16 -1.000000e+00
   outer loop
     vertex  3.288827e+00 -2.713245e-01  2.030000e+01
     vertex  5.300000e+00 -3.059956e+00  2.030000e+01
     vertex  3.280146e+00 -3.614482e-01  2.030000e+01
   endloop
 endfacet
 facet normal -3.225698e-15  2.216104e-16 -1.000000e+00
   outer loop
     vertex  3.295033e+00 -1.809966e-01  2.030000e+01
     vertex  5.300000e+00 -3.059956e+00  2.030000e+01
     vertex  3.288827e+00 -2.713245e-01  2.030000e+01
   endloop
 endfacet
 facet normal -3.346059e-15  1.377890e-16 -1.000000e+00
   outer loop
     vertex  3.298758e+00 -9.053236e-02  2.030000e+01
     vertex  5.300000e+00 -3.059956e+00  2.030000e+01
     vertex  3.295033e+00 -1.809966e-01  2.030000e+01
   endloop
 endfacet
 facet normal -3.479673e-15  4.773974e-17 -1.000000e+00
   outer loop
     vertex  3.300000e+00 -8.082669e-16  2.030000e+01
     vertex  5.300000e+00 -3.059956e+00  2.030000e+01
     vertex  3.298758e+00 -9.053236e-02  2.030000e+01
   endloop
 endfacet
 facet normal  1.776234e-15 -3.076528e-15 -1.000000e+00
   outer loop
     vertex  3.747366e-16  6.119913e+00  2.030000e+01
     vertex -1.623794e+00  2.872855e+00  2.030000e+01
     vertex -5.300000e+00  3.059956e+00  2.030000e+01
   endloop
 endfacet
 facet normal -1.723944e-15 -3.050044e-15 -1.000000e+00
   outer loop
     vertex  3.747366e-16  6.119913e+00  2.030000e+01
     vertex  1.663052e+00  2.850309e+00  2.030000e+01
     vertex  1.584230e+00  2.894860e+00  2.030000e+01
   endloop
 endfacet
 facet normal -1.576943e-15 -2.977833e-15 -1.000000e+00
   outer loop
     vertex  3.747366e-16  6.119913e+00  2.030000e+01
     vertex  1.584230e+00  2.894860e+00  2.030000e+01
     vertex  1.504216e+00  2.937232e+00  2.030000e+01
   endloop
 endfacet
 facet normal -1.442305e-15 -2.914199e-15 -1.000000e+00
   outer loop
     vertex  3.747366e-16  6.119913e+00  2.030000e+01
     vertex  1.504216e+00  2.937232e+00  2.030000e+01
     vertex  1.423070e+00  2.977394e+00  2.030000e+01
   endloop
 endfacet
 facet normal -1.318137e-15 -2.857971e-15 -1.000000e+00
   outer loop
     vertex  3.747366e-16  6.119913e+00  2.030000e+01
     vertex  1.423070e+00  2.977394e+00  2.030000e+01
     vertex  1.340852e+00  3.015313e+00  2.030000e+01
   endloop
 endfacet
 facet normal -1.202884e-15 -2.808194e-15 -1.000000e+00
   outer loop
     vertex  3.747366e-16  6.119913e+00  2.030000e+01
     vertex  1.340852e+00  3.015313e+00  2.030000e+01
     vertex  1.257625e+00  3.050964e+00  2.030000e+01
   endloop
 endfacet
 facet normal -1.095258e-15 -2.764090e-15 -1.000000e+00
   outer loop
     vertex  3.747366e-16  6.119913e+00  2.030000e+01
     vertex  1.257625e+00  3.050964e+00  2.030000e+01
     vertex  1.173452e+00  3.084317e+00  2.030000e+01
   endloop
 endfacet
 facet normal -9.941773e-16 -2.725016e-15 -1.000000e+00
   outer loop
     vertex  3.747366e-16  6.119913e+00  2.030000e+01
     vertex  1.173452e+00  3.084317e+00  2.030000e+01
     vertex  1.088395e+00  3.115349e+00  2.030000e+01
   endloop
 endfacet
 facet normal -8.987264e-16 -2.690439e-15 -1.000000e+00
   outer loop
     vertex  3.747366e-16  6.119913e+00  2.030000e+01
     vertex  1.088395e+00  3.115349e+00  2.030000e+01
     vertex  1.002518e+00  3.144035e+00  2.030000e+01
   endloop
 endfacet
 facet normal -8.081221e-16 -2.659916e-15 -1.000000e+00
   outer loop
     vertex  3.747366e-16  6.119913e+00  2.030000e+01
     vertex  1.002518e+00  3.144035e+00  2.030000e+01
     vertex  9.158874e-01  3.170355e+00  2.030000e+01
   endloop
 endfacet
 facet normal -7.216873e-16 -2.633076e-15 -1.000000e+00
   outer loop
     vertex  3.747366e-16  6.119913e+00  2.030000e+01
     vertex  9.158874e-01  3.170355e+00  2.030000e+01
     vertex  8.285670e-01  3.194288e+00  2.030000e+01
   endloop
 endfacet
 facet normal -6.388312e-16 -2.609611e-15 -1.000000e+00
   outer loop
     vertex  3.747366e-16  6.119913e+00  2.030000e+01
     vertex  8.285670e-01  3.194288e+00  2.030000e+01
     vertex  7.406229e-01  3.215817e+00  2.030000e+01
   endloop
 endfacet
 facet normal -5.590329e-16 -2.589260e-15 -1.000000e+00
   outer loop
     vertex  3.747366e-16  6.119913e+00  2.030000e+01
     vertex  7.406229e-01  3.215817e+00  2.030000e+01
     vertex  6.521213e-01  3.234925e+00  2.030000e+01
   endloop
 endfacet
 facet normal -4.818284e-16 -2.571809e-15 -1.000000e+00
   outer loop
     vertex  3.747366e-16  6.119913e+00  2.030000e+01
     vertex  6.521213e-01  3.234925e+00  2.030000e+01
     vertex  5.631288e-01  3.251597e+00  2.030000e+01
   endloop
 endfacet
 facet normal -4.067997e-16 -2.557079e-15 -1.000000e+00
   outer loop
     vertex  3.747366e-16  6.119913e+00  2.030000e+01
     vertex  5.631288e-01  3.251597e+00  2.030000e+01
     vertex  4.737123e-01  3.265823e+00  2.030000e+01
   endloop
 endfacet
 facet normal -3.335657e-16 -2.544923e-15 -1.000000e+00
   outer loop
     vertex  3.747366e-16  6.119913e+00  2.030000e+01
     vertex  4.737123e-01  3.265823e+00  2.030000e+01
     vertex  3.839393e-01  3.277589e+00  2.030000e+01
   endloop
 endfacet
 facet normal -2.617753e-16 -2.535226e-15 -1.000000e+00
   outer loop
     vertex  3.747366e-16  6.119913e+00  2.030000e+01
     vertex  3.839393e-01  3.277589e+00  2.030000e+01
     vertex  2.938773e-01  3.286889e+00  2.030000e+01
   endloop
 endfacet
 facet normal -1.911003e-16 -2.527895e-15 -1.000000e+00
   outer loop
     vertex  3.747366e-16  6.119913e+00  2.030000e+01
     vertex  2.938773e-01  3.286889e+00  2.030000e+01
     vertex  2.035940e-01  3.293714e+00  2.030000e+01
   endloop
 endfacet
 facet normal -1.212299e-16 -2.522861e-15 -1.000000e+00
   outer loop
     vertex  3.747366e-16  6.119913e+00  2.030000e+01
     vertex  2.035940e-01  3.293714e+00  2.030000e+01
     vertex  1.131575e-01  3.298059e+00  2.030000e+01
   endloop
 endfacet
 facet normal -5.186582e-17 -2.520080e-15 -1.000000e+00
   outer loop
     vertex  3.747366e-16  6.119913e+00  2.030000e+01
     vertex  1.131575e-01  3.298059e+00  2.030000e+01
     vertex  2.263575e-02  3.299922e+00  2.030000e+01
   endloop
 endfacet
 facet normal  1.728263e-17 -2.519525e-15 -1.000000e+00
   outer loop
     vertex  3.747366e-16  6.119913e+00  2.030000e+01
     vertex  2.263575e-02  3.299922e+00  2.030000e+01
     vertex -6.790300e-02  3.299301e+00  2.030000e+01
   endloop
 endfacet
 facet normal  8.650287e-17 -2.521191e-15 -1.000000e+00
   outer loop
     vertex  3.747366e-16  6.119913e+00  2.030000e+01
     vertex -6.790300e-02  3.299301e+00  2.030000e+01
     vertex -1.583906e-01  3.296197e+00  2.030000e+01
   endloop
 endfacet
 facet normal  1.560834e-16 -2.525094e-15 -1.000000e+00
   outer loop
     vertex  3.747366e-16  6.119913e+00  2.030000e+01
     vertex -1.583906e-01  3.296197e+00  2.030000e+01
     vertex -2.487590e-01  3.290611e+00  2.030000e+01
   endloop
 endfacet
 facet normal  2.263181e-16 -2.531269e-15 -1.000000e+00
   outer loop
     vertex  3.747366e-16  6.119913e+00  2.030000e+01
     vertex -2.487590e-01  3.290611e+00  2.030000e+01
     vertex -3.389402e-01  3.282548e+00  2.030000e+01
   endloop
 endfacet
 facet normal  2.975111e-16 -2.539774e-15 -1.000000e+00
   outer loop
     vertex  3.747366e-16  6.119913e+00  2.030000e+01
     vertex -3.389402e-01  3.282548e+00  2.030000e+01
     vertex -4.288662e-01  3.272014e+00  2.030000e+01
   endloop
 endfacet
 facet normal  3.699809e-16 -2.550687e-15 -1.000000e+00
   outer loop
     vertex  3.747366e-16  6.119913e+00  2.030000e+01
     vertex -4.288662e-01  3.272014e+00  2.030000e+01
     vertex -5.184693e-01  3.259017e+00  2.030000e+01
   endloop
 endfacet
 facet normal  4.440667e-16 -2.564113e-15 -1.000000e+00
   outer loop
     vertex  3.747366e-16  6.119913e+00  2.030000e+01
     vertex -5.184693e-01  3.259017e+00  2.030000e+01
     vertex -6.076822e-01  3.243566e+00  2.030000e+01
   endloop
 endfacet
 facet normal  5.201336e-16 -2.580184e-15 -1.000000e+00
   outer loop
     vertex  3.747366e-16  6.119913e+00  2.030000e+01
     vertex -6.076822e-01  3.243566e+00  2.030000e+01
     vertex -6.964376e-01  3.225674e+00  2.030000e+01
   endloop
 endfacet
 facet normal  5.985800e-16 -2.599060e-15 -1.000000e+00
   outer loop
     vertex  3.747366e-16  6.119913e+00  2.030000e+01
     vertex -6.964376e-01  3.225674e+00  2.030000e+01
     vertex -7.846688e-01  3.205354e+00  2.030000e+01
   endloop
 endfacet
 facet normal  6.798459e-16 -2.620939e-15 -1.000000e+00
   outer loop
     vertex  3.747366e-16  6.119913e+00  2.030000e+01
     vertex -7.846688e-01  3.205354e+00  2.030000e+01
     vertex -8.723093e-01  3.182621e+00  2.030000e+01
   endloop
 endfacet
 facet normal  7.644223e-16 -2.646056e-15 -1.000000e+00
   outer loop
     vertex  3.747366e-16  6.119913e+00  2.030000e+01
     vertex -8.723093e-01  3.182621e+00  2.030000e+01
     vertex -9.592932e-01  3.157492e+00  2.030000e+01
   endloop
 endfacet
 facet normal  8.528630e-16 -2.674695e-15 -1.000000e+00
   outer loop
     vertex  3.747366e-16  6.119913e+00  2.030000e+01
     vertex -9.592932e-01  3.157492e+00  2.030000e+01
     vertex -1.045555e+00  3.129986e+00  2.030000e+01
   endloop
 endfacet
 facet normal  9.457998e-16 -2.707195e-15 -1.000000e+00
   outer loop
     vertex  3.747366e-16  6.119913e+00  2.030000e+01
     vertex -1.045555e+00  3.129986e+00  2.030000e+01
     vertex -1.131030e+00  3.100125e+00  2.030000e+01
   endloop
 endfacet
 facet normal  1.043960e-15 -2.743960e-15 -1.000000e+00
   outer loop
     vertex  3.747366e-16  6.119913e+00  2.030000e+01
     vertex -1.131030e+00  3.100125e+00  2.030000e+01
     vertex -1.215653e+00  3.067929e+00  2.030000e+01
   endloop
 endfacet
 facet normal  1.148190e-15 -2.785476e-15 -1.000000e+00
   outer loop
     vertex  3.747366e-16  6.119913e+00  2.030000e+01
     vertex -1.215653e+00  3.067929e+00  2.030000e+01
     vertex -1.299361e+00  3.033424e+00  2.030000e+01
   endloop
 endfacet
 facet normal  1.259482e-15 -2.832328e-15 -1.000000e+00
   outer loop
     vertex  3.747366e-16  6.119913e+00  2.030000e+01
     vertex -1.299361e+00  3.033424e+00  2.030000e+01
     vertex -1.382091e+00  2.996636e+00  2.030000e+01
   endloop
 endfacet
 facet normal  1.379016e-15 -2.885224e-15 -1.000000e+00
   outer loop
     vertex  3.747366e-16  6.119913e+00  2.030000e+01
     vertex -1.382091e+00  2.996636e+00  2.030000e+01
     vertex -1.463781e+00  2.957591e+00  2.030000e+01
   endloop
 endfacet
 facet normal  1.508206e-15 -2.945023e-15 -1.000000e+00
   outer loop
     vertex  3.747366e-16  6.119913e+00  2.030000e+01
     vertex -1.463781e+00  2.957591e+00  2.030000e+01
     vertex -1.544368e+00  2.916321e+00  2.030000e+01
   endloop
 endfacet
 facet normal  1.648764e-15 -3.012782e-15 -1.000000e+00
   outer loop
     vertex  3.747366e-16  6.119913e+00  2.030000e+01
     vertex -1.544368e+00  2.916321e+00  2.030000e+01
     vertex -1.623794e+00  2.872855e+00  2.030000e+01
   endloop
 endfacet
 facet normal -3.479673e-15 -4.773974e-17 -1.000000e+00
   outer loop
     vertex  5.300000e+00  3.059956e+00  2.030000e+01
     vertex  3.300000e+00 -8.082669e-16  2.030000e+01
     vertex  3.298758e+00  9.053236e-02  2.030000e+01
   endloop
 endfacet
 facet normal -3.346059e-15 -1.377890e-16 -1.000000e+00
   outer loop
     vertex  5.300000e+00  3.059956e+00  2.030000e+01
     vertex  3.298758e+00  9.053236e-02  2.030000e+01
     vertex  3.295033e+00  1.809966e-01  2.030000e+01
   endloop
 endfacet
 facet normal -3.225698e-15 -2.216104e-16 -1.000000e+00
   outer loop
     vertex  5.300000e+00  3.059956e+00  2.030000e+01
     vertex  3.295033e+00  1.809966e-01  2.030000e+01
     vertex  3.288827e+00  2.713245e-01  2.030000e+01
   endloop
 endfacet
 facet normal -3.116696e-15 -3.002235e-16 -1.000000e+00
   outer loop
     vertex  5.300000e+00  3.059956e+00  2.030000e+01
     vertex  3.288827e+00  2.713245e-01  2.030000e+01
     vertex  3.280146e+00  3.614482e-01  2.030000e+01
   endloop
 endfacet
 facet normal -3.017501e-15 -3.744717e-16 -1.000000e+00
   outer loop
     vertex  5.300000e+00  3.059956e+00  2.030000e+01
     vertex  3.280146e+00  3.614482e-01  2.030000e+01
     vertex  3.268995e+00  4.512999e-01  2.030000e+01
   endloop
 endfacet
 facet normal -2.926835e-15 -4.450611e-16 -1.000000e+00
   outer loop
     vertex  5.300000e+00  3.059956e+00  2.030000e+01
     vertex  3.268995e+00  4.512999e-01  2.030000e+01
     vertex  3.255384e+00  5.408118e-01  2.030000e+01
   endloop
 endfacet
 facet normal -2.843633e-15 -5.125901e-16 -1.000000e+00
   outer loop
     vertex  5.300000e+00  3.059956e+00  2.030000e+01
     vertex  3.255384e+00  5.408118e-01  2.030000e+01
     vertex  3.239322e+00  6.299166e-01  2.030000e+01
   endloop
 endfacet
 facet normal -2.767003e-15 -5.775728e-16 -1.000000e+00
   outer loop
     vertex  5.300000e+00  3.059956e+00  2.030000e+01
     vertex  3.239322e+00  6.299166e-01  2.030000e+01
     vertex  3.220821e+00  7.185472e-01  2.030000e+01
   endloop
 endfacet
 facet normal -2.696189e-15 -6.404556e-16 -1.000000e+00
   outer loop
     vertex  5.300000e+00  3.059956e+00  2.030000e+01
     vertex  3.220821e+00  7.185472e-01  2.030000e+01
     vertex  3.199896e+00  8.066369e-01  2.030000e+01
   endloop
 endfacet
 facet normal -2.630550e-15 -7.016315e-16 -1.000000e+00
   outer loop
     vertex  5.300000e+00  3.059956e+00  2.030000e+01
     vertex  3.199896e+00  8.066369e-01  2.030000e+01
     vertex  3.176563e+00  8.941194e-01  2.030000e+01
   endloop
 endfacet
 facet normal -2.569536e-15 -7.614508e-16 -1.000000e+00
   outer loop
     vertex  5.300000e+00  3.059956e+00  2.030000e+01
     vertex  3.176563e+00  8.941194e-01  2.030000e+01
     vertex  3.150838e+00  9.809289e-01  2.030000e+01
   endloop
 endfacet
 facet normal -2.512675e-15 -8.202303e-16 -1.000000e+00
   outer loop
     vertex  5.300000e+00  3.059956e+00  2.030000e+01
     vertex  3.150838e+00  9.809289e-01  2.030000e+01
     vertex  3.122741e+00  1.067000e+00  2.030000e+01
   endloop
 endfacet
 facet normal -2.459557e-15 -8.782600e-16 -1.000000e+00
   outer loop
     vertex  5.300000e+00  3.059956e+00  2.030000e+01
     vertex  3.122741e+00  1.067000e+00  2.030000e+01
     vertex  3.092294e+00  1.152268e+00  2.030000e+01
   endloop
 endfacet
 facet normal -2.409828e-15 -9.358097e-16 -1.000000e+00
   outer loop
     vertex  5.300000e+00  3.059956e+00  2.030000e+01
     vertex  3.092294e+00  1.152268e+00  2.030000e+01
     vertex  3.059518e+00  1.236668e+00  2.030000e+01
   endloop
 endfacet
 facet normal -2.363178e-15 -9.931343e-16 -1.000000e+00
   outer loop
     vertex  5.300000e+00  3.059956e+00  2.030000e+01
     vertex  3.059518e+00  1.236668e+00  2.030000e+01
     vertex  3.024440e+00  1.320138e+00  2.030000e+01
   endloop
 endfacet
 facet normal -2.319335e-15 -1.050478e-15 -1.000000e+00
   outer loop
     vertex  5.300000e+00  3.059956e+00  2.030000e+01
     vertex  3.024440e+00  1.320138e+00  2.030000e+01
     vertex  2.987085e+00  1.402613e+00  2.030000e+01
   endloop
 endfacet
 facet normal -2.278061e-15 -1.108077e-15 -1.000000e+00
   outer loop
     vertex  5.300000e+00  3.059956e+00  2.030000e+01
     vertex  2.987085e+00  1.402613e+00  2.030000e+01
     vertex  2.947481e+00  1.484033e+00  2.030000e+01
   endloop
 endfacet
 facet normal -2.239147e-15 -1.166168e-15 -1.000000e+00
   outer loop
     vertex  5.300000e+00  3.059956e+00  2.030000e+01
     vertex  2.947481e+00  1.484033e+00  2.030000e+01
     vertex  2.905659e+00  1.564336e+00  2.030000e+01
   endloop
 endfacet
 facet normal -2.202406e-15 -1.224986e-15 -1.000000e+00
   outer loop
     vertex  5.300000e+00  3.059956e+00  2.030000e+01
     vertex  2.905659e+00  1.564336e+00  2.030000e+01
     vertex  2.861649e+00  1.643461e+00  2.030000e+01
   endloop
 endfacet
 facet normal -2.167676e-15 -1.284771e-15 -1.000000e+00
   outer loop
     vertex  5.300000e+00  3.059956e+00  2.030000e+01
     vertex  2.861649e+00  1.643461e+00  2.030000e+01
     vertex  2.815485e+00  1.721349e+00  2.030000e+01
   endloop
 endfacet
 facet normal -2.134811e-15 -1.345771e-15 -1.000000e+00
   outer loop
     vertex  5.300000e+00  3.059956e+00  2.030000e+01
     vertex  2.815485e+00  1.721349e+00  2.030000e+01
     vertex  2.767202e+00  1.797942e+00  2.030000e+01
   endloop
 endfacet
 facet normal -2.103681e-15 -1.408246e-15 -1.000000e+00
   outer loop
     vertex  5.300000e+00  3.059956e+00  2.030000e+01
     vertex  2.767202e+00  1.797942e+00  2.030000e+01
     vertex  2.716836e+00  1.873180e+00  2.030000e+01
   endloop
 endfacet
 facet normal -2.074175e-15 -1.472470e-15 -1.000000e+00
   outer loop
     vertex  5.300000e+00  3.059956e+00  2.030000e+01
     vertex  2.716836e+00  1.873180e+00  2.030000e+01
     vertex  2.664424e+00  1.947009e+00  2.030000e+01
   endloop
 endfacet
 facet normal -2.046191e-15 -1.538739e-15 -1.000000e+00
   outer loop
     vertex  5.300000e+00  3.059956e+00  2.030000e+01
     vertex  2.664424e+00  1.947009e+00  2.030000e+01
     vertex  2.610007e+00  2.019372e+00  2.030000e+01
   endloop
 endfacet
 facet normal -1.776326e-15 -3.076687e-15 -1.000000e+00
   outer loop
     vertex  5.300000e+00  3.059956e+00  2.030000e+01
     vertex  1.663052e+00  2.850309e+00  2.030000e+01
     vertex  3.747366e-16  6.119913e+00  2.030000e+01
   endloop
 endfacet
 facet normal -2.019640e-15 -1.607374e-15 -1.000000e+00
   outer loop
     vertex  5.300000e+00  3.059956e+00  2.030000e+01
     vertex  2.610007e+00  2.019372e+00  2.030000e+01
     vertex  2.553625e+00  2.090215e+00  2.030000e+01
   endloop
 endfacet
 facet normal -1.994446e-15 -1.678726e-15 -1.000000e+00
   outer loop
     vertex  5.300000e+00  3.059956e+00  2.030000e+01
     vertex  2.553625e+00  2.090215e+00  2.030000e+01
     vertex  2.495321e+00  2.159485e+00  2.030000e+01
   endloop
 endfacet
 facet normal -1.970541e-15 -1.753184e-15 -1.000000e+00
   outer loop
     vertex  5.300000e+00  3.059956e+00  2.030000e+01
     vertex  2.495321e+00  2.159485e+00  2.030000e+01
     vertex  2.435138e+00  2.227129e+00  2.030000e+01
   endloop
 endfacet
 facet normal -1.947867e-15 -1.831181e-15 -1.000000e+00
   outer loop
     vertex  5.300000e+00  3.059956e+00  2.030000e+01
     vertex  2.435138e+00  2.227129e+00  2.030000e+01
     vertex  2.373122e+00  2.293096e+00  2.030000e+01
   endloop
 endfacet
 facet normal -1.926375e-15 -1.913207e-15 -1.000000e+00
   outer loop
     vertex  5.300000e+00  3.059956e+00  2.030000e+01
     vertex  2.373122e+00  2.293096e+00  2.030000e+01
     vertex  2.309320e+00  2.357337e+00  2.030000e+01
   endloop
 endfacet
 facet normal -1.906028e-15 -1.999816e-15 -1.000000e+00
   outer loop
     vertex  5.300000e+00  3.059956e+00  2.030000e+01
     vertex  2.309320e+00  2.357337e+00  2.030000e+01
     vertex  2.243780e+00  2.419804e+00  2.030000e+01
   endloop
 endfacet
 facet normal -1.886793e-15 -2.091646e-15 -1.000000e+00
   outer loop
     vertex  5.300000e+00  3.059956e+00  2.030000e+01
     vertex  2.243780e+00  2.419804e+00  2.030000e+01
     vertex  2.176550e+00  2.480449e+00  2.030000e+01
   endloop
 endfacet
 facet normal -1.868651e-15 -2.189429e-15 -1.000000e+00
   outer loop
     vertex  5.300000e+00  3.059956e+00  2.030000e+01
     vertex  2.176550e+00  2.480449e+00  2.030000e+01
     vertex  2.107682e+00  2.539227e+00  2.030000e+01
   endloop
 endfacet
 facet normal -1.851590e-15 -2.294021e-15 -1.000000e+00
   outer loop
     vertex  5.300000e+00  3.059956e+00  2.030000e+01
     vertex  2.107682e+00  2.539227e+00  2.030000e+01
     vertex  2.037228e+00  2.596094e+00  2.030000e+01
   endloop
 endfacet
 facet normal -1.835610e-15 -2.406423e-15 -1.000000e+00
   outer loop
     vertex  5.300000e+00  3.059956e+00  2.030000e+01
     vertex  2.037228e+00  2.596094e+00  2.030000e+01
     vertex  1.965239e+00  2.651006e+00  2.030000e+01
   endloop
 endfacet
 facet normal -1.820723e-15 -2.527822e-15 -1.000000e+00
   outer loop
     vertex  5.300000e+00  3.059956e+00  2.030000e+01
     vertex  1.965239e+00  2.651006e+00  2.030000e+01
     vertex  1.891772e+00  2.703923e+00  2.030000e+01
   endloop
 endfacet
 facet normal -1.806953e-15 -2.659635e-15 -1.000000e+00
   outer loop
     vertex  5.300000e+00  3.059956e+00  2.030000e+01
     vertex  1.891772e+00  2.703923e+00  2.030000e+01
     vertex  1.816880e+00  2.754804e+00  2.030000e+01
   endloop
 endfacet
 facet normal -1.794343e-15 -2.803570e-15 -1.000000e+00
   outer loop
     vertex  5.300000e+00  3.059956e+00  2.030000e+01
     vertex  1.816880e+00  2.754804e+00  2.030000e+01
     vertex  1.740621e+00  2.803612e+00  2.030000e+01
   endloop
 endfacet
 facet normal -1.782954e-15 -2.961707e-15 -1.000000e+00
   outer loop
     vertex  5.300000e+00  3.059956e+00  2.030000e+01
     vertex  1.740621e+00  2.803612e+00  2.030000e+01
     vertex  1.663052e+00  2.850309e+00  2.030000e+01
   endloop
 endfacet
 facet normal -3.552714e-15  1.031205e-30 -1.000000e+00
   outer loop
     vertex  5.300000e+00  3.059956e+00  2.030000e+01
     vertex  5.300000e+00 -3.059956e+00  2.030000e+01
     vertex  3.300000e+00 -8.082669e-16  2.030000e+01
   endloop
 endfacet
 facet normal -5.000000e-01 -8.660254e-01 -4.788422e-18
   outer loop
     vertex  3.747366e-16  6.119913e+00  1.430000e+01
     vertex  5.300000e+00  3.059956e+00  1.430000e+01
     vertex  5.300000e+00  3.059956e+00  2.030000e+01
   endloop
 endfacet
 facet normal -5.000000e-01 -8.660254e-01  0.000000e+00
   outer loop
     vertex  3.747366e-16  6.119913e+00  1.430000e+01
     vertex  5.300000e+00  3.059956e+00  2.030000e+01
     vertex  3.747366e-16  6.119913e+00  2.030000e+01
   endloop
 endfacet
 facet normal -9.999059e-01 -1.371831e-02  9.513321e-21
   outer loop
     vertex  3.298758e+00  9.053236e-02  2.400000e+01
     vertex  3.300000e+00 -8.082669e-16  2.030000e+01
     vertex  3.300000e+00 -8.082669e-16  2.400000e+01
   endloop
 endfacet
 facet normal -9.999059e-01 -1.371831e-02 -0.000000e+00
   outer loop
     vertex  3.298758e+00  9.053236e-02  2.400000e+01
     vertex  3.298758e+00  9.053236e-02  2.030000e+01
     vertex  3.300000e+00 -8.082669e-16  2.030000e+01
   endloop
 endfacet
 facet normal -9.991532e-01 -4.114462e-02 -0.000000e+00
   outer loop
     vertex  3.295033e+00  1.809966e-01  2.400000e+01
     vertex  3.295033e+00  1.809966e-01  2.030000e+01
     vertex  3.298758e+00  9.053236e-02  2.030000e+01
   endloop
 endfacet
 facet normal -9.991532e-01 -4.114462e-02 -2.676879e-20
   outer loop
     vertex  3.295033e+00  1.809966e-01  2.400000e+01
     vertex  3.298758e+00  9.053236e-02  2.030000e+01
     vertex  3.298758e+00  9.053236e-02  2.400000e+01
   endloop
 endfacet
 facet normal -9.976484e-01 -6.853995e-02 -0.000000e+00
   outer loop
     vertex  3.288827e+00  2.713245e-01  2.400000e+01
     vertex  3.288827e+00  2.713245e-01  2.030000e+01
     vertex  3.295033e+00  1.809966e-01  2.030000e+01
   endloop
 endfacet
 facet normal -9.976484e-01 -6.853995e-02  1.507248e-19
   outer loop
     vertex  3.288827e+00  2.713245e-01  2.400000e+01
     vertex  3.295033e+00  1.809966e-01  2.030000e+01
     vertex  3.295033e+00  1.809966e-01  2.400000e+01
   endloop
 endfacet
 facet normal -9.953925e-01 -9.588368e-02 -0.000000e+00
   outer loop
     vertex  3.280146e+00  3.614482e-01  2.400000e+01
     vertex  3.280146e+00  3.614482e-01  2.030000e+01
     vertex  3.288827e+00  2.713245e-01  2.030000e+01
   endloop
 endfacet
 facet normal -9.923874e-01 -1.231552e-01 -0.000000e+00
   outer loop
     vertex  3.280146e+00  3.614482e-01  2.400000e+01
     vertex  3.268995e+00  4.512999e-01  2.030000e+01
     vertex  3.280146e+00  3.614482e-01  2.030000e+01
   endloop
 endfacet
 facet normal -9.953925e-01 -9.588368e-02 -7.678184e-20
   outer loop
     vertex  3.280146e+00  3.614482e-01  2.400000e+01
     vertex  3.288827e+00  2.713245e-01  2.030000e+01
     vertex  3.288827e+00  2.713245e-01  2.400000e+01
   endloop
 endfacet
 facet normal -9.923874e-01 -1.231552e-01 -0.000000e+00
   outer loop
     vertex  3.268995e+00  4.512999e-01  2.400000e+01
     vertex  3.268995e+00  4.512999e-01  2.030000e+01
     vertex  3.280146e+00  3.614482e-01  2.400000e+01
   endloop
 endfacet
 facet normal -9.886353e-01 -1.503341e-01 -0.000000e+00
   outer loop
     vertex  3.255384e+00  5.408118e-01  2.400000e+01
     vertex  3.255384e+00  5.408118e-01  2.030000e+01
     vertex  3.268995e+00  4.512999e-01  2.030000e+01
   endloop
 endfacet
 facet normal -9.886353e-01 -1.503341e-01 -2.258852e-19
   outer loop
     vertex  3.255384e+00  5.408118e-01  2.400000e+01
     vertex  3.268995e+00  4.512999e-01  2.030000e+01
     vertex  3.268995e+00  4.512999e-01  2.400000e+01
   endloop
 endfacet
 facet normal -9.841389e-01 -1.773998e-01 -0.000000e+00
   outer loop
     vertex  3.239322e+00  6.299166e-01  2.400000e+01
     vertex  3.239322e+00  6.299166e-01  2.030000e+01
     vertex  3.255384e+00  5.408118e-01  2.030000e+01
   endloop
 endfacet
 facet normal -9.841389e-01 -1.773998e-01  4.637762e-20
   outer loop
     vertex  3.239322e+00  6.299166e-01  2.400000e+01
     vertex  3.255384e+00  5.408118e-01  2.030000e+01
     vertex  3.255384e+00  5.408118e-01  2.400000e+01
   endloop
 endfacet
 facet normal -9.789017e-01 -2.043319e-01 -0.000000e+00
   outer loop
     vertex  3.220821e+00  7.185472e-01  2.400000e+01
     vertex  3.220821e+00  7.185472e-01  2.030000e+01
     vertex  3.239322e+00  6.299166e-01  2.030000e+01
   endloop
 endfacet
 facet normal -9.789017e-01 -2.043319e-01 -2.228654e-19
   outer loop
     vertex  3.220821e+00  7.185472e-01  2.400000e+01
     vertex  3.239322e+00  6.299166e-01  2.030000e+01
     vertex  3.239322e+00  6.299166e-01  2.400000e+01
   endloop
 endfacet
 facet normal -9.729276e-01 -2.311102e-01 -0.000000e+00
   outer loop
     vertex  3.199896e+00  8.066369e-01  2.400000e+01
     vertex  3.199896e+00  8.066369e-01  2.030000e+01
     vertex  3.220821e+00  7.185472e-01  2.030000e+01
   endloop
 endfacet
 facet normal -9.729276e-01 -2.311102e-01  2.282331e-19
   outer loop
     vertex  3.199896e+00  8.066369e-01  2.400000e+01
     vertex  3.220821e+00  7.185472e-01  2.030000e+01
     vertex  3.220821e+00  7.185472e-01  2.400000e+01
   endloop
 endfacet
 facet normal -9.662211e-01 -2.577146e-01 -1.408237e-19
   outer loop
     vertex  3.176563e+00  8.941194e-01  2.400000e+01
     vertex  3.199896e+00  8.066369e-01  2.030000e+01
     vertex  3.199896e+00  8.066369e-01  2.400000e+01
   endloop
 endfacet
 facet normal -9.662211e-01 -2.577146e-01 -0.000000e+00
   outer loop
     vertex  3.176563e+00  8.941194e-01  2.400000e+01
     vertex  3.176563e+00  8.941194e-01  2.030000e+01
     vertex  3.199896e+00  8.066369e-01  2.030000e+01
   endloop
 endfacet
 facet normal -9.587873e-01 -2.841250e-01 -0.000000e+00
   outer loop
     vertex  3.176563e+00  8.941194e-01  2.400000e+01
     vertex  3.150838e+00  9.809289e-01  2.030000e+01
     vertex  3.176563e+00  8.941194e-01  2.030000e+01
   endloop
 endfacet
 facet normal -9.587873e-01 -2.841250e-01 -0.000000e+00
   outer loop
     vertex  3.150838e+00  9.809289e-01  2.400000e+01
     vertex  3.150838e+00  9.809289e-01  2.030000e+01
     vertex  3.176563e+00  8.941194e-01  2.400000e+01
   endloop
 endfacet
 facet normal -9.506317e-01 -3.103214e-01  4.288084e-19
   outer loop
     vertex  3.122741e+00  1.067000e+00  2.400000e+01
     vertex  3.150838e+00  9.809289e-01  2.030000e+01
     vertex  3.150838e+00  9.809289e-01  2.400000e+01
   endloop
 endfacet
 facet normal -9.506317e-01 -3.103214e-01 -0.000000e+00
   outer loop
     vertex  3.122741e+00  1.067000e+00  2.400000e+01
     vertex  3.122741e+00  1.067000e+00  2.030000e+01
     vertex  3.150838e+00  9.809289e-01  2.030000e+01
   endloop
 endfacet
 facet normal -9.417605e-01 -3.362843e-01 -0.000000e+00
   outer loop
     vertex  3.122741e+00  1.067000e+00  2.400000e+01
     vertex  3.092294e+00  1.152268e+00  2.030000e+01
     vertex  3.122741e+00  1.067000e+00  2.030000e+01
   endloop
 endfacet
 facet normal -9.417605e-01 -3.362843e-01 -0.000000e+00
   outer loop
     vertex  3.092294e+00  1.152268e+00  2.400000e+01
     vertex  3.092294e+00  1.152268e+00  2.030000e+01
     vertex  3.122741e+00  1.067000e+00  2.400000e+01
   endloop
 endfacet
 facet normal -9.321804e-01 -3.619940e-01  2.506858e-19
   outer loop
     vertex  3.059518e+00  1.236668e+00  2.400000e+01
     vertex  3.092294e+00  1.152268e+00  2.030000e+01
     vertex  3.092294e+00  1.152268e+00  2.400000e+01
   endloop
 endfacet
 facet normal -9.321804e-01 -3.619940e-01 -0.000000e+00
   outer loop
     vertex  3.059518e+00  1.236668e+00  2.400000e+01
     vertex  3.059518e+00  1.236668e+00  2.030000e+01
     vertex  3.092294e+00  1.152268e+00  2.030000e+01
   endloop
 endfacet
 facet normal -9.218986e-01 -3.874313e-01 -1.447161e-19
   outer loop
     vertex  3.024440e+00  1.320138e+00  2.400000e+01
     vertex  3.059518e+00  1.236668e+00  2.030000e+01
     vertex  3.059518e+00  1.236668e+00  2.400000e+01
   endloop
 endfacet
 facet normal -9.218986e-01 -3.874313e-01 -0.000000e+00
   outer loop
     vertex  3.024440e+00  1.320138e+00  2.400000e+01
     vertex  3.024440e+00  1.320138e+00  2.030000e+01
     vertex  3.059518e+00  1.236668e+00  2.030000e+01
   endloop
 endfacet
 facet normal -9.109228e-01 -4.125769e-01 -0.000000e+00
   outer loop
     vertex  3.024440e+00  1.320138e+00  2.400000e+01
     vertex  2.987085e+00  1.402613e+00  2.030000e+01
     vertex  3.024440e+00  1.320138e+00  2.030000e+01
   endloop
 endfacet
 facet normal -9.109228e-01 -4.125769e-01 -0.000000e+00
   outer loop
     vertex  2.987085e+00  1.402613e+00  2.400000e+01
     vertex  2.987085e+00  1.402613e+00  2.030000e+01
     vertex  3.024440e+00  1.320138e+00  2.400000e+01
   endloop
 endfacet
 facet normal -8.992613e-01 -4.374119e-01  4.488689e-19
   outer loop
     vertex  2.947481e+00  1.484033e+00  2.400000e+01
     vertex  2.987085e+00  1.402613e+00  2.030000e+01
     vertex  2.987085e+00  1.402613e+00  2.400000e+01
   endloop
 endfacet
 facet normal -8.992613e-01 -4.374119e-01 -0.000000e+00
   outer loop
     vertex  2.947481e+00  1.484033e+00  2.400000e+01
     vertex  2.947481e+00  1.484033e+00  2.030000e+01
     vertex  2.987085e+00  1.402613e+00  2.030000e+01
   endloop
 endfacet
 facet normal -8.869228e-01 -4.619176e-01 -3.298152e-19
   outer loop
     vertex  2.905659e+00  1.564336e+00  2.400000e+01
     vertex  2.947481e+00  1.484033e+00  2.030000e+01
     vertex  2.947481e+00  1.484033e+00  2.400000e+01
   endloop
 endfacet
 facet normal -8.869228e-01 -4.619176e-01 -0.000000e+00
   outer loop
     vertex  2.905659e+00  1.564336e+00  2.400000e+01
     vertex  2.905659e+00  1.564336e+00  2.030000e+01
     vertex  2.947481e+00  1.484033e+00  2.030000e+01
   endloop
 endfacet
 facet normal -8.739167e-01 -4.860756e-01 -0.000000e+00
   outer loop
     vertex  2.905659e+00  1.564336e+00  2.400000e+01
     vertex  2.861649e+00  1.643461e+00  2.030000e+01
     vertex  2.905659e+00  1.564336e+00  2.030000e+01
   endloop
 endfacet
 facet normal -8.739167e-01 -4.860756e-01 -0.000000e+00
   outer loop
     vertex  2.861649e+00  1.643461e+00  2.400000e+01
     vertex  2.861649e+00  1.643461e+00  2.030000e+01
     vertex  2.905659e+00  1.564336e+00  2.400000e+01
   endloop
 endfacet
 facet normal -8.602528e-01 -5.098678e-01  2.802564e-19
   outer loop
     vertex  2.815485e+00  1.721349e+00  2.400000e+01
     vertex  2.861649e+00  1.643461e+00  2.030000e+01
     vertex  2.861649e+00  1.643461e+00  2.400000e+01
   endloop
 endfacet
 facet normal -8.602528e-01 -5.098678e-01 -0.000000e+00
   outer loop
     vertex  2.815485e+00  1.721349e+00  2.400000e+01
     vertex  2.815485e+00  1.721349e+00  2.030000e+01
     vertex  2.861649e+00  1.643461e+00  2.030000e+01
   endloop
 endfacet
 facet normal -8.459413e-01 -5.332761e-01 -0.000000e+00
   outer loop
     vertex  2.815485e+00  1.721349e+00  2.400000e+01
     vertex  2.767202e+00  1.797942e+00  2.030000e+01
     vertex  2.815485e+00  1.721349e+00  2.030000e+01
   endloop
 endfacet
 facet normal -8.459413e-01 -5.332761e-01 -0.000000e+00
   outer loop
     vertex  2.767202e+00  1.797942e+00  2.400000e+01
     vertex  2.767202e+00  1.797942e+00  2.030000e+01
     vertex  2.815485e+00  1.721349e+00  2.400000e+01
   endloop
 endfacet
 facet normal -8.309929e-01 -5.562829e-01  5.723430e-19
   outer loop
     vertex  2.716836e+00  1.873180e+00  2.400000e+01
     vertex  2.767202e+00  1.797942e+00  2.030000e+01
     vertex  2.767202e+00  1.797942e+00  2.400000e+01
   endloop
 endfacet
 facet normal -8.309929e-01 -5.562829e-01 -0.000000e+00
   outer loop
     vertex  2.716836e+00  1.873180e+00  2.400000e+01
     vertex  2.716836e+00  1.873180e+00  2.030000e+01
     vertex  2.767202e+00  1.797942e+00  2.030000e+01
   endloop
 endfacet
 facet normal -8.154191e-01 -5.788711e-01 -0.000000e+00
   outer loop
     vertex  2.664424e+00  1.947009e+00  2.400000e+01
     vertex  2.664424e+00  1.947009e+00  2.030000e+01
     vertex  2.716836e+00  1.873180e+00  2.030000e+01
   endloop
 endfacet
 facet normal -8.154191e-01 -5.788711e-01  2.548637e-19
   outer loop
     vertex  2.664424e+00  1.947009e+00  2.400000e+01
     vertex  2.716836e+00  1.873180e+00  2.030000e+01
     vertex  2.716836e+00  1.873180e+00  2.400000e+01
   endloop
 endfacet
 facet normal -7.992314e-01 -6.010234e-01 -0.000000e+00
   outer loop
     vertex  2.610007e+00  2.019372e+00  2.400000e+01
     vertex  2.610007e+00  2.019372e+00  2.030000e+01
     vertex  2.664424e+00  1.947009e+00  2.030000e+01
   endloop
 endfacet
 facet normal -7.992314e-01 -6.010234e-01  8.692881e-19
   outer loop
     vertex  2.610007e+00  2.019372e+00  2.400000e+01
     vertex  2.664424e+00  1.947009e+00  2.030000e+01
     vertex  2.664424e+00  1.947009e+00  2.400000e+01
   endloop
 endfacet
 facet normal -7.824421e-01 -6.227234e-01 -0.000000e+00
   outer loop
     vertex  2.553625e+00  2.090215e+00  2.400000e+01
     vertex  2.553625e+00  2.090215e+00  2.030000e+01
     vertex  2.610007e+00  2.019372e+00  2.030000e+01
   endloop
 endfacet
 facet normal -7.824421e-01 -6.227234e-01 -6.006861e-19
   outer loop
     vertex  2.553625e+00  2.090215e+00  2.400000e+01
     vertex  2.610007e+00  2.019372e+00  2.030000e+01
     vertex  2.610007e+00  2.019372e+00  2.400000e+01
   endloop
 endfacet
 facet normal -7.650637e-01 -6.439545e-01 -0.000000e+00
   outer loop
     vertex  2.495321e+00  2.159485e+00  2.400000e+01
     vertex  2.495321e+00  2.159485e+00  2.030000e+01
     vertex  2.553625e+00  2.090215e+00  2.030000e+01
   endloop
 endfacet
 facet normal -7.650637e-01 -6.439545e-01 -6.593134e-19
   outer loop
     vertex  2.495321e+00  2.159485e+00  2.400000e+01
     vertex  2.553625e+00  2.090215e+00  2.030000e+01
     vertex  2.553625e+00  2.090215e+00  2.400000e+01
   endloop
 endfacet
 facet normal -7.471095e-01 -6.647010e-01 -0.000000e+00
   outer loop
     vertex  2.435138e+00  2.227129e+00  2.400000e+01
     vertex  2.435138e+00  2.227129e+00  2.030000e+01
     vertex  2.495321e+00  2.159485e+00  2.030000e+01
   endloop
 endfacet
 facet normal -7.471095e-01 -6.647010e-01 -7.421386e-19
   outer loop
     vertex  2.435138e+00  2.227129e+00  2.400000e+01
     vertex  2.495321e+00  2.159485e+00  2.030000e+01
     vertex  2.495321e+00  2.159485e+00  2.400000e+01
   endloop
 endfacet
 facet normal -7.285929e-01 -6.849470e-01 -0.000000e+00
   outer loop
     vertex  2.373122e+00  2.293096e+00  2.400000e+01
     vertex  2.373122e+00  2.293096e+00  2.030000e+01
     vertex  2.435138e+00  2.227129e+00  2.030000e+01
   endloop
 endfacet
 facet normal -7.095278e-01 -7.046775e-01 -0.000000e+00
   outer loop
     vertex  2.373122e+00  2.293096e+00  2.400000e+01
     vertex  2.309320e+00  2.357337e+00  2.030000e+01
     vertex  2.373122e+00  2.293096e+00  2.030000e+01
   endloop
 endfacet
 facet normal -7.285929e-01 -6.849470e-01  1.335906e-19
   outer loop
     vertex  2.373122e+00  2.293096e+00  2.400000e+01
     vertex  2.435138e+00  2.227129e+00  2.030000e+01
     vertex  2.435138e+00  2.227129e+00  2.400000e+01
   endloop
 endfacet
 facet normal -7.095278e-01 -7.046775e-01 -0.000000e+00
   outer loop
     vertex  2.309320e+00  2.357337e+00  2.400000e+01
     vertex  2.309320e+00  2.357337e+00  2.030000e+01
     vertex  2.373122e+00  2.293096e+00  2.400000e+01
   endloop
 endfacet
 facet normal -6.899286e-01 -7.238775e-01 -0.000000e+00
   outer loop
     vertex  2.243780e+00  2.419804e+00  2.400000e+01
     vertex  2.243780e+00  2.419804e+00  2.030000e+01
     vertex  2.309320e+00  2.357337e+00  2.030000e+01
   endloop
 endfacet
 facet normal -6.899286e-01 -7.238775e-01  7.114928e-19
   outer loop
     vertex  2.243780e+00  2.419804e+00  2.400000e+01
     vertex  2.309320e+00  2.357337e+00  2.030000e+01
     vertex  2.309320e+00  2.357337e+00  2.400000e+01
   endloop
 endfacet
 facet normal -6.698100e-01 -7.425325e-01 -0.000000e+00
   outer loop
     vertex  2.176550e+00  2.480449e+00  2.400000e+01
     vertex  2.176550e+00  2.480449e+00  2.030000e+01
     vertex  2.243780e+00  2.419804e+00  2.030000e+01
   endloop
 endfacet
 facet normal -6.698100e-01 -7.425325e-01  1.962577e-19
   outer loop
     vertex  2.176550e+00  2.480449e+00  2.400000e+01
     vertex  2.243780e+00  2.419804e+00  2.030000e+01
     vertex  2.243780e+00  2.419804e+00  2.400000e+01
   endloop
 endfacet
 facet normal -6.491872e-01 -7.606287e-01 -0.000000e+00
   outer loop
     vertex  2.107682e+00  2.539227e+00  2.400000e+01
     vertex  2.107682e+00  2.539227e+00  2.030000e+01
     vertex  2.176550e+00  2.480449e+00  2.030000e+01
   endloop
 endfacet
 facet normal -6.491872e-01 -7.606287e-01 -3.568968e-19
   outer loop
     vertex  2.107682e+00  2.539227e+00  2.400000e+01
     vertex  2.176550e+00  2.480449e+00  2.030000e+01
     vertex  2.176550e+00  2.480449e+00  2.400000e+01
   endloop
 endfacet
 facet normal -6.280757e-01 -7.781522e-01 -0.000000e+00
   outer loop
     vertex  2.037228e+00  2.596094e+00  2.400000e+01
     vertex  2.037228e+00  2.596094e+00  2.030000e+01
     vertex  2.107682e+00  2.539227e+00  2.030000e+01
   endloop
 endfacet
 facet normal -6.280757e-01 -7.781522e-01  1.107099e-18
   outer loop
     vertex  2.037228e+00  2.596094e+00  2.400000e+01
     vertex  2.107682e+00  2.539227e+00  2.030000e+01
     vertex  2.107682e+00  2.539227e+00  2.400000e+01
   endloop
 endfacet
 facet normal -6.064915e-01 -7.950900e-01 -0.000000e+00
   outer loop
     vertex  1.965239e+00  2.651006e+00  2.400000e+01
     vertex  1.965239e+00  2.651006e+00  2.030000e+01
     vertex  2.037228e+00  2.596094e+00  2.030000e+01
   endloop
 endfacet
 facet normal -6.064915e-01 -7.950900e-01  1.284953e-18
   outer loop
     vertex  1.965239e+00  2.651006e+00  2.400000e+01
     vertex  2.037228e+00  2.596094e+00  2.030000e+01
     vertex  2.037228e+00  2.596094e+00  2.400000e+01
   endloop
 endfacet
 facet normal -5.844507e-01 -8.114292e-01 -0.000000e+00
   outer loop
     vertex  1.891772e+00  2.703923e+00  2.400000e+01
     vertex  1.891772e+00  2.703923e+00  2.030000e+01
     vertex  1.965239e+00  2.651006e+00  2.030000e+01
   endloop
 endfacet
 facet normal -5.844507e-01 -8.114292e-01 -1.754869e-19
   outer loop
     vertex  1.891772e+00  2.703923e+00  2.400000e+01
     vertex  1.965239e+00  2.651006e+00  2.030000e+01
     vertex  1.965239e+00  2.651006e+00  2.400000e+01
   endloop
 endfacet
 facet normal -5.619699e-01 -8.271577e-01 -0.000000e+00
   outer loop
     vertex  1.816880e+00  2.754804e+00  2.400000e+01
     vertex  1.816880e+00  2.754804e+00  2.030000e+01
     vertex  1.891772e+00  2.703923e+00  2.030000e+01
   endloop
 endfacet
 facet normal -5.390661e-01 -8.422635e-01 -0.000000e+00
   outer loop
     vertex  1.816880e+00  2.754804e+00  2.400000e+01
     vertex  1.740621e+00  2.803612e+00  2.030000e+01
     vertex  1.816880e+00  2.754804e+00  2.030000e+01
   endloop
 endfacet
 facet normal -5.619699e-01 -8.271577e-01 -5.431263e-19
   outer loop
     vertex  1.816880e+00  2.754804e+00  2.400000e+01
     vertex  1.891772e+00  2.703923e+00  2.030000e+01
     vertex  1.891772e+00  2.703923e+00  2.400000e+01
   endloop
 endfacet
 facet normal -5.390661e-01 -8.422635e-01 -0.000000e+00
   outer loop
     vertex  1.740621e+00  2.803612e+00  2.400000e+01
     vertex  1.740621e+00  2.803612e+00  2.030000e+01
     vertex  1.816880e+00  2.754804e+00  2.400000e+01
   endloop
 endfacet
 facet normal -5.157565e-01 -8.567352e-01  3.106501e-19
   outer loop
     vertex  1.663052e+00  2.850309e+00  2.400000e+01
     vertex  1.740621e+00  2.803612e+00  2.030000e+01
     vertex  1.740621e+00  2.803612e+00  2.400000e+01
   endloop
 endfacet
 facet normal -5.157565e-01 -8.567352e-01 -0.000000e+00
   outer loop
     vertex  1.663052e+00  2.850309e+00  2.400000e+01
     vertex  1.663052e+00  2.850309e+00  2.030000e+01
     vertex  1.740621e+00  2.803612e+00  2.030000e+01
   endloop
 endfacet
 facet normal -4.920587e-01 -8.705620e-01  3.484445e-19
   outer loop
     vertex  1.584230e+00  2.894860e+00  2.400000e+01
     vertex  1.663052e+00  2.850309e+00  2.030000e+01
     vertex  1.663052e+00  2.850309e+00  2.400000e+01
   endloop
 endfacet
 facet normal -4.920587e-01 -8.705620e-01 -0.000000e+00
   outer loop
     vertex  1.584230e+00  2.894860e+00  2.400000e+01
     vertex  1.584230e+00  2.894860e+00  2.030000e+01
     vertex  1.663052e+00  2.850309e+00  2.030000e+01
   endloop
 endfacet
 facet normal -4.679904e-01 -8.837335e-01  5.398310e-19
   outer loop
     vertex  1.504216e+00  2.937232e+00  2.400000e+01
     vertex  1.584230e+00  2.894860e+00  2.030000e+01
     vertex  1.584230e+00  2.894860e+00  2.400000e+01
   endloop
 endfacet
 facet normal -4.679904e-01 -8.837335e-01 -0.000000e+00
   outer loop
     vertex  1.504216e+00  2.937232e+00  2.400000e+01
     vertex  1.504216e+00  2.937232e+00  2.030000e+01
     vertex  1.584230e+00  2.894860e+00  2.030000e+01
   endloop
 endfacet
 facet normal -4.435699e-01 -8.962398e-01  2.241074e-19
   outer loop
     vertex  1.423070e+00  2.977394e+00  2.400000e+01
     vertex  1.504216e+00  2.937232e+00  2.030000e+01
     vertex  1.504216e+00  2.937232e+00  2.400000e+01
   endloop
 endfacet
 facet normal -4.435699e-01 -8.962398e-01 -0.000000e+00
   outer loop
     vertex  1.423070e+00  2.977394e+00  2.400000e+01
     vertex  1.423070e+00  2.977394e+00  2.030000e+01
     vertex  1.504216e+00  2.937232e+00  2.030000e+01
   endloop
 endfacet
 facet normal -4.188155e-01 -9.080714e-01 -3.946362e-19
   outer loop
     vertex  1.340852e+00  3.015313e+00  2.400000e+01
     vertex  1.423070e+00  2.977394e+00  2.030000e+01
     vertex  1.423070e+00  2.977394e+00  2.400000e+01
   endloop
 endfacet
 facet normal -4.188155e-01 -9.080714e-01 -0.000000e+00
   outer loop
     vertex  1.340852e+00  3.015313e+00  2.400000e+01
     vertex  1.340852e+00  3.015313e+00  2.030000e+01
     vertex  1.423070e+00  2.977394e+00  2.030000e+01
   endloop
 endfacet
 facet normal -3.937458e-01 -9.192194e-01  4.375022e-19
   outer loop
     vertex  1.257625e+00  3.050964e+00  2.400000e+01
     vertex  1.340852e+00  3.015313e+00  2.030000e+01
     vertex  1.340852e+00  3.015313e+00  2.400000e+01
   endloop
 endfacet
 facet normal -3.937458e-01 -9.192194e-01 -0.000000e+00
   outer loop
     vertex  1.257625e+00  3.050964e+00  2.400000e+01
     vertex  1.257625e+00  3.050964e+00  2.030000e+01
     vertex  1.340852e+00  3.015313e+00  2.030000e+01
   endloop
 endfacet
 facet normal -3.683796e-01 -9.296754e-01 -2.749476e-19
   outer loop
     vertex  1.173452e+00  3.084317e+00  2.400000e+01
     vertex  1.257625e+00  3.050964e+00  2.030000e+01
     vertex  1.257625e+00  3.050964e+00  2.400000e+01
   endloop
 endfacet
 facet normal -3.683796e-01 -9.296754e-01 -0.000000e+00
   outer loop
     vertex  1.173452e+00  3.084317e+00  2.400000e+01
     vertex  1.173452e+00  3.084317e+00  2.030000e+01
     vertex  1.257625e+00  3.050964e+00  2.030000e+01
   endloop
 endfacet
 facet normal -3.427362e-01 -9.394317e-01 -1.990141e-19
   outer loop
     vertex  1.088395e+00  3.115349e+00  2.400000e+01
     vertex  1.173452e+00  3.084317e+00  2.030000e+01
     vertex  1.173452e+00  3.084317e+00  2.400000e+01
   endloop
 endfacet
 facet normal -3.427362e-01 -9.394317e-01 -0.000000e+00
   outer loop
     vertex  1.088395e+00  3.115349e+00  2.400000e+01
     vertex  1.088395e+00  3.115349e+00  2.030000e+01
     vertex  1.173452e+00  3.084317e+00  2.030000e+01
   endloop
 endfacet
 facet normal -3.168348e-01 -9.484807e-01 -4.204140e-19
   outer loop
     vertex  1.002518e+00  3.144035e+00  2.400000e+01
     vertex  1.088395e+00  3.115349e+00  2.030000e+01
     vertex  1.088395e+00  3.115349e+00  2.400000e+01
   endloop
 endfacet
 facet normal -3.168348e-01 -9.484807e-01 -0.000000e+00
   outer loop
     vertex  1.002518e+00  3.144035e+00  2.400000e+01
     vertex  1.002518e+00  3.144035e+00  2.030000e+01
     vertex  1.088395e+00  3.115349e+00  2.030000e+01
   endloop
 endfacet
 facet normal -2.906949e-01 -9.568158e-01 -4.538291e-19
   outer loop
     vertex  9.158874e-01  3.170355e+00  2.400000e+01
     vertex  1.002518e+00  3.144035e+00  2.030000e+01
     vertex  1.002518e+00  3.144035e+00  2.400000e+01
   endloop
 endfacet
 facet normal -2.906949e-01 -9.568158e-01 -0.000000e+00
   outer loop
     vertex  9.158874e-01  3.170355e+00  2.400000e+01
     vertex  9.158874e-01  3.170355e+00  2.030000e+01
     vertex  1.002518e+00  3.144035e+00  2.030000e+01
   endloop
 endfacet
 facet normal -2.643362e-01 -9.644306e-01  2.972731e-19
   outer loop
     vertex  8.285670e-01  3.194288e+00  2.400000e+01
     vertex  9.158874e-01  3.170355e+00  2.030000e+01
     vertex  9.158874e-01  3.170355e+00  2.400000e+01
   endloop
 endfacet
 facet normal -2.643362e-01 -9.644306e-01 -0.000000e+00
   outer loop
     vertex  8.285670e-01  3.194288e+00  2.400000e+01
     vertex  8.285670e-01  3.194288e+00  2.030000e+01
     vertex  9.158874e-01  3.170355e+00  2.030000e+01
   endloop
 endfacet
 facet normal -2.377784e-01 -9.713194e-01  4.032863e-20
   outer loop
     vertex  7.406229e-01  3.215817e+00  2.400000e+01
     vertex  8.285670e-01  3.194288e+00  2.030000e+01
     vertex  8.285670e-01  3.194288e+00  2.400000e+01
   endloop
 endfacet
 facet normal -2.377784e-01 -9.713194e-01 -0.000000e+00
   outer loop
     vertex  7.406229e-01  3.215817e+00  2.400000e+01
     vertex  7.406229e-01  3.215817e+00  2.030000e+01
     vertex  8.285670e-01  3.194288e+00  2.030000e+01
   endloop
 endfacet
 facet normal -2.110417e-01 -9.774771e-01  8.661629e-20
   outer loop
     vertex  6.521213e-01  3.234925e+00  2.400000e+01
     vertex  7.406229e-01  3.215817e+00  2.030000e+01
     vertex  7.406229e-01  3.215817e+00  2.400000e+01
   endloop
 endfacet
 facet normal -2.110417e-01 -9.774771e-01 -0.000000e+00
   outer loop
     vertex  6.521213e-01  3.234925e+00  2.400000e+01
     vertex  6.521213e-01  3.234925e+00  2.030000e+01
     vertex  7.406229e-01  3.215817e+00  2.030000e+01
   endloop
 endfacet
 facet normal -1.841461e-01 -9.828989e-01  7.752367e-22
   outer loop
     vertex  5.631288e-01  3.251597e+00  2.400000e+01
     vertex  6.521213e-01  3.234925e+00  2.030000e+01
     vertex  6.521213e-01  3.234925e+00  2.400000e+01
   endloop
 endfacet
 facet normal -1.841461e-01 -9.828989e-01 -0.000000e+00
   outer loop
     vertex  5.631288e-01  3.251597e+00  2.400000e+01
     vertex  5.631288e-01  3.251597e+00  2.030000e+01
     vertex  6.521213e-01  3.234925e+00  2.030000e+01
   endloop
 endfacet
 facet normal -1.571119e-01 -9.875808e-01 -0.000000e+00
   outer loop
     vertex  5.631288e-01  3.251597e+00  2.400000e+01
     vertex  4.737123e-01  3.265823e+00  2.030000e+01
     vertex  5.631288e-01  3.251597e+00  2.030000e+01
   endloop
 endfacet
 facet normal -1.571119e-01 -9.875808e-01 -0.000000e+00
   outer loop
     vertex  4.737123e-01  3.265823e+00  2.400000e+01
     vertex  4.737123e-01  3.265823e+00  2.030000e+01
     vertex  5.631288e-01  3.251597e+00  2.400000e+01
   endloop
 endfacet
 facet normal -1.299594e-01 -9.915193e-01 -1.464256e-20
   outer loop
     vertex  3.839393e-01  3.277589e+00  2.400000e+01
     vertex  4.737123e-01  3.265823e+00  2.030000e+01
     vertex  4.737123e-01  3.265823e+00  2.400000e+01
   endloop
 endfacet
 facet normal -1.299594e-01 -9.915193e-01 -0.000000e+00
   outer loop
     vertex  3.839393e-01  3.277589e+00  2.400000e+01
     vertex  3.839393e-01  3.277589e+00  2.030000e+01
     vertex  4.737123e-01  3.265823e+00  2.030000e+01
   endloop
 endfacet
 facet normal -1.027091e-01 -9.947114e-01 -2.886650e-20
   outer loop
     vertex  2.938773e-01  3.286889e+00  2.400000e+01
     vertex  3.839393e-01  3.277589e+00  2.030000e+01
     vertex  3.839393e-01  3.277589e+00  2.400000e+01
   endloop
 endfacet
 facet normal -1.027091e-01 -9.947114e-01 -0.000000e+00
   outer loop
     vertex  2.938773e-01  3.286889e+00  2.400000e+01
     vertex  2.938773e-01  3.286889e+00  2.030000e+01
     vertex  3.839393e-01  3.277589e+00  2.030000e+01
   endloop
 endfacet
 facet normal -7.538152e-02 -9.971548e-01  1.466055e-19
   outer loop
     vertex  2.035940e-01  3.293714e+00  2.400000e+01
     vertex  2.938773e-01  3.286889e+00  2.030000e+01
     vertex  2.938773e-01  3.286889e+00  2.400000e+01
   endloop
 endfacet
 facet normal -7.538152e-02 -9.971548e-01 -0.000000e+00
   outer loop
     vertex  2.035940e-01  3.293714e+00  2.400000e+01
     vertex  2.035940e-01  3.293714e+00  2.030000e+01
     vertex  2.938773e-01  3.286889e+00  2.030000e+01
   endloop
 endfacet
 facet normal -4.799716e-02 -9.988475e-01 -0.000000e+00
   outer loop
     vertex  1.131575e-01  3.298059e+00  2.400000e+01
     vertex  1.131575e-01  3.298059e+00  2.030000e+01
     vertex  2.035940e-01  3.293714e+00  2.030000e+01
   endloop
 endfacet
 facet normal -4.799716e-02 -9.988475e-01  6.241475e-20
   outer loop
     vertex  1.131575e-01  3.298059e+00  2.400000e+01
     vertex  2.035940e-01  3.293714e+00  2.030000e+01
     vertex  2.035940e-01  3.293714e+00  2.400000e+01
   endloop
 endfacet
 facet normal -2.057667e-02 -9.997883e-01 -0.000000e+00
   outer loop
     vertex  2.263575e-02  3.299922e+00  2.400000e+01
     vertex  2.263575e-02  3.299922e+00  2.030000e+01
     vertex  1.131575e-01  3.298059e+00  2.030000e+01
   endloop
 endfacet
 facet normal -2.057667e-02 -9.997883e-01 -2.220313e-20
   outer loop
     vertex  2.263575e-02  3.299922e+00  2.400000e+01
     vertex  1.131575e-01  3.298059e+00  2.030000e+01
     vertex  1.131575e-01  3.298059e+00  2.400000e+01
   endloop
 endfacet
 facet normal  6.859319e-03 -9.999765e-01  0.000000e+00
   outer loop
     vertex  2.263575e-02  3.299922e+00  2.400000e+01
     vertex -6.790300e-02  3.299301e+00  2.030000e+01
     vertex  2.263575e-02  3.299922e+00  2.030000e+01
   endloop
 endfacet
 facet normal  6.859319e-03 -9.999765e-01  0.000000e+00
   outer loop
     vertex -6.790300e-02  3.299301e+00  2.400000e+01
     vertex -6.790300e-02  3.299301e+00  2.030000e+01
     vertex  2.263575e-02  3.299922e+00  2.400000e+01
   endloop
 endfacet
 facet normal  3.429014e-02 -9.994119e-01  0.000000e+00
   outer loop
     vertex -1.583906e-01  3.296197e+00  2.400000e+01
     vertex -1.583906e-01  3.296197e+00  2.030000e+01
     vertex -6.790300e-02  3.299301e+00  2.030000e+01
   endloop
 endfacet
 facet normal  6.169515e-02 -9.980950e-01  0.000000e+00
   outer loop
     vertex -1.583906e-01  3.296197e+00  2.400000e+01
     vertex -2.487590e-01  3.290611e+00  2.030000e+01
     vertex -1.583906e-01  3.296197e+00  2.030000e+01
   endloop
 endfacet
 facet normal  3.429014e-02 -9.994119e-01  6.472660e-20
   outer loop
     vertex -1.583906e-01  3.296197e+00  2.400000e+01
     vertex -6.790300e-02  3.299301e+00  2.030000e+01
     vertex -6.790300e-02  3.299301e+00  2.400000e+01
   endloop
 endfacet
 facet normal  6.169515e-02 -9.980950e-01  0.000000e+00
   outer loop
     vertex -2.487590e-01  3.290611e+00  2.400000e+01
     vertex -2.487590e-01  3.290611e+00  2.030000e+01
     vertex -1.583906e-01  3.296197e+00  2.400000e+01
   endloop
 endfacet
 facet normal  8.905371e-02 -9.960268e-01 -1.221768e-19
   outer loop
     vertex -3.389402e-01  3.282548e+00  2.400000e+01
     vertex -2.487590e-01  3.290611e+00  2.030000e+01
     vertex -2.487590e-01  3.290611e+00  2.400000e+01
   endloop
 endfacet
 facet normal  8.905371e-02 -9.960268e-01  0.000000e+00
   outer loop
     vertex -3.389402e-01  3.282548e+00  2.400000e+01
     vertex -3.389402e-01  3.282548e+00  2.030000e+01
     vertex -2.487590e-01  3.290611e+00  2.030000e+01
   endloop
 endfacet
 facet normal  1.163452e-01 -9.932088e-01  0.000000e+00
   outer loop
     vertex -3.389402e-01  3.282548e+00  2.400000e+01
     vertex -4.288662e-01  3.272014e+00  2.030000e+01
     vertex -3.389402e-01  3.282548e+00  2.030000e+01
   endloop
 endfacet
 facet normal  1.163452e-01 -9.932088e-01  0.000000e+00
   outer loop
     vertex -4.288662e-01  3.272014e+00  2.400000e+01
     vertex -4.288662e-01  3.272014e+00  2.030000e+01
     vertex -3.389402e-01  3.282548e+00  2.400000e+01
   endloop
 endfacet
 facet normal  1.435492e-01 -9.896432e-01  0.000000e+00
   outer loop
     vertex -4.288662e-01  3.272014e+00  2.400000e+01
     vertex -5.184693e-01  3.259017e+00  2.030000e+01
     vertex -4.288662e-01  3.272014e+00  2.030000e+01
   endloop
 endfacet
 facet normal  1.435492e-01 -9.896432e-01  0.000000e+00
   outer loop
     vertex -5.184693e-01  3.259017e+00  2.400000e+01
     vertex -5.184693e-01  3.259017e+00  2.030000e+01
     vertex -4.288662e-01  3.272014e+00  2.400000e+01
   endloop
 endfacet
 facet normal  1.706451e-01 -9.853326e-01  2.873667e-19
   outer loop
     vertex -6.076822e-01  3.243566e+00  2.400000e+01
     vertex -5.184693e-01  3.259017e+00  2.030000e+01
     vertex -5.184693e-01  3.259017e+00  2.400000e+01
   endloop
 endfacet
 facet normal  1.706451e-01 -9.853326e-01  0.000000e+00
   outer loop
     vertex -6.076822e-01  3.243566e+00  2.400000e+01
     vertex -6.076822e-01  3.243566e+00  2.030000e+01
     vertex -5.184693e-01  3.259017e+00  2.030000e+01
   endloop
 endfacet
 facet normal  1.976125e-01 -9.802802e-01  9.516750e-20
   outer loop
     vertex -6.964376e-01  3.225674e+00  2.400000e+01
     vertex -6.076822e-01  3.243566e+00  2.030000e+01
     vertex -6.076822e-01  3.243566e+00  2.400000e+01
   endloop
 endfacet
 facet normal  1.976125e-01 -9.802802e-01  0.000000e+00
   outer loop
     vertex -6.964376e-01  3.225674e+00  2.400000e+01
     vertex -6.964376e-01  3.225674e+00  2.030000e+01
     vertex -6.076822e-01  3.243566e+00  2.030000e+01
   endloop
 endfacet
 facet normal  2.244312e-01 -9.744899e-01  0.000000e+00
   outer loop
     vertex -6.964376e-01  3.225674e+00  2.400000e+01
     vertex -7.846688e-01  3.205354e+00  2.030000e+01
     vertex -6.964376e-01  3.225674e+00  2.030000e+01
   endloop
 endfacet
 facet normal  2.244312e-01 -9.744899e-01  0.000000e+00
   outer loop
     vertex -7.846688e-01  3.205354e+00  2.400000e+01
     vertex -7.846688e-01  3.205354e+00  2.030000e+01
     vertex -6.964376e-01  3.225674e+00  2.400000e+01
   endloop
 endfacet
 facet normal  2.510809e-01 -9.679661e-01  1.225970e-19
   outer loop
     vertex -8.723093e-01  3.182621e+00  2.400000e+01
     vertex -7.846688e-01  3.205354e+00  2.030000e+01
     vertex -7.846688e-01  3.205354e+00  2.400000e+01
   endloop
 endfacet
 facet normal  2.510809e-01 -9.679661e-01  0.000000e+00
   outer loop
     vertex -8.723093e-01  3.182621e+00  2.400000e+01
     vertex -8.723093e-01  3.182621e+00  2.030000e+01
     vertex -7.846688e-01  3.205354e+00  2.030000e+01
   endloop
 endfacet
 facet normal  2.775416e-01 -9.607136e-01  0.000000e+00
   outer loop
     vertex -8.723093e-01  3.182621e+00  2.400000e+01
     vertex -9.592932e-01  3.157492e+00  2.030000e+01
     vertex -8.723093e-01  3.182621e+00  2.030000e+01
   endloop
 endfacet
 facet normal  2.775416e-01 -9.607136e-01  0.000000e+00
   outer loop
     vertex -9.592932e-01  3.157492e+00  2.400000e+01
     vertex -9.592932e-01  3.157492e+00  2.030000e+01
     vertex -8.723093e-01  3.182621e+00  2.400000e+01
   endloop
 endfacet
 facet normal  3.037934e-01 -9.527379e-01  0.000000e+00
   outer loop
     vertex -9.592932e-01  3.157492e+00  2.400000e+01
     vertex -1.045555e+00  3.129986e+00  2.030000e+01
     vertex -9.592932e-01  3.157492e+00  2.030000e+01
   endloop
 endfacet
 facet normal  3.037934e-01 -9.527379e-01  0.000000e+00
   outer loop
     vertex -1.045555e+00  3.129986e+00  2.400000e+01
     vertex -1.045555e+00  3.129986e+00  2.030000e+01
     vertex -9.592932e-01  3.157492e+00  2.400000e+01
   endloop
 endfacet
 facet normal  3.298166e-01 -9.440450e-01 -5.472783e-19
   outer loop
     vertex -1.131030e+00  3.100125e+00  2.400000e+01
     vertex -1.045555e+00  3.129986e+00  2.030000e+01
     vertex -1.045555e+00  3.129986e+00  2.400000e+01
   endloop
 endfacet
 facet normal  3.298166e-01 -9.440450e-01  0.000000e+00
   outer loop
     vertex -1.131030e+00  3.100125e+00  2.400000e+01
     vertex -1.131030e+00  3.100125e+00  2.030000e+01
     vertex -1.045555e+00  3.129986e+00  2.030000e+01
   endloop
 endfacet
 facet normal  3.555914e-01 -9.346415e-01  0.000000e+00
   outer loop
     vertex -1.131030e+00  3.100125e+00  2.400000e+01
     vertex -1.215653e+00  3.067929e+00  2.030000e+01
     vertex -1.131030e+00  3.100125e+00  2.030000e+01
   endloop
 endfacet
 facet normal  3.810986e-01 -9.245344e-01  0.000000e+00
   outer loop
     vertex -1.215653e+00  3.067929e+00  2.400000e+01
     vertex -1.299361e+00  3.033424e+00  2.030000e+01
     vertex -1.215653e+00  3.067929e+00  2.030000e+01
   endloop
 endfacet
 facet normal  3.555914e-01 -9.346415e-01  0.000000e+00
   outer loop
     vertex -1.215653e+00  3.067929e+00  2.400000e+01
     vertex -1.215653e+00  3.067929e+00  2.030000e+01
     vertex -1.131030e+00  3.100125e+00  2.400000e+01
   endloop
 endfacet
 facet normal  3.810986e-01 -9.245344e-01  0.000000e+00
   outer loop
     vertex -1.299361e+00  3.033424e+00  2.400000e+01
     vertex -1.299361e+00  3.033424e+00  2.030000e+01
     vertex -1.215653e+00  3.067929e+00  2.400000e+01
   endloop
 endfacet
 facet normal  4.063188e-01 -9.137314e-01  0.000000e+00
   outer loop
     vertex -1.382091e+00  2.996636e+00  2.400000e+01
     vertex -1.382091e+00  2.996636e+00  2.030000e+01
     vertex -1.299361e+00  3.033424e+00  2.030000e+01
   endloop
 endfacet
 facet normal  4.312333e-01 -9.022405e-01  0.000000e+00
   outer loop
     vertex -1.382091e+00  2.996636e+00  2.400000e+01
     vertex -1.463781e+00  2.957591e+00  2.030000e+01
     vertex -1.382091e+00  2.996636e+00  2.030000e+01
   endloop
 endfacet
 facet normal  4.063188e-01 -9.137314e-01  5.333524e-19
   outer loop
     vertex -1.382091e+00  2.996636e+00  2.400000e+01
     vertex -1.299361e+00  3.033424e+00  2.030000e+01
     vertex -1.299361e+00  3.033424e+00  2.400000e+01
   endloop
 endfacet
 facet normal  4.558231e-01 -8.900704e-01  0.000000e+00
   outer loop
     vertex -1.463781e+00  2.957591e+00  2.400000e+01
     vertex -1.544368e+00  2.916321e+00  2.030000e+01
     vertex -1.463781e+00  2.957591e+00  2.030000e+01
   endloop
 endfacet
 facet normal  4.312333e-01 -9.022405e-01  0.000000e+00
   outer loop
     vertex -1.463781e+00  2.957591e+00  2.400000e+01
     vertex -1.463781e+00  2.957591e+00  2.030000e+01
     vertex -1.382091e+00  2.996636e+00  2.400000e+01
   endloop
 endfacet
 facet normal  4.800697e-01 -8.772303e-01  0.000000e+00
   outer loop
     vertex -1.544368e+00  2.916321e+00  2.400000e+01
     vertex -1.623794e+00  2.872855e+00  2.030000e+01
     vertex -1.544368e+00  2.916321e+00  2.030000e+01
   endloop
 endfacet
 facet normal  4.558231e-01 -8.900704e-01  0.000000e+00
   outer loop
     vertex -1.544368e+00  2.916321e+00  2.400000e+01
     vertex -1.544368e+00  2.916321e+00  2.030000e+01
     vertex -1.463781e+00  2.957591e+00  2.400000e+01
   endloop
 endfacet
 facet normal  4.800697e-01 -8.772303e-01  0.000000e+00
   outer loop
     vertex -1.623794e+00  2.872855e+00  2.400000e+01
     vertex -1.623794e+00  2.872855e+00  2.030000e+01
     vertex -1.544368e+00  2.916321e+00  2.400000e+01
   endloop
 endfacet
 facet normal  5.039550e-01 -8.637299e-01  0.000000e+00
   outer loop
     vertex -1.701997e+00  2.827226e+00  2.400000e+01
     vertex -1.701997e+00  2.827226e+00  2.030000e+01
     vertex -1.623794e+00  2.872855e+00  2.030000e+01
   endloop
 endfacet
 facet normal  5.039550e-01 -8.637299e-01 -4.190835e-19
   outer loop
     vertex -1.701997e+00  2.827226e+00  2.400000e+01
     vertex -1.623794e+00  2.872855e+00  2.030000e+01
     vertex -1.623794e+00  2.872855e+00  2.400000e+01
   endloop
 endfacet
 facet normal  5.274609e-01 -8.495793e-01  0.000000e+00
   outer loop
     vertex -1.778918e+00  2.779469e+00  2.400000e+01
     vertex -1.778918e+00  2.779469e+00  2.030000e+01
     vertex -1.701997e+00  2.827226e+00  2.030000e+01
   endloop
 endfacet
 facet normal  5.274609e-01 -8.495793e-01 -8.331188e-20
   outer loop
     vertex -1.778918e+00  2.779469e+00  2.400000e+01
     vertex -1.701997e+00  2.827226e+00  2.030000e+01
     vertex -1.701997e+00  2.827226e+00  2.400000e+01
   endloop
 endfacet
 facet normal  5.505698e-01 -8.347891e-01  0.000000e+00
   outer loop
     vertex -1.854501e+00  2.729620e+00  2.400000e+01
     vertex -1.854501e+00  2.729620e+00  2.030000e+01
     vertex -1.778918e+00  2.779469e+00  2.030000e+01
   endloop
 endfacet
 facet normal  5.732642e-01 -8.193706e-01  0.000000e+00
   outer loop
     vertex -1.854501e+00  2.729620e+00  2.400000e+01
     vertex -1.928687e+00  2.677716e+00  2.030000e+01
     vertex -1.854501e+00  2.729620e+00  2.030000e+01
   endloop
 endfacet
 facet normal  5.505698e-01 -8.347891e-01 -5.990442e-19
   outer loop
     vertex -1.854501e+00  2.729620e+00  2.400000e+01
     vertex -1.778918e+00  2.779469e+00  2.030000e+01
     vertex -1.778918e+00  2.779469e+00  2.400000e+01
   endloop
 endfacet
 facet normal  5.732642e-01 -8.193706e-01  0.000000e+00
   outer loop
     vertex -1.928687e+00  2.677716e+00  2.400000e+01
     vertex -1.928687e+00  2.677716e+00  2.030000e+01
     vertex -1.854501e+00  2.729620e+00  2.400000e+01
   endloop
 endfacet
 facet normal  5.955271e-01 -8.033352e-01  0.000000e+00
   outer loop
     vertex -2.001422e+00  2.623797e+00  2.400000e+01
     vertex -2.001422e+00  2.623797e+00  2.030000e+01
     vertex -1.928687e+00  2.677716e+00  2.030000e+01
   endloop
 endfacet
 facet normal  6.173417e-01 -7.866951e-01  0.000000e+00
   outer loop
     vertex -2.001422e+00  2.623797e+00  2.400000e+01
     vertex -2.072650e+00  2.567902e+00  2.030000e+01
     vertex -2.001422e+00  2.623797e+00  2.030000e+01
   endloop
 endfacet
 facet normal  5.955271e-01 -8.033352e-01  5.625027e-19
   outer loop
     vertex -2.001422e+00  2.623797e+00  2.400000e+01
     vertex -1.928687e+00  2.677716e+00  2.030000e+01
     vertex -1.928687e+00  2.677716e+00  2.400000e+01
   endloop
 endfacet
 facet normal  6.173417e-01 -7.866951e-01  0.000000e+00
   outer loop
     vertex -2.072650e+00  2.567902e+00  2.400000e+01
     vertex -2.072650e+00  2.567902e+00  2.030000e+01
     vertex -2.001422e+00  2.623797e+00  2.400000e+01
   endloop
 endfacet
 facet normal  6.386916e-01 -7.694628e-01  0.000000e+00
   outer loop
     vertex -2.142318e+00  2.510075e+00  2.400000e+01
     vertex -2.142318e+00  2.510075e+00  2.030000e+01
     vertex -2.072650e+00  2.567902e+00  2.030000e+01
   endloop
 endfacet
 facet normal  6.386916e-01 -7.694628e-01  4.118876e-19
   outer loop
     vertex -2.142318e+00  2.510075e+00  2.400000e+01
     vertex -2.072650e+00  2.567902e+00  2.030000e+01
     vertex -2.072650e+00  2.567902e+00  2.400000e+01
   endloop
 endfacet
 facet normal  6.595607e-01 -7.516513e-01  0.000000e+00
   outer loop
     vertex -2.210373e+00  2.450357e+00  2.400000e+01
     vertex -2.210373e+00  2.450357e+00  2.030000e+01
     vertex -2.142318e+00  2.510075e+00  2.030000e+01
   endloop
 endfacet
 facet normal  6.595607e-01 -7.516513e-01 -4.552520e-19
   outer loop
     vertex -2.210373e+00  2.450357e+00  2.400000e+01
     vertex -2.142318e+00  2.510075e+00  2.030000e+01
     vertex -2.142318e+00  2.510075e+00  2.400000e+01
   endloop
 endfacet
 facet normal  6.799333e-01 -7.332740e-01  0.000000e+00
   outer loop
     vertex -2.276764e+00  2.388796e+00  2.400000e+01
     vertex -2.276764e+00  2.388796e+00  2.030000e+01
     vertex -2.210373e+00  2.450357e+00  2.030000e+01
   endloop
 endfacet
 facet normal  6.799333e-01 -7.332740e-01 -5.786988e-19
   outer loop
     vertex -2.276764e+00  2.388796e+00  2.400000e+01
     vertex -2.210373e+00  2.450357e+00  2.030000e+01
     vertex -2.210373e+00  2.450357e+00  2.400000e+01
   endloop
 endfacet
 facet normal  6.997940e-01 -7.143447e-01  0.000000e+00
   outer loop
     vertex -2.341442e+00  2.325436e+00  2.400000e+01
     vertex -2.341442e+00  2.325436e+00  2.030000e+01
     vertex -2.276764e+00  2.388796e+00  2.030000e+01
   endloop
 endfacet
 facet normal  6.997940e-01 -7.143447e-01 -1.168303e-18
   outer loop
     vertex -2.341442e+00  2.325436e+00  2.400000e+01
     vertex -2.276764e+00  2.388796e+00  2.030000e+01
     vertex -2.276764e+00  2.388796e+00  2.400000e+01
   endloop
 endfacet
 facet normal  7.191280e-01 -6.948776e-01 -5.316804e-19
   outer loop
     vertex -2.404356e+00  2.260325e+00  2.400000e+01
     vertex -2.341442e+00  2.325436e+00  2.030000e+01
     vertex -2.341442e+00  2.325436e+00  2.400000e+01
   endloop
 endfacet
 facet normal  7.191280e-01 -6.948776e-01  0.000000e+00
   outer loop
     vertex -2.404356e+00  2.260325e+00  2.400000e+01
     vertex -2.404356e+00  2.260325e+00  2.030000e+01
     vertex -2.341442e+00  2.325436e+00  2.030000e+01
   endloop
 endfacet
 facet normal  7.379206e-01 -6.748875e-01  2.023923e-19
   outer loop
     vertex -2.465461e+00  2.193513e+00  2.400000e+01
     vertex -2.404356e+00  2.260325e+00  2.030000e+01
     vertex -2.404356e+00  2.260325e+00  2.400000e+01
   endloop
 endfacet
 facet normal  7.379206e-01 -6.748875e-01  0.000000e+00
   outer loop
     vertex -2.465461e+00  2.193513e+00  2.400000e+01
     vertex -2.465461e+00  2.193513e+00  2.030000e+01
     vertex -2.404356e+00  2.260325e+00  2.030000e+01
   endloop
 endfacet
 facet normal  7.561578e-01 -6.543893e-01  1.262101e-18
   outer loop
     vertex -2.524710e+00  2.125050e+00  2.400000e+01
     vertex -2.465461e+00  2.193513e+00  2.030000e+01
     vertex -2.465461e+00  2.193513e+00  2.400000e+01
   endloop
 endfacet
 facet normal  7.561578e-01 -6.543893e-01  0.000000e+00
   outer loop
     vertex -2.524710e+00  2.125050e+00  2.400000e+01
     vertex -2.524710e+00  2.125050e+00  2.030000e+01
     vertex -2.465461e+00  2.193513e+00  2.030000e+01
   endloop
 endfacet
 facet normal  7.738257e-01 -6.333986e-01  0.000000e+00
   outer loop
     vertex -2.582059e+00  2.054987e+00  2.400000e+01
     vertex -2.582059e+00  2.054987e+00  2.030000e+01
     vertex -2.524710e+00  2.125050e+00  2.030000e+01
   endloop
 endfacet
 facet normal  7.738257e-01 -6.333986e-01 -2.891527e-19
   outer loop
     vertex -2.582059e+00  2.054987e+00  2.400000e+01
     vertex -2.524710e+00  2.125050e+00  2.030000e+01
     vertex -2.524710e+00  2.125050e+00  2.400000e+01
   endloop
 endfacet
 facet normal  7.909112e-01 -6.119310e-01  0.000000e+00
   outer loop
     vertex -2.637464e+00  1.983377e+00  2.400000e+01
     vertex -2.637464e+00  1.983377e+00  2.030000e+01
     vertex -2.582059e+00  2.054987e+00  2.030000e+01
   endloop
 endfacet
 facet normal  7.909112e-01 -6.119310e-01  7.834568e-19
   outer loop
     vertex -2.637464e+00  1.983377e+00  2.400000e+01
     vertex -2.582059e+00  2.054987e+00  2.030000e+01
     vertex -2.582059e+00  2.054987e+00  2.400000e+01
   endloop
 endfacet
 facet normal  8.074012e-01 -5.900028e-01  0.000000e+00
   outer loop
     vertex -2.637464e+00  1.983377e+00  2.400000e+01
     vertex -2.690883e+00  1.910275e+00  2.030000e+01
     vertex -2.637464e+00  1.983377e+00  2.030000e+01
   endloop
 endfacet
 facet normal  8.074012e-01 -5.900028e-01  0.000000e+00
   outer loop
     vertex -2.690883e+00  1.910275e+00  2.400000e+01
     vertex -2.690883e+00  1.910275e+00  2.030000e+01
     vertex -2.637464e+00  1.983377e+00  2.400000e+01
   endloop
 endfacet
 facet normal  8.232835e-01 -5.676304e-01  0.000000e+00
   outer loop
     vertex -2.742277e+00  1.835734e+00  2.400000e+01
     vertex -2.742277e+00  1.835734e+00  2.030000e+01
     vertex -2.690883e+00  1.910275e+00  2.030000e+01
   endloop
 endfacet
 facet normal  8.385460e-01 -5.448308e-01  0.000000e+00
   outer loop
     vertex -2.742277e+00  1.835734e+00  2.400000e+01
     vertex -2.791606e+00  1.759811e+00  2.030000e+01
     vertex -2.742277e+00  1.835734e+00  2.030000e+01
   endloop
 endfacet
 facet normal  8.232835e-01 -5.676304e-01 -2.779324e-19
   outer loop
     vertex -2.742277e+00  1.835734e+00  2.400000e+01
     vertex -2.690883e+00  1.910275e+00  2.030000e+01
     vertex -2.690883e+00  1.910275e+00  2.400000e+01
   endloop
 endfacet
 facet normal  8.385460e-01 -5.448308e-01  0.000000e+00
   outer loop
     vertex -2.791606e+00  1.759811e+00  2.400000e+01
     vertex -2.791606e+00  1.759811e+00  2.030000e+01
     vertex -2.742277e+00  1.835734e+00  2.400000e+01
   endloop
 endfacet
 facet normal  8.531773e-01 -5.216210e-01  0.000000e+00
   outer loop
     vertex -2.838834e+00  1.682564e+00  2.400000e+01
     vertex -2.838834e+00  1.682564e+00  2.030000e+01
     vertex -2.791606e+00  1.759811e+00  2.030000e+01
   endloop
 endfacet
 facet normal  8.531773e-01 -5.216210e-01 -2.594788e-19
   outer loop
     vertex -2.838834e+00  1.682564e+00  2.400000e+01
     vertex -2.791606e+00  1.759811e+00  2.030000e+01
     vertex -2.791606e+00  1.759811e+00  2.400000e+01
   endloop
 endfacet
 facet normal  8.671664e-01 -4.980186e-01  0.000000e+00
   outer loop
     vertex -2.883925e+00  1.604050e+00  2.400000e+01
     vertex -2.883925e+00  1.604050e+00  2.030000e+01
     vertex -2.838834e+00  1.682564e+00  2.030000e+01
   endloop
 endfacet
 facet normal  8.805026e-01 -4.740412e-01  0.000000e+00
   outer loop
     vertex -2.883925e+00  1.604050e+00  2.400000e+01
     vertex -2.926845e+00  1.524328e+00  2.030000e+01
     vertex -2.883925e+00  1.604050e+00  2.030000e+01
   endloop
 endfacet
 facet normal  8.671664e-01 -4.980186e-01 -6.273942e-19
   outer loop
     vertex -2.883925e+00  1.604050e+00  2.400000e+01
     vertex -2.838834e+00  1.682564e+00  2.030000e+01
     vertex -2.838834e+00  1.682564e+00  2.400000e+01
   endloop
 endfacet
 facet normal  8.805026e-01 -4.740412e-01  0.000000e+00
   outer loop
     vertex -2.926845e+00  1.524328e+00  2.400000e+01
     vertex -2.926845e+00  1.524328e+00  2.030000e+01
     vertex -2.883925e+00  1.604050e+00  2.400000e+01
   endloop
 endfacet
 facet normal  8.931761e-01 -4.497071e-01  0.000000e+00
   outer loop
     vertex -2.967562e+00  1.443459e+00  2.400000e+01
     vertex -2.967562e+00  1.443459e+00  2.030000e+01
     vertex -2.926845e+00  1.524328e+00  2.030000e+01
   endloop
 endfacet
 facet normal  9.051772e-01 -4.250344e-01  0.000000e+00
   outer loop
     vertex -2.967562e+00  1.443459e+00  2.400000e+01
     vertex -3.006045e+00  1.361504e+00  2.030000e+01
     vertex -2.967562e+00  1.443459e+00  2.030000e+01
   endloop
 endfacet
 facet normal  8.931761e-01 -4.497071e-01  3.676505e-19
   outer loop
     vertex -2.967562e+00  1.443459e+00  2.400000e+01
     vertex -2.926845e+00  1.524328e+00  2.030000e+01
     vertex -2.926845e+00  1.524328e+00  2.400000e+01
   endloop
 endfacet
 facet normal  9.051772e-01 -4.250344e-01  0.000000e+00
   outer loop
     vertex -3.006045e+00  1.361504e+00  2.400000e+01
     vertex -3.006045e+00  1.361504e+00  2.030000e+01
     vertex -2.967562e+00  1.443459e+00  2.400000e+01
   endloop
 endfacet
 facet normal  9.164969e-01 -4.000417e-01  0.000000e+00
   outer loop
     vertex -3.042265e+00  1.278523e+00  2.400000e+01
     vertex -3.042265e+00  1.278523e+00  2.030000e+01
     vertex -3.006045e+00  1.361504e+00  2.030000e+01
   endloop
 endfacet
 facet normal  9.271267e-01 -3.747479e-01  0.000000e+00
   outer loop
     vertex -3.042265e+00  1.278523e+00  2.400000e+01
     vertex -3.076195e+00  1.194580e+00  2.030000e+01
     vertex -3.042265e+00  1.278523e+00  2.030000e+01
   endloop
 endfacet
 facet normal  9.164969e-01 -4.000417e-01  2.418830e-19
   outer loop
     vertex -3.042265e+00  1.278523e+00  2.400000e+01
     vertex -3.006045e+00  1.361504e+00  2.030000e+01
     vertex -3.006045e+00  1.361504e+00  2.400000e+01
   endloop
 endfacet
 facet normal  9.271267e-01 -3.747479e-01  0.000000e+00
   outer loop
     vertex -3.076195e+00  1.194580e+00  2.400000e+01
     vertex -3.076195e+00  1.194580e+00  2.030000e+01
     vertex -3.042265e+00  1.278523e+00  2.400000e+01
   endloop
 endfacet
 facet normal  9.370586e-01 -3.491720e-01  0.000000e+00
   outer loop
     vertex -3.107810e+00  1.109738e+00  2.400000e+01
     vertex -3.107810e+00  1.109738e+00  2.030000e+01
     vertex -3.076195e+00  1.194580e+00  2.030000e+01
   endloop
 endfacet
 facet normal  9.370586e-01 -3.491720e-01  4.774132e-19
   outer loop
     vertex -3.107810e+00  1.109738e+00  2.400000e+01
     vertex -3.076195e+00  1.194580e+00  2.030000e+01
     vertex -3.076195e+00  1.194580e+00  2.400000e+01
   endloop
 endfacet
 facet normal  9.462851e-01 -3.233333e-01  0.000000e+00
   outer loop
     vertex -3.137085e+00  1.024061e+00  2.400000e+01
     vertex -3.137085e+00  1.024061e+00  2.030000e+01
     vertex -3.107810e+00  1.109738e+00  2.030000e+01
   endloop
 endfacet
 facet normal  9.462851e-01 -3.233333e-01  4.324322e-19
   outer loop
     vertex -3.137085e+00  1.024061e+00  2.400000e+01
     vertex -3.107810e+00  1.109738e+00  2.030000e+01
     vertex -3.107810e+00  1.109738e+00  2.400000e+01
   endloop
 endfacet
 facet normal  9.547993e-01 -2.972512e-01  0.000000e+00
   outer loop
     vertex -3.163998e+00  9.376124e-01  2.400000e+01
     vertex -3.163998e+00  9.376124e-01  2.030000e+01
     vertex -3.137085e+00  1.024061e+00  2.030000e+01
   endloop
 endfacet
 facet normal  9.625948e-01 -2.709453e-01  0.000000e+00
   outer loop
     vertex -3.163998e+00  9.376124e-01  2.400000e+01
     vertex -3.188530e+00  8.504582e-01  2.030000e+01
     vertex -3.163998e+00  9.376124e-01  2.030000e+01
   endloop
 endfacet
 facet normal  9.547993e-01 -2.972512e-01 -3.026665e-19
   outer loop
     vertex -3.163998e+00  9.376124e-01  2.400000e+01
     vertex -3.137085e+00  1.024061e+00  2.030000e+01
     vertex -3.137085e+00  1.024061e+00  2.400000e+01
   endloop
 endfacet
 facet normal  9.625948e-01 -2.709453e-01  0.000000e+00
   outer loop
     vertex -3.188530e+00  8.504582e-01  2.400000e+01
     vertex -3.188530e+00  8.504582e-01  2.030000e+01
     vertex -3.163998e+00  9.376124e-01  2.400000e+01
   endloop
 endfacet
 facet normal  9.696656e-01 -2.444354e-01  0.000000e+00
   outer loop
     vertex -3.210661e+00  7.626638e-01  2.400000e+01
     vertex -3.210661e+00  7.626638e-01  2.030000e+01
     vertex -3.188530e+00  8.504582e-01  2.030000e+01
   endloop
 endfacet
 facet normal  9.760065e-01 -2.177416e-01  0.000000e+00
   outer loop
     vertex -3.210661e+00  7.626638e-01  2.400000e+01
     vertex -3.230375e+00  6.742953e-01  2.030000e+01
     vertex -3.210661e+00  7.626638e-01  2.030000e+01
   endloop
 endfacet
 facet normal  9.696656e-01 -2.444354e-01  1.441083e-19
   outer loop
     vertex -3.210661e+00  7.626638e-01  2.400000e+01
     vertex -3.188530e+00  8.504582e-01  2.030000e+01
     vertex -3.188530e+00  8.504582e-01  2.400000e+01
   endloop
 endfacet
 facet normal  9.816126e-01 -1.908838e-01  0.000000e+00
   outer loop
     vertex -3.230375e+00  6.742953e-01  2.400000e+01
     vertex -3.247658e+00  5.854193e-01  2.030000e+01
     vertex -3.230375e+00  6.742953e-01  2.030000e+01
   endloop
 endfacet
 facet normal  9.760065e-01 -2.177416e-01  0.000000e+00
   outer loop
     vertex -3.230375e+00  6.742953e-01  2.400000e+01
     vertex -3.230375e+00  6.742953e-01  2.030000e+01
     vertex -3.210661e+00  7.626638e-01  2.400000e+01
   endloop
 endfacet
 facet normal  9.816126e-01 -1.908838e-01  0.000000e+00
   outer loop
     vertex -3.247658e+00  5.854193e-01  2.400000e+01
     vertex -3.247658e+00  5.854193e-01  2.030000e+01
     vertex -3.230375e+00  6.742953e-01  2.400000e+01
   endloop
 endfacet
 facet normal  9.864799e-01 -1.638824e-01  0.000000e+00
   outer loop
     vertex -3.262496e+00  4.961025e-01  2.400000e+01
     vertex -3.262496e+00  4.961025e-01  2.030000e+01
     vertex -3.247658e+00  5.854193e-01  2.030000e+01
   endloop
 endfacet
 facet normal  9.906046e-01 -1.367575e-01  0.000000e+00
   outer loop
     vertex -3.262496e+00  4.961025e-01  2.400000e+01
     vertex -3.274878e+00  4.064123e-01  2.030000e+01
     vertex -3.262496e+00  4.961025e-01  2.030000e+01
   endloop
 endfacet
 facet normal  9.864799e-01 -1.638824e-01  2.492726e-19
   outer loop
     vertex -3.262496e+00  4.961025e-01  2.400000e+01
     vertex -3.247658e+00  5.854193e-01  2.030000e+01
     vertex -3.247658e+00  5.854193e-01  2.400000e+01
   endloop
 endfacet
 facet normal  9.906046e-01 -1.367575e-01  0.000000e+00
   outer loop
     vertex -3.274878e+00  4.064123e-01  2.400000e+01
     vertex -3.274878e+00  4.064123e-01  2.030000e+01
     vertex -3.262496e+00  4.961025e-01  2.400000e+01
   endloop
 endfacet
 facet normal  9.939835e-01 -1.095298e-01  2.820284e-20
   outer loop
     vertex -3.284795e+00  3.164162e-01  2.400000e+01
     vertex -3.274878e+00  4.064123e-01  2.030000e+01
     vertex -3.274878e+00  4.064123e-01  2.400000e+01
   endloop
 endfacet
 facet normal  9.939835e-01 -1.095298e-01  0.000000e+00
   outer loop
     vertex -3.284795e+00  3.164162e-01  2.400000e+01
     vertex -3.284795e+00  3.164162e-01  2.030000e+01
     vertex -3.274878e+00  4.064123e-01  2.030000e+01
   endloop
 endfacet
 facet normal  9.966142e-01 -8.221955e-02  1.104864e-19
   outer loop
     vertex -3.292240e+00  2.261818e-01  2.400000e+01
     vertex -3.284795e+00  3.164162e-01  2.030000e+01
     vertex -3.284795e+00  3.164162e-01  2.400000e+01
   endloop
 endfacet
 facet normal  9.966142e-01 -8.221955e-02  0.000000e+00
   outer loop
     vertex -3.292240e+00  2.261818e-01  2.400000e+01
     vertex -3.292240e+00  2.261818e-01  2.030000e+01
     vertex -3.284795e+00  3.164162e-01  2.030000e+01
   endloop
 endfacet
 facet normal  9.984947e-01 -5.484744e-02  0.000000e+00
   outer loop
     vertex -3.292240e+00  2.261818e-01  2.400000e+01
     vertex -3.297206e+00  1.357772e-01  2.030000e+01
     vertex -3.292240e+00  2.261818e-01  2.030000e+01
   endloop
 endfacet
 facet normal  9.984947e-01 -5.484744e-02  0.000000e+00
   outer loop
     vertex -3.297206e+00  1.357772e-01  2.400000e+01
     vertex -3.297206e+00  1.357772e-01  2.030000e+01
     vertex -3.292240e+00  2.261818e-01  2.400000e+01
   endloop
 endfacet
 facet normal  9.996236e-01 -2.743405e-02  1.977923e-20
   outer loop
     vertex -3.299689e+00  4.527044e-02  2.400000e+01
     vertex -3.297206e+00  1.357772e-01  2.030000e+01
     vertex -3.297206e+00  1.357772e-01  2.400000e+01
   endloop
 endfacet
 facet normal  9.996236e-01 -2.743405e-02  0.000000e+00
   outer loop
     vertex -3.299689e+00  4.527044e-02  2.400000e+01
     vertex -3.299689e+00  4.527044e-02  2.030000e+01
     vertex -3.297206e+00  1.357772e-01  2.030000e+01
   endloop
 endfacet
 facet normal  1.000000e+00  4.904848e-15  0.000000e+00
   outer loop
     vertex -3.299689e+00 -4.527044e-02  2.400000e+01
     vertex -3.299689e+00  4.527044e-02  2.030000e+01
     vertex -3.299689e+00  4.527044e-02  2.400000e+01
   endloop
 endfacet
 facet normal  1.000000e+00  4.904848e-15  0.000000e+00
   outer loop
     vertex -3.299689e+00 -4.527044e-02  2.400000e+01
     vertex -3.299689e+00 -4.527044e-02  2.030000e+01
     vertex -3.299689e+00  4.527044e-02  2.030000e+01
   endloop
 endfacet
 facet normal  9.996236e-01  2.743405e-02 -3.461096e-20
   outer loop
     vertex -3.297206e+00 -1.357772e-01  2.400000e+01
     vertex -3.299689e+00 -4.527044e-02  2.030000e+01
     vertex -3.299689e+00 -4.527044e-02  2.400000e+01
   endloop
 endfacet
 facet normal  9.996236e-01  2.743405e-02  0.000000e+00
   outer loop
     vertex -3.297206e+00 -1.357772e-01  2.400000e+01
     vertex -3.297206e+00 -1.357772e-01  2.030000e+01
     vertex -3.299689e+00 -4.527044e-02  2.030000e+01
   endloop
 endfacet
 facet normal  9.984947e-01  5.484744e-02  0.000000e+00
   outer loop
     vertex -3.297206e+00 -1.357772e-01  2.400000e+01
     vertex -3.292240e+00 -2.261818e-01  2.030000e+01
     vertex -3.297206e+00 -1.357772e-01  2.030000e+01
   endloop
 endfacet
 facet normal  9.984947e-01  5.484744e-02  0.000000e+00
   outer loop
     vertex -3.292240e+00 -2.261818e-01  2.400000e+01
     vertex -3.292240e+00 -2.261818e-01  2.030000e+01
     vertex -3.297206e+00 -1.357772e-01  2.400000e+01
   endloop
 endfacet
 facet normal  9.966142e-01  8.221955e-02  0.000000e+00
   outer loop
     vertex -3.292240e+00 -2.261818e-01  2.400000e+01
     vertex -3.284795e+00 -3.164162e-01  2.030000e+01
     vertex -3.292240e+00 -2.261818e-01  2.030000e+01
   endloop
 endfacet
 facet normal  9.966142e-01  8.221955e-02  0.000000e+00
   outer loop
     vertex -3.284795e+00 -3.164162e-01  2.400000e+01
     vertex -3.284795e+00 -3.164162e-01  2.030000e+01
     vertex -3.292240e+00 -2.261818e-01  2.400000e+01
   endloop
 endfacet
 facet normal  9.939835e-01  1.095298e-01 -8.351941e-20
   outer loop
     vertex -3.274878e+00 -4.064123e-01  2.400000e+01
     vertex -3.284795e+00 -3.164162e-01  2.030000e+01
     vertex -3.284795e+00 -3.164162e-01  2.400000e+01
   endloop
 endfacet
 facet normal  9.939835e-01  1.095298e-01  0.000000e+00
   outer loop
     vertex -3.274878e+00 -4.064123e-01  2.400000e+01
     vertex -3.274878e+00 -4.064123e-01  2.030000e+01
     vertex -3.284795e+00 -3.164162e-01  2.030000e+01
   endloop
 endfacet
 facet normal  9.906046e-01  1.367575e-01  7.559591e-20
   outer loop
     vertex -3.262496e+00 -4.961025e-01  2.400000e+01
     vertex -3.274878e+00 -4.064123e-01  2.030000e+01
     vertex -3.274878e+00 -4.064123e-01  2.400000e+01
   endloop
 endfacet
 facet normal  9.906046e-01  1.367575e-01  0.000000e+00
   outer loop
     vertex -3.262496e+00 -4.961025e-01  2.400000e+01
     vertex -3.262496e+00 -4.961025e-01  2.030000e+01
     vertex -3.274878e+00 -4.064123e-01  2.030000e+01
   endloop
 endfacet
 facet normal  9.864799e-01  1.638824e-01  2.911668e-19
   outer loop
     vertex -3.247658e+00 -5.854193e-01  2.400000e+01
     vertex -3.262496e+00 -4.961025e-01  2.030000e+01
     vertex -3.262496e+00 -4.961025e-01  2.400000e+01
   endloop
 endfacet
 facet normal  9.864799e-01  1.638824e-01  0.000000e+00
   outer loop
     vertex -3.247658e+00 -5.854193e-01  2.400000e+01
     vertex -3.247658e+00 -5.854193e-01  2.030000e+01
     vertex -3.262496e+00 -4.961025e-01  2.030000e+01
   endloop
 endfacet
 facet normal  9.816126e-01  1.908838e-01 -2.968286e-19
   outer loop
     vertex -3.230375e+00 -6.742953e-01  2.400000e+01
     vertex -3.247658e+00 -5.854193e-01  2.030000e+01
     vertex -3.247658e+00 -5.854193e-01  2.400000e+01
   endloop
 endfacet
 facet normal  9.816126e-01  1.908838e-01  0.000000e+00
   outer loop
     vertex -3.230375e+00 -6.742953e-01  2.400000e+01
     vertex -3.230375e+00 -6.742953e-01  2.030000e+01
     vertex -3.247658e+00 -5.854193e-01  2.030000e+01
   endloop
 endfacet
 facet normal  9.760065e-01  2.177416e-01 -1.663185e-19
   outer loop
     vertex -3.210661e+00 -7.626638e-01  2.400000e+01
     vertex -3.230375e+00 -6.742953e-01  2.030000e+01
     vertex -3.230375e+00 -6.742953e-01  2.400000e+01
   endloop
 endfacet
 facet normal  9.760065e-01  2.177416e-01  0.000000e+00
   outer loop
     vertex -3.210661e+00 -7.626638e-01  2.400000e+01
     vertex -3.210661e+00 -7.626638e-01  2.030000e+01
     vertex -3.230375e+00 -6.742953e-01  2.030000e+01
   endloop
 endfacet
 facet normal  9.696656e-01  2.444354e-01  0.000000e+00
   outer loop
     vertex -3.188530e+00 -8.504582e-01  2.400000e+01
     vertex -3.188530e+00 -8.504582e-01  2.030000e+01
     vertex -3.210661e+00 -7.626638e-01  2.030000e+01
   endloop
 endfacet
 facet normal  9.696656e-01  2.444354e-01 -1.073417e-19
   outer loop
     vertex -3.188530e+00 -8.504582e-01  2.400000e+01
     vertex -3.210661e+00 -7.626638e-01  2.030000e+01
     vertex -3.210661e+00 -7.626638e-01  2.400000e+01
   endloop
 endfacet
 facet normal  9.625948e-01  2.709453e-01  0.000000e+00
   outer loop
     vertex -3.163998e+00 -9.376124e-01  2.400000e+01
     vertex -3.163998e+00 -9.376124e-01  2.030000e+01
     vertex -3.188530e+00 -8.504582e-01  2.030000e+01
   endloop
 endfacet
 facet normal  9.625948e-01  2.709453e-01 -2.420860e-19
   outer loop
     vertex -3.163998e+00 -9.376124e-01  2.400000e+01
     vertex -3.188530e+00 -8.504582e-01  2.030000e+01
     vertex -3.188530e+00 -8.504582e-01  2.400000e+01
   endloop
 endfacet
 facet normal  9.547993e-01  2.972512e-01  0.000000e+00
   outer loop
     vertex -3.137085e+00 -1.024061e+00  2.400000e+01
     vertex -3.137085e+00 -1.024061e+00  2.030000e+01
     vertex -3.163998e+00 -9.376124e-01  2.030000e+01
   endloop
 endfacet
 facet normal  9.462851e-01  3.233333e-01  0.000000e+00
   outer loop
     vertex -3.137085e+00 -1.024061e+00  2.400000e+01
     vertex -3.107810e+00 -1.109738e+00  2.030000e+01
     vertex -3.137085e+00 -1.024061e+00  2.030000e+01
   endloop
 endfacet
 facet normal  9.547993e-01  2.972512e-01 -1.851034e-19
   outer loop
     vertex -3.137085e+00 -1.024061e+00  2.400000e+01
     vertex -3.163998e+00 -9.376124e-01  2.030000e+01
     vertex -3.163998e+00 -9.376124e-01  2.400000e+01
   endloop
 endfacet
 facet normal  9.462851e-01  3.233333e-01  0.000000e+00
   outer loop
     vertex -3.107810e+00 -1.109738e+00  2.400000e+01
     vertex -3.107810e+00 -1.109738e+00  2.030000e+01
     vertex -3.137085e+00 -1.024061e+00  2.400000e+01
   endloop
 endfacet
 facet normal  9.370586e-01  3.491720e-01  0.000000e+00
   outer loop
     vertex -3.076195e+00 -1.194580e+00  2.400000e+01
     vertex -3.076195e+00 -1.194580e+00  2.030000e+01
     vertex -3.107810e+00 -1.109738e+00  2.030000e+01
   endloop
 endfacet
 facet normal  9.370586e-01  3.491720e-01 -4.856392e-21
   outer loop
     vertex -3.076195e+00 -1.194580e+00  2.400000e+01
     vertex -3.107810e+00 -1.109738e+00  2.030000e+01
     vertex -3.107810e+00 -1.109738e+00  2.400000e+01
   endloop
 endfacet
 facet normal  9.271267e-01  3.747479e-01  0.000000e+00
   outer loop
     vertex -3.042265e+00 -1.278523e+00  2.400000e+01
     vertex -3.042265e+00 -1.278523e+00  2.030000e+01
     vertex -3.076195e+00 -1.194580e+00  2.030000e+01
   endloop
 endfacet
 facet normal  9.271267e-01  3.747479e-01 -3.234940e-19
   outer loop
     vertex -3.042265e+00 -1.278523e+00  2.400000e+01
     vertex -3.076195e+00 -1.194580e+00  2.030000e+01
     vertex -3.076195e+00 -1.194580e+00  2.400000e+01
   endloop
 endfacet
 facet normal  9.164969e-01  4.000417e-01  0.000000e+00
   outer loop
     vertex -3.006045e+00 -1.361504e+00  2.400000e+01
     vertex -3.006045e+00 -1.361504e+00  2.030000e+01
     vertex -3.042265e+00 -1.278523e+00  2.030000e+01
   endloop
 endfacet
 facet normal  9.164969e-01  4.000417e-01 -1.693042e-19
   outer loop
     vertex -3.006045e+00 -1.361504e+00  2.400000e+01
     vertex -3.042265e+00 -1.278523e+00  2.030000e+01
     vertex -3.042265e+00 -1.278523e+00  2.400000e+01
   endloop
 endfacet
 facet normal  9.051772e-01  4.250344e-01  0.000000e+00
   outer loop
     vertex -2.967562e+00 -1.443459e+00  2.400000e+01
     vertex -2.967562e+00 -1.443459e+00  2.030000e+01
     vertex -3.006045e+00 -1.361504e+00  2.030000e+01
   endloop
 endfacet
 facet normal  9.051772e-01  4.250344e-01  4.710419e-19
   outer loop
     vertex -2.967562e+00 -1.443459e+00  2.400000e+01
     vertex -3.006045e+00 -1.361504e+00  2.030000e+01
     vertex -3.006045e+00 -1.361504e+00  2.400000e+01
   endloop
 endfacet
 facet normal  8.931761e-01  4.497071e-01  0.000000e+00
   outer loop
     vertex -2.926845e+00 -1.524328e+00  2.400000e+01
     vertex -2.926845e+00 -1.524328e+00  2.030000e+01
     vertex -2.967562e+00 -1.443459e+00  2.030000e+01
   endloop
 endfacet
 facet normal  8.931761e-01  4.497071e-01  1.729940e-19
   outer loop
     vertex -2.926845e+00 -1.524328e+00  2.400000e+01
     vertex -2.967562e+00 -1.443459e+00  2.030000e+01
     vertex -2.967562e+00 -1.443459e+00  2.400000e+01
   endloop
 endfacet
 facet normal  8.805026e-01  4.740412e-01  0.000000e+00
   outer loop
     vertex -2.883925e+00 -1.604050e+00  2.400000e+01
     vertex -2.883925e+00 -1.604050e+00  2.030000e+01
     vertex -2.926845e+00 -1.524328e+00  2.030000e+01
   endloop
 endfacet
 facet normal  8.805026e-01  4.740412e-01  4.781359e-19
   outer loop
     vertex -2.883925e+00 -1.604050e+00  2.400000e+01
     vertex -2.926845e+00 -1.524328e+00  2.030000e+01
     vertex -2.926845e+00 -1.524328e+00  2.400000e+01
   endloop
 endfacet
 facet normal  8.671664e-01  4.980186e-01  0.000000e+00
   outer loop
     vertex -2.838834e+00 -1.682564e+00  2.400000e+01
     vertex -2.838834e+00 -1.682564e+00  2.030000e+01
     vertex -2.883925e+00 -1.604050e+00  2.030000e+01
   endloop
 endfacet
 facet normal  8.531773e-01  5.216210e-01  0.000000e+00
   outer loop
     vertex -2.838834e+00 -1.682564e+00  2.400000e+01
     vertex -2.791606e+00 -1.759811e+00  2.030000e+01
     vertex -2.838834e+00 -1.682564e+00  2.030000e+01
   endloop
 endfacet
 facet normal  8.671664e-01  4.980186e-01 -1.797129e-19
   outer loop
     vertex -2.838834e+00 -1.682564e+00  2.400000e+01
     vertex -2.883925e+00 -1.604050e+00  2.030000e+01
     vertex -2.883925e+00 -1.604050e+00  2.400000e+01
   endloop
 endfacet
 facet normal  8.531773e-01  5.216210e-01  0.000000e+00
   outer loop
     vertex -2.791606e+00 -1.759811e+00  2.400000e+01
     vertex -2.791606e+00 -1.759811e+00  2.030000e+01
     vertex -2.838834e+00 -1.682564e+00  2.400000e+01
   endloop
 endfacet
 facet normal  8.385460e-01  5.448308e-01  1.803859e-19
   outer loop
     vertex -2.742277e+00 -1.835734e+00  2.400000e+01
     vertex -2.791606e+00 -1.759811e+00  2.030000e+01
     vertex -2.791606e+00 -1.759811e+00  2.400000e+01
   endloop
 endfacet
 facet normal  8.385460e-01  5.448308e-01  0.000000e+00
   outer loop
     vertex -2.742277e+00 -1.835734e+00  2.400000e+01
     vertex -2.742277e+00 -1.835734e+00  2.030000e+01
     vertex -2.791606e+00 -1.759811e+00  2.030000e+01
   endloop
 endfacet
 facet normal  8.232835e-01  5.676304e-01 -1.699550e-19
   outer loop
     vertex -2.690883e+00 -1.910275e+00  2.400000e+01
     vertex -2.742277e+00 -1.835734e+00  2.030000e+01
     vertex -2.742277e+00 -1.835734e+00  2.400000e+01
   endloop
 endfacet
 facet normal  8.232835e-01  5.676304e-01  0.000000e+00
   outer loop
     vertex -2.690883e+00 -1.910275e+00  2.400000e+01
     vertex -2.690883e+00 -1.910275e+00  2.030000e+01
     vertex -2.742277e+00 -1.835734e+00  2.030000e+01
   endloop
 endfacet
 facet normal  8.074012e-01  5.900028e-01  1.516168e-19
   outer loop
     vertex -2.637464e+00 -1.983377e+00  2.400000e+01
     vertex -2.690883e+00 -1.910275e+00  2.030000e+01
     vertex -2.690883e+00 -1.910275e+00  2.400000e+01
   endloop
 endfacet
 facet normal  8.074012e-01  5.900028e-01  0.000000e+00
   outer loop
     vertex -2.637464e+00 -1.983377e+00  2.400000e+01
     vertex -2.637464e+00 -1.983377e+00  2.030000e+01
     vertex -2.690883e+00 -1.910275e+00  2.030000e+01
   endloop
 endfacet
 facet normal  7.909112e-01  6.119310e-01 -2.075384e-19
   outer loop
     vertex -2.582059e+00 -2.054987e+00  2.400000e+01
     vertex -2.637464e+00 -1.983377e+00  2.030000e+01
     vertex -2.637464e+00 -1.983377e+00  2.400000e+01
   endloop
 endfacet
 facet normal  7.909112e-01  6.119310e-01  0.000000e+00
   outer loop
     vertex -2.582059e+00 -2.054987e+00  2.400000e+01
     vertex -2.582059e+00 -2.054987e+00  2.030000e+01
     vertex -2.637464e+00 -1.983377e+00  2.030000e+01
   endloop
 endfacet
 facet normal  7.738257e-01  6.333986e-01 -1.030713e-18
   outer loop
     vertex -2.524710e+00 -2.125050e+00  2.400000e+01
     vertex -2.582059e+00 -2.054987e+00  2.030000e+01
     vertex -2.582059e+00 -2.054987e+00  2.400000e+01
   endloop
 endfacet
 facet normal  7.738257e-01  6.333986e-01  0.000000e+00
   outer loop
     vertex -2.524710e+00 -2.125050e+00  2.400000e+01
     vertex -2.524710e+00 -2.125050e+00  2.030000e+01
     vertex -2.582059e+00 -2.054987e+00  2.030000e+01
   endloop
 endfacet
 facet normal  7.561578e-01  6.543893e-01  1.998625e-19
   outer loop
     vertex -2.465461e+00 -2.193513e+00  2.400000e+01
     vertex -2.524710e+00 -2.125050e+00  2.030000e+01
     vertex -2.524710e+00 -2.125050e+00  2.400000e+01
   endloop
 endfacet
 facet normal  7.561578e-01  6.543893e-01  0.000000e+00
   outer loop
     vertex -2.465461e+00 -2.193513e+00  2.400000e+01
     vertex -2.465461e+00 -2.193513e+00  2.030000e+01
     vertex -2.524710e+00 -2.125050e+00  2.030000e+01
   endloop
 endfacet
 facet normal  7.379206e-01  6.748875e-01 -7.402447e-19
   outer loop
     vertex -2.404356e+00 -2.260325e+00  2.400000e+01
     vertex -2.465461e+00 -2.193513e+00  2.030000e+01
     vertex -2.465461e+00 -2.193513e+00  2.400000e+01
   endloop
 endfacet
 facet normal  7.379206e-01  6.748875e-01  0.000000e+00
   outer loop
     vertex -2.404356e+00 -2.260325e+00  2.400000e+01
     vertex -2.404356e+00 -2.260325e+00  2.030000e+01
     vertex -2.465461e+00 -2.193513e+00  2.030000e+01
   endloop
 endfacet
 facet normal  7.191280e-01  6.948776e-01  2.101828e-19
   outer loop
     vertex -2.341442e+00 -2.325436e+00  2.400000e+01
     vertex -2.404356e+00 -2.260325e+00  2.030000e+01
     vertex -2.404356e+00 -2.260325e+00  2.400000e+01
   endloop
 endfacet
 facet normal  7.191280e-01  6.948776e-01  0.000000e+00
   outer loop
     vertex -2.341442e+00 -2.325436e+00  2.400000e+01
     vertex -2.341442e+00 -2.325436e+00  2.030000e+01
     vertex -2.404356e+00 -2.260325e+00  2.030000e+01
   endloop
 endfacet
 facet normal  6.997940e-01  7.143447e-01 -8.143949e-19
   outer loop
     vertex -2.276764e+00 -2.388796e+00  2.400000e+01
     vertex -2.341442e+00 -2.325436e+00  2.030000e+01
     vertex -2.341442e+00 -2.325436e+00  2.400000e+01
   endloop
 endfacet
 facet normal  6.997940e-01  7.143447e-01  0.000000e+00
   outer loop
     vertex -2.276764e+00 -2.388796e+00  2.400000e+01
     vertex -2.276764e+00 -2.388796e+00  2.030000e+01
     vertex -2.341442e+00 -2.325436e+00  2.030000e+01
   endloop
 endfacet
 facet normal  6.799333e-01  7.332740e-01  5.786988e-19
   outer loop
     vertex -2.210373e+00 -2.450357e+00  2.400000e+01
     vertex -2.276764e+00 -2.388796e+00  2.030000e+01
     vertex -2.276764e+00 -2.388796e+00  2.400000e+01
   endloop
 endfacet
 facet normal  6.799333e-01  7.332740e-01  0.000000e+00
   outer loop
     vertex -2.210373e+00 -2.450357e+00  2.400000e+01
     vertex -2.210373e+00 -2.450357e+00  2.030000e+01
     vertex -2.276764e+00 -2.388796e+00  2.030000e+01
   endloop
 endfacet
 facet normal  6.595607e-01  7.516513e-01 -1.171616e-18
   outer loop
     vertex -2.142318e+00 -2.510075e+00  2.400000e+01
     vertex -2.210373e+00 -2.450357e+00  2.030000e+01
     vertex -2.210373e+00 -2.450357e+00  2.400000e+01
   endloop
 endfacet
 facet normal  6.595607e-01  7.516513e-01  0.000000e+00
   outer loop
     vertex -2.142318e+00 -2.510075e+00  2.400000e+01
     vertex -2.142318e+00 -2.510075e+00  2.030000e+01
     vertex -2.210373e+00 -2.450357e+00  2.030000e+01
   endloop
 endfacet
 facet normal  6.386916e-01  7.694628e-01  7.645437e-19
   outer loop
     vertex -2.072650e+00 -2.567902e+00  2.400000e+01
     vertex -2.142318e+00 -2.510075e+00  2.030000e+01
     vertex -2.142318e+00 -2.510075e+00  2.400000e+01
   endloop
 endfacet
 facet normal  6.386916e-01  7.694628e-01  0.000000e+00
   outer loop
     vertex -2.072650e+00 -2.567902e+00  2.400000e+01
     vertex -2.072650e+00 -2.567902e+00  2.030000e+01
     vertex -2.142318e+00 -2.510075e+00  2.030000e+01
   endloop
 endfacet
 facet normal  6.173417e-01  7.866951e-01  8.817072e-19
   outer loop
     vertex -2.001422e+00 -2.623797e+00  2.400000e+01
     vertex -2.072650e+00 -2.567902e+00  2.030000e+01
     vertex -2.072650e+00 -2.567902e+00  2.400000e+01
   endloop
 endfacet
 facet normal  6.173417e-01  7.866951e-01  0.000000e+00
   outer loop
     vertex -2.001422e+00 -2.623797e+00  2.400000e+01
     vertex -2.001422e+00 -2.623797e+00  2.030000e+01
     vertex -2.072650e+00 -2.567902e+00  2.030000e+01
   endloop
 endfacet
 facet normal  5.955271e-01  8.033352e-01  0.000000e+00
   outer loop
     vertex -2.001422e+00 -2.623797e+00  2.400000e+01
     vertex -1.928687e+00 -2.677716e+00  2.030000e+01
     vertex -2.001422e+00 -2.623797e+00  2.030000e+01
   endloop
 endfacet
 facet normal  5.955271e-01  8.033352e-01  0.000000e+00
   outer loop
     vertex -1.928687e+00 -2.677716e+00  2.400000e+01
     vertex -1.928687e+00 -2.677716e+00  2.030000e+01
     vertex -2.001422e+00 -2.623797e+00  2.400000e+01
   endloop
 endfacet
 facet normal  5.732642e-01  8.193706e-01 -1.341548e-19
   outer loop
     vertex -1.854501e+00 -2.729620e+00  2.400000e+01
     vertex -1.928687e+00 -2.677716e+00  2.030000e+01
     vertex -1.928687e+00 -2.677716e+00  2.400000e+01
   endloop
 endfacet
 facet normal  5.732642e-01  8.193706e-01  0.000000e+00
   outer loop
     vertex -1.854501e+00 -2.729620e+00  2.400000e+01
     vertex -1.854501e+00 -2.729620e+00  2.030000e+01
     vertex -1.928687e+00 -2.677716e+00  2.030000e+01
   endloop
 endfacet
 facet normal  5.505698e-01  8.347891e-01 -5.678008e-19
   outer loop
     vertex -1.778918e+00 -2.779469e+00  2.400000e+01
     vertex -1.854501e+00 -2.729620e+00  2.030000e+01
     vertex -1.854501e+00 -2.729620e+00  2.400000e+01
   endloop
 endfacet
 facet normal  5.505698e-01  8.347891e-01  0.000000e+00
   outer loop
     vertex -1.778918e+00 -2.779469e+00  2.400000e+01
     vertex -1.778918e+00 -2.779469e+00  2.030000e+01
     vertex -1.854501e+00 -2.729620e+00  2.030000e+01
   endloop
 endfacet
 facet normal  5.274609e-01  8.495793e-01 -5.011453e-19
   outer loop
     vertex -1.701997e+00 -2.827226e+00  2.400000e+01
     vertex -1.778918e+00 -2.779469e+00  2.030000e+01
     vertex -1.778918e+00 -2.779469e+00  2.400000e+01
   endloop
 endfacet
 facet normal  5.274609e-01  8.495793e-01  0.000000e+00
   outer loop
     vertex -1.701997e+00 -2.827226e+00  2.400000e+01
     vertex -1.701997e+00 -2.827226e+00  2.030000e+01
     vertex -1.778918e+00 -2.779469e+00  2.030000e+01
   endloop
 endfacet
 facet normal  5.039550e-01  8.637299e-01  5.391915e-20
   outer loop
     vertex -1.623794e+00 -2.872855e+00  2.400000e+01
     vertex -1.701997e+00 -2.827226e+00  2.030000e+01
     vertex -1.701997e+00 -2.827226e+00  2.400000e+01
   endloop
 endfacet
 facet normal  5.039550e-01  8.637299e-01  0.000000e+00
   outer loop
     vertex -1.623794e+00 -2.872855e+00  2.400000e+01
     vertex -1.623794e+00 -2.872855e+00  2.030000e+01
     vertex -1.701997e+00 -2.827226e+00  2.030000e+01
   endloop
 endfacet
 facet normal  4.800697e-01  8.772303e-01  2.137515e-19
   outer loop
     vertex -1.544368e+00 -2.916321e+00  2.400000e+01
     vertex -1.623794e+00 -2.872855e+00  2.030000e+01
     vertex -1.623794e+00 -2.872855e+00  2.400000e+01
   endloop
 endfacet
 facet normal  4.800697e-01  8.772303e-01  0.000000e+00
   outer loop
     vertex -1.544368e+00 -2.916321e+00  2.400000e+01
     vertex -1.544368e+00 -2.916321e+00  2.030000e+01
     vertex -1.623794e+00 -2.872855e+00  2.030000e+01
   endloop
 endfacet
 facet normal  4.558231e-01  8.900704e-01  5.908213e-19
   outer loop
     vertex -1.463781e+00 -2.957591e+00  2.400000e+01
     vertex -1.544368e+00 -2.916321e+00  2.030000e+01
     vertex -1.544368e+00 -2.916321e+00  2.400000e+01
   endloop
 endfacet
 facet normal  4.558231e-01  8.900704e-01  0.000000e+00
   outer loop
     vertex -1.463781e+00 -2.957591e+00  2.400000e+01
     vertex -1.463781e+00 -2.957591e+00  2.030000e+01
     vertex -1.544368e+00 -2.916321e+00  2.030000e+01
   endloop
 endfacet
 facet normal  4.312333e-01  9.022405e-01  0.000000e+00
   outer loop
     vertex -1.463781e+00 -2.957591e+00  2.400000e+01
     vertex -1.382091e+00 -2.996636e+00  2.030000e+01
     vertex -1.463781e+00 -2.957591e+00  2.030000e+01
   endloop
 endfacet
 facet normal  4.312333e-01  9.022405e-01  0.000000e+00
   outer loop
     vertex -1.382091e+00 -2.996636e+00  2.400000e+01
     vertex -1.382091e+00 -2.996636e+00  2.030000e+01
     vertex -1.463781e+00 -2.957591e+00  2.400000e+01
   endloop
 endfacet
 facet normal  4.063188e-01  9.137314e-01 -5.075880e-20
   outer loop
     vertex -1.299361e+00 -3.033424e+00  2.400000e+01
     vertex -1.382091e+00 -2.996636e+00  2.030000e+01
     vertex -1.382091e+00 -2.996636e+00  2.400000e+01
   endloop
 endfacet
 facet normal  4.063188e-01  9.137314e-01  0.000000e+00
   outer loop
     vertex -1.299361e+00 -3.033424e+00  2.400000e+01
     vertex -1.299361e+00 -3.033424e+00  2.030000e+01
     vertex -1.382091e+00 -2.996636e+00  2.030000e+01
   endloop
 endfacet
 facet normal  3.810986e-01  9.245344e-01  0.000000e+00
   outer loop
     vertex -1.299361e+00 -3.033424e+00  2.400000e+01
     vertex -1.215653e+00 -3.067929e+00  2.030000e+01
     vertex -1.299361e+00 -3.033424e+00  2.030000e+01
   endloop
 endfacet
 facet normal  3.810986e-01  9.245344e-01  0.000000e+00
   outer loop
     vertex -1.215653e+00 -3.067929e+00  2.400000e+01
     vertex -1.215653e+00 -3.067929e+00  2.030000e+01
     vertex -1.299361e+00 -3.033424e+00  2.400000e+01
   endloop
 endfacet
 facet normal  3.555914e-01  9.346415e-01  0.000000e+00
   outer loop
     vertex -1.131030e+00 -3.100125e+00  2.400000e+01
     vertex -1.131030e+00 -3.100125e+00  2.030000e+01
     vertex -1.215653e+00 -3.067929e+00  2.030000e+01
   endloop
 endfacet
 facet normal  3.298166e-01  9.440450e-01  0.000000e+00
   outer loop
     vertex -1.131030e+00 -3.100125e+00  2.400000e+01
     vertex -1.045555e+00 -3.129986e+00  2.030000e+01
     vertex -1.131030e+00 -3.100125e+00  2.030000e+01
   endloop
 endfacet
 facet normal  3.555914e-01  9.346415e-01 -1.481062e-19
   outer loop
     vertex -1.131030e+00 -3.100125e+00  2.400000e+01
     vertex -1.215653e+00 -3.067929e+00  2.030000e+01
     vertex -1.215653e+00 -3.067929e+00  2.400000e+01
   endloop
 endfacet
 facet normal  3.298166e-01  9.440450e-01  0.000000e+00
   outer loop
     vertex -1.045555e+00 -3.129986e+00  2.400000e+01
     vertex -1.045555e+00 -3.129986e+00  2.030000e+01
     vertex -1.131030e+00 -3.100125e+00  2.400000e+01
   endloop
 endfacet
 facet normal  3.037934e-01  9.527379e-01  0.000000e+00
   outer loop
     vertex -9.592932e-01 -3.157492e+00  2.400000e+01
     vertex -9.592932e-01 -3.157492e+00  2.030000e+01
     vertex -1.045555e+00 -3.129986e+00  2.030000e+01
   endloop
 endfacet
 facet normal  2.775416e-01  9.607136e-01  0.000000e+00
   outer loop
     vertex -9.592932e-01 -3.157492e+00  2.400000e+01
     vertex -8.723093e-01 -3.182621e+00  2.030000e+01
     vertex -9.592932e-01 -3.157492e+00  2.030000e+01
   endloop
 endfacet
 facet normal  3.037934e-01  9.527379e-01 -2.628336e-19
   outer loop
     vertex -9.592932e-01 -3.157492e+00  2.400000e+01
     vertex -1.045555e+00 -3.129986e+00  2.030000e+01
     vertex -1.045555e+00 -3.129986e+00  2.400000e+01
   endloop
 endfacet
 facet normal  2.775416e-01  9.607136e-01  0.000000e+00
   outer loop
     vertex -8.723093e-01 -3.182621e+00  2.400000e+01
     vertex -8.723093e-01 -3.182621e+00  2.030000e+01
     vertex -9.592932e-01 -3.157492e+00  2.400000e+01
   endloop
 endfacet
 facet normal  2.510809e-01  9.679661e-01  1.272692e-20
   outer loop
     vertex -7.846688e-01 -3.205354e+00  2.400000e+01
     vertex -8.723093e-01 -3.182621e+00  2.030000e+01
     vertex -8.723093e-01 -3.182621e+00  2.400000e+01
   endloop
 endfacet
 facet normal  2.510809e-01  9.679661e-01  0.000000e+00
   outer loop
     vertex -7.846688e-01 -3.205354e+00  2.400000e+01
     vertex -7.846688e-01 -3.205354e+00  2.030000e+01
     vertex -8.723093e-01 -3.182621e+00  2.030000e+01
   endloop
 endfacet
 facet normal  2.244312e-01  9.744899e-01  0.000000e+00
   outer loop
     vertex -7.846688e-01 -3.205354e+00  2.400000e+01
     vertex -6.964376e-01 -3.225674e+00  2.030000e+01
     vertex -7.846688e-01 -3.205354e+00  2.030000e+01
   endloop
 endfacet
 facet normal  2.244312e-01  9.744899e-01  0.000000e+00
   outer loop
     vertex -6.964376e-01 -3.225674e+00  2.400000e+01
     vertex -6.964376e-01 -3.225674e+00  2.030000e+01
     vertex -7.846688e-01 -3.205354e+00  2.400000e+01
   endloop
 endfacet
 facet normal  1.976125e-01  9.802802e-01  4.777079e-20
   outer loop
     vertex -6.076822e-01 -3.243566e+00  2.400000e+01
     vertex -6.964376e-01 -3.225674e+00  2.030000e+01
     vertex -6.964376e-01 -3.225674e+00  2.400000e+01
   endloop
 endfacet
 facet normal  1.976125e-01  9.802802e-01  0.000000e+00
   outer loop
     vertex -6.076822e-01 -3.243566e+00  2.400000e+01
     vertex -6.076822e-01 -3.243566e+00  2.030000e+01
     vertex -6.964376e-01 -3.225674e+00  2.030000e+01
   endloop
 endfacet
 facet normal  1.706451e-01  9.853326e-01  2.287679e-19
   outer loop
     vertex -5.184693e-01 -3.259017e+00  2.400000e+01
     vertex -6.076822e-01 -3.243566e+00  2.030000e+01
     vertex -6.076822e-01 -3.243566e+00  2.400000e+01
   endloop
 endfacet
 facet normal  1.706451e-01  9.853326e-01  0.000000e+00
   outer loop
     vertex -5.184693e-01 -3.259017e+00  2.400000e+01
     vertex -5.184693e-01 -3.259017e+00  2.030000e+01
     vertex -6.076822e-01 -3.243566e+00  2.030000e+01
   endloop
 endfacet
 facet normal  1.435492e-01  9.896432e-01 -2.084617e-20
   outer loop
     vertex -4.288662e-01 -3.272014e+00  2.400000e+01
     vertex -5.184693e-01 -3.259017e+00  2.030000e+01
     vertex -5.184693e-01 -3.259017e+00  2.400000e+01
   endloop
 endfacet
 facet normal  1.435492e-01  9.896432e-01  0.000000e+00
   outer loop
     vertex -4.288662e-01 -3.272014e+00  2.400000e+01
     vertex -4.288662e-01 -3.272014e+00  2.030000e+01
     vertex -5.184693e-01 -3.259017e+00  2.030000e+01
   endloop
 endfacet
 facet normal  1.163452e-01  9.932088e-01  1.332145e-19
   outer loop
     vertex -3.389402e-01 -3.282548e+00  2.400000e+01
     vertex -4.288662e-01 -3.272014e+00  2.030000e+01
     vertex -4.288662e-01 -3.272014e+00  2.400000e+01
   endloop
 endfacet
 facet normal  1.163452e-01  9.932088e-01  0.000000e+00
   outer loop
     vertex -3.389402e-01 -3.282548e+00  2.400000e+01
     vertex -3.389402e-01 -3.282548e+00  2.030000e+01
     vertex -4.288662e-01 -3.272014e+00  2.030000e+01
   endloop
 endfacet
 facet normal  8.905371e-02  9.960268e-01 -1.401089e-19
   outer loop
     vertex -2.487590e-01 -3.290611e+00  2.400000e+01
     vertex -3.389402e-01 -3.282548e+00  2.030000e+01
     vertex -3.389402e-01 -3.282548e+00  2.400000e+01
   endloop
 endfacet
 facet normal  8.905371e-02  9.960268e-01  0.000000e+00
   outer loop
     vertex -2.487590e-01 -3.290611e+00  2.400000e+01
     vertex -2.487590e-01 -3.290611e+00  2.030000e+01
     vertex -3.389402e-01 -3.282548e+00  2.030000e+01
   endloop
 endfacet
 facet normal  6.169515e-02  9.980950e-01  1.171762e-19
   outer loop
     vertex -1.583906e-01 -3.296197e+00  2.400000e+01
     vertex -2.487590e-01 -3.290611e+00  2.030000e+01
     vertex -2.487590e-01 -3.290611e+00  2.400000e+01
   endloop
 endfacet
 facet normal  6.169515e-02  9.980950e-01  0.000000e+00
   outer loop
     vertex -1.583906e-01 -3.296197e+00  2.400000e+01
     vertex -1.583906e-01 -3.296197e+00  2.030000e+01
     vertex -2.487590e-01 -3.290611e+00  2.030000e+01
   endloop
 endfacet
 facet normal  3.429014e-02  9.994119e-01  0.000000e+00
   outer loop
     vertex -1.583906e-01 -3.296197e+00  2.400000e+01
     vertex -6.790300e-02 -3.299301e+00  2.030000e+01
     vertex -1.583906e-01 -3.296197e+00  2.030000e+01
   endloop
 endfacet
 facet normal  3.429014e-02  9.994119e-01  0.000000e+00
   outer loop
     vertex -6.790300e-02 -3.299301e+00  2.400000e+01
     vertex -6.790300e-02 -3.299301e+00  2.030000e+01
     vertex -1.583906e-01 -3.296197e+00  2.400000e+01
   endloop
 endfacet
 facet normal  6.859319e-03  9.999765e-01  0.000000e+00
   outer loop
     vertex -6.790300e-02 -3.299301e+00  2.400000e+01
     vertex  2.263575e-02 -3.299922e+00  2.030000e+01
     vertex -6.790300e-02 -3.299301e+00  2.030000e+01
   endloop
 endfacet
 facet normal -2.057667e-02  9.997883e-01  0.000000e+00
   outer loop
     vertex  2.263575e-02 -3.299922e+00  2.400000e+01
     vertex  1.131575e-01 -3.298059e+00  2.030000e+01
     vertex  2.263575e-02 -3.299922e+00  2.030000e+01
   endloop
 endfacet
 facet normal  6.859319e-03  9.999765e-01  0.000000e+00
   outer loop
     vertex  2.263575e-02 -3.299922e+00  2.400000e+01
     vertex  2.263575e-02 -3.299922e+00  2.030000e+01
     vertex -6.790300e-02 -3.299301e+00  2.400000e+01
   endloop
 endfacet
 facet normal -2.057667e-02  9.997883e-01  0.000000e+00
   outer loop
     vertex  1.131575e-01 -3.298059e+00  2.400000e+01
     vertex  1.131575e-01 -3.298059e+00  2.030000e+01
     vertex  2.263575e-02 -3.299922e+00  2.400000e+01
   endloop
 endfacet
 facet normal -4.799716e-02  9.988475e-01  0.000000e+00
   outer loop
     vertex  2.035940e-01 -3.293714e+00  2.400000e+01
     vertex  2.035940e-01 -3.293714e+00  2.030000e+01
     vertex  1.131575e-01 -3.298059e+00  2.030000e+01
   endloop
 endfacet
 facet normal -4.799716e-02  9.988475e-01  3.289392e-21
   outer loop
     vertex  2.035940e-01 -3.293714e+00  2.400000e+01
     vertex  1.131575e-01 -3.298059e+00  2.030000e+01
     vertex  1.131575e-01 -3.298059e+00  2.400000e+01
   endloop
 endfacet
 facet normal -7.538152e-02  9.971548e-01  0.000000e+00
   outer loop
     vertex  2.938773e-01 -3.286889e+00  2.400000e+01
     vertex  2.938773e-01 -3.286889e+00  2.030000e+01
     vertex  2.035940e-01 -3.293714e+00  2.030000e+01
   endloop
 endfacet
 facet normal -1.027091e-01  9.947114e-01  0.000000e+00
   outer loop
     vertex  2.938773e-01 -3.286889e+00  2.400000e+01
     vertex  3.839393e-01 -3.277589e+00  2.030000e+01
     vertex  2.938773e-01 -3.286889e+00  2.030000e+01
   endloop
 endfacet
 facet normal -7.538152e-02  9.971548e-01  1.295594e-19
   outer loop
     vertex  2.938773e-01 -3.286889e+00  2.400000e+01
     vertex  2.035940e-01 -3.293714e+00  2.030000e+01
     vertex  2.035940e-01 -3.293714e+00  2.400000e+01
   endloop
 endfacet
 facet normal -1.027091e-01  9.947114e-01  0.000000e+00
   outer loop
     vertex  3.839393e-01 -3.277589e+00  2.400000e+01
     vertex  3.839393e-01 -3.277589e+00  2.030000e+01
     vertex  2.938773e-01 -3.286889e+00  2.400000e+01
   endloop
 endfacet
 facet normal -1.299594e-01  9.915193e-01  0.000000e+00
   outer loop
     vertex  4.737123e-01 -3.265823e+00  2.400000e+01
     vertex  4.737123e-01 -3.265823e+00  2.030000e+01
     vertex  3.839393e-01 -3.277589e+00  2.030000e+01
   endloop
 endfacet
 facet normal -1.299594e-01  9.915193e-01 -9.497935e-20
   outer loop
     vertex  4.737123e-01 -3.265823e+00  2.400000e+01
     vertex  3.839393e-01 -3.277589e+00  2.030000e+01
     vertex  3.839393e-01 -3.277589e+00  2.400000e+01
   endloop
 endfacet
 facet normal -1.571119e-01  9.875808e-01  0.000000e+00
   outer loop
     vertex  5.631288e-01 -3.251597e+00  2.400000e+01
     vertex  5.631288e-01 -3.251597e+00  2.030000e+01
     vertex  4.737123e-01 -3.265823e+00  2.030000e+01
   endloop
 endfacet
 facet normal -1.841461e-01  9.828989e-01  0.000000e+00
   outer loop
     vertex  5.631288e-01 -3.251597e+00  2.400000e+01
     vertex  6.521213e-01 -3.234925e+00  2.030000e+01
     vertex  5.631288e-01 -3.251597e+00  2.030000e+01
   endloop
 endfacet
 facet normal -1.571119e-01  9.875808e-01 -1.064472e-19
   outer loop
     vertex  5.631288e-01 -3.251597e+00  2.400000e+01
     vertex  4.737123e-01 -3.265823e+00  2.030000e+01
     vertex  4.737123e-01 -3.265823e+00  2.400000e+01
   endloop
 endfacet
 facet normal -2.110417e-01  9.774771e-01  0.000000e+00
   outer loop
     vertex  6.521213e-01 -3.234925e+00  2.400000e+01
     vertex  7.406229e-01 -3.215817e+00  2.030000e+01
     vertex  6.521213e-01 -3.234925e+00  2.030000e+01
   endloop
 endfacet
 facet normal -1.841461e-01  9.828989e-01  0.000000e+00
   outer loop
     vertex  6.521213e-01 -3.234925e+00  2.400000e+01
     vertex  6.521213e-01 -3.234925e+00  2.030000e+01
     vertex  5.631288e-01 -3.251597e+00  2.400000e+01
   endloop
 endfacet
 facet normal -2.110417e-01  9.774771e-01  0.000000e+00
   outer loop
     vertex  7.406229e-01 -3.215817e+00  2.400000e+01
     vertex  7.406229e-01 -3.215817e+00  2.030000e+01
     vertex  6.521213e-01 -3.234925e+00  2.400000e+01
   endloop
 endfacet
 facet normal -2.377784e-01  9.713194e-01  0.000000e+00
   outer loop
     vertex  8.285670e-01 -3.194288e+00  2.400000e+01
     vertex  8.285670e-01 -3.194288e+00  2.030000e+01
     vertex  7.406229e-01 -3.215817e+00  2.030000e+01
   endloop
 endfacet
 facet normal -2.377784e-01  9.713194e-01  1.219500e-21
   outer loop
     vertex  8.285670e-01 -3.194288e+00  2.400000e+01
     vertex  7.406229e-01 -3.215817e+00  2.030000e+01
     vertex  7.406229e-01 -3.215817e+00  2.400000e+01
   endloop
 endfacet
 facet normal -2.643362e-01  9.644306e-01  0.000000e+00
   outer loop
     vertex  9.158874e-01 -3.170355e+00  2.400000e+01
     vertex  9.158874e-01 -3.170355e+00  2.030000e+01
     vertex  8.285670e-01 -3.194288e+00  2.030000e+01
   endloop
 endfacet
 facet normal -2.643362e-01  9.644306e-01 -5.145433e-19
   outer loop
     vertex  9.158874e-01 -3.170355e+00  2.400000e+01
     vertex  8.285670e-01 -3.194288e+00  2.030000e+01
     vertex  8.285670e-01 -3.194288e+00  2.400000e+01
   endloop
 endfacet
 facet normal -2.906949e-01  9.568158e-01  0.000000e+00
   outer loop
     vertex  1.002518e+00 -3.144035e+00  2.400000e+01
     vertex  1.002518e+00 -3.144035e+00  2.030000e+01
     vertex  9.158874e-01 -3.170355e+00  2.030000e+01
   endloop
 endfacet
 facet normal -3.168348e-01  9.484807e-01  0.000000e+00
   outer loop
     vertex  1.002518e+00 -3.144035e+00  2.400000e+01
     vertex  1.088395e+00 -3.115349e+00  2.030000e+01
     vertex  1.002518e+00 -3.144035e+00  2.030000e+01
   endloop
 endfacet
 facet normal -2.906949e-01  9.568158e-01 -2.339411e-19
   outer loop
     vertex  1.002518e+00 -3.144035e+00  2.400000e+01
     vertex  9.158874e-01 -3.170355e+00  2.030000e+01
     vertex  9.158874e-01 -3.170355e+00  2.400000e+01
   endloop
 endfacet
 facet normal -3.427362e-01  9.394317e-01  0.000000e+00
   outer loop
     vertex  1.088395e+00 -3.115349e+00  2.400000e+01
     vertex  1.173452e+00 -3.084317e+00  2.030000e+01
     vertex  1.088395e+00 -3.115349e+00  2.030000e+01
   endloop
 endfacet
 facet normal -3.168348e-01  9.484807e-01  0.000000e+00
   outer loop
     vertex  1.088395e+00 -3.115349e+00  2.400000e+01
     vertex  1.088395e+00 -3.115349e+00  2.030000e+01
     vertex  1.002518e+00 -3.144035e+00  2.400000e+01
   endloop
 endfacet
 facet normal -3.427362e-01  9.394317e-01  0.000000e+00
   outer loop
     vertex  1.173452e+00 -3.084317e+00  2.400000e+01
     vertex  1.173452e+00 -3.084317e+00  2.030000e+01
     vertex  1.088395e+00 -3.115349e+00  2.400000e+01
   endloop
 endfacet
 facet normal -3.683796e-01  9.296754e-01  0.000000e+00
   outer loop
     vertex  1.257625e+00 -3.050964e+00  2.400000e+01
     vertex  1.257625e+00 -3.050964e+00  2.030000e+01
     vertex  1.173452e+00 -3.084317e+00  2.030000e+01
   endloop
 endfacet
 facet normal -3.683796e-01  9.296754e-01 -6.174634e-19
   outer loop
     vertex  1.257625e+00 -3.050964e+00  2.400000e+01
     vertex  1.173452e+00 -3.084317e+00  2.030000e+01
     vertex  1.173452e+00 -3.084317e+00  2.400000e+01
   endloop
 endfacet
 facet normal -3.937458e-01  9.192194e-01 -4.743550e-19
   outer loop
     vertex  1.340852e+00 -3.015313e+00  2.400000e+01
     vertex  1.257625e+00 -3.050964e+00  2.030000e+01
     vertex  1.257625e+00 -3.050964e+00  2.400000e+01
   endloop
 endfacet
 facet normal -3.937458e-01  9.192194e-01  0.000000e+00
   outer loop
     vertex  1.340852e+00 -3.015313e+00  2.400000e+01
     vertex  1.340852e+00 -3.015313e+00  2.030000e+01
     vertex  1.257625e+00 -3.050964e+00  2.030000e+01
   endloop
 endfacet
 facet normal -4.188155e-01  9.080714e-01 -1.426069e-19
   outer loop
     vertex  1.423070e+00 -2.977394e+00  2.400000e+01
     vertex  1.340852e+00 -3.015313e+00  2.030000e+01
     vertex  1.340852e+00 -3.015313e+00  2.400000e+01
   endloop
 endfacet
 facet normal -4.188155e-01  9.080714e-01  0.000000e+00
   outer loop
     vertex  1.423070e+00 -2.977394e+00  2.400000e+01
     vertex  1.423070e+00 -2.977394e+00  2.030000e+01
     vertex  1.340852e+00 -3.015313e+00  2.030000e+01
   endloop
 endfacet
 facet normal -4.435699e-01  8.962398e-01  0.000000e+00
   outer loop
     vertex  1.423070e+00 -2.977394e+00  2.400000e+01
     vertex  1.504216e+00 -2.937232e+00  2.030000e+01
     vertex  1.423070e+00 -2.977394e+00  2.030000e+01
   endloop
 endfacet
 facet normal -4.435699e-01  8.962398e-01  0.000000e+00
   outer loop
     vertex  1.504216e+00 -2.937232e+00  2.400000e+01
     vertex  1.504216e+00 -2.937232e+00  2.030000e+01
     vertex  1.423070e+00 -2.977394e+00  2.400000e+01
   endloop
 endfacet
 facet normal -4.679904e-01  8.837335e-01 -3.144563e-19
   outer loop
     vertex  1.584230e+00 -2.894860e+00  2.400000e+01
     vertex  1.504216e+00 -2.937232e+00  2.030000e+01
     vertex  1.504216e+00 -2.937232e+00  2.400000e+01
   endloop
 endfacet
 facet normal -4.679904e-01  8.837335e-01  0.000000e+00
   outer loop
     vertex  1.584230e+00 -2.894860e+00  2.400000e+01
     vertex  1.584230e+00 -2.894860e+00  2.030000e+01
     vertex  1.504216e+00 -2.937232e+00  2.030000e+01
   endloop
 endfacet
 facet normal -4.920587e-01  8.705620e-01  0.000000e+00
   outer loop
     vertex  1.663052e+00 -2.850309e+00  2.400000e+01
     vertex  1.663052e+00 -2.850309e+00  2.030000e+01
     vertex  1.584230e+00 -2.894860e+00  2.030000e+01
   endloop
 endfacet
 facet normal -5.157565e-01  8.567352e-01  0.000000e+00
   outer loop
     vertex  1.663052e+00 -2.850309e+00  2.400000e+01
     vertex  1.740621e+00 -2.803612e+00  2.030000e+01
     vertex  1.663052e+00 -2.850309e+00  2.030000e+01
   endloop
 endfacet
 facet normal -4.920587e-01  8.705620e-01 -6.000131e-19
   outer loop
     vertex  1.663052e+00 -2.850309e+00  2.400000e+01
     vertex  1.584230e+00 -2.894860e+00  2.030000e+01
     vertex  1.584230e+00 -2.894860e+00  2.400000e+01
   endloop
 endfacet
 facet normal -5.157565e-01  8.567352e-01  0.000000e+00
   outer loop
     vertex  1.740621e+00 -2.803612e+00  2.400000e+01
     vertex  1.740621e+00 -2.803612e+00  2.030000e+01
     vertex  1.663052e+00 -2.850309e+00  2.400000e+01
   endloop
 endfacet
 facet normal -5.390661e-01  8.422635e-01  0.000000e+00
   outer loop
     vertex  1.740621e+00 -2.803612e+00  2.400000e+01
     vertex  1.816880e+00 -2.754804e+00  2.030000e+01
     vertex  1.740621e+00 -2.803612e+00  2.030000e+01
   endloop
 endfacet
 facet normal -5.390661e-01  8.422635e-01  0.000000e+00
   outer loop
     vertex  1.816880e+00 -2.754804e+00  2.400000e+01
     vertex  1.816880e+00 -2.754804e+00  2.030000e+01
     vertex  1.740621e+00 -2.803612e+00  2.400000e+01
   endloop
 endfacet
 facet normal -5.619699e-01  8.271577e-01  0.000000e+00
   outer loop
     vertex  1.891772e+00 -2.703923e+00  2.400000e+01
     vertex  1.891772e+00 -2.703923e+00  2.030000e+01
     vertex  1.816880e+00 -2.754804e+00  2.030000e+01
   endloop
 endfacet
 facet normal -5.619699e-01  8.271577e-01 -2.621433e-19
   outer loop
     vertex  1.891772e+00 -2.703923e+00  2.400000e+01
     vertex  1.816880e+00 -2.754804e+00  2.030000e+01
     vertex  1.816880e+00 -2.754804e+00  2.400000e+01
   endloop
 endfacet
 facet normal -5.844507e-01  8.114292e-01  0.000000e+00
   outer loop
     vertex  1.965239e+00 -2.651006e+00  2.400000e+01
     vertex  1.965239e+00 -2.651006e+00  2.030000e+01
     vertex  1.891772e+00 -2.703923e+00  2.030000e+01
   endloop
 endfacet
 facet normal -6.064915e-01  7.950900e-01  0.000000e+00
   outer loop
     vertex  1.965239e+00 -2.651006e+00  2.400000e+01
     vertex  2.037228e+00 -2.596094e+00  2.030000e+01
     vertex  1.965239e+00 -2.651006e+00  2.030000e+01
   endloop
 endfacet
 facet normal -5.844507e-01  8.114292e-01  1.116906e-19
   outer loop
     vertex  1.965239e+00 -2.651006e+00  2.400000e+01
     vertex  1.891772e+00 -2.703923e+00  2.030000e+01
     vertex  1.891772e+00 -2.703923e+00  2.400000e+01
   endloop
 endfacet
 facet normal -6.280757e-01  7.781522e-01  0.000000e+00
   outer loop
     vertex  2.037228e+00 -2.596094e+00  2.400000e+01
     vertex  2.107682e+00 -2.539227e+00  2.030000e+01
     vertex  2.037228e+00 -2.596094e+00  2.030000e+01
   endloop
 endfacet
 facet normal -6.064915e-01  7.950900e-01  0.000000e+00
   outer loop
     vertex  2.037228e+00 -2.596094e+00  2.400000e+01
     vertex  2.037228e+00 -2.596094e+00  2.030000e+01
     vertex  1.965239e+00 -2.651006e+00  2.400000e+01
   endloop
 endfacet
 facet normal -6.280757e-01  7.781522e-01  0.000000e+00
   outer loop
     vertex  2.107682e+00 -2.539227e+00  2.400000e+01
     vertex  2.107682e+00 -2.539227e+00  2.030000e+01
     vertex  2.037228e+00 -2.596094e+00  2.400000e+01
   endloop
 endfacet
 facet normal -6.491872e-01  7.606287e-01  0.000000e+00
   outer loop
     vertex  2.176550e+00 -2.480449e+00  2.400000e+01
     vertex  2.176550e+00 -2.480449e+00  2.030000e+01
     vertex  2.107682e+00 -2.539227e+00  2.030000e+01
   endloop
 endfacet
 facet normal -6.491872e-01  7.606287e-01  5.426855e-19
   outer loop
     vertex  2.176550e+00 -2.480449e+00  2.400000e+01
     vertex  2.107682e+00 -2.539227e+00  2.030000e+01
     vertex  2.107682e+00 -2.539227e+00  2.400000e+01
   endloop
 endfacet
 facet normal -6.698100e-01  7.425325e-01  0.000000e+00
   outer loop
     vertex  2.243780e+00 -2.419804e+00  2.400000e+01
     vertex  2.243780e+00 -2.419804e+00  2.030000e+01
     vertex  2.176550e+00 -2.480449e+00  2.030000e+01
   endloop
 endfacet
 facet normal -6.698100e-01  7.425325e-01  6.344882e-19
   outer loop
     vertex  2.243780e+00 -2.419804e+00  2.400000e+01
     vertex  2.176550e+00 -2.480449e+00  2.030000e+01
     vertex  2.176550e+00 -2.480449e+00  2.400000e+01
   endloop
 endfacet
 facet normal -6.899286e-01  7.238775e-01  0.000000e+00
   outer loop
     vertex  2.309320e+00 -2.357337e+00  2.400000e+01
     vertex  2.309320e+00 -2.357337e+00  2.030000e+01
     vertex  2.243780e+00 -2.419804e+00  2.030000e+01
   endloop
 endfacet
 facet normal -7.095278e-01  7.046775e-01  0.000000e+00
   outer loop
     vertex  2.309320e+00 -2.357337e+00  2.400000e+01
     vertex  2.373122e+00 -2.293096e+00  2.030000e+01
     vertex  2.309320e+00 -2.357337e+00  2.030000e+01
   endloop
 endfacet
 facet normal -6.899286e-01  7.238775e-01 -4.176958e-19
   outer loop
     vertex  2.309320e+00 -2.357337e+00  2.400000e+01
     vertex  2.243780e+00 -2.419804e+00  2.030000e+01
     vertex  2.243780e+00 -2.419804e+00  2.400000e+01
   endloop
 endfacet
 facet normal -7.095278e-01  7.046775e-01  0.000000e+00
   outer loop
     vertex  2.373122e+00 -2.293096e+00  2.400000e+01
     vertex  2.373122e+00 -2.293096e+00  2.030000e+01
     vertex  2.309320e+00 -2.357337e+00  2.400000e+01
   endloop
 endfacet
 facet normal -7.285929e-01  6.849470e-01  0.000000e+00
   outer loop
     vertex  2.435138e+00 -2.227129e+00  2.400000e+01
     vertex  2.435138e+00 -2.227129e+00  2.030000e+01
     vertex  2.373122e+00 -2.293096e+00  2.030000e+01
   endloop
 endfacet
 facet normal -7.285929e-01  6.849470e-01  3.878184e-19
   outer loop
     vertex  2.435138e+00 -2.227129e+00  2.400000e+01
     vertex  2.373122e+00 -2.293096e+00  2.030000e+01
     vertex  2.373122e+00 -2.293096e+00  2.400000e+01
   endloop
 endfacet
 facet normal -7.471095e-01  6.647010e-01  0.000000e+00
   outer loop
     vertex  2.495321e+00 -2.159485e+00  2.400000e+01
     vertex  2.495321e+00 -2.159485e+00  2.030000e+01
     vertex  2.435138e+00 -2.227129e+00  2.030000e+01
   endloop
 endfacet
 facet normal -7.650637e-01  6.439545e-01  0.000000e+00
   outer loop
     vertex  2.495321e+00 -2.159485e+00  2.400000e+01
     vertex  2.553625e+00 -2.090215e+00  2.030000e+01
     vertex  2.495321e+00 -2.159485e+00  2.030000e+01
   endloop
 endfacet
 facet normal -7.471095e-01  6.647010e-01  2.592557e-19
   outer loop
     vertex  2.495321e+00 -2.159485e+00  2.400000e+01
     vertex  2.435138e+00 -2.227129e+00  2.030000e+01
     vertex  2.435138e+00 -2.227129e+00  2.400000e+01
   endloop
 endfacet
 facet normal -7.650637e-01  6.439545e-01  0.000000e+00
   outer loop
     vertex  2.553625e+00 -2.090215e+00  2.400000e+01
     vertex  2.553625e+00 -2.090215e+00  2.030000e+01
     vertex  2.495321e+00 -2.159485e+00  2.400000e+01
   endloop
 endfacet
 facet normal -7.824421e-01  6.227234e-01  0.000000e+00
   outer loop
     vertex  2.610007e+00 -2.019372e+00  2.400000e+01
     vertex  2.610007e+00 -2.019372e+00  2.030000e+01
     vertex  2.553625e+00 -2.090215e+00  2.030000e+01
   endloop
 endfacet
 facet normal -7.824421e-01  6.227234e-01 -1.025529e-19
   outer loop
     vertex  2.610007e+00 -2.019372e+00  2.400000e+01
     vertex  2.553625e+00 -2.090215e+00  2.030000e+01
     vertex  2.553625e+00 -2.090215e+00  2.400000e+01
   endloop
 endfacet
 facet normal -7.992314e-01  6.010234e-01  0.000000e+00
   outer loop
     vertex  2.664424e+00 -1.947009e+00  2.400000e+01
     vertex  2.664424e+00 -1.947009e+00  2.030000e+01
     vertex  2.610007e+00 -2.019372e+00  2.030000e+01
   endloop
 endfacet
 facet normal -7.992314e-01  6.010234e-01  1.053111e-18
   outer loop
     vertex  2.664424e+00 -1.947009e+00  2.400000e+01
     vertex  2.610007e+00 -2.019372e+00  2.030000e+01
     vertex  2.610007e+00 -2.019372e+00  2.400000e+01
   endloop
 endfacet
 facet normal -8.154191e-01  5.788711e-01  0.000000e+00
   outer loop
     vertex  2.716836e+00 -1.873180e+00  2.400000e+01
     vertex  2.716836e+00 -1.873180e+00  2.030000e+01
     vertex  2.664424e+00 -1.947009e+00  2.030000e+01
   endloop
 endfacet
 facet normal -8.154191e-01  5.788711e-01  1.370742e-19
   outer loop
     vertex  2.716836e+00 -1.873180e+00  2.400000e+01
     vertex  2.664424e+00 -1.947009e+00  2.030000e+01
     vertex  2.664424e+00 -1.947009e+00  2.400000e+01
   endloop
 endfacet
 facet normal -8.309929e-01  5.562829e-01  0.000000e+00
   outer loop
     vertex  2.767202e+00 -1.797942e+00  2.400000e+01
     vertex  2.767202e+00 -1.797942e+00  2.030000e+01
     vertex  2.716836e+00 -1.873180e+00  2.030000e+01
   endloop
 endfacet
 facet normal -8.309929e-01  5.562829e-01  1.145216e-19
   outer loop
     vertex  2.767202e+00 -1.797942e+00  2.400000e+01
     vertex  2.716836e+00 -1.873180e+00  2.030000e+01
     vertex  2.716836e+00 -1.873180e+00  2.400000e+01
   endloop
 endfacet
 facet normal -8.459413e-01  5.332761e-01  0.000000e+00
   outer loop
     vertex  2.815485e+00 -1.721349e+00  2.400000e+01
     vertex  2.815485e+00 -1.721349e+00  2.030000e+01
     vertex  2.767202e+00 -1.797942e+00  2.030000e+01
   endloop
 endfacet
 facet normal -8.459413e-01  5.332761e-01 -1.174079e-19
   outer loop
     vertex  2.815485e+00 -1.721349e+00  2.400000e+01
     vertex  2.767202e+00 -1.797942e+00  2.030000e+01
     vertex  2.767202e+00 -1.797942e+00  2.400000e+01
   endloop
 endfacet
 facet normal -8.602528e-01  5.098678e-01  0.000000e+00
   outer loop
     vertex  2.861649e+00 -1.643461e+00  2.400000e+01
     vertex  2.861649e+00 -1.643461e+00  2.030000e+01
     vertex  2.815485e+00 -1.721349e+00  2.030000e+01
   endloop
 endfacet
 facet normal -8.602528e-01  5.098678e-01 -8.561128e-20
   outer loop
     vertex  2.861649e+00 -1.643461e+00  2.400000e+01
     vertex  2.815485e+00 -1.721349e+00  2.030000e+01
     vertex  2.815485e+00 -1.721349e+00  2.400000e+01
   endloop
 endfacet
 facet normal -8.739167e-01  4.860756e-01  0.000000e+00
   outer loop
     vertex  2.905659e+00 -1.564336e+00  2.400000e+01
     vertex  2.905659e+00 -1.564336e+00  2.030000e+01
     vertex  2.861649e+00 -1.643461e+00  2.030000e+01
   endloop
 endfacet
 facet normal -8.869228e-01  4.619176e-01  0.000000e+00
   outer loop
     vertex  2.905659e+00 -1.564336e+00  2.400000e+01
     vertex  2.947481e+00 -1.484033e+00  2.030000e+01
     vertex  2.905659e+00 -1.564336e+00  2.030000e+01
   endloop
 endfacet
 facet normal -8.739167e-01  4.860756e-01 -4.570625e-19
   outer loop
     vertex  2.905659e+00 -1.564336e+00  2.400000e+01
     vertex  2.861649e+00 -1.643461e+00  2.030000e+01
     vertex  2.861649e+00 -1.643461e+00  2.400000e+01
   endloop
 endfacet
 facet normal -8.869228e-01  4.619176e-01  0.000000e+00
   outer loop
     vertex  2.947481e+00 -1.484033e+00  2.400000e+01
     vertex  2.947481e+00 -1.484033e+00  2.030000e+01
     vertex  2.905659e+00 -1.564336e+00  2.400000e+01
   endloop
 endfacet
 facet normal -8.992613e-01  4.374119e-01  0.000000e+00
   outer loop
     vertex  2.987085e+00 -1.402613e+00  2.400000e+01
     vertex  2.987085e+00 -1.402613e+00  2.030000e+01
     vertex  2.947481e+00 -1.484033e+00  2.030000e+01
   endloop
 endfacet
 facet normal -8.992613e-01  4.374119e-01  1.106298e-19
   outer loop
     vertex  2.987085e+00 -1.402613e+00  2.400000e+01
     vertex  2.947481e+00 -1.484033e+00  2.030000e+01
     vertex  2.947481e+00 -1.484033e+00  2.400000e+01
   endloop
 endfacet
 facet normal -9.109228e-01  4.125769e-01  2.364279e-19
   outer loop
     vertex  3.024440e+00 -1.320138e+00  2.400000e+01
     vertex  2.987085e+00 -1.402613e+00  2.030000e+01
     vertex  2.987085e+00 -1.402613e+00  2.400000e+01
   endloop
 endfacet
 facet normal -9.109228e-01  4.125769e-01  0.000000e+00
   outer loop
     vertex  3.024440e+00 -1.320138e+00  2.400000e+01
     vertex  3.024440e+00 -1.320138e+00  2.030000e+01
     vertex  2.987085e+00 -1.402613e+00  2.030000e+01
   endloop
 endfacet
 facet normal -9.218986e-01  3.874313e-01  1.119587e-19
   outer loop
     vertex  3.059518e+00 -1.236668e+00  2.400000e+01
     vertex  3.024440e+00 -1.320138e+00  2.030000e+01
     vertex  3.024440e+00 -1.320138e+00  2.400000e+01
   endloop
 endfacet
 facet normal -9.218986e-01  3.874313e-01  0.000000e+00
   outer loop
     vertex  3.059518e+00 -1.236668e+00  2.400000e+01
     vertex  3.059518e+00 -1.236668e+00  2.030000e+01
     vertex  3.024440e+00 -1.320138e+00  2.030000e+01
   endloop
 endfacet
 facet normal -9.321804e-01  3.619940e-01 -5.342832e-19
   outer loop
     vertex  3.092294e+00 -1.152268e+00  2.400000e+01
     vertex  3.059518e+00 -1.236668e+00  2.030000e+01
     vertex  3.059518e+00 -1.236668e+00  2.400000e+01
   endloop
 endfacet
 facet normal -9.321804e-01  3.619940e-01  0.000000e+00
   outer loop
     vertex  3.092294e+00 -1.152268e+00  2.400000e+01
     vertex  3.092294e+00 -1.152268e+00  2.030000e+01
     vertex  3.059518e+00 -1.236668e+00  2.030000e+01
   endloop
 endfacet
 facet normal -9.417605e-01  3.362843e-01  0.000000e+00
   outer loop
     vertex  3.092294e+00 -1.152268e+00  2.400000e+01
     vertex  3.122741e+00 -1.067000e+00  2.030000e+01
     vertex  3.092294e+00 -1.152268e+00  2.030000e+01
   endloop
 endfacet
 facet normal -9.417605e-01  3.362843e-01  0.000000e+00
   outer loop
     vertex  3.122741e+00 -1.067000e+00  2.400000e+01
     vertex  3.122741e+00 -1.067000e+00  2.030000e+01
     vertex  3.092294e+00 -1.152268e+00  2.400000e+01
   endloop
 endfacet
 facet normal -9.506317e-01  3.103214e-01  1.428592e-19
   outer loop
     vertex  3.150838e+00 -9.809289e-01  2.400000e+01
     vertex  3.122741e+00 -1.067000e+00  2.030000e+01
     vertex  3.122741e+00 -1.067000e+00  2.400000e+01
   endloop
 endfacet
 facet normal -9.506317e-01  3.103214e-01  0.000000e+00
   outer loop
     vertex  3.150838e+00 -9.809289e-01  2.400000e+01
     vertex  3.150838e+00 -9.809289e-01  2.030000e+01
     vertex  3.122741e+00 -1.067000e+00  2.030000e+01
   endloop
 endfacet
 facet normal -9.587873e-01  2.841250e-01 -4.456574e-19
   outer loop
     vertex  3.176563e+00 -8.941194e-01  2.400000e+01
     vertex  3.150838e+00 -9.809289e-01  2.030000e+01
     vertex  3.150838e+00 -9.809289e-01  2.400000e+01
   endloop
 endfacet
 facet normal -9.587873e-01  2.841250e-01  0.000000e+00
   outer loop
     vertex  3.176563e+00 -8.941194e-01  2.400000e+01
     vertex  3.176563e+00 -8.941194e-01  2.030000e+01
     vertex  3.150838e+00 -9.809289e-01  2.030000e+01
   endloop
 endfacet
 facet normal -9.662211e-01  2.577146e-01 -1.749012e-19
   outer loop
     vertex  3.199896e+00 -8.066369e-01  2.400000e+01
     vertex  3.176563e+00 -8.941194e-01  2.030000e+01
     vertex  3.176563e+00 -8.941194e-01  2.400000e+01
   endloop
 endfacet
 facet normal -9.662211e-01  2.577146e-01  0.000000e+00
   outer loop
     vertex  3.199896e+00 -8.066369e-01  2.400000e+01
     vertex  3.199896e+00 -8.066369e-01  2.030000e+01
     vertex  3.176563e+00 -8.941194e-01  2.030000e+01
   endloop
 endfacet
 facet normal -9.729276e-01  2.311102e-01 -1.773350e-20
   outer loop
     vertex  3.220821e+00 -7.185472e-01  2.400000e+01
     vertex  3.199896e+00 -8.066369e-01  2.030000e+01
     vertex  3.199896e+00 -8.066369e-01  2.400000e+01
   endloop
 endfacet
 facet normal -9.729276e-01  2.311102e-01  0.000000e+00
   outer loop
     vertex  3.220821e+00 -7.185472e-01  2.400000e+01
     vertex  3.220821e+00 -7.185472e-01  2.030000e+01
     vertex  3.199896e+00 -8.066369e-01  2.030000e+01
   endloop
 endfacet
 facet normal -9.789017e-01  2.043319e-01  0.000000e+00
   outer loop
     vertex  3.220821e+00 -7.185472e-01  2.400000e+01
     vertex  3.239322e+00 -6.299166e-01  2.030000e+01
     vertex  3.220821e+00 -7.185472e-01  2.030000e+01
   endloop
 endfacet
 facet normal -9.789017e-01  2.043319e-01  0.000000e+00
   outer loop
     vertex  3.239322e+00 -6.299166e-01  2.400000e+01
     vertex  3.239322e+00 -6.299166e-01  2.030000e+01
     vertex  3.220821e+00 -7.185472e-01  2.400000e+01
   endloop
 endfacet
 facet normal -9.841389e-01  1.773998e-01 -5.444282e-20
   outer loop
     vertex  3.255384e+00 -5.408118e-01  2.400000e+01
     vertex  3.239322e+00 -6.299166e-01  2.030000e+01
     vertex  3.239322e+00 -6.299166e-01  2.400000e+01
   endloop
 endfacet
 facet normal -9.841389e-01  1.773998e-01  0.000000e+00
   outer loop
     vertex  3.255384e+00 -5.408118e-01  2.400000e+01
     vertex  3.255384e+00 -5.408118e-01  2.030000e+01
     vertex  3.239322e+00 -6.299166e-01  2.030000e+01
   endloop
 endfacet
 facet normal -9.886353e-01  1.503341e-01  0.000000e+00
   outer loop
     vertex  3.255384e+00 -5.408118e-01  2.400000e+01
     vertex  3.268995e+00 -4.512999e-01  2.030000e+01
     vertex  3.255384e+00 -5.408118e-01  2.030000e+01
   endloop
 endfacet
 facet normal -9.886353e-01  1.503341e-01  0.000000e+00
   outer loop
     vertex  3.268995e+00 -4.512999e-01  2.400000e+01
     vertex  3.268995e+00 -4.512999e-01  2.030000e+01
     vertex  3.255384e+00 -5.408118e-01  2.400000e+01
   endloop
 endfacet
 facet normal -9.923874e-01  1.231552e-01  0.000000e+00
   outer loop
     vertex  3.280146e+00 -3.614482e-01  2.400000e+01
     vertex  3.280146e+00 -3.614482e-01  2.030000e+01
     vertex  3.268995e+00 -4.512999e-01  2.030000e+01
   endloop
 endfacet
 facet normal -9.923874e-01  1.231552e-01 -3.213451e-19
   outer loop
     vertex  3.280146e+00 -3.614482e-01  2.400000e+01
     vertex  3.268995e+00 -4.512999e-01  2.030000e+01
     vertex  3.268995e+00 -4.512999e-01  2.400000e+01
   endloop
 endfacet
 facet normal -9.953925e-01  9.588368e-02  0.000000e+00
   outer loop
     vertex  3.288827e+00 -2.713245e-01  2.400000e+01
     vertex  3.288827e+00 -2.713245e-01  2.030000e+01
     vertex  3.280146e+00 -3.614482e-01  2.030000e+01
   endloop
 endfacet
 facet normal -9.953925e-01  9.588368e-02 -8.956421e-20
   outer loop
     vertex  3.288827e+00 -2.713245e-01  2.400000e+01
     vertex  3.280146e+00 -3.614482e-01  2.030000e+01
     vertex  3.280146e+00 -3.614482e-01  2.400000e+01
   endloop
 endfacet
 facet normal -9.976484e-01  6.853995e-02  0.000000e+00
   outer loop
     vertex  3.295033e+00 -1.809966e-01  2.400000e+01
     vertex  3.295033e+00 -1.809966e-01  2.030000e+01
     vertex  3.288827e+00 -2.713245e-01  2.030000e+01
   endloop
 endfacet
 facet normal -9.976484e-01  6.853995e-02 -1.009139e-19
   outer loop
     vertex  3.295033e+00 -1.809966e-01  2.400000e+01
     vertex  3.288827e+00 -2.713245e-01  2.030000e+01
     vertex  3.288827e+00 -2.713245e-01  2.400000e+01
   endloop
 endfacet
 facet normal -9.991532e-01  4.114462e-02  0.000000e+00
   outer loop
     vertex  3.298758e+00 -9.053236e-02  2.400000e+01
     vertex  3.298758e+00 -9.053236e-02  2.030000e+01
     vertex  3.295033e+00 -1.809966e-01  2.030000e+01
   endloop
 endfacet
 facet normal -9.999059e-01  1.371831e-02  0.000000e+00
   outer loop
     vertex  3.298758e+00 -9.053236e-02  2.400000e+01
     vertex  3.300000e+00 -8.082669e-16  2.030000e+01
     vertex  3.298758e+00 -9.053236e-02  2.030000e+01
   endloop
 endfacet
 facet normal -9.991532e-01  4.114462e-02 -7.659682e-20
   outer loop
     vertex  3.298758e+00 -9.053236e-02  2.400000e+01
     vertex  3.295033e+00 -1.809966e-01  2.030000e+01
     vertex  3.295033e+00 -1.809966e-01  2.400000e+01
   endloop
 endfacet
 facet normal -9.999059e-01  1.371831e-02  0.000000e+00
   outer loop
     vertex  3.300000e+00 -8.082669e-16  2.400000e+01
     vertex  3.300000e+00 -8.082669e-16  2.030000e+01
     vertex  3.298758e+00 -9.053236e-02  2.400000e+01
   endloop
 endfacet
 facet normal -1.000000e+00  2.902585e-16  0.000000e+00
   outer loop
     vertex  5.300000e+00  3.059956e+00  1.430000e+01
     vertex  5.300000e+00 -3.059956e+00  1.430000e+01
     vertex  5.300000e+00 -3.059956e+00  2.030000e+01
   endloop
 endfacet
 facet normal -1.000000e+00  2.902585e-16  0.000000e+00
   outer loop
     vertex  5.300000e+00  3.059956e+00  1.430000e+01
     vertex  5.300000e+00 -3.059956e+00  2.030000e+01
     vertex  5.300000e+00  3.059956e+00  2.030000e+01
   endloop
 endfacet
 facet normal -9.999059e-01 -1.371831e-02  1.173310e-20
   outer loop
     vertex  3.298758e+00  9.053236e-02  1.430000e+01
     vertex  3.300000e+00 -8.082669e-16  1.130000e+01
     vertex  3.300000e+00 -8.082669e-16  1.430000e+01
   endloop
 endfacet
 facet normal -9.999059e-01 -1.371831e-02 -0.000000e+00
   outer loop
     vertex  3.298758e+00  9.053236e-02  1.430000e+01
     vertex  3.298758e+00  9.053236e-02  1.130000e+01
     vertex  3.300000e+00 -8.082669e-16  1.130000e+01
   endloop
 endfacet
 facet normal -9.991532e-01 -4.114462e-02 -0.000000e+00
   outer loop
     vertex  3.295033e+00  1.809966e-01  1.430000e+01
     vertex  3.295033e+00  1.809966e-01  1.130000e+01
     vertex  3.298758e+00  9.053236e-02  1.130000e+01
   endloop
 endfacet
 facet normal -9.991532e-01 -4.114462e-02 -3.301484e-20
   outer loop
     vertex  3.295033e+00  1.809966e-01  1.430000e+01
     vertex  3.298758e+00  9.053236e-02  1.130000e+01
     vertex  3.298758e+00  9.053236e-02  1.430000e+01
   endloop
 endfacet
 facet normal -9.976484e-01 -6.853995e-02 -0.000000e+00
   outer loop
     vertex  3.288827e+00  2.713245e-01  1.430000e+01
     vertex  3.288827e+00  2.713245e-01  1.130000e+01
     vertex  3.295033e+00  1.809966e-01  1.130000e+01
   endloop
 endfacet
 facet normal -9.976484e-01 -6.853995e-02  1.858940e-19
   outer loop
     vertex  3.288827e+00  2.713245e-01  1.430000e+01
     vertex  3.295033e+00  1.809966e-01  1.130000e+01
     vertex  3.295033e+00  1.809966e-01  1.430000e+01
   endloop
 endfacet
 facet normal -9.953925e-01 -9.588368e-02 -0.000000e+00
   outer loop
     vertex  3.280146e+00  3.614482e-01  1.430000e+01
     vertex  3.280146e+00  3.614482e-01  1.130000e+01
     vertex  3.288827e+00  2.713245e-01  1.130000e+01
   endloop
 endfacet
 facet normal -9.923874e-01 -1.231552e-01 -0.000000e+00
   outer loop
     vertex  3.280146e+00  3.614482e-01  1.430000e+01
     vertex  3.268995e+00  4.512999e-01  1.130000e+01
     vertex  3.280146e+00  3.614482e-01  1.130000e+01
   endloop
 endfacet
 facet normal -9.953925e-01 -9.588368e-02 -9.469761e-20
   outer loop
     vertex  3.280146e+00  3.614482e-01  1.430000e+01
     vertex  3.288827e+00  2.713245e-01  1.130000e+01
     vertex  3.288827e+00  2.713245e-01  1.430000e+01
   endloop
 endfacet
 facet normal -9.886353e-01 -1.503341e-01 -0.000000e+00
   outer loop
     vertex  3.268995e+00  4.512999e-01  1.430000e+01
     vertex  3.255384e+00  5.408118e-01  1.130000e+01
     vertex  3.268995e+00  4.512999e-01  1.130000e+01
   endloop
 endfacet
 facet normal -9.923874e-01 -1.231552e-01 -0.000000e+00
   outer loop
     vertex  3.268995e+00  4.512999e-01  1.430000e+01
     vertex  3.268995e+00  4.512999e-01  1.130000e+01
     vertex  3.280146e+00  3.614482e-01  1.430000e+01
   endloop
 endfacet
 facet normal -9.841389e-01 -1.773998e-01 -0.000000e+00
   outer loop
     vertex  3.255384e+00  5.408118e-01  1.430000e+01
     vertex  3.239322e+00  6.299166e-01  1.130000e+01
     vertex  3.255384e+00  5.408118e-01  1.130000e+01
   endloop
 endfacet
 facet normal -9.886353e-01 -1.503341e-01 -0.000000e+00
   outer loop
     vertex  3.255384e+00  5.408118e-01  1.430000e+01
     vertex  3.255384e+00  5.408118e-01  1.130000e+01
     vertex  3.268995e+00  4.512999e-01  1.430000e+01
   endloop
 endfacet
 facet normal -9.789017e-01 -2.043319e-01 -0.000000e+00
   outer loop
     vertex  3.239322e+00  6.299166e-01  1.430000e+01
     vertex  3.220821e+00  7.185472e-01  1.130000e+01
     vertex  3.239322e+00  6.299166e-01  1.130000e+01
   endloop
 endfacet
 facet normal -9.841389e-01 -1.773998e-01 -0.000000e+00
   outer loop
     vertex  3.239322e+00  6.299166e-01  1.430000e+01
     vertex  3.239322e+00  6.299166e-01  1.130000e+01
     vertex  3.255384e+00  5.408118e-01  1.430000e+01
   endloop
 endfacet
 facet normal -9.789017e-01 -2.043319e-01 -0.000000e+00
   outer loop
     vertex  3.220821e+00  7.185472e-01  1.430000e+01
     vertex  3.220821e+00  7.185472e-01  1.130000e+01
     vertex  3.239322e+00  6.299166e-01  1.430000e+01
   endloop
 endfacet
 facet normal -9.729276e-01 -2.311102e-01 -0.000000e+00
   outer loop
     vertex  3.199896e+00  8.066369e-01  1.430000e+01
     vertex  3.199896e+00  8.066369e-01  1.130000e+01
     vertex  3.220821e+00  7.185472e-01  1.130000e+01
   endloop
 endfacet
 facet normal -9.729276e-01 -2.311102e-01  2.814875e-19
   outer loop
     vertex  3.199896e+00  8.066369e-01  1.430000e+01
     vertex  3.220821e+00  7.185472e-01  1.130000e+01
     vertex  3.220821e+00  7.185472e-01  1.430000e+01
   endloop
 endfacet
 facet normal -9.662211e-01 -2.577146e-01 -1.736826e-19
   outer loop
     vertex  3.176563e+00  8.941194e-01  1.430000e+01
     vertex  3.199896e+00  8.066369e-01  1.130000e+01
     vertex  3.199896e+00  8.066369e-01  1.430000e+01
   endloop
 endfacet
 facet normal -9.662211e-01 -2.577146e-01 -0.000000e+00
   outer loop
     vertex  3.176563e+00  8.941194e-01  1.430000e+01
     vertex  3.176563e+00  8.941194e-01  1.130000e+01
     vertex  3.199896e+00  8.066369e-01  1.130000e+01
   endloop
 endfacet
 facet normal -9.587873e-01 -2.841250e-01 -3.293738e-19
   outer loop
     vertex  3.150838e+00  9.809289e-01  1.430000e+01
     vertex  3.176563e+00  8.941194e-01  1.130000e+01
     vertex  3.176563e+00  8.941194e-01  1.430000e+01
   endloop
 endfacet
 facet normal -9.587873e-01 -2.841250e-01 -0.000000e+00
   outer loop
     vertex  3.150838e+00  9.809289e-01  1.430000e+01
     vertex  3.150838e+00  9.809289e-01  1.130000e+01
     vertex  3.176563e+00  8.941194e-01  1.130000e+01
   endloop
 endfacet
 facet normal -9.506317e-01 -3.103214e-01 -0.000000e+00
   outer loop
     vertex  3.150838e+00  9.809289e-01  1.430000e+01
     vertex  3.122741e+00  1.067000e+00  1.130000e+01
     vertex  3.150838e+00  9.809289e-01  1.130000e+01
   endloop
 endfacet
 facet normal -9.506317e-01 -3.103214e-01 -0.000000e+00
   outer loop
     vertex  3.122741e+00  1.067000e+00  1.430000e+01
     vertex  3.122741e+00  1.067000e+00  1.130000e+01
     vertex  3.150838e+00  9.809289e-01  1.430000e+01
   endloop
 endfacet
 facet normal -9.417605e-01 -3.362843e-01 -7.288054e-19
   outer loop
     vertex  3.092294e+00  1.152268e+00  1.430000e+01
     vertex  3.122741e+00  1.067000e+00  1.130000e+01
     vertex  3.122741e+00  1.067000e+00  1.430000e+01
   endloop
 endfacet
 facet normal -9.417605e-01 -3.362843e-01 -0.000000e+00
   outer loop
     vertex  3.092294e+00  1.152268e+00  1.430000e+01
     vertex  3.092294e+00  1.152268e+00  1.130000e+01
     vertex  3.122741e+00  1.067000e+00  1.130000e+01
   endloop
 endfacet
 facet normal -9.321804e-01 -3.619940e-01 -0.000000e+00
   outer loop
     vertex  3.092294e+00  1.152268e+00  1.430000e+01
     vertex  3.059518e+00  1.236668e+00  1.130000e+01
     vertex  3.092294e+00  1.152268e+00  1.130000e+01
   endloop
 endfacet
 facet normal -9.321804e-01 -3.619940e-01 -0.000000e+00
   outer loop
     vertex  3.059518e+00  1.236668e+00  1.430000e+01
     vertex  3.059518e+00  1.236668e+00  1.130000e+01
     vertex  3.092294e+00  1.152268e+00  1.430000e+01
   endloop
 endfacet
 facet normal -9.218986e-01 -3.874313e-01 -1.784832e-19
   outer loop
     vertex  3.024440e+00  1.320138e+00  1.430000e+01
     vertex  3.059518e+00  1.236668e+00  1.130000e+01
     vertex  3.059518e+00  1.236668e+00  1.430000e+01
   endloop
 endfacet
 facet normal -9.218986e-01 -3.874313e-01 -0.000000e+00
   outer loop
     vertex  3.024440e+00  1.320138e+00  1.430000e+01
     vertex  3.024440e+00  1.320138e+00  1.130000e+01
     vertex  3.059518e+00  1.236668e+00  1.130000e+01
   endloop
 endfacet
 facet normal -9.109228e-01 -4.125769e-01 -6.166279e-19
   outer loop
     vertex  2.987085e+00  1.402613e+00  1.430000e+01
     vertex  3.024440e+00  1.320138e+00  1.130000e+01
     vertex  3.024440e+00  1.320138e+00  1.430000e+01
   endloop
 endfacet
 facet normal -9.109228e-01 -4.125769e-01 -0.000000e+00
   outer loop
     vertex  2.987085e+00  1.402613e+00  1.430000e+01
     vertex  2.987085e+00  1.402613e+00  1.130000e+01
     vertex  3.024440e+00  1.320138e+00  1.130000e+01
   endloop
 endfacet
 facet normal -8.992613e-01 -4.374119e-01  5.536049e-19
   outer loop
     vertex  2.947481e+00  1.484033e+00  1.430000e+01
     vertex  2.987085e+00  1.402613e+00  1.130000e+01
     vertex  2.987085e+00  1.402613e+00  1.430000e+01
   endloop
 endfacet
 facet normal -8.992613e-01 -4.374119e-01 -0.000000e+00
   outer loop
     vertex  2.947481e+00  1.484033e+00  1.430000e+01
     vertex  2.947481e+00  1.484033e+00  1.130000e+01
     vertex  2.987085e+00  1.402613e+00  1.130000e+01
   endloop
 endfacet
 facet normal -8.869228e-01 -4.619176e-01 -0.000000e+00
   outer loop
     vertex  2.947481e+00  1.484033e+00  1.430000e+01
     vertex  2.905659e+00  1.564336e+00  1.130000e+01
     vertex  2.947481e+00  1.484033e+00  1.130000e+01
   endloop
 endfacet
 facet normal -8.869228e-01 -4.619176e-01 -0.000000e+00
   outer loop
     vertex  2.905659e+00  1.564336e+00  1.430000e+01
     vertex  2.905659e+00  1.564336e+00  1.130000e+01
     vertex  2.947481e+00  1.484033e+00  1.430000e+01
   endloop
 endfacet
 facet normal -8.739167e-01 -4.860756e-01 -1.152905e-19
   outer loop
     vertex  2.861649e+00  1.643461e+00  1.430000e+01
     vertex  2.905659e+00  1.564336e+00  1.130000e+01
     vertex  2.905659e+00  1.564336e+00  1.430000e+01
   endloop
 endfacet
 facet normal -8.739167e-01 -4.860756e-01 -0.000000e+00
   outer loop
     vertex  2.861649e+00  1.643461e+00  1.430000e+01
     vertex  2.861649e+00  1.643461e+00  1.130000e+01
     vertex  2.905659e+00  1.564336e+00  1.130000e+01
   endloop
 endfacet
 facet normal -8.602528e-01 -5.098678e-01  3.456496e-19
   outer loop
     vertex  2.815485e+00  1.721349e+00  1.430000e+01
     vertex  2.861649e+00  1.643461e+00  1.130000e+01
     vertex  2.861649e+00  1.643461e+00  1.430000e+01
   endloop
 endfacet
 facet normal -8.602528e-01 -5.098678e-01 -0.000000e+00
   outer loop
     vertex  2.815485e+00  1.721349e+00  1.430000e+01
     vertex  2.815485e+00  1.721349e+00  1.130000e+01
     vertex  2.861649e+00  1.643461e+00  1.130000e+01
   endloop
 endfacet
 facet normal -8.459413e-01 -5.332761e-01 -0.000000e+00
   outer loop
     vertex  2.815485e+00  1.721349e+00  1.430000e+01
     vertex  2.767202e+00  1.797942e+00  1.130000e+01
     vertex  2.815485e+00  1.721349e+00  1.130000e+01
   endloop
 endfacet
 facet normal -8.459413e-01 -5.332761e-01 -0.000000e+00
   outer loop
     vertex  2.767202e+00  1.797942e+00  1.430000e+01
     vertex  2.767202e+00  1.797942e+00  1.130000e+01
     vertex  2.815485e+00  1.721349e+00  1.430000e+01
   endloop
 endfacet
 facet normal -8.309929e-01 -5.562829e-01 -0.000000e+00
   outer loop
     vertex  2.716836e+00  1.873180e+00  1.430000e+01
     vertex  2.716836e+00  1.873180e+00  1.130000e+01
     vertex  2.767202e+00  1.797942e+00  1.130000e+01
   endloop
 endfacet
 facet normal -8.309929e-01 -5.562829e-01  7.058897e-19
   outer loop
     vertex  2.716836e+00  1.873180e+00  1.430000e+01
     vertex  2.767202e+00  1.797942e+00  1.130000e+01
     vertex  2.767202e+00  1.797942e+00  1.430000e+01
   endloop
 endfacet
 facet normal -8.154191e-01 -5.788711e-01 -0.000000e+00
   outer loop
     vertex  2.716836e+00  1.873180e+00  1.430000e+01
     vertex  2.664424e+00  1.947009e+00  1.130000e+01
     vertex  2.716836e+00  1.873180e+00  1.130000e+01
   endloop
 endfacet
 facet normal -8.154191e-01 -5.788711e-01 -0.000000e+00
   outer loop
     vertex  2.664424e+00  1.947009e+00  1.430000e+01
     vertex  2.664424e+00  1.947009e+00  1.130000e+01
     vertex  2.716836e+00  1.873180e+00  1.430000e+01
   endloop
 endfacet
 facet normal -7.992314e-01 -6.010234e-01  1.072122e-18
   outer loop
     vertex  2.610007e+00  2.019372e+00  1.430000e+01
     vertex  2.664424e+00  1.947009e+00  1.130000e+01
     vertex  2.664424e+00  1.947009e+00  1.430000e+01
   endloop
 endfacet
 facet normal -7.992314e-01 -6.010234e-01 -0.000000e+00
   outer loop
     vertex  2.610007e+00  2.019372e+00  1.430000e+01
     vertex  2.610007e+00  2.019372e+00  1.130000e+01
     vertex  2.664424e+00  1.947009e+00  1.130000e+01
   endloop
 endfacet
 facet normal -7.824421e-01 -6.227234e-01 -0.000000e+00
   outer loop
     vertex  2.610007e+00  2.019372e+00  1.430000e+01
     vertex  2.553625e+00  2.090215e+00  1.130000e+01
     vertex  2.610007e+00  2.019372e+00  1.130000e+01
   endloop
 endfacet
 facet normal -7.824421e-01 -6.227234e-01 -0.000000e+00
   outer loop
     vertex  2.553625e+00  2.090215e+00  1.430000e+01
     vertex  2.553625e+00  2.090215e+00  1.130000e+01
     vertex  2.610007e+00  2.019372e+00  1.430000e+01
   endloop
 endfacet
 facet normal -7.650637e-01 -6.439545e-01 -0.000000e+00
   outer loop
     vertex  2.495321e+00  2.159485e+00  1.430000e+01
     vertex  2.495321e+00  2.159485e+00  1.130000e+01
     vertex  2.553625e+00  2.090215e+00  1.130000e+01
   endloop
 endfacet
 facet normal -7.650637e-01 -6.439545e-01 -8.131532e-19
   outer loop
     vertex  2.495321e+00  2.159485e+00  1.430000e+01
     vertex  2.553625e+00  2.090215e+00  1.130000e+01
     vertex  2.553625e+00  2.090215e+00  1.430000e+01
   endloop
 endfacet
 facet normal -7.471095e-01 -6.647010e-01 -0.000000e+00
   outer loop
     vertex  2.435138e+00  2.227129e+00  1.430000e+01
     vertex  2.435138e+00  2.227129e+00  1.130000e+01
     vertex  2.495321e+00  2.159485e+00  1.130000e+01
   endloop
 endfacet
 facet normal -7.471095e-01 -6.647010e-01 -9.153042e-19
   outer loop
     vertex  2.435138e+00  2.227129e+00  1.430000e+01
     vertex  2.495321e+00  2.159485e+00  1.130000e+01
     vertex  2.495321e+00  2.159485e+00  1.430000e+01
   endloop
 endfacet
 facet normal -7.285929e-01 -6.849470e-01 -0.000000e+00
   outer loop
     vertex  2.373122e+00  2.293096e+00  1.430000e+01
     vertex  2.373122e+00  2.293096e+00  1.130000e+01
     vertex  2.435138e+00  2.227129e+00  1.130000e+01
   endloop
 endfacet
 facet normal -7.095278e-01 -7.046775e-01 -0.000000e+00
   outer loop
     vertex  2.373122e+00  2.293096e+00  1.430000e+01
     vertex  2.309320e+00  2.357337e+00  1.130000e+01
     vertex  2.373122e+00  2.293096e+00  1.130000e+01
   endloop
 endfacet
 facet normal -7.285929e-01 -6.849470e-01  1.647618e-19
   outer loop
     vertex  2.373122e+00  2.293096e+00  1.430000e+01
     vertex  2.435138e+00  2.227129e+00  1.130000e+01
     vertex  2.435138e+00  2.227129e+00  1.430000e+01
   endloop
 endfacet
 facet normal -6.899286e-01 -7.238775e-01 -0.000000e+00
   outer loop
     vertex  2.309320e+00  2.357337e+00  1.430000e+01
     vertex  2.243780e+00  2.419804e+00  1.130000e+01
     vertex  2.309320e+00  2.357337e+00  1.130000e+01
   endloop
 endfacet
 facet normal -7.095278e-01 -7.046775e-01 -0.000000e+00
   outer loop
     vertex  2.309320e+00  2.357337e+00  1.430000e+01
     vertex  2.309320e+00  2.357337e+00  1.130000e+01
     vertex  2.373122e+00  2.293096e+00  1.430000e+01
   endloop
 endfacet
 facet normal -6.899286e-01 -7.238775e-01 -0.000000e+00
   outer loop
     vertex  2.243780e+00  2.419804e+00  1.430000e+01
     vertex  2.243780e+00  2.419804e+00  1.130000e+01
     vertex  2.309320e+00  2.357337e+00  1.430000e+01
   endloop
 endfacet
 facet normal -6.698100e-01 -7.425325e-01 -0.000000e+00
   outer loop
     vertex  2.176550e+00  2.480449e+00  1.430000e+01
     vertex  2.176550e+00  2.480449e+00  1.130000e+01
     vertex  2.243780e+00  2.419804e+00  1.130000e+01
   endloop
 endfacet
 facet normal -6.698100e-01 -7.425325e-01  2.420512e-19
   outer loop
     vertex  2.176550e+00  2.480449e+00  1.430000e+01
     vertex  2.243780e+00  2.419804e+00  1.130000e+01
     vertex  2.243780e+00  2.419804e+00  1.430000e+01
   endloop
 endfacet
 facet normal -6.491872e-01 -7.606287e-01 -0.000000e+00
   outer loop
     vertex  2.107682e+00  2.539227e+00  1.430000e+01
     vertex  2.107682e+00  2.539227e+00  1.130000e+01
     vertex  2.176550e+00  2.480449e+00  1.130000e+01
   endloop
 endfacet
 facet normal -6.280757e-01 -7.781522e-01 -0.000000e+00
   outer loop
     vertex  2.107682e+00  2.539227e+00  1.430000e+01
     vertex  2.037228e+00  2.596094e+00  1.130000e+01
     vertex  2.107682e+00  2.539227e+00  1.130000e+01
   endloop
 endfacet
 facet normal -6.491872e-01 -7.606287e-01 -4.401727e-19
   outer loop
     vertex  2.107682e+00  2.539227e+00  1.430000e+01
     vertex  2.176550e+00  2.480449e+00  1.130000e+01
     vertex  2.176550e+00  2.480449e+00  1.430000e+01
   endloop
 endfacet
 facet normal -6.064915e-01 -7.950900e-01 -0.000000e+00
   outer loop
     vertex  2.037228e+00  2.596094e+00  1.430000e+01
     vertex  1.965239e+00  2.651006e+00  1.130000e+01
     vertex  2.037228e+00  2.596094e+00  1.130000e+01
   endloop
 endfacet
 facet normal -6.280757e-01 -7.781522e-01 -0.000000e+00
   outer loop
     vertex  2.037228e+00  2.596094e+00  1.430000e+01
     vertex  2.037228e+00  2.596094e+00  1.130000e+01
     vertex  2.107682e+00  2.539227e+00  1.430000e+01
   endloop
 endfacet
 facet normal -6.064915e-01 -7.950900e-01 -0.000000e+00
   outer loop
     vertex  1.965239e+00  2.651006e+00  1.430000e+01
     vertex  1.965239e+00  2.651006e+00  1.130000e+01
     vertex  2.037228e+00  2.596094e+00  1.430000e+01
   endloop
 endfacet
 facet normal -5.844507e-01 -8.114292e-01 -2.164339e-19
   outer loop
     vertex  1.891772e+00  2.703923e+00  1.430000e+01
     vertex  1.965239e+00  2.651006e+00  1.130000e+01
     vertex  1.965239e+00  2.651006e+00  1.430000e+01
   endloop
 endfacet
 facet normal -5.844507e-01 -8.114292e-01 -0.000000e+00
   outer loop
     vertex  1.891772e+00  2.703923e+00  1.430000e+01
     vertex  1.891772e+00  2.703923e+00  1.130000e+01
     vertex  1.965239e+00  2.651006e+00  1.130000e+01
   endloop
 endfacet
 facet normal -5.619699e-01 -8.271577e-01 -6.698558e-19
   outer loop
     vertex  1.816880e+00  2.754804e+00  1.430000e+01
     vertex  1.891772e+00  2.703923e+00  1.130000e+01
     vertex  1.891772e+00  2.703923e+00  1.430000e+01
   endloop
 endfacet
 facet normal -5.619699e-01 -8.271577e-01 -0.000000e+00
   outer loop
     vertex  1.816880e+00  2.754804e+00  1.430000e+01
     vertex  1.816880e+00  2.754804e+00  1.130000e+01
     vertex  1.891772e+00  2.703923e+00  1.130000e+01
   endloop
 endfacet
 facet normal -5.390661e-01 -8.422635e-01 -6.223271e-19
   outer loop
     vertex  1.740621e+00  2.803612e+00  1.430000e+01
     vertex  1.816880e+00  2.754804e+00  1.130000e+01
     vertex  1.816880e+00  2.754804e+00  1.430000e+01
   endloop
 endfacet
 facet normal -5.390661e-01 -8.422635e-01 -0.000000e+00
   outer loop
     vertex  1.740621e+00  2.803612e+00  1.430000e+01
     vertex  1.740621e+00  2.803612e+00  1.130000e+01
     vertex  1.816880e+00  2.754804e+00  1.130000e+01
   endloop
 endfacet
 facet normal -5.157565e-01 -8.567352e-01 -0.000000e+00
   outer loop
     vertex  1.740621e+00  2.803612e+00  1.430000e+01
     vertex  1.663052e+00  2.850309e+00  1.130000e+01
     vertex  1.740621e+00  2.803612e+00  1.130000e+01
   endloop
 endfacet
 facet normal -5.157565e-01 -8.567352e-01 -0.000000e+00
   outer loop
     vertex  1.663052e+00  2.850309e+00  1.430000e+01
     vertex  1.663052e+00  2.850309e+00  1.130000e+01
     vertex  1.740621e+00  2.803612e+00  1.430000e+01
   endloop
 endfacet
 facet normal -4.920587e-01 -8.705620e-01  4.297482e-19
   outer loop
     vertex  1.584230e+00  2.894860e+00  1.430000e+01
     vertex  1.663052e+00  2.850309e+00  1.130000e+01
     vertex  1.663052e+00  2.850309e+00  1.430000e+01
   endloop
 endfacet
 facet normal -4.920587e-01 -8.705620e-01 -0.000000e+00
   outer loop
     vertex  1.584230e+00  2.894860e+00  1.430000e+01
     vertex  1.584230e+00  2.894860e+00  1.130000e+01
     vertex  1.663052e+00  2.850309e+00  1.130000e+01
   endloop
 endfacet
 facet normal -4.679904e-01 -8.837335e-01  6.657916e-19
   outer loop
     vertex  1.504216e+00  2.937232e+00  1.430000e+01
     vertex  1.584230e+00  2.894860e+00  1.130000e+01
     vertex  1.584230e+00  2.894860e+00  1.430000e+01
   endloop
 endfacet
 facet normal -4.679904e-01 -8.837335e-01 -0.000000e+00
   outer loop
     vertex  1.504216e+00  2.937232e+00  1.430000e+01
     vertex  1.504216e+00  2.937232e+00  1.130000e+01
     vertex  1.584230e+00  2.894860e+00  1.130000e+01
   endloop
 endfacet
 facet normal -4.435699e-01 -8.962398e-01  2.763991e-19
   outer loop
     vertex  1.423070e+00  2.977394e+00  1.430000e+01
     vertex  1.504216e+00  2.937232e+00  1.130000e+01
     vertex  1.504216e+00  2.937232e+00  1.430000e+01
   endloop
 endfacet
 facet normal -4.435699e-01 -8.962398e-01 -0.000000e+00
   outer loop
     vertex  1.423070e+00  2.977394e+00  1.430000e+01
     vertex  1.423070e+00  2.977394e+00  1.130000e+01
     vertex  1.504216e+00  2.937232e+00  1.130000e+01
   endloop
 endfacet
 facet normal -4.188155e-01 -9.080714e-01 -4.867180e-19
   outer loop
     vertex  1.340852e+00  3.015313e+00  1.430000e+01
     vertex  1.423070e+00  2.977394e+00  1.130000e+01
     vertex  1.423070e+00  2.977394e+00  1.430000e+01
   endloop
 endfacet
 facet normal -4.188155e-01 -9.080714e-01 -0.000000e+00
   outer loop
     vertex  1.340852e+00  3.015313e+00  1.430000e+01
     vertex  1.340852e+00  3.015313e+00  1.130000e+01
     vertex  1.423070e+00  2.977394e+00  1.130000e+01
   endloop
 endfacet
 facet normal -3.937458e-01 -9.192194e-01 -0.000000e+00
   outer loop
     vertex  1.340852e+00  3.015313e+00  1.430000e+01
     vertex  1.257625e+00  3.050964e+00  1.130000e+01
     vertex  1.340852e+00  3.015313e+00  1.130000e+01
   endloop
 endfacet
 facet normal -3.937458e-01 -9.192194e-01 -0.000000e+00
   outer loop
     vertex  1.257625e+00  3.050964e+00  1.430000e+01
     vertex  1.257625e+00  3.050964e+00  1.130000e+01
     vertex  1.340852e+00  3.015313e+00  1.430000e+01
   endloop
 endfacet
 facet normal -3.683796e-01 -9.296754e-01 -3.391021e-19
   outer loop
     vertex  1.173452e+00  3.084317e+00  1.430000e+01
     vertex  1.257625e+00  3.050964e+00  1.130000e+01
     vertex  1.257625e+00  3.050964e+00  1.430000e+01
   endloop
 endfacet
 facet normal -3.683796e-01 -9.296754e-01 -0.000000e+00
   outer loop
     vertex  1.173452e+00  3.084317e+00  1.430000e+01
     vertex  1.173452e+00  3.084317e+00  1.130000e+01
     vertex  1.257625e+00  3.050964e+00  1.130000e+01
   endloop
 endfacet
 facet normal -3.427362e-01 -9.394317e-01 -0.000000e+00
   outer loop
     vertex  1.173452e+00  3.084317e+00  1.430000e+01
     vertex  1.088395e+00  3.115349e+00  1.130000e+01
     vertex  1.173452e+00  3.084317e+00  1.130000e+01
   endloop
 endfacet
 facet normal -3.427362e-01 -9.394317e-01 -0.000000e+00
   outer loop
     vertex  1.088395e+00  3.115349e+00  1.430000e+01
     vertex  1.088395e+00  3.115349e+00  1.130000e+01
     vertex  1.173452e+00  3.084317e+00  1.430000e+01
   endloop
 endfacet
 facet normal -3.168348e-01 -9.484807e-01 -5.185106e-19
   outer loop
     vertex  1.002518e+00  3.144035e+00  1.430000e+01
     vertex  1.088395e+00  3.115349e+00  1.130000e+01
     vertex  1.088395e+00  3.115349e+00  1.430000e+01
   endloop
 endfacet
 facet normal -3.168348e-01 -9.484807e-01 -0.000000e+00
   outer loop
     vertex  1.002518e+00  3.144035e+00  1.430000e+01
     vertex  1.002518e+00  3.144035e+00  1.130000e+01
     vertex  1.088395e+00  3.115349e+00  1.130000e+01
   endloop
 endfacet
 facet normal -2.906949e-01 -9.568158e-01 -5.597226e-19
   outer loop
     vertex  9.158874e-01  3.170355e+00  1.430000e+01
     vertex  1.002518e+00  3.144035e+00  1.130000e+01
     vertex  1.002518e+00  3.144035e+00  1.430000e+01
   endloop
 endfacet
 facet normal -2.906949e-01 -9.568158e-01 -0.000000e+00
   outer loop
     vertex  9.158874e-01  3.170355e+00  1.430000e+01
     vertex  9.158874e-01  3.170355e+00  1.130000e+01
     vertex  1.002518e+00  3.144035e+00  1.130000e+01
   endloop
 endfacet
 facet normal -2.643362e-01 -9.644306e-01  3.666368e-19
   outer loop
     vertex  8.285670e-01  3.194288e+00  1.430000e+01
     vertex  9.158874e-01  3.170355e+00  1.130000e+01
     vertex  9.158874e-01  3.170355e+00  1.430000e+01
   endloop
 endfacet
 facet normal -2.643362e-01 -9.644306e-01 -0.000000e+00
   outer loop
     vertex  8.285670e-01  3.194288e+00  1.430000e+01
     vertex  8.285670e-01  3.194288e+00  1.130000e+01
     vertex  9.158874e-01  3.170355e+00  1.130000e+01
   endloop
 endfacet
 facet normal -2.377784e-01 -9.713194e-01  4.973865e-20
   outer loop
     vertex  7.406229e-01  3.215817e+00  1.430000e+01
     vertex  8.285670e-01  3.194288e+00  1.130000e+01
     vertex  8.285670e-01  3.194288e+00  1.430000e+01
   endloop
 endfacet
 facet normal -2.377784e-01 -9.713194e-01 -0.000000e+00
   outer loop
     vertex  7.406229e-01  3.215817e+00  1.430000e+01
     vertex  7.406229e-01  3.215817e+00  1.130000e+01
     vertex  8.285670e-01  3.194288e+00  1.130000e+01
   endloop
 endfacet
 facet normal -2.110417e-01 -9.774771e-01 -0.000000e+00
   outer loop
     vertex  7.406229e-01  3.215817e+00  1.430000e+01
     vertex  6.521213e-01  3.234925e+00  1.130000e+01
     vertex  7.406229e-01  3.215817e+00  1.130000e+01
   endloop
 endfacet
 facet normal -2.110417e-01 -9.774771e-01 -0.000000e+00
   outer loop
     vertex  6.521213e-01  3.234925e+00  1.430000e+01
     vertex  6.521213e-01  3.234925e+00  1.130000e+01
     vertex  7.406229e-01  3.215817e+00  1.430000e+01
   endloop
 endfacet
 facet normal -1.841461e-01 -9.828989e-01  9.561253e-22
   outer loop
     vertex  5.631288e-01  3.251597e+00  1.430000e+01
     vertex  6.521213e-01  3.234925e+00  1.130000e+01
     vertex  6.521213e-01  3.234925e+00  1.430000e+01
   endloop
 endfacet
 facet normal -1.841461e-01 -9.828989e-01 -0.000000e+00
   outer loop
     vertex  5.631288e-01  3.251597e+00  1.430000e+01
     vertex  5.631288e-01  3.251597e+00  1.130000e+01
     vertex  6.521213e-01  3.234925e+00  1.130000e+01
   endloop
 endfacet
 facet normal -1.571119e-01 -9.875808e-01  2.309590e-19
   outer loop
     vertex  4.737123e-01  3.265823e+00  1.430000e+01
     vertex  5.631288e-01  3.251597e+00  1.130000e+01
     vertex  5.631288e-01  3.251597e+00  1.430000e+01
   endloop
 endfacet
 facet normal -1.571119e-01 -9.875808e-01 -0.000000e+00
   outer loop
     vertex  4.737123e-01  3.265823e+00  1.430000e+01
     vertex  4.737123e-01  3.265823e+00  1.130000e+01
     vertex  5.631288e-01  3.251597e+00  1.130000e+01
   endloop
 endfacet
 facet normal -1.299594e-01 -9.915193e-01 -0.000000e+00
   outer loop
     vertex  4.737123e-01  3.265823e+00  1.430000e+01
     vertex  3.839393e-01  3.277589e+00  1.130000e+01
     vertex  4.737123e-01  3.265823e+00  1.130000e+01
   endloop
 endfacet
 facet normal -1.299594e-01 -9.915193e-01 -0.000000e+00
   outer loop
     vertex  3.839393e-01  3.277589e+00  1.430000e+01
     vertex  3.839393e-01  3.277589e+00  1.130000e+01
     vertex  4.737123e-01  3.265823e+00  1.430000e+01
   endloop
 endfacet
 facet normal -1.027091e-01 -9.947114e-01 -3.560202e-20
   outer loop
     vertex  2.938773e-01  3.286889e+00  1.430000e+01
     vertex  3.839393e-01  3.277589e+00  1.130000e+01
     vertex  3.839393e-01  3.277589e+00  1.430000e+01
   endloop
 endfacet
 facet normal -1.027091e-01 -9.947114e-01 -0.000000e+00
   outer loop
     vertex  2.938773e-01  3.286889e+00  1.430000e+01
     vertex  2.938773e-01  3.286889e+00  1.130000e+01
     vertex  3.839393e-01  3.277589e+00  1.130000e+01
   endloop
 endfacet
 facet normal -7.538152e-02 -9.971548e-01  1.808134e-19
   outer loop
     vertex  2.035940e-01  3.293714e+00  1.430000e+01
     vertex  2.938773e-01  3.286889e+00  1.130000e+01
     vertex  2.938773e-01  3.286889e+00  1.430000e+01
   endloop
 endfacet
 facet normal -7.538152e-02 -9.971548e-01 -0.000000e+00
   outer loop
     vertex  2.035940e-01  3.293714e+00  1.430000e+01
     vertex  2.035940e-01  3.293714e+00  1.130000e+01
     vertex  2.938773e-01  3.286889e+00  1.130000e+01
   endloop
 endfacet
 facet normal -4.799716e-02 -9.988475e-01  7.697819e-20
   outer loop
     vertex  1.131575e-01  3.298059e+00  1.430000e+01
     vertex  2.035940e-01  3.293714e+00  1.130000e+01
     vertex  2.035940e-01  3.293714e+00  1.430000e+01
   endloop
 endfacet
 facet normal -4.799716e-02 -9.988475e-01 -0.000000e+00
   outer loop
     vertex  1.131575e-01  3.298059e+00  1.430000e+01
     vertex  1.131575e-01  3.298059e+00  1.130000e+01
     vertex  2.035940e-01  3.293714e+00  1.130000e+01
   endloop
 endfacet
 facet normal -2.057667e-02 -9.997883e-01 -0.000000e+00
   outer loop
     vertex  2.263575e-02  3.299922e+00  1.430000e+01
     vertex  2.263575e-02  3.299922e+00  1.130000e+01
     vertex  1.131575e-01  3.298059e+00  1.130000e+01
   endloop
 endfacet
 facet normal -2.057667e-02 -9.997883e-01 -2.738386e-20
   outer loop
     vertex  2.263575e-02  3.299922e+00  1.430000e+01
     vertex  1.131575e-01  3.298059e+00  1.130000e+01
     vertex  1.131575e-01  3.298059e+00  1.430000e+01
   endloop
 endfacet
 facet normal  6.859319e-03 -9.999765e-01  0.000000e+00
   outer loop
     vertex  2.263575e-02  3.299922e+00  1.430000e+01
     vertex -6.790300e-02  3.299301e+00  1.130000e+01
     vertex  2.263575e-02  3.299922e+00  1.130000e+01
   endloop
 endfacet
 facet normal  3.429014e-02 -9.994119e-01  0.000000e+00
   outer loop
     vertex -6.790300e-02  3.299301e+00  1.430000e+01
     vertex -1.583906e-01  3.296197e+00  1.130000e+01
     vertex -6.790300e-02  3.299301e+00  1.130000e+01
   endloop
 endfacet
 facet normal  6.859319e-03 -9.999765e-01  0.000000e+00
   outer loop
     vertex -6.790300e-02  3.299301e+00  1.430000e+01
     vertex -6.790300e-02  3.299301e+00  1.130000e+01
     vertex  2.263575e-02  3.299922e+00  1.430000e+01
   endloop
 endfacet
 facet normal  3.429014e-02 -9.994119e-01  0.000000e+00
   outer loop
     vertex -1.583906e-01  3.296197e+00  1.430000e+01
     vertex -1.583906e-01  3.296197e+00  1.130000e+01
     vertex -6.790300e-02  3.299301e+00  1.430000e+01
   endloop
 endfacet
 facet normal  6.169515e-02 -9.980950e-01  0.000000e+00
   outer loop
     vertex -2.487590e-01  3.290611e+00  1.430000e+01
     vertex -2.487590e-01  3.290611e+00  1.130000e+01
     vertex -1.583906e-01  3.296197e+00  1.130000e+01
   endloop
 endfacet
 facet normal  6.169515e-02 -9.980950e-01 -2.559015e-20
   outer loop
     vertex -2.487590e-01  3.290611e+00  1.430000e+01
     vertex -1.583906e-01  3.296197e+00  1.130000e+01
     vertex -1.583906e-01  3.296197e+00  1.430000e+01
   endloop
 endfacet
 facet normal  8.905371e-02 -9.960268e-01 -1.506847e-19
   outer loop
     vertex -3.389402e-01  3.282548e+00  1.430000e+01
     vertex -2.487590e-01  3.290611e+00  1.130000e+01
     vertex -2.487590e-01  3.290611e+00  1.430000e+01
   endloop
 endfacet
 facet normal  8.905371e-02 -9.960268e-01  0.000000e+00
   outer loop
     vertex -3.389402e-01  3.282548e+00  1.430000e+01
     vertex -3.389402e-01  3.282548e+00  1.130000e+01
     vertex -2.487590e-01  3.290611e+00  1.130000e+01
   endloop
 endfacet
 facet normal  1.163452e-01 -9.932088e-01 -5.238057e-20
   outer loop
     vertex -4.288662e-01  3.272014e+00  1.430000e+01
     vertex -3.389402e-01  3.282548e+00  1.130000e+01
     vertex -3.389402e-01  3.282548e+00  1.430000e+01
   endloop
 endfacet
 facet normal  1.163452e-01 -9.932088e-01  0.000000e+00
   outer loop
     vertex -4.288662e-01  3.272014e+00  1.430000e+01
     vertex -4.288662e-01  3.272014e+00  1.130000e+01
     vertex -3.389402e-01  3.282548e+00  1.130000e+01
   endloop
 endfacet
 facet normal  1.435492e-01 -9.896432e-01  3.015283e-19
   outer loop
     vertex -5.184693e-01  3.259017e+00  1.430000e+01
     vertex -4.288662e-01  3.272014e+00  1.130000e+01
     vertex -4.288662e-01  3.272014e+00  1.430000e+01
   endloop
 endfacet
 facet normal  1.435492e-01 -9.896432e-01  0.000000e+00
   outer loop
     vertex -5.184693e-01  3.259017e+00  1.430000e+01
     vertex -5.184693e-01  3.259017e+00  1.130000e+01
     vertex -4.288662e-01  3.272014e+00  1.130000e+01
   endloop
 endfacet
 facet normal  1.706451e-01 -9.853326e-01  3.544190e-19
   outer loop
     vertex -6.076822e-01  3.243566e+00  1.430000e+01
     vertex -5.184693e-01  3.259017e+00  1.130000e+01
     vertex -5.184693e-01  3.259017e+00  1.430000e+01
   endloop
 endfacet
 facet normal  1.706451e-01 -9.853326e-01  0.000000e+00
   outer loop
     vertex -6.076822e-01  3.243566e+00  1.430000e+01
     vertex -6.076822e-01  3.243566e+00  1.130000e+01
     vertex -5.184693e-01  3.259017e+00  1.130000e+01
   endloop
 endfacet
 facet normal  1.976125e-01 -9.802802e-01  0.000000e+00
   outer loop
     vertex -6.076822e-01  3.243566e+00  1.430000e+01
     vertex -6.964376e-01  3.225674e+00  1.130000e+01
     vertex -6.076822e-01  3.243566e+00  1.130000e+01
   endloop
 endfacet
 facet normal  1.976125e-01 -9.802802e-01  0.000000e+00
   outer loop
     vertex -6.964376e-01  3.225674e+00  1.430000e+01
     vertex -6.964376e-01  3.225674e+00  1.130000e+01
     vertex -6.076822e-01  3.243566e+00  1.430000e+01
   endloop
 endfacet
 facet normal  2.244312e-01 -9.744899e-01  3.647610e-19
   outer loop
     vertex -7.846688e-01  3.205354e+00  1.430000e+01
     vertex -6.964376e-01  3.225674e+00  1.130000e+01
     vertex -6.964376e-01  3.225674e+00  1.430000e+01
   endloop
 endfacet
 facet normal  2.244312e-01 -9.744899e-01  0.000000e+00
   outer loop
     vertex -7.846688e-01  3.205354e+00  1.430000e+01
     vertex -7.846688e-01  3.205354e+00  1.130000e+01
     vertex -6.964376e-01  3.225674e+00  1.130000e+01
   endloop
 endfacet
 facet normal  2.510809e-01 -9.679661e-01  1.512029e-19
   outer loop
     vertex -8.723093e-01  3.182621e+00  1.430000e+01
     vertex -7.846688e-01  3.205354e+00  1.130000e+01
     vertex -7.846688e-01  3.205354e+00  1.430000e+01
   endloop
 endfacet
 facet normal  2.510809e-01 -9.679661e-01  0.000000e+00
   outer loop
     vertex -8.723093e-01  3.182621e+00  1.430000e+01
     vertex -8.723093e-01  3.182621e+00  1.130000e+01
     vertex -7.846688e-01  3.205354e+00  1.130000e+01
   endloop
 endfacet
 facet normal  2.775416e-01 -9.607136e-01  4.159923e-20
   outer loop
     vertex -9.592932e-01  3.157492e+00  1.430000e+01
     vertex -8.723093e-01  3.182621e+00  1.130000e+01
     vertex -8.723093e-01  3.182621e+00  1.430000e+01
   endloop
 endfacet
 facet normal  2.775416e-01 -9.607136e-01  0.000000e+00
   outer loop
     vertex -9.592932e-01  3.157492e+00  1.430000e+01
     vertex -9.592932e-01  3.157492e+00  1.130000e+01
     vertex -8.723093e-01  3.182621e+00  1.130000e+01
   endloop
 endfacet
 facet normal  3.037934e-01 -9.527379e-01  0.000000e+00
   outer loop
     vertex -9.592932e-01  3.157492e+00  1.430000e+01
     vertex -1.045555e+00  3.129986e+00  1.130000e+01
     vertex -9.592932e-01  3.157492e+00  1.130000e+01
   endloop
 endfacet
 facet normal  3.037934e-01 -9.527379e-01  0.000000e+00
   outer loop
     vertex -1.045555e+00  3.129986e+00  1.430000e+01
     vertex -1.045555e+00  3.129986e+00  1.130000e+01
     vertex -9.592932e-01  3.157492e+00  1.430000e+01
   endloop
 endfacet
 facet normal  3.298166e-01 -9.440450e-01 -6.749765e-19
   outer loop
     vertex -1.131030e+00  3.100125e+00  1.430000e+01
     vertex -1.045555e+00  3.129986e+00  1.130000e+01
     vertex -1.045555e+00  3.129986e+00  1.430000e+01
   endloop
 endfacet
 facet normal  3.298166e-01 -9.440450e-01  0.000000e+00
   outer loop
     vertex -1.131030e+00  3.100125e+00  1.430000e+01
     vertex -1.131030e+00  3.100125e+00  1.130000e+01
     vertex -1.045555e+00  3.129986e+00  1.130000e+01
   endloop
 endfacet
 facet normal  3.555914e-01 -9.346415e-01  6.751344e-19
   outer loop
     vertex -1.215653e+00  3.067929e+00  1.430000e+01
     vertex -1.131030e+00  3.100125e+00  1.130000e+01
     vertex -1.131030e+00  3.100125e+00  1.430000e+01
   endloop
 endfacet
 facet normal  3.555914e-01 -9.346415e-01  0.000000e+00
   outer loop
     vertex -1.215653e+00  3.067929e+00  1.430000e+01
     vertex -1.215653e+00  3.067929e+00  1.130000e+01
     vertex -1.131030e+00  3.100125e+00  1.130000e+01
   endloop
 endfacet
 facet normal  4.063188e-01 -9.137314e-01  0.000000e+00
   outer loop
     vertex -1.299361e+00  3.033424e+00  1.430000e+01
     vertex -1.382091e+00  2.996636e+00  1.130000e+01
     vertex -1.299361e+00  3.033424e+00  1.130000e+01
   endloop
 endfacet
 facet normal  3.810986e-01 -9.245344e-01  7.043297e-19
   outer loop
     vertex -1.299361e+00  3.033424e+00  1.430000e+01
     vertex -1.215653e+00  3.067929e+00  1.130000e+01
     vertex -1.215653e+00  3.067929e+00  1.430000e+01
   endloop
 endfacet
 facet normal  3.810986e-01 -9.245344e-01  0.000000e+00
   outer loop
     vertex -1.299361e+00  3.033424e+00  1.430000e+01
     vertex -1.299361e+00  3.033424e+00  1.130000e+01
     vertex -1.215653e+00  3.067929e+00  1.130000e+01
   endloop
 endfacet
 facet normal  4.063188e-01 -9.137314e-01  0.000000e+00
   outer loop
     vertex -1.382091e+00  2.996636e+00  1.430000e+01
     vertex -1.382091e+00  2.996636e+00  1.130000e+01
     vertex -1.299361e+00  3.033424e+00  1.430000e+01
   endloop
 endfacet
 facet normal  4.312333e-01 -9.022405e-01  0.000000e+00
   outer loop
     vertex -1.463781e+00  2.957591e+00  1.430000e+01
     vertex -1.463781e+00  2.957591e+00  1.130000e+01
     vertex -1.382091e+00  2.996636e+00  1.130000e+01
   endloop
 endfacet
 facet normal  4.312333e-01 -9.022405e-01 -5.108271e-19
   outer loop
     vertex -1.463781e+00  2.957591e+00  1.430000e+01
     vertex -1.382091e+00  2.996636e+00  1.130000e+01
     vertex -1.382091e+00  2.996636e+00  1.430000e+01
   endloop
 endfacet
 facet normal  4.558231e-01 -8.900704e-01  0.000000e+00
   outer loop
     vertex -1.544368e+00  2.916321e+00  1.430000e+01
     vertex -1.544368e+00  2.916321e+00  1.130000e+01
     vertex -1.463781e+00  2.957591e+00  1.130000e+01
   endloop
 endfacet
 facet normal  4.558231e-01 -8.900704e-01  5.208603e-19
   outer loop
     vertex -1.544368e+00  2.916321e+00  1.430000e+01
     vertex -1.463781e+00  2.957591e+00  1.130000e+01
     vertex -1.463781e+00  2.957591e+00  1.430000e+01
   endloop
 endfacet
 facet normal  4.800697e-01 -8.772303e-01  0.000000e+00
   outer loop
     vertex -1.623794e+00  2.872855e+00  1.430000e+01
     vertex -1.623794e+00  2.872855e+00  1.130000e+01
     vertex -1.544368e+00  2.916321e+00  1.130000e+01
   endloop
 endfacet
 facet normal  4.800697e-01 -8.772303e-01 -1.409245e-19
   outer loop
     vertex -1.623794e+00  2.872855e+00  1.430000e+01
     vertex -1.544368e+00  2.916321e+00  1.130000e+01
     vertex -1.544368e+00  2.916321e+00  1.430000e+01
   endloop
 endfacet
 facet normal  5.039550e-01 -8.637299e-01  0.000000e+00
   outer loop
     vertex -1.701997e+00  2.827226e+00  1.430000e+01
     vertex -1.701997e+00  2.827226e+00  1.130000e+01
     vertex -1.623794e+00  2.872855e+00  1.130000e+01
   endloop
 endfacet
 facet normal  5.039550e-01 -8.637299e-01 -5.168696e-19
   outer loop
     vertex -1.701997e+00  2.827226e+00  1.430000e+01
     vertex -1.623794e+00  2.872855e+00  1.130000e+01
     vertex -1.623794e+00  2.872855e+00  1.430000e+01
   endloop
 endfacet
 facet normal  5.274609e-01 -8.495793e-01  0.000000e+00
   outer loop
     vertex -1.778918e+00  2.779469e+00  1.430000e+01
     vertex -1.778918e+00  2.779469e+00  1.130000e+01
     vertex -1.701997e+00  2.827226e+00  1.130000e+01
   endloop
 endfacet
 facet normal  5.274609e-01 -8.495793e-01 -1.027513e-19
   outer loop
     vertex -1.778918e+00  2.779469e+00  1.430000e+01
     vertex -1.701997e+00  2.827226e+00  1.130000e+01
     vertex -1.701997e+00  2.827226e+00  1.430000e+01
   endloop
 endfacet
 facet normal  5.505698e-01 -8.347891e-01  0.000000e+00
   outer loop
     vertex -1.854501e+00  2.729620e+00  1.430000e+01
     vertex -1.854501e+00  2.729620e+00  1.130000e+01
     vertex -1.778918e+00  2.779469e+00  1.130000e+01
   endloop
 endfacet
 facet normal  5.505698e-01 -8.347891e-01 -7.388212e-19
   outer loop
     vertex -1.854501e+00  2.729620e+00  1.430000e+01
     vertex -1.778918e+00  2.779469e+00  1.130000e+01
     vertex -1.778918e+00  2.779469e+00  1.430000e+01
   endloop
 endfacet
 facet normal  5.732642e-01 -8.193706e-01  0.000000e+00
   outer loop
     vertex -1.928687e+00  2.677716e+00  1.430000e+01
     vertex -1.928687e+00  2.677716e+00  1.130000e+01
     vertex -1.854501e+00  2.729620e+00  1.130000e+01
   endloop
 endfacet
 facet normal  5.955271e-01 -8.033352e-01  0.000000e+00
   outer loop
     vertex -1.928687e+00  2.677716e+00  1.430000e+01
     vertex -2.001422e+00  2.623797e+00  1.130000e+01
     vertex -1.928687e+00  2.677716e+00  1.130000e+01
   endloop
 endfacet
 facet normal  5.732642e-01 -8.193706e-01 -7.330198e-20
   outer loop
     vertex -1.928687e+00  2.677716e+00  1.430000e+01
     vertex -1.854501e+00  2.729620e+00  1.130000e+01
     vertex -1.854501e+00  2.729620e+00  1.430000e+01
   endloop
 endfacet
 facet normal  5.955271e-01 -8.033352e-01  0.000000e+00
   outer loop
     vertex -2.001422e+00  2.623797e+00  1.430000e+01
     vertex -2.001422e+00  2.623797e+00  1.130000e+01
     vertex -1.928687e+00  2.677716e+00  1.430000e+01
   endloop
 endfacet
 facet normal  6.173417e-01 -7.866951e-01  0.000000e+00
   outer loop
     vertex -2.072650e+00  2.567902e+00  1.430000e+01
     vertex -2.072650e+00  2.567902e+00  1.130000e+01
     vertex -2.001422e+00  2.623797e+00  1.130000e+01
   endloop
 endfacet
 facet normal  6.386916e-01 -7.694628e-01  0.000000e+00
   outer loop
     vertex -2.072650e+00  2.567902e+00  1.430000e+01
     vertex -2.142318e+00  2.510075e+00  1.130000e+01
     vertex -2.072650e+00  2.567902e+00  1.130000e+01
   endloop
 endfacet
 facet normal  6.173417e-01 -7.866951e-01 -1.564179e-18
   outer loop
     vertex -2.072650e+00  2.567902e+00  1.430000e+01
     vertex -2.001422e+00  2.623797e+00  1.130000e+01
     vertex -2.001422e+00  2.623797e+00  1.430000e+01
   endloop
 endfacet
 facet normal  6.595607e-01 -7.516513e-01  0.000000e+00
   outer loop
     vertex -2.142318e+00  2.510075e+00  1.430000e+01
     vertex -2.210373e+00  2.450357e+00  1.130000e+01
     vertex -2.142318e+00  2.510075e+00  1.130000e+01
   endloop
 endfacet
 facet normal  6.386916e-01 -7.694628e-01  0.000000e+00
   outer loop
     vertex -2.142318e+00  2.510075e+00  1.430000e+01
     vertex -2.142318e+00  2.510075e+00  1.130000e+01
     vertex -2.072650e+00  2.567902e+00  1.430000e+01
   endloop
 endfacet
 facet normal  6.595607e-01 -7.516513e-01  0.000000e+00
   outer loop
     vertex -2.210373e+00  2.450357e+00  1.430000e+01
     vertex -2.210373e+00  2.450357e+00  1.130000e+01
     vertex -2.142318e+00  2.510075e+00  1.430000e+01
   endloop
 endfacet
 facet normal  6.799333e-01 -7.332740e-01  0.000000e+00
   outer loop
     vertex -2.276764e+00  2.388796e+00  1.430000e+01
     vertex -2.276764e+00  2.388796e+00  1.130000e+01
     vertex -2.210373e+00  2.450357e+00  1.130000e+01
   endloop
 endfacet
 facet normal  6.997940e-01 -7.143447e-01  0.000000e+00
   outer loop
     vertex -2.276764e+00  2.388796e+00  1.430000e+01
     vertex -2.341442e+00  2.325436e+00  1.130000e+01
     vertex -2.276764e+00  2.388796e+00  1.130000e+01
   endloop
 endfacet
 facet normal  6.799333e-01 -7.332740e-01 -7.137285e-19
   outer loop
     vertex -2.276764e+00  2.388796e+00  1.430000e+01
     vertex -2.210373e+00  2.450357e+00  1.130000e+01
     vertex -2.210373e+00  2.450357e+00  1.430000e+01
   endloop
 endfacet
 facet normal  6.997940e-01 -7.143447e-01  0.000000e+00
   outer loop
     vertex -2.341442e+00  2.325436e+00  1.430000e+01
     vertex -2.341442e+00  2.325436e+00  1.130000e+01
     vertex -2.276764e+00  2.388796e+00  1.430000e+01
   endloop
 endfacet
 facet normal  7.191280e-01 -6.948776e-01 -6.557391e-19
   outer loop
     vertex -2.404356e+00  2.260325e+00  1.430000e+01
     vertex -2.341442e+00  2.325436e+00  1.130000e+01
     vertex -2.341442e+00  2.325436e+00  1.430000e+01
   endloop
 endfacet
 facet normal  7.191280e-01 -6.948776e-01  0.000000e+00
   outer loop
     vertex -2.404356e+00  2.260325e+00  1.430000e+01
     vertex -2.404356e+00  2.260325e+00  1.130000e+01
     vertex -2.341442e+00  2.325436e+00  1.130000e+01
   endloop
 endfacet
 facet normal  7.379206e-01 -6.748875e-01  2.496172e-19
   outer loop
     vertex -2.465461e+00  2.193513e+00  1.430000e+01
     vertex -2.404356e+00  2.260325e+00  1.130000e+01
     vertex -2.404356e+00  2.260325e+00  1.430000e+01
   endloop
 endfacet
 facet normal  7.379206e-01 -6.748875e-01  0.000000e+00
   outer loop
     vertex -2.465461e+00  2.193513e+00  1.430000e+01
     vertex -2.465461e+00  2.193513e+00  1.130000e+01
     vertex -2.404356e+00  2.260325e+00  1.130000e+01
   endloop
 endfacet
 facet normal  7.561578e-01 -6.543893e-01  1.556591e-18
   outer loop
     vertex -2.524710e+00  2.125050e+00  1.430000e+01
     vertex -2.465461e+00  2.193513e+00  1.130000e+01
     vertex -2.465461e+00  2.193513e+00  1.430000e+01
   endloop
 endfacet
 facet normal  7.561578e-01 -6.543893e-01  0.000000e+00
   outer loop
     vertex -2.524710e+00  2.125050e+00  1.430000e+01
     vertex -2.524710e+00  2.125050e+00  1.130000e+01
     vertex -2.465461e+00  2.193513e+00  1.130000e+01
   endloop
 endfacet
 facet normal  7.738257e-01 -6.333986e-01  0.000000e+00
   outer loop
     vertex -2.524710e+00  2.125050e+00  1.430000e+01
     vertex -2.582059e+00  2.054987e+00  1.130000e+01
     vertex -2.524710e+00  2.125050e+00  1.130000e+01
   endloop
 endfacet
 facet normal  7.738257e-01 -6.333986e-01  0.000000e+00
   outer loop
     vertex -2.582059e+00  2.054987e+00  1.430000e+01
     vertex -2.582059e+00  2.054987e+00  1.130000e+01
     vertex -2.524710e+00  2.125050e+00  1.430000e+01
   endloop
 endfacet
 facet normal  7.909112e-01 -6.119310e-01  9.662634e-19
   outer loop
     vertex -2.637464e+00  1.983377e+00  1.430000e+01
     vertex -2.582059e+00  2.054987e+00  1.130000e+01
     vertex -2.582059e+00  2.054987e+00  1.430000e+01
   endloop
 endfacet
 facet normal  7.909112e-01 -6.119310e-01  0.000000e+00
   outer loop
     vertex -2.637464e+00  1.983377e+00  1.430000e+01
     vertex -2.637464e+00  1.983377e+00  1.130000e+01
     vertex -2.582059e+00  2.054987e+00  1.130000e+01
   endloop
 endfacet
 facet normal  8.074012e-01 -5.900028e-01  0.000000e+00
   outer loop
     vertex -2.690883e+00  1.910275e+00  1.430000e+01
     vertex -2.690883e+00  1.910275e+00  1.130000e+01
     vertex -2.637464e+00  1.983377e+00  1.130000e+01
   endloop
 endfacet
 facet normal  8.074012e-01 -5.900028e-01  6.008382e-19
   outer loop
     vertex -2.690883e+00  1.910275e+00  1.430000e+01
     vertex -2.637464e+00  1.983377e+00  1.130000e+01
     vertex -2.637464e+00  1.983377e+00  1.430000e+01
   endloop
 endfacet
 facet normal  8.232835e-01 -5.676304e-01  0.000000e+00
   outer loop
     vertex -2.742277e+00  1.835734e+00  1.430000e+01
     vertex -2.742277e+00  1.835734e+00  1.130000e+01
     vertex -2.690883e+00  1.910275e+00  1.130000e+01
   endloop
 endfacet
 facet normal  8.232835e-01 -5.676304e-01 -3.427833e-19
   outer loop
     vertex -2.742277e+00  1.835734e+00  1.430000e+01
     vertex -2.690883e+00  1.910275e+00  1.130000e+01
     vertex -2.690883e+00  1.910275e+00  1.430000e+01
   endloop
 endfacet
 facet normal  8.385460e-01 -5.448308e-01  0.000000e+00
   outer loop
     vertex -2.791606e+00  1.759811e+00  1.430000e+01
     vertex -2.791606e+00  1.759811e+00  1.130000e+01
     vertex -2.742277e+00  1.835734e+00  1.130000e+01
   endloop
 endfacet
 facet normal  8.385460e-01 -5.448308e-01 -5.920530e-19
   outer loop
     vertex -2.791606e+00  1.759811e+00  1.430000e+01
     vertex -2.742277e+00  1.835734e+00  1.130000e+01
     vertex -2.742277e+00  1.835734e+00  1.430000e+01
   endloop
 endfacet
 facet normal  8.531773e-01 -5.216210e-01  0.000000e+00
   outer loop
     vertex -2.838834e+00  1.682564e+00  1.430000e+01
     vertex -2.838834e+00  1.682564e+00  1.130000e+01
     vertex -2.791606e+00  1.759811e+00  1.130000e+01
   endloop
 endfacet
 facet normal  8.531773e-01 -5.216210e-01 -3.200239e-19
   outer loop
     vertex -2.838834e+00  1.682564e+00  1.430000e+01
     vertex -2.791606e+00  1.759811e+00  1.130000e+01
     vertex -2.791606e+00  1.759811e+00  1.430000e+01
   endloop
 endfacet
 facet normal  8.671664e-01 -4.980186e-01  0.000000e+00
   outer loop
     vertex -2.883925e+00  1.604050e+00  1.430000e+01
     vertex -2.883925e+00  1.604050e+00  1.130000e+01
     vertex -2.838834e+00  1.682564e+00  1.130000e+01
   endloop
 endfacet
 facet normal  8.671664e-01 -4.980186e-01 -7.737862e-19
   outer loop
     vertex -2.883925e+00  1.604050e+00  1.430000e+01
     vertex -2.838834e+00  1.682564e+00  1.130000e+01
     vertex -2.838834e+00  1.682564e+00  1.430000e+01
   endloop
 endfacet
 facet normal  8.805026e-01 -4.740412e-01  0.000000e+00
   outer loop
     vertex -2.926845e+00  1.524328e+00  1.430000e+01
     vertex -2.926845e+00  1.524328e+00  1.130000e+01
     vertex -2.883925e+00  1.604050e+00  1.130000e+01
   endloop
 endfacet
 facet normal  8.805026e-01 -4.740412e-01 -4.637138e-20
   outer loop
     vertex -2.926845e+00  1.524328e+00  1.430000e+01
     vertex -2.883925e+00  1.604050e+00  1.130000e+01
     vertex -2.883925e+00  1.604050e+00  1.430000e+01
   endloop
 endfacet
 facet normal  8.931761e-01 -4.497071e-01  0.000000e+00
   outer loop
     vertex -2.967562e+00  1.443459e+00  1.430000e+01
     vertex -2.967562e+00  1.443459e+00  1.130000e+01
     vertex -2.926845e+00  1.524328e+00  1.130000e+01
   endloop
 endfacet
 facet normal  8.931761e-01 -4.497071e-01  4.534356e-19
   outer loop
     vertex -2.967562e+00  1.443459e+00  1.430000e+01
     vertex -2.926845e+00  1.524328e+00  1.130000e+01
     vertex -2.926845e+00  1.524328e+00  1.430000e+01
   endloop
 endfacet
 facet normal  9.051772e-01 -4.250344e-01  0.000000e+00
   outer loop
     vertex -3.006045e+00  1.361504e+00  1.430000e+01
     vertex -3.006045e+00  1.361504e+00  1.130000e+01
     vertex -2.967562e+00  1.443459e+00  1.130000e+01
   endloop
 endfacet
 facet normal  9.164969e-01 -4.000417e-01  0.000000e+00
   outer loop
     vertex -3.006045e+00  1.361504e+00  1.430000e+01
     vertex -3.042265e+00  1.278523e+00  1.130000e+01
     vertex -3.006045e+00  1.361504e+00  1.130000e+01
   endloop
 endfacet
 facet normal  9.051772e-01 -4.250344e-01  6.819986e-20
   outer loop
     vertex -3.006045e+00  1.361504e+00  1.430000e+01
     vertex -2.967562e+00  1.443459e+00  1.130000e+01
     vertex -2.967562e+00  1.443459e+00  1.430000e+01
   endloop
 endfacet
 facet normal  9.271267e-01 -3.747479e-01  0.000000e+00
   outer loop
     vertex -3.042265e+00  1.278523e+00  1.430000e+01
     vertex -3.076195e+00  1.194580e+00  1.130000e+01
     vertex -3.042265e+00  1.278523e+00  1.130000e+01
   endloop
 endfacet
 facet normal  9.164969e-01 -4.000417e-01  0.000000e+00
   outer loop
     vertex -3.042265e+00  1.278523e+00  1.430000e+01
     vertex -3.042265e+00  1.278523e+00  1.130000e+01
     vertex -3.006045e+00  1.361504e+00  1.430000e+01
   endloop
 endfacet
 facet normal  9.271267e-01 -3.747479e-01  0.000000e+00
   outer loop
     vertex -3.076195e+00  1.194580e+00  1.430000e+01
     vertex -3.076195e+00  1.194580e+00  1.130000e+01
     vertex -3.042265e+00  1.278523e+00  1.430000e+01
   endloop
 endfacet
 facet normal  9.370586e-01 -3.491720e-01  0.000000e+00
   outer loop
     vertex -3.107810e+00  1.109738e+00  1.430000e+01
     vertex -3.107810e+00  1.109738e+00  1.130000e+01
     vertex -3.076195e+00  1.194580e+00  1.130000e+01
   endloop
 endfacet
 facet normal  9.370586e-01 -3.491720e-01  5.888096e-19
   outer loop
     vertex -3.107810e+00  1.109738e+00  1.430000e+01
     vertex -3.076195e+00  1.194580e+00  1.130000e+01
     vertex -3.076195e+00  1.194580e+00  1.430000e+01
   endloop
 endfacet
 facet normal  9.462851e-01 -3.233333e-01  0.000000e+00
   outer loop
     vertex -3.137085e+00  1.024061e+00  1.430000e+01
     vertex -3.137085e+00  1.024061e+00  1.130000e+01
     vertex -3.107810e+00  1.109738e+00  1.130000e+01
   endloop
 endfacet
 facet normal  9.462851e-01 -3.233333e-01  5.333331e-19
   outer loop
     vertex -3.137085e+00  1.024061e+00  1.430000e+01
     vertex -3.107810e+00  1.109738e+00  1.130000e+01
     vertex -3.107810e+00  1.109738e+00  1.430000e+01
   endloop
 endfacet
 facet normal  9.547993e-01 -2.972512e-01  0.000000e+00
   outer loop
     vertex -3.163998e+00  9.376124e-01  1.430000e+01
     vertex -3.163998e+00  9.376124e-01  1.130000e+01
     vertex -3.137085e+00  1.024061e+00  1.130000e+01
   endloop
 endfacet
 facet normal  9.547993e-01 -2.972512e-01 -3.732887e-19
   outer loop
     vertex -3.163998e+00  9.376124e-01  1.430000e+01
     vertex -3.137085e+00  1.024061e+00  1.130000e+01
     vertex -3.137085e+00  1.024061e+00  1.430000e+01
   endloop
 endfacet
 facet normal  9.625948e-01 -2.709453e-01  0.000000e+00
   outer loop
     vertex -3.188530e+00  8.504582e-01  1.430000e+01
     vertex -3.188530e+00  8.504582e-01  1.130000e+01
     vertex -3.163998e+00  9.376124e-01  1.130000e+01
   endloop
 endfacet
 facet normal  9.625948e-01 -2.709453e-01  3.532110e-19
   outer loop
     vertex -3.188530e+00  8.504582e-01  1.430000e+01
     vertex -3.163998e+00  9.376124e-01  1.130000e+01
     vertex -3.163998e+00  9.376124e-01  1.430000e+01
   endloop
 endfacet
 facet normal  9.696656e-01 -2.444354e-01  0.000000e+00
   outer loop
     vertex -3.210661e+00  7.626638e-01  1.430000e+01
     vertex -3.210661e+00  7.626638e-01  1.130000e+01
     vertex -3.188530e+00  8.504582e-01  1.130000e+01
   endloop
 endfacet
 facet normal  9.760065e-01 -2.177416e-01  0.000000e+00
   outer loop
     vertex -3.210661e+00  7.626638e-01  1.430000e+01
     vertex -3.230375e+00  6.742953e-01  1.130000e+01
     vertex -3.210661e+00  7.626638e-01  1.130000e+01
   endloop
 endfacet
 facet normal  9.696656e-01 -2.444354e-01  1.777335e-19
   outer loop
     vertex -3.210661e+00  7.626638e-01  1.430000e+01
     vertex -3.188530e+00  8.504582e-01  1.130000e+01
     vertex -3.188530e+00  8.504582e-01  1.430000e+01
   endloop
 endfacet
 facet normal  9.760065e-01 -2.177416e-01  0.000000e+00
   outer loop
     vertex -3.230375e+00  6.742953e-01  1.430000e+01
     vertex -3.230375e+00  6.742953e-01  1.130000e+01
     vertex -3.210661e+00  7.626638e-01  1.430000e+01
   endloop
 endfacet
 facet normal  9.816126e-01 -1.908838e-01  0.000000e+00
   outer loop
     vertex -3.247658e+00  5.854193e-01  1.430000e+01
     vertex -3.247658e+00  5.854193e-01  1.130000e+01
     vertex -3.230375e+00  6.742953e-01  1.130000e+01
   endloop
 endfacet
 facet normal  9.864799e-01 -1.638824e-01  0.000000e+00
   outer loop
     vertex -3.247658e+00  5.854193e-01  1.430000e+01
     vertex -3.262496e+00  4.961025e-01  1.130000e+01
     vertex -3.247658e+00  5.854193e-01  1.130000e+01
   endloop
 endfacet
 facet normal  9.816126e-01 -1.908838e-01  1.101348e-19
   outer loop
     vertex -3.247658e+00  5.854193e-01  1.430000e+01
     vertex -3.230375e+00  6.742953e-01  1.130000e+01
     vertex -3.230375e+00  6.742953e-01  1.430000e+01
   endloop
 endfacet
 facet normal  9.864799e-01 -1.638824e-01  0.000000e+00
   outer loop
     vertex -3.262496e+00  4.961025e-01  1.430000e+01
     vertex -3.262496e+00  4.961025e-01  1.130000e+01
     vertex -3.247658e+00  5.854193e-01  1.430000e+01
   endloop
 endfacet
 facet normal  9.906046e-01 -1.367575e-01  0.000000e+00
   outer loop
     vertex -3.274878e+00  4.064123e-01  1.430000e+01
     vertex -3.274878e+00  4.064123e-01  1.130000e+01
     vertex -3.262496e+00  4.961025e-01  1.130000e+01
   endloop
 endfacet
 facet normal  9.939835e-01 -1.095298e-01  0.000000e+00
   outer loop
     vertex -3.274878e+00  4.064123e-01  1.430000e+01
     vertex -3.284795e+00  3.164162e-01  1.130000e+01
     vertex -3.274878e+00  4.064123e-01  1.130000e+01
   endloop
 endfacet
 facet normal  9.906046e-01 -1.367575e-01  2.933792e-19
   outer loop
     vertex -3.274878e+00  4.064123e-01  1.430000e+01
     vertex -3.262496e+00  4.961025e-01  1.130000e+01
     vertex -3.262496e+00  4.961025e-01  1.430000e+01
   endloop
 endfacet
 facet normal  9.939835e-01 -1.095298e-01  0.000000e+00
   outer loop
     vertex -3.284795e+00  3.164162e-01  1.430000e+01
     vertex -3.284795e+00  3.164162e-01  1.130000e+01
     vertex -3.274878e+00  4.064123e-01  1.430000e+01
   endloop
 endfacet
 facet normal  9.966142e-01 -8.221955e-02  1.362666e-19
   outer loop
     vertex -3.292240e+00  2.261818e-01  1.430000e+01
     vertex -3.284795e+00  3.164162e-01  1.130000e+01
     vertex -3.284795e+00  3.164162e-01  1.430000e+01
   endloop
 endfacet
 facet normal  9.966142e-01 -8.221955e-02  0.000000e+00
   outer loop
     vertex -3.292240e+00  2.261818e-01  1.430000e+01
     vertex -3.292240e+00  2.261818e-01  1.130000e+01
     vertex -3.284795e+00  3.164162e-01  1.130000e+01
   endloop
 endfacet
 facet normal  9.984947e-01 -5.484744e-02  1.577312e-20
   outer loop
     vertex -3.297206e+00  1.357772e-01  1.430000e+01
     vertex -3.292240e+00  2.261818e-01  1.130000e+01
     vertex -3.292240e+00  2.261818e-01  1.430000e+01
   endloop
 endfacet
 facet normal  9.984947e-01 -5.484744e-02  0.000000e+00
   outer loop
     vertex -3.297206e+00  1.357772e-01  1.430000e+01
     vertex -3.297206e+00  1.357772e-01  1.130000e+01
     vertex -3.292240e+00  2.261818e-01  1.130000e+01
   endloop
 endfacet
 facet normal  9.996236e-01 -2.743405e-02  2.439439e-20
   outer loop
     vertex -3.299689e+00  4.527044e-02  1.430000e+01
     vertex -3.297206e+00  1.357772e-01  1.130000e+01
     vertex -3.297206e+00  1.357772e-01  1.430000e+01
   endloop
 endfacet
 facet normal  9.996236e-01 -2.743405e-02  0.000000e+00
   outer loop
     vertex -3.299689e+00  4.527044e-02  1.430000e+01
     vertex -3.299689e+00  4.527044e-02  1.130000e+01
     vertex -3.297206e+00  1.357772e-01  1.130000e+01
   endloop
 endfacet
 facet normal  1.000000e+00  4.904848e-15  0.000000e+00
   outer loop
     vertex -3.299689e+00  4.527044e-02  1.430000e+01
     vertex -3.299689e+00 -4.527044e-02  1.130000e+01
     vertex -3.299689e+00  4.527044e-02  1.130000e+01
   endloop
 endfacet
 facet normal  1.000000e+00  4.904848e-15  0.000000e+00
   outer loop
     vertex -3.299689e+00 -4.527044e-02  1.430000e+01
     vertex -3.299689e+00 -4.527044e-02  1.130000e+01
     vertex -3.299689e+00  4.527044e-02  1.430000e+01
   endloop
 endfacet
 facet normal  9.996236e-01  2.743405e-02  0.000000e+00
   outer loop
     vertex -3.299689e+00 -4.527044e-02  1.430000e+01
     vertex -3.297206e+00 -1.357772e-01  1.130000e+01
     vertex -3.299689e+00 -4.527044e-02  1.130000e+01
   endloop
 endfacet
 facet normal  9.996236e-01  2.743405e-02  0.000000e+00
   outer loop
     vertex -3.297206e+00 -1.357772e-01  1.430000e+01
     vertex -3.297206e+00 -1.357772e-01  1.130000e+01
     vertex -3.299689e+00 -4.527044e-02  1.430000e+01
   endloop
 endfacet
 facet normal  9.984947e-01  5.484744e-02 -2.612183e-20
   outer loop
     vertex -3.292240e+00 -2.261818e-01  1.430000e+01
     vertex -3.297206e+00 -1.357772e-01  1.130000e+01
     vertex -3.297206e+00 -1.357772e-01  1.430000e+01
   endloop
 endfacet
 facet normal  9.984947e-01  5.484744e-02  0.000000e+00
   outer loop
     vertex -3.292240e+00 -2.261818e-01  1.430000e+01
     vertex -3.292240e+00 -2.261818e-01  1.130000e+01
     vertex -3.297206e+00 -1.357772e-01  1.130000e+01
   endloop
 endfacet
 facet normal  9.966142e-01  8.221955e-02 -8.942196e-20
   outer loop
     vertex -3.284795e+00 -3.164162e-01  1.430000e+01
     vertex -3.292240e+00 -2.261818e-01  1.130000e+01
     vertex -3.292240e+00 -2.261818e-01  1.430000e+01
   endloop
 endfacet
 facet normal  9.966142e-01  8.221955e-02  0.000000e+00
   outer loop
     vertex -3.284795e+00 -3.164162e-01  1.430000e+01
     vertex -3.284795e+00 -3.164162e-01  1.130000e+01
     vertex -3.292240e+00 -2.261818e-01  1.130000e+01
   endloop
 endfacet
 facet normal  9.939835e-01  1.095298e-01  0.000000e+00
   outer loop
     vertex -3.284795e+00 -3.164162e-01  1.430000e+01
     vertex -3.274878e+00 -4.064123e-01  1.130000e+01
     vertex -3.284795e+00 -3.164162e-01  1.130000e+01
   endloop
 endfacet
 facet normal  9.939835e-01  1.095298e-01  0.000000e+00
   outer loop
     vertex -3.274878e+00 -4.064123e-01  1.430000e+01
     vertex -3.274878e+00 -4.064123e-01  1.130000e+01
     vertex -3.284795e+00 -3.164162e-01  1.430000e+01
   endloop
 endfacet
 facet normal  9.906046e-01  1.367575e-01  9.323495e-20
   outer loop
     vertex -3.262496e+00 -4.961025e-01  1.430000e+01
     vertex -3.274878e+00 -4.064123e-01  1.130000e+01
     vertex -3.274878e+00 -4.064123e-01  1.430000e+01
   endloop
 endfacet
 facet normal  9.906046e-01  1.367575e-01  0.000000e+00
   outer loop
     vertex -3.262496e+00 -4.961025e-01  1.430000e+01
     vertex -3.262496e+00 -4.961025e-01  1.130000e+01
     vertex -3.274878e+00 -4.064123e-01  1.130000e+01
   endloop
 endfacet
 facet normal  9.864799e-01  1.638824e-01  3.591058e-19
   outer loop
     vertex -3.247658e+00 -5.854193e-01  1.430000e+01
     vertex -3.262496e+00 -4.961025e-01  1.130000e+01
     vertex -3.262496e+00 -4.961025e-01  1.430000e+01
   endloop
 endfacet
 facet normal  9.864799e-01  1.638824e-01  0.000000e+00
   outer loop
     vertex -3.247658e+00 -5.854193e-01  1.430000e+01
     vertex -3.247658e+00 -5.854193e-01  1.130000e+01
     vertex -3.262496e+00 -4.961025e-01  1.130000e+01
   endloop
 endfacet
 facet normal  9.816126e-01  1.908838e-01  0.000000e+00
   outer loop
     vertex -3.247658e+00 -5.854193e-01  1.430000e+01
     vertex -3.230375e+00 -6.742953e-01  1.130000e+01
     vertex -3.247658e+00 -5.854193e-01  1.130000e+01
   endloop
 endfacet
 facet normal  9.816126e-01  1.908838e-01  0.000000e+00
   outer loop
     vertex -3.230375e+00 -6.742953e-01  1.430000e+01
     vertex -3.230375e+00 -6.742953e-01  1.130000e+01
     vertex -3.247658e+00 -5.854193e-01  1.430000e+01
   endloop
 endfacet
 facet normal  9.760065e-01  2.177416e-01  0.000000e+00
   outer loop
     vertex -3.210661e+00 -7.626638e-01  1.430000e+01
     vertex -3.210661e+00 -7.626638e-01  1.130000e+01
     vertex -3.230375e+00 -6.742953e-01  1.130000e+01
   endloop
 endfacet
 facet normal  9.760065e-01  2.177416e-01 -2.051261e-19
   outer loop
     vertex -3.210661e+00 -7.626638e-01  1.430000e+01
     vertex -3.230375e+00 -6.742953e-01  1.130000e+01
     vertex -3.230375e+00 -6.742953e-01  1.430000e+01
   endloop
 endfacet
 facet normal  9.696656e-01  2.444354e-01  0.000000e+00
   outer loop
     vertex -3.188530e+00 -8.504582e-01  1.430000e+01
     vertex -3.188530e+00 -8.504582e-01  1.130000e+01
     vertex -3.210661e+00 -7.626638e-01  1.130000e+01
   endloop
 endfacet
 facet normal  9.625948e-01  2.709453e-01  0.000000e+00
   outer loop
     vertex -3.188530e+00 -8.504582e-01  1.430000e+01
     vertex -3.163998e+00 -9.376124e-01  1.130000e+01
     vertex -3.188530e+00 -8.504582e-01  1.130000e+01
   endloop
 endfacet
 facet normal  9.696656e-01  2.444354e-01 -1.323881e-19
   outer loop
     vertex -3.188530e+00 -8.504582e-01  1.430000e+01
     vertex -3.210661e+00 -7.626638e-01  1.130000e+01
     vertex -3.210661e+00 -7.626638e-01  1.430000e+01
   endloop
 endfacet
 facet normal  9.625948e-01  2.709453e-01  0.000000e+00
   outer loop
     vertex -3.163998e+00 -9.376124e-01  1.430000e+01
     vertex -3.163998e+00 -9.376124e-01  1.130000e+01
     vertex -3.188530e+00 -8.504582e-01  1.430000e+01
   endloop
 endfacet
 facet normal  9.547993e-01  2.972512e-01  0.000000e+00
   outer loop
     vertex -3.137085e+00 -1.024061e+00  1.430000e+01
     vertex -3.137085e+00 -1.024061e+00  1.130000e+01
     vertex -3.163998e+00 -9.376124e-01  1.130000e+01
   endloop
 endfacet
 facet normal  9.547993e-01  2.972512e-01 -2.282941e-19
   outer loop
     vertex -3.137085e+00 -1.024061e+00  1.430000e+01
     vertex -3.163998e+00 -9.376124e-01  1.130000e+01
     vertex -3.163998e+00 -9.376124e-01  1.430000e+01
   endloop
 endfacet
 facet normal  9.462851e-01  3.233333e-01  0.000000e+00
   outer loop
     vertex -3.107810e+00 -1.109738e+00  1.430000e+01
     vertex -3.107810e+00 -1.109738e+00  1.130000e+01
     vertex -3.137085e+00 -1.024061e+00  1.130000e+01
   endloop
 endfacet
 facet normal  9.370586e-01  3.491720e-01  0.000000e+00
   outer loop
     vertex -3.107810e+00 -1.109738e+00  1.430000e+01
     vertex -3.076195e+00 -1.194580e+00  1.130000e+01
     vertex -3.107810e+00 -1.109738e+00  1.130000e+01
   endloop
 endfacet
 facet normal  9.462851e-01  3.233333e-01 -1.262070e-19
   outer loop
     vertex -3.107810e+00 -1.109738e+00  1.430000e+01
     vertex -3.137085e+00 -1.024061e+00  1.130000e+01
     vertex -3.137085e+00 -1.024061e+00  1.430000e+01
   endloop
 endfacet
 facet normal  9.370586e-01  3.491720e-01  0.000000e+00
   outer loop
     vertex -3.076195e+00 -1.194580e+00  1.430000e+01
     vertex -3.076195e+00 -1.194580e+00  1.130000e+01
     vertex -3.107810e+00 -1.109738e+00  1.430000e+01
   endloop
 endfacet
 facet normal  9.271267e-01  3.747479e-01  0.000000e+00
   outer loop
     vertex -3.042265e+00 -1.278523e+00  1.430000e+01
     vertex -3.042265e+00 -1.278523e+00  1.130000e+01
     vertex -3.076195e+00 -1.194580e+00  1.130000e+01
   endloop
 endfacet
 facet normal  9.271267e-01  3.747479e-01 -3.989759e-19
   outer loop
     vertex -3.042265e+00 -1.278523e+00  1.430000e+01
     vertex -3.076195e+00 -1.194580e+00  1.130000e+01
     vertex -3.076195e+00 -1.194580e+00  1.430000e+01
   endloop
 endfacet
 facet normal  9.164969e-01  4.000417e-01  0.000000e+00
   outer loop
     vertex -3.006045e+00 -1.361504e+00  1.430000e+01
     vertex -3.006045e+00 -1.361504e+00  1.130000e+01
     vertex -3.042265e+00 -1.278523e+00  1.130000e+01
   endloop
 endfacet
 facet normal  9.164969e-01  4.000417e-01 -2.088085e-19
   outer loop
     vertex -3.006045e+00 -1.361504e+00  1.430000e+01
     vertex -3.042265e+00 -1.278523e+00  1.130000e+01
     vertex -3.042265e+00 -1.278523e+00  1.430000e+01
   endloop
 endfacet
 facet normal  9.051772e-01  4.250344e-01  0.000000e+00
   outer loop
     vertex -2.967562e+00 -1.443459e+00  1.430000e+01
     vertex -2.967562e+00 -1.443459e+00  1.130000e+01
     vertex -3.006045e+00 -1.361504e+00  1.130000e+01
   endloop
 endfacet
 facet normal  9.051772e-01  4.250344e-01  5.809517e-19
   outer loop
     vertex -2.967562e+00 -1.443459e+00  1.430000e+01
     vertex -3.006045e+00 -1.361504e+00  1.130000e+01
     vertex -3.006045e+00 -1.361504e+00  1.430000e+01
   endloop
 endfacet
 facet normal  8.931761e-01  4.497071e-01  0.000000e+00
   outer loop
     vertex -2.926845e+00 -1.524328e+00  1.430000e+01
     vertex -2.926845e+00 -1.524328e+00  1.130000e+01
     vertex -2.967562e+00 -1.443459e+00  1.130000e+01
   endloop
 endfacet
 facet normal  8.805026e-01  4.740412e-01  0.000000e+00
   outer loop
     vertex -2.926845e+00 -1.524328e+00  1.430000e+01
     vertex -2.883925e+00 -1.604050e+00  1.130000e+01
     vertex -2.926845e+00 -1.524328e+00  1.130000e+01
   endloop
 endfacet
 facet normal  8.931761e-01  4.497071e-01  2.133593e-19
   outer loop
     vertex -2.926845e+00 -1.524328e+00  1.430000e+01
     vertex -2.967562e+00 -1.443459e+00  1.130000e+01
     vertex -2.967562e+00 -1.443459e+00  1.430000e+01
   endloop
 endfacet
 facet normal  8.805026e-01  4.740412e-01  0.000000e+00
   outer loop
     vertex -2.883925e+00 -1.604050e+00  1.430000e+01
     vertex -2.883925e+00 -1.604050e+00  1.130000e+01
     vertex -2.926845e+00 -1.524328e+00  1.430000e+01
   endloop
 endfacet
 facet normal  8.671664e-01  4.980186e-01  0.000000e+00
   outer loop
     vertex -2.838834e+00 -1.682564e+00  1.430000e+01
     vertex -2.838834e+00 -1.682564e+00  1.130000e+01
     vertex -2.883925e+00 -1.604050e+00  1.130000e+01
   endloop
 endfacet
 facet normal  8.671664e-01  4.980186e-01 -2.216460e-19
   outer loop
     vertex -2.838834e+00 -1.682564e+00  1.430000e+01
     vertex -2.883925e+00 -1.604050e+00  1.130000e+01
     vertex -2.883925e+00 -1.604050e+00  1.430000e+01
   endloop
 endfacet
 facet normal  8.531773e-01  5.216210e-01  0.000000e+00
   outer loop
     vertex -2.791606e+00 -1.759811e+00  1.430000e+01
     vertex -2.791606e+00 -1.759811e+00  1.130000e+01
     vertex -2.838834e+00 -1.682564e+00  1.130000e+01
   endloop
 endfacet
 facet normal  8.531773e-01  5.216210e-01 -6.994304e-19
   outer loop
     vertex -2.791606e+00 -1.759811e+00  1.430000e+01
     vertex -2.838834e+00 -1.682564e+00  1.130000e+01
     vertex -2.838834e+00 -1.682564e+00  1.430000e+01
   endloop
 endfacet
 facet normal  8.385460e-01  5.448308e-01  0.000000e+00
   outer loop
     vertex -2.742277e+00 -1.835734e+00  1.430000e+01
     vertex -2.742277e+00 -1.835734e+00  1.130000e+01
     vertex -2.791606e+00 -1.759811e+00  1.130000e+01
   endloop
 endfacet
 facet normal  8.385460e-01  5.448308e-01  2.224759e-19
   outer loop
     vertex -2.742277e+00 -1.835734e+00  1.430000e+01
     vertex -2.791606e+00 -1.759811e+00  1.130000e+01
     vertex -2.791606e+00 -1.759811e+00  1.430000e+01
   endloop
 endfacet
 facet normal  8.232835e-01  5.676304e-01 -2.096112e-19
   outer loop
     vertex -2.690883e+00 -1.910275e+00  1.430000e+01
     vertex -2.742277e+00 -1.835734e+00  1.130000e+01
     vertex -2.742277e+00 -1.835734e+00  1.430000e+01
   endloop
 endfacet
 facet normal  8.232835e-01  5.676304e-01  0.000000e+00
   outer loop
     vertex -2.690883e+00 -1.910275e+00  1.430000e+01
     vertex -2.690883e+00 -1.910275e+00  1.130000e+01
     vertex -2.742277e+00 -1.835734e+00  1.130000e+01
   endloop
 endfacet
 facet normal  8.074012e-01  5.900028e-01  0.000000e+00
   outer loop
     vertex -2.690883e+00 -1.910275e+00  1.430000e+01
     vertex -2.637464e+00 -1.983377e+00  1.130000e+01
     vertex -2.690883e+00 -1.910275e+00  1.130000e+01
   endloop
 endfacet
 facet normal  8.074012e-01  5.900028e-01  0.000000e+00
   outer loop
     vertex -2.637464e+00 -1.983377e+00  1.430000e+01
     vertex -2.637464e+00 -1.983377e+00  1.130000e+01
     vertex -2.690883e+00 -1.910275e+00  1.430000e+01
   endloop
 endfacet
 facet normal  7.909112e-01  6.119310e-01 -2.559640e-19
   outer loop
     vertex -2.582059e+00 -2.054987e+00  1.430000e+01
     vertex -2.637464e+00 -1.983377e+00  1.130000e+01
     vertex -2.637464e+00 -1.983377e+00  1.430000e+01
   endloop
 endfacet
 facet normal  7.909112e-01  6.119310e-01  0.000000e+00
   outer loop
     vertex -2.582059e+00 -2.054987e+00  1.430000e+01
     vertex -2.582059e+00 -2.054987e+00  1.130000e+01
     vertex -2.637464e+00 -1.983377e+00  1.130000e+01
   endloop
 endfacet
 facet normal  7.738257e-01  6.333986e-01 -1.271213e-18
   outer loop
     vertex -2.524710e+00 -2.125050e+00  1.430000e+01
     vertex -2.582059e+00 -2.054987e+00  1.130000e+01
     vertex -2.582059e+00 -2.054987e+00  1.430000e+01
   endloop
 endfacet
 facet normal  7.738257e-01  6.333986e-01  0.000000e+00
   outer loop
     vertex -2.524710e+00 -2.125050e+00  1.430000e+01
     vertex -2.524710e+00 -2.125050e+00  1.130000e+01
     vertex -2.582059e+00 -2.054987e+00  1.130000e+01
   endloop
 endfacet
 facet normal  7.561578e-01  6.543893e-01  0.000000e+00
   outer loop
     vertex -2.524710e+00 -2.125050e+00  1.430000e+01
     vertex -2.465461e+00 -2.193513e+00  1.130000e+01
     vertex -2.524710e+00 -2.125050e+00  1.130000e+01
   endloop
 endfacet
 facet normal  7.561578e-01  6.543893e-01  0.000000e+00
   outer loop
     vertex -2.465461e+00 -2.193513e+00  1.430000e+01
     vertex -2.465461e+00 -2.193513e+00  1.130000e+01
     vertex -2.524710e+00 -2.125050e+00  1.430000e+01
   endloop
 endfacet
 facet normal  7.379206e-01  6.748875e-01 -9.129684e-19
   outer loop
     vertex -2.404356e+00 -2.260325e+00  1.430000e+01
     vertex -2.465461e+00 -2.193513e+00  1.130000e+01
     vertex -2.465461e+00 -2.193513e+00  1.430000e+01
   endloop
 endfacet
 facet normal  7.379206e-01  6.748875e-01  0.000000e+00
   outer loop
     vertex -2.404356e+00 -2.260325e+00  1.430000e+01
     vertex -2.404356e+00 -2.260325e+00  1.130000e+01
     vertex -2.465461e+00 -2.193513e+00  1.130000e+01
   endloop
 endfacet
 facet normal  7.191280e-01  6.948776e-01  2.592255e-19
   outer loop
     vertex -2.341442e+00 -2.325436e+00  1.430000e+01
     vertex -2.404356e+00 -2.260325e+00  1.130000e+01
     vertex -2.404356e+00 -2.260325e+00  1.430000e+01
   endloop
 endfacet
 facet normal  7.191280e-01  6.948776e-01  0.000000e+00
   outer loop
     vertex -2.341442e+00 -2.325436e+00  1.430000e+01
     vertex -2.341442e+00 -2.325436e+00  1.130000e+01
     vertex -2.404356e+00 -2.260325e+00  1.130000e+01
   endloop
 endfacet
 facet normal  6.997940e-01  7.143447e-01  0.000000e+00
   outer loop
     vertex -2.341442e+00 -2.325436e+00  1.430000e+01
     vertex -2.276764e+00 -2.388796e+00  1.130000e+01
     vertex -2.341442e+00 -2.325436e+00  1.130000e+01
   endloop
 endfacet
 facet normal  6.997940e-01  7.143447e-01  0.000000e+00
   outer loop
     vertex -2.276764e+00 -2.388796e+00  1.430000e+01
     vertex -2.276764e+00 -2.388796e+00  1.130000e+01
     vertex -2.341442e+00 -2.325436e+00  1.430000e+01
   endloop
 endfacet
 facet normal  6.799333e-01  7.332740e-01  7.137285e-19
   outer loop
     vertex -2.210373e+00 -2.450357e+00  1.430000e+01
     vertex -2.276764e+00 -2.388796e+00  1.130000e+01
     vertex -2.276764e+00 -2.388796e+00  1.430000e+01
   endloop
 endfacet
 facet normal  6.799333e-01  7.332740e-01  0.000000e+00
   outer loop
     vertex -2.210373e+00 -2.450357e+00  1.430000e+01
     vertex -2.210373e+00 -2.450357e+00  1.130000e+01
     vertex -2.276764e+00 -2.388796e+00  1.130000e+01
   endloop
 endfacet
 facet normal  6.595607e-01  7.516513e-01 -1.444993e-18
   outer loop
     vertex -2.142318e+00 -2.510075e+00  1.430000e+01
     vertex -2.210373e+00 -2.450357e+00  1.130000e+01
     vertex -2.210373e+00 -2.450357e+00  1.430000e+01
   endloop
 endfacet
 facet normal  6.595607e-01  7.516513e-01  0.000000e+00
   outer loop
     vertex -2.142318e+00 -2.510075e+00  1.430000e+01
     vertex -2.142318e+00 -2.510075e+00  1.130000e+01
     vertex -2.210373e+00 -2.450357e+00  1.130000e+01
   endloop
 endfacet
 facet normal  6.386916e-01  7.694628e-01  9.429373e-19
   outer loop
     vertex -2.072650e+00 -2.567902e+00  1.430000e+01
     vertex -2.142318e+00 -2.510075e+00  1.130000e+01
     vertex -2.142318e+00 -2.510075e+00  1.430000e+01
   endloop
 endfacet
 facet normal  6.386916e-01  7.694628e-01  0.000000e+00
   outer loop
     vertex -2.072650e+00 -2.567902e+00  1.430000e+01
     vertex -2.072650e+00 -2.567902e+00  1.130000e+01
     vertex -2.142318e+00 -2.510075e+00  1.130000e+01
   endloop
 endfacet
 facet normal  6.173417e-01  7.866951e-01  1.087439e-18
   outer loop
     vertex -2.001422e+00 -2.623797e+00  1.430000e+01
     vertex -2.072650e+00 -2.567902e+00  1.130000e+01
     vertex -2.072650e+00 -2.567902e+00  1.430000e+01
   endloop
 endfacet
 facet normal  6.173417e-01  7.866951e-01  0.000000e+00
   outer loop
     vertex -2.001422e+00 -2.623797e+00  1.430000e+01
     vertex -2.001422e+00 -2.623797e+00  1.130000e+01
     vertex -2.072650e+00 -2.567902e+00  1.130000e+01
   endloop
 endfacet
 facet normal  5.955271e-01  8.033352e-01  2.122115e-19
   outer loop
     vertex -1.928687e+00 -2.677716e+00  1.430000e+01
     vertex -2.001422e+00 -2.623797e+00  1.130000e+01
     vertex -2.001422e+00 -2.623797e+00  1.430000e+01
   endloop
 endfacet
 facet normal  5.955271e-01  8.033352e-01  0.000000e+00
   outer loop
     vertex -1.928687e+00 -2.677716e+00  1.430000e+01
     vertex -1.928687e+00 -2.677716e+00  1.130000e+01
     vertex -2.001422e+00 -2.623797e+00  1.130000e+01
   endloop
 endfacet
 facet normal  5.732642e-01  8.193706e-01  0.000000e+00
   outer loop
     vertex -1.928687e+00 -2.677716e+00  1.430000e+01
     vertex -1.854501e+00 -2.729620e+00  1.130000e+01
     vertex -1.928687e+00 -2.677716e+00  1.130000e+01
   endloop
 endfacet
 facet normal  5.732642e-01  8.193706e-01  0.000000e+00
   outer loop
     vertex -1.854501e+00 -2.729620e+00  1.430000e+01
     vertex -1.854501e+00 -2.729620e+00  1.130000e+01
     vertex -1.928687e+00 -2.677716e+00  1.430000e+01
   endloop
 endfacet
 facet normal  5.505698e-01  8.347891e-01  0.000000e+00
   outer loop
     vertex -1.854501e+00 -2.729620e+00  1.430000e+01
     vertex -1.778918e+00 -2.779469e+00  1.130000e+01
     vertex -1.854501e+00 -2.729620e+00  1.130000e+01
   endloop
 endfacet
 facet normal  5.505698e-01  8.347891e-01  0.000000e+00
   outer loop
     vertex -1.778918e+00 -2.779469e+00  1.430000e+01
     vertex -1.778918e+00 -2.779469e+00  1.130000e+01
     vertex -1.854501e+00 -2.729620e+00  1.430000e+01
   endloop
 endfacet
 facet normal  5.274609e-01  8.495793e-01 -6.180792e-19
   outer loop
     vertex -1.701997e+00 -2.827226e+00  1.430000e+01
     vertex -1.778918e+00 -2.779469e+00  1.130000e+01
     vertex -1.778918e+00 -2.779469e+00  1.430000e+01
   endloop
 endfacet
 facet normal  5.274609e-01  8.495793e-01  0.000000e+00
   outer loop
     vertex -1.701997e+00 -2.827226e+00  1.430000e+01
     vertex -1.701997e+00 -2.827226e+00  1.130000e+01
     vertex -1.778918e+00 -2.779469e+00  1.130000e+01
   endloop
 endfacet
 facet normal  5.039550e-01  8.637299e-01  6.650028e-20
   outer loop
     vertex -1.623794e+00 -2.872855e+00  1.430000e+01
     vertex -1.701997e+00 -2.827226e+00  1.130000e+01
     vertex -1.701997e+00 -2.827226e+00  1.430000e+01
   endloop
 endfacet
 facet normal  5.039550e-01  8.637299e-01  0.000000e+00
   outer loop
     vertex -1.623794e+00 -2.872855e+00  1.430000e+01
     vertex -1.623794e+00 -2.872855e+00  1.130000e+01
     vertex -1.701997e+00 -2.827226e+00  1.130000e+01
   endloop
 endfacet
 facet normal  4.800697e-01  8.772303e-01  2.636268e-19
   outer loop
     vertex -1.544368e+00 -2.916321e+00  1.430000e+01
     vertex -1.623794e+00 -2.872855e+00  1.130000e+01
     vertex -1.623794e+00 -2.872855e+00  1.430000e+01
   endloop
 endfacet
 facet normal  4.800697e-01  8.772303e-01  0.000000e+00
   outer loop
     vertex -1.544368e+00 -2.916321e+00  1.430000e+01
     vertex -1.544368e+00 -2.916321e+00  1.130000e+01
     vertex -1.623794e+00 -2.872855e+00  1.130000e+01
   endloop
 endfacet
 facet normal  4.558231e-01  8.900704e-01  7.286796e-19
   outer loop
     vertex -1.463781e+00 -2.957591e+00  1.430000e+01
     vertex -1.544368e+00 -2.916321e+00  1.130000e+01
     vertex -1.544368e+00 -2.916321e+00  1.430000e+01
   endloop
 endfacet
 facet normal  4.558231e-01  8.900704e-01  0.000000e+00
   outer loop
     vertex -1.463781e+00 -2.957591e+00  1.430000e+01
     vertex -1.463781e+00 -2.957591e+00  1.130000e+01
     vertex -1.544368e+00 -2.916321e+00  1.130000e+01
   endloop
 endfacet
 facet normal  4.312333e-01  9.022405e-01  0.000000e+00
   outer loop
     vertex -1.463781e+00 -2.957591e+00  1.430000e+01
     vertex -1.382091e+00 -2.996636e+00  1.130000e+01
     vertex -1.463781e+00 -2.957591e+00  1.130000e+01
   endloop
 endfacet
 facet normal  4.312333e-01  9.022405e-01  0.000000e+00
   outer loop
     vertex -1.382091e+00 -2.996636e+00  1.430000e+01
     vertex -1.382091e+00 -2.996636e+00  1.130000e+01
     vertex -1.463781e+00 -2.957591e+00  1.430000e+01
   endloop
 endfacet
 facet normal  4.063188e-01  9.137314e-01  0.000000e+00
   outer loop
     vertex -1.382091e+00 -2.996636e+00  1.430000e+01
     vertex -1.299361e+00 -3.033424e+00  1.130000e+01
     vertex -1.382091e+00 -2.996636e+00  1.130000e+01
   endloop
 endfacet
 facet normal  4.063188e-01  9.137314e-01  0.000000e+00
   outer loop
     vertex -1.299361e+00 -3.033424e+00  1.430000e+01
     vertex -1.299361e+00 -3.033424e+00  1.130000e+01
     vertex -1.382091e+00 -2.996636e+00  1.430000e+01
   endloop
 endfacet
 facet normal  3.810986e-01  9.245344e-01  0.000000e+00
   outer loop
     vertex -1.215653e+00 -3.067929e+00  1.430000e+01
     vertex -1.215653e+00 -3.067929e+00  1.130000e+01
     vertex -1.299361e+00 -3.033424e+00  1.130000e+01
   endloop
 endfacet
 facet normal  3.810986e-01  9.245344e-01  5.214806e-19
   outer loop
     vertex -1.215653e+00 -3.067929e+00  1.430000e+01
     vertex -1.299361e+00 -3.033424e+00  1.130000e+01
     vertex -1.299361e+00 -3.033424e+00  1.430000e+01
   endloop
 endfacet
 facet normal  3.555914e-01  9.346415e-01  0.000000e+00
   outer loop
     vertex -1.215653e+00 -3.067929e+00  1.430000e+01
     vertex -1.131030e+00 -3.100125e+00  1.130000e+01
     vertex -1.215653e+00 -3.067929e+00  1.130000e+01
   endloop
 endfacet
 facet normal  3.555914e-01  9.346415e-01  0.000000e+00
   outer loop
     vertex -1.131030e+00 -3.100125e+00  1.430000e+01
     vertex -1.131030e+00 -3.100125e+00  1.130000e+01
     vertex -1.215653e+00 -3.067929e+00  1.430000e+01
   endloop
 endfacet
 facet normal  3.298166e-01  9.440450e-01  0.000000e+00
   outer loop
     vertex -1.045555e+00 -3.129986e+00  1.430000e+01
     vertex -1.045555e+00 -3.129986e+00  1.130000e+01
     vertex -1.131030e+00 -3.100125e+00  1.130000e+01
   endloop
 endfacet
 facet normal  3.298166e-01  9.440450e-01 -1.655667e-19
   outer loop
     vertex -1.045555e+00 -3.129986e+00  1.430000e+01
     vertex -1.131030e+00 -3.100125e+00  1.130000e+01
     vertex -1.131030e+00 -3.100125e+00  1.430000e+01
   endloop
 endfacet
 facet normal  3.037934e-01  9.527379e-01  0.000000e+00
   outer loop
     vertex -9.592932e-01 -3.157492e+00  1.430000e+01
     vertex -9.592932e-01 -3.157492e+00  1.130000e+01
     vertex -1.045555e+00 -3.129986e+00  1.130000e+01
   endloop
 endfacet
 facet normal  3.037934e-01  9.527379e-01 -3.241614e-19
   outer loop
     vertex -9.592932e-01 -3.157492e+00  1.430000e+01
     vertex -1.045555e+00 -3.129986e+00  1.130000e+01
     vertex -1.045555e+00 -3.129986e+00  1.430000e+01
   endloop
 endfacet
 facet normal  2.775416e-01  9.607136e-01  5.146990e-19
   outer loop
     vertex -8.723093e-01 -3.182621e+00  1.430000e+01
     vertex -9.592932e-01 -3.157492e+00  1.130000e+01
     vertex -9.592932e-01 -3.157492e+00  1.430000e+01
   endloop
 endfacet
 facet normal  2.775416e-01  9.607136e-01  0.000000e+00
   outer loop
     vertex -8.723093e-01 -3.182621e+00  1.430000e+01
     vertex -8.723093e-01 -3.182621e+00  1.130000e+01
     vertex -9.592932e-01 -3.157492e+00  1.130000e+01
   endloop
 endfacet
 facet normal  2.510809e-01  9.679661e-01  0.000000e+00
   outer loop
     vertex -8.723093e-01 -3.182621e+00  1.430000e+01
     vertex -7.846688e-01 -3.205354e+00  1.130000e+01
     vertex -8.723093e-01 -3.182621e+00  1.130000e+01
   endloop
 endfacet
 facet normal  2.510809e-01  9.679661e-01  0.000000e+00
   outer loop
     vertex -7.846688e-01 -3.205354e+00  1.430000e+01
     vertex -7.846688e-01 -3.205354e+00  1.130000e+01
     vertex -8.723093e-01 -3.182621e+00  1.430000e+01
   endloop
 endfacet
 facet normal  2.244312e-01  9.744899e-01 -4.951218e-20
   outer loop
     vertex -6.964376e-01 -3.225674e+00  1.430000e+01
     vertex -7.846688e-01 -3.205354e+00  1.130000e+01
     vertex -7.846688e-01 -3.205354e+00  1.430000e+01
   endloop
 endfacet
 facet normal  2.244312e-01  9.744899e-01  0.000000e+00
   outer loop
     vertex -6.964376e-01 -3.225674e+00  1.430000e+01
     vertex -6.964376e-01 -3.225674e+00  1.130000e+01
     vertex -7.846688e-01 -3.205354e+00  1.130000e+01
   endloop
 endfacet
 facet normal  1.976125e-01  9.802802e-01  5.891730e-20
   outer loop
     vertex -6.076822e-01 -3.243566e+00  1.430000e+01
     vertex -6.964376e-01 -3.225674e+00  1.130000e+01
     vertex -6.964376e-01 -3.225674e+00  1.430000e+01
   endloop
 endfacet
 facet normal  1.976125e-01  9.802802e-01  0.000000e+00
   outer loop
     vertex -6.076822e-01 -3.243566e+00  1.430000e+01
     vertex -6.076822e-01 -3.243566e+00  1.130000e+01
     vertex -6.964376e-01 -3.225674e+00  1.130000e+01
   endloop
 endfacet
 facet normal  1.706451e-01  9.853326e-01  0.000000e+00
   outer loop
     vertex -6.076822e-01 -3.243566e+00  1.430000e+01
     vertex -5.184693e-01 -3.259017e+00  1.130000e+01
     vertex -6.076822e-01 -3.243566e+00  1.130000e+01
   endloop
 endfacet
 facet normal  1.706451e-01  9.853326e-01  0.000000e+00
   outer loop
     vertex -5.184693e-01 -3.259017e+00  1.430000e+01
     vertex -5.184693e-01 -3.259017e+00  1.130000e+01
     vertex -6.076822e-01 -3.243566e+00  1.430000e+01
   endloop
 endfacet
 facet normal  1.435492e-01  9.896432e-01 -2.571028e-20
   outer loop
     vertex -4.288662e-01 -3.272014e+00  1.430000e+01
     vertex -5.184693e-01 -3.259017e+00  1.130000e+01
     vertex -5.184693e-01 -3.259017e+00  1.430000e+01
   endloop
 endfacet
 facet normal  1.435492e-01  9.896432e-01  0.000000e+00
   outer loop
     vertex -4.288662e-01 -3.272014e+00  1.430000e+01
     vertex -4.288662e-01 -3.272014e+00  1.130000e+01
     vertex -5.184693e-01 -3.259017e+00  1.130000e+01
   endloop
 endfacet
 facet normal  1.163452e-01  9.932088e-01  1.642979e-19
   outer loop
     vertex -3.389402e-01 -3.282548e+00  1.430000e+01
     vertex -4.288662e-01 -3.272014e+00  1.130000e+01
     vertex -4.288662e-01 -3.272014e+00  1.430000e+01
   endloop
 endfacet
 facet normal  1.163452e-01  9.932088e-01  0.000000e+00
   outer loop
     vertex -3.389402e-01 -3.282548e+00  1.430000e+01
     vertex -3.389402e-01 -3.282548e+00  1.130000e+01
     vertex -4.288662e-01 -3.272014e+00  1.130000e+01
   endloop
 endfacet
 facet normal  8.905371e-02  9.960268e-01  0.000000e+00
   outer loop
     vertex -3.389402e-01 -3.282548e+00  1.430000e+01
     vertex -2.487590e-01 -3.290611e+00  1.130000e+01
     vertex -3.389402e-01 -3.282548e+00  1.130000e+01
   endloop
 endfacet
 facet normal  8.905371e-02  9.960268e-01  0.000000e+00
   outer loop
     vertex -2.487590e-01 -3.290611e+00  1.430000e+01
     vertex -2.487590e-01 -3.290611e+00  1.130000e+01
     vertex -3.389402e-01 -3.282548e+00  1.430000e+01
   endloop
 endfacet
 facet normal  6.169515e-02  9.980950e-01  1.445173e-19
   outer loop
     vertex -1.583906e-01 -3.296197e+00  1.430000e+01
     vertex -2.487590e-01 -3.290611e+00  1.130000e+01
     vertex -2.487590e-01 -3.290611e+00  1.430000e+01
   endloop
 endfacet
 facet normal  6.169515e-02  9.980950e-01  0.000000e+00
   outer loop
     vertex -1.583906e-01 -3.296197e+00  1.430000e+01
     vertex -1.583906e-01 -3.296197e+00  1.130000e+01
     vertex -2.487590e-01 -3.290611e+00  1.130000e+01
   endloop
 endfacet
 facet normal  3.429014e-02  9.994119e-01 -4.689866e-20
   outer loop
     vertex -6.790300e-02 -3.299301e+00  1.430000e+01
     vertex -1.583906e-01 -3.296197e+00  1.130000e+01
     vertex -1.583906e-01 -3.296197e+00  1.430000e+01
   endloop
 endfacet
 facet normal  3.429014e-02  9.994119e-01  0.000000e+00
   outer loop
     vertex -6.790300e-02 -3.299301e+00  1.430000e+01
     vertex -6.790300e-02 -3.299301e+00  1.130000e+01
     vertex -1.583906e-01 -3.296197e+00  1.130000e+01
   endloop
 endfacet
 facet normal  6.859319e-03  9.999765e-01  4.241126e-21
   outer loop
     vertex  2.263575e-02 -3.299922e+00  1.430000e+01
     vertex -6.790300e-02 -3.299301e+00  1.130000e+01
     vertex -6.790300e-02 -3.299301e+00  1.430000e+01
   endloop
 endfacet
 facet normal  6.859319e-03  9.999765e-01  0.000000e+00
   outer loop
     vertex  2.263575e-02 -3.299922e+00  1.430000e+01
     vertex  2.263575e-02 -3.299922e+00  1.130000e+01
     vertex -6.790300e-02 -3.299301e+00  1.130000e+01
   endloop
 endfacet
 facet normal -2.057667e-02  9.997883e-01  4.427078e-20
   outer loop
     vertex  1.131575e-01 -3.298059e+00  1.430000e+01
     vertex  2.263575e-02 -3.299922e+00  1.130000e+01
     vertex  2.263575e-02 -3.299922e+00  1.430000e+01
   endloop
 endfacet
 facet normal -2.057667e-02  9.997883e-01  0.000000e+00
   outer loop
     vertex  1.131575e-01 -3.298059e+00  1.430000e+01
     vertex  1.131575e-01 -3.298059e+00  1.130000e+01
     vertex  2.263575e-02 -3.299922e+00  1.130000e+01
   endloop
 endfacet
 facet normal -4.799716e-02  9.988475e-01  0.000000e+00
   outer loop
     vertex  2.035940e-01 -3.293714e+00  1.430000e+01
     vertex  2.035940e-01 -3.293714e+00  1.130000e+01
     vertex  1.131575e-01 -3.298059e+00  1.130000e+01
   endloop
 endfacet
 facet normal -4.799716e-02  9.988475e-01  4.056917e-21
   outer loop
     vertex  2.035940e-01 -3.293714e+00  1.430000e+01
     vertex  1.131575e-01 -3.298059e+00  1.130000e+01
     vertex  1.131575e-01 -3.298059e+00  1.430000e+01
   endloop
 endfacet
 facet normal -7.538152e-02  9.971548e-01  0.000000e+00
   outer loop
     vertex  2.938773e-01 -3.286889e+00  1.430000e+01
     vertex  2.938773e-01 -3.286889e+00  1.130000e+01
     vertex  2.035940e-01 -3.293714e+00  1.130000e+01
   endloop
 endfacet
 facet normal -7.538152e-02  9.971548e-01  1.597899e-19
   outer loop
     vertex  2.938773e-01 -3.286889e+00  1.430000e+01
     vertex  2.035940e-01 -3.293714e+00  1.130000e+01
     vertex  2.035940e-01 -3.293714e+00  1.430000e+01
   endloop
 endfacet
 facet normal -1.027091e-01  9.947114e-01  0.000000e+00
   outer loop
     vertex  3.839393e-01 -3.277589e+00  1.430000e+01
     vertex  3.839393e-01 -3.277589e+00  1.130000e+01
     vertex  2.938773e-01 -3.286889e+00  1.130000e+01
   endloop
 endfacet
 facet normal -1.027091e-01  9.947114e-01  1.416682e-19
   outer loop
     vertex  3.839393e-01 -3.277589e+00  1.430000e+01
     vertex  2.938773e-01 -3.286889e+00  1.130000e+01
     vertex  2.938773e-01 -3.286889e+00  1.430000e+01
   endloop
 endfacet
 facet normal -1.299594e-01  9.915193e-01  0.000000e+00
   outer loop
     vertex  4.737123e-01 -3.265823e+00  1.430000e+01
     vertex  4.737123e-01 -3.265823e+00  1.130000e+01
     vertex  3.839393e-01 -3.277589e+00  1.130000e+01
   endloop
 endfacet
 facet normal -1.299594e-01  9.915193e-01 -1.171412e-19
   outer loop
     vertex  4.737123e-01 -3.265823e+00  1.430000e+01
     vertex  3.839393e-01 -3.277589e+00  1.130000e+01
     vertex  3.839393e-01 -3.277589e+00  1.430000e+01
   endloop
 endfacet
 facet normal -1.571119e-01  9.875808e-01  0.000000e+00
   outer loop
     vertex  5.631288e-01 -3.251597e+00  1.430000e+01
     vertex  5.631288e-01 -3.251597e+00  1.130000e+01
     vertex  4.737123e-01 -3.265823e+00  1.130000e+01
   endloop
 endfacet
 facet normal -1.841461e-01  9.828989e-01  0.000000e+00
   outer loop
     vertex  5.631288e-01 -3.251597e+00  1.430000e+01
     vertex  6.521213e-01 -3.234925e+00  1.130000e+01
     vertex  5.631288e-01 -3.251597e+00  1.130000e+01
   endloop
 endfacet
 facet normal -1.571119e-01  9.875808e-01 -1.312849e-19
   outer loop
     vertex  5.631288e-01 -3.251597e+00  1.430000e+01
     vertex  4.737123e-01 -3.265823e+00  1.130000e+01
     vertex  4.737123e-01 -3.265823e+00  1.430000e+01
   endloop
 endfacet
 facet normal -1.841461e-01  9.828989e-01  0.000000e+00
   outer loop
     vertex  6.521213e-01 -3.234925e+00  1.430000e+01
     vertex  6.521213e-01 -3.234925e+00  1.130000e+01
     vertex  5.631288e-01 -3.251597e+00  1.430000e+01
   endloop
 endfacet
 facet normal -2.110417e-01  9.774771e-01  0.000000e+00
   outer loop
     vertex  7.406229e-01 -3.215817e+00  1.430000e+01
     vertex  7.406229e-01 -3.215817e+00  1.130000e+01
     vertex  6.521213e-01 -3.234925e+00  1.130000e+01
   endloop
 endfacet
 facet normal -2.110417e-01  9.774771e-01 -3.031944e-19
   outer loop
     vertex  7.406229e-01 -3.215817e+00  1.430000e+01
     vertex  6.521213e-01 -3.234925e+00  1.130000e+01
     vertex  6.521213e-01 -3.234925e+00  1.430000e+01
   endloop
 endfacet
 facet normal -2.377784e-01  9.713194e-01  0.000000e+00
   outer loop
     vertex  8.285670e-01 -3.194288e+00  1.430000e+01
     vertex  8.285670e-01 -3.194288e+00  1.130000e+01
     vertex  7.406229e-01 -3.215817e+00  1.130000e+01
   endloop
 endfacet
 facet normal -2.377784e-01  9.713194e-01  1.504050e-21
   outer loop
     vertex  8.285670e-01 -3.194288e+00  1.430000e+01
     vertex  7.406229e-01 -3.215817e+00  1.130000e+01
     vertex  7.406229e-01 -3.215817e+00  1.430000e+01
   endloop
 endfacet
 facet normal -2.643362e-01  9.644306e-01  0.000000e+00
   outer loop
     vertex  9.158874e-01 -3.170355e+00  1.430000e+01
     vertex  9.158874e-01 -3.170355e+00  1.130000e+01
     vertex  8.285670e-01 -3.194288e+00  1.130000e+01
   endloop
 endfacet
 facet normal -2.643362e-01  9.644306e-01 -6.346034e-19
   outer loop
     vertex  9.158874e-01 -3.170355e+00  1.430000e+01
     vertex  8.285670e-01 -3.194288e+00  1.130000e+01
     vertex  8.285670e-01 -3.194288e+00  1.430000e+01
   endloop
 endfacet
 facet normal -2.906949e-01  9.568158e-01  0.000000e+00
   outer loop
     vertex  1.002518e+00 -3.144035e+00  1.430000e+01
     vertex  1.002518e+00 -3.144035e+00  1.130000e+01
     vertex  9.158874e-01 -3.170355e+00  1.130000e+01
   endloop
 endfacet
 facet normal -2.906949e-01  9.568158e-01 -2.885274e-19
   outer loop
     vertex  1.002518e+00 -3.144035e+00  1.430000e+01
     vertex  9.158874e-01 -3.170355e+00  1.130000e+01
     vertex  9.158874e-01 -3.170355e+00  1.430000e+01
   endloop
 endfacet
 facet normal -3.168348e-01  9.484807e-01  0.000000e+00
   outer loop
     vertex  1.088395e+00 -3.115349e+00  1.430000e+01
     vertex  1.088395e+00 -3.115349e+00  1.130000e+01
     vertex  1.002518e+00 -3.144035e+00  1.130000e+01
   endloop
 endfacet
 facet normal -3.168348e-01  9.484807e-01  4.184165e-19
   outer loop
     vertex  1.088395e+00 -3.115349e+00  1.430000e+01
     vertex  1.002518e+00 -3.144035e+00  1.130000e+01
     vertex  1.002518e+00 -3.144035e+00  1.430000e+01
   endloop
 endfacet
 facet normal -3.427362e-01  9.394317e-01  0.000000e+00
   outer loop
     vertex  1.173452e+00 -3.084317e+00  1.430000e+01
     vertex  1.173452e+00 -3.084317e+00  1.130000e+01
     vertex  1.088395e+00 -3.115349e+00  1.130000e+01
   endloop
 endfacet
 facet normal -3.427362e-01  9.394317e-01  7.594657e-19
   outer loop
     vertex  1.173452e+00 -3.084317e+00  1.430000e+01
     vertex  1.088395e+00 -3.115349e+00  1.130000e+01
     vertex  1.088395e+00 -3.115349e+00  1.430000e+01
   endloop
 endfacet
 facet normal -3.683796e-01  9.296754e-01  0.000000e+00
   outer loop
     vertex  1.257625e+00 -3.050964e+00  1.430000e+01
     vertex  1.257625e+00 -3.050964e+00  1.130000e+01
     vertex  1.173452e+00 -3.084317e+00  1.130000e+01
   endloop
 endfacet
 facet normal -3.683796e-01  9.296754e-01 -7.615381e-19
   outer loop
     vertex  1.257625e+00 -3.050964e+00  1.430000e+01
     vertex  1.173452e+00 -3.084317e+00  1.130000e+01
     vertex  1.173452e+00 -3.084317e+00  1.430000e+01
   endloop
 endfacet
 facet normal -3.937458e-01  9.192194e-01 -5.850379e-19
   outer loop
     vertex  1.340852e+00 -3.015313e+00  1.430000e+01
     vertex  1.257625e+00 -3.050964e+00  1.130000e+01
     vertex  1.257625e+00 -3.050964e+00  1.430000e+01
   endloop
 endfacet
 facet normal -3.937458e-01  9.192194e-01  0.000000e+00
   outer loop
     vertex  1.340852e+00 -3.015313e+00  1.430000e+01
     vertex  1.340852e+00 -3.015313e+00  1.130000e+01
     vertex  1.257625e+00 -3.050964e+00  1.130000e+01
   endloop
 endfacet
 facet normal -4.188155e-01  9.080714e-01 -1.758819e-19
   outer loop
     vertex  1.423070e+00 -2.977394e+00  1.430000e+01
     vertex  1.340852e+00 -3.015313e+00  1.130000e+01
     vertex  1.340852e+00 -3.015313e+00  1.430000e+01
   endloop
 endfacet
 facet normal -4.188155e-01  9.080714e-01  0.000000e+00
   outer loop
     vertex  1.423070e+00 -2.977394e+00  1.430000e+01
     vertex  1.423070e+00 -2.977394e+00  1.130000e+01
     vertex  1.340852e+00 -3.015313e+00  1.130000e+01
   endloop
 endfacet
 facet normal -4.435699e-01  8.962398e-01 -1.764176e-19
   outer loop
     vertex  1.504216e+00 -2.937232e+00  1.430000e+01
     vertex  1.423070e+00 -2.977394e+00  1.130000e+01
     vertex  1.423070e+00 -2.977394e+00  1.430000e+01
   endloop
 endfacet
 facet normal -4.435699e-01  8.962398e-01  0.000000e+00
   outer loop
     vertex  1.504216e+00 -2.937232e+00  1.430000e+01
     vertex  1.504216e+00 -2.937232e+00  1.130000e+01
     vertex  1.423070e+00 -2.977394e+00  1.130000e+01
   endloop
 endfacet
 facet normal -4.679904e-01  8.837335e-01  0.000000e+00
   outer loop
     vertex  1.504216e+00 -2.937232e+00  1.430000e+01
     vertex  1.584230e+00 -2.894860e+00  1.130000e+01
     vertex  1.504216e+00 -2.937232e+00  1.130000e+01
   endloop
 endfacet
 facet normal -4.679904e-01  8.837335e-01  0.000000e+00
   outer loop
     vertex  1.584230e+00 -2.894860e+00  1.430000e+01
     vertex  1.584230e+00 -2.894860e+00  1.130000e+01
     vertex  1.504216e+00 -2.937232e+00  1.430000e+01
   endloop
 endfacet
 facet normal -4.920587e-01  8.705620e-01  0.000000e+00
   outer loop
     vertex  1.663052e+00 -2.850309e+00  1.430000e+01
     vertex  1.663052e+00 -2.850309e+00  1.130000e+01
     vertex  1.584230e+00 -2.894860e+00  1.130000e+01
   endloop
 endfacet
 facet normal -5.157565e-01  8.567352e-01  0.000000e+00
   outer loop
     vertex  1.663052e+00 -2.850309e+00  1.430000e+01
     vertex  1.740621e+00 -2.803612e+00  1.130000e+01
     vertex  1.663052e+00 -2.850309e+00  1.130000e+01
   endloop
 endfacet
 facet normal -4.920587e-01  8.705620e-01 -7.400162e-19
   outer loop
     vertex  1.663052e+00 -2.850309e+00  1.430000e+01
     vertex  1.584230e+00 -2.894860e+00  1.130000e+01
     vertex  1.584230e+00 -2.894860e+00  1.430000e+01
   endloop
 endfacet
 facet normal -5.157565e-01  8.567352e-01  0.000000e+00
   outer loop
     vertex  1.740621e+00 -2.803612e+00  1.430000e+01
     vertex  1.740621e+00 -2.803612e+00  1.130000e+01
     vertex  1.663052e+00 -2.850309e+00  1.430000e+01
   endloop
 endfacet
 facet normal -5.390661e-01  8.422635e-01  0.000000e+00
   outer loop
     vertex  1.816880e+00 -2.754804e+00  1.430000e+01
     vertex  1.816880e+00 -2.754804e+00  1.130000e+01
     vertex  1.740621e+00 -2.803612e+00  1.130000e+01
   endloop
 endfacet
 facet normal -5.619699e-01  8.271577e-01  0.000000e+00
   outer loop
     vertex  1.816880e+00 -2.754804e+00  1.430000e+01
     vertex  1.891772e+00 -2.703923e+00  1.130000e+01
     vertex  1.816880e+00 -2.754804e+00  1.130000e+01
   endloop
 endfacet
 facet normal -5.390661e-01  8.422635e-01 -6.716746e-19
   outer loop
     vertex  1.816880e+00 -2.754804e+00  1.430000e+01
     vertex  1.740621e+00 -2.803612e+00  1.130000e+01
     vertex  1.740621e+00 -2.803612e+00  1.430000e+01
   endloop
 endfacet
 facet normal -5.619699e-01  8.271577e-01  0.000000e+00
   outer loop
     vertex  1.891772e+00 -2.703923e+00  1.430000e+01
     vertex  1.891772e+00 -2.703923e+00  1.130000e+01
     vertex  1.816880e+00 -2.754804e+00  1.430000e+01
   endloop
 endfacet
 facet normal -5.844507e-01  8.114292e-01  0.000000e+00
   outer loop
     vertex  1.965239e+00 -2.651006e+00  1.430000e+01
     vertex  1.965239e+00 -2.651006e+00  1.130000e+01
     vertex  1.891772e+00 -2.703923e+00  1.130000e+01
   endloop
 endfacet
 facet normal -5.844507e-01  8.114292e-01  1.377518e-19
   outer loop
     vertex  1.965239e+00 -2.651006e+00  1.430000e+01
     vertex  1.891772e+00 -2.703923e+00  1.130000e+01
     vertex  1.891772e+00 -2.703923e+00  1.430000e+01
   endloop
 endfacet
 facet normal -6.064915e-01  7.950900e-01  0.000000e+00
   outer loop
     vertex  2.037228e+00 -2.596094e+00  1.430000e+01
     vertex  2.037228e+00 -2.596094e+00  1.130000e+01
     vertex  1.965239e+00 -2.651006e+00  1.130000e+01
   endloop
 endfacet
 facet normal -6.064915e-01  7.950900e-01  5.174085e-19
   outer loop
     vertex  2.037228e+00 -2.596094e+00  1.430000e+01
     vertex  1.965239e+00 -2.651006e+00  1.130000e+01
     vertex  1.965239e+00 -2.651006e+00  1.430000e+01
   endloop
 endfacet
 facet normal -6.280757e-01  7.781522e-01  0.000000e+00
   outer loop
     vertex  2.107682e+00 -2.539227e+00  1.430000e+01
     vertex  2.107682e+00 -2.539227e+00  1.130000e+01
     vertex  2.037228e+00 -2.596094e+00  1.130000e+01
   endloop
 endfacet
 facet normal -6.280757e-01  7.781522e-01 -1.365423e-18
   outer loop
     vertex  2.107682e+00 -2.539227e+00  1.430000e+01
     vertex  2.037228e+00 -2.596094e+00  1.130000e+01
     vertex  2.037228e+00 -2.596094e+00  1.430000e+01
   endloop
 endfacet
 facet normal -6.491872e-01  7.606287e-01  0.000000e+00
   outer loop
     vertex  2.176550e+00 -2.480449e+00  1.430000e+01
     vertex  2.176550e+00 -2.480449e+00  1.130000e+01
     vertex  2.107682e+00 -2.539227e+00  1.130000e+01
   endloop
 endfacet
 facet normal -6.491872e-01  7.606287e-01  6.693122e-19
   outer loop
     vertex  2.176550e+00 -2.480449e+00  1.430000e+01
     vertex  2.107682e+00 -2.539227e+00  1.130000e+01
     vertex  2.107682e+00 -2.539227e+00  1.430000e+01
   endloop
 endfacet
 facet normal -6.698100e-01  7.425325e-01  0.000000e+00
   outer loop
     vertex  2.243780e+00 -2.419804e+00  1.430000e+01
     vertex  2.243780e+00 -2.419804e+00  1.130000e+01
     vertex  2.176550e+00 -2.480449e+00  1.130000e+01
   endloop
 endfacet
 facet normal -6.698100e-01  7.425325e-01  7.825355e-19
   outer loop
     vertex  2.243780e+00 -2.419804e+00  1.430000e+01
     vertex  2.176550e+00 -2.480449e+00  1.130000e+01
     vertex  2.176550e+00 -2.480449e+00  1.430000e+01
   endloop
 endfacet
 facet normal -6.899286e-01  7.238775e-01  0.000000e+00
   outer loop
     vertex  2.309320e+00 -2.357337e+00  1.430000e+01
     vertex  2.309320e+00 -2.357337e+00  1.130000e+01
     vertex  2.243780e+00 -2.419804e+00  1.130000e+01
   endloop
 endfacet
 facet normal -6.899286e-01  7.238775e-01 -5.151582e-19
   outer loop
     vertex  2.309320e+00 -2.357337e+00  1.430000e+01
     vertex  2.243780e+00 -2.419804e+00  1.130000e+01
     vertex  2.243780e+00 -2.419804e+00  1.430000e+01
   endloop
 endfacet
 facet normal -7.095278e-01  7.046775e-01  0.000000e+00
   outer loop
     vertex  2.373122e+00 -2.293096e+00  1.430000e+01
     vertex  2.373122e+00 -2.293096e+00  1.130000e+01
     vertex  2.309320e+00 -2.357337e+00  1.130000e+01
   endloop
 endfacet
 facet normal -7.095278e-01  7.046775e-01 -1.108298e-18
   outer loop
     vertex  2.373122e+00 -2.293096e+00  1.430000e+01
     vertex  2.309320e+00 -2.357337e+00  1.130000e+01
     vertex  2.309320e+00 -2.357337e+00  1.430000e+01
   endloop
 endfacet
 facet normal -7.285929e-01  6.849470e-01  0.000000e+00
   outer loop
     vertex  2.435138e+00 -2.227129e+00  1.430000e+01
     vertex  2.435138e+00 -2.227129e+00  1.130000e+01
     vertex  2.373122e+00 -2.293096e+00  1.130000e+01
   endloop
 endfacet
 facet normal -7.471095e-01  6.647010e-01  0.000000e+00
   outer loop
     vertex  2.435138e+00 -2.227129e+00  1.430000e+01
     vertex  2.495321e+00 -2.159485e+00  1.130000e+01
     vertex  2.435138e+00 -2.227129e+00  1.130000e+01
   endloop
 endfacet
 facet normal -7.285929e-01  6.849470e-01  4.783094e-19
   outer loop
     vertex  2.435138e+00 -2.227129e+00  1.430000e+01
     vertex  2.373122e+00 -2.293096e+00  1.130000e+01
     vertex  2.373122e+00 -2.293096e+00  1.430000e+01
   endloop
 endfacet
 facet normal -7.471095e-01  6.647010e-01  0.000000e+00
   outer loop
     vertex  2.495321e+00 -2.159485e+00  1.430000e+01
     vertex  2.495321e+00 -2.159485e+00  1.130000e+01
     vertex  2.435138e+00 -2.227129e+00  1.430000e+01
   endloop
 endfacet
 facet normal -7.650637e-01  6.439545e-01  0.000000e+00
   outer loop
     vertex  2.553625e+00 -2.090215e+00  1.430000e+01
     vertex  2.553625e+00 -2.090215e+00  1.130000e+01
     vertex  2.495321e+00 -2.159485e+00  1.130000e+01
   endloop
 endfacet
 facet normal -7.650637e-01  6.439545e-01  8.348858e-20
   outer loop
     vertex  2.553625e+00 -2.090215e+00  1.430000e+01
     vertex  2.495321e+00 -2.159485e+00  1.130000e+01
     vertex  2.495321e+00 -2.159485e+00  1.430000e+01
   endloop
 endfacet
 facet normal -7.824421e-01  6.227234e-01  0.000000e+00
   outer loop
     vertex  2.610007e+00 -2.019372e+00  1.430000e+01
     vertex  2.610007e+00 -2.019372e+00  1.130000e+01
     vertex  2.553625e+00 -2.090215e+00  1.130000e+01
   endloop
 endfacet
 facet normal -7.824421e-01  6.227234e-01 -1.264819e-19
   outer loop
     vertex  2.610007e+00 -2.019372e+00  1.430000e+01
     vertex  2.553625e+00 -2.090215e+00  1.130000e+01
     vertex  2.553625e+00 -2.090215e+00  1.430000e+01
   endloop
 endfacet
 facet normal -7.992314e-01  6.010234e-01  0.000000e+00
   outer loop
     vertex  2.664424e+00 -1.947009e+00  1.430000e+01
     vertex  2.664424e+00 -1.947009e+00  1.130000e+01
     vertex  2.610007e+00 -2.019372e+00  1.130000e+01
   endloop
 endfacet
 facet normal -7.992314e-01  6.010234e-01  1.298837e-18
   outer loop
     vertex  2.664424e+00 -1.947009e+00  1.430000e+01
     vertex  2.610007e+00 -2.019372e+00  1.130000e+01
     vertex  2.610007e+00 -2.019372e+00  1.430000e+01
   endloop
 endfacet
 facet normal -8.154191e-01  5.788711e-01  0.000000e+00
   outer loop
     vertex  2.716836e+00 -1.873180e+00  1.430000e+01
     vertex  2.716836e+00 -1.873180e+00  1.130000e+01
     vertex  2.664424e+00 -1.947009e+00  1.130000e+01
   endloop
 endfacet
 facet normal -8.154191e-01  5.788711e-01  1.690582e-19
   outer loop
     vertex  2.716836e+00 -1.873180e+00  1.430000e+01
     vertex  2.664424e+00 -1.947009e+00  1.130000e+01
     vertex  2.664424e+00 -1.947009e+00  1.430000e+01
   endloop
 endfacet
 facet normal -8.309929e-01  5.562829e-01  0.000000e+00
   outer loop
     vertex  2.767202e+00 -1.797942e+00  1.430000e+01
     vertex  2.767202e+00 -1.797942e+00  1.130000e+01
     vertex  2.716836e+00 -1.873180e+00  1.130000e+01
   endloop
 endfacet
 facet normal -8.309929e-01  5.562829e-01  1.412433e-19
   outer loop
     vertex  2.767202e+00 -1.797942e+00  1.430000e+01
     vertex  2.716836e+00 -1.873180e+00  1.130000e+01
     vertex  2.716836e+00 -1.873180e+00  1.430000e+01
   endloop
 endfacet
 facet normal -8.459413e-01  5.332761e-01  0.000000e+00
   outer loop
     vertex  2.815485e+00 -1.721349e+00  1.430000e+01
     vertex  2.815485e+00 -1.721349e+00  1.130000e+01
     vertex  2.767202e+00 -1.797942e+00  1.130000e+01
   endloop
 endfacet
 facet normal -8.459413e-01  5.332761e-01 -1.448030e-19
   outer loop
     vertex  2.815485e+00 -1.721349e+00  1.430000e+01
     vertex  2.767202e+00 -1.797942e+00  1.130000e+01
     vertex  2.767202e+00 -1.797942e+00  1.430000e+01
   endloop
 endfacet
 facet normal -8.602528e-01  5.098678e-01  0.000000e+00
   outer loop
     vertex  2.861649e+00 -1.643461e+00  1.430000e+01
     vertex  2.861649e+00 -1.643461e+00  1.130000e+01
     vertex  2.815485e+00 -1.721349e+00  1.130000e+01
   endloop
 endfacet
 facet normal -8.739167e-01  4.860756e-01  0.000000e+00
   outer loop
     vertex  2.861649e+00 -1.643461e+00  1.430000e+01
     vertex  2.905659e+00 -1.564336e+00  1.130000e+01
     vertex  2.861649e+00 -1.643461e+00  1.130000e+01
   endloop
 endfacet
 facet normal -8.602528e-01  5.098678e-01 -1.055872e-19
   outer loop
     vertex  2.861649e+00 -1.643461e+00  1.430000e+01
     vertex  2.815485e+00 -1.721349e+00  1.130000e+01
     vertex  2.815485e+00 -1.721349e+00  1.430000e+01
   endloop
 endfacet
 facet normal -8.739167e-01  4.860756e-01  0.000000e+00
   outer loop
     vertex  2.905659e+00 -1.564336e+00  1.430000e+01
     vertex  2.905659e+00 -1.564336e+00  1.130000e+01
     vertex  2.861649e+00 -1.643461e+00  1.430000e+01
   endloop
 endfacet
 facet normal -8.869228e-01  4.619176e-01  0.000000e+00
   outer loop
     vertex  2.905659e+00 -1.564336e+00  1.430000e+01
     vertex  2.947481e+00 -1.484033e+00  1.130000e+01
     vertex  2.905659e+00 -1.564336e+00  1.130000e+01
   endloop
 endfacet
 facet normal -8.869228e-01  4.619176e-01  0.000000e+00
   outer loop
     vertex  2.947481e+00 -1.484033e+00  1.430000e+01
     vertex  2.947481e+00 -1.484033e+00  1.130000e+01
     vertex  2.905659e+00 -1.564336e+00  1.430000e+01
   endloop
 endfacet
 facet normal -8.992613e-01  4.374119e-01  0.000000e+00
   outer loop
     vertex  2.947481e+00 -1.484033e+00  1.430000e+01
     vertex  2.987085e+00 -1.402613e+00  1.130000e+01
     vertex  2.947481e+00 -1.484033e+00  1.130000e+01
   endloop
 endfacet
 facet normal -8.992613e-01  4.374119e-01  0.000000e+00
   outer loop
     vertex  2.987085e+00 -1.402613e+00  1.430000e+01
     vertex  2.987085e+00 -1.402613e+00  1.130000e+01
     vertex  2.947481e+00 -1.484033e+00  1.430000e+01
   endloop
 endfacet
 facet normal -9.109228e-01  4.125769e-01  0.000000e+00
   outer loop
     vertex  2.987085e+00 -1.402613e+00  1.430000e+01
     vertex  3.024440e+00 -1.320138e+00  1.130000e+01
     vertex  2.987085e+00 -1.402613e+00  1.130000e+01
   endloop
 endfacet
 facet normal -9.109228e-01  4.125769e-01  0.000000e+00
   outer loop
     vertex  3.024440e+00 -1.320138e+00  1.430000e+01
     vertex  3.024440e+00 -1.320138e+00  1.130000e+01
     vertex  2.987085e+00 -1.402613e+00  1.430000e+01
   endloop
 endfacet
 facet normal -9.218986e-01  3.874313e-01  1.380823e-19
   outer loop
     vertex  3.059518e+00 -1.236668e+00  1.430000e+01
     vertex  3.024440e+00 -1.320138e+00  1.130000e+01
     vertex  3.024440e+00 -1.320138e+00  1.430000e+01
   endloop
 endfacet
 facet normal -9.218986e-01  3.874313e-01  0.000000e+00
   outer loop
     vertex  3.059518e+00 -1.236668e+00  1.430000e+01
     vertex  3.059518e+00 -1.236668e+00  1.130000e+01
     vertex  3.024440e+00 -1.320138e+00  1.130000e+01
   endloop
 endfacet
 facet normal -9.321804e-01  3.619940e-01 -6.589493e-19
   outer loop
     vertex  3.092294e+00 -1.152268e+00  1.430000e+01
     vertex  3.059518e+00 -1.236668e+00  1.130000e+01
     vertex  3.059518e+00 -1.236668e+00  1.430000e+01
   endloop
 endfacet
 facet normal -9.321804e-01  3.619940e-01  0.000000e+00
   outer loop
     vertex  3.092294e+00 -1.152268e+00  1.430000e+01
     vertex  3.092294e+00 -1.152268e+00  1.130000e+01
     vertex  3.059518e+00 -1.236668e+00  1.130000e+01
   endloop
 endfacet
 facet normal -9.417605e-01  3.362843e-01 -6.461795e-19
   outer loop
     vertex  3.122741e+00 -1.067000e+00  1.430000e+01
     vertex  3.092294e+00 -1.152268e+00  1.130000e+01
     vertex  3.092294e+00 -1.152268e+00  1.430000e+01
   endloop
 endfacet
 facet normal -9.417605e-01  3.362843e-01  0.000000e+00
   outer loop
     vertex  3.122741e+00 -1.067000e+00  1.430000e+01
     vertex  3.122741e+00 -1.067000e+00  1.130000e+01
     vertex  3.092294e+00 -1.152268e+00  1.130000e+01
   endloop
 endfacet
 facet normal -9.506317e-01  3.103214e-01  1.761930e-19
   outer loop
     vertex  3.150838e+00 -9.809289e-01  1.430000e+01
     vertex  3.122741e+00 -1.067000e+00  1.130000e+01
     vertex  3.122741e+00 -1.067000e+00  1.430000e+01
   endloop
 endfacet
 facet normal -9.506317e-01  3.103214e-01  0.000000e+00
   outer loop
     vertex  3.150838e+00 -9.809289e-01  1.430000e+01
     vertex  3.150838e+00 -9.809289e-01  1.130000e+01
     vertex  3.122741e+00 -1.067000e+00  1.130000e+01
   endloop
 endfacet
 facet normal -9.587873e-01  2.841250e-01  0.000000e+00
   outer loop
     vertex  3.150838e+00 -9.809289e-01  1.430000e+01
     vertex  3.176563e+00 -8.941194e-01  1.130000e+01
     vertex  3.150838e+00 -9.809289e-01  1.130000e+01
   endloop
 endfacet
 facet normal -9.587873e-01  2.841250e-01  0.000000e+00
   outer loop
     vertex  3.176563e+00 -8.941194e-01  1.430000e+01
     vertex  3.176563e+00 -8.941194e-01  1.130000e+01
     vertex  3.150838e+00 -9.809289e-01  1.430000e+01
   endloop
 endfacet
 facet normal -9.662211e-01  2.577146e-01  0.000000e+00
   outer loop
     vertex  3.176563e+00 -8.941194e-01  1.430000e+01
     vertex  3.199896e+00 -8.066369e-01  1.130000e+01
     vertex  3.176563e+00 -8.941194e-01  1.130000e+01
   endloop
 endfacet
 facet normal -9.662211e-01  2.577146e-01  0.000000e+00
   outer loop
     vertex  3.199896e+00 -8.066369e-01  1.430000e+01
     vertex  3.199896e+00 -8.066369e-01  1.130000e+01
     vertex  3.176563e+00 -8.941194e-01  1.430000e+01
   endloop
 endfacet
 facet normal -9.729276e-01  2.311102e-01  0.000000e+00
   outer loop
     vertex  3.199896e+00 -8.066369e-01  1.430000e+01
     vertex  3.220821e+00 -7.185472e-01  1.130000e+01
     vertex  3.199896e+00 -8.066369e-01  1.130000e+01
   endloop
 endfacet
 facet normal -9.729276e-01  2.311102e-01  0.000000e+00
   outer loop
     vertex  3.220821e+00 -7.185472e-01  1.430000e+01
     vertex  3.220821e+00 -7.185472e-01  1.130000e+01
     vertex  3.199896e+00 -8.066369e-01  1.430000e+01
   endloop
 endfacet
 facet normal -9.789017e-01  2.043319e-01 -2.254373e-19
   outer loop
     vertex  3.239322e+00 -6.299166e-01  1.430000e+01
     vertex  3.220821e+00 -7.185472e-01  1.130000e+01
     vertex  3.220821e+00 -7.185472e-01  1.430000e+01
   endloop
 endfacet
 facet normal -9.789017e-01  2.043319e-01  0.000000e+00
   outer loop
     vertex  3.239322e+00 -6.299166e-01  1.430000e+01
     vertex  3.239322e+00 -6.299166e-01  1.130000e+01
     vertex  3.220821e+00 -7.185472e-01  1.130000e+01
   endloop
 endfacet
 facet normal -9.841389e-01  1.773998e-01  0.000000e+00
   outer loop
     vertex  3.239322e+00 -6.299166e-01  1.430000e+01
     vertex  3.255384e+00 -5.408118e-01  1.130000e+01
     vertex  3.239322e+00 -6.299166e-01  1.130000e+01
   endloop
 endfacet
 facet normal -9.841389e-01  1.773998e-01  0.000000e+00
   outer loop
     vertex  3.255384e+00 -5.408118e-01  1.430000e+01
     vertex  3.255384e+00 -5.408118e-01  1.130000e+01
     vertex  3.239322e+00 -6.299166e-01  1.430000e+01
   endloop
 endfacet
 facet normal -9.886353e-01  1.503341e-01  3.601700e-19
   outer loop
     vertex  3.268995e+00 -4.512999e-01  1.430000e+01
     vertex  3.255384e+00 -5.408118e-01  1.130000e+01
     vertex  3.255384e+00 -5.408118e-01  1.430000e+01
   endloop
 endfacet
 facet normal -9.886353e-01  1.503341e-01  0.000000e+00
   outer loop
     vertex  3.268995e+00 -4.512999e-01  1.430000e+01
     vertex  3.268995e+00 -4.512999e-01  1.130000e+01
     vertex  3.255384e+00 -5.408118e-01  1.130000e+01
   endloop
 endfacet
 facet normal -9.923874e-01  1.231552e-01  0.000000e+00
   outer loop
     vertex  3.268995e+00 -4.512999e-01  1.430000e+01
     vertex  3.280146e+00 -3.614482e-01  1.130000e+01
     vertex  3.268995e+00 -4.512999e-01  1.130000e+01
   endloop
 endfacet
 facet normal -9.923874e-01  1.231552e-01  0.000000e+00
   outer loop
     vertex  3.280146e+00 -3.614482e-01  1.430000e+01
     vertex  3.280146e+00 -3.614482e-01  1.130000e+01
     vertex  3.268995e+00 -4.512999e-01  1.430000e+01
   endloop
 endfacet
 facet normal -9.953925e-01  9.588368e-02  0.000000e+00
   outer loop
     vertex  3.288827e+00 -2.713245e-01  1.430000e+01
     vertex  3.288827e+00 -2.713245e-01  1.130000e+01
     vertex  3.280146e+00 -3.614482e-01  1.130000e+01
   endloop
 endfacet
 facet normal -9.953925e-01  9.588368e-02 -1.104625e-19
   outer loop
     vertex  3.288827e+00 -2.713245e-01  1.430000e+01
     vertex  3.280146e+00 -3.614482e-01  1.130000e+01
     vertex  3.280146e+00 -3.614482e-01  1.430000e+01
   endloop
 endfacet
 facet normal -9.976484e-01  6.853995e-02  0.000000e+00
   outer loop
     vertex  3.295033e+00 -1.809966e-01  1.430000e+01
     vertex  3.295033e+00 -1.809966e-01  1.130000e+01
     vertex  3.288827e+00 -2.713245e-01  1.130000e+01
   endloop
 endfacet
 facet normal -9.991532e-01  4.114462e-02  0.000000e+00
   outer loop
     vertex  3.295033e+00 -1.809966e-01  1.430000e+01
     vertex  3.298758e+00 -9.053236e-02  1.130000e+01
     vertex  3.295033e+00 -1.809966e-01  1.130000e+01
   endloop
 endfacet
 facet normal -9.976484e-01  6.853995e-02 -1.244604e-19
   outer loop
     vertex  3.295033e+00 -1.809966e-01  1.430000e+01
     vertex  3.288827e+00 -2.713245e-01  1.130000e+01
     vertex  3.288827e+00 -2.713245e-01  1.430000e+01
   endloop
 endfacet
 facet normal -9.991532e-01  4.114462e-02  0.000000e+00
   outer loop
     vertex  3.298758e+00 -9.053236e-02  1.430000e+01
     vertex  3.298758e+00 -9.053236e-02  1.130000e+01
     vertex  3.295033e+00 -1.809966e-01  1.430000e+01
   endloop
 endfacet
 facet normal -9.999059e-01  1.371831e-02  0.000000e+00
   outer loop
     vertex  3.300000e+00 -8.082669e-16  1.430000e+01
     vertex  3.300000e+00 -8.082669e-16  1.130000e+01
     vertex  3.298758e+00 -9.053236e-02  1.130000e+01
   endloop
 endfacet
 facet normal -9.999059e-01  1.371831e-02 -3.809116e-21
   outer loop
     vertex  3.300000e+00 -8.082669e-16  1.430000e+01
     vertex  3.298758e+00 -9.053236e-02  1.130000e+01
     vertex  3.298758e+00 -9.053236e-02  1.430000e+01
   endloop
 endfacet
 facet normal  0.000000e+00  0.000000e+00  1.000000e+00
   outer loop
     vertex -2.465461e+00 -2.193513e+00  1.130000e+01
     vertex -2.404356e+00 -2.260325e+00  1.130000e+01
     vertex -2.341442e+00 -2.325436e+00  1.130000e+01
   endloop
 endfacet
 facet normal  0.000000e+00  0.000000e+00  1.000000e+00
   outer loop
     vertex -2.072650e+00 -2.567902e+00  1.130000e+01
     vertex -2.276764e+00 -2.388796e+00  1.130000e+01
     vertex -2.210373e+00 -2.450357e+00  1.130000e+01
   endloop
 endfacet
 facet normal  0.000000e+00  0.000000e+00  1.000000e+00
   outer loop
     vertex -2.072650e+00 -2.567902e+00  1.130000e+01
     vertex -2.210373e+00 -2.450357e+00  1.130000e+01
     vertex -2.142318e+00 -2.510075e+00  1.130000e+01
   endloop
 endfacet
 facet normal  0.000000e+00  0.000000e+00  1.000000e+00
   outer loop
     vertex -2.582059e+00 -2.054987e+00  1.130000e+01
     vertex -2.524710e+00 -2.125050e+00  1.130000e+01
     vertex -2.465461e+00 -2.193513e+00  1.130000e+01
   endloop
 endfacet
 facet normal  0.000000e+00  0.000000e+00  1.000000e+00
   outer loop
     vertex -2.001422e+00 -2.623797e+00  1.130000e+01
     vertex -2.341442e+00 -2.325436e+00  1.130000e+01
     vertex -2.276764e+00 -2.388796e+00  1.130000e+01
   endloop
 endfacet
 facet normal  0.000000e+00  0.000000e+00  1.000000e+00
   outer loop
     vertex -2.001422e+00 -2.623797e+00  1.130000e+01
     vertex -2.276764e+00 -2.388796e+00  1.130000e+01
     vertex -2.072650e+00 -2.567902e+00  1.130000e+01
   endloop
 endfacet
 facet normal  0.000000e+00  0.000000e+00  1.000000e+00
   outer loop
     vertex -1.778918e+00 -2.779469e+00  1.130000e+01
     vertex -2.001422e+00 -2.623797e+00  1.130000e+01
     vertex -1.928687e+00 -2.677716e+00  1.130000e+01
   endloop
 endfacet
 facet normal  0.000000e+00  0.000000e+00  1.000000e+00
   outer loop
     vertex -1.778918e+00 -2.779469e+00  1.130000e+01
     vertex -1.928687e+00 -2.677716e+00  1.130000e+01
     vertex -1.854501e+00 -2.729620e+00  1.130000e+01
   endloop
 endfacet
 facet normal  0.000000e+00  0.000000e+00  1.000000e+00
   outer loop
     vertex -2.791606e+00 -1.759811e+00  1.130000e+01
     vertex -2.742277e+00 -1.835734e+00  1.130000e+01
     vertex -2.690883e+00 -1.910275e+00  1.130000e+01
   endloop
 endfacet
 facet normal  0.000000e+00  0.000000e+00  1.000000e+00
   outer loop
     vertex -2.838834e+00 -1.682564e+00  1.130000e+01
     vertex -2.690883e+00 -1.910275e+00  1.130000e+01
     vertex -2.637464e+00 -1.983377e+00  1.130000e+01
   endloop
 endfacet
 facet normal  0.000000e+00  0.000000e+00  1.000000e+00
   outer loop
     vertex -2.838834e+00 -1.682564e+00  1.130000e+01
     vertex -2.791606e+00 -1.759811e+00  1.130000e+01
     vertex -2.690883e+00 -1.910275e+00  1.130000e+01
   endloop
 endfacet
 facet normal  0.000000e+00  0.000000e+00  1.000000e+00
   outer loop
     vertex -1.544368e+00 -2.916321e+00  1.130000e+01
     vertex -1.701997e+00 -2.827226e+00  1.130000e+01
     vertex -1.623794e+00 -2.872855e+00  1.130000e+01
   endloop
 endfacet
 facet normal  0.000000e+00  0.000000e+00  1.000000e+00
   outer loop
     vertex -1.463781e+00 -2.957591e+00  1.130000e+01
     vertex -1.778918e+00 -2.779469e+00  1.130000e+01
     vertex -1.701997e+00 -2.827226e+00  1.130000e+01
   endloop
 endfacet
 facet normal  0.000000e+00  0.000000e+00  1.000000e+00
   outer loop
     vertex -1.463781e+00 -2.957591e+00  1.130000e+01
     vertex -1.701997e+00 -2.827226e+00  1.130000e+01
     vertex -1.544368e+00 -2.916321e+00  1.130000e+01
   endloop
 endfacet
 facet normal  0.000000e+00  0.000000e+00  1.000000e+00
   outer loop
     vertex -3.006045e+00 -1.361504e+00  1.130000e+01
     vertex -2.967562e+00 -1.443459e+00  1.130000e+01
     vertex -2.926845e+00 -1.524328e+00  1.130000e+01
   endloop
 endfacet
 facet normal  0.000000e+00  0.000000e+00  1.000000e+00
   outer loop
     vertex -3.006045e+00 -1.361504e+00  1.130000e+01
     vertex -2.926845e+00 -1.524328e+00  1.130000e+01
     vertex -2.883925e+00 -1.604050e+00  1.130000e+01
   endloop
 endfacet
 facet normal  0.000000e+00  0.000000e+00  1.000000e+00
   outer loop
     vertex -1.299361e+00 -3.033424e+00  1.130000e+01
     vertex -1.463781e+00 -2.957591e+00  1.130000e+01
     vertex -1.382091e+00 -2.996636e+00  1.130000e+01
   endloop
 endfacet
 facet normal  0.000000e+00  0.000000e+00  1.000000e+00
   outer loop
     vertex -3.076195e+00 -1.194580e+00  1.130000e+01
     vertex -3.042265e+00 -1.278523e+00  1.130000e+01
     vertex -3.006045e+00 -1.361504e+00  1.130000e+01
   endloop
 endfacet
 facet normal  0.000000e+00  0.000000e+00  1.000000e+00
   outer loop
     vertex -3.076195e+00 -1.194580e+00  1.130000e+01
     vertex -3.006045e+00 -1.361504e+00  1.130000e+01
     vertex -2.883925e+00 -1.604050e+00  1.130000e+01
   endloop
 endfacet
 facet normal  0.000000e+00  0.000000e+00  1.000000e+00
   outer loop
     vertex -1.131030e+00 -3.100125e+00  1.130000e+01
     vertex -1.299361e+00 -3.033424e+00  1.130000e+01
     vertex -1.215653e+00 -3.067929e+00  1.130000e+01
   endloop
 endfacet
 facet normal  0.000000e+00  0.000000e+00  1.000000e+00
   outer loop
     vertex -1.131030e+00 -3.100125e+00  1.130000e+01
     vertex -1.463781e+00 -2.957591e+00  1.130000e+01
     vertex -1.299361e+00 -3.033424e+00  1.130000e+01
   endloop
 endfacet
 facet normal  0.000000e+00  0.000000e+00  1.000000e+00
   outer loop
     vertex -3.163998e+00 -9.376124e-01  1.130000e+01
     vertex -3.137085e+00 -1.024061e+00  1.130000e+01
     vertex -3.107810e+00 -1.109738e+00  1.130000e+01
   endloop
 endfacet
 facet normal  0.000000e+00  0.000000e+00  1.000000e+00
   outer loop
     vertex -3.163998e+00 -9.376124e-01  1.130000e+01
     vertex -3.107810e+00 -1.109738e+00  1.130000e+01
     vertex -3.076195e+00 -1.194580e+00  1.130000e+01
   endloop
 endfacet
 facet normal  0.000000e+00  0.000000e+00  1.000000e+00
   outer loop
     vertex -3.163998e+00 -9.376124e-01  1.130000e+01
     vertex -3.076195e+00 -1.194580e+00  1.130000e+01
     vertex -2.883925e+00 -1.604050e+00  1.130000e+01
   endloop
 endfacet
 facet normal  0.000000e+00  0.000000e+00  1.000000e+00
   outer loop
     vertex -8.723093e-01 -3.182621e+00  1.130000e+01
     vertex -1.131030e+00 -3.100125e+00  1.130000e+01
     vertex -1.045555e+00 -3.129986e+00  1.130000e+01
   endloop
 endfacet
 facet normal  0.000000e+00  0.000000e+00  1.000000e+00
   outer loop
     vertex -8.723093e-01 -3.182621e+00  1.130000e+01
     vertex -1.045555e+00 -3.129986e+00  1.130000e+01
     vertex -9.592932e-01 -3.157492e+00  1.130000e+01
   endloop
 endfacet
 facet normal  0.000000e+00  0.000000e+00  1.000000e+00
   outer loop
     vertex -3.210661e+00 -7.626638e-01  1.130000e+01
     vertex -3.188530e+00 -8.504582e-01  1.130000e+01
     vertex -3.163998e+00 -9.376124e-01  1.130000e+01
   endloop
 endfacet
 facet normal  0.000000e+00  0.000000e+00  1.000000e+00
   outer loop
     vertex -6.964376e-01 -3.225674e+00  1.130000e+01
     vertex -8.723093e-01 -3.182621e+00  1.130000e+01
     vertex -7.846688e-01 -3.205354e+00  1.130000e+01
   endloop
 endfacet
 facet normal  0.000000e+00  0.000000e+00  1.000000e+00
   outer loop
     vertex -3.247658e+00 -5.854193e-01  1.130000e+01
     vertex -3.230375e+00 -6.742953e-01  1.130000e+01
     vertex -3.210661e+00 -7.626638e-01  1.130000e+01
   endloop
 endfacet
 facet normal  0.000000e+00  0.000000e+00  1.000000e+00
   outer loop
     vertex -3.262496e+00 -4.961025e-01  1.130000e+01
     vertex -3.247658e+00 -5.854193e-01  1.130000e+01
     vertex -3.210661e+00 -7.626638e-01  1.130000e+01
   endloop
 endfacet
 facet normal  0.000000e+00  0.000000e+00  1.000000e+00
   outer loop
     vertex -3.262496e+00 -4.961025e-01  1.130000e+01
     vertex -3.210661e+00 -7.626638e-01  1.130000e+01
     vertex -3.163998e+00 -9.376124e-01  1.130000e+01
   endloop
 endfacet
 facet normal  0.000000e+00  0.000000e+00  1.000000e+00
   outer loop
     vertex -3.262496e+00 -4.961025e-01  1.130000e+01
     vertex -2.883925e+00 -1.604050e+00  1.130000e+01
     vertex -2.838834e+00 -1.682564e+00  1.130000e+01
   endloop
 endfacet
 facet normal  0.000000e+00  0.000000e+00  1.000000e+00
   outer loop
     vertex -3.262496e+00 -4.961025e-01  1.130000e+01
     vertex -3.163998e+00 -9.376124e-01  1.130000e+01
     vertex -2.883925e+00 -1.604050e+00  1.130000e+01
   endloop
 endfacet
 facet normal  0.000000e+00  0.000000e+00  1.000000e+00
   outer loop
     vertex -2.487590e-01 -3.290611e+00  1.130000e+01
     vertex -5.184693e-01 -3.259017e+00  1.130000e+01
     vertex -4.288662e-01 -3.272014e+00  1.130000e+01
   endloop
 endfacet
 facet normal  0.000000e+00  0.000000e+00  1.000000e+00
   outer loop
     vertex -2.487590e-01 -3.290611e+00  1.130000e+01
     vertex -4.288662e-01 -3.272014e+00  1.130000e+01
     vertex -3.389402e-01 -3.282548e+00  1.130000e+01
   endloop
 endfacet
 facet normal  0.000000e+00  0.000000e+00  1.000000e+00
   outer loop
     vertex -3.292240e+00 -2.261818e-01  1.130000e+01
     vertex -3.284795e+00 -3.164162e-01  1.130000e+01
     vertex -3.274878e+00 -4.064123e-01  1.130000e+01
   endloop
 endfacet
 facet normal  0.000000e+00  0.000000e+00  1.000000e+00
   outer loop
     vertex -1.583906e-01 -3.296197e+00  1.130000e+01
     vertex -5.184693e-01 -3.259017e+00  1.130000e+01
     vertex -2.487590e-01 -3.290611e+00  1.130000e+01
   endloop
 endfacet
 facet normal  0.000000e+00  0.000000e+00  1.000000e+00
   outer loop
     vertex -1.583906e-01 -3.296197e+00  1.130000e+01
     vertex -6.076822e-01 -3.243566e+00  1.130000e+01
     vertex -5.184693e-01 -3.259017e+00  1.130000e+01
   endloop
 endfacet
 facet normal  0.000000e+00  0.000000e+00  1.000000e+00
   outer loop
     vertex -3.297206e+00 -1.357772e-01  1.130000e+01
     vertex -3.274878e+00 -4.064123e-01  1.130000e+01
     vertex -3.262496e+00 -4.961025e-01  1.130000e+01
   endloop
 endfacet
 facet normal  0.000000e+00  0.000000e+00  1.000000e+00
   outer loop
     vertex -3.297206e+00 -1.357772e-01  1.130000e+01
     vertex -2.637464e+00 -1.983377e+00  1.130000e+01
     vertex -2.582059e+00 -2.054987e+00  1.130000e+01
   endloop
 endfacet
 facet normal  0.000000e+00  0.000000e+00  1.000000e+00
   outer loop
     vertex -3.297206e+00 -1.357772e-01  1.130000e+01
     vertex -2.582059e+00 -2.054987e+00  1.130000e+01
     vertex -2.465461e+00 -2.193513e+00  1.130000e+01
   endloop
 endfacet
 facet normal  0.000000e+00  0.000000e+00  1.000000e+00
   outer loop
     vertex -3.297206e+00 -1.357772e-01  1.130000e+01
     vertex -2.838834e+00 -1.682564e+00  1.130000e+01
     vertex -2.637464e+00 -1.983377e+00  1.130000e+01
   endloop
 endfacet
 facet normal  0.000000e+00  0.000000e+00  1.000000e+00
   outer loop
     vertex -3.297206e+00 -1.357772e-01  1.130000e+01
     vertex -3.292240e+00 -2.261818e-01  1.130000e+01
     vertex -3.274878e+00 -4.064123e-01  1.130000e+01
   endloop
 endfacet
 facet normal  0.000000e+00  0.000000e+00  1.000000e+00
   outer loop
     vertex -3.297206e+00 -1.357772e-01  1.130000e+01
     vertex -3.262496e+00 -4.961025e-01  1.130000e+01
     vertex -2.838834e+00 -1.682564e+00  1.130000e+01
   endloop
 endfacet
 facet normal  0.000000e+00  0.000000e+00  1.000000e+00
   outer loop
     vertex  2.263575e-02 -3.299922e+00  1.130000e+01
     vertex -6.076822e-01 -3.243566e+00  1.130000e+01
     vertex -1.583906e-01 -3.296197e+00  1.130000e+01
   endloop
 endfacet
 facet normal  0.000000e+00  0.000000e+00  1.000000e+00
   outer loop
     vertex  2.263575e-02 -3.299922e+00  1.130000e+01
     vertex -6.964376e-01 -3.225674e+00  1.130000e+01
     vertex -6.076822e-01 -3.243566e+00  1.130000e+01
   endloop
 endfacet
 facet normal  0.000000e+00  0.000000e+00  1.000000e+00
   outer loop
     vertex  2.263575e-02 -3.299922e+00  1.130000e+01
     vertex -1.583906e-01 -3.296197e+00  1.130000e+01
     vertex -6.790300e-02 -3.299301e+00  1.130000e+01
   endloop
 endfacet
 facet normal  0.000000e+00  0.000000e+00  1.000000e+00
   outer loop
     vertex -3.292240e+00  2.261818e-01  1.130000e+01
     vertex -3.297206e+00  1.357772e-01  1.130000e+01
     vertex -3.299689e+00  4.527044e-02  1.130000e+01
   endloop
 endfacet
 facet normal  0.000000e+00  0.000000e+00  1.000000e+00
   outer loop
     vertex -3.292240e+00  2.261818e-01  1.130000e+01
     vertex -3.299689e+00  4.527044e-02  1.130000e+01
     vertex -3.299689e+00 -4.527044e-02  1.130000e+01
   endloop
 endfacet
 facet normal  0.000000e+00  0.000000e+00  1.000000e+00
   outer loop
     vertex -3.292240e+00  2.261818e-01  1.130000e+01
     vertex -3.299689e+00 -4.527044e-02  1.130000e+01
     vertex -3.297206e+00 -1.357772e-01  1.130000e+01
   endloop
 endfacet
 facet normal  0.000000e+00  0.000000e+00  1.000000e+00
   outer loop
     vertex  2.938773e-01 -3.286889e+00  1.130000e+01
     vertex  1.131575e-01 -3.298059e+00  1.130000e+01
     vertex  2.035940e-01 -3.293714e+00  1.130000e+01
   endloop
 endfacet
 facet normal  0.000000e+00  0.000000e+00  1.000000e+00
   outer loop
     vertex -3.284795e+00  3.164162e-01  1.130000e+01
     vertex -3.292240e+00  2.261818e-01  1.130000e+01
     vertex -3.297206e+00 -1.357772e-01  1.130000e+01
   endloop
 endfacet
 facet normal  0.000000e+00  0.000000e+00  1.000000e+00
   outer loop
     vertex  3.839393e-01 -3.277589e+00  1.130000e+01
     vertex  1.131575e-01 -3.298059e+00  1.130000e+01
     vertex  2.938773e-01 -3.286889e+00  1.130000e+01
   endloop
 endfacet
 facet normal  0.000000e+00  0.000000e+00  1.000000e+00
   outer loop
     vertex -3.262496e+00  4.961025e-01  1.130000e+01
     vertex -3.274878e+00  4.064123e-01  1.130000e+01
     vertex -3.284795e+00  3.164162e-01  1.130000e+01
   endloop
 endfacet
 facet normal  0.000000e+00  0.000000e+00  1.000000e+00
   outer loop
     vertex -3.262496e+00  4.961025e-01  1.130000e+01
     vertex -3.297206e+00 -1.357772e-01  1.130000e+01
     vertex -2.465461e+00 -2.193513e+00  1.130000e+01
   endloop
 endfacet
 facet normal  0.000000e+00  0.000000e+00  1.000000e+00
   outer loop
     vertex -3.262496e+00  4.961025e-01  1.130000e+01
     vertex -2.465461e+00 -2.193513e+00  1.130000e+01
     vertex -2.341442e+00 -2.325436e+00  1.130000e+01
   endloop
 endfacet
 facet normal  0.000000e+00  0.000000e+00  1.000000e+00
   outer loop
     vertex -3.262496e+00  4.961025e-01  1.130000e+01
     vertex -3.284795e+00  3.164162e-01  1.130000e+01
     vertex -3.297206e+00 -1.357772e-01  1.130000e+01
   endloop
 endfacet
 facet normal  0.000000e+00  0.000000e+00  1.000000e+00
   outer loop
     vertex -3.262496e+00  4.961025e-01  1.130000e+01
     vertex -2.341442e+00 -2.325436e+00  1.130000e+01
     vertex -2.001422e+00 -2.623797e+00  1.130000e+01
   endloop
 endfacet
 facet normal  0.000000e+00  0.000000e+00  1.000000e+00
   outer loop
     vertex -3.262496e+00  4.961025e-01  1.130000e+01
     vertex -2.001422e+00 -2.623797e+00  1.130000e+01
     vertex -1.778918e+00 -2.779469e+00  1.130000e+01
   endloop
 endfacet
 facet normal  0.000000e+00  0.000000e+00  1.000000e+00
   outer loop
     vertex  9.158874e-01 -3.170355e+00  1.130000e+01
     vertex  6.521213e-01 -3.234925e+00  1.130000e+01
     vertex  7.406229e-01 -3.215817e+00  1.130000e+01
   endloop
 endfacet
 facet normal  0.000000e+00  0.000000e+00  1.000000e+00
   outer loop
     vertex  9.158874e-01 -3.170355e+00  1.130000e+01
     vertex  7.406229e-01 -3.215817e+00  1.130000e+01
     vertex  8.285670e-01 -3.194288e+00  1.130000e+01
   endloop
 endfacet
 facet normal  0.000000e+00  0.000000e+00  1.000000e+00
   outer loop
     vertex -3.163998e+00  9.376124e-01  1.130000e+01
     vertex -3.188530e+00  8.504582e-01  1.130000e+01
     vertex -3.210661e+00  7.626638e-01  1.130000e+01
   endloop
 endfacet
 facet normal  0.000000e+00  0.000000e+00  1.000000e+00
   outer loop
     vertex -3.163998e+00  9.376124e-01  1.130000e+01
     vertex -3.210661e+00  7.626638e-01  1.130000e+01
     vertex -3.230375e+00  6.742953e-01  1.130000e+01
   endloop
 endfacet
 facet normal  0.000000e+00  0.000000e+00  1.000000e+00
   outer loop
     vertex -3.163998e+00  9.376124e-01  1.130000e+01
     vertex -3.230375e+00  6.742953e-01  1.130000e+01
     vertex -3.247658e+00  5.854193e-01  1.130000e+01
   endloop
 endfacet
 facet normal  0.000000e+00  0.000000e+00  1.000000e+00
   outer loop
     vertex -3.163998e+00  9.376124e-01  1.130000e+01
     vertex -3.247658e+00  5.854193e-01  1.130000e+01
     vertex -3.262496e+00  4.961025e-01  1.130000e+01
   endloop
 endfacet
 facet normal  0.000000e+00  0.000000e+00  1.000000e+00
   outer loop
     vertex  1.002518e+00 -3.144035e+00  1.130000e+01
     vertex  4.737123e-01 -3.265823e+00  1.130000e+01
     vertex  5.631288e-01 -3.251597e+00  1.130000e+01
   endloop
 endfacet
 facet normal  0.000000e+00  0.000000e+00  1.000000e+00
   outer loop
     vertex  1.002518e+00 -3.144035e+00  1.130000e+01
     vertex  5.631288e-01 -3.251597e+00  1.130000e+01
     vertex  6.521213e-01 -3.234925e+00  1.130000e+01
   endloop
 endfacet
 facet normal  0.000000e+00  0.000000e+00  1.000000e+00
   outer loop
     vertex  1.002518e+00 -3.144035e+00  1.130000e+01
     vertex  6.521213e-01 -3.234925e+00  1.130000e+01
     vertex  9.158874e-01 -3.170355e+00  1.130000e+01
   endloop
 endfacet
 facet normal  0.000000e+00  0.000000e+00  1.000000e+00
   outer loop
     vertex  1.257625e+00 -3.050964e+00  1.130000e+01
     vertex  1.088395e+00 -3.115349e+00  1.130000e+01
     vertex  1.173452e+00 -3.084317e+00  1.130000e+01
   endloop
 endfacet
 facet normal  0.000000e+00  0.000000e+00  1.000000e+00
   outer loop
     vertex  1.340852e+00 -3.015313e+00  1.130000e+01
     vertex  1.088395e+00 -3.115349e+00  1.130000e+01
     vertex  1.257625e+00 -3.050964e+00  1.130000e+01
   endloop
 endfacet
 facet normal  0.000000e+00  0.000000e+00  1.000000e+00
   outer loop
     vertex  1.340852e+00 -3.015313e+00  1.130000e+01
     vertex  3.839393e-01 -3.277589e+00  1.130000e+01
     vertex  4.737123e-01 -3.265823e+00  1.130000e+01
   endloop
 endfacet
 facet normal  0.000000e+00  0.000000e+00  1.000000e+00
   outer loop
     vertex  1.340852e+00 -3.015313e+00  1.130000e+01
     vertex  4.737123e-01 -3.265823e+00  1.130000e+01
     vertex  1.002518e+00 -3.144035e+00  1.130000e+01
   endloop
 endfacet
 facet normal  0.000000e+00  0.000000e+00  1.000000e+00
   outer loop
     vertex  1.340852e+00 -3.015313e+00  1.130000e+01
     vertex  1.002518e+00 -3.144035e+00  1.130000e+01
     vertex  1.088395e+00 -3.115349e+00  1.130000e+01
   endloop
 endfacet
 facet normal  0.000000e+00  0.000000e+00  1.000000e+00
   outer loop
     vertex -3.006045e+00  1.361504e+00  1.130000e+01
     vertex -3.042265e+00  1.278523e+00  1.130000e+01
     vertex -3.076195e+00  1.194580e+00  1.130000e+01
   endloop
 endfacet
 facet normal  0.000000e+00  0.000000e+00  1.000000e+00
   outer loop
     vertex -3.006045e+00  1.361504e+00  1.130000e+01
     vertex -3.076195e+00  1.194580e+00  1.130000e+01
     vertex -3.107810e+00  1.109738e+00  1.130000e+01
   endloop
 endfacet
 facet normal  0.000000e+00  0.000000e+00  1.000000e+00
   outer loop
     vertex -2.967562e+00  1.443459e+00  1.130000e+01
     vertex -3.006045e+00  1.361504e+00  1.130000e+01
     vertex -3.107810e+00  1.109738e+00  1.130000e+01
   endloop
 endfacet
 facet normal  0.000000e+00  0.000000e+00  1.000000e+00
   outer loop
     vertex -2.967562e+00  1.443459e+00  1.130000e+01
     vertex -3.107810e+00  1.109738e+00  1.130000e+01
     vertex -3.137085e+00  1.024061e+00  1.130000e+01
   endloop
 endfacet
 facet normal  0.000000e+00  0.000000e+00  1.000000e+00
   outer loop
     vertex  1.584230e+00 -2.894860e+00  1.130000e+01
     vertex  1.131575e-01 -3.298059e+00  1.130000e+01
     vertex  3.839393e-01 -3.277589e+00  1.130000e+01
   endloop
 endfacet
 facet normal  0.000000e+00  0.000000e+00  1.000000e+00
   outer loop
     vertex  1.584230e+00 -2.894860e+00  1.130000e+01
     vertex  1.340852e+00 -3.015313e+00  1.130000e+01
     vertex  1.423070e+00 -2.977394e+00  1.130000e+01
   endloop
 endfacet
 facet normal  0.000000e+00  0.000000e+00  1.000000e+00
   outer loop
     vertex  1.584230e+00 -2.894860e+00  1.130000e+01
     vertex  1.423070e+00 -2.977394e+00  1.130000e+01
     vertex  1.504216e+00 -2.937232e+00  1.130000e+01
   endloop
 endfacet
 facet normal  0.000000e+00  0.000000e+00  1.000000e+00
   outer loop
     vertex  1.584230e+00 -2.894860e+00  1.130000e+01
     vertex  3.839393e-01 -3.277589e+00  1.130000e+01
     vertex  1.340852e+00 -3.015313e+00  1.130000e+01
   endloop
 endfacet
 facet normal  0.000000e+00  0.000000e+00  1.000000e+00
   outer loop
     vertex -2.883925e+00  1.604050e+00  1.130000e+01
     vertex -2.967562e+00  1.443459e+00  1.130000e+01
     vertex -3.137085e+00  1.024061e+00  1.130000e+01
   endloop
 endfacet
 facet normal  0.000000e+00  0.000000e+00  1.000000e+00
   outer loop
     vertex -2.883925e+00  1.604050e+00  1.130000e+01
     vertex -3.137085e+00  1.024061e+00  1.130000e+01
     vertex -3.163998e+00  9.376124e-01  1.130000e+01
   endloop
 endfacet
 facet normal  0.000000e+00  0.000000e+00  1.000000e+00
   outer loop
     vertex -2.883925e+00  1.604050e+00  1.130000e+01
     vertex -3.163998e+00  9.376124e-01  1.130000e+01
     vertex -3.262496e+00  4.961025e-01  1.130000e+01
   endloop
 endfacet
 facet normal  0.000000e+00  0.000000e+00  1.000000e+00
   outer loop
     vertex -2.883925e+00  1.604050e+00  1.130000e+01
     vertex -2.926845e+00  1.524328e+00  1.130000e+01
     vertex -2.967562e+00  1.443459e+00  1.130000e+01
   endloop
 endfacet
 facet normal  0.000000e+00  0.000000e+00  1.000000e+00
   outer loop
     vertex  1.663052e+00 -2.850309e+00  1.130000e+01
     vertex  1.131575e-01 -3.298059e+00  1.130000e+01
     vertex  1.584230e+00 -2.894860e+00  1.130000e+01
   endloop
 endfacet
 facet normal  0.000000e+00  0.000000e+00  1.000000e+00
   outer loop
     vertex  1.663052e+00 -2.850309e+00  1.130000e+01
     vertex  2.263575e-02 -3.299922e+00  1.130000e+01
     vertex  1.131575e-01 -3.298059e+00  1.130000e+01
   endloop
 endfacet
 facet normal  0.000000e+00  0.000000e+00  1.000000e+00
   outer loop
     vertex -2.791606e+00  1.759811e+00  1.130000e+01
     vertex -1.131030e+00 -3.100125e+00  1.130000e+01
     vertex -8.723093e-01 -3.182621e+00  1.130000e+01
   endloop
 endfacet
 facet normal  0.000000e+00  0.000000e+00  1.000000e+00
   outer loop
     vertex -2.791606e+00  1.759811e+00  1.130000e+01
     vertex -2.883925e+00  1.604050e+00  1.130000e+01
     vertex -3.262496e+00  4.961025e-01  1.130000e+01
   endloop
 endfacet
 facet normal  0.000000e+00  0.000000e+00  1.000000e+00
   outer loop
     vertex -2.791606e+00  1.759811e+00  1.130000e+01
     vertex -3.262496e+00  4.961025e-01  1.130000e+01
     vertex -1.778918e+00 -2.779469e+00  1.130000e+01
   endloop
 endfacet
 facet normal  0.000000e+00  0.000000e+00  1.000000e+00
   outer loop
     vertex -2.791606e+00  1.759811e+00  1.130000e+01
     vertex -1.778918e+00 -2.779469e+00  1.130000e+01
     vertex -1.463781e+00 -2.957591e+00  1.130000e+01
   endloop
 endfacet
 facet normal  0.000000e+00  0.000000e+00  1.000000e+00
   outer loop
     vertex -2.791606e+00  1.759811e+00  1.130000e+01
     vertex -1.463781e+00 -2.957591e+00  1.130000e+01
     vertex -1.131030e+00 -3.100125e+00  1.130000e+01
   endloop
 endfacet
 facet normal  0.000000e+00  0.000000e+00  1.000000e+00
   outer loop
     vertex -2.791606e+00  1.759811e+00  1.130000e+01
     vertex -2.838834e+00  1.682564e+00  1.130000e+01
     vertex -2.883925e+00  1.604050e+00  1.130000e+01
   endloop
 endfacet
 facet normal  0.000000e+00  0.000000e+00  1.000000e+00
   outer loop
     vertex -2.791606e+00  1.759811e+00  1.130000e+01
     vertex -8.723093e-01 -3.182621e+00  1.130000e+01
     vertex -6.964376e-01 -3.225674e+00  1.130000e+01
   endloop
 endfacet
 facet normal  0.000000e+00  0.000000e+00  1.000000e+00
   outer loop
     vertex  1.816880e+00 -2.754804e+00  1.130000e+01
     vertex  1.663052e+00 -2.850309e+00  1.130000e+01
     vertex  1.740621e+00 -2.803612e+00  1.130000e+01
   endloop
 endfacet
 facet normal  0.000000e+00  0.000000e+00  1.000000e+00
   outer loop
     vertex -2.690883e+00  1.910275e+00  1.130000e+01
     vertex -2.742277e+00  1.835734e+00  1.130000e+01
     vertex -2.791606e+00  1.759811e+00  1.130000e+01
   endloop
 endfacet
 facet normal  0.000000e+00  0.000000e+00  1.000000e+00
   outer loop
     vertex  1.965239e+00 -2.651006e+00  1.130000e+01
     vertex  1.816880e+00 -2.754804e+00  1.130000e+01
     vertex  1.891772e+00 -2.703923e+00  1.130000e+01
   endloop
 endfacet
 facet normal  0.000000e+00  0.000000e+00  1.000000e+00
   outer loop
     vertex  2.037228e+00 -2.596094e+00  1.130000e+01
     vertex  1.816880e+00 -2.754804e+00  1.130000e+01
     vertex  1.965239e+00 -2.651006e+00  1.130000e+01
   endloop
 endfacet
 facet normal  0.000000e+00  0.000000e+00  1.000000e+00
   outer loop
     vertex -2.582059e+00  2.054987e+00  1.130000e+01
     vertex -2.637464e+00  1.983377e+00  1.130000e+01
     vertex -2.690883e+00  1.910275e+00  1.130000e+01
   endloop
 endfacet
 facet normal  0.000000e+00  0.000000e+00  1.000000e+00
   outer loop
     vertex  2.176550e+00 -2.480449e+00  1.130000e+01
     vertex  1.663052e+00 -2.850309e+00  1.130000e+01
     vertex  1.816880e+00 -2.754804e+00  1.130000e+01
   endloop
 endfacet
 facet normal  0.000000e+00  0.000000e+00  1.000000e+00
   outer loop
     vertex  2.176550e+00 -2.480449e+00  1.130000e+01
     vertex  1.816880e+00 -2.754804e+00  1.130000e+01
     vertex  2.037228e+00 -2.596094e+00  1.130000e+01
   endloop
 endfacet
 facet normal  0.000000e+00  0.000000e+00  1.000000e+00
   outer loop
     vertex  2.176550e+00 -2.480449e+00  1.130000e+01
     vertex  2.037228e+00 -2.596094e+00  1.130000e+01
     vertex  2.107682e+00 -2.539227e+00  1.130000e+01
   endloop
 endfacet
 facet normal  0.000000e+00  0.000000e+00  1.000000e+00
   outer loop
     vertex -2.465461e+00  2.193513e+00  1.130000e+01
     vertex -2.690883e+00  1.910275e+00  1.130000e+01
     vertex -2.791606e+00  1.759811e+00  1.130000e+01
   endloop
 endfacet
 facet normal  0.000000e+00  0.000000e+00  1.000000e+00
   outer loop
     vertex -2.465461e+00  2.193513e+00  1.130000e+01
     vertex -2.582059e+00  2.054987e+00  1.130000e+01
     vertex -2.690883e+00  1.910275e+00  1.130000e+01
   endloop
 endfacet
 facet normal  0.000000e+00  0.000000e+00  1.000000e+00
   outer loop
     vertex -2.465461e+00  2.193513e+00  1.130000e+01
     vertex -2.524710e+00  2.125050e+00  1.130000e+01
     vertex -2.582059e+00  2.054987e+00  1.130000e+01
   endloop
 endfacet
 facet normal  0.000000e+00  0.000000e+00  1.000000e+00
   outer loop
     vertex  2.243780e+00 -2.419804e+00  1.130000e+01
     vertex  1.663052e+00 -2.850309e+00  1.130000e+01
     vertex  2.176550e+00 -2.480449e+00  1.130000e+01
   endloop
 endfacet
 facet normal  0.000000e+00  0.000000e+00  1.000000e+00
   outer loop
     vertex -2.404356e+00  2.260325e+00  1.130000e+01
     vertex -2.465461e+00  2.193513e+00  1.130000e+01
     vertex -2.791606e+00  1.759811e+00  1.130000e+01
   endloop
 endfacet
 facet normal  0.000000e+00  0.000000e+00  1.000000e+00
   outer loop
     vertex  2.309320e+00 -2.357337e+00  1.130000e+01
     vertex  1.663052e+00 -2.850309e+00  1.130000e+01
     vertex  2.243780e+00 -2.419804e+00  1.130000e+01
   endloop
 endfacet
 facet normal  0.000000e+00  0.000000e+00  1.000000e+00
   outer loop
     vertex -2.210373e+00  2.450357e+00  1.130000e+01
     vertex -2.276764e+00  2.388796e+00  1.130000e+01
     vertex -2.341442e+00  2.325436e+00  1.130000e+01
   endloop
 endfacet
 facet normal  0.000000e+00  0.000000e+00  1.000000e+00
   outer loop
     vertex -2.072650e+00  2.567902e+00  1.130000e+01
     vertex -2.404356e+00  2.260325e+00  1.130000e+01
     vertex -2.791606e+00  1.759811e+00  1.130000e+01
   endloop
 endfacet
 facet normal  0.000000e+00  0.000000e+00  1.000000e+00
   outer loop
     vertex -2.072650e+00  2.567902e+00  1.130000e+01
     vertex -2.210373e+00  2.450357e+00  1.130000e+01
     vertex -2.341442e+00  2.325436e+00  1.130000e+01
   endloop
 endfacet
 facet normal  0.000000e+00  0.000000e+00  1.000000e+00
   outer loop
     vertex -2.072650e+00  2.567902e+00  1.130000e+01
     vertex -2.142318e+00  2.510075e+00  1.130000e+01
     vertex -2.210373e+00  2.450357e+00  1.130000e+01
   endloop
 endfacet
 facet normal  0.000000e+00  0.000000e+00  1.000000e+00
   outer loop
     vertex -2.072650e+00  2.567902e+00  1.130000e+01
     vertex -2.341442e+00  2.325436e+00  1.130000e+01
     vertex -2.404356e+00  2.260325e+00  1.130000e+01
   endloop
 endfacet
 facet normal  0.000000e+00  0.000000e+00  1.000000e+00
   outer loop
     vertex  2.610007e+00 -2.019372e+00  1.130000e+01
     vertex  2.373122e+00 -2.293096e+00  1.130000e+01
     vertex  2.435138e+00 -2.227129e+00  1.130000e+01
   endloop
 endfacet
 facet normal  0.000000e+00  0.000000e+00  1.000000e+00
   outer loop
     vertex  2.610007e+00 -2.019372e+00  1.130000e+01
     vertex  2.435138e+00 -2.227129e+00  1.130000e+01
     vertex  2.495321e+00 -2.159485e+00  1.130000e+01
   endloop
 endfacet
 facet normal  0.000000e+00  0.000000e+00  1.000000e+00
   outer loop
     vertex  2.610007e+00 -2.019372e+00  1.130000e+01
     vertex  2.495321e+00 -2.159485e+00  1.130000e+01
     vertex  2.553625e+00 -2.090215e+00  1.130000e+01
   endloop
 endfacet
 facet normal  0.000000e+00  0.000000e+00  1.000000e+00
   outer loop
     vertex  2.610007e+00 -2.019372e+00  1.130000e+01
     vertex  2.309320e+00 -2.357337e+00  1.130000e+01
     vertex  2.373122e+00 -2.293096e+00  1.130000e+01
   endloop
 endfacet
 facet normal  0.000000e+00  0.000000e+00  1.000000e+00
   outer loop
     vertex  2.716836e+00 -1.873180e+00  1.130000e+01
     vertex  2.610007e+00 -2.019372e+00  1.130000e+01
     vertex  2.664424e+00 -1.947009e+00  1.130000e+01
   endloop
 endfacet
 facet normal  0.000000e+00  0.000000e+00  1.000000e+00
   outer loop
     vertex -1.854501e+00  2.729620e+00  1.130000e+01
     vertex -1.928687e+00  2.677716e+00  1.130000e+01
     vertex -2.001422e+00  2.623797e+00  1.130000e+01
   endloop
 endfacet
 facet normal  0.000000e+00  0.000000e+00  1.000000e+00
   outer loop
     vertex -1.854501e+00  2.729620e+00  1.130000e+01
     vertex -2.001422e+00  2.623797e+00  1.130000e+01
     vertex -2.072650e+00  2.567902e+00  1.130000e+01
   endloop
 endfacet
 facet normal  0.000000e+00  0.000000e+00  1.000000e+00
   outer loop
     vertex  2.767202e+00 -1.797942e+00  1.130000e+01
     vertex  2.610007e+00 -2.019372e+00  1.130000e+01
     vertex  2.716836e+00 -1.873180e+00  1.130000e+01
   endloop
 endfacet
 facet normal  0.000000e+00  0.000000e+00  1.000000e+00
   outer loop
     vertex -1.701997e+00  2.827226e+00  1.130000e+01
     vertex -1.778918e+00  2.779469e+00  1.130000e+01
     vertex -1.854501e+00  2.729620e+00  1.130000e+01
   endloop
 endfacet
 facet normal  0.000000e+00  0.000000e+00  1.000000e+00
   outer loop
     vertex -1.623794e+00  2.872855e+00  1.130000e+01
     vertex -1.701997e+00  2.827226e+00  1.130000e+01
     vertex -1.854501e+00  2.729620e+00  1.130000e+01
   endloop
 endfacet
 facet normal  0.000000e+00  0.000000e+00  1.000000e+00
   outer loop
     vertex  2.905659e+00 -1.564336e+00  1.130000e+01
     vertex  2.767202e+00 -1.797942e+00  1.130000e+01
     vertex  2.815485e+00 -1.721349e+00  1.130000e+01
   endloop
 endfacet
 facet normal  0.000000e+00  0.000000e+00  1.000000e+00
   outer loop
     vertex  2.905659e+00 -1.564336e+00  1.130000e+01
     vertex  2.815485e+00 -1.721349e+00  1.130000e+01
     vertex  2.861649e+00 -1.643461e+00  1.130000e+01
   endloop
 endfacet
 facet normal  0.000000e+00  0.000000e+00  1.000000e+00
   outer loop
     vertex  2.905659e+00 -1.564336e+00  1.130000e+01
     vertex  2.610007e+00 -2.019372e+00  1.130000e+01
     vertex  2.767202e+00 -1.797942e+00  1.130000e+01
   endloop
 endfacet
 facet normal  0.000000e+00  0.000000e+00  1.000000e+00
   outer loop
     vertex -1.544368e+00  2.916321e+00  1.130000e+01
     vertex -2.072650e+00  2.567902e+00  1.130000e+01
     vertex -2.791606e+00  1.759811e+00  1.130000e+01
   endloop
 endfacet
 facet normal  0.000000e+00  0.000000e+00  1.000000e+00
   outer loop
     vertex -1.544368e+00  2.916321e+00  1.130000e+01
     vertex -1.854501e+00  2.729620e+00  1.130000e+01
     vertex -2.072650e+00  2.567902e+00  1.130000e+01
   endloop
 endfacet
 facet normal  0.000000e+00  0.000000e+00  1.000000e+00
   outer loop
     vertex -1.544368e+00  2.916321e+00  1.130000e+01
     vertex -1.623794e+00  2.872855e+00  1.130000e+01
     vertex -1.854501e+00  2.729620e+00  1.130000e+01
   endloop
 endfacet
 facet normal  0.000000e+00  0.000000e+00  1.000000e+00
   outer loop
     vertex  2.987085e+00 -1.402613e+00  1.130000e+01
     vertex  2.905659e+00 -1.564336e+00  1.130000e+01
     vertex  2.947481e+00 -1.484033e+00  1.130000e+01
   endloop
 endfacet
 facet normal  0.000000e+00  0.000000e+00  1.000000e+00
   outer loop
     vertex  2.987085e+00 -1.402613e+00  1.130000e+01
     vertex  2.610007e+00 -2.019372e+00  1.130000e+01
     vertex  2.905659e+00 -1.564336e+00  1.130000e+01
   endloop
 endfacet
 facet normal  0.000000e+00  0.000000e+00  1.000000e+00
   outer loop
     vertex -1.299361e+00  3.033424e+00  1.130000e+01
     vertex -1.382091e+00  2.996636e+00  1.130000e+01
     vertex -1.463781e+00  2.957591e+00  1.130000e+01
   endloop
 endfacet
 facet normal  0.000000e+00  0.000000e+00  1.000000e+00
   outer loop
     vertex -1.299361e+00  3.033424e+00  1.130000e+01
     vertex -1.463781e+00  2.957591e+00  1.130000e+01
     vertex -1.544368e+00  2.916321e+00  1.130000e+01
   endloop
 endfacet
 facet normal  0.000000e+00  0.000000e+00  1.000000e+00
   outer loop
     vertex -1.299361e+00  3.033424e+00  1.130000e+01
     vertex -1.544368e+00  2.916321e+00  1.130000e+01
     vertex -2.791606e+00  1.759811e+00  1.130000e+01
   endloop
 endfacet
 facet normal  0.000000e+00  0.000000e+00  1.000000e+00
   outer loop
     vertex -1.131030e+00  3.100125e+00  1.130000e+01
     vertex -1.299361e+00  3.033424e+00  1.130000e+01
     vertex -2.791606e+00  1.759811e+00  1.130000e+01
   endloop
 endfacet
 facet normal  0.000000e+00  0.000000e+00  1.000000e+00
   outer loop
     vertex -1.131030e+00  3.100125e+00  1.130000e+01
     vertex -1.215653e+00  3.067929e+00  1.130000e+01
     vertex -1.299361e+00  3.033424e+00  1.130000e+01
   endloop
 endfacet
 facet normal  0.000000e+00  0.000000e+00  1.000000e+00
   outer loop
     vertex  3.122741e+00 -1.067000e+00  1.130000e+01
     vertex  3.024440e+00 -1.320138e+00  1.130000e+01
     vertex  3.059518e+00 -1.236668e+00  1.130000e+01
   endloop
 endfacet
 facet normal  0.000000e+00  0.000000e+00  1.000000e+00
   outer loop
     vertex  3.122741e+00 -1.067000e+00  1.130000e+01
     vertex  3.059518e+00 -1.236668e+00  1.130000e+01
     vertex  3.092294e+00 -1.152268e+00  1.130000e+01
   endloop
 endfacet
 facet normal  0.000000e+00  0.000000e+00  1.000000e+00
   outer loop
     vertex  3.150838e+00 -9.809289e-01  1.130000e+01
     vertex  2.987085e+00 -1.402613e+00  1.130000e+01
     vertex  3.024440e+00 -1.320138e+00  1.130000e+01
   endloop
 endfacet
 facet normal  0.000000e+00  0.000000e+00  1.000000e+00
   outer loop
     vertex  3.150838e+00 -9.809289e-01  1.130000e+01
     vertex  3.024440e+00 -1.320138e+00  1.130000e+01
     vertex  3.122741e+00 -1.067000e+00  1.130000e+01
   endloop
 endfacet
 facet normal  0.000000e+00  0.000000e+00  1.000000e+00
   outer loop
     vertex  3.239322e+00 -6.299166e-01  1.130000e+01
     vertex  3.199896e+00 -8.066369e-01  1.130000e+01
     vertex  3.220821e+00 -7.185472e-01  1.130000e+01
   endloop
 endfacet
 facet normal  0.000000e+00  0.000000e+00  1.000000e+00
   outer loop
     vertex -5.184693e-01  3.259017e+00  1.130000e+01
     vertex -6.076822e-01  3.243566e+00  1.130000e+01
     vertex -6.964376e-01  3.225674e+00  1.130000e+01
   endloop
 endfacet
 facet normal  0.000000e+00  0.000000e+00  1.000000e+00
   outer loop
     vertex -5.184693e-01  3.259017e+00  1.130000e+01
     vertex -6.964376e-01  3.225674e+00  1.130000e+01
     vertex -7.846688e-01  3.205354e+00  1.130000e+01
   endloop
 endfacet
 facet normal  0.000000e+00  0.000000e+00  1.000000e+00
   outer loop
     vertex -5.184693e-01  3.259017e+00  1.130000e+01
     vertex -7.846688e-01  3.205354e+00  1.130000e+01
     vertex -8.723093e-01  3.182621e+00  1.130000e+01
   endloop
 endfacet
 facet normal  0.000000e+00  0.000000e+00  1.000000e+00
   outer loop
     vertex -5.184693e-01  3.259017e+00  1.130000e+01
     vertex -8.723093e-01  3.182621e+00  1.130000e+01
     vertex -9.592932e-01  3.157492e+00  1.130000e+01
   endloop
 endfacet
 facet normal  0.000000e+00  0.000000e+00  1.000000e+00
   outer loop
     vertex  3.268995e+00 -4.512999e-01  1.130000e+01
     vertex  3.176563e+00 -8.941194e-01  1.130000e+01
     vertex  3.199896e+00 -8.066369e-01  1.130000e+01
   endloop
 endfacet
 facet normal  0.000000e+00  0.000000e+00  1.000000e+00
   outer loop
     vertex  3.268995e+00 -4.512999e-01  1.130000e+01
     vertex  3.239322e+00 -6.299166e-01  1.130000e+01
     vertex  3.255384e+00 -5.408118e-01  1.130000e+01
   endloop
 endfacet
 facet normal  0.000000e+00  0.000000e+00  1.000000e+00
   outer loop
     vertex  3.268995e+00 -4.512999e-01  1.130000e+01
     vertex  3.199896e+00 -8.066369e-01  1.130000e+01
     vertex  3.239322e+00 -6.299166e-01  1.130000e+01
   endloop
 endfacet
 facet normal  0.000000e+00  0.000000e+00  1.000000e+00
   outer loop
     vertex -4.288662e-01  3.272014e+00  1.130000e+01
     vertex -5.184693e-01  3.259017e+00  1.130000e+01
     vertex -9.592932e-01  3.157492e+00  1.130000e+01
   endloop
 endfacet
 facet normal  0.000000e+00  0.000000e+00  1.000000e+00
   outer loop
     vertex -4.288662e-01  3.272014e+00  1.130000e+01
     vertex -9.592932e-01  3.157492e+00  1.130000e+01
     vertex -1.045555e+00  3.129986e+00  1.130000e+01
   endloop
 endfacet
 facet normal  0.000000e+00  0.000000e+00  1.000000e+00
   outer loop
     vertex -4.288662e-01  3.272014e+00  1.130000e+01
     vertex -1.045555e+00  3.129986e+00  1.130000e+01
     vertex -1.131030e+00  3.100125e+00  1.130000e+01
   endloop
 endfacet
 facet normal  0.000000e+00  0.000000e+00  1.000000e+00
   outer loop
     vertex  3.280146e+00 -3.614482e-01  1.130000e+01
     vertex  3.150838e+00 -9.809289e-01  1.130000e+01
     vertex  3.176563e+00 -8.941194e-01  1.130000e+01
   endloop
 endfacet
 facet normal  0.000000e+00  0.000000e+00  1.000000e+00
   outer loop
     vertex  3.280146e+00 -3.614482e-01  1.130000e+01
     vertex  3.176563e+00 -8.941194e-01  1.130000e+01
     vertex  3.268995e+00 -4.512999e-01  1.130000e+01
   endloop
 endfacet
 facet normal  0.000000e+00  0.000000e+00  1.000000e+00
   outer loop
     vertex  3.288827e+00 -2.713245e-01  1.130000e+01
     vertex  2.610007e+00 -2.019372e+00  1.130000e+01
     vertex  2.987085e+00 -1.402613e+00  1.130000e+01
   endloop
 endfacet
 facet normal  0.000000e+00  0.000000e+00  1.000000e+00
   outer loop
     vertex  3.288827e+00 -2.713245e-01  1.130000e+01
     vertex  2.987085e+00 -1.402613e+00  1.130000e+01
     vertex  3.150838e+00 -9.809289e-01  1.130000e+01
   endloop
 endfacet
 facet normal  0.000000e+00  0.000000e+00  1.000000e+00
   outer loop
     vertex  3.288827e+00 -2.713245e-01  1.130000e+01
     vertex  3.150838e+00 -9.809289e-01  1.130000e+01
     vertex  3.280146e+00 -3.614482e-01  1.130000e+01
   endloop
 endfacet
 facet normal  0.000000e+00  0.000000e+00  1.000000e+00
   outer loop
     vertex -2.487590e-01  3.290611e+00  1.130000e+01
     vertex -4.288662e-01  3.272014e+00  1.130000e+01
     vertex -1.131030e+00  3.100125e+00  1.130000e+01
   endloop
 endfacet
 facet normal  0.000000e+00  0.000000e+00  1.000000e+00
   outer loop
     vertex -2.487590e-01  3.290611e+00  1.130000e+01
     vertex -3.389402e-01  3.282548e+00  1.130000e+01
     vertex -4.288662e-01  3.272014e+00  1.130000e+01
   endloop
 endfacet
 facet normal  0.000000e+00  0.000000e+00  1.000000e+00
   outer loop
     vertex  3.298758e+00 -9.053236e-02  1.130000e+01
     vertex  3.288827e+00 -2.713245e-01  1.130000e+01
     vertex  3.295033e+00 -1.809966e-01  1.130000e+01
   endloop
 endfacet
 facet normal  0.000000e+00  0.000000e+00  1.000000e+00
   outer loop
     vertex  2.263575e-02  3.299922e+00  1.130000e+01
     vertex -6.790300e-02  3.299301e+00  1.130000e+01
     vertex -1.583906e-01  3.296197e+00  1.130000e+01
   endloop
 endfacet
 facet normal  0.000000e+00  0.000000e+00  1.000000e+00
   outer loop
     vertex  2.263575e-02  3.299922e+00  1.130000e+01
     vertex -1.583906e-01  3.296197e+00  1.130000e+01
     vertex -2.487590e-01  3.290611e+00  1.130000e+01
   endloop
 endfacet
 facet normal  0.000000e+00  0.000000e+00  1.000000e+00
   outer loop
     vertex  3.295033e+00  1.809966e-01  1.130000e+01
     vertex  3.300000e+00 -8.082669e-16  1.130000e+01
     vertex  3.298758e+00  9.053236e-02  1.130000e+01
   endloop
 endfacet
 facet normal  0.000000e+00  0.000000e+00  1.000000e+00
   outer loop
     vertex  3.295033e+00  1.809966e-01  1.130000e+01
     vertex  3.298758e+00 -9.053236e-02  1.130000e+01
     vertex  3.300000e+00 -8.082669e-16  1.130000e+01
   endloop
 endfacet
 facet normal  0.000000e+00  0.000000e+00  1.000000e+00
   outer loop
     vertex  3.295033e+00  1.809966e-01  1.130000e+01
     vertex  3.288827e+00 -2.713245e-01  1.130000e+01
     vertex  3.298758e+00 -9.053236e-02  1.130000e+01
   endloop
 endfacet
 facet normal  0.000000e+00  0.000000e+00  1.000000e+00
   outer loop
     vertex  2.035940e-01  3.293714e+00  1.130000e+01
     vertex  1.131575e-01  3.298059e+00  1.130000e+01
     vertex  2.263575e-02  3.299922e+00  1.130000e+01
   endloop
 endfacet
 facet normal  0.000000e+00  0.000000e+00  1.000000e+00
   outer loop
     vertex  2.938773e-01  3.286889e+00  1.130000e+01
     vertex  2.035940e-01  3.293714e+00  1.130000e+01
     vertex  2.263575e-02  3.299922e+00  1.130000e+01
   endloop
 endfacet
 facet normal  0.000000e+00  0.000000e+00  1.000000e+00
   outer loop
     vertex  3.255384e+00  5.408118e-01  1.130000e+01
     vertex  3.295033e+00  1.809966e-01  1.130000e+01
     vertex  3.288827e+00  2.713245e-01  1.130000e+01
   endloop
 endfacet
 facet normal  0.000000e+00  0.000000e+00  1.000000e+00
   outer loop
     vertex  3.255384e+00  5.408118e-01  1.130000e+01
     vertex  3.288827e+00  2.713245e-01  1.130000e+01
     vertex  3.280146e+00  3.614482e-01  1.130000e+01
   endloop
 endfacet
 facet normal  0.000000e+00  0.000000e+00  1.000000e+00
   outer loop
     vertex  3.255384e+00  5.408118e-01  1.130000e+01
     vertex  3.280146e+00  3.614482e-01  1.130000e+01
     vertex  3.268995e+00  4.512999e-01  1.130000e+01
   endloop
 endfacet
 facet normal  0.000000e+00  0.000000e+00  1.000000e+00
   outer loop
     vertex  3.255384e+00  5.408118e-01  1.130000e+01
     vertex  3.288827e+00 -2.713245e-01  1.130000e+01
     vertex  3.295033e+00  1.809966e-01  1.130000e+01
   endloop
 endfacet
 facet normal  0.000000e+00  0.000000e+00  1.000000e+00
   outer loop
     vertex  6.521213e-01  3.234925e+00  1.130000e+01
     vertex  5.631288e-01  3.251597e+00  1.130000e+01
     vertex  4.737123e-01  3.265823e+00  1.130000e+01
   endloop
 endfacet
 facet normal  0.000000e+00  0.000000e+00  1.000000e+00
   outer loop
     vertex  6.521213e-01  3.234925e+00  1.130000e+01
     vertex  4.737123e-01  3.265823e+00  1.130000e+01
     vertex  3.839393e-01  3.277589e+00  1.130000e+01
   endloop
 endfacet
 facet normal  0.000000e+00  0.000000e+00  1.000000e+00
   outer loop
     vertex  6.521213e-01  3.234925e+00  1.130000e+01
     vertex  3.839393e-01  3.277589e+00  1.130000e+01
     vertex  2.938773e-01  3.286889e+00  1.130000e+01
   endloop
 endfacet
 facet normal  0.000000e+00  0.000000e+00  1.000000e+00
   outer loop
     vertex  6.521213e-01  3.234925e+00  1.130000e+01
     vertex  2.263575e-02  3.299922e+00  1.130000e+01
     vertex -2.487590e-01  3.290611e+00  1.130000e+01
   endloop
 endfacet
 facet normal  0.000000e+00  0.000000e+00  1.000000e+00
   outer loop
     vertex  6.521213e-01  3.234925e+00  1.130000e+01
     vertex  2.938773e-01  3.286889e+00  1.130000e+01
     vertex  2.263575e-02  3.299922e+00  1.130000e+01
   endloop
 endfacet
 facet normal  0.000000e+00  0.000000e+00  1.000000e+00
   outer loop
     vertex  3.199896e+00  8.066369e-01  1.130000e+01
     vertex  3.239322e+00  6.299166e-01  1.130000e+01
     vertex  3.220821e+00  7.185472e-01  1.130000e+01
   endloop
 endfacet
 facet normal  0.000000e+00  0.000000e+00  1.000000e+00
   outer loop
     vertex  8.285670e-01  3.194288e+00  1.130000e+01
     vertex  7.406229e-01  3.215817e+00  1.130000e+01
     vertex  6.521213e-01  3.234925e+00  1.130000e+01
   endloop
 endfacet
 facet normal  0.000000e+00  0.000000e+00  1.000000e+00
   outer loop
     vertex  1.002518e+00  3.144035e+00  1.130000e+01
     vertex  8.285670e-01  3.194288e+00  1.130000e+01
     vertex  6.521213e-01  3.234925e+00  1.130000e+01
   endloop
 endfacet
 facet normal  0.000000e+00  0.000000e+00  1.000000e+00
   outer loop
     vertex  1.002518e+00  3.144035e+00  1.130000e+01
     vertex  9.158874e-01  3.170355e+00  1.130000e+01
     vertex  8.285670e-01  3.194288e+00  1.130000e+01
   endloop
 endfacet
 facet normal  0.000000e+00  0.000000e+00  1.000000e+00
   outer loop
     vertex  3.092294e+00  1.152268e+00  1.130000e+01
     vertex  3.239322e+00  6.299166e-01  1.130000e+01
     vertex  3.199896e+00  8.066369e-01  1.130000e+01
   endloop
 endfacet
 facet normal  0.000000e+00  0.000000e+00  1.000000e+00
   outer loop
     vertex  3.092294e+00  1.152268e+00  1.130000e+01
     vertex  3.199896e+00  8.066369e-01  1.130000e+01
     vertex  3.176563e+00  8.941194e-01  1.130000e+01
   endloop
 endfacet
 facet normal  0.000000e+00  0.000000e+00  1.000000e+00
   outer loop
     vertex  3.092294e+00  1.152268e+00  1.130000e+01
     vertex  3.176563e+00  8.941194e-01  1.130000e+01
     vertex  3.150838e+00  9.809289e-01  1.130000e+01
   endloop
 endfacet
 facet normal  0.000000e+00  0.000000e+00  1.000000e+00
   outer loop
     vertex  3.092294e+00  1.152268e+00  1.130000e+01
     vertex  3.150838e+00  9.809289e-01  1.130000e+01
     vertex  3.122741e+00  1.067000e+00  1.130000e+01
   endloop
 endfacet
 facet normal  0.000000e+00  0.000000e+00  1.000000e+00
   outer loop
     vertex  1.257625e+00  3.050964e+00  1.130000e+01
     vertex  1.173452e+00  3.084317e+00  1.130000e+01
     vertex  1.088395e+00  3.115349e+00  1.130000e+01
   endloop
 endfacet
 facet normal  0.000000e+00  0.000000e+00  1.000000e+00
   outer loop
     vertex  1.257625e+00  3.050964e+00  1.130000e+01
     vertex  1.088395e+00  3.115349e+00  1.130000e+01
     vertex  1.002518e+00  3.144035e+00  1.130000e+01
   endloop
 endfacet
 facet normal  0.000000e+00  0.000000e+00  1.000000e+00
   outer loop
     vertex  1.423070e+00  2.977394e+00  1.130000e+01
     vertex  1.002518e+00  3.144035e+00  1.130000e+01
     vertex  6.521213e-01  3.234925e+00  1.130000e+01
   endloop
 endfacet
 facet normal  0.000000e+00  0.000000e+00  1.000000e+00
   outer loop
     vertex  1.423070e+00  2.977394e+00  1.130000e+01
     vertex  1.340852e+00  3.015313e+00  1.130000e+01
     vertex  1.257625e+00  3.050964e+00  1.130000e+01
   endloop
 endfacet
 facet normal  0.000000e+00  0.000000e+00  1.000000e+00
   outer loop
     vertex  1.423070e+00  2.977394e+00  1.130000e+01
     vertex  1.257625e+00  3.050964e+00  1.130000e+01
     vertex  1.002518e+00  3.144035e+00  1.130000e+01
   endloop
 endfacet
 facet normal  0.000000e+00  0.000000e+00  1.000000e+00
   outer loop
     vertex  2.947481e+00  1.484033e+00  1.130000e+01
     vertex  3.239322e+00  6.299166e-01  1.130000e+01
     vertex  3.092294e+00  1.152268e+00  1.130000e+01
   endloop
 endfacet
 facet normal  0.000000e+00  0.000000e+00  1.000000e+00
   outer loop
     vertex  2.947481e+00  1.484033e+00  1.130000e+01
     vertex  3.255384e+00  5.408118e-01  1.130000e+01
     vertex  3.239322e+00  6.299166e-01  1.130000e+01
   endloop
 endfacet
 facet normal  0.000000e+00  0.000000e+00  1.000000e+00
   outer loop
     vertex  2.947481e+00  1.484033e+00  1.130000e+01
     vertex  3.092294e+00  1.152268e+00  1.130000e+01
     vertex  3.059518e+00  1.236668e+00  1.130000e+01
   endloop
 endfacet
 facet normal  0.000000e+00  0.000000e+00  1.000000e+00
   outer loop
     vertex  2.947481e+00  1.484033e+00  1.130000e+01
     vertex  3.059518e+00  1.236668e+00  1.130000e+01
     vertex  3.024440e+00  1.320138e+00  1.130000e+01
   endloop
 endfacet
 facet normal  0.000000e+00  0.000000e+00  1.000000e+00
   outer loop
     vertex  2.947481e+00  1.484033e+00  1.130000e+01
     vertex  3.024440e+00  1.320138e+00  1.130000e+01
     vertex  2.987085e+00  1.402613e+00  1.130000e+01
   endloop
 endfacet
 facet normal  0.000000e+00  0.000000e+00  1.000000e+00
   outer loop
     vertex  2.947481e+00  1.484033e+00  1.130000e+01
     vertex  3.288827e+00 -2.713245e-01  1.130000e+01
     vertex  3.255384e+00  5.408118e-01  1.130000e+01
   endloop
 endfacet
 facet normal  0.000000e+00  0.000000e+00  1.000000e+00
   outer loop
     vertex  1.504216e+00  2.937232e+00  1.130000e+01
     vertex  1.423070e+00  2.977394e+00  1.130000e+01
     vertex  6.521213e-01  3.234925e+00  1.130000e+01
   endloop
 endfacet
 facet normal  0.000000e+00  0.000000e+00  1.000000e+00
   outer loop
     vertex  1.663052e+00  2.850309e+00  1.130000e+01
     vertex  1.584230e+00  2.894860e+00  1.130000e+01
     vertex  1.504216e+00  2.937232e+00  1.130000e+01
   endloop
 endfacet
 facet normal  0.000000e+00  0.000000e+00  1.000000e+00
   outer loop
     vertex  1.663052e+00  2.850309e+00  1.130000e+01
     vertex  1.504216e+00  2.937232e+00  1.130000e+01
     vertex  6.521213e-01  3.234925e+00  1.130000e+01
   endloop
 endfacet
 facet normal  0.000000e+00  0.000000e+00  1.000000e+00
   outer loop
     vertex  2.815485e+00  1.721349e+00  1.130000e+01
     vertex  2.947481e+00  1.484033e+00  1.130000e+01
     vertex  2.905659e+00  1.564336e+00  1.130000e+01
   endloop
 endfacet
 facet normal  0.000000e+00  0.000000e+00  1.000000e+00
   outer loop
     vertex  2.815485e+00  1.721349e+00  1.130000e+01
     vertex  2.905659e+00  1.564336e+00  1.130000e+01
     vertex  2.861649e+00  1.643461e+00  1.130000e+01
   endloop
 endfacet
 facet normal  0.000000e+00  0.000000e+00  1.000000e+00
   outer loop
     vertex  1.740621e+00  2.803612e+00  1.130000e+01
     vertex  1.663052e+00  2.850309e+00  1.130000e+01
     vertex  6.521213e-01  3.234925e+00  1.130000e+01
   endloop
 endfacet
 facet normal  0.000000e+00  0.000000e+00  1.000000e+00
   outer loop
     vertex  2.716836e+00  1.873180e+00  1.130000e+01
     vertex  2.815485e+00  1.721349e+00  1.130000e+01
     vertex  2.767202e+00  1.797942e+00  1.130000e+01
   endloop
 endfacet
 facet normal  0.000000e+00  0.000000e+00  1.000000e+00
   outer loop
     vertex  1.891772e+00  2.703923e+00  1.130000e+01
     vertex  1.816880e+00  2.754804e+00  1.130000e+01
     vertex  1.740621e+00  2.803612e+00  1.130000e+01
   endloop
 endfacet
 facet normal  0.000000e+00  0.000000e+00  1.000000e+00
   outer loop
     vertex  2.664424e+00  1.947009e+00  1.130000e+01
     vertex  2.947481e+00  1.484033e+00  1.130000e+01
     vertex  2.815485e+00  1.721349e+00  1.130000e+01
   endloop
 endfacet
 facet normal  0.000000e+00  0.000000e+00  1.000000e+00
   outer loop
     vertex  2.664424e+00  1.947009e+00  1.130000e+01
     vertex  2.815485e+00  1.721349e+00  1.130000e+01
     vertex  2.716836e+00  1.873180e+00  1.130000e+01
   endloop
 endfacet
 facet normal  0.000000e+00  0.000000e+00  1.000000e+00
   outer loop
     vertex  1.965239e+00  2.651006e+00  1.130000e+01
     vertex  1.891772e+00  2.703923e+00  1.130000e+01
     vertex  1.740621e+00  2.803612e+00  1.130000e+01
   endloop
 endfacet
 facet normal  0.000000e+00  0.000000e+00  1.000000e+00
   outer loop
     vertex  2.107682e+00  2.539227e+00  1.130000e+01
     vertex  2.037228e+00  2.596094e+00  1.130000e+01
     vertex  1.965239e+00  2.651006e+00  1.130000e+01
   endloop
 endfacet
 facet normal  0.000000e+00  0.000000e+00  1.000000e+00
   outer loop
     vertex  2.107682e+00  2.539227e+00  1.130000e+01
     vertex  1.965239e+00  2.651006e+00  1.130000e+01
     vertex  1.740621e+00  2.803612e+00  1.130000e+01
   endloop
 endfacet
 facet normal  0.000000e+00  0.000000e+00  1.000000e+00
   outer loop
     vertex  2.495321e+00  2.159485e+00  1.130000e+01
     vertex  2.664424e+00  1.947009e+00  1.130000e+01
     vertex  2.610007e+00  2.019372e+00  1.130000e+01
   endloop
 endfacet
 facet normal  0.000000e+00  0.000000e+00  1.000000e+00
   outer loop
     vertex  2.495321e+00  2.159485e+00  1.130000e+01
     vertex  2.610007e+00  2.019372e+00  1.130000e+01
     vertex  2.553625e+00  2.090215e+00  1.130000e+01
   endloop
 endfacet
 facet normal  0.000000e+00  0.000000e+00  1.000000e+00
   outer loop
     vertex  2.495321e+00  2.159485e+00  1.130000e+01
     vertex  2.947481e+00  1.484033e+00  1.130000e+01
     vertex  2.664424e+00  1.947009e+00  1.130000e+01
   endloop
 endfacet
 facet normal  0.000000e+00  0.000000e+00  1.000000e+00
   outer loop
     vertex  2.176550e+00  2.480449e+00  1.130000e+01
     vertex  2.107682e+00  2.539227e+00  1.130000e+01
     vertex  1.740621e+00  2.803612e+00  1.130000e+01
   endloop
 endfacet
 facet normal  0.000000e+00  0.000000e+00  1.000000e+00
   outer loop
     vertex  2.373122e+00  2.293096e+00  1.130000e+01
     vertex -1.131030e+00  3.100125e+00  1.130000e+01
     vertex -2.791606e+00  1.759811e+00  1.130000e+01
   endloop
 endfacet
 facet normal  0.000000e+00  0.000000e+00  1.000000e+00
   outer loop
     vertex  2.373122e+00  2.293096e+00  1.130000e+01
     vertex  1.663052e+00 -2.850309e+00  1.130000e+01
     vertex  2.309320e+00 -2.357337e+00  1.130000e+01
   endloop
 endfacet
 facet normal  0.000000e+00  0.000000e+00  1.000000e+00
   outer loop
     vertex  2.373122e+00  2.293096e+00  1.130000e+01
     vertex -2.791606e+00  1.759811e+00  1.130000e+01
     vertex -6.964376e-01 -3.225674e+00  1.130000e+01
   endloop
 endfacet
 facet normal  0.000000e+00  0.000000e+00  1.000000e+00
   outer loop
     vertex  2.373122e+00  2.293096e+00  1.130000e+01
     vertex  2.263575e-02 -3.299922e+00  1.130000e+01
     vertex  1.663052e+00 -2.850309e+00  1.130000e+01
   endloop
 endfacet
 facet normal  0.000000e+00  0.000000e+00  1.000000e+00
   outer loop
     vertex  2.373122e+00  2.293096e+00  1.130000e+01
     vertex  2.495321e+00  2.159485e+00  1.130000e+01
     vertex  2.435138e+00  2.227129e+00  1.130000e+01
   endloop
 endfacet
 facet normal  0.000000e+00  0.000000e+00  1.000000e+00
   outer loop
     vertex  2.373122e+00  2.293096e+00  1.130000e+01
     vertex -6.964376e-01 -3.225674e+00  1.130000e+01
     vertex  2.263575e-02 -3.299922e+00  1.130000e+01
   endloop
 endfacet
 facet normal  0.000000e+00  0.000000e+00  1.000000e+00
   outer loop
     vertex  2.373122e+00  2.293096e+00  1.130000e+01
     vertex  3.288827e+00 -2.713245e-01  1.130000e+01
     vertex  2.947481e+00  1.484033e+00  1.130000e+01
   endloop
 endfacet
 facet normal  0.000000e+00  0.000000e+00  1.000000e+00
   outer loop
     vertex  2.373122e+00  2.293096e+00  1.130000e+01
     vertex  1.740621e+00  2.803612e+00  1.130000e+01
     vertex  6.521213e-01  3.234925e+00  1.130000e+01
   endloop
 endfacet
 facet normal  0.000000e+00  0.000000e+00  1.000000e+00
   outer loop
     vertex  2.373122e+00  2.293096e+00  1.130000e+01
     vertex  2.610007e+00 -2.019372e+00  1.130000e+01
     vertex  3.288827e+00 -2.713245e-01  1.130000e+01
   endloop
 endfacet
 facet normal  0.000000e+00  0.000000e+00  1.000000e+00
   outer loop
     vertex  2.373122e+00  2.293096e+00  1.130000e+01
     vertex -2.487590e-01  3.290611e+00  1.130000e+01
     vertex -1.131030e+00  3.100125e+00  1.130000e+01
   endloop
 endfacet
 facet normal  0.000000e+00  0.000000e+00  1.000000e+00
   outer loop
     vertex  2.373122e+00  2.293096e+00  1.130000e+01
     vertex  2.309320e+00 -2.357337e+00  1.130000e+01
     vertex  2.610007e+00 -2.019372e+00  1.130000e+01
   endloop
 endfacet
 facet normal  0.000000e+00  0.000000e+00  1.000000e+00
   outer loop
     vertex  2.373122e+00  2.293096e+00  1.130000e+01
     vertex  2.947481e+00  1.484033e+00  1.130000e+01
     vertex  2.495321e+00  2.159485e+00  1.130000e+01
   endloop
 endfacet
 facet normal  0.000000e+00  0.000000e+00  1.000000e+00
   outer loop
     vertex  2.373122e+00  2.293096e+00  1.130000e+01
     vertex  6.521213e-01  3.234925e+00  1.130000e+01
     vertex -2.487590e-01  3.290611e+00  1.130000e+01
   endloop
 endfacet
 facet normal  0.000000e+00  0.000000e+00  1.000000e+00
   outer loop
     vertex  2.373122e+00  2.293096e+00  1.130000e+01
     vertex  2.176550e+00  2.480449e+00  1.130000e+01
     vertex  1.740621e+00  2.803612e+00  1.130000e+01
   endloop
 endfacet
 facet normal  0.000000e+00  0.000000e+00  1.000000e+00
   outer loop
     vertex  2.309320e+00  2.357337e+00  1.130000e+01
     vertex  2.176550e+00  2.480449e+00  1.130000e+01
     vertex  2.373122e+00  2.293096e+00  1.130000e+01
   endloop
 endfacet
 facet normal  0.000000e+00  0.000000e+00  1.000000e+00
   outer loop
     vertex  2.309320e+00  2.357337e+00  1.130000e+01
     vertex  2.243780e+00  2.419804e+00  1.130000e+01
     vertex  2.176550e+00  2.480449e+00  1.130000e+01
   endloop
 endfacet
endsolid
