t_s,s_mm,tcp_z_mm,z_fit_mm,slope_deg,true_attitude_error_deg,bridge_proxy_error_deg,control_vs_surface_deg,normal_force_n
0.0,0.034002233359791835,7.8759803371977,7.892844897956946,13.586498829155676,7.064755533832086,2.656154839955127,9.030193860665845,-23.1946747
0.02399925293866545,0.09382826886554971,7.883203136500899,7.907298972661909,13.57845472297146,7.0607982513244645,11.510372256148532,15.156606584695716,-23.1946747
0.04799956898204982,0.014366465753791831,7.8521244868397995,7.88809892448635,13.589139039225508,7.073126645403052,11.541358787737458,15.307609472082406,-27.7362157
0.072000274900347,0.020296228100681626,7.843232822068299,7.889532251530081,13.588341727025945,7.077631590876081,11.51944962649679,15.315115519276489,-27.7362157
0.0959997489117086,0.0387951174184748,7.8415993983632,7.894003194685766,13.585854383065639,7.080800998969235,11.77670280636927,14.25211334574245,-27.1256288
0.11999980395194143,0.055240174571564105,7.8340052407091,7.897977039408593,13.58364320230208,7.0761481134530415,11.835337015291778,14.142927405289157,-27.1256288
0.1440002298913896,0.0849018260559936,7.867588132991399,7.905142892720334,13.579654951798139,7.073631804885161,11.674785532137635,14.322150503307851,-26.7833094
0.1680000339401886,0.1510860805677097,7.8908463320506,7.921124234932101,13.570756015161459,7.072994561104752,11.62330905576658,14.355397438754633,-26.7833094
0.1919994179625064,0.22428500691824396,7.9621933426145,7.938786723113774,13.560914028164065,7.07272821541876,11.6785880238408,14.231363404936245,-19.4507313
0.21600024495273829,0.35384131507807115,8.0450670615403,7.970015315916831,13.543494804592486,7.067892054874079,11.690672162106347,14.172542513444977,-19.4507313
0.2399996779859066,0.4723233280013871,8.1238846067906,7.99853804927686,13.527564907282791,7.065024574946679,11.506054503500206,14.434235880231633,-8.50937411
0.2639992209151387,0.6265693046278303,8.2291173003834,8.035618197314555,13.50682706110852,7.0654741922036415,11.409257008238521,14.64621919329266,-8.50937411
0.28799960494507104,0.7221141974951905,8.314208049290801,8.058557209874587,13.493981669547567,7.06793060107354,11.393652273505015,14.636696689556732,0.328687171
0.3119999599875882,0.8784164356000453,8.381152448614,8.096034382519703,13.472968336235146,7.065466529085016,11.382687923954274,14.617391160090543,0.328687171
0.3359996828949079,0.8688733642923188,8.3110060619195,8.093747942132305,13.474251292911696,7.069842242097837,11.353934896442325,14.618569715745004,0.328687171
0.3599993659881875,0.9508627603759146,8.305743418997599,8.113384550053647,13.463228832036174,7.07032961239451,11.337542803106752,14.608444772424408,-0.421487345
0.3839991199783981,1.027940993573409,8.2873077360529,8.131829717252765,13.45286677108032,7.071496004334619,11.317586282031888,14.598927614918498,-0.421487345
0.40799944393802434,1.1319643401959354,8.2974574510281,8.156699605697943,13.438882566102192,7.077559109609878,11.305232280644836,14.586085442308082,0.248928283
0.43199954798910767,1.1788074056318607,8.2622922184217,8.167890075577676,13.432585387050205,7.076030546626972,11.283603181174428,14.580303199146652,0.248928283
0.45600013295188546,1.285639534567765,8.2379313970208,8.193391141405591,13.418224004946067,7.079820727974276,11.207447980172597,15.006115899820621,-7.84766084
0.4800000760005787,1.3424306545336382,8.2127414741438,8.206935785950982,13.410589727116578,7.084343967628747,11.187364835425011,15.00565190640998,-7.84766084
0.5040002309251577,1.4576509567034577,8.202151902684,8.23439118093984,13.395101228779374,7.083684513871908,11.177680931954828,14.843177290910363,-23.6489394
0.5280001149512827,1.4896461598580721,8.174058088321798,8.242009353777114,13.390800332555198,7.08606978915975,11.157933139404731,14.83546716633167,-23.6489394
0.5519999179523438,1.6195800762120136,8.1938795310138,8.27292100718839,13.37333448185987,7.0894017525411686,11.13389801826523,15.068367855458025,-35.511112
0.5759992199018598,1.6966081139975844,8.163385234810999,8.291226441802914,13.362980504495292,7.089415730027536,11.111457553261134,15.06667882221291,-35.511112
0.6000004259403795,1.795296228124076,8.1989528252749,8.314657826249686,13.349715247451337,7.0943597457449314,11.137510803642426,14.57609450859082,-42.796186
0.6240003299899399,1.856518587074645,8.203664292258901,8.329181636933464,13.341486116655656,7.096355149008813,11.116852466564309,14.544211657534614,-42.796186
0.6479994219262153,1.9342890748133803,8.2317587225428,8.347617776110226,13.331032834179341,7.094685488865104,11.105220277407563,14.500403522219523,-44.382845
0.6720000869827345,1.9727795109461639,8.2428434369183,8.356736709521982,13.325859320263287,7.09658683689835,11.078138854262908,14.490802907286204,-44.382845
0.695999649935402,2.0135097401966737,8.3200642391758,8.366382284814165,13.320384798655482,7.102894917375096,11.235295218706224,14.066733916640882,-35.7172308
0.7199998639989644,2.073639820082897,8.325715287533,8.380614545401622,13.312302839167183,7.0958508579669415,11.239563181322152,14.007579190429322,-35.7172308
0.7439994069281965,2.110576779194067,8.389865572416,8.389352757623385,13.307338267903866,7.095715461062851,11.173389764548196,14.06926516692805,-25.4042937
0.7679999119136482,2.229956170720957,8.460840689366,8.417571344642376,13.291293144962163,7.0918563564780746,11.145581143369961,14.067085673677886,-25.4042937
0.7920003869803622,2.2920448558127178,8.5399170513835,8.432233752102006,13.282948303782083,7.094507403728586,11.295097459389885,13.834778230075113,-10.5352644
0.8159994389861822,2.315799526825786,8.6035246310026,8.437840955557249,13.279755657567273,7.093786162262592,11.348719548112149,13.755042268209973,-10.5352644
0.8399999439716339,2.4501603257927154,8.6858546111794,8.469530028457894,13.261697757240794,7.088651577717389,11.334897514262412,13.735743078772892,-0.644235193
0.8639998269500211,2.512436413087749,8.6946623573608,8.484202719511645,13.253328110697874,7.091147338190605,11.315045901759838,13.727673232226612,-0.644235193
0.8879991099238396,2.6097159248523765,8.6976162318985,8.507103254000722,13.240254367983328,7.088154758116619,11.520821745824568,13.548047908366023,-4.02413365
0.9119994438951835,2.6638857104961065,8.689379532810701,8.51984518912047,13.232974411925921,7.084011183601112,12.009924130961682,13.324707037165368,-4.02413365
0.9360000499291345,2.7845163173450937,8.7109385698533,8.54819408725319,13.216762989208277,7.075789515213121,12.005446809567411,13.30693582552671,-4.02413365
0.960000182967633,2.8376184239911306,8.669123114993099,8.560661976494785,13.209626783587364,7.080703516248625,11.012547046946787,13.969484494348409,-7.39035167
0.9840001069242135,2.9606700467559146,8.6774112004847,8.589526552749838,13.19309061946767,7.079634574602558,10.994395858588604,13.958756137179593,-7.39035167
1.0079999909503385,3.028646158323097,8.6594796397964,8.605455841337246,13.18395590799553,7.078428780387514,11.672660087900818,13.36944877496105,-12.096001
1.0319991629803553,3.1273915776778423,8.6649535566037,8.628575138782047,13.170686619113505,7.071665244767383,11.667297489417292,13.351441807425372,-12.096001
1.0559998078970239,3.1597588695339893,8.637323796012199,8.63614805427641,13.1663372038471,7.068135358004331,10.904192133520622,13.98794128243989,-21.8145823
1.0800003029871732,3.2174497071498998,8.5958479103762,8.649639447108044,13.158584965914963,7.070564610987961,10.87307920744209,13.991312793904877,-21.8145823
1.1040000659413636,3.305089368635961,8.6134940056876,8.670118823401529,13.146808525525225,7.067896595703043,10.81069630755338,14.073812542799839,-29.8591127
1.1280004509026185,3.2898327167757078,8.5820328279247,8.66655505987715,13.148858597628225,7.074817721935609,10.780856665582967,14.075787833821341,-29.8591127
1.1519995229318738,3.347161819872278,8.5861500041954,8.679943440503239,13.141155187183672,7.076338343348944,10.703532802566409,14.20950925945968,-35.727004
1.17599951592274,3.4683314141354047,8.6356743126978,8.708214098523564,13.12487374045879,7.074196609174123,10.684342440655195,14.197824049476864,-35.727004
1.2000004620058462,3.5409770819947872,8.6543677193976,8.725145999402043,13.115112618791315,7.074787470514872,10.86667319551785,13.7832971083734,-34.0682057
1.2239994339179248,3.5489616151624683,8.695620239534,8.727006199886686,13.114039777115831,7.074585070505992,10.859443212988433,13.76128303385938,-34.0682057
1.2479997669579461,3.6657825053012743,8.733660792236,8.754204580705542,13.098343359014228,7.068774372470944,11.037971648035262,13.532831494363302,-27.3774268
1.271999268908985,3.757354823424391,8.807562631499,8.775500971514203,13.086039705452103,7.067146980324768,11.040582387524555,13.503606363657397,-27.3774268
1.2960002629552037,3.8072778131998866,8.881091909399201,8.78710251322243,13.079332161352815,7.061530940070392,11.768588635370408,13.15052233009314,-13.4641891
1.319999384926632,3.8930878131248656,8.9426729677427,8.807029399610707,13.067803094205631,7.057650752878448,11.867641636288404,13.114061696376337,-13.4641891
1.343999336939305,3.9615364556547212,9.001680296449099,8.822911566844605,13.05860678679549,7.053405708412844,10.543435560352245,15.29293206175726,-2.19173001
1.3679995900020003,3.9713533987512024,9.077568501252,8.82518844695729,13.057287858965303,7.061703512672394,10.810887045203378,16.11426255686634,-2.19173001
1.3919997639022768,4.008867166132037,9.1454798949205,8.833886960826202,13.052247829369735,7.072081334849464,10.79339034653457,16.11901653298222,0.329356157
1.4159997259266675,4.0761563537954,9.1504877828409,8.849480945089917,13.043207537147229,7.079468920088119,10.773749639796383,16.111765375123404,0.329356157
1.440000379923731,4.077181312257831,9.0797675305642,8.849718388373118,13.043069835213776,7.087494850694056,10.751206386163844,16.111654938941783,-0.472044689
1.4639999219216406,4.178388526657445,9.084528342560201,8.873151409492044,13.029472928348238,7.0966268902659,10.733949470332298,16.1007523099801,-0.472044689
1.488000194891356,4.324103041787123,9.0981111207804,8.906844991717957,13.0098971501105,7.10042276208256,10.720785994172285,16.0850625617155,0.3074927
1.511999305919744,4.48269214207576,9.106096555244,8.94345596905212,12.988592514218894,7.106664535763429,10.706133859068965,16.0679965909112,0.3074927
1.5359999909996986,4.553593992893,9.0793866999452,8.959803876341477,12.979067916882721,7.115688021209596,10.685520441881984,16.060370149675183,0.3074927
1.559999621938914,4.618712438771812,9.083185262878201,8.974807363399647,12.970320373834738,7.123967907482403,10.322228587765933,14.31306759410945,-4.24494001
1.583999955910258,4.771405720793824,9.0874818482015,9.009947303485557,12.949809189637723,7.119976006557928,10.310313987711968,14.286292596430219,-4.24494001
1.6079993379535154,4.8659547185825165,9.0489634123541,9.03167740547534,12.937108863281777,7.116989610583644,11.917630083969726,12.953584845451156,-10.5878638
1.631999189965427,4.931551559203982,9.036441511675699,9.046740498078616,12.928297715217672,7.11144755021918,11.927139349903952,12.942114212306814,-10.5878638
1.656000193906948,5.019549676401204,9.0089792385301,9.06693094868403,12.91647778569358,7.105695976706161,10.27764015271216,14.978365832033528,-21.9045858
1.679999525891617,5.078051551505409,8.9936650111236,9.080343152546606,12.908619938738184,7.115027879359081,10.263292773860067,15.020859994743034,-21.9045858
1.7040003899019212,5.060385086248221,8.9550445815253,9.076293809448549,12.910992848834548,7.1302491865995385,10.281992168236636,15.226648986814293,-32.5421477
1.727999099995941,5.151277842122081,8.9658604521058,9.097119191807913,12.898784497729782,7.134262630988899,10.265678684710553,15.221400319354654,-32.5421477
1.7520004858961329,5.216539904335889,8.9606289138855,9.112059488407033,12.890018926272246,7.138199716959594,10.268168931175529,15.30315163910836,-38.7959357
1.7760002579307184,5.267333587830539,8.9575601859234,9.12368030043462,12.883196749640875,7.14406933928574,10.245898118974573,15.300010506570365,-38.7959357
1.7999997799051926,5.358903193977369,9.0064340470698,9.144613936717741,12.87089811289579,7.148807861779688,10.105837038968797,14.399610381635226,-35.6595993
1.8239992519374937,5.399457468576508,9.0282406673874,9.153878400837169,12.865451391426465,7.153309174189238,10.084148122704576,14.35135605766858,-35.6595993
1.8479993949877098,5.5241997135153635,9.092160380030501,9.182349848191103,12.848697983506362,7.151871055941703,10.112557719314124,14.030561121642059,-29.899931
1.872000308940187,5.562296207713147,9.1471627552966,9.191037427548485,12.843581568110087,7.15541787032489,10.094833842879545,14.001214577930877,-29.899931
1.896000311942771,5.591587049426524,9.174714439029,9.197714519659975,12.839647798022645,7.161529652463549,10.5373386018627,13.272255893555606,-15.9845305
1.9199999939883128,5.63041394458121,9.2241549202328,9.20656217415094,12.834433377237087,7.157175184506296,10.610872520951807,13.19473441675107,-15.9845305
1.9439991349354386,5.720363747446885,9.3134318431434,9.227045149491778,12.8223533867378,7.150630674089945,9.979559719232041,14.241138169370194,-4.48012517
1.9680000299122185,5.775111812349216,9.378217246629498,9.239502373961962,12.815001019011751,7.164692017677453,9.946133418759889,14.544100363861272,-4.48012517
1.9919993109069765,5.850572666341923,9.4825202551186,9.256660418888796,12.804867203395933,7.16803874353434,9.933534764394317,14.539519997983929,0.373770468
2.0159991428954527,5.88535423115329,9.4729240303971,9.264564212813703,12.800196370658078,7.17526182652579,9.91059909196789,14.535426897923747,0.373770468
2.0399999079527333,5.954872701528949,9.438527049389199,9.280352716587197,12.790860826613613,7.177965298862834,9.887901598096901,14.527247084022976,-0.505825086
2.0639999608974904,6.0326378482638265,9.4155926486739,9.298000028578448,12.780418043929803,7.181614408155221,9.869796933911681,14.518098723037177,-0.505825086
2.0880003039492294,6.097250622010737,9.402229766965199,9.312651326021518,12.771741601439043,7.190726449435658,9.851484457934166,14.510499058466866,-0.235714014
2.112000015913509,6.271008035583252,9.4123031856945,9.352000736220912,12.748409530495481,7.191363573348231,9.83793526658647,14.49006845255876,-0.235714014
2.135999687947333,6.357514151271426,9.4394461027097,9.371563330179477,12.736793918841691,7.191648027857698,9.827675139461725,14.479900502344123,-0.235714014
2.15999940095935,6.432575581923867,9.3915662063056,9.388522873116665,12.726715255285097,7.192496679169945,10.139130184049362,13.361352180907934,-7.48677264
2.1840001849923283,6.520414847417814,9.3745082366503,9.408351846291257,12.714921135658363,7.1893293863207965,10.126790793086084,13.34407713066533,-7.48677264
2.207999114994891,6.633736971384026,9.360693253439699,9.433905289990888,12.699705852893626,7.184892919107517,10.240546292097596,13.194715599233394,-20.3031712
2.2320003089262173,6.7370752697000125,9.3657336556491,9.457179876962151,12.685831454360901,7.184369817683956,10.225946468040968,13.179591018450372,-20.3031712
2.2559999699005857,6.842216478642617,9.372924087843499,9.480833544901369,12.67171538550959,7.184651241402566,9.742169038060243,14.150089023419161,-29.965989
2.279999059974216,6.792670371432538,9.336140657235902,9.46969052411852,12.678367307011332,7.20112129330611,9.710387527530573,14.173094371254809,-29.965989
2.303999812924303,6.860087094880867,9.300863847809799,9.484851200115056,12.669316148299668,7.201395446951996,9.723373673252992,13.897469170256693,-37.6605767
2.3280002359533682,6.930025913797358,9.330669917513701,9.50056722134523,12.659926553765294,7.204631437727173,9.705676955017905,13.882606971524705,-37.6605767
2.351999325910583,7.027540750237599,9.342592490548999,9.522459780757348,12.646835052348598,7.201507428682803,9.706024969582666,13.789288948889387,-40.1254775
2.3759992469567806,7.075876667373331,9.3771601709139,9.533302756152594,12.64034601654031,7.206995986216303,9.68297184080824,13.779002951636658,-40.1254775
2.3999999599764124,7.1271963721151925,9.4188161022164,9.54480877807576,12.6334565040307,7.2104986284519414,10.062209912503693,13.131563363368732,-32.2873406
2.4239991599461064,7.215594182466126,9.4686844452534,9.564612619659567,12.621589595216962,7.200419432827026,10.071011059898918,13.09069181429385,-32.2873406
2.447999622905627,7.2826007070709196,9.566263888200401,9.579611341484627,12.612594536818268,7.198804612696522,10.299283919902123,12.911666899147043,-21.6502439
2.4719993639737368,7.3399586177038065,9.5999609759289,9.592441545410763,12.604894854166801,7.200997102609119,10.297006699145376,12.890782869729033,-21.6502439
2.4959997959667817,7.415231221918897,9.6622012978721,9.609266748901236,12.594790500567782,7.193819951370438,11.136612004749205,12.619921075779084,-7.4812153
2.5199993879068643,7.432737885285341,9.722917338051401,9.613177903595046,12.59244049208989,7.190359886537264,11.249597734962956,12.603920394073942,-7.4812153
2.543999418965541,7.472227251717026,9.792104482568801,9.621997434618669,12.587139675231159,7.189478533545944,11.232883753938077,12.598395745321204,-0.487267831
2.5680001619039103,7.577599104615695,9.8179722463037,9.645512348344221,12.57299546998977,7.181118479154252,11.220165351393323,12.584264607821419,-0.487267831
2.5920003039063886,7.665447795257574,9.7755665448532,9.665095899107385,12.561203738656038,7.1776264731170025,11.196728799262393,12.57248379289428,0.368657363
2.616000275942497,7.764461174185097,9.7817697648068,9.68714557508019,12.54791374284849,7.171507900160054,11.18343468872509,12.559206124702403,0.368657363
2.6399996359832585,7.876379019072002,9.778296834035,9.712039976232651,12.532892099001538,7.160878543564647,9.557047062002828,13.45018767364071,-4.59879656
2.6640004689106718,7.984142163270302,9.793177151353799,9.735981129746138,12.518428547880417,7.159034440155608,9.529917395811824,14.882053712921826,-4.59879656
2.6879998699296266,7.999232854522791,9.7342338397285,9.73933146825066,12.51640316903742,7.171513544042176,9.405969435991173,13.785015488136919,-11.1002165
2.7119991099461913,8.056754755769495,9.7171632144719,9.752096978895034,12.508683016258843,7.176991175021259,10.6060110313559,12.603810197078126,-11.1002165
2.735999471973628,8.198311892472715,9.7306640637259,9.78347732537915,12.489684830563741,7.167262795495564,10.608091555701579,12.581129866757513,-11.1002165
2.7600002859253436,8.3460869657828,9.7453415144675,9.816183531023466,12.469852965368606,7.155645817553067,9.636759757954623,13.137782535810626,-22.6328626
2.7839992449153215,8.431092527224587,9.7040340999677,9.834973014595924,12.458445342198253,7.150160078165043,9.60879345879117,13.129282232524854,-22.6328626
2.8079996479209512,8.516535093219062,9.7165877152925,9.853841205232278,12.446979356369818,7.151767331920535,9.770678902283937,12.928476946630466,-28.3095195
2.831999528920278,8.585590444455976,9.7255792000671,9.869077522009698,12.437712664677118,7.152163492140068,9.753541390856897,12.916633945671373,-28.3095195
2.855999370920472,8.676432776771465,9.732615457787599,9.889103063525836,12.4255226134753,7.150042090666412,10.008954917840772,12.711846620530228,-32.9144694
2.879999191965908,8.694291407304837,9.745118603682599,9.893037487071064,12.423126217913683,7.144556807712158,9.993287788003375,12.704858169393226,-32.9144694
2.9040000349050388,8.747812939736281,9.7477706986499,9.90482409119874,12.415944400635182,7.145387422420722,10.102992418107531,12.63027455768684,-31.433001
2.927999174920842,8.707996853960422,9.757455367819599,9.896056394157911,12.421287134022593,7.150733957426063,10.083400985739726,12.632159543465802,-31.433001
2.951999326935038,8.751249854701806,9.780973056693801,9.905580734188,12.415483220098587,7.148603632270236,10.063852639798114,12.623109424205902,-27.9673216
2.975999317946844,8.81572469684176,9.834021335185101,9.919769610637953,12.406831785361021,7.144978866264499,10.044490848914597,12.612533326820492,-27.9673216
2.99999914993532,8.838563765116655,9.891403159184,9.924793320101955,12.403767207565602,7.145689413488676,10.097027640981322,12.57760226576592,-17.8128741
3.0239995719166473,8.841126968260422,9.9225899222312,9.925357045478075,12.40342327470731,7.148009913003513,10.075681066999692,12.574134198119637,-17.8128741
3.0479995539644733,8.93579444570013,9.9824172072531,9.946165968858724,12.390720891451643,7.139528756528636,9.10476896083767,13.603227760141586,-6.87543669
3.072000457905233,9.015322112047249,10.0726670740735,9.96362999581816,12.380050227425265,7.149002516259453,9.063733952733518,13.716731147382696,-6.87543669
3.0959997680038214,9.09575262921535,10.1835875115535,9.981276496129995,12.369258679495557,7.15333098397567,9.049481341100742,13.70836529134033,0.343071378
3.1199990479508415,9.185067252339982,10.169114273706999,10.000853569519036,12.357275434046405,7.154296815693722,9.030788764921938,13.697592837596826,0.343071378
3.1439999209251255,9.244978395917288,10.1236744892619,10.013974657904551,12.349237400907125,7.154856770501981,9.009131533223789,13.690368076553375,-0.496610245
3.168000363977626,9.326637891547934,10.1288948188281,10.031844650426306,12.338281713310737,7.161965687610062,8.991083992930742,13.680522296685252,-0.496610245
3.191999793983996,9.496534857667566,10.1543345306127,10.068971699998839,12.315488682301565,7.155062167278518,8.983160960652334,13.660043713252817,0.291963122
3.2159994759131223,9.593707885784474,10.1516381781294,10.090174784521295,12.302452674943813,7.164445031301924,8.965815809320338,13.648334642466441,0.291963122
3.2400003479560837,9.677005498770148,10.121165978004699,10.108331827770126,12.29127839715819,7.160802541105921,8.951064552518458,14.115232903745559,-6.17320174
3.2639992359327152,9.707811109701012,10.078607914141001,10.115042461505457,12.28714593246143,7.172130711695932,9.007713348089279,14.496207736508662,-6.17320174
3.2880004189210013,9.797618746447714,10.072452854777799,10.13459269900106,12.275098775839359,7.181081921687798,8.91884513034597,14.14999231458771,-19.744809
3.312000198988244,9.881816051894509,10.0571688902892,10.152903660372687,12.263804514037231,7.183259311495633,8.896497713687806,13.571725271210179,-19.744809
3.335999739007093,9.987261252519993,10.0380093285032,10.175811032396126,12.249660465212772,7.184767775387399,8.877359089865491,13.55497280400114,-19.744809
3.3599994389805943,10.175141725935315,10.07751108919,10.216559452864558,12.224459987143867,7.178997582407115,8.856799989077489,13.633503065653425,-30.6831202
3.384000210906379,10.294569936350728,10.1059983529165,10.242416641669637,12.208441806215454,7.180304278320318,8.84242419151876,13.620791976447384,-30.6831202
3.4080003319540992,10.353148587441275,10.0827619618933,10.255086624712382,12.20058522710489,7.187052609147612,8.990876467617344,13.039230427352386,-35.3035413
3.4319990699877962,10.442273827155752,10.1028578391719,10.274347405337004,12.188632012618028,7.181259216982032,8.974262639615054,13.020409831265823,-35.3035413
3.455999701982364,10.458030224532646,10.0913952933169,10.277750482711552,12.186518846083999,7.1859257238734875,9.294330443074877,12.623014806878786,-35.7301184
3.480000222916715,10.493437979974022,10.1115122452895,10.285395654588608,12.181770179526264,7.187094878436988,9.276690848731963,12.610812376692456,-35.7301184
3.50399934197776,10.521510894793092,10.153992479904801,10.291454919438289,12.178005253797775,7.1871072745762214,10.300370992726826,12.210359152593972,-27.816536
3.5279992430005223,10.531992834882733,10.172792402367001,10.293716848966435,12.176599504356222,7.19027076150214,10.303846153641633,12.204733811269277,-27.816536
3.551999212941155,10.581226568421524,10.228059343691001,10.304337544126534,12.169996753743407,7.186962474409905,10.242450230850816,12.203116625926981,-21.5082788
3.575999383931048,10.585056193541252,10.272867601183599,10.305163421512404,12.169483165919074,7.182223226963632,10.218847807438197,12.201793662524656,-21.5082788
3.5999997549224645,10.623523988260338,10.336161754702099,10.313457196827121,12.164324316885665,7.185646328037806,10.7572952086527,12.164700108395586,-8.81247267
3.624000196927227,10.612049139733333,10.376107980594801,10.310983563397453,12.16586318223911,7.184479255283335,10.766884574086685,12.16693788423388,-8.81247267
3.6479999870061874,10.670257848925564,10.434746121039701,10.32352828504322,12.158057005318769,7.177653077979936,10.752611278677504,12.159234932593838,-0.398070668
3.6719990459969267,10.788419554250881,10.4397482023087,10.348968124018473,12.142211178024546,7.167152845678502,10.736890061624248,12.143390689469317,-0.398070668
3.6959995368961245,10.909960847692322,10.434005099219,10.375099905656134,12.125912765777322,7.158647202088361,10.723032332503877,12.127093910892262,-0.605594497
3.720000348985195,11.009244181688576,10.4424904262009,10.39641931179766,12.112599570027294,7.14527032558452,10.706558191612038,12.11378205280238,-0.605594497
3.7439996779430658,11.134056400787175,10.459020905459301,10.423186375145157,12.095863738899961,7.138405937183334,8.722537585733114,12.901281381446939,-5.05274006
3.767999658943154,11.31186091002108,10.4746941809048,10.461252244935325,12.07202344989434,7.1265402330200445,8.567282925507618,13.261445649199542,-5.05274006
3.791999749955721,11.333753373175018,10.416661458958599,10.4659338161024,12.06908817240548,7.130334417408133,9.141190856550105,12.413328127260055,-10.8048109
3.816000190912746,11.410026367578814,10.4170461652186,10.482235174986789,12.058861877280275,7.126984568603635,9.529640829084116,12.211319375272847,-10.8048109
3.8399991799378768,11.529088151006151,10.4109438514494,10.507653066972813,12.042899193284129,7.121003965056462,9.017858253401425,12.449727631434245,-21.772146
3.86399967095349,11.574540424436172,10.3723759061144,10.517347293741626,12.036805545901187,7.119748598465473,8.727561795342837,12.701999351690198,-21.772146
3.8879991909489036,11.636790183591367,10.352541660603299,10.530615949190171,12.028460060151607,7.124079112029522,8.570860072909957,12.906856105233894,-30.537925
3.911999331903644,11.708645953555457,10.3683739534719,10.545920358795438,12.018826963889836,7.1262120003817415,8.424683470582073,13.35707462175881,-30.537925
3.935999742941931,11.770888261263627,10.382932837156499,10.559167010012718,12.01048285002183,7.137146338751384,8.403189932925992,13.353505536519048,-30.537925
3.9599996228935197,11.823571525721347,10.375311330016899,10.570371864499927,12.003420343453353,7.143471379189662,8.37416200026394,13.639931784180469,-37.4011916
3.9840002049459144,11.889310039959732,10.376984834149399,10.584343834799338,11.99460787758952,7.151679881367085,8.348844141212698,13.63312564711901,-37.4011916
4.008000175934285,11.98066034848863,10.4177227336899,10.6037417547874,11.982362389222393,7.149203401589256,8.500947934635432,12.794943786653105,-35.2880865
4.032000436913222,12.071770130108034,10.476781733712901,10.623068277363775,11.970149519391352,7.150431512756634,8.485358497875056,12.774762995012683,-35.2880865
4.05599923490081,12.122989421596209,10.5223562107794,10.633924180013262,11.963283961587276,7.1492808170550575,8.778306891088407,12.408531869168847,-27.8993113
4.079999565961771,12.192031214442178,10.58628526286,10.648547404429458,11.9540296214492,7.148882427728049,8.76175866675366,12.392996973348492,-27.8993113
4.104000327992253,12.192651795142725,10.610682468519,10.648678792138213,11.953946439992858,7.15254269639528,9.950859575724584,11.968913205232004,-15.5160444
4.127999216900207,12.308292710985473,10.690827509660199,10.673145551523538,11.938446458745876,7.145580857178403,9.97007434563787,11.950275502485324,-15.5160444
4.152000319911167,12.299381819119716,10.7541389619729,10.671261389271136,11.939640812320395,7.150456381185155,9.215590228388756,12.097934805088094,-4.4962061
4.1759997989283875,12.344330157797048,10.817138194860402,10.680763504983435,11.933616288740932,7.146301927160924,9.17559490949965,12.09788426905978,-4.4962061
4.199999819975346,12.513855286415659,10.932435661823401,10.71655683271095,11.910895302626352,7.131819272151965,9.168629232401127,12.075075738002804,0.362697285
4.223999909940176,12.518223549499135,10.904516688598,10.717478214401929,11.910309853861449,7.136419923867567,9.14428511512271,12.074498485440921,0.362697285
4.247999197919853,12.630353350984953,10.864026607946,10.741113384729813,11.89528215690468,7.129232308545099,9.124457796030649,12.059681440652657,-0.425315817
4.271999688935466,12.667783492520911,10.8298066372541,10.748996222628739,11.890265878736848,7.1298974232462955,9.10157884642594,12.054735593017046,-0.425315817
4.296000439906493,12.79083245843844,10.821523751804099,10.774886382486677,11.87377567527306,7.123649617946803,9.085467903480437,12.038477323178173,0.317390701
4.320000238949433,12.874568378008156,10.8221685553969,10.792483722190605,11.862554348647887,7.118564669729655,9.071475529278208,12.027414179517598,0.317390701
4.344000317971222,12.969991013286098,10.805843468733801,10.812516183908054,11.849767302990626,7.110402060102781,8.150892551502494,13.878056652281366,-3.50042038
4.367999135982245,13.028253312993819,10.7821869365404,10.824736493432471,11.841960113321225,7.121003421567342,8.368872453899291,14.495573951459166,-3.50042038
4.391999955987558,13.140754359004331,10.7767250787727,10.848309734706861,11.826885345890993,7.131720290050048,8.093413139016073,13.782463538650113,-16.2136783
4.416000266908668,13.184711396478265,10.759491695988599,10.857512008497268,11.82099541107929,7.138559014160397,8.03060688061254,13.53276070931041,-16.2136783
4.439999904949218,13.310314423433548,10.7505864212964,10.883780632213359,11.804165991383371,7.137998374022964,8.000708395876567,13.36388464257141,-25.7313664
4.464000285952352,13.40325873506029,10.746828883493201,10.903194222168583,11.791712962659325,7.141773826843026,7.980154165229823,13.2446771275377,-25.7313664
4.488000174984336,13.454923873225868,10.7124136467973,10.913976576436484,11.784790851408221,7.147589747450604,7.959253810779041,13.189680681235375,-35.6098074
4.51199976389762,13.523060731512926,10.6961312081248,10.92818656830069,11.775662049453747,7.152678725205755,7.940949871872673,13.095369196532792,-35.6098074
4.535999662941322,13.573385970637219,10.7031370263948,10.938674660830596,11.76891974572902,7.161008863676359,7.918175716248696,13.08813097901612,-35.6098074
4.560000143945217,13.683863262096644,10.7555400660346,10.961677144060456,11.754119022451306,7.165948548481564,7.892641737517132,13.282310007476891,-41.0669131
4.58399950095918,13.707917944900997,10.7511255059406,10.966681623676868,11.750896477118543,7.173192859422862,7.866199334201387,13.278990930916095,-41.0669131
4.60799996193964,13.771868805473447,10.809482934806601,10.9799794777512,11.742329277319536,7.175735134308143,7.941353291456225,12.712946290306812,-35.2537026
4.631999059929512,13.833105558499332,10.840366438797599,10.992703614733973,11.734125859616745,7.180831266729567,7.915557757491183,12.698162662581185,-35.2537026
4.655999239999801,13.937619576467906,10.9150933840849,11.014399034650287,11.720125339810414,7.177270310480296,8.142777463771157,12.304659610653514,-27.1318224
4.679999268963002,13.985213608306918,10.9592724833156,11.02426995872971,11.713749900719142,7.179167027812724,8.121570920674658,12.29113852022094,-27.1318224
4.703999929944985,14.074215089375377,11.0576280383665,11.04271389780285,11.701828040682807,7.179219760578592,8.890261297270923,11.829514469830396,-13.7772648
4.728000109898858,14.036557116383644,11.057368728655899,11.034912324652549,11.70687232611239,7.185153496513693,8.882063818208648,11.826427091038257,-13.7772648
4.751999707892537,14.158507615168812,11.1724036859624,11.060164183980392,11.690537308936186,7.177232223350189,7.7372302014473275,12.935919969439837,-2.80166725
4.775999797973782,14.217587693351383,11.243567506899499,11.072384649978522,11.68262391722909,7.185561841472062,7.7087964833146065,12.983388049353653,-2.80166725
4.799999416922219,14.249063833857035,11.323151797239001,11.078891883246458,11.678407963369978,7.197763077382288,7.688865172382729,12.981070835840299,0.338240889
4.8239997669588774,14.326211007145282,11.3005189326862,11.094830723641955,11.668074980639428,7.203650778142998,7.667967797312481,12.971806510626736,0.338240889
4.84799957589712,14.301394756112874,11.1962628448743,11.089705193477974,11.67139880196015,7.214756512549815,7.6359972680061965,12.974786402692729,-0.352123302
4.871999815921299,14.474501639141655,11.234209181863099,11.12542727975011,11.648213971404012,7.211201427596031,7.628260504306987,12.954004028530381,-0.352123302
4.895999164902605,14.606201759353077,11.239277657569199,11.152555814106337,11.630575895585954,7.206938753537812,7.61276411589254,12.938199018150357,0.105731818
4.919999043922871,14.689470006357283,11.2371036772219,11.169686197778539,11.619424555638012,7.214131889242884,7.595941043703468,12.92820900404745,0.105731818
4.943999683950096,14.752465501978108,11.178061263746699,11.182634740568185,11.610988387012789,7.219010665578971,7.563142303904322,13.057564312341405,-2.6998438
4.968000454944558,14.840307250703665,11.1763205861345,11.200674221472656,11.59922521512641,7.222859391668225,7.548820020603657,13.078631369477037,-2.6998438
4.991999081918038,14.92697442344156,11.1974483078984,11.218454068784116,11.587619715390812,7.229808633820981,7.595070663516884,12.66130158001384,-15.1220942
5.016000133939087,15.036847900857271,11.1533130129387,11.240968414890572,11.57290723221725,7.228542572135275,7.6263940369935685,12.507324083643127,-15.1220942
5.039999281987548,15.234258256904127,11.1827425426514,11.281346227354522,11.54647476275218,7.218907190798527,7.605106592256396,12.509366297603624,-23.6510109
5.063999701989815,15.248126607404938,11.133359111557699,11.284179257762684,11.544617919887145,7.226420747026377,7.570931951608023,12.526808092159554,-23.6510109
5.087999480892904,15.355032643036875,11.1369715564828,11.306002336993796,11.530304528437153,7.225476228197726,7.510035648014559,12.644373461437043,-32.3638545
5.111999199958518,15.384999405869149,11.0941026670386,11.312114558629474,11.526292455881954,7.240830358996717,7.437819130783798,12.902080606059725,-32.3638545
5.135999589925632,15.440570173850015,11.109615532115201,11.323443360100448,11.518852536650913,7.246688570810514,7.418089902066264,12.896216547163444,-32.3638545
5.160000049974769,15.441840394722334,11.1075894432373,11.32370222277573,11.518682478940727,7.258333020565702,7.391292150325978,12.909949280479118,-38.6952085
5.184000379987992,15.501586170853253,11.1299203677558,11.33587358390043,11.510683782880271,7.266025809857825,7.366684529757582,12.901221081020692,-38.6952085
5.207999097998254,15.5536710021515,11.1319408906501,11.346477176337716,11.503710875467224,7.270282387612784,7.926067178552591,11.894569052238806,-33.7472261
5.2319994668941945,15.592716864697202,11.1619578685505,11.354421925578217,11.498483664543087,7.269497011985286,7.913725266575017,11.88010819012732,-33.7472261
5.2560004169354215,15.664271752338637,11.221595076824299,11.368971730990719,11.488904557503892,7.271860353059596,7.493444451845177,12.262766286383748,-29.2394353
5.2799998939735815,15.73179791325539,11.2780834715426,11.38269091963489,11.479865022609797,7.271926277468749,7.467424318424444,12.257875423099245,-29.2394353
5.303999571944587,15.776024308544399,11.3492095590587,11.39167031800794,11.473944689384032,7.276682606822645,7.595022363174754,12.065483542010329,-17.0573597
5.328000140958466,15.874059666628533,11.4280166804286,11.411557724976724,11.460821622877864,7.277626177710962,7.579922862624995,12.047609656738468,-17.0573597
5.3520003099692985,15.875665728316648,11.4639645266297,11.41188333527242,11.460606638758145,7.282517960799281,7.560693997949948,12.039311655155098,-6.14868747
5.375999035895802,15.969014137587875,11.5479964568172,11.430797858419762,11.448111444067807,7.281794434004402,7.5454662694456385,12.025458582108756,-6.14868747
5.400000276975334,16.05867710229276,11.647352929848099,11.44894567253962,11.436109996104983,7.28378456897603,7.52953110995168,12.013683552088512,0.249165014
5.424000264960341,16.174440629432777,11.6529927101431,11.47234733569048,11.420615595399855,7.278629928288794,7.515585088035078,11.998955688415789,0.249165014
5.4480002539930865,16.19790398760981,11.5690191039517,11.477086495563764,11.417475221941423,7.2856528180582165,7.483520364467274,11.995970907030431,-0.417703881
5.471999480971135,16.340312365916787,11.609496594798,11.505821613431232,11.398415680831652,7.279214075387164,7.475155925503499,11.977857366498581,-0.417703881
5.495999879902229,16.424447839703785,11.5929507994012,11.522775276577955,11.3871557284173,7.27769543956212,7.45613538828276,11.967157650758883,0.139111525
5.519999045995064,16.48062513312585,11.5660067319244,11.534085665832444,11.379637662790016,7.2821450344754295,7.438955879049337,11.96001420930827,0.139111525
5.544000146910548,16.605250475335882,11.5861191904813,11.559149582583713,11.36295996828623,7.275727506421262,7.076729783728009,12.826633593548237,-3.53075224
5.567999834893271,16.64010726848283,11.5395469392254,11.566153021808672,11.358295488226528,7.29439163747202,7.070045600794233,13.059121237984716,-3.53075224
5.591999562922865,16.682555865963558,11.5157524754577,11.574677822362652,11.352615173044939,7.305636582403073,7.030521367804283,12.810801671423865,-18.0887778
5.616000262903981,16.802756220246213,11.500079526490302,11.598793481466585,11.336530928814,7.300081227042448,7.019589676847864,12.706865019461262,-18.0887778
5.6399990489007905,16.89423926994967,11.4793976767363,11.61712409846585,11.32428992476951,7.303226934042035,7.005125357309786,12.633324975772851,-28.4692459
5.66399916796945,16.94982034830895,11.4654697100711,11.628251047980928,11.316853049762326,7.309499877252171,6.990069172369339,12.581859288658196,-28.4692459
5.687999956891872,17.11877678765361,11.465711607950299,11.662028896512622,11.294247321290262,7.30162148552032,7.026841202590378,12.340557488239142,-35.0727487
5.7119998259004205,17.23779261929535,11.4794419908913,11.685780983120985,11.278324388556321,7.302381583488687,7.20255108635562,11.9685091070183,-35.0727487
5.735999202937819,17.32278701084263,11.4987587436852,11.702722333685818,11.266953602152567,7.300816830646388,7.187239935196339,11.952478707671096,-35.0727487
5.759999561938457,17.346514259586392,11.5144163812204,11.707448592588104,11.263779375386903,7.313635572278335,6.954688684745333,12.33201786303395,-38.8102705
5.783999539911747,17.32979237494594,11.5262217335193,11.704117882679707,11.266016422681055,7.327824634265637,6.927876494468611,12.335033955069447,-38.8102705
5.807999507989734,17.386637220894706,11.5703804269871,11.715437623543611,11.258411803628706,7.327477385054583,7.338248978159917,11.725221507989655,-31.5897581
5.831999155925587,17.452108690559143,11.595870688246,11.728465498955797,11.249653347615629,7.32594129536318,7.320678367935537,11.708778491303203,-31.5897581
5.855999624938704,17.476004249728735,11.6466473920293,11.733217777963027,11.246456774223681,7.333322252658165,6.943158367484561,12.108870068638053,-25.1267393
5.880000414908864,17.499296800177767,11.6927665470186,11.737848798516845,11.243340897206735,7.344227955343778,6.914263647509879,12.109957717490142,-25.1267393
5.903999381931499,17.480550195678937,11.7110323093091,11.734121705510345,11.245848654334639,7.355539744481619,7.046282863790537,11.881882290702213,-12.9645713
5.928000262007117,17.618592134991513,11.805439163980001,11.761546433953235,11.22738306292771,7.348088096227077,7.037424019545342,11.85728926020585,-12.9645713
5.951999478973448,17.6316554978552,11.8634416370205,11.764139331095315,11.225635657807057,7.357646088120984,6.762279086604311,13.064153827518705,-2.29917795
5.976000338909216,17.726533697110817,11.9569634288441,11.782958918332119,11.21294467261742,7.36818145964975,6.757389522076444,13.106699229147242,-2.29917795
5.999999294988811,17.822266462258263,12.0572567564605,11.801925876294177,11.200139886663294,7.3716774508488845,6.7443336473903575,13.09784394167341,0.275741178
6.023999994969927,17.918327532787313,12.0405021895044,11.820935531641473,11.187291701179456,7.38252607361806,6.724225464387123,13.086911418029018,0.275741178
6.04799936292693,17.945555285059292,11.9892141415521,11.826319596998568,11.183650078120927,7.393022686300448,6.69927853821245,13.083813382461493,-0.467031391
6.071999681997113,18.083018131562604,12.0062089636575,11.853474296296525,11.165265504505928,7.391261091390215,6.687714702920663,13.068177291891322,-0.467031391
6.095999398967251,18.241467090894375,12.0139271261549,11.884717784050016,11.14407552054726,7.391118249563118,6.672935199299483,13.05016393186183,0.145754908
6.120000339928083,18.292569865849483,11.989029674625,11.894781414857166,11.137241653357648,7.399857524731143,6.656043028400319,13.044356541067692,0.145754908
6.143999485997483,18.332408926464336,11.9447611513491,11.902622499010029,11.131914161535894,7.413221984768931,6.630969306665583,13.039829939830858,-0.755865869
6.16799992590677,18.425760755149458,11.929814266509899,11.920980841762702,11.119431008891215,7.418095781846109,6.614636056095568,13.029225731347273,-0.755865869
6.191999903996475,18.54082057692764,11.923649498501801,11.943579162313258,11.104045710350913,7.4263648161543845,6.5671347609071296,12.893264232793875,-14.4503289
6.215999521897174,18.58852776535233,11.8887087633176,11.952939680938647,11.097666733858524,7.434652894691574,6.538927246511926,12.84248691983949,-14.4503289
6.240000210003927,18.727810371441116,11.8997589038208,11.980236445853675,11.079043859362706,7.43288755277057,6.5116208801369035,12.709633483084824,-25.1402535
6.2640001779654995,18.80438911498141,11.8690654866671,11.995224408659418,11.068805320389657,7.441684351785789,6.481481008281842,12.617102048361854,-25.1402535
6.28799924289342,18.8924285757227,11.8679694972629,12.01243790240367,11.05703490574463,7.4456483635216735,6.462210031208853,12.500222840239958,-32.7135459
6.311999129946344,19.02525752776432,11.891025002208801,12.03837311263782,11.039277216224333,7.445683401798644,6.464269585299229,12.295859875270482,-32.7135459
6.335999146918766,19.067153608214195,11.859186314254199,12.046544569672655,11.033676407962696,7.456196924943049,6.435430213047557,12.28839013460529,-32.7135459
6.359999855980277,19.183136232240624,11.8824795019871,12.06914377339807,11.01817199328223,7.461168422848297,6.423378389601656,12.769992581373126,-37.919742
6.383999352925457,19.205232033417918,11.890276627182,12.07344544410616,11.015218342314082,7.475233697336863,6.398641853529355,12.770927262161868,-37.919742
6.408000261988491,19.216353432218607,11.9218109890633,12.075610141020892,11.013731702716653,7.485778883746691,6.381071186009197,12.208953431470263,-34.4185027
6.431999306892976,19.25215303081801,11.9425197637338,12.0825762308777,11.008946283348262,7.493904183165717,6.354669863767363,12.196676123045256,-34.4185027
6.456000095931813,19.27532191936563,11.988315182452299,12.087082911168972,11.005849281481906,7.5005721248580395,6.366700602366402,12.073674178825954,-28.5506581
6.480000082985498,19.278147522781175,11.9951488637574,12.087632442537636,11.005471583197174,7.513314601044483,6.3360941709787655,12.068532723498949,-28.5506581
6.503999849897809,19.3121774761011,12.0579091184049,12.094249166088426,11.000922837396699,7.524534338002433,6.373301591828326,11.92022157126493,-16.9867109
6.528000067919493,19.399323083926163,12.142967820136,12.111180819913542,10.989274489748253,7.5252093158686035,6.358949113651857,11.904447536717933,-16.9867109
6.551999253919348,19.479033057547046,12.230455583612601,12.126651694366089,10.978620417774659,7.5295120059694245,6.810521216221854,13.973135066645073,-6.70771836
6.575999942957424,19.52848312013707,12.2906800108464,12.136241705574976,10.972011086767163,7.5470056398869785,6.84612997023144,14.056298351835599,-6.70771836
6.600000139907934,19.578742587104717,12.367307502483602,12.145982622463174,10.965293720647214,7.557777866927211,6.830919716939881,14.053493823130266,0.324863229
6.623999064904638,19.67466989164655,12.367651872735,12.164557571174486,10.952473089570152,7.569521217387476,6.810969727583883,14.043572741421483,0.324863229
6.64799918292556,19.709424968374936,12.2927388379751,12.171281898384237,10.94782822673556,7.585070358841281,6.787447632854141,14.039979509309996,-0.243233011
6.671999049955048,19.837596668461817,12.341922651032899,12.196054980359078,10.930699261154851,7.589598688872205,6.774401899521028,14.026733897343531,-0.243233011
6.695999086950906,19.99193007922052,12.335162644066301,12.225831866927495,10.91007531709773,7.595784607444695,6.755745763457993,14.010796609354161,0.163205517
6.7199994049733505,20.139275785668442,12.365518613744001,12.254206793469487,10.89038648049757,7.599989861792526,6.74304483612599,13.995593125978349,0.163205517
6.743999712984078,20.206082462699005,12.3442234408435,12.267054710378536,10.881459971733356,7.60874225848294,6.734653983807858,11.304381238981442,-4.38762969
6.767999289906584,20.27819905012984,12.3268150287045,12.28091168843244,10.87182426889089,7.6129362992287,7.342099770205211,11.024507663547887,-4.38762969
6.792000058921985,20.41066485454772,12.292385558742499,12.306331818153666,10.854125949593739,7.603069427658785,7.236597728232561,11.033503283004237,-12.3688418
6.81599956494756,20.48527265514903,12.251312045807001,12.320630347244808,10.84415831298225,7.6036418210607355,7.185907292660644,11.033535086016798,-12.3688418
6.839999752934091,20.59124067106655,12.2460656030525,12.340915910684235,10.830001515571958,7.599912654323899,6.157887910100139,11.772836329318718,-22.9702323
6.86399967991747,20.688740631894774,12.2339336789703,12.35955645192799,10.816976609334102,7.593593635698386,6.0323525707080785,12.61446832529856,-22.9702323
6.887999676982872,20.716513612227615,12.2182827898424,12.364862028269325,10.813266554928774,7.611149361437898,5.992392947089607,12.492604319067055,-33.1896109
6.9119994438951835,20.761471774608186,12.1812040154957,12.373446603393301,10.8072609169706,7.620936632643292,5.958133623279114,12.263182862801962,-33.1896109
6.935999721987173,20.83753245869761,12.2068946486249,12.387958955351355,10.797100797070273,7.621829864912587,5.9441951071096275,12.251723414394412,-33.1896109
6.960000159917399,20.873205540299274,12.1888713764635,12.394760551532126,10.792335739568006,7.631037418603882,6.016975414810798,11.809211281055555,-40.3531488
6.98400032799691,20.951107911978923,12.2269436685329,12.409603093126147,10.781930144843113,7.636130995376017,5.998866396146334,11.79558826429289,-40.3531488
7.007999132969417,20.94180206473163,12.2198155790434,12.407830844700433,10.783173128219095,7.645326663747345,6.134539421582321,11.53570674195036,-37.0263307
7.03199918998871,21.089704238645474,12.3169889100718,12.435973257456125,10.763418441973986,7.6407928316520355,6.12091809484822,11.513054861990387,-37.0263307
7.056000238982961,21.127489153823905,12.3500034825869,12.44315439204762,10.758371881519441,7.644955118192877,6.350882841924666,11.269533625035683,-29.0933446
7.079999124980532,21.194151286740546,12.41490311254,12.455815319045573,10.749468688811296,7.643565596019728,6.335865961888964,11.254642008477605,-29.0933446
7.103999812970869,21.21035933634521,12.4544450769711,12.458892040487209,10.747304032177375,7.654199096259025,7.293668908289951,10.840796795306126,-16.0829734
7.127999750897288,21.239864631080643,12.492918303790699,12.46449130620288,10.743363511340311,7.654541120272751,7.300025130181795,10.830196751339216,-16.0829734
7.1519993169931695,21.287320130413637,12.555339542920501,12.47349260047703,10.737025799534711,7.6549442324753825,6.092693563606501,11.38556964077994,-5.43584812
7.175999795901589,21.313300107123762,12.625654115897099,12.478418143512343,10.733556216292806,7.657709112474156,6.049322835754719,11.405776621800676,-5.43584812
7.1999992919154465,21.419895805772104,12.7290379460749,12.498610558020804,10.719320973503896,7.6529455426491095,6.035638197184255,11.391894110444603,0.248691259
7.223999438923784,21.448160840154515,12.6835746406523,12.503960199645912,10.715546458908335,7.6599172743538695,6.011250248634512,11.388347967873774,0.248691259
7.247999454964884,21.539776640746997,12.650132031321599,12.521286801325891,10.703312420212768,7.657955811776508,5.98934733263381,11.37685513024947,-0.18141573
7.271999211981893,21.637395383337235,12.659479292119,12.539726398538276,10.69027734616489,7.658203591845942,5.974013549641621,11.36461146842926,-0.18141573
7.2960000889142975,21.786415727496717,12.680641666023101,12.567831098216054,10.670379742240037,7.649785774420987,5.963280102082318,11.345925284087214,0.0458487192
7.319999814964831,21.893366661364933,12.6915025873059,12.587968627764841,10.65610021958118,7.64880081326579,5.950719033748106,11.332517645849972,0.0458487192
7.343999009928666,21.9885447456426,12.653662689771,12.605866267990766,10.643393150811216,7.64966721724523,5.60473161085355,12.074152060644293,-5.40148087
7.368000027956441,22.036267740156635,12.647558549997001,12.614832050944068,10.637021947744646,7.661751978932223,5.595099118886323,12.264392055104924,-5.40148087
7.391999102896079,22.180678463721218,12.6239759693827,12.641929223332466,10.617743438891672,7.661457979548294,5.737046398871983,11.498796629841351,-17.4089531
7.416000030003488,22.273284721345245,12.6208315244084,12.659279356782633,10.605381406401426,7.655325130190946,5.914867632112282,11.25616723290269,-17.4089531
7.43999952590093,22.464118316001095,12.6532071356707,12.694967538954407,10.579908703952396,7.644553710476439,5.955973056729455,11.181363323445707,-24.7605691
7.464000092935748,22.491922462643103,12.6033851308314,12.70015992110766,10.576197566400793,7.649033980884052,5.97150611444279,11.141336644001587,-24.7605691
7.487999938894063,22.589482939306155,12.597413134305299,12.718364449820276,10.563176146783368,7.6470826815600095,5.884246590300869,11.188535344976154,-31.0541654
7.511999774957076,22.675093233202695,12.5863228220891,12.73432020624482,10.551750223903662,7.646286858765696,5.746546153706811,11.297258546472154,-31.0541654
7.536000181920826,22.67666154014112,12.5664972695035,12.734612337208004,10.551540915219054,7.656194589915598,5.721890175500506,11.295122782630088,-31.0541654
7.5599992770003155,22.662704894699598,12.5550554967638,12.73201240287912,10.553403596398777,7.671036802439907,5.60463585241725,11.41603947984386,-36.6329031
7.584000043920241,22.757151571173296,12.614182294873299,12.74959738085878,10.540798802986352,7.670844655534472,5.587834340630009,11.402884647121917,-36.6329031
7.607999509898946,22.74239210639206,12.6130395557449,12.746850740984307,10.542768553904287,7.684719372035888,6.0214032326515685,10.97106837621883,-32.7537002
7.631999865989201,22.75644689781155,12.6378321077992,12.74946625768841,10.540892846118057,7.691921108939488,6.003527923471739,10.962822339703745,-32.7537002
7.655999391921796,22.798203514563983,12.688592408493,12.757234118350148,10.535320215912433,7.694488678995931,5.76970974874414,11.105211651044725,-26.7530569
7.679999618907459,22.866227605940875,12.7381127585444,12.769879442455089,10.52624230032725,7.69551174385435,5.7482210812293175,11.09562027574479,-26.7530569
7.703999463934451,22.952055029822265,12.8151828972911,12.785818404784951,10.514788930637602,7.691704680020704,5.666039286684762,11.139209099596295,-15.4788384
7.728000392904505,23.016345450106556,12.908784879163301,12.7977461161654,10.506209911459425,7.692768997040709,5.6517198567139175,11.129620515301491,-15.4788384
7.752000237931497,23.033365455184562,12.938537460584799,12.800902146815764,10.503938778955806,7.700907796238881,5.268974905160118,12.106307441955561,-4.01924186
7.776000273996033,23.0732337897955,12.982528159877,12.808292226291721,10.498618861816166,7.720813060926631,5.24709395636128,12.142560283552333,-4.01924186
7.800000080955215,23.229531801110497,13.121812083375401,12.83722703221909,10.477763897705708,7.7195803372062235,5.237933203465096,12.127071727517857,0.142657235
7.823999334941618,23.33378445226365,13.1207195776225,12.85649418528714,10.463854272525206,7.720044965394668,5.224371934167081,12.115102130779944,0.142657235
7.847999150981195,23.379511103486802,13.0503948468935,12.864936767065107,10.45775354341875,7.732300677215949,5.197453311250336,12.109853582010093,-0.332375522
7.871999116963707,23.454914930838218,13.0732753982017,12.878847695144096,10.447693663296143,7.741613456162038,5.180883801533499,12.101200635681607,-0.332375522
7.89599998597987,23.57433890870349,13.0540001102831,12.900851702874018,10.431761670281675,7.7422096252811405,5.163771895590323,12.087501215950212,0.0090431294
7.920000011916272,23.704575840906323,13.0516926100437,12.924808874462567,10.41438822516244,7.74352739328053,5.148383853494936,12.072568489666201,0.0090431294
7.943999947980046,23.764581163249638,13.0285127523225,12.935833155999852,10.406383966877616,7.752842003238419,5.129203833471924,12.065690880704093,-0.396613016
7.967999093001708,23.826866069829766,13.0211768754384,12.94726708127527,10.398075881490524,7.761221539886165,5.11407441879568,12.05855365899083,-0.396613016
7.991999649908394,23.95317330894263,13.0238572826597,12.970425218746621,10.38122874890135,7.7622825676496054,5.087941395500573,11.952492776518875,-14.8562011
8.016000337898731,24.060775921285504,13.001139527860602,12.990123627497422,10.366877317513998,7.765787258660143,5.0669084929934645,11.906385023047093,-14.8562011
8.039999060914852,24.142749002413225,12.9585250340232,13.00511144128029,10.355944727510815,7.771613258084452,5.057227523067193,11.638354306536066,-22.9240036
8.064000149955973,24.3016308103741,12.988861399907899,13.034115088676423,10.334756251588148,7.7668133605853855,5.09150691758925,11.442781021382988,-22.9240036
8.087999354000203,24.398101330279157,12.979468687076501,13.051696022806137,10.321891771334693,7.767549309715806,5.079785862678479,11.413874200554195,-28.6289513
8.111999199958518,24.483222124702454,12.9602059789271,13.06718998172486,10.31054131353665,7.7727818532723045,5.067594993834858,11.375093283598073,-28.6289513
8.135999738005921,24.589349525697816,12.9738904035106,13.086483231007144,10.296390408691906,7.77491716952173,5.050184857629738,11.360508354196929,-28.6289513
8.160000314936042,24.646715361582476,12.964703731730602,13.096900681552109,10.28874163182005,7.77921168842621,5.287323718120999,10.97555660260445,-32.7159658
8.183999439934269,24.707562661511666,12.9742564416671,13.107941709697684,10.28062890364051,7.782697577909019,5.270037266315115,10.962275189736028,-32.7159658
8.207999825943261,24.685260663084463,12.9885879479392,13.103895940545392,10.283602384415833,7.792503391271857,6.500286457146287,10.380031928355223,-29.4133867
8.232000101939775,24.70923231141963,12.996965661302399,13.108244550062983,10.280406293921473,7.794510670394049,6.493939803649623,10.372071204511167,-29.4133867
8.256000116933137,24.710979824150808,13.0542076461421,13.108561505976434,10.280173303174287,7.801466375088354,7.096527423606283,10.291574909317596,-26.5781259
8.279999802005477,24.720260625258902,13.0481284269236,13.110244692479847,10.278935924657484,7.801601062721743,7.085440690270501,10.288948732942602,-26.5781259
8.30399972689338,24.765150192850736,13.1204888404517,13.118383040951771,10.272951029684391,7.798142709145854,7.071516727229011,10.282573408705954,-18.1118407
8.327999611967243,24.777936864104586,13.1491341115942,13.12070034114271,10.271246273694928,7.797506901741252,7.05508068803055,10.28011067725623,-18.1118407
8.351999155944213,24.7950624824466,13.205168268441401,13.123803363560837,10.268963054155575,7.798365329639535,6.9296259065044845,10.284677476074178,-8.3858243
8.37600000295788,24.85188750936501,13.2550944448256,13.134094545663299,10.261387178086324,7.792833564339459,6.912741470535554,10.27644350489993,-8.3858243
8.400000288966112,24.914300247256865,13.3356163941995,13.14538873710433,10.253066605591268,7.785378522765405,6.9007414424743345,10.267745546998729,0.0781324477
8.423999512917362,25.022850019663533,13.3266936919452,13.165009577474498,10.238595894444058,7.771712358810404,6.883547036338237,10.253296001578237,0.0781324477
8.448000358999707,25.116343281264108,13.3214340651925,13.181886196815457,10.226133005020554,7.760396361556714,6.8659492679143685,10.240851388515633,-0.0799859841
8.471999492961913,25.289609288752743,13.3612250290734,13.213107209268472,10.203037792653335,7.739727061276718,6.8562528739642525,10.217790160930285,-0.0799859841
8.49599965789821,25.376456276153462,13.319512024382,13.228729145597804,10.191462441774616,7.733093872125068,6.835540908036509,10.206231900472757,-0.661035522
8.519999332958832,25.49284448026534,13.338718079370299,13.249636521097088,10.175950523940427,7.7209782826513536,6.823048537341933,10.19074294538724,-0.661035522
8.544000199995935,25.500422861719972,13.2890127154708,13.250996734491887,10.174940529437828,7.720687124199395,5.006043369763213,10.829742078200713,-6.30710547
8.56799993396271,25.671510111246665,13.3266498764562,13.28166780792368,10.15214025927926,7.705512480048839,4.8035066852974735,11.059036869204316,-6.30710547
8.591999828931876,25.733770294056463,13.2819917631574,13.292811848502408,10.143843541778752,7.710001222751681,5.304852892037634,10.555543537735208,-15.8989285
8.61599978490267,25.898262737286856,13.286292080956901,13.322209829003372,10.121924776547973,7.69503686191234,5.582069754957417,10.393375895843484,-15.8989285
8.639999949955381,26.03340694089901,13.300926549091201,13.346314124355239,10.10391810726167,7.687428704015499,5.081717750312945,10.648557351577624,-24.0516188
8.663999784970656,26.003569816557235,13.241939097298099,13.340996149898075,10.107893507805565,7.700114028713618,4.800842242474043,10.901963736860452,-24.0516188
8.688000059919432,26.08111810078587,13.2197719831846,13.354813411874972,10.0975613588085,7.704579976275194,4.682138479408555,11.047854129190636,-32.4522061
8.711999574908987,26.201213342321843,13.2387398832692,13.37618305899745,10.08156129886705,7.700092870433974,4.579068855270619,11.350044389990757,-32.4522061
8.735999178956263,26.13121215157426,13.1655504414007,13.363731311543784,10.090887300526806,7.727944286300805,4.543595399514776,11.358180935824018,-32.4522061
8.759999223984778,26.213810690590478,13.1890678694522,13.37842261574437,10.079883037075948,7.734618429609265,4.521937640695454,11.515990443032974,-39.0278062
8.783999008941464,26.27158469012928,13.212755279405,13.388688802240472,10.07218633085554,7.742744992444799,4.4997072220190555,11.509029302515971,-39.0278062
8.807999915909022,26.34734612126391,13.282079846927799,13.402139144137955,10.06209367958937,7.753167123031516,4.531752167083771,11.76291961052923,-35.8047829
8.831999770947732,26.36891033380255,13.2839796186047,13.405965040224153,10.059221051006915,7.77151919957381,4.503570023259735,11.762606803302397,-35.8047829
8.85600002692081,26.406115816671377,13.3399913962306,13.41256336944281,10.054264882837687,7.782921355679647,4.454351000601495,11.654477275567972,-27.411771
8.880000111996196,26.494045572062998,13.4168921589685,13.428144369677833,10.04255208927219,7.791132437569185,4.434067068524182,11.643885560004101,-27.411771
8.90400011697784,26.57118051841455,13.4944342058777,13.441797284039481,10.032277683984873,7.79862729601654,4.553148387858349,10.869561278054436,-15.0357603
8.927999360952526,26.619162104063005,13.5448586485028,13.450282846131135,10.025886731420101,7.803230323458855,4.541195428279999,10.846153393401503,-15.0357603
8.952000076998957,26.700458268687438,13.6154397533957,13.46464750691653,10.015058786612336,7.807343373018584,4.422947321360245,11.002792761033252,-2.45964003
8.975999922957271,26.755498135525226,13.7023923025498,13.47436380604281,10.00772822101134,7.8165880983644715,4.400461008273385,11.002442954388481,-2.45964003
8.99999951699283,26.89913427108127,13.813154549122201,13.499685985083557,9.988598851904168,7.813381630043907,4.389179646904176,10.986511586277283,0.145802547
9.023999411961995,27.01628463501519,13.8222511495064,13.520302275982766,9.972997936691286,7.811629241158753,4.374091129955349,10.972360243942797,0.145802547
9.047999937902205,26.98534575851704,13.7426753662089,13.514860803323158,9.977117971365919,7.828634766953658,4.343516314378847,10.976097084806005,-0.0682663203
9.071999090956524,27.06049272559437,13.7360931634421,13.528073533662418,9.967111001262293,7.834279006788361,4.3253537413492715,10.967021307738067,-0.0682663203
9.09599939698819,27.209555519839117,13.7523149298078,13.554242493146354,9.947262210512617,7.828147310578569,4.312794231460263,10.949024278443007,0.0919537601
9.119999472983181,27.26831281560649,13.7120891731359,13.564543099308542,9.93943869200825,7.835836771530138,4.2906942408963475,10.941932380961545,0.0919537601
9.144000238971785,27.286997347215927,13.6783517444635,13.567816908567107,9.936950903885288,7.845115923460714,4.268771271372816,10.939677446317887,-0.191500193
9.167999011930078,27.3908218780508,13.6539162204773,13.585993286474679,9.923127446682104,7.847817523664093,4.2518938942439215,10.927149663878474,-0.191500193
9.192000339971855,27.541776087642386,13.6211029119049,13.612374522853072,9.903030423080898,7.843461212849294,4.453634969515342,12.093744645235608,-10.9152533
9.21599965391215,27.61990814371632,13.6338794219631,13.626007699951954,9.892629100742731,7.850533983849904,4.8324413289713215,12.620690226592718,-10.9152533
9.239999697892927,27.697186219900328,13.625257577373901,13.639477490809243,9.882341902766033,7.868449993064159,4.3651597721716024,11.993656711637891,-19.792866
9.264000152936205,27.75517406966258,13.5951605664702,13.649575551318343,9.87462289166635,7.87686453657961,4.161378594726949,11.569941330519882,-19.792866
9.287999777006917,27.86603856201841,13.5882104766656,13.668859198125363,9.859865929944615,7.876052554686274,4.159641782032991,11.59399461332058,-29.2636579
9.311999610974453,27.947078507729632,13.5778435956405,13.682936586059023,9.849079427776054,7.8861143458672185,4.165105163792681,11.659026693713116,-29.2636579
9.3360002549598,28.06500591351506,13.5596690887847,13.703393592840632,9.833384029211341,7.8903247054978936,4.145968551052228,11.648052942030592,-29.2636579
9.359999648993835,28.182125401329714,13.579877042986599,13.72367751622352,9.817797174980859,7.892217573054639,4.053908345325199,11.040524340752146,-30.6905086
9.383999772951938,28.281524320297144,13.6074388931365,13.740866671517587,9.804569459761044,7.895383079487221,4.037596477540099,11.023694035239366,-30.6905086
9.407999045914039,28.361977200141453,13.625800239777801,13.754762163884351,9.793863564027447,7.897974150642602,4.815760189887259,10.16320440199012,-29.488306
9.431999330990948,28.379380498339874,13.6313047522514,13.757765953784627,9.791547763661272,7.906087331157091,4.8063794784935245,10.152634024109377,-29.488306
9.45600006589666,28.345059649295198,13.6594216009962,13.751841519105835,9.796114749140642,7.915572884337003,4.874138470021839,10.116367046038379,-26.4054417
9.480000149924308,28.39999980958601,13.694015646276199,13.761323886447403,9.788804048021424,7.9210947822330215,4.8560182385733235,10.1055876816494,-26.4054417
9.504000324988738,28.387422029591097,13.7060226128842,13.759153668447585,9.790477710819907,7.927490624595562,5.760678272315272,9.853953522093999,-19.4338246
9.528000288992189,28.443901451340878,13.7584549612287,13.768895877773376,9.782962366520168,7.922821004420257,5.769465668723414,9.841356159608853,-19.4338246
9.551999170915224,28.445933853720607,13.792399913084,13.76924630732226,9.782691932558844,7.928434962999721,5.56146567125292,9.871181700401733,-9.78854298
9.575999023974873,28.48056463028152,13.863037405411701,13.775215874220033,9.77808396609129,7.926565423905814,5.545046780681266,9.865512628329137,-9.78854298
9.599999328958802,28.505112253032706,13.9020256136039,13.779445595307825,9.774817716823565,7.9272344073523024,5.524092528090696,9.861613293440168,0.0106268915
9.623999222996645,28.62952786667769,13.911421237592402,13.800861087805448,9.758263957609724,7.913567196438519,5.511049046481718,9.845208354705857,0.0106268915
9.648000118904747,28.76305227928075,13.9327579998596,13.82380329472728,9.740499541088859,7.897197119502807,4.328909992980824,12.15247113192039,-3.99239879
9.671999942976981,28.8872347031274,13.9637202549543,13.845102109024603,9.723979205692032,7.888843671240956,4.570444534110127,12.432822481227308,-3.99239879
9.695999024901539,28.97693370519244,13.956072562540301,13.860463666032803,9.712047017680508,7.894900063229236,3.8023400355072727,10.995028060085312,-3.7718448
9.720000260975212,29.09989330716286,13.954144807622901,13.881490081792819,9.695691332055366,7.886718845217922,3.81415020254392,10.824717193745443,-3.7718448
9.743999233935028,29.192892511912962,13.9350770988791,13.897369197377621,9.683321639669023,7.886578516260381,4.226843182494238,10.243738719943911,-7.95011701
9.768000109004788,29.29736504298398,13.9169575277296,13.915182679425923,9.669426677790707,7.881048993355468,4.366015421613272,10.129501584664206,-7.95011701
9.79200029396452,29.441607467880047,13.9356829808233,13.93973443139108,9.650243638492691,7.8731305534263925,4.536743706640015,10.01465630939548,-14.032736
9.815999997896142,29.513481982977062,13.9083314295961,13.951949768010888,9.64068551883893,7.873016933390072,4.592258446846933,9.970826745176508,-14.032736
9.839999499963596,29.604506783075525,13.9163699803742,13.967402061827126,9.628581294342705,7.8719968554545785,4.189763514044259,10.171216114255895,-19.2130963
9.863999864901416,29.668306670164867,13.8788319424769,13.978220884827305,9.620097740526388,7.874097248647161,3.94790893587933,10.345285616960581,-19.2130963
9.88799916789867,29.685221657505142,13.8590823583698,13.98108760264882,9.61784858495075,7.881071567953866,3.797075389888401,10.502601908619196,-28.2177472
9.911999712930992,29.709983428304735,13.829827306436,13.985282945586919,9.614556096157425,7.893489542180253,3.652494704203073,10.832954175693049,-28.2177472
9.935999486944638,29.70707564885907,13.8122680309289,13.984790361522066,9.6149427313068,7.90807553805474,3.63150320935582,10.833932472324852,-28.2177472
9.95999982196372,29.76640962773014,13.8077420844456,13.994837668397802,9.607053471134757,7.914722672778827,3.622960632083959,10.74760579714285,-33.8994332
9.98399941495154,29.821453207995436,13.8309843643985,14.004150947219465,9.599734919420122,7.921210150499057,3.605302840601473,10.739123218274889,-33.8994332
10.007999138906598,29.903310496533845,13.855136872148,14.017987685072894,9.588851668471639,7.92279047592247,3.742573129130837,10.405456975849136,-32.118706
10.031999472994357,29.993425017724654,13.9284918816256,14.03320169024158,9.57687118221847,7.921077941923764,3.7301205560847106,10.388964092137487,-32.118706
10.056000108947046,30.041865910578355,13.9863580668508,14.041371941876553,9.57043135294068,7.928046250921623,3.5568245950765562,10.687222757920187,-25.4623227
10.07999945199117,30.14055000017863,14.0793540867157,14.057999107436533,9.557312653267763,7.928782260884595,3.5425322087136415,10.679598504315464,-25.4623227
10.10400002694223,30.153442974069467,14.1169037831603,14.060169713176585,9.555598764399,7.939404265527554,3.7642778590302024,10.270267538571776,-12.4239043
10.12799968989566,30.20459198230185,14.1520429973656,14.068777033079652,9.548799551008676,7.946646301570847,3.7504291883725718,10.253149699182583,-12.4239043
10.152000054949895,30.265950770534783,14.2178219084715,14.079094213211157,9.540643423933615,7.951088318650571,3.7312871554513762,10.244412708444777,-1.19773855
10.175999106955715,30.292211072692226,14.293343853359799,14.083507010160826,9.537152858184948,7.9553945251947775,3.714951378137485,10.24116667423136,-1.19773855
10.199999061995186,30.474279460717348,14.436524787628999,14.114056655678509,9.51295348082653,7.938349002781377,3.7131086771134085,10.21866696947725,0.0210553465
10.224000126938336,30.542093636795233,14.386143247394,14.125415134870506,9.503940709956122,7.944955859076134,3.6877111310920214,10.210289187130572,0.0210553465
10.247999168932438,30.628797566997516,14.334418431615399,14.139921564431237,9.4924179395644,7.942565038633641,3.66846085498417,10.199579805730862,0.00969048739
10.27200037392322,30.69117499462301,14.3582714747576,14.150346841980104,9.484128474022238,7.944420321371847,3.6593009500655236,10.191876576850538,0.00969048739
10.296000247006305,30.853653150777212,14.3782631031557,14.177458627504233,9.462537847512033,7.931853163485511,3.6505208989763154,10.171817135154726,-0.0414583928
10.319999026949517,30.894864796083077,14.3391312552793,14.184325370385718,9.457061839584503,7.938014384214351,3.630412738891393,10.166730466744635,-0.0414583928
10.343999331002124,30.922357537179252,14.295228937348499,14.188903998950682,9.45340880888407,7.942663449286318,3.6095461603026338,10.163337386061825,-0.591381701
10.367999103968032,30.96031167129831,14.2506695151502,14.195221903070564,9.448365843990073,7.947038030794197,3.5909733151142778,10.158653572181322,-0.591381701
10.391999326995574,31.10777669769882,14.260705426393201,14.219736580104628,9.428773247750348,7.939248591385362,3.324904692549583,10.819517072838252,-11.9012862
10.416000321973115,31.247351204211675,14.2653237527462,14.242891801818494,9.410230590702557,7.933412673928893,3.410116545745798,11.107503735751306,-11.9012862
10.439999763970263,31.26498813743712,14.208322248190601,14.24581444227604,9.407887610739913,7.9548118928905325,3.2856094421424564,10.711614779093162,-20.2617087
10.464000167907216,31.31207785533004,14.1676484469678,14.253614113768302,9.4016320939116,7.961191074835198,3.3123298159325083,10.44202061427479,-20.2617087
10.48799912899267,31.43915737510552,14.1765276289374,14.274636477817744,9.384751409560858,7.951088394505941,3.384763507085936,10.268854012799984,-28.1490846
10.51199938193895,31.610972755920347,14.2204852787411,14.3029982007616,9.361930255767755,7.938036760246599,3.623265898267627,9.991697635260207,-28.1490846
10.536000356893055,31.667435809332552,14.212236354337,14.312303262769756,9.354431139082438,7.9405512033971215,3.6085354971294907,9.980857141268896,-28.1490846
10.559999838937074,31.77972223281509,14.2093479639442,14.330785410983308,9.339518623519037,7.933099099349449,3.9969508229056285,9.721616986115022,-29.4731132
10.583999190945178,31.87019891719591,14.2203731303337,14.3456558782135,9.327503347711826,7.930574898523182,3.9857732012748053,9.706007271993526,-29.4731132
10.608000165899284,31.917684000620188,14.239479597861202,14.353452582419335,9.321197606478215,7.932897911571882,4.2025066626361856,9.602443292018249,-27.8402536
10.631999296951108,31.923102949891778,14.226448871804799,14.35434199317304,9.32047801325268,7.940894707200286,4.185302888640138,9.59693684687874,-27.8402536
10.656000021961518,31.928496135811507,14.2606229241087,14.35522710600087,9.319761843540963,7.942983370325515,4.801025898365694,9.422947502997559,-25.9279575
10.679999683983624,31.968118153255606,14.275653749133,14.361727625244976,9.314500444796398,7.941568195331811,4.796915997616707,9.413078862809813,-25.9279575
10.703999346937053,31.956527694186562,14.301126385212699,14.359826442819214,9.316039526156958,7.947895750133895,4.377044704470936,9.505012882588087,-21.0001364
10.728000300936401,31.962454216928364,14.3337615007414,14.36079860999489,9.315252549877748,7.954448828891145,4.357074335006165,9.50353836020662,-21.0001364
10.751999983913265,32.031006436165015,14.4143731584935,14.372037613676572,9.306149783602518,7.94714637871952,5.295368990944997,9.327867900036244,-10.9602797
10.775999736972153,32.036678036915674,14.4396558750061,14.37296696073414,9.305396692115513,7.948476736306118,5.317013961346332,9.323032719117125,-10.9602797
10.799998988979496,32.055324113604534,14.4942797699364,14.376021762608646,9.302920830625697,7.9475079392903405,5.299804148375125,9.320127791585296,-0.630591283
10.823999562999234,32.19169779416356,14.5109175822324,14.398338821037411,9.284813727963044,7.92939296239265,5.288465605817961,9.302054779512552,-0.630591283
10.848000127007253,32.31005193362738,14.5096247305022,14.41767118227927,9.269100401272459,7.910193877370619,5.270798028216333,9.286371143295796,-0.871730674
10.871999569004402,32.47462794132296,14.5696004639538,14.444498196116662,9.247252302574484,7.890628882260963,5.263183470685246,9.264564492522561,-0.871730674
10.896000332897529,32.60026803655482,14.5689546245273,14.464935029874313,9.230574580232236,7.871112594885231,3.1233104090652755,10.075592805174685,-2.3651772
10.919999884907156,32.74828775832034,14.583936860116498,14.48896401215984,9.210927794405524,7.858953771130842,3.03118144840283,10.245707526392431,-2.3651772
10.943999817944132,32.7396718136931,14.5153627468084,14.487566758946773,9.212071347067829,7.874718939449494,3.1949798203566218,9.929663691896689,-6.74367289
10.967999109998345,32.81922944111024,14.5157792812607,14.500461961147385,9.20151227914049,7.868674109566014,3.2528580401163443,9.856117098613348,-6.74367289
10.991999152931385,32.922278562491854,14.471641635026899,14.517142447001024,9.187836138900868,7.866488589507173,3.3265396734546124,9.768142959980628,-16.5424216
11.01599925593473,33.041094616436254,14.4985431780065,14.536343786891448,9.172068577351613,7.856572455061456,3.3562753694218332,9.725333269388516,-16.5424216
11.039999529952183,33.19497628086936,14.495688514929698,14.561162065032763,9.151649340483656,7.846143973914082,3.6659238322447987,9.523160223871562,-20.2601994
11.063999292906374,33.22026597347543,14.4693593096515,14.565235443395814,9.148293726726628,7.846105491414625,3.9260880788940464,9.4071935858258,-20.2601994
11.087999816983938,33.28035976545067,14.442294657103199,14.574908578217862,9.140320273240423,7.84639591423054,3.4312255943438785,9.612201565782886,-27.4349157
11.111999358981848,33.34083971264518,14.4373983494689,14.584635209365082,9.132295885274287,7.8455510236951564,2.9173711230599046,10.153763940620399,-27.4349157
11.135999992955476,33.39404226820704,14.4430553618442,14.593184277097423,9.125237301356487,7.847598659135947,2.9042558040025725,10.149358991843675,-27.4349157
11.159999985946342,33.40647728036231,14.407266242951401,14.595181477916851,9.12358753520942,7.860040208203068,2.9857560652498196,9.930055216711555,-32.8258606
11.183999778935686,33.41918437472273,14.403594860243,14.597221998727619,9.121901684892766,7.869553232694467,2.9664165681541106,9.923815092033516,-32.8258606
11.20799982198514,33.42629187874382,14.4258822438305,14.598363163193923,9.120958738121702,7.882694939786705,2.8276857529091792,10.216479110717763,-32.6780771
11.232000324991532,33.53507381046391,14.472797911567,14.615813968507421,9.10652725174579,7.878867855128647,2.8151076963763417,10.205150304547251,-32.6780771
11.255999735905789,33.5712097881696,14.5360965123051,14.621604686223185,9.101733512914958,7.888608184800378,2.8353814183457446,10.492074173953117,-27.9154792
11.279999566962942,33.67249039951489,14.610234181307,14.637818175629425,9.088298375097134,7.886758858940118,2.826777144978505,10.485450510114383,-27.9154792
11.30400025099516,33.71711888870686,14.6610851622165,14.644954788845876,9.082378561062644,7.896413080200476,2.772280888818633,10.179143323727683,-16.6559545
11.32799904095009,33.82522927283265,14.741209226866,14.662223291599185,9.068038784427014,7.891279243762799,2.7619194455669738,10.158547322157352,-16.6559545
11.35199911298696,33.9231805297646,14.8091879060263,14.67784511657884,9.055047360962487,7.890385427266248,2.8572435225626998,9.877793941597254,-4.00458592
11.375999855925329,34.00389447687759,14.901183118091899,14.690700722555103,9.044342752969564,7.886661195899261,2.855818335883935,9.858764066301529,-4.00458592
11.399999747984111,34.16229754750978,15.0504625665825,14.715885214504555,9.02333629390259,7.875298825685282,2.8559629504314263,9.83917102355413,0.216525312
11.423999149003066,34.205222015622134,15.0087172309011,14.72269951910808,9.017644274117366,7.881208763027581,2.838776548515728,9.833959487304547,0.216525312
11.447999230935238,34.21940180455041,14.9588247553565,14.72494961494675,9.015763990534106,7.891896379628934,2.819958345610763,9.832238041040883,-0.121151815
11.471999133005738,34.293140522858714,14.943861584135,14.73664302820902,9.005986283666815,7.889267929721577,2.8084941992457506,9.823287237456453,-0.121151815
11.495999926002696,34.36959219821656,14.9279985435817,14.748753039380537,8.995849325843023,7.889720862747344,2.7963620700352854,9.814009214544217,-0.0753559863
11.519999146927148,34.479344748797494,14.9191267819176,14.766113699380194,8.981297770169286,7.88485430080672,2.7871016282123278,9.800693601157922,-0.0753559863
11.54399898799602,34.56254715207932,14.8906632943684,14.779255617917553,8.970267050222073,7.883750188073575,2.774004666722752,9.790602101047186,-0.250210157
11.568000292987563,34.626252782357845,14.8533709281896,14.78930690060922,8.961821550504924,7.8822055957080375,2.762005011084099,9.782877057725308,-0.250210157
11.591999763972126,34.777399204793284,14.855383774274099,14.813115827188247,8.941785347036001,7.87034352567835,2.8128337529381824,9.694248629511877,-8.98704657
11.615999123896472,34.83351397821426,14.8273627257387,14.82194136602786,8.934347182074477,7.871989347753412,2.8258894385481965,9.65999601087666,-8.98704657
11.639999386970885,34.893839314311066,14.7987084671743,14.831420801774742,8.926351195846749,7.873374692489385,2.6213246668341887,10.198080117243052,-17.173482
11.66399932897184,34.988473906692626,14.779132599626301,14.846274163931822,8.913808223270037,7.875283102941277,2.839758747145609,10.66239578829059,-17.173482
11.687999109970406,35.06115224368396,14.7550950413941,14.857666973956622,8.904175878056021,7.881260121531688,2.742643999423183,10.532401075951443,-25.8089418
11.712000343948603,35.148378773761436,14.7469068420424,14.871323782132803,8.892616002580747,7.881547535337845,2.618891716148725,10.295128217997505,-25.8089418
11.735999684897251,35.2377349195024,14.753486082733598,14.885295323562687,8.88077457399183,7.881186844012103,2.608940367438931,10.2844868620659,-25.8089418
11.759999947971664,35.36698008413118,14.7567112365212,14.905470359657892,8.863648291504173,7.874869818242462,2.5913123812209466,9.851069464836852,-31.6216005
11.783999608946033,35.50353313177831,14.812488464040799,14.92674315893516,8.845555208884242,7.862988505506822,2.589887830525335,9.831643956512243,-31.6216005
11.808000352000818,35.55685093779345,14.7867946643563,14.935037238677854,8.83849111439107,7.870713625247588,3.2268338386952666,9.249619869337547,-30.2989795
11.831999161979184,35.64140514574022,14.8300160275914,14.948176626745129,8.82728900375739,7.867707274915107,3.224670143796046,9.232713982151214,-30.2989795
11.855999444960617,35.69002206369121,14.8601513166027,14.955723836948755,8.82084830329931,7.866054630917444,3.9438738290409194,8.975994355758779,-27.8559001
11.880000368924811,35.702623456364265,14.8741498511517,14.957679143045892,8.819178922164095,7.869270307315309,3.9412448007388057,8.96857461731889,-27.8559001
11.903999368892983,35.6542048241137,14.8984988087382,14.95016417050285,8.825593300571386,7.884467995289075,4.128790422647092,8.930926082059958,-20.9960973
11.927999520907179,35.6796122989406,14.927071025637499,14.954108313116294,8.822227356913473,7.88441268686257,4.119648279420095,8.923777571237846,-20.9960973
11.951999832992442,35.7197432820287,14.980210504652701,14.960334953353115,8.816910979568013,7.88361632237709,3.4328189785129815,9.090731356040457,-13.9191283
11.976000285940245,35.67182582613658,15.0005643733291,14.95289973839162,8.823258891037295,7.8970539968240825,3.39664469224129,9.101170102406481,-13.9191283
11.999999476945959,35.75312352076015,15.0646118235778,14.965511257067497,8.812489018067966,7.890140444025724,4.0516517968857,8.914926685389817,-3.15306236
12.023999558994547,35.763721915943954,15.117033949739,14.96715420797963,8.811085043135352,7.8882863698810475,4.079953963908659,8.904169998100732,-3.15306236
12.047999960952438,35.9111264321379,15.2364603200807,14.989977115617378,8.791559304823323,7.866884717836529,4.074563164442456,8.88379418959655,-0.168638958
12.071999923908152,36.0013098523163,15.2252450777845,15.003915017444829,8.779614216058693,7.857505457859641,4.057250350848418,8.871975265229734,-0.168638958
12.0960001059575,36.126409410395134,15.2270035781156,15.02321735856585,8.763045548797,7.839759925777077,4.041471396838146,8.855582152748928,0.0444084573
12.11999942699913,36.2158750084708,15.2157175544802,15.036998814562601,8.751197221802895,7.831107233484402,4.0256102692208975,8.843859763793127,0.0444084573
12.14399976900313,36.41298567989479,15.2640436175577,15.067295304069479,8.725095461499787,7.803725525389118,4.015607297013761,8.81803662209427,-0.272712788
12.167999459896237,36.48100656023839,15.2328089119232,15.077728981946182,8.716088804873788,7.79872438498736,3.9989638299047296,8.809126483518956,-0.272712788
12.19199961295817,36.50509388643753,15.189369617985701,15.081421097111274,8.712899495719595,7.795499184918674,3.9771434828518837,8.805971398673435,-1.7681739
12.215999744948931,36.6005397679164,15.1826298584037,15.096037589016197,8.700262381948178,7.782844494309532,3.963415436998861,8.793470133946823,-1.7681739
12.239999474957585,36.757468743845905,15.179131877438099,15.12002271489415,8.679486608498719,7.76166658954825,2.919053516222481,9.089792341221216,-11.687467
12.263999816961586,36.83971758992339,15.1646749697141,15.13257042483487,8.668598584472143,7.75500446074928,2.4258442555535393,9.435422295258077,-11.687467
12.287999405991286,36.872411212408174,15.1073513590954,15.13755365261969,8.664270800792648,7.7600101859422494,2.582998729236131,9.260165696225943,-18.4587451
12.311999617959373,36.97253723847361,15.1070382471296,15.152799344697922,8.651017315758219,7.752216694238661,3.06335463861083,8.981980084918167,-18.4587451
12.335999327944592,37.04097521110969,15.0828888969284,15.163206420473896,8.641958829944858,7.752136629886773,3.055006792504801,8.969969550214769,-18.4587451
12.360000060987659,37.19474964960757,15.0732833821668,15.186549876692128,8.621606690374149,7.730459794222015,3.724844514335294,8.746698264318029,-24.0519509
12.384000311954878,37.257102231764215,15.086517224446201,15.195999277751774,8.613354891249957,7.726101589731818,3.726766426774547,8.735103329713965,-24.0519509
12.408000162919052,37.39313961180045,15.1122759745656,15.216583570875372,8.59535278664314,7.706139724972606,4.002282120704807,8.664236237583905,-24.8971999
12.43199910200201,37.44669151638048,15.0915376947717,15.224674704930909,8.588266609430102,7.7049116726062055,3.9957607838355633,8.65484706563068,-24.8971999
12.456000334932469,37.46795171806942,15.0932909177857,15.227885021066555,8.585453455929226,7.704931454246306,4.227499488459826,8.620017178009919,-25.4055586
12.48000001499895,37.41825013509143,15.0566058920617,15.220378352474476,8.592030041391206,7.714297686724224,4.218189886858046,8.624429682086483,-25.4055586
12.50400011590682,37.470310700973755,15.0878666759193,15.228241164530642,8.585141317416271,7.708640512498106,4.327689707468754,8.605744669245322,-26.5218668
12.52800024789758,37.51570495231097,15.111245873689,15.235091924969524,8.579134888120759,7.704324302616322,4.323850918889268,8.598038928124398,-26.5218668
12.551999957999215,37.55244473151752,15.1540475388947,15.240633015541977,8.57427372810665,7.703720982798992,3.7171286464068714,8.66701195823716,-22.6925517
12.575999998953193,37.50278316075377,15.1559967898882,15.233142303572706,8.580844641401216,7.718105345712723,3.6830378122951926,8.674837747575157,-22.6925517
12.599998967954889,37.56359958585346,15.2090728184663,15.242314758879504,8.572797817013257,7.710763654815428,4.203400241883894,8.595670832213314,-14.8193972
12.623999779927544,37.55619775456247,15.2404815901314,15.241198866716173,8.57377716023219,7.716141653145488,4.223680816428527,8.592941708688098,-14.8193972
12.647999009932391,37.62342842901112,15.310289904949899,15.251329741511467,8.56488198814594,7.704330609540167,2.700220737499741,10.393251501219758,-5.05696849
12.671999761951156,37.66131219759515,15.3830153217411,15.257033679450318,8.559869833079434,7.709145055593037,2.980826834853796,10.636768715472195,-5.05696849
12.696000003954396,37.81419339745285,15.5153842477785,15.280017676658968,8.53964443325112,7.694443580868317,2.978642610876776,10.621365173208178,0.0954527081
12.719999172957614,37.849024548504296,15.4855450880224,15.285246436368176,8.535036746132102,7.707293341022426,2.9622944805928215,10.617676092123762,0.0954527081
12.743999213911593,37.92863379113382,15.469620933697701,15.297186410171758,8.524505939924083,7.704545474827253,2.955994798176202,10.609247413682693,0.0170890732
12.768000296899118,38.024217803441914,15.4785727532088,15.311502551635812,8.511862731839672,7.7063065431261,2.942230948190562,10.59913291501359,0.0170890732
12.79199938592501,38.20387600768017,15.5194255432643,15.338352591645611,8.488101005769687,7.692968570459726,2.9331556748678342,10.580138210519324,-0.0125610919
12.815999125945382,38.355866256739816,15.489655906190599,15.361008164422648,8.46800096214279,7.685557195846864,2.9232774413022766,10.56408548153853,-0.0125610919
12.83999916689936,38.47356426784476,15.4860451890612,15.378514714849842,8.452437367853596,7.685644388871884,2.9097722760315596,10.551665166660117,-0.105185015
12.863999658962712,38.500241593859776,15.4350676144775,15.382478191267666,8.448909913904888,7.696439960046197,2.896274656615005,10.548851275951021,-0.105185015
12.887999378959648,38.60441815576641,15.4286309384025,15.397939728823928,8.435135619546513,7.698049347084081,2.0355546186717683,9.467019712533071,-7.10726801
12.912000271957368,38.7282313259607,15.4123505044181,15.41628238063781,8.41876625679095,7.691675693863481,4.24439351001267,8.43832408813789,-7.10726801
12.936000152956694,38.793341678828014,15.3852543008431,15.425913834974613,8.410158570881293,7.69183159559129,4.256061824158399,8.428082241429095,-7.10726801
12.959999601938762,38.93879690693911,15.3805078488073,15.447394206779066,8.390930585140675,7.67627929945833,2.3450528003946487,10.0191195408221,-13.8289015
12.984000334981829,39.023061615225295,15.355849102399699,15.459815338836025,8.379792377680126,7.678348328558175,2.350936864956258,10.027855529689226,-13.8289015
13.008000004920177,39.023560462244,15.330598921096302,15.459888822096392,8.37972644145572,7.6967926123435255,4.014322542290584,11.429464159900862,-23.5710507
13.032000186969526,39.12811839489364,15.3226670474537,15.475277909625,8.365906770879766,7.7001392953209145,4.0279780402275875,11.444456945510142,-23.5710507
13.055999525939114,39.14166713591688,15.2777758503826,15.47727016022668,8.36411607574569,7.716455464744596,3.053865603816349,10.686204589630142,-31.8945722
13.080000187968835,39.21426525138113,15.2806305633355,15.48793785238826,8.354521297963606,7.724303067355916,3.0321433757859193,10.673643912396034,-31.8945722
13.103999878978357,39.295358801462676,15.2980744300355,15.499839194241686,8.343804317911552,7.729746323493983,1.9796129217750744,9.573066639842711,-35.6610209
13.127999117947184,39.48772579945659,15.339962096597,15.528009131340717,8.318384359457239,7.708590082405143,1.9713609372377485,9.529829000662179,-35.6610209
13.151999138994142,39.5587902429258,15.3970335791743,15.538393653555266,8.308994561778533,7.705984799797467,1.9405227157740914,9.387774053640982,-35.9095549
13.176000321982428,39.62445483828235,15.4185466427283,15.547978532434934,8.30031866973554,7.708547266997993,1.927939600023923,9.375251572307686,-35.9095549
13.199999932898208,39.65714705937125,15.4466415579242,15.552746738921815,8.295999381706494,7.71701953277933,2.046488704591771,9.048155499889374,-28.3149836
13.223999151960015,39.65244459469513,15.5059975201716,15.552061032807478,8.296620663994528,7.7256079944640454,2.0500832355336156,9.031678497973786,-28.3149836
13.248000242980197,39.706215524383424,15.5349474969457,15.559898719856344,8.289516656343174,7.730640161269204,5.012167927629751,8.294907772323342,-17.0433732
13.271998950978741,39.67938033353172,15.580249358186501,15.5559880553769,8.293061984299559,7.740237488505494,5.298400974734849,8.316378860584743,-17.0433732
13.295999391935766,39.77602460400852,15.659787073297402,15.570063981266975,8.280294154634877,7.723849024470183,4.634701143498786,8.280574333123338,-6.18573418
13.319999420898966,39.76178938643643,15.673375183215901,15.56799204893648,8.282174737054849,7.7306729168626225,4.539869644049112,8.283423743028436,-6.18573418
13.343999492004514,39.84821592073919,15.782373116259501,15.580564064152192,8.270757415853492,7.715250085968892,4.534252428851007,8.271835244588166,-0.119658654
13.367999801994301,39.95374911831286,15.803228478673901,15.595891578915833,8.256816973360982,7.694921750245382,4.519393146586434,8.257896647120315,-0.119658654
13.39199931093026,40.01070416953026,15.771148259806502,15.604152769459205,8.249293912684944,7.688432303106369,4.500392674347681,8.25037458469721,0.188631927
13.416000212891959,40.067095246683046,15.7567070250094,15.612324634623219,8.241845647260009,7.679087154254721,4.478399379984376,8.242927309383015,0.188631927
13.439999540918507,40.22514396029488,15.781927208045401,15.635188248031895,8.220971803147895,7.6517819873403035,4.4658656417369915,8.222056249558479,-0.153215179
13.46400035195984,40.30129725959726,15.7491080774971,15.646183737697667,8.210914911359838,7.639902377425689,4.445292320136514,8.212000704240795,-0.153215179
13.48799995193258,40.40055874497896,15.756762812644098,15.660495248371184,8.197807151039047,7.620171718671398,4.42727850413929,8.198894703780832,-1.12410998
13.511999429902062,40.49606512543456,15.7380441796547,15.674243468208878,8.185196145679784,7.6071477307056625,4.4097186769806145,8.18628539687028,-1.12410998
13.535999489948153,40.5576242850928,15.6949276020706,15.6830935868085,8.177068112748602,7.597882380186875,4.389935298021862,8.178158461378521,-1.12410998
13.559999700984918,40.72723649525718,15.709599771186099,15.70743196011528,8.15467504072066,7.574158645962986,3.369414099534674,10.719634788174561,-13.2949828
13.584000210976228,40.80149324816643,15.6920670519605,15.718066083629141,8.14487214801076,7.56976544578495,3.3989394053995228,10.735158539354067,-13.2949828
13.60800034191925,40.81058612652917,15.634769613101,15.719367360954099,8.143671801659401,7.581844343807366,2.92343122317449,10.378044104776164,-21.4811008
13.632000050973147,40.84772071886535,15.6123566939164,15.724679656065613,8.138769764656889,7.588883998086078,2.915123392440872,10.376328248246061,-21.4811008
13.655999769922346,40.92644669543482,15.5848831271772,15.735931091331242,8.128377797995453,7.590909467019888,2.4217695458723294,9.980517742350825,-30.110415
13.68000032089185,40.967645696734245,15.573833153954501,15.741813402554836,8.122939694327208,7.595615297250433,2.4079726190331763,9.971146634435476,-30.110415
13.703999117948115,41.095159566877825,15.5962060043726,15.7599942944201,8.10610940428022,7.591738985744697,1.739113010643485,9.068696899369751,-34.624404
13.728000330971554,41.233473365469415,15.6057422623904,15.779671830766784,8.087855420514973,7.579610547578191,1.7344877228986222,9.03447263808037,-34.624404
13.75199971999973,41.27029228972007,15.6291798151796,15.784902384885156,8.082996547930303,7.585081397190437,2.283390939243221,8.501591235726831,-32.2105952
13.775999397970736,41.36751673514968,15.660050908618699,15.79869893165848,8.070166785150601,7.577272400292106,2.306177745775315,8.473239772388892,-32.2105952
13.799999197944999,41.46554714518328,15.725979487951298,15.812587363661885,8.057231590924722,7.571765652055423,3.237337260888559,8.173535972578362,-25.3495029
13.823999949963763,41.502043450253915,15.762651395480901,15.817752201135301,8.052416110371983,7.573329018907058,3.2837015270621386,8.157116662848205,-25.3495029
13.847999066929333,41.50867874706526,15.821719037105698,15.818690870467288,8.051540634416881,7.574379816561814,5.569061917052874,8.140400711559442,-14.7371772
13.871999608934857,41.51846296010243,15.8463856131453,15.82007481591013,8.050249691159838,7.572139221195672,5.755606278025436,8.17494950648493,-14.7371772
13.896000219974667,41.52031511422172,15.8845552498506,15.82033677183708,8.05000531630228,7.571282932722463,6.791592696023015,8.435186838895778,-5.58047608
13.919999577919953,41.563317252545524,15.951470389506902,15.826416432984331,8.044331669388956,7.561269293937388,6.927105866234161,8.478618258279543,-5.58047608
13.943998956936412,41.593014667787784,16.0202007814189,15.830612531106347,8.04041353510523,7.549295532549685,6.92017290502574,8.479919095519818,-0.128569982
13.9679991370067,41.7517952833522,16.0734178768151,15.853012306810063,8.019466234705593,7.5211026161379415,6.909582066661644,8.460074887049757,-0.128569982
13.991999647929333,41.790188673330114,16.0165952193254,15.858419717726411,8.014401513741555,7.512322583086497,6.882621193837086,8.455277669086646,-0.00772884945
14.015999867930077,41.908965272367944,16.039726412451103,15.875126564172355,7.998733830612281,7.487532409793,6.867519859822382,8.4404394694203,-0.00772884945
14.03999954694882,42.04105355210391,16.050834981182398,15.893666906217858,7.981311833613501,7.461958528022396,6.8509892252919435,8.423943334905287,-0.203594536
14.063999446923845,42.08218991572,16.0217508806005,15.899432577353888,7.975886434254982,7.451642695315569,6.831430566110019,8.418807015363896,-0.203594536
14.087999206967652,42.178825484578766,15.996081588666,15.912961391525313,7.963141997512213,7.4340917240100755,5.174949775052155,8.025304000946068,-2.41622762
14.111999235930853,42.27955527880759,15.9754369894368,15.927040063199264,7.949858581527648,7.415222474914107,2.400307446410467,8.228673895877177,-2.41622762
14.135999626945704,42.36936135159828,15.9647748113171,15.939571887296152,7.93801653486263,7.410109170386606,2.384874450046474,8.221131445134969,-2.41622762
14.160000117961317,42.45890749261569,15.951068337191398,15.952048600140676,7.926209552026624,7.403973414648937,1.6588624734798214,8.991196619815062,-14.1754984
14.183999575907364,42.54856108366109,15.931354696663101,15.964521440520775,7.914389191585903,7.396497797989452,1.658379813833203,8.987001144255006,-14.1754984
14.207998944912106,42.61900671847923,15.901710070593301,15.974308793315961,7.9051018558467145,7.394257496209174,1.9285245899327514,8.388570534865096,-21.8808472
14.23199964594096,42.66260263052915,15.8853849207234,15.980359954089765,7.899354550063699,7.395700813757109,1.9287420388751595,8.376367823023239,-21.8808472
14.25599960400723,42.849242463276504,15.916624880942601,16.006215385618223,7.874751700366108,7.373124643076604,2.5400512109301445,8.097673026638594,-27.7090261
14.279999502934515,42.94460384413306,15.8991588629365,16.019394381761575,7.862182500336686,7.363413990983154,2.543696271019942,8.080057874718305,-27.7090261
14.303999140975066,43.00986430600778,15.921839659175399,16.028401127492593,7.853581300995931,7.357134308674957,3.3446286958920264,7.904787283178552,-25.7458626
14.327999940956943,43.078537206480036,15.921208818963198,16.037868052041457,7.844530805557092,7.346881731362146,3.3588536393928763,7.891702821442357,-25.7458626
14.351999849895947,43.09279769198863,15.900571486632101,16.03983254980634,7.842651455427937,7.349623614762622,4.065460543844167,7.842874317579604,-24.7755539
14.375999057898298,43.169856174916475,15.932844811042902,16.050439735912985,7.832496479975996,7.335443742184155,4.087195411323557,7.832508830784072,-24.7755539
14.399999256944284,43.177118574853914,15.946852537675401,16.051438695793724,7.831539451720337,7.334240236777962,4.256115453008023,7.833969621811844,-23.546316
14.423999324906617,43.18066170887217,15.953388285008801,16.0519260171987,7.831072544698,7.3402101749468525,4.259689185581904,7.834239403868392,-23.546316
14.4480002860073,43.25684894274324,16.0236172871695,16.062397665144722,7.8210330478705545,7.327329891395706,2.5698217885679324,7.993650353470161,-18.3698954
14.47199962392915,43.24226783968849,16.0486134441788,16.060394600006155,7.822954413447736,7.336602062348504,2.4403124253680004,8.026057613781683,-18.3698954
14.495999341947027,43.257995276473935,16.0952807522599,16.062555120525783,7.820881995301994,7.341353794992275,1.4872120816367507,8.707140618047163,-9.27674906
14.520000081975013,43.266034079895704,16.1337479606098,16.063659208850968,7.8198227246431795,7.346303265943901,1.5214173411496956,8.823154706212577,-9.27674906
14.54400002094917,43.278846756521816,16.1828016433653,16.065418651114125,7.818134415495926,7.354924360477622,1.510477239172844,8.821589444948167,-0.98287532
14.56799978890922,43.43689244381937,16.2242604010878,16.087089918525617,7.797310295535168,7.335190457697998,1.5132790486276575,8.803170949634529,-0.98287532
14.591999877942726,43.5011134360673,16.2204419471894,16.09587919807423,7.78884924258828,7.32648461685746,1.5997703796057567,8.917818136019175,-4.83520264
14.615999916917644,43.66842692716119,16.2316794643765,16.11873233911039,7.766807793439171,7.313849955648713,1.638458478096539,8.94974815531346,-4.83520264
14.639999835984781,43.799801745708855,16.2600527965601,16.13663071318448,7.749502781389654,7.300434047147665,1.9792103788169495,9.246178910091231,-5.50571544
14.663999052951112,43.91446357199589,16.268978678968,16.152219098315737,7.734400664153555,7.292930407115685,2.292304770248014,9.481262669659689,-5.50571544
14.687999772955664,44.038623665700214,16.242896364781803,16.169064073193095,7.718049023591831,7.29049217245314,2.3498838315541652,9.520667809698683,-5.76855418
14.7119998219423,44.098146875039966,16.2457948677188,16.17712687472841,7.710210485617856,7.294053765011687,2.4602514884188458,9.604888774364897,-5.76855418
14.73599901900161,44.18975368578699,16.221139619035,16.189519405245832,7.698147597580092,7.292460140713277,2.4591769347219676,9.601240772373574,-5.76855418
14.760000259964727,44.25927671582007,16.196813604817997,16.198911343515423,7.6889932935929215,7.294860821500053,1.594899373180874,8.884700024309929,-12.7086583
14.783999286941253,44.41046851514551,16.2006726077804,16.219296959606247,7.669087111727288,7.279784697325977,1.590037110091945,8.864282907668747,-12.7086583
14.807999065960757,44.50869379674969,16.204706024942098,16.232512292932583,7.656155840147655,7.2764958220356855,1.6547107353526342,8.197777252016882,-15.1143212
14.831999875954352,44.594365313599674,16.2180651635492,16.244020203094085,7.644878062132888,7.271433550881836,1.656082436421223,8.180969771271428,-15.1143212
14.855999032966793,44.68527505117431,16.215180695214897,16.25621296957831,7.632911543903056,7.264877160086959,4.435126083605656,7.645299073456971,-16.5494324
14.879999833996408,44.75583692577926,16.2206851324963,16.26566336867438,7.623624011720929,7.256323113232949,4.475297168757575,7.639491422004822,-16.5494324
14.904000152950175,44.811469104162754,16.2159242351192,16.273106015411688,7.616301922464355,7.246946938074407,2.662437866488642,7.75670084953281,-17.1015191
14.927999129984528,44.78752197493402,16.1783085539491,16.269903180691607,7.619453710969442,7.257504451067867,2.618716385333837,7.76589788457723,-17.1015191
14.952000340912491,44.761812451552245,16.1612724276778,16.266463140103887,7.622837521278505,7.268828732634996,1.5856221666128307,8.159843767312546,-18.8702847
14.975999527960084,44.815657873798706,16.1594125076022,16.273666109157954,7.615750625831733,7.268661182247845,1.5541096139313504,8.16787025780892,-18.8702847
15.000000327941962,44.842541189352474,16.1690440509837,16.27725978647354,7.612212474132067,7.271187855123424,1.429689153005789,8.67788848312692,-19.7465847
15.023999515920877,44.92158338934677,16.1643339759158,16.28781611233606,7.6018100452911685,7.268866916470818,1.4410754057585529,8.696043155122265,-19.7465847
15.04799902299419,44.9263607767203,16.191005447235,16.288453678840167,7.601181332886038,7.273469970349628,3.322075455605117,10.148756975193075,-19.9320687
15.071999021922238,44.948137960440995,16.1902924683637,16.291359278188413,7.598315447632039,7.285848220456081,3.504023606440918,10.287585092328833,-19.9320687
15.095999691984616,45.044446834162315,16.2631654176414,16.304195902434685,7.585641748007093,7.2836340448579495,2.4589436263077906,9.538169126792628,-14.8897245
15.120000051916577,45.08651913417186,16.3062246261265,16.309796746526363,7.580105571491713,7.290191917161054,2.326565887416406,9.447024179103595,-14.8897245
15.144000330939889,45.19605684698279,16.374451352198502,16.324359467362687,7.565692662806069,7.285558842568513,2.5354768018374894,9.591815172221473,-8.13797358
15.168000279925764,45.30459967824345,16.4519705233266,16.338762263025213,7.551411877835722,7.283090533428096,2.580694252877069,9.621233411497514,-8.13797358
15.191999297006987,45.37771008046146,16.527098627844598,16.348447933088938,7.541793558090329,7.284418287222179,2.5742623031534437,9.618788104959867,0.289747784
15.216000166954473,45.53071806002094,16.5599623651995,16.368678024221886,7.5216657915784575,7.275804944698246,2.56025011607066,9.603072312500478,0.289747784
15.239999893936329,45.61201478257216,16.584352128571197,16.379404498065277,7.510972422730333,7.275938361309231,2.5461592446938703,9.59472955421088,-0.183820453
15.26399995200336,45.70308929417947,16.5573173110278,16.39140274315455,7.4989937449200115,7.273792346350272,2.538045348714749,9.585389514497413,-0.183820453
15.287999959895387,45.79093140227578,16.558404848984498,16.402956797290166,7.487441027725077,7.272949121157839,2.5254247386064668,9.576387118090025,0.168519698
15.311999856960028,45.85389386834272,16.526373523460002,16.411227295222172,7.479160895704078,7.278478111347341,2.5115373589201964,9.569938205647091,0.168519698
15.336000014911406,45.90891417395029,16.4936855648537,16.41844696465934,7.471925566860837,7.2827196964430145,2.500452155381728,9.564305316772835,0.168519698
15.359999431995675,45.98669564573116,16.459473810731698,16.42864125754141,7.461697616574124,7.286290289894595,2.4859728472677296,9.556346242247038,-1.73575705
15.383999669924378,46.13633879455212,16.4644860254137,16.44821425540355,7.4420219188359855,7.27548649121689,2.47538173961347,9.541047272346512,-1.73575705
15.407999636954628,46.24566980793886,16.4436299758497,16.46248147298154,7.427648104994371,7.268631295218782,3.681302890361958,7.438842099876408,-9.24384574
15.432000285945833,46.40253659217315,16.4587939328926,16.48290318067515,7.407026919756368,7.250829723816763,3.7293369274378882,7.4157090322915735,-9.24384574
15.456000143894926,46.492098713020766,16.436227042623898,16.494537082385328,7.395254538459483,7.239462078582251,2.67204375602544,7.545391206779963,-11.9128276
15.479999881004915,46.52113725658126,16.4047712626352,16.49830510158626,7.391437784104916,7.238931292249788,2.6541581909010774,7.543003574164175,-11.9128276
15.50399950798601,46.57188021102504,16.362921095231403,16.50488474700857,7.38476846836623,7.240672951763029,3.576228240527008,10.297819293158597,-18.9249153
15.528000277932733,46.64021762360798,16.3544182493007,16.513736308562898,7.375787082211532,7.232015262847974,3.6886715802439993,10.374296523942004,-18.9249153
15.551999543909915,46.73480077879873,16.3450262124602,16.525969441771085,7.363357106083017,7.2304974947037355,3.052397290604345,9.90377563451646,-27.8534661
15.57599975191988,46.721183628963914,16.3110628778675,16.524209521459593,7.365146593369349,7.248599173434015,3.026663618892444,9.899130927176707,-27.8534661
15.599999929894693,46.75885875143261,16.299675196882202,16.529077707791455,7.3601955938674495,7.256441069039533,2.2044019233641423,9.307033424670108,-31.6289281
15.623999867937528,46.82223219017119,16.2995063345934,16.53725903274307,7.3518678401854825,7.2581394380476185,2.1609469191502746,9.272787853886777,-31.6289281
15.648000055924058,46.913975944100166,16.3210931536917,16.549086291687793,7.339812761756978,7.261956028717799,2.107579750810222,9.234541983940968,-35.5277405
15.671999221900478,46.94969794229499,16.338844480323502,16.553686129277594,7.3351191515994705,7.267598251094319,2.099983075291921,9.231880768630782,-35.5277405
15.695999269955792,47.03262531114665,16.380180155878403,16.564353022867184,7.324223620354323,7.267690600438823,1.2941065918760744,8.5511552958406,-30.8634125
15.71999963792041,47.066232874459295,16.4256440593077,16.568671377306323,7.319808249811253,7.270524995724656,1.2312559005955295,8.468473032998755,-30.8634125
15.743999234982766,47.25828013719249,16.565439871775197,16.59329770699194,7.29457932767264,7.248217144304076,1.4089617687837788,7.93297590418882,-20.5436364
15.768000083975494,47.243109922811996,16.5657969353094,16.59135554834516,7.296572070487114,7.261464772567831,1.5441666762419886,7.839493687148287,-20.5436364
15.792000051937066,47.318910703874934,16.6392626949566,16.601054548621,7.286615206844286,7.25364644728187,2.27682126765438,7.535565873164114,-8.50785085
15.815999017911963,47.31838951972403,16.6852123477884,16.60098790682247,7.286683665260236,7.260119680961792,2.583751120223963,7.4518912585276995,-8.50785085
15.839999606949277,47.42283605648817,16.766006657946,16.61433043584225,7.272965014416563,7.247316520481371,2.5819958582890017,7.436349677623425,-0.192912983
15.86399955500383,47.502996263597986,16.786058096542902,16.62455326874128,7.262437067817728,7.237762689001271,2.576395539616275,7.426055899222255,-0.192912983
15.887999792932533,47.52765415631072,16.780543187653997,16.627694879961567,7.259198728757081,7.233578222629635,2.5639390933754536,7.422889720380157,0.284141927
15.911999789997935,47.56311712884481,16.737341763277,16.63221066098226,7.254541464444724,7.231545180169097,2.552412746712202,7.418336342945345,0.284141927
15.935999557957985,47.662386487928565,16.727072305505402,16.644835838437242,7.2415053797873945,7.216252878915596,2.541844116192246,7.405591729775927,0.284141927
15.95999939495232,47.763140669457584,16.7382332210155,16.65762638989343,7.228275385365262,7.198813603557207,2.5329021415005557,7.392658575883442,-0.33789107
15.983999772928655,47.87945421691586,16.7209603717817,16.672362777844956,7.213003648534943,7.181968717507961,2.5231903636336392,7.3777307916239625,-0.33789107
16.008000131929293,48.02229694841585,16.7153534740024,16.690417198202645,7.194250668960439,7.163452226600092,2.515493162670183,7.359402089735402,-1.60418526
16.031999668921344,48.065201835703895,16.6854349475364,16.695830829594637,7.1886183676623245,7.15702594655307,2.5029940711806695,7.353897632170452,-1.60418526
16.055999235948548,48.17394043195578,16.6601699349977,16.709532004095138,7.174344691601901,7.144669572845553,1.5383580129262187,7.672080465013911,-8.96236396
16.07999912300147,48.20214278181306,16.6310936906779,16.713081034968088,7.1706428911485425,7.144259712171587,1.5225748820536205,7.673081653899653,-8.96236396
16.10400012298487,48.25642263019293,16.5867071485111,16.719906492515793,7.163518436610466,7.1385650493910555,3.2046096480701007,9.855255646841425,-18.050833
16.127999969990924,48.35323683939463,16.573016800376198,16.732063444011093,7.150811960762597,7.132076923648358,3.2801895192315267,9.906147849272628,-18.050833
16.15199964691419,48.39904074364936,16.5587596796916,16.73780743661044,7.1448007353031615,7.141831589933447,2.387082182481828,9.270120845068398,-29.4853764
16.17599913396407,48.46888272505442,16.5309579492177,16.746556504786756,7.135635230803187,7.139348507997879,2.3583739029736797,9.245767273818291,-29.4853764
16.2000000939006,48.570478882082,16.5326783124849,16.759263143332806,7.122303504518412,7.135745217269298,1.1114490849124337,8.198464499311282,-34.6559495
16.22399891889654,48.702832853304706,16.58371790224,16.775780654089953,7.104937332361503,7.11996405705541,1.0904838028843074,8.127279082265721,-34.6559495
16.247999336919747,48.73383204661219,16.578191275855,16.77964340315534,7.100870201346435,7.1294316728023155,1.0739462470237047,8.114886346941116,-35.3114113
16.271999293006957,48.81887813479012,16.6010751077427,16.790229355845593,7.089712589939288,7.123400619241908,1.0693696205843823,8.104216089185401,-35.3114113
16.295999779948033,48.904120393233136,16.6302516702375,16.800822851009656,7.078530031834537,7.123924532411273,1.4644221639438286,7.605904185812796,-32.4623628
16.31999982695561,48.923614380076415,16.6546352053458,16.803243095889957,7.075972812380262,7.126418055045448,1.561885418974721,7.54876170216517,-32.4623628
16.343999583972618,48.99858741156272,16.7375465294389,16.81254302078209,7.06613824288431,7.115914191127699,1.17129949988751,7.778681606569426,-23.1895192
16.367999960901216,49.03121775102995,16.7783542305964,16.816586524669102,7.061858157420595,7.122971517162519,1.102874771508301,7.830553669487619,-23.1895192
16.391998924897052,49.05378721497643,16.821533210847598,16.819381851664104,7.058897813848456,7.127807125403323,2.04171966173611,7.341184304113355,-12.1073209
16.41599950392265,49.074362163031196,16.8921084893195,16.821929117467306,7.056199131176384,7.124524860941841,2.49917917494124,7.213051724909839,-12.1073209
16.439999399939552,49.145386943791934,16.9510407589436,16.830714725893387,7.046883626149898,7.119295465914659,2.4979494470847063,7.2013173066715614,-1.83883135
16.46399947698228,49.14453964578353,16.9962419059961,16.830609986100185,7.046994753251433,7.122526115397761,2.483967546550973,7.201426026196796,-1.83883135
16.48800009500701,49.3072424544939,17.130437183637397,16.850692096416473,7.02565695902537,7.09920056054376,2.4806492213734277,7.180551861388874,0.182051964
16.51199954992626,49.43696327298914,17.1845940043654,16.866659229499497,7.008646693893256,7.0751903723232585,2.474379859883326,7.163913143425539,0.182051964
16.53599930589553,49.43766482050578,17.1424070841977,16.86674547560257,7.008554705128212,7.078415776961592,2.4604288818817963,7.163823168647028,0.182051964
16.55999927292578,49.58915557929174,17.1508533596689,16.88534250692731,6.98869210337826,7.055302895614636,2.4525062392146895,7.144396630411243,-0.314591151
16.583999700960703,49.68383896523193,17.156743396504098,16.896938786318607,6.976279041896678,7.038206485414081,2.4446442212118855,7.132257298591916,-0.314591151
16.608000327949412,49.76599566072753,17.1354222312517,16.90698399830115,6.965509039418023,7.024928927604429,2.432893704811289,7.121725554089004,0.117794011
16.631999092991464,49.79800340227571,17.080226572940198,16.91089330826106,6.961313314505771,7.023733302761844,2.416555538263392,7.117622840563746,0.117794011
16.655999529990368,49.9017942916636,17.0747567315046,16.92355358975836,6.947708696224154,7.008442140892044,2.4091499670880787,7.104320554691986,-0.319386861
16.679999736952595,49.9685671940792,17.010960143461,16.93168524337832,6.938956921299419,6.999289978799548,2.3923914901608296,7.095763871363446,-0.319386861
16.703999593970366,50.03799477129717,16.982834099170198,16.940129209708907,6.929857727434855,6.989266743046433,2.3832683576734746,7.086868016276792,-1.3664795
16.727999729919247,50.13826707399023,16.9939470794526,16.9523048451359,6.916716959769012,6.97601827180149,2.37659063197405,7.074021812275018,-1.3664795
16.751999647007324,50.220766777632385,16.9607659201612,16.962304932511,6.905906142327509,6.965912970133913,2.8476984295775427,9.357153942682167,-8.29420459
16.775999703910202,50.34963067938677,16.9500091520834,16.97789338994572,6.889021242053461,6.948587924596671,3.0006534950443924,9.452181719490177,-8.29420459
16.799999259994365,50.39953185734889,16.909002326600202,16.98391950570779,6.88248323993061,6.95450063359583,2.2132203568960467,8.898341770705501,-17.3619318
16.824000177904963,50.46645683407416,16.872121269276,16.99199236289072,6.873715232297477,6.955218983726151,2.1739902403310705,8.868978993476135,-17.3619318
16.847999744000845,50.57717831787445,16.8723692134938,17.005325381040045,6.859210432084455,6.949137460607567,0.9730840631126474,7.867142463322788,-26.5310578
16.872000311966985,50.64609345072284,16.8516214637737,17.01360974516321,6.850183062864094,6.944008132665632,0.9512130092949326,7.78971871547332,-26.5310578
16.895999957923777,50.80581745349623,16.8887694469638,17.03276799828754,6.829262449902464,6.92615934007646,1.2306625684212038,7.414036931087804,-31.2160499
16.92000029492192,50.85637667017574,16.8702498154638,17.03882004709371,6.822640810670996,6.9269253209051636,1.2944295395373,7.3659070303768175,-31.2160499
16.943999259965494,50.95777419527225,16.8739033881602,17.05093969130723,6.809361844123273,6.91871062476908,2.5103114641513122,6.938432428110774,-30.8319161
16.96799958695192,51.07619590589599,16.921771380948197,17.065063996686217,6.7938548607840215,6.903863025936206,2.8027253450375866,6.869261521185576,-30.8319161
16.9919999348931,51.068448585480105,16.9257264164462,17.064140957825764,6.794869301979845,6.907413867178605,3.538969751949168,6.798801133444763,-27.6797088
17.01599958096631,51.17113519728997,16.9689668725212,17.076364049474282,6.7814239719375715,6.889663038379365,3.8184029588599664,6.7818153322133075,-27.6797088
17.03999954694882,51.1511691802071,16.9673909169653,17.07398934918151,6.784038140809095,6.893546516914335,4.659790547088374,6.851335788384111,-22.6107163
17.063999322941527,51.182403062421685,17.0268555365886,17.077703808939546,6.77994867987213,6.883939945978474,5.279573197705127,6.968117641489716,-22.6107163
17.087999700917862,51.15765206224747,17.0413616175564,17.074760505696858,6.783189326214636,6.8813622410761965,5.836918156479221,7.131647723592739,-15.803607
17.111999636981636,51.19186032465523,17.0924678255709,17.078828058952936,6.778710459554482,6.872691564392864,6.870138448833468,7.524848104724956,-15.803607
17.13599971390795,51.22898228485011,17.142752737368,17.083238998991643,6.773850253405553,6.865253402094233,6.879147465316766,7.53273821197973,-15.803607
17.159999080002308,51.219124034317524,17.150032119082,17.08206792420658,6.7751409332995225,6.85992317860993,5.411426915126663,7.021760475627701,-7.05762164
17.184000007924624,51.26190388337683,17.2264747508682,17.087148167986626,6.769540111099441,6.8492355422205184,5.403352358429754,7.019868669985766,-7.05762164
17.207998992991634,51.32477023708899,17.2713045077698,17.094606053592,6.761309898637931,6.834404325639811,5.3863964115984135,7.012477753184831,0.365201377
17.23199919995386,51.429967997018565,17.2925990951514,17.107065266060573,6.747538825216948,6.8105716589796215,5.369669922904867,6.999205574318174,0.365201377
17.25599905499257,51.533678687806834,17.294907170771303,17.119323259772294,6.733963643463755,6.790948768754773,5.354158150573621,6.986124071188873,-0.317808652
17.280000081984326,51.7069191037296,17.3063672350415,17.139743693107114,6.711290104652562,6.759396260147337,5.336441184010053,6.9642792770162405,-0.317808652
17.303999385912903,51.84584602557732,17.3348235355591,17.15606926338967,6.693109943445555,6.730835816916699,5.321563125918534,6.946767439734688,0.311049808
17.32799915189389,51.85742418700339,17.258729164200798,17.157427818061983,6.691594908906051,6.725074816791969,5.294720414180065,6.945308253902031,0.311049808
17.351999537902884,51.97277119980061,17.2720467961534,17.170945422436738,6.676502265263329,6.70289482624408,1.292539156965513,7.93980597094847,-4.28805624
17.37599973392207,52.027817983342956,17.2488565507441,17.177385540390528,6.669300172541759,6.695765227612389,1.446662385973809,8.041132366869865,-4.28805624
17.400000109919347,52.10741872467593,17.2128796028798,17.186685908444396,6.658886152902477,6.688720684064173,1.5218235166602418,8.085358134683327,-11.8066434
17.423999434919097,52.12621328879165,17.1833136389525,17.188879682121502,6.6564273998998855,6.69510473675655,1.5208197977355757,8.089002888214567,-11.8066434
17.447999509982765,52.248123292215205,17.1653400322908,17.203089637230995,6.640479800694448,6.681867103341188,1.1636602650641865,7.8205343286104405,-20.2903935
17.47199914592784,52.36453503349644,17.1642140008131,17.216626610483768,6.625253040337209,6.672349175680385,1.1354449641725473,7.788694559047773,-20.2903935
17.495999781996943,52.45513446775455,17.164595616807997,17.227140296057925,6.61340362694421,6.666578327340327,1.2722322607397714,7.0361642664983215,-23.6244479
17.51999949698802,52.58212228463466,17.151442715252998,17.24184474264089,6.5967965965255875,6.652450672148877,1.4399481800515685,6.946020854135315,-23.6244479
17.543999722925946,52.71250816611191,17.1985349557768,17.25690385761287,6.579747106692357,6.637477497141569,1.56905146514378,6.882803064524538,-24.3223063
17.56799928797409,52.82286587187886,17.2170391734076,17.269619069241642,6.565318065596061,6.624470050506692,1.5951703936771269,6.857934803205725,-24.3223063
17.592000004951842,52.804757310923385,17.193701847823,17.267534565490035,6.567685626147671,6.634293569730597,2.7159520443397693,6.609850982085675,-20.0431852
17.61599950992968,52.90723033039651,17.2150389027166,17.279320395429032,6.554288534404747,6.613937389050393,3.1577853082461864,6.559896042020124,-20.0431852
17.639999775914475,52.98963714129467,17.2171318074595,17.28878071995113,6.543515732658304,6.605011142470253,3.6583345135045873,6.548691826511175,-18.7314573
17.664000061922707,52.99022024711427,17.230379424887,17.288847604726968,6.543439507731901,6.603834808460114,4.0211672565394,6.576030137169389,-18.7314573
17.687999996938743,53.038142915566965,17.2609803679151,17.294341856840212,6.537175081226162,6.591781497913409,4.601395049572052,6.658174299704583,-14.7167493
17.711999461986125,53.08576010971105,17.2888609970131,17.29979582918184,6.530950849162747,6.58200914398807,5.673410050674021,6.947659742620763,-14.7167493
17.735999156953767,53.078178470779704,17.321942794207402,17.298927795132453,6.531941857664627,6.580805319923418,5.679765436047483,6.957736629231709,-14.7167493
17.759999382891692,53.132188408558875,17.3534560656699,17.305108582107934,6.5248822748985225,6.568635630659422,4.635918335038762,6.6669824988166155,-9.0657238
17.784000249928795,53.11421464830393,17.3835457909438,17.303052450170224,6.527231568918292,6.569248581285677,4.631838016100738,6.672530727426351,-9.0657238
17.80800020589959,53.13486332606592,17.412642768851498,17.30541451898809,6.524532647989534,6.56517719386451,4.610214336811071,6.6703081622567595,-1.67861697
17.831998978974298,53.244049426498535,17.478527667825702,17.317888288578544,6.510262111960289,6.5409470278720265,4.589192131425998,6.656352907090474,-1.67861697
17.856000106898136,53.37461363867125,17.5530335071124,17.33276819633358,6.493199288760983,6.5130538981205985,4.573470845617806,6.639668806508906,-0.386407995
17.879999350989237,53.443640383895996,17.5307126932363,17.340618997420485,6.484179307802547,6.5012052302322205,4.555587199902058,6.630849806317197,-0.386407995
17.90399968798738,53.553275996443276,17.5541659408651,17.353065849866894,6.4698539543667435,6.478411349288447,4.539146542663767,6.6168447551565635,0.345190855
17.927999612991698,53.66406676233558,17.5265014254601,17.365615642982746,6.455379086586118,6.457115769704753,4.517601622152618,6.602694922358162,0.345190855
17.95199978898745,53.77979780891855,17.538939222780403,17.37869477445439,6.440260297354818,6.43173849341942,4.501127550015717,6.587917128675287,-0.396790857
17.975999433896504,53.875901451925436,17.5290926490866,17.38953224753833,6.427706767583012,6.414782744506786,4.482488545390757,6.57564790939227,-0.396790857
18.000000040978193,53.89550623880613,17.4872657169499,17.391740433235427,6.425146026656749,6.407004417609687,2.297915883445601,6.4792949217949625,-2.89072997
18.02399895491544,54.028608231427405,17.486181942548,17.406708919119364,6.407761680590681,6.38505947275577,2.196626628253209,6.476306904442409,-2.89072997
18.047999050002545,54.12729783590974,17.4663112401946,17.417781029636593,6.394873249605934,6.373590535771309,1.462705204237472,7.668170764891668,-13.5221958
18.071999967913143,54.1944583585848,17.418674473003602,17.425302999624456,6.386103032382163,6.370637980361249,1.6935541397833647,7.810842460872174,-13.5221958
18.095999812940136,54.26780414896557,17.4306923925028,17.433505828125934,6.376525711681117,6.362776388601794,1.4351681535949747,7.639156002577515,-19.8696523
18.119999337941408,54.368005931099816,17.402561876609003,17.444692108147102,6.363442621222425,6.352064885120134,1.4031530195243394,7.608063033184938,-19.8696523
18.143999953987077,54.4274294378795,17.362887470256602,17.45131505994293,6.355684404189971,6.354507789146364,0.9598021279284917,7.300478350789686,-26.7367721
18.167998917982914,54.56400077224785,17.4022057468829,17.46650552604844,6.33785549494917,6.336579917194518,0.889115963779791,7.22379181269009,-26.7367721
18.192000035895035,54.635242182483175,17.3845242053426,17.474412444793483,6.328556052007868,6.33663362374984,1.0689456375455635,6.709465119542066,-25.2700641
18.215999680920504,54.691732902282695,17.3886984642347,17.480673898188925,6.3211825054227075,6.334658942762306,1.4373957963137094,6.5622085871041556,-25.2700641
18.239999824902043,54.76332414405531,17.400594266697702,17.488598526835514,6.311838479892709,6.331167169576536,1.039491281044486,6.700422661370811,-24.1899331
18.26399909798056,54.800100551487034,17.4181379068525,17.492664812301378,6.3070386915586,6.3301032771457,0.819242838201537,6.823884368892208,-24.1899331
18.28799891192466,54.844518968009545,17.4272271799914,17.497571899966704,6.3012417375153715,6.331355818621474,1.2998121628957666,6.582208741232582,-20.8965486
18.311999097000808,54.83483824655599,17.4429372633156,17.49650281797305,6.302505128176499,6.3348532954796575,2.486775647082377,6.330739891112645,-20.8965486
18.335999532951973,54.892527815387204,17.4667009843977,17.502870522335108,6.294976466794918,6.328321491194891,2.4929056022113447,6.321319199808662,-20.8965486
18.360000197892077,54.99665997602372,17.5365694202051,17.51434508019153,6.281387907377078,6.312910760311882,2.1696235169799944,6.346102518095763,-16.7542091
18.38400014291983,54.942477127111204,17.528000707302102,17.50837766914051,6.288458250856619,6.327149445069226,2.1619035065667136,6.3517988307275255,-16.7542091
18.40799940598663,54.96634769228142,17.569919308896598,17.511007480298,6.285343327504155,6.323046711352623,3.841211182554443,6.341953439816436,-6.38860214
18.431999951950274,55.074838198688454,17.6422152640149,17.522943288416965,6.271187011527548,6.299514109457353,3.8550106590557847,6.333134469517692,-6.38860214
18.455999444937333,55.133907928589686,17.6610719307546,17.529430561016518,6.263479922781202,6.289699530862708,3.8378690796283994,6.325732845704139,-0.385627658
18.479999219998717,55.23531802268207,17.7009862883097,17.54054906846182,6.250249467659912,6.267412805763938,3.8254232674842563,6.312633915348613,-0.385627658
18.503999374923296,55.31026381224645,17.680833818641,17.54875082645511,6.24047246173494,6.252623955314928,3.8082921789140993,6.302954454826507,0.308022861
18.527999128913507,55.427921743703905,17.6957951903725,17.561600719624096,6.225124821336544,6.230459643685566,3.7968074576346638,6.287760544511984,0.308022861
18.55199908290524,55.549581127583714,17.713578533425,17.574854092274126,6.209256958325826,6.2085842966650295,3.7853042527367573,6.272052406314586,-0.532874713
18.57599910791032,55.747208350900166,17.721833661273298,17.596310612205897,6.183484491220863,6.172431094925869,3.767284117015053,6.246541076841217,-0.532874713
18.599999212892726,55.80566530213877,17.6838703437282,17.602640086684787,6.175862046541995,6.162912276700304,1.6234974900937522,6.316967678963738,-3.61752298
18.62400023895316,55.910264804150586,17.686124195016703,17.613946049855222,6.16222390662844,6.145468905402694,1.5219426116675379,6.327322731117489,-3.61752298
18.6480002629105,55.969307998709915,17.6556073340736,17.620316796112444,6.154526177490698,6.141337026703667,1.0875875814440124,7.147660900352519,-13.3837448
18.67200001794845,56.01470407869469,17.6272301002309,17.625209565294078,6.148607969675916,6.138481814840528,1.2296239105301905,7.234550528554516,-13.3837448
18.695999841904268,56.079380077572466,17.602699358445403,17.632172122606462,6.140176700823054,6.134842933828662,0.8373064442311587,6.556970686657884,-20.0862072
18.719999847002327,56.144190766110235,17.5906249080267,17.639139522404182,6.1317283789784325,6.1291091347789015,0.9649388091533985,6.481006581581044,-20.0862072
18.74399910995271,56.32377635624714,17.593309385257502,17.658395169062103,6.108321355077718,6.109161212760529,0.8086578669252634,6.539842215044354,-24.9596619
18.767999394913204,56.42278854623269,17.6171866143046,17.668979787312697,6.095417861362254,6.098321862168577,0.7812228944435465,6.54627268075047,-24.9596619
18.79199957998935,56.4263306573422,17.5675428267471,17.669358028850507,6.094956267353378,6.104492464618205,1.6308963576628623,6.230944280304572,-24.3495099
18.81599919393193,56.512921922038025,17.5673529374833,17.678595632089216,6.083672506107103,6.094636875710295,2.0090160501196896,6.146297222831019,-24.3495099
18.839999127900228,56.53779333899697,17.5661888492512,17.68124574009411,6.080431664227104,6.09300768106403,1.9593531742462944,6.148673809020767,-24.7137746
18.863999653956853,56.582108220679075,17.601710289192898,17.685964069154853,6.074657449402069,6.086135736917138,1.9225663846324519,6.147332367498184,-24.7137746
18.8879991970025,56.61159141275085,17.586629503766197,17.689100724806327,6.070815930838657,6.0858686245863325,2.0165412835305156,6.127308408214217,-21.2148347
18.91199987300206,56.66623462439443,17.631359745915802,17.694908816864913,6.0636964611392665,6.07777465140408,2.1966227779768257,6.096563133644276,-21.2148347
18.935998955974355,56.75260867137888,17.6457112207836,17.70407561262965,6.0524435168273305,6.0662933217819655,2.19352804957883,6.083991841473102,-21.2148347
18.959999330923893,56.75328914415492,17.6775481601849,17.704147762454248,6.052354867379867,6.069966666348839,2.0807594188032317,6.095274615556054,-16.9630821
18.984000077005476,56.75955938302614,17.7056544374592,17.704812539291307,6.051538006765746,6.074224592513512,2.078829003670299,6.093372297304315,-16.9630821
19.00799987197388,56.81002672643607,17.760895010061397,17.710159844413635,6.044963505381939,6.067469418406749,2.3569170775654684,6.058640379646869,-8.50548295
19.031999664963223,56.844321673787974,17.8092735820094,17.713790249503212,6.040495997375351,6.061322223548927,2.3588713735793023,6.053095745566772,-8.50548295
19.056000040960498,56.88112110156262,17.8214663012348,17.717682767277914,6.035702396748175,6.058085591826787,2.3494023808484945,6.048209555807472,-0.792963866
19.07999999599997,56.97432109326974,17.8234230113262,17.72752721778966,6.02356263184175,6.040263479936226,2.342756689219396,6.036095132358525,-0.792963866
19.103999287937768,57.07894593990174,17.8407407441175,17.738554655993447,6.009935983453487,6.020268796078608,2.334614231294187,6.022497050381388,0.380661104
19.127999422955327,57.238420880442675,17.8669220903238,17.755314886470916,5.9891680671101675,5.993570105430883,2.328729307295885,6.001772919461372,0.380661104
19.1519999189768,57.310635541763766,17.8590208994781,17.762885159207354,5.97976480291105,5.9833342094230435,2.3214813797283242,5.992389579702975,-0.471069707
19.176000053994358,57.48004440443259,17.873770932510702,17.780597293485084,5.957708127348543,5.955998977712308,2.3177790410477477,5.970379884817416,-0.471069707
19.200000308919698,57.59135417063974,17.8580812799846,17.792199130115122,5.9432177467580445,5.940384629242898,1.6548609878048293,6.03911775293264,-2.07815726
19.22399966197554,57.60561786048048,17.810927908030997,17.79368378018441,5.9413609999144095,5.940860835937478,1.620360878480932,6.042683688785923,-2.07815726
19.24799980595708,57.71519818059497,17.8101621126442,17.80507397238186,5.927097438197396,5.923714284288518,4.034611229917596,8.856536484139008,-13.3329814
19.271999728982337,57.78067622305333,17.7769725407707,17.811866847091245,5.918575170117187,5.919247076849322,4.473304530408092,9.185866078155138,-13.3329814
19.295999972964637,57.821486178593034,17.723625749538602,17.81609560611335,5.913263833856309,5.925325005366458,3.1310524554353565,8.198845808106697,-22.6079456
19.319999204948545,57.93886137090211,17.7197611135598,17.828236801302907,5.897988824904042,5.917230104728337,2.9547689664326757,8.073480159929902,-22.6079456
19.343998897937126,58.0163378404302,17.6997185447901,17.8362335779083,5.887907099164702,5.915987927791856,3.7445542854061062,8.638768477757857,-30.7596341
19.36799927195534,58.11132477011755,17.718549006871,17.84601890675725,5.875547813590339,5.911751180169213,3.913188289370509,8.770179635348686,-30.7596341
19.391999976942316,58.17102494314225,17.7123787891344,17.852158480721602,5.867780457826298,5.915642964886227,3.564256814518921,8.517388801252086,-32.3449557
19.41599970997777,58.232779536327634,17.7072246385846,17.85850072597858,5.859746273453987,5.921697645845491,3.431660434932915,8.427130108255579,-32.3449557
19.4399991229875,58.315079232162276,17.757135705415102,17.866939368207127,5.84903993455624,5.920432402281545,2.778198906859182,7.9675442390124624,-31.2630033
19.46400028897915,58.359865522225405,17.759127059322598,17.87152502465212,5.843214054263882,5.931086431057558,2.306077730262597,7.653138885040502,-31.2630033
19.488000181969255,58.426263365317176,17.7936064831729,17.878315014498767,5.834577362481805,5.928925056815778,1.5050691936770073,7.1376981788293214,-24.8062623
19.511999062960967,58.48486569120029,17.8570303699265,17.884299415898155,5.826955126262295,5.929189839503321,0.5833426437084135,6.368647871253717,-24.8062623
19.536000018939376,58.49307666755496,17.8891874099864,17.885137282085463,5.825887182211741,5.931684684327553,0.5787343155142864,6.362369847448803,-24.8062623
19.559999971999787,58.51131291271168,17.913270450578,17.886997595765052,5.823515351784541,5.938859655137209,2.0932994423976288,5.8653763689206135,-15.3717084
19.58399976498913,58.6105259912495,17.9984466858068,17.897105146038264,5.8106122902585495,5.924931377941149,2.1036605705225004,5.850317641144897,-15.3717084
19.607999026891775,58.6601696595926,18.063971519328,17.902154230189403,5.80415639025092,5.916725486871617,6.882336605700244,7.135926880022941,-4.54381219
19.631999089964665,58.74187660436323,18.1363686156753,17.91045205329896,5.793531496499217,5.90085616986987,6.925901050582559,7.162756691724646,-4.54381219
19.65599968493916,58.86375642521839,18.2027954588549,17.922801223654066,5.777684204439804,5.876263050875843,6.911274927763137,7.151248684895033,-0.4287927
19.679999918909743,58.96120745866908,18.220688523648597,17.932650708091643,5.765014572581936,5.855748469564408,6.89433015933838,7.1410350135430605,-0.4287927
19.703999992925674,58.97295733239575,18.16375126499,17.933836810338946,5.7634870488536505,5.848789168142991,6.871513261062884,7.139804123509587,0.380855458
19.727999524911866,59.06460650842059,18.174054726950402,17.943077564103625,5.751572935132987,5.830583898775791,6.855059574764334,7.130207559337865,0.380855458
19.75199914793484,59.200980438330944,18.1890069999806,17.956792168779543,5.733846685115507,5.803247565898429,6.839389121771725,7.115942342169465,-0.475072367
19.77599928190466,59.211009567093924,18.131104667511398,17.9577990776226,5.732543163948951,5.792856759196745,6.810090523847254,7.1148939433284415,-0.475072367
19.799999645911157,59.278785457352775,18.0997353897023,17.964597629771987,5.723734423458151,5.777351174015799,6.793000510621431,7.107811431710444,-0.797184406
19.823999659973197,59.3763044968159,18.074032996061,17.97436123113521,5.7110610173110725,5.755301602390823,6.771687798445493,7.097628349760911,-0.797184406
19.8479990119813,59.502961196421936,18.0546338214394,17.98700957258997,5.694602714222521,5.730842665054658,0.5600775978990903,6.282233747276135,-5.47342265
19.871999285998754,59.56930718182383,18.0322353891478,17.993620429589082,5.685982243557213,5.719473140385898,0.8875315406706039,6.523364348153233,-5.47342265
19.895999479922466,59.67545975904936,18.0490449377678,18.004176733941154,5.67219077307795,5.704977336444939,3.0798725076415923,7.918145391778958,-11.363816
19.91999921295792,59.7055546890682,17.983026917077602,18.007164818608498,5.668281061922255,5.708027218556438,3.379147695634429,8.131931863714827,-11.363816
19.944000077899545,59.7304778748713,17.9331838340843,18.009637837969848,5.66504331204901,5.716611899662545,4.566305120305113,9.037104140855067,-21.4149669
19.967998999985866,59.85584551489253,17.944085252666,18.022055954706463,5.64875809730776,5.707715927167423,4.823885545022283,9.243491992941006,-21.4149669
19.991999203921296,59.89027875006803,17.8989320906085,18.0254603923571,5.644285578936289,5.717492141907611,3.381840878020863,8.1514361015551,-27.8324444
20.01599897700362,59.99009390090059,17.9104079859167,18.035313848430082,5.631321478131591,5.714010575357762,2.8412647437917986,7.767597945387845,-27.8324444
20.039999801898375,60.092109462656474,17.9205396657716,18.045360959721933,5.618072888224283,5.711535873464652,2.298706748549376,7.396025920264704,-32.0843408
20.064000155893154,60.19106635974184,17.9359233902633,18.055084079239254,5.605222781746892,5.704519510190223,1.910641299450835,7.138607039775531,-32.0843408
20.088000239920802,60.28168889176487,17.955626477371702,18.063968641204866,5.5934560287444794,5.697112451271174,1.3075334051683072,6.755808397917769,-28.2756382
20.11199995293282,60.38487477568474,17.991707120772997,18.07406202810251,5.580059275084349,5.689496490973635,0.5193722112685618,6.164677622138368,-28.2756382
20.135998923913576,60.44790186860612,18.0372313625182,18.080215199755816,5.571877053850771,5.682327857561337,0.5171851815172194,6.153399217748769,-28.2756382
20.160000119940378,60.42457094569111,18.023829804906,18.07793852147747,5.574905831661614,5.694977045186627,0.8173864721340469,6.445500476451489,-24.2257105
20.18399996298831,60.54881294130257,18.126074603603,18.090047966926868,5.558777760532354,5.68372541817048,0.8178272027292175,6.436295989306288,-24.2257105
20.207999856909737,60.50356456037244,18.121178234597203,18.08564184839125,5.564651304617855,5.702363683860939,0.5295642606940062,6.061085692886917,-16.0977559
20.23200024990365,60.58734550807768,18.1763032177887,18.093796433025442,5.553776179908724,5.695758072871629,0.5292186605733925,6.047283092744127,-16.0977559
20.25599913089536,60.56447234076446,18.2171075152873,18.091571730184533,5.556745125937763,5.70708080807945,1.3228538668917589,6.749735919013193,-7.45528124
20.28000005497597,60.54804961943401,18.2345688194963,18.089973676320277,5.558876842680773,5.7208262470843225,1.3374019012932832,6.765366912807156,-7.45528124
20.303998884977773,60.63015333964661,18.3169698917706,18.09795681749662,5.548219885885954,5.71362751672015,1.332593880118819,6.757176003385238,0.423450152
20.32799985993188,60.6916130524945,18.2972093752198,18.10392260414868,5.540243057104263,5.708184621005472,1.3258671607983332,6.750637822341067,0.423450152
20.35200010193512,60.74991190532017,18.288822290916997,18.109573589719933,5.532676920421955,5.704992080849945,1.3212221633053176,6.744439111608306,-0.445818507
20.375999813899398,60.90552483799419,18.315175763145003,18.124619307926515,5.51248330253835,5.68766068641403,1.312801041626869,6.727908715421774,-0.445818507
20.400000056950375,61.03865342488411,18.3118241650921,18.137447153124626,5.495209897685446,5.671338286577843,1.3096589926445732,6.713784618584418,0.385362121
20.423999277991243,61.13742744585041,18.2835961173012,18.14693852742087,5.482395457674175,5.6654938594408035,1.3024695640678952,6.703316009704972,0.385362121
20.447999179945327,61.277383900609706,18.2798157664885,18.160349023124635,5.464240361496795,5.652367407154131,1.2954104604712977,6.6884983296310585,-0.395993861
20.47199973394163,61.37580328927233,18.2917551433261,18.16975267654091,5.451474944443235,5.641826600233475,1.2865676647739446,6.6780893760907585,-0.395993861
20.495999565930106,61.42827062132613,18.2203844748422,18.174756717906114,5.444670215527411,5.641540388356797,1.2861002515342548,6.672544111763695,0.332562551
20.520000068936497,61.550427173848604,18.2363352891069,18.18638296745046,5.428828545547086,5.627455042394362,1.2776488261180217,6.659643530646489,0.332562551
20.543998899986036,61.58476675861067,18.163042503431,18.189645100748315,5.424375619753333,5.631835518995381,4.872730294460011,9.27094737224868,-7.05378981
20.56799939298071,61.72690957716784,18.196310214379,18.203119500451958,5.405945116067082,5.619484599888862,5.658423881176138,9.929097164547638,-7.05378981
20.591999194934033,61.785971098399145,18.1576685732565,18.208704659143834,5.398287856201285,5.623093298259796,4.87017948062651,9.28760863412795,-15.8774847
20.615999046945944,61.900381395721816,18.125204422172,18.2195012263044,5.383455973019353,5.620551865405128,4.570314358099074,9.052340920015398,-15.8774847
20.63999958091881,61.99935403793569,18.119920383488303,18.228816883806584,5.370626758350784,5.6183106502678735,4.381881459478826,8.907707107206523,-25.3296386
20.663999292999506,62.07098791715108,18.0913928082272,18.235545373514757,5.361342091288654,5.62380922429668,4.246036993611379,8.809386407194491,-25.3296386
20.688009314006194,62.11889132681139,18.0908527909491,18.240038353155832,5.3551335680258925,5.632991238637524,3.568987245748768,8.292736190765543,-29.1573451
20.71199901693035,62.1913742123376,18.0522458255182,18.24682674726083,5.34573998721661,5.63924253325602,2.3281546478161026,7.383742632249691,-29.1573451
20.735998899908736,62.36152558747614,18.1199086369477,18.262715200861237,5.323691523906935,5.613777629642984,2.3258644323765614,7.369635023157387,-29.1573451
20.76000004389789,62.36434121301691,18.098715312452,18.262977563815245,5.323326702720247,5.627149858700729,1.7018661760271985,6.9492109507304844,-32.8681145
20.784000146901235,62.433496460439855,18.1392506798721,18.26941584620268,5.314366566971042,5.622858833470176,1.6962933650582157,6.9447631884913275,-32.8681145
20.80799996899441,62.46572299157391,18.1290040987237,18.272412377082215,5.310191332429595,5.627187273532906,1.2501502266731555,5.569128138350735,-30.0905553
20.831999069894664,62.49889535085611,18.150996411537097,18.275494380288453,5.305893698787605,5.62432398961298,1.271106450238541,5.556023373417475,-30.0905553
20.855999933904968,62.56060569680738,18.2014214665733,18.2812211361241,5.2978992178078075,5.616938328558393,2.0171895680869723,5.368031977262664,-25.6066902
20.879999705939554,62.58583460290498,18.2204338760715,18.283559892259273,5.29463099466112,5.620143361283465,2.0256225041551565,5.361877096274915,-25.6066902
20.90399974794127,62.62642539303842,18.3043539060872,18.28731967115813,5.28937292439183,5.612412435570412,4.801205056538653,5.642493201207661,-17.0018278
20.92799885896966,62.70879777399055,18.342665086377,18.29493798093528,5.278703190701896,5.59673673596568,4.857758529121098,5.660836563153746,-17.0018278
20.9519996229792,62.74825985557944,18.394435318585202,18.298582198618167,5.273591962642131,5.588792320003212,2.3292366213164275,5.295467966630184,-7.31930449
20.975999695947394,62.77317458616247,18.4563229324866,18.30088117900603,5.270365048932535,5.585610579681826,2.248730327252174,5.299176248051077,-7.31930449
20.99999980791472,62.74170902278777,18.4969044743718,18.297977492496084,5.274440428888329,5.591853443310483,2.238657557326435,5.302841907837256,0.396441149
21.023999649914913,62.80309105658377,18.487926576842398,18.30363981986432,5.2664904256299465,5.578364879815151,2.2317261259153267,5.294934790083352,0.396441149
21.04799948190339,62.947192501126736,18.4902642420978,18.316899041052707,5.247828808587576,5.551573807119367,2.2211759790138412,5.27637434619477,-0.46088982
21.07199915498495,62.996587604297204,18.468368634162,18.321433145457927,5.241432604307074,5.543096066454143,2.2123549041465016,5.270012982627555,-0.46088982
21.09599947789684,63.15106427690375,18.4957528088334,18.335577074195378,5.221431384564039,5.5178266302959935,2.2057086452891856,5.250121256123253,0.36528964
21.119999529910274,63.28906296564307,18.500758393062,18.34816629213234,5.203566340397043,5.494477686780414,2.198571797049367,5.232354714914367,0.36528964
21.1440001539886,63.37754553866382,18.4693199997672,18.356215473045328,5.192112875274222,5.482391503767618,2.1871795683467994,5.220964753723372,-0.345137973
21.167999574914575,63.488589756269256,18.4560436928937,18.366291833576685,5.177740418554882,5.463306032371884,2.1783994714209673,5.2066723784112545,-0.345137973
21.191999667906202,63.51365898143146,18.406286835942,18.368562776378443,5.1744959328592435,5.457860426647151,6.952738508298046,6.702875137321294,-4.75575617
21.21600019093603,63.60667037673931,18.383014048407297,18.376975882838334,5.162459024109467,5.440045023477657,8.763403513991923,7.980438266177825,-4.75575617
21.2400001619244,63.69056962561076,18.3433756336035,18.38454787496323,5.151602328071699,5.421356944003485,1.454654327886237,5.298274422239052,-10.82162
21.263999071903527,63.768475727035145,18.330279392629,18.39156462953991,5.141521987981977,5.402206834477754,3.9959592793341083,8.35285085497952,-10.82162
21.288030472933315,63.89699978045224,18.3272795657635,18.403110183612768,5.124893901333495,5.385327628836102,3.468433691283636,7.933013495429531,-18.5522066
21.3119997959584,63.93294053751949,18.3050717270762,18.40633208125909,5.120244377036723,5.385583562540316,2.44787000797594,7.178660414479601,-18.5522066
21.335999837960117,63.96806645931005,18.2613162892713,18.40947809254397,5.1157004304487925,5.392820386609086,2.4411939553132767,7.177770422234078,-18.5522066
21.35999973898288,64.03057436657745,18.2656259086115,18.415069594187845,5.10761471021069,5.3875988590062365,2.29874866041209,7.07416931968471,-28.0302326
21.383999829995446,64.11250106204115,18.2625074011871,18.422384695303574,5.097017854758624,5.387212652910801,2.2926910469343356,7.071202356708092,-28.0302326
21.40799885999877,64.18997265964379,18.2449711076451,18.429287958867672,5.0869980666196115,5.3821081339723875,0.9509955775412584,6.18049773878383,-32.5093303
21.43199910200201,64.30932119125735,18.277769005971003,18.43989603047146,5.071563687427359,5.368620006038848,0.9398636091875514,6.162634663271442,-32.5093303
21.456000144942664,64.4468491253308,18.3208224041507,18.452079764215025,5.0537806649834955,5.3510028813752575,0.5732960923313802,5.5333442967926585,-32.0614439
21.479999525938183,64.51013785673939,18.333559426021598,18.457672121690916,5.04559797508039,5.349076949765321,0.5792746662812964,5.517411602432488,-32.0614439
21.503999106003903,64.61456132982634,18.3784278320991,18.46687933962423,5.032098084596402,5.338484396875248,1.5342213951552448,5.166735496345161,-27.3994773
21.527999718906358,64.57405966020842,18.3963819889459,18.46331117320941,5.037333976880037,5.352058214954104,1.5491481718480842,5.165412775837492,-27.3994773
21.551999198971316,64.60794543403124,18.4573862961074,18.466296739090335,5.032953345915489,5.348905234962554,2.3497313674848805,5.043422781610494,-20.6826685
21.575999010936357,64.67925119908466,18.5314322008668,18.472570732000065,5.023735694100161,5.337550409642325,2.375957559447054,5.031822639270174,-20.6826685
21.599999953992665,64.68757553366746,18.5593066511162,18.47330241314695,5.0226596568523165,5.334455801584311,3.6527221455294283,5.12490932516282,-11.0342866
21.623998912982643,64.71199189675596,18.589668738782603,18.475447621015856,5.0195035521797555,5.331154464602243,3.716052041521087,5.139158012796173,-11.0342866
21.647999626002274,64.71944309995928,18.646140344241402,18.476102009604368,5.018540411620444,5.324382834352651,0.9455381087060138,5.2983008715139,-2.07017839
21.671999607002363,64.79249918136905,18.7282669211588,18.482511343897176,5.0090975952258425,5.312979637857745,0.7410701267523374,5.363782889892061,-2.07017839
21.695999177987687,64.79711979257533,18.7888997572753,18.4829163100308,5.008500385137522,5.31639784487251,0.7354100313928447,5.363945738890523,0.286946171
21.71999956993386,64.90732626280258,18.8128378564032,18.49256079891699,4.9942571394342306,5.30024055457639,0.7363486107457823,5.350653762549546,0.286946171
21.743999931961298,64.93807063653367,18.7563322430477,18.495246403839825,4.990283981832482,5.298163470963044,0.7325678627909423,5.346946833119387,-0.391777413
21.76799942192156,65.05964320254678,18.7671228600449,18.505845057777307,4.9745741549955715,5.276174347197671,0.7301418391652215,5.332293414483325,-0.391777413
21.791999223991297,65.20156857174366,18.7825342429759,18.518175573961898,4.95623681268053,5.258474286921766,0.7369418856243285,5.31519677886655,0.291736035
21.815999415004626,65.32616758437221,18.7831702173915,18.528963048882378,4.940140339610784,5.240006233165566,0.7317838101553514,5.300196211471184,0.291736035
21.839999186922796,65.45449816659985,18.791176682334,18.54003673035156,4.923563984626279,5.219879356685848,0.731145976349078,5.284755154830918,-0.367217703
21.86399918794632,65.5311149097188,18.7604696366928,18.54663017977518,4.913668521904789,5.214308061949676,0.7290124190298816,5.275540697616603,-0.367217703
21.888056406984106,65.57207860736443,18.707048348968797,18.55014994667752,4.908378165940239,5.211816222757832,0.7253284780241068,5.2706154338595095,0.333038644
21.912000031908974,65.67154317955433,18.672096639554,18.558680488614574,4.895533516001753,5.198332964157302,0.7197834383194545,5.258660147819955,0.333038644
21.93600022397004,65.70674654976511,18.6130054753568,18.561694310888246,4.890987745632268,5.195569047105919,0.7123358693377582,5.254430129530025,0.333038644
21.95999885292258,65.81199803381682,18.595911414344,18.57068829545811,4.877397743339273,5.184038659258,1.3414353923907114,6.200973357982791,-2.97741357
21.983999074902385,65.92605899367898,18.5736486762882,18.580406680346332,4.8626719606857645,5.174271226876451,1.3520059766967492,6.199674077524666,-2.97741357
22.007999827968888,66.03422267156753,18.5599509790727,18.58959532128871,4.848709172732261,5.161613140950817,3.905923671542376,5.030079573336182,-7.07321055
22.031999547965825,66.0618797456793,18.5260507673903,18.591940562609572,4.8451391915151,5.156850871245592,3.947836250453439,5.039683107554168,-7.07321055
22.05599965993315,66.22859503893085,18.511730832595703,18.606040784569608,4.823621745450078,5.132653481444031,1.59334095089643,6.31996032090216,-15.8092149
22.079998939996585,66.25767979663523,18.4887100884592,18.608494216397226,4.819868249516006,5.132898799310002,1.6613602371510705,6.364954349667297,-15.8092149
22.103999141952954,66.30377835770643,18.4470943247212,18.61237890914303,4.813919294884566,5.135205872294578,3.7196533104466023,7.883909600351249,-23.3565335
22.12799983494915,66.35884165623695,18.413130539441,18.617012736523254,4.806813832581601,5.141469799421135,3.7628851762471562,7.926129412363043,-23.3565335
22.15200002596248,66.47520832159815,18.4365590022518,18.62678289962272,4.791799037688852,5.131662185018967,3.83089586813487,7.983293617025842,-31.1933166
22.17599913594313,66.53358535654594,18.4166354277574,18.631672677776283,4.784267342257562,5.136803592083522,3.8319483572270574,7.989882164746575,-31.1933166
22.199999067001045,66.61132818666341,18.4244661254097,18.638172576387287,4.77423783038245,5.139795232135342,3.057880932151672,7.389740003701872,-33.7568753
22.223999718902633,66.67229503095498,18.443141571977,18.643260286779842,4.766373146335056,5.140078418009873,3.018544486079075,7.3644921308206905,-33.7568753
22.247999979997985,66.72616759844453,18.4574894285623,18.64774896382772,4.759424042219225,5.146751964018228,2.7063418347011963,7.136163706355396,-34.4167819
22.271999359945767,66.81969907798779,18.487461069917902,18.65552640599942,4.747360217735707,5.144623122039982,2.680929758470124,7.117809806205179,-34.4167819
22.295999389956705,66.83124266308546,18.517452597034403,18.656484917422205,4.745871392553379,5.153101917599597,0.9665311448097362,5.93592808730905,-28.7135293
22.31999998097308,66.89712278814433,18.580898520765402,18.661949435322253,4.73737490232654,5.148650811106611,0.7567169738837856,5.796935416377891,-28.7135293
22.343999079894274,66.95141000912342,18.6198723963266,18.66644497155003,4.730373983557224,5.150366324766581,0.4150645863364889,5.56148146485519,-19.043931
22.36799998197239,67.04372022438945,18.694001858510898,18.674073867066056,4.7184705199569725,5.13936079672864,0.36541083596189683,5.5042309402036,-19.043931
22.391999841900542,67.0374133457167,18.7425177211252,18.673553255233784,4.719283758951399,5.14860934929465,2.0708618307233544,4.759638639453067,-8.55803439
22.415999471908435,67.08120004979324,18.798087466132202,18.677165842619946,4.713637805250963,5.143630065868394,2.8961264209742485,4.718673064805703,-8.55803439
22.439998900983483,67.1625367180687,18.8751208244034,18.683864931092252,4.703150775400279,5.132408531149367,2.9003333807737306,4.708792023140592,-0.298513877
22.46399943297729,67.28078466793193,18.9054949217586,18.69357739133422,4.687906262469633,5.112070158911961,2.8902912354421417,4.69356591527146,-0.298513877
22.488076208974235,67.33528833059214,18.8920844119871,18.69804346187494,4.680880303672211,5.101495741014516,2.8818166682605635,4.686548479275065,0.303710551
22.51199947297573,67.40595273348148,18.8947006777016,18.703823739154043,4.67177170477649,5.0862101410530345,2.8692584131491254,4.677450967520552,0.303710551
22.53599983395543,67.53394456958559,18.908158415048298,18.714264552749416,4.655275386017223,5.063336319391728,2.8599532519702575,4.660974838354811,0.303710551
22.55999889294617,67.60024221839335,18.88466370446,18.7196581378675,4.646731454677075,5.053634073036707,2.8484732919701,4.652441419923399,-0.275151413
22.583999473950826,67.71766722430871,18.8736408543159,18.729186721750047,4.631600111910459,5.027292201530045,2.833798880267704,4.637328790354022,-0.275151413
22.60799942491576,67.76713050225719,18.8504070699883,18.733191131637014,4.625226862583603,5.013249633825778,2.816680184774656,4.630963459434502,-0.405880611
22.631999776000157,67.86005175399814,18.8328393288322,18.740698805388046,4.613255050933219,5.000336190761174,2.8110761361466827,4.619006581003483,-0.405880611
22.65600001695566,67.95913476153432,18.8009760774734,18.748682797201024,4.600490686229282,4.979034686069519,1.9643086862163808,4.640378209184024,-6.15455695
22.67999978689477,68.03172147020364,18.7374098046595,18.754517649677098,4.591140569536679,4.97301942394968,1.9517571977365036,4.631566175084214,-6.15455695
22.703999455901794,68.1244929072542,18.7509873607325,18.761957688455922,4.579191459850054,4.955086743281965,1.2681893502161914,4.760345168484501,-9.17940571
22.72799933690112,68.21227938874856,18.731317188417503,18.768980016642214,4.567885520590435,4.944774653235754,1.2550446212352355,4.752431888339873,-9.17940571
22.75199914595578,68.26328722632984,18.668781677028402,18.773052293352023,4.561316760444638,4.94023743803141,0.5622927925367679,5.451712623170277,-15.749783
22.77600013895426,68.36402537696677,18.673190858636598,18.78107756621273,4.548344821827074,4.929647547097074,0.6090124306261575,5.472239871807735,-15.749783
22.79999933799263,68.4040569055865,18.6471626396521,18.78426029292951,4.543190398859576,4.924807752784385,2.1676130023473026,4.558689870525805,-19.6537872
22.823999227955937,68.45742203060298,18.6037699655165,18.788497478362327,4.536319501222155,4.9211361823727495,2.2994595520668204,4.542338053852728,-19.6537872
22.847999017918482,68.5654251630101,18.6215127545269,18.79705321174512,4.522415033265467,4.90423986477258,3.1964717909959868,4.5733312410101945,-22.8293368
22.87200011999812,68.65043887933733,18.6062253869835,18.803769232345438,4.511471397730281,4.885069182501821,3.2687543416126363,4.577053016927425,-22.8293368
22.89599955896847,68.73832603485023,18.6313182853223,18.81069507669634,4.5001589310989045,4.870596302717618,4.854921815077405,5.088344856170415,-22.9262505
22.919999539968558,68.78258279801867,18.633257202782,18.81417606946309,4.494462794379491,4.85822096889371,5.059543372638489,5.191742291149309,-22.9262505
22.94400020199828,68.8080551108962,18.638807526206598,18.81617757379043,4.491184464188957,4.8494259614059,3.9989031765925365,4.7535115904503416,-22.7942351
22.967999371001497,68.83405648166239,18.640227875513602,18.81821913676123,4.48783813691588,4.839654249585517,3.7694999854510978,4.686152610127962,-22.7942351
22.991999420919456,68.92027974962234,18.6833826325242,18.824978239293547,4.4767420421367445,4.823335775057825,2.4482734103707573,4.4769317818553445,-19.5892092
23.01599888992496,68.88730271792735,18.6777933236725,18.822395130665672,4.48098574206717,4.826613956795478,1.9488310621697245,4.50283381676644,-19.5892092
23.039998970925808,68.9059262175877,18.6817964193661,18.823854221444446,4.478589129725848,4.830253251838717,0.9747931790267889,4.700052884305762,-17.9118079
23.063999351928942,68.96284199849256,18.7510696412946,18.828308530499662,4.471265078878412,4.819803775370086,0.34813753296445304,4.956640533702926,-17.9118079
23.08807276096195,68.98337300580472,18.807465997220397,18.82991351952925,4.468623213960357,4.821013232688982,0.2789125618812361,5.09560539422183,-10.6587079
23.11199957295321,68.95809253616966,18.792379985115502,18.82793711082783,4.471876233038365,4.832179624505741,0.7047828474738682,5.390764657803254,-10.6587079
23.135999372927472,69.08915091389736,18.8962688150344,18.83816749794564,4.455012984259725,4.813920761602572,0.7077235418982212,5.379673537304676,-10.6587079
23.160000075004064,69.21249415367912,19.0098996087159,18.8477601979097,4.439144640580411,4.799553601866083,2.4889369756659034,6.565602779622398,-3.27736767
23.18399937392678,69.28324687534251,19.0717495809968,18.853247296884515,4.430043131645942,4.796444821247422,2.5014265159489715,6.576126751204408,-3.27736767
23.20799900300335,69.45098248839487,19.1350623498557,18.866210555790833,4.408468721333059,4.77556128034203,2.4927351243489815,6.561561886107458,0.313538994
23.231999233947136,69.50733228650323,19.1251461382669,18.870551229934488,4.401221812805903,4.778585253467019,2.4773193224484196,6.55670686979092,0.313538994
23.25599933299236,69.63923304187362,19.145586647092898,18.880683630001798,4.384260365299464,4.7693444154451,2.4651624758386728,6.545360878025801,-0.234171753
23.27999931294471,69.78070147647303,19.1580061353494,18.891507353535566,4.366071313480587,4.756244082063816,2.4544967289724418,6.533220625267289,-0.234171753
23.303998860996217,69.82517646445217,19.1206947842509,18.89490079390901,4.360353605052739,4.75791453864024,2.4448605700753268,6.529410129253183,0.130034192
23.32799910090398,69.90134932053432,19.0886919270454,18.900702410875063,4.3505614653075915,4.76048134399961,2.4277901233582067,6.522890722011524,0.130034192
23.351999079925008,69.99192409291389,19.065395199694102,18.907583892756804,4.338919004777718,4.755972044827684,2.416654906333801,6.515150025158428,-1.29292926
23.37599989096634,70.02923568237823,19.0155160066051,18.910413283809856,4.3341233192812565,4.760318235476402,2.403987829348334,6.511964891022568,-1.29292926
23.399999178946018,70.17365452540716,19.0488562808242,18.921335165894263,4.315562920332345,4.744880060876379,2.452511246865819,4.315898053430566,-6.18166474
23.424000029917806,70.24009515419522,18.9897381648277,18.926344032679758,4.307025106898693,4.7420893755700995,2.7510052470120403,4.314071344398122,-6.18166474
23.447999769006856,70.38933291129949,18.995989129760403,18.9375585632055,4.287849907158731,4.718129782063184,2.4571728429461595,4.288087080166012,-9.9625908
23.47200015897397,70.51875748025954,18.989380433724698,18.947243560183438,4.27122301927444,4.699775566983221,2.4329098736802672,4.27167466558956,-9.9625908
23.496000007959083,70.65224619695907,19.0057167642179,18.95719311986706,4.25407651698003,4.6778365096827486,2.27859451473453,4.259397897231655,-11.1156894
23.520000066957437,70.70991089644542,18.9693389621403,18.961478725132743,4.246670324933552,4.668767150068831,2.256131165796099,4.252636208241129,-11.1156894
23.543999625951983,70.79300886454345,18.939566617668603,18.967641333466947,4.235998433530914,4.655142391292905,2.953274503426902,4.263540366806658,-14.7655476
23.567999754915945,70.85630943827353,18.9221750924085,18.972325309560084,4.227869692105024,4.6427269173274,3.105279415793352,4.277889813705275,-14.7655476
23.591999072930776,70.94862685344165,18.9332315718558,18.97914022335484,4.216015779796287,4.625283833634575,3.913964148709629,4.467194038924399,-17.6386959
23.615999643923715,70.95579601809266,18.875198895718302,18.979668650826895,4.215095282359265,4.620559974871376,4.213972573711207,4.5830221408675795,-17.6386959
23.63999915192835,71.02306043583171,18.891095758821802,18.98462096151822,4.206459107742064,4.599293058691183,3.911838114326283,4.472120421026041,-22.2980298
23.663999051903374,71.05550713339834,18.8702351483081,18.98700618971409,4.202293461322099,4.592303125463274,3.6916451739049485,4.403705796710149,-22.2980298
23.688095563906245,71.07627463541274,18.8533255179868,18.988531609711117,4.199627319274091,4.582639377054424,4.166995993271549,4.575006882510049,-23.4440037
23.7119992809603,71.06821406990429,18.8233425760768,18.9879396583113,4.200662131279592,4.581728364789261,5.050650637939712,5.005147317702218,-23.4440037
23.736000101896934,71.20650258014938,18.893366435284,18.998074999460275,4.1829100000204935,4.552763235690935,5.0578687888906595,5.00412920336024,-23.4440037
23.759999679983594,71.26803060195392,18.9062656032153,19.002570620872024,4.1750125130459015,4.537292777986832,4.24382164083735,4.609743441005811,-21.906095
23.78400011989288,71.32146896994523,18.942522812450303,19.006468243643734,4.168153821722497,4.523815721877891,4.240231103411338,4.611425610840147,-21.906095
23.8079994879663,71.33566497337537,18.9439703394892,19.00750257340069,4.1663318662920314,4.518822030020353,4.552815705644185,4.763111358025595,-16.2572229
23.831998996902257,71.38364242885395,18.9547553840557,19.010994882515103,4.160174517361572,4.506002251923075,4.553850421585567,4.770444352772528,-16.2572229
23.85600007791072,71.38716790448429,18.9900798967191,19.011251299671088,4.159722076562895,4.498686178631418,4.526367790474451,4.768983905624568,-11.8020479
23.87999973690603,71.43559374941506,19.0300717041744,19.014770606956766,4.153507541738495,4.486227004267125,4.527392015558606,4.774175049068046,-11.8020479
23.903999685891904,71.44501170740203,19.0528621844369,19.015454435780622,4.152298965342096,4.480274733899027,7.732349173990608,6.956131384762753,-3.97560511
23.927998933941126,71.49985779760712,19.1537620043779,19.019432789564668,4.145260995419418,4.4630027816513484,7.8038159186506615,7.021999828890698,-3.97560511
23.951999784912914,71.59985067827104,19.196904898681098,19.02666851391026,4.132430803908028,4.440898521642646,7.788545275607495,7.020276391225395,-0.189895389
23.975999843911268,71.69299997374756,19.199164731843798,19.033388770910854,4.120480014423982,4.414853655025924,7.7673417691873095,7.013271372984877,-0.189895389
23.99999990395736,71.8243905096687,19.2343611433717,19.042834742558103,4.1036251075907915,4.389122537442459,7.753100387527319,7.0034144201771324,0.126299682
24.02399935189169,71.89282087174617,19.1905017268477,19.047738975218248,4.094847779460405,4.373262804966259,7.731288915590718,6.998291856704897,0.126299682
24.048000042908825,72.09330742237053,19.2249569360428,19.06204669287606,4.069135948647294,4.335870129466325,7.7171935808727055,6.983327754348447,-0.24147097
24.07199893996585,72.14952264339242,19.1981561856656,19.066042259485595,4.061927549100292,4.3172024291276205,7.69657953343215,6.979143703699337,-0.24147097
24.09599907998927,72.15437511832553,19.1246191944306,19.066386821900227,4.061305344428518,4.313790442095587,7.674909639366728,6.978782780917784,-1.87274019
24.11999954993371,72.24994527798272,19.1288673145246,19.07316223311545,4.049051632625145,4.288849004195437,7.655893743104131,6.971682231067398,-1.87274019
24.14399976900313,72.39694980490832,19.1158424340008,19.08354396841968,4.030205747393513,4.260270138564579,1.9908116626302261,5.625121977065941,-10.3025464
24.16799980890937,72.48905656890608,19.0995739193808,19.09002396077287,4.018399316833304,4.242763247214832,4.062858547690828,7.212955987471052,-10.3025464
24.19199988793116,72.52533867483594,19.063448753868702,19.09257128155235,4.013748941488386,4.2423028038372586,3.31874572283787,6.605116169176686,-17.286283
24.21599932690151,72.60735228973857,19.0574779010904,19.09831844908371,4.003237739963083,4.233607611171805,3.0351996300679724,6.379315882038132,-17.286283
24.239998883916996,72.67603277163981,19.0118109754454,19.103119655178393,3.9944361196411227,4.2343347726615335,2.9074045623206493,6.283942621865964,-25.2102839
24.263999663991854,72.77242071422066,18.999886642502297,19.10983991103719,3.9820848580822474,4.23079238865615,2.8162143987351045,6.212051233567247,-25.2102839
24.288109399960376,72.78060506122563,18.9726362623239,19.110409569544622,3.98103616875024,4.2360721817549445,2.501032865295827,5.977104423433176,-29.2021989
24.3119989389088,72.8562458383404,18.956204872843802,19.115667302025432,3.971344510120425,4.233357627417465,1.9204691986740905,5.554266916100333,-29.2021989
24.33599950792268,73.02008584343282,19.0274246488666,19.127011616350643,3.950354970199922,4.215999985018101,1.9136337434232444,5.544106613323234,-29.2021989
24.35999947693199,73.08211711901585,19.0415264289567,19.13129093614757,3.942409166757649,4.209834499023589,0.7135901885428586,4.759871622380396,-27.8676957
24.383999675977975,73.1642254262123,19.062894179342,19.136942008050067,3.931892490207925,4.2049551678740995,0.7050406555633653,4.748888447106188,-27.8676957
24.408000094932504,73.26523391458107,19.078896368754602,19.1438731069571,3.9189563738831774,4.195790171216937,0.5066158221949475,4.212737608211461,-22.9558367
24.4319990609074,73.28235992917121,19.1045488343445,19.145046004811366,3.916763200060461,4.198658237194138,0.5126545979663136,4.205938677705357,-22.9558367
24.45599979092367,73.31897203641559,19.1627466397685,19.147551224608797,3.9120747625092425,4.1986848173291325,1.5169331328027278,3.9433624537437706,-17.6425421
24.47999919799622,73.3165340507308,19.187153678557102,19.147384496558736,3.912386957607397,4.203771069042387,1.5259028443812805,3.9412058316592393,-17.6425421
24.50399929692503,73.32363543234784,19.2129197795627,19.147870105999417,3.9114775959832477,4.204351825693013,4.2441862196119695,4.516309880458159,-8.87298121
24.5279988439288,73.40256397304724,19.2800375401167,19.153259805044563,3.9013709632491667,4.18658663556886,4.299406957985472,4.546729971274829,-8.87298121
24.552000134950504,73.46013287830195,19.343991763235103,19.1571821228658,3.893999962200045,4.175130105888455,4.292162233251986,4.543689364053467,-0.184194254
24.575999831897207,73.51749866857908,19.315539809248698,19.161083201061683,3.8866554507739575,4.1586134003605855,4.272634049695185,4.537400115162459,-0.184194254
24.599998969002627,73.63700701957156,19.350713820356,19.16918647061377,3.8713564108942253,4.129560085250968,4.255001153228897,4.52430943768624,-0.00747575147
24.623999337898567,73.68549105269953,19.3156375540934,19.17246479231579,3.8651502528647343,4.118463365600735,4.234233673420383,4.519003063872365,-0.00747575147
24.647999335895292,73.83930092434247,19.3288677363274,19.18282996831674,3.8454642352714736,4.084634135569886,4.213708090663396,4.5021863667141115,-0.165687999
24.671999123995192,73.89755612812505,19.2823453724249,19.186741899477973,3.8380091010540336,4.0727469005954084,4.195053192189199,4.495823919127428,-0.165687999
24.69599933293648,73.99936441399325,19.2859173910179,19.193560210807906,3.82498151713584,4.047219599020524,4.174685344713212,4.484713831635074,-0.643746971
24.71999891998712,74.14387302762587,19.285054894101602,19.203198328763058,3.8064925399542178,4.01957045773155,4.159208081629966,4.468963942265588,-0.643746971
24.743998998892494,74.19874361757226,19.2386945292554,19.206845698421812,3.7994729965577623,4.006341829459616,1.2634218142395313,3.8382047554361804,-4.41885646
24.76799935789313,74.28514257991519,19.2191295553584,19.212575143211442,3.7884209589276545,3.990393828297028,0.7291822150724687,3.939827806611152,-4.41885646
24.7920000879094,74.40227875908401,19.2191966218037,19.220316161049944,3.773438819854385,3.9748054460075495,0.7250628089536607,3.9267056636141877,-7.9739316
24.81599961500615,74.38096745533954,19.1579078689434,19.21891007948338,3.776164461366306,3.9824742938043305,0.7465837282627711,3.9223015696268027,-7.9739316
24.839999813004397,74.49475714769261,19.1399857942707,19.22640592369157,3.7616119345572048,3.962418023988765,0.5450467818109375,4.392815376971676,-14.6292721
24.86400000192225,74.63977745169167,19.1278992549475,19.235917004269808,3.743068113615176,3.942066112581863,1.400148331443848,4.891930451870452,-14.6292721
24.88800410798285,74.61135451303991,19.0822844031082,19.23405661464606,3.746702323886949,3.9558340015534506,0.9299223158870616,4.6055439033753185,-17.6636983
24.911999527947046,74.70015867503432,19.045332779258,19.239863176904777,3.7353480546175764,3.9488581562841176,0.5653958729405436,3.9375648226270368,-18.9169506
24.935998894972727,74.84653290687659,19.055752397513398,19.249395454532557,3.7166355796378343,3.9254182434418725,0.575151553125554,3.916401324711632,-18.9169506
24.96000018599443,74.90339304673851,19.0580938451595,19.25308539160305,3.7093674400798182,3.922254375005677,0.9777719694149403,3.7980162665332675,-22.2350429
24.983999492949806,74.98401576874892,19.0611216301288,19.258304985037107,3.6990626755181903,3.9125985264880434,0.9822664279768628,3.785982049429522,-22.2350429
25.007998989894986,75.00295291500248,19.0261711091437,19.259528882609768,3.696642371092653,3.9144587251191103,1.5258675329923665,3.704776043722296,-22.7051002
25.031999900005758,75.100056560383,19.0738024215506,19.26579201961361,3.684232660418668,3.89677450449721,1.5338297956910067,3.691344394517056,-22.7051002
25.056000178912655,75.11112727490506,19.0542572376179,19.2665047341052,3.6828179276575708,3.8985587768692347,0.8285055603965195,3.8005706179427055,-23.0829468
25.079999054898508,75.16021222434807,19.0958376496921,19.269661436454967,3.6765455545848797,3.8922178935733878,0.8181672073440039,3.795911019702817,-23.0829468
25.103999173967168,75.18456195558551,19.0879444586728,19.271225389898166,3.673434131181109,3.8947553540032764,0.4597789271468689,4.258631504901827,-21.8373599
25.127999872900546,75.24564878169423,19.1245972151997,19.27514307845214,3.665628808486168,3.8881942790739683,0.48691881032127515,4.267964485814069,-21.8373599
25.152000001980923,75.26153240100034,19.1133097539605,19.276160375673822,3.6635993822618453,3.8915051905585356,1.3783609351938002,4.7960629019961845,-19.7854484
25.175999769940972,75.27780962658994,19.151782931647503,19.277202296100707,3.661519704588863,3.8961911029788934,1.4107829724313816,4.821467968474866,-19.7854484
25.19999900693074,75.31669418006983,19.1957729798393,19.27968893143193,3.6565517367254774,3.8978673129915933,2.3097740700750586,5.449743937324191,-13.9528879
25.223999624955468,75.3621501950923,19.244960699352,19.282591514581224,3.650744471906424,3.8992265477335617,2.365649166357646,5.49669905778558,-13.9528879
25.247999271959998,75.48588013961864,19.3525008716539,19.290468829424633,3.6349388296271146,3.886218514937244,0.41611152977017746,4.218971897260644,-5.40991727
25.27199950895738,75.5548520536021,19.426714466228,19.294845077524922,3.6261291390044597,3.87928749590941,0.2298860318427205,4.101990043381185,-5.40991727
25.295998925925232,75.69600999926261,19.5297850464831,19.30376831631059,3.6081014412644397,3.861646234918358,0.23005643006395018,4.0851783894742555,0.0776189452
25.3199992129812,75.85400533957045,19.594990285226302,19.313703042189164,3.5879269293437637,3.8367141885556597,0.23400670305234017,4.067377573055051,0.0776189452
25.34399882995058,76.00572014259362,19.593515799003402,19.32319028879974,3.5685579060731407,3.8195019982583585,0.2335103405470936,4.050308378133882,-0.0920420404
25.368000078946352,76.01424190371958,19.5528396033924,19.32372165653197,3.5674700581088574,3.8226682989966583,0.2296754704259677,4.049350311234317,-0.0920420404
25.391999866929837,76.0402296357405,19.5220526120481,19.3253410982491,3.5641526537631036,3.8231160319642528,0.226079267593277,4.0464290801628575,0.0812435655
25.415998971904628,76.13428427129601,19.5096175756835,19.33118954585799,3.5521471732160803,3.813605624366971,0.22476341845055753,4.035862435975571,0.0812435655
25.43999971996527,76.19946211140537,19.4617940236134,19.335230789686317,3.5438284135584937,3.8066199655125046,0.2947058793704737,4.076140042584889,-2.01325114
25.46399937698152,76.2885425812182,19.4438373120009,19.34073871334462,3.532459954068968,3.799221447707364,0.45185523023741897,4.161447073690244,-2.01325114
25.48801457299851,76.41216179444969,19.4517349909194,19.348352805025648,3.516685636232662,3.7809289651977918,1.2556883908842664,4.641846300730314,-6.36648033
25.511999842943624,76.49342647315649,19.409934974209698,19.35333953968942,3.5063171853349906,3.777933208138027,1.8999133580159426,5.087699245523894,-7.14836399
25.535998897976242,76.61869593348911,19.413676466067802,19.360997675558984,3.490336175610751,3.7623623834411886,1.9048322293350304,5.0875199971614045,-7.14836399
25.559999586897902,76.64396099928959,19.3595636180234,19.362537962720108,3.4871133207341387,3.766899948272676,1.2025441317744092,4.5991072231071755,-10.544736
25.583999152993783,76.79404177228857,19.3526986608312,19.37165825024657,3.4679707501389476,3.748764021589281,1.1987537352102993,4.584785745829256,-10.544736
25.607999059953727,76.87154575645589,19.342126749688703,19.376348400668196,3.4580865707868598,3.7452807771801306,1.0689406012465443,3.5430551651187145,-15.8250718
25.63199959800113,76.99848808290669,19.358675655665103,19.384001323411198,3.441899423214663,3.724292917007441,1.0923671896414158,3.521844497845593,-15.8250718
25.656000085989945,77.06315776059428,19.322776480393998,19.387886200843706,3.4336539589155635,3.7195531418130017,1.9010219282171175,3.4344384798713454,-18.0145809
25.67999964300543,77.14731742512754,19.3421767170686,19.392927906966065,3.4229244469918068,3.7049989934640095,1.9146796263120545,3.424183664085111,-18.0145809
25.703999268938787,77.27405750017294,19.3713228743353,19.400490611625617,3.4067683892815688,3.6838006090748605,3.553140058194675,3.826720035229228,-19.3361837
25.7280000889441,77.28862725620192,19.329419697629298,19.401357704892803,3.404911281345223,3.675515944072743,3.5898499167653646,3.852663347298454,-19.3361837
25.75199995492585,77.33525411968037,19.329170112535902,19.404129435147755,3.3989682883089607,3.6679977935449766,4.399535990831458,4.296300354850003,-19.6108529
25.775999040924944,77.40485159290763,19.342414445081598,19.40825762292685,3.39009810935917,3.6532727703931354,4.425626214179269,4.317553521603105,-19.6108529
25.79999967897311,77.46304286950236,19.3631991839051,19.41170095059576,3.3826822127344305,3.634509675750388,4.619676276431421,4.450468867444978,-19.0942139
25.823999886983074,77.40880458710559,19.325367571206698,19.408491771053026,3.3895943234421755,3.6376949417683955,4.641843062415092,4.486527757168904,-19.0942139
25.847999773919582,77.49598485118908,19.3544778904145,19.413646862164782,3.3784843148847337,3.6219164204146153,4.384781416603945,4.3277242464180645,-17.8123141
25.87199943093583,77.56072245154135,19.3712278173617,19.417463912201775,3.3702350852490506,3.6057722375980084,4.336080525409419,4.305813065464229,-17.8123141
25.896000068983994,77.54862868399007,19.3633077539358,19.416751551461925,3.371776092730721,3.603645885252823,4.080596667856192,4.16863995122818,-12.2053347
25.919999434961937,77.62288897155821,19.4098860959622,19.42112056367362,3.3623140781634566,3.58928404220739,4.136792482994181,4.2047385739374725,-12.2053347
25.94399968290236,77.697223476109,19.4665059947568,19.425481618523914,3.3528434490687533,3.5719410475069493,4.058208932157983,4.162176224406971,-7.79314073
25.967999389977194,77.68867287047058,19.473315670884,19.424980599342287,3.353932800863963,3.568782472740389,4.0568623839366005,4.175373253999722,-7.79314073
25.991998835932463,77.72969433475548,19.505286200254602,19.42738274903283,3.348706745677979,3.559782582244333,3.621080728910245,3.9380065342218833,-1.67139651
26.015999433933757,77.75062837154125,19.5346782268748,19.42860716506234,3.3460398888460503,3.5524472711876665,3.6009277119595415,3.9357399978218823,-1.67139651
26.039998809923418,77.85545997992256,19.620274715457903,19.434723980376184,3.332686046692937,3.530821905586921,3.5883274533121425,3.9243982507636836,-0.0753080555
26.063999719917774,77.99145854438935,19.6713252043667,19.442622825730755,3.3153645432938865,3.5031710412885326,3.574148426648995,3.909705576235665,-0.0753080555
26.08804052392952,78.10775662469338,19.676140446211,19.449344740433574,3.3005544427340685,3.4802977741871994,3.5594678212728335,3.8971602559569862,-0.383049186
26.11199891299475,78.22516918304339,19.6998653889589,19.456100476803254,3.285604518739532,3.453351406409998,3.5441601880744145,3.884512644784671,0.0494195634
26.13600007200148,78.33757033963349,19.6965223656332,19.462539069844894,3.271294667062643,3.430121658868147,3.5300729091430005,3.8724218793010152,0.0494195634
26.159999877912924,78.4408975768112,19.6679612043574,19.46843304413756,3.2581417310856624,3.411620930212314,3.5115690480731785,3.8613219834758854,-0.0658037295
26.183999404893257,78.46092654776943,19.5830539044713,19.469572779807606,3.2555923532056457,3.4116173811081354,3.492186430173808,3.859172028161414,-0.0658037295
26.207999142003246,78.51623073101167,19.575010242846798,19.472715186116144,3.2485533070267767,3.3962891847919785,3.478259195543308,3.85323834669408,0.0243333452
26.23200017097406,78.61470789083451,19.55588129357,19.478293824704547,3.2360204231438954,3.374744222702386,3.461340393565825,3.8426827660617957,0.0243333452
26.255998943932354,78.70398991394633,19.513930945801597,19.48333289116092,3.2246590652188356,3.36139428544383,3.447727896111347,3.833124157361419,-0.0660904375
26.279998849960975,78.79416798179328,19.4940571734231,19.488404502787816,3.213184929121587,3.339658780489532,3.427074538036467,3.823480661456986,-0.0660904375
26.303999256924726,78.94161608705731,19.494400207746903,19.496657955569997,3.194426530162935,3.3144918489551145,3.8742809485794196,4.075430571424762,-3.09789071
26.32799945399165,79.00053607143843,19.4805651708703,19.499942479058117,3.1869316470822926,3.29940120516867,3.892383303744726,4.092534257864346,-3.09789071
26.3519993199734,79.12549980340219,19.440958479114702,19.50688305834429,3.171037480547333,3.274301442202622,3.3951043009386583,3.797910471492023,-7.86783737
26.375999245909043,79.16975388135369,19.413931195291298,19.509332625874457,3.1654093724182943,3.2652262577852476,3.360185370925677,3.781081499886399,-7.86783737
26.39999934192747,79.2106553623615,19.3608128055363,19.51159274201103,3.16020790728406,3.258941096556153,0.4321844162859712,3.5745188415707605,-15.1690114
26.42399946891237,79.23718944050803,19.315706341735897,19.513056958709505,3.156833691485951,3.25632320911513,0.6152108427524875,3.6637250996883615,-15.1690114
26.447998953983188,79.26661074390172,19.2799068127817,19.51467866726068,3.1530924479591826,3.2570712971160862,2.198472182607105,4.678956783536063,-23.5342211
26.47200006293133,79.34209714376593,19.241114996822898,19.518830679747154,3.1434941316135743,3.2523716670548577,2.34573303880734,4.789723623345216,-23.5342211
26.495999176986516,79.37302544205156,19.2152014781336,19.52052817995133,3.1395617628615584,3.256756859783694,2.2532066631590366,4.722719036109443,-31.9314392
26.519999423995614,79.4581322718175,19.2285515257027,19.525188280158186,3.1287416466224145,3.248659962753933,2.2519085069530305,4.71961681579674,-31.9314392
26.543998948996887,79.487750966378,19.2165568721155,19.526806296972843,3.1249763164942124,3.252542307292737,1.9881014404789645,4.5295138530904095,-36.3283227
26.567999705905095,79.55916896012647,19.2104738912711,19.530699706720018,3.1158977342538994,3.247081219114248,1.9325724508116813,4.4855639661192175,-36.3283227
26.591999411932193,79.69271098718258,19.257469048662898,19.537949407696374,3.0989241319260112,3.232807788384477,2.219645133188077,4.692966245640772,-35.4568193
26.615999528905377,79.8311741988298,19.327726111949598,19.545424375092082,3.081327956728027,3.2189208298738854,2.2870850960864826,4.743588543040206,-35.4568193
26.639999664970674,79.88365828926683,19.3755537757072,19.548246594650287,3.0746589550861763,3.217880310167175,1.852029029082303,4.424136388020476,-29.1565057
26.663999200914986,79.92306232084611,19.436523528796602,19.55036143562266,3.0696522803515034,3.2187704454925217,1.3609232970145149,4.084507071113838,-29.1565057
26.688047477975488,79.95503517670475,19.461228591433898,19.552074902718356,3.06558998809796,3.225409969270272,0.8569660012808056,3.767870139933249,-22.4169157
26.7119997239206,80.00083952807753,19.5119345614637,19.55452565650297,3.0597706206878197,3.2250167793299114,0.6744190751716251,3.1352441496581247,-19.5682284
26.736000040895306,80.04501357344027,19.5744158925654,19.556884761794745,3.0541586904752784,3.2207224703158155,0.6839974398159452,3.1272327703552167,-19.5682284
26.75999959593173,80.12441022993,19.649752321462902,19.561114015469677,3.0440727966636802,3.2122949639107916,1.182637618455905,3.0484958866357315,-9.2430578
26.784000073908828,80.1742607097169,19.7070507142219,19.563762258605294,3.03774070670118,3.2096072146429524,1.1851099599897843,3.041980264201716,-9.2430578
26.80800014990382,80.20335322835251,19.7388373904983,19.565305208646933,3.034045506216645,3.203575823334964,1.1784445700716888,3.03832020914219,-0.0216048146
26.831999744987115,80.29935351263222,19.742093238265202,19.570383329494167,3.0218529201215936,3.1870953201302825,1.1772137421361888,3.026144878423072,-0.0216048146
26.85599949094467,80.38549739195659,19.7334183021626,19.57492263877327,3.0109133789018427,3.1744760155027993,1.1745938467813295,3.0152209378062858,-0.0338476256
26.879999055992812,80.47757348611609,19.759634241316203,19.57975630839381,2.999221778920671,3.1566236057132295,1.171547882821277,3.0035461363424987,-0.0338476256
26.903999032918364,80.61413765721845,19.7489615906814,19.586890753579436,2.98188363229033,3.136458845478726,1.1672808827744434,2.986233142973394,-0.0220581113
26.927999729989097,80.70873490820522,19.7408418752441,19.591808452949138,2.9698753051177573,3.1219836617808805,1.1647941714590622,2.9742424084537524,-0.0220581113
26.951999445911497,80.84244888119787,19.7380561588192,19.59872575346756,2.9529038305986934,3.0992197694525387,2.362120995387634,3.1340367154524276,-1.33943075
26.97599924192764,80.9144312390357,19.7130623258322,19.602433107057752,2.943768723426828,3.0867159646070434,2.3517073155737926,3.1254320399163515,-1.33943075
26.999999868916348,81.02552371402078,19.6825126027006,19.60813219185367,2.9296718423386805,3.0695227145222033,2.791443261741555,3.292399186198298,-5.66903349
27.02399911393877,81.11204154728418,19.652235578988,19.61255160779367,2.918694659672097,3.0546432459852197,2.8598397490310425,3.3201837098407596,-5.66903349
27.047999009955674,81.23082424267203,19.668087975835203,19.618592075533517,2.903625703488349,3.02984037436714,1.5911279529789388,2.9213337112223994,-9.23573667
27.071999957901426,81.23598228835003,19.6077856692662,19.618853668569827,2.9029713961486183,3.0336295984166615,1.4443452758953643,2.9085119849318564,-9.23573667
27.095998951932415,81.3389379674926,19.5701984065084,19.624062767840154,2.8899121600873583,3.019111576736052,1.0034691551744475,2.901270535460295,-14.4132913
27.11999914899934,81.40014447629245,19.5499499899185,19.627148394924774,2.882149317225558,3.0106475152213057,0.9472280821002198,2.8989032370508494,-14.4132913
27.143998944899067,81.46380394536831,19.5121104997197,19.630348864205082,2.8740759911180516,3.0037628270091163,1.5529101783534456,2.890156384882584,-19.0419483
27.167999962926842,81.57585762983685,19.5377681363812,19.635960500616648,2.8598668391449493,2.982662848227248,1.6491274679038905,2.8891501752212365,-19.0419483
27.191999647999182,81.63360530459818,19.5056771041373,19.63884162043796,2.8525448241154985,2.974526449273698,1.3961036161032134,2.8576164902797436,-22.0352708
27.215998852974735,81.69386981943643,19.4761677077621,19.64184042079021,2.8449042524837247,2.9669676156876963,1.2040144274203841,2.844945126576206,-22.0352708
27.23999929893762,81.74429839448341,19.504649476513002,19.644343587491235,2.8385111609865143,2.9610497061362837,1.0452197589168275,2.8436258316356957,-24.1728744
27.2639988939045,81.75245837114875,19.4915919703256,19.644748101088915,2.837476716296198,2.9626668303159507,0.7801220649021837,2.870391572357815,-24.1728744
27.288068480906077,81.80161545845178,19.4668912291616,19.647181835230665,2.8312452683269993,2.9628970215726613,0.6178001765385545,2.8923001827233,-25.2312542
27.31199963495601,81.82856150709917,19.4953699850697,19.64851364182182,2.827829587362019,2.960866852671868,0.6671530421377382,2.8785904186949836,-24.6727996
27.33599906996824,81.90676895104185,19.5039576757213,19.652369920450454,2.8179166629445755,2.951640091875312,0.6674523266420248,2.867512229071737,-24.6727996
27.360000126995146,81.95045045187898,19.5369440485999,19.654517879036167,2.812380381066506,2.944792587221491,0.11799246403776488,3.043568396321702,-21.6715334
27.383999249897897,82.00662119470945,19.5533079077574,19.657273755195494,2.80526163157376,2.9425051610800566,0.11111605548259618,3.0381181385459697,-21.6715334
27.40799940598663,82.01911213340215,19.6144609349685,19.657885640879606,2.8036786714347706,2.9412551721396345,0.5687280390595464,2.87145494562742,-16.4809919
27.4320001329761,82.05574783703705,19.6533841050605,19.659678295685463,2.7990360197999107,2.9398407992562,0.5767393337674206,2.864194400392426,-16.4809919
27.455999315949157,82.14313158764695,19.7113052776451,19.663942136317825,2.787963192031556,2.9290374627963427,2.172900096452587,2.962282488621318,-8.80098214
27.480000152951106,82.18988743175575,19.764665132498997,19.66621660970618,2.7820390249488347,2.917175796683818,2.1973008391498956,2.969857821891754,-8.80098214
27.503999957931228,82.2882720823448,19.840407605708,19.670986779997982,2.7695743987992523,2.900083331127907,2.1924849971015283,2.9593133094084947,0.00146071144
27.527999301906675,82.42096026430687,19.8579323092112,19.677386178539354,2.752766197889846,2.876951447846397,2.186782136172207,2.9435904791896457,0.00146071144
27.551999857998453,82.52094254315601,19.8582300127267,19.682182435403032,2.7401028484329113,2.85650980873966,2.1799071697518086,2.93175279904176,-0.0529211593
27.575998800923117,82.60250234121064,19.864983886818298,19.686078544162164,2.7297739938460905,2.8425337471778778,2.1726442536083272,2.9221025229812034,-0.0529211593
27.599999587982893,82.72621519263953,19.8398003163179,19.69196017578284,2.7141088362334536,2.823843394964739,2.162691965247749,2.9074754160730087,-0.0459118651
27.623999261995777,82.84269506524178,19.8576095916259,19.697466949924653,2.6993617859129015,2.805686188485536,2.157757412073808,2.8937154995558303,-0.0459118651
27.64799901691731,82.83052132623658,19.7910147190033,19.696892822779677,2.7009029529785256,2.8067808206648857,2.143564130220717,2.895153050000842,-0.00850918617
27.672000083955936,82.89219398850851,19.7384560703741,19.69979799451522,2.693095580891307,2.7971851239819707,2.130480977014004,2.8878716873370243,-0.00850918617
27.695999307907186,82.97327126434024,19.709183244427603,19.703604432383802,2.682832630472527,2.7808805339620912,3.8753039761817814,3.8771518114943024,-3.0162082
27.719998861895874,83.15112778766303,19.7415863010058,19.71190350983434,2.660322817445517,2.7481299078339223,4.254174100110781,4.155542586952184,-3.0162082
27.743999397964217,83.22537530006436,19.6925798264891,19.715347303969384,2.650927427713599,2.733403346983091,3.4350755154933243,3.570982970875818,-5.50788343
27.767999753938057,83.30208183454033,19.6682221564905,19.71889234052836,2.6412217966697775,2.719333057787616,3.1197373296632804,3.3699119982283188,-5.50788343
27.791998847969808,83.36766590091884,19.6055271966775,19.721913020173947,2.6329242322567885,2.7083394398470744,1.6348912084865868,2.7049962312244844,-9.04566827
27.815999563899823,83.52961781681543,19.6474099261286,19.729331455481137,2.612437355286891,2.6774006525696836,0.9394145134085721,2.613491713997552,-9.04566827
27.839999619987793,83.56001539464235,19.5688398906597,19.730717391533872,2.608592538366824,2.678682052886381,0.7296307092457632,2.6234717760076625,-14.355309
27.863999455003068,83.61716849265102,19.5737429006878,19.733317674603775,2.6013639694324735,2.6708206376020094,0.3214086198114226,2.695561699874073,-14.355309
27.888093667919748,83.65483279780602,19.547387064277203,19.735027330283113,2.5966005770114022,2.6652538302754283,0.15399686775024227,2.751359543060639,-19.3470488
27.9119992449414,83.74504553550376,19.5374759456312,19.739109503499357,2.5851923283885365,2.6554526023862803,0.564388396558657,2.623536129451717,-19.6210435
27.935999349923804,83.81017225767307,19.501700639388698,19.742045334727518,2.5769572555717866,2.6499906871287306,0.5626580342235568,2.6139487962572665,-19.6210435
27.95999878400471,83.86608101504287,19.5017107114864,19.744558149741646,2.569888310282154,2.6403527710817856,1.4370988036406034,2.609029233365938,-23.8696829
27.98399937094655,83.99385747114619,19.5077470666794,19.75027510602724,2.553734505613023,2.623359046701749,1.4432309933049718,2.5956065475057732,-23.8696829
28.008000026922673,84.04499846432667,19.4997909618223,19.75255313484184,2.547269876189718,2.6181023678348527,1.9380815144963774,2.7251813534254103,-25.2974174
28.031998879974708,84.05369648799137,19.494371826749802,19.7529400050772,2.546170418572618,2.61606697697551,1.941238701023621,2.7306762677982364,-25.2974174
28.056000067968853,84.11059141384166,19.5090548267118,19.75546644997811,2.5389790214097787,2.6085641351563527,2.505183050707389,2.9817150748994585,-23.9720771
28.080000182962976,84.16552285578672,19.5142629674841,19.757898916734465,2.532036299807601,2.6023154595075297,2.5118205203921278,2.986147585186877,-23.9720771
28.103999686893076,84.20713578838249,19.5546504224763,19.759737175406222,2.5267772133726316,2.593003664225898,1.7472568952336036,2.6592773529920533,-20.9817379
28.127999350894243,84.28751920023478,19.598717363283402,19.763277290901474,2.516619064328215,2.5823098698652145,1.7229417123238417,2.6440232685532026,-20.9817379
28.15200008789543,84.33158175147041,19.6040517696844,19.765211763561233,2.5110512692145073,2.5792705904624262,2.318558945468902,2.8838677517219966,-15.5450449
28.175998870981857,84.33306522502285,19.6369218618196,19.765276817665775,2.5108638212329204,2.5784859249637258,2.3347733072964267,2.8986805601820906,-15.5450449
28.19999946700409,84.38353471207242,19.6988827790473,19.76748713683833,2.504486835842433,2.569521955007768,0.9135614831287892,2.504768402630023,-8.23840496
28.224000104004517,84.38951218946815,19.7402909940803,19.767748548656588,2.5037315892168652,2.5751395546166043,0.8391892351121601,2.503953930657683,-8.23840496
28.24799990700558,84.45204014026639,19.781947165017698,19.770478339093966,2.495831608882955,2.5692843136862575,2.5997543814814503,3.0389212204983025,-0.0843275205
28.27200016193092,84.5578499743771,19.8222976903616,19.77507801749481,2.48246469830494,2.5412648313954445,2.5843515857228376,3.0279560882244483,-0.0843275205
28.296000115922652,84.66399594460256,19.8329675144746,19.779667460370092,2.469057144878992,2.522617355829019,2.575560636976366,3.0169770565983285,-0.0113584381
28.31999895791523,84.804370549995,19.859488866875797,19.785698637366394,2.4513288937740114,2.4944787791134915,2.5691374592365843,3.002490194730946,-0.0113584381
28.343999051954597,84.93716318284366,19.8621883350483,19.791364007497364,2.434561130516272,2.474627720125333,2.559418622529632,2.9888203275362613,-0.141345293
28.36800002795644,85.10006676828476,19.9109346862428,19.798260839929487,2.4139951602346774,2.441951451983626,2.549972307468356,2.9720972642932897,-0.141345293
28.39199924096465,85.10992446612934,19.8406786545234,19.798676304758313,2.412750801038829,2.441138700902268,1.6529536686006183,3.4378862310819978,-3.97322954
28.415999946999364,85.22123750241576,19.820504871583,19.803352846327936,2.398700605066895,2.42746978447517,2.7070768364199456,4.244847106882032,-3.97322954
28.439999058959074,85.28928905372004,19.8022180027944,19.806198395896896,2.390111969781285,2.4185003009646744,3.457476721429296,4.882251906041254,-13.9626319
28.463999122963287,85.36802034862158,19.803195055199,19.8094777654248,2.3801764087906965,2.409851305728925,3.9949070996391307,5.364764115572652,-13.9626319
28.48810765298549,85.35969844344415,19.7066235935054,19.809131782147325,2.381226550778539,2.425891556113119,3.900602984921562,5.291370831602004,-19.0820488
28.511998911970295,85.53968849532387,19.7365906784059,19.816580788197854,2.358516108111232,2.403947835377128,2.8301728824837507,4.362739460803078,-20.7698663
28.53599961695727,85.57096462057783,19.712286035702398,19.81786788349988,2.3545703475391315,2.4034649934704033,2.825272013498586,4.363292564476728,-20.7698663
28.55999910994433,85.73034034996033,19.7489448494899,19.824393110172934,2.3344661665580473,2.384882548277867,2.39519501275945,4.007155950185126,-25.8832159
28.583999604918063,85.78487291477276,19.7185461766534,19.826612943307897,2.3275882016646,2.389122866309585,2.3932310222997226,4.0086581480715475,-25.8832159
28.60799925797619,85.8416697924349,19.735667302326398,19.828917977960266,2.320425165386481,2.3856792159375027,2.2084989382923164,3.865723794246306,-26.877359
28.632000204990618,85.91960005293555,19.732708120320503,19.832069112435725,2.3105977148525723,2.383370168967757,2.2093689288675993,3.867306882000641,-26.877359
28.655998925911263,85.96086816132444,19.747019258983,19.83373237931741,2.3053939734539055,2.3844559947194903,1.1786642249016082,3.104241615187544,-24.9207
28.67999972193502,86.05343170381843,19.7792042963217,19.83744940069931,2.2937230998167375,2.3751830379221963,1.1651012825668303,3.0905226635777505,-24.9207
28.703999665915035,86.07803727961814,19.7902730431491,19.83843429559094,2.2906209421209596,2.378766607079314,0.373677558692587,2.6223107715961023,-21.5961534
28.72799958998803,86.08857017994451,19.826457508098898,19.8388554913581,2.2892930328767918,2.3811160261967204,0.35563485473628936,2.612404437852901,-21.5961534
28.751999062951654,86.14937538131664,19.8688415547463,19.841282225445884,2.2816275236994006,2.37697386539539,0.4417728976460798,2.332566846347298,-15.5340243
28.77599923789967,86.20747220826746,19.9171739922043,19.84359325702872,2.274304016657746,2.3720807693253634,0.45991870650352684,2.320445463698997,-15.5340243
28.79999962297734,86.21666508479959,19.943478241071798,19.843958258590597,2.2731452416973523,2.3776288733718824,0.8932429329414947,2.273223996903856,-6.74822778
28.823999726912007,86.27214926399037,20.0042708628938,19.846157294727192,2.266151677645105,2.37010199268561,0.9442658559219258,2.26645653951212,-6.74822778
28.847999471006915,86.30333562971441,20.0391644487841,19.84739034404868,2.262220979894606,2.3699009550030885,0.9370650885104822,2.2625232220631717,0.0197486478
28.871999986004084,86.36122459096332,20.0595973162924,19.8496734827252,2.254925137569391,2.3581362082174535,0.9431106240379152,2.255228358530904,0.0197486478
28.89599965896923,86.47375812441531,20.0815836894669,19.85409067726241,2.2407439240703058,2.341676850151567,0.941598823329261,2.241049065772007,0.00754003136
28.91999900189694,86.55317181646046,20.0651514539643,19.85719105558883,2.230737648743259,2.328339359366813,0.9387721532357169,2.2310441604050677,0.00754003136
28.943998775910586,86.66100482344905,20.057796433172,19.86137871409603,2.2171521470418205,2.311708185760966,0.9333537486629443,2.2174605384733015,-0.0274783828
28.96799880999606,86.80371395137294,20.0688046235421,19.866881409465652,2.1991756693058875,2.287360748058234,0.930685140436343,2.199486583740648,-0.0274783828
28.991999425925314,86.83364418674344,20.006879018832702,19.868029795795213,2.1954059072884498,2.287329447362849,0.9254534914568932,2.1957173560470253,-0.00136515963
29.01599908899516,86.99565321822963,20.045510300017,19.874211657200547,2.1750031697230345,2.256805394463276,0.9233432306016468,2.1753175424721465,-0.00136515963
29.03999955393374,87.12273575600209,20.0193171367833,19.87902038039639,2.1590019605974073,2.237657216389417,0.9194431756451268,2.1593186651768757,-0.02317221
29.063999056932516,87.11424146925474,19.9319070798489,19.878700070325078,2.1600714095320384,2.247297447864841,0.9122608632042644,2.1603879571862517,-0.02317221
29.088121062959544,87.27325345566844,19.9296356957155,19.884669902948403,2.140053437540947,2.220621950879086,0.7096131968136083,2.14648757185619,-3.23304253
29.11199918598868,87.35738608577282,19.9232586081812,19.88780601526218,2.129463697583249,2.206249983471936,2.3106419865431227,2.574449960482208,-6.20937663
29.135999309946783,87.44203619690964,19.880697794834802,19.8909457026353,2.1188100052604457,2.190444089409334,2.3173428711966264,2.578128667247774,-6.20937663
29.159999233903363,87.56563646748297,19.872631726169402,19.895501751672857,2.103256348878053,2.171059201207821,1.921948266303909,2.362958104744393,-8.90659531
29.183999879984185,87.6820325983408,19.867127304592902,19.899761532446345,2.0886115659353455,2.151563458745677,1.919694284715332,2.3508362859770116,-8.90659531
29.207999212900177,87.75216449747116,19.838531878557,19.902313787046026,2.079788763341962,2.1402507511192344,2.0002617592129504,2.3864509192215473,-13.7965704
29.231999045005068,87.82139068797541,19.7975464428784,19.904822476331333,2.071080702700171,2.130461822685608,2.003764485127281,2.38650591475605,-13.7965704
29.25599938898813,87.8582807332144,19.7690767839984,19.906155032679877,2.0664405768297236,2.1277054104969135,1.2052187617874375,2.10325168571091,-18.9330331
29.279999722959474,87.89790347841347,19.7656792324321,19.90758296869851,2.0614569768049313,2.1189443637680636,1.1900379241490808,2.0971254456025417,-18.9330331
29.303999475901946,87.97931159137119,19.7240064795738,19.910505949868607,2.0512185894132693,2.1112111916912855,0.13556426716027373,2.2372098890677536,-23.8202815
29.327999227913097,88.031512433466,19.7372141996075,19.912372571622587,2.0446540690487445,2.106410894888648,0.15212406180473656,2.240603181170232,-23.8202815
29.351999882957898,88.07494230670619,19.719584397340903,19.91392099352377,2.039192888080658,2.10325043476878,0.8860130592740585,2.0409644220894867,-27.5561011
29.375999815994874,88.09606669144314,19.7069720180696,19.91467265100853,2.0365366713049893,2.099308185363727,0.9120647855876145,2.04021743786519,-27.5561011
29.399999086977914,88.13437543446824,19.7099855822107,19.916033268708325,2.0317198530934895,2.0972414510218913,1.2254810303305161,2.079592464187181,-28.6964566
29.42399935098365,88.21760547463442,19.7355017244696,19.918978250267475,2.0212556179726784,2.088579139673683,1.2540241318359058,2.077232330302202,-28.6964566
29.44800003489945,88.27158604619765,19.7577699252437,19.920880143013427,2.014469438135882,2.084503293433115,1.013106763654784,2.029082800750294,-24.4913289
29.47200004896149,88.35027022039336,19.794053292767,19.923640950090896,2.004578509654843,2.0741435499621583,0.9667123026054009,2.0148894547648184,-24.4913289
29.49599898897577,88.38867125214732,19.834692209361,19.92498339653876,1.999751715053739,2.071558378111835,2.0844794446909436,2.401374539844846,-18.8731056
29.51999908289872,88.43174098946565,19.851615580085298,19.92648520092231,1.9943383831410024,2.066803896980054,2.2338339746182556,2.4904177560857343,-18.8731056
29.543998854933307,88.499089703924,19.9298725123904,19.928825425991196,1.9858741056970943,2.0537823203252845,3.9196578022071824,3.7555471047384312,-9.53877853
29.568000020924956,88.4804230013864,19.9409595213132,19.928177795494886,1.9882200307812332,2.0545333439949505,4.216794270531089,4.033936022447598,-9.53877853
29.591999201918952,88.56853747815317,20.032875624896597,19.931228157523844,1.9771468153035707,2.036633711262598,3.4641154802690735,3.4078443738913773,-0.0249053174
29.61599989689421,88.66153161597695,20.061847727975998,19.934428953540667,1.9654617875260034,2.0165348016840277,3.4491208653732905,3.4010836289070228,-0.0249053174
29.639999990002252,88.6999832163706,20.0729276067491,19.935746883367916,1.9606306365712167,2.0037461349303296,3.4373755170520064,3.398296213435935,-0.0479384025
29.66399986296892,88.82519713129464,20.0795218738661,19.94001609999889,1.9449001757749722,1.9787310074180686,3.4218650109574877,3.3892520486658797,-0.0479384025
29.688136554905213,88.85178879687896,20.0349989983093,19.94091832255114,1.9415598374382004,1.9789725971656462,3.408486068289038,3.3873378220822494,-0.390572859
29.712000169907697,89.01181669003749,20.0615723271713,19.94631510006151,1.9214602775619507,1.94294041894844,3.3928415129887703,3.37586630367611,-0.0314054931
29.735999982920475,89.05932304376066,19.997601619998,19.94790638542143,1.9154942892434468,1.9406332779268352,3.3764563868199846,3.3724768337629385,-0.0314054931
29.759998844005167,89.24234288470822,20.0389523738605,19.953990581426325,1.8925136569729066,1.9020574507792276,3.365327203041162,3.3594877690215337,-0.583417006
29.783999918960035,89.31041192823021,20.0043512593274,19.956234678634956,1.8839680972764858,1.890584879478595,3.3498907746599755,3.3546849604158493,-0.583417006
29.807999520911835,89.41680609478131,19.9794037049437,19.959721920374037,1.8706126649761772,1.871745926801004,0.25681646571145433,2.034495533860547,-5.70371522
29.83199917396996,89.46714507713119,19.939863864724202,19.961363210731296,1.8642943836592603,1.8684781314001286,0.300599766147565,2.047821416117771,-5.70371522
29.856000088970177,89.52099071373792,19.9195919684018,19.963112683777467,1.8575364377969,1.8618940180322692,0.24974267204994752,2.0200001079314003,-7.39304339
29.88000010198448,89.57526665824903,19.883352378481202,19.964869703886126,1.8507249797439589,1.8548041757561256,0.2588028444970265,2.018204016905129,-7.39304339
29.90399916295428,89.62768011262482,19.8374723160515,19.966560301187833,1.8441477291844204,1.8522599053556341,0.6139989396129606,1.8449147634499834,-14.1042171
29.927999666891992,89.78845910805408,19.8498690665309,19.971708660007597,1.8239748107453113,1.8262347993534966,0.6374336410902111,1.8255586217255722,-14.1042171
29.951999058946967,89.89863421380777,19.8472542470864,19.975203897739625,1.8101536731089336,1.8108964742224813,0.08658059952145404,1.8905470531699713,-16.9512315
29.975999322952703,89.9499326636792,19.804572008474597,19.976822232947352,1.8037191351132373,1.8086779904395647,0.08403619708568118,1.8924496687170211,-16.9512315
29.999999906984158,90.07976715299118,19.8299762135237,19.98089241384163,1.7874355426776265,1.7875849651012248,0.2434551798833774,1.950958000196215,-19.7491333
30.02399954991415,90.15851923733902,19.804097714740802,19.98334321763211,1.7775599958806994,1.7783588861209412,0.2631955331494624,1.9495226995316355,-19.7491333
30.04800011392217,90.16936797881397,19.8009068179886,19.983679771079622,1.776199641028664,1.7805326221304,0.9131594730214135,2.299702993342653,-21.1633957
30.07199890492484,90.23856074309916,19.819205000596,19.98582022724571,1.7675238301561138,1.7716595687149066,0.9793826912869238,2.336624947090237,-21.1633957
30.096000179997645,90.24379910142093,19.7799647774042,19.985981847169995,1.7668670458293145,1.780123446609424,0.550924818856542,2.0823623822217274,-21.907955
30.11999890091829,90.29801929516587,19.7815617965061,19.987651181034238,1.7600692015991557,1.7760511114326951,0.47071389198412933,2.033464475218182,-21.907955
30.143999474938028,90.35398929124315,19.7902604855739,19.989367634076924,1.7530524985274407,1.7729241292094333,0.6973903626545959,2.152741914698606,-20.8730204
30.16799991892185,90.44358262386442,19.8361082703785,19.99210094644991,1.7418216959866117,1.76435126047708,0.7784810163741038,2.1950602438790208,-20.8730204
30.191999160917476,90.448453573801,19.8566109522787,19.99224904553641,1.7412111462775832,1.7687636627528138,0.607110588898468,2.0964711823082416,-17.5247948
30.215999283944257,90.46959429832329,19.8389627275679,19.992891217891017,1.7385613066566143,1.776056624788915,0.46883509060825534,2.0196960791682588,-17.5247948
30.239998764940538,90.53655786971522,19.8944629776577,19.99491884972067,1.730168398999652,1.7681848135560843,0.5188922937979512,1.7308509163408667,-11.5007502
30.263999077957124,90.55347999051396,19.9301677384435,19.995429691192324,1.7280475782011986,1.7703526460635937,1.080803572073591,1.8043584787931,-11.5007502
30.288159353891388,90.62560219898813,19.991964679927698,19.997599871542356,1.7190091686168278,1.765339178525789,0.318959052776942,1.7362050473632011,-5.64977904
30.31200000399258,90.67973984679489,20.0342944416411,19.999221408857697,1.7122251779283768,1.7565149568179614,1.842763275940584,2.1430249845363494,-3.24149168
30.335999945993535,90.77668820236477,20.1272315450709,20.002109186620377,1.7000778197959725,1.74029655608998,1.8522274902033804,2.143393794985527,-3.24149168
30.359999376931228,90.92822750345954,20.199111153541,20.00658184592999,1.681093569046618,1.7100502215219409,1.8494405604625064,2.1283700489262296,0.0109939712
30.38400012999773,91.03338442208454,20.228818479888297,20.00965600300152,1.6679222178917599,1.6885461391927934,1.8454743116919152,2.117983861418826,0.0109939712
30.40799956198316,91.14655733027577,20.2143939761,20.01293747044386,1.6537489337589173,1.6683912230520348,1.8349086662820713,2.1068423759054067,0.0456765775
30.431999573949724,91.22575409670054,20.2176122595135,20.01521713088433,1.6438319723605652,1.656019853873143,1.8267346154640387,2.099068477825328,0.0456765775
30.45599929592572,91.34132433858379,20.2253056056306,20.018519177964937,1.629362270237545,1.6334581840079316,1.821815027947707,2.0877582538722574,-0.0249880273
30.479999968898483,91.31280335991188,20.1118760977013,20.01770699775123,1.6329329609470062,1.6465447824229427,1.804624924724652,2.0905456602702515,-0.0249880273
30.503998768981546,91.42230261207011,20.0940192156835,20.020815468083473,1.6192249327999324,1.6260166675774412,1.7961538640447798,2.079857735995178,0.0226163122
30.527999382000417,91.4737723446594,20.0524931345805,20.022267535466973,1.6127822304351378,1.6217668402698184,1.7898879173831377,2.0748467282926466,0.0226163122
30.55199946393259,91.58141703034326,20.0393150448512,20.02528569091283,1.5993093149339905,1.6023201111427865,1.7818900338983743,2.064393421415963,-0.473949208
30.575999225955456,91.71444279999555,20.029387365678698,20.028980491853375,1.5826624148898218,1.5797745133430432,1.7758310166740217,2.051526115194613,-0.473949208
30.599999758997,91.82021096684004,20.0162307196044,20.03189061002901,1.5694287036779129,1.562047652896781,2.914297743069355,2.9096878932984795,-3.59805687
30.623998969909735,91.86093822303567,19.9538555791593,20.03300466553608,1.564333420946432,1.5578458709290504,2.9969772144843385,2.9922957060407502,-3.59805687
30.647998760920018,91.95243607577628,19.9222446306568,20.03549428490462,1.5528873953961118,1.5439650859357892,3.250375459826666,3.992843465350281,-10.7010962
30.67199930397328,92.0530053816457,19.9392328028682,20.038209633989965,1.540308222154616,1.5256308325684422,3.829847504338807,4.52988883114448,-10.7010962
30.695999235962518,92.10502394953882,19.9093855719186,20.039605454098538,1.533802438881372,1.5219527943897455,3.6797316109045917,4.391999459108728,-19.2322674
30.719998818007298,92.14770161636842,19.846887269655202,20.040746214881718,1.5284652367697895,1.5229743515022096,3.6251351788038195,4.3505202670164165,-19.2322674
30.743999731959775,92.23640046781105,19.8246528445998,20.04310438191469,1.5173736978890855,1.5177952145782783,2.921932915621911,3.7072396794816043,-26.0149437
30.768000043928623,92.2914959062473,19.8238909896154,20.044560510320057,1.5104848506162432,1.5132713291400024,2.739482269340624,3.549309883061243,-26.0149437
30.791999254957773,92.38420413027718,19.8144964683697,20.04699575364223,1.4988942737337767,1.5050417368987299,2.553582886958042,3.383538218706771,-33.1453579
30.81599943700712,92.48209830545463,19.8187094348124,20.049546850767175,1.4866569428628802,1.4985589818494987,2.441040866719996,3.2888801357623167,-33.1453579
30.839999128947966,92.4691644532565,19.8018835458352,20.04921099741484,1.4882736537052452,1.5111841977406917,2.1967781354829756,3.0817386554205,-34.7488978
30.863998969900422,92.5477305540574,19.7920619021178,20.05124549507387,1.478453460522291,1.5054697803769264,2.0537052799087823,2.958673207424207,-34.7488978
30.888170707970858,92.67106270668424,19.844967290470898,20.054412049146567,1.4630399793120599,1.4899002770310947,2.013157732837572,2.9250617059586013,-33.5954655
30.9119992449414,92.72507968361191,19.8862090779767,20.055788481253078,1.4562900130830903,1.4919074480976702,1.8353763602710804,2.779306753378017,-31.8881518
30.935999146895483,92.80715031929496,19.9245356261764,20.057867575265714,1.4460354220288083,1.4871231340157807,1.8349884391958873,2.7802661635406705,-31.8881518
30.959999640006572,92.8118936245537,19.974251654367702,20.057987288056722,1.4454427893438753,1.4916332908902319,0.9209656104504587,2.057128690757021,-25.1892387
30.983998970943503,92.8831855318101,20.0457692995679,20.059780658230657,1.4365359840937906,1.4855432306120397,0.9137388078368042,2.047620231087938,-25.1892387
31.007999102934264,92.89080722824608,20.0850359843135,20.059971728240615,1.4355838246069368,1.4914622429587936,0.3525219228961843,1.4495773766666986,-16.009451
31.03199985693209,92.94032025830894,20.162936426063002,20.06120989551556,1.429398529690068,1.486243868852869,0.36711473280348234,1.4413001287976792,-16.009451
31.056000108947046,92.95250783221672,20.203542917318103,20.061513848655704,1.427876091565972,1.4876478523698646,1.8909897695398983,1.9635417191940239,-6.10433541
31.07999904989265,93.03343884264014,20.2784057683411,20.063524015154826,1.4177670637455593,1.476686035120722,1.91413747072799,1.976796476025818,-6.10433541
31.1039991119178,93.1233753511897,20.3450329591453,20.06574110032938,1.4065344940537963,1.4601855261647465,1.9091502398143647,1.970415175879366,-0.0111553168
31.127999644959345,93.18966665582926,20.3462303282092,20.067363997795148,1.3982559741126295,1.447165710426899,1.904082479682634,1.964515447236164,-0.0111553168
31.151999576948583,93.34889347164984,20.3650873838464,20.071222925070682,1.3783746874195035,1.4233684047426136,1.9014336614182765,1.950417552491766,-0.0426692299
31.17599903792143,93.44238168823576,20.377933965709897,20.073462894228225,1.3667036612298362,1.4019043416987411,1.8930912927887686,1.942188699440399,-0.0426692299
31.199999050004408,93.50118596849069,20.3570739465654,20.074862077999377,1.359363337715012,1.3964389757233162,1.8867830102756447,1.937031388677341,-0.0530178977
31.223999522975646,93.60990362755922,20.322423330636898,20.077429047104165,1.3457940884208683,1.3797844550349092,1.8745943415899557,1.927534888069166,-0.0530178977
31.247999363928102,93.67217679324945,20.283780575808898,20.078887796075982,1.3380225847162484,1.3684566378971879,1.8639436176771127,1.9221179691975545,0.0214589589
31.271999945980497,93.72688655207958,20.2624163213172,20.080162398611293,1.3311955269049787,1.359154581185237,1.856822783607668,1.9173727091100585,0.0214589589
31.295999976922758,93.83353110385032,20.2468770353595,20.08262820637078,1.317889184764816,1.341306787138865,2.731785457988468,2.6183077346107098,-3.09282355
31.319999747909606,93.95855225587613,20.2218302708537,20.08548736263465,1.3022924590708818,1.3191001595559182,2.920984813710418,2.789886212142041,-3.09282355
31.343999097007327,94.04864515839147,20.182020427637703,20.08752662330033,1.2910548120130623,1.3020460094409692,0.9317822858590832,1.3823071630612034,-6.0500532
31.36799932899885,94.13343485655804,20.1591574646757,20.08942969756783,1.2804799452096274,1.2915015650497867,0.2643453035997697,1.292509567595759,-6.0500532
31.39199902897235,94.19485317510747,20.1540001487149,20.090798431751853,1.2728207100147904,1.2830122458971014,1.1688438142367352,2.0452797792451243,-11.1409875
31.415999781922437,94.25486227552838,20.095463732001598,20.092127827392755,1.2653378476213524,1.280507402022163,1.6134256770075317,2.408797871452531,-11.1409875
31.439999421942048,94.2837649583162,20.0582985193213,20.0927653176206,1.2617340382387041,1.2773463305804553,1.160711279940538,2.037120289474125,-15.6800414
31.463999472907744,94.40231513454737,20.0698805595549,20.095361083529937,1.2469538121460668,1.2612635179597202,0.8810109601056498,1.8163722907580926,-15.6800414
31.4881883719936,94.48643589179441,20.0310031416602,20.09718442883812,1.2364675561781415,1.2531764848655023,0.42518361458277504,1.5092555605403768,-19.1445389
31.511998934904113,94.51254609707146,19.994702668317,20.097747243863793,1.2332129829626546,1.2532255018136804,1.5072843974820098,1.6278932375700934,-20.3145611
31.535999807994813,94.64534018855475,20.0171729774002,20.100586706763888,1.2166623671846113,1.2349978346104855,1.5191074503394697,1.6245284392072825,-20.3145611
31.55999904696364,94.76230168352863,20.019709530053902,20.10305584662008,1.2020875789359382,1.2183985398338715,1.4770685686120477,1.5867372132502167,-21.9496992
31.58400009991601,94.82829421432874,20.036515024704602,20.10443586121122,1.1938651834928449,1.2089021091392074,1.475915697314153,1.581217889878903,-21.9496992
31.607999349944293,94.83486010922454,20.0109543818853,20.104572646874864,1.1930471419227957,1.2097927439942553,2.04347811504599,2.0112745058385033,-21.6371986
31.63199964200612,94.88831457904105,20.017067311676602,20.10568276092101,1.1863875569847369,1.1997001800955123,2.045469882499625,2.020854803111098,-21.6371986
31.655999121954665,94.96073964285775,20.0501157004639,20.10717693056026,1.17736533300151,1.1878890675673537,3.1045436405815794,2.952073609511067,-20.9948838
31.67999897291884,95.07137953985284,20.0840903897993,20.109437467288622,1.1635843380663689,1.1686969199964692,3.121504325773886,2.9760848292924633,-20.9948838
31.70399881293997,95.06279278732958,20.0907204831461,20.109262980124804,1.1646538030612603,1.1728628263585525,2.4434659449653546,2.3820025637779976,-17.880142
31.727999666007236,95.08941562904673,20.0951705429137,20.1098034476603,1.1613380168214034,1.1704617964540573,2.423355682125324,2.3737886389910527,-17.880142
31.7519995769253,95.17296942346708,20.125557740305297,20.111489655477637,1.1509324772232241,1.1579482631153104,1.532478549215704,1.655437051143708,-13.6156667
31.775999296922237,95.1456974483607,20.142865076820502,20.110940945710635,1.1543287128126558,1.1659477879032094,1.4968752440347501,1.6388258138020275,-13.6156667
31.800000029965304,95.19332521070442,20.172168872384997,20.111898158135446,1.148397613885407,1.1640577860554833,1.9415093490973065,1.9831499119603562,-9.11141061
31.823999820975587,95.2302644690243,20.2188386832926,20.112637159279714,1.1437978314813326,1.1593857185937142,1.9882494354774465,2.026210834897066,-9.11141061
31.84799982199911,95.25713227047542,20.2558977003631,20.11317280876346,1.1404523262107529,1.1549027942689656,2.820970974029143,2.7685533644038856,-2.20630466
31.871998750953935,95.36579122903707,20.329928559409403,20.11532307917383,1.126923702141009,1.1334251896867478,2.827112697711223,2.7821046432169627,-2.20630466
31.895999101921916,95.52144468311462,20.474838485281,20.118358618301546,1.1075476249442626,1.100962247786798,2.829337727742412,2.780003528075551,-0.131796251
31.919999623904005,95.65457123491926,20.5030225681135,20.120913065918856,1.0909791252895347,1.077190582410626,2.819031907233504,2.7734486441727197,-0.131796251
31.94399978592992,95.7493946392815,20.4947819037015,20.122709065748257,1.0791796135564582,1.059801635017738,2.8067590022927753,2.768831428374073,0.0357984499
31.967999575892463,95.86189828024007,20.510327230504203,20.1248146014803,1.0651820857837477,1.039649592793941,2.7947495261575135,2.7634094047553357,0.0357984499
31.991999587975442,95.9624097272302,20.493681628498102,20.1266724472479,1.0526784951170132,1.021039304216161,2.781998344697299,2.7586170745610707,-0.204452614
32.01599874696694,95.98372180375081,20.444871270257103,20.127063558614697,1.0500275088163695,1.0200751941938975,2.767977735134927,2.7576072237345275,-0.204452614
32.039998927968554,96.0323935624162,20.4012318633956,20.12795306617696,1.0439735815374194,1.0142957971431976,2.754611305864723,2.755309246113005,0.0991305198
32.06399973097723,96.1160012039311,20.3477088126768,20.129469041465804,1.0335752089996162,1.0052208894925936,2.7395573382709424,2.7513887732892086,0.0991305198
32.08819813793525,96.17085918857681,20.3103622045015,20.130455480935364,1.0267531329068649,0.9944668510931501,2.726189138561151,2.748834979990094,-0.174441214
32.111999151995406,96.2416029672498,20.2692938321068,20.131717928331074,1.0179563025234324,0.9862354596177746,2.713689502761733,2.7455634509903017,-0.0193573279
32.136000044993125,96.35686413908596,20.2853472993829,20.133751534016888,1.0036257287683932,0.9649501376497955,2.704901223998587,2.740286000507081,-0.0193573279
32.1599988139933,96.41869313703107,20.2142023840012,20.134830528429376,0.9959394159947336,0.9577987735587408,2.687550881668968,2.737482096938015,0.123703236
32.18399887497071,96.54044649974114,20.208926575609,20.136931024941426,0.9808055440357338,0.9354916862455842,2.679715024919089,2.73201613863671,0.123703236
32.20799891592469,96.63587108945993,20.1842111079201,20.138554811102768,0.968946158194895,0.9209267226603793,1.1358499593900353,1.4038269657739986,-4.57889724
32.2319988659583,96.72452180592201,20.1571348771904,20.14004562806718,0.9579300764901298,0.9088551473115083,1.1247745362411299,1.390180553684139,-4.57889724
32.255999466986395,96.78674218487151,20.1388209356471,20.141081790702263,0.9501991632178072,0.8983881022000499,0.7613671509152689,1.2902144463356926,-10.4452808
32.279998965910636,96.8431845409888,20.090960786526402,20.14201446746159,0.9431867662356731,0.894257628865744,0.7933802280674196,1.3080671714705565,-10.4452808
32.303999406984076,96.90505422230433,20.0567123210688,20.143028889516522,0.9355007280211527,0.8872592727228507,0.09629447498685825,0.936134158784358,-16.2645645
32.32800005795434,97.02576388195986,20.0291047383597,20.144984160948727,0.9205069866714309,0.8729191532729123,0.11762059322928656,0.9205706387118144,-16.2645645
32.35199948691297,97.12989252839738,20.0238075906041,20.14664546839781,0.9075749070739824,0.8556018972799873,1.074094144619362,1.3196620396611336,-21.6511605
32.37599972798489,97.18077417711069,19.9895502396651,20.147448703500814,0.9012564486433912,0.8509250392797337,1.1082782562600886,1.3449565235553598,-21.6511605
32.39999990793876,97.27917596656837,20.0067763290326,20.148986185952246,0.8890382687928639,0.8352515509638406,0.7943686432893777,1.1227235711675307,-23.6603983
32.42399894690607,97.34023285482496,20.0174296563726,20.149929620055573,0.8814579311582443,0.8255312834306827,0.7803759940674078,1.1101338547611852,-23.6603983
32.44799946795683,97.35051615069393,19.957649114995,20.15008771969954,0.8801813042377493,0.8337577139260071,1.1366219340753048,1.3619626335159547,-24.5073659
32.47199984791223,97.43806795572993,20.0033823360866,20.15142449579464,0.8693128872832636,0.8186711897280725,1.1617250829223984,1.3795677051044732,-24.5073659
32.49599912692793,97.46688509090785,20.0013865602351,20.151860853906577,0.8657359137745186,0.8191781772509881,1.3850586800385867,1.563672949788996,-25.2730826
32.51999989897013,97.49732677639052,19.9950136890264,20.152319857022867,0.8619574510771935,0.821090135100361,1.4331148733924541,1.6113775045958376,-25.2730826
32.54399973794352,97.52291449113157,20.0197686714319,20.152704118215496,0.858781597492509,0.8221757618093912,1.013557188695848,1.2800989106240266,-21.6110026
32.56799929693807,97.60038709636314,20.033444840126197,20.15385890649419,0.8491666928507329,0.8164709396385511,0.8895969561192254,1.1884368397736944,-21.6110026
32.59200005896855,97.65327799675794,20.066625407547,20.15463981679185,0.8426031685860528,0.8114831822561325,1.3094097330853796,1.510956201015383,-17.4756658
32.61599970795214,97.71773485222971,20.1045370282052,20.155583300590955,0.8346050358693684,0.8068762180031575,1.5646164738714137,1.7328139478216875,-17.4756658
32.63999957789201,97.73675100205456,20.1533036562056,20.155859929309823,0.8322455574638025,0.8043633870463461,2.366318747755348,2.4749909060417945,-9.97448758
32.66399980895221,97.74582842677889,20.1909161245259,20.155991702799277,0.8311192750715071,0.8081352841103043,3.0909344605527345,3.186104570473016,-9.97448758
32.68821875390131,97.83917404454968,20.2616063512936,20.15733641163378,0.819538261785478,0.7969544374211486,3.618755620340981,3.709260884049266,-3.82320243
32.71199890691787,97.85673210109515,20.3105587679221,20.15758723908323,0.8173600786389433,0.7984117303876662,3.602505717941424,3.7087808753282663,-1.10503119
32.73600001889281,98.00859803848488,20.4399687839028,20.159728877503234,0.7985224896848608,0.7700057696797044,3.5914088203343564,3.7046803793512173,-1.10503119
32.759999718982726,98.21509620591965,20.5342168391369,20.1625608402336,0.772914888166017,0.7327928695873699,3.58215343772873,3.6992525547269963,0.256246204
32.78399946796708,98.18566939014495,20.4791473178886,20.162162913920454,0.7765636075298485,0.743633450947021,3.5628741413085554,3.700015616238617,0.256246204
32.80799920798745,98.26156998597872,20.4605436197607,20.163185468027546,0.7671527803553525,0.7359725344940715,3.5442832937862763,3.698054518811678,-0.159490898
32.83199952892028,98.42526654098235,20.5123892006326,20.16534839286192,0.7468597478997572,0.7051905431685164,3.534105219947371,3.693903647965725,-0.159490898
32.855998816899955,98.55526479555476,20.492841824625298,20.16702475509912,0.7307476290789866,0.6901147750776724,3.5187993056223372,3.6906840046643117,0.180172142
32.87999901699368,98.54289870376283,20.426420209884,20.166866864594976,0.732280164826083,0.7017949008677772,3.4961217564121965,3.690987345436514,0.180172142
32.90399934898596,98.6039756137036,20.3871193254247,20.16764347778098,0.7247111408471503,0.6972322624922747,3.479653557092694,3.689495120161685,-0.158965121
32.928000009967946,98.71420879627405,20.3706243232919,20.169024705092042,0.7110520668527603,0.6839137951462536,3.4691976732076637,3.686839990450304,-0.158965121
32.95199996896554,98.77825450410124,20.3164300972709,20.169815130301597,0.7031171193337256,0.6837039065563209,3.4482861117024086,3.685319887550495,0.313714058
32.975998997921124,98.84904754460443,20.2984876019807,20.17067850657428,0.6943470686312517,0.6788402953654852,3.4330964390548515,3.6836589328528446,0.313714058
32.9999992379453,98.8928044256537,20.2463020322767,20.171206736470058,0.6889267878679924,0.6803085220525457,3.4160255969968527,3.6826424436423064,-0.424028993
33.02399960893672,98.99222358972214,20.228217125945,20.17239152877485,0.6766127533318317,0.6695672568176517,3.4004555777761536,3.6803617239836552,-0.424028993
33.04799904790707,99.12313385694854,20.2083804810615,20.173919012122724,0.660400952527136,0.6557012163187969,1.8119103180024363,2.1485218951357417,-4.51885252
33.07199940900318,99.2081779764236,20.1730432753211,20.174891472476137,0.6498708255636524,0.6474013961707753,1.7900312886122132,2.1301182208214833,-4.51885252
33.09599896799773,99.33863781941879,20.1720379474919,20.176352871391256,0.6337198775493138,0.6291819556493065,0.29866452785591285,0.6358972106234004,-9.91922629
33.120000059949234,99.39342111455949,20.1285838739376,20.176955584263133,0.62693861289184,0.6262983331730598,0.6654412734290054,0.7550934586061561,-9.91922629
33.14399941894226,99.41607914281484,20.0862081501763,20.177202966938665,0.6241340825960671,0.6277394721703718,0.14653750844303787,0.6329450210926677,-16.3440314
33.16800011997111,99.48986020672585,20.0707499750884,20.178000829871227,0.6150023668120914,0.6170890765959768,0.10075976999700877,0.6996730400751624,-16.3440314
33.1919994589407,99.61453453650503,20.0408693480804,20.17932232424475,0.5995739411320331,0.6034547097664145,0.32292259374899374,0.6040168356412287,-22.1355234
33.21599898894783,99.7075444310681,20.0420148895039,20.180286323519002,0.5880658134529659,0.5890534007002416,0.5835251078478508,0.6781427096632876,-22.1355234
33.24000015994534,99.72928566463806,20.0304574231943,20.180508966129803,0.5853759930837579,0.5890806746328837,0.6194017138970821,0.6939527875966448,-24.6701482
33.26399910694454,99.79541635584836,19.9826846127761,20.181179907715997,0.577194844998738,0.5864544430365181,0.6950926357383607,0.7324820986417632,-24.6701482
33.28823417099193,99.82755779689592,19.9418242791653,20.181502594619925,0.5732188546773775,0.5859010670039003,0.5337733805443758,0.6420875622164461,-26.6159631
33.31199993600603,99.9083499245261,19.982942787107298,20.18230386435837,0.563225457969201,0.5725299094159605,0.2054499955181895,0.715813762671441,-27.5519955
33.33599875296932,99.9836492737813,20.0083005306631,20.18303797093201,0.5539125422442746,0.5652515568440031,0.20989670091267698,0.7112877485831096,-27.5519955
33.36000013491139,100.03437876841787,20.0043991930139,20.18352564096164,0.5476389701942044,0.5625741065295715,0.2809973347089661,0.7566915060515012,-26.3093837
33.38399960298557,100.10482927036274,20.042792994384598,20.184193678169727,0.5389273311454686,0.5590220822235898,0.28349172251288635,0.7514606249535453,-26.3093837
33.40800006291829,100.14890809277237,20.0657549020209,20.184606201618077,0.5334771706360674,0.5588197836145281,0.3231183430608268,0.7794459455471574,-23.6830334
33.43199952098075,100.14516937808823,20.0853722658379,20.184571374606456,0.5339394332625477,0.5674460137187085,0.32097613694371296,0.7820147553294307,-23.6830334
33.45599965995643,100.23289481554025,20.1418575837357,20.185380607773034,0.5230935421740199,0.5605017050836406,1.5554586144120963,1.885448926309284,-17.4856015
33.479999508941546,100.22362457186246,20.16651500842,20.185295878113745,0.5242395981800417,0.5736636147394518,1.5736956891437717,1.9125606611122503,-17.4856015
33.503999918932095,100.3038564650233,20.2438609167178,20.186023051827956,0.5143212555847001,0.5664638340518131,2.689635353693855,3.0091599548462904,-10.7333665
33.52799937594682,100.31018976836108,20.2623063955666,20.18607986160937,0.5135383763972955,0.5815890741370153,2.7096209065401977,3.046803636788474,-10.7333665
33.55199987697415,100.39874116545094,20.3434291183401,20.186865104379045,0.5025930276977999,0.577414599982061,3.565382670856775,3.9073367772344176,-0.882832353
33.5759997649584,100.53047978704943,20.3703439905134,20.188002013380462,0.4863121815758178,0.564317192703614,3.5558053146181745,3.9052791233976487,-0.882832353
33.59999984491151,100.58072972112205,20.3608042226269,20.188425809358254,0.480102902060197,0.5667459053260635,3.538783695364356,3.9045119339039895,-0.33540013
33.623999322997406,100.74002284956242,20.4136620461026,20.189733257002853,0.4604224191179259,0.5499477359307321,3.5306333707286197,3.902144497459317,-0.33540013
33.64799883100204,100.86929351032816,20.419968846457902,20.190754068782546,0.4444545736023458,0.5422116922370543,3.5152937607556547,3.900295473304998,0.282473409
33.67199967196211,100.92268567690807,20.359221395570103,20.191165177862295,0.4378603239837357,0.5520023848349754,3.4990070916543834,3.8995506725449594,0.282473409
33.695999510004185,100.99825137273079,20.3313552080891,20.19173651576794,0.4285284001391864,0.5574379976486409,3.4806458626980814,3.8985154488196234,-0.39472428
33.71999924897682,101.07556195978806,20.2897933300255,20.192308309304515,0.4189820702286868,0.5626624596527087,3.465017338756921,3.897479240369801,-0.39472428
33.74400008900557,101.13353260161568,20.265280516764,20.192728612788088,0.41182455693056635,0.5683953242037201,3.086597255987263,3.5343055765270113,-3.09745437
33.76799978793133,101.20480675115105,20.233195076449302,20.193235445063337,0.40302532833240734,0.577088069636229,2.94469143522766,3.411648764880694,-3.09745437
33.79199932597112,101.31634273957651,20.2200792114298,20.194006613580306,0.3892573921868804,0.5737296353093153,0.558236463341626,0.4026206831412493,-4.74010209
33.81599873397499,101.41878213871063,20.2066601223646,20.19469127636122,0.37661433661819016,0.569551185395476,2.1143968943299356,1.6962755451215918,-4.74010209
33.83999899297487,101.5175923133948,20.180966808436203,20.195330266047687,0.3644210177333794,0.5590560800715086,2.1045815944485953,1.6862827238230578,-9.20739495
33.86399997398257,101.532227687041,20.1348588503233,20.19542312269997,0.3626151432854182,0.5537072673455009,1.92538812155938,1.5197005365111311,-9.20739495
33.88824814395048,101.5693577348053,20.094003328837402,20.195656631007445,0.35803380276584273,0.551173977204967,1.970148873670039,1.565202655444325,-14.2920521
33.91199919092469,101.73390197454702,20.1089667656322,20.196655709050564,0.3377343301690572,0.5285249174190348,2.146255656759124,1.7410416919736207,-16.0036152
33.93599907995667,101.8536270646698,20.1243209174426,20.19734601623998,0.32296721869528466,0.5081616985992968,2.145480983442639,1.7490214901740209,-16.0036152
33.959999729995616,101.88963357507541,20.0726292059727,20.197547586013446,0.3185266239455285,0.504791572160191,1.6304338088348531,1.2491708834403177,-19.125266
33.983998736948706,101.99785164352497,20.0814134450376,20.198136609743305,0.3051817862430527,0.48680006741365633,1.6221682337386267,1.2495080688760178,-19.125266
34.00799879594706,102.05734491266702,20.0567747251656,20.198449690733653,0.29784632973689956,0.4776864138878961,2.4319000241071937,2.0506274943159473,-21.5369484
34.03200009698048,102.11779489325045,20.0662208065455,20.198760005009014,0.2903935774124144,0.4599394684429761,2.4381235317849503,2.071876958268069,-21.5369484
34.055998883908615,102.15168539124834,20.0443761304605,20.198930538820388,0.2862155820682244,0.4564781928624008,0.9277976451432678,0.614915601882263,-21.277727
34.07999898400158,102.22964282571854,20.082411145094,20.199313433106727,0.27660584870570815,0.4477044758016882,0.9015163976665601,0.5903232311123902,-21.277727
34.10400013497565,102.26257262958589,20.0810442978049,20.199471242563362,0.27254696097716813,0.44381008985518017,0.5140526115486862,0.3051148364395913,-22.0175224
34.12800009397324,102.29054686442075,20.0838567640154,20.19960347084388,0.26909904730532114,0.4426346368659336,0.5005750811783442,0.2972171194160066,-22.0175224
34.15200006298255,102.4081914040988,20.1281634763432,20.200141126312236,0.2546005579714306,0.432147251060386,2.15809303929104,2.542650853080596,-18.3676497
34.17599962092936,102.48315674242565,20.1538921871152,20.200468202543334,0.2453631732606204,0.4354215068456031,2.256261187108548,2.6463368502754445,-18.3676497
34.199999348958954,102.52420064291066,20.1944789085179,20.20064215844907,0.24030609687453103,0.4428666639096245,2.292061704362586,2.6917892197171818,-13.2056983
34.22399996989407,102.56152375926843,20.2060403035279,20.2007971997131,0.23570773282613808,0.45363366715157843,2.286128078951698,2.69581758671248,-13.2056983
34.2479989459971,102.62677837715107,20.257713758193002,20.201061072629525,0.2276687074883405,0.4581094805367954,3.5780698185538053,3.992911946565309,-6.07458997
34.271998722921126,102.62959436167976,20.2721129529311,20.201072253671157,0.22732181068074073,0.48185594170628876,3.6802958139046127,4.117391320019681,-6.07458997
34.2959988709772,102.65141732786098,20.3243324683056,20.20115832507869,0.2246335225509314,0.49707320794814874,3.672400976879304,4.128050165789347,-0.411591682
34.31999946094584,102.75447522358182,20.3458172615541,20.201550958456135,0.21193939888938657,0.5024793303078371,3.65966293907091,4.127380019435227,-0.411591682
34.34399963892065,102.8506588048857,20.343073429826198,20.201896803918427,0.20009378382532406,0.511135491252559,3.6437502509816766,4.126789728300051,0.398361596
34.367999786976725,102.91750890553132,20.338290238394602,20.202125462660753,0.1918617775694912,0.5224230993536585,3.6282648003315385,4.126399453444866,0.398361596
34.39199891395401,103.07784062602732,20.3461917430655,20.202634733726203,0.17212168878809087,0.531106661685357,3.610513914666499,4.12553024269777,-0.418898498
34.41599894198589,103.12773974771638,20.3012254479333,20.202781960763314,0.16597906324102837,0.5471541814967511,3.5927591844546547,4.125278965267195,-0.418898498
34.4399987088982,103.28118774935649,20.3156409402874,20.20320119053875,0.14709236453968594,0.5572470621073681,3.3889253579182075,3.937378410838115,-0.764975058
34.46399993891828,103.36642385040048,20.289257072167498,20.20341221075035,0.13660321008435994,0.5722221713002947,3.3714011630048115,3.937001105236,-0.764975058
34.48826679296326,103.41998885165813,20.2624003516013,20.203536838387546,0.13001218925738628,0.5842514510634083,2.0830640956975217,2.662634883443561,-5.36430849
34.51199927390553,103.54995963482162,20.2477937261942,20.20381362384724,0.11402186367394218,0.5925866713461138,1.6319202790793848,1.04986944580705,-5.41011133
34.536000023945235,103.61051353229226,20.211159934523202,20.2039301934022,0.10657297722913611,0.5921443354079474,1.6527625757167863,1.069347213480634,-5.41011133
34.559998909942806,103.61122160566751,20.1525334082581,20.20393150991695,0.10648587937219539,0.5848700330685316,2.6015800427406988,2.023979022555482,-9.94394514
34.58399912796449,103.6784590358097,20.1511741607581,20.204051620067375,0.09821564020796263,0.5742939802113682,2.6114840364887257,2.042688225079702,-9.94394514
34.60799904598389,103.75820171455693,20.1217152904375,20.204181489085773,0.08840833589639902,0.5625941964895079,3.263617677576464,2.7049600259935582,-16.6146171
34.632000055979006,103.82095409404444,20.078349695440302,20.204274091139613,0.08069144534840876,0.5490652543107438,3.2677901166687886,2.7222878553991405,-16.6146171
34.655999181908555,103.92325041812957,20.0768500840574,20.204406929454898,0.0681132580130115,0.5334194607308417,2.671160994220904,2.1398991650163492,-19.9666596
34.67999989190139,103.97405374466494,20.061524274311402,20.20446455536478,0.061867287081366844,0.5264643297141518,2.6625687644265175,2.137771105438108,-19.9666596
34.70399875799194,104.11040063143048,20.0819476073777,20.204591837719228,0.04510660846995661,0.5075440133290426,2.695253978368136,2.1880791005369606,-23.3023553
34.727999025955796,104.17103684761622,20.0786690898318,20.20463563046001,0.037653906416097005,0.4986342818703747,2.6989022813990537,2.200376617026697,-23.3023553
34.751999694970436,104.2502331122028,20.0822591046586,20.204680950348045,0.027921048127345544,0.4839493808670704,1.7202595708341195,1.2363560438127776,-22.5896712
34.77599956293125,104.28669692003368,20.088478179771,20.204697293833746,0.023440205561767558,0.48071563586767513,1.679774298545662,1.199062479885129,-22.5896712
34.8000000519678,104.31929847675642,20.0925025013296,20.204709491685364,0.01943418399478302,0.4725801117254862,0.5460793394203058,0.07548207603076919,-21.0306846
34.82399884797633,104.4214943432029,20.1448621006474,20.204732957156587,0.006877819612035982,0.4710623374745706,0.48214476267927353,0.012710979720256263,-21.0306846
34.84799950697925,104.4755195793754,20.169179536837703,20.204736313232488,0.00024075854860984564,0.46767904276328914,0.9563343409805078,1.422866154573613,-17.1548381
34.871999935945496,104.52968628007456,20.1796521616047,20.204733395546107,-0.006413135453315395,0.4707203814571351,1.0964941129664958,1.5660712213969323,-17.1548381
34.89600014395546,104.5874826702154,20.2274753651437,20.20472334572809,-0.013512301043193476,0.47280851210263036,0.16532193892372662,0.6355390596209931,-11.718442
34.91999958094675,104.67074588116702,20.2803048921781,20.20469627883568,-0.023738476314425935,0.4761429719141988,0.029004556900742568,0.45462828077996825,-11.718442
34.94399916892871,104.66490407190204,20.296788322808,20.204698662608216,-0.02302104238633132,0.47739410318635134,2.8273452670098447,3.3032860567609594,-3.68618428
34.96799921593629,104.65428791001082,20.3124056659715,20.20470280732053,-0.021717252822463066,0.48141114055922457,3.930380334920489,4.411030395694093,-3.68618428
34.99199942499399,104.73963518795136,20.401130012599598,20.204662651081865,-0.032198307398672965,0.49810831242252185,3.9304884749747417,4.426956396037353,-0.394184766
35.01599969295785,104.88363838104952,20.4473664563776,20.20455950594265,-0.04987950621202384,0.5127709159586621,3.918414478062171,4.42711997552414,-0.394184766
35.03999918990303,104.97168980083369,20.4432579973191,20.20447454571508,-0.060688848530575414,0.5330691641077295,3.9000249507203666,4.427254687696413,0.376761759
35.06399967998732,105.06720486201962,20.4251451982507,20.204363601721862,-0.07241280130324747,0.5497501098032241,3.8850853856095404,4.427430568720681,0.376761759
35.0882880439749,105.21582142501973,20.4540193439383,20.204152118934815,-0.09065128016679476,0.5716943998504124,3.8675731254070174,4.427765752770049,-0.00578969808
35.11199895397294,105.32654835996475,20.4738279929586,20.203963802565326,-0.1042371911856748,0.5908694135993271,3.8529488131342267,4.42806414002115,-0.427282295
35.13599902193528,105.3555191331746,20.395370223804,20.203910197905856,-0.10779145174427952,0.6126407886268995,3.8295625552385544,4.42814906400255,-0.427282295
35.15999939094763,105.39501985484063,20.340997674761102,20.2038342140528,-0.11263731881745982,0.6353722640757907,3.806813724349121,4.428269433447915,0.412858616
35.18399980990216,105.50838160527262,20.3116633174261,20.203597600216245,-0.1265426804919487,0.6535720604808521,3.7913801149202873,4.42864419873152,0.412858616
35.20799940696452,105.56789756808143,20.274105245164797,20.203462362613923,-0.13384215869878976,0.672730726376442,3.773382742811782,4.428858355022762,-1.72775107
35.231999434996396,105.6821135287957,20.257975631651203,20.203181594195208,-0.14784858795839695,0.6951460741490744,3.7556633182592742,4.429302874756548,-1.72775107
35.25599918095395,105.7198012968675,20.2221754601263,20.203082822913064,-0.15246974322293685,0.715231724512461,13.796433178717061,14.488779964227984,-2.63985185
35.27999978896696,105.83173282918138,20.2124948153714,20.20277155627156,-0.1661928620989188,0.7375280582327809,13.977142463019497,14.687973774464194,-2.63985185
35.30399879394099,105.93146206111622,20.1846115533595,20.202471639699425,-0.17841796165477308,0.7600875539970346,5.070326833683729,5.8024468852819675,-6.38164604
35.32800008391496,106.06214009043853,20.1714035282445,20.20204644428911,-0.1944340242103482,0.782493424259614,4.866758257958537,5.617445108823304,-6.38164604
35.3519992189249,106.07908573883884,20.1100200328776,20.201988631678624,-0.1965106687542706,0.804064314281243,7.744537590574868,8.51746341036925,-7.29856683
35.37599916593172,106.18929912205137,20.1161070615303,20.201597635360358,-0.21001570947141834,0.8271222058517619,7.86937959373904,8.661432606663292,-7.29856683
35.39999890199397,106.27237014565237,20.073066979794397,20.20128576167355,-0.22019333871928212,0.8503692577220882,6.296541863056853,7.110729000422034,-9.15532983
35.42399983096402,106.36769733660107,20.0717099103483,20.200909693220076,-0.2318709572963977,0.8717952882979851,6.189222055183371,7.021282933267783,-9.15532983
35.44799903698731,106.42062482709002,20.034215318033898,20.200692504764486,-0.238353856306504,0.8951296537646978,10.143411038215682,10.997426486636423,-10.3047845
35.47199975489639,106.48297608204827,20.0102438274231,20.20042896303828,-0.24599036084626277,0.9183915504408839,10.552686135841972,11.428827829866833,-10.3047845
35.49599896091968,106.4955106855908,19.9883227957873,20.200374979451247,-0.24752545484756042,0.9369051144316418,6.130409885569695,7.0276118719812795,-14.7371351
35.51999891793821,106.59892823926326,19.942681978644202,20.19991676909169,-0.2601897154993079,0.9626789636751953,5.420443196714803,6.342785772822828,-14.7371351
35.543999244924635,106.59223427050648,19.9317455375867,20.19994711984969,-0.25937004955328724,0.9806257501508301,3.146459216061911,4.091221038416869,-19.3037849
35.56799936189782,106.67274100440335,19.922580286309397,20.1995757489226,-0.2692274115861571,0.9987875082564341,2.2937754612348678,3.256931405024579,-19.3037849
35.59199949889444,106.73621269399794,19.9182201711129,20.199273194981785,-0.2769981150947593,1.0102174576074712,0.26060347666795297,0.755896451891656,-22.044103
35.61599877499975,106.82399651344274,19.9144629901364,20.19884056584931,-0.28774404656988556,1.0162012719091122,2.110304279717628,1.1805890566308923,-22.044103
35.639999603969045,106.85896981279662,19.9153941398183,20.198663619086084,-0.2920248476151465,1.0180522345286613,1.8429260876276488,0.924739848748584,-22.3458612
35.663998778909445,106.92640512734013,19.896863870671698,20.198315054826054,-0.3002784107446036,1.0129142609077415,1.3266854992283845,0.47475267152907674,-22.3458612
35.687999807996675,106.94591238346695,19.920685360366,20.198212412922928,-0.3026657882947821,1.008761711692297,1.3218304267597845,0.4760340638971001,-22.3458612
35.71199922391679,106.96991971675116,19.910874899368498,20.19808497711032,-0.30560380484175226,1.0066835741442661,1.9836473926303322,1.0742830984280338,-22.596987
35.735999380936846,107.00028756893714,19.9082671886846,20.19792201486868,-0.30932006526917216,0.9987414933887558,1.9877778682937424,1.0860307876946491,-22.596987
35.76000007998664,107.0551605438574,19.9565368492083,20.197622556320653,-0.31603469315850496,0.9968706541575275,0.8454165529592544,0.33060545470264846,-18.7935534
35.78399990592152,107.11404106057118,19.984972441253902,20.197294075172337,-0.3232390771038834,0.9989434032698412,0.8368240481451262,0.3405633963952752,-18.7935534
35.80799951299559,107.16477593791947,20.0306826838329,20.19700509862467,-0.32944626683120193,0.9986427683873665,0.6992592249315976,0.40898427027285145,-13.9994837
35.831999360001646,107.20832206893894,20.085867780434302,20.19675268448305,-0.3347735562175343,0.9920985564473537,0.6953594163469295,0.41150515863041454,-13.9994837
35.85599894600455,107.27312026617349,20.146388085161,20.196369588281872,-0.3427000879921216,0.9933395450851156,1.850741008499693,2.8045638413566643,-4.05755033
35.87999918300193,107.30180686297595,20.2064159489653,20.196197126233336,-0.34620896272534185,0.9946434285036115,1.9057944775744848,2.861063041410075,-4.05755033
35.90399883897044,107.50168327684568,20.3217472489222,20.194946720627282,-0.3706530286287278,1.0124063338147824,1.9017858929524112,2.865853337946359,-0.382069235
35.927998775965534,107.69551029007789,20.370004088354502,20.193652727456154,-0.39435003765798393,1.0293017125985615,1.899396045881875,2.869011810943578,-0.382069235
35.95199979492463,107.82227522872937,20.3912128406056,20.192763086173652,-0.4098442752928343,1.0424840000177602,1.89473264498448,2.87118075532908,0.394430686
35.97599904099479,107.82992810373207,20.3332661432572,20.192708280748462,-0.41077957390983727,1.0497979567154447,1.885323841470051,2.871314303352023,0.394430686
35.999999538995326,107.88405734705967,20.3197235667287,20.192317071905247,-0.41739467913721917,1.0621903401572104,1.8754731327969716,2.872267361391827,-0.419891308
36.02399993594736,107.93804224254706,20.286304028585,20.191920681704755,-0.4239915887208627,1.0741187096404001,1.8643564509572383,2.873232638018561,-0.419891308
36.047999161994085,107.98518807851619,20.2288122724581,20.191569423561447,-0.4297523173917227,1.0856981946761968,1.8531636688631565,2.8740876718584425,0.441194483
36.0719996499829,108.08838804051662,20.213704590623,20.190783992120142,-0.44236079838013914,1.0953498616350448,1.848036813864436,2.875998426423365,0.441194483
36.09600004693493,108.21710145803515,20.182973946045998,20.189772558779776,-0.45808355030409886,1.1118511726795701,1.8382659812375755,2.878456669930068,-0.396933773
36.11999925295822,108.24614258154645,20.1468658991556,20.189539469133607,-0.46163057921538053,1.1227360228726193,1.8285448928064885,2.8790228164665317,-0.396933773
36.1439998409478,108.32031286822955,20.0958525062199,20.188936004616433,-0.47068887085262195,1.1327397406121757,1.82045322186024,2.880487922707018,0.229582362
36.16799985792022,108.4226412196171,20.091629467939,20.188084191772255,-0.4831843375686695,1.1477252819477688,1.8124714499486756,2.8825544207065414,0.229582362
36.19199928396847,108.58508224325384,20.087134644209,20.186686152412605,-0.5030161491153683,1.1638279790068682,0.398805045640902,1.5182981821619947,-5.13233016
36.216000102926046,108.63697765438513,20.0493282597356,20.186227666892485,-0.5093508023344383,1.1707035575771656,0.6289711461293761,0.6548728775988444,-5.13233016
36.2399991969578,108.71473329802672,20.0366911504858,20.185529972508952,-0.5188411419387562,1.1723500724550646,0.5527475568851202,0.708818370113086,-10.1383448
36.26399929297622,108.80092770203666,20.0022251482423,20.184741505856802,-0.5293601106850577,1.1758517809106155,0.404713512475006,0.8236273150779851,-10.1383448
36.28799937898293,108.87392344227447,19.9570005839735,20.184061398905452,-0.5382672338694944,1.1824024481083748,0.4052997004385842,0.8308658581813053,-10.1383448
36.31199977500364,109.00429666374366,19.9493436974649,20.1828184682584,-0.5541731654587211,1.1831516120524308,2.7060453576901056,1.768831494907317,-15.8794171
36.33599883900024,109.05724448472756,19.9187469111504,20.18230334852703,-0.5606320327567239,1.175351947054297,2.720389430575719,1.796070245506603,-15.8794171
36.35999930696562,109.14359288572152,19.8885451252197,20.181450476037877,-0.5711641356162175,1.172267854798557,1.766133528374516,0.9513133345688853,-19.3475515
36.38399908191059,109.15780282195921,19.8583938364431,20.181308601895875,-0.5728972157100658,1.1713642841487675,1.7594567938920769,0.9475047121626219,-19.3475515
36.407999378978275,109.27128461003804,19.903096149775102,20.18016015926979,-0.5867363560811429,1.1686623228981188,2.2869379318768033,1.4241729912821914,-23.0984998
36.43199971492868,109.36601242744925,19.8831924660861,20.179180517627273,-0.5982865535153157,1.1646300725436927,2.294986825794067,1.445373146729594,-23.0984998
36.45599990198389,109.39089314031011,19.860338133464502,20.1789200433228,-0.6013199826073736,1.1539293324632955,1.682968228856307,0.9342837818766073,-24.3169029
36.479998804978095,109.43637984530574,19.8566534445866,20.178440440719818,-0.6068653645695307,1.1544273437681407,1.6716762792270436,0.9308513109380122,-24.3169029
36.50399930297863,109.50405910998502,19.883416038428198,20.177718695454768,-0.615115554425286,1.1531152667328832,1.2563734937086384,0.6840093277546968,-26.49821
36.52799923799466,109.5354493664103,19.8740039507301,20.177380635001192,-0.618941768847124,1.1475283592882572,1.243771728182238,0.6843006739876414,-26.49821
36.5519994039787,109.59351735917592,19.9019323490543,20.176749740014767,-0.6260192815784161,1.1445945542364757,0.41143489927729293,1.4919015670064846,-22.0055257
36.57599958090577,109.60263203942205,19.8913759066931,20.176650059795445,-0.627130149178191,1.1449030294262146,0.4912882987666707,1.572451912520485,-22.0055257
36.599999005906284,109.69200750446502,19.9659912079861,20.175663266449888,-0.6380220949871422,1.1512460068887305,0.5698252858958163,0.7428659453723663,-19.1341917
36.62399943289347,109.69242714625265,19.9740428762979,20.175658593112114,-0.6380732319756324,1.1474489774791736,0.6568605371679892,0.7022604643019914,-19.1341917
36.6479997189017,109.73471929897822,20.0295920770635,20.17518568572898,-0.6432267237474066,1.147537410647617,0.7337004628420452,1.800226209413904,-11.0421969
36.67200003599282,109.76353054683912,20.0632281760631,20.174861342081535,-0.6467373089108336,1.1524380378411323,0.9115696870272642,1.9747021671293825,-11.0421969
36.695999079965986,109.78404853046116,20.1102319687474,20.17462928380707,-0.6492372813784701,1.1511366419367404,0.8527538562132777,1.9209720886968418,-3.26888063
36.71999979694374,109.85326123099863,20.2091251297274,20.173839884484934,-0.6576697667536695,1.157493187995085,0.839831503611768,1.9129550001138913,-3.26888063
36.74399887199979,109.93162431129122,20.290060675783,20.172933824995138,-0.6672159708439147,1.1708500522841079,0.8360749172871487,1.9192934091554055,0.39504005
36.76799887698144,110.12241824658616,20.3757989165611,20.170673209411714,-0.69045358025729,1.1880440652205033,0.8417365940101559,1.9274921036129418,0.39504005
36.79200011596549,110.19103853236905,20.3481438045745,20.169841243194323,-0.6988094245369139,1.194637335641421,0.8385483359816828,1.9305000536344445,-0.438761282
36.81599961093161,110.30538310908902,20.3507687603202,20.168432673364055,-0.7127310682018716,1.2090148301735766,0.8344922703471265,1.9355812972124924,-0.438761282
36.83999990695156,110.40818680861298,20.3667614751872,20.16714255128538,-0.7252454388857279,1.2176489405670365,0.8355999696524529,1.9402227735283726,0.345773915
36.86399937199894,110.54609264784989,20.3865018412102,20.165376653826453,-0.7420296171903628,1.2366759804777712,0.8315267783094001,1.9465567851569332,0.345773915
36.88799905695487,110.57383364799283,20.3110125728794,20.165016546542795,-0.7454054621849436,1.2425225600895144,0.8228726862618733,1.94784573739948,0.345773915
36.9119998048991,110.57535692215751,20.2273309693087,20.164996725499044,-0.7455908274587574,1.241776451066561,0.817288083821467,1.947916657546005,-0.377623654
36.9359990489902,110.686826119265,20.2244924745707,20.163532896894694,-0.759154154495515,1.2555800845604503,0.8134586058061511,1.953146676745639,-0.377623654
36.96000007796101,110.78538339777262,20.1792143063318,20.162216647610627,-0.7711443881175704,1.2630879145497402,0.8116395908573257,1.9578366998994827,0.340636552
36.9839989709435,110.82212725878573,20.1382868885435,20.161720648324334,-0.7756140745039614,1.270190286728296,0.8043680574286055,1.959600927488955,0.340636552
37.007998707005754,110.94980898154564,20.160765851127803,20.15997480523556,-0.7911438162625289,1.286845620895975,0.8031492616068033,1.9657973289294404,-0.488894556
37.031999433995225,111.04730580724947,20.110953511782302,20.158618387454947,-0.8030000892928402,1.2933400485945779,0.8026081430763479,1.9705972515529833,-0.488894556
37.05599994095974,111.17367217803096,20.0973590758255,20.1568303004237,-0.8183643559038727,1.3119516099595603,2.6622201081490244,3.7561670695871365,-4.95596515
37.07999965699855,111.24913246611302,20.043793988419,20.155746374154347,-0.8275377268491969,1.3285116219048874,2.7015233799652827,3.8108924540436604,-4.95596515
37.10399929189589,111.40966506953633,20.0685375637089,20.153400258176394,-0.84704928855367,1.3516564523057806,1.3403925003415922,0.903947486517142,-9.06803266
37.12799972889479,111.51908970345175,20.069358424185598,20.151769727999,-0.8603461864315044,1.3638583172165777,1.4711624394457476,0.9696033308256009,-9.06803266
37.1519990429515,111.58000318158743,20.0369475875176,20.150851055054694,-0.8677471719403643,1.3617508378194851,0.9382600091809613,2.1377455561486904,-12.3687465
37.17599934991449,111.62809775589436,19.998445362774,20.150120151934743,-0.8735901521605847,1.3656477972297563,1.0585613046299889,2.2535567699246735,-12.3687465
37.20000001695007,111.7071947036455,19.9714186842389,20.148907431430295,-0.8831986147331287,1.3768192064326716,0.9171597325667242,0.8897861034753833,-18.6896663
37.22399998293258,111.76407703200505,19.926594704319697,20.14802710608026,-0.8901077599109335,1.3777274200491412,1.0775405144049635,0.8916949640281104,-18.6896663
37.24799896590412,111.7600251687223,19.8850610138358,20.148090040695777,-0.889615625896314,1.3733748081818105,0.8588494911703171,0.9045713195150131,-23.2568725
37.27199983294122,111.87619122871322,19.8853295042604,20.146271911761232,-0.9037237378246937,1.3834609728267464,0.8291177486118828,0.9238630019573486,-23.2568725
37.29599931591656,111.88349062788943,19.8571381852584,20.146156712641773,-0.9046101461570912,1.3791662049178388,1.873919935887619,1.245097960446401,-28.6022246
37.31999875989277,111.9316359333439,19.8312007540599,20.145394053952323,-0.9104564499642833,1.3736299663645428,2.098673144803225,1.419990239783865,-28.6022246
37.34399870492052,111.95623235063326,19.8448167185728,20.145002531380648,-0.9134430288035961,1.367719966451304,1.665158563451065,1.1291229949661847,-29.5905436
37.367999090929516,112.04992913133799,19.8818481978564,20.143499331387563,-0.9248189254627592,1.3745370385584916,1.5017741535042557,1.0538622272379068,-29.5905436
37.39199924597051,112.1509699607212,19.9095850781356,20.14185745771392,-0.93708456149027,1.3784011599775396,2.1129213446609794,1.4627167826335328,-27.2892061
37.41599875991233,112.17601352830847,19.921576960465302,20.141447163837228,-0.9401243645505913,1.3674484252708239,2.5581459400271975,1.8397230718881943,-27.2892061
37.43999885593075,112.18590386078719,19.927952622974,20.14128476243089,-0.9413248253152886,1.3574999841270228,2.3004569054303827,1.6317342518617097,-21.6625131
37.463999671977945,112.22084856702806,19.9605679247829,20.14070930283144,-0.9455661629697805,1.3518040857763718,1.8197700327149038,1.2774530421287125,-21.6625131
37.48799973691348,112.26553505236845,20.021914628516697,20.139969648431766,-0.9509895412228618,1.3475410096956353,1.814326813340024,1.2829806157071844,-21.6625131
37.51199905097019,112.28572525205875,20.067168249354403,20.13963407092762,-0.9534397985254102,1.3436419883366042,0.43615317117395863,1.0833160687325314,-14.8522801
37.53599982697051,112.31335590612025,20.1015134006947,20.139173427322106,-0.9567928912783007,1.3421137916634545,0.4285654125978232,1.0909618933664684,-14.8522801
37.55999881098978,112.3501901674606,20.1605333003236,20.138556830777414,-0.9612626479536936,1.3429033193649775,3.5623188478022483,4.615100529959066,-4.89005651
37.583999305963516,112.44004597270343,20.2537494681338,20.13704060879736,-0.9721653426945226,1.3579207647062699,3.596558948878715,4.656254764394991,-4.89005651
37.60799904097803,112.60460128671104,20.3231489504592,20.134219574989373,-0.9921276526886682,1.3858221485025026,3.5848092861852336,4.661963007988754,-0.309758616
37.63199998799246,112.74960328988092,20.3845651735407,20.131686224180783,-1.0097135568226843,1.4109995051803632,3.576763194031588,4.665729210117992,-0.309758616
37.65599901997484,112.89769540674789,20.3978273060969,20.12905293818824,-1.0276699911345228,1.438546427922577,3.5638474648221896,4.669639823746075,0.240123337
37.67999989690725,112.9768160215551,20.390169761077303,20.127627035852136,-1.0372617500255326,1.4562495502452548,3.549827445406346,4.67175562903668,0.240123337
37.70399937091861,113.07658912096602,20.4055751647228,20.12581004938496,-1.0493554551783109,1.4787377849801167,3.536242306686585,4.674449956218771,-0.36743646
37.7279986749636,113.12114251202878,20.3613470537304,20.124991875627455,-1.0547552353060523,1.4954098142975998,3.5161467631323116,4.675662538797921,-0.36743646
37.75199975189753,113.18802826495784,20.3185019953714,20.123755707033066,-1.0628609225446692,1.512266141717016,3.4978005399406635,4.677493851000626,0.371383865
37.77599986689165,113.21810749403829,20.2664598752952,20.123196703511955,-1.0665058500885591,1.5285225347650304,3.4755560035841926,4.678321681118312,0.371383865
37.799999170936644,113.32761612464287,20.2162484548221,20.121145385434613,-1.079774341400576,1.547077090399536,3.4603334603479285,4.681357881853557,-0.333713785
37.82400000700727,113.40756666915757,20.2354065700172,20.119631729430527,-1.0894599759410493,1.5706282381526129,3.4456138422754963,4.683596666755786,-0.333713785
37.847998739918694,113.50080813211905,20.194912927017203,20.117849367179286,-1.1007541600122934,1.589432072545391,3.4297936467631316,4.686231137181716,-0.157815074
37.872000056901015,113.57991671370623,20.1573168760936,20.116322746323558,-1.1103351143654476,1.608118475072735,3.412780381233966,4.688486105105945,-0.157815074
37.89599889994133,113.65748837917151,20.1078023099983,20.11481293507432,-1.1197287380689398,1.6279081281869554,1.2249523335250592,1.1216101386061628,-6.70732235
37.91999876394402,113.81216739591385,20.124780319856697,20.11176437564996,-1.1384562320989056,1.6491257540496813,2.223154958049489,1.5548248285738897,-6.70732235
37.94399881991558,113.8066054634486,20.0700293955725,20.111874872041838,-1.1377829122136365,1.6421610466037526,2.593048947543053,1.829627465413513,-12.080683
37.96800001699012,113.91548963777413,20.0672866496082,20.109699830379753,-1.1509631750329328,1.6473562938419701,2.729302264633949,1.9536945891105368,-12.080683
37.99199948098976,113.97510741183335,20.0185103953297,20.108498306015058,-1.1581788281021888,1.6434967129382416,3.133523530732509,2.3044560738694786,-19.4705338
38.015999184921384,114.02801112172645,19.986790665637198,20.10742580586535,-1.1645812798732278,1.6412406053086934,3.426892795823852,2.5738936592857704,-19.4705338
38.03999974089675,114.2079196499663,20.003525409144103,20.10373432887063,-1.186349842026134,1.6529401385055253,2.9202390002780745,2.1590027139919243,-24.0072373
38.06399913493078,114.24015467062152,19.979126645136702,20.103065686973515,-1.190249540252849,1.645604212553241,1.9836880898225207,1.479126910110154,-24.0072373
38.087999791954644,114.29277504495968,19.9421506668063,20.10196948166352,-1.196614959114013,1.6443833063271738,1.980050970927764,1.484141953677045,-24.0072373
38.11199923499953,114.37874631946919,19.946420206111302,20.10016591648877,-1.2070136198639414,1.644084113348407,2.453601069887937,1.822127580410464,-27.2871673
38.13599876896478,114.41370007172645,19.946087618182702,20.099428169079424,-1.2112410366706345,1.6329563633222854,2.456058961426223,1.838393226878492,-27.2871673
38.15999991691206,114.49456617162593,19.9632193279202,20.097711488971974,-1.2210203142343923,1.6338169071945439,1.357979525806802,1.2560885131079949,-26.4311046
38.1839989189757,114.55415650787302,19.9712870836873,20.09643762866078,-1.228225851689662,1.6381890152570324,1.3500585676356127,1.2619642840752423,-26.4311046
38.20799978589639,114.53727884727557,19.951773552033,20.096799182789262,-1.226185111742866,1.6293611496090086,1.2788967052775049,1.246149495781698,-26.273929
38.23199942999054,114.65793310459063,20.0106028870362,20.094201303786942,-1.2407726262289158,1.634623350418066,1.2760989924709267,1.261687666321165,-26.273929
38.25599887291901,114.64553832581265,20.0145410921115,20.094469599569738,-1.2392741872392452,1.6247193556381112,0.3202138005544731,1.4348339261905017,-20.8886037
38.280000048922375,114.71637453379635,20.0833480468631,20.092931918838435,-1.2478373632624222,1.6314709272363723,0.2999579468468686,1.4521649829330119,-20.8886037
38.30399956193287,114.75447164627354,20.1227498610786,20.092100543816628,-1.2524423989486964,1.6332353858989157,0.22657211901315497,1.784636629921478,-15.2097421
38.32799886493012,114.76012579447192,20.1866179956307,20.091976894986892,-1.2531258266993732,1.6303543050080993,0.24507701369883975,1.7980838053683146,-15.2097421
38.35200001089834,114.71344580657598,20.1586051114019,20.092995704243528,-1.247483337869693,1.6186359162335973,3.2851826687991754,4.511501934838625,-5.67277647
38.37599929294083,114.81484375686078,20.2586569879949,20.09077679862715,-1.2597393657294547,1.637015925178009,3.44032390056997,4.673791643914089,-5.67277647
38.39999936695676,114.90515001791354,20.3442091730914,20.088782345884912,-1.270653025212794,1.6578273697007704,3.4339217389221135,4.685878963622118,-0.248804966
38.42400004295632,115.04344170674197,20.3782716153704,20.0856947609373,-1.2873626785658758,1.6801721380885801,3.42923419931281,4.690428218125639,-0.248804966
38.44799942499958,115.19939960715976,20.398686520287,20.082164342329406,-1.3062023861323242,1.7070304982495554,3.4175477109458194,4.695623268762974,0.285390758
38.471999589935876,115.30096524193776,20.4139055300017,20.079837617112645,-1.3184689225416297,1.732184825067558,3.3996794319581354,4.699043196431332,0.285390758
38.495998711907305,115.40411594844441,20.4036382915824,20.077452314216664,-1.3309248045786355,1.7517508703989033,3.386746004082446,4.702546043100717,-0.241868152
38.519998995936476,115.5574345834338,20.438131705755602,20.07386545178797,-1.349434779888264,1.7838577368766406,3.3719371478334224,4.70780735895844,-0.241868152
38.54399901989382,115.53934709565127,20.3506143848308,20.07429118370087,-1.347251341539679,1.7849187567660543,3.354020637258545,4.707183260874053,0.30322569
38.5679991049692,115.60164637204936,20.3121064447098,20.07282191942545,-1.3547715506425195,1.8057188842649643,3.333882018737233,4.70933668669918,0.30322569
38.591999558964744,115.6648931203965,20.2813300113866,20.071321941341182,-1.3624053427275657,1.819220862434332,3.319685081413409,4.711533881735549,-0.273641593
38.61599954299163,115.77608089426255,20.2558727246385,20.06866454149385,-1.3758236241692268,1.840275828301142,3.3047295766167215,4.71542340634018,-0.273641593
38.640000037965365,115.84338567925262,20.1916854499691,20.067043291582422,-1.3839448587572467,1.8591470797922927,3.2835213719426157,4.717794431960944,0.299264677
38.66400010196958,115.90025371277171,20.152683210442902,20.065666004434217,-1.3908060567914178,1.8710135685633047,3.2699163515873635,4.719807524340923,0.299264677
38.68799882393796,115.96461049603077,20.1216130286787,20.064099128603758,-1.3985700069190967,1.890328644727079,3.2532874949021067,4.722096449697787,0.299264677
38.711999839986674,116.04216046472139,20.0960353168463,20.062199450271258,-1.407924479012971,1.908571061875236,3.2384312722321598,4.724869722028704,-0.2784601
38.735999873955734,116.17183366084625,20.076622853560902,20.058994651098217,-1.4235636495824178,1.9299797566719803,3.2254198934484424,4.7295437926359405,-0.2784601
38.759999506990425,116.22987261134229,20.0282796763867,20.057548778934272,-1.4305623247489367,1.94856654528736,3.2067405296763933,4.731650694969136,-1.20032623
38.78399961092509,116.3389207265932,20.0104278928362,20.05481297715553,-1.443710169936495,1.969436469981315,3.1951778746776647,4.735634136762957,-1.20032623
38.80799878400285,116.41514064151184,19.9672945938931,20.052885903978538,-1.4528985395747185,1.985502471415981,2.4722622651683026,1.8495904479782421,-5.18005608
38.83199908793904,116.5500017795974,19.968368404443,20.049446237375093,-1.4691533194259876,2.001305652670956,2.5474071754195555,1.9096713893567876,-5.18005608
38.85599970293697,116.57013359613747,19.935441723242498,20.0489294864551,-1.4715794915069196,1.9953866638994564,1.649326072264417,1.5080338500269808,-10.3712949
38.87999945692718,116.61480881033678,19.8676398802329,20.047779699685258,-1.476963205841806,1.9925224226967593,1.6307096077991174,1.5102990630338053,-10.3712949
38.90399942093063,116.69695837045496,19.8195911324078,20.045654488621935,-1.4868618348700144,1.9985652678483812,2.1932954860097866,1.7277901229890846,-18.3192805
38.927998773986474,116.79277311599031,19.8015486328952,20.043157818065776,-1.4984053531837556,2.0015546127312978,2.2126381515621025,1.753076543173025,-18.3192805
38.95199999993201,116.88054759860964,19.7878690663513,20.040853702325048,-1.5089785934858562,2.0045400924169896,1.3429877012154812,1.5098453542365635,-23.632173
38.97599977289792,116.97574373178534,19.7672969954539,20.038336443966433,-1.520444101253136,2.011656977715839,1.2999440635097836,1.5204787955139305,-23.632173
38.99999988696072,117.06463876755302,19.7682127398091,20.03596859371727,-1.531149065253113,2.0159794635833457,1.9577562721163293,1.6733736943322541,-27.3867909
39.02399868890643,117.1109637759171,19.7648462360618,20.03472807169028,-1.5367270137090303,2.0130487642244526,2.0123282331896717,1.7055839770458379,-27.3867909
39.047999273985624,117.17368790447773,19.7786134644236,20.033041210971852,-1.5442788805876666,2.010497688178168,1.5715345037996942,1.5753866677646613,-27.8447918
39.07199885696173,117.2168202550535,19.7424744179456,20.0318764379304,-1.5494714780007475,2.0061237462376704,1.5149583363589845,1.5710548922912349,-27.8447918
39.09600004297681,117.23470843073503,19.779797750721198,20.031392226848766,-1.5516248822838632,2.001943221995741,0.8118053360883012,1.611078379285448,-28.5982172
39.11999875493348,117.29943830790145,19.7625568161371,20.029634446116095,-1.5594166231817947,2.0086805174240188,0.6645397988228804,1.6653637660678622,-28.5982172
39.14399964094628,117.33902279056576,19.797927171082403,20.028555163862258,-1.5641811201456768,2.0063190562405553,0.03096289771013107,2.0164135194645034,-24.7025541
39.16799944394734,117.44371690339256,19.823248997554398,20.02568477226436,-1.5767808797923057,2.0161852375408755,0.28740673510560616,2.1999584028912245,-24.7025541
39.191999207949266,117.53155290412407,19.9009654554055,20.023258805711322,-1.587350101725672,2.0248302749278118,0.39139474641786354,2.278840545154265,-18.6910387
39.21599927195348,117.5248870206296,19.9323661987908,20.02344348115651,-1.5865480565071486,2.0183967195382775,0.4641804851859735,2.33352430569824,-18.6910387
39.23999956494663,117.51689845382279,19.9732468515136,20.02366467795966,-1.5855868530980621,2.0161256893301225,0.9693154274855966,2.729038824588029,-9.26927186
39.26399887597654,117.49705253515246,19.9794787017182,20.024213614543335,-1.5831988895329485,2.0122601358959873,1.9028928760604937,3.537008056687161,-9.26927186
39.28799890889786,117.61568394990363,20.0818504897292,20.02091996458488,-1.5974720614314744,2.0319408190173265,1.9090532896258507,3.557053658826559,-9.26927186
39.31199883297086,117.63801142137561,20.1312266917931,20.020296763944906,-1.6001580822233097,2.0370301667463715,1.900715624979841,3.5582595210137895,-1.47574842
39.33599955693353,117.7850139314739,20.2771289372966,20.016167504117195,-1.6178401611212738,2.0619939801923586,1.8970212618717726,3.56623797942625,-1.47574842
39.360000039916486,117.91276201985495,20.3277943735015,20.012542227934194,-1.6332027188675664,2.082090799931021,1.8883247537586723,3.5732263301946308,0.198004736
39.38399908191059,118.00239173535253,20.346323571139703,20.009978225582604,-1.6439793343085254,2.0994249016388014,1.882749799927536,3.578159735823224,0.198004736
39.407998913899064,118.0509412483148,20.291858123616098,20.00858234425,-1.6498160045436139,2.1070037282092304,1.8740957766349446,3.5808423818505433,-0.270425846
39.43199898698367,118.23788291057548,20.354757612162903,20.003161233571134,-1.6722858951402644,2.1379384502646124,1.8679163580595233,3.5912397338789983,-0.270425846
39.455999691970646,118.32415638111094,20.336624367818303,20.000634651275284,-1.6826533689729801,2.1492339752143215,1.8628548087902919,3.596074161816772,0.145968259
39.47999969497323,118.32172279765223,20.2710359885412,20.000706134706668,-1.6823609460112545,2.153199867178331,1.8486729689043697,3.595937482720676,0.145968259
39.5039998779539,118.41652813263914,20.246008365311,19.9979121576067,-1.693752013898061,2.1680892972206394,1.8401397881403494,3.6012753915718,-0.219792514
39.52799960994162,118.43629356215077,20.2218780524786,19.997327280673137,-1.6961266456917363,2.1749453715093443,1.8314549683662698,3.602391691481668,-0.219792514
39.551999803981744,118.50968573108408,20.1465255054522,19.99514836593416,-1.7049433418190072,2.18571554684196,1.8204138883076044,3.6065470088667184,0.164898877
39.575999174965546,118.56090682830266,20.099220518348197,19.993620983492104,-1.7110959563120929,2.1950465588129053,1.809850431596538,3.60945665322317,0.164898877
39.600000009988435,118.67272734303808,20.0717924174906,19.99026743631044,-1.7245258626372062,2.2107984748215257,1.804111657672618,3.6158360113474615,-0.754207434
39.62399963196367,118.77728302259982,20.0717479003081,19.98710803408869,-1.7370809673681888,2.2303477156169755,1.7946604209038817,3.6218346589694246,-0.754207434
39.647998753003776,118.90247867798945,20.040970833419,19.98329477874938,-1.7521116342905607,2.2462643203777275,0.8246797779589822,1.8406630890009714,-3.41243778
39.671999066951685,118.97627762110787,20.0285580123895,19.98103158412339,-1.7609702645609473,2.260203203774615,1.1676347014016706,1.77539660777032,-3.41243778
39.695999560994096,119.08944852763655,20.0362475137455,19.977538783946443,-1.7745528675999267,2.2703177102797043,2.5286995648282065,2.1102546424166517,-9.50143752
39.71999948390294,119.12482621526325,19.9610497957135,19.976441411171916,-1.7787983146447006,2.261544088750248,2.821770823111146,2.2925472324023217,-9.50143752
39.74399958597496,119.26892914545621,19.970529394082202,19.971944404846038,-1.7960885632085646,2.2708167967521473,1.8451078822636169,1.8606418632456276,-14.2656808
39.76799948990811,119.33336755904287,19.9233691645927,19.969919398136927,-1.8038188756393316,2.2749625276608603,1.4809601896298235,1.8080395841001176,-14.2656808
39.79199948196765,119.38767665093985,19.8588415039904,19.968205952200833,-1.8103333791666867,2.275910250565731,1.1973591215594832,1.8173029927081885,-19.9767987
39.815998963895254,119.4871825253984,19.8611224087751,19.9650505162884,-1.8222677967309902,2.2830248034271823,0.9898596943962829,1.8569454714968063,-19.9767987
39.83999927795958,119.55624565865762,19.850580382556398,19.962848255253835,-1.8305498321472877,2.285979704774193,0.9728837456083139,1.8675932827906951,-22.3718269
39.86399869993329,119.65696947591621,19.8586061147634,19.959618495689035,-1.842626880306582,2.2951003743556515,0.9392306226042247,1.88481779734359,-22.3718269
39.88799930398818,119.73578904056883,19.854279872930597,19.957076285281797,-1.8520761198831126,2.299169741301686,0.9395898213051481,1.893073330310773,-22.3718269
39.9119994569337,119.77364553458713,19.8139267780072,19.95585065354962,-1.8566140775797737,2.2965182042168335,0.39249351789482617,2.0782410958872037,-24.8515558
39.93599922989961,119.81671128525284,19.8338566581477,19.95445271902625,-1.8617761298334174,2.299604822011634,0.3907917369863781,2.0835012773321964,-24.8515558
39.959999472950585,119.86029422336239,19.8405709233782,19.95303404215209,-1.8669997921321724,2.3014307821787208,0.4386969588260173,2.5654043828420017,-23.7844736
39.98399886500556,119.94479326806157,19.874329545415,19.95027216561177,-1.8771263857990423,2.3128154198862583,0.44513899547162583,2.579616623221189,-23.7844736
40.00799982994795,119.93486651366419,19.8952753219842,19.95059739954451,-1.8759368117314483,2.3068213720091744,0.40323227333514405,2.550966013692454,-22.8944222
40.03199973190203,119.99505276437212,19.8949181522575,19.948622328456874,-1.8831489334382108,2.3108916965591186,0.400616466034153,2.5574079270557877,-22.8944222
40.055999464937486,120.1084865668087,19.9547353548156,19.944879271174443,-1.8967397163572952,2.32255441568269,0.19926117699718124,2.4354066684480538,-18.5212457
40.079999547917396,120.06617753009058,19.924089899004,19.94627852280799,-1.891670871603451,2.3109723831479783,0.19186118929558166,2.4306889927095163,-18.5212457
40.103999510989524,120.12783577883336,19.996460445882597,19.944238102097223,-1.8990577326034925,2.319409430230401,0.5513157244688902,2.6783624432180533,-13.6296321
40.12799972400535,120.10344973218265,20.021053351516798,19.9450460467114,-1.896136296153935,2.3120686452691146,0.5629251345425752,2.688242125163764,-13.6296321
40.15199966693763,120.20492435568399,20.0911983767914,19.94167586060627,-1.9082921131357329,2.3264954940790745,4.850194936185888,6.486248183581241,-5.75993979
40.175999108934775,120.24945565805992,20.134465827719698,19.940190078157276,-1.9136259338184378,2.33745175847566,5.068845164825521,6.710633205924497,-5.75993979
40.199999732896686,120.43867842476392,20.277806109907402,19.933830399986164,-1.936285958890664,2.3756539127494887,5.0657784024975046,6.7279205695959,-0.14749154
40.22399959596805,120.56072408558278,20.311848141931502,19.929688768690887,-1.9508974557849572,2.4016933967837524,5.051913580159629,6.732122473696157,-0.14749154
40.24800001794938,120.6917074512685,20.334313741125698,19.925209172780484,-1.9665756211890637,2.428144155840135,5.03556669319409,6.736663307994912,0.202376375
40.27199956891127,120.74630211230348,20.3187023281815,19.923331455461142,-1.9731093456746922,2.4466961923712143,5.014283419589666,6.738565476555009,0.202376375
40.29599994199816,120.80153738202112,20.257646390706302,19.92142536224914,-1.9797191193574195,2.460573472667708,4.991525868282591,6.7404956562698315,-0.189727339
40.31999883195385,120.85679600574822,20.252474226163798,19.919512079693433,-1.9863310666443508,2.4823971812342505,4.970386561783349,6.742432373435899,-0.189727339
40.34399957489222,120.92343024847962,20.210059719548898,19.917196435207604,-1.9943033323999768,2.497150121673303,4.952067542627814,6.744775387199147,0.23595365
40.367999506997876,121.00605124427463,20.1580500961796,19.91431233606365,-2.004187032952506,2.5175916026837024,4.928630285758797,6.747692055754983,0.23595365
40.39199948892929,121.13980137241569,20.1615253424209,19.909613197155345,-2.02018421061045,2.546613156561962,4.908995652373238,6.75244066231918,-0.238159946
40.41599906992633,121.20391994580606,20.1175987586279,19.907347215895804,-2.0278518170694015,2.5647716606589723,4.888069039266705,6.754728907990832,-0.238159946
40.439999652910046,121.22800502682722,20.0594539640731,19.906493817869414,-2.0307318100599305,2.577339135602592,4.867869228852874,6.755590423563323,-0.0860489374
40.46399896393996,121.37971768269011,20.0800452082335,19.9010903744385,-2.048870254340795,2.609756250827253,4.848116961502397,6.761041875051841,-0.0860489374
40.487999866949394,121.3987471440017,19.9911768921073,19.90040922136098,-2.0511450451606557,2.6192133267783313,4.828098910489914,6.761728665229746,-0.0860489374
40.511999658891,121.5315232522432,20.005476152199797,19.895635493820002,-2.067015107646552,2.647662510154876,8.2529519765631,10.098694649029108,-2.43977333
40.535999419982545,121.5798654450391,19.948963922483802,19.89388829285651,-2.0727923140093933,2.6648002573017364,8.271454216162363,10.13873117659085,-2.43977333
40.55999991297722,121.63662275142963,19.9028891143016,19.89183072094235,-2.079574572163453,2.683718711986116,11.953035896328275,13.785459877305831,-3.12862149
40.58399928396102,121.76523225062382,19.9053721543259,19.887143464824522,-2.094940428816959,2.71054390236736,11.986693614453882,13.838952144927962,-3.12862149
40.607999936910346,121.8445838188281,19.860435302165797,19.884234218637758,-2.104419417456224,2.731422570491644,7.808065546617146,9.752479111258406,-5.43881662
40.63199889694806,121.91221064654344,19.8127650464405,19.881744458664663,-2.1124968042813905,2.751095476008408,7.750098317863951,9.718298050109134,-5.43881662
40.655999179929495,122.00145331606903,19.7885977884529,19.87844427575235,-2.12315456808758,2.7733619810798897,1.9637712403453922,4.285966171732163,-9.44518021
40.679999211919494,122.04792835338249,19.742317818728,19.876719052419045,-2.1287041823871253,2.779626258487205,1.844362676166536,4.191935803302953,-9.44518021
40.70399991492741,122.14490663251055,19.722504509070397,19.873104556756875,-2.1402829980156457,2.795916930175449,2.051383666382068,2.1583592447461646,-16.0439215
40.72799948591273,122.1805479454228,19.7131671058681,19.871771231149673,-2.1445379433355938,2.7986630084788207,2.178212119951538,2.1825432115316294,-16.0439215
40.75199908693321,122.2387481780516,19.6654450975776,19.869588288749444,-2.151485467378715,2.7971805255686935,2.769544614276427,2.374582895959343,-21.1822266
40.7759999409318,122.29845572918154,19.643739623182498,19.867341466973482,-2.158612203313377,2.7965376995080145,2.7996243083742662,2.3977296706788227,-21.1822266
40.79999891098123,122.36449823032109,19.628124589648,19.864847595900613,-2.1664942327167127,2.794909277298817,2.7760130442228683,2.3982768550735303,-25.3302207
40.82399868196808,122.4468960555744,19.5893572188591,19.861723365251596,-2.176326981342054,2.792909014567267,2.772067427662479,2.410723247862377,-25.3302207
40.84799969592132,122.55277629445249,19.635784449407602,19.857687977555017,-2.1889599045455777,2.795356135282857,2.636986777561299,2.3731868685200572,-25.5318621
40.87199940800201,122.61236383319876,19.6331038174025,19.855406651833558,-2.1960684807706756,2.7947754372188376,2.620201858631805,2.376949380135751,-25.5318621
40.895999428932555,122.66118514926077,19.6561803554213,19.85353199616801,-2.2018921429535463,2.788445919771045,3.088928695740164,2.6052718363917475,-25.4226711
40.91999903100077,122.66787389322232,19.6038536773861,19.853274772689275,-2.2026899732589684,2.7751096545887433,3.19624357044703,2.669632317841703,-25.4226711
40.94399989396334,122.78151805414934,19.6847009788878,19.848890198681172,-2.216243993166094,2.777390731804799,2.972977038040762,2.571512777806021,-22.958121
40.96799943491351,122.80164381581264,19.6718946669061,19.848110908385603,-2.2186440598956176,2.766393077123267,2.8899383908431666,2.538912643682904,-22.958121
40.99199870589655,122.82925632258701,19.704446919997302,19.84704034975026,-2.221936811553393,2.75869720006224,2.069097630646789,2.262241189509173,-18.6531115
41.015998938004486,122.82299750273944,19.736358527235502,19.847283148414103,-2.2211904700247773,2.7532978578110083,1.4721176976001016,2.227299806940894,-18.6531115
41.039998709922656,122.92452315971946,19.8198365723276,19.843334579751154,-2.233296042506291,2.764258297600058,0.6861646412168716,2.425567011726076,-10.7006087
41.06399972399231,122.92929512384545,19.844853711107902,19.843148458387034,-2.233864983105554,2.7577303866378604,0.7565456824213532,3.2686638888111346,-10.7006087
41.08800002594944,122.9825383854562,19.9129785489054,19.841068587831277,-2.2402126290682762,2.760705382952693,0.7658062159175584,3.280252956821577,-10.7006087
41.11199955700431,123.05597590921424,19.9856211617129,19.83819016467921,-2.248966873059148,2.767534371350737,0.7641214106026643,3.2862343043773663,-1.69553588
41.13599992892705,123.12800734082107,20.0700916225939,19.83535593758732,-2.257552424420432,2.776354207805191,0.7628701853696576,3.2921124344357047,-1.69553588
41.15999924996868,123.31448812293671,20.1835079552575,19.82796824718251,-2.279774434899602,2.80259256965828,0.7671330887682561,3.3073817401276413,0.121252628
41.18399931292515,123.3887050476138,20.1826979631137,19.825007892304008,-2.2886165151509674,2.8111900185403855,0.7650402916666054,3.3134792115350797,0.121252628
41.20799893292133,123.50081154560208,20.1623377740711,19.82051445340854,-2.3019705453790618,2.8251735779091276,0.7638380657842382,3.3227114762974668,-0.217631537
41.23199895489961,123.65367504567828,20.2108270257632,19.81434522971105,-2.32017534286251,2.8485426801957443,0.7640290612652452,3.335342214439406,-0.217631537
41.25599897594657,123.76319832952603,20.2148530221187,19.80989520691074,-2.333215712012632,2.8651300220875515,0.7617043079298136,3.3444213576829678,0.0905585063
41.27999888698105,123.72886714718007,20.1110583220466,19.811292798221306,-2.3291283423896187,2.8581579374369093,0.7521938674321064,3.341572775436975,0.0905585063
41.30399942898657,123.7914329415211,20.0772027505255,19.808743963094006,-2.336577059738891,2.8634678436877223,0.7493252339096469,3.346765880102863,-0.173724591
41.32799871789757,123.8768819591467,20.0813254815258,19.805249739044807,-2.346748815335148,2.8769106403736604,0.7459060337826904,3.3538711523528857,-0.173724591
41.35199992195703,123.9218803249027,19.9889396136725,19.803403535673233,-2.352104764960842,2.880811499895001,0.7396091588592671,3.3576187760365985,0.115348372
41.3759989310056,124.00308961641394,19.9546378513373,19.800060998903742,-2.3617696777438684,2.8916308298309645,0.7331672110221169,3.364392433621759,0.115348372
41.39999944297597,124.07275442006905,19.9210742781094,19.797182693930246,-2.370059568330934,2.899579908089539,0.73140438604426,3.3702136291454017,-0.266934497
41.42399904294871,124.22327749392078,19.936792848506,19.790929136350258,-2.3879679136881573,2.9199955708652108,0.7313528141131203,3.382824055036715,-0.266934497
41.44799965491984,124.34362834622536,19.9332147734701,19.78589519739689,-2.4022831781146547,2.936185276028807,1.8319533614339423,4.243138922864454,-6.12948155
41.47199984593317,124.43629587920543,19.9089484353017,19.78199864990145,-2.413303578952761,2.9556368500957113,1.9748225534302788,4.376445589183811,-6.12948155
41.4959987149341,124.58728846123154,19.8738560907935,19.775611365603034,-2.43125642686786,2.9769447401342664,0.3959583793203079,2.7523210990851883,-9.90495169
41.51999913598411,124.66269968893357,19.8357980622748,19.772403576345273,-2.4402209700300044,2.985714740235216,0.908284942906091,2.5615735440484317,-9.90495169
41.54399926797487,124.70531607662798,19.8119382032108,19.770585563534606,-2.4452864912964842,2.9884482889588466,0.4401789783343963,3.2371625073603214,-12.90329
41.567998727899976,124.7086112520557,19.7505237822315,19.770444834318017,-2.4456781508086203,2.986902640704305,0.9434697654430593,3.591429618011876,-12.90329
41.591999609954655,124.8518668640466,19.778433686963503,19.764304908980883,-2.462703119293719,3.0047799968918234,0.5289659139930576,3.3106128867041593,-17.3736012
41.61599906999618,124.94008643562213,19.7438573279377,19.76050260896959,-2.4731853077687203,3.015642087315296,0.22021193397224326,3.1230823615828385,-17.3736012
41.63999913097359,125.02299056622488,19.7282988835049,19.756914670039592,-2.48303444862667,3.0225126144874648,0.5507947459778915,3.341987094076224,-18.9864584
41.663999091950245,125.03362109906716,19.6744320706084,19.756453567291718,-2.4842972695178314,3.021356778262666,1.1597266576991836,3.7824702083606976,-18.9864584
41.68799958389718,125.14403864264018,19.7029688690527,19.75165029019025,-2.4974125898865687,3.0375992514076993,1.1663502560757022,3.798848380463498,-18.9864584
41.711999455001205,125.16482240504084,19.663536038914,19.750743343329663,-2.499880988098446,3.0456352588293836,2.4065158394615884,4.81836397149773,-20.7024592
41.73599920491688,125.25988837323732,19.674077057296802,19.746583487402223,-2.5111704220129067,3.0606340435406185,2.4175927351120277,4.8426882213636,-20.7024592
41.759998654946685,125.29398865154396,19.664305114127398,19.74508676889509,-2.515219498491716,3.068822956684427,4.588012485810338,6.8069926916589525,-19.6116631
41.783998956903815,125.30808365297707,19.6638064730023,19.7444674103498,-2.516893072335486,3.0775145752275255,4.607435434208907,6.846450245919604,-19.6116631
41.80799895792734,125.34068889496125,19.6525730045777,19.743033099329935,-2.520764306544747,3.089159006243204,4.025288014838604,6.3292709906972275,-18.2161147
41.83199902798515,125.43776858696584,19.6956216278051,19.738749475583706,-2.5322893120668613,3.109326785653711,4.018465989718476,6.343867145292794,-18.2161147
41.855999820982106,125.4990272947247,19.734020730417598,19.736036378462035,-2.5395607517669356,3.1272608606802117,5.345654385462803,7.602404285265694,-13.715869
41.88000004191417,125.49938320960352,19.7278705687243,19.736020592528536,-2.539602996765069,3.1348445664736175,5.37538522274792,7.651416148043577,-13.715869
41.90399924200028,125.55649212325062,19.7828131501919,19.73348422849209,-2.5463811471273172,3.1539922053722824,6.551765225348524,8.78997661764605,-8.95779242
41.927999803912826,125.56391738661554,19.763110664870897,19.733153954826054,-2.547262387972934,3.16018286315338,6.588540406837438,8.849863453046183,-8.95779242
41.95199968398083,125.57783785798226,19.7813874067559,19.732534467745978,-2.548914458480607,3.17178643974831,10.547434118212905,12.711515727881585,-4.41325513
41.97599956498016,125.64833965822547,19.833489970725303,19.72939082923351,-2.557280937490868,3.1917020522622703,10.751298861551977,12.934251390609237,-4.41325513
41.99999994691461,125.7315206192883,19.8935917840835,19.72566856954476,-2.5671507286893247,3.2149571379420956,10.74277823429325,12.946612222308636,-0.153672859
42.02399953699205,125.81022718714007,19.8779356306058,19.72213331524225,-2.5764882878379574,3.2356980691216837,10.721725186590064,12.948436525677446,-0.153672859
42.04799937794451,125.90137977311436,19.8597463636152,19.718022963473942,-2.5873008016921486,3.2564927162024584,10.703383661652335,12.950556947262108,0.0529880696
42.07199932797812,125.98832428136781,19.8474744381578,19.714086306540814,-2.5976125417401974,3.2799951363664346,10.683656094512408,12.95258711018491,0.0529880696
42.09599926893134,126.16459025726847,19.8880783117596,19.706057257715464,-2.6185131004651114,3.314370922936995,10.666335351182484,12.956725771950232,-0.140208982
42.119998708949424,126.26454023973987,19.8806425556711,19.701475836546877,-2.6303616910498575,3.336770768194788,10.646824075610217,12.959086130355313,-0.140208982
42.14399923093151,126.35459872341401,19.8488778273768,19.69733007521386,-2.641035907847149,3.3565906958965996,10.627797178557953,12.96122129561182,0.0764499015
42.1679995629238,126.42097124015883,19.815741031647498,19.694263914794956,-2.648901653296547,3.3766575486479744,10.60436503820205,12.962799989394197,0.0764499015
42.191999793983996,126.4820727226135,19.7729949132349,19.691433184399706,-2.656141920733423,3.393881527942078,10.584213367702164,12.964257125641941,-0.170044441
42.21599903295282,126.57634680291025,19.7727324831093,19.68705044406514,-2.66731147209103,3.418303475117811,10.568025763003671,12.966512525696473,-0.170044441
42.23999976494815,126.68551591787059,19.7532716418576,19.681952232292243,-2.6802434617751847,3.442719075816083,10.548110208411158,12.969135133180833,-1.17832775
42.26399991498329,126.70929912345579,19.7036977512861,19.680838277792798,-2.683060450055973,3.4562792516423544,10.524767162992395,12.96970803027758,-1.17832775
42.28799993498251,126.84370888384942,19.7040750992722,19.674520787879445,-2.6989783163093817,3.4857059048123045,10.506597869167884,12.972956111362873,-1.17832775
42.311999884899706,126.96590253893261,19.6753398530033,19.66874500252235,-2.713446177538548,3.5074455776111617,1.6814969305341907,2.763067402171631,-5.51175384
42.33599863189738,127.07740558737088,19.660267125001603,19.66344755324247,-2.7266455343357543,3.5245031102687725,1.7490701118495424,2.7649730363734504,-5.51175384
42.3599994139513,127.09101726335761,19.6259543042119,19.66279910672746,-2.728256660716853,3.522990611463017,3.6589467819340413,3.0908928403109033,-11.0778574
42.383999563986436,127.13815962325708,19.575389019579298,19.66055032725485,-2.733836298408736,3.520128341400247,3.6747850256169534,3.1076155380306063,-11.0778574
42.407998792943545,127.22369218024288,19.5451962227368,19.656458516045078,-2.7439585046316894,3.5188961670714005,3.7776432627059533,3.173969125561702,-17.5067693
42.431998922955245,127.3192032137753,19.5547269996275,19.65187144488761,-2.755259786507241,3.5231393973212883,3.7783590416906767,3.1917537842120716,-17.5067693
42.45599979395047,127.39116352830565,19.527328216652098,19.64840296314679,-2.763773182492084,3.52044408114214,2.4859556699930314,2.7834948748752497,-22.020265
42.47999920300208,127.48149034216696,19.5058731914511,19.644034049219087,-2.7744579248047385,3.52144485187734,2.4571442237042924,2.792121356338931,-22.020265
42.50399908295367,127.55488864610321,19.4904647248093,19.64047149771873,-2.7831389373194027,3.522220130329688,1.0428084717655972,2.990039069921621,-24.7527388
42.527999362908304,127.6927334299367,19.5155256363389,19.633750769392865,-2.7994391532456855,3.533672922459391,0.995136607041548,3.020834867885429,-24.7527388
42.551999492920004,127.71083806628606,19.4973018427702,19.6328651435873,-2.801579739591271,3.5310850377881753,0.8920922388832216,4.118132025365399,-23.540548
42.57599920290522,127.76349814097337,19.513305283127,19.63028531289907,-2.8078055679637037,3.536710116644445,0.9870991951984985,4.193631966924766,-23.540548
42.59999895293731,127.81799789206336,19.529721930056198,19.62760931633125,-2.814248282434331,3.541189999818338,0.8112958620168709,4.071403860321191,-20.0564012
42.6239987219451,127.85735239056595,19.523251513079,19.625673148554053,-2.818900205877903,3.542242776415337,0.7984051366856524,4.065921729459642,-20.0564012
42.647999372915365,127.8732229324387,19.545530904398397,19.624891441289247,-2.8207761013394244,3.542975743464424,2.2976383369600617,5.25532012620402,-17.6165764
42.67199979291763,127.94422317693798,19.580359651,19.621387930350306,-2.829167671106139,3.5541548498159843,2.4956912714450694,5.435252932365907,-17.6165764
42.695999352959916,127.99784529139669,19.5824529101883,19.618735035324143,-2.8355046055037905,3.5615728714484005,2.9851926414723997,5.872884808724818,-13.2533789
42.719999983906746,128.0277190438152,19.6263414045543,19.617254485728186,-2.8390347527751083,3.5719809980065027,3.0917787425117496,5.98130610353805,-13.2533789
42.74399982299656,128.0968554355061,19.6628447628272,19.613820995361415,-2.84720380225273,3.586890164053902,5.218259964183303,7.936363876701887,-6.82307727
42.7679993819911,128.07728624705751,19.6812673423891,19.614793854045768,-2.8448916390225327,3.5879945195820038,6.020250097793088,8.704373275543045,-6.82307727
42.79199862095993,128.09298857805817,19.7278990673765,19.614013294292473,-2.846746926855071,3.602207412146774,6.019499351194129,8.727240628646777,-1.07179294
42.815999502898194,128.18693128116232,19.8013372066677,19.60933277497712,-2.857845518324908,3.626189653556252,5.997858219610022,8.730842071330542,-1.07179294
42.83999870100524,128.25641228355903,19.8622421225126,19.605859279094197,-2.8660529586846857,3.6480909269630586,5.976636951498187,8.733513402024741,0.100130345
42.86399869096931,128.43200436455606,19.9292642505496,19.597036609953214,-2.886790239966868,3.6837972673737225,5.959033739975265,8.740293365831317,0.100130345
42.88799890095834,128.51372588421506,19.9241275140572,19.59290876673746,-2.896439272222966,3.7031882019531914,5.941061600928057,8.743462933148233,0.100130345
42.91199971293099,128.6374257384597,19.9775288103418,19.586634305054684,-2.9110421000580566,3.733894712465826,5.923122750728747,8.748277667072141,-0.093942321
42.9359992420068,128.75473137921173,19.9712593905234,19.580654981963246,-2.9248871104479113,3.760188913773056,5.903420680210702,8.752862436284987,-0.093942321
42.95999881089665,128.81091440043988,19.9412146838558,19.57778114679034,-2.93151709038581,3.7755716751232895,5.885159770434749,8.755064799967187,0.128270105
42.9839986799052,128.89687531489042,19.9006339679652,19.57337151819275,-2.9416597771106567,3.793837601018627,5.865057202417907,8.758442596357101,0.128270105
43.00799869094044,128.91535485820214,19.8459425467327,19.572421560927776,-2.9438400090198984,3.809674743331062,5.8383816625753235,8.759170027052583,-0.067438345
43.031999231898226,128.95338220577068,19.7881936494924,19.570464513345627,-2.948326280579471,3.825136245062124,5.817101207923252,8.760668369064222,-0.067438345
43.055999912903644,129.0602465593854,19.7675985412052,19.564948841220893,-2.960931956283866,3.8487634616547233,5.796340024920907,8.764889295141728,0.0542889231
43.07999979192391,129.08767413897615,19.7056320968649,19.56352939894732,-2.9641669138657254,3.860843850386769,5.7757612716805316,8.76597507392133,0.0542889231
43.10399992298335,129.19653399889324,19.6795559678946,19.557880332722302,-2.977004870894684,3.8895447586535163,5.75232036507036,8.770294353336846,-0.0533154194
43.127998900949024,129.28950654168688,19.655178749711002,19.55303634503388,-2.9879672391999756,3.908455575902631,5.73602888312361,8.773995680555515,-0.0533154194
43.151999410940334,129.38670727591838,19.620984936663902,19.547952992760226,-2.999426200384604,3.9310916805605283,5.716193640025242,8.777877542059228,0.107796057
43.17599945096299,129.46528405725897,19.5855580366228,19.543829378592918,-3.0086881310255666,3.9506042264796375,5.697498342296911,8.781024730939194,0.107796057
43.199999781907536,129.5754649578137,19.566169176009,19.538025768655285,-3.021673075604666,3.978939689628731,5.6747542612276,8.785451422115067,-0.995848345
43.22399890993256,129.62433908302617,19.5315829408141,19.535443382532105,-3.0274321250910177,3.995515421702636,5.655502461052013,8.787420122631074,-0.995848345
43.24799969990272,129.76833822886286,19.525794615195597,19.527806192309843,-3.0443972296593067,4.02676857334563,0.9955564533250861,3.4486749063748197,-4.54423685
43.27199934795499,129.8552960814567,19.5054716402929,19.523173559893426,-3.054639950704469,4.042800883030547,1.857838861231975,3.149278245584242,-4.54423685
43.29599938692991,129.9561553770585,19.4635935852891,19.51778081010708,-3.0665181104952324,4.051510333910081,2.9156855270632533,3.0803266776074136,-10.945175
43.319999325904064,130.00113628520273,19.4290944443209,19.51536900780083,-3.0718147998544354,4.0531569568898655,3.1445195763084772,3.1161651193940414,-10.945175
43.34399909398053,130.08717263331934,19.4044514114955,19.51074426434819,-3.081944744418507,4.052050020777282,3.040780193155923,3.1124566931365596,-17.8439403
43.367999583948404,130.14185872893327,19.358374011544,19.507796773086973,-3.0883826858714802,4.052523550974657,3.005325358528421,3.1148025607904497,-17.8439403
43.39199887192808,130.22444145919727,19.3189372466025,19.5033340195621,-3.098103567930003,4.052831422717853,3.002706059049669,3.1253733469858656,-24.4883783
43.41599938191939,130.27350164890007,19.2857795798446,19.500676163851853,-3.103877799170808,4.0455868063173055,2.9986415308284786,3.132490809971214,-24.4883783
43.43999909993727,130.38238271733476,19.3083379087591,19.494759774305106,-3.1166909376778995,4.0504061944657535,2.813270312400604,3.126791181056354,-27.7921708
43.46399999095593,130.42951462354898,19.2611686479194,19.49219114316474,-3.122236646698269,4.041923417881207,2.472170866940823,3.1231990118881328,-27.7921708
43.48799982992932,130.53421521764642,19.2780304513357,19.486468718568513,-3.134554407155882,4.046858526242988,2.4704798908704757,3.135300135311617,-27.7921708
43.51199978799559,130.55180622248994,19.264817774144902,19.48550506479262,-3.1366237161413917,4.03957544710034,1.7790473439048782,3.2255626783632514,-28.5811538
43.53599941695575,130.59268454226716,19.2609699930745,19.48326324647803,-3.1414321629631696,4.035126216180714,1.775111565029832,3.2292643919116486,-28.5811538
43.55999939492904,130.68666444999985,19.290115432879702,19.478096222323558,-3.152485513100292,4.038630745523924,0.40559102713205425,3.7926286261166102,-26.7857153
43.58399904391263,130.67504825871364,19.2989692208408,19.47873586654911,-3.1511193883139104,4.036747256723001,0.3958413326371296,3.798521866966402,-26.7857153
43.607999983942136,130.75689787591386,19.3447014493519,19.47422290945963,-3.1607447203575254,4.044094084896828,0.036226136832206955,4.016869628750385,-25.1320257
43.631999481935054,130.78236782794073,19.3481786278894,19.472815754563385,-3.1637396394240187,4.039629074308083,0.03129044868616998,4.022255014117166,-25.1320257
43.65599960193504,130.82404495598124,19.3954547352231,19.470510311024512,-3.168640004062209,4.041953380774699,1.8483044367209636,5.393188234104854,-17.3560621
43.67999966000207,130.8730742630217,19.456983666337702,19.46779359177168,-3.1744043596576983,4.046269178282316,1.88832123579781,5.432527045039258,-17.3560621
43.70399989990983,130.93248019533397,19.514943191705598,19.46449527347679,-3.181388006180012,4.055889695757404,3.4080539091424824,6.735465059396575,-9.27283218
43.72799974796362,130.92272152469553,19.5335270791131,19.465037590011548,-3.18024084723303,4.063665597274118,3.455025602252148,6.796590154492374,-9.27283218
43.75199862499721,130.9484502691549,19.5767305272954,19.46360734914453,-3.183265289210171,4.071676142551905,3.4448454829539146,6.8030761151966175,-0.664296423
43.7759993749205,131.01772707367653,19.584570000134903,19.459749533298634,-3.1914081533638377,4.087992962612064,3.4326313176463423,6.806876066506798,-0.664296423
43.79999883391429,131.20076101831478,19.651108365280603,19.449509414639795,-3.2129172323323774,4.125292019881575,3.4210536798012705,6.8169499194976835,-0.159648719
43.82399879198056,131.24662207348297,19.639721369585,19.44693284858352,-3.2183054384084633,4.140605592208565,3.4055999079876256,6.81948176086162,-0.159648719
43.84799991291948,131.39281204296287,19.6476670004022,19.43869072859239,-3.2354782793684107,4.165559129931264,3.3918304602043268,6.827573038485212,0.0643444531
43.87199890089687,131.47277168495097,19.6137102461537,19.434164048143938,-3.2448691609168305,4.180545980002006,3.3767300658404067,6.832011849242287,0.0643444531
43.89599873893894,131.58089538250408,19.580178986773102,19.428022034478797,-3.2575656107939945,4.204494476809447,3.3576374333403076,6.838028959488895,-0.131072321
43.9199999809498,131.70006819768832,19.5907702948877,19.4212245264577,-3.2715566186318896,4.230281674190989,3.3406355639416874,6.844680636559502,-0.131072321
43.94399992900435,131.7535339811024,19.535142786625,19.418165400476738,-3.27783257094629,4.241793718880294,3.3257996239776877,6.847671536168375,0.0585804828
43.96799970790744,131.82281500678093,19.4847029844011,19.414192642168334,-3.285964050362041,4.25791199215424,3.3091510518147005,6.851553291424229,0.0585804828
43.991998944897205,131.88466420011824,19.452532668230898,19.410637711096534,-3.2932223940581475,4.273785165715012,3.2921695739840082,6.855024495479074,-0.135744112
44.01599923497997,131.9544493796302,19.4315655871651,19.40661720186509,-3.301411089165117,4.291893313012573,3.2768043757159124,6.858947705457345,-0.135744112
44.03999901295174,132.00501585361658,19.3716605045162,19.403697681014414,-3.307343983634747,4.3037393417430945,3.263867343935692,6.861794840818309,-1.80777227
44.0639990119962,132.08618602189335,19.346065280123298,19.39900023187443,-3.3168664255418463,4.323024344586526,3.245211637591004,6.866372772683702,-1.80777227
44.08799860998988,132.20896661711444,19.318129596597103,19.391869000034166,-3.3312677015054164,4.345341190472708,3.2328574413983016,6.873315391343479,-1.80777227
44.111999440938234,132.33268082786566,19.328396437690998,19.38465222679003,-3.3457752254061703,4.366796170821381,0.5558100632826337,4.023412866876608,-4.57775012
44.13600000098813,132.44025537159888,19.3178024517669,19.378351402673363,-3.358387448395545,4.376703945816482,0.5735084763268794,4.021734941455497,-4.57775012
44.15999895799905,132.47120153564634,19.2758561772417,19.376534432503686,-3.362015171044929,4.381871440214702,0.4749045969709634,4.08137221129887,-9.39332903
44.18399939790834,132.52909176127375,19.2252086925551,19.373130192270988,-3.3688009122141747,4.384777238008457,0.4755122880405928,4.088238261181474,-9.39332903
44.20799895492382,132.62590581160353,19.2196231435875,19.367421660106608,-3.380147600077856,4.392328000615456,1.8556179163898652,3.505354599476631,-15.3706715
44.231999775976874,132.7368764235254,19.1862242461156,19.360854739098794,-3.3931509809880045,4.394617191279579,1.8741757386248332,3.5110086366279263,-15.3706715
44.255998630891554,132.82866303138903,19.1782588332123,19.355403976457808,-3.4039044145651483,4.404562814103751,2.392096204901953,3.4250979520298155,-20.1364094
44.27999941096641,132.88481603744867,19.128528993064002,19.35206079833829,-3.410482236403148,4.400134054144212,2.402896482258481,3.4294644070236924,-20.1364094
44.30399923794903,132.90732434474305,19.0919384919883,19.350718906319017,-3.4131186933768376,4.390615278950691,3.8477233635581207,3.5845159500857773,-24.622194
44.327999055967666,133.0307587401154,19.112989618924498,19.34334156180265,-3.427574956969356,4.390953513275859,3.8914193538206203,3.6196349925934976,-24.622194
44.351998772937804,133.10067981311622,19.122200573324502,19.339148699836226,-3.435762452739009,4.388691960550882,3.671102551383134,3.5667118908626607,-25.9299636
44.37599997292273,133.1196988948085,19.0995638737312,19.338006473710497,-3.437989334609248,4.373875164480252,3.659256356760329,3.570666311548615,-25.9299636
44.39999999094289,133.17859430372837,19.1199834586772,19.334464695538735,-3.4448847127042006,4.367867241183658,2.9725470274859385,3.4574724526610163,-26.0088857
44.423998786951415,133.2339398925098,19.134201442773403,19.331129908975306,-3.451363805520166,4.365393509819826,2.9169509215425333,3.4603977151524226,-26.0088857
44.44799927598797,133.26522195779935,19.1259050112269,19.32924226473657,-3.4550255845296856,4.354088965637468,1.4335260049879281,3.663980842968335,-24.3867486
44.47199863300193,133.30306988386778,19.159647266937,19.32695573636825,-3.4594556615834176,4.356774402576094,1.2418406025816393,3.7349176520618683,-24.3867486
44.49599915195722,133.35421288760145,19.163147083693403,19.323861339204804,-3.4654414311142383,4.358805169460504,0.39703762726040154,4.133235738471476,-19.8141987
44.51999880897347,133.40151055896382,19.2078439054269,19.32099483038643,-3.4709766437970826,4.358401688660445,0.21408927660671215,4.238431992545035,-19.8141987
44.54399993899278,133.43779865812593,19.2747457287189,19.318792455503125,-3.47522308851201,4.357348907195731,0.6585358600313738,4.792012813726885,-12.2301312
44.56799901498016,133.49507642400022,19.3286976911036,19.315310695970297,-3.481925175190694,4.363982341635462,0.9824058286084182,5.028006945684938,-12.2301312
44.59199989493936,133.50602817239346,19.3734823947146,19.31464420317774,-3.4832065619562957,4.361206504781209,1.901258405087902,5.727652373680619,-4.03199174
44.615998659981415,133.53663541832228,19.3957452095638,19.312780228191592,-3.4867875631246474,4.365040647509819,2.564743824057871,6.278250304321605,-4.03199174
44.63999985996634,133.71295217844923,19.564353287336402,19.30200518888007,-3.5074124363083543,4.3955417974146505,2.5697472123813183,6.299365100250051,0.195899872
44.66399961791467,133.79588435513358,19.6136328236635,19.296915024585306,-3.5171112207525086,4.411247743950075,2.562352853990056,6.304755360813332,0.195899872
44.68799881392624,133.88424498797352,19.6111869028316,19.291476171612107,-3.527443227151506,4.426401811379739,2.553576171892683,6.310508832244244,0.195899872
44.71199942298699,134.005687420567,19.606542455551,19.28397494286285,-3.5416407471869973,4.448818717379173,2.5411905890719635,6.3184337862632285,-0.115937295
44.735999871976674,134.09451982046994,19.6101136714833,19.278468835338746,-3.5520239030737737,4.463583475589667,2.5328257891447765,6.324243424419299,-0.115937295
44.75999984994996,134.23817382042378,19.6287978315613,19.269530521665573,-3.568811274894714,4.49015879134972,2.5203339054643266,6.333661017720559,0.117452651
44.783999757957645,134.32083948690553,19.598696910647,19.264367819308838,-3.5784695501134807,4.504535170073525,2.5092759002323928,6.339092989622041,0.117452651
44.807999905897304,134.28171122007765,19.5391232383486,19.26681323281409,-3.5738981673644195,4.506094120458649,2.492764608757119,6.336520719819176,-0.0637465047
44.83199997397605,134.4019051918554,19.5111001375484,19.25929145422878,-3.5879394633579706,4.528512208344977,2.4775223844205922,6.344428743975131,-0.0637465047
44.8559992009541,134.48143776018676,19.4470427571709,19.254298023582972,-3.59722890264635,4.539673344941942,2.466871144845734,6.349672139199852,0.0850602012
44.879999919910915,134.53665572018616,19.3989275941265,19.250823565411288,-3.6036775828703806,4.552201929623789,2.452594915892642,6.353317496951517,0.0850602012
44.90399877494201,134.6016342063601,19.369609788764198,19.246726958589928,-3.6112653130564225,4.565016599432422,2.4435927004183715,6.357612421489674,-0.106389715
44.92799920390826,134.66480268227892,19.350959774967603,19.24273618361605,-3.618640810032938,4.578799683639453,2.431464243867373,6.361793085022042,-0.106389715
44.95199949294329,134.7842750637283,19.291085447719,19.235165994234936,-3.6325879487701447,4.596608900392147,2.4195537519207977,6.3697145402301,0.126362226
44.97599997196812,134.80514841930687,19.2410978700949,19.233840388919436,-3.6350243764846963,4.603838402884229,2.408913438651093,6.3711004538072995,0.126362226
44.99999975890387,134.88961413896718,19.210737186646902,19.22846712068387,-3.6448826177325584,4.620474122323464,2.3962598147146554,6.376714520846131,-0.462275429
45.023998975986615,135.03633747899005,19.1990336049528,19.21909866245409,-3.662003465676153,4.644872837583154,2.385822781141085,6.38648882808401,-0.462275429
45.0479992039036,135.08521544062486,19.1744525714875,19.21596797242455,-3.6677059029597534,4.658146213224855,2.09305025159337,3.747142455321414,-4.50111564
45.071999722975306,135.2072045328304,19.1625053167174,19.208133123027828,-3.681935732619219,4.672206266121046,2.672781788690926,3.686750271754727,-4.50111564
45.09599997091573,135.26614743849723,19.1113347794888,19.204336566451065,-3.6888101743036668,4.673124857018878,4.261808791378789,3.9473324528175664,-11.7341761
45.119999938993715,135.33278224147156,19.064662853222902,19.20003601751319,-3.6965808082527873,4.671503684976709,4.606055178880437,4.095243212007668,-11.7341761
45.143999976920895,135.4009333781043,19.027563082847102,19.195628219326238,-3.7045272764918256,4.667457467934987,3.643176588448458,3.79341678911432,-17.9859382
45.167998912977055,135.52586313909043,19.028060726064897,19.18752351571905,-3.719091561119375,4.672068087033142,3.278368756761426,3.748612064018027,-17.9859382
45.1919993419433,135.61867962868246,19.0003292648335,19.181481485188353,-3.7299099004917164,4.672899487434436,2.8985094727653347,3.731380258044584,-23.0923436
45.215999389998615,135.77252236643884,19.019544470131397,19.171428101471243,-3.7478371206505163,4.683307059170948,2.623944149659436,3.751153753036799,-23.0923436
45.2399992760038,135.78273822585157,18.9498727868135,19.170758799399298,-3.749027388326297,4.672834284839864,2.4204468899910037,3.765360618111623,-25.9672023
45.26399919297546,135.86116430346232,18.938474526914497,19.16561353947413,-3.758164194934245,4.6734969242168996,2.0438982535380035,3.8258586142600275,-25.9672023
45.28799959097523,135.9139350979985,18.9348623838611,19.162144363954834,-3.7643113557981565,4.672883020912843,2.0436647617773316,3.8307708903962325,-25.9672023
45.31199886696413,135.99656584016745,18.956003146012,19.156700760210672,-3.773935627751974,4.6771134861998735,1.127270644064351,4.105566890873977,-25.433321
45.335999093949795,136.01477113009022,18.9397819125198,19.155499545914036,-3.7760558582393253,4.672391133618609,1.1226311698844809,4.107482784602959,-25.433321
45.35999920091126,136.05959690566098,18.9659237094634,19.152538985216466,-3.7812760661997227,4.672186645939919,0.2959182809832823,4.499449788817653,-24.3471531
45.3839992278954,136.09236100338364,18.973827236077,19.15037245472166,-3.785091349833498,4.673348303457014,0.28859095521630346,4.50560765121039,-24.3471531
45.40799898491241,136.17753083848189,19.0374846309528,19.144730336457027,-3.795008039447026,4.680682831099093,0.22740737803281227,4.545054442982278,-22.2811663
45.4319992819801,136.26818833100577,19.052195488868403,19.138708419264386,-3.805561951441208,4.685658561133282,0.2267792644555332,4.553920364935454,-22.2811663
45.455999609897844,136.2367918863359,19.0342964096692,19.140795824286954,-3.8019071292752296,4.675903881957068,0.7387765938871625,5.147037778969773,-16.4236924
45.479999386006966,136.31302531831014,19.113083843012202,19.13572392693816,-3.810781000014274,4.6826626332028205,0.7598571378349355,5.16903480099327,-16.4236924
45.50399987399578,136.34422105447462,19.1715747483651,19.133645019681406,-3.8144119424613643,4.682677070025732,0.11456550548930446,4.759226066088992,-10.4902487
45.5279990399722,136.29266436923496,19.176837686810998,19.13707972486204,-3.808411029066035,4.675903649991362,0.08953555887603247,4.744460954628707,-10.4902487
45.551998725975864,136.29931173663178,19.2134122240184,19.13663718197399,-3.8091847783146,4.673934364915787,4.244865306379492,7.956409574502982,-3.10485423
45.57599975494668,136.3859724597654,19.2841528099188,19.130859567567764,-3.819271152577457,4.688607436078264,4.4580318304464415,8.156910270762163,-3.10485423
45.599999309983104,136.55682561668294,19.4024916795459,19.119424017227246,-3.839151842018757,4.721333039651358,4.451285235220043,8.174295649821474,-0.0309294
45.62399943789933,136.75240106943045,19.4759476132452,19.10626066690426,-3.8619014640897142,4.756166037130147,4.4408532551342255,8.184948138227009,-0.0309294
45.647999083972536,136.87779658441605,19.4973825018145,19.09777979300802,-3.876483278549177,4.784432440974077,4.424069035213241,8.191801823119794,0.0683621643
45.67199969198555,136.93688455810593,19.4532261133648,19.09377238466264,-3.883353230981406,4.796842238251318,4.4043150432598,8.195037767559056,0.0683621643
45.69599913794082,137.07552866783425,19.492027562225502,19.084341455197364,-3.899469915248849,4.829146278456728,4.385634315848199,8.202646639680596,-0.153314255
45.719999324996024,137.0972103449331,19.4400586592872,19.082863069239245,-3.9019899234962487,4.83912540138107,4.363055292460508,8.203838573740319,-0.153314255
45.74399965291377,137.17905278686692,19.403388113413698,19.07727393064476,-3.9115013479058827,4.860085570992868,4.342420280494229,8.208342739074478,0.120573413
45.767999879899435,137.2316549920962,19.357676375078398,19.073674444610138,-3.9176138107465692,4.878367558261331,4.317218262050008,8.211241795586492,0.120573413
45.791998795000836,137.2864848626285,19.3149281263897,19.06991652198589,-3.923984490517767,4.898344114118764,4.29438932020166,8.214267046923872,-0.208668478
45.81599898193963,137.33325754266835,19.2414473560245,19.06670598109492,-3.9294184881599232,4.910837836775545,4.271967504973797,8.216850497450256,-0.208668478
45.83999957994092,137.42441528375113,19.2089991512709,19.060435981880836,-3.9400077227841006,4.931153774152923,4.255718416174309,8.221892800479061,0.107007245
45.8639995069243,137.51447430613385,19.200569809896002,19.054224933384095,-3.9504675475885858,4.953157434510409,4.236734737328533,8.226883758095337,0.107007245
45.88799879292492,137.55112266326643,19.1222688617554,19.051692698627203,-3.9547235321808425,4.967830039532002,4.209558014113815,8.228917441248274,0.107007245
45.91199995193165,137.62125482221887,19.0933058595896,19.04683926030854,-3.962867184159035,4.984609966786143,4.195291153020674,8.232813510374607,-0.194184318
45.93599993898533,137.7072012755675,19.0595214464862,19.040877749376712,-3.972845707895099,5.007916817155092,4.173298013355972,8.237595820564044,-0.194184318
45.959999855956994,137.84718876227055,19.045898894468,19.031135590040048,-3.989095033704491,5.035465352860166,4.154848250961166,8.245403247639732,0.0643199032
45.98399881995283,137.9467314182252,19.038980445815803,19.024183843420275,-4.00064704332177,5.0592911503993605,4.137599081519011,8.250968588091553,0.0643199032
46.0079989269143,138.02600717830353,19.0103180241294,19.018633047669155,-4.009845514865189,5.081243698119636,3.3487897273946508,7.5927115072340605,-2.13731445
46.031998844933696,138.14299925704194,18.9832318045678,19.010418037196978,-4.023417753189183,5.104453532500005,3.338686493302945,7.604537380230568,-2.13731445
46.05599873093888,138.19812399708894,18.924027825994198,19.00653760750024,-4.029811731792515,5.116165371831162,0.9001101071358792,4.606902009595727,-7.1597119
46.07999974000268,138.31863851889466,18.9130282121933,18.99803262464882,-4.043788029191256,5.130834893543539,0.985632503457055,4.578637005953018,-7.1597119
46.10399971692823,138.32705836445803,18.8534239208875,18.997437312954837,-4.0447643759692795,5.125654432745006,2.274922760541058,4.134298263917542,-12.2750103
46.12799869198352,138.38729136835354,18.7933759477442,18.99317442964994,-4.051748410564018,5.1236485169499355,2.3185789760734195,4.130728166950646,-12.2750103
46.15199885889888,138.48389928704185,18.792236323932,18.98632176920809,-4.062948470377072,5.130667651026355,0.29815645523924944,4.94293738999293,-17.190723
46.175999406958,138.55163955771152,18.7558799714551,18.981505449660055,-4.0708005952475785,5.137619161776385,0.19697321270881726,5.008419305111555,-17.190723
46.199999724980444,138.68154210709304,18.744980414273403,18.97224330479499,-4.085855461876917,5.149851285165719,0.5328140532437609,5.474559098991631,-20.4963381
46.22399917989969,138.73781503451406,18.7081515945769,18.96822035589027,-4.092375984105775,5.15386737629899,0.5925309730632762,5.518663492349351,-20.4963381
46.24799878499471,138.79834940073815,18.683930439408602,18.96388557078931,-4.099389518601966,5.159981515009266,1.6296320861808604,6.269697666789834,-20.5897669
46.27199929195922,138.90438668080483,18.685521798495902,18.95627443416769,-4.111673103576402,5.175093834218553,1.7656961037458234,6.385570842915106,-20.5897669
46.295999286929145,138.97257638417017,18.6757934482576,18.951367847074234,-4.119571043032862,5.185937467245283,2.162413673917076,6.703201227130478,-20.3075738
46.31999924394768,139.0193165633118,18.6782073771605,18.947999202099133,-4.124984044569846,5.195180564902273,2.246763420437269,6.782034156786838,-20.3075738
46.34399979992304,139.10024537496625,18.698215548569,18.9421560280124,-4.134355314938295,5.211878369931094,3.346284578297422,7.699091377197272,-19.7928087
46.367998864967376,139.06497000221964,18.671806438515098,18.944704595419786,-4.130270727960998,5.213845933532445,3.7577111725514745,8.065242279707276,-19.7928087
46.39199974189978,139.14879797401483,18.6979973111897,18.93864407646074,-4.139976845183805,5.232192736186785,3.4161930611012137,7.79455551672393,-18.7447014
46.41599968797527,139.2269467510004,18.7321911437126,18.93298129052403,-4.149024002515466,5.244735448887655,3.168331828324829,7.600982348551377,-18.7447014
46.43999993393663,139.23815214878124,18.720834895007002,18.932168312582338,-4.150321123468067,5.250403824422699,3.2646027925615217,7.697064880491851,-13.4403137
46.463998807943426,139.24541979001015,18.736422466908103,18.931640891796555,-4.151162400583458,5.259261753500456,3.4468865992624442,7.867586797681584,-13.4403137
46.48799938498996,139.27114959830595,18.755636558890398,18.929772788914182,-4.154140701445767,5.272351568234579,3.4456233361861615,7.885144115044045,-13.4403137
46.512000032002106,139.3097551653704,18.778228328634302,18.926967324463174,-4.158609136758643,5.279135383665354,1.0179741317976674,5.972966219041803,-11.0633917
46.535999386920594,139.33955334711968,18.8076047060786,18.924799822563976,-4.162057929907981,5.279578509501408,1.0073437364273958,5.9684145143650795,-11.0633917
46.559999061981216,139.41778373484527,18.8516237602386,18.919100810569866,-4.171111260646389,5.289321606541765,0.09086769548999414,5.359758472309146,-8.17047299
46.583998607005924,139.41628669890616,18.865791598949603,18.919209984888628,-4.170938026488193,5.284347298452544,0.08596294643464067,5.355565790736103,-8.17047299
46.60799904400483,139.43124014933227,18.8998700033846,18.91811927054373,-4.172668389313949,5.286522391014411,0.4172367363738919,5.576101409449014,-3.40363513
46.631998778902926,139.501086640145,18.9740453339536,18.913018609628363,-4.180750139467227,5.296991146605045,0.4219778492559138,5.5877672620859915,-3.40363513
46.65599921590183,139.67900977432726,19.0622008092254,18.899980719236275,-4.201332308274233,5.321307633856639,0.4241375489204286,5.605030645453303,0.0999111488
46.679999783984385,139.85554792911282,19.1093375987372,18.886980817089846,-4.22174738897387,5.3458607821981365,0.4231458105432587,5.620327870265148,0.0999111488
46.70399906800594,140.01021080531513,19.132528137174297,18.875539797642464,-4.239627156660654,5.364037175025387,0.4241970689221024,5.633751923199256,-0.179879898
46.72799874399789,140.10430604201798,19.1519039258826,18.868555463037154,-4.250502441879595,5.374618458260976,0.42665102538625144,5.641929093557443,-0.179879898
46.75199893990066,140.16995170474001,19.1252789578132,18.863672198885492,-4.258088445072544,5.382865734758075,0.42436360769962406,5.647638411232078,0.0323559082
46.775999406934716,140.18823342086714,19.0423068868549,18.86231069870093,-4.260200908703666,5.381137741728429,0.41960316436751005,5.649229060551279,0.0323559082
46.79999988293275,140.2574996690896,19.0086043422703,18.85714606236463,-4.268203999308752,5.392685316256048,0.4155551384767351,5.655258341462049,-0.110454772
46.823999979998916,140.34108712122435,18.9653089625137,18.850900653800778,-4.277860369674347,5.398516650771125,0.41401499297299793,5.66253964242178,-0.110454772
46.847999043995515,140.36197686833512,18.919458078184,18.84933762086697,-4.2802733999405325,5.400095129378625,0.4101975482172953,5.664360272113786,0.0494131337
46.871999510913156,140.48933655878386,18.9039628116993,18.839789052579306,-4.294982977530384,5.416106470839531,0.41196568795165994,5.675468164745875,0.0494131337
46.89599928597454,140.55388033997073,18.8744007907508,18.834937443075553,-4.302436183518868,5.422277736486828,0.40906332440380117,5.681102657853082,-0.409098988
46.91999996290542,140.6896739273224,18.8638848240325,18.824702580667473,-4.318113977570583,5.439592851180471,0.406642086694543,5.692968398162474,-0.409098988
46.94399995892309,140.78309488594084,18.8571919461799,18.817639679278688,-4.3288973590080175,5.4518332573455,4.102911500404547,8.575012502770063,-3.44403762
46.96799877297599,140.8738101748263,18.8105255598382,18.810764413732503,-4.33936658898503,5.464399968454528,5.491482365890661,9.809794899222524,-3.44403762
46.991999409976415,141.00922380150453,18.784395641474603,18.800470470802654,-4.354990967472987,5.493632026923359,4.672464058389881,9.107008785748299,-4.31396664
47.01599919598084,141.10690231209614,18.776360850349597,18.79302203968759,-4.366258857297249,5.517098558918762,4.0724198095449635,8.606325754824642,-4.31396664
47.03999897092581,141.23745764667905,18.754266516146,18.783036433392763,-4.381316026300997,5.541051081222171,5.165730311170704,9.585653112778681,-3.65874186
47.063999327947386,141.29679234763088,18.7031424766233,18.778486776317482,-4.388157954242962,5.553797767077831,7.194714742591616,11.442316147274253,-3.65874186
47.08799911290407,141.3617161235764,18.677513039523,18.77350039573356,-4.395643471459281,5.572684739175339,7.20626001405084,11.474789869286093,-3.65874186
47.11199906899128,141.4374142149098,18.665527244217902,18.767675735904064,-4.40437005899541,5.59439038903704,4.24335545945692,8.836818617919176,-6.30196314
47.135999845922925,141.48890971416955,18.5859808399657,18.763706738935706,-4.410305812266017,5.607998551342024,4.224375447541032,8.842261643016027,-6.30196314
47.1599999119062,141.58037543119573,18.582656784727597,18.756643821420912,-4.420847384069027,5.629136307502856,4.486891388001238,9.090214746732812,-8.66051335
47.18399929697625,141.59265053472092,18.522980365167403,18.755694658309345,-4.422261968825039,5.640817203055928,4.487610169284808,9.112734303991514,-8.66051335
47.20799917296972,141.62045282404694,18.4702252057888,18.75354374005057,-4.425465785585688,5.651861680826379,0.7838420048462265,5.194362171115938,-14.4249899
47.23199996899348,141.65296063996183,18.4219229792304,18.75102679639634,-4.4292116302931825,5.659882822098628,0.8558924559896469,5.165291864394924,-14.4249899
47.255998761975206,141.75139546456367,18.4404229961449,18.743392363433653,-4.440552756025529,5.669677282656419,2.6875519760183564,4.516137525365348,-20.403578
47.27999937790446,141.81929107610722,18.4065659114261,18.73811507637446,-4.448374070311836,5.665452848975997,2.7228535272469263,4.515719658045535,-20.403578
47.30399989394937,141.87529373085232,18.4029624383927,18.733755169969758,-4.454824593815885,5.6650121670549325,3.8909854471527896,4.472771926251323,-25.861004
47.32799979893025,141.99641823466715,18.4053215040663,18.724303717602385,-4.4687736375610365,5.668225312548054,3.9299928550227987,4.491700784353139,-25.861004
47.35199912299868,142.03393501584674,18.3896020797783,18.721370232435632,-4.473093518346245,5.658301106319789,3.2664574512147824,4.477245044550612,-27.2217453
47.37599979899824,142.05351238879464,18.3655523062159,18.71983832257443,-4.475347636940325,5.649958234346259,3.2352541696919577,4.480505220045946,-27.2217453
47.39999996393453,142.09587736594634,18.372514841455,18.7165206526732,-4.480225206261256,5.641052403077869,4.622974427765,4.634655801710882,-26.8635713
47.42399864690378,142.22308263170518,18.4009666000945,18.706537199359758,-4.494868228128862,5.639642222602289,4.732756962940559,4.684565063742404,-26.8635713
47.44799909298308,142.22759030493884,18.4198871625541,18.70618282348079,-4.495387055637086,5.627433739774987,4.607340403429006,4.655839520579067,-23.9986284
47.47199877689127,142.31408159575602,18.482809536929,18.699375257947256,-4.5053412220781155,5.623591726617889,4.589721086062463,4.6662826761749425,-23.9986284
47.49599950294942,142.31981916129638,18.5031223507393,18.698923130297622,-4.506001492144051,5.604709951074381,3.902746288252854,4.539289305282795,-19.1609569
47.519999908981845,142.3396885685959,18.513720423217602,18.697356880957678,-4.5082879760586225,5.591366742215695,3.7548044717131064,4.527678292937537,-19.1609569
47.543999081943184,142.38076965228467,18.5816550484215,18.69411604494712,-4.5130151287668445,5.5833146813448185,2.4400305702398417,4.597619588594538,-11.1387365
47.56799908692483,142.435417560739,18.6143477993749,18.68979965321027,-4.519302820352959,5.581808830617433,1.9465003214253338,4.71999782038459,-11.1387365
47.59199954289943,142.45273738131914,18.6700954621446,18.688430379401318,-4.52129547004637,5.5794396786046345,1.1910428692034287,6.37117709488933,-2.68318622
47.61599987896625,142.53239676464517,18.7520572166886,18.682124847747705,-4.530459445392674,5.586893128568118,3.4705408925442565,8.140690350456053,-2.68318622
47.63999948289711,142.59555646930846,18.8360404212971,18.677116255547418,-4.53772430557838,5.593930677105589,3.479652875272918,8.15456085271479,0.139675588
47.6639998689061,142.82300499992834,18.957172806802003,18.65901273199719,-4.563878933450655,5.631896513201672,3.4760397690393554,8.16907570284224,0.139675588
47.687999702990055,143.01380359586153,19.0216106030994,18.64374574739921,-4.5858102747059535,5.6644092611173695,3.466933063251987,8.181291084622325,0.139675588
47.71199987793807,143.10630009907044,19.0034892896703,18.63631807555262,-4.596439373082438,5.680317379266151,3.45455429862903,8.187225790353615,-0.139936303
47.73599911190104,143.17762034901696,18.9797782183997,18.63057911215071,-4.604633735517399,5.694751674188378,3.4393847368000814,8.191807508555883,-0.139936303
47.75999997800682,143.22774107666518,18.9435850416337,18.62653987958536,-4.610391695709966,5.710221811160738,3.417817998056094,8.195030306111173,0.186078443
47.783999381936155,143.28208678142167,18.9208693698513,18.622154427447498,-4.616634397831462,5.722070520207907,3.4057707811908675,8.198527535538524,0.186078443
47.80799968796782,143.31867388774955,18.866567318662398,18.619198657079604,-4.620836796255464,5.733010350962339,3.3860744517099293,8.200883588478364,-0.109541749
47.83199921192136,143.3868331836267,18.8546595028077,18.61368505495375,-4.628664785388754,5.753207834818265,3.369670051240915,8.205276218031411,-0.109541749
47.85599968698807,143.5092509321922,18.7996485807273,18.60375879668103,-4.642721678486422,5.772874075803063,3.351678494654031,8.213176903131362,0.121701833
47.87999891093932,143.5323149064408,18.732812385137102,18.601885267237446,-4.645369677864081,5.781695428589609,3.3340803423484395,8.214667042007784,0.121701833
47.903998645953834,143.65725167977388,18.739296761705802,18.591717774176026,-4.6597117437312034,5.8079990465129585,3.320205751080156,8.22274797155093,-0.128275968
47.92799906095024,143.73682186840426,18.6932327761079,18.585225855851153,-4.668844159668819,5.823741286088599,3.3046126072828454,8.227902393537175,-0.128275968
47.95199873589445,143.7944147525406,18.6587471902619,18.58051904257482,-4.675453320629882,5.838084753978641,3.289300929002393,8.231636943240261,0.14901771
47.975999431917444,143.85317255908802,18.599109380857,18.575710133552356,-4.682195402700686,5.852106051637951,3.270899644566633,8.23545029542511,0.14901771
47.99999948695768,143.93076156066599,18.591394870632698,18.569349361612204,-4.691097065407775,5.869960182480831,3.2583139963430097,8.240490823004306,-0.148137729
48.02399942197371,143.90615423466716,18.5183187531788,18.571367992370604,-4.688274051289339,5.865687655482991,3.252899613933959,8.238891600989742,-0.148137729
48.04799965699203,143.92313298638882,18.511647725143,18.569975292565356,-4.690221910675888,5.87161511537291,3.2449396201481875,8.23999498288968,-1.08201111
48.071999561972916,143.96428768965367,18.5295106157333,18.56659712387051,-4.694943049806995,5.878727699191237,3.2449841332392917,8.242670601337503,-1.08201111
