solid 
 facet normal  9.999059e-01  1.371831e-02  7.121120e-21
   outer loop
     vertex  1.399473e+01  3.840767e-01  2.400000e+01
     vertex  1.400000e+01 -3.429011e-15  2.400000e+01
     vertex  1.400000e+01 -3.429011e-15  0.000000e+00
   endloop
 endfacet
 facet normal  9.999059e-01  1.371831e-02  0.000000e+00
   outer loop
     vertex  1.399473e+01  3.840767e-01  2.400000e+01
     vertex  1.400000e+01 -3.429011e-15  0.000000e+00
     vertex  1.399473e+01  3.840767e-01  0.000000e+00
   endloop
 endfacet
 facet normal  9.991532e-01  4.114462e-02  0.000000e+00
   outer loop
     vertex  1.397893e+01  7.678642e-01  2.400000e+01
     vertex  1.399473e+01  3.840767e-01  0.000000e+00
     vertex  1.397893e+01  7.678642e-01  0.000000e+00
   endloop
 endfacet
 facet normal  9.976484e-01  6.853995e-02  0.000000e+00
   outer loop
     vertex  1.397893e+01  7.678642e-01  2.400000e+01
     vertex  1.397893e+01  7.678642e-01  0.000000e+00
     vertex  1.395260e+01  1.151074e+00  0.000000e+00
   endloop
 endfacet
 facet normal  9.991532e-01  4.114462e-02  4.328480e-20
   outer loop
     vertex  1.397893e+01  7.678642e-01  2.400000e+01
     vertex  1.399473e+01  3.840767e-01  2.400000e+01
     vertex  1.399473e+01  3.840767e-01  0.000000e+00
   endloop
 endfacet
 facet normal  9.976484e-01  6.853995e-02  0.000000e+00
   outer loop
     vertex  1.395260e+01  1.151074e+00  2.400000e+01
     vertex  1.397893e+01  7.678642e-01  2.400000e+01
     vertex  1.395260e+01  1.151074e+00  0.000000e+00
   endloop
 endfacet
 facet normal  9.953925e-01  9.588368e-02  0.000000e+00
   outer loop
     vertex  1.391577e+01  1.533417e+00  2.400000e+01
     vertex  1.395260e+01  1.151074e+00  0.000000e+00
     vertex  1.391577e+01  1.533417e+00  0.000000e+00
   endloop
 endfacet
 facet normal  9.953925e-01  9.588368e-02 -4.867256e-20
   outer loop
     vertex  1.391577e+01  1.533417e+00  2.400000e+01
     vertex  1.395260e+01  1.151074e+00  2.400000e+01
     vertex  1.395260e+01  1.151074e+00  0.000000e+00
   endloop
 endfacet
 facet normal  9.923874e-01  1.231552e-01  0.000000e+00
   outer loop
     vertex  1.386846e+01  1.914606e+00  2.400000e+01
     vertex  1.391577e+01  1.533417e+00  0.000000e+00
     vertex  1.386846e+01  1.914606e+00  0.000000e+00
   endloop
 endfacet
 facet normal  9.923874e-01  1.231552e-01 -7.600145e-20
   outer loop
     vertex  1.386846e+01  1.914606e+00  2.400000e+01
     vertex  1.391577e+01  1.533417e+00  2.400000e+01
     vertex  1.391577e+01  1.533417e+00  0.000000e+00
   endloop
 endfacet
 facet normal  9.886353e-01  1.503341e-01  0.000000e+00
   outer loop
     vertex  1.381072e+01  2.294353e+00  2.400000e+01
     vertex  1.386846e+01  1.914606e+00  0.000000e+00
     vertex  1.381072e+01  2.294353e+00  0.000000e+00
   endloop
 endfacet
 facet normal  9.841389e-01  1.773998e-01  0.000000e+00
   outer loop
     vertex  1.381072e+01  2.294353e+00  2.400000e+01
     vertex  1.381072e+01  2.294353e+00  0.000000e+00
     vertex  1.374258e+01  2.672373e+00  0.000000e+00
   endloop
 endfacet
 facet normal  9.886353e-01  1.503341e-01  1.469714e-19
   outer loop
     vertex  1.381072e+01  2.294353e+00  2.400000e+01
     vertex  1.386846e+01  1.914606e+00  2.400000e+01
     vertex  1.386846e+01  1.914606e+00  0.000000e+00
   endloop
 endfacet
 facet normal  9.841389e-01  1.773998e-01  0.000000e+00
   outer loop
     vertex  1.374258e+01  2.672373e+00  2.400000e+01
     vertex  1.381072e+01  2.294353e+00  2.400000e+01
     vertex  1.374258e+01  2.672373e+00  0.000000e+00
   endloop
 endfacet
 facet normal  9.789017e-01  2.043319e-01  0.000000e+00
   outer loop
     vertex  1.366409e+01  3.048382e+00  2.400000e+01
     vertex  1.374258e+01  2.672373e+00  0.000000e+00
     vertex  1.366409e+01  3.048382e+00  0.000000e+00
   endloop
 endfacet
 facet normal  9.729276e-01  2.311102e-01  0.000000e+00
   outer loop
     vertex  1.366409e+01  3.048382e+00  2.400000e+01
     vertex  1.366409e+01  3.048382e+00  0.000000e+00
     vertex  1.357532e+01  3.422096e+00  0.000000e+00
   endloop
 endfacet
 facet normal  9.789017e-01  2.043319e-01 -7.627977e-20
   outer loop
     vertex  1.366409e+01  3.048382e+00  2.400000e+01
     vertex  1.374258e+01  2.672373e+00  2.400000e+01
     vertex  1.374258e+01  2.672373e+00  0.000000e+00
   endloop
 endfacet
 facet normal  9.662211e-01  2.577146e-01  0.000000e+00
   outer loop
     vertex  1.357532e+01  3.422096e+00  2.400000e+01
     vertex  1.357532e+01  3.422096e+00  0.000000e+00
     vertex  1.347633e+01  3.793234e+00  0.000000e+00
   endloop
 endfacet
 facet normal  9.729276e-01  2.311102e-01  0.000000e+00
   outer loop
     vertex  1.357532e+01  3.422096e+00  2.400000e+01
     vertex  1.366409e+01  3.048382e+00  2.400000e+01
     vertex  1.357532e+01  3.422096e+00  0.000000e+00
   endloop
 endfacet
 facet normal  9.587873e-01  2.841250e-01  0.000000e+00
   outer loop
     vertex  1.347633e+01  3.793234e+00  2.400000e+01
     vertex  1.347633e+01  3.793234e+00  0.000000e+00
     vertex  1.336719e+01  4.161516e+00  0.000000e+00
   endloop
 endfacet
 facet normal  9.662211e-01  2.577146e-01  0.000000e+00
   outer loop
     vertex  1.347633e+01  3.793234e+00  2.400000e+01
     vertex  1.357532e+01  3.422096e+00  2.400000e+01
     vertex  1.347633e+01  3.793234e+00  0.000000e+00
   endloop
 endfacet
 facet normal  9.506317e-01  3.103214e-01  0.000000e+00
   outer loop
     vertex  1.336719e+01  4.161516e+00  2.400000e+01
     vertex  1.336719e+01  4.161516e+00  0.000000e+00
     vertex  1.324799e+01  4.526666e+00  0.000000e+00
   endloop
 endfacet
 facet normal  9.587873e-01  2.841250e-01  0.000000e+00
   outer loop
     vertex  1.336719e+01  4.161516e+00  2.400000e+01
     vertex  1.347633e+01  3.793234e+00  2.400000e+01
     vertex  1.336719e+01  4.161516e+00  0.000000e+00
   endloop
 endfacet
 facet normal  9.506317e-01  3.103214e-01  0.000000e+00
   outer loop
     vertex  1.324799e+01  4.526666e+00  2.400000e+01
     vertex  1.336719e+01  4.161516e+00  2.400000e+01
     vertex  1.324799e+01  4.526666e+00  0.000000e+00
   endloop
 endfacet
 facet normal  9.417605e-01  3.362843e-01  0.000000e+00
   outer loop
     vertex  1.311882e+01  4.888408e+00  2.400000e+01
     vertex  1.324799e+01  4.526666e+00  0.000000e+00
     vertex  1.311882e+01  4.888408e+00  0.000000e+00
   endloop
 endfacet
 facet normal  9.417605e-01  3.362843e-01 -1.823443e-19
   outer loop
     vertex  1.311882e+01  4.888408e+00  2.400000e+01
     vertex  1.324799e+01  4.526666e+00  2.400000e+01
     vertex  1.324799e+01  4.526666e+00  0.000000e+00
   endloop
 endfacet
 facet normal  9.321804e-01  3.619940e-01  0.000000e+00
   outer loop
     vertex  1.297977e+01  5.246471e+00  2.400000e+01
     vertex  1.311882e+01  4.888408e+00  0.000000e+00
     vertex  1.297977e+01  5.246471e+00  0.000000e+00
   endloop
 endfacet
 facet normal  9.321804e-01  3.619940e-01  1.109610e-19
   outer loop
     vertex  1.297977e+01  5.246471e+00  2.400000e+01
     vertex  1.311882e+01  4.888408e+00  2.400000e+01
     vertex  1.311882e+01  4.888408e+00  0.000000e+00
   endloop
 endfacet
 facet normal  9.218986e-01  3.874313e-01  0.000000e+00
   outer loop
     vertex  1.283096e+01  5.600584e+00  2.400000e+01
     vertex  1.297977e+01  5.246471e+00  0.000000e+00
     vertex  1.283096e+01  5.600584e+00  0.000000e+00
   endloop
 endfacet
 facet normal  9.218986e-01  3.874313e-01 -2.659495e-20
   outer loop
     vertex  1.283096e+01  5.600584e+00  2.400000e+01
     vertex  1.297977e+01  5.246471e+00  2.400000e+01
     vertex  1.297977e+01  5.246471e+00  0.000000e+00
   endloop
 endfacet
 facet normal  9.109228e-01  4.125769e-01  0.000000e+00
   outer loop
     vertex  1.267248e+01  5.950481e+00  2.400000e+01
     vertex  1.283096e+01  5.600584e+00  0.000000e+00
     vertex  1.267248e+01  5.950481e+00  0.000000e+00
   endloop
 endfacet
 facet normal  9.109228e-01  4.125769e-01  3.020402e-19
   outer loop
     vertex  1.267248e+01  5.950481e+00  2.400000e+01
     vertex  1.283096e+01  5.600584e+00  2.400000e+01
     vertex  1.283096e+01  5.600584e+00  0.000000e+00
   endloop
 endfacet
 facet normal  8.992613e-01  4.374119e-01 -2.098537e-20
   outer loop
     vertex  1.250447e+01  6.295899e+00  2.400000e+01
     vertex  1.267248e+01  5.950481e+00  2.400000e+01
     vertex  1.267248e+01  5.950481e+00  0.000000e+00
   endloop
 endfacet
 facet normal  8.992613e-01  4.374119e-01  0.000000e+00
   outer loop
     vertex  1.250447e+01  6.295899e+00  2.400000e+01
     vertex  1.267248e+01  5.950481e+00  0.000000e+00
     vertex  1.250447e+01  6.295899e+00  0.000000e+00
   endloop
 endfacet
 facet normal  8.869228e-01  4.619176e-01  1.292351e-19
   outer loop
     vertex  1.232704e+01  6.636577e+00  2.400000e+01
     vertex  1.250447e+01  6.295899e+00  2.400000e+01
     vertex  1.250447e+01  6.295899e+00  0.000000e+00
   endloop
 endfacet
 facet normal  8.869228e-01  4.619176e-01  0.000000e+00
   outer loop
     vertex  1.232704e+01  6.636577e+00  2.400000e+01
     vertex  1.250447e+01  6.295899e+00  0.000000e+00
     vertex  1.232704e+01  6.636577e+00  0.000000e+00
   endloop
 endfacet
 facet normal  8.739167e-01  4.860756e-01  0.000000e+00
   outer loop
     vertex  1.232704e+01  6.636577e+00  2.400000e+01
     vertex  1.232704e+01  6.636577e+00  0.000000e+00
     vertex  1.214033e+01  6.972260e+00  0.000000e+00
   endloop
 endfacet
 facet normal  8.739167e-01  4.860756e-01  0.000000e+00
   outer loop
     vertex  1.214033e+01  6.972260e+00  2.400000e+01
     vertex  1.232704e+01  6.636577e+00  2.400000e+01
     vertex  1.214033e+01  6.972260e+00  0.000000e+00
   endloop
 endfacet
 facet normal  8.602528e-01  5.098678e-01  2.741687e-19
   outer loop
     vertex  1.194448e+01  7.302694e+00  2.400000e+01
     vertex  1.214033e+01  6.972260e+00  2.400000e+01
     vertex  1.214033e+01  6.972260e+00  0.000000e+00
   endloop
 endfacet
 facet normal  8.602528e-01  5.098678e-01  0.000000e+00
   outer loop
     vertex  1.194448e+01  7.302694e+00  2.400000e+01
     vertex  1.214033e+01  6.972260e+00  0.000000e+00
     vertex  1.194448e+01  7.302694e+00  0.000000e+00
   endloop
 endfacet
 facet normal  8.459413e-01  5.332761e-01 -7.427301e-19
   outer loop
     vertex  1.173964e+01  7.627631e+00  2.400000e+01
     vertex  1.194448e+01  7.302694e+00  2.400000e+01
     vertex  1.194448e+01  7.302694e+00  0.000000e+00
   endloop
 endfacet
 facet normal  8.459413e-01  5.332761e-01  0.000000e+00
   outer loop
     vertex  1.173964e+01  7.627631e+00  2.400000e+01
     vertex  1.194448e+01  7.302694e+00  0.000000e+00
     vertex  1.173964e+01  7.627631e+00  0.000000e+00
   endloop
 endfacet
 facet normal  8.309929e-01  5.562829e-01 -5.523586e-19
   outer loop
     vertex  1.152597e+01  7.946826e+00  2.400000e+01
     vertex  1.173964e+01  7.627631e+00  2.400000e+01
     vertex  1.173964e+01  7.627631e+00  0.000000e+00
   endloop
 endfacet
 facet normal  8.309929e-01  5.562829e-01  0.000000e+00
   outer loop
     vertex  1.152597e+01  7.946826e+00  2.400000e+01
     vertex  1.173964e+01  7.627631e+00  0.000000e+00
     vertex  1.152597e+01  7.946826e+00  0.000000e+00
   endloop
 endfacet
 facet normal  8.154191e-01  5.788711e-01  0.000000e+00
   outer loop
     vertex  1.152597e+01  7.946826e+00  2.400000e+01
     vertex  1.152597e+01  7.946826e+00  0.000000e+00
     vertex  1.130362e+01  8.260039e+00  0.000000e+00
   endloop
 endfacet
 facet normal  8.154191e-01  5.788711e-01  0.000000e+00
   outer loop
     vertex  1.130362e+01  8.260039e+00  2.400000e+01
     vertex  1.152597e+01  7.946826e+00  2.400000e+01
     vertex  1.130362e+01  8.260039e+00  0.000000e+00
   endloop
 endfacet
 facet normal  7.992314e-01  6.010234e-01  7.185761e-19
   outer loop
     vertex  1.107276e+01  8.567034e+00  2.400000e+01
     vertex  1.130362e+01  8.260039e+00  2.400000e+01
     vertex  1.130362e+01  8.260039e+00  0.000000e+00
   endloop
 endfacet
 facet normal  7.992314e-01  6.010234e-01  0.000000e+00
   outer loop
     vertex  1.107276e+01  8.567034e+00  2.400000e+01
     vertex  1.130362e+01  8.260039e+00  0.000000e+00
     vertex  1.107276e+01  8.567034e+00  0.000000e+00
   endloop
 endfacet
 facet normal  7.824421e-01  6.227234e-01 -5.997862e-19
   outer loop
     vertex  1.083356e+01  8.867580e+00  2.400000e+01
     vertex  1.107276e+01  8.567034e+00  2.400000e+01
     vertex  1.107276e+01  8.567034e+00  0.000000e+00
   endloop
 endfacet
 facet normal  7.824421e-01  6.227234e-01  0.000000e+00
   outer loop
     vertex  1.083356e+01  8.867580e+00  2.400000e+01
     vertex  1.107276e+01  8.567034e+00  0.000000e+00
     vertex  1.083356e+01  8.867580e+00  0.000000e+00
   endloop
 endfacet
 facet normal  7.650637e-01  6.439545e-01  5.831172e-19
   outer loop
     vertex  1.058621e+01  9.161451e+00  2.400000e+01
     vertex  1.083356e+01  8.867580e+00  2.400000e+01
     vertex  1.083356e+01  8.867580e+00  0.000000e+00
   endloop
 endfacet
 facet normal  7.650637e-01  6.439545e-01  0.000000e+00
   outer loop
     vertex  1.058621e+01  9.161451e+00  2.400000e+01
     vertex  1.083356e+01  8.867580e+00  0.000000e+00
     vertex  1.058621e+01  9.161451e+00  0.000000e+00
   endloop
 endfacet
 facet normal  7.471095e-01  6.647010e-01 -1.107019e-19
   outer loop
     vertex  1.033089e+01  9.448425e+00  2.400000e+01
     vertex  1.058621e+01  9.161451e+00  2.400000e+01
     vertex  1.058621e+01  9.161451e+00  0.000000e+00
   endloop
 endfacet
 facet normal  7.471095e-01  6.647010e-01  0.000000e+00
   outer loop
     vertex  1.033089e+01  9.448425e+00  2.400000e+01
     vertex  1.058621e+01  9.161451e+00  0.000000e+00
     vertex  1.033089e+01  9.448425e+00  0.000000e+00
   endloop
 endfacet
 facet normal  7.285929e-01  6.849470e-01 -1.965332e-20
   outer loop
     vertex  1.006779e+01  9.728287e+00  2.400000e+01
     vertex  1.033089e+01  9.448425e+00  2.400000e+01
     vertex  1.033089e+01  9.448425e+00  0.000000e+00
   endloop
 endfacet
 facet normal  7.285929e-01  6.849470e-01  0.000000e+00
   outer loop
     vertex  1.006779e+01  9.728287e+00  2.400000e+01
     vertex  1.033089e+01  9.448425e+00  0.000000e+00
     vertex  1.006779e+01  9.728287e+00  0.000000e+00
   endloop
 endfacet
 facet normal  7.095278e-01  7.046775e-01  0.000000e+00
   outer loop
     vertex  9.797116e+00  1.000083e+01  2.400000e+01
     vertex  1.006779e+01  9.728287e+00  0.000000e+00
     vertex  9.797116e+00  1.000083e+01  0.000000e+00
   endloop
 endfacet
 facet normal  7.095278e-01  7.046775e-01  5.704228e-19
   outer loop
     vertex  9.797116e+00  1.000083e+01  2.400000e+01
     vertex  1.006779e+01  9.728287e+00  2.400000e+01
     vertex  1.006779e+01  9.728287e+00  0.000000e+00
   endloop
 endfacet
 facet normal  6.899286e-01  7.238775e-01  0.000000e+00
   outer loop
     vertex  9.797116e+00  1.000083e+01  2.400000e+01
     vertex  9.797116e+00  1.000083e+01  0.000000e+00
     vertex  9.519066e+00  1.026584e+01  0.000000e+00
   endloop
 endfacet
 facet normal  6.899286e-01  7.238775e-01  0.000000e+00
   outer loop
     vertex  9.519066e+00  1.026584e+01  2.400000e+01
     vertex  9.797116e+00  1.000083e+01  2.400000e+01
     vertex  9.519066e+00  1.026584e+01  0.000000e+00
   endloop
 endfacet
 facet normal  6.698100e-01  7.425325e-01  0.000000e+00
   outer loop
     vertex  9.233849e+00  1.052312e+01  2.400000e+01
     vertex  9.519066e+00  1.026584e+01  0.000000e+00
     vertex  9.233849e+00  1.052312e+01  0.000000e+00
   endloop
 endfacet
 facet normal  6.698100e-01  7.425325e-01  1.011107e-19
   outer loop
     vertex  9.233849e+00  1.052312e+01  2.400000e+01
     vertex  9.519066e+00  1.026584e+01  2.400000e+01
     vertex  9.519066e+00  1.026584e+01  0.000000e+00
   endloop
 endfacet
 facet normal  6.491872e-01  7.606287e-01  0.000000e+00
   outer loop
     vertex  8.941682e+00  1.077248e+01  2.400000e+01
     vertex  9.233849e+00  1.052312e+01  0.000000e+00
     vertex  8.941682e+00  1.077248e+01  0.000000e+00
   endloop
 endfacet
 facet normal  6.280757e-01  7.781522e-01  0.000000e+00
   outer loop
     vertex  8.941682e+00  1.077248e+01  2.400000e+01
     vertex  8.941682e+00  1.077248e+01  0.000000e+00
     vertex  8.642784e+00  1.101373e+01  0.000000e+00
   endloop
 endfacet
 facet normal  6.491872e-01  7.606287e-01 -2.745489e-19
   outer loop
     vertex  8.941682e+00  1.077248e+01  2.400000e+01
     vertex  9.233849e+00  1.052312e+01  2.400000e+01
     vertex  9.233849e+00  1.052312e+01  0.000000e+00
   endloop
 endfacet
 facet normal  6.280757e-01  7.781522e-01  0.000000e+00
   outer loop
     vertex  8.642784e+00  1.101373e+01  2.400000e+01
     vertex  8.941682e+00  1.077248e+01  2.400000e+01
     vertex  8.642784e+00  1.101373e+01  0.000000e+00
   endloop
 endfacet
 facet normal  6.064915e-01  7.950900e-01  0.000000e+00
   outer loop
     vertex  8.337380e+00  1.124669e+01  2.400000e+01
     vertex  8.642784e+00  1.101373e+01  0.000000e+00
     vertex  8.337380e+00  1.124669e+01  0.000000e+00
   endloop
 endfacet
 facet normal  6.064915e-01  7.950900e-01 -1.789804e-19
   outer loop
     vertex  8.337380e+00  1.124669e+01  2.400000e+01
     vertex  8.642784e+00  1.101373e+01  2.400000e+01
     vertex  8.642784e+00  1.101373e+01  0.000000e+00
   endloop
 endfacet
 facet normal  5.844507e-01  8.114292e-01  0.000000e+00
   outer loop
     vertex  8.025699e+00  1.147119e+01  2.400000e+01
     vertex  8.337380e+00  1.124669e+01  0.000000e+00
     vertex  8.025699e+00  1.147119e+01  0.000000e+00
   endloop
 endfacet
 facet normal  5.619699e-01  8.271577e-01  0.000000e+00
   outer loop
     vertex  8.025699e+00  1.147119e+01  2.400000e+01
     vertex  8.025699e+00  1.147119e+01  0.000000e+00
     vertex  7.707977e+00  1.168705e+01  0.000000e+00
   endloop
 endfacet
 facet normal  5.844507e-01  8.114292e-01 -7.489500e-20
   outer loop
     vertex  8.025699e+00  1.147119e+01  2.400000e+01
     vertex  8.337380e+00  1.124669e+01  2.400000e+01
     vertex  8.337380e+00  1.124669e+01  0.000000e+00
   endloop
 endfacet
 facet normal  5.619699e-01  8.271577e-01  0.000000e+00
   outer loop
     vertex  7.707977e+00  1.168705e+01  2.400000e+01
     vertex  8.025699e+00  1.147119e+01  2.400000e+01
     vertex  7.707977e+00  1.168705e+01  0.000000e+00
   endloop
 endfacet
 facet normal  5.390661e-01  8.422635e-01  0.000000e+00
   outer loop
     vertex  7.384453e+00  1.189411e+01  2.400000e+01
     vertex  7.707977e+00  1.168705e+01  0.000000e+00
     vertex  7.384453e+00  1.189411e+01  0.000000e+00
   endloop
 endfacet
 facet normal  5.390661e-01  8.422635e-01  4.139655e-19
   outer loop
     vertex  7.384453e+00  1.189411e+01  2.400000e+01
     vertex  7.707977e+00  1.168705e+01  2.400000e+01
     vertex  7.707977e+00  1.168705e+01  0.000000e+00
   endloop
 endfacet
 facet normal  5.157565e-01  8.567352e-01  0.000000e+00
   outer loop
     vertex  7.055370e+00  1.209222e+01  2.400000e+01
     vertex  7.384453e+00  1.189411e+01  0.000000e+00
     vertex  7.055370e+00  1.209222e+01  0.000000e+00
   endloop
 endfacet
 facet normal  4.920587e-01  8.705620e-01  0.000000e+00
   outer loop
     vertex  7.055370e+00  1.209222e+01  2.400000e+01
     vertex  7.055370e+00  1.209222e+01  0.000000e+00
     vertex  6.720976e+00  1.228122e+01  0.000000e+00
   endloop
 endfacet
 facet normal  5.157565e-01  8.567352e-01  6.755606e-19
   outer loop
     vertex  7.055370e+00  1.209222e+01  2.400000e+01
     vertex  7.384453e+00  1.189411e+01  2.400000e+01
     vertex  7.384453e+00  1.189411e+01  0.000000e+00
   endloop
 endfacet
 facet normal  4.920587e-01  8.705620e-01  0.000000e+00
   outer loop
     vertex  6.720976e+00  1.228122e+01  2.400000e+01
     vertex  7.055370e+00  1.209222e+01  2.400000e+01
     vertex  6.720976e+00  1.228122e+01  0.000000e+00
   endloop
 endfacet
 facet normal  4.679904e-01  8.837335e-01  0.000000e+00
   outer loop
     vertex  6.381523e+00  1.246099e+01  2.400000e+01
     vertex  6.720976e+00  1.228122e+01  0.000000e+00
     vertex  6.381523e+00  1.246099e+01  0.000000e+00
   endloop
 endfacet
 facet normal  4.679904e-01  8.837335e-01  1.090367e-19
   outer loop
     vertex  6.381523e+00  1.246099e+01  2.400000e+01
     vertex  6.720976e+00  1.228122e+01  2.400000e+01
     vertex  6.720976e+00  1.228122e+01  0.000000e+00
   endloop
 endfacet
 facet normal  4.435699e-01  8.962398e-01 -1.173593e-19
   outer loop
     vertex  6.037266e+00  1.263137e+01  2.400000e+01
     vertex  6.381523e+00  1.246099e+01  2.400000e+01
     vertex  6.381523e+00  1.246099e+01  0.000000e+00
   endloop
 endfacet
 facet normal  4.435699e-01  8.962398e-01  0.000000e+00
   outer loop
     vertex  6.037266e+00  1.263137e+01  2.400000e+01
     vertex  6.381523e+00  1.246099e+01  0.000000e+00
     vertex  6.037266e+00  1.263137e+01  0.000000e+00
   endloop
 endfacet
 facet normal  4.188155e-01  9.080714e-01  3.255766e-19
   outer loop
     vertex  5.688464e+00  1.279224e+01  2.400000e+01
     vertex  6.037266e+00  1.263137e+01  2.400000e+01
     vertex  6.037266e+00  1.263137e+01  0.000000e+00
   endloop
 endfacet
 facet normal  4.188155e-01  9.080714e-01  0.000000e+00
   outer loop
     vertex  5.688464e+00  1.279224e+01  2.400000e+01
     vertex  6.037266e+00  1.263137e+01  0.000000e+00
     vertex  5.688464e+00  1.279224e+01  0.000000e+00
   endloop
 endfacet
 facet normal  3.937458e-01  9.192194e-01  1.462198e-19
   outer loop
     vertex  5.335380e+00  1.294348e+01  2.400000e+01
     vertex  5.688464e+00  1.279224e+01  2.400000e+01
     vertex  5.688464e+00  1.279224e+01  0.000000e+00
   endloop
 endfacet
 facet normal  3.937458e-01  9.192194e-01  0.000000e+00
   outer loop
     vertex  5.335380e+00  1.294348e+01  2.400000e+01
     vertex  5.688464e+00  1.279224e+01  0.000000e+00
     vertex  5.335380e+00  1.294348e+01  0.000000e+00
   endloop
 endfacet
 facet normal  3.683796e-01  9.296754e-01  5.096247e-20
   outer loop
     vertex  4.978280e+00  1.308498e+01  2.400000e+01
     vertex  5.335380e+00  1.294348e+01  2.400000e+01
     vertex  5.335380e+00  1.294348e+01  0.000000e+00
   endloop
 endfacet
 facet normal  3.683796e-01  9.296754e-01  0.000000e+00
   outer loop
     vertex  4.978280e+00  1.308498e+01  2.400000e+01
     vertex  5.335380e+00  1.294348e+01  0.000000e+00
     vertex  4.978280e+00  1.308498e+01  0.000000e+00
   endloop
 endfacet
 facet normal  3.427362e-01  9.394317e-01  0.000000e+00
   outer loop
     vertex  4.978280e+00  1.308498e+01  2.400000e+01
     vertex  4.978280e+00  1.308498e+01  0.000000e+00
     vertex  4.617432e+00  1.321663e+01  0.000000e+00
   endloop
 endfacet
 facet normal  3.427362e-01  9.394317e-01  0.000000e+00
   outer loop
     vertex  4.617432e+00  1.321663e+01  2.400000e+01
     vertex  4.978280e+00  1.308498e+01  2.400000e+01
     vertex  4.617432e+00  1.321663e+01  0.000000e+00
   endloop
 endfacet
 facet normal  3.168348e-01  9.484807e-01  0.000000e+00
   outer loop
     vertex  4.617432e+00  1.321663e+01  2.400000e+01
     vertex  4.617432e+00  1.321663e+01  0.000000e+00
     vertex  4.253108e+00  1.333833e+01  0.000000e+00
   endloop
 endfacet
 facet normal  3.168348e-01  9.484807e-01  0.000000e+00
   outer loop
     vertex  4.253108e+00  1.333833e+01  2.400000e+01
     vertex  4.617432e+00  1.321663e+01  2.400000e+01
     vertex  4.253108e+00  1.333833e+01  0.000000e+00
   endloop
 endfacet
 facet normal  2.906949e-01  9.568158e-01 -9.271432e-20
   outer loop
     vertex  3.885583e+00  1.344999e+01  2.400000e+01
     vertex  4.253108e+00  1.333833e+01  2.400000e+01
     vertex  4.253108e+00  1.333833e+01  0.000000e+00
   endloop
 endfacet
 facet normal  2.906949e-01  9.568158e-01  0.000000e+00
   outer loop
     vertex  3.885583e+00  1.344999e+01  2.400000e+01
     vertex  4.253108e+00  1.333833e+01  0.000000e+00
     vertex  3.885583e+00  1.344999e+01  0.000000e+00
   endloop
 endfacet
 facet normal  2.643362e-01  9.644306e-01  0.000000e+00
   outer loop
     vertex  3.885583e+00  1.344999e+01  2.400000e+01
     vertex  3.885583e+00  1.344999e+01  0.000000e+00
     vertex  3.515133e+00  1.355153e+01  0.000000e+00
   endloop
 endfacet
 facet normal  2.643362e-01  9.644306e-01  0.000000e+00
   outer loop
     vertex  3.515133e+00  1.355153e+01  2.400000e+01
     vertex  3.885583e+00  1.344999e+01  2.400000e+01
     vertex  3.515133e+00  1.355153e+01  0.000000e+00
   endloop
 endfacet
 facet normal  2.377784e-01  9.713194e-01 -1.335810e-19
   outer loop
     vertex  3.142037e+00  1.364286e+01  2.400000e+01
     vertex  3.515133e+00  1.355153e+01  2.400000e+01
     vertex  3.515133e+00  1.355153e+01  0.000000e+00
   endloop
 endfacet
 facet normal  2.377784e-01  9.713194e-01  0.000000e+00
   outer loop
     vertex  3.142037e+00  1.364286e+01  2.400000e+01
     vertex  3.515133e+00  1.355153e+01  0.000000e+00
     vertex  3.142037e+00  1.364286e+01  0.000000e+00
   endloop
 endfacet
 facet normal  2.110417e-01  9.774771e-01  5.840246e-20
   outer loop
     vertex  2.766575e+00  1.372392e+01  2.400000e+01
     vertex  3.142037e+00  1.364286e+01  2.400000e+01
     vertex  3.142037e+00  1.364286e+01  0.000000e+00
   endloop
 endfacet
 facet normal  2.110417e-01  9.774771e-01  0.000000e+00
   outer loop
     vertex  2.766575e+00  1.372392e+01  2.400000e+01
     vertex  3.142037e+00  1.364286e+01  0.000000e+00
     vertex  2.766575e+00  1.372392e+01  0.000000e+00
   endloop
 endfacet
 facet normal  1.841461e-01  9.828989e-01  0.000000e+00
   outer loop
     vertex  2.766575e+00  1.372392e+01  2.400000e+01
     vertex  2.766575e+00  1.372392e+01  0.000000e+00
     vertex  2.389031e+00  1.379466e+01  0.000000e+00
   endloop
 endfacet
 facet normal  1.841461e-01  9.828989e-01  0.000000e+00
   outer loop
     vertex  2.389031e+00  1.379466e+01  2.400000e+01
     vertex  2.766575e+00  1.372392e+01  2.400000e+01
     vertex  2.389031e+00  1.379466e+01  0.000000e+00
   endloop
 endfacet
 facet normal  1.571119e-01  9.875808e-01  0.000000e+00
   outer loop
     vertex  2.389031e+00  1.379466e+01  2.400000e+01
     vertex  2.389031e+00  1.379466e+01  0.000000e+00
     vertex  2.009689e+00  1.385500e+01  0.000000e+00
   endloop
 endfacet
 facet normal  1.571119e-01  9.875808e-01  0.000000e+00
   outer loop
     vertex  2.009689e+00  1.385500e+01  2.400000e+01
     vertex  2.389031e+00  1.379466e+01  2.400000e+01
     vertex  2.009689e+00  1.385500e+01  0.000000e+00
   endloop
 endfacet
 facet normal  1.299594e-01  9.915193e-01  0.000000e+00
   outer loop
     vertex  2.009689e+00  1.385500e+01  2.400000e+01
     vertex  2.009689e+00  1.385500e+01  0.000000e+00
     vertex  1.628833e+00  1.390492e+01  0.000000e+00
   endloop
 endfacet
 facet normal  1.299594e-01  9.915193e-01  0.000000e+00
   outer loop
     vertex  1.628833e+00  1.390492e+01  2.400000e+01
     vertex  2.009689e+00  1.385500e+01  2.400000e+01
     vertex  1.628833e+00  1.390492e+01  0.000000e+00
   endloop
 endfacet
 facet normal  1.027091e-01  9.947114e-01  4.683525e-20
   outer loop
     vertex  1.246752e+00  1.394438e+01  2.400000e+01
     vertex  1.628833e+00  1.390492e+01  2.400000e+01
     vertex  1.628833e+00  1.390492e+01  0.000000e+00
   endloop
 endfacet
 facet normal  1.027091e-01  9.947114e-01  0.000000e+00
   outer loop
     vertex  1.246752e+00  1.394438e+01  2.400000e+01
     vertex  1.628833e+00  1.390492e+01  0.000000e+00
     vertex  1.246752e+00  1.394438e+01  0.000000e+00
   endloop
 endfacet
 facet normal  7.538152e-02  9.971548e-01  7.585415e-20
   outer loop
     vertex  8.637321e-01  1.397333e+01  2.400000e+01
     vertex  1.246752e+00  1.394438e+01  2.400000e+01
     vertex  1.246752e+00  1.394438e+01  0.000000e+00
   endloop
 endfacet
 facet normal  7.538152e-02  9.971548e-01  0.000000e+00
   outer loop
     vertex  8.637321e-01  1.397333e+01  2.400000e+01
     vertex  1.246752e+00  1.394438e+01  0.000000e+00
     vertex  8.637321e-01  1.397333e+01  0.000000e+00
   endloop
 endfacet
 facet normal  4.799716e-02  9.988475e-01  3.816664e-20
   outer loop
     vertex  4.800620e-01  1.399177e+01  2.400000e+01
     vertex  8.637321e-01  1.397333e+01  2.400000e+01
     vertex  8.637321e-01  1.397333e+01  0.000000e+00
   endloop
 endfacet
 facet normal  4.799716e-02  9.988475e-01  0.000000e+00
   outer loop
     vertex  4.800620e-01  1.399177e+01  2.400000e+01
     vertex  8.637321e-01  1.397333e+01  0.000000e+00
     vertex  4.800620e-01  1.399177e+01  0.000000e+00
   endloop
 endfacet
 facet normal  2.057667e-02  9.997883e-01  0.000000e+00
   outer loop
     vertex  4.800620e-01  1.399177e+01  2.400000e+01
     vertex  4.800620e-01  1.399177e+01  0.000000e+00
     vertex  9.603046e-02  1.399967e+01  0.000000e+00
   endloop
 endfacet
 facet normal  2.057667e-02  9.997883e-01  0.000000e+00
   outer loop
     vertex  9.603046e-02  1.399967e+01  2.400000e+01
     vertex  4.800620e-01  1.399177e+01  2.400000e+01
     vertex  9.603046e-02  1.399967e+01  0.000000e+00
   endloop
 endfacet
 facet normal -6.859319e-03  9.999765e-01  0.000000e+00
   outer loop
     vertex  9.603046e-02  1.399967e+01  2.400000e+01
     vertex  9.603046e-02  1.399967e+01  0.000000e+00
     vertex -2.880733e-01  1.399704e+01  0.000000e+00
   endloop
 endfacet
 facet normal -6.859319e-03  9.999765e-01  0.000000e+00
   outer loop
     vertex -2.880733e-01  1.399704e+01  2.400000e+01
     vertex  9.603046e-02  1.399967e+01  2.400000e+01
     vertex -2.880733e-01  1.399704e+01  0.000000e+00
   endloop
 endfacet
 facet normal -3.429014e-02  9.994119e-01 -3.079387e-20
   outer loop
     vertex -6.719602e-01  1.398386e+01  2.400000e+01
     vertex -2.880733e-01  1.399704e+01  2.400000e+01
     vertex -2.880733e-01  1.399704e+01  0.000000e+00
   endloop
 endfacet
 facet normal -3.429014e-02  9.994119e-01  0.000000e+00
   outer loop
     vertex -6.719602e-01  1.398386e+01  2.400000e+01
     vertex -2.880733e-01  1.399704e+01  0.000000e+00
     vertex -6.719602e-01  1.398386e+01  0.000000e+00
   endloop
 endfacet
 facet normal -6.169515e-02  9.980950e-01  8.954794e-20
   outer loop
     vertex -1.055341e+00  1.396017e+01  2.400000e+01
     vertex -6.719602e-01  1.398386e+01  2.400000e+01
     vertex -6.719602e-01  1.398386e+01  0.000000e+00
   endloop
 endfacet
 facet normal -6.169515e-02  9.980950e-01  0.000000e+00
   outer loop
     vertex -1.055341e+00  1.396017e+01  2.400000e+01
     vertex -6.719602e-01  1.398386e+01  0.000000e+00
     vertex -1.055341e+00  1.396017e+01  0.000000e+00
   endloop
 endfacet
 facet normal -8.905371e-02  9.960268e-01  0.000000e+00
   outer loop
     vertex -1.055341e+00  1.396017e+01  2.400000e+01
     vertex -1.055341e+00  1.396017e+01  0.000000e+00
     vertex -1.437928e+00  1.392596e+01  0.000000e+00
   endloop
 endfacet
 facet normal -8.905371e-02  9.960268e-01  0.000000e+00
   outer loop
     vertex -1.437928e+00  1.392596e+01  2.400000e+01
     vertex -1.055341e+00  1.396017e+01  2.400000e+01
     vertex -1.437928e+00  1.392596e+01  0.000000e+00
   endloop
 endfacet
 facet normal -1.163452e-01  9.932088e-01  1.216580e-19
   outer loop
     vertex -1.819432e+00  1.388127e+01  2.400000e+01
     vertex -1.437928e+00  1.392596e+01  2.400000e+01
     vertex -1.437928e+00  1.392596e+01  0.000000e+00
   endloop
 endfacet
 facet normal -1.163452e-01  9.932088e-01  0.000000e+00
   outer loop
     vertex -1.819432e+00  1.388127e+01  2.400000e+01
     vertex -1.437928e+00  1.392596e+01  0.000000e+00
     vertex -1.819432e+00  1.388127e+01  0.000000e+00
   endloop
 endfacet
 facet normal -1.435492e-01  9.896432e-01 -1.276725e-19
   outer loop
     vertex -2.199567e+00  1.382613e+01  2.400000e+01
     vertex -1.819432e+00  1.388127e+01  2.400000e+01
     vertex -1.819432e+00  1.388127e+01  0.000000e+00
   endloop
 endfacet
 facet normal -1.435492e-01  9.896432e-01  0.000000e+00
   outer loop
     vertex -2.199567e+00  1.382613e+01  2.400000e+01
     vertex -1.819432e+00  1.388127e+01  0.000000e+00
     vertex -2.199567e+00  1.382613e+01  0.000000e+00
   endloop
 endfacet
 facet normal -1.706451e-01  9.853326e-01  0.000000e+00
   outer loop
     vertex -2.199567e+00  1.382613e+01  2.400000e+01
     vertex -2.199567e+00  1.382613e+01  0.000000e+00
     vertex -2.578046e+00  1.376058e+01  0.000000e+00
   endloop
 endfacet
 facet normal -1.706451e-01  9.853326e-01  0.000000e+00
   outer loop
     vertex -2.578046e+00  1.376058e+01  2.400000e+01
     vertex -2.199567e+00  1.382613e+01  2.400000e+01
     vertex -2.578046e+00  1.376058e+01  0.000000e+00
   endloop
 endfacet
 facet normal -1.976125e-01  9.802802e-01  0.000000e+00
   outer loop
     vertex -2.954584e+00  1.368468e+01  2.400000e+01
     vertex -2.578046e+00  1.376058e+01  0.000000e+00
     vertex -2.954584e+00  1.368468e+01  0.000000e+00
   endloop
 endfacet
 facet normal -1.976125e-01  9.802802e-01  4.595719e-20
   outer loop
     vertex -2.954584e+00  1.368468e+01  2.400000e+01
     vertex -2.578046e+00  1.376058e+01  2.400000e+01
     vertex -2.578046e+00  1.376058e+01  0.000000e+00
   endloop
 endfacet
 facet normal -2.244312e-01  9.744899e-01  0.000000e+00
   outer loop
     vertex -3.328898e+00  1.359847e+01  2.400000e+01
     vertex -2.954584e+00  1.368468e+01  0.000000e+00
     vertex -3.328898e+00  1.359847e+01  0.000000e+00
   endloop
 endfacet
 facet normal -2.244312e-01  9.744899e-01  2.103375e-19
   outer loop
     vertex -3.328898e+00  1.359847e+01  2.400000e+01
     vertex -2.954584e+00  1.368468e+01  2.400000e+01
     vertex -2.954584e+00  1.368468e+01  0.000000e+00
   endloop
 endfacet
 facet normal -2.510809e-01  9.679661e-01  2.254802e-19
   outer loop
     vertex -3.700706e+00  1.350203e+01  2.400000e+01
     vertex -3.328898e+00  1.359847e+01  2.400000e+01
     vertex -3.328898e+00  1.359847e+01  0.000000e+00
   endloop
 endfacet
 facet normal -2.510809e-01  9.679661e-01  0.000000e+00
   outer loop
     vertex -3.700706e+00  1.350203e+01  2.400000e+01
     vertex -3.328898e+00  1.359847e+01  0.000000e+00
     vertex -3.700706e+00  1.350203e+01  0.000000e+00
   endloop
 endfacet
 facet normal -2.775416e-01  9.607136e-01 -1.793355e-19
   outer loop
     vertex -4.069729e+00  1.339542e+01  2.400000e+01
     vertex -3.700706e+00  1.350203e+01  2.400000e+01
     vertex -3.700706e+00  1.350203e+01  0.000000e+00
   endloop
 endfacet
 facet normal -2.775416e-01  9.607136e-01  0.000000e+00
   outer loop
     vertex -4.069729e+00  1.339542e+01  2.400000e+01
     vertex -3.700706e+00  1.350203e+01  0.000000e+00
     vertex -4.069729e+00  1.339542e+01  0.000000e+00
   endloop
 endfacet
 facet normal -3.037934e-01  9.527379e-01  5.441410e-20
   outer loop
     vertex -4.435687e+00  1.327873e+01  2.400000e+01
     vertex -4.069729e+00  1.339542e+01  2.400000e+01
     vertex -4.069729e+00  1.339542e+01  0.000000e+00
   endloop
 endfacet
 facet normal -3.037934e-01  9.527379e-01  0.000000e+00
   outer loop
     vertex -4.435687e+00  1.327873e+01  2.400000e+01
     vertex -4.069729e+00  1.339542e+01  0.000000e+00
     vertex -4.435687e+00  1.327873e+01  0.000000e+00
   endloop
 endfacet
 facet normal -3.298166e-01  9.440450e-01  0.000000e+00
   outer loop
     vertex -4.435687e+00  1.327873e+01  2.400000e+01
     vertex -4.435687e+00  1.327873e+01  0.000000e+00
     vertex -4.798307e+00  1.315204e+01  0.000000e+00
   endloop
 endfacet
 facet normal -3.298166e-01  9.440450e-01  0.000000e+00
   outer loop
     vertex -4.798307e+00  1.315204e+01  2.400000e+01
     vertex -4.435687e+00  1.327873e+01  2.400000e+01
     vertex -4.798307e+00  1.315204e+01  0.000000e+00
   endloop
 endfacet
 facet normal -3.555914e-01  9.346415e-01 -3.595559e-21
   outer loop
     vertex -5.157315e+00  1.301546e+01  2.400000e+01
     vertex -4.798307e+00  1.315204e+01  2.400000e+01
     vertex -4.798307e+00  1.315204e+01  0.000000e+00
   endloop
 endfacet
 facet normal -3.555914e-01  9.346415e-01  0.000000e+00
   outer loop
     vertex -5.157315e+00  1.301546e+01  2.400000e+01
     vertex -4.798307e+00  1.315204e+01  0.000000e+00
     vertex -5.157315e+00  1.301546e+01  0.000000e+00
   endloop
 endfacet
 facet normal -4.063188e-01  9.137314e-01  0.000000e+00
   outer loop
     vertex -5.512441e+00  1.286907e+01  2.400000e+01
     vertex -5.512441e+00  1.286907e+01  0.000000e+00
     vertex -5.863416e+00  1.271300e+01  0.000000e+00
   endloop
 endfacet
 facet normal -3.810986e-01  9.245344e-01 -2.227414e-19
   outer loop
     vertex -5.512441e+00  1.286907e+01  2.400000e+01
     vertex -5.157315e+00  1.301546e+01  2.400000e+01
     vertex -5.157315e+00  1.301546e+01  0.000000e+00
   endloop
 endfacet
 facet normal -3.810986e-01  9.245344e-01  0.000000e+00
   outer loop
     vertex -5.512441e+00  1.286907e+01  2.400000e+01
     vertex -5.157315e+00  1.301546e+01  0.000000e+00
     vertex -5.512441e+00  1.286907e+01  0.000000e+00
   endloop
 endfacet
 facet normal -4.063188e-01  9.137314e-01  0.000000e+00
   outer loop
     vertex -5.863416e+00  1.271300e+01  2.400000e+01
     vertex -5.512441e+00  1.286907e+01  2.400000e+01
     vertex -5.863416e+00  1.271300e+01  0.000000e+00
   endloop
 endfacet
 facet normal -4.312333e-01  9.022405e-01  0.000000e+00
   outer loop
     vertex -6.209979e+00  1.254736e+01  2.400000e+01
     vertex -5.863416e+00  1.271300e+01  0.000000e+00
     vertex -6.209979e+00  1.254736e+01  0.000000e+00
   endloop
 endfacet
 facet normal -4.312333e-01  9.022405e-01 -2.190035e-19
   outer loop
     vertex -6.209979e+00  1.254736e+01  2.400000e+01
     vertex -5.863416e+00  1.271300e+01  2.400000e+01
     vertex -5.863416e+00  1.271300e+01  0.000000e+00
   endloop
 endfacet
 facet normal -4.558231e-01  8.900704e-01  0.000000e+00
   outer loop
     vertex -6.551866e+00  1.237227e+01  2.400000e+01
     vertex -6.209979e+00  1.254736e+01  0.000000e+00
     vertex -6.551866e+00  1.237227e+01  0.000000e+00
   endloop
 endfacet
 facet normal -4.800697e-01  8.772303e-01  0.000000e+00
   outer loop
     vertex -6.551866e+00  1.237227e+01  2.400000e+01
     vertex -6.551866e+00  1.237227e+01  0.000000e+00
     vertex -6.888821e+00  1.218787e+01  0.000000e+00
   endloop
 endfacet
 facet normal -4.558231e-01  8.900704e-01  1.846222e-19
   outer loop
     vertex -6.551866e+00  1.237227e+01  2.400000e+01
     vertex -6.209979e+00  1.254736e+01  2.400000e+01
     vertex -6.209979e+00  1.254736e+01  0.000000e+00
   endloop
 endfacet
 facet normal -4.800697e-01  8.772303e-01  0.000000e+00
   outer loop
     vertex -6.888821e+00  1.218787e+01  2.400000e+01
     vertex -6.551866e+00  1.237227e+01  2.400000e+01
     vertex -6.888821e+00  1.218787e+01  0.000000e+00
   endloop
 endfacet
 facet normal -5.039550e-01  8.637299e-01  0.000000e+00
   outer loop
     vertex -7.220591e+00  1.199429e+01  2.400000e+01
     vertex -6.888821e+00  1.218787e+01  0.000000e+00
     vertex -7.220591e+00  1.199429e+01  0.000000e+00
   endloop
 endfacet
 facet normal -5.039550e-01  8.637299e-01  1.813385e-19
   outer loop
     vertex -7.220591e+00  1.199429e+01  2.400000e+01
     vertex -6.888821e+00  1.218787e+01  2.400000e+01
     vertex -6.888821e+00  1.218787e+01  0.000000e+00
   endloop
 endfacet
 facet normal -5.274609e-01  8.495793e-01  0.000000e+00
   outer loop
     vertex -7.546926e+00  1.179169e+01  2.400000e+01
     vertex -7.220591e+00  1.199429e+01  0.000000e+00
     vertex -7.546926e+00  1.179169e+01  0.000000e+00
   endloop
 endfacet
 facet normal -5.274609e-01  8.495793e-01 -3.772909e-19
   outer loop
     vertex -7.546926e+00  1.179169e+01  2.400000e+01
     vertex -7.220591e+00  1.199429e+01  2.400000e+01
     vertex -7.220591e+00  1.199429e+01  0.000000e+00
   endloop
 endfacet
 facet normal -5.505698e-01  8.347891e-01  0.000000e+00
   outer loop
     vertex -7.867579e+00  1.158021e+01  2.400000e+01
     vertex -7.546926e+00  1.179169e+01  0.000000e+00
     vertex -7.867579e+00  1.158021e+01  0.000000e+00
   endloop
 endfacet
 facet normal -5.505698e-01  8.347891e-01  1.834423e-19
   outer loop
     vertex -7.867579e+00  1.158021e+01  2.400000e+01
     vertex -7.546926e+00  1.179169e+01  2.400000e+01
     vertex -7.546926e+00  1.179169e+01  0.000000e+00
   endloop
 endfacet
 facet normal -5.732642e-01  8.193706e-01  0.000000e+00
   outer loop
     vertex -8.182309e+00  1.136001e+01  2.400000e+01
     vertex -7.867579e+00  1.158021e+01  0.000000e+00
     vertex -8.182309e+00  1.136001e+01  0.000000e+00
   endloop
 endfacet
 facet normal -5.732642e-01  8.193706e-01  5.779563e-19
   outer loop
     vertex -8.182309e+00  1.136001e+01  2.400000e+01
     vertex -7.867579e+00  1.158021e+01  2.400000e+01
     vertex -7.867579e+00  1.158021e+01  0.000000e+00
   endloop
 endfacet
 facet normal -5.955271e-01  8.033352e-01  0.000000e+00
   outer loop
     vertex -8.490881e+00  1.113126e+01  2.400000e+01
     vertex -8.182309e+00  1.136001e+01  0.000000e+00
     vertex -8.490881e+00  1.113126e+01  0.000000e+00
   endloop
 endfacet
 facet normal -6.173417e-01  7.866951e-01  0.000000e+00
   outer loop
     vertex -8.490881e+00  1.113126e+01  2.400000e+01
     vertex -8.490881e+00  1.113126e+01  0.000000e+00
     vertex -8.793060e+00  1.089413e+01  0.000000e+00
   endloop
 endfacet
 facet normal -5.955271e-01  8.033352e-01 -2.966412e-19
   outer loop
     vertex -8.490881e+00  1.113126e+01  2.400000e+01
     vertex -8.182309e+00  1.136001e+01  2.400000e+01
     vertex -8.182309e+00  1.136001e+01  0.000000e+00
   endloop
 endfacet
 facet normal -6.173417e-01  7.866951e-01  0.000000e+00
   outer loop
     vertex -8.793060e+00  1.089413e+01  2.400000e+01
     vertex -8.490881e+00  1.113126e+01  2.400000e+01
     vertex -8.793060e+00  1.089413e+01  0.000000e+00
   endloop
 endfacet
 facet normal -6.386916e-01  7.694628e-01  0.000000e+00
   outer loop
     vertex -9.088621e+00  1.064880e+01  2.400000e+01
     vertex -8.793060e+00  1.089413e+01  0.000000e+00
     vertex -9.088621e+00  1.064880e+01  0.000000e+00
   endloop
 endfacet
 facet normal -6.386916e-01  7.694628e-01  3.993922e-19
   outer loop
     vertex -9.088621e+00  1.064880e+01  2.400000e+01
     vertex -8.793060e+00  1.089413e+01  2.400000e+01
     vertex -8.793060e+00  1.089413e+01  0.000000e+00
   endloop
 endfacet
 facet normal -6.595607e-01  7.516513e-01  0.000000e+00
   outer loop
     vertex -9.377340e+00  1.039546e+01  2.400000e+01
     vertex -9.088621e+00  1.064880e+01  0.000000e+00
     vertex -9.377340e+00  1.039546e+01  0.000000e+00
   endloop
 endfacet
 facet normal -6.595607e-01  7.516513e-01  8.202570e-20
   outer loop
     vertex -9.377340e+00  1.039546e+01  2.400000e+01
     vertex -9.088621e+00  1.064880e+01  2.400000e+01
     vertex -9.088621e+00  1.064880e+01  0.000000e+00
   endloop
 endfacet
 facet normal -6.799333e-01  7.332740e-01  0.000000e+00
   outer loop
     vertex -9.659000e+00  1.013428e+01  2.400000e+01
     vertex -9.377340e+00  1.039546e+01  0.000000e+00
     vertex -9.659000e+00  1.013428e+01  0.000000e+00
   endloop
 endfacet
 facet normal -6.997940e-01  7.143447e-01  0.000000e+00
   outer loop
     vertex -9.659000e+00  1.013428e+01  2.400000e+01
     vertex -9.659000e+00  1.013428e+01  0.000000e+00
     vertex -9.933389e+00  9.865485e+00  0.000000e+00
   endloop
 endfacet
 facet normal -6.799333e-01  7.332740e-01  3.569211e-19
   outer loop
     vertex -9.659000e+00  1.013428e+01  2.400000e+01
     vertex -9.377340e+00  1.039546e+01  2.400000e+01
     vertex -9.377340e+00  1.039546e+01  0.000000e+00
   endloop
 endfacet
 facet normal -6.997940e-01  7.143447e-01  0.000000e+00
   outer loop
     vertex -9.933389e+00  9.865485e+00  2.400000e+01
     vertex -9.659000e+00  1.013428e+01  2.400000e+01
     vertex -9.933389e+00  9.865485e+00  0.000000e+00
   endloop
 endfacet
 facet normal -7.191280e-01  6.948776e-01  0.000000e+00
   outer loop
     vertex -1.020030e+01  9.589258e+00  2.400000e+01
     vertex -9.933389e+00  9.865485e+00  0.000000e+00
     vertex -1.020030e+01  9.589258e+00  0.000000e+00
   endloop
 endfacet
 facet normal -7.191280e-01  6.948776e-01  6.741263e-20
   outer loop
     vertex -1.020030e+01  9.589258e+00  2.400000e+01
     vertex -9.933389e+00  9.865485e+00  2.400000e+01
     vertex -9.933389e+00  9.865485e+00  0.000000e+00
   endloop
 endfacet
 facet normal -7.379206e-01  6.748875e-01  0.000000e+00
   outer loop
     vertex -1.045953e+01  9.305814e+00  2.400000e+01
     vertex -1.020030e+01  9.589258e+00  0.000000e+00
     vertex -1.045953e+01  9.305814e+00  0.000000e+00
   endloop
 endfacet
 facet normal -7.379206e-01  6.748875e-01  6.114176e-19
   outer loop
     vertex -1.045953e+01  9.305814e+00  2.400000e+01
     vertex -1.020030e+01  9.589258e+00  2.400000e+01
     vertex -1.020030e+01  9.589258e+00  0.000000e+00
   endloop
 endfacet
 facet normal -7.561578e-01  6.543893e-01  0.000000e+00
   outer loop
     vertex -1.071089e+01  9.015364e+00  2.400000e+01
     vertex -1.045953e+01  9.305814e+00  0.000000e+00
     vertex -1.071089e+01  9.015364e+00  0.000000e+00
   endloop
 endfacet
 facet normal -7.738257e-01  6.333986e-01  0.000000e+00
   outer loop
     vertex -1.071089e+01  9.015364e+00  2.400000e+01
     vertex -1.071089e+01  9.015364e+00  0.000000e+00
     vertex -1.095419e+01  8.718127e+00  0.000000e+00
   endloop
 endfacet
 facet normal -7.561578e-01  6.543893e-01 -1.629086e-20
   outer loop
     vertex -1.071089e+01  9.015364e+00  2.400000e+01
     vertex -1.045953e+01  9.305814e+00  2.400000e+01
     vertex -1.045953e+01  9.305814e+00  0.000000e+00
   endloop
 endfacet
 facet normal -7.738257e-01  6.333986e-01  0.000000e+00
   outer loop
     vertex -1.095419e+01  8.718127e+00  2.400000e+01
     vertex -1.071089e+01  9.015364e+00  2.400000e+01
     vertex -1.095419e+01  8.718127e+00  0.000000e+00
   endloop
 endfacet
 facet normal -7.909112e-01  6.119310e-01 -6.822698e-19
   outer loop
     vertex -1.118924e+01  8.414328e+00  2.400000e+01
     vertex -1.095419e+01  8.718127e+00  2.400000e+01
     vertex -1.095419e+01  8.718127e+00  0.000000e+00
   endloop
 endfacet
 facet normal -7.909112e-01  6.119310e-01  0.000000e+00
   outer loop
     vertex -1.118924e+01  8.414328e+00  2.400000e+01
     vertex -1.095419e+01  8.718127e+00  0.000000e+00
     vertex -1.118924e+01  8.414328e+00  0.000000e+00
   endloop
 endfacet
 facet normal -8.074012e-01  5.900028e-01 -4.080416e-19
   outer loop
     vertex -1.141587e+01  8.104195e+00  2.400000e+01
     vertex -1.118924e+01  8.414328e+00  2.400000e+01
     vertex -1.118924e+01  8.414328e+00  0.000000e+00
   endloop
 endfacet
 facet normal -8.074012e-01  5.900028e-01  0.000000e+00
   outer loop
     vertex -1.141587e+01  8.104195e+00  2.400000e+01
     vertex -1.118924e+01  8.414328e+00  0.000000e+00
     vertex -1.141587e+01  8.104195e+00  0.000000e+00
   endloop
 endfacet
 facet normal -8.232835e-01  5.676304e-01  0.000000e+00
   outer loop
     vertex -1.141587e+01  8.104195e+00  2.400000e+01
     vertex -1.141587e+01  8.104195e+00  0.000000e+00
     vertex -1.163390e+01  7.787961e+00  0.000000e+00
   endloop
 endfacet
 facet normal -8.232835e-01  5.676304e-01  0.000000e+00
   outer loop
     vertex -1.163390e+01  7.787961e+00  2.400000e+01
     vertex -1.141587e+01  8.104195e+00  2.400000e+01
     vertex -1.163390e+01  7.787961e+00  0.000000e+00
   endloop
 endfacet
 facet normal -8.385460e-01  5.448308e-01  0.000000e+00
   outer loop
     vertex -1.163390e+01  7.787961e+00  2.400000e+01
     vertex -1.163390e+01  7.787961e+00  0.000000e+00
     vertex -1.184318e+01  7.465865e+00  0.000000e+00
   endloop
 endfacet
 facet normal -8.385460e-01  5.448308e-01  0.000000e+00
   outer loop
     vertex -1.184318e+01  7.465865e+00  2.400000e+01
     vertex -1.163390e+01  7.787961e+00  2.400000e+01
     vertex -1.184318e+01  7.465865e+00  0.000000e+00
   endloop
 endfacet
 facet normal -8.531773e-01  5.216210e-01  0.000000e+00
   outer loop
     vertex -1.184318e+01  7.465865e+00  2.400000e+01
     vertex -1.184318e+01  7.465865e+00  0.000000e+00
     vertex -1.204354e+01  7.138149e+00  0.000000e+00
   endloop
 endfacet
 facet normal -8.531773e-01  5.216210e-01  0.000000e+00
   outer loop
     vertex -1.204354e+01  7.138149e+00  2.400000e+01
     vertex -1.184318e+01  7.465865e+00  2.400000e+01
     vertex -1.204354e+01  7.138149e+00  0.000000e+00
   endloop
 endfacet
 facet normal -8.671664e-01  4.980186e-01  0.000000e+00
   outer loop
     vertex -1.204354e+01  7.138149e+00  2.400000e+01
     vertex -1.204354e+01  7.138149e+00  0.000000e+00
     vertex -1.223483e+01  6.805059e+00  0.000000e+00
   endloop
 endfacet
 facet normal -8.671664e-01  4.980186e-01  0.000000e+00
   outer loop
     vertex -1.223483e+01  6.805059e+00  2.400000e+01
     vertex -1.204354e+01  7.138149e+00  2.400000e+01
     vertex -1.223483e+01  6.805059e+00  0.000000e+00
   endloop
 endfacet
 facet normal -8.805026e-01  4.740412e-01  0.000000e+00
   outer loop
     vertex -1.241692e+01  6.466847e+00  2.400000e+01
     vertex -1.223483e+01  6.805059e+00  0.000000e+00
     vertex -1.241692e+01  6.466847e+00  0.000000e+00
   endloop
 endfacet
 facet normal -8.805026e-01  4.740412e-01  1.605961e-19
   outer loop
     vertex -1.241692e+01  6.466847e+00  2.400000e+01
     vertex -1.223483e+01  6.805059e+00  2.400000e+01
     vertex -1.223483e+01  6.805059e+00  0.000000e+00
   endloop
 endfacet
 facet normal -8.931761e-01  4.497071e-01  1.800577e-04
   outer loop
     vertex -1.264911e+01  6.000000e+00  1.420000e+01
     vertex -1.241692e+01  6.466847e+00  0.000000e+00
     vertex -1.258966e+01  6.123766e+00  0.000000e+00
   endloop
 endfacet
 facet normal -8.953706e-01  4.453217e-01  1.241828e-19
   outer loop
     vertex -1.264911e+01  6.000000e+00  1.420000e+01
     vertex -1.241692e+01  6.466847e+00  2.400000e+01
     vertex -1.241692e+01  6.466847e+00  0.000000e+00
   endloop
 endfacet
 facet normal -9.051772e-01  4.250344e-01 -9.118314e-05
   outer loop
     vertex -1.268315e+01  5.927698e+00  1.420000e+01
     vertex -1.258966e+01  6.123766e+00  0.000000e+00
     vertex -1.275292e+01  5.776076e+00  0.000000e+00
   endloop
 endfacet
 facet normal -9.047274e-01  4.259909e-01 -7.501343e-05
   outer loop
     vertex -1.268315e+01  5.927698e+00  1.420000e+01
     vertex -1.264911e+01  6.000000e+00  1.420000e+01
     vertex -1.258966e+01  6.123766e+00  0.000000e+00
   endloop
 endfacet
 facet normal -9.071443e-01  4.208196e-01 -3.651497e-05
   outer loop
     vertex -1.271678e+01  5.855203e+00  1.420000e+01
     vertex -1.268315e+01  5.927698e+00  1.420000e+01
     vertex -1.275292e+01  5.776076e+00  0.000000e+00
   endloop
 endfacet
 facet normal -8.931761e-01  4.497070e-01 -2.608999e-04
   outer loop
     vertex -1.258966e+01  6.123766e+00  2.400000e+01
     vertex -1.241692e+01  6.466847e+00  2.400000e+01
     vertex -1.264911e+01  6.000000e+00  1.420000e+01
   endloop
 endfacet
 facet normal -9.013954e-01  4.329969e-01  0.000000e+00
   outer loop
     vertex -1.264911e+01  6.000000e+00  2.040000e+01
     vertex -1.258966e+01  6.123766e+00  2.400000e+01
     vertex -1.264911e+01  6.000000e+00  1.420000e+01
   endloop
 endfacet
 facet normal -9.095275e-01  4.156437e-01 -1.608731e-06
   outer loop
     vertex -1.275000e+01  5.782517e+00  1.370000e+01
     vertex -1.271678e+01  5.855203e+00  1.420000e+01
     vertex -1.275292e+01  5.776076e+00  0.000000e+00
   endloop
 endfacet
 facet normal -9.095317e-01  4.156345e-01 -4.602705e-16
   outer loop
     vertex -1.275000e+01  5.782517e+00  1.420000e+01
     vertex -1.271678e+01  5.855203e+00  1.420000e+01
     vertex -1.275000e+01  5.782517e+00  1.370000e+01
   endloop
 endfacet
 facet normal -9.047274e-01  4.259909e-01  2.958863e-04
   outer loop
     vertex -1.268315e+01  5.927698e+00  2.040000e+01
     vertex -1.258966e+01  6.123766e+00  2.400000e+01
     vertex -1.264911e+01  6.000000e+00  2.040000e+01
   endloop
 endfacet
 facet normal -9.095317e-01  4.156345e-01  4.602705e-16
   outer loop
     vertex -1.275000e+01  5.782517e+00  2.090000e+01
     vertex -1.271678e+01  5.855203e+00  2.040000e+01
     vertex -1.275000e+01  5.782517e+00  2.040000e+01
   endloop
 endfacet
 facet normal -9.051772e-01  4.250343e-01  3.596668e-04
   outer loop
     vertex -1.275292e+01  5.776076e+00  2.400000e+01
     vertex -1.258966e+01  6.123766e+00  2.400000e+01
     vertex -1.268315e+01  5.927698e+00  2.040000e+01
   endloop
 endfacet
 facet normal -9.095130e-01  4.156754e-01  7.189197e-06
   outer loop
     vertex -1.275292e+01  5.776076e+00  2.400000e+01
     vertex -1.271678e+01  5.855203e+00  2.040000e+01
     vertex -1.275000e+01  5.782517e+00  2.090000e+01
   endloop
 endfacet
 facet normal -9.071443e-01  4.208196e-01  1.440313e-04
   outer loop
     vertex -1.275292e+01  5.776076e+00  2.400000e+01
     vertex -1.268315e+01  5.927698e+00  2.040000e+01
     vertex -1.271678e+01  5.855203e+00  2.040000e+01
   endloop
 endfacet
 facet normal -9.164969e-01  4.000417e-01 -6.509909e-06
   outer loop
     vertex -1.290402e+01  5.430136e+00  1.370000e+01
     vertex -1.275292e+01  5.776076e+00  0.000000e+00
     vertex -1.290658e+01  5.424038e+00  0.000000e+00
   endloop
 endfacet
 facet normal -9.163013e-01  4.004896e-01  6.958868e-06
   outer loop
     vertex -1.290402e+01  5.430136e+00  1.370000e+01
     vertex -1.275000e+01  5.782517e+00  1.370000e+01
     vertex -1.275292e+01  5.776076e+00  0.000000e+00
   endloop
 endfacet
 facet normal -9.163013e-01  4.004896e-01 -3.075371e-05
   outer loop
     vertex -1.290402e+01  5.430136e+00  2.090000e+01
     vertex -1.275292e+01  5.776076e+00  2.400000e+01
     vertex -1.275000e+01  5.782517e+00  2.090000e+01
   endloop
 endfacet
 facet normal -9.164969e-01  4.000417e-01  2.876960e-05
   outer loop
     vertex -1.290658e+01  5.424038e+00  2.400000e+01
     vertex -1.275292e+01  5.776076e+00  2.400000e+01
     vertex -1.290402e+01  5.430136e+00  2.090000e+01
   endloop
 endfacet
 facet normal -9.271267e-01  3.747479e-01 -6.068274e-06
   outer loop
     vertex -1.304829e+01  5.073657e+00  1.370000e+01
     vertex -1.290658e+01  5.424038e+00  0.000000e+00
     vertex -1.305053e+01  5.067917e+00  0.000000e+00
   endloop
 endfacet
 facet normal -9.269557e-01  3.751709e-01  6.517775e-06
   outer loop
     vertex -1.304829e+01  5.073657e+00  1.370000e+01
     vertex -1.290402e+01  5.430136e+00  1.370000e+01
     vertex -1.290658e+01  5.424038e+00  0.000000e+00
   endloop
 endfacet
 facet normal -9.269557e-01  3.751709e-01 -2.880436e-05
   outer loop
     vertex -1.304829e+01  5.073657e+00  2.090000e+01
     vertex -1.290658e+01  5.424038e+00  2.400000e+01
     vertex -1.290402e+01  5.430136e+00  2.090000e+01
   endloop
 endfacet
 facet normal -9.271267e-01  3.747479e-01  2.681785e-05
   outer loop
     vertex -1.305053e+01  5.067917e+00  2.400000e+01
     vertex -1.290658e+01  5.424038e+00  2.400000e+01
     vertex -1.304829e+01  5.073657e+00  2.090000e+01
   endloop
 endfacet
 facet normal -9.370586e-01  3.491720e-01 -5.625554e-06
   outer loop
     vertex -1.318273e+01  4.713351e+00  1.370000e+01
     vertex -1.305053e+01  5.067917e+00  0.000000e+00
     vertex -1.318465e+01  4.707980e+00  0.000000e+00
   endloop
 endfacet
 facet normal -9.369106e-01  3.495690e-01  6.075598e-06
   outer loop
     vertex -1.318273e+01  4.713351e+00  1.370000e+01
     vertex -1.304829e+01  5.073657e+00  1.370000e+01
     vertex -1.305053e+01  5.067917e+00  0.000000e+00
   endloop
 endfacet
 facet normal -9.369106e-01  3.495690e-01 -2.685022e-05
   outer loop
     vertex -1.318273e+01  4.713351e+00  2.090000e+01
     vertex -1.305053e+01  5.067917e+00  2.400000e+01
     vertex -1.304829e+01  5.073657e+00  2.090000e+01
   endloop
 endfacet
 facet normal -9.370586e-01  3.491720e-01  2.486132e-05
   outer loop
     vertex -1.318465e+01  4.707980e+00  2.400000e+01
     vertex -1.305053e+01  5.067917e+00  2.400000e+01
     vertex -1.318273e+01  4.713351e+00  2.090000e+01
   endloop
 endfacet
 facet normal -9.462851e-01  3.233333e-01 -5.181748e-06
   outer loop
     vertex -1.330721e+01  4.349487e+00  1.370000e+01
     vertex -1.318465e+01  4.707980e+00  0.000000e+00
     vertex -1.330884e+01  4.344500e+00  0.000000e+00
   endloop
 endfacet
 facet normal -9.461586e-01  3.237033e-01  5.632335e-06
   outer loop
     vertex -1.330721e+01  4.349487e+00  1.370000e+01
     vertex -1.318273e+01  4.713351e+00  1.370000e+01
     vertex -1.318465e+01  4.707980e+00  0.000000e+00
   endloop
 endfacet
 facet normal -9.461586e-01  3.237033e-01 -2.489129e-05
   outer loop
     vertex -1.330721e+01  4.349487e+00  2.090000e+01
     vertex -1.318465e+01  4.707980e+00  2.400000e+01
     vertex -1.318273e+01  4.713351e+00  2.090000e+01
   endloop
 endfacet
 facet normal -9.462851e-01  3.233333e-01  2.289998e-05
   outer loop
     vertex -1.330884e+01  4.344500e+00  2.400000e+01
     vertex -1.318465e+01  4.707980e+00  2.400000e+01
     vertex -1.330721e+01  4.349487e+00  2.090000e+01
   endloop
 endfacet
 facet normal -9.547993e-01  2.972512e-01 -4.736858e-06
   outer loop
     vertex -1.342166e+01  3.982342e+00  1.370000e+01
     vertex -1.330884e+01  4.344500e+00  0.000000e+00
     vertex -1.342302e+01  3.977749e+00  0.000000e+00
   endloop
 endfacet
 facet normal -9.546927e-01  2.975934e-01  5.187987e-06
   outer loop
     vertex -1.342166e+01  3.982342e+00  1.370000e+01
     vertex -1.330721e+01  4.349487e+00  1.370000e+01
     vertex -1.330884e+01  4.344500e+00  0.000000e+00
   endloop
 endfacet
 facet normal -9.546927e-01  2.975934e-01 -2.292756e-05
   outer loop
     vertex -1.342166e+01  3.982342e+00  2.090000e+01
     vertex -1.330884e+01  4.344500e+00  2.400000e+01
     vertex -1.330721e+01  4.349487e+00  2.090000e+01
   endloop
 endfacet
 facet normal -9.547993e-01  2.972512e-01  2.093386e-05
   outer loop
     vertex -1.342302e+01  3.977749e+00  2.400000e+01
     vertex -1.330884e+01  4.344500e+00  2.400000e+01
     vertex -1.342166e+01  3.982342e+00  2.090000e+01
   endloop
 endfacet
 facet normal -9.625948e-01  2.709453e-01 -4.290883e-06
   outer loop
     vertex -1.352598e+01  3.612192e+00  1.370000e+01
     vertex -1.342302e+01  3.977749e+00  0.000000e+00
     vertex -1.352710e+01  3.608004e+00  0.000000e+00
   endloop
 endfacet
 facet normal -9.625064e-01  2.712589e-01  4.742555e-06
   outer loop
     vertex -1.352598e+01  3.612192e+00  1.370000e+01
     vertex -1.342166e+01  3.982342e+00  1.370000e+01
     vertex -1.342302e+01  3.977749e+00  0.000000e+00
   endloop
 endfacet
 facet normal -9.625064e-01  2.712589e-01 -2.095903e-05
   outer loop
     vertex -1.352598e+01  3.612192e+00  2.090000e+01
     vertex -1.342302e+01  3.977749e+00  2.400000e+01
     vertex -1.342166e+01  3.982342e+00  2.090000e+01
   endloop
 endfacet
 facet normal -9.625948e-01  2.709453e-01  1.896293e-05
   outer loop
     vertex -1.352710e+01  3.608004e+00  2.400000e+01
     vertex -1.342302e+01  3.977749e+00  2.400000e+01
     vertex -1.352598e+01  3.612192e+00  2.090000e+01
   endloop
 endfacet
 facet normal -9.696656e-01  2.444354e-01 -3.843822e-06
   outer loop
     vertex -1.362009e+01  3.239316e+00  1.370000e+01
     vertex -1.352710e+01  3.608004e+00  0.000000e+00
     vertex -1.362099e+01  3.235543e+00  0.000000e+00
   endloop
 endfacet
 facet normal -9.695938e-01  2.447198e-01  4.296037e-06
   outer loop
     vertex -1.362009e+01  3.239316e+00  1.370000e+01
     vertex -1.352598e+01  3.612192e+00  1.370000e+01
     vertex -1.352710e+01  3.608004e+00  0.000000e+00
   endloop
 endfacet
 facet normal -9.695938e-01  2.447198e-01 -1.898571e-05
   outer loop
     vertex -1.362009e+01  3.239316e+00  2.090000e+01
     vertex -1.352710e+01  3.608004e+00  2.400000e+01
     vertex -1.352598e+01  3.612192e+00  2.090000e+01
   endloop
 endfacet
 facet normal -9.696656e-01  2.444354e-01  1.698722e-05
   outer loop
     vertex -1.362099e+01  3.235543e+00  2.400000e+01
     vertex -1.352710e+01  3.608004e+00  2.400000e+01
     vertex -1.362009e+01  3.239316e+00  2.090000e+01
   endloop
 endfacet
 facet normal -9.759497e-01  2.179960e-01  3.848434e-06
   outer loop
     vertex -1.370392e+01  2.863996e+00  1.370000e+01
     vertex -1.362009e+01  3.239316e+00  1.370000e+01
     vertex -1.362099e+01  3.235543e+00  0.000000e+00
   endloop
 endfacet
 facet normal -9.760065e-01  2.177416e-01 -3.395677e-06
   outer loop
     vertex -1.370392e+01  2.863996e+00  1.370000e+01
     vertex -1.362099e+01  3.235543e+00  0.000000e+00
     vertex -1.370462e+01  2.860647e+00  0.000000e+00
   endloop
 endfacet
 facet normal -9.759497e-01  2.179960e-01 -1.700759e-05
   outer loop
     vertex -1.370392e+01  2.863996e+00  2.090000e+01
     vertex -1.362099e+01  3.235543e+00  2.400000e+01
     vertex -1.362009e+01  3.239316e+00  2.090000e+01
   endloop
 endfacet
 facet normal -9.760065e-01  2.177416e-01  1.500670e-05
   outer loop
     vertex -1.370462e+01  2.860647e+00  2.400000e+01
     vertex -1.362099e+01  3.235543e+00  2.400000e+01
     vertex -1.370392e+01  2.863996e+00  2.090000e+01
   endloop
 endfacet
 facet normal -9.815691e-01  1.911077e-01  3.399746e-06
   outer loop
     vertex -1.377742e+01  2.486515e+00  1.370000e+01
     vertex -1.370392e+01  2.863996e+00  1.370000e+01
     vertex -1.370462e+01  2.860647e+00  0.000000e+00
   endloop
 endfacet
 facet normal -9.816126e-01  1.908838e-01 -2.946446e-06
   outer loop
     vertex -1.377742e+01  2.486515e+00  1.370000e+01
     vertex -1.370462e+01  2.860647e+00  0.000000e+00
     vertex -1.377794e+01  2.483597e+00  0.000000e+00
   endloop
 endfacet
 facet normal -9.815691e-01  1.911077e-01 -1.502468e-05
   outer loop
     vertex -1.377742e+01  2.486515e+00  2.090000e+01
     vertex -1.370462e+01  2.860647e+00  2.400000e+01
     vertex -1.370392e+01  2.863996e+00  2.090000e+01
   endloop
 endfacet
 facet normal -9.816126e-01  1.908838e-01  1.302139e-05
   outer loop
     vertex -1.377794e+01  2.483597e+00  2.400000e+01
     vertex -1.370462e+01  2.860647e+00  2.400000e+01
     vertex -1.377742e+01  2.486515e+00  2.090000e+01
   endloop
 endfacet
 facet normal -9.864478e-01  1.640752e-01  2.949973e-06
   outer loop
     vertex -1.384052e+01  2.107158e+00  1.370000e+01
     vertex -1.377742e+01  2.486515e+00  1.370000e+01
     vertex -1.377794e+01  2.483597e+00  0.000000e+00
   endloop
 endfacet
 facet normal -9.864799e-01  1.638824e-01 -2.496131e-06
   outer loop
     vertex -1.384052e+01  2.107158e+00  1.370000e+01
     vertex -1.377794e+01  2.483597e+00  0.000000e+00
     vertex -1.384089e+01  2.104677e+00  0.000000e+00
   endloop
 endfacet
 facet normal -9.864478e-01  1.640752e-01 -1.303698e-05
   outer loop
     vertex -1.384052e+01  2.107158e+00  2.090000e+01
     vertex -1.377794e+01  2.483597e+00  2.400000e+01
     vertex -1.377742e+01  2.486515e+00  2.090000e+01
   endloop
 endfacet
 facet normal -9.864799e-01  1.638824e-01  1.103129e-05
   outer loop
     vertex -1.384089e+01  2.104677e+00  2.400000e+01
     vertex -1.377794e+01  2.483597e+00  2.400000e+01
     vertex -1.384052e+01  2.107158e+00  2.090000e+01
   endloop
 endfacet
 facet normal -9.905823e-01  1.369189e-01  2.499115e-06
   outer loop
     vertex -1.389317e+01  1.726211e+00  1.370000e+01
     vertex -1.384052e+01  2.107158e+00  1.370000e+01
     vertex -1.384089e+01  2.104677e+00  0.000000e+00
   endloop
 endfacet
 facet normal -9.906046e-01  1.367575e-01 -2.044730e-06
   outer loop
     vertex -1.389317e+01  1.726211e+00  1.370000e+01
     vertex -1.384089e+01  2.104677e+00  0.000000e+00
     vertex -1.389342e+01  1.724173e+00  0.000000e+00
   endloop
 endfacet
 facet normal -9.905823e-01  1.369189e-01 -1.104448e-05
   outer loop
     vertex -1.389317e+01  1.726211e+00  2.090000e+01
     vertex -1.384089e+01  2.104677e+00  2.400000e+01
     vertex -1.384052e+01  2.107158e+00  2.090000e+01
   endloop
 endfacet
 facet normal -9.906046e-01  1.367575e-01  9.036389e-06
   outer loop
     vertex -1.389342e+01  1.724173e+00  2.400000e+01
     vertex -1.384089e+01  2.104677e+00  2.400000e+01
     vertex -1.389317e+01  1.726211e+00  2.090000e+01
   endloop
 endfacet
 facet normal -9.939835e-01  1.095298e-01 -1.592245e-06
   outer loop
     vertex -1.393534e+01  1.343961e+00  1.370000e+01
     vertex -1.389342e+01  1.724173e+00  0.000000e+00
     vertex -1.393550e+01  1.342372e+00  0.000000e+00
   endloop
 endfacet
 facet normal -9.939692e-01  1.096593e-01  2.047172e-06
   outer loop
     vertex -1.393534e+01  1.343961e+00  1.370000e+01
     vertex -1.389317e+01  1.726211e+00  1.370000e+01
     vertex -1.389342e+01  1.724173e+00  0.000000e+00
   endloop
 endfacet
 facet normal -9.939692e-01  1.096593e-01 -9.047178e-06
   outer loop
     vertex -1.393534e+01  1.343961e+00  2.090000e+01
     vertex -1.389342e+01  1.724173e+00  2.400000e+01
     vertex -1.389317e+01  1.726211e+00  2.090000e+01
   endloop
 endfacet
 facet normal -9.939835e-01  1.095298e-01  7.036694e-06
   outer loop
     vertex -1.393550e+01  1.342372e+00  2.400000e+01
     vertex -1.389342e+01  1.724173e+00  2.400000e+01
     vertex -1.393534e+01  1.343961e+00  2.090000e+01
   endloop
 endfacet
 facet normal -9.966142e-01  8.221955e-02 -1.138674e-06
   outer loop
     vertex -1.396700e+01  9.606971e-01  1.370000e+01
     vertex -1.393550e+01  1.342372e+00  0.000000e+00
     vertex -1.396708e+01  9.595593e-01  0.000000e+00
   endloop
 endfacet
 facet normal -9.966062e-01  8.231698e-02  1.594143e-06
   outer loop
     vertex -1.396700e+01  9.606971e-01  1.370000e+01
     vertex -1.393534e+01  1.343961e+00  1.370000e+01
     vertex -1.393550e+01  1.342372e+00  0.000000e+00
   endloop
 endfacet
 facet normal -9.966062e-01  8.231698e-02 -7.045086e-06
   outer loop
     vertex -1.396700e+01  9.606971e-01  2.090000e+01
     vertex -1.393550e+01  1.342372e+00  2.400000e+01
     vertex -1.393534e+01  1.343961e+00  2.090000e+01
   endloop
 endfacet
 facet normal -9.966142e-01  8.221955e-02  5.032204e-06
   outer loop
     vertex -1.396708e+01  9.595593e-01  2.400000e+01
     vertex -1.393550e+01  1.342372e+00  2.400000e+01
     vertex -1.396700e+01  9.606971e-01  2.090000e+01
   endloop
 endfacet
 facet normal -9.984947e-01  5.484744e-02 -6.840181e-07
   outer loop
     vertex -1.398812e+01  5.767084e-01  1.370000e+01
     vertex -1.396708e+01  9.595593e-01  0.000000e+00
     vertex -1.398814e+01  5.760247e-01  0.000000e+00
   endloop
 endfacet
 facet normal -9.984912e-01  5.491252e-02  1.140030e-06
   outer loop
     vertex -1.398812e+01  5.767084e-01  1.370000e+01
     vertex -1.396700e+01  9.606971e-01  1.370000e+01
     vertex -1.396708e+01  9.595593e-01  0.000000e+00
   endloop
 endfacet
 facet normal -9.984912e-01  5.491252e-02 -5.038198e-06
   outer loop
     vertex -1.398812e+01  5.767084e-01  2.090000e+01
     vertex -1.396708e+01  9.595593e-01  2.400000e+01
     vertex -1.396700e+01  9.606971e-01  2.090000e+01
   endloop
 endfacet
 facet normal -9.984947e-01  5.484744e-02  3.022919e-06
   outer loop
     vertex -1.398814e+01  5.760247e-01  2.400000e+01
     vertex -1.396708e+01  9.595593e-01  2.400000e+01
     vertex -1.398812e+01  5.767084e-01  2.090000e+01
   endloop
 endfacet
 facet normal -9.996236e-01  2.743405e-02 -2.282773e-07
   outer loop
     vertex -1.399868e+01  1.922845e-01  1.370000e+01
     vertex -1.398814e+01  5.760247e-01  0.000000e+00
     vertex -1.399868e+01  1.920564e-01  0.000000e+00
   endloop
 endfacet
 facet normal -1.000000e+00 -4.624570e-15  2.285486e-07
   outer loop
     vertex -1.399868e+01  1.922845e-01  1.370000e+01
     vertex -1.399868e+01  1.920564e-01  0.000000e+00
     vertex -1.399868e+01 -1.920564e-01  0.000000e+00
   endloop
 endfacet
 facet normal -9.996227e-01  2.746662e-02  6.848319e-07
   outer loop
     vertex -1.399868e+01  1.922845e-01  1.370000e+01
     vertex -1.398812e+01  5.767084e-01  1.370000e+01
     vertex -1.398814e+01  5.760247e-01  0.000000e+00
   endloop
 endfacet
 facet normal -9.996227e-01  2.746662e-02 -3.026515e-06
   outer loop
     vertex -1.399868e+01  1.922845e-01  2.090000e+01
     vertex -1.398814e+01  5.760247e-01  2.400000e+01
     vertex -1.398812e+01  5.767084e-01  2.090000e+01
   endloop
 endfacet
 facet normal -9.996236e-01  2.743405e-02  1.008838e-06
   outer loop
     vertex -1.399868e+01  1.920564e-01  2.400000e+01
     vertex -1.398814e+01  5.760247e-01  2.400000e+01
     vertex -1.399868e+01  1.922845e-01  2.090000e+01
   endloop
 endfacet
 facet normal -9.996236e-01 -2.743405e-02 -2.282773e-07
   outer loop
     vertex -1.399868e+01 -1.922845e-01  1.370000e+01
     vertex -1.399868e+01 -1.920564e-01  0.000000e+00
     vertex -1.398814e+01 -5.760247e-01  0.000000e+00
   endloop
 endfacet
 facet normal -1.000000e+00  0.000000e+00  2.285486e-07
   outer loop
     vertex -1.399868e+01 -1.922845e-01  1.370000e+01
     vertex -1.399868e+01  1.922845e-01  1.370000e+01
     vertex -1.399868e+01 -1.920564e-01  0.000000e+00
   endloop
 endfacet
 facet normal -1.000000e+00 -3.219562e-22 -1.010037e-06
   outer loop
     vertex -1.399868e+01 -1.920564e-01  2.400000e+01
     vertex -1.399868e+01  1.922845e-01  2.090000e+01
     vertex -1.399868e+01 -1.922845e-01  2.090000e+01
   endloop
 endfacet
 facet normal -1.000000e+00 -4.624571e-15 -1.010037e-06
   outer loop
     vertex -1.399868e+01 -1.920564e-01  2.400000e+01
     vertex -1.399868e+01  1.920564e-01  2.400000e+01
     vertex -1.399868e+01  1.922845e-01  2.090000e+01
   endloop
 endfacet
 facet normal -9.984947e-01 -5.484744e-02 -6.840181e-07
   outer loop
     vertex -1.398812e+01 -5.767084e-01  1.370000e+01
     vertex -1.398814e+01 -5.760247e-01  0.000000e+00
     vertex -1.396708e+01 -9.595593e-01  0.000000e+00
   endloop
 endfacet
 facet normal -9.996227e-01 -2.746662e-02  6.848319e-07
   outer loop
     vertex -1.398812e+01 -5.767084e-01  1.370000e+01
     vertex -1.399868e+01 -1.922845e-01  1.370000e+01
     vertex -1.398814e+01 -5.760247e-01  0.000000e+00
   endloop
 endfacet
 facet normal -9.996227e-01 -2.746662e-02 -3.026515e-06
   outer loop
     vertex -1.398814e+01 -5.760247e-01  2.400000e+01
     vertex -1.399868e+01 -1.922845e-01  2.090000e+01
     vertex -1.398812e+01 -5.767084e-01  2.090000e+01
   endloop
 endfacet
 facet normal -9.996236e-01 -2.743405e-02  1.008838e-06
   outer loop
     vertex -1.398814e+01 -5.760247e-01  2.400000e+01
     vertex -1.399868e+01 -1.920564e-01  2.400000e+01
     vertex -1.399868e+01 -1.922845e-01  2.090000e+01
   endloop
 endfacet
 facet normal -9.966142e-01 -8.221955e-02 -1.138674e-06
   outer loop
     vertex -1.396700e+01 -9.606971e-01  1.370000e+01
     vertex -1.396708e+01 -9.595593e-01  0.000000e+00
     vertex -1.393550e+01 -1.342372e+00  0.000000e+00
   endloop
 endfacet
 facet normal -9.984912e-01 -5.491252e-02  1.140030e-06
   outer loop
     vertex -1.396700e+01 -9.606971e-01  1.370000e+01
     vertex -1.398812e+01 -5.767084e-01  1.370000e+01
     vertex -1.396708e+01 -9.595593e-01  0.000000e+00
   endloop
 endfacet
 facet normal -9.984912e-01 -5.491252e-02 -5.038198e-06
   outer loop
     vertex -1.396708e+01 -9.595593e-01  2.400000e+01
     vertex -1.398812e+01 -5.767084e-01  2.090000e+01
     vertex -1.396700e+01 -9.606971e-01  2.090000e+01
   endloop
 endfacet
 facet normal -9.984947e-01 -5.484744e-02  3.022919e-06
   outer loop
     vertex -1.396708e+01 -9.595593e-01  2.400000e+01
     vertex -1.398814e+01 -5.760247e-01  2.400000e+01
     vertex -1.398812e+01 -5.767084e-01  2.090000e+01
   endloop
 endfacet
 facet normal -9.939835e-01 -1.095298e-01 -1.592245e-06
   outer loop
     vertex -1.393534e+01 -1.343961e+00  1.370000e+01
     vertex -1.393550e+01 -1.342372e+00  0.000000e+00
     vertex -1.389342e+01 -1.724173e+00  0.000000e+00
   endloop
 endfacet
 facet normal -9.966062e-01 -8.231698e-02  1.594143e-06
   outer loop
     vertex -1.393534e+01 -1.343961e+00  1.370000e+01
     vertex -1.396700e+01 -9.606971e-01  1.370000e+01
     vertex -1.393550e+01 -1.342372e+00  0.000000e+00
   endloop
 endfacet
 facet normal -9.966062e-01 -8.231698e-02 -7.045086e-06
   outer loop
     vertex -1.393550e+01 -1.342372e+00  2.400000e+01
     vertex -1.396700e+01 -9.606971e-01  2.090000e+01
     vertex -1.393534e+01 -1.343961e+00  2.090000e+01
   endloop
 endfacet
 facet normal -9.966142e-01 -8.221955e-02  5.032204e-06
   outer loop
     vertex -1.393550e+01 -1.342372e+00  2.400000e+01
     vertex -1.396708e+01 -9.595593e-01  2.400000e+01
     vertex -1.396700e+01 -9.606971e-01  2.090000e+01
   endloop
 endfacet
 facet normal -9.939692e-01 -1.096593e-01  2.047172e-06
   outer loop
     vertex -1.389317e+01 -1.726211e+00  1.370000e+01
     vertex -1.393534e+01 -1.343961e+00  1.370000e+01
     vertex -1.389342e+01 -1.724173e+00  0.000000e+00
   endloop
 endfacet
 facet normal -9.906046e-01 -1.367575e-01 -2.044730e-06
   outer loop
     vertex -1.389317e+01 -1.726211e+00  1.370000e+01
     vertex -1.389342e+01 -1.724173e+00  0.000000e+00
     vertex -1.384089e+01 -2.104677e+00  0.000000e+00
   endloop
 endfacet
 facet normal -9.939835e-01 -1.095298e-01  7.036694e-06
   outer loop
     vertex -1.389342e+01 -1.724173e+00  2.400000e+01
     vertex -1.393550e+01 -1.342372e+00  2.400000e+01
     vertex -1.393534e+01 -1.343961e+00  2.090000e+01
   endloop
 endfacet
 facet normal -9.939692e-01 -1.096593e-01 -9.047178e-06
   outer loop
     vertex -1.389342e+01 -1.724173e+00  2.400000e+01
     vertex -1.393534e+01 -1.343961e+00  2.090000e+01
     vertex -1.389317e+01 -1.726211e+00  2.090000e+01
   endloop
 endfacet
 facet normal -9.905823e-01 -1.369189e-01  2.499115e-06
   outer loop
     vertex -1.384052e+01 -2.107158e+00  1.370000e+01
     vertex -1.389317e+01 -1.726211e+00  1.370000e+01
     vertex -1.384089e+01 -2.104677e+00  0.000000e+00
   endloop
 endfacet
 facet normal -9.864799e-01 -1.638824e-01 -2.496131e-06
   outer loop
     vertex -1.384052e+01 -2.107158e+00  1.370000e+01
     vertex -1.384089e+01 -2.104677e+00  0.000000e+00
     vertex -1.377794e+01 -2.483597e+00  0.000000e+00
   endloop
 endfacet
 facet normal -9.906046e-01 -1.367575e-01  9.036389e-06
   outer loop
     vertex -1.384089e+01 -2.104677e+00  2.400000e+01
     vertex -1.389342e+01 -1.724173e+00  2.400000e+01
     vertex -1.389317e+01 -1.726211e+00  2.090000e+01
   endloop
 endfacet
 facet normal -9.905823e-01 -1.369189e-01 -1.104448e-05
   outer loop
     vertex -1.384089e+01 -2.104677e+00  2.400000e+01
     vertex -1.389317e+01 -1.726211e+00  2.090000e+01
     vertex -1.384052e+01 -2.107158e+00  2.090000e+01
   endloop
 endfacet
 facet normal -9.864478e-01 -1.640752e-01  2.949973e-06
   outer loop
     vertex -1.377742e+01 -2.486515e+00  1.370000e+01
     vertex -1.384052e+01 -2.107158e+00  1.370000e+01
     vertex -1.377794e+01 -2.483597e+00  0.000000e+00
   endloop
 endfacet
 facet normal -9.816126e-01 -1.908838e-01 -2.946446e-06
   outer loop
     vertex -1.377742e+01 -2.486515e+00  1.370000e+01
     vertex -1.377794e+01 -2.483597e+00  0.000000e+00
     vertex -1.370462e+01 -2.860647e+00  0.000000e+00
   endloop
 endfacet
 facet normal -9.864799e-01 -1.638824e-01  1.103129e-05
   outer loop
     vertex -1.377794e+01 -2.483597e+00  2.400000e+01
     vertex -1.384089e+01 -2.104677e+00  2.400000e+01
     vertex -1.384052e+01 -2.107158e+00  2.090000e+01
   endloop
 endfacet
 facet normal -9.864478e-01 -1.640752e-01 -1.303698e-05
   outer loop
     vertex -1.377794e+01 -2.483597e+00  2.400000e+01
     vertex -1.384052e+01 -2.107158e+00  2.090000e+01
     vertex -1.377742e+01 -2.486515e+00  2.090000e+01
   endloop
 endfacet
 facet normal -9.815691e-01 -1.911077e-01  3.399746e-06
   outer loop
     vertex -1.370392e+01 -2.863996e+00  1.370000e+01
     vertex -1.377742e+01 -2.486515e+00  1.370000e+01
     vertex -1.370462e+01 -2.860647e+00  0.000000e+00
   endloop
 endfacet
 facet normal -9.760065e-01 -2.177416e-01 -3.395677e-06
   outer loop
     vertex -1.370392e+01 -2.863996e+00  1.370000e+01
     vertex -1.370462e+01 -2.860647e+00  0.000000e+00
     vertex -1.362099e+01 -3.235543e+00  0.000000e+00
   endloop
 endfacet
 facet normal -9.815691e-01 -1.911077e-01 -1.502468e-05
   outer loop
     vertex -1.370462e+01 -2.860647e+00  2.400000e+01
     vertex -1.377742e+01 -2.486515e+00  2.090000e+01
     vertex -1.370392e+01 -2.863996e+00  2.090000e+01
   endloop
 endfacet
 facet normal -9.816126e-01 -1.908838e-01  1.302139e-05
   outer loop
     vertex -1.370462e+01 -2.860647e+00  2.400000e+01
     vertex -1.377794e+01 -2.483597e+00  2.400000e+01
     vertex -1.377742e+01 -2.486515e+00  2.090000e+01
   endloop
 endfacet
 facet normal -9.759497e-01 -2.179960e-01  3.848434e-06
   outer loop
     vertex -1.362009e+01 -3.239316e+00  1.370000e+01
     vertex -1.370392e+01 -2.863996e+00  1.370000e+01
     vertex -1.362099e+01 -3.235543e+00  0.000000e+00
   endloop
 endfacet
 facet normal -9.696656e-01 -2.444354e-01 -3.843822e-06
   outer loop
     vertex -1.362009e+01 -3.239316e+00  1.370000e+01
     vertex -1.362099e+01 -3.235543e+00  0.000000e+00
     vertex -1.352710e+01 -3.608004e+00  0.000000e+00
   endloop
 endfacet
 facet normal -9.759497e-01 -2.179960e-01 -1.700759e-05
   outer loop
     vertex -1.362099e+01 -3.235543e+00  2.400000e+01
     vertex -1.370392e+01 -2.863996e+00  2.090000e+01
     vertex -1.362009e+01 -3.239316e+00  2.090000e+01
   endloop
 endfacet
 facet normal -9.760065e-01 -2.177416e-01  1.500670e-05
   outer loop
     vertex -1.362099e+01 -3.235543e+00  2.400000e+01
     vertex -1.370462e+01 -2.860647e+00  2.400000e+01
     vertex -1.370392e+01 -2.863996e+00  2.090000e+01
   endloop
 endfacet
 facet normal -9.695938e-01 -2.447198e-01  4.296037e-06
   outer loop
     vertex -1.352598e+01 -3.612192e+00  1.370000e+01
     vertex -1.362009e+01 -3.239316e+00  1.370000e+01
     vertex -1.352710e+01 -3.608004e+00  0.000000e+00
   endloop
 endfacet
 facet normal -9.625948e-01 -2.709453e-01 -4.290883e-06
   outer loop
     vertex -1.352598e+01 -3.612192e+00  1.370000e+01
     vertex -1.352710e+01 -3.608004e+00  0.000000e+00
     vertex -1.342302e+01 -3.977749e+00  0.000000e+00
   endloop
 endfacet
 facet normal -9.695938e-01 -2.447198e-01 -1.898571e-05
   outer loop
     vertex -1.352710e+01 -3.608004e+00  2.400000e+01
     vertex -1.362009e+01 -3.239316e+00  2.090000e+01
     vertex -1.352598e+01 -3.612192e+00  2.090000e+01
   endloop
 endfacet
 facet normal -9.696656e-01 -2.444354e-01  1.698722e-05
   outer loop
     vertex -1.352710e+01 -3.608004e+00  2.400000e+01
     vertex -1.362099e+01 -3.235543e+00  2.400000e+01
     vertex -1.362009e+01 -3.239316e+00  2.090000e+01
   endloop
 endfacet
 facet normal -9.625064e-01 -2.712589e-01  4.742555e-06
   outer loop
     vertex -1.342166e+01 -3.982342e+00  1.370000e+01
     vertex -1.352598e+01 -3.612192e+00  1.370000e+01
     vertex -1.342302e+01 -3.977749e+00  0.000000e+00
   endloop
 endfacet
 facet normal -9.547993e-01 -2.972512e-01 -4.736858e-06
   outer loop
     vertex -1.342166e+01 -3.982342e+00  1.370000e+01
     vertex -1.342302e+01 -3.977749e+00  0.000000e+00
     vertex -1.330884e+01 -4.344500e+00  0.000000e+00
   endloop
 endfacet
 facet normal -9.625064e-01 -2.712589e-01 -2.095903e-05
   outer loop
     vertex -1.342302e+01 -3.977749e+00  2.400000e+01
     vertex -1.352598e+01 -3.612192e+00  2.090000e+01
     vertex -1.342166e+01 -3.982342e+00  2.090000e+01
   endloop
 endfacet
 facet normal -9.625948e-01 -2.709453e-01  1.896293e-05
   outer loop
     vertex -1.342302e+01 -3.977749e+00  2.400000e+01
     vertex -1.352710e+01 -3.608004e+00  2.400000e+01
     vertex -1.352598e+01 -3.612192e+00  2.090000e+01
   endloop
 endfacet
 facet normal -9.462851e-01 -3.233333e-01 -5.181748e-06
   outer loop
     vertex -1.330721e+01 -4.349487e+00  1.370000e+01
     vertex -1.330884e+01 -4.344500e+00  0.000000e+00
     vertex -1.318465e+01 -4.707980e+00  0.000000e+00
   endloop
 endfacet
 facet normal -9.546927e-01 -2.975934e-01  5.187987e-06
   outer loop
     vertex -1.330721e+01 -4.349487e+00  1.370000e+01
     vertex -1.342166e+01 -3.982342e+00  1.370000e+01
     vertex -1.330884e+01 -4.344500e+00  0.000000e+00
   endloop
 endfacet
 facet normal -9.546927e-01 -2.975934e-01 -2.292756e-05
   outer loop
     vertex -1.330884e+01 -4.344500e+00  2.400000e+01
     vertex -1.342166e+01 -3.982342e+00  2.090000e+01
     vertex -1.330721e+01 -4.349487e+00  2.090000e+01
   endloop
 endfacet
 facet normal -9.547993e-01 -2.972512e-01  2.093386e-05
   outer loop
     vertex -1.330884e+01 -4.344500e+00  2.400000e+01
     vertex -1.342302e+01 -3.977749e+00  2.400000e+01
     vertex -1.342166e+01 -3.982342e+00  2.090000e+01
   endloop
 endfacet
 facet normal -9.370586e-01 -3.491720e-01 -5.625554e-06
   outer loop
     vertex -1.318273e+01 -4.713351e+00  1.370000e+01
     vertex -1.318465e+01 -4.707980e+00  0.000000e+00
     vertex -1.305053e+01 -5.067917e+00  0.000000e+00
   endloop
 endfacet
 facet normal -9.461586e-01 -3.237033e-01  5.632335e-06
   outer loop
     vertex -1.318273e+01 -4.713351e+00  1.370000e+01
     vertex -1.330721e+01 -4.349487e+00  1.370000e+01
     vertex -1.318465e+01 -4.707980e+00  0.000000e+00
   endloop
 endfacet
 facet normal -9.461586e-01 -3.237033e-01 -2.489129e-05
   outer loop
     vertex -1.318465e+01 -4.707980e+00  2.400000e+01
     vertex -1.330721e+01 -4.349487e+00  2.090000e+01
     vertex -1.318273e+01 -4.713351e+00  2.090000e+01
   endloop
 endfacet
 facet normal -9.462851e-01 -3.233333e-01  2.289998e-05
   outer loop
     vertex -1.318465e+01 -4.707980e+00  2.400000e+01
     vertex -1.330884e+01 -4.344500e+00  2.400000e+01
     vertex -1.330721e+01 -4.349487e+00  2.090000e+01
   endloop
 endfacet
 facet normal -9.271267e-01 -3.747479e-01 -6.068274e-06
   outer loop
     vertex -1.304829e+01 -5.073657e+00  1.370000e+01
     vertex -1.305053e+01 -5.067917e+00  0.000000e+00
     vertex -1.290658e+01 -5.424038e+00  0.000000e+00
   endloop
 endfacet
 facet normal -9.369106e-01 -3.495690e-01  6.075598e-06
   outer loop
     vertex -1.304829e+01 -5.073657e+00  1.370000e+01
     vertex -1.318273e+01 -4.713351e+00  1.370000e+01
     vertex -1.305053e+01 -5.067917e+00  0.000000e+00
   endloop
 endfacet
 facet normal -9.369106e-01 -3.495690e-01 -2.685022e-05
   outer loop
     vertex -1.305053e+01 -5.067917e+00  2.400000e+01
     vertex -1.318273e+01 -4.713351e+00  2.090000e+01
     vertex -1.304829e+01 -5.073657e+00  2.090000e+01
   endloop
 endfacet
 facet normal -9.370586e-01 -3.491720e-01  2.486132e-05
   outer loop
     vertex -1.305053e+01 -5.067917e+00  2.400000e+01
     vertex -1.318465e+01 -4.707980e+00  2.400000e+01
     vertex -1.318273e+01 -4.713351e+00  2.090000e+01
   endloop
 endfacet
 facet normal -9.164969e-01 -4.000417e-01 -6.509909e-06
   outer loop
     vertex -1.290402e+01 -5.430136e+00  1.370000e+01
     vertex -1.290658e+01 -5.424038e+00  0.000000e+00
     vertex -1.275292e+01 -5.776076e+00  0.000000e+00
   endloop
 endfacet
 facet normal -9.269557e-01 -3.751709e-01  6.517775e-06
   outer loop
     vertex -1.290402e+01 -5.430136e+00  1.370000e+01
     vertex -1.304829e+01 -5.073657e+00  1.370000e+01
     vertex -1.290658e+01 -5.424038e+00  0.000000e+00
   endloop
 endfacet
 facet normal -9.269557e-01 -3.751709e-01 -2.880436e-05
   outer loop
     vertex -1.290658e+01 -5.424038e+00  2.400000e+01
     vertex -1.304829e+01 -5.073657e+00  2.090000e+01
     vertex -1.290402e+01 -5.430136e+00  2.090000e+01
   endloop
 endfacet
 facet normal -9.271267e-01 -3.747479e-01  2.681785e-05
   outer loop
     vertex -1.290658e+01 -5.424038e+00  2.400000e+01
     vertex -1.305053e+01 -5.067917e+00  2.400000e+01
     vertex -1.304829e+01 -5.073657e+00  2.090000e+01
   endloop
 endfacet
 facet normal -9.163013e-01 -4.004896e-01  6.958868e-06
   outer loop
     vertex -1.275000e+01 -5.782517e+00  1.370000e+01
     vertex -1.290402e+01 -5.430136e+00  1.370000e+01
     vertex -1.275292e+01 -5.776076e+00  0.000000e+00
   endloop
 endfacet
 facet normal -9.095317e-01 -4.156345e-01 -7.363819e-16
   outer loop
     vertex -1.271678e+01 -5.855203e+00  1.420000e+01
     vertex -1.275000e+01 -5.782517e+00  1.420000e+01
     vertex -1.275000e+01 -5.782517e+00  1.370000e+01
   endloop
 endfacet
 facet normal -9.095275e-01 -4.156437e-01 -1.608731e-06
   outer loop
     vertex -1.271678e+01 -5.855203e+00  1.420000e+01
     vertex -1.275000e+01 -5.782517e+00  1.370000e+01
     vertex -1.275292e+01 -5.776076e+00  0.000000e+00
   endloop
 endfacet
 facet normal -9.051772e-01 -4.250344e-01 -9.118314e-05
   outer loop
     vertex -1.268315e+01 -5.927698e+00  1.420000e+01
     vertex -1.275292e+01 -5.776076e+00  0.000000e+00
     vertex -1.258966e+01 -6.123766e+00  0.000000e+00
   endloop
 endfacet
 facet normal -9.071443e-01 -4.208196e-01 -3.651497e-05
   outer loop
     vertex -1.268315e+01 -5.927698e+00  1.420000e+01
     vertex -1.271678e+01 -5.855203e+00  1.420000e+01
     vertex -1.275292e+01 -5.776076e+00  0.000000e+00
   endloop
 endfacet
 facet normal -9.047274e-01 -4.259909e-01 -7.501343e-05
   outer loop
     vertex -1.264911e+01 -6.000000e+00  1.420000e+01
     vertex -1.268315e+01 -5.927698e+00  1.420000e+01
     vertex -1.258966e+01 -6.123766e+00  0.000000e+00
   endloop
 endfacet
 facet normal -9.095317e-01 -4.156345e-01  7.399672e-16
   outer loop
     vertex -1.271678e+01 -5.855203e+00  2.040000e+01
     vertex -1.275000e+01 -5.782517e+00  2.090000e+01
     vertex -1.275000e+01 -5.782517e+00  2.040000e+01
   endloop
 endfacet
 facet normal -8.931761e-01 -4.497071e-01  1.800577e-04
   outer loop
     vertex -1.241692e+01 -6.466847e+00  0.000000e+00
     vertex -1.264911e+01 -6.000000e+00  1.420000e+01
     vertex -1.258966e+01 -6.123766e+00  0.000000e+00
   endloop
 endfacet
 facet normal -9.163013e-01 -4.004896e-01 -3.075371e-05
   outer loop
     vertex -1.275292e+01 -5.776076e+00  2.400000e+01
     vertex -1.290402e+01 -5.430136e+00  2.090000e+01
     vertex -1.275000e+01 -5.782517e+00  2.090000e+01
   endloop
 endfacet
 facet normal -9.164969e-01 -4.000417e-01  2.876960e-05
   outer loop
     vertex -1.275292e+01 -5.776076e+00  2.400000e+01
     vertex -1.290658e+01 -5.424038e+00  2.400000e+01
     vertex -1.290402e+01 -5.430136e+00  2.090000e+01
   endloop
 endfacet
 facet normal -9.095130e-01 -4.156754e-01  7.189197e-06
   outer loop
     vertex -1.275292e+01 -5.776076e+00  2.400000e+01
     vertex -1.275000e+01 -5.782517e+00  2.090000e+01
     vertex -1.271678e+01 -5.855203e+00  2.040000e+01
   endloop
 endfacet
 facet normal -9.071443e-01 -4.208196e-01  1.440313e-04
   outer loop
     vertex -1.268315e+01 -5.927698e+00  2.040000e+01
     vertex -1.275292e+01 -5.776076e+00  2.400000e+01
     vertex -1.271678e+01 -5.855203e+00  2.040000e+01
   endloop
 endfacet
 facet normal -9.051772e-01 -4.250343e-01  3.596668e-04
   outer loop
     vertex -1.258966e+01 -6.123766e+00  2.400000e+01
     vertex -1.275292e+01 -5.776076e+00  2.400000e+01
     vertex -1.268315e+01 -5.927698e+00  2.040000e+01
   endloop
 endfacet
 facet normal -9.047274e-01 -4.259909e-01  2.958863e-04
   outer loop
     vertex -1.258966e+01 -6.123766e+00  2.400000e+01
     vertex -1.268315e+01 -5.927698e+00  2.040000e+01
     vertex -1.264911e+01 -6.000000e+00  2.040000e+01
   endloop
 endfacet
 facet normal -9.013954e-01 -4.329969e-01 -3.584237e-19
   outer loop
     vertex -1.258966e+01 -6.123766e+00  2.400000e+01
     vertex -1.264911e+01 -6.000000e+00  2.040000e+01
     vertex -1.264911e+01 -6.000000e+00  1.420000e+01
   endloop
 endfacet
 facet normal -8.953706e-01 -4.453217e-01 -0.000000e+00
   outer loop
     vertex -1.241692e+01 -6.466847e+00  2.400000e+01
     vertex -1.264911e+01 -6.000000e+00  1.420000e+01
     vertex -1.241692e+01 -6.466847e+00  0.000000e+00
   endloop
 endfacet
 facet normal -8.931761e-01 -4.497070e-01 -2.608999e-04
   outer loop
     vertex -1.241692e+01 -6.466847e+00  2.400000e+01
     vertex -1.258966e+01 -6.123766e+00  2.400000e+01
     vertex -1.264911e+01 -6.000000e+00  1.420000e+01
   endloop
 endfacet
 facet normal -8.805026e-01 -4.740412e-01 -3.679203e-19
   outer loop
     vertex -1.223483e+01 -6.805059e+00  2.400000e+01
     vertex -1.241692e+01 -6.466847e+00  2.400000e+01
     vertex -1.241692e+01 -6.466847e+00  0.000000e+00
   endloop
 endfacet
 facet normal -8.805026e-01 -4.740412e-01 -0.000000e+00
   outer loop
     vertex -1.223483e+01 -6.805059e+00  2.400000e+01
     vertex -1.241692e+01 -6.466847e+00  0.000000e+00
     vertex -1.223483e+01 -6.805059e+00  0.000000e+00
   endloop
 endfacet
 facet normal -8.671664e-01 -4.980186e-01  3.003454e-19
   outer loop
     vertex -1.204354e+01 -7.138149e+00  2.400000e+01
     vertex -1.223483e+01 -6.805059e+00  2.400000e+01
     vertex -1.223483e+01 -6.805059e+00  0.000000e+00
   endloop
 endfacet
 facet normal -8.671664e-01 -4.980186e-01 -0.000000e+00
   outer loop
     vertex -1.204354e+01 -7.138149e+00  2.400000e+01
     vertex -1.223483e+01 -6.805059e+00  0.000000e+00
     vertex -1.204354e+01 -7.138149e+00  0.000000e+00
   endloop
 endfacet
 facet normal -8.531773e-01 -5.216210e-01 -4.753313e-19
   outer loop
     vertex -1.184318e+01 -7.465865e+00  2.400000e+01
     vertex -1.204354e+01 -7.138149e+00  2.400000e+01
     vertex -1.204354e+01 -7.138149e+00  0.000000e+00
   endloop
 endfacet
 facet normal -8.531773e-01 -5.216210e-01 -0.000000e+00
   outer loop
     vertex -1.184318e+01 -7.465865e+00  2.400000e+01
     vertex -1.204354e+01 -7.138149e+00  0.000000e+00
     vertex -1.184318e+01 -7.465865e+00  0.000000e+00
   endloop
 endfacet
 facet normal -8.385460e-01 -5.448308e-01 -4.996586e-19
   outer loop
     vertex -1.163390e+01 -7.787961e+00  2.400000e+01
     vertex -1.184318e+01 -7.465865e+00  2.400000e+01
     vertex -1.184318e+01 -7.465865e+00  0.000000e+00
   endloop
 endfacet
 facet normal -8.385460e-01 -5.448308e-01 -0.000000e+00
   outer loop
     vertex -1.163390e+01 -7.787961e+00  2.400000e+01
     vertex -1.184318e+01 -7.465865e+00  0.000000e+00
     vertex -1.163390e+01 -7.787961e+00  0.000000e+00
   endloop
 endfacet
 facet normal -8.232835e-01 -5.676304e-01  6.881710e-19
   outer loop
     vertex -1.141587e+01 -8.104195e+00  2.400000e+01
     vertex -1.163390e+01 -7.787961e+00  2.400000e+01
     vertex -1.163390e+01 -7.787961e+00  0.000000e+00
   endloop
 endfacet
 facet normal -8.232835e-01 -5.676304e-01 -0.000000e+00
   outer loop
     vertex -1.141587e+01 -8.104195e+00  2.400000e+01
     vertex -1.163390e+01 -7.787961e+00  0.000000e+00
     vertex -1.141587e+01 -8.104195e+00  0.000000e+00
   endloop
 endfacet
 facet normal -8.074012e-01 -5.900028e-01 -0.000000e+00
   outer loop
     vertex -1.141587e+01 -8.104195e+00  2.400000e+01
     vertex -1.141587e+01 -8.104195e+00  0.000000e+00
     vertex -1.118924e+01 -8.414328e+00  0.000000e+00
   endloop
 endfacet
 facet normal -8.074012e-01 -5.900028e-01 -0.000000e+00
   outer loop
     vertex -1.118924e+01 -8.414328e+00  2.400000e+01
     vertex -1.141587e+01 -8.104195e+00  2.400000e+01
     vertex -1.118924e+01 -8.414328e+00  0.000000e+00
   endloop
 endfacet
 facet normal -7.909112e-01 -6.119310e-01 -5.217710e-19
   outer loop
     vertex -1.095419e+01 -8.718127e+00  2.400000e+01
     vertex -1.118924e+01 -8.414328e+00  2.400000e+01
     vertex -1.118924e+01 -8.414328e+00  0.000000e+00
   endloop
 endfacet
 facet normal -7.909112e-01 -6.119310e-01 -0.000000e+00
   outer loop
     vertex -1.095419e+01 -8.718127e+00  2.400000e+01
     vertex -1.118924e+01 -8.414328e+00  0.000000e+00
     vertex -1.095419e+01 -8.718127e+00  0.000000e+00
   endloop
 endfacet
 facet normal -7.738257e-01 -6.333986e-01 -0.000000e+00
   outer loop
     vertex -1.095419e+01 -8.718127e+00  2.400000e+01
     vertex -1.095419e+01 -8.718127e+00  0.000000e+00
     vertex -1.071089e+01 -9.015364e+00  0.000000e+00
   endloop
 endfacet
 facet normal -7.738257e-01 -6.333986e-01 -0.000000e+00
   outer loop
     vertex -1.071089e+01 -9.015364e+00  2.400000e+01
     vertex -1.095419e+01 -8.718127e+00  2.400000e+01
     vertex -1.071089e+01 -9.015364e+00  0.000000e+00
   endloop
 endfacet
 facet normal -7.561578e-01 -6.543893e-01 -2.564552e-19
   outer loop
     vertex -1.045953e+01 -9.305814e+00  2.400000e+01
     vertex -1.071089e+01 -9.015364e+00  2.400000e+01
     vertex -1.071089e+01 -9.015364e+00  0.000000e+00
   endloop
 endfacet
 facet normal -7.561578e-01 -6.543893e-01 -0.000000e+00
   outer loop
     vertex -1.045953e+01 -9.305814e+00  2.400000e+01
     vertex -1.071089e+01 -9.015364e+00  0.000000e+00
     vertex -1.045953e+01 -9.305814e+00  0.000000e+00
   endloop
 endfacet
 facet normal -7.379206e-01 -6.748875e-01  7.447702e-19
   outer loop
     vertex -1.020030e+01 -9.589258e+00  2.400000e+01
     vertex -1.045953e+01 -9.305814e+00  2.400000e+01
     vertex -1.045953e+01 -9.305814e+00  0.000000e+00
   endloop
 endfacet
 facet normal -7.379206e-01 -6.748875e-01 -0.000000e+00
   outer loop
     vertex -1.020030e+01 -9.589258e+00  2.400000e+01
     vertex -1.045953e+01 -9.305814e+00  0.000000e+00
     vertex -1.020030e+01 -9.589258e+00  0.000000e+00
   endloop
 endfacet
 facet normal -7.191280e-01 -6.948776e-01 -0.000000e+00
   outer loop
     vertex -1.020030e+01 -9.589258e+00  2.400000e+01
     vertex -1.020030e+01 -9.589258e+00  0.000000e+00
     vertex -9.933389e+00 -9.865485e+00  0.000000e+00
   endloop
 endfacet
 facet normal -7.191280e-01 -6.948776e-01 -0.000000e+00
   outer loop
     vertex -9.933389e+00 -9.865485e+00  2.400000e+01
     vertex -1.020030e+01 -9.589258e+00  2.400000e+01
     vertex -9.933389e+00 -9.865485e+00  0.000000e+00
   endloop
 endfacet
 facet normal -6.997940e-01 -7.143447e-01 -7.122083e-19
   outer loop
     vertex -9.659000e+00 -1.013428e+01  2.400000e+01
     vertex -9.933389e+00 -9.865485e+00  2.400000e+01
     vertex -9.933389e+00 -9.865485e+00  0.000000e+00
   endloop
 endfacet
 facet normal -6.997940e-01 -7.143447e-01 -0.000000e+00
   outer loop
     vertex -9.659000e+00 -1.013428e+01  2.400000e+01
     vertex -9.933389e+00 -9.865485e+00  0.000000e+00
     vertex -9.659000e+00 -1.013428e+01  0.000000e+00
   endloop
 endfacet
 facet normal -6.799333e-01 -7.332740e-01 -0.000000e+00
   outer loop
     vertex -9.377340e+00 -1.039546e+01  2.400000e+01
     vertex -9.659000e+00 -1.013428e+01  0.000000e+00
     vertex -9.377340e+00 -1.039546e+01  0.000000e+00
   endloop
 endfacet
 facet normal -6.799333e-01 -7.332740e-01 -2.779291e-19
   outer loop
     vertex -9.377340e+00 -1.039546e+01  2.400000e+01
     vertex -9.659000e+00 -1.013428e+01  2.400000e+01
     vertex -9.659000e+00 -1.013428e+01  0.000000e+00
   endloop
 endfacet
 facet normal -6.595607e-01 -7.516513e-01 -0.000000e+00
   outer loop
     vertex -9.088621e+00 -1.064880e+01  2.400000e+01
     vertex -9.377340e+00 -1.039546e+01  0.000000e+00
     vertex -9.088621e+00 -1.064880e+01  0.000000e+00
   endloop
 endfacet
 facet normal -6.595607e-01 -7.516513e-01  2.978341e-19
   outer loop
     vertex -9.088621e+00 -1.064880e+01  2.400000e+01
     vertex -9.377340e+00 -1.039546e+01  2.400000e+01
     vertex -9.377340e+00 -1.039546e+01  0.000000e+00
   endloop
 endfacet
 facet normal -6.386916e-01 -7.694628e-01 -0.000000e+00
   outer loop
     vertex -8.793060e+00 -1.089413e+01  2.400000e+01
     vertex -9.088621e+00 -1.064880e+01  0.000000e+00
     vertex -8.793060e+00 -1.089413e+01  0.000000e+00
   endloop
 endfacet
 facet normal -6.386916e-01 -7.694628e-01 -6.023238e-21
   outer loop
     vertex -8.793060e+00 -1.089413e+01  2.400000e+01
     vertex -9.088621e+00 -1.064880e+01  2.400000e+01
     vertex -9.088621e+00 -1.064880e+01  0.000000e+00
   endloop
 endfacet
 facet normal -6.173417e-01 -7.866951e-01 -0.000000e+00
   outer loop
     vertex -8.490881e+00 -1.113126e+01  2.400000e+01
     vertex -8.793060e+00 -1.089413e+01  0.000000e+00
     vertex -8.490881e+00 -1.113126e+01  0.000000e+00
   endloop
 endfacet
 facet normal -6.173417e-01 -7.866951e-01  7.229610e-19
   outer loop
     vertex -8.490881e+00 -1.113126e+01  2.400000e+01
     vertex -8.793060e+00 -1.089413e+01  2.400000e+01
     vertex -8.793060e+00 -1.089413e+01  0.000000e+00
   endloop
 endfacet
 facet normal -5.955271e-01 -8.033352e-01 -0.000000e+00
   outer loop
     vertex -8.182309e+00 -1.136001e+01  2.400000e+01
     vertex -8.490881e+00 -1.113126e+01  0.000000e+00
     vertex -8.182309e+00 -1.136001e+01  0.000000e+00
   endloop
 endfacet
 facet normal -5.955271e-01 -8.033352e-01  7.094412e-19
   outer loop
     vertex -8.182309e+00 -1.136001e+01  2.400000e+01
     vertex -8.490881e+00 -1.113126e+01  2.400000e+01
     vertex -8.490881e+00 -1.113126e+01  0.000000e+00
   endloop
 endfacet
 facet normal -5.732642e-01 -8.193706e-01 -0.000000e+00
   outer loop
     vertex -7.867579e+00 -1.158021e+01  2.400000e+01
     vertex -8.182309e+00 -1.136001e+01  0.000000e+00
     vertex -7.867579e+00 -1.158021e+01  0.000000e+00
   endloop
 endfacet
 facet normal -5.732642e-01 -8.193706e-01  6.483950e-19
   outer loop
     vertex -7.867579e+00 -1.158021e+01  2.400000e+01
     vertex -8.182309e+00 -1.136001e+01  2.400000e+01
     vertex -8.182309e+00 -1.136001e+01  0.000000e+00
   endloop
 endfacet
 facet normal -5.505698e-01 -8.347891e-01 -0.000000e+00
   outer loop
     vertex -7.546926e+00 -1.179169e+01  2.400000e+01
     vertex -7.867579e+00 -1.158021e+01  0.000000e+00
     vertex -7.546926e+00 -1.179169e+01  0.000000e+00
   endloop
 endfacet
 facet normal -5.505698e-01 -8.347891e-01 -1.959176e-19
   outer loop
     vertex -7.546926e+00 -1.179169e+01  2.400000e+01
     vertex -7.867579e+00 -1.158021e+01  2.400000e+01
     vertex -7.867579e+00 -1.158021e+01  0.000000e+00
   endloop
 endfacet
 facet normal -5.274609e-01 -8.495793e-01  8.238493e-20
   outer loop
     vertex -7.220591e+00 -1.199429e+01  2.400000e+01
     vertex -7.546926e+00 -1.179169e+01  2.400000e+01
     vertex -7.546926e+00 -1.179169e+01  0.000000e+00
   endloop
 endfacet
 facet normal -5.274609e-01 -8.495793e-01 -0.000000e+00
   outer loop
     vertex -7.220591e+00 -1.199429e+01  2.400000e+01
     vertex -7.546926e+00 -1.179169e+01  0.000000e+00
     vertex -7.220591e+00 -1.199429e+01  0.000000e+00
   endloop
 endfacet
 facet normal -5.039550e-01 -8.637299e-01  1.533490e-19
   outer loop
     vertex -6.888821e+00 -1.218787e+01  2.400000e+01
     vertex -7.220591e+00 -1.199429e+01  2.400000e+01
     vertex -7.220591e+00 -1.199429e+01  0.000000e+00
   endloop
 endfacet
 facet normal -5.039550e-01 -8.637299e-01 -0.000000e+00
   outer loop
     vertex -6.888821e+00 -1.218787e+01  2.400000e+01
     vertex -7.220591e+00 -1.199429e+01  0.000000e+00
     vertex -6.888821e+00 -1.218787e+01  0.000000e+00
   endloop
 endfacet
 facet normal -4.800697e-01 -8.772303e-01 -2.501689e-19
   outer loop
     vertex -6.551866e+00 -1.237227e+01  2.400000e+01
     vertex -6.888821e+00 -1.218787e+01  2.400000e+01
     vertex -6.888821e+00 -1.218787e+01  0.000000e+00
   endloop
 endfacet
 facet normal -4.800697e-01 -8.772303e-01 -0.000000e+00
   outer loop
     vertex -6.551866e+00 -1.237227e+01  2.400000e+01
     vertex -6.888821e+00 -1.218787e+01  0.000000e+00
     vertex -6.551866e+00 -1.237227e+01  0.000000e+00
   endloop
 endfacet
 facet normal -4.558231e-01 -8.900704e-01  2.091798e-19
   outer loop
     vertex -6.209979e+00 -1.254736e+01  2.400000e+01
     vertex -6.551866e+00 -1.237227e+01  2.400000e+01
     vertex -6.551866e+00 -1.237227e+01  0.000000e+00
   endloop
 endfacet
 facet normal -4.558231e-01 -8.900704e-01 -0.000000e+00
   outer loop
     vertex -6.209979e+00 -1.254736e+01  2.400000e+01
     vertex -6.551866e+00 -1.237227e+01  0.000000e+00
     vertex -6.209979e+00 -1.254736e+01  0.000000e+00
   endloop
 endfacet
 facet normal -4.312333e-01 -9.022405e-01 -2.962204e-19
   outer loop
     vertex -5.863416e+00 -1.271300e+01  2.400000e+01
     vertex -6.209979e+00 -1.254736e+01  2.400000e+01
     vertex -6.209979e+00 -1.254736e+01  0.000000e+00
   endloop
 endfacet
 facet normal -4.312333e-01 -9.022405e-01 -0.000000e+00
   outer loop
     vertex -5.863416e+00 -1.271300e+01  2.400000e+01
     vertex -6.209979e+00 -1.254736e+01  0.000000e+00
     vertex -5.863416e+00 -1.271300e+01  0.000000e+00
   endloop
 endfacet
 facet normal -4.063188e-01 -9.137314e-01 -0.000000e+00
   outer loop
     vertex -5.863416e+00 -1.271300e+01  2.400000e+01
     vertex -5.863416e+00 -1.271300e+01  0.000000e+00
     vertex -5.512441e+00 -1.286907e+01  0.000000e+00
   endloop
 endfacet
 facet normal -4.063188e-01 -9.137314e-01 -0.000000e+00
   outer loop
     vertex -5.512441e+00 -1.286907e+01  2.400000e+01
     vertex -5.863416e+00 -1.271300e+01  2.400000e+01
     vertex -5.512441e+00 -1.286907e+01  0.000000e+00
   endloop
 endfacet
 facet normal -3.810986e-01 -9.245344e-01  2.882304e-19
   outer loop
     vertex -5.157315e+00 -1.301546e+01  2.400000e+01
     vertex -5.512441e+00 -1.286907e+01  2.400000e+01
     vertex -5.512441e+00 -1.286907e+01  0.000000e+00
   endloop
 endfacet
 facet normal -3.810986e-01 -9.245344e-01 -0.000000e+00
   outer loop
     vertex -5.157315e+00 -1.301546e+01  2.400000e+01
     vertex -5.512441e+00 -1.286907e+01  0.000000e+00
     vertex -5.157315e+00 -1.301546e+01  0.000000e+00
   endloop
 endfacet
 facet normal -3.555914e-01 -9.346415e-01 -6.716344e-20
   outer loop
     vertex -4.798307e+00 -1.315204e+01  2.400000e+01
     vertex -5.157315e+00 -1.301546e+01  2.400000e+01
     vertex -5.157315e+00 -1.301546e+01  0.000000e+00
   endloop
 endfacet
 facet normal -3.555914e-01 -9.346415e-01 -0.000000e+00
   outer loop
     vertex -4.798307e+00 -1.315204e+01  2.400000e+01
     vertex -5.157315e+00 -1.301546e+01  0.000000e+00
     vertex -4.798307e+00 -1.315204e+01  0.000000e+00
   endloop
 endfacet
 facet normal -3.298166e-01 -9.440450e-01  1.348439e-19
   outer loop
     vertex -4.435687e+00 -1.327873e+01  2.400000e+01
     vertex -4.798307e+00 -1.315204e+01  2.400000e+01
     vertex -4.798307e+00 -1.315204e+01  0.000000e+00
   endloop
 endfacet
 facet normal -3.298166e-01 -9.440450e-01 -0.000000e+00
   outer loop
     vertex -4.435687e+00 -1.327873e+01  2.400000e+01
     vertex -4.798307e+00 -1.315204e+01  0.000000e+00
     vertex -4.435687e+00 -1.327873e+01  0.000000e+00
   endloop
 endfacet
 facet normal -3.037934e-01 -9.527379e-01 -1.954849e-19
   outer loop
     vertex -4.069729e+00 -1.339542e+01  2.400000e+01
     vertex -4.435687e+00 -1.327873e+01  2.400000e+01
     vertex -4.435687e+00 -1.327873e+01  0.000000e+00
   endloop
 endfacet
 facet normal -3.037934e-01 -9.527379e-01 -0.000000e+00
   outer loop
     vertex -4.069729e+00 -1.339542e+01  2.400000e+01
     vertex -4.435687e+00 -1.327873e+01  0.000000e+00
     vertex -4.069729e+00 -1.339542e+01  0.000000e+00
   endloop
 endfacet
 facet normal -2.775416e-01 -9.607136e-01  2.671049e-19
   outer loop
     vertex -3.700706e+00 -1.350203e+01  2.400000e+01
     vertex -4.069729e+00 -1.339542e+01  2.400000e+01
     vertex -4.069729e+00 -1.339542e+01  0.000000e+00
   endloop
 endfacet
 facet normal -2.775416e-01 -9.607136e-01 -0.000000e+00
   outer loop
     vertex -3.700706e+00 -1.350203e+01  2.400000e+01
     vertex -4.069729e+00 -1.339542e+01  0.000000e+00
     vertex -3.700706e+00 -1.350203e+01  0.000000e+00
   endloop
 endfacet
 facet normal -2.510809e-01 -9.679661e-01 -0.000000e+00
   outer loop
     vertex -3.700706e+00 -1.350203e+01  2.400000e+01
     vertex -3.700706e+00 -1.350203e+01  0.000000e+00
     vertex -3.328898e+00 -1.359847e+01  0.000000e+00
   endloop
 endfacet
 facet normal -2.510809e-01 -9.679661e-01 -0.000000e+00
   outer loop
     vertex -3.328898e+00 -1.359847e+01  2.400000e+01
     vertex -3.700706e+00 -1.350203e+01  2.400000e+01
     vertex -3.328898e+00 -1.359847e+01  0.000000e+00
   endloop
 endfacet
 facet normal -2.244312e-01 -9.744899e-01 -0.000000e+00
   outer loop
     vertex -3.328898e+00 -1.359847e+01  2.400000e+01
     vertex -3.328898e+00 -1.359847e+01  0.000000e+00
     vertex -2.954584e+00 -1.368468e+01  0.000000e+00
   endloop
 endfacet
 facet normal -2.244312e-01 -9.744899e-01 -0.000000e+00
   outer loop
     vertex -2.954584e+00 -1.368468e+01  2.400000e+01
     vertex -3.328898e+00 -1.359847e+01  2.400000e+01
     vertex -2.954584e+00 -1.368468e+01  0.000000e+00
   endloop
 endfacet
 facet normal -1.976125e-01 -9.802802e-01 -0.000000e+00
   outer loop
     vertex -2.954584e+00 -1.368468e+01  2.400000e+01
     vertex -2.954584e+00 -1.368468e+01  0.000000e+00
     vertex -2.578046e+00 -1.376058e+01  0.000000e+00
   endloop
 endfacet
 facet normal -1.976125e-01 -9.802802e-01 -0.000000e+00
   outer loop
     vertex -2.578046e+00 -1.376058e+01  2.400000e+01
     vertex -2.954584e+00 -1.368468e+01  2.400000e+01
     vertex -2.578046e+00 -1.376058e+01  0.000000e+00
   endloop
 endfacet
 facet normal -1.706451e-01 -9.853326e-01 -0.000000e+00
   outer loop
     vertex -2.578046e+00 -1.376058e+01  2.400000e+01
     vertex -2.578046e+00 -1.376058e+01  0.000000e+00
     vertex -2.199567e+00 -1.382613e+01  0.000000e+00
   endloop
 endfacet
 facet normal -1.706451e-01 -9.853326e-01 -0.000000e+00
   outer loop
     vertex -2.199567e+00 -1.382613e+01  2.400000e+01
     vertex -2.578046e+00 -1.376058e+01  2.400000e+01
     vertex -2.199567e+00 -1.382613e+01  0.000000e+00
   endloop
 endfacet
 facet normal -1.435492e-01 -9.896432e-01 -0.000000e+00
   outer loop
     vertex -2.199567e+00 -1.382613e+01  2.400000e+01
     vertex -2.199567e+00 -1.382613e+01  0.000000e+00
     vertex -1.819432e+00 -1.388127e+01  0.000000e+00
   endloop
 endfacet
 facet normal -1.435492e-01 -9.896432e-01 -0.000000e+00
   outer loop
     vertex -1.819432e+00 -1.388127e+01  2.400000e+01
     vertex -2.199567e+00 -1.382613e+01  2.400000e+01
     vertex -1.819432e+00 -1.388127e+01  0.000000e+00
   endloop
 endfacet
 facet normal -1.163452e-01 -9.932088e-01  2.601768e-21
   outer loop
     vertex -1.437928e+00 -1.392596e+01  2.400000e+01
     vertex -1.819432e+00 -1.388127e+01  2.400000e+01
     vertex -1.819432e+00 -1.388127e+01  0.000000e+00
   endloop
 endfacet
 facet normal -1.163452e-01 -9.932088e-01 -0.000000e+00
   outer loop
     vertex -1.437928e+00 -1.392596e+01  2.400000e+01
     vertex -1.819432e+00 -1.388127e+01  0.000000e+00
     vertex -1.437928e+00 -1.392596e+01  0.000000e+00
   endloop
 endfacet
 facet normal -8.905371e-02 -9.960268e-01 -8.742197e-21
   outer loop
     vertex -1.055341e+00 -1.396017e+01  2.400000e+01
     vertex -1.437928e+00 -1.392596e+01  2.400000e+01
     vertex -1.437928e+00 -1.392596e+01  0.000000e+00
   endloop
 endfacet
 facet normal -8.905371e-02 -9.960268e-01 -0.000000e+00
   outer loop
     vertex -1.055341e+00 -1.396017e+01  2.400000e+01
     vertex -1.437928e+00 -1.392596e+01  0.000000e+00
     vertex -1.055341e+00 -1.396017e+01  0.000000e+00
   endloop
 endfacet
 facet normal -6.169515e-02 -9.980950e-01  1.374336e-20
   outer loop
     vertex -6.719602e-01 -1.398386e+01  2.400000e+01
     vertex -1.055341e+00 -1.396017e+01  2.400000e+01
     vertex -1.055341e+00 -1.396017e+01  0.000000e+00
   endloop
 endfacet
 facet normal -6.169515e-02 -9.980950e-01 -0.000000e+00
   outer loop
     vertex -6.719602e-01 -1.398386e+01  2.400000e+01
     vertex -1.055341e+00 -1.396017e+01  0.000000e+00
     vertex -6.719602e-01 -1.398386e+01  0.000000e+00
   endloop
 endfacet
 facet normal -3.429014e-02 -9.994119e-01  3.972772e-21
   outer loop
     vertex -2.880733e-01 -1.399704e+01  2.400000e+01
     vertex -6.719602e-01 -1.398386e+01  2.400000e+01
     vertex -6.719602e-01 -1.398386e+01  0.000000e+00
   endloop
 endfacet
 facet normal -3.429014e-02 -9.994119e-01 -0.000000e+00
   outer loop
     vertex -2.880733e-01 -1.399704e+01  2.400000e+01
     vertex -6.719602e-01 -1.398386e+01  0.000000e+00
     vertex -2.880733e-01 -1.399704e+01  0.000000e+00
   endloop
 endfacet
 facet normal -6.859319e-03 -9.999765e-01 -0.000000e+00
   outer loop
     vertex -2.880733e-01 -1.399704e+01  2.400000e+01
     vertex -2.880733e-01 -1.399704e+01  0.000000e+00
     vertex  9.603046e-02 -1.399967e+01  0.000000e+00
   endloop
 endfacet
 facet normal -6.859319e-03 -9.999765e-01 -0.000000e+00
   outer loop
     vertex  9.603046e-02 -1.399967e+01  2.400000e+01
     vertex -2.880733e-01 -1.399704e+01  2.400000e+01
     vertex  9.603046e-02 -1.399967e+01  0.000000e+00
   endloop
 endfacet
 facet normal  4.799716e-02 -9.988475e-01  0.000000e+00
   outer loop
     vertex  4.800620e-01 -1.399177e+01  2.400000e+01
     vertex  4.800620e-01 -1.399177e+01  0.000000e+00
     vertex  8.637321e-01 -1.397333e+01  0.000000e+00
   endloop
 endfacet
 facet normal  2.057667e-02 -9.997883e-01  1.994118e-20
   outer loop
     vertex  4.800620e-01 -1.399177e+01  2.400000e+01
     vertex  9.603046e-02 -1.399967e+01  2.400000e+01
     vertex  9.603046e-02 -1.399967e+01  0.000000e+00
   endloop
 endfacet
 facet normal  2.057667e-02 -9.997883e-01  0.000000e+00
   outer loop
     vertex  4.800620e-01 -1.399177e+01  2.400000e+01
     vertex  9.603046e-02 -1.399967e+01  0.000000e+00
     vertex  4.800620e-01 -1.399177e+01  0.000000e+00
   endloop
 endfacet
 facet normal  4.799716e-02 -9.988475e-01  0.000000e+00
   outer loop
     vertex  8.637321e-01 -1.397333e+01  2.400000e+01
     vertex  4.800620e-01 -1.399177e+01  2.400000e+01
     vertex  8.637321e-01 -1.397333e+01  0.000000e+00
   endloop
 endfacet
 facet normal  7.538152e-02 -9.971548e-01  0.000000e+00
   outer loop
     vertex  1.246752e+00 -1.394438e+01  2.400000e+01
     vertex  8.637321e-01 -1.397333e+01  0.000000e+00
     vertex  1.246752e+00 -1.394438e+01  0.000000e+00
   endloop
 endfacet
 facet normal  7.538152e-02 -9.971548e-01  1.939268e-20
   outer loop
     vertex  1.246752e+00 -1.394438e+01  2.400000e+01
     vertex  8.637321e-01 -1.397333e+01  2.400000e+01
     vertex  8.637321e-01 -1.397333e+01  0.000000e+00
   endloop
 endfacet
 facet normal  1.027091e-01 -9.947114e-01  0.000000e+00
   outer loop
     vertex  1.628833e+00 -1.390492e+01  2.400000e+01
     vertex  1.246752e+00 -1.394438e+01  0.000000e+00
     vertex  1.628833e+00 -1.390492e+01  0.000000e+00
   endloop
 endfacet
 facet normal  1.299594e-01 -9.915193e-01  0.000000e+00
   outer loop
     vertex  1.628833e+00 -1.390492e+01  2.400000e+01
     vertex  1.628833e+00 -1.390492e+01  0.000000e+00
     vertex  2.009689e+00 -1.385500e+01  0.000000e+00
   endloop
 endfacet
 facet normal  1.027091e-01 -9.947114e-01  2.900686e-20
   outer loop
     vertex  1.628833e+00 -1.390492e+01  2.400000e+01
     vertex  1.246752e+00 -1.394438e+01  2.400000e+01
     vertex  1.246752e+00 -1.394438e+01  0.000000e+00
   endloop
 endfacet
 facet normal  1.571119e-01 -9.875808e-01  0.000000e+00
   outer loop
     vertex  2.009689e+00 -1.385500e+01  2.400000e+01
     vertex  2.009689e+00 -1.385500e+01  0.000000e+00
     vertex  2.389031e+00 -1.379466e+01  0.000000e+00
   endloop
 endfacet
 facet normal  1.299594e-01 -9.915193e-01  0.000000e+00
   outer loop
     vertex  2.009689e+00 -1.385500e+01  2.400000e+01
     vertex  1.628833e+00 -1.390492e+01  2.400000e+01
     vertex  2.009689e+00 -1.385500e+01  0.000000e+00
   endloop
 endfacet
 facet normal  1.571119e-01 -9.875808e-01  0.000000e+00
   outer loop
     vertex  2.389031e+00 -1.379466e+01  2.400000e+01
     vertex  2.009689e+00 -1.385500e+01  2.400000e+01
     vertex  2.389031e+00 -1.379466e+01  0.000000e+00
   endloop
 endfacet
 facet normal  1.841461e-01 -9.828989e-01  0.000000e+00
   outer loop
     vertex  2.766575e+00 -1.372392e+01  2.400000e+01
     vertex  2.389031e+00 -1.379466e+01  0.000000e+00
     vertex  2.766575e+00 -1.372392e+01  0.000000e+00
   endloop
 endfacet
 facet normal  1.841461e-01 -9.828989e-01  1.447251e-19
   outer loop
     vertex  2.766575e+00 -1.372392e+01  2.400000e+01
     vertex  2.389031e+00 -1.379466e+01  2.400000e+01
     vertex  2.389031e+00 -1.379466e+01  0.000000e+00
   endloop
 endfacet
 facet normal  2.110417e-01 -9.774771e-01  0.000000e+00
   outer loop
     vertex  3.142037e+00 -1.364286e+01  2.400000e+01
     vertex  2.766575e+00 -1.372392e+01  0.000000e+00
     vertex  3.142037e+00 -1.364286e+01  0.000000e+00
   endloop
 endfacet
 facet normal  2.377784e-01 -9.713194e-01  0.000000e+00
   outer loop
     vertex  3.142037e+00 -1.364286e+01  2.400000e+01
     vertex  3.142037e+00 -1.364286e+01  0.000000e+00
     vertex  3.515133e+00 -1.355153e+01  0.000000e+00
   endloop
 endfacet
 facet normal  2.110417e-01 -9.774771e-01 -1.110533e-19
   outer loop
     vertex  3.142037e+00 -1.364286e+01  2.400000e+01
     vertex  2.766575e+00 -1.372392e+01  2.400000e+01
     vertex  2.766575e+00 -1.372392e+01  0.000000e+00
   endloop
 endfacet
 facet normal  2.643362e-01 -9.644306e-01  0.000000e+00
   outer loop
     vertex  3.515133e+00 -1.355153e+01  2.400000e+01
     vertex  3.515133e+00 -1.355153e+01  0.000000e+00
     vertex  3.885583e+00 -1.344999e+01  0.000000e+00
   endloop
 endfacet
 facet normal  2.377784e-01 -9.713194e-01  0.000000e+00
   outer loop
     vertex  3.515133e+00 -1.355153e+01  2.400000e+01
     vertex  3.142037e+00 -1.364286e+01  2.400000e+01
     vertex  3.515133e+00 -1.355153e+01  0.000000e+00
   endloop
 endfacet
 facet normal  2.643362e-01 -9.644306e-01  0.000000e+00
   outer loop
     vertex  3.885583e+00 -1.344999e+01  2.400000e+01
     vertex  3.515133e+00 -1.355153e+01  2.400000e+01
     vertex  3.885583e+00 -1.344999e+01  0.000000e+00
   endloop
 endfacet
 facet normal  2.906949e-01 -9.568158e-01  0.000000e+00
   outer loop
     vertex  4.253108e+00 -1.333833e+01  2.400000e+01
     vertex  3.885583e+00 -1.344999e+01  0.000000e+00
     vertex  4.253108e+00 -1.333833e+01  0.000000e+00
   endloop
 endfacet
 facet normal  2.906949e-01 -9.568158e-01 -2.173656e-19
   outer loop
     vertex  4.253108e+00 -1.333833e+01  2.400000e+01
     vertex  3.885583e+00 -1.344999e+01  2.400000e+01
     vertex  3.885583e+00 -1.344999e+01  0.000000e+00
   endloop
 endfacet
 facet normal  3.168348e-01 -9.484807e-01  0.000000e+00
   outer loop
     vertex  4.617432e+00 -1.321663e+01  2.400000e+01
     vertex  4.253108e+00 -1.333833e+01  0.000000e+00
     vertex  4.617432e+00 -1.321663e+01  0.000000e+00
   endloop
 endfacet
 facet normal  3.168348e-01 -9.484807e-01 -1.278639e-19
   outer loop
     vertex  4.617432e+00 -1.321663e+01  2.400000e+01
     vertex  4.253108e+00 -1.333833e+01  2.400000e+01
     vertex  4.253108e+00 -1.333833e+01  0.000000e+00
   endloop
 endfacet
 facet normal  3.427362e-01 -9.394317e-01  0.000000e+00
   outer loop
     vertex  4.978280e+00 -1.308498e+01  2.400000e+01
     vertex  4.617432e+00 -1.321663e+01  0.000000e+00
     vertex  4.978280e+00 -1.308498e+01  0.000000e+00
   endloop
 endfacet
 facet normal  3.427362e-01 -9.394317e-01  1.096825e-19
   outer loop
     vertex  4.978280e+00 -1.308498e+01  2.400000e+01
     vertex  4.617432e+00 -1.321663e+01  2.400000e+01
     vertex  4.617432e+00 -1.321663e+01  0.000000e+00
   endloop
 endfacet
 facet normal  3.683796e-01 -9.296754e-01  0.000000e+00
   outer loop
     vertex  5.335380e+00 -1.294348e+01  2.400000e+01
     vertex  4.978280e+00 -1.308498e+01  0.000000e+00
     vertex  5.335380e+00 -1.294348e+01  0.000000e+00
   endloop
 endfacet
 facet normal  3.683796e-01 -9.296754e-01 -3.433864e-19
   outer loop
     vertex  5.335380e+00 -1.294348e+01  2.400000e+01
     vertex  4.978280e+00 -1.308498e+01  2.400000e+01
     vertex  4.978280e+00 -1.308498e+01  0.000000e+00
   endloop
 endfacet
 facet normal  3.937458e-01 -9.192194e-01  0.000000e+00
   outer loop
     vertex  5.688464e+00 -1.279224e+01  2.400000e+01
     vertex  5.335380e+00 -1.294348e+01  0.000000e+00
     vertex  5.688464e+00 -1.279224e+01  0.000000e+00
   endloop
 endfacet
 facet normal  4.188155e-01 -9.080714e-01  0.000000e+00
   outer loop
     vertex  5.688464e+00 -1.279224e+01  2.400000e+01
     vertex  5.688464e+00 -1.279224e+01  0.000000e+00
     vertex  6.037266e+00 -1.263137e+01  0.000000e+00
   endloop
 endfacet
 facet normal  3.937458e-01 -9.192194e-01  1.698408e-19
   outer loop
     vertex  5.688464e+00 -1.279224e+01  2.400000e+01
     vertex  5.335380e+00 -1.294348e+01  2.400000e+01
     vertex  5.335380e+00 -1.294348e+01  0.000000e+00
   endloop
 endfacet
 facet normal  4.188155e-01 -9.080714e-01  0.000000e+00
   outer loop
     vertex  6.037266e+00 -1.263137e+01  2.400000e+01
     vertex  5.688464e+00 -1.279224e+01  2.400000e+01
     vertex  6.037266e+00 -1.263137e+01  0.000000e+00
   endloop
 endfacet
 facet normal  4.435699e-01 -8.962398e-01  0.000000e+00
   outer loop
     vertex  6.381523e+00 -1.246099e+01  2.400000e+01
     vertex  6.037266e+00 -1.263137e+01  0.000000e+00
     vertex  6.381523e+00 -1.246099e+01  0.000000e+00
   endloop
 endfacet
 facet normal  4.679904e-01 -8.837335e-01  0.000000e+00
   outer loop
     vertex  6.381523e+00 -1.246099e+01  2.400000e+01
     vertex  6.381523e+00 -1.246099e+01  0.000000e+00
     vertex  6.720976e+00 -1.228122e+01  0.000000e+00
   endloop
 endfacet
 facet normal  4.435699e-01 -8.962398e-01  3.590402e-19
   outer loop
     vertex  6.381523e+00 -1.246099e+01  2.400000e+01
     vertex  6.037266e+00 -1.263137e+01  2.400000e+01
     vertex  6.037266e+00 -1.263137e+01  0.000000e+00
   endloop
 endfacet
 facet normal  4.679904e-01 -8.837335e-01  0.000000e+00
   outer loop
     vertex  6.720976e+00 -1.228122e+01  2.400000e+01
     vertex  6.381523e+00 -1.246099e+01  2.400000e+01
     vertex  6.720976e+00 -1.228122e+01  0.000000e+00
   endloop
 endfacet
 facet normal  4.920587e-01 -8.705620e-01  0.000000e+00
   outer loop
     vertex  7.055370e+00 -1.209222e+01  2.400000e+01
     vertex  6.720976e+00 -1.228122e+01  0.000000e+00
     vertex  7.055370e+00 -1.209222e+01  0.000000e+00
   endloop
 endfacet
 facet normal  4.920587e-01 -8.705620e-01 -6.357232e-19
   outer loop
     vertex  7.055370e+00 -1.209222e+01  2.400000e+01
     vertex  6.720976e+00 -1.228122e+01  2.400000e+01
     vertex  6.720976e+00 -1.228122e+01  0.000000e+00
   endloop
 endfacet
 facet normal  5.157565e-01 -8.567352e-01  0.000000e+00
   outer loop
     vertex  7.384453e+00 -1.189411e+01  2.400000e+01
     vertex  7.055370e+00 -1.209222e+01  0.000000e+00
     vertex  7.384453e+00 -1.189411e+01  0.000000e+00
   endloop
 endfacet
 facet normal  5.157565e-01 -8.567352e-01  2.910348e-19
   outer loop
     vertex  7.384453e+00 -1.189411e+01  2.400000e+01
     vertex  7.055370e+00 -1.209222e+01  2.400000e+01
     vertex  7.055370e+00 -1.209222e+01  0.000000e+00
   endloop
 endfacet
 facet normal  5.390661e-01 -8.422635e-01  0.000000e+00
   outer loop
     vertex  7.707977e+00 -1.168705e+01  2.400000e+01
     vertex  7.384453e+00 -1.189411e+01  0.000000e+00
     vertex  7.707977e+00 -1.168705e+01  0.000000e+00
   endloop
 endfacet
 facet normal  5.390661e-01 -8.422635e-01 -3.023054e-19
   outer loop
     vertex  7.707977e+00 -1.168705e+01  2.400000e+01
     vertex  7.384453e+00 -1.189411e+01  2.400000e+01
     vertex  7.384453e+00 -1.189411e+01  0.000000e+00
   endloop
 endfacet
 facet normal  5.619699e-01 -8.271577e-01  0.000000e+00
   outer loop
     vertex  8.025699e+00 -1.147119e+01  2.400000e+01
     vertex  7.707977e+00 -1.168705e+01  0.000000e+00
     vertex  8.025699e+00 -1.147119e+01  0.000000e+00
   endloop
 endfacet
 facet normal  5.844507e-01 -8.114292e-01  0.000000e+00
   outer loop
     vertex  8.025699e+00 -1.147119e+01  2.400000e+01
     vertex  8.025699e+00 -1.147119e+01  0.000000e+00
     vertex  8.337380e+00 -1.124669e+01  0.000000e+00
   endloop
 endfacet
 facet normal  5.619699e-01 -8.271577e-01  1.030235e-19
   outer loop
     vertex  8.025699e+00 -1.147119e+01  2.400000e+01
     vertex  7.707977e+00 -1.168705e+01  2.400000e+01
     vertex  7.707977e+00 -1.168705e+01  0.000000e+00
   endloop
 endfacet
 facet normal  6.064915e-01 -7.950900e-01  0.000000e+00
   outer loop
     vertex  8.337380e+00 -1.124669e+01  2.400000e+01
     vertex  8.337380e+00 -1.124669e+01  0.000000e+00
     vertex  8.642784e+00 -1.101373e+01  0.000000e+00
   endloop
 endfacet
 facet normal  5.844507e-01 -8.114292e-01  0.000000e+00
   outer loop
     vertex  8.337380e+00 -1.124669e+01  2.400000e+01
     vertex  8.025699e+00 -1.147119e+01  2.400000e+01
     vertex  8.337380e+00 -1.124669e+01  0.000000e+00
   endloop
 endfacet
 facet normal  6.064915e-01 -7.950900e-01  0.000000e+00
   outer loop
     vertex  8.642784e+00 -1.101373e+01  2.400000e+01
     vertex  8.337380e+00 -1.124669e+01  2.400000e+01
     vertex  8.642784e+00 -1.101373e+01  0.000000e+00
   endloop
 endfacet
 facet normal  6.280757e-01 -7.781522e-01  0.000000e+00
   outer loop
     vertex  8.941682e+00 -1.077248e+01  2.400000e+01
     vertex  8.642784e+00 -1.101373e+01  0.000000e+00
     vertex  8.941682e+00 -1.077248e+01  0.000000e+00
   endloop
 endfacet
 facet normal  6.280757e-01 -7.781522e-01 -6.423511e-19
   outer loop
     vertex  8.941682e+00 -1.077248e+01  2.400000e+01
     vertex  8.642784e+00 -1.101373e+01  2.400000e+01
     vertex  8.642784e+00 -1.101373e+01  0.000000e+00
   endloop
 endfacet
 facet normal  6.491872e-01 -7.606287e-01  0.000000e+00
   outer loop
     vertex  9.233849e+00 -1.052312e+01  2.400000e+01
     vertex  8.941682e+00 -1.077248e+01  0.000000e+00
     vertex  9.233849e+00 -1.052312e+01  0.000000e+00
   endloop
 endfacet
 facet normal  6.491872e-01 -7.606287e-01  5.207572e-19
   outer loop
     vertex  9.233849e+00 -1.052312e+01  2.400000e+01
     vertex  8.941682e+00 -1.077248e+01  2.400000e+01
     vertex  8.941682e+00 -1.077248e+01  0.000000e+00
   endloop
 endfacet
 facet normal  6.698100e-01 -7.425325e-01  0.000000e+00
   outer loop
     vertex  9.519066e+00 -1.026584e+01  2.400000e+01
     vertex  9.233849e+00 -1.052312e+01  0.000000e+00
     vertex  9.519066e+00 -1.026584e+01  0.000000e+00
   endloop
 endfacet
 facet normal  6.698100e-01 -7.425325e-01  1.262300e-19
   outer loop
     vertex  9.519066e+00 -1.026584e+01  2.400000e+01
     vertex  9.233849e+00 -1.052312e+01  2.400000e+01
     vertex  9.233849e+00 -1.052312e+01  0.000000e+00
   endloop
 endfacet
 facet normal  6.899286e-01 -7.238775e-01  0.000000e+00
   outer loop
     vertex  9.797116e+00 -1.000083e+01  2.400000e+01
     vertex  9.519066e+00 -1.026584e+01  0.000000e+00
     vertex  9.797116e+00 -1.000083e+01  0.000000e+00
   endloop
 endfacet
 facet normal  7.095278e-01 -7.046775e-01  0.000000e+00
   outer loop
     vertex  9.797116e+00 -1.000083e+01  2.400000e+01
     vertex  9.797116e+00 -1.000083e+01  0.000000e+00
     vertex  1.006779e+01 -9.728287e+00  0.000000e+00
   endloop
 endfacet
 facet normal  6.899286e-01 -7.238775e-01 -6.232202e-19
   outer loop
     vertex  9.797116e+00 -1.000083e+01  2.400000e+01
     vertex  9.519066e+00 -1.026584e+01  2.400000e+01
     vertex  9.519066e+00 -1.026584e+01  0.000000e+00
   endloop
 endfacet
 facet normal  7.095278e-01 -7.046775e-01  0.000000e+00
   outer loop
     vertex  1.006779e+01 -9.728287e+00  2.400000e+01
     vertex  9.797116e+00 -1.000083e+01  2.400000e+01
     vertex  1.006779e+01 -9.728287e+00  0.000000e+00
   endloop
 endfacet
 facet normal  7.285929e-01 -6.849470e-01  0.000000e+00
   outer loop
     vertex  1.033089e+01 -9.448425e+00  2.400000e+01
     vertex  1.006779e+01 -9.728287e+00  0.000000e+00
     vertex  1.033089e+01 -9.448425e+00  0.000000e+00
   endloop
 endfacet
 facet normal  7.285929e-01 -6.849470e-01 -2.000002e-19
   outer loop
     vertex  1.033089e+01 -9.448425e+00  2.400000e+01
     vertex  1.006779e+01 -9.728287e+00  2.400000e+01
     vertex  1.006779e+01 -9.728287e+00  0.000000e+00
   endloop
 endfacet
 facet normal  7.471095e-01 -6.647010e-01 -4.506027e-20
   outer loop
     vertex  1.058621e+01 -9.161451e+00  2.400000e+01
     vertex  1.033089e+01 -9.448425e+00  2.400000e+01
     vertex  1.033089e+01 -9.448425e+00  0.000000e+00
   endloop
 endfacet
 facet normal  7.471095e-01 -6.647010e-01  0.000000e+00
   outer loop
     vertex  1.058621e+01 -9.161451e+00  2.400000e+01
     vertex  1.033089e+01 -9.448425e+00  0.000000e+00
     vertex  1.058621e+01 -9.161451e+00  0.000000e+00
   endloop
 endfacet
 facet normal  7.650637e-01 -6.439545e-01 -4.235012e-21
   outer loop
     vertex  1.083356e+01 -8.867580e+00  2.400000e+01
     vertex  1.058621e+01 -9.161451e+00  2.400000e+01
     vertex  1.058621e+01 -9.161451e+00  0.000000e+00
   endloop
 endfacet
 facet normal  7.650637e-01 -6.439545e-01  0.000000e+00
   outer loop
     vertex  1.083356e+01 -8.867580e+00  2.400000e+01
     vertex  1.058621e+01 -9.161451e+00  0.000000e+00
     vertex  1.083356e+01 -8.867580e+00  0.000000e+00
   endloop
 endfacet
 facet normal  7.824421e-01 -6.227234e-01  1.140088e-19
   outer loop
     vertex  1.107276e+01 -8.567034e+00  2.400000e+01
     vertex  1.083356e+01 -8.867580e+00  2.400000e+01
     vertex  1.083356e+01 -8.867580e+00  0.000000e+00
   endloop
 endfacet
 facet normal  7.824421e-01 -6.227234e-01  0.000000e+00
   outer loop
     vertex  1.107276e+01 -8.567034e+00  2.400000e+01
     vertex  1.083356e+01 -8.867580e+00  0.000000e+00
     vertex  1.107276e+01 -8.567034e+00  0.000000e+00
   endloop
 endfacet
 facet normal  7.992314e-01 -6.010234e-01  1.096666e-19
   outer loop
     vertex  1.130362e+01 -8.260039e+00  2.400000e+01
     vertex  1.107276e+01 -8.567034e+00  2.400000e+01
     vertex  1.107276e+01 -8.567034e+00  0.000000e+00
   endloop
 endfacet
 facet normal  7.992314e-01 -6.010234e-01  0.000000e+00
   outer loop
     vertex  1.130362e+01 -8.260039e+00  2.400000e+01
     vertex  1.107276e+01 -8.567034e+00  0.000000e+00
     vertex  1.130362e+01 -8.260039e+00  0.000000e+00
   endloop
 endfacet
 facet normal  8.154191e-01 -5.788711e-01 -1.115391e-19
   outer loop
     vertex  1.152597e+01 -7.946826e+00  2.400000e+01
     vertex  1.130362e+01 -8.260039e+00  2.400000e+01
     vertex  1.130362e+01 -8.260039e+00  0.000000e+00
   endloop
 endfacet
 facet normal  8.154191e-01 -5.788711e-01  0.000000e+00
   outer loop
     vertex  1.152597e+01 -7.946826e+00  2.400000e+01
     vertex  1.130362e+01 -8.260039e+00  0.000000e+00
     vertex  1.152597e+01 -7.946826e+00  0.000000e+00
   endloop
 endfacet
 facet normal  8.309929e-01 -5.562829e-01  0.000000e+00
   outer loop
     vertex  1.152597e+01 -7.946826e+00  2.400000e+01
     vertex  1.152597e+01 -7.946826e+00  0.000000e+00
     vertex  1.173964e+01 -7.627631e+00  0.000000e+00
   endloop
 endfacet
 facet normal  8.309929e-01 -5.562829e-01  0.000000e+00
   outer loop
     vertex  1.173964e+01 -7.627631e+00  2.400000e+01
     vertex  1.152597e+01 -7.946826e+00  2.400000e+01
     vertex  1.173964e+01 -7.627631e+00  0.000000e+00
   endloop
 endfacet
 facet normal  8.459413e-01 -5.332761e-01 -3.134007e-19
   outer loop
     vertex  1.194448e+01 -7.302694e+00  2.400000e+01
     vertex  1.173964e+01 -7.627631e+00  2.400000e+01
     vertex  1.173964e+01 -7.627631e+00  0.000000e+00
   endloop
 endfacet
 facet normal  8.459413e-01 -5.332761e-01  0.000000e+00
   outer loop
     vertex  1.194448e+01 -7.302694e+00  2.400000e+01
     vertex  1.173964e+01 -7.627631e+00  0.000000e+00
     vertex  1.194448e+01 -7.302694e+00  0.000000e+00
   endloop
 endfacet
 facet normal  8.602528e-01 -5.098678e-01 -2.569485e-19
   outer loop
     vertex  1.214033e+01 -6.972260e+00  2.400000e+01
     vertex  1.194448e+01 -7.302694e+00  2.400000e+01
     vertex  1.194448e+01 -7.302694e+00  0.000000e+00
   endloop
 endfacet
 facet normal  8.602528e-01 -5.098678e-01  0.000000e+00
   outer loop
     vertex  1.214033e+01 -6.972260e+00  2.400000e+01
     vertex  1.194448e+01 -7.302694e+00  0.000000e+00
     vertex  1.214033e+01 -6.972260e+00  0.000000e+00
   endloop
 endfacet
 facet normal  8.739167e-01 -4.860756e-01  6.861098e-20
   outer loop
     vertex  1.232704e+01 -6.636577e+00  2.400000e+01
     vertex  1.214033e+01 -6.972260e+00  2.400000e+01
     vertex  1.214033e+01 -6.972260e+00  0.000000e+00
   endloop
 endfacet
 facet normal  8.739167e-01 -4.860756e-01  0.000000e+00
   outer loop
     vertex  1.232704e+01 -6.636577e+00  2.400000e+01
     vertex  1.214033e+01 -6.972260e+00  0.000000e+00
     vertex  1.232704e+01 -6.636577e+00  0.000000e+00
   endloop
 endfacet
 facet normal  8.869228e-01 -4.619176e-01  2.733488e-20
   outer loop
     vertex  1.250447e+01 -6.295899e+00  2.400000e+01
     vertex  1.232704e+01 -6.636577e+00  2.400000e+01
     vertex  1.232704e+01 -6.636577e+00  0.000000e+00
   endloop
 endfacet
 facet normal  8.869228e-01 -4.619176e-01  0.000000e+00
   outer loop
     vertex  1.250447e+01 -6.295899e+00  2.400000e+01
     vertex  1.232704e+01 -6.636577e+00  0.000000e+00
     vertex  1.250447e+01 -6.295899e+00  0.000000e+00
   endloop
 endfacet
 facet normal  8.992613e-01 -4.374119e-01  0.000000e+00
   outer loop
     vertex  1.250447e+01 -6.295899e+00  2.400000e+01
     vertex  1.250447e+01 -6.295899e+00  0.000000e+00
     vertex  1.267248e+01 -5.950481e+00  0.000000e+00
   endloop
 endfacet
 facet normal  9.109228e-01 -4.125769e-01  0.000000e+00
   outer loop
     vertex  1.267248e+01 -5.950481e+00  2.400000e+01
     vertex  1.267248e+01 -5.950481e+00  0.000000e+00
     vertex  1.283096e+01 -5.600584e+00  0.000000e+00
   endloop
 endfacet
 facet normal  8.992613e-01 -4.374119e-01  0.000000e+00
   outer loop
     vertex  1.267248e+01 -5.950481e+00  2.400000e+01
     vertex  1.250447e+01 -6.295899e+00  2.400000e+01
     vertex  1.267248e+01 -5.950481e+00  0.000000e+00
   endloop
 endfacet
 facet normal  9.109228e-01 -4.125769e-01  0.000000e+00
   outer loop
     vertex  1.283096e+01 -5.600584e+00  2.400000e+01
     vertex  1.267248e+01 -5.950481e+00  2.400000e+01
     vertex  1.283096e+01 -5.600584e+00  0.000000e+00
   endloop
 endfacet
 facet normal  9.218986e-01 -3.874313e-01  0.000000e+00
   outer loop
     vertex  1.297977e+01 -5.246471e+00  2.400000e+01
     vertex  1.283096e+01 -5.600584e+00  0.000000e+00
     vertex  1.297977e+01 -5.246471e+00  0.000000e+00
   endloop
 endfacet
 facet normal  9.218986e-01 -3.874313e-01 -1.304595e-19
   outer loop
     vertex  1.297977e+01 -5.246471e+00  2.400000e+01
     vertex  1.283096e+01 -5.600584e+00  2.400000e+01
     vertex  1.283096e+01 -5.600584e+00  0.000000e+00
   endloop
 endfacet
 facet normal  9.321804e-01 -3.619940e-01  0.000000e+00
   outer loop
     vertex  1.311882e+01 -4.888408e+00  2.400000e+01
     vertex  1.297977e+01 -5.246471e+00  0.000000e+00
     vertex  1.311882e+01 -4.888408e+00  0.000000e+00
   endloop
 endfacet
 facet normal  9.321804e-01 -3.619940e-01 -3.142720e-19
   outer loop
     vertex  1.311882e+01 -4.888408e+00  2.400000e+01
     vertex  1.297977e+01 -5.246471e+00  2.400000e+01
     vertex  1.297977e+01 -5.246471e+00  0.000000e+00
   endloop
 endfacet
 facet normal  9.417605e-01 -3.362843e-01  0.000000e+00
   outer loop
     vertex  1.324799e+01 -4.526666e+00  2.400000e+01
     vertex  1.311882e+01 -4.888408e+00  0.000000e+00
     vertex  1.324799e+01 -4.526666e+00  0.000000e+00
   endloop
 endfacet
 facet normal  9.417605e-01 -3.362843e-01 -3.280948e-19
   outer loop
     vertex  1.324799e+01 -4.526666e+00  2.400000e+01
     vertex  1.311882e+01 -4.888408e+00  2.400000e+01
     vertex  1.311882e+01 -4.888408e+00  0.000000e+00
   endloop
 endfacet
 facet normal  9.506317e-01 -3.103214e-01  0.000000e+00
   outer loop
     vertex  1.336719e+01 -4.161516e+00  2.400000e+01
     vertex  1.324799e+01 -4.526666e+00  0.000000e+00
     vertex  1.336719e+01 -4.161516e+00  0.000000e+00
   endloop
 endfacet
 facet normal  9.587873e-01 -2.841250e-01  0.000000e+00
   outer loop
     vertex  1.336719e+01 -4.161516e+00  2.400000e+01
     vertex  1.336719e+01 -4.161516e+00  0.000000e+00
     vertex  1.347633e+01 -3.793234e+00  0.000000e+00
   endloop
 endfacet
 facet normal  9.506317e-01 -3.103214e-01  8.818930e-20
   outer loop
     vertex  1.336719e+01 -4.161516e+00  2.400000e+01
     vertex  1.324799e+01 -4.526666e+00  2.400000e+01
     vertex  1.324799e+01 -4.526666e+00  0.000000e+00
   endloop
 endfacet
 facet normal  9.587873e-01 -2.841250e-01  0.000000e+00
   outer loop
     vertex  1.347633e+01 -3.793234e+00  2.400000e+01
     vertex  1.336719e+01 -4.161516e+00  2.400000e+01
     vertex  1.347633e+01 -3.793234e+00  0.000000e+00
   endloop
 endfacet
 facet normal  9.662211e-01 -2.577146e-01  0.000000e+00
   outer loop
     vertex  1.357532e+01 -3.422096e+00  2.400000e+01
     vertex  1.347633e+01 -3.793234e+00  0.000000e+00
     vertex  1.357532e+01 -3.422096e+00  0.000000e+00
   endloop
 endfacet
 facet normal  9.662211e-01 -2.577146e-01  1.516748e-19
   outer loop
     vertex  1.357532e+01 -3.422096e+00  2.400000e+01
     vertex  1.347633e+01 -3.793234e+00  2.400000e+01
     vertex  1.347633e+01 -3.793234e+00  0.000000e+00
   endloop
 endfacet
 facet normal  9.729276e-01 -2.311102e-01  0.000000e+00
   outer loop
     vertex  1.366409e+01 -3.048382e+00  2.400000e+01
     vertex  1.357532e+01 -3.422096e+00  0.000000e+00
     vertex  1.366409e+01 -3.048382e+00  0.000000e+00
   endloop
 endfacet
 facet normal  9.729276e-01 -2.311102e-01  2.180172e-19
   outer loop
     vertex  1.366409e+01 -3.048382e+00  2.400000e+01
     vertex  1.357532e+01 -3.422096e+00  2.400000e+01
     vertex  1.357532e+01 -3.422096e+00  0.000000e+00
   endloop
 endfacet
 facet normal  9.789017e-01 -2.043319e-01  0.000000e+00
   outer loop
     vertex  1.374258e+01 -2.672373e+00  2.400000e+01
     vertex  1.366409e+01 -3.048382e+00  0.000000e+00
     vertex  1.374258e+01 -2.672373e+00  0.000000e+00
   endloop
 endfacet
 facet normal  9.789017e-01 -2.043319e-01 -6.583789e-20
   outer loop
     vertex  1.374258e+01 -2.672373e+00  2.400000e+01
     vertex  1.366409e+01 -3.048382e+00  2.400000e+01
     vertex  1.366409e+01 -3.048382e+00  0.000000e+00
   endloop
 endfacet
 facet normal  9.841389e-01 -1.773998e-01  0.000000e+00
   outer loop
     vertex  1.381072e+01 -2.294353e+00  2.400000e+01
     vertex  1.374258e+01 -2.672373e+00  0.000000e+00
     vertex  1.381072e+01 -2.294353e+00  0.000000e+00
   endloop
 endfacet
 facet normal  9.841389e-01 -1.773998e-01 -5.939823e-20
   outer loop
     vertex  1.381072e+01 -2.294353e+00  2.400000e+01
     vertex  1.374258e+01 -2.672373e+00  2.400000e+01
     vertex  1.374258e+01 -2.672373e+00  0.000000e+00
   endloop
 endfacet
 facet normal  9.886353e-01 -1.503341e-01  0.000000e+00
   outer loop
     vertex  1.386846e+01 -1.914606e+00  2.400000e+01
     vertex  1.381072e+01 -2.294353e+00  0.000000e+00
     vertex  1.386846e+01 -1.914606e+00  0.000000e+00
   endloop
 endfacet
 facet normal  9.923874e-01 -1.231552e-01  0.000000e+00
   outer loop
     vertex  1.386846e+01 -1.914606e+00  2.400000e+01
     vertex  1.386846e+01 -1.914606e+00  0.000000e+00
     vertex  1.391577e+01 -1.533417e+00  0.000000e+00
   endloop
 endfacet
 facet normal  9.886353e-01 -1.503341e-01  3.769084e-20
   outer loop
     vertex  1.386846e+01 -1.914606e+00  2.400000e+01
     vertex  1.381072e+01 -2.294353e+00  2.400000e+01
     vertex  1.381072e+01 -2.294353e+00  0.000000e+00
   endloop
 endfacet
 facet normal  9.923874e-01 -1.231552e-01  0.000000e+00
   outer loop
     vertex  1.391577e+01 -1.533417e+00  2.400000e+01
     vertex  1.386846e+01 -1.914606e+00  2.400000e+01
     vertex  1.391577e+01 -1.533417e+00  0.000000e+00
   endloop
 endfacet
 facet normal  9.953925e-01 -9.588368e-02  0.000000e+00
   outer loop
     vertex  1.395260e+01 -1.151074e+00  2.400000e+01
     vertex  1.391577e+01 -1.533417e+00  0.000000e+00
     vertex  1.395260e+01 -1.151074e+00  0.000000e+00
   endloop
 endfacet
 facet normal  9.953925e-01 -9.588368e-02  5.846326e-20
   outer loop
     vertex  1.395260e+01 -1.151074e+00  2.400000e+01
     vertex  1.391577e+01 -1.533417e+00  2.400000e+01
     vertex  1.391577e+01 -1.533417e+00  0.000000e+00
   endloop
 endfacet
 facet normal  9.976484e-01 -6.853995e-02  0.000000e+00
   outer loop
     vertex  1.397893e+01 -7.678642e-01  2.400000e+01
     vertex  1.395260e+01 -1.151074e+00  0.000000e+00
     vertex  1.397893e+01 -7.678642e-01  0.000000e+00
   endloop
 endfacet
 facet normal  9.976484e-01 -6.853995e-02  4.443266e-20
   outer loop
     vertex  1.397893e+01 -7.678642e-01  2.400000e+01
     vertex  1.395260e+01 -1.151074e+00  2.400000e+01
     vertex  1.395260e+01 -1.151074e+00  0.000000e+00
   endloop
 endfacet
 facet normal  9.991532e-01 -4.114462e-02 -2.975529e-20
   outer loop
     vertex  1.399473e+01 -3.840767e-01  2.400000e+01
     vertex  1.397893e+01 -7.678642e-01  2.400000e+01
     vertex  1.397893e+01 -7.678642e-01  0.000000e+00
   endloop
 endfacet
 facet normal  9.991532e-01 -4.114462e-02  0.000000e+00
   outer loop
     vertex  1.399473e+01 -3.840767e-01  2.400000e+01
     vertex  1.397893e+01 -7.678642e-01  0.000000e+00
     vertex  1.399473e+01 -3.840767e-01  0.000000e+00
   endloop
 endfacet
 facet normal  9.999059e-01 -1.371831e-02 -3.213289e-21
   outer loop
     vertex  1.400000e+01 -3.429011e-15  2.400000e+01
     vertex  1.399473e+01 -3.840767e-01  2.400000e+01
     vertex  1.399473e+01 -3.840767e-01  0.000000e+00
   endloop
 endfacet
 facet normal  9.999059e-01 -1.371831e-02  0.000000e+00
   outer loop
     vertex  1.400000e+01 -3.429011e-15  2.400000e+01
     vertex  1.399473e+01 -3.840767e-01  0.000000e+00
     vertex  1.400000e+01 -3.429011e-15  0.000000e+00
   endloop
 endfacet
 facet normal  0.000000e+00  0.000000e+00  1.000000e+00
   outer loop
     vertex -2.341442e+00 -2.325436e+00  2.400000e+01
     vertex -9.933389e+00 -9.865485e+00  2.400000e+01
     vertex -9.659000e+00 -1.013428e+01  2.400000e+01
   endloop
 endfacet
 facet normal  0.000000e+00  0.000000e+00  1.000000e+00
   outer loop
     vertex -2.276764e+00 -2.388796e+00  2.400000e+01
     vertex -2.341442e+00 -2.325436e+00  2.400000e+01
     vertex -9.659000e+00 -1.013428e+01  2.400000e+01
   endloop
 endfacet
 facet normal  0.000000e+00  0.000000e+00  1.000000e+00
   outer loop
     vertex -2.404356e+00 -2.260325e+00  2.400000e+01
     vertex -1.020030e+01 -9.589258e+00  2.400000e+01
     vertex -9.933389e+00 -9.865485e+00  2.400000e+01
   endloop
 endfacet
 facet normal  0.000000e+00  0.000000e+00  1.000000e+00
   outer loop
     vertex -2.404356e+00 -2.260325e+00  2.400000e+01
     vertex -9.933389e+00 -9.865485e+00  2.400000e+01
     vertex -2.341442e+00 -2.325436e+00  2.400000e+01
   endloop
 endfacet
 facet normal  0.000000e+00  0.000000e+00  1.000000e+00
   outer loop
     vertex -2.210373e+00 -2.450357e+00  2.400000e+01
     vertex -9.659000e+00 -1.013428e+01  2.400000e+01
     vertex -9.377340e+00 -1.039546e+01  2.400000e+01
   endloop
 endfacet
 facet normal  0.000000e+00  0.000000e+00  1.000000e+00
   outer loop
     vertex -2.210373e+00 -2.450357e+00  2.400000e+01
     vertex -2.276764e+00 -2.388796e+00  2.400000e+01
     vertex -9.659000e+00 -1.013428e+01  2.400000e+01
   endloop
 endfacet
 facet normal  0.000000e+00  0.000000e+00  1.000000e+00
   outer loop
     vertex -2.465461e+00 -2.193513e+00  2.400000e+01
     vertex -1.045953e+01 -9.305814e+00  2.400000e+01
     vertex -1.020030e+01 -9.589258e+00  2.400000e+01
   endloop
 endfacet
 facet normal  0.000000e+00  0.000000e+00  1.000000e+00
   outer loop
     vertex -2.465461e+00 -2.193513e+00  2.400000e+01
     vertex -1.020030e+01 -9.589258e+00  2.400000e+01
     vertex -2.404356e+00 -2.260325e+00  2.400000e+01
   endloop
 endfacet
 facet normal  0.000000e+00  0.000000e+00  1.000000e+00
   outer loop
     vertex -2.142318e+00 -2.510075e+00  2.400000e+01
     vertex -9.377340e+00 -1.039546e+01  2.400000e+01
     vertex -9.088621e+00 -1.064880e+01  2.400000e+01
   endloop
 endfacet
 facet normal  0.000000e+00  0.000000e+00  1.000000e+00
   outer loop
     vertex -2.142318e+00 -2.510075e+00  2.400000e+01
     vertex -2.210373e+00 -2.450357e+00  2.400000e+01
     vertex -9.377340e+00 -1.039546e+01  2.400000e+01
   endloop
 endfacet
 facet normal  0.000000e+00  0.000000e+00  1.000000e+00
   outer loop
     vertex -2.524710e+00 -2.125050e+00  2.400000e+01
     vertex -1.095419e+01 -8.718127e+00  2.400000e+01
     vertex -1.071089e+01 -9.015364e+00  2.400000e+01
   endloop
 endfacet
 facet normal  0.000000e+00  0.000000e+00  1.000000e+00
   outer loop
     vertex -2.524710e+00 -2.125050e+00  2.400000e+01
     vertex -1.071089e+01 -9.015364e+00  2.400000e+01
     vertex -1.045953e+01 -9.305814e+00  2.400000e+01
   endloop
 endfacet
 facet normal  0.000000e+00  0.000000e+00  1.000000e+00
   outer loop
     vertex -2.524710e+00 -2.125050e+00  2.400000e+01
     vertex -1.045953e+01 -9.305814e+00  2.400000e+01
     vertex -2.465461e+00 -2.193513e+00  2.400000e+01
   endloop
 endfacet
 facet normal  0.000000e+00  0.000000e+00  1.000000e+00
   outer loop
     vertex -2.072650e+00 -2.567902e+00  2.400000e+01
     vertex -9.088621e+00 -1.064880e+01  2.400000e+01
     vertex -8.793060e+00 -1.089413e+01  2.400000e+01
   endloop
 endfacet
 facet normal  0.000000e+00  0.000000e+00  1.000000e+00
   outer loop
     vertex -2.072650e+00 -2.567902e+00  2.400000e+01
     vertex -2.142318e+00 -2.510075e+00  2.400000e+01
     vertex -9.088621e+00 -1.064880e+01  2.400000e+01
   endloop
 endfacet
 facet normal  0.000000e+00  0.000000e+00  1.000000e+00
   outer loop
     vertex -2.582059e+00 -2.054987e+00  2.400000e+01
     vertex -1.095419e+01 -8.718127e+00  2.400000e+01
     vertex -2.524710e+00 -2.125050e+00  2.400000e+01
   endloop
 endfacet
 facet normal  0.000000e+00  0.000000e+00  1.000000e+00
   outer loop
     vertex -2.001422e+00 -2.623797e+00  2.400000e+01
     vertex -8.793060e+00 -1.089413e+01  2.400000e+01
     vertex -8.490881e+00 -1.113126e+01  2.400000e+01
   endloop
 endfacet
 facet normal  0.000000e+00  0.000000e+00  1.000000e+00
   outer loop
     vertex -2.001422e+00 -2.623797e+00  2.400000e+01
     vertex -2.072650e+00 -2.567902e+00  2.400000e+01
     vertex -8.793060e+00 -1.089413e+01  2.400000e+01
   endloop
 endfacet
 facet normal  0.000000e+00  0.000000e+00  1.000000e+00
   outer loop
     vertex -2.637464e+00 -1.983377e+00  2.400000e+01
     vertex -1.118924e+01 -8.414328e+00  2.400000e+01
     vertex -1.095419e+01 -8.718127e+00  2.400000e+01
   endloop
 endfacet
 facet normal  0.000000e+00  0.000000e+00  1.000000e+00
   outer loop
     vertex -2.637464e+00 -1.983377e+00  2.400000e+01
     vertex -1.095419e+01 -8.718127e+00  2.400000e+01
     vertex -2.582059e+00 -2.054987e+00  2.400000e+01
   endloop
 endfacet
 facet normal  0.000000e+00  0.000000e+00  1.000000e+00
   outer loop
     vertex -1.928687e+00 -2.677716e+00  2.400000e+01
     vertex -8.490881e+00 -1.113126e+01  2.400000e+01
     vertex -8.182309e+00 -1.136001e+01  2.400000e+01
   endloop
 endfacet
 facet normal  0.000000e+00  0.000000e+00  1.000000e+00
   outer loop
     vertex -1.928687e+00 -2.677716e+00  2.400000e+01
     vertex -2.001422e+00 -2.623797e+00  2.400000e+01
     vertex -8.490881e+00 -1.113126e+01  2.400000e+01
   endloop
 endfacet
 facet normal  0.000000e+00  0.000000e+00  1.000000e+00
   outer loop
     vertex -2.690883e+00 -1.910275e+00  2.400000e+01
     vertex -1.118924e+01 -8.414328e+00  2.400000e+01
     vertex -2.637464e+00 -1.983377e+00  2.400000e+01
   endloop
 endfacet
 facet normal  0.000000e+00  0.000000e+00  1.000000e+00
   outer loop
     vertex -2.690883e+00 -1.910275e+00  2.400000e+01
     vertex -1.141587e+01 -8.104195e+00  2.400000e+01
     vertex -1.118924e+01 -8.414328e+00  2.400000e+01
   endloop
 endfacet
 facet normal  0.000000e+00  0.000000e+00  1.000000e+00
   outer loop
     vertex -1.854501e+00 -2.729620e+00  2.400000e+01
     vertex -8.182309e+00 -1.136001e+01  2.400000e+01
     vertex -7.867579e+00 -1.158021e+01  2.400000e+01
   endloop
 endfacet
 facet normal  0.000000e+00  0.000000e+00  1.000000e+00
   outer loop
     vertex -1.854501e+00 -2.729620e+00  2.400000e+01
     vertex -7.867579e+00 -1.158021e+01  2.400000e+01
     vertex -7.546926e+00 -1.179169e+01  2.400000e+01
   endloop
 endfacet
 facet normal  0.000000e+00  0.000000e+00  1.000000e+00
   outer loop
     vertex -1.854501e+00 -2.729620e+00  2.400000e+01
     vertex -1.928687e+00 -2.677716e+00  2.400000e+01
     vertex -8.182309e+00 -1.136001e+01  2.400000e+01
   endloop
 endfacet
 facet normal  0.000000e+00  0.000000e+00  1.000000e+00
   outer loop
     vertex -2.742277e+00 -1.835734e+00  2.400000e+01
     vertex -1.163390e+01 -7.787961e+00  2.400000e+01
     vertex -1.141587e+01 -8.104195e+00  2.400000e+01
   endloop
 endfacet
 facet normal  0.000000e+00  0.000000e+00  1.000000e+00
   outer loop
     vertex -2.742277e+00 -1.835734e+00  2.400000e+01
     vertex -1.141587e+01 -8.104195e+00  2.400000e+01
     vertex -2.690883e+00 -1.910275e+00  2.400000e+01
   endloop
 endfacet
 facet normal  0.000000e+00  0.000000e+00  1.000000e+00
   outer loop
     vertex -1.778918e+00 -2.779469e+00  2.400000e+01
     vertex -1.854501e+00 -2.729620e+00  2.400000e+01
     vertex -7.546926e+00 -1.179169e+01  2.400000e+01
   endloop
 endfacet
 facet normal  0.000000e+00  0.000000e+00  1.000000e+00
   outer loop
     vertex -2.791606e+00 -1.759811e+00  2.400000e+01
     vertex -1.204354e+01 -7.138149e+00  2.400000e+01
     vertex -1.184318e+01 -7.465865e+00  2.400000e+01
   endloop
 endfacet
 facet normal  0.000000e+00  0.000000e+00  1.000000e+00
   outer loop
     vertex -2.791606e+00 -1.759811e+00  2.400000e+01
     vertex -1.184318e+01 -7.465865e+00  2.400000e+01
     vertex -1.163390e+01 -7.787961e+00  2.400000e+01
   endloop
 endfacet
 facet normal  0.000000e+00  0.000000e+00  1.000000e+00
   outer loop
     vertex -2.791606e+00 -1.759811e+00  2.400000e+01
     vertex -1.163390e+01 -7.787961e+00  2.400000e+01
     vertex -2.742277e+00 -1.835734e+00  2.400000e+01
   endloop
 endfacet
 facet normal  0.000000e+00  0.000000e+00  1.000000e+00
   outer loop
     vertex -1.701997e+00 -2.827226e+00  2.400000e+01
     vertex -7.546926e+00 -1.179169e+01  2.400000e+01
     vertex -7.220591e+00 -1.199429e+01  2.400000e+01
   endloop
 endfacet
 facet normal  0.000000e+00  0.000000e+00  1.000000e+00
   outer loop
     vertex -1.701997e+00 -2.827226e+00  2.400000e+01
     vertex -7.220591e+00 -1.199429e+01  2.400000e+01
     vertex -6.888821e+00 -1.218787e+01  2.400000e+01
   endloop
 endfacet
 facet normal  0.000000e+00  0.000000e+00  1.000000e+00
   outer loop
     vertex -1.701997e+00 -2.827226e+00  2.400000e+01
     vertex -1.778918e+00 -2.779469e+00  2.400000e+01
     vertex -7.546926e+00 -1.179169e+01  2.400000e+01
   endloop
 endfacet
 facet normal  0.000000e+00  0.000000e+00  1.000000e+00
   outer loop
     vertex -2.838834e+00 -1.682564e+00  2.400000e+01
     vertex -1.204354e+01 -7.138149e+00  2.400000e+01
     vertex -2.791606e+00 -1.759811e+00  2.400000e+01
   endloop
 endfacet
 facet normal  0.000000e+00  0.000000e+00  1.000000e+00
   outer loop
     vertex -1.623794e+00 -2.872855e+00  2.400000e+01
     vertex -1.701997e+00 -2.827226e+00  2.400000e+01
     vertex -6.888821e+00 -1.218787e+01  2.400000e+01
   endloop
 endfacet
 facet normal  0.000000e+00  0.000000e+00  1.000000e+00
   outer loop
     vertex -2.883925e+00 -1.604050e+00  2.400000e+01
     vertex -1.204354e+01 -7.138149e+00  2.400000e+01
     vertex -2.838834e+00 -1.682564e+00  2.400000e+01
   endloop
 endfacet
 facet normal  0.000000e+00  0.000000e+00  1.000000e+00
   outer loop
     vertex -2.883925e+00 -1.604050e+00  2.400000e+01
     vertex -1.223483e+01 -6.805059e+00  2.400000e+01
     vertex -1.204354e+01 -7.138149e+00  2.400000e+01
   endloop
 endfacet
 facet normal  0.000000e+00  0.000000e+00  1.000000e+00
   outer loop
     vertex -1.544368e+00 -2.916321e+00  2.400000e+01
     vertex -6.888821e+00 -1.218787e+01  2.400000e+01
     vertex -6.551866e+00 -1.237227e+01  2.400000e+01
   endloop
 endfacet
 facet normal  0.000000e+00  0.000000e+00  1.000000e+00
   outer loop
     vertex -1.544368e+00 -2.916321e+00  2.400000e+01
     vertex -1.623794e+00 -2.872855e+00  2.400000e+01
     vertex -6.888821e+00 -1.218787e+01  2.400000e+01
   endloop
 endfacet
 facet normal  0.000000e+00  0.000000e+00  1.000000e+00
   outer loop
     vertex -2.926845e+00 -1.524328e+00  2.400000e+01
     vertex -1.241692e+01 -6.466847e+00  2.400000e+01
     vertex -1.223483e+01 -6.805059e+00  2.400000e+01
   endloop
 endfacet
 facet normal  0.000000e+00  0.000000e+00  1.000000e+00
   outer loop
     vertex -2.926845e+00 -1.524328e+00  2.400000e+01
     vertex -1.223483e+01 -6.805059e+00  2.400000e+01
     vertex -2.883925e+00 -1.604050e+00  2.400000e+01
   endloop
 endfacet
 facet normal  0.000000e+00  0.000000e+00  1.000000e+00
   outer loop
     vertex -1.463781e+00 -2.957591e+00  2.400000e+01
     vertex -6.551866e+00 -1.237227e+01  2.400000e+01
     vertex -6.209979e+00 -1.254736e+01  2.400000e+01
   endloop
 endfacet
 facet normal  0.000000e+00  0.000000e+00  1.000000e+00
   outer loop
     vertex -1.463781e+00 -2.957591e+00  2.400000e+01
     vertex -1.544368e+00 -2.916321e+00  2.400000e+01
     vertex -6.551866e+00 -1.237227e+01  2.400000e+01
   endloop
 endfacet
 facet normal  0.000000e+00  0.000000e+00  1.000000e+00
   outer loop
     vertex -2.967562e+00 -1.443459e+00  2.400000e+01
     vertex -1.258966e+01 -6.123766e+00  2.400000e+01
     vertex -1.241692e+01 -6.466847e+00  2.400000e+01
   endloop
 endfacet
 facet normal  0.000000e+00  0.000000e+00  1.000000e+00
   outer loop
     vertex -2.967562e+00 -1.443459e+00  2.400000e+01
     vertex -1.241692e+01 -6.466847e+00  2.400000e+01
     vertex -2.926845e+00 -1.524328e+00  2.400000e+01
   endloop
 endfacet
 facet normal  0.000000e+00  0.000000e+00  1.000000e+00
   outer loop
     vertex -1.382091e+00 -2.996636e+00  2.400000e+01
     vertex -6.209979e+00 -1.254736e+01  2.400000e+01
     vertex -5.863416e+00 -1.271300e+01  2.400000e+01
   endloop
 endfacet
 facet normal  0.000000e+00  0.000000e+00  1.000000e+00
   outer loop
     vertex -1.382091e+00 -2.996636e+00  2.400000e+01
     vertex -1.463781e+00 -2.957591e+00  2.400000e+01
     vertex -6.209979e+00 -1.254736e+01  2.400000e+01
   endloop
 endfacet
 facet normal  0.000000e+00  0.000000e+00  1.000000e+00
   outer loop
     vertex -3.006045e+00 -1.361504e+00  2.400000e+01
     vertex -1.275292e+01 -5.776076e+00  2.400000e+01
     vertex -1.258966e+01 -6.123766e+00  2.400000e+01
   endloop
 endfacet
 facet normal  0.000000e+00  0.000000e+00  1.000000e+00
   outer loop
     vertex -3.006045e+00 -1.361504e+00  2.400000e+01
     vertex -1.258966e+01 -6.123766e+00  2.400000e+01
     vertex -2.967562e+00 -1.443459e+00  2.400000e+01
   endloop
 endfacet
 facet normal  0.000000e+00  0.000000e+00  1.000000e+00
   outer loop
     vertex -1.299361e+00 -3.033424e+00  2.400000e+01
     vertex -5.863416e+00 -1.271300e+01  2.400000e+01
     vertex -5.512441e+00 -1.286907e+01  2.400000e+01
   endloop
 endfacet
 facet normal  0.000000e+00  0.000000e+00  1.000000e+00
   outer loop
     vertex -1.299361e+00 -3.033424e+00  2.400000e+01
     vertex -1.382091e+00 -2.996636e+00  2.400000e+01
     vertex -5.863416e+00 -1.271300e+01  2.400000e+01
   endloop
 endfacet
 facet normal  0.000000e+00  0.000000e+00  1.000000e+00
   outer loop
     vertex -3.042265e+00 -1.278523e+00  2.400000e+01
     vertex -1.275292e+01 -5.776076e+00  2.400000e+01
     vertex -3.006045e+00 -1.361504e+00  2.400000e+01
   endloop
 endfacet
 facet normal  0.000000e+00  0.000000e+00  1.000000e+00
   outer loop
     vertex -3.042265e+00 -1.278523e+00  2.400000e+01
     vertex -1.290658e+01 -5.424038e+00  2.400000e+01
     vertex -1.275292e+01 -5.776076e+00  2.400000e+01
   endloop
 endfacet
 facet normal  0.000000e+00  0.000000e+00  1.000000e+00
   outer loop
     vertex -1.215653e+00 -3.067929e+00  2.400000e+01
     vertex -1.299361e+00 -3.033424e+00  2.400000e+01
     vertex -5.512441e+00 -1.286907e+01  2.400000e+01
   endloop
 endfacet
 facet normal  0.000000e+00  0.000000e+00  1.000000e+00
   outer loop
     vertex -1.215653e+00 -3.067929e+00  2.400000e+01
     vertex -5.512441e+00 -1.286907e+01  2.400000e+01
     vertex -5.157315e+00 -1.301546e+01  2.400000e+01
   endloop
 endfacet
 facet normal  0.000000e+00  0.000000e+00  1.000000e+00
   outer loop
     vertex -3.076195e+00 -1.194580e+00  2.400000e+01
     vertex -1.305053e+01 -5.067917e+00  2.400000e+01
     vertex -1.290658e+01 -5.424038e+00  2.400000e+01
   endloop
 endfacet
 facet normal  0.000000e+00  0.000000e+00  1.000000e+00
   outer loop
     vertex -3.076195e+00 -1.194580e+00  2.400000e+01
     vertex -1.290658e+01 -5.424038e+00  2.400000e+01
     vertex -3.042265e+00 -1.278523e+00  2.400000e+01
   endloop
 endfacet
 facet normal  0.000000e+00  0.000000e+00  1.000000e+00
   outer loop
     vertex -1.131030e+00 -3.100125e+00  2.400000e+01
     vertex -1.215653e+00 -3.067929e+00  2.400000e+01
     vertex -5.157315e+00 -1.301546e+01  2.400000e+01
   endloop
 endfacet
 facet normal  0.000000e+00  0.000000e+00  1.000000e+00
   outer loop
     vertex -1.131030e+00 -3.100125e+00  2.400000e+01
     vertex -5.157315e+00 -1.301546e+01  2.400000e+01
     vertex -4.798307e+00 -1.315204e+01  2.400000e+01
   endloop
 endfacet
 facet normal  0.000000e+00  0.000000e+00  1.000000e+00
   outer loop
     vertex -3.107810e+00 -1.109738e+00  2.400000e+01
     vertex -1.305053e+01 -5.067917e+00  2.400000e+01
     vertex -3.076195e+00 -1.194580e+00  2.400000e+01
   endloop
 endfacet
 facet normal  0.000000e+00  0.000000e+00  1.000000e+00
   outer loop
     vertex -3.107810e+00 -1.109738e+00  2.400000e+01
     vertex -1.318465e+01 -4.707980e+00  2.400000e+01
     vertex -1.305053e+01 -5.067917e+00  2.400000e+01
   endloop
 endfacet
 facet normal  0.000000e+00  0.000000e+00  1.000000e+00
   outer loop
     vertex -1.045555e+00 -3.129986e+00  2.400000e+01
     vertex -1.131030e+00 -3.100125e+00  2.400000e+01
     vertex -4.798307e+00 -1.315204e+01  2.400000e+01
   endloop
 endfacet
 facet normal  0.000000e+00  0.000000e+00  1.000000e+00
   outer loop
     vertex -1.045555e+00 -3.129986e+00  2.400000e+01
     vertex -4.798307e+00 -1.315204e+01  2.400000e+01
     vertex -4.435687e+00 -1.327873e+01  2.400000e+01
   endloop
 endfacet
 facet normal  0.000000e+00  0.000000e+00  1.000000e+00
   outer loop
     vertex -3.137085e+00 -1.024061e+00  2.400000e+01
     vertex -1.318465e+01 -4.707980e+00  2.400000e+01
     vertex -3.107810e+00 -1.109738e+00  2.400000e+01
   endloop
 endfacet
 facet normal  0.000000e+00  0.000000e+00  1.000000e+00
   outer loop
     vertex -3.137085e+00 -1.024061e+00  2.400000e+01
     vertex -1.330884e+01 -4.344500e+00  2.400000e+01
     vertex -1.318465e+01 -4.707980e+00  2.400000e+01
   endloop
 endfacet
 facet normal  0.000000e+00  0.000000e+00  1.000000e+00
   outer loop
     vertex -9.592932e-01 -3.157492e+00  2.400000e+01
     vertex -1.045555e+00 -3.129986e+00  2.400000e+01
     vertex -4.435687e+00 -1.327873e+01  2.400000e+01
   endloop
 endfacet
 facet normal  0.000000e+00  0.000000e+00  1.000000e+00
   outer loop
     vertex -9.592932e-01 -3.157492e+00  2.400000e+01
     vertex -4.435687e+00 -1.327873e+01  2.400000e+01
     vertex -4.069729e+00 -1.339542e+01  2.400000e+01
   endloop
 endfacet
 facet normal  0.000000e+00  0.000000e+00  1.000000e+00
   outer loop
     vertex -3.163998e+00 -9.376124e-01  2.400000e+01
     vertex -1.342302e+01 -3.977749e+00  2.400000e+01
     vertex -1.330884e+01 -4.344500e+00  2.400000e+01
   endloop
 endfacet
 facet normal  0.000000e+00  0.000000e+00  1.000000e+00
   outer loop
     vertex -3.163998e+00 -9.376124e-01  2.400000e+01
     vertex -1.330884e+01 -4.344500e+00  2.400000e+01
     vertex -3.137085e+00 -1.024061e+00  2.400000e+01
   endloop
 endfacet
 facet normal  0.000000e+00  0.000000e+00  1.000000e+00
   outer loop
     vertex -8.723093e-01 -3.182621e+00  2.400000e+01
     vertex -9.592932e-01 -3.157492e+00  2.400000e+01
     vertex -4.069729e+00 -1.339542e+01  2.400000e+01
   endloop
 endfacet
 facet normal  0.000000e+00  0.000000e+00  1.000000e+00
   outer loop
     vertex -8.723093e-01 -3.182621e+00  2.400000e+01
     vertex -4.069729e+00 -1.339542e+01  2.400000e+01
     vertex -3.700706e+00 -1.350203e+01  2.400000e+01
   endloop
 endfacet
 facet normal  0.000000e+00  0.000000e+00  1.000000e+00
   outer loop
     vertex -3.188530e+00 -8.504582e-01  2.400000e+01
     vertex -1.342302e+01 -3.977749e+00  2.400000e+01
     vertex -3.163998e+00 -9.376124e-01  2.400000e+01
   endloop
 endfacet
 facet normal  0.000000e+00  0.000000e+00  1.000000e+00
   outer loop
     vertex -3.188530e+00 -8.504582e-01  2.400000e+01
     vertex -1.362099e+01 -3.235543e+00  2.400000e+01
     vertex -1.352710e+01 -3.608004e+00  2.400000e+01
   endloop
 endfacet
 facet normal  0.000000e+00  0.000000e+00  1.000000e+00
   outer loop
     vertex -3.188530e+00 -8.504582e-01  2.400000e+01
     vertex -1.352710e+01 -3.608004e+00  2.400000e+01
     vertex -1.342302e+01 -3.977749e+00  2.400000e+01
   endloop
 endfacet
 facet normal  0.000000e+00  0.000000e+00  1.000000e+00
   outer loop
     vertex -7.846688e-01 -3.205354e+00  2.400000e+01
     vertex -3.700706e+00 -1.350203e+01  2.400000e+01
     vertex -3.328898e+00 -1.359847e+01  2.400000e+01
   endloop
 endfacet
 facet normal  0.000000e+00  0.000000e+00  1.000000e+00
   outer loop
     vertex -7.846688e-01 -3.205354e+00  2.400000e+01
     vertex -8.723093e-01 -3.182621e+00  2.400000e+01
     vertex -3.700706e+00 -1.350203e+01  2.400000e+01
   endloop
 endfacet
 facet normal  0.000000e+00  0.000000e+00  1.000000e+00
   outer loop
     vertex -3.210661e+00 -7.626638e-01  2.400000e+01
     vertex -1.362099e+01 -3.235543e+00  2.400000e+01
     vertex -3.188530e+00 -8.504582e-01  2.400000e+01
   endloop
 endfacet
 facet normal  0.000000e+00  0.000000e+00  1.000000e+00
   outer loop
     vertex -6.964376e-01 -3.225674e+00  2.400000e+01
     vertex -7.846688e-01 -3.205354e+00  2.400000e+01
     vertex -3.328898e+00 -1.359847e+01  2.400000e+01
   endloop
 endfacet
 facet normal  0.000000e+00  0.000000e+00  1.000000e+00
   outer loop
     vertex -6.964376e-01 -3.225674e+00  2.400000e+01
     vertex -3.328898e+00 -1.359847e+01  2.400000e+01
     vertex -2.954584e+00 -1.368468e+01  2.400000e+01
   endloop
 endfacet
 facet normal  0.000000e+00  0.000000e+00  1.000000e+00
   outer loop
     vertex -3.230375e+00 -6.742953e-01  2.400000e+01
     vertex -1.370462e+01 -2.860647e+00  2.400000e+01
     vertex -1.362099e+01 -3.235543e+00  2.400000e+01
   endloop
 endfacet
 facet normal  0.000000e+00  0.000000e+00  1.000000e+00
   outer loop
     vertex -3.230375e+00 -6.742953e-01  2.400000e+01
     vertex -1.362099e+01 -3.235543e+00  2.400000e+01
     vertex -3.210661e+00 -7.626638e-01  2.400000e+01
   endloop
 endfacet
 facet normal  0.000000e+00  0.000000e+00  1.000000e+00
   outer loop
     vertex -6.076822e-01 -3.243566e+00  2.400000e+01
     vertex -6.964376e-01 -3.225674e+00  2.400000e+01
     vertex -2.954584e+00 -1.368468e+01  2.400000e+01
   endloop
 endfacet
 facet normal  0.000000e+00  0.000000e+00  1.000000e+00
   outer loop
     vertex -6.076822e-01 -3.243566e+00  2.400000e+01
     vertex -2.954584e+00 -1.368468e+01  2.400000e+01
     vertex -2.578046e+00 -1.376058e+01  2.400000e+01
   endloop
 endfacet
 facet normal  0.000000e+00  0.000000e+00  1.000000e+00
   outer loop
     vertex -3.247658e+00 -5.854193e-01  2.400000e+01
     vertex -1.370462e+01 -2.860647e+00  2.400000e+01
     vertex -3.230375e+00 -6.742953e-01  2.400000e+01
   endloop
 endfacet
 facet normal  0.000000e+00  0.000000e+00  1.000000e+00
   outer loop
     vertex -3.247658e+00 -5.854193e-01  2.400000e+01
     vertex -1.377794e+01 -2.483597e+00  2.400000e+01
     vertex -1.370462e+01 -2.860647e+00  2.400000e+01
   endloop
 endfacet
 facet normal  0.000000e+00  0.000000e+00  1.000000e+00
   outer loop
     vertex -5.184693e-01 -3.259017e+00  2.400000e+01
     vertex -6.076822e-01 -3.243566e+00  2.400000e+01
     vertex -2.578046e+00 -1.376058e+01  2.400000e+01
   endloop
 endfacet
 facet normal  0.000000e+00  0.000000e+00  1.000000e+00
   outer loop
     vertex -5.184693e-01 -3.259017e+00  2.400000e+01
     vertex -2.578046e+00 -1.376058e+01  2.400000e+01
     vertex -2.199567e+00 -1.382613e+01  2.400000e+01
   endloop
 endfacet
 facet normal  0.000000e+00  0.000000e+00  1.000000e+00
   outer loop
     vertex -3.262496e+00 -4.961025e-01  2.400000e+01
     vertex -1.384089e+01 -2.104677e+00  2.400000e+01
     vertex -1.377794e+01 -2.483597e+00  2.400000e+01
   endloop
 endfacet
 facet normal  0.000000e+00  0.000000e+00  1.000000e+00
   outer loop
     vertex -3.262496e+00 -4.961025e-01  2.400000e+01
     vertex -1.377794e+01 -2.483597e+00  2.400000e+01
     vertex -3.247658e+00 -5.854193e-01  2.400000e+01
   endloop
 endfacet
 facet normal  0.000000e+00  0.000000e+00  1.000000e+00
   outer loop
     vertex -4.288662e-01 -3.272014e+00  2.400000e+01
     vertex -2.199567e+00 -1.382613e+01  2.400000e+01
     vertex -1.819432e+00 -1.388127e+01  2.400000e+01
   endloop
 endfacet
 facet normal  0.000000e+00  0.000000e+00  1.000000e+00
   outer loop
     vertex -4.288662e-01 -3.272014e+00  2.400000e+01
     vertex -5.184693e-01 -3.259017e+00  2.400000e+01
     vertex -2.199567e+00 -1.382613e+01  2.400000e+01
   endloop
 endfacet
 facet normal  0.000000e+00  0.000000e+00  1.000000e+00
   outer loop
     vertex -3.274878e+00 -4.064123e-01  2.400000e+01
     vertex -1.384089e+01 -2.104677e+00  2.400000e+01
     vertex -3.262496e+00 -4.961025e-01  2.400000e+01
   endloop
 endfacet
 facet normal  0.000000e+00  0.000000e+00  1.000000e+00
   outer loop
     vertex -3.274878e+00 -4.064123e-01  2.400000e+01
     vertex -1.393550e+01 -1.342372e+00  2.400000e+01
     vertex -1.389342e+01 -1.724173e+00  2.400000e+01
   endloop
 endfacet
 facet normal  0.000000e+00  0.000000e+00  1.000000e+00
   outer loop
     vertex -3.274878e+00 -4.064123e-01  2.400000e+01
     vertex -1.389342e+01 -1.724173e+00  2.400000e+01
     vertex -1.384089e+01 -2.104677e+00  2.400000e+01
   endloop
 endfacet
 facet normal  0.000000e+00  0.000000e+00  1.000000e+00
   outer loop
     vertex -3.389402e-01 -3.282548e+00  2.400000e+01
     vertex -4.288662e-01 -3.272014e+00  2.400000e+01
     vertex -1.819432e+00 -1.388127e+01  2.400000e+01
   endloop
 endfacet
 facet normal  0.000000e+00  0.000000e+00  1.000000e+00
   outer loop
     vertex -3.389402e-01 -3.282548e+00  2.400000e+01
     vertex -1.819432e+00 -1.388127e+01  2.400000e+01
     vertex -1.437928e+00 -1.392596e+01  2.400000e+01
   endloop
 endfacet
 facet normal  0.000000e+00  0.000000e+00  1.000000e+00
   outer loop
     vertex -3.284795e+00 -3.164162e-01  2.400000e+01
     vertex -1.393550e+01 -1.342372e+00  2.400000e+01
     vertex -3.274878e+00 -4.064123e-01  2.400000e+01
   endloop
 endfacet
 facet normal  0.000000e+00  0.000000e+00  1.000000e+00
   outer loop
     vertex -2.487590e-01 -3.290611e+00  2.400000e+01
     vertex -1.437928e+00 -1.392596e+01  2.400000e+01
     vertex -1.055341e+00 -1.396017e+01  2.400000e+01
   endloop
 endfacet
 facet normal  0.000000e+00  0.000000e+00  1.000000e+00
   outer loop
     vertex -2.487590e-01 -3.290611e+00  2.400000e+01
     vertex -3.389402e-01 -3.282548e+00  2.400000e+01
     vertex -1.437928e+00 -1.392596e+01  2.400000e+01
   endloop
 endfacet
 facet normal  0.000000e+00  0.000000e+00  1.000000e+00
   outer loop
     vertex -3.292240e+00 -2.261818e-01  2.400000e+01
     vertex -1.396708e+01 -9.595593e-01  2.400000e+01
     vertex -1.393550e+01 -1.342372e+00  2.400000e+01
   endloop
 endfacet
 facet normal  0.000000e+00  0.000000e+00  1.000000e+00
   outer loop
     vertex -3.292240e+00 -2.261818e-01  2.400000e+01
     vertex -1.393550e+01 -1.342372e+00  2.400000e+01
     vertex -3.284795e+00 -3.164162e-01  2.400000e+01
   endloop
 endfacet
 facet normal  0.000000e+00  0.000000e+00  1.000000e+00
   outer loop
     vertex -1.583906e-01 -3.296197e+00  2.400000e+01
     vertex -1.055341e+00 -1.396017e+01  2.400000e+01
     vertex -6.719602e-01 -1.398386e+01  2.400000e+01
   endloop
 endfacet
 facet normal  0.000000e+00  0.000000e+00  1.000000e+00
   outer loop
     vertex -1.583906e-01 -3.296197e+00  2.400000e+01
     vertex -2.487590e-01 -3.290611e+00  2.400000e+01
     vertex -1.055341e+00 -1.396017e+01  2.400000e+01
   endloop
 endfacet
 facet normal  0.000000e+00  0.000000e+00  1.000000e+00
   outer loop
     vertex -3.297206e+00 -1.357772e-01  2.400000e+01
     vertex -1.398814e+01 -5.760247e-01  2.400000e+01
     vertex -1.396708e+01 -9.595593e-01  2.400000e+01
   endloop
 endfacet
 facet normal  0.000000e+00  0.000000e+00  1.000000e+00
   outer loop
     vertex -3.297206e+00 -1.357772e-01  2.400000e+01
     vertex -1.396708e+01 -9.595593e-01  2.400000e+01
     vertex -3.292240e+00 -2.261818e-01  2.400000e+01
   endloop
 endfacet
 facet normal  0.000000e+00  0.000000e+00  1.000000e+00
   outer loop
     vertex -6.790300e-02 -3.299301e+00  2.400000e+01
     vertex -6.719602e-01 -1.398386e+01  2.400000e+01
     vertex -2.880733e-01 -1.399704e+01  2.400000e+01
   endloop
 endfacet
 facet normal  0.000000e+00  0.000000e+00  1.000000e+00
   outer loop
     vertex -6.790300e-02 -3.299301e+00  2.400000e+01
     vertex -1.583906e-01 -3.296197e+00  2.400000e+01
     vertex -6.719602e-01 -1.398386e+01  2.400000e+01
   endloop
 endfacet
 facet normal  0.000000e+00  0.000000e+00  1.000000e+00
   outer loop
     vertex -3.299689e+00 -4.527044e-02  2.400000e+01
     vertex -1.399868e+01 -1.920564e-01  2.400000e+01
     vertex -1.398814e+01 -5.760247e-01  2.400000e+01
   endloop
 endfacet
 facet normal  0.000000e+00  0.000000e+00  1.000000e+00
   outer loop
     vertex -3.299689e+00 -4.527044e-02  2.400000e+01
     vertex -1.398814e+01 -5.760247e-01  2.400000e+01
     vertex -3.297206e+00 -1.357772e-01  2.400000e+01
   endloop
 endfacet
 facet normal  0.000000e+00  0.000000e+00  1.000000e+00
   outer loop
     vertex  2.263575e-02 -3.299922e+00  2.400000e+01
     vertex -6.790300e-02 -3.299301e+00  2.400000e+01
     vertex -2.880733e-01 -1.399704e+01  2.400000e+01
   endloop
 endfacet
 facet normal  0.000000e+00  0.000000e+00  1.000000e+00
   outer loop
     vertex  2.263575e-02 -3.299922e+00  2.400000e+01
     vertex -2.880733e-01 -1.399704e+01  2.400000e+01
     vertex  9.603046e-02 -1.399967e+01  2.400000e+01
   endloop
 endfacet
 facet normal  0.000000e+00  0.000000e+00  1.000000e+00
   outer loop
     vertex -3.299689e+00  4.527044e-02  2.400000e+01
     vertex -1.399868e+01  1.920564e-01  2.400000e+01
     vertex -1.399868e+01 -1.920564e-01  2.400000e+01
   endloop
 endfacet
 facet normal  0.000000e+00  0.000000e+00  1.000000e+00
   outer loop
     vertex -3.299689e+00  4.527044e-02  2.400000e+01
     vertex -1.399868e+01 -1.920564e-01  2.400000e+01
     vertex -3.299689e+00 -4.527044e-02  2.400000e+01
   endloop
 endfacet
 facet normal  0.000000e+00  0.000000e+00  1.000000e+00
   outer loop
     vertex  1.131575e-01 -3.298059e+00  2.400000e+01
     vertex  9.603046e-02 -1.399967e+01  2.400000e+01
     vertex  4.800620e-01 -1.399177e+01  2.400000e+01
   endloop
 endfacet
 facet normal  0.000000e+00  0.000000e+00  1.000000e+00
   outer loop
     vertex  1.131575e-01 -3.298059e+00  2.400000e+01
     vertex  2.263575e-02 -3.299922e+00  2.400000e+01
     vertex  9.603046e-02 -1.399967e+01  2.400000e+01
   endloop
 endfacet
 facet normal  0.000000e+00  0.000000e+00  1.000000e+00
   outer loop
     vertex -3.297206e+00  1.357772e-01  2.400000e+01
     vertex -1.396708e+01  9.595593e-01  2.400000e+01
     vertex -1.398814e+01  5.760247e-01  2.400000e+01
   endloop
 endfacet
 facet normal  0.000000e+00  0.000000e+00  1.000000e+00
   outer loop
     vertex -3.297206e+00  1.357772e-01  2.400000e+01
     vertex -1.398814e+01  5.760247e-01  2.400000e+01
     vertex -1.399868e+01  1.920564e-01  2.400000e+01
   endloop
 endfacet
 facet normal  0.000000e+00  0.000000e+00  1.000000e+00
   outer loop
     vertex -3.297206e+00  1.357772e-01  2.400000e+01
     vertex -1.399868e+01  1.920564e-01  2.400000e+01
     vertex -3.299689e+00  4.527044e-02  2.400000e+01
   endloop
 endfacet
 facet normal  0.000000e+00  0.000000e+00  1.000000e+00
   outer loop
     vertex  2.035940e-01 -3.293714e+00  2.400000e+01
     vertex  1.131575e-01 -3.298059e+00  2.400000e+01
     vertex  4.800620e-01 -1.399177e+01  2.400000e+01
   endloop
 endfacet
 facet normal  0.000000e+00  0.000000e+00  1.000000e+00
   outer loop
     vertex  2.035940e-01 -3.293714e+00  2.400000e+01
     vertex  4.800620e-01 -1.399177e+01  2.400000e+01
     vertex  8.637321e-01 -1.397333e+01  2.400000e+01
   endloop
 endfacet
 facet normal  0.000000e+00  0.000000e+00  1.000000e+00
   outer loop
     vertex  2.035940e-01 -3.293714e+00  2.400000e+01
     vertex  8.637321e-01 -1.397333e+01  2.400000e+01
     vertex  1.246752e+00 -1.394438e+01  2.400000e+01
   endloop
 endfacet
 facet normal  0.000000e+00  0.000000e+00  1.000000e+00
   outer loop
     vertex -3.292240e+00  2.261818e-01  2.400000e+01
     vertex -1.396708e+01  9.595593e-01  2.400000e+01
     vertex -3.297206e+00  1.357772e-01  2.400000e+01
   endloop
 endfacet
 facet normal  0.000000e+00  0.000000e+00  1.000000e+00
   outer loop
     vertex  2.938773e-01 -3.286889e+00  2.400000e+01
     vertex  1.246752e+00 -1.394438e+01  2.400000e+01
     vertex  1.628833e+00 -1.390492e+01  2.400000e+01
   endloop
 endfacet
 facet normal  0.000000e+00  0.000000e+00  1.000000e+00
   outer loop
     vertex  2.938773e-01 -3.286889e+00  2.400000e+01
     vertex  2.035940e-01 -3.293714e+00  2.400000e+01
     vertex  1.246752e+00 -1.394438e+01  2.400000e+01
   endloop
 endfacet
 facet normal  0.000000e+00  0.000000e+00  1.000000e+00
   outer loop
     vertex -3.284795e+00  3.164162e-01  2.400000e+01
     vertex -1.393550e+01  1.342372e+00  2.400000e+01
     vertex -1.396708e+01  9.595593e-01  2.400000e+01
   endloop
 endfacet
 facet normal  0.000000e+00  0.000000e+00  1.000000e+00
   outer loop
     vertex -3.284795e+00  3.164162e-01  2.400000e+01
     vertex -1.396708e+01  9.595593e-01  2.400000e+01
     vertex -3.292240e+00  2.261818e-01  2.400000e+01
   endloop
 endfacet
 facet normal  0.000000e+00  0.000000e+00  1.000000e+00
   outer loop
     vertex  3.839393e-01 -3.277589e+00  2.400000e+01
     vertex  2.938773e-01 -3.286889e+00  2.400000e+01
     vertex  1.628833e+00 -1.390492e+01  2.400000e+01
   endloop
 endfacet
 facet normal  0.000000e+00  0.000000e+00  1.000000e+00
   outer loop
     vertex -3.274878e+00  4.064123e-01  2.400000e+01
     vertex -1.389342e+01  1.724173e+00  2.400000e+01
     vertex -1.393550e+01  1.342372e+00  2.400000e+01
   endloop
 endfacet
 facet normal  0.000000e+00  0.000000e+00  1.000000e+00
   outer loop
     vertex -3.274878e+00  4.064123e-01  2.400000e+01
     vertex -1.393550e+01  1.342372e+00  2.400000e+01
     vertex -3.284795e+00  3.164162e-01  2.400000e+01
   endloop
 endfacet
 facet normal  0.000000e+00  0.000000e+00  1.000000e+00
   outer loop
     vertex  4.737123e-01 -3.265823e+00  2.400000e+01
     vertex  1.628833e+00 -1.390492e+01  2.400000e+01
     vertex  2.009689e+00 -1.385500e+01  2.400000e+01
   endloop
 endfacet
 facet normal  0.000000e+00  0.000000e+00  1.000000e+00
   outer loop
     vertex  4.737123e-01 -3.265823e+00  2.400000e+01
     vertex  3.839393e-01 -3.277589e+00  2.400000e+01
     vertex  1.628833e+00 -1.390492e+01  2.400000e+01
   endloop
 endfacet
 facet normal  0.000000e+00  0.000000e+00  1.000000e+00
   outer loop
     vertex -3.262496e+00  4.961025e-01  2.400000e+01
     vertex -1.384089e+01  2.104677e+00  2.400000e+01
     vertex -1.389342e+01  1.724173e+00  2.400000e+01
   endloop
 endfacet
 facet normal  0.000000e+00  0.000000e+00  1.000000e+00
   outer loop
     vertex -3.262496e+00  4.961025e-01  2.400000e+01
     vertex -1.389342e+01  1.724173e+00  2.400000e+01
     vertex -3.274878e+00  4.064123e-01  2.400000e+01
   endloop
 endfacet
 facet normal  0.000000e+00  0.000000e+00  1.000000e+00
   outer loop
     vertex  5.631288e-01 -3.251597e+00  2.400000e+01
     vertex  2.009689e+00 -1.385500e+01  2.400000e+01
     vertex  2.389031e+00 -1.379466e+01  2.400000e+01
   endloop
 endfacet
 facet normal  0.000000e+00  0.000000e+00  1.000000e+00
   outer loop
     vertex  5.631288e-01 -3.251597e+00  2.400000e+01
     vertex  4.737123e-01 -3.265823e+00  2.400000e+01
     vertex  2.009689e+00 -1.385500e+01  2.400000e+01
   endloop
 endfacet
 facet normal  0.000000e+00  0.000000e+00  1.000000e+00
   outer loop
     vertex -3.247658e+00  5.854193e-01  2.400000e+01
     vertex -1.377794e+01  2.483597e+00  2.400000e+01
     vertex -1.384089e+01  2.104677e+00  2.400000e+01
   endloop
 endfacet
 facet normal  0.000000e+00  0.000000e+00  1.000000e+00
   outer loop
     vertex -3.247658e+00  5.854193e-01  2.400000e+01
     vertex -1.384089e+01  2.104677e+00  2.400000e+01
     vertex -3.262496e+00  4.961025e-01  2.400000e+01
   endloop
 endfacet
 facet normal  0.000000e+00  0.000000e+00  1.000000e+00
   outer loop
     vertex  6.521213e-01 -3.234925e+00  2.400000e+01
     vertex  2.389031e+00 -1.379466e+01  2.400000e+01
     vertex  2.766575e+00 -1.372392e+01  2.400000e+01
   endloop
 endfacet
 facet normal  0.000000e+00  0.000000e+00  1.000000e+00
   outer loop
     vertex  6.521213e-01 -3.234925e+00  2.400000e+01
     vertex  5.631288e-01 -3.251597e+00  2.400000e+01
     vertex  2.389031e+00 -1.379466e+01  2.400000e+01
   endloop
 endfacet
 facet normal  0.000000e+00  0.000000e+00  1.000000e+00
   outer loop
     vertex -3.230375e+00  6.742953e-01  2.400000e+01
     vertex -1.370462e+01  2.860647e+00  2.400000e+01
     vertex -1.377794e+01  2.483597e+00  2.400000e+01
   endloop
 endfacet
 facet normal  0.000000e+00  0.000000e+00  1.000000e+00
   outer loop
     vertex -3.230375e+00  6.742953e-01  2.400000e+01
     vertex -1.377794e+01  2.483597e+00  2.400000e+01
     vertex -3.247658e+00  5.854193e-01  2.400000e+01
   endloop
 endfacet
 facet normal  0.000000e+00  0.000000e+00  1.000000e+00
   outer loop
     vertex  7.406229e-01 -3.215817e+00  2.400000e+01
     vertex  2.766575e+00 -1.372392e+01  2.400000e+01
     vertex  3.142037e+00 -1.364286e+01  2.400000e+01
   endloop
 endfacet
 facet normal  0.000000e+00  0.000000e+00  1.000000e+00
   outer loop
     vertex  7.406229e-01 -3.215817e+00  2.400000e+01
     vertex  6.521213e-01 -3.234925e+00  2.400000e+01
     vertex  2.766575e+00 -1.372392e+01  2.400000e+01
   endloop
 endfacet
 facet normal  0.000000e+00  0.000000e+00  1.000000e+00
   outer loop
     vertex -3.210661e+00  7.626638e-01  2.400000e+01
     vertex -1.370462e+01  2.860647e+00  2.400000e+01
     vertex -3.230375e+00  6.742953e-01  2.400000e+01
   endloop
 endfacet
 facet normal  0.000000e+00  0.000000e+00  1.000000e+00
   outer loop
     vertex -3.210661e+00  7.626638e-01  2.400000e+01
     vertex -1.362099e+01  3.235543e+00  2.400000e+01
     vertex -1.370462e+01  2.860647e+00  2.400000e+01
   endloop
 endfacet
 facet normal  0.000000e+00  0.000000e+00  1.000000e+00
   outer loop
     vertex  8.285670e-01 -3.194288e+00  2.400000e+01
     vertex  3.142037e+00 -1.364286e+01  2.400000e+01
     vertex  3.515133e+00 -1.355153e+01  2.400000e+01
   endloop
 endfacet
 facet normal  0.000000e+00  0.000000e+00  1.000000e+00
   outer loop
     vertex  8.285670e-01 -3.194288e+00  2.400000e+01
     vertex  7.406229e-01 -3.215817e+00  2.400000e+01
     vertex  3.142037e+00 -1.364286e+01  2.400000e+01
   endloop
 endfacet
 facet normal  0.000000e+00  0.000000e+00  1.000000e+00
   outer loop
     vertex -3.188530e+00  8.504582e-01  2.400000e+01
     vertex -1.352710e+01  3.608004e+00  2.400000e+01
     vertex -1.362099e+01  3.235543e+00  2.400000e+01
   endloop
 endfacet
 facet normal  0.000000e+00  0.000000e+00  1.000000e+00
   outer loop
     vertex -3.188530e+00  8.504582e-01  2.400000e+01
     vertex -1.362099e+01  3.235543e+00  2.400000e+01
     vertex -3.210661e+00  7.626638e-01  2.400000e+01
   endloop
 endfacet
 facet normal  0.000000e+00  0.000000e+00  1.000000e+00
   outer loop
     vertex  9.158874e-01 -3.170355e+00  2.400000e+01
     vertex  8.285670e-01 -3.194288e+00  2.400000e+01
     vertex  3.515133e+00 -1.355153e+01  2.400000e+01
   endloop
 endfacet
 facet normal  0.000000e+00  0.000000e+00  1.000000e+00
   outer loop
     vertex  9.158874e-01 -3.170355e+00  2.400000e+01
     vertex  3.515133e+00 -1.355153e+01  2.400000e+01
     vertex  3.885583e+00 -1.344999e+01  2.400000e+01
   endloop
 endfacet
 facet normal  0.000000e+00  0.000000e+00  1.000000e+00
   outer loop
     vertex -3.163998e+00  9.376124e-01  2.400000e+01
     vertex -1.342302e+01  3.977749e+00  2.400000e+01
     vertex -1.352710e+01  3.608004e+00  2.400000e+01
   endloop
 endfacet
 facet normal  0.000000e+00  0.000000e+00  1.000000e+00
   outer loop
     vertex -3.163998e+00  9.376124e-01  2.400000e+01
     vertex -1.352710e+01  3.608004e+00  2.400000e+01
     vertex -3.188530e+00  8.504582e-01  2.400000e+01
   endloop
 endfacet
 facet normal  0.000000e+00  0.000000e+00  1.000000e+00
   outer loop
     vertex  1.002518e+00 -3.144035e+00  2.400000e+01
     vertex  9.158874e-01 -3.170355e+00  2.400000e+01
     vertex  3.885583e+00 -1.344999e+01  2.400000e+01
   endloop
 endfacet
 facet normal  0.000000e+00  0.000000e+00  1.000000e+00
   outer loop
     vertex  1.002518e+00 -3.144035e+00  2.400000e+01
     vertex  3.885583e+00 -1.344999e+01  2.400000e+01
     vertex  4.253108e+00 -1.333833e+01  2.400000e+01
   endloop
 endfacet
 facet normal  0.000000e+00  0.000000e+00  1.000000e+00
   outer loop
     vertex -3.137085e+00  1.024061e+00  2.400000e+01
     vertex -1.330884e+01  4.344500e+00  2.400000e+01
     vertex -1.342302e+01  3.977749e+00  2.400000e+01
   endloop
 endfacet
 facet normal  0.000000e+00  0.000000e+00  1.000000e+00
   outer loop
     vertex -3.137085e+00  1.024061e+00  2.400000e+01
     vertex -1.342302e+01  3.977749e+00  2.400000e+01
     vertex -3.163998e+00  9.376124e-01  2.400000e+01
   endloop
 endfacet
 facet normal  0.000000e+00  0.000000e+00  1.000000e+00
   outer loop
     vertex  1.088395e+00 -3.115349e+00  2.400000e+01
     vertex  1.002518e+00 -3.144035e+00  2.400000e+01
     vertex  4.253108e+00 -1.333833e+01  2.400000e+01
   endloop
 endfacet
 facet normal  0.000000e+00  0.000000e+00  1.000000e+00
   outer loop
     vertex  1.088395e+00 -3.115349e+00  2.400000e+01
     vertex  4.253108e+00 -1.333833e+01  2.400000e+01
     vertex  4.617432e+00 -1.321663e+01  2.400000e+01
   endloop
 endfacet
 facet normal  0.000000e+00  0.000000e+00  1.000000e+00
   outer loop
     vertex -3.107810e+00  1.109738e+00  2.400000e+01
     vertex -1.318465e+01  4.707980e+00  2.400000e+01
     vertex -1.330884e+01  4.344500e+00  2.400000e+01
   endloop
 endfacet
 facet normal  0.000000e+00  0.000000e+00  1.000000e+00
   outer loop
     vertex -3.107810e+00  1.109738e+00  2.400000e+01
     vertex -1.330884e+01  4.344500e+00  2.400000e+01
     vertex -3.137085e+00  1.024061e+00  2.400000e+01
   endloop
 endfacet
 facet normal  0.000000e+00  0.000000e+00  1.000000e+00
   outer loop
     vertex  1.173452e+00 -3.084317e+00  2.400000e+01
     vertex  1.088395e+00 -3.115349e+00  2.400000e+01
     vertex  4.617432e+00 -1.321663e+01  2.400000e+01
   endloop
 endfacet
 facet normal  0.000000e+00  0.000000e+00  1.000000e+00
   outer loop
     vertex  1.173452e+00 -3.084317e+00  2.400000e+01
     vertex  4.617432e+00 -1.321663e+01  2.400000e+01
     vertex  4.978280e+00 -1.308498e+01  2.400000e+01
   endloop
 endfacet
 facet normal  0.000000e+00  0.000000e+00  1.000000e+00
   outer loop
     vertex -3.076195e+00  1.194580e+00  2.400000e+01
     vertex -1.305053e+01  5.067917e+00  2.400000e+01
     vertex -1.318465e+01  4.707980e+00  2.400000e+01
   endloop
 endfacet
 facet normal  0.000000e+00  0.000000e+00  1.000000e+00
   outer loop
     vertex -3.076195e+00  1.194580e+00  2.400000e+01
     vertex -1.318465e+01  4.707980e+00  2.400000e+01
     vertex -3.107810e+00  1.109738e+00  2.400000e+01
   endloop
 endfacet
 facet normal  0.000000e+00  0.000000e+00  1.000000e+00
   outer loop
     vertex  1.257625e+00 -3.050964e+00  2.400000e+01
     vertex  4.978280e+00 -1.308498e+01  2.400000e+01
     vertex  5.335380e+00 -1.294348e+01  2.400000e+01
   endloop
 endfacet
 facet normal  0.000000e+00  0.000000e+00  1.000000e+00
   outer loop
     vertex  1.257625e+00 -3.050964e+00  2.400000e+01
     vertex  1.173452e+00 -3.084317e+00  2.400000e+01
     vertex  4.978280e+00 -1.308498e+01  2.400000e+01
   endloop
 endfacet
 facet normal  0.000000e+00  0.000000e+00  1.000000e+00
   outer loop
     vertex -3.042265e+00  1.278523e+00  2.400000e+01
     vertex -1.290658e+01  5.424038e+00  2.400000e+01
     vertex -1.305053e+01  5.067917e+00  2.400000e+01
   endloop
 endfacet
 facet normal  0.000000e+00  0.000000e+00  1.000000e+00
   outer loop
     vertex -3.042265e+00  1.278523e+00  2.400000e+01
     vertex -1.305053e+01  5.067917e+00  2.400000e+01
     vertex -3.076195e+00  1.194580e+00  2.400000e+01
   endloop
 endfacet
 facet normal  0.000000e+00  0.000000e+00  1.000000e+00
   outer loop
     vertex  1.340852e+00 -3.015313e+00  2.400000e+01
     vertex  1.257625e+00 -3.050964e+00  2.400000e+01
     vertex  5.335380e+00 -1.294348e+01  2.400000e+01
   endloop
 endfacet
 facet normal  0.000000e+00  0.000000e+00  1.000000e+00
   outer loop
     vertex  1.340852e+00 -3.015313e+00  2.400000e+01
     vertex  5.335380e+00 -1.294348e+01  2.400000e+01
     vertex  5.688464e+00 -1.279224e+01  2.400000e+01
   endloop
 endfacet
 facet normal  0.000000e+00  0.000000e+00  1.000000e+00
   outer loop
     vertex -3.006045e+00  1.361504e+00  2.400000e+01
     vertex -1.290658e+01  5.424038e+00  2.400000e+01
     vertex -3.042265e+00  1.278523e+00  2.400000e+01
   endloop
 endfacet
 facet normal  0.000000e+00  0.000000e+00  1.000000e+00
   outer loop
     vertex -3.006045e+00  1.361504e+00  2.400000e+01
     vertex -1.275292e+01  5.776076e+00  2.400000e+01
     vertex -1.290658e+01  5.424038e+00  2.400000e+01
   endloop
 endfacet
 facet normal  0.000000e+00  0.000000e+00  1.000000e+00
   outer loop
     vertex  1.423070e+00 -2.977394e+00  2.400000e+01
     vertex  1.340852e+00 -3.015313e+00  2.400000e+01
     vertex  5.688464e+00 -1.279224e+01  2.400000e+01
   endloop
 endfacet
 facet normal  0.000000e+00  0.000000e+00  1.000000e+00
   outer loop
     vertex  1.423070e+00 -2.977394e+00  2.400000e+01
     vertex  5.688464e+00 -1.279224e+01  2.400000e+01
     vertex  6.037266e+00 -1.263137e+01  2.400000e+01
   endloop
 endfacet
 facet normal  0.000000e+00  0.000000e+00  1.000000e+00
   outer loop
     vertex -2.967562e+00  1.443459e+00  2.400000e+01
     vertex -1.275292e+01  5.776076e+00  2.400000e+01
     vertex -3.006045e+00  1.361504e+00  2.400000e+01
   endloop
 endfacet
 facet normal  0.000000e+00  0.000000e+00  1.000000e+00
   outer loop
     vertex -2.967562e+00  1.443459e+00  2.400000e+01
     vertex -1.258966e+01  6.123766e+00  2.400000e+01
     vertex -1.275292e+01  5.776076e+00  2.400000e+01
   endloop
 endfacet
 facet normal  0.000000e+00  0.000000e+00  1.000000e+00
   outer loop
     vertex  1.504216e+00 -2.937232e+00  2.400000e+01
     vertex  6.037266e+00 -1.263137e+01  2.400000e+01
     vertex  6.381523e+00 -1.246099e+01  2.400000e+01
   endloop
 endfacet
 facet normal  0.000000e+00  0.000000e+00  1.000000e+00
   outer loop
     vertex  1.504216e+00 -2.937232e+00  2.400000e+01
     vertex  1.423070e+00 -2.977394e+00  2.400000e+01
     vertex  6.037266e+00 -1.263137e+01  2.400000e+01
   endloop
 endfacet
 facet normal  0.000000e+00  0.000000e+00  1.000000e+00
   outer loop
     vertex -2.926845e+00  1.524328e+00  2.400000e+01
     vertex -1.258966e+01  6.123766e+00  2.400000e+01
     vertex -2.967562e+00  1.443459e+00  2.400000e+01
   endloop
 endfacet
 facet normal  0.000000e+00  0.000000e+00  1.000000e+00
   outer loop
     vertex -2.926845e+00  1.524328e+00  2.400000e+01
     vertex -1.241692e+01  6.466847e+00  2.400000e+01
     vertex -1.258966e+01  6.123766e+00  2.400000e+01
   endloop
 endfacet
 facet normal  0.000000e+00  0.000000e+00  1.000000e+00
   outer loop
     vertex  1.584230e+00 -2.894860e+00  2.400000e+01
     vertex  6.381523e+00 -1.246099e+01  2.400000e+01
     vertex  6.720976e+00 -1.228122e+01  2.400000e+01
   endloop
 endfacet
 facet normal  0.000000e+00  0.000000e+00  1.000000e+00
   outer loop
     vertex  1.584230e+00 -2.894860e+00  2.400000e+01
     vertex  6.720976e+00 -1.228122e+01  2.400000e+01
     vertex  7.055370e+00 -1.209222e+01  2.400000e+01
   endloop
 endfacet
 facet normal  0.000000e+00  0.000000e+00  1.000000e+00
   outer loop
     vertex  1.584230e+00 -2.894860e+00  2.400000e+01
     vertex  1.504216e+00 -2.937232e+00  2.400000e+01
     vertex  6.381523e+00 -1.246099e+01  2.400000e+01
   endloop
 endfacet
 facet normal  0.000000e+00  0.000000e+00  1.000000e+00
   outer loop
     vertex -2.883925e+00  1.604050e+00  2.400000e+01
     vertex -1.241692e+01  6.466847e+00  2.400000e+01
     vertex -2.926845e+00  1.524328e+00  2.400000e+01
   endloop
 endfacet
 facet normal  0.000000e+00  0.000000e+00  1.000000e+00
   outer loop
     vertex -2.883925e+00  1.604050e+00  2.400000e+01
     vertex -1.223483e+01  6.805059e+00  2.400000e+01
     vertex -1.241692e+01  6.466847e+00  2.400000e+01
   endloop
 endfacet
 facet normal  0.000000e+00  0.000000e+00  1.000000e+00
   outer loop
     vertex  1.663052e+00 -2.850309e+00  2.400000e+01
     vertex  1.584230e+00 -2.894860e+00  2.400000e+01
     vertex  7.055370e+00 -1.209222e+01  2.400000e+01
   endloop
 endfacet
 facet normal  0.000000e+00  0.000000e+00  1.000000e+00
   outer loop
     vertex -2.838834e+00  1.682564e+00  2.400000e+01
     vertex -1.223483e+01  6.805059e+00  2.400000e+01
     vertex -2.883925e+00  1.604050e+00  2.400000e+01
   endloop
 endfacet
 facet normal  0.000000e+00  0.000000e+00  1.000000e+00
   outer loop
     vertex -2.838834e+00  1.682564e+00  2.400000e+01
     vertex -1.204354e+01  7.138149e+00  2.400000e+01
     vertex -1.223483e+01  6.805059e+00  2.400000e+01
   endloop
 endfacet
 facet normal  0.000000e+00  0.000000e+00  1.000000e+00
   outer loop
     vertex  1.740621e+00 -2.803612e+00  2.400000e+01
     vertex  1.663052e+00 -2.850309e+00  2.400000e+01
     vertex  7.055370e+00 -1.209222e+01  2.400000e+01
   endloop
 endfacet
 facet normal  0.000000e+00  0.000000e+00  1.000000e+00
   outer loop
     vertex  1.740621e+00 -2.803612e+00  2.400000e+01
     vertex  7.055370e+00 -1.209222e+01  2.400000e+01
     vertex  7.384453e+00 -1.189411e+01  2.400000e+01
   endloop
 endfacet
 facet normal  0.000000e+00  0.000000e+00  1.000000e+00
   outer loop
     vertex -2.791606e+00  1.759811e+00  2.400000e+01
     vertex -1.204354e+01  7.138149e+00  2.400000e+01
     vertex -2.838834e+00  1.682564e+00  2.400000e+01
   endloop
 endfacet
 facet normal  0.000000e+00  0.000000e+00  1.000000e+00
   outer loop
     vertex -2.791606e+00  1.759811e+00  2.400000e+01
     vertex -1.184318e+01  7.465865e+00  2.400000e+01
     vertex -1.204354e+01  7.138149e+00  2.400000e+01
   endloop
 endfacet
 facet normal  0.000000e+00  0.000000e+00  1.000000e+00
   outer loop
     vertex  1.816880e+00 -2.754804e+00  2.400000e+01
     vertex  1.740621e+00 -2.803612e+00  2.400000e+01
     vertex  7.384453e+00 -1.189411e+01  2.400000e+01
   endloop
 endfacet
 facet normal  0.000000e+00  0.000000e+00  1.000000e+00
   outer loop
     vertex  1.816880e+00 -2.754804e+00  2.400000e+01
     vertex  7.384453e+00 -1.189411e+01  2.400000e+01
     vertex  7.707977e+00 -1.168705e+01  2.400000e+01
   endloop
 endfacet
 facet normal  0.000000e+00  0.000000e+00  1.000000e+00
   outer loop
     vertex -2.742277e+00  1.835734e+00  2.400000e+01
     vertex -1.184318e+01  7.465865e+00  2.400000e+01
     vertex -2.791606e+00  1.759811e+00  2.400000e+01
   endloop
 endfacet
 facet normal  0.000000e+00  0.000000e+00  1.000000e+00
   outer loop
     vertex -2.742277e+00  1.835734e+00  2.400000e+01
     vertex -1.163390e+01  7.787961e+00  2.400000e+01
     vertex -1.184318e+01  7.465865e+00  2.400000e+01
   endloop
 endfacet
 facet normal  0.000000e+00  0.000000e+00  1.000000e+00
   outer loop
     vertex  1.891772e+00 -2.703923e+00  2.400000e+01
     vertex  1.816880e+00 -2.754804e+00  2.400000e+01
     vertex  7.707977e+00 -1.168705e+01  2.400000e+01
   endloop
 endfacet
 facet normal  0.000000e+00  0.000000e+00  1.000000e+00
   outer loop
     vertex  1.891772e+00 -2.703923e+00  2.400000e+01
     vertex  7.707977e+00 -1.168705e+01  2.400000e+01
     vertex  8.025699e+00 -1.147119e+01  2.400000e+01
   endloop
 endfacet
 facet normal  0.000000e+00  0.000000e+00  1.000000e+00
   outer loop
     vertex -2.690883e+00  1.910275e+00  2.400000e+01
     vertex -1.163390e+01  7.787961e+00  2.400000e+01
     vertex -2.742277e+00  1.835734e+00  2.400000e+01
   endloop
 endfacet
 facet normal  0.000000e+00  0.000000e+00  1.000000e+00
   outer loop
     vertex -2.690883e+00  1.910275e+00  2.400000e+01
     vertex -1.141587e+01  8.104195e+00  2.400000e+01
     vertex -1.163390e+01  7.787961e+00  2.400000e+01
   endloop
 endfacet
 facet normal  0.000000e+00  0.000000e+00  1.000000e+00
   outer loop
     vertex  1.965239e+00 -2.651006e+00  2.400000e+01
     vertex  1.891772e+00 -2.703923e+00  2.400000e+01
     vertex  8.025699e+00 -1.147119e+01  2.400000e+01
   endloop
 endfacet
 facet normal  0.000000e+00  0.000000e+00  1.000000e+00
   outer loop
     vertex  1.965239e+00 -2.651006e+00  2.400000e+01
     vertex  8.025699e+00 -1.147119e+01  2.400000e+01
     vertex  8.337380e+00 -1.124669e+01  2.400000e+01
   endloop
 endfacet
 facet normal  0.000000e+00  0.000000e+00  1.000000e+00
   outer loop
     vertex -2.637464e+00  1.983377e+00  2.400000e+01
     vertex -1.141587e+01  8.104195e+00  2.400000e+01
     vertex -2.690883e+00  1.910275e+00  2.400000e+01
   endloop
 endfacet
 facet normal  0.000000e+00  0.000000e+00  1.000000e+00
   outer loop
     vertex -2.637464e+00  1.983377e+00  2.400000e+01
     vertex -1.095419e+01  8.718127e+00  2.400000e+01
     vertex -1.118924e+01  8.414328e+00  2.400000e+01
   endloop
 endfacet
 facet normal  0.000000e+00  0.000000e+00  1.000000e+00
   outer loop
     vertex -2.637464e+00  1.983377e+00  2.400000e+01
     vertex -1.118924e+01  8.414328e+00  2.400000e+01
     vertex -1.141587e+01  8.104195e+00  2.400000e+01
   endloop
 endfacet
 facet normal  0.000000e+00  0.000000e+00  1.000000e+00
   outer loop
     vertex  2.037228e+00 -2.596094e+00  2.400000e+01
     vertex  1.965239e+00 -2.651006e+00  2.400000e+01
     vertex  8.337380e+00 -1.124669e+01  2.400000e+01
   endloop
 endfacet
 facet normal  0.000000e+00  0.000000e+00  1.000000e+00
   outer loop
     vertex  2.037228e+00 -2.596094e+00  2.400000e+01
     vertex  8.337380e+00 -1.124669e+01  2.400000e+01
     vertex  8.642784e+00 -1.101373e+01  2.400000e+01
   endloop
 endfacet
 facet normal  0.000000e+00  0.000000e+00  1.000000e+00
   outer loop
     vertex -2.582059e+00  2.054987e+00  2.400000e+01
     vertex -1.095419e+01  8.718127e+00  2.400000e+01
     vertex -2.637464e+00  1.983377e+00  2.400000e+01
   endloop
 endfacet
 facet normal  0.000000e+00  0.000000e+00  1.000000e+00
   outer loop
     vertex  2.107682e+00 -2.539227e+00  2.400000e+01
     vertex  2.037228e+00 -2.596094e+00  2.400000e+01
     vertex  8.642784e+00 -1.101373e+01  2.400000e+01
   endloop
 endfacet
 facet normal  0.000000e+00  0.000000e+00  1.000000e+00
   outer loop
     vertex  2.107682e+00 -2.539227e+00  2.400000e+01
     vertex  8.642784e+00 -1.101373e+01  2.400000e+01
     vertex  8.941682e+00 -1.077248e+01  2.400000e+01
   endloop
 endfacet
 facet normal  0.000000e+00  0.000000e+00  1.000000e+00
   outer loop
     vertex -2.524710e+00  2.125050e+00  2.400000e+01
     vertex -1.095419e+01  8.718127e+00  2.400000e+01
     vertex -2.582059e+00  2.054987e+00  2.400000e+01
   endloop
 endfacet
 facet normal  0.000000e+00  0.000000e+00  1.000000e+00
   outer loop
     vertex -2.524710e+00  2.125050e+00  2.400000e+01
     vertex -1.071089e+01  9.015364e+00  2.400000e+01
     vertex -1.095419e+01  8.718127e+00  2.400000e+01
   endloop
 endfacet
 facet normal  0.000000e+00  0.000000e+00  1.000000e+00
   outer loop
     vertex  2.176550e+00 -2.480449e+00  2.400000e+01
     vertex  2.107682e+00 -2.539227e+00  2.400000e+01
     vertex  8.941682e+00 -1.077248e+01  2.400000e+01
   endloop
 endfacet
 facet normal  0.000000e+00  0.000000e+00  1.000000e+00
   outer loop
     vertex  2.176550e+00 -2.480449e+00  2.400000e+01
     vertex  8.941682e+00 -1.077248e+01  2.400000e+01
     vertex  9.233849e+00 -1.052312e+01  2.400000e+01
   endloop
 endfacet
 facet normal  0.000000e+00  0.000000e+00  1.000000e+00
   outer loop
     vertex -2.465461e+00  2.193513e+00  2.400000e+01
     vertex -1.045953e+01  9.305814e+00  2.400000e+01
     vertex -1.071089e+01  9.015364e+00  2.400000e+01
   endloop
 endfacet
 facet normal  0.000000e+00  0.000000e+00  1.000000e+00
   outer loop
     vertex -2.465461e+00  2.193513e+00  2.400000e+01
     vertex -1.071089e+01  9.015364e+00  2.400000e+01
     vertex -2.524710e+00  2.125050e+00  2.400000e+01
   endloop
 endfacet
 facet normal  0.000000e+00  0.000000e+00  1.000000e+00
   outer loop
     vertex  2.243780e+00 -2.419804e+00  2.400000e+01
     vertex  2.176550e+00 -2.480449e+00  2.400000e+01
     vertex  9.233849e+00 -1.052312e+01  2.400000e+01
   endloop
 endfacet
 facet normal  0.000000e+00  0.000000e+00  1.000000e+00
   outer loop
     vertex  2.243780e+00 -2.419804e+00  2.400000e+01
     vertex  9.233849e+00 -1.052312e+01  2.400000e+01
     vertex  9.519066e+00 -1.026584e+01  2.400000e+01
   endloop
 endfacet
 facet normal  0.000000e+00  0.000000e+00  1.000000e+00
   outer loop
     vertex -2.404356e+00  2.260325e+00  2.400000e+01
     vertex -1.045953e+01  9.305814e+00  2.400000e+01
     vertex -2.465461e+00  2.193513e+00  2.400000e+01
   endloop
 endfacet
 facet normal  0.000000e+00  0.000000e+00  1.000000e+00
   outer loop
     vertex -2.404356e+00  2.260325e+00  2.400000e+01
     vertex -1.020030e+01  9.589258e+00  2.400000e+01
     vertex -1.045953e+01  9.305814e+00  2.400000e+01
   endloop
 endfacet
 facet normal  0.000000e+00  0.000000e+00  1.000000e+00
   outer loop
     vertex  2.309320e+00 -2.357337e+00  2.400000e+01
     vertex  2.243780e+00 -2.419804e+00  2.400000e+01
     vertex  9.519066e+00 -1.026584e+01  2.400000e+01
   endloop
 endfacet
 facet normal  0.000000e+00  0.000000e+00  1.000000e+00
   outer loop
     vertex  2.309320e+00 -2.357337e+00  2.400000e+01
     vertex  9.519066e+00 -1.026584e+01  2.400000e+01
     vertex  9.797116e+00 -1.000083e+01  2.400000e+01
   endloop
 endfacet
 facet normal  0.000000e+00  0.000000e+00  1.000000e+00
   outer loop
     vertex -2.341442e+00  2.325436e+00  2.400000e+01
     vertex -1.020030e+01  9.589258e+00  2.400000e+01
     vertex -2.404356e+00  2.260325e+00  2.400000e+01
   endloop
 endfacet
 facet normal  0.000000e+00  0.000000e+00  1.000000e+00
   outer loop
     vertex -2.341442e+00  2.325436e+00  2.400000e+01
     vertex -9.933389e+00  9.865485e+00  2.400000e+01
     vertex -1.020030e+01  9.589258e+00  2.400000e+01
   endloop
 endfacet
 facet normal  0.000000e+00  0.000000e+00  1.000000e+00
   outer loop
     vertex  2.373122e+00 -2.293096e+00  2.400000e+01
     vertex  2.309320e+00 -2.357337e+00  2.400000e+01
     vertex  9.797116e+00 -1.000083e+01  2.400000e+01
   endloop
 endfacet
 facet normal  0.000000e+00  0.000000e+00  1.000000e+00
   outer loop
     vertex  1.006779e+01 -9.728287e+00  2.400000e+01
     vertex  2.373122e+00 -2.293096e+00  2.400000e+01
     vertex  9.797116e+00 -1.000083e+01  2.400000e+01
   endloop
 endfacet
 facet normal  0.000000e+00  0.000000e+00  1.000000e+00
   outer loop
     vertex -9.659000e+00  1.013428e+01  2.400000e+01
     vertex -9.933389e+00  9.865485e+00  2.400000e+01
     vertex -2.341442e+00  2.325436e+00  2.400000e+01
   endloop
 endfacet
 facet normal  0.000000e+00  0.000000e+00  1.000000e+00
   outer loop
     vertex -9.659000e+00  1.013428e+01  2.400000e+01
     vertex -2.341442e+00  2.325436e+00  2.400000e+01
     vertex -2.276764e+00  2.388796e+00  2.400000e+01
   endloop
 endfacet
 facet normal  0.000000e+00  0.000000e+00  1.000000e+00
   outer loop
     vertex  1.033089e+01 -9.448425e+00  2.400000e+01
     vertex  2.373122e+00 -2.293096e+00  2.400000e+01
     vertex  1.006779e+01 -9.728287e+00  2.400000e+01
   endloop
 endfacet
 facet normal  0.000000e+00  0.000000e+00  1.000000e+00
   outer loop
     vertex  1.033089e+01 -9.448425e+00  2.400000e+01
     vertex  2.435138e+00 -2.227129e+00  2.400000e+01
     vertex  2.373122e+00 -2.293096e+00  2.400000e+01
   endloop
 endfacet
 facet normal  0.000000e+00  0.000000e+00  1.000000e+00
   outer loop
     vertex  1.033089e+01 -9.448425e+00  2.400000e+01
     vertex  2.495321e+00 -2.159485e+00  2.400000e+01
     vertex  2.435138e+00 -2.227129e+00  2.400000e+01
   endloop
 endfacet
 facet normal  0.000000e+00  0.000000e+00  1.000000e+00
   outer loop
     vertex -9.377340e+00  1.039546e+01  2.400000e+01
     vertex -2.276764e+00  2.388796e+00  2.400000e+01
     vertex -2.210373e+00  2.450357e+00  2.400000e+01
   endloop
 endfacet
 facet normal  0.000000e+00  0.000000e+00  1.000000e+00
   outer loop
     vertex -9.377340e+00  1.039546e+01  2.400000e+01
     vertex -9.659000e+00  1.013428e+01  2.400000e+01
     vertex -2.276764e+00  2.388796e+00  2.400000e+01
   endloop
 endfacet
 facet normal  0.000000e+00  0.000000e+00  1.000000e+00
   outer loop
     vertex  1.058621e+01 -9.161451e+00  2.400000e+01
     vertex  2.495321e+00 -2.159485e+00  2.400000e+01
     vertex  1.033089e+01 -9.448425e+00  2.400000e+01
   endloop
 endfacet
 facet normal  0.000000e+00  0.000000e+00  1.000000e+00
   outer loop
     vertex -9.088621e+00  1.064880e+01  2.400000e+01
     vertex -2.210373e+00  2.450357e+00  2.400000e+01
     vertex -2.142318e+00  2.510075e+00  2.400000e+01
   endloop
 endfacet
 facet normal  0.000000e+00  0.000000e+00  1.000000e+00
   outer loop
     vertex -9.088621e+00  1.064880e+01  2.400000e+01
     vertex -9.377340e+00  1.039546e+01  2.400000e+01
     vertex -2.210373e+00  2.450357e+00  2.400000e+01
   endloop
 endfacet
 facet normal  0.000000e+00  0.000000e+00  1.000000e+00
   outer loop
     vertex  1.083356e+01 -8.867580e+00  2.400000e+01
     vertex  2.553625e+00 -2.090215e+00  2.400000e+01
     vertex  2.495321e+00 -2.159485e+00  2.400000e+01
   endloop
 endfacet
 facet normal  0.000000e+00  0.000000e+00  1.000000e+00
   outer loop
     vertex  1.083356e+01 -8.867580e+00  2.400000e+01
     vertex  2.495321e+00 -2.159485e+00  2.400000e+01
     vertex  1.058621e+01 -9.161451e+00  2.400000e+01
   endloop
 endfacet
 facet normal  0.000000e+00  0.000000e+00  1.000000e+00
   outer loop
     vertex -8.793060e+00  1.089413e+01  2.400000e+01
     vertex -9.088621e+00  1.064880e+01  2.400000e+01
     vertex -2.142318e+00  2.510075e+00  2.400000e+01
   endloop
 endfacet
 facet normal  0.000000e+00  0.000000e+00  1.000000e+00
   outer loop
     vertex -8.793060e+00  1.089413e+01  2.400000e+01
     vertex -2.072650e+00  2.567902e+00  2.400000e+01
     vertex -2.001422e+00  2.623797e+00  2.400000e+01
   endloop
 endfacet
 facet normal  0.000000e+00  0.000000e+00  1.000000e+00
   outer loop
     vertex -8.793060e+00  1.089413e+01  2.400000e+01
     vertex -2.142318e+00  2.510075e+00  2.400000e+01
     vertex -2.072650e+00  2.567902e+00  2.400000e+01
   endloop
 endfacet
 facet normal  0.000000e+00  0.000000e+00  1.000000e+00
   outer loop
     vertex  1.107276e+01 -8.567034e+00  2.400000e+01
     vertex  2.610007e+00 -2.019372e+00  2.400000e+01
     vertex  2.553625e+00 -2.090215e+00  2.400000e+01
   endloop
 endfacet
 facet normal  0.000000e+00  0.000000e+00  1.000000e+00
   outer loop
     vertex  1.107276e+01 -8.567034e+00  2.400000e+01
     vertex  2.553625e+00 -2.090215e+00  2.400000e+01
     vertex  1.083356e+01 -8.867580e+00  2.400000e+01
   endloop
 endfacet
 facet normal  0.000000e+00  0.000000e+00  1.000000e+00
   outer loop
     vertex -8.490881e+00  1.113126e+01  2.400000e+01
     vertex -2.001422e+00  2.623797e+00  2.400000e+01
     vertex -1.928687e+00  2.677716e+00  2.400000e+01
   endloop
 endfacet
 facet normal  0.000000e+00  0.000000e+00  1.000000e+00
   outer loop
     vertex -8.490881e+00  1.113126e+01  2.400000e+01
     vertex -8.793060e+00  1.089413e+01  2.400000e+01
     vertex -2.001422e+00  2.623797e+00  2.400000e+01
   endloop
 endfacet
 facet normal  0.000000e+00  0.000000e+00  1.000000e+00
   outer loop
     vertex  1.130362e+01 -8.260039e+00  2.400000e+01
     vertex  2.664424e+00 -1.947009e+00  2.400000e+01
     vertex  2.610007e+00 -2.019372e+00  2.400000e+01
   endloop
 endfacet
 facet normal  0.000000e+00  0.000000e+00  1.000000e+00
   outer loop
     vertex  1.130362e+01 -8.260039e+00  2.400000e+01
     vertex  2.610007e+00 -2.019372e+00  2.400000e+01
     vertex  1.107276e+01 -8.567034e+00  2.400000e+01
   endloop
 endfacet
 facet normal  0.000000e+00  0.000000e+00  1.000000e+00
   outer loop
     vertex -8.182309e+00  1.136001e+01  2.400000e+01
     vertex -8.490881e+00  1.113126e+01  2.400000e+01
     vertex -1.928687e+00  2.677716e+00  2.400000e+01
   endloop
 endfacet
 facet normal  0.000000e+00  0.000000e+00  1.000000e+00
   outer loop
     vertex  1.152597e+01 -7.946826e+00  2.400000e+01
     vertex  2.664424e+00 -1.947009e+00  2.400000e+01
     vertex  1.130362e+01 -8.260039e+00  2.400000e+01
   endloop
 endfacet
 facet normal  0.000000e+00  0.000000e+00  1.000000e+00
   outer loop
     vertex  1.152597e+01 -7.946826e+00  2.400000e+01
     vertex  2.716836e+00 -1.873180e+00  2.400000e+01
     vertex  2.664424e+00 -1.947009e+00  2.400000e+01
   endloop
 endfacet
 facet normal  0.000000e+00  0.000000e+00  1.000000e+00
   outer loop
     vertex -7.867579e+00  1.158021e+01  2.400000e+01
     vertex -1.928687e+00  2.677716e+00  2.400000e+01
     vertex -1.854501e+00  2.729620e+00  2.400000e+01
   endloop
 endfacet
 facet normal  0.000000e+00  0.000000e+00  1.000000e+00
   outer loop
     vertex -7.867579e+00  1.158021e+01  2.400000e+01
     vertex -8.182309e+00  1.136001e+01  2.400000e+01
     vertex -1.928687e+00  2.677716e+00  2.400000e+01
   endloop
 endfacet
 facet normal  0.000000e+00  0.000000e+00  1.000000e+00
   outer loop
     vertex  1.173964e+01 -7.627631e+00  2.400000e+01
     vertex  2.716836e+00 -1.873180e+00  2.400000e+01
     vertex  1.152597e+01 -7.946826e+00  2.400000e+01
   endloop
 endfacet
 facet normal  0.000000e+00  0.000000e+00  1.000000e+00
   outer loop
     vertex  1.173964e+01 -7.627631e+00  2.400000e+01
     vertex  2.767202e+00 -1.797942e+00  2.400000e+01
     vertex  2.716836e+00 -1.873180e+00  2.400000e+01
   endloop
 endfacet
 facet normal  0.000000e+00  0.000000e+00  1.000000e+00
   outer loop
     vertex -7.546926e+00  1.179169e+01  2.400000e+01
     vertex -1.778918e+00  2.779469e+00  2.400000e+01
     vertex -1.701997e+00  2.827226e+00  2.400000e+01
   endloop
 endfacet
 facet normal  0.000000e+00  0.000000e+00  1.000000e+00
   outer loop
     vertex -7.546926e+00  1.179169e+01  2.400000e+01
     vertex -1.854501e+00  2.729620e+00  2.400000e+01
     vertex -1.778918e+00  2.779469e+00  2.400000e+01
   endloop
 endfacet
 facet normal  0.000000e+00  0.000000e+00  1.000000e+00
   outer loop
     vertex -7.546926e+00  1.179169e+01  2.400000e+01
     vertex -7.867579e+00  1.158021e+01  2.400000e+01
     vertex -1.854501e+00  2.729620e+00  2.400000e+01
   endloop
 endfacet
 facet normal  0.000000e+00  0.000000e+00  1.000000e+00
   outer loop
     vertex  1.194448e+01 -7.302694e+00  2.400000e+01
     vertex  2.815485e+00 -1.721349e+00  2.400000e+01
     vertex  2.767202e+00 -1.797942e+00  2.400000e+01
   endloop
 endfacet
 facet normal  0.000000e+00  0.000000e+00  1.000000e+00
   outer loop
     vertex  1.194448e+01 -7.302694e+00  2.400000e+01
     vertex  2.767202e+00 -1.797942e+00  2.400000e+01
     vertex  1.173964e+01 -7.627631e+00  2.400000e+01
   endloop
 endfacet
 facet normal  0.000000e+00  0.000000e+00  1.000000e+00
   outer loop
     vertex -7.220591e+00  1.199429e+01  2.400000e+01
     vertex -1.701997e+00  2.827226e+00  2.400000e+01
     vertex -1.623794e+00  2.872855e+00  2.400000e+01
   endloop
 endfacet
 facet normal  0.000000e+00  0.000000e+00  1.000000e+00
   outer loop
     vertex -7.220591e+00  1.199429e+01  2.400000e+01
     vertex -7.546926e+00  1.179169e+01  2.400000e+01
     vertex -1.701997e+00  2.827226e+00  2.400000e+01
   endloop
 endfacet
 facet normal  0.000000e+00  0.000000e+00  1.000000e+00
   outer loop
     vertex  1.214033e+01 -6.972260e+00  2.400000e+01
     vertex  2.815485e+00 -1.721349e+00  2.400000e+01
     vertex  1.194448e+01 -7.302694e+00  2.400000e+01
   endloop
 endfacet
 facet normal  0.000000e+00  0.000000e+00  1.000000e+00
   outer loop
     vertex  1.214033e+01 -6.972260e+00  2.400000e+01
     vertex  2.861649e+00 -1.643461e+00  2.400000e+01
     vertex  2.815485e+00 -1.721349e+00  2.400000e+01
   endloop
 endfacet
 facet normal  0.000000e+00  0.000000e+00  1.000000e+00
   outer loop
     vertex -6.888821e+00  1.218787e+01  2.400000e+01
     vertex -7.220591e+00  1.199429e+01  2.400000e+01
     vertex -1.623794e+00  2.872855e+00  2.400000e+01
   endloop
 endfacet
 facet normal  0.000000e+00  0.000000e+00  1.000000e+00
   outer loop
     vertex  1.232704e+01 -6.636577e+00  2.400000e+01
     vertex  2.905659e+00 -1.564336e+00  2.400000e+01
     vertex  2.861649e+00 -1.643461e+00  2.400000e+01
   endloop
 endfacet
 facet normal  0.000000e+00  0.000000e+00  1.000000e+00
   outer loop
     vertex  1.232704e+01 -6.636577e+00  2.400000e+01
     vertex  2.861649e+00 -1.643461e+00  2.400000e+01
     vertex  1.214033e+01 -6.972260e+00  2.400000e+01
   endloop
 endfacet
 facet normal  0.000000e+00  0.000000e+00  1.000000e+00
   outer loop
     vertex -6.551866e+00  1.237227e+01  2.400000e+01
     vertex -1.544368e+00  2.916321e+00  2.400000e+01
     vertex -1.463781e+00  2.957591e+00  2.400000e+01
   endloop
 endfacet
 facet normal  0.000000e+00  0.000000e+00  1.000000e+00
   outer loop
     vertex -6.551866e+00  1.237227e+01  2.400000e+01
     vertex -1.623794e+00  2.872855e+00  2.400000e+01
     vertex -1.544368e+00  2.916321e+00  2.400000e+01
   endloop
 endfacet
 facet normal  0.000000e+00  0.000000e+00  1.000000e+00
   outer loop
     vertex -6.551866e+00  1.237227e+01  2.400000e+01
     vertex -6.888821e+00  1.218787e+01  2.400000e+01
     vertex -1.623794e+00  2.872855e+00  2.400000e+01
   endloop
 endfacet
 facet normal  0.000000e+00  0.000000e+00  1.000000e+00
   outer loop
     vertex  1.250447e+01 -6.295899e+00  2.400000e+01
     vertex  2.947481e+00 -1.484033e+00  2.400000e+01
     vertex  2.905659e+00 -1.564336e+00  2.400000e+01
   endloop
 endfacet
 facet normal  0.000000e+00  0.000000e+00  1.000000e+00
   outer loop
     vertex  1.250447e+01 -6.295899e+00  2.400000e+01
     vertex  2.905659e+00 -1.564336e+00  2.400000e+01
     vertex  1.232704e+01 -6.636577e+00  2.400000e+01
   endloop
 endfacet
 facet normal  0.000000e+00  0.000000e+00  1.000000e+00
   outer loop
     vertex -6.209979e+00  1.254736e+01  2.400000e+01
     vertex -1.463781e+00  2.957591e+00  2.400000e+01
     vertex -1.382091e+00  2.996636e+00  2.400000e+01
   endloop
 endfacet
 facet normal  0.000000e+00  0.000000e+00  1.000000e+00
   outer loop
     vertex -6.209979e+00  1.254736e+01  2.400000e+01
     vertex -6.551866e+00  1.237227e+01  2.400000e+01
     vertex -1.463781e+00  2.957591e+00  2.400000e+01
   endloop
 endfacet
 facet normal  0.000000e+00  0.000000e+00  1.000000e+00
   outer loop
     vertex  1.267248e+01 -5.950481e+00  2.400000e+01
     vertex  2.947481e+00 -1.484033e+00  2.400000e+01
     vertex  1.250447e+01 -6.295899e+00  2.400000e+01
   endloop
 endfacet
 facet normal  0.000000e+00  0.000000e+00  1.000000e+00
   outer loop
     vertex  1.267248e+01 -5.950481e+00  2.400000e+01
     vertex  2.987085e+00 -1.402613e+00  2.400000e+01
     vertex  2.947481e+00 -1.484033e+00  2.400000e+01
   endloop
 endfacet
 facet normal  0.000000e+00  0.000000e+00  1.000000e+00
   outer loop
     vertex  1.267248e+01 -5.950481e+00  2.400000e+01
     vertex  3.024440e+00 -1.320138e+00  2.400000e+01
     vertex  2.987085e+00 -1.402613e+00  2.400000e+01
   endloop
 endfacet
 facet normal  0.000000e+00  0.000000e+00  1.000000e+00
   outer loop
     vertex -5.863416e+00  1.271300e+01  2.400000e+01
     vertex -6.209979e+00  1.254736e+01  2.400000e+01
     vertex -1.382091e+00  2.996636e+00  2.400000e+01
   endloop
 endfacet
 facet normal  0.000000e+00  0.000000e+00  1.000000e+00
   outer loop
     vertex  1.283096e+01 -5.600584e+00  2.400000e+01
     vertex  3.024440e+00 -1.320138e+00  2.400000e+01
     vertex  1.267248e+01 -5.950481e+00  2.400000e+01
   endloop
 endfacet
 facet normal  0.000000e+00  0.000000e+00  1.000000e+00
   outer loop
     vertex -5.512441e+00  1.286907e+01  2.400000e+01
     vertex -5.863416e+00  1.271300e+01  2.400000e+01
     vertex -1.382091e+00  2.996636e+00  2.400000e+01
   endloop
 endfacet
 facet normal  0.000000e+00  0.000000e+00  1.000000e+00
   outer loop
     vertex -5.512441e+00  1.286907e+01  2.400000e+01
     vertex -1.382091e+00  2.996636e+00  2.400000e+01
     vertex -1.299361e+00  3.033424e+00  2.400000e+01
   endloop
 endfacet
 facet normal  0.000000e+00  0.000000e+00  1.000000e+00
   outer loop
     vertex  1.297977e+01 -5.246471e+00  2.400000e+01
     vertex  3.024440e+00 -1.320138e+00  2.400000e+01
     vertex  1.283096e+01 -5.600584e+00  2.400000e+01
   endloop
 endfacet
 facet normal  0.000000e+00  0.000000e+00  1.000000e+00
   outer loop
     vertex  1.297977e+01 -5.246471e+00  2.400000e+01
     vertex  3.059518e+00 -1.236668e+00  2.400000e+01
     vertex  3.024440e+00 -1.320138e+00  2.400000e+01
   endloop
 endfacet
 facet normal  0.000000e+00  0.000000e+00  1.000000e+00
   outer loop
     vertex -5.157315e+00  1.301546e+01  2.400000e+01
     vertex -5.512441e+00  1.286907e+01  2.400000e+01
     vertex -1.299361e+00  3.033424e+00  2.400000e+01
   endloop
 endfacet
 facet normal  0.000000e+00  0.000000e+00  1.000000e+00
   outer loop
     vertex -5.157315e+00  1.301546e+01  2.400000e+01
     vertex -1.299361e+00  3.033424e+00  2.400000e+01
     vertex -1.215653e+00  3.067929e+00  2.400000e+01
   endloop
 endfacet
 facet normal  0.000000e+00  0.000000e+00  1.000000e+00
   outer loop
     vertex  1.311882e+01 -4.888408e+00  2.400000e+01
     vertex  3.059518e+00 -1.236668e+00  2.400000e+01
     vertex  1.297977e+01 -5.246471e+00  2.400000e+01
   endloop
 endfacet
 facet normal  0.000000e+00  0.000000e+00  1.000000e+00
   outer loop
     vertex  1.311882e+01 -4.888408e+00  2.400000e+01
     vertex  3.092294e+00 -1.152268e+00  2.400000e+01
     vertex  3.059518e+00 -1.236668e+00  2.400000e+01
   endloop
 endfacet
 facet normal  0.000000e+00  0.000000e+00  1.000000e+00
   outer loop
     vertex -4.798307e+00  1.315204e+01  2.400000e+01
     vertex -1.215653e+00  3.067929e+00  2.400000e+01
     vertex -1.131030e+00  3.100125e+00  2.400000e+01
   endloop
 endfacet
 facet normal  0.000000e+00  0.000000e+00  1.000000e+00
   outer loop
     vertex -4.798307e+00  1.315204e+01  2.400000e+01
     vertex -5.157315e+00  1.301546e+01  2.400000e+01
     vertex -1.215653e+00  3.067929e+00  2.400000e+01
   endloop
 endfacet
 facet normal  0.000000e+00  0.000000e+00  1.000000e+00
   outer loop
     vertex  1.324799e+01 -4.526666e+00  2.400000e+01
     vertex  3.122741e+00 -1.067000e+00  2.400000e+01
     vertex  3.092294e+00 -1.152268e+00  2.400000e+01
   endloop
 endfacet
 facet normal  0.000000e+00  0.000000e+00  1.000000e+00
   outer loop
     vertex  1.324799e+01 -4.526666e+00  2.400000e+01
     vertex  3.092294e+00 -1.152268e+00  2.400000e+01
     vertex  1.311882e+01 -4.888408e+00  2.400000e+01
   endloop
 endfacet
 facet normal  0.000000e+00  0.000000e+00  1.000000e+00
   outer loop
     vertex -4.435687e+00  1.327873e+01  2.400000e+01
     vertex -4.798307e+00  1.315204e+01  2.400000e+01
     vertex -1.131030e+00  3.100125e+00  2.400000e+01
   endloop
 endfacet
 facet normal  0.000000e+00  0.000000e+00  1.000000e+00
   outer loop
     vertex -4.435687e+00  1.327873e+01  2.400000e+01
     vertex -1.131030e+00  3.100125e+00  2.400000e+01
     vertex -1.045555e+00  3.129986e+00  2.400000e+01
   endloop
 endfacet
 facet normal  0.000000e+00  0.000000e+00  1.000000e+00
   outer loop
     vertex  1.336719e+01 -4.161516e+00  2.400000e+01
     vertex  3.150838e+00 -9.809289e-01  2.400000e+01
     vertex  3.122741e+00 -1.067000e+00  2.400000e+01
   endloop
 endfacet
 facet normal  0.000000e+00  0.000000e+00  1.000000e+00
   outer loop
     vertex  1.336719e+01 -4.161516e+00  2.400000e+01
     vertex  3.176563e+00 -8.941194e-01  2.400000e+01
     vertex  3.150838e+00 -9.809289e-01  2.400000e+01
   endloop
 endfacet
 facet normal  0.000000e+00  0.000000e+00  1.000000e+00
   outer loop
     vertex  1.336719e+01 -4.161516e+00  2.400000e+01
     vertex  3.122741e+00 -1.067000e+00  2.400000e+01
     vertex  1.324799e+01 -4.526666e+00  2.400000e+01
   endloop
 endfacet
 facet normal  0.000000e+00  0.000000e+00  1.000000e+00
   outer loop
     vertex -4.069729e+00  1.339542e+01  2.400000e+01
     vertex -4.435687e+00  1.327873e+01  2.400000e+01
     vertex -1.045555e+00  3.129986e+00  2.400000e+01
   endloop
 endfacet
 facet normal  0.000000e+00  0.000000e+00  1.000000e+00
   outer loop
     vertex -4.069729e+00  1.339542e+01  2.400000e+01
     vertex -1.045555e+00  3.129986e+00  2.400000e+01
     vertex -9.592932e-01  3.157492e+00  2.400000e+01
   endloop
 endfacet
 facet normal  0.000000e+00  0.000000e+00  1.000000e+00
   outer loop
     vertex  1.347633e+01 -3.793234e+00  2.400000e+01
     vertex  3.176563e+00 -8.941194e-01  2.400000e+01
     vertex  1.336719e+01 -4.161516e+00  2.400000e+01
   endloop
 endfacet
 facet normal  0.000000e+00  0.000000e+00  1.000000e+00
   outer loop
     vertex -3.700706e+00  1.350203e+01  2.400000e+01
     vertex -4.069729e+00  1.339542e+01  2.400000e+01
     vertex -9.592932e-01  3.157492e+00  2.400000e+01
   endloop
 endfacet
 facet normal  0.000000e+00  0.000000e+00  1.000000e+00
   outer loop
     vertex -3.700706e+00  1.350203e+01  2.400000e+01
     vertex -8.723093e-01  3.182621e+00  2.400000e+01
     vertex -7.846688e-01  3.205354e+00  2.400000e+01
   endloop
 endfacet
 facet normal  0.000000e+00  0.000000e+00  1.000000e+00
   outer loop
     vertex -3.700706e+00  1.350203e+01  2.400000e+01
     vertex -9.592932e-01  3.157492e+00  2.400000e+01
     vertex -8.723093e-01  3.182621e+00  2.400000e+01
   endloop
 endfacet
 facet normal  0.000000e+00  0.000000e+00  1.000000e+00
   outer loop
     vertex  1.357532e+01 -3.422096e+00  2.400000e+01
     vertex  3.176563e+00 -8.941194e-01  2.400000e+01
     vertex  1.347633e+01 -3.793234e+00  2.400000e+01
   endloop
 endfacet
 facet normal  0.000000e+00  0.000000e+00  1.000000e+00
   outer loop
     vertex  1.357532e+01 -3.422096e+00  2.400000e+01
     vertex  3.199896e+00 -8.066369e-01  2.400000e+01
     vertex  3.176563e+00 -8.941194e-01  2.400000e+01
   endloop
 endfacet
 facet normal  0.000000e+00  0.000000e+00  1.000000e+00
   outer loop
     vertex -3.328898e+00  1.359847e+01  2.400000e+01
     vertex -3.700706e+00  1.350203e+01  2.400000e+01
     vertex -7.846688e-01  3.205354e+00  2.400000e+01
   endloop
 endfacet
 facet normal  0.000000e+00  0.000000e+00  1.000000e+00
   outer loop
     vertex  1.366409e+01 -3.048382e+00  2.400000e+01
     vertex  3.220821e+00 -7.185472e-01  2.400000e+01
     vertex  3.199896e+00 -8.066369e-01  2.400000e+01
   endloop
 endfacet
 facet normal  0.000000e+00  0.000000e+00  1.000000e+00
   outer loop
     vertex  1.366409e+01 -3.048382e+00  2.400000e+01
     vertex  3.199896e+00 -8.066369e-01  2.400000e+01
     vertex  1.357532e+01 -3.422096e+00  2.400000e+01
   endloop
 endfacet
 facet normal  0.000000e+00  0.000000e+00  1.000000e+00
   outer loop
     vertex -2.954584e+00  1.368468e+01  2.400000e+01
     vertex -3.328898e+00  1.359847e+01  2.400000e+01
     vertex -7.846688e-01  3.205354e+00  2.400000e+01
   endloop
 endfacet
 facet normal  0.000000e+00  0.000000e+00  1.000000e+00
   outer loop
     vertex -2.954584e+00  1.368468e+01  2.400000e+01
     vertex -6.964376e-01  3.225674e+00  2.400000e+01
     vertex -6.076822e-01  3.243566e+00  2.400000e+01
   endloop
 endfacet
 facet normal  0.000000e+00  0.000000e+00  1.000000e+00
   outer loop
     vertex -2.954584e+00  1.368468e+01  2.400000e+01
     vertex -7.846688e-01  3.205354e+00  2.400000e+01
     vertex -6.964376e-01  3.225674e+00  2.400000e+01
   endloop
 endfacet
 facet normal  0.000000e+00  0.000000e+00  1.000000e+00
   outer loop
     vertex  1.374258e+01 -2.672373e+00  2.400000e+01
     vertex  3.239322e+00 -6.299166e-01  2.400000e+01
     vertex  3.220821e+00 -7.185472e-01  2.400000e+01
   endloop
 endfacet
 facet normal  0.000000e+00  0.000000e+00  1.000000e+00
   outer loop
     vertex  1.374258e+01 -2.672373e+00  2.400000e+01
     vertex  3.220821e+00 -7.185472e-01  2.400000e+01
     vertex  1.366409e+01 -3.048382e+00  2.400000e+01
   endloop
 endfacet
 facet normal  0.000000e+00  0.000000e+00  1.000000e+00
   outer loop
     vertex -2.578046e+00  1.376058e+01  2.400000e+01
     vertex -2.954584e+00  1.368468e+01  2.400000e+01
     vertex -6.076822e-01  3.243566e+00  2.400000e+01
   endloop
 endfacet
 facet normal  0.000000e+00  0.000000e+00  1.000000e+00
   outer loop
     vertex  1.381072e+01 -2.294353e+00  2.400000e+01
     vertex  3.255384e+00 -5.408118e-01  2.400000e+01
     vertex  3.239322e+00 -6.299166e-01  2.400000e+01
   endloop
 endfacet
 facet normal  0.000000e+00  0.000000e+00  1.000000e+00
   outer loop
     vertex  1.381072e+01 -2.294353e+00  2.400000e+01
     vertex  3.239322e+00 -6.299166e-01  2.400000e+01
     vertex  1.374258e+01 -2.672373e+00  2.400000e+01
   endloop
 endfacet
 facet normal  0.000000e+00  0.000000e+00  1.000000e+00
   outer loop
     vertex -2.199567e+00  1.382613e+01  2.400000e+01
     vertex -2.578046e+00  1.376058e+01  2.400000e+01
     vertex -6.076822e-01  3.243566e+00  2.400000e+01
   endloop
 endfacet
 facet normal  0.000000e+00  0.000000e+00  1.000000e+00
   outer loop
     vertex -2.199567e+00  1.382613e+01  2.400000e+01
     vertex -6.076822e-01  3.243566e+00  2.400000e+01
     vertex -5.184693e-01  3.259017e+00  2.400000e+01
   endloop
 endfacet
 facet normal  0.000000e+00  0.000000e+00  1.000000e+00
   outer loop
     vertex  1.386846e+01 -1.914606e+00  2.400000e+01
     vertex  3.255384e+00 -5.408118e-01  2.400000e+01
     vertex  1.381072e+01 -2.294353e+00  2.400000e+01
   endloop
 endfacet
 facet normal  0.000000e+00  0.000000e+00  1.000000e+00
   outer loop
     vertex  1.386846e+01 -1.914606e+00  2.400000e+01
     vertex  3.268995e+00 -4.512999e-01  2.400000e+01
     vertex  3.255384e+00 -5.408118e-01  2.400000e+01
   endloop
 endfacet
 facet normal  0.000000e+00  0.000000e+00  1.000000e+00
   outer loop
     vertex -1.819432e+00  1.388127e+01  2.400000e+01
     vertex -2.199567e+00  1.382613e+01  2.400000e+01
     vertex -5.184693e-01  3.259017e+00  2.400000e+01
   endloop
 endfacet
 facet normal  0.000000e+00  0.000000e+00  1.000000e+00
   outer loop
     vertex -1.819432e+00  1.388127e+01  2.400000e+01
     vertex -5.184693e-01  3.259017e+00  2.400000e+01
     vertex -4.288662e-01  3.272014e+00  2.400000e+01
   endloop
 endfacet
 facet normal  0.000000e+00  0.000000e+00  1.000000e+00
   outer loop
     vertex  1.391577e+01 -1.533417e+00  2.400000e+01
     vertex  3.280146e+00 -3.614482e-01  2.400000e+01
     vertex  3.268995e+00 -4.512999e-01  2.400000e+01
   endloop
 endfacet
 facet normal  0.000000e+00  0.000000e+00  1.000000e+00
   outer loop
     vertex  1.391577e+01 -1.533417e+00  2.400000e+01
     vertex  3.288827e+00 -2.713245e-01  2.400000e+01
     vertex  3.280146e+00 -3.614482e-01  2.400000e+01
   endloop
 endfacet
 facet normal  0.000000e+00  0.000000e+00  1.000000e+00
   outer loop
     vertex  1.391577e+01 -1.533417e+00  2.400000e+01
     vertex  3.268995e+00 -4.512999e-01  2.400000e+01
     vertex  1.386846e+01 -1.914606e+00  2.400000e+01
   endloop
 endfacet
 facet normal  0.000000e+00  0.000000e+00  1.000000e+00
   outer loop
     vertex -1.437928e+00  1.392596e+01  2.400000e+01
     vertex -1.819432e+00  1.388127e+01  2.400000e+01
     vertex -4.288662e-01  3.272014e+00  2.400000e+01
   endloop
 endfacet
 facet normal  0.000000e+00  0.000000e+00  1.000000e+00
   outer loop
     vertex -1.437928e+00  1.392596e+01  2.400000e+01
     vertex -3.389402e-01  3.282548e+00  2.400000e+01
     vertex -2.487590e-01  3.290611e+00  2.400000e+01
   endloop
 endfacet
 facet normal  0.000000e+00  0.000000e+00  1.000000e+00
   outer loop
     vertex -1.437928e+00  1.392596e+01  2.400000e+01
     vertex -4.288662e-01  3.272014e+00  2.400000e+01
     vertex -3.389402e-01  3.282548e+00  2.400000e+01
   endloop
 endfacet
 facet normal  0.000000e+00  0.000000e+00  1.000000e+00
   outer loop
     vertex  1.395260e+01 -1.151074e+00  2.400000e+01
     vertex  3.288827e+00 -2.713245e-01  2.400000e+01
     vertex  1.391577e+01 -1.533417e+00  2.400000e+01
   endloop
 endfacet
 facet normal  0.000000e+00  0.000000e+00  1.000000e+00
   outer loop
     vertex -1.055341e+00  1.396017e+01  2.400000e+01
     vertex -1.437928e+00  1.392596e+01  2.400000e+01
     vertex -2.487590e-01  3.290611e+00  2.400000e+01
   endloop
 endfacet
 facet normal  0.000000e+00  0.000000e+00  1.000000e+00
   outer loop
     vertex  1.397893e+01 -7.678642e-01  2.400000e+01
     vertex  3.288827e+00 -2.713245e-01  2.400000e+01
     vertex  1.395260e+01 -1.151074e+00  2.400000e+01
   endloop
 endfacet
 facet normal  0.000000e+00  0.000000e+00  1.000000e+00
   outer loop
     vertex  1.397893e+01 -7.678642e-01  2.400000e+01
     vertex  3.295033e+00 -1.809966e-01  2.400000e+01
     vertex  3.288827e+00 -2.713245e-01  2.400000e+01
   endloop
 endfacet
 facet normal  0.000000e+00  0.000000e+00  1.000000e+00
   outer loop
     vertex -6.719602e-01  1.398386e+01  2.400000e+01
     vertex -1.055341e+00  1.396017e+01  2.400000e+01
     vertex -2.487590e-01  3.290611e+00  2.400000e+01
   endloop
 endfacet
 facet normal  0.000000e+00  0.000000e+00  1.000000e+00
   outer loop
     vertex -6.719602e-01  1.398386e+01  2.400000e+01
     vertex -2.487590e-01  3.290611e+00  2.400000e+01
     vertex -1.583906e-01  3.296197e+00  2.400000e+01
   endloop
 endfacet
 facet normal  0.000000e+00  0.000000e+00  1.000000e+00
   outer loop
     vertex  1.399473e+01 -3.840767e-01  2.400000e+01
     vertex  3.298758e+00 -9.053236e-02  2.400000e+01
     vertex  3.295033e+00 -1.809966e-01  2.400000e+01
   endloop
 endfacet
 facet normal  0.000000e+00  0.000000e+00  1.000000e+00
   outer loop
     vertex  1.399473e+01 -3.840767e-01  2.400000e+01
     vertex  3.295033e+00 -1.809966e-01  2.400000e+01
     vertex  1.397893e+01 -7.678642e-01  2.400000e+01
   endloop
 endfacet
 facet normal  0.000000e+00  0.000000e+00  1.000000e+00
   outer loop
     vertex -2.880733e-01  1.399704e+01  2.400000e+01
     vertex -6.719602e-01  1.398386e+01  2.400000e+01
     vertex -1.583906e-01  3.296197e+00  2.400000e+01
   endloop
 endfacet
 facet normal  0.000000e+00  0.000000e+00  1.000000e+00
   outer loop
     vertex -2.880733e-01  1.399704e+01  2.400000e+01
     vertex -1.583906e-01  3.296197e+00  2.400000e+01
     vertex -6.790300e-02  3.299301e+00  2.400000e+01
   endloop
 endfacet
 facet normal  0.000000e+00  0.000000e+00  1.000000e+00
   outer loop
     vertex  1.400000e+01 -3.429011e-15  2.400000e+01
     vertex  3.298758e+00  9.053236e-02  2.400000e+01
     vertex  3.300000e+00 -8.082669e-16  2.400000e+01
   endloop
 endfacet
 facet normal  0.000000e+00  0.000000e+00  1.000000e+00
   outer loop
     vertex  1.400000e+01 -3.429011e-15  2.400000e+01
     vertex  3.298758e+00 -9.053236e-02  2.400000e+01
     vertex  1.399473e+01 -3.840767e-01  2.400000e+01
   endloop
 endfacet
 facet normal  0.000000e+00  0.000000e+00  1.000000e+00
   outer loop
     vertex  1.400000e+01 -3.429011e-15  2.400000e+01
     vertex  3.300000e+00 -8.082669e-16  2.400000e+01
     vertex  3.298758e+00 -9.053236e-02  2.400000e+01
   endloop
 endfacet
 facet normal  0.000000e+00  0.000000e+00  1.000000e+00
   outer loop
     vertex  9.603046e-02  1.399967e+01  2.400000e+01
     vertex -2.880733e-01  1.399704e+01  2.400000e+01
     vertex -6.790300e-02  3.299301e+00  2.400000e+01
   endloop
 endfacet
 facet normal  0.000000e+00  0.000000e+00  1.000000e+00
   outer loop
     vertex  9.603046e-02  1.399967e+01  2.400000e+01
     vertex -6.790300e-02  3.299301e+00  2.400000e+01
     vertex  2.263575e-02  3.299922e+00  2.400000e+01
   endloop
 endfacet
 facet normal  0.000000e+00  0.000000e+00  1.000000e+00
   outer loop
     vertex  1.399473e+01  3.840767e-01  2.400000e+01
     vertex  3.298758e+00  9.053236e-02  2.400000e+01
     vertex  1.400000e+01 -3.429011e-15  2.400000e+01
   endloop
 endfacet
 facet normal  0.000000e+00  0.000000e+00  1.000000e+00
   outer loop
     vertex  4.800620e-01  1.399177e+01  2.400000e+01
     vertex  9.603046e-02  1.399967e+01  2.400000e+01
     vertex  2.263575e-02  3.299922e+00  2.400000e+01
   endloop
 endfacet
 facet normal  0.000000e+00  0.000000e+00  1.000000e+00
   outer loop
     vertex  4.800620e-01  1.399177e+01  2.400000e+01
     vertex  2.263575e-02  3.299922e+00  2.400000e+01
     vertex  1.131575e-01  3.298059e+00  2.400000e+01
   endloop
 endfacet
 facet normal  0.000000e+00  0.000000e+00  1.000000e+00
   outer loop
     vertex  1.397893e+01  7.678642e-01  2.400000e+01
     vertex  3.295033e+00  1.809966e-01  2.400000e+01
     vertex  3.298758e+00  9.053236e-02  2.400000e+01
   endloop
 endfacet
 facet normal  0.000000e+00  0.000000e+00  1.000000e+00
   outer loop
     vertex  1.397893e+01  7.678642e-01  2.400000e+01
     vertex  3.298758e+00  9.053236e-02  2.400000e+01
     vertex  1.399473e+01  3.840767e-01  2.400000e+01
   endloop
 endfacet
 facet normal  0.000000e+00  0.000000e+00  1.000000e+00
   outer loop
     vertex  8.637321e-01  1.397333e+01  2.400000e+01
     vertex  4.800620e-01  1.399177e+01  2.400000e+01
     vertex  1.131575e-01  3.298059e+00  2.400000e+01
   endloop
 endfacet
 facet normal  0.000000e+00  0.000000e+00  1.000000e+00
   outer loop
     vertex  8.637321e-01  1.397333e+01  2.400000e+01
     vertex  2.035940e-01  3.293714e+00  2.400000e+01
     vertex  2.938773e-01  3.286889e+00  2.400000e+01
   endloop
 endfacet
 facet normal  0.000000e+00  0.000000e+00  1.000000e+00
   outer loop
     vertex  8.637321e-01  1.397333e+01  2.400000e+01
     vertex  1.131575e-01  3.298059e+00  2.400000e+01
     vertex  2.035940e-01  3.293714e+00  2.400000e+01
   endloop
 endfacet
 facet normal  0.000000e+00  0.000000e+00  1.000000e+00
   outer loop
     vertex  1.395260e+01  1.151074e+00  2.400000e+01
     vertex  3.288827e+00  2.713245e-01  2.400000e+01
     vertex  3.295033e+00  1.809966e-01  2.400000e+01
   endloop
 endfacet
 facet normal  0.000000e+00  0.000000e+00  1.000000e+00
   outer loop
     vertex  1.395260e+01  1.151074e+00  2.400000e+01
     vertex  3.295033e+00  1.809966e-01  2.400000e+01
     vertex  1.397893e+01  7.678642e-01  2.400000e+01
   endloop
 endfacet
 facet normal  0.000000e+00  0.000000e+00  1.000000e+00
   outer loop
     vertex  1.246752e+00  1.394438e+01  2.400000e+01
     vertex  8.637321e-01  1.397333e+01  2.400000e+01
     vertex  2.938773e-01  3.286889e+00  2.400000e+01
   endloop
 endfacet
 facet normal  0.000000e+00  0.000000e+00  1.000000e+00
   outer loop
     vertex  1.391577e+01  1.533417e+00  2.400000e+01
     vertex  3.280146e+00  3.614482e-01  2.400000e+01
     vertex  3.288827e+00  2.713245e-01  2.400000e+01
   endloop
 endfacet
 facet normal  0.000000e+00  0.000000e+00  1.000000e+00
   outer loop
     vertex  1.391577e+01  1.533417e+00  2.400000e+01
     vertex  3.288827e+00  2.713245e-01  2.400000e+01
     vertex  1.395260e+01  1.151074e+00  2.400000e+01
   endloop
 endfacet
 facet normal  0.000000e+00  0.000000e+00  1.000000e+00
   outer loop
     vertex  1.628833e+00  1.390492e+01  2.400000e+01
     vertex  1.246752e+00  1.394438e+01  2.400000e+01
     vertex  2.938773e-01  3.286889e+00  2.400000e+01
   endloop
 endfacet
 facet normal  0.000000e+00  0.000000e+00  1.000000e+00
   outer loop
     vertex  1.628833e+00  1.390492e+01  2.400000e+01
     vertex  3.839393e-01  3.277589e+00  2.400000e+01
     vertex  4.737123e-01  3.265823e+00  2.400000e+01
   endloop
 endfacet
 facet normal  0.000000e+00  0.000000e+00  1.000000e+00
   outer loop
     vertex  1.628833e+00  1.390492e+01  2.400000e+01
     vertex  2.938773e-01  3.286889e+00  2.400000e+01
     vertex  3.839393e-01  3.277589e+00  2.400000e+01
   endloop
 endfacet
 facet normal  0.000000e+00  0.000000e+00  1.000000e+00
   outer loop
     vertex  1.386846e+01  1.914606e+00  2.400000e+01
     vertex  3.280146e+00  3.614482e-01  2.400000e+01
     vertex  1.391577e+01  1.533417e+00  2.400000e+01
   endloop
 endfacet
 facet normal  0.000000e+00  0.000000e+00  1.000000e+00
   outer loop
     vertex  1.386846e+01  1.914606e+00  2.400000e+01
     vertex  3.268995e+00  4.512999e-01  2.400000e+01
     vertex  3.280146e+00  3.614482e-01  2.400000e+01
   endloop
 endfacet
 facet normal  0.000000e+00  0.000000e+00  1.000000e+00
   outer loop
     vertex  2.009689e+00  1.385500e+01  2.400000e+01
     vertex  1.628833e+00  1.390492e+01  2.400000e+01
     vertex  4.737123e-01  3.265823e+00  2.400000e+01
   endloop
 endfacet
 facet normal  0.000000e+00  0.000000e+00  1.000000e+00
   outer loop
     vertex  2.009689e+00  1.385500e+01  2.400000e+01
     vertex  4.737123e-01  3.265823e+00  2.400000e+01
     vertex  5.631288e-01  3.251597e+00  2.400000e+01
   endloop
 endfacet
 facet normal  0.000000e+00  0.000000e+00  1.000000e+00
   outer loop
     vertex  1.381072e+01  2.294353e+00  2.400000e+01
     vertex  3.255384e+00  5.408118e-01  2.400000e+01
     vertex  3.268995e+00  4.512999e-01  2.400000e+01
   endloop
 endfacet
 facet normal  0.000000e+00  0.000000e+00  1.000000e+00
   outer loop
     vertex  1.381072e+01  2.294353e+00  2.400000e+01
     vertex  3.268995e+00  4.512999e-01  2.400000e+01
     vertex  1.386846e+01  1.914606e+00  2.400000e+01
   endloop
 endfacet
 facet normal  0.000000e+00  0.000000e+00  1.000000e+00
   outer loop
     vertex  2.389031e+00  1.379466e+01  2.400000e+01
     vertex  2.009689e+00  1.385500e+01  2.400000e+01
     vertex  5.631288e-01  3.251597e+00  2.400000e+01
   endloop
 endfacet
 facet normal  0.000000e+00  0.000000e+00  1.000000e+00
   outer loop
     vertex  1.374258e+01  2.672373e+00  2.400000e+01
     vertex  3.239322e+00  6.299166e-01  2.400000e+01
     vertex  3.255384e+00  5.408118e-01  2.400000e+01
   endloop
 endfacet
 facet normal  0.000000e+00  0.000000e+00  1.000000e+00
   outer loop
     vertex  1.374258e+01  2.672373e+00  2.400000e+01
     vertex  3.255384e+00  5.408118e-01  2.400000e+01
     vertex  1.381072e+01  2.294353e+00  2.400000e+01
   endloop
 endfacet
 facet normal  0.000000e+00  0.000000e+00  1.000000e+00
   outer loop
     vertex  2.766575e+00  1.372392e+01  2.400000e+01
     vertex  2.389031e+00  1.379466e+01  2.400000e+01
     vertex  5.631288e-01  3.251597e+00  2.400000e+01
   endloop
 endfacet
 facet normal  0.000000e+00  0.000000e+00  1.000000e+00
   outer loop
     vertex  2.766575e+00  1.372392e+01  2.400000e+01
     vertex  6.521213e-01  3.234925e+00  2.400000e+01
     vertex  7.406229e-01  3.215817e+00  2.400000e+01
   endloop
 endfacet
 facet normal  0.000000e+00  0.000000e+00  1.000000e+00
   outer loop
     vertex  2.766575e+00  1.372392e+01  2.400000e+01
     vertex  5.631288e-01  3.251597e+00  2.400000e+01
     vertex  6.521213e-01  3.234925e+00  2.400000e+01
   endloop
 endfacet
 facet normal  0.000000e+00  0.000000e+00  1.000000e+00
   outer loop
     vertex  1.366409e+01  3.048382e+00  2.400000e+01
     vertex  3.220821e+00  7.185472e-01  2.400000e+01
     vertex  3.239322e+00  6.299166e-01  2.400000e+01
   endloop
 endfacet
 facet normal  0.000000e+00  0.000000e+00  1.000000e+00
   outer loop
     vertex  1.366409e+01  3.048382e+00  2.400000e+01
     vertex  3.199896e+00  8.066369e-01  2.400000e+01
     vertex  3.220821e+00  7.185472e-01  2.400000e+01
   endloop
 endfacet
 facet normal  0.000000e+00  0.000000e+00  1.000000e+00
   outer loop
     vertex  1.366409e+01  3.048382e+00  2.400000e+01
     vertex  3.239322e+00  6.299166e-01  2.400000e+01
     vertex  1.374258e+01  2.672373e+00  2.400000e+01
   endloop
 endfacet
 facet normal  0.000000e+00  0.000000e+00  1.000000e+00
   outer loop
     vertex  3.142037e+00  1.364286e+01  2.400000e+01
     vertex  2.766575e+00  1.372392e+01  2.400000e+01
     vertex  7.406229e-01  3.215817e+00  2.400000e+01
   endloop
 endfacet
 facet normal  0.000000e+00  0.000000e+00  1.000000e+00
   outer loop
     vertex  1.357532e+01  3.422096e+00  2.400000e+01
     vertex  3.176563e+00  8.941194e-01  2.400000e+01
     vertex  3.199896e+00  8.066369e-01  2.400000e+01
   endloop
 endfacet
 facet normal  0.000000e+00  0.000000e+00  1.000000e+00
   outer loop
     vertex  1.357532e+01  3.422096e+00  2.400000e+01
     vertex  3.199896e+00  8.066369e-01  2.400000e+01
     vertex  1.366409e+01  3.048382e+00  2.400000e+01
   endloop
 endfacet
 facet normal  0.000000e+00  0.000000e+00  1.000000e+00
   outer loop
     vertex  3.515133e+00  1.355153e+01  2.400000e+01
     vertex  7.406229e-01  3.215817e+00  2.400000e+01
     vertex  8.285670e-01  3.194288e+00  2.400000e+01
   endloop
 endfacet
 facet normal  0.000000e+00  0.000000e+00  1.000000e+00
   outer loop
     vertex  3.515133e+00  1.355153e+01  2.400000e+01
     vertex  3.142037e+00  1.364286e+01  2.400000e+01
     vertex  7.406229e-01  3.215817e+00  2.400000e+01
   endloop
 endfacet
 facet normal  0.000000e+00  0.000000e+00  1.000000e+00
   outer loop
     vertex  1.347633e+01  3.793234e+00  2.400000e+01
     vertex  3.150838e+00  9.809289e-01  2.400000e+01
     vertex  3.176563e+00  8.941194e-01  2.400000e+01
   endloop
 endfacet
 facet normal  0.000000e+00  0.000000e+00  1.000000e+00
   outer loop
     vertex  1.347633e+01  3.793234e+00  2.400000e+01
     vertex  3.176563e+00  8.941194e-01  2.400000e+01
     vertex  1.357532e+01  3.422096e+00  2.400000e+01
   endloop
 endfacet
 facet normal  0.000000e+00  0.000000e+00  1.000000e+00
   outer loop
     vertex  3.885583e+00  1.344999e+01  2.400000e+01
     vertex  3.515133e+00  1.355153e+01  2.400000e+01
     vertex  8.285670e-01  3.194288e+00  2.400000e+01
   endloop
 endfacet
 facet normal  0.000000e+00  0.000000e+00  1.000000e+00
   outer loop
     vertex  3.885583e+00  1.344999e+01  2.400000e+01
     vertex  9.158874e-01  3.170355e+00  2.400000e+01
     vertex  1.002518e+00  3.144035e+00  2.400000e+01
   endloop
 endfacet
 facet normal  0.000000e+00  0.000000e+00  1.000000e+00
   outer loop
     vertex  3.885583e+00  1.344999e+01  2.400000e+01
     vertex  8.285670e-01  3.194288e+00  2.400000e+01
     vertex  9.158874e-01  3.170355e+00  2.400000e+01
   endloop
 endfacet
 facet normal  0.000000e+00  0.000000e+00  1.000000e+00
   outer loop
     vertex  1.336719e+01  4.161516e+00  2.400000e+01
     vertex  3.150838e+00  9.809289e-01  2.400000e+01
     vertex  1.347633e+01  3.793234e+00  2.400000e+01
   endloop
 endfacet
 facet normal  0.000000e+00  0.000000e+00  1.000000e+00
   outer loop
     vertex  4.253108e+00  1.333833e+01  2.400000e+01
     vertex  3.885583e+00  1.344999e+01  2.400000e+01
     vertex  1.002518e+00  3.144035e+00  2.400000e+01
   endloop
 endfacet
 facet normal  0.000000e+00  0.000000e+00  1.000000e+00
   outer loop
     vertex  1.324799e+01  4.526666e+00  2.400000e+01
     vertex  3.122741e+00  1.067000e+00  2.400000e+01
     vertex  3.150838e+00  9.809289e-01  2.400000e+01
   endloop
 endfacet
 facet normal  0.000000e+00  0.000000e+00  1.000000e+00
   outer loop
     vertex  1.324799e+01  4.526666e+00  2.400000e+01
     vertex  3.092294e+00  1.152268e+00  2.400000e+01
     vertex  3.122741e+00  1.067000e+00  2.400000e+01
   endloop
 endfacet
 facet normal  0.000000e+00  0.000000e+00  1.000000e+00
   outer loop
     vertex  1.324799e+01  4.526666e+00  2.400000e+01
     vertex  3.150838e+00  9.809289e-01  2.400000e+01
     vertex  1.336719e+01  4.161516e+00  2.400000e+01
   endloop
 endfacet
 facet normal  0.000000e+00  0.000000e+00  1.000000e+00
   outer loop
     vertex  4.617432e+00  1.321663e+01  2.400000e+01
     vertex  4.253108e+00  1.333833e+01  2.400000e+01
     vertex  1.002518e+00  3.144035e+00  2.400000e+01
   endloop
 endfacet
 facet normal  0.000000e+00  0.000000e+00  1.000000e+00
   outer loop
     vertex  4.617432e+00  1.321663e+01  2.400000e+01
     vertex  1.002518e+00  3.144035e+00  2.400000e+01
     vertex  1.088395e+00  3.115349e+00  2.400000e+01
   endloop
 endfacet
 facet normal  0.000000e+00  0.000000e+00  1.000000e+00
   outer loop
     vertex  1.311882e+01  4.888408e+00  2.400000e+01
     vertex  3.092294e+00  1.152268e+00  2.400000e+01
     vertex  1.324799e+01  4.526666e+00  2.400000e+01
   endloop
 endfacet
 facet normal  0.000000e+00  0.000000e+00  1.000000e+00
   outer loop
     vertex  1.311882e+01  4.888408e+00  2.400000e+01
     vertex  3.059518e+00  1.236668e+00  2.400000e+01
     vertex  3.092294e+00  1.152268e+00  2.400000e+01
   endloop
 endfacet
 facet normal  0.000000e+00  0.000000e+00  1.000000e+00
   outer loop
     vertex  4.978280e+00  1.308498e+01  2.400000e+01
     vertex  4.617432e+00  1.321663e+01  2.400000e+01
     vertex  1.088395e+00  3.115349e+00  2.400000e+01
   endloop
 endfacet
 facet normal  0.000000e+00  0.000000e+00  1.000000e+00
   outer loop
     vertex  4.978280e+00  1.308498e+01  2.400000e+01
     vertex  1.088395e+00  3.115349e+00  2.400000e+01
     vertex  1.173452e+00  3.084317e+00  2.400000e+01
   endloop
 endfacet
 facet normal  0.000000e+00  0.000000e+00  1.000000e+00
   outer loop
     vertex  1.297977e+01  5.246471e+00  2.400000e+01
     vertex  3.059518e+00  1.236668e+00  2.400000e+01
     vertex  1.311882e+01  4.888408e+00  2.400000e+01
   endloop
 endfacet
 facet normal  0.000000e+00  0.000000e+00  1.000000e+00
   outer loop
     vertex  5.335380e+00  1.294348e+01  2.400000e+01
     vertex  4.978280e+00  1.308498e+01  2.400000e+01
     vertex  1.173452e+00  3.084317e+00  2.400000e+01
   endloop
 endfacet
 facet normal  0.000000e+00  0.000000e+00  1.000000e+00
   outer loop
     vertex  5.335380e+00  1.294348e+01  2.400000e+01
     vertex  1.173452e+00  3.084317e+00  2.400000e+01
     vertex  1.257625e+00  3.050964e+00  2.400000e+01
   endloop
 endfacet
 facet normal  0.000000e+00  0.000000e+00  1.000000e+00
   outer loop
     vertex  1.283096e+01  5.600584e+00  2.400000e+01
     vertex  3.059518e+00  1.236668e+00  2.400000e+01
     vertex  1.297977e+01  5.246471e+00  2.400000e+01
   endloop
 endfacet
 facet normal  0.000000e+00  0.000000e+00  1.000000e+00
   outer loop
     vertex  1.283096e+01  5.600584e+00  2.400000e+01
     vertex  3.024440e+00  1.320138e+00  2.400000e+01
     vertex  3.059518e+00  1.236668e+00  2.400000e+01
   endloop
 endfacet
 facet normal  0.000000e+00  0.000000e+00  1.000000e+00
   outer loop
     vertex  1.283096e+01  5.600584e+00  2.400000e+01
     vertex  2.987085e+00  1.402613e+00  2.400000e+01
     vertex  3.024440e+00  1.320138e+00  2.400000e+01
   endloop
 endfacet
 facet normal  0.000000e+00  0.000000e+00  1.000000e+00
   outer loop
     vertex  5.688464e+00  1.279224e+01  2.400000e+01
     vertex  5.335380e+00  1.294348e+01  2.400000e+01
     vertex  1.257625e+00  3.050964e+00  2.400000e+01
   endloop
 endfacet
 facet normal  0.000000e+00  0.000000e+00  1.000000e+00
   outer loop
     vertex  5.688464e+00  1.279224e+01  2.400000e+01
     vertex  1.257625e+00  3.050964e+00  2.400000e+01
     vertex  1.340852e+00  3.015313e+00  2.400000e+01
   endloop
 endfacet
 facet normal  0.000000e+00  0.000000e+00  1.000000e+00
   outer loop
     vertex  1.267248e+01  5.950481e+00  2.400000e+01
     vertex  2.987085e+00  1.402613e+00  2.400000e+01
     vertex  1.283096e+01  5.600584e+00  2.400000e+01
   endloop
 endfacet
 facet normal  0.000000e+00  0.000000e+00  1.000000e+00
   outer loop
     vertex  6.037266e+00  1.263137e+01  2.400000e+01
     vertex  5.688464e+00  1.279224e+01  2.400000e+01
     vertex  1.340852e+00  3.015313e+00  2.400000e+01
   endloop
 endfacet
 facet normal  0.000000e+00  0.000000e+00  1.000000e+00
   outer loop
     vertex  6.037266e+00  1.263137e+01  2.400000e+01
     vertex  1.340852e+00  3.015313e+00  2.400000e+01
     vertex  1.423070e+00  2.977394e+00  2.400000e+01
   endloop
 endfacet
 facet normal  0.000000e+00  0.000000e+00  1.000000e+00
   outer loop
     vertex  1.250447e+01  6.295899e+00  2.400000e+01
     vertex  2.987085e+00  1.402613e+00  2.400000e+01
     vertex  1.267248e+01  5.950481e+00  2.400000e+01
   endloop
 endfacet
 facet normal  0.000000e+00  0.000000e+00  1.000000e+00
   outer loop
     vertex  1.250447e+01  6.295899e+00  2.400000e+01
     vertex  2.947481e+00  1.484033e+00  2.400000e+01
     vertex  2.987085e+00  1.402613e+00  2.400000e+01
   endloop
 endfacet
 facet normal  0.000000e+00  0.000000e+00  1.000000e+00
   outer loop
     vertex  6.381523e+00  1.246099e+01  2.400000e+01
     vertex  6.037266e+00  1.263137e+01  2.400000e+01
     vertex  1.423070e+00  2.977394e+00  2.400000e+01
   endloop
 endfacet
 facet normal  0.000000e+00  0.000000e+00  1.000000e+00
   outer loop
     vertex  6.381523e+00  1.246099e+01  2.400000e+01
     vertex  1.423070e+00  2.977394e+00  2.400000e+01
     vertex  1.504216e+00  2.937232e+00  2.400000e+01
   endloop
 endfacet
 facet normal  0.000000e+00  0.000000e+00  1.000000e+00
   outer loop
     vertex  1.232704e+01  6.636577e+00  2.400000e+01
     vertex  2.947481e+00  1.484033e+00  2.400000e+01
     vertex  1.250447e+01  6.295899e+00  2.400000e+01
   endloop
 endfacet
 facet normal  0.000000e+00  0.000000e+00  1.000000e+00
   outer loop
     vertex  1.232704e+01  6.636577e+00  2.400000e+01
     vertex  2.905659e+00  1.564336e+00  2.400000e+01
     vertex  2.947481e+00  1.484033e+00  2.400000e+01
   endloop
 endfacet
 facet normal  0.000000e+00  0.000000e+00  1.000000e+00
   outer loop
     vertex  1.232704e+01  6.636577e+00  2.400000e+01
     vertex  2.861649e+00  1.643461e+00  2.400000e+01
     vertex  2.905659e+00  1.564336e+00  2.400000e+01
   endloop
 endfacet
 facet normal  0.000000e+00  0.000000e+00  1.000000e+00
   outer loop
     vertex  6.720976e+00  1.228122e+01  2.400000e+01
     vertex  6.381523e+00  1.246099e+01  2.400000e+01
     vertex  1.504216e+00  2.937232e+00  2.400000e+01
   endloop
 endfacet
 facet normal  0.000000e+00  0.000000e+00  1.000000e+00
   outer loop
     vertex  6.720976e+00  1.228122e+01  2.400000e+01
     vertex  1.504216e+00  2.937232e+00  2.400000e+01
     vertex  1.584230e+00  2.894860e+00  2.400000e+01
   endloop
 endfacet
 facet normal  0.000000e+00  0.000000e+00  1.000000e+00
   outer loop
     vertex  1.214033e+01  6.972260e+00  2.400000e+01
     vertex  2.861649e+00  1.643461e+00  2.400000e+01
     vertex  1.232704e+01  6.636577e+00  2.400000e+01
   endloop
 endfacet
 facet normal  0.000000e+00  0.000000e+00  1.000000e+00
   outer loop
     vertex  7.055370e+00  1.209222e+01  2.400000e+01
     vertex  6.720976e+00  1.228122e+01  2.400000e+01
     vertex  1.584230e+00  2.894860e+00  2.400000e+01
   endloop
 endfacet
 facet normal  0.000000e+00  0.000000e+00  1.000000e+00
   outer loop
     vertex  7.055370e+00  1.209222e+01  2.400000e+01
     vertex  1.663052e+00  2.850309e+00  2.400000e+01
     vertex  1.740621e+00  2.803612e+00  2.400000e+01
   endloop
 endfacet
 facet normal  0.000000e+00  0.000000e+00  1.000000e+00
   outer loop
     vertex  7.055370e+00  1.209222e+01  2.400000e+01
     vertex  1.584230e+00  2.894860e+00  2.400000e+01
     vertex  1.663052e+00  2.850309e+00  2.400000e+01
   endloop
 endfacet
 facet normal  0.000000e+00  0.000000e+00  1.000000e+00
   outer loop
     vertex  1.194448e+01  7.302694e+00  2.400000e+01
     vertex  2.815485e+00  1.721349e+00  2.400000e+01
     vertex  2.861649e+00  1.643461e+00  2.400000e+01
   endloop
 endfacet
 facet normal  0.000000e+00  0.000000e+00  1.000000e+00
   outer loop
     vertex  1.194448e+01  7.302694e+00  2.400000e+01
     vertex  2.767202e+00  1.797942e+00  2.400000e+01
     vertex  2.815485e+00  1.721349e+00  2.400000e+01
   endloop
 endfacet
 facet normal  0.000000e+00  0.000000e+00  1.000000e+00
   outer loop
     vertex  1.194448e+01  7.302694e+00  2.400000e+01
     vertex  2.861649e+00  1.643461e+00  2.400000e+01
     vertex  1.214033e+01  6.972260e+00  2.400000e+01
   endloop
 endfacet
 facet normal  0.000000e+00  0.000000e+00  1.000000e+00
   outer loop
     vertex  7.384453e+00  1.189411e+01  2.400000e+01
     vertex  7.055370e+00  1.209222e+01  2.400000e+01
     vertex  1.740621e+00  2.803612e+00  2.400000e+01
   endloop
 endfacet
 facet normal  0.000000e+00  0.000000e+00  1.000000e+00
   outer loop
     vertex  7.384453e+00  1.189411e+01  2.400000e+01
     vertex  1.740621e+00  2.803612e+00  2.400000e+01
     vertex  1.816880e+00  2.754804e+00  2.400000e+01
   endloop
 endfacet
 facet normal  0.000000e+00  0.000000e+00  1.000000e+00
   outer loop
     vertex  1.173964e+01  7.627631e+00  2.400000e+01
     vertex  2.767202e+00  1.797942e+00  2.400000e+01
     vertex  1.194448e+01  7.302694e+00  2.400000e+01
   endloop
 endfacet
 facet normal  0.000000e+00  0.000000e+00  1.000000e+00
   outer loop
     vertex  1.173964e+01  7.627631e+00  2.400000e+01
     vertex  2.716836e+00  1.873180e+00  2.400000e+01
     vertex  2.767202e+00  1.797942e+00  2.400000e+01
   endloop
 endfacet
 facet normal  0.000000e+00  0.000000e+00  1.000000e+00
   outer loop
     vertex  7.707977e+00  1.168705e+01  2.400000e+01
     vertex  7.384453e+00  1.189411e+01  2.400000e+01
     vertex  1.816880e+00  2.754804e+00  2.400000e+01
   endloop
 endfacet
 facet normal  0.000000e+00  0.000000e+00  1.000000e+00
   outer loop
     vertex  1.152597e+01  7.946826e+00  2.400000e+01
     vertex  2.716836e+00  1.873180e+00  2.400000e+01
     vertex  1.173964e+01  7.627631e+00  2.400000e+01
   endloop
 endfacet
 facet normal  0.000000e+00  0.000000e+00  1.000000e+00
   outer loop
     vertex  8.025699e+00  1.147119e+01  2.400000e+01
     vertex  7.707977e+00  1.168705e+01  2.400000e+01
     vertex  1.816880e+00  2.754804e+00  2.400000e+01
   endloop
 endfacet
 facet normal  0.000000e+00  0.000000e+00  1.000000e+00
   outer loop
     vertex  8.025699e+00  1.147119e+01  2.400000e+01
     vertex  1.816880e+00  2.754804e+00  2.400000e+01
     vertex  1.891772e+00  2.703923e+00  2.400000e+01
   endloop
 endfacet
 facet normal  0.000000e+00  0.000000e+00  1.000000e+00
   outer loop
     vertex  1.130362e+01  8.260039e+00  2.400000e+01
     vertex  2.716836e+00  1.873180e+00  2.400000e+01
     vertex  1.152597e+01  7.946826e+00  2.400000e+01
   endloop
 endfacet
 facet normal  0.000000e+00  0.000000e+00  1.000000e+00
   outer loop
     vertex  1.130362e+01  8.260039e+00  2.400000e+01
     vertex  2.664424e+00  1.947009e+00  2.400000e+01
     vertex  2.716836e+00  1.873180e+00  2.400000e+01
   endloop
 endfacet
 facet normal  0.000000e+00  0.000000e+00  1.000000e+00
   outer loop
     vertex  1.130362e+01  8.260039e+00  2.400000e+01
     vertex  2.610007e+00  2.019372e+00  2.400000e+01
     vertex  2.664424e+00  1.947009e+00  2.400000e+01
   endloop
 endfacet
 facet normal  0.000000e+00  0.000000e+00  1.000000e+00
   outer loop
     vertex  8.337380e+00  1.124669e+01  2.400000e+01
     vertex  8.025699e+00  1.147119e+01  2.400000e+01
     vertex  1.891772e+00  2.703923e+00  2.400000e+01
   endloop
 endfacet
 facet normal  0.000000e+00  0.000000e+00  1.000000e+00
   outer loop
     vertex  8.337380e+00  1.124669e+01  2.400000e+01
     vertex  1.965239e+00  2.651006e+00  2.400000e+01
     vertex  2.037228e+00  2.596094e+00  2.400000e+01
   endloop
 endfacet
 facet normal  0.000000e+00  0.000000e+00  1.000000e+00
   outer loop
     vertex  8.337380e+00  1.124669e+01  2.400000e+01
     vertex  1.891772e+00  2.703923e+00  2.400000e+01
     vertex  1.965239e+00  2.651006e+00  2.400000e+01
   endloop
 endfacet
 facet normal  0.000000e+00  0.000000e+00  1.000000e+00
   outer loop
     vertex  1.107276e+01  8.567034e+00  2.400000e+01
     vertex  2.610007e+00  2.019372e+00  2.400000e+01
     vertex  1.130362e+01  8.260039e+00  2.400000e+01
   endloop
 endfacet
 facet normal  0.000000e+00  0.000000e+00  1.000000e+00
   outer loop
     vertex  1.107276e+01  8.567034e+00  2.400000e+01
     vertex  2.553625e+00  2.090215e+00  2.400000e+01
     vertex  2.610007e+00  2.019372e+00  2.400000e+01
   endloop
 endfacet
 facet normal  0.000000e+00  0.000000e+00  1.000000e+00
   outer loop
     vertex  8.642784e+00  1.101373e+01  2.400000e+01
     vertex  8.337380e+00  1.124669e+01  2.400000e+01
     vertex  2.037228e+00  2.596094e+00  2.400000e+01
   endloop
 endfacet
 facet normal  0.000000e+00  0.000000e+00  1.000000e+00
   outer loop
     vertex  8.642784e+00  1.101373e+01  2.400000e+01
     vertex  2.037228e+00  2.596094e+00  2.400000e+01
     vertex  2.107682e+00  2.539227e+00  2.400000e+01
   endloop
 endfacet
 facet normal  0.000000e+00  0.000000e+00  1.000000e+00
   outer loop
     vertex  1.083356e+01  8.867580e+00  2.400000e+01
     vertex  2.553625e+00  2.090215e+00  2.400000e+01
     vertex  1.107276e+01  8.567034e+00  2.400000e+01
   endloop
 endfacet
 facet normal  0.000000e+00  0.000000e+00  1.000000e+00
   outer loop
     vertex  8.941682e+00  1.077248e+01  2.400000e+01
     vertex  8.642784e+00  1.101373e+01  2.400000e+01
     vertex  2.107682e+00  2.539227e+00  2.400000e+01
   endloop
 endfacet
 facet normal  0.000000e+00  0.000000e+00  1.000000e+00
   outer loop
     vertex  8.941682e+00  1.077248e+01  2.400000e+01
     vertex  2.107682e+00  2.539227e+00  2.400000e+01
     vertex  2.176550e+00  2.480449e+00  2.400000e+01
   endloop
 endfacet
 facet normal  0.000000e+00  0.000000e+00  1.000000e+00
   outer loop
     vertex  1.058621e+01  9.161451e+00  2.400000e+01
     vertex  2.553625e+00  2.090215e+00  2.400000e+01
     vertex  1.083356e+01  8.867580e+00  2.400000e+01
   endloop
 endfacet
 facet normal  0.000000e+00  0.000000e+00  1.000000e+00
   outer loop
     vertex  1.058621e+01  9.161451e+00  2.400000e+01
     vertex  2.495321e+00  2.159485e+00  2.400000e+01
     vertex  2.553625e+00  2.090215e+00  2.400000e+01
   endloop
 endfacet
 facet normal  0.000000e+00  0.000000e+00  1.000000e+00
   outer loop
     vertex  9.233849e+00  1.052312e+01  2.400000e+01
     vertex  8.941682e+00  1.077248e+01  2.400000e+01
     vertex  2.176550e+00  2.480449e+00  2.400000e+01
   endloop
 endfacet
 facet normal  0.000000e+00  0.000000e+00  1.000000e+00
   outer loop
     vertex  1.033089e+01  9.448425e+00  2.400000e+01
     vertex  2.435138e+00  2.227129e+00  2.400000e+01
     vertex  2.495321e+00  2.159485e+00  2.400000e+01
   endloop
 endfacet
 facet normal  0.000000e+00  0.000000e+00  1.000000e+00
   outer loop
     vertex  1.033089e+01  9.448425e+00  2.400000e+01
     vertex  2.495321e+00  2.159485e+00  2.400000e+01
     vertex  1.058621e+01  9.161451e+00  2.400000e+01
   endloop
 endfacet
 facet normal  0.000000e+00  0.000000e+00  1.000000e+00
   outer loop
     vertex  9.519066e+00  1.026584e+01  2.400000e+01
     vertex  9.233849e+00  1.052312e+01  2.400000e+01
     vertex  2.176550e+00  2.480449e+00  2.400000e+01
   endloop
 endfacet
 facet normal  0.000000e+00  0.000000e+00  1.000000e+00
   outer loop
     vertex  9.519066e+00  1.026584e+01  2.400000e+01
     vertex  2.176550e+00  2.480449e+00  2.400000e+01
     vertex  2.243780e+00  2.419804e+00  2.400000e+01
   endloop
 endfacet
 facet normal  0.000000e+00  0.000000e+00  1.000000e+00
   outer loop
     vertex  1.006779e+01  9.728287e+00  2.400000e+01
     vertex  2.435138e+00  2.227129e+00  2.400000e+01
     vertex  1.033089e+01  9.448425e+00  2.400000e+01
   endloop
 endfacet
 facet normal  0.000000e+00  0.000000e+00  1.000000e+00
   outer loop
     vertex  1.006779e+01  9.728287e+00  2.400000e+01
     vertex  2.373122e+00  2.293096e+00  2.400000e+01
     vertex  2.435138e+00  2.227129e+00  2.400000e+01
   endloop
 endfacet
 facet normal  0.000000e+00  0.000000e+00  1.000000e+00
   outer loop
     vertex  9.797116e+00  1.000083e+01  2.400000e+01
     vertex  2.309320e+00  2.357337e+00  2.400000e+01
     vertex  2.373122e+00  2.293096e+00  2.400000e+01
   endloop
 endfacet
 facet normal  0.000000e+00  0.000000e+00  1.000000e+00
   outer loop
     vertex  9.797116e+00  1.000083e+01  2.400000e+01
     vertex  2.243780e+00  2.419804e+00  2.400000e+01
     vertex  2.309320e+00  2.357337e+00  2.400000e+01
   endloop
 endfacet
 facet normal  0.000000e+00  0.000000e+00  1.000000e+00
   outer loop
     vertex  9.797116e+00  1.000083e+01  2.400000e+01
     vertex  9.519066e+00  1.026584e+01  2.400000e+01
     vertex  2.243780e+00  2.419804e+00  2.400000e+01
   endloop
 endfacet
 facet normal  0.000000e+00  0.000000e+00  1.000000e+00
   outer loop
     vertex  9.797116e+00  1.000083e+01  2.400000e+01
     vertex  2.373122e+00  2.293096e+00  2.400000e+01
     vertex  1.006779e+01  9.728287e+00  2.400000e+01
   endloop
 endfacet
 facet normal  0.000000e+00  0.000000e+00 -1.000000e+00
   outer loop
     vertex -1.045953e+01 -9.305814e+00  0.000000e+00
     vertex -9.933389e+00 -9.865485e+00  0.000000e+00
     vertex -1.020030e+01 -9.589258e+00  0.000000e+00
   endloop
 endfacet
 facet normal  0.000000e+00  0.000000e+00 -1.000000e+00
   outer loop
     vertex -9.088621e+00 -1.064880e+01  0.000000e+00
     vertex -9.659000e+00 -1.013428e+01  0.000000e+00
     vertex -9.933389e+00 -9.865485e+00  0.000000e+00
   endloop
 endfacet
 facet normal  0.000000e+00  0.000000e+00 -1.000000e+00
   outer loop
     vertex -9.088621e+00 -1.064880e+01  0.000000e+00
     vertex -9.377340e+00 -1.039546e+01  0.000000e+00
     vertex -9.659000e+00 -1.013428e+01  0.000000e+00
   endloop
 endfacet
 facet normal  0.000000e+00  0.000000e+00 -1.000000e+00
   outer loop
     vertex -8.490881e+00 -1.113126e+01  0.000000e+00
     vertex -9.088621e+00 -1.064880e+01  0.000000e+00
     vertex -9.933389e+00 -9.865485e+00  0.000000e+00
   endloop
 endfacet
 facet normal  0.000000e+00  0.000000e+00 -1.000000e+00
   outer loop
     vertex -8.490881e+00 -1.113126e+01  0.000000e+00
     vertex -8.793060e+00 -1.089413e+01  0.000000e+00
     vertex -9.088621e+00 -1.064880e+01  0.000000e+00
   endloop
 endfacet
 facet normal  0.000000e+00  0.000000e+00 -1.000000e+00
   outer loop
     vertex -1.118924e+01 -8.414328e+00  0.000000e+00
     vertex -1.071089e+01 -9.015364e+00  0.000000e+00
     vertex -1.095419e+01 -8.718127e+00  0.000000e+00
   endloop
 endfacet
 facet normal  0.000000e+00  0.000000e+00 -1.000000e+00
   outer loop
     vertex -1.118924e+01 -8.414328e+00  0.000000e+00
     vertex -1.045953e+01 -9.305814e+00  0.000000e+00
     vertex -1.071089e+01 -9.015364e+00  0.000000e+00
   endloop
 endfacet
 facet normal  0.000000e+00  0.000000e+00 -1.000000e+00
   outer loop
     vertex -1.118924e+01 -8.414328e+00  0.000000e+00
     vertex -9.933389e+00 -9.865485e+00  0.000000e+00
     vertex -1.045953e+01 -9.305814e+00  0.000000e+00
   endloop
 endfacet
 facet normal  0.000000e+00  0.000000e+00 -1.000000e+00
   outer loop
     vertex -7.546926e+00 -1.179169e+01  0.000000e+00
     vertex -8.182309e+00 -1.136001e+01  0.000000e+00
     vertex -8.490881e+00 -1.113126e+01  0.000000e+00
   endloop
 endfacet
 facet normal  0.000000e+00  0.000000e+00 -1.000000e+00
   outer loop
     vertex -7.546926e+00 -1.179169e+01  0.000000e+00
     vertex -7.867579e+00 -1.158021e+01  0.000000e+00
     vertex -8.182309e+00 -1.136001e+01  0.000000e+00
   endloop
 endfacet
 facet normal  0.000000e+00  0.000000e+00 -1.000000e+00
   outer loop
     vertex -7.546926e+00 -1.179169e+01  0.000000e+00
     vertex -8.490881e+00 -1.113126e+01  0.000000e+00
     vertex -9.933389e+00 -9.865485e+00  0.000000e+00
   endloop
 endfacet
 facet normal  0.000000e+00  0.000000e+00 -1.000000e+00
   outer loop
     vertex -1.184318e+01 -7.465865e+00  0.000000e+00
     vertex -1.141587e+01 -8.104195e+00  0.000000e+00
     vertex -1.163390e+01 -7.787961e+00  0.000000e+00
   endloop
 endfacet
 facet normal  0.000000e+00  0.000000e+00 -1.000000e+00
   outer loop
     vertex -1.184318e+01 -7.465865e+00  0.000000e+00
     vertex -1.118924e+01 -8.414328e+00  0.000000e+00
     vertex -1.141587e+01 -8.104195e+00  0.000000e+00
   endloop
 endfacet
 facet normal  0.000000e+00  0.000000e+00 -1.000000e+00
   outer loop
     vertex -1.184318e+01 -7.465865e+00  0.000000e+00
     vertex -9.933389e+00 -9.865485e+00  0.000000e+00
     vertex -1.118924e+01 -8.414328e+00  0.000000e+00
   endloop
 endfacet
 facet normal  0.000000e+00  0.000000e+00 -1.000000e+00
   outer loop
     vertex -1.204354e+01 -7.138149e+00  0.000000e+00
     vertex -9.933389e+00 -9.865485e+00  0.000000e+00
     vertex -1.184318e+01 -7.465865e+00  0.000000e+00
   endloop
 endfacet
 facet normal  0.000000e+00  0.000000e+00 -1.000000e+00
   outer loop
     vertex -6.888821e+00 -1.218787e+01  0.000000e+00
     vertex -7.220591e+00 -1.199429e+01  0.000000e+00
     vertex -7.546926e+00 -1.179169e+01  0.000000e+00
   endloop
 endfacet
 facet normal  0.000000e+00  0.000000e+00 -1.000000e+00
   outer loop
     vertex -6.551866e+00 -1.237227e+01  0.000000e+00
     vertex -6.888821e+00 -1.218787e+01  0.000000e+00
     vertex -7.546926e+00 -1.179169e+01  0.000000e+00
   endloop
 endfacet
 facet normal  0.000000e+00  0.000000e+00 -1.000000e+00
   outer loop
     vertex -1.241692e+01 -6.466847e+00  0.000000e+00
     vertex -1.204354e+01 -7.138149e+00  0.000000e+00
     vertex -1.223483e+01 -6.805059e+00  0.000000e+00
   endloop
 endfacet
 facet normal  0.000000e+00  0.000000e+00 -1.000000e+00
   outer loop
     vertex -1.275292e+01 -5.776076e+00  0.000000e+00
     vertex -1.241692e+01 -6.466847e+00  0.000000e+00
     vertex -1.258966e+01 -6.123766e+00  0.000000e+00
   endloop
 endfacet
 facet normal  0.000000e+00  0.000000e+00 -1.000000e+00
   outer loop
     vertex -5.512441e+00 -1.286907e+01  0.000000e+00
     vertex -6.209979e+00 -1.254736e+01  0.000000e+00
     vertex -6.551866e+00 -1.237227e+01  0.000000e+00
   endloop
 endfacet
 facet normal  0.000000e+00  0.000000e+00 -1.000000e+00
   outer loop
     vertex -5.512441e+00 -1.286907e+01  0.000000e+00
     vertex -5.863416e+00 -1.271300e+01  0.000000e+00
     vertex -6.209979e+00 -1.254736e+01  0.000000e+00
   endloop
 endfacet
 facet normal  0.000000e+00  0.000000e+00 -1.000000e+00
   outer loop
     vertex -5.512441e+00 -1.286907e+01  0.000000e+00
     vertex -6.551866e+00 -1.237227e+01  0.000000e+00
     vertex -7.546926e+00 -1.179169e+01  0.000000e+00
   endloop
 endfacet
 facet normal  0.000000e+00  0.000000e+00 -1.000000e+00
   outer loop
     vertex -1.290658e+01 -5.424038e+00  0.000000e+00
     vertex -1.204354e+01 -7.138149e+00  0.000000e+00
     vertex -1.241692e+01 -6.466847e+00  0.000000e+00
   endloop
 endfacet
 facet normal  0.000000e+00  0.000000e+00 -1.000000e+00
   outer loop
     vertex -1.290658e+01 -5.424038e+00  0.000000e+00
     vertex -1.241692e+01 -6.466847e+00  0.000000e+00
     vertex -1.275292e+01 -5.776076e+00  0.000000e+00
   endloop
 endfacet
 facet normal  0.000000e+00  0.000000e+00 -1.000000e+00
   outer loop
     vertex -1.330884e+01 -4.344500e+00  0.000000e+00
     vertex -1.305053e+01 -5.067917e+00  0.000000e+00
     vertex -1.318465e+01 -4.707980e+00  0.000000e+00
   endloop
 endfacet
 facet normal  0.000000e+00  0.000000e+00 -1.000000e+00
   outer loop
     vertex -1.342302e+01 -3.977749e+00  0.000000e+00
     vertex -1.305053e+01 -5.067917e+00  0.000000e+00
     vertex -1.330884e+01 -4.344500e+00  0.000000e+00
   endloop
 endfacet
 facet normal  0.000000e+00  0.000000e+00 -1.000000e+00
   outer loop
     vertex -3.700706e+00 -1.350203e+01  0.000000e+00
     vertex -4.435687e+00 -1.327873e+01  0.000000e+00
     vertex -4.798307e+00 -1.315204e+01  0.000000e+00
   endloop
 endfacet
 facet normal  0.000000e+00  0.000000e+00 -1.000000e+00
   outer loop
     vertex -3.700706e+00 -1.350203e+01  0.000000e+00
     vertex -4.069729e+00 -1.339542e+01  0.000000e+00
     vertex -4.435687e+00 -1.327873e+01  0.000000e+00
   endloop
 endfacet
 facet normal  0.000000e+00  0.000000e+00 -1.000000e+00
   outer loop
     vertex -3.328898e+00 -1.359847e+01  0.000000e+00
     vertex -3.700706e+00 -1.350203e+01  0.000000e+00
     vertex -4.798307e+00 -1.315204e+01  0.000000e+00
   endloop
 endfacet
 facet normal  0.000000e+00  0.000000e+00 -1.000000e+00
   outer loop
     vertex -3.328898e+00 -1.359847e+01  0.000000e+00
     vertex -4.798307e+00 -1.315204e+01  0.000000e+00
     vertex -5.157315e+00 -1.301546e+01  0.000000e+00
   endloop
 endfacet
 facet normal  0.000000e+00  0.000000e+00 -1.000000e+00
   outer loop
     vertex -1.362099e+01 -3.235543e+00  0.000000e+00
     vertex -1.342302e+01 -3.977749e+00  0.000000e+00
     vertex -1.352710e+01 -3.608004e+00  0.000000e+00
   endloop
 endfacet
 facet normal  0.000000e+00  0.000000e+00 -1.000000e+00
   outer loop
     vertex -2.954584e+00 -1.368468e+01  0.000000e+00
     vertex -3.328898e+00 -1.359847e+01  0.000000e+00
     vertex -5.157315e+00 -1.301546e+01  0.000000e+00
   endloop
 endfacet
 facet normal  0.000000e+00  0.000000e+00 -1.000000e+00
   outer loop
     vertex -2.954584e+00 -1.368468e+01  0.000000e+00
     vertex -5.157315e+00 -1.301546e+01  0.000000e+00
     vertex -5.512441e+00 -1.286907e+01  0.000000e+00
   endloop
 endfacet
 facet normal  0.000000e+00  0.000000e+00 -1.000000e+00
   outer loop
     vertex -2.954584e+00 -1.368468e+01  0.000000e+00
     vertex -5.512441e+00 -1.286907e+01  0.000000e+00
     vertex -7.546926e+00 -1.179169e+01  0.000000e+00
   endloop
 endfacet
 facet normal  0.000000e+00  0.000000e+00 -1.000000e+00
   outer loop
     vertex -1.377794e+01 -2.483597e+00  0.000000e+00
     vertex -1.362099e+01 -3.235543e+00  0.000000e+00
     vertex -1.370462e+01 -2.860647e+00  0.000000e+00
   endloop
 endfacet
 facet normal  0.000000e+00  0.000000e+00 -1.000000e+00
   outer loop
     vertex -1.377794e+01 -2.483597e+00  0.000000e+00
     vertex -1.290658e+01 -5.424038e+00  0.000000e+00
     vertex -1.305053e+01 -5.067917e+00  0.000000e+00
   endloop
 endfacet
 facet normal  0.000000e+00  0.000000e+00 -1.000000e+00
   outer loop
     vertex -1.377794e+01 -2.483597e+00  0.000000e+00
     vertex -1.305053e+01 -5.067917e+00  0.000000e+00
     vertex -1.342302e+01 -3.977749e+00  0.000000e+00
   endloop
 endfacet
 facet normal  0.000000e+00  0.000000e+00 -1.000000e+00
   outer loop
     vertex -1.377794e+01 -2.483597e+00  0.000000e+00
     vertex -1.342302e+01 -3.977749e+00  0.000000e+00
     vertex -1.362099e+01 -3.235543e+00  0.000000e+00
   endloop
 endfacet
 facet normal  0.000000e+00  0.000000e+00 -1.000000e+00
   outer loop
     vertex -2.199567e+00 -1.382613e+01  0.000000e+00
     vertex -2.578046e+00 -1.376058e+01  0.000000e+00
     vertex -2.954584e+00 -1.368468e+01  0.000000e+00
   endloop
 endfacet
 facet normal  0.000000e+00  0.000000e+00 -1.000000e+00
   outer loop
     vertex -1.819432e+00 -1.388127e+01  0.000000e+00
     vertex -2.199567e+00 -1.382613e+01  0.000000e+00
     vertex -2.954584e+00 -1.368468e+01  0.000000e+00
   endloop
 endfacet
 facet normal  0.000000e+00  0.000000e+00 -1.000000e+00
   outer loop
     vertex -1.389342e+01 -1.724173e+00  0.000000e+00
     vertex -1.290658e+01 -5.424038e+00  0.000000e+00
     vertex -1.377794e+01 -2.483597e+00  0.000000e+00
   endloop
 endfacet
 facet normal  0.000000e+00  0.000000e+00 -1.000000e+00
   outer loop
     vertex -1.389342e+01 -1.724173e+00  0.000000e+00
     vertex -1.377794e+01 -2.483597e+00  0.000000e+00
     vertex -1.384089e+01 -2.104677e+00  0.000000e+00
   endloop
 endfacet
 facet normal  0.000000e+00  0.000000e+00 -1.000000e+00
   outer loop
     vertex -1.389342e+01 -1.724173e+00  0.000000e+00
     vertex -1.204354e+01 -7.138149e+00  0.000000e+00
     vertex -1.290658e+01 -5.424038e+00  0.000000e+00
   endloop
 endfacet
 facet normal  0.000000e+00  0.000000e+00 -1.000000e+00
   outer loop
     vertex -1.055341e+00 -1.396017e+01  0.000000e+00
     vertex -1.437928e+00 -1.392596e+01  0.000000e+00
     vertex -1.819432e+00 -1.388127e+01  0.000000e+00
   endloop
 endfacet
 facet normal  0.000000e+00  0.000000e+00 -1.000000e+00
   outer loop
     vertex -1.398814e+01 -5.760247e-01  0.000000e+00
     vertex -1.393550e+01 -1.342372e+00  0.000000e+00
     vertex -1.396708e+01 -9.595593e-01  0.000000e+00
   endloop
 endfacet
 facet normal  0.000000e+00  0.000000e+00 -1.000000e+00
   outer loop
     vertex -2.880733e-01 -1.399704e+01  0.000000e+00
     vertex -6.719602e-01 -1.398386e+01  0.000000e+00
     vertex -1.055341e+00 -1.396017e+01  0.000000e+00
   endloop
 endfacet
 facet normal  0.000000e+00  0.000000e+00 -1.000000e+00
   outer loop
     vertex -1.399868e+01 -1.920564e-01  0.000000e+00
     vertex -1.389342e+01 -1.724173e+00  0.000000e+00
     vertex -1.393550e+01 -1.342372e+00  0.000000e+00
   endloop
 endfacet
 facet normal  0.000000e+00  0.000000e+00 -1.000000e+00
   outer loop
     vertex -1.399868e+01 -1.920564e-01  0.000000e+00
     vertex -1.393550e+01 -1.342372e+00  0.000000e+00
     vertex -1.398814e+01 -5.760247e-01  0.000000e+00
   endloop
 endfacet
 facet normal  0.000000e+00  0.000000e+00 -1.000000e+00
   outer loop
     vertex  4.800620e-01 -1.399177e+01  0.000000e+00
     vertex  9.603046e-02 -1.399967e+01  0.000000e+00
     vertex -2.880733e-01 -1.399704e+01  0.000000e+00
   endloop
 endfacet
 facet normal  0.000000e+00  0.000000e+00 -1.000000e+00
   outer loop
     vertex -1.398814e+01  5.760247e-01  0.000000e+00
     vertex -1.399868e+01 -1.920564e-01  0.000000e+00
     vertex -1.399868e+01  1.920564e-01  0.000000e+00
   endloop
 endfacet
 facet normal  0.000000e+00  0.000000e+00 -1.000000e+00
   outer loop
     vertex -1.396708e+01  9.595593e-01  0.000000e+00
     vertex -1.399868e+01 -1.920564e-01  0.000000e+00
     vertex -1.398814e+01  5.760247e-01  0.000000e+00
   endloop
 endfacet
 facet normal  0.000000e+00  0.000000e+00 -1.000000e+00
   outer loop
     vertex  1.246752e+00 -1.394438e+01  0.000000e+00
     vertex  8.637321e-01 -1.397333e+01  0.000000e+00
     vertex  4.800620e-01 -1.399177e+01  0.000000e+00
   endloop
 endfacet
 facet normal  0.000000e+00 -0.000000e+00 -1.000000e+00
   outer loop
     vertex -1.393550e+01  1.342372e+00  0.000000e+00
     vertex -1.389342e+01 -1.724173e+00  0.000000e+00
     vertex -1.399868e+01 -1.920564e-01  0.000000e+00
   endloop
 endfacet
 facet normal  0.000000e+00  0.000000e+00 -1.000000e+00
   outer loop
     vertex -1.393550e+01  1.342372e+00  0.000000e+00
     vertex -1.204354e+01 -7.138149e+00  0.000000e+00
     vertex -1.389342e+01 -1.724173e+00  0.000000e+00
   endloop
 endfacet
 facet normal  0.000000e+00  0.000000e+00 -1.000000e+00
   outer loop
     vertex -1.393550e+01  1.342372e+00  0.000000e+00
     vertex -1.399868e+01 -1.920564e-01  0.000000e+00
     vertex -1.396708e+01  9.595593e-01  0.000000e+00
   endloop
 endfacet
 facet normal  0.000000e+00  0.000000e+00 -1.000000e+00
   outer loop
     vertex -1.393550e+01  1.342372e+00  0.000000e+00
     vertex -7.546926e+00 -1.179169e+01  0.000000e+00
     vertex -9.933389e+00 -9.865485e+00  0.000000e+00
   endloop
 endfacet
 facet normal  0.000000e+00  0.000000e+00 -1.000000e+00
   outer loop
     vertex -1.393550e+01  1.342372e+00  0.000000e+00
     vertex -9.933389e+00 -9.865485e+00  0.000000e+00
     vertex -1.204354e+01 -7.138149e+00  0.000000e+00
   endloop
 endfacet
 facet normal  0.000000e+00  0.000000e+00 -1.000000e+00
   outer loop
     vertex -1.393550e+01  1.342372e+00  0.000000e+00
     vertex -2.954584e+00 -1.368468e+01  0.000000e+00
     vertex -7.546926e+00 -1.179169e+01  0.000000e+00
   endloop
 endfacet
 facet normal  0.000000e+00  0.000000e+00 -1.000000e+00
   outer loop
     vertex  1.628833e+00 -1.390492e+01  0.000000e+00
     vertex -1.819432e+00 -1.388127e+01  0.000000e+00
     vertex -2.954584e+00 -1.368468e+01  0.000000e+00
   endloop
 endfacet
 facet normal -0.000000e+00  0.000000e+00 -1.000000e+00
   outer loop
     vertex  1.628833e+00 -1.390492e+01  0.000000e+00
     vertex -1.055341e+00 -1.396017e+01  0.000000e+00
     vertex -1.819432e+00 -1.388127e+01  0.000000e+00
   endloop
 endfacet
 facet normal  0.000000e+00  0.000000e+00 -1.000000e+00
   outer loop
     vertex  1.628833e+00 -1.390492e+01  0.000000e+00
     vertex -2.880733e-01 -1.399704e+01  0.000000e+00
     vertex -1.055341e+00 -1.396017e+01  0.000000e+00
   endloop
 endfacet
 facet normal  0.000000e+00  0.000000e+00 -1.000000e+00
   outer loop
     vertex  1.628833e+00 -1.390492e+01  0.000000e+00
     vertex  4.800620e-01 -1.399177e+01  0.000000e+00
     vertex -2.880733e-01 -1.399704e+01  0.000000e+00
   endloop
 endfacet
 facet normal  0.000000e+00  0.000000e+00 -1.000000e+00
   outer loop
     vertex  1.628833e+00 -1.390492e+01  0.000000e+00
     vertex  1.246752e+00 -1.394438e+01  0.000000e+00
     vertex  4.800620e-01 -1.399177e+01  0.000000e+00
   endloop
 endfacet
 facet normal  0.000000e+00  0.000000e+00 -1.000000e+00
   outer loop
     vertex -1.384089e+01  2.104677e+00  0.000000e+00
     vertex -1.393550e+01  1.342372e+00  0.000000e+00
     vertex -1.389342e+01  1.724173e+00  0.000000e+00
   endloop
 endfacet
 facet normal -0.000000e+00  0.000000e+00 -1.000000e+00
   outer loop
     vertex  2.766575e+00 -1.372392e+01  0.000000e+00
     vertex  1.628833e+00 -1.390492e+01  0.000000e+00
     vertex -2.954584e+00 -1.368468e+01  0.000000e+00
   endloop
 endfacet
 facet normal  0.000000e+00  0.000000e+00 -1.000000e+00
   outer loop
     vertex  2.766575e+00 -1.372392e+01  0.000000e+00
     vertex  2.009689e+00 -1.385500e+01  0.000000e+00
     vertex  1.628833e+00 -1.390492e+01  0.000000e+00
   endloop
 endfacet
 facet normal  0.000000e+00  0.000000e+00 -1.000000e+00
   outer loop
     vertex  2.766575e+00 -1.372392e+01  0.000000e+00
     vertex  2.389031e+00 -1.379466e+01  0.000000e+00
     vertex  2.009689e+00 -1.385500e+01  0.000000e+00
   endloop
 endfacet
 facet normal  0.000000e+00  0.000000e+00 -1.000000e+00
   outer loop
     vertex -1.352710e+01  3.608004e+00  0.000000e+00
     vertex -1.370462e+01  2.860647e+00  0.000000e+00
     vertex -1.362099e+01  3.235543e+00  0.000000e+00
   endloop
 endfacet
 facet normal  0.000000e+00  0.000000e+00 -1.000000e+00
   outer loop
     vertex  4.617432e+00 -1.321663e+01  0.000000e+00
     vertex  3.142037e+00 -1.364286e+01  0.000000e+00
     vertex  2.766575e+00 -1.372392e+01  0.000000e+00
   endloop
 endfacet
 facet normal  0.000000e+00  0.000000e+00 -1.000000e+00
   outer loop
     vertex  4.617432e+00 -1.321663e+01  0.000000e+00
     vertex  3.515133e+00 -1.355153e+01  0.000000e+00
     vertex  3.142037e+00 -1.364286e+01  0.000000e+00
   endloop
 endfacet
 facet normal  0.000000e+00  0.000000e+00 -1.000000e+00
   outer loop
     vertex  4.617432e+00 -1.321663e+01  0.000000e+00
     vertex  3.885583e+00 -1.344999e+01  0.000000e+00
     vertex  3.515133e+00 -1.355153e+01  0.000000e+00
   endloop
 endfacet
 facet normal  0.000000e+00  0.000000e+00 -1.000000e+00
   outer loop
     vertex  4.617432e+00 -1.321663e+01  0.000000e+00
     vertex  4.253108e+00 -1.333833e+01  0.000000e+00
     vertex  3.885583e+00 -1.344999e+01  0.000000e+00
   endloop
 endfacet
 facet normal  0.000000e+00  0.000000e+00 -1.000000e+00
   outer loop
     vertex -1.318465e+01  4.707980e+00  0.000000e+00
     vertex -1.342302e+01  3.977749e+00  0.000000e+00
     vertex -1.330884e+01  4.344500e+00  0.000000e+00
   endloop
 endfacet
 facet normal  0.000000e+00  0.000000e+00 -1.000000e+00
   outer loop
     vertex -1.290658e+01  5.424038e+00  0.000000e+00
     vertex -1.318465e+01  4.707980e+00  0.000000e+00
     vertex -1.305053e+01  5.067917e+00  0.000000e+00
   endloop
 endfacet
 facet normal  0.000000e+00  0.000000e+00 -1.000000e+00
   outer loop
     vertex  5.688464e+00 -1.279224e+01  0.000000e+00
     vertex -1.352710e+01  3.608004e+00  0.000000e+00
     vertex -1.342302e+01  3.977749e+00  0.000000e+00
   endloop
 endfacet
 facet normal  0.000000e+00  0.000000e+00 -1.000000e+00
   outer loop
     vertex  5.688464e+00 -1.279224e+01  0.000000e+00
     vertex -1.377794e+01  2.483597e+00  0.000000e+00
     vertex -1.370462e+01  2.860647e+00  0.000000e+00
   endloop
 endfacet
 facet normal  0.000000e+00  0.000000e+00 -1.000000e+00
   outer loop
     vertex  5.688464e+00 -1.279224e+01  0.000000e+00
     vertex -1.384089e+01  2.104677e+00  0.000000e+00
     vertex -1.377794e+01  2.483597e+00  0.000000e+00
   endloop
 endfacet
 facet normal -0.000000e+00  0.000000e+00 -1.000000e+00
   outer loop
     vertex  5.688464e+00 -1.279224e+01  0.000000e+00
     vertex -2.954584e+00 -1.368468e+01  0.000000e+00
     vertex -1.393550e+01  1.342372e+00  0.000000e+00
   endloop
 endfacet
 facet normal  0.000000e+00  0.000000e+00 -1.000000e+00
   outer loop
     vertex  5.688464e+00 -1.279224e+01  0.000000e+00
     vertex -1.393550e+01  1.342372e+00  0.000000e+00
     vertex -1.384089e+01  2.104677e+00  0.000000e+00
   endloop
 endfacet
 facet normal  0.000000e+00  0.000000e+00 -1.000000e+00
   outer loop
     vertex  5.688464e+00 -1.279224e+01  0.000000e+00
     vertex  2.766575e+00 -1.372392e+01  0.000000e+00
     vertex -2.954584e+00 -1.368468e+01  0.000000e+00
   endloop
 endfacet
 facet normal  0.000000e+00  0.000000e+00 -1.000000e+00
   outer loop
     vertex  5.688464e+00 -1.279224e+01  0.000000e+00
     vertex -1.370462e+01  2.860647e+00  0.000000e+00
     vertex -1.352710e+01  3.608004e+00  0.000000e+00
   endloop
 endfacet
 facet normal  0.000000e+00  0.000000e+00 -1.000000e+00
   outer loop
     vertex  5.688464e+00 -1.279224e+01  0.000000e+00
     vertex  4.617432e+00 -1.321663e+01  0.000000e+00
     vertex  2.766575e+00 -1.372392e+01  0.000000e+00
   endloop
 endfacet
 facet normal  0.000000e+00  0.000000e+00 -1.000000e+00
   outer loop
     vertex  5.688464e+00 -1.279224e+01  0.000000e+00
     vertex  4.978280e+00 -1.308498e+01  0.000000e+00
     vertex  4.617432e+00 -1.321663e+01  0.000000e+00
   endloop
 endfacet
 facet normal  0.000000e+00  0.000000e+00 -1.000000e+00
   outer loop
     vertex  5.688464e+00 -1.279224e+01  0.000000e+00
     vertex  5.335380e+00 -1.294348e+01  0.000000e+00
     vertex  4.978280e+00 -1.308498e+01  0.000000e+00
   endloop
 endfacet
 facet normal  0.000000e+00  0.000000e+00 -1.000000e+00
   outer loop
     vertex  5.688464e+00 -1.279224e+01  0.000000e+00
     vertex -1.342302e+01  3.977749e+00  0.000000e+00
     vertex -1.318465e+01  4.707980e+00  0.000000e+00
   endloop
 endfacet
 facet normal  0.000000e+00  0.000000e+00 -1.000000e+00
   outer loop
     vertex -1.223483e+01  6.805059e+00  0.000000e+00
     vertex -1.258966e+01  6.123766e+00  0.000000e+00
     vertex -1.241692e+01  6.466847e+00  0.000000e+00
   endloop
 endfacet
 facet normal  0.000000e+00  0.000000e+00 -1.000000e+00
   outer loop
     vertex -1.184318e+01  7.465865e+00  0.000000e+00
     vertex -1.258966e+01  6.123766e+00  0.000000e+00
     vertex -1.223483e+01  6.805059e+00  0.000000e+00
   endloop
 endfacet
 facet normal  0.000000e+00  0.000000e+00 -1.000000e+00
   outer loop
     vertex -1.184318e+01  7.465865e+00  0.000000e+00
     vertex -1.223483e+01  6.805059e+00  0.000000e+00
     vertex -1.204354e+01  7.138149e+00  0.000000e+00
   endloop
 endfacet
 facet normal  0.000000e+00  0.000000e+00 -1.000000e+00
   outer loop
     vertex  7.707977e+00 -1.168705e+01  0.000000e+00
     vertex  7.384453e+00 -1.189411e+01  0.000000e+00
     vertex  7.055370e+00 -1.209222e+01  0.000000e+00
   endloop
 endfacet
 facet normal  0.000000e+00  0.000000e+00 -1.000000e+00
   outer loop
     vertex  8.025699e+00 -1.147119e+01  0.000000e+00
     vertex  7.707977e+00 -1.168705e+01  0.000000e+00
     vertex  7.055370e+00 -1.209222e+01  0.000000e+00
   endloop
 endfacet
 facet normal  0.000000e+00  0.000000e+00 -1.000000e+00
   outer loop
     vertex  8.025699e+00 -1.147119e+01  0.000000e+00
     vertex  7.055370e+00 -1.209222e+01  0.000000e+00
     vertex  6.720976e+00 -1.228122e+01  0.000000e+00
   endloop
 endfacet
 facet normal  0.000000e+00  0.000000e+00 -1.000000e+00
   outer loop
     vertex -1.141587e+01  8.104195e+00  0.000000e+00
     vertex -1.258966e+01  6.123766e+00  0.000000e+00
     vertex -1.184318e+01  7.465865e+00  0.000000e+00
   endloop
 endfacet
 facet normal  0.000000e+00  0.000000e+00 -1.000000e+00
   outer loop
     vertex -1.141587e+01  8.104195e+00  0.000000e+00
     vertex -1.184318e+01  7.465865e+00  0.000000e+00
     vertex -1.163390e+01  7.787961e+00  0.000000e+00
   endloop
 endfacet
 facet normal  0.000000e+00  0.000000e+00 -1.000000e+00
   outer loop
     vertex  8.337380e+00 -1.124669e+01  0.000000e+00
     vertex  8.025699e+00 -1.147119e+01  0.000000e+00
     vertex  6.720976e+00 -1.228122e+01  0.000000e+00
   endloop
 endfacet
 facet normal -0.000000e+00  0.000000e+00 -1.000000e+00
   outer loop
     vertex  8.642784e+00 -1.101373e+01  0.000000e+00
     vertex  5.688464e+00 -1.279224e+01  0.000000e+00
     vertex -1.318465e+01  4.707980e+00  0.000000e+00
   endloop
 endfacet
 facet normal  0.000000e+00  0.000000e+00 -1.000000e+00
   outer loop
     vertex  8.642784e+00 -1.101373e+01  0.000000e+00
     vertex  8.337380e+00 -1.124669e+01  0.000000e+00
     vertex  6.720976e+00 -1.228122e+01  0.000000e+00
   endloop
 endfacet
 facet normal  0.000000e+00  0.000000e+00 -1.000000e+00
   outer loop
     vertex  8.642784e+00 -1.101373e+01  0.000000e+00
     vertex  6.037266e+00 -1.263137e+01  0.000000e+00
     vertex  5.688464e+00 -1.279224e+01  0.000000e+00
   endloop
 endfacet
 facet normal  0.000000e+00  0.000000e+00 -1.000000e+00
   outer loop
     vertex  8.642784e+00 -1.101373e+01  0.000000e+00
     vertex  6.381523e+00 -1.246099e+01  0.000000e+00
     vertex  6.037266e+00 -1.263137e+01  0.000000e+00
   endloop
 endfacet
 facet normal  0.000000e+00  0.000000e+00 -1.000000e+00
   outer loop
     vertex  8.642784e+00 -1.101373e+01  0.000000e+00
     vertex -1.318465e+01  4.707980e+00  0.000000e+00
     vertex -1.290658e+01  5.424038e+00  0.000000e+00
   endloop
 endfacet
 facet normal  0.000000e+00  0.000000e+00 -1.000000e+00
   outer loop
     vertex  8.642784e+00 -1.101373e+01  0.000000e+00
     vertex  6.720976e+00 -1.228122e+01  0.000000e+00
     vertex  6.381523e+00 -1.246099e+01  0.000000e+00
   endloop
 endfacet
 facet normal  0.000000e+00  0.000000e+00 -1.000000e+00
   outer loop
     vertex  8.642784e+00 -1.101373e+01  0.000000e+00
     vertex -1.275292e+01  5.776076e+00  0.000000e+00
     vertex -1.258966e+01  6.123766e+00  0.000000e+00
   endloop
 endfacet
 facet normal  0.000000e+00  0.000000e+00 -1.000000e+00
   outer loop
     vertex  8.642784e+00 -1.101373e+01  0.000000e+00
     vertex -1.290658e+01  5.424038e+00  0.000000e+00
     vertex -1.275292e+01  5.776076e+00  0.000000e+00
   endloop
 endfacet
 facet normal  0.000000e+00  0.000000e+00 -1.000000e+00
   outer loop
     vertex -1.071089e+01  9.015364e+00  0.000000e+00
     vertex -1.118924e+01  8.414328e+00  0.000000e+00
     vertex -1.095419e+01  8.718127e+00  0.000000e+00
   endloop
 endfacet
 facet normal  0.000000e+00  0.000000e+00 -1.000000e+00
   outer loop
     vertex -1.071089e+01  9.015364e+00  0.000000e+00
     vertex -1.141587e+01  8.104195e+00  0.000000e+00
     vertex -1.118924e+01  8.414328e+00  0.000000e+00
   endloop
 endfacet
 facet normal  0.000000e+00  0.000000e+00 -1.000000e+00
   outer loop
     vertex  9.519066e+00 -1.026584e+01  0.000000e+00
     vertex  8.941682e+00 -1.077248e+01  0.000000e+00
     vertex  8.642784e+00 -1.101373e+01  0.000000e+00
   endloop
 endfacet
 facet normal  0.000000e+00  0.000000e+00 -1.000000e+00
   outer loop
     vertex  9.519066e+00 -1.026584e+01  0.000000e+00
     vertex  9.233849e+00 -1.052312e+01  0.000000e+00
     vertex  8.941682e+00 -1.077248e+01  0.000000e+00
   endloop
 endfacet
 facet normal  0.000000e+00  0.000000e+00 -1.000000e+00
   outer loop
     vertex -9.933389e+00  9.865485e+00  0.000000e+00
     vertex -1.141587e+01  8.104195e+00  0.000000e+00
     vertex -1.071089e+01  9.015364e+00  0.000000e+00
   endloop
 endfacet
 facet normal  0.000000e+00  0.000000e+00 -1.000000e+00
   outer loop
     vertex -9.933389e+00  9.865485e+00  0.000000e+00
     vertex -1.045953e+01  9.305814e+00  0.000000e+00
     vertex -1.020030e+01  9.589258e+00  0.000000e+00
   endloop
 endfacet
 facet normal  0.000000e+00  0.000000e+00 -1.000000e+00
   outer loop
     vertex -9.933389e+00  9.865485e+00  0.000000e+00
     vertex -1.071089e+01  9.015364e+00  0.000000e+00
     vertex -1.045953e+01  9.305814e+00  0.000000e+00
   endloop
 endfacet
 facet normal  0.000000e+00  0.000000e+00 -1.000000e+00
   outer loop
     vertex  1.033089e+01 -9.448425e+00  0.000000e+00
     vertex  1.006779e+01 -9.728287e+00  0.000000e+00
     vertex  9.797116e+00 -1.000083e+01  0.000000e+00
   endloop
 endfacet
 facet normal  0.000000e+00  0.000000e+00 -1.000000e+00
   outer loop
     vertex  1.058621e+01 -9.161451e+00  0.000000e+00
     vertex -1.258966e+01  6.123766e+00  0.000000e+00
     vertex -1.141587e+01  8.104195e+00  0.000000e+00
   endloop
 endfacet
 facet normal -0.000000e+00  0.000000e+00 -1.000000e+00
   outer loop
     vertex  1.058621e+01 -9.161451e+00  0.000000e+00
     vertex  8.642784e+00 -1.101373e+01  0.000000e+00
     vertex -1.258966e+01  6.123766e+00  0.000000e+00
   endloop
 endfacet
 facet normal  0.000000e+00  0.000000e+00 -1.000000e+00
   outer loop
     vertex  1.058621e+01 -9.161451e+00  0.000000e+00
     vertex  9.519066e+00 -1.026584e+01  0.000000e+00
     vertex  8.642784e+00 -1.101373e+01  0.000000e+00
   endloop
 endfacet
 facet normal  0.000000e+00  0.000000e+00 -1.000000e+00
   outer loop
     vertex  1.058621e+01 -9.161451e+00  0.000000e+00
     vertex  1.033089e+01 -9.448425e+00  0.000000e+00
     vertex  9.797116e+00 -1.000083e+01  0.000000e+00
   endloop
 endfacet
 facet normal  0.000000e+00  0.000000e+00 -1.000000e+00
   outer loop
     vertex  1.058621e+01 -9.161451e+00  0.000000e+00
     vertex  9.797116e+00 -1.000083e+01  0.000000e+00
     vertex  9.519066e+00 -1.026584e+01  0.000000e+00
   endloop
 endfacet
 facet normal  0.000000e+00  0.000000e+00 -1.000000e+00
   outer loop
     vertex -8.182309e+00  1.136001e+01  0.000000e+00
     vertex -8.793060e+00  1.089413e+01  0.000000e+00
     vertex -8.490881e+00  1.113126e+01  0.000000e+00
   endloop
 endfacet
 facet normal  0.000000e+00  0.000000e+00 -1.000000e+00
   outer loop
     vertex  1.152597e+01 -7.946826e+00  0.000000e+00
     vertex  1.083356e+01 -8.867580e+00  0.000000e+00
     vertex  1.058621e+01 -9.161451e+00  0.000000e+00
   endloop
 endfacet
 facet normal  0.000000e+00  0.000000e+00 -1.000000e+00
   outer loop
     vertex  1.152597e+01 -7.946826e+00  0.000000e+00
     vertex  1.107276e+01 -8.567034e+00  0.000000e+00
     vertex  1.083356e+01 -8.867580e+00  0.000000e+00
   endloop
 endfacet
 facet normal  0.000000e+00  0.000000e+00 -1.000000e+00
   outer loop
     vertex  1.152597e+01 -7.946826e+00  0.000000e+00
     vertex  1.130362e+01 -8.260039e+00  0.000000e+00
     vertex  1.107276e+01 -8.567034e+00  0.000000e+00
   endloop
 endfacet
 facet normal  0.000000e+00  0.000000e+00 -1.000000e+00
   outer loop
     vertex -7.867579e+00  1.158021e+01  0.000000e+00
     vertex -8.793060e+00  1.089413e+01  0.000000e+00
     vertex -8.182309e+00  1.136001e+01  0.000000e+00
   endloop
 endfacet
 facet normal  0.000000e+00  0.000000e+00 -1.000000e+00
   outer loop
     vertex -7.867579e+00  1.158021e+01  0.000000e+00
     vertex -9.088621e+00  1.064880e+01  0.000000e+00
     vertex -8.793060e+00  1.089413e+01  0.000000e+00
   endloop
 endfacet
 facet normal  0.000000e+00  0.000000e+00 -1.000000e+00
   outer loop
     vertex -7.867579e+00  1.158021e+01  0.000000e+00
     vertex -9.377340e+00  1.039546e+01  0.000000e+00
     vertex -9.088621e+00  1.064880e+01  0.000000e+00
   endloop
 endfacet
 facet normal  0.000000e+00  0.000000e+00 -1.000000e+00
   outer loop
     vertex -7.867579e+00  1.158021e+01  0.000000e+00
     vertex -9.659000e+00  1.013428e+01  0.000000e+00
     vertex -9.377340e+00  1.039546e+01  0.000000e+00
   endloop
 endfacet
 facet normal -0.000000e+00  0.000000e+00 -1.000000e+00
   outer loop
     vertex  1.173964e+01 -7.627631e+00  0.000000e+00
     vertex  1.058621e+01 -9.161451e+00  0.000000e+00
     vertex -1.141587e+01  8.104195e+00  0.000000e+00
   endloop
 endfacet
 facet normal  0.000000e+00  0.000000e+00 -1.000000e+00
   outer loop
     vertex  1.173964e+01 -7.627631e+00  0.000000e+00
     vertex  1.152597e+01 -7.946826e+00  0.000000e+00
     vertex  1.058621e+01 -9.161451e+00  0.000000e+00
   endloop
 endfacet
 facet normal  0.000000e+00  0.000000e+00 -1.000000e+00
   outer loop
     vertex -6.888821e+00  1.218787e+01  0.000000e+00
     vertex -7.546926e+00  1.179169e+01  0.000000e+00
     vertex -7.220591e+00  1.199429e+01  0.000000e+00
   endloop
 endfacet
 facet normal  0.000000e+00  0.000000e+00 -1.000000e+00
   outer loop
     vertex -6.888821e+00  1.218787e+01  0.000000e+00
     vertex -7.867579e+00  1.158021e+01  0.000000e+00
     vertex -7.546926e+00  1.179169e+01  0.000000e+00
   endloop
 endfacet
 facet normal  0.000000e+00  0.000000e+00 -1.000000e+00
   outer loop
     vertex -6.888821e+00  1.218787e+01  0.000000e+00
     vertex -9.933389e+00  9.865485e+00  0.000000e+00
     vertex -9.659000e+00  1.013428e+01  0.000000e+00
   endloop
 endfacet
 facet normal  0.000000e+00  0.000000e+00 -1.000000e+00
   outer loop
     vertex -6.888821e+00  1.218787e+01  0.000000e+00
     vertex -9.659000e+00  1.013428e+01  0.000000e+00
     vertex -7.867579e+00  1.158021e+01  0.000000e+00
   endloop
 endfacet
 facet normal  0.000000e+00  0.000000e+00 -1.000000e+00
   outer loop
     vertex  1.250447e+01 -6.295899e+00  0.000000e+00
     vertex  1.214033e+01 -6.972260e+00  0.000000e+00
     vertex  1.194448e+01 -7.302694e+00  0.000000e+00
   endloop
 endfacet
 facet normal  0.000000e+00  0.000000e+00 -1.000000e+00
   outer loop
     vertex  1.250447e+01 -6.295899e+00  0.000000e+00
     vertex  1.232704e+01 -6.636577e+00  0.000000e+00
     vertex  1.214033e+01 -6.972260e+00  0.000000e+00
   endloop
 endfacet
 facet normal  0.000000e+00  0.000000e+00 -1.000000e+00
   outer loop
     vertex -6.209979e+00  1.254736e+01  0.000000e+00
     vertex -6.888821e+00  1.218787e+01  0.000000e+00
     vertex -6.551866e+00  1.237227e+01  0.000000e+00
   endloop
 endfacet
 facet normal  0.000000e+00  0.000000e+00 -1.000000e+00
   outer loop
     vertex -5.863416e+00  1.271300e+01  0.000000e+00
     vertex -6.888821e+00  1.218787e+01  0.000000e+00
     vertex -6.209979e+00  1.254736e+01  0.000000e+00
   endloop
 endfacet
 facet normal  0.000000e+00  0.000000e+00 -1.000000e+00
   outer loop
     vertex  1.311882e+01 -4.888408e+00  0.000000e+00
     vertex  1.194448e+01 -7.302694e+00  0.000000e+00
     vertex  1.173964e+01 -7.627631e+00  0.000000e+00
   endloop
 endfacet
 facet normal  0.000000e+00  0.000000e+00 -1.000000e+00
   outer loop
     vertex  1.311882e+01 -4.888408e+00  0.000000e+00
     vertex  1.267248e+01 -5.950481e+00  0.000000e+00
     vertex  1.250447e+01 -6.295899e+00  0.000000e+00
   endloop
 endfacet
 facet normal  0.000000e+00  0.000000e+00 -1.000000e+00
   outer loop
     vertex  1.311882e+01 -4.888408e+00  0.000000e+00
     vertex  1.283096e+01 -5.600584e+00  0.000000e+00
     vertex  1.267248e+01 -5.950481e+00  0.000000e+00
   endloop
 endfacet
 facet normal  0.000000e+00  0.000000e+00 -1.000000e+00
   outer loop
     vertex  1.311882e+01 -4.888408e+00  0.000000e+00
     vertex  1.297977e+01 -5.246471e+00  0.000000e+00
     vertex  1.283096e+01 -5.600584e+00  0.000000e+00
   endloop
 endfacet
 facet normal  0.000000e+00  0.000000e+00 -1.000000e+00
   outer loop
     vertex  1.311882e+01 -4.888408e+00  0.000000e+00
     vertex  1.250447e+01 -6.295899e+00  0.000000e+00
     vertex  1.194448e+01 -7.302694e+00  0.000000e+00
   endloop
 endfacet
 facet normal  0.000000e+00  0.000000e+00 -1.000000e+00
   outer loop
     vertex -4.798307e+00  1.315204e+01  0.000000e+00
     vertex -5.512441e+00  1.286907e+01  0.000000e+00
     vertex -5.157315e+00  1.301546e+01  0.000000e+00
   endloop
 endfacet
 facet normal  0.000000e+00  0.000000e+00 -1.000000e+00
   outer loop
     vertex -4.435687e+00  1.327873e+01  0.000000e+00
     vertex -6.888821e+00  1.218787e+01  0.000000e+00
     vertex -5.863416e+00  1.271300e+01  0.000000e+00
   endloop
 endfacet
 facet normal  0.000000e+00  0.000000e+00 -1.000000e+00
   outer loop
     vertex -4.435687e+00  1.327873e+01  0.000000e+00
     vertex -5.512441e+00  1.286907e+01  0.000000e+00
     vertex -4.798307e+00  1.315204e+01  0.000000e+00
   endloop
 endfacet
 facet normal  0.000000e+00  0.000000e+00 -1.000000e+00
   outer loop
     vertex -4.435687e+00  1.327873e+01  0.000000e+00
     vertex -5.863416e+00  1.271300e+01  0.000000e+00
     vertex -5.512441e+00  1.286907e+01  0.000000e+00
   endloop
 endfacet
 facet normal  0.000000e+00  0.000000e+00 -1.000000e+00
   outer loop
     vertex  1.336719e+01 -4.161516e+00  0.000000e+00
     vertex  1.324799e+01 -4.526666e+00  0.000000e+00
     vertex  1.311882e+01 -4.888408e+00  0.000000e+00
   endloop
 endfacet
 facet normal  0.000000e+00  0.000000e+00 -1.000000e+00
   outer loop
     vertex  1.336719e+01 -4.161516e+00  0.000000e+00
     vertex  1.311882e+01 -4.888408e+00  0.000000e+00
     vertex  1.173964e+01 -7.627631e+00  0.000000e+00
   endloop
 endfacet
 facet normal  0.000000e+00  0.000000e+00 -1.000000e+00
   outer loop
     vertex  1.347633e+01 -3.793234e+00  0.000000e+00
     vertex  1.336719e+01 -4.161516e+00  0.000000e+00
     vertex  1.173964e+01 -7.627631e+00  0.000000e+00
   endloop
 endfacet
 facet normal  0.000000e+00  0.000000e+00 -1.000000e+00
   outer loop
     vertex -3.328898e+00  1.359847e+01  0.000000e+00
     vertex -4.069729e+00  1.339542e+01  0.000000e+00
     vertex -3.700706e+00  1.350203e+01  0.000000e+00
   endloop
 endfacet
 facet normal  0.000000e+00  0.000000e+00 -1.000000e+00
   outer loop
     vertex -3.328898e+00  1.359847e+01  0.000000e+00
     vertex -4.435687e+00  1.327873e+01  0.000000e+00
     vertex -4.069729e+00  1.339542e+01  0.000000e+00
   endloop
 endfacet
 facet normal  0.000000e+00  0.000000e+00 -1.000000e+00
   outer loop
     vertex  1.381072e+01 -2.294353e+00  0.000000e+00
     vertex  1.357532e+01 -3.422096e+00  0.000000e+00
     vertex  1.347633e+01 -3.793234e+00  0.000000e+00
   endloop
 endfacet
 facet normal  0.000000e+00  0.000000e+00 -1.000000e+00
   outer loop
     vertex  1.381072e+01 -2.294353e+00  0.000000e+00
     vertex  1.366409e+01 -3.048382e+00  0.000000e+00
     vertex  1.357532e+01 -3.422096e+00  0.000000e+00
   endloop
 endfacet
 facet normal  0.000000e+00  0.000000e+00 -1.000000e+00
   outer loop
     vertex  1.381072e+01 -2.294353e+00  0.000000e+00
     vertex  1.374258e+01 -2.672373e+00  0.000000e+00
     vertex  1.366409e+01 -3.048382e+00  0.000000e+00
   endloop
 endfacet
 facet normal  0.000000e+00  0.000000e+00 -1.000000e+00
   outer loop
     vertex -2.199567e+00  1.382613e+01  0.000000e+00
     vertex -6.888821e+00  1.218787e+01  0.000000e+00
     vertex -4.435687e+00  1.327873e+01  0.000000e+00
   endloop
 endfacet
 facet normal  0.000000e+00  0.000000e+00 -1.000000e+00
   outer loop
     vertex -2.199567e+00  1.382613e+01  0.000000e+00
     vertex -4.435687e+00  1.327873e+01  0.000000e+00
     vertex -3.328898e+00  1.359847e+01  0.000000e+00
   endloop
 endfacet
 facet normal  0.000000e+00  0.000000e+00 -1.000000e+00
   outer loop
     vertex -2.199567e+00  1.382613e+01  0.000000e+00
     vertex -1.141587e+01  8.104195e+00  0.000000e+00
     vertex -9.933389e+00  9.865485e+00  0.000000e+00
   endloop
 endfacet
 facet normal  0.000000e+00  0.000000e+00 -1.000000e+00
   outer loop
     vertex -2.199567e+00  1.382613e+01  0.000000e+00
     vertex -2.954584e+00  1.368468e+01  0.000000e+00
     vertex -2.578046e+00  1.376058e+01  0.000000e+00
   endloop
 endfacet
 facet normal  0.000000e+00  0.000000e+00 -1.000000e+00
   outer loop
     vertex -2.199567e+00  1.382613e+01  0.000000e+00
     vertex -3.328898e+00  1.359847e+01  0.000000e+00
     vertex -2.954584e+00  1.368468e+01  0.000000e+00
   endloop
 endfacet
 facet normal  0.000000e+00  0.000000e+00 -1.000000e+00
   outer loop
     vertex -2.199567e+00  1.382613e+01  0.000000e+00
     vertex -9.933389e+00  9.865485e+00  0.000000e+00
     vertex -6.888821e+00  1.218787e+01  0.000000e+00
   endloop
 endfacet
 facet normal  0.000000e+00  0.000000e+00 -1.000000e+00
   outer loop
     vertex  1.386846e+01 -1.914606e+00  0.000000e+00
     vertex  1.347633e+01 -3.793234e+00  0.000000e+00
     vertex  1.173964e+01 -7.627631e+00  0.000000e+00
   endloop
 endfacet
 facet normal  0.000000e+00  0.000000e+00 -1.000000e+00
   outer loop
     vertex  1.386846e+01 -1.914606e+00  0.000000e+00
     vertex  1.381072e+01 -2.294353e+00  0.000000e+00
     vertex  1.347633e+01 -3.793234e+00  0.000000e+00
   endloop
 endfacet
 facet normal  0.000000e+00  0.000000e+00 -1.000000e+00
   outer loop
     vertex  1.391577e+01 -1.533417e+00  0.000000e+00
     vertex  1.386846e+01 -1.914606e+00  0.000000e+00
     vertex  1.173964e+01 -7.627631e+00  0.000000e+00
   endloop
 endfacet
 facet normal  0.000000e+00  0.000000e+00 -1.000000e+00
   outer loop
     vertex -1.055341e+00  1.396017e+01  0.000000e+00
     vertex -1.141587e+01  8.104195e+00  0.000000e+00
     vertex -2.199567e+00  1.382613e+01  0.000000e+00
   endloop
 endfacet
 facet normal  0.000000e+00  0.000000e+00 -1.000000e+00
   outer loop
     vertex -1.055341e+00  1.396017e+01  0.000000e+00
     vertex -1.819432e+00  1.388127e+01  0.000000e+00
     vertex -1.437928e+00  1.392596e+01  0.000000e+00
   endloop
 endfacet
 facet normal  0.000000e+00  0.000000e+00 -1.000000e+00
   outer loop
     vertex -1.055341e+00  1.396017e+01  0.000000e+00
     vertex -2.199567e+00  1.382613e+01  0.000000e+00
     vertex -1.819432e+00  1.388127e+01  0.000000e+00
   endloop
 endfacet
 facet normal  0.000000e+00  0.000000e+00 -1.000000e+00
   outer loop
     vertex  1.400000e+01 -3.429011e-15  0.000000e+00
     vertex  1.399473e+01 -3.840767e-01  0.000000e+00
     vertex  1.397893e+01 -7.678642e-01  0.000000e+00
   endloop
 endfacet
 facet normal  0.000000e+00  0.000000e+00 -1.000000e+00
   outer loop
     vertex  1.397893e+01  7.678642e-01  0.000000e+00
     vertex  1.399473e+01  3.840767e-01  0.000000e+00
     vertex  1.400000e+01 -3.429011e-15  0.000000e+00
   endloop
 endfacet
 facet normal  0.000000e+00  0.000000e+00 -1.000000e+00
   outer loop
     vertex  1.397893e+01  7.678642e-01  0.000000e+00
     vertex  1.395260e+01 -1.151074e+00  0.000000e+00
     vertex  1.391577e+01 -1.533417e+00  0.000000e+00
   endloop
 endfacet
 facet normal  0.000000e+00 -0.000000e+00 -1.000000e+00
   outer loop
     vertex  1.397893e+01  7.678642e-01  0.000000e+00
     vertex  1.397893e+01 -7.678642e-01  0.000000e+00
     vertex  1.395260e+01 -1.151074e+00  0.000000e+00
   endloop
 endfacet
 facet normal  0.000000e+00  0.000000e+00 -1.000000e+00
   outer loop
     vertex  1.397893e+01  7.678642e-01  0.000000e+00
     vertex  1.400000e+01 -3.429011e-15  0.000000e+00
     vertex  1.397893e+01 -7.678642e-01  0.000000e+00
   endloop
 endfacet
 facet normal  0.000000e+00  0.000000e+00 -1.000000e+00
   outer loop
     vertex  8.637321e-01  1.397333e+01  0.000000e+00
     vertex  9.603046e-02  1.399967e+01  0.000000e+00
     vertex  4.800620e-01  1.399177e+01  0.000000e+00
   endloop
 endfacet
 facet normal  0.000000e+00  0.000000e+00 -1.000000e+00
   outer loop
     vertex  8.637321e-01  1.397333e+01  0.000000e+00
     vertex -2.880733e-01  1.399704e+01  0.000000e+00
     vertex  9.603046e-02  1.399967e+01  0.000000e+00
   endloop
 endfacet
 facet normal  0.000000e+00  0.000000e+00 -1.000000e+00
   outer loop
     vertex  1.628833e+00  1.390492e+01  0.000000e+00
     vertex  8.637321e-01  1.397333e+01  0.000000e+00
     vertex  1.246752e+00  1.394438e+01  0.000000e+00
   endloop
 endfacet
 facet normal  0.000000e+00  0.000000e+00 -1.000000e+00
   outer loop
     vertex  1.628833e+00  1.390492e+01  0.000000e+00
     vertex -6.719602e-01  1.398386e+01  0.000000e+00
     vertex -2.880733e-01  1.399704e+01  0.000000e+00
   endloop
 endfacet
 facet normal  0.000000e+00  0.000000e+00 -1.000000e+00
   outer loop
     vertex  1.628833e+00  1.390492e+01  0.000000e+00
     vertex -2.880733e-01  1.399704e+01  0.000000e+00
     vertex  8.637321e-01  1.397333e+01  0.000000e+00
   endloop
 endfacet
 facet normal -0.000000e+00  0.000000e+00 -1.000000e+00
   outer loop
     vertex  2.009689e+00  1.385500e+01  0.000000e+00
     vertex -1.141587e+01  8.104195e+00  0.000000e+00
     vertex -1.055341e+00  1.396017e+01  0.000000e+00
   endloop
 endfacet
 facet normal  0.000000e+00  0.000000e+00 -1.000000e+00
   outer loop
     vertex  2.009689e+00  1.385500e+01  0.000000e+00
     vertex -1.055341e+00  1.396017e+01  0.000000e+00
     vertex -6.719602e-01  1.398386e+01  0.000000e+00
   endloop
 endfacet
 facet normal  0.000000e+00 -0.000000e+00 -1.000000e+00
   outer loop
     vertex  2.009689e+00  1.385500e+01  0.000000e+00
     vertex  1.173964e+01 -7.627631e+00  0.000000e+00
     vertex -1.141587e+01  8.104195e+00  0.000000e+00
   endloop
 endfacet
 facet normal  0.000000e+00  0.000000e+00 -1.000000e+00
   outer loop
     vertex  2.009689e+00  1.385500e+01  0.000000e+00
     vertex -6.719602e-01  1.398386e+01  0.000000e+00
     vertex  1.628833e+00  1.390492e+01  0.000000e+00
   endloop
 endfacet
 facet normal  0.000000e+00  0.000000e+00 -1.000000e+00
   outer loop
     vertex  1.381072e+01  2.294353e+00  0.000000e+00
     vertex  1.391577e+01  1.533417e+00  0.000000e+00
     vertex  1.395260e+01  1.151074e+00  0.000000e+00
   endloop
 endfacet
 facet normal  0.000000e+00  0.000000e+00 -1.000000e+00
   outer loop
     vertex  1.381072e+01  2.294353e+00  0.000000e+00
     vertex  1.386846e+01  1.914606e+00  0.000000e+00
     vertex  1.391577e+01  1.533417e+00  0.000000e+00
   endloop
 endfacet
 facet normal  0.000000e+00  0.000000e+00 -1.000000e+00
   outer loop
     vertex  3.142037e+00  1.364286e+01  0.000000e+00
     vertex  1.395260e+01  1.151074e+00  0.000000e+00
     vertex  1.397893e+01  7.678642e-01  0.000000e+00
   endloop
 endfacet
 facet normal  0.000000e+00  0.000000e+00 -1.000000e+00
   outer loop
     vertex  3.142037e+00  1.364286e+01  0.000000e+00
     vertex  1.391577e+01 -1.533417e+00  0.000000e+00
     vertex  1.173964e+01 -7.627631e+00  0.000000e+00
   endloop
 endfacet
 facet normal  0.000000e+00  0.000000e+00 -1.000000e+00
   outer loop
     vertex  3.142037e+00  1.364286e+01  0.000000e+00
     vertex  2.389031e+00  1.379466e+01  0.000000e+00
     vertex  2.766575e+00  1.372392e+01  0.000000e+00
   endloop
 endfacet
 facet normal  0.000000e+00  0.000000e+00 -1.000000e+00
   outer loop
     vertex  3.142037e+00  1.364286e+01  0.000000e+00
     vertex  2.009689e+00  1.385500e+01  0.000000e+00
     vertex  2.389031e+00  1.379466e+01  0.000000e+00
   endloop
 endfacet
 facet normal  0.000000e+00  0.000000e+00 -1.000000e+00
   outer loop
     vertex  3.142037e+00  1.364286e+01  0.000000e+00
     vertex  1.397893e+01  7.678642e-01  0.000000e+00
     vertex  1.391577e+01 -1.533417e+00  0.000000e+00
   endloop
 endfacet
 facet normal -0.000000e+00 -0.000000e+00 -1.000000e+00
   outer loop
     vertex  3.142037e+00  1.364286e+01  0.000000e+00
     vertex  1.173964e+01 -7.627631e+00  0.000000e+00
     vertex  2.009689e+00  1.385500e+01  0.000000e+00
   endloop
 endfacet
 facet normal  0.000000e+00  0.000000e+00 -1.000000e+00
   outer loop
     vertex  1.357532e+01  3.422096e+00  0.000000e+00
     vertex  1.374258e+01  2.672373e+00  0.000000e+00
     vertex  1.381072e+01  2.294353e+00  0.000000e+00
   endloop
 endfacet
 facet normal  0.000000e+00  0.000000e+00 -1.000000e+00
   outer loop
     vertex  1.357532e+01  3.422096e+00  0.000000e+00
     vertex  1.366409e+01  3.048382e+00  0.000000e+00
     vertex  1.374258e+01  2.672373e+00  0.000000e+00
   endloop
 endfacet
 facet normal  0.000000e+00  0.000000e+00 -1.000000e+00
   outer loop
     vertex  1.357532e+01  3.422096e+00  0.000000e+00
     vertex  1.381072e+01  2.294353e+00  0.000000e+00
     vertex  1.395260e+01  1.151074e+00  0.000000e+00
   endloop
 endfacet
 facet normal  0.000000e+00  0.000000e+00 -1.000000e+00
   outer loop
     vertex  3.885583e+00  1.344999e+01  0.000000e+00
     vertex  3.142037e+00  1.364286e+01  0.000000e+00
     vertex  3.515133e+00  1.355153e+01  0.000000e+00
   endloop
 endfacet
 facet normal  0.000000e+00  0.000000e+00 -1.000000e+00
   outer loop
     vertex  1.324799e+01  4.526666e+00  0.000000e+00
     vertex  1.347633e+01  3.793234e+00  0.000000e+00
     vertex  1.357532e+01  3.422096e+00  0.000000e+00
   endloop
 endfacet
 facet normal  0.000000e+00  0.000000e+00 -1.000000e+00
   outer loop
     vertex  1.324799e+01  4.526666e+00  0.000000e+00
     vertex  1.336719e+01  4.161516e+00  0.000000e+00
     vertex  1.347633e+01  3.793234e+00  0.000000e+00
   endloop
 endfacet
 facet normal  0.000000e+00  0.000000e+00 -1.000000e+00
   outer loop
     vertex  1.311882e+01  4.888408e+00  0.000000e+00
     vertex  1.324799e+01  4.526666e+00  0.000000e+00
     vertex  1.357532e+01  3.422096e+00  0.000000e+00
   endloop
 endfacet
 facet normal  0.000000e+00  0.000000e+00 -1.000000e+00
   outer loop
     vertex  4.978280e+00  1.308498e+01  0.000000e+00
     vertex  3.142037e+00  1.364286e+01  0.000000e+00
     vertex  3.885583e+00  1.344999e+01  0.000000e+00
   endloop
 endfacet
 facet normal  0.000000e+00  0.000000e+00 -1.000000e+00
   outer loop
     vertex  4.978280e+00  1.308498e+01  0.000000e+00
     vertex  4.253108e+00  1.333833e+01  0.000000e+00
     vertex  4.617432e+00  1.321663e+01  0.000000e+00
   endloop
 endfacet
 facet normal  0.000000e+00  0.000000e+00 -1.000000e+00
   outer loop
     vertex  4.978280e+00  1.308498e+01  0.000000e+00
     vertex  3.885583e+00  1.344999e+01  0.000000e+00
     vertex  4.253108e+00  1.333833e+01  0.000000e+00
   endloop
 endfacet
 facet normal  0.000000e+00  0.000000e+00 -1.000000e+00
   outer loop
     vertex  1.297977e+01  5.246471e+00  0.000000e+00
     vertex  1.311882e+01  4.888408e+00  0.000000e+00
     vertex  1.357532e+01  3.422096e+00  0.000000e+00
   endloop
 endfacet
 facet normal  0.000000e+00  0.000000e+00 -1.000000e+00
   outer loop
     vertex  1.283096e+01  5.600584e+00  0.000000e+00
     vertex  1.297977e+01  5.246471e+00  0.000000e+00
     vertex  1.357532e+01  3.422096e+00  0.000000e+00
   endloop
 endfacet
 facet normal  0.000000e+00  0.000000e+00 -1.000000e+00
   outer loop
     vertex  1.250447e+01  6.295899e+00  0.000000e+00
     vertex  1.267248e+01  5.950481e+00  0.000000e+00
     vertex  1.283096e+01  5.600584e+00  0.000000e+00
   endloop
 endfacet
 facet normal  0.000000e+00  0.000000e+00 -1.000000e+00
   outer loop
     vertex  1.250447e+01  6.295899e+00  0.000000e+00
     vertex  1.283096e+01  5.600584e+00  0.000000e+00
     vertex  1.357532e+01  3.422096e+00  0.000000e+00
   endloop
 endfacet
 facet normal  0.000000e+00  0.000000e+00 -1.000000e+00
   outer loop
     vertex  6.381523e+00  1.246099e+01  0.000000e+00
     vertex  5.688464e+00  1.279224e+01  0.000000e+00
     vertex  6.037266e+00  1.263137e+01  0.000000e+00
   endloop
 endfacet
 facet normal  0.000000e+00  0.000000e+00 -1.000000e+00
   outer loop
     vertex  6.381523e+00  1.246099e+01  0.000000e+00
     vertex  5.335380e+00  1.294348e+01  0.000000e+00
     vertex  5.688464e+00  1.279224e+01  0.000000e+00
   endloop
 endfacet
 facet normal  0.000000e+00  0.000000e+00 -1.000000e+00
   outer loop
     vertex  6.381523e+00  1.246099e+01  0.000000e+00
     vertex  4.978280e+00  1.308498e+01  0.000000e+00
     vertex  5.335380e+00  1.294348e+01  0.000000e+00
   endloop
 endfacet
 facet normal  0.000000e+00  0.000000e+00 -1.000000e+00
   outer loop
     vertex  6.720976e+00  1.228122e+01  0.000000e+00
     vertex  1.357532e+01  3.422096e+00  0.000000e+00
     vertex  1.395260e+01  1.151074e+00  0.000000e+00
   endloop
 endfacet
 facet normal  0.000000e+00  0.000000e+00 -1.000000e+00
   outer loop
     vertex  6.720976e+00  1.228122e+01  0.000000e+00
     vertex  3.142037e+00  1.364286e+01  0.000000e+00
     vertex  4.978280e+00  1.308498e+01  0.000000e+00
   endloop
 endfacet
 facet normal  0.000000e+00  0.000000e+00 -1.000000e+00
   outer loop
     vertex  6.720976e+00  1.228122e+01  0.000000e+00
     vertex  4.978280e+00  1.308498e+01  0.000000e+00
     vertex  6.381523e+00  1.246099e+01  0.000000e+00
   endloop
 endfacet
 facet normal -0.000000e+00 -0.000000e+00 -1.000000e+00
   outer loop
     vertex  6.720976e+00  1.228122e+01  0.000000e+00
     vertex  1.395260e+01  1.151074e+00  0.000000e+00
     vertex  3.142037e+00  1.364286e+01  0.000000e+00
   endloop
 endfacet
 facet normal  0.000000e+00  0.000000e+00 -1.000000e+00
   outer loop
     vertex  1.173964e+01  7.627631e+00  0.000000e+00
     vertex  1.232704e+01  6.636577e+00  0.000000e+00
     vertex  1.250447e+01  6.295899e+00  0.000000e+00
   endloop
 endfacet
 facet normal  0.000000e+00  0.000000e+00 -1.000000e+00
   outer loop
     vertex  1.173964e+01  7.627631e+00  0.000000e+00
     vertex  1.214033e+01  6.972260e+00  0.000000e+00
     vertex  1.232704e+01  6.636577e+00  0.000000e+00
   endloop
 endfacet
 facet normal  0.000000e+00  0.000000e+00 -1.000000e+00
   outer loop
     vertex  1.173964e+01  7.627631e+00  0.000000e+00
     vertex  1.194448e+01  7.302694e+00  0.000000e+00
     vertex  1.214033e+01  6.972260e+00  0.000000e+00
   endloop
 endfacet
 facet normal  0.000000e+00  0.000000e+00 -1.000000e+00
   outer loop
     vertex  1.173964e+01  7.627631e+00  0.000000e+00
     vertex  1.250447e+01  6.295899e+00  0.000000e+00
     vertex  1.357532e+01  3.422096e+00  0.000000e+00
   endloop
 endfacet
 facet normal  0.000000e+00  0.000000e+00 -1.000000e+00
   outer loop
     vertex  8.025699e+00  1.147119e+01  0.000000e+00
     vertex  7.384453e+00  1.189411e+01  0.000000e+00
     vertex  7.707977e+00  1.168705e+01  0.000000e+00
   endloop
 endfacet
 facet normal  0.000000e+00  0.000000e+00 -1.000000e+00
   outer loop
     vertex  8.025699e+00  1.147119e+01  0.000000e+00
     vertex  7.055370e+00  1.209222e+01  0.000000e+00
     vertex  7.384453e+00  1.189411e+01  0.000000e+00
   endloop
 endfacet
 facet normal  0.000000e+00  0.000000e+00 -1.000000e+00
   outer loop
     vertex  8.025699e+00  1.147119e+01  0.000000e+00
     vertex  6.720976e+00  1.228122e+01  0.000000e+00
     vertex  7.055370e+00  1.209222e+01  0.000000e+00
   endloop
 endfacet
 facet normal  0.000000e+00  0.000000e+00 -1.000000e+00
   outer loop
     vertex  1.130362e+01  8.260039e+00  0.000000e+00
     vertex  1.152597e+01  7.946826e+00  0.000000e+00
     vertex  1.173964e+01  7.627631e+00  0.000000e+00
   endloop
 endfacet
 facet normal  0.000000e+00  0.000000e+00 -1.000000e+00
   outer loop
     vertex  1.130362e+01  8.260039e+00  0.000000e+00
     vertex  1.173964e+01  7.627631e+00  0.000000e+00
     vertex  1.357532e+01  3.422096e+00  0.000000e+00
   endloop
 endfacet
 facet normal  0.000000e+00  0.000000e+00 -1.000000e+00
   outer loop
     vertex  1.107276e+01  8.567034e+00  0.000000e+00
     vertex  1.130362e+01  8.260039e+00  0.000000e+00
     vertex  1.357532e+01  3.422096e+00  0.000000e+00
   endloop
 endfacet
 facet normal  0.000000e+00  0.000000e+00 -1.000000e+00
   outer loop
     vertex  8.642784e+00  1.101373e+01  0.000000e+00
     vertex  8.025699e+00  1.147119e+01  0.000000e+00
     vertex  8.337380e+00  1.124669e+01  0.000000e+00
   endloop
 endfacet
 facet normal  0.000000e+00  0.000000e+00 -1.000000e+00
   outer loop
     vertex  8.941682e+00  1.077248e+01  0.000000e+00
     vertex  8.025699e+00  1.147119e+01  0.000000e+00
     vertex  8.642784e+00  1.101373e+01  0.000000e+00
   endloop
 endfacet
 facet normal  0.000000e+00  0.000000e+00 -1.000000e+00
   outer loop
     vertex  1.058621e+01  9.161451e+00  0.000000e+00
     vertex  1.083356e+01  8.867580e+00  0.000000e+00
     vertex  1.107276e+01  8.567034e+00  0.000000e+00
   endloop
 endfacet
 facet normal  0.000000e+00  0.000000e+00 -1.000000e+00
   outer loop
     vertex  1.058621e+01  9.161451e+00  0.000000e+00
     vertex  1.107276e+01  8.567034e+00  0.000000e+00
     vertex  1.357532e+01  3.422096e+00  0.000000e+00
   endloop
 endfacet
 facet normal  0.000000e+00  0.000000e+00 -1.000000e+00
   outer loop
     vertex  9.233849e+00  1.052312e+01  0.000000e+00
     vertex  6.720976e+00  1.228122e+01  0.000000e+00
     vertex  8.025699e+00  1.147119e+01  0.000000e+00
   endloop
 endfacet
 facet normal  0.000000e+00  0.000000e+00 -1.000000e+00
   outer loop
     vertex  9.233849e+00  1.052312e+01  0.000000e+00
     vertex  8.025699e+00  1.147119e+01  0.000000e+00
     vertex  8.941682e+00  1.077248e+01  0.000000e+00
   endloop
 endfacet
 facet normal  0.000000e+00  0.000000e+00 -1.000000e+00
   outer loop
     vertex  9.797116e+00  1.000083e+01  0.000000e+00
     vertex  1.033089e+01  9.448425e+00  0.000000e+00
     vertex  1.058621e+01  9.161451e+00  0.000000e+00
   endloop
 endfacet
 facet normal  0.000000e+00  0.000000e+00 -1.000000e+00
   outer loop
     vertex  9.797116e+00  1.000083e+01  0.000000e+00
     vertex  1.006779e+01  9.728287e+00  0.000000e+00
     vertex  1.033089e+01  9.448425e+00  0.000000e+00
   endloop
 endfacet
 facet normal -0.000000e+00 -0.000000e+00 -1.000000e+00
   outer loop
     vertex  9.797116e+00  1.000083e+01  0.000000e+00
     vertex  1.357532e+01  3.422096e+00  0.000000e+00
     vertex  6.720976e+00  1.228122e+01  0.000000e+00
   endloop
 endfacet
 facet normal  0.000000e+00  0.000000e+00 -1.000000e+00
   outer loop
     vertex  9.797116e+00  1.000083e+01  0.000000e+00
     vertex  9.233849e+00  1.052312e+01  0.000000e+00
     vertex  9.519066e+00  1.026584e+01  0.000000e+00
   endloop
 endfacet
 facet normal  0.000000e+00  0.000000e+00 -1.000000e+00
   outer loop
     vertex  9.797116e+00  1.000083e+01  0.000000e+00
     vertex  6.720976e+00  1.228122e+01  0.000000e+00
     vertex  9.233849e+00  1.052312e+01  0.000000e+00
   endloop
 endfacet
 facet normal  0.000000e+00  0.000000e+00 -1.000000e+00
   outer loop
     vertex  9.797116e+00  1.000083e+01  0.000000e+00
     vertex  1.058621e+01  9.161451e+00  0.000000e+00
     vertex  1.357532e+01  3.422096e+00  0.000000e+00
   endloop
 endfacet
 facet normal  0.000000e+00  1.000000e+00  0.000000e+00
   outer loop
     vertex -2.076952e-01 -6.000000e+00  1.430000e+01
     vertex -1.264911e+01 -6.000000e+00  1.420000e+01
     vertex -1.264911e+01 -6.000000e+00  2.040000e+01
   endloop
 endfacet
 facet normal  0.000000e+00  1.000000e+00  0.000000e+00
   outer loop
     vertex  0.000000e+00 -6.000000e+00  1.430000e+01
     vertex  0.000000e+00 -6.000000e+00  1.420000e+01
     vertex -2.076952e-01 -6.000000e+00  1.430000e+01
   endloop
 endfacet
 facet normal  0.000000e+00  1.000000e+00  0.000000e+00
   outer loop
     vertex -2.076952e-01 -6.000000e+00  2.030000e+01
     vertex -2.076952e-01 -6.000000e+00  1.430000e+01
     vertex -1.264911e+01 -6.000000e+00  2.040000e+01
   endloop
 endfacet
 facet normal  0.000000e+00  1.000000e+00  0.000000e+00
   outer loop
     vertex  0.000000e+00 -6.000000e+00  2.040000e+01
     vertex  0.000000e+00 -6.000000e+00  2.030000e+01
     vertex -2.076952e-01 -6.000000e+00  2.030000e+01
   endloop
 endfacet
 facet normal  0.000000e+00  1.000000e+00  0.000000e+00
   outer loop
     vertex  0.000000e+00 -6.000000e+00  1.420000e+01
     vertex -1.264911e+01 -6.000000e+00  1.420000e+01
     vertex -2.076952e-01 -6.000000e+00  1.430000e+01
   endloop
 endfacet
 facet normal -0.000000e+00  1.000000e+00  0.000000e+00
   outer loop
     vertex -1.264911e+01 -6.000000e+00  2.040000e+01
     vertex  0.000000e+00 -6.000000e+00  2.040000e+01
     vertex -2.076952e-01 -6.000000e+00  2.030000e+01
   endloop
 endfacet
 facet normal -0.000000e+00  0.000000e+00 -1.000000e+00
   outer loop
     vertex -2.285157e+00 -2.380769e+00  2.040000e+01
     vertex -1.264911e+01 -6.000000e+00  2.040000e+01
     vertex -2.349334e+00 -2.317462e+00  2.040000e+01
   endloop
 endfacet
 facet normal  0.000000e+00 -0.000000e+00 -1.000000e+00
   outer loop
     vertex -2.411759e+00 -2.252425e+00  2.040000e+01
     vertex -2.349334e+00 -2.317462e+00  2.040000e+01
     vertex -1.264911e+01 -6.000000e+00  2.040000e+01
   endloop
 endfacet
 facet normal -0.000000e+00  0.000000e+00 -1.000000e+00
   outer loop
     vertex -2.219274e+00 -2.442299e+00  2.040000e+01
     vertex -1.264911e+01 -6.000000e+00  2.040000e+01
     vertex -2.285157e+00 -2.380769e+00  2.040000e+01
   endloop
 endfacet
 facet normal  0.000000e+00 -0.000000e+00 -1.000000e+00
   outer loop
     vertex -2.472383e+00 -2.185708e+00  2.040000e+01
     vertex -2.411759e+00 -2.252425e+00  2.040000e+01
     vertex -1.264911e+01 -6.000000e+00  2.040000e+01
   endloop
 endfacet
 facet normal  0.000000e+00 -0.000000e+00 -1.000000e+00
   outer loop
     vertex -2.151735e+00 -2.502007e+00  2.040000e+01
     vertex  0.000000e+00 -6.000000e+00  2.040000e+01
     vertex -1.264911e+01 -6.000000e+00  2.040000e+01
   endloop
 endfacet
 facet normal -0.000000e+00  0.000000e+00 -1.000000e+00
   outer loop
     vertex -2.151735e+00 -2.502007e+00  2.040000e+01
     vertex -1.264911e+01 -6.000000e+00  2.040000e+01
     vertex -2.219274e+00 -2.442299e+00  2.040000e+01
   endloop
 endfacet
 facet normal  0.000000e+00 -0.000000e+00 -1.000000e+00
   outer loop
     vertex -2.531163e+00 -2.117360e+00  2.040000e+01
     vertex -2.472383e+00 -2.185708e+00  2.040000e+01
     vertex -1.264911e+01 -6.000000e+00  2.040000e+01
   endloop
 endfacet
 facet normal -0.000000e+00 -0.000000e+00 -1.000000e+00
   outer loop
     vertex -2.082590e+00 -2.559847e+00  2.040000e+01
     vertex  0.000000e+00 -6.000000e+00  2.040000e+01
     vertex -2.151735e+00 -2.502007e+00  2.040000e+01
   endloop
 endfacet
 facet normal  0.000000e+00 -0.000000e+00 -1.000000e+00
   outer loop
     vertex -2.588054e+00 -2.047432e+00  2.040000e+01
     vertex -2.531163e+00 -2.117360e+00  2.040000e+01
     vertex -1.264911e+01 -6.000000e+00  2.040000e+01
   endloop
 endfacet
 facet normal -0.000000e+00 -0.000000e+00 -1.000000e+00
   outer loop
     vertex -2.011891e+00 -2.615778e+00  2.040000e+01
     vertex  0.000000e+00 -6.000000e+00  2.040000e+01
     vertex -2.082590e+00 -2.559847e+00  2.040000e+01
   endloop
 endfacet
 facet normal  0.000000e+00 -0.000000e+00 -1.000000e+00
   outer loop
     vertex -2.643013e+00 -1.975976e+00  2.040000e+01
     vertex -2.588054e+00 -2.047432e+00  2.040000e+01
     vertex -1.264911e+01 -6.000000e+00  2.040000e+01
   endloop
 endfacet
 facet normal -0.000000e+00 -0.000000e+00 -1.000000e+00
   outer loop
     vertex -1.939691e+00 -2.669756e+00  2.040000e+01
     vertex  0.000000e+00 -6.000000e+00  2.040000e+01
     vertex -2.011891e+00 -2.615778e+00  2.040000e+01
   endloop
 endfacet
 facet normal  0.000000e+00 -0.000000e+00 -1.000000e+00
   outer loop
     vertex -2.696001e+00 -1.903045e+00  2.040000e+01
     vertex -2.643013e+00 -1.975976e+00  2.040000e+01
     vertex -1.264911e+01 -6.000000e+00  2.040000e+01
   endloop
 endfacet
 facet normal -0.000000e+00 -0.000000e+00 -1.000000e+00
   outer loop
     vertex -1.866044e+00 -2.721742e+00  2.040000e+01
     vertex  0.000000e+00 -6.000000e+00  2.040000e+01
     vertex -1.939691e+00 -2.669756e+00  2.040000e+01
   endloop
 endfacet
 facet normal  0.000000e+00 -0.000000e+00 -1.000000e+00
   outer loop
     vertex -2.746976e+00 -1.828694e+00  2.040000e+01
     vertex -2.696001e+00 -1.903045e+00  2.040000e+01
     vertex -1.264911e+01 -6.000000e+00  2.040000e+01
   endloop
 endfacet
 facet normal -0.000000e+00 -0.000000e+00 -1.000000e+00
   outer loop
     vertex -1.791004e+00 -2.771697e+00  2.040000e+01
     vertex  0.000000e+00 -6.000000e+00  2.040000e+01
     vertex -1.866044e+00 -2.721742e+00  2.040000e+01
   endloop
 endfacet
 facet normal  0.000000e+00 -0.000000e+00 -1.000000e+00
   outer loop
     vertex -2.795901e+00 -1.752979e+00  2.040000e+01
     vertex -2.746976e+00 -1.828694e+00  2.040000e+01
     vertex -1.264911e+01 -6.000000e+00  2.040000e+01
   endloop
 endfacet
 facet normal -0.000000e+00 -0.000000e+00 -1.000000e+00
   outer loop
     vertex -1.714627e+00 -2.819584e+00  2.040000e+01
     vertex  0.000000e+00 -6.000000e+00  2.040000e+01
     vertex -1.791004e+00 -2.771697e+00  2.040000e+01
   endloop
 endfacet
 facet normal  0.000000e+00 -0.000000e+00 -1.000000e+00
   outer loop
     vertex -2.842741e+00 -1.675955e+00  2.040000e+01
     vertex -2.795901e+00 -1.752979e+00  2.040000e+01
     vertex -1.264911e+01 -6.000000e+00  2.040000e+01
   endloop
 endfacet
 facet normal -0.000000e+00 -0.000000e+00 -1.000000e+00
   outer loop
     vertex -1.636971e+00 -2.865367e+00  2.040000e+01
     vertex  0.000000e+00 -6.000000e+00  2.040000e+01
     vertex -1.714627e+00 -2.819584e+00  2.040000e+01
   endloop
 endfacet
 facet normal  0.000000e+00 -0.000000e+00 -1.000000e+00
   outer loop
     vertex -2.887458e+00 -1.597681e+00  2.040000e+01
     vertex -2.842741e+00 -1.675955e+00  2.040000e+01
     vertex -1.264911e+01 -6.000000e+00  2.040000e+01
   endloop
 endfacet
 facet normal -0.000000e+00 -0.000000e+00 -1.000000e+00
   outer loop
     vertex -1.558093e+00 -2.909011e+00  2.040000e+01
     vertex  0.000000e+00 -6.000000e+00  2.040000e+01
     vertex -1.636971e+00 -2.865367e+00  2.040000e+01
   endloop
 endfacet
 facet normal  0.000000e+00 -0.000000e+00 -1.000000e+00
   outer loop
     vertex -2.930021e+00 -1.518215e+00  2.040000e+01
     vertex -2.887458e+00 -1.597681e+00  2.040000e+01
     vertex -1.264911e+01 -6.000000e+00  2.040000e+01
   endloop
 endfacet
 facet normal -0.000000e+00 -0.000000e+00 -1.000000e+00
   outer loop
     vertex -1.478053e+00 -2.950485e+00  2.040000e+01
     vertex  0.000000e+00 -6.000000e+00  2.040000e+01
     vertex -1.558093e+00 -2.909011e+00  2.040000e+01
   endloop
 endfacet
 facet normal  0.000000e+00  0.000000e+00 -1.000000e+00
   outer loop
     vertex -2.970398e+00 -1.437615e+00  2.040000e+01
     vertex -1.264911e+01 -6.000000e+00  2.040000e+01
     vertex -1.268315e+01 -5.927698e+00  2.040000e+01
   endloop
 endfacet
 facet normal  0.000000e+00 -0.000000e+00 -1.000000e+00
   outer loop
     vertex -2.970398e+00 -1.437615e+00  2.040000e+01
     vertex -2.930021e+00 -1.518215e+00  2.040000e+01
     vertex -1.264911e+01 -6.000000e+00  2.040000e+01
   endloop
 endfacet
 facet normal -0.000000e+00 -0.000000e+00 -1.000000e+00
   outer loop
     vertex -1.396909e+00 -2.989757e+00  2.040000e+01
     vertex  0.000000e+00 -6.000000e+00  2.040000e+01
     vertex -1.478053e+00 -2.950485e+00  2.040000e+01
   endloop
 endfacet
 facet normal  0.000000e+00  0.000000e+00 -1.000000e+00
   outer loop
     vertex -3.008558e+00 -1.355943e+00  2.040000e+01
     vertex -1.271678e+01 -5.855203e+00  2.040000e+01
     vertex -1.275000e+01 -5.782517e+00  2.040000e+01
   endloop
 endfacet
 facet normal  0.000000e+00  0.000000e+00 -1.000000e+00
   outer loop
     vertex -3.008558e+00 -1.355943e+00  2.040000e+01
     vertex -1.268315e+01 -5.927698e+00  2.040000e+01
     vertex -1.271678e+01 -5.855203e+00  2.040000e+01
   endloop
 endfacet
 facet normal  0.000000e+00 -0.000000e+00 -1.000000e+00
   outer loop
     vertex -3.008558e+00 -1.355943e+00  2.040000e+01
     vertex -2.970398e+00 -1.437615e+00  2.040000e+01
     vertex -1.268315e+01 -5.927698e+00  2.040000e+01
   endloop
 endfacet
 facet normal -0.000000e+00 -0.000000e+00 -1.000000e+00
   outer loop
     vertex -1.314724e+00 -3.026797e+00  2.040000e+01
     vertex  0.000000e+00 -6.000000e+00  2.040000e+01
     vertex -1.396909e+00 -2.989757e+00  2.040000e+01
   endloop
 endfacet
 facet normal  0.000000e+00 -0.000000e+00 -1.000000e+00
   outer loop
     vertex -3.044472e+00 -1.273259e+00  2.040000e+01
     vertex -3.008558e+00 -1.355943e+00  2.040000e+01
     vertex -1.275000e+01 -5.782517e+00  2.040000e+01
   endloop
 endfacet
 facet normal -0.000000e+00 -0.000000e+00 -1.000000e+00
   outer loop
     vertex -1.231557e+00 -3.061579e+00  2.040000e+01
     vertex  0.000000e+00 -6.000000e+00  2.040000e+01
     vertex -1.314724e+00 -3.026797e+00  2.040000e+01
   endloop
 endfacet
 facet normal  0.000000e+00 -0.000000e+00 -1.000000e+00
   outer loop
     vertex -3.078115e+00 -1.189625e+00  2.040000e+01
     vertex -3.044472e+00 -1.273259e+00  2.040000e+01
     vertex -1.275000e+01 -5.782517e+00  2.040000e+01
   endloop
 endfacet
 facet normal -0.000000e+00 -0.000000e+00 -1.000000e+00
   outer loop
     vertex -1.147471e+00 -3.094077e+00  2.040000e+01
     vertex  0.000000e+00 -6.000000e+00  2.040000e+01
     vertex -1.231557e+00 -3.061579e+00  2.040000e+01
   endloop
 endfacet
 facet normal  0.000000e+00 -0.000000e+00 -1.000000e+00
   outer loop
     vertex -3.109461e+00 -1.105103e+00  2.040000e+01
     vertex -3.078115e+00 -1.189625e+00  2.040000e+01
     vertex -1.275000e+01 -5.782517e+00  2.040000e+01
   endloop
 endfacet
 facet normal -0.000000e+00 -0.000000e+00 -1.000000e+00
   outer loop
     vertex -1.062529e+00 -3.124265e+00  2.040000e+01
     vertex  0.000000e+00 -6.000000e+00  2.040000e+01
     vertex -1.147471e+00 -3.094077e+00  2.040000e+01
   endloop
 endfacet
 facet normal  0.000000e+00 -0.000000e+00 -1.000000e+00
   outer loop
     vertex -3.138487e+00 -1.019756e+00  2.040000e+01
     vertex -3.109461e+00 -1.105103e+00  2.040000e+01
     vertex -1.275000e+01 -5.782517e+00  2.040000e+01
   endloop
 endfacet
 facet normal -0.000000e+00 -0.000000e+00 -1.000000e+00
   outer loop
     vertex -9.767934e-01 -3.152122e+00  2.040000e+01
     vertex  0.000000e+00 -6.000000e+00  2.040000e+01
     vertex -1.062529e+00 -3.124265e+00  2.040000e+01
   endloop
 endfacet
 facet normal  0.000000e+00 -0.000000e+00 -1.000000e+00
   outer loop
     vertex -3.165170e+00 -9.336485e-01  2.040000e+01
     vertex -3.138487e+00 -1.019756e+00  2.040000e+01
     vertex -1.275000e+01 -5.782517e+00  2.040000e+01
   endloop
 endfacet
 facet normal -0.000000e+00 -0.000000e+00 -1.000000e+00
   outer loop
     vertex -8.903293e-01 -3.177627e+00  2.040000e+01
     vertex  0.000000e+00 -6.000000e+00  2.040000e+01
     vertex -9.767934e-01 -3.152122e+00  2.040000e+01
   endloop
 endfacet
 facet normal  0.000000e+00 -0.000000e+00 -1.000000e+00
   outer loop
     vertex -3.189491e+00 -8.468441e-01  2.040000e+01
     vertex -3.165170e+00 -9.336485e-01  2.040000e+01
     vertex -1.275000e+01 -5.782517e+00  2.040000e+01
   endloop
 endfacet
 facet normal -0.000000e+00 -0.000000e+00 -1.000000e+00
   outer loop
     vertex -8.032009e-01 -3.200761e+00  2.040000e+01
     vertex  0.000000e+00 -6.000000e+00  2.040000e+01
     vertex -8.903293e-01 -3.177627e+00  2.040000e+01
   endloop
 endfacet
 facet normal  0.000000e+00 -0.000000e+00 -1.000000e+00
   outer loop
     vertex -3.211433e+00 -7.594078e-01  2.040000e+01
     vertex -3.189491e+00 -8.468441e-01  2.040000e+01
     vertex -1.275000e+01 -5.782517e+00  2.040000e+01
   endloop
 endfacet
 facet normal -0.000000e+00 -0.000000e+00 -1.000000e+00
   outer loop
     vertex -7.154731e-01 -3.221506e+00  2.040000e+01
     vertex  0.000000e+00 -6.000000e+00  2.040000e+01
     vertex -8.032009e-01 -3.200761e+00  2.040000e+01
   endloop
 endfacet
 facet normal  0.000000e+00 -0.000000e+00 -1.000000e+00
   outer loop
     vertex -3.230977e+00 -6.714048e-01  2.040000e+01
     vertex -3.211433e+00 -7.594078e-01  2.040000e+01
     vertex -1.275000e+01 -5.782517e+00  2.040000e+01
   endloop
 endfacet
 facet normal -0.000000e+00 -0.000000e+00 -1.000000e+00
   outer loop
     vertex -6.272113e-01 -3.239847e+00  2.040000e+01
     vertex  0.000000e+00 -6.000000e+00  2.040000e+01
     vertex -7.154731e-01 -3.221506e+00  2.040000e+01
   endloop
 endfacet
 facet normal  0.000000e+00 -0.000000e+00 -1.000000e+00
   outer loop
     vertex -3.248111e+00 -5.829008e-01  2.040000e+01
     vertex -3.230977e+00 -6.714048e-01  2.040000e+01
     vertex -1.275000e+01 -5.782517e+00  2.040000e+01
   endloop
 endfacet
 facet normal -0.000000e+00 -0.000000e+00 -1.000000e+00
   outer loop
     vertex -5.384816e-01 -3.255770e+00  2.040000e+01
     vertex  0.000000e+00 -6.000000e+00  2.040000e+01
     vertex -6.272113e-01 -3.239847e+00  2.040000e+01
   endloop
 endfacet
 facet normal  0.000000e+00 -0.000000e+00 -1.000000e+00
   outer loop
     vertex -3.262821e+00 -4.939618e-01  2.040000e+01
     vertex -3.248111e+00 -5.829008e-01  2.040000e+01
     vertex -1.275000e+01 -5.782517e+00  2.040000e+01
   endloop
 endfacet
 facet normal -0.000000e+00 -0.000000e+00 -1.000000e+00
   outer loop
     vertex -4.493499e-01 -3.269264e+00  2.040000e+01
     vertex  0.000000e+00 -6.000000e+00  2.040000e+01
     vertex -5.384816e-01 -3.255770e+00  2.040000e+01
   endloop
 endfacet
 facet normal  0.000000e+00 -0.000000e+00 -1.000000e+00
   outer loop
     vertex -3.275096e+00 -4.046542e-01  2.040000e+01
     vertex -3.262821e+00 -4.939618e-01  2.040000e+01
     vertex -1.275000e+01 -5.782517e+00  2.040000e+01
   endloop
 endfacet
 facet normal -0.000000e+00 -0.000000e+00 -1.000000e+00
   outer loop
     vertex -3.598830e-01 -3.280318e+00  2.040000e+01
     vertex  0.000000e+00 -6.000000e+00  2.040000e+01
     vertex -4.493499e-01 -3.269264e+00  2.040000e+01
   endloop
 endfacet
 facet normal  0.000000e+00 -0.000000e+00 -1.000000e+00
   outer loop
     vertex -3.284927e+00 -3.150446e-01  2.040000e+01
     vertex -3.275096e+00 -4.046542e-01  2.040000e+01
     vertex -1.275000e+01 -5.782517e+00  2.040000e+01
   endloop
 endfacet
 facet normal -0.000000e+00 -0.000000e+00 -1.000000e+00
   outer loop
     vertex -2.701475e-01 -3.288924e+00  2.040000e+01
     vertex  0.000000e+00 -6.000000e+00  2.040000e+01
     vertex -3.598830e-01 -3.280318e+00  2.040000e+01
   endloop
 endfacet
 facet normal  0.000000e+00 -0.000000e+00 -1.000000e+00
   outer loop
     vertex -3.292307e+00 -2.252000e-01  2.040000e+01
     vertex -3.284927e+00 -3.150446e-01  2.040000e+01
     vertex -1.275000e+01 -5.782517e+00  2.040000e+01
   endloop
 endfacet
 facet normal -0.000000e+00 -0.000000e+00 -1.000000e+00
   outer loop
     vertex -1.802104e-01 -3.295076e+00  2.040000e+01
     vertex  0.000000e+00 -6.000000e+00  2.040000e+01
     vertex -2.701475e-01 -3.288924e+00  2.040000e+01
   endloop
 endfacet
 facet normal  0.000000e+00 -0.000000e+00 -1.000000e+00
   outer loop
     vertex -3.297230e+00 -1.351872e-01  2.040000e+01
     vertex -3.292307e+00 -2.252000e-01  2.040000e+01
     vertex -1.275000e+01 -5.782517e+00  2.040000e+01
   endloop
 endfacet
 facet normal -0.000000e+00 -0.000000e+00 -1.000000e+00
   outer loop
     vertex -9.013884e-02 -3.298769e+00  2.040000e+01
     vertex  0.000000e+00 -6.000000e+00  2.040000e+01
     vertex -1.802104e-01 -3.295076e+00  2.040000e+01
   endloop
 endfacet
 facet normal -0.000000e+00  0.000000e+00 -1.000000e+00
   outer loop
     vertex -3.299692e+00 -4.507362e-02  2.040000e+01
     vertex -1.275000e+01 -5.782517e+00  2.040000e+01
     vertex -1.275000e+01  5.782517e+00  2.040000e+01
   endloop
 endfacet
 facet normal  0.000000e+00 -0.000000e+00 -1.000000e+00
   outer loop
     vertex -3.299692e+00 -4.507362e-02  2.040000e+01
     vertex -3.297230e+00 -1.351872e-01  2.040000e+01
     vertex -1.275000e+01 -5.782517e+00  2.040000e+01
   endloop
 endfacet
 facet normal -0.000000e+00 -0.000000e+00 -1.000000e+00
   outer loop
     vertex  0.000000e+00 -3.300000e+00  2.040000e+01
     vertex  0.000000e+00 -6.000000e+00  2.040000e+01
     vertex -9.013884e-02 -3.298769e+00  2.040000e+01
   endloop
 endfacet
 facet normal -0.000000e+00 -0.000000e+00 -1.000000e+00
   outer loop
     vertex -3.299692e+00  4.507362e-02  2.040000e+01
     vertex -3.299692e+00 -4.507362e-02  2.040000e+01
     vertex -1.275000e+01  5.782517e+00  2.040000e+01
   endloop
 endfacet
 facet normal -0.000000e+00  0.000000e+00 -1.000000e+00
   outer loop
     vertex -3.297230e+00  1.351872e-01  2.040000e+01
     vertex -3.299692e+00  4.507362e-02  2.040000e+01
     vertex -1.275000e+01  5.782517e+00  2.040000e+01
   endloop
 endfacet
 facet normal -0.000000e+00  0.000000e+00 -1.000000e+00
   outer loop
     vertex -3.292307e+00  2.252000e-01  2.040000e+01
     vertex -3.297230e+00  1.351872e-01  2.040000e+01
     vertex -1.275000e+01  5.782517e+00  2.040000e+01
   endloop
 endfacet
 facet normal -0.000000e+00  0.000000e+00 -1.000000e+00
   outer loop
     vertex -3.284927e+00  3.150446e-01  2.040000e+01
     vertex -3.292307e+00  2.252000e-01  2.040000e+01
     vertex -1.275000e+01  5.782517e+00  2.040000e+01
   endloop
 endfacet
 facet normal -0.000000e+00  0.000000e+00 -1.000000e+00
   outer loop
     vertex -3.275096e+00  4.046542e-01  2.040000e+01
     vertex -3.284927e+00  3.150446e-01  2.040000e+01
     vertex -1.275000e+01  5.782517e+00  2.040000e+01
   endloop
 endfacet
 facet normal -0.000000e+00  0.000000e+00 -1.000000e+00
   outer loop
     vertex -3.262821e+00  4.939618e-01  2.040000e+01
     vertex -3.275096e+00  4.046542e-01  2.040000e+01
     vertex -1.275000e+01  5.782517e+00  2.040000e+01
   endloop
 endfacet
 facet normal -0.000000e+00  0.000000e+00 -1.000000e+00
   outer loop
     vertex -3.248111e+00  5.829008e-01  2.040000e+01
     vertex -3.262821e+00  4.939618e-01  2.040000e+01
     vertex -1.275000e+01  5.782517e+00  2.040000e+01
   endloop
 endfacet
 facet normal -0.000000e+00  0.000000e+00 -1.000000e+00
   outer loop
     vertex -3.230977e+00  6.714048e-01  2.040000e+01
     vertex -3.248111e+00  5.829008e-01  2.040000e+01
     vertex -1.275000e+01  5.782517e+00  2.040000e+01
   endloop
 endfacet
 facet normal -0.000000e+00  0.000000e+00 -1.000000e+00
   outer loop
     vertex -3.211433e+00  7.594078e-01  2.040000e+01
     vertex -3.230977e+00  6.714048e-01  2.040000e+01
     vertex -1.275000e+01  5.782517e+00  2.040000e+01
   endloop
 endfacet
 facet normal -0.000000e+00  0.000000e+00 -1.000000e+00
   outer loop
     vertex -3.189491e+00  8.468441e-01  2.040000e+01
     vertex -3.211433e+00  7.594078e-01  2.040000e+01
     vertex -1.275000e+01  5.782517e+00  2.040000e+01
   endloop
 endfacet
 facet normal -0.000000e+00  0.000000e+00 -1.000000e+00
   outer loop
     vertex -3.165170e+00  9.336485e-01  2.040000e+01
     vertex -3.189491e+00  8.468441e-01  2.040000e+01
     vertex -1.275000e+01  5.782517e+00  2.040000e+01
   endloop
 endfacet
 facet normal -0.000000e+00  0.000000e+00 -1.000000e+00
   outer loop
     vertex -3.138487e+00  1.019756e+00  2.040000e+01
     vertex -3.165170e+00  9.336485e-01  2.040000e+01
     vertex -1.275000e+01  5.782517e+00  2.040000e+01
   endloop
 endfacet
 facet normal -0.000000e+00  0.000000e+00 -1.000000e+00
   outer loop
     vertex -3.109461e+00  1.105103e+00  2.040000e+01
     vertex -3.138487e+00  1.019756e+00  2.040000e+01
     vertex -1.275000e+01  5.782517e+00  2.040000e+01
   endloop
 endfacet
 facet normal -0.000000e+00  0.000000e+00 -1.000000e+00
   outer loop
     vertex -3.078115e+00  1.189625e+00  2.040000e+01
     vertex -3.109461e+00  1.105103e+00  2.040000e+01
     vertex -1.275000e+01  5.782517e+00  2.040000e+01
   endloop
 endfacet
 facet normal -0.000000e+00  0.000000e+00 -1.000000e+00
   outer loop
     vertex -3.044472e+00  1.273259e+00  2.040000e+01
     vertex -3.078115e+00  1.189625e+00  2.040000e+01
     vertex -1.275000e+01  5.782517e+00  2.040000e+01
   endloop
 endfacet
 facet normal  0.000000e+00  0.000000e+00 -1.000000e+00
   outer loop
     vertex -3.008558e+00  1.355943e+00  2.040000e+01
     vertex -1.271678e+01  5.855203e+00  2.040000e+01
     vertex -1.268315e+01  5.927698e+00  2.040000e+01
   endloop
 endfacet
 facet normal  0.000000e+00  0.000000e+00 -1.000000e+00
   outer loop
     vertex -3.008558e+00  1.355943e+00  2.040000e+01
     vertex -1.275000e+01  5.782517e+00  2.040000e+01
     vertex -1.271678e+01  5.855203e+00  2.040000e+01
   endloop
 endfacet
 facet normal -0.000000e+00  0.000000e+00 -1.000000e+00
   outer loop
     vertex -3.008558e+00  1.355943e+00  2.040000e+01
     vertex -3.044472e+00  1.273259e+00  2.040000e+01
     vertex -1.275000e+01  5.782517e+00  2.040000e+01
   endloop
 endfacet
 facet normal  0.000000e+00  0.000000e+00 -1.000000e+00
   outer loop
     vertex -2.970398e+00  1.437615e+00  2.040000e+01
     vertex -1.268315e+01  5.927698e+00  2.040000e+01
     vertex -1.264911e+01  6.000000e+00  2.040000e+01
   endloop
 endfacet
 facet normal -0.000000e+00  0.000000e+00 -1.000000e+00
   outer loop
     vertex -2.970398e+00  1.437615e+00  2.040000e+01
     vertex -3.008558e+00  1.355943e+00  2.040000e+01
     vertex -1.268315e+01  5.927698e+00  2.040000e+01
   endloop
 endfacet
 facet normal -0.000000e+00  0.000000e+00 -1.000000e+00
   outer loop
     vertex -2.930021e+00  1.518215e+00  2.040000e+01
     vertex -2.970398e+00  1.437615e+00  2.040000e+01
     vertex -1.264911e+01  6.000000e+00  2.040000e+01
   endloop
 endfacet
 facet normal -0.000000e+00  0.000000e+00 -1.000000e+00
   outer loop
     vertex -2.887458e+00  1.597681e+00  2.040000e+01
     vertex -2.930021e+00  1.518215e+00  2.040000e+01
     vertex -1.264911e+01  6.000000e+00  2.040000e+01
   endloop
 endfacet
 facet normal -0.000000e+00  0.000000e+00 -1.000000e+00
   outer loop
     vertex -2.842741e+00  1.675955e+00  2.040000e+01
     vertex -2.887458e+00  1.597681e+00  2.040000e+01
     vertex -1.264911e+01  6.000000e+00  2.040000e+01
   endloop
 endfacet
 facet normal -0.000000e+00  0.000000e+00 -1.000000e+00
   outer loop
     vertex -2.795901e+00  1.752979e+00  2.040000e+01
     vertex -2.842741e+00  1.675955e+00  2.040000e+01
     vertex -1.264911e+01  6.000000e+00  2.040000e+01
   endloop
 endfacet
 facet normal -0.000000e+00  0.000000e+00 -1.000000e+00
   outer loop
     vertex -2.746976e+00  1.828694e+00  2.040000e+01
     vertex -2.795901e+00  1.752979e+00  2.040000e+01
     vertex -1.264911e+01  6.000000e+00  2.040000e+01
   endloop
 endfacet
 facet normal -0.000000e+00  0.000000e+00 -1.000000e+00
   outer loop
     vertex -2.696001e+00  1.903045e+00  2.040000e+01
     vertex -2.746976e+00  1.828694e+00  2.040000e+01
     vertex -1.264911e+01  6.000000e+00  2.040000e+01
   endloop
 endfacet
 facet normal -0.000000e+00  0.000000e+00 -1.000000e+00
   outer loop
     vertex -2.643013e+00  1.975976e+00  2.040000e+01
     vertex -2.696001e+00  1.903045e+00  2.040000e+01
     vertex -1.264911e+01  6.000000e+00  2.040000e+01
   endloop
 endfacet
 facet normal -0.000000e+00  0.000000e+00 -1.000000e+00
   outer loop
     vertex -2.588054e+00  2.047432e+00  2.040000e+01
     vertex -2.643013e+00  1.975976e+00  2.040000e+01
     vertex -1.264911e+01  6.000000e+00  2.040000e+01
   endloop
 endfacet
 facet normal -0.000000e+00  0.000000e+00 -1.000000e+00
   outer loop
     vertex -2.531163e+00  2.117360e+00  2.040000e+01
     vertex -2.588054e+00  2.047432e+00  2.040000e+01
     vertex -1.264911e+01  6.000000e+00  2.040000e+01
   endloop
 endfacet
 facet normal -0.000000e+00  0.000000e+00 -1.000000e+00
   outer loop
     vertex -2.472383e+00  2.185708e+00  2.040000e+01
     vertex -2.531163e+00  2.117360e+00  2.040000e+01
     vertex -1.264911e+01  6.000000e+00  2.040000e+01
   endloop
 endfacet
 facet normal -0.000000e+00  0.000000e+00 -1.000000e+00
   outer loop
     vertex -2.411759e+00  2.252425e+00  2.040000e+01
     vertex -2.472383e+00  2.185708e+00  2.040000e+01
     vertex -1.264911e+01  6.000000e+00  2.040000e+01
   endloop
 endfacet
 facet normal -0.000000e+00  0.000000e+00 -1.000000e+00
   outer loop
     vertex -2.349334e+00  2.317462e+00  2.040000e+01
     vertex -2.411759e+00  2.252425e+00  2.040000e+01
     vertex -1.264911e+01  6.000000e+00  2.040000e+01
   endloop
 endfacet
 facet normal -0.000000e+00  0.000000e+00 -1.000000e+00
   outer loop
     vertex -2.285157e+00  2.380769e+00  2.040000e+01
     vertex -2.349334e+00  2.317462e+00  2.040000e+01
     vertex -1.264911e+01  6.000000e+00  2.040000e+01
   endloop
 endfacet
 facet normal -0.000000e+00  0.000000e+00 -1.000000e+00
   outer loop
     vertex -2.219274e+00  2.442299e+00  2.040000e+01
     vertex -2.285157e+00  2.380769e+00  2.040000e+01
     vertex -1.264911e+01  6.000000e+00  2.040000e+01
   endloop
 endfacet
 facet normal -0.000000e+00  0.000000e+00 -1.000000e+00
   outer loop
     vertex -2.151735e+00  2.502007e+00  2.040000e+01
     vertex -2.219274e+00  2.442299e+00  2.040000e+01
     vertex -1.264911e+01  6.000000e+00  2.040000e+01
   endloop
 endfacet
 facet normal  0.000000e+00 -0.000000e+00 -1.000000e+00
   outer loop
     vertex  0.000000e+00  6.000000e+00  2.040000e+01
     vertex  0.000000e+00  3.300000e+00  2.040000e+01
     vertex -9.013884e-02  3.298769e+00  2.040000e+01
   endloop
 endfacet
 facet normal  0.000000e+00  0.000000e+00 -1.000000e+00
   outer loop
     vertex  0.000000e+00  6.000000e+00  2.040000e+01
     vertex -9.013884e-02  3.298769e+00  2.040000e+01
     vertex -1.802104e-01  3.295076e+00  2.040000e+01
   endloop
 endfacet
 facet normal  0.000000e+00  0.000000e+00 -1.000000e+00
   outer loop
     vertex  0.000000e+00  6.000000e+00  2.040000e+01
     vertex -1.802104e-01  3.295076e+00  2.040000e+01
     vertex -2.701475e-01  3.288924e+00  2.040000e+01
   endloop
 endfacet
 facet normal  0.000000e+00  0.000000e+00 -1.000000e+00
   outer loop
     vertex  0.000000e+00  6.000000e+00  2.040000e+01
     vertex -2.701475e-01  3.288924e+00  2.040000e+01
     vertex -3.598830e-01  3.280318e+00  2.040000e+01
   endloop
 endfacet
 facet normal  0.000000e+00  0.000000e+00 -1.000000e+00
   outer loop
     vertex  0.000000e+00  6.000000e+00  2.040000e+01
     vertex -3.598830e-01  3.280318e+00  2.040000e+01
     vertex -4.493499e-01  3.269264e+00  2.040000e+01
   endloop
 endfacet
 facet normal  0.000000e+00  0.000000e+00 -1.000000e+00
   outer loop
     vertex  0.000000e+00  6.000000e+00  2.040000e+01
     vertex -4.493499e-01  3.269264e+00  2.040000e+01
     vertex -5.384816e-01  3.255770e+00  2.040000e+01
   endloop
 endfacet
 facet normal  0.000000e+00  0.000000e+00 -1.000000e+00
   outer loop
     vertex  0.000000e+00  6.000000e+00  2.040000e+01
     vertex -5.384816e-01  3.255770e+00  2.040000e+01
     vertex -6.272113e-01  3.239847e+00  2.040000e+01
   endloop
 endfacet
 facet normal  0.000000e+00  0.000000e+00 -1.000000e+00
   outer loop
     vertex  0.000000e+00  6.000000e+00  2.040000e+01
     vertex -6.272113e-01  3.239847e+00  2.040000e+01
     vertex -7.154731e-01  3.221506e+00  2.040000e+01
   endloop
 endfacet
 facet normal -0.000000e+00  0.000000e+00 -1.000000e+00
   outer loop
     vertex  0.000000e+00  6.000000e+00  2.040000e+01
     vertex -2.151735e+00  2.502007e+00  2.040000e+01
     vertex -1.264911e+01  6.000000e+00  2.040000e+01
   endloop
 endfacet
 facet normal  0.000000e+00  0.000000e+00 -1.000000e+00
   outer loop
     vertex  0.000000e+00  6.000000e+00  2.040000e+01
     vertex -7.154731e-01  3.221506e+00  2.040000e+01
     vertex -8.032009e-01  3.200761e+00  2.040000e+01
   endloop
 endfacet
 facet normal  0.000000e+00  0.000000e+00 -1.000000e+00
   outer loop
     vertex  0.000000e+00  6.000000e+00  2.040000e+01
     vertex -8.032009e-01  3.200761e+00  2.040000e+01
     vertex -8.903293e-01  3.177627e+00  2.040000e+01
   endloop
 endfacet
 facet normal  0.000000e+00  0.000000e+00 -1.000000e+00
   outer loop
     vertex  0.000000e+00  6.000000e+00  2.040000e+01
     vertex -8.903293e-01  3.177627e+00  2.040000e+01
     vertex -9.767934e-01  3.152122e+00  2.040000e+01
   endloop
 endfacet
 facet normal  0.000000e+00  0.000000e+00 -1.000000e+00
   outer loop
     vertex  0.000000e+00  6.000000e+00  2.040000e+01
     vertex -9.767934e-01  3.152122e+00  2.040000e+01
     vertex -1.062529e+00  3.124265e+00  2.040000e+01
   endloop
 endfacet
 facet normal  0.000000e+00  0.000000e+00 -1.000000e+00
   outer loop
     vertex  0.000000e+00  6.000000e+00  2.040000e+01
     vertex -1.062529e+00  3.124265e+00  2.040000e+01
     vertex -1.147471e+00  3.094077e+00  2.040000e+01
   endloop
 endfacet
 facet normal  0.000000e+00  0.000000e+00 -1.000000e+00
   outer loop
     vertex  0.000000e+00  6.000000e+00  2.040000e+01
     vertex -1.147471e+00  3.094077e+00  2.040000e+01
     vertex -1.231557e+00  3.061579e+00  2.040000e+01
   endloop
 endfacet
 facet normal  0.000000e+00  0.000000e+00 -1.000000e+00
   outer loop
     vertex  0.000000e+00  6.000000e+00  2.040000e+01
     vertex -1.231557e+00  3.061579e+00  2.040000e+01
     vertex -1.314724e+00  3.026797e+00  2.040000e+01
   endloop
 endfacet
 facet normal  0.000000e+00  0.000000e+00 -1.000000e+00
   outer loop
     vertex  0.000000e+00  6.000000e+00  2.040000e+01
     vertex -1.314724e+00  3.026797e+00  2.040000e+01
     vertex -1.396909e+00  2.989757e+00  2.040000e+01
   endloop
 endfacet
 facet normal  0.000000e+00  0.000000e+00 -1.000000e+00
   outer loop
     vertex  0.000000e+00  6.000000e+00  2.040000e+01
     vertex -1.396909e+00  2.989757e+00  2.040000e+01
     vertex -1.478053e+00  2.950485e+00  2.040000e+01
   endloop
 endfacet
 facet normal  0.000000e+00  0.000000e+00 -1.000000e+00
   outer loop
     vertex  0.000000e+00  6.000000e+00  2.040000e+01
     vertex -1.478053e+00  2.950485e+00  2.040000e+01
     vertex -1.558093e+00  2.909011e+00  2.040000e+01
   endloop
 endfacet
 facet normal  0.000000e+00  0.000000e+00 -1.000000e+00
   outer loop
     vertex  0.000000e+00  6.000000e+00  2.040000e+01
     vertex -1.558093e+00  2.909011e+00  2.040000e+01
     vertex -1.636971e+00  2.865367e+00  2.040000e+01
   endloop
 endfacet
 facet normal  0.000000e+00  0.000000e+00 -1.000000e+00
   outer loop
     vertex  0.000000e+00  6.000000e+00  2.040000e+01
     vertex -1.636971e+00  2.865367e+00  2.040000e+01
     vertex -1.714627e+00  2.819584e+00  2.040000e+01
   endloop
 endfacet
 facet normal  0.000000e+00  0.000000e+00 -1.000000e+00
   outer loop
     vertex  0.000000e+00  6.000000e+00  2.040000e+01
     vertex -1.714627e+00  2.819584e+00  2.040000e+01
     vertex -1.791004e+00  2.771697e+00  2.040000e+01
   endloop
 endfacet
 facet normal  0.000000e+00  0.000000e+00 -1.000000e+00
   outer loop
     vertex  0.000000e+00  6.000000e+00  2.040000e+01
     vertex -1.791004e+00  2.771697e+00  2.040000e+01
     vertex -1.866044e+00  2.721742e+00  2.040000e+01
   endloop
 endfacet
 facet normal  0.000000e+00  0.000000e+00 -1.000000e+00
   outer loop
     vertex  0.000000e+00  6.000000e+00  2.040000e+01
     vertex -1.866044e+00  2.721742e+00  2.040000e+01
     vertex -1.939691e+00  2.669756e+00  2.040000e+01
   endloop
 endfacet
 facet normal  0.000000e+00  0.000000e+00 -1.000000e+00
   outer loop
     vertex  0.000000e+00  6.000000e+00  2.040000e+01
     vertex -1.939691e+00  2.669756e+00  2.040000e+01
     vertex -2.011891e+00  2.615778e+00  2.040000e+01
   endloop
 endfacet
 facet normal  0.000000e+00  0.000000e+00 -1.000000e+00
   outer loop
     vertex  0.000000e+00  6.000000e+00  2.040000e+01
     vertex -2.011891e+00  2.615778e+00  2.040000e+01
     vertex -2.082590e+00  2.559847e+00  2.040000e+01
   endloop
 endfacet
 facet normal  0.000000e+00  0.000000e+00 -1.000000e+00
   outer loop
     vertex  0.000000e+00  6.000000e+00  2.040000e+01
     vertex -2.082590e+00  2.559847e+00  2.040000e+01
     vertex -2.151735e+00  2.502007e+00  2.040000e+01
   endloop
 endfacet
 facet normal -1.000000e+00  1.535972e-16 -3.552714e-15
   outer loop
     vertex -1.275000e+01 -5.782517e+00  2.040000e+01
     vertex -1.275000e+01  5.782517e+00  2.090000e+01
     vertex -1.275000e+01  5.782517e+00  2.040000e+01
   endloop
 endfacet
 facet normal -1.000000e+00  0.000000e+00 -0.000000e+00
   outer loop
     vertex -1.275000e+01 -5.782517e+00  2.090000e+01
     vertex -1.275000e+01  5.782517e+00  2.090000e+01
     vertex -1.275000e+01 -5.782517e+00  2.040000e+01
   endloop
 endfacet
 facet normal  0.000000e+00  0.000000e+00 -1.000000e+00
   outer loop
     vertex -1.275000e+01 -5.782517e+00  2.090000e+01
     vertex -1.290402e+01 -5.430136e+00  2.090000e+01
     vertex -1.275000e+01  5.782517e+00  2.090000e+01
   endloop
 endfacet
 facet normal  0.000000e+00  0.000000e+00 -1.000000e+00
   outer loop
     vertex -1.290402e+01 -5.430136e+00  2.090000e+01
     vertex -1.290402e+01  5.430136e+00  2.090000e+01
     vertex -1.275000e+01  5.782517e+00  2.090000e+01
   endloop
 endfacet
 facet normal  0.000000e+00  0.000000e+00 -1.000000e+00
   outer loop
     vertex -1.290402e+01 -5.430136e+00  2.090000e+01
     vertex -1.304829e+01 -5.073657e+00  2.090000e+01
     vertex -1.290402e+01  5.430136e+00  2.090000e+01
   endloop
 endfacet
 facet normal  0.000000e+00  0.000000e+00 -1.000000e+00
   outer loop
     vertex -1.304829e+01 -5.073657e+00  2.090000e+01
     vertex -1.318273e+01 -4.713351e+00  2.090000e+01
     vertex -1.290402e+01  5.430136e+00  2.090000e+01
   endloop
 endfacet
 facet normal  0.000000e+00  0.000000e+00 -1.000000e+00
   outer loop
     vertex -1.318273e+01 -4.713351e+00  2.090000e+01
     vertex -1.330721e+01 -4.349487e+00  2.090000e+01
     vertex -1.290402e+01  5.430136e+00  2.090000e+01
   endloop
 endfacet
 facet normal  0.000000e+00  0.000000e+00 -1.000000e+00
   outer loop
     vertex -1.330721e+01 -4.349487e+00  2.090000e+01
     vertex -1.342166e+01 -3.982342e+00  2.090000e+01
     vertex -1.290402e+01  5.430136e+00  2.090000e+01
   endloop
 endfacet
 facet normal  0.000000e+00  0.000000e+00 -1.000000e+00
   outer loop
     vertex -1.342166e+01 -3.982342e+00  2.090000e+01
     vertex -1.352598e+01 -3.612192e+00  2.090000e+01
     vertex -1.290402e+01  5.430136e+00  2.090000e+01
   endloop
 endfacet
 facet normal  0.000000e+00  0.000000e+00 -1.000000e+00
   outer loop
     vertex -1.352598e+01 -3.612192e+00  2.090000e+01
     vertex -1.304829e+01  5.073657e+00  2.090000e+01
     vertex -1.290402e+01  5.430136e+00  2.090000e+01
   endloop
 endfacet
 facet normal  0.000000e+00  0.000000e+00 -1.000000e+00
   outer loop
     vertex -1.352598e+01 -3.612192e+00  2.090000e+01
     vertex -1.318273e+01  4.713351e+00  2.090000e+01
     vertex -1.304829e+01  5.073657e+00  2.090000e+01
   endloop
 endfacet
 facet normal  0.000000e+00  0.000000e+00 -1.000000e+00
   outer loop
     vertex -1.352598e+01 -3.612192e+00  2.090000e+01
     vertex -1.330721e+01  4.349487e+00  2.090000e+01
     vertex -1.318273e+01  4.713351e+00  2.090000e+01
   endloop
 endfacet
 facet normal  0.000000e+00  0.000000e+00 -1.000000e+00
   outer loop
     vertex -1.352598e+01 -3.612192e+00  2.090000e+01
     vertex -1.342166e+01  3.982342e+00  2.090000e+01
     vertex -1.330721e+01  4.349487e+00  2.090000e+01
   endloop
 endfacet
 facet normal  0.000000e+00  0.000000e+00 -1.000000e+00
   outer loop
     vertex -1.352598e+01 -3.612192e+00  2.090000e+01
     vertex -1.352598e+01  3.612192e+00  2.090000e+01
     vertex -1.342166e+01  3.982342e+00  2.090000e+01
   endloop
 endfacet
 facet normal  0.000000e+00  0.000000e+00 -1.000000e+00
   outer loop
     vertex -1.352598e+01 -3.612192e+00  2.090000e+01
     vertex -1.362009e+01  3.239316e+00  2.090000e+01
     vertex -1.352598e+01  3.612192e+00  2.090000e+01
   endloop
 endfacet
 facet normal  0.000000e+00  0.000000e+00 -1.000000e+00
   outer loop
     vertex -1.352598e+01 -3.612192e+00  2.090000e+01
     vertex -1.362009e+01 -3.239316e+00  2.090000e+01
     vertex -1.362009e+01  3.239316e+00  2.090000e+01
   endloop
 endfacet
 facet normal  0.000000e+00  0.000000e+00 -1.000000e+00
   outer loop
     vertex -1.362009e+01 -3.239316e+00  2.090000e+01
     vertex -1.370392e+01 -2.863996e+00  2.090000e+01
     vertex -1.362009e+01  3.239316e+00  2.090000e+01
   endloop
 endfacet
 facet normal  0.000000e+00  0.000000e+00 -1.000000e+00
   outer loop
     vertex -1.370392e+01 -2.863996e+00  2.090000e+01
     vertex -1.377742e+01 -2.486515e+00  2.090000e+01
     vertex -1.362009e+01  3.239316e+00  2.090000e+01
   endloop
 endfacet
 facet normal  0.000000e+00  0.000000e+00 -1.000000e+00
   outer loop
     vertex -1.377742e+01 -2.486515e+00  2.090000e+01
     vertex -1.384052e+01 -2.107158e+00  2.090000e+01
     vertex -1.362009e+01  3.239316e+00  2.090000e+01
   endloop
 endfacet
 facet normal  0.000000e+00  0.000000e+00 -1.000000e+00
   outer loop
     vertex -1.384052e+01 -2.107158e+00  2.090000e+01
     vertex -1.389317e+01 -1.726211e+00  2.090000e+01
     vertex -1.362009e+01  3.239316e+00  2.090000e+01
   endloop
 endfacet
 facet normal  0.000000e+00  0.000000e+00 -1.000000e+00
   outer loop
     vertex -1.389317e+01 -1.726211e+00  2.090000e+01
     vertex -1.393534e+01 -1.343961e+00  2.090000e+01
     vertex -1.362009e+01  3.239316e+00  2.090000e+01
   endloop
 endfacet
 facet normal  0.000000e+00  0.000000e+00 -1.000000e+00
   outer loop
     vertex -1.393534e+01 -1.343961e+00  2.090000e+01
     vertex -1.396700e+01 -9.606971e-01  2.090000e+01
     vertex -1.362009e+01  3.239316e+00  2.090000e+01
   endloop
 endfacet
 facet normal  0.000000e+00  0.000000e+00 -1.000000e+00
   outer loop
     vertex -1.396700e+01 -9.606971e-01  2.090000e+01
     vertex -1.398812e+01 -5.767084e-01  2.090000e+01
     vertex -1.362009e+01  3.239316e+00  2.090000e+01
   endloop
 endfacet
 facet normal  0.000000e+00  0.000000e+00 -1.000000e+00
   outer loop
     vertex -1.398812e+01 -5.767084e-01  2.090000e+01
     vertex -1.399868e+01 -1.922845e-01  2.090000e+01
     vertex -1.362009e+01  3.239316e+00  2.090000e+01
   endloop
 endfacet
 facet normal  0.000000e+00  0.000000e+00 -1.000000e+00
   outer loop
     vertex -1.399868e+01 -1.922845e-01  2.090000e+01
     vertex -1.399868e+01  1.922845e-01  2.090000e+01
     vertex -1.362009e+01  3.239316e+00  2.090000e+01
   endloop
 endfacet
 facet normal  0.000000e+00  0.000000e+00 -1.000000e+00
   outer loop
     vertex -1.399868e+01  1.922845e-01  2.090000e+01
     vertex -1.398812e+01  5.767084e-01  2.090000e+01
     vertex -1.362009e+01  3.239316e+00  2.090000e+01
   endloop
 endfacet
 facet normal  0.000000e+00  0.000000e+00 -1.000000e+00
   outer loop
     vertex -1.398812e+01  5.767084e-01  2.090000e+01
     vertex -1.396700e+01  9.606971e-01  2.090000e+01
     vertex -1.362009e+01  3.239316e+00  2.090000e+01
   endloop
 endfacet
 facet normal  0.000000e+00  0.000000e+00 -1.000000e+00
   outer loop
     vertex -1.396700e+01  9.606971e-01  2.090000e+01
     vertex -1.393534e+01  1.343961e+00  2.090000e+01
     vertex -1.362009e+01  3.239316e+00  2.090000e+01
   endloop
 endfacet
 facet normal  0.000000e+00  0.000000e+00 -1.000000e+00
   outer loop
     vertex -1.393534e+01  1.343961e+00  2.090000e+01
     vertex -1.389317e+01  1.726211e+00  2.090000e+01
     vertex -1.362009e+01  3.239316e+00  2.090000e+01
   endloop
 endfacet
 facet normal  0.000000e+00  0.000000e+00 -1.000000e+00
   outer loop
     vertex -1.389317e+01  1.726211e+00  2.090000e+01
     vertex -1.384052e+01  2.107158e+00  2.090000e+01
     vertex -1.362009e+01  3.239316e+00  2.090000e+01
   endloop
 endfacet
 facet normal  0.000000e+00  0.000000e+00 -1.000000e+00
   outer loop
     vertex -1.384052e+01  2.107158e+00  2.090000e+01
     vertex -1.370392e+01  2.863996e+00  2.090000e+01
     vertex -1.362009e+01  3.239316e+00  2.090000e+01
   endloop
 endfacet
 facet normal  0.000000e+00  0.000000e+00 -1.000000e+00
   outer loop
     vertex -1.384052e+01  2.107158e+00  2.090000e+01
     vertex -1.377742e+01  2.486515e+00  2.090000e+01
     vertex -1.370392e+01  2.863996e+00  2.090000e+01
   endloop
 endfacet
 facet normal -0.000000e+00 -1.000000e+00  0.000000e+00
   outer loop
     vertex -2.076952e-01  6.000000e+00  1.430000e+01
     vertex -1.264911e+01  6.000000e+00  2.040000e+01
     vertex -1.264911e+01  6.000000e+00  1.420000e+01
   endloop
 endfacet
 facet normal  0.000000e+00 -1.000000e+00 -0.000000e+00
   outer loop
     vertex  0.000000e+00  6.000000e+00  1.430000e+01
     vertex -2.076952e-01  6.000000e+00  1.430000e+01
     vertex  0.000000e+00  6.000000e+00  1.420000e+01
   endloop
 endfacet
 facet normal -0.000000e+00 -1.000000e+00 -0.000000e+00
   outer loop
     vertex -2.076952e-01  6.000000e+00  2.030000e+01
     vertex -1.264911e+01  6.000000e+00  2.040000e+01
     vertex -2.076952e-01  6.000000e+00  1.430000e+01
   endloop
 endfacet
 facet normal  0.000000e+00 -1.000000e+00 -0.000000e+00
   outer loop
     vertex  0.000000e+00  6.000000e+00  2.040000e+01
     vertex -2.076952e-01  6.000000e+00  2.030000e+01
     vertex  0.000000e+00  6.000000e+00  2.030000e+01
   endloop
 endfacet
 facet normal  0.000000e+00 -1.000000e+00  0.000000e+00
   outer loop
     vertex  0.000000e+00  6.000000e+00  1.420000e+01
     vertex -2.076952e-01  6.000000e+00  1.430000e+01
     vertex -1.264911e+01  6.000000e+00  1.420000e+01
   endloop
 endfacet
 facet normal  0.000000e+00 -1.000000e+00  0.000000e+00
   outer loop
     vertex -1.264911e+01  6.000000e+00  2.040000e+01
     vertex -2.076952e-01  6.000000e+00  2.030000e+01
     vertex  0.000000e+00  6.000000e+00  2.040000e+01
   endloop
 endfacet
 facet normal  0.000000e+00  0.000000e+00  1.000000e+00
   outer loop
     vertex -2.285157e+00 -2.380769e+00  1.420000e+01
     vertex -2.349334e+00 -2.317462e+00  1.420000e+01
     vertex -1.264911e+01 -6.000000e+00  1.420000e+01
   endloop
 endfacet
 facet normal  0.000000e+00  0.000000e+00  1.000000e+00
   outer loop
     vertex -2.411759e+00 -2.252425e+00  1.420000e+01
     vertex -1.264911e+01 -6.000000e+00  1.420000e+01
     vertex -2.349334e+00 -2.317462e+00  1.420000e+01
   endloop
 endfacet
 facet normal  0.000000e+00  0.000000e+00  1.000000e+00
   outer loop
     vertex -2.219274e+00 -2.442299e+00  1.420000e+01
     vertex -2.285157e+00 -2.380769e+00  1.420000e+01
     vertex -1.264911e+01 -6.000000e+00  1.420000e+01
   endloop
 endfacet
 facet normal  0.000000e+00  0.000000e+00  1.000000e+00
   outer loop
     vertex -2.472383e+00 -2.185708e+00  1.420000e+01
     vertex -1.264911e+01 -6.000000e+00  1.420000e+01
     vertex -2.411759e+00 -2.252425e+00  1.420000e+01
   endloop
 endfacet
 facet normal  0.000000e+00  0.000000e+00  1.000000e+00
   outer loop
     vertex -2.151735e+00 -2.502007e+00  1.420000e+01
     vertex -1.264911e+01 -6.000000e+00  1.420000e+01
     vertex  0.000000e+00 -6.000000e+00  1.420000e+01
   endloop
 endfacet
 facet normal  0.000000e+00  0.000000e+00  1.000000e+00
   outer loop
     vertex -2.151735e+00 -2.502007e+00  1.420000e+01
     vertex -2.219274e+00 -2.442299e+00  1.420000e+01
     vertex -1.264911e+01 -6.000000e+00  1.420000e+01
   endloop
 endfacet
 facet normal  0.000000e+00  0.000000e+00  1.000000e+00
   outer loop
     vertex -2.531163e+00 -2.117360e+00  1.420000e+01
     vertex -1.264911e+01 -6.000000e+00  1.420000e+01
     vertex -2.472383e+00 -2.185708e+00  1.420000e+01
   endloop
 endfacet
 facet normal  0.000000e+00  0.000000e+00  1.000000e+00
   outer loop
     vertex -2.082590e+00 -2.559847e+00  1.420000e+01
     vertex -2.151735e+00 -2.502007e+00  1.420000e+01
     vertex  0.000000e+00 -6.000000e+00  1.420000e+01
   endloop
 endfacet
 facet normal  0.000000e+00  0.000000e+00  1.000000e+00
   outer loop
     vertex -2.588054e+00 -2.047432e+00  1.420000e+01
     vertex -1.264911e+01 -6.000000e+00  1.420000e+01
     vertex -2.531163e+00 -2.117360e+00  1.420000e+01
   endloop
 endfacet
 facet normal  0.000000e+00  0.000000e+00  1.000000e+00
   outer loop
     vertex -2.011891e+00 -2.615778e+00  1.420000e+01
     vertex -2.082590e+00 -2.559847e+00  1.420000e+01
     vertex  0.000000e+00 -6.000000e+00  1.420000e+01
   endloop
 endfacet
 facet normal  0.000000e+00  0.000000e+00  1.000000e+00
   outer loop
     vertex -2.643013e+00 -1.975976e+00  1.420000e+01
     vertex -1.264911e+01 -6.000000e+00  1.420000e+01
     vertex -2.588054e+00 -2.047432e+00  1.420000e+01
   endloop
 endfacet
 facet normal  0.000000e+00  0.000000e+00  1.000000e+00
   outer loop
     vertex -1.939691e+00 -2.669756e+00  1.420000e+01
     vertex -2.011891e+00 -2.615778e+00  1.420000e+01
     vertex  0.000000e+00 -6.000000e+00  1.420000e+01
   endloop
 endfacet
 facet normal  0.000000e+00  0.000000e+00  1.000000e+00
   outer loop
     vertex -2.696001e+00 -1.903045e+00  1.420000e+01
     vertex -1.264911e+01 -6.000000e+00  1.420000e+01
     vertex -2.643013e+00 -1.975976e+00  1.420000e+01
   endloop
 endfacet
 facet normal  0.000000e+00  0.000000e+00  1.000000e+00
   outer loop
     vertex -1.866044e+00 -2.721742e+00  1.420000e+01
     vertex -1.939691e+00 -2.669756e+00  1.420000e+01
     vertex  0.000000e+00 -6.000000e+00  1.420000e+01
   endloop
 endfacet
 facet normal  0.000000e+00  0.000000e+00  1.000000e+00
   outer loop
     vertex -2.746976e+00 -1.828694e+00  1.420000e+01
     vertex -1.264911e+01 -6.000000e+00  1.420000e+01
     vertex -2.696001e+00 -1.903045e+00  1.420000e+01
   endloop
 endfacet
 facet normal  0.000000e+00  0.000000e+00  1.000000e+00
   outer loop
     vertex -1.791004e+00 -2.771697e+00  1.420000e+01
     vertex -1.866044e+00 -2.721742e+00  1.420000e+01
     vertex  0.000000e+00 -6.000000e+00  1.420000e+01
   endloop
 endfacet
 facet normal  0.000000e+00  0.000000e+00  1.000000e+00
   outer loop
     vertex -2.795901e+00 -1.752979e+00  1.420000e+01
     vertex -1.264911e+01 -6.000000e+00  1.420000e+01
     vertex -2.746976e+00 -1.828694e+00  1.420000e+01
   endloop
 endfacet
 facet normal  0.000000e+00  0.000000e+00  1.000000e+00
   outer loop
     vertex -1.714627e+00 -2.819584e+00  1.420000e+01
     vertex -1.791004e+00 -2.771697e+00  1.420000e+01
     vertex  0.000000e+00 -6.000000e+00  1.420000e+01
   endloop
 endfacet
 facet normal  0.000000e+00  0.000000e+00  1.000000e+00
   outer loop
     vertex -2.842741e+00 -1.675955e+00  1.420000e+01
     vertex -1.264911e+01 -6.000000e+00  1.420000e+01
     vertex -2.795901e+00 -1.752979e+00  1.420000e+01
   endloop
 endfacet
 facet normal  0.000000e+00  0.000000e+00  1.000000e+00
   outer loop
     vertex -1.636971e+00 -2.865367e+00  1.420000e+01
     vertex -1.714627e+00 -2.819584e+00  1.420000e+01
     vertex  0.000000e+00 -6.000000e+00  1.420000e+01
   endloop
 endfacet
 facet normal  0.000000e+00  0.000000e+00  1.000000e+00
   outer loop
     vertex -2.887458e+00 -1.597681e+00  1.420000e+01
     vertex -1.264911e+01 -6.000000e+00  1.420000e+01
     vertex -2.842741e+00 -1.675955e+00  1.420000e+01
   endloop
 endfacet
 facet normal  0.000000e+00  0.000000e+00  1.000000e+00
   outer loop
     vertex -1.558093e+00 -2.909011e+00  1.420000e+01
     vertex -1.636971e+00 -2.865367e+00  1.420000e+01
     vertex  0.000000e+00 -6.000000e+00  1.420000e+01
   endloop
 endfacet
 facet normal  0.000000e+00  0.000000e+00  1.000000e+00
   outer loop
     vertex -2.930021e+00 -1.518215e+00  1.420000e+01
     vertex -1.264911e+01 -6.000000e+00  1.420000e+01
     vertex -2.887458e+00 -1.597681e+00  1.420000e+01
   endloop
 endfacet
 facet normal  0.000000e+00  0.000000e+00  1.000000e+00
   outer loop
     vertex -1.478053e+00 -2.950485e+00  1.420000e+01
     vertex -1.558093e+00 -2.909011e+00  1.420000e+01
     vertex  0.000000e+00 -6.000000e+00  1.420000e+01
   endloop
 endfacet
 facet normal  0.000000e+00  0.000000e+00  1.000000e+00
   outer loop
     vertex -2.970398e+00 -1.437615e+00  1.420000e+01
     vertex -1.268315e+01 -5.927698e+00  1.420000e+01
     vertex -1.264911e+01 -6.000000e+00  1.420000e+01
   endloop
 endfacet
 facet normal  0.000000e+00  0.000000e+00  1.000000e+00
   outer loop
     vertex -2.970398e+00 -1.437615e+00  1.420000e+01
     vertex -1.264911e+01 -6.000000e+00  1.420000e+01
     vertex -2.930021e+00 -1.518215e+00  1.420000e+01
   endloop
 endfacet
 facet normal  0.000000e+00  0.000000e+00  1.000000e+00
   outer loop
     vertex -1.396909e+00 -2.989757e+00  1.420000e+01
     vertex -1.478053e+00 -2.950485e+00  1.420000e+01
     vertex  0.000000e+00 -6.000000e+00  1.420000e+01
   endloop
 endfacet
 facet normal  0.000000e+00  0.000000e+00  1.000000e+00
   outer loop
     vertex -3.008558e+00 -1.355943e+00  1.420000e+01
     vertex -1.275000e+01 -5.782517e+00  1.420000e+01
     vertex -1.271678e+01 -5.855203e+00  1.420000e+01
   endloop
 endfacet
 facet normal  0.000000e+00  0.000000e+00  1.000000e+00
   outer loop
     vertex -3.008558e+00 -1.355943e+00  1.420000e+01
     vertex -1.271678e+01 -5.855203e+00  1.420000e+01
     vertex -1.268315e+01 -5.927698e+00  1.420000e+01
   endloop
 endfacet
 facet normal  0.000000e+00  0.000000e+00  1.000000e+00
   outer loop
     vertex -3.008558e+00 -1.355943e+00  1.420000e+01
     vertex -1.268315e+01 -5.927698e+00  1.420000e+01
     vertex -2.970398e+00 -1.437615e+00  1.420000e+01
   endloop
 endfacet
 facet normal  0.000000e+00  0.000000e+00  1.000000e+00
   outer loop
     vertex -1.314724e+00 -3.026797e+00  1.420000e+01
     vertex -1.396909e+00 -2.989757e+00  1.420000e+01
     vertex  0.000000e+00 -6.000000e+00  1.420000e+01
   endloop
 endfacet
 facet normal  0.000000e+00  0.000000e+00  1.000000e+00
   outer loop
     vertex -3.044472e+00 -1.273259e+00  1.420000e+01
     vertex -1.275000e+01 -5.782517e+00  1.420000e+01
     vertex -3.008558e+00 -1.355943e+00  1.420000e+01
   endloop
 endfacet
 facet normal  0.000000e+00  0.000000e+00  1.000000e+00
   outer loop
     vertex -1.231557e+00 -3.061579e+00  1.420000e+01
     vertex -1.314724e+00 -3.026797e+00  1.420000e+01
     vertex  0.000000e+00 -6.000000e+00  1.420000e+01
   endloop
 endfacet
 facet normal  0.000000e+00  0.000000e+00  1.000000e+00
   outer loop
     vertex -3.078115e+00 -1.189625e+00  1.420000e+01
     vertex -1.275000e+01 -5.782517e+00  1.420000e+01
     vertex -3.044472e+00 -1.273259e+00  1.420000e+01
   endloop
 endfacet
 facet normal  0.000000e+00  0.000000e+00  1.000000e+00
   outer loop
     vertex -1.147471e+00 -3.094077e+00  1.420000e+01
     vertex -1.231557e+00 -3.061579e+00  1.420000e+01
     vertex  0.000000e+00 -6.000000e+00  1.420000e+01
   endloop
 endfacet
 facet normal  0.000000e+00  0.000000e+00  1.000000e+00
   outer loop
     vertex -3.109461e+00 -1.105103e+00  1.420000e+01
     vertex -1.275000e+01 -5.782517e+00  1.420000e+01
     vertex -3.078115e+00 -1.189625e+00  1.420000e+01
   endloop
 endfacet
 facet normal  0.000000e+00  0.000000e+00  1.000000e+00
   outer loop
     vertex -1.062529e+00 -3.124265e+00  1.420000e+01
     vertex -1.147471e+00 -3.094077e+00  1.420000e+01
     vertex  0.000000e+00 -6.000000e+00  1.420000e+01
   endloop
 endfacet
 facet normal  0.000000e+00  0.000000e+00  1.000000e+00
   outer loop
     vertex -3.138487e+00 -1.019756e+00  1.420000e+01
     vertex -1.275000e+01 -5.782517e+00  1.420000e+01
     vertex -3.109461e+00 -1.105103e+00  1.420000e+01
   endloop
 endfacet
 facet normal  0.000000e+00  0.000000e+00  1.000000e+00
   outer loop
     vertex -9.767934e-01 -3.152122e+00  1.420000e+01
     vertex -1.062529e+00 -3.124265e+00  1.420000e+01
     vertex  0.000000e+00 -6.000000e+00  1.420000e+01
   endloop
 endfacet
 facet normal  0.000000e+00  0.000000e+00  1.000000e+00
   outer loop
     vertex -3.165170e+00 -9.336485e-01  1.420000e+01
     vertex -1.275000e+01 -5.782517e+00  1.420000e+01
     vertex -3.138487e+00 -1.019756e+00  1.420000e+01
   endloop
 endfacet
 facet normal  0.000000e+00  0.000000e+00  1.000000e+00
   outer loop
     vertex -8.903293e-01 -3.177627e+00  1.420000e+01
     vertex -9.767934e-01 -3.152122e+00  1.420000e+01
     vertex  0.000000e+00 -6.000000e+00  1.420000e+01
   endloop
 endfacet
 facet normal  0.000000e+00  0.000000e+00  1.000000e+00
   outer loop
     vertex -3.189491e+00 -8.468441e-01  1.420000e+01
     vertex -1.275000e+01 -5.782517e+00  1.420000e+01
     vertex -3.165170e+00 -9.336485e-01  1.420000e+01
   endloop
 endfacet
 facet normal  0.000000e+00  0.000000e+00  1.000000e+00
   outer loop
     vertex -8.032009e-01 -3.200761e+00  1.420000e+01
     vertex -8.903293e-01 -3.177627e+00  1.420000e+01
     vertex  0.000000e+00 -6.000000e+00  1.420000e+01
   endloop
 endfacet
 facet normal  0.000000e+00  0.000000e+00  1.000000e+00
   outer loop
     vertex -3.211433e+00 -7.594078e-01  1.420000e+01
     vertex -1.275000e+01 -5.782517e+00  1.420000e+01
     vertex -3.189491e+00 -8.468441e-01  1.420000e+01
   endloop
 endfacet
 facet normal  0.000000e+00  0.000000e+00  1.000000e+00
   outer loop
     vertex -7.154731e-01 -3.221506e+00  1.420000e+01
     vertex -8.032009e-01 -3.200761e+00  1.420000e+01
     vertex  0.000000e+00 -6.000000e+00  1.420000e+01
   endloop
 endfacet
 facet normal  0.000000e+00  0.000000e+00  1.000000e+00
   outer loop
     vertex -3.230977e+00 -6.714048e-01  1.420000e+01
     vertex -1.275000e+01 -5.782517e+00  1.420000e+01
     vertex -3.211433e+00 -7.594078e-01  1.420000e+01
   endloop
 endfacet
 facet normal  0.000000e+00  0.000000e+00  1.000000e+00
   outer loop
     vertex -6.272113e-01 -3.239847e+00  1.420000e+01
     vertex -7.154731e-01 -3.221506e+00  1.420000e+01
     vertex  0.000000e+00 -6.000000e+00  1.420000e+01
   endloop
 endfacet
 facet normal  0.000000e+00  0.000000e+00  1.000000e+00
   outer loop
     vertex -3.248111e+00 -5.829008e-01  1.420000e+01
     vertex -1.275000e+01 -5.782517e+00  1.420000e+01
     vertex -3.230977e+00 -6.714048e-01  1.420000e+01
   endloop
 endfacet
 facet normal  0.000000e+00  0.000000e+00  1.000000e+00
   outer loop
     vertex -5.384816e-01 -3.255770e+00  1.420000e+01
     vertex -6.272113e-01 -3.239847e+00  1.420000e+01
     vertex  0.000000e+00 -6.000000e+00  1.420000e+01
   endloop
 endfacet
 facet normal  0.000000e+00  0.000000e+00  1.000000e+00
   outer loop
     vertex -3.262821e+00 -4.939618e-01  1.420000e+01
     vertex -1.275000e+01 -5.782517e+00  1.420000e+01
     vertex -3.248111e+00 -5.829008e-01  1.420000e+01
   endloop
 endfacet
 facet normal  0.000000e+00  0.000000e+00  1.000000e+00
   outer loop
     vertex -4.493499e-01 -3.269264e+00  1.420000e+01
     vertex -5.384816e-01 -3.255770e+00  1.420000e+01
     vertex  0.000000e+00 -6.000000e+00  1.420000e+01
   endloop
 endfacet
 facet normal  0.000000e+00  0.000000e+00  1.000000e+00
   outer loop
     vertex -3.275096e+00 -4.046542e-01  1.420000e+01
     vertex -1.275000e+01 -5.782517e+00  1.420000e+01
     vertex -3.262821e+00 -4.939618e-01  1.420000e+01
   endloop
 endfacet
 facet normal  0.000000e+00  0.000000e+00  1.000000e+00
   outer loop
     vertex -3.598830e-01 -3.280318e+00  1.420000e+01
     vertex -4.493499e-01 -3.269264e+00  1.420000e+01
     vertex  0.000000e+00 -6.000000e+00  1.420000e+01
   endloop
 endfacet
 facet normal  0.000000e+00  0.000000e+00  1.000000e+00
   outer loop
     vertex -3.284927e+00 -3.150446e-01  1.420000e+01
     vertex -1.275000e+01 -5.782517e+00  1.420000e+01
     vertex -3.275096e+00 -4.046542e-01  1.420000e+01
   endloop
 endfacet
 facet normal  0.000000e+00  0.000000e+00  1.000000e+00
   outer loop
     vertex -2.701475e-01 -3.288924e+00  1.420000e+01
     vertex -3.598830e-01 -3.280318e+00  1.420000e+01
     vertex  0.000000e+00 -6.000000e+00  1.420000e+01
   endloop
 endfacet
 facet normal  0.000000e+00  0.000000e+00  1.000000e+00
   outer loop
     vertex -3.292307e+00 -2.252000e-01  1.420000e+01
     vertex -1.275000e+01 -5.782517e+00  1.420000e+01
     vertex -3.284927e+00 -3.150446e-01  1.420000e+01
   endloop
 endfacet
 facet normal  0.000000e+00  0.000000e+00  1.000000e+00
   outer loop
     vertex -1.802104e-01 -3.295076e+00  1.420000e+01
     vertex -2.701475e-01 -3.288924e+00  1.420000e+01
     vertex  0.000000e+00 -6.000000e+00  1.420000e+01
   endloop
 endfacet
 facet normal  0.000000e+00  0.000000e+00  1.000000e+00
   outer loop
     vertex -3.297230e+00 -1.351872e-01  1.420000e+01
     vertex -1.275000e+01 -5.782517e+00  1.420000e+01
     vertex -3.292307e+00 -2.252000e-01  1.420000e+01
   endloop
 endfacet
 facet normal  0.000000e+00  0.000000e+00  1.000000e+00
   outer loop
     vertex -9.013884e-02 -3.298769e+00  1.420000e+01
     vertex -1.802104e-01 -3.295076e+00  1.420000e+01
     vertex  0.000000e+00 -6.000000e+00  1.420000e+01
   endloop
 endfacet
 facet normal  0.000000e+00  0.000000e+00  1.000000e+00
   outer loop
     vertex -3.299692e+00 -4.507362e-02  1.420000e+01
     vertex -1.275000e+01  5.782517e+00  1.420000e+01
     vertex -1.275000e+01 -5.782517e+00  1.420000e+01
   endloop
 endfacet
 facet normal  0.000000e+00  0.000000e+00  1.000000e+00
   outer loop
     vertex -3.299692e+00 -4.507362e-02  1.420000e+01
     vertex -1.275000e+01 -5.782517e+00  1.420000e+01
     vertex -3.297230e+00 -1.351872e-01  1.420000e+01
   endloop
 endfacet
 facet normal  0.000000e+00  0.000000e+00  1.000000e+00
   outer loop
     vertex  0.000000e+00 -3.300000e+00  1.420000e+01
     vertex -9.013884e-02 -3.298769e+00  1.420000e+01
     vertex  0.000000e+00 -6.000000e+00  1.420000e+01
   endloop
 endfacet
 facet normal  0.000000e+00  0.000000e+00  1.000000e+00
   outer loop
     vertex -3.299692e+00  4.507362e-02  1.420000e+01
     vertex -1.275000e+01  5.782517e+00  1.420000e+01
     vertex -3.299692e+00 -4.507362e-02  1.420000e+01
   endloop
 endfacet
 facet normal  0.000000e+00  0.000000e+00  1.000000e+00
   outer loop
     vertex -3.297230e+00  1.351872e-01  1.420000e+01
     vertex -1.275000e+01  5.782517e+00  1.420000e+01
     vertex -3.299692e+00  4.507362e-02  1.420000e+01
   endloop
 endfacet
 facet normal  0.000000e+00  0.000000e+00  1.000000e+00
   outer loop
     vertex -3.292307e+00  2.252000e-01  1.420000e+01
     vertex -1.275000e+01  5.782517e+00  1.420000e+01
     vertex -3.297230e+00  1.351872e-01  1.420000e+01
   endloop
 endfacet
 facet normal  0.000000e+00  0.000000e+00  1.000000e+00
   outer loop
     vertex -3.284927e+00  3.150446e-01  1.420000e+01
     vertex -1.275000e+01  5.782517e+00  1.420000e+01
     vertex -3.292307e+00  2.252000e-01  1.420000e+01
   endloop
 endfacet
 facet normal  0.000000e+00  0.000000e+00  1.000000e+00
   outer loop
     vertex -3.275096e+00  4.046542e-01  1.420000e+01
     vertex -1.275000e+01  5.782517e+00  1.420000e+01
     vertex -3.284927e+00  3.150446e-01  1.420000e+01
   endloop
 endfacet
 facet normal  0.000000e+00  0.000000e+00  1.000000e+00
   outer loop
     vertex -3.262821e+00  4.939618e-01  1.420000e+01
     vertex -1.275000e+01  5.782517e+00  1.420000e+01
     vertex -3.275096e+00  4.046542e-01  1.420000e+01
   endloop
 endfacet
 facet normal  0.000000e+00  0.000000e+00  1.000000e+00
   outer loop
     vertex -3.248111e+00  5.829008e-01  1.420000e+01
     vertex -1.275000e+01  5.782517e+00  1.420000e+01
     vertex -3.262821e+00  4.939618e-01  1.420000e+01
   endloop
 endfacet
 facet normal  0.000000e+00  0.000000e+00  1.000000e+00
   outer loop
     vertex -3.230977e+00  6.714048e-01  1.420000e+01
     vertex -1.275000e+01  5.782517e+00  1.420000e+01
     vertex -3.248111e+00  5.829008e-01  1.420000e+01
   endloop
 endfacet
 facet normal  0.000000e+00  0.000000e+00  1.000000e+00
   outer loop
     vertex -3.211433e+00  7.594078e-01  1.420000e+01
     vertex -1.275000e+01  5.782517e+00  1.420000e+01
     vertex -3.230977e+00  6.714048e-01  1.420000e+01
   endloop
 endfacet
 facet normal  0.000000e+00  0.000000e+00  1.000000e+00
   outer loop
     vertex -3.189491e+00  8.468441e-01  1.420000e+01
     vertex -1.275000e+01  5.782517e+00  1.420000e+01
     vertex -3.211433e+00  7.594078e-01  1.420000e+01
   endloop
 endfacet
 facet normal  0.000000e+00  0.000000e+00  1.000000e+00
   outer loop
     vertex -3.165170e+00  9.336485e-01  1.420000e+01
     vertex -1.275000e+01  5.782517e+00  1.420000e+01
     vertex -3.189491e+00  8.468441e-01  1.420000e+01
   endloop
 endfacet
 facet normal  0.000000e+00  0.000000e+00  1.000000e+00
   outer loop
     vertex -3.138487e+00  1.019756e+00  1.420000e+01
     vertex -1.275000e+01  5.782517e+00  1.420000e+01
     vertex -3.165170e+00  9.336485e-01  1.420000e+01
   endloop
 endfacet
 facet normal  0.000000e+00  0.000000e+00  1.000000e+00
   outer loop
     vertex -3.109461e+00  1.105103e+00  1.420000e+01
     vertex -1.275000e+01  5.782517e+00  1.420000e+01
     vertex -3.138487e+00  1.019756e+00  1.420000e+01
   endloop
 endfacet
 facet normal  0.000000e+00  0.000000e+00  1.000000e+00
   outer loop
     vertex -3.078115e+00  1.189625e+00  1.420000e+01
     vertex -1.275000e+01  5.782517e+00  1.420000e+01
     vertex -3.109461e+00  1.105103e+00  1.420000e+01
   endloop
 endfacet
 facet normal  0.000000e+00  0.000000e+00  1.000000e+00
   outer loop
     vertex -3.044472e+00  1.273259e+00  1.420000e+01
     vertex -1.275000e+01  5.782517e+00  1.420000e+01
     vertex -3.078115e+00  1.189625e+00  1.420000e+01
   endloop
 endfacet
 facet normal  0.000000e+00  0.000000e+00  1.000000e+00
   outer loop
     vertex -3.008558e+00  1.355943e+00  1.420000e+01
     vertex -1.268315e+01  5.927698e+00  1.420000e+01
     vertex -1.271678e+01  5.855203e+00  1.420000e+01
   endloop
 endfacet
 facet normal  0.000000e+00  0.000000e+00  1.000000e+00
   outer loop
     vertex -3.008558e+00  1.355943e+00  1.420000e+01
     vertex -1.271678e+01  5.855203e+00  1.420000e+01
     vertex -1.275000e+01  5.782517e+00  1.420000e+01
   endloop
 endfacet
 facet normal  0.000000e+00  0.000000e+00  1.000000e+00
   outer loop
     vertex -3.008558e+00  1.355943e+00  1.420000e+01
     vertex -1.275000e+01  5.782517e+00  1.420000e+01
     vertex -3.044472e+00  1.273259e+00  1.420000e+01
   endloop
 endfacet
 facet normal  0.000000e+00  0.000000e+00  1.000000e+00
   outer loop
     vertex -2.970398e+00  1.437615e+00  1.420000e+01
     vertex -1.264911e+01  6.000000e+00  1.420000e+01
     vertex -1.268315e+01  5.927698e+00  1.420000e+01
   endloop
 endfacet
 facet normal  0.000000e+00  0.000000e+00  1.000000e+00
   outer loop
     vertex -2.970398e+00  1.437615e+00  1.420000e+01
     vertex -1.268315e+01  5.927698e+00  1.420000e+01
     vertex -3.008558e+00  1.355943e+00  1.420000e+01
   endloop
 endfacet
 facet normal  0.000000e+00  0.000000e+00  1.000000e+00
   outer loop
     vertex -2.930021e+00  1.518215e+00  1.420000e+01
     vertex -1.264911e+01  6.000000e+00  1.420000e+01
     vertex -2.970398e+00  1.437615e+00  1.420000e+01
   endloop
 endfacet
 facet normal  0.000000e+00  0.000000e+00  1.000000e+00
   outer loop
     vertex -2.887458e+00  1.597681e+00  1.420000e+01
     vertex -1.264911e+01  6.000000e+00  1.420000e+01
     vertex -2.930021e+00  1.518215e+00  1.420000e+01
   endloop
 endfacet
 facet normal  0.000000e+00  0.000000e+00  1.000000e+00
   outer loop
     vertex -2.842741e+00  1.675955e+00  1.420000e+01
     vertex -1.264911e+01  6.000000e+00  1.420000e+01
     vertex -2.887458e+00  1.597681e+00  1.420000e+01
   endloop
 endfacet
 facet normal  0.000000e+00  0.000000e+00  1.000000e+00
   outer loop
     vertex -2.795901e+00  1.752979e+00  1.420000e+01
     vertex -1.264911e+01  6.000000e+00  1.420000e+01
     vertex -2.842741e+00  1.675955e+00  1.420000e+01
   endloop
 endfacet
 facet normal  0.000000e+00  0.000000e+00  1.000000e+00
   outer loop
     vertex -2.746976e+00  1.828694e+00  1.420000e+01
     vertex -1.264911e+01  6.000000e+00  1.420000e+01
     vertex -2.795901e+00  1.752979e+00  1.420000e+01
   endloop
 endfacet
 facet normal  0.000000e+00  0.000000e+00  1.000000e+00
   outer loop
     vertex -2.696001e+00  1.903045e+00  1.420000e+01
     vertex -1.264911e+01  6.000000e+00  1.420000e+01
     vertex -2.746976e+00  1.828694e+00  1.420000e+01
   endloop
 endfacet
 facet normal  0.000000e+00  0.000000e+00  1.000000e+00
   outer loop
     vertex -2.643013e+00  1.975976e+00  1.420000e+01
     vertex -1.264911e+01  6.000000e+00  1.420000e+01
     vertex -2.696001e+00  1.903045e+00  1.420000e+01
   endloop
 endfacet
 facet normal  0.000000e+00  0.000000e+00  1.000000e+00
   outer loop
     vertex -2.588054e+00  2.047432e+00  1.420000e+01
     vertex -1.264911e+01  6.000000e+00  1.420000e+01
     vertex -2.643013e+00  1.975976e+00  1.420000e+01
   endloop
 endfacet
 facet normal  0.000000e+00  0.000000e+00  1.000000e+00
   outer loop
     vertex -2.531163e+00  2.117360e+00  1.420000e+01
     vertex -1.264911e+01  6.000000e+00  1.420000e+01
     vertex -2.588054e+00  2.047432e+00  1.420000e+01
   endloop
 endfacet
 facet normal  0.000000e+00  0.000000e+00  1.000000e+00
   outer loop
     vertex -2.472383e+00  2.185708e+00  1.420000e+01
     vertex -1.264911e+01  6.000000e+00  1.420000e+01
     vertex -2.531163e+00  2.117360e+00  1.420000e+01
   endloop
 endfacet
 facet normal  0.000000e+00  0.000000e+00  1.000000e+00
   outer loop
     vertex -2.411759e+00  2.252425e+00  1.420000e+01
     vertex -1.264911e+01  6.000000e+00  1.420000e+01
     vertex -2.472383e+00  2.185708e+00  1.420000e+01
   endloop
 endfacet
 facet normal  0.000000e+00  0.000000e+00  1.000000e+00
   outer loop
     vertex -2.349334e+00  2.317462e+00  1.420000e+01
     vertex -1.264911e+01  6.000000e+00  1.420000e+01
     vertex -2.411759e+00  2.252425e+00  1.420000e+01
   endloop
 endfacet
 facet normal  0.000000e+00  0.000000e+00  1.000000e+00
   outer loop
     vertex -2.285157e+00  2.380769e+00  1.420000e+01
     vertex -1.264911e+01  6.000000e+00  1.420000e+01
     vertex -2.349334e+00  2.317462e+00  1.420000e+01
   endloop
 endfacet
 facet normal  0.000000e+00  0.000000e+00  1.000000e+00
   outer loop
     vertex -2.219274e+00  2.442299e+00  1.420000e+01
     vertex -1.264911e+01  6.000000e+00  1.420000e+01
     vertex -2.285157e+00  2.380769e+00  1.420000e+01
   endloop
 endfacet
 facet normal  0.000000e+00  0.000000e+00  1.000000e+00
   outer loop
     vertex -2.151735e+00  2.502007e+00  1.420000e+01
     vertex -1.264911e+01  6.000000e+00  1.420000e+01
     vertex -2.219274e+00  2.442299e+00  1.420000e+01
   endloop
 endfacet
 facet normal  0.000000e+00  0.000000e+00  1.000000e+00
   outer loop
     vertex  0.000000e+00  6.000000e+00  1.420000e+01
     vertex -9.013884e-02  3.298769e+00  1.420000e+01
     vertex  0.000000e+00  3.300000e+00  1.420000e+01
   endloop
 endfacet
 facet normal  0.000000e+00  0.000000e+00  1.000000e+00
   outer loop
     vertex  0.000000e+00  6.000000e+00  1.420000e+01
     vertex -1.802104e-01  3.295076e+00  1.420000e+01
     vertex -9.013884e-02  3.298769e+00  1.420000e+01
   endloop
 endfacet
 facet normal  0.000000e+00  0.000000e+00  1.000000e+00
   outer loop
     vertex  0.000000e+00  6.000000e+00  1.420000e+01
     vertex -2.701475e-01  3.288924e+00  1.420000e+01
     vertex -1.802104e-01  3.295076e+00  1.420000e+01
   endloop
 endfacet
 facet normal  0.000000e+00  0.000000e+00  1.000000e+00
   outer loop
     vertex  0.000000e+00  6.000000e+00  1.420000e+01
     vertex -3.598830e-01  3.280318e+00  1.420000e+01
     vertex -2.701475e-01  3.288924e+00  1.420000e+01
   endloop
 endfacet
 facet normal  0.000000e+00  0.000000e+00  1.000000e+00
   outer loop
     vertex  0.000000e+00  6.000000e+00  1.420000e+01
     vertex -4.493499e-01  3.269264e+00  1.420000e+01
     vertex -3.598830e-01  3.280318e+00  1.420000e+01
   endloop
 endfacet
 facet normal  0.000000e+00  0.000000e+00  1.000000e+00
   outer loop
     vertex  0.000000e+00  6.000000e+00  1.420000e+01
     vertex -5.384816e-01  3.255770e+00  1.420000e+01
     vertex -4.493499e-01  3.269264e+00  1.420000e+01
   endloop
 endfacet
 facet normal  0.000000e+00  0.000000e+00  1.000000e+00
   outer loop
     vertex  0.000000e+00  6.000000e+00  1.420000e+01
     vertex -6.272113e-01  3.239847e+00  1.420000e+01
     vertex -5.384816e-01  3.255770e+00  1.420000e+01
   endloop
 endfacet
 facet normal  0.000000e+00  0.000000e+00  1.000000e+00
   outer loop
     vertex  0.000000e+00  6.000000e+00  1.420000e+01
     vertex -7.154731e-01  3.221506e+00  1.420000e+01
     vertex -6.272113e-01  3.239847e+00  1.420000e+01
   endloop
 endfacet
 facet normal  0.000000e+00  0.000000e+00  1.000000e+00
   outer loop
     vertex  0.000000e+00  6.000000e+00  1.420000e+01
     vertex -1.264911e+01  6.000000e+00  1.420000e+01
     vertex -2.151735e+00  2.502007e+00  1.420000e+01
   endloop
 endfacet
 facet normal  0.000000e+00  0.000000e+00  1.000000e+00
   outer loop
     vertex  0.000000e+00  6.000000e+00  1.420000e+01
     vertex -8.032009e-01  3.200761e+00  1.420000e+01
     vertex -7.154731e-01  3.221506e+00  1.420000e+01
   endloop
 endfacet
 facet normal  0.000000e+00  0.000000e+00  1.000000e+00
   outer loop
     vertex  0.000000e+00  6.000000e+00  1.420000e+01
     vertex -8.903293e-01  3.177627e+00  1.420000e+01
     vertex -8.032009e-01  3.200761e+00  1.420000e+01
   endloop
 endfacet
 facet normal  0.000000e+00  0.000000e+00  1.000000e+00
   outer loop
     vertex  0.000000e+00  6.000000e+00  1.420000e+01
     vertex -9.767934e-01  3.152122e+00  1.420000e+01
     vertex -8.903293e-01  3.177627e+00  1.420000e+01
   endloop
 endfacet
 facet normal  0.000000e+00  0.000000e+00  1.000000e+00
   outer loop
     vertex  0.000000e+00  6.000000e+00  1.420000e+01
     vertex -1.062529e+00  3.124265e+00  1.420000e+01
     vertex -9.767934e-01  3.152122e+00  1.420000e+01
   endloop
 endfacet
 facet normal  0.000000e+00  0.000000e+00  1.000000e+00
   outer loop
     vertex  0.000000e+00  6.000000e+00  1.420000e+01
     vertex -1.147471e+00  3.094077e+00  1.420000e+01
     vertex -1.062529e+00  3.124265e+00  1.420000e+01
   endloop
 endfacet
 facet normal  0.000000e+00  0.000000e+00  1.000000e+00
   outer loop
     vertex  0.000000e+00  6.000000e+00  1.420000e+01
     vertex -1.231557e+00  3.061579e+00  1.420000e+01
     vertex -1.147471e+00  3.094077e+00  1.420000e+01
   endloop
 endfacet
 facet normal  0.000000e+00  0.000000e+00  1.000000e+00
   outer loop
     vertex  0.000000e+00  6.000000e+00  1.420000e+01
     vertex -1.314724e+00  3.026797e+00  1.420000e+01
     vertex -1.231557e+00  3.061579e+00  1.420000e+01
   endloop
 endfacet
 facet normal  0.000000e+00  0.000000e+00  1.000000e+00
   outer loop
     vertex  0.000000e+00  6.000000e+00  1.420000e+01
     vertex -1.396909e+00  2.989757e+00  1.420000e+01
     vertex -1.314724e+00  3.026797e+00  1.420000e+01
   endloop
 endfacet
 facet normal  0.000000e+00  0.000000e+00  1.000000e+00
   outer loop
     vertex  0.000000e+00  6.000000e+00  1.420000e+01
     vertex -1.478053e+00  2.950485e+00  1.420000e+01
     vertex -1.396909e+00  2.989757e+00  1.420000e+01
   endloop
 endfacet
 facet normal  0.000000e+00  0.000000e+00  1.000000e+00
   outer loop
     vertex  0.000000e+00  6.000000e+00  1.420000e+01
     vertex -1.558093e+00  2.909011e+00  1.420000e+01
     vertex -1.478053e+00  2.950485e+00  1.420000e+01
   endloop
 endfacet
 facet normal  0.000000e+00  0.000000e+00  1.000000e+00
   outer loop
     vertex  0.000000e+00  6.000000e+00  1.420000e+01
     vertex -1.636971e+00  2.865367e+00  1.420000e+01
     vertex -1.558093e+00  2.909011e+00  1.420000e+01
   endloop
 endfacet
 facet normal  0.000000e+00  0.000000e+00  1.000000e+00
   outer loop
     vertex  0.000000e+00  6.000000e+00  1.420000e+01
     vertex -1.714627e+00  2.819584e+00  1.420000e+01
     vertex -1.636971e+00  2.865367e+00  1.420000e+01
   endloop
 endfacet
 facet normal  0.000000e+00  0.000000e+00  1.000000e+00
   outer loop
     vertex  0.000000e+00  6.000000e+00  1.420000e+01
     vertex -1.791004e+00  2.771697e+00  1.420000e+01
     vertex -1.714627e+00  2.819584e+00  1.420000e+01
   endloop
 endfacet
 facet normal  0.000000e+00  0.000000e+00  1.000000e+00
   outer loop
     vertex  0.000000e+00  6.000000e+00  1.420000e+01
     vertex -1.866044e+00  2.721742e+00  1.420000e+01
     vertex -1.791004e+00  2.771697e+00  1.420000e+01
   endloop
 endfacet
 facet normal  0.000000e+00  0.000000e+00  1.000000e+00
   outer loop
     vertex  0.000000e+00  6.000000e+00  1.420000e+01
     vertex -1.939691e+00  2.669756e+00  1.420000e+01
     vertex -1.866044e+00  2.721742e+00  1.420000e+01
   endloop
 endfacet
 facet normal  0.000000e+00  0.000000e+00  1.000000e+00
   outer loop
     vertex  0.000000e+00  6.000000e+00  1.420000e+01
     vertex -2.011891e+00  2.615778e+00  1.420000e+01
     vertex -1.939691e+00  2.669756e+00  1.420000e+01
   endloop
 endfacet
 facet normal  0.000000e+00  0.000000e+00  1.000000e+00
   outer loop
     vertex  0.000000e+00  6.000000e+00  1.420000e+01
     vertex -2.082590e+00  2.559847e+00  1.420000e+01
     vertex -2.011891e+00  2.615778e+00  1.420000e+01
   endloop
 endfacet
 facet normal  0.000000e+00  0.000000e+00  1.000000e+00
   outer loop
     vertex  0.000000e+00  6.000000e+00  1.420000e+01
     vertex -2.151735e+00  2.502007e+00  1.420000e+01
     vertex -2.082590e+00  2.559847e+00  1.420000e+01
   endloop
 endfacet
 facet normal -1.000000e+00  0.000000e+00  0.000000e+00
   outer loop
     vertex -1.275000e+01 -5.782517e+00  1.420000e+01
     vertex -1.275000e+01  5.782517e+00  1.370000e+01
     vertex -1.275000e+01 -5.782517e+00  1.370000e+01
   endloop
 endfacet
 facet normal -1.000000e+00  1.535972e-16  3.552714e-15
   outer loop
     vertex -1.275000e+01 -5.782517e+00  1.420000e+01
     vertex -1.275000e+01  5.782517e+00  1.420000e+01
     vertex -1.275000e+01  5.782517e+00  1.370000e+01
   endloop
 endfacet
 facet normal  0.000000e+00 -0.000000e+00  1.000000e+00
   outer loop
     vertex -1.275000e+01 -5.782517e+00  1.370000e+01
     vertex -1.275000e+01  5.782517e+00  1.370000e+01
     vertex -1.290402e+01 -5.430136e+00  1.370000e+01
   endloop
 endfacet
 facet normal  0.000000e+00 -0.000000e+00  1.000000e+00
   outer loop
     vertex -1.290402e+01 -5.430136e+00  1.370000e+01
     vertex -1.275000e+01  5.782517e+00  1.370000e+01
     vertex -1.290402e+01  5.430136e+00  1.370000e+01
   endloop
 endfacet
 facet normal  0.000000e+00  0.000000e+00  1.000000e+00
   outer loop
     vertex -1.290402e+01 -5.430136e+00  1.370000e+01
     vertex -1.290402e+01  5.430136e+00  1.370000e+01
     vertex -1.304829e+01 -5.073657e+00  1.370000e+01
   endloop
 endfacet
 facet normal  0.000000e+00 -0.000000e+00  1.000000e+00
   outer loop
     vertex -1.304829e+01 -5.073657e+00  1.370000e+01
     vertex -1.290402e+01  5.430136e+00  1.370000e+01
     vertex -1.318273e+01 -4.713351e+00  1.370000e+01
   endloop
 endfacet
 facet normal  0.000000e+00 -0.000000e+00  1.000000e+00
   outer loop
     vertex -1.318273e+01 -4.713351e+00  1.370000e+01
     vertex -1.290402e+01  5.430136e+00  1.370000e+01
     vertex -1.330721e+01 -4.349487e+00  1.370000e+01
   endloop
 endfacet
 facet normal  0.000000e+00 -0.000000e+00  1.000000e+00
   outer loop
     vertex -1.330721e+01 -4.349487e+00  1.370000e+01
     vertex -1.290402e+01  5.430136e+00  1.370000e+01
     vertex -1.342166e+01 -3.982342e+00  1.370000e+01
   endloop
 endfacet
 facet normal  0.000000e+00 -0.000000e+00  1.000000e+00
   outer loop
     vertex -1.342166e+01 -3.982342e+00  1.370000e+01
     vertex -1.290402e+01  5.430136e+00  1.370000e+01
     vertex -1.352598e+01 -3.612192e+00  1.370000e+01
   endloop
 endfacet
 facet normal  0.000000e+00  0.000000e+00  1.000000e+00
   outer loop
     vertex -1.352598e+01 -3.612192e+00  1.370000e+01
     vertex -1.290402e+01  5.430136e+00  1.370000e+01
     vertex -1.304829e+01  5.073657e+00  1.370000e+01
   endloop
 endfacet
 facet normal  0.000000e+00  0.000000e+00  1.000000e+00
   outer loop
     vertex -1.352598e+01 -3.612192e+00  1.370000e+01
     vertex -1.304829e+01  5.073657e+00  1.370000e+01
     vertex -1.318273e+01  4.713351e+00  1.370000e+01
   endloop
 endfacet
 facet normal  0.000000e+00  0.000000e+00  1.000000e+00
   outer loop
     vertex -1.352598e+01 -3.612192e+00  1.370000e+01
     vertex -1.318273e+01  4.713351e+00  1.370000e+01
     vertex -1.330721e+01  4.349487e+00  1.370000e+01
   endloop
 endfacet
 facet normal  0.000000e+00  0.000000e+00  1.000000e+00
   outer loop
     vertex -1.352598e+01 -3.612192e+00  1.370000e+01
     vertex -1.330721e+01  4.349487e+00  1.370000e+01
     vertex -1.342166e+01  3.982342e+00  1.370000e+01
   endloop
 endfacet
 facet normal  0.000000e+00 -0.000000e+00  1.000000e+00
   outer loop
     vertex -1.352598e+01 -3.612192e+00  1.370000e+01
     vertex -1.342166e+01  3.982342e+00  1.370000e+01
     vertex -1.352598e+01  3.612192e+00  1.370000e+01
   endloop
 endfacet
 facet normal  0.000000e+00  0.000000e+00  1.000000e+00
   outer loop
     vertex -1.352598e+01 -3.612192e+00  1.370000e+01
     vertex -1.352598e+01  3.612192e+00  1.370000e+01
     vertex -1.362009e+01  3.239316e+00  1.370000e+01
   endloop
 endfacet
 facet normal  0.000000e+00  0.000000e+00  1.000000e+00
   outer loop
     vertex -1.352598e+01 -3.612192e+00  1.370000e+01
     vertex -1.362009e+01  3.239316e+00  1.370000e+01
     vertex -1.362009e+01 -3.239316e+00  1.370000e+01
   endloop
 endfacet
 facet normal  0.000000e+00  0.000000e+00  1.000000e+00
   outer loop
     vertex -1.362009e+01 -3.239316e+00  1.370000e+01
     vertex -1.362009e+01  3.239316e+00  1.370000e+01
     vertex -1.370392e+01 -2.863996e+00  1.370000e+01
   endloop
 endfacet
 facet normal  0.000000e+00 -0.000000e+00  1.000000e+00
   outer loop
     vertex -1.370392e+01 -2.863996e+00  1.370000e+01
     vertex -1.362009e+01  3.239316e+00  1.370000e+01
     vertex -1.377742e+01 -2.486515e+00  1.370000e+01
   endloop
 endfacet
 facet normal  0.000000e+00 -0.000000e+00  1.000000e+00
   outer loop
     vertex -1.377742e+01 -2.486515e+00  1.370000e+01
     vertex -1.362009e+01  3.239316e+00  1.370000e+01
     vertex -1.384052e+01 -2.107158e+00  1.370000e+01
   endloop
 endfacet
 facet normal  0.000000e+00 -0.000000e+00  1.000000e+00
   outer loop
     vertex -1.384052e+01 -2.107158e+00  1.370000e+01
     vertex -1.362009e+01  3.239316e+00  1.370000e+01
     vertex -1.389317e+01 -1.726211e+00  1.370000e+01
   endloop
 endfacet
 facet normal  0.000000e+00 -0.000000e+00  1.000000e+00
   outer loop
     vertex -1.389317e+01 -1.726211e+00  1.370000e+01
     vertex -1.362009e+01  3.239316e+00  1.370000e+01
     vertex -1.393534e+01 -1.343961e+00  1.370000e+01
   endloop
 endfacet
 facet normal  0.000000e+00 -0.000000e+00  1.000000e+00
   outer loop
     vertex -1.393534e+01 -1.343961e+00  1.370000e+01
     vertex -1.362009e+01  3.239316e+00  1.370000e+01
     vertex -1.396700e+01 -9.606971e-01  1.370000e+01
   endloop
 endfacet
 facet normal  0.000000e+00 -0.000000e+00  1.000000e+00
   outer loop
     vertex -1.396700e+01 -9.606971e-01  1.370000e+01
     vertex -1.362009e+01  3.239316e+00  1.370000e+01
     vertex -1.398812e+01 -5.767084e-01  1.370000e+01
   endloop
 endfacet
 facet normal  0.000000e+00 -0.000000e+00  1.000000e+00
   outer loop
     vertex -1.398812e+01 -5.767084e-01  1.370000e+01
     vertex -1.362009e+01  3.239316e+00  1.370000e+01
     vertex -1.399868e+01 -1.922845e-01  1.370000e+01
   endloop
 endfacet
 facet normal  0.000000e+00  0.000000e+00  1.000000e+00
   outer loop
     vertex -1.399868e+01 -1.922845e-01  1.370000e+01
     vertex -1.362009e+01  3.239316e+00  1.370000e+01
     vertex -1.399868e+01  1.922845e-01  1.370000e+01
   endloop
 endfacet
 facet normal  0.000000e+00  0.000000e+00  1.000000e+00
   outer loop
     vertex -1.399868e+01  1.922845e-01  1.370000e+01
     vertex -1.362009e+01  3.239316e+00  1.370000e+01
     vertex -1.398812e+01  5.767084e-01  1.370000e+01
   endloop
 endfacet
 facet normal  0.000000e+00  0.000000e+00  1.000000e+00
   outer loop
     vertex -1.398812e+01  5.767084e-01  1.370000e+01
     vertex -1.362009e+01  3.239316e+00  1.370000e+01
     vertex -1.396700e+01  9.606971e-01  1.370000e+01
   endloop
 endfacet
 facet normal  0.000000e+00  0.000000e+00  1.000000e+00
   outer loop
     vertex -1.396700e+01  9.606971e-01  1.370000e+01
     vertex -1.362009e+01  3.239316e+00  1.370000e+01
     vertex -1.393534e+01  1.343961e+00  1.370000e+01
   endloop
 endfacet
 facet normal  0.000000e+00  0.000000e+00  1.000000e+00
   outer loop
     vertex -1.393534e+01  1.343961e+00  1.370000e+01
     vertex -1.362009e+01  3.239316e+00  1.370000e+01
     vertex -1.389317e+01  1.726211e+00  1.370000e+01
   endloop
 endfacet
 facet normal  0.000000e+00  0.000000e+00  1.000000e+00
   outer loop
     vertex -1.389317e+01  1.726211e+00  1.370000e+01
     vertex -1.362009e+01  3.239316e+00  1.370000e+01
     vertex -1.384052e+01  2.107158e+00  1.370000e+01
   endloop
 endfacet
 facet normal  0.000000e+00  0.000000e+00  1.000000e+00
   outer loop
     vertex -1.384052e+01  2.107158e+00  1.370000e+01
     vertex -1.362009e+01  3.239316e+00  1.370000e+01
     vertex -1.370392e+01  2.863996e+00  1.370000e+01
   endloop
 endfacet
 facet normal  0.000000e+00  0.000000e+00  1.000000e+00
   outer loop
     vertex -1.384052e+01  2.107158e+00  1.370000e+01
     vertex -1.370392e+01  2.863996e+00  1.370000e+01
     vertex -1.377742e+01  2.486515e+00  1.370000e+01
   endloop
 endfacet
 facet normal -9.999083e-01 -1.354093e-02 -0.000000e+00
   outer loop
     vertex  3.300000e+00 -8.082669e-16  2.400000e+01
     vertex  3.298790e+00  8.936197e-02  2.030000e+01
     vertex  3.300000e+00 -8.082669e-16  2.030000e+01
   endloop
 endfacet
 facet normal -9.999059e-01 -1.371831e-02 -4.284878e-06
   outer loop
     vertex  3.298758e+00  9.053236e-02  2.400000e+01
     vertex  3.298790e+00  8.936197e-02  2.030000e+01
     vertex  3.300000e+00 -8.082669e-16  2.400000e+01
   endloop
 endfacet
 facet normal -9.991750e-01 -4.061287e-02  4.228748e-06
   outer loop
     vertex  3.298758e+00  9.053236e-02  2.400000e+01
     vertex  3.295160e+00  1.786584e-01  2.030000e+01
     vertex  3.298790e+00  8.936197e-02  2.030000e+01
   endloop
 endfacet
 facet normal -9.991532e-01 -4.114462e-02 -8.457496e-06
   outer loop
     vertex  3.295033e+00  1.809966e-01  2.400000e+01
     vertex  3.295160e+00  1.786584e-01  2.030000e+01
     vertex  3.298758e+00  9.053236e-02  2.400000e+01
   endloop
 endfacet
 facet normal -9.977088e-01 -6.765502e-02  8.345234e-06
   outer loop
     vertex  3.295033e+00  1.809966e-01  2.400000e+01
     vertex  3.289114e+00  2.678238e-01  2.030000e+01
     vertex  3.295160e+00  1.786584e-01  2.030000e+01
   endloop
 endfacet
 facet normal -9.976484e-01 -6.853995e-02 -1.251785e-05
   outer loop
     vertex  3.288827e+00  2.713245e-01  2.400000e+01
     vertex  3.289114e+00  2.678238e-01  2.030000e+01
     vertex  3.295033e+00  1.809966e-01  2.400000e+01
   endloop
 endfacet
 facet normal -9.955108e-01 -9.464755e-02  1.234946e-05
   outer loop
     vertex  3.288827e+00  2.713245e-01  2.400000e+01
     vertex  3.280655e+00  3.567928e-01  2.030000e+01
     vertex  3.289114e+00  2.678238e-01  2.030000e+01
   endloop
 endfacet
 facet normal -9.953925e-01 -9.588368e-02 -1.646595e-05
   outer loop
     vertex  3.280146e+00  3.614482e-01  2.400000e+01
     vertex  3.280655e+00  3.567928e-01  2.030000e+01
     vertex  3.288827e+00  2.713245e-01  2.400000e+01
   endloop
 endfacet
 facet normal -9.925828e-01 -1.215707e-01  1.624142e-05
   outer loop
     vertex  3.280146e+00  3.614482e-01  2.400000e+01
     vertex  3.269790e+00  4.455000e-01  2.030000e+01
     vertex  3.280655e+00  3.567928e-01  2.030000e+01
   endloop
 endfacet
 facet normal -9.923874e-01 -1.231552e-01 -2.030178e-05
   outer loop
     vertex  3.268995e+00  4.512999e-01  2.400000e+01
     vertex  3.269790e+00  4.455000e-01  2.030000e+01
     vertex  3.280146e+00  3.614482e-01  2.400000e+01
   endloop
 endfacet
 facet normal -9.889267e-01 -1.484046e-01  2.002112e-05
   outer loop
     vertex  3.268995e+00  4.512999e-01  2.400000e+01
     vertex  3.256528e+00  5.338806e-01  2.030000e+01
     vertex  3.269790e+00  4.455000e-01  2.030000e+01
   endloop
 endfacet
 facet normal -9.886353e-01 -1.503341e-01 -2.402534e-05
   outer loop
     vertex  3.255384e+00  5.408118e-01  2.400000e+01
     vertex  3.256528e+00  5.338806e-01  2.030000e+01
     vertex  3.268995e+00  4.512999e-01  2.400000e+01
   endloop
 endfacet
 facet normal -9.845454e-01 -1.751297e-01  2.368856e-05
   outer loop
     vertex  3.255384e+00  5.408118e-01  2.400000e+01
     vertex  3.240876e+00  6.218696e-01  2.030000e+01
     vertex  3.256528e+00  5.338806e-01  2.030000e+01
   endloop
 endfacet
 facet normal -9.794419e-01 -2.017264e-01  2.724373e-05
   outer loop
     vertex  3.239322e+00  6.299166e-01  2.400000e+01
     vertex  3.222848e+00  7.094025e-01  2.030000e+01
     vertex  3.240876e+00  6.218696e-01  2.030000e+01
   endloop
 endfacet
 facet normal -9.841389e-01 -1.773998e-01 -2.763665e-05
   outer loop
     vertex  3.239322e+00  6.299166e-01  2.400000e+01
     vertex  3.240876e+00  6.218696e-01  2.030000e+01
     vertex  3.255384e+00  5.408118e-01  2.400000e+01
   endloop
 endfacet
 facet normal -9.736201e-01 -2.281751e-01  3.068664e-05
   outer loop
     vertex  3.220821e+00  7.185472e-01  2.400000e+01
     vertex  3.202456e+00  7.964150e-01  2.030000e+01
     vertex  3.222848e+00  7.094025e-01  2.030000e+01
   endloop
 endfacet
 facet normal -9.789017e-01 -2.043319e-01 -3.113569e-05
   outer loop
     vertex  3.220821e+00  7.185472e-01  2.400000e+01
     vertex  3.222848e+00  7.094025e-01  2.030000e+01
     vertex  3.239322e+00  6.299166e-01  2.400000e+01
   endloop
 endfacet
 facet normal -9.729276e-01 -2.311102e-01 -3.452247e-05
   outer loop
     vertex  3.199896e+00  8.066369e-01  2.400000e+01
     vertex  3.202456e+00  7.964150e-01  2.030000e+01
     vertex  3.220821e+00  7.185472e-01  2.400000e+01
   endloop
 endfacet
 facet normal -9.670842e-01 -2.544564e-01  3.401728e-05
   outer loop
     vertex  3.199896e+00  8.066369e-01  2.400000e+01
     vertex  3.179715e+00  8.828435e-01  2.030000e+01
     vertex  3.202456e+00  7.964150e-01  2.030000e+01
   endloop
 endfacet
 facet normal -9.662211e-01 -2.577146e-01 -3.779698e-05
   outer loop
     vertex  3.176563e+00  8.941194e-01  2.400000e+01
     vertex  3.179715e+00  8.828435e-01  2.030000e+01
     vertex  3.199896e+00  8.066369e-01  2.400000e+01
   endloop
 endfacet
 facet normal -9.598391e-01 -2.805512e-01  3.723566e-05
   outer loop
     vertex  3.176563e+00  8.941194e-01  2.400000e+01
     vertex  3.154642e+00  9.686245e-01  2.030000e+01
     vertex  3.179715e+00  8.828435e-01  2.030000e+01
   endloop
 endfacet
 facet normal -9.587873e-01 -2.841250e-01 -4.095923e-05
   outer loop
     vertex  3.150838e+00  9.809289e-01  2.400000e+01
     vertex  3.154642e+00  9.686245e-01  2.030000e+01
     vertex  3.176563e+00  8.941194e-01  2.400000e+01
   endloop
 endfacet
 facet normal -9.518899e-01 -3.064401e-01  4.034178e-05
   outer loop
     vertex  3.150838e+00  9.809289e-01  2.400000e+01
     vertex  3.127255e+00  1.053695e+00  2.030000e+01
     vertex  3.154642e+00  9.686245e-01  2.030000e+01
   endloop
 endfacet
 facet normal -9.506317e-01 -3.103214e-01 -4.400921e-05
   outer loop
     vertex  3.122741e+00  1.067000e+00  2.400000e+01
     vertex  3.127255e+00  1.053695e+00  2.030000e+01
     vertex  3.150838e+00  9.809289e-01  2.400000e+01
   endloop
 endfacet
 facet normal -9.432426e-01 -3.321044e-01  4.333563e-05
   outer loop
     vertex  3.122741e+00  1.067000e+00  2.400000e+01
     vertex  3.097575e+00  1.137993e+00  2.030000e+01
     vertex  3.127255e+00  1.053695e+00  2.030000e+01
   endloop
 endfacet
 facet normal -9.339036e-01 -3.575250e-01  4.621721e-05
   outer loop
     vertex  3.092294e+00  1.152268e+00  2.400000e+01
     vertex  3.065623e+00  1.221456e+00  2.030000e+01
     vertex  3.097575e+00  1.137993e+00  2.030000e+01
   endloop
 endfacet
 facet normal -9.417605e-01 -3.362843e-01 -4.694692e-05
   outer loop
     vertex  3.092294e+00  1.152268e+00  2.400000e+01
     vertex  3.097575e+00  1.137993e+00  2.030000e+01
     vertex  3.122741e+00  1.067000e+00  2.400000e+01
   endloop
 endfacet
 facet normal -9.238795e-01 -3.826834e-01  4.898652e-05
   outer loop
     vertex  3.059518e+00  1.236668e+00  2.400000e+01
     vertex  3.031423e+00  1.304023e+00  2.030000e+01
     vertex  3.065623e+00  1.221456e+00  2.030000e+01
   endloop
 endfacet
 facet normal -9.321804e-01 -3.619940e-01 -4.977237e-05
   outer loop
     vertex  3.059518e+00  1.236668e+00  2.400000e+01
     vertex  3.065623e+00  1.221456e+00  2.030000e+01
     vertex  3.092294e+00  1.152268e+00  2.400000e+01
   endloop
 endfacet
 facet normal -9.131779e-01 -4.075612e-01  5.164357e-05
   outer loop
     vertex  3.024440e+00  1.320138e+00  2.400000e+01
     vertex  2.994999e+00  1.385634e+00  2.030000e+01
     vertex  3.031423e+00  1.304023e+00  2.030000e+01
   endloop
 endfacet
 facet normal -9.218986e-01 -3.874313e-01 -5.248555e-05
   outer loop
     vertex  3.024440e+00  1.320138e+00  2.400000e+01
     vertex  3.031423e+00  1.304023e+00  2.030000e+01
     vertex  3.059518e+00  1.236668e+00  2.400000e+01
   endloop
 endfacet
 facet normal -9.018065e-01 -4.321400e-01  5.418835e-05
   outer loop
     vertex  2.987085e+00  1.402613e+00  2.400000e+01
     vertex  2.956378e+00  1.466229e+00  2.030000e+01
     vertex  2.994999e+00  1.385634e+00  2.030000e+01
   endloop
 endfacet
 facet normal -9.109228e-01 -4.125769e-01 -5.508647e-05
   outer loop
     vertex  2.987085e+00  1.402613e+00  2.400000e+01
     vertex  2.994999e+00  1.385634e+00  2.030000e+01
     vertex  3.024440e+00  1.320138e+00  2.400000e+01
   endloop
 endfacet
 facet normal -8.897737e-01 -4.564019e-01  5.662087e-05
   outer loop
     vertex  2.947481e+00  1.484033e+00  2.400000e+01
     vertex  2.915590e+00  1.545748e+00  2.030000e+01
     vertex  2.956378e+00  1.466229e+00  2.030000e+01
   endloop
 endfacet
 facet normal -8.992613e-01 -4.374119e-01 -5.757512e-05
   outer loop
     vertex  2.947481e+00  1.484033e+00  2.400000e+01
     vertex  2.956378e+00  1.466229e+00  2.030000e+01
     vertex  2.987085e+00  1.402613e+00  2.400000e+01
   endloop
 endfacet
 facet normal -8.770884e-01 -4.803291e-01  5.894111e-05
   outer loop
     vertex  2.905659e+00  1.564336e+00  2.400000e+01
     vertex  2.872663e+00  1.624133e+00  2.030000e+01
     vertex  2.915590e+00  1.545748e+00  2.030000e+01
   endloop
 endfacet
 facet normal -8.869228e-01 -4.619176e-01 -5.995150e-05
   outer loop
     vertex  2.905659e+00  1.564336e+00  2.400000e+01
     vertex  2.915590e+00  1.545748e+00  2.030000e+01
     vertex  2.947481e+00  1.484033e+00  2.400000e+01
   endloop
 endfacet
 facet normal -8.637597e-01 -5.039039e-01  6.114909e-05
   outer loop
     vertex  2.861649e+00  1.643461e+00  2.400000e+01
     vertex  2.827629e+00  1.701328e+00  2.030000e+01
     vertex  2.872663e+00  1.624133e+00  2.030000e+01
   endloop
 endfacet
 facet normal -8.739167e-01 -4.860756e-01 -6.221561e-05
   outer loop
     vertex  2.861649e+00  1.643461e+00  2.400000e+01
     vertex  2.872663e+00  1.624133e+00  2.030000e+01
     vertex  2.905659e+00  1.564336e+00  2.400000e+01
   endloop
 endfacet
 facet normal -8.497975e-01 -5.271092e-01  6.324480e-05
   outer loop
     vertex  2.815485e+00  1.721349e+00  2.400000e+01
     vertex  2.780521e+00  1.777274e+00  2.030000e+01
     vertex  2.827629e+00  1.701328e+00  2.030000e+01
   endloop
 endfacet
 facet normal -8.602528e-01 -5.098678e-01 -6.436745e-05
   outer loop
     vertex  2.815485e+00  1.721349e+00  2.400000e+01
     vertex  2.827629e+00  1.701328e+00  2.030000e+01
     vertex  2.861649e+00  1.643461e+00  2.400000e+01
   endloop
 endfacet
 facet normal -8.352121e-01 -5.499279e-01  6.522824e-05
   outer loop
     vertex  2.767202e+00  1.797942e+00  2.400000e+01
     vertex  2.731374e+00  1.851917e+00  2.030000e+01
     vertex  2.780521e+00  1.777274e+00  2.030000e+01
   endloop
 endfacet
 facet normal -8.459413e-01 -5.332761e-01 -6.640703e-05
   outer loop
     vertex  2.767202e+00  1.797942e+00  2.400000e+01
     vertex  2.780521e+00  1.777274e+00  2.030000e+01
     vertex  2.815485e+00  1.721349e+00  2.400000e+01
   endloop
 endfacet
 facet normal -8.200141e-01 -5.723433e-01  6.709942e-05
   outer loop
     vertex  2.716836e+00  1.873180e+00  2.400000e+01
     vertex  2.680223e+00  1.925202e+00  2.030000e+01
     vertex  2.731374e+00  1.851917e+00  2.030000e+01
   endloop
 endfacet
 facet normal -8.309929e-01 -5.562829e-01 -6.833433e-05
   outer loop
     vertex  2.716836e+00  1.873180e+00  2.400000e+01
     vertex  2.731374e+00  1.851917e+00  2.030000e+01
     vertex  2.767202e+00  1.797942e+00  2.400000e+01
   endloop
 endfacet
 facet normal -8.042147e-01 -5.943389e-01  6.885832e-05
   outer loop
     vertex  2.664424e+00  1.947009e+00  2.400000e+01
     vertex  2.627107e+00  1.997075e+00  2.030000e+01
     vertex  2.680223e+00  1.925202e+00  2.030000e+01
   endloop
 endfacet
 facet normal -8.154191e-01 -5.788711e-01 -7.014937e-05
   outer loop
     vertex  2.664424e+00  1.947009e+00  2.400000e+01
     vertex  2.680223e+00  1.925202e+00  2.030000e+01
     vertex  2.716836e+00  1.873180e+00  2.400000e+01
   endloop
 endfacet
 facet normal -7.878255e-01 -6.158986e-01  7.050495e-05
   outer loop
     vertex  2.610007e+00  2.019372e+00  2.400000e+01
     vertex  2.572064e+00  2.067483e+00  2.030000e+01
     vertex  2.627107e+00  1.997075e+00  2.030000e+01
   endloop
 endfacet
 facet normal -7.992314e-01 -6.010234e-01 -7.185214e-05
   outer loop
     vertex  2.610007e+00  2.019372e+00  2.400000e+01
     vertex  2.627107e+00  1.997075e+00  2.030000e+01
     vertex  2.664424e+00  1.947009e+00  2.400000e+01
   endloop
 endfacet
 facet normal -7.708584e-01 -6.370065e-01  7.203932e-05
   outer loop
     vertex  2.553625e+00  2.090215e+00  2.400000e+01
     vertex  2.515135e+00  2.136375e+00  2.030000e+01
     vertex  2.572064e+00  2.067483e+00  2.030000e+01
   endloop
 endfacet
 facet normal -7.824421e-01 -6.227234e-01 -7.344264e-05
   outer loop
     vertex  2.553625e+00  2.090215e+00  2.400000e+01
     vertex  2.572064e+00  2.067483e+00  2.030000e+01
     vertex  2.610007e+00  2.019372e+00  2.400000e+01
   endloop
 endfacet
 facet normal -7.533260e-01 -6.576473e-01  7.346141e-05
   outer loop
     vertex  2.495321e+00  2.159485e+00  2.400000e+01
     vertex  2.456361e+00  2.203700e+00  2.030000e+01
     vertex  2.515135e+00  2.136375e+00  2.030000e+01
   endloop
 endfacet
 facet normal -7.650637e-01 -6.439545e-01 -7.492087e-05
   outer loop
     vertex  2.495321e+00  2.159485e+00  2.400000e+01
     vertex  2.515135e+00  2.136375e+00  2.030000e+01
     vertex  2.553625e+00  2.090215e+00  2.400000e+01
   endloop
 endfacet
 facet normal -7.352410e-01 -6.778057e-01  7.477123e-05
   outer loop
     vertex  2.435138e+00  2.227129e+00  2.400000e+01
     vertex  2.395785e+00  2.269408e+00  2.030000e+01
     vertex  2.456361e+00  2.203700e+00  2.030000e+01
   endloop
 endfacet
 facet normal -7.471095e-01 -6.647010e-01 -7.628683e-05
   outer loop
     vertex  2.435138e+00  2.227129e+00  2.400000e+01
     vertex  2.456361e+00  2.203700e+00  2.030000e+01
     vertex  2.495321e+00  2.159485e+00  2.400000e+01
   endloop
 endfacet
 facet normal -7.166168e-01 -6.974671e-01  7.596879e-05
   outer loop
     vertex  2.373122e+00  2.293096e+00  2.400000e+01
     vertex  2.333452e+00  2.333452e+00  2.030000e+01
     vertex  2.395785e+00  2.269408e+00  2.030000e+01
   endloop
 endfacet
 facet normal -7.285929e-01 -6.849470e-01 -7.754052e-05
   outer loop
     vertex  2.373122e+00  2.293096e+00  2.400000e+01
     vertex  2.395785e+00  2.269408e+00  2.030000e+01
     vertex  2.435138e+00  2.227129e+00  2.400000e+01
   endloop
 endfacet
 facet normal -6.974671e-01 -7.166168e-01  7.705407e-05
   outer loop
     vertex  2.309320e+00  2.357337e+00  2.400000e+01
     vertex  2.269408e+00  2.395785e+00  2.030000e+01
     vertex  2.333452e+00  2.333452e+00  2.030000e+01
   endloop
 endfacet
 facet normal -7.095278e-01 -7.046775e-01 -7.868194e-05
   outer loop
     vertex  2.309320e+00  2.357337e+00  2.400000e+01
     vertex  2.333452e+00  2.333452e+00  2.030000e+01
     vertex  2.373122e+00  2.293096e+00  2.400000e+01
   endloop
 endfacet
 facet normal -6.778057e-01 -7.352410e-01  7.802709e-05
   outer loop
     vertex  2.243780e+00  2.419804e+00  2.400000e+01
     vertex  2.203700e+00  2.456361e+00  2.030000e+01
     vertex  2.269408e+00  2.395785e+00  2.030000e+01
   endloop
 endfacet
 facet normal -6.899286e-01 -7.238775e-01 -7.971109e-05
   outer loop
     vertex  2.243780e+00  2.419804e+00  2.400000e+01
     vertex  2.269408e+00  2.395785e+00  2.030000e+01
     vertex  2.309320e+00  2.357337e+00  2.400000e+01
   endloop
 endfacet
 facet normal -6.576473e-01 -7.533260e-01  7.888783e-05
   outer loop
     vertex  2.176550e+00  2.480449e+00  2.400000e+01
     vertex  2.136375e+00  2.515135e+00  2.030000e+01
     vertex  2.203700e+00  2.456361e+00  2.030000e+01
   endloop
 endfacet
 facet normal -6.698100e-01 -7.425325e-01 -8.062796e-05
   outer loop
     vertex  2.176550e+00  2.480449e+00  2.400000e+01
     vertex  2.203700e+00  2.456361e+00  2.030000e+01
     vertex  2.243780e+00  2.419804e+00  2.400000e+01
   endloop
 endfacet
 facet normal -6.370065e-01 -7.708584e-01  7.963630e-05
   outer loop
     vertex  2.107682e+00  2.539227e+00  2.400000e+01
     vertex  2.067483e+00  2.572064e+00  2.030000e+01
     vertex  2.136375e+00  2.515135e+00  2.030000e+01
   endloop
 endfacet
 facet normal -6.491872e-01 -7.606287e-01 -8.143257e-05
   outer loop
     vertex  2.107682e+00  2.539227e+00  2.400000e+01
     vertex  2.136375e+00  2.515135e+00  2.030000e+01
     vertex  2.176550e+00  2.480449e+00  2.400000e+01
   endloop
 endfacet
 facet normal -6.158986e-01 -7.878255e-01  8.027250e-05
   outer loop
     vertex  2.037228e+00  2.596094e+00  2.400000e+01
     vertex  1.997075e+00  2.627107e+00  2.030000e+01
     vertex  2.067483e+00  2.572064e+00  2.030000e+01
   endloop
 endfacet
 facet normal -6.280757e-01 -7.781522e-01 -8.212491e-05
   outer loop
     vertex  2.037228e+00  2.596094e+00  2.400000e+01
     vertex  2.067483e+00  2.572064e+00  2.030000e+01
     vertex  2.107682e+00  2.539227e+00  2.400000e+01
   endloop
 endfacet
 facet normal -5.943389e-01 -8.042147e-01  8.079643e-05
   outer loop
     vertex  1.965239e+00  2.651006e+00  2.400000e+01
     vertex  1.925202e+00  2.680223e+00  2.030000e+01
     vertex  1.997075e+00  2.627107e+00  2.030000e+01
   endloop
 endfacet
 facet normal -6.064915e-01 -7.950900e-01 -8.270497e-05
   outer loop
     vertex  1.965239e+00  2.651006e+00  2.400000e+01
     vertex  1.997075e+00  2.627107e+00  2.030000e+01
     vertex  2.037228e+00  2.596094e+00  2.400000e+01
   endloop
 endfacet
 facet normal -5.844507e-01 -8.114292e-01 -8.317277e-05
   outer loop
     vertex  1.891772e+00  2.703923e+00  2.400000e+01
     vertex  1.925202e+00  2.680223e+00  2.030000e+01
     vertex  1.965239e+00  2.651006e+00  2.400000e+01
   endloop
 endfacet
 facet normal -5.723433e-01 -8.200141e-01  8.120810e-05
   outer loop
     vertex  1.891772e+00  2.703923e+00  2.400000e+01
     vertex  1.851917e+00  2.731374e+00  2.030000e+01
     vertex  1.925202e+00  2.680223e+00  2.030000e+01
   endloop
 endfacet
 facet normal -5.619699e-01 -8.271577e-01 -8.352830e-05
   outer loop
     vertex  1.816880e+00  2.754804e+00  2.400000e+01
     vertex  1.851917e+00  2.731374e+00  2.030000e+01
     vertex  1.891772e+00  2.703923e+00  2.400000e+01
   endloop
 endfacet
 facet normal -5.499279e-01 -8.352121e-01  8.150748e-05
   outer loop
     vertex  1.816880e+00  2.754804e+00  2.400000e+01
     vertex  1.777274e+00  2.780521e+00  2.030000e+01
     vertex  1.851917e+00  2.731374e+00  2.030000e+01
   endloop
 endfacet
 facet normal -5.390661e-01 -8.422635e-01 -8.377155e-05
   outer loop
     vertex  1.740621e+00  2.803612e+00  2.400000e+01
     vertex  1.777274e+00  2.780521e+00  2.030000e+01
     vertex  1.816880e+00  2.754804e+00  2.400000e+01
   endloop
 endfacet
 facet normal -5.271092e-01 -8.497975e-01  8.169460e-05
   outer loop
     vertex  1.740621e+00  2.803612e+00  2.400000e+01
     vertex  1.701328e+00  2.827629e+00  2.030000e+01
     vertex  1.777274e+00  2.780521e+00  2.030000e+01
   endloop
 endfacet
 facet normal -5.157565e-01 -8.567352e-01 -8.390253e-05
   outer loop
     vertex  1.663052e+00  2.850309e+00  2.400000e+01
     vertex  1.701328e+00  2.827629e+00  2.030000e+01
     vertex  1.740621e+00  2.803612e+00  2.400000e+01
   endloop
 endfacet
 facet normal -5.039039e-01 -8.637597e-01  8.176945e-05
   outer loop
     vertex  1.663052e+00  2.850309e+00  2.400000e+01
     vertex  1.624133e+00  2.872663e+00  2.030000e+01
     vertex  1.701328e+00  2.827629e+00  2.030000e+01
   endloop
 endfacet
 facet normal -4.920587e-01 -8.705620e-01 -8.392124e-05
   outer loop
     vertex  1.584230e+00  2.894860e+00  2.400000e+01
     vertex  1.624133e+00  2.872663e+00  2.030000e+01
     vertex  1.663052e+00  2.850309e+00  2.400000e+01
   endloop
 endfacet
 facet normal -4.803291e-01 -8.770884e-01  8.173203e-05
   outer loop
     vertex  1.584230e+00  2.894860e+00  2.400000e+01
     vertex  1.545748e+00  2.915590e+00  2.030000e+01
     vertex  1.624133e+00  2.872663e+00  2.030000e+01
   endloop
 endfacet
 facet normal -4.679904e-01 -8.837335e-01 -8.382768e-05
   outer loop
     vertex  1.504216e+00  2.937232e+00  2.400000e+01
     vertex  1.545748e+00  2.915590e+00  2.030000e+01
     vertex  1.584230e+00  2.894860e+00  2.400000e+01
   endloop
 endfacet
 facet normal -4.564019e-01 -8.897737e-01  8.158233e-05
   outer loop
     vertex  1.504216e+00  2.937232e+00  2.400000e+01
     vertex  1.466229e+00  2.956378e+00  2.030000e+01
     vertex  1.545748e+00  2.915590e+00  2.030000e+01
   endloop
 endfacet
 facet normal -4.321400e-01 -9.018065e-01  8.132037e-05
   outer loop
     vertex  1.423070e+00  2.977394e+00  2.400000e+01
     vertex  1.385634e+00  2.994999e+00  2.030000e+01
     vertex  1.466229e+00  2.956378e+00  2.030000e+01
   endloop
 endfacet
 facet normal -4.435699e-01 -8.962398e-01 -8.362185e-05
   outer loop
     vertex  1.423070e+00  2.977394e+00  2.400000e+01
     vertex  1.466229e+00  2.956378e+00  2.030000e+01
     vertex  1.504216e+00  2.937232e+00  2.400000e+01
   endloop
 endfacet
 facet normal -4.075612e-01 -9.131779e-01  8.094613e-05
   outer loop
     vertex  1.340852e+00  3.015313e+00  2.400000e+01
     vertex  1.304023e+00  3.031423e+00  2.030000e+01
     vertex  1.385634e+00  2.994999e+00  2.030000e+01
   endloop
 endfacet
 facet normal -4.188155e-01 -9.080714e-01 -8.330375e-05
   outer loop
     vertex  1.340852e+00  3.015313e+00  2.400000e+01
     vertex  1.385634e+00  2.994999e+00  2.030000e+01
     vertex  1.423070e+00  2.977394e+00  2.400000e+01
   endloop
 endfacet
 facet normal -3.826834e-01 -9.238795e-01  8.045962e-05
   outer loop
     vertex  1.257625e+00  3.050964e+00  2.400000e+01
     vertex  1.221456e+00  3.065623e+00  2.030000e+01
     vertex  1.304023e+00  3.031423e+00  2.030000e+01
   endloop
 endfacet
 facet normal -3.937458e-01 -9.192194e-01 -8.287338e-05
   outer loop
     vertex  1.257625e+00  3.050964e+00  2.400000e+01
     vertex  1.304023e+00  3.031423e+00  2.030000e+01
     vertex  1.340852e+00  3.015313e+00  2.400000e+01
   endloop
 endfacet
 facet normal -3.575250e-01 -9.339036e-01  7.986084e-05
   outer loop
     vertex  1.173452e+00  3.084317e+00  2.400000e+01
     vertex  1.137993e+00  3.097575e+00  2.030000e+01
     vertex  1.221456e+00  3.065623e+00  2.030000e+01
   endloop
 endfacet
 facet normal -3.683796e-01 -9.296754e-01 -8.233074e-05
   outer loop
     vertex  1.173452e+00  3.084317e+00  2.400000e+01
     vertex  1.221456e+00  3.065623e+00  2.030000e+01
     vertex  1.257625e+00  3.050964e+00  2.400000e+01
   endloop
 endfacet
 facet normal -3.321044e-01 -9.432426e-01  7.914979e-05
   outer loop
     vertex  1.088395e+00  3.115349e+00  2.400000e+01
     vertex  1.053695e+00  3.127255e+00  2.030000e+01
     vertex  1.137993e+00  3.097575e+00  2.030000e+01
   endloop
 endfacet
 facet normal -3.427362e-01 -9.394317e-01 -8.167582e-05
   outer loop
     vertex  1.088395e+00  3.115349e+00  2.400000e+01
     vertex  1.137993e+00  3.097575e+00  2.030000e+01
     vertex  1.173452e+00  3.084317e+00  2.400000e+01
   endloop
 endfacet
 facet normal -3.064401e-01 -9.518899e-01  7.832648e-05
   outer loop
     vertex  1.002518e+00  3.144035e+00  2.400000e+01
     vertex  9.686245e-01  3.154642e+00  2.030000e+01
     vertex  1.053695e+00  3.127255e+00  2.030000e+01
   endloop
 endfacet
 facet normal -3.168348e-01 -9.484807e-01 -8.090864e-05
   outer loop
     vertex  1.002518e+00  3.144035e+00  2.400000e+01
     vertex  1.053695e+00  3.127255e+00  2.030000e+01
     vertex  1.088395e+00  3.115349e+00  2.400000e+01
   endloop
 endfacet
 facet normal -2.805512e-01 -9.598391e-01  7.739089e-05
   outer loop
     vertex  9.158874e-01  3.170355e+00  2.400000e+01
     vertex  8.828435e-01  3.179715e+00  2.030000e+01
     vertex  9.686245e-01  3.154642e+00  2.030000e+01
   endloop
 endfacet
 facet normal -2.906949e-01 -9.568158e-01 -8.002919e-05
   outer loop
     vertex  9.158874e-01  3.170355e+00  2.400000e+01
     vertex  9.686245e-01  3.154642e+00  2.030000e+01
     vertex  1.002518e+00  3.144035e+00  2.400000e+01
   endloop
 endfacet
 facet normal -2.544564e-01 -9.670842e-01  7.634302e-05
   outer loop
     vertex  8.285670e-01  3.194288e+00  2.400000e+01
     vertex  7.964150e-01  3.202456e+00  2.030000e+01
     vertex  8.828435e-01  3.179715e+00  2.030000e+01
   endloop
 endfacet
 facet normal -2.643362e-01 -9.644306e-01 -7.903746e-05
   outer loop
     vertex  8.285670e-01  3.194288e+00  2.400000e+01
     vertex  8.828435e-01  3.179715e+00  2.030000e+01
     vertex  9.158874e-01  3.170355e+00  2.400000e+01
   endloop
 endfacet
 facet normal -2.281751e-01 -9.736201e-01  7.518289e-05
   outer loop
     vertex  7.406229e-01  3.215817e+00  2.400000e+01
     vertex  7.094025e-01  3.222848e+00  2.030000e+01
     vertex  7.964150e-01  3.202456e+00  2.030000e+01
   endloop
 endfacet
 facet normal -2.377784e-01 -9.713194e-01 -7.793346e-05
   outer loop
     vertex  7.406229e-01  3.215817e+00  2.400000e+01
     vertex  7.964150e-01  3.202456e+00  2.030000e+01
     vertex  8.285670e-01  3.194288e+00  2.400000e+01
   endloop
 endfacet
 facet normal -2.017264e-01 -9.794419e-01  7.391049e-05
   outer loop
     vertex  6.521213e-01  3.234925e+00  2.400000e+01
     vertex  6.218696e-01  3.240876e+00  2.030000e+01
     vertex  7.094025e-01  3.222848e+00  2.030000e+01
   endloop
 endfacet
 facet normal -2.110417e-01 -9.774771e-01 -7.671720e-05
   outer loop
     vertex  6.521213e-01  3.234925e+00  2.400000e+01
     vertex  7.094025e-01  3.222848e+00  2.030000e+01
     vertex  7.406229e-01  3.215817e+00  2.400000e+01
   endloop
 endfacet
 facet normal -1.751297e-01 -9.845454e-01  7.252582e-05
   outer loop
     vertex  5.631288e-01  3.251597e+00  2.400000e+01
     vertex  5.338806e-01  3.256528e+00  2.030000e+01
     vertex  6.218696e-01  3.240876e+00  2.030000e+01
   endloop
 endfacet
 facet normal -1.841461e-01 -9.828989e-01 -7.538866e-05
   outer loop
     vertex  5.631288e-01  3.251597e+00  2.400000e+01
     vertex  6.218696e-01  3.240876e+00  2.030000e+01
     vertex  6.521213e-01  3.234925e+00  2.400000e+01
   endloop
 endfacet
 facet normal -1.484046e-01 -9.889267e-01  7.102888e-05
   outer loop
     vertex  4.737123e-01  3.265823e+00  2.400000e+01
     vertex  4.455000e-01  3.269790e+00  2.030000e+01
     vertex  5.338806e-01  3.256528e+00  2.030000e+01
   endloop
 endfacet
 facet normal -1.571119e-01 -9.875808e-01 -7.394786e-05
   outer loop
     vertex  4.737123e-01  3.265823e+00  2.400000e+01
     vertex  5.338806e-01  3.256528e+00  2.030000e+01
     vertex  5.631288e-01  3.251597e+00  2.400000e+01
   endloop
 endfacet
 facet normal -1.215707e-01 -9.925828e-01  6.941967e-05
   outer loop
     vertex  3.839393e-01  3.277589e+00  2.400000e+01
     vertex  3.567928e-01  3.280655e+00  2.030000e+01
     vertex  4.455000e-01  3.269790e+00  2.030000e+01
   endloop
 endfacet
 facet normal -1.299594e-01 -9.915193e-01 -7.239478e-05
   outer loop
     vertex  3.839393e-01  3.277589e+00  2.400000e+01
     vertex  4.455000e-01  3.269790e+00  2.030000e+01
     vertex  4.737123e-01  3.265823e+00  2.400000e+01
   endloop
 endfacet
 facet normal -9.464755e-02 -9.955108e-01  6.769819e-05
   outer loop
     vertex  2.938773e-01  3.286889e+00  2.400000e+01
     vertex  2.678238e-01  3.289114e+00  2.030000e+01
     vertex  3.567928e-01  3.280655e+00  2.030000e+01
   endloop
 endfacet
 facet normal -1.027091e-01 -9.947114e-01 -7.072944e-05
   outer loop
     vertex  2.938773e-01  3.286889e+00  2.400000e+01
     vertex  3.567928e-01  3.280655e+00  2.030000e+01
     vertex  3.839393e-01  3.277589e+00  2.400000e+01
   endloop
 endfacet
 facet normal -6.765502e-02 -9.977088e-01  6.586444e-05
   outer loop
     vertex  2.035940e-01  3.293714e+00  2.400000e+01
     vertex  1.786584e-01  3.295160e+00  2.030000e+01
     vertex  2.678238e-01  3.289114e+00  2.030000e+01
   endloop
 endfacet
 facet normal -7.538152e-02 -9.971548e-01 -6.895182e-05
   outer loop
     vertex  2.035940e-01  3.293714e+00  2.400000e+01
     vertex  2.678238e-01  3.289114e+00  2.030000e+01
     vertex  2.938773e-01  3.286889e+00  2.400000e+01
   endloop
 endfacet
 facet normal -1.354093e-02 -9.999083e-01  8.853608e-15
   outer loop
     vertex  0.000000e+00  3.300000e+00  2.040000e+01
     vertex  2.020667e-16  3.300000e+00  2.030000e+01
     vertex  8.936197e-02  3.298790e+00  2.030000e+01
   endloop
 endfacet
 facet normal -4.061287e-02 -9.991750e-01  6.391842e-05
   outer loop
     vertex  1.131575e-01  3.298059e+00  2.400000e+01
     vertex  8.936197e-02  3.298790e+00  2.030000e+01
     vertex  1.786584e-01  3.295160e+00  2.030000e+01
   endloop
 endfacet
 facet normal -4.799716e-02 -9.988475e-01 -6.706194e-05
   outer loop
     vertex  1.131575e-01  3.298059e+00  2.400000e+01
     vertex  1.786584e-01  3.295160e+00  2.030000e+01
     vertex  2.035940e-01  3.293714e+00  2.400000e+01
   endloop
 endfacet
 facet normal -2.057667e-02 -9.997883e-01 -6.505979e-05
   outer loop
     vertex  2.263575e-02  3.299922e+00  2.400000e+01
     vertex  8.936197e-02  3.298790e+00  2.030000e+01
     vertex  1.131575e-01  3.298059e+00  2.400000e+01
   endloop
 endfacet
 facet normal -1.347030e-02 -9.999093e-01  6.313431e-05
   outer loop
     vertex  2.263575e-02  3.299922e+00  2.400000e+01
     vertex  0.000000e+00  3.300000e+00  2.040000e+01
     vertex  8.936197e-02  3.298790e+00  2.030000e+01
   endloop
 endfacet
 facet normal  1.365867e-02 -9.999067e-01  6.356874e-05
   outer loop
     vertex -6.790300e-02  3.299301e+00  2.400000e+01
     vertex -9.013884e-02  3.298769e+00  2.040000e+01
     vertex  0.000000e+00  3.300000e+00  2.040000e+01
   endloop
 endfacet
 facet normal  6.859319e-03 -9.999765e-01 -6.469385e-05
   outer loop
     vertex -6.790300e-02  3.299301e+00  2.400000e+01
     vertex  0.000000e+00  3.300000e+00  2.040000e+01
     vertex  2.263575e-02  3.299922e+00  2.400000e+01
   endloop
 endfacet
 facet normal  4.096583e-02 -9.991605e-01  6.280561e-05
   outer loop
     vertex -1.583906e-01  3.296197e+00  2.400000e+01
     vertex -1.802104e-01  3.295076e+00  2.040000e+01
     vertex -9.013884e-02  3.298769e+00  2.040000e+01
   endloop
 endfacet
 facet normal  3.429014e-02 -9.994119e-01 -6.393724e-05
   outer loop
     vertex -1.583906e-01  3.296197e+00  2.400000e+01
     vertex -9.013884e-02  3.298769e+00  2.040000e+01
     vertex -6.790300e-02  3.299301e+00  2.400000e+01
   endloop
 endfacet
 facet normal  6.169515e-02 -9.980950e-01 -6.316759e-05
   outer loop
     vertex -2.487590e-01  3.290611e+00  2.400000e+01
     vertex -1.802104e-01  3.295076e+00  2.040000e+01
     vertex -1.583906e-01  3.296197e+00  2.400000e+01
   endloop
 endfacet
 facet normal  6.824241e-02 -9.976688e-01  6.202944e-05
   outer loop
     vertex -2.487590e-01  3.290611e+00  2.400000e+01
     vertex -2.701475e-01  3.288924e+00  2.040000e+01
     vertex -1.802104e-01  3.295076e+00  2.040000e+01
   endloop
 endfacet
 facet normal  8.905371e-02 -9.960268e-01 -6.238490e-05
   outer loop
     vertex -3.389402e-01  3.282548e+00  2.400000e+01
     vertex -2.701475e-01  3.288924e+00  2.040000e+01
     vertex -2.487590e-01  3.290611e+00  2.400000e+01
   endloop
 endfacet
 facet normal  9.546807e-02 -9.954325e-01  6.124022e-05
   outer loop
     vertex -3.389402e-01  3.282548e+00  2.400000e+01
     vertex -3.598830e-01  3.280318e+00  2.040000e+01
     vertex -2.701475e-01  3.288924e+00  2.040000e+01
   endloop
 endfacet
 facet normal  1.163452e-01 -9.932088e-01 -6.158916e-05
   outer loop
     vertex -4.288662e-01  3.272014e+00  2.400000e+01
     vertex -3.598830e-01  3.280318e+00  2.040000e+01
     vertex -3.389402e-01  3.282548e+00  2.400000e+01
   endloop
 endfacet
 facet normal  1.226225e-01 -9.924534e-01  6.043796e-05
   outer loop
     vertex -4.288662e-01  3.272014e+00  2.400000e+01
     vertex -4.493499e-01  3.269264e+00  2.040000e+01
     vertex -3.598830e-01  3.280318e+00  2.040000e+01
   endloop
 endfacet
 facet normal  1.435492e-01 -9.896432e-01 -6.078038e-05
   outer loop
     vertex -5.184693e-01  3.259017e+00  2.400000e+01
     vertex -4.493499e-01  3.269264e+00  2.040000e+01
     vertex -4.288662e-01  3.272014e+00  2.400000e+01
   endloop
 endfacet
 facet normal  1.496854e-01 -9.887337e-01  5.962266e-05
   outer loop
     vertex -5.184693e-01  3.259017e+00  2.400000e+01
     vertex -5.384816e-01  3.255770e+00  2.040000e+01
     vertex -4.493499e-01  3.269264e+00  2.040000e+01
   endloop
 endfacet
 facet normal  1.706451e-01 -9.853326e-01 -5.995855e-05
   outer loop
     vertex -6.076822e-01  3.243566e+00  2.400000e+01
     vertex -5.384816e-01  3.255770e+00  2.040000e+01
     vertex -5.184693e-01  3.259017e+00  2.400000e+01
   endloop
 endfacet
 facet normal  1.766366e-01 -9.842761e-01  5.879431e-05
   outer loop
     vertex -6.076822e-01  3.243566e+00  2.400000e+01
     vertex -6.272113e-01  3.239847e+00  2.040000e+01
     vertex -5.384816e-01  3.255770e+00  2.040000e+01
   endloop
 endfacet
 facet normal  1.976125e-01 -9.802802e-01 -5.912367e-05
   outer loop
     vertex -6.964376e-01  3.225674e+00  2.400000e+01
     vertex -6.272113e-01  3.239847e+00  2.040000e+01
     vertex -6.076822e-01  3.243566e+00  2.400000e+01
   endloop
 endfacet
 facet normal  2.034560e-01 -9.790841e-01  5.795291e-05
   outer loop
     vertex -6.964376e-01  3.225674e+00  2.400000e+01
     vertex -7.154731e-01  3.221506e+00  2.040000e+01
     vertex -6.272113e-01  3.239847e+00  2.040000e+01
   endloop
 endfacet
 facet normal  2.244312e-01 -9.744899e-01 -5.827576e-05
   outer loop
     vertex -7.846688e-01  3.205354e+00  2.400000e+01
     vertex -7.154731e-01  3.221506e+00  2.040000e+01
     vertex -6.964376e-01  3.225674e+00  2.400000e+01
   endloop
 endfacet
 facet normal  2.301236e-01 -9.731614e-01  5.709847e-05
   outer loop
     vertex -7.846688e-01  3.205354e+00  2.400000e+01
     vertex -8.032009e-01  3.200761e+00  2.040000e+01
     vertex -7.154731e-01  3.221506e+00  2.040000e+01
   endloop
 endfacet
 facet normal  2.510809e-01 -9.679661e-01 -5.741480e-05
   outer loop
     vertex -8.723093e-01  3.182621e+00  2.400000e+01
     vertex -8.032009e-01  3.200761e+00  2.040000e+01
     vertex -7.846688e-01  3.205354e+00  2.400000e+01
   endloop
 endfacet
 facet normal  2.566194e-01 -9.665125e-01  5.623099e-05
   outer loop
     vertex -8.723093e-01  3.182621e+00  2.400000e+01
     vertex -8.903293e-01  3.177627e+00  2.040000e+01
     vertex -8.032009e-01  3.200761e+00  2.040000e+01
   endloop
 endfacet
 facet normal  2.775416e-01 -9.607136e-01 -5.654079e-05
   outer loop
     vertex -9.592932e-01  3.157492e+00  2.400000e+01
     vertex -8.903293e-01  3.177627e+00  2.040000e+01
     vertex -8.723093e-01  3.182621e+00  2.400000e+01
   endloop
 endfacet
 facet normal  2.829238e-01 -9.591424e-01  5.535046e-05
   outer loop
     vertex -9.592932e-01  3.157492e+00  2.400000e+01
     vertex -9.767934e-01  3.152122e+00  2.040000e+01
     vertex -8.903293e-01  3.177627e+00  2.040000e+01
   endloop
 endfacet
 facet normal  3.037934e-01 -9.527379e-01 -5.565374e-05
   outer loop
     vertex -1.045555e+00  3.129986e+00  2.400000e+01
     vertex -9.767934e-01  3.152122e+00  2.040000e+01
     vertex -9.592932e-01  3.157492e+00  2.400000e+01
   endloop
 endfacet
 facet normal  3.090170e-01 -9.510565e-01  5.445689e-05
   outer loop
     vertex -1.045555e+00  3.129986e+00  2.400000e+01
     vertex -1.062529e+00  3.124265e+00  2.040000e+01
     vertex -9.767934e-01  3.152122e+00  2.040000e+01
   endloop
 endfacet
 facet normal  3.298166e-01 -9.440450e-01 -5.475364e-05
   outer loop
     vertex -1.131030e+00  3.100125e+00  2.400000e+01
     vertex -1.062529e+00  3.124265e+00  2.040000e+01
     vertex -1.045555e+00  3.129986e+00  2.400000e+01
   endloop
 endfacet
 facet normal  3.348796e-01 -9.422609e-01  5.355027e-05
   outer loop
     vertex -1.131030e+00  3.100125e+00  2.400000e+01
     vertex -1.147471e+00  3.094077e+00  2.040000e+01
     vertex -1.062529e+00  3.124265e+00  2.040000e+01
   endloop
 endfacet
 facet normal  3.555914e-01 -9.346415e-01 -5.384050e-05
   outer loop
     vertex -1.215653e+00  3.067929e+00  2.400000e+01
     vertex -1.147471e+00  3.094077e+00  2.040000e+01
     vertex -1.131030e+00  3.100125e+00  2.400000e+01
   endloop
 endfacet
 facet normal  3.604923e-01 -9.327622e-01  5.263061e-05
   outer loop
     vertex -1.215653e+00  3.067929e+00  2.400000e+01
     vertex -1.231557e+00  3.061579e+00  2.040000e+01
     vertex -1.147471e+00  3.094077e+00  2.040000e+01
   endloop
 endfacet
 facet normal  3.810986e-01 -9.245344e-01 -5.291432e-05
   outer loop
     vertex -1.299361e+00  3.033424e+00  2.400000e+01
     vertex -1.231557e+00  3.061579e+00  2.040000e+01
     vertex -1.215653e+00  3.067929e+00  2.400000e+01
   endloop
 endfacet
 facet normal  3.858360e-01 -9.225674e-01  5.169790e-05
   outer loop
     vertex -1.299361e+00  3.033424e+00  2.400000e+01
     vertex -1.314724e+00  3.026797e+00  2.040000e+01
     vertex -1.231557e+00  3.061579e+00  2.040000e+01
   endloop
 endfacet
 facet normal  4.063188e-01 -9.137314e-01 -5.197509e-05
   outer loop
     vertex -1.382091e+00  2.996636e+00  2.400000e+01
     vertex -1.314724e+00  3.026797e+00  2.040000e+01
     vertex -1.299361e+00  3.033424e+00  2.400000e+01
   endloop
 endfacet
 facet normal  4.108918e-01 -9.116841e-01  5.075215e-05
   outer loop
     vertex -1.382091e+00  2.996636e+00  2.400000e+01
     vertex -1.396909e+00  2.989757e+00  2.040000e+01
     vertex -1.314724e+00  3.026797e+00  2.040000e+01
   endloop
 endfacet
 facet normal  4.356410e-01 -9.001205e-01  4.979335e-05
   outer loop
     vertex -1.463781e+00  2.957591e+00  2.400000e+01
     vertex -1.478053e+00  2.950485e+00  2.040000e+01
     vertex -1.396909e+00  2.989757e+00  2.040000e+01
   endloop
 endfacet
 facet normal  4.312333e-01 -9.022405e-01 -5.102281e-05
   outer loop
     vertex -1.463781e+00  2.957591e+00  2.400000e+01
     vertex -1.396909e+00  2.989757e+00  2.040000e+01
     vertex -1.382091e+00  2.996636e+00  2.400000e+01
   endloop
 endfacet
 facet normal  4.600650e-01 -8.878852e-01  4.882151e-05
   outer loop
     vertex -1.544368e+00  2.916321e+00  2.400000e+01
     vertex -1.558093e+00  2.909011e+00  2.040000e+01
     vertex -1.478053e+00  2.950485e+00  2.040000e+01
   endloop
 endfacet
 facet normal  4.558231e-01 -8.900704e-01 -5.005749e-05
   outer loop
     vertex -1.544368e+00  2.916321e+00  2.400000e+01
     vertex -1.478053e+00  2.950485e+00  2.040000e+01
     vertex -1.463781e+00  2.957591e+00  2.400000e+01
   endloop
 endfacet
 facet normal  4.800697e-01 -8.772303e-01 -4.907913e-05
   outer loop
     vertex -1.623794e+00  2.872855e+00  2.400000e+01
     vertex -1.558093e+00  2.909011e+00  2.040000e+01
     vertex -1.544368e+00  2.916321e+00  2.400000e+01
   endloop
 endfacet
 facet normal  4.841458e-01 -8.749873e-01  4.783662e-05
   outer loop
     vertex -1.623794e+00  2.872855e+00  2.400000e+01
     vertex -1.636971e+00  2.865367e+00  2.040000e+01
     vertex -1.558093e+00  2.909011e+00  2.040000e+01
   endloop
 endfacet
 facet normal  5.078652e-01 -8.614365e-01  4.683869e-05
   outer loop
     vertex -1.701997e+00  2.827226e+00  2.400000e+01
     vertex -1.714627e+00  2.819584e+00  2.040000e+01
     vertex -1.636971e+00  2.865367e+00  2.040000e+01
   endloop
 endfacet
 facet normal  5.039550e-01 -8.637299e-01 -4.808772e-05
   outer loop
     vertex -1.701997e+00  2.827226e+00  2.400000e+01
     vertex -1.636971e+00  2.865367e+00  2.040000e+01
     vertex -1.623794e+00  2.872855e+00  2.400000e+01
   endloop
 endfacet
 facet normal  5.312057e-01 -8.472429e-01  4.582772e-05
   outer loop
     vertex -1.778918e+00  2.779469e+00  2.400000e+01
     vertex -1.791004e+00  2.771697e+00  2.040000e+01
     vertex -1.714627e+00  2.819584e+00  2.040000e+01
   endloop
 endfacet
 facet normal  5.274609e-01 -8.495793e-01 -4.708327e-05
   outer loop
     vertex -1.778918e+00  2.779469e+00  2.400000e+01
     vertex -1.714627e+00  2.819584e+00  2.040000e+01
     vertex -1.701997e+00  2.827226e+00  2.400000e+01
   endloop
 endfacet
 facet normal  5.541498e-01 -8.324170e-01  4.480370e-05
   outer loop
     vertex -1.854501e+00  2.729620e+00  2.400000e+01
     vertex -1.866044e+00  2.721742e+00  2.040000e+01
     vertex -1.791004e+00  2.771697e+00  2.040000e+01
   endloop
 endfacet
 facet normal  5.505698e-01 -8.347891e-01 -4.606578e-05
   outer loop
     vertex -1.854501e+00  2.729620e+00  2.400000e+01
     vertex -1.791004e+00  2.771697e+00  2.040000e+01
     vertex -1.778918e+00  2.779469e+00  2.400000e+01
   endloop
 endfacet
 facet normal  5.766803e-01 -8.169699e-01  4.376664e-05
   outer loop
     vertex -1.928687e+00  2.677716e+00  2.400000e+01
     vertex -1.939691e+00  2.669756e+00  2.040000e+01
     vertex -1.866044e+00  2.721742e+00  2.040000e+01
   endloop
 endfacet
 facet normal  5.732642e-01 -8.193706e-01 -4.503524e-05
   outer loop
     vertex -1.928687e+00  2.677716e+00  2.400000e+01
     vertex -1.866044e+00  2.721742e+00  2.040000e+01
     vertex -1.854501e+00  2.729620e+00  2.400000e+01
   endloop
 endfacet
 facet normal  5.987805e-01 -8.009132e-01  4.271653e-05
   outer loop
     vertex -2.001422e+00  2.623797e+00  2.400000e+01
     vertex -2.011891e+00  2.615778e+00  2.040000e+01
     vertex -1.939691e+00  2.669756e+00  2.040000e+01
   endloop
 endfacet
 facet normal  5.955271e-01 -8.033352e-01 -4.399165e-05
   outer loop
     vertex -2.001422e+00  2.623797e+00  2.400000e+01
     vertex -1.939691e+00  2.669756e+00  2.040000e+01
     vertex -1.928687e+00  2.677716e+00  2.400000e+01
   endloop
 endfacet
 facet normal  6.204339e-01 -7.842588e-01  4.165338e-05
   outer loop
     vertex -2.072650e+00  2.567902e+00  2.400000e+01
     vertex -2.082590e+00  2.559847e+00  2.040000e+01
     vertex -2.011891e+00  2.615778e+00  2.040000e+01
   endloop
 endfacet
 facet normal  6.173417e-01 -7.866951e-01 -4.293502e-05
   outer loop
     vertex -2.072650e+00  2.567902e+00  2.400000e+01
     vertex -2.011891e+00  2.615778e+00  2.040000e+01
     vertex -2.001422e+00  2.623797e+00  2.400000e+01
   endloop
 endfacet
 facet normal  6.416243e-01 -7.670191e-01  4.057718e-05
   outer loop
     vertex -2.142318e+00  2.510075e+00  2.400000e+01
     vertex -2.151735e+00  2.502007e+00  2.040000e+01
     vertex -2.082590e+00  2.559847e+00  2.040000e+01
   endloop
 endfacet
 facet normal  6.386916e-01 -7.694628e-01 -4.186535e-05
   outer loop
     vertex -2.142318e+00  2.510075e+00  2.400000e+01
     vertex -2.082590e+00  2.559847e+00  2.040000e+01
     vertex -2.072650e+00  2.567902e+00  2.400000e+01
   endloop
 endfacet
 facet normal  6.595607e-01 -7.516513e-01 -4.078263e-05
   outer loop
     vertex -2.210373e+00  2.450357e+00  2.400000e+01
     vertex -2.151735e+00  2.502007e+00  2.040000e+01
     vertex -2.142318e+00  2.510075e+00  2.400000e+01
   endloop
 endfacet
 facet normal  6.623358e-01 -7.492071e-01  3.948794e-05
   outer loop
     vertex -2.210373e+00  2.450357e+00  2.400000e+01
     vertex -2.219274e+00  2.442299e+00  2.040000e+01
     vertex -2.151735e+00  2.502007e+00  2.040000e+01
   endloop
 endfacet
 facet normal  6.799333e-01 -7.332740e-01 -3.968686e-05
   outer loop
     vertex -2.276764e+00  2.388796e+00  2.400000e+01
     vertex -2.219274e+00  2.442299e+00  2.040000e+01
     vertex -2.210373e+00  2.450357e+00  2.400000e+01
   endloop
 endfacet
 facet normal  6.825531e-01 -7.308360e-01  3.838566e-05
   outer loop
     vertex -2.276764e+00  2.388796e+00  2.400000e+01
     vertex -2.285157e+00  2.380769e+00  2.040000e+01
     vertex -2.219274e+00  2.442299e+00  2.040000e+01
   endloop
 endfacet
 facet normal  6.997940e-01 -7.143447e-01 -3.857806e-05
   outer loop
     vertex -2.341442e+00  2.325436e+00  2.400000e+01
     vertex -2.285157e+00  2.380769e+00  2.040000e+01
     vertex -2.276764e+00  2.388796e+00  2.400000e+01
   endloop
 endfacet
 facet normal  7.022611e-01 -7.119195e-01  3.727033e-05
   outer loop
     vertex -2.341442e+00  2.325436e+00  2.400000e+01
     vertex -2.349334e+00  2.317462e+00  2.040000e+01
     vertex -2.285157e+00  2.380769e+00  2.040000e+01
   endloop
 endfacet
 facet normal  7.191280e-01 -6.948776e-01 -3.745621e-05
   outer loop
     vertex -2.404356e+00  2.260325e+00  2.400000e+01
     vertex -2.349334e+00  2.317462e+00  2.040000e+01
     vertex -2.341442e+00  2.325436e+00  2.400000e+01
   endloop
 endfacet
 facet normal  7.214450e-01 -6.924717e-01  3.614195e-05
   outer loop
     vertex -2.404356e+00  2.260325e+00  2.400000e+01
     vertex -2.411759e+00  2.252425e+00  2.040000e+01
     vertex -2.349334e+00  2.317462e+00  2.040000e+01
   endloop
 endfacet
 facet normal  7.379206e-01 -6.748875e-01 -3.632131e-05
   outer loop
     vertex -2.465461e+00  2.193513e+00  2.400000e+01
     vertex -2.411759e+00  2.252425e+00  2.040000e+01
     vertex -2.404356e+00  2.260325e+00  2.400000e+01
   endloop
 endfacet
 facet normal  7.400906e-01 -6.725072e-01  3.500054e-05
   outer loop
     vertex -2.465461e+00  2.193513e+00  2.400000e+01
     vertex -2.472383e+00  2.185708e+00  2.040000e+01
     vertex -2.411759e+00  2.252425e+00  2.040000e+01
   endloop
 endfacet
 facet normal  7.561578e-01 -6.543893e-01 -3.517337e-05
   outer loop
     vertex -2.524710e+00  2.125050e+00  2.400000e+01
     vertex -2.472383e+00  2.185708e+00  2.040000e+01
     vertex -2.465461e+00  2.193513e+00  2.400000e+01
   endloop
 endfacet
 facet normal  7.581838e-01 -6.520409e-01  3.384607e-05
   outer loop
     vertex -2.524710e+00  2.125050e+00  2.400000e+01
     vertex -2.531163e+00  2.117360e+00  2.040000e+01
     vertex -2.472383e+00  2.185708e+00  2.040000e+01
   endloop
 endfacet
 facet normal  7.738257e-01 -6.333986e-01 -3.401239e-05
   outer loop
     vertex -2.582059e+00  2.054987e+00  2.400000e+01
     vertex -2.531163e+00  2.117360e+00  2.040000e+01
     vertex -2.524710e+00  2.125050e+00  2.400000e+01
   endloop
 endfacet
 facet normal  7.757113e-01 -6.310879e-01  3.267857e-05
   outer loop
     vertex -2.582059e+00  2.054987e+00  2.400000e+01
     vertex -2.588054e+00  2.047432e+00  2.040000e+01
     vertex -2.531163e+00  2.117360e+00  2.040000e+01
   endloop
 endfacet
 facet normal  7.909112e-01 -6.119310e-01 -3.283836e-05
   outer loop
     vertex -2.637464e+00  1.983377e+00  2.400000e+01
     vertex -2.588054e+00  2.047432e+00  2.040000e+01
     vertex -2.582059e+00  2.054987e+00  2.400000e+01
   endloop
 endfacet
 facet normal  7.926599e-01 -6.096641e-01  3.149802e-05
   outer loop
     vertex -2.637464e+00  1.983377e+00  2.400000e+01
     vertex -2.643013e+00  1.975976e+00  2.040000e+01
     vertex -2.588054e+00  2.047432e+00  2.040000e+01
   endloop
 endfacet
 facet normal  8.074012e-01 -5.900028e-01 -3.165128e-05
   outer loop
     vertex -2.690883e+00  1.910275e+00  2.400000e+01
     vertex -2.643013e+00  1.975976e+00  2.040000e+01
     vertex -2.637464e+00  1.983377e+00  2.400000e+01
   endloop
 endfacet
 facet normal  8.090170e-01 -5.877853e-01  3.030442e-05
   outer loop
     vertex -2.690883e+00  1.910275e+00  2.400000e+01
     vertex -2.696001e+00  1.903045e+00  2.040000e+01
     vertex -2.643013e+00  1.975976e+00  2.040000e+01
   endloop
 endfacet
 facet normal  8.232835e-01 -5.676304e-01 -3.045117e-05
   outer loop
     vertex -2.742277e+00  1.835734e+00  2.400000e+01
     vertex -2.696001e+00  1.903045e+00  2.040000e+01
     vertex -2.690883e+00  1.910275e+00  2.400000e+01
   endloop
 endfacet
 facet normal  8.247704e-01 -5.654678e-01  2.909778e-05
   outer loop
     vertex -2.742277e+00  1.835734e+00  2.400000e+01
     vertex -2.746976e+00  1.828694e+00  2.040000e+01
     vertex -2.696001e+00  1.903045e+00  2.040000e+01
   endloop
 endfacet
 facet normal  8.385460e-01 -5.448308e-01 -2.923801e-05
   outer loop
     vertex -2.791606e+00  1.759811e+00  2.400000e+01
     vertex -2.746976e+00  1.828694e+00  2.040000e+01
     vertex -2.742277e+00  1.835734e+00  2.400000e+01
   endloop
 endfacet
 facet normal  8.399083e-01 -5.427284e-01  2.787810e-05
   outer loop
     vertex -2.791606e+00  1.759811e+00  2.400000e+01
     vertex -2.795901e+00  1.752979e+00  2.040000e+01
     vertex -2.746976e+00  1.828694e+00  2.040000e+01
   endloop
 endfacet
 facet normal  8.531773e-01 -5.216210e-01 -2.801180e-05
   outer loop
     vertex -2.838834e+00  1.682564e+00  2.400000e+01
     vertex -2.795901e+00  1.752979e+00  2.040000e+01
     vertex -2.791606e+00  1.759811e+00  2.400000e+01
   endloop
 endfacet
 facet normal  8.544194e-01 -5.195839e-01  2.664537e-05
   outer loop
     vertex -2.838834e+00  1.682564e+00  2.400000e+01
     vertex -2.842741e+00  1.675955e+00  2.040000e+01
     vertex -2.795901e+00  1.752979e+00  2.040000e+01
   endloop
 endfacet
 facet normal  8.671664e-01 -4.980186e-01 -2.677255e-05
   outer loop
     vertex -2.883925e+00  1.604050e+00  2.400000e+01
     vertex -2.842741e+00  1.675955e+00  2.040000e+01
     vertex -2.838834e+00  1.682564e+00  2.400000e+01
   endloop
 endfacet
 facet normal  8.682929e-01 -4.960518e-01  2.539960e-05
   outer loop
     vertex -2.883925e+00  1.604050e+00  2.400000e+01
     vertex -2.887458e+00  1.597681e+00  2.040000e+01
     vertex -2.842741e+00  1.675955e+00  2.040000e+01
   endloop
 endfacet
 facet normal  8.805026e-01 -4.740412e-01 -2.552026e-05
   outer loop
     vertex -2.926845e+00  1.524328e+00  2.400000e+01
     vertex -2.887458e+00  1.597681e+00  2.040000e+01
     vertex -2.883925e+00  1.604050e+00  2.400000e+01
   endloop
 endfacet
 facet normal  8.815185e-01 -4.721495e-01  2.414078e-05
   outer loop
     vertex -2.926845e+00  1.524328e+00  2.400000e+01
     vertex -2.930021e+00  1.518215e+00  2.040000e+01
     vertex -2.887458e+00  1.597681e+00  2.040000e+01
   endloop
 endfacet
 facet normal  8.931761e-01 -4.497071e-01 -2.425492e-05
   outer loop
     vertex -2.967562e+00  1.443459e+00  2.400000e+01
     vertex -2.930021e+00  1.518215e+00  2.040000e+01
     vertex -2.926845e+00  1.524328e+00  2.400000e+01
   endloop
 endfacet
 facet normal  8.940863e-01 -4.478948e-01  2.286892e-05
   outer loop
     vertex -2.967562e+00  1.443459e+00  2.400000e+01
     vertex -2.970398e+00  1.437615e+00  2.040000e+01
     vertex -2.930021e+00  1.518215e+00  2.040000e+01
   endloop
 endfacet
 facet normal  9.051772e-01 -4.250344e-01 -2.297654e-05
   outer loop
     vertex -3.006045e+00  1.361504e+00  2.400000e+01
     vertex -2.970398e+00  1.437615e+00  2.040000e+01
     vertex -2.967562e+00  1.443459e+00  2.400000e+01
   endloop
 endfacet
 facet normal  9.059868e-01 -4.233059e-01  2.158402e-05
   outer loop
     vertex -3.006045e+00  1.361504e+00  2.400000e+01
     vertex -3.008558e+00  1.355943e+00  2.040000e+01
     vertex -2.970398e+00  1.437615e+00  2.040000e+01
   endloop
 endfacet
 facet normal  9.164969e-01 -4.000417e-01 -2.168511e-05
   outer loop
     vertex -3.042265e+00  1.278523e+00  2.400000e+01
     vertex -3.008558e+00  1.355943e+00  2.040000e+01
     vertex -3.006045e+00  1.361504e+00  2.400000e+01
   endloop
 endfacet
 facet normal  9.172113e-01 -3.984011e-01  2.028607e-05
   outer loop
     vertex -3.042265e+00  1.278523e+00  2.400000e+01
     vertex -3.044472e+00  1.273259e+00  2.040000e+01
     vertex -3.008558e+00  1.355943e+00  2.040000e+01
   endloop
 endfacet
 facet normal  9.271267e-01 -3.747479e-01 -2.038064e-05
   outer loop
     vertex -3.076195e+00  1.194580e+00  2.400000e+01
     vertex -3.044472e+00  1.273259e+00  2.040000e+01
     vertex -3.042265e+00  1.278523e+00  2.400000e+01
   endloop
 endfacet
 facet normal  9.277513e-01 -3.731990e-01  1.897508e-05
   outer loop
     vertex -3.076195e+00  1.194580e+00  2.400000e+01
     vertex -3.078115e+00  1.189625e+00  2.040000e+01
     vertex -3.044472e+00  1.273259e+00  2.040000e+01
   endloop
 endfacet
 facet normal  9.370586e-01 -3.491720e-01 -1.906312e-05
   outer loop
     vertex -3.107810e+00  1.109738e+00  2.400000e+01
     vertex -3.078115e+00  1.189625e+00  2.040000e+01
     vertex -3.076195e+00  1.194580e+00  2.400000e+01
   endloop
 endfacet
 facet normal  9.375990e-01 -3.477184e-01  1.765104e-05
   outer loop
     vertex -3.107810e+00  1.109738e+00  2.400000e+01
     vertex -3.109461e+00  1.105103e+00  2.040000e+01
     vertex -3.078115e+00  1.189625e+00  2.040000e+01
   endloop
 endfacet
 facet normal  9.462851e-01 -3.233333e-01 -1.773257e-05
   outer loop
     vertex -3.137085e+00  1.024061e+00  2.400000e+01
     vertex -3.109461e+00  1.105103e+00  2.040000e+01
     vertex -3.107810e+00  1.109738e+00  2.400000e+01
   endloop
 endfacet
 facet normal  9.467470e-01 -3.219783e-01  1.631396e-05
   outer loop
     vertex -3.137085e+00  1.024061e+00  2.400000e+01
     vertex -3.138487e+00  1.019756e+00  2.040000e+01
     vertex -3.109461e+00  1.105103e+00  2.040000e+01
   endloop
 endfacet
 facet normal  9.547993e-01 -2.972512e-01 -1.638896e-05
   outer loop
     vertex -3.163998e+00  9.376124e-01  2.400000e+01
     vertex -3.138487e+00  1.019756e+00  2.040000e+01
     vertex -3.137085e+00  1.024061e+00  2.400000e+01
   endloop
 endfacet
 facet normal  9.551886e-01 -2.959980e-01  1.496384e-05
   outer loop
     vertex -3.163998e+00  9.376124e-01  2.400000e+01
     vertex -3.165170e+00  9.336485e-01  2.040000e+01
     vertex -3.138487e+00  1.019756e+00  2.040000e+01
   endloop
 endfacet
 facet normal  9.625948e-01 -2.709453e-01 -1.503232e-05
   outer loop
     vertex -3.188530e+00  8.504582e-01  2.400000e+01
     vertex -3.165170e+00  9.336485e-01  2.040000e+01
     vertex -3.163998e+00  9.376124e-01  2.400000e+01
   endloop
 endfacet
 facet normal  9.629173e-01 -2.697968e-01  1.360067e-05
   outer loop
     vertex -3.188530e+00  8.504582e-01  2.400000e+01
     vertex -3.189491e+00  8.468441e-01  2.040000e+01
     vertex -3.165170e+00  9.336485e-01  2.040000e+01
   endloop
 endfacet
 facet normal  9.696656e-01 -2.444354e-01 -1.366263e-05
   outer loop
     vertex -3.210661e+00  7.626638e-01  2.400000e+01
     vertex -3.189491e+00  8.468441e-01  2.040000e+01
     vertex -3.188530e+00  8.504582e-01  2.400000e+01
   endloop
 endfacet
 facet normal  9.699274e-01 -2.433942e-01  1.222446e-05
   outer loop
     vertex -3.210661e+00  7.626638e-01  2.400000e+01
     vertex -3.211433e+00  7.594078e-01  2.040000e+01
     vertex -3.189491e+00  8.468441e-01  2.040000e+01
   endloop
 endfacet
 facet normal  9.760065e-01 -2.177416e-01 -1.227989e-05
   outer loop
     vertex -3.230375e+00  6.742953e-01  2.400000e+01
     vertex -3.211433e+00  7.594078e-01  2.040000e+01
     vertex -3.210661e+00  7.626638e-01  2.400000e+01
   endloop
 endfacet
 facet normal  9.762138e-01 -2.168100e-01  1.083520e-05
   outer loop
     vertex -3.230375e+00  6.742953e-01  2.400000e+01
     vertex -3.230977e+00  6.714048e-01  2.040000e+01
     vertex -3.211433e+00  7.594078e-01  2.040000e+01
   endloop
 endfacet
 facet normal  9.817717e-01 -1.900640e-01  9.432898e-06
   outer loop
     vertex -3.247658e+00  5.854193e-01  2.400000e+01
     vertex -3.248111e+00  5.829008e-01  2.040000e+01
     vertex -3.230977e+00  6.714048e-01  2.040000e+01
   endloop
 endfacet
 facet normal  9.816126e-01 -1.908838e-01 -1.088411e-05
   outer loop
     vertex -3.247658e+00  5.854193e-01  2.400000e+01
     vertex -3.230977e+00  6.714048e-01  2.040000e+01
     vertex -3.230375e+00  6.742953e-01  2.400000e+01
   endloop
 endfacet
 facet normal  9.864799e-01 -1.638824e-01 -9.475291e-06
   outer loop
     vertex -3.262496e+00  4.961025e-01  2.400000e+01
     vertex -3.248111e+00  5.829008e-01  2.040000e+01
     vertex -3.247658e+00  5.854193e-01  2.400000e+01
   endloop
 endfacet
 facet normal  9.865969e-01 -1.631762e-01  8.017554e-06
   outer loop
     vertex -3.262496e+00  4.961025e-01  2.400000e+01
     vertex -3.262821e+00  4.939618e-01  2.040000e+01
     vertex -3.248111e+00  5.829008e-01  2.040000e+01
   endloop
 endfacet
 facet normal  9.906046e-01 -1.367575e-01 -8.053424e-06
   outer loop
     vertex -3.274878e+00  4.064123e-01  2.400000e+01
     vertex -3.262821e+00  4.939618e-01  2.040000e+01
     vertex -3.262496e+00  4.961025e-01  2.400000e+01
   endloop
 endfacet
 facet normal  9.906859e-01 -1.361666e-01  6.589166e-06
   outer loop
     vertex -3.274878e+00  4.064123e-01  2.400000e+01
     vertex -3.275096e+00  4.046542e-01  2.040000e+01
     vertex -3.262821e+00  4.939618e-01  2.040000e+01
   endloop
 endfacet
 facet normal  9.939835e-01 -1.095298e-01 -6.618514e-06
   outer loop
     vertex -3.284795e+00  3.164162e-01  2.400000e+01
     vertex -3.275096e+00  4.046542e-01  2.040000e+01
     vertex -3.274878e+00  4.064123e-01  2.400000e+01
   endloop
 endfacet
 facet normal  9.940357e-01 -1.090555e-01  5.147733e-06
   outer loop
     vertex -3.284795e+00  3.164162e-01  2.400000e+01
     vertex -3.284927e+00  3.150446e-01  2.040000e+01
     vertex -3.275096e+00  4.046542e-01  2.040000e+01
   endloop
 endfacet
 facet normal  9.966142e-01 -8.221955e-02 -5.170560e-06
   outer loop
     vertex -3.292240e+00  2.261818e-01  2.400000e+01
     vertex -3.284927e+00  3.150446e-01  2.040000e+01
     vertex -3.284795e+00  3.164162e-01  2.400000e+01
   endloop
 endfacet
 facet normal  9.966436e-01 -8.186288e-02  3.693257e-06
   outer loop
     vertex -3.292240e+00  2.261818e-01  2.400000e+01
     vertex -3.292307e+00  2.252000e-01  2.040000e+01
     vertex -3.284927e+00  3.150446e-01  2.040000e+01
   endloop
 endfacet
 facet normal  9.985078e-01 -5.460922e-02  2.225737e-06
   outer loop
     vertex -3.297206e+00  1.357772e-01  2.400000e+01
     vertex -3.297230e+00  1.351872e-01  2.040000e+01
     vertex -3.292307e+00  2.252000e-01  2.040000e+01
   endloop
 endfacet
 facet normal  9.984947e-01 -5.484744e-02 -3.709562e-06
   outer loop
     vertex -3.297206e+00  1.357772e-01  2.400000e+01
     vertex -3.292307e+00  2.252000e-01  2.040000e+01
     vertex -3.292240e+00  2.261818e-01  2.400000e+01
   endloop
 endfacet
 facet normal  9.996269e-01 -2.731480e-02  7.451733e-07
   outer loop
     vertex -3.299689e+00  4.527044e-02  2.400000e+01
     vertex -3.299692e+00  4.507362e-02  2.040000e+01
     vertex -3.297230e+00  1.351872e-01  2.040000e+01
   endloop
 endfacet
 facet normal  1.000000e+00  4.926263e-15 -7.484343e-07
   outer loop
     vertex -3.299689e+00  4.527044e-02  2.400000e+01
     vertex -3.299692e+00 -4.507362e-02  2.040000e+01
     vertex -3.299692e+00  4.507362e-02  2.040000e+01
   endloop
 endfacet
 facet normal  9.996236e-01 -2.743405e-02 -2.235520e-06
   outer loop
     vertex -3.299689e+00  4.527044e-02  2.400000e+01
     vertex -3.297230e+00  1.351872e-01  2.040000e+01
     vertex -3.297206e+00  1.357772e-01  2.400000e+01
   endloop
 endfacet
 facet normal  9.996269e-01  2.731480e-02  7.451733e-07
   outer loop
     vertex -3.299689e+00 -4.527044e-02  2.400000e+01
     vertex -3.297230e+00 -1.351872e-01  2.040000e+01
     vertex -3.299692e+00 -4.507362e-02  2.040000e+01
   endloop
 endfacet
 facet normal  1.000000e+00  4.904848e-15 -7.484343e-07
   outer loop
     vertex -3.299689e+00 -4.527044e-02  2.400000e+01
     vertex -3.299692e+00 -4.507362e-02  2.040000e+01
     vertex -3.299689e+00  4.527044e-02  2.400000e+01
   endloop
 endfacet
 facet normal  9.985078e-01  5.460922e-02  2.225737e-06
   outer loop
     vertex -3.297206e+00 -1.357772e-01  2.400000e+01
     vertex -3.292307e+00 -2.252000e-01  2.040000e+01
     vertex -3.297230e+00 -1.351872e-01  2.040000e+01
   endloop
 endfacet
 facet normal  9.996236e-01  2.743405e-02 -2.235520e-06
   outer loop
     vertex -3.297206e+00 -1.357772e-01  2.400000e+01
     vertex -3.297230e+00 -1.351872e-01  2.040000e+01
     vertex -3.299689e+00 -4.527044e-02  2.400000e+01
   endloop
 endfacet
 facet normal  9.966436e-01  8.186288e-02  3.693257e-06
   outer loop
     vertex -3.292240e+00 -2.261818e-01  2.400000e+01
     vertex -3.284927e+00 -3.150446e-01  2.040000e+01
     vertex -3.292307e+00 -2.252000e-01  2.040000e+01
   endloop
 endfacet
 facet normal  9.984947e-01  5.484744e-02 -3.709562e-06
   outer loop
     vertex -3.292240e+00 -2.261818e-01  2.400000e+01
     vertex -3.292307e+00 -2.252000e-01  2.040000e+01
     vertex -3.297206e+00 -1.357772e-01  2.400000e+01
   endloop
 endfacet
 facet normal  9.940357e-01  1.090555e-01  5.147733e-06
   outer loop
     vertex -3.284795e+00 -3.164162e-01  2.400000e+01
     vertex -3.275096e+00 -4.046542e-01  2.040000e+01
     vertex -3.284927e+00 -3.150446e-01  2.040000e+01
   endloop
 endfacet
 facet normal  9.966142e-01  8.221955e-02 -5.170560e-06
   outer loop
     vertex -3.284795e+00 -3.164162e-01  2.400000e+01
     vertex -3.284927e+00 -3.150446e-01  2.040000e+01
     vertex -3.292240e+00 -2.261818e-01  2.400000e+01
   endloop
 endfacet
 facet normal  9.906859e-01  1.361666e-01  6.589166e-06
   outer loop
     vertex -3.274878e+00 -4.064123e-01  2.400000e+01
     vertex -3.262821e+00 -4.939618e-01  2.040000e+01
     vertex -3.275096e+00 -4.046542e-01  2.040000e+01
   endloop
 endfacet
 facet normal  9.939835e-01  1.095298e-01 -6.618514e-06
   outer loop
     vertex -3.274878e+00 -4.064123e-01  2.400000e+01
     vertex -3.275096e+00 -4.046542e-01  2.040000e+01
     vertex -3.284795e+00 -3.164162e-01  2.400000e+01
   endloop
 endfacet
 facet normal  9.865969e-01  1.631762e-01  8.017554e-06
   outer loop
     vertex -3.262496e+00 -4.961025e-01  2.400000e+01
     vertex -3.248111e+00 -5.829008e-01  2.040000e+01
     vertex -3.262821e+00 -4.939618e-01  2.040000e+01
   endloop
 endfacet
 facet normal  9.906046e-01  1.367575e-01 -8.053424e-06
   outer loop
     vertex -3.262496e+00 -4.961025e-01  2.400000e+01
     vertex -3.262821e+00 -4.939618e-01  2.040000e+01
     vertex -3.274878e+00 -4.064123e-01  2.400000e+01
   endloop
 endfacet
 facet normal  9.817717e-01  1.900640e-01  9.432898e-06
   outer loop
     vertex -3.247658e+00 -5.854193e-01  2.400000e+01
     vertex -3.230977e+00 -6.714048e-01  2.040000e+01
     vertex -3.248111e+00 -5.829008e-01  2.040000e+01
   endloop
 endfacet
 facet normal  9.864799e-01  1.638824e-01 -9.475291e-06
   outer loop
     vertex -3.247658e+00 -5.854193e-01  2.400000e+01
     vertex -3.248111e+00 -5.829008e-01  2.040000e+01
     vertex -3.262496e+00 -4.961025e-01  2.400000e+01
   endloop
 endfacet
 facet normal  9.762138e-01  2.168100e-01  1.083520e-05
   outer loop
     vertex -3.230375e+00 -6.742953e-01  2.400000e+01
     vertex -3.211433e+00 -7.594078e-01  2.040000e+01
     vertex -3.230977e+00 -6.714048e-01  2.040000e+01
   endloop
 endfacet
 facet normal  9.816126e-01  1.908838e-01 -1.088411e-05
   outer loop
     vertex -3.230375e+00 -6.742953e-01  2.400000e+01
     vertex -3.230977e+00 -6.714048e-01  2.040000e+01
     vertex -3.247658e+00 -5.854193e-01  2.400000e+01
   endloop
 endfacet
 facet normal  9.699274e-01  2.433942e-01  1.222446e-05
   outer loop
     vertex -3.210661e+00 -7.626638e-01  2.400000e+01
     vertex -3.189491e+00 -8.468441e-01  2.040000e+01
     vertex -3.211433e+00 -7.594078e-01  2.040000e+01
   endloop
 endfacet
 facet normal  9.760065e-01  2.177416e-01 -1.227989e-05
   outer loop
     vertex -3.210661e+00 -7.626638e-01  2.400000e+01
     vertex -3.211433e+00 -7.594078e-01  2.040000e+01
     vertex -3.230375e+00 -6.742953e-01  2.400000e+01
   endloop
 endfacet
 facet normal  9.629173e-01  2.697968e-01  1.360067e-05
   outer loop
     vertex -3.188530e+00 -8.504582e-01  2.400000e+01
     vertex -3.165170e+00 -9.336485e-01  2.040000e+01
     vertex -3.189491e+00 -8.468441e-01  2.040000e+01
   endloop
 endfacet
 facet normal  9.696656e-01  2.444354e-01 -1.366263e-05
   outer loop
     vertex -3.188530e+00 -8.504582e-01  2.400000e+01
     vertex -3.189491e+00 -8.468441e-01  2.040000e+01
     vertex -3.210661e+00 -7.626638e-01  2.400000e+01
   endloop
 endfacet
 facet normal  9.551886e-01  2.959980e-01  1.496384e-05
   outer loop
     vertex -3.163998e+00 -9.376124e-01  2.400000e+01
     vertex -3.138487e+00 -1.019756e+00  2.040000e+01
     vertex -3.165170e+00 -9.336485e-01  2.040000e+01
   endloop
 endfacet
 facet normal  9.625948e-01  2.709453e-01 -1.503232e-05
   outer loop
     vertex -3.163998e+00 -9.376124e-01  2.400000e+01
     vertex -3.165170e+00 -9.336485e-01  2.040000e+01
     vertex -3.188530e+00 -8.504582e-01  2.400000e+01
   endloop
 endfacet
 facet normal  9.467470e-01  3.219783e-01  1.631396e-05
   outer loop
     vertex -3.137085e+00 -1.024061e+00  2.400000e+01
     vertex -3.109461e+00 -1.105103e+00  2.040000e+01
     vertex -3.138487e+00 -1.019756e+00  2.040000e+01
   endloop
 endfacet
 facet normal  9.547993e-01  2.972512e-01 -1.638896e-05
   outer loop
     vertex -3.137085e+00 -1.024061e+00  2.400000e+01
     vertex -3.138487e+00 -1.019756e+00  2.040000e+01
     vertex -3.163998e+00 -9.376124e-01  2.400000e+01
   endloop
 endfacet
 facet normal  9.375990e-01  3.477184e-01  1.765104e-05
   outer loop
     vertex -3.107810e+00 -1.109738e+00  2.400000e+01
     vertex -3.078115e+00 -1.189625e+00  2.040000e+01
     vertex -3.109461e+00 -1.105103e+00  2.040000e+01
   endloop
 endfacet
 facet normal  9.462851e-01  3.233333e-01 -1.773257e-05
   outer loop
     vertex -3.107810e+00 -1.109738e+00  2.400000e+01
     vertex -3.109461e+00 -1.105103e+00  2.040000e+01
     vertex -3.137085e+00 -1.024061e+00  2.400000e+01
   endloop
 endfacet
 facet normal  9.277513e-01  3.731990e-01  1.897508e-05
   outer loop
     vertex -3.076195e+00 -1.194580e+00  2.400000e+01
     vertex -3.044472e+00 -1.273259e+00  2.040000e+01
     vertex -3.078115e+00 -1.189625e+00  2.040000e+01
   endloop
 endfacet
 facet normal  9.370586e-01  3.491720e-01 -1.906312e-05
   outer loop
     vertex -3.076195e+00 -1.194580e+00  2.400000e+01
     vertex -3.078115e+00 -1.189625e+00  2.040000e+01
     vertex -3.107810e+00 -1.109738e+00  2.400000e+01
   endloop
 endfacet
 facet normal  9.172113e-01  3.984011e-01  2.028607e-05
   outer loop
     vertex -3.042265e+00 -1.278523e+00  2.400000e+01
     vertex -3.008558e+00 -1.355943e+00  2.040000e+01
     vertex -3.044472e+00 -1.273259e+00  2.040000e+01
   endloop
 endfacet
 facet normal  9.271267e-01  3.747479e-01 -2.038064e-05
   outer loop
     vertex -3.042265e+00 -1.278523e+00  2.400000e+01
     vertex -3.044472e+00 -1.273259e+00  2.040000e+01
     vertex -3.076195e+00 -1.194580e+00  2.400000e+01
   endloop
 endfacet
 facet normal  9.059868e-01  4.233059e-01  2.158402e-05
   outer loop
     vertex -3.006045e+00 -1.361504e+00  2.400000e+01
     vertex -2.970398e+00 -1.437615e+00  2.040000e+01
     vertex -3.008558e+00 -1.355943e+00  2.040000e+01
   endloop
 endfacet
 facet normal  9.164969e-01  4.000417e-01 -2.168511e-05
   outer loop
     vertex -3.006045e+00 -1.361504e+00  2.400000e+01
     vertex -3.008558e+00 -1.355943e+00  2.040000e+01
     vertex -3.042265e+00 -1.278523e+00  2.400000e+01
   endloop
 endfacet
 facet normal  8.940863e-01  4.478948e-01  2.286892e-05
   outer loop
     vertex -2.967562e+00 -1.443459e+00  2.400000e+01
     vertex -2.930021e+00 -1.518215e+00  2.040000e+01
     vertex -2.970398e+00 -1.437615e+00  2.040000e+01
   endloop
 endfacet
 facet normal  9.051772e-01  4.250344e-01 -2.297654e-05
   outer loop
     vertex -2.967562e+00 -1.443459e+00  2.400000e+01
     vertex -2.970398e+00 -1.437615e+00  2.040000e+01
     vertex -3.006045e+00 -1.361504e+00  2.400000e+01
   endloop
 endfacet
 facet normal  8.815185e-01  4.721495e-01  2.414078e-05
   outer loop
     vertex -2.926845e+00 -1.524328e+00  2.400000e+01
     vertex -2.887458e+00 -1.597681e+00  2.040000e+01
     vertex -2.930021e+00 -1.518215e+00  2.040000e+01
   endloop
 endfacet
 facet normal  8.931761e-01  4.497071e-01 -2.425492e-05
   outer loop
     vertex -2.926845e+00 -1.524328e+00  2.400000e+01
     vertex -2.930021e+00 -1.518215e+00  2.040000e+01
     vertex -2.967562e+00 -1.443459e+00  2.400000e+01
   endloop
 endfacet
 facet normal  8.682929e-01  4.960518e-01  2.539960e-05
   outer loop
     vertex -2.883925e+00 -1.604050e+00  2.400000e+01
     vertex -2.842741e+00 -1.675955e+00  2.040000e+01
     vertex -2.887458e+00 -1.597681e+00  2.040000e+01
   endloop
 endfacet
 facet normal  8.805026e-01  4.740412e-01 -2.552026e-05
   outer loop
     vertex -2.883925e+00 -1.604050e+00  2.400000e+01
     vertex -2.887458e+00 -1.597681e+00  2.040000e+01
     vertex -2.926845e+00 -1.524328e+00  2.400000e+01
   endloop
 endfacet
 facet normal  8.544194e-01  5.195839e-01  2.664537e-05
   outer loop
     vertex -2.838834e+00 -1.682564e+00  2.400000e+01
     vertex -2.795901e+00 -1.752979e+00  2.040000e+01
     vertex -2.842741e+00 -1.675955e+00  2.040000e+01
   endloop
 endfacet
 facet normal  8.671664e-01  4.980186e-01 -2.677255e-05
   outer loop
     vertex -2.838834e+00 -1.682564e+00  2.400000e+01
     vertex -2.842741e+00 -1.675955e+00  2.040000e+01
     vertex -2.883925e+00 -1.604050e+00  2.400000e+01
   endloop
 endfacet
 facet normal  8.531773e-01  5.216210e-01 -2.801180e-05
   outer loop
     vertex -2.791606e+00 -1.759811e+00  2.400000e+01
     vertex -2.795901e+00 -1.752979e+00  2.040000e+01
     vertex -2.838834e+00 -1.682564e+00  2.400000e+01
   endloop
 endfacet
 facet normal  8.399083e-01  5.427284e-01  2.787810e-05
   outer loop
     vertex -2.791606e+00 -1.759811e+00  2.400000e+01
     vertex -2.746976e+00 -1.828694e+00  2.040000e+01
     vertex -2.795901e+00 -1.752979e+00  2.040000e+01
   endloop
 endfacet
 facet normal  8.385460e-01  5.448308e-01 -2.923801e-05
   outer loop
     vertex -2.742277e+00 -1.835734e+00  2.400000e+01
     vertex -2.746976e+00 -1.828694e+00  2.040000e+01
     vertex -2.791606e+00 -1.759811e+00  2.400000e+01
   endloop
 endfacet
 facet normal  8.247704e-01  5.654678e-01  2.909778e-05
   outer loop
     vertex -2.742277e+00 -1.835734e+00  2.400000e+01
     vertex -2.696001e+00 -1.903045e+00  2.040000e+01
     vertex -2.746976e+00 -1.828694e+00  2.040000e+01
   endloop
 endfacet
 facet normal  8.232835e-01  5.676304e-01 -3.045117e-05
   outer loop
     vertex -2.690883e+00 -1.910275e+00  2.400000e+01
     vertex -2.696001e+00 -1.903045e+00  2.040000e+01
     vertex -2.742277e+00 -1.835734e+00  2.400000e+01
   endloop
 endfacet
 facet normal  8.090170e-01  5.877853e-01  3.030442e-05
   outer loop
     vertex -2.690883e+00 -1.910275e+00  2.400000e+01
     vertex -2.643013e+00 -1.975976e+00  2.040000e+01
     vertex -2.696001e+00 -1.903045e+00  2.040000e+01
   endloop
 endfacet
 facet normal  8.074012e-01  5.900028e-01 -3.165128e-05
   outer loop
     vertex -2.637464e+00 -1.983377e+00  2.400000e+01
     vertex -2.643013e+00 -1.975976e+00  2.040000e+01
     vertex -2.690883e+00 -1.910275e+00  2.400000e+01
   endloop
 endfacet
 facet normal  7.926599e-01  6.096641e-01  3.149802e-05
   outer loop
     vertex -2.637464e+00 -1.983377e+00  2.400000e+01
     vertex -2.588054e+00 -2.047432e+00  2.040000e+01
     vertex -2.643013e+00 -1.975976e+00  2.040000e+01
   endloop
 endfacet
 facet normal  7.909112e-01  6.119310e-01 -3.283836e-05
   outer loop
     vertex -2.582059e+00 -2.054987e+00  2.400000e+01
     vertex -2.588054e+00 -2.047432e+00  2.040000e+01
     vertex -2.637464e+00 -1.983377e+00  2.400000e+01
   endloop
 endfacet
 facet normal  7.757113e-01  6.310879e-01  3.267857e-05
   outer loop
     vertex -2.582059e+00 -2.054987e+00  2.400000e+01
     vertex -2.531163e+00 -2.117360e+00  2.040000e+01
     vertex -2.588054e+00 -2.047432e+00  2.040000e+01
   endloop
 endfacet
 facet normal  7.738257e-01  6.333986e-01 -3.401239e-05
   outer loop
     vertex -2.524710e+00 -2.125050e+00  2.400000e+01
     vertex -2.531163e+00 -2.117360e+00  2.040000e+01
     vertex -2.582059e+00 -2.054987e+00  2.400000e+01
   endloop
 endfacet
 facet normal  7.581838e-01  6.520409e-01  3.384607e-05
   outer loop
     vertex -2.524710e+00 -2.125050e+00  2.400000e+01
     vertex -2.472383e+00 -2.185708e+00  2.040000e+01
     vertex -2.531163e+00 -2.117360e+00  2.040000e+01
   endloop
 endfacet
 facet normal  7.400906e-01  6.725072e-01  3.500054e-05
   outer loop
     vertex -2.465461e+00 -2.193513e+00  2.400000e+01
     vertex -2.411759e+00 -2.252425e+00  2.040000e+01
     vertex -2.472383e+00 -2.185708e+00  2.040000e+01
   endloop
 endfacet
 facet normal  7.561578e-01  6.543893e-01 -3.517337e-05
   outer loop
     vertex -2.465461e+00 -2.193513e+00  2.400000e+01
     vertex -2.472383e+00 -2.185708e+00  2.040000e+01
     vertex -2.524710e+00 -2.125050e+00  2.400000e+01
   endloop
 endfacet
 facet normal  7.214450e-01  6.924717e-01  3.614195e-05
   outer loop
     vertex -2.404356e+00 -2.260325e+00  2.400000e+01
     vertex -2.349334e+00 -2.317462e+00  2.040000e+01
     vertex -2.411759e+00 -2.252425e+00  2.040000e+01
   endloop
 endfacet
 facet normal  7.379206e-01  6.748875e-01 -3.632131e-05
   outer loop
     vertex -2.404356e+00 -2.260325e+00  2.400000e+01
     vertex -2.411759e+00 -2.252425e+00  2.040000e+01
     vertex -2.465461e+00 -2.193513e+00  2.400000e+01
   endloop
 endfacet
 facet normal  7.191280e-01  6.948776e-01 -3.745621e-05
   outer loop
     vertex -2.341442e+00 -2.325436e+00  2.400000e+01
     vertex -2.349334e+00 -2.317462e+00  2.040000e+01
     vertex -2.404356e+00 -2.260325e+00  2.400000e+01
   endloop
 endfacet
 facet normal  7.022611e-01  7.119195e-01  3.727033e-05
   outer loop
     vertex -2.341442e+00 -2.325436e+00  2.400000e+01
     vertex -2.285157e+00 -2.380769e+00  2.040000e+01
     vertex -2.349334e+00 -2.317462e+00  2.040000e+01
   endloop
 endfacet
 facet normal  6.825531e-01  7.308360e-01  3.838566e-05
   outer loop
     vertex -2.276764e+00 -2.388796e+00  2.400000e+01
     vertex -2.219274e+00 -2.442299e+00  2.040000e+01
     vertex -2.285157e+00 -2.380769e+00  2.040000e+01
   endloop
 endfacet
 facet normal  6.997940e-01  7.143447e-01 -3.857806e-05
   outer loop
     vertex -2.276764e+00 -2.388796e+00  2.400000e+01
     vertex -2.285157e+00 -2.380769e+00  2.040000e+01
     vertex -2.341442e+00 -2.325436e+00  2.400000e+01
   endloop
 endfacet
 facet normal  6.623358e-01  7.492071e-01  3.948794e-05
   outer loop
     vertex -2.210373e+00 -2.450357e+00  2.400000e+01
     vertex -2.151735e+00 -2.502007e+00  2.040000e+01
     vertex -2.219274e+00 -2.442299e+00  2.040000e+01
   endloop
 endfacet
 facet normal  6.799333e-01  7.332740e-01 -3.968686e-05
   outer loop
     vertex -2.210373e+00 -2.450357e+00  2.400000e+01
     vertex -2.219274e+00 -2.442299e+00  2.040000e+01
     vertex -2.276764e+00 -2.388796e+00  2.400000e+01
   endloop
 endfacet
 facet normal  6.416243e-01  7.670191e-01  4.057718e-05
   outer loop
     vertex -2.142318e+00 -2.510075e+00  2.400000e+01
     vertex -2.082590e+00 -2.559847e+00  2.040000e+01
     vertex -2.151735e+00 -2.502007e+00  2.040000e+01
   endloop
 endfacet
 facet normal  6.595607e-01  7.516513e-01 -4.078263e-05
   outer loop
     vertex -2.142318e+00 -2.510075e+00  2.400000e+01
     vertex -2.151735e+00 -2.502007e+00  2.040000e+01
     vertex -2.210373e+00 -2.450357e+00  2.400000e+01
   endloop
 endfacet
 facet normal  6.204339e-01  7.842588e-01  4.165338e-05
   outer loop
     vertex -2.072650e+00 -2.567902e+00  2.400000e+01
     vertex -2.011891e+00 -2.615778e+00  2.040000e+01
     vertex -2.082590e+00 -2.559847e+00  2.040000e+01
   endloop
 endfacet
 facet normal  6.386916e-01  7.694628e-01 -4.186535e-05
   outer loop
     vertex -2.072650e+00 -2.567902e+00  2.400000e+01
     vertex -2.082590e+00 -2.559847e+00  2.040000e+01
     vertex -2.142318e+00 -2.510075e+00  2.400000e+01
   endloop
 endfacet
 facet normal  5.987805e-01  8.009132e-01  4.271653e-05
   outer loop
     vertex -2.001422e+00 -2.623797e+00  2.400000e+01
     vertex -1.939691e+00 -2.669756e+00  2.040000e+01
     vertex -2.011891e+00 -2.615778e+00  2.040000e+01
   endloop
 endfacet
 facet normal  6.173417e-01  7.866951e-01 -4.293502e-05
   outer loop
     vertex -2.001422e+00 -2.623797e+00  2.400000e+01
     vertex -2.011891e+00 -2.615778e+00  2.040000e+01
     vertex -2.072650e+00 -2.567902e+00  2.400000e+01
   endloop
 endfacet
 facet normal  5.766803e-01  8.169699e-01  4.376664e-05
   outer loop
     vertex -1.928687e+00 -2.677716e+00  2.400000e+01
     vertex -1.866044e+00 -2.721742e+00  2.040000e+01
     vertex -1.939691e+00 -2.669756e+00  2.040000e+01
   endloop
 endfacet
 facet normal  5.955271e-01  8.033352e-01 -4.399165e-05
   outer loop
     vertex -1.928687e+00 -2.677716e+00  2.400000e+01
     vertex -1.939691e+00 -2.669756e+00  2.040000e+01
     vertex -2.001422e+00 -2.623797e+00  2.400000e+01
   endloop
 endfacet
 facet normal  5.541498e-01  8.324170e-01  4.480370e-05
   outer loop
     vertex -1.854501e+00 -2.729620e+00  2.400000e+01
     vertex -1.791004e+00 -2.771697e+00  2.040000e+01
     vertex -1.866044e+00 -2.721742e+00  2.040000e+01
   endloop
 endfacet
 facet normal  5.732642e-01  8.193706e-01 -4.503524e-05
   outer loop
     vertex -1.854501e+00 -2.729620e+00  2.400000e+01
     vertex -1.866044e+00 -2.721742e+00  2.040000e+01
     vertex -1.928687e+00 -2.677716e+00  2.400000e+01
   endloop
 endfacet
 facet normal  5.312057e-01  8.472429e-01  4.582772e-05
   outer loop
     vertex -1.778918e+00 -2.779469e+00  2.400000e+01
     vertex -1.714627e+00 -2.819584e+00  2.040000e+01
     vertex -1.791004e+00 -2.771697e+00  2.040000e+01
   endloop
 endfacet
 facet normal  5.505698e-01  8.347891e-01 -4.606578e-05
   outer loop
     vertex -1.778918e+00 -2.779469e+00  2.400000e+01
     vertex -1.791004e+00 -2.771697e+00  2.040000e+01
     vertex -1.854501e+00 -2.729620e+00  2.400000e+01
   endloop
 endfacet
 facet normal  5.078652e-01  8.614365e-01  4.683869e-05
   outer loop
     vertex -1.701997e+00 -2.827226e+00  2.400000e+01
     vertex -1.636971e+00 -2.865367e+00  2.040000e+01
     vertex -1.714627e+00 -2.819584e+00  2.040000e+01
   endloop
 endfacet
 facet normal  5.274609e-01  8.495793e-01 -4.708327e-05
   outer loop
     vertex -1.701997e+00 -2.827226e+00  2.400000e+01
     vertex -1.714627e+00 -2.819584e+00  2.040000e+01
     vertex -1.778918e+00 -2.779469e+00  2.400000e+01
   endloop
 endfacet
 facet normal  4.841458e-01  8.749873e-01  4.783662e-05
   outer loop
     vertex -1.623794e+00 -2.872855e+00  2.400000e+01
     vertex -1.558093e+00 -2.909011e+00  2.040000e+01
     vertex -1.636971e+00 -2.865367e+00  2.040000e+01
   endloop
 endfacet
 facet normal  5.039550e-01  8.637299e-01 -4.808772e-05
   outer loop
     vertex -1.623794e+00 -2.872855e+00  2.400000e+01
     vertex -1.636971e+00 -2.865367e+00  2.040000e+01
     vertex -1.701997e+00 -2.827226e+00  2.400000e+01
   endloop
 endfacet
 facet normal  4.600650e-01  8.878852e-01  4.882151e-05
   outer loop
     vertex -1.544368e+00 -2.916321e+00  2.400000e+01
     vertex -1.478053e+00 -2.950485e+00  2.040000e+01
     vertex -1.558093e+00 -2.909011e+00  2.040000e+01
   endloop
 endfacet
 facet normal  4.800697e-01  8.772303e-01 -4.907913e-05
   outer loop
     vertex -1.544368e+00 -2.916321e+00  2.400000e+01
     vertex -1.558093e+00 -2.909011e+00  2.040000e+01
     vertex -1.623794e+00 -2.872855e+00  2.400000e+01
   endloop
 endfacet
 facet normal  4.356410e-01  9.001205e-01  4.979335e-05
   outer loop
     vertex -1.463781e+00 -2.957591e+00  2.400000e+01
     vertex -1.396909e+00 -2.989757e+00  2.040000e+01
     vertex -1.478053e+00 -2.950485e+00  2.040000e+01
   endloop
 endfacet
 facet normal  4.558231e-01  8.900704e-01 -5.005749e-05
   outer loop
     vertex -1.463781e+00 -2.957591e+00  2.400000e+01
     vertex -1.478053e+00 -2.950485e+00  2.040000e+01
     vertex -1.544368e+00 -2.916321e+00  2.400000e+01
   endloop
 endfacet
 facet normal  4.108918e-01  9.116841e-01  5.075215e-05
   outer loop
     vertex -1.382091e+00 -2.996636e+00  2.400000e+01
     vertex -1.314724e+00 -3.026797e+00  2.040000e+01
     vertex -1.396909e+00 -2.989757e+00  2.040000e+01
   endloop
 endfacet
 facet normal  4.312333e-01  9.022405e-01 -5.102281e-05
   outer loop
     vertex -1.382091e+00 -2.996636e+00  2.400000e+01
     vertex -1.396909e+00 -2.989757e+00  2.040000e+01
     vertex -1.463781e+00 -2.957591e+00  2.400000e+01
   endloop
 endfacet
 facet normal  3.858360e-01  9.225674e-01  5.169790e-05
   outer loop
     vertex -1.299361e+00 -3.033424e+00  2.400000e+01
     vertex -1.231557e+00 -3.061579e+00  2.040000e+01
     vertex -1.314724e+00 -3.026797e+00  2.040000e+01
   endloop
 endfacet
 facet normal  4.063188e-01  9.137314e-01 -5.197509e-05
   outer loop
     vertex -1.299361e+00 -3.033424e+00  2.400000e+01
     vertex -1.314724e+00 -3.026797e+00  2.040000e+01
     vertex -1.382091e+00 -2.996636e+00  2.400000e+01
   endloop
 endfacet
 facet normal  3.604923e-01  9.327622e-01  5.263061e-05
   outer loop
     vertex -1.215653e+00 -3.067929e+00  2.400000e+01
     vertex -1.147471e+00 -3.094077e+00  2.040000e+01
     vertex -1.231557e+00 -3.061579e+00  2.040000e+01
   endloop
 endfacet
 facet normal  3.810986e-01  9.245344e-01 -5.291432e-05
   outer loop
     vertex -1.215653e+00 -3.067929e+00  2.400000e+01
     vertex -1.231557e+00 -3.061579e+00  2.040000e+01
     vertex -1.299361e+00 -3.033424e+00  2.400000e+01
   endloop
 endfacet
 facet normal  3.348796e-01  9.422609e-01  5.355027e-05
   outer loop
     vertex -1.131030e+00 -3.100125e+00  2.400000e+01
     vertex -1.062529e+00 -3.124265e+00  2.040000e+01
     vertex -1.147471e+00 -3.094077e+00  2.040000e+01
   endloop
 endfacet
 facet normal  3.555914e-01  9.346415e-01 -5.384050e-05
   outer loop
     vertex -1.131030e+00 -3.100125e+00  2.400000e+01
     vertex -1.147471e+00 -3.094077e+00  2.040000e+01
     vertex -1.215653e+00 -3.067929e+00  2.400000e+01
   endloop
 endfacet
 facet normal  3.298166e-01  9.440450e-01 -5.475364e-05
   outer loop
     vertex -1.045555e+00 -3.129986e+00  2.400000e+01
     vertex -1.062529e+00 -3.124265e+00  2.040000e+01
     vertex -1.131030e+00 -3.100125e+00  2.400000e+01
   endloop
 endfacet
 facet normal  3.090170e-01  9.510565e-01  5.445689e-05
   outer loop
     vertex -1.045555e+00 -3.129986e+00  2.400000e+01
     vertex -9.767934e-01 -3.152122e+00  2.040000e+01
     vertex -1.062529e+00 -3.124265e+00  2.040000e+01
   endloop
 endfacet
 facet normal  3.037934e-01  9.527379e-01 -5.565374e-05
   outer loop
     vertex -9.592932e-01 -3.157492e+00  2.400000e+01
     vertex -9.767934e-01 -3.152122e+00  2.040000e+01
     vertex -1.045555e+00 -3.129986e+00  2.400000e+01
   endloop
 endfacet
 facet normal  2.829238e-01  9.591424e-01  5.535046e-05
   outer loop
     vertex -9.592932e-01 -3.157492e+00  2.400000e+01
     vertex -8.903293e-01 -3.177627e+00  2.040000e+01
     vertex -9.767934e-01 -3.152122e+00  2.040000e+01
   endloop
 endfacet
 facet normal  2.775416e-01  9.607136e-01 -5.654079e-05
   outer loop
     vertex -8.723093e-01 -3.182621e+00  2.400000e+01
     vertex -8.903293e-01 -3.177627e+00  2.040000e+01
     vertex -9.592932e-01 -3.157492e+00  2.400000e+01
   endloop
 endfacet
 facet normal  2.566194e-01  9.665125e-01  5.623099e-05
   outer loop
     vertex -8.723093e-01 -3.182621e+00  2.400000e+01
     vertex -8.032009e-01 -3.200761e+00  2.040000e+01
     vertex -8.903293e-01 -3.177627e+00  2.040000e+01
   endloop
 endfacet
 facet normal  2.510809e-01  9.679661e-01 -5.741480e-05
   outer loop
     vertex -7.846688e-01 -3.205354e+00  2.400000e+01
     vertex -8.032009e-01 -3.200761e+00  2.040000e+01
     vertex -8.723093e-01 -3.182621e+00  2.400000e+01
   endloop
 endfacet
 facet normal  2.301236e-01  9.731614e-01  5.709847e-05
   outer loop
     vertex -7.846688e-01 -3.205354e+00  2.400000e+01
     vertex -7.154731e-01 -3.221506e+00  2.040000e+01
     vertex -8.032009e-01 -3.200761e+00  2.040000e+01
   endloop
 endfacet
 facet normal  2.244312e-01  9.744899e-01 -5.827576e-05
   outer loop
     vertex -6.964376e-01 -3.225674e+00  2.400000e+01
     vertex -7.154731e-01 -3.221506e+00  2.040000e+01
     vertex -7.846688e-01 -3.205354e+00  2.400000e+01
   endloop
 endfacet
 facet normal  2.034560e-01  9.790841e-01  5.795291e-05
   outer loop
     vertex -6.964376e-01 -3.225674e+00  2.400000e+01
     vertex -6.272113e-01 -3.239847e+00  2.040000e+01
     vertex -7.154731e-01 -3.221506e+00  2.040000e+01
   endloop
 endfacet
 facet normal  1.976125e-01  9.802802e-01 -5.912367e-05
   outer loop
     vertex -6.076822e-01 -3.243566e+00  2.400000e+01
     vertex -6.272113e-01 -3.239847e+00  2.040000e+01
     vertex -6.964376e-01 -3.225674e+00  2.400000e+01
   endloop
 endfacet
 facet normal  1.766366e-01  9.842761e-01  5.879431e-05
   outer loop
     vertex -6.076822e-01 -3.243566e+00  2.400000e+01
     vertex -5.384816e-01 -3.255770e+00  2.040000e+01
     vertex -6.272113e-01 -3.239847e+00  2.040000e+01
   endloop
 endfacet
 facet normal  1.706451e-01  9.853326e-01 -5.995855e-05
   outer loop
     vertex -5.184693e-01 -3.259017e+00  2.400000e+01
     vertex -5.384816e-01 -3.255770e+00  2.040000e+01
     vertex -6.076822e-01 -3.243566e+00  2.400000e+01
   endloop
 endfacet
 facet normal  1.496854e-01  9.887337e-01  5.962266e-05
   outer loop
     vertex -5.184693e-01 -3.259017e+00  2.400000e+01
     vertex -4.493499e-01 -3.269264e+00  2.040000e+01
     vertex -5.384816e-01 -3.255770e+00  2.040000e+01
   endloop
 endfacet
 facet normal  1.435492e-01  9.896432e-01 -6.078038e-05
   outer loop
     vertex -4.288662e-01 -3.272014e+00  2.400000e+01
     vertex -4.493499e-01 -3.269264e+00  2.040000e+01
     vertex -5.184693e-01 -3.259017e+00  2.400000e+01
   endloop
 endfacet
 facet normal  1.226225e-01  9.924534e-01  6.043796e-05
   outer loop
     vertex -4.288662e-01 -3.272014e+00  2.400000e+01
     vertex -3.598830e-01 -3.280318e+00  2.040000e+01
     vertex -4.493499e-01 -3.269264e+00  2.040000e+01
   endloop
 endfacet
 facet normal  1.163452e-01  9.932088e-01 -6.158916e-05
   outer loop
     vertex -3.389402e-01 -3.282548e+00  2.400000e+01
     vertex -3.598830e-01 -3.280318e+00  2.040000e+01
     vertex -4.288662e-01 -3.272014e+00  2.400000e+01
   endloop
 endfacet
 facet normal  9.546807e-02  9.954325e-01  6.124022e-05
   outer loop
     vertex -3.389402e-01 -3.282548e+00  2.400000e+01
     vertex -2.701475e-01 -3.288924e+00  2.040000e+01
     vertex -3.598830e-01 -3.280318e+00  2.040000e+01
   endloop
 endfacet
 facet normal  8.905371e-02  9.960268e-01 -6.238490e-05
   outer loop
     vertex -2.487590e-01 -3.290611e+00  2.400000e+01
     vertex -2.701475e-01 -3.288924e+00  2.040000e+01
     vertex -3.389402e-01 -3.282548e+00  2.400000e+01
   endloop
 endfacet
 facet normal  6.824241e-02  9.976688e-01  6.202944e-05
   outer loop
     vertex -2.487590e-01 -3.290611e+00  2.400000e+01
     vertex -1.802104e-01 -3.295076e+00  2.040000e+01
     vertex -2.701475e-01 -3.288924e+00  2.040000e+01
   endloop
 endfacet
 facet normal  6.169515e-02  9.980950e-01 -6.316759e-05
   outer loop
     vertex -1.583906e-01 -3.296197e+00  2.400000e+01
     vertex -1.802104e-01 -3.295076e+00  2.040000e+01
     vertex -2.487590e-01 -3.290611e+00  2.400000e+01
   endloop
 endfacet
 facet normal  4.096583e-02  9.991605e-01  6.280561e-05
   outer loop
     vertex -1.583906e-01 -3.296197e+00  2.400000e+01
     vertex -9.013884e-02 -3.298769e+00  2.040000e+01
     vertex -1.802104e-01 -3.295076e+00  2.040000e+01
   endloop
 endfacet
 facet normal -1.354093e-02  9.999083e-01  4.522738e-15
   outer loop
     vertex  8.936197e-02 -3.298790e+00  2.030000e+01
     vertex -6.062002e-16 -3.300000e+00  2.030000e+01
     vertex  0.000000e+00 -3.300000e+00  2.040000e+01
   endloop
 endfacet
 facet normal  3.429014e-02  9.994119e-01 -6.393724e-05
   outer loop
     vertex -6.790300e-02 -3.299301e+00  2.400000e+01
     vertex -9.013884e-02 -3.298769e+00  2.040000e+01
     vertex -1.583906e-01 -3.296197e+00  2.400000e+01
   endloop
 endfacet
 facet normal  1.365867e-02  9.999067e-01  6.356874e-05
   outer loop
     vertex -6.790300e-02 -3.299301e+00  2.400000e+01
     vertex  0.000000e+00 -3.300000e+00  2.040000e+01
     vertex -9.013884e-02 -3.298769e+00  2.040000e+01
   endloop
 endfacet
 facet normal  6.859319e-03  9.999765e-01 -6.469385e-05
   outer loop
     vertex  2.263575e-02 -3.299922e+00  2.400000e+01
     vertex  0.000000e+00 -3.300000e+00  2.040000e+01
     vertex -6.790300e-02 -3.299301e+00  2.400000e+01
   endloop
 endfacet
 facet normal -1.347030e-02  9.999093e-01  6.313431e-05
   outer loop
     vertex  2.263575e-02 -3.299922e+00  2.400000e+01
     vertex  8.936197e-02 -3.298790e+00  2.030000e+01
     vertex  0.000000e+00 -3.300000e+00  2.040000e+01
   endloop
 endfacet
 facet normal -4.061287e-02  9.991750e-01  6.391842e-05
   outer loop
     vertex  1.131575e-01 -3.298059e+00  2.400000e+01
     vertex  1.786584e-01 -3.295160e+00  2.030000e+01
     vertex  8.936197e-02 -3.298790e+00  2.030000e+01
   endloop
 endfacet
 facet normal -2.057667e-02  9.997883e-01 -6.505979e-05
   outer loop
     vertex  1.131575e-01 -3.298059e+00  2.400000e+01
     vertex  8.936197e-02 -3.298790e+00  2.030000e+01
     vertex  2.263575e-02 -3.299922e+00  2.400000e+01
   endloop
 endfacet
 facet normal -6.765502e-02  9.977088e-01  6.586444e-05
   outer loop
     vertex  2.035940e-01 -3.293714e+00  2.400000e+01
     vertex  2.678238e-01 -3.289114e+00  2.030000e+01
     vertex  1.786584e-01 -3.295160e+00  2.030000e+01
   endloop
 endfacet
 facet normal -4.799716e-02  9.988475e-01 -6.706194e-05
   outer loop
     vertex  2.035940e-01 -3.293714e+00  2.400000e+01
     vertex  1.786584e-01 -3.295160e+00  2.030000e+01
     vertex  1.131575e-01 -3.298059e+00  2.400000e+01
   endloop
 endfacet
 facet normal -9.464755e-02  9.955108e-01  6.769819e-05
   outer loop
     vertex  2.938773e-01 -3.286889e+00  2.400000e+01
     vertex  3.567928e-01 -3.280655e+00  2.030000e+01
     vertex  2.678238e-01 -3.289114e+00  2.030000e+01
   endloop
 endfacet
 facet normal -7.538152e-02  9.971548e-01 -6.895182e-05
   outer loop
     vertex  2.938773e-01 -3.286889e+00  2.400000e+01
     vertex  2.678238e-01 -3.289114e+00  2.030000e+01
     vertex  2.035940e-01 -3.293714e+00  2.400000e+01
   endloop
 endfacet
 facet normal -1.215707e-01  9.925828e-01  6.941967e-05
   outer loop
     vertex  3.839393e-01 -3.277589e+00  2.400000e+01
     vertex  4.455000e-01 -3.269790e+00  2.030000e+01
     vertex  3.567928e-01 -3.280655e+00  2.030000e+01
   endloop
 endfacet
 facet normal -1.027091e-01  9.947114e-01 -7.072944e-05
   outer loop
     vertex  3.839393e-01 -3.277589e+00  2.400000e+01
     vertex  3.567928e-01 -3.280655e+00  2.030000e+01
     vertex  2.938773e-01 -3.286889e+00  2.400000e+01
   endloop
 endfacet
 facet normal -1.484046e-01  9.889267e-01  7.102888e-05
   outer loop
     vertex  4.737123e-01 -3.265823e+00  2.400000e+01
     vertex  5.338806e-01 -3.256528e+00  2.030000e+01
     vertex  4.455000e-01 -3.269790e+00  2.030000e+01
   endloop
 endfacet
 facet normal -1.299594e-01  9.915193e-01 -7.239478e-05
   outer loop
     vertex  4.737123e-01 -3.265823e+00  2.400000e+01
     vertex  4.455000e-01 -3.269790e+00  2.030000e+01
     vertex  3.839393e-01 -3.277589e+00  2.400000e+01
   endloop
 endfacet
 facet normal -1.751297e-01  9.845454e-01  7.252582e-05
   outer loop
     vertex  5.631288e-01 -3.251597e+00  2.400000e+01
     vertex  6.218696e-01 -3.240876e+00  2.030000e+01
     vertex  5.338806e-01 -3.256528e+00  2.030000e+01
   endloop
 endfacet
 facet normal -1.571119e-01  9.875808e-01 -7.394786e-05
   outer loop
     vertex  5.631288e-01 -3.251597e+00  2.400000e+01
     vertex  5.338806e-01 -3.256528e+00  2.030000e+01
     vertex  4.737123e-01 -3.265823e+00  2.400000e+01
   endloop
 endfacet
 facet normal -2.017264e-01  9.794419e-01  7.391049e-05
   outer loop
     vertex  6.521213e-01 -3.234925e+00  2.400000e+01
     vertex  7.094025e-01 -3.222848e+00  2.030000e+01
     vertex  6.218696e-01 -3.240876e+00  2.030000e+01
   endloop
 endfacet
 facet normal -1.841461e-01  9.828989e-01 -7.538866e-05
   outer loop
     vertex  6.521213e-01 -3.234925e+00  2.400000e+01
     vertex  6.218696e-01 -3.240876e+00  2.030000e+01
     vertex  5.631288e-01 -3.251597e+00  2.400000e+01
   endloop
 endfacet
 facet normal -2.281751e-01  9.736201e-01  7.518289e-05
   outer loop
     vertex  7.406229e-01 -3.215817e+00  2.400000e+01
     vertex  7.964150e-01 -3.202456e+00  2.030000e+01
     vertex  7.094025e-01 -3.222848e+00  2.030000e+01
   endloop
 endfacet
 facet normal -2.110417e-01  9.774771e-01 -7.671720e-05
   outer loop
     vertex  7.406229e-01 -3.215817e+00  2.400000e+01
     vertex  7.094025e-01 -3.222848e+00  2.030000e+01
     vertex  6.521213e-01 -3.234925e+00  2.400000e+01
   endloop
 endfacet
 facet normal -2.544564e-01  9.670842e-01  7.634302e-05
   outer loop
     vertex  8.285670e-01 -3.194288e+00  2.400000e+01
     vertex  8.828435e-01 -3.179715e+00  2.030000e+01
     vertex  7.964150e-01 -3.202456e+00  2.030000e+01
   endloop
 endfacet
 facet normal -2.377784e-01  9.713194e-01 -7.793346e-05
   outer loop
     vertex  8.285670e-01 -3.194288e+00  2.400000e+01
     vertex  7.964150e-01 -3.202456e+00  2.030000e+01
     vertex  7.406229e-01 -3.215817e+00  2.400000e+01
   endloop
 endfacet
 facet normal -2.805512e-01  9.598391e-01  7.739089e-05
   outer loop
     vertex  9.158874e-01 -3.170355e+00  2.400000e+01
     vertex  9.686245e-01 -3.154642e+00  2.030000e+01
     vertex  8.828435e-01 -3.179715e+00  2.030000e+01
   endloop
 endfacet
 facet normal -2.643362e-01  9.644306e-01 -7.903746e-05
   outer loop
     vertex  9.158874e-01 -3.170355e+00  2.400000e+01
     vertex  8.828435e-01 -3.179715e+00  2.030000e+01
     vertex  8.285670e-01 -3.194288e+00  2.400000e+01
   endloop
 endfacet
 facet normal -3.064401e-01  9.518899e-01  7.832648e-05
   outer loop
     vertex  1.002518e+00 -3.144035e+00  2.400000e+01
     vertex  1.053695e+00 -3.127255e+00  2.030000e+01
     vertex  9.686245e-01 -3.154642e+00  2.030000e+01
   endloop
 endfacet
 facet normal -2.906949e-01  9.568158e-01 -8.002919e-05
   outer loop
     vertex  1.002518e+00 -3.144035e+00  2.400000e+01
     vertex  9.686245e-01 -3.154642e+00  2.030000e+01
     vertex  9.158874e-01 -3.170355e+00  2.400000e+01
   endloop
 endfacet
 facet normal -3.321044e-01  9.432426e-01  7.914979e-05
   outer loop
     vertex  1.088395e+00 -3.115349e+00  2.400000e+01
     vertex  1.137993e+00 -3.097575e+00  2.030000e+01
     vertex  1.053695e+00 -3.127255e+00  2.030000e+01
   endloop
 endfacet
 facet normal -3.168348e-01  9.484807e-01 -8.090864e-05
   outer loop
     vertex  1.088395e+00 -3.115349e+00  2.400000e+01
     vertex  1.053695e+00 -3.127255e+00  2.030000e+01
     vertex  1.002518e+00 -3.144035e+00  2.400000e+01
   endloop
 endfacet
 facet normal -3.427362e-01  9.394317e-01 -8.167582e-05
   outer loop
     vertex  1.173452e+00 -3.084317e+00  2.400000e+01
     vertex  1.137993e+00 -3.097575e+00  2.030000e+01
     vertex  1.088395e+00 -3.115349e+00  2.400000e+01
   endloop
 endfacet
 facet normal -3.575250e-01  9.339036e-01  7.986084e-05
   outer loop
     vertex  1.173452e+00 -3.084317e+00  2.400000e+01
     vertex  1.221456e+00 -3.065623e+00  2.030000e+01
     vertex  1.137993e+00 -3.097575e+00  2.030000e+01
   endloop
 endfacet
 facet normal -3.683796e-01  9.296754e-01 -8.233074e-05
   outer loop
     vertex  1.257625e+00 -3.050964e+00  2.400000e+01
     vertex  1.221456e+00 -3.065623e+00  2.030000e+01
     vertex  1.173452e+00 -3.084317e+00  2.400000e+01
   endloop
 endfacet
 facet normal -3.826834e-01  9.238795e-01  8.045962e-05
   outer loop
     vertex  1.257625e+00 -3.050964e+00  2.400000e+01
     vertex  1.304023e+00 -3.031423e+00  2.030000e+01
     vertex  1.221456e+00 -3.065623e+00  2.030000e+01
   endloop
 endfacet
 facet normal -3.937458e-01  9.192194e-01 -8.287338e-05
   outer loop
     vertex  1.340852e+00 -3.015313e+00  2.400000e+01
     vertex  1.304023e+00 -3.031423e+00  2.030000e+01
     vertex  1.257625e+00 -3.050964e+00  2.400000e+01
   endloop
 endfacet
 facet normal -4.075612e-01  9.131779e-01  8.094613e-05
   outer loop
     vertex  1.340852e+00 -3.015313e+00  2.400000e+01
     vertex  1.385634e+00 -2.994999e+00  2.030000e+01
     vertex  1.304023e+00 -3.031423e+00  2.030000e+01
   endloop
 endfacet
 facet normal -4.321400e-01  9.018065e-01  8.132037e-05
   outer loop
     vertex  1.423070e+00 -2.977394e+00  2.400000e+01
     vertex  1.466229e+00 -2.956378e+00  2.030000e+01
     vertex  1.385634e+00 -2.994999e+00  2.030000e+01
   endloop
 endfacet
 facet normal -4.188155e-01  9.080714e-01 -8.330375e-05
   outer loop
     vertex  1.423070e+00 -2.977394e+00  2.400000e+01
     vertex  1.385634e+00 -2.994999e+00  2.030000e+01
     vertex  1.340852e+00 -3.015313e+00  2.400000e+01
   endloop
 endfacet
 facet normal -4.435699e-01  8.962398e-01 -8.362185e-05
   outer loop
     vertex  1.504216e+00 -2.937232e+00  2.400000e+01
     vertex  1.466229e+00 -2.956378e+00  2.030000e+01
     vertex  1.423070e+00 -2.977394e+00  2.400000e+01
   endloop
 endfacet
 facet normal -4.564019e-01  8.897737e-01  8.158233e-05
   outer loop
     vertex  1.504216e+00 -2.937232e+00  2.400000e+01
     vertex  1.545748e+00 -2.915590e+00  2.030000e+01
     vertex  1.466229e+00 -2.956378e+00  2.030000e+01
   endloop
 endfacet
 facet normal -4.803291e-01  8.770884e-01  8.173203e-05
   outer loop
     vertex  1.584230e+00 -2.894860e+00  2.400000e+01
     vertex  1.624133e+00 -2.872663e+00  2.030000e+01
     vertex  1.545748e+00 -2.915590e+00  2.030000e+01
   endloop
 endfacet
 facet normal -4.679904e-01  8.837335e-01 -8.382768e-05
   outer loop
     vertex  1.584230e+00 -2.894860e+00  2.400000e+01
     vertex  1.545748e+00 -2.915590e+00  2.030000e+01
     vertex  1.504216e+00 -2.937232e+00  2.400000e+01
   endloop
 endfacet
 facet normal -5.039039e-01  8.637597e-01  8.176945e-05
   outer loop
     vertex  1.663052e+00 -2.850309e+00  2.400000e+01
     vertex  1.701328e+00 -2.827629e+00  2.030000e+01
     vertex  1.624133e+00 -2.872663e+00  2.030000e+01
   endloop
 endfacet
 facet normal -4.920587e-01  8.705620e-01 -8.392124e-05
   outer loop
     vertex  1.663052e+00 -2.850309e+00  2.400000e+01
     vertex  1.624133e+00 -2.872663e+00  2.030000e+01
     vertex  1.584230e+00 -2.894860e+00  2.400000e+01
   endloop
 endfacet
 facet normal -5.271092e-01  8.497975e-01  8.169460e-05
   outer loop
     vertex  1.740621e+00 -2.803612e+00  2.400000e+01
     vertex  1.777274e+00 -2.780521e+00  2.030000e+01
     vertex  1.701328e+00 -2.827629e+00  2.030000e+01
   endloop
 endfacet
 facet normal -5.157565e-01  8.567352e-01 -8.390253e-05
   outer loop
     vertex  1.740621e+00 -2.803612e+00  2.400000e+01
     vertex  1.701328e+00 -2.827629e+00  2.030000e+01
     vertex  1.663052e+00 -2.850309e+00  2.400000e+01
   endloop
 endfacet
 facet normal -5.499279e-01  8.352121e-01  8.150748e-05
   outer loop
     vertex  1.816880e+00 -2.754804e+00  2.400000e+01
     vertex  1.851917e+00 -2.731374e+00  2.030000e+01
     vertex  1.777274e+00 -2.780521e+00  2.030000e+01
   endloop
 endfacet
 facet normal -5.390661e-01  8.422635e-01 -8.377155e-05
   outer loop
     vertex  1.816880e+00 -2.754804e+00  2.400000e+01
     vertex  1.777274e+00 -2.780521e+00  2.030000e+01
     vertex  1.740621e+00 -2.803612e+00  2.400000e+01
   endloop
 endfacet
 facet normal -5.723433e-01  8.200141e-01  8.120810e-05
   outer loop
     vertex  1.891772e+00 -2.703923e+00  2.400000e+01
     vertex  1.925202e+00 -2.680223e+00  2.030000e+01
     vertex  1.851917e+00 -2.731374e+00  2.030000e+01
   endloop
 endfacet
 facet normal -5.619699e-01  8.271577e-01 -8.352830e-05
   outer loop
     vertex  1.891772e+00 -2.703923e+00  2.400000e+01
     vertex  1.851917e+00 -2.731374e+00  2.030000e+01
     vertex  1.816880e+00 -2.754804e+00  2.400000e+01
   endloop
 endfacet
 facet normal -5.943389e-01  8.042147e-01  8.079643e-05
   outer loop
     vertex  1.965239e+00 -2.651006e+00  2.400000e+01
     vertex  1.997075e+00 -2.627107e+00  2.030000e+01
     vertex  1.925202e+00 -2.680223e+00  2.030000e+01
   endloop
 endfacet
 facet normal -5.844507e-01  8.114292e-01 -8.317277e-05
   outer loop
     vertex  1.965239e+00 -2.651006e+00  2.400000e+01
     vertex  1.925202e+00 -2.680223e+00  2.030000e+01
     vertex  1.891772e+00 -2.703923e+00  2.400000e+01
   endloop
 endfacet
 facet normal -6.158986e-01  7.878255e-01  8.027250e-05
   outer loop
     vertex  2.037228e+00 -2.596094e+00  2.400000e+01
     vertex  2.067483e+00 -2.572064e+00  2.030000e+01
     vertex  1.997075e+00 -2.627107e+00  2.030000e+01
   endloop
 endfacet
 facet normal -6.064915e-01  7.950900e-01 -8.270497e-05
   outer loop
     vertex  2.037228e+00 -2.596094e+00  2.400000e+01
     vertex  1.997075e+00 -2.627107e+00  2.030000e+01
     vertex  1.965239e+00 -2.651006e+00  2.400000e+01
   endloop
 endfacet
 facet normal -6.370065e-01  7.708584e-01  7.963630e-05
   outer loop
     vertex  2.107682e+00 -2.539227e+00  2.400000e+01
     vertex  2.136375e+00 -2.515135e+00  2.030000e+01
     vertex  2.067483e+00 -2.572064e+00  2.030000e+01
   endloop
 endfacet
 facet normal -6.280757e-01  7.781522e-01 -8.212491e-05
   outer loop
     vertex  2.107682e+00 -2.539227e+00  2.400000e+01
     vertex  2.067483e+00 -2.572064e+00  2.030000e+01
     vertex  2.037228e+00 -2.596094e+00  2.400000e+01
   endloop
 endfacet
 facet normal -6.576473e-01  7.533260e-01  7.888783e-05
   outer loop
     vertex  2.176550e+00 -2.480449e+00  2.400000e+01
     vertex  2.203700e+00 -2.456361e+00  2.030000e+01
     vertex  2.136375e+00 -2.515135e+00  2.030000e+01
   endloop
 endfacet
 facet normal -6.491872e-01  7.606287e-01 -8.143257e-05
   outer loop
     vertex  2.176550e+00 -2.480449e+00  2.400000e+01
     vertex  2.136375e+00 -2.515135e+00  2.030000e+01
     vertex  2.107682e+00 -2.539227e+00  2.400000e+01
   endloop
 endfacet
 facet normal -6.778057e-01  7.352410e-01  7.802709e-05
   outer loop
     vertex  2.243780e+00 -2.419804e+00  2.400000e+01
     vertex  2.269408e+00 -2.395785e+00  2.030000e+01
     vertex  2.203700e+00 -2.456361e+00  2.030000e+01
   endloop
 endfacet
 facet normal -6.698100e-01  7.425325e-01 -8.062796e-05
   outer loop
     vertex  2.243780e+00 -2.419804e+00  2.400000e+01
     vertex  2.203700e+00 -2.456361e+00  2.030000e+01
     vertex  2.176550e+00 -2.480449e+00  2.400000e+01
   endloop
 endfacet
 facet normal -6.974671e-01  7.166168e-01  7.705407e-05
   outer loop
     vertex  2.309320e+00 -2.357337e+00  2.400000e+01
     vertex  2.333452e+00 -2.333452e+00  2.030000e+01
     vertex  2.269408e+00 -2.395785e+00  2.030000e+01
   endloop
 endfacet
 facet normal -6.899286e-01  7.238775e-01 -7.971109e-05
   outer loop
     vertex  2.309320e+00 -2.357337e+00  2.400000e+01
     vertex  2.269408e+00 -2.395785e+00  2.030000e+01
     vertex  2.243780e+00 -2.419804e+00  2.400000e+01
   endloop
 endfacet
 facet normal -7.166168e-01  6.974671e-01  7.596879e-05
   outer loop
     vertex  2.373122e+00 -2.293096e+00  2.400000e+01
     vertex  2.395785e+00 -2.269408e+00  2.030000e+01
     vertex  2.333452e+00 -2.333452e+00  2.030000e+01
   endloop
 endfacet
 facet normal -7.095278e-01  7.046775e-01 -7.868194e-05
   outer loop
     vertex  2.373122e+00 -2.293096e+00  2.400000e+01
     vertex  2.333452e+00 -2.333452e+00  2.030000e+01
     vertex  2.309320e+00 -2.357337e+00  2.400000e+01
   endloop
 endfacet
 facet normal -7.352410e-01  6.778057e-01  7.477123e-05
   outer loop
     vertex  2.435138e+00 -2.227129e+00  2.400000e+01
     vertex  2.456361e+00 -2.203700e+00  2.030000e+01
     vertex  2.395785e+00 -2.269408e+00  2.030000e+01
   endloop
 endfacet
 facet normal -7.285929e-01  6.849470e-01 -7.754052e-05
   outer loop
     vertex  2.435138e+00 -2.227129e+00  2.400000e+01
     vertex  2.395785e+00 -2.269408e+00  2.030000e+01
     vertex  2.373122e+00 -2.293096e+00  2.400000e+01
   endloop
 endfacet
 facet normal -7.533260e-01  6.576473e-01  7.346141e-05
   outer loop
     vertex  2.495321e+00 -2.159485e+00  2.400000e+01
     vertex  2.515135e+00 -2.136375e+00  2.030000e+01
     vertex  2.456361e+00 -2.203700e+00  2.030000e+01
   endloop
 endfacet
 facet normal -7.471095e-01  6.647010e-01 -7.628683e-05
   outer loop
     vertex  2.495321e+00 -2.159485e+00  2.400000e+01
     vertex  2.456361e+00 -2.203700e+00  2.030000e+01
     vertex  2.435138e+00 -2.227129e+00  2.400000e+01
   endloop
 endfacet
 facet normal -7.708584e-01  6.370065e-01  7.203932e-05
   outer loop
     vertex  2.553625e+00 -2.090215e+00  2.400000e+01
     vertex  2.572064e+00 -2.067483e+00  2.030000e+01
     vertex  2.515135e+00 -2.136375e+00  2.030000e+01
   endloop
 endfacet
 facet normal -7.650637e-01  6.439545e-01 -7.492087e-05
   outer loop
     vertex  2.553625e+00 -2.090215e+00  2.400000e+01
     vertex  2.515135e+00 -2.136375e+00  2.030000e+01
     vertex  2.495321e+00 -2.159485e+00  2.400000e+01
   endloop
 endfacet
 facet normal -7.878255e-01  6.158986e-01  7.050495e-05
   outer loop
     vertex  2.610007e+00 -2.019372e+00  2.400000e+01
     vertex  2.627107e+00 -1.997075e+00  2.030000e+01
     vertex  2.572064e+00 -2.067483e+00  2.030000e+01
   endloop
 endfacet
 facet normal -7.824421e-01  6.227234e-01 -7.344264e-05
   outer loop
     vertex  2.610007e+00 -2.019372e+00  2.400000e+01
     vertex  2.572064e+00 -2.067483e+00  2.030000e+01
     vertex  2.553625e+00 -2.090215e+00  2.400000e+01
   endloop
 endfacet
 facet normal -8.042147e-01  5.943389e-01  6.885832e-05
   outer loop
     vertex  2.664424e+00 -1.947009e+00  2.400000e+01
     vertex  2.680223e+00 -1.925202e+00  2.030000e+01
     vertex  2.627107e+00 -1.997075e+00  2.030000e+01
   endloop
 endfacet
 facet normal -7.992314e-01  6.010234e-01 -7.185214e-05
   outer loop
     vertex  2.664424e+00 -1.947009e+00  2.400000e+01
     vertex  2.627107e+00 -1.997075e+00  2.030000e+01
     vertex  2.610007e+00 -2.019372e+00  2.400000e+01
   endloop
 endfacet
 facet normal -8.200141e-01  5.723433e-01  6.709942e-05
   outer loop
     vertex  2.716836e+00 -1.873180e+00  2.400000e+01
     vertex  2.731374e+00 -1.851917e+00  2.030000e+01
     vertex  2.680223e+00 -1.925202e+00  2.030000e+01
   endloop
 endfacet
 facet normal -8.154191e-01  5.788711e-01 -7.014937e-05
   outer loop
     vertex  2.716836e+00 -1.873180e+00  2.400000e+01
     vertex  2.680223e+00 -1.925202e+00  2.030000e+01
     vertex  2.664424e+00 -1.947009e+00  2.400000e+01
   endloop
 endfacet
 facet normal -8.352121e-01  5.499279e-01  6.522824e-05
   outer loop
     vertex  2.767202e+00 -1.797942e+00  2.400000e+01
     vertex  2.780521e+00 -1.777274e+00  2.030000e+01
     vertex  2.731374e+00 -1.851917e+00  2.030000e+01
   endloop
 endfacet
 facet normal -8.309929e-01  5.562829e-01 -6.833433e-05
   outer loop
     vertex  2.767202e+00 -1.797942e+00  2.400000e+01
     vertex  2.731374e+00 -1.851917e+00  2.030000e+01
     vertex  2.716836e+00 -1.873180e+00  2.400000e+01
   endloop
 endfacet
 facet normal -8.497975e-01  5.271092e-01  6.324480e-05
   outer loop
     vertex  2.815485e+00 -1.721349e+00  2.400000e+01
     vertex  2.827629e+00 -1.701328e+00  2.030000e+01
     vertex  2.780521e+00 -1.777274e+00  2.030000e+01
   endloop
 endfacet
 facet normal -8.459413e-01  5.332761e-01 -6.640703e-05
   outer loop
     vertex  2.815485e+00 -1.721349e+00  2.400000e+01
     vertex  2.780521e+00 -1.777274e+00  2.030000e+01
     vertex  2.767202e+00 -1.797942e+00  2.400000e+01
   endloop
 endfacet
 facet normal -8.602528e-01  5.098678e-01 -6.436745e-05
   outer loop
     vertex  2.861649e+00 -1.643461e+00  2.400000e+01
     vertex  2.827629e+00 -1.701328e+00  2.030000e+01
     vertex  2.815485e+00 -1.721349e+00  2.400000e+01
   endloop
 endfacet
 facet normal -8.637597e-01  5.039039e-01  6.114909e-05
   outer loop
     vertex  2.861649e+00 -1.643461e+00  2.400000e+01
     vertex  2.872663e+00 -1.624133e+00  2.030000e+01
     vertex  2.827629e+00 -1.701328e+00  2.030000e+01
   endloop
 endfacet
 facet normal -8.739167e-01  4.860756e-01 -6.221561e-05
   outer loop
     vertex  2.905659e+00 -1.564336e+00  2.400000e+01
     vertex  2.872663e+00 -1.624133e+00  2.030000e+01
     vertex  2.861649e+00 -1.643461e+00  2.400000e+01
   endloop
 endfacet
 facet normal -8.770884e-01  4.803291e-01  5.894111e-05
   outer loop
     vertex  2.905659e+00 -1.564336e+00  2.400000e+01
     vertex  2.915590e+00 -1.545748e+00  2.030000e+01
     vertex  2.872663e+00 -1.624133e+00  2.030000e+01
   endloop
 endfacet
 facet normal -8.869228e-01  4.619176e-01 -5.995150e-05
   outer loop
     vertex  2.947481e+00 -1.484033e+00  2.400000e+01
     vertex  2.915590e+00 -1.545748e+00  2.030000e+01
     vertex  2.905659e+00 -1.564336e+00  2.400000e+01
   endloop
 endfacet
 facet normal -8.897737e-01  4.564019e-01  5.662087e-05
   outer loop
     vertex  2.947481e+00 -1.484033e+00  2.400000e+01
     vertex  2.956378e+00 -1.466229e+00  2.030000e+01
     vertex  2.915590e+00 -1.545748e+00  2.030000e+01
   endloop
 endfacet
 facet normal -8.992613e-01  4.374119e-01 -5.757512e-05
   outer loop
     vertex  2.987085e+00 -1.402613e+00  2.400000e+01
     vertex  2.956378e+00 -1.466229e+00  2.030000e+01
     vertex  2.947481e+00 -1.484033e+00  2.400000e+01
   endloop
 endfacet
 facet normal -9.018065e-01  4.321400e-01  5.418835e-05
   outer loop
     vertex  2.987085e+00 -1.402613e+00  2.400000e+01
     vertex  2.994999e+00 -1.385634e+00  2.030000e+01
     vertex  2.956378e+00 -1.466229e+00  2.030000e+01
   endloop
 endfacet
 facet normal -9.109228e-01  4.125769e-01 -5.508647e-05
   outer loop
     vertex  3.024440e+00 -1.320138e+00  2.400000e+01
     vertex  2.994999e+00 -1.385634e+00  2.030000e+01
     vertex  2.987085e+00 -1.402613e+00  2.400000e+01
   endloop
 endfacet
 facet normal -9.131779e-01  4.075612e-01  5.164357e-05
   outer loop
     vertex  3.024440e+00 -1.320138e+00  2.400000e+01
     vertex  3.031423e+00 -1.304023e+00  2.030000e+01
     vertex  2.994999e+00 -1.385634e+00  2.030000e+01
   endloop
 endfacet
 facet normal -9.218986e-01  3.874313e-01 -5.248555e-05
   outer loop
     vertex  3.059518e+00 -1.236668e+00  2.400000e+01
     vertex  3.031423e+00 -1.304023e+00  2.030000e+01
     vertex  3.024440e+00 -1.320138e+00  2.400000e+01
   endloop
 endfacet
 facet normal -9.238795e-01  3.826834e-01  4.898652e-05
   outer loop
     vertex  3.059518e+00 -1.236668e+00  2.400000e+01
     vertex  3.065623e+00 -1.221456e+00  2.030000e+01
     vertex  3.031423e+00 -1.304023e+00  2.030000e+01
   endloop
 endfacet
 facet normal -9.321804e-01  3.619940e-01 -4.977237e-05
   outer loop
     vertex  3.092294e+00 -1.152268e+00  2.400000e+01
     vertex  3.065623e+00 -1.221456e+00  2.030000e+01
     vertex  3.059518e+00 -1.236668e+00  2.400000e+01
   endloop
 endfacet
 facet normal -9.339036e-01  3.575250e-01  4.621721e-05
   outer loop
     vertex  3.092294e+00 -1.152268e+00  2.400000e+01
     vertex  3.097575e+00 -1.137993e+00  2.030000e+01
     vertex  3.065623e+00 -1.221456e+00  2.030000e+01
   endloop
 endfacet
 facet normal -9.417605e-01  3.362843e-01 -4.694692e-05
   outer loop
     vertex  3.122741e+00 -1.067000e+00  2.400000e+01
     vertex  3.097575e+00 -1.137993e+00  2.030000e+01
     vertex  3.092294e+00 -1.152268e+00  2.400000e+01
   endloop
 endfacet
 facet normal -9.432426e-01  3.321044e-01  4.333563e-05
   outer loop
     vertex  3.122741e+00 -1.067000e+00  2.400000e+01
     vertex  3.127255e+00 -1.053695e+00  2.030000e+01
     vertex  3.097575e+00 -1.137993e+00  2.030000e+01
   endloop
 endfacet
 facet normal -9.506317e-01  3.103214e-01 -4.400921e-05
   outer loop
     vertex  3.150838e+00 -9.809289e-01  2.400000e+01
     vertex  3.127255e+00 -1.053695e+00  2.030000e+01
     vertex  3.122741e+00 -1.067000e+00  2.400000e+01
   endloop
 endfacet
 facet normal -9.518899e-01  3.064401e-01  4.034178e-05
   outer loop
     vertex  3.150838e+00 -9.809289e-01  2.400000e+01
     vertex  3.154642e+00 -9.686245e-01  2.030000e+01
     vertex  3.127255e+00 -1.053695e+00  2.030000e+01
   endloop
 endfacet
 facet normal -9.587873e-01  2.841250e-01 -4.095923e-05
   outer loop
     vertex  3.176563e+00 -8.941194e-01  2.400000e+01
     vertex  3.154642e+00 -9.686245e-01  2.030000e+01
     vertex  3.150838e+00 -9.809289e-01  2.400000e+01
   endloop
 endfacet
 facet normal -9.598391e-01  2.805512e-01  3.723566e-05
   outer loop
     vertex  3.176563e+00 -8.941194e-01  2.400000e+01
     vertex  3.179715e+00 -8.828435e-01  2.030000e+01
     vertex  3.154642e+00 -9.686245e-01  2.030000e+01
   endloop
 endfacet
 facet normal -9.662211e-01  2.577146e-01 -3.779698e-05
   outer loop
     vertex  3.199896e+00 -8.066369e-01  2.400000e+01
     vertex  3.179715e+00 -8.828435e-01  2.030000e+01
     vertex  3.176563e+00 -8.941194e-01  2.400000e+01
   endloop
 endfacet
 facet normal -9.670842e-01  2.544564e-01  3.401728e-05
   outer loop
     vertex  3.199896e+00 -8.066369e-01  2.400000e+01
     vertex  3.202456e+00 -7.964150e-01  2.030000e+01
     vertex  3.179715e+00 -8.828435e-01  2.030000e+01
   endloop
 endfacet
 facet normal -9.729276e-01  2.311102e-01 -3.452247e-05
   outer loop
     vertex  3.220821e+00 -7.185472e-01  2.400000e+01
     vertex  3.202456e+00 -7.964150e-01  2.030000e+01
     vertex  3.199896e+00 -8.066369e-01  2.400000e+01
   endloop
 endfacet
 facet normal -9.736201e-01  2.281751e-01  3.068664e-05
   outer loop
     vertex  3.220821e+00 -7.185472e-01  2.400000e+01
     vertex  3.222848e+00 -7.094025e-01  2.030000e+01
     vertex  3.202456e+00 -7.964150e-01  2.030000e+01
   endloop
 endfacet
 facet normal -9.789017e-01  2.043319e-01 -3.113569e-05
   outer loop
     vertex  3.239322e+00 -6.299166e-01  2.400000e+01
     vertex  3.222848e+00 -7.094025e-01  2.030000e+01
     vertex  3.220821e+00 -7.185472e-01  2.400000e+01
   endloop
 endfacet
 facet normal -9.794419e-01  2.017264e-01  2.724373e-05
   outer loop
     vertex  3.239322e+00 -6.299166e-01  2.400000e+01
     vertex  3.240876e+00 -6.218696e-01  2.030000e+01
     vertex  3.222848e+00 -7.094025e-01  2.030000e+01
   endloop
 endfacet
 facet normal -9.845454e-01  1.751297e-01  2.368856e-05
   outer loop
     vertex  3.255384e+00 -5.408118e-01  2.400000e+01
     vertex  3.256528e+00 -5.338806e-01  2.030000e+01
     vertex  3.240876e+00 -6.218696e-01  2.030000e+01
   endloop
 endfacet
 facet normal -9.841389e-01  1.773998e-01 -2.763665e-05
   outer loop
     vertex  3.255384e+00 -5.408118e-01  2.400000e+01
     vertex  3.240876e+00 -6.218696e-01  2.030000e+01
     vertex  3.239322e+00 -6.299166e-01  2.400000e+01
   endloop
 endfacet
 facet normal -9.889267e-01  1.484046e-01  2.002112e-05
   outer loop
     vertex  3.268995e+00 -4.512999e-01  2.400000e+01
     vertex  3.269790e+00 -4.455000e-01  2.030000e+01
     vertex  3.256528e+00 -5.338806e-01  2.030000e+01
   endloop
 endfacet
 facet normal -9.886353e-01  1.503341e-01 -2.402534e-05
   outer loop
     vertex  3.268995e+00 -4.512999e-01  2.400000e+01
     vertex  3.256528e+00 -5.338806e-01  2.030000e+01
     vertex  3.255384e+00 -5.408118e-01  2.400000e+01
   endloop
 endfacet
 facet normal -9.925828e-01  1.215707e-01  1.624142e-05
   outer loop
     vertex  3.280146e+00 -3.614482e-01  2.400000e+01
     vertex  3.280655e+00 -3.567928e-01  2.030000e+01
     vertex  3.269790e+00 -4.455000e-01  2.030000e+01
   endloop
 endfacet
 facet normal -9.923874e-01  1.231552e-01 -2.030178e-05
   outer loop
     vertex  3.280146e+00 -3.614482e-01  2.400000e+01
     vertex  3.269790e+00 -4.455000e-01  2.030000e+01
     vertex  3.268995e+00 -4.512999e-01  2.400000e+01
   endloop
 endfacet
 facet normal -9.955108e-01  9.464755e-02  1.234946e-05
   outer loop
     vertex  3.288827e+00 -2.713245e-01  2.400000e+01
     vertex  3.289114e+00 -2.678238e-01  2.030000e+01
     vertex  3.280655e+00 -3.567928e-01  2.030000e+01
   endloop
 endfacet
 facet normal -9.953925e-01  9.588368e-02 -1.646595e-05
   outer loop
     vertex  3.288827e+00 -2.713245e-01  2.400000e+01
     vertex  3.280655e+00 -3.567928e-01  2.030000e+01
     vertex  3.280146e+00 -3.614482e-01  2.400000e+01
   endloop
 endfacet
 facet normal -9.977088e-01  6.765502e-02  8.345234e-06
   outer loop
     vertex  3.295033e+00 -1.809966e-01  2.400000e+01
     vertex  3.295160e+00 -1.786584e-01  2.030000e+01
     vertex  3.289114e+00 -2.678238e-01  2.030000e+01
   endloop
 endfacet
 facet normal -9.976484e-01  6.853995e-02 -1.251785e-05
   outer loop
     vertex  3.295033e+00 -1.809966e-01  2.400000e+01
     vertex  3.289114e+00 -2.678238e-01  2.030000e+01
     vertex  3.288827e+00 -2.713245e-01  2.400000e+01
   endloop
 endfacet
 facet normal -9.991750e-01  4.061287e-02  4.228748e-06
   outer loop
     vertex  3.298758e+00 -9.053236e-02  2.400000e+01
     vertex  3.298790e+00 -8.936197e-02  2.030000e+01
     vertex  3.295160e+00 -1.786584e-01  2.030000e+01
   endloop
 endfacet
 facet normal -9.991532e-01  4.114462e-02 -8.457496e-06
   outer loop
     vertex  3.298758e+00 -9.053236e-02  2.400000e+01
     vertex  3.295160e+00 -1.786584e-01  2.030000e+01
     vertex  3.295033e+00 -1.809966e-01  2.400000e+01
   endloop
 endfacet
 facet normal -9.999059e-01  1.371831e-02 -4.284878e-06
   outer loop
     vertex  3.300000e+00 -8.082669e-16  2.400000e+01
     vertex  3.298790e+00 -8.936197e-02  2.030000e+01
     vertex  3.298758e+00 -9.053236e-02  2.400000e+01
   endloop
 endfacet
 facet normal -9.999083e-01  1.354093e-02  0.000000e+00
   outer loop
     vertex  3.300000e+00 -8.082669e-16  2.400000e+01
     vertex  3.300000e+00 -8.082669e-16  2.030000e+01
     vertex  3.298790e+00 -8.936197e-02  2.030000e+01
   endloop
 endfacet
 facet normal -1.000000e+00  0.000000e+00  0.000000e+00
   outer loop
     vertex  0.000000e+00 -6.000000e+00  1.430000e+01
     vertex  0.000000e+00 -3.300000e+00  1.420000e+01
     vertex  0.000000e+00 -6.000000e+00  1.420000e+01
   endloop
 endfacet
 facet normal -1.000000e+00 -2.245186e-16 -6.062002e-15
   outer loop
     vertex  0.000000e+00 -6.000000e+00  1.430000e+01
     vertex -6.062002e-16 -3.300000e+00  1.430000e+01
     vertex  0.000000e+00 -3.300000e+00  1.420000e+01
   endloop
 endfacet
 facet normal -1.710542e-14 -2.962746e-14  1.000000e+00
   outer loop
     vertex  0.000000e+00 -6.000000e+00  1.430000e+01
     vertex -2.076952e-01 -6.000000e+00  1.430000e+01
     vertex -1.124210e-15 -6.119913e+00  1.430000e+01
   endloop
 endfacet
 facet normal  0.000000e+00  0.000000e+00  1.000000e+00
   outer loop
     vertex  8.936197e-02 -3.298790e+00  1.430000e+01
     vertex -6.062002e-16 -3.300000e+00  1.430000e+01
     vertex  0.000000e+00 -6.000000e+00  1.430000e+01
   endloop
 endfacet
 facet normal  0.000000e+00  0.000000e+00  1.000000e+00
   outer loop
     vertex  1.786584e-01 -3.295160e+00  1.430000e+01
     vertex  8.936197e-02 -3.298790e+00  1.430000e+01
     vertex  0.000000e+00 -6.000000e+00  1.430000e+01
   endloop
 endfacet
 facet normal  0.000000e+00  0.000000e+00  1.000000e+00
   outer loop
     vertex  2.678238e-01 -3.289114e+00  1.430000e+01
     vertex  1.786584e-01 -3.295160e+00  1.430000e+01
     vertex  0.000000e+00 -6.000000e+00  1.430000e+01
   endloop
 endfacet
 facet normal  0.000000e+00  0.000000e+00  1.000000e+00
   outer loop
     vertex  3.567928e-01 -3.280655e+00  1.430000e+01
     vertex  2.678238e-01 -3.289114e+00  1.430000e+01
     vertex  0.000000e+00 -6.000000e+00  1.430000e+01
   endloop
 endfacet
 facet normal  0.000000e+00  0.000000e+00  1.000000e+00
   outer loop
     vertex  4.455000e-01 -3.269790e+00  1.430000e+01
     vertex  3.567928e-01 -3.280655e+00  1.430000e+01
     vertex  0.000000e+00 -6.000000e+00  1.430000e+01
   endloop
 endfacet
 facet normal  0.000000e+00  0.000000e+00  1.000000e+00
   outer loop
     vertex  5.338806e-01 -3.256528e+00  1.430000e+01
     vertex  4.455000e-01 -3.269790e+00  1.430000e+01
     vertex  0.000000e+00 -6.000000e+00  1.430000e+01
   endloop
 endfacet
 facet normal  0.000000e+00  0.000000e+00  1.000000e+00
   outer loop
     vertex  6.218696e-01 -3.240876e+00  1.430000e+01
     vertex  5.338806e-01 -3.256528e+00  1.430000e+01
     vertex  0.000000e+00 -6.000000e+00  1.430000e+01
   endloop
 endfacet
 facet normal  0.000000e+00  0.000000e+00  1.000000e+00
   outer loop
     vertex  7.094025e-01 -3.222848e+00  1.430000e+01
     vertex  6.218696e-01 -3.240876e+00  1.430000e+01
     vertex  0.000000e+00 -6.000000e+00  1.430000e+01
   endloop
 endfacet
 facet normal  0.000000e+00  0.000000e+00  1.000000e+00
   outer loop
     vertex  7.964150e-01 -3.202456e+00  1.430000e+01
     vertex  7.094025e-01 -3.222848e+00  1.430000e+01
     vertex  0.000000e+00 -6.000000e+00  1.430000e+01
   endloop
 endfacet
 facet normal  0.000000e+00  0.000000e+00  1.000000e+00
   outer loop
     vertex  8.828435e-01 -3.179715e+00  1.430000e+01
     vertex  7.964150e-01 -3.202456e+00  1.430000e+01
     vertex  0.000000e+00 -6.000000e+00  1.430000e+01
   endloop
 endfacet
 facet normal  0.000000e+00  0.000000e+00  1.000000e+00
   outer loop
     vertex  9.686245e-01 -3.154642e+00  1.430000e+01
     vertex  8.828435e-01 -3.179715e+00  1.430000e+01
     vertex  0.000000e+00 -6.000000e+00  1.430000e+01
   endloop
 endfacet
 facet normal  0.000000e+00  0.000000e+00  1.000000e+00
   outer loop
     vertex  1.053695e+00 -3.127255e+00  1.430000e+01
     vertex  9.686245e-01 -3.154642e+00  1.430000e+01
     vertex  0.000000e+00 -6.000000e+00  1.430000e+01
   endloop
 endfacet
 facet normal  0.000000e+00  0.000000e+00  1.000000e+00
   outer loop
     vertex  1.137993e+00 -3.097575e+00  1.430000e+01
     vertex  1.053695e+00 -3.127255e+00  1.430000e+01
     vertex  0.000000e+00 -6.000000e+00  1.430000e+01
   endloop
 endfacet
 facet normal  0.000000e+00  0.000000e+00  1.000000e+00
   outer loop
     vertex  1.221456e+00 -3.065623e+00  1.430000e+01
     vertex  1.137993e+00 -3.097575e+00  1.430000e+01
     vertex  0.000000e+00 -6.000000e+00  1.430000e+01
   endloop
 endfacet
 facet normal  0.000000e+00  0.000000e+00  1.000000e+00
   outer loop
     vertex  1.304023e+00 -3.031423e+00  1.430000e+01
     vertex  1.221456e+00 -3.065623e+00  1.430000e+01
     vertex  0.000000e+00 -6.000000e+00  1.430000e+01
   endloop
 endfacet
 facet normal  0.000000e+00  0.000000e+00  1.000000e+00
   outer loop
     vertex  1.385634e+00 -2.994999e+00  1.430000e+01
     vertex  1.304023e+00 -3.031423e+00  1.430000e+01
     vertex  0.000000e+00 -6.000000e+00  1.430000e+01
   endloop
 endfacet
 facet normal  0.000000e+00  0.000000e+00  1.000000e+00
   outer loop
     vertex  1.466229e+00 -2.956378e+00  1.430000e+01
     vertex  1.385634e+00 -2.994999e+00  1.430000e+01
     vertex  0.000000e+00 -6.000000e+00  1.430000e+01
   endloop
 endfacet
 facet normal  0.000000e+00  0.000000e+00  1.000000e+00
   outer loop
     vertex  1.545748e+00 -2.915590e+00  1.430000e+01
     vertex  1.466229e+00 -2.956378e+00  1.430000e+01
     vertex  0.000000e+00 -6.000000e+00  1.430000e+01
   endloop
 endfacet
 facet normal  0.000000e+00  0.000000e+00  1.000000e+00
   outer loop
     vertex  1.624133e+00 -2.872663e+00  1.430000e+01
     vertex  1.545748e+00 -2.915590e+00  1.430000e+01
     vertex  0.000000e+00 -6.000000e+00  1.430000e+01
   endloop
 endfacet
 facet normal  1.071677e-15 -6.647360e-16  1.000000e+00
   outer loop
     vertex  5.300000e+00 -3.059956e+00  1.430000e+01
     vertex  2.827629e+00 -1.701328e+00  1.430000e+01
     vertex  2.780521e+00 -1.777274e+00  1.430000e+01
   endloop
 endfacet
 facet normal  1.088129e-15 -6.347976e-16  1.000000e+00
   outer loop
     vertex  5.300000e+00 -3.059956e+00  1.430000e+01
     vertex  2.872663e+00 -1.624133e+00  1.430000e+01
     vertex  2.827629e+00 -1.701328e+00  1.430000e+01
   endloop
 endfacet
 facet normal  1.105507e-15 -6.054202e-16  1.000000e+00
   outer loop
     vertex  5.300000e+00 -3.059956e+00  1.430000e+01
     vertex  2.915590e+00 -1.545748e+00  1.430000e+01
     vertex  2.872663e+00 -1.624133e+00  1.430000e+01
   endloop
 endfacet
 facet normal  1.123881e-15 -5.764855e-16  1.000000e+00
   outer loop
     vertex  5.300000e+00 -3.059956e+00  1.430000e+01
     vertex  2.956378e+00 -1.466229e+00  1.430000e+01
     vertex  2.915590e+00 -1.545748e+00  1.430000e+01
   endloop
 endfacet
 facet normal  1.143335e-15 -5.478788e-16  1.000000e+00
   outer loop
     vertex  5.300000e+00 -3.059956e+00  1.430000e+01
     vertex  2.994999e+00 -1.385634e+00  1.430000e+01
     vertex  2.956378e+00 -1.466229e+00  1.430000e+01
   endloop
 endfacet
 facet normal  1.163958e-15 -5.194871e-16  1.000000e+00
   outer loop
     vertex  5.300000e+00 -3.059956e+00  1.430000e+01
     vertex  3.031423e+00 -1.304023e+00  1.430000e+01
     vertex  2.994999e+00 -1.385634e+00  1.430000e+01
   endloop
 endfacet
 facet normal  1.185855e-15 -4.911973e-16  1.000000e+00
   outer loop
     vertex  5.300000e+00 -3.059956e+00  1.430000e+01
     vertex  3.065623e+00 -1.221456e+00  1.430000e+01
     vertex  3.031423e+00 -1.304023e+00  1.430000e+01
   endloop
 endfacet
 facet normal  1.209143e-15 -4.628946e-16  1.000000e+00
   outer loop
     vertex  5.300000e+00 -3.059956e+00  1.430000e+01
     vertex  3.097575e+00 -1.137993e+00  1.430000e+01
     vertex  3.065623e+00 -1.221456e+00  1.430000e+01
   endloop
 endfacet
 facet normal  1.233956e-15 -4.344610e-16  1.000000e+00
   outer loop
     vertex  5.300000e+00 -3.059956e+00  1.430000e+01
     vertex  3.127255e+00 -1.053695e+00  1.430000e+01
     vertex  3.097575e+00 -1.137993e+00  1.430000e+01
   endloop
 endfacet
 facet normal  1.260446e-15 -4.057730e-16  1.000000e+00
   outer loop
     vertex  5.300000e+00 -3.059956e+00  1.430000e+01
     vertex  3.154642e+00 -9.686245e-01  1.430000e+01
     vertex  3.127255e+00 -1.053695e+00  1.430000e+01
   endloop
 endfacet
 facet normal  1.710542e-14 -2.962746e-14  1.000000e+00
   outer loop
     vertex  5.300000e+00 -3.059956e+00  1.430000e+01
     vertex  0.000000e+00 -6.000000e+00  1.430000e+01
     vertex -1.124210e-15 -6.119913e+00  1.430000e+01
   endloop
 endfacet
 facet normal  9.415815e-16 -4.889955e-16  1.000000e+00
   outer loop
     vertex  5.300000e+00 -3.059956e+00  1.430000e+01
     vertex  1.624133e+00 -2.872663e+00  1.430000e+01
     vertex  0.000000e+00 -6.000000e+00  1.430000e+01
   endloop
 endfacet
 facet normal  8.888643e-16 -1.523634e-15  1.000000e+00
   outer loop
     vertex  5.300000e+00 -3.059956e+00  1.430000e+01
     vertex  1.701328e+00 -2.827629e+00  1.430000e+01
     vertex  1.624133e+00 -2.872663e+00  1.430000e+01
   endloop
 endfacet
 facet normal  8.941632e-16 -1.441556e-15  1.000000e+00
   outer loop
     vertex  5.300000e+00 -3.059956e+00  1.430000e+01
     vertex  1.777274e+00 -2.780521e+00  1.430000e+01
     vertex  1.701328e+00 -2.827629e+00  1.430000e+01
   endloop
 endfacet
 facet normal  9.000767e-16 -1.367006e-15  1.000000e+00
   outer loop
     vertex  5.300000e+00 -3.059956e+00  1.430000e+01
     vertex  1.851917e+00 -2.731374e+00  1.430000e+01
     vertex  1.777274e+00 -2.780521e+00  1.430000e+01
   endloop
 endfacet
 facet normal  9.065697e-16 -1.298871e-15  1.000000e+00
   outer loop
     vertex  5.300000e+00 -3.059956e+00  1.430000e+01
     vertex  1.925202e+00 -2.680223e+00  1.430000e+01
     vertex  1.851917e+00 -2.731374e+00  1.430000e+01
   endloop
 endfacet
 facet normal  9.136171e-16 -1.236238e-15  1.000000e+00
   outer loop
     vertex  5.300000e+00 -3.059956e+00  1.430000e+01
     vertex  1.997075e+00 -2.627107e+00  1.430000e+01
     vertex  1.925202e+00 -2.680223e+00  1.430000e+01
   endloop
 endfacet
 facet normal  9.212027e-16 -1.178355e-15  1.000000e+00
   outer loop
     vertex  5.300000e+00 -3.059956e+00  1.430000e+01
     vertex  2.067483e+00 -2.572064e+00  1.430000e+01
     vertex  1.997075e+00 -2.627107e+00  1.430000e+01
   endloop
 endfacet
 facet normal  9.293174e-16 -1.124591e-15  1.000000e+00
   outer loop
     vertex  5.300000e+00 -3.059956e+00  1.430000e+01
     vertex  2.136375e+00 -2.515135e+00  1.430000e+01
     vertex  2.067483e+00 -2.572064e+00  1.430000e+01
   endloop
 endfacet
 facet normal  9.379580e-16 -1.074418e-15  1.000000e+00
   outer loop
     vertex  5.300000e+00 -3.059956e+00  1.430000e+01
     vertex  2.203700e+00 -2.456361e+00  1.430000e+01
     vertex  2.136375e+00 -2.515135e+00  1.430000e+01
   endloop
 endfacet
 facet normal  9.471269e-16 -1.027384e-15  1.000000e+00
   outer loop
     vertex  5.300000e+00 -3.059956e+00  1.430000e+01
     vertex  2.269408e+00 -2.395785e+00  1.430000e+01
     vertex  2.203700e+00 -2.456361e+00  1.430000e+01
   endloop
 endfacet
 facet normal  9.568314e-16 -9.831023e-16  1.000000e+00
   outer loop
     vertex  5.300000e+00 -3.059956e+00  1.430000e+01
     vertex  2.333452e+00 -2.333452e+00  1.430000e+01
     vertex  2.269408e+00 -2.395785e+00  1.430000e+01
   endloop
 endfacet
 facet normal  9.670833e-16 -9.412405e-16  1.000000e+00
   outer loop
     vertex  5.300000e+00 -3.059956e+00  1.430000e+01
     vertex  2.395785e+00 -2.269408e+00  1.430000e+01
     vertex  2.333452e+00 -2.333452e+00  1.430000e+01
   endloop
 endfacet
 facet normal  9.778988e-16 -9.015077e-16  1.000000e+00
   outer loop
     vertex  5.300000e+00 -3.059956e+00  1.430000e+01
     vertex  2.456361e+00 -2.203700e+00  1.430000e+01
     vertex  2.395785e+00 -2.269408e+00  1.430000e+01
   endloop
 endfacet
 facet normal  9.892985e-16 -8.636494e-16  1.000000e+00
   outer loop
     vertex  5.300000e+00 -3.059956e+00  1.430000e+01
     vertex  2.515135e+00 -2.136375e+00  1.430000e+01
     vertex  2.456361e+00 -2.203700e+00  1.430000e+01
   endloop
 endfacet
 facet normal  1.001307e-15 -8.274401e-16  1.000000e+00
   outer loop
     vertex  5.300000e+00 -3.059956e+00  1.430000e+01
     vertex  2.572064e+00 -2.067483e+00  1.430000e+01
     vertex  2.515135e+00 -2.136375e+00  1.430000e+01
   endloop
 endfacet
 facet normal  1.013954e-15 -7.926790e-16  1.000000e+00
   outer loop
     vertex  5.300000e+00 -3.059956e+00  1.430000e+01
     vertex  2.627107e+00 -1.997075e+00  1.430000e+01
     vertex  2.572064e+00 -2.067483e+00  1.430000e+01
   endloop
 endfacet
 facet normal  1.027273e-15 -7.591854e-16  1.000000e+00
   outer loop
     vertex  5.300000e+00 -3.059956e+00  1.430000e+01
     vertex  2.680223e+00 -1.925202e+00  1.430000e+01
     vertex  2.627107e+00 -1.997075e+00  1.430000e+01
   endloop
 endfacet
 facet normal  1.041302e-15 -7.267953e-16  1.000000e+00
   outer loop
     vertex  5.300000e+00 -3.059956e+00  1.430000e+01
     vertex  2.731374e+00 -1.851917e+00  1.430000e+01
     vertex  2.680223e+00 -1.925202e+00  1.430000e+01
   endloop
 endfacet
 facet normal  1.056087e-15 -6.953585e-16  1.000000e+00
   outer loop
     vertex  5.300000e+00 -3.059956e+00  1.430000e+01
     vertex  2.780521e+00 -1.777274e+00  1.430000e+01
     vertex  2.731374e+00 -1.851917e+00  1.430000e+01
   endloop
 endfacet
 facet normal  1.288787e-15 -3.766994e-16  1.000000e+00
   outer loop
     vertex  3.179715e+00 -8.828435e-01  1.430000e+01
     vertex  3.154642e+00 -9.686245e-01  1.430000e+01
     vertex  5.300000e+00 -3.059956e+00  1.430000e+01
   endloop
 endfacet
 facet normal  1.319181e-15 -3.470991e-16  1.000000e+00
   outer loop
     vertex  3.202456e+00 -7.964150e-01  1.430000e+01
     vertex  3.179715e+00 -8.828435e-01  1.430000e+01
     vertex  5.300000e+00 -3.059956e+00  1.430000e+01
   endloop
 endfacet
 facet normal  1.351858e-15 -3.168180e-16  1.000000e+00
   outer loop
     vertex  3.222848e+00 -7.094025e-01  1.430000e+01
     vertex  3.202456e+00 -7.964150e-01  1.430000e+01
     vertex  5.300000e+00 -3.059956e+00  1.430000e+01
   endloop
 endfacet
 facet normal  1.387089e-15 -2.856855e-16  1.000000e+00
   outer loop
     vertex  3.240876e+00 -6.218696e-01  1.430000e+01
     vertex  3.222848e+00 -7.094025e-01  1.430000e+01
     vertex  5.300000e+00 -3.059956e+00  1.430000e+01
   endloop
 endfacet
 facet normal  1.425186e-15 -2.535103e-16  1.000000e+00
   outer loop
     vertex  3.256528e+00 -5.338806e-01  1.430000e+01
     vertex  3.240876e+00 -6.218696e-01  1.430000e+01
     vertex  5.300000e+00 -3.059956e+00  1.430000e+01
   endloop
 endfacet
 facet normal  1.466517e-15 -2.200749e-16  1.000000e+00
   outer loop
     vertex  3.269790e+00 -4.455000e-01  1.430000e+01
     vertex  3.256528e+00 -5.338806e-01  1.430000e+01
     vertex  5.300000e+00 -3.059956e+00  1.430000e+01
   endloop
 endfacet
 facet normal  1.511519e-15 -1.851295e-16  1.000000e+00
   outer loop
     vertex  3.280655e+00 -3.567928e-01  1.430000e+01
     vertex  3.269790e+00 -4.455000e-01  1.430000e+01
     vertex  5.300000e+00 -3.059956e+00  1.430000e+01
   endloop
 endfacet
 facet normal  1.560709e-15 -1.483834e-16  1.000000e+00
   outer loop
     vertex  3.289114e+00 -2.678238e-01  1.430000e+01
     vertex  3.280655e+00 -3.567928e-01  1.430000e+01
     vertex  5.300000e+00 -3.059956e+00  1.430000e+01
   endloop
 endfacet
 facet normal  1.614707e-15 -1.094939e-16  1.000000e+00
   outer loop
     vertex  3.295160e+00 -1.786584e-01  1.430000e+01
     vertex  3.289114e+00 -2.678238e-01  1.430000e+01
     vertex  5.300000e+00 -3.059956e+00  1.430000e+01
   endloop
 endfacet
 facet normal  1.674265e-15 -6.805286e-17  1.000000e+00
   outer loop
     vertex  3.298790e+00 -8.936197e-02  1.430000e+01
     vertex  3.295160e+00 -1.786584e-01  1.430000e+01
     vertex  5.300000e+00 -3.059956e+00  1.430000e+01
   endloop
 endfacet
 facet normal  1.740299e-15 -2.356744e-17  1.000000e+00
   outer loop
     vertex  3.300000e+00 -8.082669e-16  1.430000e+01
     vertex  3.298790e+00 -8.936197e-02  1.430000e+01
     vertex  5.300000e+00 -3.059956e+00  1.430000e+01
   endloop
 endfacet
 facet normal  0.000000e+00  0.000000e+00  1.000000e+00
   outer loop
     vertex  0.000000e+00  6.000000e+00  1.430000e+01
     vertex  1.545748e+00  2.915590e+00  1.430000e+01
     vertex  1.624133e+00  2.872663e+00  1.430000e+01
   endloop
 endfacet
 facet normal  0.000000e+00  0.000000e+00  1.000000e+00
   outer loop
     vertex  0.000000e+00  6.000000e+00  1.430000e+01
     vertex  1.466229e+00  2.956378e+00  1.430000e+01
     vertex  1.545748e+00  2.915590e+00  1.430000e+01
   endloop
 endfacet
 facet normal  0.000000e+00  0.000000e+00  1.000000e+00
   outer loop
     vertex  0.000000e+00  6.000000e+00  1.430000e+01
     vertex  1.385634e+00  2.994999e+00  1.430000e+01
     vertex  1.466229e+00  2.956378e+00  1.430000e+01
   endloop
 endfacet
 facet normal  0.000000e+00  0.000000e+00  1.000000e+00
   outer loop
     vertex  0.000000e+00  6.000000e+00  1.430000e+01
     vertex  1.304023e+00  3.031423e+00  1.430000e+01
     vertex  1.385634e+00  2.994999e+00  1.430000e+01
   endloop
 endfacet
 facet normal  0.000000e+00  0.000000e+00  1.000000e+00
   outer loop
     vertex  0.000000e+00  6.000000e+00  1.430000e+01
     vertex  1.221456e+00  3.065623e+00  1.430000e+01
     vertex  1.304023e+00  3.031423e+00  1.430000e+01
   endloop
 endfacet
 facet normal  0.000000e+00  0.000000e+00  1.000000e+00
   outer loop
     vertex  0.000000e+00  6.000000e+00  1.430000e+01
     vertex  1.137993e+00  3.097575e+00  1.430000e+01
     vertex  1.221456e+00  3.065623e+00  1.430000e+01
   endloop
 endfacet
 facet normal  0.000000e+00  0.000000e+00  1.000000e+00
   outer loop
     vertex  0.000000e+00  6.000000e+00  1.430000e+01
     vertex  1.053695e+00  3.127255e+00  1.430000e+01
     vertex  1.137993e+00  3.097575e+00  1.430000e+01
   endloop
 endfacet
 facet normal  0.000000e+00  0.000000e+00  1.000000e+00
   outer loop
     vertex  0.000000e+00  6.000000e+00  1.430000e+01
     vertex  9.686245e-01  3.154642e+00  1.430000e+01
     vertex  1.053695e+00  3.127255e+00  1.430000e+01
   endloop
 endfacet
 facet normal  0.000000e+00  0.000000e+00  1.000000e+00
   outer loop
     vertex  0.000000e+00  6.000000e+00  1.430000e+01
     vertex  8.828435e-01  3.179715e+00  1.430000e+01
     vertex  9.686245e-01  3.154642e+00  1.430000e+01
   endloop
 endfacet
 facet normal  0.000000e+00  0.000000e+00  1.000000e+00
   outer loop
     vertex  0.000000e+00  6.000000e+00  1.430000e+01
     vertex  7.964150e-01  3.202456e+00  1.430000e+01
     vertex  8.828435e-01  3.179715e+00  1.430000e+01
   endloop
 endfacet
 facet normal  0.000000e+00  0.000000e+00  1.000000e+00
   outer loop
     vertex  0.000000e+00  6.000000e+00  1.430000e+01
     vertex  7.094025e-01  3.222848e+00  1.430000e+01
     vertex  7.964150e-01  3.202456e+00  1.430000e+01
   endloop
 endfacet
 facet normal  0.000000e+00  0.000000e+00  1.000000e+00
   outer loop
     vertex  0.000000e+00  6.000000e+00  1.430000e+01
     vertex  6.218696e-01  3.240876e+00  1.430000e+01
     vertex  7.094025e-01  3.222848e+00  1.430000e+01
   endloop
 endfacet
 facet normal  0.000000e+00  0.000000e+00  1.000000e+00
   outer loop
     vertex  0.000000e+00  6.000000e+00  1.430000e+01
     vertex  5.338806e-01  3.256528e+00  1.430000e+01
     vertex  6.218696e-01  3.240876e+00  1.430000e+01
   endloop
 endfacet
 facet normal  0.000000e+00  0.000000e+00  1.000000e+00
   outer loop
     vertex  0.000000e+00  6.000000e+00  1.430000e+01
     vertex  4.455000e-01  3.269790e+00  1.430000e+01
     vertex  5.338806e-01  3.256528e+00  1.430000e+01
   endloop
 endfacet
 facet normal  0.000000e+00  0.000000e+00  1.000000e+00
   outer loop
     vertex  0.000000e+00  6.000000e+00  1.430000e+01
     vertex  3.567928e-01  3.280655e+00  1.430000e+01
     vertex  4.455000e-01  3.269790e+00  1.430000e+01
   endloop
 endfacet
 facet normal  0.000000e+00  0.000000e+00  1.000000e+00
   outer loop
     vertex  0.000000e+00  6.000000e+00  1.430000e+01
     vertex  2.678238e-01  3.289114e+00  1.430000e+01
     vertex  3.567928e-01  3.280655e+00  1.430000e+01
   endloop
 endfacet
 facet normal  0.000000e+00  0.000000e+00  1.000000e+00
   outer loop
     vertex  0.000000e+00  6.000000e+00  1.430000e+01
     vertex  1.786584e-01  3.295160e+00  1.430000e+01
     vertex  2.678238e-01  3.289114e+00  1.430000e+01
   endloop
 endfacet
 facet normal  0.000000e+00  0.000000e+00  1.000000e+00
   outer loop
     vertex  0.000000e+00  6.000000e+00  1.430000e+01
     vertex  8.936197e-02  3.298790e+00  1.430000e+01
     vertex  1.786584e-01  3.295160e+00  1.430000e+01
   endloop
 endfacet
 facet normal  0.000000e+00  0.000000e+00  1.000000e+00
   outer loop
     vertex  0.000000e+00  6.000000e+00  1.430000e+01
     vertex  2.020667e-16  3.300000e+00  1.430000e+01
     vertex  8.936197e-02  3.298790e+00  1.430000e+01
   endloop
 endfacet
 facet normal -1.710542e-14  2.962746e-14  1.000000e+00
   outer loop
     vertex  3.747366e-16  6.119913e+00  1.430000e+01
     vertex -2.076952e-01  6.000000e+00  1.430000e+01
     vertex  0.000000e+00  6.000000e+00  1.430000e+01
   endloop
 endfacet
 facet normal  1.740299e-15  2.356744e-17  1.000000e+00
   outer loop
     vertex  5.300000e+00  3.059956e+00  1.430000e+01
     vertex  3.298790e+00  8.936197e-02  1.430000e+01
     vertex  3.300000e+00 -8.082669e-16  1.430000e+01
   endloop
 endfacet
 facet normal  1.674265e-15  6.805286e-17  1.000000e+00
   outer loop
     vertex  5.300000e+00  3.059956e+00  1.430000e+01
     vertex  3.295160e+00  1.786584e-01  1.430000e+01
     vertex  3.298790e+00  8.936197e-02  1.430000e+01
   endloop
 endfacet
 facet normal  1.614707e-15  1.094939e-16  1.000000e+00
   outer loop
     vertex  5.300000e+00  3.059956e+00  1.430000e+01
     vertex  3.289114e+00  2.678238e-01  1.430000e+01
     vertex  3.295160e+00  1.786584e-01  1.430000e+01
   endloop
 endfacet
 facet normal  1.560709e-15  1.483834e-16  1.000000e+00
   outer loop
     vertex  5.300000e+00  3.059956e+00  1.430000e+01
     vertex  3.280655e+00  3.567928e-01  1.430000e+01
     vertex  3.289114e+00  2.678238e-01  1.430000e+01
   endloop
 endfacet
 facet normal  1.511519e-15  1.851295e-16  1.000000e+00
   outer loop
     vertex  5.300000e+00  3.059956e+00  1.430000e+01
     vertex  3.269790e+00  4.455000e-01  1.430000e+01
     vertex  3.280655e+00  3.567928e-01  1.430000e+01
   endloop
 endfacet
 facet normal  1.466517e-15  2.200749e-16  1.000000e+00
   outer loop
     vertex  5.300000e+00  3.059956e+00  1.430000e+01
     vertex  3.256528e+00  5.338806e-01  1.430000e+01
     vertex  3.269790e+00  4.455000e-01  1.430000e+01
   endloop
 endfacet
 facet normal  1.425186e-15  2.535103e-16  1.000000e+00
   outer loop
     vertex  5.300000e+00  3.059956e+00  1.430000e+01
     vertex  3.240876e+00  6.218696e-01  1.430000e+01
     vertex  3.256528e+00  5.338806e-01  1.430000e+01
   endloop
 endfacet
 facet normal  1.387089e-15  2.856855e-16  1.000000e+00
   outer loop
     vertex  5.300000e+00  3.059956e+00  1.430000e+01
     vertex  3.222848e+00  7.094025e-01  1.430000e+01
     vertex  3.240876e+00  6.218696e-01  1.430000e+01
   endloop
 endfacet
 facet normal  1.351858e-15  3.168180e-16  1.000000e+00
   outer loop
     vertex  5.300000e+00  3.059956e+00  1.430000e+01
     vertex  3.202456e+00  7.964150e-01  1.430000e+01
     vertex  3.222848e+00  7.094025e-01  1.430000e+01
   endloop
 endfacet
 facet normal  1.319181e-15  3.470991e-16  1.000000e+00
   outer loop
     vertex  5.300000e+00  3.059956e+00  1.430000e+01
     vertex  3.179715e+00  8.828435e-01  1.430000e+01
     vertex  3.202456e+00  7.964150e-01  1.430000e+01
   endloop
 endfacet
 facet normal  1.288787e-15  3.766994e-16  1.000000e+00
   outer loop
     vertex  5.300000e+00  3.059956e+00  1.430000e+01
     vertex  3.154642e+00  9.686245e-01  1.430000e+01
     vertex  3.179715e+00  8.828435e-01  1.430000e+01
   endloop
 endfacet
 facet normal  1.260446e-15  4.057730e-16  1.000000e+00
   outer loop
     vertex  5.300000e+00  3.059956e+00  1.430000e+01
     vertex  3.127255e+00  1.053695e+00  1.430000e+01
     vertex  3.154642e+00  9.686245e-01  1.430000e+01
   endloop
 endfacet
 facet normal  1.233956e-15  4.344610e-16  1.000000e+00
   outer loop
     vertex  5.300000e+00  3.059956e+00  1.430000e+01
     vertex  3.097575e+00  1.137993e+00  1.430000e+01
     vertex  3.127255e+00  1.053695e+00  1.430000e+01
   endloop
 endfacet
 facet normal  1.209143e-15  4.628946e-16  1.000000e+00
   outer loop
     vertex  5.300000e+00  3.059956e+00  1.430000e+01
     vertex  3.065623e+00  1.221456e+00  1.430000e+01
     vertex  3.097575e+00  1.137993e+00  1.430000e+01
   endloop
 endfacet
 facet normal  1.185855e-15  4.911973e-16  1.000000e+00
   outer loop
     vertex  5.300000e+00  3.059956e+00  1.430000e+01
     vertex  3.031423e+00  1.304023e+00  1.430000e+01
     vertex  3.065623e+00  1.221456e+00  1.430000e+01
   endloop
 endfacet
 facet normal  1.163958e-15  5.194871e-16  1.000000e+00
   outer loop
     vertex  5.300000e+00  3.059956e+00  1.430000e+01
     vertex  2.994999e+00  1.385634e+00  1.430000e+01
     vertex  3.031423e+00  1.304023e+00  1.430000e+01
   endloop
 endfacet
 facet normal  1.143335e-15  5.478788e-16  1.000000e+00
   outer loop
     vertex  5.300000e+00  3.059956e+00  1.430000e+01
     vertex  2.956378e+00  1.466229e+00  1.430000e+01
     vertex  2.994999e+00  1.385634e+00  1.430000e+01
   endloop
 endfacet
 facet normal  1.123881e-15  5.764855e-16  1.000000e+00
   outer loop
     vertex  5.300000e+00  3.059956e+00  1.430000e+01
     vertex  2.915590e+00  1.545748e+00  1.430000e+01
     vertex  2.956378e+00  1.466229e+00  1.430000e+01
   endloop
 endfacet
 facet normal  1.105507e-15  6.054202e-16  1.000000e+00
   outer loop
     vertex  5.300000e+00  3.059956e+00  1.430000e+01
     vertex  2.872663e+00  1.624133e+00  1.430000e+01
     vertex  2.915590e+00  1.545748e+00  1.430000e+01
   endloop
 endfacet
 facet normal  1.088129e-15  6.347976e-16  1.000000e+00
   outer loop
     vertex  5.300000e+00  3.059956e+00  1.430000e+01
     vertex  2.827629e+00  1.701328e+00  1.430000e+01
     vertex  2.872663e+00  1.624133e+00  1.430000e+01
   endloop
 endfacet
 facet normal  1.071677e-15  6.647360e-16  1.000000e+00
   outer loop
     vertex  5.300000e+00  3.059956e+00  1.430000e+01
     vertex  2.780521e+00  1.777274e+00  1.430000e+01
     vertex  2.827629e+00  1.701328e+00  1.430000e+01
   endloop
 endfacet
 facet normal  1.056087e-15  6.953585e-16  1.000000e+00
   outer loop
     vertex  5.300000e+00  3.059956e+00  1.430000e+01
     vertex  2.731374e+00  1.851917e+00  1.430000e+01
     vertex  2.780521e+00  1.777274e+00  1.430000e+01
   endloop
 endfacet
 facet normal  1.041302e-15  7.267953e-16  1.000000e+00
   outer loop
     vertex  5.300000e+00  3.059956e+00  1.430000e+01
     vertex  2.680223e+00  1.925202e+00  1.430000e+01
     vertex  2.731374e+00  1.851917e+00  1.430000e+01
   endloop
 endfacet
 facet normal  1.027273e-15  7.591854e-16  1.000000e+00
   outer loop
     vertex  5.300000e+00  3.059956e+00  1.430000e+01
     vertex  2.627107e+00  1.997075e+00  1.430000e+01
     vertex  2.680223e+00  1.925202e+00  1.430000e+01
   endloop
 endfacet
 facet normal  1.013954e-15  7.926790e-16  1.000000e+00
   outer loop
     vertex  5.300000e+00  3.059956e+00  1.430000e+01
     vertex  2.572064e+00  2.067483e+00  1.430000e+01
     vertex  2.627107e+00  1.997075e+00  1.430000e+01
   endloop
 endfacet
 facet normal  1.001307e-15  8.274401e-16  1.000000e+00
   outer loop
     vertex  5.300000e+00  3.059956e+00  1.430000e+01
     vertex  2.515135e+00  2.136375e+00  1.430000e+01
     vertex  2.572064e+00  2.067483e+00  1.430000e+01
   endloop
 endfacet
 facet normal  9.892985e-16  8.636494e-16  1.000000e+00
   outer loop
     vertex  5.300000e+00  3.059956e+00  1.430000e+01
     vertex  2.456361e+00  2.203700e+00  1.430000e+01
     vertex  2.515135e+00  2.136375e+00  1.430000e+01
   endloop
 endfacet
 facet normal  9.778988e-16  9.015077e-16  1.000000e+00
   outer loop
     vertex  5.300000e+00  3.059956e+00  1.430000e+01
     vertex  2.395785e+00  2.269408e+00  1.430000e+01
     vertex  2.456361e+00  2.203700e+00  1.430000e+01
   endloop
 endfacet
 facet normal  1.710542e-14  2.962746e-14  1.000000e+00
   outer loop
     vertex  5.300000e+00  3.059956e+00  1.430000e+01
     vertex  3.747366e-16  6.119913e+00  1.430000e+01
     vertex  0.000000e+00  6.000000e+00  1.430000e+01
   endloop
 endfacet
 facet normal  9.670833e-16  9.412405e-16  1.000000e+00
   outer loop
     vertex  5.300000e+00  3.059956e+00  1.430000e+01
     vertex  2.333452e+00  2.333452e+00  1.430000e+01
     vertex  2.395785e+00  2.269408e+00  1.430000e+01
   endloop
 endfacet
 facet normal  9.568314e-16  9.831023e-16  1.000000e+00
   outer loop
     vertex  5.300000e+00  3.059956e+00  1.430000e+01
     vertex  2.269408e+00  2.395785e+00  1.430000e+01
     vertex  2.333452e+00  2.333452e+00  1.430000e+01
   endloop
 endfacet
 facet normal  9.471269e-16  1.027384e-15  1.000000e+00
   outer loop
     vertex  5.300000e+00  3.059956e+00  1.430000e+01
     vertex  2.203700e+00  2.456361e+00  1.430000e+01
     vertex  2.269408e+00  2.395785e+00  1.430000e+01
   endloop
 endfacet
 facet normal  9.379580e-16  1.074418e-15  1.000000e+00
   outer loop
     vertex  5.300000e+00  3.059956e+00  1.430000e+01
     vertex  2.136375e+00  2.515135e+00  1.430000e+01
     vertex  2.203700e+00  2.456361e+00  1.430000e+01
   endloop
 endfacet
 facet normal  9.293174e-16  1.124591e-15  1.000000e+00
   outer loop
     vertex  5.300000e+00  3.059956e+00  1.430000e+01
     vertex  2.067483e+00  2.572064e+00  1.430000e+01
     vertex  2.136375e+00  2.515135e+00  1.430000e+01
   endloop
 endfacet
 facet normal  9.212027e-16  1.178355e-15  1.000000e+00
   outer loop
     vertex  5.300000e+00  3.059956e+00  1.430000e+01
     vertex  1.997075e+00  2.627107e+00  1.430000e+01
     vertex  2.067483e+00  2.572064e+00  1.430000e+01
   endloop
 endfacet
 facet normal  9.136171e-16  1.236238e-15  1.000000e+00
   outer loop
     vertex  5.300000e+00  3.059956e+00  1.430000e+01
     vertex  1.925202e+00  2.680223e+00  1.430000e+01
     vertex  1.997075e+00  2.627107e+00  1.430000e+01
   endloop
 endfacet
 facet normal  9.065697e-16  1.298871e-15  1.000000e+00
   outer loop
     vertex  5.300000e+00  3.059956e+00  1.430000e+01
     vertex  1.851917e+00  2.731374e+00  1.430000e+01
     vertex  1.925202e+00  2.680223e+00  1.430000e+01
   endloop
 endfacet
 facet normal  9.000767e-16  1.367006e-15  1.000000e+00
   outer loop
     vertex  5.300000e+00  3.059956e+00  1.430000e+01
     vertex  1.777274e+00  2.780521e+00  1.430000e+01
     vertex  1.851917e+00  2.731374e+00  1.430000e+01
   endloop
 endfacet
 facet normal  8.941632e-16  1.441556e-15  1.000000e+00
   outer loop
     vertex  5.300000e+00  3.059956e+00  1.430000e+01
     vertex  1.701328e+00  2.827629e+00  1.430000e+01
     vertex  1.777274e+00  2.780521e+00  1.430000e+01
   endloop
 endfacet
 facet normal  8.888643e-16  1.523634e-15  1.000000e+00
   outer loop
     vertex  5.300000e+00  3.059956e+00  1.430000e+01
     vertex  1.624133e+00  2.872663e+00  1.430000e+01
     vertex  1.701328e+00  2.827629e+00  1.430000e+01
   endloop
 endfacet
 facet normal  1.776357e-15 -5.156027e-31  1.000000e+00
   outer loop
     vertex  5.300000e+00  3.059956e+00  1.430000e+01
     vertex  3.300000e+00 -8.082669e-16  1.430000e+01
     vertex  5.300000e+00 -3.059956e+00  1.430000e+01
   endloop
 endfacet
 facet normal  9.415815e-16  4.889955e-16  1.000000e+00
   outer loop
     vertex  5.300000e+00  3.059956e+00  1.430000e+01
     vertex  0.000000e+00  6.000000e+00  1.430000e+01
     vertex  1.624133e+00  2.872663e+00  1.430000e+01
   endloop
 endfacet
 facet normal  5.000000e-01  8.660254e-01 -2.266991e-19
   outer loop
     vertex -1.124210e-15 -6.119913e+00  1.430000e+01
     vertex -2.076952e-01 -6.000000e+00  1.430000e+01
     vertex -2.076952e-01 -6.000000e+00  2.030000e+01
   endloop
 endfacet
 facet normal  5.000000e-01  8.660254e-01 -0.000000e+00
   outer loop
     vertex -1.124210e-15 -6.119913e+00  1.430000e+01
     vertex -2.076952e-01 -6.000000e+00  2.030000e+01
     vertex -1.124210e-15 -6.119913e+00  2.030000e+01
   endloop
 endfacet
 facet normal  3.421085e-14  5.925493e-14 -1.000000e+00
   outer loop
     vertex  0.000000e+00 -6.000000e+00  2.030000e+01
     vertex -1.124210e-15 -6.119913e+00  2.030000e+01
     vertex -2.076952e-01 -6.000000e+00  2.030000e+01
   endloop
 endfacet
 facet normal  0.000000e+00  0.000000e+00 -1.000000e+00
   outer loop
     vertex  8.936197e-02 -3.298790e+00  2.030000e+01
     vertex  0.000000e+00 -6.000000e+00  2.030000e+01
     vertex -6.062002e-16 -3.300000e+00  2.030000e+01
   endloop
 endfacet
 facet normal  0.000000e+00  0.000000e+00 -1.000000e+00
   outer loop
     vertex  1.786584e-01 -3.295160e+00  2.030000e+01
     vertex  0.000000e+00 -6.000000e+00  2.030000e+01
     vertex  8.936197e-02 -3.298790e+00  2.030000e+01
   endloop
 endfacet
 facet normal  0.000000e+00  0.000000e+00 -1.000000e+00
   outer loop
     vertex  2.678238e-01 -3.289114e+00  2.030000e+01
     vertex  0.000000e+00 -6.000000e+00  2.030000e+01
     vertex  1.786584e-01 -3.295160e+00  2.030000e+01
   endloop
 endfacet
 facet normal  0.000000e+00  0.000000e+00 -1.000000e+00
   outer loop
     vertex  3.567928e-01 -3.280655e+00  2.030000e+01
     vertex  0.000000e+00 -6.000000e+00  2.030000e+01
     vertex  2.678238e-01 -3.289114e+00  2.030000e+01
   endloop
 endfacet
 facet normal  0.000000e+00  0.000000e+00 -1.000000e+00
   outer loop
     vertex  4.455000e-01 -3.269790e+00  2.030000e+01
     vertex  0.000000e+00 -6.000000e+00  2.030000e+01
     vertex  3.567928e-01 -3.280655e+00  2.030000e+01
   endloop
 endfacet
 facet normal  0.000000e+00  0.000000e+00 -1.000000e+00
   outer loop
     vertex  5.338806e-01 -3.256528e+00  2.030000e+01
     vertex  0.000000e+00 -6.000000e+00  2.030000e+01
     vertex  4.455000e-01 -3.269790e+00  2.030000e+01
   endloop
 endfacet
 facet normal  0.000000e+00  0.000000e+00 -1.000000e+00
   outer loop
     vertex  6.218696e-01 -3.240876e+00  2.030000e+01
     vertex  0.000000e+00 -6.000000e+00  2.030000e+01
     vertex  5.338806e-01 -3.256528e+00  2.030000e+01
   endloop
 endfacet
 facet normal  0.000000e+00  0.000000e+00 -1.000000e+00
   outer loop
     vertex  7.094025e-01 -3.222848e+00  2.030000e+01
     vertex  0.000000e+00 -6.000000e+00  2.030000e+01
     vertex  6.218696e-01 -3.240876e+00  2.030000e+01
   endloop
 endfacet
 facet normal  0.000000e+00  0.000000e+00 -1.000000e+00
   outer loop
     vertex  7.964150e-01 -3.202456e+00  2.030000e+01
     vertex  0.000000e+00 -6.000000e+00  2.030000e+01
     vertex  7.094025e-01 -3.222848e+00  2.030000e+01
   endloop
 endfacet
 facet normal  0.000000e+00  0.000000e+00 -1.000000e+00
   outer loop
     vertex  8.828435e-01 -3.179715e+00  2.030000e+01
     vertex  0.000000e+00 -6.000000e+00  2.030000e+01
     vertex  7.964150e-01 -3.202456e+00  2.030000e+01
   endloop
 endfacet
 facet normal  0.000000e+00  0.000000e+00 -1.000000e+00
   outer loop
     vertex  9.686245e-01 -3.154642e+00  2.030000e+01
     vertex  0.000000e+00 -6.000000e+00  2.030000e+01
     vertex  8.828435e-01 -3.179715e+00  2.030000e+01
   endloop
 endfacet
 facet normal  0.000000e+00  0.000000e+00 -1.000000e+00
   outer loop
     vertex  1.053695e+00 -3.127255e+00  2.030000e+01
     vertex  0.000000e+00 -6.000000e+00  2.030000e+01
     vertex  9.686245e-01 -3.154642e+00  2.030000e+01
   endloop
 endfacet
 facet normal  0.000000e+00  0.000000e+00 -1.000000e+00
   outer loop
     vertex  1.137993e+00 -3.097575e+00  2.030000e+01
     vertex  0.000000e+00 -6.000000e+00  2.030000e+01
     vertex  1.053695e+00 -3.127255e+00  2.030000e+01
   endloop
 endfacet
 facet normal  0.000000e+00  0.000000e+00 -1.000000e+00
   outer loop
     vertex  1.221456e+00 -3.065623e+00  2.030000e+01
     vertex  0.000000e+00 -6.000000e+00  2.030000e+01
     vertex  1.137993e+00 -3.097575e+00  2.030000e+01
   endloop
 endfacet
 facet normal  0.000000e+00  0.000000e+00 -1.000000e+00
   outer loop
     vertex  1.304023e+00 -3.031423e+00  2.030000e+01
     vertex  0.000000e+00 -6.000000e+00  2.030000e+01
     vertex  1.221456e+00 -3.065623e+00  2.030000e+01
   endloop
 endfacet
 facet normal  0.000000e+00  0.000000e+00 -1.000000e+00
   outer loop
     vertex  1.385634e+00 -2.994999e+00  2.030000e+01
     vertex  0.000000e+00 -6.000000e+00  2.030000e+01
     vertex  1.304023e+00 -3.031423e+00  2.030000e+01
   endloop
 endfacet
 facet normal  0.000000e+00  0.000000e+00 -1.000000e+00
   outer loop
     vertex  1.466229e+00 -2.956378e+00  2.030000e+01
     vertex  0.000000e+00 -6.000000e+00  2.030000e+01
     vertex  1.385634e+00 -2.994999e+00  2.030000e+01
   endloop
 endfacet
 facet normal  0.000000e+00  0.000000e+00 -1.000000e+00
   outer loop
     vertex  1.545748e+00 -2.915590e+00  2.030000e+01
     vertex  0.000000e+00 -6.000000e+00  2.030000e+01
     vertex  1.466229e+00 -2.956378e+00  2.030000e+01
   endloop
 endfacet
 facet normal  0.000000e+00  0.000000e+00 -1.000000e+00
   outer loop
     vertex  1.624133e+00 -2.872663e+00  2.030000e+01
     vertex  0.000000e+00 -6.000000e+00  2.030000e+01
     vertex  1.545748e+00 -2.915590e+00  2.030000e+01
   endloop
 endfacet
 facet normal -2.143355e-15  1.329472e-15 -1.000000e+00
   outer loop
     vertex  5.300000e+00 -3.059956e+00  2.030000e+01
     vertex  2.780521e+00 -1.777274e+00  2.030000e+01
     vertex  2.827629e+00 -1.701328e+00  2.030000e+01
   endloop
 endfacet
 facet normal -2.176258e-15  1.269595e-15 -1.000000e+00
   outer loop
     vertex  5.300000e+00 -3.059956e+00  2.030000e+01
     vertex  2.827629e+00 -1.701328e+00  2.030000e+01
     vertex  2.872663e+00 -1.624133e+00  2.030000e+01
   endloop
 endfacet
 facet normal -2.211013e-15  1.210840e-15 -1.000000e+00
   outer loop
     vertex  5.300000e+00 -3.059956e+00  2.030000e+01
     vertex  2.872663e+00 -1.624133e+00  2.030000e+01
     vertex  2.915590e+00 -1.545748e+00  2.030000e+01
   endloop
 endfacet
 facet normal -2.247763e-15  1.152971e-15 -1.000000e+00
   outer loop
     vertex  5.300000e+00 -3.059956e+00  2.030000e+01
     vertex  2.915590e+00 -1.545748e+00  2.030000e+01
     vertex  2.956378e+00 -1.466229e+00  2.030000e+01
   endloop
 endfacet
 facet normal -2.286670e-15  1.095758e-15 -1.000000e+00
   outer loop
     vertex  5.300000e+00 -3.059956e+00  2.030000e+01
     vertex  2.956378e+00 -1.466229e+00  2.030000e+01
     vertex  2.994999e+00 -1.385634e+00  2.030000e+01
   endloop
 endfacet
 facet normal -2.327916e-15  1.038974e-15 -1.000000e+00
   outer loop
     vertex  5.300000e+00 -3.059956e+00  2.030000e+01
     vertex  2.994999e+00 -1.385634e+00  2.030000e+01
     vertex  3.031423e+00 -1.304023e+00  2.030000e+01
   endloop
 endfacet
 facet normal -2.371710e-15  9.823946e-16 -1.000000e+00
   outer loop
     vertex  5.300000e+00 -3.059956e+00  2.030000e+01
     vertex  3.031423e+00 -1.304023e+00  2.030000e+01
     vertex  3.065623e+00 -1.221456e+00  2.030000e+01
   endloop
 endfacet
 facet normal -2.418286e-15  9.257893e-16 -1.000000e+00
   outer loop
     vertex  5.300000e+00 -3.059956e+00  2.030000e+01
     vertex  3.065623e+00 -1.221456e+00  2.030000e+01
     vertex  3.097575e+00 -1.137993e+00  2.030000e+01
   endloop
 endfacet
 facet normal -2.467912e-15  8.689221e-16 -1.000000e+00
   outer loop
     vertex  5.300000e+00 -3.059956e+00  2.030000e+01
     vertex  3.097575e+00 -1.137993e+00  2.030000e+01
     vertex  3.127255e+00 -1.053695e+00  2.030000e+01
   endloop
 endfacet
 facet normal -2.520892e-15  8.115460e-16 -1.000000e+00
   outer loop
     vertex  5.300000e+00 -3.059956e+00  2.030000e+01
     vertex  3.127255e+00 -1.053695e+00  2.030000e+01
     vertex  3.154642e+00 -9.686245e-01  2.030000e+01
   endloop
 endfacet
 facet normal -3.421085e-14  5.925493e-14 -1.000000e+00
   outer loop
     vertex  5.300000e+00 -3.059956e+00  2.030000e+01
     vertex -1.124210e-15 -6.119913e+00  2.030000e+01
     vertex  0.000000e+00 -6.000000e+00  2.030000e+01
   endloop
 endfacet
 facet normal -1.883163e-15  9.779910e-16 -1.000000e+00
   outer loop
     vertex  5.300000e+00 -3.059956e+00  2.030000e+01
     vertex  0.000000e+00 -6.000000e+00  2.030000e+01
     vertex  1.624133e+00 -2.872663e+00  2.030000e+01
   endloop
 endfacet
 facet normal -1.777729e-15  3.047268e-15 -1.000000e+00
   outer loop
     vertex  5.300000e+00 -3.059956e+00  2.030000e+01
     vertex  1.624133e+00 -2.872663e+00  2.030000e+01
     vertex  1.701328e+00 -2.827629e+00  2.030000e+01
   endloop
 endfacet
 facet normal -1.788326e-15  2.883113e-15 -1.000000e+00
   outer loop
     vertex  5.300000e+00 -3.059956e+00  2.030000e+01
     vertex  1.701328e+00 -2.827629e+00  2.030000e+01
     vertex  1.777274e+00 -2.780521e+00  2.030000e+01
   endloop
 endfacet
 facet normal -1.800153e-15  2.734013e-15 -1.000000e+00
   outer loop
     vertex  5.300000e+00 -3.059956e+00  2.030000e+01
     vertex  1.777274e+00 -2.780521e+00  2.030000e+01
     vertex  1.851917e+00 -2.731374e+00  2.030000e+01
   endloop
 endfacet
 facet normal -1.813139e-15  2.597741e-15 -1.000000e+00
   outer loop
     vertex  5.300000e+00 -3.059956e+00  2.030000e+01
     vertex  1.851917e+00 -2.731374e+00  2.030000e+01
     vertex  1.925202e+00 -2.680223e+00  2.030000e+01
   endloop
 endfacet
 facet normal -1.827234e-15  2.472476e-15 -1.000000e+00
   outer loop
     vertex  5.300000e+00 -3.059956e+00  2.030000e+01
     vertex  1.925202e+00 -2.680223e+00  2.030000e+01
     vertex  1.997075e+00 -2.627107e+00  2.030000e+01
   endloop
 endfacet
 facet normal -1.842405e-15  2.356709e-15 -1.000000e+00
   outer loop
     vertex  5.300000e+00 -3.059956e+00  2.030000e+01
     vertex  1.997075e+00 -2.627107e+00  2.030000e+01
     vertex  2.067483e+00 -2.572064e+00  2.030000e+01
   endloop
 endfacet
 facet normal -1.858635e-15  2.249183e-15 -1.000000e+00
   outer loop
     vertex  5.300000e+00 -3.059956e+00  2.030000e+01
     vertex  2.067483e+00 -2.572064e+00  2.030000e+01
     vertex  2.136375e+00 -2.515135e+00  2.030000e+01
   endloop
 endfacet
 facet normal -1.875916e-15  2.148836e-15 -1.000000e+00
   outer loop
     vertex  5.300000e+00 -3.059956e+00  2.030000e+01
     vertex  2.136375e+00 -2.515135e+00  2.030000e+01
     vertex  2.203700e+00 -2.456361e+00  2.030000e+01
   endloop
 endfacet
 facet normal -1.894254e-15  2.054767e-15 -1.000000e+00
   outer loop
     vertex  5.300000e+00 -3.059956e+00  2.030000e+01
     vertex  2.203700e+00 -2.456361e+00  2.030000e+01
     vertex  2.269408e+00 -2.395785e+00  2.030000e+01
   endloop
 endfacet
 facet normal -1.913663e-15  1.966205e-15 -1.000000e+00
   outer loop
     vertex  5.300000e+00 -3.059956e+00  2.030000e+01
     vertex  2.269408e+00 -2.395785e+00  2.030000e+01
     vertex  2.333452e+00 -2.333452e+00  2.030000e+01
   endloop
 endfacet
 facet normal -1.934167e-15  1.882481e-15 -1.000000e+00
   outer loop
     vertex  5.300000e+00 -3.059956e+00  2.030000e+01
     vertex  2.333452e+00 -2.333452e+00  2.030000e+01
     vertex  2.395785e+00 -2.269408e+00  2.030000e+01
   endloop
 endfacet
 facet normal -1.955798e-15  1.803015e-15 -1.000000e+00
   outer loop
     vertex  5.300000e+00 -3.059956e+00  2.030000e+01
     vertex  2.395785e+00 -2.269408e+00  2.030000e+01
     vertex  2.456361e+00 -2.203700e+00  2.030000e+01
   endloop
 endfacet
 facet normal -1.978597e-15  1.727299e-15 -1.000000e+00
   outer loop
     vertex  5.300000e+00 -3.059956e+00  2.030000e+01
     vertex  2.456361e+00 -2.203700e+00  2.030000e+01
     vertex  2.515135e+00 -2.136375e+00  2.030000e+01
   endloop
 endfacet
 facet normal -2.002614e-15  1.654880e-15 -1.000000e+00
   outer loop
     vertex  5.300000e+00 -3.059956e+00  2.030000e+01
     vertex  2.515135e+00 -2.136375e+00  2.030000e+01
     vertex  2.572064e+00 -2.067483e+00  2.030000e+01
   endloop
 endfacet
 facet normal -2.027908e-15  1.585358e-15 -1.000000e+00
   outer loop
     vertex  5.300000e+00 -3.059956e+00  2.030000e+01
     vertex  2.572064e+00 -2.067483e+00  2.030000e+01
     vertex  2.627107e+00 -1.997075e+00  2.030000e+01
   endloop
 endfacet
 facet normal -2.054545e-15  1.518371e-15 -1.000000e+00
   outer loop
     vertex  5.300000e+00 -3.059956e+00  2.030000e+01
     vertex  2.627107e+00 -1.997075e+00  2.030000e+01
     vertex  2.680223e+00 -1.925202e+00  2.030000e+01
   endloop
 endfacet
 facet normal -2.082605e-15  1.453591e-15 -1.000000e+00
   outer loop
     vertex  5.300000e+00 -3.059956e+00  2.030000e+01
     vertex  2.680223e+00 -1.925202e+00  2.030000e+01
     vertex  2.731374e+00 -1.851917e+00  2.030000e+01
   endloop
 endfacet
 facet normal -2.112174e-15  1.390717e-15 -1.000000e+00
   outer loop
     vertex  5.300000e+00 -3.059956e+00  2.030000e+01
     vertex  2.731374e+00 -1.851917e+00  2.030000e+01
     vertex  2.780521e+00 -1.777274e+00  2.030000e+01
   endloop
 endfacet
 facet normal -2.577575e-15  7.533988e-16 -1.000000e+00
   outer loop
     vertex  3.179715e+00 -8.828435e-01  2.030000e+01
     vertex  5.300000e+00 -3.059956e+00  2.030000e+01
     vertex  3.154642e+00 -9.686245e-01  2.030000e+01
   endloop
 endfacet
 facet normal -2.638362e-15  6.941983e-16 -1.000000e+00
   outer loop
     vertex  3.202456e+00 -7.964150e-01  2.030000e+01
     vertex  5.300000e+00 -3.059956e+00  2.030000e+01
     vertex  3.179715e+00 -8.828435e-01  2.030000e+01
   endloop
 endfacet
 facet normal -2.703717e-15  6.336361e-16 -1.000000e+00
   outer loop
     vertex  3.222848e+00 -7.094025e-01  2.030000e+01
     vertex  5.300000e+00 -3.059956e+00  2.030000e+01
     vertex  3.202456e+00 -7.964150e-01  2.030000e+01
   endloop
 endfacet
 facet normal -2.774178e-15  5.713711e-16 -1.000000e+00
   outer loop
     vertex  3.240876e+00 -6.218696e-01  2.030000e+01
     vertex  5.300000e+00 -3.059956e+00  2.030000e+01
     vertex  3.222848e+00 -7.094025e-01  2.030000e+01
   endloop
 endfacet
 facet normal -2.850371e-15  5.070205e-16 -1.000000e+00
   outer loop
     vertex  3.256528e+00 -5.338806e-01  2.030000e+01
     vertex  5.300000e+00 -3.059956e+00  2.030000e+01
     vertex  3.240876e+00 -6.218696e-01  2.030000e+01
   endloop
 endfacet
 facet normal -2.933035e-15  4.401498e-16 -1.000000e+00
   outer loop
     vertex  3.269790e+00 -4.455000e-01  2.030000e+01
     vertex  5.300000e+00 -3.059956e+00  2.030000e+01
     vertex  3.256528e+00 -5.338806e-01  2.030000e+01
   endloop
 endfacet
 facet normal -3.023038e-15  3.702591e-16 -1.000000e+00
   outer loop
     vertex  3.280655e+00 -3.567928e-01  2.030000e+01
     vertex  5.300000e+00 -3.059956e+00  2.030000e+01
     vertex  3.269790e+00 -4.455000e-01  2.030000e+01
   endloop
 endfacet
 facet normal -3.121418e-15  2.967668e-16 -1.000000e+00
   outer loop
     vertex  3.289114e+00 -2.678238e-01  2.030000e+01
     vertex  5.300000e+00 -3.059956e+00  2.030000e+01
     vertex  3.280655e+00 -3.567928e-01  2.030000e+01
   endloop
 endfacet
 facet normal -3.229414e-15  2.189878e-16 -1.000000e+00
   outer loop
     vertex  3.295160e+00 -1.786584e-01  2.030000e+01
     vertex  5.300000e+00 -3.059956e+00  2.030000e+01
     vertex  3.289114e+00 -2.678238e-01  2.030000e+01
   endloop
 endfacet
 facet normal -3.348530e-15  1.361057e-16 -1.000000e+00
   outer loop
     vertex  3.298790e+00 -8.936197e-02  2.030000e+01
     vertex  5.300000e+00 -3.059956e+00  2.030000e+01
     vertex  3.295160e+00 -1.786584e-01  2.030000e+01
   endloop
 endfacet
 facet normal -3.480598e-15  4.713487e-17 -1.000000e+00
   outer loop
     vertex  3.300000e+00 -8.082669e-16  2.030000e+01
     vertex  5.300000e+00 -3.059956e+00  2.030000e+01
     vertex  3.298790e+00 -8.936197e-02  2.030000e+01
   endloop
 endfacet
 facet normal  0.000000e+00  0.000000e+00 -1.000000e+00
   outer loop
     vertex  0.000000e+00  6.000000e+00  2.030000e+01
     vertex  1.624133e+00  2.872663e+00  2.030000e+01
     vertex  1.545748e+00  2.915590e+00  2.030000e+01
   endloop
 endfacet
 facet normal  0.000000e+00  0.000000e+00 -1.000000e+00
   outer loop
     vertex  0.000000e+00  6.000000e+00  2.030000e+01
     vertex  1.545748e+00  2.915590e+00  2.030000e+01
     vertex  1.466229e+00  2.956378e+00  2.030000e+01
   endloop
 endfacet
 facet normal  0.000000e+00  0.000000e+00 -1.000000e+00
   outer loop
     vertex  0.000000e+00  6.000000e+00  2.030000e+01
     vertex  1.466229e+00  2.956378e+00  2.030000e+01
     vertex  1.385634e+00  2.994999e+00  2.030000e+01
   endloop
 endfacet
 facet normal  0.000000e+00  0.000000e+00 -1.000000e+00
   outer loop
     vertex  0.000000e+00  6.000000e+00  2.030000e+01
     vertex  1.385634e+00  2.994999e+00  2.030000e+01
     vertex  1.304023e+00  3.031423e+00  2.030000e+01
   endloop
 endfacet
 facet normal  0.000000e+00  0.000000e+00 -1.000000e+00
   outer loop
     vertex  0.000000e+00  6.000000e+00  2.030000e+01
     vertex  1.304023e+00  3.031423e+00  2.030000e+01
     vertex  1.221456e+00  3.065623e+00  2.030000e+01
   endloop
 endfacet
 facet normal  0.000000e+00  0.000000e+00 -1.000000e+00
   outer loop
     vertex  0.000000e+00  6.000000e+00  2.030000e+01
     vertex  1.221456e+00  3.065623e+00  2.030000e+01
     vertex  1.137993e+00  3.097575e+00  2.030000e+01
   endloop
 endfacet
 facet normal  0.000000e+00  0.000000e+00 -1.000000e+00
   outer loop
     vertex  0.000000e+00  6.000000e+00  2.030000e+01
     vertex  1.137993e+00  3.097575e+00  2.030000e+01
     vertex  1.053695e+00  3.127255e+00  2.030000e+01
   endloop
 endfacet
 facet normal  0.000000e+00  0.000000e+00 -1.000000e+00
   outer loop
     vertex  0.000000e+00  6.000000e+00  2.030000e+01
     vertex  1.053695e+00  3.127255e+00  2.030000e+01
     vertex  9.686245e-01  3.154642e+00  2.030000e+01
   endloop
 endfacet
 facet normal  0.000000e+00  0.000000e+00 -1.000000e+00
   outer loop
     vertex  0.000000e+00  6.000000e+00  2.030000e+01
     vertex  9.686245e-01  3.154642e+00  2.030000e+01
     vertex  8.828435e-01  3.179715e+00  2.030000e+01
   endloop
 endfacet
 facet normal  0.000000e+00  0.000000e+00 -1.000000e+00
   outer loop
     vertex  0.000000e+00  6.000000e+00  2.030000e+01
     vertex  8.828435e-01  3.179715e+00  2.030000e+01
     vertex  7.964150e-01  3.202456e+00  2.030000e+01
   endloop
 endfacet
 facet normal  0.000000e+00  0.000000e+00 -1.000000e+00
   outer loop
     vertex  0.000000e+00  6.000000e+00  2.030000e+01
     vertex  7.964150e-01  3.202456e+00  2.030000e+01
     vertex  7.094025e-01  3.222848e+00  2.030000e+01
   endloop
 endfacet
 facet normal  0.000000e+00  0.000000e+00 -1.000000e+00
   outer loop
     vertex  0.000000e+00  6.000000e+00  2.030000e+01
     vertex  7.094025e-01  3.222848e+00  2.030000e+01
     vertex  6.218696e-01  3.240876e+00  2.030000e+01
   endloop
 endfacet
 facet normal  0.000000e+00  0.000000e+00 -1.000000e+00
   outer loop
     vertex  0.000000e+00  6.000000e+00  2.030000e+01
     vertex  6.218696e-01  3.240876e+00  2.030000e+01
     vertex  5.338806e-01  3.256528e+00  2.030000e+01
   endloop
 endfacet
 facet normal  0.000000e+00  0.000000e+00 -1.000000e+00
   outer loop
     vertex  0.000000e+00  6.000000e+00  2.030000e+01
     vertex  5.338806e-01  3.256528e+00  2.030000e+01
     vertex  4.455000e-01  3.269790e+00  2.030000e+01
   endloop
 endfacet
 facet normal  0.000000e+00  0.000000e+00 -1.000000e+00
   outer loop
     vertex  0.000000e+00  6.000000e+00  2.030000e+01
     vertex  4.455000e-01  3.269790e+00  2.030000e+01
     vertex  3.567928e-01  3.280655e+00  2.030000e+01
   endloop
 endfacet
 facet normal  0.000000e+00  0.000000e+00 -1.000000e+00
   outer loop
     vertex  0.000000e+00  6.000000e+00  2.030000e+01
     vertex  3.567928e-01  3.280655e+00  2.030000e+01
     vertex  2.678238e-01  3.289114e+00  2.030000e+01
   endloop
 endfacet
 facet normal  0.000000e+00  0.000000e+00 -1.000000e+00
   outer loop
     vertex  0.000000e+00  6.000000e+00  2.030000e+01
     vertex  2.678238e-01  3.289114e+00  2.030000e+01
     vertex  1.786584e-01  3.295160e+00  2.030000e+01
   endloop
 endfacet
 facet normal  0.000000e+00  0.000000e+00 -1.000000e+00
   outer loop
     vertex  0.000000e+00  6.000000e+00  2.030000e+01
     vertex  1.786584e-01  3.295160e+00  2.030000e+01
     vertex  8.936197e-02  3.298790e+00  2.030000e+01
   endloop
 endfacet
 facet normal  0.000000e+00  0.000000e+00 -1.000000e+00
   outer loop
     vertex  0.000000e+00  6.000000e+00  2.030000e+01
     vertex  8.936197e-02  3.298790e+00  2.030000e+01
     vertex  2.020667e-16  3.300000e+00  2.030000e+01
   endloop
 endfacet
 facet normal  3.421085e-14 -5.925493e-14 -1.000000e+00
   outer loop
     vertex  3.747366e-16  6.119913e+00  2.030000e+01
     vertex  0.000000e+00  6.000000e+00  2.030000e+01
     vertex -2.076952e-01  6.000000e+00  2.030000e+01
   endloop
 endfacet
 facet normal -3.480598e-15 -4.713487e-17 -1.000000e+00
   outer loop
     vertex  5.300000e+00  3.059956e+00  2.030000e+01
     vertex  3.300000e+00 -8.082669e-16  2.030000e+01
     vertex  3.298790e+00  8.936197e-02  2.030000e+01
   endloop
 endfacet
 facet normal -3.348530e-15 -1.361057e-16 -1.000000e+00
   outer loop
     vertex  5.300000e+00  3.059956e+00  2.030000e+01
     vertex  3.298790e+00  8.936197e-02  2.030000e+01
     vertex  3.295160e+00  1.786584e-01  2.030000e+01
   endloop
 endfacet
 facet normal -3.229414e-15 -2.189878e-16 -1.000000e+00
   outer loop
     vertex  5.300000e+00  3.059956e+00  2.030000e+01
     vertex  3.295160e+00  1.786584e-01  2.030000e+01
     vertex  3.289114e+00  2.678238e-01  2.030000e+01
   endloop
 endfacet
 facet normal -3.121418e-15 -2.967668e-16 -1.000000e+00
   outer loop
     vertex  5.300000e+00  3.059956e+00  2.030000e+01
     vertex  3.289114e+00  2.678238e-01  2.030000e+01
     vertex  3.280655e+00  3.567928e-01  2.030000e+01
   endloop
 endfacet
 facet normal -3.023038e-15 -3.702591e-16 -1.000000e+00
   outer loop
     vertex  5.300000e+00  3.059956e+00  2.030000e+01
     vertex  3.280655e+00  3.567928e-01  2.030000e+01
     vertex  3.269790e+00  4.455000e-01  2.030000e+01
   endloop
 endfacet
 facet normal -2.933035e-15 -4.401498e-16 -1.000000e+00
   outer loop
     vertex  5.300000e+00  3.059956e+00  2.030000e+01
     vertex  3.269790e+00  4.455000e-01  2.030000e+01
     vertex  3.256528e+00  5.338806e-01  2.030000e+01
   endloop
 endfacet
 facet normal -2.850371e-15 -5.070205e-16 -1.000000e+00
   outer loop
     vertex  5.300000e+00  3.059956e+00  2.030000e+01
     vertex  3.256528e+00  5.338806e-01  2.030000e+01
     vertex  3.240876e+00  6.218696e-01  2.030000e+01
   endloop
 endfacet
 facet normal -2.774178e-15 -5.713711e-16 -1.000000e+00
   outer loop
     vertex  5.300000e+00  3.059956e+00  2.030000e+01
     vertex  3.240876e+00  6.218696e-01  2.030000e+01
     vertex  3.222848e+00  7.094025e-01  2.030000e+01
   endloop
 endfacet
 facet normal -2.703717e-15 -6.336361e-16 -1.000000e+00
   outer loop
     vertex  5.300000e+00  3.059956e+00  2.030000e+01
     vertex  3.222848e+00  7.094025e-01  2.030000e+01
     vertex  3.202456e+00  7.964150e-01  2.030000e+01
   endloop
 endfacet
 facet normal -2.638362e-15 -6.941983e-16 -1.000000e+00
   outer loop
     vertex  5.300000e+00  3.059956e+00  2.030000e+01
     vertex  3.202456e+00  7.964150e-01  2.030000e+01
     vertex  3.179715e+00  8.828435e-01  2.030000e+01
   endloop
 endfacet
 facet normal -2.577575e-15 -7.533988e-16 -1.000000e+00
   outer loop
     vertex  5.300000e+00  3.059956e+00  2.030000e+01
     vertex  3.179715e+00  8.828435e-01  2.030000e+01
     vertex  3.154642e+00  9.686245e-01  2.030000e+01
   endloop
 endfacet
 facet normal -2.520892e-15 -8.115460e-16 -1.000000e+00
   outer loop
     vertex  5.300000e+00  3.059956e+00  2.030000e+01
     vertex  3.154642e+00  9.686245e-01  2.030000e+01
     vertex  3.127255e+00  1.053695e+00  2.030000e+01
   endloop
 endfacet
 facet normal -2.467912e-15 -8.689221e-16 -1.000000e+00
   outer loop
     vertex  5.300000e+00  3.059956e+00  2.030000e+01
     vertex  3.127255e+00  1.053695e+00  2.030000e+01
     vertex  3.097575e+00  1.137993e+00  2.030000e+01
   endloop
 endfacet
 facet normal -2.418286e-15 -9.257893e-16 -1.000000e+00
   outer loop
     vertex  5.300000e+00  3.059956e+00  2.030000e+01
     vertex  3.097575e+00  1.137993e+00  2.030000e+01
     vertex  3.065623e+00  1.221456e+00  2.030000e+01
   endloop
 endfacet
 facet normal -2.371710e-15 -9.823946e-16 -1.000000e+00
   outer loop
     vertex  5.300000e+00  3.059956e+00  2.030000e+01
     vertex  3.065623e+00  1.221456e+00  2.030000e+01
     vertex  3.031423e+00  1.304023e+00  2.030000e+01
   endloop
 endfacet
 facet normal -2.327916e-15 -1.038974e-15 -1.000000e+00
   outer loop
     vertex  5.300000e+00  3.059956e+00  2.030000e+01
     vertex  3.031423e+00  1.304023e+00  2.030000e+01
     vertex  2.994999e+00  1.385634e+00  2.030000e+01
   endloop
 endfacet
 facet normal -2.286670e-15 -1.095758e-15 -1.000000e+00
   outer loop
     vertex  5.300000e+00  3.059956e+00  2.030000e+01
     vertex  2.994999e+00  1.385634e+00  2.030000e+01
     vertex  2.956378e+00  1.466229e+00  2.030000e+01
   endloop
 endfacet
 facet normal -2.247763e-15 -1.152971e-15 -1.000000e+00
   outer loop
     vertex  5.300000e+00  3.059956e+00  2.030000e+01
     vertex  2.956378e+00  1.466229e+00  2.030000e+01
     vertex  2.915590e+00  1.545748e+00  2.030000e+01
   endloop
 endfacet
 facet normal -2.211013e-15 -1.210840e-15 -1.000000e+00
   outer loop
     vertex  5.300000e+00  3.059956e+00  2.030000e+01
     vertex  2.915590e+00  1.545748e+00  2.030000e+01
     vertex  2.872663e+00  1.624133e+00  2.030000e+01
   endloop
 endfacet
 facet normal -2.176258e-15 -1.269595e-15 -1.000000e+00
   outer loop
     vertex  5.300000e+00  3.059956e+00  2.030000e+01
     vertex  2.872663e+00  1.624133e+00  2.030000e+01
     vertex  2.827629e+00  1.701328e+00  2.030000e+01
   endloop
 endfacet
 facet normal -2.143355e-15 -1.329472e-15 -1.000000e+00
   outer loop
     vertex  5.300000e+00  3.059956e+00  2.030000e+01
     vertex  2.827629e+00  1.701328e+00  2.030000e+01
     vertex  2.780521e+00  1.777274e+00  2.030000e+01
   endloop
 endfacet
 facet normal -2.112174e-15 -1.390717e-15 -1.000000e+00
   outer loop
     vertex  5.300000e+00  3.059956e+00  2.030000e+01
     vertex  2.780521e+00  1.777274e+00  2.030000e+01
     vertex  2.731374e+00  1.851917e+00  2.030000e+01
   endloop
 endfacet
 facet normal -2.082605e-15 -1.453591e-15 -1.000000e+00
   outer loop
     vertex  5.300000e+00  3.059956e+00  2.030000e+01
     vertex  2.731374e+00  1.851917e+00  2.030000e+01
     vertex  2.680223e+00  1.925202e+00  2.030000e+01
   endloop
 endfacet
 facet normal -2.054545e-15 -1.518371e-15 -1.000000e+00
   outer loop
     vertex  5.300000e+00  3.059956e+00  2.030000e+01
     vertex  2.680223e+00  1.925202e+00  2.030000e+01
     vertex  2.627107e+00  1.997075e+00  2.030000e+01
   endloop
 endfacet
 facet normal -2.027908e-15 -1.585358e-15 -1.000000e+00
   outer loop
     vertex  5.300000e+00  3.059956e+00  2.030000e+01
     vertex  2.627107e+00  1.997075e+00  2.030000e+01
     vertex  2.572064e+00  2.067483e+00  2.030000e+01
   endloop
 endfacet
 facet normal -2.002614e-15 -1.654880e-15 -1.000000e+00
   outer loop
     vertex  5.300000e+00  3.059956e+00  2.030000e+01
     vertex  2.572064e+00  2.067483e+00  2.030000e+01
     vertex  2.515135e+00  2.136375e+00  2.030000e+01
   endloop
 endfacet
 facet normal -1.978597e-15 -1.727299e-15 -1.000000e+00
   outer loop
     vertex  5.300000e+00  3.059956e+00  2.030000e+01
     vertex  2.515135e+00  2.136375e+00  2.030000e+01
     vertex  2.456361e+00  2.203700e+00  2.030000e+01
   endloop
 endfacet
 facet normal -1.955798e-15 -1.803015e-15 -1.000000e+00
   outer loop
     vertex  5.300000e+00  3.059956e+00  2.030000e+01
     vertex  2.456361e+00  2.203700e+00  2.030000e+01
     vertex  2.395785e+00  2.269408e+00  2.030000e+01
   endloop
 endfacet
 facet normal -3.421085e-14 -5.925493e-14 -1.000000e+00
   outer loop
     vertex  5.300000e+00  3.059956e+00  2.030000e+01
     vertex  0.000000e+00  6.000000e+00  2.030000e+01
     vertex  3.747366e-16  6.119913e+00  2.030000e+01
   endloop
 endfacet
 facet normal -1.934167e-15 -1.882481e-15 -1.000000e+00
   outer loop
     vertex  5.300000e+00  3.059956e+00  2.030000e+01
     vertex  2.395785e+00  2.269408e+00  2.030000e+01
     vertex  2.333452e+00  2.333452e+00  2.030000e+01
   endloop
 endfacet
 facet normal -1.913663e-15 -1.966205e-15 -1.000000e+00
   outer loop
     vertex  5.300000e+00  3.059956e+00  2.030000e+01
     vertex  2.333452e+00  2.333452e+00  2.030000e+01
     vertex  2.269408e+00  2.395785e+00  2.030000e+01
   endloop
 endfacet
 facet normal -1.894254e-15 -2.054767e-15 -1.000000e+00
   outer loop
     vertex  5.300000e+00  3.059956e+00  2.030000e+01
     vertex  2.269408e+00  2.395785e+00  2.030000e+01
     vertex  2.203700e+00  2.456361e+00  2.030000e+01
   endloop
 endfacet
 facet normal -1.875916e-15 -2.148836e-15 -1.000000e+00
   outer loop
     vertex  5.300000e+00  3.059956e+00  2.030000e+01
     vertex  2.203700e+00  2.456361e+00  2.030000e+01
     vertex  2.136375e+00  2.515135e+00  2.030000e+01
   endloop
 endfacet
 facet normal -1.858635e-15 -2.249183e-15 -1.000000e+00
   outer loop
     vertex  5.300000e+00  3.059956e+00  2.030000e+01
     vertex  2.136375e+00  2.515135e+00  2.030000e+01
     vertex  2.067483e+00  2.572064e+00  2.030000e+01
   endloop
 endfacet
 facet normal -1.842405e-15 -2.356709e-15 -1.000000e+00
   outer loop
     vertex  5.300000e+00  3.059956e+00  2.030000e+01
     vertex  2.067483e+00  2.572064e+00  2.030000e+01
     vertex  1.997075e+00  2.627107e+00  2.030000e+01
   endloop
 endfacet
 facet normal -1.827234e-15 -2.472476e-15 -1.000000e+00
   outer loop
     vertex  5.300000e+00  3.059956e+00  2.030000e+01
     vertex  1.997075e+00  2.627107e+00  2.030000e+01
     vertex  1.925202e+00  2.680223e+00  2.030000e+01
   endloop
 endfacet
 facet normal -1.813139e-15 -2.597741e-15 -1.000000e+00
   outer loop
     vertex  5.300000e+00  3.059956e+00  2.030000e+01
     vertex  1.925202e+00  2.680223e+00  2.030000e+01
     vertex  1.851917e+00  2.731374e+00  2.030000e+01
   endloop
 endfacet
 facet normal -1.800153e-15 -2.734013e-15 -1.000000e+00
   outer loop
     vertex  5.300000e+00  3.059956e+00  2.030000e+01
     vertex  1.851917e+00  2.731374e+00  2.030000e+01
     vertex  1.777274e+00  2.780521e+00  2.030000e+01
   endloop
 endfacet
 facet normal -1.788326e-15 -2.883113e-15 -1.000000e+00
   outer loop
     vertex  5.300000e+00  3.059956e+00  2.030000e+01
     vertex  1.777274e+00  2.780521e+00  2.030000e+01
     vertex  1.701328e+00  2.827629e+00  2.030000e+01
   endloop
 endfacet
 facet normal -1.777729e-15 -3.047268e-15 -1.000000e+00
   outer loop
     vertex  5.300000e+00  3.059956e+00  2.030000e+01
     vertex  1.701328e+00  2.827629e+00  2.030000e+01
     vertex  1.624133e+00  2.872663e+00  2.030000e+01
   endloop
 endfacet
 facet normal -3.552714e-15  1.031205e-30 -1.000000e+00
   outer loop
     vertex  5.300000e+00  3.059956e+00  2.030000e+01
     vertex  5.300000e+00 -3.059956e+00  2.030000e+01
     vertex  3.300000e+00 -8.082669e-16  2.030000e+01
   endloop
 endfacet
 facet normal -1.883163e-15 -9.779910e-16 -1.000000e+00
   outer loop
     vertex  5.300000e+00  3.059956e+00  2.030000e+01
     vertex  1.624133e+00  2.872663e+00  2.030000e+01
     vertex  0.000000e+00  6.000000e+00  2.030000e+01
   endloop
 endfacet
 facet normal -1.000000e+00 -2.245186e-16 -0.000000e+00
   outer loop
     vertex  0.000000e+00 -6.000000e+00  2.040000e+01
     vertex -6.062002e-16 -3.300000e+00  2.030000e+01
     vertex  0.000000e+00 -6.000000e+00  2.030000e+01
   endloop
 endfacet
 facet normal -1.000000e+00  0.000000e+00  6.062002e-15
   outer loop
     vertex  0.000000e+00 -6.000000e+00  2.040000e+01
     vertex  0.000000e+00 -3.300000e+00  2.040000e+01
     vertex -6.062002e-16 -3.300000e+00  2.030000e+01
   endloop
 endfacet
 facet normal -1.000000e+00 -7.483953e-17 -2.020667e-15
   outer loop
     vertex  0.000000e+00  3.300000e+00  2.040000e+01
     vertex  0.000000e+00  6.000000e+00  2.030000e+01
     vertex  2.020667e-16  3.300000e+00  2.030000e+01
   endloop
 endfacet
 facet normal -1.000000e+00  0.000000e+00  0.000000e+00
   outer loop
     vertex  0.000000e+00  3.300000e+00  2.040000e+01
     vertex  0.000000e+00  6.000000e+00  2.040000e+01
     vertex  0.000000e+00  6.000000e+00  2.030000e+01
   endloop
 endfacet
 facet normal -1.000000e+00  8.030369e-34  2.020667e-15
   outer loop
     vertex  2.020667e-16  3.300000e+00  1.430000e+01
     vertex  0.000000e+00  6.000000e+00  1.420000e+01
     vertex  0.000000e+00  3.300000e+00  1.420000e+01
   endloop
 endfacet
 facet normal -1.000000e+00 -7.483953e-17 -5.076869e-32
   outer loop
     vertex  2.020667e-16  3.300000e+00  1.430000e+01
     vertex  0.000000e+00  6.000000e+00  1.430000e+01
     vertex  0.000000e+00  6.000000e+00  1.420000e+01
   endloop
 endfacet
 facet normal  5.000000e-01 -8.660254e-01  7.734226e-19
   outer loop
     vertex -2.076952e-01  6.000000e+00  1.430000e+01
     vertex  3.747366e-16  6.119913e+00  1.430000e+01
     vertex  3.747366e-16  6.119913e+00  2.030000e+01
   endloop
 endfacet
 facet normal  5.000000e-01 -8.660254e-01  0.000000e+00
   outer loop
     vertex -2.076952e-01  6.000000e+00  1.430000e+01
     vertex  3.747366e-16  6.119913e+00  2.030000e+01
     vertex -2.076952e-01  6.000000e+00  2.030000e+01
   endloop
 endfacet
 facet normal -9.999083e-01 -1.354093e-02  3.119503e-21
   outer loop
     vertex  3.298790e+00  8.936197e-02  1.430000e+01
     vertex  3.300000e+00 -8.082669e-16  1.130000e+01
     vertex  3.300000e+00 -8.082669e-16  1.430000e+01
   endloop
 endfacet
 facet normal -9.999059e-01 -1.371831e-02  5.284683e-06
   outer loop
     vertex  3.298790e+00  8.936197e-02  1.430000e+01
     vertex  3.298758e+00  9.053236e-02  1.130000e+01
     vertex  3.300000e+00 -8.082669e-16  1.130000e+01
   endloop
 endfacet
 facet normal -9.991532e-01 -4.114462e-02  1.043091e-05
   outer loop
     vertex  3.295160e+00  1.786584e-01  1.430000e+01
     vertex  3.295033e+00  1.809966e-01  1.130000e+01
     vertex  3.298758e+00  9.053236e-02  1.130000e+01
   endloop
 endfacet
 facet normal -9.991750e-01 -4.061287e-02 -5.215456e-06
   outer loop
     vertex  3.295160e+00  1.786584e-01  1.430000e+01
     vertex  3.298758e+00  9.053236e-02  1.130000e+01
     vertex  3.298790e+00  8.936197e-02  1.430000e+01
   endloop
 endfacet
 facet normal -9.976484e-01 -6.853995e-02  1.543868e-05
   outer loop
     vertex  3.289114e+00  2.678238e-01  1.430000e+01
     vertex  3.288827e+00  2.713245e-01  1.130000e+01
     vertex  3.295033e+00  1.809966e-01  1.130000e+01
   endloop
 endfacet
 facet normal -9.977088e-01 -6.765502e-02 -1.029246e-05
   outer loop
     vertex  3.289114e+00  2.678238e-01  1.430000e+01
     vertex  3.295033e+00  1.809966e-01  1.130000e+01
     vertex  3.295160e+00  1.786584e-01  1.430000e+01
   endloop
 endfacet
 facet normal -9.953925e-01 -9.588368e-02  2.030800e-05
   outer loop
     vertex  3.280655e+00  3.567928e-01  1.430000e+01
     vertex  3.280146e+00  3.614482e-01  1.130000e+01
     vertex  3.288827e+00  2.713245e-01  1.130000e+01
   endloop
 endfacet
 facet normal -9.955108e-01 -9.464755e-02 -1.523100e-05
   outer loop
     vertex  3.280655e+00  3.567928e-01  1.430000e+01
     vertex  3.288827e+00  2.713245e-01  1.130000e+01
     vertex  3.289114e+00  2.678238e-01  1.430000e+01
   endloop
 endfacet
 facet normal -9.923874e-01 -1.231552e-01  2.503886e-05
   outer loop
     vertex  3.269790e+00  4.455000e-01  1.430000e+01
     vertex  3.268995e+00  4.512999e-01  1.130000e+01
     vertex  3.280146e+00  3.614482e-01  1.130000e+01
   endloop
 endfacet
 facet normal -9.925828e-01 -1.215707e-01 -2.003109e-05
   outer loop
     vertex  3.269790e+00  4.455000e-01  1.430000e+01
     vertex  3.280146e+00  3.614482e-01  1.130000e+01
     vertex  3.280655e+00  3.567928e-01  1.430000e+01
   endloop
 endfacet
 facet normal -9.886353e-01 -1.503341e-01  2.963126e-05
   outer loop
     vertex  3.256528e+00  5.338806e-01  1.430000e+01
     vertex  3.255384e+00  5.408118e-01  1.130000e+01
     vertex  3.268995e+00  4.512999e-01  1.130000e+01
   endloop
 endfacet
 facet normal -9.889267e-01 -1.484046e-01 -2.469272e-05
   outer loop
     vertex  3.256528e+00  5.338806e-01  1.430000e+01
     vertex  3.268995e+00  4.512999e-01  1.130000e+01
     vertex  3.269790e+00  4.455000e-01  1.430000e+01
   endloop
 endfacet
 facet normal -9.841389e-01 -1.773998e-01  3.408520e-05
   outer loop
     vertex  3.240876e+00  6.218696e-01  1.430000e+01
     vertex  3.239322e+00  6.299166e-01  1.130000e+01
     vertex  3.255384e+00  5.408118e-01  1.130000e+01
   endloop
 endfacet
 facet normal -9.845454e-01 -1.751297e-01 -2.921589e-05
   outer loop
     vertex  3.240876e+00  6.218696e-01  1.430000e+01
     vertex  3.255384e+00  5.408118e-01  1.130000e+01
     vertex  3.256528e+00  5.338806e-01  1.430000e+01
   endloop
 endfacet
 facet normal -9.789017e-01 -2.043319e-01  3.840069e-05
   outer loop
     vertex  3.222848e+00  7.094025e-01  1.430000e+01
     vertex  3.220821e+00  7.185472e-01  1.130000e+01
     vertex  3.239322e+00  6.299166e-01  1.130000e+01
   endloop
 endfacet
 facet normal -9.794419e-01 -2.017264e-01 -3.360060e-05
   outer loop
     vertex  3.222848e+00  7.094025e-01  1.430000e+01
     vertex  3.239322e+00  6.299166e-01  1.130000e+01
     vertex  3.240876e+00  6.218696e-01  1.430000e+01
   endloop
 endfacet
 facet normal -9.729276e-01 -2.311102e-01  4.257771e-05
   outer loop
     vertex  3.202456e+00  7.964150e-01  1.430000e+01
     vertex  3.199896e+00  8.066369e-01  1.130000e+01
     vertex  3.220821e+00  7.185472e-01  1.130000e+01
   endloop
 endfacet
 facet normal -9.736201e-01 -2.281751e-01 -3.784686e-05
   outer loop
     vertex  3.202456e+00  7.964150e-01  1.430000e+01
     vertex  3.220821e+00  7.185472e-01  1.130000e+01
     vertex  3.222848e+00  7.094025e-01  1.430000e+01
   endloop
 endfacet
 facet normal -9.670842e-01 -2.544564e-01 -4.195465e-05
   outer loop
     vertex  3.179715e+00  8.828435e-01  1.430000e+01
     vertex  3.199896e+00  8.066369e-01  1.130000e+01
     vertex  3.202456e+00  7.964150e-01  1.430000e+01
   endloop
 endfacet
 facet normal -9.662211e-01 -2.577146e-01  4.661627e-05
   outer loop
     vertex  3.179715e+00  8.828435e-01  1.430000e+01
     vertex  3.176563e+00  8.941194e-01  1.130000e+01
     vertex  3.199896e+00  8.066369e-01  1.130000e+01
   endloop
 endfacet
 facet normal -9.598391e-01 -2.805512e-01 -4.592399e-05
   outer loop
     vertex  3.154642e+00  9.686245e-01  1.430000e+01
     vertex  3.176563e+00  8.941194e-01  1.130000e+01
     vertex  3.179715e+00  8.828435e-01  1.430000e+01
   endloop
 endfacet
 facet normal -9.587873e-01 -2.841250e-01  5.051638e-05
   outer loop
     vertex  3.154642e+00  9.686245e-01  1.430000e+01
     vertex  3.150838e+00  9.809289e-01  1.130000e+01
     vertex  3.176563e+00  8.941194e-01  1.130000e+01
   endloop
 endfacet
 facet normal -9.518899e-01 -3.064401e-01 -4.975486e-05
   outer loop
     vertex  3.127255e+00  1.053695e+00  1.430000e+01
     vertex  3.150838e+00  9.809289e-01  1.130000e+01
     vertex  3.154642e+00  9.686245e-01  1.430000e+01
   endloop
 endfacet
 facet normal -9.506317e-01 -3.103214e-01  5.427802e-05
   outer loop
     vertex  3.127255e+00  1.053695e+00  1.430000e+01
     vertex  3.122741e+00  1.067000e+00  1.130000e+01
     vertex  3.150838e+00  9.809289e-01  1.130000e+01
   endloop
 endfacet
 facet normal -9.432426e-01 -3.321044e-01 -5.344727e-05
   outer loop
     vertex  3.097575e+00  1.137993e+00  1.430000e+01
     vertex  3.122741e+00  1.067000e+00  1.130000e+01
     vertex  3.127255e+00  1.053695e+00  1.430000e+01
   endloop
 endfacet
 facet normal -9.417605e-01 -3.362843e-01  5.790120e-05
   outer loop
     vertex  3.097575e+00  1.137993e+00  1.430000e+01
     vertex  3.092294e+00  1.152268e+00  1.130000e+01
     vertex  3.122741e+00  1.067000e+00  1.130000e+01
   endloop
 endfacet
 facet normal -9.339036e-01 -3.575250e-01 -5.700122e-05
   outer loop
     vertex  3.065623e+00  1.221456e+00  1.430000e+01
     vertex  3.092294e+00  1.152268e+00  1.130000e+01
     vertex  3.097575e+00  1.137993e+00  1.430000e+01
   endloop
 endfacet
 facet normal -9.321804e-01 -3.619940e-01  6.138592e-05
   outer loop
     vertex  3.065623e+00  1.221456e+00  1.430000e+01
     vertex  3.059518e+00  1.236668e+00  1.130000e+01
     vertex  3.092294e+00  1.152268e+00  1.130000e+01
   endloop
 endfacet
 facet normal -9.238795e-01 -3.826834e-01 -6.041671e-05
   outer loop
     vertex  3.031423e+00  1.304023e+00  1.430000e+01
     vertex  3.059518e+00  1.236668e+00  1.130000e+01
     vertex  3.065623e+00  1.221456e+00  1.430000e+01
   endloop
 endfacet
 facet normal -9.218986e-01 -3.874313e-01  6.473218e-05
   outer loop
     vertex  3.031423e+00  1.304023e+00  1.430000e+01
     vertex  3.024440e+00  1.320138e+00  1.130000e+01
     vertex  3.059518e+00  1.236668e+00  1.130000e+01
   endloop
 endfacet
 facet normal -9.131779e-01 -4.075612e-01 -6.369374e-05
   outer loop
     vertex  2.994999e+00  1.385634e+00  1.430000e+01
     vertex  3.024440e+00  1.320138e+00  1.130000e+01
     vertex  3.031423e+00  1.304023e+00  1.430000e+01
   endloop
 endfacet
 facet normal -9.109228e-01 -4.125769e-01  6.793998e-05
   outer loop
     vertex  2.994999e+00  1.385634e+00  1.430000e+01
     vertex  2.987085e+00  1.402613e+00  1.130000e+01
     vertex  3.024440e+00  1.320138e+00  1.130000e+01
   endloop
 endfacet
 facet normal -9.018065e-01 -4.321400e-01 -6.683230e-05
   outer loop
     vertex  2.956378e+00  1.466229e+00  1.430000e+01
     vertex  2.987085e+00  1.402613e+00  1.130000e+01
     vertex  2.994999e+00  1.385634e+00  1.430000e+01
   endloop
 endfacet
 facet normal -8.992613e-01 -4.374119e-01  7.100931e-05
   outer loop
     vertex  2.956378e+00  1.466229e+00  1.430000e+01
     vertex  2.947481e+00  1.484033e+00  1.130000e+01
     vertex  2.987085e+00  1.402613e+00  1.130000e+01
   endloop
 endfacet
 facet normal -8.897737e-01 -4.564019e-01 -6.983240e-05
   outer loop
     vertex  2.915590e+00  1.545748e+00  1.430000e+01
     vertex  2.947481e+00  1.484033e+00  1.130000e+01
     vertex  2.956378e+00  1.466229e+00  1.430000e+01
   endloop
 endfacet
 facet normal -8.869228e-01 -4.619176e-01  7.394018e-05
   outer loop
     vertex  2.915590e+00  1.545748e+00  1.430000e+01
     vertex  2.905659e+00  1.564336e+00  1.130000e+01
     vertex  2.947481e+00  1.484033e+00  1.130000e+01
   endloop
 endfacet
 facet normal -8.770884e-01 -4.803291e-01 -7.269404e-05
   outer loop
     vertex  2.872663e+00  1.624133e+00  1.430000e+01
     vertex  2.905659e+00  1.564336e+00  1.130000e+01
     vertex  2.915590e+00  1.545748e+00  1.430000e+01
   endloop
 endfacet
 facet normal -8.739167e-01 -4.860756e-01  7.673258e-05
   outer loop
     vertex  2.872663e+00  1.624133e+00  1.430000e+01
     vertex  2.861649e+00  1.643461e+00  1.130000e+01
     vertex  2.905659e+00  1.564336e+00  1.130000e+01
   endloop
 endfacet
 facet normal -8.637597e-01 -5.039039e-01 -7.541721e-05
   outer loop
     vertex  2.827629e+00  1.701328e+00  1.430000e+01
     vertex  2.861649e+00  1.643461e+00  1.130000e+01
     vertex  2.872663e+00  1.624133e+00  1.430000e+01
   endloop
 endfacet
 facet normal -8.602528e-01 -5.098678e-01  7.938652e-05
   outer loop
     vertex  2.827629e+00  1.701328e+00  1.430000e+01
     vertex  2.815485e+00  1.721349e+00  1.130000e+01
     vertex  2.861649e+00  1.643461e+00  1.130000e+01
   endloop
 endfacet
 facet normal -8.497975e-01 -5.271092e-01 -7.800192e-05
   outer loop
     vertex  2.780521e+00  1.777274e+00  1.430000e+01
     vertex  2.815485e+00  1.721349e+00  1.130000e+01
     vertex  2.827629e+00  1.701328e+00  1.430000e+01
   endloop
 endfacet
 facet normal -8.459413e-01 -5.332761e-01  8.190200e-05
   outer loop
     vertex  2.780521e+00  1.777274e+00  1.430000e+01
     vertex  2.767202e+00  1.797942e+00  1.130000e+01
     vertex  2.815485e+00  1.721349e+00  1.130000e+01
   endloop
 endfacet
 facet normal -8.352121e-01 -5.499279e-01 -8.044817e-05
   outer loop
     vertex  2.731374e+00  1.851917e+00  1.430000e+01
     vertex  2.767202e+00  1.797942e+00  1.130000e+01
     vertex  2.780521e+00  1.777274e+00  1.430000e+01
   endloop
 endfacet
 facet normal -8.309929e-01 -5.562829e-01  8.427901e-05
   outer loop
     vertex  2.731374e+00  1.851917e+00  1.430000e+01
     vertex  2.716836e+00  1.873180e+00  1.130000e+01
     vertex  2.767202e+00  1.797942e+00  1.130000e+01
   endloop
 endfacet
 facet normal -8.154191e-01 -5.788711e-01  8.651756e-05
   outer loop
     vertex  2.680223e+00  1.925202e+00  1.430000e+01
     vertex  2.664424e+00  1.947009e+00  1.130000e+01
     vertex  2.716836e+00  1.873180e+00  1.130000e+01
   endloop
 endfacet
 facet normal -8.200141e-01 -5.723433e-01 -8.275595e-05
   outer loop
     vertex  2.680223e+00  1.925202e+00  1.430000e+01
     vertex  2.716836e+00  1.873180e+00  1.130000e+01
     vertex  2.731374e+00  1.851917e+00  1.430000e+01
   endloop
 endfacet
 facet normal -7.992314e-01 -6.010234e-01  8.861764e-05
   outer loop
     vertex  2.627107e+00  1.997075e+00  1.430000e+01
     vertex  2.610007e+00  2.019372e+00  1.130000e+01
     vertex  2.664424e+00  1.947009e+00  1.130000e+01
   endloop
 endfacet
 facet normal -8.042147e-01 -5.943389e-01 -8.492526e-05
   outer loop
     vertex  2.627107e+00  1.997075e+00  1.430000e+01
     vertex  2.664424e+00  1.947009e+00  1.130000e+01
     vertex  2.680223e+00  1.925202e+00  1.430000e+01
   endloop
 endfacet
 facet normal -7.824421e-01 -6.227234e-01  9.057925e-05
   outer loop
     vertex  2.572064e+00  2.067483e+00  1.430000e+01
     vertex  2.553625e+00  2.090215e+00  1.130000e+01
     vertex  2.610007e+00  2.019372e+00  1.130000e+01
   endloop
 endfacet
 facet normal -7.878255e-01 -6.158986e-01 -8.695611e-05
   outer loop
     vertex  2.572064e+00  2.067483e+00  1.430000e+01
     vertex  2.610007e+00  2.019372e+00  1.130000e+01
     vertex  2.627107e+00  1.997075e+00  1.430000e+01
   endloop
 endfacet
 facet normal -7.650637e-01 -6.439545e-01  9.240240e-05
   outer loop
     vertex  2.515135e+00  2.136375e+00  1.430000e+01
     vertex  2.495321e+00  2.159485e+00  1.130000e+01
     vertex  2.553625e+00  2.090215e+00  1.130000e+01
   endloop
 endfacet
 facet normal -7.708584e-01 -6.370065e-01 -8.884849e-05
   outer loop
     vertex  2.515135e+00  2.136375e+00  1.430000e+01
     vertex  2.553625e+00  2.090215e+00  1.130000e+01
     vertex  2.572064e+00  2.067483e+00  1.430000e+01
   endloop
 endfacet
 facet normal -7.471095e-01 -6.647010e-01  9.408709e-05
   outer loop
     vertex  2.456361e+00  2.203700e+00  1.430000e+01
     vertex  2.435138e+00  2.227129e+00  1.130000e+01
     vertex  2.495321e+00  2.159485e+00  1.130000e+01
   endloop
 endfacet
 facet normal -7.533260e-01 -6.576473e-01 -9.060241e-05
   outer loop
     vertex  2.456361e+00  2.203700e+00  1.430000e+01
     vertex  2.495321e+00  2.159485e+00  1.130000e+01
     vertex  2.515135e+00  2.136375e+00  1.430000e+01
   endloop
 endfacet
 facet normal -7.285929e-01 -6.849470e-01  9.563330e-05
   outer loop
     vertex  2.395785e+00  2.269408e+00  1.430000e+01
     vertex  2.373122e+00  2.293096e+00  1.130000e+01
     vertex  2.435138e+00  2.227129e+00  1.130000e+01
   endloop
 endfacet
 facet normal -7.352410e-01 -6.778057e-01 -9.221786e-05
   outer loop
     vertex  2.395785e+00  2.269408e+00  1.430000e+01
     vertex  2.435138e+00  2.227129e+00  1.130000e+01
     vertex  2.456361e+00  2.203700e+00  1.430000e+01
   endloop
 endfacet
 facet normal -7.095278e-01 -7.046775e-01  9.704105e-05
   outer loop
     vertex  2.333452e+00  2.333452e+00  1.430000e+01
     vertex  2.309320e+00  2.357337e+00  1.130000e+01
     vertex  2.373122e+00  2.293096e+00  1.130000e+01
   endloop
 endfacet
 facet normal -7.166168e-01 -6.974671e-01 -9.369484e-05
   outer loop
     vertex  2.333452e+00  2.333452e+00  1.430000e+01
     vertex  2.373122e+00  2.293096e+00  1.130000e+01
     vertex  2.395785e+00  2.269408e+00  1.430000e+01
   endloop
 endfacet
 facet normal -6.899286e-01 -7.238775e-01  9.831034e-05
   outer loop
     vertex  2.269408e+00  2.395785e+00  1.430000e+01
     vertex  2.243780e+00  2.419804e+00  1.130000e+01
     vertex  2.309320e+00  2.357337e+00  1.130000e+01
   endloop
 endfacet
 facet normal -6.974671e-01 -7.166168e-01 -9.503336e-05
   outer loop
     vertex  2.269408e+00  2.395785e+00  1.430000e+01
     vertex  2.309320e+00  2.357337e+00  1.130000e+01
     vertex  2.333452e+00  2.333452e+00  1.430000e+01
   endloop
 endfacet
 facet normal -6.698100e-01 -7.425325e-01  9.944115e-05
   outer loop
     vertex  2.203700e+00  2.456361e+00  1.430000e+01
     vertex  2.176550e+00  2.480449e+00  1.130000e+01
     vertex  2.243780e+00  2.419804e+00  1.130000e+01
   endloop
 endfacet
 facet normal -6.778057e-01 -7.352410e-01 -9.623341e-05
   outer loop
     vertex  2.203700e+00  2.456361e+00  1.430000e+01
     vertex  2.243780e+00  2.419804e+00  1.130000e+01
     vertex  2.269408e+00  2.395785e+00  1.430000e+01
   endloop
 endfacet
 facet normal -6.491872e-01 -7.606287e-01  1.004335e-04
   outer loop
     vertex  2.136375e+00  2.515135e+00  1.430000e+01
     vertex  2.107682e+00  2.539227e+00  1.130000e+01
     vertex  2.176550e+00  2.480449e+00  1.130000e+01
   endloop
 endfacet
 facet normal -6.576473e-01 -7.533260e-01 -9.729499e-05
   outer loop
     vertex  2.136375e+00  2.515135e+00  1.430000e+01
     vertex  2.176550e+00  2.480449e+00  1.130000e+01
     vertex  2.203700e+00  2.456361e+00  1.430000e+01
   endloop
 endfacet
 facet normal -6.280757e-01 -7.781522e-01  1.012874e-04
   outer loop
     vertex  2.067483e+00  2.572064e+00  1.430000e+01
     vertex  2.037228e+00  2.596094e+00  1.130000e+01
     vertex  2.107682e+00  2.539227e+00  1.130000e+01
   endloop
 endfacet
 facet normal -6.370065e-01 -7.708584e-01 -9.821811e-05
   outer loop
     vertex  2.067483e+00  2.572064e+00  1.430000e+01
     vertex  2.107682e+00  2.539227e+00  1.130000e+01
     vertex  2.136375e+00  2.515135e+00  1.430000e+01
   endloop
 endfacet
 facet normal -6.064915e-01 -7.950900e-01  1.020028e-04
   outer loop
     vertex  1.997075e+00  2.627107e+00  1.430000e+01
     vertex  1.965239e+00  2.651006e+00  1.130000e+01
     vertex  2.037228e+00  2.596094e+00  1.130000e+01
   endloop
 endfacet
 facet normal -6.158986e-01 -7.878254e-01 -9.900275e-05
   outer loop
     vertex  1.997075e+00  2.627107e+00  1.430000e+01
     vertex  2.037228e+00  2.596094e+00  1.130000e+01
     vertex  2.067483e+00  2.572064e+00  1.430000e+01
   endloop
 endfacet
 facet normal -5.943389e-01 -8.042147e-01 -9.964894e-05
   outer loop
     vertex  1.925202e+00  2.680223e+00  1.430000e+01
     vertex  1.965239e+00  2.651006e+00  1.130000e+01
     vertex  1.997075e+00  2.627107e+00  1.430000e+01
   endloop
 endfacet
 facet normal -5.844507e-01 -8.114292e-01  1.025798e-04
   outer loop
     vertex  1.925202e+00  2.680223e+00  1.430000e+01
     vertex  1.891772e+00  2.703923e+00  1.130000e+01
     vertex  1.965239e+00  2.651006e+00  1.130000e+01
   endloop
 endfacet
 facet normal -5.723433e-01 -8.200141e-01 -1.001567e-04
   outer loop
     vertex  1.851917e+00  2.731374e+00  1.430000e+01
     vertex  1.891772e+00  2.703923e+00  1.130000e+01
     vertex  1.925202e+00  2.680223e+00  1.430000e+01
   endloop
 endfacet
 facet normal -5.619699e-01 -8.271577e-01  1.030182e-04
   outer loop
     vertex  1.851917e+00  2.731374e+00  1.430000e+01
     vertex  1.816880e+00  2.754804e+00  1.130000e+01
     vertex  1.891772e+00  2.703923e+00  1.130000e+01
   endloop
 endfacet
 facet normal -5.499279e-01 -8.352121e-01 -1.005259e-04
   outer loop
     vertex  1.777274e+00  2.780521e+00  1.430000e+01
     vertex  1.816880e+00  2.754804e+00  1.130000e+01
     vertex  1.851917e+00  2.731374e+00  1.430000e+01
   endloop
 endfacet
 facet normal -5.390661e-01 -8.422635e-01  1.033182e-04
   outer loop
     vertex  1.777274e+00  2.780521e+00  1.430000e+01
     vertex  1.740621e+00  2.803612e+00  1.130000e+01
     vertex  1.816880e+00  2.754804e+00  1.130000e+01
   endloop
 endfacet
 facet normal -5.271092e-01 -8.497975e-01 -1.007567e-04
   outer loop
     vertex  1.701328e+00  2.827629e+00  1.430000e+01
     vertex  1.740621e+00  2.803612e+00  1.130000e+01
     vertex  1.777274e+00  2.780521e+00  1.430000e+01
   endloop
 endfacet
 facet normal -5.157565e-01 -8.567352e-01  1.034798e-04
   outer loop
     vertex  1.701328e+00  2.827629e+00  1.430000e+01
     vertex  1.663052e+00  2.850309e+00  1.130000e+01
     vertex  1.740621e+00  2.803612e+00  1.130000e+01
   endloop
 endfacet
 facet normal -5.039039e-01 -8.637597e-01 -1.008490e-04
   outer loop
     vertex  1.624133e+00  2.872663e+00  1.430000e+01
     vertex  1.663052e+00  2.850309e+00  1.130000e+01
     vertex  1.701328e+00  2.827629e+00  1.430000e+01
   endloop
 endfacet
 facet normal -4.920587e-01 -8.705620e-01  1.035029e-04
   outer loop
     vertex  1.624133e+00  2.872663e+00  1.430000e+01
     vertex  1.584230e+00  2.894860e+00  1.130000e+01
     vertex  1.663052e+00  2.850309e+00  1.130000e+01
   endloop
 endfacet
 facet normal -4.803291e-01 -8.770883e-01 -1.008028e-04
   outer loop
     vertex  1.545748e+00  2.915590e+00  1.430000e+01
     vertex  1.584230e+00  2.894860e+00  1.130000e+01
     vertex  1.624133e+00  2.872663e+00  1.430000e+01
   endloop
 endfacet
 facet normal -4.679904e-01 -8.837335e-01  1.033875e-04
   outer loop
     vertex  1.545748e+00  2.915590e+00  1.430000e+01
     vertex  1.504216e+00  2.937232e+00  1.130000e+01
     vertex  1.584230e+00  2.894860e+00  1.130000e+01
   endloop
 endfacet
 facet normal -4.564019e-01 -8.897737e-01 -1.006182e-04
   outer loop
     vertex  1.466229e+00  2.956378e+00  1.430000e+01
     vertex  1.504216e+00  2.937232e+00  1.130000e+01
     vertex  1.545748e+00  2.915590e+00  1.430000e+01
   endloop
 endfacet
 facet normal -4.435699e-01 -8.962398e-01  1.031336e-04
   outer loop
     vertex  1.466229e+00  2.956378e+00  1.430000e+01
     vertex  1.423070e+00  2.977394e+00  1.130000e+01
     vertex  1.504216e+00  2.937232e+00  1.130000e+01
   endloop
 endfacet
 facet normal -4.321400e-01 -9.018065e-01 -1.002951e-04
   outer loop
     vertex  1.385634e+00  2.994999e+00  1.430000e+01
     vertex  1.423070e+00  2.977394e+00  1.130000e+01
     vertex  1.466229e+00  2.956378e+00  1.430000e+01
   endloop
 endfacet
 facet normal -4.188155e-01 -9.080714e-01  1.027413e-04
   outer loop
     vertex  1.385634e+00  2.994999e+00  1.430000e+01
     vertex  1.340852e+00  3.015313e+00  1.130000e+01
     vertex  1.423070e+00  2.977394e+00  1.130000e+01
   endloop
 endfacet
 facet normal -4.075612e-01 -9.131779e-01 -9.983356e-05
   outer loop
     vertex  1.304023e+00  3.031423e+00  1.430000e+01
     vertex  1.340852e+00  3.015313e+00  1.130000e+01
     vertex  1.385634e+00  2.994999e+00  1.430000e+01
   endloop
 endfacet
 facet normal -3.937458e-01 -9.192194e-01  1.022105e-04
   outer loop
     vertex  1.304023e+00  3.031423e+00  1.430000e+01
     vertex  1.257625e+00  3.050964e+00  1.130000e+01
     vertex  1.340852e+00  3.015313e+00  1.130000e+01
   endloop
 endfacet
 facet normal -3.826834e-01 -9.238795e-01 -9.923353e-05
   outer loop
     vertex  1.221456e+00  3.065623e+00  1.430000e+01
     vertex  1.257625e+00  3.050964e+00  1.130000e+01
     vertex  1.304023e+00  3.031423e+00  1.430000e+01
   endloop
 endfacet
 facet normal -3.683796e-01 -9.296754e-01  1.015412e-04
   outer loop
     vertex  1.221456e+00  3.065623e+00  1.430000e+01
     vertex  1.173452e+00  3.084317e+00  1.130000e+01
     vertex  1.257625e+00  3.050964e+00  1.130000e+01
   endloop
 endfacet
 facet normal -3.575250e-01 -9.339036e-01 -9.849504e-05
   outer loop
     vertex  1.137993e+00  3.097575e+00  1.430000e+01
     vertex  1.173452e+00  3.084317e+00  1.130000e+01
     vertex  1.221456e+00  3.065623e+00  1.430000e+01
   endloop
 endfacet
 facet normal -3.427362e-01 -9.394317e-01  1.007335e-04
   outer loop
     vertex  1.137993e+00  3.097575e+00  1.430000e+01
     vertex  1.088395e+00  3.115349e+00  1.130000e+01
     vertex  1.173452e+00  3.084317e+00  1.130000e+01
   endloop
 endfacet
 facet normal -3.321044e-01 -9.432426e-01 -9.761808e-05
   outer loop
     vertex  1.053695e+00  3.127255e+00  1.430000e+01
     vertex  1.088395e+00  3.115349e+00  1.130000e+01
     vertex  1.137993e+00  3.097575e+00  1.430000e+01
   endloop
 endfacet
 facet normal -3.168348e-01 -9.484807e-01  9.978732e-05
   outer loop
     vertex  1.053695e+00  3.127255e+00  1.430000e+01
     vertex  1.002518e+00  3.144035e+00  1.130000e+01
     vertex  1.088395e+00  3.115349e+00  1.130000e+01
   endloop
 endfacet
 facet normal -3.064401e-01 -9.518899e-01 -9.660265e-05
   outer loop
     vertex  9.686245e-01  3.154642e+00  1.430000e+01
     vertex  1.002518e+00  3.144035e+00  1.130000e+01
     vertex  1.053695e+00  3.127255e+00  1.430000e+01
   endloop
 endfacet
 facet normal -2.906949e-01 -9.568158e-01  9.870266e-05
   outer loop
     vertex  9.686245e-01  3.154642e+00  1.430000e+01
     vertex  9.158874e-01  3.170355e+00  1.130000e+01
     vertex  1.002518e+00  3.144035e+00  1.130000e+01
   endloop
 endfacet
 facet normal -2.805512e-01 -9.598391e-01 -9.544876e-05
   outer loop
     vertex  8.828435e-01  3.179715e+00  1.430000e+01
     vertex  9.158874e-01  3.170355e+00  1.130000e+01
     vertex  9.686245e-01  3.154642e+00  1.430000e+01
   endloop
 endfacet
 facet normal -2.643362e-01 -9.644306e-01  9.747953e-05
   outer loop
     vertex  8.828435e-01  3.179715e+00  1.430000e+01
     vertex  8.285670e-01  3.194288e+00  1.130000e+01
     vertex  9.158874e-01  3.170355e+00  1.130000e+01
   endloop
 endfacet
 facet normal -2.544564e-01 -9.670842e-01 -9.415640e-05
   outer loop
     vertex  7.964150e-01  3.202456e+00  1.430000e+01
     vertex  8.285670e-01  3.194288e+00  1.130000e+01
     vertex  8.828435e-01  3.179715e+00  1.430000e+01
   endloop
 endfacet
 facet normal -2.377784e-01 -9.713194e-01  9.611794e-05
   outer loop
     vertex  7.964150e-01  3.202456e+00  1.430000e+01
     vertex  7.406229e-01  3.215817e+00  1.130000e+01
     vertex  8.285670e-01  3.194288e+00  1.130000e+01
   endloop
 endfacet
 facet normal -2.281751e-01 -9.736201e-01 -9.272557e-05
   outer loop
     vertex  7.094025e-01  3.222848e+00  1.430000e+01
     vertex  7.406229e-01  3.215817e+00  1.130000e+01
     vertex  7.964150e-01  3.202456e+00  1.430000e+01
   endloop
 endfacet
 facet normal -2.110417e-01 -9.774771e-01  9.461788e-05
   outer loop
     vertex  7.094025e-01  3.222848e+00  1.430000e+01
     vertex  6.521213e-01  3.234925e+00  1.130000e+01
     vertex  7.406229e-01  3.215817e+00  1.130000e+01
   endloop
 endfacet
 facet normal -2.017264e-01 -9.794419e-01 -9.115627e-05
   outer loop
     vertex  6.218696e-01  3.240876e+00  1.430000e+01
     vertex  6.521213e-01  3.234925e+00  1.130000e+01
     vertex  7.094025e-01  3.222848e+00  1.430000e+01
   endloop
 endfacet
 facet normal -1.841461e-01 -9.828989e-01  9.297935e-05
   outer loop
     vertex  6.218696e-01  3.240876e+00  1.430000e+01
     vertex  5.631288e-01  3.251597e+00  1.130000e+01
     vertex  6.521213e-01  3.234925e+00  1.130000e+01
   endloop
 endfacet
 facet normal -1.751297e-01 -9.845454e-01 -8.944851e-05
   outer loop
     vertex  5.338806e-01  3.256528e+00  1.430000e+01
     vertex  5.631288e-01  3.251597e+00  1.130000e+01
     vertex  6.218696e-01  3.240876e+00  1.430000e+01
   endloop
 endfacet
 facet normal -1.571119e-01 -9.875808e-01  9.120236e-05
   outer loop
     vertex  5.338806e-01  3.256528e+00  1.430000e+01
     vertex  4.737123e-01  3.265823e+00  1.130000e+01
     vertex  5.631288e-01  3.251597e+00  1.130000e+01
   endloop
 endfacet
 facet normal -1.484046e-01 -9.889267e-01 -8.760229e-05
   outer loop
     vertex  4.455000e-01  3.269790e+00  1.430000e+01
     vertex  4.737123e-01  3.265823e+00  1.130000e+01
     vertex  5.338806e-01  3.256528e+00  1.430000e+01
   endloop
 endfacet
 facet normal -1.299594e-01 -9.915193e-01  8.928690e-05
   outer loop
     vertex  4.455000e-01  3.269790e+00  1.430000e+01
     vertex  3.839393e-01  3.277589e+00  1.130000e+01
     vertex  4.737123e-01  3.265823e+00  1.130000e+01
   endloop
 endfacet
 facet normal -1.215707e-01 -9.925828e-01 -8.561759e-05
   outer loop
     vertex  3.567928e-01  3.280655e+00  1.430000e+01
     vertex  3.839393e-01  3.277589e+00  1.130000e+01
     vertex  4.455000e-01  3.269790e+00  1.430000e+01
   endloop
 endfacet
 facet normal -1.027091e-01 -9.947114e-01  8.723297e-05
   outer loop
     vertex  3.567928e-01  3.280655e+00  1.430000e+01
     vertex  2.938773e-01  3.286889e+00  1.130000e+01
     vertex  3.839393e-01  3.277589e+00  1.130000e+01
   endloop
 endfacet
 facet normal -9.464755e-02 -9.955108e-01 -8.349443e-05
   outer loop
     vertex  2.678238e-01  3.289114e+00  1.430000e+01
     vertex  2.938773e-01  3.286889e+00  1.130000e+01
     vertex  3.567928e-01  3.280655e+00  1.430000e+01
   endloop
 endfacet
 facet normal -7.538152e-02 -9.971548e-01  8.504058e-05
   outer loop
     vertex  2.678238e-01  3.289114e+00  1.430000e+01
     vertex  2.035940e-01  3.293714e+00  1.130000e+01
     vertex  2.938773e-01  3.286889e+00  1.130000e+01
   endloop
 endfacet
 facet normal -6.765502e-02 -9.977088e-01 -8.123281e-05
   outer loop
     vertex  1.786584e-01  3.295160e+00  1.430000e+01
     vertex  2.035940e-01  3.293714e+00  1.130000e+01
     vertex  2.678238e-01  3.289114e+00  1.430000e+01
   endloop
 endfacet
 facet normal -4.799716e-02 -9.988475e-01  8.270972e-05
   outer loop
     vertex  1.786584e-01  3.295160e+00  1.430000e+01
     vertex  1.131575e-01  3.298059e+00  1.130000e+01
     vertex  2.035940e-01  3.293714e+00  1.130000e+01
   endloop
 endfacet
 facet normal -2.057667e-02 -9.997883e-01  8.024040e-05
   outer loop
     vertex  8.936197e-02  3.298790e+00  1.430000e+01
     vertex  2.263575e-02  3.299922e+00  1.130000e+01
     vertex  1.131575e-01  3.298059e+00  1.130000e+01
   endloop
 endfacet
 facet normal -4.061287e-02 -9.991750e-01 -7.883272e-05
   outer loop
     vertex  8.936197e-02  3.298790e+00  1.430000e+01
     vertex  1.131575e-01  3.298059e+00  1.130000e+01
     vertex  1.786584e-01  3.295160e+00  1.430000e+01
   endloop
 endfacet
 facet normal  6.859319e-03 -9.999765e-01  8.030960e-05
   outer loop
     vertex  0.000000e+00  3.300000e+00  1.420000e+01
     vertex -6.790300e-02  3.299301e+00  1.130000e+01
     vertex  2.263575e-02  3.299922e+00  1.130000e+01
   endloop
 endfacet
 facet normal -1.345339e-02 -9.999095e-01 -7.824168e-05
   outer loop
     vertex  0.000000e+00  3.300000e+00  1.420000e+01
     vertex  2.263575e-02  3.299922e+00  1.130000e+01
     vertex  8.936197e-02  3.298790e+00  1.430000e+01
   endloop
 endfacet
 facet normal -1.354093e-02 -9.999083e-01 -8.853608e-15
   outer loop
     vertex  2.020667e-16  3.300000e+00  1.430000e+01
     vertex  0.000000e+00  3.300000e+00  1.420000e+01
     vertex  8.936197e-02  3.298790e+00  1.430000e+01
   endloop
 endfacet
 facet normal  3.429014e-02 -9.994119e-01  7.937037e-05
   outer loop
     vertex -9.013884e-02  3.298769e+00  1.420000e+01
     vertex -1.583906e-01  3.296197e+00  1.130000e+01
     vertex -6.790300e-02  3.299301e+00  1.130000e+01
   endloop
 endfacet
 facet normal  1.365867e-02 -9.999067e-01 -7.891292e-05
   outer loop
     vertex -9.013884e-02  3.298769e+00  1.420000e+01
     vertex -6.790300e-02  3.299301e+00  1.130000e+01
     vertex  0.000000e+00  3.300000e+00  1.420000e+01
   endloop
 endfacet
 facet normal  4.096583e-02 -9.991605e-01 -7.796559e-05
   outer loop
     vertex -1.802104e-01  3.295076e+00  1.420000e+01
     vertex -1.583906e-01  3.296197e+00  1.130000e+01
     vertex -9.013884e-02  3.298769e+00  1.420000e+01
   endloop
 endfacet
 facet normal  6.169515e-02 -9.980950e-01  7.841494e-05
   outer loop
     vertex -1.802104e-01  3.295076e+00  1.420000e+01
     vertex -2.487590e-01  3.290611e+00  1.130000e+01
     vertex -1.583906e-01  3.296197e+00  1.130000e+01
   endloop
 endfacet
 facet normal  6.824241e-02 -9.976688e-01 -7.700207e-05
   outer loop
     vertex -2.701475e-01  3.288924e+00  1.420000e+01
     vertex -2.487590e-01  3.290611e+00  1.130000e+01
     vertex -1.802104e-01  3.295076e+00  1.420000e+01
   endloop
 endfacet
 facet normal  8.905371e-02 -9.960268e-01  7.744332e-05
   outer loop
     vertex -2.701475e-01  3.288924e+00  1.420000e+01
     vertex -3.389402e-01  3.282548e+00  1.130000e+01
     vertex -2.487590e-01  3.290611e+00  1.130000e+01
   endloop
 endfacet
 facet normal  9.546807e-02 -9.954325e-01 -7.602235e-05
   outer loop
     vertex -3.598830e-01  3.280318e+00  1.420000e+01
     vertex -3.389402e-01  3.282548e+00  1.130000e+01
     vertex -2.701475e-01  3.288924e+00  1.420000e+01
   endloop
 endfacet
 facet normal  1.163452e-01 -9.932088e-01  7.645551e-05
   outer loop
     vertex -3.598830e-01  3.280318e+00  1.420000e+01
     vertex -4.288662e-01  3.272014e+00  1.130000e+01
     vertex -3.389402e-01  3.282548e+00  1.130000e+01
   endloop
 endfacet
 facet normal  1.226225e-01 -9.924534e-01 -7.502644e-05
   outer loop
     vertex -4.493499e-01  3.269264e+00  1.420000e+01
     vertex -4.288662e-01  3.272014e+00  1.130000e+01
     vertex -3.598830e-01  3.280318e+00  1.420000e+01
   endloop
 endfacet
 facet normal  1.435492e-01 -9.896432e-01  7.545150e-05
   outer loop
     vertex -4.493499e-01  3.269264e+00  1.420000e+01
     vertex -5.184693e-01  3.259017e+00  1.130000e+01
     vertex -4.288662e-01  3.272014e+00  1.130000e+01
   endloop
 endfacet
 facet normal  1.496854e-01 -9.887337e-01 -7.401433e-05
   outer loop
     vertex -5.384816e-01  3.255770e+00  1.420000e+01
     vertex -5.184693e-01  3.259017e+00  1.130000e+01
     vertex -4.493499e-01  3.269264e+00  1.420000e+01
   endloop
 endfacet
 facet normal  1.706451e-01 -9.853326e-01  7.443130e-05
   outer loop
     vertex -5.384816e-01  3.255770e+00  1.420000e+01
     vertex -6.076822e-01  3.243566e+00  1.130000e+01
     vertex -5.184693e-01  3.259017e+00  1.130000e+01
   endloop
 endfacet
 facet normal  1.766366e-01 -9.842761e-01 -7.298604e-05
   outer loop
     vertex -6.272113e-01  3.239847e+00  1.420000e+01
     vertex -6.076822e-01  3.243566e+00  1.130000e+01
     vertex -5.384816e-01  3.255770e+00  1.420000e+01
   endloop
 endfacet
 facet normal  1.976125e-01 -9.802802e-01  7.339491e-05
   outer loop
     vertex -6.272113e-01  3.239847e+00  1.420000e+01
     vertex -6.964376e-01  3.225674e+00  1.130000e+01
     vertex -6.076822e-01  3.243566e+00  1.130000e+01
   endloop
 endfacet
 facet normal  2.034560e-01 -9.790841e-01 -7.194155e-05
   outer loop
     vertex -7.154731e-01  3.221506e+00  1.420000e+01
     vertex -6.964376e-01  3.225674e+00  1.130000e+01
     vertex -6.272113e-01  3.239847e+00  1.420000e+01
   endloop
 endfacet
 facet normal  2.244312e-01 -9.744899e-01  7.234232e-05
   outer loop
     vertex -7.154731e-01  3.221506e+00  1.420000e+01
     vertex -7.846688e-01  3.205354e+00  1.130000e+01
     vertex -6.964376e-01  3.225674e+00  1.130000e+01
   endloop
 endfacet
 facet normal  2.301236e-01 -9.731614e-01 -7.088086e-05
   outer loop
     vertex -8.032009e-01  3.200761e+00  1.420000e+01
     vertex -7.846688e-01  3.205354e+00  1.130000e+01
     vertex -7.154731e-01  3.221506e+00  1.420000e+01
   endloop
 endfacet
 facet normal  2.510809e-01 -9.679661e-01  7.127354e-05
   outer loop
     vertex -8.032009e-01  3.200761e+00  1.420000e+01
     vertex -8.723093e-01  3.182621e+00  1.130000e+01
     vertex -7.846688e-01  3.205354e+00  1.130000e+01
   endloop
 endfacet
 facet normal  2.775416e-01 -9.607136e-01  7.018857e-05
   outer loop
     vertex -8.903293e-01  3.177627e+00  1.420000e+01
     vertex -9.592932e-01  3.157492e+00  1.130000e+01
     vertex -8.723093e-01  3.182621e+00  1.130000e+01
   endloop
 endfacet
 facet normal  2.566194e-01 -9.665125e-01 -6.980399e-05
   outer loop
     vertex -8.903293e-01  3.177627e+00  1.420000e+01
     vertex -8.723093e-01  3.182621e+00  1.130000e+01
     vertex -8.032009e-01  3.200761e+00  1.420000e+01
   endloop
 endfacet
 facet normal  3.037934e-01 -9.527379e-01  6.908740e-05
   outer loop
     vertex -9.767934e-01  3.152122e+00  1.420000e+01
     vertex -1.045555e+00  3.129986e+00  1.130000e+01
     vertex -9.592932e-01  3.157492e+00  1.130000e+01
   endloop
 endfacet
 facet normal  2.829238e-01 -9.591424e-01 -6.871092e-05
   outer loop
     vertex -9.767934e-01  3.152122e+00  1.420000e+01
     vertex -9.592932e-01  3.157492e+00  1.130000e+01
     vertex -8.903293e-01  3.177627e+00  1.420000e+01
   endloop
 endfacet
 facet normal  3.298166e-01 -9.440450e-01  6.797004e-05
   outer loop
     vertex -1.062529e+00  3.124265e+00  1.420000e+01
     vertex -1.131030e+00  3.100125e+00  1.130000e+01
     vertex -1.045555e+00  3.129986e+00  1.130000e+01
   endloop
 endfacet
 facet normal  3.090170e-01 -9.510565e-01 -6.760165e-05
   outer loop
     vertex -1.062529e+00  3.124265e+00  1.420000e+01
     vertex -1.045555e+00  3.129986e+00  1.130000e+01
     vertex -9.767934e-01  3.152122e+00  1.420000e+01
   endloop
 endfacet
 facet normal  3.555914e-01 -9.346415e-01  6.683648e-05
   outer loop
     vertex -1.147471e+00  3.094077e+00  1.420000e+01
     vertex -1.215653e+00  3.067929e+00  1.130000e+01
     vertex -1.131030e+00  3.100125e+00  1.130000e+01
   endloop
 endfacet
 facet normal  3.348796e-01 -9.422609e-01 -6.647619e-05
   outer loop
     vertex -1.147471e+00  3.094077e+00  1.420000e+01
     vertex -1.131030e+00  3.100125e+00  1.130000e+01
     vertex -1.062529e+00  3.124265e+00  1.420000e+01
   endloop
 endfacet
 facet normal  3.810986e-01 -9.245344e-01  6.568674e-05
   outer loop
     vertex -1.231557e+00  3.061579e+00  1.420000e+01
     vertex -1.299361e+00  3.033424e+00  1.130000e+01
     vertex -1.215653e+00  3.067929e+00  1.130000e+01
   endloop
 endfacet
 facet normal  3.604923e-01 -9.327622e-01 -6.533454e-05
   outer loop
     vertex -1.231557e+00  3.061579e+00  1.420000e+01
     vertex -1.215653e+00  3.067929e+00  1.130000e+01
     vertex -1.147471e+00  3.094077e+00  1.420000e+01
   endloop
 endfacet
 facet normal  4.063188e-01 -9.137314e-01  6.452080e-05
   outer loop
     vertex -1.314724e+00  3.026797e+00  1.420000e+01
     vertex -1.382091e+00  2.996636e+00  1.130000e+01
     vertex -1.299361e+00  3.033424e+00  1.130000e+01
   endloop
 endfacet
 facet normal  3.858360e-01 -9.225674e-01 -6.417670e-05
   outer loop
     vertex -1.314724e+00  3.026797e+00  1.420000e+01
     vertex -1.299361e+00  3.033424e+00  1.130000e+01
     vertex -1.231557e+00  3.061579e+00  1.420000e+01
   endloop
 endfacet
 facet normal  4.312333e-01 -9.022405e-01  6.333866e-05
   outer loop
     vertex -1.396909e+00  2.989757e+00  1.420000e+01
     vertex -1.463781e+00  2.957591e+00  1.130000e+01
     vertex -1.382091e+00  2.996636e+00  1.130000e+01
   endloop
 endfacet
 facet normal  4.108918e-01 -9.116841e-01 -6.300266e-05
   outer loop
     vertex -1.396909e+00  2.989757e+00  1.420000e+01
     vertex -1.382091e+00  2.996636e+00  1.130000e+01
     vertex -1.314724e+00  3.026797e+00  1.420000e+01
   endloop
 endfacet
 facet normal  4.558231e-01 -8.900704e-01  6.214034e-05
   outer loop
     vertex -1.478053e+00  2.950485e+00  1.420000e+01
     vertex -1.544368e+00  2.916321e+00  1.130000e+01
     vertex -1.463781e+00  2.957591e+00  1.130000e+01
   endloop
 endfacet
 facet normal  4.356410e-01 -9.001205e-01 -6.181243e-05
   outer loop
     vertex -1.478053e+00  2.950485e+00  1.420000e+01
     vertex -1.463781e+00  2.957591e+00  1.130000e+01
     vertex -1.396909e+00  2.989757e+00  1.420000e+01
   endloop
 endfacet
 facet normal  4.800697e-01 -8.772303e-01  6.092582e-05
   outer loop
     vertex -1.558093e+00  2.909011e+00  1.420000e+01
     vertex -1.623794e+00  2.872855e+00  1.130000e+01
     vertex -1.544368e+00  2.916321e+00  1.130000e+01
   endloop
 endfacet
 facet normal  4.600650e-01 -8.878852e-01 -6.060601e-05
   outer loop
     vertex -1.558093e+00  2.909011e+00  1.420000e+01
     vertex -1.544368e+00  2.916321e+00  1.130000e+01
     vertex -1.478053e+00  2.950485e+00  1.420000e+01
   endloop
 endfacet
 facet normal  5.039550e-01 -8.637299e-01  5.969511e-05
   outer loop
     vertex -1.636971e+00  2.865367e+00  1.420000e+01
     vertex -1.701997e+00  2.827226e+00  1.130000e+01
     vertex -1.623794e+00  2.872855e+00  1.130000e+01
   endloop
 endfacet
 facet normal  4.841458e-01 -8.749873e-01 -5.938340e-05
   outer loop
     vertex -1.636971e+00  2.865367e+00  1.420000e+01
     vertex -1.623794e+00  2.872855e+00  1.130000e+01
     vertex -1.558093e+00  2.909011e+00  1.420000e+01
   endloop
 endfacet
 facet normal  5.274609e-01 -8.495793e-01  5.844820e-05
   outer loop
     vertex -1.714627e+00  2.819584e+00  1.420000e+01
     vertex -1.778918e+00  2.779469e+00  1.130000e+01
     vertex -1.701997e+00  2.827226e+00  1.130000e+01
   endloop
 endfacet
 facet normal  5.078652e-01 -8.614365e-01 -5.814459e-05
   outer loop
     vertex -1.714627e+00  2.819584e+00  1.420000e+01
     vertex -1.701997e+00  2.827226e+00  1.130000e+01
     vertex -1.636971e+00  2.865367e+00  1.420000e+01
   endloop
 endfacet
 facet normal  5.505698e-01 -8.347891e-01  5.718510e-05
   outer loop
     vertex -1.791004e+00  2.771697e+00  1.420000e+01
     vertex -1.854501e+00  2.729620e+00  1.130000e+01
     vertex -1.778918e+00  2.779469e+00  1.130000e+01
   endloop
 endfacet
 facet normal  5.312057e-01 -8.472429e-01 -5.688958e-05
   outer loop
     vertex -1.791004e+00  2.771697e+00  1.420000e+01
     vertex -1.778918e+00  2.779469e+00  1.130000e+01
     vertex -1.714627e+00  2.819584e+00  1.420000e+01
   endloop
 endfacet
 facet normal  5.732642e-01 -8.193706e-01  5.590581e-05
   outer loop
     vertex -1.866044e+00  2.721742e+00  1.420000e+01
     vertex -1.928687e+00  2.677716e+00  1.130000e+01
     vertex -1.854501e+00  2.729620e+00  1.130000e+01
   endloop
 endfacet
 facet normal  5.541498e-01 -8.324170e-01 -5.561839e-05
   outer loop
     vertex -1.866044e+00  2.721742e+00  1.420000e+01
     vertex -1.854501e+00  2.729620e+00  1.130000e+01
     vertex -1.791004e+00  2.771697e+00  1.420000e+01
   endloop
 endfacet
 facet normal  5.955271e-01 -8.033352e-01  5.461032e-05
   outer loop
     vertex -1.939691e+00  2.669756e+00  1.420000e+01
     vertex -2.001422e+00  2.623797e+00  1.130000e+01
     vertex -1.928687e+00  2.677716e+00  1.130000e+01
   endloop
 endfacet
 facet normal  5.766803e-01 -8.169699e-01 -5.433100e-05
   outer loop
     vertex -1.939691e+00  2.669756e+00  1.420000e+01
     vertex -1.928687e+00  2.677716e+00  1.130000e+01
     vertex -1.866044e+00  2.721742e+00  1.420000e+01
   endloop
 endfacet
 facet normal  6.173417e-01 -7.866951e-01  5.329865e-05
   outer loop
     vertex -2.011891e+00  2.615778e+00  1.420000e+01
     vertex -2.072650e+00  2.567902e+00  1.130000e+01
     vertex -2.001422e+00  2.623797e+00  1.130000e+01
   endloop
 endfacet
 facet normal  5.987805e-01 -8.009132e-01 -5.302742e-05
   outer loop
     vertex -2.011891e+00  2.615778e+00  1.420000e+01
     vertex -2.001422e+00  2.623797e+00  1.130000e+01
     vertex -1.939691e+00  2.669756e+00  1.420000e+01
   endloop
 endfacet
 facet normal  6.386916e-01 -7.694628e-01  5.197077e-05
   outer loop
     vertex -2.082590e+00  2.559847e+00  1.420000e+01
     vertex -2.142318e+00  2.510075e+00  1.130000e+01
     vertex -2.072650e+00  2.567902e+00  1.130000e+01
   endloop
 endfacet
 facet normal  6.204339e-01 -7.842588e-01 -5.170764e-05
   outer loop
     vertex -2.082590e+00  2.559847e+00  1.420000e+01
     vertex -2.072650e+00  2.567902e+00  1.130000e+01
     vertex -2.011891e+00  2.615778e+00  1.420000e+01
   endloop
 endfacet
 facet normal  6.595607e-01 -7.516513e-01  5.062671e-05
   outer loop
     vertex -2.151735e+00  2.502007e+00  1.420000e+01
     vertex -2.210373e+00  2.450357e+00  1.130000e+01
     vertex -2.142318e+00  2.510075e+00  1.130000e+01
   endloop
 endfacet
 facet normal  6.416243e-01 -7.670191e-01 -5.037168e-05
   outer loop
     vertex -2.151735e+00  2.502007e+00  1.420000e+01
     vertex -2.142318e+00  2.510075e+00  1.130000e+01
     vertex -2.082590e+00  2.559847e+00  1.420000e+01
   endloop
 endfacet
 facet normal  6.623358e-01 -7.492071e-01 -4.901951e-05
   outer loop
     vertex -2.219274e+00  2.442299e+00  1.420000e+01
     vertex -2.210373e+00  2.450357e+00  1.130000e+01
     vertex -2.151735e+00  2.502007e+00  1.420000e+01
   endloop
 endfacet
 facet normal  6.799333e-01 -7.332740e-01  4.926645e-05
   outer loop
     vertex -2.219274e+00  2.442299e+00  1.420000e+01
     vertex -2.276764e+00  2.388796e+00  1.130000e+01
     vertex -2.210373e+00  2.450357e+00  1.130000e+01
   endloop
 endfacet
 facet normal  6.825531e-01 -7.308360e-01 -4.765116e-05
   outer loop
     vertex -2.285157e+00  2.380769e+00  1.420000e+01
     vertex -2.276764e+00  2.388796e+00  1.130000e+01
     vertex -2.219274e+00  2.442299e+00  1.420000e+01
   endloop
 endfacet
 facet normal  6.997940e-01 -7.143447e-01  4.789000e-05
   outer loop
     vertex -2.285157e+00  2.380769e+00  1.420000e+01
     vertex -2.341442e+00  2.325436e+00  1.130000e+01
     vertex -2.276764e+00  2.388796e+00  1.130000e+01
   endloop
 endfacet
 facet normal  7.022611e-01 -7.119195e-01 -4.626661e-05
   outer loop
     vertex -2.349334e+00  2.317462e+00  1.420000e+01
     vertex -2.341442e+00  2.325436e+00  1.130000e+01
     vertex -2.285157e+00  2.380769e+00  1.420000e+01
   endloop
 endfacet
 facet normal  7.191280e-01 -6.948776e-01  4.649736e-05
   outer loop
     vertex -2.349334e+00  2.317462e+00  1.420000e+01
     vertex -2.404356e+00  2.260325e+00  1.130000e+01
     vertex -2.341442e+00  2.325436e+00  1.130000e+01
   endloop
 endfacet
 facet normal  7.214450e-01 -6.924717e-01 -4.486587e-05
   outer loop
     vertex -2.411759e+00  2.252425e+00  1.420000e+01
     vertex -2.404356e+00  2.260325e+00  1.130000e+01
     vertex -2.349334e+00  2.317462e+00  1.420000e+01
   endloop
 endfacet
 facet normal  7.379206e-01 -6.748875e-01  4.508852e-05
   outer loop
     vertex -2.411759e+00  2.252425e+00  1.420000e+01
     vertex -2.465461e+00  2.193513e+00  1.130000e+01
     vertex -2.404356e+00  2.260325e+00  1.130000e+01
   endloop
 endfacet
 facet normal  7.400906e-01 -6.725072e-01 -4.344894e-05
   outer loop
     vertex -2.472383e+00  2.185708e+00  1.420000e+01
     vertex -2.465461e+00  2.193513e+00  1.130000e+01
     vertex -2.411759e+00  2.252425e+00  1.420000e+01
   endloop
 endfacet
 facet normal  7.561578e-01 -6.543893e-01  4.366349e-05
   outer loop
     vertex -2.472383e+00  2.185708e+00  1.420000e+01
     vertex -2.524710e+00  2.125050e+00  1.130000e+01
     vertex -2.465461e+00  2.193513e+00  1.130000e+01
   endloop
 endfacet
 facet normal  7.738257e-01 -6.333986e-01  4.222227e-05
   outer loop
     vertex -2.531163e+00  2.117360e+00  1.420000e+01
     vertex -2.582059e+00  2.054987e+00  1.130000e+01
     vertex -2.524710e+00  2.125050e+00  1.130000e+01
   endloop
 endfacet
 facet normal  7.581838e-01 -6.520409e-01 -4.201582e-05
   outer loop
     vertex -2.531163e+00  2.117360e+00  1.420000e+01
     vertex -2.524710e+00  2.125050e+00  1.130000e+01
     vertex -2.472383e+00  2.185708e+00  1.420000e+01
   endloop
 endfacet
 facet normal  7.909112e-01 -6.119310e-01  4.076486e-05
   outer loop
     vertex -2.588054e+00  2.047432e+00  1.420000e+01
     vertex -2.637464e+00  1.983377e+00  1.130000e+01
     vertex -2.582059e+00  2.054987e+00  1.130000e+01
   endloop
 endfacet
 facet normal  7.757113e-01 -6.310879e-01 -4.056650e-05
   outer loop
     vertex -2.588054e+00  2.047432e+00  1.420000e+01
     vertex -2.582059e+00  2.054987e+00  1.130000e+01
     vertex -2.531163e+00  2.117360e+00  1.420000e+01
   endloop
 endfacet
 facet normal  8.074012e-01 -5.900028e-01  3.929125e-05
   outer loop
     vertex -2.643013e+00  1.975976e+00  1.420000e+01
     vertex -2.690883e+00  1.910275e+00  1.130000e+01
     vertex -2.637464e+00  1.983377e+00  1.130000e+01
   endloop
 endfacet
 facet normal  7.926599e-01 -6.096641e-01 -3.910099e-05
   outer loop
     vertex -2.643013e+00  1.975976e+00  1.420000e+01
     vertex -2.637464e+00  1.983377e+00  1.130000e+01
     vertex -2.588054e+00  2.047432e+00  1.420000e+01
   endloop
 endfacet
 facet normal  8.232835e-01 -5.676304e-01  3.780145e-05
   outer loop
     vertex -2.696001e+00  1.903045e+00  1.420000e+01
     vertex -2.742277e+00  1.835734e+00  1.130000e+01
     vertex -2.690883e+00  1.910275e+00  1.130000e+01
   endloop
 endfacet
 facet normal  8.090170e-01 -5.877853e-01 -3.761928e-05
   outer loop
     vertex -2.696001e+00  1.903045e+00  1.420000e+01
     vertex -2.690883e+00  1.910275e+00  1.130000e+01
     vertex -2.643013e+00  1.975976e+00  1.420000e+01
   endloop
 endfacet
 facet normal  8.385460e-01 -5.448308e-01  3.629546e-05
   outer loop
     vertex -2.746976e+00  1.828694e+00  1.420000e+01
     vertex -2.791606e+00  1.759811e+00  1.130000e+01
     vertex -2.742277e+00  1.835734e+00  1.130000e+01
   endloop
 endfacet
 facet normal  8.247704e-01 -5.654678e-01 -3.612139e-05
   outer loop
     vertex -2.746976e+00  1.828694e+00  1.420000e+01
     vertex -2.742277e+00  1.835734e+00  1.130000e+01
     vertex -2.696001e+00  1.903045e+00  1.420000e+01
   endloop
 endfacet
 facet normal  8.531773e-01 -5.216210e-01  3.477327e-05
   outer loop
     vertex -2.795901e+00  1.752979e+00  1.420000e+01
     vertex -2.838834e+00  1.682564e+00  1.130000e+01
     vertex -2.791606e+00  1.759811e+00  1.130000e+01
   endloop
 endfacet
 facet normal  8.399083e-01 -5.427284e-01 -3.460730e-05
   outer loop
     vertex -2.795901e+00  1.752979e+00  1.420000e+01
     vertex -2.791606e+00  1.759811e+00  1.130000e+01
     vertex -2.746976e+00  1.828694e+00  1.420000e+01
   endloop
 endfacet
 facet normal  8.671664e-01 -4.980186e-01  3.323489e-05
   outer loop
     vertex -2.842741e+00  1.675955e+00  1.420000e+01
     vertex -2.883925e+00  1.604050e+00  1.130000e+01
     vertex -2.838834e+00  1.682564e+00  1.130000e+01
   endloop
 endfacet
 facet normal  8.544194e-01 -5.195839e-01 -3.307701e-05
   outer loop
     vertex -2.842741e+00  1.675955e+00  1.420000e+01
     vertex -2.838834e+00  1.682564e+00  1.130000e+01
     vertex -2.795901e+00  1.752979e+00  1.420000e+01
   endloop
 endfacet
 facet normal  8.805026e-01 -4.740412e-01  3.168032e-05
   outer loop
     vertex -2.887458e+00  1.597681e+00  1.420000e+01
     vertex -2.926845e+00  1.524328e+00  1.130000e+01
     vertex -2.883925e+00  1.604050e+00  1.130000e+01
   endloop
 endfacet
 facet normal  8.682929e-01 -4.960518e-01 -3.153054e-05
   outer loop
     vertex -2.887458e+00  1.597681e+00  1.420000e+01
     vertex -2.883925e+00  1.604050e+00  1.130000e+01
     vertex -2.842741e+00  1.675955e+00  1.420000e+01
   endloop
 endfacet
 facet normal  8.931761e-01 -4.497071e-01  3.010955e-05
   outer loop
     vertex -2.930021e+00  1.518215e+00  1.420000e+01
     vertex -2.967562e+00  1.443459e+00  1.130000e+01
     vertex -2.926845e+00  1.524328e+00  1.130000e+01
   endloop
 endfacet
 facet normal  8.815185e-01 -4.721495e-01 -2.996787e-05
   outer loop
     vertex -2.930021e+00  1.518215e+00  1.420000e+01
     vertex -2.926845e+00  1.524328e+00  1.130000e+01
     vertex -2.887458e+00  1.597681e+00  1.420000e+01
   endloop
 endfacet
 facet normal  9.051772e-01 -4.250344e-01  2.852260e-05
   outer loop
     vertex -2.970398e+00  1.437615e+00  1.420000e+01
     vertex -3.006045e+00  1.361504e+00  1.130000e+01
     vertex -2.967562e+00  1.443459e+00  1.130000e+01
   endloop
 endfacet
 facet normal  8.940863e-01 -4.478948e-01 -2.838901e-05
   outer loop
     vertex -2.970398e+00  1.437615e+00  1.420000e+01
     vertex -2.967562e+00  1.443459e+00  1.130000e+01
     vertex -2.930021e+00  1.518215e+00  1.420000e+01
   endloop
 endfacet
 facet normal  9.164969e-01 -4.000417e-01  2.691945e-05
   outer loop
     vertex -3.008558e+00  1.355943e+00  1.420000e+01
     vertex -3.042265e+00  1.278523e+00  1.130000e+01
     vertex -3.006045e+00  1.361504e+00  1.130000e+01
   endloop
 endfacet
 facet normal  9.059868e-01 -4.233059e-01 -2.679395e-05
   outer loop
     vertex -3.008558e+00  1.355943e+00  1.420000e+01
     vertex -3.006045e+00  1.361504e+00  1.130000e+01
     vertex -2.970398e+00  1.437615e+00  1.420000e+01
   endloop
 endfacet
 facet normal  9.271267e-01 -3.747479e-01  2.530010e-05
   outer loop
     vertex -3.044472e+00  1.273259e+00  1.420000e+01
     vertex -3.076195e+00  1.194580e+00  1.130000e+01
     vertex -3.042265e+00  1.278523e+00  1.130000e+01
   endloop
 endfacet
 facet normal  9.172113e-01 -3.984011e-01 -2.518271e-05
   outer loop
     vertex -3.044472e+00  1.273259e+00  1.420000e+01
     vertex -3.042265e+00  1.278523e+00  1.130000e+01
     vertex -3.008558e+00  1.355943e+00  1.420000e+01
   endloop
 endfacet
 facet normal  9.370586e-01 -3.491720e-01  2.366457e-05
   outer loop
     vertex -3.078115e+00  1.189625e+00  1.420000e+01
     vertex -3.107810e+00  1.109738e+00  1.130000e+01
     vertex -3.076195e+00  1.194580e+00  1.130000e+01
   endloop
 endfacet
 facet normal  9.277513e-01 -3.731990e-01 -2.355527e-05
   outer loop
     vertex -3.078115e+00  1.189625e+00  1.420000e+01
     vertex -3.076195e+00  1.194580e+00  1.130000e+01
     vertex -3.044472e+00  1.273259e+00  1.420000e+01
   endloop
 endfacet
 facet normal  9.375990e-01 -3.477184e-01 -2.191164e-05
   outer loop
     vertex -3.109461e+00  1.105103e+00  1.420000e+01
     vertex -3.107810e+00  1.109738e+00  1.130000e+01
     vertex -3.078115e+00  1.189625e+00  1.420000e+01
   endloop
 endfacet
 facet normal  9.462851e-01 -3.233333e-01  2.201284e-05
   outer loop
     vertex -3.109461e+00  1.105103e+00  1.420000e+01
     vertex -3.137085e+00  1.024061e+00  1.130000e+01
     vertex -3.107810e+00  1.109738e+00  1.130000e+01
   endloop
 endfacet
 facet normal  9.547993e-01 -2.972512e-01  2.034492e-05
   outer loop
     vertex -3.138487e+00  1.019756e+00  1.420000e+01
     vertex -3.163998e+00  9.376124e-01  1.130000e+01
     vertex -3.137085e+00  1.024061e+00  1.130000e+01
   endloop
 endfacet
 facet normal  9.467470e-01 -3.219783e-01 -2.025181e-05
   outer loop
     vertex -3.138487e+00  1.019756e+00  1.420000e+01
     vertex -3.137085e+00  1.024061e+00  1.130000e+01
     vertex -3.109461e+00  1.105103e+00  1.420000e+01
   endloop
 endfacet
 facet normal  9.625948e-01 -2.709453e-01  1.866081e-05
   outer loop
     vertex -3.165170e+00  9.336485e-01  1.420000e+01
     vertex -3.188530e+00  8.504582e-01  1.130000e+01
     vertex -3.163998e+00  9.376124e-01  1.130000e+01
   endloop
 endfacet
 facet normal  9.551886e-01 -2.959980e-01 -1.857580e-05
   outer loop
     vertex -3.165170e+00  9.336485e-01  1.420000e+01
     vertex -3.163998e+00  9.376124e-01  1.130000e+01
     vertex -3.138487e+00  1.019756e+00  1.420000e+01
   endloop
 endfacet
 facet normal  9.696656e-01 -2.444354e-01  1.696050e-05
   outer loop
     vertex -3.189491e+00  8.468441e-01  1.420000e+01
     vertex -3.210661e+00  7.626638e-01  1.130000e+01
     vertex -3.188530e+00  8.504582e-01  1.130000e+01
   endloop
 endfacet
 facet normal  9.629173e-01 -2.697968e-01 -1.688359e-05
   outer loop
     vertex -3.189491e+00  8.468441e-01  1.420000e+01
     vertex -3.188530e+00  8.504582e-01  1.130000e+01
     vertex -3.165170e+00  9.336485e-01  1.420000e+01
   endloop
 endfacet
 facet normal  9.760065e-01 -2.177416e-01  1.524400e-05
   outer loop
     vertex -3.211433e+00  7.594078e-01  1.420000e+01
     vertex -3.230375e+00  6.742953e-01  1.130000e+01
     vertex -3.210661e+00  7.626638e-01  1.130000e+01
   endloop
 endfacet
 facet normal  9.699274e-01 -2.433942e-01 -1.517519e-05
   outer loop
     vertex -3.211433e+00  7.594078e-01  1.420000e+01
     vertex -3.210661e+00  7.626638e-01  1.130000e+01
     vertex -3.189491e+00  8.468441e-01  1.420000e+01
   endloop
 endfacet
 facet normal  9.816126e-01 -1.908838e-01  1.351131e-05
   outer loop
     vertex -3.230977e+00  6.714048e-01  1.420000e+01
     vertex -3.247658e+00  5.854193e-01  1.130000e+01
     vertex -3.230375e+00  6.742953e-01  1.130000e+01
   endloop
 endfacet
 facet normal  9.762138e-01 -2.168100e-01 -1.345059e-05
   outer loop
     vertex -3.230977e+00  6.714048e-01  1.420000e+01
     vertex -3.230375e+00  6.742953e-01  1.130000e+01
     vertex -3.211433e+00  7.594078e-01  1.420000e+01
   endloop
 endfacet
 facet normal  9.864799e-01 -1.638824e-01  1.176243e-05
   outer loop
     vertex -3.248111e+00  5.829008e-01  1.420000e+01
     vertex -3.262496e+00  4.961025e-01  1.130000e+01
     vertex -3.247658e+00  5.854193e-01  1.130000e+01
   endloop
 endfacet
 facet normal  9.817717e-01 -1.900640e-01 -1.170980e-05
   outer loop
     vertex -3.248111e+00  5.829008e-01  1.420000e+01
     vertex -3.247658e+00  5.854193e-01  1.130000e+01
     vertex -3.230977e+00  6.714048e-01  1.420000e+01
   endloop
 endfacet
 facet normal  9.906046e-01 -1.367575e-01  9.997355e-06
   outer loop
     vertex -3.262821e+00  4.939618e-01  1.420000e+01
     vertex -3.274878e+00  4.064123e-01  1.130000e+01
     vertex -3.262496e+00  4.961025e-01  1.130000e+01
   endloop
 endfacet
 facet normal  9.865969e-01 -1.631762e-01 -9.952826e-06
   outer loop
     vertex -3.262821e+00  4.939618e-01  1.420000e+01
     vertex -3.262496e+00  4.961025e-01  1.130000e+01
     vertex -3.248111e+00  5.829008e-01  1.420000e+01
   endloop
 endfacet
 facet normal  9.906859e-01 -1.361666e-01 -8.179654e-06
   outer loop
     vertex -3.275096e+00  4.046542e-01  1.420000e+01
     vertex -3.274878e+00  4.064123e-01  1.130000e+01
     vertex -3.262821e+00  4.939618e-01  1.420000e+01
   endloop
 endfacet
 facet normal  9.939835e-01 -1.095298e-01  8.216087e-06
   outer loop
     vertex -3.275096e+00  4.046542e-01  1.420000e+01
     vertex -3.284795e+00  3.164162e-01  1.130000e+01
     vertex -3.274878e+00  4.064123e-01  1.130000e+01
   endloop
 endfacet
 facet normal  9.940357e-01 -1.090555e-01 -6.390290e-06
   outer loop
     vertex -3.284927e+00  3.150446e-01  1.420000e+01
     vertex -3.284795e+00  3.164162e-01  1.130000e+01
     vertex -3.275096e+00  4.046542e-01  1.420000e+01
   endloop
 endfacet
 facet normal  9.966142e-01 -8.221955e-02  6.418626e-06
   outer loop
     vertex -3.284927e+00  3.150446e-01  1.420000e+01
     vertex -3.292240e+00  2.261818e-01  1.130000e+01
     vertex -3.284795e+00  3.164162e-01  1.130000e+01
   endloop
 endfacet
 facet normal  9.966436e-01 -8.186288e-02 -4.584733e-06
   outer loop
     vertex -3.292307e+00  2.252000e-01  1.420000e+01
     vertex -3.292240e+00  2.261818e-01  1.130000e+01
     vertex -3.284927e+00  3.150446e-01  1.420000e+01
   endloop
 endfacet
 facet normal  9.984947e-01 -5.484744e-02  4.604973e-06
   outer loop
     vertex -3.292307e+00  2.252000e-01  1.420000e+01
     vertex -3.297206e+00  1.357772e-01  1.130000e+01
     vertex -3.292240e+00  2.261818e-01  1.130000e+01
   endloop
 endfacet
 facet normal  9.985078e-01 -5.460922e-02 -2.762984e-06
   outer loop
     vertex -3.297230e+00  1.351872e-01  1.420000e+01
     vertex -3.297206e+00  1.357772e-01  1.130000e+01
     vertex -3.292307e+00  2.252000e-01  1.420000e+01
   endloop
 endfacet
 facet normal  9.996236e-01 -2.743405e-02  2.775128e-06
   outer loop
     vertex -3.297230e+00  1.351872e-01  1.420000e+01
     vertex -3.299689e+00  4.527044e-02  1.130000e+01
     vertex -3.297206e+00  1.357772e-01  1.130000e+01
   endloop
 endfacet
 facet normal  9.996269e-01 -2.731480e-02 -9.250428e-07
   outer loop
     vertex -3.299692e+00  4.507362e-02  1.420000e+01
     vertex -3.299689e+00  4.527044e-02  1.130000e+01
     vertex -3.297230e+00  1.351872e-01  1.420000e+01
   endloop
 endfacet
 facet normal  1.000000e+00  4.926265e-15  9.290908e-07
   outer loop
     vertex -3.299692e+00 -4.507362e-02  1.420000e+01
     vertex -3.299689e+00  4.527044e-02  1.130000e+01
     vertex -3.299692e+00  4.507362e-02  1.420000e+01
   endloop
 endfacet
 facet normal  1.000000e+00  4.904848e-15  9.290908e-07
   outer loop
     vertex -3.299692e+00 -4.507362e-02  1.420000e+01
     vertex -3.299689e+00 -4.527044e-02  1.130000e+01
     vertex -3.299689e+00  4.527044e-02  1.130000e+01
   endloop
 endfacet
 facet normal  9.996269e-01  2.731480e-02 -9.250428e-07
   outer loop
     vertex -3.297230e+00 -1.351872e-01  1.420000e+01
     vertex -3.299689e+00 -4.527044e-02  1.130000e+01
     vertex -3.299692e+00 -4.507362e-02  1.420000e+01
   endloop
 endfacet
 facet normal  9.996236e-01  2.743405e-02  2.775128e-06
   outer loop
     vertex -3.297230e+00 -1.351872e-01  1.420000e+01
     vertex -3.297206e+00 -1.357772e-01  1.130000e+01
     vertex -3.299689e+00 -4.527044e-02  1.130000e+01
   endloop
 endfacet
 facet normal  9.985078e-01  5.460922e-02 -2.762984e-06
   outer loop
     vertex -3.292307e+00 -2.252000e-01  1.420000e+01
     vertex -3.297206e+00 -1.357772e-01  1.130000e+01
     vertex -3.297230e+00 -1.351872e-01  1.420000e+01
   endloop
 endfacet
 facet normal  9.984947e-01  5.484744e-02  4.604973e-06
   outer loop
     vertex -3.292307e+00 -2.252000e-01  1.420000e+01
     vertex -3.292240e+00 -2.261818e-01  1.130000e+01
     vertex -3.297206e+00 -1.357772e-01  1.130000e+01
   endloop
 endfacet
 facet normal  9.966436e-01  8.186288e-02 -4.584733e-06
   outer loop
     vertex -3.284927e+00 -3.150446e-01  1.420000e+01
     vertex -3.292240e+00 -2.261818e-01  1.130000e+01
     vertex -3.292307e+00 -2.252000e-01  1.420000e+01
   endloop
 endfacet
 facet normal  9.966142e-01  8.221955e-02  6.418626e-06
   outer loop
     vertex -3.284927e+00 -3.150446e-01  1.420000e+01
     vertex -3.284795e+00 -3.164162e-01  1.130000e+01
     vertex -3.292240e+00 -2.261818e-01  1.130000e+01
   endloop
 endfacet
 facet normal  9.940357e-01  1.090555e-01 -6.390290e-06
   outer loop
     vertex -3.275096e+00 -4.046542e-01  1.420000e+01
     vertex -3.284795e+00 -3.164162e-01  1.130000e+01
     vertex -3.284927e+00 -3.150446e-01  1.420000e+01
   endloop
 endfacet
 facet normal  9.939835e-01  1.095298e-01  8.216087e-06
   outer loop
     vertex -3.275096e+00 -4.046542e-01  1.420000e+01
     vertex -3.274878e+00 -4.064123e-01  1.130000e+01
     vertex -3.284795e+00 -3.164162e-01  1.130000e+01
   endloop
 endfacet
 facet normal  9.906859e-01  1.361666e-01 -8.179654e-06
   outer loop
     vertex -3.262821e+00 -4.939618e-01  1.420000e+01
     vertex -3.274878e+00 -4.064123e-01  1.130000e+01
     vertex -3.275096e+00 -4.046542e-01  1.420000e+01
   endloop
 endfacet
 facet normal  9.906046e-01  1.367575e-01  9.997355e-06
   outer loop
     vertex -3.262821e+00 -4.939618e-01  1.420000e+01
     vertex -3.262496e+00 -4.961025e-01  1.130000e+01
     vertex -3.274878e+00 -4.064123e-01  1.130000e+01
   endloop
 endfacet
 facet normal  9.865969e-01  1.631762e-01 -9.952826e-06
   outer loop
     vertex -3.248111e+00 -5.829008e-01  1.420000e+01
     vertex -3.262496e+00 -4.961025e-01  1.130000e+01
     vertex -3.262821e+00 -4.939618e-01  1.420000e+01
   endloop
 endfacet
 facet normal  9.864799e-01  1.638824e-01  1.176243e-05
   outer loop
     vertex -3.248111e+00 -5.829008e-01  1.420000e+01
     vertex -3.247658e+00 -5.854193e-01  1.130000e+01
     vertex -3.262496e+00 -4.961025e-01  1.130000e+01
   endloop
 endfacet
 facet normal  9.817717e-01  1.900640e-01 -1.170980e-05
   outer loop
     vertex -3.230977e+00 -6.714048e-01  1.420000e+01
     vertex -3.247658e+00 -5.854193e-01  1.130000e+01
     vertex -3.248111e+00 -5.829008e-01  1.420000e+01
   endloop
 endfacet
 facet normal  9.816126e-01  1.908838e-01  1.351131e-05
   outer loop
     vertex -3.230977e+00 -6.714048e-01  1.420000e+01
     vertex -3.230375e+00 -6.742953e-01  1.130000e+01
     vertex -3.247658e+00 -5.854193e-01  1.130000e+01
   endloop
 endfacet
 facet normal  9.762138e-01  2.168100e-01 -1.345059e-05
   outer loop
     vertex -3.211433e+00 -7.594078e-01  1.420000e+01
     vertex -3.230375e+00 -6.742953e-01  1.130000e+01
     vertex -3.230977e+00 -6.714048e-01  1.420000e+01
   endloop
 endfacet
 facet normal  9.760065e-01  2.177416e-01  1.524400e-05
   outer loop
     vertex -3.211433e+00 -7.594078e-01  1.420000e+01
     vertex -3.210661e+00 -7.626638e-01  1.130000e+01
     vertex -3.230375e+00 -6.742953e-01  1.130000e+01
   endloop
 endfacet
 facet normal  9.696656e-01  2.444354e-01  1.696050e-05
   outer loop
     vertex -3.189491e+00 -8.468441e-01  1.420000e+01
     vertex -3.188530e+00 -8.504582e-01  1.130000e+01
     vertex -3.210661e+00 -7.626638e-01  1.130000e+01
   endloop
 endfacet
 facet normal  9.699274e-01  2.433942e-01 -1.517519e-05
   outer loop
     vertex -3.189491e+00 -8.468441e-01  1.420000e+01
     vertex -3.210661e+00 -7.626638e-01  1.130000e+01
     vertex -3.211433e+00 -7.594078e-01  1.420000e+01
   endloop
 endfacet
 facet normal  9.625948e-01  2.709453e-01  1.866081e-05
   outer loop
     vertex -3.165170e+00 -9.336485e-01  1.420000e+01
     vertex -3.163998e+00 -9.376124e-01  1.130000e+01
     vertex -3.188530e+00 -8.504582e-01  1.130000e+01
   endloop
 endfacet
 facet normal  9.629173e-01  2.697968e-01 -1.688359e-05
   outer loop
     vertex -3.165170e+00 -9.336485e-01  1.420000e+01
     vertex -3.188530e+00 -8.504582e-01  1.130000e+01
     vertex -3.189491e+00 -8.468441e-01  1.420000e+01
   endloop
 endfacet
 facet normal  9.547993e-01  2.972512e-01  2.034492e-05
   outer loop
     vertex -3.138487e+00 -1.019756e+00  1.420000e+01
     vertex -3.137085e+00 -1.024061e+00  1.130000e+01
     vertex -3.163998e+00 -9.376124e-01  1.130000e+01
   endloop
 endfacet
 facet normal  9.551886e-01  2.959980e-01 -1.857580e-05
   outer loop
     vertex -3.138487e+00 -1.019756e+00  1.420000e+01
     vertex -3.163998e+00 -9.376124e-01  1.130000e+01
     vertex -3.165170e+00 -9.336485e-01  1.420000e+01
   endloop
 endfacet
 facet normal  9.462851e-01  3.233333e-01  2.201284e-05
   outer loop
     vertex -3.109461e+00 -1.105103e+00  1.420000e+01
     vertex -3.107810e+00 -1.109738e+00  1.130000e+01
     vertex -3.137085e+00 -1.024061e+00  1.130000e+01
   endloop
 endfacet
 facet normal  9.467470e-01  3.219783e-01 -2.025181e-05
   outer loop
     vertex -3.109461e+00 -1.105103e+00  1.420000e+01
     vertex -3.137085e+00 -1.024061e+00  1.130000e+01
     vertex -3.138487e+00 -1.019756e+00  1.420000e+01
   endloop
 endfacet
 facet normal  9.370586e-01  3.491720e-01  2.366457e-05
   outer loop
     vertex -3.078115e+00 -1.189625e+00  1.420000e+01
     vertex -3.076195e+00 -1.194580e+00  1.130000e+01
     vertex -3.107810e+00 -1.109738e+00  1.130000e+01
   endloop
 endfacet
 facet normal  9.375990e-01  3.477184e-01 -2.191164e-05
   outer loop
     vertex -3.078115e+00 -1.189625e+00  1.420000e+01
     vertex -3.107810e+00 -1.109738e+00  1.130000e+01
     vertex -3.109461e+00 -1.105103e+00  1.420000e+01
   endloop
 endfacet
 facet normal  9.271267e-01  3.747479e-01  2.530010e-05
   outer loop
     vertex -3.044472e+00 -1.273259e+00  1.420000e+01
     vertex -3.042265e+00 -1.278523e+00  1.130000e+01
     vertex -3.076195e+00 -1.194580e+00  1.130000e+01
   endloop
 endfacet
 facet normal  9.277513e-01  3.731990e-01 -2.355527e-05
   outer loop
     vertex -3.044472e+00 -1.273259e+00  1.420000e+01
     vertex -3.076195e+00 -1.194580e+00  1.130000e+01
     vertex -3.078115e+00 -1.189625e+00  1.420000e+01
   endloop
 endfacet
 facet normal  9.164969e-01  4.000417e-01  2.691945e-05
   outer loop
     vertex -3.008558e+00 -1.355943e+00  1.420000e+01
     vertex -3.006045e+00 -1.361504e+00  1.130000e+01
     vertex -3.042265e+00 -1.278523e+00  1.130000e+01
   endloop
 endfacet
 facet normal  9.172113e-01  3.984011e-01 -2.518271e-05
   outer loop
     vertex -3.008558e+00 -1.355943e+00  1.420000e+01
     vertex -3.042265e+00 -1.278523e+00  1.130000e+01
     vertex -3.044472e+00 -1.273259e+00  1.420000e+01
   endloop
 endfacet
 facet normal  9.051772e-01  4.250344e-01  2.852260e-05
   outer loop
     vertex -2.970398e+00 -1.437615e+00  1.420000e+01
     vertex -2.967562e+00 -1.443459e+00  1.130000e+01
     vertex -3.006045e+00 -1.361504e+00  1.130000e+01
   endloop
 endfacet
 facet normal  9.059868e-01  4.233059e-01 -2.679395e-05
   outer loop
     vertex -2.970398e+00 -1.437615e+00  1.420000e+01
     vertex -3.006045e+00 -1.361504e+00  1.130000e+01
     vertex -3.008558e+00 -1.355943e+00  1.420000e+01
   endloop
 endfacet
 facet normal  8.931761e-01  4.497071e-01  3.010955e-05
   outer loop
     vertex -2.930021e+00 -1.518215e+00  1.420000e+01
     vertex -2.926845e+00 -1.524328e+00  1.130000e+01
     vertex -2.967562e+00 -1.443459e+00  1.130000e+01
   endloop
 endfacet
 facet normal  8.940863e-01  4.478948e-01 -2.838901e-05
   outer loop
     vertex -2.930021e+00 -1.518215e+00  1.420000e+01
     vertex -2.967562e+00 -1.443459e+00  1.130000e+01
     vertex -2.970398e+00 -1.437615e+00  1.420000e+01
   endloop
 endfacet
 facet normal  8.805026e-01  4.740412e-01  3.168032e-05
   outer loop
     vertex -2.887458e+00 -1.597681e+00  1.420000e+01
     vertex -2.883925e+00 -1.604050e+00  1.130000e+01
     vertex -2.926845e+00 -1.524328e+00  1.130000e+01
   endloop
 endfacet
 facet normal  8.815185e-01  4.721495e-01 -2.996787e-05
   outer loop
     vertex -2.887458e+00 -1.597681e+00  1.420000e+01
     vertex -2.926845e+00 -1.524328e+00  1.130000e+01
     vertex -2.930021e+00 -1.518215e+00  1.420000e+01
   endloop
 endfacet
 facet normal  8.671664e-01  4.980186e-01  3.323489e-05
   outer loop
     vertex -2.842741e+00 -1.675955e+00  1.420000e+01
     vertex -2.838834e+00 -1.682564e+00  1.130000e+01
     vertex -2.883925e+00 -1.604050e+00  1.130000e+01
   endloop
 endfacet
 facet normal  8.682929e-01  4.960518e-01 -3.153054e-05
   outer loop
     vertex -2.842741e+00 -1.675955e+00  1.420000e+01
     vertex -2.883925e+00 -1.604050e+00  1.130000e+01
     vertex -2.887458e+00 -1.597681e+00  1.420000e+01
   endloop
 endfacet
 facet normal  8.544194e-01  5.195839e-01 -3.307701e-05
   outer loop
     vertex -2.795901e+00 -1.752979e+00  1.420000e+01
     vertex -2.838834e+00 -1.682564e+00  1.130000e+01
     vertex -2.842741e+00 -1.675955e+00  1.420000e+01
   endloop
 endfacet
 facet normal  8.531773e-01  5.216210e-01  3.477327e-05
   outer loop
     vertex -2.795901e+00 -1.752979e+00  1.420000e+01
     vertex -2.791606e+00 -1.759811e+00  1.130000e+01
     vertex -2.838834e+00 -1.682564e+00  1.130000e+01
   endloop
 endfacet
 facet normal  8.399083e-01  5.427284e-01 -3.460730e-05
   outer loop
     vertex -2.746976e+00 -1.828694e+00  1.420000e+01
     vertex -2.791606e+00 -1.759811e+00  1.130000e+01
     vertex -2.795901e+00 -1.752979e+00  1.420000e+01
   endloop
 endfacet
 facet normal  8.385460e-01  5.448308e-01  3.629546e-05
   outer loop
     vertex -2.746976e+00 -1.828694e+00  1.420000e+01
     vertex -2.742277e+00 -1.835734e+00  1.130000e+01
     vertex -2.791606e+00 -1.759811e+00  1.130000e+01
   endloop
 endfacet
 facet normal  8.247704e-01  5.654678e-01 -3.612139e-05
   outer loop
     vertex -2.696001e+00 -1.903045e+00  1.420000e+01
     vertex -2.742277e+00 -1.835734e+00  1.130000e+01
     vertex -2.746976e+00 -1.828694e+00  1.420000e+01
   endloop
 endfacet
 facet normal  8.232835e-01  5.676304e-01  3.780145e-05
   outer loop
     vertex -2.696001e+00 -1.903045e+00  1.420000e+01
     vertex -2.690883e+00 -1.910275e+00  1.130000e+01
     vertex -2.742277e+00 -1.835734e+00  1.130000e+01
   endloop
 endfacet
 facet normal  8.090170e-01  5.877853e-01 -3.761928e-05
   outer loop
     vertex -2.643013e+00 -1.975976e+00  1.420000e+01
     vertex -2.690883e+00 -1.910275e+00  1.130000e+01
     vertex -2.696001e+00 -1.903045e+00  1.420000e+01
   endloop
 endfacet
 facet normal  8.074012e-01  5.900028e-01  3.929125e-05
   outer loop
     vertex -2.643013e+00 -1.975976e+00  1.420000e+01
     vertex -2.637464e+00 -1.983377e+00  1.130000e+01
     vertex -2.690883e+00 -1.910275e+00  1.130000e+01
   endloop
 endfacet
 facet normal  7.926599e-01  6.096641e-01 -3.910099e-05
   outer loop
     vertex -2.588054e+00 -2.047432e+00  1.420000e+01
     vertex -2.637464e+00 -1.983377e+00  1.130000e+01
     vertex -2.643013e+00 -1.975976e+00  1.420000e+01
   endloop
 endfacet
 facet normal  7.909112e-01  6.119310e-01  4.076486e-05
   outer loop
     vertex -2.588054e+00 -2.047432e+00  1.420000e+01
     vertex -2.582059e+00 -2.054987e+00  1.130000e+01
     vertex -2.637464e+00 -1.983377e+00  1.130000e+01
   endloop
 endfacet
 facet normal  7.757113e-01  6.310879e-01 -4.056650e-05
   outer loop
     vertex -2.531163e+00 -2.117360e+00  1.420000e+01
     vertex -2.582059e+00 -2.054987e+00  1.130000e+01
     vertex -2.588054e+00 -2.047432e+00  1.420000e+01
   endloop
 endfacet
 facet normal  7.738257e-01  6.333986e-01  4.222227e-05
   outer loop
     vertex -2.531163e+00 -2.117360e+00  1.420000e+01
     vertex -2.524710e+00 -2.125050e+00  1.130000e+01
     vertex -2.582059e+00 -2.054987e+00  1.130000e+01
   endloop
 endfacet
 facet normal  7.581838e-01  6.520409e-01 -4.201582e-05
   outer loop
     vertex -2.472383e+00 -2.185708e+00  1.420000e+01
     vertex -2.524710e+00 -2.125050e+00  1.130000e+01
     vertex -2.531163e+00 -2.117360e+00  1.420000e+01
   endloop
 endfacet
 facet normal  7.561578e-01  6.543893e-01  4.366349e-05
   outer loop
     vertex -2.472383e+00 -2.185708e+00  1.420000e+01
     vertex -2.465461e+00 -2.193513e+00  1.130000e+01
     vertex -2.524710e+00 -2.125050e+00  1.130000e+01
   endloop
 endfacet
 facet normal  7.400906e-01  6.725072e-01 -4.344894e-05
   outer loop
     vertex -2.411759e+00 -2.252425e+00  1.420000e+01
     vertex -2.465461e+00 -2.193513e+00  1.130000e+01
     vertex -2.472383e+00 -2.185708e+00  1.420000e+01
   endloop
 endfacet
 facet normal  7.379206e-01  6.748875e-01  4.508852e-05
   outer loop
     vertex -2.411759e+00 -2.252425e+00  1.420000e+01
     vertex -2.404356e+00 -2.260325e+00  1.130000e+01
     vertex -2.465461e+00 -2.193513e+00  1.130000e+01
   endloop
 endfacet
 facet normal  7.214450e-01  6.924717e-01 -4.486587e-05
   outer loop
     vertex -2.349334e+00 -2.317462e+00  1.420000e+01
     vertex -2.404356e+00 -2.260325e+00  1.130000e+01
     vertex -2.411759e+00 -2.252425e+00  1.420000e+01
   endloop
 endfacet
 facet normal  7.191280e-01  6.948776e-01  4.649736e-05
   outer loop
     vertex -2.349334e+00 -2.317462e+00  1.420000e+01
     vertex -2.341442e+00 -2.325436e+00  1.130000e+01
     vertex -2.404356e+00 -2.260325e+00  1.130000e+01
   endloop
 endfacet
 facet normal  7.022611e-01  7.119195e-01 -4.626661e-05
   outer loop
     vertex -2.285157e+00 -2.380769e+00  1.420000e+01
     vertex -2.341442e+00 -2.325436e+00  1.130000e+01
     vertex -2.349334e+00 -2.317462e+00  1.420000e+01
   endloop
 endfacet
 facet normal  6.997940e-01  7.143447e-01  4.789000e-05
   outer loop
     vertex -2.285157e+00 -2.380769e+00  1.420000e+01
     vertex -2.276764e+00 -2.388796e+00  1.130000e+01
     vertex -2.341442e+00 -2.325436e+00  1.130000e+01
   endloop
 endfacet
 facet normal  6.825531e-01  7.308360e-01 -4.765116e-05
   outer loop
     vertex -2.219274e+00 -2.442299e+00  1.420000e+01
     vertex -2.276764e+00 -2.388796e+00  1.130000e+01
     vertex -2.285157e+00 -2.380769e+00  1.420000e+01
   endloop
 endfacet
 facet normal  6.799333e-01  7.332740e-01  4.926645e-05
   outer loop
     vertex -2.219274e+00 -2.442299e+00  1.420000e+01
     vertex -2.210373e+00 -2.450357e+00  1.130000e+01
     vertex -2.276764e+00 -2.388796e+00  1.130000e+01
   endloop
 endfacet
 facet normal  6.623358e-01  7.492071e-01 -4.901951e-05
   outer loop
     vertex -2.151735e+00 -2.502007e+00  1.420000e+01
     vertex -2.210373e+00 -2.450357e+00  1.130000e+01
     vertex -2.219274e+00 -2.442299e+00  1.420000e+01
   endloop
 endfacet
 facet normal  6.595607e-01  7.516513e-01  5.062671e-05
   outer loop
     vertex -2.151735e+00 -2.502007e+00  1.420000e+01
     vertex -2.142318e+00 -2.510075e+00  1.130000e+01
     vertex -2.210373e+00 -2.450357e+00  1.130000e+01
   endloop
 endfacet
 facet normal  6.416243e-01  7.670191e-01 -5.037168e-05
   outer loop
     vertex -2.082590e+00 -2.559847e+00  1.420000e+01
     vertex -2.142318e+00 -2.510075e+00  1.130000e+01
     vertex -2.151735e+00 -2.502007e+00  1.420000e+01
   endloop
 endfacet
 facet normal  6.386916e-01  7.694628e-01  5.197077e-05
   outer loop
     vertex -2.082590e+00 -2.559847e+00  1.420000e+01
     vertex -2.072650e+00 -2.567902e+00  1.130000e+01
     vertex -2.142318e+00 -2.510075e+00  1.130000e+01
   endloop
 endfacet
 facet normal  6.204339e-01  7.842588e-01 -5.170764e-05
   outer loop
     vertex -2.011891e+00 -2.615778e+00  1.420000e+01
     vertex -2.072650e+00 -2.567902e+00  1.130000e+01
     vertex -2.082590e+00 -2.559847e+00  1.420000e+01
   endloop
 endfacet
 facet normal  6.173417e-01  7.866951e-01  5.329865e-05
   outer loop
     vertex -2.011891e+00 -2.615778e+00  1.420000e+01
     vertex -2.001422e+00 -2.623797e+00  1.130000e+01
     vertex -2.072650e+00 -2.567902e+00  1.130000e+01
   endloop
 endfacet
 facet normal  5.987805e-01  8.009132e-01 -5.302742e-05
   outer loop
     vertex -1.939691e+00 -2.669756e+00  1.420000e+01
     vertex -2.001422e+00 -2.623797e+00  1.130000e+01
     vertex -2.011891e+00 -2.615778e+00  1.420000e+01
   endloop
 endfacet
 facet normal  5.955271e-01  8.033352e-01  5.461032e-05
   outer loop
     vertex -1.939691e+00 -2.669756e+00  1.420000e+01
     vertex -1.928687e+00 -2.677716e+00  1.130000e+01
     vertex -2.001422e+00 -2.623797e+00  1.130000e+01
   endloop
 endfacet
 facet normal  5.766803e-01  8.169699e-01 -5.433100e-05
   outer loop
     vertex -1.866044e+00 -2.721742e+00  1.420000e+01
     vertex -1.928687e+00 -2.677716e+00  1.130000e+01
     vertex -1.939691e+00 -2.669756e+00  1.420000e+01
   endloop
 endfacet
 facet normal  5.732642e-01  8.193706e-01  5.590581e-05
   outer loop
     vertex -1.866044e+00 -2.721742e+00  1.420000e+01
     vertex -1.854501e+00 -2.729620e+00  1.130000e+01
     vertex -1.928687e+00 -2.677716e+00  1.130000e+01
   endloop
 endfacet
 facet normal  5.541498e-01  8.324170e-01 -5.561839e-05
   outer loop
     vertex -1.791004e+00 -2.771697e+00  1.420000e+01
     vertex -1.854501e+00 -2.729620e+00  1.130000e+01
     vertex -1.866044e+00 -2.721742e+00  1.420000e+01
   endloop
 endfacet
 facet normal  5.505698e-01  8.347891e-01  5.718510e-05
   outer loop
     vertex -1.791004e+00 -2.771697e+00  1.420000e+01
     vertex -1.778918e+00 -2.779469e+00  1.130000e+01
     vertex -1.854501e+00 -2.729620e+00  1.130000e+01
   endloop
 endfacet
 facet normal  5.312057e-01  8.472429e-01 -5.688958e-05
   outer loop
     vertex -1.714627e+00 -2.819584e+00  1.420000e+01
     vertex -1.778918e+00 -2.779469e+00  1.130000e+01
     vertex -1.791004e+00 -2.771697e+00  1.420000e+01
   endloop
 endfacet
 facet normal  5.274609e-01  8.495793e-01  5.844820e-05
   outer loop
     vertex -1.714627e+00 -2.819584e+00  1.420000e+01
     vertex -1.701997e+00 -2.827226e+00  1.130000e+01
     vertex -1.778918e+00 -2.779469e+00  1.130000e+01
   endloop
 endfacet
 facet normal  5.078652e-01  8.614365e-01 -5.814459e-05
   outer loop
     vertex -1.636971e+00 -2.865367e+00  1.420000e+01
     vertex -1.701997e+00 -2.827226e+00  1.130000e+01
     vertex -1.714627e+00 -2.819584e+00  1.420000e+01
   endloop
 endfacet
 facet normal  5.039550e-01  8.637299e-01  5.969511e-05
   outer loop
     vertex -1.636971e+00 -2.865367e+00  1.420000e+01
     vertex -1.623794e+00 -2.872855e+00  1.130000e+01
     vertex -1.701997e+00 -2.827226e+00  1.130000e+01
   endloop
 endfacet
 facet normal  4.841458e-01  8.749873e-01 -5.938340e-05
   outer loop
     vertex -1.558093e+00 -2.909011e+00  1.420000e+01
     vertex -1.623794e+00 -2.872855e+00  1.130000e+01
     vertex -1.636971e+00 -2.865367e+00  1.420000e+01
   endloop
 endfacet
 facet normal  4.800697e-01  8.772303e-01  6.092582e-05
   outer loop
     vertex -1.558093e+00 -2.909011e+00  1.420000e+01
     vertex -1.544368e+00 -2.916321e+00  1.130000e+01
     vertex -1.623794e+00 -2.872855e+00  1.130000e+01
   endloop
 endfacet
 facet normal  4.600650e-01  8.878852e-01 -6.060601e-05
   outer loop
     vertex -1.478053e+00 -2.950485e+00  1.420000e+01
     vertex -1.544368e+00 -2.916321e+00  1.130000e+01
     vertex -1.558093e+00 -2.909011e+00  1.420000e+01
   endloop
 endfacet
 facet normal  4.558231e-01  8.900704e-01  6.214034e-05
   outer loop
     vertex -1.478053e+00 -2.950485e+00  1.420000e+01
     vertex -1.463781e+00 -2.957591e+00  1.130000e+01
     vertex -1.544368e+00 -2.916321e+00  1.130000e+01
   endloop
 endfacet
 facet normal  4.312333e-01  9.022405e-01  6.333866e-05
   outer loop
     vertex -1.396909e+00 -2.989757e+00  1.420000e+01
     vertex -1.382091e+00 -2.996636e+00  1.130000e+01
     vertex -1.463781e+00 -2.957591e+00  1.130000e+01
   endloop
 endfacet
 facet normal  4.356410e-01  9.001205e-01 -6.181243e-05
   outer loop
     vertex -1.396909e+00 -2.989757e+00  1.420000e+01
     vertex -1.463781e+00 -2.957591e+00  1.130000e+01
     vertex -1.478053e+00 -2.950485e+00  1.420000e+01
   endloop
 endfacet
 facet normal  4.063188e-01  9.137314e-01  6.452080e-05
   outer loop
     vertex -1.314724e+00 -3.026797e+00  1.420000e+01
     vertex -1.299361e+00 -3.033424e+00  1.130000e+01
     vertex -1.382091e+00 -2.996636e+00  1.130000e+01
   endloop
 endfacet
 facet normal  4.108918e-01  9.116841e-01 -6.300266e-05
   outer loop
     vertex -1.314724e+00 -3.026797e+00  1.420000e+01
     vertex -1.382091e+00 -2.996636e+00  1.130000e+01
     vertex -1.396909e+00 -2.989757e+00  1.420000e+01
   endloop
 endfacet
 facet normal  3.810986e-01  9.245344e-01  6.568674e-05
   outer loop
     vertex -1.231557e+00 -3.061579e+00  1.420000e+01
     vertex -1.215653e+00 -3.067929e+00  1.130000e+01
     vertex -1.299361e+00 -3.033424e+00  1.130000e+01
   endloop
 endfacet
 facet normal  3.858360e-01  9.225674e-01 -6.417670e-05
   outer loop
     vertex -1.231557e+00 -3.061579e+00  1.420000e+01
     vertex -1.299361e+00 -3.033424e+00  1.130000e+01
     vertex -1.314724e+00 -3.026797e+00  1.420000e+01
   endloop
 endfacet
 facet normal  3.555914e-01  9.346415e-01  6.683648e-05
   outer loop
     vertex -1.147471e+00 -3.094077e+00  1.420000e+01
     vertex -1.131030e+00 -3.100125e+00  1.130000e+01
     vertex -1.215653e+00 -3.067929e+00  1.130000e+01
   endloop
 endfacet
 facet normal  3.604923e-01  9.327622e-01 -6.533454e-05
   outer loop
     vertex -1.147471e+00 -3.094077e+00  1.420000e+01
     vertex -1.215653e+00 -3.067929e+00  1.130000e+01
     vertex -1.231557e+00 -3.061579e+00  1.420000e+01
   endloop
 endfacet
 facet normal  3.348796e-01  9.422609e-01 -6.647619e-05
   outer loop
     vertex -1.062529e+00 -3.124265e+00  1.420000e+01
     vertex -1.131030e+00 -3.100125e+00  1.130000e+01
     vertex -1.147471e+00 -3.094077e+00  1.420000e+01
   endloop
 endfacet
 facet normal  3.298166e-01  9.440450e-01  6.797004e-05
   outer loop
     vertex -1.062529e+00 -3.124265e+00  1.420000e+01
     vertex -1.045555e+00 -3.129986e+00  1.130000e+01
     vertex -1.131030e+00 -3.100125e+00  1.130000e+01
   endloop
 endfacet
 facet normal  3.090170e-01  9.510565e-01 -6.760165e-05
   outer loop
     vertex -9.767934e-01 -3.152122e+00  1.420000e+01
     vertex -1.045555e+00 -3.129986e+00  1.130000e+01
     vertex -1.062529e+00 -3.124265e+00  1.420000e+01
   endloop
 endfacet
 facet normal  3.037934e-01  9.527379e-01  6.908740e-05
   outer loop
     vertex -9.767934e-01 -3.152122e+00  1.420000e+01
     vertex -9.592932e-01 -3.157492e+00  1.130000e+01
     vertex -1.045555e+00 -3.129986e+00  1.130000e+01
   endloop
 endfacet
 facet normal  2.829238e-01  9.591424e-01 -6.871092e-05
   outer loop
     vertex -8.903293e-01 -3.177627e+00  1.420000e+01
     vertex -9.592932e-01 -3.157492e+00  1.130000e+01
     vertex -9.767934e-01 -3.152122e+00  1.420000e+01
   endloop
 endfacet
 facet normal  2.775416e-01  9.607136e-01  7.018857e-05
   outer loop
     vertex -8.903293e-01 -3.177627e+00  1.420000e+01
     vertex -8.723093e-01 -3.182621e+00  1.130000e+01
     vertex -9.592932e-01 -3.157492e+00  1.130000e+01
   endloop
 endfacet
 facet normal  2.566194e-01  9.665125e-01 -6.980399e-05
   outer loop
     vertex -8.032009e-01 -3.200761e+00  1.420000e+01
     vertex -8.723093e-01 -3.182621e+00  1.130000e+01
     vertex -8.903293e-01 -3.177627e+00  1.420000e+01
   endloop
 endfacet
 facet normal  2.510809e-01  9.679661e-01  7.127354e-05
   outer loop
     vertex -8.032009e-01 -3.200761e+00  1.420000e+01
     vertex -7.846688e-01 -3.205354e+00  1.130000e+01
     vertex -8.723093e-01 -3.182621e+00  1.130000e+01
   endloop
 endfacet
 facet normal  2.301236e-01  9.731614e-01 -7.088086e-05
   outer loop
     vertex -7.154731e-01 -3.221506e+00  1.420000e+01
     vertex -7.846688e-01 -3.205354e+00  1.130000e+01
     vertex -8.032009e-01 -3.200761e+00  1.420000e+01
   endloop
 endfacet
 facet normal  2.244312e-01  9.744899e-01  7.234232e-05
   outer loop
     vertex -7.154731e-01 -3.221506e+00  1.420000e+01
     vertex -6.964376e-01 -3.225674e+00  1.130000e+01
     vertex -7.846688e-01 -3.205354e+00  1.130000e+01
   endloop
 endfacet
 facet normal  2.034560e-01  9.790841e-01 -7.194155e-05
   outer loop
     vertex -6.272113e-01 -3.239847e+00  1.420000e+01
     vertex -6.964376e-01 -3.225674e+00  1.130000e+01
     vertex -7.154731e-01 -3.221506e+00  1.420000e+01
   endloop
 endfacet
 facet normal  1.976125e-01  9.802802e-01  7.339491e-05
   outer loop
     vertex -6.272113e-01 -3.239847e+00  1.420000e+01
     vertex -6.076822e-01 -3.243566e+00  1.130000e+01
     vertex -6.964376e-01 -3.225674e+00  1.130000e+01
   endloop
 endfacet
 facet normal  1.766366e-01  9.842761e-01 -7.298604e-05
   outer loop
     vertex -5.384816e-01 -3.255770e+00  1.420000e+01
     vertex -6.076822e-01 -3.243566e+00  1.130000e+01
     vertex -6.272113e-01 -3.239847e+00  1.420000e+01
   endloop
 endfacet
 facet normal  1.706451e-01  9.853326e-01  7.443130e-05
   outer loop
     vertex -5.384816e-01 -3.255770e+00  1.420000e+01
     vertex -5.184693e-01 -3.259017e+00  1.130000e+01
     vertex -6.076822e-01 -3.243566e+00  1.130000e+01
   endloop
 endfacet
 facet normal  1.496854e-01  9.887337e-01 -7.401433e-05
   outer loop
     vertex -4.493499e-01 -3.269264e+00  1.420000e+01
     vertex -5.184693e-01 -3.259017e+00  1.130000e+01
     vertex -5.384816e-01 -3.255770e+00  1.420000e+01
   endloop
 endfacet
 facet normal  1.435492e-01  9.896432e-01  7.545150e-05
   outer loop
     vertex -4.493499e-01 -3.269264e+00  1.420000e+01
     vertex -4.288662e-01 -3.272014e+00  1.130000e+01
     vertex -5.184693e-01 -3.259017e+00  1.130000e+01
   endloop
 endfacet
 facet normal  1.226225e-01  9.924534e-01 -7.502644e-05
   outer loop
     vertex -3.598830e-01 -3.280318e+00  1.420000e+01
     vertex -4.288662e-01 -3.272014e+00  1.130000e+01
     vertex -4.493499e-01 -3.269264e+00  1.420000e+01
   endloop
 endfacet
 facet normal  1.163452e-01  9.932088e-01  7.645551e-05
   outer loop
     vertex -3.598830e-01 -3.280318e+00  1.420000e+01
     vertex -3.389402e-01 -3.282548e+00  1.130000e+01
     vertex -4.288662e-01 -3.272014e+00  1.130000e+01
   endloop
 endfacet
 facet normal  8.905371e-02  9.960268e-01  7.744332e-05
   outer loop
     vertex -2.701475e-01 -3.288924e+00  1.420000e+01
     vertex -2.487590e-01 -3.290611e+00  1.130000e+01
     vertex -3.389402e-01 -3.282548e+00  1.130000e+01
   endloop
 endfacet
 facet normal  9.546807e-02  9.954325e-01 -7.602235e-05
   outer loop
     vertex -2.701475e-01 -3.288924e+00  1.420000e+01
     vertex -3.389402e-01 -3.282548e+00  1.130000e+01
     vertex -3.598830e-01 -3.280318e+00  1.420000e+01
   endloop
 endfacet
 facet normal  6.169515e-02  9.980950e-01  7.841494e-05
   outer loop
     vertex -1.802104e-01 -3.295076e+00  1.420000e+01
     vertex -1.583906e-01 -3.296197e+00  1.130000e+01
     vertex -2.487590e-01 -3.290611e+00  1.130000e+01
   endloop
 endfacet
 facet normal  6.824241e-02  9.976688e-01 -7.700207e-05
   outer loop
     vertex -1.802104e-01 -3.295076e+00  1.420000e+01
     vertex -2.487590e-01 -3.290611e+00  1.130000e+01
     vertex -2.701475e-01 -3.288924e+00  1.420000e+01
   endloop
 endfacet
 facet normal  3.429014e-02  9.994119e-01  7.937037e-05
   outer loop
     vertex -9.013884e-02 -3.298769e+00  1.420000e+01
     vertex -6.790300e-02 -3.299301e+00  1.130000e+01
     vertex -1.583906e-01 -3.296197e+00  1.130000e+01
   endloop
 endfacet
 facet normal  4.096583e-02  9.991605e-01 -7.796559e-05
   outer loop
     vertex -9.013884e-02 -3.298769e+00  1.420000e+01
     vertex -1.583906e-01 -3.296197e+00  1.130000e+01
     vertex -1.802104e-01 -3.295076e+00  1.420000e+01
   endloop
 endfacet
 facet normal  6.859319e-03  9.999765e-01  8.030960e-05
   outer loop
     vertex  0.000000e+00 -3.300000e+00  1.420000e+01
     vertex  2.263575e-02 -3.299922e+00  1.130000e+01
     vertex -6.790300e-02 -3.299301e+00  1.130000e+01
   endloop
 endfacet
 facet normal  1.365867e-02  9.999067e-01 -7.891292e-05
   outer loop
     vertex  0.000000e+00 -3.300000e+00  1.420000e+01
     vertex -6.790300e-02 -3.299301e+00  1.130000e+01
     vertex -9.013884e-02 -3.298769e+00  1.420000e+01
   endloop
 endfacet
 facet normal -2.057667e-02  9.997883e-01  8.024040e-05
   outer loop
     vertex  8.936197e-02 -3.298790e+00  1.430000e+01
     vertex  1.131575e-01 -3.298059e+00  1.130000e+01
     vertex  2.263575e-02 -3.299922e+00  1.130000e+01
   endloop
 endfacet
 facet normal -1.345339e-02  9.999095e-01 -7.824168e-05
   outer loop
     vertex  8.936197e-02 -3.298790e+00  1.430000e+01
     vertex  2.263575e-02 -3.299922e+00  1.130000e+01
     vertex  0.000000e+00 -3.300000e+00  1.420000e+01
   endloop
 endfacet
 facet normal -1.354093e-02  9.999083e-01 -4.522481e-15
   outer loop
     vertex  8.936197e-02 -3.298790e+00  1.430000e+01
     vertex  0.000000e+00 -3.300000e+00  1.420000e+01
     vertex -6.062002e-16 -3.300000e+00  1.430000e+01
   endloop
 endfacet
 facet normal -4.799716e-02  9.988475e-01  8.270972e-05
   outer loop
     vertex  1.786584e-01 -3.295160e+00  1.430000e+01
     vertex  2.035940e-01 -3.293714e+00  1.130000e+01
     vertex  1.131575e-01 -3.298059e+00  1.130000e+01
   endloop
 endfacet
 facet normal -4.061287e-02  9.991750e-01 -7.883272e-05
   outer loop
     vertex  1.786584e-01 -3.295160e+00  1.430000e+01
     vertex  1.131575e-01 -3.298059e+00  1.130000e+01
     vertex  8.936197e-02 -3.298790e+00  1.430000e+01
   endloop
 endfacet
 facet normal -7.538152e-02  9.971548e-01  8.504058e-05
   outer loop
     vertex  2.678238e-01 -3.289114e+00  1.430000e+01
     vertex  2.938773e-01 -3.286889e+00  1.130000e+01
     vertex  2.035940e-01 -3.293714e+00  1.130000e+01
   endloop
 endfacet
 facet normal -6.765502e-02  9.977088e-01 -8.123281e-05
   outer loop
     vertex  2.678238e-01 -3.289114e+00  1.430000e+01
     vertex  2.035940e-01 -3.293714e+00  1.130000e+01
     vertex  1.786584e-01 -3.295160e+00  1.430000e+01
   endloop
 endfacet
 facet normal -1.027091e-01  9.947114e-01  8.723297e-05
   outer loop
     vertex  3.567928e-01 -3.280655e+00  1.430000e+01
     vertex  3.839393e-01 -3.277589e+00  1.130000e+01
     vertex  2.938773e-01 -3.286889e+00  1.130000e+01
   endloop
 endfacet
 facet normal -9.464755e-02  9.955108e-01 -8.349443e-05
   outer loop
     vertex  3.567928e-01 -3.280655e+00  1.430000e+01
     vertex  2.938773e-01 -3.286889e+00  1.130000e+01
     vertex  2.678238e-01 -3.289114e+00  1.430000e+01
   endloop
 endfacet
 facet normal -1.299594e-01  9.915193e-01  8.928690e-05
   outer loop
     vertex  4.455000e-01 -3.269790e+00  1.430000e+01
     vertex  4.737123e-01 -3.265823e+00  1.130000e+01
     vertex  3.839393e-01 -3.277589e+00  1.130000e+01
   endloop
 endfacet
 facet normal -1.215707e-01  9.925828e-01 -8.561759e-05
   outer loop
     vertex  4.455000e-01 -3.269790e+00  1.430000e+01
     vertex  3.839393e-01 -3.277589e+00  1.130000e+01
     vertex  3.567928e-01 -3.280655e+00  1.430000e+01
   endloop
 endfacet
 facet normal -1.571119e-01  9.875808e-01  9.120236e-05
   outer loop
     vertex  5.338806e-01 -3.256528e+00  1.430000e+01
     vertex  5.631288e-01 -3.251597e+00  1.130000e+01
     vertex  4.737123e-01 -3.265823e+00  1.130000e+01
   endloop
 endfacet
 facet normal -1.484046e-01  9.889267e-01 -8.760229e-05
   outer loop
     vertex  5.338806e-01 -3.256528e+00  1.430000e+01
     vertex  4.737123e-01 -3.265823e+00  1.130000e+01
     vertex  4.455000e-01 -3.269790e+00  1.430000e+01
   endloop
 endfacet
 facet normal -1.841461e-01  9.828989e-01  9.297935e-05
   outer loop
     vertex  6.218696e-01 -3.240876e+00  1.430000e+01
     vertex  6.521213e-01 -3.234925e+00  1.130000e+01
     vertex  5.631288e-01 -3.251597e+00  1.130000e+01
   endloop
 endfacet
 facet normal -1.751297e-01  9.845454e-01 -8.944851e-05
   outer loop
     vertex  6.218696e-01 -3.240876e+00  1.430000e+01
     vertex  5.631288e-01 -3.251597e+00  1.130000e+01
     vertex  5.338806e-01 -3.256528e+00  1.430000e+01
   endloop
 endfacet
 facet normal -2.110417e-01  9.774771e-01  9.461788e-05
   outer loop
     vertex  7.094025e-01 -3.222848e+00  1.430000e+01
     vertex  7.406229e-01 -3.215817e+00  1.130000e+01
     vertex  6.521213e-01 -3.234925e+00  1.130000e+01
   endloop
 endfacet
 facet normal -2.017264e-01  9.794419e-01 -9.115627e-05
   outer loop
     vertex  7.094025e-01 -3.222848e+00  1.430000e+01
     vertex  6.521213e-01 -3.234925e+00  1.130000e+01
     vertex  6.218696e-01 -3.240876e+00  1.430000e+01
   endloop
 endfacet
 facet normal -2.377784e-01  9.713194e-01  9.611794e-05
   outer loop
     vertex  7.964150e-01 -3.202456e+00  1.430000e+01
     vertex  8.285670e-01 -3.194288e+00  1.130000e+01
     vertex  7.406229e-01 -3.215817e+00  1.130000e+01
   endloop
 endfacet
 facet normal -2.281751e-01  9.736201e-01 -9.272557e-05
   outer loop
     vertex  7.964150e-01 -3.202456e+00  1.430000e+01
     vertex  7.406229e-01 -3.215817e+00  1.130000e+01
     vertex  7.094025e-01 -3.222848e+00  1.430000e+01
   endloop
 endfacet
 facet normal -2.643362e-01  9.644306e-01  9.747953e-05
   outer loop
     vertex  8.828435e-01 -3.179715e+00  1.430000e+01
     vertex  9.158874e-01 -3.170355e+00  1.130000e+01
     vertex  8.285670e-01 -3.194288e+00  1.130000e+01
   endloop
 endfacet
 facet normal -2.544564e-01  9.670842e-01 -9.415640e-05
   outer loop
     vertex  8.828435e-01 -3.179715e+00  1.430000e+01
     vertex  8.285670e-01 -3.194288e+00  1.130000e+01
     vertex  7.964150e-01 -3.202456e+00  1.430000e+01
   endloop
 endfacet
 facet normal -2.906949e-01  9.568158e-01  9.870266e-05
   outer loop
     vertex  9.686245e-01 -3.154642e+00  1.430000e+01
     vertex  1.002518e+00 -3.144035e+00  1.130000e+01
     vertex  9.158874e-01 -3.170355e+00  1.130000e+01
   endloop
 endfacet
 facet normal -2.805512e-01  9.598391e-01 -9.544876e-05
   outer loop
     vertex  9.686245e-01 -3.154642e+00  1.430000e+01
     vertex  9.158874e-01 -3.170355e+00  1.130000e+01
     vertex  8.828435e-01 -3.179715e+00  1.430000e+01
   endloop
 endfacet
 facet normal -3.168348e-01  9.484807e-01  9.978732e-05
   outer loop
     vertex  1.053695e+00 -3.127255e+00  1.430000e+01
     vertex  1.088395e+00 -3.115349e+00  1.130000e+01
     vertex  1.002518e+00 -3.144035e+00  1.130000e+01
   endloop
 endfacet
 facet normal -3.064401e-01  9.518899e-01 -9.660265e-05
   outer loop
     vertex  1.053695e+00 -3.127255e+00  1.430000e+01
     vertex  1.002518e+00 -3.144035e+00  1.130000e+01
     vertex  9.686245e-01 -3.154642e+00  1.430000e+01
   endloop
 endfacet
 facet normal -3.321044e-01  9.432426e-01 -9.761808e-05
   outer loop
     vertex  1.137993e+00 -3.097575e+00  1.430000e+01
     vertex  1.088395e+00 -3.115349e+00  1.130000e+01
     vertex  1.053695e+00 -3.127255e+00  1.430000e+01
   endloop
 endfacet
 facet normal -3.427362e-01  9.394317e-01  1.007335e-04
   outer loop
     vertex  1.137993e+00 -3.097575e+00  1.430000e+01
     vertex  1.173452e+00 -3.084317e+00  1.130000e+01
     vertex  1.088395e+00 -3.115349e+00  1.130000e+01
   endloop
 endfacet
 facet normal -3.575250e-01  9.339036e-01 -9.849504e-05
   outer loop
     vertex  1.221456e+00 -3.065623e+00  1.430000e+01
     vertex  1.173452e+00 -3.084317e+00  1.130000e+01
     vertex  1.137993e+00 -3.097575e+00  1.430000e+01
   endloop
 endfacet
 facet normal -3.683796e-01  9.296754e-01  1.015412e-04
   outer loop
     vertex  1.221456e+00 -3.065623e+00  1.430000e+01
     vertex  1.257625e+00 -3.050964e+00  1.130000e+01
     vertex  1.173452e+00 -3.084317e+00  1.130000e+01
   endloop
 endfacet
 facet normal -3.826834e-01  9.238795e-01 -9.923353e-05
   outer loop
     vertex  1.304023e+00 -3.031423e+00  1.430000e+01
     vertex  1.257625e+00 -3.050964e+00  1.130000e+01
     vertex  1.221456e+00 -3.065623e+00  1.430000e+01
   endloop
 endfacet
 facet normal -3.937458e-01  9.192194e-01  1.022105e-04
   outer loop
     vertex  1.304023e+00 -3.031423e+00  1.430000e+01
     vertex  1.340852e+00 -3.015313e+00  1.130000e+01
     vertex  1.257625e+00 -3.050964e+00  1.130000e+01
   endloop
 endfacet
 facet normal -4.075612e-01  9.131779e-01 -9.983356e-05
   outer loop
     vertex  1.385634e+00 -2.994999e+00  1.430000e+01
     vertex  1.340852e+00 -3.015313e+00  1.130000e+01
     vertex  1.304023e+00 -3.031423e+00  1.430000e+01
   endloop
 endfacet
 facet normal -4.188155e-01  9.080714e-01  1.027413e-04
   outer loop
     vertex  1.385634e+00 -2.994999e+00  1.430000e+01
     vertex  1.423070e+00 -2.977394e+00  1.130000e+01
     vertex  1.340852e+00 -3.015313e+00  1.130000e+01
   endloop
 endfacet
 facet normal -4.435699e-01  8.962398e-01  1.031336e-04
   outer loop
     vertex  1.466229e+00 -2.956378e+00  1.430000e+01
     vertex  1.504216e+00 -2.937232e+00  1.130000e+01
     vertex  1.423070e+00 -2.977394e+00  1.130000e+01
   endloop
 endfacet
 facet normal -4.321400e-01  9.018065e-01 -1.002951e-04
   outer loop
     vertex  1.466229e+00 -2.956378e+00  1.430000e+01
     vertex  1.423070e+00 -2.977394e+00  1.130000e+01
     vertex  1.385634e+00 -2.994999e+00  1.430000e+01
   endloop
 endfacet
 facet normal -4.564019e-01  8.897737e-01 -1.006182e-04
   outer loop
     vertex  1.545748e+00 -2.915590e+00  1.430000e+01
     vertex  1.504216e+00 -2.937232e+00  1.130000e+01
     vertex  1.466229e+00 -2.956378e+00  1.430000e+01
   endloop
 endfacet
 facet normal -4.679904e-01  8.837335e-01  1.033875e-04
   outer loop
     vertex  1.545748e+00 -2.915590e+00  1.430000e+01
     vertex  1.584230e+00 -2.894860e+00  1.130000e+01
     vertex  1.504216e+00 -2.937232e+00  1.130000e+01
   endloop
 endfacet
 facet normal -4.920587e-01  8.705620e-01  1.035029e-04
   outer loop
     vertex  1.624133e+00 -2.872663e+00  1.430000e+01
     vertex  1.663052e+00 -2.850309e+00  1.130000e+01
     vertex  1.584230e+00 -2.894860e+00  1.130000e+01
   endloop
 endfacet
 facet normal -4.803291e-01  8.770883e-01 -1.008028e-04
   outer loop
     vertex  1.624133e+00 -2.872663e+00  1.430000e+01
     vertex  1.584230e+00 -2.894860e+00  1.130000e+01
     vertex  1.545748e+00 -2.915590e+00  1.430000e+01
   endloop
 endfacet
 facet normal -5.157565e-01  8.567352e-01  1.034798e-04
   outer loop
     vertex  1.701328e+00 -2.827629e+00  1.430000e+01
     vertex  1.740621e+00 -2.803612e+00  1.130000e+01
     vertex  1.663052e+00 -2.850309e+00  1.130000e+01
   endloop
 endfacet
 facet normal -5.039039e-01  8.637597e-01 -1.008490e-04
   outer loop
     vertex  1.701328e+00 -2.827629e+00  1.430000e+01
     vertex  1.663052e+00 -2.850309e+00  1.130000e+01
     vertex  1.624133e+00 -2.872663e+00  1.430000e+01
   endloop
 endfacet
 facet normal -5.390661e-01  8.422635e-01  1.033182e-04
   outer loop
     vertex  1.777274e+00 -2.780521e+00  1.430000e+01
     vertex  1.816880e+00 -2.754804e+00  1.130000e+01
     vertex  1.740621e+00 -2.803612e+00  1.130000e+01
   endloop
 endfacet
 facet normal -5.271092e-01  8.497975e-01 -1.007567e-04
   outer loop
     vertex  1.777274e+00 -2.780521e+00  1.430000e+01
     vertex  1.740621e+00 -2.803612e+00  1.130000e+01
     vertex  1.701328e+00 -2.827629e+00  1.430000e+01
   endloop
 endfacet
 facet normal -5.619699e-01  8.271577e-01  1.030182e-04
   outer loop
     vertex  1.851917e+00 -2.731374e+00  1.430000e+01
     vertex  1.891772e+00 -2.703923e+00  1.130000e+01
     vertex  1.816880e+00 -2.754804e+00  1.130000e+01
   endloop
 endfacet
 facet normal -5.499279e-01  8.352121e-01 -1.005259e-04
   outer loop
     vertex  1.851917e+00 -2.731374e+00  1.430000e+01
     vertex  1.816880e+00 -2.754804e+00  1.130000e+01
     vertex  1.777274e+00 -2.780521e+00  1.430000e+01
   endloop
 endfacet
 facet normal -5.844507e-01  8.114292e-01  1.025798e-04
   outer loop
     vertex  1.925202e+00 -2.680223e+00  1.430000e+01
     vertex  1.965239e+00 -2.651006e+00  1.130000e+01
     vertex  1.891772e+00 -2.703923e+00  1.130000e+01
   endloop
 endfacet
 facet normal -5.723433e-01  8.200141e-01 -1.001567e-04
   outer loop
     vertex  1.925202e+00 -2.680223e+00  1.430000e+01
     vertex  1.891772e+00 -2.703923e+00  1.130000e+01
     vertex  1.851917e+00 -2.731374e+00  1.430000e+01
   endloop
 endfacet
 facet normal -6.064915e-01  7.950900e-01  1.020028e-04
   outer loop
     vertex  1.997075e+00 -2.627107e+00  1.430000e+01
     vertex  2.037228e+00 -2.596094e+00  1.130000e+01
     vertex  1.965239e+00 -2.651006e+00  1.130000e+01
   endloop
 endfacet
 facet normal -5.943389e-01  8.042147e-01 -9.964894e-05
   outer loop
     vertex  1.997075e+00 -2.627107e+00  1.430000e+01
     vertex  1.965239e+00 -2.651006e+00  1.130000e+01
     vertex  1.925202e+00 -2.680223e+00  1.430000e+01
   endloop
 endfacet
 facet normal -6.280757e-01  7.781522e-01  1.012874e-04
   outer loop
     vertex  2.067483e+00 -2.572064e+00  1.430000e+01
     vertex  2.107682e+00 -2.539227e+00  1.130000e+01
     vertex  2.037228e+00 -2.596094e+00  1.130000e+01
   endloop
 endfacet
 facet normal -6.158986e-01  7.878254e-01 -9.900275e-05
   outer loop
     vertex  2.067483e+00 -2.572064e+00  1.430000e+01
     vertex  2.037228e+00 -2.596094e+00  1.130000e+01
     vertex  1.997075e+00 -2.627107e+00  1.430000e+01
   endloop
 endfacet
 facet normal -6.491872e-01  7.606287e-01  1.004335e-04
   outer loop
     vertex  2.136375e+00 -2.515135e+00  1.430000e+01
     vertex  2.176550e+00 -2.480449e+00  1.130000e+01
     vertex  2.107682e+00 -2.539227e+00  1.130000e+01
   endloop
 endfacet
 facet normal -6.370065e-01  7.708584e-01 -9.821811e-05
   outer loop
     vertex  2.136375e+00 -2.515135e+00  1.430000e+01
     vertex  2.107682e+00 -2.539227e+00  1.130000e+01
     vertex  2.067483e+00 -2.572064e+00  1.430000e+01
   endloop
 endfacet
 facet normal -6.698100e-01  7.425325e-01  9.944115e-05
   outer loop
     vertex  2.203700e+00 -2.456361e+00  1.430000e+01
     vertex  2.243780e+00 -2.419804e+00  1.130000e+01
     vertex  2.176550e+00 -2.480449e+00  1.130000e+01
   endloop
 endfacet
 facet normal -6.576473e-01  7.533260e-01 -9.729499e-05
   outer loop
     vertex  2.203700e+00 -2.456361e+00  1.430000e+01
     vertex  2.176550e+00 -2.480449e+00  1.130000e+01
     vertex  2.136375e+00 -2.515135e+00  1.430000e+01
   endloop
 endfacet
 facet normal -6.899286e-01  7.238775e-01  9.831034e-05
   outer loop
     vertex  2.269408e+00 -2.395785e+00  1.430000e+01
     vertex  2.309320e+00 -2.357337e+00  1.130000e+01
     vertex  2.243780e+00 -2.419804e+00  1.130000e+01
   endloop
 endfacet
 facet normal -6.778057e-01  7.352410e-01 -9.623341e-05
   outer loop
     vertex  2.269408e+00 -2.395785e+00  1.430000e+01
     vertex  2.243780e+00 -2.419804e+00  1.130000e+01
     vertex  2.203700e+00 -2.456361e+00  1.430000e+01
   endloop
 endfacet
 facet normal -7.095278e-01  7.046775e-01  9.704105e-05
   outer loop
     vertex  2.333452e+00 -2.333452e+00  1.430000e+01
     vertex  2.373122e+00 -2.293096e+00  1.130000e+01
     vertex  2.309320e+00 -2.357337e+00  1.130000e+01
   endloop
 endfacet
 facet normal -6.974671e-01  7.166168e-01 -9.503336e-05
   outer loop
     vertex  2.333452e+00 -2.333452e+00  1.430000e+01
     vertex  2.309320e+00 -2.357337e+00  1.130000e+01
     vertex  2.269408e+00 -2.395785e+00  1.430000e+01
   endloop
 endfacet
 facet normal -7.285929e-01  6.849470e-01  9.563330e-05
   outer loop
     vertex  2.395785e+00 -2.269408e+00  1.430000e+01
     vertex  2.435138e+00 -2.227129e+00  1.130000e+01
     vertex  2.373122e+00 -2.293096e+00  1.130000e+01
   endloop
 endfacet
 facet normal -7.166168e-01  6.974671e-01 -9.369484e-05
   outer loop
     vertex  2.395785e+00 -2.269408e+00  1.430000e+01
     vertex  2.373122e+00 -2.293096e+00  1.130000e+01
     vertex  2.333452e+00 -2.333452e+00  1.430000e+01
   endloop
 endfacet
 facet normal -7.471095e-01  6.647010e-01  9.408709e-05
   outer loop
     vertex  2.456361e+00 -2.203700e+00  1.430000e+01
     vertex  2.495321e+00 -2.159485e+00  1.130000e+01
     vertex  2.435138e+00 -2.227129e+00  1.130000e+01
   endloop
 endfacet
 facet normal -7.352410e-01  6.778057e-01 -9.221786e-05
   outer loop
     vertex  2.456361e+00 -2.203700e+00  1.430000e+01
     vertex  2.435138e+00 -2.227129e+00  1.130000e+01
     vertex  2.395785e+00 -2.269408e+00  1.430000e+01
   endloop
 endfacet
 facet normal -7.650637e-01  6.439545e-01  9.240240e-05
   outer loop
     vertex  2.515135e+00 -2.136375e+00  1.430000e+01
     vertex  2.553625e+00 -2.090215e+00  1.130000e+01
     vertex  2.495321e+00 -2.159485e+00  1.130000e+01
   endloop
 endfacet
 facet normal -7.533260e-01  6.576473e-01 -9.060241e-05
   outer loop
     vertex  2.515135e+00 -2.136375e+00  1.430000e+01
     vertex  2.495321e+00 -2.159485e+00  1.130000e+01
     vertex  2.456361e+00 -2.203700e+00  1.430000e+01
   endloop
 endfacet
 facet normal -7.824421e-01  6.227234e-01  9.057925e-05
   outer loop
     vertex  2.572064e+00 -2.067483e+00  1.430000e+01
     vertex  2.610007e+00 -2.019372e+00  1.130000e+01
     vertex  2.553625e+00 -2.090215e+00  1.130000e+01
   endloop
 endfacet
 facet normal -7.708584e-01  6.370065e-01 -8.884849e-05
   outer loop
     vertex  2.572064e+00 -2.067483e+00  1.430000e+01
     vertex  2.553625e+00 -2.090215e+00  1.130000e+01
     vertex  2.515135e+00 -2.136375e+00  1.430000e+01
   endloop
 endfacet
 facet normal -7.992314e-01  6.010234e-01  8.861764e-05
   outer loop
     vertex  2.627107e+00 -1.997075e+00  1.430000e+01
     vertex  2.664424e+00 -1.947009e+00  1.130000e+01
     vertex  2.610007e+00 -2.019372e+00  1.130000e+01
   endloop
 endfacet
 facet normal -7.878255e-01  6.158986e-01 -8.695611e-05
   outer loop
     vertex  2.627107e+00 -1.997075e+00  1.430000e+01
     vertex  2.610007e+00 -2.019372e+00  1.130000e+01
     vertex  2.572064e+00 -2.067483e+00  1.430000e+01
   endloop
 endfacet
 facet normal -8.154191e-01  5.788711e-01  8.651756e-05
   outer loop
     vertex  2.680223e+00 -1.925202e+00  1.430000e+01
     vertex  2.716836e+00 -1.873180e+00  1.130000e+01
     vertex  2.664424e+00 -1.947009e+00  1.130000e+01
   endloop
 endfacet
 facet normal -8.042147e-01  5.943389e-01 -8.492526e-05
   outer loop
     vertex  2.680223e+00 -1.925202e+00  1.430000e+01
     vertex  2.664424e+00 -1.947009e+00  1.130000e+01
     vertex  2.627107e+00 -1.997075e+00  1.430000e+01
   endloop
 endfacet
 facet normal -8.309929e-01  5.562829e-01  8.427901e-05
   outer loop
     vertex  2.731374e+00 -1.851917e+00  1.430000e+01
     vertex  2.767202e+00 -1.797942e+00  1.130000e+01
     vertex  2.716836e+00 -1.873180e+00  1.130000e+01
   endloop
 endfacet
 facet normal -8.200141e-01  5.723433e-01 -8.275595e-05
   outer loop
     vertex  2.731374e+00 -1.851917e+00  1.430000e+01
     vertex  2.716836e+00 -1.873180e+00  1.130000e+01
     vertex  2.680223e+00 -1.925202e+00  1.430000e+01
   endloop
 endfacet
 facet normal -8.459413e-01  5.332761e-01  8.190200e-05
   outer loop
     vertex  2.780521e+00 -1.777274e+00  1.430000e+01
     vertex  2.815485e+00 -1.721349e+00  1.130000e+01
     vertex  2.767202e+00 -1.797942e+00  1.130000e+01
   endloop
 endfacet
 facet normal -8.352121e-01  5.499279e-01 -8.044817e-05
   outer loop
     vertex  2.780521e+00 -1.777274e+00  1.430000e+01
     vertex  2.767202e+00 -1.797942e+00  1.130000e+01
     vertex  2.731374e+00 -1.851917e+00  1.430000e+01
   endloop
 endfacet
 facet normal -8.497975e-01  5.271092e-01 -7.800192e-05
   outer loop
     vertex  2.827629e+00 -1.701328e+00  1.430000e+01
     vertex  2.815485e+00 -1.721349e+00  1.130000e+01
     vertex  2.780521e+00 -1.777274e+00  1.430000e+01
   endloop
 endfacet
 facet normal -8.602528e-01  5.098678e-01  7.938652e-05
   outer loop
     vertex  2.827629e+00 -1.701328e+00  1.430000e+01
     vertex  2.861649e+00 -1.643461e+00  1.130000e+01
     vertex  2.815485e+00 -1.721349e+00  1.130000e+01
   endloop
 endfacet
 facet normal -8.637597e-01  5.039039e-01 -7.541721e-05
   outer loop
     vertex  2.872663e+00 -1.624133e+00  1.430000e+01
     vertex  2.861649e+00 -1.643461e+00  1.130000e+01
     vertex  2.827629e+00 -1.701328e+00  1.430000e+01
   endloop
 endfacet
 facet normal -8.739167e-01  4.860756e-01  7.673258e-05
   outer loop
     vertex  2.872663e+00 -1.624133e+00  1.430000e+01
     vertex  2.905659e+00 -1.564336e+00  1.130000e+01
     vertex  2.861649e+00 -1.643461e+00  1.130000e+01
   endloop
 endfacet
 facet normal -8.770884e-01  4.803291e-01 -7.269404e-05
   outer loop
     vertex  2.915590e+00 -1.545748e+00  1.430000e+01
     vertex  2.905659e+00 -1.564336e+00  1.130000e+01
     vertex  2.872663e+00 -1.624133e+00  1.430000e+01
   endloop
 endfacet
 facet normal -8.869228e-01  4.619176e-01  7.394018e-05
   outer loop
     vertex  2.915590e+00 -1.545748e+00  1.430000e+01
     vertex  2.947481e+00 -1.484033e+00  1.130000e+01
     vertex  2.905659e+00 -1.564336e+00  1.130000e+01
   endloop
 endfacet
 facet normal -8.897737e-01  4.564019e-01 -6.983240e-05
   outer loop
     vertex  2.956378e+00 -1.466229e+00  1.430000e+01
     vertex  2.947481e+00 -1.484033e+00  1.130000e+01
     vertex  2.915590e+00 -1.545748e+00  1.430000e+01
   endloop
 endfacet
 facet normal -8.992613e-01  4.374119e-01  7.100931e-05
   outer loop
     vertex  2.956378e+00 -1.466229e+00  1.430000e+01
     vertex  2.987085e+00 -1.402613e+00  1.130000e+01
     vertex  2.947481e+00 -1.484033e+00  1.130000e+01
   endloop
 endfacet
 facet normal -9.018065e-01  4.321400e-01 -6.683230e-05
   outer loop
     vertex  2.994999e+00 -1.385634e+00  1.430000e+01
     vertex  2.987085e+00 -1.402613e+00  1.130000e+01
     vertex  2.956378e+00 -1.466229e+00  1.430000e+01
   endloop
 endfacet
 facet normal -9.109228e-01  4.125769e-01  6.793998e-05
   outer loop
     vertex  2.994999e+00 -1.385634e+00  1.430000e+01
     vertex  3.024440e+00 -1.320138e+00  1.130000e+01
     vertex  2.987085e+00 -1.402613e+00  1.130000e+01
   endloop
 endfacet
 facet normal -9.131779e-01  4.075612e-01 -6.369374e-05
   outer loop
     vertex  3.031423e+00 -1.304023e+00  1.430000e+01
     vertex  3.024440e+00 -1.320138e+00  1.130000e+01
     vertex  2.994999e+00 -1.385634e+00  1.430000e+01
   endloop
 endfacet
 facet normal -9.218986e-01  3.874313e-01  6.473218e-05
   outer loop
     vertex  3.031423e+00 -1.304023e+00  1.430000e+01
     vertex  3.059518e+00 -1.236668e+00  1.130000e+01
     vertex  3.024440e+00 -1.320138e+00  1.130000e+01
   endloop
 endfacet
 facet normal -9.238795e-01  3.826834e-01 -6.041671e-05
   outer loop
     vertex  3.065623e+00 -1.221456e+00  1.430000e+01
     vertex  3.059518e+00 -1.236668e+00  1.130000e+01
     vertex  3.031423e+00 -1.304023e+00  1.430000e+01
   endloop
 endfacet
 facet normal -9.321804e-01  3.619940e-01  6.138592e-05
   outer loop
     vertex  3.065623e+00 -1.221456e+00  1.430000e+01
     vertex  3.092294e+00 -1.152268e+00  1.130000e+01
     vertex  3.059518e+00 -1.236668e+00  1.130000e+01
   endloop
 endfacet
 facet normal -9.339036e-01  3.575250e-01 -5.700122e-05
   outer loop
     vertex  3.097575e+00 -1.137993e+00  1.430000e+01
     vertex  3.092294e+00 -1.152268e+00  1.130000e+01
     vertex  3.065623e+00 -1.221456e+00  1.430000e+01
   endloop
 endfacet
 facet normal -9.417605e-01  3.362843e-01  5.790120e-05
   outer loop
     vertex  3.097575e+00 -1.137993e+00  1.430000e+01
     vertex  3.122741e+00 -1.067000e+00  1.130000e+01
     vertex  3.092294e+00 -1.152268e+00  1.130000e+01
   endloop
 endfacet
 facet normal -9.432426e-01  3.321044e-01 -5.344727e-05
   outer loop
     vertex  3.127255e+00 -1.053695e+00  1.430000e+01
     vertex  3.122741e+00 -1.067000e+00  1.130000e+01
     vertex  3.097575e+00 -1.137993e+00  1.430000e+01
   endloop
 endfacet
 facet normal -9.506317e-01  3.103214e-01  5.427802e-05
   outer loop
     vertex  3.127255e+00 -1.053695e+00  1.430000e+01
     vertex  3.150838e+00 -9.809289e-01  1.130000e+01
     vertex  3.122741e+00 -1.067000e+00  1.130000e+01
   endloop
 endfacet
 facet normal -9.518899e-01  3.064401e-01 -4.975486e-05
   outer loop
     vertex  3.154642e+00 -9.686245e-01  1.430000e+01
     vertex  3.150838e+00 -9.809289e-01  1.130000e+01
     vertex  3.127255e+00 -1.053695e+00  1.430000e+01
   endloop
 endfacet
 facet normal -9.587873e-01  2.841250e-01  5.051638e-05
   outer loop
     vertex  3.154642e+00 -9.686245e-01  1.430000e+01
     vertex  3.176563e+00 -8.941194e-01  1.130000e+01
     vertex  3.150838e+00 -9.809289e-01  1.130000e+01
   endloop
 endfacet
 facet normal -9.598391e-01  2.805512e-01 -4.592399e-05
   outer loop
     vertex  3.179715e+00 -8.828435e-01  1.430000e+01
     vertex  3.176563e+00 -8.941194e-01  1.130000e+01
     vertex  3.154642e+00 -9.686245e-01  1.430000e+01
   endloop
 endfacet
 facet normal -9.662211e-01  2.577146e-01  4.661627e-05
   outer loop
     vertex  3.179715e+00 -8.828435e-01  1.430000e+01
     vertex  3.199896e+00 -8.066369e-01  1.130000e+01
     vertex  3.176563e+00 -8.941194e-01  1.130000e+01
   endloop
 endfacet
 facet normal -9.670842e-01  2.544564e-01 -4.195465e-05
   outer loop
     vertex  3.202456e+00 -7.964150e-01  1.430000e+01
     vertex  3.199896e+00 -8.066369e-01  1.130000e+01
     vertex  3.179715e+00 -8.828435e-01  1.430000e+01
   endloop
 endfacet
 facet normal -9.729276e-01  2.311102e-01  4.257771e-05
   outer loop
     vertex  3.202456e+00 -7.964150e-01  1.430000e+01
     vertex  3.220821e+00 -7.185472e-01  1.130000e+01
     vertex  3.199896e+00 -8.066369e-01  1.130000e+01
   endloop
 endfacet
 facet normal -9.736201e-01  2.281751e-01 -3.784686e-05
   outer loop
     vertex  3.222848e+00 -7.094025e-01  1.430000e+01
     vertex  3.220821e+00 -7.185472e-01  1.130000e+01
     vertex  3.202456e+00 -7.964150e-01  1.430000e+01
   endloop
 endfacet
 facet normal -9.789017e-01  2.043319e-01  3.840069e-05
   outer loop
     vertex  3.222848e+00 -7.094025e-01  1.430000e+01
     vertex  3.239322e+00 -6.299166e-01  1.130000e+01
     vertex  3.220821e+00 -7.185472e-01  1.130000e+01
   endloop
 endfacet
 facet normal -9.841389e-01  1.773998e-01  3.408520e-05
   outer loop
     vertex  3.240876e+00 -6.218696e-01  1.430000e+01
     vertex  3.255384e+00 -5.408118e-01  1.130000e+01
     vertex  3.239322e+00 -6.299166e-01  1.130000e+01
   endloop
 endfacet
 facet normal -9.794419e-01  2.017264e-01 -3.360060e-05
   outer loop
     vertex  3.240876e+00 -6.218696e-01  1.430000e+01
     vertex  3.239322e+00 -6.299166e-01  1.130000e+01
     vertex  3.222848e+00 -7.094025e-01  1.430000e+01
   endloop
 endfacet
 facet normal -9.886353e-01  1.503341e-01  2.963126e-05
   outer loop
     vertex  3.256528e+00 -5.338806e-01  1.430000e+01
     vertex  3.268995e+00 -4.512999e-01  1.130000e+01
     vertex  3.255384e+00 -5.408118e-01  1.130000e+01
   endloop
 endfacet
 facet normal -9.845454e-01  1.751297e-01 -2.921589e-05
   outer loop
     vertex  3.256528e+00 -5.338806e-01  1.430000e+01
     vertex  3.255384e+00 -5.408118e-01  1.130000e+01
     vertex  3.240876e+00 -6.218696e-01  1.430000e+01
   endloop
 endfacet
 facet normal -9.923874e-01  1.231552e-01  2.503886e-05
   outer loop
     vertex  3.269790e+00 -4.455000e-01  1.430000e+01
     vertex  3.280146e+00 -3.614482e-01  1.130000e+01
     vertex  3.268995e+00 -4.512999e-01  1.130000e+01
   endloop
 endfacet
 facet normal -9.889267e-01  1.484046e-01 -2.469272e-05
   outer loop
     vertex  3.269790e+00 -4.455000e-01  1.430000e+01
     vertex  3.268995e+00 -4.512999e-01  1.130000e+01
     vertex  3.256528e+00 -5.338806e-01  1.430000e+01
   endloop
 endfacet
 facet normal -9.953925e-01  9.588368e-02  2.030800e-05
   outer loop
     vertex  3.280655e+00 -3.567928e-01  1.430000e+01
     vertex  3.288827e+00 -2.713245e-01  1.130000e+01
     vertex  3.280146e+00 -3.614482e-01  1.130000e+01
   endloop
 endfacet
 facet normal -9.925828e-01  1.215707e-01 -2.003109e-05
   outer loop
     vertex  3.280655e+00 -3.567928e-01  1.430000e+01
     vertex  3.280146e+00 -3.614482e-01  1.130000e+01
     vertex  3.269790e+00 -4.455000e-01  1.430000e+01
   endloop
 endfacet
 facet normal -9.976484e-01  6.853995e-02  1.543868e-05
   outer loop
     vertex  3.289114e+00 -2.678238e-01  1.430000e+01
     vertex  3.295033e+00 -1.809966e-01  1.130000e+01
     vertex  3.288827e+00 -2.713245e-01  1.130000e+01
   endloop
 endfacet
 facet normal -9.955108e-01  9.464755e-02 -1.523100e-05
   outer loop
     vertex  3.289114e+00 -2.678238e-01  1.430000e+01
     vertex  3.288827e+00 -2.713245e-01  1.130000e+01
     vertex  3.280655e+00 -3.567928e-01  1.430000e+01
   endloop
 endfacet
 facet normal -9.991532e-01  4.114462e-02  1.043091e-05
   outer loop
     vertex  3.295160e+00 -1.786584e-01  1.430000e+01
     vertex  3.298758e+00 -9.053236e-02  1.130000e+01
     vertex  3.295033e+00 -1.809966e-01  1.130000e+01
   endloop
 endfacet
 facet normal -9.977088e-01  6.765502e-02 -1.029246e-05
   outer loop
     vertex  3.295160e+00 -1.786584e-01  1.430000e+01
     vertex  3.295033e+00 -1.809966e-01  1.130000e+01
     vertex  3.289114e+00 -2.678238e-01  1.430000e+01
   endloop
 endfacet
 facet normal -9.999059e-01  1.371831e-02  5.284683e-06
   outer loop
     vertex  3.298790e+00 -8.936197e-02  1.430000e+01
     vertex  3.300000e+00 -8.082669e-16  1.130000e+01
     vertex  3.298758e+00 -9.053236e-02  1.130000e+01
   endloop
 endfacet
 facet normal -9.991750e-01  4.061287e-02 -5.215456e-06
   outer loop
     vertex  3.298790e+00 -8.936197e-02  1.430000e+01
     vertex  3.298758e+00 -9.053236e-02  1.130000e+01
     vertex  3.295160e+00 -1.786584e-01  1.430000e+01
   endloop
 endfacet
 facet normal -9.999083e-01  1.354093e-02  0.000000e+00
   outer loop
     vertex  3.300000e+00 -8.082669e-16  1.430000e+01
     vertex  3.300000e+00 -8.082669e-16  1.130000e+01
     vertex  3.298790e+00 -8.936197e-02  1.430000e+01
   endloop
 endfacet
 facet normal -1.000000e+00  2.902585e-16  0.000000e+00
   outer loop
     vertex  5.300000e+00  3.059956e+00  1.430000e+01
     vertex  5.300000e+00 -3.059956e+00  1.430000e+01
     vertex  5.300000e+00 -3.059956e+00  2.030000e+01
   endloop
 endfacet
 facet normal -1.000000e+00  2.902585e-16  0.000000e+00
   outer loop
     vertex  5.300000e+00  3.059956e+00  1.430000e+01
     vertex  5.300000e+00 -3.059956e+00  2.030000e+01
     vertex  5.300000e+00  3.059956e+00  2.030000e+01
   endloop
 endfacet
 facet normal -5.000000e-01  8.660254e-01 -3.415354e-17
   outer loop
     vertex  5.300000e+00 -3.059956e+00  1.430000e+01
     vertex -1.124210e-15 -6.119913e+00  1.430000e+01
     vertex -1.124210e-15 -6.119913e+00  2.030000e+01
   endloop
 endfacet
 facet normal -5.000000e-01  8.660254e-01  0.000000e+00
   outer loop
     vertex  5.300000e+00 -3.059956e+00  1.430000e+01
     vertex -1.124210e-15 -6.119913e+00  2.030000e+01
     vertex  5.300000e+00 -3.059956e+00  2.030000e+01
   endloop
 endfacet
 facet normal -5.000000e-01 -8.660254e-01 -4.788422e-18
   outer loop
     vertex  3.747366e-16  6.119913e+00  1.430000e+01
     vertex  5.300000e+00  3.059956e+00  1.430000e+01
     vertex  5.300000e+00  3.059956e+00  2.030000e+01
   endloop
 endfacet
 facet normal -5.000000e-01 -8.660254e-01  0.000000e+00
   outer loop
     vertex  3.747366e-16  6.119913e+00  1.430000e+01
     vertex  5.300000e+00  3.059956e+00  2.030000e+01
     vertex  3.747366e-16  6.119913e+00  2.030000e+01
   endloop
 endfacet
 facet normal  0.000000e+00  0.000000e+00  1.000000e+00
   outer loop
     vertex -2.465461e+00 -2.193513e+00  1.130000e+01
     vertex -2.404356e+00 -2.260325e+00  1.130000e+01
     vertex -2.341442e+00 -2.325436e+00  1.130000e+01
   endloop
 endfacet
 facet normal  0.000000e+00  0.000000e+00  1.000000e+00
   outer loop
     vertex -2.072650e+00 -2.567902e+00  1.130000e+01
     vertex -2.276764e+00 -2.388796e+00  1.130000e+01
     vertex -2.210373e+00 -2.450357e+00  1.130000e+01
   endloop
 endfacet
 facet normal  0.000000e+00  0.000000e+00  1.000000e+00
   outer loop
     vertex -2.072650e+00 -2.567902e+00  1.130000e+01
     vertex -2.210373e+00 -2.450357e+00  1.130000e+01
     vertex -2.142318e+00 -2.510075e+00  1.130000e+01
   endloop
 endfacet
 facet normal  0.000000e+00  0.000000e+00  1.000000e+00
   outer loop
     vertex -2.582059e+00 -2.054987e+00  1.130000e+01
     vertex -2.524710e+00 -2.125050e+00  1.130000e+01
     vertex -2.465461e+00 -2.193513e+00  1.130000e+01
   endloop
 endfacet
 facet normal  0.000000e+00  0.000000e+00  1.000000e+00
   outer loop
     vertex -2.001422e+00 -2.623797e+00  1.130000e+01
     vertex -2.341442e+00 -2.325436e+00  1.130000e+01
     vertex -2.276764e+00 -2.388796e+00  1.130000e+01
   endloop
 endfacet
 facet normal  0.000000e+00  0.000000e+00  1.000000e+00
   outer loop
     vertex -2.001422e+00 -2.623797e+00  1.130000e+01
     vertex -2.276764e+00 -2.388796e+00  1.130000e+01
     vertex -2.072650e+00 -2.567902e+00  1.130000e+01
   endloop
 endfacet
 facet normal  0.000000e+00  0.000000e+00  1.000000e+00
   outer loop
     vertex -1.778918e+00 -2.779469e+00  1.130000e+01
     vertex -2.001422e+00 -2.623797e+00  1.130000e+01
     vertex -1.928687e+00 -2.677716e+00  1.130000e+01
   endloop
 endfacet
 facet normal  0.000000e+00  0.000000e+00  1.000000e+00
   outer loop
     vertex -1.778918e+00 -2.779469e+00  1.130000e+01
     vertex -1.928687e+00 -2.677716e+00  1.130000e+01
     vertex -1.854501e+00 -2.729620e+00  1.130000e+01
   endloop
 endfacet
 facet normal  0.000000e+00  0.000000e+00  1.000000e+00
   outer loop
     vertex -2.791606e+00 -1.759811e+00  1.130000e+01
     vertex -2.742277e+00 -1.835734e+00  1.130000e+01
     vertex -2.690883e+00 -1.910275e+00  1.130000e+01
   endloop
 endfacet
 facet normal  0.000000e+00  0.000000e+00  1.000000e+00
   outer loop
     vertex -2.838834e+00 -1.682564e+00  1.130000e+01
     vertex -2.690883e+00 -1.910275e+00  1.130000e+01
     vertex -2.637464e+00 -1.983377e+00  1.130000e+01
   endloop
 endfacet
 facet normal  0.000000e+00  0.000000e+00  1.000000e+00
   outer loop
     vertex -2.838834e+00 -1.682564e+00  1.130000e+01
     vertex -2.791606e+00 -1.759811e+00  1.130000e+01
     vertex -2.690883e+00 -1.910275e+00  1.130000e+01
   endloop
 endfacet
 facet normal  0.000000e+00  0.000000e+00  1.000000e+00
   outer loop
     vertex -1.544368e+00 -2.916321e+00  1.130000e+01
     vertex -1.701997e+00 -2.827226e+00  1.130000e+01
     vertex -1.623794e+00 -2.872855e+00  1.130000e+01
   endloop
 endfacet
 facet normal  0.000000e+00  0.000000e+00  1.000000e+00
   outer loop
     vertex -1.463781e+00 -2.957591e+00  1.130000e+01
     vertex -1.778918e+00 -2.779469e+00  1.130000e+01
     vertex -1.701997e+00 -2.827226e+00  1.130000e+01
   endloop
 endfacet
 facet normal  0.000000e+00  0.000000e+00  1.000000e+00
   outer loop
     vertex -1.463781e+00 -2.957591e+00  1.130000e+01
     vertex -1.701997e+00 -2.827226e+00  1.130000e+01
     vertex -1.544368e+00 -2.916321e+00  1.130000e+01
   endloop
 endfacet
 facet normal  0.000000e+00  0.000000e+00  1.000000e+00
   outer loop
     vertex -3.006045e+00 -1.361504e+00  1.130000e+01
     vertex -2.967562e+00 -1.443459e+00  1.130000e+01
     vertex -2.926845e+00 -1.524328e+00  1.130000e+01
   endloop
 endfacet
 facet normal  0.000000e+00  0.000000e+00  1.000000e+00
   outer loop
     vertex -3.006045e+00 -1.361504e+00  1.130000e+01
     vertex -2.926845e+00 -1.524328e+00  1.130000e+01
     vertex -2.883925e+00 -1.604050e+00  1.130000e+01
   endloop
 endfacet
 facet normal  0.000000e+00  0.000000e+00  1.000000e+00
   outer loop
     vertex -1.299361e+00 -3.033424e+00  1.130000e+01
     vertex -1.463781e+00 -2.957591e+00  1.130000e+01
     vertex -1.382091e+00 -2.996636e+00  1.130000e+01
   endloop
 endfacet
 facet normal  0.000000e+00  0.000000e+00  1.000000e+00
   outer loop
     vertex -3.076195e+00 -1.194580e+00  1.130000e+01
     vertex -3.042265e+00 -1.278523e+00  1.130000e+01
     vertex -3.006045e+00 -1.361504e+00  1.130000e+01
   endloop
 endfacet
 facet normal  0.000000e+00  0.000000e+00  1.000000e+00
   outer loop
     vertex -3.076195e+00 -1.194580e+00  1.130000e+01
     vertex -3.006045e+00 -1.361504e+00  1.130000e+01
     vertex -2.883925e+00 -1.604050e+00  1.130000e+01
   endloop
 endfacet
 facet normal  0.000000e+00  0.000000e+00  1.000000e+00
   outer loop
     vertex -1.131030e+00 -3.100125e+00  1.130000e+01
     vertex -1.299361e+00 -3.033424e+00  1.130000e+01
     vertex -1.215653e+00 -3.067929e+00  1.130000e+01
   endloop
 endfacet
 facet normal  0.000000e+00  0.000000e+00  1.000000e+00
   outer loop
     vertex -1.131030e+00 -3.100125e+00  1.130000e+01
     vertex -1.463781e+00 -2.957591e+00  1.130000e+01
     vertex -1.299361e+00 -3.033424e+00  1.130000e+01
   endloop
 endfacet
 facet normal  0.000000e+00  0.000000e+00  1.000000e+00
   outer loop
     vertex -3.163998e+00 -9.376124e-01  1.130000e+01
     vertex -3.137085e+00 -1.024061e+00  1.130000e+01
     vertex -3.107810e+00 -1.109738e+00  1.130000e+01
   endloop
 endfacet
 facet normal  0.000000e+00  0.000000e+00  1.000000e+00
   outer loop
     vertex -3.163998e+00 -9.376124e-01  1.130000e+01
     vertex -3.107810e+00 -1.109738e+00  1.130000e+01
     vertex -3.076195e+00 -1.194580e+00  1.130000e+01
   endloop
 endfacet
 facet normal  0.000000e+00  0.000000e+00  1.000000e+00
   outer loop
     vertex -3.163998e+00 -9.376124e-01  1.130000e+01
     vertex -3.076195e+00 -1.194580e+00  1.130000e+01
     vertex -2.883925e+00 -1.604050e+00  1.130000e+01
   endloop
 endfacet
 facet normal  0.000000e+00  0.000000e+00  1.000000e+00
   outer loop
     vertex -8.723093e-01 -3.182621e+00  1.130000e+01
     vertex -1.131030e+00 -3.100125e+00  1.130000e+01
     vertex -1.045555e+00 -3.129986e+00  1.130000e+01
   endloop
 endfacet
 facet normal  0.000000e+00  0.000000e+00  1.000000e+00
   outer loop
     vertex -8.723093e-01 -3.182621e+00  1.130000e+01
     vertex -1.045555e+00 -3.129986e+00  1.130000e+01
     vertex -9.592932e-01 -3.157492e+00  1.130000e+01
   endloop
 endfacet
 facet normal  0.000000e+00  0.000000e+00  1.000000e+00
   outer loop
     vertex -3.210661e+00 -7.626638e-01  1.130000e+01
     vertex -3.188530e+00 -8.504582e-01  1.130000e+01
     vertex -3.163998e+00 -9.376124e-01  1.130000e+01
   endloop
 endfacet
 facet normal  0.000000e+00  0.000000e+00  1.000000e+00
   outer loop
     vertex -6.964376e-01 -3.225674e+00  1.130000e+01
     vertex -8.723093e-01 -3.182621e+00  1.130000e+01
     vertex -7.846688e-01 -3.205354e+00  1.130000e+01
   endloop
 endfacet
 facet normal  0.000000e+00  0.000000e+00  1.000000e+00
   outer loop
     vertex -3.247658e+00 -5.854193e-01  1.130000e+01
     vertex -3.230375e+00 -6.742953e-01  1.130000e+01
     vertex -3.210661e+00 -7.626638e-01  1.130000e+01
   endloop
 endfacet
 facet normal  0.000000e+00  0.000000e+00  1.000000e+00
   outer loop
     vertex -3.262496e+00 -4.961025e-01  1.130000e+01
     vertex -3.247658e+00 -5.854193e-01  1.130000e+01
     vertex -3.210661e+00 -7.626638e-01  1.130000e+01
   endloop
 endfacet
 facet normal  0.000000e+00  0.000000e+00  1.000000e+00
   outer loop
     vertex -3.262496e+00 -4.961025e-01  1.130000e+01
     vertex -3.210661e+00 -7.626638e-01  1.130000e+01
     vertex -3.163998e+00 -9.376124e-01  1.130000e+01
   endloop
 endfacet
 facet normal  0.000000e+00  0.000000e+00  1.000000e+00
   outer loop
     vertex -3.262496e+00 -4.961025e-01  1.130000e+01
     vertex -2.883925e+00 -1.604050e+00  1.130000e+01
     vertex -2.838834e+00 -1.682564e+00  1.130000e+01
   endloop
 endfacet
 facet normal  0.000000e+00  0.000000e+00  1.000000e+00
   outer loop
     vertex -3.262496e+00 -4.961025e-01  1.130000e+01
     vertex -3.163998e+00 -9.376124e-01  1.130000e+01
     vertex -2.883925e+00 -1.604050e+00  1.130000e+01
   endloop
 endfacet
 facet normal  0.000000e+00  0.000000e+00  1.000000e+00
   outer loop
     vertex -2.487590e-01 -3.290611e+00  1.130000e+01
     vertex -5.184693e-01 -3.259017e+00  1.130000e+01
     vertex -4.288662e-01 -3.272014e+00  1.130000e+01
   endloop
 endfacet
 facet normal  0.000000e+00  0.000000e+00  1.000000e+00
   outer loop
     vertex -2.487590e-01 -3.290611e+00  1.130000e+01
     vertex -4.288662e-01 -3.272014e+00  1.130000e+01
     vertex -3.389402e-01 -3.282548e+00  1.130000e+01
   endloop
 endfacet
 facet normal  0.000000e+00  0.000000e+00  1.000000e+00
   outer loop
     vertex -3.292240e+00 -2.261818e-01  1.130000e+01
     vertex -3.284795e+00 -3.164162e-01  1.130000e+01
     vertex -3.274878e+00 -4.064123e-01  1.130000e+01
   endloop
 endfacet
 facet normal  0.000000e+00  0.000000e+00  1.000000e+00
   outer loop
     vertex -1.583906e-01 -3.296197e+00  1.130000e+01
     vertex -5.184693e-01 -3.259017e+00  1.130000e+01
     vertex -2.487590e-01 -3.290611e+00  1.130000e+01
   endloop
 endfacet
 facet normal  0.000000e+00  0.000000e+00  1.000000e+00
   outer loop
     vertex -1.583906e-01 -3.296197e+00  1.130000e+01
     vertex -6.076822e-01 -3.243566e+00  1.130000e+01
     vertex -5.184693e-01 -3.259017e+00  1.130000e+01
   endloop
 endfacet
 facet normal  0.000000e+00  0.000000e+00  1.000000e+00
   outer loop
     vertex -3.297206e+00 -1.357772e-01  1.130000e+01
     vertex -3.274878e+00 -4.064123e-01  1.130000e+01
     vertex -3.262496e+00 -4.961025e-01  1.130000e+01
   endloop
 endfacet
 facet normal  0.000000e+00  0.000000e+00  1.000000e+00
   outer loop
     vertex -3.297206e+00 -1.357772e-01  1.130000e+01
     vertex -2.637464e+00 -1.983377e+00  1.130000e+01
     vertex -2.582059e+00 -2.054987e+00  1.130000e+01
   endloop
 endfacet
 facet normal  0.000000e+00  0.000000e+00  1.000000e+00
   outer loop
     vertex -3.297206e+00 -1.357772e-01  1.130000e+01
     vertex -2.582059e+00 -2.054987e+00  1.130000e+01
     vertex -2.465461e+00 -2.193513e+00  1.130000e+01
   endloop
 endfacet
 facet normal  0.000000e+00  0.000000e+00  1.000000e+00
   outer loop
     vertex -3.297206e+00 -1.357772e-01  1.130000e+01
     vertex -2.838834e+00 -1.682564e+00  1.130000e+01
     vertex -2.637464e+00 -1.983377e+00  1.130000e+01
   endloop
 endfacet
 facet normal  0.000000e+00  0.000000e+00  1.000000e+00
   outer loop
     vertex -3.297206e+00 -1.357772e-01  1.130000e+01
     vertex -3.292240e+00 -2.261818e-01  1.130000e+01
     vertex -3.274878e+00 -4.064123e-01  1.130000e+01
   endloop
 endfacet
 facet normal  0.000000e+00  0.000000e+00  1.000000e+00
   outer loop
     vertex -3.297206e+00 -1.357772e-01  1.130000e+01
     vertex -3.262496e+00 -4.961025e-01  1.130000e+01
     vertex -2.838834e+00 -1.682564e+00  1.130000e+01
   endloop
 endfacet
 facet normal  0.000000e+00  0.000000e+00  1.000000e+00
   outer loop
     vertex  2.263575e-02 -3.299922e+00  1.130000e+01
     vertex -6.076822e-01 -3.243566e+00  1.130000e+01
     vertex -1.583906e-01 -3.296197e+00  1.130000e+01
   endloop
 endfacet
 facet normal  0.000000e+00  0.000000e+00  1.000000e+00
   outer loop
     vertex  2.263575e-02 -3.299922e+00  1.130000e+01
     vertex -6.964376e-01 -3.225674e+00  1.130000e+01
     vertex -6.076822e-01 -3.243566e+00  1.130000e+01
   endloop
 endfacet
 facet normal  0.000000e+00  0.000000e+00  1.000000e+00
   outer loop
     vertex  2.263575e-02 -3.299922e+00  1.130000e+01
     vertex -1.583906e-01 -3.296197e+00  1.130000e+01
     vertex -6.790300e-02 -3.299301e+00  1.130000e+01
   endloop
 endfacet
 facet normal  0.000000e+00  0.000000e+00  1.000000e+00
   outer loop
     vertex -3.292240e+00  2.261818e-01  1.130000e+01
     vertex -3.297206e+00  1.357772e-01  1.130000e+01
     vertex -3.299689e+00  4.527044e-02  1.130000e+01
   endloop
 endfacet
 facet normal  0.000000e+00  0.000000e+00  1.000000e+00
   outer loop
     vertex -3.292240e+00  2.261818e-01  1.130000e+01
     vertex -3.299689e+00  4.527044e-02  1.130000e+01
     vertex -3.299689e+00 -4.527044e-02  1.130000e+01
   endloop
 endfacet
 facet normal  0.000000e+00  0.000000e+00  1.000000e+00
   outer loop
     vertex -3.292240e+00  2.261818e-01  1.130000e+01
     vertex -3.299689e+00 -4.527044e-02  1.130000e+01
     vertex -3.297206e+00 -1.357772e-01  1.130000e+01
   endloop
 endfacet
 facet normal  0.000000e+00  0.000000e+00  1.000000e+00
   outer loop
     vertex  2.938773e-01 -3.286889e+00  1.130000e+01
     vertex  1.131575e-01 -3.298059e+00  1.130000e+01
     vertex  2.035940e-01 -3.293714e+00  1.130000e+01
   endloop
 endfacet
 facet normal  0.000000e+00  0.000000e+00  1.000000e+00
   outer loop
     vertex -3.284795e+00  3.164162e-01  1.130000e+01
     vertex -3.292240e+00  2.261818e-01  1.130000e+01
     vertex -3.297206e+00 -1.357772e-01  1.130000e+01
   endloop
 endfacet
 facet normal  0.000000e+00  0.000000e+00  1.000000e+00
   outer loop
     vertex  3.839393e-01 -3.277589e+00  1.130000e+01
     vertex  1.131575e-01 -3.298059e+00  1.130000e+01
     vertex  2.938773e-01 -3.286889e+00  1.130000e+01
   endloop
 endfacet
 facet normal  0.000000e+00  0.000000e+00  1.000000e+00
   outer loop
     vertex -3.262496e+00  4.961025e-01  1.130000e+01
     vertex -3.274878e+00  4.064123e-01  1.130000e+01
     vertex -3.284795e+00  3.164162e-01  1.130000e+01
   endloop
 endfacet
 facet normal  0.000000e+00  0.000000e+00  1.000000e+00
   outer loop
     vertex -3.262496e+00  4.961025e-01  1.130000e+01
     vertex -3.297206e+00 -1.357772e-01  1.130000e+01
     vertex -2.465461e+00 -2.193513e+00  1.130000e+01
   endloop
 endfacet
 facet normal  0.000000e+00  0.000000e+00  1.000000e+00
   outer loop
     vertex -3.262496e+00  4.961025e-01  1.130000e+01
     vertex -2.465461e+00 -2.193513e+00  1.130000e+01
     vertex -2.341442e+00 -2.325436e+00  1.130000e+01
   endloop
 endfacet
 facet normal  0.000000e+00  0.000000e+00  1.000000e+00
   outer loop
     vertex -3.262496e+00  4.961025e-01  1.130000e+01
     vertex -3.284795e+00  3.164162e-01  1.130000e+01
     vertex -3.297206e+00 -1.357772e-01  1.130000e+01
   endloop
 endfacet
 facet normal  0.000000e+00  0.000000e+00  1.000000e+00
   outer loop
     vertex -3.262496e+00  4.961025e-01  1.130000e+01
     vertex -2.341442e+00 -2.325436e+00  1.130000e+01
     vertex -2.001422e+00 -2.623797e+00  1.130000e+01
   endloop
 endfacet
 facet normal  0.000000e+00  0.000000e+00  1.000000e+00
   outer loop
     vertex -3.262496e+00  4.961025e-01  1.130000e+01
     vertex -2.001422e+00 -2.623797e+00  1.130000e+01
     vertex -1.778918e+00 -2.779469e+00  1.130000e+01
   endloop
 endfacet
 facet normal  0.000000e+00  0.000000e+00  1.000000e+00
   outer loop
     vertex  9.158874e-01 -3.170355e+00  1.130000e+01
     vertex  6.521213e-01 -3.234925e+00  1.130000e+01
     vertex  7.406229e-01 -3.215817e+00  1.130000e+01
   endloop
 endfacet
 facet normal  0.000000e+00  0.000000e+00  1.000000e+00
   outer loop
     vertex  9.158874e-01 -3.170355e+00  1.130000e+01
     vertex  7.406229e-01 -3.215817e+00  1.130000e+01
     vertex  8.285670e-01 -3.194288e+00  1.130000e+01
   endloop
 endfacet
 facet normal  0.000000e+00  0.000000e+00  1.000000e+00
   outer loop
     vertex -3.163998e+00  9.376124e-01  1.130000e+01
     vertex -3.188530e+00  8.504582e-01  1.130000e+01
     vertex -3.210661e+00  7.626638e-01  1.130000e+01
   endloop
 endfacet
 facet normal  0.000000e+00  0.000000e+00  1.000000e+00
   outer loop
     vertex -3.163998e+00  9.376124e-01  1.130000e+01
     vertex -3.210661e+00  7.626638e-01  1.130000e+01
     vertex -3.230375e+00  6.742953e-01  1.130000e+01
   endloop
 endfacet
 facet normal  0.000000e+00  0.000000e+00  1.000000e+00
   outer loop
     vertex -3.163998e+00  9.376124e-01  1.130000e+01
     vertex -3.230375e+00  6.742953e-01  1.130000e+01
     vertex -3.247658e+00  5.854193e-01  1.130000e+01
   endloop
 endfacet
 facet normal  0.000000e+00  0.000000e+00  1.000000e+00
   outer loop
     vertex -3.163998e+00  9.376124e-01  1.130000e+01
     vertex -3.247658e+00  5.854193e-01  1.130000e+01
     vertex -3.262496e+00  4.961025e-01  1.130000e+01
   endloop
 endfacet
 facet normal  0.000000e+00  0.000000e+00  1.000000e+00
   outer loop
     vertex  1.002518e+00 -3.144035e+00  1.130000e+01
     vertex  4.737123e-01 -3.265823e+00  1.130000e+01
     vertex  5.631288e-01 -3.251597e+00  1.130000e+01
   endloop
 endfacet
 facet normal  0.000000e+00  0.000000e+00  1.000000e+00
   outer loop
     vertex  1.002518e+00 -3.144035e+00  1.130000e+01
     vertex  5.631288e-01 -3.251597e+00  1.130000e+01
     vertex  6.521213e-01 -3.234925e+00  1.130000e+01
   endloop
 endfacet
 facet normal  0.000000e+00  0.000000e+00  1.000000e+00
   outer loop
     vertex  1.002518e+00 -3.144035e+00  1.130000e+01
     vertex  6.521213e-01 -3.234925e+00  1.130000e+01
     vertex  9.158874e-01 -3.170355e+00  1.130000e+01
   endloop
 endfacet
 facet normal  0.000000e+00  0.000000e+00  1.000000e+00
   outer loop
     vertex  1.257625e+00 -3.050964e+00  1.130000e+01
     vertex  1.088395e+00 -3.115349e+00  1.130000e+01
     vertex  1.173452e+00 -3.084317e+00  1.130000e+01
   endloop
 endfacet
 facet normal  0.000000e+00  0.000000e+00  1.000000e+00
   outer loop
     vertex  1.340852e+00 -3.015313e+00  1.130000e+01
     vertex  1.088395e+00 -3.115349e+00  1.130000e+01
     vertex  1.257625e+00 -3.050964e+00  1.130000e+01
   endloop
 endfacet
 facet normal  0.000000e+00  0.000000e+00  1.000000e+00
   outer loop
     vertex  1.340852e+00 -3.015313e+00  1.130000e+01
     vertex  3.839393e-01 -3.277589e+00  1.130000e+01
     vertex  4.737123e-01 -3.265823e+00  1.130000e+01
   endloop
 endfacet
 facet normal  0.000000e+00  0.000000e+00  1.000000e+00
   outer loop
     vertex  1.340852e+00 -3.015313e+00  1.130000e+01
     vertex  4.737123e-01 -3.265823e+00  1.130000e+01
     vertex  1.002518e+00 -3.144035e+00  1.130000e+01
   endloop
 endfacet
 facet normal  0.000000e+00  0.000000e+00  1.000000e+00
   outer loop
     vertex  1.340852e+00 -3.015313e+00  1.130000e+01
     vertex  1.002518e+00 -3.144035e+00  1.130000e+01
     vertex  1.088395e+00 -3.115349e+00  1.130000e+01
   endloop
 endfacet
 facet normal  0.000000e+00  0.000000e+00  1.000000e+00
   outer loop
     vertex -3.006045e+00  1.361504e+00  1.130000e+01
     vertex -3.042265e+00  1.278523e+00  1.130000e+01
     vertex -3.076195e+00  1.194580e+00  1.130000e+01
   endloop
 endfacet
 facet normal  0.000000e+00  0.000000e+00  1.000000e+00
   outer loop
     vertex -3.006045e+00  1.361504e+00  1.130000e+01
     vertex -3.076195e+00  1.194580e+00  1.130000e+01
     vertex -3.107810e+00  1.109738e+00  1.130000e+01
   endloop
 endfacet
 facet normal  0.000000e+00  0.000000e+00  1.000000e+00
   outer loop
     vertex -2.967562e+00  1.443459e+00  1.130000e+01
     vertex -3.006045e+00  1.361504e+00  1.130000e+01
     vertex -3.107810e+00  1.109738e+00  1.130000e+01
   endloop
 endfacet
 facet normal  0.000000e+00  0.000000e+00  1.000000e+00
   outer loop
     vertex -2.967562e+00  1.443459e+00  1.130000e+01
     vertex -3.107810e+00  1.109738e+00  1.130000e+01
     vertex -3.137085e+00  1.024061e+00  1.130000e+01
   endloop
 endfacet
 facet normal  0.000000e+00  0.000000e+00  1.000000e+00
   outer loop
     vertex  1.584230e+00 -2.894860e+00  1.130000e+01
     vertex  1.131575e-01 -3.298059e+00  1.130000e+01
     vertex  3.839393e-01 -3.277589e+00  1.130000e+01
   endloop
 endfacet
 facet normal  0.000000e+00  0.000000e+00  1.000000e+00
   outer loop
     vertex  1.584230e+00 -2.894860e+00  1.130000e+01
     vertex  1.340852e+00 -3.015313e+00  1.130000e+01
     vertex  1.423070e+00 -2.977394e+00  1.130000e+01
   endloop
 endfacet
 facet normal  0.000000e+00  0.000000e+00  1.000000e+00
   outer loop
     vertex  1.584230e+00 -2.894860e+00  1.130000e+01
     vertex  1.423070e+00 -2.977394e+00  1.130000e+01
     vertex  1.504216e+00 -2.937232e+00  1.130000e+01
   endloop
 endfacet
 facet normal  0.000000e+00  0.000000e+00  1.000000e+00
   outer loop
     vertex  1.584230e+00 -2.894860e+00  1.130000e+01
     vertex  3.839393e-01 -3.277589e+00  1.130000e+01
     vertex  1.340852e+00 -3.015313e+00  1.130000e+01
   endloop
 endfacet
 facet normal  0.000000e+00  0.000000e+00  1.000000e+00
   outer loop
     vertex -2.883925e+00  1.604050e+00  1.130000e+01
     vertex -2.967562e+00  1.443459e+00  1.130000e+01
     vertex -3.137085e+00  1.024061e+00  1.130000e+01
   endloop
 endfacet
 facet normal  0.000000e+00  0.000000e+00  1.000000e+00
   outer loop
     vertex -2.883925e+00  1.604050e+00  1.130000e+01
     vertex -3.137085e+00  1.024061e+00  1.130000e+01
     vertex -3.163998e+00  9.376124e-01  1.130000e+01
   endloop
 endfacet
 facet normal  0.000000e+00  0.000000e+00  1.000000e+00
   outer loop
     vertex -2.883925e+00  1.604050e+00  1.130000e+01
     vertex -3.163998e+00  9.376124e-01  1.130000e+01
     vertex -3.262496e+00  4.961025e-01  1.130000e+01
   endloop
 endfacet
 facet normal  0.000000e+00  0.000000e+00  1.000000e+00
   outer loop
     vertex -2.883925e+00  1.604050e+00  1.130000e+01
     vertex -2.926845e+00  1.524328e+00  1.130000e+01
     vertex -2.967562e+00  1.443459e+00  1.130000e+01
   endloop
 endfacet
 facet normal  0.000000e+00  0.000000e+00  1.000000e+00
   outer loop
     vertex  1.663052e+00 -2.850309e+00  1.130000e+01
     vertex  1.131575e-01 -3.298059e+00  1.130000e+01
     vertex  1.584230e+00 -2.894860e+00  1.130000e+01
   endloop
 endfacet
 facet normal  0.000000e+00  0.000000e+00  1.000000e+00
   outer loop
     vertex  1.663052e+00 -2.850309e+00  1.130000e+01
     vertex  2.263575e-02 -3.299922e+00  1.130000e+01
     vertex  1.131575e-01 -3.298059e+00  1.130000e+01
   endloop
 endfacet
 facet normal  0.000000e+00  0.000000e+00  1.000000e+00
   outer loop
     vertex -2.791606e+00  1.759811e+00  1.130000e+01
     vertex -1.131030e+00 -3.100125e+00  1.130000e+01
     vertex -8.723093e-01 -3.182621e+00  1.130000e+01
   endloop
 endfacet
 facet normal  0.000000e+00  0.000000e+00  1.000000e+00
   outer loop
     vertex -2.791606e+00  1.759811e+00  1.130000e+01
     vertex -2.883925e+00  1.604050e+00  1.130000e+01
     vertex -3.262496e+00  4.961025e-01  1.130000e+01
   endloop
 endfacet
 facet normal  0.000000e+00  0.000000e+00  1.000000e+00
   outer loop
     vertex -2.791606e+00  1.759811e+00  1.130000e+01
     vertex -3.262496e+00  4.961025e-01  1.130000e+01
     vertex -1.778918e+00 -2.779469e+00  1.130000e+01
   endloop
 endfacet
 facet normal  0.000000e+00  0.000000e+00  1.000000e+00
   outer loop
     vertex -2.791606e+00  1.759811e+00  1.130000e+01
     vertex -1.778918e+00 -2.779469e+00  1.130000e+01
     vertex -1.463781e+00 -2.957591e+00  1.130000e+01
   endloop
 endfacet
 facet normal  0.000000e+00  0.000000e+00  1.000000e+00
   outer loop
     vertex -2.791606e+00  1.759811e+00  1.130000e+01
     vertex -1.463781e+00 -2.957591e+00  1.130000e+01
     vertex -1.131030e+00 -3.100125e+00  1.130000e+01
   endloop
 endfacet
 facet normal  0.000000e+00  0.000000e+00  1.000000e+00
   outer loop
     vertex -2.791606e+00  1.759811e+00  1.130000e+01
     vertex -2.838834e+00  1.682564e+00  1.130000e+01
     vertex -2.883925e+00  1.604050e+00  1.130000e+01
   endloop
 endfacet
 facet normal  0.000000e+00  0.000000e+00  1.000000e+00
   outer loop
     vertex -2.791606e+00  1.759811e+00  1.130000e+01
     vertex -8.723093e-01 -3.182621e+00  1.130000e+01
     vertex -6.964376e-01 -3.225674e+00  1.130000e+01
   endloop
 endfacet
 facet normal  0.000000e+00  0.000000e+00  1.000000e+00
   outer loop
     vertex  1.816880e+00 -2.754804e+00  1.130000e+01
     vertex  1.663052e+00 -2.850309e+00  1.130000e+01
     vertex  1.740621e+00 -2.803612e+00  1.130000e+01
   endloop
 endfacet
 facet normal  0.000000e+00  0.000000e+00  1.000000e+00
   outer loop
     vertex -2.690883e+00  1.910275e+00  1.130000e+01
     vertex -2.742277e+00  1.835734e+00  1.130000e+01
     vertex -2.791606e+00  1.759811e+00  1.130000e+01
   endloop
 endfacet
 facet normal  0.000000e+00  0.000000e+00  1.000000e+00
   outer loop
     vertex  1.965239e+00 -2.651006e+00  1.130000e+01
     vertex  1.816880e+00 -2.754804e+00  1.130000e+01
     vertex  1.891772e+00 -2.703923e+00  1.130000e+01
   endloop
 endfacet
 facet normal  0.000000e+00  0.000000e+00  1.000000e+00
   outer loop
     vertex  2.037228e+00 -2.596094e+00  1.130000e+01
     vertex  1.816880e+00 -2.754804e+00  1.130000e+01
     vertex  1.965239e+00 -2.651006e+00  1.130000e+01
   endloop
 endfacet
 facet normal  0.000000e+00  0.000000e+00  1.000000e+00
   outer loop
     vertex -2.582059e+00  2.054987e+00  1.130000e+01
     vertex -2.637464e+00  1.983377e+00  1.130000e+01
     vertex -2.690883e+00  1.910275e+00  1.130000e+01
   endloop
 endfacet
 facet normal  0.000000e+00  0.000000e+00  1.000000e+00
   outer loop
     vertex  2.176550e+00 -2.480449e+00  1.130000e+01
     vertex  1.663052e+00 -2.850309e+00  1.130000e+01
     vertex  1.816880e+00 -2.754804e+00  1.130000e+01
   endloop
 endfacet
 facet normal  0.000000e+00  0.000000e+00  1.000000e+00
   outer loop
     vertex  2.176550e+00 -2.480449e+00  1.130000e+01
     vertex  1.816880e+00 -2.754804e+00  1.130000e+01
     vertex  2.037228e+00 -2.596094e+00  1.130000e+01
   endloop
 endfacet
 facet normal  0.000000e+00  0.000000e+00  1.000000e+00
   outer loop
     vertex  2.176550e+00 -2.480449e+00  1.130000e+01
     vertex  2.037228e+00 -2.596094e+00  1.130000e+01
     vertex  2.107682e+00 -2.539227e+00  1.130000e+01
   endloop
 endfacet
 facet normal  0.000000e+00  0.000000e+00  1.000000e+00
   outer loop
     vertex -2.465461e+00  2.193513e+00  1.130000e+01
     vertex -2.690883e+00  1.910275e+00  1.130000e+01
     vertex -2.791606e+00  1.759811e+00  1.130000e+01
   endloop
 endfacet
 facet normal  0.000000e+00  0.000000e+00  1.000000e+00
   outer loop
     vertex -2.465461e+00  2.193513e+00  1.130000e+01
     vertex -2.582059e+00  2.054987e+00  1.130000e+01
     vertex -2.690883e+00  1.910275e+00  1.130000e+01
   endloop
 endfacet
 facet normal  0.000000e+00  0.000000e+00  1.000000e+00
   outer loop
     vertex -2.465461e+00  2.193513e+00  1.130000e+01
     vertex -2.524710e+00  2.125050e+00  1.130000e+01
     vertex -2.582059e+00  2.054987e+00  1.130000e+01
   endloop
 endfacet
 facet normal  0.000000e+00  0.000000e+00  1.000000e+00
   outer loop
     vertex  2.243780e+00 -2.419804e+00  1.130000e+01
     vertex  1.663052e+00 -2.850309e+00  1.130000e+01
     vertex  2.176550e+00 -2.480449e+00  1.130000e+01
   endloop
 endfacet
 facet normal  0.000000e+00  0.000000e+00  1.000000e+00
   outer loop
     vertex -2.404356e+00  2.260325e+00  1.130000e+01
     vertex -2.465461e+00  2.193513e+00  1.130000e+01
     vertex -2.791606e+00  1.759811e+00  1.130000e+01
   endloop
 endfacet
 facet normal  0.000000e+00  0.000000e+00  1.000000e+00
   outer loop
     vertex  2.309320e+00 -2.357337e+00  1.130000e+01
     vertex  1.663052e+00 -2.850309e+00  1.130000e+01
     vertex  2.243780e+00 -2.419804e+00  1.130000e+01
   endloop
 endfacet
 facet normal  0.000000e+00  0.000000e+00  1.000000e+00
   outer loop
     vertex -2.210373e+00  2.450357e+00  1.130000e+01
     vertex -2.276764e+00  2.388796e+00  1.130000e+01
     vertex -2.341442e+00  2.325436e+00  1.130000e+01
   endloop
 endfacet
 facet normal  0.000000e+00  0.000000e+00  1.000000e+00
   outer loop
     vertex -2.072650e+00  2.567902e+00  1.130000e+01
     vertex -2.404356e+00  2.260325e+00  1.130000e+01
     vertex -2.791606e+00  1.759811e+00  1.130000e+01
   endloop
 endfacet
 facet normal  0.000000e+00  0.000000e+00  1.000000e+00
   outer loop
     vertex -2.072650e+00  2.567902e+00  1.130000e+01
     vertex -2.210373e+00  2.450357e+00  1.130000e+01
     vertex -2.341442e+00  2.325436e+00  1.130000e+01
   endloop
 endfacet
 facet normal  0.000000e+00  0.000000e+00  1.000000e+00
   outer loop
     vertex -2.072650e+00  2.567902e+00  1.130000e+01
     vertex -2.142318e+00  2.510075e+00  1.130000e+01
     vertex -2.210373e+00  2.450357e+00  1.130000e+01
   endloop
 endfacet
 facet normal  0.000000e+00  0.000000e+00  1.000000e+00
   outer loop
     vertex -2.072650e+00  2.567902e+00  1.130000e+01
     vertex -2.341442e+00  2.325436e+00  1.130000e+01
     vertex -2.404356e+00  2.260325e+00  1.130000e+01
   endloop
 endfacet
 facet normal  0.000000e+00  0.000000e+00  1.000000e+00
   outer loop
     vertex  2.610007e+00 -2.019372e+00  1.130000e+01
     vertex  2.373122e+00 -2.293096e+00  1.130000e+01
     vertex  2.435138e+00 -2.227129e+00  1.130000e+01
   endloop
 endfacet
 facet normal  0.000000e+00  0.000000e+00  1.000000e+00
   outer loop
     vertex  2.610007e+00 -2.019372e+00  1.130000e+01
     vertex  2.435138e+00 -2.227129e+00  1.130000e+01
     vertex  2.495321e+00 -2.159485e+00  1.130000e+01
   endloop
 endfacet
 facet normal  0.000000e+00  0.000000e+00  1.000000e+00
   outer loop
     vertex  2.610007e+00 -2.019372e+00  1.130000e+01
     vertex  2.495321e+00 -2.159485e+00  1.130000e+01
     vertex  2.553625e+00 -2.090215e+00  1.130000e+01
   endloop
 endfacet
 facet normal  0.000000e+00  0.000000e+00  1.000000e+00
   outer loop
     vertex  2.610007e+00 -2.019372e+00  1.130000e+01
     vertex  2.309320e+00 -2.357337e+00  1.130000e+01
     vertex  2.373122e+00 -2.293096e+00  1.130000e+01
   endloop
 endfacet
 facet normal  0.000000e+00  0.000000e+00  1.000000e+00
   outer loop
     vertex  2.716836e+00 -1.873180e+00  1.130000e+01
     vertex  2.610007e+00 -2.019372e+00  1.130000e+01
     vertex  2.664424e+00 -1.947009e+00  1.130000e+01
   endloop
 endfacet
 facet normal  0.000000e+00  0.000000e+00  1.000000e+00
   outer loop
     vertex -1.854501e+00  2.729620e+00  1.130000e+01
     vertex -1.928687e+00  2.677716e+00  1.130000e+01
     vertex -2.001422e+00  2.623797e+00  1.130000e+01
   endloop
 endfacet
 facet normal  0.000000e+00  0.000000e+00  1.000000e+00
   outer loop
     vertex -1.854501e+00  2.729620e+00  1.130000e+01
     vertex -2.001422e+00  2.623797e+00  1.130000e+01
     vertex -2.072650e+00  2.567902e+00  1.130000e+01
   endloop
 endfacet
 facet normal  0.000000e+00  0.000000e+00  1.000000e+00
   outer loop
     vertex  2.767202e+00 -1.797942e+00  1.130000e+01
     vertex  2.610007e+00 -2.019372e+00  1.130000e+01
     vertex  2.716836e+00 -1.873180e+00  1.130000e+01
   endloop
 endfacet
 facet normal  0.000000e+00  0.000000e+00  1.000000e+00
   outer loop
     vertex -1.701997e+00  2.827226e+00  1.130000e+01
     vertex -1.778918e+00  2.779469e+00  1.130000e+01
     vertex -1.854501e+00  2.729620e+00  1.130000e+01
   endloop
 endfacet
 facet normal  0.000000e+00  0.000000e+00  1.000000e+00
   outer loop
     vertex -1.623794e+00  2.872855e+00  1.130000e+01
     vertex -1.701997e+00  2.827226e+00  1.130000e+01
     vertex -1.854501e+00  2.729620e+00  1.130000e+01
   endloop
 endfacet
 facet normal  0.000000e+00  0.000000e+00  1.000000e+00
   outer loop
     vertex  2.905659e+00 -1.564336e+00  1.130000e+01
     vertex  2.767202e+00 -1.797942e+00  1.130000e+01
     vertex  2.815485e+00 -1.721349e+00  1.130000e+01
   endloop
 endfacet
 facet normal  0.000000e+00  0.000000e+00  1.000000e+00
   outer loop
     vertex  2.905659e+00 -1.564336e+00  1.130000e+01
     vertex  2.815485e+00 -1.721349e+00  1.130000e+01
     vertex  2.861649e+00 -1.643461e+00  1.130000e+01
   endloop
 endfacet
 facet normal  0.000000e+00  0.000000e+00  1.000000e+00
   outer loop
     vertex  2.905659e+00 -1.564336e+00  1.130000e+01
     vertex  2.610007e+00 -2.019372e+00  1.130000e+01
     vertex  2.767202e+00 -1.797942e+00  1.130000e+01
   endloop
 endfacet
 facet normal  0.000000e+00  0.000000e+00  1.000000e+00
   outer loop
     vertex -1.544368e+00  2.916321e+00  1.130000e+01
     vertex -2.072650e+00  2.567902e+00  1.130000e+01
     vertex -2.791606e+00  1.759811e+00  1.130000e+01
   endloop
 endfacet
 facet normal  0.000000e+00  0.000000e+00  1.000000e+00
   outer loop
     vertex -1.544368e+00  2.916321e+00  1.130000e+01
     vertex -1.854501e+00  2.729620e+00  1.130000e+01
     vertex -2.072650e+00  2.567902e+00  1.130000e+01
   endloop
 endfacet
 facet normal  0.000000e+00  0.000000e+00  1.000000e+00
   outer loop
     vertex -1.544368e+00  2.916321e+00  1.130000e+01
     vertex -1.623794e+00  2.872855e+00  1.130000e+01
     vertex -1.854501e+00  2.729620e+00  1.130000e+01
   endloop
 endfacet
 facet normal  0.000000e+00  0.000000e+00  1.000000e+00
   outer loop
     vertex  2.987085e+00 -1.402613e+00  1.130000e+01
     vertex  2.905659e+00 -1.564336e+00  1.130000e+01
     vertex  2.947481e+00 -1.484033e+00  1.130000e+01
   endloop
 endfacet
 facet normal  0.000000e+00  0.000000e+00  1.000000e+00
   outer loop
     vertex  2.987085e+00 -1.402613e+00  1.130000e+01
     vertex  2.610007e+00 -2.019372e+00  1.130000e+01
     vertex  2.905659e+00 -1.564336e+00  1.130000e+01
   endloop
 endfacet
 facet normal  0.000000e+00  0.000000e+00  1.000000e+00
   outer loop
     vertex -1.299361e+00  3.033424e+00  1.130000e+01
     vertex -1.382091e+00  2.996636e+00  1.130000e+01
     vertex -1.463781e+00  2.957591e+00  1.130000e+01
   endloop
 endfacet
 facet normal  0.000000e+00  0.000000e+00  1.000000e+00
   outer loop
     vertex -1.299361e+00  3.033424e+00  1.130000e+01
     vertex -1.463781e+00  2.957591e+00  1.130000e+01
     vertex -1.544368e+00  2.916321e+00  1.130000e+01
   endloop
 endfacet
 facet normal  0.000000e+00  0.000000e+00  1.000000e+00
   outer loop
     vertex -1.299361e+00  3.033424e+00  1.130000e+01
     vertex -1.544368e+00  2.916321e+00  1.130000e+01
     vertex -2.791606e+00  1.759811e+00  1.130000e+01
   endloop
 endfacet
 facet normal  0.000000e+00  0.000000e+00  1.000000e+00
   outer loop
     vertex -1.131030e+00  3.100125e+00  1.130000e+01
     vertex -1.299361e+00  3.033424e+00  1.130000e+01
     vertex -2.791606e+00  1.759811e+00  1.130000e+01
   endloop
 endfacet
 facet normal  0.000000e+00  0.000000e+00  1.000000e+00
   outer loop
     vertex -1.131030e+00  3.100125e+00  1.130000e+01
     vertex -1.215653e+00  3.067929e+00  1.130000e+01
     vertex -1.299361e+00  3.033424e+00  1.130000e+01
   endloop
 endfacet
 facet normal  0.000000e+00  0.000000e+00  1.000000e+00
   outer loop
     vertex  3.122741e+00 -1.067000e+00  1.130000e+01
     vertex  3.024440e+00 -1.320138e+00  1.130000e+01
     vertex  3.059518e+00 -1.236668e+00  1.130000e+01
   endloop
 endfacet
 facet normal  0.000000e+00  0.000000e+00  1.000000e+00
   outer loop
     vertex  3.122741e+00 -1.067000e+00  1.130000e+01
     vertex  3.059518e+00 -1.236668e+00  1.130000e+01
     vertex  3.092294e+00 -1.152268e+00  1.130000e+01
   endloop
 endfacet
 facet normal  0.000000e+00  0.000000e+00  1.000000e+00
   outer loop
     vertex  3.150838e+00 -9.809289e-01  1.130000e+01
     vertex  2.987085e+00 -1.402613e+00  1.130000e+01
     vertex  3.024440e+00 -1.320138e+00  1.130000e+01
   endloop
 endfacet
 facet normal  0.000000e+00  0.000000e+00  1.000000e+00
   outer loop
     vertex  3.150838e+00 -9.809289e-01  1.130000e+01
     vertex  3.024440e+00 -1.320138e+00  1.130000e+01
     vertex  3.122741e+00 -1.067000e+00  1.130000e+01
   endloop
 endfacet
 facet normal  0.000000e+00  0.000000e+00  1.000000e+00
   outer loop
     vertex  3.239322e+00 -6.299166e-01  1.130000e+01
     vertex  3.199896e+00 -8.066369e-01  1.130000e+01
     vertex  3.220821e+00 -7.185472e-01  1.130000e+01
   endloop
 endfacet
 facet normal  0.000000e+00  0.000000e+00  1.000000e+00
   outer loop
     vertex -5.184693e-01  3.259017e+00  1.130000e+01
     vertex -6.076822e-01  3.243566e+00  1.130000e+01
     vertex -6.964376e-01  3.225674e+00  1.130000e+01
   endloop
 endfacet
 facet normal  0.000000e+00  0.000000e+00  1.000000e+00
   outer loop
     vertex -5.184693e-01  3.259017e+00  1.130000e+01
     vertex -6.964376e-01  3.225674e+00  1.130000e+01
     vertex -7.846688e-01  3.205354e+00  1.130000e+01
   endloop
 endfacet
 facet normal  0.000000e+00  0.000000e+00  1.000000e+00
   outer loop
     vertex -5.184693e-01  3.259017e+00  1.130000e+01
     vertex -7.846688e-01  3.205354e+00  1.130000e+01
     vertex -8.723093e-01  3.182621e+00  1.130000e+01
   endloop
 endfacet
 facet normal  0.000000e+00  0.000000e+00  1.000000e+00
   outer loop
     vertex -5.184693e-01  3.259017e+00  1.130000e+01
     vertex -8.723093e-01  3.182621e+00  1.130000e+01
     vertex -9.592932e-01  3.157492e+00  1.130000e+01
   endloop
 endfacet
 facet normal  0.000000e+00  0.000000e+00  1.000000e+00
   outer loop
     vertex  3.268995e+00 -4.512999e-01  1.130000e+01
     vertex  3.176563e+00 -8.941194e-01  1.130000e+01
     vertex  3.199896e+00 -8.066369e-01  1.130000e+01
   endloop
 endfacet
 facet normal  0.000000e+00  0.000000e+00  1.000000e+00
   outer loop
     vertex  3.268995e+00 -4.512999e-01  1.130000e+01
     vertex  3.239322e+00 -6.299166e-01  1.130000e+01
     vertex  3.255384e+00 -5.408118e-01  1.130000e+01
   endloop
 endfacet
 facet normal  0.000000e+00  0.000000e+00  1.000000e+00
   outer loop
     vertex  3.268995e+00 -4.512999e-01  1.130000e+01
     vertex  3.199896e+00 -8.066369e-01  1.130000e+01
     vertex  3.239322e+00 -6.299166e-01  1.130000e+01
   endloop
 endfacet
 facet normal  0.000000e+00  0.000000e+00  1.000000e+00
   outer loop
     vertex -4.288662e-01  3.272014e+00  1.130000e+01
     vertex -5.184693e-01  3.259017e+00  1.130000e+01
     vertex -9.592932e-01  3.157492e+00  1.130000e+01
   endloop
 endfacet
 facet normal  0.000000e+00  0.000000e+00  1.000000e+00
   outer loop
     vertex -4.288662e-01  3.272014e+00  1.130000e+01
     vertex -9.592932e-01  3.157492e+00  1.130000e+01
     vertex -1.045555e+00  3.129986e+00  1.130000e+01
   endloop
 endfacet
 facet normal  0.000000e+00  0.000000e+00  1.000000e+00
   outer loop
     vertex -4.288662e-01  3.272014e+00  1.130000e+01
     vertex -1.045555e+00  3.129986e+00  1.130000e+01
     vertex -1.131030e+00  3.100125e+00  1.130000e+01
   endloop
 endfacet
 facet normal  0.000000e+00  0.000000e+00  1.000000e+00
   outer loop
     vertex  3.280146e+00 -3.614482e-01  1.130000e+01
     vertex  3.150838e+00 -9.809289e-01  1.130000e+01
     vertex  3.176563e+00 -8.941194e-01  1.130000e+01
   endloop
 endfacet
 facet normal  0.000000e+00  0.000000e+00  1.000000e+00
   outer loop
     vertex  3.280146e+00 -3.614482e-01  1.130000e+01
     vertex  3.176563e+00 -8.941194e-01  1.130000e+01
     vertex  3.268995e+00 -4.512999e-01  1.130000e+01
   endloop
 endfacet
 facet normal  0.000000e+00  0.000000e+00  1.000000e+00
   outer loop
     vertex  3.288827e+00 -2.713245e-01  1.130000e+01
     vertex  2.610007e+00 -2.019372e+00  1.130000e+01
     vertex  2.987085e+00 -1.402613e+00  1.130000e+01
   endloop
 endfacet
 facet normal  0.000000e+00  0.000000e+00  1.000000e+00
   outer loop
     vertex  3.288827e+00 -2.713245e-01  1.130000e+01
     vertex  2.987085e+00 -1.402613e+00  1.130000e+01
     vertex  3.150838e+00 -9.809289e-01  1.130000e+01
   endloop
 endfacet
 facet normal  0.000000e+00  0.000000e+00  1.000000e+00
   outer loop
     vertex  3.288827e+00 -2.713245e-01  1.130000e+01
     vertex  3.150838e+00 -9.809289e-01  1.130000e+01
     vertex  3.280146e+00 -3.614482e-01  1.130000e+01
   endloop
 endfacet
 facet normal  0.000000e+00  0.000000e+00  1.000000e+00
   outer loop
     vertex -2.487590e-01  3.290611e+00  1.130000e+01
     vertex -4.288662e-01  3.272014e+00  1.130000e+01
     vertex -1.131030e+00  3.100125e+00  1.130000e+01
   endloop
 endfacet
 facet normal  0.000000e+00  0.000000e+00  1.000000e+00
   outer loop
     vertex -2.487590e-01  3.290611e+00  1.130000e+01
     vertex -3.389402e-01  3.282548e+00  1.130000e+01
     vertex -4.288662e-01  3.272014e+00  1.130000e+01
   endloop
 endfacet
 facet normal  0.000000e+00  0.000000e+00  1.000000e+00
   outer loop
     vertex  3.298758e+00 -9.053236e-02  1.130000e+01
     vertex  3.288827e+00 -2.713245e-01  1.130000e+01
     vertex  3.295033e+00 -1.809966e-01  1.130000e+01
   endloop
 endfacet
 facet normal  0.000000e+00  0.000000e+00  1.000000e+00
   outer loop
     vertex  2.263575e-02  3.299922e+00  1.130000e+01
     vertex -6.790300e-02  3.299301e+00  1.130000e+01
     vertex -1.583906e-01  3.296197e+00  1.130000e+01
   endloop
 endfacet
 facet normal  0.000000e+00  0.000000e+00  1.000000e+00
   outer loop
     vertex  2.263575e-02  3.299922e+00  1.130000e+01
     vertex -1.583906e-01  3.296197e+00  1.130000e+01
     vertex -2.487590e-01  3.290611e+00  1.130000e+01
   endloop
 endfacet
 facet normal  0.000000e+00  0.000000e+00  1.000000e+00
   outer loop
     vertex  3.295033e+00  1.809966e-01  1.130000e+01
     vertex  3.300000e+00 -8.082669e-16  1.130000e+01
     vertex  3.298758e+00  9.053236e-02  1.130000e+01
   endloop
 endfacet
 facet normal  0.000000e+00  0.000000e+00  1.000000e+00
   outer loop
     vertex  3.295033e+00  1.809966e-01  1.130000e+01
     vertex  3.298758e+00 -9.053236e-02  1.130000e+01
     vertex  3.300000e+00 -8.082669e-16  1.130000e+01
   endloop
 endfacet
 facet normal  0.000000e+00  0.000000e+00  1.000000e+00
   outer loop
     vertex  3.295033e+00  1.809966e-01  1.130000e+01
     vertex  3.288827e+00 -2.713245e-01  1.130000e+01
     vertex  3.298758e+00 -9.053236e-02  1.130000e+01
   endloop
 endfacet
 facet normal  0.000000e+00  0.000000e+00  1.000000e+00
   outer loop
     vertex  2.035940e-01  3.293714e+00  1.130000e+01
     vertex  1.131575e-01  3.298059e+00  1.130000e+01
     vertex  2.263575e-02  3.299922e+00  1.130000e+01
   endloop
 endfacet
 facet normal  0.000000e+00  0.000000e+00  1.000000e+00
   outer loop
     vertex  2.938773e-01  3.286889e+00  1.130000e+01
     vertex  2.035940e-01  3.293714e+00  1.130000e+01
     vertex  2.263575e-02  3.299922e+00  1.130000e+01
   endloop
 endfacet
 facet normal  0.000000e+00  0.000000e+00  1.000000e+00
   outer loop
     vertex  3.255384e+00  5.408118e-01  1.130000e+01
     vertex  3.295033e+00  1.809966e-01  1.130000e+01
     vertex  3.288827e+00  2.713245e-01  1.130000e+01
   endloop
 endfacet
 facet normal  0.000000e+00  0.000000e+00  1.000000e+00
   outer loop
     vertex  3.255384e+00  5.408118e-01  1.130000e+01
     vertex  3.288827e+00  2.713245e-01  1.130000e+01
     vertex  3.280146e+00  3.614482e-01  1.130000e+01
   endloop
 endfacet
 facet normal  0.000000e+00  0.000000e+00  1.000000e+00
   outer loop
     vertex  3.255384e+00  5.408118e-01  1.130000e+01
     vertex  3.280146e+00  3.614482e-01  1.130000e+01
     vertex  3.268995e+00  4.512999e-01  1.130000e+01
   endloop
 endfacet
 facet normal  0.000000e+00  0.000000e+00  1.000000e+00
   outer loop
     vertex  3.255384e+00  5.408118e-01  1.130000e+01
     vertex  3.288827e+00 -2.713245e-01  1.130000e+01
     vertex  3.295033e+00  1.809966e-01  1.130000e+01
   endloop
 endfacet
 facet normal  0.000000e+00  0.000000e+00  1.000000e+00
   outer loop
     vertex  6.521213e-01  3.234925e+00  1.130000e+01
     vertex  5.631288e-01  3.251597e+00  1.130000e+01
     vertex  4.737123e-01  3.265823e+00  1.130000e+01
   endloop
 endfacet
 facet normal  0.000000e+00  0.000000e+00  1.000000e+00
   outer loop
     vertex  6.521213e-01  3.234925e+00  1.130000e+01
     vertex  4.737123e-01  3.265823e+00  1.130000e+01
     vertex  3.839393e-01  3.277589e+00  1.130000e+01
   endloop
 endfacet
 facet normal  0.000000e+00  0.000000e+00  1.000000e+00
   outer loop
     vertex  6.521213e-01  3.234925e+00  1.130000e+01
     vertex  3.839393e-01  3.277589e+00  1.130000e+01
     vertex  2.938773e-01  3.286889e+00  1.130000e+01
   endloop
 endfacet
 facet normal  0.000000e+00  0.000000e+00  1.000000e+00
   outer loop
     vertex  6.521213e-01  3.234925e+00  1.130000e+01
     vertex  2.263575e-02  3.299922e+00  1.130000e+01
     vertex -2.487590e-01  3.290611e+00  1.130000e+01
   endloop
 endfacet
 facet normal  0.000000e+00  0.000000e+00  1.000000e+00
   outer loop
     vertex  6.521213e-01  3.234925e+00  1.130000e+01
     vertex  2.938773e-01  3.286889e+00  1.130000e+01
     vertex  2.263575e-02  3.299922e+00  1.130000e+01
   endloop
 endfacet
 facet normal  0.000000e+00  0.000000e+00  1.000000e+00
   outer loop
     vertex  3.199896e+00  8.066369e-01  1.130000e+01
     vertex  3.239322e+00  6.299166e-01  1.130000e+01
     vertex  3.220821e+00  7.185472e-01  1.130000e+01
   endloop
 endfacet
 facet normal  0.000000e+00  0.000000e+00  1.000000e+00
   outer loop
     vertex  8.285670e-01  3.194288e+00  1.130000e+01
     vertex  7.406229e-01  3.215817e+00  1.130000e+01
     vertex  6.521213e-01  3.234925e+00  1.130000e+01
   endloop
 endfacet
 facet normal  0.000000e+00  0.000000e+00  1.000000e+00
   outer loop
     vertex  1.002518e+00  3.144035e+00  1.130000e+01
     vertex  8.285670e-01  3.194288e+00  1.130000e+01
     vertex  6.521213e-01  3.234925e+00  1.130000e+01
   endloop
 endfacet
 facet normal  0.000000e+00  0.000000e+00  1.000000e+00
   outer loop
     vertex  1.002518e+00  3.144035e+00  1.130000e+01
     vertex  9.158874e-01  3.170355e+00  1.130000e+01
     vertex  8.285670e-01  3.194288e+00  1.130000e+01
   endloop
 endfacet
 facet normal  0.000000e+00  0.000000e+00  1.000000e+00
   outer loop
     vertex  3.092294e+00  1.152268e+00  1.130000e+01
     vertex  3.239322e+00  6.299166e-01  1.130000e+01
     vertex  3.199896e+00  8.066369e-01  1.130000e+01
   endloop
 endfacet
 facet normal  0.000000e+00  0.000000e+00  1.000000e+00
   outer loop
     vertex  3.092294e+00  1.152268e+00  1.130000e+01
     vertex  3.199896e+00  8.066369e-01  1.130000e+01
     vertex  3.176563e+00  8.941194e-01  1.130000e+01
   endloop
 endfacet
 facet normal  0.000000e+00  0.000000e+00  1.000000e+00
   outer loop
     vertex  3.092294e+00  1.152268e+00  1.130000e+01
     vertex  3.176563e+00  8.941194e-01  1.130000e+01
     vertex  3.150838e+00  9.809289e-01  1.130000e+01
   endloop
 endfacet
 facet normal  0.000000e+00  0.000000e+00  1.000000e+00
   outer loop
     vertex  3.092294e+00  1.152268e+00  1.130000e+01
     vertex  3.150838e+00  9.809289e-01  1.130000e+01
     vertex  3.122741e+00  1.067000e+00  1.130000e+01
   endloop
 endfacet
 facet normal  0.000000e+00  0.000000e+00  1.000000e+00
   outer loop
     vertex  1.257625e+00  3.050964e+00  1.130000e+01
     vertex  1.173452e+00  3.084317e+00  1.130000e+01
     vertex  1.088395e+00  3.115349e+00  1.130000e+01
   endloop
 endfacet
 facet normal  0.000000e+00  0.000000e+00  1.000000e+00
   outer loop
     vertex  1.257625e+00  3.050964e+00  1.130000e+01
     vertex  1.088395e+00  3.115349e+00  1.130000e+01
     vertex  1.002518e+00  3.144035e+00  1.130000e+01
   endloop
 endfacet
 facet normal  0.000000e+00  0.000000e+00  1.000000e+00
   outer loop
     vertex  1.423070e+00  2.977394e+00  1.130000e+01
     vertex  1.002518e+00  3.144035e+00  1.130000e+01
     vertex  6.521213e-01  3.234925e+00  1.130000e+01
   endloop
 endfacet
 facet normal  0.000000e+00  0.000000e+00  1.000000e+00
   outer loop
     vertex  1.423070e+00  2.977394e+00  1.130000e+01
     vertex  1.340852e+00  3.015313e+00  1.130000e+01
     vertex  1.257625e+00  3.050964e+00  1.130000e+01
   endloop
 endfacet
 facet normal  0.000000e+00  0.000000e+00  1.000000e+00
   outer loop
     vertex  1.423070e+00  2.977394e+00  1.130000e+01
     vertex  1.257625e+00  3.050964e+00  1.130000e+01
     vertex  1.002518e+00  3.144035e+00  1.130000e+01
   endloop
 endfacet
 facet normal  0.000000e+00  0.000000e+00  1.000000e+00
   outer loop
     vertex  2.947481e+00  1.484033e+00  1.130000e+01
     vertex  3.239322e+00  6.299166e-01  1.130000e+01
     vertex  3.092294e+00  1.152268e+00  1.130000e+01
   endloop
 endfacet
 facet normal  0.000000e+00  0.000000e+00  1.000000e+00
   outer loop
     vertex  2.947481e+00  1.484033e+00  1.130000e+01
     vertex  3.255384e+00  5.408118e-01  1.130000e+01
     vertex  3.239322e+00  6.299166e-01  1.130000e+01
   endloop
 endfacet
 facet normal  0.000000e+00  0.000000e+00  1.000000e+00
   outer loop
     vertex  2.947481e+00  1.484033e+00  1.130000e+01
     vertex  3.092294e+00  1.152268e+00  1.130000e+01
     vertex  3.059518e+00  1.236668e+00  1.130000e+01
   endloop
 endfacet
 facet normal  0.000000e+00  0.000000e+00  1.000000e+00
   outer loop
     vertex  2.947481e+00  1.484033e+00  1.130000e+01
     vertex  3.059518e+00  1.236668e+00  1.130000e+01
     vertex  3.024440e+00  1.320138e+00  1.130000e+01
   endloop
 endfacet
 facet normal  0.000000e+00  0.000000e+00  1.000000e+00
   outer loop
     vertex  2.947481e+00  1.484033e+00  1.130000e+01
     vertex  3.024440e+00  1.320138e+00  1.130000e+01
     vertex  2.987085e+00  1.402613e+00  1.130000e+01
   endloop
 endfacet
 facet normal  0.000000e+00  0.000000e+00  1.000000e+00
   outer loop
     vertex  2.947481e+00  1.484033e+00  1.130000e+01
     vertex  3.288827e+00 -2.713245e-01  1.130000e+01
     vertex  3.255384e+00  5.408118e-01  1.130000e+01
   endloop
 endfacet
 facet normal  0.000000e+00  0.000000e+00  1.000000e+00
   outer loop
     vertex  1.504216e+00  2.937232e+00  1.130000e+01
     vertex  1.423070e+00  2.977394e+00  1.130000e+01
     vertex  6.521213e-01  3.234925e+00  1.130000e+01
   endloop
 endfacet
 facet normal  0.000000e+00  0.000000e+00  1.000000e+00
   outer loop
     vertex  1.663052e+00  2.850309e+00  1.130000e+01
     vertex  1.584230e+00  2.894860e+00  1.130000e+01
     vertex  1.504216e+00  2.937232e+00  1.130000e+01
   endloop
 endfacet
 facet normal  0.000000e+00  0.000000e+00  1.000000e+00
   outer loop
     vertex  1.663052e+00  2.850309e+00  1.130000e+01
     vertex  1.504216e+00  2.937232e+00  1.130000e+01
     vertex  6.521213e-01  3.234925e+00  1.130000e+01
   endloop
 endfacet
 facet normal  0.000000e+00  0.000000e+00  1.000000e+00
   outer loop
     vertex  2.815485e+00  1.721349e+00  1.130000e+01
     vertex  2.947481e+00  1.484033e+00  1.130000e+01
     vertex  2.905659e+00  1.564336e+00  1.130000e+01
   endloop
 endfacet
 facet normal  0.000000e+00  0.000000e+00  1.000000e+00
   outer loop
     vertex  2.815485e+00  1.721349e+00  1.130000e+01
     vertex  2.905659e+00  1.564336e+00  1.130000e+01
     vertex  2.861649e+00  1.643461e+00  1.130000e+01
   endloop
 endfacet
 facet normal  0.000000e+00  0.000000e+00  1.000000e+00
   outer loop
     vertex  1.740621e+00  2.803612e+00  1.130000e+01
     vertex  1.663052e+00  2.850309e+00  1.130000e+01
     vertex  6.521213e-01  3.234925e+00  1.130000e+01
   endloop
 endfacet
 facet normal  0.000000e+00  0.000000e+00  1.000000e+00
   outer loop
     vertex  2.716836e+00  1.873180e+00  1.130000e+01
     vertex  2.815485e+00  1.721349e+00  1.130000e+01
     vertex  2.767202e+00  1.797942e+00  1.130000e+01
   endloop
 endfacet
 facet normal  0.000000e+00  0.000000e+00  1.000000e+00
   outer loop
     vertex  1.891772e+00  2.703923e+00  1.130000e+01
     vertex  1.816880e+00  2.754804e+00  1.130000e+01
     vertex  1.740621e+00  2.803612e+00  1.130000e+01
   endloop
 endfacet
 facet normal  0.000000e+00  0.000000e+00  1.000000e+00
   outer loop
     vertex  2.664424e+00  1.947009e+00  1.130000e+01
     vertex  2.947481e+00  1.484033e+00  1.130000e+01
     vertex  2.815485e+00  1.721349e+00  1.130000e+01
   endloop
 endfacet
 facet normal  0.000000e+00  0.000000e+00  1.000000e+00
   outer loop
     vertex  2.664424e+00  1.947009e+00  1.130000e+01
     vertex  2.815485e+00  1.721349e+00  1.130000e+01
     vertex  2.716836e+00  1.873180e+00  1.130000e+01
   endloop
 endfacet
 facet normal  0.000000e+00  0.000000e+00  1.000000e+00
   outer loop
     vertex  1.965239e+00  2.651006e+00  1.130000e+01
     vertex  1.891772e+00  2.703923e+00  1.130000e+01
     vertex  1.740621e+00  2.803612e+00  1.130000e+01
   endloop
 endfacet
 facet normal  0.000000e+00  0.000000e+00  1.000000e+00
   outer loop
     vertex  2.107682e+00  2.539227e+00  1.130000e+01
     vertex  2.037228e+00  2.596094e+00  1.130000e+01
     vertex  1.965239e+00  2.651006e+00  1.130000e+01
   endloop
 endfacet
 facet normal  0.000000e+00  0.000000e+00  1.000000e+00
   outer loop
     vertex  2.107682e+00  2.539227e+00  1.130000e+01
     vertex  1.965239e+00  2.651006e+00  1.130000e+01
     vertex  1.740621e+00  2.803612e+00  1.130000e+01
   endloop
 endfacet
 facet normal  0.000000e+00  0.000000e+00  1.000000e+00
   outer loop
     vertex  2.495321e+00  2.159485e+00  1.130000e+01
     vertex  2.664424e+00  1.947009e+00  1.130000e+01
     vertex  2.610007e+00  2.019372e+00  1.130000e+01
   endloop
 endfacet
 facet normal  0.000000e+00  0.000000e+00  1.000000e+00
   outer loop
     vertex  2.495321e+00  2.159485e+00  1.130000e+01
     vertex  2.610007e+00  2.019372e+00  1.130000e+01
     vertex  2.553625e+00  2.090215e+00  1.130000e+01
   endloop
 endfacet
 facet normal  0.000000e+00  0.000000e+00  1.000000e+00
   outer loop
     vertex  2.495321e+00  2.159485e+00  1.130000e+01
     vertex  2.947481e+00  1.484033e+00  1.130000e+01
     vertex  2.664424e+00  1.947009e+00  1.130000e+01
   endloop
 endfacet
 facet normal  0.000000e+00  0.000000e+00  1.000000e+00
   outer loop
     vertex  2.176550e+00  2.480449e+00  1.130000e+01
     vertex  2.107682e+00  2.539227e+00  1.130000e+01
     vertex  1.740621e+00  2.803612e+00  1.130000e+01
   endloop
 endfacet
 facet normal  0.000000e+00  0.000000e+00  1.000000e+00
   outer loop
     vertex  2.373122e+00  2.293096e+00  1.130000e+01
     vertex -1.131030e+00  3.100125e+00  1.130000e+01
     vertex -2.791606e+00  1.759811e+00  1.130000e+01
   endloop
 endfacet
 facet normal  0.000000e+00  0.000000e+00  1.000000e+00
   outer loop
     vertex  2.373122e+00  2.293096e+00  1.130000e+01
     vertex  1.663052e+00 -2.850309e+00  1.130000e+01
     vertex  2.309320e+00 -2.357337e+00  1.130000e+01
   endloop
 endfacet
 facet normal  0.000000e+00  0.000000e+00  1.000000e+00
   outer loop
     vertex  2.373122e+00  2.293096e+00  1.130000e+01
     vertex -2.791606e+00  1.759811e+00  1.130000e+01
     vertex -6.964376e-01 -3.225674e+00  1.130000e+01
   endloop
 endfacet
 facet normal  0.000000e+00  0.000000e+00  1.000000e+00
   outer loop
     vertex  2.373122e+00  2.293096e+00  1.130000e+01
     vertex  2.263575e-02 -3.299922e+00  1.130000e+01
     vertex  1.663052e+00 -2.850309e+00  1.130000e+01
   endloop
 endfacet
 facet normal  0.000000e+00  0.000000e+00  1.000000e+00
   outer loop
     vertex  2.373122e+00  2.293096e+00  1.130000e+01
     vertex  2.495321e+00  2.159485e+00  1.130000e+01
     vertex  2.435138e+00  2.227129e+00  1.130000e+01
   endloop
 endfacet
 facet normal  0.000000e+00  0.000000e+00  1.000000e+00
   outer loop
     vertex  2.373122e+00  2.293096e+00  1.130000e+01
     vertex -6.964376e-01 -3.225674e+00  1.130000e+01
     vertex  2.263575e-02 -3.299922e+00  1.130000e+01
   endloop
 endfacet
 facet normal  0.000000e+00  0.000000e+00  1.000000e+00
   outer loop
     vertex  2.373122e+00  2.293096e+00  1.130000e+01
     vertex  3.288827e+00 -2.713245e-01  1.130000e+01
     vertex  2.947481e+00  1.484033e+00  1.130000e+01
   endloop
 endfacet
 facet normal  0.000000e+00  0.000000e+00  1.000000e+00
   outer loop
     vertex  2.373122e+00  2.293096e+00  1.130000e+01
     vertex  1.740621e+00  2.803612e+00  1.130000e+01
     vertex  6.521213e-01  3.234925e+00  1.130000e+01
   endloop
 endfacet
 facet normal  0.000000e+00  0.000000e+00  1.000000e+00
   outer loop
     vertex  2.373122e+00  2.293096e+00  1.130000e+01
     vertex  2.610007e+00 -2.019372e+00  1.130000e+01
     vertex  3.288827e+00 -2.713245e-01  1.130000e+01
   endloop
 endfacet
 facet normal  0.000000e+00  0.000000e+00  1.000000e+00
   outer loop
     vertex  2.373122e+00  2.293096e+00  1.130000e+01
     vertex -2.487590e-01  3.290611e+00  1.130000e+01
     vertex -1.131030e+00  3.100125e+00  1.130000e+01
   endloop
 endfacet
 facet normal  0.000000e+00  0.000000e+00  1.000000e+00
   outer loop
     vertex  2.373122e+00  2.293096e+00  1.130000e+01
     vertex  2.309320e+00 -2.357337e+00  1.130000e+01
     vertex  2.610007e+00 -2.019372e+00  1.130000e+01
   endloop
 endfacet
 facet normal  0.000000e+00  0.000000e+00  1.000000e+00
   outer loop
     vertex  2.373122e+00  2.293096e+00  1.130000e+01
     vertex  2.947481e+00  1.484033e+00  1.130000e+01
     vertex  2.495321e+00  2.159485e+00  1.130000e+01
   endloop
 endfacet
 facet normal  0.000000e+00  0.000000e+00  1.000000e+00
   outer loop
     vertex  2.373122e+00  2.293096e+00  1.130000e+01
     vertex  6.521213e-01  3.234925e+00  1.130000e+01
     vertex -2.487590e-01  3.290611e+00  1.130000e+01
   endloop
 endfacet
 facet normal  0.000000e+00  0.000000e+00  1.000000e+00
   outer loop
     vertex  2.373122e+00  2.293096e+00  1.130000e+01
     vertex  2.176550e+00  2.480449e+00  1.130000e+01
     vertex  1.740621e+00  2.803612e+00  1.130000e+01
   endloop
 endfacet
 facet normal  0.000000e+00  0.000000e+00  1.000000e+00
   outer loop
     vertex  2.309320e+00  2.357337e+00  1.130000e+01
     vertex  2.176550e+00  2.480449e+00  1.130000e+01
     vertex  2.373122e+00  2.293096e+00  1.130000e+01
   endloop
 endfacet
 facet normal  0.000000e+00  0.000000e+00  1.000000e+00
   outer loop
     vertex  2.309320e+00  2.357337e+00  1.130000e+01
     vertex  2.243780e+00  2.419804e+00  1.130000e+01
     vertex  2.176550e+00  2.480449e+00  1.130000e+01
   endloop
 endfacet
endsolid
