sample_index,t_s,ur_fx_n,ur_fy_n,ur_fz_n,ur_tx_nm,ur_ty_nm,ur_tz_nm,ur_vx_mps,ur_vy_mps,ur_vz_mps,ur_wx_radps,ur_wy_radps,ur_wz_radps,urcap_fx_n,urcap_fy_n,urcap_fz_n,urcap_tx_nm,urcap_ty_nm,urcap_tz_nm
0,0.006349957,0.0142328761351,-3.82036113634,-8.84098583074,0.141494970258,-0.00933033734727,0.00215826300916,0,0,0,0,0,0,0.101582,0.118672000001,-0.0633389999981,0.001367,0.00465200000003,-0.00171699999993
1,0.007636835,-0.56703218686,-4.22746333939,-9.06731200412,0.144458147769,-0.0284127036073,0.00687275578964,0,0,0,0,0,0,0.121582,0.0986720000021,-0.133338999998,0.001367,0.00165200000001,-0.000716999999974
2,0.009661963,-0.329418982374,-4.06565844948,-9.16626189387,0.152626539679,-0.0131672091097,0.00291233960872,0,0,0,0,0,0,0.121582,0.0986720000021,-0.133338999998,0.001367,0.00165200000001,-0.000716999999974
3,0.011638420,0.196411351594,-4.10710484553,-9.15007362139,0.150825259289,-0.00347094397518,-0.00122432768874,0,0,0,0,0,0,0.121582,0.0986720000021,-0.133338999998,0.001367,0.00165200000001,-0.000716999999974
4,0.013620878,-0.542522137724,-3.9201046256,-9.14473709126,0.142048055026,-0.0194500258487,-0.000778412630268,0,0,0,0,0,0,0.121582,0.0986720000021,-0.133338999998,0.001367,0.00165200000001,-0.000716999999974
5,0.015650685,0.338549496481,-3.85801689454,-9.33573433473,0.142677214094,-0.00179082279257,0.00128066165869,0,0,0,0,0,0,0.061582,0.0886720000002,-0.0133399999986,0.005367,0.00565200000003,-0.00171699999991
6,0.017642190,-0.278334151626,-4.08391491129,-9.08702711276,0.154673582883,-0.0208289753003,0.00672499272767,0,0,0,0,0,0,0.061582,0.0886720000002,-0.0133399999986,0.005367,0.00565200000003,-0.00171699999991
7,0.019641099,0.0468738275141,-4.03511533694,-9.13132361466,0.153053601945,-0.0108486112934,0.00088591542044,0,0,0,0,0,0,0.061582,0.0886720000002,-0.0133399999986,0.005367,0.00565200000003,-0.00171699999991
8,0.021635440,-0.0478348136756,-3.69017613839,-9.28712685548,0.133237737388,-0.00670933231569,-0.00720049636646,0,0,0,0,0,0,0.061582,0.0886720000002,-0.0133399999986,0.005367,0.00565200000003,-0.00171699999991
9,0.023638968,0.107266648398,-4.29657142141,-9.12786940997,0.151697415785,0.00144140334024,0.000911933279136,0,0,0,0,0,0,0.121582,0.128672000004,-0.223338999998,0.000367,0.00265200000001,-0.000716999999958
10,0.025646032,-0.196490814617,-3.88655215323,-8.91602010868,0.143064771048,-0.021614804871,-0.000465799462066,0,0,0,0,0,0,0.121582,0.128672000004,-0.223338999998,0.000367,0.00265200000001,-0.000716999999958
11,0.027628711,0.017672983588,-3.85450482417,-9.20792423084,0.154135308814,-0.0158405700433,0.00995229233212,0,0,0,0,0,0,0.121582,0.128672000004,-0.223338999998,0.000367,0.00265200000001,-0.000716999999958
12,0.029637018,0.240655025657,-3.85360525282,-9.31886866383,0.150963347367,-0.00704974824667,0.0104878346264,0,0,0,0,0,0,0.121582,0.128672000004,-0.223338999998,0.000367,0.00265200000001,-0.000716999999958
13,0.031641076,-0.293317460178,-3.62762273246,-9.62502786982,0.138976273308,-0.0167124154144,0.0102453063618,0,0,0,0,0,0,0.121582,0.128672000002,-0.153338999998,0.000367,0.00465200000003,-0.00171699999993
14,0.033658480,-0.171956451111,-3.86620056306,-9.26091346232,0.133030537448,-0.0120746122433,0.00956761049392,0,0,0,0,0,0,0.121582,0.128672000002,-0.153338999998,0.000367,0.00465200000003,-0.00171699999993
15,0.035681053,0.238200896387,-4.05047423733,-9.11836044189,0.140891617079,0.00874975226456,0.00184528356376,0,0,0,0,0,0,0.121582,0.128672000002,-0.153338999998,0.000367,0.00465200000003,-0.00171699999993
16,0.037653233,0.124948256447,-3.98807683265,-9.30583223308,0.141733217306,-0.00257565296402,-0.00177155112268,0,0,0,0,0,0,0.121582,0.128672000002,-0.153338999998,0.000367,0.00465200000003,-0.00171699999993
17,0.039647583,-0.268564925748,-4.24825814049,-9.0322489054,0.155944124743,-0.0288238434386,0.0102712460616,0,0,0,0,0,0,0.051582,0.0786720000002,-0.0133399999987,0.005367,0.00865200000008,-0.00471699999986
18,0.041637405,0.16383223865,-4.3941203811,-9.17271169194,0.156259110745,-0.00572987550714,0.00585676154793,0,0,0,0,0,0,0.051582,0.0786720000002,-0.0133399999987,0.005367,0.00865200000008,-0.00471699999986
19,0.043627899,-0.110119414863,-3.82930367196,-9.10578520092,0.137909388695,-0.0122210271068,0.00357595633512,0,0,0,0,0,0,0.051582,0.0786720000002,-0.0133399999987,0.005367,0.00865200000008,-0.00471699999986
20,0.045626748,0.188093379555,-4.09715574195,-9.08767881087,0.14662630546,-0.00143538493818,-0.00725801046668,0,0,0,0,0,0,0.051582,0.0786720000002,-0.0133399999987,0.005367,0.00865200000008,-0.00471699999986
21,0.047629204,-0.297819269592,-3.78338420042,-9.23785877145,0.126876103985,-0.0149329482942,-0.0027801092202,0,0,0,0,0,0,0.081582,0.108672000001,-0.0933399999983,0.001367,0.00465200000003,-0.00171699999993
22,0.049637941,0.0405547724423,-4.125219683,-8.86836506754,0.146640945958,-0.0105890028151,0.00739541306269,0,0,0,0,0,0,0.081582,0.108672000001,-0.0933399999983,0.001367,0.00465200000003,-0.00171699999993
23,0.051631630,-0.146005463726,-3.98890501138,-9.07776196623,0.139452058984,-0.00542175800842,-0.00348188369766,0,0,0,0,0,0,0.081582,0.108672000001,-0.0933399999983,0.001367,0.00465200000003,-0.00171699999993
24,0.053647902,-0.430899368909,-3.98327322969,-8.75297312801,0.147786105567,-0.0317667915214,0.000493968642877,0,0,0,0,0,0,0.081582,0.108672000001,-0.0933399999983,0.001367,0.00465200000003,-0.00171699999993
25,0.055641471,-0.280851078759,-3.86203747947,-9.06083992798,0.142769294904,-0.0180687489564,0.00903034674135,0,0,0,0,0,0,0.091582,0.0986720000002,-0.0133399999984,0.000367,0.000652000000027,-0.00171699999999
26,0.057635922,0.195393528443,-4.18746753131,-8.91908164185,0.159205295532,-0.0140585768166,-0.00089823267346,0,0,0,0,0,0,0.091582,0.0986720000002,-0.0133399999984,0.000367,0.000652000000027,-0.00171699999999
27,0.059689884,-0.213283398504,-4.04184834486,-9.21296339074,0.150141912352,-0.0130634699235,0.00685956191982,0,0,0,0,0,0,0.091582,0.0986720000002,-0.0133399999984,0.000367,0.000652000000027,-0.00171699999999
28,0.061673524,-0.276894417545,-4.14328403666,-8.90832553839,0.15032621117,-0.00449785375791,0.000508043835277,0,0,0,0,0,0,0.091582,0.0986720000002,-0.0133399999984,0.000367,0.000652000000027,-0.00171699999999
29,0.063643529,-0.389821773397,-4.07682200887,-9.16827114155,0.149399909386,-0.0130342842518,0.0080940695821,0,0,0,0,0,0,0.071582,0.118672000001,-0.0533389999981,0.003367,0.00565200000006,-0.00371699999991
30,0.065638421,-0.554536282095,-3.93879759192,-8.89268133128,0.151064538459,-0.0221491200885,-0.00255868691149,0,0,0,0,0,0,0.071582,0.118672000001,-0.0533389999981,0.003367,0.00565200000006,-0.00371699999991
31,0.067623434,-0.434540100184,-4.29309047245,-8.89332958891,0.153009127411,-0.0160640176727,0.00493006683131,0,0,0,0,0,0,0.071582,0.118672000001,-0.0533389999981,0.003367,0.00565200000006,-0.00371699999991
32,0.069624037,-0.271340420343,-3.88851866064,-9.13180832854,0.145973821587,-0.012387465282,-0.00144505677202,0,0,0,0,0,0,0.071582,0.118672000001,-0.0533389999981,0.003367,0.00565200000006,-0.00371699999991
33,0.071635149,-0.0510443096328,-3.76287669063,-9.04882273828,0.142053642128,-0.0164544858986,-0.0051946278554,0,0,0,0,0,0,0.081582,0.108672,-0.00333999999826,-0.000633,0.00365200000003,-0.00171699999994
34,0.073607408,-0.229297857183,-3.86779144613,-8.92068555358,0.153970308513,-0.0264250858493,0.00644397439092,0,0,0,0,0,0,0.081582,0.108672,-0.00333999999826,-0.000633,0.00365200000003,-0.00171699999994
35,0.075611186,-0.024459162173,-3.81720533039,-9.48808147406,0.132009345976,0.00151781581813,-0.00494698333312,0,0,0,0,0,0,0.081582,0.108672,-0.00333999999826,-0.000633,0.00365200000003,-0.00171699999994
36,0.077614994,-0.424093987218,-3.59584427682,-9.33170244726,0.117688099616,-0.00173637379017,-0.0038145351286,0,0,0,0,0,0,0.081582,0.108672,-0.00333999999826,-0.000633,0.00365200000003,-0.00171699999994
37,0.079633199,-0.123045247195,-4.22060479577,-8.84462323233,0.157503571835,-0.0133222818905,0.00277421790614,0,0,0,0,0,0,0.111582,0.148671999998,0.116661000002,-0.004633,-0.00434800000004,0.00228299999993
38,0.081646095,-0.195992943799,-4.08241850444,-9.02903507015,0.147956494296,-0.0209341887353,0.00490713474954,0,0,0,0,0,0,0.111582,0.148671999998,0.116661000002,-0.004633,-0.00434800000004,0.00228299999993
39,0.083634053,-0.62526757485,-4.07315837286,-9.22738184667,0.146800388616,-0.0167462499434,0.00182904810229,0,0,0,0,0,0,0.111582,0.148671999998,0.116661000002,-0.004633,-0.00434800000004,0.00228299999993
40,0.085631450,0.247664638798,-3.88953442583,-9.33726629012,0.132985611493,0.00803564844107,-0.00360546276566,0,0,0,0,0,0,0.111582,0.148671999998,0.116661000002,-0.004633,-0.00434800000004,0.00228299999993
41,0.087638674,0.365585054015,-4.22816975247,-9.00678757053,0.147877553177,0.0124789212845,0.00376786956753,0,0,0,0,0,0,0.141582,0.158672000001,-0.0733389999975,-0.004633,-0.00334800000004,0.00228299999995
42,0.089630360,-0.111515413298,-3.69745505239,-9.12308453491,0.131451522162,-0.0126628901693,0.00306524107783,0,0,0,0,0,0,0.141582,0.158672000001,-0.0733389999975,-0.004633,-0.00334800000004,0.00228299999995
43,0.091630050,0.0969732371508,-3.82841816848,-9.38199277724,0.13501132692,-0.00130749683602,-0.00393306781286,0,0,0,0,0,0,0.141582,0.158672000001,-0.0733389999975,-0.004633,-0.00334800000004,0.00228299999995
44,0.093632045,-0.245965559992,-4.00963217464,-9.32202998977,0.146985439199,0.00322592319303,-0.0040418862733,0,0,0,0,0,0,0.141582,0.158672000001,-0.0733389999975,-0.004633,-0.00334800000004,0.00228299999995
45,0.095635503,-0.0185297754831,-3.52278426447,-9.30359475299,0.12013028385,-0.000250341406701,-0.0063626335079,0,0,0,0,0,0,0.191582,0.148671999998,0.116661000002,-0.007633,-0.00834800000005,0.00328299999987
46,0.097626007,-0.0245805020381,-3.67069746286,-9.28389982099,0.12364425364,0.00677119785329,0.000420326766785,0,0,0,0,0,0,0.191582,0.148671999998,0.116661000002,-0.007633,-0.00834800000005,0.00328299999987
47,0.099630877,0.0942575395337,-4.00630134788,-9.55385532348,0.12877825469,0.00457006310756,0.00699825916772,0,0,0,0,0,0,0.191582,0.148671999998,0.116661000002,-0.007633,-0.00834800000005,0.00328299999987
48,0.101636208,-0.0828049584368,-3.80768847152,-9.40253772801,0.133488753938,-0.00556707502825,0.00353539814659,0,0,0,0,0,0,0.191582,0.148671999998,0.116661000002,-0.007633,-0.00834800000005,0.00328299999987
49,0.103688116,-0.0945570424147,-3.84861594602,-9.24221382265,0.135260123073,-0.00144773335748,-0.000453255934496,0,0,0,0,0,0,0.111582,0.118672,-0.0033399999981,-0.000633,-0.001348,0.000282999999978
50,0.105645447,0.165298488284,-4.13797009375,-9.21795722627,0.144632428928,0.00552264812949,-0.00614007221055,0,0,0,0,0,0,0.111582,0.118672,-0.0033399999981,-0.000633,-0.001348,0.000282999999978
51,0.107630450,-0.465211754293,-3.72109193004,-9.22096772575,0.133844754791,-0.0121577997858,-0.00143590382226,0,0,0,0,0,0,0.111582,0.118672,-0.0033399999981,-0.000633,-0.001348,0.000282999999978
52,0.109648115,-0.761283670402,-3.95669427049,-9.08614768453,0.140452643847,-0.026118290534,0.000102748982741,0,0,0,0,0,0,0.111582,0.118672,-0.0033399999981,-0.000633,-0.001348,0.000282999999978
53,0.111649067,-0.0458118151678,-3.92678634167,-9.18905858866,0.14065053553,-0.0154785987458,-0.00640886817759,0,0,0,0,0,0,0.091582,0.0986720000015,-0.0933399999984,0.005367,0.00365200000004,-0.00271699999994
54,0.113635002,-0.349242756619,-3.9955915773,-9.26428337531,0.137307572048,-0.00664117239083,0.000133187730541,0,0,0,0,0,0,0.091582,0.0986720000015,-0.0933399999984,0.005367,0.00365200000004,-0.00271699999994
55,0.115634112,-0.104082199331,-3.8988577778,-9.35425391401,0.138929642635,-0.00858626491824,0.00108205524307,0,0,0,0,0,0,0.091582,0.0986720000015,-0.0933399999984,0.005367,0.00365200000004,-0.00271699999994
56,0.117620257,0.0711994934757,-3.85223928598,-9.14947098224,0.125224640847,-0.00304600606124,0.00609124000685,0,0,0,0,0,0,0.091582,0.0986720000015,-0.0933399999984,0.005367,0.00365200000004,-0.00271699999994
57,0.119632812,-0.14171028946,-4.07705912004,-9.10805466978,0.146687921251,-0.00411487813935,0.0053356561401,0,0,0,0,0,0,0.071582,0.118672000002,-0.113339999998,0.005367,0.00465200000004,-0.00271699999993
58,0.121637171,-0.524607729662,-3.98005792138,-8.97078774142,0.152340942736,-0.0146716774218,0.0110973794746,0,0,0,0,0,0,0.071582,0.118672000002,-0.113339999998,0.005367,0.00465200000004,-0.00271699999993
59,0.123632414,-0.564247130531,-4.24501632123,-9.21114298457,0.145563482115,-0.00979016538235,0.0109347087455,0,0,0,0,0,0,0.071582,0.118672000002,-0.113339999998,0.005367,0.00465200000004,-0.00271699999993
60,0.125627656,-0.418099698766,-4.03823592941,-9.1732509532,0.148260238763,-0.000386468405525,-0.00241889413756,0,0,0,0,0,0,0.071582,0.118672000002,-0.113339999998,0.005367,0.00465200000004,-0.00271699999993
61,0.127630923,-0.372012545459,-4.09273286602,-8.98150709191,0.136420053122,-0.00275129070316,0.00057835743511,0,0,0,0,0,0,0.151582,0.138672000003,-0.193339999998,-0.001633,-0.000348000000005,0.000282999999994
62,0.129658305,0.0246285401812,-4.19507994386,-8.87061767366,0.145789822734,0.00219960879843,-0.00209012057238,0,0,0,0,0,0,0.151582,0.138672000003,-0.193339999998,-0.001633,-0.000348000000005,0.000282999999994
63,0.131628110,-0.383520845564,-4.21437308123,-9.19408765708,0.136558228802,0.00101561324883,-0.00678356517405,0,0,0,0,0,0,0.151582,0.138672000003,-0.193339999998,-0.001633,-0.000348000000005,0.000282999999994
64,0.133650743,-0.105706425626,-4.24878490732,-8.95612557293,0.161807325108,-0.0189994737476,0.0130152816331,0,0,0,0,0,0,0.151582,0.138672000003,-0.193339999998,-0.001633,-0.000348000000005,0.000282999999994
65,0.135670111,-0.267479670912,-3.90305648291,-8.78147674095,0.141708744264,-0.00924534470295,0.00544864384407,0,0,0,0,0,0,0.071582,0.108672000003,-0.193339999998,0.003367,0.00465200000003,-0.00171699999993
66,0.137652920,-0.434138435279,-4.068132973,-8.53247107191,0.158395288588,-0.0253545987073,0.0130882607486,0,0,0,0,0,0,0.071582,0.108672000003,-0.193339999998,0.003367,0.00465200000003,-0.00171699999993
67,0.139626962,-0.165980906107,-3.95072715557,-8.83760979164,0.154838064674,-0.0145136149638,0.0114435823374,0,0,0,0,0,0,0.071582,0.108672000003,-0.193339999998,0.003367,0.00465200000003,-0.00171699999993
68,0.141645138,-0.34315185835,-3.94850652262,-8.65629699348,0.155975293955,-0.0226217208124,0.00984841354339,0,0,0,0,0,0,0.071582,0.108672000003,-0.193339999998,0.003367,0.00465200000003,-0.00171699999993
69,0.143634800,-0.0820146352348,-4.39614304732,-8.85691407906,0.168330541751,-0.0216234266482,0.00745774157723,0,0,0,0,0,0,0.071582,0.128672000004,-0.253339999998,0.005367,0.00765200000006,-0.00371699999988
70,0.145647695,-0.377188856819,-4.06289595235,-9.2074715649,0.150195085331,-0.010114500611,0.000137878625579,0,0,0,0,0,0,0.071582,0.128672000004,-0.253339999998,0.005367,0.00765200000006,-0.00371699999988
71,0.147632087,-0.302846502309,-4.05082319544,-9.04035162863,0.140130252887,-0.0107591866209,0.00583712583948,0,0,0,0,0,0,0.071582,0.128672000004,-0.253339999998,0.005367,0.00765200000006,-0.00371699999988
72,0.149619695,0.0720350978456,-4.389797103,-8.91782371017,0.14556938282,0.002844362799,0.00424187918542,0,0,0,0,0,0,0.071582,0.128672000004,-0.253339999998,0.005367,0.00765200000006,-0.00371699999988
73,0.151633271,-0.311902851702,-4.33733008434,-8.88512426225,0.161785246209,-0.00901285382864,0.00531850459124,0,0,0,0,0,0,0.021582,0.088672000002,-0.123340999999,0.006367,0.00765200000004,-0.00271699999988
74,0.153646066,0.183972933141,-4.22533032746,-8.76301010311,0.153650109143,-0.00289241457148,0.00208974134291,0,0,0,0,0,0,0.021582,0.088672000002,-0.123340999999,0.006367,0.00765200000004,-0.00271699999988
75,0.155626982,-0.126808608678,-3.74912824778,-9.00185244892,0.133024270421,-0.00109817308325,0.00565171934984,0,0,0,0,0,0,0.021582,0.088672000002,-0.123340999999,0.006367,0.00765200000004,-0.00271699999988
76,0.157642191,0.0715300008147,-3.79634538104,-8.85253456602,0.138262174707,-0.0132542510459,-0.00137370523717,0,0,0,0,0,0,0.021582,0.088672000002,-0.123340999999,0.006367,0.00765200000004,-0.00271699999988
77,0.159646981,-0.374446044429,-3.90420044547,-9.14372458085,0.137205027724,-0.00846211474369,0.00462245419052,0,0,0,0,0,0,0.061582,0.0986720000012,-0.0733389999984,0.002367,0.00265200000001,-0.000716999999958
78,0.161694722,0.304099312917,-3.83572225894,-9.33101696167,0.141349892771,-0.000699745526873,-0.000562718511381,0,0,0,0,0,0,0.061582,0.0986720000012,-0.0733389999984,0.002367,0.00265200000001,-0.000716999999958
79,0.163645130,-0.44484045674,-3.75973172893,-9.22221441129,0.13767716542,-0.00809412121147,5.90921083834e-05,0,0,0,0,0,0,0.061582,0.0986720000012,-0.0733389999984,0.002367,0.00265200000001,-0.000716999999958
80,0.165636786,-0.10494826539,-3.63279744157,-9.34595649643,0.120413751985,0.00471275609235,0.000398207825798,0,0,0,0,0,0,0.061582,0.0986720000012,-0.0733389999984,0.002367,0.00265200000001,-0.000716999999958
81,0.167641045,-0.168637389172,-3.86183483215,-9.16993766086,0.12950064715,0.00124835773199,0.00332980893534,0,0,0,0,0,0,0.041582,0.088672000002,-0.123340999999,0.006367,0.00665200000006,-0.00371699999989
82,0.169642148,-0.305096341129,-4.07184252207,-8.99048220864,0.145463517839,-0.00438020717141,0.00567979096491,0,0,0,0,0,0,0.041582,0.088672000002,-0.123340999999,0.006367,0.00665200000006,-0.00371699999989
83,0.171630668,0.104002035114,-3.92960894734,-9.17520594984,0.142672479529,-0.00315440506829,0.000898966284176,0,0,0,0,0,0,0.041582,0.088672000002,-0.123340999999,0.006367,0.00665200000006,-0.00371699999989
84,0.173640147,-0.405303856019,-4.17459493038,-8.901784661,0.15277118309,-0.00817583348416,0.0114454574297,0,0,0,0,0,0,0.041582,0.088672000002,-0.123340999999,0.006367,0.00665200000006,-0.00371699999989
85,0.175645789,-0.0418943994305,-4.18962716944,-8.82688298797,0.149203886526,-0.00644373612355,0.00107752442458,0,0,0,0,0,0,0.071582,0.078672000001,-0.0633389999987,0.003367,0.00365200000003,-0.00171699999994
86,0.177650318,0.07275909494,-4.09828399622,-8.9464784115,0.147994156068,-0.0119286624361,0.00656488719174,0,0,0,0,0,0,0.071582,0.078672000001,-0.0633389999987,0.003367,0.00365200000003,-0.00171699999994
87,0.179635982,-0.301515791079,-4.23095780596,-8.94204544904,0.162934010641,-0.0202809067922,0.00689438213846,0,0,0,0,0,0,0.071582,0.078672000001,-0.0633389999987,0.003367,0.00365200000003,-0.00171699999994
88,0.181658606,-0.380939367159,-4.22194474482,-8.8259377502,0.146691387398,-0.0187970902706,0.00501018361843,0,0,0,0,0,0,0.071582,0.078672000001,-0.0633389999987,0.003367,0.00365200000003,-0.00171699999994
89,0.183641014,0.23614121233,-4.28772076407,-9.07000707545,0.146499247105,0.00200417673837,0.00761403124198,0,0,0,0,0,0,0.111582,0.108672000002,-0.103339999998,-0.000633,-0.000348000000005,0.000282999999994
90,0.185635195,0.162601839484,-3.76610481883,-8.98752678264,0.13952842988,-0.00782099008172,0.0100280168733,0,0,0,0,0,0,0.111582,0.108672000002,-0.103339999998,-0.000633,-0.000348000000005,0.000282999999994
91,0.187633132,-0.273628130737,-4.2881526129,-9.02770626216,0.153383226289,-0.00893929922435,0.00318244554532,0,0,0,0,0,0,0.111582,0.108672000002,-0.103339999998,-0.000633,-0.000348000000005,0.000282999999994
92,0.189645106,-0.145404853549,-3.76243288856,-9.02548462605,0.135100258814,-0.00866253449054,0.00982119069469,0,0,0,0,0,0,0.111582,0.108672000002,-0.103339999998,-0.000633,-0.000348000000005,0.000282999999994
93,0.191643844,0.235681304462,-3.77125192239,-8.73731346904,0.13785925265,0.00128970167639,0.0116085060588,0,0,0,0,0,0,0.071582,0.118672000003,-0.163339999998,0.003367,0.00465200000003,-0.00171699999993
94,0.193632645,0.14988550316,-4.11010517563,-8.66413973292,0.153029042765,-0.00625636185087,-0.00145199067321,0,0,0,0,0,0,0.071582,0.118672000003,-0.163339999998,0.003367,0.00465200000003,-0.00171699999993
95,0.195635050,-0.148409502495,-4.01539977328,-8.76935199,0.150495409162,-0.0193662815109,0.00232471603931,0,0,0,0,0,0,0.071582,0.118672000003,-0.163339999998,0.003367,0.00465200000003,-0.00171699999993
96,0.197642205,0.157259912713,-4.04273704287,-8.82483299967,0.155787672391,-0.0199079586294,0.00788921617454,0,0,0,0,0,0,0.071582,0.118672000003,-0.163339999998,0.003367,0.00465200000003,-0.00171699999993
97,0.199622409,0.379174942265,-4.03507114924,-8.62371658469,0.154430591049,-0.00558226160168,0.0012830799675,0,0,0,0,0,0,0.111582,0.108672000003,-0.213340999998,0.001367,0.00365200000001,-0.000716999999942
98,0.201653097,-0.427830338171,-4.28429558701,-8.63282332422,0.166692861669,-0.0264274292007,0.00932235166088,0,0,0,0,0,0,0.111582,0.108672000003,-0.213340999998,0.001367,0.00365200000001,-0.000716999999942
99,0.203687192,0.0152032474333,-3.90629074294,-9.02517201007,0.139991739772,-0.00910387803155,0.00921675486489,0,0,0,0,0,0,0.111582,0.108672000003,-0.213340999998,0.001367,0.00365200000001,-0.000716999999942
100,0.205650084,0.0532671957555,-3.9184584805,-8.8614819497,0.138538708237,-0.00935709845135,0.00730580900464,0,0,0,0,0,0,0.111582,0.108672000003,-0.213340999998,0.001367,0.00365200000001,-0.000716999999942
101,0.207645386,0.348991998648,-4.1824012723,-8.86493569158,0.158547788541,-8.68908472893e-05,0.00634569348686,0,0,0,0,0,0,0.081582,0.138672000005,-0.343339999998,0.004367,0.00865200000006,-0.00371699999986
102,0.209635058,-0.589202576711,-4.18844815622,-8.36083601032,0.160870174751,-0.038907196773,0.0118292376962,0,0,0,0,0,0,0.081582,0.138672000005,-0.343339999998,0.004367,0.00865200000006,-0.00371699999986
103,0.211626594,-0.130795071763,-4.06429935095,-8.66433357801,0.161357348714,-0.0276703229517,0.0117990453302,0,0,0,0,0,0,0.081582,0.138672000005,-0.343339999998,0.004367,0.00865200000006,-0.00371699999986
104,0.213626324,0.108879386376,-3.9382623716,-8.58806187185,0.158655745808,-0.0173584673754,0.00998721545019,0,0,0,0,0,0,0.081582,0.138672000005,-0.343339999998,0.004367,0.00865200000006,-0.00371699999986
105,0.215631235,-0.555077141378,-4.27590894356,-8.63576685115,0.166789049604,-0.0395331768571,0.00431006108004,0,0,0,0,0,0,0.051582,0.128672000008,-0.483338999998,0.006367,0.0116520000001,-0.00471699999981
106,0.217645472,-0.677498687092,-4.78866684544,-8.35995232825,0.184345937114,-0.0391843102904,0.0123014161108,0,0,0,0,0,0,0.051582,0.128672000008,-0.483338999998,0.006367,0.0116520000001,-0.00471699999981
107,0.219632609,0.270428070449,-4.20192128016,-8.29399345554,0.152633837405,-0.0193020915622,0.00571645844175,0,0,0,0,0,0,0.051582,0.128672000008,-0.483338999998,0.006367,0.0116520000001,-0.00471699999981
108,0.221619967,-0.357092161436,-3.96385652335,-8.69593235981,0.151130234681,-0.0280152928159,0.00867265654661,0,0,0,0,0,0,0.051582,0.128672000008,-0.483338999998,0.006367,0.0116520000001,-0.00471699999981
109,0.223630778,-0.126691813393,-4.16621851479,-8.4974926738,0.162326582104,-0.0120211867567,0.0112593772968,0,0,0,0,0,0,0.011582,0.138672000005,-0.333339999998,0.009367,0.0146520000001,-0.00671699999977
110,0.225652891,-0.0924858872402,-4.10488473497,-8.71799448332,0.156100278007,-0.0202227689282,0.0135759537709,0,0,0,0,0,0,0.011582,0.138672000005,-0.333339999998,0.009367,0.0146520000001,-0.00671699999977
111,0.227636010,0.0121659310937,-4.02054454017,-8.7093632178,0.151860483364,-0.00670069959397,0.00126603707997,0,0,0,0,0,0,0.011582,0.138672000005,-0.333339999998,0.009367,0.0146520000001,-0.00671699999977
112,0.229659646,0.0605343827715,-3.8687559238,-8.6892861898,0.146440982681,-0.0197120474496,-0.00127882360132,0,0,0,0,0,0,0.011582,0.138672000005,-0.333339999998,0.009367,0.0146520000001,-0.00671699999977
113,0.231655098,-0.698235353556,-4.11885966398,-8.689796157,0.149719512903,-0.0341409476605,0.00124539273002,0,0,0,0,0,0,0.051582,0.118672000004,-0.243339999998,0.006367,0.00765200000006,-0.00371699999988
114,0.233670228,-0.204240499379,-3.92494038239,-8.47979032745,0.149119295627,-0.0164517336695,0.0099121597201,0,0,0,0,0,0,0.051582,0.118672000004,-0.243339999998,0.006367,0.00765200000006,-0.00371699999988
115,0.235698652,-0.0194869932625,-4.44090686537,-8.75875475271,0.158782399062,-0.0216560039402,0.0104255656237,0,0,0,0,0,0,0.051582,0.118672000004,-0.243339999998,0.006367,0.00765200000006,-0.00371699999988
116,0.237646416,0.498577431768,-4.3844291967,-8.82958864255,0.164692914205,-0.00309666426432,0.0183374570521,0,0,0,0,0,0,0.051582,0.118672000004,-0.243339999998,0.006367,0.00765200000006,-0.00371699999988
117,0.239649693,-0.293242188802,-4.22946482521,-8.54899007778,0.156241412037,-0.0209238264228,0.00749844645852,0,0,0,0,0,0,0.061582,0.0886720000018,-0.113339999999,0.004367,0.00565200000004,-0.00271699999991
118,0.241646578,0.0852461315363,-4.48158368894,-8.95795521185,0.172127546519,-0.0244246342281,0.0083707223949,0,0,0,0,0,0,0.061582,0.0886720000018,-0.113339999999,0.004367,0.00565200000004,-0.00271699999991
119,0.243640869,-0.281391723866,-4.36545667517,-8.69060819717,0.164992126691,-0.0247235940866,0.00734669274508,0,0,0,0,0,0,0.061582,0.0886720000018,-0.113339999999,0.004367,0.00565200000004,-0.00271699999991
120,0.245643264,0.0707493363997,-3.84633026063,-8.74513484754,0.152575100693,-0.0174929413179,0.00821359650678,0,0,0,0,0,0,0.061582,0.0886720000018,-0.113339999999,0.004367,0.00565200000004,-0.00271699999991
121,0.247647744,-0.171114638527,-4.13239681541,-8.65046943076,0.161259087664,-0.0154533780735,0.00689137703702,0,0,0,0,0,0,0.071582,0.0986720000013,-0.0833399999984,0.003367,0.00365200000004,-0.00271699999994
122,0.249655319,0.301428105287,-4.10817947634,-8.63922183416,0.157579484552,-0.00748568889573,0.00882219559074,0,0,0,0,0,0,0.071582,0.0986720000013,-0.0833399999984,0.003367,0.00365200000004,-0.00271699999994
123,0.251629011,0.0364820853408,-4.04646329808,-8.76819661221,0.148663680469,-0.0136875143868,0.00563651151897,0,0,0,0,0,0,0.071582,0.0986720000013,-0.0833399999984,0.003367,0.00365200000004,-0.00271699999994
124,0.253629513,0.0608284231753,-4.15846219351,-9.14848315145,0.149853641057,0.00234759043321,-0.00316603995376,0,0,0,0,0,0,0.071582,0.0986720000013,-0.0833399999984,0.003367,0.00365200000004,-0.00271699999994
125,0.255640916,-0.397214053274,-4.11526901587,-9.43668709973,0.137549250974,-0.011526590336,0.00525918207224,0,0,0,0,0,0,0.141582,0.128672000004,-0.233338999998,0.000367,0.00165200000003,-0.00171699999997
126,0.257644614,-0.394996328473,-4.36287258159,-9.24385840146,0.151462884461,-0.0202759672888,-0.0112309825418,0,0,0,0,0,0,0.141582,0.128672000004,-0.233338999998,0.000367,0.00165200000003,-0.00171699999997
127,0.259655155,0.129998396072,-3.902861602,-9.13701522963,0.134160342104,0.00374980654002,0.00110825549752,0,0,0,0,0,0,0.141582,0.128672000004,-0.233338999998,0.000367,0.00165200000003,-0.00171699999997
128,0.261660616,-0.555676142763,-3.88386352988,-8.98637820795,0.147322908387,-0.0235599956593,-0.00122526265067,0,0,0,0,0,0,0.141582,0.128672000004,-0.233338999998,0.000367,0.00165200000003,-0.00171699999997
129,0.263641061,-0.0203860212273,-3.94840058373,-8.53176154031,0.157311162689,-0.0148044199434,0.012747804597,0,0,0,0,0,0,0.081582,0.0986720000034,-0.213340999998,0.005367,0.00665200000008,-0.00471699999989
130,0.265657443,0.162689870315,-4.01923067318,-8.98629200227,0.144084165875,-0.00654702477348,0.00412910409528,0,0,0,0,0,0,0.081582,0.0986720000034,-0.213340999998,0.005367,0.00665200000008,-0.00471699999989
131,0.267641935,-0.0813542666564,-3.97048673329,-9.09354745962,0.145404420446,-0.00882042367359,-0.00594936869443,0,0,0,0,0,0,0.081582,0.0986720000034,-0.213340999998,0.005367,0.00665200000008,-0.00471699999989
132,0.269658306,0.0334968427694,-3.6981637762,-9.59820353509,0.116775242903,0.0105208008117,-0.0147680784686,0,0,0,0,0,0,0.081582,0.0986720000034,-0.213340999998,0.005367,0.00665200000008,-0.00471699999989
133,0.271633902,-0.137170934655,-3.86076299859,-9.7950695868,0.121975052487,0.0169013949927,-0.0119659948137,0,0,0,0,0,0,0.131582,0.0986720000025,-0.153338999998,-0.000633,-0.000348000000005,0.000282999999994
134,0.273648881,-0.292036199249,-3.94793168501,-9.59131767491,0.137595173181,0.000500157851095,-0.00913954239832,0,0,0,0,0,0,0.131582,0.0986720000025,-0.153338999998,-0.000633,-0.000348000000005,0.000282999999994
135,0.275631039,-0.301025355281,-3.86743060471,-9.36848491703,0.132685283563,-0.00235031620566,-0.00542473834144,0,0,0,0,0,0,0.131582,0.0986720000025,-0.153338999998,-0.000633,-0.000348000000005,0.000282999999994
136,0.277649946,-0.162768307741,-3.72424897273,-9.22135636607,0.130881740587,-0.00435192132299,0.00521703706953,0,0,0,0,0,0,0.131582,0.0986720000025,-0.153338999998,-0.000633,-0.000348000000005,0.000282999999994
137,0.279635470,-0.359562477133,-3.83625366922,-9.04651032099,0.144691138686,-0.0206359817001,0.00169787691564,0,0,0,0,0,0,0.021582,0.108672,0.0166610000017,0.006367,0.00665200000006,-0.00371699999989
138,0.281620733,-1.1568869087,-3.92064693235,-8.8677442204,0.150417025449,-0.0400164814157,0.00133430805677,0,0,0,0,0,0,0.021582,0.108672,0.0166610000017,0.006367,0.00665200000006,-0.00371699999989
139,0.283646032,-0.219899117456,-3.85348383458,-8.79100734383,0.148296812053,-0.0203435058149,0.0053390190139,0,0,0,0,0,0,0.021582,0.108672,0.0166610000017,0.006367,0.00665200000006,-0.00371699999989
140,0.285629752,0.265990338607,-4.00820863605,-8.6369350626,0.15219759026,-0.0126058305982,0.0118295262967,0,0,0,0,0,0,0.021582,0.108672,0.0166610000017,0.006367,0.00665200000006,-0.00371699999989
141,0.287650202,-0.386299045419,-3.94806196566,-8.7720114628,0.152974131954,-0.0244270845647,0.00112693645781,0,0,0,0,0,0,0.021582,0.158671999999,0.0366590000025,0.003367,0.00665200000003,-0.00171699999989
142,0.289643621,-0.471860431727,-3.78677069945,-8.87722465414,0.140102702118,-0.0226769111829,0.00595023622935,0,0,0,0,0,0,0.021582,0.158671999999,0.0366590000025,0.003367,0.00665200000003,-0.00171699999989
143,0.291645896,0.311817489204,-3.81945315847,-8.96691917824,0.150536383933,-0.00735071871223,0.000164546798318,0,0,0,0,0,0,0.021582,0.158671999999,0.0366590000025,0.003367,0.00665200000003,-0.00171699999989
144,0.293646588,-0.0819207728472,-4.04689937959,-8.51478823494,0.154594137488,-0.0204385344862,0.00866919960401,0,0,0,0,0,0,0.021582,0.158671999999,0.0366590000025,0.003367,0.00665200000003,-0.00171699999989
145,0.295648022,-0.57591281607,-4.0401278329,-9.0327796542,0.154766943629,-0.0321744414549,0.000401879397427,0,0,0,0,0,0,0.051582,0.128672,-0.0233399999979,0.005367,0.00665200000006,-0.00371699999989
146,0.297633186,-0.106126085,-4.10457935788,-8.56806003621,0.161273403179,-0.0271151293568,0.00367692067822,0,0,0,0,0,0,0.051582,0.128672,-0.0233399999979,0.005367,0.00665200000006,-0.00371699999989
147,0.299636092,-0.189789242846,-3.79901959209,-8.80740520717,0.153086176487,-0.0214977538136,0.00462881243751,0,0,0,0,0,0,0.051582,0.128672,-0.0233399999979,0.005367,0.00665200000006,-0.00371699999989
148,0.301619783,0.0498062661925,-3.93766590298,-8.88009045023,0.15283570909,-0.0192228647367,-0.00674446598452,0,0,0,0,0,0,0.051582,0.128672,-0.0233399999979,0.005367,0.00665200000006,-0.00371699999989
149,0.303674156,-0.198480217234,-3.88676113482,-8.68798404839,0.148769763783,-0.0227496965996,-0.00300409293749,0,0,0,0,0,0,0.061582,0.148672,0.00666000000238,0.002367,0.00465200000003,-0.00171699999993
150,0.305646185,-0.00499495736377,-3.84670609385,-8.65012000542,0.138650745843,-0.00706121135859,0.00771593470516,0,0,0,0,0,0,0.061582,0.148672,0.00666000000238,0.002367,0.00465200000003,-0.00171699999993
151,0.307632450,-0.289866742115,-4.202780022,-8.69304082488,0.156676848447,-0.0232232916015,0.00149478998251,0,0,0,0,0,0,0.061582,0.148672,0.00666000000238,0.002367,0.00465200000003,-0.00171699999993
152,0.309648231,-0.587317984483,-4.3057236103,-8.74406185192,0.161604044688,-0.0300704984399,0.00789215387302,0,0,0,0,0,0,0.061582,0.148672,0.00666000000238,0.002367,0.00465200000003,-0.00171699999993
153,0.311645437,-0.0489025826067,-3.78436962062,-8.9633327273,0.152386013951,-0.0257560418588,0.00658944163332,0,0,0,0,0,0,0.001582,0.128672,0.00666000000206,0.005367,0.00865200000004,-0.00271699999986
154,0.313649896,-0.0575420137889,-3.76598042405,-8.93907165859,0.146806930653,-0.0251101754391,0.00840747150808,0,0,0,0,0,0,0.001582,0.128672,0.00666000000206,0.005367,0.00865200000004,-0.00271699999986
155,0.315621364,-0.418299977385,-4.16478599394,-9.53679717215,0.151580434302,-0.0334426866096,0.00211200326699,0,0,0,0,0,0,0.001582,0.128672,0.00666000000206,0.005367,0.00865200000004,-0.00271699999986
156,0.317643266,-0.424623918721,-3.79253989096,-9.12482923197,0.133254040395,-0.0172993379242,-0.000937849667658,0,0,0,0,0,0,0.001582,0.128672,0.00666000000206,0.005367,0.00865200000004,-0.00271699999986
157,0.319632247,-0.000578995712917,-3.89519103272,-9.32643668933,0.135659618953,-0.0104641870005,0.000683296137699,0,0,0,0,0,0,-0.018418,0.0786720000007,-0.0433409999987,0.009367,0.0136520000001,-0.00471699999978
158,0.321637528,-0.20401037394,-3.92319245577,-9.16910987713,0.151074143279,-0.0242988339394,0.00310395869973,0,0,0,0,0,0,-0.018418,0.0786720000007,-0.0433409999987,0.009367,0.0136520000001,-0.00471699999978
159,0.323645744,-0.0508335514188,-3.6935432549,-9.37890050139,0.136532737007,-0.00453967092392,0.00132905687516,0,0,0,0,0,0,-0.018418,0.0786720000007,-0.0433409999987,0.009367,0.0136520000001,-0.00471699999978
160,0.325643872,-0.558298425591,-3.98463889354,-9.24834031267,0.148885570343,-0.0276448256184,-0.00116459759434,0,0,0,0,0,0,-0.018418,0.0786720000007,-0.0433409999987,0.009367,0.0136520000001,-0.00471699999978
161,0.327655174,-0.138184251426,-3.71788805592,-9.10950877759,0.139949177626,-0.0159293865907,0.00141564890131,0,0,0,0,0,0,0.051582,0.118672000003,-0.203340999998,0.008367,0.0106520000001,-0.00471699999983
162,0.329647882,-0.124820218481,-3.53646629276,-9.46955036814,0.122756700026,0.00368041773541,-0.00915184368772,0,0,0,0,0,0,0.051582,0.118672000003,-0.203340999998,0.008367,0.0106520000001,-0.00471699999983
163,0.331620512,-0.0281636985085,-3.38997906335,-9.28846641537,0.118078991337,-0.00160323358073,2.84531078615e-05,0,0,0,0,0,0,0.051582,0.118672000003,-0.203340999998,0.008367,0.0106520000001,-0.00471699999983
164,0.333641823,-0.274239485297,-3.98761488445,-9.42132610359,0.132549661834,-0.00631972995167,0.00179304043496,0,0,0,0,0,0,0.051582,0.118672000003,-0.203340999998,0.008367,0.0106520000001,-0.00471699999983
165,0.335649057,-0.699799065308,-4.27993426319,-9.31248112274,0.15313515281,-0.0226121899595,0.00671537036735,0,0,0,0,0,0,0.091582,0.128672000002,-0.113339999998,0.003367,0.00565200000004,-0.00271699999991
166,0.337663666,-0.492713922992,-3.74065810004,-9.40758032131,0.13279886911,-0.018365319238,-0.00173766838998,0,0,0,0,0,0,0.091582,0.128672000002,-0.113339999998,0.003367,0.00565200000004,-0.00271699999991
167,0.339614615,0.181154942693,-3.54595344103,-9.04380074916,0.131682352479,-0.0150968119475,0.00734900748748,0,0,0,0,0,0,0.091582,0.128672000002,-0.113339999998,0.003367,0.00565200000004,-0.00271699999991
168,0.341631568,-0.176000162751,-3.68647867754,-9.23716213275,0.13994853977,-0.0138922654895,-0.000367506879203,0,0,0,0,0,0,0.091582,0.128672000002,-0.113339999998,0.003367,0.00565200000004,-0.00271699999991
169,0.343643411,-0.223524161585,-3.80121842131,-9.48296010856,0.136620587217,-0.00651499884415,-0.00441598352794,0,0,0,0,0,0,0.111582,0.128672000002,-0.143338999998,0.000367,0.00165200000003,-0.00171699999997
170,0.345661136,0.264257203903,-3.76098161925,-9.24502418629,0.132713636974,0.0096580039149,0.00447970045894,0,0,0,0,0,0,0.111582,0.128672000002,-0.143338999998,0.000367,0.00165200000003,-0.00171699999997
171,0.347615682,-0.153649544081,-3.7529681543,-8.98042781421,0.14974146509,-0.0250695267718,0.00741203772518,0,0,0,0,0,0,0.111582,0.128672000002,-0.143338999998,0.000367,0.00165200000003,-0.00171699999997
172,0.349642534,-0.0707567672644,-3.60094024826,-8.943694064,0.149705323661,-0.0221120832278,0.0121613797843,0,0,0,0,0,0,0.111582,0.128672000002,-0.143338999998,0.000367,0.00165200000003,-0.00171699999997
173,0.351620684,0.715521231568,-3.84980644475,-8.80634666618,0.148127189931,-0.00347171653789,0.00647888262816,0,0,0,0,0,0,0.071582,0.118672000001,-0.0933399999981,0.001367,0.00365200000003,-0.00171699999994
174,0.353644199,0.0684824792009,-3.90734626909,-9.12977007165,0.143338746752,-0.00714038733339,0.00540518740615,0,0,0,0,0,0,0.071582,0.118672000001,-0.0933399999981,0.001367,0.00365200000003,-0.00171699999994
175,0.355612511,0.531630008257,-4.07078816442,-9.49283698973,0.149186354434,-0.00143076448931,0.000840136095852,0,0,0,0,0,0,0.071582,0.118672000001,-0.0933399999981,0.001367,0.00365200000003,-0.00171699999994
176,0.357630255,-0.144431312329,-4.21585189854,-9.23206385954,0.154596135993,-0.0104529056692,0.00500323543132,0,0,0,0,0,0,0.071582,0.118672000001,-0.0933399999981,0.001367,0.00365200000003,-0.00171699999994
177,0.359644914,-0.17643792327,-3.78158932134,-8.98727773857,0.139672122141,-0.012963658801,-0.00121957866317,0,0,0,0,0,0,0.031582,0.118672000005,-0.283339999998,0.007367,0.0106520000001,-0.00471699999983
178,0.361691893,-0.0665982228995,-3.87250558142,-9.15228651099,0.13833218973,-0.00520800105655,0.000144384490977,0,0,0,0,0,0,0.031582,0.118672000005,-0.283339999998,0.007367,0.0106520000001,-0.00471699999983
179,0.363619879,0.172578802326,-3.92001262878,-9.24978055444,0.154124701372,-0.000988808911718,0.0130157493122,0,0,0,0,0,0,0.031582,0.118672000005,-0.283339999998,0.007367,0.0106520000001,-0.00471699999983
180,0.365655978,-0.502687215927,-3.91137575411,-9.17596991122,0.159266061009,-0.0309026450661,0.00567982339592,0,0,0,0,0,0,0.031582,0.118672000005,-0.283339999998,0.007367,0.0106520000001,-0.00471699999983
181,0.367620032,-0.307009299038,-3.95440360894,-9.22899774174,0.149058648753,-0.0148886387727,-0.00422270107743,0,0,0,0,0,0,-0.018418,0.108671999999,0.0766600000017,0.005367,0.00865200000004,-0.00271699999986
182,0.369646823,-0.0280737367378,-3.47534377443,-9.13874900153,0.134676717792,-0.0104934507276,0.00747226486862,0,0,0,0,0,0,-0.018418,0.108671999999,0.0766600000017,0.005367,0.00865200000004,-0.00271699999986
183,0.371624693,0.0877010945669,-3.65185395354,-8.90388130254,0.134831862206,-0.0102772107722,0.00236797480326,0,0,0,0,0,0,-0.018418,0.108671999999,0.0766600000017,0.005367,0.00865200000004,-0.00271699999986
184,0.373657666,-0.163129582033,-3.41001861727,-9.07808514813,0.131957432563,-0.0196120279621,0.00562291084043,0,0,0,0,0,0,-0.018418,0.108671999999,0.0766600000017,0.005367,0.00865200000004,-0.00271699999986
185,0.375631809,-0.454651638466,-4.08523814775,-9.08294977925,0.154038610161,-0.0311434761596,0.00980277134496,0,0,0,0,0,0,0.031582,0.0986720000013,-0.0833399999984,0.006367,0.00865200000006,-0.00371699999986
186,0.377649803,0.43833344682,-3.95734246973,-9.20647254191,0.151808758782,-0.00707770036616,0.00152285304371,0,0,0,0,0,0,0.031582,0.0986720000013,-0.0833399999984,0.006367,0.00865200000006,-0.00371699999986
187,0.379628535,0.0614377491429,-3.72073090032,-8.93914505849,0.153659649915,-0.0273558582102,0.00785499674256,0,0,0,0,0,0,0.031582,0.0986720000013,-0.0833399999984,0.006367,0.00865200000006,-0.00371699999986
188,0.381646670,0.647267816113,-4.10878689247,-9.15850204538,0.154147042533,-0.00678890470947,0.0099683620411,0,0,0,0,0,0,0.031582,0.0986720000013,-0.0833399999984,0.006367,0.00865200000006,-0.00371699999986
189,0.383642413,-0.0532592358524,-3.86445214892,-9.00338106098,0.14479093496,-0.0254164720624,0.00485841547462,0,0,0,0,0,0,0.051582,0.108672000002,-0.113339999998,0.005367,0.00865200000008,-0.00471699999986
190,0.385656460,0.13200267965,-3.90244215082,-9.09954806993,0.15378453111,-0.0178495248255,0.00253946420125,0,0,0,0,0,0,0.051582,0.108672000002,-0.113339999998,0.005367,0.00865200000008,-0.00471699999986
191,0.387641634,-0.335970337004,-4.00666456867,-9.05885125038,0.157548788407,-0.0182173838982,0.00423628184945,0,0,0,0,0,0,0.051582,0.108672000002,-0.113339999998,0.005367,0.00865200000008,-0.00471699999986
192,0.389627087,-0.127113497295,-4.00354780554,-8.79353786966,0.154171080165,-0.026300469549,0.00470065545625,0,0,0,0,0,0,0.051582,0.108672000002,-0.113339999998,0.005367,0.00865200000008,-0.00471699999986
193,0.391639462,-0.0566655144054,-3.88544627326,-9.20512941485,0.148322277559,-0.0157336778322,-0.00447826019114,0,0,0,0,0,0,0.021582,0.0786720000033,-0.203340999999,0.009367,0.0106520000001,-0.00571699999983
194,0.393625958,-0.244446072461,-3.90772653858,-8.83506254747,0.157297642457,-0.0334770249321,0.0032859514867,0,0,0,0,0,0,0.021582,0.0786720000033,-0.203340999999,0.009367,0.0106520000001,-0.00571699999983
195,0.395637521,0.0144628557959,-3.95229160301,-9.0298778646,0.149103943626,-0.0165140261471,0.0159580534985,0,0,0,0,0,0,0.021582,0.0786720000033,-0.203340999999,0.009367,0.0106520000001,-0.00571699999983
196,0.397639596,0.312746020409,-4.37077785496,-9.09127305977,0.16642261809,-0.00060053463677,0.0108414605561,0,0,0,0,0,0,0.021582,0.0786720000033,-0.203340999999,0.009367,0.0106520000001,-0.00571699999983
197,0.399641691,-0.344044910877,-3.92317716248,-9.35971177556,0.144231087402,-0.0115449849371,-0.00412857019727,0,0,0,0,0,0,0.061582,0.0986720000041,-0.253339999998,0.005367,0.00765200000006,-0.00371699999988
198,0.401638165,-0.12605956707,-4.16255809444,-9.04018586082,0.158452886666,-0.0253181608146,0.0137259759887,0,0,0,0,0,0,0.061582,0.0986720000041,-0.253339999998,0.005367,0.00765200000006,-0.00371699999988
199,0.403666079,0.248116147386,-4.25837120482,-8.99347312845,0.168414659693,-0.0137941624888,0.00694947666943,0,0,0,0,0,0,0.061582,0.0986720000041,-0.253339999998,0.005367,0.00765200000006,-0.00371699999988
200,0.405649018,-0.0940905889991,-4.21615260685,-8.94418883171,0.164986256336,-0.0276139464894,0.0146173028796,0,0,0,0,0,0,0.061582,0.0986720000041,-0.253339999998,0.005367,0.00765200000006,-0.00371699999988
201,0.407657164,0.286594229361,-3.82230163317,-9.22366298054,0.143307698365,-0.00931076103057,0.00894867639604,0,0,0,0,0,0,0.101582,0.118672000005,-0.333339999998,0.003367,0.00665200000006,-0.00371699999989
202,0.409644131,0.00390608906868,-3.7742375688,-9.02797752439,0.145503543464,-0.0144254670692,0.00575291500406,0,0,0,0,0,0,0.101582,0.118672000005,-0.333339999998,0.003367,0.00665200000006,-0.00371699999989
203,0.411638381,0.127992353769,-4.03653634454,-9.00203842775,0.151742539135,-0.00842680062589,0.00397493655213,0,0,0,0,0,0,0.101582,0.118672000005,-0.333339999998,0.003367,0.00665200000006,-0.00371699999989
204,0.413629727,-0.182560235187,-3.86352426523,-8.87559821047,0.153744357463,-0.029989686034,0.0141599987057,0,0,0,0,0,0,0.101582,0.118672000005,-0.333339999998,0.003367,0.00665200000006,-0.00371699999989
205,0.415646499,-0.151875467246,-3.75079049274,-8.75124986559,0.14827224216,-0.0147374680158,0.0129405246973,0,0,0,0,0,0,0.071582,0.0986720000041,-0.253339999998,0.005367,0.00865200000008,-0.00471699999986
206,0.417635961,0.0143388969874,-4.12861828709,-8.77632470407,0.159657762423,-0.0143425735756,0.00983926873252,0,0,0,0,0,0,0.071582,0.0986720000041,-0.253339999998,0.005367,0.00865200000008,-0.00471699999986
207,0.419645079,-0.0661375326502,-3.93785059402,-8.99239047968,0.149248650908,-0.0135739026155,0.00342520515988,0,0,0,0,0,0,0.071582,0.0986720000041,-0.253339999998,0.005367,0.00865200000008,-0.00471699999986
208,0.421627768,0.296165815229,-3.94243538666,-8.89535721869,0.148641668464,-0.01472791275,0.00402058110932,0,0,0,0,0,0,0.071582,0.0986720000041,-0.253339999998,0.005367,0.00865200000008,-0.00471699999986
209,0.423641565,0.00972947636895,-3.84866017731,-8.7363218558,0.157972049619,-0.0227975523735,0.0122708644656,0,0,0,0,0,0,0.081582,0.0886720000042,-0.263339999999,0.003367,0.00565200000003,-0.00171699999991
210,0.425644261,-0.511080798394,-3.77274466275,-8.61714376291,0.149827074711,-0.0303054784924,0.0107000655532,0,0,0,0,0,0,0.081582,0.0886720000042,-0.263339999999,0.003367,0.00565200000003,-0.00171699999991
211,0.427637649,0.441909337012,-4.31673845595,-8.58728952823,0.168102485327,-0.0133000002744,0.00512926920112,0,0,0,0,0,0,0.081582,0.0886720000042,-0.263339999999,0.003367,0.00565200000003,-0.00171699999991
212,0.429634334,-0.0290712888681,-4.06022923042,-9.00402915022,0.151443307171,-0.0181153230457,0.0080166243141,0,0,0,0,0,0,0.081582,0.0886720000042,-0.263339999999,0.003367,0.00565200000003,-0.00171699999991
213,0.431647340,-0.128723570707,-4.21227827754,-9.00674444026,0.156038167881,-0.00914816679391,0.0149939996618,0,0,0,0,0,0,0.101582,0.138672000005,-0.313338999998,-0.000633,0.00165200000001,-0.000716999999974
214,0.433654144,0.295717972872,-3.74883856172,-9.15360761686,0.138625425025,-0.0082366014354,0.0136725994642,0,0,0,0,0,0,0.101582,0.138672000005,-0.313338999998,-0.000633,0.00165200000001,-0.000716999999974
215,0.435630200,0.153703116175,-3.9943647407,-9.28776094341,0.148420219647,-0.00799762485967,0.00432302927815,0,0,0,0,0,0,0.101582,0.138672000005,-0.313338999998,-0.000633,0.00165200000001,-0.000716999999974
216,0.437685335,0.352012220319,-4.01202218905,-8.99419687215,0.147616745519,-0.00538333436196,0.00635352435604,0,0,0,0,0,0,0.101582,0.138672000005,-0.313338999998,-0.000633,0.00165200000001,-0.000716999999974
217,0.439655099,0.436411761434,-3.94745577855,-9.00898187035,0.152839257117,0.00983109860667,0.00382926395591,0,0,0,0,0,0,0.121582,0.118672,-0.0033399999981,-0.001633,-0.000348000000005,0.000282999999994
218,0.441641214,0.160878967599,-3.77772293771,-8.95611596528,0.147704250083,-0.0113768660076,0.00549965441392,0,0,0,0,0,0,0.121582,0.118672,-0.0033399999981,-0.001633,-0.000348000000005,0.000282999999994
219,0.443627259,0.137506395733,-3.83515899788,-8.95728921539,0.150110609847,-0.0103117867735,0.00392833305858,0,0,0,0,0,0,0.121582,0.118672,-0.0033399999981,-0.001633,-0.000348000000005,0.000282999999994
220,0.445648941,-0.0874855122122,-3.62821828456,-9.00549821549,0.142782721078,-0.0149905197791,0.00697438719374,0,0,0,0,0,0,0.121582,0.118672,-0.0033399999981,-0.001633,-0.000348000000005,0.000282999999994
221,0.447647239,0.249425992707,-3.81689991684,-8.78100441871,0.142609003876,-0.0069025310792,0.00637644341762,0,0,0,0,0,0,0.111582,0.118672000001,-0.0833399999981,0.000367,0.000651999999995,0.00028300000001
222,0.449657179,0.19978812748,-3.86713696782,-9.04948189121,0.148451990995,-0.0183032888505,0.00554214794451,0,0,0,0,0,0,0.111582,0.118672000001,-0.0833399999981,0.000367,0.000651999999995,0.00028300000001
223,0.451649135,-0.0574355372729,-4.23266015039,-9.02768187214,0.14869619731,-0.0152149778801,0.0116880077093,0,0,0,0,0,0,0.111582,0.118672000001,-0.0833399999981,0.000367,0.000651999999995,0.00028300000001
224,0.453644678,0.11119593558,-4.14548070725,-9.18110968197,0.146903866972,-0.000532248171901,0.0043917557516,0,0,0,0,0,0,0.111582,0.118672000001,-0.0833399999981,0.000367,0.000651999999995,0.00028300000001
225,0.455652313,-0.489454145706,-3.98836389199,-8.97589023552,0.142931496285,-0.0129531916322,0.0101536166896,0,0,0,0,0,0,0.061582,0.108672,0.00666000000174,0.002367,0.00365200000003,-0.00171699999994
226,0.457637376,-0.0659183361083,-3.49495567118,-8.92325863949,0.134264372163,-0.0189774377393,0.00594104773585,0,0,0,0,0,0,0.061582,0.108672,0.00666000000174,0.002367,0.00365200000003,-0.00171699999994
227,0.459652395,-0.26261589457,-3.89613307344,-8.7874516051,0.148524782376,-0.012239079224,0.00401417709193,0,0,0,0,0,0,0.061582,0.108672,0.00666000000174,0.002367,0.00365200000003,-0.00171699999994
228,0.461692492,-0.126508230534,-4.19074432337,-9.05931973229,0.154745234862,-0.0162467375927,0.0107073164481,0,0,0,0,0,0,0.061582,0.108672,0.00666000000174,0.002367,0.00365200000003,-0.00171699999994
229,0.463650084,-0.186674087993,-3.93784680703,-9.07663077193,0.152471878032,-0.0264791156348,0.00887177141812,0,0,0,0,0,0,0.021582,0.088672000001,-0.0633389999986,0.007367,0.0106520000001,-0.00471699999983
230,0.465631781,0.0758941468202,-4.1183998117,-8.7474111672,0.154926310011,-0.0107319816071,0.00807083096986,0,0,0,0,0,0,0.021582,0.088672000001,-0.0633389999986,0.007367,0.0106520000001,-0.00471699999983
231,0.467673410,0.0728846944544,-3.69807174594,-8.85949522116,0.149866697839,-0.0189291758796,0.0112696385924,0,0,0,0,0,0,0.021582,0.088672000001,-0.0633389999986,0.007367,0.0106520000001,-0.00471699999983
232,0.469662911,0.191118900581,-4.03659939412,-8.8777787013,0.152482561745,-0.00598252549962,0.00550830103813,0,0,0,0,0,0,0.021582,0.088672000001,-0.0633389999986,0.007367,0.0106520000001,-0.00471699999983
233,0.471681858,-0.263902293168,-3.60266275145,-8.78921290326,0.133095017451,-0.0289922416808,-0.00247692345585,0,0,0,0,0,0,0.071582,0.138672,-0.0233399999978,0.001367,0.00465200000003,-0.00171699999993
234,0.473682320,0.147347479164,-3.8353699017,-8.98860305318,0.146906364501,-0.0127073667408,0.00190821033081,0,0,0,0,0,0,0.071582,0.138672,-0.0233399999978,0.001367,0.00465200000003,-0.00171699999993
235,0.475674246,-0.268294096704,-3.79282987512,-8.89642140393,0.147494010679,-0.0201834849257,0.00802238773523,0,0,0,0,0,0,0.071582,0.138672,-0.0233399999978,0.001367,0.00465200000003,-0.00171699999993
236,0.477661202,-0.0415340466097,-3.83403451716,-9.07496192712,0.145124724016,-0.0200227999896,0.00852476344232,0,0,0,0,0,0,0.071582,0.138672,-0.0233399999978,0.001367,0.00465200000003,-0.00171699999993
237,0.479688765,-0.115376838961,-4.16433022618,-8.7977062596,0.155011172027,-0.0197931325052,0.0203836972007,0,0,0,0,0,0,0.041582,0.098671999998,0.126659000002,0.001367,0.00465200000001,-0.000716999999926
238,0.481687253,0.188649953104,-4.08247641394,-8.68859957938,0.153500448071,-0.0164424002974,0.00168354339204,0,0,0,0,0,0,0.041582,0.098671999998,0.126659000002,0.001367,0.00465200000001,-0.000716999999926
239,0.483744502,-0.370180629544,-3.87072066468,-8.41046226902,0.145676902535,-0.0219781320868,0.00572866277731,0,0,0,0,0,0,0.041582,0.098671999998,0.126659000002,0.001367,0.00465200000001,-0.000716999999926
240,0.485710299,-0.416199171136,-3.74306367599,-8.47493805762,0.145032823777,-0.0240167396661,-0.00535838138165,0,0,0,0,0,0,0.041582,0.098671999998,0.126659000002,0.001367,0.00465200000001,-0.000716999999926
241,0.487725839,-0.163954852195,-4.11004531513,-8.85255113894,0.15986928562,-0.0187055266926,0.00359530952917,0,0,0,0,0,0,0.091582,0.108672000001,-0.0333399999983,0.002367,0.00465200000003,-0.00171699999993
242,0.489722695,-0.11323371183,-4.03725251659,-8.67745371543,0.156800711096,-0.0131516353216,0.0145658334675,0,0,0,0,0,0,0.091582,0.108672000001,-0.0333399999983,0.002367,0.00465200000003,-0.00171699999993
243,0.491731572,-0.369158298885,-4.15063487895,-8.82109355095,0.14664070132,-0.0174573072827,0.0081046645853,0,0,0,0,0,0,0.091582,0.108672000001,-0.0333399999983,0.002367,0.00465200000003,-0.00171699999993
244,0.493650692,0.0310564091946,-4.2622046204,-8.95801588797,0.158666599402,-0.00202810190322,0.0028951816671,0,0,0,0,0,0,0.091582,0.108672000001,-0.0333399999983,0.002367,0.00465200000003,-0.00171699999993
245,0.495645253,0.532543716882,-4.0423223884,-8.85463022425,0.148913389531,0.00525426535415,0.0136016621551,0,0,0,0,0,0,0.081582,0.0786719999996,0.0266610000013,0.005367,0.00365200000004,-0.00271699999994
246,0.497643180,-0.311697924703,-4.09005405435,-8.8681614048,0.139974637979,-0.0195413588095,0.00314754274199,0,0,0,0,0,0,0.081582,0.0786719999996,0.0266610000013,0.005367,0.00365200000004,-0.00271699999994
247,0.499636930,-0.30774314172,-3.91395082109,-8.94456470748,0.151034954185,-0.0197265330234,0.0127940302905,0,0,0,0,0,0,0.081582,0.0786719999996,0.0266610000013,0.005367,0.00365200000004,-0.00271699999994
248,0.501642010,0.327990188003,-4.02178030648,-8.54676292618,0.15858676926,-0.0188630325583,0.0106775146889,0,0,0,0,0,0,0.081582,0.0786719999996,0.0266610000013,0.005367,0.00365200000004,-0.00271699999994
249,0.503698648,-0.0156152221082,-3.87903901246,-8.35026304786,0.148701652331,-0.0159086033058,0.00496994298678,0,0,0,0,0,0,0.111582,0.0786720000028,-0.173339999999,0.004367,0.00265200000004,-0.00271699999996
250,0.505647804,0.26853414101,-4.38986075761,-8.5965692882,0.162793697962,-0.014210927241,0.0188134662582,0,0,0,0,0,0,0.111582,0.0786720000028,-0.173339999999,0.004367,0.00265200000004,-0.00271699999996
251,0.507635582,-0.087580531101,-4.15246910635,-8.3715399993,0.160450714418,-0.025096813008,0.0110259051979,0,0,0,0,0,0,0.111582,0.0786720000028,-0.173339999999,0.004367,0.00265200000004,-0.00271699999996
252,0.509639290,0.061060421205,-4.1302061256,-8.84765504252,0.147011532135,-0.00264167527444,0.00325913477979,0,0,0,0,0,0,0.111582,0.0786720000028,-0.173339999999,0.004367,0.00265200000004,-0.00271699999996
253,0.511654720,-0.533758217799,-3.79024743553,-8.78135076945,0.133041148171,-0.0111477863825,0.00835736047548,0,0,0,0,0,0,0.081582,0.118672000001,-0.0733389999981,0.000367,0.00265200000001,-0.000716999999958
254,0.513635726,-0.186817724675,-3.84693577662,-8.85755383538,0.135223288453,-0.0096547816213,0.00302064590924,0,0,0,0,0,0,0.081582,0.118672000001,-0.0733389999981,0.000367,0.00265200000001,-0.000716999999958
255,0.515639855,-0.45395506501,-4.24515426765,-8.86623536619,0.152418473256,-0.0290582278216,0.00209183835433,0,0,0,0,0,0,0.081582,0.118672000001,-0.0733389999981,0.000367,0.00265200000001,-0.000716999999958
256,0.517633915,0.0793578140125,-4.28257643948,-8.77462382442,0.156700634829,-0.0224478819412,0.00751451313014,0,0,0,0,0,0,0.081582,0.118672000001,-0.0733389999981,0.000367,0.00265200000001,-0.000716999999958
257,0.519643313,-0.697580423119,-4.21647339046,-8.41122953664,0.157453749415,-0.0242174572146,0.00284691242982,0,0,0,0,0,0,0.081582,0.0986720000015,-0.0933399999984,0.004367,0.00465200000003,-0.00171699999993
258,0.521657762,-0.254099340908,-4.20437701329,-8.68713358804,0.163439766902,-0.0208440297301,0.00286308719034,0,0,0,0,0,0,0.081582,0.0986720000015,-0.0933399999984,0.004367,0.00465200000003,-0.00171699999993
259,0.523638697,-0.316018144664,-3.83728169462,-8.93072394977,0.144841823517,-0.0123263958906,0.0111803249199,0,0,0,0,0,0,0.081582,0.0986720000015,-0.0933399999984,0.004367,0.00465200000003,-0.00171699999993
260,0.525647725,0.0676912734962,-3.96456870112,-8.35185520627,0.154383907702,-0.00760256973385,0.00901414716755,0,0,0,0,0,0,0.081582,0.0986720000015,-0.0933399999984,0.004367,0.00465200000003,-0.00171699999993
261,0.527644670,0.388951586738,-4.30716521037,-8.60961967201,0.153598420366,-0.000922945705764,0.00894685371918,0,0,0,0,0,0,0.031582,0.0686720000039,-0.243339999999,0.007367,0.00865200000006,-0.00371699999986
262,0.529649060,-0.352023340109,-4.25341283666,-8.74641952248,0.15957033401,-0.0207079526135,0.00784265006548,0,0,0,0,0,0,0.031582,0.0686720000039,-0.243339999999,0.007367,0.00865200000006,-0.00371699999986
263,0.531640926,-0.518783928342,-4.40388764986,-8.69778567529,0.160258033081,-0.0262936354543,0.0136649863519,0,0,0,0,0,0,0.031582,0.0686720000039,-0.243339999999,0.007367,0.00865200000006,-0.00371699999986
264,0.533637972,-0.507882712833,-4.72601299948,-8.54365607168,0.168257521828,-0.0231157500452,0.00797428262229,0,0,0,0,0,0,0.031582,0.0686720000039,-0.243339999999,0.007367,0.00865200000006,-0.00371699999986
265,0.535643674,-0.0691371082328,-4.06428946484,-8.80840472213,0.152420084194,-0.00608007256783,0.0103190002114,0,0,0,0,0,0,0.121582,0.118672000005,-0.303338999998,-0.000633,0.000651999999995,0.00028300000001
266,0.537671948,-0.257378328605,-4.08507007892,-8.80479634045,0.153466169854,-0.0158608305297,0.00609613855309,0,0,0,0,0,0,0.121582,0.118672000005,-0.303338999998,-0.000633,0.000651999999995,0.00028300000001
267,0.539647813,-0.533072839919,-4.30477822112,-9.01251142902,0.152336512281,-0.0251779253701,0.0124435761442,0,0,0,0,0,0,0.121582,0.118672000005,-0.303338999998,-0.000633,0.000651999999995,0.00028300000001
268,0.541641242,-0.455137088639,-4.10703076952,-8.82182015509,0.157151302412,-0.0184525629299,0.00655325846338,0,0,0,0,0,0,0.121582,0.118672000005,-0.303338999998,-0.000633,0.000651999999995,0.00028300000001
269,0.543642856,-0.552957798832,-4.61168000578,-8.55099154335,0.176687378107,-0.0202350863605,0.0108298802172,0,0,0,0,0,0,0.101582,0.108672000004,-0.253339999998,0.004367,0.00465200000004,-0.00271699999993
270,0.545648408,-0.344722275379,-4.49188945202,-8.77126354997,0.168495980967,-0.0247458183419,-0.00324803626012,0,0,0,0,0,0,0.101582,0.108672000004,-0.253339999998,0.004367,0.00465200000004,-0.00271699999993
271,0.547643520,-0.314583023697,-4.02016851775,-8.46572102942,0.155830983685,-0.0312179843508,0.00978612436751,0,0,0,0,0,0,0.101582,0.108672000004,-0.253339999998,0.004367,0.00465200000004,-0.00271699999993
272,0.549655684,-0.428306413938,-3.89335634211,-8.94598985772,0.153282901916,-0.0211309135144,0.0123196571421,0,0,0,0,0,0,0.101582,0.108672000004,-0.253339999998,0.004367,0.00465200000004,-0.00271699999993
273,0.551636890,0.109298403011,-3.88920357643,-9.37535695525,0.130662239041,0.00913574703759,-0.00146887677324,0,0,0,0,0,0,0.071582,0.108672000001,-0.0833399999983,0.000367,0.000651999999995,0.00028300000001
274,0.553643704,0.0293978869384,-4.33816173787,-8.68445231303,0.160329902083,-0.0024165638411,0.00520406449434,0,0,0,0,0,0,0.071582,0.108672000001,-0.0833399999983,0.000367,0.000651999999995,0.00028300000001
275,0.555634999,-0.192320543487,-3.90174026586,-8.66616378614,0.15347271975,-0.0224207199373,-0.000144186855726,0,0,0,0,0,0,0.071582,0.108672000001,-0.0833399999983,0.000367,0.000651999999995,0.00028300000001
276,0.557641532,0.396288113056,-4.17362839491,-8.73684162698,0.15245238139,-0.00998081432307,0.0154113242679,0,0,0,0,0,0,0.071582,0.108672000001,-0.0833399999983,0.000367,0.000651999999995,0.00028300000001
277,0.559644008,-0.435034269639,-4.18472474506,-8.39397232057,0.162628063573,-0.0418868816221,0.00873782530957,0,0,0,0,0,0,0.101582,0.158672000003,-0.213340999997,-0.002633,-0.000348000000021,0.00128299999999
278,0.561676079,-0.0269451965184,-4.49253305369,-8.22829523033,0.176531408556,-0.0315666631554,0.0103180342371,0,0,0,0,0,0,0.101582,0.158672000003,-0.213340999997,-0.002633,-0.000348000000021,0.00128299999999
279,0.563690227,0.133463222617,-4.25204068589,-8.01410594034,0.163937854128,-0.0133783170953,0.00873282321451,0,0,0,0,0,0,0.101582,0.158672000003,-0.213340999997,-0.002633,-0.000348000000021,0.00128299999999
280,0.565627400,-0.790953111853,-4.25439723918,-8.59016551457,0.162810820066,-0.0421564665704,0.0155378838888,0,0,0,0,0,0,0.101582,0.158672000003,-0.213340999997,-0.002633,-0.000348000000021,0.00128299999999
281,0.567655324,0.319648306167,-3.79272940439,-8.57251252728,0.14431077827,-0.00435245034384,0.0180078968394,0,0,0,0,0,0,0.111582,0.128672000004,-0.263339999998,0.002367,0.00165200000001,-0.000716999999974
282,0.569617514,-0.314682416545,-4.20900984548,-9.05462777777,0.162838936575,-0.0249738873884,0.0127249806334,0,0,0,0,0,0,0.111582,0.128672000004,-0.263339999998,0.002367,0.00165200000001,-0.000716999999974
283,0.571631020,-0.424944669889,-3.72102280655,-9.03609043697,0.147165307686,-0.0211554550183,0.0156111615783,0,0,0,0,0,0,0.111582,0.128672000004,-0.263339999998,0.002367,0.00165200000001,-0.000716999999974
284,0.573643886,0.450274494484,-3.88566956405,-8.83375565436,0.145220131341,0.00230394501561,0.0169409665466,0,0,0,0,0,0,0.111582,0.128672000004,-0.263339999998,0.002367,0.00165200000001,-0.000716999999974
285,0.575644208,-0.112139368646,-4.18022190869,-9.38470950504,0.14376617032,0.00500224035637,0.00733207264459,0,0,0,0,0,0,0.121582,0.128672000005,-0.283339999998,0.000367,0.00165200000001,-0.000716999999974
286,0.577662343,-0.018574001716,-4.04720283299,-8.99896198408,0.151342906149,-0.00778975792689,0.0145539721548,0,0,0,0,0,0,0.121582,0.128672000005,-0.283339999998,0.000367,0.00165200000001,-0.000716999999974
287,0.579632448,-0.103003478531,-4.06895132776,-8.99339440048,0.146552475692,-0.0080357202839,0.00685745146457,0,0,0,0,0,0,0.121582,0.128672000005,-0.283339999998,0.000367,0.00165200000001,-0.000716999999974
288,0.581648038,-0.0158287605601,-4.23085766508,-8.81545806099,0.155450427306,-0.0131975662572,0.0160894459648,0,0,0,0,0,0,0.121582,0.128672000005,-0.283339999998,0.000367,0.00165200000001,-0.000716999999974
289,0.583636147,-0.824281692885,-4.18720091681,-9.01355979004,0.14671624812,-0.0297585594117,0.00618939584633,0,0,0,0,0,0,0.111582,0.118672000003,-0.183339999998,0.001367,0.00465200000004,-0.00271699999993
290,0.585644424,-0.376262204825,-3.854722517,-8.94281775657,0.136762281672,-0.0168283816957,0.00524970977823,0,0,0,0,0,0,0.111582,0.118672000003,-0.183339999998,0.001367,0.00465200000004,-0.00271699999993
291,0.587625930,-0.231759386481,-3.86206301063,-9.05767367036,0.141095264413,-0.0128037575176,-0.00543175078979,0,0,0,0,0,0,0.111582,0.118672000003,-0.183339999998,0.001367,0.00465200000004,-0.00271699999993
292,0.589618427,-0.0247159915568,-3.98051144171,-9.08632368491,0.145043641553,-0.00449198788454,0.00239113562966,0,0,0,0,0,0,0.111582,0.118672000003,-0.183339999998,0.001367,0.00465200000004,-0.00271699999993
293,0.591628457,0.263074690993,-4.13137400347,-8.92439600207,0.148512075008,-0.00870462874341,0.000320305498658,0,0,0,0,0,0,0.121582,0.118672000002,-0.143338999998,-0.001633,-0.001348,0.000282999999978
294,0.593644949,0.155303562907,-3.86287379977,-9.04608650134,0.12922573715,0.00386384793046,0.00791157863131,0,0,0,0,0,0,0.121582,0.118672000002,-0.143338999998,-0.001633,-0.001348,0.000282999999978
295,0.595625484,0.169987297099,-4.02065726029,-9.08889255629,0.133217821224,0.0106701755801,-0.00531028629047,0,0,0,0,0,0,0.121582,0.118672000002,-0.143338999998,-0.001633,-0.001348,0.000282999999978
296,0.597639792,-0.109277685097,-4.16158711617,-9.11027216145,0.146254139833,-0.013429685266,-0.0060497153547,0,0,0,0,0,0,0.121582,0.118672000002,-0.143338999998,-0.001633,-0.001348,0.000282999999978
297,0.599621810,0.106322268223,-3.6990204877,-9.25249100332,0.129352612788,-0.00187880132081,-0.00441632465201,0,0,0,0,0,0,0.121582,0.168672000001,-0.0533389999973,-0.001633,-0.00134800000002,0.00128299999998
298,0.601631038,0.00412536276788,-3.96827811568,-9.5121415574,0.128982406727,0.0112866767233,0.00631951162183,0,0,0,0,0,0,0.121582,0.168672000001,-0.0533389999973,-0.001633,-0.00134800000002,0.00128299999998
299,0.603644144,0.0182444718114,-3.78352891276,-9.24003077439,0.123479832247,0.00587822964277,-0.00271347993336,0,0,0,0,0,0,0.121582,0.168672000001,-0.0533389999973,-0.001633,-0.00134800000002,0.00128299999998
300,0.605635659,-0.0571766768356,-3.75015487566,-9.42847781214,0.126345438196,0.00158199560903,-0.00791934285699,0,0,0,0,0,0,0.121582,0.168672000001,-0.0533389999973,-0.001633,-0.00134800000002,0.00128299999998
301,0.607657020,0.263600351226,-3.94011469935,-9.58492976867,0.125121145613,0.0160820430098,-0.00995875217175,0,0,0,0,0,0,0.151582,0.158672000002,-0.133338999997,-0.002633,-0.00234800000004,0.00228299999996
302,0.609651351,-0.47504496633,-3.68514826067,-9.48129857651,0.141881959377,-0.0157534663649,0.00437597372236,0,0,0,0,0,0,0.151582,0.158672000002,-0.133338999997,-0.002633,-0.00234800000004,0.00228299999996
303,0.611629771,-0.317534354801,-4.20936932708,-8.94099960815,0.159839084995,-0.0218704854631,0.0175728509504,0,0,0,0,0,0,0.151582,0.158672000002,-0.133338999997,-0.002633,-0.00234800000004,0.00228299999996
304,0.613632287,0.00140520006577,-3.95051873852,-8.49989210597,0.154913627443,-0.0172547226919,0.000899776085623,0,0,0,0,0,0,0.151582,0.158672000002,-0.133338999997,-0.002633,-0.00234800000004,0.00228299999996
305,0.615638991,-0.0609332699783,-4.35978805614,-8.61644388064,0.161933536797,-0.0156087619255,0.015854051403,0,0,0,0,0,0,0.141582,0.138672000002,-0.123340999998,-0.000633,0.000652000000011,-0.00071699999999
306,0.617654731,0.0804262149504,-3.74937189688,-8.91742607921,0.138979969625,-0.00639287395114,0.00065953247248,0,0,0,0,0,0,0.141582,0.138672000002,-0.123340999998,-0.000633,0.000652000000011,-0.00071699999999
307,0.619641418,-0.644891171971,-3.82031968117,-8.93279968829,0.135292399419,-0.0241435253846,-0.0108679754489,0,0,0,0,0,0,0.141582,0.138672000002,-0.123340999998,-0.000633,0.000652000000011,-0.00071699999999
308,0.621635909,-0.476000580642,-3.90945988902,-9.0469277327,0.149107050491,-0.0237519671258,-0.000607066421383,0,0,0,0,0,0,0.141582,0.138672000002,-0.123340999998,-0.000633,0.000652000000011,-0.00071699999999
309,0.623635650,-0.23878514159,-3.87084485727,-9.04605461938,0.149700337899,-0.023031536346,0.0112522421047,0,0,0,0,0,0,0.091582,0.148672000003,-0.183339999998,0.000367,0.002652,0.000283000000042
310,0.625647683,-0.0907386716198,-3.6715276593,-9.06578389456,0.133173478759,-0.00490576235511,0.0108043256213,0,0,0,0,0,0,0.091582,0.148672000003,-0.183339999998,0.000367,0.002652,0.000283000000042
311,0.627642575,-0.147110300071,-3.93667056149,-8.52944416598,0.150853308418,-0.0186737597063,0.0101348793245,0,0,0,0,0,0,0.091582,0.148672000003,-0.183339999998,0.000367,0.002652,0.000283000000042
312,0.629637807,0.277823690822,-4.12805376414,-8.48702471853,0.163259917381,-0.0117855993842,0.0051828540158,0,0,0,0,0,0,0.091582,0.148672000003,-0.183339999998,0.000367,0.002652,0.000283000000042
313,0.631668445,-0.417774234804,-3.79597197489,-8.85799829355,0.140867340698,-0.0202503029061,0.00474325439044,0,0,0,0,0,0,0.101582,0.148672000002,-0.113339999998,-0.000633,0.00165199999998,0.00128300000003
314,0.633697811,-0.454708446066,-4.12033454837,-9.06793702262,0.149839478738,-0.0113112941958,0.0033099101169,0,0,0,0,0,0,0.101582,0.148672000002,-0.113339999998,-0.000633,0.00165199999998,0.00128300000003
315,0.635557480,0.00963016730229,-3.85650236886,-8.92967277314,0.157141711217,-0.00876578559101,0.00882859191748,0,0,0,0,0,0,0.101582,0.148672000002,-0.113339999998,-0.000633,0.00165199999998,0.00128300000003
316,0.637689358,0.274090942321,-4.0546652531,-8.92656914935,0.157668159076,-0.0113684498565,0.00648552231771,0,0,0,0,0,0,0.101582,0.148672000002,-0.113339999998,-0.000633,0.00165199999998,0.00128300000003
317,0.639657960,-0.325590796084,-4.40376921609,-8.67843440521,0.158458999762,-0.0223717404981,0.00653444631338,0,0,0,0,0,0,0.101582,0.108672000002,-0.113339999998,-0.000633,0.000651999999979,0.00128300000001
318,0.641675795,0.398350525646,-4.0371702617,-8.58954394888,0.154225316992,-0.00876953388169,0.00854485186949,0,0,0,0,0,0,0.101582,0.108672000002,-0.113339999998,-0.000633,0.000651999999979,0.00128300000001
319,0.643652272,-0.161712058261,-4.03205993858,-8.76558354912,0.151030533535,-0.0176922619038,0.0135890495578,0,0,0,0,0,0,0.101582,0.108672000002,-0.113339999998,-0.000633,0.000651999999979,0.00128300000001
320,0.645662072,-0.0290830038665,-4.24251212501,-8.92305557137,0.160889251794,-0.0141072925538,0.00504618545277,0,0,0,0,0,0,0.101582,0.108672000002,-0.113339999998,-0.000633,0.000651999999979,0.00128300000001
321,0.647648798,0.236419318298,-4.40351907819,-8.7033991718,0.163299211439,-0.00962293826362,0.00688035093786,0,0,0,0,0,0,0.131582,0.138672000003,-0.213340999998,-0.000633,0.00265200000001,-0.000716999999958
322,0.649653097,-0.212949204689,-4.36055884094,-8.41460537534,0.164410762862,-0.023400259479,0.0099291273449,0,0,0,0,0,0,0.131582,0.138672000003,-0.213340999998,-0.000633,0.00265200000001,-0.000716999999958
323,0.651666433,-0.297276739873,-4.12771670507,-8.59321653607,0.153866332036,-0.0170397985027,0.012187668422,0,0,0,0,0,0,0.131582,0.138672000003,-0.213340999998,-0.000633,0.00265200000001,-0.000716999999958
324,0.653673608,0.337989376357,-4.01755670246,-8.65451801254,0.149496931712,-0.00906894047718,0.00945384513687,0,0,0,0,0,0,0.131582,0.138672000003,-0.213340999998,-0.000633,0.00265200000001,-0.000716999999958
325,0.655652359,-0.127950416935,-4.08707461593,-8.96802478771,0.15623714015,-0.0124173754855,0.00553386870842,0,0,0,0,0,0,0.071582,0.118672000005,-0.323338999998,0.006367,0.0106520000001,-0.00571699999983
326,0.657683659,-0.355864478176,-4.26969705273,-8.86227698241,0.162415416472,-0.0181522669746,0.0124770572843,0,0,0,0,0,0,0.071582,0.118672000005,-0.323338999998,0.006367,0.0106520000001,-0.00571699999983
327,0.659657782,0.0893019933276,-4.04597142949,-8.61616849622,0.157762543361,-0.007733439476,0.00852956251459,0,0,0,0,0,0,0.071582,0.118672000005,-0.323338999998,0.006367,0.0106520000001,-0.00571699999983
328,0.661667842,-0.257401217048,-4.15323587182,-8.82575598463,0.156668458872,-0.0185295928464,0.00115845150787,0,0,0,0,0,0,0.071582,0.118672000005,-0.323338999998,0.006367,0.0106520000001,-0.00571699999983
329,0.663700704,-0.0956113227304,-4.06089723399,-8.72907716824,0.160346716414,-0.0148972622224,0.014646908867,0,0,0,0,0,0,0.041582,0.0786720000021,-0.133338999999,0.007367,0.00665200000008,-0.00471699999989
330,0.665666542,0.409518328643,-3.81300448874,-8.51527140365,0.152442985937,-0.0161233061551,0.0113228447734,0,0,0,0,0,0,0.041582,0.0786720000021,-0.133338999999,0.007367,0.00665200000008,-0.00471699999989
331,0.667672755,0.063975851911,-3.9189914634,-8.43892337035,0.158477095447,-0.0178307781189,0.00559042020515,0,0,0,0,0,0,0.041582,0.0786720000021,-0.133338999999,0.007367,0.00665200000008,-0.00471699999989
332,0.669649362,0.0598480575265,-4.17040856879,-8.61067258484,0.162718049436,-0.0223036537789,0.0169924158315,0,0,0,0,0,0,0.041582,0.0786720000021,-0.133338999999,0.007367,0.00665200000008,-0.00471699999989
333,0.671689468,0.141196796638,-3.9896461861,-8.49641117002,0.160062285476,-0.0212543809721,0.00993120481821,0,0,0,0,0,0,0.061582,0.0886720000015,-0.0933399999986,0.006367,0.00665200000006,-0.00371699999989
334,0.673514873,-0.469808610724,-4.09992854904,-8.66624966156,0.171004457396,-0.0323933886553,0.00394633894929,0,0,0,0,0,0,0.061582,0.0886720000015,-0.0933399999986,0.006367,0.00665200000006,-0.00371699999989
335,0.675527598,-0.23666206192,-4.17246887005,-8.47913474498,0.165288045848,-0.0240058081379,0.00676931349006,0,0,0,0,0,0,0.061582,0.0886720000015,-0.0933399999986,0.006367,0.00665200000006,-0.00371699999989
336,0.677533129,-0.0646827675249,-4.07601512978,-8.62797709578,0.153148975429,-0.0188650618502,0.0121327532433,0,0,0,0,0,0,0.061582,0.0886720000015,-0.0933399999986,0.006367,0.00665200000006,-0.00371699999989
337,0.679547978,-0.499808353743,-4.49912348561,-8.22899347707,0.169664371164,-0.0303444640529,0.00763493255984,0,0,0,0,0,0,0.101582,0.0886720000007,-0.0433409999986,0.002367,0.00365200000003,-0.00171699999994
338,0.681589437,-0.452483729745,-4.21839866276,-8.53242612762,0.151231098384,-0.0337638439312,0.0121351635704,0,0,0,0,0,0,0.101582,0.0886720000007,-0.0433409999986,0.002367,0.00365200000003,-0.00171699999994
339,0.683589718,-0.485275328525,-3.96892356054,-8.85487469769,0.161373096594,-0.0262427331746,0.0124685318852,0,0,0,0,0,0,0.101582,0.0886720000007,-0.0433409999986,0.002367,0.00365200000003,-0.00171699999994
340,0.685597754,-0.110447991122,-4.23469435095,-8.50342936282,0.159092455108,-0.0182339879719,0.00959637825646,0,0,0,0,0,0,0.101582,0.0886720000007,-0.0433409999986,0.002367,0.00365200000003,-0.00171699999994
341,0.687671533,0.185085743866,-4.0203791376,-8.57979489618,0.147112061813,-0.00274846181443,0.0042961242637,0,0,0,0,0,0,0.041582,0.0686719999996,0.0266610000011,0.007367,0.00965200000008,-0.00471699999985
342,0.689543566,0.131968411683,-4.03110237869,-8.53677064059,0.155378455673,-0.0112130894581,0.0116950039682,0,0,0,0,0,0,0.041582,0.0686719999996,0.0266610000011,0.007367,0.00965200000008,-0.00471699999985
343,0.691554958,-0.00694650587207,-4.49245818897,-8.99893246478,0.157355398116,-0.0144799084923,0.000426759800844,0,0,0,0,0,0,0.041582,0.0686719999996,0.0266610000011,0.007367,0.00965200000008,-0.00471699999985
344,0.693563846,0.0114799409651,-3.91729713497,-8.78600523112,0.145427009834,-0.00715988986396,0.00247048413843,0,0,0,0,0,0,0.041582,0.0686719999996,0.0266610000011,0.007367,0.00965200000008,-0.00471699999985
345,0.695554540,0.0647561269358,-3.98421122574,-8.85118390125,0.145298442553,-0.0145668057405,0.00445023490671,0,0,0,0,0,0,0.081582,0.0886720000029,-0.183339999999,0.005367,0.00565200000004,-0.00271699999991
346,0.697677541,-0.22701308313,-3.92030759707,-8.85051849743,0.146635613065,-0.0151924948226,0.0116566350114,0,0,0,0,0,0,0.081582,0.0886720000029,-0.183339999999,0.005367,0.00565200000004,-0.00271699999991
347,0.699534965,-0.0439477346454,-4.3490157781,-8.7157799736,0.166237485994,-0.00354151819205,0.012015562358,0,0,0,0,0,0,0.081582,0.0886720000029,-0.183339999999,0.005367,0.00565200000004,-0.00271699999991
348,0.701536750,-0.46395322173,-4.20901861408,-8.73932183723,0.15764715558,-0.0128119631212,0.00045712720035,0,0,0,0,0,0,0.081582,0.0886720000029,-0.183339999999,0.005367,0.00565200000004,-0.00271699999991
349,0.703693354,-0.00791435685176,-4.07343997508,-8.43837817015,0.149584346872,-0.00647986637665,0.000512504382923,0,0,0,0,0,0,0.071582,0.0986720000033,-0.203340999998,0.004367,0.00565200000004,-0.00271699999991
350,0.705545919,-0.119328524887,-3.85427489553,-8.79061336014,0.141042001473,-0.0116553009849,0.0100182798328,0,0,0,0,0,0,0.071582,0.0986720000033,-0.203340999998,0.004367,0.00565200000004,-0.00271699999991
351,0.707544517,-0.426221468652,-4.22487624611,-8.85223942775,0.154588946461,-0.0241568269808,0.00733048582908,0,0,0,0,0,0,0.071582,0.0986720000033,-0.203340999998,0.004367,0.00565200000004,-0.00271699999991
352,0.709551241,0.310111346124,-4.02989755509,-8.86379818059,0.155325406876,0.00193148739673,0.00523812810018,0,0,0,0,0,0,0.071582,0.0986720000033,-0.203340999998,0.004367,0.00565200000004,-0.00271699999991
353,0.711547586,0.0282444309617,-4.30755154833,-8.82774033484,0.161723892272,-0.00767711593508,0.00244673353391,0,0,0,0,0,0,0.021582,0.0686720000021,-0.133338999999,0.006367,0.00765200000006,-0.00371699999988
354,0.713539933,0.155874575252,-3.86625088123,-8.27963978288,0.14909387106,-0.0101188474314,0.00316844459269,0,0,0,0,0,0,0.021582,0.0686720000021,-0.133338999999,0.006367,0.00765200000006,-0.00371699999988
355,0.715542459,-0.078156429382,-4.0189349279,-8.83742955506,0.154602574534,-0.0134351362256,0.0135596159465,0,0,0,0,0,0,0.021582,0.0686720000021,-0.133338999999,0.006367,0.00765200000006,-0.00371699999988
356,0.717552729,-0.233798998106,-3.94466514384,-8.83616143378,0.144545617491,-0.000872064709469,0.000630601483926,0,0,0,0,0,0,0.021582,0.0686720000021,-0.133338999999,0.006367,0.00765200000006,-0.00371699999988
357,0.719546208,0.281038857189,-4.14721633892,-8.79198333848,0.155810621984,-0.00360977865552,0.0117335688094,0,0,0,0,0,0,0.011582,0.0786720000017,-0.103339999999,0.008367,0.00965200000006,-0.00371699999985
358,0.721561458,-0.316806114083,-4.13829534264,-8.73151818709,0.150480336356,-0.00911055480044,0.00624710685437,0,0,0,0,0,0,0.011582,0.0786720000017,-0.103339999999,0.008367,0.00965200000006,-0.00371699999985
359,0.723556499,0.0436171400667,-4.25267082341,-8.81560444332,0.160987928151,-0.0133585569587,-0.00605178506818,0,0,0,0,0,0,0.011582,0.0786720000017,-0.103339999999,0.008367,0.00965200000006,-0.00371699999985
360,0.725547664,0.126590582365,-4.05471058016,-8.41216141238,0.154411815187,-0.0121401951032,0.00632021969698,0,0,0,0,0,0,0.011582,0.0786720000017,-0.103339999999,0.008367,0.00965200000006,-0.00371699999985
361,0.727548967,-0.184514790877,-4.28182445442,-8.25860255291,0.162958614463,-0.0207858130466,0.00622428774617,0,0,0,0,0,0,0.031582,0.0686720000041,-0.253339999999,0.009367,0.0106520000001,-0.00471699999983
362,0.729559428,0.145202178097,-3.94810502148,-8.69555754633,0.14519577246,0.00258224090024,0.00070726663293,0,0,0,0,0,0,0.031582,0.0686720000041,-0.253339999999,0.009367,0.0106520000001,-0.00471699999983
363,0.731548789,-0.109767943667,-3.3644878241,-8.91985981485,0.126080311792,-0.00866812336625,-0.000229279238919,0,0,0,0,0,0,0.031582,0.0686720000041,-0.253339999999,0.009367,0.0106520000001,-0.00471699999983
364,0.733555954,0.203679021451,-3.93590169739,-8.8694817036,0.141821906892,0.00342003278311,0.00106379857644,0,0,0,0,0,0,0.031582,0.0686720000041,-0.253339999999,0.009367,0.0106520000001,-0.00471699999983
365,0.735548311,-0.131018935728,-4.16850415222,-8.7774463707,0.142746958526,-0.0112724923189,0.000630965662418,0,0,0,0,0,0,0.081582,0.0886720000037,-0.233338999999,0.003367,0.00465200000003,-0.00171699999993
366,0.737580963,-0.241725375313,-3.9901100128,-9.09522942662,0.149026274339,-0.00910187233908,0.00945923295782,0,0,0,0,0,0,0.081582,0.0886720000037,-0.233338999999,0.003367,0.00465200000003,-0.00171699999993
367,0.739559074,-0.530069974994,-4.00085366779,-9.00819798298,0.136627902923,-0.00253652127181,-0.00335941556723,0,0,0,0,0,0,0.081582,0.0886720000037,-0.233338999999,0.003367,0.00465200000003,-0.00171699999993
368,0.741564024,-0.00581940002122,-3.72375633854,-9.14226104548,0.126933289818,0.000796811761934,0.000516289609094,0,0,0,0,0,0,0.081582,0.0886720000037,-0.233338999999,0.003367,0.00465200000003,-0.00171699999993
369,0.743558645,0.371767488145,-3.99482116871,-8.88138575431,0.143963292299,0.00542999447988,0.00186700245651,0,0,0,0,0,0,0.061582,0.0986720000041,-0.253339999998,0.004367,0.00565200000004,-0.00271699999991
370,0.745559317,-0.362364821443,-4.08616997107,-8.74043893516,0.150015657412,-0.014409344826,0.00049384156084,0,0,0,0,0,0,0.061582,0.0986720000041,-0.253339999998,0.004367,0.00565200000004,-0.00271699999991
371,0.747550682,-0.237279067464,-4.01330212681,-8.49594171473,0.149545093195,-0.0210827376803,0.0089740356713,0,0,0,0,0,0,0.061582,0.0986720000041,-0.253339999998,0.004367,0.00565200000004,-0.00271699999991
372,0.749557887,-0.393569608203,-4.09601894154,-8.65775158051,0.161827854863,-0.0293700483462,0.00756952023998,0,0,0,0,0,0,0.061582,0.0986720000041,-0.253339999998,0.004367,0.00565200000004,-0.00271699999991
373,0.751556646,0.190097429895,-3.93539113368,-8.54445839021,0.156324791468,-0.0122299601622,0.00694113039517,0,0,0,0,0,0,0.071582,0.108672000005,-0.323338999998,0.004367,0.00665200000006,-0.00371699999989
374,0.753586302,0.174450380351,-3.99386600647,-8.77655793989,0.147810867936,-0.00861832781488,0.000463469967083,0,0,0,0,0,0,0.071582,0.108672000005,-0.323338999998,0.004367,0.00665200000006,-0.00371699999989
375,0.755565815,0.150195403562,-3.82333340442,-8.59368297333,0.140249748421,-0.011815050279,0.00302448701268,0,0,0,0,0,0,0.071582,0.108672000005,-0.323338999998,0.004367,0.00665200000006,-0.00371699999989
376,0.757584802,-0.151495297268,-3.97574152566,-8.87806192149,0.148971178775,-0.0269915423805,-0.00448918623716,0,0,0,0,0,0,0.071582,0.108672000005,-0.323338999998,0.004367,0.00665200000006,-0.00371699999989
377,0.759565036,-0.0108524362316,-3.71336664773,-8.78972134241,0.138593315926,-0.0132021291099,0.00585548825385,0,0,0,0,0,0,0.101582,0.118672000004,-0.263339999998,0.002367,0.00365200000003,-0.00171699999994
378,0.761580867,0.219772660186,-4.20237629539,-8.78207499689,0.155316736568,-0.00294289353227,0.00579284660417,0,0,0,0,0,0,0.101582,0.118672000004,-0.263339999998,0.002367,0.00365200000003,-0.00171699999994
379,0.763732632,-0.014576367828,-3.87879059537,-8.65470729119,0.144122088221,-0.00847857963287,0.00423970714143,0,0,0,0,0,0,0.101582,0.118672000004,-0.263339999998,0.002367,0.00365200000003,-0.00171699999994
380,0.765572884,0.0316137848883,-3.9527782669,-8.75096788919,0.137521470635,0.0013250733306,0.0112070857941,0,0,0,0,0,0,0.101582,0.118672000004,-0.263339999998,0.002367,0.00365200000003,-0.00171699999994
381,0.767571954,-0.431127639811,-4.29114152055,-8.59120308374,0.161277439666,-0.023371900268,0.00519531061982,0,0,0,0,0,0,0.131582,0.118672000001,-0.0433409999981,-0.003633,-0.001348,0.000282999999978
382,0.769583897,-0.331707464719,-3.72431339043,-8.51054514421,0.154413192261,-0.0217282828638,0.0100578594802,0,0,0,0,0,0,0.131582,0.118672000001,-0.0433409999981,-0.003633,-0.001348,0.000282999999978
383,0.771585722,0.140267903818,-4.51959636601,-8.59636594164,0.168730892549,-0.00772003381441,0.00714776823473,0,0,0,0,0,0,0.131582,0.118672000001,-0.0433409999981,-0.003633,-0.001348,0.000282999999978
384,0.773592766,-0.0421197490062,-4.12723502326,-8.56123775294,0.158807437013,-0.00993823706392,0.0078452398651,0,0,0,0,0,0,0.131582,0.118672000001,-0.0433409999981,-0.003633,-0.001348,0.000282999999978
385,0.775585534,-0.371638628925,-4.28756646355,-8.90801636274,0.152815980324,-0.018176648559,0.0140517660076,0,0,0,0,0,0,0.061582,0.108672000001,-0.0433409999983,0.001367,0.00365200000003,-0.00171699999994
386,0.777572540,-0.29338010359,-4.45800648469,-8.97738608349,0.159167248012,-0.0103490919242,-0.00449537276059,0,0,0,0,0,0,0.061582,0.108672000001,-0.0433409999983,0.001367,0.00365200000003,-0.00171699999994
387,0.779573413,-0.251354668913,-3.92041391662,-8.97536652395,0.139840740762,-0.00391168945009,0.0090390296601,0,0,0,0,0,0,0.061582,0.108672000001,-0.0433409999983,0.001367,0.00365200000003,-0.00171699999994
388,0.781595065,-0.159398256564,-3.7844755805,-8.89998295533,0.133467738928,-0.0172616389285,-0.00638927592964,0,0,0,0,0,0,0.061582,0.108672000001,-0.0433409999983,0.001367,0.00365200000003,-0.00171699999994
389,0.783583495,-0.146945048951,-3.85637134893,-8.61474900981,0.142977617635,-0.0185682326292,-0.00128544532023,0,0,0,0,0,0,-0.028418,0.0886719999993,0.0466590000014,0.006367,0.00965200000004,-0.00271699999985
390,0.785597693,0.0444161697001,-4.09609571381,-8.82764172443,0.135758310255,0.00361602103278,-0.000358125956342,0,0,0,0,0,0,-0.028418,0.0886719999993,0.0466590000014,0.006367,0.00965200000004,-0.00271699999985
391,0.787593586,0.360629947929,-3.93871905427,-8.5314567838,0.140561564798,0.000795960494615,0.00381898414602,0,0,0,0,0,0,-0.028418,0.0886719999993,0.0466590000014,0.006367,0.00965200000004,-0.00271699999985
392,0.789609286,-0.18203129768,-4.10700703391,-8.83018548759,0.151501141958,-0.0100132630672,0.00571397835426,0,0,0,0,0,0,-0.028418,0.0886719999993,0.0466590000014,0.006367,0.00965200000004,-0.00271699999985
393,0.791677675,0.260276978156,-4.02908744398,-9.01801946724,0.136607033704,0.018276056646,-0.00309915188424,0,0,0,0,0,0,-0.028418,0.0986719999991,0.0566600000016,0.004367,0.00665200000003,-0.00171699999989
394,0.793676454,-0.207449497622,-3.77812876936,-9.02802536702,0.116500478633,0.00920732161215,-0.0055781359923,0,0,0,0,0,0,-0.028418,0.0986719999991,0.0566600000016,0.004367,0.00665200000003,-0.00171699999989
395,0.795678559,-0.0799823565028,-3.69078064218,-9.39162024067,0.115819344051,0.0162705465141,-0.0054857141049,0,0,0,0,0,0,-0.028418,0.0986719999991,0.0566600000016,0.004367,0.00665200000003,-0.00171699999989
396,0.797681406,0.0738049096586,-4.18692000239,-9.5184407643,0.122214016228,0.0238284460366,-0.0003174929326,0,0,0,0,0,0,-0.028418,0.0986719999991,0.0566600000016,0.004367,0.00665200000003,-0.00171699999989
397,0.799674885,-0.0459111401009,-3.554558707,-9.28027287703,0.109122214466,0.0231371336937,-0.0093042870975,0,0,0,0,0,0,0.011582,0.0786720000017,-0.103339999999,0.008367,0.00965200000008,-0.00471699999985
398,0.801678703,0.0695455857285,-3.96190034269,-9.30770089924,0.121843706578,0.0171354693274,-0.00523127808548,0,0,0,0,0,0,0.011582,0.0786720000017,-0.103339999999,0.008367,0.00965200000008,-0.00471699999985
399,0.803684405,-0.279173338181,-3.79002109582,-9.27005254688,0.137282275448,-0.000796237179802,-0.000734178666753,0,0,0,0,0,0,0.011582,0.0786720000017,-0.103339999999,0.008367,0.00965200000008,-0.00471699999985
400,0.805695577,-0.596035227293,-4.05427124686,-9.13437916705,0.149564630007,-0.0188880136732,0.00286646757374,0,0,0,0,0,0,0.011582,0.0786720000017,-0.103339999999,0.008367,0.00965200000008,-0.00471699999985
401,0.807679198,-0.349797342744,-3.64869058352,-8.85990408995,0.133474553676,-0.0190620728455,-0.00416338947803,0,0,0,0,0,0,0.131582,0.118672000002,-0.113339999998,-0.003633,-0.00134800000002,0.00128299999998
402,0.809696231,-0.250975423631,-3.98177782508,-9.35704129871,0.133675181982,0.00604603557224,-0.00625271397585,0,0,0,0,0,0,0.131582,0.118672000002,-0.113339999998,-0.003633,-0.00134800000002,0.00128299999998
403,0.811680522,-0.120165827043,-3.88475068011,-9.2367800137,0.133159345189,0.00665413566841,0.00549382795098,0,0,0,0,0,0,0.131582,0.118672000002,-0.113339999998,-0.003633,-0.00134800000002,0.00128299999998
404,0.813698537,-0.160327847067,-3.63453714841,-9.11026553192,0.126935279745,0.00166553841921,-0.00546292069901,0,0,0,0,0,0,0.131582,0.118672000002,-0.113339999998,-0.003633,-0.00134800000002,0.00128299999998
405,0.815688540,-0.183028243739,-3.85908868605,-9.1333728389,0.133605185703,0.00301795161423,-0.00119981351733,0,0,0,0,0,0,0.051582,0.0786719999989,0.0666600000013,0.000367,0.001652,0.000283000000026
406,0.817703729,-0.819364035542,-4.32460359468,-9.08253619615,0.145945273582,-0.0219008766373,0.00402125589015,0,0,0,0,0,0,0.051582,0.0786719999989,0.0666600000013,0.000367,0.001652,0.000283000000026
407,0.819702147,0.185284451604,-3.95151822857,-9.23389888636,0.128961980091,0.00304781395775,-0.00253759776579,0,0,0,0,0,0,0.051582,0.0786719999989,0.0666600000013,0.000367,0.001652,0.000283000000026
408,0.821720693,-0.189732852028,-3.98992126011,-9.25327228447,0.136813258064,0.00192039090361,-0.00551766456155,0,0,0,0,0,0,0.051582,0.0786719999989,0.0666600000013,0.000367,0.001652,0.000283000000026
409,0.823708802,0.304009879827,-4.03327050329,-8.96209209952,0.135977957792,0.0160074058477,0.00136423772124,0,0,0,0,0,0,0.081582,0.118672000001,-0.0633389999981,0.000367,0.002652,0.000283000000042
410,0.825712390,-0.0270101732652,-3.81491977297,-9.2969327785,0.120823248942,0.0127552124198,0.00014542896735,0,0,0,0,0,0,0.081582,0.118672000001,-0.0633389999981,0.000367,0.002652,0.000283000000042
411,0.827705178,0.286721525854,-4.11555455604,-9.05007637531,0.139604966461,0.0144913342459,-0.00180913195016,0,0,0,0,0,0,0.081582,0.118672000001,-0.0633389999981,0.000367,0.002652,0.000283000000042
412,0.829709918,-0.151267283266,-3.97717955341,-8.88909477289,0.149815361507,-0.010768242782,0.00541757585495,0,0,0,0,0,0,0.081582,0.118672000001,-0.0633389999981,0.000367,0.002652,0.000283000000042
413,0.831708887,-0.284990371257,-3.86872068321,-8.74364417459,0.143477376152,-0.00938236821069,0.00295796681186,0,0,0,0,0,0,0.121582,0.128672000001,-0.0733389999979,-0.002633,-0.000348000000021,0.00128299999999
414,0.833715060,0.0123833350197,-3.952847405,-8.8680473252,0.139434749524,0.00795092509949,0.00980891505755,0,0,0,0,0,0,0.121582,0.128672000001,-0.0733389999979,-0.002633,-0.000348000000021,0.00128299999999
415,0.835708238,-0.686245732333,-4.28692440834,-8.86599747347,0.150578085145,-0.019434274713,0.00310264797011,0,0,0,0,0,0,0.121582,0.128672000001,-0.0733389999979,-0.002633,-0.000348000000021,0.00128299999999
416,0.837715403,-0.0902536288316,-4.14463547245,-8.76872094909,0.163168361832,-0.0187910084641,0.00332078871586,0,0,0,0,0,0,0.121582,0.128672000001,-0.0733389999979,-0.002633,-0.000348000000021,0.00128299999999
417,0.839759025,-0.240179501069,-4.12858151389,-8.54734899609,0.159453018464,-0.0091295256063,0.00922040460122,0,0,0,0,0,0,0.141582,0.138672000003,-0.163339999998,-0.002633,0.000652000000011,-0.00071699999999
418,0.841730283,-0.0585759629451,-4.3078056598,-8.52562189533,0.158871957348,-0.0106650172798,0.0232745794714,0,0,0,0,0,0,0.141582,0.138672000003,-0.163339999998,-0.002633,0.000652000000011,-0.00071699999999
419,0.843701600,0.11939912598,-4.03858375858,-8.54156598818,0.156801642154,-0.0120394781331,0.0119843387343,0,0,0,0,0,0,0.141582,0.138672000003,-0.163339999998,-0.002633,0.000652000000011,-0.00071699999999
420,0.845714455,-0.11546412144,-3.78066912871,-8.69035718602,0.141862753919,-0.0190514549739,0.00492860393868,0,0,0,0,0,0,0.141582,0.138672000003,-0.163339999998,-0.002633,0.000652000000011,-0.00071699999999
421,0.847718384,0.0311436291178,-3.99860820255,-8.46875318869,0.154487280401,-0.00264058472227,0.00831739299957,0,0,0,0,0,0,0.151582,0.178672,-0.0233399999971,-0.007633,-0.00234800000002,0.00128299999996
422,0.849699570,0.00956644079899,-3.91528694385,-8.7412090794,0.155023741424,-0.014020900412,0.00795255735853,0,0,0,0,0,0,0.151582,0.178672,-0.0233399999971,-0.007633,-0.00234800000002,0.00128299999996
423,0.851722494,-0.155826130539,-3.90507061017,-8.5899712425,0.151961833582,-0.0162612884511,0.0140000650424,0,0,0,0,0,0,0.151582,0.178672,-0.0233399999971,-0.007633,-0.00234800000002,0.00128299999996
424,0.853737954,-0.0139293023906,-3.93382316203,-8.71286943335,0.159111201173,-0.0164356506081,0.00517904148735,0,0,0,0,0,0,0.151582,0.178672,-0.0233399999971,-0.007633,-0.00234800000002,0.00128299999996
425,0.855731584,0.284343127333,-3.69023793873,-8.68924112586,0.14047946053,-0.0107196065074,0.00581852186829,0,0,0,0,0,0,0.121582,0.128671999999,0.0666600000021,-0.003633,-0.00134800000002,0.00128299999998
426,0.857735432,-0.160968064374,-3.79096097632,-9.04949022842,0.140114940466,-0.0121441516763,0.019156995399,0,0,0,0,0,0,0.121582,0.128671999999,0.0666600000021,-0.003633,-0.00134800000002,0.00128299999998
427,0.859740152,-0.718706891033,-3.81338709212,-8.62250065121,0.145470209271,-0.0273148240995,0.00515167594368,0,0,0,0,0,0,0.121582,0.128671999999,0.0666600000021,-0.003633,-0.00134800000002,0.00128299999998
428,0.861754099,0.319926016483,-3.90976053146,-8.51655533314,0.151168294654,-0.00590647694384,0.0116478243759,0,0,0,0,0,0,0.121582,0.128671999999,0.0666600000021,-0.003633,-0.00134800000002,0.00128299999998
429,0.863739192,0.0265620434208,-4.13697388618,-8.54689291392,0.142927462905,-0.00063102869065,0.00436430589123,0,0,0,0,0,0,0.151582,0.148672000003,-0.163339999998,-0.004633,0.00165200000001,-0.000716999999974
430,0.865739885,-0.159197356651,-4.00987886525,-9.12043861594,0.140790572735,-0.000974464667693,-0.00223120447662,0,0,0,0,0,0,0.151582,0.148672000003,-0.163339999998,-0.004633,0.00165200000001,-0.000716999999974
431,0.867705652,-0.0979456774929,-4.06719047675,-9.11623017709,0.141020255025,-0.0106789096186,0.00347842230634,0,0,0,0,0,0,0.151582,0.148672000003,-0.163339999998,-0.004633,0.00165200000001,-0.000716999999974
432,0.869725761,-0.0493238298639,-3.84936359743,-9.10566259031,0.14254673874,-0.00958886777416,-0.00170169995125,0,0,0,0,0,0,0.151582,0.148672000003,-0.163339999998,-0.004633,0.00165200000001,-0.000716999999974
433,0.871723057,0.115279987472,-3.97395800278,-9.17073851257,0.148629241363,-0.000943785671328,0.000770176293317,0,0,0,0,0,0,0.101582,0.148672000004,-0.273339999998,0.000367,0.00465200000003,-0.00171699999993
434,0.873744538,-0.939407579787,-3.85692243098,-9.49867541123,0.129499724591,-0.0188238994598,0.000397841201118,0,0,0,0,0,0,0.101582,0.148672000004,-0.273339999998,0.000367,0.00465200000003,-0.00171699999993
435,0.875724201,0.191338511353,-3.95297542624,-9.04040736039,0.14181715767,0.00317520277382,0.00452692262086,0,0,0,0,0,0,0.101582,0.148672000004,-0.273339999998,0.000367,0.00465200000003,-0.00171699999993
436,0.877726507,-0.398697413811,-3.86255733591,-8.71785042779,0.144906133552,-0.00230083094589,-5.4933643915e-05,0,0,0,0,0,0,0.101582,0.148672000004,-0.273339999998,0.000367,0.00465200000003,-0.00171699999993
437,0.879727690,0.0344878861144,-3.84659365109,-9.12708961685,0.141470600219,-0.00329152301046,0.00814501794623,0,0,0,0,0,0,0.011582,0.108672000004,-0.253339999998,0.007367,0.0126520000001,-0.0047169999998
438,0.881730426,0.107666781075,-4.01304853214,-8.95776577113,0.152456079441,-0.00944468415696,0.00398192307892,0,0,0,0,0,0,0.011582,0.108672000004,-0.253339999998,0.007367,0.0126520000001,-0.0047169999998
439,0.883738523,-0.12588659131,-3.92564535526,-8.95921972906,0.148841477266,-0.0112461477115,0.00525874582263,0,0,0,0,0,0,0.011582,0.108672000004,-0.253339999998,0.007367,0.0126520000001,-0.0047169999998
440,0.885715511,-0.197954118291,-4.1245392638,-8.76868896956,0.154615196678,-0.0159772425892,-0.00348342515761,0,0,0,0,0,0,0.011582,0.108672000004,-0.253339999998,0.007367,0.0126520000001,-0.0047169999998
441,0.887732433,0.0953554692351,-3.93797536998,-8.89563106242,0.151845483217,-0.0142213048535,0.00507351253889,0,0,0,0,0,0,0.021582,0.108672000004,-0.223338999998,0.011367,0.0146520000001,-0.00571699999977
442,0.889728988,0.132119752462,-4.03442366174,-8.74388643384,0.148654719149,-0.000873427067611,0.0078892448873,0,0,0,0,0,0,0.021582,0.108672000004,-0.223338999998,0.011367,0.0146520000001,-0.00571699999977
443,0.891751942,-0.0334822673771,-3.61957761718,-8.99507083228,0.138188151233,-0.00870502459653,0.00113201235281,0,0,0,0,0,0,0.021582,0.108672000004,-0.223338999998,0.011367,0.0146520000001,-0.00571699999977
444,0.893757183,-0.38736814081,-3.83740028275,-8.84339589862,0.139290222532,-0.0217686805122,0.00979344864736,0,0,0,0,0,0,0.021582,0.108672000004,-0.223338999998,0.011367,0.0146520000001,-0.00571699999977
445,0.895749140,-0.27176315436,-3.79805070211,-8.9072240618,0.145129092011,-0.0184970693595,-0.00428386309178,0,0,0,0,0,0,0.071582,0.108672000006,-0.353339999998,0.008367,0.0136520000001,-0.00571699999978
446,0.897763498,-0.261646508362,-3.44937474261,-9.16319849956,0.122961498309,-0.0133452346945,-0.00262750415263,0,0,0,0,0,0,0.071582,0.108672000006,-0.353339999998,0.008367,0.0136520000001,-0.00571699999978
447,0.899704619,-0.154832229638,-3.8916265511,-9.11000028974,0.146495904276,-0.0149383250722,0.00262366677837,0,0,0,0,0,0,0.071582,0.108672000006,-0.353339999998,0.008367,0.0136520000001,-0.00571699999978
448,0.901727112,0.0137383229262,-4.01398731239,-8.82622924989,0.142222709106,-0.00375614900035,0.00921721423295,0,0,0,0,0,0,0.071582,0.108672000006,-0.353339999998,0.008367,0.0136520000001,-0.00571699999978
449,0.903692889,-0.37525157225,-3.99387388178,-9.08862722217,0.144647793011,-0.0150668648512,0.00635329151388,0,0,0,0,0,0,0.091582,0.0986720000044,-0.273339999998,0.007367,0.00665200000006,-0.00371699999989
450,0.905670348,-0.0402089452437,-3.81812020076,-9.20248084536,0.138512438508,-0.00155407716191,0.00322368157139,0,0,0,0,0,0,0.091582,0.0986720000044,-0.273339999998,0.007367,0.00665200000006,-0.00371699999989
451,0.907670359,-0.0523830524009,-3.5709433815,-9.24267608603,0.12909035365,-0.0038441950525,-0.00163366476357,0,0,0,0,0,0,0.091582,0.0986720000044,-0.273339999998,0.007367,0.00665200000006,-0.00371699999989
452,0.909678155,-0.297152031447,-3.96673731986,-9.35194282623,0.137557732041,-0.00551285425668,-0.00424402334548,0,0,0,0,0,0,0.091582,0.0986720000044,-0.273339999998,0.007367,0.00665200000006,-0.00371699999989
453,0.911670552,0.0149872952208,-3.79013110323,-9.35930194845,0.132347965971,0.0110799314001,0.00680156088488,0,0,0,0,0,0,0.101582,0.128672000005,-0.283339999998,0.004367,0.00565200000006,-0.00371699999991
454,0.913686813,0.215089891567,-3.50011373419,-9.30007362287,0.121370093615,0.0114171404866,0.0026470787851,0,0,0,0,0,0,0.101582,0.128672000005,-0.283339999998,0.004367,0.00565200000006,-0.00371699999991
455,0.915641179,-0.0398143882985,-3.8325511651,-9.13236551293,0.139972300361,0.00848892488324,0.00683001965144,0,0,0,0,0,0,0.101582,0.128672000005,-0.283339999998,0.004367,0.00565200000006,-0.00371699999991
456,0.917639908,-0.382327814978,-3.80287760185,-9.42260178884,0.13293880992,-0.00284258746626,0.0112473787316,0,0,0,0,0,0,0.101582,0.128672000005,-0.283339999998,0.004367,0.00565200000006,-0.00371699999991
457,0.919629650,0.358729729404,-3.7571107855,-9.313281024,0.132516167218,0.0120940027946,-0.000739501139126,0,0,0,0,0,0,0.061582,0.128672,0.0266610000021,0.003367,0.00465200000003,-0.00171699999993
458,0.921643217,-0.00457964773954,-4.14490020929,-9.24177070319,0.145511509983,0.0135693542475,0.00130062102114,0,0,0,0,0,0,0.061582,0.128672,0.0266610000021,0.003367,0.00465200000003,-0.00171699999993
459,0.923626877,0.122108027691,-3.76063851614,-9.42769614814,0.1326346739,0.0134087563213,0.0025918951137,0,0,0,0,0,0,0.061582,0.128672,0.0266610000021,0.003367,0.00465200000003,-0.00171699999993
460,0.925645463,-0.0716590633163,-3.91237384247,-9.21062064625,0.130145618616,0.000676178362919,-0.00439815794193,0,0,0,0,0,0,0.061582,0.128672,0.0266610000021,0.003367,0.00465200000003,-0.00171699999993
461,0.927638762,0.406745528966,-3.65746063882,-9.14420379508,0.132437156597,-0.000591494790461,0.00320917773877,0,0,0,0,0,0,0.081582,0.118671999999,0.0666600000019,0.001367,0.00165200000001,-0.000716999999974
462,0.929644574,0.38516853385,-4.33710945923,-9.47121669295,0.152450523582,0.00660218324618,-0.00392986248299,0,0,0,0,0,0,0.081582,0.118671999999,0.0666600000019,0.001367,0.00165200000001,-0.000716999999974
463,0.931632171,-0.108882678699,-3.81280813357,-8.94905474711,0.148827343305,-0.0150423720881,0.00702388567256,0,0,0,0,0,0,0.081582,0.118671999999,0.0666600000019,0.001367,0.00165200000001,-0.000716999999974
464,0.933627794,-0.00320175252248,-3.43740871098,-8.76847275483,0.137768057969,-0.00507194879903,0.0012455503916,0,0,0,0,0,0,0.081582,0.118671999999,0.0666600000019,0.001367,0.00165200000001,-0.000716999999974
465,0.935641922,0.285617702428,-3.94137742864,-9.03170667386,0.157246512738,0.000817495362367,0.00801240737075,0,0,0,0,0,0,0.091582,0.118672000001,-0.0533389999981,0.002367,0.00265200000003,-0.00171699999996
466,0.937654376,0.164192691605,-3.57987648373,-8.86036363164,0.142209844612,-0.0102287483212,0.00283230303199,0,0,0,0,0,0,0.091582,0.118672000001,-0.0533389999981,0.002367,0.00265200000003,-0.00171699999996
467,0.939670357,0.154034254521,-3.90423664416,-8.82848398807,0.149739237802,-0.0153827025991,0.00435017338276,0,0,0,0,0,0,0.091582,0.118672000001,-0.0533389999981,0.002367,0.00265200000003,-0.00171699999996
468,0.941648157,-0.00665019959482,-4.03375952655,-8.81713789148,0.153114870401,-0.0218852165764,0.000961041697967,0,0,0,0,0,0,0.091582,0.118672000001,-0.0533389999981,0.002367,0.00265200000003,-0.00171699999996
469,0.943645143,-0.138526028058,-4.13080372324,-8.79865205569,0.162999007119,-0.0167314790249,0.00912553653676,0,0,0,0,0,0,0.071582,0.108672000002,-0.103339999998,0.002367,0.00365200000003,-0.00171699999994
470,0.945643972,-0.545526785108,-4.06187124431,-8.93959704482,0.166018488978,-0.0261622095395,0.0210394249303,0,0,0,0,0,0,0.071582,0.108672000002,-0.103339999998,0.002367,0.00365200000003,-0.00171699999994
471,0.947642891,-0.198826890412,-3.59058490502,-8.97273498615,0.137947561905,-0.0165427745841,-0.00303213814677,0,0,0,0,0,0,0.071582,0.108672000002,-0.103339999998,0.002367,0.00365200000003,-0.00171699999994
472,0.949644575,-0.00990003496391,-4.13952141804,-8.8874145605,0.158347261651,-0.00960933960331,0.00283221855755,0,0,0,0,0,0,0.071582,0.108672000002,-0.103339999998,0.002367,0.00365200000003,-0.00171699999994
473,0.951650327,0.0230061948913,-4.06138758434,-8.64356151419,0.161514813778,-0.0213699847705,0.00150584745376,0,0,0,0,0,0,0.121582,0.118672000004,-0.253339999998,0.002367,0.00265200000003,-0.00171699999996
474,0.953660557,-0.269325561572,-4.07455269687,-8.62616773176,0.161577497296,-0.0195726271318,0.00648661708811,0,0,0,0,0,0,0.121582,0.118672000004,-0.253339999998,0.002367,0.00265200000003,-0.00171699999996
475,0.955622387,0.0945709502726,-3.81936741775,-8.83359041213,0.154497021692,-0.0166636185633,0.00914686740729,0,0,0,0,0,0,0.121582,0.118672000004,-0.253339999998,0.002367,0.00265200000003,-0.00171699999996
476,0.957637276,-0.229537006844,-4.49000111022,-8.59041552823,0.172145564443,-0.0262541702584,0.0102016903113,0,0,0,0,0,0,0.121582,0.118672000004,-0.253339999998,0.002367,0.00265200000003,-0.00171699999996
477,0.959634001,-0.408437424529,-3.36764759734,-8.66175183002,0.137893502763,-0.0254761677573,0.0111652742305,0,0,0,0,0,0,0.091582,0.148672000004,-0.233338999998,0.001367,0.00265200000001,-0.000716999999958
478,0.961653569,-0.00353604791313,-4.12911460959,-8.53640093958,0.168620136137,-0.0208779675763,0.00411509285323,0,0,0,0,0,0,0.091582,0.148672000004,-0.233338999998,0.001367,0.00265200000001,-0.000716999999958
479,0.963670292,0.794487355008,-3.83657677006,-8.58766438674,0.156098704888,0.00784934048498,0.0107231412558,0,0,0,0,0,0,0.091582,0.148672000004,-0.233338999998,0.001367,0.00265200000001,-0.000716999999958
480,0.965685561,-0.543841111208,-3.32862489172,-8.91770702401,0.124677806866,-0.0211033323807,-0.00166801798187,0,0,0,0,0,0,0.091582,0.148672000004,-0.233338999998,0.001367,0.00265200000001,-0.000716999999958
481,0.967655697,0.428625202674,-3.96695960653,-9.20604018395,0.130295846601,0.015526232333,0.00134352999416,0,0,0,0,0,0,0.091582,0.118672000006,-0.383338999998,0.006367,0.00565200000006,-0.00371699999991
482,0.969641541,-0.306141329696,-3.74647757663,-9.54222862351,0.128527720617,0.00589123945623,0.00184830568811,0,0,0,0,0,0,0.091582,0.118672000006,-0.383338999998,0.006367,0.00565200000006,-0.00371699999991
483,0.971633207,0.240030424064,-4.09521049772,-9.16708528785,0.141794190292,0.012592656842,-0.00287911209533,0,0,0,0,0,0,0.091582,0.118672000006,-0.383338999998,0.006367,0.00565200000006,-0.00371699999991
484,0.973649318,-0.540072468934,-4.12399621751,-8.84863784925,0.150800319427,-0.0275790377629,-0.00168771353254,0,0,0,0,0,0,0.091582,0.118672000006,-0.383338999998,0.006367,0.00565200000006,-0.00371699999991
485,0.975554001,0.0717296237377,-4.18429545373,-8.60530839886,0.154066276486,-0.00577336427929,0.00604663439568,0,0,0,0,0,0,0.101582,0.0986720000047,-0.293340999998,0.003367,0.00365200000003,-0.00171699999994
486,0.977550896,-0.237890158767,-3.99251406964,-8.3859912026,0.155908286611,-0.0165930631303,0.0114656500148,0,0,0,0,0,0,0.101582,0.0986720000047,-0.293340999998,0.003367,0.00365200000003,-0.00171699999994
487,0.979543163,-0.0381722162099,-3.58221638535,-8.4718015954,0.14061644681,-0.0164452006407,0.00257878191543,0,0,0,0,0,0,0.101582,0.0986720000047,-0.293340999998,0.003367,0.00365200000003,-0.00171699999994
488,0.981539617,-0.321230515648,-4.13835853116,-8.79468941206,0.152258256346,-0.0143736157727,0.00903164412993,0,0,0,0,0,0,0.101582,0.0986720000047,-0.293340999998,0.003367,0.00365200000003,-0.00171699999994
489,0.983541091,-0.146867582543,-3.99147795556,-8.76764520821,0.145215373106,-0.00854885970294,0.00328327001629,0,0,0,0,0,0,0.041582,0.0886719999994,0.0366590000014,0.004367,0.00565200000004,-0.00271699999991
490,0.985552003,0.350816559676,-3.70302658735,-8.76882346461,0.132226064267,0.00538287483003,0.00925965256587,0,0,0,0,0,0,0.041582,0.0886719999994,0.0366590000014,0.004367,0.00565200000004,-0.00271699999991
491,0.987534391,-0.658654324699,-3.92292917868,-8.90022114385,0.137373386303,-0.0204957235962,0.0088651898775,0,0,0,0,0,0,0.041582,0.0886719999994,0.0366590000014,0.004367,0.00565200000004,-0.00271699999991
492,0.989536316,0.220218733653,-3.60998376148,-8.65601676326,0.132904583258,0.00390413148323,-0.00295414444473,0,0,0,0,0,0,0.041582,0.0886719999994,0.0366590000014,0.004367,0.00565200000004,-0.00271699999991
493,0.991538822,-0.233400912515,-3.93244343907,-9.2422997276,0.1361763319,0.00567265286321,0.0101997391373,0,0,0,0,0,0,0.061582,0.0986720000023,-0.143338999998,0.006367,0.00765200000006,-0.00371699999988
494,0.993547259,0.316230170397,-3.55394705964,-8.86772543371,0.12457302537,0.0147900878318,-0.00334054969949,0,0,0,0,0,0,0.061582,0.0986720000023,-0.143338999998,0.006367,0.00765200000006,-0.00371699999988
495,0.995538423,-0.0450504693974,-4.12247445036,-9.05404524515,0.144276909928,0.00254601714423,0.0127912282771,0,0,0,0,0,0,0.061582,0.0986720000023,-0.143338999998,0.006367,0.00765200000006,-0.00371699999988
496,0.997538394,-0.236391324695,-4.0216768267,-8.69992668228,0.145058109861,-0.010352880063,-0.00605105924756,0,0,0,0,0,0,0.061582,0.0986720000023,-0.143338999998,0.006367,0.00765200000006,-0.00371699999988
497,0.999543365,-0.58511145493,-4.15716561794,-8.60865587392,0.148194329943,-0.0317410702712,-0.00238433783157,0,0,0,0,0,0,0.151582,0.138672000007,-0.443339999998,0.003367,0.00665200000006,-0.00371699999989
498,1.001568102,-0.0645439420329,-3.87222411691,-8.92947936116,0.143440904475,-0.00349111587621,0.00413960407142,0,0,0,0,0,0,0.151582,0.138672000007,-0.443339999998,0.003367,0.00665200000006,-0.00371699999989
499,1.003585255,0.0352007022046,-3.81426139373,-9.41524333494,0.129557765243,0.00760387824464,0.00337938328528,0,0,0,0,0,0,0.151582,0.138672000007,-0.443339999998,0.003367,0.00665200000006,-0.00371699999989
500,1.005574617,0.142250438242,-4.02903229991,-9.21579429039,0.135101307793,0.0114011769823,0.00213825937396,0,0,0,0,0,0,0.151582,0.138672000007,-0.443339999998,0.003367,0.00665200000006,-0.00371699999989
501,1.007572935,0.0935569479859,-3.58224694335,-9.17250567318,0.117415491114,0.0154991087267,0.0036671705967,0,0,0,0,0,0,0.081582,0.128672000005,-0.283339999998,0.007367,0.00965200000008,-0.00471699999985
502,1.009571604,-0.442610269965,-3.63425866036,-9.28442226109,0.121158443551,-0.00206748978455,-0.00139702438861,0,0,0,0,0,0,0.081582,0.128672000005,-0.283339999998,0.007367,0.00965200000008,-0.00471699999985
503,1.011554152,-0.0198979884496,-3.81888059529,-9.28177238755,0.125294019164,0.00233780202894,0.00085365454036,0,0,0,0,0,0,0.081582,0.128672000005,-0.283339999998,0.007367,0.00965200000008,-0.00471699999985
504,1.013575483,0.149746856698,-3.26434324885,-9.04506505629,0.113833432054,0.00916910865473,-5.60668700077e-06,0,0,0,0,0,0,0.081582,0.128672000005,-0.283339999998,0.007367,0.00965200000008,-0.00471699999985
505,1.015565315,0.134616764996,-3.59752452072,-9.22495327153,0.114119200501,0.0146905794639,0.00484330197186,0,0,0,0,0,0,0.081582,0.148672000004,-0.243339999998,0.004367,0.00665200000004,-0.00271699999989
506,1.017543756,-0.276036839135,-3.96994085207,-9.15864426812,0.133297341158,-0.00358623112095,0.00238926783056,0,0,0,0,0,0,0.081582,0.148672000004,-0.243339999998,0.004367,0.00665200000004,-0.00271699999989
507,1.019525142,0.211780648098,-3.58355126756,-8.93199749848,0.138687977037,0.000498434342716,0.00414966782653,0,0,0,0,0,0,0.081582,0.148672000004,-0.243339999998,0.004367,0.00665200000004,-0.00271699999989
508,1.021539691,-0.153836138382,-3.76374113191,-9.13862415444,0.135136155268,0.00309099130042,-0.00558238677883,0,0,0,0,0,0,0.081582,0.148672000004,-0.243339999998,0.004367,0.00665200000004,-0.00271699999989
509,1.023539582,-0.194872807189,-4.45408208532,-8.97925735344,0.152024331893,0.00208880047282,-0.00256128028505,0,0,0,0,0,0,0.101582,0.178672000002,-0.133338999997,-0.000633,0.00265200000001,-0.000716999999958
510,1.025544101,0.1113772235,-3.70038087346,-9.07668952455,0.129497297101,0.0108570162545,-0.00260542562432,0,0,0,0,0,0,0.101582,0.178672000002,-0.133338999997,-0.000633,0.00265200000001,-0.000716999999958
511,1.027544463,-0.0545298272825,-3.91544008283,-8.96555631007,0.128321727823,-0.00695259004218,0.0110630733705,0,0,0,0,0,0,0.101582,0.178672000002,-0.133338999997,-0.000633,0.00265200000001,-0.000716999999958
512,1.029538503,-0.0594947891208,-4.24910699616,-9.12595177218,0.149121120482,0.00305495989357,0.00130351465478,0,0,0,0,0,0,0.101582,0.178672000002,-0.133338999997,-0.000633,0.00265200000001,-0.000716999999958
513,1.031542502,0.00984465082596,-3.7183540751,-9.02956856999,0.129570739908,-0.00149872012936,0.00396570136114,0,0,0,0,0,0,0.121582,0.168672000002,-0.153338999997,0.000367,0.00365200000003,-0.00171699999994
514,1.033555508,-0.0494593840443,-4.07264669171,-9.2114795522,0.139961831294,0.00448585750617,0.00199574943433,0,0,0,0,0,0,0.121582,0.168672000002,-0.153338999997,0.000367,0.00365200000003,-0.00171699999994
515,1.035532976,-0.64808926807,-4.02640506826,-8.85563914297,0.13477288865,-0.0172539607259,-0.000918604077116,0,0,0,0,0,0,0.121582,0.168672000002,-0.153338999997,0.000367,0.00365200000003,-0.00171699999994
516,1.037546473,-0.210695403943,-3.86263072708,-8.86914206257,0.14111047335,-0.00425330617414,0.00294830737115,0,0,0,0,0,0,0.121582,0.168672000002,-0.153338999997,0.000367,0.00365200000003,-0.00171699999994
517,1.039570709,0.190468239381,-3.98525708426,-9.13122809764,0.141230573876,0.0121887812995,0.000255318590364,0,0,0,0,0,0,0.211582,0.168672000005,-0.313338999997,-0.003633,-0.000348000000005,0.000282999999994
518,1.041571822,-0.353857835297,-3.83723651035,-9.10525036622,0.140200070994,-0.0149055252152,0.00391383256089,0,0,0,0,0,0,0.211582,0.168672000005,-0.313338999997,-0.003633,-0.000348000000005,0.000282999999994
519,1.043539994,-0.329570220067,-3.9224559119,-8.98195853986,0.131330804055,-0.008958952023,-0.000617441101754,0,0,0,0,0,0,0.211582,0.168672000005,-0.313338999997,-0.003633,-0.000348000000005,0.000282999999994
520,1.045552278,0.084564140727,-4.04016123493,-9.16746917715,0.139095540244,0.0066533195045,-0.000265560802363,0,0,0,0,0,0,0.211582,0.168672000005,-0.313338999997,-0.003633,-0.000348000000005,0.000282999999994
521,1.047551748,-0.696241572297,-3.91757217923,-9.22850508425,0.142259610167,-0.0139960258073,0.00207310318129,0,0,0,0,0,0,0.171582,0.148672000004,-0.263339999998,-0.002633,-0.001348,0.000282999999978
522,1.049557380,-0.232319520011,-3.92768521186,-8.81683959501,0.131833255237,0.000367663751741,-0.00331143504436,0,0,0,0,0,0,0.171582,0.148672000004,-0.263339999998,-0.002633,-0.001348,0.000282999999978
523,1.051539137,-0.110093989243,-3.64091802613,-9.33313419999,0.129946445156,0.00825298397494,0.00177100715974,0,0,0,0,0,0,0.171582,0.148672000004,-0.263339999998,-0.002633,-0.001348,0.000282999999978
524,1.053541883,-0.392098875392,-3.90871460801,-9.07815619723,0.13584465778,-0.0100445850694,-0.00135262978165,0,0,0,0,0,0,0.171582,0.148672000004,-0.263339999998,-0.002633,-0.001348,0.000282999999978
525,1.055561281,-0.354109794802,-3.93326455897,-9.22777995261,0.137543704086,-0.00597323863997,0.000435032711464,0,0,0,0,0,0,0.121582,0.138672000004,-0.243339999998,-0.000633,0.00165200000001,-0.000716999999974
526,1.057576431,0.0666545411774,-4.06456748668,-9.07784483716,0.129578405437,0.013999974904,-0.0127423726235,0,0,0,0,0,0,0.121582,0.138672000004,-0.243339999998,-0.000633,0.00165200000001,-0.000716999999974
527,1.059568126,0.347596179192,-4.13509287628,-9.38934110474,0.138153158434,0.0158871798708,0.0033036422693,0,0,0,0,0,0,0.121582,0.138672000004,-0.243339999998,-0.000633,0.00165200000001,-0.000716999999974
528,1.061550705,-0.0192552615436,-3.73471393615,-9.46152119411,0.135570784738,0.00683641125793,-0.00211842186274,0,0,0,0,0,0,0.121582,0.138672000004,-0.243339999998,-0.000633,0.00165200000001,-0.000716999999974
529,1.063560885,-0.0705866921487,-3.91673314543,-9.20471888884,0.128676329505,0.00875159361006,0.00405786492082,0,0,0,0,0,0,0.111582,0.148672000002,-0.113339999998,-0.003633,-0.00134800000002,0.00128299999998
530,1.065587486,0.174515398159,-4.17417032145,-8.61572521453,0.148207722067,-0.00371612810816,0.00611542046805,0,0,0,0,0,0,0.111582,0.148672000002,-0.113339999998,-0.003633,-0.00134800000002,0.00128299999998
531,1.067554806,0.351411046329,-4.4452041105,-8.93429076011,0.156987629421,0.00424040366497,-0.000328876924953,0,0,0,0,0,0,0.111582,0.148672000002,-0.113339999998,-0.003633,-0.00134800000002,0.00128299999998
532,1.069541612,-0.407149360002,-4.13439557324,-8.87666068158,0.14541000797,-0.0207104252866,0.0019823697697,0,0,0,0,0,0,0.111582,0.148672000002,-0.113339999998,-0.003633,-0.00134800000002,0.00128299999998
533,1.071544118,-0.135476569471,-3.5178341816,-8.97869004728,0.127741860306,-0.00780778816707,0.00273650822585,0,0,0,0,0,0,0.081582,0.0886719999997,0.0166610000014,-0.000633,0.001652,0.000283000000026
534,1.073562834,0.274362930208,-3.4572288654,-9.07952171962,0.127425477456,0.0102848369563,-0.00236882479384,0,0,0,0,0,0,0.081582,0.0886719999997,0.0166610000014,-0.000633,0.001652,0.000283000000026
535,1.075541074,0.0661117269697,-3.86698462994,-9.22917712497,0.130111632999,0.0111413595657,-0.00165101832884,0,0,0,0,0,0,0.081582,0.0886719999997,0.0166610000014,-0.000633,0.001652,0.000283000000026
536,1.077551636,-0.0335066619499,-3.69398325373,-9.11414952617,0.129130602168,0.00112643204057,-0.0043670427263,0,0,0,0,0,0,0.081582,0.0886719999997,0.0166610000014,-0.000633,0.001652,0.000283000000026
537,1.079548170,-0.222101522044,-3.84349892095,-9.03508637024,0.127999296692,0.00103547881171,0.00259559234813,0,0,0,0,0,0,0.151582,0.138672000002,-0.103339999998,-0.003633,-0.00134800000005,0.00328299999998
538,1.081558150,0.0779802017672,-3.61677460205,-9.35311158119,0.128228277516,0.00690432134393,-0.00477947325211,0,0,0,0,0,0,0.151582,0.138672000002,-0.103339999998,-0.003633,-0.00134800000005,0.00328299999998
539,1.083534187,-0.138526631902,-3.80039711009,-9.07579427337,0.132296250028,0.00672729658689,-0.000140588581371,0,0,0,0,0,0,0.151582,0.138672000002,-0.103339999998,-0.003633,-0.00134800000005,0.00328299999998
540,1.085542754,-0.19185255001,-3.56934621845,-9.13888684686,0.126033467573,0.00796850705756,-0.0069801357696,0,0,0,0,0,0,0.151582,0.138672000002,-0.103339999998,-0.003633,-0.00134800000005,0.00328299999998
541,1.087547614,-0.538928859075,-3.72286465448,-9.30167111542,0.122177981358,-0.0101183170417,0.000599112940019,0,0,0,0,0,0,0.151582,0.138672,-0.0133399999978,-0.005633,-0.00334800000004,0.00228299999995
542,1.089555961,-0.188949353558,-3.87449147098,-9.0916852657,0.136929209658,0.00553767586532,0.00137860360918,0,0,0,0,0,0,0.151582,0.138672,-0.0133399999978,-0.005633,-0.00334800000004,0.00228299999995
543,1.091541354,0.162164359544,-4.00920470381,-8.91513723239,0.134107864915,0.0129292599375,-0.00442209749494,0,0,0,0,0,0,0.151582,0.138672,-0.0133399999978,-0.005633,-0.00334800000004,0.00228299999995
544,1.093533821,0.115992901289,-3.84926657887,-9.64872522193,0.118487112594,0.0400191862893,0.00140635135685,0,0,0,0,0,0,0.151582,0.138672,-0.0133399999978,-0.005633,-0.00334800000004,0.00228299999995
545,1.095543921,-0.175451924488,-3.79289561357,-9.59370091357,0.115713049665,0.0276248157604,-0.0016755035759,0,0,0,0,0,0,0.171582,0.148672000003,-0.203340999998,-0.005633,-0.00134800000004,0.00228299999998
546,1.097545806,-0.497028265178,-3.78365888679,-9.40253540129,0.113362087266,0.00890701083462,-0.00581259962635,0,0,0,0,0,0,0.171582,0.148672000003,-0.203340999998,-0.005633,-0.00134800000004,0.00228299999998
547,1.099543523,-0.672284238644,-4.17198843226,-8.98660292656,0.132327733884,-0.00461103378023,-0.0164018208592,0,0,0,0,0,0,0.171582,0.148672000003,-0.203340999998,-0.005633,-0.00134800000004,0.00228299999998
548,1.101550908,0.388183767053,-4.11011700286,-9.14135670599,0.132178721584,0.0198655661861,0.00217996991696,0,0,0,0,0,0,0.171582,0.148672000003,-0.203340999998,-0.005633,-0.00134800000004,0.00228299999998
549,1.103603307,-0.26349386572,-3.60988467888,-9.32140465053,0.115956921994,0.00403416503571,-0.00208872670117,0,0,0,0,0,0,0.151582,0.148672000006,-0.373340999998,-0.000633,0.002652,0.000283000000042
550,1.105564105,-0.252853046491,-3.58957530435,-8.70544095721,0.134816626537,-0.00476967353381,0.00185447331831,0,0,0,0,0,0,0.151582,0.148672000006,-0.373340999998,-0.000633,0.002652,0.000283000000042
551,1.107537857,0.450839501398,-3.98638997861,-8.98905812771,0.136907683413,0.013396970562,-0.00620317172623,0,0,0,0,0,0,0.151582,0.148672000006,-0.373340999998,-0.000633,0.002652,0.000283000000042
552,1.109553888,-0.161368414611,-3.61746974834,-9.12346192071,0.116061986094,0.00488260116264,-0.0045292051833,0,0,0,0,0,0,0.151582,0.148672000006,-0.373340999998,-0.000633,0.002652,0.000283000000042
553,1.111547768,0.454281455402,-3.68380697828,-9.05180513735,0.120976382202,0.0206776114801,0.000414417255847,0,0,0,0,0,0,0.131582,0.128672000003,-0.213340999998,0.003367,0.00265200000001,-0.000716999999958
554,1.113557908,0.22741491061,-3.72920701202,-9.03645066864,0.13149380887,0.00949561743883,0.00182771502278,0,0,0,0,0,0,0.131582,0.128672000003,-0.213340999998,0.003367,0.00265200000001,-0.000716999999958
555,1.115533574,0.323712890416,-3.84328712824,-8.84962598779,0.135274664635,0.00308073534469,0.00465110128033,0,0,0,0,0,0,0.131582,0.128672000003,-0.213340999998,0.003367,0.00265200000001,-0.000716999999958
556,1.117533585,0.397998091735,-3.80591047316,-9.31672824203,0.129157506597,0.0109275714518,-0.00070353968155,0,0,0,0,0,0,0.131582,0.128672000003,-0.213340999998,0.003367,0.00265200000001,-0.000716999999958
557,1.119552371,-0.550481434289,-3.55319114822,-9.14507196063,0.117187521712,-0.00633154100917,-0.00297788656125,0,0,0,0,0,0,0.041582,0.118672000003,-0.213340999998,0.009367,0.0116520000001,-0.00471699999981
558,1.121560077,-0.190294137134,-3.6834907066,-9.3735035706,0.125069812066,0.0112195297524,-0.00548420208023,0,0,0,0,0,0,0.041582,0.118672000003,-0.213340999998,0.009367,0.0116520000001,-0.00471699999981
559,1.123546743,0.19260881402,-3.61809548341,-9.47155612443,0.117684045537,0.0157238271156,-0.00629728384997,0,0,0,0,0,0,0.041582,0.118672000003,-0.213340999998,0.009367,0.0116520000001,-0.00471699999981
560,1.125550742,-0.0228475720969,-3.67999850522,-9.42826149142,0.125777850095,0.00541152886382,0.000284748392062,0,0,0,0,0,0,0.041582,0.118672000003,-0.213340999998,0.009367,0.0116520000001,-0.00471699999981
561,1.127544602,0.201945376698,-3.6907440497,-9.03923665853,0.133923531231,0.00766435566583,0.00272125637472,0,0,0,0,0,0,0.161582,0.148672000004,-0.263339999998,-0.000633,0.00165200000001,-0.000716999999974
562,1.129540315,0.358639604125,-3.94657981366,-9.0360918318,0.137968885541,0.0172652786747,-0.000569578801134,0,0,0,0,0,0,0.161582,0.148672000004,-0.263339999998,-0.000633,0.00165200000001,-0.000716999999974
563,1.131528444,-0.315155934349,-3.75208625452,-9.12515641885,0.12928971119,-0.0116048125431,0.00634032940335,0,0,0,0,0,0,0.161582,0.148672000004,-0.263339999998,-0.000633,0.00165200000001,-0.000716999999974
564,1.133529396,-0.203401054913,-3.75644922636,-8.94364933691,0.138783763261,-0.0050403114014,0.00806613716884,0,0,0,0,0,0,0.161582,0.148672000004,-0.263339999998,-0.000633,0.00165200000001,-0.000716999999974
565,1.135541731,0.0398497902982,-4.16135283752,-8.85747803647,0.15023394997,-0.000953395939795,0.0120851827244,0,0,0,0,0,0,0.131582,0.118672000005,-0.343339999998,0.001367,0.00365200000003,-0.00171699999994
566,1.137547953,-0.0168962229186,-4.01042573176,-8.63395305837,0.150249851075,-0.0142227826261,0.00210225280194,0,0,0,0,0,0,0.131582,0.118672000005,-0.343339999998,0.001367,0.00365200000003,-0.00171699999994
567,1.139541452,0.205840920919,-3.87640736126,-8.78184439977,0.143252128581,-0.0014754204431,0.0127552417592,0,0,0,0,0,0,0.131582,0.118672000005,-0.343339999998,0.001367,0.00365200000003,-0.00171699999994
568,1.141570969,-0.0670924687303,-3.62010965193,-9.12249895201,0.129010158331,-0.00327323540828,-0.00360660381278,0,0,0,0,0,0,0.131582,0.118672000005,-0.343339999998,0.001367,0.00365200000003,-0.00171699999994
569,1.143552135,-0.107847318944,-4.03473972486,-9.10576409876,0.154572199186,-0.0141475525202,0.00832658335617,0,0,0,0,0,0,0.171582,0.178672000005,-0.293340999997,-0.005633,-0.00234800000002,0.00128299999996
570,1.145548489,0.235882342116,-3.5740220069,-8.75361240556,0.141196472251,-0.00831817432059,0.00732959221969,0,0,0,0,0,0,0.171582,0.178672000005,-0.293340999997,-0.005633,-0.00234800000002,0.00128299999996
571,1.147542780,-0.408783881366,-4.39067095609,-8.73831907928,0.168257682173,-0.0137621939522,0.0183654957344,0,0,0,0,0,0,0.171582,0.178672000005,-0.293340999997,-0.005633,-0.00234800000002,0.00128299999996
572,1.149534155,0.434633200816,-4.17715365394,-8.77194443018,0.155059332217,0.00713337598195,0.00609300756449,0,0,0,0,0,0,0.171582,0.178672000005,-0.293340999997,-0.005633,-0.00234800000002,0.00128299999996
573,1.151546810,0.0244474654145,-3.95086436039,-8.61837404494,0.155067776269,-0.0134615831537,0.00808757177483,0,0,0,0,0,0,0.111582,0.168672000003,-0.163339999997,-0.001633,0.00365200000003,-0.00171699999994
574,1.153546600,0.147005970854,-4.19359003951,-8.67121772688,0.157120423005,-0.0160321389181,0.00878860878391,0,0,0,0,0,0,0.111582,0.168672000003,-0.163339999997,-0.001633,0.00365200000003,-0.00171699999994
575,1.155540640,0.00372047108182,-3.9562472748,-9.02405122469,0.154862594958,-0.0210867483802,0.0128417742852,0,0,0,0,0,0,0.111582,0.168672000003,-0.163339999997,-0.001633,0.00365200000003,-0.00171699999994
576,1.157538547,0.167735924924,-3.82772349407,-8.87123092112,0.151982628057,-0.0225931802575,0.0129316748508,0,0,0,0,0,0,0.111582,0.168672000003,-0.163339999997,-0.001633,0.00365200000003,-0.00171699999994
577,1.159546193,0.512493859222,-3.72699809207,-8.69429511355,0.151590152903,-0.00807640729027,0.00925225480947,0,0,0,0,0,0,0.071582,0.148672000001,-0.0433409999976,0.001367,0.00465200000003,-0.00171699999993
578,1.161539532,-0.076537951224,-3.78414400508,-8.55253726229,0.158218406209,-0.0258292331159,0.0113962313784,0,0,0,0,0,0,0.071582,0.148672000001,-0.0433409999976,0.001367,0.00465200000003,-0.00171699999993
579,1.163555673,0.0779728841208,-4.04957028139,-8.68768763224,0.159520067356,-0.0218585892454,0.0166440276283,0,0,0,0,0,0,0.071582,0.148672000001,-0.0433409999976,0.001367,0.00465200000003,-0.00171699999993
580,1.165606449,0.05930335447,-3.86361008606,-8.63133368344,0.157654044124,-0.0184894647795,0.0129692954298,0,0,0,0,0,0,0.071582,0.148672000001,-0.0433409999976,0.001367,0.00465200000003,-0.00171699999993
581,1.167569441,-0.485418548167,-4.1565007179,-8.43751162651,0.153282526497,-0.0323124643163,0.00655655650001,0,0,0,0,0,0,0.121582,0.178672,-0.00333999999714,-0.004633,-0.00234800000004,0.00228299999996
582,1.169550868,0.276615490269,-3.93861477829,-8.70573435067,0.167089034241,-0.0118283340593,0.0142767522248,0,0,0,0,0,0,0.121582,0.178672,-0.00333999999714,-0.004633,-0.00234800000004,0.00228299999996
583,1.171544236,0.470297900193,-4.16917103684,-8.56968285844,0.167119225904,-0.0034948180361,0.014111826251,0,0,0,0,0,0,0.121582,0.178672,-0.00333999999714,-0.004633,-0.00234800000004,0.00228299999996
584,1.173552122,-0.188398115772,-4.15717788775,-8.83172174796,0.162551637955,-0.0235229105538,0.0116136236396,0,0,0,0,0,0,0.121582,0.178672,-0.00333999999714,-0.004633,-0.00234800000004,0.00228299999996
585,1.175548126,-0.806118031988,-3.86347788485,-8.4471425749,0.153463442528,-0.030034730259,0.00886548706231,0,0,0,0,0,0,0.141582,0.158672000001,-0.0733389999975,-0.001633,-0.002348,0.000282999999962
586,1.177544049,-0.0850561381609,-4.06923792989,-8.36700037145,0.161586281227,-0.0233467631598,0.0100604353623,0,0,0,0,0,0,0.141582,0.158672000001,-0.0733389999975,-0.001633,-0.002348,0.000282999999962
587,1.179539983,0.227037005076,-4.44934353135,-8.2307413773,0.177055929257,-0.0145173171754,0.0125955794004,0,0,0,0,0,0,0.141582,0.158672000001,-0.0733389999975,-0.001633,-0.002348,0.000282999999962
588,1.181551596,0.0590306773438,-3.99698007803,-8.63408479812,0.163397547493,-0.0321164076672,0.0066848592109,0,0,0,0,0,0,0.141582,0.158672000001,-0.0733389999975,-0.001633,-0.002348,0.000282999999962
589,1.183549202,0.171286254165,-3.98068003768,-8.25144960315,0.169903620327,-0.0236769575143,0.00895484000405,0,0,0,0,0,0,0.141582,0.138672000004,-0.253339999998,0.000367,0.00165200000003,-0.00171699999997
590,1.185545557,0.116610689098,-4.04121746054,-8.38021091663,0.167712065408,-0.0336358680647,0.0128432881316,0,0,0,0,0,0,0.141582,0.138672000004,-0.253339999998,0.000367,0.00165200000003,-0.00171699999997
591,1.187539256,-0.266026743287,-3.68943651917,-8.55440465759,0.146913478653,-0.0311028307797,0.0122027435401,0,0,0,0,0,0,0.141582,0.138672000004,-0.253339999998,0.000367,0.00165200000003,-0.00171699999997
592,1.189547874,-0.00365278596685,-4.14904416144,-8.48217016478,0.17131822568,-0.0254254091687,0.0125726471627,0,0,0,0,0,0,0.141582,0.138672000004,-0.253339999998,0.000367,0.00165200000003,-0.00171699999997
593,1.191551021,0.0536809967414,-4.34417968654,-8.43834262848,0.174151331768,-0.0185169788296,0.0150142417507,0,0,0,0,0,0,0.101582,0.158672000005,-0.303338999997,0.001367,0.00365200000004,-0.00271699999994
594,1.193553647,-0.0143857635204,-4.11725297918,-8.58349157841,0.171214547507,-0.0245064221008,0.010525200334,0,0,0,0,0,0,0.101582,0.158672000005,-0.303338999997,0.001367,0.00365200000004,-0.00271699999994
595,1.195535073,-0.0576368221707,-4.00772423902,-8.49366647995,0.169095607461,-0.0318451686746,0.00759745643207,0,0,0,0,0,0,0.101582,0.158672000005,-0.303338999997,0.001367,0.00365200000004,-0.00271699999994
596,1.197544512,0.514958486802,-4.29963680442,-8.51542685741,0.170399727101,-0.012483264722,0.0132796518963,0,0,0,0,0,0,0.101582,0.158672000005,-0.303338999997,0.001367,0.00365200000004,-0.00271699999994
597,1.199541347,-0.0428940463261,-3.67126060955,-8.29413858309,0.147185412848,-0.0190743178719,0.0108934242277,0,0,0,0,0,0,0.031582,0.0786720000047,-0.293340999999,0.008367,0.0106520000001,-0.00371699999983
598,1.201552900,0.238036212278,-3.96699827336,-8.48304730546,0.159001240773,-0.0174072935533,0.0111008539671,0,0,0,0,0,0,0.031582,0.0786720000047,-0.293340999999,0.008367,0.0106520000001,-0.00371699999983
599,1.203568530,0.106801590551,-4.08680573923,-8.75652376893,0.162803204813,-0.0129764360141,0.0025228346747,0,0,0,0,0,0,0.031582,0.0786720000047,-0.293340999999,0.008367,0.0106520000001,-0.00371699999983
600,1.205552852,-0.006566884473,-4.13728572665,-8.56225414668,0.169543011584,-0.0208806970848,0.00401959085773,0,0,0,0,0,0,0.031582,0.0786720000047,-0.293340999999,0.008367,0.0106520000001,-0.00371699999983
601,1.207547814,-0.478975664211,-3.97410438064,-8.43390819238,0.163304307929,-0.0415177371642,0.0164827635932,0,0,0,0,0,0,0.081582,0.118672000004,-0.253339999998,0.003367,0.00665200000004,-0.00271699999989
602,1.209541644,0.0868667803942,-3.88191133167,-8.39359409664,0.167542199815,-0.0288593148532,0.00604516752481,0,0,0,0,0,0,0.081582,0.118672000004,-0.253339999998,0.003367,0.00665200000004,-0.00271699999989
603,1.211538329,-0.130950836553,-3.96740161262,-8.88369629882,0.150727106646,-0.0116733620346,0.000387726228081,0,0,0,0,0,0,0.081582,0.118672000004,-0.253339999998,0.003367,0.00665200000004,-0.00271699999989
604,1.213550523,-0.17818606683,-4.17922804584,-8.78943728354,0.154737163918,-0.0184538485723,0.00312480490675,0,0,0,0,0,0,0.081582,0.118672000004,-0.253339999998,0.003367,0.00665200000004,-0.00271699999989
605,1.215554922,-0.159150522407,-3.91721090478,-8.68725009629,0.141757487925,-0.0165584567037,0.00649733397356,0,0,0,0,0,0,0.071582,0.0986720000041,-0.253339999998,0.006367,0.00865200000008,-0.00471699999986
606,1.217543361,-0.272885178707,-4.08135923966,-8.56593088797,0.154993124949,-0.0207300511357,0.00972743523276,0,0,0,0,0,0,0.071582,0.0986720000041,-0.253339999998,0.006367,0.00865200000008,-0.00471699999986
607,1.219533073,0.0597908244157,-3.95779948075,-8.85814349384,0.144624722769,-0.00699554658703,0.00844278781585,0,0,0,0,0,0,0.071582,0.0986720000041,-0.253339999998,0.006367,0.00865200000008,-0.00471699999986
608,1.221553593,-0.409086232371,-3.97604535218,-8.99717499029,0.142671060915,-0.021122720388,0.00450622843927,0,0,0,0,0,0,0.071582,0.0986720000041,-0.253339999998,0.006367,0.00865200000008,-0.00471699999986
609,1.223560858,-0.212824381308,-3.6194935003,-9.25614574802,0.132078542453,-0.0174600008592,0.00957784810945,0,0,0,0,0,0,0.101582,0.0986720000066,-0.413339999998,0.006367,0.00965200000008,-0.00471699999985
610,1.225553735,-0.41765574772,-3.80789956403,-9.29674083281,0.142633531127,-0.0259930152517,-0.0042031768857,0,0,0,0,0,0,0.101582,0.0986720000066,-0.413339999998,0.006367,0.00965200000008,-0.00471699999985
611,1.227532697,0.227270627809,-3.46392975707,-9.05642763519,0.129644608248,-0.00956048598656,0.00625151647166,0,0,0,0,0,0,0.101582,0.0986720000066,-0.413339999998,0.006367,0.00965200000008,-0.00471699999985
612,1.229529312,-0.353390098764,-3.9050153461,-8.43566075045,0.161070270491,-0.0296816105891,0.00905581197748,0,0,0,0,0,0,0.101582,0.0986720000066,-0.413339999998,0.006367,0.00965200000008,-0.00471699999985
613,1.231528672,-0.27755472138,-4.05473396352,-8.59886172512,0.158782776144,-0.0261172194035,0.00586754543275,0,0,0,0,0,0,0.151582,0.118672000005,-0.293340999998,0.000367,0.00165200000003,-0.00171699999997
614,1.233542189,-0.142560445248,-3.71273398827,-9.31593022753,0.134095647749,-0.00391130096514,0.00250806129756,0,0,0,0,0,0,0.151582,0.118672000005,-0.293340999998,0.000367,0.00165200000003,-0.00171699999997
615,1.235506533,0.899290974611,-4.08356219264,-9.06738663867,0.161516997989,0.00481529001595,0.0141089978241,0,0,0,0,0,0,0.151582,0.118672000005,-0.293340999998,0.000367,0.00165200000003,-0.00171699999997
616,1.237513948,0.111674344067,-4.29649526022,-8.98685253345,0.149541937657,-0.00198931445891,0.00222776679312,0,0,0,0,0,0,0.151582,0.118672000005,-0.293340999998,0.000367,0.00165200000003,-0.00171699999997
617,1.239518868,-0.477514714209,-3.84061891787,-8.88378564192,0.141277466498,-0.020967665594,0.00807042808834,0,0,0,0,0,0,0.101582,0.118672000005,-0.343339999998,0.002367,0.00665200000006,-0.00371699999989
618,1.241540690,-0.0989869245156,-3.78132746697,-9.23086918177,0.13785585346,-0.00672150966758,0.000143051517924,0,0,0,0,0,0,0.101582,0.118672000005,-0.343339999998,0.002367,0.00665200000006,-0.00371699999989
619,1.243518209,-0.0858565822781,-3.99274701556,-8.74462522013,0.156247622571,-0.0202382244634,0.00233776297473,0,0,0,0,0,0,0.101582,0.118672000005,-0.343339999998,0.002367,0.00665200000006,-0.00371699999989
620,1.245511237,0.295457190632,-3.90192693462,-8.62586030333,0.152170014627,-0.00503031504975,0.00937556337021,0,0,0,0,0,0,0.101582,0.118672000005,-0.343339999998,0.002367,0.00665200000006,-0.00371699999989
621,1.247526988,-0.458776724177,-3.77650570565,-8.97532262992,0.142882274845,-0.00684826697352,0.0110579685074,0,0,0,0,0,0,0.101582,0.148672000006,-0.353339999998,0.001367,0.00665200000006,-0.00371699999989
622,1.249522791,0.11377782981,-3.50770957467,-8.95179466114,0.148788346001,-0.0070343103884,0.00922968526469,0,0,0,0,0,0,0.101582,0.148672000006,-0.353339999998,0.001367,0.00665200000006,-0.00371699999989
623,1.251521230,-0.0765264466233,-3.93701876768,-8.59146309444,0.156566483845,-0.0184734680756,0.00937571131774,0,0,0,0,0,0,0.101582,0.148672000006,-0.353339999998,0.001367,0.00665200000006,-0.00371699999989
624,1.253509589,0.340119276084,-4.30026912444,-9.33130597476,0.141676992103,0.0115951177772,0.00783097408687,0,0,0,0,0,0,0.101582,0.148672000006,-0.353339999998,0.001367,0.00665200000006,-0.00371699999989
625,1.255519780,-0.0733399352369,-3.89153333953,-8.94972170652,0.156928813084,-0.0283964347475,0.0140547210142,0,0,0,0,0,0,0.071582,0.118672,0.0166610000019,-0.000633,0.00265200000001,-0.000716999999958
626,1.257503580,-0.0424364519735,-4.32541189703,-8.94024327694,0.153475516887,-0.0102738243702,0.00429525519972,0,0,0,0,0,0,0.071582,0.118672,0.0166610000019,-0.000633,0.00265200000001,-0.000716999999958
627,1.259497270,0.1006698868,-4.03565813461,-8.49256086838,0.155059774102,-0.010937179913,0.00976851938549,-4.82093256795e-09,-4.01222261658e-09,-3.15530560219e-09,-1.68251782849e-08,2.0272503339e-08,-7.12281042408e-11,0.071582,0.118672,0.0166610000019,-0.000633,0.00265200000001,-0.000716999999958
628,1.261497642,0.0605823178634,-4.18423466597,-8.99491766041,0.158099240191,0.000201991913905,0.0102966664164,-4.70371450314e-11,-3.91450227546e-11,-3.07840727892e-11,-1.64152537264e-10,1.97794253563e-10,-6.94965024974e-13,0.071582,0.118672,0.0166610000019,-0.000633,0.00265200000001,-0.000716999999958
629,1.263541114,-0.171384019706,-4.01580077002,-8.98485629571,0.152717381094,-0.0111648598912,0.0128340189987,-4.58917332456e-13,-3.81946566488e-13,-3.00326047651e-13,-1.60164317937e-12,1.92974135393e-12,-6.7801941826e-15,0.121582,0.138672,0.00666000000222,-0.004633,-0.00234800000002,0.00128299999996
630,1.265556554,-0.00158599060396,-3.75701234424,-9.31258925833,0.147239227834,-0.000683998448883,0.00714490479985,-4.4775305745e-15,-3.72621176376e-15,-2.93044915793e-15,-1.56257627023e-14,1.88284241053e-14,-6.6155436985e-17,0.121582,0.138672,0.00666000000222,-0.004633,-0.00234800000002,0.00128299999996
631,1.267538932,-0.364793018218,-4.04914720438,-8.40948560246,0.162601570223,-0.0252512513442,0.0081242147072,-4.36821142016e-17,-3.63568533883e-17,-2.85942787033e-17,-1.52465539065e-16,1.83692284415e-16,-6.45456525733e-19,0.121582,0.138672,0.00666000000222,-0.004633,-0.00234800000002,0.00128299999996
632,1.269502204,-0.0914933217407,-3.78708122769,-9.19992075122,0.149374099701,-0.0160168194459,-0.000326116444854,-4.26192791888e-19,-3.5470758798e-19,-2.78993024249e-19,-1.48750918748e-18,1.79224443008e-18,-6.29766747133e-21,0.121582,0.138672,0.00666000000222,-0.004633,-0.00234800000002,0.00128299999996
633,1.271519568,0.195860287039,-4.2818782874,-9.11921741586,0.161734686199,-0.0185513970608,0.0213648374024,-4.15840169932e-21,-3.46100470531e-21,-2.72137758434e-21,-1.45132776248e-20,1.74860298368e-20,-6.14369742774e-23,0.091582,0.118671999999,0.0366590000019,-0.001633,0.00165200000001,-0.000716999999974
634,1.273523446,-0.00471038750195,-3.96688659833,-8.84300908463,0.147284362646,-0.0184622944915,0.0155738272422,-4.05698766922e-23,-3.37671513249e-23,-2.65551193114e-23,-1.41603161038e-22,1.70601937756e-22,-5.99457521548e-25,0.091582,0.118671999999,0.0366590000019,-0.001633,0.00165200000001,-0.000716999999974
635,1.275506877,0.327759971902,-3.88453903628,-8.76468983707,0.141176831236,0.00198479196748,0.000618724386204,-3.9583384207e-25,-3.29449413765e-25,-2.59077831295e-25,-1.38153859835e-24,1.66451937884e-24,-5.8484440761e-27,0.091582,0.118671999999,0.0366590000019,-0.001633,0.00165200000001,-0.000716999999974
636,1.277526996,0.269623881796,-3.91143800177,-8.74017385396,0.150855973906,-0.0061142222971,0.00384612762594,-3.86196465215e-27,-3.21425520017e-27,-2.52783431498e-27,-1.34790569277e-26,1.62401200111e-26,-5.70641821791e-29,0.091582,0.118671999999,0.0366590000019,-0.001633,0.00165200000001,-0.000716999999974
637,1.279522749,0.0515193165138,-3.92677633582,-9.04653521529,0.143043430191,-0.00299841699622,-0.0044297491544,-3.767917271e-29,-3.13622338031e-29,-2.46612734415e-29,-1.31515879423e-28,1.58443414372e-28,-5.56738128395e-31,0.081582,0.128672000002,-0.123340999998,0.005367,0.00565200000006,-0.00371699999991
638,1.281514835,0.118624343949,-3.63217498029,-8.93946092517,0.137717055013,0.00685001655135,0.00575162668196,-3.67632529939e-31,-3.05982769236e-31,-2.40600368923e-31,-1.28310935391e-30,1.54590281406e-30,-5.43177077185e-33,0.081582,0.128672000002,-0.123340999998,0.005367,0.00565200000006,-0.00371699999991
639,1.283505309,-0.135878440281,-4.02897703014,-8.7777793215,0.148843124,-0.0146141446036,0.00653176327117,-3.58663750395e-33,-2.98520804621e-33,-2.3479465882e-33,-1.25188568994e-32,1.50827134811e-32,-5.29977900068e-35,0.081582,0.128672000002,-0.123340999998,0.005367,0.00565200000006,-0.00371699999991
640,1.285522101,0.43139677052,-3.64054284509,-8.59433637991,0.148219177226,-0.000124581552666,0.00644110437006,-3.49947542886e-35,-2.91231750132e-35,-2.29089006425e-35,-1.22132997004e-34,1.47163219057e-34,-5.17090000129e-37,0.081582,0.128672000002,-0.123340999998,0.005367,0.00565200000006,-0.00371699999991
641,1.287534546,-0.322574478619,-4.09129516168,-8.5446935307,0.149886761891,-0.0157260440977,0.00647370795471,-3.41436651256e-37,-2.84184715886e-37,-2.23450487693e-37,-1.19169347319e-36,1.4357389401e-36,-5.04466998186e-39,0.111582,0.118671999999,0.0666600000019,-0.000633,-0.00134800000002,0.00128299999998
642,1.289519929,0.0790770019131,-3.96768016663,-8.61072719411,0.157682283296,-0.010846316568,0.00871209009422,-3.33133207842e-39,-2.77259254932e-39,-2.18012094275e-39,-1.16265279195e-38,1.40082346718e-38,-4.92182150684e-41,0.111582,0.118671999999,0.0666600000019,-0.000633,-0.00134800000002,0.00128299999998
643,1.291511565,0.0787304243626,-3.94134923027,-8.74372898078,0.142569074439,-0.00787531098069,0.00873634261267,-3.25012178483e-41,-2.70502782018e-41,-2.12738169184e-41,-1.13436284542e-40,1.36672658857e-40,-4.80217014071e-43,0.111582,0.118671999999,0.0666600000019,-0.000633,-0.00134800000002,0.00128299999998
644,1.293515253,0.0625398766581,-4.12037678022,-8.74424787045,0.149034582973,0.00457532342814,0.000593265073537,-3.17181154862e-43,-2.63991903663e-43,-2.0762873055e-43,-1.10707441153e-42,1.33381458116e-42,-4.68677935946e-45,0.111582,0.118671999999,0.0666600000019,-0.000633,-0.00134800000002,0.00128299999998
645,1.295513220,0.374254099311,-4.05535750053,-8.66180090393,0.155832031977,-0.010173594747,0.00771190497048,-3.07700864288e-45,-2.56099026103e-45,-2.01403367667e-45,-1.07395498113e-44,1.29392343859e-44,-4.54638166012e-47,0.121582,0.158672000003,-0.163339999997,0.000367,0.00265200000001,-0.000716999999958
646,1.297522619,-0.011871394311,-4.26799331851,-8.72537774885,0.165977608306,-0.0193826243409,0.00237700002865,0,0,0,0,0,0,0.121582,0.158672000003,-0.163339999997,0.000367,0.00265200000001,-0.000716999999958
647,1.299511359,-0.68870993659,-4.32813952936,-8.640807702,0.164124913467,-0.0404807679211,0.00858631158018,0,0,0,0,0,0,0.121582,0.158672000003,-0.163339999997,0.000367,0.00265200000001,-0.000716999999958
648,1.301511841,-0.107474018824,-4.4159121825,-8.82199089918,0.16369973724,-0.0203318543339,0.00871172142577,0,0,0,0,0,0,0.121582,0.158672000003,-0.163339999997,0.000367,0.00265200000001,-0.000716999999958
649,1.303571174,-0.177373143307,-4.12652396888,-8.47868666234,0.168448987658,-0.0219434963644,0.00162672911258,0,0,0,0,0,0,0.101582,0.118672000004,-0.233338999998,0.005367,0.00565200000004,-0.00271699999991
650,1.305527202,0.0127732440243,-4.2073024999,-8.59330232036,0.164447382621,-0.0168473121134,0.00396413411749,0,0,0,0,0,0,0.101582,0.118672000004,-0.233338999998,0.005367,0.00565200000004,-0.00271699999991
651,1.307510753,-0.169744394571,-4.1514945449,-8.59788072784,0.167963843534,-0.0169893010617,0.0053919764083,0,0,0,0,0,0,0.101582,0.118672000004,-0.233338999998,0.005367,0.00565200000004,-0.00271699999991
652,1.309511405,0.250042965715,-4.0695301675,-8.74631010069,0.160036507424,-0.0182115590976,0.0098204083874,0,0,0,0,0,0,0.101582,0.118672000004,-0.233338999998,0.005367,0.00565200000004,-0.00271699999991
653,1.311521084,-0.201147829896,-3.8651031254,-8.60698666396,0.141578435158,-0.017333480878,0.00981052081801,0,0,0,0,0,0,0.061582,0.108672000002,-0.153338999998,0.007367,0.00765200000004,-0.00271699999988
654,1.313529221,-0.254829113685,-3.82471354843,-9.0955380816,0.142715812876,-0.0100104491743,0.00448073370284,0,0,0,0,0,0,0.061582,0.108672000002,-0.153338999998,0.007367,0.00765200000004,-0.00271699999988
655,1.315510176,-0.0667477034658,-4.23821722852,-8.61213052293,0.162151185596,-0.0238824150028,0.00707020040099,0,0,0,0,0,0,0.061582,0.108672000002,-0.153338999998,0.007367,0.00765200000004,-0.00271699999988
656,1.317505478,-0.264560673197,-4.52149779728,-8.55465730988,0.173112414565,-0.023331035601,0.0150594909066,0,0,0,0,0,0,0.061582,0.108672000002,-0.153338999998,0.007367,0.00765200000004,-0.00271699999988
657,1.319514176,0.00146105844241,-4.33106846511,-8.48109222023,0.166685426824,-0.0196349187903,0.00841685352997,0,0,0,0,0,0,0.061582,0.108672000001,-0.0933399999983,0.005367,0.00565200000004,-0.00271699999991
658,1.321520409,-0.260112615168,-4.21663366322,-8.74486401433,0.166174159807,-0.0261630948052,0.0167037118544,0,0,0,0,0,0,0.061582,0.108672000001,-0.0933399999983,0.005367,0.00565200000004,-0.00271699999991
659,1.323506845,-0.14027854993,-3.81938416811,-8.85355727357,0.134191219196,-0.0176252302812,0.000113674604471,0,0,0,0,0,0,0.061582,0.108672000001,-0.0933399999983,0.005367,0.00565200000004,-0.00271699999991
660,1.325504942,-0.299724959184,-4.09874899563,-9.08566646545,0.155675615924,-0.020126265057,0.0112842232564,0,0,0,0,0,0,0.061582,0.108672000001,-0.0933399999983,0.005367,0.00565200000004,-0.00271699999991
661,1.327518930,0.0220496065079,-3.8046085348,-8.76624683035,0.140486149972,-0.0156339967709,0.00129857146755,0,0,0,0,0,0,0.131582,0.118672000001,-0.0633389999981,-0.001633,-0.00134800000002,0.00128299999998
662,1.329507469,0.0706988474994,-3.85457278825,-9.12778963674,0.144833096223,-0.00709949419033,-0.00433784516853,0,0,0,0,0,0,0.131582,0.118672000001,-0.0633389999981,-0.001633,-0.00134800000002,0.00128299999998
663,1.331506429,0.163580870555,-4.0327191644,-9.16178660691,0.141288058122,0.00837020002863,0.0107796158711,0,0,0,0,0,0,0.131582,0.118672000001,-0.0633389999981,-0.001633,-0.00134800000002,0.00128299999998
664,1.333502041,0.00872181700174,-4.23661436332,-8.58664299091,0.161674087456,-0.00809032735603,0.00909889453564,0,0,0,0,0,0,0.131582,0.118672000001,-0.0633389999981,-0.001633,-0.00134800000002,0.00128299999998
665,1.335522611,-0.358684297741,-3.81636491116,-8.3760542964,0.156497916747,-0.0264080653953,0.00749620306211,0,0,0,0,0,0,0.051582,0.0986720000036,-0.223338999998,0.008367,0.00965200000008,-0.00471699999985
666,1.337522452,-0.374484091055,-4.35996273722,-8.61649863331,0.159398088781,-0.020267639064,0.0143545926104,0,0,0,0,0,0,0.051582,0.0986720000036,-0.223338999998,0.008367,0.00965200000008,-0.00471699999985
667,1.339527272,-0.204273350512,-4.01052203692,-9.35485538917,0.145205876404,-0.00387501961832,-0.00430241009968,0,0,0,0,0,0,0.051582,0.0986720000036,-0.223338999998,0.008367,0.00965200000008,-0.00471699999985
668,1.341552611,-0.596936809572,-3.93981037134,-8.71289674614,0.156464649494,-0.023152852155,0.00641427454301,0,0,0,0,0,0,0.051582,0.0986720000036,-0.223338999998,0.008367,0.00965200000008,-0.00471699999985
669,1.343530340,-0.00565784631701,-4.03599790372,-8.44859820037,0.159085161433,-0.0252148786343,0.00780564358704,0,0,0,0,0,0,0.091582,0.118672000001,-0.0533389999981,0.000367,0.001652,0.000283000000026
670,1.345521204,0.134199627427,-4.40147021025,-8.66042168013,0.168968243657,-0.0195183424816,0.0059264606639,0,0,0,0,0,0,0.091582,0.118672000001,-0.0533389999981,0.000367,0.001652,0.000283000000026
671,1.347518581,0.515065709932,-4.10800208657,-8.28785467099,0.167993727074,-0.00941895047587,0.00703211259495,0,0,0,0,0,0,0.091582,0.118672000001,-0.0533389999981,0.000367,0.001652,0.000283000000026
672,1.349515015,-0.223101529546,-4.18731209442,-8.45663514269,0.172424293525,-0.027511945763,0.0046132380452,0,0,0,0,0,0,0.091582,0.118672000001,-0.0533389999981,0.000367,0.001652,0.000283000000026
673,1.351525255,-0.150882022409,-3.79645555858,-8.7890248691,0.154852026571,-0.0324448751966,0.0109980831843,0,0,0,0,0,0,0.101582,0.118672000003,-0.163339999998,0.000367,0.00365200000001,-0.000716999999942
674,1.353523343,-0.266272032969,-4.11670852309,-9.03263968587,0.147770326522,-0.0216282245732,0.00303131504677,0,0,0,0,0,0,0.101582,0.118672000003,-0.163339999998,0.000367,0.00365200000001,-0.000716999999942
675,1.355517162,-0.162485609502,-3.84722638997,-9.19210300763,0.152808238686,-0.0216586096757,0.0125577224851,0,0,0,0,0,0,0.101582,0.118672000003,-0.163339999998,0.000367,0.00365200000001,-0.000716999999942
676,1.357517384,0.195251704677,-4.39089182259,-8.95723464323,0.164284231228,-0.0104665551514,0.0112762944754,0,0,0,0,0,0,0.101582,0.118672000003,-0.163339999998,0.000367,0.00365200000001,-0.000716999999942
677,1.359540839,0.0458114853123,-3.97173438607,-8.78821468536,0.149415004985,-0.0149954393879,0.00710715493103,0,0,0,0,0,0,0.011582,0.0686720000015,-0.0933399999989,0.010367,0.00965200000009,-0.00571699999985
678,1.361520292,0.25993517339,-3.88825426465,-8.37255369508,0.153073560464,-0.0149261930734,0.0150576681661,0,0,0,0,0,0,0.011582,0.0686720000015,-0.0933399999989,0.010367,0.00965200000009,-0.00571699999985
679,1.363502480,-0.351692068424,-4.40768804077,-8.57728989769,0.16972560167,-0.0311476633575,0.00348503229031,0,0,0,0,0,0,0.011582,0.0686720000015,-0.0933399999989,0.010367,0.00965200000009,-0.00571699999985
680,1.365540783,0.0132865924871,-3.82467232505,-9.16863888003,0.136473568236,-0.00440444427761,-0.00437907633722,0,0,0,0,0,0,0.011582,0.0686720000015,-0.0933399999989,0.010367,0.00965200000009,-0.00571699999985
681,1.367543970,-0.379548301485,-3.97307924375,-8.88056918355,0.162739366449,-0.0300038263174,0.00607425264465,0,0,0,0,0,0,0.071582,0.0686720000009,-0.0533389999989,0.005367,0.00365200000003,-0.00171699999994
682,1.369524515,0.224688614168,-3.52116146939,-8.97501804044,0.13217036998,-0.00389670743736,0.00443259567133,0,0,0,0,0,0,0.071582,0.0686720000009,-0.0533389999989,0.005367,0.00365200000003,-0.00171699999994
683,1.371520568,0.259971730557,-4.05398025632,-8.89797533063,0.151637911754,-0.00722999519918,0.00412649653153,0,0,0,0,0,0,0.071582,0.0686720000009,-0.0533389999989,0.005367,0.00365200000003,-0.00171699999994
684,1.373519257,0.419612583133,-3.97764443245,-8.61109991818,0.152018625592,-0.00363732707676,0.00756349674532,0,0,0,0,0,0,0.071582,0.0686720000009,-0.0533389999989,0.005367,0.00365200000003,-0.00171699999994
685,1.375530409,0.142905310422,-4.12084774094,-8.89561214504,0.153690812693,-0.00867010029168,0.000400079726543,0,0,0,0,0,0,0.081582,0.088672000002,-0.123340999999,0.000367,0.000651999999995,0.00028300000001
686,1.377530049,-0.0472136538688,-4.05498302234,-8.75653699104,0.15484896292,-0.0179409129735,0.00153713784235,0,0,0,0,0,0,0.081582,0.088672000002,-0.123340999999,0.000367,0.000651999999995,0.00028300000001
687,1.379517527,-0.121319016016,-3.69385314919,-9.00370379131,0.134634299841,-0.00354281276471,0.00803164252377,0,0,0,0,0,0,0.081582,0.088672000002,-0.123340999999,0.000367,0.000651999999995,0.00028300000001
688,1.381517979,-0.731352739612,-3.67406175335,-8.88453232611,0.149241666739,-0.0323406959298,-7.18646648762e-05,0,0,0,0,0,0,0.081582,0.088672000002,-0.123340999999,0.000367,0.000651999999995,0.00028300000001
689,1.383520254,-0.076520538963,-3.88484132858,-8.94467611985,0.146083672256,-0.0168093715408,0.00625222000146,0,0,0,0,0,0,0.071582,0.0986720000021,-0.133338999998,0.003367,0.00465200000001,-0.000716999999926
690,1.385530936,-0.164144913261,-3.93572377908,-9.0571286618,0.15213412623,-0.0210232841745,0.00552653745249,0,0,0,0,0,0,0.071582,0.0986720000021,-0.133338999998,0.003367,0.00465200000001,-0.000716999999926
691,1.387511120,-0.0471501568778,-3.68830335592,-9.41794259484,0.135781092816,-0.00744754405743,0.000293574767566,0,0,0,0,0,0,0.071582,0.0986720000021,-0.133338999998,0.003367,0.00465200000001,-0.000716999999926
692,1.389513385,-0.142500664237,-3.81191260338,-9.09592094194,0.143161662873,-0.0144409705782,0.00876103064909,0,0,0,0,0,0,0.071582,0.0986720000021,-0.133338999998,0.003367,0.00465200000001,-0.000716999999926
693,1.391520911,-0.0334696569189,-4.42724277014,-8.78455669942,0.174224272274,-0.0184254557023,0.00678794228379,0,0,0,0,0,0,0.051582,0.0886720000025,-0.153338999999,0.006367,0.00765200000004,-0.00271699999988
694,1.393525400,-0.0280792389688,-3.95923341515,-8.6489732713,0.153041421601,-0.0310928561549,0.0103185613391,0,0,0,0,0,0,0.051582,0.0886720000025,-0.153338999999,0.006367,0.00765200000004,-0.00271699999988
695,1.395529178,0.0412218310731,-4.03663376184,-9.39322516223,0.142680482492,-0.000860198409012,0.00430421035131,0,0,0,0,0,0,0.051582,0.0886720000025,-0.153338999999,0.006367,0.00765200000004,-0.00271699999988
696,1.397517257,-0.0695273782782,-3.89018815619,-9.12072938827,0.148946126823,-0.0196876267537,0.0154617543914,0,0,0,0,0,0,0.051582,0.0886720000025,-0.153338999999,0.006367,0.00765200000004,-0.00271699999988
697,1.399514263,-0.62474913507,-3.7121765317,-9.24559113955,0.13621053303,-0.0143316644705,0.0158286616561,0,0,0,0,0,0,0.021582,0.108671999999,0.0866600000017,0.005367,0.00665200000003,-0.00171699999989
698,1.401527819,-0.272225338612,-4.02845870185,-8.68674655566,0.166245270714,-0.037529891212,0.00419257559952,0,0,0,0,0,0,0.021582,0.108671999999,0.0866600000017,0.005367,0.00665200000003,-0.00171699999989
699,1.403540624,0.00409380791816,-3.71869025644,-8.9168933034,0.134822497957,-0.0101889058064,0.00735060379282,0,0,0,0,0,0,0.021582,0.108671999999,0.0866600000017,0.005367,0.00665200000003,-0.00171699999989
700,1.405527350,-0.0649044891779,-4.43058870157,-8.97143988206,0.165958016523,0.000881001112653,0.00320785505744,0,0,0,0,0,0,0.021582,0.108671999999,0.0866600000017,0.005367,0.00665200000003,-0.00171699999989
701,1.407511883,0.219108221377,-3.82322015047,-9.21682663137,0.141547987817,0.00257564065444,0.00333877008569,0,0,0,0,0,0,0.031582,0.0886720000004,-0.0233399999986,0.008367,0.00965200000006,-0.00371699999985
702,1.409523596,-0.329226493593,-3.57169339831,-8.93727931937,0.133430792938,-0.0181951079815,-0.00341829564348,0,0,0,0,0,0,0.031582,0.0886720000004,-0.0233399999986,0.008367,0.00965200000006,-0.00371699999985
703,1.411519790,0.254249528407,-3.47962232745,-9.12763513507,0.131622633,0.00237118023632,0.00500933034215,0,0,0,0,0,0,0.031582,0.0886720000004,-0.0233399999986,0.008367,0.00965200000006,-0.00371699999985
704,1.413505094,-0.414411389431,-4.13690564047,-8.94947670143,0.168012356065,-0.0332334358124,0.00717504803164,0,0,0,0,0,0,0.031582,0.0886720000004,-0.0233399999986,0.008367,0.00965200000006,-0.00371699999985
705,1.415514322,0.0442781786592,-3.86083642027,-9.22554343999,0.131732240003,-0.00275852060681,0.00235272730927,0,0,0,0,0,0,0.041582,0.0786720000041,-0.253339999999,0.011367,0.0126520000001,-0.0067169999998
706,1.417517119,0.152724742295,-3.90540373396,-8.58760769979,0.1545899267,-0.00644187435441,0.000694342027445,0,0,0,0,0,0,0.041582,0.0786720000041,-0.253339999999,0.011367,0.0126520000001,-0.0067169999998
707,1.419517731,-0.31883451308,-4.15341864226,-8.93062479377,0.150399507745,-0.0268097953206,0.00304732381743,0,0,0,0,0,0,0.041582,0.0786720000041,-0.253339999999,0.011367,0.0126520000001,-0.0067169999998
708,1.421504868,-0.681793054085,-3.54911382971,-9.09780524082,0.138366045277,-0.0338054620571,0.00428141393072,0,0,0,0,0,0,0.041582,0.0786720000041,-0.253339999999,0.011367,0.0126520000001,-0.0067169999998
709,1.423535977,-0.0214963213909,-4.04398856675,-9.16371166445,0.146632420328,-0.0147638238277,0.00438376814363,0,0,0,0,0,0,0.071582,0.0986720000057,-0.353339999998,0.010367,0.0116520000001,-0.00771699999981
710,1.425533604,-0.582362942134,-3.88859082313,-9.25775573435,0.146311776015,-0.030037846394,0.00981615057244,0,0,0,0,0,0,0.071582,0.0986720000057,-0.353339999998,0.010367,0.0116520000001,-0.00771699999981
711,1.427521663,-0.0287795795888,-3.46030580723,-9.19844581467,0.124077600107,0.004748497752,0.00258390695591,0,0,0,0,0,0,0.071582,0.0986720000057,-0.353339999998,0.010367,0.0116520000001,-0.00771699999981
712,1.429512226,-0.0749170454362,-3.7195240987,-8.86179326023,0.152310168108,-0.0244215160588,0.0115248303381,0,0,0,0,0,0,0.071582,0.0986720000057,-0.353339999998,0.010367,0.0116520000001,-0.00771699999981
713,1.431525192,-0.32634690575,-3.97705612373,-8.79719104784,0.158607942428,-0.0234975855409,0.0110043749692,0,0,0,0,0,0,0.071582,0.148672000005,-0.303338999998,0.006367,0.0106520000001,-0.00571699999983
714,1.433534000,-0.3578006381,-3.83572739065,-9.0133065144,0.142826411336,-0.0234723791009,0.0069835155786,0,0,0,0,0,0,0.071582,0.148672000005,-0.303338999998,0.006367,0.0106520000001,-0.00571699999983
715,1.435516708,0.00195714988745,-3.71949268014,-9.23311819849,0.139817172819,-0.00725523782353,0.00813385414832,0,0,0,0,0,0,0.071582,0.148672000005,-0.303338999998,0.006367,0.0106520000001,-0.00571699999983
716,1.437519344,0.0488065746097,-3.99064364616,-9.14243714157,0.157716579972,-0.0196665280453,0.0130014850911,0,0,0,0,0,0,0.071582,0.148672000005,-0.303338999998,0.006367,0.0106520000001,-0.00571699999983
717,1.439521510,-0.472232790688,-4.06376176371,-8.82746478229,0.168557066543,-0.0447686217669,0.0129888289852,0,0,0,0,0,0,0.051582,0.128672000006,-0.373340999998,0.006367,0.0136520000001,-0.00671699999978
718,1.441550194,-0.142149375625,-3.80619362471,-8.73982102622,0.153832313495,-0.0272315511648,0.00308824618543,0,0,0,0,0,0,0.051582,0.128672000006,-0.373340999998,0.006367,0.0136520000001,-0.00671699999978
719,1.443514068,-0.666479881776,-3.81740870095,-9.20219969426,0.147192723372,-0.0235047969252,0.00718768584929,0,0,0,0,0,0,0.051582,0.128672000006,-0.373340999998,0.006367,0.0136520000001,-0.00671699999978
720,1.445521473,0.0367501029056,-3.77955849085,-8.93301128224,0.145026822421,-0.0140551286032,0.0133249030893,0,0,0,0,0,0,0.051582,0.128672000006,-0.373340999998,0.006367,0.0136520000001,-0.00671699999978
721,1.447530421,0.233196216098,-3.85448854093,-8.84733104041,0.142534369123,-0.00995429404261,0.00291898358916,0,0,0,0,0,0,0.081582,0.128672000006,-0.383338999998,0.003367,0.00965200000008,-0.00471699999985
722,1.449551681,0.166315917267,-3.84786630339,-8.87530834052,0.145196112658,-0.0073634896785,-0.000125726081112,0,0,0,0,0,0,0.081582,0.128672000006,-0.383338999998,0.003367,0.00965200000008,-0.00471699999985
723,1.451510866,-0.372006841254,-4.24535700323,-8.84755502928,0.166398040352,-0.0242975692847,0.0120377111028,0,0,0,0,0,0,0.081582,0.128672000006,-0.383338999998,0.003367,0.00965200000008,-0.00471699999985
724,1.453518141,0.112824829325,-3.46504062885,-8.73674091687,0.137999004796,-0.00205330087912,0.000465611224208,0,0,0,0,0,0,0.081582,0.128672000006,-0.383338999998,0.003367,0.00965200000008,-0.00471699999985
725,1.455531678,-0.615713556223,-3.67007000059,-8.58083866287,0.144435155651,-0.0330192888092,0.00993513961881,0,0,0,0,0,0,0.071582,0.128672000004,-0.273339999998,0.005367,0.00965200000008,-0.00471699999985
726,1.457519196,0.230205225978,-3.79214448707,-8.40399465037,0.143239327577,-0.0175907025142,0.00914049618752,0,0,0,0,0,0,0.071582,0.128672000004,-0.273339999998,0.005367,0.00965200000008,-0.00471699999985
727,1.459528164,-0.395124384074,-3.90670204761,-8.98437859873,0.138410081156,-0.0219646070003,0.000898180538121,0,0,0,0,0,0,0.071582,0.128672000004,-0.273339999998,0.005367,0.00965200000008,-0.00471699999985
728,1.461521051,-0.11545111752,-3.83201604549,-8.91580848019,0.151042602945,-0.0256395236084,0.0124860728701,0,0,0,0,0,0,0.071582,0.128672000004,-0.273339999998,0.005367,0.00965200000008,-0.00471699999985
729,1.463530330,0.244000331868,-4.50888287126,-8.53967775729,0.175451305313,-0.0200706715011,0.0162052756391,0,0,0,0,0,0,0.081582,0.118672000005,-0.293340999998,0.005367,0.00765200000006,-0.00371699999988
730,1.465591966,-0.0858924056044,-4.10518868531,-8.78873503586,0.163401432879,-0.0252512348987,0.011215010246,0,0,0,0,0,0,0.081582,0.118672000005,-0.293340999998,0.005367,0.00765200000006,-0.00371699999988
731,1.467563905,0.0762120342876,-3.72400961827,-8.89599573591,0.138095099975,-0.0118813940794,0.0145123657143,0,0,0,0,0,0,0.081582,0.118672000005,-0.293340999998,0.005367,0.00765200000006,-0.00371699999988
732,1.469517589,0.481798805046,-3.82873674457,-8.76869176951,0.147422216232,-0.00290538093781,0.0141688813316,0,0,0,0,0,0,0.081582,0.118672000005,-0.293340999998,0.005367,0.00765200000006,-0.00371699999988
733,1.471522670,-0.303561768537,-3.7225774433,-8.68855781036,0.134269879043,-0.00181005667415,-0.00715013355561,0,0,0,0,0,0,0.061582,0.0886720000042,-0.263339999999,0.005367,0.00865200000006,-0.00371699999986
734,1.473526519,-0.0492197164241,-3.81189330984,-8.77353033122,0.147292958776,-0.0059724518943,0.00892777833732,0,0,0,0,0,0,0.061582,0.0886720000042,-0.263339999999,0.005367,0.00865200000006,-0.00371699999986
735,1.475511001,0.424128865761,-3.95980080162,-8.9688746649,0.14556987969,0.00171810472353,-0.00301219562757,0,0,0,0,0,0,0.061582,0.0886720000042,-0.263339999999,0.005367,0.00865200000006,-0.00371699999986
736,1.477509169,-0.220626409235,-3.92482957805,-8.78786951304,0.137779548532,-0.0139088531574,0.00398219269636,0,0,0,0,0,0,0.061582,0.0886720000042,-0.263339999999,0.005367,0.00865200000006,-0.00371699999986
737,1.479519469,0.266328525819,-4.01310858969,-8.57120845482,0.161848601966,-0.0151254354332,0.008545055113,0,0,0,0,0,0,0.071582,0.098672000005,-0.313338999998,0.005367,0.00765200000006,-0.00371699999988
738,1.481518098,-0.330117671746,-3.93039703986,-8.61605975855,0.157244559425,-0.0254974366369,0.000138328686545,0,0,0,0,0,0,0.071582,0.098672000005,-0.313338999998,0.005367,0.00765200000006,-0.00371699999988
739,1.483517818,-0.230920169522,-4.43218204744,-8.76041635655,0.165827840659,-0.0220047373792,0.00298406737279,0,0,0,0,0,0,0.071582,0.098672000005,-0.313338999998,0.005367,0.00765200000006,-0.00371699999988
740,1.485512419,-0.204240518677,-4.22643144451,-8.18167000947,0.171955120058,-0.0283952104391,0.00295920936034,0,0,0,0,0,0,0.071582,0.098672000005,-0.313338999998,0.005367,0.00765200000006,-0.00371699999988
741,1.487522469,0.019931766115,-4.45861633213,-8.4210095151,0.180307593133,-0.0196766122938,0.00696405394517,0,0,0,0,0,0,0.031582,0.0886720000029,-0.183339999999,0.006367,0.00765200000004,-0.00271699999988
742,1.489515126,0.241231510826,-3.67820265245,-8.47201997277,0.147804835771,-0.022623163511,0.00913758691388,0,0,0,0,0,0,0.031582,0.0886720000029,-0.183339999999,0.006367,0.00765200000004,-0.00271699999988
743,1.491511741,0.0807297388889,-4.01187731369,-8.41138623279,0.161553289991,-0.0210615936819,0.00376413364102,0,0,0,0,0,0,0.031582,0.0886720000029,-0.183339999999,0.006367,0.00765200000004,-0.00271699999988
744,1.493498037,-0.1553701384,-3.93567695075,-8.72984611635,0.146164125704,-0.0198841097856,0.00656010461564,0,0,0,0,0,0,0.031582,0.0886720000029,-0.183339999999,0.006367,0.00765200000004,-0.00271699999988
745,1.495515971,0.0516986370056,-4.1994858848,-8.79778359024,0.156198922434,-0.0264003649057,0.0125778137526,0,0,0,0,0,0,0.091582,0.118672000007,-0.453340999998,0.003367,0.00665200000004,-0.00271699999989
746,1.497537553,-0.143502327904,-3.79087303389,-8.66304433696,0.151371210958,-0.0253303512392,0.00479463515512,0,0,0,0,0,0,0.091582,0.118672000007,-0.453340999998,0.003367,0.00665200000004,-0.00271699999989
747,1.499524039,0.372238773717,-4.26682683662,-8.58172596425,0.162622914357,-0.0173439575104,0.00392945275072,0,0,0,0,0,0,0.091582,0.118672000007,-0.453340999998,0.003367,0.00665200000004,-0.00271699999989
748,1.501527868,-0.119895523408,-3.85118364675,-8.57552764008,0.157545652836,-0.0224002585851,0.00363007378297,0,0,0,0,0,0,0.091582,0.118672000007,-0.453340999998,0.003367,0.00665200000004,-0.00271699999989
749,1.503580337,0.447289835326,-3.99770697269,-8.65258951776,0.162672396247,-0.013724166638,0.00648773957915,0,0,0,0,0,0,0.091582,0.0886720000031,-0.193339999999,0.002367,0.00365200000003,-0.00171699999994
750,1.505521728,-0.102054142876,-4.06548847285,-8.62965572975,0.161941844904,-0.0248615435729,0.000493262143819,0,0,0,0,0,0,0.091582,0.0886720000031,-0.193339999999,0.002367,0.00365200000003,-0.00171699999994
751,1.507507032,-0.0917176492169,-3.92775203778,-8.38931669947,0.16344342108,-0.0228400278054,-0.00131271710054,0,0,0,0,0,0,0.091582,0.0886720000031,-0.193339999999,0.002367,0.00365200000003,-0.00171699999994
752,1.509506883,0.614802273963,-3.72192245461,-8.97179466173,0.141623098382,-0.0011957705871,0.00214980380705,0,0,0,0,0,0,0.091582,0.0886720000031,-0.193339999999,0.002367,0.00365200000003,-0.00171699999994
753,1.511518896,-0.31809624901,-4.24059309486,-9.0954652786,0.156016193465,-0.0180033381178,0.0115139281653,0,0,0,0,0,0,0.071582,0.108672,0.0166610000017,0.001367,0.00465200000003,-0.00171699999993
754,1.513520681,0.131547679061,-3.79243721884,-8.8193712818,0.14764647952,-0.00562135258564,0.00381411480874,0,0,0,0,0,0,0.071582,0.108672,0.0166610000017,0.001367,0.00465200000003,-0.00171699999993
755,1.515507778,-0.0968080465383,-3.8862708169,-8.83635126616,0.155589447343,-0.021939639076,0.01032845203,0,0,0,0,0,0,0.071582,0.108672,0.0166610000017,0.001367,0.00465200000003,-0.00171699999993
756,1.517513029,0.353813094474,-3.77020719097,-8.71109468471,0.15433253796,-0.00570368602438,0.00890590410447,0,0,0,0,0,0,0.071582,0.108672,0.0166610000017,0.001367,0.00465200000003,-0.00171699999993
757,1.519520955,-0.141292947049,-4.34195419652,-8.86134798697,0.167511208151,-0.0178177095615,0.0159224739648,0,0,0,0,0,0,0.131582,0.128672000001,-0.0833399999979,-0.000633,0.00265200000004,-0.00271699999996
758,1.521525054,-0.124768126288,-4.08097421124,-8.83786309445,0.155118149559,-0.0234814376744,0.0151074419291,0,0,0,0,0,0,0.131582,0.128672000001,-0.0833399999979,-0.000633,0.00265200000004,-0.00271699999996
759,1.523509145,-0.15043828832,-3.8804964299,-8.94771525357,0.148605222445,-0.0158692813363,0.0145279724089,0,0,0,0,0,0,0.131582,0.128672000001,-0.0833399999979,-0.000633,0.00265200000004,-0.00271699999996
760,1.525512483,0.0774680687046,-3.84006299416,-9.0431280553,0.145831007603,-0.00428262847865,0.006635463574,0,0,0,0,0,0,0.131582,0.128672000001,-0.0833399999979,-0.000633,0.00265200000004,-0.00271699999996
761,1.527515339,0.0903836871016,-4.36836784124,-9.21454134616,0.161486982346,-0.0156948188767,0.00714901183383,0,0,0,0,0,0,0.091582,0.0986720000015,-0.0933399999984,0.004367,0.00565200000006,-0.00371699999991
762,1.529522704,-0.521304623996,-3.85448506734,-8.820284438,0.145899068638,-0.031128444524,0.00524576344735,0,0,0,0,0,0,0.091582,0.0986720000015,-0.0933399999984,0.004367,0.00565200000006,-0.00371699999991
763,1.531509791,0.419267827138,-3.99791383981,-9.02382834614,0.143807031729,0.00395343713907,0.0109835687694,0,0,0,0,0,0,0.091582,0.0986720000015,-0.0933399999984,0.004367,0.00565200000006,-0.00371699999991
764,1.533527946,0.0857576906236,-3.85078874072,-8.60027025585,0.15863485586,-0.0140726455391,0.00311256720523,0,0,0,0,0,0,0.091582,0.0986720000015,-0.0933399999984,0.004367,0.00565200000006,-0.00371699999991
765,1.535532636,-0.241656807934,-3.75968060199,-8.91298933014,0.138079713199,-0.0242220414877,0.00351246789084,0,0,0,0,0,0,0.031582,0.0886719999985,0.0966610000014,0.004367,0.00565200000004,-0.00271699999991
766,1.537524201,0.00697515455595,-4.00156480195,-8.7339336548,0.148120708769,-0.0149854263808,0.0049863904998,0,0,0,0,0,0,0.031582,0.0886719999985,0.0966610000014,0.004367,0.00565200000004,-0.00271699999991
767,1.539515095,0.127934821563,-3.98763197974,-8.72734058997,0.162870623454,-0.020594621661,0.0102798951093,0,0,0,0,0,0,0.031582,0.0886719999985,0.0966610000014,0.004367,0.00565200000004,-0.00271699999991
768,1.541524064,-0.301915783534,-3.77978804156,-8.74855218033,0.151013440576,-0.0319351342774,0.00646719685065,0,0,0,0,0,0,0.031582,0.0886719999985,0.0966610000014,0.004367,0.00565200000004,-0.00271699999991
769,1.543559982,0.201815805319,-3.86199804315,-8.55318919803,0.155533148605,-0.0105533436727,0.0212500346413,0,0,0,0,0,0,0.061582,0.0886720000001,-0.00333999999858,0.005367,0.00765200000006,-0.00371699999988
770,1.545534686,-0.123433889928,-3.78219710602,-8.80851425094,0.150933165308,-0.0130556289515,0.0114157191966,0,0,0,0,0,0,0.061582,0.0886720000001,-0.00333999999858,0.005367,0.00765200000006,-0.00371699999988
771,1.547522544,-0.459173830664,-3.97644801806,-8.86750723228,0.149824190906,-0.0238561472981,0.00400101882978,0,0,0,0,0,0,0.061582,0.0886720000001,-0.00333999999858,0.005367,0.00765200000006,-0.00371699999988
772,1.549516835,-0.117855209868,-3.73838977008,-9.24600272046,0.137986923608,-0.0177893504837,0.00961663244762,0,0,0,0,0,0,0.061582,0.0886720000001,-0.00333999999858,0.005367,0.00765200000006,-0.00371699999988
773,1.551522266,0.504636100836,-4.11044364877,-9.09062424734,0.154950026699,0.00290718681177,0.0070750229167,0,0,0,0,0,0,0.021582,0.0786720000015,-0.0933399999987,0.008367,0.00965200000009,-0.00571699999985
774,1.553524241,0.0135231706843,-3.81466323427,-9.36846538185,0.142603479608,-0.0150676284021,-0.00644129020175,0,0,0,0,0,0,0.021582,0.0786720000015,-0.0933399999987,0.008367,0.00965200000009,-0.00571699999985
775,1.555510155,-0.207153671279,-3.80076345226,-9.03240152864,0.149580714779,-0.0162147598107,0.011109370555,0,0,0,0,0,0,0.021582,0.0786720000015,-0.0933399999987,0.008367,0.00965200000009,-0.00571699999985
776,1.557516478,0.123819062298,-4.0009997939,-9.16438063536,0.150808895881,-0.00708460170956,0.00575005290419,0,0,0,0,0,0,0.021582,0.0786720000015,-0.0933399999987,0.008367,0.00965200000009,-0.00571699999985
777,1.559519545,0.0972352226154,-4.04380927717,-8.92724076078,0.1602555019,-0.0122380348029,0.0047658603288,0,0,0,0,0,0,0.061582,0.0986720000029,-0.183339999998,0.007367,0.00765200000009,-0.00571699999988
778,1.561520679,-0.307873698643,-3.93222864304,-9.14462728881,0.15017015367,-0.0267911647463,0.00185401674406,0,0,0,0,0,0,0.061582,0.0986720000029,-0.183339999998,0.007367,0.00765200000009,-0.00571699999988
779,1.563507385,0.061791568968,-3.6380783782,-8.94953699295,0.149703441301,-0.0194873151999,0.00926353368699,0,0,0,0,0,0,0.061582,0.0986720000029,-0.183339999998,0.007367,0.00765200000009,-0.00571699999988
780,1.565522875,0.436321191106,-3.80693098816,-9.06552949432,0.150760092597,-0.00699646699919,0.00228623459898,0,0,0,0,0,0,0.061582,0.0986720000029,-0.183339999998,0.007367,0.00765200000009,-0.00571699999988
781,1.567602225,0.388744338826,-3.82984383422,-8.82496498724,0.14833425932,-0.0119083289918,0.00773804396773,0,0,0,0,0,0,0.131582,0.108672000005,-0.283339999998,0.004367,0.00365200000006,-0.00371699999994
782,1.569547103,-0.0991557665978,-3.68408237305,-8.86304224573,0.148111573122,-0.0228424101621,0.000627513796905,0,0,0,0,0,0,0.131582,0.108672000005,-0.283339999998,0.004367,0.00365200000006,-0.00371699999994
783,1.571526435,-0.0726508649191,-4.15555633282,-9.12781395114,0.159613548061,-0.00695017508184,0.0102642608003,0,0,0,0,0,0,0.131582,0.108672000005,-0.283339999998,0.004367,0.00365200000006,-0.00371699999994
784,1.573517560,0.228233143327,-3.91086414973,-8.75187578098,0.153553498958,-0.0129037313162,0.00557035672216,0,0,0,0,0,0,0.131582,0.108672000005,-0.283339999998,0.004367,0.00365200000006,-0.00371699999994
785,1.575532078,-0.320596189777,-4.07267938871,-8.54152340299,0.163902579552,-0.0290072052587,0.00813253550876,0,0,0,0,0,0,0.101582,0.118671999999,0.0566600000019,0.002367,0.00365200000003,-0.00171699999994
786,1.577535155,0.367640358099,-3.7057454308,-8.87996193624,0.155641935243,-0.0127938100854,0.00830435596575,0,0,0,0,0,0,0.101582,0.118671999999,0.0566600000019,0.002367,0.00365200000003,-0.00171699999994
787,1.579511281,0.397169626336,-4.33603139803,-8.79525993824,0.17291436988,-0.0160627495755,0.0145432746633,0,0,0,0,0,0,0.101582,0.118671999999,0.0566600000019,0.002367,0.00365200000003,-0.00171699999994
788,1.581514649,0.119745058098,-3.86940508246,-9.17965333398,0.160295935863,-0.0193071495403,0.00301251432569,0,0,0,0,0,0,0.101582,0.118671999999,0.0566600000019,0.002367,0.00365200000003,-0.00171699999994
789,1.583525921,0.293752069165,-4.08373332076,-8.63586729189,0.162180145029,-0.0129288353104,0.00969129386168,0,0,0,0,0,0,0.161582,0.158672000001,-0.0733389999975,-0.005633,-0.00134799999999,-0.000717000000022
790,1.585519531,-0.498178943139,-3.82446399019,-8.60590020718,0.154576143192,-0.0347101012689,0.00818193778691,0,0,0,0,0,0,0.161582,0.158672000001,-0.0733389999975,-0.005633,-0.00134799999999,-0.000717000000022
791,1.587521456,-0.330071262569,-4.02274011713,-8.56818087985,0.158744960569,-0.0351913685471,0.0148425920397,0,0,0,0,0,0,0.161582,0.158672000001,-0.0733389999975,-0.005633,-0.00134799999999,-0.000717000000022
792,1.589515686,-0.264605912715,-3.8779247245,-8.80080182147,0.148912244154,-0.0236195172765,0.0101383015273,0,0,0,0,0,0,0.161582,0.158672000001,-0.0733389999975,-0.005633,-0.00134799999999,-0.000717000000022
793,1.591514264,0.184686473656,-3.62945597453,-9.56048266813,0.120785570658,0.01367164876,0.00422144607646,0,0,0,0,0,0,0.101582,0.118672000001,-0.0833399999981,0.002367,0.00265200000004,-0.00271699999996
794,1.593520116,0.143468836254,-3.7378299155,-9.57363821008,0.140031387956,-0.000474924623973,0.00765667426192,0,0,0,0,0,0,0.101582,0.118672000001,-0.0833399999981,0.002367,0.00265200000004,-0.00271699999996
795,1.595509538,-0.58154488464,-3.9581813947,-9.19744986239,0.137914015388,-0.0272137565902,0.00671677064589,0,0,0,0,0,0,0.101582,0.118672000001,-0.0833399999981,0.002367,0.00265200000004,-0.00271699999996
796,1.597512444,-0.301518860934,-4.09449980395,-9.36664530858,0.158845987041,-0.0219399562572,0.0102790961975,0,0,0,0,0,0,0.101582,0.118672000001,-0.0833399999981,0.002367,0.00265200000004,-0.00271699999996
797,1.599515411,-0.440747265289,-3.69710259028,-9.18627444133,0.141311544774,-0.0161493736837,0.00821215072751,0,0,0,0,0,0,0.091582,0.108672000001,-0.0733389999983,0.000367,0.000652000000011,-0.00071699999999
798,1.601513088,-0.251583977226,-4.18839159617,-9.0673491368,0.166848131744,-0.0255208356464,0.016588418576,0,0,0,0,0,0,0.091582,0.108672000001,-0.0733389999983,0.000367,0.000652000000011,-0.00071699999999
799,1.603536903,-0.153978778368,-3.80237813121,-8.44832966055,0.162431360519,-0.0366065020409,0.00785553496443,0,0,0,0,0,0,0.091582,0.108672000001,-0.0733389999983,0.000367,0.000652000000011,-0.00071699999999
800,1.605534220,-0.591695105118,-4.35445394142,-8.42006814567,0.175583663176,-0.0474222612191,0.00482185991363,0,0,0,0,0,0,0.091582,0.108672000001,-0.0733389999983,0.000367,0.000652000000011,-0.00071699999999
801,1.607530534,0.0217761597429,-3.83332036491,-8.76308580918,0.148975841907,-0.0296648789903,0.00800414294576,0,0,0,0,0,0,0.111582,0.108672000002,-0.123340999998,-0.001633,0.000651999999995,0.00028300000001
802,1.609533661,0.166715705474,-3.84399035818,-8.96987417509,0.149339652728,-0.0146337374174,0.00709096082825,0,0,0,0,0,0,0.111582,0.108672000002,-0.123340999998,-0.001633,0.000651999999995,0.00028300000001
803,1.611509898,-0.0509388894434,-3.77427977703,-9.12038499697,0.143006540419,-0.0205297204813,0.00739892031844,0,0,0,0,0,0,0.111582,0.108672000002,-0.123340999998,-0.001633,0.000651999999995,0.00028300000001
804,1.613508727,-0.109305027215,-3.76773338364,-9.31525955961,0.142899370335,-0.00660691375252,0.0148379262157,0,0,0,0,0,0,0.111582,0.108672000002,-0.123340999998,-0.001633,0.000651999999995,0.00028300000001
805,1.615523105,-0.160619021482,-3.42321170207,-9.133869792,0.128460801815,-0.00146309406618,0.00479135508565,0,0,0,0,0,0,0.121582,0.118672000001,-0.0533389999981,-0.001633,-0.000347999999989,-0.000717000000006
806,1.617517766,-0.204741873449,-4.04205749074,-8.95913842978,0.150747597216,-0.016810438219,0.00777433479139,0,0,0,0,0,0,0.121582,0.118672000001,-0.0533389999981,-0.001633,-0.000347999999989,-0.000717000000006
807,1.619507077,0.400287712213,-3.52455006504,-9.41074518429,0.128999842698,0.0165602272989,-0.00797282546673,0,0,0,0,0,0,0.121582,0.118672000001,-0.0533389999981,-0.001633,-0.000347999999989,-0.000717000000006
808,1.621517999,-0.117651338201,-3.77743076292,-9.54182302679,0.13695112148,-0.00108949689806,0.00370873553009,0,0,0,0,0,0,0.121582,0.118672000001,-0.0533389999981,-0.001633,-0.000347999999989,-0.000717000000006
809,1.623525804,-0.0171139533247,-3.77071854078,-8.95997113616,0.140314595714,-0.000255756244893,-0.000913617419176,0,0,0,0,0,0,0.131582,0.128672000004,-0.233338999998,0.000367,0.00265200000001,-0.000716999999958
810,1.625514494,-0.259198009011,-3.75364945663,-8.9055132556,0.138840804471,-0.0160563339633,0.0124540765052,0,0,0,0,0,0,0.131582,0.128672000004,-0.233338999998,0.000367,0.00265200000001,-0.000716999999958
811,1.627516709,-0.0170709797475,-3.97812079751,-9.28404733949,0.141889362724,-0.00324135728275,0.00758767773014,0,0,0,0,0,0,0.131582,0.128672000004,-0.233338999998,0.000367,0.00265200000001,-0.000716999999958
812,1.629533703,-0.155409876145,-3.71245642181,-9.20165654052,0.126383022938,-0.00343523906363,-0.0080706612656,0,0,0,0,0,0,0.131582,0.128672000004,-0.233338999998,0.000367,0.00265200000001,-0.000716999999958
813,1.631534245,0.123125692037,-3.56376307554,-9.26251655158,0.133544557749,-0.00058910711543,-0.00254653305017,0,0,0,0,0,0,0.081582,0.108672000002,-0.123340999998,0.001367,0.00365200000003,-0.00171699999994
814,1.633543003,0.260634175565,-3.82712848847,-9.05052384416,0.147670321042,-0.00324031351945,0.00632414815733,0,0,0,0,0,0,0.081582,0.108672000002,-0.123340999998,0.001367,0.00365200000003,-0.00171699999994
815,1.635534317,-0.387273404677,-3.93622812574,-9.3694006334,0.138173504957,-0.00903835270872,0.00686803527161,0,0,0,0,0,0,0.081582,0.108672000002,-0.123340999998,0.001367,0.00365200000003,-0.00171699999994
816,1.637517697,-0.148092031951,-3.87447255289,-9.26840264798,0.126068189327,-0.00366036050195,-0.00253794336149,0,0,0,0,0,0,0.081582,0.108672000002,-0.123340999998,0.001367,0.00365200000003,-0.00171699999994
817,1.639526355,-0.11721347872,-4.10738108693,-8.83857167654,0.14412689669,-0.00961275684224,0.0013009226688,0,0,0,0,0,0,0.081582,0.0986720000015,-0.0933399999984,0.002367,0.00365200000003,-0.00171699999994
818,1.641518842,0.125049950853,-4.04018123176,-9.3550945168,0.138539508094,-0.000830248083183,0.0053042486495,0,0,0,0,0,0,0.081582,0.0986720000015,-0.0933399999984,0.002367,0.00365200000003,-0.00171699999994
819,1.643535935,-0.0124620236364,-3.57487310594,-9.17833008411,0.121753025633,0.000166731979755,0.0116885247891,0,0,0,0,0,0,0.081582,0.0986720000015,-0.0933399999984,0.002367,0.00365200000003,-0.00171699999994
820,1.645517742,0.00904024865368,-4.04581388663,-9.06480326013,0.147755586133,0.00578185214393,0.00948907708195,0,0,0,0,0,0,0.081582,0.0986720000015,-0.0933399999984,0.002367,0.00365200000003,-0.00171699999994
821,1.647520889,0.167997752689,-3.32982020376,-9.33699234132,0.11963123496,0.00276714664331,0.000184703837677,0,0,0,0,0,0,0.111582,0.138672000003,-0.193339999998,0.000367,0.00265200000003,-0.00171699999996
822,1.649524247,-0.16708420006,-3.73282432805,-9.56819854914,0.120857303735,0.0186343721064,0.00282735975172,0,0,0,0,0,0,0.111582,0.138672000003,-0.193339999998,0.000367,0.00265200000003,-0.00171699999996
823,1.651530890,0.0661485640929,-3.72641186307,-9.4359159218,0.131865653212,-0.00668309147852,-0.00655675481127,0,0,0,0,0,0,0.111582,0.138672000003,-0.193339999998,0.000367,0.00265200000003,-0.00171699999996
824,1.653513178,0.0743342457161,-3.80631585566,-9.30305530256,0.140891982261,-0.00272886812084,0.0165356787211,0,0,0,0,0,0,0.111582,0.138672000003,-0.193339999998,0.000367,0.00265200000003,-0.00171699999996
825,1.655520694,-0.420725416778,-3.83400585942,-8.72327782274,0.146521779615,-0.00622537973524,0.00098624895337,0,0,0,0,0,0,0.091582,0.138672,0.00666000000222,-0.000633,0.00265200000001,-0.000716999999958
826,1.657522939,0.484506401236,-3.75736371464,-8.86650270161,0.133655563148,0.00565782530001,0.00362511724095,0,0,0,0,0,0,0.091582,0.138672,0.00666000000222,-0.000633,0.00265200000001,-0.000716999999958
827,1.659511769,-0.047937251507,-3.95670255625,-9.22679922726,0.145917056848,-0.0184061965982,0.00710698857577,0,0,0,0,0,0,0.091582,0.138672,0.00666000000222,-0.000633,0.00265200000001,-0.000716999999958
828,1.661517060,-0.126820616079,-4.008440115,-8.88934100704,0.152677736352,-0.0270368201927,-0.00142669304777,0,0,0,0,0,0,0.091582,0.138672,0.00666000000222,-0.000633,0.00265200000001,-0.000716999999958
829,1.663529204,0.158950789572,-3.91840348812,-8.72839101996,0.155772482026,-0.0164452830843,0.00454739678138,0,0,0,0,0,0,0.121582,0.118671999999,0.0866600000019,-0.001633,0.000652000000011,-0.00071699999999
830,1.665541608,0.136625465156,-3.80782606016,-8.84360831661,0.146756905285,-0.0120166925251,0.0015847994458,0,0,0,0,0,0,0.121582,0.118671999999,0.0866600000019,-0.001633,0.000652000000011,-0.00071699999999
831,1.667572587,-0.853043836298,-4.0528993777,-8.8425028679,0.151720774409,-0.0327500613736,0.0128197497669,0,0,0,0,0,0,0.121582,0.118671999999,0.0866600000019,-0.001633,0.000652000000011,-0.00071699999999
832,1.669509911,0.0703377060599,-4.22636533906,-8.85183470781,0.160745692403,-0.0208840509298,-0.00313406780817,0,0,0,0,0,0,0.121582,0.118671999999,0.0866600000019,-0.001633,0.000652000000011,-0.00071699999999
833,1.671525241,-0.251753421757,-3.93144290577,-9.1493224478,0.142155921759,-0.0101095314698,0.004264186763,0,0,0,0,0,0,0.161582,0.118671999999,0.0566600000019,-0.002633,-0.00234800000002,0.00128299999996
834,1.673519512,-0.283445126577,-3.97093517384,-8.64384212283,0.154739162552,-0.0333040213135,0.0038545410612,0,0,0,0,0,0,0.161582,0.118671999999,0.0566600000019,-0.002633,-0.00234800000002,0.00128299999996
835,1.675512981,-0.0487656373273,-3.86935036372,-8.44145404404,0.15677784573,-0.0282688991632,0.00344105158182,0,0,0,0,0,0,0.161582,0.118671999999,0.0566600000019,-0.002633,-0.00234800000002,0.00128299999996
836,1.677509065,-0.658914249137,-3.9572409616,-8.80360793282,0.161296000707,-0.0368678637707,0.0101638320838,0,0,0,0,0,0,0.161582,0.118671999999,0.0566600000019,-0.002633,-0.00234800000002,0.00128299999996
837,1.679520778,-0.157891886235,-3.72083024304,-9.04122522566,0.136704521432,-0.0193891226379,0.00052207411682,0,0,0,0,0,0,0.141582,0.138672000003,-0.213340999998,0.000367,0.00265200000001,-0.000716999999958
838,1.681534745,-0.206073995645,-3.9360103432,-8.90089294339,0.152387053843,-0.0213416325227,-0.000194981318361,0,0,0,0,0,0,0.141582,0.138672000003,-0.213340999998,0.000367,0.00265200000001,-0.000716999999958
839,1.683524677,-0.0100871775791,-4.06126778446,-9.12012505383,0.149119824159,-0.0130449700599,0.00157709378516,0,0,0,0,0,0,0.141582,0.138672000003,-0.213340999998,0.000367,0.00265200000001,-0.000716999999958
840,1.685516683,-0.102782231678,-3.56977940861,-8.63020977365,0.138333852778,-0.0157056988744,0.00467224464944,0,0,0,0,0,0,0.141582,0.138672000003,-0.213340999998,0.000367,0.00265200000001,-0.000716999999958
841,1.687523347,-0.0971544798505,-3.9690648139,-8.93726010988,0.154703840374,-0.0184065126257,0.00866623751352,0,0,0,0,0,0,0.161582,0.138672000001,-0.0833399999978,-0.005633,-0.00334800000005,0.00328299999995
842,1.689518248,-0.0191303064125,-4.00899838953,-9.10244900025,0.155603799563,-0.00290539043514,0.0188446818419,0,0,0,0,0,0,0.161582,0.138672000001,-0.0833399999978,-0.005633,-0.00334800000005,0.00328299999995
843,1.691510094,-0.117658769524,-3.54614244994,-9.10082999999,0.143152564207,-0.0141697830246,0.0110444425011,0,0,0,0,0,0,0.161582,0.138672000001,-0.0833399999978,-0.005633,-0.00334800000005,0.00328299999995
844,1.693511979,0.164236622448,-4.03204938836,-8.94665816745,0.14391871849,-0.0167985885058,0.00452348037983,0,0,0,0,0,0,0.161582,0.138672000001,-0.0833399999978,-0.005633,-0.00334800000005,0.00328299999995
845,1.695518182,-0.790269950039,-4.11382331843,-8.68467035334,0.15506935592,-0.0390765587093,0.00329542674246,0,0,0,0,0,0,0.111582,0.118671999998,0.116661000002,-0.001633,-0.00134800000002,0.00128299999998
846,1.697513525,0.0859961749291,-4.184046718,-8.99936918067,0.161108528042,-0.0158019310435,0.0212296260124,0,0,0,0,0,0,0.111582,0.118671999998,0.116661000002,-0.001633,-0.00134800000002,0.00128299999998
847,1.699511412,-0.329452520242,-3.98577697693,-8.69140333082,0.154579970873,-0.0275762401717,0.0111628529158,0,0,0,0,0,0,0.111582,0.118671999998,0.116661000002,-0.001633,-0.00134800000002,0.00128299999998
848,1.701510391,0.0547732860574,-4.09680298542,-8.81322536148,0.156869376835,-0.0146829782366,0.00759553766344,0,0,0,0,0,0,0.111582,0.118671999998,0.116661000002,-0.001633,-0.00134800000002,0.00128299999998
849,1.703560275,0.0754109374693,-3.78362403282,-8.84759435321,0.157147018217,-0.0198723344821,0.00116096255607,0,0,0,0,0,0,0.111582,0.148672,-0.00333999999762,-0.005633,-0.00234800000004,0.00228299999996
850,1.705515312,0.534576963137,-3.97502288059,-8.79197046654,0.164314847304,-0.00745769927051,0.0132524666202,0,0,0,0,0,0,0.111582,0.148672,-0.00333999999762,-0.005633,-0.00234800000004,0.00228299999996
851,1.707511907,0.140094058864,-3.694242546,-8.80369043305,0.144505333027,-0.0234724266963,0.00413277906631,0,0,0,0,0,0,0.111582,0.148672,-0.00333999999762,-0.005633,-0.00234800000004,0.00228299999996
852,1.709510516,0.185659359615,-4.00391855929,-8.95631082098,0.152967013761,-0.00472811217398,0.000419507422353,0,0,0,0,0,0,0.111582,0.148672,-0.00333999999762,-0.005633,-0.00234800000004,0.00228299999996
853,1.711515747,-0.514686259129,-3.82889881643,-8.84159939449,0.148858778362,-0.0228535931848,-0.00116827580775,0,0,0,0,0,0,0.071582,0.138672000004,-0.233338999998,0.002367,0.00665200000004,-0.00271699999989
854,1.713514616,0.362646271607,-3.43272155882,-9.10446249999,0.130035992053,-0.00654058686369,0.0054526943343,0,0,0,0,0,0,0.071582,0.138672000004,-0.233338999998,0.002367,0.00665200000004,-0.00271699999989
855,1.715511691,0.687260372542,-3.73692984719,-9.27163219586,0.131216708882,0.0114582653531,0.00761971307082,0,0,0,0,0,0,0.071582,0.138672000004,-0.233338999998,0.002367,0.00665200000004,-0.00271699999989
856,1.717520299,-0.570794877649,-3.88656133816,-9.0305156356,0.155797332806,-0.0335135799128,0.00299504809134,0,0,0,0,0,0,0.071582,0.138672000004,-0.233338999998,0.002367,0.00665200000004,-0.00271699999989
857,1.719520120,-0.20850276675,-4.25987721138,-9.00264764141,0.158913764238,-0.0167826225611,0.00303009029485,0,0,0,0,0,0,0.061582,0.148672000004,-0.243339999998,0.004367,0.00665200000006,-0.00371699999989
858,1.721516163,0.72826433399,-3.90002048332,-8.93955171745,0.133919111215,0.0110000660665,-0.00299655392723,0,0,0,0,0,0,0.061582,0.148672000004,-0.243339999998,0.004367,0.00665200000006,-0.00371699999989
859,1.723500926,0.0779254680486,-3.84726656846,-9.08378246152,0.136375736708,-0.00133318593795,0.00521325239659,0,0,0,0,0,0,0.061582,0.148672000004,-0.243339999998,0.004367,0.00665200000006,-0.00371699999989
860,1.725515204,0.0842952775042,-4.06824335994,-8.97208108449,0.156829226777,-0.0142601471605,0.00711215170496,0,0,0,0,0,0,0.061582,0.148672000004,-0.243339999998,0.004367,0.00665200000006,-0.00371699999989
861,1.727523861,0.164153264488,-3.997392734,-8.99025055227,0.145331933019,-0.0135924238184,0.00937491990752,0,0,0,0,0,0,0.091582,0.118672000004,-0.273339999998,0.004367,0.00565200000006,-0.00371699999991
862,1.729514044,0.482402465332,-3.98499518916,-8.91880274541,0.139258783098,-0.000676185857085,8.36334015727e-05,0,0,0,0,0,0,0.091582,0.118672000004,-0.273339999998,0.004367,0.00565200000006,-0.00371699999991
863,1.731512642,-0.0871736508236,-4.07159741026,-9.1027599057,0.148666694426,-0.00432218796875,0.00545193357946,0,0,0,0,0,0,0.091582,0.118672000004,-0.273339999998,0.004367,0.00565200000006,-0.00371699999991
864,1.733510459,0.00377822474342,-3.74349899448,-9.29388022462,0.140432203137,-0.00939855530728,0.00672825888511,0,0,0,0,0,0,0.091582,0.118672000004,-0.273339999998,0.004367,0.00565200000006,-0.00371699999991
865,1.735516722,-0.136060459394,-3.96336838202,-8.88722816422,0.150591238603,-0.0197563068511,0.0103111973017,0,0,0,0,0,0,0.091582,0.148672000002,-0.143338999998,0.001367,0.00465200000004,-0.00271699999993
866,1.737515531,-0.0259915901379,-4.26339605958,-8.75446757024,0.16519032594,-0.0186863384115,0.00348758217699,0,0,0,0,0,0,0.091582,0.148672000002,-0.143338999998,0.001367,0.00465200000004,-0.00271699999993
867,1.739512708,-0.0637444608498,-4.38073360802,-8.43478338269,0.161704440771,-0.0154380674885,0.00798573230065,0,0,0,0,0,0,0.091582,0.148672000002,-0.143338999998,0.001367,0.00465200000004,-0.00271699999993
868,1.741511316,-0.0719715444023,-3.91718959147,-8.85975117916,0.149592998283,-0.0265976316226,0.0019320835091,0,0,0,0,0,0,0.091582,0.148672000002,-0.143338999998,0.001367,0.00465200000004,-0.00271699999993
869,1.743560950,0.19833517487,-3.70002293042,-8.81757826184,0.148801919317,-0.00505541607823,0.00784382757152,0,0,0,0,0,0,0.101582,0.138672000001,-0.0333399999978,-0.002633,0.001652,0.000283000000026
870,1.745523882,0.21569525414,-3.7866814352,-9.22194468811,0.13471974355,-0.00607479784095,0.00298583145604,0,0,0,0,0,0,0.101582,0.138672000001,-0.0333399999978,-0.002633,0.001652,0.000283000000026
871,1.747520627,-0.0532190536966,-3.42405996221,-9.3985823522,0.132530762108,-0.00890212666841,0.00414384770012,0,0,0,0,0,0,0.101582,0.138672000001,-0.0333399999978,-0.002633,0.001652,0.000283000000026
872,1.749514787,0.0151667189896,-4.14976326678,-9.22592476227,0.151988459902,-0.00364202931311,0.00781442004592,0,0,0,0,0,0,0.101582,0.138672000001,-0.0333399999978,-0.002633,0.001652,0.000283000000026
873,1.751523755,0.797950887395,-3.89058351847,-8.93344272402,0.142512732366,0.00735169610431,0.00613838582679,0,0,0,0,0,0,0.141582,0.158672,-0.0233399999975,-0.005633,-0.00234800000005,0.00328299999996
874,1.753516903,0.156344080799,-4.05300286178,-8.85539498891,0.161646184745,-0.0187765513234,0.0141236846796,0,0,0,0,0,0,0.141582,0.158672,-0.0233399999975,-0.005633,-0.00234800000005,0.00328299999996
875,1.755523557,-0.119632795342,-3.92890694275,-8.81368408374,0.145584875277,-0.0102768541642,0.000810810589564,0,0,0,0,0,0,0.141582,0.158672,-0.0233399999975,-0.005633,-0.00234800000005,0.00328299999996
876,1.757522135,-0.207692957644,-3.55198208442,-8.78582264511,0.132985897246,-0.000632522829066,-0.000488161651946,0,0,0,0,0,0,0.141582,0.158672,-0.0233399999975,-0.005633,-0.00234800000005,0.00328299999996
877,1.759524661,0.0962733699647,-3.69905031144,-8.79947758206,0.144120821056,-0.00340868784958,0.00431294303906,0,0,0,0,0,0,0.131582,0.148671999999,0.0766600000024,-0.004633,-0.00334800000002,0.00128299999995
878,1.761520845,-0.0647511609998,-4.2320058406,-8.80028022986,0.161875433714,-0.00548594521808,0.013779870648,0,0,0,0,0,0,0.131582,0.148671999999,0.0766600000024,-0.004633,-0.00334800000002,0.00128299999995
879,1.763506350,-0.0142252787595,-4.09209403626,-8.75802140264,0.159715051632,-0.0236864279445,5.60916486843e-05,0,0,0,0,0,0,0.131582,0.148671999999,0.0766600000024,-0.004633,-0.00334800000002,0.00128299999995
880,1.765522070,-0.0107765196748,-4.08448229425,-8.68825547789,0.153289588792,-0.0136341894599,0.00634955100702,0,0,0,0,0,0,0.131582,0.148671999999,0.0766600000024,-0.004633,-0.00334800000002,0.00128299999995
881,1.767586722,-0.390848862127,-3.98710660128,-9.06736852277,0.147074375071,-0.0158013017599,-0.00174030856553,0,0,0,0,0,0,0.041582,0.118671999999,0.0866600000019,0.001367,0.00565200000001,-0.00071699999991
882,1.769546899,-0.183432555187,-3.81573518808,-9.15795685406,0.132391413309,-0.0126515027257,-0.0028258159933,0,0,0,0,0,0,0.041582,0.118671999999,0.0866600000019,0.001367,0.00565200000001,-0.00071699999991
883,1.771517535,-0.364443949535,-3.56668837993,-9.01590782056,0.125288026872,-0.00452380640126,0.00908960807146,0,0,0,0,0,0,0.041582,0.118671999999,0.0866600000019,0.001367,0.00565200000001,-0.00071699999991
884,1.773515983,0.0288866723465,-3.84130058947,-8.89693983738,0.139085550609,-0.0064117979055,-0.00237620552337,0,0,0,0,0,0,0.041582,0.118671999999,0.0866600000019,0.001367,0.00565200000001,-0.00071699999991
885,1.775523388,0.0301692358604,-3.76334548327,-8.81028638935,0.137400169757,-0.0117984093295,0.00263851530377,0,0,0,0,0,0,0.061582,0.128672000001,-0.0433409999979,0.002367,0.00665200000004,-0.00271699999989
886,1.777513511,0.091722274505,-3.72833018275,-8.82864791852,0.13803313258,-0.014982651336,0.00672723164675,0,0,0,0,0,0,0.061582,0.128672000001,-0.0433409999979,0.002367,0.00665200000004,-0.00271699999989
887,1.779526847,0.226397938837,-3.6390350089,-9.1492250791,0.130951075954,-0.0113913646222,-0.00018054125039,0,0,0,0,0,0,0.061582,0.128672000001,-0.0433409999979,0.002367,0.00665200000004,-0.00271699999989
888,1.781513884,-0.323729857318,-3.75648137341,-8.98848391423,0.140354480784,-0.0187784820063,0.00704726858072,0,0,0,0,0,0,0.061582,0.128672000001,-0.0433409999979,0.002367,0.00665200000004,-0.00271699999989
889,1.783521860,0.452307638042,-4.17933225817,-9.17341575102,0.145031524305,0.00959415432229,-0.00157866108558,0,0,0,0,0,0,0.041582,0.138672000001,-0.0333399999978,0.003367,0.00865200000004,-0.00271699999986
890,1.785514007,0.0102037590733,-4.3502447808,-9.21247420974,0.157257773722,-0.00652280771966,0.000601741928135,0,0,0,0,0,0,0.041582,0.138672000001,-0.0333399999978,0.003367,0.00865200000004,-0.00271699999986
891,1.787509369,0.284420220208,-3.67596872035,-8.93565528706,0.13625176531,-0.000974103043696,0.00136790969195,0,0,0,0,0,0,0.041582,0.138672000001,-0.0333399999978,0.003367,0.00865200000004,-0.00271699999986
892,1.789507487,-0.34641334032,-4.02765927226,-8.74941970064,0.151194648308,-0.0201130219747,0.0036846863855,0,0,0,0,0,0,0.041582,0.138672000001,-0.0333399999978,0.003367,0.00865200000004,-0.00271699999986
893,1.791516515,0.207035145014,-3.71224854215,-9.07527520751,0.136653373394,-0.0165153946085,-0.00305416358845,0,0,0,0,0,0,0.011582,0.108672000001,-0.0733389999983,0.009367,0.0116520000001,-0.00471699999981
894,1.793516416,0.260981597532,-3.86973060933,-8.83050056609,0.144476023256,-0.00713891234423,0.00831595553406,0,0,0,0,0,0,0.011582,0.108672000001,-0.0733389999983,0.009367,0.0116520000001,-0.00471699999981
895,1.795513501,-0.593828013635,-3.95959178977,-8.9141723455,0.152737640455,-0.038245974305,0.00805024756334,0,0,0,0,0,0,0.011582,0.108672000001,-0.0733389999983,0.009367,0.0116520000001,-0.00471699999981
896,1.797518181,0.0273197193237,-4.05863822841,-8.60314180158,0.142845602632,-0.017831564788,0.0149890798157,0,0,0,0,0,0,0.011582,0.108672000001,-0.0733389999983,0.009367,0.0116520000001,-0.00471699999981
897,1.799516329,-0.493716956548,-3.98996777695,-9.20713859902,0.149678240483,-0.0219127196578,0.00656179660491,0,0,0,0,0,0,0.021582,0.108672000001,-0.0833399999983,0.007367,0.00965200000008,-0.00471699999985
898,1.801510419,-0.0522778610126,-4.15900874059,-8.81225783001,0.154744983491,-0.0119732484349,0.00442195287934,0,0,0,0,0,0,0.021582,0.108672000001,-0.0833399999983,0.007367,0.00965200000008,-0.00471699999985
899,1.803543061,-0.293475501978,-3.8259715284,-9.21182283306,0.138696469787,-0.00866502094058,0.000778342987209,0,0,0,0,0,0,0.021582,0.108672000001,-0.0833399999983,0.007367,0.00965200000008,-0.00471699999985
900,1.805531280,0.178297117761,-4.24190616158,-9.38970467303,0.145139060362,0.00743623431081,0.00118305137376,0,0,0,0,0,0,0.021582,0.108672000001,-0.0833399999983,0.007367,0.00965200000008,-0.00471699999985
901,1.807525461,-0.345712375875,-3.7592487358,-9.31444640535,0.140548852831,-0.0126989946482,0.00106716100046,0,0,0,0,0,0,0.141582,0.168672000003,-0.213340999997,-0.001633,0.00265200000001,-0.000716999999958
902,1.809521194,-0.474245321844,-3.74049060834,-9.11456526448,0.13434456562,-0.0198193104956,-0.00250820160606,0,0,0,0,0,0,0.141582,0.168672000003,-0.213340999997,-0.001633,0.00265200000001,-0.000716999999958
903,1.811513350,-0.180764045291,-3.79454363227,-9.22302472696,0.142199331676,-0.0044348041807,0.00401093468788,0,0,0,0,0,0,0.141582,0.168672000003,-0.213340999997,-0.001633,0.00265200000001,-0.000716999999958
904,1.813511298,-0.309828044715,-3.970667967,-9.33678564316,0.152615150075,-0.0158182905786,0.00674251068262,0,0,0,0,0,0,0.141582,0.168672000003,-0.213340999997,-0.001633,0.00265200000001,-0.000716999999958
905,1.815523171,0.346589670152,-3.72749809283,-8.93193198463,0.145510595273,-0.00291908943137,0.00610019306906,0,0,0,0,0,0,0.101582,0.128672000002,-0.103339999998,-0.000633,0.00265200000001,-0.000716999999958
906,1.817521279,0.153092076734,-3.65925076243,-8.77658595264,0.140069431417,-0.00878510745631,-0.000823753451568,0,0,0,0,0,0,0.101582,0.128672000002,-0.103339999998,-0.000633,0.00265200000001,-0.000716999999958
907,1.819510570,0.259667895747,-3.93844667066,-9.1739843883,0.153974656704,-0.00254923468472,0.0107973985031,0,0,0,0,0,0,0.101582,0.128672000002,-0.103339999998,-0.000633,0.00265200000001,-0.000716999999958
908,1.821517904,0.0190701558696,-4.07650701712,-9.19993738925,0.158082367687,-0.0157569619023,0.00431670725739,0,0,0,0,0,0,0.101582,0.128672000002,-0.103339999998,-0.000633,0.00265200000001,-0.000716999999958
909,1.823519368,0.0409569885494,-3.71332184612,-8.63657743435,0.142570570295,-0.00568570338715,0.00817592007808,0,0,0,0,0,0,0.061582,0.0886720000013,-0.0833399999986,0.007367,0.00865200000008,-0.00471699999986
910,1.825539007,-0.255808102033,-4.24117646103,-8.9402565365,0.162420621022,-0.015792186202,0.00618448361184,0,0,0,0,0,0,0.061582,0.0886720000013,-0.0833399999986,0.007367,0.00865200000008,-0.00471699999986
911,1.827513069,-0.426839200911,-3.94085847658,-8.89497390571,0.145472749396,-0.0158627417856,0.00338836519344,0,0,0,0,0,0,0.061582,0.0886720000013,-0.0833399999986,0.007367,0.00865200000008,-0.00471699999986
912,1.829515435,-0.0862969448793,-3.41515800368,-9.11184538028,0.12463304871,-0.00446983585488,0.00260636303895,0,0,0,0,0,0,0.061582,0.0886720000013,-0.0833399999986,0.007367,0.00865200000008,-0.00471699999986
913,1.831516799,0.16787776712,-3.96692549348,-9.17452697793,0.148574025326,0.00400070985241,0.00748160080775,0,0,0,0,0,0,0.041582,0.108672000001,-0.0333399999983,0.004367,0.00865200000006,-0.00371699999986
914,1.833517691,0.481710673604,-3.9000856759,-9.24090069096,0.137406407877,0.0159896779724,0.00494611180114,0,0,0,0,0,0,0.041582,0.108672000001,-0.0333399999983,0.004367,0.00865200000006,-0.00371699999986
915,1.835514186,-0.0285834099704,-3.48072141383,-9.16954161704,0.124409707974,-0.00824852815399,0.000241609048378,0,0,0,0,0,0,0.041582,0.108672000001,-0.0333399999983,0.004367,0.00865200000006,-0.00371699999986
916,1.837511001,0.1423414191,-3.78551537969,-9.06613065497,0.137808716714,-0.00172706588498,0.00515317221132,0,0,0,0,0,0,0.041582,0.108672000001,-0.0333399999983,0.004367,0.00865200000006,-0.00371699999986
917,1.839517424,0.36294285563,-3.55558313068,-8.85053369578,0.131227691779,0.00294273751992,-0.00428733580796,0,0,0,0,0,0,0.051582,0.138672000001,-0.0333399999978,0.004367,0.00665200000004,-0.00271699999989
918,1.841519389,-0.171572338356,-3.71958772545,-8.81455080428,0.142118638239,-0.00978899339496,-0.000143123632291,0,0,0,0,0,0,0.051582,0.138672000001,-0.0333399999978,0.004367,0.00665200000004,-0.00271699999989
919,1.843540009,-0.104311623334,-3.69764523324,-8.81604390678,0.148228916325,-0.0231518444733,0.00742856358023,0,0,0,0,0,0,0.051582,0.138672000001,-0.0333399999978,0.004367,0.00665200000004,-0.00271699999989
920,1.845518940,-0.0602077238747,-4.30500830579,-8.61873818715,0.164122796192,-0.0208698191102,0.00591485554593,0,0,0,0,0,0,0.051582,0.138672000001,-0.0333399999978,0.004367,0.00665200000004,-0.00271699999989
921,1.847526646,0.598961595004,-3.5496152252,-9.24723786216,0.146272524062,0.00134087294087,0.0084654411829,0,0,0,0,0,0,0.121582,0.138672000003,-0.183339999998,0.002367,0.00465200000003,-0.00171699999993
922,1.849534141,0.297381063932,-3.73261695652,-8.93046903355,0.138347173526,-0.00843849196019,-0.00640088762228,0,0,0,0,0,0,0.121582,0.138672000003,-0.183339999998,0.002367,0.00465200000003,-0.00171699999993
923,1.851517181,-0.0615802830405,-4.14703752033,-8.88884122438,0.158267103699,-0.0125559392399,0.0101192146766,0,0,0,0,0,0,0.121582,0.138672000003,-0.183339999998,0.002367,0.00465200000003,-0.00171699999993
924,1.853509748,0.226724842528,-3.97899968129,-8.99684010003,0.160336659499,-0.0148560025511,0.00671945031267,0,0,0,0,0,0,0.121582,0.138672000003,-0.183339999998,0.002367,0.00465200000003,-0.00171699999993
925,1.855523415,0.0222543631945,-4.03111683231,-8.73835682324,0.160084841798,-0.0229270315219,0.0154734662771,0,0,0,0,0,0,0.071582,0.128672000002,-0.153338999998,0.003367,0.00465200000004,-0.00271699999993
926,1.857528966,-0.261551433425,-4.09081018343,-8.51416770036,0.166960847351,-0.0268655281118,0.00802726205745,0,0,0,0,0,0,0.071582,0.128672000002,-0.153338999998,0.003367,0.00465200000004,-0.00271699999993
927,1.859530310,-0.227855480404,-4.43620183549,-8.46391577315,0.167970393472,-0.0278820942774,0.00418054391509,0,0,0,0,0,0,0.071582,0.128672000002,-0.153338999998,0.003367,0.00465200000004,-0.00271699999993
928,1.861512418,-0.526866353927,-4.39671330869,-8.72368029402,0.176377962813,-0.0244128886519,0.00690963834086,0,0,0,0,0,0,0.071582,0.128672000002,-0.153338999998,0.003367,0.00465200000004,-0.00271699999993
929,1.863521215,-0.128701427019,-3.55902806912,-9.02031004398,0.119045794095,0.00251468102435,-0.00760928767401,0,0,0,0,0,0,0.081582,0.128672000001,-0.0833399999979,0.002367,0.00565200000004,-0.00271699999991
930,1.865525314,-0.0106318714206,-4.02706534539,-8.5899692179,0.161643138622,-0.0149582124,0.00252559046457,0,0,0,0,0,0,0.081582,0.128672000001,-0.0833399999979,0.002367,0.00565200000004,-0.00271699999991
931,1.867552185,-0.131127662563,-4.09413938018,-8.44145376975,0.164637172064,-0.0235306731091,0.0114680346848,0,0,0,0,0,0,0.081582,0.128672000001,-0.0833399999979,0.002367,0.00565200000004,-0.00271699999991
932,1.869557937,-0.222473192735,-4.08661246193,-8.59712821818,0.171235320489,-0.0353667177309,0.00714821358368,0,0,0,0,0,0,0.081582,0.128672000001,-0.0833399999979,0.002367,0.00565200000004,-0.00271699999991
933,1.871536619,-0.430171772874,-3.95160917591,-8.56106347202,0.157688433857,-0.0361824305095,0.00627196256189,0,0,0,0,0,0,0.041582,0.0986720000031,-0.193339999998,0.008367,0.0116520000001,-0.00571699999981
934,1.873522834,-0.288959263472,-4.04651580233,-8.40972634439,0.165434370819,-0.0366690241098,0.00631770067683,0,0,0,0,0,0,0.041582,0.0986720000031,-0.193339999998,0.008367,0.0116520000001,-0.00571699999981
935,1.875512175,0.0260654134129,-4.09455324553,-8.5750998551,0.172218999682,-0.0306681638759,0.013572251991,0,0,0,0,0,0,0.041582,0.0986720000031,-0.193339999998,0.008367,0.0116520000001,-0.00571699999981
936,1.877520111,-0.234729813726,-3.8054759521,-8.44408400194,0.15355597487,-0.0350181956797,0.00319448564917,0,0,0,0,0,0,0.041582,0.0986720000031,-0.193339999998,0.008367,0.0116520000001,-0.00571699999981
937,1.879531293,-0.290089752729,-3.92731829047,-8.63133582379,0.163561442684,-0.0389916402444,0.0177711416941,0,0,0,0,0,0,0.001582,0.0886720000013,-0.0833399999986,0.008367,0.0136520000001,-0.00671699999978
938,1.881534591,0.139508457449,-3.77869513933,-8.84325086769,0.149983347088,-0.0156848119321,0.00160168318278,0,0,0,0,0,0,0.001582,0.0886720000013,-0.0833399999986,0.008367,0.0136520000001,-0.00671699999978
939,1.883526427,-0.313231248698,-3.81947264248,-8.60512426123,0.148908422641,-0.033043576928,0.0027554768881,0,0,0,0,0,0,0.001582,0.0886720000013,-0.0833399999986,0.008367,0.0136520000001,-0.00671699999978
940,1.885516589,-0.156781539857,-4.16950409107,-8.93024268323,0.161091717768,-0.0279431337319,0.0111146244084,0,0,0,0,0,0,0.001582,0.0886720000013,-0.0833399999986,0.008367,0.0136520000001,-0.00671699999978
941,1.887531218,-0.184639488063,-4.04023740848,-8.63844123702,0.16190893305,-0.0206910638211,0.0118518413362,0,0,0,0,0,0,0.051582,0.118672000003,-0.183339999998,0.006367,0.0116520000001,-0.00571699999981
942,1.889520328,0.0769808747398,-4.01354108083,-8.88661198038,0.160607414914,-0.0193791067927,0.0151354621088,0,0,0,0,0,0,0.051582,0.118672000003,-0.183339999998,0.006367,0.0116520000001,-0.00571699999981
943,1.891516362,-0.268963506535,-3.94252294497,-8.91043729552,0.159440117535,-0.0203038142512,0.00725255476473,0,0,0,0,0,0,0.051582,0.118672000003,-0.183339999998,0.006367,0.0116520000001,-0.00571699999981
944,1.893512947,-0.346151590916,-3.70015067093,-9.05683235696,0.138528446484,-0.0186602613568,0.00397627688533,0,0,0,0,0,0,0.051582,0.118672000003,-0.183339999998,0.006367,0.0116520000001,-0.00571699999981
945,1.895529660,-0.281835632553,-3.87100218499,-9.32485196174,0.137835125813,-0.0203402087461,0.00762208669467,0,0,0,0,0,0,0.051582,0.138672,-0.00333999999778,0.001367,0.00665200000004,-0.00271699999989
946,1.897521526,-0.471669014709,-3.74723418165,-9.04127995186,0.142994838129,-0.0293094122028,0.00239810198815,0,0,0,0,0,0,0.051582,0.138672,-0.00333999999778,0.001367,0.00665200000004,-0.00271699999989
947,1.899519032,0.161526831339,-3.87805021231,-8.7439898782,0.145014142009,0.00200325833028,0.00197150545468,0,0,0,0,0,0,0.051582,0.138672,-0.00333999999778,0.001367,0.00665200000004,-0.00271699999989
948,1.901520596,-0.026503058834,-4.00828043996,-8.76472354232,0.151477994695,-0.0132149376883,0.0025105947569,0,0,0,0,0,0,0.051582,0.138672,-0.00333999999778,0.001367,0.00665200000004,-0.00271699999989
949,1.903570571,0.0530701269027,-3.86150251491,-8.56342906953,0.148248363339,-0.019668806975,0.0109625070824,0,0,0,0,0,0,0.021582,0.0986720000007,-0.0433409999984,0.007367,0.00865200000006,-0.00371699999986
950,1.905557017,-0.23274062665,-3.78166681538,-9.05862654519,0.135511235146,-0.00970158721147,0.0047589987644,0,0,0,0,0,0,0.021582,0.0986720000007,-0.0433409999984,0.007367,0.00865200000006,-0.00371699999986
951,1.907520880,-0.242023617008,-3.76157626116,-8.79826861926,0.13705996892,-0.0142372380752,0.00241405876934,0,0,0,0,0,0,0.021582,0.0986720000007,-0.0433409999984,0.007367,0.00865200000006,-0.00371699999986
952,1.909516283,-0.27578495223,-3.84419653164,-9.16472137389,0.141009506971,-0.0194901839195,-0.000404444015836,0,0,0,0,0,0,0.021582,0.0986720000007,-0.0433409999984,0.007367,0.00865200000006,-0.00371699999986
953,1.911531522,-0.333120771143,-4.25926271308,-9.44768771616,0.149634492658,-0.0155317699213,0.00871393118317,0,0,0,0,0,0,0.041582,0.118672000001,-0.0533389999981,0.007367,0.00965200000006,-0.00371699999985
954,1.913519391,-0.282037037639,-3.85083365589,-9.35588055919,0.143963658081,-0.0082947208051,0.00834646600318,0,0,0,0,0,0,0.041582,0.118672000001,-0.0533389999981,0.007367,0.00965200000006,-0.00371699999985
955,1.915508061,0.431102734926,-3.73285470225,-8.69625332588,0.15465269707,-0.00614624112838,0.0134041748471,0,0,0,0,0,0,0.041582,0.118672000001,-0.0533389999981,0.007367,0.00965200000006,-0.00371699999985
956,1.917522820,-0.116744251441,-4.12665559015,-9.01716247613,0.150669725515,-0.00803440907718,-0.00569767220144,0,0,0,0,0,0,0.041582,0.118672000001,-0.0533389999981,0.007367,0.00965200000006,-0.00371699999985
957,1.919516319,-0.105039951854,-3.79767172944,-8.97656627116,0.151478421457,-0.0195533294602,0.0104514459545,0,0,0,0,0,0,0.051582,0.118672,-0.0033399999981,0.004367,0.00565200000004,-0.00271699999991
958,1.921536127,-0.14957175335,-3.95931691085,-8.86889628579,0.160325034823,-0.0198328654365,0.00564223973251,0,0,0,0,0,0,0.051582,0.118672,-0.0033399999981,0.004367,0.00565200000004,-0.00271699999991
959,1.923509829,-0.314925767263,-3.77073133718,-8.74351161431,0.13779431103,-0.023462616474,0.000882745673919,0,0,0,0,0,0,0.051582,0.118672,-0.0033399999981,0.004367,0.00565200000004,-0.00271699999991
960,1.925510702,-0.230830120593,-3.9652888722,-9.20242778763,0.144356167131,-0.0177260138248,-0.00665392685772,0,0,0,0,0,0,0.051582,0.118672,-0.0033399999981,0.004367,0.00565200000004,-0.00271699999991
961,1.927515632,-0.506308982936,-3.76745237807,-8.89898151143,0.139706343595,-0.0173606968092,0.00112377535484,0,0,0,0,0,0,0.081582,0.128672000001,-0.0733389999979,0.000367,0.00465200000001,-0.000716999999926
962,1.929516905,-0.450267391466,-4.07599714877,-8.8620169255,0.160965450318,-0.0235594586604,-0.000907893114895,0,0,0,0,0,0,0.081582,0.128672000001,-0.0733389999979,0.000367,0.00465200000001,-0.000716999999926
963,1.931517758,-0.245235982521,-4.4250669284,-8.68869575459,0.165165748526,-0.0297025649638,0.00588953030601,0,0,0,0,0,0,0.081582,0.128672000001,-0.0733389999979,0.000367,0.00465200000001,-0.000716999999926
964,1.933512650,-0.415519844725,-4.02461025875,-8.75928261798,0.159935441347,-0.0372523896512,0.00879501487614,0,0,0,0,0,0,0.081582,0.128672000001,-0.0733389999979,0.000367,0.00465200000001,-0.000716999999926
965,1.935528490,-0.165434615024,-4.37866722756,-8.73734758946,0.171810366762,-0.0288757642996,0.00286898213543,0,0,0,0,0,0,0.091582,0.138672,-0.0233399999978,0.000367,0.001652,0.000283000000026
966,1.937517531,0.183801068312,-4.14876100106,-8.9225817257,0.150323955778,-0.00909131620082,0.0029732686266,0,0,0,0,0,0,0.091582,0.138672,-0.0233399999978,0.000367,0.001652,0.000283000000026
967,1.939525277,0.114851905956,-3.87901001162,-9.42748870029,0.143520043734,0.00570975094161,0.00453990523933,0,0,0,0,0,0,0.091582,0.138672,-0.0233399999978,0.000367,0.001652,0.000283000000026
968,1.941523315,-0.030948908062,-4.15568601601,-8.82629433812,0.154876696238,-0.010041259664,0.00835726364972,0,0,0,0,0,0,0.091582,0.138672,-0.0233399999978,0.000367,0.001652,0.000283000000026
969,1.943513808,-0.318657915341,-3.71263236111,-8.90016226774,0.138852536539,-0.0141791719975,0.010211310304,0,0,0,0,0,0,0.091582,0.118671999999,0.0566600000019,0.002367,0.00565200000004,-0.00271699999991
970,1.945542703,0.0410686864791,-3.94835290848,-8.63697402705,0.152834657446,-0.024140107217,0.00504207876838,0,0,0,0,0,0,0.091582,0.118671999999,0.0566600000019,0.002367,0.00565200000004,-0.00271699999991
971,1.947526384,0.0088198741546,-4.0533301574,-8.65373787209,0.156292976248,-0.0193827768524,0.00513772970724,0,0,0,0,0,0,0.091582,0.118671999999,0.0566600000019,0.002367,0.00565200000004,-0.00271699999991
972,1.949514823,0.393271270684,-3.55727371628,-8.66339670425,0.145882639291,-0.00278258113552,0.00664742321192,0,0,0,0,0,0,0.091582,0.118671999999,0.0566600000019,0.002367,0.00565200000004,-0.00271699999991
973,1.951516497,-0.538367207183,-4.21324355751,-8.9518671202,0.166409937997,-0.0399202846553,0.00210769410431,0,0,0,0,0,0,0.071582,0.0986719999996,0.0266610000016,0.002367,0.00665200000006,-0.00371699999989
974,1.953517220,-0.137757125809,-4.20415358597,-8.63692888838,0.163487475267,-0.0199156993036,0.0092882210887,0,0,0,0,0,0,0.071582,0.0986719999996,0.0266610000016,0.002367,0.00665200000006,-0.00371699999989
975,1.955510158,0.311345991051,-4.42551840648,-8.92266526406,0.161433141894,-4.15612099909e-05,0.00297043876576,0,0,0,0,0,0,0.071582,0.0986719999996,0.0266610000016,0.002367,0.00665200000006,-0.00371699999989
976,1.957515900,-0.247004244891,-3.85085980699,-8.61548133233,0.140697353495,-0.0176055768212,0.0119645563972,0,0,0,0,0,0,0.071582,0.0986719999996,0.0266610000016,0.002367,0.00665200000006,-0.00371699999989
977,1.959533504,0.0403241716271,-4.16542254392,-8.93701662886,0.157710426473,-0.0208665500309,0.00664145394494,0,0,0,0,0,0,0.091582,0.128672000001,-0.0533389999979,-0.000633,0.00465200000003,-0.00171699999993
978,1.961517205,-0.663629216018,-4.19993981993,-8.63469614268,0.156886486473,-0.0310427470319,0.00817373552792,0,0,0,0,0,0,0.091582,0.128672000001,-0.0533389999979,-0.000633,0.00465200000003,-0.00171699999993
979,1.963513990,0.34419189275,-4.15578018989,-8.57677574875,0.158124748452,-0.00740117423159,0.0102179170804,0,0,0,0,0,0,0.091582,0.128672000001,-0.0533389999979,-0.000633,0.00465200000003,-0.00171699999993
980,1.965516907,-0.423709249493,-4.2276721155,-9.01598770322,0.153703191807,-0.0207183705243,0.00890659928146,0,0,0,0,0,0,0.091582,0.128672000001,-0.0533389999979,-0.000633,0.00465200000003,-0.00171699999993
981,1.967547535,-0.282474601752,-3.98361357817,-8.97625100411,0.145065444672,-0.0134814522823,0.0139252730469,0,0,0,0,0,0,0.081582,0.118671999999,0.0366590000019,-0.000633,0.00465200000001,-0.000716999999926
982,1.969570639,-0.476099405509,-4.0376679578,-8.76630886484,0.156156420166,-0.019695214134,0.0123883509184,0,0,0,0,0,0,0.081582,0.118671999999,0.0366590000019,-0.000633,0.00465200000001,-0.000716999999926
983,1.971529934,-0.0301391161217,-3.68067207168,-8.7266501486,0.139449511653,-0.00538582910856,0.00344579697894,0,0,0,0,0,0,0.081582,0.118671999999,0.0366590000019,-0.000633,0.00465200000001,-0.000716999999926
984,1.973529454,0.0135881233898,-3.78142347279,-8.81518013004,0.150155634882,-0.0102767425509,0.000813000522324,0,0,0,0,0,0,0.081582,0.118671999999,0.0366590000019,-0.000633,0.00465200000001,-0.000716999999926
985,1.975518154,0.105489954574,-4.00389872692,-8.92346915183,0.143845509606,-0.0082041265782,0.00276711153358,0,0,0,0,0,0,0.021582,0.0986719999997,0.0166610000016,0.003367,0.00765200000004,-0.00271699999988
986,1.977525519,-0.655446978726,-4.2566526764,-8.71381990458,0.153409538156,-0.0279901200811,0.0127582724629,0,0,0,0,0,0,0.021582,0.0986719999997,0.0166610000016,0.003367,0.00765200000004,-0.00271699999988
987,1.979518678,-0.0352461117555,-4.03787883367,-8.67546346458,0.146067822567,-0.0133887855106,0.00492591341092,0,0,0,0,0,0,0.021582,0.0986719999997,0.0166610000016,0.003367,0.00765200000004,-0.00271699999988
988,1.981514181,-0.730266312272,-4.28864373063,-8.66513833982,0.162536812903,-0.0327977080134,0.00146458809442,0,0,0,0,0,0,0.021582,0.0986719999997,0.0166610000016,0.003367,0.00765200000004,-0.00271699999988
989,1.983529961,0.427111067063,-4.08721683839,-8.52093172524,0.160978929968,-0.00808948690438,0.0093707874908,0,0,0,0,0,0,0.021582,0.0986720000017,-0.103339999998,0.006367,0.0106520000001,-0.00371699999983
990,1.985520044,-0.525377313908,-4.25711485686,-8.21535510644,0.175135553277,-0.0395989838149,0.0147784140804,0,0,0,0,0,0,0.021582,0.0986720000017,-0.103339999998,0.006367,0.0106520000001,-0.00371699999983
991,1.987517801,0.124391962342,-4.78168792419,-7.88920495904,0.190104846234,-0.0130129633489,0.0135959306775,0,0,0,0,0,0,0.021582,0.0986720000017,-0.103339999998,0.006367,0.0106520000001,-0.00371699999983
992,1.989503816,-0.154474417328,-4.64430172162,-8.30901984861,0.177412683004,-0.0221442223352,0.0152414584902,0,0,0,0,0,0,0.021582,0.0986720000017,-0.103339999998,0.006367,0.0106520000001,-0.00371699999983
993,1.991540486,-0.0948023476563,-3.99412258341,-8.88896928559,0.148877350818,-0.0103837329312,0.00422557241213,0,0,0,0,0,0,0.091582,0.128672000003,-0.183339999998,0.003367,0.00765200000006,-0.00371699999988
994,1.993520710,0.0392596040572,-3.94228444385,-8.73260773868,0.145982847103,-0.0187349458483,0.00753727107597,0,0,0,0,0,0,0.091582,0.128672000003,-0.183339999998,0.003367,0.00765200000006,-0.00371699999988
995,1.995526331,-0.395494657957,-3.79252217236,-8.91833014026,0.142832673055,-0.0155041443574,0.00441353060571,0,0,0,0,0,0,0.091582,0.128672000003,-0.183339999998,0.003367,0.00765200000006,-0.00371699999988
996,1.997516534,-0.159045351107,-4.23295307639,-8.8069298681,0.151852235321,-0.00673606173827,0.00876329698699,0,0,0,0,0,0,0.091582,0.128672000003,-0.183339999998,0.003367,0.00765200000006,-0.00371699999988
997,1.999527275,-0.45522469767,-4.19395567951,-8.81534315577,0.165116631435,-0.0231520785405,0.00380236406546,0,0,0,0,0,0,0.071582,0.108672000003,-0.203340999998,0.004367,0.00765200000004,-0.00271699999988
998,2.001518951,-0.77288429096,-4.18305642659,-8.72207947931,0.154194816426,-0.0265607233955,0.0101792241682,0,0,0,0,0,0,0.071582,0.108672000003,-0.203340999998,0.004367,0.00765200000004,-0.00271699999988
999,2.003550411,0.273686000495,-4.16391856659,-8.85009623775,0.155274969162,0.00431632436568,0.00542772052787,0,0,0,0,0,0,0.071582,0.108672000003,-0.203340999998,0.004367,0.00765200000004,-0.00271699999988
1000,2.005531828,-0.840106479407,-4.22533480806,-8.79499167518,0.159298903505,-0.0440997855176,0.0191590350558,0,0,0,0,0,0,0.071582,0.108672000003,-0.203340999998,0.004367,0.00765200000004,-0.00271699999988
1001,2.007529635,0.176906152581,-4.04388216613,-8.40964816421,0.159391542123,-0.0233148332178,0.00117785041313,0,0,0,0,0,0,0.111582,0.108672000001,-0.0733389999983,0.000367,0.00165200000003,-0.00171699999997
1002,2.009526029,-0.198415951854,-3.92960446485,-8.4869283347,0.157210208672,-0.036108857547,0.0113534845082,0,0,0,0,0,0,0.111582,0.108672000001,-0.0733389999983,0.000367,0.00165200000003,-0.00171699999997
1003,2.011513667,-0.147928408899,-3.79757031557,-9.0021723677,0.133563023526,-0.0129218989537,0.00608146392832,0,0,0,0,0,0,0.111582,0.108672000001,-0.0733389999983,0.000367,0.00165200000003,-0.00171699999997
1004,2.013509721,-0.235548753307,-4.03742026499,-8.46042637238,0.146662154017,-0.0216173035421,0.00372394764757,0,0,0,0,0,0,0.111582,0.108672000001,-0.0733389999983,0.000367,0.00165200000003,-0.00171699999997
1005,2.015536602,0.156718152057,-3.94660712697,-8.55866420927,0.164662931625,-0.0217559634281,0.0152939664964,0,0,0,0,0,0,0.101582,0.118672000001,-0.0633389999981,0.001367,0.00465200000003,-0.00171699999993
1006,2.017519481,0.0995694437349,-4.41581312376,-8.89376261223,0.166453830893,-0.00661309905503,0.0040498433813,0,0,0,0,0,0,0.101582,0.118672000001,-0.0633389999981,0.001367,0.00465200000003,-0.00171699999993
1007,2.019510335,-0.0876668508923,-3.89755432359,-8.81931495361,0.13878026404,-0.0145923346296,0.00904483713288,0,0,0,0,0,0,0.101582,0.118672000001,-0.0633389999981,0.001367,0.00465200000003,-0.00171699999993
1008,2.021517620,-0.099242472819,-3.6660060689,-9.00930898014,0.147552903467,-0.00882461393091,0.0109725021194,0,0,0,0,0,0,0.101582,0.118672000001,-0.0633389999981,0.001367,0.00465200000003,-0.00171699999993
1009,2.023523663,-0.218987040234,-3.91910137327,-9.29651412111,0.143195141568,-0.0103264886055,0.000114276380927,0,0,0,0,0,0,0.131582,0.0986720000049,-0.303338999998,-0.000633,0.003652,0.000283000000058
1010,2.025539173,-0.295517571526,-4.31803780665,-8.72567444721,0.163600425466,-0.0169180535318,0.011497993466,0,0,0,0,0,0,0.131582,0.0986720000049,-0.303338999998,-0.000633,0.003652,0.000283000000058
1011,2.027514648,0.300024627422,-3.8085495619,-8.57618348008,0.133377069322,-0.00420264092401,0.00576140890856,0,0,0,0,0,0,0.131582,0.0986720000049,-0.303338999998,-0.000633,0.003652,0.000283000000058
1012,2.029509119,-0.478357137263,-4.17533234675,-9.13538917564,0.155516176827,-0.0261258587535,0.0084192156816,0,0,0,0,0,0,0.131582,0.0986720000049,-0.303338999998,-0.000633,0.003652,0.000283000000058
1013,2.031520502,-0.0289986108049,-4.22137161558,-8.59109185851,0.169282270374,-0.015353639524,0.0157766668201,0,0,0,0,0,0,0.131582,0.118672,0.0066600000019,-0.002633,-0.000348000000021,0.00128299999999
1014,2.033531263,-0.0807290239329,-3.90516170806,-9.20254532894,0.139708296563,-0.00596975240061,-0.0051892064826,0,0,0,0,0,0,0.131582,0.118672,0.0066600000019,-0.002633,-0.000348000000021,0.00128299999999
1015,2.035520794,0.387428440521,-4.40110194106,-8.72906139365,0.162914137678,-0.0084047904297,0.0100458905487,0,0,0,0,0,0,0.131582,0.118672,0.0066600000019,-0.002633,-0.000348000000021,0.00128299999999
1016,2.037513422,-0.0316505628667,-4.10136650417,-9.14942352149,0.139701352449,-0.00838102418304,0.00601525393231,0,0,0,0,0,0,0.131582,0.118672,0.0066600000019,-0.002633,-0.000348000000021,0.00128299999999
1017,2.039517490,-0.396384406578,-4.0051892447,-8.6947732442,0.149640703017,-0.0187428300198,0.000560051944442,0,0,0,0,0,0,0.091582,0.0986719999985,0.0966610000016,-0.002633,-0.00234800000004,0.00228299999996
1018,2.041534393,-0.347174972311,-4.25711880277,-8.92787035885,0.156929354704,-0.00814511913711,0.0107330633352,0,0,0,0,0,0,0.091582,0.0986719999985,0.0966610000016,-0.002633,-0.00234800000004,0.00228299999996
1019,2.043531309,-0.115672196709,-3.88769728077,-9.06874349733,0.146291238544,-0.00879063346588,0.00155645964714,0,0,0,0,0,0,0.091582,0.0986719999985,0.0966610000016,-0.002633,-0.00234800000004,0.00228299999996
1020,2.045551067,0.212107170692,-4.14690582184,-9.0596342356,0.154377817854,-0.00407301293201,0.00737180405308,0,0,0,0,0,0,0.091582,0.0986719999985,0.0966610000016,-0.002633,-0.00234800000004,0.00228299999996
1021,2.047528286,-0.439572779525,-3.69226368449,-9.15546078997,0.145030186971,-0.0321935260294,0.0127692167734,0,0,0,0,0,0,0.071582,0.0986720000005,-0.0333399999984,0.002367,0.00365200000001,-0.000716999999942
1022,2.049546811,-0.339706790907,-4.10864070167,-8.93702411246,0.161843600051,-0.0258425235438,0.00173368596702,0,0,0,0,0,0,0.071582,0.0986720000005,-0.0333399999984,0.002367,0.00365200000001,-0.000716999999942
1023,2.051513190,-0.438604093927,-3.93180874204,-8.75583550239,0.153274565491,-0.0357230764613,0.0135118079073,0,0,0,0,0,0,0.071582,0.0986720000005,-0.0333399999984,0.002367,0.00365200000001,-0.000716999999942
1024,2.053512890,0.0433245066599,-4.34589551005,-9.10315440531,0.149130868803,-0.00736303213208,0.000390879592535,0,0,0,0,0,0,0.071582,0.0986720000005,-0.0333399999984,0.002367,0.00365200000001,-0.000716999999942
1025,2.055520515,-0.37484423249,-4.06121643103,-9.18410829176,0.15495341031,-0.00666851229428,0.00985506441805,0,0,0,0,0,0,0.081582,0.138672,0.00666000000222,0.000367,0.00265200000001,-0.000716999999958
1026,2.057524795,0.083698239729,-3.93671440492,-8.73731308056,0.148306778014,-0.00906619571517,0.00721510603603,0,0,0,0,0,0,0.081582,0.138672,0.00666000000222,0.000367,0.00265200000001,-0.000716999999958
1027,2.059514997,-0.0383584876977,-4.22398495397,-8.47848336701,0.156458364186,-0.0173670750088,0.0167107521224,0,0,0,0,0,0,0.081582,0.138672,0.00666000000222,0.000367,0.00265200000001,-0.000716999999958
1028,2.061518064,-0.356608291915,-3.9824192686,-8.93547848115,0.148682097353,-0.0145812393758,0.00279499546239,0,0,0,0,0,0,0.081582,0.138672,0.00666000000222,0.000367,0.00265200000001,-0.000716999999958
1029,2.063525068,-0.0202093849758,-4.21240237574,-9.24102788461,0.152087092877,-0.00892305217995,0.00418236974013,0,0,0,0,0,0,0.081582,0.108672000001,-0.0533389999983,0.003367,0.00465200000003,-0.00171699999993
1030,2.065536170,0.194930380958,-3.88210693774,-8.98817255742,0.138557405254,0.00284426796712,0.000496250652194,0,0,0,0,0,0,0.081582,0.108672000001,-0.0533389999983,0.003367,0.00465200000003,-0.00171699999993
1031,2.067541622,0.197527291226,-4.17597892217,-8.93239038223,0.152848442907,-0.00817150848395,0.00575009764076,0,0,0,0,0,0,0.081582,0.108672000001,-0.0533389999983,0.003367,0.00465200000003,-0.00171699999993
1032,2.069568473,-0.354029189963,-3.91667583451,-8.70034083884,0.152654182309,-0.0220110581358,-0.00245085684664,0,0,0,0,0,0,0.081582,0.108672000001,-0.0533389999983,0.003367,0.00465200000003,-0.00171699999993
1033,2.071553827,-0.543752042406,-3.81887249637,-8.97316205712,0.13837315487,-0.0146650631208,-0.00630042824473,0,0,0,0,0,0,0.101582,0.138672000002,-0.113339999998,0.000367,0.00265200000001,-0.000716999999958
1034,2.073540053,0.135394162151,-4.21324793789,-8.58995786983,0.162294181488,-0.014930360675,0.00890244778166,0,0,0,0,0,0,0.101582,0.138672000002,-0.113339999998,0.000367,0.00265200000001,-0.000716999999958
1035,2.075514366,-0.109989607918,-4.06752604989,-8.77823136344,0.16172897441,-0.026011212443,0.00971090370291,0,0,0,0,0,0,0.101582,0.138672000002,-0.113339999998,0.000367,0.00265200000001,-0.000716999999958
1036,2.077513024,0.112444881942,-3.8486407799,-8.73534923918,0.151234845635,-0.00490118740699,0.00659993525385,0,0,0,0,0,0,0.101582,0.138672000002,-0.113339999998,0.000367,0.00265200000001,-0.000716999999958
1037,2.079526250,-0.0788859809977,-3.96790311084,-9.18256567022,0.13921948094,0.000504891034275,0.00799441198935,0,0,0,0,0,0,0.151582,0.138672000003,-0.193339999998,-0.002633,-0.000348000000021,0.00128299999999
1038,2.081517765,-0.354707962997,-3.82161806763,-8.33144403403,0.160103301247,-0.0356400620402,0.0089113983799,0,0,0,0,0,0,0.151582,0.138672000003,-0.193339999998,-0.002633,-0.000348000000021,0.00128299999999
1039,2.083525451,0.345188193615,-3.91455327884,-8.31205036623,0.160673745072,-0.0159417149443,0.00690454825401,0,0,0,0,0,0,0.151582,0.138672000003,-0.193339999998,-0.002633,-0.000348000000021,0.00128299999999
1040,2.085515624,-0.412630129815,-4.37993977462,-8.25808574601,0.174066011093,-0.0374169085832,0.0106406105049,0,0,0,0,0,0,0.151582,0.138672000003,-0.193339999998,-0.002633,-0.000348000000021,0.00128299999999
1041,2.087517989,0.589873861308,-3.87806774426,-8.62884265206,0.164407148246,-0.0135801909984,0.0135485178421,0,0,0,0,0,0,0.121582,0.158672000002,-0.103339999997,-0.002633,0.001652,0.000283000000026
1042,2.089520425,-0.25077870635,-4.08324053351,-8.82102193048,0.156891987194,-0.016250966982,0.00748432666856,0,0,0,0,0,0,0.121582,0.158672000002,-0.103339999997,-0.002633,0.001652,0.000283000000026
1043,2.091530545,-0.106191617345,-4.18731906755,-8.9321823263,0.155031899967,-0.00966796040106,-0.00147725752166,0,0,0,0,0,0,0.121582,0.158672000002,-0.103339999997,-0.002633,0.001652,0.000283000000026
1044,2.093511150,0.155919086395,-4.13616386636,-8.81983077363,0.157096344905,-0.0102235728551,0.017513167966,0,0,0,0,0,0,0.121582,0.158672000002,-0.103339999997,-0.002633,0.001652,0.000283000000026
1045,2.095543762,0.0143417858347,-3.83258187489,-8.76612575901,0.145878379014,-0.00818179426631,0.0134147578968,0,0,0,0,0,0,0.131582,0.168672000001,-0.0933399999973,-0.002633,0.000651999999995,0.00028300000001
1046,2.097525640,-0.18676312371,-3.89210683936,-8.5490243168,0.131900418227,-0.00497809850417,0.00623256845165,0,0,0,0,0,0,0.131582,0.168672000001,-0.0933399999973,-0.002633,0.000651999999995,0.00028300000001
1047,2.099536210,-0.0314642632238,-3.75525238363,-8.75073272099,0.140223473262,-0.00832868826665,0.00703717953006,0,0,0,0,0,0,0.131582,0.168672000001,-0.0933399999973,-0.002633,0.000651999999995,0.00028300000001
1048,2.101516735,-0.217422666338,-4.12385089248,-8.74505837146,0.149868279873,-0.0217070211621,0.0134057460713,0,0,0,0,0,0,0.131582,0.168672000001,-0.0933399999973,-0.002633,0.000651999999995,0.00028300000001
1049,2.103563894,-0.137746122105,-3.62092025266,-8.46428238741,0.138447196014,-0.0237671267826,0.00247096235615,0,0,0,0,0,0,0.111582,0.128672,-0.0233399999979,-0.000633,0.00165200000001,-0.000716999999974
1050,2.105523189,0.17036714994,-3.92527740521,-8.75597449668,0.150821510421,-0.0188528889992,0.00965569782319,0,0,0,0,0,0,0.111582,0.128672,-0.0233399999979,-0.000633,0.00165200000001,-0.000716999999974
1051,2.107524793,-0.172863005305,-4.01902993012,-8.76123134507,0.13426825373,-0.0130152430154,0.00580324500539,0,0,0,0,0,0,0.111582,0.128672,-0.0233399999979,-0.000633,0.00165200000001,-0.000716999999974
1052,2.109551795,-0.038049895249,-3.81623061092,-8.80186943289,0.145284064116,-0.0202260444371,0.0101220204154,0,0,0,0,0,0,0.111582,0.128672,-0.0233399999979,-0.000633,0.00165200000001,-0.000716999999974
1053,2.111537359,0.251264213557,-4.3635144657,-8.68744949143,0.170019729579,-0.0165087623926,0.0037622851627,0,0,0,0,0,0,0.101582,0.148672000005,-0.313338999998,0.003367,0.00765200000006,-0.00371699999988
1054,2.113522443,-0.072246485411,-4.25834612551,-8.58992354062,0.174511563934,-0.0187519503407,0.0125361213852,0,0,0,0,0,0,0.101582,0.148672000005,-0.313338999998,0.003367,0.00765200000006,-0.00371699999988
1055,2.115524438,-0.18671542684,-4.16278454839,-8.34879729382,0.163324515617,-0.0217729182154,0.00845676456806,0,0,0,0,0,0,0.101582,0.148672000005,-0.313338999998,0.003367,0.00765200000006,-0.00371699999988
1056,2.117515612,-0.157453335447,-3.95248552257,-8.69004871935,0.159365476648,-0.026173158838,0.0045097311124,0,0,0,0,0,0,0.101582,0.148672000005,-0.313338999998,0.003367,0.00765200000006,-0.00371699999988
1057,2.119518329,0.295405825888,-3.90643746049,-8.66821250315,0.15939663345,-0.0208578252085,0.0103813539463,0,0,0,0,0,0,0.161582,0.168672000003,-0.163339999997,-0.003633,0.000651999999995,0.00028300000001
1058,2.121522117,-0.497661539764,-3.87479209257,-8.58171918946,0.162347531849,-0.0408415867581,0.00356099457684,0,0,0,0,0,0,0.161582,0.168672000003,-0.163339999997,-0.003633,0.000651999999995,0.00028300000001
1059,2.123523320,0.271380198078,-4.18617925676,-8.69305023489,0.161380578235,-0.00847527997641,0.00707962866735,0,0,0,0,0,0,0.161582,0.168672000003,-0.163339999997,-0.003633,0.000651999999995,0.00028300000001
1060,2.125518673,-0.40542950324,-4.38726108322,-8.46475527925,0.174861920769,-0.0262223373817,0.00588208621093,0,0,0,0,0,0,0.161582,0.168672000003,-0.163339999997,-0.003633,0.000651999999995,0.00028300000001
1061,2.127520667,0.151457317037,-4.17916661264,-8.57409623198,0.169732133496,-0.015645027394,0.0149003180348,0,0,0,0,0,0,0.111582,0.118672000001,-0.0933399999981,-0.000633,0.001652,0.000283000000026
1062,2.129521250,-0.155607585911,-4.27854859335,-8.12688109518,0.170170416058,-0.0338215012625,0.0170395646405,0,0,0,0,0,0,0.111582,0.118672000001,-0.0933399999981,-0.000633,0.001652,0.000283000000026
1063,2.131533794,0.299039859338,-4.85154007491,-8.07723832831,0.18517868476,-0.0145644031635,0.00474545802008,0,0,0,0,0,0,0.111582,0.118672000001,-0.0933399999981,-0.000633,0.001652,0.000283000000026
1064,2.133521473,-0.364226633181,-3.89983257029,-8.5989976745,0.160090340448,-0.0366513246185,0.00178436296894,0,0,0,0,0,0,0.111582,0.118672000001,-0.0933399999981,-0.000633,0.001652,0.000283000000026
1065,2.135530531,-0.287974016646,-3.76369665756,-8.79562209641,0.147053204742,-0.0258193398679,-1.94012313615e-05,0,0,0,0,0,0,0.161582,0.118672000002,-0.153338999998,-0.001633,-0.00134800000002,0.00128299999998
1066,2.137528378,-0.480777247697,-3.89793591298,-8.94742114015,0.14772186841,-0.0163362007696,0.00953336170753,0,0,0,0,0,0,0.161582,0.118672000002,-0.153338999998,-0.001633,-0.00134800000002,0.00128299999998
1067,2.139515605,-0.0411028291702,-3.76288595243,-8.90291576862,0.142078876795,-0.0116238415194,0.0119343855995,0,0,0,0,0,0,0.161582,0.118672000002,-0.153338999998,-0.001633,-0.00134800000002,0.00128299999998
1068,2.141534692,-0.638454864575,-4.08716311726,-8.96297225032,0.150080472687,-0.0341446618829,0.00599156289715,0,0,0,0,0,0,0.161582,0.118672000002,-0.153338999998,-0.001633,-0.00134800000002,0.00128299999998
1069,2.143533140,-0.501275770085,-4.09961534156,-9.0030672996,0.150977327132,-0.0279160614865,0.00232947279207,0,0,0,0,0,0,0.101582,0.0886720000018,-0.113339999999,0.002367,0.00365200000004,-0.00271699999994
1070,2.145545955,-0.331413281986,-4.05244841632,-9.42712307288,0.150882152026,-0.0184471918697,0.00843972653863,0,0,0,0,0,0,0.101582,0.0886720000018,-0.113339999999,0.002367,0.00365200000004,-0.00271699999994
1071,2.147536409,-0.131321725576,-3.9587778853,-9.00638952938,0.155771115643,-0.0210724493726,0.00670938624465,0,0,0,0,0,0,0.101582,0.0886720000018,-0.113339999999,0.002367,0.00365200000004,-0.00271699999994
1072,2.149522263,-0.351176484103,-4.32286960747,-8.49163101167,0.174707968411,-0.0319862206898,0.01083500441,0,0,0,0,0,0,0.101582,0.0886720000018,-0.113339999999,0.002367,0.00365200000004,-0.00271699999994
1073,2.151523426,0.0137743866236,-4.0903117167,-8.96678297062,0.143211249788,-0.0159955006761,-0.000148281893849,0,0,0,0,0,0,0.071582,0.0986720000015,-0.0933399999984,0.003367,0.00465200000004,-0.00271699999993
1074,2.153522967,-0.38482462025,-4.22070794733,-8.74333902758,0.156469084484,-0.0210273458566,0.00984911767955,0,0,0,0,0,0,0.071582,0.0986720000015,-0.0933399999984,0.003367,0.00465200000004,-0.00271699999993
1075,2.155516015,-0.173892841811,-3.87125185504,-8.8985589141,0.150711349804,-0.0201113183432,0.00921878450533,0,0,0,0,0,0,0.071582,0.0986720000015,-0.0933399999984,0.003367,0.00465200000004,-0.00271699999993
1076,2.157523991,-0.230846102207,-3.90223220686,-8.73517998236,0.145575326707,-0.0116967618385,0.00170215765042,0,0,0,0,0,0,0.071582,0.0986720000015,-0.0933399999984,0.003367,0.00465200000004,-0.00271699999993
1077,2.159528902,-0.260970804573,-3.87345224483,-9.12401422674,0.145588493002,-0.0242299183297,0.00495758636921,0,0,0,0,0,0,0.071582,0.108672000001,-0.0833399999983,0.003367,0.00665200000004,-0.00271699999989
1078,2.161529724,-0.135708185771,-4.04844808918,-8.87100224321,0.153042348153,-0.0162271420162,0.00808991606871,0,0,0,0,0,0,0.071582,0.108672000001,-0.0833399999983,0.003367,0.00665200000004,-0.00271699999989
1079,2.163519046,-0.419013476025,-3.99413749679,-9.01581937888,0.154094543844,-0.0261357832205,0.00688239658365,0,0,0,0,0,0,0.071582,0.108672000001,-0.0833399999983,0.003367,0.00665200000004,-0.00271699999989
1080,2.165529136,-0.312509287648,-3.86601085781,-8.97429907848,0.140623549664,-0.0204422477421,0.00453168413151,0,0,0,0,0,0,0.071582,0.108672000001,-0.0833399999983,0.003367,0.00665200000004,-0.00271699999989
1081,2.167555686,-0.0803166175943,-3.64918649852,-8.98390438042,0.128484699811,-0.0132721261914,0.00473651776224,0,0,0,0,0,0,0.091582,0.148672000001,-0.0333399999976,-0.000633,0.003652,0.000283000000058
1082,2.169579813,0.239966072462,-3.55618076647,-8.93442257827,0.125079929861,0.0126323369254,-0.00268864067504,0,0,0,0,0,0,0.091582,0.148672000001,-0.0333399999976,-0.000633,0.003652,0.000283000000058
1083,2.171556941,-0.0505341278637,-3.92808966491,-8.99122177396,0.148420673617,-0.00687220744908,0.00460157485159,0,0,0,0,0,0,0.091582,0.148672000001,-0.0333399999976,-0.000633,0.003652,0.000283000000058
1084,2.173526685,-0.165310377013,-3.7895375992,-9.02896639582,0.144955268339,-0.0174334870784,-0.000577953422318,0,0,0,0,0,0,0.091582,0.148672000001,-0.0333399999976,-0.000633,0.003652,0.000283000000058
1085,2.175528009,-0.347374312344,-3.71637014399,-8.98743626963,0.13801939725,-0.034705023326,0.000635554746498,0,0,0,0,0,0,0.091582,0.128672000001,-0.0333399999979,-0.000633,0.001652,0.000283000000026
1086,2.177527129,-0.43219934824,-3.79785425537,-9.20959223471,0.143667199034,-0.0228870403277,0.00442222550014,0,0,0,0,0,0,0.091582,0.128672000001,-0.0333399999979,-0.000633,0.001652,0.000283000000026
1087,2.179521890,0.169246061594,-3.94034986463,-9.04581922427,0.143096990413,-0.00459588641343,0.000621119984353,0,0,0,0,0,0,0.091582,0.128672000001,-0.0333399999979,-0.000633,0.001652,0.000283000000026
1088,2.181520148,-0.514906800818,-3.9775393945,-8.91693355109,0.15276080815,-0.0305039425793,0.00191418774159,0,0,0,0,0,0,0.091582,0.128672000001,-0.0333399999979,-0.000633,0.001652,0.000283000000026
1089,2.183536069,0.920326296138,-4.07999917389,-8.79891437062,0.16260277496,0.0034329331716,0.00943044542927,0,0,0,0,0,0,0.091582,0.0886720000004,-0.0233399999986,0.003367,0.00365200000003,-0.00171699999994
1090,2.185526853,-0.0977556792298,-4.0334991913,-8.58384528468,0.148964416472,-0.0170918883414,0.00890952709153,0,0,0,0,0,0,0.091582,0.0886720000004,-0.0233399999986,0.003367,0.00365200000003,-0.00171699999994
1091,2.187516765,-0.225607785382,-3.94719333671,-8.65316390505,0.156682180489,-0.0237306048871,0.00282004148928,0,0,0,0,0,0,0.091582,0.0886720000004,-0.0233399999986,0.003367,0.00365200000003,-0.00171699999994
1092,2.189522597,-0.162962076691,-4.40714987153,-8.99727425964,0.164994630148,-0.0281005370475,0.00385595838559,0,0,0,0,0,0,0.091582,0.0886720000004,-0.0233399999986,0.003367,0.00365200000003,-0.00171699999994
1093,2.191522218,-0.3717769619,-4.57568598392,-8.78311233793,0.167070493403,-0.0223528925308,0.00970642969876,0,0,0,0,0,0,0.111582,0.128672000002,-0.123340999998,0.000367,0.00265200000003,-0.00171699999996
1094,2.193524443,-0.719791722664,-4.09273706059,-8.83339734006,0.150888884244,-0.0289062040624,0.00796212366021,0,0,0,0,0,0,0.111582,0.128672000002,-0.123340999998,0.000367,0.00265200000003,-0.00171699999996
1095,2.195520096,-0.24400377156,-4.14415043845,-8.60577129158,0.152205410689,-0.020990371862,0.0100391507696,0,0,0,0,0,0,0.111582,0.128672000002,-0.123340999998,0.000367,0.00265200000003,-0.00171699999996
1096,2.197518404,0.018531553951,-3.61275155015,-8.76301944625,0.140855540542,-0.0209389285998,0.00954989451049,0,0,0,0,0,0,0.111582,0.128672000002,-0.123340999998,0.000367,0.00265200000003,-0.00171699999996
1097,2.199533604,-0.00573852427731,-4.05013557976,-8.92211689487,0.1609031878,-0.0131220948753,-0.00165620077944,0,0,0,0,0,0,0.131582,0.138672000001,-0.0833399999978,-0.004633,-0.00134800000002,0.00128299999998
1098,2.201522124,0.430235919677,-4.10809760318,-9.08773928592,0.142182336824,-0.00201264025775,2.96447432685e-05,0,0,0,0,0,0,0.131582,0.138672000001,-0.0833399999978,-0.004633,-0.00134800000002,0.00128299999998
1099,2.203540960,-0.623424834384,-3.86261186763,-8.86349115329,0.126439711793,-0.0146581052113,0.00227513688736,0,0,0,0,0,0,0.131582,0.138672000001,-0.0833399999978,-0.004633,-0.00134800000002,0.00128299999998
1100,2.205515413,-0.426014380284,-3.75535190859,-8.66569071116,0.137006717828,-0.021486935512,0.00861723154223,0,0,0,0,0,0,0.131582,0.138672000001,-0.0833399999978,-0.004633,-0.00134800000002,0.00128299999998
1101,2.207526886,-0.0689564246355,-3.62958201154,-9.10645789819,0.126936443892,-0.00692837045884,0.00115488458318,0,0,0,0,0,0,0.161582,0.158671999999,0.0666600000025,-0.009633,-0.00534800000005,0.00328299999991
1102,2.209518671,-0.821922101529,-3.6530929353,-9.08411723978,0.125337567992,-0.0207278398431,-0.00128973062412,0,0,0,0,0,0,0.161582,0.158671999999,0.0666600000025,-0.009633,-0.00534800000005,0.00328299999991
1103,2.211514355,-0.206181537923,-4.02570636206,-9.27281968288,0.138766449007,-0.00731076628999,0.00164728731311,0,0,0,0,0,0,0.161582,0.158671999999,0.0666600000025,-0.009633,-0.00534800000005,0.00328299999991
1104,2.213520848,-0.218314656325,-3.68185017832,-9.28450306138,0.123959427235,-0.00893681121035,0.0024082485298,0,0,0,0,0,0,0.161582,0.158671999999,0.0666600000025,-0.009633,-0.00534800000005,0.00328299999991
1105,2.215537690,-0.254460098237,-3.84882079812,-9.26795396542,0.129888307896,-0.0071602655592,0.00562907869664,0,0,0,0,0,0,0.101582,0.108672000001,-0.0433409999983,-0.001633,0.000651999999995,0.00028300000001
1106,2.217524667,-0.2284197556,-4.13345960419,-8.86138010643,0.139053588575,0.00210593432612,0.0039045908859,0,0,0,0,0,0,0.101582,0.108672000001,-0.0433409999983,-0.001633,0.000651999999995,0.00028300000001
1107,2.219522695,-0.816664856217,-3.90202915648,-9.01979158945,0.137199542723,-0.0204577449083,-0.000414667967588,0,0,0,0,0,0,0.101582,0.108672000001,-0.0433409999983,-0.001633,0.000651999999995,0.00028300000001
1108,2.221519741,-0.178905832631,-4.19946335489,-9.30490836946,0.151768439409,0.00576460739332,0.00526845466245,0,0,0,0,0,0,0.101582,0.108672000001,-0.0433409999983,-0.001633,0.000651999999995,0.00028300000001
1109,2.223534449,-0.32112169702,-4.02893655965,-8.92859876258,0.144310594852,-0.00848525499919,-0.00516608201916,0,0,0,0,0,0,0.151582,0.158672000005,-0.333339999997,-0.001633,0.00165200000001,-0.000716999999974
1110,2.225515064,-0.610825467626,-3.87744834655,-9.07784027153,0.136889072628,-0.0210115251289,0.011967440225,0,0,0,0,0,0,0.151582,0.158672000005,-0.333339999997,-0.001633,0.00165200000001,-0.000716999999974
1111,2.227517600,-0.105636522133,-4.1830791377,-8.94317994381,0.150540625131,-0.00688706146914,0.00780277694016,0,0,0,0,0,0,0.151582,0.158672000005,-0.333339999997,-0.001633,0.00165200000001,-0.000716999999974
1112,2.229511259,-0.15079551456,-3.79771522561,-9.05274864278,0.140297736498,-0.00875750874461,0.00601437924345,0,0,0,0,0,0,0.151582,0.158672000005,-0.333339999997,-0.001633,0.00165200000001,-0.000716999999974
1113,2.231525677,-0.202012479815,-4.02828832088,-8.75696112958,0.153075260317,-0.0182403056251,0.00362609475645,0,0,0,0,0,0,0.131582,0.148672000003,-0.173339999998,-0.000633,0.00365200000003,-0.00171699999994
1114,2.233513506,-0.139422931483,-4.02184564179,-8.74817438657,0.140085117158,-0.0113486814072,0.00754774681482,0,0,0,0,0,0,0.131582,0.148672000003,-0.173339999998,-0.000633,0.00365200000003,-0.00171699999994
1115,2.235524417,-0.485855637443,-4.13472390051,-8.72462826065,0.155115725785,-0.0125340838763,0.00910522218433,0,0,0,0,0,0,0.131582,0.148672000003,-0.173339999998,-0.000633,0.00365200000003,-0.00171699999994
1116,2.237515301,-0.560944878381,-3.90925832183,-8.65931209248,0.143267971833,-0.0328587636985,-0.00350442460921,0,0,0,0,0,0,0.131582,0.148672000003,-0.173339999998,-0.000633,0.00365200000003,-0.00171699999994
1117,2.239516515,-0.576845133996,-3.93883069323,-8.73547493066,0.146493412743,-0.0313882819754,0.00438430324353,0,0,0,0,0,0,0.141582,0.128672,-0.0133399999979,-0.003633,-0.001348,0.000282999999978
1118,2.241518891,-0.0907814990754,-3.80451394508,-9.07289168368,0.146075868975,-0.0224303084883,0.0123164255596,0,0,0,0,0,0,0.141582,0.128672,-0.0133399999979,-0.003633,-0.001348,0.000282999999978
1119,2.243524723,-0.310408834153,-4.4013104334,-8.80774654511,0.16195775866,-0.0322368676428,0.0138122654665,0,0,0,0,0,0,0.141582,0.128672,-0.0133399999979,-0.003633,-0.001348,0.000282999999978
1120,2.245549570,0.251881674837,-3.61713055327,-8.85403397147,0.142111852795,-0.0114086291845,0.0041347749773,0,0,0,0,0,0,0.141582,0.128672,-0.0133399999979,-0.003633,-0.001348,0.000282999999978
1121,2.247528312,-0.411993535361,-3.86719909715,-8.53187905291,0.138976842664,-0.0276370450856,-0.00225845861769,0,0,0,0,0,0,0.101582,0.088672000002,-0.123340999999,0.002367,0.00465200000004,-0.00271699999993
1122,2.249559581,-0.0364945370863,-4.11685460296,-8.51114085672,0.162824948996,-0.0234076748659,0.008240612425,0,0,0,0,0,0,0.101582,0.088672000002,-0.123340999999,0.002367,0.00465200000004,-0.00271699999993
1123,2.251528224,-0.491849354879,-3.6668284668,-8.73441270717,0.148491308745,-0.0271717330832,0.00397433418971,0,0,0,0,0,0,0.101582,0.088672000002,-0.123340999999,0.002367,0.00465200000004,-0.00271699999993
1124,2.253516263,-0.00136217721132,-3.86335351653,-8.76715170979,0.142204554739,-0.0180343641423,0.0113514458608,0,0,0,0,0,0,0.101582,0.088672000002,-0.123340999999,0.002367,0.00465200000004,-0.00271699999993
1125,2.255530981,-0.385148107643,-4.0956047991,-8.9211310763,0.146122246959,-0.0135613302964,0.00232451496438,0,0,0,0,0,0,0.121582,0.128672000002,-0.153338999998,-0.002633,0.00165200000001,-0.000716999999974
1126,2.257526925,-0.0275921478614,-4.11799365324,-8.68243939736,0.154489103779,-0.00534153639171,0.0164790882642,0,0,0,0,0,0,0.121582,0.128672000002,-0.153338999998,-0.002633,0.00165200000001,-0.000716999999974
1127,2.259534420,-0.107240229504,-4.10408196952,-8.53313576413,0.149774139191,-0.0206565502849,0.0087943065215,0,0,0,0,0,0,0.121582,0.128672000002,-0.153338999998,-0.002633,0.00165200000001,-0.000716999999974
1128,2.261518512,-0.0346363115614,-4.41671382122,-8.76396138491,0.159619259527,-0.0129538199457,0.00710796418792,0,0,0,0,0,0,0.121582,0.128672000002,-0.153338999998,-0.002633,0.00165200000001,-0.000716999999974
1129,2.263537829,0.570951402526,-4.02391844014,-9.02818283832,0.137746986394,0.00994155325089,0.0125078827709,0,0,0,0,0,0,0.141582,0.148672000003,-0.163339999998,-0.003633,0.001652,0.000283000000026
1130,2.265539353,-0.861826467757,-4.03613827128,-9.04098839846,0.148772389814,-0.0288041547848,0.00586683397678,0,0,0,0,0,0,0.141582,0.148672000003,-0.163339999998,-0.003633,0.001652,0.000283000000026
1131,2.267526430,-0.170875538209,-4.51729852941,-8.54253720878,0.182529078564,-0.0236317094035,0.0101502273888,0,0,0,0,0,0,0.141582,0.148672000003,-0.163339999998,-0.003633,0.001652,0.000283000000026
1132,2.269565093,-0.351939622473,-3.93926427702,-8.70402763061,0.159385186738,-0.0388742243002,0.0154666479917,0,0,0,0,0,0,0.141582,0.148672000003,-0.163339999998,-0.003633,0.001652,0.000283000000026
1133,2.271577367,-0.136256810611,-4.12531890975,-8.3325513623,0.161824973596,-0.0332505931931,0.0141182020486,0,0,0,0,0,0,0.141582,0.158671999999,0.0366590000025,-0.006633,-0.000348000000021,0.00128299999999
1134,2.273524289,-0.12142787269,-4.36154287722,-9.01395471022,0.148527482221,-0.00935949629284,0.00602554610519,0,0,0,0,0,0,0.141582,0.158671999999,0.0366590000025,-0.006633,-0.000348000000021,0.00128299999999
1135,2.275534229,-0.140542572752,-4.72969975067,-8.68343544329,0.176752603897,-0.0315969686763,0.0112031566094,0,0,0,0,0,0,0.141582,0.158671999999,0.0366590000025,-0.006633,-0.000348000000021,0.00128299999999
1136,2.277520003,-0.356702397686,-4.11395821476,-8.87887777352,0.151862043328,-0.00757072671019,0.00204277505996,0,0,0,0,0,0,0.141582,0.158671999999,0.0366590000025,-0.006633,-0.000348000000021,0.00128299999999
1137,2.279523812,-0.630054206664,-4.02825002155,-8.68648841515,0.149414151744,-0.0266483427153,0.00960811266302,0,0,0,0,0,0,0.101582,0.108672,0.00666000000174,0.002367,0.00465200000003,-0.00171699999993
1138,2.281523062,-0.137041375693,-4.52882897929,-9.04438425263,0.158242591246,-0.0166323427321,0.00381640384388,0,0,0,0,0,0,0.101582,0.108672,0.00666000000174,0.002367,0.00465200000003,-0.00171699999993
1139,2.283517913,-0.159921762398,-3.88878173691,-8.71373983384,0.142371638325,-0.0181462377469,0.0050953827459,0,0,0,0,0,0,0.101582,0.108672,0.00666000000174,0.002367,0.00465200000003,-0.00171699999993
1140,2.285518836,-0.154872011659,-3.91032641237,-8.69587984188,0.139397308703,-0.00319934290809,0.00755838869496,0,0,0,0,0,0,0.101582,0.108672,0.00666000000174,0.002367,0.00465200000003,-0.00171699999993
1141,2.287530539,-0.418270661656,-4.57493105571,-8.77761333657,0.16619005974,-0.0159079956991,-0.000302402420372,0,0,0,0,0,0,0.151582,0.138672000001,-0.0633389999978,-0.001633,-0.000348000000005,0.000282999999994
1142,2.289525802,0.0211384747062,-4.12851703022,-8.36394555904,0.162650388681,-0.0208545366807,0.00336983990465,0,0,0,0,0,0,0.151582,0.138672000001,-0.0633389999978,-0.001633,-0.000348000000005,0.000282999999994
1143,2.291527586,-0.340372156849,-4.24341615533,-8.37603828832,0.178538040113,-0.034098634623,0.0170717501923,0,0,0,0,0,0,0.151582,0.138672000001,-0.0633389999978,-0.001633,-0.000348000000005,0.000282999999994
1144,2.293521395,-0.20831954802,-4.45932344517,-8.4381472265,0.176364422285,-0.030472587731,0.00986453050926,0,0,0,0,0,0,0.151582,0.138672000001,-0.0633389999978,-0.001633,-0.000348000000005,0.000282999999994
1145,2.295535383,-0.560148109424,-4.12762404019,-8.40194099214,0.156707519693,-0.0325839889198,0.00678024799716,0,0,0,0,0,0,0.081582,0.118671999999,0.0766600000019,0.001367,0.00365200000003,-0.00171699999994
1146,2.297516268,-0.285513739848,-4.16541486138,-8.41877569219,0.166844993948,-0.0222890039644,0.0137215297842,0,0,0,0,0,0,0.081582,0.118671999999,0.0766600000019,0.001367,0.00365200000003,-0.00171699999994
1147,2.299517461,0.22038731769,-4.31908850974,-8.61322808994,0.167489968569,-0.00689350871176,0.0157383789718,0,0,0,0,0,0,0.081582,0.118671999999,0.0766600000019,0.001367,0.00365200000003,-0.00171699999994
1148,2.301513485,-0.212093781379,-4.59500068823,-8.7294147137,0.160898858502,-0.0189308831468,0.00509563370086,0,0,0,0,0,0,0.081582,0.118671999999,0.0766600000019,0.001367,0.00365200000003,-0.00171699999994
1149,2.303583868,-0.629214992798,-4.23240224891,-8.57785731285,0.170669360176,-0.0357515719159,0.00646160043564,0,0,0,0,0,0,0.011582,0.0886719999977,0.146660000001,0.007367,0.0106520000001,-0.00371699999983
1150,2.305526151,-0.249082905544,-4.18850122255,-8.40538481103,0.159260830327,-0.0273399750716,0.0103503699608,0,0,0,0,0,0,0.011582,0.0886719999977,0.146660000001,0.007367,0.0106520000001,-0.00371699999983
1151,2.307533196,-0.310953531004,-3.84830196892,-8.25321187794,0.15613034653,-0.0256281946276,0.0111002562244,0,0,0,0,0,0,0.011582,0.0886719999977,0.146660000001,0.007367,0.0106520000001,-0.00371699999983
1152,2.309509232,-0.44666194165,-4.0658114957,-8.50092485139,0.166408284824,-0.037227724286,0.00969033246579,0,0,0,0,0,0,0.011582,0.0886719999977,0.146660000001,0.007367,0.0106520000001,-0.00371699999983
1153,2.311526716,-0.0678486952458,-4.56536048173,-9.05661383018,0.169881256656,-0.000506074195862,0.0100973263805,0,0,0,0,0,0,0.031582,0.118672000001,-0.0433409999981,0.005367,0.00865200000004,-0.00271699999986
1154,2.313522219,-0.220435090835,-4.09198433767,-8.92045973551,0.150568051266,-0.0123668276557,0.00209491418764,0,0,0,0,0,0,0.031582,0.118672000001,-0.0433409999981,0.005367,0.00865200000004,-0.00271699999986
1155,2.315523362,-0.788177688405,-4.10921320614,-8.44035368696,0.162701056765,-0.0529465457111,0.0164937954685,0,0,0,0,0,0,0.031582,0.118672000001,-0.0433409999981,0.005367,0.00865200000004,-0.00271699999986
1156,2.317516220,-0.0103331888304,-4.27083485231,-8.40485747647,0.180861849915,-0.0225207305378,0.0164895715539,0,0,0,0,0,0,0.031582,0.118672000001,-0.0433409999981,0.005367,0.00865200000004,-0.00271699999986
1157,2.319537370,-0.411541714748,-4.18312518978,-8.16124866555,0.164818805775,-0.0355084583446,0.0154530325439,0,0,0,0,0,0,0.051582,0.138671999999,0.0566600000022,0.001367,0.00465200000001,-0.000716999999926
1158,2.321534135,-0.0649026162315,-4.27421653197,-8.47181713738,0.17434249622,-0.0255855753881,0.0167417082016,0,0,0,0,0,0,0.051582,0.138671999999,0.0566600000022,0.001367,0.00465200000001,-0.000716999999926
1159,2.323525951,-0.0638480176929,-3.98794857922,-8.28637609232,0.158556339831,-0.0169699476164,0.00838784518181,0,0,0,0,0,0,0.051582,0.138671999999,0.0566600000022,0.001367,0.00465200000001,-0.000716999999926
1160,2.325528958,-0.191744831558,-4.45474178267,-8.67163481871,0.170237177233,-0.0210372242467,0.0101247210274,0,0,0,0,0,0,0.051582,0.138671999999,0.0566600000022,0.001367,0.00465200000001,-0.000716999999926
1161,2.327530422,-0.624988237518,-3.9909673072,-8.54553597485,0.149572177634,-0.0246355666861,0.00822142202068,0,0,0,0,0,0,0.061582,0.138672,0.00666000000222,0.002367,0.00665200000003,-0.00171699999989
1162,2.329521116,-0.482466833523,-4.06105822738,-8.74400473715,0.164485487217,-0.0334605457646,0.00538304018299,0,0,0,0,0,0,0.061582,0.138672,0.00666000000222,0.002367,0.00665200000003,-0.00171699999989
1163,2.331533080,0.0271001430123,-4.04771931643,-8.53230246141,0.16272637448,-0.0239960988606,0.0151401172821,0,0,0,0,0,0,0.061582,0.138672,0.00666000000222,0.002367,0.00665200000003,-0.00171699999989
1164,2.333517702,-0.0766208179955,-3.82163015509,-8.54471083449,0.138552474365,-0.0145735671643,0.00590215749589,0,0,0,0,0,0,0.061582,0.138672,0.00666000000222,0.002367,0.00665200000003,-0.00171699999989
1165,2.335536508,-0.529778112583,-4.3772809468,-8.56866708879,0.164250614052,-0.0208474420466,0.0093797995507,0,0,0,0,0,0,0.121582,0.148671999999,0.0766600000024,-0.002633,-0.000348000000005,0.000282999999994
1166,2.337523705,0.0458785060113,-4.42936502298,-8.26932305882,0.172352241094,-0.0201687525878,0.0082194389848,0,0,0,0,0,0,0.121582,0.148671999999,0.0766600000024,-0.002633,-0.000348000000005,0.000282999999994
1167,2.339515681,-0.359270654722,-4.1468085649,-8.6960885432,0.166384106032,-0.0286442946556,-3.87187935468e-05,0,0,0,0,0,0,0.121582,0.148671999999,0.0766600000024,-0.002633,-0.000348000000005,0.000282999999994
1168,2.341527014,0.159277799553,-4.0925719207,-8.47529441043,0.163190911289,-0.00652445486444,0.02442006507,0,0,0,0,0,0,0.121582,0.148671999999,0.0766600000024,-0.002633,-0.000348000000005,0.000282999999994
1169,2.343540039,-0.011996952589,-4.30238531444,-8.42617730455,0.167151344979,-0.0189020817359,0.0148012599818,0,0,0,0,0,0,0.121582,0.118671999998,0.126659000002,-0.000633,0.000652000000011,-0.00071699999999
1170,2.345555710,-0.319539823732,-3.75181955152,-8.60018914776,0.139434999157,-0.00726535484029,-0.00567910562895,0,0,0,0,0,0,0.121582,0.118671999998,0.126659000002,-0.000633,0.000652000000011,-0.00071699999999
1171,2.347535033,-0.210810757918,-3.90935318402,-8.79067174911,0.142272023442,-0.0187082848419,0.00661332976556,0,0,0,0,0,0,0.121582,0.118671999998,0.126659000002,-0.000633,0.000652000000011,-0.00071699999999
1172,2.349508995,-0.0681933906893,-3.89110085425,-8.74918565109,0.143035840502,-0.00491712363549,0.00380105811605,0,0,0,0,0,0,0.121582,0.118671999998,0.126659000002,-0.000633,0.000652000000011,-0.00071699999999
1173,2.351528783,-0.352730106635,-4.45607424183,-8.89039353856,0.147126835728,-0.00923028148199,0.00097243680957,0,0,0,0,0,0,0.061582,0.0786719999988,0.0766600000013,0.003367,0.00465200000004,-0.00271699999993
1174,2.353529526,-0.515680034651,-3.84296605316,-8.90041751858,0.142561587066,-0.0156500559335,0.00195879698598,0,0,0,0,0,0,0.061582,0.0786719999988,0.0766600000013,0.003367,0.00465200000004,-0.00271699999993
1175,2.355526070,0.0311308767452,-3.92769761806,-8.55441979784,0.146229551112,-0.0150004920563,0.00271836300424,0,0,0,0,0,0,0.061582,0.0786719999988,0.0766600000013,0.003367,0.00465200000004,-0.00271699999993
1176,2.357512416,-0.472328880985,-3.67438174818,-8.77001524185,0.128877817182,-0.0163657475317,0.00756149203282,0,0,0,0,0,0,0.061582,0.0786719999988,0.0766600000013,0.003367,0.00465200000004,-0.00271699999993
1177,2.359547943,-0.195118823437,-4.01510644468,-8.98551330983,0.14447632788,-0.00489060837041,0.0128015080126,0,0,0,0,0,0,0.041582,0.0786719999973,0.166660000001,0.003367,0.00565200000003,-0.00171699999991
1178,2.361522056,-0.127764187907,-4.12613673442,-8.94439093649,0.148221958383,-0.0163483748932,0.00149994500216,0,0,0,0,0,0,0.041582,0.0786719999973,0.166660000001,0.003367,0.00565200000003,-0.00171699999991
1179,2.363527588,-0.298763454687,-4.03451237453,-8.88907124292,0.150411610855,-0.0135949874967,0.00791429484866,0,0,0,0,0,0,0.041582,0.0786719999973,0.166660000001,0.003367,0.00565200000003,-0.00171699999991
1180,2.365519814,-0.43955204453,-3.88229307909,-8.81510125825,0.151731511388,-0.0283302119322,0.00840481513202,0,0,0,0,0,0,0.041582,0.0786719999973,0.166660000001,0.003367,0.00565200000003,-0.00171699999991
1181,2.367526408,-0.10428416337,-3.87727813986,-9.09804531218,0.145380722387,-0.0115079150591,0.0109220546305,0,0,0,0,0,0,0.021582,0.108672000001,-0.0833399999983,0.007367,0.0116520000001,-0.00371699999981
1182,2.369534274,-0.253191227459,-3.95566591706,-9.0642868467,0.143643685688,-0.0136664393871,0.0134683842273,0,0,0,0,0,0,0.021582,0.108672000001,-0.0833399999983,0.007367,0.0116520000001,-0.00371699999981
1183,2.371586904,-0.890790652017,-3.94989697359,-8.68169840424,0.14428739915,-0.0410996308186,-0.00195278619276,0,0,0,0,0,0,0.021582,0.108672000001,-0.0833399999983,0.007367,0.0116520000001,-0.00371699999981
1184,2.373528836,0.284990412983,-3.7838245959,-8.85157411499,0.139599565614,-0.0012254386576,0.00885078987953,0,0,0,0,0,0,0.021582,0.108672000001,-0.0833399999983,0.007367,0.0116520000001,-0.00371699999981
1185,2.375526252,-0.789811687411,-4.17458930115,-9.12745978307,0.140869794372,-0.0135387442161,0.00418736260801,0,0,0,0,0,0,0.051582,0.148672000001,-0.0433409999976,0.004367,0.00865200000004,-0.00271699999986
1186,2.377533076,-0.15331711179,-4.08730448789,-8.85561098542,0.145993878873,-0.0096490486792,0.00147970201216,0,0,0,0,0,0,0.051582,0.148672000001,-0.0433409999976,0.004367,0.00865200000004,-0.00271699999986
1187,2.379514593,-0.11776724799,-3.84066897015,-8.55389954773,0.145293603592,-0.0157939946253,0.00357102510299,0,0,0,0,0,0,0.051582,0.148672000001,-0.0433409999976,0.004367,0.00865200000004,-0.00271699999986
1188,2.381512530,-0.542636562136,-4.64877594016,-9.02609851475,0.162966356646,-0.0274021200014,0.00499224880128,0,0,0,0,0,0,0.051582,0.148672000001,-0.0433409999976,0.004367,0.00865200000004,-0.00271699999986
1189,2.383540764,-0.195942582526,-3.73424076345,-8.82518554169,0.133878325003,-0.0185484295144,0.00953198215306,0,0,0,0,0,0,0.051582,0.0886719999989,0.0666600000014,0.005367,0.00565200000004,-0.00271699999991
1190,2.385525947,-0.448694258065,-3.87146031831,-8.8244739252,0.146199648298,-0.0141608664476,0.00574815968589,0,0,0,0,0,0,0.051582,0.0886719999989,0.0666600000014,0.005367,0.00565200000004,-0.00271699999991
1191,2.387528413,-0.58187843164,-3.73643313343,-8.60124231912,0.135625592291,-0.0279997031225,0.00216412325653,0,0,0,0,0,0,0.051582,0.0886719999989,0.0666600000014,0.005367,0.00565200000004,-0.00271699999991
1192,2.389514228,-0.295738117291,-3.80309684682,-8.69024877063,0.129914252014,-0.00872112453849,-0.00269043375781,0,0,0,0,0,0,0.051582,0.0886719999989,0.0666600000014,0.005367,0.00565200000004,-0.00271699999991
1193,2.391543013,-0.282073359299,-3.96705064249,-9.05317302371,0.131091173375,-0.00297767460055,0.000202550482108,0,0,0,0,0,0,0.051582,0.128672000001,-0.0433409999979,0.004367,0.00865200000006,-0.00371699999986
1194,2.393514120,-0.0159531680083,-3.5520705344,-8.78892357064,0.121390908186,-0.000222304427257,-6.31114084496e-05,0,0,0,0,0,0,0.051582,0.128672000001,-0.0433409999979,0.004367,0.00865200000006,-0.00371699999986
1195,2.395510294,0.386892169093,-3.91470816878,-8.9034306601,0.138399968601,0.00382262088028,0.0106986525235,0,0,0,0,0,0,0.051582,0.128672000001,-0.0433409999979,0.004367,0.00865200000006,-0.00371699999986
1196,2.397515565,-0.416715128331,-4.15199867029,-8.90077110209,0.154931169306,-0.0150865923129,1.24583277986e-05,0,0,0,0,0,0,0.051582,0.128672000001,-0.0433409999979,0.004367,0.00865200000006,-0.00371699999986
1197,2.399526867,-0.0327702586688,-3.85690424561,-8.6043436144,0.142830173063,-0.0114478708707,0.00183466758463,0,0,0,0,0,0,0.081582,0.118671999999,0.0566600000019,0.001367,0.00365200000003,-0.00171699999994
1198,2.401521969,-0.208877526012,-3.67952903015,-8.7247408355,0.141988742956,-0.0147795970157,0.00860949420707,0,0,0,0,0,0,0.081582,0.118671999999,0.0566600000019,0.001367,0.00365200000003,-0.00171699999994
1199,2.403549392,-0.0940099295806,-4.00212638617,-8.30155249405,0.149721245038,-0.0145814427554,0.0129869232937,0,0,0,0,0,0,0.081582,0.118671999999,0.0566600000019,0.001367,0.00365200000003,-0.00171699999994
1200,2.405535497,-0.279958883888,-4.29887453722,-8.55680356704,0.154225626274,-0.0197929965028,0.00896235147495,0,0,0,0,0,0,0.081582,0.118671999999,0.0566600000019,0.001367,0.00365200000003,-0.00171699999994
1201,2.407540477,-0.41436085321,-3.84110097317,-8.81282614526,0.137396725159,-0.0269672689782,0.016062330544,0,0,0,0,0,0,0.091582,0.0886719999988,0.0766600000014,0.000367,0.001652,0.000283000000026
1202,2.409526843,-0.746903624001,-4.26808170308,-8.67428085138,0.1419416846,-0.0171930830611,0.00645627910586,0,0,0,0,0,0,0.091582,0.0886719999988,0.0766600000014,0.000367,0.001652,0.000283000000026
1203,2.411523869,-0.263249251032,-3.82631004097,-8.61009696461,0.135047078832,-0.0132347009666,0.00991682524947,0,0,0,0,0,0,0.091582,0.0886719999988,0.0766600000014,0.000367,0.001652,0.000283000000026
1204,2.413514192,-0.450651255972,-4.17308402963,-8.67726715927,0.154000752285,-0.0127195926838,0.00624758968321,0,0,0,0,0,0,0.091582,0.0886719999988,0.0766600000014,0.000367,0.001652,0.000283000000026
1205,2.415543809,-0.503147038079,-4.02163203974,-8.91005971522,0.136286660558,-0.0139393371677,0.0103681774997,0,0,0,0,0,0,0.131582,0.128672000002,-0.103339999998,-0.002633,0.00165200000001,-0.000716999999974
1206,2.417527028,-0.0757001045163,-4.35460948031,-8.89726044541,0.151256131456,-0.0169155069737,0.00805058808443,0,0,0,0,0,0,0.131582,0.128672000002,-0.103339999998,-0.002633,0.00165200000001,-0.000716999999974
1207,2.419529043,0.0724688732715,-3.9061458834,-9.06650267516,0.127063752423,-0.00269512374183,7.22760825759e-05,0,0,0,0,0,0,0.131582,0.128672000002,-0.103339999998,-0.002633,0.00165200000001,-0.000716999999974
1208,2.421523153,0.0425319652994,-4.29200598246,-8.81467446516,0.14811921493,0.00263509056218,0.0087724223926,0,0,0,0,0,0,0.131582,0.128672000002,-0.103339999998,-0.002633,0.00165200000001,-0.000716999999974
1209,2.423526481,-0.0939114573714,-4.11930360692,-9.09029430447,0.141613376922,-0.0041517350324,0.00875024855192,0,0,0,0,0,0,0.061582,0.118672000002,-0.143338999998,0.003367,0.00865200000006,-0.00371699999986
1210,2.425517605,-0.275901037207,-4.09311200769,-8.66675858306,0.155216115564,-0.022290316864,0.0105382412367,0,0,0,0,0,0,0.061582,0.118672000002,-0.143338999998,0.003367,0.00865200000006,-0.00371699999986
1211,2.427516354,0.273072342829,-3.76312726325,-8.69035103304,0.151573510155,-0.00926906688286,0.011216569334,0,0,0,0,0,0,0.061582,0.118672000002,-0.143338999998,0.003367,0.00865200000006,-0.00371699999986
1212,2.429514081,-0.274824630995,-4.2996498169,-8.5665044868,0.159065367808,-0.0300663460762,0.0114773965476,0,0,0,0,0,0,0.061582,0.118672000002,-0.143338999998,0.003367,0.00865200000006,-0.00371699999986
1213,2.431529350,0.121957654264,-3.72187008271,-8.76724743491,0.145944511169,-0.0222328176304,0.00578809722828,0,0,0,0,0,0,0.061582,0.098672000001,-0.0633389999984,0.005367,0.00665200000006,-0.00371699999989
1214,2.433522138,-0.347207212592,-3.97339304642,-9.13827580397,0.138468854005,-0.0171772174237,-0.000616002926231,0,0,0,0,0,0,0.061582,0.098672000001,-0.0633389999984,0.005367,0.00665200000006,-0.00371699999989
1215,2.435521348,-0.223212214879,-4.16177258234,-8.96157094247,0.151262773791,-0.0119010295213,0.00634950796118,0,0,0,0,0,0,0.061582,0.098672000001,-0.0633389999984,0.005367,0.00665200000006,-0.00371699999989
1216,2.437514076,0.480198705276,-3.95206528388,-9.05031836949,0.144849661887,-0.000396690643862,0.0089323403872,0,0,0,0,0,0,0.061582,0.098672000001,-0.0633389999984,0.005367,0.00665200000006,-0.00371699999989
1217,2.439533734,-0.38653100882,-3.80847413695,-9.14101724538,0.134828213166,-0.0128496599936,0.00011096132696,0,0,0,0,0,0,0.001582,0.0786720000001,-0.00333999999874,0.007367,0.00865200000008,-0.00471699999986
1218,2.441520099,-0.0125573670331,-4.04688500466,-9.29982386729,0.140524548182,-0.00100786797736,0.00597160365685,0,0,0,0,0,0,0.001582,0.0786720000001,-0.00333999999874,0.007367,0.00865200000008,-0.00471699999986
1219,2.443522004,-0.144328405791,-3.99656834818,-9.18576054001,0.136231921016,-0.00556854766463,0.00278751844256,0,0,0,0,0,0,0.001582,0.0786720000001,-0.00333999999874,0.007367,0.00865200000008,-0.00471699999986
1220,2.445516705,0.071681068095,-3.87007199552,-9.15398394074,0.138335277026,-0.00135561618118,-0.0043691073123,0,0,0,0,0,0,0.001582,0.0786720000001,-0.00333999999874,0.007367,0.00865200000008,-0.00471699999986
1221,2.447559396,0.305326822101,-3.43176699187,-9.01909794449,0.130503863552,-0.010303951295,0.0050181060255,0,0,0,0,0,0,0.061582,0.108672000002,-0.153338999998,0.003367,0.00565200000003,-0.00171699999991
1222,2.449527798,-0.264417532631,-3.92377353799,-8.9746474565,0.149582157156,-0.0263943420959,0.00743800382857,0,0,0,0,0,0,0.061582,0.108672000002,-0.153338999998,0.003367,0.00565200000003,-0.00171699999991
1223,2.451514224,-0.202350905502,-3.8228878646,-9.0896179267,0.133330373058,-0.0050519938844,0.00104356742628,0,0,0,0,0,0,0.061582,0.108672000002,-0.153338999998,0.003367,0.00565200000003,-0.00171699999991
1224,2.453536517,-0.364417749327,-4.03135854738,-8.83965554579,0.160304317326,-0.0168694853952,0.0127701721308,0,0,0,0,0,0,0.061582,0.108672000002,-0.153338999998,0.003367,0.00565200000003,-0.00171699999991
1225,2.455541999,-0.034310202286,-4.50318773887,-8.7233810538,0.17104690899,-0.0387221036231,0.0109866864096,0,0,0,0,0,0,0.031582,0.0986720000055,-0.343339999998,0.011367,0.0136520000001,-0.00571699999978
1226,2.457531280,-0.681784892754,-4.40199885185,-8.9501298002,0.163478177336,-0.0448696937317,0.00415410867483,0,0,0,0,0,0,0.031582,0.0986720000055,-0.343339999998,0.011367,0.0136520000001,-0.00571699999978
1227,2.459529487,-0.000488753743529,-4.1772195409,-9.07118554865,0.157110866806,-0.00846809960364,0.00379628583618,0,0,0,0,0,0,0.031582,0.0986720000055,-0.343339999998,0.011367,0.0136520000001,-0.00571699999978
1228,2.461516855,-0.195259828735,-3.69920230357,-9.03745426961,0.139651144219,-0.0136174257608,0.00996450382276,0,0,0,0,0,0,0.031582,0.0986720000055,-0.343339999998,0.011367,0.0136520000001,-0.00571699999978
1229,2.463526815,0.0381438030162,-4.19526866784,-8.75919867114,0.150323374066,-0.00986189773698,0.00475489581867,0,0,0,0,0,0,0.051582,0.0986720000055,-0.343339999998,0.010367,0.0106520000001,-0.00471699999983
1230,2.465528389,-0.0190819467522,-4.10556924504,-8.81627691535,0.143195283116,-0.00341731273658,0.00977491957648,0,0,0,0,0,0,0.051582,0.0986720000055,-0.343339999998,0.010367,0.0106520000001,-0.00471699999983
1231,2.467527929,-0.135676924936,-3.63946513692,-9.26809505159,0.138529386084,-0.00495012227766,0.00698470667435,0,0,0,0,0,0,0.051582,0.0986720000055,-0.343339999998,0.010367,0.0106520000001,-0.00471699999983
1232,2.469529182,0.219374958806,-3.72737102796,-9.03103438302,0.141809189205,-0.00306552215329,0.0103474680544,0,0,0,0,0,0,0.051582,0.0986720000055,-0.343339999998,0.010367,0.0106520000001,-0.00471699999983
1233,2.471574238,0.0366175213421,-3.81608057017,-8.9347856422,0.142906159336,-0.0127955735557,0.00446949458992,0,0,0,0,0,0,0.091582,0.0886720000066,-0.413339999999,0.007367,0.00765200000006,-0.00371699999988
1234,2.473525017,-0.136163419364,-4.073911703,-8.75937419289,0.150181999444,-0.0170006440369,1.32526625723e-05,0,0,0,0,0,0,0.091582,0.0886720000066,-0.413339999999,0.007367,0.00765200000006,-0.00371699999988
1235,2.475519338,0.130547124672,-3.95151684794,-8.92285580971,0.153899496415,-0.00689655543255,0.0101127508905,0,0,0,0,0,0,0.091582,0.0886720000066,-0.413339999999,0.007367,0.00765200000006,-0.00371699999988
1236,2.477515331,-0.389611471963,-4.35899256564,-8.82043138384,0.164311875376,-0.0310415631426,0.00533530196634,0,0,0,0,0,0,0.091582,0.0886720000066,-0.413339999999,0.007367,0.00765200000006,-0.00371699999988
1237,2.479523528,-0.531346734197,-3.81269675534,-9.42311361628,0.142941337413,-0.0298375477758,0.00751543684579,0,0,0,0,0,0,0.091582,0.0886720000055,-0.343339999999,0.004367,0.00665200000003,-0.00171699999989
1238,2.481523870,-0.0127329161968,-3.8996169301,-9.07584825437,0.146848556661,-0.0150918736669,-0.00415861797943,0,0,0,0,0,0,0.091582,0.0886720000055,-0.343339999999,0.004367,0.00665200000003,-0.00171699999989
1239,2.483519973,0.176248607842,-4.0895044801,-8.92960490695,0.15637295388,-0.0202855445074,0.00109604058861,0,0,0,0,0,0,0.091582,0.0886720000055,-0.343339999999,0.004367,0.00665200000003,-0.00171699999989
1240,2.485517119,-0.0654760972609,-4.11151249205,-8.99941548996,0.156815371476,-0.0201361329378,0.0131924447872,0,0,0,0,0,0,0.091582,0.0886720000055,-0.343339999999,0.004367,0.00665200000003,-0.00171699999989
1241,2.487524173,-0.338032163339,-3.96479754719,-9.34685914038,0.142669266537,-0.0112452891347,0.0161164038811,0,0,0,0,0,0,0.101582,0.0786720000049,-0.303338999999,0.006367,0.00765200000004,-0.00271699999988
1242,2.489522842,-0.586737978874,-3.64607376019,-9.38201071554,0.131518099136,-0.0186480592874,0.00462170640597,0,0,0,0,0,0,0.101582,0.0786720000049,-0.303338999999,0.006367,0.00765200000004,-0.00271699999988
1243,2.491517253,-0.0744484014382,-4.02439028356,-9.0975339637,0.140080886972,-0.0037653390329,0.00673609483559,0,0,0,0,0,0,0.101582,0.0786720000049,-0.303338999999,0.006367,0.00765200000004,-0.00271699999988
1244,2.493524909,0.203378387407,-3.95060132543,-8.97651881634,0.152225258918,-0.00454948885343,0.00564100631775,0,0,0,0,0,0,0.101582,0.0786720000049,-0.303338999999,0.006367,0.00765200000004,-0.00271699999988
1245,2.495538636,0.126135543431,-3.86919942749,-9.08505609321,0.146953651743,0.000199080083614,0.00146490944108,0,0,0,0,0,0,0.061582,0.108672000004,-0.273339999998,0.008367,0.0106520000001,-0.00571699999983
1246,2.497526805,-0.153336134162,-3.98324509437,-9.22579562507,0.151199964588,-0.0225815311908,0.0168809175507,0,0,0,0,0,0,0.061582,0.108672000004,-0.273339999998,0.008367,0.0106520000001,-0.00571699999983
1247,2.499527938,0.132640055504,-4.03264345204,-9.10743910104,0.149242713218,0.000610925258483,0.00807906894075,0,0,0,0,0,0,0.061582,0.108672000004,-0.273339999998,0.008367,0.0106520000001,-0.00571699999983
1248,2.501521727,0.0157691959917,-3.85227405571,-9.36878271448,0.141304801017,-0.00556658938888,0.00408751871586,0,0,0,0,0,0,0.061582,0.108672000004,-0.273339999998,0.008367,0.0106520000001,-0.00571699999983
1249,2.503584175,0.0581170065235,-3.94280032528,-9.17995925995,0.146256381017,-0.00247628134474,-0.00277036138096,0,0,0,0,0,0,0.071582,0.108672000004,-0.253339999998,0.005367,0.00965200000006,-0.00371699999985
1250,2.505536177,-0.981340106897,-3.92538551422,-9.19349139159,0.145627304026,-0.0394939133607,0.0116509560798,0,0,0,0,0,0,0.071582,0.108672000004,-0.253339999998,0.005367,0.00965200000006,-0.00371699999985
1251,2.507533523,0.556497255812,-3.98374003282,-8.91478796867,0.142131619443,0.00628312481179,0.00245872280652,0,0,0,0,0,0,0.071582,0.108672000004,-0.253339999998,0.005367,0.00965200000006,-0.00371699999985
1252,2.509516692,0.221009763124,-4.09702546261,-8.88853784999,0.151488362964,4.61881392198e-05,0.00886654058902,0,0,0,0,0,0,0.071582,0.108672000004,-0.253339999998,0.005367,0.00965200000006,-0.00371699999985
1253,2.511534116,0.336749976132,-4.07065298712,-9.21332856718,0.154189456905,0.00287765305448,0.00453926279746,0,0,0,0,0,0,0.131582,0.108672000003,-0.213340999998,-0.001633,0.00265200000003,-0.00171699999996
1254,2.513526403,-0.0283438700676,-4.45977964432,-8.67796745671,0.172556724376,-0.0220805192031,0.0134608245187,0,0,0,0,0,0,0.131582,0.108672000003,-0.213340999998,-0.001633,0.00265200000003,-0.00171699999996
1255,2.515519150,0.0873821267431,-4.06164356924,-8.74078835324,0.15479531329,-0.0226730013636,0.0169722568244,0,0,0,0,0,0,0.131582,0.108672000003,-0.213340999998,-0.001633,0.00265200000003,-0.00171699999996
1256,2.517517969,-0.27797975438,-4.37362811564,-8.65752994393,0.16888192142,-0.037100902888,0.0095095447519,0,0,0,0,0,0,0.131582,0.108672000003,-0.213340999998,-0.001633,0.00265200000003,-0.00171699999996
1257,2.519530294,0.13541548961,-4.35112864912,-8.52557192543,0.167450920349,-0.0171944084001,0.0151802686605,0,0,0,0,0,0,0.151582,0.168672000005,-0.283339999997,-0.003633,0.000652000000011,-0.00071699999999
1258,2.521533982,0.184653416405,-4.18192962648,-9.01688395712,0.138816769798,0.0120992900134,0.00594507471729,0,0,0,0,0,0,0.151582,0.168672000005,-0.283339999997,-0.003633,0.000652000000011,-0.00071699999999
1259,2.523522812,0.131135696299,-4.10231356731,-8.77804464326,0.153950790029,-0.00936854315732,0.0131000021557,0,0,0,0,0,0,0.151582,0.168672000005,-0.283339999997,-0.003633,0.000652000000011,-0.00071699999999
1260,2.525536469,-0.0425061067232,-3.82081925847,-9.12333986209,0.13688325891,-0.00171398577356,0.00390486509833,0,0,0,0,0,0,0.151582,0.168672000005,-0.283339999997,-0.003633,0.000652000000011,-0.00071699999999
1261,2.527533805,-0.363725153515,-4.33976767832,-9.34969953519,0.154677825761,-0.00331221038564,0.00876034539322,0,0,0,0,0,0,0.111582,0.138672000005,-0.303338999998,0.001367,0.00465200000003,-0.00171699999993
1262,2.529530189,0.152582717297,-3.81646027434,-9.17367106998,0.132991321447,0.0221658898101,0.00194353360667,0,0,0,0,0,0,0.111582,0.138672000005,-0.303338999998,0.001367,0.00465200000003,-0.00171699999993
1263,2.531530952,-0.455178265447,-4.26526518993,-9.52089125226,0.151645536725,0.000615159793013,0.00513220666545,0,0,0,0,0,0,0.111582,0.138672000005,-0.303338999998,0.001367,0.00465200000003,-0.00171699999993
1264,2.533519792,-0.329920581777,-3.9585392225,-9.17303476666,0.139248542881,-0.00894724529133,-0.00518134858051,0,0,0,0,0,0,0.111582,0.138672000005,-0.303338999998,0.001367,0.00465200000003,-0.00171699999993
1265,2.535533459,0.0190665472872,-4.03585735648,-8.99179407783,0.149003329472,0.00274910924246,0.0135714938265,0,0,0,0,0,0,0.101582,0.118672000001,-0.0933399999981,0.002367,0.00265200000003,-0.00171699999996
1266,2.537532729,-0.262571327444,-4.14530274189,-8.88896645342,0.146132662402,-0.00872226738816,0.00844183565949,0,0,0,0,0,0,0.101582,0.118672000001,-0.0933399999981,0.002367,0.00265200000003,-0.00171699999996
1267,2.539528562,0.129785199144,-4.00857874233,-8.98593340642,0.143920464546,0.0059864052497,0.0111123373187,0,0,0,0,0,0,0.101582,0.118672000001,-0.0933399999981,0.002367,0.00265200000003,-0.00171699999996
1268,2.541524005,0.254365470813,-4.26974105532,-8.79823266771,0.158915853599,-0.00389733679409,0.001403541014,0,0,0,0,0,0,0.101582,0.118672000001,-0.0933399999981,0.002367,0.00265200000003,-0.00171699999996
1269,2.543537411,-0.0487588794663,-4.12257428301,-8.85211325528,0.156615856892,-0.0168385772939,0.00832919246947,0,0,0,0,0,0,0.091582,0.128672000001,-0.0533389999979,0.002367,0.00265200000001,-0.000716999999958
1270,2.545560926,-0.728380599712,-3.88741120189,-8.8408262781,0.149348188193,-0.0308240067143,0.0116342555489,0,0,0,0,0,0,0.091582,0.128672000001,-0.0533389999979,0.002367,0.00265200000001,-0.000716999999958
1271,2.547577999,-0.213625553247,-3.97436711847,-8.75617524261,0.140139796422,-0.0111983930287,-0.00311423650085,0,0,0,0,0,0,0.091582,0.128672000001,-0.0533389999979,0.002367,0.00265200000001,-0.000716999999958
1272,2.549532104,0.360642738277,-3.87545618253,-8.91271523703,0.141941156623,0.000494490195999,0.0159085151267,0,0,0,0,0,0,0.091582,0.128672000001,-0.0533389999979,0.002367,0.00265200000001,-0.000716999999958
1273,2.551545561,0.0364526456625,-4.00281829333,-8.85665757849,0.147172124677,-0.0049414009537,0.00598237037873,0,0,0,0,0,0,0.131582,0.148672000001,-0.0933399999976,-0.004633,-0.00234800000002,0.00128299999996
1274,2.553526246,0.0641454061232,-4.03063254824,-8.78469550217,0.145927692293,-0.00980491655481,-0.00333982600464,0,0,0,0,0,0,0.131582,0.148672000001,-0.0933399999976,-0.004633,-0.00234800000002,0.00128299999996
1275,2.555526948,-0.50418526957,-4.38626834223,-9.07612750978,0.162199153153,-0.0182150468736,-0.00221852103819,0,0,0,0,0,0,0.131582,0.148672000001,-0.0933399999976,-0.004633,-0.00234800000002,0.00128299999996
1276,2.557515849,-0.197506767153,-4.19747970916,-8.82127736094,0.150891219528,-0.0119324705237,0.00625586205726,0,0,0,0,0,0,0.131582,0.148672000001,-0.0933399999976,-0.004633,-0.00234800000002,0.00128299999996
1277,2.559532331,-0.373774849591,-4.20887016436,-8.7931061175,0.148696355218,-0.0226409831781,-0.0038442403211,0,0,0,0,0,0,0.141582,0.148672000003,-0.203340999998,-0.002633,0.000652000000011,-0.00071699999999
1278,2.561525229,-0.304586857914,-3.78560360201,-8.81120858742,0.129161743001,-0.0104348079208,0.00528076314957,0,0,0,0,0,0,0.141582,0.148672000003,-0.203340999998,-0.002633,0.000652000000011,-0.00071699999999
1279,2.563513989,0.0579984737657,-3.8917072133,-9.18713161749,0.132575109606,-0.0100689506799,0.00920982259221,0,0,0,0,0,0,0.141582,0.148672000003,-0.203340999998,-0.002633,0.000652000000011,-0.00071699999999
1280,2.565520051,-0.0363164535846,-4.09710989602,-9.00290259236,0.151549626953,-0.00788155024654,0.0115544465128,0,0,0,0,0,0,0.141582,0.148672000003,-0.203340999998,-0.002633,0.000652000000011,-0.00071699999999
1281,2.567525192,0.0695005670091,-4.14778132747,-9.07672745215,0.149536865527,-0.0107487381945,0.00428386771631,0,0,0,0,0,0,0.111582,0.148672000002,-0.113339999998,-0.001633,0.00165200000001,-0.000716999999974
1282,2.569533679,-0.540367851165,-3.89306799453,-9.03143599801,0.136841199213,-0.01568088797,-0.00402376227829,0,0,0,0,0,0,0.111582,0.148672000002,-0.113339999998,-0.001633,0.00165200000001,-0.000716999999974
1283,2.571550742,0.455215134625,-3.57853615493,-9.33698261978,0.125290897879,0.00729350474586,-0.0049231467344,0,0,0,0,0,0,0.111582,0.148672000002,-0.113339999998,-0.001633,0.00165200000001,-0.000716999999974
1284,2.573510388,0.448877060554,-4.04995802747,-9.31066895727,0.13799314239,0.0118908829846,-0.00636396255371,0,0,0,0,0,0,0.111582,0.148672000002,-0.113339999998,-0.001633,0.00165200000001,-0.000716999999974
1285,2.575515058,-0.113298638031,-4.04091741066,-9.03666058282,0.143322502167,0.00666830931893,0.00336320715361,0,0,0,0,0,0,0.101582,0.108672,0.0266610000017,-0.001633,-0.000347999999989,-0.000717000000006
1286,2.577517874,-0.385298095469,-4.43347712415,-9.31302916607,0.159212473977,-0.0137009014512,0.00155639473552,0,0,0,0,0,0,0.101582,0.108672,0.0266610000017,-0.001633,-0.000347999999989,-0.000717000000006
1287,2.579514188,0.539513928358,-3.9624030207,-8.79140862766,0.154264417539,0.00351893801648,-0.00120899246137,0,0,0,0,0,0,0.101582,0.108672,0.0266610000017,-0.001633,-0.000347999999989,-0.000717000000006
1288,2.581503440,-0.00577265676079,-4.17398514716,-8.915099461,0.152796045769,-0.00639889142045,0.00706215458214,0,0,0,0,0,0,0.101582,0.108672,0.0266610000017,-0.001633,-0.000347999999989,-0.000717000000006
1289,2.583521074,-0.526714578447,-3.56193275902,-9.06720040511,0.134125390059,-0.0135170297574,-0.00189674425851,0,0,0,0,0,0,0.061582,0.0986719999996,0.0266610000016,0.003367,0.00665200000006,-0.00371699999989
1290,2.585519101,0.229341178654,-3.8684167957,-9.03697078992,0.132607096905,0.0127394135162,0.0113119601552,0,0,0,0,0,0,0.061582,0.0986719999996,0.0266610000016,0.003367,0.00665200000006,-0.00371699999989
1291,2.587535914,-0.596197307071,-3.83621865089,-9.28401854255,0.134930404048,-0.0229079741233,-0.00624348710109,0,0,0,0,0,0,0.061582,0.0986719999996,0.0266610000016,0.003367,0.00665200000006,-0.00371699999989
1292,2.589519284,-0.105684707719,-4.08952226017,-8.9316765458,0.155423336432,-0.00690411041874,0.00937959388152,0,0,0,0,0,0,0.061582,0.0986719999996,0.0266610000016,0.003367,0.00665200000006,-0.00371699999989
1293,2.591540765,-0.229732787716,-4.34011644293,-8.73866359847,0.166883433381,-0.0221741796104,0.0150046620081,0,0,0,0,0,0,0.081582,0.108672000003,-0.163339999998,0.003367,0.00565200000003,-0.00171699999991
1294,2.593534324,-0.180270231676,-3.99211859702,-8.81741303194,0.151720622239,-0.0151173070127,0.0106401162525,0,0,0,0,0,0,0.081582,0.108672000003,-0.163339999998,0.003367,0.00565200000003,-0.00171699999991
1295,2.595529687,0.00582231327328,-4.22383900212,-8.78213076725,0.155557764719,-0.0128473866164,0.00625443761969,0,0,0,0,0,0,0.081582,0.108672000003,-0.163339999998,0.003367,0.00565200000003,-0.00171699999991
1296,2.597514129,0.098671095818,-3.87270918736,-8.77475660758,0.1468891472,-0.0105469861032,0.00368801960984,0,0,0,0,0,0,0.081582,0.108672000003,-0.163339999998,0.003367,0.00565200000003,-0.00171699999991
1297,2.599534498,0.450269130434,-3.98708617654,-8.61032696159,0.158257440041,-0.00258348808755,0.0154677005768,0,0,0,0,0,0,0.101582,0.138672000003,-0.203340999998,0.000367,0.00365200000001,-0.000716999999942
1298,2.601528909,-0.738402901556,-4.45113947861,-8.54156468565,0.172897921564,-0.0295952691733,0.0004935501816,0,0,0,0,0,0,0.101582,0.138672000003,-0.203340999998,0.000367,0.00365200000001,-0.000716999999942
1299,2.603550481,0.0026638571901,-3.9026488908,-8.76105405214,0.14543200748,-0.00963976379689,0.0049974547438,0,0,0,0,0,0,0.101582,0.138672000003,-0.203340999998,0.000367,0.00365200000001,-0.000716999999942
1300,2.605528731,-0.0993782816741,-3.95068975019,-8.92461628703,0.152823842086,-0.0107101566199,-0.00261718727932,0,0,0,0,0,0,0.101582,0.138672000003,-0.203340999998,0.000367,0.00365200000001,-0.000716999999942
1301,2.607540955,-0.456657075778,-4.1438983713,-8.84093966478,0.153206640881,-0.0168060520887,0.00919227331984,0,0,0,0,0,0,0.051582,0.108671999997,0.176661000002,0.002367,0.00365200000001,-0.000716999999942
1302,2.609527341,0.159192411104,-4.22142842708,-9.1536889775,0.15217096897,-0.00645510327347,-0.000828933936194,0,0,0,0,0,0,0.051582,0.108671999997,0.176661000002,0.002367,0.00365200000001,-0.000716999999942
1303,2.611522132,-0.505672094694,-3.99570924655,-9.0935972076,0.139996350627,-0.0185014580179,0.000206936237369,0,0,0,0,0,0,0.051582,0.108671999997,0.176661000002,0.002367,0.00365200000001,-0.000716999999942
1304,2.613518186,-0.132459294716,-4.14325263192,-9.06658189749,0.145498248396,-0.00528165180278,0.00536149225316,0,0,0,0,0,0,0.051582,0.108671999997,0.176661000002,0.002367,0.00365200000001,-0.000716999999942
1305,2.615535078,-0.402881103256,-3.98313562401,-9.29905857257,0.138526953969,-0.00470783502125,0.00486763888877,0,0,0,0,0,0,0.051582,0.128672000002,-0.123340999998,0.006367,0.00865200000006,-0.00371699999986
1306,2.617525051,-0.173872581813,-3.82254577135,-8.9300119447,0.144699425357,-0.0199301748373,0.0116434385251,0,0,0,0,0,0,0.051582,0.128672000002,-0.123340999998,0.006367,0.00865200000006,-0.00371699999986
1307,2.619536964,-0.315405893223,-3.40841305776,-9.10090559966,0.136215844559,-0.0147584246693,0.000284409104341,0,0,0,0,0,0,0.051582,0.128672000002,-0.123340999998,0.006367,0.00865200000006,-0.00371699999986
1308,2.621518401,0.036638749654,-3.82343789348,-8.92564180629,0.14853613045,-0.000470582736584,0.000159640392138,0,0,0,0,0,0,0.051582,0.128672000002,-0.123340999998,0.006367,0.00865200000006,-0.00371699999986
1309,2.623535644,-0.311409611484,-3.94678996502,-8.79941774764,0.156044171967,-0.0155684409055,0.013455036185,0,0,0,0,0,0,0.111582,0.138672000001,-0.0733389999978,0.000367,0.002652,0.000283000000042
1310,2.625529003,-0.509775114644,-4.17165667154,-9.19879080828,0.158248654933,-0.0166082477379,0.00337916302428,0,0,0,0,0,0,0.111582,0.138672000001,-0.0733389999978,0.000367,0.002652,0.000283000000042
1311,2.627528323,0.0708276614554,-3.7968914061,-9.01827023633,0.14093286707,-0.00928468444369,0.0145201427593,0,0,0,0,0,0,0.111582,0.138672000001,-0.0733389999978,0.000367,0.002652,0.000283000000042
1312,2.629520319,-0.339281611292,-3.94134193138,-9.14811502149,0.132308541289,-0.00393907742255,0.00131659149418,0,0,0,0,0,0,0.111582,0.138672000001,-0.0733389999978,0.000367,0.002652,0.000283000000042
1313,2.631528786,-0.232772590596,-4.23732369901,-9.11410933253,0.147789822212,-0.00839449796781,0.0118493807835,0,0,0,0,0,0,0.091582,0.148672000001,-0.0433409999976,0.001367,0.00265200000003,-0.00171699999996
1314,2.633535249,-0.163117426276,-3.57263107912,-8.89388700648,0.134084919263,-0.00317285412324,0.00146998724998,0,0,0,0,0,0,0.091582,0.148672000001,-0.0433409999976,0.001367,0.00265200000003,-0.00171699999996
1315,2.635522807,-0.481281541967,-4.2356044135,-8.8108031619,0.150033684907,-0.0146222110413,0.0107350252792,0,0,0,0,0,0,0.091582,0.148672000001,-0.0433409999976,0.001367,0.00265200000003,-0.00171699999996
1316,2.637527757,-0.254295094168,-3.78664694387,-8.96673717345,0.150068086404,-0.0253128128703,0.000285284046567,0,0,0,0,0,0,0.091582,0.148672000001,-0.0433409999976,0.001367,0.00265200000003,-0.00171699999996
1317,2.639533640,-0.401349050117,-4.20002771004,-9.11077360466,0.162775089636,-0.0173791303607,0.0199095349922,0,0,0,0,0,0,0.101582,0.118672000001,-0.0533389999981,0.001367,0.00365200000003,-0.00171699999994
1318,2.641532569,-0.0859624658755,-3.49211336492,-9.18797267559,0.118292922293,-0.00686047024346,-0.000314341255367,0,0,0,0,0,0,0.101582,0.118672000001,-0.0533389999981,0.001367,0.00365200000003,-0.00171699999994
1319,2.643524905,-0.13081422527,-3.8266460938,-9.47846956182,0.136871259043,-0.00305575429904,-0.00830123573695,0,0,0,0,0,0,0.101582,0.118672000001,-0.0533389999981,0.001367,0.00365200000003,-0.00171699999994
1320,2.645521921,-0.420256000631,-3.85721386006,-9.23956071422,0.142369709092,-0.024519049522,0.00252094005666,0,0,0,0,0,0,0.101582,0.118672000001,-0.0533389999981,0.001367,0.00365200000003,-0.00171699999994
1321,2.647572828,-0.228428386832,-4.10198212676,-8.70679218203,0.151383474594,-0.016780656542,0.0127461946923,0,0,0,0,0,0,0.071582,0.128672000001,-0.0733389999979,0.001367,0.00365200000003,-0.00171699999994
1322,2.649534217,0.31336972718,-3.80299352144,-8.61837635879,0.140122874,0.00196310746116,-0.00318830222173,0,0,0,0,0,0,0.071582,0.128672000001,-0.0733389999979,0.001367,0.00365200000003,-0.00171699999994
1323,2.651534889,-0.337891700242,-4.11581517489,-9.00362754802,0.143756488239,-0.0160282667766,0.00368905578459,0,0,0,0,0,0,0.071582,0.128672000001,-0.0733389999979,0.001367,0.00365200000003,-0.00171699999994
1324,2.653527536,0.0553939455548,-4.1782660036,-8.9242266894,0.147482398513,-0.000883920085338,0.00941792750022,0,0,0,0,0,0,0.071582,0.128672000001,-0.0733389999979,0.001367,0.00365200000003,-0.00171699999994
1325,2.655536534,-0.283295073105,-3.80714222572,-9.09969493764,0.131699741215,-0.0121123370851,-0.00130225878454,0,0,0,0,0,0,0.081582,0.138672000003,-0.163339999998,0.002367,0.00565200000004,-0.00271699999991
1326,2.657530304,-0.447362652903,-4.19090589511,-9.1816866281,0.146635251701,-0.0116779225093,0.00498872101218,0,0,0,0,0,0,0.081582,0.138672000003,-0.163339999998,0.002367,0.00565200000004,-0.00271699999991
1327,2.659526748,0.266062500449,-4.23508089762,-8.78801550491,0.147752364958,0.00926043332379,0.0114974215275,0,0,0,0,0,0,0.081582,0.138672000003,-0.163339999998,0.002367,0.00565200000004,-0.00271699999991
1328,2.661523032,0.11351729734,-4.03741498134,-8.97374444973,0.136356851382,0.0105204391632,-0.0024597665684,0,0,0,0,0,0,0.081582,0.138672000003,-0.163339999998,0.002367,0.00565200000004,-0.00271699999991
1329,2.663574650,0.0674557059501,-4.01122599382,-9.334432476,0.133312109782,0.0126394545404,-0.00583508734003,0,0,0,0,0,0,0.101582,0.128672000001,-0.0833399999979,-0.003633,0.000651999999995,0.00028300000001
1330,2.665550617,0.346017415873,-4.13062202498,-9.45087759172,0.14601137532,0.00297074508352,0.0061883549571,0,0,0,0,0,0,0.101582,0.128672000001,-0.0833399999979,-0.003633,0.000651999999995,0.00028300000001
1331,2.667550638,-0.379765636584,-4.19178867988,-9.32428247694,0.143246071716,-0.00359916261526,0.00611341085706,0,0,0,0,0,0,0.101582,0.128672000001,-0.0833399999979,-0.003633,0.000651999999995,0.00028300000001
1332,2.669556400,0.111933303349,-3.89492957964,-8.9226937835,0.137819657412,-0.00334253575185,0.00876193523216,0,0,0,0,0,0,0.101582,0.128672000001,-0.0833399999979,-0.003633,0.000651999999995,0.00028300000001
1333,2.671580656,-0.306360051486,-3.70296343915,-9.03886232675,0.127833386629,-0.0107882540861,0.00309912524139,0,0,0,0,0,0,0.091582,0.138672000004,-0.223338999998,0.000367,0.00465200000003,-0.00171699999993
1334,2.673606736,-0.418454844776,-3.99944785944,-9.25605251801,0.13303041736,-0.00564845792568,-0.00335289752046,0,0,0,0,0,0,0.091582,0.138672000004,-0.223338999998,0.000367,0.00465200000003,-0.00171699999993
1335,2.675559118,-0.652242312499,-4.0848274424,-9.12944755587,0.143228841304,-0.0167969279039,0.00250931858083,0,0,0,0,0,0,0.091582,0.138672000004,-0.223338999998,0.000367,0.00465200000003,-0.00171699999993
1336,2.677561243,-0.315182119256,-4.12315465063,-8.95728452947,0.155010548118,-0.013384666145,0.00847085544503,0,0,0,0,0,0,0.091582,0.138672000004,-0.223338999998,0.000367,0.00465200000003,-0.00171699999993
1337,2.679568729,-0.13580142921,-4.12314596705,-9.07300618322,0.145162673979,-0.00177030988001,0.00501514447765,0,0,0,0,0,0,0.111582,0.128672000002,-0.113339999998,0.000367,0.00365200000003,-0.00171699999994
1338,2.681551267,-0.397873528151,-4.35318991875,-9.02161818843,0.153214642565,-0.0144921386629,0.00280515873179,0,0,0,0,0,0,0.111582,0.128672000002,-0.113339999998,0.000367,0.00365200000003,-0.00171699999994
1339,2.683550667,-0.11964491149,-3.61136828652,-9.0734623314,0.139402249167,-0.00855160127395,-0.0080893061759,0,0,0,0,0,0,0.111582,0.128672000002,-0.113339999998,0.000367,0.00365200000003,-0.00171699999994
1340,2.685557732,-0.319976599216,-3.88797669803,-9.2355208595,0.127854787405,0.00255967936967,0.000864156692641,0,0,0,0,0,0,0.111582,0.128672000002,-0.113339999998,0.000367,0.00365200000003,-0.00171699999994
1341,2.687570787,-0.269487309514,-3.98824271045,-9.44026723239,0.130713461969,0.0108138950563,0.00607857225546,0,0,0,0,0,0,0.081582,0.118671999999,0.0566600000019,-0.000633,0.001652,0.000283000000026
1342,2.689555760,-0.217552820751,-3.76083193289,-9.15116694625,0.123175460437,0.0116822931481,-0.00178163223884,0,0,0,0,0,0,0.081582,0.118671999999,0.0566600000019,-0.000633,0.001652,0.000283000000026
1343,2.691554179,-0.440681699856,-4.04312151799,-9.47937132389,0.125749293575,-0.00712196956534,-0.000250231352297,0,0,0,0,0,0,0.081582,0.118671999999,0.0566600000019,-0.000633,0.001652,0.000283000000026
1344,2.693553128,-0.0897847170884,-3.97325801186,-9.57325182509,0.126617849774,0.0208213423004,-0.00562508483235,0,0,0,0,0,0,0.081582,0.118671999999,0.0566600000019,-0.000633,0.001652,0.000283000000026
1345,2.695564260,0.0713328286056,-3.82136910943,-9.2752358418,0.131520896198,0.00751532325527,0.00146007150191,0,0,0,0,0,0,0.101582,0.118672,0.0266610000019,0.000367,0.00165200000001,-0.000716999999974
1346,2.697575622,0.0167110086439,-3.67908405946,-9.38100806009,0.130603597752,0.00450932704907,0.00754569610941,0,0,0,0,0,0,0.101582,0.118672,0.0266610000019,0.000367,0.00165200000001,-0.000716999999974
1347,2.699548172,-0.0717781638516,-4.17882291138,-9.6106778309,0.145688134442,0.00531334233111,0.00208878714562,0,0,0,0,0,0,0.101582,0.118672,0.0266610000019,0.000367,0.00165200000001,-0.000716999999974
1348,2.701571446,-0.392495886353,-3.83495374468,-9.71303955685,0.126154241741,0.0083897549639,-0.00696422977413,0,0,0,0,0,0,0.101582,0.118672,0.0266610000019,0.000367,0.00165200000001,-0.000716999999974
1349,2.703598518,0.0175393968986,-4.09168690489,-9.10545031065,0.144915107111,-0.0029661425872,-0.0108771131666,0,0,0,0,0,0,0.151582,0.128672000001,-0.0933399999979,-0.005633,-0.002348,0.000282999999962
1350,2.705555990,-0.403014160047,-3.94278301082,-9.47041124086,0.132433988724,-0.00924540521064,0.000469995989314,0,0,0,0,0,0,0.151582,0.128672000001,-0.0933399999979,-0.005633,-0.002348,0.000282999999962
1351,2.707553978,0.230803685961,-4.0935058407,-9.21902739202,0.159648871698,-0.00901091365848,0.0111972906451,0,0,0,0,0,0,0.151582,0.128672000001,-0.0933399999979,-0.005633,-0.002348,0.000282999999962
1352,2.709544511,-0.321373501679,-3.99247218614,-9.3100499821,0.141106453237,-0.00112063591657,0.0051802702496,0,0,0,0,0,0,0.151582,0.128672000001,-0.0933399999979,-0.005633,-0.002348,0.000282999999962
1353,2.711563237,-0.0185151660121,-4.10711498907,-8.84356750115,0.148519287351,-0.00102462272972,0.00804186096793,0,0,0,0,0,0,0.131582,0.148672000002,-0.113339999998,-0.004633,-0.001348,0.000282999999978
1354,2.713560734,0.00175239422728,-4.10636267908,-9.03875779302,0.153019930095,-0.00640106054755,0.0103708297669,0,0,0,0,0,0,0.131582,0.148672000002,-0.113339999998,-0.004633,-0.001348,0.000282999999978
1355,2.715554493,-0.233828882066,-3.7044412697,-9.04896499967,0.141638443011,-0.0217759399191,0.00265552623798,0,0,0,0,0,0,0.131582,0.148672000002,-0.113339999998,-0.004633,-0.001348,0.000282999999978
1356,2.717544736,-0.0232722194087,-3.86945366194,-9.49473957217,0.135728463782,0.00875919104264,-0.000566522204366,0,0,0,0,0,0,0.131582,0.148672000002,-0.113339999998,-0.004633,-0.001348,0.000282999999978
1357,2.719544196,-0.22093768145,-3.84540879711,-9.19986471767,0.144073633269,-0.0150787579075,0.00355330558986,0,0,0,0,0,0,0.141582,0.0886720000009,-0.0533389999986,-0.002633,-0.001348,0.000282999999978
1358,2.721565407,0.611122313312,-3.92782808824,-9.08360030534,0.142923856035,0.00911157796957,0.00115598523853,0,0,0,0,0,0,0.141582,0.0886720000009,-0.0533389999986,-0.002633,-0.001348,0.000282999999978
1359,2.723547845,0.555329801918,-3.67811584886,-9.21367100984,0.136037817277,0.00193582578919,0.00470234923294,0,0,0,0,0,0,0.141582,0.0886720000009,-0.0533389999986,-0.002633,-0.001348,0.000282999999978
1360,2.725550521,-0.169078170965,-3.87414812472,-9.25217483678,0.148090485037,-0.0169079310254,0.00677054382624,0,0,0,0,0,0,0.141582,0.0886720000009,-0.0533389999986,-0.002633,-0.001348,0.000282999999978
1361,2.727549871,0.0282866346711,-3.91478010121,-8.92881154133,0.142199674842,-0.00110471033494,0.00824639712027,0,0,0,0,0,0,0.071582,0.0886720000018,-0.113339999999,0.003367,0.00665200000004,-0.00271699999989
1362,2.729570812,-0.213871201224,-3.86509634979,-8.68987764085,0.148299347012,-0.0129072976325,-0.00200879592267,0,0,0,0,0,0,0.071582,0.0886720000018,-0.113339999999,0.003367,0.00665200000004,-0.00271699999989
1363,2.731575271,-0.170367244693,-3.94613856703,-8.97441786047,0.135229571479,-0.00842336890743,0.00370144392923,0,0,0,0,0,0,0.071582,0.0886720000018,-0.113339999999,0.003367,0.00665200000004,-0.00271699999989
1364,2.733567117,-0.0799865528406,-3.83512838572,-9.1399795954,0.133707016112,-0.00135460360259,0.0015169315099,0,0,0,0,0,0,0.071582,0.0886720000018,-0.113339999999,0.003367,0.00665200000004,-0.00271699999989
1365,2.735576696,-0.123479521768,-3.89427143026,-9.14280226118,0.139837404365,-0.00893454190536,0.00530656555151,0,0,0,0,0,0,0.101582,0.0686720000044,-0.273339999999,0.004367,0.00565200000008,-0.00471699999991
1366,2.737574363,-0.38609224402,-3.87467499542,-9.66307167879,0.131468083925,-0.0110928813436,-0.00148623982919,0,0,0,0,0,0,0.101582,0.0686720000044,-0.273339999999,0.004367,0.00565200000008,-0.00471699999991
1367,2.739547504,-0.557456832544,-3.9295471309,-9.66364935909,0.128800530567,-0.0100099925507,-0.00173925289635,0,0,0,0,0,0,0.101582,0.0686720000044,-0.273339999999,0.004367,0.00565200000008,-0.00471699999991
1368,2.741543267,-0.144619950213,-3.79970259317,-9.64379428873,0.120198827588,0.00148177600574,0.00201011159304,0,0,0,0,0,0,0.101582,0.0686720000044,-0.273339999999,0.004367,0.00565200000008,-0.00471699999991
1369,2.743549881,0.0387277034301,-3.49532838646,-9.40186279391,0.115674441694,-0.00193413107636,0.00362051646018,0,0,0,0,0,0,0.081582,0.128672000004,-0.253339999998,0.004367,0.00765200000004,-0.00271699999988
1370,2.745549270,-0.503460308099,-3.86785084385,-9.72662351615,0.123011479944,0.0121770385286,-0.00964541712824,0,0,0,0,0,0,0.081582,0.128672000004,-0.253339999998,0.004367,0.00765200000004,-0.00271699999988
1371,2.747591962,0.0997598458161,-3.70558466363,-9.49166956259,0.124351446127,0.0118146919917,-0.00581641505079,0,0,0,0,0,0,0.081582,0.128672000004,-0.253339999998,0.004367,0.00765200000004,-0.00271699999988
1372,2.749574791,-0.101501766192,-3.92801462297,-9.41810475101,0.135272435296,-0.000576734794145,-0.00144473414481,0,0,0,0,0,0,0.081582,0.128672000004,-0.253339999998,0.004367,0.00765200000004,-0.00271699999988
1373,2.751568601,-0.28350200272,-3.65353836332,-9.32221251036,0.129890147616,-0.0136646339876,0.00737217617042,0,0,0,0,0,0,0.011582,0.128672000005,-0.283339999998,0.012367,0.0156520000001,-0.00871699999975
1374,2.753574072,-0.112525981496,-4.12024137508,-8.76915547411,0.153373223839,-0.021828788059,0.0171315408966,0,0,0,0,0,0,0.011582,0.128672000005,-0.283339999998,0.012367,0.0156520000001,-0.00871699999975
1375,2.755558173,0.0256288742719,-3.677683726,-9.1310981135,0.136282634872,-0.00557789127351,0.0021864239972,0,0,0,0,0,0,0.011582,0.128672000005,-0.283339999998,0.012367,0.0156520000001,-0.00871699999975
1376,2.757553486,-0.358561709969,-3.92708060811,-8.99790381775,0.142512528997,-0.021923487384,0.00520185344208,0,0,0,0,0,0,0.011582,0.128672000005,-0.283339999998,0.012367,0.0156520000001,-0.00871699999975
1377,2.759561652,-0.234110437855,-3.96674189172,-8.91427165934,0.149473096548,-0.017896271614,0.00533148790652,0,0,0,0,0,0,-0.028418,0.118672000006,-0.363339999998,0.013367,0.0176520000001,-0.00871699999972
1378,2.761569939,-0.634065912618,-4.01177570457,-8.95193978614,0.151491735489,-0.0262299888927,0.0117752973459,0,0,0,0,0,0,-0.028418,0.118672000006,-0.363339999998,0.013367,0.0176520000001,-0.00871699999972
1379,2.763559230,-0.304224345783,-4.24280348901,-8.74122617508,0.169336971731,-0.0369639023087,0.00889900249337,0,0,0,0,0,0,-0.028418,0.118672000006,-0.363339999998,0.013367,0.0176520000001,-0.00871699999972
1380,2.765557748,0.245218497519,-4.25172844576,-8.58586867152,0.165560660135,-0.0219949450552,0.013890065104,0,0,0,0,0,0,-0.028418,0.118672000006,-0.363339999998,0.013367,0.0176520000001,-0.00871699999972
1381,2.767557679,-0.423369421732,-3.74326043925,-9.01998183681,0.148802099095,-0.0253140817189,0.000632504987029,0,0,0,0,0,0,0.071582,0.138672000001,-0.0633389999978,0.000367,0.00465200000003,-0.00171699999993
1382,2.769567248,0.166779878645,-4.20249003156,-9.05435893277,0.160155199806,-0.0157158749304,0.0125993976825,0,0,0,0,0,0,0.071582,0.138672000001,-0.0633389999978,0.000367,0.00465200000003,-0.00171699999993
1383,2.771605221,0.0822457503403,-3.90116527292,-9.1042915092,0.148798276017,-0.0114235177686,0.0027617768897,0,0,0,0,0,0,0.071582,0.138672000001,-0.0633389999978,0.000367,0.00465200000003,-0.00171699999993
1384,2.773594973,0.32613914786,-3.70382706148,-8.73887276238,0.136775281157,-0.00910173373435,0.00609018987692,0,0,0,0,0,0,0.071582,0.138672000001,-0.0633389999978,0.000367,0.00465200000003,-0.00171699999993
1385,2.775552043,-0.0898110960864,-4.14590120327,-9.10776244251,0.157156208625,-0.0102627224206,0.00458490613632,0,0,0,0,0,0,0.081582,0.138672000001,-0.0833399999978,0.000367,0.002652,0.000283000000042
1386,2.777534772,-0.0365868729643,-4.07703393307,-9.27592657129,0.143897070475,-0.00909286520037,-0.000845206880535,0,0,0,0,0,0,0.081582,0.138672000001,-0.0833399999978,0.000367,0.002652,0.000283000000042
1387,2.779534232,-0.187006723046,-4.16231108646,-9.14311465098,0.147775555599,-0.00863594413487,0.00290572156828,0,0,0,0,0,0,0.081582,0.138672000001,-0.0833399999978,0.000367,0.002652,0.000283000000042
1388,2.781531108,0.272279843408,-3.97645274745,-9.17584112155,0.15120109256,-0.0115225368757,0.00581413537467,0,0,0,0,0,0,0.081582,0.138672000001,-0.0833399999978,0.000367,0.002652,0.000283000000042
1389,2.783536078,-0.747393288209,-4.14887669963,-8.55897895781,0.154406781858,-0.0344341836907,0.00835995902011,0,0,0,0,0,0,0.021582,0.108672000002,-0.123340999998,0.009367,0.010652,-0.00271699999983
1390,2.785542271,-0.500614233191,-3.93856878551,-9.23497333161,0.144321241264,-0.0260332907956,0.013935552893,0,0,0,0,0,0,0.021582,0.108672000002,-0.123340999998,0.009367,0.010652,-0.00271699999983
1391,2.787531502,-0.341234684936,-4.10637588437,-9.10228571179,0.150009888506,-0.0258364949068,0.00792035408078,0,0,0,0,0,0,0.021582,0.108672000002,-0.123340999998,0.009367,0.010652,-0.00271699999983
1392,2.789527846,-0.314554385327,-4.22041133806,-8.915366835,0.159800464915,-0.0311330726707,0.00989780729332,0,0,0,0,0,0,0.021582,0.108672000002,-0.123340999998,0.009367,0.010652,-0.00271699999983
1393,2.791539309,-0.0478896800225,-3.84154612702,-8.81314212054,0.160486592629,-0.0274360437891,0.0146687495944,0,0,0,0,0,0,0.041582,0.0886719999991,0.0566600000014,0.006367,0.00765200000004,-0.00271699999988
1394,2.793528870,0.120816966145,-4.08318657987,-8.54603368029,0.16249602454,-0.0167408533629,0.00717756123475,0,0,0,0,0,0,0.041582,0.0886719999991,0.0566600000014,0.006367,0.00765200000004,-0.00271699999988
1395,2.795528882,-0.162905126343,-3.92629129269,-8.63073634608,0.155585878493,-0.0166151599585,0.00984376909578,0,0,0,0,0,0,0.041582,0.0886719999991,0.0566600000014,0.006367,0.00765200000004,-0.00271699999988
1396,2.797520778,0.174695953225,-3.62860258608,-8.53161749057,0.151330766975,-0.0180776041782,0.0156420890434,0,0,0,0,0,0,0.041582,0.0886719999991,0.0566600000014,0.006367,0.00765200000004,-0.00271699999988
1397,2.799561886,-0.116300443377,-3.90411049142,-9.16659139606,0.143881989533,-0.00999459844477,0.00449835871418,0,0,0,0,0,0,0.131582,0.118672000002,-0.103339999998,-0.001633,0.000652000000011,-0.00071699999999
1398,2.801539776,-0.0309166903875,-4.02290024769,-9.23956164751,0.150084709797,-0.0135502094558,-0.000750152715429,0,0,0,0,0,0,0.131582,0.118672000002,-0.103339999998,-0.001633,0.000652000000011,-0.00071699999999
1399,2.803566567,-0.297321246159,-4.07591265018,-8.89631337601,0.151099665554,-0.0274459264427,0.00490347501799,0,0,0,0,0,0,0.131582,0.118672000002,-0.103339999998,-0.001633,0.000652000000011,-0.00071699999999
1400,2.805528947,-0.00796449968902,-3.63533458518,-9.55981319249,0.14040181227,-0.0106569550559,0.010794553659,0,0,0,0,0,0,0.131582,0.118672000002,-0.103339999998,-0.001633,0.000652000000011,-0.00071699999999
1401,2.807536693,-0.331487301743,-4.33982751552,-9.08341746207,0.158137205223,-0.0102493187917,0.0128055279242,0,0,0,0,0,0,0.061582,0.0886719999997,0.0166610000014,0.001367,0.00365200000001,-0.000716999999942
1402,2.809536323,0.0836745891223,-3.9096549295,-8.94459790685,0.14056937169,-0.00071182672346,0.00724652204421,0,0,0,0,0,0,0.061582,0.0886719999997,0.0166610000014,0.001367,0.00365200000001,-0.000716999999942
1403,2.811525214,-0.117180038814,-3.62938252009,-9.1736791296,0.129687984115,-0.00882323813692,0.000176014509127,0,0,0,0,0,0,0.061582,0.0886719999997,0.0166610000014,0.001367,0.00365200000001,-0.000716999999942
1404,2.813518863,-0.209611255199,-3.79362913219,-9.27383332483,0.130921940343,-0.0128504341646,0.00347868801965,0,0,0,0,0,0,0.061582,0.0886719999997,0.0166610000014,0.001367,0.00365200000001,-0.000716999999942
1405,2.815528934,0.091490737079,-3.91471729272,-8.94474226069,0.148796464527,-0.00769537185966,0.00856601061548,0,0,0,0,0,0,0.121582,0.118671999997,0.166660000002,-0.005633,-0.00334800000004,0.00228299999995
1406,2.817528003,0.00395061568545,-3.80399763093,-9.01460365112,0.13821039829,-0.0077699307055,0.00799592038439,0,0,0,0,0,0,0.121582,0.118671999997,0.166660000002,-0.005633,-0.00334800000004,0.00228299999995
1407,2.819524497,-0.214327531845,-4.1739219553,-9.2640124812,0.156539628338,-0.0183130130098,0.0113854758983,0,0,0,0,0,0,0.121582,0.118671999997,0.166660000002,-0.005633,-0.00334800000004,0.00228299999995
1408,2.821521363,-0.011069593671,-3.78868394342,-9.12685529386,0.142622155905,-0.00887814902241,0.00278749114838,0,0,0,0,0,0,0.121582,0.118671999997,0.166660000002,-0.005633,-0.00334800000004,0.00228299999995
1409,2.823535851,-0.375890910812,-4.30498628939,-9.25228465354,0.156751415531,-0.0174344568974,0.00247309549452,0,0,0,0,0,0,0.151582,0.128671999999,0.0566600000021,-0.005633,-0.00334800000004,0.00228299999995
1410,2.825535431,-0.470639367376,-3.73526293465,-9.11564343528,0.133920296895,-0.015112867846,-0.00113944510955,0,0,0,0,0,0,0.151582,0.128671999999,0.0566600000021,-0.005633,-0.00334800000004,0.00228299999995
1411,2.827524923,-0.299554366413,-3.92395104213,-9.11807651902,0.14553992768,-0.0181863429007,0.0158870776651,0,0,0,0,0,0,0.151582,0.128671999999,0.0566600000021,-0.005633,-0.00334800000004,0.00228299999995
1412,2.829515286,0.0526924091244,-3.53148748741,-9.25655887003,0.133342732672,-0.0042345873808,0.0170482122295,0,0,0,0,0,0,0.151582,0.128671999999,0.0566600000021,-0.005633,-0.00334800000004,0.00228299999995
1413,2.831527840,-0.424695311157,-3.69932143434,-9.27177964532,0.136435232316,-0.0118770680116,0.00759199470445,0,0,0,0,0,0,0.131582,0.148672,-0.0133399999976,-0.005633,-0.00334800000005,0.00328299999995
1414,2.833532400,-0.369235813422,-3.89082886092,-9.26070402488,0.135531363641,-0.0220674361914,0.00759423771438,0,0,0,0,0,0,0.131582,0.148672,-0.0133399999976,-0.005633,-0.00334800000005,0.00328299999995
1415,2.835524607,0.480383870252,-3.48646369199,-9.2868526648,0.129795274495,-0.00205872316403,-0.00177499632157,0,0,0,0,0,0,0.131582,0.148672,-0.0133399999976,-0.005633,-0.00334800000005,0.00328299999995
1416,2.837530089,-0.00253366080534,-4.05862791593,-9.28671973245,0.151679535423,-0.00259620658463,0.0143997272338,0,0,0,0,0,0,0.131582,0.148672,-0.0133399999976,-0.005633,-0.00334800000005,0.00328299999995
1417,2.839536261,-0.366543276536,-4.00738216911,-9.13427895205,0.151854938785,-0.0132359385306,0.00357862774511,0,0,0,0,0,0,0.131582,0.128672,0.00666000000206,-0.006633,-0.00434800000005,0.00328299999993
1418,2.841535351,-0.352069298449,-3.98822038218,-8.92073926146,0.152542808736,-0.0277103044546,0.00466987450121,0,0,0,0,0,0,0.131582,0.128672,0.00666000000206,-0.006633,-0.00434800000005,0.00328299999993
1419,2.843535041,-0.370563326195,-4.30658603806,-8.86536524708,0.162431543151,-0.025692912244,0.0108489169201,0,0,0,0,0,0,0.131582,0.128672,0.00666000000206,-0.006633,-0.00434800000005,0.00328299999993
1420,2.845527518,-0.534110746601,-4.55115367348,-9.01968353601,0.17196698032,-0.0268254770307,0.0061007054879,0,0,0,0,0,0,0.131582,0.128672,0.00666000000206,-0.006633,-0.00434800000005,0.00328299999993
1421,2.847552486,-0.304706360083,-3.77705537431,-8.87084619471,0.148617269947,-0.0312115096416,0.00403994993393,0,0,0,0,0,0,0.081582,0.0786719999991,0.0566600000013,0.000367,0.000651999999979,0.00128300000001
1422,2.849558388,-0.591829936442,-3.67400895071,-9.30423250093,0.125131257971,-0.0134921095123,0.00917722142457,0,0,0,0,0,0,0.081582,0.0786719999991,0.0566600000013,0.000367,0.000651999999979,0.00128300000001
1423,2.851517793,-0.0236377233042,-3.83914077454,-8.86647133077,0.144996147439,-0.0159848169905,0.00800247057342,0,0,0,0,0,0,0.081582,0.0786719999991,0.0566600000013,0.000367,0.000651999999979,0.00128300000001
1424,2.853529757,-0.52603510421,-3.85050298671,-8.70871179342,0.161122652485,-0.0363568370606,0.0119603301053,0,0,0,0,0,0,0.081582,0.0786719999991,0.0566600000013,0.000367,0.000651999999979,0.00128300000001
1425,2.855533395,-0.0114102566041,-4.13331136508,-8.54467009143,0.157783827685,-0.0219036573039,0.00752022120835,0,0,0,0,0,0,0.101582,0.108671999998,0.136660000002,0.000367,-0.000348000000005,0.000282999999994
1426,2.857531853,0.00280912516163,-4.03116142567,-8.81547785828,0.160187401118,-0.0261606664515,0.0163538591368,0,0,0,0,0,0,0.101582,0.108671999998,0.136660000002,0.000367,-0.000348000000005,0.000282999999994
1427,2.859541863,-0.410891696115,-4.02203360741,-9.02553022115,0.156483026623,-0.0251431125653,0.0101493170022,0,0,0,0,0,0,0.101582,0.108671999998,0.136660000002,0.000367,-0.000348000000005,0.000282999999994
1428,2.861520044,0.088173647062,-3.88624772449,-8.78838617673,0.151043385577,-0.0311708971268,0.00177141942973,0,0,0,0,0,0,0.101582,0.108671999998,0.136660000002,0.000367,-0.000348000000005,0.000282999999994
1429,2.863534852,-0.199487927556,-3.98402896653,-8.9532544085,0.155904393509,-0.0199536281702,0.0143541936303,0,0,0,0,0,0,0.151582,0.128671999999,0.0366590000021,-0.004633,-0.00334800000002,0.00128299999995
1430,2.865529744,-0.0798036722273,-3.73688176972,-9.41587484279,0.137027540473,-0.0127798178341,0.0106521388239,0,0,0,0,0,0,0.151582,0.128671999999,0.0366590000021,-0.004633,-0.00334800000002,0.00128299999995
1431,2.867531759,-0.100368200083,-4.14189087998,-8.75510931619,0.148366989478,-0.0132129193857,0.00480738836448,0,0,0,0,0,0,0.151582,0.128671999999,0.0366590000021,-0.004633,-0.00334800000002,0.00128299999995
1432,2.869517283,-0.0350590952457,-4.01788162635,-9.11493959338,0.15238355779,-0.011198575114,0.00330766705064,0,0,0,0,0,0,0.151582,0.128671999999,0.0366590000021,-0.004633,-0.00334800000002,0.00128299999995
1433,2.871536189,-0.372100424736,-4.11611270045,-8.67453523458,0.159291159583,-0.0243064260894,0.00582649265032,0,0,0,0,0,0,0.121582,0.0886719999994,0.0366590000014,-0.001633,-0.000348000000021,0.00128299999999
1434,2.873598697,-0.159792079801,-3.82231399104,-8.94197865585,0.149184181903,-0.0195409660835,0.00329677403189,0,0,0,0,0,0,0.121582,0.0886719999994,0.0366590000014,-0.001633,-0.000348000000021,0.00128299999999
1435,2.875561239,-0.216349187841,-3.83231521924,-8.98633319641,0.141218857081,-0.0188741812751,0.00436050806992,0,0,0,0,0,0,0.121582,0.0886719999994,0.0366590000014,-0.001633,-0.000348000000021,0.00128299999999
1436,2.877529250,0.289899938731,-3.94967610741,-9.05444437001,0.151764537093,-0.0155664910419,0.0188465772009,0,0,0,0,0,0,0.121582,0.0886719999994,0.0366590000014,-0.001633,-0.000348000000021,0.00128299999999
1437,2.879546794,-0.477359201499,-4.1870600706,-8.92683524941,0.162380031063,-0.0323196176745,0.0154266227228,0,0,0,0,0,0,0.111582,0.0686720000013,-0.0833399999989,0.000367,0.000651999999995,0.00028300000001
1438,2.881528531,-0.224782043862,-4.10579875261,-8.91720532677,0.162131764784,-0.0161004639111,0.00680572513179,0,0,0,0,0,0,0.111582,0.0686720000013,-0.0833399999989,0.000367,0.000651999999995,0.00028300000001
1439,2.883530085,-0.2227450981,-4.1673035113,-8.83989991335,0.155643999992,-0.027035567996,0.00671763821562,0,0,0,0,0,0,0.111582,0.0686720000013,-0.0833399999989,0.000367,0.000651999999995,0.00028300000001
1440,2.885529215,0.0504307662988,-4.33124937458,-8.93776789975,0.16078612669,-0.00264311574332,0.00406922181534,0,0,0,0,0,0,0.111582,0.0686720000013,-0.0833399999989,0.000367,0.000651999999995,0.00028300000001
1441,2.887531310,-0.121255713832,-4.40957795829,-8.56894766688,0.165481439974,-0.0180801552298,0.011417832148,0,0,0,0,0,0,0.091582,0.0886720000028,-0.173339999999,0.003367,0.00565200000006,-0.00371699999991
1442,2.889539366,-0.149526524835,-3.65120102385,-8.75085691195,0.143279834721,-0.0272140300049,0.00480781111541,0,0,0,0,0,0,0.091582,0.0886720000028,-0.173339999999,0.003367,0.00565200000006,-0.00371699999991
1443,2.891540379,-0.0596616868066,-4.15751074404,-8.62786334045,0.16708147684,-0.0196228574068,0.00390450545984,0,0,0,0,0,0,0.091582,0.0886720000028,-0.173339999999,0.003367,0.00565200000006,-0.00371699999991
1444,2.893519050,-0.525366086745,-4.24135849716,-8.70293358462,0.161589665487,-0.0395372737678,0.016222296744,0,0,0,0,0,0,0.091582,0.0886720000028,-0.173339999999,0.003367,0.00565200000006,-0.00371699999991
1445,2.895537345,-0.398990375096,-4.01597909911,-8.36852311445,0.161363616222,-0.0298281808239,0.0237891638162,0,0,0,0,0,0,0.101582,0.0886719999993,0.0466590000014,0.000367,0.00165200000003,-0.00171699999997
1446,2.897538239,-0.684956481237,-4.41747247883,-8.56616551158,0.177218111481,-0.0344018547356,0.0145454616813,0,0,0,0,0,0,0.101582,0.0886719999993,0.0466590000014,0.000367,0.00165200000003,-0.00171699999997
1447,2.899534894,-0.339793903047,-4.07484411424,-8.49722353177,0.167185894776,-0.0348573742755,0.00933831382978,0,0,0,0,0,0,0.101582,0.0886719999993,0.0466590000014,0.000367,0.00165200000003,-0.00171699999997
1448,2.901528042,0.434753963426,-3.90787897945,-9.29914396191,0.145511417292,0.00646470551538,0.0104028335761,0,0,0,0,0,0,0.101582,0.0886719999993,0.0466590000014,0.000367,0.00165200000003,-0.00171699999997
1449,2.903583877,0.0806165804591,-3.88323072782,-9.04230266505,0.148957004554,-0.00969324682476,0.00325690637222,0,0,0,0,0,0,0.111582,0.138671999999,0.0466590000022,-0.000633,0.001652,0.000283000000026
1450,2.905538123,-0.231855680643,-3.87023529152,-8.58807709766,0.153293984901,-0.0284884494073,0.00771936949817,0,0,0,0,0,0,0.111582,0.138671999999,0.0466590000022,-0.000633,0.001652,0.000283000000026
1451,2.907539346,-0.253800129716,-3.68437458888,-8.72306975321,0.145184962216,-0.0249679636483,0.0119088406261,0,0,0,0,0,0,0.111582,0.138671999999,0.0466590000022,-0.000633,0.001652,0.000283000000026
1452,2.909523428,0.569931358531,-4.15242278833,-8.65635615476,0.150675136721,0.0103222535832,0.00221806677744,0,0,0,0,0,0,0.111582,0.138671999999,0.0466590000022,-0.000633,0.001652,0.000283000000026
1453,2.911551111,-0.0797522173195,-3.96719148094,-9.07451431769,0.154669534249,-0.0156442971908,0.000691533811753,0,0,0,0,0,0,0.101582,0.108672000004,-0.243339999998,0.002367,0.00465200000004,-0.00271699999993
1454,2.913531425,-0.337340361012,-4.09854178842,-9.05321293166,0.148451624035,-0.014413715924,0.0104462125374,0,0,0,0,0,0,0.101582,0.108672000004,-0.243339999998,0.002367,0.00465200000004,-0.00271699999993
1455,2.915529162,-0.0952155919613,-3.52655065806,-8.98352763845,0.125766706804,-0.00971175252204,0.00372851609874,0,0,0,0,0,0,0.101582,0.108672000004,-0.243339999998,0.002367,0.00465200000004,-0.00271699999993
1456,2.917527560,0.0332823605463,-4.36718027534,-9.19941775073,0.16159514114,-0.0038343183357,0.0132159464364,0,0,0,0,0,0,0.101582,0.108672000004,-0.243339999998,0.002367,0.00465200000004,-0.00271699999993
1457,2.919522472,-0.642222749323,-4.26665081787,-8.60754815564,0.167010929268,-0.0329199408089,0.0120344422661,0,0,0,0,0,0,0.081582,0.128672000001,-0.0433409999979,-0.002633,0.002652,0.000283000000042
1458,2.921528324,-0.104529688018,-4.29711418346,-8.87474270331,0.16186709654,-0.0183738361108,-0.0024630100021,0,0,0,0,0,0,0.081582,0.128672000001,-0.0433409999979,-0.002633,0.002652,0.000283000000042
1459,2.923534316,-0.358232909375,-4.02993024203,-8.73695835836,0.154273885018,-0.0301734698734,-0.00311884650462,0,0,0,0,0,0,0.081582,0.128672000001,-0.0433409999979,-0.002633,0.002652,0.000283000000042
1460,2.925516124,0.173491220387,-4.19933857731,-8.54252608255,0.158134150445,-0.0217255167477,0.00739481804059,0,0,0,0,0,0,0.081582,0.128672000001,-0.0433409999979,-0.002633,0.002652,0.000283000000042
1461,2.927527576,-0.0881232754463,-3.84144387007,-8.48810794533,0.152191774728,-0.0243673003878,0.0068962939346,0,0,0,0,0,0,0.091582,0.0986720000004,-0.0233399999984,-0.001633,0.00265200000001,-0.000716999999958
1462,2.929520013,0.248072209041,-4.21039667985,-8.5000100092,0.151134346433,-0.0230304258527,0.0204815909463,0,0,0,0,0,0,0.091582,0.0986720000004,-0.0233399999984,-0.001633,0.00265200000001,-0.000716999999958
1463,2.931537557,-0.2493148337,-3.95723848799,-8.62461191318,0.157915820272,-0.024921500951,0.00127113329578,0,0,0,0,0,0,0.091582,0.0986720000004,-0.0233399999984,-0.001633,0.00265200000001,-0.000716999999958
1464,2.933514154,-0.0868851832344,-3.92725600483,-8.54928450826,0.151995388808,-0.0181051770466,0.0164184678091,0,0,0,0,0,0,0.091582,0.0986720000004,-0.0233399999984,-0.001633,0.00265200000001,-0.000716999999958
1465,2.935530917,0.0610371805501,-3.96435083785,-8.74891500749,0.140577725847,-0.00953664354914,0.000758759980319,0,0,0,0,0,0,0.051582,0.118672000001,-0.0333399999981,-0.000633,0.00565200000001,-0.00071699999991
1466,2.937527481,0.167662240275,-4.07258179867,-8.27936678673,0.152315973282,-0.00925674810014,0.010113173912,0,0,0,0,0,0,0.051582,0.118672000001,-0.0333399999981,-0.000633,0.00565200000001,-0.00071699999991
1467,2.939529516,-0.396503743353,-3.92522155644,-8.713930194,0.146814569921,-0.0252358097655,0.0117316237809,0,0,0,0,0,0,0.051582,0.118672000001,-0.0333399999981,-0.000633,0.00565200000001,-0.00071699999991
1468,2.941519429,-0.0568648209676,-4.32819046151,-8.81407077291,0.163008866198,-0.0180919177688,0.00902923215739,0,0,0,0,0,0,0.051582,0.118672000001,-0.0333399999981,-0.000633,0.00565200000001,-0.00071699999991
1469,2.943535741,-0.357856916203,-4.11043845174,-8.84503753126,0.16026648579,-0.0279649412312,0.0172287443171,0,0,0,0,0,0,0.061582,0.0986720000021,-0.133338999998,0.003367,0.00665200000006,-0.00371699999989
1470,2.945522778,0.0250200173256,-3.99346315365,-8.51663100897,0.153025652324,-0.0121972467545,0.00290134899761,0,0,0,0,0,0,0.061582,0.0986720000021,-0.133338999998,0.003367,0.00665200000006,-0.00371699999989
1471,2.947532968,-0.0883964827806,-3.80109343982,-8.67566118496,0.14992079342,-0.0147996005841,0.0171575054463,0,0,0,0,0,0,0.061582,0.0986720000021,-0.133338999998,0.003367,0.00665200000006,-0.00371699999989
1472,2.949549380,-0.414661270449,-3.9879751621,-8.64150464866,0.155161835392,-0.0253889710231,0.0205767145329,0,0,0,0,0,0,0.061582,0.0986720000021,-0.133338999998,0.003367,0.00665200000006,-0.00371699999989
1473,2.951543359,-0.0670806975361,-3.94827737689,-9.02126322708,0.143160606655,-0.00809778929256,0.00660588693221,0,0,0,0,0,0,0.051582,0.0786720000004,-0.0233399999987,0.007367,0.00965200000008,-0.00471699999985
1474,2.953515599,-0.0824865553911,-4.443579575,-8.86616415497,0.162820298467,7.68266293772e-05,0.00823697270302,0,0,0,0,0,0,0.051582,0.0786720000004,-0.0233399999987,0.007367,0.00965200000008,-0.00471699999985
1475,2.955524156,-0.361546305916,-4.09178286614,-8.93594239777,0.158868818315,-0.0381890292784,0.00574592381933,0,0,0,0,0,0,0.051582,0.0786720000004,-0.0233399999987,0.007367,0.00965200000008,-0.00471699999985
1476,2.957523886,0.426836198189,-3.90180597804,-9.03200472102,0.136871162249,-0.000838294174532,-0.0023070020106,0,0,0,0,0,0,0.051582,0.0786720000004,-0.0233399999987,0.007367,0.00965200000008,-0.00471699999985
1477,2.959528606,0.0702071682062,-3.97899472003,-8.54280343289,0.155506695335,-0.0141427953376,0.00905330597809,0,0,0,0,0,0,0.051582,0.0986720000004,-0.0233399999984,0.004367,0.00765200000006,-0.00371699999988
1478,2.961521685,-0.559130214493,-4.14621724577,-9.00788352463,0.153209419233,-0.022603814587,0.00159642220172,0,0,0,0,0,0,0.051582,0.0986720000004,-0.0233399999984,0.004367,0.00765200000006,-0.00371699999988
1479,2.963523419,0.0178821020611,-3.67286664823,-8.85731821056,0.134156373807,-0.0107342913516,0.0043431942125,0,0,0,0,0,0,0.051582,0.0986720000004,-0.0233399999984,0.004367,0.00765200000006,-0.00371699999988
1480,2.965518561,0.22837435935,-4.11476266405,-9.01522804511,0.151616253784,-0.00980210408146,0.00254855747921,0,0,0,0,0,0,0.051582,0.0986720000004,-0.0233399999984,0.004367,0.00765200000006,-0.00371699999988
1481,2.967535915,-0.355652339626,-3.82404179089,-8.80579508623,0.132392077556,-0.0172508829269,0.0121484847477,0,0,0,0,0,0,0.091582,0.108672000003,-0.163339999998,0.004367,0.00565200000006,-0.00371699999991
1482,2.969524725,0.082841371093,-4.00569897858,-9.0248983855,0.146492804092,-0.00798197003647,0.00668527870002,0,0,0,0,0,0,0.091582,0.108672000003,-0.163339999998,0.004367,0.00565200000006,-0.00371699999991
1483,2.971528954,-0.171379639112,-3.91853706143,-8.7882785627,0.153826232076,-0.0224734592543,0.0125894394758,0,0,0,0,0,0,0.091582,0.108672000003,-0.163339999998,0.004367,0.00565200000006,-0.00371699999991
1484,2.973581674,-0.153565157492,-4.17220962551,-8.65184798002,0.158034085712,-0.0198602023336,0.0173793591954,0,0,0,0,0,0,0.091582,0.108672000003,-0.163339999998,0.004367,0.00565200000006,-0.00371699999991
1485,2.975538494,-0.231538733978,-4.24412651966,-8.71941734961,0.162978024226,-0.0211418726667,0.00478940051549,0,0,0,0,0,0,0.051582,0.0786720000001,-0.00333999999874,0.009367,0.00965200000011,-0.00671699999985
1486,2.977529819,-0.176685413538,-3.93536443683,-8.42512287646,0.149139617554,-0.0284930609433,0.0145246861651,0,0,0,0,0,0,0.051582,0.0786720000001,-0.00333999999874,0.009367,0.00965200000011,-0.00671699999985
1487,2.979536523,0.0515776874609,-4.10654939827,-8.95975889826,0.149381904739,-0.00975149823442,-0.00109811765137,0,0,0,0,0,0,0.051582,0.0786720000001,-0.00333999999874,0.009367,0.00965200000011,-0.00671699999985
1488,2.981516988,-0.616504474,-3.93945127618,-9.20348058411,0.140351985661,-0.0169455632809,0.0110939709274,0,0,0,0,0,0,0.051582,0.0786720000001,-0.00333999999874,0.009367,0.00965200000011,-0.00671699999985
1489,2.983527879,-0.330939060421,-4.11786619059,-8.92684630356,0.159604211992,-0.031894824593,0.0130713380839,0,0,0,0,0,0,0.051582,0.108672000002,-0.113339999998,0.009367,0.00965200000009,-0.00571699999985
1490,2.985525286,-0.21734196325,-4.12752465501,-8.75757329251,0.163279821626,-0.027329044786,0.00879634017303,0,0,0,0,0,0,0.051582,0.108672000002,-0.113339999998,0.009367,0.00965200000009,-0.00571699999985
1491,2.987512763,0.0942409488847,-4.13205891666,-8.74906744442,0.164054615649,-0.0164638146644,0.013678247796,0,0,0,0,0,0,0.051582,0.108672000002,-0.113339999998,0.009367,0.00965200000009,-0.00571699999985
1492,2.989515109,-0.409860413879,-4.01105870526,-8.4748996201,0.157519498033,-0.0356867422499,0.0198930143227,0,0,0,0,0,0,0.051582,0.108672000002,-0.113339999998,0.009367,0.00965200000009,-0.00571699999985
1493,2.991522083,0.0506473052745,-4.14437199508,-8.79704020264,0.159557691544,-0.0290619060058,0.00321046947369,0,0,0,0,0,0,0.061582,0.108671999998,0.116661000002,0.005367,0.00765200000008,-0.00471699999988
1494,2.993524789,-0.0775193929827,-4.12413726349,-8.8677996207,0.161609693894,-0.0245931411527,0.00864769942114,0,0,0,0,0,0,0.061582,0.108671999998,0.116661000002,0.005367,0.00765200000008,-0.00471699999988
1495,2.995512046,0.655104715658,-4.60414538879,-8.97295079069,0.170806234276,-0.0109595667301,0.0148839936348,0,0,0,0,0,0,0.061582,0.108671999998,0.116661000002,0.005367,0.00765200000008,-0.00471699999988
1496,2.997521656,-0.0207418105402,-4.13382233197,-8.81062950748,0.164907009328,-0.0239535489017,0.0131900320929,0,0,0,0,0,0,0.061582,0.108671999998,0.116661000002,0.005367,0.00765200000008,-0.00471699999988
1497,2.999515154,0.065560180452,-4.14993478834,-8.77579323509,0.159373053283,-0.013548324899,0.0174375147008,0,0,0,0,0,0,0.061582,0.0986720000007,-0.0433409999984,0.007367,0.00865200000008,-0.00471699999986
1498,3.001523922,-0.362795532486,-3.75637873038,-8.85263202987,0.13525462467,-0.0131922074994,0.00436164191248,0,0,0,0,0,0,0.061582,0.0986720000007,-0.0433409999984,0.007367,0.00865200000008,-0.00471699999986
1499,3.003532940,-0.0237925485326,-3.9463151023,-8.65993420819,0.165411520042,-0.0240523026052,0.0195291469284,0,0,0,0,0,0,0.061582,0.0986720000007,-0.0433409999984,0.007367,0.00865200000008,-0.00471699999986
1500,3.005532992,-0.387056781401,-4.04598461855,-8.24423091381,0.170450473232,-0.0434567005119,0.0213814907221,0,0,0,0,0,0,0.061582,0.0986720000007,-0.0433409999984,0.007367,0.00865200000008,-0.00471699999986
1501,3.007532993,0.0809845442735,-4.24092671846,-8.48407090132,0.163457946746,-0.0180597395539,0.0106722962995,0,0,0,0,0,0,0.131582,0.128672000003,-0.163339999998,0.001367,0.00265200000001,-0.000716999999958
1502,3.009526151,0.0546870323656,-3.94219581883,-8.66270956393,0.150381907437,-0.0028535109934,0.00672692759007,0,0,0,0,0,0,0.131582,0.128672000003,-0.163339999998,0.001367,0.00265200000001,-0.000716999999958
1503,3.011511214,-0.30965471457,-3.8527842336,-8.89926135273,0.145695654887,-0.0198349374109,0.00732233988701,0,0,0,0,0,0,0.131582,0.128672000003,-0.163339999998,0.001367,0.00265200000001,-0.000716999999958
1504,3.013519661,0.230034413517,-4.33955737093,-9.04249397154,0.153222762467,-0.0103278534437,0.00909002512027,0,0,0,0,0,0,0.131582,0.128672000003,-0.163339999998,0.001367,0.00265200000001,-0.000716999999958
1505,3.015520895,0.181159898402,-3.91204133921,-8.712904107,0.15143567945,-0.0111317622942,0.0115504956538,0,0,0,0,0,0,0.101582,0.0986720000057,-0.353339999998,0.006367,0.00665200000004,-0.00271699999989
1506,3.017525875,-0.345736071986,-3.85722440995,-8.69385837693,0.151850090592,-0.0193122562155,0.0167470993351,0,0,0,0,0,0,0.101582,0.0986720000057,-0.353339999998,0.006367,0.00665200000004,-0.00271699999989
1507,3.019518532,-0.219287247088,-4.20296054969,-8.93481915804,0.151147094719,-0.0158900883271,0.000601667284953,0,0,0,0,0,0,0.101582,0.0986720000057,-0.353339999998,0.006367,0.00665200000004,-0.00271699999989
1508,3.021519455,0.449064369949,-4.33713251523,-9.21143516585,0.159473830605,0.0155378496138,-0.00079680012205,0,0,0,0,0,0,0.101582,0.0986720000057,-0.353339999998,0.006367,0.00665200000004,-0.00271699999989
1509,3.023521500,-0.567106049373,-3.84243575791,-9.24304234681,0.144515020908,-0.016024206371,0.00396973784542,0,0,0,0,0,0,0.011582,0.0786720000047,-0.293340999999,0.011367,0.0116520000001,-0.00471699999981
1510,3.025521922,0.340976448743,-4.02246321746,-8.66591400682,0.151082832164,-0.00600287719403,0.00599170523215,0,0,0,0,0,0,0.011582,0.0786720000047,-0.293340999999,0.011367,0.0116520000001,-0.00471699999981
1511,3.027509430,0.126940126196,-4.02300671771,-8.67274190566,0.148825330778,-0.0214927335365,0.00958995668981,0,0,0,0,0,0,0.011582,0.0786720000047,-0.293340999999,0.011367,0.0116520000001,-0.00471699999981
1512,3.029517998,-0.18997325432,-4.1684609172,-8.9102428742,0.160113295584,-0.0132683475079,0.00818767215416,0,0,0,0,0,0,0.011582,0.0786720000047,-0.293340999999,0.011367,0.0116520000001,-0.00471699999981
1513,3.031525723,-0.375455426602,-3.97432637095,-8.86232244009,0.139656931861,-0.0107701827832,-0.00771162285764,0,0,0,0,0,0,0.131582,0.118672000005,-0.293340999998,0.002367,0.00265200000001,-0.000716999999958
1514,3.033542686,0.397140158643,-3.94764536715,-9.12259575604,0.148633487153,-0.00572989350805,0.00439873557489,0,0,0,0,0,0,0.131582,0.118672000005,-0.293340999998,0.002367,0.00265200000001,-0.000716999999958
1515,3.035518973,-0.178715189812,-3.73001402148,-8.36415145757,0.146261056415,-0.0307460859415,0.00817266631727,0,0,0,0,0,0,0.131582,0.118672000005,-0.293340999998,0.002367,0.00265200000001,-0.000716999999958
1516,3.037511470,-0.33986838622,-3.93021002833,-8.80722144448,0.148278601235,-0.0135002637,0.00580819906238,0,0,0,0,0,0,0.131582,0.118672000005,-0.293340999998,0.002367,0.00265200000001,-0.000716999999958
1517,3.039515819,0.0130898325584,-3.94327882518,-8.76974200154,0.152458560847,-0.00366287953407,0.00120378701176,0,0,0,0,0,0,0.141582,0.138672,-0.0133399999978,-0.004633,-0.00334800000005,0.00328299999995
1518,3.041520048,-0.350942234733,-3.96713984643,-8.56571489553,0.168331446289,-0.0284596683813,0.00622959756073,0,0,0,0,0,0,0.141582,0.138672,-0.0133399999978,-0.004633,-0.00334800000005,0.00328299999995
1519,3.043509670,0.144281587879,-4.21876536348,-8.46441417912,0.166944153411,-0.0214559128215,0.0127067535305,0,0,0,0,0,0,0.141582,0.138672,-0.0133399999978,-0.004633,-0.00334800000005,0.00328299999995
1520,3.045510783,0.0672866640353,-4.37106749359,-8.57038525086,0.164566615237,-0.00924686768859,0.00284884610467,0,0,0,0,0,0,0.141582,0.138672,-0.0133399999978,-0.004633,-0.00334800000005,0.00328299999995
1521,3.047519190,-0.335836392613,-4.10966545235,-8.71397154168,0.15994522551,-0.0231404631408,0.0101317946599,0,0,0,0,0,0,0.131582,0.108672000003,-0.213340999998,-0.000633,0.000651999999995,0.00028300000001
1522,3.049551111,-0.173619896398,-4.18907662965,-8.85813875776,0.15013672546,-0.0202150811921,0.013090997459,0,0,0,0,0,0,0.131582,0.108672000003,-0.213340999998,-0.000633,0.000651999999995,0.00028300000001
1523,3.051515606,-0.336784657246,-4.02162136155,-8.65115404847,0.145934389946,-0.0147912846449,0.00363990680475,0,0,0,0,0,0,0.131582,0.108672000003,-0.213340999998,-0.000633,0.000651999999995,0.00028300000001
1524,3.053514164,-0.449775757097,-4.0320710191,-8.89550669343,0.151966526046,-0.0173539565368,0.010999237926,0,0,0,0,0,0,0.131582,0.108672000003,-0.213340999998,-0.000633,0.000651999999995,0.00028300000001
1525,3.055534303,0.0615473461806,-4.11550248093,-8.95242469818,0.152256749548,-0.0101671108005,0.00305935153636,0,0,0,0,0,0,0.051582,0.118672000002,-0.113339999998,0.004367,0.00665200000004,-0.00271699999989
1526,3.057533984,-0.372630138633,-4.07726602057,-9.02467690951,0.158856413035,-0.0221507763306,0.00781331016717,0,0,0,0,0,0,0.051582,0.118672000002,-0.113339999998,0.004367,0.00665200000004,-0.00271699999989
1527,3.059529106,-0.211160322751,-4.06107835053,-8.80837296089,0.149476735927,-0.00448328437318,0.00586069478933,0,0,0,0,0,0,0.051582,0.118672000002,-0.113339999998,0.004367,0.00665200000004,-0.00271699999989
1528,3.061527253,-0.660008399834,-4.07832608389,-8.81583264031,0.154461377778,-0.0252853556179,0.000580854991091,0,0,0,0,0,0,0.051582,0.118672000002,-0.113339999998,0.004367,0.00665200000004,-0.00271699999989
1529,3.063531382,-0.189408278796,-4.12922177598,-8.63990102992,0.159513820184,-0.00694768190973,0.00378180556269,0,0,0,0,0,0,0.091582,0.128672000001,-0.0633389999979,0.001367,0.00265200000001,-0.000716999999958
1530,3.065523869,-0.0555750397564,-4.08897563914,-8.47275312791,0.154801745576,-0.0212432080411,0.0164576530837,0,0,0,0,0,0,0.091582,0.128672000001,-0.0633389999979,0.001367,0.00265200000001,-0.000716999999958
1531,3.067515344,0.122093731072,-4.11781552512,-8.27114805595,0.164952132328,-0.0174573740564,0.0159164196139,0,0,0,0,0,0,0.091582,0.128672000001,-0.0633389999979,0.001367,0.00265200000001,-0.000716999999958
1532,3.069512601,-0.101026891382,-3.85435908296,-8.44119196585,0.154460250409,-0.0218907219281,0.0105705930443,0,0,0,0,0,0,0.091582,0.128672000001,-0.0633389999979,0.001367,0.00265200000001,-0.000716999999958
1533,3.071534824,-0.369284648641,-4.37724775167,-8.70238804641,0.170219562775,-0.0191319999276,0.00888825876191,0,0,0,0,0,0,0.021582,0.118672,0.0166610000019,0.004367,0.00665200000003,-0.00171699999989
1534,3.073598073,-0.257592242296,-3.9450590879,-8.94169697246,0.149654127843,-0.0124990604899,0.0131595255319,0,0,0,0,0,0,0.021582,0.118672,0.0166610000019,0.004367,0.00665200000003,-0.00171699999989
1535,3.075555875,-0.191825443342,-4.41585362828,-8.52390802733,0.169663266118,-0.0271964314924,0.00441127903893,0,0,0,0,0,0,0.021582,0.118672,0.0166610000019,0.004367,0.00665200000003,-0.00171699999989
1536,3.077530008,-0.0426583552878,-4.16401613931,-8.45800167514,0.161416139768,-0.0218275693318,0.0114412929886,0,0,0,0,0,0,0.021582,0.118672,0.0166610000019,0.004367,0.00665200000003,-0.00171699999989
1537,3.079535990,-0.377403638035,-3.79282223483,-9.09162300046,0.132921104774,-0.00392434656481,0.00270675683894,0,0,0,0,0,0,0.041582,0.108672,-0.00333999999826,0.001367,0.00365200000001,-0.000716999999942
1538,3.081527425,-0.196835424919,-3.94630347522,-8.7452849934,0.15844151961,-0.0287476583365,0.00250944994562,0,0,0,0,0,0,0.041582,0.108672,-0.00333999999826,0.001367,0.00365200000001,-0.000716999999942
1539,3.083540531,-0.33832161153,-4.06735432766,-8.96192290954,0.165250939563,-0.0271886690963,0.0229144589349,0,0,0,0,0,0,0.041582,0.108672,-0.00333999999826,0.001367,0.00365200000001,-0.000716999999942
1540,3.085510195,-0.127009831978,-3.83429152773,-8.68420267379,0.153257121019,-0.0223642680316,0.0130520193623,0,0,0,0,0,0,0.041582,0.108672,-0.00333999999826,0.001367,0.00365200000001,-0.000716999999942
1541,3.087518702,-0.275957146023,-3.99179930967,-8.7119913867,0.144279701729,-0.0148782762167,-0.0029530650579,0,0,0,0,0,0,0.061582,0.0986720000029,-0.183339999998,0.002367,0.00465200000003,-0.00171699999993
1542,3.089524314,-0.182221042126,-3.8148666626,-8.75617192439,0.147864228499,-0.00841798413176,0.00418994491005,0,0,0,0,0,0,0.061582,0.0986720000029,-0.183339999998,0.002367,0.00465200000003,-0.00171699999993
1543,3.091514377,0.00228680886215,-3.80345803237,-8.70768413119,0.145008555984,-0.0167227464351,0.00495273711071,0,0,0,0,0,0,0.061582,0.0986720000029,-0.183339999998,0.002367,0.00465200000003,-0.00171699999993
1544,3.093512394,-0.242654508033,-3.82488975178,-8.92782015008,0.147244741889,-0.0190865708011,0.00775655144041,0,0,0,0,0,0,0.061582,0.0986720000029,-0.183339999998,0.002367,0.00465200000003,-0.00171699999993
1545,3.095519108,-0.0763650837043,-3.61100404685,-9.21470357914,0.132431829731,-0.00827699615112,0.00338795544827,0,0,0,0,0,0,0.071582,0.128672000001,-0.0733389999979,0.002367,0.00365200000003,-0.00171699999994
1546,3.097519560,-0.466411645554,-3.84921292274,-9.04819385524,0.147829759829,-0.0240635384482,0.00884589121755,0,0,0,0,0,0,0.071582,0.128672000001,-0.0733389999979,0.002367,0.00365200000003,-0.00171699999994
1547,3.099511175,0.424381600523,-3.80503015175,-8.86368044651,0.145329967535,-0.00184810777525,0.00717338325011,0,0,0,0,0,0,0.071582,0.128672000001,-0.0733389999979,0.002367,0.00365200000003,-0.00171699999994
1548,3.101508812,-0.371086636461,-3.53811690628,-9.09932938371,0.13077178811,-0.0186167730816,-0.00032384083399,0,0,0,0,0,0,0.071582,0.128672000001,-0.0733389999979,0.002367,0.00365200000003,-0.00171699999994
1549,3.103562974,-0.281702616284,-4.23936540227,-8.7919616124,0.164501421768,-0.0251059844556,0.0193485808408,0,0,0,0,0,0,0.061582,0.128672000005,-0.303338999998,0.005367,0.00765200000006,-0.00371699999988
1550,3.105522350,-0.0700223443174,-3.76978266766,-9.42021801224,0.137626070301,-0.00896844505046,-0.000570604222282,0,0,0,0,0,0,0.061582,0.128672000005,-0.303338999998,0.005367,0.00765200000006,-0.00371699999988
1551,3.107511080,0.226051619593,-4.38739696833,-8.5638542831,0.17840201379,-0.0303966772194,0.0118648950737,0,0,0,0,0,0,0.061582,0.128672000005,-0.303338999998,0.005367,0.00765200000006,-0.00371699999988
1552,3.109537070,0.189769637402,-4.1554740378,-8.91372404971,0.157564694896,-0.0181435744278,0.0127525206116,0,0,0,0,0,0,0.061582,0.128672000005,-0.303338999998,0.005367,0.00765200000006,-0.00371699999988
1553,3.111524367,0.512683194449,-3.90674411473,-9.23045407134,0.146959602241,0.00508680500376,0.00818635507704,0,0,0,0,0,0,0.141582,0.128672000006,-0.353339999998,0.001367,0.00265200000004,-0.00271699999996
1554,3.113516834,-0.187177548561,-3.87170865899,-8.65417951727,0.1498355111,-0.0137750256878,0.00559502430138,0,0,0,0,0,0,0.141582,0.128672000006,-0.353339999998,0.001367,0.00265200000004,-0.00271699999996
1555,3.115512287,-0.156325395339,-4.33802485245,-8.62283143496,0.159202037548,-0.0128959324667,0.00473330472592,0,0,0,0,0,0,0.141582,0.128672000006,-0.353339999998,0.001367,0.00265200000004,-0.00271699999996
1556,3.117514582,-0.423328067696,-4.15689099506,-8.82266812952,0.154143506856,-0.0205370473003,0.00431422982667,0,0,0,0,0,0,0.141582,0.128672000006,-0.353339999998,0.001367,0.00265200000004,-0.00271699999996
1557,3.119522418,0.0875165265891,-3.82134398709,-9.14589447936,0.143128407536,-9.91320690008e-05,0.00356026921751,0,0,0,0,0,0,0.091582,0.138672000001,-0.0833399999978,0.000367,0.00365200000003,-0.00171699999994
1558,3.121516929,0.0445835540063,-3.80593092089,-8.83494719722,0.140227700632,-0.00561968999759,0.00117794940461,0,0,0,0,0,0,0.091582,0.138672000001,-0.0833399999978,0.000367,0.00365200000003,-0.00171699999994
1559,3.123512091,0.188577324014,-4.07004917376,-8.98378518534,0.157603839999,-0.0108336324247,0.0074518045915,0,0,0,0,0,0,0.091582,0.138672000001,-0.0833399999978,0.000367,0.00365200000003,-0.00171699999994
1560,3.125511982,-0.92195354278,-4.30604279498,-8.75739594368,0.168047087107,-0.0408454979788,0.0233305129689,0,0,0,0,0,0,0.091582,0.138672000001,-0.0833399999978,0.000367,0.00365200000003,-0.00171699999994
1561,3.127519527,-0.268938781401,-4.15083144439,-8.49044290636,0.156491108084,-0.0181460735827,0.0151144348108,0,0,0,0,0,0,0.101582,0.138672000001,-0.0633389999978,-0.000633,0.00265200000001,-0.000716999999958
1562,3.129517835,-0.275674066231,-4.0023638785,-8.67787728309,0.153097079784,-0.0253006044112,0.0166627957954,0,0,0,0,0,0,0.101582,0.138672000001,-0.0633389999978,-0.000633,0.00265200000001,-0.000716999999958
1563,3.131512596,-0.2467660516,-4.31196791648,-8.7599285004,0.159909039545,-0.0193571147686,0.00817263300658,0,0,0,0,0,0,0.101582,0.138672000001,-0.0633389999978,-0.000633,0.00265200000001,-0.000716999999958
1564,3.133516545,-0.245607925099,-4.05141395735,-8.88931065489,0.140254719609,0.00496924183518,0.00610677026621,0,0,0,0,0,0,0.101582,0.138672000001,-0.0633389999978,-0.000633,0.00265200000001,-0.000716999999958
1565,3.135519612,-0.293830001405,-3.46726471996,-9.00033934816,0.128741848045,-0.0145751591486,0.00591393795837,0,0,0,0,0,0,0.111582,0.128672000001,-0.0333399999979,-0.000633,0.002652,0.000283000000042
1566,3.137518071,0.162670934637,-4.12227529432,-8.9687649207,0.155436295225,-0.00703020460604,0.00776894601529,0,0,0,0,0,0,0.111582,0.128672000001,-0.0333399999979,-0.000633,0.002652,0.000283000000042
1567,3.139523572,-0.613681246215,-3.80911146095,-8.83241722586,0.143631946132,-0.0276741988326,0.00910719461477,0,0,0,0,0,0,0.111582,0.128672000001,-0.0333399999979,-0.000633,0.002652,0.000283000000042
1568,3.141512753,-0.178905358456,-4.23965259734,-8.4276142859,0.164157082151,-0.0250961320019,0.00964143855862,0,0,0,0,0,0,0.111582,0.128672000001,-0.0333399999979,-0.000633,0.002652,0.000283000000042
1569,3.143517483,-0.0363812615477,-4.01554980772,-8.23543036689,0.158093545617,-0.0243120158769,-0.000790679996022,0,0,0,0,0,0,0.121582,0.138672000001,-0.0633389999978,-0.003633,-0.00134800000002,0.00128299999998
1570,3.145519027,0.0929331045521,-3.80453916757,-8.59550711857,0.148864447067,-0.0105932391509,0.010888968605,0,0,0,0,0,0,0.121582,0.138672000001,-0.0633389999978,-0.003633,-0.00134800000002,0.00128299999998
1571,3.147512305,-0.287825723669,-4.22646611524,-8.6631589109,0.164847019556,-0.0354536187139,0.00208911766648,0,0,0,0,0,0,0.121582,0.138672000001,-0.0633389999978,-0.003633,-0.00134800000002,0.00128299999998
1572,3.149542924,0.365134560568,-3.93310821519,-9.04573143219,0.144942683581,-0.0101406916949,0.00909578874467,0,0,0,0,0,0,0.121582,0.138672000001,-0.0633389999978,-0.003633,-0.00134800000002,0.00128299999998
1573,3.151525933,0.339938479469,-4.27122037778,-9.10861900092,0.159399614925,-0.00468311878843,0.00611428016326,0,0,0,0,0,0,0.131582,0.158672000003,-0.183339999997,-0.004633,0.00165199999998,0.00128300000003
1574,3.153519242,-0.625449941308,-3.98782791052,-8.78504958499,0.163891787058,-0.032239880459,0.0129780814429,0,0,0,0,0,0,0.131582,0.158672000003,-0.183339999997,-0.004633,0.00165199999998,0.00128300000003
1575,3.155515296,0.0158685727646,-3.94665815076,-8.69838682555,0.146798465719,0.00220069287617,0.00453837736208,0,0,0,0,0,0,0.131582,0.158672000003,-0.183339999997,-0.004633,0.00165199999998,0.00128300000003
1576,3.157511841,-0.383666560062,-3.97334559836,-8.71636173253,0.15574339523,-0.025600494455,0.00944764570557,0,0,0,0,0,0,0.131582,0.158672000003,-0.183339999997,-0.004633,0.00165199999998,0.00128300000003
1577,3.159516621,-0.383207880932,-4.19628027241,-9.15929756546,0.152286250454,-0.0118767866558,0.00660433115018,0,0,0,0,0,0,0.121582,0.128672000001,-0.0633389999979,-0.003633,0.000651999999995,0.00028300000001
1578,3.161519066,0.149667712132,-4.02180243678,-8.70273987959,0.14820739985,0.0079941297439,0.000298065079039,0,0,0,0,0,0,0.121582,0.128672000001,-0.0633389999979,-0.003633,0.000651999999995,0.00028300000001
1579,3.163509399,-0.176973940248,-4.099839655,-8.88256461017,0.157971801055,-0.0118963240683,0.00888333017583,0,0,0,0,0,0,0.121582,0.128672000001,-0.0633389999979,-0.003633,0.000651999999995,0.00028300000001
1580,3.165510382,-0.243988064027,-3.91542905543,-8.89925674421,0.153072128079,-0.0225998630362,0.00932055428713,0,0,0,0,0,0,0.121582,0.128672000001,-0.0633389999979,-0.003633,0.000651999999995,0.00028300000001
1581,3.167522576,-0.0362548980211,-4.20001856265,-8.6589148354,0.159021275045,-0.0197162624171,0.00955744250636,0,0,0,0,0,0,0.051582,0.118671999998,0.146660000002,0.000367,0.00265200000001,-0.000716999999958
1582,3.169518039,0.126561244464,-4.01262940012,-8.90397190966,0.159229712341,-0.0102310288159,0.0103681791047,0,0,0,0,0,0,0.051582,0.118671999998,0.146660000002,0.000367,0.00265200000001,-0.000716999999958
1583,3.171508322,-0.157353305103,-4.15988185213,-8.87275579102,0.149212154098,-0.0144851592903,-0.00138569753562,0,0,0,0,0,0,0.051582,0.118671999998,0.146660000002,0.000367,0.00265200000001,-0.000716999999958
1584,3.173551193,0.0330748901474,-4.02156217504,-9.11091623577,0.140386424625,-0.00123774232493,-0.0023037714213,0,0,0,0,0,0,0.051582,0.118671999998,0.146660000002,0.000367,0.00265200000001,-0.000716999999958
1585,3.175561644,-0.0403842190894,-4.12332407441,-8.8625034054,0.162460955628,-0.0259595639358,0.00526105271541,0,0,0,0,0,0,0.041582,0.118672,-0.0033399999981,0.000367,0.00365200000001,-0.000716999999942
1586,3.177527051,-0.0100828190753,-3.72770906907,-9.24629608588,0.166026237416,-0.0251767182557,0.0114620494534,0,0,0,0,0,0,0.041582,0.118672,-0.0033399999981,0.000367,0.00365200000001,-0.000716999999942
1587,3.179509609,-0.695381994636,-3.88270561078,-8.80080784836,0.155314195581,-0.0426970608411,0.00652723495806,0,0,0,0,0,0,0.041582,0.118672,-0.0033399999981,0.000367,0.00365200000001,-0.000716999999942
1588,3.181508859,-0.267177095016,-3.91565293767,-9.11546288187,0.1547420614,-0.0300065305945,0.00762174474319,0,0,0,0,0,0,0.041582,0.118672,-0.0033399999981,0.000367,0.00365200000001,-0.000716999999942
1589,3.183518187,-0.257988015495,-3.75208958022,-8.63488132612,0.148860868239,-0.0374081585448,0.0129634190854,0,0,0,0,0,0,0.111582,0.128671999998,0.116661000002,-0.003633,-0.00134800000002,0.00128299999998
1590,3.185519110,-0.014609109147,-4.12697167122,-8.8026392151,0.158969558463,-0.0241248306897,0.020008055075,0,0,0,0,0,0,0.111582,0.128671999998,0.116661000002,-0.003633,-0.00134800000002,0.00128299999998
1591,3.187510325,-0.251551548637,-3.85664443454,-8.94039946872,0.134880654964,-0.00921470538097,0.00192134277971,0,0,0,0,0,0,0.111582,0.128671999998,0.116661000002,-0.003633,-0.00134800000002,0.00128299999998
1592,3.189515185,-0.596248000697,-3.96399682871,-9.18074875615,0.14616687068,-0.0208396589701,0.00988383846708,0,0,0,0,0,0,0.111582,0.128671999998,0.116661000002,-0.003633,-0.00134800000002,0.00128299999998
1593,3.191517481,-0.160155987295,-3.92187712026,-8.99516311307,0.15199164297,-0.0140996023864,0.00994408034556,0,0,0,0,0,0,0.181582,0.168672000001,-0.0333399999973,-0.004633,-0.00234800000002,0.00128299999996
1594,3.193516670,0.319862330265,-3.91613988055,-8.56059912038,0.154314678799,-0.0164773721731,0.0114806132561,0,0,0,0,0,0,0.181582,0.168672000001,-0.0333399999973,-0.004633,-0.00234800000002,0.00128299999996
1595,3.195511723,-0.116945136568,-4.32656697189,-8.98026742551,0.16611236716,-0.0178047317751,0.015281136598,0,0,0,0,0,0,0.181582,0.168672000001,-0.0333399999973,-0.004633,-0.00234800000002,0.00128299999996
1596,3.197514008,-0.544474115087,-4.2989962625,-8.89918021095,0.172070590694,-0.0391388193929,0.0140079439345,0,0,0,0,0,0,0.181582,0.168672000001,-0.0333399999973,-0.004633,-0.00234800000002,0.00128299999996
1597,3.199522445,-0.248975795448,-4.05425759303,-8.50310907928,0.171822648546,-0.0324003726706,0.0172489795308,0,0,0,0,0,0,0.171582,0.128672000002,-0.153338999998,-0.001633,0.00165200000001,-0.000716999999974
1598,3.201523698,0.203611775439,-4.1732931803,-8.48853169054,0.170342579963,-0.0149742423018,0.00909456330919,0,0,0,0,0,0,0.171582,0.128672000002,-0.153338999998,-0.001633,0.00165200000001,-0.000716999999974
1599,3.203529410,0.048941144828,-3.81516234613,-9.08908767288,0.141095842312,-0.0112778652938,0.00348460199183,0,0,0,0,0,0,0.171582,0.128672000002,-0.153338999998,-0.001633,0.00165200000001,-0.000716999999974
1600,3.205519242,-0.116552320209,-4.64552017774,-8.99447909209,0.167981558519,-0.0115819371841,0.00502842051546,0,0,0,0,0,0,0.171582,0.128672000002,-0.153338999998,-0.001633,0.00165200000001,-0.000716999999974
1601,3.207531156,-0.737361689786,-3.59875026475,-9.20731873027,0.132652724458,-0.0173222741294,0.00470415262704,0,0,0,0,0,0,0.111582,0.108672000001,-0.0333399999983,-0.000633,0.000651999999995,0.00028300000001
1602,3.209520156,-0.304770448553,-4.01364062212,-9.09258850917,0.156657699855,-0.0262043143487,0.00478647426444,0,0,0,0,0,0,0.111582,0.108672000001,-0.0333399999983,-0.000633,0.000651999999995,0.00028300000001
1603,3.211516300,0.141724351243,-3.76016368243,-8.94098173093,0.147542240347,-0.00701484121114,0.00769952051681,0,0,0,0,0,0,0.111582,0.108672000001,-0.0333399999983,-0.000633,0.000651999999995,0.00028300000001
1604,3.213518435,-0.161764272565,-3.99690338086,-9.16633908121,0.145198479051,-0.00773095618606,-0.000642793814823,0,0,0,0,0,0,0.111582,0.108672000001,-0.0333399999983,-0.000633,0.000651999999995,0.00028300000001
1605,3.215526873,0.0657591510582,-3.85667469745,-9.03943752207,0.148506541554,-0.0225024509575,0.00282446905814,0,0,0,0,0,0,0.101582,0.108671999999,0.0466590000017,-0.002633,0.000652000000011,-0.00071699999999
1606,3.217527144,-0.161750273686,-3.84895060615,-8.90707532951,0.155289022727,-0.021141347199,0.0112250672819,0,0,0,0,0,0,0.101582,0.108671999999,0.0466590000017,-0.002633,0.000652000000011,-0.00071699999999
1607,3.219519020,-0.316920223957,-3.85653090474,-8.85761259353,0.153952436601,-0.0312948775547,0.0069735348149,0,0,0,0,0,0,0.101582,0.108671999999,0.0466590000017,-0.002633,0.000652000000011,-0.00071699999999
1608,3.221522247,-0.295628466294,-4.11632742935,-9.24186683041,0.142877402539,-0.00301422531352,-0.00230014532413,0,0,0,0,0,0,0.101582,0.108671999999,0.0466590000017,-0.002633,0.000652000000011,-0.00071699999999
1609,3.223525575,-0.10765833957,-3.94353189606,-8.70604884377,0.163078165601,-0.0318142533191,0.0113532308786,0,0,0,0,0,0,0.111582,0.0986719999996,0.0266610000016,-0.002633,-0.001348,0.000282999999978
1610,3.225523261,0.108352763606,-4.10738435511,-8.79335905226,0.164381588539,-0.0305435314508,0.0132641356771,0,0,0,0,0,0,0.111582,0.0986719999996,0.0266610000016,-0.002633,-0.001348,0.000282999999978
1611,3.227523413,0.201517044628,-3.66620987249,-8.46110503594,0.15301993481,-0.0313934285417,0.014119287718,0,0,0,0,0,0,0.111582,0.0986719999996,0.0266610000016,-0.002633,-0.001348,0.000282999999978
1612,3.229515669,-0.062527682093,-4.11729727874,-8.8872025113,0.167044869813,-0.0257276457114,0.0206616135286,0,0,0,0,0,0,0.111582,0.0986719999996,0.0266610000016,-0.002633,-0.001348,0.000282999999978
1613,3.231528775,-0.120919994508,-3.86827204545,-8.96143183932,0.154017538887,-0.0158785174852,0.00344063220825,0,0,0,0,0,0,0.091582,0.108672000003,-0.163339999998,0.003367,0.00565200000003,-0.00171699999991
1614,3.233523617,-0.508281525943,-4.17819381991,-8.58331696859,0.162882715548,-0.0358475491531,0.00594982548907,0,0,0,0,0,0,0.091582,0.108672000003,-0.163339999998,0.003367,0.00565200000003,-0.00171699999991
1615,3.235518308,0.0177555007237,-4.21179987161,-8.63370379494,0.168934265849,-0.036095805335,0.0172382530043,0,0,0,0,0,0,0.091582,0.108672000003,-0.163339999998,0.003367,0.00565200000003,-0.00171699999991
1616,3.237517738,-0.458717397241,-4.38810371295,-8.74470941344,0.178776029805,-0.0427199324702,0.0113382472475,0,0,0,0,0,0,0.091582,0.108672000003,-0.163339999998,0.003367,0.00565200000003,-0.00171699999991
1617,3.239529241,0.0875070698444,-3.68228446057,-9.11981694321,0.145132456471,-0.0238230287626,0.0107727166664,0,0,0,0,0,0,0.061582,0.108672000002,-0.123340999998,0.003367,0.00565200000003,-0.00171699999991
1618,3.241523251,-0.461243225276,-4.00302249292,-9.03863649701,0.144226486033,-0.0225314624285,0.0102032404097,0,0,0,0,0,0,0.061582,0.108672000002,-0.123340999998,0.003367,0.00565200000003,-0.00171699999991
1619,3.243518764,0.38395023455,-4.13617194637,-9.25425897719,0.154239525458,0.00231806948529,0.0138825909436,0,0,0,0,0,0,0.061582,0.108672000002,-0.123340999998,0.003367,0.00565200000003,-0.00171699999991
1620,3.245525026,-0.157788585119,-3.902777472,-8.83799448364,0.152507360827,-0.0206284983429,0.00378334871799,0,0,0,0,0,0,0.061582,0.108672000002,-0.123340999998,0.003367,0.00565200000003,-0.00171699999991
1621,3.247719571,0.163238339801,-4.07945570571,-9.11769040995,0.141545033032,0.00617814399859,0.00681958249026,0,0,0,0,0,0,0.101582,0.118672000004,-0.233338999998,0.001367,0.00565200000004,-0.00271699999991
1622,3.249530900,0.331610649086,-4.04326746869,-9.10484123064,0.152997368941,-0.0110317802844,0.0111828437665,0,0,0,0,0,0,0.101582,0.118672000004,-0.233338999998,0.001367,0.00565200000004,-0.00271699999991
1623,3.251548363,0.147113578828,-4.09050824879,-9.0184151468,0.144005357938,-0.00536715350879,0.0059120684291,0,0,0,0,0,0,0.101582,0.118672000004,-0.233338999998,0.001367,0.00565200000004,-0.00271699999991
1624,3.253518218,-0.00221519932197,-4.1890702488,-8.57888206013,0.16725784418,-0.0161174780597,0.0157816925832,0,0,0,0,0,0,0.101582,0.118672000004,-0.233338999998,0.001367,0.00565200000004,-0.00271699999991
1625,3.255532206,-0.100482765344,-3.73679470083,-9.1263817826,0.146291545626,-0.0287015502218,0.0043009607973,0,0,0,0,0,0,0.041582,0.138672000001,-0.0833399999978,0.005367,0.00865200000008,-0.00471699999986
1626,3.257524783,-0.459553963282,-3.82066262179,-9.20635422428,0.145573440128,-0.025979907384,0.00251478824283,0,0,0,0,0,0,0.041582,0.138672000001,-0.0833399999978,0.005367,0.00865200000008,-0.00471699999986
1627,3.259516980,0.0820693529394,-3.47537360374,-8.84927671486,0.137624677519,-0.0283739106107,0.00862671617965,0,0,0,0,0,0,0.041582,0.138672000001,-0.0833399999978,0.005367,0.00865200000008,-0.00471699999986
1628,3.261518624,0.447333830358,-4.09531702413,-9.0622994455,0.154324020034,0.00119590016784,0.00710394122599,0,0,0,0,0,0,0.041582,0.138672000001,-0.0833399999978,0.005367,0.00865200000008,-0.00471699999986
1629,3.263525337,-0.191756529914,-3.89121482386,-9.05861404934,0.152730941267,-0.0166730926873,0.00869253310086,0,0,0,0,0,0,0.071582,0.098672000002,-0.123340999998,0.004367,0.00565200000004,-0.00271699999991
1630,3.265523014,0.0258226628193,-3.96550988956,-9.02239258604,0.14033805094,-0.0157336960691,0.00641287982206,0,0,0,0,0,0,0.071582,0.098672000002,-0.123340999998,0.004367,0.00565200000004,-0.00271699999991
1631,3.267515301,-0.37527499683,-3.94145330122,-9.45771195563,0.147229127545,-0.0144209811735,0.00775721891857,0,0,0,0,0,0,0.071582,0.098672000002,-0.123340999998,0.004367,0.00565200000004,-0.00271699999991
1632,3.269523778,0.277149230135,-4.08687443134,-9.10775777636,0.155534589384,-0.00945276821177,0.00789108540305,0,0,0,0,0,0,0.071582,0.098672000002,-0.123340999998,0.004367,0.00565200000004,-0.00271699999991
1633,3.271529930,0.0679497717262,-3.98731297583,-8.71179127719,0.154465765282,-0.00952288657428,0.00278176073528,0,0,0,0,0,0,0.051582,0.0886720000033,-0.203340999999,0.006367,0.00465200000004,-0.00271699999993
1634,3.273542645,0.00722036044004,-4.34684924786,-8.78464278008,0.163378760124,-0.0134776111212,0.010509726974,0,0,0,0,0,0,0.051582,0.0886720000033,-0.203340999999,0.006367,0.00465200000004,-0.00271699999993
1635,3.275569888,0.100820044186,-3.58019339252,-9.10086853882,0.136770420215,-0.00347926038377,0.00850478162076,0,0,0,0,0,0,0.051582,0.0886720000033,-0.203340999999,0.006367,0.00465200000004,-0.00271699999993
1636,3.277535755,-0.302989934554,-4.22823550006,-8.91853845804,0.160893942721,-0.0264071099066,0.00112277883533,0,0,0,0,0,0,0.051582,0.0886720000033,-0.203340999999,0.006367,0.00465200000004,-0.00271699999993
1637,3.279525868,0.027641958572,-3.89167938662,-8.7382920323,0.155626857028,-0.0297325319222,0.0192519443852,0,0,0,0,0,0,0.081582,0.108672000002,-0.103339999998,0.004367,0.00565200000004,-0.00271699999991
1638,3.281526751,-0.0262596023302,-3.93401140527,-9.13259772122,0.131264680795,-0.0030817901283,0.00810470162983,0,0,0,0,0,0,0.081582,0.108672000002,-0.103339999998,0.004367,0.00565200000004,-0.00271699999991
1639,3.283524357,0.111666931412,-4.11380673573,-8.34003683807,0.174680824653,-0.0240722533165,0.0199009474211,0,0,0,0,0,0,0.081582,0.108672000002,-0.103339999998,0.004367,0.00565200000004,-0.00271699999991
1640,3.285525000,-0.35615660609,-4.16456335891,-8.91345125642,0.14841229978,-0.0192450029177,0.00310288045668,0,0,0,0,0,0,0.081582,0.108672000002,-0.103339999998,0.004367,0.00565200000004,-0.00271699999991
1641,3.287524971,-0.913697762231,-3.79066826945,-8.83698253561,0.138297984204,-0.0326564174519,0.00316789398352,0,0,0,0,0,0,0.121582,0.118672000003,-0.163339999998,0.001367,0.00465200000003,-0.00171699999993
1642,3.289524371,-0.339672434287,-4.10495394393,-8.79844369253,0.155202442772,-0.0192352199503,0.00203876922673,0,0,0,0,0,0,0.121582,0.118672000003,-0.163339999998,0.001367,0.00465200000003,-0.00171699999993
1643,3.291515114,-0.0476449615408,-4.05223399228,-9.16074076063,0.14976733428,-0.0055755335032,0.00874727252499,0,0,0,0,0,0,0.121582,0.118672000003,-0.163339999998,0.001367,0.00465200000003,-0.00171699999993
1644,3.293520436,-0.0289345067692,-3.79054361726,-8.81863511021,0.149455633666,-0.0159253681215,0.00979912486041,0,0,0,0,0,0,0.121582,0.118672000003,-0.163339999998,0.001367,0.00465200000003,-0.00171699999993
1645,3.295524094,-0.16942785757,-3.88856140752,-8.73837761591,0.149171741046,-0.0260363955138,0.0209074011309,0,0,0,0,0,0,0.061582,0.108672000003,-0.203340999998,0.008367,0.0106520000001,-0.00471699999983
1646,3.297527501,0.0512039304876,-4.09040916052,-9.20024083158,0.14110135376,0.00547314848401,0.00424822949123,0,0,0,0,0,0,0.061582,0.108672000003,-0.203340999998,0.008367,0.0106520000001,-0.00471699999983
1647,3.299523946,-0.179722027974,-4.20418319281,-8.88834344629,0.152679078941,-0.0194897091283,0.0151902603428,0,0,0,0,0,0,0.061582,0.108672000003,-0.203340999998,0.008367,0.0106520000001,-0.00471699999983
1648,3.301546409,-0.563309638619,-4.0220824983,-8.78562152534,0.155192952153,-0.0316131748584,0.0068063348861,0,0,0,0,0,0,0.061582,0.108672000003,-0.203340999998,0.008367,0.0106520000001,-0.00471699999983
1649,3.303571317,0.323389528362,-4.11515434017,-8.84594391386,0.149321969532,0.00450963704911,0.00679023731524,0,0,0,0,0,0,0.131582,0.0986720000007,-0.0433409999984,-0.000633,-0.00134800000002,0.00128299999998
1650,3.305528889,0.205668672029,-4.50362457132,-9.11357669447,0.168222617283,-0.0138762258427,0.0116980847067,0,0,0,0,0,0,0.131582,0.0986720000007,-0.0433409999984,-0.000633,-0.00134800000002,0.00128299999998
1651,3.307521336,0.161000133495,-4.02414366967,-8.81279232604,0.151167873174,-0.00525941358982,0.00808766622246,0,0,0,0,0,0,0.131582,0.0986720000007,-0.0433409999984,-0.000633,-0.00134800000002,0.00128299999998
1652,3.309521667,-0.480418869508,-4.34811108731,-8.98020841612,0.148329924271,-0.0213315730141,0.00483653113865,0,0,0,0,0,0,0.131582,0.0986720000007,-0.0433409999984,-0.000633,-0.00134800000002,0.00128299999998
1653,3.311527028,-0.0461621849206,-4.0992976014,-8.85631227266,0.155239860049,-0.0221767585393,0.0150709159368,0,0,0,0,0,0,0.071582,0.0486719999988,0.0766600000008,0.007367,0.00565200000004,-0.00271699999991
1654,3.313524344,-0.226551026398,-3.88291668548,-9.04182038244,0.141712249893,-0.00217811813486,0.0066578031263,0,0,0,0,0,0,0.071582,0.0486719999988,0.0766600000008,0.007367,0.00565200000004,-0.00271699999991
1655,3.315515259,-0.268631812885,-4.56157643715,-8.75760224442,0.176411523709,-0.0233131148397,0.0163979390185,0,0,0,0,0,0,0.071582,0.0486719999988,0.0766600000008,0.007367,0.00565200000004,-0.00271699999991
1656,3.317521011,-0.091459344583,-4.19050276851,-9.12957159433,0.142646863285,-0.00353864160557,0.00448588431358,0,0,0,0,0,0,0.071582,0.0486719999988,0.0766600000008,0.007367,0.00565200000004,-0.00271699999991
1657,3.319528115,0.0943094273071,-4.00526799645,-8.58896585054,0.158794114114,-0.026115535403,-0.00244894677221,0,0,0,0,0,0,0.091582,0.0786719999993,0.0466590000013,0.005367,0.00465200000004,-0.00271699999993
1658,3.321526453,0.284600494257,-3.83986550395,-8.89851665354,0.145205682941,-0.0116695727619,0.0153669823491,0,0,0,0,0,0,0.091582,0.0786719999993,0.0466590000013,0.005367,0.00465200000004,-0.00271699999993
1659,3.323509012,0.214995887072,-3.76981627013,-9.09946463966,0.146514279434,-0.0091382995258,0.00629586110425,0,0,0,0,0,0,0.091582,0.0786719999993,0.0466590000013,0.005367,0.00465200000004,-0.00271699999993
1660,3.325510776,0.161599476155,-4.07424062058,-8.90599376343,0.145153356876,-0.00568108106934,0.0146554224969,0,0,0,0,0,0,0.091582,0.0786719999993,0.0466590000013,0.005367,0.00465200000004,-0.00271699999993
1661,3.327523822,0.0162415742642,-3.96307213157,-9.05215889199,0.151188080628,-0.0112712558518,0.0116044614363,0,0,0,0,0,0,0.061582,0.0586719999989,0.0666600000009,0.007367,0.00665200000004,-0.00271699999989
1662,3.329514045,0.382131194424,-3.8815217296,-8.45930862763,0.147896084627,-0.00938326175834,0.0214178252158,0,0,0,0,0,0,0.061582,0.0586719999989,0.0666600000009,0.007367,0.00665200000004,-0.00271699999989
1663,3.331518234,-0.012613636443,-4.37409871731,-9.27699091569,0.151758704421,-0.00519060558492,0.00588837205838,0,0,0,0,0,0,0.061582,0.0586719999989,0.0666600000009,0.007367,0.00665200000004,-0.00271699999989
1664,3.333520118,-0.0209520206667,-3.32435469348,-8.61051185139,0.143629340586,-0.0169239386762,0.0106559172916,0,0,0,0,0,0,0.061582,0.0586719999989,0.0666600000009,0.007367,0.00665200000004,-0.00271699999989
1665,3.335524047,0.459465293361,-4.19948074043,-8.64855243066,0.169468408996,-0.00837062178587,0.00277263625912,0,0,0,0,0,0,0.071582,0.118672,0.0066600000019,0.004367,0.00465200000003,-0.00171699999993
1666,3.337525631,-0.00897224580719,-4.0076696001,-8.81464593876,0.161822740572,-0.0151625169769,0.0158131812551,0,0,0,0,0,0,0.071582,0.118672,0.0066600000019,0.004367,0.00465200000003,-0.00171699999993
1667,3.339518970,-0.220234627578,-3.58145031468,-9.18996402302,0.127614309897,-0.000246469543718,0.0101981470099,0,0,0,0,0,0,0.071582,0.118672,0.0066600000019,0.004367,0.00465200000003,-0.00171699999993
1668,3.341526585,0.165509585301,-4.25103594021,-8.44900075512,0.168428013221,-0.0199692478758,0.0180440165941,0,0,0,0,0,0,0.071582,0.118672,0.0066600000019,0.004367,0.00465200000003,-0.00171699999993
1669,3.343525504,-0.145434643883,-3.75758202871,-8.88798856629,0.138950860809,-0.00707759372574,0.0155255494345,0,0,0,0,0,0,0.091582,0.0986720000033,-0.203340999998,0.003367,0.00465200000003,-0.00171699999993
1670,3.345529132,-0.123446119104,-4.11086943097,-9.03971706342,0.154991940632,-0.00971775373556,0.00534274718617,0,0,0,0,0,0,0.091582,0.0986720000033,-0.203340999998,0.003367,0.00465200000003,-0.00171699999993
1671,3.347519385,-0.365967583249,-3.4596932147,-8.9900123606,0.137674765598,-0.0267551934835,0.0161512134181,0,0,0,0,0,0,0.091582,0.0986720000033,-0.203340999998,0.003367,0.00465200000003,-0.00171699999993
1672,3.349520609,-0.0375828894961,-3.95764796813,-9.12513685957,0.145286953027,-0.0086132768423,0.00813066483314,0,0,0,0,0,0,0.091582,0.0986720000033,-0.203340999998,0.003367,0.00465200000003,-0.00171699999993
1673,3.351559302,0.144839916251,-3.95492325714,-8.91447459492,0.15034569098,-0.00897824862823,0.0101767667209,0,0,0,0,0,0,0.131582,0.128672000002,-0.123340999998,-0.001633,0.000651999999995,0.00028300000001
1674,3.353526983,-0.0319817053404,-4.33935836847,-8.9716670456,0.151936983989,-0.00369979221074,0.00681806224232,0,0,0,0,0,0,0.131582,0.128672000002,-0.123340999998,-0.001633,0.000651999999995,0.00028300000001
1675,3.355525090,-0.0346747991046,-4.17142942096,-8.76069208232,0.16216154966,-0.0186663260962,-0.000446663694059,0,0,0,0,0,0,0.131582,0.128672000002,-0.123340999998,-0.001633,0.000651999999995,0.00028300000001
1676,3.357543777,-0.0797736270264,-3.83391885874,-9.42804449479,0.137006576766,-0.00257069258536,0.00415819967512,0,0,0,0,0,0,0.131582,0.128672000002,-0.123340999998,-0.001633,0.000651999999995,0.00028300000001
1677,3.359544910,-0.0638226267705,-4.29864132914,-8.90026430567,0.165134163635,-0.0117061624682,0.0161654529357,0,0,0,0,0,0,0.181582,0.158672000007,-0.423339999997,-0.001633,0.00265200000003,-0.00171699999996
1678,3.361524523,-0.121207581034,-3.73196582683,-8.76887237505,0.151837058054,-0.0165110129756,0.0132280800223,0,0,0,0,0,0,0.181582,0.158672000007,-0.423339999997,-0.001633,0.00265200000003,-0.00171699999996
1679,3.363526628,-0.169203208003,-3.90646046206,-8.78795229418,0.153063043805,-0.0307684452071,0.0161813128188,0,0,0,0,0,0,0.181582,0.158672000007,-0.423339999997,-0.001633,0.00265200000003,-0.00171699999996
1680,3.365522011,0.239920471576,-4.03532346679,-8.95174532937,0.138909288116,-0.002399708748,0.00787675560813,0,0,0,0,0,0,0.181582,0.158672000007,-0.423339999997,-0.001633,0.00265200000003,-0.00171699999996
1681,3.367521801,-0.252485099572,-4.0064951829,-8.96774259708,0.143382491444,-0.015831638572,0.000170974519689,0,0,0,0,0,0,0.141582,0.128672000005,-0.283339999998,-0.000633,0.00265200000001,-0.000716999999958
1682,3.369555886,-0.326294635874,-4.04209035375,-8.90687414383,0.14254330054,-0.0174145354622,0.00747586137088,0,0,0,0,0,0,0.141582,0.128672000005,-0.283339999998,-0.000633,0.00265200000001,-0.000716999999958
1683,3.371541841,0.22526409357,-4.12262656258,-8.64948903123,0.156952790716,-0.0100318281425,0.0115475503544,0,0,0,0,0,0,0.141582,0.128672000005,-0.283339999998,-0.000633,0.00265200000001,-0.000716999999958
1684,3.373556440,0.11555913909,-3.81592768643,-8.8855273268,0.14469238542,-0.0100461326065,0.00832924234112,0,0,0,0,0,0,0.141582,0.128672000005,-0.283339999998,-0.000633,0.00265200000001,-0.000716999999958
1685,3.375613157,0.222586655398,-3.76952772841,-9.06471025818,0.140942639676,-0.0058313380676,0.00378990435517,0,0,0,0,0,0,0.061582,0.108672,0.0166610000017,0.003367,0.00565200000006,-0.00371699999991
1686,3.377576239,-0.0269525788874,-3.96735492161,-8.63953554706,0.162231693741,-0.0196567307647,0.00598480544729,0,0,0,0,0,0,0.061582,0.108672,0.0166610000017,0.003367,0.00565200000006,-0.00371699999991
1687,3.379541566,-0.300408059031,-3.80564747284,-8.59739516735,0.154492043401,-0.0309672322579,0.0140536879241,0,0,0,0,0,0,0.061582,0.108672,0.0166610000017,0.003367,0.00565200000006,-0.00371699999991
1688,3.381555573,0.161352655054,-4.28827720703,-8.45944106207,0.167458318039,-0.017495438197,0.0114768135906,0,0,0,0,0,0,0.061582,0.108672,0.0166610000017,0.003367,0.00565200000006,-0.00371699999991
1689,3.383549112,-0.537322691918,-4.05036476968,-8.5810195095,0.16435194803,-0.0276153551293,0.0133848534513,0,0,0,0,0,0,0.041582,0.118672000001,-0.0633389999981,0.007367,0.00865200000008,-0.00471699999986
1690,3.385559773,-0.017353713108,-4.08671311224,-8.95375064231,0.166230189486,-0.0151534856036,0.0180021141759,0,0,0,0,0,0,0.041582,0.118672000001,-0.0633389999981,0.007367,0.00865200000008,-0.00471699999986
1691,3.387538905,0.271132608031,-3.87087707525,-8.97794373158,0.150026975298,-0.0012302173725,0.00819361494437,0,0,0,0,0,0,0.041582,0.118672000001,-0.0633389999981,0.007367,0.00865200000008,-0.00471699999986
1692,3.389553003,0.0613996487335,-4.20752900039,-8.33643108674,0.172317989337,-0.0337358612645,0.00997673004478,0,0,0,0,0,0,0.041582,0.118672000001,-0.0633389999981,0.007367,0.00865200000008,-0.00471699999986
1693,3.391546431,-0.3310721526,-4.70226425042,-8.46290117912,0.183280597813,-0.0270354498663,0.0161476108324,0,0,0,0,0,0,0.071582,0.118672000004,-0.233338999998,0.009367,0.0106520000001,-0.00671699999983
1694,3.393546483,0.113614425221,-3.85144677183,-8.7425089912,0.153053333403,-0.012587570294,0.00454436932212,0,0,0,0,0,0,0.071582,0.118672000004,-0.233338999998,0.009367,0.0106520000001,-0.00671699999983
1695,3.395541835,0.334149425038,-4.47575230008,-8.81581743564,0.162501679859,0.00146235103437,0.00703811562856,0,0,0,0,0,0,0.071582,0.118672000004,-0.233338999998,0.009367,0.0106520000001,-0.00671699999983
1696,3.397538340,-0.443731718322,-4.20666697876,-8.86962074209,0.149182272226,-0.0118615064524,0.0138265939071,0,0,0,0,0,0,0.071582,0.118672000004,-0.233338999998,0.009367,0.0106520000001,-0.00671699999983
1697,3.399547809,0.167928819753,-3.85592188349,-8.79783687385,0.147314433466,-0.00659542302286,0.0120621308739,0,0,0,0,0,0,0.071582,0.118672,-0.0133399999981,0.005367,0.00665200000008,-0.00471699999989
1698,3.401548652,-0.220408766049,-4.08033166864,-9.07684585675,0.144722840724,-0.0111862029661,0.0128124605346,0,0,0,0,0,0,0.071582,0.118672,-0.0133399999981,0.005367,0.00665200000008,-0.00471699999989
1699,3.403567749,0.502989340904,-4.00986545718,-8.78781216864,0.156218749254,0.00208473235692,0.0123815598395,0,0,0,0,0,0,0.071582,0.118672,-0.0133399999981,0.005367,0.00665200000008,-0.00471699999989
1700,3.405553012,-0.427788090885,-4.29199443362,-8.54718892565,0.161657776295,-0.0322295373549,0.00837440848582,0,0,0,0,0,0,0.071582,0.118672,-0.0133399999981,0.005367,0.00665200000008,-0.00471699999989
1701,3.407529950,0.00397101430686,-3.96171582453,-9.27863279469,0.14069837357,0.00400534816276,0.000323086360709,0,0,0,0,0,0,0.131582,0.138672000003,-0.183339999998,0.003367,0.00465200000006,-0.00371699999993
1702,3.409562732,0.206581360655,-4.09699574732,-8.79142850252,0.157816616129,-0.00737899554699,0.0112700116644,0,0,0,0,0,0,0.131582,0.138672000003,-0.183339999998,0.003367,0.00465200000006,-0.00371699999993
1703,3.411538819,-0.238298550311,-4.17336321225,-8.86233603994,0.167780778321,-0.0305108005814,0.0107003276745,0,0,0,0,0,0,0.131582,0.138672000003,-0.183339999998,0.003367,0.00465200000006,-0.00371699999993
1704,3.413549209,-0.112489780599,-4.28841236674,-8.52342428094,0.168895914564,-0.0268884549626,0.0125326803673,0,0,0,0,0,0,0.131582,0.138672000003,-0.183339999998,0.003367,0.00465200000006,-0.00371699999993
1705,3.415545163,0.103950960917,-3.73524058355,-8.88553071498,0.141910444849,-0.01157511666,0.0105432423261,0,0,0,0,0,0,0.101582,0.138671999999,0.0466590000022,0.000367,0.00265200000004,-0.00271699999996
1706,3.417548280,0.142566037655,-3.73293538912,-9.03906473428,0.140960587412,-0.00390645555453,0.0036903065796,0,0,0,0,0,0,0.101582,0.138671999999,0.0466590000022,0.000367,0.00265200000004,-0.00271699999996
1707,3.419543122,-0.412551262758,-4.08969875167,-9.22721328971,0.146279932356,-0.0238935684427,0.00556946988372,0,0,0,0,0,0,0.101582,0.138671999999,0.0466590000022,0.000367,0.00265200000004,-0.00271699999996
1708,3.421541159,-0.161193335018,-4.03684403757,-9.08038106881,0.145967705887,-0.00964997214719,0.00373177020721,0,0,0,0,0,0,0.101582,0.138671999999,0.0466590000022,0.000367,0.00265200000004,-0.00271699999996
1709,3.423553133,-0.309311174089,-3.85314299257,-8.99676579185,0.15566887272,-0.0270131022033,-0.00276223785372,0,0,0,0,0,0,0.061582,0.0886720000002,-0.0133399999986,0.005367,0.00665200000006,-0.00371699999989
1710,3.425553184,-0.25863852934,-3.89006170196,-9.05837369809,0.138301925542,-0.0151138657014,0.00140100938705,0,0,0,0,0,0,0.061582,0.0886720000002,-0.0133399999986,0.005367,0.00665200000006,-0.00371699999989
1711,3.427536544,0.174841434142,-4.02553905303,-8.53843954384,0.158088180585,-0.0152491570145,0.00301717602633,0,0,0,0,0,0,0.061582,0.0886720000002,-0.0133399999986,0.005367,0.00665200000006,-0.00371699999989
1712,3.429540252,0.172974104753,-4.1971783689,-8.93342135741,0.145408227477,0.00351480481626,0.00115345018219,0,0,0,0,0,0,0.061582,0.0886720000002,-0.0133399999986,0.005367,0.00665200000006,-0.00371699999989
1713,3.431546605,0.198982455018,-3.86666224394,-9.18231490458,0.158300825167,-0.0180646693162,0.0176017024972,0,0,0,0,0,0,0.091582,0.0886719999997,0.0166610000014,0.002367,0.00165200000001,-0.000716999999974
1714,3.433564279,0.188342027575,-3.98170641731,-8.79114852492,0.150378380698,-0.00280956118521,0.0135151824486,0,0,0,0,0,0,0.091582,0.0886719999997,0.0166610000014,0.002367,0.00165200000001,-0.000716999999974
1715,3.435555504,-0.368800133585,-4.04431360008,-8.97480620784,0.158120046654,-0.0126805471051,0.00820297877995,0,0,0,0,0,0,0.091582,0.0886719999997,0.0166610000014,0.002367,0.00165200000001,-0.000716999999974
1716,3.437550856,0.434996792468,-3.7060792405,-9.06535936731,0.142524469538,0.00296133556411,0.00980309762151,0,0,0,0,0,0,0.091582,0.0886719999997,0.0166610000014,0.002367,0.00165200000001,-0.000716999999974
1717,3.439550337,0.19274738159,-4.12033163933,-9.01662905027,0.150926493572,-0.00485505252474,0.00819471363382,0,0,0,0,0,0,0.151582,0.138672000002,-0.133338999998,-0.003633,-0.001348,0.000282999999978
1718,3.441540259,0.340260478176,-4.01253381063,-8.86324418792,0.15130733409,-0.00423278105346,0.0121385448942,0,0,0,0,0,0,0.151582,0.138672000002,-0.133338999998,-0.003633,-0.001348,0.000282999999978
1719,3.443543086,0.725697417643,-3.82877806999,-8.98022616626,0.153230801728,0.0109194164718,-0.000161856502855,0,0,0,0,0,0,0.151582,0.138672000002,-0.133338999998,-0.003633,-0.001348,0.000282999999978
1720,3.445541223,-0.469675628532,-3.78267990696,-9.10150791306,0.136221564851,-0.0186984646708,-0.00140273695614,0,0,0,0,0,0,0.151582,0.138672000002,-0.133338999998,-0.003633,-0.001348,0.000282999999978
1721,3.447554940,-0.0625653412331,-4.26905249655,-8.63882574318,0.168779110568,-0.02196424921,0.0141988005664,0,0,0,0,0,0,0.061582,0.118672000002,-0.103339999998,0.004367,0.00665200000006,-0.00371699999989
1722,3.449599845,-0.153823693885,-3.82125244268,-8.89359178095,0.13585111303,-0.00298571806561,-0.00142568021134,0,0,0,0,0,0,0.061582,0.118672000002,-0.103339999998,0.004367,0.00665200000006,-0.00371699999989
1723,3.451572225,-0.123056093708,-4.27608709462,-8.40158982179,0.166324147475,-0.0256599008871,0.013802982095,0,0,0,0,0,0,0.061582,0.118672000002,-0.103339999998,0.004367,0.00665200000006,-0.00371699999989
1724,3.453550525,0.296413470703,-4.28889337472,-8.32436611606,0.176612826414,-0.0174672351518,0.0216262861388,0,0,0,0,0,0,0.061582,0.118672000002,-0.103339999998,0.004367,0.00665200000006,-0.00371699999989
1725,3.455557549,-0.165381329251,-4.20586567689,-8.60435285003,0.177712330495,-0.0338564289108,0.011866766823,0,0,0,0,0,0,0.141582,0.128672000001,-0.0733389999979,-0.001633,-0.002348,0.000282999999962
1726,3.457568251,-0.0105910825268,-4.28391465967,-8.3181866545,0.167908785435,-0.0338652439893,0.0139105486532,0,0,0,0,0,0,0.141582,0.128672000001,-0.0733389999979,-0.001633,-0.002348,0.000282999999962
1727,3.459547974,-0.170280274175,-4.16317511158,-8.64600449659,0.166306437428,-0.0256000494432,0.0216388502911,0,0,0,0,0,0,0.141582,0.128672000001,-0.0733389999979,-0.001633,-0.002348,0.000282999999962
1728,3.461546282,0.102006909071,-3.89112638513,-8.34144240825,0.157133100056,-0.0204226438059,0.0124900409981,0,0,0,0,0,0,0.141582,0.128672000001,-0.0733389999979,-0.001633,-0.002348,0.000282999999962
1729,3.463554138,0.253944957373,-4.10553816102,-8.42837114053,0.165123980629,-0.0121850617043,0.00223621124646,0,0,0,0,0,0,0.081582,0.128672,-0.0133399999979,0.001367,0.00365200000003,-0.00171699999994
1730,3.465551494,0.235793249439,-4.28725188524,-8.4569799029,0.165574670954,-0.00332607383114,0.00971713063644,0,0,0,0,0,0,0.081582,0.128672,-0.0133399999979,0.001367,0.00365200000003,-0.00171699999994
1731,3.467543540,-0.611058343358,-4.05596590042,-8.70763267384,0.162195509907,-0.0364329108683,0.0167149486864,0,0,0,0,0,0,0.081582,0.128672,-0.0133399999979,0.001367,0.00365200000003,-0.00171699999994
1732,3.469548561,0.0312793136309,-3.7538082614,-8.82818603899,0.145331758318,-0.00603802243708,0.0069219385126,0,0,0,0,0,0,0.081582,0.128672,-0.0133399999979,0.001367,0.00365200000003,-0.00171699999994
1733,3.471557068,-0.105058682281,-4.0035214667,-8.93691156345,0.152305475837,-0.00798049164724,9.56011856021e-05,0,0,0,0,0,0,0.071582,0.148672000001,-0.0533389999976,0.002367,0.00365200000001,-0.000716999999942
1734,3.473566276,0.508210859254,-3.75137225571,-8.69279285322,0.145286296863,-0.00252089331517,0.0142168331792,0,0,0,0,0,0,0.071582,0.148672000001,-0.0533389999976,0.002367,0.00365200000001,-0.000716999999942
1735,3.475574813,0.598562928624,-4.00213734529,-9.11821934698,0.147941049315,0.00487527718216,-0.000417333424353,0,0,0,0,0,0,0.071582,0.148672000001,-0.0533389999976,0.002367,0.00365200000001,-0.000716999999942
1736,3.477558123,0.0980321131016,-4.24964675622,-9.06386227167,0.152592635068,-0.0099286850507,0.00154117194043,0,0,0,0,0,0,0.071582,0.148672000001,-0.0533389999976,0.002367,0.00365200000001,-0.000716999999942
1737,3.479537476,-0.436450230076,-3.84846384031,-9.25465699471,0.134902626699,-0.0168511045009,-0.00456234307638,0,0,0,0,0,0,0.091582,0.128672,-0.00333999999794,-0.000633,0.001652,0.000283000000026
1738,3.481551964,-0.359619778523,-3.74431521456,-9.21218892259,0.145117432679,-0.0187558159071,0.00889702528724,0,0,0,0,0,0,0.091582,0.128672,-0.00333999999794,-0.000633,0.001652,0.000283000000026
1739,3.483527831,-0.267280229749,-3.88210763095,-9.37016339881,0.14462986117,-0.0164355189946,-0.00488575657744,0,0,0,0,0,0,0.091582,0.128672,-0.00333999999794,-0.000633,0.001652,0.000283000000026
1740,3.485545845,-0.194531707033,-3.98684644068,-8.85951063813,0.151360656219,-0.0190111484787,0.00800486807806,0,0,0,0,0,0,0.091582,0.128672,-0.00333999999794,-0.000633,0.001652,0.000283000000026
1741,3.487535738,-0.0527374825555,-3.58588168497,-8.89193619368,0.143231846505,-0.0170313952125,0.0146480269789,0,0,0,0,0,0,0.041582,0.0986719999985,0.0966610000016,0.004367,0.00665200000003,-0.00171699999989
1742,3.489565765,-0.218567515487,-3.71255858136,-9.48659011988,0.135545617912,-0.0118006564305,-0.00476431466667,0,0,0,0,0,0,0.041582,0.0986719999985,0.0966610000016,0.004367,0.00665200000003,-0.00171699999989
1743,3.491537453,0.137067532599,-3.99657279393,-8.99037986995,0.140854610704,0.000361123186291,0.00305492635422,0,0,0,0,0,0,0.041582,0.0986719999985,0.0966610000016,0.004367,0.00665200000003,-0.00171699999989
1744,3.493544607,-0.606858664789,-3.37328054476,-9.17297471871,0.132617177432,-0.0296871839366,0.00287494090183,0,0,0,0,0,0,0.041582,0.0986719999985,0.0966610000016,0.004367,0.00665200000003,-0.00171699999989
1745,3.495539759,0.056529331093,-3.80884306764,-8.60784209622,0.14935714172,-0.0172852003966,0.00952303243263,0,0,0,0,0,0,0.071582,0.108672000002,-0.103339999998,0.004367,0.00765200000004,-0.00271699999988
1746,3.497551593,-0.178936212444,-4.08657044159,-8.8357583153,0.154563006899,-0.020769401515,0.0091517392304,0,0,0,0,0,0,0.071582,0.108672000002,-0.103339999998,0.004367,0.00765200000004,-0.00271699999988
1747,3.499535624,-0.263917073001,-4.24488451015,-8.9683612319,0.160114750238,-0.0152624113004,0.00319041887748,0,0,0,0,0,0,0.071582,0.108672000002,-0.103339999998,0.004367,0.00765200000004,-0.00271699999988
1748,3.501543320,0.150943291625,-4.07185686887,-8.90482331993,0.14758057616,-0.0171063108219,0.000827207400193,0,0,0,0,0,0,0.071582,0.108672000002,-0.103339999998,0.004367,0.00765200000004,-0.00271699999988
1749,3.503593505,-0.0215647674277,-4.01298859612,-8.73731475795,0.155100198662,-0.0144698338184,0.0036587193384,0,0,0,0,0,0,0.081582,0.0986720000033,-0.203340999998,0.003367,0.00565200000003,-0.00171699999991
1750,3.505559983,-0.031445951047,-4.00786678053,-8.67700596353,0.151717091814,-0.0087777270991,0.0148512259926,0,0,0,0,0,0,0.081582,0.0986720000033,-0.203340999998,0.003367,0.00565200000003,-0.00171699999991
1751,3.507541480,0.10299389284,-3.92042956414,-8.63252102511,0.144020552047,-0.0112376766615,0.00857122744492,0,0,0,0,0,0,0.081582,0.0986720000033,-0.203340999998,0.003367,0.00565200000003,-0.00171699999991
1752,3.509571597,0.18124822414,-4.07872225415,-8.60922908882,0.159192978698,-0.0144279186116,0.00328622564123,0,0,0,0,0,0,0.081582,0.0986720000033,-0.203340999998,0.003367,0.00565200000003,-0.00171699999991
1753,3.511569925,-0.302110457427,-4.16754035401,-8.63621440016,0.164929271002,-0.029652162108,0.00885805848511,0,0,0,0,0,0,0.131582,0.118672000003,-0.183339999998,0.001367,0.00365200000001,-0.000716999999942
1754,3.513575948,-0.459007372417,-4.07507885291,-9.18183091558,0.148150719027,-0.0134143301785,0.0103157965788,0,0,0,0,0,0,0.131582,0.118672000003,-0.183339999998,0.001367,0.00365200000001,-0.000716999999942
1755,3.515537838,-0.279529679212,-4.13610551265,-8.80819085417,0.158871679536,-0.0172616727389,0.0227871002717,0,0,0,0,0,0,0.131582,0.118672000003,-0.183339999998,0.001367,0.00365200000001,-0.000716999999942
1756,3.517555091,0.0333567517683,-3.96087997231,-8.99723902774,0.144900983278,-0.00793417998674,0.00499650405806,0,0,0,0,0,0,0.131582,0.118672000003,-0.183339999998,0.001367,0.00365200000001,-0.000716999999942
1757,3.519549852,-0.249107048686,-3.83456431615,-8.85997956176,0.1499038561,-0.0144345385142,0.00787631103683,0,0,0,0,0,0,0.141582,0.148672000001,-0.0333399999976,-0.002633,0.000651999999995,0.00028300000001
1758,3.521561956,0.264649804109,-4.0801267644,-9.04948114556,0.152146089842,-0.00234906143676,0.0126550589665,0,0,0,0,0,0,0.141582,0.148672000001,-0.0333399999976,-0.002633,0.000651999999995,0.00028300000001
1759,3.523550627,0.105950114825,-4.08041516343,-9.19899934325,0.152228715537,-0.0106132087052,0.0043180073316,0,0,0,0,0,0,0.141582,0.148672000001,-0.0333399999976,-0.002633,0.000651999999995,0.00028300000001
1760,3.525547442,-0.02786610108,-3.94172793996,-8.71359919186,0.150081577666,-0.00989176390727,0.0045490678506,0,0,0,0,0,0,0.141582,0.148672000001,-0.0333399999976,-0.002633,0.000651999999995,0.00028300000001
1761,3.527548535,-0.0499513753564,-4.30885186121,-8.89249719186,0.157347216848,-0.00183815035562,0.00662953910511,0,0,0,0,0,0,0.141582,0.148672000002,-0.103339999998,0.000367,0.00365200000001,-0.000716999999942
1762,3.529557533,-0.0176287673062,-3.98637037748,-8.86365689486,0.159426499679,-0.019073837208,0.0206219911276,0,0,0,0,0,0,0.141582,0.148672000002,-0.103339999998,0.000367,0.00365200000001,-0.000716999999942
1763,3.531541263,0.23357515084,-3.97046156462,-9.08433264976,0.144200654606,-0.00247583673178,0.00989472014363,0,0,0,0,0,0,0.141582,0.148672000002,-0.103339999998,0.000367,0.00365200000001,-0.000716999999942
1764,3.533546845,0.449727517116,-4.01366036538,-8.84001467734,0.159549510149,-0.00983514197809,0.00749489054405,0,0,0,0,0,0,0.141582,0.148672000002,-0.103339999998,0.000367,0.00365200000001,-0.000716999999942
1765,3.535545844,-0.0261683642533,-4.20953328752,-8.83869494719,0.156941940691,-0.00479965686814,0.00101095274855,0,0,0,0,0,0,0.101582,0.0886719999972,0.176661000001,0.002367,0.00365200000003,-0.00171699999994
1766,3.537554261,-0.151642385184,-3.73499179936,-8.79867340532,0.146524538526,-0.0204523195516,0.00795127273845,0,0,0,0,0,0,0.101582,0.0886719999972,0.176661000001,0.002367,0.00365200000003,-0.00171699999994
1767,3.539559332,-0.0752707166641,-4.15278136579,-9.07928752803,0.159800651815,-0.0048195382649,0.00112145993627,0,0,0,0,0,0,0.101582,0.0886719999972,0.176661000001,0.002367,0.00365200000003,-0.00171699999994
1768,3.541564202,-0.00899072966364,-4.01682560576,-9.2018293244,0.143080768213,-0.00304687775707,0.00348378408483,0,0,0,0,0,0,0.101582,0.0886719999972,0.176661000001,0.002367,0.00365200000003,-0.00171699999994
1769,3.543549656,-0.506953952288,-3.98594719475,-8.7056953384,0.158257344867,-0.0303373619801,0.0023473262588,0,0,0,0,0,0,0.151582,0.138672000001,-0.0533389999978,-0.000633,0.000652000000011,-0.00071699999999
1770,3.545551781,0.206474332612,-4.13361662971,-8.99015042877,0.161803269914,-0.0012139312432,0.00980094582759,0,0,0,0,0,0,0.151582,0.138672000001,-0.0533389999978,-0.000633,0.000652000000011,-0.00071699999999
1771,3.547545711,-0.308043273918,-4.08701737373,-9.13178912698,0.15476107777,-0.0171142960558,0.00886465199433,0,0,0,0,0,0,0.151582,0.138672000001,-0.0533389999978,-0.000633,0.000652000000011,-0.00071699999999
1772,3.549541154,-0.60333228179,-4.25047673852,-8.83166250579,0.172134754778,-0.0374768426874,0.00589421363941,0,0,0,0,0,0,0.151582,0.138672000001,-0.0533389999978,-0.000633,0.000652000000011,-0.00071699999999
1773,3.551580268,-0.223014732659,-4.25157503334,-8.86758881987,0.160763842316,-0.0208999848309,0.0079096295393,0,0,0,0,0,0,0.081582,0.118672000003,-0.173339999998,0.006367,0.00865200000008,-0.00471699999986
1774,3.553559841,-0.481841588998,-3.95160135851,-9.28456871807,0.14433699957,-0.00850212121039,0.00244193525296,0,0,0,0,0,0,0.081582,0.118672000003,-0.173339999998,0.006367,0.00865200000008,-0.00471699999986
1775,3.555542309,0.0681100820121,-4.22668983264,-8.72763960577,0.173304273986,-0.0297592024531,0.0191117550297,0,0,0,0,0,0,0.081582,0.118672000003,-0.173339999998,0.006367,0.00865200000008,-0.00471699999986
1776,3.557551518,-0.468409501089,-4.17581340474,-8.57394969585,0.164186676745,-0.0291007295063,0.0137960217886,0,0,0,0,0,0,0.081582,0.118672000003,-0.173339999998,0.006367,0.00865200000008,-0.00471699999986
1777,3.559555246,-0.288653986122,-3.94496940707,-8.88895298398,0.139282995571,-0.0139317086829,0.00601379480684,0,0,0,0,0,0,0.091582,0.0986720000034,-0.213340999998,0.005367,0.00665200000008,-0.00471699999989
1778,3.561546491,0.410719591187,-3.96033987337,-8.85295170045,0.147894117839,-0.00422230400921,0.00314555233464,0,0,0,0,0,0,0.091582,0.0986720000034,-0.213340999998,0.005367,0.00665200000008,-0.00471699999989
1779,3.563542945,-0.820645130357,-4.44260943043,-9.13920225528,0.156644653913,-0.0185794700698,0.00474562345044,0,0,0,0,0,0,0.091582,0.0986720000034,-0.213340999998,0.005367,0.00665200000008,-0.00471699999989
1780,3.565526466,-0.321484469544,-4.05231729356,-8.8888237304,0.152722309041,-0.0188055024526,0.00733771488957,0,0,0,0,0,0,0.091582,0.0986720000034,-0.213340999998,0.005367,0.00665200000008,-0.00471699999989
1781,3.567550402,-0.0642608965786,-4.13499963146,-8.85792752457,0.145006228964,-0.0108382691599,0.00505407921503,0,0,0,0,0,0,0.081582,0.0986720000015,-0.0933399999984,0.004367,0.00665200000006,-0.00371699999989
1782,3.569555753,-0.0220436223001,-3.6737713073,-8.58975200076,0.145776671531,-0.0151386620572,0.00888232778021,0,0,0,0,0,0,0.081582,0.0986720000015,-0.0933399999984,0.004367,0.00665200000006,-0.00371699999989
1783,3.571543471,0.126467732453,-3.58614746446,-9.03841434433,0.124133588704,-0.00254147112827,0.0112525023352,0,0,0,0,0,0,0.081582,0.0986720000015,-0.0933399999984,0.004367,0.00665200000006,-0.00371699999989
1784,3.573568148,0.363448937056,-4.04045529586,-8.36013360338,0.159896394438,-0.0137908722885,0.014086703629,0,0,0,0,0,0,0.081582,0.0986720000015,-0.0933399999984,0.004367,0.00665200000006,-0.00371699999989
1785,3.575582296,-0.223152177374,-4.43051936775,-8.89481401113,0.16905863098,-0.0320360498265,0.0113766254568,0,0,0,0,0,0,0.051582,0.108672000001,-0.0533389999983,0.007367,0.00765200000009,-0.00571699999988
1786,3.577597125,-0.0349831409807,-4.08926248182,-8.6006508326,0.164185570571,-0.0274214880849,0.0109749405402,0,0,0,0,0,0,0.051582,0.108672000001,-0.0533389999983,0.007367,0.00765200000009,-0.00571699999988
1787,3.579540590,0.126016986518,-4.21952430192,-8.66320493897,0.166323553431,-0.02676431057,0.0121467060119,0,0,0,0,0,0,0.051582,0.108672000001,-0.0533389999983,0.007367,0.00765200000009,-0.00571699999988
1788,3.581547805,-0.183967174932,-4.1557220067,-9.00837516083,0.148538139662,-0.0207877017145,0.00619505030386,0,0,0,0,0,0,0.051582,0.108672000001,-0.0533389999983,0.007367,0.00765200000009,-0.00571699999988
1789,3.583550692,-0.170225885651,-3.95126510583,-9.32807007804,0.143216974522,-0.016775535655,0.00687565586153,0,0,0,0,0,0,0.071582,0.148672,-0.0133399999976,0.001367,0.00365200000004,-0.00271699999994
1790,3.585556253,0.0212258401348,-4.11401966725,-9.1105251181,0.146903812401,-0.00311172276978,-8.69058798692e-05,0,0,0,0,0,0,0.071582,0.148672,-0.0133399999976,0.001367,0.00365200000004,-0.00271699999994
1791,3.587541907,-0.350039607478,-4.14365915201,-9.42396367547,0.156772357217,-0.019132374793,-0.0023658646491,0,0,0,0,0,0,0.071582,0.148672,-0.0133399999976,0.001367,0.00365200000004,-0.00271699999994
1792,3.589547699,0.153146621146,-3.88669482122,-9.07375134726,0.146086710329,-0.00514580573036,0.0133622902526,0,0,0,0,0,0,0.071582,0.148672,-0.0133399999976,0.001367,0.00365200000004,-0.00271699999994
1793,3.591544374,-0.0996461124909,-4.02635221918,-9.20570163217,0.148461877777,-0.0112942476375,0.00708064944686,0,0,0,0,0,0,0.091582,0.138672,0.00666000000222,-0.002633,-0.000348000000005,0.000282999999994
1794,3.593552250,-0.157203868435,-3.98398061105,-9.35981972419,0.143576753084,-0.0083906360582,-0.000170488218218,0,0,0,0,0,0,0.091582,0.138672,0.00666000000222,-0.002633,-0.000348000000005,0.000282999999994
1795,3.595543775,-0.0894877705912,-4.0462017243,-8.84668753597,0.153300252327,-0.0174020792918,0.00876282704538,0,0,0,0,0,0,0.091582,0.138672,0.00666000000222,-0.002633,-0.000348000000005,0.000282999999994
1796,3.597539088,-0.240174336311,-4.23968967673,-8.97346596817,0.163209010399,-0.0211717019642,0.0128251425179,0,0,0,0,0,0,0.091582,0.138672,0.00666000000222,-0.002633,-0.000348000000005,0.000282999999994
1797,3.599553005,-0.270053940362,-3.62242994028,-9.58325718857,0.130141510612,-0.01024164065,-0.00283718917123,0,0,0,0,0,0,0.021582,0.138671999997,0.176661000002,0.002367,0.00365200000001,-0.000716999999942
1798,3.601561973,0.140394794752,-4.35524561368,-9.05099974746,0.166914929278,-0.0146454337188,0.0120931693042,0,0,0,0,0,0,0.021582,0.138671999997,0.176661000002,0.002367,0.00365200000001,-0.000716999999942
1799,3.603583825,0.453950958228,-4.06686089786,-8.91344542401,0.162568113039,-0.0161117537627,0.010411781864,0,0,0,0,0,0,0.021582,0.138671999997,0.176661000002,0.002367,0.00365200000001,-0.000716999999942
1800,3.605559270,0.00918816970343,-3.90059836494,-9.37992566997,0.139907630584,-0.00303503865882,0.010747440287,0,0,0,0,0,0,0.021582,0.138671999997,0.176661000002,0.002367,0.00365200000001,-0.000716999999942
1801,3.607555314,0.36262774494,-4.16953656481,-8.75491153602,0.170068441805,-0.0288238415004,0.0189893046549,0,0,0,0,0,0,0.081582,0.138671999997,0.186661000002,-0.000633,-0.000348000000005,0.000282999999994
1802,3.609598847,-0.215732248425,-4.12486189637,-9.00070279787,0.159933666464,-0.0205562265723,0.0129384955351,0,0,0,0,0,0,0.081582,0.138671999997,0.186661000002,-0.000633,-0.000348000000005,0.000282999999994
1803,3.611563291,0.0932070198587,-3.89271694389,-9.15785819025,0.144944967916,-0.00339639417356,0.00798111466154,0,0,0,0,0,0,0.081582,0.138671999997,0.186661000002,-0.000633,-0.000348000000005,0.000282999999994
1804,3.613537624,0.412904969197,-3.88677329125,-8.72204509616,0.150539957832,-0.00129776367629,0.00829355589516,0,0,0,0,0,0,0.081582,0.138671999997,0.186661000002,-0.000633,-0.000348000000005,0.000282999999994
1805,3.615549728,-0.0365757250791,-3.50626950898,-8.83966231796,0.134419210823,-0.00365675432828,0.0086844026462,0,0,0,0,0,0,0.091582,0.118671999999,0.0666600000019,-0.002633,-0.000348000000021,0.00128299999999
1806,3.617546644,-0.0674887084778,-3.4761486596,-9.09108973228,0.128980361059,-0.00415193969733,-0.00235770476063,0,0,0,0,0,0,0.091582,0.118671999999,0.0666600000019,-0.002633,-0.000348000000021,0.00128299999999
1807,3.619545823,-0.100874467223,-3.99525565796,-8.95114830192,0.156668434118,-0.0181200804448,0.0143002911135,0,0,0,0,0,0,0.091582,0.118671999999,0.0666600000019,-0.002633,-0.000348000000021,0.00128299999999
1808,3.621536757,0.19635022552,-4.19898873831,-8.63866398636,0.163252765357,-0.0195963838791,0.00258788436517,0,0,0,0,0,0,0.091582,0.118671999999,0.0666600000019,-0.002633,-0.000348000000021,0.00128299999999
1809,3.623538812,0.016478175338,-3.87121641463,-8.91994848201,0.155287389057,-0.021642425379,0.011442801432,0,0,0,0,0,0,0.061582,0.108672000001,-0.0333399999983,0.002367,0.00365200000003,-0.00171699999994
1810,3.625553411,0.111338813584,-3.93784822131,-8.92310418128,0.157109557707,-0.0205943107186,0.00683851452644,0,0,0,0,0,0,0.061582,0.108672000001,-0.0333399999983,0.002367,0.00365200000003,-0.00171699999994
1811,3.627539356,-0.359441103579,-4.35917294494,-9.21030330278,0.152705704645,-0.00671967420992,0.0176829254389,0,0,0,0,0,0,0.061582,0.108672000001,-0.0333399999983,0.002367,0.00365200000003,-0.00171699999994
1812,3.629560617,0.511999308339,-3.54494438759,-8.94924792416,0.14592914124,-0.000281605408188,0.0100698451793,0,0,0,0,0,0,0.061582,0.108672000001,-0.0333399999983,0.002367,0.00365200000003,-0.00171699999994
1813,3.631553284,0.316440007837,-3.71806567782,-8.68011534585,0.153595255658,-0.00679387343951,0.00951204087204,0,0,0,0,0,0,0.031582,0.0686719999993,0.0466590000011,0.009367,0.00965200000008,-0.00471699999985
1814,3.633561200,-0.204760697389,-3.79479534282,-8.73844905215,0.150393156792,-0.0277559831505,0.00693525059139,0,0,0,0,0,0,0.031582,0.0686719999993,0.0466590000011,0.009367,0.00965200000008,-0.00471699999985
1815,3.635542236,0.598480177195,-4.36431227865,-8.72344642481,0.163650196457,-0.00550573137039,0.0140149158378,0,0,0,0,0,0,0.031582,0.0686719999993,0.0466590000011,0.009367,0.00965200000008,-0.00471699999985
1816,3.637549040,0.0386122983233,-3.86082618826,-9.15409932928,0.135653571842,0.00171494989085,0.00352781669082,0,0,0,0,0,0,0.031582,0.0686719999993,0.0466590000011,0.009367,0.00965200000008,-0.00471699999985
1817,3.639557076,0.170210732035,-4.37038577415,-8.47754339603,0.174617750553,-0.0143576967635,0.00902442676273,0,0,0,0,0,0,0.051582,0.108672,0.00666000000174,0.007367,0.00865200000006,-0.00371699999986
1818,3.641568308,-0.588178995397,-4.46303507465,-8.51579045984,0.183912332612,-0.0437492776136,0.00794773387722,0,0,0,0,0,0,0.051582,0.108672,0.00666000000174,0.007367,0.00865200000006,-0.00371699999986
1819,3.643551498,-0.286600580596,-4.14666785233,-8.45094793809,0.163889130439,-0.0267111982109,0.00847587873309,0,0,0,0,0,0,0.051582,0.108672,0.00666000000174,0.007367,0.00865200000006,-0.00371699999986
1820,3.645558703,0.253389255535,-3.90788504585,-8.58634709921,0.153040318394,-0.00914288932524,0.0147563427023,0,0,0,0,0,0,0.051582,0.108672,0.00666000000174,0.007367,0.00865200000006,-0.00371699999986
1821,3.647561038,0.0197072802388,-4.15306106932,-8.68775118928,0.162925941323,-0.0258643762427,0.0121961417328,0,0,0,0,0,0,0.121582,0.108672,0.00666000000174,0.000367,0.00265200000001,-0.000716999999958
1822,3.649570517,0.39173920317,-3.95853613158,-8.57273032452,0.16427686015,-0.0217415154809,0.0164389328768,0,0,0,0,0,0,0.121582,0.108672,0.00666000000174,0.000367,0.00265200000001,-0.000716999999958
1823,3.651579224,-0.203144567792,-4.0804086588,-8.75414149789,0.156042559929,-0.014217104362,0.0152668964519,0,0,0,0,0,0,0.121582,0.108672,0.00666000000174,0.000367,0.00265200000001,-0.000716999999958
1824,3.653556172,0.239281063716,-4.23348857688,-8.76601575405,0.154358109762,0.00298065171103,0.0114991058281,0,0,0,0,0,0,0.121582,0.108672,0.00666000000174,0.000367,0.00265200000001,-0.000716999999958
1825,3.655563387,-0.458140197212,-3.80026975646,-8.60905044609,0.151724672863,-0.0286319406327,0.0011417984317,0,0,0,0,0,0,0.121582,0.0986719999989,0.0666600000016,-0.000633,0.000651999999995,0.00028300000001
1826,3.657564450,-0.266962229301,-4.38574510978,-8.56003738782,0.167279845493,-0.0221674956588,0.0090722879341,0,0,0,0,0,0,0.121582,0.0986719999989,0.0666600000016,-0.000633,0.000651999999995,0.00028300000001
1827,3.659551758,-0.217647105154,-3.9583918374,-8.69078358858,0.15718872719,-0.0154358800306,0.0134796797479,0,0,0,0,0,0,0.121582,0.0986719999989,0.0666600000016,-0.000633,0.000651999999995,0.00028300000001
1828,3.661560986,0.459439856559,-3.7925367883,-8.96082719212,0.149886437234,-0.00215746086076,0.00232214478322,0,0,0,0,0,0,0.121582,0.0986719999989,0.0666600000016,-0.000633,0.000651999999995,0.00028300000001
1829,3.663564484,-0.425695975232,-4.27670829051,-9.05758234923,0.163942085225,-0.0275372724402,0.00837892822554,0,0,0,0,0,0,0.091582,0.0786719999999,0.00666000000126,0.004367,0.00465200000003,-0.00171699999993
1830,3.665587007,-0.627196547127,-3.86508660729,-8.69676668859,0.151434564236,-0.0429105388194,0.0180063625966,0,0,0,0,0,0,0.091582,0.0786719999999,0.00666000000126,0.004367,0.00465200000003,-0.00171699999993
1831,3.667566610,0.242469221166,-3.89537119095,-8.70654978824,0.150908878035,-0.0146323996142,0.00404542925436,0,0,0,0,0,0,0.091582,0.0786719999999,0.00666000000126,0.004367,0.00465200000003,-0.00171699999993
1832,3.669558286,0.163303070199,-4.1234095436,-8.87748973716,0.159379273685,-0.00950320455435,0.00175082283478,0,0,0,0,0,0,0.091582,0.0786719999999,0.00666000000126,0.004367,0.00465200000003,-0.00171699999993
1833,3.671558888,0.695681905139,-4.1315642225,-8.79708001547,0.157642470458,0.0031100315592,0.00463862632719,0,0,0,0,0,0,0.071582,0.0686719999985,0.0966610000011,0.005367,0.00665200000004,-0.00271699999989
1834,3.673559861,-0.199111683789,-3.97543210978,-8.3451220574,0.152118540095,-0.0218613612011,0.00587451974711,0,0,0,0,0,0,0.071582,0.0686719999985,0.0966610000011,0.005367,0.00665200000004,-0.00271699999989
1835,3.675578186,-0.153274787882,-3.96011315971,-8.45124823083,0.156474729369,-0.0135062032583,0.0147711410886,0,0,0,0,0,0,0.071582,0.0686719999985,0.0966610000011,0.005367,0.00665200000004,-0.00271699999989
1836,3.677592124,-0.366252413095,-4.34384326092,-8.80014187007,0.18099131989,-0.034820288971,0.00872202721558,0,0,0,0,0,0,0.071582,0.0686719999985,0.0966610000011,0.005367,0.00665200000004,-0.00271699999989
1837,3.679562509,0.21760746793,-4.29389958438,-9.06028416069,0.164297557555,-0.0141504619534,0.00760535995807,0,0,0,0,0,0,0.101582,0.0786719999993,0.0466590000013,0.000367,0.001652,0.000283000000026
1838,3.681566277,0.155445708078,-3.76236216087,-8.93348793407,0.146643028578,-0.0231966928449,0.00895291298147,0,0,0,0,0,0,0.101582,0.0786719999993,0.0466590000013,0.000367,0.001652,0.000283000000026
1839,3.683548175,0.273348364258,-4.00347225075,-8.85103528289,0.149297474376,-0.00987763764917,0.00355093217308,0,0,0,0,0,0,0.101582,0.0786719999993,0.0466590000013,0.000367,0.001652,0.000283000000026
1840,3.685560249,-0.219990895365,-3.85758579974,-8.84445303911,0.144285714099,-0.0242655576296,0.00785860080567,0,0,0,0,0,0,0.101582,0.0786719999993,0.0466590000013,0.000367,0.001652,0.000283000000026
1841,3.687559849,-0.382245192828,-4.43319296057,-8.56657673089,0.175771664255,-0.0293807018433,0.00420546660119,0,0,0,0,0,0,0.101582,0.0886719999996,0.0266610000014,0.000367,0.00265200000003,-0.00171699999996
1842,3.689583665,0.122755652596,-4.38357665352,-8.79747472545,0.174895941934,-0.0198499645625,0.0117826960185,0,0,0,0,0,0,0.101582,0.0886719999996,0.0266610000014,0.000367,0.00265200000003,-0.00171699999996
1843,3.691574779,0.0286467537255,-4.2448762295,-8.70334916012,0.165952370508,-0.025956759877,0.0137957840154,0,0,0,0,0,0,0.101582,0.0886719999996,0.0266610000014,0.000367,0.00265200000003,-0.00171699999996
1844,3.693573799,-0.0913748637553,-4.55321453744,-8.39580049844,0.178168117147,-0.0212857480905,0.00872948641294,0,0,0,0,0,0,0.101582,0.0886719999996,0.0266610000014,0.000367,0.00265200000003,-0.00171699999996
1845,3.695584019,-0.0962939188768,-4.23100332039,-8.48034733745,0.167745720028,-0.0224602818372,0.0132491875277,0,0,0,0,0,0,0.111582,0.0986719999999,0.00666000000158,0.000367,0.001652,0.000283000000026
1846,3.697579301,0.404518231967,-4.51892723461,-8.54973712965,0.166242050265,-0.00545802033092,0.0123077216591,0,0,0,0,0,0,0.111582,0.0986719999999,0.00666000000158,0.000367,0.001652,0.000283000000026
1847,3.699569524,-0.409579351023,-4.43866232961,-8.58149542148,0.174225058015,-0.0368042039679,0.0182090970762,0,0,0,0,0,0,0.111582,0.0986719999999,0.00666000000158,0.000367,0.001652,0.000283000000026
1848,3.701570898,-0.372411294714,-4.23587979853,-8.45832859028,0.164362546189,-0.0335288242285,0.00793960609601,0,0,0,0,0,0,0.111582,0.0986719999999,0.00666000000158,0.000367,0.001652,0.000283000000026
1849,3.703618498,0.231724945495,-4.36438799988,-8.62660230276,0.171536348066,-0.012118438937,0.0184406920746,0,0,0,0,0,0,0.081582,0.128672000001,-0.0633389999979,-0.000633,0.00565200000001,-0.00071699999991
1850,3.705562735,-0.220676985963,-4.33715734152,-8.5865113489,0.171065183835,-0.0219425310245,0.00690440619506,0,0,0,0,0,0,0.081582,0.128672000001,-0.0633389999979,-0.000633,0.00565200000001,-0.00071699999991
1851,3.707556906,-0.525019697915,-4.41915867687,-8.74928904429,0.172743831002,-0.0373155786622,0.0116521087588,0,0,0,0,0,0,0.081582,0.128672000001,-0.0633389999979,-0.000633,0.00565200000001,-0.00071699999991
1852,3.709544664,-0.10863544057,-4.31453927193,-8.69375259136,0.168280989848,-0.021078779812,0.018087291293,0,0,0,0,0,0,0.081582,0.128672000001,-0.0633389999979,-0.000633,0.00565200000001,-0.00071699999991
1853,3.711556357,-0.346742176071,-4.058075851,-9.15905438411,0.149238936653,-0.0164034517016,-0.00781154996327,0,0,0,0,0,0,0.071582,0.108672000005,-0.293340999998,0.005367,0.0106520000001,-0.00471699999983
1854,3.713566747,0.10142634835,-3.84577499473,-8.63458207099,0.141994912805,-0.00853385894998,0.00635561414046,0,0,0,0,0,0,0.071582,0.108672000005,-0.293340999998,0.005367,0.0106520000001,-0.00471699999983
1855,3.715554265,0.0998911158806,-4.26383824036,-9.1687691145,0.157226512875,-0.000335421891899,0.0106062982111,0,0,0,0,0,0,0.071582,0.108672000005,-0.293340999998,0.005367,0.0106520000001,-0.00471699999983
1856,3.717561790,0.0539930474957,-3.99780738499,-9.06552060056,0.143414297338,-0.00407693922291,0.00751076396787,0,0,0,0,0,0,0.071582,0.108672000005,-0.293340999998,0.005367,0.0106520000001,-0.00471699999983
1857,3.719554147,0.190703628522,-4.26055655672,-8.79336374607,0.162086046619,-0.00350890607152,0.00560026511935,0,0,0,0,0,0,0.101582,0.0986720000053,-0.333339999998,0.001367,0.00465200000003,-0.00171699999993
1858,3.721556503,-0.229847531923,-3.85726080039,-8.74060885904,0.160645025561,-0.013714007917,0.00897566283966,0,0,0,0,0,0,0.101582,0.0986720000053,-0.333339999998,0.001367,0.00465200000003,-0.00171699999993
1859,3.723556614,0.0436120315394,-4.18579659725,-8.70199221619,0.155156040604,-0.0112516269928,0.0105653658457,0,0,0,0,0,0,0.101582,0.0986720000053,-0.333339999998,0.001367,0.00465200000003,-0.00171699999993
1860,3.725551746,-0.517529588642,-3.95462016405,-9.00556533676,0.148815304314,-0.0103171315077,0.00884222504077,0,0,0,0,0,0,0.101582,0.0986720000053,-0.333339999998,0.001367,0.00465200000003,-0.00171699999993
1861,3.727555765,-0.262739483834,-4.22887722258,-8.69883731505,0.16910110171,-0.0174756945782,0.0127440090229,0,0,0,0,0,0,0.121582,0.118672000001,-0.0733389999981,-0.000633,0.000652000000011,-0.00071699999999
1862,3.729560725,-0.0341092823288,-4.11512280118,-8.56260594816,0.169463629025,-0.0209906991132,0.0117850185702,0,0,0,0,0,0,0.121582,0.118672000001,-0.0733389999981,-0.000633,0.000652000000011,-0.00071699999999
1863,3.731557631,-0.232677092056,-3.95102219263,-8.62600819428,0.159082146521,-0.030566422641,0.0193655282346,0,0,0,0,0,0,0.121582,0.118672000001,-0.0733389999981,-0.000633,0.000652000000011,-0.00071699999999
1864,3.733560107,0.06476892351,-4.26362266426,-8.79149500945,0.167545638304,-0.00951360004668,0.00423390872923,0,0,0,0,0,0,0.121582,0.118672000001,-0.0733389999981,-0.000633,0.000652000000011,-0.00071699999999
1865,3.735551311,-0.668672702303,-4.11604227957,-9.18730724652,0.148701646273,-0.0158031783107,0.00891043388307,0,0,0,0,0,0,0.081582,0.158672,0.0166610000025,0.000367,0.00365200000003,-0.00171699999994
1866,3.737565559,0.225764546875,-3.83844740065,-8.95247468038,0.149104010476,-0.00123285317489,0.00677778879425,0,0,0,0,0,0,0.081582,0.158672,0.0166610000025,0.000367,0.00365200000003,-0.00171699999994
1867,3.739556032,0.249743925265,-3.72782710507,-8.98056017512,0.143765939559,0.00991950620825,0.0115906622815,0,0,0,0,0,0,0.081582,0.158672,0.0166610000025,0.000367,0.00365200000003,-0.00171699999994
1868,3.741568807,-0.213955743345,-4.04003702452,-8.71961195362,0.15008499161,-0.00784681806607,0.00721372901229,0,0,0,0,0,0,0.081582,0.158672,0.0166610000025,0.000367,0.00365200000003,-0.00171699999994
1869,3.743565152,-0.0322775168256,-4.05275101054,-8.93589412856,0.145311611337,-0.0117732530146,0.0107509546039,0,0,0,0,0,0,0.141582,0.138671999999,0.0366590000022,-0.004633,-0.002348,0.000282999999962
1870,3.745562238,-0.265852375904,-3.93705288688,-9.17988039592,0.144174517138,-0.0111521400588,0.00198984023567,0,0,0,0,0,0,0.141582,0.138671999999,0.0366590000022,-0.004633,-0.002348,0.000282999999962
1871,3.747558091,0.044829836651,-3.97598100218,-8.77187274755,0.150523970739,-0.00773892012847,0.0092284085532,0,0,0,0,0,0,0.141582,0.138671999999,0.0366590000022,-0.004633,-0.002348,0.000282999999962
1872,3.749544076,0.366613851393,-3.93636345082,-8.9753434012,0.14855098471,-0.00192274847976,0.0126546834569,0,0,0,0,0,0,0.141582,0.138671999999,0.0366590000022,-0.004633,-0.002348,0.000282999999962
1873,3.751555378,0.322264924777,-3.75419159458,-8.97680888733,0.139828180227,0.000360507110888,0.0122822346334,0,0,0,0,0,0,0.101582,0.128672,0.0266610000021,-0.000633,0.000652000000011,-0.00071699999999
1874,3.753609951,-0.516456764397,-3.7770217065,-8.68672504634,0.158399931282,-0.0290151167374,0.0184317641564,0,0,0,0,0,0,0.101582,0.128672,0.0266610000021,-0.000633,0.000652000000011,-0.00071699999999
1875,3.755568836,-0.633076787458,-4.06611715287,-9.06255696766,0.147609030119,-0.0178686471378,0.00566927349574,0,0,0,0,0,0,0.101582,0.128672,0.0266610000021,-0.000633,0.000652000000011,-0.00071699999999
1876,3.757576942,-0.46255971988,-4.07059972378,-8.63621997705,0.151807533982,-0.0151246573695,0.0111315357904,0,0,0,0,0,0,0.101582,0.128672,0.0266610000021,-0.000633,0.000652000000011,-0.00071699999999
1877,3.759572956,-0.635204487045,-4.09407209243,-8.24453283937,0.169880236313,-0.0443272747864,0.0162567233328,0,0,0,0,0,0,0.101582,0.118672000002,-0.123340999998,0.000367,0.001652,0.000283000000026
1878,3.761578026,-0.271645516551,-4.13878740389,-8.7226122618,0.159566156186,-0.0189764386755,0.00851983328476,0,0,0,0,0,0,0.101582,0.118672000002,-0.123340999998,0.000367,0.001652,0.000283000000026
1879,3.763562478,0.431215725967,-4.15426578521,-8.81137203824,0.153603684189,0.000157923758024,0.00586730734183,0,0,0,0,0,0,0.101582,0.118672000002,-0.123340999998,0.000367,0.001652,0.000283000000026
1880,3.765552280,0.522554651891,-3.79114942418,-8.88628982023,0.14360744258,0.0119628586354,0.00482404843406,0,0,0,0,0,0,0.101582,0.118672000002,-0.123340999998,0.000367,0.001652,0.000283000000026
1881,3.767551069,-0.278143057224,-3.88572883355,-8.77129034738,0.146768246949,-0.0113188864788,0.00510381008059,0,0,0,0,0,0,0.111582,0.128672000001,-0.0433409999979,-0.002633,-0.000348000000021,0.00128299999999
1882,3.769552493,0.00207782533515,-4.01321397563,-8.72342029886,0.153399218044,-0.0148706987321,0.00502811489381,0,0,0,0,0,0,0.111582,0.128672000001,-0.0433409999979,-0.002633,-0.000348000000021,0.00128299999999
1883,3.771542967,-0.414723908553,-4.34253862337,-9.02927636804,0.15922964662,-0.00800021260572,-0.00109150484819,0,0,0,0,0,0,0.111582,0.128672000001,-0.0433409999979,-0.002633,-0.000348000000021,0.00128299999999
1884,3.773554670,-0.236384240232,-3.99367181172,-8.59028515922,0.157796485719,-0.0278219944964,0.0109655136139,0,0,0,0,0,0,0.111582,0.128672000001,-0.0433409999979,-0.002633,-0.000348000000021,0.00128299999999
1885,3.775580459,-0.103013490417,-3.91569104819,-8.72855917602,0.143785723607,-0.0272791429743,0.00591906159107,0,0,0,0,0,0,0.111582,0.0986720000007,-0.0433409999984,-0.000633,0.00165200000001,-0.000716999999974
1886,3.777603143,-0.759709543678,-3.85180400442,-9.07098181392,0.129558779398,-0.02156755094,0.00643451991556,0,0,0,0,0,0,0.111582,0.0986720000007,-0.0433409999984,-0.000633,0.00165200000001,-0.000716999999974
1887,3.779551627,0.241594022319,-3.9282773421,-8.66752198195,0.155975856471,-0.0174197335373,0.0110944285635,0,0,0,0,0,0,0.111582,0.0986720000007,-0.0433409999984,-0.000633,0.00165200000001,-0.000716999999974
1888,3.781571876,0.0111541012429,-3.81350251847,-8.94157012939,0.136197793065,-0.0106569403664,0.00694042815416,0,0,0,0,0,0,0.111582,0.0986720000007,-0.0433409999984,-0.000633,0.00165200000001,-0.000716999999974
1889,3.783572979,-0.426236271536,-4.14546788123,-8.70103302575,0.150506714915,-0.0221297594418,0.0113392750584,0,0,0,0,0,0,0.101582,0.118671999998,0.0966610000019,-0.001633,-0.000348000000005,0.000282999999994
1890,3.785578361,-0.243616153286,-3.74991291723,-8.76384708381,0.136683167383,-0.011474797838,0.00110237213509,0,0,0,0,0,0,0.101582,0.118671999998,0.0966610000019,-0.001633,-0.000348000000005,0.000282999999994
1891,3.787558615,-0.670293198155,-4.01222757737,-8.89060292307,0.153093783673,-0.019968794621,0.0103054483596,0,0,0,0,0,0,0.101582,0.118671999998,0.0966610000019,-0.001633,-0.000348000000005,0.000282999999994
1892,3.789551142,-0.757456262519,-4.45560982023,-8.90854502524,0.166667575303,-0.0288406345681,0.0042114563302,0,0,0,0,0,0,0.101582,0.118671999998,0.0966610000019,-0.001633,-0.000348000000005,0.000282999999994
1893,3.791554640,-0.503679701286,-4.28910573479,-9.22655870006,0.147168647629,-0.00891634215484,0.00226242741655,0,0,0,0,0,0,0.131582,0.118672000001,-0.0633389999981,0.000367,0.00265200000003,-0.00171699999996
1894,3.793560512,0.16181162259,-3.93181576856,-8.62585136327,0.150114856743,-0.0132158091466,0.0152130470507,0,0,0,0,0,0,0.131582,0.118672000001,-0.0633389999981,0.000367,0.00265200000003,-0.00171699999996
1895,3.795538512,-0.434809149086,-4.34381767583,-8.6956200276,0.174199635857,-0.0305376658227,0.00822199636209,0,0,0,0,0,0,0.131582,0.118672000001,-0.0633389999981,0.000367,0.00265200000003,-0.00171699999996
1896,3.797545877,0.242727141957,-3.78227078106,-9.47791402657,0.122661734689,0.00810866721536,-0.00629272210848,0,0,0,0,0,0,0.131582,0.118672000001,-0.0633389999981,0.000367,0.00265200000003,-0.00171699999996
1897,3.799560355,0.105791962681,-4.34253776904,-8.60987531419,0.168769689071,-0.0103570216177,0.0139731486072,0,0,0,0,0,0,0.121582,0.158671999998,0.116661000003,-0.002633,0.000651999999979,0.00128300000001
1898,3.801554505,0.273607426773,-4.19211481911,-8.4381188119,0.172367045508,-0.0101404251053,0.00375919098631,0,0,0,0,0,0,0.121582,0.158671999998,0.116661000003,-0.002633,0.000651999999979,0.00128300000001
1899,3.803565788,-0.342117881765,-4.25676664809,-8.52748693247,0.173007713179,-0.0347957218985,0.0101717807008,0,0,0,0,0,0,0.121582,0.158671999998,0.116661000003,-0.002633,0.000651999999979,0.00128300000001
1900,3.805561411,-0.252444560522,-4.25176313767,-8.61354969548,0.17199519255,-0.0343445327943,0.0114173233364,0,0,0,0,0,0,0.121582,0.158671999998,0.116661000003,-0.002633,0.000651999999979,0.00128300000001
1901,3.807554749,0.262351627155,-3.85143045983,-8.55988484467,0.162175985992,-0.0133113790205,0.01243774548,0,0,0,0,0,0,0.151582,0.158672000002,-0.103339999997,-0.002633,0.00165200000001,-0.000716999999974
1902,3.809561974,-0.634712341336,-4.24754901792,-8.7544702581,0.168013755255,-0.0398744416277,0.0180050080122,0,0,0,0,0,0,0.151582,0.158672000002,-0.103339999997,-0.002633,0.00165200000001,-0.000716999999974
1903,3.811542659,-0.220382957447,-4.08055467984,-8.76588867684,0.159619064162,-0.0224252544705,0.00847200445905,0,0,0,0,0,0,0.151582,0.158672000002,-0.103339999997,-0.002633,0.00165200000001,-0.000716999999974
1904,3.813566054,-0.293555542945,-4.15320686681,-8.92951435952,0.148098827572,-0.0120339668408,0.00838320564484,0,0,0,0,0,0,0.151582,0.158672000002,-0.103339999997,-0.002633,0.00165200000001,-0.000716999999974
1905,3.815568700,-0.276329646959,-4.24142702193,-8.8974869961,0.164859622469,-0.00797748043719,0.00723148024311,0,0,0,0,0,0,0.121582,0.148672000002,-0.123340999998,0.000367,0.00365200000003,-0.00171699999994
1906,3.817578089,-0.247731640557,-4.17787490006,-9.02500958937,0.152660660963,-0.00135273402334,-0.0015560811095,0,0,0,0,0,0,0.121582,0.148672000002,-0.123340999998,0.000367,0.00365200000003,-0.00171699999994
1907,3.819563042,-0.344418804281,-3.87120780964,-8.92983979062,0.145256734692,-0.0133046408191,-0.00188699610785,0,0,0,0,0,0,0.121582,0.148672000002,-0.123340999998,0.000367,0.00365200000003,-0.00171699999994
1908,3.821544518,-0.317589595589,-3.94094801347,-8.65993108748,0.155579301936,-0.0207853977287,0.0208298615335,0,0,0,0,0,0,0.121582,0.148672000002,-0.123340999998,0.000367,0.00365200000003,-0.00171699999994
1909,3.823561972,-0.152656846493,-4.18042652728,-8.97464925456,0.148809464828,-0.000772355369557,0.00388178894464,0,0,0,0,0,0,0.101582,0.108672000002,-0.133338999998,0.004367,0.00565200000006,-0.00371699999991
1910,3.825566011,0.206869023245,-4.18432686608,-8.57732756189,0.164954031291,-0.0122774216123,0.010252024145,0,0,0,0,0,0,0.101582,0.108672000002,-0.133338999998,0.004367,0.00565200000006,-0.00371699999991
1911,3.827544121,-0.372516483728,-4.28138721753,-8.80684447865,0.171533093882,-0.0152644270022,0.0185756282956,0,0,0,0,0,0,0.101582,0.108672000002,-0.133338999998,0.004367,0.00565200000006,-0.00371699999991
1912,3.829554272,0.250045493394,-4.46919524865,-8.68005549045,0.166697941465,-0.00102286872908,0.00863467432608,0,0,0,0,0,0,0.101582,0.108672000002,-0.133338999998,0.004367,0.00565200000006,-0.00371699999991
1913,3.831548061,-0.369027179282,-4.09889185602,-8.83894126045,0.153991291083,-0.0113955350245,0.0119465979218,0,0,0,0,0,0,0.041582,0.0786720000017,-0.103339999999,0.008367,0.00965200000008,-0.00471699999985
1914,3.833555767,-0.255318961385,-4.25974704833,-8.82441730751,0.160929571015,-0.0156559300042,0.012009707104,0,0,0,0,0,0,0.041582,0.0786720000017,-0.103339999999,0.008367,0.00965200000008,-0.00471699999985
1915,3.835546591,-0.427411597018,-3.63920556553,-9.07773355291,0.137520676463,-0.0178792091746,0.00264718844505,0,0,0,0,0,0,0.041582,0.0786720000017,-0.103339999999,0.008367,0.00965200000008,-0.00471699999985
1916,3.837555809,-0.264152739916,-4.11240614309,-8.57173476749,0.152757006436,-0.00560711565314,0.00971306749486,0,0,0,0,0,0,0.041582,0.0786720000017,-0.103339999999,0.008367,0.00965200000008,-0.00471699999985
1917,3.839550270,-0.293730340044,-3.88273321718,-8.78790494769,0.142587334817,-0.0138430588549,0.00245195015652,0,0,0,0,0,0,0.051582,0.0786720000036,-0.223338999999,0.006367,0.00765200000006,-0.00371699999988
1918,3.841572432,-0.271791800844,-3.58972162226,-8.34987920421,0.149768762482,-0.0252006588689,0.00562043376274,0,0,0,0,0,0,0.051582,0.0786720000036,-0.223338999999,0.006367,0.00765200000006,-0.00371699999988
1919,3.843545463,-0.182218982707,-4.03277077999,-9.23438268019,0.143133769458,-0.00690326166978,-0.00273844201437,0,0,0,0,0,0,0.051582,0.0786720000036,-0.223338999999,0.006367,0.00765200000006,-0.00371699999988
1920,3.845557837,-0.117677835352,-3.94806139214,-8.49735463418,0.154710743059,-0.0185915219412,0.00954996194716,0,0,0,0,0,0,0.051582,0.0786720000036,-0.223338999999,0.006367,0.00765200000006,-0.00371699999988
1921,3.847556135,0.101587572779,-4.5792834944,-8.29616624991,0.188762998519,-0.0167651538415,0.0141987698791,0,0,0,0,0,0,0.151582,0.138672000005,-0.283339999998,-0.001633,0.000651999999995,0.00028300000001
1922,3.849569993,0.00402563834687,-4.32723928827,-8.25103987272,0.172015697822,-0.0232498079082,0.00722296370496,0,0,0,0,0,0,0.151582,0.138672000005,-0.283339999998,-0.001633,0.000651999999995,0.00028300000001
1923,3.851549546,-0.060897138816,-3.95205851625,-8.39853679198,0.160837275953,-0.0242731469745,0.00966651595109,0,0,0,0,0,0,0.151582,0.138672000005,-0.283339999998,-0.001633,0.000651999999995,0.00028300000001
1924,3.853581557,0.299276123445,-3.67524815171,-8.72336062525,0.137475595539,0.00193719415721,0.0114066632239,0,0,0,0,0,0,0.151582,0.138672000005,-0.283339999998,-0.001633,0.000651999999995,0.00028300000001
1925,3.855565347,0.121410246784,-4.03122260115,-8.39436046174,0.145105395563,0.00231160265843,0.0159313126665,0,0,0,0,0,0,0.081582,0.108672000002,-0.103339999998,0.003367,0.00465200000004,-0.00271699999993
1926,3.857561912,-0.683815258791,-4.10874981367,-8.5985908197,0.151830966425,-0.00747834342397,0.00928423040027,0,0,0,0,0,0,0.081582,0.108672000002,-0.103339999998,0.003367,0.00465200000004,-0.00271699999993
1927,3.859573876,-0.0994371396959,-4.07307588443,-8.71608484571,0.148848788232,-0.00927965711735,-0.00248092194851,0,0,0,0,0,0,0.081582,0.108672000002,-0.103339999998,0.003367,0.00465200000004,-0.00271699999993
1928,3.861549802,-0.0847340787862,-4.58942251671,-8.841555424,0.172089436115,-0.0286990976305,0.00470422428773,0,0,0,0,0,0,0.081582,0.108672000002,-0.103339999998,0.003367,0.00465200000004,-0.00271699999993
1929,3.863555033,-0.485845376867,-4.17124255305,-9.33541289426,0.148255502529,-0.0195552172092,0.00270587529758,0,0,0,0,0,0,0.121582,0.198672000003,-0.183339999997,-0.001633,0.00165200000001,-0.000716999999974
1930,3.865557228,-0.66761423041,-4.31679216948,-8.94911031358,0.162079207876,-0.0202420196562,0.00976869884742,0,0,0,0,0,0,0.121582,0.198672000003,-0.183339999997,-0.001633,0.00165200000001,-0.000716999999974
1931,3.867541269,0.00780411533518,-3.92670553088,-9.14843474252,0.137816166878,-0.0103041197248,0.011817232378,0,0,0,0,0,0,0.121582,0.198672000003,-0.183339999997,-0.001633,0.00165200000001,-0.000716999999974
1932,3.869543715,-0.0426233409658,-3.85108349392,-9.05020222877,0.147720255381,-0.0121686187744,0.00501007059326,0,0,0,0,0,0,0.121582,0.198672000003,-0.183339999997,-0.001633,0.00165200000001,-0.000716999999974
1933,3.871550509,0.272094477224,-4.15805689874,-8.88017011938,0.149289669802,0.00238922490459,0.00650111215168,0,0,0,0,0,0,0.101582,0.118672000002,-0.133338999998,0.002367,0.00365200000001,-0.000716999999942
1934,3.873566240,0.234360401542,-4.3238151519,-8.84098835093,0.164246123499,-0.00540644065088,0.0222385346934,0,0,0,0,0,0,0.101582,0.118672000002,-0.133338999998,0.002367,0.00365200000001,-0.000716999999942
1935,3.875569767,-0.0506078115755,-4.33824933903,-9.26049870982,0.150220556613,-0.00752092976378,-0.00318053890665,0,0,0,0,0,0,0.101582,0.118672000002,-0.133338999998,0.002367,0.00365200000001,-0.000716999999942
1936,3.877622788,0.450761127639,-4.0416662916,-8.99735990264,0.152950469806,0.00253500188823,0.00547394127434,0,0,0,0,0,0,0.101582,0.118672000002,-0.133338999998,0.002367,0.00365200000001,-0.000716999999942
1937,3.879601850,-0.0715669427111,-4.04493409657,-9.10058531691,0.148909542162,-0.00245769897065,0.00927537561799,0,0,0,0,0,0,0.081582,0.108672000001,-0.0333399999983,0.004367,0.00465200000003,-0.00171699999993
1938,3.881569931,0.188535640615,-3.90288045284,-8.74281428397,0.141864479056,-0.00229039511187,0.00741377450245,0,0,0,0,0,0,0.081582,0.108672000001,-0.0333399999983,0.004367,0.00465200000003,-0.00171699999993
1939,3.883550135,-0.0645872746604,-4.0565441107,-8.86891962563,0.143584504014,-0.00266803223621,-0.00172297022714,0,0,0,0,0,0,0.081582,0.108672000001,-0.0333399999983,0.004367,0.00465200000003,-0.00171699999993
1940,3.885553743,-0.393563780866,-4.05113966004,-8.62466639487,0.166051036158,-0.031844206438,0.0104943895067,0,0,0,0,0,0,0.081582,0.108672000001,-0.0333399999983,0.004367,0.00465200000003,-0.00171699999993
1941,3.887551159,-0.601847988121,-3.75476194723,-9.11894833816,0.134557473166,-0.0210923486255,-0.00233809638974,0,0,0,0,0,0,0.071582,0.0986720000036,-0.223338999998,0.004367,0.00665200000004,-0.00271699999989
1942,3.889563464,-0.078969443415,-4.23031417801,-8.68146444039,0.168572690368,-0.0188826599448,0.0065328720924,0,0,0,0,0,0,0.071582,0.0986720000036,-0.223338999998,0.004367,0.00665200000004,-0.00271699999989
1943,3.891542396,0.127861643211,-3.75102956981,-9.09494134012,0.139128626803,-0.00870884988858,-0.0022983413209,0,0,0,0,0,0,0.071582,0.0986720000036,-0.223338999998,0.004367,0.00665200000004,-0.00271699999989
1944,3.893548809,-0.163383854451,-4.03741505234,-8.73728765527,0.151441494781,-0.0166302515586,0.00505824885854,0,0,0,0,0,0,0.071582,0.0986720000036,-0.223338999998,0.004367,0.00665200000004,-0.00271699999989
1945,3.895560532,-0.0150337924777,-3.80592432335,-9.11926596754,0.135082665523,-0.00880363478576,-0.00090993679289,0,0,0,0,0,0,0.091582,0.0886720000017,-0.103339999999,0.002367,0.00365200000003,-0.00171699999994
1946,3.897560082,0.220759439124,-3.88633512215,-8.73124211243,0.151875484313,-0.00371379023492,0.00992907406672,0,0,0,0,0,0,0.091582,0.0886720000017,-0.103339999999,0.002367,0.00365200000003,-0.00171699999994
1947,3.899544574,-0.0811786994792,-4.30925194723,-8.7702097189,0.156683074743,-0.00728015091963,0.00802054115237,0,0,0,0,0,0,0.091582,0.0886720000017,-0.103339999999,0.002367,0.00365200000003,-0.00171699999994
1948,3.901539295,-0.00654066699956,-3.90021833086,-8.87980591348,0.14505652135,-0.00732388052983,0.00973339352085,0,0,0,0,0,0,0.091582,0.0886720000017,-0.103339999999,0.002367,0.00365200000003,-0.00171699999994
1949,3.903596093,0.414569400443,-3.94475823997,-8.68682917472,0.154073810311,-0.0130696251256,0.0132774267823,0,0,0,0,0,0,0.051582,0.0786719999989,0.0666600000013,0.004367,0.00565200000004,-0.00271699999991
1950,3.905546261,-0.609418828658,-3.96051343093,-8.92237673368,0.154514136272,-0.0322520624377,0.00429777199235,0,0,0,0,0,0,0.051582,0.0786719999989,0.0666600000013,0.004367,0.00565200000004,-0.00271699999991
1951,3.907536654,-0.320589391033,-4.19692154036,-8.84072550272,0.15305225831,-0.0150745902313,0.0145373407177,0,0,0,0,0,0,0.051582,0.0786719999989,0.0666600000013,0.004367,0.00565200000004,-0.00271699999991
1952,3.909545382,0.127688906873,-4.2951153504,-8.14710512771,0.178455465465,-0.0266884051523,0.00472297185881,0,0,0,0,0,0,0.051582,0.0786719999989,0.0666600000013,0.004367,0.00565200000004,-0.00271699999991
1953,3.911550272,-0.0887246736334,-3.82955209781,-8.73469492812,0.142265325472,-0.0109531971512,0.00345021134265,0,0,0,0,0,0,-0.008418,0.0586720000002,-0.0133399999991,0.012367,0.0116520000001,-0.00571699999981
1954,3.913546496,0.21093037336,-4.196442293,-8.9340315995,0.159104474704,-0.00704847434042,0.00255996754288,0,0,0,0,0,0,-0.008418,0.0586720000002,-0.0133399999991,0.012367,0.0116520000001,-0.00571699999981
1955,3.915541838,-0.0595995819004,-4.27686036493,-8.98164483625,0.14715105876,-0.00921562835208,0.0105529132738,0,0,0,0,0,0,-0.008418,0.0586720000002,-0.0133399999991,0.012367,0.0116520000001,-0.00571699999981
1956,3.917545116,-0.0364564440641,-4.247319064,-8.52830449571,0.165192935079,-0.0104690447445,0.000736648541111,0,0,0,0,0,0,-0.008418,0.0586720000002,-0.0133399999991,0.012367,0.0116520000001,-0.00571699999981
1957,3.919557059,-0.207794671555,-3.92579491489,-9.41985234864,0.138152367201,-0.0119360437572,0.00579030329201,0,0,0,0,0,0,0.021582,0.0786719999996,0.0266610000013,0.008367,0.00965200000008,-0.00471699999985
1958,3.921551720,-0.177291764276,-3.97084702209,-8.89272642737,0.152151366344,-0.0239846093065,0.00831531161013,0,0,0,0,0,0,0.021582,0.0786719999996,0.0266610000013,0.008367,0.00965200000008,-0.00471699999985
1959,3.923558714,-0.140602469406,-3.78105863776,-8.92824972031,0.138372669857,-0.0178708328793,0.00246795643333,0,0,0,0,0,0,0.021582,0.0786719999996,0.0266610000013,0.008367,0.00965200000008,-0.00471699999985
1960,3.925550751,0.00554795475762,-4.36173753085,-8.41198586511,0.162337118688,-0.0144464509981,0.0123136317313,0,0,0,0,0,0,0.021582,0.0786719999996,0.0266610000013,0.008367,0.00965200000008,-0.00471699999985
1961,3.927562243,-0.0247179299091,-3.95298021178,-9.07867275215,0.149943657784,-0.00773166699228,0.00191032027096,0,0,0,0,0,0,-0.008418,0.088671999997,0.186661000001,0.007367,0.0106520000001,-0.00571699999983
1962,3.929554611,0.0736296840117,-3.84237527252,-9.07472254872,0.146231438987,-0.00706402044496,0.00580629502901,0,0,0,0,0,0,-0.008418,0.088671999997,0.186661000001,0.007367,0.0106520000001,-0.00571699999983
1963,3.931545505,-0.156159109307,-4.08641309025,-9.12312167587,0.152005011535,-0.00310442400594,2.86526373198e-05,0,0,0,0,0,0,-0.008418,0.088671999997,0.186661000001,0.007367,0.0106520000001,-0.00571699999983
1964,3.933541028,0.159361653494,-4.0514613931,-8.80312583701,0.156231715484,-0.00641871916759,0.011793501069,0,0,0,0,0,0,-0.008418,0.088671999997,0.186661000001,0.007367,0.0106520000001,-0.00571699999983
1965,3.935562829,-0.160239897604,-3.9113597927,-8.85304769778,0.153769457767,-0.0213596498101,0.00225876038002,0,0,0,0,0,0,0.081582,0.0986719999996,0.0266610000016,0.003367,0.00365200000003,-0.00171699999994
1966,3.937556849,-0.209537972687,-4.09587198527,-8.88320508224,0.146762837534,-0.00264352932697,-0.00442093677902,0,0,0,0,0,0,0.081582,0.0986719999996,0.0266610000016,0.003367,0.00365200000003,-0.00171699999994
1967,3.939545149,0.437906034489,-4.12921119943,-8.5679089709,0.161573468506,-0.0104294182609,0.0074212065966,0,0,0,0,0,0,0.081582,0.0986719999996,0.0266610000016,0.003367,0.00365200000003,-0.00171699999994
1968,3.941546652,0.0970434441555,-3.94392103929,-9.17133420584,0.137521731994,0.00327956493503,0.0095109885834,0,0,0,0,0,0,0.081582,0.0986719999996,0.0266610000016,0.003367,0.00365200000003,-0.00171699999994
1969,3.943562894,-0.196860021861,-4.59338703311,-8.94806980977,0.168750909453,-0.0207394442302,0.00638279831579,0,0,0,0,0,0,0.051582,0.0886719999969,0.196661000001,0.003367,0.00365200000004,-0.00271699999994
1970,3.945552666,-0.317033247826,-4.45845015515,-8.88740609338,0.159467203931,-0.00922421608209,0.00621289255415,0,0,0,0,0,0,0.051582,0.0886719999969,0.196661000001,0.003367,0.00365200000004,-0.00271699999994
1971,3.947539432,-0.406934615445,-3.93995456384,-8.95289800645,0.145911102549,-0.0136512219924,-0.00845158983649,0,0,0,0,0,0,0.051582,0.0886719999969,0.196661000001,0.003367,0.00365200000004,-0.00271699999994
1972,3.949541327,-0.200850901511,-3.71987463065,-8.7323364305,0.138240116733,-0.00623295146561,0.00396166419199,0,0,0,0,0,0,0.051582,0.0886719999969,0.196661000001,0.003367,0.00365200000004,-0.00271699999994
1973,3.951543582,-0.0333567409256,-4.03675957544,-8.6775983071,0.146217743777,-0.00593334755947,0.00504595153688,0,0,0,0,0,0,0.071582,0.0886719999989,0.0666600000014,0.001367,0.00465200000004,-0.00271699999993
1974,3.953583348,0.180841630108,-3.61342538824,-8.63024791078,0.142614671114,0.00224477708187,0.00643092008939,0,0,0,0,0,0,0.071582,0.0886719999989,0.0666600000014,0.001367,0.00465200000004,-0.00271699999993
1975,3.955543856,-0.0545949885326,-4.30737932866,-8.69345006366,0.163353779268,-0.0223914929388,0.0159078389579,0,0,0,0,0,0,0.071582,0.0886719999989,0.0666600000014,0.001367,0.00465200000004,-0.00271699999993
1976,3.957556761,-0.292584203672,-3.68874257922,-8.83768790617,0.139567125832,-0.0152432356381,-0.00122908725725,0,0,0,0,0,0,0.071582,0.0886719999989,0.0666600000014,0.001367,0.00465200000004,-0.00271699999993
1977,3.959551342,-0.326585624977,-4.37246191836,-8.85886474051,0.153414668303,-0.0138812186885,0.00230548232634,0,0,0,0,0,0,0.121582,0.148672000003,-0.163339999998,-0.000633,0.00365200000004,-0.00271699999994
1978,3.961548808,-0.106063189861,-3.95568849898,-8.30402714297,0.153719066774,-0.0267699200241,0.00723927554801,0,0,0,0,0,0,0.121582,0.148672000003,-0.163339999998,-0.000633,0.00365200000004,-0.00271699999994
1979,3.963548579,0.100031346798,-4.02743984268,-8.54841976351,0.163012269788,-0.0228494234322,0.0111622342822,0,0,0,0,0,0,0.121582,0.148672000003,-0.163339999998,-0.000633,0.00365200000004,-0.00271699999994
1980,3.965533171,0.046779861846,-3.96430670147,-8.40493598262,0.155102098057,-0.019268980889,0.015920669056,0,0,0,0,0,0,0.121582,0.148672000003,-0.163339999998,-0.000633,0.00365200000004,-0.00271699999994
1981,3.967545796,-0.0948715708172,-4.21315422558,-8.54539925148,0.169135472214,-0.0219894086368,0.0157435653707,0,0,0,0,0,0,0.071582,0.0986720000005,-0.0333399999984,0.003367,0.00565200000004,-0.00271699999991
1982,3.969560705,-0.356289782298,-3.82485494743,-8.59133688716,0.1533717346,-0.0361872799729,0.00827744286566,0,0,0,0,0,0,0.071582,0.0986720000005,-0.0333399999984,0.003367,0.00565200000004,-0.00271699999991
1983,3.971547582,-0.108029957773,-4.01573532209,-8.36788876858,0.155825305296,-0.0284216796605,0.0157125738095,0,0,0,0,0,0,0.071582,0.0986720000005,-0.0333399999984,0.003367,0.00565200000004,-0.00271699999991
1984,3.973551340,0.165117717803,-3.90306470519,-8.89915348514,0.152055480488,-0.0109522650019,0.00252862925862,0,0,0,0,0,0,0.071582,0.0986720000005,-0.0333399999984,0.003367,0.00565200000004,-0.00271699999991
1985,3.975551221,0.371096006131,-4.08306106784,-9.01375697799,0.139219776863,0.00534674284798,0.0002725232302,0,0,0,0,0,0,0.071582,0.118671999999,0.0466590000019,0.000367,0.00265200000003,-0.00171699999996
1986,3.977591858,-0.0199991392184,-3.80582431172,-8.61191966578,0.155883494136,-0.024840300822,0.00656383269712,0,0,0,0,0,0,0.071582,0.118671999999,0.0466590000019,0.000367,0.00265200000003,-0.00171699999996
1987,3.979545332,-0.330680609138,-4.14670119821,-8.3808319378,0.169393494246,-0.0278643775231,0.00693198151767,0,0,0,0,0,0,0.071582,0.118671999999,0.0466590000019,0.000367,0.00265200000003,-0.00171699999996
1988,3.981550012,-0.114935600715,-4.09044410341,-8.71369868813,0.152110770002,-0.013961915407,0.00745387992637,0,0,0,0,0,0,0.071582,0.118671999999,0.0466590000019,0.000367,0.00265200000003,-0.00171699999996
1989,3.983556295,-0.142322271413,-3.46357992132,-8.7934568782,0.130139248819,-0.0158135509092,0.00221944508841,0,0,0,0,0,0,0.171582,0.138672000003,-0.183339999998,-0.002633,-0.001348,0.000282999999978
1990,3.985559632,0.218537894595,-4.05060616206,-8.9792370824,0.145560109563,0.005375717397,0.00189475942946,0,0,0,0,0,0,0.171582,0.138672000003,-0.183339999998,-0.002633,-0.001348,0.000282999999978
1991,3.987563150,-0.212568046423,-3.82712569209,-8.98024324235,0.142465660462,-0.0196165970677,0.00810717192715,0,0,0,0,0,0,0.171582,0.138672000003,-0.183339999998,-0.002633,-0.001348,0.000282999999978
1992,3.989565926,-0.360087800638,-4.22211352547,-8.92616906999,0.151879426614,-0.00568546056697,0.0060991873579,0,0,0,0,0,0,0.171582,0.138672000003,-0.183339999998,-0.002633,-0.001348,0.000282999999978
1993,3.991556470,-0.307115705462,-4.01375672524,-8.65673770099,0.151615471857,-0.0249307325072,-0.00173094136427,0,0,0,0,0,0,0.141582,0.128672,0.0166610000021,-0.002633,-0.00134800000002,0.00128299999998
1994,3.993552133,0.225645638914,-3.91784297666,-8.72582925886,0.148321988077,-0.00861792404711,0.0129097649119,0,0,0,0,0,0,0.141582,0.128672,0.0166610000021,-0.002633,-0.00134800000002,0.00128299999998
1995,3.995541725,0.128763356075,-3.79776073487,-8.94132064675,0.134825711603,0.0119277033119,0.00322710045497,0,0,0,0,0,0,0.141582,0.128672,0.0166610000021,-0.002633,-0.00134800000002,0.00128299999998
1996,3.997549821,-0.128307605218,-3.99546548665,-9.02833364398,0.156120361538,-0.016816933717,0.0135445509281,0,0,0,0,0,0,0.141582,0.128672,0.0166610000021,-0.002633,-0.00134800000002,0.00128299999998
1997,3.999559711,0.0768294336833,-4.2799308953,-9.10447186892,0.151690773421,-0.000953295372148,0.000361892519366,0,0,0,0,0,0,0.101582,0.148671999999,0.0666600000024,-0.001633,0.00265200000001,-0.000716999999958
1998,4.001552669,-0.0984017406211,-3.95432415672,-8.86893620302,0.151704553132,-0.0140336220748,0.00515435080971,0,0,0,0,0,0,0.101582,0.148671999999,0.0666600000024,-0.001633,0.00265200000001,-0.000716999999958
1999,4.003567377,0.19695561971,-4.11989141366,-9.15784331012,0.161715865218,-0.00448324780287,0.00814826137688,0,0,0,0,0,0,0.101582,0.148671999999,0.0666600000024,-0.001633,0.00265200000001,-0.000716999999958
2000,4.005552140,-0.00674300419524,-4.07208950176,-8.75560184101,0.145350677457,-0.0170669286598,0.0035384175165,0,0,0,0,0,0,0.101582,0.148671999999,0.0666600000024,-0.001633,0.00265200000001,-0.000716999999958
2001,4.007576156,-0.0780351854361,-3.88030798753,-9.09899630964,0.140098891457,-0.0139122480754,0.00639097857002,0,0,0,0,0,0,0.151582,0.148672000001,-0.0533389999976,-0.004633,-0.00134800000002,0.00128299999998
2002,4.009572911,0.102668239064,-3.56358412403,-8.92140094532,0.126637369381,-0.00726448442053,-0.000986749744285,0,0,0,0,0,0,0.151582,0.148672000001,-0.0533389999976,-0.004633,-0.00134800000002,0.00128299999998
2003,4.011558085,0.0761010455359,-3.88754997256,-8.58296876521,0.149625244772,-0.0270347911723,-0.0041439923692,0,0,0,0,0,0,0.151582,0.148672000001,-0.0533389999976,-0.004633,-0.00134800000002,0.00128299999998
2004,4.013540212,-0.489014889186,-3.96039904279,-9.42849415279,0.149987108867,-0.0266734102881,0.0100549796537,0,0,0,0,0,0,0.151582,0.148672000001,-0.0533389999976,-0.004633,-0.00134800000002,0.00128299999998
2005,4.015553138,0.00209043481446,-3.96648315009,-9.15192310803,0.152603266387,-0.00691374593945,0.00582379303578,0,0,0,0,0,0,0.081582,0.108672000001,-0.0633389999983,0.004367,0.00565200000004,-0.00271699999991
2006,4.017554952,0.0374129710912,-4.18615420057,-8.73872247119,0.162605579087,-0.0174798389102,0.0103075843449,0,0,0,0,0,0,0.081582,0.108672000001,-0.0633389999983,0.004367,0.00565200000004,-0.00271699999991
2007,4.019529356,-0.0591494523645,-4.30174980156,-8.43257170721,0.174270940248,-0.0216921925492,0.0109288769063,0,0,0,0,0,0,0.081582,0.108672000001,-0.0633389999983,0.004367,0.00565200000004,-0.00271699999991
2008,4.021543133,0.119365875683,-3.60538119346,-8.74740828327,0.137830053475,-0.00328045638572,-0.00073337615569,0,0,0,0,0,0,0.081582,0.108672000001,-0.0633389999983,0.004367,0.00565200000004,-0.00271699999991
2009,4.023556358,-0.244338037431,-3.74220703927,-8.82582732491,0.149767805371,-0.016085105942,0.0100250620835,0,0,0,0,0,0,0.101582,0.0986720000009,-0.0533389999984,-0.000633,-0.000348000000005,0.000282999999994
2010,4.025538115,0.173543106228,-3.68387354791,-8.83770825592,0.151944802711,-0.00145079927024,0.0108626150067,0,0,0,0,0,0,0.101582,0.0986720000009,-0.0533389999984,-0.000633,-0.000348000000005,0.000282999999994
2011,4.027541773,0.0337123364166,-3.91575575814,-9.34601932985,0.152259311457,-0.00838252881343,0.0113998804661,0,0,0,0,0,0,0.101582,0.0986720000009,-0.0533389999984,-0.000633,-0.000348000000005,0.000282999999994
2012,4.029543538,-0.273067174837,-3.59867899087,-8.82282801453,0.130869515068,-0.00833348631856,-0.00170622125222,0,0,0,0,0,0,0.101582,0.0986720000009,-0.0533389999984,-0.000633,-0.000348000000005,0.000282999999994
2013,4.031555782,0.130548205956,-3.90414232162,-8.74141720937,0.147800659945,-0.0166265974158,0.00247872883915,0,0,0,0,0,0,0.041582,0.0686720000009,-0.0533389999989,0.007367,0.00865200000006,-0.00371699999986
2014,4.033546145,0.0762483553238,-4.18156391287,-8.90903757037,0.164069264508,-0.0189927563829,0.0107512995318,0,0,0,0,0,0,0.041582,0.0686720000009,-0.0533389999989,0.007367,0.00865200000006,-0.00371699999986
2015,4.035537921,0.161207256432,-4.01180282115,-8.96567537054,0.150526026835,0.00321143801778,-0.000791542962867,0,0,0,0,0,0,0.041582,0.0686720000009,-0.0533389999989,0.007367,0.00865200000006,-0.00371699999986
2016,4.037549414,-0.450516970849,-4.15166647448,-8.34182872274,0.166418349951,-0.0341738522849,0.0125545863607,0,0,0,0,0,0,0.041582,0.0686720000009,-0.0533389999989,0.007367,0.00865200000006,-0.00371699999986
2017,4.039555486,0.0146347193015,-4.15117421182,-8.77102124945,0.15632976619,0.000813307886258,0.00274502187844,0,0,0,0,0,0,0.061582,0.0886720000026,-0.163339999999,0.006367,0.00865200000006,-0.00371699999986
2018,4.041550418,0.0717635946965,-4.0338046378,-8.26251197927,0.153946391184,-0.00992624553092,0.00433631245337,0,0,0,0,0,0,0.061582,0.0886720000026,-0.163339999999,0.006367,0.00865200000006,-0.00371699999986
2019,4.043542424,-0.0379127694568,-3.92382842545,-8.7136384703,0.150100900648,-0.00994519633447,0.0120705486801,0,0,0,0,0,0,0.061582,0.0886720000026,-0.163339999999,0.006367,0.00865200000006,-0.00371699999986
2020,4.045558365,0.133503576309,-3.87877564681,-8.83878497829,0.145828143295,-0.0184822596285,0.00862510392745,0,0,0,0,0,0,0.061582,0.0886720000026,-0.163339999999,0.006367,0.00865200000006,-0.00371699999986
2021,4.047557715,-0.605808214313,-4.03965795918,-8.93226135878,0.145631664385,-0.0153507545746,0.00489546855008,0,0,0,0,0,0,0.091582,0.0886720000034,-0.213340999999,0.003367,0.00765200000004,-0.00271699999988
2022,4.049564729,-0.335936042692,-3.94546216242,-8.70334150111,0.158596705923,-0.0179384782567,0.0103626359303,0,0,0,0,0,0,0.091582,0.0886720000034,-0.213340999999,0.003367,0.00765200000004,-0.00271699999988
2023,4.051545825,-0.157807288003,-4.68371364115,-8.73087328692,0.167432078014,-0.0190647209804,0.0172013796485,0,0,0,0,0,0,0.091582,0.0886720000034,-0.213340999999,0.003367,0.00765200000004,-0.00271699999988
2024,4.053605608,0.190341866854,-4.08000703799,-9.1117661209,0.151450179785,0.00304522872932,0.0117163966644,0,0,0,0,0,0,0.091582,0.0886720000034,-0.213340999999,0.003367,0.00765200000004,-0.00271699999988
2025,4.055573249,0.238420826793,-3.65392268954,-8.61121458504,0.143028480529,-0.0145477870753,0.00790581781523,0,0,0,0,0,0,0.081582,0.0786720000025,-0.153338999999,0.003367,0.00465200000003,-0.00171699999993
2026,4.057581966,0.492610610851,-3.78279053582,-8.89481130247,0.140304764614,-0.000528147936605,0.00836331131266,0,0,0,0,0,0,0.081582,0.0786720000025,-0.153338999999,0.003367,0.00465200000003,-0.00171699999993
2027,4.059566338,0.00437997498733,-3.88527125382,-8.92056231318,0.141469892556,0.00274071373172,0.00456129438741,0,0,0,0,0,0,0.081582,0.0786720000025,-0.153338999999,0.003367,0.00465200000003,-0.00171699999993
2028,4.061566039,-0.0291715605759,-4.05533984253,-8.63273887423,0.148833376879,-0.0121915665686,0.00886898710702,0,0,0,0,0,0,0.081582,0.0786720000025,-0.153338999999,0.003367,0.00465200000003,-0.00171699999993
2029,4.063559137,0.279336871866,-3.73581812104,-9.09388909364,0.143028259513,0.0016511383013,0.00767038597763,0,0,0,0,0,0,0.011582,0.0986720000036,-0.223338999998,0.011367,0.0146520000001,-0.00671699999977
2030,4.065563075,-0.344431160822,-3.82378430792,-8.68742930817,0.147839295597,-0.02042646126,0.00385297726982,0,0,0,0,0,0,0.011582,0.0986720000036,-0.223338999998,0.011367,0.0146520000001,-0.00671699999977
2031,4.067554350,-0.0804063274038,-4.30108829075,-8.44297613679,0.170056942499,-0.0240209534579,0.00954015681471,0,0,0,0,0,0,0.011582,0.0986720000036,-0.223338999998,0.011367,0.0146520000001,-0.00671699999977
2032,4.069553660,-0.277628893466,-4.07864358611,-8.75356861999,0.16361644069,-0.0152823847444,0.0119584005181,0,0,0,0,0,0,0.011582,0.0986720000036,-0.223338999998,0.011367,0.0146520000001,-0.00671699999977
2033,4.071547750,0.138817735556,-4.18097315078,-8.83011678464,0.158410853158,-0.00505857838804,0.00477855246096,0,0,0,0,0,0,0.061582,0.108672000004,-0.243339999998,0.003367,0.00565200000004,-0.00271699999991
2034,4.073561097,-0.371681495693,-3.77771839361,-8.99652940955,0.144056139401,-0.0153453531308,0.00779276837988,0,0,0,0,0,0,0.061582,0.108672000004,-0.243339999998,0.003367,0.00565200000004,-0.00271699999991
2035,4.075545649,-0.378918885285,-3.81767419591,-8.88562036353,0.149118156878,-0.0159326247808,0.0168193745496,0,0,0,0,0,0,0.061582,0.108672000004,-0.243339999998,0.003367,0.00565200000004,-0.00271699999991
2036,4.077574654,0.22522631878,-3.72672150554,-9.31998769173,0.135219853259,0.00489596990082,0.00190993890265,0,0,0,0,0,0,0.061582,0.108672000004,-0.243339999998,0.003367,0.00565200000004,-0.00271699999991
2037,4.079568895,-0.482811564526,-3.99379296569,-8.82649639596,0.146020672518,-0.0272003629022,0.00378187782317,0,0,0,0,0,0,0.071582,0.118672000003,-0.163339999998,0.001367,0.00365200000001,-0.000716999999942
2038,4.081580558,-0.516568569355,-4.33233259771,-9.13095520139,0.162622156445,-0.0143419532036,0.00243271775102,0,0,0,0,0,0,0.071582,0.118672000003,-0.163339999998,0.001367,0.00365200000001,-0.000716999999942
2039,4.083545233,-0.173040127536,-3.89398312781,-8.59779155239,0.153615515215,-0.0228633642797,0.0181146565233,0,0,0,0,0,0,0.071582,0.118672000003,-0.163339999998,0.001367,0.00365200000001,-0.000716999999942
2040,4.085543791,-0.242265716489,-3.91950155936,-9.66363583482,0.139471287311,-0.00247617727616,-0.000257444931427,0,0,0,0,0,0,0.071582,0.118672000003,-0.163339999998,0.001367,0.00365200000001,-0.000716999999942
2041,4.087549242,-0.0642186123068,-4.02788955237,-8.84519710195,0.160988849446,-0.0180034192995,0.00658263815035,0,0,0,0,0,0,0.061582,0.118672000005,-0.343339999998,0.004367,0.00665200000006,-0.00371699999989
2042,4.089561096,0.189790853685,-3.74367137094,-9.12754163786,0.139755374919,-0.00839045191711,0.00601366866138,0,0,0,0,0,0,0.061582,0.118672000005,-0.343339999998,0.004367,0.00665200000006,-0.00371699999989
2043,4.091553963,-0.0378564263031,-4.13502790752,-8.92423072368,0.159102560415,-0.00791291052389,0.0132742851164,0,0,0,0,0,0,0.061582,0.118672000005,-0.343339999998,0.004367,0.00665200000006,-0.00371699999989
2044,4.093550308,0.0365397585648,-4.1672499887,-8.92088796191,0.157832011625,-0.00738252489306,0.00304977219475,0,0,0,0,0,0,0.061582,0.118672000005,-0.343339999998,0.004367,0.00665200000006,-0.00371699999989
2045,4.095554417,-0.433721079136,-3.85650204069,-8.74631702751,0.144191359398,-0.0229477840357,-0.000773650131935,0,0,0,0,0,0,0.091582,0.108672000008,-0.473338999998,0.007367,0.0116520000001,-0.00571699999981
2046,4.097563756,-0.319825996467,-3.98345171477,-9.14348041751,0.14718355732,-0.00914732825774,0.00193816216793,0,0,0,0,0,0,0.091582,0.108672000008,-0.473338999998,0.007367,0.0116520000001,-0.00571699999981
2047,4.099544310,-0.222588287466,-4.00106892306,-8.93409291117,0.157470343917,-0.0220786693336,0.00434847094886,0,0,0,0,0,0,0.091582,0.108672000008,-0.473338999998,0.007367,0.0116520000001,-0.00571699999981
2048,4.101551816,0.249619119939,-4.00043539905,-8.83328273292,0.152436416462,-0.000827955252186,0.00649933797382,0,0,0,0,0,0,0.091582,0.108672000008,-0.473338999998,0.007367,0.0116520000001,-0.00571699999981
2049,4.103593004,0.291709382009,-3.95791142865,-8.5271624478,0.157190624098,-0.00796681624615,0.0150484008673,0,0,0,0,0,0,0.091582,0.108672000005,-0.343339999998,0.006367,0.00765200000006,-0.00371699999988
2050,4.105567397,0.0460665542726,-3.67699199884,-8.71612770798,0.149235681915,-0.0232066536695,0.000111469898248,0,0,0,0,0,0,0.091582,0.108672000005,-0.343339999998,0.006367,0.00765200000006,-0.00371699999988
2051,4.107537753,0.197532303402,-4.21728351673,-8.9378412398,0.155193478942,0.00574274598081,-0.000229537628268,0,0,0,0,0,0,0.091582,0.108672000005,-0.343339999998,0.006367,0.00765200000006,-0.00371699999988
2052,4.109562580,0.0548650230169,-4.31264263778,-8.30390973168,0.182357585435,-0.0219441335224,0.0101811604554,0,0,0,0,0,0,0.091582,0.108672000005,-0.343339999998,0.006367,0.00765200000006,-0.00371699999988
2053,4.111548815,0.346520120224,-3.77787957934,-8.71871004592,0.147528285283,-0.007455699072,0.00353882760384,0,0,0,0,0,0,0.051582,0.0786720000045,-0.283339999999,0.009367,0.00965200000009,-0.00571699999985
2054,4.113562252,-0.468737756724,-4.3970483876,-9.02813984047,0.152973197171,-0.0109099245705,-0.00427524082165,0,0,0,0,0,0,0.051582,0.0786720000045,-0.283339999999,0.009367,0.00965200000009,-0.00571699999985
2055,4.115542225,-0.490453333437,-3.90397657306,-9.11700664428,0.143842077059,-0.0245656450832,0.00968599171463,0,0,0,0,0,0,0.051582,0.0786720000045,-0.283339999999,0.009367,0.00965200000009,-0.00571699999985
2056,4.117551955,0.149996113783,-3.6803669926,-9.23824645193,0.135103247991,-0.00160200289336,0.00421520126581,0,0,0,0,0,0,0.051582,0.0786720000045,-0.283339999999,0.009367,0.00965200000009,-0.00571699999985
2057,4.119547187,0.108124543935,-4.04975332089,-8.70866969327,0.142778848877,-0.0118111948245,-0.00550436048091,0,0,0,0,0,0,0.091582,0.108672000004,-0.243339999998,0.007367,0.00665200000008,-0.00471699999989
2058,4.121551256,0.351377499112,-4.01123030684,-8.70527622551,0.161990389811,-0.0049571436585,0.0094653879258,0,0,0,0,0,0,0.091582,0.108672000004,-0.243339999998,0.007367,0.00665200000008,-0.00471699999989
2059,4.123550726,-0.0227617200044,-3.92483652872,-8.37595655137,0.152293980133,-0.0111881144436,0.0109223037531,0,0,0,0,0,0,0.091582,0.108672000004,-0.243339999998,0.007367,0.00665200000008,-0.00471699999989
2060,4.125553743,-0.2826262325,-3.88702789493,-9.04510343569,0.140831338848,-0.0104382406978,0.00896188008175,0,0,0,0,0,0,0.091582,0.108672000004,-0.243339999998,0.007367,0.00665200000008,-0.00471699999989
2061,4.127548625,0.296833830992,-4.09026669476,-8.7237596728,0.160856943736,-0.0136031325837,0.0137783276444,0,0,0,0,0,0,0.111582,0.108672000004,-0.223338999998,0.002367,0.00265200000001,-0.000716999999958
2062,4.129560788,0.284887255686,-3.76331348381,-8.89102502203,0.141730166973,0.00273229314819,0.00560889402558,0,0,0,0,0,0,0.111582,0.108672000004,-0.223338999998,0.002367,0.00265200000001,-0.000716999999958
2063,4.131539930,-0.472856533338,-4.08409612285,-8.80296029531,0.16189732186,-0.0315220583317,0.00876035916364,0,0,0,0,0,0,0.111582,0.108672000004,-0.223338999998,0.002367,0.00265200000001,-0.000716999999958
2064,4.133552816,-0.411501810513,-3.8534726175,-8.87609630651,0.152727429603,-0.0154515386632,-0.00784448292253,0,0,0,0,0,0,0.111582,0.108672000004,-0.223338999998,0.002367,0.00265200000001,-0.000716999999958
2065,4.135550943,0.284496168693,-3.55857787226,-9.16019482011,0.135087379738,-0.000305593841662,-0.00707039381676,0,0,0,0,0,0,0.151582,0.138671999999,0.0366590000022,-0.004633,-0.00434800000004,0.00228299999993
2066,4.137561474,-0.402315410697,-4.32589789046,-8.86508587779,0.155333270298,-0.0173622165305,7.27745664239e-05,0,0,0,0,0,0,0.151582,0.138671999999,0.0366590000022,-0.004633,-0.00434800000004,0.00228299999993
2067,4.139558981,-0.191226979976,-4.23295655856,-8.90216088903,0.149563803288,-0.0153004180302,-0.00864172390996,0,0,0,0,0,0,0.151582,0.138671999999,0.0366590000022,-0.004633,-0.00434800000004,0.00228299999993
2068,4.141572387,0.0420759649714,-3.75721884712,-8.99378656046,0.146566235021,-0.0016810588326,0.0133492658132,0,0,0,0,0,0,0.151582,0.138671999999,0.0366590000022,-0.004633,-0.00434800000004,0.00228299999993
2069,4.143578269,0.145714468565,-4.18120948955,-8.91237710036,0.165433334977,-0.0191899207423,0.0207238606699,0,0,0,0,0,0,0.141582,0.0986720000025,-0.153338999998,0.000367,-0.000348000000021,0.00128299999999
2070,4.145557582,0.32634853864,-4.24628068454,-9.1262102708,0.174892691659,-0.00621131962215,0.0107703049135,0,0,0,0,0,0,0.141582,0.0986720000025,-0.153338999998,0.000367,-0.000348000000021,0.00128299999999
2071,4.147538537,-0.825167577696,-4.44311071192,-8.68079861521,0.16918410581,-0.0521372179051,0.00926893830497,0,0,0,0,0,0,0.141582,0.0986720000025,-0.153338999998,0.000367,-0.000348000000021,0.00128299999999
2072,4.149551954,-0.133662089486,-4.48955001313,-8.68941920327,0.167741817006,-0.0169769580326,0.00071011278326,0,0,0,0,0,0,0.141582,0.0986720000025,-0.153338999998,0.000367,-0.000348000000021,0.00128299999999
2073,4.151556092,-0.0579825204039,-4.14879857101,-8.89018946048,0.163926945529,-0.0243614226687,0.00626209626069,0,0,0,0,0,0,0.081582,0.108672000003,-0.163339999998,0.004367,0.00465200000004,-0.00271699999993
2074,4.153560231,-0.127474782059,-3.9129299817,-8.89532789436,0.152332171316,-0.0157855449066,0.0133406577082,0,0,0,0,0,0,0.081582,0.108672000003,-0.163339999998,0.004367,0.00465200000004,-0.00271699999993
2075,4.155596681,0.00256876075771,-4.3418853597,-8.77658597358,0.159192258299,-0.0103576696313,0.00157733076161,0,0,0,0,0,0,0.081582,0.108672000003,-0.163339999998,0.004367,0.00465200000004,-0.00271699999993
2076,4.157573539,-0.277077536617,-4.0367702807,-8.66548200272,0.150077698034,-0.0265221993353,0.000508910512343,0,0,0,0,0,0,0.081582,0.108672000003,-0.163339999998,0.004367,0.00465200000004,-0.00271699999993
2077,4.159573971,-0.157311891917,-3.99657660569,-8.81147120959,0.156648918649,-0.0313498554456,0.00950460808,0,0,0,0,0,0,0.141582,0.0986720000001,-0.00333999999842,0.000367,-0.000348000000005,0.000282999999994
2078,4.161577969,-0.432246245304,-4.23763499513,-8.7322768838,0.167477940456,-0.0289871411962,0.018769553357,0,0,0,0,0,0,0.141582,0.0986720000001,-0.00333999999842,0.000367,-0.000348000000005,0.000282999999994
2079,4.163571128,-0.229771454905,-4.08881850618,-8.41611307299,0.157190988838,-0.0248405748483,0.0093662149689,0,0,0,0,0,0,0.141582,0.0986720000001,-0.00333999999842,0.000367,-0.000348000000005,0.000282999999994
2080,4.165553195,-0.252160467478,-4.12837303718,-8.7260058962,0.163631542712,-0.0201735517426,0.00628962944495,0,0,0,0,0,0,0.141582,0.0986720000001,-0.00333999999842,0.000367,-0.000348000000005,0.000282999999994
2081,4.167555150,0.265747969069,-3.97135163676,-8.35166649583,0.159891320152,-0.0237283183685,0.000892395495295,0,0,0,0,0,0,0.081582,0.0986719999996,0.0266610000016,0.002367,0.00165200000001,-0.000716999999974
2082,4.169553578,0.201077516999,-4.02271264681,-8.50275711827,0.165590710834,-0.0239263046669,0.0110539694156,0,0,0,0,0,0,0.081582,0.0986719999996,0.0266610000016,0.002367,0.00165200000001,-0.000716999999974
2083,4.171542929,-0.52325664633,-4.21570854916,-8.85129138955,0.172928171264,-0.0311194512972,0.0156479792235,0,0,0,0,0,0,0.081582,0.0986719999996,0.0266610000016,0.002367,0.00165200000001,-0.000716999999974
2084,4.173551857,-0.193349377444,-4.31492604215,-8.54320688893,0.167039340776,-0.0211514892847,0.0149838558219,0,0,0,0,0,0,0.081582,0.0986719999996,0.0266610000016,0.002367,0.00165200000001,-0.000716999999974
2085,4.175549163,-0.687646309715,-4.21241276084,-9.39521911263,0.153418544446,-0.0195873371396,0.00665739390273,0,0,0,0,0,0,0.051582,0.118672000002,-0.103339999998,0.005367,0.00765200000004,-0.00271699999988
2086,4.177559634,-0.263727389801,-4.60595714702,-8.42259169847,0.184473453399,-0.0246986447874,0.00556155485815,0,0,0,0,0,0,0.051582,0.118672000002,-0.103339999998,0.005367,0.00765200000004,-0.00271699999988
2087,4.179573993,-0.42279948367,-4.180549583,-8.69141334827,0.148650152029,-0.0196929703597,0.00829952851717,0,0,0,0,0,0,0.051582,0.118672000002,-0.103339999998,0.005367,0.00765200000004,-0.00271699999988
2088,4.181549648,-0.259326632893,-4.2569668876,-8.51862802117,0.158502524702,-0.00831354734737,0.0117526519816,0,0,0,0,0,0,0.051582,0.118672000002,-0.103339999998,0.005367,0.00765200000004,-0.00271699999988
2089,4.183549589,-0.195373160883,-4.27491882453,-9.07764320059,0.161435231175,-0.0107044015179,-0.00446811683299,0,0,0,0,0,0,0.051582,0.118672000003,-0.203340999998,0.004367,0.00965200000008,-0.00471699999985
2090,4.185558397,-0.070222112596,-4.0273986512,-9.0769467562,0.145929192954,-0.00263572280162,0.00956910052066,0,0,0,0,0,0,0.051582,0.118672000003,-0.203340999998,0.004367,0.00965200000008,-0.00471699999985
2091,4.187541797,0.333828424906,-3.87618391556,-8.68251396786,0.13759234093,-0.00783186653064,0.00941375660446,0,0,0,0,0,0,0.051582,0.118672000003,-0.203340999998,0.004367,0.00965200000008,-0.00471699999985
2092,4.189554241,-0.0145177548803,-3.85630228329,-8.70926178185,0.147657830806,-0.00578880841465,0.00779226370357,0,0,0,0,0,0,0.051582,0.118672000003,-0.203340999998,0.004367,0.00965200000008,-0.00471699999985
2093,4.191549564,0.0337423146774,-3.78300483358,-8.85286068268,0.134706957106,-0.00457814338809,0.00786293788808,0,0,0,0,0,0,0.091582,0.128671999999,0.0466590000021,-0.002633,-0.000348000000021,0.00128299999999
2094,4.193576255,-0.203632326853,-4.28063634394,-8.85632535193,0.162755034708,-0.0136856605017,0.0120851887704,0,0,0,0,0,0,0.091582,0.128671999999,0.0466590000021,-0.002633,-0.000348000000021,0.00128299999999
2095,4.195565325,-0.383403255041,-4.22443902609,-8.88092864309,0.17378485791,-0.0181859284714,0.0181906777212,0,0,0,0,0,0,0.091582,0.128671999999,0.0466590000021,-0.002633,-0.000348000000021,0.00128299999999
2096,4.197577259,0.331803258847,-4.19075392191,-8.76309335142,0.16300078427,-0.00650059539801,0.0135542047872,0,0,0,0,0,0,0.091582,0.128671999999,0.0466590000021,-0.002633,-0.000348000000021,0.00128299999999
2097,4.199570307,-0.565739877085,-4.2582768822,-9.1193714808,0.144435545232,-0.00919586522668,0.00810576933826,0,0,0,0,0,0,0.051582,0.108672000001,-0.0833399999983,0.002367,0.00565200000003,-0.00171699999991
2098,4.201561893,0.00866888854875,-4.625648445,-8.72043160485,0.177715121205,-0.0175242987198,0.0184647677299,0,0,0,0,0,0,0.051582,0.108672000001,-0.0833399999983,0.002367,0.00565200000003,-0.00171699999991
2099,4.203588714,-0.489606329438,-3.99431901943,-8.42716573607,0.164986652634,-0.0327666988332,0.0115428633903,0,0,0,0,0,0,0.051582,0.108672000001,-0.0833399999983,0.002367,0.00565200000003,-0.00171699999991
2100,4.205570190,-0.270974054403,-4.19623425768,-8.80767858597,0.161426574195,-0.0271295600093,0.0118789878348,0,0,0,0,0,0,0.051582,0.108672000001,-0.0833399999983,0.002367,0.00565200000003,-0.00171699999991
2101,4.207558259,0.0321658023906,-3.94679933985,-8.56611708118,0.143610886444,-0.0120491212321,0.00414278732584,0,0,0,0,0,0,0.061582,0.108672,-0.00333999999826,0.001367,0.00465200000001,-0.000716999999926
2102,4.209580382,-0.230823669539,-3.9225703827,-8.77464493957,0.149522083842,-0.0109267522644,0.0129715058241,0,0,0,0,0,0,0.061582,0.108672,-0.00333999999826,0.001367,0.00465200000001,-0.000716999999926
2103,4.211566597,-0.180185160559,-4.29549647642,-8.77163995404,0.171829355728,-0.0300137061622,0.00924800389306,0,0,0,0,0,0,0.061582,0.108672,-0.00333999999826,0.001367,0.00465200000001,-0.000716999999926
2104,4.213571557,-0.485850514987,-4.38401863775,-8.3882178326,0.178869653367,-0.029104239906,0.0109952768619,0,0,0,0,0,0,0.061582,0.108672,-0.00333999999826,0.001367,0.00465200000001,-0.000716999999926
2105,4.215586436,-0.242587751673,-4.17851020688,-8.91912741047,0.16692012935,-0.0250600175568,0.00920756289698,0,0,0,0,0,0,0.131582,0.148672000003,-0.163339999998,-0.004633,-0.000348000000021,0.00128299999999
2106,4.217562934,-0.125230136568,-4.22397760983,-8.94220817076,0.160564282415,-0.0310429496855,0.00915272533453,0,0,0,0,0,0,0.131582,0.148672000003,-0.163339999998,-0.004633,-0.000348000000021,0.00128299999999
2107,4.219546715,-0.126744630102,-3.90818548758,-8.81540855443,0.148922421463,-0.0187784512514,0.00688041102364,0,0,0,0,0,0,0.131582,0.148672000003,-0.163339999998,-0.004633,-0.000348000000021,0.00128299999999
2108,4.221553108,-0.0395948895068,-4.4907800348,-8.55180184691,0.179764343451,-0.0212961567301,0.0130410616109,0,0,0,0,0,0,0.131582,0.148672000003,-0.163339999998,-0.004633,-0.000348000000021,0.00128299999999
2109,4.223558319,-0.0921036800676,-4.51197724153,-8.31997877933,0.174897378485,-0.0180541386987,0.0159516938671,0,0,0,0,0,0,0.131582,0.108672,-0.00333999999826,-0.001633,-0.000347999999989,-0.000717000000006
2110,4.225567918,-0.320318654446,-4.25107810577,-8.38223460758,0.174603649877,-0.0305348701402,0.00985080098012,0,0,0,0,0,0,0.131582,0.108672,-0.00333999999826,-0.001633,-0.000347999999989,-0.000717000000006
2111,4.227548302,-0.0129139717076,-4.49573317116,-8.43903176067,0.183490808467,-0.0257686656789,0.0205502504844,0,0,0,0,0,0,0.131582,0.108672,-0.00333999999826,-0.001633,-0.000347999999989,-0.000717000000006
2112,4.229521674,-0.367622716834,-4.08808255191,-8.58906874456,0.168593601547,-0.0321526540822,0.0096200439202,0,0,0,0,0,0,0.131582,0.108672,-0.00333999999826,-0.001633,-0.000347999999989,-0.000717000000006
2113,4.231529730,-0.429751064923,-4.11014138583,-8.61944081032,0.170122628301,-0.0357457840511,0.0206553018786,0,0,0,0,0,0,0.071582,0.0686720000007,-0.0433409999989,0.005367,0.00565200000004,-0.00271699999991
2114,4.233523399,0.134476191473,-4.27172776935,-8.52640755564,0.163231328805,-0.0212155713153,0.0202883131747,0,0,0,0,0,0,0.071582,0.0686720000007,-0.0433409999989,0.005367,0.00565200000004,-0.00271699999991
2115,4.235516537,0.509179739879,-4.30252983651,-8.5614176256,0.168893901586,-0.00172501325508,0.0045252187295,0,0,0,0,0,0,0.071582,0.0686720000007,-0.0433409999989,0.005367,0.00565200000004,-0.00271699999991
2116,4.237513814,0.417858453882,-3.82522875456,-8.41152625534,0.147733071118,-0.00648922247057,0.0139591191122,0,0,0,0,0,0,0.071582,0.0686720000007,-0.0433409999989,0.005367,0.00565200000004,-0.00271699999991
2117,4.239526379,-0.8389100597,-4.26207559923,-8.67535045108,0.176330590944,-0.0470083987594,0.00399582500389,0,0,0,0,0,0,0.051582,0.108672,0.0166610000017,0.006367,0.00665200000008,-0.00471699999989
2118,4.241525448,0.0542064153733,-3.65886925161,-8.17185476112,0.160468539505,-0.0153501899031,0.00802015356155,0,0,0,0,0,0,0.051582,0.108672,0.0166610000017,0.006367,0.00665200000008,-0.00471699999989
2119,4.243521902,-0.0107848448823,-3.98677621641,-8.75987559164,0.148940803104,-0.0186621593268,0.0156541948831,0,0,0,0,0,0,0.051582,0.108672,0.0166610000017,0.006367,0.00665200000008,-0.00471699999989
2120,4.245519269,0.0821942533856,-4.36814781846,-9.14523925589,0.155549752777,-0.000948581127405,-0.00469184102787,0,0,0,0,0,0,0.051582,0.108672,0.0166610000017,0.006367,0.00665200000008,-0.00471699999989
2121,4.247537554,-0.285469079895,-3.95484207037,-8.74087681907,0.143938319371,-0.0178989340187,0.00555949046505,0,0,0,0,0,0,0.081582,0.0986719999989,0.0666600000016,0.000367,0.000651999999979,0.00128300000001
2122,4.249536102,-0.124099141402,-4.25501679975,-9.00472501742,0.150285395778,-0.00185161286521,0.00517532630399,0,0,0,0,0,0,0.081582,0.0986719999989,0.0666600000016,0.000367,0.000651999999979,0.00128300000001
2123,4.251522197,0.0957033804087,-3.89090628385,-9.05432673471,0.135221175236,0.00267061971935,0.00347964727574,0,0,0,0,0,0,0.081582,0.0986719999989,0.0666600000016,0.000367,0.000651999999979,0.00128300000001
2124,4.253518922,0.0710029191702,-3.70305745639,-9.1175541359,0.145009093432,-0.0066903187493,0.0101706616931,0,0,0,0,0,0,0.081582,0.0986719999989,0.0666600000016,0.000367,0.000651999999979,0.00128300000001
2125,4.255568266,-0.114370396646,-4.07820981326,-8.89549070493,0.152972259747,-0.0105321349364,0.00373524434322,0,0,0,0,0,0,0.031582,0.098671999998,0.126659000002,0.002367,0.00565200000001,-0.00071699999991
2126,4.257529966,-0.166781530052,-4.18677797691,-9.15411901213,0.152029715352,-0.0233923745562,0.0144633967886,0,0,0,0,0,0,0.031582,0.098671999998,0.126659000002,0.002367,0.00565200000001,-0.00071699999991
2127,4.259519998,0.151664513406,-4.05628753242,-8.88320114413,0.161198614874,-0.0148338097588,0.0164505429737,0,0,0,0,0,0,0.031582,0.098671999998,0.126659000002,0.002367,0.00565200000001,-0.00071699999991
2128,4.261521733,-0.310278905446,-4.03662420846,-8.45988946754,0.150477459073,-0.0255303370447,0.0121969061047,0,0,0,0,0,0,0.031582,0.098671999998,0.126659000002,0.002367,0.00565200000001,-0.00071699999991
2129,4.263531512,0.0761574808118,-4.04717483763,-8.76252980199,0.156570490315,-0.0156195946857,0.0138409887925,0,0,0,0,0,0,0.041582,0.148672000003,-0.203340999998,0.004367,0.00865200000006,-0.00371699999986
2130,4.265530672,-0.146775907039,-4.15579477645,-8.84224223171,0.153675284797,-0.00193854690908,0.0103198758679,3.29115644525e-09,2.73890784887e-09,2.15433515957e-09,1.14858981016e-08,-1.38400607596e-08,4.86291449554e-11,0.041582,0.148672000003,-0.203340999998,0.004367,0.00865200000006,-0.00371699999986
2131,4.267527387,-0.368233491739,-3.51222323835,-9.0789113158,0.130153208547,-0.0124585507017,0.0135124277244,3.21097958909e-11,2.67242701954e-11,2.1017801771e-11,1.12069442935e-10,-1.35027026047e-10,4.74444931991e-13,0.041582,0.148672000003,-0.203340999998,0.004367,0.00865200000006,-0.00371699999986
2132,4.269520936,0.0533447430803,-3.86671282017,-8.80256521979,0.138040862814,-0.000811993455404,0.00382927180268,3.13286881333e-13,2.60739217319e-13,2.05054676511e-13,1.0934112666e-12,-1.31741063653e-12,4.62907036764e-15,0.041582,0.148672000003,-0.203340999998,0.004367,0.00865200000006,-0.00371699999986
2133,4.271541255,-0.136609264307,-4.00692094055,-8.85449657446,0.153979295224,-0.0197688962649,0.01269953597,3.056724019e-15,2.54395768243e-15,2.00043831358e-15,1.06678327499e-14,-1.28535812382e-14,4.51631723766e-17,0.091582,0.128672000003,-0.163339999998,0.001367,0.00265200000003,-0.00171699999996
2134,4.273529424,0.0934404230119,-3.98348943599,-8.62922905555,0.161332885334,-0.0173389767242,0.0125653764323,2.98219594919e-17,2.48207755886e-17,1.95189736698e-17,1.04085460242e-16,-1.2540434048e-16,4.40628385552e-19,0.091582,0.128672000003,-0.163339999998,0.001367,0.00265200000003,-0.00171699999996
2135,4.275527121,-0.172340982904,-4.10283080318,-9.34120236083,0.149690101439,-0.00256848407066,0.0112238329248,2.90979085786e-19,2.42151190536e-19,1.90431103358e-19,1.01544569108e-18,-1.22358324066e-18,4.29908546293e-21,0.091582,0.128672000003,-0.163339999998,0.001367,0.00265200000003,-0.00171699999996
2136,4.277536489,0.319836428989,-4.12093107916,-8.86927527653,0.157972987955,-0.00828493159725,0.0164574392552,2.83885071298e-21,2.36263331357e-21,1.85806552428e-21,9.90769439472e-21,-1.1937696809e-20,4.19440922889e-23,0.091582,0.128672000003,-0.163339999998,0.001367,0.00265200000003,-0.00171699999996
2137,4.279573630,-0.245492935846,-4.16375635357,-8.48259961778,0.171447297826,-0.0248042749442,0.0138590641723,2.7697762442e-23,2.30524315045e-23,1.81266177827e-23,9.66679104649e-23,-1.1646938185e-22,4.09211897414e-25,0.031582,0.0986720000018,-0.113339999998,0.006367,0.00765200000008,-0.00471699999988
2138,4.281545238,-0.234303219202,-4.14279031276,-8.72804806064,0.169719307706,-0.026728019416,0.00674823923986,2.70226136798e-25,2.2489573568e-25,1.76892218779e-25,9.43126742017e-25,-1.13636569587e-24,3.99284475069e-27,0.031582,0.0986720000018,-0.113339999998,0.006367,0.00765200000008,-0.00471699999988
2139,4.283522607,0.395688282739,-4.11339629668,-8.71702127905,0.157315541169,-0.00679487771559,0.00622322132087,2.63667212941e-27,2.19418202472e-27,1.72563646578e-27,9.20125000924e-27,-1.10874603334e-26,3.89576307501e-29,0.031582,0.0986720000018,-0.113339999998,0.006367,0.00765200000008,-0.00471699999988
2140,4.285520424,0.328101178564,-3.76967276771,-8.30207934231,0.151044758095,-0.0175023843976,0.00989874573066,2.57241216501e-29,2.14083074092e-29,1.68369659217e-29,8.97760657707e-29,-1.08173415677e-28,3.80074367137e-31,0.031582,0.0986720000018,-0.113339999998,0.006367,0.00765200000008,-0.00471699999988
2141,4.287526767,0.418887364014,-4.27138651423,-8.27744290015,0.169562194899,-0.0111584952242,0.0249105690647,2.5097679761e-31,2.08875428612e-31,1.64273090304e-31,8.75924155338e-31,-1.05539368385e-30,3.70826780262e-33,0.141582,0.128672000003,-0.193339999998,-0.000633,0.00165200000003,-0.00171699999997
2142,4.289528121,0.140782569402,-4.45188666461,-8.60348221318,0.172448178406,-0.020631343689,0.0170555432573,2.44855843954e-33,2.03802211503e-33,1.60279988267e-33,8.54656557466e-33,-1.02966281724e-32,3.61808479128e-35,0.141582,0.128672000003,-0.193339999998,-0.000633,0.00165200000003,-0.00171699999997
2143,4.291528182,0.0545740247745,-4.17821016047,-8.68316301502,0.14876003709,0.00168936989814,0.00672202577547,2.38903188874e-35,1.98830096915e-35,1.56383048517e-35,8.33811269898e-35,-1.00463768782e-34,3.53003436486e-37,0.141582,0.128672000003,-0.193339999998,-0.000633,0.00165200000003,-0.00171699999997
2144,4.293520008,-0.162780293696,-4.24974078399,-8.77476506076,0.158120490848,-0.0106489809064,0.00218840094341,2.33100245993e-37,1.93997651466e-37,1.52549953816e-37,8.13510095549e-37,-9.80191052061e-37,3.44384697711e-39,0.141582,0.128672000003,-0.193339999998,-0.000633,0.00165200000003,-0.00171699999997
2145,4.295533324,-0.41773801064,-4.23012363177,-9.00016331608,0.160966136641,-0.0203937930003,0.00216031043329,2.27418525224e-39,1.89265464118e-39,1.48862793902e-39,7.93700451364e-39,-9.56341539713e-39,3.36040482108e-41,0.121582,0.128672000002,-0.123340999998,0.000367,0.00165200000001,-0.000716999999974
2146,4.297527574,-0.417724188371,-3.82581013186,-9.18549236428,0.135611893952,-0.0191140721594,0.00388441735891,2.21881620105e-41,1.84663653044e-41,1.45237774432e-41,7.74399608721e-41,-9.33054321739e-41,3.278621912e-43,0.121582,0.128672000002,-0.123340999998,0.000367,0.00165200000001,-0.000716999999974
2147,4.299526173,0.314071269527,-3.82858055296,-8.78730150827,0.143349438849,-0.011781040892,0.00192728642039,2.16418884591e-43,1.80129679916e-43,1.41641155021e-43,7.5535975653e-43,-9.10050006954e-43,3.19752042924e-45,0.121582,0.128672000002,-0.123340999998,0.000367,0.00165200000001,-0.000716999999974
2148,4.301518450,0.177116621106,-4.022188036,-8.90033478586,0.152363301249,-0.00800891600236,0.00909318927155,2.05138036547e-45,1.70734484481e-45,1.34260309686e-45,7.15965991203e-45,-8.62618942296e-45,3.03099812177e-47,0.121582,0.128672000002,-0.123340999998,0.000367,0.00165200000001,-0.000716999999974
2149,4.303574235,-0.141580176608,-4.13920850527,-9.40325235983,0.149297578787,-0.0126657029338,-0.00286237313961,0,0,0,0,0,0,0.151582,0.118672000002,-0.143338999998,0.000367,0.000651999999995,0.00028300000001
2150,4.305530354,-0.771110067409,-3.96493271305,-9.07487385031,0.157621740536,-0.0357021958699,0.0170335111784,0,0,0,0,0,0,0.151582,0.118672000002,-0.143338999998,0.000367,0.000651999999995,0.00028300000001
2151,4.307530836,0.176071275103,-4.25036346801,-8.91984012236,0.158989600272,-0.00491624957117,0.00882910469013,0,0,0,0,0,0,0.151582,0.118672000002,-0.143338999998,0.000367,0.000651999999995,0.00028300000001
2152,4.309518955,0.234003534194,-3.90186742145,-9.30157440159,0.132583031396,0.00278744353349,0.00306445432613,0,0,0,0,0,0,0.151582,0.118672000002,-0.143338999998,0.000367,0.000651999999995,0.00028300000001
2153,4.311539565,-0.0253129620346,-4.31414804908,-8.79671418884,0.173349351647,-0.0191188469576,0.00354496405263,0,0,0,0,0,0,0.081582,0.108671999999,0.0366590000017,0.003367,0.00365200000001,-0.000716999999942
2154,4.313543574,-0.119849126778,-4.16471479934,-8.49560147659,0.174086724911,-0.0314975573349,0.00929542870347,0,0,0,0,0,0,0.081582,0.108671999999,0.0366590000017,0.003367,0.00365200000001,-0.000716999999942
2155,4.315541732,0.151022735934,-4.39692702046,-9.21845147343,0.159795721858,-0.0126603743345,0.0079587108378,0,0,0,0,0,0,0.081582,0.108671999999,0.0366590000017,0.003367,0.00365200000001,-0.000716999999942
2156,4.317518069,0.12302401489,-4.48388111152,-9.03825431538,0.157813835757,-0.0172601334406,0.0122902047355,0,0,0,0,0,0,0.081582,0.108671999999,0.0366590000017,0.003367,0.00365200000001,-0.000716999999942
2157,4.319522197,0.369132217222,-3.92527033302,-8.69822809274,0.152114382123,0.0108153611702,0.00561455610029,0,0,0,0,0,0,0.101582,0.138672000001,-0.0433409999978,-0.002633,0.003652,0.000283000000058
2158,4.321526116,-0.818433417291,-4.26038491556,-9.17586436712,0.149147623977,-0.0210666477451,0.00421426039292,0,0,0,0,0,0,0.101582,0.138672000001,-0.0433409999978,-0.002633,0.003652,0.000283000000058
2159,4.323522029,0.0699400263644,-4.26844716228,-8.88099042606,0.155633905325,-0.000880440280441,0.0104964252684,0,0,0,0,0,0,0.101582,0.138672000001,-0.0433409999978,-0.002633,0.003652,0.000283000000058
2160,4.325517041,-0.602982527052,-4.14108543253,-8.76145558428,0.156016164901,-0.0273519006142,0.0243164028422,0,0,0,0,0,0,0.101582,0.138672000001,-0.0433409999978,-0.002633,0.003652,0.000283000000058
2161,4.327528714,-0.45573856166,-4.00772496461,-9.10469299912,0.147454903687,-0.0161269358637,0.0034390431438,0,0,0,0,0,0,0.161582,0.108672,-0.00333999999826,-0.003633,-0.00234800000002,0.00128299999996
2162,4.329526832,-0.307951590449,-4.85514740829,-9.03854169942,0.178991222518,-0.0143482662086,0.0105942127062,0,0,0,0,0,0,0.161582,0.108672,-0.00333999999826,-0.003633,-0.00234800000002,0.00128299999996
2163,4.331519659,0.52314355674,-4.10078228659,-9.17020159901,0.150380477095,0.0119372698992,0.00172687363696,0,0,0,0,0,0,0.161582,0.108672,-0.00333999999826,-0.003633,-0.00234800000002,0.00128299999996
2164,4.333508740,0.0377387028552,-4.3269018493,-8.68744477467,0.172671755552,-0.0197050027869,0.0122635036157,0,0,0,0,0,0,0.161582,0.108672,-0.00333999999826,-0.003633,-0.00234800000002,0.00128299999996
2165,4.335526004,-0.476073434478,-3.96781041567,-8.79731627222,0.162550735558,-0.0404807959527,0.010862154833,0,0,0,0,0,0,0.121582,0.138672000001,-0.0733389999978,0.001367,0.00265200000003,-0.00171699999996
2166,4.337523681,-0.275935229879,-4.25400897492,-8.72391404112,0.15869101806,-0.00677364973512,0.00106856065137,0,0,0,0,0,0,0.121582,0.138672000001,-0.0733389999978,0.001367,0.00265200000003,-0.00171699999996
2167,4.339514986,0.000706927086066,-3.9884040265,-9.00411895078,0.152059710236,-0.00815262705858,0.00347124448618,0,0,0,0,0,0,0.121582,0.138672000001,-0.0733389999978,0.001367,0.00265200000003,-0.00171699999996
2168,4.341517692,0.169121131241,-4.10707915077,-8.6860048992,0.151847461109,0.00187235989347,0.00452770549739,0,0,0,0,0,0,0.121582,0.138672000001,-0.0733389999978,0.001367,0.00265200000003,-0.00171699999996
2169,4.343527411,0.402154400479,-4.14491169967,-9.09396585354,0.154809784679,0.00382790764211,-0.00227728664263,0,0,0,0,0,0,0.181582,0.138672000002,-0.153338999998,-0.001633,-0.00134799999999,-0.000717000000022
2170,4.345525529,-0.096434365217,-4.34326142663,-9.19736462798,0.156913884632,-0.0100249795053,0.00762039248282,0,0,0,0,0,0,0.181582,0.138672000002,-0.153338999998,-0.001633,-0.00134799999999,-0.000717000000022
2171,4.347522845,0.0766804773639,-4.18110022815,-8.61576907215,0.165375217566,-0.0119427061025,0.00840407813414,0,0,0,0,0,0,0.181582,0.138672000002,-0.153338999998,-0.001633,-0.00134799999999,-0.000717000000022
2172,4.349523707,-0.0889205718255,-3.97832890488,-8.42008465558,0.154931220928,-0.018709924874,0.00428030365325,0,0,0,0,0,0,0.181582,0.138672000002,-0.153338999998,-0.001633,-0.00134799999999,-0.000717000000022
2173,4.351540350,0.279451995067,-4.09370266623,-8.87694638623,0.150652102123,0.0028743208509,0.00612653400807,0,0,0,0,0,0,0.121582,0.148671999999,0.0766600000024,-0.002633,-0.00134800000002,0.00128299999998
2174,4.353526255,-0.161363480688,-4.62559521317,-8.68267107272,0.176768719364,-0.022787193671,0.0139420282461,0,0,0,0,0,0,0.121582,0.148671999999,0.0766600000024,-0.002633,-0.00134800000002,0.00128299999998
2175,4.355550552,0.843619175326,-4.22980920479,-8.52629895388,0.167126413474,0.00354291413563,0.00973892399111,0,0,0,0,0,0,0.121582,0.148671999999,0.0766600000024,-0.002633,-0.00134800000002,0.00128299999998
2176,4.357523632,-0.293810951968,-4.13380437081,-9.11240808765,0.147806456674,0.000565906078368,-0.000366358801468,0,0,0,0,0,0,0.121582,0.148671999999,0.0766600000024,-0.002633,-0.00134800000002,0.00128299999998
2177,4.359537730,0.1498012306,-4.39236384896,-8.76391943006,0.1693580276,-0.000413286887685,0.0177563566654,0,0,0,0,0,0,0.081582,0.138672000001,-0.0433409999978,0.002367,0.00465200000004,-0.00271699999993
2178,4.361532712,-0.310205137386,-4.35347653282,-8.35111105361,0.159029962771,-0.0177093275153,0.00194138642765,0,0,0,0,0,0,0.081582,0.138672000001,-0.0433409999978,0.002367,0.00465200000004,-0.00271699999993
2179,4.363522233,-0.209978835177,-3.87423515473,-8.47137711385,0.148199116831,-0.0177050929785,0.0161630907912,0,0,0,0,0,0,0.081582,0.138672000001,-0.0433409999978,0.002367,0.00465200000004,-0.00271699999993
2180,4.365520781,-0.309085703707,-4.2113204858,-8.40672566559,0.155268725033,-0.0192506515284,0.0115838125649,0,0,0,0,0,0,0.081582,0.138672000001,-0.0433409999978,0.002367,0.00465200000004,-0.00271699999993
2181,4.367535420,-0.0593540988333,-4.3085136333,-8.59536828623,0.160318222475,-0.0104986912438,0.00719219515075,0,0,0,0,0,0,0.041582,0.0986720000005,-0.0333399999984,0.007367,0.00865200000009,-0.00571699999986
2182,4.369532185,0.333646744806,-4.22342967877,-8.5007353959,0.161090500165,0.00282112370038,0.00193322567416,0,0,0,0,0,0,0.041582,0.0986720000005,-0.0333399999984,0.007367,0.00865200000009,-0.00571699999986
2183,4.371521616,0.259155065779,-3.71266255626,-8.51338633548,0.15008078856,-0.000575217026974,0.00621478289857,0,0,0,0,0,0,0.041582,0.0986720000005,-0.0333399999984,0.007367,0.00865200000009,-0.00571699999986
2184,4.373517019,0.253890443822,-4.36647153401,-8.77170109148,0.155184413047,-0.00795081409142,0.00995276989011,0,0,0,0,0,0,0.041582,0.0986720000005,-0.0333399999984,0.007367,0.00865200000009,-0.00571699999986
2185,4.375530045,-0.13352704589,-4.11580653103,-9.06042323779,0.145751166435,-0.0118182460465,0.00628784687943,0,0,0,0,0,0,0.011582,0.0986719999969,0.196661000002,0.006367,0.00665200000006,-0.00371699999989
2186,4.377547899,-0.248224654169,-4.19088209768,-8.89768061174,0.152923155234,-0.00594568209397,0.00363535803271,0,0,0,0,0,0,0.011582,0.0986719999969,0.196661000002,0.006367,0.00665200000006,-0.00371699999989
2187,4.379564051,-0.29757181991,-4.09124035978,-8.56495206814,0.153650583563,-0.0196290078532,0.00594501966035,0,0,0,0,0,0,0.011582,0.0986719999969,0.196661000002,0.006367,0.00665200000006,-0.00371699999989
2188,4.381544706,-0.599986420297,-4.15997902439,-8.87680675798,0.148963301988,-0.0189350068589,1.72070775109e-06,0,0,0,0,0,0,0.011582,0.0986719999969,0.196661000002,0.006367,0.00665200000006,-0.00371699999989
2189,4.383529057,-0.2871737107,-4.36676972552,-8.60239472514,0.164357944937,-0.0163534876036,0.000981643722341,0,0,0,0,0,0,0.071582,0.118671999996,0.256660000002,0.002367,0.00365200000003,-0.00171699999994
2190,4.385526093,-0.431828342448,-4.25627920698,-8.62655305982,0.165831927513,-0.02198892342,0.0107611050944,0,0,0,0,0,0,0.071582,0.118671999996,0.256660000002,0.002367,0.00365200000003,-0.00171699999994
2191,4.387520874,-0.108135492102,-4.3116744198,-8.75013176978,0.158998627693,-0.0222555882953,0.00333666510588,0,0,0,0,0,0,0.071582,0.118671999996,0.256660000002,0.002367,0.00365200000003,-0.00171699999994
2192,4.389522759,0.154250396429,-4.26828603433,-8.5280294855,0.167478464388,-0.0222119904937,0.0128652903399,0,0,0,0,0,0,0.071582,0.118671999996,0.256660000002,0.002367,0.00365200000003,-0.00171699999994
2193,4.391529473,0.122377932827,-4.20366243015,-8.61405162539,0.154646868938,0.00130732998326,0.00361577875912,0,0,0,0,0,0,0.101582,0.118672000001,-0.0333399999981,0.003367,0.00265200000004,-0.00271699999996
2194,4.393527771,-0.0282805483399,-4.54333650677,-8.84985729601,0.162203968645,-0.000412685989981,0.00691261551031,0,0,0,0,0,0,0.101582,0.118672000001,-0.0333399999981,0.003367,0.00265200000004,-0.00271699999996
2195,4.395522092,-0.110939071241,-3.8954598969,-8.69320134338,0.149207536822,-0.0157171825307,0.0110829399004,0,0,0,0,0,0,0.101582,0.118672000001,-0.0333399999981,0.003367,0.00265200000004,-0.00271699999996
2196,4.397524137,-0.0887136188843,-4.3095240676,-8.53685404773,0.156814064989,-0.0133337237124,0.00816321401203,0,0,0,0,0,0,0.101582,0.118672000001,-0.0333399999981,0.003367,0.00265200000004,-0.00271699999996
2197,4.399529478,0.0809247848765,-3.89995295059,-8.57554641323,0.147884497657,-0.0134744816996,0.00342593681,0,0,0,0,0,0,0.071582,0.0986720000012,-0.0733389999984,0.005367,0.00765200000008,-0.00471699999988
2198,4.401529709,0.00374651155379,-4.31431274213,-8.63476590862,0.164313303742,-0.00906043445611,0.00928990734723,0,0,0,0,0,0,0.071582,0.0986720000012,-0.0733389999984,0.005367,0.00765200000008,-0.00471699999988
2199,4.403547413,0.10729666779,-4.08033381687,-8.73277376978,0.154033338805,-0.00722873376849,0.00266120861813,0,0,0,0,0,0,0.071582,0.0986720000012,-0.0733389999984,0.005367,0.00765200000008,-0.00471699999988
2200,4.405535142,-0.129401160218,-4.13720924113,-8.53435966,0.151581552499,-0.00592479514815,0.00221920185222,0,0,0,0,0,0,0.071582,0.0986720000012,-0.0733389999984,0.005367,0.00765200000008,-0.00471699999988
2201,4.407540843,0.112414382899,-4.42292155885,-8.51518951341,0.163496732289,-5.54610254119e-05,-0.00233291310249,0,0,0,0,0,0,0.061582,0.128672,-0.00333999999794,0.003367,0.00565200000004,-0.00271699999991
2202,4.409527740,-0.029046403619,-4.08760664455,-8.44177343116,0.160959717817,-0.00493512170749,0.0126412156466,0,0,0,0,0,0,0.061582,0.128672,-0.00333999999794,0.003367,0.00565200000004,-0.00271699999991
2203,4.411523473,-0.141454869444,-4.02854429143,-8.59420032447,0.155400557001,-0.010953302262,0.000460089070874,0,0,0,0,0,0,0.061582,0.128672,-0.00333999999794,0.003367,0.00565200000004,-0.00271699999991
2204,4.413524156,0.129184783308,-4.11031837544,-8.79830062009,0.149025273663,-0.00201348949122,2.18683237029e-05,0,0,0,0,0,0,0.061582,0.128672,-0.00333999999794,0.003367,0.00565200000004,-0.00271699999991
2205,4.415530559,-0.174137735446,-4.10889207086,-8.55912449101,0.1495596879,-0.0117586790356,0.00243171842467,0,0,0,0,0,0,0.031582,0.108671999999,0.0466590000017,0.008367,0.00965200000008,-0.00471699999985
2206,4.417525180,0.567881909603,-3.97598184305,-8.90326194639,0.146892568395,0.00541180677156,0.00345874686036,0,0,0,0,0,0,0.031582,0.108671999999,0.0466590000017,0.008367,0.00965200000008,-0.00471699999985
2207,4.419530231,-0.23092610032,-4.22832437824,-8.78304809887,0.154082412175,-0.0145571837555,0.0131527589289,0,0,0,0,0,0,0.031582,0.108671999999,0.0466590000017,0.008367,0.00965200000008,-0.00471699999985
2208,4.421524161,0.332937031126,-3.9753191431,-9.08413948361,0.134042819591,0.0129688798037,0.00362649766992,0,0,0,0,0,0,0.031582,0.108671999999,0.0466590000017,0.008367,0.00965200000008,-0.00471699999985
2209,4.423531395,0.142971373098,-4.15339714243,-8.85479417732,0.159562238753,0.00250692054007,0.0030225899516,0,0,0,0,0,0,0.091582,0.128671999997,0.166660000002,0.001367,0.00365200000003,-0.00171699999994
2210,4.425533991,-0.312466648655,-4.11259731719,-8.82381498447,0.149370880585,-0.00374879773274,0.004291818683,0,0,0,0,0,0,0.091582,0.128671999997,0.166660000002,0.001367,0.00365200000003,-0.00171699999994
2211,4.427527821,-0.195769948964,-4.11587287911,-8.74462513937,0.157886052365,-0.0123223607999,0.00598647797677,0,0,0,0,0,0,0.091582,0.128671999997,0.166660000002,0.001367,0.00365200000003,-0.00171699999994
2212,4.429525057,-0.00854601311618,-4.04134928752,-8.83200456789,0.143269877682,-0.00941942264779,0.0117659855233,0,0,0,0,0,0,0.091582,0.128671999997,0.166660000002,0.001367,0.00365200000003,-0.00171699999994
2213,4.431536509,0.468235665843,-4.1680085615,-9.32201680724,0.155261707237,0.00364072756647,0.0101554226403,0,0,0,0,0,0,0.071582,0.108671999996,0.276661000002,0.001367,0.00165200000001,-0.000716999999974
2214,4.433549124,0.76561127185,-4.06111105814,-8.91860985181,0.154917598307,0.0121950387805,0.0111967327624,0,0,0,0,0,0,0.071582,0.108671999996,0.276661000002,0.001367,0.00165200000001,-0.000716999999974
2215,4.435541632,-0.572981952982,-4.3586315893,-9.02393663789,0.156356519291,-0.0185958132142,0.000840542600015,0,0,0,0,0,0,0.071582,0.108671999996,0.276661000002,0.001367,0.00165200000001,-0.000716999999974
2216,4.437539619,-0.303598392916,-3.91523308631,-9.01128556034,0.141832719555,-0.0196715284406,0.00737522937819,0,0,0,0,0,0,0.071582,0.108671999996,0.276661000002,0.001367,0.00165200000001,-0.000716999999974
2217,4.439557624,-0.365143062229,-4.15138105576,-9.1203898744,0.159216477982,-0.0142094489241,-0.00368154066004,0,0,0,0,0,0,0.061582,0.0986719999951,0.306660000002,0.001367,0.000651999999995,0.00028300000001
2218,4.441548828,-0.177718583164,-4.16181696036,-8.89794304578,0.153841489487,-0.0164860929478,-0.00293687600258,0,0,0,0,0,0,0.061582,0.0986719999951,0.306660000002,0.001367,0.000651999999995,0.00028300000001
2219,4.443537328,-0.166498183525,-4.34482459382,-9.00002397292,0.168612539767,-0.0196638415762,0.0128283539114,0,0,0,0,0,0,0.061582,0.0986719999951,0.306660000002,0.001367,0.000651999999995,0.00028300000001
2220,4.445524545,0.393898543701,-4.1840129451,-8.87178643345,0.161973086704,-0.00319069847099,0.00848202465555,0,0,0,0,0,0,0.061582,0.0986719999951,0.306660000002,0.001367,0.000651999999995,0.00028300000001
2221,4.447530948,0.152634821626,-3.92658111611,-8.68170398692,0.14541843899,-0.00691581451915,0.00929990605017,0,0,0,0,0,0,0.011582,0.0486719999961,0.246660000001,0.007367,0.00565200000004,-0.00271699999991
2222,4.449547049,-0.0348621169181,-4.17115632227,-8.69845565364,0.159878758895,-0.00430845455629,0.0059508462519,0,0,0,0,0,0,0.011582,0.0486719999961,0.246660000001,0.007367,0.00565200000004,-0.00271699999991
2223,4.451523507,-0.0265567622103,-4.14228397759,-8.51790933832,0.15666783359,-0.0197518038439,0.00644194196374,0,0,0,0,0,0,0.011582,0.0486719999961,0.246660000001,0.007367,0.00565200000004,-0.00271699999991
2224,4.453523448,0.0880299055399,-4.49436374147,-8.71566257646,0.166557500452,-0.00877150248046,0.00444755259611,0,0,0,0,0,0,0.011582,0.0486719999961,0.246660000001,0.007367,0.00565200000004,-0.00271699999991
2225,4.455567191,0.415943001992,-4.00693920708,-8.72612599403,0.15502033607,0.000291803695636,0.00247390417441,0,0,0,0,0,0,0.061582,0.138672000002,-0.103339999998,0.003367,0.00565200000003,-0.00171699999991
2226,4.457536535,0.461917723451,-3.92580905044,-8.94389704883,0.159420663505,-0.00614620669832,0.00146969357051,0,0,0,0,0,0,0.061582,0.138672000002,-0.103339999998,0.003367,0.00565200000003,-0.00171699999991
2227,4.459521758,-0.114411580263,-4.76862112366,-9.10358333592,0.174101067602,-0.0191686957195,0.00611026031386,0,0,0,0,0,0,0.061582,0.138672000002,-0.103339999998,0.003367,0.00565200000003,-0.00171699999991
2228,4.461524224,-0.204854701612,-3.78690274723,-8.64955777287,0.149847009023,-0.0201736456963,0.0110277655811,0,0,0,0,0,0,0.061582,0.138672000002,-0.103339999998,0.003367,0.00565200000003,-0.00171699999991
2229,4.463534655,0.0967042880578,-4.1069580213,-8.61394583999,0.159221559013,-0.0130358905423,0.0158651518284,0,0,0,0,0,0,0.121582,0.128672,-0.0133399999979,-0.001633,-0.000348000000021,0.00128299999999
2230,4.465536269,-0.203473650804,-4.08599243322,-8.69764981921,0.155089260572,-0.021433527306,-0.00618468664526,0,0,0,0,0,0,0.121582,0.128672,-0.0133399999979,-0.001633,-0.000348000000021,0.00128299999999
2231,4.467524137,-0.327472299966,-4.24852581957,-8.79800084266,0.165339999888,-0.0109206866324,0.00790094160472,0,0,0,0,0,0,0.121582,0.128672,-0.0133399999979,-0.001633,-0.000348000000021,0.00128299999999
2232,4.469520782,-0.209591382479,-4.18999580634,-8.55998501824,0.171772905826,-0.0182056952742,0.00588487350348,0,0,0,0,0,0,0.121582,0.128672,-0.0133399999979,-0.001633,-0.000348000000021,0.00128299999999
2233,4.471530321,0.454768144983,-3.81110997733,-8.50344648824,0.160854323846,-0.00368956230161,0.000656841095458,0,0,0,0,0,0,0.091582,0.128671999997,0.206659000002,-0.001633,0.000651999999979,0.00128300000001
2234,4.473533849,-0.207472248771,-4.05239210103,-8.42218252095,0.164764026772,-0.017956943833,-0.000694357290044,0,0,0,0,0,0,0.091582,0.128671999997,0.206659000002,-0.001633,0.000651999999979,0.00128300000001
2235,4.475522419,0.466825814199,-3.97633635851,-8.80355922415,0.160787833021,-0.00207753450799,0.00307520848066,0,0,0,0,0,0,0.091582,0.128671999997,0.206659000002,-0.001633,0.000651999999979,0.00128300000001
2236,4.477527119,-0.0537363251788,-4.05152284371,-8.75340987537,0.157174300037,-0.0113925714655,0.00102752366155,0,0,0,0,0,0,0.091582,0.128671999997,0.206659000002,-0.001633,0.000651999999979,0.00128300000001
2237,4.479559100,-0.0397554544352,-4.34748483726,-8.88134771926,0.168450108673,-0.0114741070057,0.00463549069805,0,0,0,0,0,0,0.101582,0.128672,0.0166610000021,0.000367,0.000651999999995,0.00028300000001
2238,4.481559562,0.491443559205,-4.16021946146,-8.69313050492,0.150859227859,0.00723950794177,0.00891958955283,0,0,0,0,0,0,0.101582,0.128672,0.0166610000021,0.000367,0.000651999999995,0.00028300000001
2239,4.483525549,0.7970063301,-4.0351764829,-8.67189646364,0.145265960133,0.0123096439067,-0.00185342432161,0,0,0,0,0,0,0.101582,0.128672,0.0166610000021,0.000367,0.000651999999995,0.00028300000001
2240,4.485521383,-0.466553814252,-4.27220415049,-8.77547400779,0.154316378414,-0.0108120529917,0.0117338404373,0,0,0,0,0,0,0.101582,0.128672,0.0166610000021,0.000367,0.000651999999995,0.00028300000001
2241,4.487538165,-0.17381968645,-4.33276210031,-8.80607445764,0.163370190635,-0.00846525711211,0.0110311644117,0,0,0,0,0,0,0.091582,0.148672000001,-0.0933399999976,0.001367,0.00365200000001,-0.000716999999942
2242,4.489532005,-0.108184071763,-4.33071284432,-8.81613263595,0.166341751129,-0.013639367266,0.0107618799791,0,0,0,0,0,0,0.091582,0.148672000001,-0.0933399999976,0.001367,0.00365200000001,-0.000716999999942
2243,4.491524352,-0.530155105278,-3.96675445316,-8.83295070665,0.152261040087,-0.0246254672059,0.00379271910075,0,0,0,0,0,0,0.091582,0.148672000001,-0.0933399999976,0.001367,0.00365200000001,-0.000716999999942
2244,4.493523191,0.402672022679,-4.12365678926,-9.19062241043,0.145232646291,0.0132855733241,0.00437233692146,0,0,0,0,0,0,0.091582,0.148672000001,-0.0933399999976,0.001367,0.00365200000001,-0.000716999999942
2245,4.495526098,0.0395874514292,-4.14388068906,-8.80139613468,0.148871478234,-0.00624425528705,0.00325550177473,0,0,0,0,0,0,0.091582,0.148672000003,-0.203340999998,0.006367,0.00765200000008,-0.00471699999988
2246,4.497536298,-0.205054164263,-4.17242038388,-8.79524022166,0.152128895062,-0.00343435000615,-0.000153614497208,0,0,0,0,0,0,0.091582,0.148672000003,-0.203340999998,0.006367,0.00765200000008,-0.00471699999988
2247,4.499520640,-0.0342304646363,-4.11021360712,-8.61167259487,0.144344502746,0.00432487691852,-0.0069144108059,0,0,0,0,0,0,0.091582,0.148672000003,-0.203340999998,0.006367,0.00765200000008,-0.00471699999988
2248,4.501521582,-0.036705634863,-3.89740594572,-8.85959122374,0.136578960108,-0.00342017413516,-0.000362900322011,0,0,0,0,0,0,0.091582,0.148672000003,-0.203340999998,0.006367,0.00765200000008,-0.00471699999988
2249,4.503583099,0.234178599689,-3.88240345678,-8.85998620159,0.134483540705,0.00400325213103,0.0106048864806,0,0,0,0,0,0,0.141582,0.168672000005,-0.313338999997,0.000367,0.00365200000003,-0.00171699999994
2250,4.505531694,0.00446604351851,-3.83116820903,-8.93341449411,0.139384178592,0.00255044439536,0.00619827563981,0,0,0,0,0,0,0.141582,0.168672000005,-0.313338999997,0.000367,0.00365200000003,-0.00171699999994
2251,4.507529050,0.599489430713,-4.07791103114,-8.83041199283,0.156044802343,0.00987657406101,0.0093401277087,0,0,0,0,0,0,0.141582,0.168672000005,-0.313338999997,0.000367,0.00365200000003,-0.00171699999994
2252,4.509526055,-0.145263080291,-4.22077745201,-8.5932144225,0.161034402304,-0.0140354974353,0.00726657070066,0,0,0,0,0,0,0.141582,0.168672000005,-0.313338999997,0.000367,0.00365200000003,-0.00171699999994
2253,4.511529152,0.416661224604,-4.03836931705,-8.66045918106,0.157428614349,-0.0117406627438,0.0186712810586,0,0,0,0,0,0,0.151582,0.138672000003,-0.213340999998,-0.000633,0.00465200000003,-0.00171699999993
2254,4.513527010,0.197484027272,-4.05349861115,-8.37862050476,0.152016139435,-0.00754194943972,0.00793533429497,0,0,0,0,0,0,0.151582,0.138672000003,-0.213340999998,-0.000633,0.00465200000003,-0.00171699999993
2255,4.515527181,0.232886171536,-4.0010930502,-8.56661079979,0.15632370741,-0.00765785586511,0.0146398695481,0,0,0,0,0,0,0.151582,0.138672000003,-0.213340999998,-0.000633,0.00465200000003,-0.00171699999993
2256,4.517524006,0.268100775939,-4.38045013829,-8.56390191639,0.165952248728,-0.0126113905778,0.00402604344664,0,0,0,0,0,0,0.151582,0.138672000003,-0.213340999998,-0.000633,0.00465200000003,-0.00171699999993
2257,4.519538925,0.117988610977,-3.89750090829,-8.79957464802,0.144416386062,-0.0121900693069,0.00160302501189,0,0,0,0,0,0,0.121582,0.118672000002,-0.153338999998,0.002367,0.00665200000006,-0.00371699999989
2258,4.521541131,0.583635340802,-4.28793942016,-8.94681518345,0.156570937362,0.0108040158533,0.00666097894268,0,0,0,0,0,0,0.121582,0.118672000002,-0.153338999998,0.002367,0.00665200000006,-0.00371699999989
2259,4.523531734,0.622421836259,-3.97779925805,-8.49025231359,0.152716355202,0.00194745027889,-0.000373238715507,0,0,0,0,0,0,0.121582,0.118672000002,-0.153338999998,0.002367,0.00665200000006,-0.00371699999989
2260,4.525517970,0.781363458285,-4.21495625347,-8.76177783097,0.148081997143,0.00825422309207,0.00528403307042,0,0,0,0,0,0,0.121582,0.118672000002,-0.153338999998,0.002367,0.00665200000006,-0.00371699999989
2261,4.527530254,0.0279823667083,-3.94861916946,-8.5916179638,0.14729903065,-0.0183236801172,-0.000231439980063,0,0,0,0,0,0,0.141582,0.128672,0.00666000000206,-0.000633,0.00265200000001,-0.000716999999958
2262,4.529524795,0.491681410041,-3.80454405053,-8.54184437368,0.144163853403,-0.0160432094764,-0.000823829758319,0,0,0,0,0,0,0.141582,0.128672,0.00666000000206,-0.000633,0.00265200000001,-0.000716999999958
2263,4.531535927,0.256532202841,-4.44577794751,-8.69903832638,0.174939229334,-0.00744719523377,0.0136992447515,0,0,0,0,0,0,0.141582,0.128672,0.00666000000206,-0.000633,0.00265200000001,-0.000716999999958
2264,4.533541448,0.239148894185,-4.24325600779,-8.19144650264,0.167999091465,-0.0244374973121,0.0112132106634,0,0,0,0,0,0,0.141582,0.128672,0.00666000000206,-0.000633,0.00265200000001,-0.000716999999958
2265,4.535544585,-0.222031347135,-4.06918380145,-8.53979251794,0.157424487153,-0.0250851188318,0.00367185326939,0,0,0,0,0,0,0.151582,0.108672000003,-0.213340999998,0.001367,0.00465200000004,-0.00271699999993
2266,4.537550778,-0.126490133101,-4.32170659346,-8.71785446011,0.158190213717,-0.0102119977463,0.0108493000036,0,0,0,0,0,0,0.151582,0.108672000003,-0.213340999998,0.001367,0.00465200000004,-0.00271699999993
2267,4.539565266,-0.0793076644532,-4.1607642368,-8.77616083654,0.149919855203,-0.0165566431578,0.00827929567608,0,0,0,0,0,0,0.151582,0.108672000003,-0.213340999998,0.001367,0.00465200000004,-0.00271699999993
2268,4.541557543,-0.214907092286,-4.10466955972,-8.55888692833,0.16097804611,-0.00575974853571,0.0080065922014,0,0,0,0,0,0,0.151582,0.108672000003,-0.213340999998,0.001367,0.00465200000004,-0.00271699999993
2269,4.543557845,0.32038518993,-4.01913192338,-8.54622885897,0.151278075052,0.00376565257782,0.0192100205972,0,0,0,0,0,0,0.101582,0.0886720000049,-0.303338999999,0.006367,0.0106520000001,-0.00471699999983
2270,4.545566502,0.197517838089,-4.3390051142,-8.59482524186,0.16448262565,-0.0197351942409,0.0038483040661,0,0,0,0,0,0,0.101582,0.0886720000049,-0.303338999999,0.006367,0.0106520000001,-0.00471699999983
2271,4.547554781,-0.13387117185,-4.52318813155,-8.68952878784,0.166153374053,-0.0118836538225,0.00827994647696,0,0,0,0,0,0,0.101582,0.0886720000049,-0.303338999999,0.006367,0.0106520000001,-0.00471699999983
2272,4.549537490,0.0796091185919,-4.20799315314,-8.69202834291,0.156516872528,-0.00208136695136,-0.00209018911278,0,0,0,0,0,0,0.101582,0.0886720000049,-0.303338999999,0.006367,0.0106520000001,-0.00471699999983
2273,4.551555966,0.300632757333,-3.82035334057,-8.56997646608,0.148504147183,-0.00876068538058,0.019579400787,0,0,0,0,0,0,0.071582,0.118672000003,-0.163339999998,0.006367,0.0106520000001,-0.00471699999983
2274,4.553539386,0.152524003728,-4.31448894343,-8.53194221247,0.157131491685,-0.016744164742,-0.000967472384812,0,0,0,0,0,0,0.071582,0.118672000003,-0.163339999998,0.006367,0.0106520000001,-0.00471699999983
2275,4.555558523,0.0751998826042,-4.14571576125,-8.40582911711,0.157874922496,-0.0195431106418,-0.00230860676589,0,0,0,0,0,0,0.071582,0.118672000003,-0.163339999998,0.006367,0.0106520000001,-0.00471699999983
2276,4.557530562,0.192039804867,-4.14622998751,-8.53538816911,0.159018523897,-0.0063131062518,0.00487756819364,0,0,0,0,0,0,0.071582,0.118672000003,-0.163339999998,0.006367,0.0106520000001,-0.00471699999983
2277,4.559540041,-0.0585556034922,-4.72088289629,-8.47511231303,0.181085635051,-0.0110919526014,0.0117770886937,0,0,0,0,0,0,0.061582,0.0986720000012,-0.0733389999984,0.003367,0.00565200000003,-0.00171699999991
2278,4.561537728,-0.148572540514,-4.36442892859,-8.54565950719,0.157115062514,-0.0150506799792,-0.00426435260189,0,0,0,0,0,0,0.061582,0.0986720000012,-0.0733389999984,0.003367,0.00565200000003,-0.00171699999991
2279,4.563530886,0.151798032701,-4.02777592085,-8.59203682743,0.137685463068,-0.00833050344319,0.00514869145278,0,0,0,0,0,0,0.061582,0.0986720000012,-0.0733389999984,0.003367,0.00565200000003,-0.00171699999991
2280,4.565526809,0.741538876286,-3.92634371032,-8.47745171869,0.149888167099,0.00524957008991,0.00558094200578,0,0,0,0,0,0,0.061582,0.0986720000012,-0.0733389999984,0.003367,0.00565200000003,-0.00171699999991
2281,4.567545095,-0.268466268075,-4.41460423219,-8.78107991369,0.15692701454,-0.0182134542529,0.0108708748472,0,0,0,0,0,0,0.061582,0.118672,0.0166610000019,0.003367,0.00365200000004,-0.00271699999994
2282,4.569555305,-0.177048360902,-4.06449460619,-9.00745797456,0.151164206191,-0.00556078116777,0.00984149205046,0,0,0,0,0,0,0.061582,0.118672,0.0166610000019,0.003367,0.00365200000004,-0.00271699999994
2283,4.571553903,0.630005149007,-4.30451539796,-8.60757419237,0.163811157211,0.00232443036552,0.00266617048433,0,0,0,0,0,0,0.061582,0.118672,0.0166610000019,0.003367,0.00365200000004,-0.00271699999994
2284,4.573557822,-0.0313265539351,-4.20135104816,-8.61678796021,0.157351888862,-0.0131388684471,0.00524245417547,0,0,0,0,0,0,0.061582,0.118672,0.0166610000019,0.003367,0.00365200000004,-0.00271699999994
2285,4.575562813,0.451404523668,-4.23480384724,-8.52878616688,0.161883397405,0.00545113490537,0.0103787883369,0,0,0,0,0,0,0.071582,0.108672000002,-0.133338999998,0.005367,0.00665200000004,-0.00271699999989
2286,4.577562413,0.101434871944,-3.97641128523,-8.63182161106,0.156388058352,-0.0154881174673,0.00826101713713,0,0,0,0,0,0,0.071582,0.108672000002,-0.133338999998,0.005367,0.00665200000004,-0.00271699999989
2287,4.579565480,0.13094511333,-4.29942869514,-8.56692836829,0.156349480868,0.00614580550455,0.00726662975304,0,0,0,0,0,0,0.071582,0.108672000002,-0.133338999998,0.005367,0.00665200000004,-0.00271699999989
2288,4.581568537,-0.0963438046703,-4.23795048263,-8.77220594411,0.159073220825,-0.0130121232398,0.0115252205731,0,0,0,0,0,0,0.071582,0.108672000002,-0.133338999998,0.005367,0.00665200000004,-0.00271699999989
2289,4.583565452,-0.326109764793,-4.40731483976,-8.45648598047,0.170477432312,-0.0215199248515,0.0122119225564,0,0,0,0,0,0,0.101582,0.138672000001,-0.0333399999978,0.000367,0.00165200000001,-0.000716999999974
2290,4.585535527,-0.123312039262,-4.10602445715,-8.31804920946,0.165800489674,-0.0226874742238,0.0114941253267,0,0,0,0,0,0,0.101582,0.138672000001,-0.0333399999978,0.000367,0.00165200000001,-0.000716999999974
2291,4.587513297,-0.207158946856,-4.25095814374,-8.28108806807,0.168163254559,-0.0191728976045,0.00461213121918,0,0,0,0,0,0,0.101582,0.138672000001,-0.0333399999978,0.000367,0.00165200000001,-0.000716999999974
2292,4.589530791,-0.116786719891,-4.32921659455,-8.59357921189,0.168688647258,-0.0179361381388,0.00664273023931,0,0,0,0,0,0,0.101582,0.138672000001,-0.0333399999978,0.000367,0.00165200000001,-0.000716999999974
2293,4.591540260,0.317365993049,-4.21123347728,-8.67342815674,0.161661619167,-0.0127064778833,0.0065890920221,0,0,0,0,0,0,0.061582,0.0886720000015,-0.0933399999986,0.005367,0.00765200000006,-0.00371699999988
2294,4.593541343,-0.0852075078701,-4.55300296153,-8.4664836589,0.170529107777,-0.0289787445943,0.0166562896186,0,0,0,0,0,0,0.061582,0.0886720000015,-0.0933399999986,0.005367,0.00765200000006,-0.00371699999988
2295,4.595513943,-0.100112633273,-3.79898186369,-8.60988179812,0.152202702142,-0.018147080525,0.00801546090546,0,0,0,0,0,0,0.061582,0.0886720000015,-0.0933399999986,0.005367,0.00765200000006,-0.00371699999988
2296,4.597524985,-0.00519723478158,-4.4501200148,-8.74413650499,0.157212778241,0.00110030936877,-5.72942599016e-05,0,0,0,0,0,0,0.061582,0.0886720000015,-0.0933399999986,0.005367,0.00765200000006,-0.00371699999988
2297,4.599539543,0.0702992686976,-3.88458216405,-8.70970336037,0.139435282256,0.00341088594852,0.000196394144466,0,0,0,0,0,0,0.151582,0.148672,0.00666000000238,-0.003633,-0.001348,0.000282999999978
2298,4.601537871,0.208969169955,-4.01621150852,-8.18660527675,0.15470495971,-0.0122563504787,0.00743416494318,0,0,0,0,0,0,0.151582,0.148672,0.00666000000238,-0.003633,-0.001348,0.000282999999978
2299,4.603557409,0.0370826886835,-4.04365864388,-8.27110249583,0.15605498844,-0.012956305614,0.0201472327259,0,0,0,0,0,0,0.151582,0.148672,0.00666000000238,-0.003633,-0.001348,0.000282999999978
2300,4.605538665,-0.0479176712283,-4.19775309971,-8.52506525816,0.170749353875,-0.0172826898003,0.0177259208245,0,0,0,0,0,0,0.151582,0.148672,0.00666000000238,-0.003633,-0.001348,0.000282999999978
2301,4.607542123,0.447227804853,-3.85310059939,-8.75020613128,0.146814541312,0.00439259257933,-0.00224503976317,0,0,0,0,0,0,0.161582,0.158672000001,-0.0933399999975,-0.002633,-0.000347999999989,-0.000717000000006
2302,4.609550880,-0.323530223474,-4.14568415208,-8.54944588587,0.162924233106,-0.0234726732557,0.00858165749589,0,0,0,0,0,0,0.161582,0.158672000001,-0.0933399999975,-0.002633,-0.000347999999989,-0.000717000000006
2303,4.611525043,-0.438398207992,-4.19742371045,-8.31737180195,0.152863241197,-0.0262277322859,0.00966159475581,0,0,0,0,0,0,0.161582,0.158672000001,-0.0933399999975,-0.002633,-0.000347999999989,-0.000717000000006
2304,4.613525285,-0.473072972294,-4.08753494877,-8.544135672,0.153703508062,-0.024932700334,-0.00167728843465,0,0,0,0,0,0,0.161582,0.158672000001,-0.0933399999975,-0.002633,-0.000347999999989,-0.000717000000006
2305,4.615562115,0.122519520975,-4.29475680065,-8.51098547026,0.161320951631,-0.0086567098013,0.0153688081474,0,0,0,0,0,0,0.091582,0.128672000001,-0.0533389999979,0.001367,0.00465200000004,-0.00271699999993
2306,4.617552398,0.13301035429,-4.25147914602,-8.43401005706,0.162559344381,-0.00677019165397,0.0134410269687,0,0,0,0,0,0,0.091582,0.128672000001,-0.0533389999979,0.001367,0.00465200000004,-0.00271699999993
2307,4.619533504,-0.295614457625,-3.74880660084,-9.24122048465,0.127803611315,-0.00941244995767,0.00633912078224,0,0,0,0,0,0,0.091582,0.128672000001,-0.0533389999979,0.001367,0.00465200000004,-0.00271699999993
2308,4.621533224,0.224799809663,-3.8662539265,-9.04170935905,0.140429032804,0.00125180899744,0.00585515005154,0,0,0,0,0,0,0.091582,0.128672000001,-0.0533389999979,0.001367,0.00465200000004,-0.00271699999993
2309,4.623543555,-0.303834748272,-3.94108533374,-9.08080132069,0.139245080003,0.00535320982576,6.33878530852e-05,0,0,0,0,0,0,0.121582,0.168672000002,-0.113339999997,-0.004633,0.001652,0.000283000000026
2310,4.625522707,0.00746102182886,-3.79159690422,-9.08361910402,0.126224214412,0.00101622067227,0.000143748230556,0,0,0,0,0,0,0.121582,0.168672000002,-0.113339999997,-0.004633,0.001652,0.000283000000026
2311,4.627530032,-0.26714842593,-4.21915019081,-9.36568017418,0.148984214614,-0.0012613555936,0.00582779350249,0,0,0,0,0,0,0.121582,0.168672000002,-0.113339999997,-0.004633,0.001652,0.000283000000026
2312,4.629519513,0.207771763134,-3.98288003452,-8.98400343949,0.139403749987,0.00722042151447,-0.00104787274174,0,0,0,0,0,0,0.121582,0.168672000002,-0.113339999997,-0.004633,0.001652,0.000283000000026
2313,4.631539161,-0.126641550949,-3.75528635766,-9.10516496404,0.136820875066,-0.00982697424061,0.00615354805328,0,0,0,0,0,0,0.111582,0.128671999999,0.0766600000021,-0.003633,-0.00234800000002,0.00128299999996
2314,4.633527390,-0.292356931139,-3.70722110941,-9.07159729673,0.134208641082,-0.00706948431922,-0.00181618869557,0,0,0,0,0,0,0.111582,0.128671999999,0.0766600000021,-0.003633,-0.00234800000002,0.00128299999996
2315,4.635531720,0.160448634015,-3.79796755711,-9.11827329458,0.129808957096,0.00326362534988,0.000537862443128,0,0,0,0,0,0,0.111582,0.128671999999,0.0766600000021,-0.003633,-0.00234800000002,0.00128299999996
2316,4.637524938,-0.356761037544,-4.46361482195,-8.86206774315,0.160686352616,-0.0174038242374,0.00397451167536,0,0,0,0,0,0,0.111582,0.128671999999,0.0766600000021,-0.003633,-0.00234800000002,0.00128299999996
2317,4.639529989,0.0840220113886,-4.33565737059,-8.79216160268,0.144359812754,-0.000626762795976,0.00156980023399,0,0,0,0,0,0,0.091582,0.118672000002,-0.113339999998,0.000367,0.00365200000001,-0.000716999999942
2318,4.641527044,0.215186198268,-4.09952051618,-9.19195171307,0.141362815481,0.00280352194358,-0.00554233442872,8.39420845958e-08,6.98661705817e-08,5.49447727102e-08,2.92985498927e-07,-3.52988634728e-07,1.24034785519e-09,0.091582,0.118672000002,-0.113339999998,0.000367,0.00365200000001,-0.000716999999942
2319,4.643531694,0.0694619660849,-3.79156300293,-9.34082910035,0.118752553425,0.0117164928774,-0.00519811075473,8.18984205256e-10,6.81622408924e-10,5.36126821652e-10,2.85847016784e-09,-3.44403305617e-09,1.21019677488e-11,0.091582,0.118672000002,-0.113339999998,0.000367,0.00365200000001,-0.000716999999942
2320,4.645572261,-0.37163534577,-4.13263118998,-9.15123945005,0.138049836683,-0.00611342351233,-0.00256915416594,7.99066451002e-12,6.65091108813e-12,5.22978576969e-12,2.78901189188e-11,-3.36011140366e-11,1.18061909638e-13,0.091582,0.118672000002,-0.113339999998,0.000367,0.00365200000001,-0.000716999999942
2321,4.647568826,0.0136269017846,-3.77635412454,-9.28213395837,0.133368834305,-0.000969223967526,0.00538758443981,7.79603911065e-14,6.48813388311e-14,5.10384907944e-14,2.7209325856e-13,-3.27849177632e-13,1.15200750895e-15,0.141582,0.148672000001,-0.0833399999976,-0.003633,-0.00134800000002,0.00128299999998
2322,4.649560351,-0.302355303918,-3.90348559335,-9.12596835307,0.133377528372,-0.00768670111233,0.00218153915174,7.60649611822e-16,6.33071607177e-16,4.97867518396e-16,2.65478936729e-15,-3.19862715222e-15,1.12389945378e-17,0.141582,0.148672000001,-0.0833399999976,-0.003633,-0.00134800000002,0.00128299999998
2323,4.651520658,0.439841347809,-4.00051868386,-8.83931156777,0.138170203657,-0.00355453552847,0.0127385837817,7.42124291417e-18,6.17653618342e-18,4.85779276108e-18,2.59017356236e-17,-3.12077414677e-17,1.09653178538e-19,0.141582,0.148672000001,-0.0833399999976,-0.003633,-0.00134800000002,0.00128299999998
2324,4.653523685,-0.0234717976304,-4.26176492711,-8.86028813265,0.159280414872,-0.00997825935786,0.00127160948041,7.24068796913e-20,6.026371391e-20,4.73922841232e-20,2.52715717179e-19,-3.04479403765e-19,1.06986086622e-21,0.141582,0.148672000001,-0.0833399999976,-0.003633,-0.00134800000002,0.00128299999998
2325,4.655530750,0.407636571919,-4.02651746238,-8.82942546214,0.150276100391,0.00441029971088,-0.00143321281695,7.06409904595e-22,5.87970095659e-22,4.62441208739e-22,2.46572252463e-21,-2.97062370247e-21,1.0438276337e-23,0.071582,0.108672,-0.00333999999826,0.001367,0.00265200000001,-0.000716999999958
2326,4.657556709,0.150597103696,-4.15246042447,-9.09731565137,0.150296214161,-0.00745297162378,0.000504657712336,6.89256098619e-24,5.73677305486e-24,4.51101916724e-24,2.40567199114e-23,-2.89835080154e-23,1.0183922612e-25,0.071582,0.108672,-0.00333999999826,0.001367,0.00265200000001,-0.000716999999958
2327,4.659523488,0.350724188738,-3.78444461379,-9.1691839387,0.126463163936,0.0188127376317,0.00287749541333,6.72456968726e-26,5.59660540607e-26,4.40226224704e-26,2.34703194098e-25,-2.82787941547e-25,9.93702250277e-28,0.071582,0.108672,-0.00333999999826,0.001367,0.00265200000001,-0.000716999999958
2328,4.661523750,-0.0327120100862,-4.02961778655,-9.42624649662,0.137889482802,0.00966251252023,0.00636064943921,6.5610987168e-28,5.46050504629e-28,4.29465724497e-28,2.28989512896e-27,-2.75906028976e-27,9.6945205866e-30,0.071582,0.108672,-0.00333999999826,0.001367,0.00265200000001,-0.000716999999958
2329,4.663537937,-0.0669195136259,-3.88532996322,-9.344491646,0.125126316091,0.00331807718384,-0.00432638930215,6.40174918288e-30,5.3275478261e-30,4.18966977544e-30,2.23407720168e-29,-2.69197586495e-29,9.45856571119e-32,0.101582,0.118672,0.0266610000019,-0.000633,-0.000348000000005,0.000282999999994
2330,4.665534342,-0.382856406831,-4.29238682623,-9.16998163188,0.143750701454,-0.00891269495806,-0.00312558329368,6.24544035945e-32,5.19794146661e-32,4.08837366409e-32,2.17981826074e-31,-2.62635802142e-31,9.2286877106e-34,0.101582,0.118672,0.0266610000019,-0.000633,-0.000348000000005,0.000282999999994
2331,4.667531928,-0.0157708504921,-4.29831788099,-9.30973994041,0.149379423373,0.00729844592037,0.000609495049402,6.09350432911e-34,5.07148851532e-34,3.98867435519e-34,2.12676326589e-33,-2.56243403586e-33,9.00389785017e-36,0.101582,0.118672,0.0266610000019,-0.000633,-0.000348000000005,0.000282999999994
2332,4.669525948,-0.142337877872,-3.95339852457,-9.34437127562,0.12950509269,0.0107045899401,-0.0036651749057,5.94538969371e-36,4.94812138193e-36,3.89120220812e-36,2.07497611154e-35,-2.50008493351e-35,8.78446455638e-38,0.101582,0.118672,0.0266610000019,-0.000633,-0.000348000000005,0.000282999999994
2333,4.671530478,-0.691589485657,-4.38065946705,-9.28621237895,0.155997343683,-0.0154403729387,-0.00414132419685,5.8004692508e-38,4.82772325865e-38,3.79677293124e-38,2.02452533795e-37,-2.43919067074e-37,8.57058447768e-40,0.131582,0.128671999997,0.216660000002,-0.003633,-0.00134800000002,0.00128299999998
2334,4.673540298,-0.324836260587,-3.61607885437,-9.41708187535,0.125642510358,0.00651669075579,-0.00658346094338,5.65932221282e-40,4.71024633832e-40,3.70427348937e-40,1.97524917645e-39,-2.37982184994e-39,8.36212943665e-42,0.131582,0.128671999997,0.216660000002,-0.003633,-0.00134800000002,0.00128299999998
2335,4.675514801,-0.39151719469,-3.77462524771,-9.32972759932,0.126040215401,-0.00884097234728,-5.39356421553e-05,5.52195623873e-42,4.59568864755e-42,3.61379089461e-42,1.92715600516e-41,-2.32199226305e-41,8.15829087428e-44,0.131582,0.128671999997,0.216660000002,-0.003633,-0.00134800000002,0.00128299999998
2336,4.677523399,0.241761433018,-4.35553900021,-9.25184190008,0.147623865031,0.00740332179782,-0.00287429726129,5.38494297789e-44,4.48142772755e-44,3.52467512626e-44,1.87930837211e-43,-2.26445967286e-43,7.95646213264e-46,0.131582,0.128671999997,0.216660000002,-0.003633,-0.00134800000002,0.00128299999998
2337,4.679552113,0.0193495098652,-4.15471917297,-9.10252272499,0.149326030263,-0.00611890661718,0.00958949975331,5.12824496373e-46,4.26834859865e-46,3.35683845989e-46,1.78995373665e-45,-2.15651518488e-45,7.57776471967e-48,0.141582,0.158671999999,0.0766600000025,-0.006633,-0.00334800000005,0.00328299999995
2338,4.681580327,-0.185221064887,-3.84096320189,-9.19450331017,0.136231064994,-0.000178709352116,0.00452669925805,0,0,0,0,0,0,0.141582,0.158671999999,0.0766600000025,-0.006633,-0.00334800000005,0.00328299999995
2339,4.683535034,-0.194731655219,-3.86036746049,-8.64184166706,0.134027062068,-0.00979415663429,-0.00633498559216,0,0,0,0,0,0,0.141582,0.158671999999,0.0766600000025,-0.006633,-0.00334800000005,0.00328299999995
2340,4.685525687,0.384334193473,-3.84427451675,-9.22798587817,0.134807553512,0.0153681720798,0.000269530400074,0,0,0,0,0,0,0.141582,0.158671999999,0.0766600000025,-0.006633,-0.00334800000005,0.00328299999995
2341,4.687523595,-0.569612785352,-4.21424860978,-8.87625473112,0.14538052169,-0.00549751243611,0.00449318747762,0,0,0,0,0,0,0.111582,0.118672,0.0166610000019,-0.002633,-0.000348000000021,0.00128299999999
2342,4.689525710,0.373296338335,-4.06023446363,-9.17257908689,0.145651329909,0.0100668634644,-0.0024066742456,0,0,0,0,0,0,0.111582,0.118672,0.0166610000019,-0.002633,-0.000348000000021,0.00128299999999
2343,4.691515822,0.193183144284,-3.94970771206,-9.19832619644,0.138936981004,0.00704140570688,0.00264624751074,0,0,0,0,0,0,0.111582,0.118672,0.0166610000019,-0.002633,-0.000348000000021,0.00128299999999
2344,4.693522176,-0.446113166971,-3.6391183132,-9.23967318301,0.132143364791,-0.00777738394355,0.00464489261726,0,0,0,0,0,0,0.111582,0.118672,0.0166610000019,-0.002633,-0.000348000000021,0.00128299999999
2345,4.695527898,0.0184297385167,-4.12501329884,-9.31222130149,0.148202198309,0.00982881771057,0.000593203545442,0,0,0,0,0,0,0.111582,0.138671999999,0.0366590000022,-0.002633,-0.000348000000021,0.00128299999999
2346,4.697527628,-0.172150933949,-3.30264326444,-9.29103624505,0.114261687991,-0.000532508442378,-0.00596777169344,0,0,0,0,0,0,0.111582,0.138671999999,0.0366590000022,-0.002633,-0.000348000000021,0.00128299999999
2347,4.699519414,0.349032575266,-4.12817504166,-9.00306313733,0.149882230998,0.0100237840779,0.00669881737352,0,0,0,0,0,0,0.111582,0.138671999999,0.0366590000022,-0.002633,-0.000348000000021,0.00128299999999
2348,4.701528592,-0.101228708743,-4.38902792246,-8.87064467611,0.151527755017,-0.0111789559334,0.0105395630394,0,0,0,0,0,0,0.111582,0.138671999999,0.0366590000022,-0.002633,-0.000348000000021,0.00128299999999
2349,4.703582164,0.364837473753,-3.76698761389,-9.35486235058,0.129712874798,0.00288805877243,-0.00108587385776,0,0,0,0,0,0,0.031582,0.078672000001,-0.0633389999987,0.008367,0.00965200000008,-0.00471699999985
2350,4.705534475,0.24439052565,-3.76820066491,-9.42811315474,0.119164001808,0.0217140747101,-0.00377117525424,0,0,0,0,0,0,0.031582,0.078672000001,-0.0633389999987,0.008367,0.00965200000008,-0.00471699999985
2351,4.707519639,-0.0985273638302,-3.88303627795,-9.34779952857,0.128196934773,0.0135903066235,-0.0104482087636,0,0,0,0,0,0,0.031582,0.078672000001,-0.0633389999987,0.008367,0.00965200000008,-0.00471699999985
2352,4.709533416,-0.429290385024,-4.21514291168,-9.13456632097,0.139542941975,0.000618156442749,0.00103224883624,0,0,0,0,0,0,0.031582,0.078672000001,-0.0633389999987,0.008367,0.00965200000008,-0.00471699999985
2353,4.711539298,-0.0728640815379,-3.68749206921,-9.16231735897,0.125547378431,0.00296956666201,-0.00172076411637,0,0,0,0,0,0,0.121582,0.0986720000026,-0.163339999998,0.004367,0.00365200000003,-0.00171699999994
2354,4.713533599,-0.122225992586,-3.72058853026,-9.04491794383,0.132657365273,-0.000566184279482,0.000343247328395,0,0,0,0,0,0,0.121582,0.0986720000026,-0.163339999998,0.004367,0.00365200000003,-0.00171699999994
2355,4.715522940,-0.258094046381,-4.20682363481,-8.94987538488,0.153463622882,-0.000339731273724,0.0197921002955,0,0,0,0,0,0,0.121582,0.0986720000026,-0.163339999998,0.004367,0.00365200000003,-0.00171699999994
2356,4.717523472,-0.0563901465249,-3.9656392306,-8.93842103806,0.143789402836,-0.00293209160618,0.00199090126148,0,0,0,0,0,0,0.121582,0.0986720000026,-0.163339999998,0.004367,0.00365200000003,-0.00171699999994
2357,4.719541848,-0.0311880018365,-4.03931299998,-8.87300371485,0.14548941776,0.00734075786444,-0.00572009760864,0,0,0,0,0,0,0.131582,0.128672000001,-0.0833399999979,0.002367,0.00165200000003,-0.00171699999997
2358,4.721545506,0.211533674638,-3.99395811612,-9.05644685751,0.1409361631,0.0041191532462,0.00750886829131,0,0,0,0,0,0,0.131582,0.128672000001,-0.0833399999979,0.002367,0.00165200000003,-0.00171699999997
2359,4.723537732,0.00020463776169,-3.77478921972,-9.09219972601,0.13480979887,0.00946936381638,-0.00348444697136,0,0,0,0,0,0,0.131582,0.128672000001,-0.0833399999979,0.002367,0.00165200000003,-0.00171699999997
2360,4.725523657,-0.159276596701,-3.90805154893,-9.10841028995,0.125427157299,0.0124454412378,0.00519822280785,0,0,0,0,0,0,0.131582,0.128672000001,-0.0833399999979,0.002367,0.00165200000003,-0.00171699999997
2361,4.727531162,-0.04258489182,-4.2195774956,-8.9133473038,0.147751046208,0.00939924519669,-0.00153183482667,0,0,0,0,0,0,0.121582,0.128672000004,-0.253339999998,0.003367,0.00565200000004,-0.00271699999991
2362,4.729530442,0.0364070288096,-3.84212182676,-8.69834398159,0.14365191031,0.000349023239161,-0.00118542464297,0,0,0,0,0,0,0.121582,0.128672000004,-0.253339999998,0.003367,0.00565200000004,-0.00271699999991
2363,4.731523921,0.376207460321,-4.00982524481,-8.69430117019,0.145720289172,0.0118728759924,-0.00151373526437,0,0,0,0,0,0,0.121582,0.128672000004,-0.253339999998,0.003367,0.00565200000004,-0.00271699999991
2364,4.733519985,-0.123247255591,-4.36690085936,-8.69800541151,0.168166496469,-0.00646995018618,0.00962847281358,0,0,0,0,0,0,0.121582,0.128672000004,-0.253339999998,0.003367,0.00565200000004,-0.00271699999991
2365,4.735539392,-0.111859031727,-4.05395803203,-8.72003933358,0.152671980151,-0.0157424952097,0.0122492604531,0,0,0,0,0,0,0.131582,0.128672000004,-0.243339999998,0.004367,0.00465200000004,-0.00271699999993
2366,4.737530417,0.358794250647,-4.16866867457,-8.67730551457,0.161689835309,0.004701894428,0.0070167314956,0,0,0,0,0,0,0.131582,0.128672000004,-0.243339999998,0.004367,0.00465200000004,-0.00271699999993
2367,4.739529496,-0.125608136236,-3.91925453913,-8.99511245814,0.140983251339,-0.00203374569264,0.00658159804413,0,0,0,0,0,0,0.131582,0.128672000004,-0.243339999998,0.004367,0.00465200000004,-0.00271699999993
2368,4.741533735,-0.537685154578,-4.1348778135,-8.90626447049,0.153286719687,-0.0154229253469,0.00550727291975,0,0,0,0,0,0,0.131582,0.128672000004,-0.243339999998,0.004367,0.00465200000004,-0.00271699999993
2369,4.743529468,-0.38483551148,-4.22645199054,-8.67496510011,0.156890460828,-0.0179883654658,0.0181842881997,0,0,0,0,0,0,0.141582,0.148672000006,-0.363339999998,0.002367,0.00565200000004,-0.00271699999991
2370,4.745527406,-0.45034178826,-4.31110225805,-8.18264214223,0.164094410502,-0.0248478905183,0.00750601019738,0,0,0,0,0,0,0.141582,0.148672000006,-0.363339999998,0.002367,0.00565200000004,-0.00271699999991
2371,4.747525914,-0.193657724974,-4.13730252427,-8.7166971732,0.162742097311,-0.0214904072511,0.00488166640206,0,0,0,0,0,0,0.141582,0.148672000006,-0.363339999998,0.002367,0.00565200000004,-0.00271699999991
2372,4.749520044,-0.522234250691,-3.78137436066,-8.26581287685,0.152210328966,-0.0190750777584,0.00396374027449,0,0,0,0,0,0,0.141582,0.148672000006,-0.363339999998,0.002367,0.00565200000004,-0.00271699999991
2373,4.751539632,0.743973893722,-3.93802341422,-8.5736721212,0.151298597531,-0.00273800861117,0.0116209069453,0,0,0,0,0,0,0.141582,0.148672000005,-0.343339999998,0.001367,0.00365200000004,-0.00271699999994
2374,4.753520067,0.229026612365,-4.02808319234,-8.62499906802,0.154027898636,-0.00182935885288,0.0141266866116,0,0,0,0,0,0,0.141582,0.148672000005,-0.343339999998,0.001367,0.00365200000004,-0.00271699999994
2375,4.755524987,0.0195613290169,-4.06348313194,-8.52735886038,0.164714867623,-0.0180484889083,0.0104105030388,0,0,0,0,0,0,0.141582,0.148672000005,-0.343339999998,0.001367,0.00365200000004,-0.00271699999994
2376,4.757541189,0.131713602182,-4.38168980645,-8.22076332292,0.173052754786,-0.00487075788891,0.0101005720098,0,0,0,0,0,0,0.141582,0.148672000005,-0.343339999998,0.001367,0.00365200000004,-0.00271699999994
2377,4.759539497,0.348873412364,-4.04096683276,-8.18786870095,0.156016403126,-0.00383942864232,0.00472764777103,0,0,0,0,0,0,0.121582,0.148672000001,-0.0333399999976,0.000367,0.000652000000027,-0.00171699999999
2378,4.761523969,0.159916200098,-4.11988604317,-8.42002953632,0.161427215612,-0.00625642364341,0.0107841445684,0,0,0,0,0,0,0.121582,0.148672000001,-0.0333399999976,0.000367,0.000652000000027,-0.00171699999999
2379,4.763518079,-0.287688399498,-4.32088476412,-8.39224980238,0.16424315061,-0.00981443017762,-0.00139810033563,0,0,0,0,0,0,0.121582,0.148672000001,-0.0333399999976,0.000367,0.000652000000027,-0.00171699999999
2380,4.765520234,0.0393052597774,-4.08536991467,-8.58570479701,0.15188131643,-0.00244515047376,0.00443857944352,0,0,0,0,0,0,0.121582,0.148672000001,-0.0333399999976,0.000367,0.000652000000027,-0.00171699999999
2381,4.767522760,0.29461736104,-4.05051103436,-8.19097972182,0.154000039001,0.00288661626598,0.010099281228,0,0,0,0,0,0,0.071582,0.138672000001,-0.0533389999978,0.001367,0.00265200000004,-0.00271699999996
2382,4.769519425,-0.0148032361093,-4.18451207786,-8.65540452067,0.154894009552,-0.00783062218667,0.000954594263413,0,0,0,0,0,0,0.071582,0.138672000001,-0.0533389999978,0.001367,0.00265200000004,-0.00271699999996
2383,4.771514627,-0.365820187073,-3.91056401376,-8.61134034968,0.155179835239,-0.0203010981633,0.00362952136152,0,0,0,0,0,0,0.071582,0.138672000001,-0.0533389999978,0.001367,0.00265200000004,-0.00271699999996
2384,4.773522233,0.0624012951074,-4.39198003797,-8.55259497938,0.166716660508,-0.0104526403109,0.00923132787213,0,0,0,0,0,0,0.071582,0.138672000001,-0.0533389999978,0.001367,0.00265200000004,-0.00271699999996
2385,4.775534467,-0.172773387753,-3.93510839354,-8.61560529423,0.140116274907,-0.00324727473687,0.00141911717065,0,0,0,0,0,0,0.101582,0.138672000001,-0.0433409999978,0.001367,0.00265200000003,-0.00171699999996
2386,4.777522485,0.206450917863,-4.24827721196,-8.7695172482,0.161370220181,-0.00885479832719,0.00763249783915,0,0,0,0,0,0,0.101582,0.138672000001,-0.0433409999978,0.001367,0.00265200000003,-0.00171699999996
2387,4.779528828,-0.0656690388965,-4.31569115662,-8.45323152071,0.161578287129,-0.00706677845945,0.00478828063828,0,0,0,0,0,0,0.101582,0.138672000001,-0.0433409999978,0.001367,0.00265200000003,-0.00171699999996
2388,4.781565819,0.124074531564,-4.17774772896,-8.50941582499,0.157332265197,-0.00348789291177,0.00931858871908,0,0,0,0,0,0,0.101582,0.138672000001,-0.0433409999978,0.001367,0.00265200000003,-0.00171699999996
2389,4.783550391,-0.292696473437,-3.87904150044,-8.85345058112,0.134366382204,-0.0194188487794,-0.000442848159602,0,0,0,0,0,0,0.101582,0.0786719999991,0.0566600000013,0.001367,0.000652000000027,-0.00171699999999
2390,4.785529803,0.00588104001285,-4.2417784392,-8.33968209772,0.15179263453,-0.0155484169729,0.00769752258451,0,0,0,0,0,0,0.101582,0.0786719999991,0.0566600000013,0.001367,0.000652000000027,-0.00171699999999
2391,4.787543610,-0.379922826806,-4.56920228899,-8.44469774548,0.178356440337,-0.0127602247538,0.00465363172891,0,0,0,0,0,0,0.101582,0.0786719999991,0.0566600000013,0.001367,0.000652000000027,-0.00171699999999
2392,4.789534745,-0.0656134126383,-3.61428913563,-8.72863627637,0.133220303219,-0.00456490729024,0.00059764888339,0,0,0,0,0,0,0.101582,0.0786719999991,0.0566600000013,0.001367,0.000652000000027,-0.00171699999999
2393,4.791547641,-0.167643036916,-4.01755585562,-8.98607126474,0.146224884921,-0.0111468069435,0.00916128520779,0,0,0,0,0,0,0.091582,0.108671999995,0.326660000002,-0.004633,-0.00434800000002,0.00128299999993
2394,4.793528847,0.378003007972,-4.19456373374,-8.50894732965,0.15698165955,0.00225580504297,0.00473626629169,0,0,0,0,0,0,0.091582,0.108671999995,0.326660000002,-0.004633,-0.00434800000002,0.00128299999993
2395,4.795527375,0.345272847751,-3.91521588514,-8.42617962039,0.148348374785,-0.00461693181607,0.0138316536386,0,0,0,0,0,0,0.091582,0.108671999995,0.326660000002,-0.004633,-0.00434800000002,0.00128299999993
2396,4.797527947,-0.177817025938,-3.98883542727,-8.54024242442,0.153365445371,-0.0222336451898,0.013316904631,0,0,0,0,0,0,0.091582,0.108671999995,0.326660000002,-0.004633,-0.00434800000002,0.00128299999993
2397,4.799528840,-0.313952558987,-4.05785342388,-8.31992590237,0.154375260714,-0.0180882800935,0.0107452999886,0,0,0,0,0,0,0.061582,0.108672,0.0166610000017,0.000367,0.00265200000001,-0.000716999999958
2398,4.801530654,0.0145933076513,-4.01542287888,-8.68694503156,0.133422872865,-0.00343333107393,0.0122630298296,0,0,0,0,0,0,0.061582,0.108672,0.0166610000017,0.000367,0.00265200000001,-0.000716999999958
2399,4.803550563,-0.394603793962,-3.71828315625,-8.83597162035,0.135702319,-0.0132804275182,-0.00576520004883,0,0,0,0,0,0,0.061582,0.108672,0.0166610000017,0.000367,0.00265200000001,-0.000716999999958
2400,4.805529454,0.112370151524,-4.20388703406,-8.7037643022,0.148937974259,0.00518862184838,-0.00389820276801,0,0,0,0,0,0,0.061582,0.108672,0.0166610000017,0.000367,0.00265200000001,-0.000716999999958
2401,4.807539464,-0.401001807617,-4.01163449114,-8.76211879354,0.138537540715,-0.0106285881393,9.81703499804e-06,0,0,0,0,0,0,0.071582,0.158672,0.0166610000025,-0.001633,0.00265200000001,-0.000716999999958
2402,4.809529086,-0.0297775825568,-3.78427962052,-9.02361083835,0.13440880267,0.00743278329996,0.00369196623563,0,0,0,0,0,0,0.071582,0.158672,0.0166610000025,-0.001633,0.00265200000001,-0.000716999999958
2403,4.811520742,-0.104643133645,-3.64654702954,-8.93707916927,0.120208144693,0.015681448502,-0.00411954384738,0,0,0,0,0,0,0.071582,0.158672,0.0166610000025,-0.001633,0.00265200000001,-0.000716999999958
2404,4.813526865,-0.215181370681,-4.54235497452,-8.26986067292,0.162013289394,-0.00737511236203,-0.00165685036676,0,0,0,0,0,0,0.071582,0.158672,0.0166610000025,-0.001633,0.00265200000001,-0.000716999999958
2405,4.815533368,-0.174848493428,-4.18039906541,-8.51074231878,0.150845855908,-0.0011350008095,-0.00250779590457,0,0,0,0,0,0,0.091582,0.118671999997,0.156660000002,-0.000633,0.001652,0.000283000000026
2406,4.817530464,-0.433202124149,-3.89165653371,-8.05805760496,0.143384014489,-0.0124598060794,0.00813969885029,0,0,0,0,0,0,0.091582,0.118671999997,0.156660000002,-0.000633,0.001652,0.000283000000026
2407,4.819536035,-0.288984458877,-4.20715491781,-7.94389383572,0.16340246577,-0.017399256421,0.0038940282193,0,0,0,0,0,0,0.091582,0.118671999997,0.156660000002,-0.000633,0.001652,0.000283000000026
2408,4.821518884,-0.0800079885727,-4.41774613633,-8.43434877186,0.170330925669,-0.00876713826416,0.00424681125084,0,0,0,0,0,0,0.091582,0.118671999997,0.156660000002,-0.000633,0.001652,0.000283000000026
2409,4.823543411,0.0865305453996,-4.39730475,-8.28357893342,0.167937759536,-0.00846411085466,0.0120831863176,0,0,0,0,0,0,0.151582,0.148671999998,0.136660000002,-0.007633,-0.00334800000005,0.00328299999995
2410,4.825532331,-0.548316166849,-4.36110860035,-8.28726134208,0.16075136661,-0.0233722854272,0.0033861209773,0,0,0,0,0,0,0.151582,0.148671999998,0.136660000002,-0.007633,-0.00334800000005,0.00328299999995
2411,4.827516703,-0.145693788363,-4.16441118081,-8.48292356488,0.16087047472,-0.0238947571377,0.0100685011656,0,0,0,0,0,0,0.151582,0.148671999998,0.136660000002,-0.007633,-0.00334800000005,0.00328299999995
2412,4.829530631,-0.288526128828,-4.41797018512,-8.312505641,0.163287349585,-0.0225035227675,0.00632944811266,0,0,0,0,0,0,0.151582,0.148671999998,0.136660000002,-0.007633,-0.00334800000005,0.00328299999995
2413,4.831536583,-0.629822441509,-4.24817239545,-8.3041406859,0.168466897161,-0.0246494882469,0.015894291371,0,0,0,0,0,0,0.131582,0.168671999998,0.146660000003,-0.006633,-0.00134800000004,0.00228299999998
2414,4.833524241,-0.449257132709,-3.85660849342,-8.05950684835,0.151159871128,-0.0347864646096,0.00844876287928,0,0,0,0,0,0,0.131582,0.168671999998,0.146660000003,-0.006633,-0.00134800000004,0.00228299999998
2415,4.835534401,-0.168854488496,-4.52664103654,-8.20953464967,0.170794830338,-0.0171120939244,0.00563174855376,0,0,0,0,0,0,0.131582,0.168671999998,0.146660000003,-0.006633,-0.00134800000004,0.00228299999998
2416,4.837515878,-0.00935164936694,-4.4692194434,-8.66098355525,0.172565462078,-0.0203492706721,0.00668234243733,0,0,0,0,0,0,0.131582,0.168671999998,0.146660000003,-0.006633,-0.00134800000004,0.00228299999998
2417,4.839528292,0.0151424584758,-4.68954590306,-8.33822991871,0.1837171566,-0.0102845899555,0.0112958482611,0,0,0,0,0,0,0.141582,0.148672000001,-0.0533389999976,-0.002633,0.00165199999998,0.00128300000003
2418,4.841529896,0.295423024598,-4.17395283191,-8.30881364784,0.171700305029,-0.00423550650804,0.0134136455401,0,0,0,0,0,0,0.141582,0.148672000001,-0.0533389999976,-0.002633,0.00165199999998,0.00128300000003
2419,4.843510060,0.408068867765,-4.12421222335,-8.23838467411,0.160226041576,0.00131695534777,0.00741183302548,0,0,0,0,0,0,0.141582,0.148672000001,-0.0533389999976,-0.002633,0.00165199999998,0.00128300000003
2420,4.845520140,0.11485439851,-3.92298431983,-8.21414457569,0.152870364046,-0.0115258483573,0.0169472193842,0,0,0,0,0,0,0.141582,0.148672000001,-0.0533389999976,-0.002633,0.00165199999998,0.00128300000003
2421,4.847521735,-0.120114320364,-4.24672615204,-8.63429913866,0.158835494127,-0.0110360615166,0.0104258718462,0,0,0,0,0,0,0.061582,0.118672,-0.0233399999981,0.004367,0.00865200000006,-0.00371699999986
2422,4.849536203,-0.201153900202,-4.22403519692,-8.29685112905,0.154738977536,-0.00556226721321,0.00467254944515,0,0,0,0,0,0,0.061582,0.118672,-0.0233399999981,0.004367,0.00865200000006,-0.00371699999986
2423,4.851523721,-0.124253967769,-4.38540649263,-8.68082064509,0.161680648906,-0.0103803913718,0.00902165884598,0,0,0,0,0,0,0.061582,0.118672,-0.0233399999981,0.004367,0.00865200000006,-0.00371699999986
2424,4.853531126,0.086968628854,-4.15997116629,-8.57590200094,0.151425018969,-0.0139634403717,0.00762803160404,0,0,0,0,0,0,0.061582,0.118672,-0.0233399999981,0.004367,0.00865200000006,-0.00371699999986
2425,4.855533231,-0.486633619362,-4.04628949362,-8.19357275861,0.148824387138,-0.0187362600505,0.0101658255323,0,0,0,0,0,0,0.111582,0.138672,-0.00333999999778,0.000367,0.00265200000003,-0.00171699999996
2426,4.857565102,0.110842057473,-4.17359769636,-8.14425537915,0.149226778814,-0.00245036985298,0.00528806976573,0,0,0,0,0,0,0.111582,0.138672,-0.00333999999778,0.000367,0.00265200000003,-0.00171699999996
2427,4.859558861,-0.0938655183847,-4.19755094884,-8.27345899559,0.156459547945,-0.00302166420872,0.00882714180043,0,0,0,0,0,0,0.111582,0.138672,-0.00333999999778,0.000367,0.00265200000003,-0.00171699999996
2428,4.861529527,-0.175817121763,-4.01188534653,-8.54012327434,0.14916954579,-0.00870002046889,0.00507242687869,0,0,0,0,0,0,0.111582,0.138672,-0.00333999999778,0.000367,0.00265200000003,-0.00171699999996
2429,4.863533756,0.0973900621189,-3.83199675128,-8.54227350168,0.151124615266,-0.00372166971205,0.00761163178959,0,0,0,0,0,0,0.101582,0.138672000003,-0.183339999998,-0.000633,0.00265200000003,-0.00171699999996
2430,4.865535771,-0.604081410318,-4.47350664276,-8.38280519942,0.165205404743,-0.0266929452921,0.0161386181038,0,0,0,0,0,0,0.101582,0.138672000003,-0.183339999998,-0.000633,0.00265200000003,-0.00171699999996
2431,4.867534290,0.196089050561,-4.37438932393,-8.41619347561,0.169603043585,-0.0132117436202,0.0156816172212,0,0,0,0,0,0,0.101582,0.138672000003,-0.183339999998,-0.000633,0.00265200000003,-0.00171699999996
2432,4.869522579,-0.152024838191,-4.2565762172,-8.21534523664,0.163267986375,-0.0149164864874,-0.00201885784874,0,0,0,0,0,0,0.101582,0.138672000003,-0.183339999998,-0.000633,0.00265200000003,-0.00171699999996
2433,4.871526628,-0.184194300971,-4.14791130059,-8.36769365132,0.158740750814,-0.0180185244117,0.00655066223112,0,0,0,0,0,0,0.011582,0.138672000002,-0.153338999998,0.008367,0.0126520000001,-0.0057169999998
2434,4.873531839,-0.0383585139106,-4.20079504867,-8.5833202946,0.155418891599,-0.0111633879827,0.0117242947285,0,0,0,0,0,0,0.011582,0.138672000002,-0.153338999998,0.008367,0.0126520000001,-0.0057169999998
2435,4.875529275,-0.562868902443,-4.04405230952,-8.28828090785,0.153579975857,-0.0255129297208,0.00811952842949,0,0,0,0,0,0,0.011582,0.138672000002,-0.153338999998,0.008367,0.0126520000001,-0.0057169999998
2436,4.877523235,-0.02651590532,-4.11941896702,-8.37321766337,0.159963822948,-0.00802981114218,0.00595894785142,0,0,0,0,0,0,0.011582,0.138672000002,-0.153338999998,0.008367,0.0126520000001,-0.0057169999998
2437,4.879540048,0.113412678988,-3.84492174016,-8.67791419883,0.145889659101,-0.000507941874055,0.00239592259587,0,0,0,0,0,0,0.031582,0.128672,0.00666000000206,0.006367,0.00965200000008,-0.00471699999985
2438,4.881589942,-0.572171843157,-4.08486366774,-8.74576842064,0.148976398025,-0.016683933111,0.0012352444117,0,0,0,0,0,0,0.031582,0.128672,0.00666000000206,0.006367,0.00965200000008,-0.00471699999985
2439,4.883551571,0.177228825004,-3.87295752241,-8.47431426501,0.148636691273,-0.00811168195095,0.00778431744046,0,0,0,0,0,0,0.031582,0.128672,0.00666000000206,0.006367,0.00965200000008,-0.00471699999985
2440,4.885521105,-0.547625627163,-4.16870167598,-8.51105756808,0.166746005453,-0.0249709358056,0.0104344686982,0,0,0,0,0,0,0.031582,0.128672,0.00666000000206,0.006367,0.00965200000008,-0.00471699999985
2441,4.887530234,-0.785281938852,-4.17458179877,-8.32720108706,0.157243207686,-0.0346742686518,0.000317863458231,0,0,0,0,0,0,0.051582,0.0986719999999,0.00666000000158,0.005367,0.00565200000004,-0.00271699999991
2442,4.889529614,-0.133116478801,-4.31286404083,-8.19661137976,0.166189482661,-0.0199315005047,0.00248342306166,0,0,0,0,0,0,0.051582,0.0986719999999,0.00666000000158,0.005367,0.00565200000004,-0.00271699999991
2443,4.891528253,-0.05351113821,-4.26413057525,-8.58494417742,0.164423509792,-0.00626276241323,0.00195781607555,0,0,0,0,0,0,0.051582,0.0986719999999,0.00666000000158,0.005367,0.00565200000004,-0.00271699999991
2444,4.893526060,-0.237161258783,-4.23962729407,-8.50904997901,0.168674841655,-0.0154149239146,0.00754922800165,0,0,0,0,0,0,0.051582,0.0986719999999,0.00666000000158,0.005367,0.00565200000004,-0.00271699999991
2445,4.895532934,0.0262083703784,-3.94500726845,-8.29823793441,0.157023259425,-0.0184534396862,0.00828209550107,0,0,0,0,0,0,0.041582,0.0986719999997,0.0166610000016,0.005367,0.00565200000004,-0.00271699999991
2446,4.897532053,0.0772283360115,-3.99392336183,-8.28660591242,0.147011889056,0.0011230749916,0.00577809906451,0,0,0,0,0,0,0.041582,0.0986719999997,0.0166610000016,0.005367,0.00565200000004,-0.00271699999991
2447,4.899527646,0.0346064498227,-4.37465320552,-8.60132785731,0.161427410252,-0.0165439263308,0.00420884528527,0,0,0,0,0,0,0.041582,0.0986719999997,0.0166610000016,0.005367,0.00565200000004,-0.00271699999991
2448,4.901522227,-0.319789666804,-4.10748620641,-8.27203781639,0.152818247216,-0.0174331270006,0.00264609262984,0,0,0,0,0,0,0.041582,0.0986719999997,0.0166610000016,0.005367,0.00565200000004,-0.00271699999991
2449,4.903572913,-0.208295637943,-3.98928568488,-8.22478354979,0.150961976774,-0.0278740201013,0.00980161690815,0,0,0,0,0,0,0.021582,0.118672000001,-0.0933399999981,0.005367,0.00765200000006,-0.00371699999988
2450,4.905531356,0.0531593917122,-4.33282925494,-8.13346371483,0.170116702389,-0.0107290114655,0.0144805790898,0,0,0,0,0,0,0.021582,0.118672000001,-0.0933399999981,0.005367,0.00765200000006,-0.00371699999988
2451,4.907519105,-0.709745294441,-4.34804424105,-8.42380241889,0.165835065145,-0.0244565743866,0.00567351430678,0,0,0,0,0,0,0.021582,0.118672000001,-0.0933399999981,0.005367,0.00765200000006,-0.00371699999988
2452,4.909514788,-0.313894223985,-4.10328741995,-8.83831959038,0.153221010121,-0.00408205913744,0.0139453514286,0,0,0,0,0,0,0.021582,0.118672000001,-0.0933399999981,0.005367,0.00765200000006,-0.00371699999988
2453,4.911522183,-0.0566903434197,-4.47392040621,-8.57551547427,0.169948558317,-0.0174289877415,0.0138207020264,0,0,0,0,0,0,0.061582,0.108672000002,-0.153338999998,0.003367,0.00565200000004,-0.00271699999991
2454,4.913523647,-0.432429105978,-4.02385467766,-8.61988818287,0.161132213006,-0.0255284790893,-0.00109195485392,0,0,0,0,0,0,0.061582,0.108672000002,-0.153338999998,0.003367,0.00565200000004,-0.00271699999991
2455,4.915514190,-0.386657340808,-3.99833277392,-8.61104011635,0.153448495877,-0.028076384245,0.00166983933693,0,0,0,0,0,0,0.061582,0.108672000002,-0.153338999998,0.003367,0.00565200000004,-0.00271699999991
2456,4.917521495,0.239622969647,-4.20559291393,-8.43388703812,0.16039084988,0.00133257357459,0.00422661449842,0,0,0,0,0,0,0.061582,0.108672000002,-0.153338999998,0.003367,0.00565200000004,-0.00271699999991
2457,4.919536224,-0.543158012421,-4.0017210369,-8.77150926794,0.148168015171,-0.016664835263,0.00287785428188,0,0,0,0,0,0,0.141582,0.108672000002,-0.143338999998,0.002367,0.00165200000003,-0.00171699999997
2458,4.921527629,-0.116074960851,-4.08049340307,-8.57978740849,0.150537147589,-0.010679611574,-0.00953453208258,0,0,0,0,0,0,0.141582,0.108672000002,-0.143338999998,0.002367,0.00165200000003,-0.00171699999997
2459,4.923523883,0.0124284735556,-4.17920386544,-8.71311785986,0.156843312423,-0.00942180390583,0.0041663016712,0,0,0,0,0,0,0.141582,0.108672000002,-0.143338999998,0.002367,0.00165200000003,-0.00171699999997
2460,4.925524906,0.126359781163,-4.36620191924,-8.48155432358,0.153562553241,0.006930058691,0.0188762730436,0,0,0,0,0,0,0.141582,0.108672000002,-0.143338999998,0.002367,0.00165200000003,-0.00171699999997
2461,4.927529906,-0.20521302056,-4.40312852714,-8.89810911612,0.157978149179,-0.00540879976735,0.0106506213782,0,0,0,0,0,0,0.051582,0.0886720000021,-0.133338999999,0.009367,0.0106520000001,-0.00471699999983
2462,4.929525339,-0.0140602299122,-4.28523850447,-8.31993993613,0.15985889837,-0.0155808384035,0.0140146692078,0,0,0,0,0,0,0.051582,0.0886720000021,-0.133338999999,0.009367,0.0106520000001,-0.00471699999983
2463,4.931521163,0.176715040512,-4.22499978083,-8.10406676899,0.164783118744,-0.00735760309314,0.00695727906295,0,0,0,0,0,0,0.051582,0.0886720000021,-0.133338999999,0.009367,0.0106520000001,-0.00471699999983
2464,4.933521715,-0.0387271455039,-4.27824010131,-8.0537815906,0.171540508696,-0.0249398141452,0.0137718475724,0,0,0,0,0,0,0.051582,0.0886720000021,-0.133338999999,0.009367,0.0106520000001,-0.00471699999983
2465,4.935534921,-0.302377940735,-3.8275017438,-8.066314662,0.15922993626,-0.0346172393953,0.0127829877012,0,0,0,0,0,0,0.161582,0.148672000004,-0.273339999998,0.002367,0.00565200000004,-0.00271699999991
2466,4.937532027,0.253370976731,-3.8852199583,-8.45918805706,0.155021299896,-0.003221756982,0.0145344713256,0,0,0,0,0,0,0.161582,0.148672000004,-0.273339999998,0.002367,0.00565200000004,-0.00271699999991
2467,4.939524233,-0.109101624734,-4.4123380681,-8.32554849584,0.169074554095,-0.0193115729208,0.00556888210765,0,0,0,0,0,0,0.161582,0.148672000004,-0.273339999998,0.002367,0.00565200000004,-0.00271699999991
2468,4.941526819,-0.316328144227,-4.2231510689,-8.34374545952,0.15901496165,-0.019166959113,0.0172832153589,0,0,0,0,0,0,0.161582,0.148672000004,-0.273339999998,0.002367,0.00565200000004,-0.00271699999991
2469,4.943531649,-0.538552172694,-4.22675825043,-8.47517980562,0.156064487166,-0.0166714268633,0.00547691110937,0,0,0,0,0,0,0.131582,0.108672000003,-0.183339999998,0.002367,0.00465200000003,-0.00171699999993
2470,4.945531550,-0.0924160315968,-4.05340825067,-8.48851309276,0.150905660499,-0.00298383289232,0.0182671223451,0,0,0,0,0,0,0.131582,0.108672000003,-0.183339999998,0.002367,0.00465200000003,-0.00171699999993
2471,4.947520100,-0.161315632366,-4.00874523262,-8.23278520356,0.154229099728,-0.0106325552042,0.00568851654859,0,0,0,0,0,0,0.131582,0.108672000003,-0.183339999998,0.002367,0.00465200000003,-0.00171699999993
2472,4.949517035,0.0918563147869,-4.08694927179,-8.51505892081,0.162680666906,-0.0165699410791,0.0115846520168,0,0,0,0,0,0,0.131582,0.108672000003,-0.183339999998,0.002367,0.00465200000003,-0.00171699999993
2473,4.951531935,0.566494340754,-4.15590871035,-8.67647686384,0.150450883418,0.00434497145495,0.0111507927408,0,0,0,0,0,0,0.041582,0.0586720000012,-0.0733389999991,0.007367,0.0106520000001,-0.00471699999983
2474,4.953520384,-0.0237277888572,-4.18967394923,-8.74964057802,0.14608579161,-0.00577281282788,0.00187649647731,0,0,0,0,0,0,0.041582,0.0586720000012,-0.0733389999991,0.007367,0.0106520000001,-0.00471699999983
2475,4.955517700,-0.450249674887,-4.19316570537,-8.62450920796,0.145394358655,-0.0180637363999,0.0022657522408,0,0,0,0,0,0,0.041582,0.0586720000012,-0.0733389999991,0.007367,0.0106520000001,-0.00471699999983
2476,4.957547217,-0.39117316996,-4.28938961149,-8.78210640764,0.146139297231,-0.0015280709288,0.00294055373414,0,0,0,0,0,0,0.041582,0.0586720000012,-0.0733389999991,0.007367,0.0106520000001,-0.00471699999983
2477,4.959537880,-0.526656214383,-3.87552874748,-8.87829113188,0.140940266333,-0.0164594376548,-0.00147455297969,0,0,0,0,0,0,0.071582,0.0486720000015,-0.0933399999992,0.007367,0.00765200000004,-0.00271699999988
2478,4.961543031,-0.274854684125,-3.92924178301,-8.59912587897,0.139545435262,-0.00686484588011,0.00491103718145,0,0,0,0,0,0,0.071582,0.0486720000015,-0.0933399999992,0.007367,0.00765200000004,-0.00271699999988
2479,4.963530008,-0.130898931324,-3.88620010489,-8.91181900552,0.130009969832,0.00601302163735,0.00403730230579,0,0,0,0,0,0,0.071582,0.0486720000015,-0.0933399999992,0.007367,0.00765200000004,-0.00271699999988
2480,4.965533065,0.0894585982484,-4.08015523179,-9.02385475985,0.143417484608,0.009034660483,-0.00116471002675,0,0,0,0,0,0,0.071582,0.0486720000015,-0.0933399999992,0.007367,0.00765200000004,-0.00271699999988
2481,4.967518278,0.0631280650895,-3.7909208533,-8.99943435854,0.136159081725,0.0125302663929,-0.00183172434089,0,0,0,0,0,0,0.091582,0.108672000003,-0.203340999998,0.002367,0.00565200000003,-0.00171699999991
2482,4.969525082,-0.412833677487,-3.88701553946,-9.1811592637,0.140856608304,-0.0108461882668,0.00335293249133,0,0,0,0,0,0,0.091582,0.108672000003,-0.203340999998,0.002367,0.00565200000003,-0.00171699999991
2483,4.971518321,-0.772830444264,-4.08187284101,-9.00401340669,0.14262122437,-0.0049852616883,0.00100292073703,0,0,0,0,0,0,0.091582,0.108672000003,-0.203340999998,0.002367,0.00565200000003,-0.00171699999991
2484,4.973514825,-0.266316703793,-3.75160053733,-8.73575205218,0.132947942123,-0.00968606649417,0.0101606915913,0,0,0,0,0,0,0.091582,0.108672000003,-0.203340999998,0.002367,0.00565200000003,-0.00171699999991
2485,4.975524415,-0.0963364654178,-4.15286643208,-8.75286851967,0.146500331876,-0.00610413483299,0.0110262497534,0,0,0,0,0,0,0.101582,0.108672000001,-0.0933399999983,0.002367,0.00565200000004,-0.00271699999991
2486,4.977522392,-0.37005529864,-4.06820311507,-8.60004676041,0.149238346812,-0.0144049448869,0.000529525180568,0,0,0,0,0,0,0.101582,0.108672000001,-0.0933399999983,0.002367,0.00565200000004,-0.00271699999991
2487,4.979518205,-0.339146085657,-4.0266979669,-8.45158364801,0.157096667138,-0.0157535811997,-5.00041491407e-05,0,0,0,0,0,0,0.101582,0.108672000001,-0.0933399999983,0.002367,0.00565200000004,-0.00271699999991
2488,4.981560345,-0.26515859537,-3.86438821913,-8.20427205962,0.142568851419,-0.0083473447622,-0.000902079131859,0,0,0,0,0,0,0.101582,0.108672000001,-0.0933399999983,0.002367,0.00565200000004,-0.00271699999991
2489,4.983575104,-0.569527557387,-4.12465566213,-8.72905365954,0.150542988201,-0.0173025329214,0.00544349065784,0,0,0,0,0,0,0.111582,0.138671999999,0.0866600000022,0.000367,0.000651999999995,0.00028300000001
2490,4.985525031,-0.113738716487,-3.87090821148,-8.63803931611,0.135892587476,-0.00300165230712,0.00684452973763,0,0,0,0,0,0,0.111582,0.138671999999,0.0866600000022,0.000367,0.000651999999995,0.00028300000001
2491,4.987518129,-0.419636759209,-3.60511678315,-9.26129149301,0.121918580928,-0.00290908446166,0.00298593324856,0,0,0,0,0,0,0.111582,0.138671999999,0.0866600000022,0.000367,0.000651999999995,0.00028300000001
2492,4.989514444,0.15376534827,-3.72252862447,-9.09218991674,0.128365904939,0.00463706891553,0.0019626514362,0,0,0,0,0,0,0.111582,0.138671999999,0.0866600000022,0.000367,0.000651999999995,0.00028300000001
2493,4.991521789,-0.518787022041,-4.08841061732,-9.3986979604,0.141371006571,0.00124599198926,-0.0032934099197,0,0,0,0,0,0,0.051582,0.128671999998,0.136660000002,0.003367,0.00465200000003,-0.00171699999993
2494,4.993523984,-0.259375982395,-4.0704800818,-9.01111962535,0.142008917995,-0.00195918839473,0.00867172317702,0,0,0,0,0,0,0.051582,0.128671999998,0.136660000002,0.003367,0.00465200000003,-0.00171699999993
2495,4.995515109,-0.0897520895621,-4.47106680337,-9.01852198025,0.158374638793,-0.0117944234071,0.00510158812026,0,0,0,0,0,0,0.051582,0.128671999998,0.136660000002,0.003367,0.00465200000003,-0.00171699999993
2496,4.997517585,0.314290985045,-4.29304605284,-8.90293283422,0.167618252913,-0.00635617707183,0.00312495021131,0,0,0,0,0,0,0.051582,0.128671999998,0.136660000002,0.003367,0.00465200000003,-0.00171699999993
2497,4.999522074,0.37002351024,-3.61825355851,-8.63640928698,0.128753402886,0.00104544378106,0.00298822273241,0,0,0,0,0,0,0.011582,0.118671999998,0.116661000002,0.005367,0.00865200000006,-0.00371699999986
2498,5.001522005,-0.104016385989,-3.98480494701,-8.98792172157,0.138207394191,0.00363796115194,0.0120254208303,0,0,0,0,0,0,0.011582,0.118671999998,0.116661000002,0.005367,0.00865200000006,-0.00371699999986
2499,5.003536573,-0.231463051696,-3.73899075641,-8.82502390079,0.134130887388,-0.00814095698609,0.000921762262352,0,0,0,0,0,0,0.011582,0.118671999998,0.116661000002,0.005367,0.00865200000006,-0.00371699999986
2500,5.005524241,-0.259581512304,-3.73003964889,-9.06838938397,0.123974747632,-0.00301341461573,0.00253576837631,0,0,0,0,0,0,0.011582,0.118671999998,0.116661000002,0.005367,0.00865200000006,-0.00371699999986
2501,5.007525856,-0.209619945597,-4.03450054765,-8.9440673357,0.14353982818,-0.00193903710154,-0.00601247051889,0,0,0,0,0,0,0.041582,0.108671999999,0.0766600000017,0.003367,0.00665200000006,-0.00371699999989
2502,5.009522611,0.177426078192,-3.53640337512,-8.87826673107,0.121232069822,-0.00105036367752,0.0126108874766,0,0,0,0,0,0,0.041582,0.108671999999,0.0766600000017,0.003367,0.00665200000006,-0.00371699999989
2503,5.011547489,-0.289741440889,-4.18969005341,-9.22023749684,0.146194539305,-0.00279254728997,0.0122021509102,0,0,0,0,0,0,0.041582,0.108671999999,0.0766600000017,0.003367,0.00665200000006,-0.00371699999989
2504,5.013555805,0.238454114713,-3.84096950935,-8.6448978886,0.144543861561,9.38936893292e-05,0.0123754173943,0,0,0,0,0,0,0.041582,0.108671999999,0.0766600000017,0.003367,0.00665200000006,-0.00371699999989
2505,5.015550316,0.245059608062,-4.09081403248,-8.46831886929,0.155692858129,-0.00326562417685,0.0129150928429,0,0,0,0,0,0,0.051582,0.0886719999996,0.0266610000014,0.005367,0.00665200000009,-0.00571699999989
2506,5.017530160,0.38651575694,-3.63265443265,-8.57033205375,0.136673092445,-0.00271664659771,0.0189554344753,0,0,0,0,0,0,0.051582,0.0886719999996,0.0266610000014,0.005367,0.00665200000009,-0.00571699999989
2507,5.019528237,0.0459921802851,-4.32981109424,-8.47515706313,0.163594158557,-0.00466001941237,0.00673898326388,0,0,0,0,0,0,0.051582,0.0886719999996,0.0266610000014,0.005367,0.00665200000009,-0.00571699999989
2508,5.021524581,-0.0957485892229,-4.00606554299,-8.39480202386,0.151825657491,-0.0160692863157,0.0101661643962,0,0,0,0,0,0,0.051582,0.0886719999996,0.0266610000014,0.005367,0.00665200000009,-0.00571699999989
2509,5.023538689,-0.105420749885,-3.9641028496,-8.52171650799,0.155505586224,-0.0190260228202,0.0115504645741,0,0,0,0,0,0,0.061582,0.0786719999981,0.116661000001,0.004367,0.00365200000006,-0.00371699999994
2510,5.025531507,-0.429931737259,-4.34872668232,-8.315981071,0.159474854716,-0.0200169388137,0.0114243925685,0,0,0,0,0,0,0.061582,0.0786719999981,0.116661000001,0.004367,0.00365200000006,-0.00371699999994
