t_s,Fx_N,Fy_N,Fz_N,Tx_Nm,Ty_Nm,Tz_Nm,F_norm_N,T_norm_Nm
0.04785013198852539,-0.04715406175422739,0.6578238287785299,-0.4662843272231395,-0.004210587080866186,-0.006317869128675293,0.006124648544715625,0.8076984394331228,0.009754785168772952
0.09795808792114258,-0.09866910295971362,0.5230513733046445,-0.4016348989111711,-0.0022200518396872588,0.006406486771091428,-0.001444719217444763,0.6668050112425189,0.006932453861103041
0.14794015884399414,0.43227671592863076,0.4633020708550994,-0.5764629058686288,-0.008268284849231878,0.019410710442034844,0.003621996281630296,0.8566337898047036,0.021406986506201698
0.19852995872497559,-0.1765962828728406,0.3455278909926163,-0.3397530119541686,-0.003994750341848706,-0.00014256275412461255,0.0003079225759061645,0.5157595173239551,0.004009135910058005
0.24797701835632324,0.07399684721696459,0.8006856662754787,-0.2502960292738412,-0.012132557075301477,0.0016393228003136232,0.0038597294693651133,0.8421527010271412,0.012836815493172811
0.29787516593933105,0.09900873535706857,0.3032858682914786,-0.3741976520403501,0.0032892257423962792,0.011600658495528849,0.003861462976872373,0.49174071457917035,0.012661168186075251
0.34792613983154297,0.3200160893678541,0.28744667492624804,-0.7205308500910252,0.003073535880063433,0.01837721853460551,0.00315404907707288,0.8391666070056327,0.018897534480859398
0.39783310890197754,0.06695140929837357,0.6709450009644001,-0.6342268862002816,-0.014834064565817812,0.0054906622018863795,0.0042692268818035764,0.9256853832190839,0.016383624175572074
0.4476139545440674,0.20893930110551936,0.5143177520714729,-0.44747354034065334,-0.0030506679794693545,0.01729758009225547,0.008730097684233776,0.7130294180097441,0.01961447062108015
0.4981861114501953,0.27148092460187173,0.4780180709818867,-0.420310180095504,-0.0054543887929244745,0.00861889566393942,0.007702756508801891,0.6919998671241536,0.01278155614172796
0.5476620197296143,0.09354850307758783,0.4696890991195307,-0.6371649385856506,-0.009363436934286972,0.0031553399013344967,0.0025066469130494077,0.7970811321456742,0.010193792221838893
0.5978829860687256,0.11494647809397865,0.2610933915776836,-0.6959458652083748,0.002732625563333805,0.006292977108261189,0.00554398741741959,0.7521456635867686,0.008820691573736807
0.647780179977417,-0.16003692683896267,0.4277081685085782,-0.38262379700772403,-0.0023677441627717446,-0.0007901238899355328,-0.009262921388126687,0.5957743410030595,0.009593342526168936
0.6976680755615234,-0.0844408627893269,0.25395708093641794,-0.16803366184613366,0.004984096474527384,0.005909595707428597,0.011589557704441483,0.3160059647851177,0.013931345479788868
0.7477731704711914,0.1683917667813637,0.5557749142068557,-0.3914934135988223,-0.008156835994349871,0.016709364497011336,0.0050245284238249616,0.7003632166759227,0.019260911744113502
0.7977299690246582,0.12332257588211742,0.4845352980783962,-0.43163831936872166,-0.005755794070163863,0.0034836420156945944,-0.011057895678155823,0.6605259658435657,0.012943800983506485
0.8480281829833984,0.3341543090351158,0.1346981439855481,-0.13964474673833277,0.0023254676302849747,0.011907184032890995,0.0004015708960116484,0.3863979134668046,0.012138784555183482
0.8976190090179443,0.10318826676889511,0.18638317724190614,-0.5086531794988653,-0.0005705316433346095,0.016983518697041306,0.0071218688736134,0.5514658322796268,0.01842515752827479
0.9476909637451172,-0.08631508730343232,0.30817798191958495,-0.7264174756347721,-0.01121876514183282,0.01004926591328376,0.004928241328564565,0.7937923605980483,0.015847271036240337
0.9977259635925293,0.08264964236878551,0.4508066888494833,-0.6687614781474138,-0.006008280796556896,0.005159556848331767,-0.007199128174323344,0.8107401240527304,0.010702705801421328
1.0477321147918701,0.00022361424354404996,0.639631153190896,-0.31827734616001535,-0.014822956668984387,0.005742024610741491,0.01024923484668617,0.7144428117171504,0.018913955323608962
1.0985081195831299,0.2748434190888356,-0.056013377896357214,-0.7378061885542765,0.0035926221833456704,0.017286459034752327,0.006154632378550382,0.7893252659004335,0.018697810027581797
1.1477160453796387,0.5730387837756418,0.5048684836323768,-0.6819106346711545,-0.002052306956454515,0.016449773826442925,0.0031735308492237225,1.0238494748516205,0.016878338805570083
1.1977770328521729,0.45028284622923026,0.32321677630826845,-0.7525900554793965,-0.0064608821326739285,0.019789706259543384,-0.0010898706111861596,0.9346740168111484,0.02084618165805055
1.248108148574829,0.0725183462956797,0.08635114866508908,-0.5060382340383888,0.007034410593287907,0.010221553708452933,0.0003862671317784838,0.5184497330830942,0.012414197312224476
1.2984881401062012,0.049547187940788384,0.18325274918080853,-0.3416005296203851,0.0014648954928386327,0.016235065661118635,-0.004407822511481581,0.39080355135552663,0.01688644945269716
1.3480100631713867,-0.08421113852782317,0.3299733099620822,-0.445807077274013,-0.003249797526733096,0.003984729849187741,0.0029885312006147154,0.560997193653482,0.005947316594298301
1.3979430198669434,0.5539161950668487,0.003499514846506069,-0.43581541326525786,0.009889941204111213,0.017639173693115687,-0.0007952844563713614,0.7048194607139219,0.02023817835090963
1.447754144668579,0.39551175076328765,0.07227997859877494,0.04328263885623489,0.008247289386920624,0.011536718643417704,0.006102021096911249,0.40438512228374524,0.01543853363361123
1.4983670711517334,0.21321572802055883,0.6378047450672536,-0.47102940979023067,-0.013978589379033918,0.011826335589651463,-0.0020737362574131716,0.8210508780781945,0.01842725038013015
1.5476839542388916,0.08790883726120137,0.6967872332326862,-0.3833371152187267,-0.015020886247808604,0.007739909312396208,0.006061740541018801,0.8001173388753012,0.017952100663163464
1.5976991653442383,-0.2261736230906916,-0.2951724158378345,-0.04092065501257879,0.018837667158955733,0.006758219395107948,-0.0077280493062247884,0.3741066196422782,0.02145353069924515
1.648488998413086,-0.18708312209753203,0.5379094876453053,-0.5272091841277532,-0.010555177385337356,-0.000411374577071912,-0.0027795138450873763,0.776077467332512,0.010922760452084934
1.6979789733886719,-0.21042601720639034,0.4631206568653649,-0.27629694216970047,0.0004062883320708988,-0.008621431708001295,0.006012656837801078,0.5788780975171526,0.010518849611704845
1.7477600574493408,-0.10387208968708238,0.6642085583814914,-0.42042199870507213,-0.01615418243217935,-0.001390299277689927,-0.006283432643080802,0.7929168159639118,0.017388848953102404
1.797659158706665,0.007187731138518592,-0.11458382166810334,-0.4693905358232085,0.011051685912600365,0.006443820324269244,-0.0021955453019566573,0.483227266187853,0.012980100194342826
1.8477160930633545,0.05510858943321681,0.6427003169611091,-0.34058773278116294,-0.011936792812117987,0.01383966211935415,0.005246385482890468,0.7294522998608215,0.019014411136093635
1.8976631164550781,-0.05990113240146427,0.20769636672444072,-0.28795914057584715,-0.0035635647042099178,0.008565073632906206,-0.0008258023531811322,0.36006442903276575,0.009313507892556666
1.9480040073394775,0.0036093822796812343,0.0295061502753738,-0.1210422547750405,0.003537345482149558,0.013550077287212988,0.0005849390853903185,0.12463895051523674,0.014016403293396864
1.9980499744415283,0.09124482982413877,0.33933066079171637,-0.4783986393529478,-0.00014813000629535834,0.00011258528517283403,-0.0029150399379542008,0.5935791223229897,0.002920971719320566
2.0477449893951416,-0.35717762320002333,0.46882713775145196,-0.34417432111880497,-0.00402035746516273,-0.003579787255948209,-0.007884446977473935,0.6825179139953962,0.009546866244278106
2.0978989601135254,0.13216001602077357,0.37323091294139793,-0.3555188295496458,0.0082082807749078,0.00585362253336768,0.0034786949656337414,0.5321289527680585,0.010664993610255769
2.1481950283050537,0.10794483630756939,0.21724457664644406,-0.6304634864934257,0.0054551755915679045,0.009360995263907834,0.002171813812105119,0.6755231317795168,0.011050065533751086
2.1978330612182617,0.5547166853243112,0.6098559063664464,-0.39864261688996383,-0.010046300453442378,0.013117929240030194,-0.004889738107792366,0.9157241743604398,0.01723130172418998
2.2480380535125732,0.0020014689287949795,0.2718398212760529,-0.3010754832987872,0.0039021228489661093,0.002235726692120184,0.01002803112795032,0.4056443527930194,0.01099028866196983
2.297788143157959,0.21429664439826399,0.6135633557508956,-0.6409506310823461,-0.00400437354733599,0.008779967928774546,-0.005956014818560456,0.9127983100365128,0.01134005982593679
2.347792148590088,0.16860680574166498,0.6602395476645024,-0.2938562627163155,-0.006746639564266367,0.006422391171670893,-0.001594876599032195,0.7420889558403592,0.009450284923652885
2.3977980613708496,-0.072098994827615,-0.0057992109719859075,-0.5656602418672396,0.010210736585106798,0.009083919687782473,0.0045225500980764265,0.5702660827476539,0.014395492276894581
2.4480910301208496,-0.1556029454568957,0.1364058971438798,-0.26272422392676675,-0.003510503959488396,0.004226055943118605,0.0012923697319704836,0.3344291602842226,0.005643882210683108
2.498056173324585,-0.029635264785418065,0.7853254994330136,-0.3678988509611719,-0.019119745894614276,0.003967229977632388,0.001148630723102968,0.8677349557999635,0.019560750223549726
2.5481350421905518,0.16984821491669308,0.24138546342117734,-0.23682050466196047,-2.105582252938783e-05,0.013958277741834627,0.005324002562211098,0.37841684620242444,0.014939175484218957
2.5978381633758545,0.29802059600080655,1.0361007317016866,-0.28206297233004646,-0.016719990470934566,0.009154582161982661,-0.0024668719626130243,1.1143969320817009,0.019221079917334512
2.648175001144409,-0.12202579880872076,0.5742561517034953,-0.4331625515236299,0.0004356960565795399,-0.0011872856262435698,-0.009712496177712969,0.7295822224990652,0.00979449131982323
2.6978440284729004,-0.06252313451800123,-0.05612317337958119,0.007135205076665264,0.007632277744612229,0.004258346301459387,-0.0046911267399085636,0.08432001003105181,0.00991926644888326
2.7482199668884277,0.017698893395799813,0.14384899913553387,-0.33726266614494277,0.008167812878459484,0.011912643899670436,0.002697747178588273,0.3670856730450343,0.014693607172422463
2.7982289791107178,0.20325988828477967,0.27059270594661,-0.7680583283964441,0.008252083048045977,0.00831736104281501,-0.008593110910306312,0.8393143573871411,0.014529863194992923
2.8480610847473145,0.18414754458007299,0.10282996399249325,-0.6742415977224856,0.007102902700725282,0.0059320460796710925,0.006163818879090139,0.7064602266008593,0.011119040455072537
2.8981831073760986,-0.46241486457700287,0.3259774025540673,-0.3306149562782572,0.0023453997514689723,-0.006812133381353279,0.005349504290571112,0.6552823996358657,0.008973475210551212
2.948179006576538,-0.37175970358235394,0.15488464866397014,-0.7042985771058261,0.0021111944378109553,0.003866178241615569,0.0015147739678039146,0.8113143763749613,0.004658220295748365
2.998188018798828,-0.09017521319757674,0.06830763801102518,-0.8262288412242119,0.0029222166442639465,0.0022426427258277317,-0.0002933604878431006,0.8339374080568502,0.003695247879039892
3.0480620861053467,-0.3950245375710804,-0.16012107780193963,-0.5135196659827281,0.021112246187547343,-0.011660955917292383,0.0019494082864861873,0.6673721541918822,0.024197211092521896
3.0979111194610596,-0.07067832373046393,0.17719886441005236,-0.741496030599617,0.0035420051324137982,0.0004963650285782792,0.008149109662946389,0.7656443210711803,0.008899447561414552
3.1481759548187256,-0.15002282044363668,0.45999737922703027,-0.22519737719739874,0.003995344621262777,0.0021067679902371152,-0.009973599246747672,0.5336837024363658,0.010948695444758105
3.198184013366699,0.02605446491309308,0.20508439677431228,-0.7505690944674653,0.00484773433346948,0.005434868838836043,0.010245425411829179,0.778519370672241,0.012570086289783572
3.247866153717041,0.33526630687852765,0.3033761242336926,-0.6638140299783092,0.0038936592930035934,0.014167558494754345,-0.00243239066464587,0.803174723008056,0.014892844615376058
3.2978851795196533,-0.016595558391854448,0.40306949812574255,-0.6335804064018422,-0.0015098264445023305,0.006350715085626116,-0.00036598583735513037,0.7511088897450215,0.006537973969393134
3.348206043243408,0.5675555377258643,0.2944686012843611,-0.6658755721488698,-2.386571312283577e-05,0.02250722765658673,-0.0061642886347135035,0.9231583413100094,0.023336116230635796
3.3985769748687744,0.3034712130500435,0.5678267417790542,-0.7046125554756983,0.0009218483806236669,0.008573827604473052,0.0009695419187068073,0.954463639518801,0.008677576606415657
3.4484100341796875,0.13675883073647402,-0.054590422107515316,-1.0084853393159596,0.005910307320297211,0.009991943098103084,-0.0001728854921071042,1.0191789693599012,0.01161036385689397
3.497853994369507,0.2725670380044542,0.012614673096543544,-0.21394164766187146,0.010531491986763047,0.011118880915270116,0.0037244689543354235,0.34673181104151746,0.015761139085326944
3.5483930110931396,0.15255425128066263,1.229634540138482,-0.6563965141552586,-0.014798800175666154,0.004250254167344027,0.00835541213551444,1.4021876784797942,0.01751804952272438
3.5978710651397705,0.12016154870593046,0.012029637921956722,-0.6869373613578638,0.0027946858396101447,0.013113206821561006,0.0020844927106236383,0.6974714678072828,0.013568771939560138
3.648409128189087,0.04969252933588529,0.49631151301077403,-0.6349627521811982,-0.009162254130248357,0.007000094968428228,-0.0007886637295521181,0.807447931495501,0.011557258359688008
3.698035955429077,0.0242989166114373,0.30593941391086854,-0.740460403314791,0.0018890953027633642,0.006640969372302463,0.004961619810433924,0.8015428692276654,0.008502283599720275
3.7477481365203857,0.021725232176690718,0.5711746579234028,-0.5473811394203897,-0.011314642320980065,0.004828981598398469,-0.00042369104023292064,0.7914155592103376,0.012309334191050214
3.798038959503174,0.20957982073808046,0.08132943158740585,-0.4766263694238707,0.0061600290680787146,0.01442621017475918,-0.0028581716903719957,0.5269828021227225,0.015944611739943496
3.848155975341797,0.20991489491707566,-0.007705403552605338,-0.384703468940602,0.007560476542002002,0.011595178825167682,-0.004965787030982115,0.4383154062623035,0.01470605379994408
3.8980610370635986,-0.06660867540987261,-0.1465470422287879,-0.6055802856870386,0.015540639656487465,0.0036091137550303704,0.004018619311489825,0.6266101129399837,0.01645255251321871
3.948073148727417,0.2303273312957168,0.015664913542637885,-0.6132150091491115,0.004469845179576308,0.014909552538343524,-0.0009863563882283456,0.655231803641925,0.015596383290609597
3.9977610111236572,0.1754962018342827,-0.13750027214403268,-0.2356815268536042,0.018611447014479632,0.003310224358311932,0.001616586571336258,0.3244241418236141,0.018972530074235466
4.048130989074707,0.09048797909294409,-0.04458193702790213,-0.3167144699317763,0.0011835535984445025,0.007712664558072861,0.012628036811569888,0.3323908526624205,0.014844302187038243
4.098067998886108,0.3403794671270366,-0.2566427936525878,-0.5490448282034828,0.012921277548789797,0.015066284822560566,0.002740117864945913,0.6951071345860881,0.02003648167122097
4.148138999938965,-0.06434168717604186,0.14241339021899743,-0.9508541377218922,0.0034822631329192648,0.010781424144610238,4.004926932466978e-05,0.9636104076052578,0.011329910284589491
4.198048114776611,0.2857890858851105,0.43726532681486874,-0.5385888221067269,-0.0048391429813748645,0.004713988813859375,0.011105560491750285,0.7503027968386313,0.012998941078691978
4.247766971588135,0.13326882146747596,0.2011131950915149,-0.5015968887105218,0.0017790142817792369,0.0108002154486854,-3.3928528546362836e-05,0.5566026722710944,0.010945807265699803
4.298060178756714,0.38648716018485973,0.5301931018273517,-0.832399794549326,-0.010435230865492579,0.0172106344895141,0.003792701974081054,1.059889837756182,0.020481322491772338
4.348592042922974,-0.4180653066476503,0.42604752913155663,-0.6458244222428663,-0.002450615673785243,-0.0035991078474751606,0.0010206696451258252,0.879422698175815,0.004472232217007572
4.398236989974976,0.21407533219417657,0.07452573571414273,-0.7828697253956215,-0.006106466473387495,0.019480202765724517,0.000989219880277842,0.8150259750945347,0.020438830410664
4.448202133178711,0.2040152620165623,-0.04539657624935925,-0.4479020196074984,0.006805168345495447,0.012398981969852715,0.0024931726686227324,0.49426642151710687,0.014361788887698962
4.4981300830841064,-0.1911632443454699,-0.1298035811380806,-0.7198007028073996,0.010385295573880087,0.0004594624540577547,0.0033538545134496837,0.7559797665460251,0.010923086102422196
4.548225164413452,-0.12561777399093937,0.6142827728211416,-0.38204353492086623,-0.007026669098672061,0.0035247776745582888,0.00842286710730205,0.7342209563218011,0.011521407317883009
4.5981199741363525,0.1113983662334677,0.6227194917107235,-0.7403199138853064,-0.012169172148709525,0.009952965963157935,-0.0007265229475859915,0.9737878291758915,0.015737792661046114
4.648367166519165,-0.04070830755249091,0.28125036908972967,-0.5172711353868729,-0.0030203352847135924,0.010901708860263303,0.0033456653870748768,0.5901934970171409,0.011796743541685572
4.698131084442139,0.19545949780273744,0.32411388053909107,-0.18302964766035423,-0.001681439448628474,0.001308917032146977,-0.005595099088006466,0.42042130626560775,0.005987122532657843
4.747972011566162,0.07612245334112726,0.6236030575429511,-0.5547411207145244,-0.008353219388053144,0.009903104043958371,-0.0037230841459173743,0.8381008962476987,0.013479951758370388
4.798129081726074,-0.2871550888386377,0.4541957975599207,-0.5715892911806378,-0.0015770160350231273,-0.0015403888037486383,0.006290015450026473,0.7845165296916327,0.006665138528418293
4.848634958267212,0.27091697167003065,0.32803158462454435,-0.3138731828072721,-0.004269224976682184,0.014653615642141585,-0.009640321513004979,0.528693768580373,0.018052438399375585
4.897964954376221,0.5490718676180156,0.7427224869375013,-0.7385322451603118,-0.010860658061470102,0.019677390196165906,-0.00502249316762009,1.1826015751527195,0.023029959098511923
4.948150157928467,0.11639383415047794,0.1108777715897444,-1.0180041828472728,0.000920975099936907,0.01599925018255778,-0.004109588147379207,1.030618222794212,0.01654427140371732
4.998151063919067,0.504097363389262,0.2590777014110105,-0.9400356090969739,-0.007138938724502755,0.02325145364823303,-0.0009635158848046905,1.0976804423486541,0.02434179339589434
5.048280954360962,0.07807713697882598,0.6393504820029596,-0.5458978257102945,-0.008834761910858765,0.007468168001688816,-0.0004853851478900004,0.8443160037992021,0.011578521065524807
5.097923994064331,0.602571021684235,0.6008498381174173,-0.5061621088596752,-0.012232383483554666,0.020819034740668728,-0.0012464616510717466,0.9901072894310915,0.02417885604964604
5.148243188858032,-0.362507455172372,0.2367670242444726,-0.47651037454051515,-0.0012208231470303256,-0.008473585294410182,0.006635941612778823,0.643841918385153,0.010831794772159373
5.198141098022461,0.2974664210848821,0.02700913525406959,-1.1460477628495638,0.0038692041298810037,0.015172846990097497,0.005411341718980786,1.1843315582186904,0.01656709526691933
5.248398065567017,0.17645833111531142,0.6551396635103819,-0.5737295559886388,-0.009607254639880717,0.011717847413745167,0.005424677300153778,0.8885443853513554,0.01609454608052453
5.298151016235352,-0.10038812977856101,0.48362682999914086,-0.6786428921626291,-0.01090876049119101,-0.007832144869941954,-0.0010662059553620718,0.8393621759278368,0.013471464057673077
5.348140001296997,0.17884490732557218,0.4940529652037225,-0.4435882545492285,-0.011470002277741418,0.012503472436641624,-0.0030261622582814507,0.6876368030267972,0.01723529614595285
5.398457050323486,0.0166467076604529,0.3998614737855755,-0.4404780817926516,0.0009757971827202526,-0.0012246524619454542,-0.003914650001688729,0.5951363302921767,0.004216211383466845
5.448305130004883,0.24072598869680584,0.3400674609358703,-0.6016410539813071,-0.007953868519876239,0.013003332742545056,0.0021467056324365455,0.7318243214441307,0.015393473679360267
5.498183012008667,0.2829523963911959,0.02996572723695807,-0.3600275322922928,0.008421401664331052,0.0086526123220156,-0.0007923882386013861,0.4588897770062416,0.01210023078737624
5.548293113708496,-0.14725267149178858,0.0007356839402831369,-0.266158638501528,0.015549694107159652,0.0011009478966816726,0.0003662620411218411,0.30417809148805514,0.015592922143723098
5.598283052444458,0.025597501108712648,0.20759561436503082,-0.5910544855338801,-0.0021804305034017063,0.00921802857748874,-0.009554369178884203,0.626974143036477,0.013454081107306292
5.648336172103882,0.22280747209311577,0.26926580421655416,-0.5619570856918079,-0.005266219193612875,0.013731630577225692,-0.006355834172826441,0.6617726264361062,0.016021465942199067
5.698369979858398,-0.0004453567520440356,0.6697976829774147,-0.35531442207304637,-0.0027161974546902464,0.0082360226003142,-0.009438973207874742,0.758206748187889,0.012818112657670366
5.748350143432617,-0.42123675448544723,-0.0855712095699917,-0.6150847512216954,0.011275457622468966,-0.0030314713027225163,0.0007979007930876548,0.7503946204645655,0.011703093972575525
5.798779010772705,0.018027128088442687,0.2841019627867713,-0.7251542552369531,-0.0007225872922887263,0.007061653718392842,0.0004378812745002303,0.779029907317218,0.007112019800592975
5.848190069198608,0.10777001366791746,0.18752730248323685,-0.6308936308382839,-0.002561319016587499,0.00404198603173578,0.00440366594970715,0.6669390065477767,0.0065030977220160305
5.899003982543945,-0.04594524315534933,0.16127747135242715,-0.6814275539827376,0.003014374220443645,0.002819800260192298,0.005909382535424509,0.701758433836982,0.007208226369796941
5.948178052902222,0.3074096193814397,0.42616952691854226,-0.6652077125955412,-0.004602077436742967,0.011281970397918837,0.0028512308585570663,0.8477160141573403,0.012513652152832271
5.997963190078735,-0.14241479332593387,-0.07717036205542088,-0.3373174028668538,0.006551481567093409,0.002449723777628952,-0.0036984752947354055,0.37419282250555336,0.007912128463088395
6.048195123672485,-0.2479959204564777,0.03703183847253205,-0.6030787096104661,0.0037040560193765427,-0.007565917774736283,-0.0019484081783858766,0.6531288261967436,0.008646353982942811
6.098037958145142,0.006799492334583674,0.80582097531819,-0.5310887082567002,-0.019302312688026152,0.0011137896854923955,-0.0004533528956405661,0.9651159999691941,0.019339734522940855
6.148259162902832,-0.015116569882348663,0.22604020847123432,-0.7437698817596755,0.013442717585479986,0.005402188270618414,0.004311106686995572,0.777506478136053,0.0151154204394333
6.198196172714233,0.045125627696010764,-0.3991317347448039,-0.5170876060420044,0.025321125404104427,0.0069138154744697415,-0.0016811953692697174,0.6547687044121814,0.026301837464615545
6.247997999191284,0.13147072492695103,0.19140209696823368,-0.6172853204117918,0.006551425631816328,0.013985240099545075,-0.002275331092512686,0.659515337981266,0.01561042119968896
6.29827618598938,0.42244564496423076,0.4833389511495001,-0.833607406093423,-0.009777386738844498,0.007362345487950307,-0.009110823887134984,1.052130301883445,0.015258064570163017
6.348268985748291,0.036757084588393704,0.5292318131173221,-0.11163070121259694,0.0005909379365213203,0.005649295033640792,-0.0025392621641238664,0.5421243480384391,0.006221864219033521
6.398007154464722,0.14764639643627261,0.9627855570795361,-0.17793525139741986,-0.02073706773650079,0.0034486281147465456,-0.006235677841203674,0.990159805784618,0.02192721351018685
6.448397159576416,0.2784318743747273,-0.09190212210488793,-0.7034171532676532,0.007769961048411924,0.007144162498133459,-0.008837363128894776,0.7620800484374163,0.013766275442744995
6.49794602394104,0.1540144462698125,0.45665069708482897,-0.5314241574187126,-0.005419304336521927,0.008121872023061428,-0.014121559267473145,0.7173994312069433,0.017168345895734686
6.5483551025390625,-0.05420863424880683,0.34987908596722517,-0.45927386576063906,-0.007444844912797411,0.008922184179640186,-0.0020763506843876063,0.5799020905248603,0.01180433473244401
6.597929000854492,-0.11360794185811805,0.49022778744075973,-0.3303375062757473,-0.0052171217677049325,-0.0014411268401821108,-0.0032980357953121763,0.6019575700037169,0.006338157951306857
6.648337125778198,-0.23342172496690153,0.1573385318151107,-0.5308188172046727,-0.002809320928324009,-0.008417613392130338,-0.004871081749287029,0.6008408541193134,0.010123039894514319
6.698129177093506,0.17944121481617303,-0.09671174956873914,-0.6584167952189206,0.008678955943311051,0.009377651725687303,-0.005398832833831717,0.6892495834642952,0.013871266132616722
6.748577117919922,-0.17179013266462348,0.6188614555926426,-0.5277408325380097,-0.01011791500108019,-0.00443635116573162,-0.0029165796787217367,0.8312711574613214,0.011426279038125422
6.7982261180877686,0.42160886961259214,0.28264761033784236,-0.7334859826723369,-0.00801317281219655,0.01926577273182036,-0.0018544995944230092,0.8919895724404542,0.020948033468991642
6.848333120346069,0.5136683224683973,0.4523235204229035,-0.5488034308918649,0.0005168792054574913,0.01615655174173162,0.004742172155394741,0.8772895293994727,0.016846053693600965
6.898344039916992,0.6528657089060763,0.2542949559765826,-0.7924141867267509,-0.0054691332803588,0.024476178597876645,-0.008481028755719579,1.0577427862322597,0.026474942612757922
6.948347091674805,0.04002497811455316,0.4353453561115574,-0.6535555214824949,-0.0009154937525334833,0.0002905327774462157,0.0038909140788623694,0.7862966346241251,0.004007711376183152
6.9979941844940186,0.04352446168197211,0.3061798594006936,-0.9568229695189961,0.001623083881757164,0.006405640584887524,0.004223140601333465,1.0055598838788686,0.007842292338889775
7.048336982727051,-0.038278322639675386,-0.030227376871033794,-0.6024697758602546,0.011132297525505753,0.006430132421803806,-0.005152989382826544,0.6044408615586111,0.01385019677614138
7.0980119705200195,-0.11646932173409746,0.6063310303949604,-0.35477361584616324,-0.0013298768410334898,0.00426304171838767,0.0011136939993674159,0.7120861884811249,0.004602435380237066
7.148231029510498,-0.25074671549698924,0.2845208023941041,-0.2384257901134262,0.0025026140793952788,-0.0024024208359677357,-0.00041066907243855316,0.44796524387358944,0.0034933296710354914
7.198354005813599,0.3469399002252225,0.1872545504589843,-0.7826302627507727,0.0021138092155273294,0.01407169891400226,0.006069032698931093,0.8763228224856564,0.015469778848667343
7.248347997665405,0.13312536926681068,-0.11783940017401454,-0.6197142877663242,0.009682604650669429,0.009391895386123663,-0.003241362010666027,0.6447125612530895,0.01387324617561604
7.297944068908691,0.1860146454091387,0.8088393510144014,-0.8191378073639521,-0.006201501532655683,0.006360096122888601,-0.0028826218110253213,1.1661086105115204,0.009339108761402894
7.348406076431274,-0.0011797865598323354,0.22041545510149627,-0.9220398398826116,0.001361501046533273,0.001574394506411813,0.003891386828829379,0.9480199528884814,0.004413082212367867
7.398266077041626,0.12420764369891152,0.32077757849045846,-0.7858564295161643,-0.0035611043589396274,0.011292770181928698,-0.009882396630660803,0.8578438794019178,0.015423031018668565
7.447962999343872,0.12133575406458687,0.2979139734725777,-0.7278669714021796,-0.006636206626494695,0.01647103432161067,0.0012857971441067294,0.7957797615313065,0.017804142335675757
7.498805999755859,0.21060087379593467,0.9126046803201787,-0.7789223351416458,-0.014031781828106006,0.005113150177086884,-0.007092623440108495,1.2181625650004277,0.01653301283094482
7.54823112487793,-0.002016415113408089,0.26635769190052255,-0.6641403162380554,0.0016465103422769465,0.0059646719835776615,-0.0007715575502539535,0.7155647040046536,0.006235672315978053
7.5980141162872314,-0.025773956849591034,0.9937671721354113,-0.5908973183837897,-0.021766874373772158,0.0018088460906127261,-0.0025400685882196413,1.1564588752475595,0.021989103952093275
7.648238182067871,-0.4336470097389742,-0.09910886956577933,-0.7017364064447144,0.0066669060038915436,-0.010024007684594846,-0.0016459584439635112,0.8308467254627064,0.012150619116933771
7.6982550621032715,0.04695255616558067,0.025637969522204776,-0.6897052306192104,0.0027117919681957717,0.0076298968164123055,-0.0019474845509735686,0.6917768087723104,0.00832837542286312
7.748236179351807,0.10851158715691105,0.3624602450452719,-0.8759876429272085,0.0008084625019644375,0.00835265506939787,-0.005085769392251147,0.9542046658588277,0.009812517955987603
7.798433065414429,-0.19283294050644564,0.44654104078812196,-0.6022506411487918,-0.004685127676609314,0.003328125561399261,0.0030028881817672484,0.7741377647529104,0.006484148250215069
7.848490953445435,0.03840499966424514,0.18594901576297906,-0.7413172337040953,0.0010736880203262573,0.005021999635119154,0.002215017608481181,0.7652471636335044,0.0055928158655556255
7.898437023162842,0.3179370529444858,0.4909398573081291,-0.7427724695102405,-0.011453179820717115,0.017085236314275037,-0.0015408021742792392,0.9454188778478522,0.02062655325692026
7.948044061660767,0.4865882461250043,0.46524429791441047,-0.7561660652373596,-0.012163061679754048,0.018663169802676266,-0.0065205109169416825,1.0124265386809215,0.023211441987239487
7.998149156570435,0.28650143716176735,0.02926675917830875,-0.5423294511269783,0.0026823451320000906,0.01984623095342161,0.00013056564332325341,0.6140528073775485,0.020027104280223113
8.04806900024414,-0.029971613955303046,0.7155778602847556,-0.6446100186588285,-0.012636045527153944,0.006085982516080868,0.0018968245011502512,0.9635725441958847,0.014152977529075397
8.097983121871948,0.3222319623154385,0.1990418870836277,-0.6786854905564086,-0.0004036357277530779,0.019977906360635282,0.00023975239760099052,0.777216253975213,0.019983421768235435
8.148215055465698,0.4648539576948475,0.4645218980836579,-0.3949642956715439,-0.009254188670388628,0.015654959326853856,-0.005422944367690143,0.7667245859101729,0.018976988303934322
8.197930097579956,0.025417195825978754,0.05680708797852953,-0.7074987611494769,0.003674080716523952,0.0038102484658896992,0.007371157293092805,0.7102306499414827,0.009074735385831544
8.248416185379028,-0.3705559083202098,0.478905821010385,-0.6430178421437787,-0.0013865140417750692,-0.007380610583463496,-0.0001094997513960594,0.8832521791107498,0.00751051422795594
8.29823899269104,0.18066226466123103,0.5065852049964523,-0.694575654540144,-0.007117349732091709,0.009993547001231588,-0.002281573899253694,0.878466142588143,0.012479312013588187
8.347954034805298,-0.004361477418748039,-0.10017945022474634,-0.7235195130796725,0.013844278163429487,0.0016917126482336518,0.001476632660537428,0.7304350967332095,0.014025204938423184
8.398580074310303,0.4303378924504478,0.5627946433658245,-0.4207041254811482,-0.007115916951593967,0.012522769888132357,0.0019452858284698215,0.8239663060324837,0.014534103917598167
8.448194026947021,0.10431141011467701,0.2948213914408141,-0.6042997792114386,-0.005704101945963125,0.012696531835761422,-0.0036289891875101146,0.6804254156674364,0.014384306107334792
8.498269081115723,0.14627384211255678,0.8498059812634466,-0.5427249436936064,-0.01849471206685448,0.01195640062168353,-0.0032084403462111807,1.0188800749767986,0.022255425848930477
8.54830813407898,-0.2868695907851704,0.09003960701065186,-0.733345365746459,-0.007842253014208439,0.0025520814379345743,0.002036979331357186,0.7925886186475879,0.008494900635150945
8.597980976104736,0.006259811475379476,0.1365609638077544,-0.6239974717652884,0.0009969825443786778,0.0042286473877914815,0.0007125094703571582,0.6387964674646237,0.004402624520603607
8.648131132125854,0.1453585170328274,-0.04535932942945922,-0.39189928468876817,0.005568771193457392,0.0061303915084410625,0.0029632736545922235,0.42044216793732897,0.008796243709893873
8.698285102844238,0.3454969894745856,0.13559986435851118,-0.5592851611311718,-0.0015056978212292385,0.016346469890561786,0.011078317765659623,0.6712342247022043,0.019804124023264123
8.748284101486206,0.20814374089489024,0.7450269247432685,-0.6894621302748328,-0.02332235110813366,0.011448590887280369,0.0033899742866357846,1.0362176241259564,0.026201034715816744
8.798273086547852,-0.21949226718510984,-0.08442599728179287,-0.5069079008397639,0.010869907014079591,0.0038299829980422487,0.004574876994986701,0.558802491319483,0.012399723697699394
8.848268985748291,0.08256231794951135,0.16820243761099238,-0.4671802368799232,0.0024186822204200664,0.0096757414199463,-0.0013609347986199487,0.5033547159753817,0.010065889887890455
8.898669958114624,-0.08301015682214123,0.3773001275928147,-0.7857856219822169,-0.005437858477565678,0.006181905547278617,-0.002007093806517112,0.8756169916871019,0.008474354640069438
8.9482901096344,-0.030931666757940304,-0.014344364554885258,-0.6472877945478923,0.0007244970028290819,0.004116018002453599,-0.0001823513533717273,0.6481851724419359,0.0041832705052036664
8.9983491897583,0.1066874416587149,0.37361019213024566,-0.6222204516689478,-0.005149475052425384,0.013619205584020784,0.007104402572583935,0.733570089593619,0.016200999659549145
9.048357963562012,0.25739059027582106,0.8518835614053071,-0.873308366392677,-0.009901271572196243,0.006709472992602821,0.001609432877577932,1.2468452273504405,0.012068242654681621
9.098071098327637,-0.23460973284809714,0.49295099993294283,-0.4338262639305786,-0.0034856815995305303,-0.0016621662340408534,0.0027427495644225964,0.6973145935357353,0.004736607222055847
9.148102045059204,0.06115504202142241,0.1985130273025733,-0.5691730375354274,-0.003185903795272453,0.006497549343725168,-0.008048027715133424,0.6058921585816894,0.010823071679076625
9.198251008987427,-0.1782409609123267,0.9177995591013342,-0.8038664771109945,-0.01698807955725528,-0.0009967608444265063,0.002955470387480488,1.2330154840294563,0.017272034750888232
9.248033046722412,0.05326006304051835,0.5030982566632789,-0.4533415744888285,-0.008218297157028445,0.011274472849603869,0.0035219419520179348,0.6793107340037551,0.014389517758113386
9.298283100128174,0.11290269786922609,0.47223597362834135,-0.8255085441197418,-0.006990332082976153,0.006065232291185959,-0.0033723011680595635,0.9577150883167462,0.00985008632167386
9.348381042480469,-0.2418231017028769,0.13552296014684298,-0.7955140967430463,0.00044380219853922464,0.004005577549020015,0.00403473390676081,0.8424295598808649,0.005702691433964036
9.39911413192749,0.13746338568689195,0.3123796327966029,-0.5960184159360693,-0.004784964521740852,0.004240519733171256,0.004624436472913613,0.6868152368181598,0.007890710093125154
9.448630094528198,0.2523939423058246,0.3947473279875146,-0.48253883077707277,-0.004748685318115787,0.012225842672200548,0.0023328974218069973,0.6725859634824851,0.013321548396360012
9.498656988143921,-0.08651937568246448,0.35087364119732023,-0.9011551978498993,-0.00023499380998774782,0.003791922091634612,-0.0004119568598100167,0.9709163738795635,0.003821466170739144
9.548195123672485,-0.0056341248549903605,0.2567633144237119,-0.9440706049206509,0.0073352252362447745,0.007232663534993199,0.00817506912251966,0.9783805241683704,0.013150996397035354
9.59801697731018,-0.1520625104526111,0.1993135612084405,-0.8958856907569739,0.010460174417856587,-0.003927891930267034,4.192601046492235e-05,0.9303010661446334,0.011173421215464482
9.648584127426147,-0.17802264875907978,0.3031731742303643,-0.6316154213698646,-0.015326906149319022,-0.001687293720547379,-0.000424710163243728,0.722872103180324,0.01542534897278484
9.698343992233276,0.46612544830967595,0.5864825776802699,-0.5236643208027726,-0.003295905318304774,0.018340277714834034,-0.007120642577593965,0.914034500643285,0.01994824125687053
9.74826717376709,0.17977590805468727,0.4069183961392025,-0.6785169384382885,-0.0006510150895684566,0.017478507850819603,0.011845677658989914,0.8113489964134155,0.02112444405277216
9.798289060592651,0.292850472058531,0.615363069443176,-0.7366044325774582,-0.006797325823187915,0.012866834583154003,0.0018280309216446708,1.0035034610364781,0.014666314042298227
9.848297119140625,0.15317696304136702,0.2707281062718957,-0.4147447649092127,-0.004299001837221976,0.007731861681692324,-0.006279488669988463,0.5184304288443545,0.010848736323543561
9.898171186447144,0.2253212813739496,0.3839957210333611,-0.6425299884416592,-0.0006804984982976971,0.010450668421989419,-0.0008292019696920882,0.7817078608142355,0.010505575880411957
9.948333024978638,0.20776345408880012,0.19709620121893393,-0.6357400678846603,0.007500215182104844,0.018999749892786275,0.006605619614888698,0.6972646551373703,0.021468067781309767
9.998332977294922,-0.17748112993008783,0.45071534699386223,-0.7448061860213525,-0.005642393398840884,-0.005116794441577474,0.0005505032047096465,0.8884706693148243,0.007636834580049309
10.048338174819946,0.07527845589704588,0.3251157562466688,-0.6204696314560123,-0.0018028778483935091,0.0030176064640502474,0.0013831224519675874,0.7045208758023048,0.003777478659799771
10.09810996055603,-0.2533979738241899,0.048052648805814654,-0.8405036276485482,0.006752821105101383,-0.0029321733689033386,-0.0046827299787314605,0.8791848146355971,0.00872503258426689
10.148583173751831,0.09401044743799172,0.2835866473954211,-0.44460017101445076,0.009987608214896746,0.008121108731649122,-0.008925915863484608,0.5356572251678727,0.01566450442521393
10.198065996170044,-0.00042444536362983704,0.10320498995795345,-0.4161234306864981,0.009765721716920864,-0.00023937548762078666,0.004310545650081301,0.42873087091133144,0.010677425957497823
10.248492956161499,-0.1406965799078966,0.41831016665774473,-0.6254218783069714,-0.009081983151961301,-0.006127842668634882,0.000509465291206823,0.7654615921076834,0.010967790507982711
10.298302173614502,-0.11321151094665133,0.39361493984960694,-0.4428987510123071,0.00022608367381851625,-0.00011684006416962366,0.007939798298866894,0.6032485977869282,0.007943875782944499
10.348114967346191,0.29801188035056303,0.6802852708182985,-0.7607970542428731,-0.012784720675703102,0.005547259788480424,0.002777706982907055,1.0632080174015983,0.014210447916921299
10.398581981658936,0.11445060158729006,0.042688992972855104,-0.9012171738447851,0.009506641377899545,0.009875957919729167,-0.0024896639262616976,0.9094579070839456,0.013932307834166664
10.448122024536133,0.11638957175722374,0.13177136039658122,-1.039199137746201,-1.2230882437542393e-05,0.009902581832832907,-0.001168359450739484,1.053966352274608,0.009971275763741056
10.498622179031372,-0.1499470180580425,0.36097132761612755,-0.7093542511318384,0.002641704408657499,0.002081498685211839,0.005234551980919966,0.8099184287224608,0.0062218786069974255
10.548354148864746,0.13221289892894553,0.8699449404906308,-0.9466765772481945,-0.014447304274215212,0.000990072642277641,0.00248113037433228,1.2924708863408876,0.014692203802125058
10.598961114883423,-0.04131324875243571,-0.5143316185585731,-0.6224398146884026,0.02466191121250656,0.0007094872033740821,0.003610716700801804,0.8085017756819679,0.024934925543076268
10.64875316619873,0.18573919860387947,0.10559352840160946,-0.8874415658565971,0.0008600514854212709,0.019865945509532856,0.0008470410390300376,0.9127987598306221,0.019902586717989827
10.698532104492188,0.0032706531233357705,0.07267288629709132,-0.7089952797541162,0.0008458288516957855,0.0007966830378562622,0.002668886983150342,0.7127175824183242,0.002910856925030536
10.748417139053345,0.3871465348283353,0.41511529175973183,-0.9341514869507245,-0.0025880358318929545,0.014114362992720005,-0.0002632343086931055,1.0930883520807475,0.014352089201879251
10.798309087753296,-0.16655914144695597,0.5706752889852208,-0.6437005920255345,0.004042995267148999,0.001937005806668699,0.010833078843706934,0.8762206829514675,0.01172405217743542
10.847963094711304,0.09567008026007504,0.3186940166211826,-0.8251305002062268,0.007029586259123714,0.005651746011405362,-0.007382191894731908,0.8896960058681223,0.011655645547224865
10.898705959320068,-0.18787049832076372,0.38744006479146825,-0.5812625474540457,-0.001495009833954483,-0.0031276276600109235,0.005086807646931063,0.7233749214741108,0.006155706394895906
10.948107957839966,-0.1268021668608031,0.2828505876444563,-0.6535186923856048,-0.005395835094850488,0.0006315425684670864,0.002147429680157016,0.7233048636286085,0.005841689534528982
10.9985191822052,-0.368482533912107,0.29368342750382187,-0.967715439762189,0.0019805441803455873,-0.011203247989509151,-0.006092338161479781,1.0763375426615978,0.01290549902322899
11.048745155334473,0.42342246653317317,0.7701913971704973,-0.7867466006999705,-0.012951767748683101,0.015213370850196715,0.004863782709097106,1.179598061694507,0.020563349014271846
11.098145961761475,0.054759973773317656,0.01869064734810584,-0.49106219354227226,0.0015312161027411404,0.012308898538050592,-0.00279092632511582,0.49445937442068355,0.012713885154646564
11.148653984069824,0.24127827158445214,0.1795572530659926,-0.6629643609359531,-0.004534365801952504,0.017440554740517977,0.003620245501080052,0.727995711071571,0.018380413498368605
11.198167085647583,0.4015843322649376,0.6237074860120461,-0.504164731142519,-0.01302218136972626,0.015311877332108235,0.0018481041843928007,0.8969186586063147,0.02018529871307199
11.248430967330933,-0.3968217488621921,0.4847179177295417,-0.7410774798780024,0.0021883590620403967,-0.011178934928920019,0.00809408587969156,0.9703683791841335,0.013973966071136164
11.298094987869263,0.2568171450501268,0.8495768512552858,-0.7856339107689907,-0.023223065625864476,0.015245364279947311,0.0006406634315277602,1.1853086154798345,0.027787449662104627
11.348129034042358,0.05959470726642879,0.8895035604371817,-0.9442088569376543,-0.02469410707486594,0.008848938860202856,0.002963014537402519,1.2985755575568585,0.026398524548266158
11.398375034332275,-0.22484548047221617,-0.16715464152732779,-0.8661770088389883,0.007649745269317153,0.0011386220174612529,-0.0060259123067110815,0.9103618922792012,0.00980442154908997
11.448485136032104,-0.023559155205350096,0.6416573762867444,-0.40666832792325414,-0.009990067287741454,0.0036086796252370913,-0.006815411451185377,0.7600383880259429,0.012620374253569185
11.498571157455444,-0.3461920781048322,0.22606994749423878,-0.6347181906438767,0.00566268527399703,-0.007865088764835632,-0.005111323951361176,0.7575115561077777,0.010956790512136523
11.548200130462646,0.13614679493252646,0.45409000316435744,-0.32647466201282377,-0.005837200804976736,0.009215185255353616,0.004065728941452632,0.5756034969322138,0.011641421921461025
11.598169088363647,-0.18094820831487649,0.1400663699120005,-0.7802061947495791,0.0024069432482906146,0.004361302664736772,0.0006035126523555284,0.813069829964381,0.005017824653720479
11.648199081420898,-0.12756286474184403,0.08108838156749024,-0.7134210927060192,0.004590998588815497,0.010327670517647967,-0.0007479261272909135,0.7292580240245775,0.011326845980037218
11.698179006576538,-0.27617784835751297,-0.18094760260780252,-0.9631068126341182,0.006453413432673895,-0.0017185471330820458,-0.0008088214054043472,1.0181311169761718,0.006727119832995444
11.748418092727661,0.23710858796934553,0.9573589249914832,-0.941961933148055,-0.014856059925557455,0.010436475291136981,-0.0031990941618135443,1.3638360888500076,0.018435203727391148
11.798216104507446,-0.4616275192838237,-0.024533083678644232,-0.5002381439804535,0.002078571882510854,-0.007391709501829469,-0.0012064393625995005,0.6811314406543932,0.0077726010039001914
11.848420143127441,0.12855562878643853,0.4290013629693275,-0.5867005743071649,-0.0012992842708964274,0.0070765900752865814,-0.008153517028919114,0.7380963914114297,0.010874102567619887
11.898432970046997,-0.10274015033171535,0.19260764160644941,-0.7109371001386553,0.0002687775103185615,0.0012168132448509875,0.0036424350155583704,0.7436967140232249,0.0038497024125851
11.948194026947021,0.3171055773607988,0.11719780460512033,-0.5197993743753522,0.0010819095626051533,0.013108446365452475,-0.002642626664523845,0.6200666594799248,0.013415862629948665
11.998208999633789,-0.141286217556056,0.09237979488445186,-0.4884625092935491,0.009085318431560565,-0.0014603031447203894,0.0003801244711928955,0.5168089054568827,0.009209776918630225
12.048447132110596,-0.24107272467227578,0.8185111343268024,-0.531595148191415,-0.014961196564967234,0.0010226745028728073,0.0036676509737411664,1.0053208130634301,0.01543809993035406
12.098203182220459,-0.039461270903662776,0.41287169296395854,-0.6322056585783231,-0.0004095487862754249,-0.003116873368716134,-0.0026177873289537318,0.7561112494142042,0.004090897249330793
12.148427963256836,-0.0184812962786993,0.18704154400643008,-0.7261125145714425,-0.0024712427026043517,0.006594331745186826,0.0008947326378763449,0.7500436529387564,0.007098788499035251
12.198171138763428,0.31814510600608586,0.7707539706584192,-0.1674712950081587,-0.0021723947136235,0.010722809847155065,0.00899008336355761,0.8504849360294706,0.014160492530054887
12.248557090759277,-0.3136877750889586,-0.026601964923874878,-0.22490067691476393,0.0069848834298020844,0.00038608848562727405,0.006424128404140055,0.3868953337206217,0.009497741131423657
12.298256158828735,0.020020889422132867,0.2591879972235545,-0.5936026571067675,0.008161658458353566,0.00222101764338493,0.00011258006410649207,0.648030376172464,0.008459211691042828
12.348446130752563,-0.19689464033068108,0.3639043380458257,-0.7437998686527331,0.0012457265160144243,-0.004254430943453817,0.008950452635639568,0.8511357772102768,0.009988123927352226
12.39841103553772,0.2772527364700802,0.5072079196758252,-0.49862656835888153,0.006983640408327026,0.008296843113494648,0.004811897256744286,0.7633854913052648,0.011864366574420433
12.448189973831177,0.4498145643022582,0.7987069075835599,-0.4064691034690728,-0.014696396204722642,0.015461619303624862,-0.00036298918358669156,1.0027377516355287,0.02133488912658821
12.498435974121094,-0.4313970994608339,0.18493092130448868,-0.6937458473548477,-0.00022127944147412468,-0.01162392423818406,0.0003039542341917597,0.8376074282143415,0.01163000290037561
12.548410177230835,-0.19585972342029367,0.3332270308280286,-0.44592126557348233,0.005023620908358622,-0.0004557104885636781,0.002513235212811521,0.5901246143175135,0.005635671239098376
12.59845519065857,-0.08286728187455691,0.3533148819919196,-0.2626120604150181,0.0023525776735036264,0.00026700833326865844,2.4826006926372137e-05,0.44795478177787373,0.0023678115403305542
12.648435115814209,-0.09829641902238435,0.3943210436026066,-0.516606026812974,-0.005839502999976768,0.0003660490822523524,0.0024169308223818946,0.657292216871583,0.006330508811899332
12.698539972305298,0.26275311820992053,0.3857763604196193,-0.9720935724426525,0.0034587420480403277,0.0111277607846473,0.0022445727445610207,1.078345267051311,0.011867100043432796
12.748456001281738,0.38420535858583665,0.2029383374008928,-0.5544996794815212,-0.0032772779603804396,0.01050984827096225,-0.00020071137306478367,0.7044626469148096,0.011010801358825846
12.798310041427612,0.09642511787131805,0.33740648564123854,-0.6866043464869807,0.006058190119484239,-0.00012804009388229373,0.002267518493383519,0.7710813631025475,0.006469907411029474
12.848098993301392,-0.288746999891499,-0.05247993178707962,-0.507155224711898,0.0047670974699313235,0.0023680620163405363,-0.0026777489585732726,0.5859482870862356,0.005958462510262247
12.898445129394531,0.14779920542845204,0.6320263778929165,-0.45006633915267596,-0.010902190705484854,0.000953604568309955,0.016902508723082913,0.7898491356683331,0.020136085145463504
12.948153972625732,0.011975843597361722,0.7929944656220085,-0.8421226865739885,-0.015188764610160069,0.0049885120562643895,0.0029266594778028943,1.1567861784182916,0.016252666200268794
12.998533964157104,0.1306689607917274,0.05717490746956387,-0.6063861035434662,0.011103445962617028,0.008185102387737524,0.002147331056033555,0.6229345502772908,0.013960424205829458
13.048729181289673,-0.0945476452698936,0.2748625105481404,-0.3530228392491005,0.010824717152583435,-0.008310414542615831,0.00019845156496603515,0.45728960403928326,0.013648328627608296
13.098232984542847,0.3250167687243676,0.4639833223927907,-0.6142619207741694,0.0023886654046589443,0.013864807303893728,0.0016690618601545677,0.835604051404643,0.014167722875696785
13.148931980133057,0.2112259278662027,0.16554436831019448,-0.8338976648364339,0.009058755094428422,0.002489307424878775,-0.0020954611025892165,0.8760174917784559,0.009625417006491402
13.198920011520386,-0.18672307165287985,-0.08832992285059205,-0.4521671477277412,0.006402535519923225,-0.00019458894739116364,0.005076399183506566,0.4971144840401645,0.008173136155273047
13.249104022979736,-0.11647947435894375,0.5313233088439331,-0.37432392473036125,-0.004038089813123591,-0.004038397093811954,0.006891697738205402,0.6602956361307732,0.00895043675699386
13.299122095108032,0.06390738696609255,0.39993820281036485,-0.30488682747215884,0.0034217428211958402,0.0008183412724473947,0.0006868874313180686,0.5069424994435329,0.0035846646587789524
13.348267078399658,0.2383679454817135,0.46082834080375973,-0.5263106158631562,-0.005347811368838745,0.008648544340417225,0.0005747335012972919,0.7390432338445255,0.010184631767636825
13.39848804473877,-0.17039599937411462,0.1668238021995537,-0.48229063523173543,0.007762150292599999,-0.0024177351483231743,0.010796664193235087,0.5380234515476532,0.013515338623720539
13.44846796989441,0.1921449397856763,0.4919745772954271,-0.7979372883465176,-0.0061270298906870675,0.005771721769834495,-0.001621717069160018,0.9569025962573457,0.008572236214790115
13.49848198890686,-0.0030612273837739012,-0.007716506352414505,-0.6920848399007118,0.01295541333020235,0.002243231973660203,-0.004299081381715792,0.692134626502515,0.013833182026224175
13.548482179641724,0.14744285295555232,0.7718328032721788,-0.7022685790748102,-0.01786051830390386,0.010893764724872584,0.003263848186195542,1.053872111904673,0.02117368482214409
13.59828495979309,0.2567276892985186,0.13954091342346275,-0.9366210496272203,0.005922463644427808,0.01897524588007928,-0.0017789870856384808,0.9811420710459862,0.019957462936954266
13.64906096458435,0.20113586063043587,0.6785259900507353,-0.5346321033226645,-0.008119642790263419,0.004370556374245379,0.0013617221940911662,0.8869524448971844,0.009321193560688142
13.698469161987305,0.34263882280203867,0.9791671891616411,-0.5566342754550075,-0.013988402852494112,0.004811136155939668,0.0023397544547740646,1.1772898809695074,0.014976544874679554
13.748605012893677,0.2611407021463603,0.021517571497986627,-0.7449100447536592,0.011573801858968724,0.009130409730860446,-1.4711543912777599e-05,0.7896508386467804,0.014741692160453741
13.798174142837524,-0.30942152248962684,-0.12681863855084047,-0.8253451030235383,0.014651722461351534,-0.004626606181738061,0.003840504505857669,0.8905162462013944,0.015837548127942122
13.848510980606079,0.07456523702382487,-0.05305908455691625,-0.5017673340045936,0.009972724463202073,0.00517405736881908,0.0026606934212720966,0.5100448004837561,0.011545795440626023
13.89850115776062,-0.04154788975163004,0.4171247288793047,-0.5111811402987896,-0.0015574749864248187,0.006616842627005677,-0.0012216830926709932,0.6610789852828616,0.006906579780384539
13.948637962341309,-0.19573639247357838,0.20388773028515944,-0.6354543291630577,-0.0008549588123319698,0.006603983804844143,0.0009023487916687415,0.6954747632743234,0.006719954613481689
13.998667001724243,0.4315942544118536,0.8691870174986469,-0.7016044830463273,-0.017272984092576982,0.011567485237410531,-0.000813091930152408,1.1975009488347894,0.020804418104503834
14.048490047454834,-0.047492366913924354,0.18410560112539875,-0.6032217462443956,-0.0026964088595065583,0.007475220233594565,0.013177044561354045,0.6324767761925881,0.015387788718665111
14.098296165466309,0.0767782760902796,0.38651335460605807,-1.271109155954506,-0.006320120646565191,0.009746825052436299,0.0002366093499891285,1.3307914800296854,0.01161897188112794
14.148679971694946,-0.0744969701489459,-0.4269670548990804,-0.8514689566377204,0.01763504853605071,0.006075934881125728,-0.005645803207902965,0.9554318649952467,0.019488124984485093
14.198307037353516,0.2431733807626912,0.10669500217276177,-0.825035023136899,0.007042951888023987,0.008304515711029048,-0.001513944096144993,0.8667178929748167,0.010993642672836026
14.248730182647705,0.22561950183284143,0.20372344290796185,-0.6447905832334854,0.00725514581296705,0.01083981532562668,0.0003874605762174278,0.7128550322640301,0.013049477489893112
14.298593044281006,-0.07358686452926182,-0.0797624139356255,-0.6664680035730834,0.015476241365971085,-0.000231952953983531,0.00036819627497937304,0.6752456361167968,0.015482358266348346
14.348320007324219,-0.2507364774780728,0.5417149304370357,-0.7966165856769656,-0.0012757954509569585,-0.007698003044104234,0.0026559236773309133,0.9954505671162887,0.008242623094593582
14.398507118225098,-0.13949736422484824,0.7347049994543553,-0.7399609942810431,-0.0013519112317173115,-0.0068530489161600485,0.004681902749661944,1.0520424059448812,0.008409052073986574
14.448546171188354,-0.15356463331564224,-0.2719918750217791,-0.9879064675392684,0.012721095420843605,-2.636800965510243e-05,0.0031849006204349153,1.0361085200350135,0.013113754456302284
14.498641014099121,0.12092456364356138,0.0528785741250034,-0.7631477317771882,0.011670614644716179,0.0051564828835123045,0.0054235689546317176,0.7744761805314263,0.013863897796762068
14.54853105545044,-0.2176984125922809,-0.0013240809884115315,-1.0086418448354653,0.013641848870057325,0.0035929500491752447,0.004350300933602466,1.031868559065908,0.014762603051706537
14.598328113555908,-0.19786612364071057,0.2035685218775285,-0.43617616639837026,0.0030892028824679105,-0.009553507928797477,0.0016142968341812957,0.5204236679071981,0.010169495683832708
14.648338079452515,-0.016460213779833005,-0.4330955789356428,-0.7289464638518514,0.020155487894623986,0.004994366557612113,-0.006213573234458874,0.8480599426298803,0.021674775245019543
14.698314189910889,0.5870569293277255,0.5794351742935973,-0.7288676199689534,-0.016152226294157235,0.01856385936178238,-0.004250921633450986,1.1007401904716463,0.02497161635528308
14.74864411354065,-0.15575582945629016,0.1647986102438975,-0.6557696434210137,0.002150076635473516,-0.0031067170922424166,0.0052879901767679685,0.6938676282839981,0.006499027676447826
14.79900598526001,-0.10224798887673558,0.12304434763384536,-0.6430820954443127,0.0031201112073729062,0.0003834392527107829,0.0057375963361901705,0.6626832910184349,0.006542333782676965
14.848366022109985,-0.08772904656836158,-0.012831809764003499,-0.7462237399988892,0.004642474709559817,0.0034081107936805035,0.0026228144906219435,0.7514724952328882,0.00632826567576935
14.898745059967041,0.03177698206515209,0.7708581629929789,-0.23299559252469332,-0.014072685032888546,0.0043328623899560005,0.0021804901413530224,0.8059274348091222,0.014885183834327282
14.948275089263916,0.09015030137840879,-0.031174277736567793,-0.8024080227433932,0.007830650010677148,0.005209369126850839,0.006545274104882038,0.8080578861653269,0.011458499875531004
14.998648166656494,-0.1693008353160737,-0.2917621880057564,-0.4676861164179079,0.020981606082166235,-0.0005981524708478297,0.004226840882309265,0.5766439548618294,0.02141148673048972
15.048279047012329,0.06715840308759734,0.11616803317826997,-0.6891290583424049,0.007372490915348209,0.014033572576870278,-0.002488393892505999,0.7020713084079662,0.01604639790518229
15.098607063293457,0.09161248512733189,0.26784188546134274,-0.651202615899248,0.013732172265220976,0.0013356858560960862,0.0021902863585404686,0.7100682854435313,0.013969751828872544
15.14835000038147,0.16746752539031948,0.04742246937225534,-0.6975877767570164,0.00807089553738183,0.006395410140761273,-0.0031811226391396403,0.7189735523247825,0.010777762610538833
15.198304176330566,0.06537241063394719,0.07927319232215924,-0.6912557019903414,0.006647559686567258,0.006625716274005781,0.006206805684745851,0.6988506540221588,0.011252315438979333
15.24892807006836,0.2006118608067351,0.15799556119579972,-0.8758078382079814,0.0056703219900404,0.008761718675594284,0.007308517695105579,0.9122757727356647,0.012741063398345711
15.29908013343811,0.41187427573997065,0.361266296137238,-0.79961981107365,-0.004100467227261472,0.007833640556649158,-0.0028622662305677763,0.9693016032187833,0.009293671170601668
15.348407983779907,-0.21259862158187484,0.08786682086303879,-0.9164012261745325,0.006181535373881496,-0.006780403595886969,-0.0020066240958678547,0.9448332971700759,0.009392113327882212
15.398738145828247,-0.04522117890443029,0.4564238300971003,-0.7767785065428532,0.0003149791782451338,-0.002688870175915726,-0.007842712603604064,0.9020823221463541,0.00829682925510626
15.448594093322754,-0.5684581267908545,-0.40560875690459414,-0.5748398320028105,0.017236202697358965,-0.008451576366575644,0.003985587502016976,0.9044909828457532,0.019606140217817945
15.498375177383423,0.07485546311541103,0.37321661094048914,-0.5426670999059445,-0.0019639471175290414,0.006385441960389921,-0.007834964704316822,0.6628586277332864,0.010296486256381314
15.548487186431885,0.10887735076604041,0.07980515132013768,-0.9915600783017571,0.004090723219187717,0.011027519930083525,-0.0035007705421443006,1.0007070143497787,0.012271740164016519
15.598381042480469,-0.4261517367883588,0.34239082330916143,-0.8290551784108758,0.0016422294443971328,-0.004887139028137557,0.005628006681700301,0.9930605558091355,0.007632529373520514
15.648552179336548,-0.2741601913425762,0.05644126406024505,-0.6766136724401207,-0.002984794069019632,-0.0020677438064575808,-0.002785544557769337,0.7322263915884372,0.004576441692725564
15.698381185531616,0.1492245721280377,0.45249637830302236,-0.3459510505598893,0.004881228018697343,0.004013989681470394,-0.0002643873299916595,0.5888149749179609,0.006325219426527976
15.748569965362549,-0.1522681495574356,-0.14170298825041222,-0.32610864455489347,0.012792948565557176,-0.003755399487984261,-0.0021532248416447778,0.3867973297505709,0.01350551500439802
15.798350095748901,0.5691304965771197,0.611976777110656,-0.5767591097215836,-0.0028478866255424243,0.021431840676535925,0.011230082864770051,1.0154192082601639,0.02436286137065934
15.848389148712158,0.44630453527040276,0.3837744114931231,-0.7314622096201039,-0.0007171020950932157,0.013559888574228266,-0.008817710192336225,0.9388863089970734,0.0161906400922355
15.899185180664062,0.18253186295067247,0.4438046701701628,-0.803290238630894,0.004027026129078025,0.0033557500966753745,0.0004424623606771183,0.9357113196583489,0.0052605865733993855
15.948583126068115,0.1496739239454251,-0.09502727160180925,-0.8108154355488514,0.018165806227559863,0.009979321664450848,0.006279579433390152,0.8299723708543427,0.02165678865021514
15.998404026031494,-0.08013477737977856,0.15578082669083998,-0.900277807873583,0.006205534663655818,0.0007011891293899619,-0.0026122888251800024,0.9171637693781042,0.006769370691812416
16.048577070236206,-0.18205756063517578,0.4151544932114853,-0.582363674218795,-0.0017374694116838523,-0.0033547324903894487,0.0019208522457252143,0.7380011230802638,0.004238242960062486
16.098598957061768,0.11305439707642823,0.003010840137933103,-0.8042167770809885,0.01012228065496302,0.00705988591003829,-0.004258679984701181,0.8121299073394498,0.013055225388046359
16.148601055145264,0.052106564402414506,-0.3141269995374002,-0.7019212053253662,0.017450725616072055,0.009935879331824802,-0.003619897010583413,0.7707686062480799,0.020404734180852428
16.19837999343872,-0.1544033195704561,0.2429096126327437,-0.6246683346124245,0.010538850501669845,0.002253744891948814,-0.002529592394977788,0.6877906609363245,0.011070030425399092
16.249165058135986,0.05724686532682416,0.27378112412696654,-0.8318713050227275,0.004500966925091038,0.007799800770663497,-0.00035759250465389945,0.8776349899805663,0.009012406322519586
16.298403024673462,0.002264416025180113,0.15239768999334813,-0.7391748207796369,0.004447105450770567,0.00493177120875334,-9.554272203930503e-05,0.7547248499750436,0.0066414036586776104
16.348605155944824,0.05003915115710319,0.05687678810751121,-0.8663364939610592,0.006534374673295425,0.005333416070254075,0.002673563385472603,0.8696423439798056,0.008848238272424
16.399166107177734,-0.16763722927848326,0.36652229765501315,-1.153195750584489,-0.003757389040180563,0.0005319212025121749,0.008154746318939934,1.2215978366404385,0.008994487205572946
16.44874596595764,0.22363635213189348,0.21159989721645533,-0.8709615214285211,0.011178639904036463,0.008623224948527193,0.0003553660741559782,0.9237757878976689,0.014122616034704024
16.498618125915527,-0.062348869970654294,0.35730420690220205,-0.7248833932353729,-0.0017411256644386953,0.002293209812768733,0.005953085940243305,0.8105612941937564,0.006612833132377409
16.548628091812134,0.043001848069049914,0.1317534008483438,-0.7750399457514763,0.00369129255827373,0.005784818602861672,-0.007963474333461352,0.7873341317908867,0.010512216249605941
16.598603010177612,0.36184310345471493,0.27299233840590453,-1.1376137283349446,0.0009637638638988122,0.017458920652313737,-0.009319606088126677,1.2245898265305801,0.019814081072989282
16.64884114265442,0.10747904564883644,-0.29003438236368084,-0.9595613863121,0.015914414662762666,0.010078583460779784,-0.007308877062450023,1.0081814034725425,0.020205596317561806
16.698382139205933,0.11373991230177011,0.4142842153385844,-0.8689680349220014,-0.0021473993756414116,0.01111765449536815,-0.0005063201726742644,0.9693676415299437,0.011334457449483044
16.748635053634644,0.3921751468462758,0.12443216235862453,-1.0082361373921627,0.012611971143837964,0.01095996126897314,0.0005446073738962615,1.08895583821228,0.016717630344701816
16.798604011535645,-0.12615047365659018,-0.1921765309482668,-0.8224092871009335,0.013970082473016815,0.004282872706943625,-0.0014050010565385806,0.8539337190677962,0.014679244902093866
16.84918713569641,0.3961028135097306,-0.09196264181559724,-0.6526625393570951,0.011025926671727132,0.013512467603496673,0.000415218110071667,0.7689752639975358,0.017445063650923787
16.89841914176941,-0.03499912926548997,0.16746908437639207,-0.3870709174114587,0.015606972140088922,-0.0003097655820569232,0.00019843385173301574,0.42319585108665453,0.015611307123071164
16.948435068130493,0.4104198421212033,0.17669043866136408,-0.7271533440184527,-1.614796616958487e-05,0.01830891015400088,-0.009029601540987154,0.853472872233416,0.02041445947785749
16.9986310005188,-0.16435304327492026,0.3433171517008853,-0.749632295297984,-0.0015348851393520305,0.0037744698153326494,0.004595729488288895,0.8407301396045347,0.006141923502241712
17.048617124557495,0.10835169201586906,0.4631206063107387,-0.8657064317859402,0.0019214399397959184,0.009862143432701894,-0.007916512806473316,0.9877592880797794,0.012791598005897624
17.098647117614746,-0.0028779036270340647,0.532306992357236,-0.714080467861929,-0.000570986354482749,0.008222762995942169,0.00041922293652573497,0.8906570221042466,0.008253217831546106
17.148658990859985,0.5071573762584217,0.3687088624105745,-0.6377175086780458,-0.002128257606837458,0.024173447491873907,-0.004937959392728612,0.8943368774617089,0.024764258257571194
17.198641061782837,0.19947014796282148,-0.2817753137761956,-0.8645759040740945,0.014131202704515424,0.016267274510519902,-0.00017799099068611175,0.9309549727497679,0.021548707401361226
17.248675107955933,-0.11432937869767529,0.18201742351160533,-0.8542465276173072,0.010777006023998626,0.007420430039251474,0.007293486033955781,0.8808738157315306,0.014980039363641083
17.298419952392578,0.028751932506407292,0.3717777689952343,-0.9119248148950242,-0.006285723833906867,0.00753808332913183,0.0021284194408670654,0.9852168548919831,0.010043066947369261
17.348695039749146,-0.04585318771059141,0.14498809244877955,-0.7992052186290675,0.011463632057864388,-0.0005308862009507326,-0.0040849726579683075,0.8135435103662828,0.012181284896627478
17.398669004440308,0.08825120117918742,0.1908176799303113,-0.6738906232092207,0.00554945669184159,0.008049681138790904,-0.0006682204934736395,0.7059236740136061,0.009800018093796029
17.448453187942505,-0.08691253379176234,0.6262244618522609,-0.5932067902544631,-0.01206261355458215,0.0018946710096150897,0.008565149093846897,0.8669516486842047,0.014915032785806782
17.499387979507446,0.41983626114428585,0.25395435118348064,-0.5084517930951514,-0.005509646192201515,0.018558779101870884,-0.00017207815341793291,0.7065964368423537,0.019360116058695618
17.54868197441101,0.328589866098734,0.8153182166451707,-0.9030750966472988,-0.014999928012225298,0.013463400777952038,-0.0011526965938252153,1.260261768316715,0.02018885113910935
17.59865117073059,0.27376766826801174,0.4291039270976009,-0.5938655184251243,-0.00162187022144726,0.011404492062772878,0.0032552461604373442,0.7821477932039628,0.01197036047034963
17.64870595932007,-0.23935259891715635,0.0476110838185146,-0.8018912589025027,0.005346749763104464,-0.0027426149512854354,0.002792631452619768,0.8382040759952265,0.00662634591841033
17.698769092559814,0.027143370719362955,0.5814575349653205,-0.40470702927035473,-0.009480186742704084,0.00643024264090762,-0.004413277804513372,0.7089551516723688,0.012275951371576022
17.748852014541626,0.24031688319316769,0.5128024547817619,-0.839560671775112,-0.010614892722435789,0.01728435838968233,-0.006551144201486423,1.0127095751346271,0.021315310994692794
17.79836106300354,-0.156153338530083,0.1825344617671358,-0.8641332695449273,-0.0019821740277507814,-0.004336208916738507,0.0040649285123798016,0.8968996612782918,0.006265410238496005
17.848797082901,0.1747578216739562,0.36152525756757925,-0.9929567580534048,-0.004431085207385007,0.006557552416517215,0.0010245996409885833,1.071076062406148,0.007980339230558494
17.898693084716797,-0.023560439121210593,0.5413412513828991,-0.7630091367740928,-0.004282459715370355,0.002766589342082447,0.0021217955060645406,0.935835662678621,0.005522272536832079
17.948862075805664,-0.2392868713066134,0.24623020534654044,-0.5291360307850225,-0.0030385775801366577,-0.007052354931534081,-0.006567166255904113,0.6307713213833009,0.010104273176410458
17.998735189437866,0.37077051915513437,0.49290130973277724,-0.4309731124717341,-0.005855085230331936,0.011245689794166161,0.001968772926581307,0.7524362449300466,0.012830573987063231
18.04832911491394,-0.23464964809786462,0.6000797250049092,-0.43789960150444734,-0.014076002509985539,0.005677682330351313,0.0011187717513060408,0.779045694880713,0.015219118684635557
18.098634004592896,-0.2531918245926829,0.18494362764941166,-0.3762517202240748,-0.006938997527954637,0.00018978784372739754,0.0027815354220223094,0.4897709693522796,0.00747814451736205
18.14865517616272,0.1521094635845812,0.40500664108381645,-0.8559238607355404,-0.0004245496757024068,0.008477631354060329,0.00165353430310631,0.9590481341467784,0.00864781194835058
18.19902801513672,0.16475790655765024,0.37349509323921165,-0.7585949077816998,-0.003316364783262307,0.006747746323950956,-0.0005638641636018521,0.8614580585027645,0.007539781072620776
18.24863910675049,0.11056108570099912,0.28560640310398727,-0.7535471694650584,-0.007038520618212408,0.007658070458026724,0.005188639286956092,0.8134052543315554,0.01162363081327203
18.298419952392578,0.14265599727762732,0.11184796387387358,-0.7189203271745283,0.011415063609511267,0.011859665480428336,0.007094790320550005,0.7414223744983264,0.01792460298610326
18.34902310371399,0.24797716851326423,0.6534128668325815,-0.9077544350523874,-0.003541886724749753,0.010694753551741315,-0.0043494134349720244,1.145626101746773,0.012076427962429833
18.398640155792236,0.20624792582880958,-0.1325847085856321,-0.6300250908011561,0.006562785614472705,0.003981294976941254,-0.009518915933136028,0.6760536420273381,0.012228271556399885
18.449012994766235,0.14839564779658296,-0.01963675160770169,-0.8515970348236631,0.011771457363260152,0.013329596048474628,0.0055837131817807716,0.8646527511198501,0.01863929162191939
18.498730182647705,0.1657830754638868,0.3013420440238779,-1.0658106864059513,0.0019315121210921019,0.00768547883840919,0.0052612595577600655,1.119930120527115,0.009512001691740957
18.548386096954346,-0.404114636462215,-0.12956471338029235,-0.6292413586190212,0.012320558723512365,-0.010340009337145033,-0.0008276451669648754,0.7589732154384745,0.01610580506755758
18.598639965057373,-0.6183195240004464,-0.08605913772659003,-0.948697618247544,0.011944869250521377,-0.009149645707675612,-0.00328060194592809,1.1356726552202203,0.015399943737418816
18.64870309829712,-0.1455460952476612,-0.16968090944722974,-0.646882964906392,0.010353504275403193,0.003264440523025724,0.0025844074316322438,0.6844215420037307,0.011159336202563333
18.698464155197144,-0.03725456769556959,0.14826864669405734,-0.4528516652853541,0.008703866875963792,0.002918232666900847,-0.005487946666471786,0.47796038032287713,0.010695369984563682
18.74867606163025,-0.1935785214709898,-0.16227873245069602,-0.7097163192134652,0.016892567068715367,-0.005221748969721546,0.0029849808858027115,0.7533288025414987,0.017931413646515505
18.798384189605713,0.08730114545248016,0.3283614878229718,-0.5892670032268941,-0.001999959169380903,0.0043655299526867445,-0.0012942718164933766,0.6802046440407733,0.004973211033322932
18.849071979522705,0.11273260416156798,0.1716719067821353,-1.0568445073213053,0.0067425925949122344,0.01063425404571166,0.0007554148669064869,1.0766151569964428,0.012614300045220244
18.899088144302368,0.07732689968252227,0.26580334379432596,-0.7807929277487226,-0.006377393780171586,0.009672970539200966,-0.0019230475361199106,0.8284132199628259,0.011744599708197719
18.948721170425415,-0.16653130501059094,-0.10988384195982559,-0.5272514704392138,0.011745770427934262,-0.004216375474485014,-0.003458300006335703,0.5637386339011152,0.012949933745830334
18.998699188232422,-0.34287129370802466,-0.06595875524966734,-1.028492378132858,0.010869198634805816,-0.005990981538383261,-0.00013986707610799798,1.0861435693868846,0.012411724358649472
19.048845052719116,0.30428733045421336,0.20050274027761308,-0.7634620413404929,0.006310363625491117,0.012696557235227677,0.0002830985462897149,0.8459706950607545,0.014181093029109039
19.098680019378662,-0.16759392751058858,0.10434771524813058,-0.8311938681130474,0.011107712413329383,-0.0017287134348705328,0.001281757483908889,0.8543181003611356,0.011314266544707616
19.148693084716797,0.289269428887897,0.16314555241389234,-0.49595580392944144,0.008693826959452587,0.008027641571479642,0.0001790328545491029,0.5968797476986991,0.011834597972219451
19.19845700263977,-0.38126840477647694,-0.08564684194465907,-0.6529540905873982,0.012874738584881447,-7.134317618360668e-05,0.011145910387381563,0.7609533641628172,0.017029248422680412
19.24873113632202,-0.215410331296837,0.6711724273811172,-0.8839022043409125,-0.007977313088469036,-0.0020480834319080788,-0.002168273646536478,1.1305561219792666,0.00851666486729285
19.298753023147583,0.12391292695820516,0.11343557643400716,-0.7795062821604882,0.004342830567405979,0.004508608666333956,0.0033792893119031072,0.7974033404720171,0.007113882603535144
19.348756074905396,0.08666422123369322,0.17703477008664756,-0.47642540183530824,0.006880207976564865,0.0023770293626953886,0.0001222146578043514,0.5155901090746502,0.007280279308823603
19.398930072784424,0.03489231739879111,-0.16485206370795555,-1.0518376940517413,0.016019466101296165,0.010776206366844019,0.0012603054080226439,1.0652493658061075,0.01934782384540643
19.448562145233154,0.028164810831670162,0.600641925485029,-0.7186352596044644,-0.007930435164832054,0.002497717777592966,-0.006463597373992842,0.9370168704811686,0.010531309843186456
19.49852204322815,-0.1312094895341342,0.47018319631181454,-0.6286381138447081,-0.0035277690450948806,0.00422089023496124,0.0074438134688697335,0.7959108281811692,0.009255886114816196
19.548841953277588,-0.13674549434047978,0.13242455736321915,-0.7160180752067015,0.014647195631846976,-0.001428293113397902,-0.0051272014963760605,0.7408896528080119,0.015584240638536672
19.598894119262695,0.09292385277949544,0.5159901553376027,-0.8442819446793051,-0.002167103972991444,0.0034894729204730246,-0.005954733347958791,0.9938272912997398,0.007234059036098777
19.64885401725769,0.10223379838592114,0.15933005403040285,-0.5512377525946865,-1.5618111735477574e-06,0.01056603940971408,-0.0005623959075589268,0.5828386359322665,0.01058099619146157
19.69891595840454,-0.19559608882111748,0.36181404448143567,-0.8305473489984541,-0.005089229947598521,0.0038297268497202077,-0.0014362866990167147,0.9268096523421046,0.006529164470648128
19.748799085617065,-0.23184147436849284,0.0627280769732676,-0.6971302575784363,0.0056596940616483625,0.0017993742193155708,0.0021899355265746117,0.737343798312224,0.006329747393312697
19.798439025878906,0.14134971851107503,0.33992626159790623,-0.5301828842967012,0.0007195336949862492,0.009877288194112434,0.003471794029782715,0.6454637844590955,0.01049437490244218
19.849095106124878,0.19276344252339322,0.5606015072812339,-0.9239224801633251,-0.010593590111760271,0.019812562411414616,0.0011648030184162703,1.0977543186390162,0.022497078628877485
19.898717164993286,-0.6274272570970638,-0.3502419850864491,-0.9667597176384279,0.015532548058159084,-0.008963823784978238,0.0016004772429105028,1.2045574966409758,0.01800476918575291
19.948513984680176,0.47939059062466066,0.15096984547997677,-0.6185020411032904,0.007573887083129317,0.016647538676766126,0.006667384758060348,0.7969642447893415,0.01946685205816371
19.99911904335022,0.28386377393600776,0.2279062808450099,-0.8479012820216965,0.008118212387236543,0.013022189562487364,0.002267380995338783,0.9227440051584371,0.015512053698452027
20.04878807067871,-0.10162079740997246,0.3686875306124494,-0.4537763581673023,0.0022913617147817407,0.004079320184402521,-0.003940439132994043,0.5934393523578667,0.006117046038380959
20.099374055862427,-0.06276121226186883,-0.28631690784206926,-0.6608071395653498,0.012584811159685832,0.0038912765632775903,-0.0006749751607763883,0.7228986216485427,0.013189961966758344
20.148627996444702,0.1593556037006953,0.11398345990433213,-0.8029395486096962,0.008299099233425969,0.010947800911165305,-0.00011254727139048718,0.8264976444516452,0.013738342686258079
20.198405027389526,-0.5087728162478462,0.12543657063721042,-0.9223127984739053,0.0030917759388345246,-0.009850150067324589,0.006968018552032324,1.0607756643300013,0.012455433246027107
20.24910306930542,0.07298345635412708,-0.148743978632171,-0.5936917336001059,0.005887157893143723,0.006556449564071473,-0.003447607468302128,0.6163775065865249,0.00946211689848049
20.29834818840027,-0.641128846207462,-0.11056313265201939,-0.6135382700625007,0.017110133457703267,-0.012905271796988667,-0.004203853910695136,0.8942592535570575,0.02183975949494487
20.348953008651733,-0.0023992854513298807,0.13669915568169405,-0.5594111794466223,0.008210146511029618,0.0010898710366963624,-0.000512720092957024,0.5758761007583367,0.008298024252972708
20.39865517616272,0.2807943930723349,0.5459824611185607,-0.7215683860239259,-0.015503963231071869,0.019247804307446947,0.0004273572847340092,0.9474192708295072,0.024719091422967326
20.44856309890747,0.1483026928736796,0.2873845182299428,-0.5795322354694978,0.0017331857279950318,0.006207712735894824,0.014908152337586637,0.6636574131132076,0.016241694378968174
20.498762130737305,0.1427096792975163,0.3753411616740173,-0.8111069556257767,0.0024333337642115866,0.011055668818645037,0.007087762038090652,0.9050643809566901,0.013356095872080705
20.548552989959717,-0.09592019828051926,-0.16294562287502298,-0.5941310102262548,0.022505230396646727,-0.0022467626335258522,0.004825798722082803,0.6234930775596257,0.023126211770275212
20.598879098892212,-0.05701380652685884,0.12883962392004672,-0.7220798788532371,0.0037367912115058933,0.008152701900067165,-0.0022218770792254215,0.7356966591410122,0.009239420684487406
20.649445056915283,-0.1831157371809251,0.36519969085351206,-1.3614203345337272,-0.001070262900142944,-0.0034239550289788963,0.006351107092200361,1.4213963256898972,0.0072942094850977504
20.69853711128235,-0.11011491079614433,-0.10405970915806644,-0.9073956326300868,0.015229766682194501,-0.0006440111721396311,-0.006358431454801739,0.9199568200550827,0.01651636140768706
20.748757123947144,-0.10579098192056666,0.37696630031078404,-0.9279262930968758,0.0005882056020141861,-0.003065988838894556,0.008310365713079379,1.0071457336682845,0.008877412442575382
20.798774003982544,-0.15040158911859722,0.06445636575864663,-0.7575735641571266,0.01025640106915339,-0.006269299748065491,0.00472866425759403,0.7750438479247118,0.01291735839417147
20.84876799583435,-0.16316419738341326,-0.03645915900454191,-0.6850566473540651,0.0070043955204077005,0.007009480921357019,0.0002388681756362893,0.7051627015569413,0.009912186307697576
20.898539066314697,-0.18791595723675925,0.10703849897649699,-0.5573345285495245,0.0034847017244581334,0.0003114388131597313,-0.0027557957037560787,0.5978222344149385,0.004453599690545199
20.9493989944458,-0.21034028555729578,0.4096264928150969,-0.37145119440374946,0.0031148028510225912,-0.004034222953752819,0.00463197180448832,0.5916188715450965,0.0068870976789137655
20.99923014640808,-0.03581834167226036,0.37850610456622336,-0.7109627998592674,-0.0026239778052595903,-0.00020756480237546046,0.0015063636781003382,0.8062368929649499,0.003032733783301805
21.04854917526245,-0.27542226349852483,0.32523419046896773,-0.5306688477532028,-0.0029601191480814726,0.001329309724545981,0.001382552073130859,0.6806203992361436,0.0035271546534748842
21.09937810897827,0.4037148333324005,0.004951784902981114,-1.0333662960594603,0.007602473659983086,0.01798561903833086,0.0025278234297029397,1.1094395380812698,0.019689336942478822
21.148941040039062,0.5909902634049754,0.42940368935119355,-0.9199045151234204,-0.005139203277771699,0.018322145184313028,-0.0026307721204038743,1.17468350495457,0.019210241446551337
21.198557138442993,-0.08749369329572212,0.10625923678014708,-0.8042554218898461,0.006015243013835206,-0.0020472947980045134,0.005183169638769675,0.8159491132459423,0.008199988537168412
21.2488009929657,-0.10377919029622269,0.5506661693711178,-1.0928620469165735,-0.00905980864247561,-0.007166036112709112,0.0062536333182063334,1.2281493410897075,0.013135453394744591
21.298439025878906,0.1517956018512658,1.0871030285392296,-0.8150896724239639,-0.01929699775376553,0.0015084542335517062,0.003874617011387227,1.3671891140192558,0.01973986356255998
21.349022150039673,-0.09205134343552569,0.023823052288557085,-0.8333522679423481,-0.0010704041661139573,0.007622330563617982,0.0063905791425312546,0.8387591967503447,0.010004258597060276
21.398579120635986,0.31637067193506496,0.6782607848214796,-0.40000426375434744,-0.0022511576987643183,0.01334456070960264,0.0038392406887670268,0.8486056241322888,0.014067152539986928
21.448580026626587,-0.23229827678457002,0.39021145890508735,-0.4949674008440791,-0.0020700976198016747,-0.005227381166736813,-0.003564456695565199,0.6717292609052107,0.006657039098009178
21.498960971832275,0.013680716471084067,0.10490733482588925,-0.5241839123322315,0.012183145032752547,0.002619457446065945,0.006651015594298465,0.5347536674501242,0.014125388087993716
21.54899501800537,-0.2230765167659884,0.7181681207491429,-0.6818438065718204,-0.012536902561838476,0.0022024944846415688,0.005385280190038836,1.0151056883660696,0.013821221021499273
21.59899401664734,-0.14479227472847464,0.3297499051581594,-0.9128233365829151,-0.0007032061412528396,-0.0002311775490302466,0.005510020769751204,0.9812982454805609,0.005559520736480887
21.648941040039062,-0.22020147941889234,0.26848527130024186,-0.9719242080442226,-0.004270654657529254,0.004111007228194262,0.004883570574081389,1.032089966342965,0.007680373245238502
21.698613166809082,0.3208141271613769,0.5234828055789393,-0.639374185216836,-0.002310480622293566,0.014791359538527216,-0.0006043440615509688,0.8864283956670198,0.014982919256563657
21.74899411201477,-0.13217313562518057,0.19775877762202712,-0.7675271158525588,-0.004184192296730013,7.132443786291403e-05,0.001294998179069373,0.8035397597359436,0.004380590443678139
21.798601150512695,-0.2157838522054773,0.5234888525665519,-0.9662743061374597,-0.00198267381340493,-0.006656639060303571,-0.0008639936632958927,1.1199505722733971,0.0069991659560076375
21.848868131637573,0.08044741396580707,0.45325732359996124,-0.569936391759644,0.004666769929267733,0.00019163746988018216,-4.574871880804875e-05,0.7326264249007048,0.00467092704265997
21.898635149002075,-0.038435592286619386,0.19912730510743085,-0.8006567692580681,-4.215679080381816e-05,0.0034226931306904768,0.011016155652711445,0.8259420321987121,0.011535696373719836
21.94888997077942,0.3179416810360253,0.590872940284683,-0.7621130076118783,-0.011006650741537212,0.011676757303038387,-0.006051553318627243,1.0153984343458007,0.017149761491881757
21.998874187469482,-0.014340234509445111,0.4571332460520413,-0.8771063170414859,-0.0052110694447185385,0.007964500499474466,0.010289651720815082,0.9891875142590214,0.014016613196470858
22.048630952835083,0.008693559013842417,-0.03079605292718412,-0.9329936056421313,0.008990145470479334,0.009834793074149143,0.004873932152881284,0.9335422020526581,0.01418806135532977
22.098634004592896,-0.2642592201201274,0.5282932847856984,-0.7613383256909643,-0.005278120439592761,-0.0018102127163241823,-0.0001616287160386647,0.963619622223459,0.005582253066194416
22.14902901649475,0.10839363086149778,0.2948377842786283,-0.6821983509012667,0.0017228458117123494,0.006351721446852398,0.003901978848607228,0.751047993288097,0.007651013133194694
22.198609113693237,0.14560538179275695,0.20984111552349732,-0.9584224993450575,0.0024064690843341005,0.006716094408700079,0.013799669986515285,0.9918709130839491,0.015534732353573364
22.248631954193115,-0.15422023804740376,-0.18650540164773372,-0.9412959773639618,0.013866851583310674,-0.0001908703040190332,0.005797257095471336,0.9719085675457112,0.015031107548597834
22.298588037490845,0.24177179365619372,-0.15548159074366585,-0.835137238054248,0.011293656919819369,0.011773013556368808,0.006820754932095202,0.8832226965226786,0.017682568610491202
22.349074125289917,-0.23852954944563415,0.2629263568865607,-0.7877851751950605,-0.00044432073611596755,-0.0016562449435559535,0.0006807157426473341,0.8640787564577019,0.0018449775477997587
22.398643970489502,0.14056929888934735,0.48291523595809666,-0.7763335258729553,-0.003595880809995178,0.0027397019086028884,0.006503846528668445,0.9250192410458505,0.007920627817046225
22.448899030685425,-0.002114035901153666,0.36581779527016917,-1.2315664716298944,0.0032282015122694356,0.003839563207613292,-0.0008578376801019132,1.2847502101681192,0.005089146894566806
22.498881101608276,0.07386301702401793,0.2478242065409109,-1.047255055070806,-0.0010432471037363324,0.007464506211380904,-0.0051449478870475565,1.07871021734425,0.00912566196281856
22.54899501800537,0.08614389017022218,-0.2112852718803124,-1.1167044423232775,0.018139549776508855,0.015206217759423005,0.004274342143678296,1.1397767533301155,0.024052906797363566
22.59907102584839,-0.00808649713703656,0.19554748964153093,-0.9738341654424806,0.0032024625402152455,0.004628867276635976,0.002958958264736413,0.9933061934389137,0.00635905752440133
22.648961067199707,0.24212708363067467,-0.27289608797472054,-0.5783225016051214,0.01646051437059488,0.011173992053144389,-0.003399914786574795,0.6837797271945169,0.02018331123240843
22.698652029037476,0.08316807021270417,0.5207786496518146,-1.0940895880437622,-0.002374815359397652,0.010564336878131483,-0.00834346807538941,1.2145613844107848,0.013669616717045219
22.749119997024536,0.1494642170586148,0.7461765982530926,-0.8739525993106801,-0.009215332830884911,0.008403988327003196,0.013065982772736474,1.1588408923589968,0.01806292569884064
22.7988920211792,0.22352972016938444,0.3622760368114419,-1.0117388511087415,0.0006485315022004398,0.015152961274217553,-0.0030645716755801,1.0976451910748048,0.0154733457287702
22.848960161209106,0.017540369903395053,0.5115607763764951,-1.2442320178187696,-0.0072638041114196075,0.0023978390148649167,-0.007745005959850994,1.3454052945743291,0.010885660266075374
22.898585081100464,0.025402147279764524,0.3676828796348474,-0.7017177775279471,-0.004452185109191111,0.004899149655989303,0.002897202366381872,0.7926183245180229,0.007226160885978937
22.948654174804688,-0.2705378350300813,-0.12985868154414437,-0.6359561586709623,0.017420758217705685,-0.0038230567544711557,-0.0025815551408284692,0.7032028392339391,0.018021182169125464
22.99859309196472,0.16256628335004258,0.494313561504607,-0.8993054514767347,-0.007693672371885578,0.013618305421419697,0.0031876383887989536,1.0390014382210395,0.015962827932879856
23.0492000579834,-0.21255347976980193,-0.022181275522591287,-0.7120537532720714,0.00807740283885465,-0.010016416736164702,0.0027933097742443096,0.7434322688012034,0.01316721763883875
23.099045038223267,0.09910005194284552,0.27146047824338776,-1.0971168601833081,0.004492109556508956,0.0051937878646098265,0.00897328857709982,1.1345382393034111,0.011299309206237234
23.14863610267639,0.29306744354040704,0.12805744800367153,-1.0928921049972657,-0.0008040043216070503,0.019284513696097554,-0.00861434304633384,1.1387275308948481,0.02113636197561106
23.198949098587036,0.07524095652020622,0.1238302185103464,-0.9468051626291836,0.005416258825781927,0.015836368719762517,-0.0058985248913248885,0.9578283460702499,0.017745958125435567
23.249032974243164,-0.6157360241905305,-0.2053765831037277,-0.678772169795165,0.00914050982393872,-0.008919344138723185,0.0017875360127523703,0.9391709380415049,0.01289569326183678
23.298983097076416,-0.14206467266050227,0.2968487569801568,-0.8100261661749428,-0.004429190376796354,0.006282162098620086,0.00498222790384797,0.8743248513149309,0.009160015442843178
23.34866499900818,0.4125854656657697,0.8312330033936379,-1.0266852790114886,-0.00927153333425365,0.011335579689036087,-0.004830061855771047,1.3839283704543188,0.015420317596769482
23.39867901802063,-0.3956472841510515,0.018134128714904718,-0.6780233187591369,0.01328346788173845,-0.010000948237164273,0.0001943642189468758,0.7852268722232485,0.016628507511416143
23.448970079421997,-0.19798925374581003,0.4951286467248782,-1.1025825649082919,0.002920668985096673,-0.007694764431088767,0.0013891594732355138,1.2247613783289297,0.00834682400752133
23.49879503250122,0.09309583094859172,-0.06963857254626513,-0.8007447736704928,0.011116769622425506,0.010608126665851883,-0.0008986058274110402,0.8091406287456459,0.015392284126467305
23.5488600730896,-0.026068295957152127,0.5129605197234013,-1.2018271752075098,-0.006766171238288561,0.0021341251347702286,0.006028616171244528,1.3069799577331989,0.009310197433829877
23.599225997924805,-0.1207208771053945,0.4075910512597787,-0.6698139194964309,0.0036100431916409317,0.0008425623615318963,0.01163387854644593,0.7933187770293342,0.012210219212284362
23.64858317375183,0.021779727541954938,-0.009894343601581541,-1.2149022385891408,0.007552289636440398,0.008700560539327058,0.0021811831473570464,1.2151377304223638,0.011725800287123032
23.699401140213013,-0.04758783486666447,0.041750022653488025,-0.9302187841777222,0.004907136271653826,0.004156201548228251,0.0012273816292867228,0.9323704482961391,0.006546790309914168
23.74947500228882,-0.030384602937113335,0.17235288788834913,-0.683508090180043,0.003975713500327193,0.009139997119200344,-0.0013939820978226085,0.7055579716796272,0.01006424519100784
23.798628091812134,-0.22498045870437736,0.5573345829505242,-0.47366843402933967,-0.00781687328745502,-0.0030586258516876706,0.0009570044621362325,0.7652449474170173,0.008448346443730196
23.8490309715271,0.31506291416954324,0.34683467623798125,-0.5276366315573197,0.0012624140831590605,0.013982427460708718,0.005424702757029779,0.7056623466554418,0.015050892565341966
23.89855718612671,0.19239974111329392,0.10322536442280832,-0.788206828492558,0.0002984436187727236,0.0054587076065334686,-0.0002912834323403659,0.8178894428484701,0.0054746144489971615
23.949249982833862,-0.07616592556011532,0.4943120134599765,-0.5614794901477114,-0.00018314123761145634,-0.005667637388986456,-0.008983054115865335,0.7519340614201614,0.010623131154914553
23.998881101608276,0.1280672758943259,0.5077778052075237,-0.9114108363187878,-0.012513121984809264,0.008064690331746945,-0.0019360338805971917,1.051146630673226,0.015012184356065904
24.048850059509277,-0.14131836575479306,0.24348265033177213,-1.0135711075764435,-0.002486379976877103,0.00814299953812573,0.0018033827159234248,1.0519415723441716,0.00870302913286073
24.098966121673584,0.04577588968380019,0.9076191519748992,-0.9215489630842231,-0.007357138341265658,0.00258467151853233,-0.0012085770200903354,1.294264443021435,0.00789104998366655
24.149286031723022,-0.1273317803118681,0.41649724863785703,-0.9225370237284825,0.0016704928129637206,0.0006911755008436629,0.006356973195425727,1.020175426360634,0.006609037601534062
24.198973178863525,0.26320558245253084,0.28914145929500845,-0.6416981314600094,0.0013693661009623703,0.011311309393131033,0.0022917529072098946,0.751436260794414,0.01162209168322571
24.249022960662842,0.1063988139017494,0.6358807844484249,-0.9688579884472649,-0.013019339166693818,0.004365495598471329,-0.0003200794846356141,1.1637658189724098,0.013735472144566595
24.29861617088318,0.14324079840501508,0.20747880742346866,-1.0125361703837763,0.0003277529278309575,0.014129581869498484,0.009131249237548447,1.0434533426047445,0.01682653316719731
24.348992109298706,-0.2241732632893995,0.2384413758775905,-0.5147263504840872,0.001299651665886191,0.001360505672963117,-0.002768753843888549,0.6099599639213087,0.0033475465623129413
24.398527145385742,0.041169876369434935,0.7734849912287645,-0.5081755290334933,-0.006893508498609605,0.0012981317418049698,0.005568109450842711,0.9263996754559596,0.008955972772181053
24.44895601272583,-0.25601982526137584,0.8724994163464442,-0.7059978707920871,-0.015299143407639987,-0.003491899763128737,0.001947640527013227,1.1511882452556192,0.015812983797681476
24.49897313117981,0.14705116972830506,-0.07317185573622821,-0.7928076785475819,0.006497388685343161,0.014720307708730687,0.000651126239633161,0.8096432437526742,0.016103648162701524
24.549757957458496,-0.06846712298613836,0.027020029363669498,-1.1123344257460681,0.010835940851977796,0.0013597476284817034,-0.0007247632418448041,1.1147671073442416,0.01094494447301823
24.599447011947632,-0.2008776751899497,0.47339124124797444,-1.1790212310002148,-0.009457276544315345,-0.0007536331248020131,-0.006464121539578449,1.2862900803587343,0.01148010931136538
24.648868083953857,0.23137013965735848,0.636586659937386,-1.063403503494522,-0.010538607373530082,0.007031017857817042,-0.0014265008763112688,1.2607940864311376,0.012748818072295234
24.699535131454468,-0.14044451143880418,0.3601771442099491,-0.5824913099933325,-0.005739555899755384,-0.003477033728599091,-0.0075833624404934175,0.6991054013682539,0.010126186418396554
24.748953104019165,-0.11707913946807927,0.10393104753099323,-0.6341724927754276,0.008244694855053454,-0.003363287876037442,0.0023718073062319617,0.6532104853203715,0.009214779893624191
24.799601078033447,0.41318057284138265,0.4903964659314995,-0.9254289338315387,-0.015812850691885212,0.025401311618614912,-0.011805705527950848,1.1258888005234868,0.03216593791516928
24.849650144577026,0.0399241553853218,0.1910075870866676,-0.5931589920873637,0.004550422423227528,0.002983726050168173,-0.00032335794184511625,0.6244320830979133,0.005451011441083055
24.898633003234863,-0.24747421080970813,0.500347282938568,-0.996365438608851,-0.006797073306209777,-0.003508749838826156,-0.0006684079355694181,1.1420748556089058,0.007678430837728778
24.94900417327881,-0.05218453903660299,0.4412472112955597,-0.8019360667277927,-0.005734520327511064,0.006612993634471988,0.0013236053349317558,0.9168008413550971,0.008852589410950022
24.998888969421387,0.03666232591100984,0.29109288773373315,-0.7948302032406038,-0.002331159926630355,0.010180424651050948,-0.0001580474628371303,0.8472509943422128,0.010445110419701762
25.04860496520996,0.2651464046617018,0.4705706516607709,-1.054657854307356,-0.005394927500740658,0.01126097430041368,-0.0055688213770100845,1.1849230117445038,0.013672108705750906
25.09934401512146,0.09356361918822935,0.3322719511794316,-0.7286629463574691,0.003938319733341124,0.003410499132696278,-0.0008660147912982933,0.8062930545220729,0.005281273357334724
25.14892816543579,0.03288892435041413,-0.017982503270794203,-0.6509386388699093,0.008872755593349177,0.008743606623682124,0.00371045485653922,0.6520169962068639,0.012997843046114324
25.19900107383728,-0.11537130445199527,0.0035458117188272055,-0.3224002028069863,0.010092905986396896,-0.001998464716486375,-0.0016100129061987726,0.34243977783208285,0.010414065201995514
25.249052047729492,-0.4531492172462688,0.11474478335716225,-0.6271881236355543,-0.002421065241083654,-0.005775994935256354,0.01142406712382403,0.7822247252727796,0.01302816119194599
25.298734188079834,0.2613096799318064,0.8156328796217296,-0.9108721163010566,0.0011249533154909345,0.004403711281569033,0.0022142681126474367,1.2502910682720498,0.00505580619566649
25.348989009857178,-0.20833416377252612,0.040690898611526846,-0.8247968669384925,0.006483631588309087,-0.0005418852579071661,-0.0068980583207133095,0.8516740836353802,0.009482316531397729
25.398940086364746,0.06108152590424022,0.6286917915565156,-0.8120557756540012,0.00030446290390977827,0.0014693975401979765,0.0011371087685669561,1.0287948796287592,0.0018827753829251375
25.449053049087524,0.07517763403383287,0.11201541679541561,-0.6489785740975007,0.008829376602956357,0.005272133941116173,-0.002726192809967577,0.6628516575346257,0.01063886341330789
25.499190092086792,-0.17118877573664967,0.3587911249736528,-0.7211581179414792,0.008540763854968499,0.0004756320505162656,0.0066631196842562085,0.823471735623615,0.010842879552984864
25.548911094665527,-0.4713331175387806,0.35276935121887526,-0.49364524458078257,0.001940075838732804,-0.007737163984084444,0.006878500146738835,0.7683012106885116,0.010532870693468824
25.59893798828125,0.13743738928906804,0.02273273579626988,-0.4547152827503928,0.012282877570552011,0.010409813628195612,-0.0005865096015349425,0.4755752323430516,0.0161114026298032
25.649106979370117,-0.1681759979791607,0.2570954630314362,-0.7888522250734787,0.005947116933008566,-0.0024566372778671614,0.00565749385086395,0.8465630965326881,0.00856799295065345
25.699275016784668,-0.19995407855083402,0.6917936076162754,-0.9490003556025122,-0.010162007799267837,-0.008274130799841857,0.00497075390329625,1.1912857356661117,0.014015564111815367
25.74921703338623,-0.4359532642640004,0.35629806411803855,-0.9360060392260409,0.005166179705947111,-0.005683256616741192,0.0008002471091158676,1.0922961432616707,0.0077219954650025934
25.798763036727905,-0.0754304806353909,0.5509687255066846,-0.7932991335312187,-0.007628341960517402,0.002064618475506009,0.0016944372735790405,0.9688032871314635,0.008082411038179462
25.849159955978394,-0.43667838436449724,0.08249576423190938,-0.8039644902683956,0.0034979136766098515,-0.006158258177958502,0.010829123185186928,0.9186144262419982,0.012939453343760704
25.89874005317688,0.05427203946066981,0.8794607001425442,-0.9627602179535601,-0.0023599315838894286,0.0041165797647093605,0.003932531377684331,1.3051068211592571,0.0061628166512014025
25.949135065078735,-0.2859070911754678,0.3996067222375346,-1.1042308149104412,-0.0012194475169803867,-0.004900466600827267,0.0066167291578633465,1.208616601673012,0.008323624805396515
25.999000072479248,-0.013923706390861039,0.3025831558417027,-1.0736010709242076,0.007408126263633041,-0.0018873014199217394,0.01171042050963537,1.1155131981686226,0.013984855733973697
26.048760175704956,-0.01640231472450797,0.06590743929836772,-0.745073557471732,0.0037928075031125746,0.007885881206644522,0.0034756701682325322,0.748162704581545,0.009415561283286189
26.099104166030884,0.02262677691526504,-0.04558348446741518,-0.9601124976061172,0.0034512321936657083,0.00872343110724424,0.002791186747510573,0.9614602608268428,0.009787746287931135
26.149002075195312,0.2650515500914442,0.6300366456512579,-0.6765423420028204,-0.006727055102715834,0.009683949897562282,-0.0007928305904178047,0.9617213939556649,0.011817814363010357
26.199103116989136,-0.0877831300464296,0.6604196424009393,-0.7215587154378542,-0.012481849093704506,0.004378983027952441,-0.0037884999153005817,0.9820931533281654,0.013759534176902212
26.249170064926147,0.08838238506513464,0.2302670728966611,-0.689157163904603,0.0004951736835797546,0.015489108064207233,-0.003197820953899288,0.7319644577513541,0.015823518080843996
26.298745155334473,-0.3836035457410753,0.6244818164051804,-0.6238981869465243,-0.01403117412292161,-0.00690447516949969,-0.004052733800671461,0.9624854113185295,0.01615457445719595
26.3490309715271,-0.12191271455678551,-0.08071026567422701,-0.9253661536895852,0.007332315362269528,-0.002218765203481981,0.004795654275055546,0.9368454383461904,0.009037923850410265
26.39913511276245,0.15914494913938432,0.21435616523531456,-1.0754661871054678,0.0018293488808738465,0.013190499314613241,0.005826409002690124,1.1081079369890552,0.014535571243105491
26.44880199432373,-0.08559757258186988,0.7142158752101481,-0.7030357835466271,-0.010346343526393392,0.0022797545118725185,-0.014255347174538758,1.0058283023365002,0.017761166292425048
26.498990058898926,-0.4248830677987826,0.13061534913545217,-0.9998147642509011,0.00883857489198878,-0.009916801412207996,0.005360598185157695,1.0941734567909998,0.014324781648359633
26.549028158187866,-0.054327729661842024,0.024046133487421295,-1.0065850407864212,0.006629230315412759,0.001885504693892372,0.008073859011796098,1.0083368301717965,0.010615508554366992
26.599183082580566,-0.22075174913515677,0.30404270633731517,-0.8343989511269533,0.001222079785796915,-6.16484293486768e-05,0.001521282393569464,0.915092843194017,0.0019523267279528368
26.649039030075073,-0.14272498035280617,0.04443234919415054,-1.0227766321354552,-0.001086315337790118,0.004261467186671726,0.009433443448511169,1.0336424395863224,0.010408171736306824
26.699140071868896,0.2809339448443018,0.8992411244326469,-0.7332145603489713,-0.02145898538166619,0.006458188709159556,0.003461829172377048,1.1938015215036408,0.02267554886286989
26.749245166778564,0.0767794431237353,-0.08620653576035292,-0.8394041812332528,0.011152675391272902,0.006034929266464251,0.001078884783297181,0.8473051570514955,0.012726607246629445
26.79902195930481,0.3825117112234584,0.4890955307130101,-0.9733166811898459,0.0011606528468157947,0.011288965955626337,0.00419537438523613,1.1545020611800378,0.012099133589245449
26.848838090896606,-0.3383174600338908,0.16340012362980405,-1.1204349953115715,0.009493414754708874,-0.00047613721120376364,0.007913532270691515,1.1817499240045923,0.012368331469850452
26.899120092391968,-0.23777789875883842,0.3625441747005199,-0.686794481255753,0.004522105414870296,0.002956488678814284,0.006323008993533643,0.8121965693296226,0.00831689277455611
26.94969606399536,0.0635973827924112,-0.018515275579932333,-0.7049185105010088,0.004665434468177394,0.007589010399798622,0.0013818485451956796,0.7080236923823993,0.009014924460413895
26.99903416633606,-0.09900280055335259,0.10175080521190914,-1.0165485589325893,0.0028307493702392737,-0.0038364432072220812,0.0065221249202043015,1.0264140263785384,0.008078957355630767
27.048789978027344,-0.02208695944120221,0.108467283324651,-0.9797119917007905,0.005966404811586898,0.005677749353636952,-0.00425850898819923,0.9859455218274066,0.00927198592001874
27.09901213645935,0.10898968014817978,0.4200549481176724,-1.0421558669156985,0.002504595902409687,0.003314296103935763,0.0035632794856293244,1.1288993581200029,0.005473072262599678
27.149079084396362,0.11514827997053938,0.7677733652925407,-0.9857142068081538,-0.008230688929705285,0.0038432046946393896,0.000989544918031144,1.2547380461021473,0.009137486619813603
27.199146032333374,0.41671047649819537,0.16324048426117563,-1.106177634683466,0.0003800737856655653,0.017849663020561093,-0.0024528451766707626,1.1932828819685144,0.018021414358780314
27.24906015396118,-0.0254935123627826,0.08113833839857028,-0.8663045290021663,0.007704841882580973,0.005660695225601273,-0.008711058756523605,0.8704693481681807,0.012934086884365883
27.299020051956177,0.26159940523062974,0.41676049062816667,-0.5207461489823185,0.0027091655042237135,0.010966850089573174,-0.010452948789919125,0.7164496542294961,0.015390760768107551
27.34918999671936,-0.10408139804965989,0.9116326180159937,-0.5453926135542261,-0.010945928408234887,-0.0009194913239495651,-0.004157120119352688,1.067408108724201,0.011744805690165715
27.399183988571167,0.09514309205158213,0.19961845440812245,-0.5864285095593423,-0.004358731652968792,0.0033651922007029377,-0.0017799175756406434,0.6267360944842855,0.00578715532419326
27.44902205467224,0.1778687907576265,0.5545322537610031,-0.863729779591123,-0.0009854114720427624,0.008704463763602932,-0.00025172589318382655,1.0417161126426757,0.008763680226161221
27.49901795387268,0.3938661035275819,0.5648266930542772,-0.8639102073002757,-0.007846073976590213,0.01536879609051457,-0.015546920371944245,1.1047626654500213,0.023226439743738538
27.54878807067871,0.10854893392869695,0.08744795787036481,-0.4870552853229431,0.011422770731344015,0.009143302447615872,0.004278745235295551,0.5066091860139996,0.015244255692489295
27.598833084106445,0.2516824139828112,0.2891415286309703,-0.9229514965585366,0.009369965464941057,0.011137661916264498,-0.0031233093469678276,0.9993929788060909,0.014886195855625884
27.649051189422607,-0.5062777074484732,0.7211992443519694,-0.7774080264421496,-0.0005950787300787327,-0.00817706915040804,0.008322609375999464,1.1750781704592301,0.011682654039687266
27.69908118247986,-0.08830582321000252,-0.4237669020931682,-0.6952570559656228,0.026524230438991915,0.006240927697494766,0.010993025222642273,0.818998583388532,0.029382487683171955
27.749078035354614,0.14651073060855146,0.15249121501984997,-0.6535074023519138,0.005078293888864203,0.010234397668688998,-0.004301340543178246,0.6868703587798995,0.012207927544465981
27.79871702194214,-0.09076361468364458,0.33135734681212425,-0.9374680894830499,0.0030128787522369195,-0.002619982434339844,0.011296643186903247,0.9984398548915259,0.01198148127837863
27.848870038986206,-0.15295621642062576,0.7452985058811962,-0.5114251018358708,-0.0017197838382574742,-0.004362915310135052,-0.0022279478477885677,0.9167448400718095,0.005191958981560637
27.899031162261963,0.23791796250629912,0.43376638246126625,-0.8076930285447821,0.0015069009705172814,0.0049562599521077505,-0.003084121203139996,0.947167493000327,0.006028852862980713
27.948875188827515,0.13238196006594616,0.5701279164225123,-0.9480836833157515,0.0005346523454928173,0.005637226445265764,-0.007710946223175165,1.1141963449072785,0.009566758426052369
27.998897075653076,-0.12986649794446414,0.2824330522353617,-0.9300761922863836,0.0004666786974457119,0.005537498253333807,-0.0063065527100805,0.9806505288538216,0.008405610209696157
28.048859119415283,-0.06725130964739949,0.7738133064007564,-0.7424792587191514,-0.013445891717228335,0.0035430626311048676,0.00853106413059229,1.0745162732319609,0.016313318242455754
28.098968029022217,-0.30187754711985276,0.27888653954744863,-0.8440050597869222,0.005886413992099213,-0.001838088298109054,-0.0027084314675006357,0.9387503908610508,0.006735283163473862
28.14902400970459,-0.13928938771932603,0.7987886310296074,-0.784321283906537,-0.018161966228955786,-0.0035958970901240296,0.0030262702853620363,1.1281066824472665,0.01876021868274883
28.198793172836304,0.01787736765950873,0.1978871148406908,-0.6077796004401503,-0.0005430191553760335,-0.002752040673142296,0.010011943395004006,0.6394333062998789,0.010397480859059042
28.249876022338867,0.021763966558363247,0.5992802248763061,-0.7102214679892179,-0.006205456923006526,0.002723755555345126,0.002521838157450196,0.9295294464194823,0.007230920248553075
28.29874014854431,0.3453076996186836,0.210377197126522,-0.8543491362915312,-0.006406317477261265,0.020379696826580036,0.0005452833402542524,0.945202845514572,0.021369845116049353
28.349524974822998,-0.4856441665629181,0.7267767057887997,-0.6666943533893009,-0.010118981412093659,-0.00864204152050746,-0.0017567806263979633,1.0993343428798124,0.013422553580811628
28.399492025375366,-0.030426805183028455,0.07230679677793073,-0.906302849540533,0.004028815227344886,0.007014312426100948,0.011841497141818418,0.9096916611793365,0.014340606176404607
28.449169158935547,0.05824573157075777,0.45467459551837563,-0.6295414553685912,-0.010409948596248024,0.007963965698241817,0.003692296999965933,0.778745142574652,0.013617078855439441
28.499751091003418,-0.3226206283093995,0.1851815087316908,-0.5469618786901808,0.00041814972264007786,-0.0028303179089608204,-0.007199065948201154,0.6614707534934473,0.0077467476519425685
28.549072980880737,-0.020742479455767383,0.014617731743358182,-0.775519834957787,0.0036525419561286494,0.0033908535367957425,0.004787943418424338,0.775934883188175,0.006911103575212372
28.599127054214478,0.08027208265143704,0.10706843702810531,-0.7826160831924995,0.00752665138303531,0.011109732837940405,0.005707257362549976,0.7939743013047778,0.014582504290228738
28.649067163467407,-0.38680331489363945,0.32461497364038105,-0.3137680413309818,0.0004566949019511285,-0.0029516646781027394,0.004206838681205667,0.5945099404424908,0.005159300950236935
28.69874906539917,0.08075200533940549,0.2733784104693047,-0.6918069427840744,0.002722882658028763,0.014778892384318846,0.0030966319896332138,0.7482335783438929,0.015343365985203219
28.749327182769775,-0.4785874541141115,0.27312502513724735,-0.6170379271546076,0.00020634816975667673,-0.01038123118686395,-0.00808702131462939,0.8272720436101438,0.013161020259294061
28.79885506629944,0.04759101951487931,0.05571999023346251,-0.9022569008095922,0.0024662539211585733,0.004536337353087613,0.0020379882910106758,0.9052276716432243,0.005551050464456667
28.849195957183838,0.008345862704126433,0.34323947213674305,-0.7772993342843834,0.002959022021937653,-0.0004906545187330421,-0.0014748435344667844,0.849751283456478,0.003342411799019329
28.89905309677124,0.5362695738754564,0.5898698447713242,-0.8382794384728012,-0.017526112536215454,0.028243250108195058,-0.0033736044177877476,1.1568249247839468,0.03340998359882665
28.94911503791809,-0.4112635671991901,-0.006038925778231355,-1.0049137334739842,0.003475562077394982,-0.0014753685531747034,0.012728718053467914,1.0858295455800506,0.013276916336491805
28.999197959899902,0.09219169818983465,0.3145474094784187,-1.044163267736556,-0.002268913829656341,0.002183540390001032,0.0002852288450405303,1.0944022622943506,0.0031618308138189207
29.04900813102722,0.23649731208116062,0.5021914131613601,-0.8736325932419005,-0.012483743497031519,0.008724132545081783,-0.0019319676578501838,1.0350657476939258,0.015352095602712062
29.09915518760681,0.18175938171402062,0.5213843778169245,-1.00770856744869,-0.009602344064814512,0.013449947683304509,0.0018588272895313377,1.1490668819446916,0.01663013358680601
29.148929119110107,-0.28412974556002424,-0.09357628332982756,-0.6788710073779215,0.0061520087794033115,0.003609056648421793,0.0014984402035758155,0.7418571815195578,0.0072881976480516295
29.19896411895752,0.19262683120391155,0.08181620730503512,-0.9154901124580954,0.003237884736699456,0.014800880450542585,0.005567812742654016,0.939106561517902,0.01614157670169384
29.249359130859375,-0.47973226548354136,-0.010768762141629223,-0.9270847741258849,0.012242170160842879,-0.0030439194582451406,0.0030499362584033474,1.043908612475286,0.012978377675797487
29.29910397529602,-0.2402954084988833,0.10439477691827198,-0.8104811210004296,0.0058102882770072984,-0.005002802886006155,-0.0013865727807625306,0.8517745008460713,0.007791666744318027
29.349346160888672,-0.18277365008834703,-0.43110352435222976,-0.6802544076234731,0.0207061545897706,0.0035713749643587808,0.003964525027065677,0.8258344355660482,0.021382633507633173
29.399101972579956,-0.2335447544290517,0.3205274633637641,-0.6288490402488041,0.010266660006949781,-0.005933817237759926,-0.0028041604826382323,0.7434595634690411,0.012185147135830113
29.449130058288574,-0.25067635479420786,0.5618825215154205,-0.6118768355845736,-0.001865458082400526,-0.0017236619301522972,-0.000856887905642172,0.8677233803248763,0.0026805225590331486
29.499149084091187,-0.10985951372858949,0.039392917205921814,-0.8879714802323652,-0.0005109174453686358,0.014130938708821927,-0.007751083840866925,0.8956083208572442,0.01612525243636863
29.548748016357422,0.2608649757795497,1.1234178670179609,-0.6143611635844969,-0.021108035692693324,0.008153332046430782,-0.0062906011055468124,1.3067355810739014,0.023486116250510156
29.599086046218872,-0.006097221874567814,0.30655297902842044,-0.8013289136134231,0.006350738334201105,0.0026951468403070417,-0.003416673393128021,0.8579859747447249,0.0076986590361969795
29.64898705482483,-0.11329527471829516,-0.04903831880594418,-0.6983157100180905,0.005466136580973753,0.0019375766575688994,0.0012422138066245855,0.7091441368599738,0.005930931424926783
29.698954105377197,-0.12977649744207267,0.10906946144557049,-0.46103134456228445,0.014985373275171028,0.002753932686588469,0.004086131846317847,0.4912107362194631,0.015774727601577256
29.749454975128174,-0.3675522849842411,0.6217771880104274,-0.8230066380384795,-0.012492748514778008,-0.003461352815134472,-0.004277651563634584,1.095007525080395,0.013650935193758443
29.799116134643555,0.11383114098459902,0.3973054365300619,-0.3867773681533468,-0.0016120654608241037,0.003388369751341245,9.853145750564354e-05,0.566044054000948,0.003753600014639885
29.849109172821045,-0.015242687132850298,0.3495299431674997,-1.1655414488255997,0.00335943726515222,0.003335445561047402,0.005535351050643495,1.216918398912673,0.007283620465336198
29.899538040161133,-0.3890584087840649,-0.38394345586684336,-1.0881176939803352,0.01699641782956448,-0.004619641776060063,-0.002022370039845024,1.2176941893191597,0.017728770113979126
29.949010133743286,-0.3061441582174371,0.09593920782566537,-0.8338987813348806,0.004131014850368112,-0.005029271305112939,-0.005018756028584999,0.8934851731957718,0.00821868393533007
29.999678134918213,0.009728642676149521,0.7847097114259114,-0.7210522687468939,-0.012835545986938184,0.007469319634161076,-0.001867327892961565,1.065729962025794,0.01496759466447102
30.049561023712158,0.13973356997255,0.5607465495035563,-1.2694613885180943,-0.006138223890079016,0.014320412905585387,0.000981052609788845,1.3948098007598404,0.015611357485317117
30.09935712814331,0.10413321968572853,0.5887720152824333,-0.6621933261764508,-0.010272700574089138,0.011140428515972738,0.011037047392468035,0.8921861995427218,0.01874710483642675
30.149139165878296,-0.14410462090815485,-0.06372999998391385,-1.0509611016163682,0.00587425794288602,-0.0014120402458766075,0.006112531587120877,1.0627073406049865,0.00859440553145389
30.198883056640625,0.022396095307872066,0.24683752715509055,-0.6555027619365114,0.0016785031857094116,0.013128099848223378,-0.006277167689681253,0.7007954200788373,0.014648112942414719
30.248998165130615,-0.5146555199395288,0.5866184920817415,-0.7481715383147256,-0.007792911556007379,-0.01225657328037276,0.002389436655214694,1.0810884377333363,0.014719458774906923
30.299174070358276,-0.2617200561245365,0.4626378095945791,-0.6490874517868108,-0.008331064250056832,-0.005547714502755917,-0.0009492248404383557,0.8389550945738371,0.010054093471833676
30.34946918487549,0.17781547449729776,0.12505454333891636,-1.047094643489788,0.0014407212210129912,0.0074099976465645395,-0.0024522256819512495,1.0694223553888382,0.007937074621924028
30.399192094802856,0.09442098145470601,0.168683813208504,-0.3645314938904244,0.009832215213334425,0.006806770596442956,-0.0019102148104889625,0.41261696598106085,0.012110057909693772
30.448986053466797,-0.26983038948703386,0.22968891800086233,-0.6850415495098535,-2.0830300820964603e-05,-0.0017008389969047997,0.0023638101566463682,0.7712634846133923,0.002912196018726924
30.499189138412476,0.10302073462479341,-0.2570628269429308,-0.8765717358993365,0.003858876425706547,0.01058422798378811,-0.004195140464798243,0.9192782913438668,0.012021481306439097
30.549232959747314,-0.3187169140888919,0.22180604400430148,-0.5472367477054625,-0.0016184767659971986,0.0029543709473078775,-0.0019327552386234862,0.6710040614798366,0.003883724700438501
30.599099159240723,0.019448932332488532,0.7823411832664076,-0.9647703853845313,-0.014311222640738716,0.0022320814749374504,0.006015345916695422,1.2422632106436113,0.015683675196874476
30.64920401573181,0.05180326707289448,0.9955191513676818,-1.0718706925049801,-0.019011305770070413,0.005164061561408519,-0.00394759250327241,1.4637789247937547,0.0200918084169898
30.698954105377197,0.08268186394427895,0.601496612257198,-0.8618910156411023,-0.011067596448782972,0.007592846475957558,-0.002110198420069952,1.0542725397282418,0.013586609074108236
30.749215126037598,0.11566053812710264,0.6334926288141327,-0.7768000003895997,-0.0030751572887041164,0.0007795960678780593,-0.009776717451901725,1.009013632934151,0.010278548852520025
30.799226999282837,-0.21824312041166832,0.2482581041450528,-0.9260829669462115,0.002881338897452723,0.0018005584180594064,-0.001920561990125933,0.9833065684457801,0.0039029069700333816
30.848997116088867,0.2596194851618022,0.10705909947877618,-0.9386389665965924,0.003755984594079959,0.02328866522059465,-0.0045063650893729665,0.9797484562225166,0.024016175264738145
30.899238109588623,0.37975546710695024,0.3566602641179359,-0.7684394548918014,0.0076590827686716404,0.008431731681542829,-0.0024476193846059875,0.9283964426001979,0.011651029510682517
30.949005126953125,-0.054669370105613825,0.3336304148461267,-0.9884216404688486,-0.006787183691147208,0.013585230617720595,-0.00030925149761896033,1.0446412461152743,0.015189469703804913
30.999003171920776,-0.1513155268116631,0.3462989256618822,-0.9325233694515249,-0.0016158826959697793,0.00879106521143045,-0.0031831508043315714,1.0061904238970325,0.009488221829293094
31.049281120300293,-0.21988210000337424,0.0029294216573405377,-1.1828580718362032,0.0055106795859880126,0.0003401593223059928,0.0057508684027948506,1.20312507143738,0.00797218823474715
31.099322080612183,0.15296622974965857,0.32170978651830545,-1.1627485312138977,0.0024057844449175978,0.014049270302201012,0.000189488051215517,1.2160921021968507,0.014255023694868705
31.149008989334106,-0.04561038971734235,0.23540749992755522,-1.3670908774939383,0.0031162442643055707,0.0031381667550182835,0.0003437757951240032,1.387960541946152,0.004435904721072409
31.198909997940063,-0.06633083313474847,0.10055986064516304,-1.0856808750666302,0.008953155413895521,0.0030132766164110173,0.006195159436491645,1.092343822925167,0.011296850369723747
31.24923610687256,0.03288969831372784,-0.027264055440940113,-0.9457792243904165,-0.000961542666187768,0.010306362500445896,-0.00750756071642821,0.9467435778830466,0.012787069257666235
31.2989821434021,0.007622271406973677,0.33082000086190244,-0.6252494263922349,-0.00065435774946536,0.0005044830112005004,0.002498054653276044,0.7074155901558076,0.0026311526416438464
31.34922504425049,0.03331903460673318,0.6545309385031585,-0.953623000191426,-0.012408255065666712,0.0016299064080909,0.0029376287630850017,1.1571161281474935,0.012855001027751172
31.399842023849487,-0.21107402817944157,0.349189838309868,-1.1599389232679114,-0.0016365206588705924,0.006104280648918628,0.0026531249328205836,1.2296113590328812,0.006854160343676452
31.449023962020874,-0.25908787786839926,0.30766981264878956,-1.0302355872777704,0.00276228215736664,0.0032182225797840244,0.00808326630269671,1.1059713411147978,0.00912832697761479
31.49920916557312,0.14568080149101886,-0.06398894586241913,-1.21171582732209,0.007809731245646138,0.017111799713713755,0.0017825212461225312,1.2221181314825937,0.01889399305505202
31.54926300048828,-0.04515366876444253,0.6646181869565048,-1.1728909503919427,-0.007583401915073317,0.007829979917593747,0.0037702120312238557,1.3488622501010084,0.011533909522613923
31.59923815727234,-0.014283757515660085,0.1990718890627408,-0.992864046600193,0.005916065274582178,-0.0002791499123327282,0.007541821103889346,1.012725361475205,0.009589411794773607
31.648998022079468,-0.008070023407672017,0.32994611014641145,-1.0594945732861543,-0.0030683661543770982,0.005899668630233826,0.0026550371554527447,1.1097109135722503,0.007160320041780715
31.699462175369263,-0.02102539363349333,0.2240519108074275,-0.7035733715177795,-0.0001552328508586306,0.003318813285740607,0.004133606417563607,0.7386858703283813,0.005303331111567247
31.74924898147583,-0.24215922420006888,0.15200551013370223,-0.780060436567315,0.011735626656575154,-0.004994168815244727,-0.0027124797706386625,0.8308074684749629,0.013039332869583637
31.79901909828186,-0.07048574632933066,0.13613773059246487,-1.0604089966131518,0.0043700264081970915,0.008062922334971169,0.010032103245810529,1.0714331347427055,0.013592311904996848
31.84924817085266,0.015593581609524121,0.2381862246448413,-0.7288639842788175,0.0006907946335332421,0.010426682819103972,0.008180589832828294,0.7669540696656926,0.01327083124182091
31.898969173431396,0.05116466600510548,0.37409560214327103,-0.9816628006536735,-0.005970767068263287,0.014398237855447051,0.003269892054725175,1.0517733580850794,0.01592644049293629
31.948997020721436,0.24445600007415558,0.4440600486972573,-0.7600780617461215,-0.00027171160091188525,0.013192283289391626,0.0034777345009882237,0.9136009647373448,0.013645688067700926
31.999253034591675,-0.22069868722991315,0.09395525481124983,-0.9646397218121509,0.010876618173960052,-0.0008590020567926966,0.0016693451416974225,0.9940147349760353,0.011037455351565459
32.04903316497803,0.04657935682310615,0.29831890251193566,-1.2049258135348904,-0.0015075737192566233,0.01601379107805835,-0.0014361179865639412,1.2421795442691437,0.0161485825409547
32.09937000274658,-0.345276048517529,0.32132353770223826,-0.42069241588138184,0.005849282831038532,-0.010309845521272482,0.0009453402511803376,0.632017780083341,0.011891202315177641
32.14936113357544,-0.20984819812690525,0.5950668495035829,-0.7212157164567766,-0.009446155658009747,-0.006672570200793175,0.010934436511628606,0.9582760204134768,0.01591587106088446
32.19926404953003,-0.23666008158233354,0.1907983803758286,-0.8624381007207904,0.004886923549797689,-0.0017479483533019546,5.7721142115195505e-05,0.9144460037331239,0.005190440921311536
32.24926710128784,-0.08473850321592279,0.36228716017965995,-0.5835928065768567,0.007482478936028068,0.005815128649155193,0.0022407920053546045,0.6921077692430349,0.009737780088171551
32.2993061542511,-0.02650589721116627,0.29608842822754505,-0.5210215382633563,-0.0016354782777330032,-0.0009557169760681784,-0.009239411562794439,0.5998619534955864,0.009431591072665363
32.34926199913025,-0.02817749965986912,0.41928504464361527,-0.7538082937478974,0.007661352100508954,2.695948851512707e-05,0.009641532778370496,0.8630300480701681,0.012314877065500355
32.399036169052124,0.5516278210181899,-0.1776411297113735,-0.742988714811114,0.014966613812882164,0.016296645871991425,-0.00018149377215294403,0.9422748294542733,0.022127203521692042
32.448968172073364,-0.3515433080640185,0.3817590822159493,-0.7482586660559076,-0.004478993355415906,0.0003348379973472298,0.005081731538255254,0.9106117315446378,0.0067821451908098695
32.49927616119385,-0.3758054997780213,0.29739867290600086,-0.8720634549117238,-0.005820569704464967,-0.0023335685489262524,-0.00403616560903414,0.9950730695291833,0.007457560370565101
32.54904317855835,-0.11063714345881281,0.6227178160400357,-0.87960238349404,-0.007325727752735761,-0.002277673963002625,0.002711822124311065,1.0833828542924213,0.008136833845104986
32.59935903549194,0.10703916309909661,0.17209175454692036,-0.7464332865424516,0.009604496061738887,0.008241543937004207,-0.00017127429283645974,0.7734569190837703,0.012656963535892612
32.64930295944214,-0.014961890324977238,0.13529925706389023,-0.8127005123399936,0.009890064239088057,0.007697166584540975,-0.002761564622263835,0.8240217654175316,0.012833003672032587
32.699053049087524,-0.03431411728184413,0.37768939551256747,-0.8325028961054023,-0.005249865384277987,0.003108532409467364,0.008716841174931036,0.9148157246961615,0.010639895693225678
32.7494330406189,-0.33598827126551206,0.6777574308175192,-0.723231280465373,-0.00423983195754246,-0.0017110879511756391,-0.004993996450200903,1.0465690318846315,0.0067708195626139675
32.79907298088074,-0.015904065387821187,0.18777175772129534,-0.9673914134518246,0.001598417231230373,0.01090490593550179,0.010677851523440945,0.9855746136716002,0.015345632090724919
32.849035024642944,-0.17785730020579368,-0.11082859067053956,-0.9959047689391521,0.01605253213144349,0.004576903721973592,-0.005975313341910496,1.0177143531179356,0.01772952918284225
32.89905905723572,-0.05924852177408003,0.3465549591600959,-0.9169937733463492,0.006134488113201827,0.006040931523316151,-0.0039035470128178104,0.982083656012483,0.009453172872728403
32.94941306114197,-0.10907636292154194,0.3643019635339588,-0.8550935322486056,0.0028412446305605705,0.002588524479071321,-0.0019380485533737352,0.9358410775747594,0.00430455133837137
32.999263048172,-0.01837912097985394,0.36177987351011204,-0.7178697648134166,0.004195164288399509,0.010671370784749801,0.01619680873997,0.8040892165663303,0.019844751729145987
33.04928708076477,0.01800764808521574,0.6339895699112904,-1.1686168266610393,-0.01606718303621154,0.0014242771885379462,-0.0009588014132179388,1.3296361674161776,0.016158658248100373
33.09909701347351,-0.01241299982550826,0.28376738501941295,-0.7907379417687314,-0.0027982360233960693,0.0072353132558318715,0.0030387074039746023,0.8402050368321256,0.008331483987839016
33.14908218383789,-0.039778583880619486,0.3851487367704515,-1.280332489920358,-0.00627900704368183,0.0007087133501954472,0.0034025832819802658,1.3375997794247299,0.007176752542631165
33.19905495643616,-0.24632539176939805,0.36260399818224226,-1.250424475494769,-0.000982112249520533,-8.876519462335874e-05,0.0027219919694659233,1.3250355568981775,0.0028951103627101646
33.24942898750305,0.08320157040794192,0.36479100268383036,-0.8461504386805103,-0.015160446561189844,0.015980280628430526,0.006242234952831653,0.9251840583563046,0.022894846715023846
33.29904317855835,-0.21051030274389054,0.18832383102423372,-0.6931644965310162,0.003079598269034039,0.0007606254108337015,0.0065281703903444215,0.7485034883980607,0.007258063457948892
33.34930109977722,-0.1743301057567302,0.3697363204708443,-0.9509910277528473,-0.00018482524758630352,0.006935420358093323,0.004835943225752033,1.0351231169841046,0.008456983078988489
33.39899015426636,0.2823600856186808,0.6938759077394,-0.9201606454731502,-0.013149243369525377,0.009184601077935995,0.0032251494674350517,1.1865439759104295,0.016360351073223544
33.44909906387329,-0.4348711932813006,0.016083481569426017,-0.9012143687802762,0.007923331782721693,-0.008719357255348982,-0.00350327609734283,1.000779182248176,0.012291432825334412
33.4993200302124,-8.431339891470935e-05,0.270138803658609,-1.070473844329163,0.004864442864918653,0.005000129638362075,0.01054782910553373,1.1040331660524112,0.012645979583489344
33.549116134643555,-0.08034757984237047,0.189247024115711,-0.7598707795790083,0.006407798380429257,0.005632970920265277,0.006546877701434041,0.7871936047639033,0.010754154969606878
33.59964203834534,-0.009836925550364882,0.7826175580569673,-0.8864003271875495,-0.0062741676603824525,0.000388078661150186,-0.003152937759070829,1.18249420604142,0.00703255297814412
33.649296045303345,-0.27553197507391636,-0.29356111627192094,-0.820862513911599,0.010214703920774951,-0.0013606579157025573,0.00047523105636646445,0.9142818301925395,0.010315881480009082
33.69945406913757,0.09518044951862938,0.10192389767960214,-0.6688701814151572,0.008289539595561377,0.0062397667676936395,-0.006465188399912494,0.6832533340387851,0.012224966955699997
33.74930500984192,0.0037392525042840435,0.23023484568530359,-0.8819912299841915,0.0001013749901370045,0.005424718166177903,0.0026381912713887862,0.9115539457136113,0.006033066985830492
33.79932999610901,-0.32222467231297985,0.1822744918226464,-1.0763573672250129,0.0017408370402403305,-0.0017723252800861036,0.006533175866306832,1.1382433447185063,0.006989566324114753
33.849048137664795,-0.37412576953550514,0.056623890740777914,-0.6787581136587711,0.009524173748999604,-0.006477767149709584,0.011714083282396327,0.7771029103605074,0.01642836266929565
33.899548053741455,0.09387405605217286,0.14253417272619268,-0.5591041996227554,-0.005366669879001785,0.01267145833914908,0.0030156224900621522,0.5845732074173674,0.014087618004245588
33.94909405708313,-0.4866596942634228,-0.15460760954661062,-0.5766851123010462,0.01402306249322609,-0.008333054983391758,0.005303822830707037,0.770264168775853,0.01715274391066
33.99908900260925,-0.5072225079171941,0.38456780238887645,-0.6589502030447304,-0.0012429470595304855,-0.010064370975028769,0.007014772494603651,0.9161781689522565,0.012330592591876716
34.04936909675598,-0.16944783932430604,0.44646315257602537,-0.6631891532803156,-0.004694680066093501,0.0008755875654550422,0.005124253845601337,0.8172281015043847,0.0070046164764329
34.09950113296509,-0.021055183820417052,0.025886278598460807,-1.0964697200030995,0.00698260122401036,0.006562690771645728,0.0011641265328048958,1.0969773320671052,0.009653021319886088
34.14970397949219,-0.2738324800613214,0.33178304099820666,-0.7209761332689044,0.008625909108936111,-0.00401071848042263,0.012238271915368141,0.8395658390941908,0.015500563543281876
34.19910502433777,-0.3237980087863708,0.5558850645940014,-0.9033719542750062,-0.0032445236567108797,-0.0021083525196365057,0.0041808742137883995,1.1090240048363875,0.005696647549000632
34.24944710731506,0.23202166093113086,0.22945611841994862,-0.59436941581878,-0.007599960142634883,0.014002792439501859,-0.007557407534907648,0.6780554283259945,0.017633831090324306
34.29934215545654,-0.2502748901410338,0.3791259606168895,-0.6394660819337213,0.0016305523223272538,0.00117491373403077,0.002931435923109905,0.784404796385419,0.003554214361790823
34.349478006362915,-0.010657221027024835,0.8184652812711988,-0.734588753737152,-0.016831639215685975,0.006075912741039546,0.004818376386098274,1.0998270910117933,0.01853206802604216
34.39931106567383,-0.3705678649766061,0.4778881800001495,-0.8370700081927083,-0.012905273659986543,0.00018444673784080256,-0.0003064274382914093,1.0326586336989179,0.01291022875913438
34.44938802719116,0.16799923950053144,0.7159676907858539,-0.8451721741808562,-0.01324260134191294,0.009211211868495202,0.006123144749295002,1.1203345405420564,0.017254153587120992
34.4991340637207,-0.08942243073791908,0.4490850025654917,-0.5417850447360016,0.003122910645752668,-0.010842100989266813,-0.004733601478976539,0.7093692588123036,0.01223563270634521
34.54916715621948,0.10721282238060423,0.6731922674527765,-0.8411193432868496,-0.004853057642458118,0.0031988592674095464,0.007892634498706126,1.0826653074206851,0.00980196655900637
34.59912109375,0.008086053480393748,0.4186221207074448,-0.7681800264986689,-0.004185381248543585,0.0032047407838775295,0.0014708042106618884,0.8748773727317343,0.00547275476461434
34.64937901496887,0.10773386131382623,0.2339167709851827,-0.7069560726881883,0.01063440075282859,0.0035362966383085644,0.0033092472735894757,0.7524031694061556,0.011685332293248364
34.699788093566895,-0.24380578866490005,0.06561672814613308,-0.8271897717737037,0.006495748184220477,0.002934890331194088,0.006323868566478333,0.8648639986299287,0.009528884476948647
34.74944496154785,0.0065212825768976995,0.4704668354163893,-0.735185405036312,-0.002244637972891495,0.005670247943661956,0.006811912118842408,0.8728568898345054,0.009142880185520378
34.79921197891235,0.005214998054815352,0.31363064855776807,-0.4956902821043838,0.010131231450425078,-0.0020249546465785596,-0.0008181153982046486,0.5866005759392003,0.010363957006257883
34.84912395477295,-0.09520142455038794,0.03434473491005014,-0.3550729082376241,0.006831081567536316,0.005362200040156489,0.001601556627667999,0.36921489977625366,0.00883073316801136
34.89949607849121,-0.16978398292959973,0.17366550071912612,-0.40801494615947814,0.005642149650833385,0.003264611749266991,0.003949370548395166,0.4748289200217119,0.00762161861315446
34.94915008544922,-0.3039870798394334,0.12083553145804651,-0.5570718675681197,0.007927710026864657,-0.0005638721240351415,-0.0007080908104490707,0.6460173650977868,0.00797921867341388
34.999557971954346,0.022777483889793927,0.06695974262589513,-0.6052110077866685,-0.0010096059607116205,0.016921751478059237,0.001993720577637673,0.6093297833283967,0.017068681818547097
35.049156188964844,-0.23772247300585464,0.2598490380454975,-0.8910402653514159,0.0026349703885748393,0.0018967023930810175,0.0158401842558339,0.9581159904848219,0.016169476991398132
35.099843978881836,-0.22503313266391137,0.17350110153977263,-0.30591550991888955,0.004032243469472562,-0.003843375099074199,0.004888722035573292,0.41752466063812593,0.007411485862523628
35.14940595626831,-0.2678426067629127,0.20422543970010607,-0.8514924483830747,-0.0017572606143702743,-0.0028643395414443855,0.0036951202646870454,0.9156894025113849,0.00499462907992172
35.1994149684906,0.2654656688385645,0.6563542424396268,-0.5408157003737838,-0.0055773947987007595,0.014264974541404444,0.0002466343770977935,0.8909290289754785,0.015318539745140775
35.249439001083374,-0.02855102702134684,-0.02239964770428938,-0.4560617225646504,0.016882375765772745,0.0035811713218130655,0.004907411595623692,0.4575032241961647,0.017942187383420925
35.29914402961731,0.19898652764618194,0.5194082755259604,-0.7020584615935311,-0.009827676633827354,0.012396900357498792,0.005828309189932418,0.8956934064536884,0.01685928689198569
35.349395990371704,-0.26186881775299203,0.5146215898240083,-0.35129615944621034,-0.0016287257576488058,-0.0026628288588593572,-0.015145359183994995,0.6758843466644252,0.015463677115661219
35.399413108825684,0.26249280968336886,1.0638028694547303,-0.5076875479850523,-0.023699755104359285,0.019065020674452784,-0.0026707291514439257,1.2076115545052812,0.03053336207371027
35.449639081954956,-0.3515972727297725,-0.0402371200536889,-0.4895694231788816,0.004977238085205365,0.0027934135008492694,0.0020866794761152507,0.6040843385926603,0.006077029634581878
35.4993941783905,-0.06132906098582633,0.20413420294033946,-0.49801366855731677,0.013963283880220945,0.0013924524596698356,0.00726411030560703,0.5417099229305365,0.015801250555070156
35.549198150634766,-0.19428085817360496,0.38014459465393025,-0.5109001284240432,0.002340633915205405,-0.002233694026129561,-0.005304884946448716,0.6657881839751868,0.00621367527494275
35.59954500198364,0.45521683379382694,0.3562786972629629,-0.795218085871543,0.0021148861135958483,0.02111214914442999,-0.00033944227477509885,0.9831219049486546,0.021220527934715502
35.649182081222534,-0.2891986965032399,-0.14872885096377253,-0.8381346353157325,0.013629134695719167,-0.0019205011889713345,0.005757958196250364,0.8990138063923229,0.014919642085541564
35.69974899291992,0.1284469962621871,0.5384163680788242,-0.6488109848436548,-0.007443094638360057,0.0071248250709564885,0.0015347736558949604,0.8528461234699748,0.010417212691605348
35.74939298629761,0.19291380112374618,0.5863224559904514,-0.6900210034774987,-0.004011328256415559,0.0117995012884258,0.005168720819326173,0.9258070761788233,0.013492022085084793
35.79918098449707,0.15146307708724513,0.3890926143198964,-0.9196179569997212,-0.005543195329131351,0.008215048987207265,-0.0025574865991163554,1.009965995999553,0.01023497835971227
35.849380016326904,0.15290685632519946,0.25268412946335433,-0.6348797201394739,0.006652270485150255,0.003935482510402357,0.011048751390752912,0.7002157060779808,0.013483902717386701
35.8994460105896,-0.23519182028160154,0.1743021319898481,-0.5826721876227066,0.00787506823445139,-0.002287892127081673,-0.0010148557631388425,0.6520761487530503,0.008263236793315544
35.94943618774414,-0.24199276697664326,0.36532020421964356,-0.6797189668953585,0.0013941903233523707,-0.0050669062918714935,0.00881512035534243,0.8087256795956138,0.010262731259635944
35.999173164367676,-0.1390641284776837,0.15219955710018432,-0.61618973690086,0.008770928867834402,-0.002708527756386883,0.0011136288275453866,0.6497640563102125,0.009246917593299356
36.049185037612915,-0.18583040528974965,0.2698406849476655,-0.6434249296762448,0.005055776244959691,0.001769304638358183,0.0028309267960790166,0.7220405632040754,0.0060585030219661275
36.099775075912476,-0.04779124707743414,0.8516914359582534,-0.9498514541148566,-0.007590497508803964,0.0021209685145192722,0.002930418927449863,1.2766675723405665,0.008408419290276721
36.14942407608032,0.20554527296423641,0.6393162486889695,-0.9018747145616773,-0.006656516047423289,0.007095402244393355,-0.0036063972155223004,1.1244341358396168,0.010375935609643741
36.19917607307434,-0.31302606262385274,0.5957498765277062,-1.0509109416888973,-0.003160053121142348,-0.007123691242633723,0.00037641762157256765,1.247925093355372,0.007802217817688009
36.24940013885498,0.36462756160637483,0.8445992274407458,-0.8706964574748808,-0.013265994382495117,0.012152740004112582,0.001233476947628646,1.2666544259330648,0.018033223836693247
36.29917502403259,-0.11031801477255715,0.18293819421452928,-0.8833082956551683,0.0002450159932137198,0.002182222631636491,-0.0003869807323352547,0.9087738951241223,0.002229771857871502
36.34941816329956,-0.2588197694486155,0.2991367448222328,-0.6690564986945817,-0.0004536421757216468,-0.004834979165527632,0.005788377627791124,0.7772432460984972,0.007555668753763133
36.39940309524536,-0.11253060891609169,0.7503298615077361,-0.5292598564009642,-0.007843454404733117,-0.002054832726322237,-0.0011011399566175693,0.9250805557413981,0.008182580505949938
36.44918513298035,0.35378971422848937,0.2734772514030494,-0.41124593814626564,-0.004867712897180711,0.01583650857762303,-0.005787887936003923,0.6075197038538298,0.017549623344626144
36.49953818321228,0.041033838792648124,0.36330371543612655,-0.8585857018053704,0.005530849213792958,0.006692966496330547,0.006613760278035695,0.9331895696590139,0.01091457367752127
36.549556016922,0.10988440990699755,0.458720366755626,-0.7131641756749104,0.009216725822217456,0.00252503787056881,0.005541438726094827,0.8550450864621698,0.011046782078270584
36.59940814971924,-0.28459206230539796,0.3336072776527181,-0.8437501724871512,-0.000161038793560482,-0.0009066551929625178,0.007359051428872891,0.9508947424411361,0.007416440862351257
36.64942502975464,0.20079518733192714,0.6410650162914938,-0.8660992258342237,-0.008984063834389261,0.008965740229218552,0.0027109805901652864,1.0960889249322423,0.012978725538297738
36.69946002960205,0.185328145247689,0.2695964129930077,-0.8875776378841084,-0.0006532814276716484,0.017978120976157516,-0.0015401783197203916,0.9459507442734946,0.018055795737480868
36.74975800514221,-0.1953523817287007,-0.2335708987183281,-0.8742069051459829,0.011919011192828762,0.004338255430458399,-0.0031689472837160997,0.9257189804579362,0.013073848510735113
36.79920816421509,-0.2625017409665664,0.10670562365061823,-1.2006225082876658,0.008814476977532067,0.0016018942201539333,0.008009628880833716,1.2336075800416078,0.012017288558102072
36.84960412979126,0.03735356609122819,-0.08634925712618424,-1.0415412103998696,0.012295444908803127,0.004121626482855158,-0.007822813868314465,1.045781801365467,0.015144708223926892
36.899434089660645,0.09422063965141968,0.3752871631924039,-0.9199207227562716,-0.008286178582767072,0.004484492024436321,-0.0076430674339089365,0.9979840279031252,0.012132102209510932
36.949357986450195,0.19269761438806104,0.6117612899698517,-0.740008360638289,-0.00715097033203679,0.004476585005623382,0.00848132955967221,0.979283728196785,0.011962823291431337
36.99944496154785,-0.18767440148952877,-0.14295613493154347,-1.1418115569568712,0.006941805300446178,0.002039981250724001,-0.013079356699676163,1.1659295729542556,0.014947232386297199
37.04949617385864,-0.10612194527601071,-0.16715347923447382,-1.2170237583919319,0.011837711282981797,0.0033070991966829564,0.003388658755590642,1.2330243231095557,0.012749561626886499
37.09944200515747,0.27905163139548883,0.5613859524295847,-1.0434188295575622,-0.010551921825667441,0.016845364402881213,-0.0038729120471680863,1.2172702470877321,0.02025114327157739
37.149455070495605,-0.3595989549157181,-0.03617518270879153,-1.009879910855408,0.01416512302403485,-0.007160263884433673,-0.0016167884645807424,1.0726031356330346,0.015954124674201615
37.19957518577576,0.11099240749897228,0.2189274198831092,-0.9648332302554105,0.0016928181241086329,0.005020203513497293,0.005582540733421797,0.9955660158443452,0.007696287258058577
37.24955701828003,-0.10757962833481265,0.18350940462806475,-0.7009126595858055,0.009590979353455955,-0.004594174001389728,0.0005068351925177775,0.7324804668980944,0.010646605169059208
37.29922604560852,-0.07015286345817368,0.7848142408896561,-0.8883440599917563,-0.004059694968062585,-0.005083338192583432,0.0035148427269069463,1.1874384135091913,0.007394293056728326
37.349570989608765,-0.25699669667135944,0.27432295099333903,-1.0625156286374584,-0.0006743350151857514,-0.0005272950627929658,0.001300058570859778,1.1270491757862822,0.0015565731860781148
37.39965796470642,-0.3987059884930417,0.040537653787326045,-0.988372347096867,0.007887863641661013,-0.003473317509479168,-0.0028488393975019638,1.0665316043796191,0.009077346157542503
37.44918704032898,-0.1845719321506557,0.5450069379494975,-1.075055810109357,-0.002956014813339905,0.0018386280056907557,-0.0001736665426284038,1.2193622740600103,0.0034855037782254407
37.49943709373474,0.06708713045514594,0.20513575067993362,-0.9277701741492781,0.0029953928583150353,0.005628291005883519,0.005095883489187522,0.952543361386088,0.008161989129981001
37.5492639541626,-0.14222394679435507,0.49592128890307624,-0.9650602178373382,0.0018753852006483777,0.0031446702624273884,0.00665556459621979,1.0943065383526238,0.007596220165625822
37.59944009780884,0.14418439783081977,0.2812908209228145,-0.8868480391924123,0.004853405539371648,0.011232173052868223,-0.007206337422286852,0.9414951466325747,0.01420030125958722
37.64945697784424,-0.09714773069372497,0.26489400507509114,-0.9363421379221517,0.0015221137564251092,0.007935952587985727,0.008435994994840055,0.9779279701247371,0.011681703014510443
37.69949698448181,0.06529762533616612,0.02709230356958757,-0.9651525444982872,0.007370268046796885,0.0120379624333774,0.004563834082835607,0.9677381913197223,0.014834485908338468
37.749598026275635,0.08023289969388726,0.40844221252702506,-0.9027787320287054,0.002819740538046651,0.009151407805202278,0.007689469029838557,0.9941186036739369,0.012281169955662493
37.79926800727844,-0.0012191894231597389,0.25036913718474824,-0.7089339085384317,-0.00047488429427252493,0.010478399505431259,0.002394715224786595,0.7518467117392098,0.010759044209231296
37.849693059921265,0.0140154185032045,0.7241532554142752,-0.6971727378035851,-0.0088558241829329,0.0025130931252307477,-6.521721191991777e-05,1.0053080103229353,0.009205732578118476
37.899564027786255,0.13823254326504728,0.3128679718087546,-0.7781407946846566,0.00384260878301629,0.00976322514391256,0.002949321062484058,0.849998647148168,0.010898839488663572
37.9492449760437,0.036672457236581954,0.1508062869998641,-0.8179166084025672,0.006599298071338931,0.008366676593621397,0.0006970919408419376,0.832511251346919,0.010678855249071252
37.99948215484619,-0.13184689871893882,0.41347290303532525,-1.2166504040971553,-0.0012013753951371773,-0.005495058405422849,0.009128350242454678,1.291735906459224,0.01072220816193995
38.04926013946533,-0.10705133539426356,0.008427240975855198,-1.2372917792539302,0.0032694548081650763,0.003267976761384701,0.005171039066306201,1.241942814226773,0.0069360400720331105
38.09948205947876,0.3556022909450696,0.2391971272243404,-1.178149768079011,-0.0015559768207611521,0.017863631214822227,-0.008107194251791012,1.2536766453206292,0.01967884607090035
38.149482011795044,0.0489911886320157,0.21730613179795927,-0.7173853703427097,-0.005605675174760122,0.015106014059376675,-0.004861682845409017,0.7511749869786111,0.01683006877634052
38.199395179748535,0.1705864887015652,0.9195099321796459,-0.9993234814248718,-0.017057778803991404,0.010112447241068785,0.004609996072306178,1.3686656589655752,0.020358818008813194
38.24948215484619,0.07457772923763292,0.5073750357019902,-1.1508550123354018,-0.0016908453611180596,0.008782321779253578,0.0021138023599094943,1.2599438574672108,0.009190010570523035
38.29924917221069,-0.20891975286308995,0.4969113497999778,-1.349765538646118,-0.014501409123697448,0.007943913288675875,0.0037146169298294287,1.453421949061268,0.016946828725346585
38.34950399398804,0.1391313339625132,0.5810230696560559,-1.0172525079886563,-0.010443068388439978,0.006095870913451879,0.00802798447578862,1.1797236967069644,0.01451433271985337
38.399198055267334,0.038636823443367045,0.31676422427400597,-0.6947481976348291,-0.0034183869856918873,0.009495966797930236,0.005317134536625413,0.7645308600851571,0.011407483275986681
38.449191093444824,-0.36688056969972394,0.16772693797568905,-0.842804732503621,0.006775770371621346,-0.0001314471493147036,-0.0011948754896279755,0.9343733168687955,0.006881574668469298
38.49962306022644,0.1646724631105391,0.9070997736636637,-0.737249659662248,-0.007977498349012263,0.009211063624564865,-0.002045598957354987,1.1804592666245042,0.01235591551033784
38.54922604560852,-0.05904524598657114,0.11011225786019303,-0.9793745717550094,0.009007226104299793,0.008940756472338995,0.00036292898376790264,0.9873123123941038,0.012696415472049978
38.59947204589844,-0.1551723942554578,0.4672722164773193,-0.7921533740981344,-0.006042683817289185,0.0036989604604676252,0.0028004415756523395,0.932699718197479,0.007618320630064976
38.64922213554382,-0.05802113100580857,0.5376230270003333,-0.805160300875722,-0.008194323222763429,0.002894317260249915,0.0021803187250388724,0.9698907572043758,0.008959787677442793
38.69929099082947,-0.5818884232127262,0.16471935476263974,-0.609546729277969,0.011669340719470483,-0.012491619185784225,0.0029564640932539564,0.8586465035600406,0.01734804722856277
38.74930000305176,-0.20564755176463578,0.8574047106507643,-0.9766758605026257,-0.01984656759139722,-0.0015951639450430995,-0.0011247640963284989,1.3157999429554075,0.019942313994214752
38.79925513267517,-0.17119156021302429,0.3210685856522065,-0.7391225136609296,0.003645500251419281,-0.0015506715463191158,0.005283403059076127,0.8238286697981133,0.00660368095930722
38.849956035614014,0.03806316792230508,0.6017395416377724,-0.8207807812190492,-0.00756264577502444,0.007632223616702134,-1.723061124497088e-05,1.0184401659112188,0.010744521643507667
38.900110960006714,-0.06566459314500753,0.48344239896398356,-1.0496674516877604,-0.0009151056493824642,0.0038399252029701347,-0.0020381254360250516,1.157510324377985,0.004442566736348396
38.94968318939209,-0.25151047532144033,0.4258698535385679,-1.041588847257558,-0.001459369174956242,-0.0030446317096739024,0.0034136105470999193,1.1530524611138502,0.004801278746712807
38.99949097633362,0.3545485429255974,0.08518679103353126,-0.654054997619763,0.009795881989963328,0.011502490190816787,-0.0001190889294389113,0.7488320229321412,0.015108963125384851
39.04928207397461,0.05990739250340381,0.04641789970000556,-0.8570522941427718,0.005035591317436638,0.008856006457533296,0.008702204769257234,0.8603965085845624,0.013398298329944667
39.099534034729004,-0.23653741731290603,0.35352263289314656,-1.2564016874914499,-0.003687686489745464,0.001963609495431588,0.000248055011454356,1.32645143223871,0.004185250910746922
39.14952301979065,0.16668167035521536,0.5176362853691847,-0.8653055286465888,-0.004022559572200705,0.002317964990778036,-0.0015451845530918176,1.0219998831064343,0.004893009555834701
39.199350118637085,-0.2670477608436026,-0.049915486469978745,-0.9479264117014674,0.013829178962195094,0.000740031609581013,-0.0009729689744262404,0.9860885073675367,0.013883101461013476
39.2495231628418,0.21464767967617784,0.5310127935634348,-1.127122279201185,-0.0009837187383273775,0.010492016403149089,-0.002895210411920251,1.264299349675576,0.010928511064613393
39.29932618141174,0.11957290385305777,0.21271372217697615,-1.2864316844195824,-0.009237429879941143,0.009974901088318845,-0.010349519716479596,1.3093705684858052,0.017086290436205683
39.349647998809814,-0.2925639458531934,0.12971963263327155,-0.8469352647907992,0.0023942100760047063,-0.00010255899713025081,-0.0010667575856260817,0.9053840004384671,0.0026231149388514434
39.39958715438843,-0.1688325788293466,0.42288633413790205,-0.9204255702761954,0.00016417531907297444,0.0017267945026200773,4.417416756474879e-06,1.026898496295043,0.0017345870699513569
39.449573040008545,-0.4295070734034862,0.18739146816454547,-0.7767479300520211,-0.0016446218572923254,-0.0022934884993677804,0.0114497667090037,0.9071544715673241,0.011792456412504789
39.499675989151,-0.409738868127687,0.42706662074553886,-0.8045331139778856,-0.0047112182735564445,-0.00558837231585187,0.003224169911924422,0.9987719309714934,0.00798878929391873
39.5492479801178,-0.25230815275587637,0.05954696611000989,-1.1473122367238784,0.0013317638550278971,0.0017511229426395267,0.005408257365210869,1.1762357814895523,0.005838602080477389
39.599321126937866,0.16648584106619096,0.8081376678744735,-0.9494269975817653,-0.013728426734980304,0.00856415561274747,-0.005192492861513487,1.2578615381870275,0.016993423554244286
39.64954614639282,-0.3545187295874914,0.426808394508504,-1.0933995353556936,-0.0028323949726998692,0.0014749169850603798,-0.004562432650353368,1.226120499448281,0.005568988515269676
39.69933605194092,-0.31177660405117785,0.5196993884149136,-1.2515117778760962,-0.002200256240308235,-0.007103997714952912,0.0058636064911906155,1.3905300555238307,0.009470469478362952
39.74973702430725,0.09741109814552862,0.20992569918467366,-1.1815295847477394,0.0077301965331529054,0.020070987465151766,-0.0028066755021921874,1.2039808473785027,0.021690502613864307
39.79932713508606,0.09048015251508629,0.5870605081569342,-0.6857930726514302,-0.008395551596288341,0.01185553270635819,0.006853401319560937,0.9072699910904808,0.016062629050203083
39.8499801158905,0.16187841796462205,0.39769097604150305,-0.9441773428369776,-8.237075982454352e-05,0.007781053184684422,-0.003678600311859508,1.0372239822498648,0.00860718733729983
39.90017604827881,-0.20298842525817798,0.03937709675209322,-0.7495211574609948,0.0043792825351347256,0.006537726011556687,0.006072470765336517,0.7775196602138675,0.00993956126398885
39.94940996170044,0.08222228059926409,0.127878396444024,-0.8788359858337017,0.0008820544395171304,0.015008518332934342,-0.003974561935281578,0.891889050106757,0.015550909464133837
39.99938416481018,0.2992700188801741,0.24391435683692697,-0.9486944139814796,0.004909059408298723,0.012540966585825812,0.005635616768356656,1.0242450140427215,0.01459913982194802
40.04974603652954,-0.09828041724355409,0.48668650441647854,-1.0139972526824663,-0.0028905908260328356,-0.0035620364667153658,0.0013380066211650667,1.129031984685238,0.004778481017230982
40.0993549823761,0.00638689657265594,0.588440317516046,-1.0843269038336123,-0.014241242317933427,0.009194798850183292,-0.0030669424098667855,1.233721051982012,0.017226823398377
40.149569034576416,-0.1759715694138212,0.36366996105127514,-0.667893335308612,-0.001694404855138349,0.003049813009861636,-0.0012055012800281154,0.7805788500610692,0.003691287112158458
40.19959998130798,-0.14527594545883027,-0.0033300720758563107,-1.0230225893976395,0.003503076080782311,0.004211726660144915,-0.0018364665242318774,1.03329154072161,0.005777784418109498
40.2496600151062,0.19575970965496375,0.5816678504349524,-0.9019579173285226,-0.010371351511889566,-0.0013633005386766495,-0.005095292266714318,1.0909571195906005,0.011635528515076947
40.29932713508606,-0.21613419076954582,0.37922417564153343,-0.8198020076762232,0.0065931004387364345,-0.0007272690513445358,0.007645764939651833,0.9287627768168648,0.01012203611832715
40.34976100921631,-0.31459325490866186,-0.25526786956762226,-1.00499177520692,0.011314423810555942,-0.005484887420372043,0.010833627811937353,1.0835769790380263,0.016597218675025442
40.3996000289917,-0.20923362074636098,0.2482128557195303,-0.8527070235624451,-0.0017243146568256028,-0.005131048475891815,-0.001298400416020298,0.912413063161527,0.005566575530612784
40.449625968933105,0.19172020834314996,0.11089022453260204,-0.8711311923000724,0.00736852940086569,0.013914379399807192,-0.0016699873417178727,0.8988452783333611,0.01583332047723088
40.49965500831604,0.1774627281859173,0.46180709865685254,-0.6858573509403546,-0.012594768816616857,0.010484631104993425,0.005577867228702215,0.8456708119025804,0.017310929893360732
40.54972696304321,-0.14233836794205534,0.6543526157874979,-1.2771194688161536,-0.011838718500790803,0.0059846975889372486,0.00230714267904414,1.4420373415434162,0.01346457456860278
40.59969401359558,-0.016916421405365173,0.1042019931800146,-1.145728330529035,0.005683507005625026,0.005813106986056007,0.000527833607657531,1.1505814304397153,0.008146967106334398
40.649620056152344,-0.05809554275344061,0.0965591551775313,-0.6490516586771592,0.0030862020252675716,0.005742663287024121,0.007643637446618344,0.658761579152873,0.010046293743677145
40.6993191242218,-0.03727468434235574,0.42814498028999753,-1.1008428127571133,-0.004922542169373467,0.00515026563524171,0.01029274678766921,1.1817581921185643,0.012517878972009858
40.74940299987793,0.20429956847339753,0.20887545587048065,-1.010335179797115,0.0037259756687131277,0.013401955246463173,-0.004794686456002838,1.0517340183141297,0.014713406040866983
40.79937195777893,0.055666727338903745,0.32861247238492614,-1.2950448340469414,-0.00396834619530347,0.007379400916894071,0.0007885111247721227,1.3372457005843121,0.008415763733133552
40.84976005554199,-0.10081711072383817,0.46272335346255067,-0.9208944143889196,-0.008934129325017559,0.007444558400092168,0.0016397804689108801,1.0355305471626814,0.011744317628314689
40.899595975875854,0.1742295042454975,0.015948668889426226,-1.00606262586767,0.002922930718281273,0.017958470607687294,-0.0020144126962096044,1.0211622238198628,0.018305956655189894
40.94970512390137,0.150974712669641,0.4263561014578585,-0.7227399474447362,-0.00010135093423537406,0.010820490410802073,0.004850486391357234,0.8525995078279394,0.011858351612887506
41.000054121017456,-0.26053128126277664,0.2436532028320743,-1.0097755204545336,-0.004626957970026467,0.0026425618117962716,0.00027733493770774724,1.0709295184445968,0.005335615021085085
41.04935908317566,0.31494019007908985,0.4438253207886004,-0.654452954668209,-0.0037651611900795046,0.016881573077003262,0.0002645122370999438,0.8511620930082038,0.01729837897217707
41.099900007247925,-0.37176711997392153,0.11390922222212962,-0.6440011356584808,0.005801110481329218,-0.00672681721961865,0.007665086243983516,0.7522789144528561,0.01173271067786345
41.149718046188354,-0.05206038378298716,0.32715719381980285,-1.0624634739044219,0.0037623867169871783,-0.006457700582228264,0.00703609315990871,1.1129109337268335,0.010264699585121181
41.199427127838135,0.4351129585853408,0.6444201746009627,-1.1494393169076496,-0.014220564752486021,0.014918396106297416,-0.002488367826480616,1.3877360669142917,0.0207599368665683
41.24971914291382,-0.08662394667083637,0.37157221228210624,-1.1521759802627343,-0.0009868334720884249,0.008687868539332089,0.00750830649563002,1.213704703200677,0.011525084229222377
41.29936718940735,-0.06687061963990709,0.41013392042214947,-0.9863432729222327,-4.8715092781753374e-05,0.0017014580676441389,0.005002388823911415,1.0703058275515505,0.005284053998759843
41.34973907470703,0.1921033322940596,0.7420478010842092,-1.0331606776275326,-0.01263089585847991,0.008580781712697858,-0.003228677384984612,1.2864523369204839,0.01560748867194995
41.39940404891968,0.1594876527558899,0.09822318432280033,-0.9789374442433773,0.008872573946583836,0.010002501874489155,-0.002030386947243751,0.9966958538400014,0.013523870871251882
41.4497811794281,0.18886239612117367,0.49085782343302503,-0.9129732296516704,-0.018273108787842388,0.012044904151433413,-0.003857278484842646,1.053627318151271,0.022223069502190072
41.499622106552124,-0.18100370646315217,0.35419337704764875,-0.7587390487788895,0.005190412971509625,-0.002617658896049192,0.00243445134056781,0.8566797734507983,0.006302307374325157
41.54939317703247,-0.02796570056530768,0.45467102488369066,-0.9901986448596218,-0.004935767235159113,0.008866821187283103,0.004174371776113681,1.0899546676622498,0.01097304405769599
41.599775075912476,-0.21014093532804584,0.5754915655299688,-1.136225790849163,-0.00704915507387547,0.0003297263669933347,0.005696404011223591,1.2908752079451702,0.009069086248995491
41.649726152420044,0.07754725868738996,0.050117280696373494,-1.0458594735078088,0.007239062277937679,0.01702975239200614,-0.0007780903088252949,1.0499273105698124,0.018520850782984755
41.699371099472046,-0.21018204039080957,0.47071244524889755,-1.3287754884547023,-0.012133429180525084,0.0010845928461526502,0.003973010947088977,1.4252687448102805,0.012813323585488347
41.74974608421326,0.06905119365021475,0.2915674993158436,-1.1041053740168258,0.0023476592487611907,0.013541332021607731,-0.001907440723451987,1.1440403624587066,0.013875067818976452
41.79966616630554,-0.3574960072033659,-0.020596767421174,-1.0956107639965156,0.007032695687679019,-0.004337015202563689,-0.0041725247170175395,1.1526450312995669,0.009256266634928465
41.849454164505005,-0.09681367400918656,0.31008909208098107,-1.1351942574024816,-0.005144417390634003,0.00248240960393259,-0.0003397550458792201,1.1807599817669703,0.005722134324004873
41.89940595626831,-0.4849165535753224,0.045131365921496185,-1.0659690409634104,0.002136711087875826,-0.006004890181249375,0.007631336208350507,1.1719517483300075,0.009942913692011921
41.949445962905884,0.036420406186391696,0.26301524748474786,-0.9208527891644829,-0.004251045765568033,0.01338749120686273,-0.0013181490828931845,0.9583701402424079,0.014107934927533261
41.99975109100342,-0.0896714443808248,0.5242373031259216,-1.20046855066389,-0.006608729193889756,0.006918549490608891,0.0039736999289423395,1.3130081717411903,0.010360111955835787
42.049636125564575,0.10561192858752162,-0.2102432465714969,-0.9019841084708846,0.016668295012634976,0.007832558790391585,-0.0014893241122287783,0.9321649178782236,0.018476988990212623
42.099425077438354,0.1142997573412684,0.5317621389646481,-0.9438729989927108,-0.0006022450909960391,0.0028835445512440973,-0.007306869364679745,1.0893721334750694,0.007878316332893326
42.14939308166504,0.16029223001112405,0.3774625579227771,-0.9622398297192242,0.005516101503624511,0.00918944951274319,0.006233405364428337,1.0459813915809528,0.01239873786249345
42.19933295249939,0.4751173133531236,0.6884398523711571,-1.1751776038965116,-0.01539414997026757,0.023948892014372756,0.00726075470226423,1.4424729780764203,0.029381079640980322
42.2496280670166,-0.14236711979714928,0.4080692461439571,-1.172644509188044,-0.0018081814257936764,-0.0011080899671702042,0.00282469457937169,1.2497535962647606,0.003532178210489998
42.29941201210022,-0.33206199890172383,0.44730572340005254,-0.7328277427019644,0.0022156172885464277,-0.0073268176898345725,-0.0010845954028539924,0.9205346716852707,0.00773094849402521
42.34962606430054,-0.13578034742295553,0.41966379943604426,-0.6071629749902019,0.0053979456461119655,0.0012672491082570986,-0.0003983343375902016,0.750467111539438,0.005558993411154664
42.39965295791626,-0.16643121244676098,0.2276263108500654,-0.8735796191817573,-0.0015969182956977036,-0.0024027300449752332,-0.009659661286006099,0.9179621108289021,0.010081285427589367
42.44944405555725,0.01756449146261216,-0.17606145625354336,-1.150439959243771,0.010138816202169809,0.007816168948661287,0.0018806121629236635,1.1639666007077987,0.012939273284181547
42.49983811378479,-0.25050240298748483,0.2501020405120846,-1.4118884801249445,0.0010189027510773897,0.002830015706029622,-0.009033645969313876,1.455586330273934,0.00952123475245875
42.54939818382263,-0.08428233427739341,0.2743234844244445,-1.149433326054773,0.0037669052417243346,0.0016705885771867656,0.003913127841741634,1.1847167834648724,0.005682693973827088
42.5998420715332,0.17091591980520632,0.5073675667079878,-0.9931077053243078,-0.0009852530104913725,0.009783838739418172,0.0027263662277366182,1.128227376801572,0.010204278356717092
42.64989709854126,0.017936233415953996,0.7694024755530074,-1.0406951770155521,-0.009473659766165474,-8.103407451229118e-05,-0.005008349878940594,1.2943524749154225,0.010716359661572524
42.69943404197693,0.10525540503683115,0.7020216859058587,-1.1437617322322258,-0.007563393635465384,0.0071868658557108925,0.002921315042272178,1.346144140829812,0.010834668693097498
42.749415159225464,-0.20169907658971964,0.499150066791636,-1.0037291819846548,-0.011356739765155993,-0.007680183853183575,0.010924979776508168,1.1389932297616279,0.017530429122793588
42.799731969833374,0.027169399154805887,0.44019493280233973,-0.8529665009650329,0.006452348232720324,0.0027359666483941043,0.0014290324438258587,0.9602403901543722,0.007152653000315397
42.849663972854614,-0.0006159394792029302,-0.2078386108486522,-1.177450751287501,0.003525065939253232,0.012501047975912501,0.005895232571466363,1.1956536033686513,0.014263802348736723
42.8997859954834,-0.0950722493681522,1.196574254453393,-1.0439330825520865,-0.01597627987468383,-0.0009808768353707796,0.004657512524590564,1.59079381437926,0.016670214783172786
42.94947600364685,-0.14487044539391458,0.8967174618727033,-0.5542797690530132,-0.014894805363476453,-0.006579476379687561,-0.005797204219364447,1.0641032444070058,0.0172844529276379
42.99967002868652,0.09416460861631967,0.20840197169183228,-0.3327705603303398,0.004084639786687493,0.005427755149572421,-0.0035081393225635587,0.4037754340514988,0.007645380936043481
43.04945611953735,-0.14585670003284487,0.28413158236720576,-0.5905137155780645,0.007968184863163964,-0.0006860148530228293,-0.0006076362434264148,0.6713504161976627,0.008020711202658317
43.09969615936279,-0.45272771223775415,0.4536222783582543,-0.3683783311900444,0.002515035894650619,-0.01793673776907678,-0.00021120023211838705,0.7392145478420499,0.0181134362528498
43.14990305900574,-0.2779454484249592,0.8629902475382244,-0.5475099421896831,-0.020304543541022207,-0.00941112459983726,0.0025668188573184448,1.0591378458174308,0.022526258315335335
43.199668169021606,-0.28221877943442786,0.4982739573536408,-0.42812408263833324,-0.006805391262205318,-0.009684644695788776,-0.002500756521198619,0.7149927315555246,0.01209791206339704
43.250123023986816,-0.3062873199686985,0.3127166595487156,-0.5530671100353979,0.012302894743655944,-0.007138378464976736,5.1260221340327056e-05,0.7053274840354813,0.014223933836777102
43.29966711997986,-0.059105445147665844,0.7543262675527385,-0.6240764551445113,-0.0025019218321107556,-0.003980275545167905,0.00017717073868527136,0.9808022193245122,0.004704635558691065
43.34946799278259,-0.16348279925175818,0.22337484430463123,-0.711714812976476,0.012130102221869209,-0.0024709056828153978,-0.0018325842794997538,0.7636497375953515,0.012514116826521773
43.399847984313965,0.06626475028502152,0.8432209391818004,-0.9849024454773379,-0.01365136527503574,0.01357212805936868,-0.0005119675656014746,1.2982470475653756,0.01925680515351864
43.4493350982666,-0.3247515646712082,0.20578521131948468,-0.6675985563238763,0.005938486253404443,-0.007567011340448922,0.003981119387156778,0.7703888397166244,0.010410311771659467
43.49988913536072,-0.048282547141392164,0.09158674864987895,-0.6133849931880895,0.0015842981575651023,0.005767810300796116,0.0032085815801674482,0.6220614814912344,0.006787682378737518
43.54941010475159,-0.4012436251866754,0.24555290067080499,-0.5609289091890399,0.002107049512355333,-0.00955142575283867,-0.003460164168410125,0.7320750746643391,0.010375072415740334
43.60009217262268,0.0016089525209725848,0.2639985871935887,-0.5986406727571534,0.0033545513239610185,0.008455756841943763,-0.0008588895990906073,0.6542694382649726,0.00913731523471711
43.6502730846405,-0.050865233249160494,0.8683706562644463,-0.8591709530922494,-0.010787499990927506,0.001431160255589171,-0.011442025417727326,1.2226322403945027,0.015790450322627193
43.700329065322876,-0.13388664870215813,0.07041013473963793,-0.8759136689886905,0.010606755896704746,-0.003292963901347466,0.001105576611907411,0.8888801816307856,0.01116105647117042
43.74971914291382,-0.007989473886120459,0.4345049062653894,-0.7953625740190241,0.0042209922690446605,0.004856581800364599,0.00794793514298167,0.9063442885635896,0.01022608603308277
43.7993381023407,-0.39105660563366573,0.4258732152631585,-0.9450493786690768,-0.0009884547739921947,-0.006130507110320509,0.011204548311737903,1.1078860918032654,0.012810232751202726
43.8497200012207,0.4456194264078522,0.0944325729142069,-0.7657628274373507,0.008213089969169328,0.023595551553254903,0.009650751617201837,0.8910033063373592,0.026783239287302488
43.89964318275452,0.14541147697519244,0.453894285595161,-0.6324811317394945,-0.006361018293113957,0.006798107268337663,0.00011959420766941193,0.791957639106108,0.009310806567191902
43.94942116737366,-0.34789653873037274,0.743119063733561,-0.7523628828209051,-0.018853027389393432,-0.003156953123026149,0.003101565952349409,1.113242045554964,0.01936550299173705
43.9997661113739,-0.19834960056178866,0.6083660956278631,-0.874982409934782,-0.001327431972364674,-0.0031517408180696373,0.006960017619507414,1.0839954280566826,0.007754830177985581
44.04941201210022,0.01150225337148153,0.6545894511863602,-0.5637266222281059,0.0047685892403452924,-0.0024414942137850996,-0.0064241005752564435,0.8639486998924135,0.008364771696830297
44.09969615936279,0.19095279354151273,0.06993882672557385,-1.0178117501622983,-0.0008178601846101052,0.015467387720635242,0.001899936238321318,1.0379283056230322,0.015605086859473576
44.14983916282654,0.16664104677316238,-0.30082759386776253,-0.9469560637547836,0.009082954005556185,0.008206877355491015,-0.005726801538359214,1.0074682458439455,0.013514775072300457
44.200324058532715,0.5282368574892521,0.33656171994269174,-0.9544961700545513,-0.0021210588205132336,0.022716120999429105,-0.006221255153976393,1.1416527088347446,0.023647939856817523
44.24984097480774,0.10579061139422001,0.3161045235322464,-0.8153350112037584,0.006972694785643734,0.009493889003312278,0.008250593402206631,0.8808432912563643,0.014381400921658943
44.29971408843994,0.028695711056910295,0.3954125066323878,-1.1045274676035737,6.267646580067732e-05,0.0036262377183831594,-2.700690745971499e-05,1.1735226546279938,0.0036268798853340183
44.34986209869385,0.09179797477311319,0.08127327096571044,-0.9557794685516345,0.010774386567888216,0.0016442357654366559,0.007132563470922186,0.9636112313847094,0.013025527967547598
44.39972114562988,-0.26328001817228014,0.15035880542681362,-1.0943341379468252,0.007830794890460964,-0.0015189467588507578,0.0009148249552956599,1.1355577236820662,0.008029038085071242
44.44948196411133,0.00829462183769563,0.23682701352058508,-0.5063662047535596,-0.00030625746550932634,0.006967094136483935,-0.0008197167697953253,0.5590729544532035,0.007021832376559035
44.49979114532471,-0.40158343936841373,0.060845901354961686,-0.7983405308986244,0.0005716247155248687,-0.005399258012003018,0.0072657878591855804,0.8957226611860167,0.00907030402523897
44.55005097389221,0.17083858084770615,0.6851844496381416,-0.8720144907611983,-0.015489134902436346,0.013319768698536799,-0.009368388257726075,1.1220841424908798,0.022474346191956113
44.5999481678009,-0.42826597138199085,0.700255290755902,-0.5336900898222389,9.993583072643375e-05,-0.006911262284275848,0.0013006705437157288,0.97907830455478,0.00703329776105111
44.65010714530945,-0.08177194994442827,0.49434485922158783,-1.0266985478624566,-0.0003576963448325819,-0.004364127111916638,0.006843817743769197,1.1424418583977929,0.008124739591765543
44.69951605796814,0.32358470923646393,0.290127924909142,-0.6329015538511824,-0.0009605168588209617,0.010273868340972422,-0.0024958023922512632,0.7677536413010184,0.010616213680257282
44.74992609024048,-0.03382631496747214,0.41599662346671257,-0.4405414401648796,0.00012805238078408205,-0.0009396237291531683,0.002697249326766199,0.6068559720580582,0.0028590984759803034
44.79950308799744,-0.049256665307523304,0.6271352691008283,-0.7362357896568036,-0.004064945205350761,0.0013898799119073683,0.007425487873154067,0.9683842227127426,0.008578660492546951
44.84990310668945,-0.11888297389426028,0.015030879427812602,-0.6079165263731966,0.012047501535861076,0.006276659069739285,0.003242130913711605,0.6196140668641814,0.013966035772400121
44.89947700500488,-0.11345350657461492,0.7244490577196494,-0.6967860735922251,-0.01714378724310007,-0.005851185283043884,6.924808437366371e-05,1.0115379220459477,0.01811492769928656
44.94952416419983,0.0487403977080841,0.1359315426532643,-0.6198873070346564,0.006457670943061074,0.005261721708630577,-0.0018047386903583347,0.6364851012235219,0.008523163209067739
44.999951124191284,0.2012089294003599,0.27551554943139556,-0.7253997930212754,0.001700796913844082,0.0034044169325337993,-0.0005848927148188754,0.8016225489369869,0.003850307037174125
45.049777030944824,0.07815439680101972,0.41640667698271605,-0.6841872703453314,0.004870310394733605,0.004320200640346271,0.010866234687927058,0.8047452089187701,0.012667245683533883
45.09951210021973,-0.06892938520952036,0.1760834121673914,-0.81085246116268,-0.0061966033733899945,-0.0004516891919071888,-0.0003323270942303378,0.8326093573576082,0.006221925569367863
45.150081157684326,-0.059898923598916264,0.11703162942658796,-0.8531116156747828,0.0030818927679941116,0.00580095883550322,-0.0013470390532228965,0.8631823168565198,0.006705497793268216
45.199743032455444,0.10408326470318888,0.3005064946101323,-0.697638528670564,-0.002433840868389217,0.007344322358685822,0.002990611112136323,0.7667052862604854,0.008294962754887288
45.24987816810608,-0.20294172020178802,0.09619651709212029,-0.8097834400828394,0.003904989603415288,-0.0017730756470908438,0.0042002869579711,0.8403501243716889,0.006002928583815588
45.299551010131836,0.018285293467163656,0.401918069478794,-0.9540600295021384,0.0002821549045594572,0.00451339741258582,0.00031168181668534767,1.035424080473485,0.004532936481901727
45.34977197647095,-0.1572616518075808,0.6796648639251373,-0.9719229981733802,-0.0008549684630020903,-0.0011083296304087104,0.002827389633289105,1.1963736325922418,0.0031549164459301875
45.399556159973145,-0.04967764003796292,0.29402923420517324,-0.8759871026120267,0.007234832624766578,0.00021180134045363012,-0.004706197121009235,0.9253509941798492,0.00863342077383006
45.44976997375488,-0.03464377155395405,0.30263928269201157,-0.5667365877684222,-0.003260417875028057,0.0018456048638377538,0.005618584894864419,0.6434136198832072,0.006753153208244476
45.49977207183838,0.011342581260175857,0.5787071551093698,-0.45696340894127935,-0.005505685391741681,0.003182114463836802,-0.0065595503699736645,0.7374592752387475,0.009135979703897047
45.54953217506409,-0.21956347872339177,0.6601199663145558,-0.7024656714637519,-0.009074993403230779,-0.002402048676432502,-0.004229200793733319,0.9886478193478543,0.010296187763747699
45.599924087524414,-0.16164864670422738,0.2253563549331901,-0.6372247380213732,0.004419506628158585,-0.0038957121161245166,0.004378385096499574,0.6949612495934503,0.007340222597531127
45.64978098869324,-0.0769526288680418,0.8045492323307675,-0.9056476383419119,-0.016760208324599155,0.0025295655829211524,-0.0021796905470948622,1.2138446437530679,0.017089597303721255
45.699795961380005,0.18456987428265523,0.8545264700387135,-0.4455301919725663,-0.009379113156303182,0.004471565935793769,0.005571642538125282,0.9812128609270525,0.01179007489753724
45.75036311149597,-0.13632240600568787,0.3504716940923769,-0.7851377558270721,-0.0008242583649574655,0.006067211424750928,0.0026332135570208996,0.8705489660922764,0.006665153408715301
45.79955196380615,-0.3327078987511991,0.8218726703854191,-0.8794554309807461,-0.004237779527286638,-0.006607500227516908,0.0068555542697053325,1.2488439002931582,0.010421922035949069
45.849920988082886,-0.2261290862136066,0.37648847851073924,-0.7224030984642125,-0.006043092782346604,0.004765256753788492,-0.0023443112696135276,0.8454254400914529,0.008045025645354616
45.89955115318298,-0.02050783796379122,0.5913502777179035,-0.6891527046706615,-0.01034506747301266,0.0064663616050527955,-0.0016211696583439293,0.9083210735912046,0.012307007942210018
45.949790954589844,-0.21361478463098452,0.6057098544155949,-0.19650270235836978,0.004743622951968562,-0.0119599966567652,-0.003357342106965926,0.671661384912997,0.013297188603741924
45.99979496002197,-0.14593449137303094,0.4371209283532674,-0.43959157741747656,-0.009267506852958617,-0.0008114260935459102,0.00882043751417453,0.6368770185154374,0.01281971971286344
46.049535036087036,-0.26836438006841595,0.7970953642395688,-0.32950043443335375,-0.007340693762834594,-0.011913415968618436,0.0027194200520803007,0.9033000589358361,0.01425519240069063
46.099589109420776,0.05798077561343678,0.5562680438793879,-0.8442348392895643,-0.002312420248425032,0.003988513028088818,-0.0026109982288609686,1.0126837467108933,0.00529838044421835
46.149779081344604,-0.16198360632239947,0.24922369568491934,-0.2961992889135167,0.012219229662941127,-0.0053638506053415,-0.001120799975630166,0.4196250206564574,0.01339166380467697
46.199764013290405,-0.005519371299649474,0.2821483972217843,-0.48610645549303266,0.006029801060048549,-0.0011610997402179805,0.005981268777354721,0.5620833279740335,0.008572177647334154
46.249794006347656,-0.24005505525655813,0.3907296902954388,-0.6732459412057807,-0.006330908176198444,-0.00019112703286175683,8.096794774605157e-05,0.814589600831398,0.006334310040305026
46.299561977386475,-0.16788927110202018,0.5111103913102734,-0.3528969729502305,-0.0024435660469135255,-0.0052088321389412535,0.006867760642424617,0.643394834432127,0.008959301508428684
46.34993314743042,-0.5697067370993504,0.04816389415629572,-0.6295897202568866,0.011193103661292343,-0.006617396976458721,0.002558642255325622,0.8504520814542299,0.01325225122412109
46.39956212043762,-0.46426183479651384,0.1325005082896903,-0.36592738813908543,0.012519086526225073,-0.015805461381033822,0.004271275699217407,0.6058038373400624,0.02061028706780153
46.44984197616577,-0.8298994226479143,0.668053438951598,-0.44982125643464266,-0.008315110262919716,-0.019340370617196075,0.007624701304176554,1.156446112772592,0.02239033417063992
46.49959206581116,-0.08609566449187075,0.5082649217729699,-0.20679569262083577,-0.005014904982462628,0.0024887182491568844,-0.005568264444722798,0.5554369024792206,0.007896110398998934
46.54954218864441,-0.1790422879036481,0.04512330806434811,-0.37899661649881194,0.011956564607982162,-0.0022468275859361926,0.003470633394543513,0.4215811773620715,0.012651204195059699
46.600046157836914,-0.2614483521799693,0.3099659469130396,-0.19608105476004847,-0.0005271443435149903,-0.002012824320209151,0.0048240057459874594,0.4504241436014855,0.005253605841728641
46.64980602264404,-0.04657364910199903,0.6423386451138189,-0.4550269952962537,0.0012320964349296305,-0.0029543709311622693,0.0003632495762629016,0.7885541238530616,0.003221539923471087
46.69961214065552,-0.1832167824317237,0.5393117782815825,-0.4412031367909299,-0.004525000284963387,-0.0004734099473799538,0.002035676725903882,0.7204760866760481,0.004984347930229567
46.74987602233887,0.1200183612606122,0.9375832118663615,-0.42362651104321536,-0.0078107167943359,0.0031268368143492547,0.006575876668168066,1.035821464863503,0.010678321930895688
46.79959297180176,-0.24685800179019077,0.27976091464225605,-0.5253094723853715,0.00203305828536239,0.0006744720789300963,0.001453757158519143,0.6443252937663668,0.0025887542279796664
46.850465059280396,-0.12325708779079547,0.2303672667176736,-0.7936371271439628,0.00763361234522478,0.004061249948048918,-0.004836560230343099,0.8355365203550125,0.009907477148065091
46.899630069732666,-0.07308736767781472,0.13603292517190052,-0.5577724998904628,0.012642060187108582,0.0047780089191422,-0.0076563931784100455,0.5787545953847385,0.015532913812555652
46.950013160705566,-0.7642171379430335,-0.0235771763866452,-0.4757687892949006,0.014962611773417858,-0.018222610984348436,0.0003921729708266132,0.9005218809331309,0.023581711172176754
46.99975800514221,-0.1713838226366623,0.2070494506951734,-0.6545874502825545,0.0124355445369592,0.0025936287338163507,0.00680895653089229,0.7076203924154134,0.014412895856806654
47.04954814910889,0.08341505506098941,0.4060037069990864,-0.5332879976845012,-0.0012106449597409042,0.01231371694714983,0.006599669863809791,0.6754207355287313,0.0140231568694196
47.10014200210571,-0.11649996061928003,0.5399130213310678,-0.4548688384281615,-0.0015734373629944388,-0.008313588732020124,0.003932383055869094,0.7155305525273682,0.009330332214799493
47.14971399307251,0.055918701834379934,0.6712413189329539,-0.5608758188087835,-0.0005579453081945705,0.0010965028466544203,0.002931517790108546,0.8765121183315819,0.0031792165722675254
47.199872970581055,-0.7003100969246373,-0.019618529883804633,-0.6989517860012328,-0.0019276937335244127,-0.012311626545000261,-0.0015210799656661575,0.9896225127409489,0.012554116280159879
47.24957895278931,-0.5249505491786713,-0.11491204424310275,-0.731224068687442,0.011449673333026811,-0.0014070419801640833,0.008560896820320773,0.9074505472051546,0.014365366021621157
47.29959297180176,-0.19517330343501327,0.2219171766076215,-0.6643964961452364,0.00452732886900536,-0.002028106713599646,0.004545438898779452,0.727160612064007,0.006728368176044965
47.34960198402405,-0.29114539572549925,0.3144644592609246,-0.5100696900564953,0.0006390572017777705,-0.004684767990005098,0.007290091549650443,0.6662016408751575,0.008689124238357122
47.399593114852905,-0.19034690554269765,0.06308573789878515,-0.5198190015988731,0.0042620367949913005,0.0037616257022064794,0.0020726683665886064,0.5571566648611179,0.006050680930541387
47.44961214065552,-0.18742922297736236,-0.021499261947611654,-0.8859382599758356,0.012161372888382883,0.003215413199301571,0.0002572668827307752,0.9058027005806514,0.012581894087198755
47.49985098838806,-0.30994082444302096,-0.1106971351264131,-0.7763463095175889,0.008775441767747092,-0.004477087476420407,0.0015877599049908741,0.8432264006085168,0.009978660832323006
47.550098180770874,-0.31307052620547515,0.005389193941922686,-0.5341949227054099,0.012900430110489013,-0.0036422271449728936,0.002539186957084856,0.6191982018983546,0.013643107637712855
47.599600076675415,-0.29753484508472233,0.26575205976168387,-0.7840176580231429,-0.0004378816873016222,0.001099789119617933,-0.016168577270982348,0.8796788217294204,0.01621185268399115
47.64985918998718,-0.17922938902849586,0.050696501167757126,-0.8693957115559255,0.01893045522083446,0.00047490156601724296,-0.004987174294908068,0.889124407714699,0.01958212383305795
47.699881076812744,-0.20985103684950432,0.7552258344578207,-0.7178197462431656,-0.007300193289239309,0.004926474212646759,-0.0010136434426245332,1.0628587426351284,0.008865125112309687
47.75004506111145,-0.17594139946794515,0.383653003121026,-0.9129190499870302,-0.006898880817378376,0.006972601874098463,-0.011719537127598482,1.0057664712445642,0.015282646495690203
47.79988098144531,-0.20292721512783848,0.19660215172873813,-0.9565886802757382,-0.0019977916598566373,-0.0007329057578739857,-0.0010923389437872413,0.9974436144141624,0.0023919713071506115
47.850011110305786,-0.22996857234970505,0.6479282316366628,-0.4671723158661372,-0.005931751654987761,-0.009188310900871044,0.0005390346530695446,0.8312319233114813,0.01094994489779403
47.89951515197754,0.20612554084806267,0.306602794350599,-1.0672309775276887,0.001560940398867378,0.013987222548817761,0.001827267563192804,1.1293692803898148,0.014192175178825437
47.949947118759155,-0.37612111041449375,0.637126620283242,-0.6306327460354629,-0.008637441952192265,-0.0045685502350027146,0.009737111773958666,0.9721600075837347,0.013794506168246791
47.9998300075531,-0.27042462448323557,0.23249874650041744,-0.7496988540458579,0.006092988273220046,-0.0044659397891371674,0.0012698040254822565,0.8302008891881753,0.007660386841467372
48.04997110366821,0.06236834650100451,0.2738098476308531,-1.2622447426661385,0.0003087650372934559,0.0067387911809853734,-0.0027168351472463717,1.2931061184965473,0.00727240232980095
48.099788188934326,0.19629917443571485,0.17809406988785997,-0.987784789751027,0.0028783246847099396,0.014478841905383079,-0.0045475852896183075,1.022726578552081,0.015446752017108337
48.15009307861328,0.05850713348299123,0.019617191777323267,-0.6195880218769809,0.00674131844595647,0.0015908706118378591,0.00013841119965705463,0.622653383300095,0.006927871343608572
48.200196981430054,0.05114096861043915,0.4861085669840489,-0.8324623686164222,0.0024987126512057076,0.00010937563634039759,0.0015244160088369112,0.9653551329578993,0.002929056522349574
48.24983501434326,-0.31976556147258206,0.44150324999073287,-0.921075937140514,0.0010239162145425338,-0.005496415600631899,0.0026738587102635167,1.0703065056494476,0.006197459904809785
48.30006217956543,0.1241753092527008,0.8335691693813605,-0.7852348428934254,-0.00797198025071292,0.00016403699025540776,0.002169601476638668,1.1518901102383845,0.008263567499534422
48.350106954574585,-0.07198663496582614,0.13557267194162595,-0.83482527609109,0.0025434178412290375,-0.0033348546619025314,0.0022231498919551575,0.8488199258922116,0.004746854260791609
48.399474143981934,-0.14204903628764595,0.18285272118971832,-0.8314435825177137,0.0006053694951201465,0.010070676719815517,0.005922153336566882,0.8630825437156193,0.011698585468443034
48.45031213760376,-0.07026577901141699,0.5079124836716159,-0.5896595883322432,-0.00021329469366042038,0.0017155823087043741,0.011630323719487119,0.7814158949507626,0.01175810984403309
48.499632120132446,-0.42018352308342066,0.5234764829327536,-0.8286797673197388,-0.005995495377005903,-0.007633818518438688,0.00823351236410274,1.066438923717405,0.012728388579784533
48.55001616477966,0.030493891915369553,0.09405993776671023,-0.8529179045035357,0.008562894916777102,0.0090235314835669,0.00283783193933909,0.8586303635206048,0.012759333051011061
48.59993314743042,0.1812925540004816,0.22448967892608854,-0.7457808336965555,0.008980223300847969,0.002361941740281658,0.0009922813933820555,0.7996572128040146,0.009338511748733293
48.64962816238403,-0.28588503056482806,0.6420770406943663,-0.7026646001154224,-0.0023358525590515024,-0.008419771131721012,0.011228675915232085,0.9938464253310237,0.014227857038131326
48.70019316673279,0.06522024803498006,0.34139333250428017,-0.5446179415711531,0.0008997749979454516,0.009244138785145259,0.007494140049169001,0.646074137010082,0.011934229426423533
48.74984097480774,-0.3868560359277795,0.31972557603831897,-0.5943258383549109,0.009354330617738221,-0.008598119219789035,-0.004995739317099592,0.7778851063255151,0.013652419812915036
48.80029916763306,-0.23264218367478723,0.5570013340072542,-0.5546192685480744,0.003711818382894676,-0.007486009385499161,0.007136359785376081,0.8197410595765197,0.010988428605296998
48.85026407241821,-0.09286797124314691,0.6363225852241258,-0.7741620851895425,-0.004962025074198198,-0.003356303235195032,0.01109879881263166,1.0064083796820025,0.012612287632575868
48.899633169174194,-0.4913244256044007,0.5578953672697119,-0.23030848016594913,0.0011782944863038772,-0.013770163556139659,-0.0061986026461846155,0.7782601930285593,0.01514689595344795
48.950287103652954,-0.08392611924383361,0.39755368236123434,-0.4452825566659404,-0.0002651907073157011,0.00413655925752319,-0.0037649645320009984,0.6028010278037553,0.005599679145225456
48.99977111816406,-0.041837511175684794,0.30141930096257624,-0.49184523262216717,-0.004677210217957935,0.009883658441189708,0.007997963675306917,0.5783733268290451,0.013547340054660162
49.050209045410156,0.19411925036251293,0.653778654483696,-0.6146690980097113,-0.003245732079236031,-0.0003255598962651208,0.004724385910902043,0.9181105121214373,0.005741131265819284
49.09987115859985,0.24412475718048118,0.7099706857433602,-0.5128476351861098,0.0009665101582174183,0.007576079126646538,0.005348302786080392,0.9092128290996069,0.009323918677827584
49.14987397193909,-0.24103263071522257,0.34752389797607863,-0.5246312145369352,0.008745310898297698,0.002705366723843454,-0.0046546875232173724,0.6738749884069659,0.010269643993691282
49.199865102767944,0.33409631651881305,0.5794784782678392,-0.3144533764744602,-0.0026619737711179284,0.012040976782695367,0.002352896729573123,0.7391187871128957,0.012554176566368841
49.25023603439331,-0.16797133365280853,0.6634144522972406,-0.6169568519322243,-0.004374046029975072,-0.0032802923068294748,0.005601540149721231,0.9213950627130967,0.007827505882433068
49.30030107498169,-0.8322225003625461,-0.13127443525674137,-0.8288149255958783,0.009962176926418584,-0.021059159433891177,0.008563100972521293,1.1818466264080825,0.02482055324606826
49.35019898414612,0.12494703024273034,0.3178815103249801,-0.6489098466179012,0.001128890113293956,0.008183350200453004,-0.00020754414446084361,0.7333105781390558,0.008263454965270098
49.39957618713379,0.3968639386458394,0.7914019305967088,-0.6080886787636404,-0.010313846468030413,0.02015053602853833,0.004386450152829795,1.074052998129141,0.023057763901705327
49.450247049331665,-0.3876854181113387,0.6968455492500725,-1.1546715670725674,-0.00411387023257199,-0.01018085575986789,0.0008027082856319063,1.4032676618277844,0.011009908850008668
49.499886989593506,-0.03837156982777425,-0.2019672103762845,-1.126265112507496,0.0014921532747021959,0.013001491416515744,0.00017451253571318989,1.1448738948415884,0.013088000423061503
49.54994606971741,-0.1351322388904668,0.1315083544093612,-0.5626837958871536,0.00275984246124678,-0.005255772617377138,0.006230972205697065,0.593437632292547,0.008606096144282921
49.60022211074829,-0.10137670023193004,0.4299583902979852,-0.7670418206061524,0.008771243140839114,0.0002560266740469556,0.007111451241572257,0.8851523074004554,0.011294821585788789
49.64958095550537,0.41755363971716936,0.8243590917066261,-0.8934698715394104,-0.010232803434254003,0.024771418512801572,0.00796043764283105,1.2853821865379493,0.027958934327435486
49.69985604286194,-0.1491087898206998,0.4301608860333082,-0.7775079595530976,-0.0008064291422776247,0.0005268305553074702,0.00039190921449350793,0.9009941432901635,0.0010399380885058116
49.74963402748108,-0.2653652329912431,0.4741936593530007,-1.096096114209751,-0.004281526762463378,0.005125767316158883,0.0023297127573085772,1.2233989639675202,0.0070733671987716785
49.79998707771301,-0.6213071078364656,-0.2426847294320882,-0.8304115994096536,0.021948939232259823,-0.010293829076977607,-0.0023404320040760463,1.065129956663382,0.024355625068003643
49.85022306442261,-0.041112712345296676,0.3034263281937195,-1.3128871748247632,0.001516459692366934,0.002216802567486075,0.0016330420413662404,1.3481211093877503,0.003143356475275448
49.89973306655884,0.10069674820672711,0.5434834035009503,-0.7849058514894645,0.002454117103630624,-0.0011576681370336194,-0.006131020614187639,0.959995437844778,0.006704647645136098
49.950101137161255,-0.4391656655639084,0.40922493146057803,-1.4008567876191909,-0.0008759788078763727,-0.0004166962744888016,0.0044928849750317185,1.5240509393579547,0.004596410562154683
49.99971008300781,-0.08067811992553728,0.6006326129466734,-0.8827358352993493,-0.0005058340917827891,0.0037246700265239517,0.0093192509580372,1.0707432230425311,0.010048754816084075
50.04997110366821,0.2531985324294239,0.6730709477720238,-0.8270484701389521,-0.007613910939810457,0.013254243095600086,-0.0016178975683908557,1.0959667739116572,0.015370887820110878
50.09997797012329,-0.09200047343629293,0.327575797550699,-0.5985719066406116,0.0044769472542948935,0.005530572060895821,-0.00071250516667072,0.6885189305116132,0.007151080173724282
50.14973998069763,0.245486787567952,0.4370645780828347,-0.8319393615236708,0.0037035127519458467,0.010874451644393523,0.007764062951607719,0.971294141616005,0.013865438283249688
50.19999313354492,0.10893941045469213,0.08622761012900869,-0.8685361599943546,0.01144954766203569,0.01334044775186187,0.0012983160435455312,0.879578340522614,0.01762796960612058
50.24963617324829,-0.2087440351802567,0.5617835978590693,-1.071789286431763,-0.00548650856784302,-0.0023999498727080852,0.004743331785560729,1.227968711961638,0.0076394196169890525
50.30021405220032,-0.33620189513253096,-0.14611591232663226,-0.8727672660430654,0.00634534784727963,0.00019035050401520294,-0.0026600408278433206,0.9466278438763759,0.006882985531231956
50.3503839969635,-0.11596209078139275,0.3447151078664331,-0.9042453872185457,-0.004439726907575846,-0.004168488384950084,0.0017331023662603294,0.9746463114359877,0.0063317544362722945
50.39997315406799,0.1457166537569107,0.7298127836743579,-1.017497199815447,-0.012108101847385085,0.01578021710158148,0.01290262225560014,1.2606191312323092,0.02370862803264674
50.450528144836426,-0.19564562553734602,1.0484822799450617,-0.9817990528542219,-0.010371711435194213,-0.0061652411880878276,0.002871009395176133,1.4496626098289702,0.012402632460466715
50.499778032302856,-0.36720470864658517,0.3251128359579943,-1.0179433429848668,-0.008159800360048935,0.0014876488878300866,0.0058156144028779205,1.1299319907339906,0.01012999565707103
50.5499541759491,-0.2039514185476735,0.40266231741785313,-0.9115721031029455,-0.004863712856851362,0.005062968347162241,0.0036478374872389633,1.0172004827719319,0.007911767790549333
50.5999710559845,-0.5192684296865285,0.25659002697203637,-1.2724336967436751,-0.003727261742760182,-0.012098825983019352,0.0066242242736877085,1.3980578159072674,0.014288261528070561
50.650209188461304,-0.4413518280391444,0.42856066660571795,-1.1485960844755054,-0.00018682293487052085,-0.004715383502442459,0.005560562287481828,1.3029691655398044,0.007293119863067197
50.70000910758972,-0.1521904159430894,0.6884655860745967,-0.8017013302114087,-0.007587198643723026,-0.002615330357667305,0.00815000239142249,1.067647792474986,0.011438010103127248
50.74970197677612,0.01626915353134059,0.3006765406498498,-1.033032315105419,0.0034695138990918726,0.0052046102744359455,0.001780784920386642,1.0760236203289633,0.006503590526580864
50.800225019454956,-0.21183704172555362,0.5816663346003257,-0.7558789949315668,-0.00011836334242260103,-0.009988599251228032,0.004354544478740889,0.9770177644409377,0.010897163965903947
50.84999108314514,-0.20895122076275166,0.6460814219731198,-0.8046725828595558,-0.004033035950514556,-0.010420087306958587,0.0048625605831257145,1.0528911539579584,0.01218556908344252
50.89983296394348,-0.5019559890761489,-0.08078030874560597,-1.0951645634574525,0.010147016385056835,-0.005966240824772076,-0.008937018156063814,1.2074231628983283,0.014779318814465136
50.95003795623779,-0.09352521131445489,0.3740715139789855,-1.1238821503856116,0.001832965779215695,0.007268689826217052,-0.005189158503974917,1.1881866649131063,0.009117070873745706
51.000521183013916,-0.12719045650600602,-0.23400054221021013,-0.7204713797789731,0.021215471919581768,-0.0007776581968741067,0.003364852261699341,0.768122825504812,0.021494725673634245
51.04972696304321,0.1065491914945878,0.04977442642521474,-0.8290336713009165,0.0023376465609236353,0.01295667563465595,0.007991430364039596,0.8373332979672943,0.015401395852609572
51.10001611709595,0.020619075468465413,0.612511473217249,-0.9535405280709,-0.014174410443335948,0.007231972814048329,0.0011318211660636954,1.1335056196462678,0.015952942090762916
51.1500141620636,0.09385057455094634,0.11937838747487897,-1.1562949108975251,0.008330898032576257,0.003305728464159743,-0.004794365674842047,1.166223413719327,0.01016452876094325
51.200000047683716,-0.20352501798122594,0.39665301427960653,-0.941517185872288,0.00298404631265363,2.8620647648918233e-05,0.0010987940266756735,1.0417344469557626,0.0031800471459699636
51.24969696998596,-0.176305310421295,0.2105115819005578,-0.6027253262878531,0.004239552484100785,0.0040950105615225425,-0.0026111624981430465,0.6623265867725856,0.006446788840665944
51.29977798461914,0.07015481783641694,0.05716676432714228,-1.106322347550473,0.006278820049104146,0.009322902277271701,-0.00026712092355585834,1.1100175107172345,0.011243284291895824
51.35011911392212,0.04194322364452711,0.3523754855026589,-1.0373179834274713,0.00026781568045372106,0.006973439682371938,0.00063670057508334,1.096337683168359,0.007007565473449961
51.40007019042969,-0.33979312439773746,-0.04560392961016459,-0.6345029845817635,0.011611755468738076,-0.003949019809998141,-0.005626696332189781,0.7212025535361274,0.013493973993609305
51.4500150680542,-0.49698390589754204,0.07069083967820712,-1.0527467187944783,0.004780516724958208,-0.014847400539435576,0.0016275000037054058,1.166304356275894,0.0156827101993915
51.50050401687622,-0.181426338704817,0.654641889710084,-0.9822172542726256,-0.001841335894985998,-0.0017291511276169575,-0.00036725473911410663,1.1942454750719722,0.0025525198419805973
51.55002999305725,-0.11373856947971817,0.5451227760011358,-0.9425246416910653,-0.004947869289087257,0.0017797589724562388,-0.010950034447314043,1.0947364994816553,0.01214710693536924
51.59965801239014,0.1521566706062426,0.19654377008699717,-0.7535816179800904,0.005869435662309825,0.009733713180233547,-0.004222731707154869,0.7935151926254959,0.012125465365900713
51.65014100074768,0.18944363944380604,-0.2356745647879621,-1.0460186703744414,0.014390321280096239,0.019273482102682822,-0.002810570653462509,1.088846385761382,0.024216683635562702
51.699951171875,-0.19799725593483208,0.7061159531689558,-0.9960289159501704,-0.013997017168749341,-0.0011343078939030267,-0.00573319000197442,1.2368816653529544,0.015168144633381302
51.749963998794556,-0.3534473457215485,0.4385239968540967,-1.1247431089525786,0.003431701716055406,-0.004695243012448308,-0.005051907650324532,1.2578852821902369,0.007703483271957551
51.80014896392822,0.4421003551177065,0.5360658886784001,-0.9590819663300799,0.0002558543626041463,0.009014467952039083,0.001080348935177734,1.1843384563288222,0.009082579354728641
51.84996795654297,-0.07120831612427922,0.25779450986321295,-1.0014635982224298,0.0026610927492736543,0.0039870591729272,-0.008110258820913934,1.0365606456765981,0.009420952903548134
51.90013909339905,-0.5073945011629568,0.0967910069499268,-0.8658182820853741,0.012877233430723488,-0.017238875690645722,-0.0070142327531110904,1.0081959018117734,0.022631867731623366
51.95004415512085,-0.3020300060007731,0.6245412169952851,-0.9006725278936611,-0.004591302466625429,-0.008775900284829325,-0.008179224477895396,1.1368750409579482,0.012845084554377655
51.99973106384277,-0.2950084712956286,0.46174123408455914,-0.9311521196214528,-0.0013766059942882766,-0.004317509468613973,0.001023155358088957,1.080406976683157,0.004645726957309035
52.05026698112488,-0.02319867576976037,0.7539034115619264,-0.8947882342620685,-0.011866426065662945,0.00754366202627777,-0.00436643742251363,1.1702796745633124,0.014723609615283803
52.100133180618286,-0.2998341216807415,0.26321065970902735,-1.1025787148943793,-0.004258331753766862,-0.004134350566237258,0.005394561356557282,1.172544316623753,0.008020444885375538
52.15024518966675,-0.66564779833368,-0.1578387296129517,-0.5953137588799587,0.009835341983583568,-0.010830286716625554,0.0019090069868017384,0.9068619120373794,0.01475375782551738
52.19995403289795,-0.062079740530929295,0.13307699136882173,-0.6580979014836162,0.0064751055918314615,0.0021941526190335948,0.002028874161029516,0.6742820090683901,0.007131453463514452
52.24972414970398,-0.08432298373973009,0.36930671879097965,-0.6496373690123538,0.0031045397937795806,0.0087333358131198,-0.0025716639416885024,0.7520149794706377,0.00961887608740557
52.30030918121338,-0.47256518682279025,0.7830820814219438,-0.7060694322725546,-0.007899185366937997,-0.008798209609543597,0.0008006657840799198,1.1554520523287282,0.01185102052536021
52.350319147109985,-0.5761682250920425,0.3633195334449555,-0.9955844868791253,-0.005604442641040943,-0.007632439059806394,0.009872896602520912,1.2062998704728214,0.013679838838321351
52.39980912208557,0.09489119831225908,0.4027551183047671,-0.7069206477657637,-0.00979933873442868,0.011309297569539222,0.0038652656428677036,0.8191171021748908,0.015455339842216137
52.45021104812622,-0.026316105884834247,0.16952831479974403,-0.9359477267593526,0.002813617062043713,0.009084944948431027,-0.0028742439795345627,0.9515411363539584,0.009935489124433513
52.49975895881653,-0.3721249284146898,0.21313324029365804,-0.9269900252764359,-0.0010027338048902946,-0.004958885765829408,0.002632237604324842,1.021378111880081,0.005703042865667158
52.550358057022095,-0.21519269151078735,0.10747817617230984,-0.9350329289135172,0.003430840054771407,-0.00013233873749270684,0.006644006372721292,0.9654771001870388,0.0074787029425981465
52.59977412223816,-0.019726029829419754,-0.03061726385668368,-0.9447004271278003,0.00353773091249244,0.0018327513027357823,-0.0013343703560938904,0.945402258361143,0.004201792664340595
52.65015506744385,-0.3994488467046802,0.09309008126813151,-1.136671522884231,0.0029258655296406956,-0.005079519794318314,0.004892832321918072,1.2084069245499065,0.007635575850505146
52.699774980545044,-0.22775459113324642,0.31496279144625067,-0.9964986961512823,-0.0011714807137947092,-0.002355810518917233,0.0014628467282788939,1.0696183268853858,0.003010337325661413
52.74978709220886,-0.11918633188371167,0.4247964806044356,-1.0237933546860356,-0.012278358224213137,-0.00038393379607851326,0.004161428824859811,1.1148140045501291,0.012970080019269262
52.80011701583862,-0.2472041384702111,0.004215483026768413,-0.9257528496771011,0.005671409896189814,0.0007874736076202575,-0.006816218338275454,0.9581993503750781,0.008902013105379076
52.850038051605225,-0.27989855481303566,0.666920414325417,-0.8236987810727909,-0.0007671645268135787,0.0021233544010441597,0.0001438643274971845,1.0961777784516584,0.002262271484230158
52.900031089782715,0.08527647154083577,0.25097636671940005,-1.0847604470517473,-5.2899045530322645e-05,0.007983002199455195,0.008734341229186964,1.1166765157099134,0.01183299789290101
52.95014405250549,-0.46519547105718256,0.4537255468448733,-0.6917494450901879,-0.007122085210612139,-0.010220105943658988,0.005517412873199439,0.949100096372546,0.013624114945939821
52.999855041503906,-0.32966769920986155,0.3534392951636765,-0.9907806174240719,-0.011494162983498141,-0.0033765294105773057,0.0005770220056329092,1.1023821293595724,0.011993735362542274
53.050220012664795,-0.16486425403659094,1.0461576829252064,-0.9683804628039712,-0.025323029185533915,0.008739527202364962,0.0074987979579471085,1.4350563893251413,0.027818467133657657
53.099852085113525,-0.5011046170046328,0.42183711482023833,-0.7130997111843548,-0.01212638577402642,-0.011266131411687539,0.005476131710219187,0.9682786720332287,0.017434533760143717
53.15004515647888,-0.025298804544202975,0.8686365860607078,-1.011420714292204,-0.015351388394915254,0.00682802233391924,-0.0010441057202466193,1.3334696882396389,0.016833810364830965
53.19967699050903,-0.13577737501521916,0.6551184549114997,-1.5593260111027367,-0.009835698439264424,-0.00037809085310929944,0.0007195644883507697,1.6967950066031035,0.009869229429608425
53.2498459815979,-0.636017393065869,0.41601111041609334,-0.7115104081025415,-0.0002392550402438018,-0.01898344900084161,0.0003521711124734978,1.041071769432915,0.018988222756074282
53.2998571395874,-0.5239430853559475,0.19371033666243448,-1.0340065626498758,-0.0026092616689073218,-0.00285692158421149,0.0051660444097167985,1.1752487493399832,0.00645432120662806
53.349847078323364,-0.29717612570749663,0.37935964040751313,-1.0252107720896624,-0.002498986710274107,-0.009485186518985961,0.008340062852526186,1.1328214835839392,0.012875183348681558
53.39987397193909,-0.4581398011354889,0.09609637422623692,-0.7402126083164114,0.005924052703968157,-0.0043524231449892275,0.0012180744390691085,0.8758089380877998,0.007451288010239832
53.449984073638916,-0.08938864537136224,0.3700745644136745,-0.9158581769653401,0.0016006198118002004,0.005155492395205264,-0.005280515150930582,0.9918375438858797,0.0075514850114500025
53.499799966812134,-0.3218082886778927,1.1091512462797652,-0.5594751526930458,-0.017772150743850006,-0.008246763099819374,0.00729889345323519,1.283272967168972,0.02090770884932996
53.54986310005188,-0.18798314976265854,0.5061423515167992,-0.9010146580933901,-0.007986052323732581,0.009181872218838465,0.007364451849023286,1.0504023794207598,0.014223886958108696
53.60055613517761,0.1398413829773885,0.19201619819449522,-1.1376741120619496,-0.002627724663356424,0.013945051922515838,-0.0013832390135430112,1.1622083367529428,0.014257726333348587
53.65026116371155,-0.4169564121517653,0.1431842934628902,-1.1665126863652904,0.002424400943967459,8.314171706561406e-05,0.001986223162896573,1.2470389885565352,0.0031352376201898625
53.69985914230347,-0.19160100681057432,0.299244166425758,-0.7049521631505681,-0.0045324962297179664,-0.0007589548209035111,0.002997898439817262,0.7894400352663511,0.005486978180022137
53.750061988830566,-0.3830416203928924,0.6481960796065231,-0.7567109571612433,-0.002404169802000095,-0.006669828340937969,-0.002392467449602215,1.0674692095130256,0.007482682876604797
53.80008602142334,0.16689179583292751,0.18690397656832428,-0.8950295906077956,-0.004760321084577511,0.01745509329231249,0.004642003057654963,0.9294428094492692,0.018678574117391395
53.85006499290466,-0.284717974553048,0.4833964356097236,-0.933046318215654,-0.01806227090297225,-0.0007016858791884686,-0.000354393310599506,1.0887202904922655,0.01807936912240049
53.89982318878174,-0.2601269821845754,0.593271775064254,-1.130752780587315,-0.011581783855031386,0.0037923579996576,0.0023568699350166346,1.303165107250148,0.012412676276807432
53.949854135513306,-0.6504951727900202,-0.07389247865697757,-0.7492009770319511,-0.0010228544120032303,-0.007335505686511907,-0.0045159383798852835,0.9949402857512707,0.008674651248086225
53.99988508224487,0.154455339364835,0.3458775149737344,-1.0155956479091945,-0.007436210468137137,0.011219441886087011,-0.000862302786235246,1.0839382949572403,0.01348764873715449
54.050459146499634,0.0008763253941082086,0.4279021871654713,-1.0505782840826843,-0.008960558174626243,0.009681546401721187,0.012594383045907032,1.1343790286819073,0.018238487542462836
54.09973406791687,-0.5032343214010558,0.3349250202055397,-0.9303324655946751,0.0010608746707674972,-0.006331288796594909,0.0014080982467589566,1.1094764747100903,0.006572169623913392
54.15024018287659,-0.11419557121806326,-0.20320231773148031,-1.5737331797111183,0.011417874362739703,0.01112724849608096,0.0007630445011083673,1.5909016095726762,0.015961383115742703
54.19979500770569,0.17702465993946656,0.46629549151991473,-0.9771925511315561,-0.014026210578929908,0.012970332942416432,0.0013533647186065735,1.0971210040945718,0.01915191154697586
54.250061988830566,0.12223161711581032,0.44071108706310275,-1.3107065936587226,-0.002108959889200034,0.012350037782164432,0.004286641748555514,1.3882069748937078,0.013241844377412184
54.30002808570862,-0.2951646936599699,0.3634250398030937,-1.2657416715554934,-0.006063455039176461,-0.0025573314677629,0.0006585542432918213,1.3495561992934413,0.006613556149265117
54.35005807876587,0.15629025046482073,-0.05645612015104595,-1.101236933862305,0.0037748515703302536,0.010012907453667588,-0.0033202005782748257,1.1137040542241536,0.01120408639442383
54.39979910850525,-0.20561817223183834,0.8307345890452553,-1.128222472923435,-0.014096783789954695,-0.005397482550207476,0.001439473318022039,1.4160807669753945,0.015163252109419703
54.45007610321045,-0.30274043920531,0.5468458385449189,-0.9670157730170801,-0.004666692908842953,0.0004333069591644393,0.012197589547275829,1.151438947546912,0.013067018343528794
54.49978709220886,-0.43862058437771967,0.35259188696405797,-0.7993404242234537,0.0039993478699771965,-0.003432718866115514,-0.005531462965325269,0.9775756592665645,0.0076403811904669746
54.550124168395996,-0.35165714353551414,0.46524062961601653,-1.2989322496677926,-0.001132249100231922,-0.004962390992304759,-0.0033451093399493744,1.4238457006544274,0.006090736316874993
54.60006308555603,-0.24062647111296545,0.678939081600796,-0.8706297334469674,-0.016425754923176328,0.0008966218361866781,0.009123279646301202,1.1299803130529082,0.018810730634879442
54.649775981903076,-0.5460048260394751,0.4073666743636003,-0.7643345201328126,-0.01208198588072144,-0.003712510033218297,0.005399780449589669,1.0238535716141806,0.013744625948801575
54.699838161468506,-0.4311993904006489,0.27845637924361655,-1.1432614305322382,-0.00026184450190424794,0.007964426826525903,0.0012772079522191666,1.2532029236983033,0.008070434769668537
54.7498881816864,-0.31623241687239223,0.30790177090574145,-0.9753645315937516,-0.00817707555791869,-0.003476201644731166,0.006582300100407127,1.0705804087031225,0.011057812494637562
54.800063133239746,0.10075333493885819,-0.15825920016934353,-1.3653168665743256,0.002279180133148358,0.013758937154249385,-0.0009943295500006492,1.3781463474870428,0.013981834820506456
54.84997510910034,-0.6350715677869869,0.009121945743570711,-1.3073078113546892,-0.0021959223331299493,-0.003935451410020383,-0.006429354906424633,1.4534279547795128,0.0078515257884399
54.900087118148804,-0.23584118370530086,0.1333069524628489,-1.248731988190214,0.013402183072412388,0.005314756991020725,0.003357748209381262,1.2777806485605947,0.01480336536121648
54.95016598701477,-0.40002578826067753,0.4074826639219823,-0.874442843862786,0.0009025956666158636,-0.0051921114541032065,-0.002443566415782925,1.0443720792195512,0.005808934249719621
54.999778032302856,-0.18144712198708024,0.8116249737528475,-0.9147872635553809,-0.01064057650155499,-0.0032350653414580264,0.003272744640941211,1.2363227303822601,0.011593031248718197
55.05092906951904,0.3772580909850135,0.15315882928605246,-1.5613636101434063,0.005790474950451694,0.020734867608421435,0.0019350681309364087,1.6135791326371265,0.02161501384598073
55.09987497329712,-0.3277511221747451,0.613095542636035,-1.1091005246364676,-0.005957987728853375,-0.003411592916936598,-0.0014434574632021758,1.3089732297628804,0.007015707623335897
55.149803161621094,0.14486697158304127,0.12639567602432428,-0.7785230622460557,0.011311057313814444,0.014937301876900375,-0.007202756123937275,0.801910509235453,0.020073432708407463
55.20014500617981,-0.23707156479468539,0.00765936248568868,-1.0385753408621143,0.0016313750456811347,0.00013264434909692236,0.003856025412710086,1.0653170097744356,0.0041890226839305204
55.25015115737915,-0.2648341966141414,0.21033523837259038,-0.963843377526337,0.004192069225922232,-0.0023104652210001724,-0.0004341094790961179,1.021455882845113,0.004806261017903282
55.300140142440796,-0.7164862770045543,0.2835786709172916,-0.7325259378009202,-0.012006724572778973,-0.007836135485272603,0.0021465192792843204,1.0631856363242413,0.014497379050244294
55.35009002685547,-0.12986114251877232,0.626693005013193,-1.0456392864063373,-0.009532656842097838,-0.008978540901691114,0.010803281081261459,1.2259565881976004,0.016976354888882265
55.399758100509644,-0.10850413853446106,0.09779560191341662,-1.2636659090990343,0.010971446026526893,0.000597963329268228,-0.0007889955389884741,1.2720804446464076,0.011016020244021249
55.450297117233276,-0.5359469054632745,0.07508351748491082,-0.825305359239332,0.005583512793345617,-0.0010140185883431901,-0.007835740729395252,0.9869171981796294,0.009674847884554224
55.50021195411682,-0.6429984740787693,0.058152297372413196,-1.0086383912046302,-0.008163672867929657,-0.005867167374584147,-0.003958563116041652,1.1975725997070823,0.01080460224347203
55.55020618438721,-0.5610842866069033,0.7296604240323691,-1.1498302937873628,-0.010582047148538231,-0.010133863483507418,0.005752443246094256,1.4728644253927132,0.01574056905755909
55.60011315345764,-0.5235675654038704,0.4564182387397547,-1.299507070406552,-0.009497427104922991,-0.0070014016212144115,0.0016572129626439302,1.4734854021108776,0.011914994799764907
55.65000104904175,-0.11861135875595324,0.1935129059013209,-1.248161747466395,0.005184186600586189,0.008174649623034227,0.0009698711501884753,1.268630618822781,0.009728377933501502
55.70020008087158,-0.0072003171145652925,0.08292262018782107,-1.3027569948964794,0.006861896470503613,0.015849486873835084,0.007421400848406099,1.3054132653137358,0.018798112881044823
55.750256061553955,-0.38231589512193737,0.13631840342966747,-1.0100385754841648,0.003434587953913304,-0.006922705345211242,-6.186686244473235e-05,1.0885430973289862,0.007728135041421794
55.80035710334778,-0.38545949061707907,0.6010274403703042,-0.956486322638255,-0.01641236305346039,-0.001916724956095362,-0.0007224818967966024,1.1935992159761624,0.016539693940551298
55.85035300254822,-0.15470031861043326,0.751499021705972,-1.0732680168762379,-0.0192990663610454,0.003657152164748732,-0.006884894939145563,1.3193131562493625,0.02081418993588827
55.89988398551941,-0.3288465791316328,0.17236270469136847,-0.9060917521437983,0.0005997101174846186,-0.00044324848727395196,0.007701940796954016,0.9792094964194943,0.007737959258504061
55.949951171875,0.04756152263483779,0.9499693596948455,-0.9664161812051055,-0.013312455148252089,0.011295094731740871,-0.005288289076824409,1.3559734946116897,0.018241892128649493
56.00033903121948,-0.0935957063235821,0.6342562107819897,-0.5531058913605914,-0.014627720807593282,0.00228406001600815,0.0021475442740845866,0.8467391713010166,0.014959916195981117
56.04997897148132,-0.42809992503252203,0.14754088826295086,-0.8718359648421724,0.00813833626249868,-0.0062384046745049115,0.0008661190236458094,0.9824132578067915,0.010290790648317887
56.10037398338318,-0.2801213381125024,0.6375667278719893,-0.8269635003824771,-0.002350179530817407,7.382364653369883e-07,-0.0004972794757610447,1.0811234561881327,0.0024022138225144292
56.149845123291016,-0.4904937049330389,0.26340808810565175,-0.6381348027077547,-0.00441089477352077,-0.014417969470690467,-0.00518388044997663,0.8468671217406417,0.015943853137823528
56.20045518875122,-0.09825999179478279,0.3508095921744312,-1.1997128825681713,-0.007445507072514797,0.003743764893084086,-0.0005722748411493255,1.2538075596155625,0.008353373548176165
56.24991011619568,0.04298268579041737,0.27978706084439764,-0.7873518575441747,-0.00545802511046885,0.008098564662736852,0.0058264017917058685,0.8366906586498781,0.01137205986360571
56.299875020980835,-0.08515920430501409,0.47689056570228255,-0.8437348118342931,-0.007755458805143686,0.001983234546491364,-0.006252215178340854,0.9729157900017638,0.010157290740200029
56.35016417503357,0.07304893479345409,0.3986937697115387,-1.0351626897028752,-0.005221964261519312,0.009856471285737273,-0.0005347685013815143,1.111690003118741,0.011167135456562626
56.40007019042969,0.04402809845422453,0.2042718968348512,-0.8501343854184081,0.0011052146913249504,0.011720677722685095,-0.0005917751195115937,0.8754392923331334,0.011787535093692833
56.450297117233276,0.04200770307299495,0.34674768813463025,-1.3197768822234313,-0.01049674592270037,0.010099970798530205,-0.0019342051845801067,1.3652141316275554,0.01469463285669112
56.499988079071045,0.08893870495428217,0.4254453796899093,-1.2053300168723404,-0.004752182690836572,0.013730400123031604,-0.007507515447892717,1.281301804381744,0.01635450751523814
56.55027914047241,-0.3513668832088651,0.2782653900726066,-1.0612673582414738,-0.002866140361043419,-0.0014126079562837518,-0.001628485405567729,1.152032429924179,0.0035863890647147238
56.59997200965881,-0.32238058671279424,0.5223005420752745,-0.8122893619880825,-0.003955180084737988,-0.0008345323176067903,0.004977175508910989,1.0181066282764382,0.006411877239805947
56.649994134902954,-0.2565216572030853,0.4343803042708341,-0.8925905581180948,-0.005905131273260952,0.002390566172125083,0.0022527196435466338,1.0252841136944488,0.006757227816950835
56.70001411437988,0.17871448163384743,0.6299069348569755,-1.0277708194183905,-0.015098263239101961,0.015217934113600675,0.005384631619644352,1.2186199037331182,0.022102880563455583
56.75023913383484,-0.16272996271309684,0.4418165724263237,-1.1217869566664687,-0.0025512881842955884,-0.0004131444347504561,-0.00015464264830258618,1.2165890434251694,0.0025891454327568375
56.80084300041199,-0.10557024644530906,0.3319733634795523,-0.8054663589839837,-0.009593088969094329,0.006441019888635915,-0.003296989375086755,0.8775690550887525,0.012015999006083416
56.850213050842285,-0.11342049288105076,0.3494840879859229,-1.2216376628526042,0.00011313721564078767,0.006838182545507427,-0.003212539006885365,1.2756966391978564,0.007556053693959923
56.90008902549744,-0.4579045625507399,0.5087546802072519,-1.3353214857593236,-0.011540973094014632,-0.003044650927384567,0.006856400705892589,1.5005303673595065,0.013764962399736432
56.950206995010376,-0.5009596624067173,0.9487064235494322,-1.1261104281253342,-0.02278176254455822,-0.0011235286823466778,0.003252721614258395,1.5553549941332463,0.023040208749847628
57.0001859664917,0.21969525275647983,0.5687727730836408,-1.3869030015813604,-0.007249332437159417,0.014477779792806993,0.0027019986114535243,1.5150143257673754,0.016415228448296387
57.05027413368225,-0.4884452442056897,0.9995220635368667,-1.2597691485570597,-0.02726906904833183,0.00485236776887403,0.0007209702045592966,1.6806669568181352,0.02770681139653134
57.100008964538574,-0.411366032620766,0.2059522022680001,-1.1704759085814012,-0.0029560105432993454,9.690649841467108e-05,0.0022384264137446388,1.2576375372032456,0.003709169989536954
57.149986028671265,-0.23895252510980758,-0.20099833156964483,-1.2356025527032533,0.007435570384947509,0.003061584500128973,-0.00838011797934284,1.2744458822550802,0.01161410280429115
57.20000410079956,-0.16613609814015376,0.3505734428302017,-1.380819276765201,-0.012445114782411273,0.005936938724609831,0.00961931190640046,1.4342819865735708,0.016812474086813668
57.250009059906006,-0.4070973075671061,0.29956755529642654,-1.2036365612555562,0.002013674939737713,-0.0020311977518869297,-0.003262113590348381,1.3054539094145625,0.004338437062645233
57.30092906951904,-0.6649428368757081,-0.02741182781348745,-1.4874051698890582,0.010891482668864187,-0.007329497869089599,0.0030333259527449506,1.6295013114536265,0.01347393780877565
57.35039806365967,-0.4477677719201848,0.06087231206895125,-1.1998847046921959,-0.005905559739871157,-0.003432376955302041,0.0026527881711402145,1.2821562777217388,0.007327628025863283
57.4002251625061,0.025614361022815793,0.41614607698390316,-1.4902900669373111,-0.016788462363095107,0.018563194841471363,-0.0063090013780834,1.5475135335407297,0.02581178354217601
57.45022916793823,0.06604854375521614,0.18038174721992564,-1.4293295100879215,-0.005045204279585315,0.015583019711685199,0.007839146800234904,1.442179889358632,0.01815865667149276
57.49999499320984,-0.3070048568976301,-0.022753127077000918,-1.867550346745284,-0.01564849090403161,0.015919987046540688,0.003257270774382847,1.8927530173213163,0.02255950061577676
57.55034399032593,-0.4901524664396496,0.30508337117423934,-1.6258507173133687,-0.014787668183424167,0.011517661224383231,0.010118099153921685,1.7253161619576587,0.02130041269251155
57.60023212432861,-0.4520711460748122,0.3134402798977779,-1.2912565369117515,-0.01452779044482123,0.007217307184185492,0.0015245742815449873,1.4035514149090231,0.016293266859027475
57.65000605583191,-0.5517755019621603,-0.15047079723258516,-1.7138470347658157,-0.004670266985476898,0.00905985644670228,0.00012742893969158007,1.8067565757348119,0.010193558293606764
57.70052099227905,0.018769203837336795,0.23251677835880386,-1.0418857439255471,-0.009065448738301793,0.00467964155357909,-0.0024008514696462657,1.0676807756189748,0.010480720093393599
57.750044107437134,-0.19466627059216735,0.3358761626911925,-0.9130919387571088,0.0006621354326871632,0.0016688175537423549,0.00292445976801301,0.9921918373951879,0.003431594424407573
57.80086898803711,-0.32381105215476125,0.12218766404156357,-0.9346534838105302,0.0005106790793148285,0.0018763682810543285,-0.0038687451846354634,0.9966747501269753,0.004329981564837973
57.85034704208374,0.08082448829742978,0.5404679185305378,-0.6168584289427357,-0.003183038097392846,0.006083189963728321,-0.0006642469733290814,0.8241070866258665,0.00689769205646614
57.89995002746582,-0.7455925025511481,-0.26100752493561274,-0.8984818865440725,0.015237794027846079,-0.015761057278204343,0.005438157025860476,1.1963706818462636,0.02258705038733069
57.95053195953369,-0.03599248949305191,0.9131498201648953,-1.2220129068488812,-0.026358370655252306,0.004456671262894087,0.0033793063488623534,1.5259271273138637,0.02694522840401679
57.99988412857056,-0.09754794837599737,0.6555889360427574,-1.5532121496434985,-0.011905498610213165,0.005029746575204027,0.0018497054894597428,1.6887215392403268,0.0130560582936161
58.05054712295532,-0.2967217281949117,-0.08457723243948603,-0.9884520057397816,0.012264700004239461,0.001367662379522842,-0.003074825671607931,1.0354875469464109,0.012718015548391685
58.10036110877991,-0.32556153234806123,0.3962559013804551,-0.944576757600209,-0.0010022935167382397,0.001136466449755531,0.0031238615511945517,1.0748182645090185,0.0034719820385691914
58.15037703514099,-0.21036228113704808,0.5189692010382609,-1.0666895039945636,-0.008777337344416129,0.0010771233630127303,0.0021956435694307124,1.2047438810318323,0.009111679114236425
58.20020818710327,-0.47715985386182935,0.5362232022456606,-1.0581981351387366,-0.010891293583725174,0.00024364985153510453,0.005955388153965723,1.2786712407711112,0.012415566408402055
58.24996995925903,-0.16867351942866812,0.2676169356803132,-1.2544187412533028,-0.007106359125846946,0.002984019528029794,0.004858369902216107,1.2936908281451542,0.009110898456021265
58.30030298233032,-0.5511136436086181,0.4106791128706984,-0.7829313781799598,-0.004401929292481654,-0.010525184447434138,0.0007334274779459941,1.0418085835980628,0.011432165368552178
58.35032796859741,-0.1582981098152541,0.3472575154481112,-0.9749049841229043,-0.011467784090815704,0.009162633180861302,0.0007354197475181188,1.0469411643802902,0.014697100427146366
58.39990305900574,-0.3118381110855829,0.2016215939436694,-0.9302377361388094,-0.00234698167502824,0.0011407657819188376,0.009615337361811162,1.001616952934837,0.009963151215030157
58.45027804374695,-0.4129313068409295,0.4529830249201651,-1.0141055578385163,-0.008592762901290298,-0.011447932387543804,0.003091227597547567,1.1849539938217641,0.014643989152119887
58.50023317337036,0.06732576394176809,0.542128758319004,-0.7467999163287619,0.0005744711034777301,0.005700598498935436,0.002086937890493747,0.9252818295608606,0.006097716790207164
58.55060005187988,-0.42853328070793373,0.7241069364658668,-0.7894885406169774,-0.01027924645167224,-0.009886145087496061,-0.001206746473955664,1.1538040491685806,0.014312756874817768
58.60037708282471,0.3221816993764687,0.4905805099804314,-1.1631080009950325,-0.01761081127637084,0.02420557842723132,-0.0015841123568684783,1.3028010232435459,0.029975992273283965
58.65007209777832,-0.1536817819059907,0.37725087571881566,-0.9131003058720728,-0.00032652339408557104,-0.002355228114653158,0.004845157513989215,0.9998442288197131,0.005397153725280018
58.700133085250854,0.041699950434331896,0.4550477174472092,-1.1146248780985477,-0.005438835658208191,0.012706480036090768,-0.006200759246158422,1.2046559383891915,0.015148761779544537
58.750251054763794,-0.3793796126276348,0.28477783886065455,-0.9842902628323892,-0.0009154165211521023,-0.0103860938364487,-0.00044907108247816557,1.0926365495855852,0.010436024023728289
58.80069899559021,0.05612050113970295,0.37434211965751835,-1.3850225138477517,-0.0040251826314003335,0.006037354573639361,-0.004331792596703111,1.4358164566068328,0.008450808988778702
58.851070165634155,-0.27323901778798954,0.09196347065560098,-1.0471716720720685,0.009626283457206994,-0.0012141248561262654,-0.007755969365795675,1.0861332107835489,0.012421533446717503
58.89986801147461,-0.05792835397172548,0.14547128318841737,-0.7226843566395331,0.007061293338669286,0.004239615843163263,-0.0032503342675625586,0.7394526812162182,0.008854427082721253
58.950294971466064,-0.2093140570183329,0.06535110120775,-1.1300586630550897,0.0031939220918922612,0.0039828249915697935,-0.000998153400632044,1.1511367090143534,0.005201955733543267
58.999920129776,-0.12335338792242828,0.8119668762187787,-0.7745666740655016,-0.012866758799719607,0.0054390937810020225,0.0019802638148276046,1.1289197486807092,0.014108815256605085
59.05023503303528,0.23312833676615363,0.2980412252120236,-1.06400039515703,0.0019180184275042417,0.023566589705868442,0.007476058556795347,1.1292804054899535,0.02479827406489458
59.10021209716797,-0.13249134903073045,-0.02928071252819861,-0.8730944711446044,0.0030657046714066254,0.004003273548445462,0.005011586045445404,0.8835752787609091,0.007109201004815564
59.15027403831482,-0.3225546760080137,0.5694880823764162,-0.8624898919756534,-0.004632445986295707,-0.00870941829083183,-0.0003184299903305262,1.0827035645750764,0.00986989971779679
59.200414180755615,-0.15699847309138928,0.05434304528646814,-0.912824188822884,0.006775917625102012,-4.745907965022345e-05,-0.0023162244497936376,0.9278198568818146,0.007161020020097079
59.250061988830566,-0.3204374103634763,0.9052402361991201,-0.6953073172407157,-0.013873240925605058,-0.00042495318855019406,-0.002909716037548313,1.1855767729686555,0.01418146136374908
59.30002498626709,-0.08213334136528,1.0862469492256344,-0.9430857394729363,-0.02465189483546732,0.003707867911486821,-0.002924301660315819,1.4408639881900853,0.025100114414649585
59.35037112236023,0.20590151332273623,0.2781060200408521,-0.8966179868754112,0.0031200704699312367,0.016254688079331926,-0.00418699107128734,0.9610734654333511,0.017072803475842866
59.400274991989136,0.11933446245018875,0.7622820728611612,-0.7708178037771453,-0.006722471768743359,0.006946565624188645,-0.0025956866096241726,1.0906304411456733,0.010009195253770059
59.45004916191101,-0.2404697657580916,0.1169358181914406,-0.7387323523669802,0.008544482596554576,-0.0014020212382088975,0.005075248165276452,0.785636800470488,0.010036532784500573
59.500012159347534,-0.10387876965206114,0.7122833271435682,-0.8381343604774286,-0.011970893113690206,0.007176213002989145,-0.0020933456645772794,1.104811089337922,0.01411319988787343
59.55006408691406,0.060829088947549,0.20274991115681384,-0.8802721286276152,0.0014644676871557669,0.01700695937308419,-0.003214061837385509,0.9053655200938886,0.017369845313617432
59.60029602050781,-0.24835517487551576,0.7201675191208489,-0.9129375434984102,-0.010977572648622149,-0.010306096947950816,-0.0038760576506033013,1.1890233415762022,0.015548201132836514
59.65030097961426,0.3574615522158243,0.8426397701116569,-1.131784742237105,-0.002357689974540309,0.010553024301847578,-0.0015717384744421057,1.4555951519042245,0.010926819563051044
59.700292110443115,0.03151964992156691,0.8039153960895269,-0.9771122441105644,-0.010426783664182204,-0.0030472524921185337,-0.001444988247518701,1.2657099944267416,0.010958629310540926
59.75061106681824,-0.13110381861317766,-0.4527991726353878,-0.9694687762638785,0.019744364333566855,0.012726515732029339,0.007092422765501497,1.0780004685271851,0.024537860263250767
59.80060005187988,-0.23575650822217842,0.3710445920863253,-0.921509385732934,-0.00931652350972498,0.008500597463322974,0.005500045662238925,1.0209969483203711,0.01375893418210235
59.85027599334717,-0.23744180426519346,0.5858691856356898,-0.8924424930047534,-0.01523629213808596,-0.0028995203598542237,-0.007990914893096862,1.0936521002634596,0.0174472501347068
59.9005401134491,-0.031128389486211133,0.7901012319793221,-0.9018065778230989,-0.016526142265120208,0.006598820160182495,0.0026536413042693623,1.1993681825078806,0.01799165411642709
59.95071601867676,0.023996750768290893,0.2022601308312535,-1.114897182121921,0.0002992879417343541,-0.000513201806208846,0.004489878484627467,1.133349342115974,0.004529012935804473
60.00005102157593,0.07329453576507919,0.24248306750672508,-0.7439579958308106,0.0027255064226930133,0.014755780657646295,0.0016467453516491792,0.7859030643540499,0.015095470126163265
