solid 
 facet normal  1.364065e-20 -1.371831e-02  9.999059e-01
   outer loop
     vertex  6.000000e+00 -2.469064e-01  1.269966e+02
     vertex  6.000000e+00  2.204364e-15  1.270000e+02
     vertex -6.000000e+00  2.204364e-15  1.270000e+02
   endloop
 endfacet
 facet normal  0.000000e+00 -1.371831e-02  9.999059e-01
   outer loop
     vertex  6.000000e+00 -2.469064e-01  1.269966e+02
     vertex -6.000000e+00  2.204364e-15  1.270000e+02
     vertex -6.000000e+00 -2.469064e-01  1.269966e+02
   endloop
 endfacet
 facet normal  0.000000e+00 -4.114462e-02  9.991532e-01
   outer loop
     vertex  6.000000e+00 -4.936270e-01  1.269865e+02
     vertex -6.000000e+00 -2.469064e-01  1.269966e+02
     vertex -6.000000e+00 -4.936270e-01  1.269865e+02
   endloop
 endfacet
 facet normal  2.216878e-20 -4.114462e-02  9.991532e-01
   outer loop
     vertex  6.000000e+00 -4.936270e-01  1.269865e+02
     vertex  6.000000e+00 -2.469064e-01  1.269966e+02
     vertex -6.000000e+00 -2.469064e-01  1.269966e+02
   endloop
 endfacet
 facet normal  0.000000e+00 -6.853995e-02  9.976484e-01
   outer loop
     vertex  6.000000e+00 -7.399760e-01  1.269695e+02
     vertex -6.000000e+00 -4.936270e-01  1.269865e+02
     vertex -6.000000e+00 -7.399760e-01  1.269695e+02
   endloop
 endfacet
 facet normal  8.765316e-20 -6.853995e-02  9.976484e-01
   outer loop
     vertex  6.000000e+00 -7.399760e-01  1.269695e+02
     vertex  6.000000e+00 -4.936270e-01  1.269865e+02
     vertex -6.000000e+00 -4.936270e-01  1.269865e+02
   endloop
 endfacet
 facet normal  0.000000e+00 -9.588368e-02  9.953925e-01
   outer loop
     vertex  6.000000e+00 -9.857679e-01  1.269459e+02
     vertex -6.000000e+00 -7.399760e-01  1.269695e+02
     vertex -6.000000e+00 -9.857679e-01  1.269459e+02
   endloop
 endfacet
 facet normal -7.714209e-20 -9.588368e-02  9.953925e-01
   outer loop
     vertex  6.000000e+00 -9.857679e-01  1.269459e+02
     vertex  6.000000e+00 -7.399760e-01  1.269695e+02
     vertex -6.000000e+00 -7.399760e-01  1.269695e+02
   endloop
 endfacet
 facet normal  0.000000e+00 -1.231552e-01  9.923874e-01
   outer loop
     vertex  6.000000e+00 -1.230818e+00  1.269154e+02
     vertex -6.000000e+00 -9.857679e-01  1.269459e+02
     vertex -6.000000e+00 -1.230818e+00  1.269154e+02
   endloop
 endfacet
 facet normal  1.807203e-20 -1.231552e-01  9.923874e-01
   outer loop
     vertex  6.000000e+00 -1.230818e+00  1.269154e+02
     vertex  6.000000e+00 -9.857679e-01  1.269459e+02
     vertex -6.000000e+00 -9.857679e-01  1.269459e+02
   endloop
 endfacet
 facet normal  0.000000e+00 -1.503341e-01  9.886353e-01
   outer loop
     vertex  6.000000e+00 -1.474941e+00  1.268783e+02
     vertex -6.000000e+00 -1.230818e+00  1.269154e+02
     vertex -6.000000e+00 -1.474941e+00  1.268783e+02
   endloop
 endfacet
 facet normal  0.000000e+00 -1.773998e-01  9.841389e-01
   outer loop
     vertex  6.000000e+00 -1.474941e+00  1.268783e+02
     vertex -6.000000e+00 -1.474941e+00  1.268783e+02
     vertex -6.000000e+00 -1.717954e+00  1.268345e+02
   endloop
 endfacet
 facet normal -9.343579e-20 -1.503341e-01  9.886353e-01
   outer loop
     vertex  6.000000e+00 -1.474941e+00  1.268783e+02
     vertex  6.000000e+00 -1.230818e+00  1.269154e+02
     vertex -6.000000e+00 -1.230818e+00  1.269154e+02
   endloop
 endfacet
 facet normal  0.000000e+00 -1.773998e-01  9.841389e-01
   outer loop
     vertex  6.000000e+00 -1.717954e+00  1.268345e+02
     vertex  6.000000e+00 -1.474941e+00  1.268783e+02
     vertex -6.000000e+00 -1.717954e+00  1.268345e+02
   endloop
 endfacet
 facet normal  0.000000e+00 -2.043319e-01  9.789017e-01
   outer loop
     vertex  6.000000e+00 -1.959674e+00  1.267841e+02
     vertex -6.000000e+00 -1.717954e+00  1.268345e+02
     vertex -6.000000e+00 -1.959674e+00  1.267841e+02
   endloop
 endfacet
 facet normal  0.000000e+00 -2.311102e-01  9.729276e-01
   outer loop
     vertex  6.000000e+00 -1.959674e+00  1.267841e+02
     vertex -6.000000e+00 -1.959674e+00  1.267841e+02
     vertex -6.000000e+00 -2.199919e+00  1.267270e+02
   endloop
 endfacet
 facet normal -2.311293e-19 -2.043319e-01  9.789017e-01
   outer loop
     vertex  6.000000e+00 -1.959674e+00  1.267841e+02
     vertex  6.000000e+00 -1.717954e+00  1.268345e+02
     vertex -6.000000e+00 -1.717954e+00  1.268345e+02
   endloop
 endfacet
 facet normal  0.000000e+00 -2.577146e-01  9.662211e-01
   outer loop
     vertex  6.000000e+00 -2.199919e+00  1.267270e+02
     vertex -6.000000e+00 -2.199919e+00  1.267270e+02
     vertex -6.000000e+00 -2.438507e+00  1.266634e+02
   endloop
 endfacet
 facet normal  0.000000e+00 -2.311102e-01  9.729276e-01
   outer loop
     vertex  6.000000e+00 -2.199919e+00  1.267270e+02
     vertex  6.000000e+00 -1.959674e+00  1.267841e+02
     vertex -6.000000e+00 -2.199919e+00  1.267270e+02
   endloop
 endfacet
 facet normal  0.000000e+00 -2.577146e-01  9.662211e-01
   outer loop
     vertex  6.000000e+00 -2.438507e+00  1.266634e+02
     vertex  6.000000e+00 -2.199919e+00  1.267270e+02
     vertex -6.000000e+00 -2.438507e+00  1.266634e+02
   endloop
 endfacet
 facet normal  0.000000e+00 -2.841250e-01  9.587873e-01
   outer loop
     vertex  6.000000e+00 -2.438507e+00  1.266634e+02
     vertex -6.000000e+00 -2.438507e+00  1.266634e+02
     vertex -6.000000e+00 -2.675261e+00  1.265932e+02
   endloop
 endfacet
 facet normal  0.000000e+00 -2.841250e-01  9.587873e-01
   outer loop
     vertex  6.000000e+00 -2.675261e+00  1.265932e+02
     vertex  6.000000e+00 -2.438507e+00  1.266634e+02
     vertex -6.000000e+00 -2.675261e+00  1.265932e+02
   endloop
 endfacet
 facet normal  0.000000e+00 -3.103214e-01  9.506317e-01
   outer loop
     vertex  6.000000e+00 -2.675261e+00  1.265932e+02
     vertex -6.000000e+00 -2.675261e+00  1.265932e+02
     vertex -6.000000e+00 -2.910000e+00  1.265166e+02
   endloop
 endfacet
 facet normal  0.000000e+00 -3.103214e-01  9.506317e-01
   outer loop
     vertex  6.000000e+00 -2.910000e+00  1.265166e+02
     vertex  6.000000e+00 -2.675261e+00  1.265932e+02
     vertex -6.000000e+00 -2.910000e+00  1.265166e+02
   endloop
 endfacet
 facet normal -1.089754e-19 -3.362843e-01  9.417605e-01
   outer loop
     vertex  6.000000e+00 -3.142548e+00  1.264335e+02
     vertex  6.000000e+00 -2.910000e+00  1.265166e+02
     vertex -6.000000e+00 -2.910000e+00  1.265166e+02
   endloop
 endfacet
 facet normal  0.000000e+00 -3.362843e-01  9.417605e-01
   outer loop
     vertex  6.000000e+00 -3.142548e+00  1.264335e+02
     vertex -6.000000e+00 -2.910000e+00  1.265166e+02
     vertex -6.000000e+00 -3.142548e+00  1.264335e+02
   endloop
 endfacet
 facet normal -2.823612e-20 -3.619940e-01  9.321804e-01
   outer loop
     vertex  6.000000e+00 -3.372731e+00  1.263441e+02
     vertex  6.000000e+00 -3.142548e+00  1.264335e+02
     vertex -6.000000e+00 -3.142548e+00  1.264335e+02
   endloop
 endfacet
 facet normal  0.000000e+00 -3.619940e-01  9.321804e-01
   outer loop
     vertex  6.000000e+00 -3.372731e+00  1.263441e+02
     vertex -6.000000e+00 -3.142548e+00  1.264335e+02
     vertex -6.000000e+00 -3.372731e+00  1.263441e+02
   endloop
 endfacet
 facet normal -3.394023e-19 -3.874313e-01  9.218986e-01
   outer loop
     vertex  6.000000e+00 -3.600375e+00  1.262485e+02
     vertex  6.000000e+00 -3.372731e+00  1.263441e+02
     vertex -6.000000e+00 -3.372731e+00  1.263441e+02
   endloop
 endfacet
 facet normal  0.000000e+00 -3.874313e-01  9.218986e-01
   outer loop
     vertex  6.000000e+00 -3.600375e+00  1.262485e+02
     vertex -6.000000e+00 -3.372731e+00  1.263441e+02
     vertex -6.000000e+00 -3.600375e+00  1.262485e+02
   endloop
 endfacet
 facet normal -3.341051e-19 -4.125769e-01  9.109228e-01
   outer loop
     vertex  6.000000e+00 -3.825309e+00  1.261466e+02
     vertex  6.000000e+00 -3.600375e+00  1.262485e+02
     vertex -6.000000e+00 -3.600375e+00  1.262485e+02
   endloop
 endfacet
 facet normal  0.000000e+00 -4.125769e-01  9.109228e-01
   outer loop
     vertex  6.000000e+00 -3.825309e+00  1.261466e+02
     vertex -6.000000e+00 -3.600375e+00  1.262485e+02
     vertex -6.000000e+00 -3.825309e+00  1.261466e+02
   endloop
 endfacet
 facet normal  1.130952e-19 -4.374119e-01  8.992613e-01
   outer loop
     vertex  6.000000e+00 -4.047364e+00  1.260386e+02
     vertex  6.000000e+00 -3.825309e+00  1.261466e+02
     vertex -6.000000e+00 -3.825309e+00  1.261466e+02
   endloop
 endfacet
 facet normal  0.000000e+00 -4.374119e-01  8.992613e-01
   outer loop
     vertex  6.000000e+00 -4.047364e+00  1.260386e+02
     vertex -6.000000e+00 -3.825309e+00  1.261466e+02
     vertex -6.000000e+00 -4.047364e+00  1.260386e+02
   endloop
 endfacet
 facet normal -3.480986e-19 -4.619176e-01  8.869228e-01
   outer loop
     vertex  6.000000e+00 -4.266371e+00  1.259245e+02
     vertex  6.000000e+00 -4.047364e+00  1.260386e+02
     vertex -6.000000e+00 -4.047364e+00  1.260386e+02
   endloop
 endfacet
 facet normal  0.000000e+00 -4.619176e-01  8.869228e-01
   outer loop
     vertex  6.000000e+00 -4.266371e+00  1.259245e+02
     vertex -6.000000e+00 -4.047364e+00  1.260386e+02
     vertex -6.000000e+00 -4.266371e+00  1.259245e+02
   endloop
 endfacet
 facet normal  0.000000e+00 -4.860756e-01  8.739167e-01
   outer loop
     vertex  6.000000e+00 -4.266371e+00  1.259245e+02
     vertex -6.000000e+00 -4.266371e+00  1.259245e+02
     vertex -6.000000e+00 -4.482167e+00  1.258045e+02
   endloop
 endfacet
 facet normal  0.000000e+00 -4.860756e-01  8.739167e-01
   outer loop
     vertex  6.000000e+00 -4.482167e+00  1.258045e+02
     vertex  6.000000e+00 -4.266371e+00  1.259245e+02
     vertex -6.000000e+00 -4.482167e+00  1.258045e+02
   endloop
 endfacet
 facet normal  2.495357e-20 -5.098678e-01  8.602528e-01
   outer loop
     vertex  6.000000e+00 -4.694589e+00  1.256786e+02
     vertex  6.000000e+00 -4.482167e+00  1.258045e+02
     vertex -6.000000e+00 -4.482167e+00  1.258045e+02
   endloop
 endfacet
 facet normal  0.000000e+00 -5.098678e-01  8.602528e-01
   outer loop
     vertex  6.000000e+00 -4.694589e+00  1.256786e+02
     vertex -6.000000e+00 -4.482167e+00  1.258045e+02
     vertex -6.000000e+00 -4.694589e+00  1.256786e+02
   endloop
 endfacet
 facet normal -4.340488e-19 -5.332761e-01  8.459413e-01
   outer loop
     vertex  6.000000e+00 -4.903477e+00  1.255469e+02
     vertex  6.000000e+00 -4.694589e+00  1.256786e+02
     vertex -6.000000e+00 -4.694589e+00  1.256786e+02
   endloop
 endfacet
 facet normal  0.000000e+00 -5.332761e-01  8.459413e-01
   outer loop
     vertex  6.000000e+00 -4.903477e+00  1.255469e+02
     vertex -6.000000e+00 -4.694589e+00  1.256786e+02
     vertex -6.000000e+00 -4.903477e+00  1.255469e+02
   endloop
 endfacet
 facet normal  0.000000e+00 -5.562829e-01  8.309929e-01
   outer loop
     vertex  6.000000e+00 -5.108674e+00  1.254096e+02
     vertex -6.000000e+00 -4.903477e+00  1.255469e+02
     vertex -6.000000e+00 -5.108674e+00  1.254096e+02
   endloop
 endfacet
 facet normal -2.964452e-19 -5.562829e-01  8.309929e-01
   outer loop
     vertex  6.000000e+00 -5.108674e+00  1.254096e+02
     vertex  6.000000e+00 -4.903477e+00  1.255469e+02
     vertex -6.000000e+00 -4.903477e+00  1.255469e+02
   endloop
 endfacet
 facet normal  0.000000e+00 -5.788711e-01  8.154191e-01
   outer loop
     vertex  6.000000e+00 -5.108674e+00  1.254096e+02
     vertex -6.000000e+00 -5.108674e+00  1.254096e+02
     vertex -6.000000e+00 -5.310025e+00  1.252666e+02
   endloop
 endfacet
 facet normal  0.000000e+00 -5.788711e-01  8.154191e-01
   outer loop
     vertex  6.000000e+00 -5.310025e+00  1.252666e+02
     vertex  6.000000e+00 -5.108674e+00  1.254096e+02
     vertex -6.000000e+00 -5.310025e+00  1.252666e+02
   endloop
 endfacet
 facet normal -1.422758e-19 -6.010234e-01  7.992314e-01
   outer loop
     vertex  6.000000e+00 -5.507379e+00  1.251182e+02
     vertex  6.000000e+00 -5.310025e+00  1.252666e+02
     vertex -6.000000e+00 -5.310025e+00  1.252666e+02
   endloop
 endfacet
 facet normal  0.000000e+00 -6.010234e-01  7.992314e-01
   outer loop
     vertex  6.000000e+00 -5.507379e+00  1.251182e+02
     vertex -6.000000e+00 -5.310025e+00  1.252666e+02
     vertex -6.000000e+00 -5.507379e+00  1.251182e+02
   endloop
 endfacet
 facet normal  0.000000e+00 -6.227234e-01  7.824421e-01
   outer loop
     vertex  6.000000e+00 -5.700587e+00  1.249644e+02
     vertex -6.000000e+00 -5.507379e+00  1.251182e+02
     vertex -6.000000e+00 -5.700587e+00  1.249644e+02
   endloop
 endfacet
 facet normal  3.348876e-19 -6.227234e-01  7.824421e-01
   outer loop
     vertex  6.000000e+00 -5.700587e+00  1.249644e+02
     vertex  6.000000e+00 -5.507379e+00  1.251182e+02
     vertex -6.000000e+00 -5.507379e+00  1.251182e+02
   endloop
 endfacet
 facet normal  0.000000e+00 -6.439545e-01  7.650637e-01
   outer loop
     vertex  6.000000e+00 -5.889504e+00  1.248054e+02
     vertex -6.000000e+00 -5.700587e+00  1.249644e+02
     vertex -6.000000e+00 -5.889504e+00  1.248054e+02
   endloop
 endfacet
 facet normal -2.489460e-19 -6.439545e-01  7.650637e-01
   outer loop
     vertex  6.000000e+00 -5.889504e+00  1.248054e+02
     vertex  6.000000e+00 -5.700587e+00  1.249644e+02
     vertex -6.000000e+00 -5.700587e+00  1.249644e+02
   endloop
 endfacet
 facet normal  0.000000e+00 -6.647010e-01  7.471095e-01
   outer loop
     vertex  6.000000e+00 -6.073988e+00  1.246413e+02
     vertex -6.000000e+00 -5.889504e+00  1.248054e+02
     vertex -6.000000e+00 -6.073988e+00  1.246413e+02
   endloop
 endfacet
 facet normal -5.558799e-19 -6.647010e-01  7.471095e-01
   outer loop
     vertex  6.000000e+00 -6.073988e+00  1.246413e+02
     vertex  6.000000e+00 -5.889504e+00  1.248054e+02
     vertex -6.000000e+00 -5.889504e+00  1.248054e+02
   endloop
 endfacet
 facet normal  0.000000e+00 -6.849470e-01  7.285929e-01
   outer loop
     vertex  6.000000e+00 -6.253899e+00  1.244722e+02
     vertex -6.000000e+00 -6.073988e+00  1.246413e+02
     vertex -6.000000e+00 -6.253899e+00  1.244722e+02
   endloop
 endfacet
 facet normal -3.418795e-19 -6.849470e-01  7.285929e-01
   outer loop
     vertex  6.000000e+00 -6.253899e+00  1.244722e+02
     vertex  6.000000e+00 -6.073988e+00  1.246413e+02
     vertex -6.000000e+00 -6.073988e+00  1.246413e+02
   endloop
 endfacet
 facet normal  0.000000e+00 -7.046775e-01  7.095278e-01
   outer loop
     vertex  6.000000e+00 -6.429102e+00  1.242981e+02
     vertex -6.000000e+00 -6.253899e+00  1.244722e+02
     vertex -6.000000e+00 -6.429102e+00  1.242981e+02
   endloop
 endfacet
 facet normal  0.000000e+00 -7.238775e-01  6.899286e-01
   outer loop
     vertex  6.000000e+00 -6.429102e+00  1.242981e+02
     vertex -6.000000e+00 -6.429102e+00  1.242981e+02
     vertex -6.000000e+00 -6.599466e+00  1.241194e+02
   endloop
 endfacet
 facet normal  2.361343e-19 -7.046775e-01  7.095278e-01
   outer loop
     vertex  6.000000e+00 -6.429102e+00  1.242981e+02
     vertex  6.000000e+00 -6.253899e+00  1.244722e+02
     vertex -6.000000e+00 -6.253899e+00  1.244722e+02
   endloop
 endfacet
 facet normal  0.000000e+00 -7.238775e-01  6.899286e-01
   outer loop
     vertex  6.000000e+00 -6.599466e+00  1.241194e+02
     vertex  6.000000e+00 -6.429102e+00  1.242981e+02
     vertex -6.000000e+00 -6.599466e+00  1.241194e+02
   endloop
 endfacet
 facet normal  0.000000e+00 -7.425325e-01  6.698100e-01
   outer loop
     vertex  6.000000e+00 -6.764862e+00  1.239360e+02
     vertex -6.000000e+00 -6.599466e+00  1.241194e+02
     vertex -6.000000e+00 -6.764862e+00  1.239360e+02
   endloop
 endfacet
 facet normal  5.654814e-19 -7.425325e-01  6.698100e-01
   outer loop
     vertex  6.000000e+00 -6.764862e+00  1.239360e+02
     vertex  6.000000e+00 -6.599466e+00  1.241194e+02
     vertex -6.000000e+00 -6.599466e+00  1.241194e+02
   endloop
 endfacet
 facet normal  0.000000e+00 -7.606287e-01  6.491872e-01
   outer loop
     vertex  6.000000e+00 -6.925166e+00  1.237482e+02
     vertex -6.000000e+00 -6.764862e+00  1.239360e+02
     vertex -6.000000e+00 -6.925166e+00  1.237482e+02
   endloop
 endfacet
 facet normal  0.000000e+00 -7.781522e-01  6.280757e-01
   outer loop
     vertex  6.000000e+00 -6.925166e+00  1.237482e+02
     vertex -6.000000e+00 -6.925166e+00  1.237482e+02
     vertex -6.000000e+00 -7.080256e+00  1.235561e+02
   endloop
 endfacet
 facet normal -3.946567e-19 -7.606287e-01  6.491872e-01
   outer loop
     vertex  6.000000e+00 -6.925166e+00  1.237482e+02
     vertex  6.000000e+00 -6.764862e+00  1.239360e+02
     vertex -6.000000e+00 -6.764862e+00  1.239360e+02
   endloop
 endfacet
 facet normal  0.000000e+00 -7.781522e-01  6.280757e-01
   outer loop
     vertex  6.000000e+00 -7.080256e+00  1.235561e+02
     vertex  6.000000e+00 -6.925166e+00  1.237482e+02
     vertex -6.000000e+00 -7.080256e+00  1.235561e+02
   endloop
 endfacet
 facet normal  0.000000e+00 -7.950900e-01  6.064915e-01
   outer loop
     vertex  6.000000e+00 -7.230017e+00  1.233597e+02
     vertex -6.000000e+00 -7.080256e+00  1.235561e+02
     vertex -6.000000e+00 -7.230017e+00  1.233597e+02
   endloop
 endfacet
 facet normal  8.309768e-20 -7.950900e-01  6.064915e-01
   outer loop
     vertex  6.000000e+00 -7.230017e+00  1.233597e+02
     vertex  6.000000e+00 -7.080256e+00  1.235561e+02
     vertex -6.000000e+00 -7.080256e+00  1.235561e+02
   endloop
 endfacet
 facet normal  0.000000e+00 -8.114292e-01  5.844507e-01
   outer loop
     vertex  6.000000e+00 -7.374335e+00  1.231594e+02
     vertex -6.000000e+00 -7.230017e+00  1.233597e+02
     vertex -6.000000e+00 -7.374335e+00  1.231594e+02
   endloop
 endfacet
 facet normal  0.000000e+00 -8.271577e-01  5.619699e-01
   outer loop
     vertex  6.000000e+00 -7.374335e+00  1.231594e+02
     vertex -6.000000e+00 -7.374335e+00  1.231594e+02
     vertex -6.000000e+00 -7.513102e+00  1.229551e+02
   endloop
 endfacet
 facet normal -4.395561e-19 -8.114292e-01  5.844507e-01
   outer loop
     vertex  6.000000e+00 -7.374335e+00  1.231594e+02
     vertex  6.000000e+00 -7.230017e+00  1.233597e+02
     vertex -6.000000e+00 -7.230017e+00  1.233597e+02
   endloop
 endfacet
 facet normal  0.000000e+00 -8.271577e-01  5.619699e-01
   outer loop
     vertex  6.000000e+00 -7.513102e+00  1.229551e+02
     vertex  6.000000e+00 -7.374335e+00  1.231594e+02
     vertex -6.000000e+00 -7.513102e+00  1.229551e+02
   endloop
 endfacet
 facet normal -7.173780e-20 -8.422635e-01  5.390661e-01
   outer loop
     vertex  6.000000e+00 -7.646214e+00  1.227471e+02
     vertex  6.000000e+00 -7.513102e+00  1.229551e+02
     vertex -6.000000e+00 -7.513102e+00  1.229551e+02
   endloop
 endfacet
 facet normal  0.000000e+00 -8.422635e-01  5.390661e-01
   outer loop
     vertex  6.000000e+00 -7.646214e+00  1.227471e+02
     vertex -6.000000e+00 -7.513102e+00  1.229551e+02
     vertex -6.000000e+00 -7.646214e+00  1.227471e+02
   endloop
 endfacet
 facet normal  5.831197e-19 -8.567352e-01  5.157565e-01
   outer loop
     vertex  6.000000e+00 -7.773569e+00  1.225356e+02
     vertex  6.000000e+00 -7.646214e+00  1.227471e+02
     vertex -6.000000e+00 -7.646214e+00  1.227471e+02
   endloop
 endfacet
 facet normal  0.000000e+00 -8.567352e-01  5.157565e-01
   outer loop
     vertex  6.000000e+00 -7.773569e+00  1.225356e+02
     vertex -6.000000e+00 -7.646214e+00  1.227471e+02
     vertex -6.000000e+00 -7.773569e+00  1.225356e+02
   endloop
 endfacet
 facet normal  0.000000e+00 -8.705620e-01  4.920587e-01
   outer loop
     vertex  6.000000e+00 -7.773569e+00  1.225356e+02
     vertex -6.000000e+00 -7.773569e+00  1.225356e+02
     vertex -6.000000e+00 -7.895073e+00  1.223206e+02
   endloop
 endfacet
 facet normal  0.000000e+00 -8.705620e-01  4.920587e-01
   outer loop
     vertex  6.000000e+00 -7.895073e+00  1.223206e+02
     vertex  6.000000e+00 -7.773569e+00  1.225356e+02
     vertex -6.000000e+00 -7.895073e+00  1.223206e+02
   endloop
 endfacet
 facet normal -5.985967e-20 -8.837335e-01  4.679904e-01
   outer loop
     vertex  6.000000e+00 -8.010634e+00  1.221024e+02
     vertex  6.000000e+00 -7.895073e+00  1.223206e+02
     vertex -6.000000e+00 -7.895073e+00  1.223206e+02
   endloop
 endfacet
 facet normal  0.000000e+00 -8.837335e-01  4.679904e-01
   outer loop
     vertex  6.000000e+00 -8.010634e+00  1.221024e+02
     vertex -6.000000e+00 -7.895073e+00  1.223206e+02
     vertex -6.000000e+00 -8.010634e+00  1.221024e+02
   endloop
 endfacet
 facet normal  1.848438e-19 -8.962398e-01  4.435699e-01
   outer loop
     vertex  6.000000e+00 -8.120164e+00  1.218811e+02
     vertex  6.000000e+00 -8.010634e+00  1.221024e+02
     vertex -6.000000e+00 -8.010634e+00  1.221024e+02
   endloop
 endfacet
 facet normal  0.000000e+00 -8.962398e-01  4.435699e-01
   outer loop
     vertex  6.000000e+00 -8.120164e+00  1.218811e+02
     vertex -6.000000e+00 -8.010634e+00  1.221024e+02
     vertex -6.000000e+00 -8.120164e+00  1.218811e+02
   endloop
 endfacet
 facet normal  4.493667e-19 -9.080714e-01  4.188155e-01
   outer loop
     vertex  6.000000e+00 -8.223582e+00  1.216569e+02
     vertex  6.000000e+00 -8.120164e+00  1.218811e+02
     vertex -6.000000e+00 -8.120164e+00  1.218811e+02
   endloop
 endfacet
 facet normal  0.000000e+00 -9.080714e-01  4.188155e-01
   outer loop
     vertex  6.000000e+00 -8.223582e+00  1.216569e+02
     vertex -6.000000e+00 -8.120164e+00  1.218811e+02
     vertex -6.000000e+00 -8.223582e+00  1.216569e+02
   endloop
 endfacet
 facet normal -4.507414e-19 -9.192194e-01  3.937458e-01
   outer loop
     vertex  6.000000e+00 -8.320810e+00  1.214299e+02
     vertex  6.000000e+00 -8.223582e+00  1.216569e+02
     vertex -6.000000e+00 -8.223582e+00  1.216569e+02
   endloop
 endfacet
 facet normal  0.000000e+00 -9.192194e-01  3.937458e-01
   outer loop
     vertex  6.000000e+00 -8.320810e+00  1.214299e+02
     vertex -6.000000e+00 -8.223582e+00  1.216569e+02
     vertex -6.000000e+00 -8.320810e+00  1.214299e+02
   endloop
 endfacet
 facet normal -2.467702e-19 -9.296754e-01  3.683796e-01
   outer loop
     vertex  6.000000e+00 -8.411774e+00  1.212003e+02
     vertex  6.000000e+00 -8.320810e+00  1.214299e+02
     vertex -6.000000e+00 -8.320810e+00  1.214299e+02
   endloop
 endfacet
 facet normal  0.000000e+00 -9.296754e-01  3.683796e-01
   outer loop
     vertex  6.000000e+00 -8.411774e+00  1.212003e+02
     vertex -6.000000e+00 -8.320810e+00  1.214299e+02
     vertex -6.000000e+00 -8.411774e+00  1.212003e+02
   endloop
 endfacet
 facet normal  0.000000e+00 -9.394317e-01  3.427362e-01
   outer loop
     vertex  6.000000e+00 -8.411774e+00  1.212003e+02
     vertex -6.000000e+00 -8.411774e+00  1.212003e+02
     vertex -6.000000e+00 -8.496405e+00  1.209683e+02
   endloop
 endfacet
 facet normal  0.000000e+00 -9.394317e-01  3.427362e-01
   outer loop
     vertex  6.000000e+00 -8.496405e+00  1.209683e+02
     vertex  6.000000e+00 -8.411774e+00  1.212003e+02
     vertex -6.000000e+00 -8.496405e+00  1.209683e+02
   endloop
 endfacet
 facet normal  0.000000e+00 -9.484807e-01  3.168348e-01
   outer loop
     vertex  6.000000e+00 -8.496405e+00  1.209683e+02
     vertex -6.000000e+00 -8.496405e+00  1.209683e+02
     vertex -6.000000e+00 -8.574641e+00  1.207341e+02
   endloop
 endfacet
 facet normal  0.000000e+00 -9.484807e-01  3.168348e-01
   outer loop
     vertex  6.000000e+00 -8.574641e+00  1.207341e+02
     vertex  6.000000e+00 -8.496405e+00  1.209683e+02
     vertex -6.000000e+00 -8.574641e+00  1.207341e+02
   endloop
 endfacet
 facet normal  5.466806e-19 -9.568158e-01  2.906949e-01
   outer loop
     vertex  6.000000e+00 -8.646422e+00  1.204979e+02
     vertex  6.000000e+00 -8.574641e+00  1.207341e+02
     vertex -6.000000e+00 -8.574641e+00  1.207341e+02
   endloop
 endfacet
 facet normal  0.000000e+00 -9.568158e-01  2.906949e-01
   outer loop
     vertex  6.000000e+00 -8.646422e+00  1.204979e+02
     vertex -6.000000e+00 -8.574641e+00  1.207341e+02
     vertex -6.000000e+00 -8.646422e+00  1.204979e+02
   endloop
 endfacet
 facet normal  0.000000e+00 -9.644306e-01  2.643362e-01
   outer loop
     vertex  6.000000e+00 -8.646422e+00  1.204979e+02
     vertex -6.000000e+00 -8.646422e+00  1.204979e+02
     vertex -6.000000e+00 -8.711695e+00  1.202597e+02
   endloop
 endfacet
 facet normal  0.000000e+00 -9.644306e-01  2.643362e-01
   outer loop
     vertex  6.000000e+00 -8.711695e+00  1.202597e+02
     vertex  6.000000e+00 -8.646422e+00  1.204979e+02
     vertex -6.000000e+00 -8.711695e+00  1.202597e+02
   endloop
 endfacet
 facet normal -9.706561e-20 -9.713194e-01  2.377784e-01
   outer loop
     vertex  6.000000e+00 -8.770409e+00  1.200199e+02
     vertex  6.000000e+00 -8.711695e+00  1.202597e+02
     vertex -6.000000e+00 -8.711695e+00  1.202597e+02
   endloop
 endfacet
 facet normal  0.000000e+00 -9.713194e-01  2.377784e-01
   outer loop
     vertex  6.000000e+00 -8.770409e+00  1.200199e+02
     vertex -6.000000e+00 -8.711695e+00  1.202597e+02
     vertex -6.000000e+00 -8.770409e+00  1.200199e+02
   endloop
 endfacet
 facet normal  1.974942e-20 -9.774771e-01  2.110417e-01
   outer loop
     vertex  6.000000e+00 -8.822522e+00  1.197785e+02
     vertex  6.000000e+00 -8.770409e+00  1.200199e+02
     vertex -6.000000e+00 -8.770409e+00  1.200199e+02
   endloop
 endfacet
 facet normal  0.000000e+00 -9.774771e-01  2.110417e-01
   outer loop
     vertex  6.000000e+00 -8.822522e+00  1.197785e+02
     vertex -6.000000e+00 -8.770409e+00  1.200199e+02
     vertex -6.000000e+00 -8.822522e+00  1.197785e+02
   endloop
 endfacet
 facet normal  0.000000e+00 -9.828989e-01  1.841461e-01
   outer loop
     vertex  6.000000e+00 -8.822522e+00  1.197785e+02
     vertex -6.000000e+00 -8.822522e+00  1.197785e+02
     vertex -6.000000e+00 -8.867993e+00  1.195358e+02
   endloop
 endfacet
 facet normal  0.000000e+00 -9.828989e-01  1.841461e-01
   outer loop
     vertex  6.000000e+00 -8.867993e+00  1.195358e+02
     vertex  6.000000e+00 -8.822522e+00  1.197785e+02
     vertex -6.000000e+00 -8.867993e+00  1.195358e+02
   endloop
 endfacet
 facet normal  0.000000e+00 -9.875808e-01  1.571119e-01
   outer loop
     vertex  6.000000e+00 -8.867993e+00  1.195358e+02
     vertex -6.000000e+00 -8.867993e+00  1.195358e+02
     vertex -6.000000e+00 -8.906789e+00  1.192919e+02
   endloop
 endfacet
 facet normal  0.000000e+00 -9.875808e-01  1.571119e-01
   outer loop
     vertex  6.000000e+00 -8.906789e+00  1.192919e+02
     vertex  6.000000e+00 -8.867993e+00  1.195358e+02
     vertex -6.000000e+00 -8.906789e+00  1.192919e+02
   endloop
 endfacet
 facet normal  0.000000e+00 -9.915193e-01  1.299594e-01
   outer loop
     vertex  6.000000e+00 -8.906789e+00  1.192919e+02
     vertex -6.000000e+00 -8.906789e+00  1.192919e+02
     vertex -6.000000e+00 -8.938879e+00  1.190471e+02
   endloop
 endfacet
 facet normal  0.000000e+00 -9.915193e-01  1.299594e-01
   outer loop
     vertex  6.000000e+00 -8.938879e+00  1.190471e+02
     vertex  6.000000e+00 -8.906789e+00  1.192919e+02
     vertex -6.000000e+00 -8.938879e+00  1.190471e+02
   endloop
 endfacet
 facet normal  9.339502e-20 -9.947114e-01  1.027091e-01
   outer loop
     vertex  6.000000e+00 -8.964241e+00  1.188015e+02
     vertex  6.000000e+00 -8.938879e+00  1.190471e+02
     vertex -6.000000e+00 -8.938879e+00  1.190471e+02
   endloop
 endfacet
 facet normal  0.000000e+00 -9.947114e-01  1.027091e-01
   outer loop
     vertex  6.000000e+00 -8.964241e+00  1.188015e+02
     vertex -6.000000e+00 -8.938879e+00  1.190471e+02
     vertex -6.000000e+00 -8.964241e+00  1.188015e+02
   endloop
 endfacet
 facet normal  1.142300e-19 -9.971548e-01  7.538152e-02
   outer loop
     vertex  6.000000e+00 -8.982855e+00  1.185553e+02
     vertex  6.000000e+00 -8.964241e+00  1.188015e+02
     vertex -6.000000e+00 -8.964241e+00  1.188015e+02
   endloop
 endfacet
 facet normal  0.000000e+00 -9.971548e-01  7.538152e-02
   outer loop
     vertex  6.000000e+00 -8.982855e+00  1.185553e+02
     vertex -6.000000e+00 -8.964241e+00  1.188015e+02
     vertex -6.000000e+00 -8.982855e+00  1.185553e+02
   endloop
 endfacet
 facet normal  6.901076e-20 -9.988475e-01  4.799716e-02
   outer loop
     vertex  6.000000e+00 -8.994707e+00  1.183086e+02
     vertex  6.000000e+00 -8.982855e+00  1.185553e+02
     vertex -6.000000e+00 -8.982855e+00  1.185553e+02
   endloop
 endfacet
 facet normal  0.000000e+00 -9.988475e-01  4.799716e-02
   outer loop
     vertex  6.000000e+00 -8.994707e+00  1.183086e+02
     vertex -6.000000e+00 -8.982855e+00  1.185553e+02
     vertex -6.000000e+00 -8.994707e+00  1.183086e+02
   endloop
 endfacet
 facet normal  0.000000e+00 -9.997883e-01  2.057667e-02
   outer loop
     vertex  6.000000e+00 -8.994707e+00  1.183086e+02
     vertex -6.000000e+00 -8.994707e+00  1.183086e+02
     vertex -6.000000e+00 -8.999788e+00  1.180617e+02
   endloop
 endfacet
 facet normal -0.000000e+00 -9.999765e-01 -6.859319e-03
   outer loop
     vertex  6.000000e+00 -8.999788e+00  1.180617e+02
     vertex -6.000000e+00 -8.999788e+00  1.180617e+02
     vertex -6.000000e+00 -8.998095e+00  1.178148e+02
   endloop
 endfacet
 facet normal  0.000000e+00 -9.997883e-01  2.057667e-02
   outer loop
     vertex  6.000000e+00 -8.999788e+00  1.180617e+02
     vertex  6.000000e+00 -8.994707e+00  1.183086e+02
     vertex -6.000000e+00 -8.999788e+00  1.180617e+02
   endloop
 endfacet
 facet normal -0.000000e+00 -9.999765e-01 -6.859319e-03
   outer loop
     vertex  6.000000e+00 -8.998095e+00  1.178148e+02
     vertex  6.000000e+00 -8.999788e+00  1.180617e+02
     vertex -6.000000e+00 -8.998095e+00  1.178148e+02
   endloop
 endfacet
 facet normal -0.000000e+00 -9.994119e-01 -3.429014e-02
   outer loop
     vertex  6.000000e+00 -8.989627e+00  1.175680e+02
     vertex -6.000000e+00 -8.998095e+00  1.178148e+02
     vertex -6.000000e+00 -8.989627e+00  1.175680e+02
   endloop
 endfacet
 facet normal -2.571428e-20 -9.994119e-01 -3.429014e-02
   outer loop
     vertex  6.000000e+00 -8.989627e+00  1.175680e+02
     vertex  6.000000e+00 -8.998095e+00  1.178148e+02
     vertex -6.000000e+00 -8.998095e+00  1.178148e+02
   endloop
 endfacet
 facet normal -0.000000e+00 -9.980950e-01 -6.169515e-02
   outer loop
     vertex  6.000000e+00 -8.974393e+00  1.173216e+02
     vertex -6.000000e+00 -8.989627e+00  1.175680e+02
     vertex -6.000000e+00 -8.974393e+00  1.173216e+02
   endloop
 endfacet
 facet normal -0.000000e+00 -9.960268e-01 -8.905371e-02
   outer loop
     vertex  6.000000e+00 -8.974393e+00  1.173216e+02
     vertex -6.000000e+00 -8.974393e+00  1.173216e+02
     vertex -6.000000e+00 -8.952403e+00  1.170756e+02
   endloop
 endfacet
 facet normal  7.133001e-20 -9.980950e-01 -6.169515e-02
   outer loop
     vertex  6.000000e+00 -8.974393e+00  1.173216e+02
     vertex  6.000000e+00 -8.989627e+00  1.175680e+02
     vertex -6.000000e+00 -8.989627e+00  1.175680e+02
   endloop
 endfacet
 facet normal -0.000000e+00 -9.960268e-01 -8.905371e-02
   outer loop
     vertex  6.000000e+00 -8.952403e+00  1.170756e+02
     vertex  6.000000e+00 -8.974393e+00  1.173216e+02
     vertex -6.000000e+00 -8.952403e+00  1.170756e+02
   endloop
 endfacet
 facet normal -6.939915e-20 -9.932088e-01 -1.163452e-01
   outer loop
     vertex  6.000000e+00 -8.923674e+00  1.168304e+02
     vertex  6.000000e+00 -8.952403e+00  1.170756e+02
     vertex -6.000000e+00 -8.952403e+00  1.170756e+02
   endloop
 endfacet
 facet normal -0.000000e+00 -9.932088e-01 -1.163452e-01
   outer loop
     vertex  6.000000e+00 -8.923674e+00  1.168304e+02
     vertex -6.000000e+00 -8.952403e+00  1.170756e+02
     vertex -6.000000e+00 -8.923674e+00  1.168304e+02
   endloop
 endfacet
 facet normal  2.498697e-19 -9.896432e-01 -1.435492e-01
   outer loop
     vertex  6.000000e+00 -8.888227e+00  1.165860e+02
     vertex  6.000000e+00 -8.923674e+00  1.168304e+02
     vertex -6.000000e+00 -8.923674e+00  1.168304e+02
   endloop
 endfacet
 facet normal -0.000000e+00 -9.896432e-01 -1.435492e-01
   outer loop
     vertex  6.000000e+00 -8.888227e+00  1.165860e+02
     vertex -6.000000e+00 -8.923674e+00  1.168304e+02
     vertex -6.000000e+00 -8.888227e+00  1.165860e+02
   endloop
 endfacet
 facet normal -0.000000e+00 -9.853326e-01 -1.706451e-01
   outer loop
     vertex  6.000000e+00 -8.888227e+00  1.165860e+02
     vertex -6.000000e+00 -8.888227e+00  1.165860e+02
     vertex -6.000000e+00 -8.846090e+00  1.163427e+02
   endloop
 endfacet
 facet normal -0.000000e+00 -9.853326e-01 -1.706451e-01
   outer loop
     vertex  6.000000e+00 -8.846090e+00  1.163427e+02
     vertex  6.000000e+00 -8.888227e+00  1.165860e+02
     vertex -6.000000e+00 -8.846090e+00  1.163427e+02
   endloop
 endfacet
 facet normal  2.056854e-19 -9.802802e-01 -1.976125e-01
   outer loop
     vertex  6.000000e+00 -8.797294e+00  1.161006e+02
     vertex  6.000000e+00 -8.846090e+00  1.163427e+02
     vertex -6.000000e+00 -8.846090e+00  1.163427e+02
   endloop
 endfacet
 facet normal -0.000000e+00 -9.802802e-01 -1.976125e-01
   outer loop
     vertex  6.000000e+00 -8.797294e+00  1.161006e+02
     vertex -6.000000e+00 -8.846090e+00  1.163427e+02
     vertex -6.000000e+00 -8.797294e+00  1.161006e+02
   endloop
 endfacet
 facet normal  3.586736e-20 -9.744899e-01 -2.244312e-01
   outer loop
     vertex  6.000000e+00 -8.741875e+00  1.158600e+02
     vertex  6.000000e+00 -8.797294e+00  1.161006e+02
     vertex -6.000000e+00 -8.797294e+00  1.161006e+02
   endloop
 endfacet
 facet normal -0.000000e+00 -9.744899e-01 -2.244312e-01
   outer loop
     vertex  6.000000e+00 -8.741875e+00  1.158600e+02
     vertex -6.000000e+00 -8.797294e+00  1.161006e+02
     vertex -6.000000e+00 -8.741875e+00  1.158600e+02
   endloop
 endfacet
 facet normal  2.660573e-19 -9.679661e-01 -2.510809e-01
   outer loop
     vertex  6.000000e+00 -8.679875e+00  1.156210e+02
     vertex  6.000000e+00 -8.741875e+00  1.158600e+02
     vertex -6.000000e+00 -8.741875e+00  1.158600e+02
   endloop
 endfacet
 facet normal -0.000000e+00 -9.679661e-01 -2.510809e-01
   outer loop
     vertex  6.000000e+00 -8.679875e+00  1.156210e+02
     vertex -6.000000e+00 -8.741875e+00  1.158600e+02
     vertex -6.000000e+00 -8.679875e+00  1.156210e+02
   endloop
 endfacet
 facet normal  3.964034e-19 -9.607136e-01 -2.775416e-01
   outer loop
     vertex  6.000000e+00 -8.611342e+00  1.153837e+02
     vertex  6.000000e+00 -8.679875e+00  1.156210e+02
     vertex -6.000000e+00 -8.679875e+00  1.156210e+02
   endloop
 endfacet
 facet normal -0.000000e+00 -9.607136e-01 -2.775416e-01
   outer loop
     vertex  6.000000e+00 -8.611342e+00  1.153837e+02
     vertex -6.000000e+00 -8.679875e+00  1.156210e+02
     vertex -6.000000e+00 -8.611342e+00  1.153837e+02
   endloop
 endfacet
 facet normal  3.534760e-19 -9.527379e-01 -3.037934e-01
   outer loop
     vertex  6.000000e+00 -8.536327e+00  1.151485e+02
     vertex  6.000000e+00 -8.611342e+00  1.153837e+02
     vertex -6.000000e+00 -8.611342e+00  1.153837e+02
   endloop
 endfacet
 facet normal -0.000000e+00 -9.527379e-01 -3.037934e-01
   outer loop
     vertex  6.000000e+00 -8.536327e+00  1.151485e+02
     vertex -6.000000e+00 -8.611342e+00  1.153837e+02
     vertex -6.000000e+00 -8.536327e+00  1.151485e+02
   endloop
 endfacet
 facet normal -0.000000e+00 -9.440450e-01 -3.298166e-01
   outer loop
     vertex  6.000000e+00 -8.536327e+00  1.151485e+02
     vertex -6.000000e+00 -8.536327e+00  1.151485e+02
     vertex -6.000000e+00 -8.454885e+00  1.149154e+02
   endloop
 endfacet
 facet normal -0.000000e+00 -9.440450e-01 -3.298166e-01
   outer loop
     vertex  6.000000e+00 -8.454885e+00  1.149154e+02
     vertex  6.000000e+00 -8.536327e+00  1.151485e+02
     vertex -6.000000e+00 -8.454885e+00  1.149154e+02
   endloop
 endfacet
 facet normal  6.123565e-20 -9.346415e-01 -3.555914e-01
   outer loop
     vertex  6.000000e+00 -8.367079e+00  1.146846e+02
     vertex  6.000000e+00 -8.454885e+00  1.149154e+02
     vertex -6.000000e+00 -8.454885e+00  1.149154e+02
   endloop
 endfacet
 facet normal -0.000000e+00 -9.346415e-01 -3.555914e-01
   outer loop
     vertex  6.000000e+00 -8.367079e+00  1.146846e+02
     vertex -6.000000e+00 -8.454885e+00  1.149154e+02
     vertex -6.000000e+00 -8.367079e+00  1.146846e+02
   endloop
 endfacet
 facet normal -0.000000e+00 -9.137314e-01 -4.063188e-01
   outer loop
     vertex  6.000000e+00 -8.272974e+00  1.144563e+02
     vertex -6.000000e+00 -8.272974e+00  1.144563e+02
     vertex -6.000000e+00 -8.172642e+00  1.142307e+02
   endloop
 endfacet
 facet normal  3.783739e-19 -9.245344e-01 -3.810986e-01
   outer loop
     vertex  6.000000e+00 -8.272974e+00  1.144563e+02
     vertex  6.000000e+00 -8.367079e+00  1.146846e+02
     vertex -6.000000e+00 -8.367079e+00  1.146846e+02
   endloop
 endfacet
 facet normal -0.000000e+00 -9.245344e-01 -3.810986e-01
   outer loop
     vertex  6.000000e+00 -8.272974e+00  1.144563e+02
     vertex -6.000000e+00 -8.367079e+00  1.146846e+02
     vertex -6.000000e+00 -8.272974e+00  1.144563e+02
   endloop
 endfacet
 facet normal -0.000000e+00 -9.137314e-01 -4.063188e-01
   outer loop
     vertex  6.000000e+00 -8.172642e+00  1.142307e+02
     vertex  6.000000e+00 -8.272974e+00  1.144563e+02
     vertex -6.000000e+00 -8.172642e+00  1.142307e+02
   endloop
 endfacet
 facet normal -0.000000e+00 -9.022405e-01 -4.312333e-01
   outer loop
     vertex  6.000000e+00 -8.066158e+00  1.140079e+02
     vertex -6.000000e+00 -8.172642e+00  1.142307e+02
     vertex -6.000000e+00 -8.066158e+00  1.140079e+02
   endloop
 endfacet
 facet normal  4.867128e-19 -9.022405e-01 -4.312333e-01
   outer loop
     vertex  6.000000e+00 -8.066158e+00  1.140079e+02
     vertex  6.000000e+00 -8.172642e+00  1.142307e+02
     vertex -6.000000e+00 -8.172642e+00  1.142307e+02
   endloop
 endfacet
 facet normal -0.000000e+00 -8.900704e-01 -4.558231e-01
   outer loop
     vertex  6.000000e+00 -7.953602e+00  1.137881e+02
     vertex -6.000000e+00 -8.066158e+00  1.140079e+02
     vertex -6.000000e+00 -7.953602e+00  1.137881e+02
   endloop
 endfacet
 facet normal -0.000000e+00 -8.772303e-01 -4.800697e-01
   outer loop
     vertex  6.000000e+00 -7.953602e+00  1.137881e+02
     vertex -6.000000e+00 -7.953602e+00  1.137881e+02
     vertex -6.000000e+00 -7.835058e+00  1.135715e+02
   endloop
 endfacet
 facet normal -4.088798e-19 -8.900704e-01 -4.558231e-01
   outer loop
     vertex  6.000000e+00 -7.953602e+00  1.137881e+02
     vertex  6.000000e+00 -8.066158e+00  1.140079e+02
     vertex -6.000000e+00 -8.066158e+00  1.140079e+02
   endloop
 endfacet
 facet normal -0.000000e+00 -8.772303e-01 -4.800697e-01
   outer loop
     vertex  6.000000e+00 -7.835058e+00  1.135715e+02
     vertex  6.000000e+00 -7.953602e+00  1.137881e+02
     vertex -6.000000e+00 -7.835058e+00  1.135715e+02
   endloop
 endfacet
 facet normal -0.000000e+00 -8.637299e-01 -5.039550e-01
   outer loop
     vertex  6.000000e+00 -7.710617e+00  1.133582e+02
     vertex -6.000000e+00 -7.835058e+00  1.135715e+02
     vertex -6.000000e+00 -7.710617e+00  1.133582e+02
   endloop
 endfacet
 facet normal  4.605427e-19 -8.637299e-01 -5.039550e-01
   outer loop
     vertex  6.000000e+00 -7.710617e+00  1.133582e+02
     vertex  6.000000e+00 -7.835058e+00  1.135715e+02
     vertex -6.000000e+00 -7.835058e+00  1.135715e+02
   endloop
 endfacet
 facet normal -0.000000e+00 -8.495793e-01 -5.274609e-01
   outer loop
     vertex  6.000000e+00 -7.580371e+00  1.131484e+02
     vertex -6.000000e+00 -7.710617e+00  1.133582e+02
     vertex -6.000000e+00 -7.580371e+00  1.131484e+02
   endloop
 endfacet
 facet normal -1.102849e-20 -8.495793e-01 -5.274609e-01
   outer loop
     vertex  6.000000e+00 -7.580371e+00  1.131484e+02
     vertex  6.000000e+00 -7.710617e+00  1.133582e+02
     vertex -6.000000e+00 -7.710617e+00  1.133582e+02
   endloop
 endfacet
 facet normal -0.000000e+00 -8.347891e-01 -5.505698e-01
   outer loop
     vertex  6.000000e+00 -7.444419e+00  1.129423e+02
     vertex -6.000000e+00 -7.580371e+00  1.131484e+02
     vertex -6.000000e+00 -7.444419e+00  1.129423e+02
   endloop
 endfacet
 facet normal -2.833719e-20 -8.347891e-01 -5.505698e-01
   outer loop
     vertex  6.000000e+00 -7.444419e+00  1.129423e+02
     vertex  6.000000e+00 -7.580371e+00  1.131484e+02
     vertex -6.000000e+00 -7.580371e+00  1.131484e+02
   endloop
 endfacet
 facet normal -0.000000e+00 -8.193706e-01 -5.732642e-01
   outer loop
     vertex  6.000000e+00 -7.302863e+00  1.127399e+02
     vertex -6.000000e+00 -7.444419e+00  1.129423e+02
     vertex -6.000000e+00 -7.302863e+00  1.127399e+02
   endloop
 endfacet
 facet normal  2.919609e-19 -8.193706e-01 -5.732642e-01
   outer loop
     vertex  6.000000e+00 -7.302863e+00  1.127399e+02
     vertex  6.000000e+00 -7.444419e+00  1.129423e+02
     vertex -6.000000e+00 -7.444419e+00  1.129423e+02
   endloop
 endfacet
 facet normal -0.000000e+00 -8.033352e-01 -5.955271e-01
   outer loop
     vertex  6.000000e+00 -7.155810e+00  1.125416e+02
     vertex -6.000000e+00 -7.302863e+00  1.127399e+02
     vertex -6.000000e+00 -7.155810e+00  1.125416e+02
   endloop
 endfacet
 facet normal -0.000000e+00 -7.866951e-01 -6.173417e-01
   outer loop
     vertex  6.000000e+00 -7.155810e+00  1.125416e+02
     vertex -6.000000e+00 -7.155810e+00  1.125416e+02
     vertex -6.000000e+00 -7.003370e+00  1.123473e+02
   endloop
 endfacet
 facet normal  2.057023e-19 -8.033352e-01 -5.955271e-01
   outer loop
     vertex  6.000000e+00 -7.155810e+00  1.125416e+02
     vertex  6.000000e+00 -7.302863e+00  1.127399e+02
     vertex -6.000000e+00 -7.302863e+00  1.127399e+02
   endloop
 endfacet
 facet normal -0.000000e+00 -7.866951e-01 -6.173417e-01
   outer loop
     vertex  6.000000e+00 -7.003370e+00  1.123473e+02
     vertex  6.000000e+00 -7.155810e+00  1.125416e+02
     vertex -6.000000e+00 -7.003370e+00  1.123473e+02
   endloop
 endfacet
 facet normal -0.000000e+00 -7.694628e-01 -6.386916e-01
   outer loop
     vertex  6.000000e+00 -6.845658e+00  1.121573e+02
     vertex -6.000000e+00 -7.003370e+00  1.123473e+02
     vertex -6.000000e+00 -6.845658e+00  1.121573e+02
   endloop
 endfacet
 facet normal  4.867134e-19 -7.694628e-01 -6.386916e-01
   outer loop
     vertex  6.000000e+00 -6.845658e+00  1.121573e+02
     vertex  6.000000e+00 -7.003370e+00  1.123473e+02
     vertex -6.000000e+00 -7.003370e+00  1.123473e+02
   endloop
 endfacet
 facet normal -0.000000e+00 -7.516513e-01 -6.595607e-01
   outer loop
     vertex  6.000000e+00 -6.682793e+00  1.119717e+02
     vertex -6.000000e+00 -6.845658e+00  1.121573e+02
     vertex -6.000000e+00 -6.682793e+00  1.119717e+02
   endloop
 endfacet
 facet normal  4.739270e-19 -7.516513e-01 -6.595607e-01
   outer loop
     vertex  6.000000e+00 -6.682793e+00  1.119717e+02
     vertex  6.000000e+00 -6.845658e+00  1.121573e+02
     vertex -6.000000e+00 -6.845658e+00  1.121573e+02
   endloop
 endfacet
 facet normal -0.000000e+00 -7.332740e-01 -6.799333e-01
   outer loop
     vertex  6.000000e+00 -6.514897e+00  1.117906e+02
     vertex -6.000000e+00 -6.682793e+00  1.119717e+02
     vertex -6.000000e+00 -6.514897e+00  1.117906e+02
   endloop
 endfacet
 facet normal -0.000000e+00 -7.143447e-01 -6.997940e-01
   outer loop
     vertex  6.000000e+00 -6.514897e+00  1.117906e+02
     vertex -6.000000e+00 -6.514897e+00  1.117906e+02
     vertex -6.000000e+00 -6.342097e+00  1.116143e+02
   endloop
 endfacet
 facet normal  2.786700e-19 -7.332740e-01 -6.799333e-01
   outer loop
     vertex  6.000000e+00 -6.514897e+00  1.117906e+02
     vertex  6.000000e+00 -6.682793e+00  1.119717e+02
     vertex -6.000000e+00 -6.682793e+00  1.119717e+02
   endloop
 endfacet
 facet normal -0.000000e+00 -7.143447e-01 -6.997940e-01
   outer loop
     vertex  6.000000e+00 -6.342097e+00  1.116143e+02
     vertex  6.000000e+00 -6.514897e+00  1.117906e+02
     vertex -6.000000e+00 -6.342097e+00  1.116143e+02
   endloop
 endfacet
 facet normal -5.283601e-19 -6.948776e-01 -7.191280e-01
   outer loop
     vertex  6.000000e+00 -6.164523e+00  1.114427e+02
     vertex  6.000000e+00 -6.342097e+00  1.116143e+02
     vertex -6.000000e+00 -6.342097e+00  1.116143e+02
   endloop
 endfacet
 facet normal -0.000000e+00 -6.948776e-01 -7.191280e-01
   outer loop
     vertex  6.000000e+00 -6.164523e+00  1.114427e+02
     vertex -6.000000e+00 -6.342097e+00  1.116143e+02
     vertex -6.000000e+00 -6.164523e+00  1.114427e+02
   endloop
 endfacet
 facet normal -4.299598e-19 -6.748875e-01 -7.379206e-01
   outer loop
     vertex  6.000000e+00 -5.982309e+00  1.112760e+02
     vertex  6.000000e+00 -6.164523e+00  1.114427e+02
     vertex -6.000000e+00 -6.164523e+00  1.114427e+02
   endloop
 endfacet
 facet normal -0.000000e+00 -6.748875e-01 -7.379206e-01
   outer loop
     vertex  6.000000e+00 -5.982309e+00  1.112760e+02
     vertex -6.000000e+00 -6.164523e+00  1.114427e+02
     vertex -6.000000e+00 -5.982309e+00  1.112760e+02
   endloop
 endfacet
 facet normal -2.022829e-20 -6.543893e-01 -7.561578e-01
   outer loop
     vertex  6.000000e+00 -5.795591e+00  1.111144e+02
     vertex  6.000000e+00 -5.982309e+00  1.112760e+02
     vertex -6.000000e+00 -5.982309e+00  1.112760e+02
   endloop
 endfacet
 facet normal -0.000000e+00 -6.543893e-01 -7.561578e-01
   outer loop
     vertex  6.000000e+00 -5.795591e+00  1.111144e+02
     vertex -6.000000e+00 -5.982309e+00  1.112760e+02
     vertex -6.000000e+00 -5.795591e+00  1.111144e+02
   endloop
 endfacet
 facet normal -0.000000e+00 -6.333986e-01 -7.738257e-01
   outer loop
     vertex  6.000000e+00 -5.795591e+00  1.111144e+02
     vertex -6.000000e+00 -5.795591e+00  1.111144e+02
     vertex -6.000000e+00 -5.604510e+00  1.109580e+02
   endloop
 endfacet
 facet normal -0.000000e+00 -6.333986e-01 -7.738257e-01
   outer loop
     vertex  6.000000e+00 -5.604510e+00  1.109580e+02
     vertex  6.000000e+00 -5.795591e+00  1.111144e+02
     vertex -6.000000e+00 -5.604510e+00  1.109580e+02
   endloop
 endfacet
 facet normal -3.926313e-19 -6.119310e-01 -7.909112e-01
   outer loop
     vertex  6.000000e+00 -5.409211e+00  1.108069e+02
     vertex  6.000000e+00 -5.604510e+00  1.109580e+02
     vertex -6.000000e+00 -5.604510e+00  1.109580e+02
   endloop
 endfacet
 facet normal -0.000000e+00 -6.119310e-01 -7.909112e-01
   outer loop
     vertex  6.000000e+00 -5.409211e+00  1.108069e+02
     vertex -6.000000e+00 -5.604510e+00  1.109580e+02
     vertex -6.000000e+00 -5.409211e+00  1.108069e+02
   endloop
 endfacet
 facet normal -0.000000e+00 -5.900028e-01 -8.074012e-01
   outer loop
     vertex  6.000000e+00 -5.209840e+00  1.106612e+02
     vertex -6.000000e+00 -5.409211e+00  1.108069e+02
     vertex -6.000000e+00 -5.209840e+00  1.106612e+02
   endloop
 endfacet
 facet normal -0.000000e+00 -5.676304e-01 -8.232835e-01
   outer loop
     vertex  6.000000e+00 -5.209840e+00  1.106612e+02
     vertex -6.000000e+00 -5.209840e+00  1.106612e+02
     vertex -6.000000e+00 -5.006547e+00  1.105211e+02
   endloop
 endfacet
 facet normal -4.119335e-19 -5.900028e-01 -8.074012e-01
   outer loop
     vertex  6.000000e+00 -5.209840e+00  1.106612e+02
     vertex  6.000000e+00 -5.409211e+00  1.108069e+02
     vertex -6.000000e+00 -5.409211e+00  1.108069e+02
   endloop
 endfacet
 facet normal -0.000000e+00 -5.448308e-01 -8.385460e-01
   outer loop
     vertex  6.000000e+00 -5.006547e+00  1.105211e+02
     vertex -6.000000e+00 -5.006547e+00  1.105211e+02
     vertex -6.000000e+00 -4.799485e+00  1.103865e+02
   endloop
 endfacet
 facet normal -0.000000e+00 -5.676304e-01 -8.232835e-01
   outer loop
     vertex  6.000000e+00 -5.006547e+00  1.105211e+02
     vertex  6.000000e+00 -5.209840e+00  1.106612e+02
     vertex -6.000000e+00 -5.006547e+00  1.105211e+02
   endloop
 endfacet
 facet normal -0.000000e+00 -5.216210e-01 -8.531773e-01
   outer loop
     vertex  6.000000e+00 -4.799485e+00  1.103865e+02
     vertex -6.000000e+00 -4.799485e+00  1.103865e+02
     vertex -6.000000e+00 -4.588810e+00  1.102577e+02
   endloop
 endfacet
 facet normal -0.000000e+00 -5.448308e-01 -8.385460e-01
   outer loop
     vertex  6.000000e+00 -4.799485e+00  1.103865e+02
     vertex  6.000000e+00 -5.006547e+00  1.105211e+02
     vertex -6.000000e+00 -4.799485e+00  1.103865e+02
   endloop
 endfacet
 facet normal -0.000000e+00 -4.980186e-01 -8.671664e-01
   outer loop
     vertex  6.000000e+00 -4.588810e+00  1.102577e+02
     vertex -6.000000e+00 -4.588810e+00  1.102577e+02
     vertex -6.000000e+00 -4.374681e+00  1.101347e+02
   endloop
 endfacet
 facet normal -0.000000e+00 -5.216210e-01 -8.531773e-01
   outer loop
     vertex  6.000000e+00 -4.588810e+00  1.102577e+02
     vertex  6.000000e+00 -4.799485e+00  1.103865e+02
     vertex -6.000000e+00 -4.588810e+00  1.102577e+02
   endloop
 endfacet
 facet normal -0.000000e+00 -4.980186e-01 -8.671664e-01
   outer loop
     vertex  6.000000e+00 -4.374681e+00  1.101347e+02
     vertex  6.000000e+00 -4.588810e+00  1.102577e+02
     vertex -6.000000e+00 -4.374681e+00  1.101347e+02
   endloop
 endfacet
 facet normal -0.000000e+00 -4.740412e-01 -8.805026e-01
   outer loop
     vertex  6.000000e+00 -4.157259e+00  1.100177e+02
     vertex -6.000000e+00 -4.374681e+00  1.101347e+02
     vertex -6.000000e+00 -4.157259e+00  1.100177e+02
   endloop
 endfacet
 facet normal -3.726996e-19 -4.740412e-01 -8.805026e-01
   outer loop
     vertex  6.000000e+00 -4.157259e+00  1.100177e+02
     vertex  6.000000e+00 -4.374681e+00  1.101347e+02
     vertex -6.000000e+00 -4.374681e+00  1.101347e+02
   endloop
 endfacet
 facet normal -0.000000e+00 -4.497071e-01 -8.931761e-01
   outer loop
     vertex  6.000000e+00 -3.936707e+00  1.099066e+02
     vertex -6.000000e+00 -4.157259e+00  1.100177e+02
     vertex -6.000000e+00 -3.936707e+00  1.099066e+02
   endloop
 endfacet
 facet normal -0.000000e+00 -4.250344e-01 -9.051772e-01
   outer loop
     vertex  6.000000e+00 -3.936707e+00  1.099066e+02
     vertex -6.000000e+00 -3.936707e+00  1.099066e+02
     vertex -6.000000e+00 -3.713192e+00  1.098017e+02
   endloop
 endfacet
 facet normal  8.687167e-20 -4.497071e-01 -8.931761e-01
   outer loop
     vertex  6.000000e+00 -3.936707e+00  1.099066e+02
     vertex  6.000000e+00 -4.157259e+00  1.100177e+02
     vertex -6.000000e+00 -4.157259e+00  1.100177e+02
   endloop
 endfacet
 facet normal -0.000000e+00 -4.000417e-01 -9.164969e-01
   outer loop
     vertex  6.000000e+00 -3.713192e+00  1.098017e+02
     vertex -6.000000e+00 -3.713192e+00  1.098017e+02
     vertex -6.000000e+00 -3.486881e+00  1.097029e+02
   endloop
 endfacet
 facet normal -0.000000e+00 -4.250344e-01 -9.051772e-01
   outer loop
     vertex  6.000000e+00 -3.713192e+00  1.098017e+02
     vertex  6.000000e+00 -3.936707e+00  1.099066e+02
     vertex -6.000000e+00 -3.713192e+00  1.098017e+02
   endloop
 endfacet
 facet normal -0.000000e+00 -4.000417e-01 -9.164969e-01
   outer loop
     vertex  6.000000e+00 -3.486881e+00  1.097029e+02
     vertex  6.000000e+00 -3.713192e+00  1.098017e+02
     vertex -6.000000e+00 -3.486881e+00  1.097029e+02
   endloop
 endfacet
 facet normal -0.000000e+00 -3.747479e-01 -9.271267e-01
   outer loop
     vertex  6.000000e+00 -3.257946e+00  1.096104e+02
     vertex -6.000000e+00 -3.486881e+00  1.097029e+02
     vertex -6.000000e+00 -3.257946e+00  1.096104e+02
   endloop
 endfacet
 facet normal -0.000000e+00 -3.491720e-01 -9.370586e-01
   outer loop
     vertex  6.000000e+00 -3.257946e+00  1.096104e+02
     vertex -6.000000e+00 -3.257946e+00  1.096104e+02
     vertex -6.000000e+00 -3.026559e+00  1.095242e+02
   endloop
 endfacet
 facet normal -5.259917e-19 -3.747479e-01 -9.271267e-01
   outer loop
     vertex  6.000000e+00 -3.257946e+00  1.096104e+02
     vertex  6.000000e+00 -3.486881e+00  1.097029e+02
     vertex -6.000000e+00 -3.486881e+00  1.097029e+02
   endloop
 endfacet
 facet normal -0.000000e+00 -3.491720e-01 -9.370586e-01
   outer loop
     vertex  6.000000e+00 -3.026559e+00  1.095242e+02
     vertex  6.000000e+00 -3.257946e+00  1.096104e+02
     vertex -6.000000e+00 -3.026559e+00  1.095242e+02
   endloop
 endfacet
 facet normal -0.000000e+00 -3.233333e-01 -9.462851e-01
   outer loop
     vertex  6.000000e+00 -2.792893e+00  1.094443e+02
     vertex -6.000000e+00 -3.026559e+00  1.095242e+02
     vertex -6.000000e+00 -2.792893e+00  1.094443e+02
   endloop
 endfacet
 facet normal -7.338477e-20 -3.233333e-01 -9.462851e-01
   outer loop
     vertex  6.000000e+00 -2.792893e+00  1.094443e+02
     vertex  6.000000e+00 -3.026559e+00  1.095242e+02
     vertex -6.000000e+00 -3.026559e+00  1.095242e+02
   endloop
 endfacet
 facet normal -0.000000e+00 -2.972512e-01 -9.547993e-01
   outer loop
     vertex  6.000000e+00 -2.557125e+00  1.093709e+02
     vertex -6.000000e+00 -2.792893e+00  1.094443e+02
     vertex -6.000000e+00 -2.557125e+00  1.093709e+02
   endloop
 endfacet
 facet normal  2.051631e-19 -2.972512e-01 -9.547993e-01
   outer loop
     vertex  6.000000e+00 -2.557125e+00  1.093709e+02
     vertex  6.000000e+00 -2.792893e+00  1.094443e+02
     vertex -6.000000e+00 -2.792893e+00  1.094443e+02
   endloop
 endfacet
 facet normal -0.000000e+00 -2.709453e-01 -9.625948e-01
   outer loop
     vertex  6.000000e+00 -2.319431e+00  1.093040e+02
     vertex -6.000000e+00 -2.557125e+00  1.093709e+02
     vertex -6.000000e+00 -2.319431e+00  1.093040e+02
   endloop
 endfacet
 facet normal -4.144331e-19 -2.709453e-01 -9.625948e-01
   outer loop
     vertex  6.000000e+00 -2.319431e+00  1.093040e+02
     vertex  6.000000e+00 -2.557125e+00  1.093709e+02
     vertex -6.000000e+00 -2.557125e+00  1.093709e+02
   endloop
 endfacet
 facet normal -0.000000e+00 -2.444354e-01 -9.696656e-01
   outer loop
     vertex  6.000000e+00 -2.079992e+00  1.092437e+02
     vertex -6.000000e+00 -2.319431e+00  1.093040e+02
     vertex -6.000000e+00 -2.079992e+00  1.092437e+02
   endloop
 endfacet
 facet normal -1.435173e-19 -2.444354e-01 -9.696656e-01
   outer loop
     vertex  6.000000e+00 -2.079992e+00  1.092437e+02
     vertex  6.000000e+00 -2.319431e+00  1.093040e+02
     vertex -6.000000e+00 -2.319431e+00  1.093040e+02
   endloop
 endfacet
 facet normal -0.000000e+00 -2.177416e-01 -9.760065e-01
   outer loop
     vertex  6.000000e+00 -1.838987e+00  1.091899e+02
     vertex -6.000000e+00 -2.079992e+00  1.092437e+02
     vertex -6.000000e+00 -1.838987e+00  1.091899e+02
   endloop
 endfacet
 facet normal -4.918558e-20 -2.177416e-01 -9.760065e-01
   outer loop
     vertex  6.000000e+00 -1.838987e+00  1.091899e+02
     vertex  6.000000e+00 -2.079992e+00  1.092437e+02
     vertex -6.000000e+00 -2.079992e+00  1.092437e+02
   endloop
 endfacet
 facet normal -0.000000e+00 -1.908838e-01 -9.816126e-01
   outer loop
     vertex  6.000000e+00 -1.596598e+00  1.091428e+02
     vertex -6.000000e+00 -1.838987e+00  1.091899e+02
     vertex -6.000000e+00 -1.596598e+00  1.091428e+02
   endloop
 endfacet
 facet normal -2.432012e-20 -1.908838e-01 -9.816126e-01
   outer loop
     vertex  6.000000e+00 -1.596598e+00  1.091428e+02
     vertex  6.000000e+00 -1.838987e+00  1.091899e+02
     vertex -6.000000e+00 -1.838987e+00  1.091899e+02
   endloop
 endfacet
 facet normal -0.000000e+00 -1.638824e-01 -9.864799e-01
   outer loop
     vertex  6.000000e+00 -1.353007e+00  1.091023e+02
     vertex -6.000000e+00 -1.596598e+00  1.091428e+02
     vertex -6.000000e+00 -1.353007e+00  1.091023e+02
   endloop
 endfacet
 facet normal -0.000000e+00 -1.367575e-01 -9.906046e-01
   outer loop
     vertex  6.000000e+00 -1.353007e+00  1.091023e+02
     vertex -6.000000e+00 -1.353007e+00  1.091023e+02
     vertex -6.000000e+00 -1.108397e+00  1.090685e+02
   endloop
 endfacet
 facet normal  5.978490e-20 -1.638824e-01 -9.864799e-01
   outer loop
     vertex  6.000000e+00 -1.353007e+00  1.091023e+02
     vertex  6.000000e+00 -1.596598e+00  1.091428e+02
     vertex -6.000000e+00 -1.596598e+00  1.091428e+02
   endloop
 endfacet
 facet normal -0.000000e+00 -1.367575e-01 -9.906046e-01
   outer loop
     vertex  6.000000e+00 -1.108397e+00  1.090685e+02
     vertex  6.000000e+00 -1.353007e+00  1.091023e+02
     vertex -6.000000e+00 -1.108397e+00  1.090685e+02
   endloop
 endfacet
 facet normal -1.339467e-19 -1.095298e-01 -9.939835e-01
   outer loop
     vertex  6.000000e+00 -8.629532e-01  1.090415e+02
     vertex  6.000000e+00 -1.108397e+00  1.090685e+02
     vertex -6.000000e+00 -1.108397e+00  1.090685e+02
   endloop
 endfacet
 facet normal -0.000000e+00 -1.095298e-01 -9.939835e-01
   outer loop
     vertex  6.000000e+00 -8.629532e-01  1.090415e+02
     vertex -6.000000e+00 -1.108397e+00  1.090685e+02
     vertex -6.000000e+00 -8.629532e-01  1.090415e+02
   endloop
 endfacet
 facet normal -0.000000e+00 -8.221955e-02 -9.966142e-01
   outer loop
     vertex  6.000000e+00 -8.629532e-01  1.090415e+02
     vertex -6.000000e+00 -8.629532e-01  1.090415e+02
     vertex -6.000000e+00 -6.168595e-01  1.090212e+02
   endloop
 endfacet
 facet normal -0.000000e+00 -8.221955e-02 -9.966142e-01
   outer loop
     vertex  6.000000e+00 -6.168595e-01  1.090212e+02
     vertex  6.000000e+00 -8.629532e-01  1.090415e+02
     vertex -6.000000e+00 -6.168595e-01  1.090212e+02
   endloop
 endfacet
 facet normal -0.000000e+00 -5.484744e-02 -9.984947e-01
   outer loop
     vertex  6.000000e+00 -6.168595e-01  1.090212e+02
     vertex -6.000000e+00 -6.168595e-01  1.090212e+02
     vertex -6.000000e+00 -3.703016e-01  1.090076e+02
   endloop
 endfacet
 facet normal -0.000000e+00 -5.484744e-02 -9.984947e-01
   outer loop
     vertex  6.000000e+00 -3.703016e-01  1.090076e+02
     vertex  6.000000e+00 -6.168595e-01  1.090212e+02
     vertex -6.000000e+00 -3.703016e-01  1.090076e+02
   endloop
 endfacet
 facet normal -9.135784e-21 -2.743405e-02 -9.996236e-01
   outer loop
     vertex  6.000000e+00 -1.234648e-01  1.090008e+02
     vertex  6.000000e+00 -3.703016e-01  1.090076e+02
     vertex -6.000000e+00 -3.703016e-01  1.090076e+02
   endloop
 endfacet
 facet normal -0.000000e+00 -2.743405e-02 -9.996236e-01
   outer loop
     vertex  6.000000e+00 -1.234648e-01  1.090008e+02
     vertex -6.000000e+00 -3.703016e-01  1.090076e+02
     vertex -6.000000e+00 -1.234648e-01  1.090008e+02
   endloop
 endfacet
 facet normal  0.000000e+00 -0.000000e+00 -1.000000e+00
   outer loop
     vertex  6.000000e+00  1.234648e-01  1.090008e+02
     vertex  6.000000e+00 -1.234648e-01  1.090008e+02
     vertex -6.000000e+00 -1.234648e-01  1.090008e+02
   endloop
 endfacet
 facet normal -0.000000e+00  0.000000e+00 -1.000000e+00
   outer loop
     vertex  6.000000e+00  1.234648e-01  1.090008e+02
     vertex -6.000000e+00 -1.234648e-01  1.090008e+02
     vertex -6.000000e+00  1.234648e-01  1.090008e+02
   endloop
 endfacet
 facet normal  2.858558e-20  2.743405e-02 -9.996236e-01
   outer loop
     vertex  6.000000e+00  3.703016e-01  1.090076e+02
     vertex  6.000000e+00  1.234648e-01  1.090008e+02
     vertex -6.000000e+00  1.234648e-01  1.090008e+02
   endloop
 endfacet
 facet normal  0.000000e+00  2.743405e-02 -9.996236e-01
   outer loop
     vertex  6.000000e+00  3.703016e-01  1.090076e+02
     vertex -6.000000e+00  1.234648e-01  1.090008e+02
     vertex -6.000000e+00  3.703016e-01  1.090076e+02
   endloop
 endfacet
 facet normal -5.985080e-20  5.484744e-02 -9.984947e-01
   outer loop
     vertex  6.000000e+00  6.168595e-01  1.090212e+02
     vertex  6.000000e+00  3.703016e-01  1.090076e+02
     vertex -6.000000e+00  3.703016e-01  1.090076e+02
   endloop
 endfacet
 facet normal  0.000000e+00  5.484744e-02 -9.984947e-01
   outer loop
     vertex  6.000000e+00  6.168595e-01  1.090212e+02
     vertex -6.000000e+00  3.703016e-01  1.090076e+02
     vertex -6.000000e+00  6.168595e-01  1.090212e+02
   endloop
 endfacet
 facet normal -1.760964e-20  8.221955e-02 -9.966142e-01
   outer loop
     vertex  6.000000e+00  8.629532e-01  1.090415e+02
     vertex  6.000000e+00  6.168595e-01  1.090212e+02
     vertex -6.000000e+00  6.168595e-01  1.090212e+02
   endloop
 endfacet
 facet normal  0.000000e+00  8.221955e-02 -9.966142e-01
   outer loop
     vertex  6.000000e+00  8.629532e-01  1.090415e+02
     vertex -6.000000e+00  6.168595e-01  1.090212e+02
     vertex -6.000000e+00  8.629532e-01  1.090415e+02
   endloop
 endfacet
 facet normal -1.364681e-19  1.095298e-01 -9.939835e-01
   outer loop
     vertex  6.000000e+00  1.108397e+00  1.090685e+02
     vertex  6.000000e+00  8.629532e-01  1.090415e+02
     vertex -6.000000e+00  8.629532e-01  1.090415e+02
   endloop
 endfacet
 facet normal  0.000000e+00  1.095298e-01 -9.939835e-01
   outer loop
     vertex  6.000000e+00  1.108397e+00  1.090685e+02
     vertex -6.000000e+00  8.629532e-01  1.090415e+02
     vertex -6.000000e+00  1.108397e+00  1.090685e+02
   endloop
 endfacet
 facet normal  2.953999e-20  1.367575e-01 -9.906046e-01
   outer loop
     vertex  6.000000e+00  1.353007e+00  1.091023e+02
     vertex  6.000000e+00  1.108397e+00  1.090685e+02
     vertex -6.000000e+00  1.108397e+00  1.090685e+02
   endloop
 endfacet
 facet normal  0.000000e+00  1.367575e-01 -9.906046e-01
   outer loop
     vertex  6.000000e+00  1.353007e+00  1.091023e+02
     vertex -6.000000e+00  1.108397e+00  1.090685e+02
     vertex -6.000000e+00  1.353007e+00  1.091023e+02
   endloop
 endfacet
 facet normal -2.703401e-19  1.638824e-01 -9.864799e-01
   outer loop
     vertex  6.000000e+00  1.596598e+00  1.091428e+02
     vertex  6.000000e+00  1.353007e+00  1.091023e+02
     vertex -6.000000e+00  1.353007e+00  1.091023e+02
   endloop
 endfacet
 facet normal  0.000000e+00  1.638824e-01 -9.864799e-01
   outer loop
     vertex  6.000000e+00  1.596598e+00  1.091428e+02
     vertex -6.000000e+00  1.353007e+00  1.091023e+02
     vertex -6.000000e+00  1.596598e+00  1.091428e+02
   endloop
 endfacet
 facet normal  1.885136e-19  1.908838e-01 -9.816126e-01
   outer loop
     vertex  6.000000e+00  1.838987e+00  1.091899e+02
     vertex  6.000000e+00  1.596598e+00  1.091428e+02
     vertex -6.000000e+00  1.596598e+00  1.091428e+02
   endloop
 endfacet
 facet normal  0.000000e+00  1.908838e-01 -9.816126e-01
   outer loop
     vertex  6.000000e+00  1.838987e+00  1.091899e+02
     vertex -6.000000e+00  1.596598e+00  1.091428e+02
     vertex -6.000000e+00  1.838987e+00  1.091899e+02
   endloop
 endfacet
 facet normal  0.000000e+00  2.177416e-01 -9.760065e-01
   outer loop
     vertex  6.000000e+00  2.079992e+00  1.092437e+02
     vertex -6.000000e+00  1.838987e+00  1.091899e+02
     vertex -6.000000e+00  2.079992e+00  1.092437e+02
   endloop
 endfacet
 facet normal -1.462979e-19  2.177416e-01 -9.760065e-01
   outer loop
     vertex  6.000000e+00  2.079992e+00  1.092437e+02
     vertex  6.000000e+00  1.838987e+00  1.091899e+02
     vertex -6.000000e+00  1.838987e+00  1.091899e+02
   endloop
 endfacet
 facet normal  0.000000e+00  2.444354e-01 -9.696656e-01
   outer loop
     vertex  6.000000e+00  2.079992e+00  1.092437e+02
     vertex -6.000000e+00  2.079992e+00  1.092437e+02
     vertex -6.000000e+00  2.319431e+00  1.093040e+02
   endloop
 endfacet
 facet normal  0.000000e+00  2.709453e-01 -9.625948e-01
   outer loop
     vertex  6.000000e+00  2.319431e+00  1.093040e+02
     vertex -6.000000e+00  2.319431e+00  1.093040e+02
     vertex -6.000000e+00  2.557125e+00  1.093709e+02
   endloop
 endfacet
 facet normal  0.000000e+00  2.444354e-01 -9.696656e-01
   outer loop
     vertex  6.000000e+00  2.319431e+00  1.093040e+02
     vertex  6.000000e+00  2.079992e+00  1.092437e+02
     vertex -6.000000e+00  2.319431e+00  1.093040e+02
   endloop
 endfacet
 facet normal  0.000000e+00  2.709453e-01 -9.625948e-01
   outer loop
     vertex  6.000000e+00  2.557125e+00  1.093709e+02
     vertex  6.000000e+00  2.319431e+00  1.093040e+02
     vertex -6.000000e+00  2.557125e+00  1.093709e+02
   endloop
 endfacet
 facet normal  0.000000e+00  2.972512e-01 -9.547993e-01
   outer loop
     vertex  6.000000e+00  2.792893e+00  1.094443e+02
     vertex -6.000000e+00  2.557125e+00  1.093709e+02
     vertex -6.000000e+00  2.792893e+00  1.094443e+02
   endloop
 endfacet
 facet normal  4.051161e-19  2.972512e-01 -9.547993e-01
   outer loop
     vertex  6.000000e+00  2.792893e+00  1.094443e+02
     vertex  6.000000e+00  2.557125e+00  1.093709e+02
     vertex -6.000000e+00  2.557125e+00  1.093709e+02
   endloop
 endfacet
 facet normal  0.000000e+00  3.233333e-01 -9.462851e-01
   outer loop
     vertex  6.000000e+00  3.026559e+00  1.095242e+02
     vertex -6.000000e+00  2.792893e+00  1.094443e+02
     vertex -6.000000e+00  3.026559e+00  1.095242e+02
   endloop
 endfacet
 facet normal  0.000000e+00  3.491720e-01 -9.370586e-01
   outer loop
     vertex  6.000000e+00  3.026559e+00  1.095242e+02
     vertex -6.000000e+00  3.026559e+00  1.095242e+02
     vertex -6.000000e+00  3.257946e+00  1.096104e+02
   endloop
 endfacet
 facet normal  7.338477e-20  3.233333e-01 -9.462851e-01
   outer loop
     vertex  6.000000e+00  3.026559e+00  1.095242e+02
     vertex  6.000000e+00  2.792893e+00  1.094443e+02
     vertex -6.000000e+00  2.792893e+00  1.094443e+02
   endloop
 endfacet
 facet normal  0.000000e+00  3.491720e-01 -9.370586e-01
   outer loop
     vertex  6.000000e+00  3.257946e+00  1.096104e+02
     vertex  6.000000e+00  3.026559e+00  1.095242e+02
     vertex -6.000000e+00  3.257946e+00  1.096104e+02
   endloop
 endfacet
 facet normal  0.000000e+00  3.747479e-01 -9.271267e-01
   outer loop
     vertex  6.000000e+00  3.486881e+00  1.097029e+02
     vertex -6.000000e+00  3.257946e+00  1.096104e+02
     vertex -6.000000e+00  3.486881e+00  1.097029e+02
   endloop
 endfacet
 facet normal -2.810989e-19  3.747479e-01 -9.271267e-01
   outer loop
     vertex  6.000000e+00  3.486881e+00  1.097029e+02
     vertex  6.000000e+00  3.257946e+00  1.096104e+02
     vertex -6.000000e+00  3.257946e+00  1.096104e+02
   endloop
 endfacet
 facet normal  0.000000e+00  4.000417e-01 -9.164969e-01
   outer loop
     vertex  6.000000e+00  3.713192e+00  1.098017e+02
     vertex -6.000000e+00  3.486881e+00  1.097029e+02
     vertex -6.000000e+00  3.713192e+00  1.098017e+02
   endloop
 endfacet
 facet normal  4.075958e-19  4.000417e-01 -9.164969e-01
   outer loop
     vertex  6.000000e+00  3.713192e+00  1.098017e+02
     vertex  6.000000e+00  3.486881e+00  1.097029e+02
     vertex -6.000000e+00  3.486881e+00  1.097029e+02
   endloop
 endfacet
 facet normal  0.000000e+00  4.250344e-01 -9.051772e-01
   outer loop
     vertex  6.000000e+00  3.936707e+00  1.099066e+02
     vertex -6.000000e+00  3.713192e+00  1.098017e+02
     vertex -6.000000e+00  3.936707e+00  1.099066e+02
   endloop
 endfacet
 facet normal  0.000000e+00  4.497071e-01 -8.931761e-01
   outer loop
     vertex  6.000000e+00  3.936707e+00  1.099066e+02
     vertex -6.000000e+00  3.936707e+00  1.099066e+02
     vertex -6.000000e+00  4.157259e+00  1.100177e+02
   endloop
 endfacet
 facet normal  1.566798e-19  4.250344e-01 -9.051772e-01
   outer loop
     vertex  6.000000e+00  3.936707e+00  1.099066e+02
     vertex  6.000000e+00  3.713192e+00  1.098017e+02
     vertex -6.000000e+00  3.713192e+00  1.098017e+02
   endloop
 endfacet
 facet normal  0.000000e+00  4.497071e-01 -8.931761e-01
   outer loop
     vertex  6.000000e+00  4.157259e+00  1.100177e+02
     vertex  6.000000e+00  3.936707e+00  1.099066e+02
     vertex -6.000000e+00  4.157259e+00  1.100177e+02
   endloop
 endfacet
 facet normal  0.000000e+00  4.740412e-01 -8.805026e-01
   outer loop
     vertex  6.000000e+00  4.374681e+00  1.101347e+02
     vertex -6.000000e+00  4.157259e+00  1.100177e+02
     vertex -6.000000e+00  4.374681e+00  1.101347e+02
   endloop
 endfacet
 facet normal  4.124618e-19  4.740412e-01 -8.805026e-01
   outer loop
     vertex  6.000000e+00  4.374681e+00  1.101347e+02
     vertex  6.000000e+00  4.157259e+00  1.100177e+02
     vertex -6.000000e+00  4.157259e+00  1.100177e+02
   endloop
 endfacet
 facet normal  0.000000e+00  4.980186e-01 -8.671664e-01
   outer loop
     vertex  6.000000e+00  4.588810e+00  1.102577e+02
     vertex -6.000000e+00  4.374681e+00  1.101347e+02
     vertex -6.000000e+00  4.588810e+00  1.102577e+02
   endloop
 endfacet
 facet normal -6.170221e-21  4.980186e-01 -8.671664e-01
   outer loop
     vertex  6.000000e+00  4.588810e+00  1.102577e+02
     vertex  6.000000e+00  4.374681e+00  1.101347e+02
     vertex -6.000000e+00  4.374681e+00  1.101347e+02
   endloop
 endfacet
 facet normal  0.000000e+00  5.216210e-01 -8.531773e-01
   outer loop
     vertex  6.000000e+00  4.799485e+00  1.103865e+02
     vertex -6.000000e+00  4.588810e+00  1.102577e+02
     vertex -6.000000e+00  4.799485e+00  1.103865e+02
   endloop
 endfacet
 facet normal  4.336951e-19  5.216210e-01 -8.531773e-01
   outer loop
     vertex  6.000000e+00  4.799485e+00  1.103865e+02
     vertex  6.000000e+00  4.588810e+00  1.102577e+02
     vertex -6.000000e+00  4.588810e+00  1.102577e+02
   endloop
 endfacet
 facet normal  0.000000e+00  5.448308e-01 -8.385460e-01
   outer loop
     vertex  6.000000e+00  5.006547e+00  1.105211e+02
     vertex -6.000000e+00  4.799485e+00  1.103865e+02
     vertex -6.000000e+00  5.006547e+00  1.105211e+02
   endloop
 endfacet
 facet normal -1.028855e-19  5.448308e-01 -8.385460e-01
   outer loop
     vertex  6.000000e+00  5.006547e+00  1.105211e+02
     vertex  6.000000e+00  4.799485e+00  1.103865e+02
     vertex -6.000000e+00  4.799485e+00  1.103865e+02
   endloop
 endfacet
 facet normal  9.968605e-20  5.676304e-01 -8.232835e-01
   outer loop
     vertex  6.000000e+00  5.209840e+00  1.106612e+02
     vertex  6.000000e+00  5.006547e+00  1.105211e+02
     vertex -6.000000e+00  5.006547e+00  1.105211e+02
   endloop
 endfacet
 facet normal  0.000000e+00  5.676304e-01 -8.232835e-01
   outer loop
     vertex  6.000000e+00  5.209840e+00  1.106612e+02
     vertex -6.000000e+00  5.006547e+00  1.105211e+02
     vertex -6.000000e+00  5.209840e+00  1.106612e+02
   endloop
 endfacet
 facet normal  0.000000e+00  5.900028e-01 -8.074012e-01
   outer loop
     vertex  6.000000e+00  5.209840e+00  1.106612e+02
     vertex -6.000000e+00  5.209840e+00  1.106612e+02
     vertex -6.000000e+00  5.409211e+00  1.108069e+02
   endloop
 endfacet
 facet normal  0.000000e+00  5.900028e-01 -8.074012e-01
   outer loop
     vertex  6.000000e+00  5.409211e+00  1.108069e+02
     vertex  6.000000e+00  5.209840e+00  1.106612e+02
     vertex -6.000000e+00  5.409211e+00  1.108069e+02
   endloop
 endfacet
 facet normal -4.066023e-19  6.119310e-01 -7.909112e-01
   outer loop
     vertex  6.000000e+00  5.604510e+00  1.109580e+02
     vertex  6.000000e+00  5.409211e+00  1.108069e+02
     vertex -6.000000e+00  5.409211e+00  1.108069e+02
   endloop
 endfacet
 facet normal  0.000000e+00  6.119310e-01 -7.909112e-01
   outer loop
     vertex  6.000000e+00  5.604510e+00  1.109580e+02
     vertex -6.000000e+00  5.409211e+00  1.108069e+02
     vertex -6.000000e+00  5.604510e+00  1.109580e+02
   endloop
 endfacet
 facet normal  0.000000e+00  6.333986e-01 -7.738257e-01
   outer loop
     vertex  6.000000e+00  5.604510e+00  1.109580e+02
     vertex -6.000000e+00  5.604510e+00  1.109580e+02
     vertex -6.000000e+00  5.795591e+00  1.111144e+02
   endloop
 endfacet
 facet normal  0.000000e+00  6.333986e-01 -7.738257e-01
   outer loop
     vertex  6.000000e+00  5.795591e+00  1.111144e+02
     vertex  6.000000e+00  5.604510e+00  1.109580e+02
     vertex -6.000000e+00  5.795591e+00  1.111144e+02
   endloop
 endfacet
 facet normal -3.352704e-19  6.543893e-01 -7.561578e-01
   outer loop
     vertex  6.000000e+00  5.982309e+00  1.112760e+02
     vertex  6.000000e+00  5.795591e+00  1.111144e+02
     vertex -6.000000e+00  5.795591e+00  1.111144e+02
   endloop
 endfacet
 facet normal  0.000000e+00  6.543893e-01 -7.561578e-01
   outer loop
     vertex  6.000000e+00  5.982309e+00  1.112760e+02
     vertex -6.000000e+00  5.795591e+00  1.111144e+02
     vertex -6.000000e+00  5.982309e+00  1.112760e+02
   endloop
 endfacet
 facet normal  4.148408e-19  6.748875e-01 -7.379206e-01
   outer loop
     vertex  6.000000e+00  6.164523e+00  1.114427e+02
     vertex  6.000000e+00  5.982309e+00  1.112760e+02
     vertex -6.000000e+00  5.982309e+00  1.112760e+02
   endloop
 endfacet
 facet normal  0.000000e+00  6.748875e-01 -7.379206e-01
   outer loop
     vertex  6.000000e+00  6.164523e+00  1.114427e+02
     vertex -6.000000e+00  5.982309e+00  1.112760e+02
     vertex -6.000000e+00  6.164523e+00  1.114427e+02
   endloop
 endfacet
 facet normal  0.000000e+00  6.948776e-01 -7.191280e-01
   outer loop
     vertex  6.000000e+00  6.164523e+00  1.114427e+02
     vertex -6.000000e+00  6.164523e+00  1.114427e+02
     vertex -6.000000e+00  6.342097e+00  1.116143e+02
   endloop
 endfacet
 facet normal  0.000000e+00  6.948776e-01 -7.191280e-01
   outer loop
     vertex  6.000000e+00  6.342097e+00  1.116143e+02
     vertex  6.000000e+00  6.164523e+00  1.114427e+02
     vertex -6.000000e+00  6.342097e+00  1.116143e+02
   endloop
 endfacet
 facet normal  1.855978e-19  7.143447e-01 -6.997940e-01
   outer loop
     vertex  6.000000e+00  6.514897e+00  1.117906e+02
     vertex  6.000000e+00  6.342097e+00  1.116143e+02
     vertex -6.000000e+00  6.342097e+00  1.116143e+02
   endloop
 endfacet
 facet normal  0.000000e+00  7.143447e-01 -6.997940e-01
   outer loop
     vertex  6.000000e+00  6.514897e+00  1.117906e+02
     vertex -6.000000e+00  6.342097e+00  1.116143e+02
     vertex -6.000000e+00  6.514897e+00  1.117906e+02
   endloop
 endfacet
 facet normal  4.786680e-19  7.332740e-01 -6.799333e-01
   outer loop
     vertex  6.000000e+00  6.682793e+00  1.119717e+02
     vertex  6.000000e+00  6.514897e+00  1.117906e+02
     vertex -6.000000e+00  6.514897e+00  1.117906e+02
   endloop
 endfacet
 facet normal  0.000000e+00  7.332740e-01 -6.799333e-01
   outer loop
     vertex  6.000000e+00  6.682793e+00  1.119717e+02
     vertex -6.000000e+00  6.514897e+00  1.117906e+02
     vertex -6.000000e+00  6.682793e+00  1.119717e+02
   endloop
 endfacet
 facet normal -5.784862e-19  7.516513e-01 -6.595607e-01
   outer loop
     vertex  6.000000e+00  6.845658e+00  1.121573e+02
     vertex  6.000000e+00  6.682793e+00  1.119717e+02
     vertex -6.000000e+00  6.682793e+00  1.119717e+02
   endloop
 endfacet
 facet normal  0.000000e+00  7.516513e-01 -6.595607e-01
   outer loop
     vertex  6.000000e+00  6.845658e+00  1.121573e+02
     vertex -6.000000e+00  6.682793e+00  1.119717e+02
     vertex -6.000000e+00  6.845658e+00  1.121573e+02
   endloop
 endfacet
 facet normal  3.543867e-19  7.694628e-01 -6.386916e-01
   outer loop
     vertex  6.000000e+00  7.003370e+00  1.123473e+02
     vertex  6.000000e+00  6.845658e+00  1.121573e+02
     vertex -6.000000e+00  6.845658e+00  1.121573e+02
   endloop
 endfacet
 facet normal  0.000000e+00  7.694628e-01 -6.386916e-01
   outer loop
     vertex  6.000000e+00  7.003370e+00  1.123473e+02
     vertex -6.000000e+00  6.845658e+00  1.121573e+02
     vertex -6.000000e+00  7.003370e+00  1.123473e+02
   endloop
 endfacet
 facet normal -5.629980e-19  7.866951e-01 -6.173417e-01
   outer loop
     vertex  6.000000e+00  7.155810e+00  1.125416e+02
     vertex  6.000000e+00  7.003370e+00  1.123473e+02
     vertex -6.000000e+00  7.003370e+00  1.123473e+02
   endloop
 endfacet
 facet normal  0.000000e+00  7.866951e-01 -6.173417e-01
   outer loop
     vertex  6.000000e+00  7.155810e+00  1.125416e+02
     vertex -6.000000e+00  7.003370e+00  1.123473e+02
     vertex -6.000000e+00  7.155810e+00  1.125416e+02
   endloop
 endfacet
 facet normal -8.209296e-20  8.033352e-01 -5.955271e-01
   outer loop
     vertex  6.000000e+00  7.302863e+00  1.127399e+02
     vertex  6.000000e+00  7.155810e+00  1.125416e+02
     vertex -6.000000e+00  7.155810e+00  1.125416e+02
   endloop
 endfacet
 facet normal  0.000000e+00  8.033352e-01 -5.955271e-01
   outer loop
     vertex  6.000000e+00  7.302863e+00  1.127399e+02
     vertex -6.000000e+00  7.155810e+00  1.125416e+02
     vertex -6.000000e+00  7.302863e+00  1.127399e+02
   endloop
 endfacet
 facet normal -3.227864e-20  8.193706e-01 -5.732642e-01
   outer loop
     vertex  6.000000e+00  7.444419e+00  1.129423e+02
     vertex  6.000000e+00  7.302863e+00  1.127399e+02
     vertex -6.000000e+00  7.302863e+00  1.127399e+02
   endloop
 endfacet
 facet normal  0.000000e+00  8.193706e-01 -5.732642e-01
   outer loop
     vertex  6.000000e+00  7.444419e+00  1.129423e+02
     vertex -6.000000e+00  7.302863e+00  1.127399e+02
     vertex -6.000000e+00  7.444419e+00  1.129423e+02
   endloop
 endfacet
 facet normal  2.972194e-19  8.347891e-01 -5.505698e-01
   outer loop
     vertex  6.000000e+00  7.580371e+00  1.131484e+02
     vertex  6.000000e+00  7.444419e+00  1.129423e+02
     vertex -6.000000e+00  7.444419e+00  1.129423e+02
   endloop
 endfacet
 facet normal  0.000000e+00  8.347891e-01 -5.505698e-01
   outer loop
     vertex  6.000000e+00  7.580371e+00  1.131484e+02
     vertex -6.000000e+00  7.444419e+00  1.129423e+02
     vertex -6.000000e+00  7.580371e+00  1.131484e+02
   endloop
 endfacet
 facet normal -1.246755e-19  8.495793e-01 -5.274609e-01
   outer loop
     vertex  6.000000e+00  7.710617e+00  1.133582e+02
     vertex  6.000000e+00  7.580371e+00  1.131484e+02
     vertex -6.000000e+00  7.580371e+00  1.131484e+02
   endloop
 endfacet
 facet normal  0.000000e+00  8.495793e-01 -5.274609e-01
   outer loop
     vertex  6.000000e+00  7.710617e+00  1.133582e+02
     vertex -6.000000e+00  7.580371e+00  1.131484e+02
     vertex -6.000000e+00  7.710617e+00  1.133582e+02
   endloop
 endfacet
 facet normal -4.605427e-19  8.637299e-01 -5.039550e-01
   outer loop
     vertex  6.000000e+00  7.835058e+00  1.135715e+02
     vertex  6.000000e+00  7.710617e+00  1.133582e+02
     vertex -6.000000e+00  7.710617e+00  1.133582e+02
   endloop
 endfacet
 facet normal  0.000000e+00  8.637299e-01 -5.039550e-01
   outer loop
     vertex  6.000000e+00  7.835058e+00  1.135715e+02
     vertex -6.000000e+00  7.710617e+00  1.133582e+02
     vertex -6.000000e+00  7.835058e+00  1.135715e+02
   endloop
 endfacet
 facet normal  1.196477e-19  8.772303e-01 -4.800697e-01
   outer loop
     vertex  6.000000e+00  7.953602e+00  1.137881e+02
     vertex  6.000000e+00  7.835058e+00  1.135715e+02
     vertex -6.000000e+00  7.835058e+00  1.135715e+02
   endloop
 endfacet
 facet normal  0.000000e+00  8.772303e-01 -4.800697e-01
   outer loop
     vertex  6.000000e+00  7.953602e+00  1.137881e+02
     vertex -6.000000e+00  7.835058e+00  1.135715e+02
     vertex -6.000000e+00  7.953602e+00  1.137881e+02
   endloop
 endfacet
 facet normal  9.871076e-20  8.900704e-01 -4.558231e-01
   outer loop
     vertex  6.000000e+00  8.066158e+00  1.140079e+02
     vertex  6.000000e+00  7.953602e+00  1.137881e+02
     vertex -6.000000e+00  7.953602e+00  1.137881e+02
   endloop
 endfacet
 facet normal  0.000000e+00  8.900704e-01 -4.558231e-01
   outer loop
     vertex  6.000000e+00  8.066158e+00  1.140079e+02
     vertex -6.000000e+00  7.953602e+00  1.137881e+02
     vertex -6.000000e+00  8.066158e+00  1.140079e+02
   endloop
 endfacet
 facet normal -5.668581e-19  9.022405e-01 -4.312333e-01
   outer loop
     vertex  6.000000e+00  8.172642e+00  1.142307e+02
     vertex  6.000000e+00  8.066158e+00  1.140079e+02
     vertex -6.000000e+00  8.066158e+00  1.140079e+02
   endloop
 endfacet
 facet normal  0.000000e+00  9.022405e-01 -4.312333e-01
   outer loop
     vertex  6.000000e+00  8.172642e+00  1.142307e+02
     vertex -6.000000e+00  8.066158e+00  1.140079e+02
     vertex -6.000000e+00  8.172642e+00  1.142307e+02
   endloop
 endfacet
 facet normal  0.000000e+00  9.137314e-01 -4.063188e-01
   outer loop
     vertex  6.000000e+00  8.172642e+00  1.142307e+02
     vertex -6.000000e+00  8.172642e+00  1.142307e+02
     vertex -6.000000e+00  8.272974e+00  1.144563e+02
   endloop
 endfacet
 facet normal  0.000000e+00  9.137314e-01 -4.063188e-01
   outer loop
     vertex  6.000000e+00  8.272974e+00  1.144563e+02
     vertex  6.000000e+00  8.172642e+00  1.142307e+02
     vertex -6.000000e+00  8.272974e+00  1.144563e+02
   endloop
 endfacet
 facet normal  0.000000e+00  9.245344e-01 -3.810986e-01
   outer loop
     vertex  6.000000e+00  8.367079e+00  1.146846e+02
     vertex -6.000000e+00  8.272974e+00  1.144563e+02
     vertex -6.000000e+00  8.367079e+00  1.146846e+02
   endloop
 endfacet
 facet normal -2.460992e-19  9.245344e-01 -3.810986e-01
   outer loop
     vertex  6.000000e+00  8.367079e+00  1.146846e+02
     vertex  6.000000e+00  8.272974e+00  1.144563e+02
     vertex -6.000000e+00  8.272974e+00  1.144563e+02
   endloop
 endfacet
 facet normal  0.000000e+00  9.346415e-01 -3.555914e-01
   outer loop
     vertex  6.000000e+00  8.454885e+00  1.149154e+02
     vertex -6.000000e+00  8.367079e+00  1.146846e+02
     vertex -6.000000e+00  8.454885e+00  1.149154e+02
   endloop
 endfacet
 facet normal  1.512797e-19  9.346415e-01 -3.555914e-01
   outer loop
     vertex  6.000000e+00  8.454885e+00  1.149154e+02
     vertex  6.000000e+00  8.367079e+00  1.146846e+02
     vertex -6.000000e+00  8.367079e+00  1.146846e+02
   endloop
 endfacet
 facet normal  0.000000e+00  9.440450e-01 -3.298166e-01
   outer loop
     vertex  6.000000e+00  8.536327e+00  1.151485e+02
     vertex -6.000000e+00  8.454885e+00  1.149154e+02
     vertex -6.000000e+00  8.536327e+00  1.151485e+02
   endloop
 endfacet
 facet normal  1.026494e-19  9.440450e-01 -3.298166e-01
   outer loop
     vertex  6.000000e+00  8.536327e+00  1.151485e+02
     vertex  6.000000e+00  8.454885e+00  1.149154e+02
     vertex -6.000000e+00  8.454885e+00  1.149154e+02
   endloop
 endfacet
 facet normal  0.000000e+00  9.527379e-01 -3.037934e-01
   outer loop
     vertex  6.000000e+00  8.611342e+00  1.153837e+02
     vertex -6.000000e+00  8.536327e+00  1.151485e+02
     vertex -6.000000e+00  8.611342e+00  1.153837e+02
   endloop
 endfacet
 facet normal -3.534760e-19  9.527379e-01 -3.037934e-01
   outer loop
     vertex  6.000000e+00  8.611342e+00  1.153837e+02
     vertex  6.000000e+00  8.536327e+00  1.151485e+02
     vertex -6.000000e+00  8.536327e+00  1.151485e+02
   endloop
 endfacet
 facet normal -3.052877e-19  9.607136e-01 -2.775416e-01
   outer loop
     vertex  6.000000e+00  8.679875e+00  1.156210e+02
     vertex  6.000000e+00  8.611342e+00  1.153837e+02
     vertex -6.000000e+00  8.611342e+00  1.153837e+02
   endloop
 endfacet
 facet normal  0.000000e+00  9.607136e-01 -2.775416e-01
   outer loop
     vertex  6.000000e+00  8.679875e+00  1.156210e+02
     vertex -6.000000e+00  8.611342e+00  1.153837e+02
     vertex -6.000000e+00  8.679875e+00  1.156210e+02
   endloop
 endfacet
 facet normal  0.000000e+00  9.679661e-01 -2.510809e-01
   outer loop
     vertex  6.000000e+00  8.679875e+00  1.156210e+02
     vertex -6.000000e+00  8.679875e+00  1.156210e+02
     vertex -6.000000e+00  8.741875e+00  1.158600e+02
   endloop
 endfacet
 facet normal  0.000000e+00  9.679661e-01 -2.510809e-01
   outer loop
     vertex  6.000000e+00  8.741875e+00  1.158600e+02
     vertex  6.000000e+00  8.679875e+00  1.156210e+02
     vertex -6.000000e+00  8.741875e+00  1.158600e+02
   endloop
 endfacet
 facet normal  0.000000e+00  9.744899e-01 -2.244312e-01
   outer loop
     vertex  6.000000e+00  8.741875e+00  1.158600e+02
     vertex -6.000000e+00  8.741875e+00  1.158600e+02
     vertex -6.000000e+00  8.797294e+00  1.161006e+02
   endloop
 endfacet
 facet normal  0.000000e+00  9.744899e-01 -2.244312e-01
   outer loop
     vertex  6.000000e+00  8.797294e+00  1.161006e+02
     vertex  6.000000e+00  8.741875e+00  1.158600e+02
     vertex -6.000000e+00  8.797294e+00  1.161006e+02
   endloop
 endfacet
 facet normal  0.000000e+00  9.802802e-01 -1.976125e-01
   outer loop
     vertex  6.000000e+00  8.797294e+00  1.161006e+02
     vertex -6.000000e+00  8.797294e+00  1.161006e+02
     vertex -6.000000e+00  8.846090e+00  1.163427e+02
   endloop
 endfacet
 facet normal  0.000000e+00  9.802802e-01 -1.976125e-01
   outer loop
     vertex  6.000000e+00  8.846090e+00  1.163427e+02
     vertex  6.000000e+00  8.797294e+00  1.161006e+02
     vertex -6.000000e+00  8.846090e+00  1.163427e+02
   endloop
 endfacet
 facet normal  0.000000e+00  9.853326e-01 -1.706451e-01
   outer loop
     vertex  6.000000e+00  8.846090e+00  1.163427e+02
     vertex -6.000000e+00  8.846090e+00  1.163427e+02
     vertex -6.000000e+00  8.888227e+00  1.165860e+02
   endloop
 endfacet
 facet normal  0.000000e+00  9.853326e-01 -1.706451e-01
   outer loop
     vertex  6.000000e+00  8.888227e+00  1.165860e+02
     vertex  6.000000e+00  8.846090e+00  1.163427e+02
     vertex -6.000000e+00  8.888227e+00  1.165860e+02
   endloop
 endfacet
 facet normal  0.000000e+00  9.896432e-01 -1.435492e-01
   outer loop
     vertex  6.000000e+00  8.888227e+00  1.165860e+02
     vertex -6.000000e+00  8.888227e+00  1.165860e+02
     vertex -6.000000e+00  8.923674e+00  1.168304e+02
   endloop
 endfacet
 facet normal  0.000000e+00  9.896432e-01 -1.435492e-01
   outer loop
     vertex  6.000000e+00  8.923674e+00  1.168304e+02
     vertex  6.000000e+00  8.888227e+00  1.165860e+02
     vertex -6.000000e+00  8.923674e+00  1.168304e+02
   endloop
 endfacet
 facet normal -1.185444e-20  9.932088e-01 -1.163452e-01
   outer loop
     vertex  6.000000e+00  8.952403e+00  1.170756e+02
     vertex  6.000000e+00  8.923674e+00  1.168304e+02
     vertex -6.000000e+00  8.923674e+00  1.168304e+02
   endloop
 endfacet
 facet normal  0.000000e+00  9.932088e-01 -1.163452e-01
   outer loop
     vertex  6.000000e+00  8.952403e+00  1.170756e+02
     vertex -6.000000e+00  8.923674e+00  1.168304e+02
     vertex -6.000000e+00  8.952403e+00  1.170756e+02
   endloop
 endfacet
 facet normal  2.312027e-20  9.960268e-01 -8.905371e-02
   outer loop
     vertex  6.000000e+00  8.974393e+00  1.173216e+02
     vertex  6.000000e+00  8.952403e+00  1.170756e+02
     vertex -6.000000e+00  8.952403e+00  1.170756e+02
   endloop
 endfacet
 facet normal  0.000000e+00  9.960268e-01 -8.905371e-02
   outer loop
     vertex  6.000000e+00  8.974393e+00  1.173216e+02
     vertex -6.000000e+00  8.952403e+00  1.170756e+02
     vertex -6.000000e+00  8.974393e+00  1.173216e+02
   endloop
 endfacet
 facet normal  2.258896e-21  9.980950e-01 -6.169515e-02
   outer loop
     vertex  6.000000e+00  8.989627e+00  1.175680e+02
     vertex  6.000000e+00  8.974393e+00  1.173216e+02
     vertex -6.000000e+00  8.974393e+00  1.173216e+02
   endloop
 endfacet
 facet normal  0.000000e+00  9.980950e-01 -6.169515e-02
   outer loop
     vertex  6.000000e+00  8.989627e+00  1.175680e+02
     vertex -6.000000e+00  8.974393e+00  1.173216e+02
     vertex -6.000000e+00  8.989627e+00  1.175680e+02
   endloop
 endfacet
 facet normal  5.072350e-20  9.994119e-01 -3.429014e-02
   outer loop
     vertex  6.000000e+00  8.998095e+00  1.178148e+02
     vertex  6.000000e+00  8.989627e+00  1.175680e+02
     vertex -6.000000e+00  8.989627e+00  1.175680e+02
   endloop
 endfacet
 facet normal  0.000000e+00  9.994119e-01 -3.429014e-02
   outer loop
     vertex  6.000000e+00  8.998095e+00  1.178148e+02
     vertex -6.000000e+00  8.989627e+00  1.175680e+02
     vertex -6.000000e+00  8.998095e+00  1.178148e+02
   endloop
 endfacet
 facet normal  0.000000e+00  9.999765e-01 -6.859319e-03
   outer loop
     vertex  6.000000e+00  8.998095e+00  1.178148e+02
     vertex -6.000000e+00  8.998095e+00  1.178148e+02
     vertex -6.000000e+00  8.999788e+00  1.180617e+02
   endloop
 endfacet
 facet normal  0.000000e+00  9.999765e-01 -6.859319e-03
   outer loop
     vertex  6.000000e+00  8.999788e+00  1.180617e+02
     vertex  6.000000e+00  8.998095e+00  1.178148e+02
     vertex -6.000000e+00  8.999788e+00  1.180617e+02
   endloop
 endfacet
 facet normal  0.000000e+00  9.988475e-01  4.799716e-02
   outer loop
     vertex  6.000000e+00  8.994707e+00  1.183086e+02
     vertex -6.000000e+00  8.994707e+00  1.183086e+02
     vertex -6.000000e+00  8.982855e+00  1.185553e+02
   endloop
 endfacet
 facet normal  6.934384e-21  9.997883e-01  2.057667e-02
   outer loop
     vertex  6.000000e+00  8.994707e+00  1.183086e+02
     vertex  6.000000e+00  8.999788e+00  1.180617e+02
     vertex -6.000000e+00  8.999788e+00  1.180617e+02
   endloop
 endfacet
 facet normal  0.000000e+00  9.997883e-01  2.057667e-02
   outer loop
     vertex  6.000000e+00  8.994707e+00  1.183086e+02
     vertex -6.000000e+00  8.999788e+00  1.180617e+02
     vertex -6.000000e+00  8.994707e+00  1.183086e+02
   endloop
 endfacet
 facet normal  0.000000e+00  9.988475e-01  4.799716e-02
   outer loop
     vertex  6.000000e+00  8.982855e+00  1.185553e+02
     vertex  6.000000e+00  8.994707e+00  1.183086e+02
     vertex -6.000000e+00  8.982855e+00  1.185553e+02
   endloop
 endfacet
 facet normal  0.000000e+00  9.971548e-01  7.538152e-02
   outer loop
     vertex  6.000000e+00  8.964241e+00  1.188015e+02
     vertex -6.000000e+00  8.982855e+00  1.185553e+02
     vertex -6.000000e+00  8.964241e+00  1.188015e+02
   endloop
 endfacet
 facet normal  9.854757e-20  9.971548e-01  7.538152e-02
   outer loop
     vertex  6.000000e+00  8.964241e+00  1.188015e+02
     vertex  6.000000e+00  8.982855e+00  1.185553e+02
     vertex -6.000000e+00  8.982855e+00  1.185553e+02
   endloop
 endfacet
 facet normal  0.000000e+00  9.947114e-01  1.027091e-01
   outer loop
     vertex  6.000000e+00  8.938879e+00  1.190471e+02
     vertex -6.000000e+00  8.964241e+00  1.188015e+02
     vertex -6.000000e+00  8.938879e+00  1.190471e+02
   endloop
 endfacet
 facet normal  0.000000e+00  9.915193e-01  1.299594e-01
   outer loop
     vertex  6.000000e+00  8.938879e+00  1.190471e+02
     vertex -6.000000e+00  8.938879e+00  1.190471e+02
     vertex -6.000000e+00  8.906789e+00  1.192919e+02
   endloop
 endfacet
 facet normal -1.043625e-19  9.947114e-01  1.027091e-01
   outer loop
     vertex  6.000000e+00  8.938879e+00  1.190471e+02
     vertex  6.000000e+00  8.964241e+00  1.188015e+02
     vertex -6.000000e+00  8.964241e+00  1.188015e+02
   endloop
 endfacet
 facet normal  0.000000e+00  9.875808e-01  1.571119e-01
   outer loop
     vertex  6.000000e+00  8.906789e+00  1.192919e+02
     vertex -6.000000e+00  8.906789e+00  1.192919e+02
     vertex -6.000000e+00  8.867993e+00  1.195358e+02
   endloop
 endfacet
 facet normal  0.000000e+00  9.915193e-01  1.299594e-01
   outer loop
     vertex  6.000000e+00  8.906789e+00  1.192919e+02
     vertex  6.000000e+00  8.938879e+00  1.190471e+02
     vertex -6.000000e+00  8.906789e+00  1.192919e+02
   endloop
 endfacet
 facet normal  0.000000e+00  9.875808e-01  1.571119e-01
   outer loop
     vertex  6.000000e+00  8.867993e+00  1.195358e+02
     vertex  6.000000e+00  8.906789e+00  1.192919e+02
     vertex -6.000000e+00  8.867993e+00  1.195358e+02
   endloop
 endfacet
 facet normal  0.000000e+00  9.828989e-01  1.841461e-01
   outer loop
     vertex  6.000000e+00  8.822522e+00  1.197785e+02
     vertex -6.000000e+00  8.867993e+00  1.195358e+02
     vertex -6.000000e+00  8.822522e+00  1.197785e+02
   endloop
 endfacet
 facet normal -1.678996e-19  9.828989e-01  1.841461e-01
   outer loop
     vertex  6.000000e+00  8.822522e+00  1.197785e+02
     vertex  6.000000e+00  8.867993e+00  1.195358e+02
     vertex -6.000000e+00  8.867993e+00  1.195358e+02
   endloop
 endfacet
 facet normal  0.000000e+00  9.774771e-01  2.110417e-01
   outer loop
     vertex  6.000000e+00  8.770409e+00  1.200199e+02
     vertex -6.000000e+00  8.822522e+00  1.197785e+02
     vertex -6.000000e+00  8.770409e+00  1.200199e+02
   endloop
 endfacet
 facet normal  0.000000e+00  9.713194e-01  2.377784e-01
   outer loop
     vertex  6.000000e+00  8.770409e+00  1.200199e+02
     vertex -6.000000e+00  8.770409e+00  1.200199e+02
     vertex -6.000000e+00  8.711695e+00  1.202597e+02
   endloop
 endfacet
 facet normal -7.520829e-20  9.774771e-01  2.110417e-01
   outer loop
     vertex  6.000000e+00  8.770409e+00  1.200199e+02
     vertex  6.000000e+00  8.822522e+00  1.197785e+02
     vertex -6.000000e+00  8.822522e+00  1.197785e+02
   endloop
 endfacet
 facet normal  0.000000e+00  9.644306e-01  2.643362e-01
   outer loop
     vertex  6.000000e+00  8.711695e+00  1.202597e+02
     vertex -6.000000e+00  8.711695e+00  1.202597e+02
     vertex -6.000000e+00  8.646422e+00  1.204979e+02
   endloop
 endfacet
 facet normal  0.000000e+00  9.713194e-01  2.377784e-01
   outer loop
     vertex  6.000000e+00  8.711695e+00  1.202597e+02
     vertex  6.000000e+00  8.770409e+00  1.200199e+02
     vertex -6.000000e+00  8.711695e+00  1.202597e+02
   endloop
 endfacet
 facet normal  0.000000e+00  9.644306e-01  2.643362e-01
   outer loop
     vertex  6.000000e+00  8.646422e+00  1.204979e+02
     vertex  6.000000e+00  8.711695e+00  1.202597e+02
     vertex -6.000000e+00  8.646422e+00  1.204979e+02
   endloop
 endfacet
 facet normal  0.000000e+00  9.568158e-01  2.906949e-01
   outer loop
     vertex  6.000000e+00  8.574641e+00  1.207341e+02
     vertex -6.000000e+00  8.646422e+00  1.204979e+02
     vertex -6.000000e+00  8.574641e+00  1.207341e+02
   endloop
 endfacet
 facet normal -4.910901e-19  9.568158e-01  2.906949e-01
   outer loop
     vertex  6.000000e+00  8.574641e+00  1.207341e+02
     vertex  6.000000e+00  8.646422e+00  1.204979e+02
     vertex -6.000000e+00  8.646422e+00  1.204979e+02
   endloop
 endfacet
 facet normal  0.000000e+00  9.484807e-01  3.168348e-01
   outer loop
     vertex  6.000000e+00  8.496405e+00  1.209683e+02
     vertex -6.000000e+00  8.574641e+00  1.207341e+02
     vertex -6.000000e+00  8.496405e+00  1.209683e+02
   endloop
 endfacet
 facet normal  4.533167e-20  9.484807e-01  3.168348e-01
   outer loop
     vertex  6.000000e+00  8.496405e+00  1.209683e+02
     vertex  6.000000e+00  8.574641e+00  1.207341e+02
     vertex -6.000000e+00  8.574641e+00  1.207341e+02
   endloop
 endfacet
 facet normal  0.000000e+00  9.394317e-01  3.427362e-01
   outer loop
     vertex  6.000000e+00  8.411774e+00  1.212003e+02
     vertex -6.000000e+00  8.496405e+00  1.209683e+02
     vertex -6.000000e+00  8.411774e+00  1.212003e+02
   endloop
 endfacet
 facet normal  1.196455e-19  9.394317e-01  3.427362e-01
   outer loop
     vertex  6.000000e+00  8.411774e+00  1.212003e+02
     vertex  6.000000e+00  8.496405e+00  1.209683e+02
     vertex -6.000000e+00  8.496405e+00  1.209683e+02
   endloop
 endfacet
 facet normal  0.000000e+00  9.296754e-01  3.683796e-01
   outer loop
     vertex  6.000000e+00  8.320810e+00  1.214299e+02
     vertex -6.000000e+00  8.411774e+00  1.212003e+02
     vertex -6.000000e+00  8.320810e+00  1.214299e+02
   endloop
 endfacet
 facet normal -3.819806e-19  9.296754e-01  3.683796e-01
   outer loop
     vertex  6.000000e+00  8.320810e+00  1.214299e+02
     vertex  6.000000e+00  8.411774e+00  1.212003e+02
     vertex -6.000000e+00  8.411774e+00  1.212003e+02
   endloop
 endfacet
 facet normal  1.989364e-19  9.192194e-01  3.937458e-01
   outer loop
     vertex  6.000000e+00  8.223582e+00  1.216569e+02
     vertex  6.000000e+00  8.320810e+00  1.214299e+02
     vertex -6.000000e+00  8.320810e+00  1.214299e+02
   endloop
 endfacet
 facet normal  0.000000e+00  9.192194e-01  3.937458e-01
   outer loop
     vertex  6.000000e+00  8.223582e+00  1.216569e+02
     vertex -6.000000e+00  8.320810e+00  1.214299e+02
     vertex -6.000000e+00  8.223582e+00  1.216569e+02
   endloop
 endfacet
 facet normal  0.000000e+00  9.080714e-01  4.188155e-01
   outer loop
     vertex  6.000000e+00  8.223582e+00  1.216569e+02
     vertex -6.000000e+00  8.223582e+00  1.216569e+02
     vertex -6.000000e+00  8.120164e+00  1.218811e+02
   endloop
 endfacet
 facet normal  0.000000e+00  9.080714e-01  4.188155e-01
   outer loop
     vertex  6.000000e+00  8.120164e+00  1.218811e+02
     vertex  6.000000e+00  8.223582e+00  1.216569e+02
     vertex -6.000000e+00  8.120164e+00  1.218811e+02
   endloop
 endfacet
 facet normal -5.475697e-19  8.962398e-01  4.435699e-01
   outer loop
     vertex  6.000000e+00  8.010634e+00  1.221024e+02
     vertex  6.000000e+00  8.120164e+00  1.218811e+02
     vertex -6.000000e+00  8.120164e+00  1.218811e+02
   endloop
 endfacet
 facet normal  0.000000e+00  8.962398e-01  4.435699e-01
   outer loop
     vertex  6.000000e+00  8.010634e+00  1.221024e+02
     vertex -6.000000e+00  8.120164e+00  1.218811e+02
     vertex -6.000000e+00  8.010634e+00  1.221024e+02
   endloop
 endfacet
 facet normal  0.000000e+00  8.837335e-01  4.679904e-01
   outer loop
     vertex  6.000000e+00  8.010634e+00  1.221024e+02
     vertex -6.000000e+00  8.010634e+00  1.221024e+02
     vertex -6.000000e+00  7.895073e+00  1.223206e+02
   endloop
 endfacet
 facet normal  0.000000e+00  8.837335e-01  4.679904e-01
   outer loop
     vertex  6.000000e+00  7.895073e+00  1.223206e+02
     vertex  6.000000e+00  8.010634e+00  1.221024e+02
     vertex -6.000000e+00  7.895073e+00  1.223206e+02
   endloop
 endfacet
 facet normal  4.878617e-19  8.705620e-01  4.920587e-01
   outer loop
     vertex  6.000000e+00  7.773569e+00  1.225356e+02
     vertex  6.000000e+00  7.895073e+00  1.223206e+02
     vertex -6.000000e+00  7.895073e+00  1.223206e+02
   endloop
 endfacet
 facet normal  0.000000e+00  8.705620e-01  4.920587e-01
   outer loop
     vertex  6.000000e+00  7.773569e+00  1.225356e+02
     vertex -6.000000e+00  7.895073e+00  1.223206e+02
     vertex -6.000000e+00  7.773569e+00  1.225356e+02
   endloop
 endfacet
 facet normal  0.000000e+00  8.567352e-01  5.157565e-01
   outer loop
     vertex  6.000000e+00  7.646214e+00  1.227471e+02
     vertex -6.000000e+00  7.773569e+00  1.225356e+02
     vertex -6.000000e+00  7.646214e+00  1.227471e+02
   endloop
 endfacet
 facet normal -1.930279e-19  8.567352e-01  5.157565e-01
   outer loop
     vertex  6.000000e+00  7.646214e+00  1.227471e+02
     vertex  6.000000e+00  7.773569e+00  1.225356e+02
     vertex -6.000000e+00  7.773569e+00  1.225356e+02
   endloop
 endfacet
 facet normal  0.000000e+00  8.422635e-01  5.390661e-01
   outer loop
     vertex  6.000000e+00  7.513102e+00  1.229551e+02
     vertex -6.000000e+00  7.646214e+00  1.227471e+02
     vertex -6.000000e+00  7.513102e+00  1.229551e+02
   endloop
 endfacet
 facet normal -4.969219e-19  8.422635e-01  5.390661e-01
   outer loop
     vertex  6.000000e+00  7.513102e+00  1.229551e+02
     vertex  6.000000e+00  7.646214e+00  1.227471e+02
     vertex -6.000000e+00  7.646214e+00  1.227471e+02
   endloop
 endfacet
 facet normal  0.000000e+00  8.271577e-01  5.619699e-01
   outer loop
     vertex  6.000000e+00  7.374335e+00  1.231594e+02
     vertex -6.000000e+00  7.513102e+00  1.229551e+02
     vertex -6.000000e+00  7.374335e+00  1.231594e+02
   endloop
 endfacet
 facet normal  0.000000e+00  8.114292e-01  5.844507e-01
   outer loop
     vertex  6.000000e+00  7.374335e+00  1.231594e+02
     vertex -6.000000e+00  7.374335e+00  1.231594e+02
     vertex -6.000000e+00  7.230017e+00  1.233597e+02
   endloop
 endfacet
 facet normal  5.049391e-19  8.271577e-01  5.619699e-01
   outer loop
     vertex  6.000000e+00  7.374335e+00  1.231594e+02
     vertex  6.000000e+00  7.513102e+00  1.229551e+02
     vertex -6.000000e+00  7.513102e+00  1.229551e+02
   endloop
 endfacet
 facet normal  0.000000e+00  7.950900e-01  6.064915e-01
   outer loop
     vertex  6.000000e+00  7.230017e+00  1.233597e+02
     vertex -6.000000e+00  7.230017e+00  1.233597e+02
     vertex -6.000000e+00  7.080256e+00  1.235561e+02
   endloop
 endfacet
 facet normal  0.000000e+00  8.114292e-01  5.844507e-01
   outer loop
     vertex  6.000000e+00  7.230017e+00  1.233597e+02
     vertex  6.000000e+00  7.374335e+00  1.231594e+02
     vertex -6.000000e+00  7.230017e+00  1.233597e+02
   endloop
 endfacet
 facet normal  0.000000e+00  7.950900e-01  6.064915e-01
   outer loop
     vertex  6.000000e+00  7.080256e+00  1.235561e+02
     vertex  6.000000e+00  7.230017e+00  1.233597e+02
     vertex -6.000000e+00  7.080256e+00  1.235561e+02
   endloop
 endfacet
 facet normal  0.000000e+00  7.781522e-01  6.280757e-01
   outer loop
     vertex  6.000000e+00  6.925166e+00  1.237482e+02
     vertex -6.000000e+00  7.080256e+00  1.235561e+02
     vertex -6.000000e+00  6.925166e+00  1.237482e+02
   endloop
 endfacet
 facet normal  4.079650e-20  7.781522e-01  6.280757e-01
   outer loop
     vertex  6.000000e+00  6.925166e+00  1.237482e+02
     vertex  6.000000e+00  7.080256e+00  1.235561e+02
     vertex -6.000000e+00  7.080256e+00  1.235561e+02
   endloop
 endfacet
 facet normal  0.000000e+00  7.606287e-01  6.491872e-01
   outer loop
     vertex  6.000000e+00  6.764862e+00  1.239360e+02
     vertex -6.000000e+00  6.925166e+00  1.237482e+02
     vertex -6.000000e+00  6.764862e+00  1.239360e+02
   endloop
 endfacet
 facet normal  2.017539e-19  7.606287e-01  6.491872e-01
   outer loop
     vertex  6.000000e+00  6.764862e+00  1.239360e+02
     vertex  6.000000e+00  6.925166e+00  1.237482e+02
     vertex -6.000000e+00  6.925166e+00  1.237482e+02
   endloop
 endfacet
 facet normal  0.000000e+00  7.425325e-01  6.698100e-01
   outer loop
     vertex  6.000000e+00  6.599466e+00  1.241194e+02
     vertex -6.000000e+00  6.764862e+00  1.239360e+02
     vertex -6.000000e+00  6.599466e+00  1.241194e+02
   endloop
 endfacet
 facet normal -5.654814e-19  7.425325e-01  6.698100e-01
   outer loop
     vertex  6.000000e+00  6.599466e+00  1.241194e+02
     vertex  6.000000e+00  6.764862e+00  1.239360e+02
     vertex -6.000000e+00  6.764862e+00  1.239360e+02
   endloop
 endfacet
 facet normal  0.000000e+00  7.238775e-01  6.899286e-01
   outer loop
     vertex  6.000000e+00  6.429102e+00  1.242981e+02
     vertex -6.000000e+00  6.599466e+00  1.241194e+02
     vertex -6.000000e+00  6.429102e+00  1.242981e+02
   endloop
 endfacet
 facet normal  0.000000e+00  7.046775e-01  7.095278e-01
   outer loop
     vertex  6.000000e+00  6.429102e+00  1.242981e+02
     vertex -6.000000e+00  6.429102e+00  1.242981e+02
     vertex -6.000000e+00  6.253899e+00  1.244722e+02
   endloop
 endfacet
 facet normal  7.248317e-20  7.238775e-01  6.899286e-01
   outer loop
     vertex  6.000000e+00  6.429102e+00  1.242981e+02
     vertex  6.000000e+00  6.599466e+00  1.241194e+02
     vertex -6.000000e+00  6.599466e+00  1.241194e+02
   endloop
 endfacet
 facet normal  0.000000e+00  7.046775e-01  7.095278e-01
   outer loop
     vertex  6.000000e+00  6.253899e+00  1.244722e+02
     vertex  6.000000e+00  6.429102e+00  1.242981e+02
     vertex -6.000000e+00  6.253899e+00  1.244722e+02
   endloop
 endfacet
 facet normal  0.000000e+00  6.849470e-01  7.285929e-01
   outer loop
     vertex  6.000000e+00  6.073988e+00  1.246413e+02
     vertex -6.000000e+00  6.253899e+00  1.244722e+02
     vertex -6.000000e+00  6.073988e+00  1.246413e+02
   endloop
 endfacet
 facet normal -7.315814e-21  6.849470e-01  7.285929e-01
   outer loop
     vertex  6.000000e+00  6.073988e+00  1.246413e+02
     vertex  6.000000e+00  6.253899e+00  1.244722e+02
     vertex -6.000000e+00  6.253899e+00  1.244722e+02
   endloop
 endfacet
 facet normal  0.000000e+00  6.647010e-01  7.471095e-01
   outer loop
     vertex  6.000000e+00  5.889504e+00  1.248054e+02
     vertex -6.000000e+00  6.073988e+00  1.246413e+02
     vertex -6.000000e+00  5.889504e+00  1.248054e+02
   endloop
 endfacet
 facet normal  5.127833e-19  6.647010e-01  7.471095e-01
   outer loop
     vertex  6.000000e+00  5.889504e+00  1.248054e+02
     vertex  6.000000e+00  6.073988e+00  1.246413e+02
     vertex -6.000000e+00  6.073988e+00  1.246413e+02
   endloop
 endfacet
 facet normal  0.000000e+00  6.439545e-01  7.650637e-01
   outer loop
     vertex  6.000000e+00  5.700587e+00  1.249644e+02
     vertex -6.000000e+00  5.889504e+00  1.248054e+02
     vertex -6.000000e+00  5.700587e+00  1.249644e+02
   endloop
 endfacet
 facet normal -2.356494e-19  6.439545e-01  7.650637e-01
   outer loop
     vertex  6.000000e+00  5.700587e+00  1.249644e+02
     vertex  6.000000e+00  5.889504e+00  1.248054e+02
     vertex -6.000000e+00  5.889504e+00  1.248054e+02
   endloop
 endfacet
 facet normal  0.000000e+00  6.227234e-01  7.824421e-01
   outer loop
     vertex  6.000000e+00  5.507379e+00  1.251182e+02
     vertex -6.000000e+00  5.700587e+00  1.249644e+02
     vertex -6.000000e+00  5.507379e+00  1.251182e+02
   endloop
 endfacet
 facet normal  4.088059e-19  6.227234e-01  7.824421e-01
   outer loop
     vertex  6.000000e+00  5.507379e+00  1.251182e+02
     vertex  6.000000e+00  5.700587e+00  1.249644e+02
     vertex -6.000000e+00  5.700587e+00  1.249644e+02
   endloop
 endfacet
 facet normal  0.000000e+00  6.010234e-01  7.992314e-01
   outer loop
     vertex  6.000000e+00  5.310025e+00  1.252666e+02
     vertex -6.000000e+00  5.507379e+00  1.251182e+02
     vertex -6.000000e+00  5.310025e+00  1.252666e+02
   endloop
 endfacet
 facet normal  1.503632e-19  6.010234e-01  7.992314e-01
   outer loop
     vertex  6.000000e+00  5.310025e+00  1.252666e+02
     vertex  6.000000e+00  5.507379e+00  1.251182e+02
     vertex -6.000000e+00  5.507379e+00  1.251182e+02
   endloop
 endfacet
 facet normal  0.000000e+00  5.788711e-01  8.154191e-01
   outer loop
     vertex  6.000000e+00  5.108674e+00  1.254096e+02
     vertex -6.000000e+00  5.310025e+00  1.252666e+02
     vertex -6.000000e+00  5.108674e+00  1.254096e+02
   endloop
 endfacet
 facet normal  0.000000e+00  5.562829e-01  8.309929e-01
   outer loop
     vertex  6.000000e+00  5.108674e+00  1.254096e+02
     vertex -6.000000e+00  5.108674e+00  1.254096e+02
     vertex -6.000000e+00  4.903477e+00  1.255469e+02
   endloop
 endfacet
 facet normal  1.575789e-19  5.788711e-01  8.154191e-01
   outer loop
     vertex  6.000000e+00  5.108674e+00  1.254096e+02
     vertex  6.000000e+00  5.310025e+00  1.252666e+02
     vertex -6.000000e+00  5.310025e+00  1.252666e+02
   endloop
 endfacet
 facet normal  0.000000e+00  5.562829e-01  8.309929e-01
   outer loop
     vertex  6.000000e+00  4.903477e+00  1.255469e+02
     vertex  6.000000e+00  5.108674e+00  1.254096e+02
     vertex -6.000000e+00  4.903477e+00  1.255469e+02
   endloop
 endfacet
 facet normal  0.000000e+00  5.332761e-01  8.459413e-01
   outer loop
     vertex  6.000000e+00  4.694589e+00  1.256786e+02
     vertex -6.000000e+00  4.903477e+00  1.255469e+02
     vertex -6.000000e+00  4.694589e+00  1.256786e+02
   endloop
 endfacet
 facet normal -2.816637e-20  5.332761e-01  8.459413e-01
   outer loop
     vertex  6.000000e+00  4.694589e+00  1.256786e+02
     vertex  6.000000e+00  4.903477e+00  1.255469e+02
     vertex -6.000000e+00  4.903477e+00  1.255469e+02
   endloop
 endfacet
 facet normal  0.000000e+00  5.098678e-01  8.602528e-01
   outer loop
     vertex  6.000000e+00  4.482167e+00  1.258045e+02
     vertex -6.000000e+00  4.694589e+00  1.256786e+02
     vertex -6.000000e+00  4.482167e+00  1.258045e+02
   endloop
 endfacet
 facet normal -5.653724e-19  5.098678e-01  8.602528e-01
   outer loop
     vertex  6.000000e+00  4.482167e+00  1.258045e+02
     vertex  6.000000e+00  4.694589e+00  1.256786e+02
     vertex -6.000000e+00  4.694589e+00  1.256786e+02
   endloop
 endfacet
 facet normal  0.000000e+00  4.860756e-01  8.739167e-01
   outer loop
     vertex  6.000000e+00  4.266371e+00  1.259245e+02
     vertex -6.000000e+00  4.482167e+00  1.258045e+02
     vertex -6.000000e+00  4.266371e+00  1.259245e+02
   endloop
 endfacet
 facet normal -4.952061e-19  4.860756e-01  8.739167e-01
   outer loop
     vertex  6.000000e+00  4.266371e+00  1.259245e+02
     vertex  6.000000e+00  4.482167e+00  1.258045e+02
     vertex -6.000000e+00  4.482167e+00  1.258045e+02
   endloop
 endfacet
 facet normal  0.000000e+00  4.619176e-01  8.869228e-01
   outer loop
     vertex  6.000000e+00  4.047364e+00  1.260386e+02
     vertex -6.000000e+00  4.266371e+00  1.259245e+02
     vertex -6.000000e+00  4.047364e+00  1.260386e+02
   endloop
 endfacet
 facet normal  0.000000e+00  4.374119e-01  8.992613e-01
   outer loop
     vertex  6.000000e+00  4.047364e+00  1.260386e+02
     vertex -6.000000e+00  4.047364e+00  1.260386e+02
     vertex -6.000000e+00  3.825309e+00  1.261466e+02
   endloop
 endfacet
 facet normal  1.786920e-19  4.619176e-01  8.869228e-01
   outer loop
     vertex  6.000000e+00  4.047364e+00  1.260386e+02
     vertex  6.000000e+00  4.266371e+00  1.259245e+02
     vertex -6.000000e+00  4.266371e+00  1.259245e+02
   endloop
 endfacet
 facet normal  0.000000e+00  4.374119e-01  8.992613e-01
   outer loop
     vertex  6.000000e+00  3.825309e+00  1.261466e+02
     vertex  6.000000e+00  4.047364e+00  1.260386e+02
     vertex -6.000000e+00  3.825309e+00  1.261466e+02
   endloop
 endfacet
 facet normal  0.000000e+00  4.125769e-01  9.109228e-01
   outer loop
     vertex  6.000000e+00  3.825309e+00  1.261466e+02
     vertex -6.000000e+00  3.825309e+00  1.261466e+02
     vertex -6.000000e+00  3.600375e+00  1.262485e+02
   endloop
 endfacet
 facet normal  0.000000e+00  4.125769e-01  9.109228e-01
   outer loop
     vertex  6.000000e+00  3.600375e+00  1.262485e+02
     vertex  6.000000e+00  3.825309e+00  1.261466e+02
     vertex -6.000000e+00  3.600375e+00  1.262485e+02
   endloop
 endfacet
 facet normal  3.602938e-19  3.874313e-01  9.218986e-01
   outer loop
     vertex  6.000000e+00  3.372731e+00  1.263441e+02
     vertex  6.000000e+00  3.600375e+00  1.262485e+02
     vertex -6.000000e+00  3.600375e+00  1.262485e+02
   endloop
 endfacet
 facet normal  0.000000e+00  3.874313e-01  9.218986e-01
   outer loop
     vertex  6.000000e+00  3.372731e+00  1.263441e+02
     vertex -6.000000e+00  3.600375e+00  1.262485e+02
     vertex -6.000000e+00  3.372731e+00  1.263441e+02
   endloop
 endfacet
 facet normal -4.887518e-19  3.619940e-01  9.321804e-01
   outer loop
     vertex  6.000000e+00  3.142548e+00  1.264335e+02
     vertex  6.000000e+00  3.372731e+00  1.263441e+02
     vertex -6.000000e+00  3.372731e+00  1.263441e+02
   endloop
 endfacet
 facet normal  0.000000e+00  3.619940e-01  9.321804e-01
   outer loop
     vertex  6.000000e+00  3.142548e+00  1.264335e+02
     vertex -6.000000e+00  3.372731e+00  1.263441e+02
     vertex -6.000000e+00  3.142548e+00  1.264335e+02
   endloop
 endfacet
 facet normal  5.473740e-19  3.362843e-01  9.417605e-01
   outer loop
     vertex  6.000000e+00  2.910000e+00  1.265166e+02
     vertex  6.000000e+00  3.142548e+00  1.264335e+02
     vertex -6.000000e+00  3.142548e+00  1.264335e+02
   endloop
 endfacet
 facet normal  0.000000e+00  3.362843e-01  9.417605e-01
   outer loop
     vertex  6.000000e+00  2.910000e+00  1.265166e+02
     vertex -6.000000e+00  3.142548e+00  1.264335e+02
     vertex -6.000000e+00  2.910000e+00  1.265166e+02
   endloop
 endfacet
 facet normal -5.588195e-19  3.103214e-01  9.506317e-01
   outer loop
     vertex  6.000000e+00  2.675261e+00  1.265932e+02
     vertex  6.000000e+00  2.910000e+00  1.265166e+02
     vertex -6.000000e+00  2.910000e+00  1.265166e+02
   endloop
 endfacet
 facet normal  0.000000e+00  3.103214e-01  9.506317e-01
   outer loop
     vertex  6.000000e+00  2.675261e+00  1.265932e+02
     vertex -6.000000e+00  2.910000e+00  1.265166e+02
     vertex -6.000000e+00  2.675261e+00  1.265932e+02
   endloop
 endfacet
 facet normal  0.000000e+00  2.841250e-01  9.587873e-01
   outer loop
     vertex  6.000000e+00  2.675261e+00  1.265932e+02
     vertex -6.000000e+00  2.675261e+00  1.265932e+02
     vertex -6.000000e+00  2.438507e+00  1.266634e+02
   endloop
 endfacet
 facet normal  0.000000e+00  2.841250e-01  9.587873e-01
   outer loop
     vertex  6.000000e+00  2.438507e+00  1.266634e+02
     vertex  6.000000e+00  2.675261e+00  1.265932e+02
     vertex -6.000000e+00  2.438507e+00  1.266634e+02
   endloop
 endfacet
 facet normal  1.600771e-19  2.577146e-01  9.662211e-01
   outer loop
     vertex  6.000000e+00  2.199919e+00  1.267270e+02
     vertex  6.000000e+00  2.438507e+00  1.266634e+02
     vertex -6.000000e+00  2.438507e+00  1.266634e+02
   endloop
 endfacet
 facet normal  0.000000e+00  2.577146e-01  9.662211e-01
   outer loop
     vertex  6.000000e+00  2.199919e+00  1.267270e+02
     vertex -6.000000e+00  2.438507e+00  1.266634e+02
     vertex -6.000000e+00  2.199919e+00  1.267270e+02
   endloop
 endfacet
 facet normal  1.441223e-19  2.311102e-01  9.729276e-01
   outer loop
     vertex  6.000000e+00  1.959674e+00  1.267841e+02
     vertex  6.000000e+00  2.199919e+00  1.267270e+02
     vertex -6.000000e+00  2.199919e+00  1.267270e+02
   endloop
 endfacet
 facet normal  0.000000e+00  2.311102e-01  9.729276e-01
   outer loop
     vertex  6.000000e+00  1.959674e+00  1.267841e+02
     vertex -6.000000e+00  2.199919e+00  1.267270e+02
     vertex -6.000000e+00  1.959674e+00  1.267841e+02
   endloop
 endfacet
 facet normal  1.594285e-19  2.043319e-01  9.789017e-01
   outer loop
     vertex  6.000000e+00  1.717954e+00  1.268345e+02
     vertex  6.000000e+00  1.959674e+00  1.267841e+02
     vertex -6.000000e+00  1.959674e+00  1.267841e+02
   endloop
 endfacet
 facet normal  0.000000e+00  2.043319e-01  9.789017e-01
   outer loop
     vertex  6.000000e+00  1.717954e+00  1.268345e+02
     vertex -6.000000e+00  1.959674e+00  1.267841e+02
     vertex -6.000000e+00  1.717954e+00  1.268345e+02
   endloop
 endfacet
 facet normal  6.347944e-20  1.773998e-01  9.841389e-01
   outer loop
     vertex  6.000000e+00  1.474941e+00  1.268783e+02
     vertex  6.000000e+00  1.717954e+00  1.268345e+02
     vertex -6.000000e+00  1.717954e+00  1.268345e+02
   endloop
 endfacet
 facet normal  0.000000e+00  1.773998e-01  9.841389e-01
   outer loop
     vertex  6.000000e+00  1.474941e+00  1.268783e+02
     vertex -6.000000e+00  1.717954e+00  1.268345e+02
     vertex -6.000000e+00  1.474941e+00  1.268783e+02
   endloop
 endfacet
 facet normal  1.723978e-19  1.503341e-01  9.886353e-01
   outer loop
     vertex  6.000000e+00  1.230818e+00  1.269154e+02
     vertex  6.000000e+00  1.474941e+00  1.268783e+02
     vertex -6.000000e+00  1.474941e+00  1.268783e+02
   endloop
 endfacet
 facet normal  0.000000e+00  1.503341e-01  9.886353e-01
   outer loop
     vertex  6.000000e+00  1.230818e+00  1.269154e+02
     vertex -6.000000e+00  1.474941e+00  1.268783e+02
     vertex -6.000000e+00  1.230818e+00  1.269154e+02
   endloop
 endfacet
 facet normal  0.000000e+00  1.231552e-01  9.923874e-01
   outer loop
     vertex  6.000000e+00  1.230818e+00  1.269154e+02
     vertex -6.000000e+00  1.230818e+00  1.269154e+02
     vertex -6.000000e+00  9.857679e-01  1.269459e+02
   endloop
 endfacet
 facet normal  0.000000e+00  1.231552e-01  9.923874e-01
   outer loop
     vertex  6.000000e+00  9.857679e-01  1.269459e+02
     vertex  6.000000e+00  1.230818e+00  1.269154e+02
     vertex -6.000000e+00  9.857679e-01  1.269459e+02
   endloop
 endfacet
 facet normal  0.000000e+00  9.588368e-02  9.953925e-01
   outer loop
     vertex  6.000000e+00  7.399760e-01  1.269695e+02
     vertex -6.000000e+00  9.857679e-01  1.269459e+02
     vertex -6.000000e+00  7.399760e-01  1.269695e+02
   endloop
 endfacet
 facet normal  3.236337e-20  9.588368e-02  9.953925e-01
   outer loop
     vertex  6.000000e+00  7.399760e-01  1.269695e+02
     vertex  6.000000e+00  9.857679e-01  1.269459e+02
     vertex -6.000000e+00  9.857679e-01  1.269459e+02
   endloop
 endfacet
 facet normal  0.000000e+00  6.853995e-02  9.976484e-01
   outer loop
     vertex  6.000000e+00  4.936270e-01  1.269865e+02
     vertex -6.000000e+00  7.399760e-01  1.269695e+02
     vertex -6.000000e+00  4.936270e-01  1.269865e+02
   endloop
 endfacet
 facet normal  3.914387e-20  6.853995e-02  9.976484e-01
   outer loop
     vertex  6.000000e+00  4.936270e-01  1.269865e+02
     vertex  6.000000e+00  7.399760e-01  1.269695e+02
     vertex -6.000000e+00  7.399760e-01  1.269695e+02
   endloop
 endfacet
 facet normal  0.000000e+00  4.114462e-02  9.991532e-01
   outer loop
     vertex  6.000000e+00  2.469064e-01  1.269966e+02
     vertex -6.000000e+00  4.936270e-01  1.269865e+02
     vertex -6.000000e+00  2.469064e-01  1.269966e+02
   endloop
 endfacet
 facet normal  2.113548e-20  4.114462e-02  9.991532e-01
   outer loop
     vertex  6.000000e+00  2.469064e-01  1.269966e+02
     vertex  6.000000e+00  4.936270e-01  1.269865e+02
     vertex -6.000000e+00  4.936270e-01  1.269865e+02
   endloop
 endfacet
 facet normal  0.000000e+00  1.371831e-02  9.999059e-01
   outer loop
     vertex  6.000000e+00  2.204364e-15  1.270000e+02
     vertex -6.000000e+00  2.469064e-01  1.269966e+02
     vertex -6.000000e+00  2.204364e-15  1.270000e+02
   endloop
 endfacet
 facet normal -3.707389e-21  1.371831e-02  9.999059e-01
   outer loop
     vertex  6.000000e+00  2.204364e-15  1.270000e+02
     vertex  6.000000e+00  2.469064e-01  1.269966e+02
     vertex -6.000000e+00  2.469064e-01  1.269966e+02
   endloop
 endfacet
 facet normal  1.000000e+00 -9.331254e-17  9.141183e-17
   outer loop
     vertex  6.000000e+00  1.592530e+00  1.164822e+02
     vertex  6.000000e+00  6.342097e+00  1.116143e+02
     vertex  6.000000e+00  6.514897e+00  1.117906e+02
   endloop
 endfacet
 facet normal  1.000000e+00 -9.331254e-17  9.141183e-17
   outer loop
     vertex  6.000000e+00  1.592530e+00  1.164822e+02
     vertex  6.000000e+00  1.550290e+00  1.164390e+02
     vertex  6.000000e+00  6.342097e+00  1.116143e+02
   endloop
 endfacet
 facet normal  1.000000e+00 -9.076962e-17  9.393736e-17
   outer loop
     vertex  6.000000e+00  1.506883e+00  1.163971e+02
     vertex  6.000000e+00  6.164523e+00  1.114427e+02
     vertex  6.000000e+00  6.342097e+00  1.116143e+02
   endloop
 endfacet
 facet normal  1.000000e+00 -9.076962e-17  9.393736e-17
   outer loop
     vertex  6.000000e+00  1.506883e+00  1.163971e+02
     vertex  6.000000e+00  6.342097e+00  1.116143e+02
     vertex  6.000000e+00  1.550290e+00  1.164390e+02
   endloop
 endfacet
 facet normal  1.000000e+00 -9.578521e-17  8.881748e-17
   outer loop
     vertex  6.000000e+00  1.633572e+00  1.165264e+02
     vertex  6.000000e+00  6.514897e+00  1.117906e+02
     vertex  6.000000e+00  6.682793e+00  1.119717e+02
   endloop
 endfacet
 facet normal  1.000000e+00 -9.578521e-17  8.881748e-17
   outer loop
     vertex  6.000000e+00  1.633572e+00  1.165264e+02
     vertex  6.000000e+00  1.592530e+00  1.164822e+02
     vertex  6.000000e+00  6.514897e+00  1.117906e+02
   endloop
 endfacet
 facet normal  1.000000e+00 -8.548076e-17  9.877445e-17
   outer loop
     vertex  6.000000e+00  1.462342e+00  1.163564e+02
     vertex  6.000000e+00  5.795591e+00  1.111144e+02
     vertex  6.000000e+00  5.982309e+00  1.112760e+02
   endloop
 endfacet
 facet normal  1.000000e+00 -8.815837e-17  9.639219e-17
   outer loop
     vertex  6.000000e+00  1.462342e+00  1.163564e+02
     vertex  6.000000e+00  5.982309e+00  1.112760e+02
     vertex  6.000000e+00  6.164523e+00  1.114427e+02
   endloop
 endfacet
 facet normal  1.000000e+00 -8.815837e-17  9.639219e-17
   outer loop
     vertex  6.000000e+00  1.462342e+00  1.163564e+02
     vertex  6.000000e+00  6.164523e+00  1.114427e+02
     vertex  6.000000e+00  1.506883e+00  1.163971e+02
   endloop
 endfacet
 facet normal  1.000000e+00 -9.818578e-17  8.615628e-17
   outer loop
     vertex  6.000000e+00  1.673383e+00  1.165718e+02
     vertex  6.000000e+00  6.682793e+00  1.119717e+02
     vertex  6.000000e+00  6.845658e+00  1.121573e+02
   endloop
 endfacet
 facet normal  1.000000e+00 -9.818578e-17  8.615628e-17
   outer loop
     vertex  6.000000e+00  1.673383e+00  1.165718e+02
     vertex  6.000000e+00  1.633572e+00  1.165264e+02
     vertex  6.000000e+00  6.682793e+00  1.119717e+02
   endloop
 endfacet
 facet normal  1.000000e+00 -8.548076e-17  9.877445e-17
   outer loop
     vertex  6.000000e+00  1.416700e+00  1.163169e+02
     vertex  6.000000e+00  5.795591e+00  1.111144e+02
     vertex  6.000000e+00  1.462342e+00  1.163564e+02
   endloop
 endfacet
 facet normal  1.000000e+00 -1.005124e-16  8.343022e-17
   outer loop
     vertex  6.000000e+00  1.711935e+00  1.166182e+02
     vertex  6.000000e+00  6.845658e+00  1.121573e+02
     vertex  6.000000e+00  7.003370e+00  1.123473e+02
   endloop
 endfacet
 facet normal  1.000000e+00 -1.005124e-16  8.343022e-17
   outer loop
     vertex  6.000000e+00  1.711935e+00  1.166182e+02
     vertex  6.000000e+00  1.673383e+00  1.165718e+02
     vertex  6.000000e+00  6.845658e+00  1.121573e+02
   endloop
 endfacet
 facet normal  1.000000e+00 -8.273881e-17  1.010824e-16
   outer loop
     vertex  6.000000e+00  1.369991e+00  1.162786e+02
     vertex  6.000000e+00  5.795591e+00  1.111144e+02
     vertex  6.000000e+00  1.416700e+00  1.163169e+02
   endloop
 endfacet
 facet normal  1.000000e+00 -8.273881e-17  1.010824e-16
   outer loop
     vertex  6.000000e+00  1.369991e+00  1.162786e+02
     vertex  6.000000e+00  5.604510e+00  1.109580e+02
     vertex  6.000000e+00  5.795591e+00  1.111144e+02
   endloop
 endfacet
 facet normal  1.000000e+00 -1.027634e-16  8.064135e-17
   outer loop
     vertex  6.000000e+00  1.749198e+00  1.166657e+02
     vertex  6.000000e+00  7.003370e+00  1.123473e+02
     vertex  6.000000e+00  7.155810e+00  1.125416e+02
   endloop
 endfacet
 facet normal  1.000000e+00 -1.049371e-16  7.779178e-17
   outer loop
     vertex  6.000000e+00  1.749198e+00  1.166657e+02
     vertex  6.000000e+00  7.155810e+00  1.125416e+02
     vertex  6.000000e+00  7.302863e+00  1.127399e+02
   endloop
 endfacet
 facet normal  1.000000e+00 -1.027634e-16  8.064135e-17
   outer loop
     vertex  6.000000e+00  1.749198e+00  1.166657e+02
     vertex  6.000000e+00  1.711935e+00  1.166182e+02
     vertex  6.000000e+00  7.003370e+00  1.123473e+02
   endloop
 endfacet
 facet normal  1.000000e+00 -7.993457e-17  1.033142e-16
   outer loop
     vertex  6.000000e+00  1.322252e+00  1.162417e+02
     vertex  6.000000e+00  5.604510e+00  1.109580e+02
     vertex  6.000000e+00  1.369991e+00  1.162786e+02
   endloop
 endfacet
 facet normal  1.000000e+00 -7.993457e-17  1.033142e-16
   outer loop
     vertex  6.000000e+00  1.322252e+00  1.162417e+02
     vertex  6.000000e+00  5.409211e+00  1.108069e+02
     vertex  6.000000e+00  5.604510e+00  1.109580e+02
   endloop
 endfacet
 facet normal  1.000000e+00 -1.049371e-16  7.779178e-17
   outer loop
     vertex  6.000000e+00  1.785144e+00  1.167142e+02
     vertex  6.000000e+00  1.749198e+00  1.166657e+02
     vertex  6.000000e+00  7.302863e+00  1.127399e+02
   endloop
 endfacet
 facet normal  1.000000e+00 -7.707015e-17  1.054682e-16
   outer loop
     vertex  6.000000e+00  1.273516e+00  1.162061e+02
     vertex  6.000000e+00  5.409211e+00  1.108069e+02
     vertex  6.000000e+00  1.322252e+00  1.162417e+02
   endloop
 endfacet
 facet normal  1.000000e+00 -7.707015e-17  1.054682e-16
   outer loop
     vertex  6.000000e+00  1.273516e+00  1.162061e+02
     vertex  6.000000e+00  5.209840e+00  1.106612e+02
     vertex  6.000000e+00  5.409211e+00  1.108069e+02
   endloop
 endfacet
 facet normal  1.000000e+00 -1.070317e-16  7.488365e-17
   outer loop
     vertex  6.000000e+00  1.819747e+00  1.167637e+02
     vertex  6.000000e+00  7.302863e+00  1.127399e+02
     vertex  6.000000e+00  7.444419e+00  1.129423e+02
   endloop
 endfacet
 facet normal  1.000000e+00 -1.070317e-16  7.488365e-17
   outer loop
     vertex  6.000000e+00  1.819747e+00  1.167637e+02
     vertex  6.000000e+00  1.785144e+00  1.167142e+02
     vertex  6.000000e+00  7.302863e+00  1.127399e+02
   endloop
 endfacet
 facet normal  1.000000e+00 -7.414773e-17  1.075429e-16
   outer loop
     vertex  6.000000e+00  1.223822e+00  1.161718e+02
     vertex  6.000000e+00  5.006547e+00  1.105211e+02
     vertex  6.000000e+00  5.209840e+00  1.106612e+02
   endloop
 endfacet
 facet normal  1.000000e+00 -7.414773e-17  1.075429e-16
   outer loop
     vertex  6.000000e+00  1.223822e+00  1.161718e+02
     vertex  6.000000e+00  5.209840e+00  1.106612e+02
     vertex  6.000000e+00  1.273516e+00  1.162061e+02
   endloop
 endfacet
 facet normal  1.000000e+00 -1.090458e-16  7.191915e-17
   outer loop
     vertex  6.000000e+00  1.852980e+00  1.168141e+02
     vertex  6.000000e+00  7.444419e+00  1.129423e+02
     vertex  6.000000e+00  7.580371e+00  1.131484e+02
   endloop
 endfacet
 facet normal  1.000000e+00 -1.090458e-16  7.191915e-17
   outer loop
     vertex  6.000000e+00  1.852980e+00  1.168141e+02
     vertex  6.000000e+00  1.819747e+00  1.167637e+02
     vertex  6.000000e+00  7.444419e+00  1.129423e+02
   endloop
 endfacet
 facet normal  1.000000e+00 -7.116948e-17  1.095366e-16
   outer loop
     vertex  6.000000e+00  1.173207e+00  1.161389e+02
     vertex  6.000000e+00  4.799485e+00  1.103865e+02
     vertex  6.000000e+00  5.006547e+00  1.105211e+02
   endloop
 endfacet
 facet normal  1.000000e+00 -7.116948e-17  1.095366e-16
   outer loop
     vertex  6.000000e+00  1.173207e+00  1.161389e+02
     vertex  6.000000e+00  5.006547e+00  1.105211e+02
     vertex  6.000000e+00  1.223822e+00  1.161718e+02
   endloop
 endfacet
 facet normal  1.000000e+00 -1.109778e-16  6.890052e-17
   outer loop
     vertex  6.000000e+00  1.884817e+00  1.168653e+02
     vertex  6.000000e+00  7.580371e+00  1.131484e+02
     vertex  6.000000e+00  7.710617e+00  1.133582e+02
   endloop
 endfacet
 facet normal  1.000000e+00 -1.109778e-16  6.890052e-17
   outer loop
     vertex  6.000000e+00  1.884817e+00  1.168653e+02
     vertex  6.000000e+00  1.852980e+00  1.168141e+02
     vertex  6.000000e+00  7.580371e+00  1.131484e+02
   endloop
 endfacet
 facet normal  1.000000e+00 -6.813766e-17  1.114478e-16
   outer loop
     vertex  6.000000e+00  1.121709e+00  1.161074e+02
     vertex  6.000000e+00  4.588810e+00  1.102577e+02
     vertex  6.000000e+00  4.799485e+00  1.103865e+02
   endloop
 endfacet
 facet normal  1.000000e+00 -6.813766e-17  1.114478e-16
   outer loop
     vertex  6.000000e+00  1.121709e+00  1.161074e+02
     vertex  6.000000e+00  4.799485e+00  1.103865e+02
     vertex  6.000000e+00  1.173207e+00  1.161389e+02
   endloop
 endfacet
 facet normal  1.000000e+00 -1.128262e-16  6.583001e-17
   outer loop
     vertex  6.000000e+00  1.915236e+00  1.169175e+02
     vertex  6.000000e+00  7.710617e+00  1.133582e+02
     vertex  6.000000e+00  7.835058e+00  1.135715e+02
   endloop
 endfacet
 facet normal  1.000000e+00 -1.128262e-16  6.583001e-17
   outer loop
     vertex  6.000000e+00  1.915236e+00  1.169175e+02
     vertex  6.000000e+00  1.884817e+00  1.168653e+02
     vertex  6.000000e+00  7.710617e+00  1.133582e+02
   endloop
 endfacet
 facet normal  1.000000e+00 -6.505455e-17  1.132751e-16
   outer loop
     vertex  6.000000e+00  1.069366e+00  1.160774e+02
     vertex  6.000000e+00  4.374681e+00  1.101347e+02
     vertex  6.000000e+00  4.588810e+00  1.102577e+02
   endloop
 endfacet
 facet normal  1.000000e+00 -6.505455e-17  1.132751e-16
   outer loop
     vertex  6.000000e+00  1.069366e+00  1.160774e+02
     vertex  6.000000e+00  4.588810e+00  1.102577e+02
     vertex  6.000000e+00  1.121709e+00  1.161074e+02
   endloop
 endfacet
 facet normal  1.000000e+00 -1.145898e-16  6.270996e-17
   outer loop
     vertex  6.000000e+00  1.944214e+00  1.169704e+02
     vertex  6.000000e+00  7.835058e+00  1.135715e+02
     vertex  6.000000e+00  7.953602e+00  1.137881e+02
   endloop
 endfacet
 facet normal  1.000000e+00 -1.145898e-16  6.270996e-17
   outer loop
     vertex  6.000000e+00  1.944214e+00  1.169704e+02
     vertex  6.000000e+00  1.915236e+00  1.169175e+02
     vertex  6.000000e+00  7.835058e+00  1.135715e+02
   endloop
 endfacet
 facet normal  1.000000e+00 -6.192247e-17  1.150172e-16
   outer loop
     vertex  6.000000e+00  1.016219e+00  1.160488e+02
     vertex  6.000000e+00  4.157259e+00  1.100177e+02
     vertex  6.000000e+00  4.374681e+00  1.101347e+02
   endloop
 endfacet
 facet normal  1.000000e+00 -6.192247e-17  1.150172e-16
   outer loop
     vertex  6.000000e+00  1.016219e+00  1.160488e+02
     vertex  6.000000e+00  4.374681e+00  1.101347e+02
     vertex  6.000000e+00  1.069366e+00  1.160774e+02
   endloop
 endfacet
 facet normal  1.000000e+00 -1.162670e-16  5.954269e-17
   outer loop
     vertex  6.000000e+00  1.971728e+00  1.170241e+02
     vertex  6.000000e+00  1.944214e+00  1.169704e+02
     vertex  6.000000e+00  7.953602e+00  1.137881e+02
   endloop
 endfacet
 facet normal  1.000000e+00 -1.162670e-16  5.954269e-17
   outer loop
     vertex  6.000000e+00  1.971728e+00  1.170241e+02
     vertex  6.000000e+00  7.953602e+00  1.137881e+02
     vertex  6.000000e+00  8.066158e+00  1.140079e+02
   endloop
 endfacet
 facet normal  1.000000e+00 -5.552086e-17  1.182404e-16
   outer loop
     vertex  6.000000e+00  9.623061e-01  1.160216e+02
     vertex  6.000000e+00  3.713192e+00  1.098017e+02
     vertex  6.000000e+00  3.936707e+00  1.099066e+02
   endloop
 endfacet
 facet normal  1.000000e+00 -5.874378e-17  1.166727e-16
   outer loop
     vertex  6.000000e+00  9.623061e-01  1.160216e+02
     vertex  6.000000e+00  3.936707e+00  1.099066e+02
     vertex  6.000000e+00  4.157259e+00  1.100177e+02
   endloop
 endfacet
 facet normal  1.000000e+00 -5.874378e-17  1.166727e-16
   outer loop
     vertex  6.000000e+00  9.623061e-01  1.160216e+02
     vertex  6.000000e+00  4.157259e+00  1.100177e+02
     vertex  6.000000e+00  1.016219e+00  1.160488e+02
   endloop
 endfacet
 facet normal  1.000000e+00 -1.178568e-16  5.633061e-17
   outer loop
     vertex  6.000000e+00  1.997757e+00  1.170786e+02
     vertex  6.000000e+00  8.066158e+00  1.140079e+02
     vertex  6.000000e+00  8.172642e+00  1.142307e+02
   endloop
 endfacet
 facet normal  1.000000e+00 -1.178568e-16  5.633061e-17
   outer loop
     vertex  6.000000e+00  1.997757e+00  1.170786e+02
     vertex  6.000000e+00  1.971728e+00  1.170241e+02
     vertex  6.000000e+00  8.066158e+00  1.140079e+02
   endloop
 endfacet
 facet normal  1.000000e+00 -5.552086e-17  1.182404e-16
   outer loop
     vertex  6.000000e+00  9.076691e-01  1.159960e+02
     vertex  6.000000e+00  3.713192e+00  1.098017e+02
     vertex  6.000000e+00  9.623061e-01  1.160216e+02
   endloop
 endfacet
 facet normal  1.000000e+00 -1.193578e-16  5.307612e-17
   outer loop
     vertex  6.000000e+00  2.022283e+00  1.171338e+02
     vertex  6.000000e+00  8.172642e+00  1.142307e+02
     vertex  6.000000e+00  8.272974e+00  1.144563e+02
   endloop
 endfacet
 facet normal  1.000000e+00 -1.207689e-16  4.978167e-17
   outer loop
     vertex  6.000000e+00  2.022283e+00  1.171338e+02
     vertex  6.000000e+00  8.272974e+00  1.144563e+02
     vertex  6.000000e+00  8.367079e+00  1.146846e+02
   endloop
 endfacet
 facet normal  1.000000e+00 -1.193578e-16  5.307612e-17
   outer loop
     vertex  6.000000e+00  2.022283e+00  1.171338e+02
     vertex  6.000000e+00  1.997757e+00  1.170786e+02
     vertex  6.000000e+00  8.172642e+00  1.142307e+02
   endloop
 endfacet
 facet normal  1.000000e+00 -5.225615e-17  1.197190e-16
   outer loop
     vertex  6.000000e+00  8.523488e-01  1.159718e+02
     vertex  6.000000e+00  3.486881e+00  1.097029e+02
     vertex  6.000000e+00  3.713192e+00  1.098017e+02
   endloop
 endfacet
 facet normal  1.000000e+00 -5.225615e-17  1.197190e-16
   outer loop
     vertex  6.000000e+00  8.523488e-01  1.159718e+02
     vertex  6.000000e+00  3.713192e+00  1.098017e+02
     vertex  6.000000e+00  9.076691e-01  1.159960e+02
   endloop
 endfacet
 facet normal  1.000000e+00 -1.207689e-16  4.978167e-17
   outer loop
     vertex  6.000000e+00  2.045286e+00  1.171896e+02
     vertex  6.000000e+00  2.022283e+00  1.171338e+02
     vertex  6.000000e+00  8.367079e+00  1.146846e+02
   endloop
 endfacet
 facet normal  1.000000e+00 -4.895211e-17  1.211076e-16
   outer loop
     vertex  6.000000e+00  7.963869e-01  1.159492e+02
     vertex  6.000000e+00  3.257946e+00  1.096104e+02
     vertex  6.000000e+00  3.486881e+00  1.097029e+02
   endloop
 endfacet
 facet normal  1.000000e+00 -4.895211e-17  1.211076e-16
   outer loop
     vertex  6.000000e+00  7.963869e-01  1.159492e+02
     vertex  6.000000e+00  3.486881e+00  1.097029e+02
     vertex  6.000000e+00  8.523488e-01  1.159718e+02
   endloop
 endfacet
 facet normal  1.000000e+00 -1.220892e-16  4.644975e-17
   outer loop
     vertex  6.000000e+00  2.066750e+00  1.172460e+02
     vertex  6.000000e+00  8.367079e+00  1.146846e+02
     vertex  6.000000e+00  8.454885e+00  1.149154e+02
   endloop
 endfacet
 facet normal  1.000000e+00 -1.220892e-16  4.644975e-17
   outer loop
     vertex  6.000000e+00  2.066750e+00  1.172460e+02
     vertex  6.000000e+00  2.045286e+00  1.171896e+02
     vertex  6.000000e+00  8.367079e+00  1.146846e+02
   endloop
 endfacet
 facet normal  1.000000e+00 -4.223598e-17  1.236102e-16
   outer loop
     vertex  6.000000e+00  7.398255e-01  1.159281e+02
     vertex  6.000000e+00  2.792893e+00  1.094443e+02
     vertex  6.000000e+00  3.026559e+00  1.095242e+02
   endloop
 endfacet
 facet normal  1.000000e+00 -4.561121e-17  1.224049e-16
   outer loop
     vertex  6.000000e+00  7.398255e-01  1.159281e+02
     vertex  6.000000e+00  3.026559e+00  1.095242e+02
     vertex  6.000000e+00  3.257946e+00  1.096104e+02
   endloop
 endfacet
 facet normal  1.000000e+00 -4.561121e-17  1.224049e-16
   outer loop
     vertex  6.000000e+00  7.398255e-01  1.159281e+02
     vertex  6.000000e+00  3.257946e+00  1.096104e+02
     vertex  6.000000e+00  7.963869e-01  1.159492e+02
   endloop
 endfacet
 facet normal  1.000000e+00 -1.233175e-16  4.308287e-17
   outer loop
     vertex  6.000000e+00  2.086658e+00  1.173030e+02
     vertex  6.000000e+00  8.454885e+00  1.149154e+02
     vertex  6.000000e+00  8.536327e+00  1.151485e+02
   endloop
 endfacet
 facet normal  1.000000e+00 -1.244531e-16  3.968356e-17
   outer loop
     vertex  6.000000e+00  2.086658e+00  1.173030e+02
     vertex  6.000000e+00  8.536327e+00  1.151485e+02
     vertex  6.000000e+00  8.611342e+00  1.153837e+02
   endloop
 endfacet
 facet normal  1.000000e+00 -1.233175e-16  4.308287e-17
   outer loop
     vertex  6.000000e+00  2.086658e+00  1.173030e+02
     vertex  6.000000e+00  2.066750e+00  1.172460e+02
     vertex  6.000000e+00  8.454885e+00  1.149154e+02
   endloop
 endfacet
 facet normal  1.000000e+00 -4.223598e-17  1.236102e-16
   outer loop
     vertex  6.000000e+00  6.827072e-01  1.159086e+02
     vertex  6.000000e+00  2.792893e+00  1.094443e+02
     vertex  6.000000e+00  7.398255e-01  1.159281e+02
   endloop
 endfacet
 facet normal  1.000000e+00 -1.244531e-16  3.968356e-17
   outer loop
     vertex  6.000000e+00  2.104995e+00  1.173605e+02
     vertex  6.000000e+00  2.086658e+00  1.173030e+02
     vertex  6.000000e+00  8.611342e+00  1.153837e+02
   endloop
 endfacet
 facet normal  1.000000e+00 -3.882896e-17  1.247223e-16
   outer loop
     vertex  6.000000e+00  6.250749e-01  1.158907e+02
     vertex  6.000000e+00  2.557125e+00  1.093709e+02
     vertex  6.000000e+00  2.792893e+00  1.094443e+02
   endloop
 endfacet
 facet normal  1.000000e+00 -3.882896e-17  1.247223e-16
   outer loop
     vertex  6.000000e+00  6.250749e-01  1.158907e+02
     vertex  6.000000e+00  2.792893e+00  1.094443e+02
     vertex  6.000000e+00  6.827072e-01  1.159086e+02
   endloop
 endfacet
 facet normal  1.000000e+00 -1.254949e-16  3.625437e-17
   outer loop
     vertex  6.000000e+00  2.121747e+00  1.174185e+02
     vertex  6.000000e+00  2.104995e+00  1.173605e+02
     vertex  6.000000e+00  8.611342e+00  1.153837e+02
   endloop
 endfacet
 facet normal  1.000000e+00 -1.254949e-16  3.625437e-17
   outer loop
     vertex  6.000000e+00  2.121747e+00  1.174185e+02
     vertex  6.000000e+00  8.611342e+00  1.153837e+02
     vertex  6.000000e+00  8.679875e+00  1.156210e+02
   endloop
 endfacet
 facet normal  1.000000e+00 -3.539271e-17  1.257406e-16
   outer loop
     vertex  6.000000e+00  5.669721e-01  1.158743e+02
     vertex  6.000000e+00  2.319431e+00  1.093040e+02
     vertex  6.000000e+00  2.557125e+00  1.093709e+02
   endloop
 endfacet
 facet normal  1.000000e+00 -3.539271e-17  1.257406e-16
   outer loop
     vertex  6.000000e+00  5.669721e-01  1.158743e+02
     vertex  6.000000e+00  2.557125e+00  1.093709e+02
     vertex  6.000000e+00  6.250749e-01  1.158907e+02
   endloop
 endfacet
 facet normal  1.000000e+00 -1.264423e-16  3.279789e-17
   outer loop
     vertex  6.000000e+00  2.136903e+00  1.174769e+02
     vertex  6.000000e+00  2.121747e+00  1.174185e+02
     vertex  6.000000e+00  8.679875e+00  1.156210e+02
   endloop
 endfacet
 facet normal  1.000000e+00 -1.264423e-16  3.279789e-17
   outer loop
     vertex  6.000000e+00  2.136903e+00  1.174769e+02
     vertex  6.000000e+00  8.679875e+00  1.156210e+02
     vertex  6.000000e+00  8.741875e+00  1.158600e+02
   endloop
 endfacet
 facet normal  1.000000e+00 -2.844288e-17  1.274926e-16
   outer loop
     vertex  6.000000e+00  5.084425e-01  1.158596e+02
     vertex  6.000000e+00  1.838987e+00  1.091899e+02
     vertex  6.000000e+00  2.079992e+00  1.092437e+02
   endloop
 endfacet
 facet normal  1.000000e+00 -3.192981e-17  1.266643e-16
   outer loop
     vertex  6.000000e+00  5.084425e-01  1.158596e+02
     vertex  6.000000e+00  2.079992e+00  1.092437e+02
     vertex  6.000000e+00  2.319431e+00  1.093040e+02
   endloop
 endfacet
 facet normal  1.000000e+00 -3.192981e-17  1.266643e-16
   outer loop
     vertex  6.000000e+00  5.084425e-01  1.158596e+02
     vertex  6.000000e+00  2.319431e+00  1.093040e+02
     vertex  6.000000e+00  5.669721e-01  1.158743e+02
   endloop
 endfacet
 facet normal  1.000000e+00 -1.272945e-16  2.931672e-17
   outer loop
     vertex  6.000000e+00  2.150450e+00  1.175357e+02
     vertex  6.000000e+00  8.741875e+00  1.158600e+02
     vertex  6.000000e+00  8.797294e+00  1.161006e+02
   endloop
 endfacet
 facet normal  1.000000e+00 -1.272945e-16  2.931672e-17
   outer loop
     vertex  6.000000e+00  2.150450e+00  1.175357e+02
     vertex  6.000000e+00  2.136903e+00  1.174769e+02
     vertex  6.000000e+00  8.741875e+00  1.158600e+02
   endloop
 endfacet
 facet normal  1.000000e+00 -2.844288e-17  1.274926e-16
   outer loop
     vertex  6.000000e+00  4.495302e-01  1.158464e+02
     vertex  6.000000e+00  1.838987e+00  1.091899e+02
     vertex  6.000000e+00  5.084425e-01  1.158596e+02
   endloop
 endfacet
 facet normal  1.000000e+00 -1.280508e-16  2.581348e-17
   outer loop
     vertex  6.000000e+00  2.162378e+00  1.175949e+02
     vertex  6.000000e+00  8.797294e+00  1.161006e+02
     vertex  6.000000e+00  8.846090e+00  1.163427e+02
   endloop
 endfacet
 facet normal  1.000000e+00 -1.280508e-16  2.581348e-17
   outer loop
     vertex  6.000000e+00  2.162378e+00  1.175949e+02
     vertex  6.000000e+00  2.150450e+00  1.175357e+02
     vertex  6.000000e+00  8.797294e+00  1.161006e+02
   endloop
 endfacet
 facet normal  1.000000e+00 -2.493453e-17  1.282249e-16
   outer loop
     vertex  6.000000e+00  3.902795e-01  1.158349e+02
     vertex  6.000000e+00  1.838987e+00  1.091899e+02
     vertex  6.000000e+00  4.495302e-01  1.158464e+02
   endloop
 endfacet
 facet normal  1.000000e+00 -2.493453e-17  1.282249e-16
   outer loop
     vertex  6.000000e+00  3.902795e-01  1.158349e+02
     vertex  6.000000e+00  1.596598e+00  1.091428e+02
     vertex  6.000000e+00  1.838987e+00  1.091899e+02
   endloop
 endfacet
 facet normal  1.000000e+00 -1.287108e-16  2.229081e-17
   outer loop
     vertex  6.000000e+00  2.172678e+00  1.176544e+02
     vertex  6.000000e+00  2.162378e+00  1.175949e+02
     vertex  6.000000e+00  8.846090e+00  1.163427e+02
   endloop
 endfacet
 facet normal  1.000000e+00 -1.287108e-16  2.229081e-17
   outer loop
     vertex  6.000000e+00  2.172678e+00  1.176544e+02
     vertex  6.000000e+00  8.846090e+00  1.163427e+02
     vertex  6.000000e+00  8.888227e+00  1.165860e+02
   endloop
 endfacet
 facet normal  1.000000e+00 -2.140742e-17  1.288607e-16
   outer loop
     vertex  6.000000e+00  3.307350e-01  1.158250e+02
     vertex  6.000000e+00  1.596598e+00  1.091428e+02
     vertex  6.000000e+00  3.902795e-01  1.158349e+02
   endloop
 endfacet
 facet normal  1.000000e+00 -2.140742e-17  1.288607e-16
   outer loop
     vertex  6.000000e+00  3.307350e-01  1.158250e+02
     vertex  6.000000e+00  1.353007e+00  1.091023e+02
     vertex  6.000000e+00  1.596598e+00  1.091428e+02
   endloop
 endfacet
 facet normal  1.000000e+00 -1.292739e-16  1.875137e-17
   outer loop
     vertex  6.000000e+00  2.181342e+00  1.177141e+02
     vertex  6.000000e+00  8.888227e+00  1.165860e+02
     vertex  6.000000e+00  8.923674e+00  1.168304e+02
   endloop
 endfacet
 facet normal  1.000000e+00 -1.292739e-16  1.875137e-17
   outer loop
     vertex  6.000000e+00  2.181342e+00  1.177141e+02
     vertex  6.000000e+00  2.172678e+00  1.176544e+02
     vertex  6.000000e+00  8.888227e+00  1.165860e+02
   endloop
 endfacet
 facet normal  1.000000e+00 -1.786419e-17  1.293995e-16
   outer loop
     vertex  6.000000e+00  2.709415e-01  1.158167e+02
     vertex  6.000000e+00  1.108397e+00  1.090685e+02
     vertex  6.000000e+00  1.353007e+00  1.091023e+02
   endloop
 endfacet
 facet normal  1.000000e+00 -1.786419e-17  1.293995e-16
   outer loop
     vertex  6.000000e+00  2.709415e-01  1.158167e+02
     vertex  6.000000e+00  1.353007e+00  1.091023e+02
     vertex  6.000000e+00  3.307350e-01  1.158250e+02
   endloop
 endfacet
 facet normal  1.000000e+00 -1.297397e-16  1.519780e-17
   outer loop
     vertex  6.000000e+00  2.188365e+00  1.177740e+02
     vertex  6.000000e+00  2.181342e+00  1.177141e+02
     vertex  6.000000e+00  8.923674e+00  1.168304e+02
   endloop
 endfacet
 facet normal  1.000000e+00 -1.297397e-16  1.519780e-17
   outer loop
     vertex  6.000000e+00  2.188365e+00  1.177740e+02
     vertex  6.000000e+00  8.923674e+00  1.168304e+02
     vertex  6.000000e+00  8.952403e+00  1.170756e+02
   endloop
 endfacet
 facet normal  1.000000e+00 -1.430752e-17  1.298409e-16
   outer loop
     vertex  6.000000e+00  2.109441e-01  1.158101e+02
     vertex  6.000000e+00  8.629532e-01  1.090415e+02
     vertex  6.000000e+00  1.108397e+00  1.090685e+02
   endloop
 endfacet
 facet normal  1.000000e+00 -1.430752e-17  1.298409e-16
   outer loop
     vertex  6.000000e+00  2.109441e-01  1.158101e+02
     vertex  6.000000e+00  1.108397e+00  1.090685e+02
     vertex  6.000000e+00  2.709415e-01  1.158167e+02
   endloop
 endfacet
 facet normal  1.000000e+00 -1.301078e-16  1.163280e-17
   outer loop
     vertex  6.000000e+00  2.193740e+00  1.178342e+02
     vertex  6.000000e+00  2.188365e+00  1.177740e+02
     vertex  6.000000e+00  8.952403e+00  1.170756e+02
   endloop
 endfacet
 facet normal  1.000000e+00 -1.301078e-16  1.163280e-17
   outer loop
     vertex  6.000000e+00  2.193740e+00  1.178342e+02
     vertex  6.000000e+00  8.952403e+00  1.170756e+02
     vertex  6.000000e+00  8.974393e+00  1.173216e+02
   endloop
 endfacet
 facet normal  1.000000e+00 -1.074007e-17  1.301845e-16
   outer loop
     vertex  6.000000e+00  1.507879e-01  1.158052e+02
     vertex  6.000000e+00  6.168595e-01  1.090212e+02
     vertex  6.000000e+00  8.629532e-01  1.090415e+02
   endloop
 endfacet
 facet normal  1.000000e+00 -1.074007e-17  1.301845e-16
   outer loop
     vertex  6.000000e+00  1.507879e-01  1.158052e+02
     vertex  6.000000e+00  8.629532e-01  1.090415e+02
     vertex  6.000000e+00  2.109441e-01  1.158101e+02
   endloop
 endfacet
 facet normal  1.000000e+00 -1.303779e-16  8.059038e-18
   outer loop
     vertex  6.000000e+00  2.197464e+00  1.178944e+02
     vertex  6.000000e+00  2.193740e+00  1.178342e+02
     vertex  6.000000e+00  8.974393e+00  1.173216e+02
   endloop
 endfacet
 facet normal  1.000000e+00 -1.303779e-16  8.059038e-18
   outer loop
     vertex  6.000000e+00  2.197464e+00  1.178944e+02
     vertex  6.000000e+00  8.974393e+00  1.173216e+02
     vertex  6.000000e+00  8.989627e+00  1.175680e+02
   endloop
 endfacet
 facet normal  1.000000e+00 -7.164544e-18  1.304301e-16
   outer loop
     vertex  6.000000e+00  9.051816e-02  1.158019e+02
     vertex  6.000000e+00  6.168595e-01  1.090212e+02
     vertex  6.000000e+00  1.507879e-01  1.158052e+02
   endloop
 endfacet
 facet normal  1.000000e+00 -7.164544e-18  1.304301e-16
   outer loop
     vertex  6.000000e+00  9.051816e-02  1.158019e+02
     vertex  6.000000e+00  3.703016e-01  1.090076e+02
     vertex  6.000000e+00  6.168595e-01  1.090212e+02
   endloop
 endfacet
 facet normal  1.000000e+00 -1.305499e-16  4.479210e-18
   outer loop
     vertex  6.000000e+00  2.199534e+00  1.179547e+02
     vertex  6.000000e+00  2.197464e+00  1.178944e+02
     vertex  6.000000e+00  8.989627e+00  1.175680e+02
   endloop
 endfacet
 facet normal  1.000000e+00 -1.305499e-16  4.479210e-18
   outer loop
     vertex  6.000000e+00  2.199534e+00  1.179547e+02
     vertex  6.000000e+00  8.989627e+00  1.175680e+02
     vertex  6.000000e+00  8.998095e+00  1.178148e+02
   endloop
 endfacet
 facet normal  1.000000e+00 -3.583621e-18  1.305776e-16
   outer loop
     vertex  6.000000e+00  3.018029e-02  1.158002e+02
     vertex  6.000000e+00  3.703016e-01  1.090076e+02
     vertex  6.000000e+00  9.051816e-02  1.158019e+02
   endloop
 endfacet
 facet normal  1.000000e+00 -3.583621e-18  1.305776e-16
   outer loop
     vertex  6.000000e+00  3.018029e-02  1.158002e+02
     vertex  6.000000e+00  1.234648e-01  1.090008e+02
     vertex  6.000000e+00  3.703016e-01  1.090076e+02
   endloop
 endfacet
 facet normal  1.000000e+00 -1.306237e-16  8.960106e-19
   outer loop
     vertex  6.000000e+00  2.199948e+00  1.180151e+02
     vertex  6.000000e+00  2.199534e+00  1.179547e+02
     vertex  6.000000e+00  8.998095e+00  1.178148e+02
   endloop
 endfacet
 facet normal  1.000000e+00 -1.306237e-16  8.960106e-19
   outer loop
     vertex  6.000000e+00  2.199948e+00  1.180151e+02
     vertex  6.000000e+00  8.998095e+00  1.178148e+02
     vertex  6.000000e+00  8.999788e+00  1.180617e+02
   endloop
 endfacet
 facet normal  1.000000e+00  0.000000e+00  1.306268e-16
   outer loop
     vertex  6.000000e+00 -3.018029e-02  1.158002e+02
     vertex  6.000000e+00 -1.234648e-01  1.090008e+02
     vertex  6.000000e+00  1.234648e-01  1.090008e+02
   endloop
 endfacet
 facet normal  1.000000e+00 -0.000000e+00  1.306268e-16
   outer loop
     vertex  6.000000e+00 -3.018029e-02  1.158002e+02
     vertex  6.000000e+00  1.234648e-01  1.090008e+02
     vertex  6.000000e+00  3.018029e-02  1.158002e+02
   endloop
 endfacet
 facet normal  1.000000e+00 -1.305991e-16 -2.687863e-18
   outer loop
     vertex  6.000000e+00  2.198706e+00  1.180754e+02
     vertex  6.000000e+00  2.199948e+00  1.180151e+02
     vertex  6.000000e+00  8.999788e+00  1.180617e+02
   endloop
 endfacet
 facet normal  1.000000e+00 -1.305991e-16 -2.687863e-18
   outer loop
     vertex  6.000000e+00  2.198706e+00  1.180754e+02
     vertex  6.000000e+00  8.999788e+00  1.180617e+02
     vertex  6.000000e+00  8.994707e+00  1.183086e+02
   endloop
 endfacet
 facet normal  1.000000e+00  3.583621e-18  1.305776e-16
   outer loop
     vertex  6.000000e+00 -9.051816e-02  1.158019e+02
     vertex  6.000000e+00 -3.703016e-01  1.090076e+02
     vertex  6.000000e+00 -1.234648e-01  1.090008e+02
   endloop
 endfacet
 facet normal  1.000000e+00  3.583621e-18  1.305776e-16
   outer loop
     vertex  6.000000e+00 -9.051816e-02  1.158019e+02
     vertex  6.000000e+00 -1.234648e-01  1.090008e+02
     vertex  6.000000e+00 -3.018029e-02  1.158002e+02
   endloop
 endfacet
 facet normal  1.000000e+00 -1.304762e-16 -6.269714e-18
   outer loop
     vertex  6.000000e+00  2.195809e+00  1.181357e+02
     vertex  6.000000e+00  2.198706e+00  1.180754e+02
     vertex  6.000000e+00  8.994707e+00  1.183086e+02
   endloop
 endfacet
 facet normal  1.000000e+00 -1.304762e-16 -6.269714e-18
   outer loop
     vertex  6.000000e+00  2.195809e+00  1.181357e+02
     vertex  6.000000e+00  8.994707e+00  1.183086e+02
     vertex  6.000000e+00  8.982855e+00  1.185553e+02
   endloop
 endfacet
 facet normal  1.000000e+00  7.164544e-18  1.304301e-16
   outer loop
     vertex  6.000000e+00 -1.507879e-01  1.158052e+02
     vertex  6.000000e+00 -6.168595e-01  1.090212e+02
     vertex  6.000000e+00 -3.703016e-01  1.090076e+02
   endloop
 endfacet
 facet normal  1.000000e+00  7.164544e-18  1.304301e-16
   outer loop
     vertex  6.000000e+00 -1.507879e-01  1.158052e+02
     vertex  6.000000e+00 -3.703016e-01  1.090076e+02
     vertex  6.000000e+00 -9.051816e-02  1.158019e+02
   endloop
 endfacet
 facet normal  1.000000e+00 -1.302551e-16 -9.846845e-18
   outer loop
     vertex  6.000000e+00  2.191259e+00  1.181959e+02
     vertex  6.000000e+00  8.982855e+00  1.185553e+02
     vertex  6.000000e+00  8.964241e+00  1.188015e+02
   endloop
 endfacet
 facet normal  1.000000e+00 -1.302551e-16 -9.846845e-18
   outer loop
     vertex  6.000000e+00  2.191259e+00  1.181959e+02
     vertex  6.000000e+00  2.195809e+00  1.181357e+02
     vertex  6.000000e+00  8.982855e+00  1.185553e+02
   endloop
 endfacet
 facet normal  1.000000e+00  1.074007e-17  1.301845e-16
   outer loop
     vertex  6.000000e+00 -2.109441e-01  1.158101e+02
     vertex  6.000000e+00 -8.629532e-01  1.090415e+02
     vertex  6.000000e+00 -6.168595e-01  1.090212e+02
   endloop
 endfacet
 facet normal  1.000000e+00  1.074007e-17  1.301845e-16
   outer loop
     vertex  6.000000e+00 -2.109441e-01  1.158101e+02
     vertex  6.000000e+00 -6.168595e-01  1.090212e+02
     vertex  6.000000e+00 -1.507879e-01  1.158052e+02
   endloop
 endfacet
 facet normal  1.000000e+00 -1.299359e-16 -1.341656e-17
   outer loop
     vertex  6.000000e+00  2.185059e+00  1.182560e+02
     vertex  6.000000e+00  2.191259e+00  1.181959e+02
     vertex  6.000000e+00  8.964241e+00  1.188015e+02
   endloop
 endfacet
 facet normal  1.000000e+00 -1.299359e-16 -1.341656e-17
   outer loop
     vertex  6.000000e+00  2.185059e+00  1.182560e+02
     vertex  6.000000e+00  8.964241e+00  1.188015e+02
     vertex  6.000000e+00  8.938879e+00  1.190471e+02
   endloop
 endfacet
 facet normal  1.000000e+00  1.430752e-17  1.298409e-16
   outer loop
     vertex  6.000000e+00 -2.709415e-01  1.158167e+02
     vertex  6.000000e+00 -1.108397e+00  1.090685e+02
     vertex  6.000000e+00 -8.629532e-01  1.090415e+02
   endloop
 endfacet
 facet normal  1.000000e+00  1.430752e-17  1.298409e-16
   outer loop
     vertex  6.000000e+00 -2.709415e-01  1.158167e+02
     vertex  6.000000e+00 -8.629532e-01  1.090415e+02
     vertex  6.000000e+00 -2.109441e-01  1.158101e+02
   endloop
 endfacet
 facet normal  1.000000e+00 -1.295190e-16 -1.697618e-17
   outer loop
     vertex  6.000000e+00  2.177215e+00  1.183158e+02
     vertex  6.000000e+00  2.185059e+00  1.182560e+02
     vertex  6.000000e+00  8.938879e+00  1.190471e+02
   endloop
 endfacet
 facet normal  1.000000e+00 -1.295190e-16 -1.697618e-17
   outer loop
     vertex  6.000000e+00  2.177215e+00  1.183158e+02
     vertex  6.000000e+00  8.938879e+00  1.190471e+02
     vertex  6.000000e+00  8.906789e+00  1.192919e+02
   endloop
 endfacet
 facet normal  1.000000e+00  1.786419e-17  1.293995e-16
   outer loop
     vertex  6.000000e+00 -3.307350e-01  1.158250e+02
     vertex  6.000000e+00 -1.353007e+00  1.091023e+02
     vertex  6.000000e+00 -1.108397e+00  1.090685e+02
   endloop
 endfacet
 facet normal  1.000000e+00  1.786419e-17  1.293995e-16
   outer loop
     vertex  6.000000e+00 -3.307350e-01  1.158250e+02
     vertex  6.000000e+00 -1.108397e+00  1.090685e+02
     vertex  6.000000e+00 -2.709415e-01  1.158167e+02
   endloop
 endfacet
 facet normal  1.000000e+00 -1.290045e-16 -2.052302e-17
   outer loop
     vertex  6.000000e+00  2.167732e+00  1.183754e+02
     vertex  6.000000e+00  2.177215e+00  1.183158e+02
     vertex  6.000000e+00  8.906789e+00  1.192919e+02
   endloop
 endfacet
 facet normal  1.000000e+00 -1.290045e-16 -2.052302e-17
   outer loop
     vertex  6.000000e+00  2.167732e+00  1.183754e+02
     vertex  6.000000e+00  8.906789e+00  1.192919e+02
     vertex  6.000000e+00  8.867993e+00  1.195358e+02
   endloop
 endfacet
 facet normal  1.000000e+00 -1.283929e-16 -2.405441e-17
   outer loop
     vertex  6.000000e+00  2.167732e+00  1.183754e+02
     vertex  6.000000e+00  8.867993e+00  1.195358e+02
     vertex  6.000000e+00  8.822522e+00  1.197785e+02
   endloop
 endfacet
 facet normal  1.000000e+00  2.140742e-17  1.288607e-16
   outer loop
     vertex  6.000000e+00 -3.902795e-01  1.158349e+02
     vertex  6.000000e+00 -1.596598e+00  1.091428e+02
     vertex  6.000000e+00 -1.353007e+00  1.091023e+02
   endloop
 endfacet
 facet normal  1.000000e+00  2.140742e-17  1.288607e-16
   outer loop
     vertex  6.000000e+00 -3.902795e-01  1.158349e+02
     vertex  6.000000e+00 -1.353007e+00  1.091023e+02
     vertex  6.000000e+00 -3.307350e-01  1.158250e+02
   endloop
 endfacet
 facet normal  1.000000e+00 -1.283929e-16 -2.405441e-17
   outer loop
     vertex  6.000000e+00  2.156616e+00  1.184347e+02
     vertex  6.000000e+00  2.167732e+00  1.183754e+02
     vertex  6.000000e+00  8.822522e+00  1.197785e+02
   endloop
 endfacet
 facet normal  1.000000e+00 -1.276847e-16 -2.756770e-17
   outer loop
     vertex  6.000000e+00  2.156616e+00  1.184347e+02
     vertex  6.000000e+00  8.822522e+00  1.197785e+02
     vertex  6.000000e+00  8.770409e+00  1.200199e+02
   endloop
 endfacet
 facet normal  1.000000e+00  2.493453e-17  1.282249e-16
   outer loop
     vertex  6.000000e+00 -4.495302e-01  1.158464e+02
     vertex  6.000000e+00 -1.838987e+00  1.091899e+02
     vertex  6.000000e+00 -1.596598e+00  1.091428e+02
   endloop
 endfacet
 facet normal  1.000000e+00  2.493453e-17  1.282249e-16
   outer loop
     vertex  6.000000e+00 -4.495302e-01  1.158464e+02
     vertex  6.000000e+00 -1.596598e+00  1.091428e+02
     vertex  6.000000e+00 -3.902795e-01  1.158349e+02
   endloop
 endfacet
 facet normal  1.000000e+00 -1.276847e-16 -2.756770e-17
   outer loop
     vertex  6.000000e+00  2.143878e+00  1.184937e+02
     vertex  6.000000e+00  2.156616e+00  1.184347e+02
     vertex  6.000000e+00  8.770409e+00  1.200199e+02
   endloop
 endfacet
 facet normal  1.000000e+00  2.844288e-17  1.274926e-16
   outer loop
     vertex  6.000000e+00 -5.084425e-01  1.158596e+02
     vertex  6.000000e+00 -2.079992e+00  1.092437e+02
     vertex  6.000000e+00 -1.838987e+00  1.091899e+02
   endloop
 endfacet
 facet normal  1.000000e+00  2.844288e-17  1.274926e-16
   outer loop
     vertex  6.000000e+00 -5.084425e-01  1.158596e+02
     vertex  6.000000e+00 -1.838987e+00  1.091899e+02
     vertex  6.000000e+00 -4.495302e-01  1.158464e+02
   endloop
 endfacet
 facet normal  1.000000e+00 -1.268803e-16 -3.106023e-17
   outer loop
     vertex  6.000000e+00  2.129525e+00  1.185524e+02
     vertex  6.000000e+00  8.770409e+00  1.200199e+02
     vertex  6.000000e+00  8.711695e+00  1.202597e+02
   endloop
 endfacet
 facet normal  1.000000e+00 -1.268803e-16 -3.106023e-17
   outer loop
     vertex  6.000000e+00  2.129525e+00  1.185524e+02
     vertex  6.000000e+00  2.143878e+00  1.184937e+02
     vertex  6.000000e+00  8.770409e+00  1.200199e+02
   endloop
 endfacet
 facet normal  1.000000e+00  3.192981e-17  1.266643e-16
   outer loop
     vertex  6.000000e+00 -5.669721e-01  1.158743e+02
     vertex  6.000000e+00 -2.079992e+00  1.092437e+02
     vertex  6.000000e+00 -5.084425e-01  1.158596e+02
   endloop
 endfacet
 facet normal  1.000000e+00  3.192981e-17  1.266643e-16
   outer loop
     vertex  6.000000e+00 -5.669721e-01  1.158743e+02
     vertex  6.000000e+00 -2.319431e+00  1.093040e+02
     vertex  6.000000e+00 -2.079992e+00  1.092437e+02
   endloop
 endfacet
 facet normal  1.000000e+00 -1.259805e-16 -3.452938e-17
   outer loop
     vertex  6.000000e+00  2.113570e+00  1.186106e+02
     vertex  6.000000e+00  2.129525e+00  1.185524e+02
     vertex  6.000000e+00  8.711695e+00  1.202597e+02
   endloop
 endfacet
 facet normal  1.000000e+00 -1.259805e-16 -3.452938e-17
   outer loop
     vertex  6.000000e+00  2.113570e+00  1.186106e+02
     vertex  6.000000e+00  8.711695e+00  1.202597e+02
     vertex  6.000000e+00  8.646422e+00  1.204979e+02
   endloop
 endfacet
 facet normal  1.000000e+00  3.882896e-17  1.247223e-16
   outer loop
     vertex  6.000000e+00 -6.250749e-01  1.158907e+02
     vertex  6.000000e+00 -2.792893e+00  1.094443e+02
     vertex  6.000000e+00 -2.557125e+00  1.093709e+02
   endloop
 endfacet
 facet normal  1.000000e+00  3.539271e-17  1.257406e-16
   outer loop
     vertex  6.000000e+00 -6.250749e-01  1.158907e+02
     vertex  6.000000e+00 -2.557125e+00  1.093709e+02
     vertex  6.000000e+00 -2.319431e+00  1.093040e+02
   endloop
 endfacet
 facet normal  1.000000e+00  3.539271e-17  1.257406e-16
   outer loop
     vertex  6.000000e+00 -6.250749e-01  1.158907e+02
     vertex  6.000000e+00 -2.319431e+00  1.093040e+02
     vertex  6.000000e+00 -5.669721e-01  1.158743e+02
   endloop
 endfacet
 facet normal  1.000000e+00 -1.249858e-16 -3.797253e-17
   outer loop
     vertex  6.000000e+00  2.096023e+00  1.186683e+02
     vertex  6.000000e+00  8.646422e+00  1.204979e+02
     vertex  6.000000e+00  8.574641e+00  1.207341e+02
   endloop
 endfacet
 facet normal  1.000000e+00 -1.249858e-16 -3.797253e-17
   outer loop
     vertex  6.000000e+00  2.096023e+00  1.186683e+02
     vertex  6.000000e+00  2.113570e+00  1.186106e+02
     vertex  6.000000e+00  8.646422e+00  1.204979e+02
   endloop
 endfacet
 facet normal  1.000000e+00  3.882896e-17  1.247223e-16
   outer loop
     vertex  6.000000e+00 -6.827072e-01  1.159086e+02
     vertex  6.000000e+00 -2.792893e+00  1.094443e+02
     vertex  6.000000e+00 -6.250749e-01  1.158907e+02
   endloop
 endfacet
 facet normal  1.000000e+00 -1.238970e-16 -4.138711e-17
   outer loop
     vertex  6.000000e+00  2.076899e+00  1.187256e+02
     vertex  6.000000e+00  8.574641e+00  1.207341e+02
     vertex  6.000000e+00  8.496405e+00  1.209683e+02
   endloop
 endfacet
 facet normal  1.000000e+00 -1.238970e-16 -4.138711e-17
   outer loop
     vertex  6.000000e+00  2.076899e+00  1.187256e+02
     vertex  6.000000e+00  2.096023e+00  1.186683e+02
     vertex  6.000000e+00  8.574641e+00  1.207341e+02
   endloop
 endfacet
 facet normal  1.000000e+00  4.223598e-17  1.236102e-16
   outer loop
     vertex  6.000000e+00 -7.398255e-01  1.159281e+02
     vertex  6.000000e+00 -3.026559e+00  1.095242e+02
     vertex  6.000000e+00 -2.792893e+00  1.094443e+02
   endloop
 endfacet
 facet normal  1.000000e+00  4.223598e-17  1.236102e-16
   outer loop
     vertex  6.000000e+00 -7.398255e-01  1.159281e+02
     vertex  6.000000e+00 -2.792893e+00  1.094443e+02
     vertex  6.000000e+00 -6.827072e-01  1.159086e+02
   endloop
 endfacet
 facet normal  1.000000e+00 -1.227149e-16 -4.477053e-17
   outer loop
     vertex  6.000000e+00  2.056211e+00  1.187823e+02
     vertex  6.000000e+00  2.076899e+00  1.187256e+02
     vertex  6.000000e+00  8.496405e+00  1.209683e+02
   endloop
 endfacet
 facet normal  1.000000e+00 -1.227149e-16 -4.477053e-17
   outer loop
     vertex  6.000000e+00  2.056211e+00  1.187823e+02
     vertex  6.000000e+00  8.496405e+00  1.209683e+02
     vertex  6.000000e+00  8.411774e+00  1.212003e+02
   endloop
 endfacet
 facet normal  1.000000e+00  4.561121e-17  1.224049e-16
   outer loop
     vertex  6.000000e+00 -7.963869e-01  1.159492e+02
     vertex  6.000000e+00 -3.257946e+00  1.096104e+02
     vertex  6.000000e+00 -3.026559e+00  1.095242e+02
   endloop
 endfacet
 facet normal  1.000000e+00  4.561121e-17  1.224049e-16
   outer loop
     vertex  6.000000e+00 -7.963869e-01  1.159492e+02
     vertex  6.000000e+00 -3.026559e+00  1.095242e+02
     vertex  6.000000e+00 -7.398255e-01  1.159281e+02
   endloop
 endfacet
 facet normal  1.000000e+00 -1.214405e-16 -4.812024e-17
   outer loop
     vertex  6.000000e+00  2.033976e+00  1.188384e+02
     vertex  6.000000e+00  2.056211e+00  1.187823e+02
     vertex  6.000000e+00  8.411774e+00  1.212003e+02
   endloop
 endfacet
 facet normal  1.000000e+00 -1.214405e-16 -4.812024e-17
   outer loop
     vertex  6.000000e+00  2.033976e+00  1.188384e+02
     vertex  6.000000e+00  8.411774e+00  1.212003e+02
     vertex  6.000000e+00  8.320810e+00  1.214299e+02
   endloop
 endfacet
 facet normal  1.000000e+00  4.895211e-17  1.211076e-16
   outer loop
     vertex  6.000000e+00 -8.523488e-01  1.159718e+02
     vertex  6.000000e+00 -3.486881e+00  1.097029e+02
     vertex  6.000000e+00 -3.257946e+00  1.096104e+02
   endloop
 endfacet
 facet normal  1.000000e+00  4.895211e-17  1.211076e-16
   outer loop
     vertex  6.000000e+00 -8.523488e-01  1.159718e+02
     vertex  6.000000e+00 -3.257946e+00  1.096104e+02
     vertex  6.000000e+00 -7.963869e-01  1.159492e+02
   endloop
 endfacet
 facet normal  1.000000e+00 -1.200747e-16 -5.143373e-17
   outer loop
     vertex  6.000000e+00  2.010209e+00  1.188939e+02
     vertex  6.000000e+00  2.033976e+00  1.188384e+02
     vertex  6.000000e+00  8.320810e+00  1.214299e+02
   endloop
 endfacet
 facet normal  1.000000e+00 -1.200747e-16 -5.143373e-17
   outer loop
     vertex  6.000000e+00  2.010209e+00  1.188939e+02
     vertex  6.000000e+00  8.320810e+00  1.214299e+02
     vertex  6.000000e+00  8.223582e+00  1.216569e+02
   endloop
 endfacet
 facet normal  1.000000e+00 -1.186184e-16 -5.470851e-17
   outer loop
     vertex  6.000000e+00  2.010209e+00  1.188939e+02
     vertex  6.000000e+00  8.223582e+00  1.216569e+02
     vertex  6.000000e+00  8.120164e+00  1.218811e+02
   endloop
 endfacet
 facet normal  1.000000e+00  5.225615e-17  1.197190e-16
   outer loop
     vertex  6.000000e+00 -9.076691e-01  1.159960e+02
     vertex  6.000000e+00 -3.486881e+00  1.097029e+02
     vertex  6.000000e+00 -8.523488e-01  1.159718e+02
   endloop
 endfacet
 facet normal  1.000000e+00  5.225615e-17  1.197190e-16
   outer loop
     vertex  6.000000e+00 -9.076691e-01  1.159960e+02
     vertex  6.000000e+00 -3.713192e+00  1.098017e+02
     vertex  6.000000e+00 -3.486881e+00  1.097029e+02
   endloop
 endfacet
 facet normal  1.000000e+00 -1.186184e-16 -5.470851e-17
   outer loop
     vertex  6.000000e+00  1.984929e+00  1.189487e+02
     vertex  6.000000e+00  2.010209e+00  1.188939e+02
     vertex  6.000000e+00  8.120164e+00  1.218811e+02
   endloop
 endfacet
 facet normal  1.000000e+00  5.552086e-17  1.182404e-16
   outer loop
     vertex  6.000000e+00 -9.623061e-01  1.160216e+02
     vertex  6.000000e+00 -3.713192e+00  1.098017e+02
     vertex  6.000000e+00 -9.076691e-01  1.159960e+02
   endloop
 endfacet
 facet normal  1.000000e+00  5.552086e-17  1.182404e-16
   outer loop
     vertex  6.000000e+00 -9.623061e-01  1.160216e+02
     vertex  6.000000e+00 -3.936707e+00  1.099066e+02
     vertex  6.000000e+00 -3.713192e+00  1.098017e+02
   endloop
 endfacet
 facet normal  1.000000e+00 -1.170729e-16 -5.794210e-17
   outer loop
     vertex  6.000000e+00  1.958155e+00  1.190028e+02
     vertex  6.000000e+00  8.120164e+00  1.218811e+02
     vertex  6.000000e+00  8.010634e+00  1.221024e+02
   endloop
 endfacet
 facet normal  1.000000e+00 -1.154393e-16 -6.113208e-17
   outer loop
     vertex  6.000000e+00  1.958155e+00  1.190028e+02
     vertex  6.000000e+00  8.010634e+00  1.221024e+02
     vertex  6.000000e+00  7.895073e+00  1.223206e+02
   endloop
 endfacet
 facet normal  1.000000e+00 -1.170729e-16 -5.794210e-17
   outer loop
     vertex  6.000000e+00  1.958155e+00  1.190028e+02
     vertex  6.000000e+00  1.984929e+00  1.189487e+02
     vertex  6.000000e+00  8.120164e+00  1.218811e+02
   endloop
 endfacet
 facet normal  1.000000e+00  5.874378e-17  1.166727e-16
   outer loop
     vertex  6.000000e+00 -1.016219e+00  1.160488e+02
     vertex  6.000000e+00 -3.936707e+00  1.099066e+02
     vertex  6.000000e+00 -9.623061e-01  1.160216e+02
   endloop
 endfacet
 facet normal  1.000000e+00  5.874378e-17  1.166727e-16
   outer loop
     vertex  6.000000e+00 -1.016219e+00  1.160488e+02
     vertex  6.000000e+00 -4.157259e+00  1.100177e+02
     vertex  6.000000e+00 -3.936707e+00  1.099066e+02
   endloop
 endfacet
 facet normal  1.000000e+00 -1.154393e-16 -6.113208e-17
   outer loop
     vertex  6.000000e+00  1.929907e+00  1.190562e+02
     vertex  6.000000e+00  1.958155e+00  1.190028e+02
     vertex  6.000000e+00  7.895073e+00  1.223206e+02
   endloop
 endfacet
 facet normal  1.000000e+00  6.192247e-17  1.150172e-16
   outer loop
     vertex  6.000000e+00 -1.069366e+00  1.160774e+02
     vertex  6.000000e+00 -4.157259e+00  1.100177e+02
     vertex  6.000000e+00 -1.016219e+00  1.160488e+02
   endloop
 endfacet
 facet normal  1.000000e+00  6.192247e-17  1.150172e-16
   outer loop
     vertex  6.000000e+00 -1.069366e+00  1.160774e+02
     vertex  6.000000e+00 -4.374681e+00  1.101347e+02
     vertex  6.000000e+00 -4.157259e+00  1.100177e+02
   endloop
 endfacet
 facet normal  1.000000e+00 -1.137187e-16 -6.427603e-17
   outer loop
     vertex  6.000000e+00  1.900206e+00  1.191087e+02
     vertex  6.000000e+00  1.929907e+00  1.190562e+02
     vertex  6.000000e+00  7.895073e+00  1.223206e+02
   endloop
 endfacet
 facet normal  1.000000e+00 -1.137187e-16 -6.427603e-17
   outer loop
     vertex  6.000000e+00  1.900206e+00  1.191087e+02
     vertex  6.000000e+00  7.895073e+00  1.223206e+02
     vertex  6.000000e+00  7.773569e+00  1.225356e+02
   endloop
 endfacet
 facet normal  1.000000e+00  6.505455e-17  1.132751e-16
   outer loop
     vertex  6.000000e+00 -1.121709e+00  1.161074e+02
     vertex  6.000000e+00 -4.374681e+00  1.101347e+02
     vertex  6.000000e+00 -1.069366e+00  1.160774e+02
   endloop
 endfacet
 facet normal  1.000000e+00  6.505455e-17  1.132751e-16
   outer loop
     vertex  6.000000e+00 -1.121709e+00  1.161074e+02
     vertex  6.000000e+00 -4.588810e+00  1.102577e+02
     vertex  6.000000e+00 -4.374681e+00  1.101347e+02
   endloop
 endfacet
 facet normal  1.000000e+00 -1.119125e-16 -6.737161e-17
   outer loop
     vertex  6.000000e+00  1.869074e+00  1.191604e+02
     vertex  6.000000e+00  1.900206e+00  1.191087e+02
     vertex  6.000000e+00  7.773569e+00  1.225356e+02
   endloop
 endfacet
 facet normal  1.000000e+00 -1.119125e-16 -6.737161e-17
   outer loop
     vertex  6.000000e+00  1.869074e+00  1.191604e+02
     vertex  6.000000e+00  7.773569e+00  1.225356e+02
     vertex  6.000000e+00  7.646214e+00  1.227471e+02
   endloop
 endfacet
 facet normal  1.000000e+00  6.813766e-17  1.114478e-16
   outer loop
     vertex  6.000000e+00 -1.173207e+00  1.161389e+02
     vertex  6.000000e+00 -4.588810e+00  1.102577e+02
     vertex  6.000000e+00 -1.121709e+00  1.161074e+02
   endloop
 endfacet
 facet normal  1.000000e+00  7.116948e-17  1.095366e-16
   outer loop
     vertex  6.000000e+00 -1.173207e+00  1.161389e+02
     vertex  6.000000e+00 -5.006547e+00  1.105211e+02
     vertex  6.000000e+00 -4.799485e+00  1.103865e+02
   endloop
 endfacet
 facet normal  1.000000e+00  6.813766e-17  1.114478e-16
   outer loop
     vertex  6.000000e+00 -1.173207e+00  1.161389e+02
     vertex  6.000000e+00 -4.799485e+00  1.103865e+02
     vertex  6.000000e+00 -4.588810e+00  1.102577e+02
   endloop
 endfacet
 facet normal  1.000000e+00 -1.100222e-16 -7.041646e-17
   outer loop
     vertex  6.000000e+00  1.836536e+00  1.192113e+02
     vertex  6.000000e+00  1.869074e+00  1.191604e+02
     vertex  6.000000e+00  7.646214e+00  1.227471e+02
   endloop
 endfacet
 facet normal  1.000000e+00 -1.100222e-16 -7.041646e-17
   outer loop
     vertex  6.000000e+00  1.836536e+00  1.192113e+02
     vertex  6.000000e+00  7.646214e+00  1.227471e+02
     vertex  6.000000e+00  7.513102e+00  1.229551e+02
   endloop
 endfacet
 facet normal  1.000000e+00  7.116948e-17  1.095366e-16
   outer loop
     vertex  6.000000e+00 -1.223822e+00  1.161718e+02
     vertex  6.000000e+00 -5.006547e+00  1.105211e+02
     vertex  6.000000e+00 -1.173207e+00  1.161389e+02
   endloop
 endfacet
 facet normal  1.000000e+00 -1.080489e-16 -7.340831e-17
   outer loop
     vertex  6.000000e+00  1.802615e+00  1.192612e+02
     vertex  6.000000e+00  1.836536e+00  1.192113e+02
     vertex  6.000000e+00  7.513102e+00  1.229551e+02
   endloop
 endfacet
 facet normal  1.000000e+00 -1.080489e-16 -7.340831e-17
   outer loop
     vertex  6.000000e+00  1.802615e+00  1.192612e+02
     vertex  6.000000e+00  7.513102e+00  1.229551e+02
     vertex  6.000000e+00  7.374335e+00  1.231594e+02
   endloop
 endfacet
 facet normal  1.000000e+00  7.414773e-17  1.075429e-16
   outer loop
     vertex  6.000000e+00 -1.273516e+00  1.162061e+02
     vertex  6.000000e+00 -5.006547e+00  1.105211e+02
     vertex  6.000000e+00 -1.223822e+00  1.161718e+02
   endloop
 endfacet
 facet normal  1.000000e+00  7.414773e-17  1.075429e-16
   outer loop
     vertex  6.000000e+00 -1.273516e+00  1.162061e+02
     vertex  6.000000e+00 -5.209840e+00  1.106612e+02
     vertex  6.000000e+00 -5.006547e+00  1.105211e+02
   endloop
 endfacet
 facet normal  1.000000e+00 -1.059944e-16 -7.634490e-17
   outer loop
     vertex  6.000000e+00  1.767337e+00  1.193102e+02
     vertex  6.000000e+00  1.802615e+00  1.192612e+02
     vertex  6.000000e+00  7.374335e+00  1.231594e+02
   endloop
 endfacet
 facet normal  1.000000e+00 -1.059944e-16 -7.634490e-17
   outer loop
     vertex  6.000000e+00  1.767337e+00  1.193102e+02
     vertex  6.000000e+00  7.374335e+00  1.231594e+02
     vertex  6.000000e+00  7.230017e+00  1.233597e+02
   endloop
 endfacet
 facet normal  1.000000e+00 -1.038600e-16 -7.922402e-17
   outer loop
     vertex  6.000000e+00  1.767337e+00  1.193102e+02
     vertex  6.000000e+00  7.230017e+00  1.233597e+02
     vertex  6.000000e+00  7.080256e+00  1.235561e+02
   endloop
 endfacet
 facet normal  1.000000e+00  7.707015e-17  1.054682e-16
   outer loop
     vertex  6.000000e+00 -1.322252e+00  1.162417e+02
     vertex  6.000000e+00 -5.209840e+00  1.106612e+02
     vertex  6.000000e+00 -1.273516e+00  1.162061e+02
   endloop
 endfacet
 facet normal  1.000000e+00  7.707015e-17  1.054682e-16
   outer loop
     vertex  6.000000e+00 -1.322252e+00  1.162417e+02
     vertex  6.000000e+00 -5.409211e+00  1.108069e+02
     vertex  6.000000e+00 -5.209840e+00  1.106612e+02
   endloop
 endfacet
 facet normal  1.000000e+00 -1.038600e-16 -7.922402e-17
   outer loop
     vertex  6.000000e+00  1.730729e+00  1.193582e+02
     vertex  6.000000e+00  1.767337e+00  1.193102e+02
     vertex  6.000000e+00  7.080256e+00  1.235561e+02
   endloop
 endfacet
 facet normal  1.000000e+00  7.993457e-17  1.033142e-16
   outer loop
     vertex  6.000000e+00 -1.369991e+00  1.162786e+02
     vertex  6.000000e+00 -5.409211e+00  1.108069e+02
     vertex  6.000000e+00 -1.322252e+00  1.162417e+02
   endloop
 endfacet
 facet normal  1.000000e+00  7.993457e-17  1.033142e-16
   outer loop
     vertex  6.000000e+00 -1.369991e+00  1.162786e+02
     vertex  6.000000e+00 -5.604510e+00  1.109580e+02
     vertex  6.000000e+00 -5.409211e+00  1.108069e+02
   endloop
 endfacet
 facet normal  1.000000e+00 -1.016475e-16 -8.204350e-17
   outer loop
     vertex  6.000000e+00  1.692818e+00  1.194051e+02
     vertex  6.000000e+00  1.730729e+00  1.193582e+02
     vertex  6.000000e+00  7.080256e+00  1.235561e+02
   endloop
 endfacet
 facet normal  1.000000e+00 -1.016475e-16 -8.204350e-17
   outer loop
     vertex  6.000000e+00  1.692818e+00  1.194051e+02
     vertex  6.000000e+00  7.080256e+00  1.235561e+02
     vertex  6.000000e+00  6.925166e+00  1.237482e+02
   endloop
 endfacet
 facet normal  1.000000e+00  8.273881e-17  1.010824e-16
   outer loop
     vertex  6.000000e+00 -1.416700e+00  1.163169e+02
     vertex  6.000000e+00 -5.795591e+00  1.111144e+02
     vertex  6.000000e+00 -5.604510e+00  1.109580e+02
   endloop
 endfacet
 facet normal  1.000000e+00  8.273881e-17  1.010824e-16
   outer loop
     vertex  6.000000e+00 -1.416700e+00  1.163169e+02
     vertex  6.000000e+00 -5.604510e+00  1.109580e+02
     vertex  6.000000e+00 -1.369991e+00  1.162786e+02
   endloop
 endfacet
 facet normal  1.000000e+00 -9.935846e-17 -8.480123e-17
   outer loop
     vertex  6.000000e+00  1.653633e+00  1.194510e+02
     vertex  6.000000e+00  1.692818e+00  1.194051e+02
     vertex  6.000000e+00  6.925166e+00  1.237482e+02
   endloop
 endfacet
 facet normal  1.000000e+00 -9.935846e-17 -8.480123e-17
   outer loop
     vertex  6.000000e+00  1.653633e+00  1.194510e+02
     vertex  6.000000e+00  6.925166e+00  1.237482e+02
     vertex  6.000000e+00  6.764862e+00  1.239360e+02
   endloop
 endfacet
 facet normal  1.000000e+00  8.548076e-17  9.877445e-17
   outer loop
     vertex  6.000000e+00 -1.462342e+00  1.163564e+02
     vertex  6.000000e+00 -5.982309e+00  1.112760e+02
     vertex  6.000000e+00 -5.795591e+00  1.111144e+02
   endloop
 endfacet
 facet normal  1.000000e+00  8.548076e-17  9.877445e-17
   outer loop
     vertex  6.000000e+00 -1.462342e+00  1.163564e+02
     vertex  6.000000e+00 -5.795591e+00  1.111144e+02
     vertex  6.000000e+00 -1.416700e+00  1.163169e+02
   endloop
 endfacet
 facet normal  1.000000e+00 -9.699462e-17 -8.749511e-17
   outer loop
     vertex  6.000000e+00  1.613203e+00  1.194959e+02
     vertex  6.000000e+00  1.653633e+00  1.194510e+02
     vertex  6.000000e+00  6.764862e+00  1.239360e+02
   endloop
 endfacet
 facet normal  1.000000e+00 -9.699462e-17 -8.749511e-17
   outer loop
     vertex  6.000000e+00  1.613203e+00  1.194959e+02
     vertex  6.000000e+00  6.764862e+00  1.239360e+02
     vertex  6.000000e+00  6.599466e+00  1.241194e+02
   endloop
 endfacet
 facet normal  1.000000e+00  8.815837e-17  9.639219e-17
   outer loop
     vertex  6.000000e+00 -1.506883e+00  1.163971e+02
     vertex  6.000000e+00 -5.982309e+00  1.112760e+02
     vertex  6.000000e+00 -1.462342e+00  1.163564e+02
   endloop
 endfacet
 facet normal  1.000000e+00  8.815837e-17  9.639219e-17
   outer loop
     vertex  6.000000e+00 -1.506883e+00  1.163971e+02
     vertex  6.000000e+00 -6.164523e+00  1.114427e+02
     vertex  6.000000e+00 -5.982309e+00  1.112760e+02
   endloop
 endfacet
 facet normal  1.000000e+00 -9.455777e-17 -9.012314e-17
   outer loop
     vertex  6.000000e+00  1.571558e+00  1.195395e+02
     vertex  6.000000e+00  1.613203e+00  1.194959e+02
     vertex  6.000000e+00  6.599466e+00  1.241194e+02
   endloop
 endfacet
 facet normal  1.000000e+00 -9.455777e-17 -9.012314e-17
   outer loop
     vertex  6.000000e+00  1.571558e+00  1.195395e+02
     vertex  6.000000e+00  6.599466e+00  1.241194e+02
     vertex  6.000000e+00  6.429102e+00  1.242981e+02
   endloop
 endfacet
 facet normal  1.000000e+00  9.076962e-17  9.393736e-17
   outer loop
     vertex  6.000000e+00 -1.550290e+00  1.164390e+02
     vertex  6.000000e+00 -6.164523e+00  1.114427e+02
     vertex  6.000000e+00 -1.506883e+00  1.163971e+02
   endloop
 endfacet
 facet normal  1.000000e+00  9.076962e-17  9.393736e-17
   outer loop
     vertex  6.000000e+00 -1.550290e+00  1.164390e+02
     vertex  6.000000e+00 -6.342097e+00  1.116143e+02
     vertex  6.000000e+00 -6.164523e+00  1.114427e+02
   endloop
 endfacet
 facet normal  1.000000e+00 -9.204974e-17 -9.268332e-17
   outer loop
     vertex  6.000000e+00  1.528731e+00  1.195821e+02
     vertex  6.000000e+00  1.571558e+00  1.195395e+02
     vertex  6.000000e+00  6.429102e+00  1.242981e+02
   endloop
 endfacet
 facet normal  1.000000e+00 -9.204974e-17 -9.268332e-17
   outer loop
     vertex  6.000000e+00  6.253899e+00  1.244722e+02
     vertex  6.000000e+00  1.528731e+00  1.195821e+02
     vertex  6.000000e+00  6.429102e+00  1.242981e+02
   endloop
 endfacet
 facet normal  1.000000e+00  9.331254e-17  9.141183e-17
   outer loop
     vertex  6.000000e+00 -6.514897e+00  1.117906e+02
     vertex  6.000000e+00 -1.550290e+00  1.164390e+02
     vertex  6.000000e+00 -1.592530e+00  1.164822e+02
   endloop
 endfacet
 facet normal  1.000000e+00  9.331254e-17  9.141183e-17
   outer loop
     vertex  6.000000e+00 -6.514897e+00  1.117906e+02
     vertex  6.000000e+00 -6.342097e+00  1.116143e+02
     vertex  6.000000e+00 -1.550290e+00  1.164390e+02
   endloop
 endfacet
 facet normal  1.000000e+00 -8.947241e-17 -9.517373e-17
   outer loop
     vertex  6.000000e+00  6.073988e+00  1.246413e+02
     vertex  6.000000e+00  1.528731e+00  1.195821e+02
     vertex  6.000000e+00  6.253899e+00  1.244722e+02
   endloop
 endfacet
 facet normal  1.000000e+00 -8.947241e-17 -9.517373e-17
   outer loop
     vertex  6.000000e+00  6.073988e+00  1.246413e+02
     vertex  6.000000e+00  1.484753e+00  1.196234e+02
     vertex  6.000000e+00  1.528731e+00  1.195821e+02
   endloop
 endfacet
 facet normal  1.000000e+00 -8.682774e-17 -9.759250e-17
   outer loop
     vertex  6.000000e+00  6.073988e+00  1.246413e+02
     vertex  6.000000e+00  1.439657e+00  1.196635e+02
     vertex  6.000000e+00  1.484753e+00  1.196234e+02
   endloop
 endfacet
 facet normal  1.000000e+00  9.578521e-17  8.881748e-17
   outer loop
     vertex  6.000000e+00 -6.682793e+00  1.119717e+02
     vertex  6.000000e+00 -1.592530e+00  1.164822e+02
     vertex  6.000000e+00 -1.633572e+00  1.165264e+02
   endloop
 endfacet
 facet normal  1.000000e+00  9.578521e-17  8.881748e-17
   outer loop
     vertex  6.000000e+00 -6.682793e+00  1.119717e+02
     vertex  6.000000e+00 -6.514897e+00  1.117906e+02
     vertex  6.000000e+00 -1.592530e+00  1.164822e+02
   endloop
 endfacet
 facet normal  1.000000e+00 -8.682774e-17 -9.759250e-17
   outer loop
     vertex  6.000000e+00  5.889504e+00  1.248054e+02
     vertex  6.000000e+00  1.439657e+00  1.196635e+02
     vertex  6.000000e+00  6.073988e+00  1.246413e+02
   endloop
 endfacet
 facet normal  1.000000e+00  1.005124e-16  8.343022e-17
   outer loop
     vertex  6.000000e+00 -6.845658e+00  1.121573e+02
     vertex  6.000000e+00 -1.673383e+00  1.165718e+02
     vertex  6.000000e+00 -1.711935e+00  1.166182e+02
   endloop
 endfacet
 facet normal  1.000000e+00  9.818578e-17  8.615628e-17
   outer loop
     vertex  6.000000e+00 -6.845658e+00  1.121573e+02
     vertex  6.000000e+00 -1.633572e+00  1.165264e+02
     vertex  6.000000e+00 -1.673383e+00  1.165718e+02
   endloop
 endfacet
 facet normal  1.000000e+00  9.818578e-17  8.615628e-17
   outer loop
     vertex  6.000000e+00 -6.845658e+00  1.121573e+02
     vertex  6.000000e+00 -6.682793e+00  1.119717e+02
     vertex  6.000000e+00 -1.633572e+00  1.165264e+02
   endloop
 endfacet
 facet normal  1.000000e+00 -8.411770e-17 -9.993780e-17
   outer loop
     vertex  6.000000e+00  5.700587e+00  1.249644e+02
     vertex  6.000000e+00  1.393477e+00  1.197024e+02
     vertex  6.000000e+00  1.439657e+00  1.196635e+02
   endloop
 endfacet
 facet normal  1.000000e+00 -8.134434e-17 -1.022079e-16
   outer loop
     vertex  6.000000e+00  5.700587e+00  1.249644e+02
     vertex  6.000000e+00  1.346248e+00  1.197400e+02
     vertex  6.000000e+00  1.393477e+00  1.197024e+02
   endloop
 endfacet
 facet normal  1.000000e+00 -8.411770e-17 -9.993780e-17
   outer loop
     vertex  6.000000e+00  5.700587e+00  1.249644e+02
     vertex  6.000000e+00  1.439657e+00  1.196635e+02
     vertex  6.000000e+00  5.889504e+00  1.248054e+02
   endloop
 endfacet
 facet normal  1.000000e+00  1.027634e-16  8.064135e-17
   outer loop
     vertex  6.000000e+00 -7.003370e+00  1.123473e+02
     vertex  6.000000e+00 -1.711935e+00  1.166182e+02
     vertex  6.000000e+00 -1.749198e+00  1.166657e+02
   endloop
 endfacet
 facet normal  1.000000e+00  1.005124e-16  8.343022e-17
   outer loop
     vertex  6.000000e+00 -7.003370e+00  1.123473e+02
     vertex  6.000000e+00 -6.845658e+00  1.121573e+02
     vertex  6.000000e+00 -1.711935e+00  1.166182e+02
   endloop
 endfacet
 facet normal  1.000000e+00 -7.850975e-17 -1.044010e-16
   outer loop
     vertex  6.000000e+00  5.507379e+00  1.251182e+02
     vertex  6.000000e+00  1.298006e+00  1.197763e+02
     vertex  6.000000e+00  1.346248e+00  1.197400e+02
   endloop
 endfacet
 facet normal  1.000000e+00 -8.134434e-17 -1.022079e-16
   outer loop
     vertex  6.000000e+00  5.507379e+00  1.251182e+02
     vertex  6.000000e+00  1.346248e+00  1.197400e+02
     vertex  6.000000e+00  5.700587e+00  1.249644e+02
   endloop
 endfacet
 facet normal  1.000000e+00  1.027634e-16  8.064135e-17
   outer loop
     vertex  6.000000e+00 -7.155810e+00  1.125416e+02
     vertex  6.000000e+00 -7.003370e+00  1.123473e+02
     vertex  6.000000e+00 -1.749198e+00  1.166657e+02
   endloop
 endfacet
 facet normal  1.000000e+00 -7.850975e-17 -1.044010e-16
   outer loop
     vertex  6.000000e+00  5.310025e+00  1.252666e+02
     vertex  6.000000e+00  1.298006e+00  1.197763e+02
     vertex  6.000000e+00  5.507379e+00  1.251182e+02
   endloop
 endfacet
 facet normal  1.000000e+00  1.049371e-16  7.779178e-17
   outer loop
     vertex  6.000000e+00 -7.302863e+00  1.127399e+02
     vertex  6.000000e+00 -1.749198e+00  1.166657e+02
     vertex  6.000000e+00 -1.785144e+00  1.167142e+02
   endloop
 endfacet
 facet normal  1.000000e+00  1.049371e-16  7.779178e-17
   outer loop
     vertex  6.000000e+00 -7.302863e+00  1.127399e+02
     vertex  6.000000e+00 -7.155810e+00  1.125416e+02
     vertex  6.000000e+00 -1.749198e+00  1.166657e+02
   endloop
 endfacet
 facet normal  1.000000e+00 -7.561606e-17 -1.065156e-16
   outer loop
     vertex  6.000000e+00  5.108674e+00  1.254096e+02
     vertex  6.000000e+00  1.298006e+00  1.197763e+02
     vertex  6.000000e+00  5.310025e+00  1.252666e+02
   endloop
 endfacet
 facet normal  1.000000e+00 -7.561606e-17 -1.065156e-16
   outer loop
     vertex  6.000000e+00  5.108674e+00  1.254096e+02
     vertex  6.000000e+00  1.248787e+00  1.198112e+02
     vertex  6.000000e+00  1.298006e+00  1.197763e+02
   endloop
 endfacet
 facet normal  1.000000e+00  1.070317e-16  7.488365e-17
   outer loop
     vertex  6.000000e+00 -7.444419e+00  1.129423e+02
     vertex  6.000000e+00 -1.785144e+00  1.167142e+02
     vertex  6.000000e+00 -1.819747e+00  1.167637e+02
   endloop
 endfacet
 facet normal  1.000000e+00  1.070317e-16  7.488365e-17
   outer loop
     vertex  6.000000e+00 -7.444419e+00  1.129423e+02
     vertex  6.000000e+00 -7.302863e+00  1.127399e+02
     vertex  6.000000e+00 -1.785144e+00  1.167142e+02
   endloop
 endfacet
 facet normal  1.000000e+00 -7.266544e-17 -1.085499e-16
   outer loop
     vertex  6.000000e+00  4.903477e+00  1.255469e+02
     vertex  6.000000e+00  1.198628e+00  1.198448e+02
     vertex  6.000000e+00  1.248787e+00  1.198112e+02
   endloop
 endfacet
 facet normal  1.000000e+00 -7.266544e-17 -1.085499e-16
   outer loop
     vertex  6.000000e+00  4.903477e+00  1.255469e+02
     vertex  6.000000e+00  1.248787e+00  1.198112e+02
     vertex  6.000000e+00  5.108674e+00  1.254096e+02
   endloop
 endfacet
 facet normal  1.000000e+00  1.090458e-16  7.191915e-17
   outer loop
     vertex  6.000000e+00 -7.580371e+00  1.131484e+02
     vertex  6.000000e+00 -1.819747e+00  1.167637e+02
     vertex  6.000000e+00 -1.852980e+00  1.168141e+02
   endloop
 endfacet
 facet normal  1.000000e+00  1.090458e-16  7.191915e-17
   outer loop
     vertex  6.000000e+00 -7.580371e+00  1.131484e+02
     vertex  6.000000e+00 -7.444419e+00  1.129423e+02
     vertex  6.000000e+00 -1.819747e+00  1.167637e+02
   endloop
 endfacet
 facet normal  1.000000e+00 -6.966013e-17 -1.105026e-16
   outer loop
     vertex  6.000000e+00  4.694589e+00  1.256786e+02
     vertex  6.000000e+00  1.147566e+00  1.198770e+02
     vertex  6.000000e+00  1.198628e+00  1.198448e+02
   endloop
 endfacet
 facet normal  1.000000e+00 -6.660238e-17 -1.123720e-16
   outer loop
     vertex  6.000000e+00  4.694589e+00  1.256786e+02
     vertex  6.000000e+00  1.095641e+00  1.199078e+02
     vertex  6.000000e+00  1.147566e+00  1.198770e+02
   endloop
 endfacet
 facet normal  1.000000e+00 -6.966013e-17 -1.105026e-16
   outer loop
     vertex  6.000000e+00  4.694589e+00  1.256786e+02
     vertex  6.000000e+00  1.198628e+00  1.198448e+02
     vertex  6.000000e+00  4.903477e+00  1.255469e+02
   endloop
 endfacet
 facet normal  1.000000e+00  1.109778e-16  6.890052e-17
   outer loop
     vertex  6.000000e+00 -7.710617e+00  1.133582e+02
     vertex  6.000000e+00 -1.852980e+00  1.168141e+02
     vertex  6.000000e+00 -1.884817e+00  1.168653e+02
   endloop
 endfacet
 facet normal  1.000000e+00  1.109778e-16  6.890052e-17
   outer loop
     vertex  6.000000e+00 -7.710617e+00  1.133582e+02
     vertex  6.000000e+00 -7.580371e+00  1.131484e+02
     vertex  6.000000e+00 -1.852980e+00  1.168141e+02
   endloop
 endfacet
 facet normal  1.000000e+00 -6.349449e-17 -1.141569e-16
   outer loop
     vertex  6.000000e+00  4.482167e+00  1.258045e+02
     vertex  6.000000e+00  1.042891e+00  1.199371e+02
     vertex  6.000000e+00  1.095641e+00  1.199078e+02
   endloop
 endfacet
 facet normal  1.000000e+00 -6.660238e-17 -1.123720e-16
   outer loop
     vertex  6.000000e+00  4.482167e+00  1.258045e+02
     vertex  6.000000e+00  1.095641e+00  1.199078e+02
     vertex  6.000000e+00  4.694589e+00  1.256786e+02
   endloop
 endfacet
 facet normal  1.000000e+00  1.128262e-16  6.583001e-17
   outer loop
     vertex  6.000000e+00 -7.835058e+00  1.135715e+02
     vertex  6.000000e+00 -1.884817e+00  1.168653e+02
     vertex  6.000000e+00 -1.915236e+00  1.169175e+02
   endloop
 endfacet
 facet normal  1.000000e+00  1.128262e-16  6.583001e-17
   outer loop
     vertex  6.000000e+00 -7.835058e+00  1.135715e+02
     vertex  6.000000e+00 -7.710617e+00  1.133582e+02
     vertex  6.000000e+00 -1.884817e+00  1.168653e+02
   endloop
 endfacet
 facet normal  1.000000e+00 -6.349449e-17 -1.141569e-16
   outer loop
     vertex  6.000000e+00  4.266371e+00  1.259245e+02
     vertex  6.000000e+00  1.042891e+00  1.199371e+02
     vertex  6.000000e+00  4.482167e+00  1.258045e+02
   endloop
 endfacet
 facet normal  1.000000e+00  1.145898e-16  6.270996e-17
   outer loop
     vertex  6.000000e+00 -7.953602e+00  1.137881e+02
     vertex  6.000000e+00 -1.915236e+00  1.169175e+02
     vertex  6.000000e+00 -1.944214e+00  1.169704e+02
   endloop
 endfacet
 facet normal  1.000000e+00  1.145898e-16  6.270996e-17
   outer loop
     vertex  6.000000e+00 -7.953602e+00  1.137881e+02
     vertex  6.000000e+00 -7.835058e+00  1.135715e+02
     vertex  6.000000e+00 -1.915236e+00  1.169175e+02
   endloop
 endfacet
 facet normal  1.000000e+00 -6.033880e-17 -1.158559e-16
   outer loop
     vertex  6.000000e+00  4.047364e+00  1.260386e+02
     vertex  6.000000e+00  1.042891e+00  1.199371e+02
     vertex  6.000000e+00  4.266371e+00  1.259245e+02
   endloop
 endfacet
 facet normal  1.000000e+00 -6.033880e-17 -1.158559e-16
   outer loop
     vertex  6.000000e+00  4.047364e+00  1.260386e+02
     vertex  6.000000e+00  9.893555e-01  1.199650e+02
     vertex  6.000000e+00  1.042891e+00  1.199371e+02
   endloop
 endfacet
 facet normal  1.000000e+00  1.178568e-16  5.633061e-17
   outer loop
     vertex  6.000000e+00 -8.066158e+00  1.140079e+02
     vertex  6.000000e+00 -1.971728e+00  1.170241e+02
     vertex  6.000000e+00 -1.997757e+00  1.170786e+02
   endloop
 endfacet
 facet normal  1.000000e+00  1.162670e-16  5.954269e-17
   outer loop
     vertex  6.000000e+00 -8.066158e+00  1.140079e+02
     vertex  6.000000e+00 -1.944214e+00  1.169704e+02
     vertex  6.000000e+00 -1.971728e+00  1.170241e+02
   endloop
 endfacet
 facet normal  1.000000e+00  1.162670e-16  5.954269e-17
   outer loop
     vertex  6.000000e+00 -8.066158e+00  1.140079e+02
     vertex  6.000000e+00 -7.953602e+00  1.137881e+02
     vertex  6.000000e+00 -1.944214e+00  1.169704e+02
   endloop
 endfacet
 facet normal  1.000000e+00 -5.713770e-17 -1.174676e-16
   outer loop
     vertex  6.000000e+00  3.825309e+00  1.261466e+02
     vertex  6.000000e+00  9.350756e-01  1.199914e+02
     vertex  6.000000e+00  9.893555e-01  1.199650e+02
   endloop
 endfacet
 facet normal  1.000000e+00 -5.713770e-17 -1.174676e-16
   outer loop
     vertex  6.000000e+00  3.825309e+00  1.261466e+02
     vertex  6.000000e+00  9.893555e-01  1.199650e+02
     vertex  6.000000e+00  4.047364e+00  1.260386e+02
   endloop
 endfacet
 facet normal  1.000000e+00  1.178568e-16  5.633061e-17
   outer loop
     vertex  6.000000e+00 -8.172642e+00  1.142307e+02
     vertex  6.000000e+00 -8.066158e+00  1.140079e+02
     vertex  6.000000e+00 -1.997757e+00  1.170786e+02
   endloop
 endfacet
 facet normal  1.000000e+00 -5.389358e-17 -1.189909e-16
   outer loop
     vertex  6.000000e+00  3.600375e+00  1.262485e+02
     vertex  6.000000e+00  8.800918e-01  1.200163e+02
     vertex  6.000000e+00  9.350756e-01  1.199914e+02
   endloop
 endfacet
 facet normal  1.000000e+00 -5.389358e-17 -1.189909e-16
   outer loop
     vertex  6.000000e+00  3.600375e+00  1.262485e+02
     vertex  6.000000e+00  9.350756e-01  1.199914e+02
     vertex  6.000000e+00  3.825309e+00  1.261466e+02
   endloop
 endfacet
 facet normal  1.000000e+00  1.193578e-16  5.307612e-17
   outer loop
     vertex  6.000000e+00 -8.272974e+00  1.144563e+02
     vertex  6.000000e+00 -8.172642e+00  1.142307e+02
     vertex  6.000000e+00 -1.997757e+00  1.170786e+02
   endloop
 endfacet
 facet normal  1.000000e+00  1.193578e-16  5.307612e-17
   outer loop
     vertex  6.000000e+00 -8.272974e+00  1.144563e+02
     vertex  6.000000e+00 -1.997757e+00  1.170786e+02
     vertex  6.000000e+00 -2.022283e+00  1.171338e+02
   endloop
 endfacet
 facet normal  1.000000e+00 -5.060889e-17 -1.204246e-16
   outer loop
     vertex  6.000000e+00  3.372731e+00  1.263441e+02
     vertex  6.000000e+00  8.244454e-01  1.200397e+02
     vertex  6.000000e+00  8.800918e-01  1.200163e+02
   endloop
 endfacet
 facet normal  1.000000e+00 -5.060889e-17 -1.204246e-16
   outer loop
     vertex  6.000000e+00  3.372731e+00  1.263441e+02
     vertex  6.000000e+00  8.800918e-01  1.200163e+02
     vertex  6.000000e+00  3.600375e+00  1.262485e+02
   endloop
 endfacet
 facet normal  1.000000e+00  1.207689e-16  4.978167e-17
   outer loop
     vertex  6.000000e+00 -8.367079e+00  1.146846e+02
     vertex  6.000000e+00 -8.272974e+00  1.144563e+02
     vertex  6.000000e+00 -2.022283e+00  1.171338e+02
   endloop
 endfacet
 facet normal  1.000000e+00  1.207689e-16  4.978167e-17
   outer loop
     vertex  6.000000e+00 -8.367079e+00  1.146846e+02
     vertex  6.000000e+00 -2.022283e+00  1.171338e+02
     vertex  6.000000e+00 -2.045286e+00  1.171896e+02
   endloop
 endfacet
 facet normal  1.000000e+00 -4.728611e-17 -1.217677e-16
   outer loop
     vertex  6.000000e+00  3.142548e+00  1.264335e+02
     vertex  6.000000e+00  7.681785e-01  1.200615e+02
     vertex  6.000000e+00  8.244454e-01  1.200397e+02
   endloop
 endfacet
 facet normal  1.000000e+00 -4.392773e-17 -1.230191e-16
   outer loop
     vertex  6.000000e+00  3.142548e+00  1.264335e+02
     vertex  6.000000e+00  7.113333e-01  1.200818e+02
     vertex  6.000000e+00  7.681785e-01  1.200615e+02
   endloop
 endfacet
 facet normal  1.000000e+00 -4.728611e-17 -1.217677e-16
   outer loop
     vertex  6.000000e+00  3.142548e+00  1.264335e+02
     vertex  6.000000e+00  8.244454e-01  1.200397e+02
     vertex  6.000000e+00  3.372731e+00  1.263441e+02
   endloop
 endfacet
 facet normal  1.000000e+00  1.220892e-16  4.644975e-17
   outer loop
     vertex  6.000000e+00 -8.454885e+00  1.149154e+02
     vertex  6.000000e+00 -2.045286e+00  1.171896e+02
     vertex  6.000000e+00 -2.066750e+00  1.172460e+02
   endloop
 endfacet
 facet normal  1.000000e+00  1.220892e-16  4.644975e-17
   outer loop
     vertex  6.000000e+00 -8.454885e+00  1.149154e+02
     vertex  6.000000e+00 -8.367079e+00  1.146846e+02
     vertex  6.000000e+00 -2.045286e+00  1.171896e+02
   endloop
 endfacet
 facet normal  1.000000e+00 -4.392773e-17 -1.230191e-16
   outer loop
     vertex  6.000000e+00  2.910000e+00  1.265166e+02
     vertex  6.000000e+00  7.113333e-01  1.200818e+02
     vertex  6.000000e+00  3.142548e+00  1.264335e+02
   endloop
 endfacet
 facet normal  1.000000e+00  1.233175e-16  4.308287e-17
   outer loop
     vertex  6.000000e+00 -8.536327e+00  1.151485e+02
     vertex  6.000000e+00 -8.454885e+00  1.149154e+02
     vertex  6.000000e+00 -2.066750e+00  1.172460e+02
   endloop
 endfacet
 facet normal  1.000000e+00  1.244531e-16  3.968356e-17
   outer loop
     vertex  6.000000e+00 -8.536327e+00  1.151485e+02
     vertex  6.000000e+00 -2.086658e+00  1.173030e+02
     vertex  6.000000e+00 -2.104995e+00  1.173605e+02
   endloop
 endfacet
 facet normal  1.000000e+00  1.233175e-16  4.308287e-17
   outer loop
     vertex  6.000000e+00 -8.536327e+00  1.151485e+02
     vertex  6.000000e+00 -2.066750e+00  1.172460e+02
     vertex  6.000000e+00 -2.086658e+00  1.173030e+02
   endloop
 endfacet
 facet normal  1.000000e+00 -4.053629e-17 -1.241779e-16
   outer loop
     vertex  6.000000e+00  2.675261e+00  1.265932e+02
     vertex  6.000000e+00  6.539526e-01  1.201006e+02
     vertex  6.000000e+00  7.113333e-01  1.200818e+02
   endloop
 endfacet
 facet normal  1.000000e+00 -4.053629e-17 -1.241779e-16
   outer loop
     vertex  6.000000e+00  2.675261e+00  1.265932e+02
     vertex  6.000000e+00  7.113333e-01  1.200818e+02
     vertex  6.000000e+00  2.910000e+00  1.265166e+02
   endloop
 endfacet
 facet normal  1.000000e+00  1.244531e-16  3.968356e-17
   outer loop
     vertex  6.000000e+00 -8.611342e+00  1.153837e+02
     vertex  6.000000e+00 -8.536327e+00  1.151485e+02
     vertex  6.000000e+00 -2.104995e+00  1.173605e+02
   endloop
 endfacet
 facet normal  1.000000e+00  1.254949e-16  3.625437e-17
   outer loop
     vertex  6.000000e+00 -8.611342e+00  1.153837e+02
     vertex  6.000000e+00 -2.104995e+00  1.173605e+02
     vertex  6.000000e+00 -2.121747e+00  1.174185e+02
   endloop
 endfacet
 facet normal  1.000000e+00 -3.711432e-17 -1.252433e-16
   outer loop
     vertex  6.000000e+00  2.438507e+00  1.266634e+02
     vertex  6.000000e+00  5.960796e-01  1.201177e+02
     vertex  6.000000e+00  6.539526e-01  1.201006e+02
   endloop
 endfacet
 facet normal  1.000000e+00 -3.711432e-17 -1.252433e-16
   outer loop
     vertex  6.000000e+00  2.438507e+00  1.266634e+02
     vertex  6.000000e+00  6.539526e-01  1.201006e+02
     vertex  6.000000e+00  2.675261e+00  1.265932e+02
   endloop
 endfacet
 facet normal  1.000000e+00  1.254949e-16  3.625437e-17
   outer loop
     vertex  6.000000e+00 -8.679875e+00  1.156210e+02
     vertex  6.000000e+00 -8.611342e+00  1.153837e+02
     vertex  6.000000e+00 -2.121747e+00  1.174185e+02
   endloop
 endfacet
 facet normal  1.000000e+00 -3.366442e-17 -1.262143e-16
   outer loop
     vertex  6.000000e+00  2.199919e+00  1.267270e+02
     vertex  6.000000e+00  5.377579e-01  1.201333e+02
     vertex  6.000000e+00  5.960796e-01  1.201177e+02
   endloop
 endfacet
 facet normal  1.000000e+00 -3.366442e-17 -1.262143e-16
   outer loop
     vertex  6.000000e+00  2.199919e+00  1.267270e+02
     vertex  6.000000e+00  5.960796e-01  1.201177e+02
     vertex  6.000000e+00  2.438507e+00  1.266634e+02
   endloop
 endfacet
 facet normal  1.000000e+00  1.264423e-16  3.279789e-17
   outer loop
     vertex  6.000000e+00 -8.741875e+00  1.158600e+02
     vertex  6.000000e+00 -8.679875e+00  1.156210e+02
     vertex  6.000000e+00 -2.121747e+00  1.174185e+02
   endloop
 endfacet
 facet normal  1.000000e+00  1.264423e-16  3.279789e-17
   outer loop
     vertex  6.000000e+00 -8.741875e+00  1.158600e+02
     vertex  6.000000e+00 -2.121747e+00  1.174185e+02
     vertex  6.000000e+00 -2.136903e+00  1.174769e+02
   endloop
 endfacet
 facet normal  1.000000e+00 -3.018918e-17 -1.270904e-16
   outer loop
     vertex  6.000000e+00  1.959674e+00  1.267841e+02
     vertex  6.000000e+00  5.377579e-01  1.201333e+02
     vertex  6.000000e+00  2.199919e+00  1.267270e+02
   endloop
 endfacet
 facet normal  1.000000e+00 -3.018918e-17 -1.270904e-16
   outer loop
     vertex  6.000000e+00  1.959674e+00  1.267841e+02
     vertex  6.000000e+00  4.790315e-01  1.201472e+02
     vertex  6.000000e+00  5.377579e-01  1.201333e+02
   endloop
 endfacet
 facet normal  1.000000e+00  1.272945e-16  2.931672e-17
   outer loop
     vertex  6.000000e+00 -8.797294e+00  1.161006e+02
     vertex  6.000000e+00 -8.741875e+00  1.158600e+02
     vertex  6.000000e+00 -2.136903e+00  1.174769e+02
   endloop
 endfacet
 facet normal  1.000000e+00  1.272945e-16  2.931672e-17
   outer loop
     vertex  6.000000e+00 -8.797294e+00  1.161006e+02
     vertex  6.000000e+00 -2.136903e+00  1.174769e+02
     vertex  6.000000e+00 -2.150450e+00  1.175357e+02
   endloop
 endfacet
 facet normal  1.000000e+00 -2.669122e-17 -1.278708e-16
   outer loop
     vertex  6.000000e+00  1.717954e+00  1.268345e+02
     vertex  6.000000e+00  4.199444e-01  1.201595e+02
     vertex  6.000000e+00  4.790315e-01  1.201472e+02
   endloop
 endfacet
 facet normal  1.000000e+00 -2.669122e-17 -1.278708e-16
   outer loop
     vertex  6.000000e+00  1.717954e+00  1.268345e+02
     vertex  6.000000e+00  4.790315e-01  1.201472e+02
     vertex  6.000000e+00  1.959674e+00  1.267841e+02
   endloop
 endfacet
 facet normal  1.000000e+00  1.280508e-16  2.581348e-17
   outer loop
     vertex  6.000000e+00 -8.846090e+00  1.163427e+02
     vertex  6.000000e+00 -8.797294e+00  1.161006e+02
     vertex  6.000000e+00 -2.150450e+00  1.175357e+02
   endloop
 endfacet
 facet normal  1.000000e+00  1.280508e-16  2.581348e-17
   outer loop
     vertex  6.000000e+00 -8.846090e+00  1.163427e+02
     vertex  6.000000e+00 -2.150450e+00  1.175357e+02
     vertex  6.000000e+00 -2.162378e+00  1.175949e+02
   endloop
 endfacet
 facet normal  1.000000e+00 -2.317316e-17 -1.285549e-16
   outer loop
     vertex  6.000000e+00  1.474941e+00  1.268783e+02
     vertex  6.000000e+00  3.605412e-01  1.201703e+02
     vertex  6.000000e+00  4.199444e-01  1.201595e+02
   endloop
 endfacet
 facet normal  1.000000e+00 -2.317316e-17 -1.285549e-16
   outer loop
     vertex  6.000000e+00  1.474941e+00  1.268783e+02
     vertex  6.000000e+00  4.199444e-01  1.201595e+02
     vertex  6.000000e+00  1.717954e+00  1.268345e+02
   endloop
 endfacet
 facet normal  1.000000e+00  1.287108e-16  2.229081e-17
   outer loop
     vertex  6.000000e+00 -8.888227e+00  1.165860e+02
     vertex  6.000000e+00 -8.846090e+00  1.163427e+02
     vertex  6.000000e+00 -2.162378e+00  1.175949e+02
   endloop
 endfacet
 facet normal  1.000000e+00  1.287108e-16  2.229081e-17
   outer loop
     vertex  6.000000e+00 -8.888227e+00  1.165860e+02
     vertex  6.000000e+00 -2.162378e+00  1.175949e+02
     vertex  6.000000e+00 -2.172678e+00  1.176544e+02
   endloop
 endfacet
 facet normal  1.000000e+00 -1.963766e-17 -1.291422e-16
   outer loop
     vertex  6.000000e+00  1.230818e+00  1.269154e+02
     vertex  6.000000e+00  3.605412e-01  1.201703e+02
     vertex  6.000000e+00  1.474941e+00  1.268783e+02
   endloop
 endfacet
 facet normal  1.000000e+00 -1.963766e-17 -1.291422e-16
   outer loop
     vertex  6.000000e+00  1.230818e+00  1.269154e+02
     vertex  6.000000e+00  3.008666e-01  1.201793e+02
     vertex  6.000000e+00  3.605412e-01  1.201703e+02
   endloop
 endfacet
 facet normal  1.000000e+00 -1.608737e-17 -1.296324e-16
   outer loop
     vertex  6.000000e+00  1.230818e+00  1.269154e+02
     vertex  6.000000e+00  2.409655e-01  1.201868e+02
     vertex  6.000000e+00  3.008666e-01  1.201793e+02
   endloop
 endfacet
 facet normal  1.000000e+00  1.292739e-16  1.875137e-17
   outer loop
     vertex  6.000000e+00 -8.923674e+00  1.168304e+02
     vertex  6.000000e+00 -8.888227e+00  1.165860e+02
     vertex  6.000000e+00 -2.172678e+00  1.176544e+02
   endloop
 endfacet
 facet normal  1.000000e+00  1.297397e-16  1.519780e-17
   outer loop
     vertex  6.000000e+00 -8.923674e+00  1.168304e+02
     vertex  6.000000e+00 -2.181342e+00  1.177141e+02
     vertex  6.000000e+00 -2.188365e+00  1.177740e+02
   endloop
 endfacet
 facet normal  1.000000e+00  1.292739e-16  1.875137e-17
   outer loop
     vertex  6.000000e+00 -8.923674e+00  1.168304e+02
     vertex  6.000000e+00 -2.172678e+00  1.176544e+02
     vertex  6.000000e+00 -2.181342e+00  1.177141e+02
   endloop
 endfacet
 facet normal  1.000000e+00 -1.608737e-17 -1.296324e-16
   outer loop
     vertex  6.000000e+00  9.857679e-01  1.269459e+02
     vertex  6.000000e+00  2.409655e-01  1.201868e+02
     vertex  6.000000e+00  1.230818e+00  1.269154e+02
   endloop
 endfacet
 facet normal  1.000000e+00  1.297397e-16  1.519780e-17
   outer loop
     vertex  6.000000e+00 -8.952403e+00  1.170756e+02
     vertex  6.000000e+00 -8.923674e+00  1.168304e+02
     vertex  6.000000e+00 -2.188365e+00  1.177740e+02
   endloop
 endfacet
 facet normal  1.000000e+00  1.301078e-16  1.163280e-17
   outer loop
     vertex  6.000000e+00 -8.952403e+00  1.170756e+02
     vertex  6.000000e+00 -2.188365e+00  1.177740e+02
     vertex  6.000000e+00 -2.193740e+00  1.178342e+02
   endloop
 endfacet
 facet normal  1.000000e+00 -1.252498e-17 -1.300249e-16
   outer loop
     vertex  6.000000e+00  7.399760e-01  1.269695e+02
     vertex  6.000000e+00  2.409655e-01  1.201868e+02
     vertex  6.000000e+00  9.857679e-01  1.269459e+02
   endloop
 endfacet
 facet normal  1.000000e+00 -1.252498e-17 -1.300249e-16
   outer loop
     vertex  6.000000e+00  7.399760e-01  1.269695e+02
     vertex  6.000000e+00  1.808830e-01  1.201926e+02
     vertex  6.000000e+00  2.409655e-01  1.201868e+02
   endloop
 endfacet
 facet normal  1.000000e+00  1.301078e-16  1.163280e-17
   outer loop
     vertex  6.000000e+00 -8.974393e+00  1.173216e+02
     vertex  6.000000e+00 -8.952403e+00  1.170756e+02
     vertex  6.000000e+00 -2.193740e+00  1.178342e+02
   endloop
 endfacet
 facet normal  1.000000e+00  1.303779e-16  8.059038e-18
   outer loop
     vertex  6.000000e+00 -8.974393e+00  1.173216e+02
     vertex  6.000000e+00 -2.193740e+00  1.178342e+02
     vertex  6.000000e+00 -2.197464e+00  1.178944e+02
   endloop
 endfacet
 facet normal  1.000000e+00 -8.953152e-18 -1.303196e-16
   outer loop
     vertex  6.000000e+00  4.936270e-01  1.269865e+02
     vertex  6.000000e+00  1.808830e-01  1.201926e+02
     vertex  6.000000e+00  7.399760e-01  1.269695e+02
   endloop
 endfacet
 facet normal  1.000000e+00 -8.953152e-18 -1.303196e-16
   outer loop
     vertex  6.000000e+00  4.936270e-01  1.269865e+02
     vertex  6.000000e+00  1.206644e-01  1.201967e+02
     vertex  6.000000e+00  1.808830e-01  1.201926e+02
   endloop
 endfacet
 facet normal  1.000000e+00  1.303779e-16  8.059038e-18
   outer loop
     vertex  6.000000e+00 -8.989627e+00  1.175680e+02
     vertex  6.000000e+00 -8.974393e+00  1.173216e+02
     vertex  6.000000e+00 -2.197464e+00  1.178944e+02
   endloop
 endfacet
 facet normal  1.000000e+00 -5.374588e-18 -1.305162e-16
   outer loop
     vertex  6.000000e+00  2.469064e-01  1.269966e+02
     vertex  6.000000e+00  1.206644e-01  1.201967e+02
     vertex  6.000000e+00  4.936270e-01  1.269865e+02
   endloop
 endfacet
 facet normal  1.000000e+00 -5.374588e-18 -1.305162e-16
   outer loop
     vertex  6.000000e+00  2.469064e-01  1.269966e+02
     vertex  6.000000e+00  6.035491e-02  1.201992e+02
     vertex  6.000000e+00  1.206644e-01  1.201967e+02
   endloop
 endfacet
 facet normal  1.000000e+00  1.305499e-16  4.479210e-18
   outer loop
     vertex  6.000000e+00 -8.998095e+00  1.178148e+02
     vertex  6.000000e+00 -8.989627e+00  1.175680e+02
     vertex  6.000000e+00 -2.197464e+00  1.178944e+02
   endloop
 endfacet
 facet normal  1.000000e+00  1.305499e-16  4.479210e-18
   outer loop
     vertex  6.000000e+00 -8.998095e+00  1.178148e+02
     vertex  6.000000e+00 -2.197464e+00  1.178944e+02
     vertex  6.000000e+00 -2.199534e+00  1.179547e+02
   endloop
 endfacet
 facet normal  1.000000e+00 -1.791979e-18 -1.306145e-16
   outer loop
     vertex  6.000000e+00  2.204364e-15  1.270000e+02
     vertex  6.000000e+00  5.388446e-16  1.202000e+02
     vertex  6.000000e+00  6.035491e-02  1.201992e+02
   endloop
 endfacet
 facet normal  1.000000e+00 -1.791979e-18 -1.306145e-16
   outer loop
     vertex  6.000000e+00  2.204364e-15  1.270000e+02
     vertex  6.000000e+00  6.035491e-02  1.201992e+02
     vertex  6.000000e+00  2.469064e-01  1.269966e+02
   endloop
 endfacet
 facet normal  1.000000e+00  1.306237e-16  8.960106e-19
   outer loop
     vertex  6.000000e+00 -8.999788e+00  1.180617e+02
     vertex  6.000000e+00 -8.998095e+00  1.178148e+02
     vertex  6.000000e+00 -2.199534e+00  1.179547e+02
   endloop
 endfacet
 facet normal  1.000000e+00  1.306237e-16  8.960106e-19
   outer loop
     vertex  6.000000e+00 -8.999788e+00  1.180617e+02
     vertex  6.000000e+00 -2.199534e+00  1.179547e+02
     vertex  6.000000e+00 -2.199948e+00  1.180151e+02
   endloop
 endfacet
 facet normal  1.000000e+00  1.791979e-18 -1.306145e-16
   outer loop
     vertex  6.000000e+00 -2.469064e-01  1.269966e+02
     vertex  6.000000e+00 -6.035491e-02  1.201992e+02
     vertex  6.000000e+00  5.388446e-16  1.202000e+02
   endloop
 endfacet
 facet normal  1.000000e+00  1.791979e-18 -1.306145e-16
   outer loop
     vertex  6.000000e+00 -2.469064e-01  1.269966e+02
     vertex  6.000000e+00  5.388446e-16  1.202000e+02
     vertex  6.000000e+00  2.204364e-15  1.270000e+02
   endloop
 endfacet
 facet normal  1.000000e+00  1.305991e-16 -2.687863e-18
   outer loop
     vertex  6.000000e+00 -8.994707e+00  1.183086e+02
     vertex  6.000000e+00 -8.999788e+00  1.180617e+02
     vertex  6.000000e+00 -2.199948e+00  1.180151e+02
   endloop
 endfacet
 facet normal  1.000000e+00  1.305991e-16 -2.687863e-18
   outer loop
     vertex  6.000000e+00 -8.994707e+00  1.183086e+02
     vertex  6.000000e+00 -2.199948e+00  1.180151e+02
     vertex  6.000000e+00 -2.198706e+00  1.180754e+02
   endloop
 endfacet
 facet normal  1.000000e+00  5.374588e-18 -1.305162e-16
   outer loop
     vertex  6.000000e+00 -4.936270e-01  1.269865e+02
     vertex  6.000000e+00 -6.035491e-02  1.201992e+02
     vertex  6.000000e+00 -2.469064e-01  1.269966e+02
   endloop
 endfacet
 facet normal  1.000000e+00  5.374588e-18 -1.305162e-16
   outer loop
     vertex  6.000000e+00 -4.936270e-01  1.269865e+02
     vertex  6.000000e+00 -1.206644e-01  1.201967e+02
     vertex  6.000000e+00 -6.035491e-02  1.201992e+02
   endloop
 endfacet
 facet normal  1.000000e+00  1.304762e-16 -6.269714e-18
   outer loop
     vertex  6.000000e+00 -8.982855e+00  1.185553e+02
     vertex  6.000000e+00 -8.994707e+00  1.183086e+02
     vertex  6.000000e+00 -2.198706e+00  1.180754e+02
   endloop
 endfacet
 facet normal  1.000000e+00  1.304762e-16 -6.269714e-18
   outer loop
     vertex  6.000000e+00 -8.982855e+00  1.185553e+02
     vertex  6.000000e+00 -2.198706e+00  1.180754e+02
     vertex  6.000000e+00 -2.195809e+00  1.181357e+02
   endloop
 endfacet
 facet normal  1.000000e+00  8.953152e-18 -1.303196e-16
   outer loop
     vertex  6.000000e+00 -7.399760e-01  1.269695e+02
     vertex  6.000000e+00 -1.808830e-01  1.201926e+02
     vertex  6.000000e+00 -1.206644e-01  1.201967e+02
   endloop
 endfacet
 facet normal  1.000000e+00  8.953152e-18 -1.303196e-16
   outer loop
     vertex  6.000000e+00 -7.399760e-01  1.269695e+02
     vertex  6.000000e+00 -1.206644e-01  1.201967e+02
     vertex  6.000000e+00 -4.936270e-01  1.269865e+02
   endloop
 endfacet
 facet normal  1.000000e+00  1.302551e-16 -9.846845e-18
   outer loop
     vertex  6.000000e+00 -8.964241e+00  1.188015e+02
     vertex  6.000000e+00 -8.982855e+00  1.185553e+02
     vertex  6.000000e+00 -2.195809e+00  1.181357e+02
   endloop
 endfacet
 facet normal  1.000000e+00  1.302551e-16 -9.846845e-18
   outer loop
     vertex  6.000000e+00 -8.964241e+00  1.188015e+02
     vertex  6.000000e+00 -2.195809e+00  1.181357e+02
     vertex  6.000000e+00 -2.191259e+00  1.181959e+02
   endloop
 endfacet
 facet normal  1.000000e+00  1.252498e-17 -1.300249e-16
   outer loop
     vertex  6.000000e+00 -9.857679e-01  1.269459e+02
     vertex  6.000000e+00 -2.409655e-01  1.201868e+02
     vertex  6.000000e+00 -1.808830e-01  1.201926e+02
   endloop
 endfacet
 facet normal  1.000000e+00  1.252498e-17 -1.300249e-16
   outer loop
     vertex  6.000000e+00 -9.857679e-01  1.269459e+02
     vertex  6.000000e+00 -1.808830e-01  1.201926e+02
     vertex  6.000000e+00 -7.399760e-01  1.269695e+02
   endloop
 endfacet
 facet normal  1.000000e+00  1.299359e-16 -1.341656e-17
   outer loop
     vertex  6.000000e+00 -8.938879e+00  1.190471e+02
     vertex  6.000000e+00 -8.964241e+00  1.188015e+02
     vertex  6.000000e+00 -2.191259e+00  1.181959e+02
   endloop
 endfacet
 facet normal  1.000000e+00  1.299359e-16 -1.341656e-17
   outer loop
     vertex  6.000000e+00 -8.938879e+00  1.190471e+02
     vertex  6.000000e+00 -2.191259e+00  1.181959e+02
     vertex  6.000000e+00 -2.185059e+00  1.182560e+02
   endloop
 endfacet
 facet normal  1.000000e+00  1.608737e-17 -1.296324e-16
   outer loop
     vertex  6.000000e+00 -1.230818e+00  1.269154e+02
     vertex  6.000000e+00 -2.409655e-01  1.201868e+02
     vertex  6.000000e+00 -9.857679e-01  1.269459e+02
   endloop
 endfacet
 facet normal  1.000000e+00  1.608737e-17 -1.296324e-16
   outer loop
     vertex  6.000000e+00 -1.230818e+00  1.269154e+02
     vertex  6.000000e+00 -3.008666e-01  1.201793e+02
     vertex  6.000000e+00 -2.409655e-01  1.201868e+02
   endloop
 endfacet
 facet normal  1.000000e+00  1.295190e-16 -1.697618e-17
   outer loop
     vertex  6.000000e+00 -8.906789e+00  1.192919e+02
     vertex  6.000000e+00 -8.938879e+00  1.190471e+02
     vertex  6.000000e+00 -2.185059e+00  1.182560e+02
   endloop
 endfacet
 facet normal  1.000000e+00  1.290045e-16 -2.052302e-17
   outer loop
     vertex  6.000000e+00 -8.906789e+00  1.192919e+02
     vertex  6.000000e+00 -2.177215e+00  1.183158e+02
     vertex  6.000000e+00 -2.167732e+00  1.183754e+02
   endloop
 endfacet
 facet normal  1.000000e+00  1.295190e-16 -1.697618e-17
   outer loop
     vertex  6.000000e+00 -8.906789e+00  1.192919e+02
     vertex  6.000000e+00 -2.185059e+00  1.182560e+02
     vertex  6.000000e+00 -2.177215e+00  1.183158e+02
   endloop
 endfacet
 facet normal  1.000000e+00  1.963766e-17 -1.291422e-16
   outer loop
     vertex  6.000000e+00 -1.474941e+00  1.268783e+02
     vertex  6.000000e+00 -3.008666e-01  1.201793e+02
     vertex  6.000000e+00 -1.230818e+00  1.269154e+02
   endloop
 endfacet
 facet normal  1.000000e+00  1.963766e-17 -1.291422e-16
   outer loop
     vertex  6.000000e+00 -1.474941e+00  1.268783e+02
     vertex  6.000000e+00 -3.605412e-01  1.201703e+02
     vertex  6.000000e+00 -3.008666e-01  1.201793e+02
   endloop
 endfacet
 facet normal  1.000000e+00  1.290045e-16 -2.052302e-17
   outer loop
     vertex  6.000000e+00 -8.867993e+00  1.195358e+02
     vertex  6.000000e+00 -8.906789e+00  1.192919e+02
     vertex  6.000000e+00 -2.167732e+00  1.183754e+02
   endloop
 endfacet
 facet normal  1.000000e+00  2.317316e-17 -1.285549e-16
   outer loop
     vertex  6.000000e+00 -1.717954e+00  1.268345e+02
     vertex  6.000000e+00 -4.199444e-01  1.201595e+02
     vertex  6.000000e+00 -3.605412e-01  1.201703e+02
   endloop
 endfacet
 facet normal  1.000000e+00  2.669122e-17 -1.278708e-16
   outer loop
     vertex  6.000000e+00 -1.717954e+00  1.268345e+02
     vertex  6.000000e+00 -4.790315e-01  1.201472e+02
     vertex  6.000000e+00 -4.199444e-01  1.201595e+02
   endloop
 endfacet
 facet normal  1.000000e+00  2.317316e-17 -1.285549e-16
   outer loop
     vertex  6.000000e+00 -1.717954e+00  1.268345e+02
     vertex  6.000000e+00 -3.605412e-01  1.201703e+02
     vertex  6.000000e+00 -1.474941e+00  1.268783e+02
   endloop
 endfacet
 facet normal  1.000000e+00  1.283929e-16 -2.405441e-17
   outer loop
     vertex  6.000000e+00 -8.822522e+00  1.197785e+02
     vertex  6.000000e+00 -8.867993e+00  1.195358e+02
     vertex  6.000000e+00 -2.167732e+00  1.183754e+02
   endloop
 endfacet
 facet normal  1.000000e+00  1.283929e-16 -2.405441e-17
   outer loop
     vertex  6.000000e+00 -8.822522e+00  1.197785e+02
     vertex  6.000000e+00 -2.167732e+00  1.183754e+02
     vertex  6.000000e+00 -2.156616e+00  1.184347e+02
   endloop
 endfacet
 facet normal  1.000000e+00  2.669122e-17 -1.278708e-16
   outer loop
     vertex  6.000000e+00 -1.959674e+00  1.267841e+02
     vertex  6.000000e+00 -4.790315e-01  1.201472e+02
     vertex  6.000000e+00 -1.717954e+00  1.268345e+02
   endloop
 endfacet
 facet normal  1.000000e+00  1.276847e-16 -2.756770e-17
   outer loop
     vertex  6.000000e+00 -8.770409e+00  1.200199e+02
     vertex  6.000000e+00 -2.156616e+00  1.184347e+02
     vertex  6.000000e+00 -2.143878e+00  1.184937e+02
   endloop
 endfacet
 facet normal  1.000000e+00  1.276847e-16 -2.756770e-17
   outer loop
     vertex  6.000000e+00 -8.770409e+00  1.200199e+02
     vertex  6.000000e+00 -8.822522e+00  1.197785e+02
     vertex  6.000000e+00 -2.156616e+00  1.184347e+02
   endloop
 endfacet
 facet normal  1.000000e+00  3.018918e-17 -1.270904e-16
   outer loop
     vertex  6.000000e+00 -2.199919e+00  1.267270e+02
     vertex  6.000000e+00 -5.377579e-01  1.201333e+02
     vertex  6.000000e+00 -4.790315e-01  1.201472e+02
   endloop
 endfacet
 facet normal  1.000000e+00  3.366442e-17 -1.262143e-16
   outer loop
     vertex  6.000000e+00 -2.199919e+00  1.267270e+02
     vertex  6.000000e+00 -5.960796e-01  1.201177e+02
     vertex  6.000000e+00 -5.377579e-01  1.201333e+02
   endloop
 endfacet
 facet normal  1.000000e+00  3.018918e-17 -1.270904e-16
   outer loop
     vertex  6.000000e+00 -2.199919e+00  1.267270e+02
     vertex  6.000000e+00 -4.790315e-01  1.201472e+02
     vertex  6.000000e+00 -1.959674e+00  1.267841e+02
   endloop
 endfacet
 facet normal  1.000000e+00  1.259805e-16 -3.452938e-17
   outer loop
     vertex  6.000000e+00 -8.711695e+00  1.202597e+02
     vertex  6.000000e+00 -2.129525e+00  1.185524e+02
     vertex  6.000000e+00 -2.113570e+00  1.186106e+02
   endloop
 endfacet
 facet normal  1.000000e+00  1.268803e-16 -3.106023e-17
   outer loop
     vertex  6.000000e+00 -8.711695e+00  1.202597e+02
     vertex  6.000000e+00 -2.143878e+00  1.184937e+02
     vertex  6.000000e+00 -2.129525e+00  1.185524e+02
   endloop
 endfacet
 facet normal  1.000000e+00  1.268803e-16 -3.106023e-17
   outer loop
     vertex  6.000000e+00 -8.711695e+00  1.202597e+02
     vertex  6.000000e+00 -8.770409e+00  1.200199e+02
     vertex  6.000000e+00 -2.143878e+00  1.184937e+02
   endloop
 endfacet
 facet normal  1.000000e+00  3.366442e-17 -1.262143e-16
   outer loop
     vertex  6.000000e+00 -2.438507e+00  1.266634e+02
     vertex  6.000000e+00 -5.960796e-01  1.201177e+02
     vertex  6.000000e+00 -2.199919e+00  1.267270e+02
   endloop
 endfacet
 facet normal  1.000000e+00  1.259805e-16 -3.452938e-17
   outer loop
     vertex  6.000000e+00 -8.646422e+00  1.204979e+02
     vertex  6.000000e+00 -8.711695e+00  1.202597e+02
     vertex  6.000000e+00 -2.113570e+00  1.186106e+02
   endloop
 endfacet
 facet normal  1.000000e+00  3.711432e-17 -1.252433e-16
   outer loop
     vertex  6.000000e+00 -2.675261e+00  1.265932e+02
     vertex  6.000000e+00 -6.539526e-01  1.201006e+02
     vertex  6.000000e+00 -5.960796e-01  1.201177e+02
   endloop
 endfacet
 facet normal  1.000000e+00  3.711432e-17 -1.252433e-16
   outer loop
     vertex  6.000000e+00 -2.675261e+00  1.265932e+02
     vertex  6.000000e+00 -5.960796e-01  1.201177e+02
     vertex  6.000000e+00 -2.438507e+00  1.266634e+02
   endloop
 endfacet
 facet normal  1.000000e+00  1.249858e-16 -3.797253e-17
   outer loop
     vertex  6.000000e+00 -8.574641e+00  1.207341e+02
     vertex  6.000000e+00 -8.646422e+00  1.204979e+02
     vertex  6.000000e+00 -2.113570e+00  1.186106e+02
   endloop
 endfacet
 facet normal  1.000000e+00  1.249858e-16 -3.797253e-17
   outer loop
     vertex  6.000000e+00 -8.574641e+00  1.207341e+02
     vertex  6.000000e+00 -2.113570e+00  1.186106e+02
     vertex  6.000000e+00 -2.096023e+00  1.186683e+02
   endloop
 endfacet
 facet normal  1.000000e+00  4.053629e-17 -1.241779e-16
   outer loop
     vertex  6.000000e+00 -2.910000e+00  1.265166e+02
     vertex  6.000000e+00 -6.539526e-01  1.201006e+02
     vertex  6.000000e+00 -2.675261e+00  1.265932e+02
   endloop
 endfacet
 facet normal  1.000000e+00  4.053629e-17 -1.241779e-16
   outer loop
     vertex  6.000000e+00 -2.910000e+00  1.265166e+02
     vertex  6.000000e+00 -7.113333e-01  1.200818e+02
     vertex  6.000000e+00 -6.539526e-01  1.201006e+02
   endloop
 endfacet
 facet normal  1.000000e+00  1.238970e-16 -4.138711e-17
   outer loop
     vertex  6.000000e+00 -8.496405e+00  1.209683e+02
     vertex  6.000000e+00 -2.096023e+00  1.186683e+02
     vertex  6.000000e+00 -2.076899e+00  1.187256e+02
   endloop
 endfacet
 facet normal  1.000000e+00  1.238970e-16 -4.138711e-17
   outer loop
     vertex  6.000000e+00 -8.496405e+00  1.209683e+02
     vertex  6.000000e+00 -8.574641e+00  1.207341e+02
     vertex  6.000000e+00 -2.096023e+00  1.186683e+02
   endloop
 endfacet
 facet normal  1.000000e+00  4.392773e-17 -1.230191e-16
   outer loop
     vertex  6.000000e+00 -3.142548e+00  1.264335e+02
     vertex  6.000000e+00 -7.681785e-01  1.200615e+02
     vertex  6.000000e+00 -7.113333e-01  1.200818e+02
   endloop
 endfacet
 facet normal  1.000000e+00  4.392773e-17 -1.230191e-16
   outer loop
     vertex  6.000000e+00 -3.142548e+00  1.264335e+02
     vertex  6.000000e+00 -7.113333e-01  1.200818e+02
     vertex  6.000000e+00 -2.910000e+00  1.265166e+02
   endloop
 endfacet
 facet normal  1.000000e+00  1.227149e-16 -4.477053e-17
   outer loop
     vertex  6.000000e+00 -8.411774e+00  1.212003e+02
     vertex  6.000000e+00 -8.496405e+00  1.209683e+02
     vertex  6.000000e+00 -2.076899e+00  1.187256e+02
   endloop
 endfacet
 facet normal  1.000000e+00  1.227149e-16 -4.477053e-17
   outer loop
     vertex  6.000000e+00 -8.411774e+00  1.212003e+02
     vertex  6.000000e+00 -2.076899e+00  1.187256e+02
     vertex  6.000000e+00 -2.056211e+00  1.187823e+02
   endloop
 endfacet
 facet normal  1.000000e+00  4.728611e-17 -1.217677e-16
   outer loop
     vertex  6.000000e+00 -3.372731e+00  1.263441e+02
     vertex  6.000000e+00 -8.244454e-01  1.200397e+02
     vertex  6.000000e+00 -7.681785e-01  1.200615e+02
   endloop
 endfacet
 facet normal  1.000000e+00  4.728611e-17 -1.217677e-16
   outer loop
     vertex  6.000000e+00 -3.372731e+00  1.263441e+02
     vertex  6.000000e+00 -7.681785e-01  1.200615e+02
     vertex  6.000000e+00 -3.142548e+00  1.264335e+02
   endloop
 endfacet
 facet normal  1.000000e+00  1.214405e-16 -4.812024e-17
   outer loop
     vertex  6.000000e+00 -8.320810e+00  1.214299e+02
     vertex  6.000000e+00 -8.411774e+00  1.212003e+02
     vertex  6.000000e+00 -2.056211e+00  1.187823e+02
   endloop
 endfacet
 facet normal  1.000000e+00  1.214405e-16 -4.812024e-17
   outer loop
     vertex  6.000000e+00 -8.320810e+00  1.214299e+02
     vertex  6.000000e+00 -2.056211e+00  1.187823e+02
     vertex  6.000000e+00 -2.033976e+00  1.188384e+02
   endloop
 endfacet
 facet normal  1.000000e+00  5.060889e-17 -1.204246e-16
   outer loop
     vertex  6.000000e+00 -3.600375e+00  1.262485e+02
     vertex  6.000000e+00 -8.244454e-01  1.200397e+02
     vertex  6.000000e+00 -3.372731e+00  1.263441e+02
   endloop
 endfacet
 facet normal  1.000000e+00  5.060889e-17 -1.204246e-16
   outer loop
     vertex  6.000000e+00 -3.600375e+00  1.262485e+02
     vertex  6.000000e+00 -8.800918e-01  1.200163e+02
     vertex  6.000000e+00 -8.244454e-01  1.200397e+02
   endloop
 endfacet
 facet normal  1.000000e+00  5.389358e-17 -1.189909e-16
   outer loop
     vertex  6.000000e+00 -3.600375e+00  1.262485e+02
     vertex  6.000000e+00 -9.350756e-01  1.199914e+02
     vertex  6.000000e+00 -8.800918e-01  1.200163e+02
   endloop
 endfacet
 facet normal  1.000000e+00  1.200747e-16 -5.143373e-17
   outer loop
     vertex  6.000000e+00 -8.223582e+00  1.216569e+02
     vertex  6.000000e+00 -8.320810e+00  1.214299e+02
     vertex  6.000000e+00 -2.033976e+00  1.188384e+02
   endloop
 endfacet
 facet normal  1.000000e+00  1.200747e-16 -5.143373e-17
   outer loop
     vertex  6.000000e+00 -8.223582e+00  1.216569e+02
     vertex  6.000000e+00 -2.033976e+00  1.188384e+02
     vertex  6.000000e+00 -2.010209e+00  1.188939e+02
   endloop
 endfacet
 facet normal  1.000000e+00  5.389358e-17 -1.189909e-16
   outer loop
     vertex  6.000000e+00 -3.825309e+00  1.261466e+02
     vertex  6.000000e+00 -9.350756e-01  1.199914e+02
     vertex  6.000000e+00 -3.600375e+00  1.262485e+02
   endloop
 endfacet
 facet normal  1.000000e+00  5.713770e-17 -1.174676e-16
   outer loop
     vertex  6.000000e+00 -3.825309e+00  1.261466e+02
     vertex  6.000000e+00 -9.893555e-01  1.199650e+02
     vertex  6.000000e+00 -9.350756e-01  1.199914e+02
   endloop
 endfacet
 facet normal  1.000000e+00  1.186184e-16 -5.470851e-17
   outer loop
     vertex  6.000000e+00 -8.120164e+00  1.218811e+02
     vertex  6.000000e+00 -8.223582e+00  1.216569e+02
     vertex  6.000000e+00 -2.010209e+00  1.188939e+02
   endloop
 endfacet
 facet normal  1.000000e+00  1.186184e-16 -5.470851e-17
   outer loop
     vertex  6.000000e+00 -8.120164e+00  1.218811e+02
     vertex  6.000000e+00 -2.010209e+00  1.188939e+02
     vertex  6.000000e+00 -1.984929e+00  1.189487e+02
   endloop
 endfacet
 facet normal  1.000000e+00  5.713770e-17 -1.174676e-16
   outer loop
     vertex  6.000000e+00 -4.047364e+00  1.260386e+02
     vertex  6.000000e+00 -9.893555e-01  1.199650e+02
     vertex  6.000000e+00 -3.825309e+00  1.261466e+02
   endloop
 endfacet
 facet normal  1.000000e+00  1.170729e-16 -5.794210e-17
   outer loop
     vertex  6.000000e+00 -8.010634e+00  1.221024e+02
     vertex  6.000000e+00 -8.120164e+00  1.218811e+02
     vertex  6.000000e+00 -1.984929e+00  1.189487e+02
   endloop
 endfacet
 facet normal  1.000000e+00  1.170729e-16 -5.794210e-17
   outer loop
     vertex  6.000000e+00 -8.010634e+00  1.221024e+02
     vertex  6.000000e+00 -1.984929e+00  1.189487e+02
     vertex  6.000000e+00 -1.958155e+00  1.190028e+02
   endloop
 endfacet
 facet normal  1.000000e+00  6.033880e-17 -1.158559e-16
   outer loop
     vertex  6.000000e+00 -4.266371e+00  1.259245e+02
     vertex  6.000000e+00 -1.042891e+00  1.199371e+02
     vertex  6.000000e+00 -9.893555e-01  1.199650e+02
   endloop
 endfacet
 facet normal  1.000000e+00  6.033880e-17 -1.158559e-16
   outer loop
     vertex  6.000000e+00 -4.266371e+00  1.259245e+02
     vertex  6.000000e+00 -9.893555e-01  1.199650e+02
     vertex  6.000000e+00 -4.047364e+00  1.260386e+02
   endloop
 endfacet
 facet normal  1.000000e+00  1.154393e-16 -6.113208e-17
   outer loop
     vertex  6.000000e+00 -7.895073e+00  1.223206e+02
     vertex  6.000000e+00 -8.010634e+00  1.221024e+02
     vertex  6.000000e+00 -1.958155e+00  1.190028e+02
   endloop
 endfacet
 facet normal  1.000000e+00  1.137187e-16 -6.427603e-17
   outer loop
     vertex  6.000000e+00 -7.895073e+00  1.223206e+02
     vertex  6.000000e+00 -1.929907e+00  1.190562e+02
     vertex  6.000000e+00 -1.900206e+00  1.191087e+02
   endloop
 endfacet
 facet normal  1.000000e+00  1.154393e-16 -6.113208e-17
   outer loop
     vertex  6.000000e+00 -7.895073e+00  1.223206e+02
     vertex  6.000000e+00 -1.958155e+00  1.190028e+02
     vertex  6.000000e+00 -1.929907e+00  1.190562e+02
   endloop
 endfacet
 facet normal  1.000000e+00  6.349449e-17 -1.141569e-16
   outer loop
     vertex  6.000000e+00 -4.482167e+00  1.258045e+02
     vertex  6.000000e+00 -1.042891e+00  1.199371e+02
     vertex  6.000000e+00 -4.266371e+00  1.259245e+02
   endloop
 endfacet
 facet normal  1.000000e+00  6.349449e-17 -1.141569e-16
   outer loop
     vertex  6.000000e+00 -4.482167e+00  1.258045e+02
     vertex  6.000000e+00 -1.095641e+00  1.199078e+02
     vertex  6.000000e+00 -1.042891e+00  1.199371e+02
   endloop
 endfacet
 facet normal  1.000000e+00  1.137187e-16 -6.427603e-17
   outer loop
     vertex  6.000000e+00 -7.773569e+00  1.225356e+02
     vertex  6.000000e+00 -7.895073e+00  1.223206e+02
     vertex  6.000000e+00 -1.900206e+00  1.191087e+02
   endloop
 endfacet
 facet normal  1.000000e+00  6.660238e-17 -1.123720e-16
   outer loop
     vertex  6.000000e+00 -4.694589e+00  1.256786e+02
     vertex  6.000000e+00 -1.147566e+00  1.198770e+02
     vertex  6.000000e+00 -1.095641e+00  1.199078e+02
   endloop
 endfacet
 facet normal  1.000000e+00  6.660238e-17 -1.123720e-16
   outer loop
     vertex  6.000000e+00 -4.694589e+00  1.256786e+02
     vertex  6.000000e+00 -1.095641e+00  1.199078e+02
     vertex  6.000000e+00 -4.482167e+00  1.258045e+02
   endloop
 endfacet
 facet normal  1.000000e+00  1.119125e-16 -6.737161e-17
   outer loop
     vertex  6.000000e+00 -7.646214e+00  1.227471e+02
     vertex  6.000000e+00 -7.773569e+00  1.225356e+02
     vertex  6.000000e+00 -1.900206e+00  1.191087e+02
   endloop
 endfacet
 facet normal  1.000000e+00  1.119125e-16 -6.737161e-17
   outer loop
     vertex  6.000000e+00 -7.646214e+00  1.227471e+02
     vertex  6.000000e+00 -1.900206e+00  1.191087e+02
     vertex  6.000000e+00 -1.869074e+00  1.191604e+02
   endloop
 endfacet
 facet normal  1.000000e+00  6.966013e-17 -1.105026e-16
   outer loop
     vertex  6.000000e+00 -4.903477e+00  1.255469e+02
     vertex  6.000000e+00 -1.147566e+00  1.198770e+02
     vertex  6.000000e+00 -4.694589e+00  1.256786e+02
   endloop
 endfacet
 facet normal  1.000000e+00  6.966013e-17 -1.105026e-16
   outer loop
     vertex  6.000000e+00 -4.903477e+00  1.255469e+02
     vertex  6.000000e+00 -1.198628e+00  1.198448e+02
     vertex  6.000000e+00 -1.147566e+00  1.198770e+02
   endloop
 endfacet
 facet normal  1.000000e+00  1.100222e-16 -7.041646e-17
   outer loop
     vertex  6.000000e+00 -7.513102e+00  1.229551e+02
     vertex  6.000000e+00 -7.646214e+00  1.227471e+02
     vertex  6.000000e+00 -1.869074e+00  1.191604e+02
   endloop
 endfacet
 facet normal  1.000000e+00  1.100222e-16 -7.041646e-17
   outer loop
     vertex  6.000000e+00 -7.513102e+00  1.229551e+02
     vertex  6.000000e+00 -1.869074e+00  1.191604e+02
     vertex  6.000000e+00 -1.836536e+00  1.192113e+02
   endloop
 endfacet
 facet normal  1.000000e+00  7.266544e-17 -1.085499e-16
   outer loop
     vertex  6.000000e+00 -5.108674e+00  1.254096e+02
     vertex  6.000000e+00 -1.198628e+00  1.198448e+02
     vertex  6.000000e+00 -4.903477e+00  1.255469e+02
   endloop
 endfacet
 facet normal  1.000000e+00  7.266544e-17 -1.085499e-16
   outer loop
     vertex  6.000000e+00 -5.108674e+00  1.254096e+02
     vertex  6.000000e+00 -1.248787e+00  1.198112e+02
     vertex  6.000000e+00 -1.198628e+00  1.198448e+02
   endloop
 endfacet
 facet normal  1.000000e+00  1.080489e-16 -7.340831e-17
   outer loop
     vertex  6.000000e+00 -7.374335e+00  1.231594e+02
     vertex  6.000000e+00 -7.513102e+00  1.229551e+02
     vertex  6.000000e+00 -1.836536e+00  1.192113e+02
   endloop
 endfacet
 facet normal  1.000000e+00  1.059944e-16 -7.634490e-17
   outer loop
     vertex  6.000000e+00 -7.374335e+00  1.231594e+02
     vertex  6.000000e+00 -1.802615e+00  1.192612e+02
     vertex  6.000000e+00 -1.767337e+00  1.193102e+02
   endloop
 endfacet
 facet normal  1.000000e+00  1.080489e-16 -7.340831e-17
   outer loop
     vertex  6.000000e+00 -7.374335e+00  1.231594e+02
     vertex  6.000000e+00 -1.836536e+00  1.192113e+02
     vertex  6.000000e+00 -1.802615e+00  1.192612e+02
   endloop
 endfacet
 facet normal  1.000000e+00  7.561606e-17 -1.065156e-16
   outer loop
     vertex  6.000000e+00 -5.310025e+00  1.252666e+02
     vertex  6.000000e+00 -1.248787e+00  1.198112e+02
     vertex  6.000000e+00 -5.108674e+00  1.254096e+02
   endloop
 endfacet
 facet normal  1.000000e+00  7.561606e-17 -1.065156e-16
   outer loop
     vertex  6.000000e+00 -5.310025e+00  1.252666e+02
     vertex  6.000000e+00 -1.298006e+00  1.197763e+02
     vertex  6.000000e+00 -1.248787e+00  1.198112e+02
   endloop
 endfacet
 facet normal  1.000000e+00  1.059944e-16 -7.634490e-17
   outer loop
     vertex  6.000000e+00 -7.230017e+00  1.233597e+02
     vertex  6.000000e+00 -7.374335e+00  1.231594e+02
     vertex  6.000000e+00 -1.767337e+00  1.193102e+02
   endloop
 endfacet
 facet normal  1.000000e+00  7.850975e-17 -1.044010e-16
   outer loop
     vertex  6.000000e+00 -5.507379e+00  1.251182e+02
     vertex  6.000000e+00 -1.298006e+00  1.197763e+02
     vertex  6.000000e+00 -5.310025e+00  1.252666e+02
   endloop
 endfacet
 facet normal  1.000000e+00  7.850975e-17 -1.044010e-16
   outer loop
     vertex  6.000000e+00 -5.507379e+00  1.251182e+02
     vertex  6.000000e+00 -1.346248e+00  1.197400e+02
     vertex  6.000000e+00 -1.298006e+00  1.197763e+02
   endloop
 endfacet
 facet normal  1.000000e+00  8.134434e-17 -1.022079e-16
   outer loop
     vertex  6.000000e+00 -5.507379e+00  1.251182e+02
     vertex  6.000000e+00 -1.393477e+00  1.197024e+02
     vertex  6.000000e+00 -1.346248e+00  1.197400e+02
   endloop
 endfacet
 facet normal  1.000000e+00  1.038600e-16 -7.922402e-17
   outer loop
     vertex  6.000000e+00 -7.080256e+00  1.235561e+02
     vertex  6.000000e+00 -7.230017e+00  1.233597e+02
     vertex  6.000000e+00 -1.767337e+00  1.193102e+02
   endloop
 endfacet
 facet normal  1.000000e+00  1.038600e-16 -7.922402e-17
   outer loop
     vertex  6.000000e+00 -7.080256e+00  1.235561e+02
     vertex  6.000000e+00 -1.767337e+00  1.193102e+02
     vertex  6.000000e+00 -1.730729e+00  1.193582e+02
   endloop
 endfacet
 facet normal  1.000000e+00  8.134434e-17 -1.022079e-16
   outer loop
     vertex  6.000000e+00 -5.700587e+00  1.249644e+02
     vertex  6.000000e+00 -1.393477e+00  1.197024e+02
     vertex  6.000000e+00 -5.507379e+00  1.251182e+02
   endloop
 endfacet
 facet normal  1.000000e+00  1.016475e-16 -8.204350e-17
   outer loop
     vertex  6.000000e+00 -6.925166e+00  1.237482e+02
     vertex  6.000000e+00 -7.080256e+00  1.235561e+02
     vertex  6.000000e+00 -1.730729e+00  1.193582e+02
   endloop
 endfacet
 facet normal  1.000000e+00  1.016475e-16 -8.204350e-17
   outer loop
     vertex  6.000000e+00 -6.925166e+00  1.237482e+02
     vertex  6.000000e+00 -1.730729e+00  1.193582e+02
     vertex  6.000000e+00 -1.692818e+00  1.194051e+02
   endloop
 endfacet
 facet normal  1.000000e+00  8.411770e-17 -9.993780e-17
   outer loop
     vertex  6.000000e+00 -5.889504e+00  1.248054e+02
     vertex  6.000000e+00 -1.393477e+00  1.197024e+02
     vertex  6.000000e+00 -5.700587e+00  1.249644e+02
   endloop
 endfacet
 facet normal  1.000000e+00  8.411770e-17 -9.993780e-17
   outer loop
     vertex  6.000000e+00 -5.889504e+00  1.248054e+02
     vertex  6.000000e+00 -1.439657e+00  1.196635e+02
     vertex  6.000000e+00 -1.393477e+00  1.197024e+02
   endloop
 endfacet
 facet normal  1.000000e+00  9.935846e-17 -8.480123e-17
   outer loop
     vertex  6.000000e+00 -6.764862e+00  1.239360e+02
     vertex  6.000000e+00 -6.925166e+00  1.237482e+02
     vertex  6.000000e+00 -1.692818e+00  1.194051e+02
   endloop
 endfacet
 facet normal  1.000000e+00  9.935846e-17 -8.480123e-17
   outer loop
     vertex  6.000000e+00 -6.764862e+00  1.239360e+02
     vertex  6.000000e+00 -1.692818e+00  1.194051e+02
     vertex  6.000000e+00 -1.653633e+00  1.194510e+02
   endloop
 endfacet
 facet normal  1.000000e+00  8.682774e-17 -9.759250e-17
   outer loop
     vertex  6.000000e+00 -6.073988e+00  1.246413e+02
     vertex  6.000000e+00 -1.439657e+00  1.196635e+02
     vertex  6.000000e+00 -5.889504e+00  1.248054e+02
   endloop
 endfacet
 facet normal  1.000000e+00  8.682774e-17 -9.759250e-17
   outer loop
     vertex  6.000000e+00 -6.073988e+00  1.246413e+02
     vertex  6.000000e+00 -1.484753e+00  1.196234e+02
     vertex  6.000000e+00 -1.439657e+00  1.196635e+02
   endloop
 endfacet
 facet normal  1.000000e+00  9.699462e-17 -8.749511e-17
   outer loop
     vertex  6.000000e+00 -6.599466e+00  1.241194e+02
     vertex  6.000000e+00 -6.764862e+00  1.239360e+02
     vertex  6.000000e+00 -1.653633e+00  1.194510e+02
   endloop
 endfacet
 facet normal  1.000000e+00  9.699462e-17 -8.749511e-17
   outer loop
     vertex  6.000000e+00 -6.599466e+00  1.241194e+02
     vertex  6.000000e+00 -1.653633e+00  1.194510e+02
     vertex  6.000000e+00 -1.613203e+00  1.194959e+02
   endloop
 endfacet
 facet normal  1.000000e+00  8.947241e-17 -9.517373e-17
   outer loop
     vertex  6.000000e+00 -6.253899e+00  1.244722e+02
     vertex  6.000000e+00 -1.528731e+00  1.195821e+02
     vertex  6.000000e+00 -1.484753e+00  1.196234e+02
   endloop
 endfacet
 facet normal  1.000000e+00  9.204974e-17 -9.268332e-17
   outer loop
     vertex  6.000000e+00 -6.253899e+00  1.244722e+02
     vertex  6.000000e+00 -1.571558e+00  1.195395e+02
     vertex  6.000000e+00 -1.528731e+00  1.195821e+02
   endloop
 endfacet
 facet normal  1.000000e+00  8.947241e-17 -9.517373e-17
   outer loop
     vertex  6.000000e+00 -6.253899e+00  1.244722e+02
     vertex  6.000000e+00 -1.484753e+00  1.196234e+02
     vertex  6.000000e+00 -6.073988e+00  1.246413e+02
   endloop
 endfacet
 facet normal  1.000000e+00  9.455777e-17 -9.012314e-17
   outer loop
     vertex  6.000000e+00 -6.429102e+00  1.242981e+02
     vertex  6.000000e+00 -1.613203e+00  1.194959e+02
     vertex  6.000000e+00 -1.571558e+00  1.195395e+02
   endloop
 endfacet
 facet normal  1.000000e+00  9.204974e-17 -9.268332e-17
   outer loop
     vertex  6.000000e+00 -6.429102e+00  1.242981e+02
     vertex  6.000000e+00 -1.571558e+00  1.195395e+02
     vertex  6.000000e+00 -6.253899e+00  1.244722e+02
   endloop
 endfacet
 facet normal  1.000000e+00  9.455777e-17 -9.012314e-17
   outer loop
     vertex  6.000000e+00 -6.429102e+00  1.242981e+02
     vertex  6.000000e+00 -6.599466e+00  1.241194e+02
     vertex  6.000000e+00 -1.613203e+00  1.194959e+02
   endloop
 endfacet
 facet normal -1.000000e+00  0.000000e+00  0.000000e+00
   outer loop
     vertex -6.000000e+00  1.592530e+00  1.164822e+02
     vertex -6.000000e+00  6.514897e+00  1.117906e+02
     vertex -6.000000e+00  6.342097e+00  1.116143e+02
   endloop
 endfacet
 facet normal -1.000000e+00  0.000000e+00 -0.000000e+00
   outer loop
     vertex -6.000000e+00  1.592530e+00  1.164822e+02
     vertex -6.000000e+00  6.342097e+00  1.116143e+02
     vertex -6.000000e+00  1.550290e+00  1.164390e+02
   endloop
 endfacet
 facet normal -1.000000e+00  0.000000e+00  0.000000e+00
   outer loop
     vertex -6.000000e+00  1.506883e+00  1.163971e+02
     vertex -6.000000e+00  6.342097e+00  1.116143e+02
     vertex -6.000000e+00  6.164523e+00  1.114427e+02
   endloop
 endfacet
 facet normal -1.000000e+00  0.000000e+00  0.000000e+00
   outer loop
     vertex -6.000000e+00  1.506883e+00  1.163971e+02
     vertex -6.000000e+00  1.550290e+00  1.164390e+02
     vertex -6.000000e+00  6.342097e+00  1.116143e+02
   endloop
 endfacet
 facet normal -1.000000e+00  0.000000e+00  0.000000e+00
   outer loop
     vertex -6.000000e+00  1.633572e+00  1.165264e+02
     vertex -6.000000e+00  6.682793e+00  1.119717e+02
     vertex -6.000000e+00  6.514897e+00  1.117906e+02
   endloop
 endfacet
 facet normal -1.000000e+00  0.000000e+00 -0.000000e+00
   outer loop
     vertex -6.000000e+00  1.633572e+00  1.165264e+02
     vertex -6.000000e+00  6.514897e+00  1.117906e+02
     vertex -6.000000e+00  1.592530e+00  1.164822e+02
   endloop
 endfacet
 facet normal -1.000000e+00  0.000000e+00  0.000000e+00
   outer loop
     vertex -6.000000e+00  1.462342e+00  1.163564e+02
     vertex -6.000000e+00  5.982309e+00  1.112760e+02
     vertex -6.000000e+00  5.795591e+00  1.111144e+02
   endloop
 endfacet
 facet normal -1.000000e+00  0.000000e+00  0.000000e+00
   outer loop
     vertex -6.000000e+00  1.462342e+00  1.163564e+02
     vertex -6.000000e+00  6.164523e+00  1.114427e+02
     vertex -6.000000e+00  5.982309e+00  1.112760e+02
   endloop
 endfacet
 facet normal -1.000000e+00  0.000000e+00  0.000000e+00
   outer loop
     vertex -6.000000e+00  1.462342e+00  1.163564e+02
     vertex -6.000000e+00  1.506883e+00  1.163971e+02
     vertex -6.000000e+00  6.164523e+00  1.114427e+02
   endloop
 endfacet
 facet normal -1.000000e+00  0.000000e+00  0.000000e+00
   outer loop
     vertex -6.000000e+00  1.673383e+00  1.165718e+02
     vertex -6.000000e+00  6.845658e+00  1.121573e+02
     vertex -6.000000e+00  6.682793e+00  1.119717e+02
   endloop
 endfacet
 facet normal -1.000000e+00  0.000000e+00 -0.000000e+00
   outer loop
     vertex -6.000000e+00  1.673383e+00  1.165718e+02
     vertex -6.000000e+00  6.682793e+00  1.119717e+02
     vertex -6.000000e+00  1.633572e+00  1.165264e+02
   endloop
 endfacet
 facet normal -1.000000e+00  0.000000e+00  0.000000e+00
   outer loop
     vertex -6.000000e+00  1.416700e+00  1.163169e+02
     vertex -6.000000e+00  1.462342e+00  1.163564e+02
     vertex -6.000000e+00  5.795591e+00  1.111144e+02
   endloop
 endfacet
 facet normal -1.000000e+00  0.000000e+00  0.000000e+00
   outer loop
     vertex -6.000000e+00  1.711935e+00  1.166182e+02
     vertex -6.000000e+00  7.003370e+00  1.123473e+02
     vertex -6.000000e+00  6.845658e+00  1.121573e+02
   endloop
 endfacet
 facet normal -1.000000e+00  0.000000e+00 -0.000000e+00
   outer loop
     vertex -6.000000e+00  1.711935e+00  1.166182e+02
     vertex -6.000000e+00  6.845658e+00  1.121573e+02
     vertex -6.000000e+00  1.673383e+00  1.165718e+02
   endloop
 endfacet
 facet normal -1.000000e+00  0.000000e+00  0.000000e+00
   outer loop
     vertex -6.000000e+00  1.369991e+00  1.162786e+02
     vertex -6.000000e+00  1.416700e+00  1.163169e+02
     vertex -6.000000e+00  5.795591e+00  1.111144e+02
   endloop
 endfacet
 facet normal -1.000000e+00  0.000000e+00  0.000000e+00
   outer loop
     vertex -6.000000e+00  1.369991e+00  1.162786e+02
     vertex -6.000000e+00  5.795591e+00  1.111144e+02
     vertex -6.000000e+00  5.604510e+00  1.109580e+02
   endloop
 endfacet
 facet normal -1.000000e+00  0.000000e+00  0.000000e+00
   outer loop
     vertex -6.000000e+00  1.749198e+00  1.166657e+02
     vertex -6.000000e+00  7.155810e+00  1.125416e+02
     vertex -6.000000e+00  7.003370e+00  1.123473e+02
   endloop
 endfacet
 facet normal -1.000000e+00  0.000000e+00  0.000000e+00
   outer loop
     vertex -6.000000e+00  1.749198e+00  1.166657e+02
     vertex -6.000000e+00  7.302863e+00  1.127399e+02
     vertex -6.000000e+00  7.155810e+00  1.125416e+02
   endloop
 endfacet
 facet normal -1.000000e+00  0.000000e+00 -0.000000e+00
   outer loop
     vertex -6.000000e+00  1.749198e+00  1.166657e+02
     vertex -6.000000e+00  7.003370e+00  1.123473e+02
     vertex -6.000000e+00  1.711935e+00  1.166182e+02
   endloop
 endfacet
 facet normal -1.000000e+00  0.000000e+00  0.000000e+00
   outer loop
     vertex -6.000000e+00  1.322252e+00  1.162417e+02
     vertex -6.000000e+00  1.369991e+00  1.162786e+02
     vertex -6.000000e+00  5.604510e+00  1.109580e+02
   endloop
 endfacet
 facet normal -1.000000e+00  0.000000e+00  0.000000e+00
   outer loop
     vertex -6.000000e+00  1.322252e+00  1.162417e+02
     vertex -6.000000e+00  5.604510e+00  1.109580e+02
     vertex -6.000000e+00  5.409211e+00  1.108069e+02
   endloop
 endfacet
 facet normal -1.000000e+00  0.000000e+00 -0.000000e+00
   outer loop
     vertex -6.000000e+00  1.785144e+00  1.167142e+02
     vertex -6.000000e+00  7.302863e+00  1.127399e+02
     vertex -6.000000e+00  1.749198e+00  1.166657e+02
   endloop
 endfacet
 facet normal -1.000000e+00  0.000000e+00  0.000000e+00
   outer loop
     vertex -6.000000e+00  1.273516e+00  1.162061e+02
     vertex -6.000000e+00  1.322252e+00  1.162417e+02
     vertex -6.000000e+00  5.409211e+00  1.108069e+02
   endloop
 endfacet
 facet normal -1.000000e+00  0.000000e+00  0.000000e+00
   outer loop
     vertex -6.000000e+00  1.273516e+00  1.162061e+02
     vertex -6.000000e+00  5.409211e+00  1.108069e+02
     vertex -6.000000e+00  5.209840e+00  1.106612e+02
   endloop
 endfacet
 facet normal -1.000000e+00  0.000000e+00  0.000000e+00
   outer loop
     vertex -6.000000e+00  1.819747e+00  1.167637e+02
     vertex -6.000000e+00  7.444419e+00  1.129423e+02
     vertex -6.000000e+00  7.302863e+00  1.127399e+02
   endloop
 endfacet
 facet normal -1.000000e+00  0.000000e+00 -0.000000e+00
   outer loop
     vertex -6.000000e+00  1.819747e+00  1.167637e+02
     vertex -6.000000e+00  7.302863e+00  1.127399e+02
     vertex -6.000000e+00  1.785144e+00  1.167142e+02
   endloop
 endfacet
 facet normal -1.000000e+00  0.000000e+00  0.000000e+00
   outer loop
     vertex -6.000000e+00  1.223822e+00  1.161718e+02
     vertex -6.000000e+00  5.209840e+00  1.106612e+02
     vertex -6.000000e+00  5.006547e+00  1.105211e+02
   endloop
 endfacet
 facet normal -1.000000e+00  0.000000e+00  0.000000e+00
   outer loop
     vertex -6.000000e+00  1.223822e+00  1.161718e+02
     vertex -6.000000e+00  1.273516e+00  1.162061e+02
     vertex -6.000000e+00  5.209840e+00  1.106612e+02
   endloop
 endfacet
 facet normal -1.000000e+00  0.000000e+00  0.000000e+00
   outer loop
     vertex -6.000000e+00  1.852980e+00  1.168141e+02
     vertex -6.000000e+00  7.580371e+00  1.131484e+02
     vertex -6.000000e+00  7.444419e+00  1.129423e+02
   endloop
 endfacet
 facet normal -1.000000e+00  0.000000e+00 -0.000000e+00
   outer loop
     vertex -6.000000e+00  1.852980e+00  1.168141e+02
     vertex -6.000000e+00  7.444419e+00  1.129423e+02
     vertex -6.000000e+00  1.819747e+00  1.167637e+02
   endloop
 endfacet
 facet normal -1.000000e+00  0.000000e+00  0.000000e+00
   outer loop
     vertex -6.000000e+00  1.173207e+00  1.161389e+02
     vertex -6.000000e+00  5.006547e+00  1.105211e+02
     vertex -6.000000e+00  4.799485e+00  1.103865e+02
   endloop
 endfacet
 facet normal -1.000000e+00  0.000000e+00  0.000000e+00
   outer loop
     vertex -6.000000e+00  1.173207e+00  1.161389e+02
     vertex -6.000000e+00  1.223822e+00  1.161718e+02
     vertex -6.000000e+00  5.006547e+00  1.105211e+02
   endloop
 endfacet
 facet normal -1.000000e+00  0.000000e+00  0.000000e+00
   outer loop
     vertex -6.000000e+00  1.884817e+00  1.168653e+02
     vertex -6.000000e+00  7.710617e+00  1.133582e+02
     vertex -6.000000e+00  7.580371e+00  1.131484e+02
   endloop
 endfacet
 facet normal -1.000000e+00  0.000000e+00 -0.000000e+00
   outer loop
     vertex -6.000000e+00  1.884817e+00  1.168653e+02
     vertex -6.000000e+00  7.580371e+00  1.131484e+02
     vertex -6.000000e+00  1.852980e+00  1.168141e+02
   endloop
 endfacet
 facet normal -1.000000e+00  0.000000e+00  0.000000e+00
   outer loop
     vertex -6.000000e+00  1.121709e+00  1.161074e+02
     vertex -6.000000e+00  4.799485e+00  1.103865e+02
     vertex -6.000000e+00  4.588810e+00  1.102577e+02
   endloop
 endfacet
 facet normal -1.000000e+00  0.000000e+00  0.000000e+00
   outer loop
     vertex -6.000000e+00  1.121709e+00  1.161074e+02
     vertex -6.000000e+00  1.173207e+00  1.161389e+02
     vertex -6.000000e+00  4.799485e+00  1.103865e+02
   endloop
 endfacet
 facet normal -1.000000e+00  0.000000e+00  0.000000e+00
   outer loop
     vertex -6.000000e+00  1.915236e+00  1.169175e+02
     vertex -6.000000e+00  7.835058e+00  1.135715e+02
     vertex -6.000000e+00  7.710617e+00  1.133582e+02
   endloop
 endfacet
 facet normal -1.000000e+00  0.000000e+00 -0.000000e+00
   outer loop
     vertex -6.000000e+00  1.915236e+00  1.169175e+02
     vertex -6.000000e+00  7.710617e+00  1.133582e+02
     vertex -6.000000e+00  1.884817e+00  1.168653e+02
   endloop
 endfacet
 facet normal -1.000000e+00  0.000000e+00  0.000000e+00
   outer loop
     vertex -6.000000e+00  1.069366e+00  1.160774e+02
     vertex -6.000000e+00  4.588810e+00  1.102577e+02
     vertex -6.000000e+00  4.374681e+00  1.101347e+02
   endloop
 endfacet
 facet normal -1.000000e+00  0.000000e+00  0.000000e+00
   outer loop
     vertex -6.000000e+00  1.069366e+00  1.160774e+02
     vertex -6.000000e+00  1.121709e+00  1.161074e+02
     vertex -6.000000e+00  4.588810e+00  1.102577e+02
   endloop
 endfacet
 facet normal -1.000000e+00  0.000000e+00  0.000000e+00
   outer loop
     vertex -6.000000e+00  1.944214e+00  1.169704e+02
     vertex -6.000000e+00  7.953602e+00  1.137881e+02
     vertex -6.000000e+00  7.835058e+00  1.135715e+02
   endloop
 endfacet
 facet normal -1.000000e+00  0.000000e+00 -0.000000e+00
   outer loop
     vertex -6.000000e+00  1.944214e+00  1.169704e+02
     vertex -6.000000e+00  7.835058e+00  1.135715e+02
     vertex -6.000000e+00  1.915236e+00  1.169175e+02
   endloop
 endfacet
 facet normal -1.000000e+00  0.000000e+00  0.000000e+00
   outer loop
     vertex -6.000000e+00  1.016219e+00  1.160488e+02
     vertex -6.000000e+00  4.374681e+00  1.101347e+02
     vertex -6.000000e+00  4.157259e+00  1.100177e+02
   endloop
 endfacet
 facet normal -1.000000e+00  0.000000e+00  0.000000e+00
   outer loop
     vertex -6.000000e+00  1.016219e+00  1.160488e+02
     vertex -6.000000e+00  1.069366e+00  1.160774e+02
     vertex -6.000000e+00  4.374681e+00  1.101347e+02
   endloop
 endfacet
 facet normal -1.000000e+00  0.000000e+00 -0.000000e+00
   outer loop
     vertex -6.000000e+00  1.971728e+00  1.170241e+02
     vertex -6.000000e+00  7.953602e+00  1.137881e+02
     vertex -6.000000e+00  1.944214e+00  1.169704e+02
   endloop
 endfacet
 facet normal -1.000000e+00  0.000000e+00  0.000000e+00
   outer loop
     vertex -6.000000e+00  1.971728e+00  1.170241e+02
     vertex -6.000000e+00  8.066158e+00  1.140079e+02
     vertex -6.000000e+00  7.953602e+00  1.137881e+02
   endloop
 endfacet
 facet normal -1.000000e+00  0.000000e+00  0.000000e+00
   outer loop
     vertex -6.000000e+00  9.623061e-01  1.160216e+02
     vertex -6.000000e+00  3.936707e+00  1.099066e+02
     vertex -6.000000e+00  3.713192e+00  1.098017e+02
   endloop
 endfacet
 facet normal -1.000000e+00  0.000000e+00  0.000000e+00
   outer loop
     vertex -6.000000e+00  9.623061e-01  1.160216e+02
     vertex -6.000000e+00  4.157259e+00  1.100177e+02
     vertex -6.000000e+00  3.936707e+00  1.099066e+02
   endloop
 endfacet
 facet normal -1.000000e+00  0.000000e+00  0.000000e+00
   outer loop
     vertex -6.000000e+00  9.623061e-01  1.160216e+02
     vertex -6.000000e+00  1.016219e+00  1.160488e+02
     vertex -6.000000e+00  4.157259e+00  1.100177e+02
   endloop
 endfacet
 facet normal -1.000000e+00  0.000000e+00  0.000000e+00
   outer loop
     vertex -6.000000e+00  1.997757e+00  1.170786e+02
     vertex -6.000000e+00  8.172642e+00  1.142307e+02
     vertex -6.000000e+00  8.066158e+00  1.140079e+02
   endloop
 endfacet
 facet normal -1.000000e+00  0.000000e+00 -0.000000e+00
   outer loop
     vertex -6.000000e+00  1.997757e+00  1.170786e+02
     vertex -6.000000e+00  8.066158e+00  1.140079e+02
     vertex -6.000000e+00  1.971728e+00  1.170241e+02
   endloop
 endfacet
 facet normal -1.000000e+00  0.000000e+00  0.000000e+00
   outer loop
     vertex -6.000000e+00  9.076691e-01  1.159960e+02
     vertex -6.000000e+00  9.623061e-01  1.160216e+02
     vertex -6.000000e+00  3.713192e+00  1.098017e+02
   endloop
 endfacet
 facet normal -1.000000e+00  0.000000e+00  0.000000e+00
   outer loop
     vertex -6.000000e+00  2.022283e+00  1.171338e+02
     vertex -6.000000e+00  8.272974e+00  1.144563e+02
     vertex -6.000000e+00  8.172642e+00  1.142307e+02
   endloop
 endfacet
 facet normal -1.000000e+00  0.000000e+00  0.000000e+00
   outer loop
     vertex -6.000000e+00  2.022283e+00  1.171338e+02
     vertex -6.000000e+00  8.367079e+00  1.146846e+02
     vertex -6.000000e+00  8.272974e+00  1.144563e+02
   endloop
 endfacet
 facet normal -1.000000e+00  0.000000e+00 -0.000000e+00
   outer loop
     vertex -6.000000e+00  2.022283e+00  1.171338e+02
     vertex -6.000000e+00  8.172642e+00  1.142307e+02
     vertex -6.000000e+00  1.997757e+00  1.170786e+02
   endloop
 endfacet
 facet normal -1.000000e+00  0.000000e+00  0.000000e+00
   outer loop
     vertex -6.000000e+00  8.523488e-01  1.159718e+02
     vertex -6.000000e+00  3.713192e+00  1.098017e+02
     vertex -6.000000e+00  3.486881e+00  1.097029e+02
   endloop
 endfacet
 facet normal -1.000000e+00  0.000000e+00  0.000000e+00
   outer loop
     vertex -6.000000e+00  8.523488e-01  1.159718e+02
     vertex -6.000000e+00  9.076691e-01  1.159960e+02
     vertex -6.000000e+00  3.713192e+00  1.098017e+02
   endloop
 endfacet
 facet normal -1.000000e+00  0.000000e+00 -0.000000e+00
   outer loop
     vertex -6.000000e+00  2.045286e+00  1.171896e+02
     vertex -6.000000e+00  8.367079e+00  1.146846e+02
     vertex -6.000000e+00  2.022283e+00  1.171338e+02
   endloop
 endfacet
 facet normal -1.000000e+00  0.000000e+00  0.000000e+00
   outer loop
     vertex -6.000000e+00  7.963869e-01  1.159492e+02
     vertex -6.000000e+00  3.486881e+00  1.097029e+02
     vertex -6.000000e+00  3.257946e+00  1.096104e+02
   endloop
 endfacet
 facet normal -1.000000e+00  0.000000e+00  0.000000e+00
   outer loop
     vertex -6.000000e+00  7.963869e-01  1.159492e+02
     vertex -6.000000e+00  8.523488e-01  1.159718e+02
     vertex -6.000000e+00  3.486881e+00  1.097029e+02
   endloop
 endfacet
 facet normal -1.000000e+00  0.000000e+00  0.000000e+00
   outer loop
     vertex -6.000000e+00  2.066750e+00  1.172460e+02
     vertex -6.000000e+00  8.454885e+00  1.149154e+02
     vertex -6.000000e+00  8.367079e+00  1.146846e+02
   endloop
 endfacet
 facet normal -1.000000e+00  0.000000e+00 -0.000000e+00
   outer loop
     vertex -6.000000e+00  2.066750e+00  1.172460e+02
     vertex -6.000000e+00  8.367079e+00  1.146846e+02
     vertex -6.000000e+00  2.045286e+00  1.171896e+02
   endloop
 endfacet
 facet normal -1.000000e+00  0.000000e+00  0.000000e+00
   outer loop
     vertex -6.000000e+00  7.398255e-01  1.159281e+02
     vertex -6.000000e+00  3.026559e+00  1.095242e+02
     vertex -6.000000e+00  2.792893e+00  1.094443e+02
   endloop
 endfacet
 facet normal -1.000000e+00  0.000000e+00  0.000000e+00
   outer loop
     vertex -6.000000e+00  7.398255e-01  1.159281e+02
     vertex -6.000000e+00  3.257946e+00  1.096104e+02
     vertex -6.000000e+00  3.026559e+00  1.095242e+02
   endloop
 endfacet
 facet normal -1.000000e+00  0.000000e+00  0.000000e+00
   outer loop
     vertex -6.000000e+00  7.398255e-01  1.159281e+02
     vertex -6.000000e+00  7.963869e-01  1.159492e+02
     vertex -6.000000e+00  3.257946e+00  1.096104e+02
   endloop
 endfacet
 facet normal -1.000000e+00  0.000000e+00  0.000000e+00
   outer loop
     vertex -6.000000e+00  2.086658e+00  1.173030e+02
     vertex -6.000000e+00  8.536327e+00  1.151485e+02
     vertex -6.000000e+00  8.454885e+00  1.149154e+02
   endloop
 endfacet
 facet normal -1.000000e+00  0.000000e+00  0.000000e+00
   outer loop
     vertex -6.000000e+00  2.086658e+00  1.173030e+02
     vertex -6.000000e+00  8.611342e+00  1.153837e+02
     vertex -6.000000e+00  8.536327e+00  1.151485e+02
   endloop
 endfacet
 facet normal -1.000000e+00  0.000000e+00 -0.000000e+00
   outer loop
     vertex -6.000000e+00  2.086658e+00  1.173030e+02
     vertex -6.000000e+00  8.454885e+00  1.149154e+02
     vertex -6.000000e+00  2.066750e+00  1.172460e+02
   endloop
 endfacet
 facet normal -1.000000e+00  0.000000e+00  0.000000e+00
   outer loop
     vertex -6.000000e+00  6.827072e-01  1.159086e+02
     vertex -6.000000e+00  7.398255e-01  1.159281e+02
     vertex -6.000000e+00  2.792893e+00  1.094443e+02
   endloop
 endfacet
 facet normal -1.000000e+00  0.000000e+00 -0.000000e+00
   outer loop
     vertex -6.000000e+00  2.104995e+00  1.173605e+02
     vertex -6.000000e+00  8.611342e+00  1.153837e+02
     vertex -6.000000e+00  2.086658e+00  1.173030e+02
   endloop
 endfacet
 facet normal -1.000000e+00  0.000000e+00  0.000000e+00
   outer loop
     vertex -6.000000e+00  6.250749e-01  1.158907e+02
     vertex -6.000000e+00  2.792893e+00  1.094443e+02
     vertex -6.000000e+00  2.557125e+00  1.093709e+02
   endloop
 endfacet
 facet normal -1.000000e+00  0.000000e+00  0.000000e+00
   outer loop
     vertex -6.000000e+00  6.250749e-01  1.158907e+02
     vertex -6.000000e+00  6.827072e-01  1.159086e+02
     vertex -6.000000e+00  2.792893e+00  1.094443e+02
   endloop
 endfacet
 facet normal -1.000000e+00  0.000000e+00 -0.000000e+00
   outer loop
     vertex -6.000000e+00  2.121747e+00  1.174185e+02
     vertex -6.000000e+00  8.611342e+00  1.153837e+02
     vertex -6.000000e+00  2.104995e+00  1.173605e+02
   endloop
 endfacet
 facet normal -1.000000e+00  0.000000e+00  0.000000e+00
   outer loop
     vertex -6.000000e+00  2.121747e+00  1.174185e+02
     vertex -6.000000e+00  8.679875e+00  1.156210e+02
     vertex -6.000000e+00  8.611342e+00  1.153837e+02
   endloop
 endfacet
 facet normal -1.000000e+00  0.000000e+00  0.000000e+00
   outer loop
     vertex -6.000000e+00  5.669721e-01  1.158743e+02
     vertex -6.000000e+00  2.557125e+00  1.093709e+02
     vertex -6.000000e+00  2.319431e+00  1.093040e+02
   endloop
 endfacet
 facet normal -1.000000e+00  0.000000e+00  0.000000e+00
   outer loop
     vertex -6.000000e+00  5.669721e-01  1.158743e+02
     vertex -6.000000e+00  6.250749e-01  1.158907e+02
     vertex -6.000000e+00  2.557125e+00  1.093709e+02
   endloop
 endfacet
 facet normal -1.000000e+00  0.000000e+00 -0.000000e+00
   outer loop
     vertex -6.000000e+00  2.136903e+00  1.174769e+02
     vertex -6.000000e+00  8.679875e+00  1.156210e+02
     vertex -6.000000e+00  2.121747e+00  1.174185e+02
   endloop
 endfacet
 facet normal -1.000000e+00  0.000000e+00  0.000000e+00
   outer loop
     vertex -6.000000e+00  2.136903e+00  1.174769e+02
     vertex -6.000000e+00  8.741875e+00  1.158600e+02
     vertex -6.000000e+00  8.679875e+00  1.156210e+02
   endloop
 endfacet
 facet normal -1.000000e+00  0.000000e+00  0.000000e+00
   outer loop
     vertex -6.000000e+00  5.084425e-01  1.158596e+02
     vertex -6.000000e+00  2.079992e+00  1.092437e+02
     vertex -6.000000e+00  1.838987e+00  1.091899e+02
   endloop
 endfacet
 facet normal -1.000000e+00  0.000000e+00  0.000000e+00
   outer loop
     vertex -6.000000e+00  5.084425e-01  1.158596e+02
     vertex -6.000000e+00  2.319431e+00  1.093040e+02
     vertex -6.000000e+00  2.079992e+00  1.092437e+02
   endloop
 endfacet
 facet normal -1.000000e+00  0.000000e+00  0.000000e+00
   outer loop
     vertex -6.000000e+00  5.084425e-01  1.158596e+02
     vertex -6.000000e+00  5.669721e-01  1.158743e+02
     vertex -6.000000e+00  2.319431e+00  1.093040e+02
   endloop
 endfacet
 facet normal -1.000000e+00  0.000000e+00  0.000000e+00
   outer loop
     vertex -6.000000e+00  2.150450e+00  1.175357e+02
     vertex -6.000000e+00  8.797294e+00  1.161006e+02
     vertex -6.000000e+00  8.741875e+00  1.158600e+02
   endloop
 endfacet
 facet normal -1.000000e+00  0.000000e+00 -0.000000e+00
   outer loop
     vertex -6.000000e+00  2.150450e+00  1.175357e+02
     vertex -6.000000e+00  8.741875e+00  1.158600e+02
     vertex -6.000000e+00  2.136903e+00  1.174769e+02
   endloop
 endfacet
 facet normal -1.000000e+00  0.000000e+00  0.000000e+00
   outer loop
     vertex -6.000000e+00  4.495302e-01  1.158464e+02
     vertex -6.000000e+00  5.084425e-01  1.158596e+02
     vertex -6.000000e+00  1.838987e+00  1.091899e+02
   endloop
 endfacet
 facet normal -1.000000e+00  0.000000e+00  0.000000e+00
   outer loop
     vertex -6.000000e+00  2.162378e+00  1.175949e+02
     vertex -6.000000e+00  8.846090e+00  1.163427e+02
     vertex -6.000000e+00  8.797294e+00  1.161006e+02
   endloop
 endfacet
 facet normal -1.000000e+00  0.000000e+00 -0.000000e+00
   outer loop
     vertex -6.000000e+00  2.162378e+00  1.175949e+02
     vertex -6.000000e+00  8.797294e+00  1.161006e+02
     vertex -6.000000e+00  2.150450e+00  1.175357e+02
   endloop
 endfacet
 facet normal -1.000000e+00  0.000000e+00  0.000000e+00
   outer loop
     vertex -6.000000e+00  3.902795e-01  1.158349e+02
     vertex -6.000000e+00  4.495302e-01  1.158464e+02
     vertex -6.000000e+00  1.838987e+00  1.091899e+02
   endloop
 endfacet
 facet normal -1.000000e+00  0.000000e+00  0.000000e+00
   outer loop
     vertex -6.000000e+00  3.902795e-01  1.158349e+02
     vertex -6.000000e+00  1.838987e+00  1.091899e+02
     vertex -6.000000e+00  1.596598e+00  1.091428e+02
   endloop
 endfacet
 facet normal -1.000000e+00  0.000000e+00 -0.000000e+00
   outer loop
     vertex -6.000000e+00  2.172678e+00  1.176544e+02
     vertex -6.000000e+00  8.846090e+00  1.163427e+02
     vertex -6.000000e+00  2.162378e+00  1.175949e+02
   endloop
 endfacet
 facet normal -1.000000e+00  0.000000e+00  0.000000e+00
   outer loop
     vertex -6.000000e+00  2.172678e+00  1.176544e+02
     vertex -6.000000e+00  8.888227e+00  1.165860e+02
     vertex -6.000000e+00  8.846090e+00  1.163427e+02
   endloop
 endfacet
 facet normal -1.000000e+00  0.000000e+00  0.000000e+00
   outer loop
     vertex -6.000000e+00  3.307350e-01  1.158250e+02
     vertex -6.000000e+00  3.902795e-01  1.158349e+02
     vertex -6.000000e+00  1.596598e+00  1.091428e+02
   endloop
 endfacet
 facet normal -1.000000e+00  0.000000e+00  0.000000e+00
   outer loop
     vertex -6.000000e+00  3.307350e-01  1.158250e+02
     vertex -6.000000e+00  1.596598e+00  1.091428e+02
     vertex -6.000000e+00  1.353007e+00  1.091023e+02
   endloop
 endfacet
 facet normal -1.000000e+00  0.000000e+00  0.000000e+00
   outer loop
     vertex -6.000000e+00  2.181342e+00  1.177141e+02
     vertex -6.000000e+00  8.923674e+00  1.168304e+02
     vertex -6.000000e+00  8.888227e+00  1.165860e+02
   endloop
 endfacet
 facet normal -1.000000e+00  0.000000e+00 -0.000000e+00
   outer loop
     vertex -6.000000e+00  2.181342e+00  1.177141e+02
     vertex -6.000000e+00  8.888227e+00  1.165860e+02
     vertex -6.000000e+00  2.172678e+00  1.176544e+02
   endloop
 endfacet
 facet normal -1.000000e+00  0.000000e+00  0.000000e+00
   outer loop
     vertex -6.000000e+00  2.709415e-01  1.158167e+02
     vertex -6.000000e+00  1.353007e+00  1.091023e+02
     vertex -6.000000e+00  1.108397e+00  1.090685e+02
   endloop
 endfacet
 facet normal -1.000000e+00  0.000000e+00  0.000000e+00
   outer loop
     vertex -6.000000e+00  2.709415e-01  1.158167e+02
     vertex -6.000000e+00  3.307350e-01  1.158250e+02
     vertex -6.000000e+00  1.353007e+00  1.091023e+02
   endloop
 endfacet
 facet normal -1.000000e+00  0.000000e+00 -0.000000e+00
   outer loop
     vertex -6.000000e+00  2.188365e+00  1.177740e+02
     vertex -6.000000e+00  8.923674e+00  1.168304e+02
     vertex -6.000000e+00  2.181342e+00  1.177141e+02
   endloop
 endfacet
 facet normal -1.000000e+00  0.000000e+00  0.000000e+00
   outer loop
     vertex -6.000000e+00  2.188365e+00  1.177740e+02
     vertex -6.000000e+00  8.952403e+00  1.170756e+02
     vertex -6.000000e+00  8.923674e+00  1.168304e+02
   endloop
 endfacet
 facet normal -1.000000e+00  0.000000e+00  0.000000e+00
   outer loop
     vertex -6.000000e+00  2.109441e-01  1.158101e+02
     vertex -6.000000e+00  1.108397e+00  1.090685e+02
     vertex -6.000000e+00  8.629532e-01  1.090415e+02
   endloop
 endfacet
 facet normal -1.000000e+00  0.000000e+00  0.000000e+00
   outer loop
     vertex -6.000000e+00  2.109441e-01  1.158101e+02
     vertex -6.000000e+00  2.709415e-01  1.158167e+02
     vertex -6.000000e+00  1.108397e+00  1.090685e+02
   endloop
 endfacet
 facet normal -1.000000e+00  0.000000e+00 -0.000000e+00
   outer loop
     vertex -6.000000e+00  2.193740e+00  1.178342e+02
     vertex -6.000000e+00  8.952403e+00  1.170756e+02
     vertex -6.000000e+00  2.188365e+00  1.177740e+02
   endloop
 endfacet
 facet normal -1.000000e+00  0.000000e+00  0.000000e+00
   outer loop
     vertex -6.000000e+00  2.193740e+00  1.178342e+02
     vertex -6.000000e+00  8.974393e+00  1.173216e+02
     vertex -6.000000e+00  8.952403e+00  1.170756e+02
   endloop
 endfacet
 facet normal -1.000000e+00  0.000000e+00  0.000000e+00
   outer loop
     vertex -6.000000e+00  1.507879e-01  1.158052e+02
     vertex -6.000000e+00  8.629532e-01  1.090415e+02
     vertex -6.000000e+00  6.168595e-01  1.090212e+02
   endloop
 endfacet
 facet normal -1.000000e+00  0.000000e+00  0.000000e+00
   outer loop
     vertex -6.000000e+00  1.507879e-01  1.158052e+02
     vertex -6.000000e+00  2.109441e-01  1.158101e+02
     vertex -6.000000e+00  8.629532e-01  1.090415e+02
   endloop
 endfacet
 facet normal -1.000000e+00  0.000000e+00 -0.000000e+00
   outer loop
     vertex -6.000000e+00  2.197464e+00  1.178944e+02
     vertex -6.000000e+00  8.974393e+00  1.173216e+02
     vertex -6.000000e+00  2.193740e+00  1.178342e+02
   endloop
 endfacet
 facet normal -1.000000e+00  0.000000e+00  0.000000e+00
   outer loop
     vertex -6.000000e+00  2.197464e+00  1.178944e+02
     vertex -6.000000e+00  8.989627e+00  1.175680e+02
     vertex -6.000000e+00  8.974393e+00  1.173216e+02
   endloop
 endfacet
 facet normal -1.000000e+00  0.000000e+00  0.000000e+00
   outer loop
     vertex -6.000000e+00  9.051816e-02  1.158019e+02
     vertex -6.000000e+00  1.507879e-01  1.158052e+02
     vertex -6.000000e+00  6.168595e-01  1.090212e+02
   endloop
 endfacet
 facet normal -1.000000e+00  0.000000e+00  0.000000e+00
   outer loop
     vertex -6.000000e+00  9.051816e-02  1.158019e+02
     vertex -6.000000e+00  6.168595e-01  1.090212e+02
     vertex -6.000000e+00  3.703016e-01  1.090076e+02
   endloop
 endfacet
 facet normal -1.000000e+00  0.000000e+00 -0.000000e+00
   outer loop
     vertex -6.000000e+00  2.199534e+00  1.179547e+02
     vertex -6.000000e+00  8.989627e+00  1.175680e+02
     vertex -6.000000e+00  2.197464e+00  1.178944e+02
   endloop
 endfacet
 facet normal -1.000000e+00  0.000000e+00  0.000000e+00
   outer loop
     vertex -6.000000e+00  2.199534e+00  1.179547e+02
     vertex -6.000000e+00  8.998095e+00  1.178148e+02
     vertex -6.000000e+00  8.989627e+00  1.175680e+02
   endloop
 endfacet
 facet normal -1.000000e+00  0.000000e+00  0.000000e+00
   outer loop
     vertex -6.000000e+00  3.018029e-02  1.158002e+02
     vertex -6.000000e+00  9.051816e-02  1.158019e+02
     vertex -6.000000e+00  3.703016e-01  1.090076e+02
   endloop
 endfacet
 facet normal -1.000000e+00  0.000000e+00  0.000000e+00
   outer loop
     vertex -6.000000e+00  3.018029e-02  1.158002e+02
     vertex -6.000000e+00  3.703016e-01  1.090076e+02
     vertex -6.000000e+00  1.234648e-01  1.090008e+02
   endloop
 endfacet
 facet normal -1.000000e+00  0.000000e+00 -0.000000e+00
   outer loop
     vertex -6.000000e+00  2.199948e+00  1.180151e+02
     vertex -6.000000e+00  8.998095e+00  1.178148e+02
     vertex -6.000000e+00  2.199534e+00  1.179547e+02
   endloop
 endfacet
 facet normal -1.000000e+00  0.000000e+00  0.000000e+00
   outer loop
     vertex -6.000000e+00  2.199948e+00  1.180151e+02
     vertex -6.000000e+00  8.999788e+00  1.180617e+02
     vertex -6.000000e+00  8.998095e+00  1.178148e+02
   endloop
 endfacet
 facet normal -1.000000e+00  0.000000e+00 -0.000000e+00
   outer loop
     vertex -6.000000e+00 -3.018029e-02  1.158002e+02
     vertex -6.000000e+00  1.234648e-01  1.090008e+02
     vertex -6.000000e+00 -1.234648e-01  1.090008e+02
   endloop
 endfacet
 facet normal -1.000000e+00  0.000000e+00  0.000000e+00
   outer loop
     vertex -6.000000e+00 -3.018029e-02  1.158002e+02
     vertex -6.000000e+00  3.018029e-02  1.158002e+02
     vertex -6.000000e+00  1.234648e-01  1.090008e+02
   endloop
 endfacet
 facet normal -1.000000e+00  0.000000e+00  0.000000e+00
   outer loop
     vertex -6.000000e+00  2.198706e+00  1.180754e+02
     vertex -6.000000e+00  8.999788e+00  1.180617e+02
     vertex -6.000000e+00  2.199948e+00  1.180151e+02
   endloop
 endfacet
 facet normal -1.000000e+00  0.000000e+00  0.000000e+00
   outer loop
     vertex -6.000000e+00  2.198706e+00  1.180754e+02
     vertex -6.000000e+00  8.994707e+00  1.183086e+02
     vertex -6.000000e+00  8.999788e+00  1.180617e+02
   endloop
 endfacet
 facet normal -1.000000e+00  0.000000e+00  0.000000e+00
   outer loop
     vertex -6.000000e+00 -9.051816e-02  1.158019e+02
     vertex -6.000000e+00 -1.234648e-01  1.090008e+02
     vertex -6.000000e+00 -3.703016e-01  1.090076e+02
   endloop
 endfacet
 facet normal -1.000000e+00  0.000000e+00 -0.000000e+00
   outer loop
     vertex -6.000000e+00 -9.051816e-02  1.158019e+02
     vertex -6.000000e+00 -3.018029e-02  1.158002e+02
     vertex -6.000000e+00 -1.234648e-01  1.090008e+02
   endloop
 endfacet
 facet normal -1.000000e+00  0.000000e+00  0.000000e+00
   outer loop
     vertex -6.000000e+00  2.195809e+00  1.181357e+02
     vertex -6.000000e+00  8.994707e+00  1.183086e+02
     vertex -6.000000e+00  2.198706e+00  1.180754e+02
   endloop
 endfacet
 facet normal -1.000000e+00  0.000000e+00  0.000000e+00
   outer loop
     vertex -6.000000e+00  2.195809e+00  1.181357e+02
     vertex -6.000000e+00  8.982855e+00  1.185553e+02
     vertex -6.000000e+00  8.994707e+00  1.183086e+02
   endloop
 endfacet
 facet normal -1.000000e+00  0.000000e+00  0.000000e+00
   outer loop
     vertex -6.000000e+00 -1.507879e-01  1.158052e+02
     vertex -6.000000e+00 -3.703016e-01  1.090076e+02
     vertex -6.000000e+00 -6.168595e-01  1.090212e+02
   endloop
 endfacet
 facet normal -1.000000e+00  0.000000e+00 -0.000000e+00
   outer loop
     vertex -6.000000e+00 -1.507879e-01  1.158052e+02
     vertex -6.000000e+00 -9.051816e-02  1.158019e+02
     vertex -6.000000e+00 -3.703016e-01  1.090076e+02
   endloop
 endfacet
 facet normal -1.000000e+00  0.000000e+00  0.000000e+00
   outer loop
     vertex -6.000000e+00  2.191259e+00  1.181959e+02
     vertex -6.000000e+00  8.964241e+00  1.188015e+02
     vertex -6.000000e+00  8.982855e+00  1.185553e+02
   endloop
 endfacet
 facet normal -1.000000e+00  0.000000e+00  0.000000e+00
   outer loop
     vertex -6.000000e+00  2.191259e+00  1.181959e+02
     vertex -6.000000e+00  8.982855e+00  1.185553e+02
     vertex -6.000000e+00  2.195809e+00  1.181357e+02
   endloop
 endfacet
 facet normal -1.000000e+00  0.000000e+00  0.000000e+00
   outer loop
     vertex -6.000000e+00 -2.109441e-01  1.158101e+02
     vertex -6.000000e+00 -6.168595e-01  1.090212e+02
     vertex -6.000000e+00 -8.629532e-01  1.090415e+02
   endloop
 endfacet
 facet normal -1.000000e+00  0.000000e+00 -0.000000e+00
   outer loop
     vertex -6.000000e+00 -2.109441e-01  1.158101e+02
     vertex -6.000000e+00 -1.507879e-01  1.158052e+02
     vertex -6.000000e+00 -6.168595e-01  1.090212e+02
   endloop
 endfacet
 facet normal -1.000000e+00  0.000000e+00  0.000000e+00
   outer loop
     vertex -6.000000e+00  2.185059e+00  1.182560e+02
     vertex -6.000000e+00  8.964241e+00  1.188015e+02
     vertex -6.000000e+00  2.191259e+00  1.181959e+02
   endloop
 endfacet
 facet normal -1.000000e+00  0.000000e+00  0.000000e+00
   outer loop
     vertex -6.000000e+00  2.185059e+00  1.182560e+02
     vertex -6.000000e+00  8.938879e+00  1.190471e+02
     vertex -6.000000e+00  8.964241e+00  1.188015e+02
   endloop
 endfacet
 facet normal -1.000000e+00  0.000000e+00  0.000000e+00
   outer loop
     vertex -6.000000e+00 -2.709415e-01  1.158167e+02
     vertex -6.000000e+00 -8.629532e-01  1.090415e+02
     vertex -6.000000e+00 -1.108397e+00  1.090685e+02
   endloop
 endfacet
 facet normal -1.000000e+00  0.000000e+00 -0.000000e+00
   outer loop
     vertex -6.000000e+00 -2.709415e-01  1.158167e+02
     vertex -6.000000e+00 -2.109441e-01  1.158101e+02
     vertex -6.000000e+00 -8.629532e-01  1.090415e+02
   endloop
 endfacet
 facet normal -1.000000e+00  0.000000e+00  0.000000e+00
   outer loop
     vertex -6.000000e+00  2.177215e+00  1.183158e+02
     vertex -6.000000e+00  8.938879e+00  1.190471e+02
     vertex -6.000000e+00  2.185059e+00  1.182560e+02
   endloop
 endfacet
 facet normal -1.000000e+00  0.000000e+00  0.000000e+00
   outer loop
     vertex -6.000000e+00  2.177215e+00  1.183158e+02
     vertex -6.000000e+00  8.906789e+00  1.192919e+02
     vertex -6.000000e+00  8.938879e+00  1.190471e+02
   endloop
 endfacet
 facet normal -1.000000e+00  0.000000e+00  0.000000e+00
   outer loop
     vertex -6.000000e+00 -3.307350e-01  1.158250e+02
     vertex -6.000000e+00 -1.108397e+00  1.090685e+02
     vertex -6.000000e+00 -1.353007e+00  1.091023e+02
   endloop
 endfacet
 facet normal -1.000000e+00  0.000000e+00 -0.000000e+00
   outer loop
     vertex -6.000000e+00 -3.307350e-01  1.158250e+02
     vertex -6.000000e+00 -2.709415e-01  1.158167e+02
     vertex -6.000000e+00 -1.108397e+00  1.090685e+02
   endloop
 endfacet
 facet normal -1.000000e+00  0.000000e+00  0.000000e+00
   outer loop
     vertex -6.000000e+00  2.167732e+00  1.183754e+02
     vertex -6.000000e+00  8.906789e+00  1.192919e+02
     vertex -6.000000e+00  2.177215e+00  1.183158e+02
   endloop
 endfacet
 facet normal -1.000000e+00  0.000000e+00  0.000000e+00
   outer loop
     vertex -6.000000e+00  2.167732e+00  1.183754e+02
     vertex -6.000000e+00  8.867993e+00  1.195358e+02
     vertex -6.000000e+00  8.906789e+00  1.192919e+02
   endloop
 endfacet
 facet normal -1.000000e+00  0.000000e+00  0.000000e+00
   outer loop
     vertex -6.000000e+00  2.167732e+00  1.183754e+02
     vertex -6.000000e+00  8.822522e+00  1.197785e+02
     vertex -6.000000e+00  8.867993e+00  1.195358e+02
   endloop
 endfacet
 facet normal -1.000000e+00  0.000000e+00  0.000000e+00
   outer loop
     vertex -6.000000e+00 -3.902795e-01  1.158349e+02
     vertex -6.000000e+00 -1.353007e+00  1.091023e+02
     vertex -6.000000e+00 -1.596598e+00  1.091428e+02
   endloop
 endfacet
 facet normal -1.000000e+00  0.000000e+00 -0.000000e+00
   outer loop
     vertex -6.000000e+00 -3.902795e-01  1.158349e+02
     vertex -6.000000e+00 -3.307350e-01  1.158250e+02
     vertex -6.000000e+00 -1.353007e+00  1.091023e+02
   endloop
 endfacet
 facet normal -1.000000e+00  0.000000e+00  0.000000e+00
   outer loop
     vertex -6.000000e+00  2.156616e+00  1.184347e+02
     vertex -6.000000e+00  8.822522e+00  1.197785e+02
     vertex -6.000000e+00  2.167732e+00  1.183754e+02
   endloop
 endfacet
 facet normal -1.000000e+00  0.000000e+00  0.000000e+00
   outer loop
     vertex -6.000000e+00  2.156616e+00  1.184347e+02
     vertex -6.000000e+00  8.770409e+00  1.200199e+02
     vertex -6.000000e+00  8.822522e+00  1.197785e+02
   endloop
 endfacet
 facet normal -1.000000e+00  0.000000e+00  0.000000e+00
   outer loop
     vertex -6.000000e+00 -4.495302e-01  1.158464e+02
     vertex -6.000000e+00 -1.596598e+00  1.091428e+02
     vertex -6.000000e+00 -1.838987e+00  1.091899e+02
   endloop
 endfacet
 facet normal -1.000000e+00  0.000000e+00 -0.000000e+00
   outer loop
     vertex -6.000000e+00 -4.495302e-01  1.158464e+02
     vertex -6.000000e+00 -3.902795e-01  1.158349e+02
     vertex -6.000000e+00 -1.596598e+00  1.091428e+02
   endloop
 endfacet
 facet normal -1.000000e+00  0.000000e+00  0.000000e+00
   outer loop
     vertex -6.000000e+00  2.143878e+00  1.184937e+02
     vertex -6.000000e+00  8.770409e+00  1.200199e+02
     vertex -6.000000e+00  2.156616e+00  1.184347e+02
   endloop
 endfacet
 facet normal -1.000000e+00  0.000000e+00  0.000000e+00
   outer loop
     vertex -6.000000e+00 -5.084425e-01  1.158596e+02
     vertex -6.000000e+00 -1.838987e+00  1.091899e+02
     vertex -6.000000e+00 -2.079992e+00  1.092437e+02
   endloop
 endfacet
 facet normal -1.000000e+00  0.000000e+00 -0.000000e+00
   outer loop
     vertex -6.000000e+00 -5.084425e-01  1.158596e+02
     vertex -6.000000e+00 -4.495302e-01  1.158464e+02
     vertex -6.000000e+00 -1.838987e+00  1.091899e+02
   endloop
 endfacet
 facet normal -1.000000e+00  0.000000e+00  0.000000e+00
   outer loop
     vertex -6.000000e+00  2.129525e+00  1.185524e+02
     vertex -6.000000e+00  8.711695e+00  1.202597e+02
     vertex -6.000000e+00  8.770409e+00  1.200199e+02
   endloop
 endfacet
 facet normal -1.000000e+00  0.000000e+00  0.000000e+00
   outer loop
     vertex -6.000000e+00  2.129525e+00  1.185524e+02
     vertex -6.000000e+00  8.770409e+00  1.200199e+02
     vertex -6.000000e+00  2.143878e+00  1.184937e+02
   endloop
 endfacet
 facet normal -1.000000e+00  0.000000e+00 -0.000000e+00
   outer loop
     vertex -6.000000e+00 -5.669721e-01  1.158743e+02
     vertex -6.000000e+00 -5.084425e-01  1.158596e+02
     vertex -6.000000e+00 -2.079992e+00  1.092437e+02
   endloop
 endfacet
 facet normal -1.000000e+00  0.000000e+00  0.000000e+00
   outer loop
     vertex -6.000000e+00 -5.669721e-01  1.158743e+02
     vertex -6.000000e+00 -2.079992e+00  1.092437e+02
     vertex -6.000000e+00 -2.319431e+00  1.093040e+02
   endloop
 endfacet
 facet normal -1.000000e+00  0.000000e+00  0.000000e+00
   outer loop
     vertex -6.000000e+00  2.113570e+00  1.186106e+02
     vertex -6.000000e+00  8.711695e+00  1.202597e+02
     vertex -6.000000e+00  2.129525e+00  1.185524e+02
   endloop
 endfacet
 facet normal -1.000000e+00  0.000000e+00  0.000000e+00
   outer loop
     vertex -6.000000e+00  2.113570e+00  1.186106e+02
     vertex -6.000000e+00  8.646422e+00  1.204979e+02
     vertex -6.000000e+00  8.711695e+00  1.202597e+02
   endloop
 endfacet
 facet normal -1.000000e+00  0.000000e+00  0.000000e+00
   outer loop
     vertex -6.000000e+00 -6.250749e-01  1.158907e+02
     vertex -6.000000e+00 -2.557125e+00  1.093709e+02
     vertex -6.000000e+00 -2.792893e+00  1.094443e+02
   endloop
 endfacet
 facet normal -1.000000e+00  0.000000e+00  0.000000e+00
   outer loop
     vertex -6.000000e+00 -6.250749e-01  1.158907e+02
     vertex -6.000000e+00 -2.319431e+00  1.093040e+02
     vertex -6.000000e+00 -2.557125e+00  1.093709e+02
   endloop
 endfacet
 facet normal -1.000000e+00  0.000000e+00 -0.000000e+00
   outer loop
     vertex -6.000000e+00 -6.250749e-01  1.158907e+02
     vertex -6.000000e+00 -5.669721e-01  1.158743e+02
     vertex -6.000000e+00 -2.319431e+00  1.093040e+02
   endloop
 endfacet
 facet normal -1.000000e+00  0.000000e+00  0.000000e+00
   outer loop
     vertex -6.000000e+00  2.096023e+00  1.186683e+02
     vertex -6.000000e+00  8.574641e+00  1.207341e+02
     vertex -6.000000e+00  8.646422e+00  1.204979e+02
   endloop
 endfacet
 facet normal -1.000000e+00  0.000000e+00  0.000000e+00
   outer loop
     vertex -6.000000e+00  2.096023e+00  1.186683e+02
     vertex -6.000000e+00  8.646422e+00  1.204979e+02
     vertex -6.000000e+00  2.113570e+00  1.186106e+02
   endloop
 endfacet
 facet normal -1.000000e+00  0.000000e+00 -0.000000e+00
   outer loop
     vertex -6.000000e+00 -6.827072e-01  1.159086e+02
     vertex -6.000000e+00 -6.250749e-01  1.158907e+02
     vertex -6.000000e+00 -2.792893e+00  1.094443e+02
   endloop
 endfacet
 facet normal -1.000000e+00  0.000000e+00  0.000000e+00
   outer loop
     vertex -6.000000e+00  2.076899e+00  1.187256e+02
     vertex -6.000000e+00  8.496405e+00  1.209683e+02
     vertex -6.000000e+00  8.574641e+00  1.207341e+02
   endloop
 endfacet
 facet normal -1.000000e+00  0.000000e+00  0.000000e+00
   outer loop
     vertex -6.000000e+00  2.076899e+00  1.187256e+02
     vertex -6.000000e+00  8.574641e+00  1.207341e+02
     vertex -6.000000e+00  2.096023e+00  1.186683e+02
   endloop
 endfacet
 facet normal -1.000000e+00  0.000000e+00  0.000000e+00
   outer loop
     vertex -6.000000e+00 -7.398255e-01  1.159281e+02
     vertex -6.000000e+00 -2.792893e+00  1.094443e+02
     vertex -6.000000e+00 -3.026559e+00  1.095242e+02
   endloop
 endfacet
 facet normal -1.000000e+00  0.000000e+00 -0.000000e+00
   outer loop
     vertex -6.000000e+00 -7.398255e-01  1.159281e+02
     vertex -6.000000e+00 -6.827072e-01  1.159086e+02
     vertex -6.000000e+00 -2.792893e+00  1.094443e+02
   endloop
 endfacet
 facet normal -1.000000e+00  0.000000e+00  0.000000e+00
   outer loop
     vertex -6.000000e+00  2.056211e+00  1.187823e+02
     vertex -6.000000e+00  8.496405e+00  1.209683e+02
     vertex -6.000000e+00  2.076899e+00  1.187256e+02
   endloop
 endfacet
 facet normal -1.000000e+00  0.000000e+00  0.000000e+00
   outer loop
     vertex -6.000000e+00  2.056211e+00  1.187823e+02
     vertex -6.000000e+00  8.411774e+00  1.212003e+02
     vertex -6.000000e+00  8.496405e+00  1.209683e+02
   endloop
 endfacet
 facet normal -1.000000e+00  0.000000e+00  0.000000e+00
   outer loop
     vertex -6.000000e+00 -7.963869e-01  1.159492e+02
     vertex -6.000000e+00 -3.026559e+00  1.095242e+02
     vertex -6.000000e+00 -3.257946e+00  1.096104e+02
   endloop
 endfacet
 facet normal -1.000000e+00  0.000000e+00 -0.000000e+00
   outer loop
     vertex -6.000000e+00 -7.963869e-01  1.159492e+02
     vertex -6.000000e+00 -7.398255e-01  1.159281e+02
     vertex -6.000000e+00 -3.026559e+00  1.095242e+02
   endloop
 endfacet
 facet normal -1.000000e+00  0.000000e+00  0.000000e+00
   outer loop
     vertex -6.000000e+00  2.033976e+00  1.188384e+02
     vertex -6.000000e+00  8.411774e+00  1.212003e+02
     vertex -6.000000e+00  2.056211e+00  1.187823e+02
   endloop
 endfacet
 facet normal -1.000000e+00  0.000000e+00  0.000000e+00
   outer loop
     vertex -6.000000e+00  2.033976e+00  1.188384e+02
     vertex -6.000000e+00  8.320810e+00  1.214299e+02
     vertex -6.000000e+00  8.411774e+00  1.212003e+02
   endloop
 endfacet
 facet normal -1.000000e+00  0.000000e+00  0.000000e+00
   outer loop
     vertex -6.000000e+00 -8.523488e-01  1.159718e+02
     vertex -6.000000e+00 -3.257946e+00  1.096104e+02
     vertex -6.000000e+00 -3.486881e+00  1.097029e+02
   endloop
 endfacet
 facet normal -1.000000e+00  0.000000e+00 -0.000000e+00
   outer loop
     vertex -6.000000e+00 -8.523488e-01  1.159718e+02
     vertex -6.000000e+00 -7.963869e-01  1.159492e+02
     vertex -6.000000e+00 -3.257946e+00  1.096104e+02
   endloop
 endfacet
 facet normal -1.000000e+00  0.000000e+00  0.000000e+00
   outer loop
     vertex -6.000000e+00  2.010209e+00  1.188939e+02
     vertex -6.000000e+00  8.320810e+00  1.214299e+02
     vertex -6.000000e+00  2.033976e+00  1.188384e+02
   endloop
 endfacet
 facet normal -1.000000e+00  0.000000e+00  0.000000e+00
   outer loop
     vertex -6.000000e+00  2.010209e+00  1.188939e+02
     vertex -6.000000e+00  8.223582e+00  1.216569e+02
     vertex -6.000000e+00  8.320810e+00  1.214299e+02
   endloop
 endfacet
 facet normal -1.000000e+00  0.000000e+00  0.000000e+00
   outer loop
     vertex -6.000000e+00  2.010209e+00  1.188939e+02
     vertex -6.000000e+00  8.120164e+00  1.218811e+02
     vertex -6.000000e+00  8.223582e+00  1.216569e+02
   endloop
 endfacet
 facet normal -1.000000e+00  0.000000e+00 -0.000000e+00
   outer loop
     vertex -6.000000e+00 -9.076691e-01  1.159960e+02
     vertex -6.000000e+00 -8.523488e-01  1.159718e+02
     vertex -6.000000e+00 -3.486881e+00  1.097029e+02
   endloop
 endfacet
 facet normal -1.000000e+00  0.000000e+00  0.000000e+00
   outer loop
     vertex -6.000000e+00 -9.076691e-01  1.159960e+02
     vertex -6.000000e+00 -3.486881e+00  1.097029e+02
     vertex -6.000000e+00 -3.713192e+00  1.098017e+02
   endloop
 endfacet
 facet normal -1.000000e+00  0.000000e+00  0.000000e+00
   outer loop
     vertex -6.000000e+00  1.984929e+00  1.189487e+02
     vertex -6.000000e+00  8.120164e+00  1.218811e+02
     vertex -6.000000e+00  2.010209e+00  1.188939e+02
   endloop
 endfacet
 facet normal -1.000000e+00  0.000000e+00 -0.000000e+00
   outer loop
     vertex -6.000000e+00 -9.623061e-01  1.160216e+02
     vertex -6.000000e+00 -9.076691e-01  1.159960e+02
     vertex -6.000000e+00 -3.713192e+00  1.098017e+02
   endloop
 endfacet
 facet normal -1.000000e+00  0.000000e+00  0.000000e+00
   outer loop
     vertex -6.000000e+00 -9.623061e-01  1.160216e+02
     vertex -6.000000e+00 -3.713192e+00  1.098017e+02
     vertex -6.000000e+00 -3.936707e+00  1.099066e+02
   endloop
 endfacet
 facet normal -1.000000e+00  0.000000e+00  0.000000e+00
   outer loop
     vertex -6.000000e+00  1.958155e+00  1.190028e+02
     vertex -6.000000e+00  8.010634e+00  1.221024e+02
     vertex -6.000000e+00  8.120164e+00  1.218811e+02
   endloop
 endfacet
 facet normal -1.000000e+00  0.000000e+00  0.000000e+00
   outer loop
     vertex -6.000000e+00  1.958155e+00  1.190028e+02
     vertex -6.000000e+00  7.895073e+00  1.223206e+02
     vertex -6.000000e+00  8.010634e+00  1.221024e+02
   endloop
 endfacet
 facet normal -1.000000e+00  0.000000e+00  0.000000e+00
   outer loop
     vertex -6.000000e+00  1.958155e+00  1.190028e+02
     vertex -6.000000e+00  8.120164e+00  1.218811e+02
     vertex -6.000000e+00  1.984929e+00  1.189487e+02
   endloop
 endfacet
 facet normal -1.000000e+00  0.000000e+00 -0.000000e+00
   outer loop
     vertex -6.000000e+00 -1.016219e+00  1.160488e+02
     vertex -6.000000e+00 -9.623061e-01  1.160216e+02
     vertex -6.000000e+00 -3.936707e+00  1.099066e+02
   endloop
 endfacet
 facet normal -1.000000e+00  0.000000e+00  0.000000e+00
   outer loop
     vertex -6.000000e+00 -1.016219e+00  1.160488e+02
     vertex -6.000000e+00 -3.936707e+00  1.099066e+02
     vertex -6.000000e+00 -4.157259e+00  1.100177e+02
   endloop
 endfacet
 facet normal -1.000000e+00  0.000000e+00  0.000000e+00
   outer loop
     vertex -6.000000e+00  1.929907e+00  1.190562e+02
     vertex -6.000000e+00  7.895073e+00  1.223206e+02
     vertex -6.000000e+00  1.958155e+00  1.190028e+02
   endloop
 endfacet
 facet normal -1.000000e+00  0.000000e+00 -0.000000e+00
   outer loop
     vertex -6.000000e+00 -1.069366e+00  1.160774e+02
     vertex -6.000000e+00 -1.016219e+00  1.160488e+02
     vertex -6.000000e+00 -4.157259e+00  1.100177e+02
   endloop
 endfacet
 facet normal -1.000000e+00  0.000000e+00  0.000000e+00
   outer loop
     vertex -6.000000e+00 -1.069366e+00  1.160774e+02
     vertex -6.000000e+00 -4.157259e+00  1.100177e+02
     vertex -6.000000e+00 -4.374681e+00  1.101347e+02
   endloop
 endfacet
 facet normal -1.000000e+00  0.000000e+00  0.000000e+00
   outer loop
     vertex -6.000000e+00  1.900206e+00  1.191087e+02
     vertex -6.000000e+00  7.895073e+00  1.223206e+02
     vertex -6.000000e+00  1.929907e+00  1.190562e+02
   endloop
 endfacet
 facet normal -1.000000e+00  0.000000e+00  0.000000e+00
   outer loop
     vertex -6.000000e+00  1.900206e+00  1.191087e+02
     vertex -6.000000e+00  7.773569e+00  1.225356e+02
     vertex -6.000000e+00  7.895073e+00  1.223206e+02
   endloop
 endfacet
 facet normal -1.000000e+00  0.000000e+00 -0.000000e+00
   outer loop
     vertex -6.000000e+00 -1.121709e+00  1.161074e+02
     vertex -6.000000e+00 -1.069366e+00  1.160774e+02
     vertex -6.000000e+00 -4.374681e+00  1.101347e+02
   endloop
 endfacet
 facet normal -1.000000e+00  0.000000e+00  0.000000e+00
   outer loop
     vertex -6.000000e+00 -1.121709e+00  1.161074e+02
     vertex -6.000000e+00 -4.374681e+00  1.101347e+02
     vertex -6.000000e+00 -4.588810e+00  1.102577e+02
   endloop
 endfacet
 facet normal -1.000000e+00  0.000000e+00  0.000000e+00
   outer loop
     vertex -6.000000e+00  1.869074e+00  1.191604e+02
     vertex -6.000000e+00  7.773569e+00  1.225356e+02
     vertex -6.000000e+00  1.900206e+00  1.191087e+02
   endloop
 endfacet
 facet normal -1.000000e+00  0.000000e+00  0.000000e+00
   outer loop
     vertex -6.000000e+00  1.869074e+00  1.191604e+02
     vertex -6.000000e+00  7.646214e+00  1.227471e+02
     vertex -6.000000e+00  7.773569e+00  1.225356e+02
   endloop
 endfacet
 facet normal -1.000000e+00  0.000000e+00 -0.000000e+00
   outer loop
     vertex -6.000000e+00 -1.173207e+00  1.161389e+02
     vertex -6.000000e+00 -1.121709e+00  1.161074e+02
     vertex -6.000000e+00 -4.588810e+00  1.102577e+02
   endloop
 endfacet
 facet normal -1.000000e+00  0.000000e+00  0.000000e+00
   outer loop
     vertex -6.000000e+00 -1.173207e+00  1.161389e+02
     vertex -6.000000e+00 -4.799485e+00  1.103865e+02
     vertex -6.000000e+00 -5.006547e+00  1.105211e+02
   endloop
 endfacet
 facet normal -1.000000e+00  0.000000e+00  0.000000e+00
   outer loop
     vertex -6.000000e+00 -1.173207e+00  1.161389e+02
     vertex -6.000000e+00 -4.588810e+00  1.102577e+02
     vertex -6.000000e+00 -4.799485e+00  1.103865e+02
   endloop
 endfacet
 facet normal -1.000000e+00  0.000000e+00  0.000000e+00
   outer loop
     vertex -6.000000e+00  1.836536e+00  1.192113e+02
     vertex -6.000000e+00  7.646214e+00  1.227471e+02
     vertex -6.000000e+00  1.869074e+00  1.191604e+02
   endloop
 endfacet
 facet normal -1.000000e+00  0.000000e+00  0.000000e+00
   outer loop
     vertex -6.000000e+00  1.836536e+00  1.192113e+02
     vertex -6.000000e+00  7.513102e+00  1.229551e+02
     vertex -6.000000e+00  7.646214e+00  1.227471e+02
   endloop
 endfacet
 facet normal -1.000000e+00  0.000000e+00 -0.000000e+00
   outer loop
     vertex -6.000000e+00 -1.223822e+00  1.161718e+02
     vertex -6.000000e+00 -1.173207e+00  1.161389e+02
     vertex -6.000000e+00 -5.006547e+00  1.105211e+02
   endloop
 endfacet
 facet normal -1.000000e+00  0.000000e+00  0.000000e+00
   outer loop
     vertex -6.000000e+00  1.802615e+00  1.192612e+02
     vertex -6.000000e+00  7.513102e+00  1.229551e+02
     vertex -6.000000e+00  1.836536e+00  1.192113e+02
   endloop
 endfacet
 facet normal -1.000000e+00  0.000000e+00  0.000000e+00
   outer loop
     vertex -6.000000e+00  1.802615e+00  1.192612e+02
     vertex -6.000000e+00  7.374335e+00  1.231594e+02
     vertex -6.000000e+00  7.513102e+00  1.229551e+02
   endloop
 endfacet
 facet normal -1.000000e+00  0.000000e+00 -0.000000e+00
   outer loop
     vertex -6.000000e+00 -1.273516e+00  1.162061e+02
     vertex -6.000000e+00 -1.223822e+00  1.161718e+02
     vertex -6.000000e+00 -5.006547e+00  1.105211e+02
   endloop
 endfacet
 facet normal -1.000000e+00  0.000000e+00  0.000000e+00
   outer loop
     vertex -6.000000e+00 -1.273516e+00  1.162061e+02
     vertex -6.000000e+00 -5.006547e+00  1.105211e+02
     vertex -6.000000e+00 -5.209840e+00  1.106612e+02
   endloop
 endfacet
 facet normal -1.000000e+00  0.000000e+00  0.000000e+00
   outer loop
     vertex -6.000000e+00  1.767337e+00  1.193102e+02
     vertex -6.000000e+00  7.374335e+00  1.231594e+02
     vertex -6.000000e+00  1.802615e+00  1.192612e+02
   endloop
 endfacet
 facet normal -1.000000e+00  0.000000e+00  0.000000e+00
   outer loop
     vertex -6.000000e+00  1.767337e+00  1.193102e+02
     vertex -6.000000e+00  7.230017e+00  1.233597e+02
     vertex -6.000000e+00  7.374335e+00  1.231594e+02
   endloop
 endfacet
 facet normal -1.000000e+00  0.000000e+00  0.000000e+00
   outer loop
     vertex -6.000000e+00  1.767337e+00  1.193102e+02
     vertex -6.000000e+00  7.080256e+00  1.235561e+02
     vertex -6.000000e+00  7.230017e+00  1.233597e+02
   endloop
 endfacet
 facet normal -1.000000e+00  0.000000e+00 -0.000000e+00
   outer loop
     vertex -6.000000e+00 -1.322252e+00  1.162417e+02
     vertex -6.000000e+00 -1.273516e+00  1.162061e+02
     vertex -6.000000e+00 -5.209840e+00  1.106612e+02
   endloop
 endfacet
 facet normal -1.000000e+00  0.000000e+00  0.000000e+00
   outer loop
     vertex -6.000000e+00 -1.322252e+00  1.162417e+02
     vertex -6.000000e+00 -5.209840e+00  1.106612e+02
     vertex -6.000000e+00 -5.409211e+00  1.108069e+02
   endloop
 endfacet
 facet normal -1.000000e+00  0.000000e+00  0.000000e+00
   outer loop
     vertex -6.000000e+00  1.730729e+00  1.193582e+02
     vertex -6.000000e+00  7.080256e+00  1.235561e+02
     vertex -6.000000e+00  1.767337e+00  1.193102e+02
   endloop
 endfacet
 facet normal -1.000000e+00  0.000000e+00 -0.000000e+00
   outer loop
     vertex -6.000000e+00 -1.369991e+00  1.162786e+02
     vertex -6.000000e+00 -1.322252e+00  1.162417e+02
     vertex -6.000000e+00 -5.409211e+00  1.108069e+02
   endloop
 endfacet
 facet normal -1.000000e+00  0.000000e+00  0.000000e+00
   outer loop
     vertex -6.000000e+00 -1.369991e+00  1.162786e+02
     vertex -6.000000e+00 -5.409211e+00  1.108069e+02
     vertex -6.000000e+00 -5.604510e+00  1.109580e+02
   endloop
 endfacet
 facet normal -1.000000e+00  0.000000e+00  0.000000e+00
   outer loop
     vertex -6.000000e+00  1.692818e+00  1.194051e+02
     vertex -6.000000e+00  7.080256e+00  1.235561e+02
     vertex -6.000000e+00  1.730729e+00  1.193582e+02
   endloop
 endfacet
 facet normal -1.000000e+00  0.000000e+00  0.000000e+00
   outer loop
     vertex -6.000000e+00  1.692818e+00  1.194051e+02
     vertex -6.000000e+00  6.925166e+00  1.237482e+02
     vertex -6.000000e+00  7.080256e+00  1.235561e+02
   endloop
 endfacet
 facet normal -1.000000e+00  0.000000e+00  0.000000e+00
   outer loop
     vertex -6.000000e+00 -1.416700e+00  1.163169e+02
     vertex -6.000000e+00 -5.604510e+00  1.109580e+02
     vertex -6.000000e+00 -5.795591e+00  1.111144e+02
   endloop
 endfacet
 facet normal -1.000000e+00  0.000000e+00 -0.000000e+00
   outer loop
     vertex -6.000000e+00 -1.416700e+00  1.163169e+02
     vertex -6.000000e+00 -1.369991e+00  1.162786e+02
     vertex -6.000000e+00 -5.604510e+00  1.109580e+02
   endloop
 endfacet
 facet normal -1.000000e+00  0.000000e+00  0.000000e+00
   outer loop
     vertex -6.000000e+00  1.653633e+00  1.194510e+02
     vertex -6.000000e+00  6.925166e+00  1.237482e+02
     vertex -6.000000e+00  1.692818e+00  1.194051e+02
   endloop
 endfacet
 facet normal -1.000000e+00  0.000000e+00  0.000000e+00
   outer loop
     vertex -6.000000e+00  1.653633e+00  1.194510e+02
     vertex -6.000000e+00  6.764862e+00  1.239360e+02
     vertex -6.000000e+00  6.925166e+00  1.237482e+02
   endloop
 endfacet
 facet normal -1.000000e+00  0.000000e+00  0.000000e+00
   outer loop
     vertex -6.000000e+00 -1.462342e+00  1.163564e+02
     vertex -6.000000e+00 -5.795591e+00  1.111144e+02
     vertex -6.000000e+00 -5.982309e+00  1.112760e+02
   endloop
 endfacet
 facet normal -1.000000e+00  0.000000e+00 -0.000000e+00
   outer loop
     vertex -6.000000e+00 -1.462342e+00  1.163564e+02
     vertex -6.000000e+00 -1.416700e+00  1.163169e+02
     vertex -6.000000e+00 -5.795591e+00  1.111144e+02
   endloop
 endfacet
 facet normal -1.000000e+00  0.000000e+00  0.000000e+00
   outer loop
     vertex -6.000000e+00  1.613203e+00  1.194959e+02
     vertex -6.000000e+00  6.764862e+00  1.239360e+02
     vertex -6.000000e+00  1.653633e+00  1.194510e+02
   endloop
 endfacet
 facet normal -1.000000e+00  0.000000e+00  0.000000e+00
   outer loop
     vertex -6.000000e+00  1.613203e+00  1.194959e+02
     vertex -6.000000e+00  6.599466e+00  1.241194e+02
     vertex -6.000000e+00  6.764862e+00  1.239360e+02
   endloop
 endfacet
 facet normal -1.000000e+00  0.000000e+00 -0.000000e+00
   outer loop
     vertex -6.000000e+00 -1.506883e+00  1.163971e+02
     vertex -6.000000e+00 -1.462342e+00  1.163564e+02
     vertex -6.000000e+00 -5.982309e+00  1.112760e+02
   endloop
 endfacet
 facet normal -1.000000e+00  0.000000e+00  0.000000e+00
   outer loop
     vertex -6.000000e+00 -1.506883e+00  1.163971e+02
     vertex -6.000000e+00 -5.982309e+00  1.112760e+02
     vertex -6.000000e+00 -6.164523e+00  1.114427e+02
   endloop
 endfacet
 facet normal -1.000000e+00  0.000000e+00  0.000000e+00
   outer loop
     vertex -6.000000e+00  1.571558e+00  1.195395e+02
     vertex -6.000000e+00  6.599466e+00  1.241194e+02
     vertex -6.000000e+00  1.613203e+00  1.194959e+02
   endloop
 endfacet
 facet normal -1.000000e+00  0.000000e+00  0.000000e+00
   outer loop
     vertex -6.000000e+00  1.571558e+00  1.195395e+02
     vertex -6.000000e+00  6.429102e+00  1.242981e+02
     vertex -6.000000e+00  6.599466e+00  1.241194e+02
   endloop
 endfacet
 facet normal -1.000000e+00  0.000000e+00 -0.000000e+00
   outer loop
     vertex -6.000000e+00 -1.550290e+00  1.164390e+02
     vertex -6.000000e+00 -1.506883e+00  1.163971e+02
     vertex -6.000000e+00 -6.164523e+00  1.114427e+02
   endloop
 endfacet
 facet normal -1.000000e+00  0.000000e+00  0.000000e+00
   outer loop
     vertex -6.000000e+00 -1.550290e+00  1.164390e+02
     vertex -6.000000e+00 -6.164523e+00  1.114427e+02
     vertex -6.000000e+00 -6.342097e+00  1.116143e+02
   endloop
 endfacet
 facet normal -1.000000e+00  0.000000e+00  0.000000e+00
   outer loop
     vertex -6.000000e+00  1.528731e+00  1.195821e+02
     vertex -6.000000e+00  6.429102e+00  1.242981e+02
     vertex -6.000000e+00  1.571558e+00  1.195395e+02
   endloop
 endfacet
 facet normal -1.000000e+00  0.000000e+00 -0.000000e+00
   outer loop
     vertex -6.000000e+00  6.253899e+00  1.244722e+02
     vertex -6.000000e+00  6.429102e+00  1.242981e+02
     vertex -6.000000e+00  1.528731e+00  1.195821e+02
   endloop
 endfacet
 facet normal -1.000000e+00  0.000000e+00  0.000000e+00
   outer loop
     vertex -6.000000e+00 -6.514897e+00  1.117906e+02
     vertex -6.000000e+00 -1.592530e+00  1.164822e+02
     vertex -6.000000e+00 -1.550290e+00  1.164390e+02
   endloop
 endfacet
 facet normal -1.000000e+00  0.000000e+00  0.000000e+00
   outer loop
     vertex -6.000000e+00 -6.514897e+00  1.117906e+02
     vertex -6.000000e+00 -1.550290e+00  1.164390e+02
     vertex -6.000000e+00 -6.342097e+00  1.116143e+02
   endloop
 endfacet
 facet normal -1.000000e+00  0.000000e+00 -0.000000e+00
   outer loop
     vertex -6.000000e+00  6.073988e+00  1.246413e+02
     vertex -6.000000e+00  6.253899e+00  1.244722e+02
     vertex -6.000000e+00  1.528731e+00  1.195821e+02
   endloop
 endfacet
 facet normal -1.000000e+00  0.000000e+00  0.000000e+00
   outer loop
     vertex -6.000000e+00  6.073988e+00  1.246413e+02
     vertex -6.000000e+00  1.528731e+00  1.195821e+02
     vertex -6.000000e+00  1.484753e+00  1.196234e+02
   endloop
 endfacet
 facet normal -1.000000e+00  0.000000e+00  0.000000e+00
   outer loop
     vertex -6.000000e+00  6.073988e+00  1.246413e+02
     vertex -6.000000e+00  1.484753e+00  1.196234e+02
     vertex -6.000000e+00  1.439657e+00  1.196635e+02
   endloop
 endfacet
 facet normal -1.000000e+00  0.000000e+00  0.000000e+00
   outer loop
     vertex -6.000000e+00 -6.682793e+00  1.119717e+02
     vertex -6.000000e+00 -1.633572e+00  1.165264e+02
     vertex -6.000000e+00 -1.592530e+00  1.164822e+02
   endloop
 endfacet
 facet normal -1.000000e+00  0.000000e+00  0.000000e+00
   outer loop
     vertex -6.000000e+00 -6.682793e+00  1.119717e+02
     vertex -6.000000e+00 -1.592530e+00  1.164822e+02
     vertex -6.000000e+00 -6.514897e+00  1.117906e+02
   endloop
 endfacet
 facet normal -1.000000e+00  0.000000e+00 -0.000000e+00
   outer loop
     vertex -6.000000e+00  5.889504e+00  1.248054e+02
     vertex -6.000000e+00  6.073988e+00  1.246413e+02
     vertex -6.000000e+00  1.439657e+00  1.196635e+02
   endloop
 endfacet
 facet normal -1.000000e+00  0.000000e+00  0.000000e+00
   outer loop
     vertex -6.000000e+00 -6.845658e+00  1.121573e+02
     vertex -6.000000e+00 -1.711935e+00  1.166182e+02
     vertex -6.000000e+00 -1.673383e+00  1.165718e+02
   endloop
 endfacet
 facet normal -1.000000e+00  0.000000e+00  0.000000e+00
   outer loop
     vertex -6.000000e+00 -6.845658e+00  1.121573e+02
     vertex -6.000000e+00 -1.673383e+00  1.165718e+02
     vertex -6.000000e+00 -1.633572e+00  1.165264e+02
   endloop
 endfacet
 facet normal -1.000000e+00  0.000000e+00  0.000000e+00
   outer loop
     vertex -6.000000e+00 -6.845658e+00  1.121573e+02
     vertex -6.000000e+00 -1.633572e+00  1.165264e+02
     vertex -6.000000e+00 -6.682793e+00  1.119717e+02
   endloop
 endfacet
 facet normal -1.000000e+00  0.000000e+00  0.000000e+00
   outer loop
     vertex -6.000000e+00  5.700587e+00  1.249644e+02
     vertex -6.000000e+00  1.439657e+00  1.196635e+02
     vertex -6.000000e+00  1.393477e+00  1.197024e+02
   endloop
 endfacet
 facet normal -1.000000e+00  0.000000e+00  0.000000e+00
   outer loop
     vertex -6.000000e+00  5.700587e+00  1.249644e+02
     vertex -6.000000e+00  1.393477e+00  1.197024e+02
     vertex -6.000000e+00  1.346248e+00  1.197400e+02
   endloop
 endfacet
 facet normal -1.000000e+00  0.000000e+00 -0.000000e+00
   outer loop
     vertex -6.000000e+00  5.700587e+00  1.249644e+02
     vertex -6.000000e+00  5.889504e+00  1.248054e+02
     vertex -6.000000e+00  1.439657e+00  1.196635e+02
   endloop
 endfacet
 facet normal -1.000000e+00  0.000000e+00  0.000000e+00
   outer loop
     vertex -6.000000e+00 -7.003370e+00  1.123473e+02
     vertex -6.000000e+00 -1.749198e+00  1.166657e+02
     vertex -6.000000e+00 -1.711935e+00  1.166182e+02
   endloop
 endfacet
 facet normal -1.000000e+00  0.000000e+00  0.000000e+00
   outer loop
     vertex -6.000000e+00 -7.003370e+00  1.123473e+02
     vertex -6.000000e+00 -1.711935e+00  1.166182e+02
     vertex -6.000000e+00 -6.845658e+00  1.121573e+02
   endloop
 endfacet
 facet normal -1.000000e+00  0.000000e+00  0.000000e+00
   outer loop
     vertex -6.000000e+00  5.507379e+00  1.251182e+02
     vertex -6.000000e+00  1.346248e+00  1.197400e+02
     vertex -6.000000e+00  1.298006e+00  1.197763e+02
   endloop
 endfacet
 facet normal -1.000000e+00  0.000000e+00 -0.000000e+00
   outer loop
     vertex -6.000000e+00  5.507379e+00  1.251182e+02
     vertex -6.000000e+00  5.700587e+00  1.249644e+02
     vertex -6.000000e+00  1.346248e+00  1.197400e+02
   endloop
 endfacet
 facet normal -1.000000e+00  0.000000e+00  0.000000e+00
   outer loop
     vertex -6.000000e+00 -7.155810e+00  1.125416e+02
     vertex -6.000000e+00 -1.749198e+00  1.166657e+02
     vertex -6.000000e+00 -7.003370e+00  1.123473e+02
   endloop
 endfacet
 facet normal -1.000000e+00  0.000000e+00 -0.000000e+00
   outer loop
     vertex -6.000000e+00  5.310025e+00  1.252666e+02
     vertex -6.000000e+00  5.507379e+00  1.251182e+02
     vertex -6.000000e+00  1.298006e+00  1.197763e+02
   endloop
 endfacet
 facet normal -1.000000e+00  0.000000e+00  0.000000e+00
   outer loop
     vertex -6.000000e+00 -7.302863e+00  1.127399e+02
     vertex -6.000000e+00 -1.785144e+00  1.167142e+02
     vertex -6.000000e+00 -1.749198e+00  1.166657e+02
   endloop
 endfacet
 facet normal -1.000000e+00  0.000000e+00  0.000000e+00
   outer loop
     vertex -6.000000e+00 -7.302863e+00  1.127399e+02
     vertex -6.000000e+00 -1.749198e+00  1.166657e+02
     vertex -6.000000e+00 -7.155810e+00  1.125416e+02
   endloop
 endfacet
 facet normal -1.000000e+00  0.000000e+00 -0.000000e+00
   outer loop
     vertex -6.000000e+00  5.108674e+00  1.254096e+02
     vertex -6.000000e+00  5.310025e+00  1.252666e+02
     vertex -6.000000e+00  1.298006e+00  1.197763e+02
   endloop
 endfacet
 facet normal -1.000000e+00  0.000000e+00  0.000000e+00
   outer loop
     vertex -6.000000e+00  5.108674e+00  1.254096e+02
     vertex -6.000000e+00  1.298006e+00  1.197763e+02
     vertex -6.000000e+00  1.248787e+00  1.198112e+02
   endloop
 endfacet
 facet normal -1.000000e+00  0.000000e+00  0.000000e+00
   outer loop
     vertex -6.000000e+00 -7.444419e+00  1.129423e+02
     vertex -6.000000e+00 -1.819747e+00  1.167637e+02
     vertex -6.000000e+00 -1.785144e+00  1.167142e+02
   endloop
 endfacet
 facet normal -1.000000e+00  0.000000e+00  0.000000e+00
   outer loop
     vertex -6.000000e+00 -7.444419e+00  1.129423e+02
     vertex -6.000000e+00 -1.785144e+00  1.167142e+02
     vertex -6.000000e+00 -7.302863e+00  1.127399e+02
   endloop
 endfacet
 facet normal -1.000000e+00  0.000000e+00  0.000000e+00
   outer loop
     vertex -6.000000e+00  4.903477e+00  1.255469e+02
     vertex -6.000000e+00  1.248787e+00  1.198112e+02
     vertex -6.000000e+00  1.198628e+00  1.198448e+02
   endloop
 endfacet
 facet normal -1.000000e+00  0.000000e+00 -0.000000e+00
   outer loop
     vertex -6.000000e+00  4.903477e+00  1.255469e+02
     vertex -6.000000e+00  5.108674e+00  1.254096e+02
     vertex -6.000000e+00  1.248787e+00  1.198112e+02
   endloop
 endfacet
 facet normal -1.000000e+00  0.000000e+00  0.000000e+00
   outer loop
     vertex -6.000000e+00 -7.580371e+00  1.131484e+02
     vertex -6.000000e+00 -1.852980e+00  1.168141e+02
     vertex -6.000000e+00 -1.819747e+00  1.167637e+02
   endloop
 endfacet
 facet normal -1.000000e+00  0.000000e+00  0.000000e+00
   outer loop
     vertex -6.000000e+00 -7.580371e+00  1.131484e+02
     vertex -6.000000e+00 -1.819747e+00  1.167637e+02
     vertex -6.000000e+00 -7.444419e+00  1.129423e+02
   endloop
 endfacet
 facet normal -1.000000e+00  0.000000e+00  0.000000e+00
   outer loop
     vertex -6.000000e+00  4.694589e+00  1.256786e+02
     vertex -6.000000e+00  1.198628e+00  1.198448e+02
     vertex -6.000000e+00  1.147566e+00  1.198770e+02
   endloop
 endfacet
 facet normal -1.000000e+00  0.000000e+00  0.000000e+00
   outer loop
     vertex -6.000000e+00  4.694589e+00  1.256786e+02
     vertex -6.000000e+00  1.147566e+00  1.198770e+02
     vertex -6.000000e+00  1.095641e+00  1.199078e+02
   endloop
 endfacet
 facet normal -1.000000e+00  0.000000e+00 -0.000000e+00
   outer loop
     vertex -6.000000e+00  4.694589e+00  1.256786e+02
     vertex -6.000000e+00  4.903477e+00  1.255469e+02
     vertex -6.000000e+00  1.198628e+00  1.198448e+02
   endloop
 endfacet
 facet normal -1.000000e+00  0.000000e+00  0.000000e+00
   outer loop
     vertex -6.000000e+00 -7.710617e+00  1.133582e+02
     vertex -6.000000e+00 -1.884817e+00  1.168653e+02
     vertex -6.000000e+00 -1.852980e+00  1.168141e+02
   endloop
 endfacet
 facet normal -1.000000e+00  0.000000e+00  0.000000e+00
   outer loop
     vertex -6.000000e+00 -7.710617e+00  1.133582e+02
     vertex -6.000000e+00 -1.852980e+00  1.168141e+02
     vertex -6.000000e+00 -7.580371e+00  1.131484e+02
   endloop
 endfacet
 facet normal -1.000000e+00  0.000000e+00  0.000000e+00
   outer loop
     vertex -6.000000e+00  4.482167e+00  1.258045e+02
     vertex -6.000000e+00  1.095641e+00  1.199078e+02
     vertex -6.000000e+00  1.042891e+00  1.199371e+02
   endloop
 endfacet
 facet normal -1.000000e+00  0.000000e+00 -0.000000e+00
   outer loop
     vertex -6.000000e+00  4.482167e+00  1.258045e+02
     vertex -6.000000e+00  4.694589e+00  1.256786e+02
     vertex -6.000000e+00  1.095641e+00  1.199078e+02
   endloop
 endfacet
 facet normal -1.000000e+00  0.000000e+00  0.000000e+00
   outer loop
     vertex -6.000000e+00 -7.835058e+00  1.135715e+02
     vertex -6.000000e+00 -1.915236e+00  1.169175e+02
     vertex -6.000000e+00 -1.884817e+00  1.168653e+02
   endloop
 endfacet
 facet normal -1.000000e+00  0.000000e+00  0.000000e+00
   outer loop
     vertex -6.000000e+00 -7.835058e+00  1.135715e+02
     vertex -6.000000e+00 -1.884817e+00  1.168653e+02
     vertex -6.000000e+00 -7.710617e+00  1.133582e+02
   endloop
 endfacet
 facet normal -1.000000e+00  0.000000e+00 -0.000000e+00
   outer loop
     vertex -6.000000e+00  4.266371e+00  1.259245e+02
     vertex -6.000000e+00  4.482167e+00  1.258045e+02
     vertex -6.000000e+00  1.042891e+00  1.199371e+02
   endloop
 endfacet
 facet normal -1.000000e+00  0.000000e+00  0.000000e+00
   outer loop
     vertex -6.000000e+00 -7.953602e+00  1.137881e+02
     vertex -6.000000e+00 -1.944214e+00  1.169704e+02
     vertex -6.000000e+00 -1.915236e+00  1.169175e+02
   endloop
 endfacet
 facet normal -1.000000e+00  0.000000e+00  0.000000e+00
   outer loop
     vertex -6.000000e+00 -7.953602e+00  1.137881e+02
     vertex -6.000000e+00 -1.915236e+00  1.169175e+02
     vertex -6.000000e+00 -7.835058e+00  1.135715e+02
   endloop
 endfacet
 facet normal -1.000000e+00  0.000000e+00 -0.000000e+00
   outer loop
     vertex -6.000000e+00  4.047364e+00  1.260386e+02
     vertex -6.000000e+00  4.266371e+00  1.259245e+02
     vertex -6.000000e+00  1.042891e+00  1.199371e+02
   endloop
 endfacet
 facet normal -1.000000e+00  0.000000e+00  0.000000e+00
   outer loop
     vertex -6.000000e+00  4.047364e+00  1.260386e+02
     vertex -6.000000e+00  1.042891e+00  1.199371e+02
     vertex -6.000000e+00  9.893555e-01  1.199650e+02
   endloop
 endfacet
 facet normal -1.000000e+00  0.000000e+00  0.000000e+00
   outer loop
     vertex -6.000000e+00 -8.066158e+00  1.140079e+02
     vertex -6.000000e+00 -1.997757e+00  1.170786e+02
     vertex -6.000000e+00 -1.971728e+00  1.170241e+02
   endloop
 endfacet
 facet normal -1.000000e+00  0.000000e+00  0.000000e+00
   outer loop
     vertex -6.000000e+00 -8.066158e+00  1.140079e+02
     vertex -6.000000e+00 -1.971728e+00  1.170241e+02
     vertex -6.000000e+00 -1.944214e+00  1.169704e+02
   endloop
 endfacet
 facet normal -1.000000e+00  0.000000e+00  0.000000e+00
   outer loop
     vertex -6.000000e+00 -8.066158e+00  1.140079e+02
     vertex -6.000000e+00 -1.944214e+00  1.169704e+02
     vertex -6.000000e+00 -7.953602e+00  1.137881e+02
   endloop
 endfacet
 facet normal -1.000000e+00  0.000000e+00  0.000000e+00
   outer loop
     vertex -6.000000e+00  3.825309e+00  1.261466e+02
     vertex -6.000000e+00  9.893555e-01  1.199650e+02
     vertex -6.000000e+00  9.350756e-01  1.199914e+02
   endloop
 endfacet
 facet normal -1.000000e+00  0.000000e+00 -0.000000e+00
   outer loop
     vertex -6.000000e+00  3.825309e+00  1.261466e+02
     vertex -6.000000e+00  4.047364e+00  1.260386e+02
     vertex -6.000000e+00  9.893555e-01  1.199650e+02
   endloop
 endfacet
 facet normal -1.000000e+00  0.000000e+00  0.000000e+00
   outer loop
     vertex -6.000000e+00 -8.172642e+00  1.142307e+02
     vertex -6.000000e+00 -1.997757e+00  1.170786e+02
     vertex -6.000000e+00 -8.066158e+00  1.140079e+02
   endloop
 endfacet
 facet normal -1.000000e+00  0.000000e+00  0.000000e+00
   outer loop
     vertex -6.000000e+00  3.600375e+00  1.262485e+02
     vertex -6.000000e+00  9.350756e-01  1.199914e+02
     vertex -6.000000e+00  8.800918e-01  1.200163e+02
   endloop
 endfacet
 facet normal -1.000000e+00  0.000000e+00 -0.000000e+00
   outer loop
     vertex -6.000000e+00  3.600375e+00  1.262485e+02
     vertex -6.000000e+00  3.825309e+00  1.261466e+02
     vertex -6.000000e+00  9.350756e-01  1.199914e+02
   endloop
 endfacet
 facet normal -1.000000e+00  0.000000e+00  0.000000e+00
   outer loop
     vertex -6.000000e+00 -8.272974e+00  1.144563e+02
     vertex -6.000000e+00 -1.997757e+00  1.170786e+02
     vertex -6.000000e+00 -8.172642e+00  1.142307e+02
   endloop
 endfacet
 facet normal -1.000000e+00  0.000000e+00  0.000000e+00
   outer loop
     vertex -6.000000e+00 -8.272974e+00  1.144563e+02
     vertex -6.000000e+00 -2.022283e+00  1.171338e+02
     vertex -6.000000e+00 -1.997757e+00  1.170786e+02
   endloop
 endfacet
 facet normal -1.000000e+00  0.000000e+00  0.000000e+00
   outer loop
     vertex -6.000000e+00  3.372731e+00  1.263441e+02
     vertex -6.000000e+00  8.800918e-01  1.200163e+02
     vertex -6.000000e+00  8.244454e-01  1.200397e+02
   endloop
 endfacet
 facet normal -1.000000e+00  0.000000e+00 -0.000000e+00
   outer loop
     vertex -6.000000e+00  3.372731e+00  1.263441e+02
     vertex -6.000000e+00  3.600375e+00  1.262485e+02
     vertex -6.000000e+00  8.800918e-01  1.200163e+02
   endloop
 endfacet
 facet normal -1.000000e+00  0.000000e+00  0.000000e+00
   outer loop
     vertex -6.000000e+00 -8.367079e+00  1.146846e+02
     vertex -6.000000e+00 -2.022283e+00  1.171338e+02
     vertex -6.000000e+00 -8.272974e+00  1.144563e+02
   endloop
 endfacet
 facet normal -1.000000e+00  0.000000e+00  0.000000e+00
   outer loop
     vertex -6.000000e+00 -8.367079e+00  1.146846e+02
     vertex -6.000000e+00 -2.045286e+00  1.171896e+02
     vertex -6.000000e+00 -2.022283e+00  1.171338e+02
   endloop
 endfacet
 facet normal -1.000000e+00  0.000000e+00  0.000000e+00
   outer loop
     vertex -6.000000e+00  3.142548e+00  1.264335e+02
     vertex -6.000000e+00  8.244454e-01  1.200397e+02
     vertex -6.000000e+00  7.681785e-01  1.200615e+02
   endloop
 endfacet
 facet normal -1.000000e+00  0.000000e+00  0.000000e+00
   outer loop
     vertex -6.000000e+00  3.142548e+00  1.264335e+02
     vertex -6.000000e+00  7.681785e-01  1.200615e+02
     vertex -6.000000e+00  7.113333e-01  1.200818e+02
   endloop
 endfacet
 facet normal -1.000000e+00  0.000000e+00 -0.000000e+00
   outer loop
     vertex -6.000000e+00  3.142548e+00  1.264335e+02
     vertex -6.000000e+00  3.372731e+00  1.263441e+02
     vertex -6.000000e+00  8.244454e-01  1.200397e+02
   endloop
 endfacet
 facet normal -1.000000e+00  0.000000e+00  0.000000e+00
   outer loop
     vertex -6.000000e+00 -8.454885e+00  1.149154e+02
     vertex -6.000000e+00 -2.066750e+00  1.172460e+02
     vertex -6.000000e+00 -2.045286e+00  1.171896e+02
   endloop
 endfacet
 facet normal -1.000000e+00  0.000000e+00  0.000000e+00
   outer loop
     vertex -6.000000e+00 -8.454885e+00  1.149154e+02
     vertex -6.000000e+00 -2.045286e+00  1.171896e+02
     vertex -6.000000e+00 -8.367079e+00  1.146846e+02
   endloop
 endfacet
 facet normal -1.000000e+00  0.000000e+00 -0.000000e+00
   outer loop
     vertex -6.000000e+00  2.910000e+00  1.265166e+02
     vertex -6.000000e+00  3.142548e+00  1.264335e+02
     vertex -6.000000e+00  7.113333e-01  1.200818e+02
   endloop
 endfacet
 facet normal -1.000000e+00  0.000000e+00  0.000000e+00
   outer loop
     vertex -6.000000e+00 -8.536327e+00  1.151485e+02
     vertex -6.000000e+00 -2.066750e+00  1.172460e+02
     vertex -6.000000e+00 -8.454885e+00  1.149154e+02
   endloop
 endfacet
 facet normal -1.000000e+00  0.000000e+00  0.000000e+00
   outer loop
     vertex -6.000000e+00 -8.536327e+00  1.151485e+02
     vertex -6.000000e+00 -2.104995e+00  1.173605e+02
     vertex -6.000000e+00 -2.086658e+00  1.173030e+02
   endloop
 endfacet
 facet normal -1.000000e+00  0.000000e+00  0.000000e+00
   outer loop
     vertex -6.000000e+00 -8.536327e+00  1.151485e+02
     vertex -6.000000e+00 -2.086658e+00  1.173030e+02
     vertex -6.000000e+00 -2.066750e+00  1.172460e+02
   endloop
 endfacet
 facet normal -1.000000e+00  0.000000e+00  0.000000e+00
   outer loop
     vertex -6.000000e+00  2.675261e+00  1.265932e+02
     vertex -6.000000e+00  7.113333e-01  1.200818e+02
     vertex -6.000000e+00  6.539526e-01  1.201006e+02
   endloop
 endfacet
 facet normal -1.000000e+00  0.000000e+00 -0.000000e+00
   outer loop
     vertex -6.000000e+00  2.675261e+00  1.265932e+02
     vertex -6.000000e+00  2.910000e+00  1.265166e+02
     vertex -6.000000e+00  7.113333e-01  1.200818e+02
   endloop
 endfacet
 facet normal -1.000000e+00  0.000000e+00  0.000000e+00
   outer loop
     vertex -6.000000e+00 -8.611342e+00  1.153837e+02
     vertex -6.000000e+00 -2.104995e+00  1.173605e+02
     vertex -6.000000e+00 -8.536327e+00  1.151485e+02
   endloop
 endfacet
 facet normal -1.000000e+00  0.000000e+00  0.000000e+00
   outer loop
     vertex -6.000000e+00 -8.611342e+00  1.153837e+02
     vertex -6.000000e+00 -2.121747e+00  1.174185e+02
     vertex -6.000000e+00 -2.104995e+00  1.173605e+02
   endloop
 endfacet
 facet normal -1.000000e+00  0.000000e+00  0.000000e+00
   outer loop
     vertex -6.000000e+00  2.438507e+00  1.266634e+02
     vertex -6.000000e+00  6.539526e-01  1.201006e+02
     vertex -6.000000e+00  5.960796e-01  1.201177e+02
   endloop
 endfacet
 facet normal -1.000000e+00  0.000000e+00 -0.000000e+00
   outer loop
     vertex -6.000000e+00  2.438507e+00  1.266634e+02
     vertex -6.000000e+00  2.675261e+00  1.265932e+02
     vertex -6.000000e+00  6.539526e-01  1.201006e+02
   endloop
 endfacet
 facet normal -1.000000e+00  0.000000e+00  0.000000e+00
   outer loop
     vertex -6.000000e+00 -8.679875e+00  1.156210e+02
     vertex -6.000000e+00 -2.121747e+00  1.174185e+02
     vertex -6.000000e+00 -8.611342e+00  1.153837e+02
   endloop
 endfacet
 facet normal -1.000000e+00  0.000000e+00  0.000000e+00
   outer loop
     vertex -6.000000e+00  2.199919e+00  1.267270e+02
     vertex -6.000000e+00  5.960796e-01  1.201177e+02
     vertex -6.000000e+00  5.377579e-01  1.201333e+02
   endloop
 endfacet
 facet normal -1.000000e+00  0.000000e+00 -0.000000e+00
   outer loop
     vertex -6.000000e+00  2.199919e+00  1.267270e+02
     vertex -6.000000e+00  2.438507e+00  1.266634e+02
     vertex -6.000000e+00  5.960796e-01  1.201177e+02
   endloop
 endfacet
 facet normal -1.000000e+00  0.000000e+00  0.000000e+00
   outer loop
     vertex -6.000000e+00 -8.741875e+00  1.158600e+02
     vertex -6.000000e+00 -2.121747e+00  1.174185e+02
     vertex -6.000000e+00 -8.679875e+00  1.156210e+02
   endloop
 endfacet
 facet normal -1.000000e+00  0.000000e+00  0.000000e+00
   outer loop
     vertex -6.000000e+00 -8.741875e+00  1.158600e+02
     vertex -6.000000e+00 -2.136903e+00  1.174769e+02
     vertex -6.000000e+00 -2.121747e+00  1.174185e+02
   endloop
 endfacet
 facet normal -1.000000e+00  0.000000e+00 -0.000000e+00
   outer loop
     vertex -6.000000e+00  1.959674e+00  1.267841e+02
     vertex -6.000000e+00  2.199919e+00  1.267270e+02
     vertex -6.000000e+00  5.377579e-01  1.201333e+02
   endloop
 endfacet
 facet normal -1.000000e+00  0.000000e+00  0.000000e+00
   outer loop
     vertex -6.000000e+00  1.959674e+00  1.267841e+02
     vertex -6.000000e+00  5.377579e-01  1.201333e+02
     vertex -6.000000e+00  4.790315e-01  1.201472e+02
   endloop
 endfacet
 facet normal -1.000000e+00  0.000000e+00  0.000000e+00
   outer loop
     vertex -6.000000e+00 -8.797294e+00  1.161006e+02
     vertex -6.000000e+00 -2.136903e+00  1.174769e+02
     vertex -6.000000e+00 -8.741875e+00  1.158600e+02
   endloop
 endfacet
 facet normal -1.000000e+00  0.000000e+00  0.000000e+00
   outer loop
     vertex -6.000000e+00 -8.797294e+00  1.161006e+02
     vertex -6.000000e+00 -2.150450e+00  1.175357e+02
     vertex -6.000000e+00 -2.136903e+00  1.174769e+02
   endloop
 endfacet
 facet normal -1.000000e+00  0.000000e+00  0.000000e+00
   outer loop
     vertex -6.000000e+00  1.717954e+00  1.268345e+02
     vertex -6.000000e+00  4.790315e-01  1.201472e+02
     vertex -6.000000e+00  4.199444e-01  1.201595e+02
   endloop
 endfacet
 facet normal -1.000000e+00  0.000000e+00 -0.000000e+00
   outer loop
     vertex -6.000000e+00  1.717954e+00  1.268345e+02
     vertex -6.000000e+00  1.959674e+00  1.267841e+02
     vertex -6.000000e+00  4.790315e-01  1.201472e+02
   endloop
 endfacet
 facet normal -1.000000e+00  0.000000e+00  0.000000e+00
   outer loop
     vertex -6.000000e+00 -8.846090e+00  1.163427e+02
     vertex -6.000000e+00 -2.150450e+00  1.175357e+02
     vertex -6.000000e+00 -8.797294e+00  1.161006e+02
   endloop
 endfacet
 facet normal -1.000000e+00  0.000000e+00  0.000000e+00
   outer loop
     vertex -6.000000e+00 -8.846090e+00  1.163427e+02
     vertex -6.000000e+00 -2.162378e+00  1.175949e+02
     vertex -6.000000e+00 -2.150450e+00  1.175357e+02
   endloop
 endfacet
 facet normal -1.000000e+00  0.000000e+00  0.000000e+00
   outer loop
     vertex -6.000000e+00  1.474941e+00  1.268783e+02
     vertex -6.000000e+00  4.199444e-01  1.201595e+02
     vertex -6.000000e+00  3.605412e-01  1.201703e+02
   endloop
 endfacet
 facet normal -1.000000e+00  0.000000e+00 -0.000000e+00
   outer loop
     vertex -6.000000e+00  1.474941e+00  1.268783e+02
     vertex -6.000000e+00  1.717954e+00  1.268345e+02
     vertex -6.000000e+00  4.199444e-01  1.201595e+02
   endloop
 endfacet
 facet normal -1.000000e+00  0.000000e+00  0.000000e+00
   outer loop
     vertex -6.000000e+00 -8.888227e+00  1.165860e+02
     vertex -6.000000e+00 -2.162378e+00  1.175949e+02
     vertex -6.000000e+00 -8.846090e+00  1.163427e+02
   endloop
 endfacet
 facet normal -1.000000e+00  0.000000e+00  0.000000e+00
   outer loop
     vertex -6.000000e+00 -8.888227e+00  1.165860e+02
     vertex -6.000000e+00 -2.172678e+00  1.176544e+02
     vertex -6.000000e+00 -2.162378e+00  1.175949e+02
   endloop
 endfacet
 facet normal -1.000000e+00  0.000000e+00 -0.000000e+00
   outer loop
     vertex -6.000000e+00  1.230818e+00  1.269154e+02
     vertex -6.000000e+00  1.474941e+00  1.268783e+02
     vertex -6.000000e+00  3.605412e-01  1.201703e+02
   endloop
 endfacet
 facet normal -1.000000e+00  0.000000e+00  0.000000e+00
   outer loop
     vertex -6.000000e+00  1.230818e+00  1.269154e+02
     vertex -6.000000e+00  3.605412e-01  1.201703e+02
     vertex -6.000000e+00  3.008666e-01  1.201793e+02
   endloop
 endfacet
 facet normal -1.000000e+00  0.000000e+00  0.000000e+00
   outer loop
     vertex -6.000000e+00  1.230818e+00  1.269154e+02
     vertex -6.000000e+00  3.008666e-01  1.201793e+02
     vertex -6.000000e+00  2.409655e-01  1.201868e+02
   endloop
 endfacet
 facet normal -1.000000e+00  0.000000e+00  0.000000e+00
   outer loop
     vertex -6.000000e+00 -8.923674e+00  1.168304e+02
     vertex -6.000000e+00 -2.172678e+00  1.176544e+02
     vertex -6.000000e+00 -8.888227e+00  1.165860e+02
   endloop
 endfacet
 facet normal -1.000000e+00  0.000000e+00  0.000000e+00
   outer loop
     vertex -6.000000e+00 -8.923674e+00  1.168304e+02
     vertex -6.000000e+00 -2.188365e+00  1.177740e+02
     vertex -6.000000e+00 -2.181342e+00  1.177141e+02
   endloop
 endfacet
 facet normal -1.000000e+00  0.000000e+00  0.000000e+00
   outer loop
     vertex -6.000000e+00 -8.923674e+00  1.168304e+02
     vertex -6.000000e+00 -2.181342e+00  1.177141e+02
     vertex -6.000000e+00 -2.172678e+00  1.176544e+02
   endloop
 endfacet
 facet normal -1.000000e+00  0.000000e+00 -0.000000e+00
   outer loop
     vertex -6.000000e+00  9.857679e-01  1.269459e+02
     vertex -6.000000e+00  1.230818e+00  1.269154e+02
     vertex -6.000000e+00  2.409655e-01  1.201868e+02
   endloop
 endfacet
 facet normal -1.000000e+00  0.000000e+00  0.000000e+00
   outer loop
     vertex -6.000000e+00 -8.952403e+00  1.170756e+02
     vertex -6.000000e+00 -2.188365e+00  1.177740e+02
     vertex -6.000000e+00 -8.923674e+00  1.168304e+02
   endloop
 endfacet
 facet normal -1.000000e+00  0.000000e+00  0.000000e+00
   outer loop
     vertex -6.000000e+00 -8.952403e+00  1.170756e+02
     vertex -6.000000e+00 -2.193740e+00  1.178342e+02
     vertex -6.000000e+00 -2.188365e+00  1.177740e+02
   endloop
 endfacet
 facet normal -1.000000e+00  0.000000e+00 -0.000000e+00
   outer loop
     vertex -6.000000e+00  7.399760e-01  1.269695e+02
     vertex -6.000000e+00  9.857679e-01  1.269459e+02
     vertex -6.000000e+00  2.409655e-01  1.201868e+02
   endloop
 endfacet
 facet normal -1.000000e+00  0.000000e+00  0.000000e+00
   outer loop
     vertex -6.000000e+00  7.399760e-01  1.269695e+02
     vertex -6.000000e+00  2.409655e-01  1.201868e+02
     vertex -6.000000e+00  1.808830e-01  1.201926e+02
   endloop
 endfacet
 facet normal -1.000000e+00  0.000000e+00  0.000000e+00
   outer loop
     vertex -6.000000e+00 -8.974393e+00  1.173216e+02
     vertex -6.000000e+00 -2.193740e+00  1.178342e+02
     vertex -6.000000e+00 -8.952403e+00  1.170756e+02
   endloop
 endfacet
 facet normal -1.000000e+00  0.000000e+00  0.000000e+00
   outer loop
     vertex -6.000000e+00 -8.974393e+00  1.173216e+02
     vertex -6.000000e+00 -2.197464e+00  1.178944e+02
     vertex -6.000000e+00 -2.193740e+00  1.178342e+02
   endloop
 endfacet
 facet normal -1.000000e+00  0.000000e+00 -0.000000e+00
   outer loop
     vertex -6.000000e+00  4.936270e-01  1.269865e+02
     vertex -6.000000e+00  7.399760e-01  1.269695e+02
     vertex -6.000000e+00  1.808830e-01  1.201926e+02
   endloop
 endfacet
 facet normal -1.000000e+00  0.000000e+00  0.000000e+00
   outer loop
     vertex -6.000000e+00  4.936270e-01  1.269865e+02
     vertex -6.000000e+00  1.808830e-01  1.201926e+02
     vertex -6.000000e+00  1.206644e-01  1.201967e+02
   endloop
 endfacet
 facet normal -1.000000e+00  0.000000e+00  0.000000e+00
   outer loop
     vertex -6.000000e+00 -8.989627e+00  1.175680e+02
     vertex -6.000000e+00 -2.197464e+00  1.178944e+02
     vertex -6.000000e+00 -8.974393e+00  1.173216e+02
   endloop
 endfacet
 facet normal -1.000000e+00  0.000000e+00 -0.000000e+00
   outer loop
     vertex -6.000000e+00  2.469064e-01  1.269966e+02
     vertex -6.000000e+00  4.936270e-01  1.269865e+02
     vertex -6.000000e+00  1.206644e-01  1.201967e+02
   endloop
 endfacet
 facet normal -1.000000e+00  0.000000e+00  0.000000e+00
   outer loop
     vertex -6.000000e+00  2.469064e-01  1.269966e+02
     vertex -6.000000e+00  1.206644e-01  1.201967e+02
     vertex -6.000000e+00  6.035491e-02  1.201992e+02
   endloop
 endfacet
 facet normal -1.000000e+00  0.000000e+00  0.000000e+00
   outer loop
     vertex -6.000000e+00 -8.998095e+00  1.178148e+02
     vertex -6.000000e+00 -2.197464e+00  1.178944e+02
     vertex -6.000000e+00 -8.989627e+00  1.175680e+02
   endloop
 endfacet
 facet normal -1.000000e+00  0.000000e+00  0.000000e+00
   outer loop
     vertex -6.000000e+00 -8.998095e+00  1.178148e+02
     vertex -6.000000e+00 -2.199534e+00  1.179547e+02
     vertex -6.000000e+00 -2.197464e+00  1.178944e+02
   endloop
 endfacet
 facet normal -1.000000e+00  0.000000e+00 -0.000000e+00
   outer loop
     vertex -6.000000e+00  2.204364e-15  1.270000e+02
     vertex -6.000000e+00  6.035491e-02  1.201992e+02
     vertex -6.000000e+00  5.388446e-16  1.202000e+02
   endloop
 endfacet
 facet normal -1.000000e+00  0.000000e+00  0.000000e+00
   outer loop
     vertex -6.000000e+00  2.204364e-15  1.270000e+02
     vertex -6.000000e+00  2.469064e-01  1.269966e+02
     vertex -6.000000e+00  6.035491e-02  1.201992e+02
   endloop
 endfacet
 facet normal -1.000000e+00  0.000000e+00  0.000000e+00
   outer loop
     vertex -6.000000e+00 -8.999788e+00  1.180617e+02
     vertex -6.000000e+00 -2.199534e+00  1.179547e+02
     vertex -6.000000e+00 -8.998095e+00  1.178148e+02
   endloop
 endfacet
 facet normal -1.000000e+00  0.000000e+00  0.000000e+00
   outer loop
     vertex -6.000000e+00 -8.999788e+00  1.180617e+02
     vertex -6.000000e+00 -2.199948e+00  1.180151e+02
     vertex -6.000000e+00 -2.199534e+00  1.179547e+02
   endloop
 endfacet
 facet normal -1.000000e+00  0.000000e+00  0.000000e+00
   outer loop
     vertex -6.000000e+00 -2.469064e-01  1.269966e+02
     vertex -6.000000e+00  5.388446e-16  1.202000e+02
     vertex -6.000000e+00 -6.035491e-02  1.201992e+02
   endloop
 endfacet
 facet normal -1.000000e+00  0.000000e+00  0.000000e+00
   outer loop
     vertex -6.000000e+00 -2.469064e-01  1.269966e+02
     vertex -6.000000e+00  2.204364e-15  1.270000e+02
     vertex -6.000000e+00  5.388446e-16  1.202000e+02
   endloop
 endfacet
 facet normal -1.000000e+00  0.000000e+00 -0.000000e+00
   outer loop
     vertex -6.000000e+00 -8.994707e+00  1.183086e+02
     vertex -6.000000e+00 -2.199948e+00  1.180151e+02
     vertex -6.000000e+00 -8.999788e+00  1.180617e+02
   endloop
 endfacet
 facet normal -1.000000e+00  0.000000e+00  0.000000e+00
   outer loop
     vertex -6.000000e+00 -8.994707e+00  1.183086e+02
     vertex -6.000000e+00 -2.198706e+00  1.180754e+02
     vertex -6.000000e+00 -2.199948e+00  1.180151e+02
   endloop
 endfacet
 facet normal -1.000000e+00  0.000000e+00  0.000000e+00
   outer loop
     vertex -6.000000e+00 -4.936270e-01  1.269865e+02
     vertex -6.000000e+00 -2.469064e-01  1.269966e+02
     vertex -6.000000e+00 -6.035491e-02  1.201992e+02
   endloop
 endfacet
 facet normal -1.000000e+00  0.000000e+00  0.000000e+00
   outer loop
     vertex -6.000000e+00 -4.936270e-01  1.269865e+02
     vertex -6.000000e+00 -6.035491e-02  1.201992e+02
     vertex -6.000000e+00 -1.206644e-01  1.201967e+02
   endloop
 endfacet
 facet normal -1.000000e+00  0.000000e+00 -0.000000e+00
   outer loop
     vertex -6.000000e+00 -8.982855e+00  1.185553e+02
     vertex -6.000000e+00 -2.198706e+00  1.180754e+02
     vertex -6.000000e+00 -8.994707e+00  1.183086e+02
   endloop
 endfacet
 facet normal -1.000000e+00  0.000000e+00  0.000000e+00
   outer loop
     vertex -6.000000e+00 -8.982855e+00  1.185553e+02
     vertex -6.000000e+00 -2.195809e+00  1.181357e+02
     vertex -6.000000e+00 -2.198706e+00  1.180754e+02
   endloop
 endfacet
 facet normal -1.000000e+00  0.000000e+00  0.000000e+00
   outer loop
     vertex -6.000000e+00 -7.399760e-01  1.269695e+02
     vertex -6.000000e+00 -1.206644e-01  1.201967e+02
     vertex -6.000000e+00 -1.808830e-01  1.201926e+02
   endloop
 endfacet
 facet normal -1.000000e+00  0.000000e+00  0.000000e+00
   outer loop
     vertex -6.000000e+00 -7.399760e-01  1.269695e+02
     vertex -6.000000e+00 -4.936270e-01  1.269865e+02
     vertex -6.000000e+00 -1.206644e-01  1.201967e+02
   endloop
 endfacet
 facet normal -1.000000e+00  0.000000e+00 -0.000000e+00
   outer loop
     vertex -6.000000e+00 -8.964241e+00  1.188015e+02
     vertex -6.000000e+00 -2.195809e+00  1.181357e+02
     vertex -6.000000e+00 -8.982855e+00  1.185553e+02
   endloop
 endfacet
 facet normal -1.000000e+00  0.000000e+00  0.000000e+00
   outer loop
     vertex -6.000000e+00 -8.964241e+00  1.188015e+02
     vertex -6.000000e+00 -2.191259e+00  1.181959e+02
     vertex -6.000000e+00 -2.195809e+00  1.181357e+02
   endloop
 endfacet
 facet normal -1.000000e+00  0.000000e+00  0.000000e+00
   outer loop
     vertex -6.000000e+00 -9.857679e-01  1.269459e+02
     vertex -6.000000e+00 -1.808830e-01  1.201926e+02
     vertex -6.000000e+00 -2.409655e-01  1.201868e+02
   endloop
 endfacet
 facet normal -1.000000e+00  0.000000e+00  0.000000e+00
   outer loop
     vertex -6.000000e+00 -9.857679e-01  1.269459e+02
     vertex -6.000000e+00 -7.399760e-01  1.269695e+02
     vertex -6.000000e+00 -1.808830e-01  1.201926e+02
   endloop
 endfacet
 facet normal -1.000000e+00  0.000000e+00 -0.000000e+00
   outer loop
     vertex -6.000000e+00 -8.938879e+00  1.190471e+02
     vertex -6.000000e+00 -2.191259e+00  1.181959e+02
     vertex -6.000000e+00 -8.964241e+00  1.188015e+02
   endloop
 endfacet
 facet normal -1.000000e+00  0.000000e+00  0.000000e+00
   outer loop
     vertex -6.000000e+00 -8.938879e+00  1.190471e+02
     vertex -6.000000e+00 -2.185059e+00  1.182560e+02
     vertex -6.000000e+00 -2.191259e+00  1.181959e+02
   endloop
 endfacet
 facet normal -1.000000e+00  0.000000e+00  0.000000e+00
   outer loop
     vertex -6.000000e+00 -1.230818e+00  1.269154e+02
     vertex -6.000000e+00 -9.857679e-01  1.269459e+02
     vertex -6.000000e+00 -2.409655e-01  1.201868e+02
   endloop
 endfacet
 facet normal -1.000000e+00  0.000000e+00  0.000000e+00
   outer loop
     vertex -6.000000e+00 -1.230818e+00  1.269154e+02
     vertex -6.000000e+00 -2.409655e-01  1.201868e+02
     vertex -6.000000e+00 -3.008666e-01  1.201793e+02
   endloop
 endfacet
 facet normal -1.000000e+00  0.000000e+00 -0.000000e+00
   outer loop
     vertex -6.000000e+00 -8.906789e+00  1.192919e+02
     vertex -6.000000e+00 -2.185059e+00  1.182560e+02
     vertex -6.000000e+00 -8.938879e+00  1.190471e+02
   endloop
 endfacet
 facet normal -1.000000e+00  0.000000e+00  0.000000e+00
   outer loop
     vertex -6.000000e+00 -8.906789e+00  1.192919e+02
     vertex -6.000000e+00 -2.167732e+00  1.183754e+02
     vertex -6.000000e+00 -2.177215e+00  1.183158e+02
   endloop
 endfacet
 facet normal -1.000000e+00  0.000000e+00  0.000000e+00
   outer loop
     vertex -6.000000e+00 -8.906789e+00  1.192919e+02
     vertex -6.000000e+00 -2.177215e+00  1.183158e+02
     vertex -6.000000e+00 -2.185059e+00  1.182560e+02
   endloop
 endfacet
 facet normal -1.000000e+00  0.000000e+00  0.000000e+00
   outer loop
     vertex -6.000000e+00 -1.474941e+00  1.268783e+02
     vertex -6.000000e+00 -1.230818e+00  1.269154e+02
     vertex -6.000000e+00 -3.008666e-01  1.201793e+02
   endloop
 endfacet
 facet normal -1.000000e+00  0.000000e+00  0.000000e+00
   outer loop
     vertex -6.000000e+00 -1.474941e+00  1.268783e+02
     vertex -6.000000e+00 -3.008666e-01  1.201793e+02
     vertex -6.000000e+00 -3.605412e-01  1.201703e+02
   endloop
 endfacet
 facet normal -1.000000e+00  0.000000e+00 -0.000000e+00
   outer loop
     vertex -6.000000e+00 -8.867993e+00  1.195358e+02
     vertex -6.000000e+00 -2.167732e+00  1.183754e+02
     vertex -6.000000e+00 -8.906789e+00  1.192919e+02
   endloop
 endfacet
 facet normal -1.000000e+00  0.000000e+00  0.000000e+00
   outer loop
     vertex -6.000000e+00 -1.717954e+00  1.268345e+02
     vertex -6.000000e+00 -3.605412e-01  1.201703e+02
     vertex -6.000000e+00 -4.199444e-01  1.201595e+02
   endloop
 endfacet
 facet normal -1.000000e+00  0.000000e+00  0.000000e+00
   outer loop
     vertex -6.000000e+00 -1.717954e+00  1.268345e+02
     vertex -6.000000e+00 -4.199444e-01  1.201595e+02
     vertex -6.000000e+00 -4.790315e-01  1.201472e+02
   endloop
 endfacet
 facet normal -1.000000e+00  0.000000e+00  0.000000e+00
   outer loop
     vertex -6.000000e+00 -1.717954e+00  1.268345e+02
     vertex -6.000000e+00 -1.474941e+00  1.268783e+02
     vertex -6.000000e+00 -3.605412e-01  1.201703e+02
   endloop
 endfacet
 facet normal -1.000000e+00  0.000000e+00 -0.000000e+00
   outer loop
     vertex -6.000000e+00 -8.822522e+00  1.197785e+02
     vertex -6.000000e+00 -2.167732e+00  1.183754e+02
     vertex -6.000000e+00 -8.867993e+00  1.195358e+02
   endloop
 endfacet
 facet normal -1.000000e+00  0.000000e+00  0.000000e+00
   outer loop
     vertex -6.000000e+00 -8.822522e+00  1.197785e+02
     vertex -6.000000e+00 -2.156616e+00  1.184347e+02
     vertex -6.000000e+00 -2.167732e+00  1.183754e+02
   endloop
 endfacet
 facet normal -1.000000e+00  0.000000e+00  0.000000e+00
   outer loop
     vertex -6.000000e+00 -1.959674e+00  1.267841e+02
     vertex -6.000000e+00 -1.717954e+00  1.268345e+02
     vertex -6.000000e+00 -4.790315e-01  1.201472e+02
   endloop
 endfacet
 facet normal -1.000000e+00  0.000000e+00  0.000000e+00
   outer loop
     vertex -6.000000e+00 -8.770409e+00  1.200199e+02
     vertex -6.000000e+00 -2.143878e+00  1.184937e+02
     vertex -6.000000e+00 -2.156616e+00  1.184347e+02
   endloop
 endfacet
 facet normal -1.000000e+00  0.000000e+00 -0.000000e+00
   outer loop
     vertex -6.000000e+00 -8.770409e+00  1.200199e+02
     vertex -6.000000e+00 -2.156616e+00  1.184347e+02
     vertex -6.000000e+00 -8.822522e+00  1.197785e+02
   endloop
 endfacet
 facet normal -1.000000e+00  0.000000e+00  0.000000e+00
   outer loop
     vertex -6.000000e+00 -2.199919e+00  1.267270e+02
     vertex -6.000000e+00 -4.790315e-01  1.201472e+02
     vertex -6.000000e+00 -5.377579e-01  1.201333e+02
   endloop
 endfacet
 facet normal -1.000000e+00  0.000000e+00  0.000000e+00
   outer loop
     vertex -6.000000e+00 -2.199919e+00  1.267270e+02
     vertex -6.000000e+00 -5.377579e-01  1.201333e+02
     vertex -6.000000e+00 -5.960796e-01  1.201177e+02
   endloop
 endfacet
 facet normal -1.000000e+00  0.000000e+00  0.000000e+00
   outer loop
     vertex -6.000000e+00 -2.199919e+00  1.267270e+02
     vertex -6.000000e+00 -1.959674e+00  1.267841e+02
     vertex -6.000000e+00 -4.790315e-01  1.201472e+02
   endloop
 endfacet
 facet normal -1.000000e+00  0.000000e+00  0.000000e+00
   outer loop
     vertex -6.000000e+00 -8.711695e+00  1.202597e+02
     vertex -6.000000e+00 -2.113570e+00  1.186106e+02
     vertex -6.000000e+00 -2.129525e+00  1.185524e+02
   endloop
 endfacet
 facet normal -1.000000e+00  0.000000e+00  0.000000e+00
   outer loop
     vertex -6.000000e+00 -8.711695e+00  1.202597e+02
     vertex -6.000000e+00 -2.129525e+00  1.185524e+02
     vertex -6.000000e+00 -2.143878e+00  1.184937e+02
   endloop
 endfacet
 facet normal -1.000000e+00  0.000000e+00 -0.000000e+00
   outer loop
     vertex -6.000000e+00 -8.711695e+00  1.202597e+02
     vertex -6.000000e+00 -2.143878e+00  1.184937e+02
     vertex -6.000000e+00 -8.770409e+00  1.200199e+02
   endloop
 endfacet
 facet normal -1.000000e+00  0.000000e+00  0.000000e+00
   outer loop
     vertex -6.000000e+00 -2.438507e+00  1.266634e+02
     vertex -6.000000e+00 -2.199919e+00  1.267270e+02
     vertex -6.000000e+00 -5.960796e-01  1.201177e+02
   endloop
 endfacet
 facet normal -1.000000e+00  0.000000e+00 -0.000000e+00
   outer loop
     vertex -6.000000e+00 -8.646422e+00  1.204979e+02
     vertex -6.000000e+00 -2.113570e+00  1.186106e+02
     vertex -6.000000e+00 -8.711695e+00  1.202597e+02
   endloop
 endfacet
 facet normal -1.000000e+00  0.000000e+00  0.000000e+00
   outer loop
     vertex -6.000000e+00 -2.675261e+00  1.265932e+02
     vertex -6.000000e+00 -5.960796e-01  1.201177e+02
     vertex -6.000000e+00 -6.539526e-01  1.201006e+02
   endloop
 endfacet
 facet normal -1.000000e+00  0.000000e+00  0.000000e+00
   outer loop
     vertex -6.000000e+00 -2.675261e+00  1.265932e+02
     vertex -6.000000e+00 -2.438507e+00  1.266634e+02
     vertex -6.000000e+00 -5.960796e-01  1.201177e+02
   endloop
 endfacet
 facet normal -1.000000e+00  0.000000e+00 -0.000000e+00
   outer loop
     vertex -6.000000e+00 -8.574641e+00  1.207341e+02
     vertex -6.000000e+00 -2.113570e+00  1.186106e+02
     vertex -6.000000e+00 -8.646422e+00  1.204979e+02
   endloop
 endfacet
 facet normal -1.000000e+00  0.000000e+00  0.000000e+00
   outer loop
     vertex -6.000000e+00 -8.574641e+00  1.207341e+02
     vertex -6.000000e+00 -2.096023e+00  1.186683e+02
     vertex -6.000000e+00 -2.113570e+00  1.186106e+02
   endloop
 endfacet
 facet normal -1.000000e+00  0.000000e+00  0.000000e+00
   outer loop
     vertex -6.000000e+00 -2.910000e+00  1.265166e+02
     vertex -6.000000e+00 -2.675261e+00  1.265932e+02
     vertex -6.000000e+00 -6.539526e-01  1.201006e+02
   endloop
 endfacet
 facet normal -1.000000e+00  0.000000e+00  0.000000e+00
   outer loop
     vertex -6.000000e+00 -2.910000e+00  1.265166e+02
     vertex -6.000000e+00 -6.539526e-01  1.201006e+02
     vertex -6.000000e+00 -7.113333e-01  1.200818e+02
   endloop
 endfacet
 facet normal -1.000000e+00  0.000000e+00  0.000000e+00
   outer loop
     vertex -6.000000e+00 -8.496405e+00  1.209683e+02
     vertex -6.000000e+00 -2.076899e+00  1.187256e+02
     vertex -6.000000e+00 -2.096023e+00  1.186683e+02
   endloop
 endfacet
 facet normal -1.000000e+00  0.000000e+00 -0.000000e+00
   outer loop
     vertex -6.000000e+00 -8.496405e+00  1.209683e+02
     vertex -6.000000e+00 -2.096023e+00  1.186683e+02
     vertex -6.000000e+00 -8.574641e+00  1.207341e+02
   endloop
 endfacet
 facet normal -1.000000e+00  0.000000e+00  0.000000e+00
   outer loop
     vertex -6.000000e+00 -3.142548e+00  1.264335e+02
     vertex -6.000000e+00 -7.113333e-01  1.200818e+02
     vertex -6.000000e+00 -7.681785e-01  1.200615e+02
   endloop
 endfacet
 facet normal -1.000000e+00  0.000000e+00  0.000000e+00
   outer loop
     vertex -6.000000e+00 -3.142548e+00  1.264335e+02
     vertex -6.000000e+00 -2.910000e+00  1.265166e+02
     vertex -6.000000e+00 -7.113333e-01  1.200818e+02
   endloop
 endfacet
 facet normal -1.000000e+00  0.000000e+00 -0.000000e+00
   outer loop
     vertex -6.000000e+00 -8.411774e+00  1.212003e+02
     vertex -6.000000e+00 -2.076899e+00  1.187256e+02
     vertex -6.000000e+00 -8.496405e+00  1.209683e+02
   endloop
 endfacet
 facet normal -1.000000e+00  0.000000e+00  0.000000e+00
   outer loop
     vertex -6.000000e+00 -8.411774e+00  1.212003e+02
     vertex -6.000000e+00 -2.056211e+00  1.187823e+02
     vertex -6.000000e+00 -2.076899e+00  1.187256e+02
   endloop
 endfacet
 facet normal -1.000000e+00  0.000000e+00  0.000000e+00
   outer loop
     vertex -6.000000e+00 -3.372731e+00  1.263441e+02
     vertex -6.000000e+00 -7.681785e-01  1.200615e+02
     vertex -6.000000e+00 -8.244454e-01  1.200397e+02
   endloop
 endfacet
 facet normal -1.000000e+00  0.000000e+00  0.000000e+00
   outer loop
     vertex -6.000000e+00 -3.372731e+00  1.263441e+02
     vertex -6.000000e+00 -3.142548e+00  1.264335e+02
     vertex -6.000000e+00 -7.681785e-01  1.200615e+02
   endloop
 endfacet
 facet normal -1.000000e+00  0.000000e+00 -0.000000e+00
   outer loop
     vertex -6.000000e+00 -8.320810e+00  1.214299e+02
     vertex -6.000000e+00 -2.056211e+00  1.187823e+02
     vertex -6.000000e+00 -8.411774e+00  1.212003e+02
   endloop
 endfacet
 facet normal -1.000000e+00  0.000000e+00  0.000000e+00
   outer loop
     vertex -6.000000e+00 -8.320810e+00  1.214299e+02
     vertex -6.000000e+00 -2.033976e+00  1.188384e+02
     vertex -6.000000e+00 -2.056211e+00  1.187823e+02
   endloop
 endfacet
 facet normal -1.000000e+00  0.000000e+00  0.000000e+00
   outer loop
     vertex -6.000000e+00 -3.600375e+00  1.262485e+02
     vertex -6.000000e+00 -3.372731e+00  1.263441e+02
     vertex -6.000000e+00 -8.244454e-01  1.200397e+02
   endloop
 endfacet
 facet normal -1.000000e+00  0.000000e+00  0.000000e+00
   outer loop
     vertex -6.000000e+00 -3.600375e+00  1.262485e+02
     vertex -6.000000e+00 -8.244454e-01  1.200397e+02
     vertex -6.000000e+00 -8.800918e-01  1.200163e+02
   endloop
 endfacet
 facet normal -1.000000e+00  0.000000e+00  0.000000e+00
   outer loop
     vertex -6.000000e+00 -3.600375e+00  1.262485e+02
     vertex -6.000000e+00 -8.800918e-01  1.200163e+02
     vertex -6.000000e+00 -9.350756e-01  1.199914e+02
   endloop
 endfacet
 facet normal -1.000000e+00  0.000000e+00 -0.000000e+00
   outer loop
     vertex -6.000000e+00 -8.223582e+00  1.216569e+02
     vertex -6.000000e+00 -2.033976e+00  1.188384e+02
     vertex -6.000000e+00 -8.320810e+00  1.214299e+02
   endloop
 endfacet
 facet normal -1.000000e+00  0.000000e+00  0.000000e+00
   outer loop
     vertex -6.000000e+00 -8.223582e+00  1.216569e+02
     vertex -6.000000e+00 -2.010209e+00  1.188939e+02
     vertex -6.000000e+00 -2.033976e+00  1.188384e+02
   endloop
 endfacet
 facet normal -1.000000e+00  0.000000e+00  0.000000e+00
   outer loop
     vertex -6.000000e+00 -3.825309e+00  1.261466e+02
     vertex -6.000000e+00 -3.600375e+00  1.262485e+02
     vertex -6.000000e+00 -9.350756e-01  1.199914e+02
   endloop
 endfacet
 facet normal -1.000000e+00  0.000000e+00  0.000000e+00
   outer loop
     vertex -6.000000e+00 -3.825309e+00  1.261466e+02
     vertex -6.000000e+00 -9.350756e-01  1.199914e+02
     vertex -6.000000e+00 -9.893555e-01  1.199650e+02
   endloop
 endfacet
 facet normal -1.000000e+00  0.000000e+00 -0.000000e+00
   outer loop
     vertex -6.000000e+00 -8.120164e+00  1.218811e+02
     vertex -6.000000e+00 -2.010209e+00  1.188939e+02
     vertex -6.000000e+00 -8.223582e+00  1.216569e+02
   endloop
 endfacet
 facet normal -1.000000e+00  0.000000e+00  0.000000e+00
   outer loop
     vertex -6.000000e+00 -8.120164e+00  1.218811e+02
     vertex -6.000000e+00 -1.984929e+00  1.189487e+02
     vertex -6.000000e+00 -2.010209e+00  1.188939e+02
   endloop
 endfacet
 facet normal -1.000000e+00  0.000000e+00  0.000000e+00
   outer loop
     vertex -6.000000e+00 -4.047364e+00  1.260386e+02
     vertex -6.000000e+00 -3.825309e+00  1.261466e+02
     vertex -6.000000e+00 -9.893555e-01  1.199650e+02
   endloop
 endfacet
 facet normal -1.000000e+00  0.000000e+00 -0.000000e+00
   outer loop
     vertex -6.000000e+00 -8.010634e+00  1.221024e+02
     vertex -6.000000e+00 -1.984929e+00  1.189487e+02
     vertex -6.000000e+00 -8.120164e+00  1.218811e+02
   endloop
 endfacet
 facet normal -1.000000e+00  0.000000e+00  0.000000e+00
   outer loop
     vertex -6.000000e+00 -8.010634e+00  1.221024e+02
     vertex -6.000000e+00 -1.958155e+00  1.190028e+02
     vertex -6.000000e+00 -1.984929e+00  1.189487e+02
   endloop
 endfacet
 facet normal -1.000000e+00  0.000000e+00  0.000000e+00
   outer loop
     vertex -6.000000e+00 -4.266371e+00  1.259245e+02
     vertex -6.000000e+00 -9.893555e-01  1.199650e+02
     vertex -6.000000e+00 -1.042891e+00  1.199371e+02
   endloop
 endfacet
 facet normal -1.000000e+00  0.000000e+00  0.000000e+00
   outer loop
     vertex -6.000000e+00 -4.266371e+00  1.259245e+02
     vertex -6.000000e+00 -4.047364e+00  1.260386e+02
     vertex -6.000000e+00 -9.893555e-01  1.199650e+02
   endloop
 endfacet
 facet normal -1.000000e+00  0.000000e+00 -0.000000e+00
   outer loop
     vertex -6.000000e+00 -7.895073e+00  1.223206e+02
     vertex -6.000000e+00 -1.958155e+00  1.190028e+02
     vertex -6.000000e+00 -8.010634e+00  1.221024e+02
   endloop
 endfacet
 facet normal -1.000000e+00  0.000000e+00  0.000000e+00
   outer loop
     vertex -6.000000e+00 -7.895073e+00  1.223206e+02
     vertex -6.000000e+00 -1.900206e+00  1.191087e+02
     vertex -6.000000e+00 -1.929907e+00  1.190562e+02
   endloop
 endfacet
 facet normal -1.000000e+00  0.000000e+00  0.000000e+00
   outer loop
     vertex -6.000000e+00 -7.895073e+00  1.223206e+02
     vertex -6.000000e+00 -1.929907e+00  1.190562e+02
     vertex -6.000000e+00 -1.958155e+00  1.190028e+02
   endloop
 endfacet
 facet normal -1.000000e+00  0.000000e+00  0.000000e+00
   outer loop
     vertex -6.000000e+00 -4.482167e+00  1.258045e+02
     vertex -6.000000e+00 -4.266371e+00  1.259245e+02
     vertex -6.000000e+00 -1.042891e+00  1.199371e+02
   endloop
 endfacet
 facet normal -1.000000e+00  0.000000e+00  0.000000e+00
   outer loop
     vertex -6.000000e+00 -4.482167e+00  1.258045e+02
     vertex -6.000000e+00 -1.042891e+00  1.199371e+02
     vertex -6.000000e+00 -1.095641e+00  1.199078e+02
   endloop
 endfacet
 facet normal -1.000000e+00  0.000000e+00 -0.000000e+00
   outer loop
     vertex -6.000000e+00 -7.773569e+00  1.225356e+02
     vertex -6.000000e+00 -1.900206e+00  1.191087e+02
     vertex -6.000000e+00 -7.895073e+00  1.223206e+02
   endloop
 endfacet
 facet normal -1.000000e+00  0.000000e+00  0.000000e+00
   outer loop
     vertex -6.000000e+00 -4.694589e+00  1.256786e+02
     vertex -6.000000e+00 -1.095641e+00  1.199078e+02
     vertex -6.000000e+00 -1.147566e+00  1.198770e+02
   endloop
 endfacet
 facet normal -1.000000e+00  0.000000e+00  0.000000e+00
   outer loop
     vertex -6.000000e+00 -4.694589e+00  1.256786e+02
     vertex -6.000000e+00 -4.482167e+00  1.258045e+02
     vertex -6.000000e+00 -1.095641e+00  1.199078e+02
   endloop
 endfacet
 facet normal -1.000000e+00  0.000000e+00 -0.000000e+00
   outer loop
     vertex -6.000000e+00 -7.646214e+00  1.227471e+02
     vertex -6.000000e+00 -1.900206e+00  1.191087e+02
     vertex -6.000000e+00 -7.773569e+00  1.225356e+02
   endloop
 endfacet
 facet normal -1.000000e+00  0.000000e+00  0.000000e+00
   outer loop
     vertex -6.000000e+00 -7.646214e+00  1.227471e+02
     vertex -6.000000e+00 -1.869074e+00  1.191604e+02
     vertex -6.000000e+00 -1.900206e+00  1.191087e+02
   endloop
 endfacet
 facet normal -1.000000e+00  0.000000e+00  0.000000e+00
   outer loop
     vertex -6.000000e+00 -4.903477e+00  1.255469e+02
     vertex -6.000000e+00 -4.694589e+00  1.256786e+02
     vertex -6.000000e+00 -1.147566e+00  1.198770e+02
   endloop
 endfacet
 facet normal -1.000000e+00  0.000000e+00  0.000000e+00
   outer loop
     vertex -6.000000e+00 -4.903477e+00  1.255469e+02
     vertex -6.000000e+00 -1.147566e+00  1.198770e+02
     vertex -6.000000e+00 -1.198628e+00  1.198448e+02
   endloop
 endfacet
 facet normal -1.000000e+00  0.000000e+00 -0.000000e+00
   outer loop
     vertex -6.000000e+00 -7.513102e+00  1.229551e+02
     vertex -6.000000e+00 -1.869074e+00  1.191604e+02
     vertex -6.000000e+00 -7.646214e+00  1.227471e+02
   endloop
 endfacet
 facet normal -1.000000e+00  0.000000e+00  0.000000e+00
   outer loop
     vertex -6.000000e+00 -7.513102e+00  1.229551e+02
     vertex -6.000000e+00 -1.836536e+00  1.192113e+02
     vertex -6.000000e+00 -1.869074e+00  1.191604e+02
   endloop
 endfacet
 facet normal -1.000000e+00  0.000000e+00  0.000000e+00
   outer loop
     vertex -6.000000e+00 -5.108674e+00  1.254096e+02
     vertex -6.000000e+00 -4.903477e+00  1.255469e+02
     vertex -6.000000e+00 -1.198628e+00  1.198448e+02
   endloop
 endfacet
 facet normal -1.000000e+00  0.000000e+00  0.000000e+00
   outer loop
     vertex -6.000000e+00 -5.108674e+00  1.254096e+02
     vertex -6.000000e+00 -1.198628e+00  1.198448e+02
     vertex -6.000000e+00 -1.248787e+00  1.198112e+02
   endloop
 endfacet
 facet normal -1.000000e+00  0.000000e+00 -0.000000e+00
   outer loop
     vertex -6.000000e+00 -7.374335e+00  1.231594e+02
     vertex -6.000000e+00 -1.836536e+00  1.192113e+02
     vertex -6.000000e+00 -7.513102e+00  1.229551e+02
   endloop
 endfacet
 facet normal -1.000000e+00  0.000000e+00  0.000000e+00
   outer loop
     vertex -6.000000e+00 -7.374335e+00  1.231594e+02
     vertex -6.000000e+00 -1.767337e+00  1.193102e+02
     vertex -6.000000e+00 -1.802615e+00  1.192612e+02
   endloop
 endfacet
 facet normal -1.000000e+00  0.000000e+00  0.000000e+00
   outer loop
     vertex -6.000000e+00 -7.374335e+00  1.231594e+02
     vertex -6.000000e+00 -1.802615e+00  1.192612e+02
     vertex -6.000000e+00 -1.836536e+00  1.192113e+02
   endloop
 endfacet
 facet normal -1.000000e+00  0.000000e+00  0.000000e+00
   outer loop
     vertex -6.000000e+00 -5.310025e+00  1.252666e+02
     vertex -6.000000e+00 -5.108674e+00  1.254096e+02
     vertex -6.000000e+00 -1.248787e+00  1.198112e+02
   endloop
 endfacet
 facet normal -1.000000e+00  0.000000e+00  0.000000e+00
   outer loop
     vertex -6.000000e+00 -5.310025e+00  1.252666e+02
     vertex -6.000000e+00 -1.248787e+00  1.198112e+02
     vertex -6.000000e+00 -1.298006e+00  1.197763e+02
   endloop
 endfacet
 facet normal -1.000000e+00  0.000000e+00 -0.000000e+00
   outer loop
     vertex -6.000000e+00 -7.230017e+00  1.233597e+02
     vertex -6.000000e+00 -1.767337e+00  1.193102e+02
     vertex -6.000000e+00 -7.374335e+00  1.231594e+02
   endloop
 endfacet
 facet normal -1.000000e+00  0.000000e+00  0.000000e+00
   outer loop
     vertex -6.000000e+00 -5.507379e+00  1.251182e+02
     vertex -6.000000e+00 -5.310025e+00  1.252666e+02
     vertex -6.000000e+00 -1.298006e+00  1.197763e+02
   endloop
 endfacet
 facet normal -1.000000e+00  0.000000e+00  0.000000e+00
   outer loop
     vertex -6.000000e+00 -5.507379e+00  1.251182e+02
     vertex -6.000000e+00 -1.298006e+00  1.197763e+02
     vertex -6.000000e+00 -1.346248e+00  1.197400e+02
   endloop
 endfacet
 facet normal -1.000000e+00  0.000000e+00  0.000000e+00
   outer loop
     vertex -6.000000e+00 -5.507379e+00  1.251182e+02
     vertex -6.000000e+00 -1.346248e+00  1.197400e+02
     vertex -6.000000e+00 -1.393477e+00  1.197024e+02
   endloop
 endfacet
 facet normal -1.000000e+00  0.000000e+00 -0.000000e+00
   outer loop
     vertex -6.000000e+00 -7.080256e+00  1.235561e+02
     vertex -6.000000e+00 -1.767337e+00  1.193102e+02
     vertex -6.000000e+00 -7.230017e+00  1.233597e+02
   endloop
 endfacet
 facet normal -1.000000e+00  0.000000e+00  0.000000e+00
   outer loop
     vertex -6.000000e+00 -7.080256e+00  1.235561e+02
     vertex -6.000000e+00 -1.730729e+00  1.193582e+02
     vertex -6.000000e+00 -1.767337e+00  1.193102e+02
   endloop
 endfacet
 facet normal -1.000000e+00  0.000000e+00  0.000000e+00
   outer loop
     vertex -6.000000e+00 -5.700587e+00  1.249644e+02
     vertex -6.000000e+00 -5.507379e+00  1.251182e+02
     vertex -6.000000e+00 -1.393477e+00  1.197024e+02
   endloop
 endfacet
 facet normal -1.000000e+00  0.000000e+00 -0.000000e+00
   outer loop
     vertex -6.000000e+00 -6.925166e+00  1.237482e+02
     vertex -6.000000e+00 -1.730729e+00  1.193582e+02
     vertex -6.000000e+00 -7.080256e+00  1.235561e+02
   endloop
 endfacet
 facet normal -1.000000e+00  0.000000e+00  0.000000e+00
   outer loop
     vertex -6.000000e+00 -6.925166e+00  1.237482e+02
     vertex -6.000000e+00 -1.692818e+00  1.194051e+02
     vertex -6.000000e+00 -1.730729e+00  1.193582e+02
   endloop
 endfacet
 facet normal -1.000000e+00  0.000000e+00  0.000000e+00
   outer loop
     vertex -6.000000e+00 -5.889504e+00  1.248054e+02
     vertex -6.000000e+00 -5.700587e+00  1.249644e+02
     vertex -6.000000e+00 -1.393477e+00  1.197024e+02
   endloop
 endfacet
 facet normal -1.000000e+00  0.000000e+00  0.000000e+00
   outer loop
     vertex -6.000000e+00 -5.889504e+00  1.248054e+02
     vertex -6.000000e+00 -1.393477e+00  1.197024e+02
     vertex -6.000000e+00 -1.439657e+00  1.196635e+02
   endloop
 endfacet
 facet normal -1.000000e+00  0.000000e+00 -0.000000e+00
   outer loop
     vertex -6.000000e+00 -6.764862e+00  1.239360e+02
     vertex -6.000000e+00 -1.692818e+00  1.194051e+02
     vertex -6.000000e+00 -6.925166e+00  1.237482e+02
   endloop
 endfacet
 facet normal -1.000000e+00  0.000000e+00  0.000000e+00
   outer loop
     vertex -6.000000e+00 -6.764862e+00  1.239360e+02
     vertex -6.000000e+00 -1.653633e+00  1.194510e+02
     vertex -6.000000e+00 -1.692818e+00  1.194051e+02
   endloop
 endfacet
 facet normal -1.000000e+00  0.000000e+00  0.000000e+00
   outer loop
     vertex -6.000000e+00 -6.073988e+00  1.246413e+02
     vertex -6.000000e+00 -5.889504e+00  1.248054e+02
     vertex -6.000000e+00 -1.439657e+00  1.196635e+02
   endloop
 endfacet
 facet normal -1.000000e+00  0.000000e+00  0.000000e+00
   outer loop
     vertex -6.000000e+00 -6.073988e+00  1.246413e+02
     vertex -6.000000e+00 -1.439657e+00  1.196635e+02
     vertex -6.000000e+00 -1.484753e+00  1.196234e+02
   endloop
 endfacet
 facet normal -1.000000e+00  0.000000e+00 -0.000000e+00
   outer loop
     vertex -6.000000e+00 -6.599466e+00  1.241194e+02
     vertex -6.000000e+00 -1.653633e+00  1.194510e+02
     vertex -6.000000e+00 -6.764862e+00  1.239360e+02
   endloop
 endfacet
 facet normal -1.000000e+00  0.000000e+00  0.000000e+00
   outer loop
     vertex -6.000000e+00 -6.599466e+00  1.241194e+02
     vertex -6.000000e+00 -1.613203e+00  1.194959e+02
     vertex -6.000000e+00 -1.653633e+00  1.194510e+02
   endloop
 endfacet
 facet normal -1.000000e+00  0.000000e+00  0.000000e+00
   outer loop
     vertex -6.000000e+00 -6.253899e+00  1.244722e+02
     vertex -6.000000e+00 -1.484753e+00  1.196234e+02
     vertex -6.000000e+00 -1.528731e+00  1.195821e+02
   endloop
 endfacet
 facet normal -1.000000e+00  0.000000e+00  0.000000e+00
   outer loop
     vertex -6.000000e+00 -6.253899e+00  1.244722e+02
     vertex -6.000000e+00 -1.528731e+00  1.195821e+02
     vertex -6.000000e+00 -1.571558e+00  1.195395e+02
   endloop
 endfacet
 facet normal -1.000000e+00  0.000000e+00  0.000000e+00
   outer loop
     vertex -6.000000e+00 -6.253899e+00  1.244722e+02
     vertex -6.000000e+00 -6.073988e+00  1.246413e+02
     vertex -6.000000e+00 -1.484753e+00  1.196234e+02
   endloop
 endfacet
 facet normal -1.000000e+00  0.000000e+00  0.000000e+00
   outer loop
     vertex -6.000000e+00 -6.429102e+00  1.242981e+02
     vertex -6.000000e+00 -1.571558e+00  1.195395e+02
     vertex -6.000000e+00 -1.613203e+00  1.194959e+02
   endloop
 endfacet
 facet normal -1.000000e+00  0.000000e+00  0.000000e+00
   outer loop
     vertex -6.000000e+00 -6.429102e+00  1.242981e+02
     vertex -6.000000e+00 -6.253899e+00  1.244722e+02
     vertex -6.000000e+00 -1.571558e+00  1.195395e+02
   endloop
 endfacet
 facet normal -1.000000e+00  0.000000e+00 -0.000000e+00
   outer loop
     vertex -6.000000e+00 -6.429102e+00  1.242981e+02
     vertex -6.000000e+00 -1.613203e+00  1.194959e+02
     vertex -6.000000e+00 -6.599466e+00  1.241194e+02
   endloop
 endfacet
 facet normal  3.312368e-21  1.371831e-02 -9.999059e-01
   outer loop
     vertex  6.000000e+00 -6.035491e-02  1.201992e+02
     vertex -6.000000e+00  5.388446e-16  1.202000e+02
     vertex  6.000000e+00  5.388446e-16  1.202000e+02
   endloop
 endfacet
 facet normal  0.000000e+00  1.371831e-02 -9.999059e-01
   outer loop
     vertex  6.000000e+00 -6.035491e-02  1.201992e+02
     vertex -6.000000e+00 -6.035491e-02  1.201992e+02
     vertex -6.000000e+00  5.388446e-16  1.202000e+02
   endloop
 endfacet
 facet normal  0.000000e+00  4.114462e-02 -9.991532e-01
   outer loop
     vertex  6.000000e+00 -1.206644e-01  1.201967e+02
     vertex -6.000000e+00 -1.206644e-01  1.201967e+02
     vertex -6.000000e+00 -6.035491e-02  1.201992e+02
   endloop
 endfacet
 facet normal -1.840258e-20  4.114462e-02 -9.991532e-01
   outer loop
     vertex  6.000000e+00 -1.206644e-01  1.201967e+02
     vertex -6.000000e+00 -6.035491e-02  1.201992e+02
     vertex  6.000000e+00 -6.035491e-02  1.201992e+02
   endloop
 endfacet
 facet normal  0.000000e+00  6.853995e-02 -9.976484e-01
   outer loop
     vertex  6.000000e+00 -1.808830e-01  1.201926e+02
     vertex -6.000000e+00 -1.808830e-01  1.201926e+02
     vertex -6.000000e+00 -1.206644e-01  1.201967e+02
   endloop
 endfacet
 facet normal -1.061843e-21  6.853995e-02 -9.976484e-01
   outer loop
     vertex  6.000000e+00 -1.808830e-01  1.201926e+02
     vertex -6.000000e+00 -1.206644e-01  1.201967e+02
     vertex  6.000000e+00 -1.206644e-01  1.201967e+02
   endloop
 endfacet
 facet normal  0.000000e+00  9.588368e-02 -9.953925e-01
   outer loop
     vertex  6.000000e+00 -2.409655e-01  1.201868e+02
     vertex -6.000000e+00 -2.409655e-01  1.201868e+02
     vertex -6.000000e+00 -1.808830e-01  1.201926e+02
   endloop
 endfacet
 facet normal  3.439182e-20  9.588368e-02 -9.953925e-01
   outer loop
     vertex  6.000000e+00 -2.409655e-01  1.201868e+02
     vertex -6.000000e+00 -1.808830e-01  1.201926e+02
     vertex  6.000000e+00 -1.808830e-01  1.201926e+02
   endloop
 endfacet
 facet normal  0.000000e+00  1.231552e-01 -9.923874e-01
   outer loop
     vertex  6.000000e+00 -3.008666e-01  1.201793e+02
     vertex -6.000000e+00 -3.008666e-01  1.201793e+02
     vertex -6.000000e+00 -2.409655e-01  1.201868e+02
   endloop
 endfacet
 facet normal -7.933818e-21  1.231552e-01 -9.923874e-01
   outer loop
     vertex  6.000000e+00 -3.008666e-01  1.201793e+02
     vertex -6.000000e+00 -2.409655e-01  1.201868e+02
     vertex  6.000000e+00 -2.409655e-01  1.201868e+02
   endloop
 endfacet
 facet normal  0.000000e+00  1.503341e-01 -9.886353e-01
   outer loop
     vertex  6.000000e+00 -3.605412e-01  1.201703e+02
     vertex -6.000000e+00 -3.605412e-01  1.201703e+02
     vertex -6.000000e+00 -3.008666e-01  1.201793e+02
   endloop
 endfacet
 facet normal  0.000000e+00  1.773998e-01 -9.841389e-01
   outer loop
     vertex  6.000000e+00 -3.605412e-01  1.201703e+02
     vertex -6.000000e+00 -4.199444e-01  1.201595e+02
     vertex -6.000000e+00 -3.605412e-01  1.201703e+02
   endloop
 endfacet
 facet normal  4.764088e-20  1.503341e-01 -9.886353e-01
   outer loop
     vertex  6.000000e+00 -3.605412e-01  1.201703e+02
     vertex -6.000000e+00 -3.008666e-01  1.201793e+02
     vertex  6.000000e+00 -3.008666e-01  1.201793e+02
   endloop
 endfacet
 facet normal  0.000000e+00  1.773998e-01 -9.841389e-01
   outer loop
     vertex  6.000000e+00 -4.199444e-01  1.201595e+02
     vertex -6.000000e+00 -4.199444e-01  1.201595e+02
     vertex  6.000000e+00 -3.605412e-01  1.201703e+02
   endloop
 endfacet
 facet normal  0.000000e+00  2.043319e-01 -9.789017e-01
   outer loop
     vertex  6.000000e+00 -4.790315e-01  1.201472e+02
     vertex -6.000000e+00 -4.790315e-01  1.201472e+02
     vertex -6.000000e+00 -4.199444e-01  1.201595e+02
   endloop
 endfacet
 facet normal  0.000000e+00  2.311102e-01 -9.729276e-01
   outer loop
     vertex  6.000000e+00 -4.790315e-01  1.201472e+02
     vertex -6.000000e+00 -5.377579e-01  1.201333e+02
     vertex -6.000000e+00 -4.790315e-01  1.201472e+02
   endloop
 endfacet
 facet normal  3.936232e-20  2.043319e-01 -9.789017e-01
   outer loop
     vertex  6.000000e+00 -4.790315e-01  1.201472e+02
     vertex -6.000000e+00 -4.199444e-01  1.201595e+02
     vertex  6.000000e+00 -4.199444e-01  1.201595e+02
   endloop
 endfacet
 facet normal  0.000000e+00  2.577146e-01 -9.662211e-01
   outer loop
     vertex  6.000000e+00 -5.377579e-01  1.201333e+02
     vertex -6.000000e+00 -5.960796e-01  1.201177e+02
     vertex -6.000000e+00 -5.377579e-01  1.201333e+02
   endloop
 endfacet
 facet normal  0.000000e+00  2.311102e-01 -9.729276e-01
   outer loop
     vertex  6.000000e+00 -5.377579e-01  1.201333e+02
     vertex -6.000000e+00 -5.377579e-01  1.201333e+02
     vertex  6.000000e+00 -4.790315e-01  1.201472e+02
   endloop
 endfacet
 facet normal  0.000000e+00  2.577146e-01 -9.662211e-01
   outer loop
     vertex  6.000000e+00 -5.960796e-01  1.201177e+02
     vertex -6.000000e+00 -5.960796e-01  1.201177e+02
     vertex  6.000000e+00 -5.377579e-01  1.201333e+02
   endloop
 endfacet
 facet normal  0.000000e+00  2.841250e-01 -9.587873e-01
   outer loop
     vertex  6.000000e+00 -5.960796e-01  1.201177e+02
     vertex -6.000000e+00 -6.539526e-01  1.201006e+02
     vertex -6.000000e+00 -5.960796e-01  1.201177e+02
   endloop
 endfacet
 facet normal  0.000000e+00  2.841250e-01 -9.587873e-01
   outer loop
     vertex  6.000000e+00 -6.539526e-01  1.201006e+02
     vertex -6.000000e+00 -6.539526e-01  1.201006e+02
     vertex  6.000000e+00 -5.960796e-01  1.201177e+02
   endloop
 endfacet
 facet normal  0.000000e+00  3.103214e-01 -9.506317e-01
   outer loop
     vertex  6.000000e+00 -6.539526e-01  1.201006e+02
     vertex -6.000000e+00 -7.113333e-01  1.200818e+02
     vertex -6.000000e+00 -6.539526e-01  1.201006e+02
   endloop
 endfacet
 facet normal  0.000000e+00  3.103214e-01 -9.506317e-01
   outer loop
     vertex  6.000000e+00 -7.113333e-01  1.200818e+02
     vertex -6.000000e+00 -7.113333e-01  1.200818e+02
     vertex  6.000000e+00 -6.539526e-01  1.201006e+02
   endloop
 endfacet
 facet normal  4.041265e-20  3.362843e-01 -9.417605e-01
   outer loop
     vertex  6.000000e+00 -7.681785e-01  1.200615e+02
     vertex -6.000000e+00 -7.113333e-01  1.200818e+02
     vertex  6.000000e+00 -7.113333e-01  1.200818e+02
   endloop
 endfacet
 facet normal  0.000000e+00  3.362843e-01 -9.417605e-01
   outer loop
     vertex  6.000000e+00 -7.681785e-01  1.200615e+02
     vertex -6.000000e+00 -7.681785e-01  1.200615e+02
     vertex -6.000000e+00 -7.113333e-01  1.200818e+02
   endloop
 endfacet
 facet normal -9.877328e-20  3.619940e-01 -9.321804e-01
   outer loop
     vertex  6.000000e+00 -8.244454e-01  1.200397e+02
     vertex -6.000000e+00 -7.681785e-01  1.200615e+02
     vertex  6.000000e+00 -7.681785e-01  1.200615e+02
   endloop
 endfacet
 facet normal  0.000000e+00  3.619940e-01 -9.321804e-01
   outer loop
     vertex  6.000000e+00 -8.244454e-01  1.200397e+02
     vertex -6.000000e+00 -8.244454e-01  1.200397e+02
     vertex -6.000000e+00 -7.681785e-01  1.200615e+02
   endloop
 endfacet
 facet normal -3.412688e-20  3.874313e-01 -9.218986e-01
   outer loop
     vertex  6.000000e+00 -8.800918e-01  1.200163e+02
     vertex -6.000000e+00 -8.244454e-01  1.200397e+02
     vertex  6.000000e+00 -8.244454e-01  1.200397e+02
   endloop
 endfacet
 facet normal  0.000000e+00  3.874313e-01 -9.218986e-01
   outer loop
     vertex  6.000000e+00 -8.800918e-01  1.200163e+02
     vertex -6.000000e+00 -8.800918e-01  1.200163e+02
     vertex -6.000000e+00 -8.244454e-01  1.200397e+02
   endloop
 endfacet
 facet normal  8.152003e-20  4.125769e-01 -9.109228e-01
   outer loop
     vertex  6.000000e+00 -9.350756e-01  1.199914e+02
     vertex -6.000000e+00 -8.800918e-01  1.200163e+02
     vertex  6.000000e+00 -8.800918e-01  1.200163e+02
   endloop
 endfacet
 facet normal  0.000000e+00  4.125769e-01 -9.109228e-01
   outer loop
     vertex  6.000000e+00 -9.350756e-01  1.199914e+02
     vertex -6.000000e+00 -9.350756e-01  1.199914e+02
     vertex -6.000000e+00 -8.800918e-01  1.200163e+02
   endloop
 endfacet
 facet normal  1.390778e-19  4.374119e-01 -8.992613e-01
   outer loop
     vertex  6.000000e+00 -9.893555e-01  1.199650e+02
     vertex -6.000000e+00 -9.350756e-01  1.199914e+02
     vertex  6.000000e+00 -9.350756e-01  1.199914e+02
   endloop
 endfacet
 facet normal  0.000000e+00  4.374119e-01 -8.992613e-01
   outer loop
     vertex  6.000000e+00 -9.893555e-01  1.199650e+02
     vertex -6.000000e+00 -9.893555e-01  1.199650e+02
     vertex -6.000000e+00 -9.350756e-01  1.199914e+02
   endloop
 endfacet
 facet normal -3.329919e-20  4.619176e-01 -8.869228e-01
   outer loop
     vertex  6.000000e+00 -1.042891e+00  1.199371e+02
     vertex -6.000000e+00 -9.893555e-01  1.199650e+02
     vertex  6.000000e+00 -9.893555e-01  1.199650e+02
   endloop
 endfacet
 facet normal  0.000000e+00  4.619176e-01 -8.869228e-01
   outer loop
     vertex  6.000000e+00 -1.042891e+00  1.199371e+02
     vertex -6.000000e+00 -1.042891e+00  1.199371e+02
     vertex -6.000000e+00 -9.893555e-01  1.199650e+02
   endloop
 endfacet
 facet normal  0.000000e+00  4.860756e-01 -8.739167e-01
   outer loop
     vertex  6.000000e+00 -1.042891e+00  1.199371e+02
     vertex -6.000000e+00 -1.095641e+00  1.199078e+02
     vertex -6.000000e+00 -1.042891e+00  1.199371e+02
   endloop
 endfacet
 facet normal  0.000000e+00  4.860756e-01 -8.739167e-01
   outer loop
     vertex  6.000000e+00 -1.095641e+00  1.199078e+02
     vertex -6.000000e+00 -1.095641e+00  1.199078e+02
     vertex  6.000000e+00 -1.042891e+00  1.199371e+02
   endloop
 endfacet
 facet normal -4.977801e-20  5.098678e-01 -8.602528e-01
   outer loop
     vertex  6.000000e+00 -1.147566e+00  1.198770e+02
     vertex -6.000000e+00 -1.095641e+00  1.199078e+02
     vertex  6.000000e+00 -1.095641e+00  1.199078e+02
   endloop
 endfacet
 facet normal  0.000000e+00  5.098678e-01 -8.602528e-01
   outer loop
     vertex  6.000000e+00 -1.147566e+00  1.198770e+02
     vertex -6.000000e+00 -1.147566e+00  1.198770e+02
     vertex -6.000000e+00 -1.095641e+00  1.199078e+02
   endloop
 endfacet
 facet normal  1.414569e-19  5.332761e-01 -8.459413e-01
   outer loop
     vertex  6.000000e+00 -1.198628e+00  1.198448e+02
     vertex -6.000000e+00 -1.147566e+00  1.198770e+02
     vertex  6.000000e+00 -1.147566e+00  1.198770e+02
   endloop
 endfacet
 facet normal  0.000000e+00  5.332761e-01 -8.459413e-01
   outer loop
     vertex  6.000000e+00 -1.198628e+00  1.198448e+02
     vertex -6.000000e+00 -1.198628e+00  1.198448e+02
     vertex -6.000000e+00 -1.147566e+00  1.198770e+02
   endloop
 endfacet
 facet normal  0.000000e+00  5.562829e-01 -8.309929e-01
   outer loop
     vertex  6.000000e+00 -1.248787e+00  1.198112e+02
     vertex -6.000000e+00 -1.248787e+00  1.198112e+02
     vertex -6.000000e+00 -1.198628e+00  1.198448e+02
   endloop
 endfacet
 facet normal -1.176483e-19  5.562829e-01 -8.309929e-01
   outer loop
     vertex  6.000000e+00 -1.248787e+00  1.198112e+02
     vertex -6.000000e+00 -1.198628e+00  1.198448e+02
     vertex  6.000000e+00 -1.198628e+00  1.198448e+02
   endloop
 endfacet
 facet normal  0.000000e+00  5.788711e-01 -8.154191e-01
   outer loop
     vertex  6.000000e+00 -1.248787e+00  1.198112e+02
     vertex -6.000000e+00 -1.298006e+00  1.197763e+02
     vertex -6.000000e+00 -1.248787e+00  1.198112e+02
   endloop
 endfacet
 facet normal  0.000000e+00  5.788711e-01 -8.154191e-01
   outer loop
     vertex  6.000000e+00 -1.298006e+00  1.197763e+02
     vertex -6.000000e+00 -1.298006e+00  1.197763e+02
     vertex  6.000000e+00 -1.248787e+00  1.198112e+02
   endloop
 endfacet
 facet normal -5.157121e-20  6.010234e-01 -7.992314e-01
   outer loop
     vertex  6.000000e+00 -1.346248e+00  1.197400e+02
     vertex -6.000000e+00 -1.298006e+00  1.197763e+02
     vertex  6.000000e+00 -1.298006e+00  1.197763e+02
   endloop
 endfacet
 facet normal  0.000000e+00  6.010234e-01 -7.992314e-01
   outer loop
     vertex  6.000000e+00 -1.346248e+00  1.197400e+02
     vertex -6.000000e+00 -1.346248e+00  1.197400e+02
     vertex -6.000000e+00 -1.298006e+00  1.197763e+02
   endloop
 endfacet
 facet normal  0.000000e+00  6.227234e-01 -7.824421e-01
   outer loop
     vertex  6.000000e+00 -1.393477e+00  1.197024e+02
     vertex -6.000000e+00 -1.393477e+00  1.197024e+02
     vertex -6.000000e+00 -1.346248e+00  1.197400e+02
   endloop
 endfacet
 facet normal -2.481044e-20  6.227234e-01 -7.824421e-01
   outer loop
     vertex  6.000000e+00 -1.393477e+00  1.197024e+02
     vertex -6.000000e+00 -1.346248e+00  1.197400e+02
     vertex  6.000000e+00 -1.346248e+00  1.197400e+02
   endloop
 endfacet
 facet normal  0.000000e+00  6.439545e-01 -7.650637e-01
   outer loop
     vertex  6.000000e+00 -1.439657e+00  1.196635e+02
     vertex -6.000000e+00 -1.439657e+00  1.196635e+02
     vertex -6.000000e+00 -1.393477e+00  1.197024e+02
   endloop
 endfacet
 facet normal -2.304902e-21  6.439545e-01 -7.650637e-01
   outer loop
     vertex  6.000000e+00 -1.439657e+00  1.196635e+02
     vertex -6.000000e+00 -1.393477e+00  1.197024e+02
     vertex  6.000000e+00 -1.393477e+00  1.197024e+02
   endloop
 endfacet
 facet normal  0.000000e+00  6.647010e-01 -7.471095e-01
   outer loop
     vertex  6.000000e+00 -1.484753e+00  1.196234e+02
     vertex -6.000000e+00 -1.484753e+00  1.196234e+02
     vertex -6.000000e+00 -1.439657e+00  1.196635e+02
   endloop
 endfacet
 facet normal  1.471034e-19  6.647010e-01 -7.471095e-01
   outer loop
     vertex  6.000000e+00 -1.484753e+00  1.196234e+02
     vertex -6.000000e+00 -1.439657e+00  1.196635e+02
     vertex  6.000000e+00 -1.439657e+00  1.196635e+02
   endloop
 endfacet
 facet normal  0.000000e+00  6.849470e-01 -7.285929e-01
   outer loop
     vertex  6.000000e+00 -1.528731e+00  1.195821e+02
     vertex -6.000000e+00 -1.528731e+00  1.195821e+02
     vertex -6.000000e+00 -1.484753e+00  1.196234e+02
   endloop
 endfacet
 facet normal  9.244330e-20  6.849470e-01 -7.285929e-01
   outer loop
     vertex  6.000000e+00 -1.528731e+00  1.195821e+02
     vertex -6.000000e+00 -1.484753e+00  1.196234e+02
     vertex  6.000000e+00 -1.484753e+00  1.196234e+02
   endloop
 endfacet
 facet normal  0.000000e+00  7.046775e-01 -7.095278e-01
   outer loop
     vertex  6.000000e+00 -1.571558e+00  1.195395e+02
     vertex -6.000000e+00 -1.571558e+00  1.195395e+02
     vertex -6.000000e+00 -1.528731e+00  1.195821e+02
   endloop
 endfacet
 facet normal  0.000000e+00  7.238775e-01 -6.899286e-01
   outer loop
     vertex  6.000000e+00 -1.571558e+00  1.195395e+02
     vertex -6.000000e+00 -1.613203e+00  1.194959e+02
     vertex -6.000000e+00 -1.571558e+00  1.195395e+02
   endloop
 endfacet
 facet normal  6.462077e-20  7.046775e-01 -7.095278e-01
   outer loop
     vertex  6.000000e+00 -1.571558e+00  1.195395e+02
     vertex -6.000000e+00 -1.528731e+00  1.195821e+02
     vertex  6.000000e+00 -1.528731e+00  1.195821e+02
   endloop
 endfacet
 facet normal  0.000000e+00  7.238775e-01 -6.899286e-01
   outer loop
     vertex  6.000000e+00 -1.613203e+00  1.194959e+02
     vertex -6.000000e+00 -1.613203e+00  1.194959e+02
     vertex  6.000000e+00 -1.571558e+00  1.195395e+02
   endloop
 endfacet
 facet normal  0.000000e+00  7.425325e-01 -6.698100e-01
   outer loop
     vertex  6.000000e+00 -1.653633e+00  1.194510e+02
     vertex -6.000000e+00 -1.653633e+00  1.194510e+02
     vertex -6.000000e+00 -1.613203e+00  1.194959e+02
   endloop
 endfacet
 facet normal  1.205491e-19  7.425325e-01 -6.698100e-01
   outer loop
     vertex  6.000000e+00 -1.653633e+00  1.194510e+02
     vertex -6.000000e+00 -1.613203e+00  1.194959e+02
     vertex  6.000000e+00 -1.613203e+00  1.194959e+02
   endloop
 endfacet
 facet normal  0.000000e+00  7.606287e-01 -6.491872e-01
   outer loop
     vertex  6.000000e+00 -1.692818e+00  1.194051e+02
     vertex -6.000000e+00 -1.692818e+00  1.194051e+02
     vertex -6.000000e+00 -1.653633e+00  1.194510e+02
   endloop
 endfacet
 facet normal  0.000000e+00  7.781522e-01 -6.280757e-01
   outer loop
     vertex  6.000000e+00 -1.692818e+00  1.194051e+02
     vertex -6.000000e+00 -1.730729e+00  1.193582e+02
     vertex -6.000000e+00 -1.692818e+00  1.194051e+02
   endloop
 endfacet
 facet normal  1.406602e-19  7.606287e-01 -6.491872e-01
   outer loop
     vertex  6.000000e+00 -1.692818e+00  1.194051e+02
     vertex -6.000000e+00 -1.653633e+00  1.194510e+02
     vertex  6.000000e+00 -1.653633e+00  1.194510e+02
   endloop
 endfacet
 facet normal  0.000000e+00  7.781522e-01 -6.280757e-01
   outer loop
     vertex  6.000000e+00 -1.730729e+00  1.193582e+02
     vertex -6.000000e+00 -1.730729e+00  1.193582e+02
     vertex  6.000000e+00 -1.692818e+00  1.194051e+02
   endloop
 endfacet
 facet normal  0.000000e+00  7.950900e-01 -6.064915e-01
   outer loop
     vertex  6.000000e+00 -1.767337e+00  1.193102e+02
     vertex -6.000000e+00 -1.767337e+00  1.193102e+02
     vertex -6.000000e+00 -1.730729e+00  1.193582e+02
   endloop
 endfacet
 facet normal -2.324786e-20  7.950900e-01 -6.064915e-01
   outer loop
     vertex  6.000000e+00 -1.767337e+00  1.193102e+02
     vertex -6.000000e+00 -1.730729e+00  1.193582e+02
     vertex  6.000000e+00 -1.730729e+00  1.193582e+02
   endloop
 endfacet
 facet normal  0.000000e+00  8.114292e-01 -5.844507e-01
   outer loop
     vertex  6.000000e+00 -1.802615e+00  1.192612e+02
     vertex -6.000000e+00 -1.802615e+00  1.192612e+02
     vertex -6.000000e+00 -1.767337e+00  1.193102e+02
   endloop
 endfacet
 facet normal  0.000000e+00  8.271577e-01 -5.619699e-01
   outer loop
     vertex  6.000000e+00 -1.802615e+00  1.192612e+02
     vertex -6.000000e+00 -1.836536e+00  1.192113e+02
     vertex -6.000000e+00 -1.802615e+00  1.192612e+02
   endloop
 endfacet
 facet normal  1.086480e-19  8.114292e-01 -5.844507e-01
   outer loop
     vertex  6.000000e+00 -1.802615e+00  1.192612e+02
     vertex -6.000000e+00 -1.767337e+00  1.193102e+02
     vertex  6.000000e+00 -1.767337e+00  1.193102e+02
   endloop
 endfacet
 facet normal  0.000000e+00  8.271577e-01 -5.619699e-01
   outer loop
     vertex  6.000000e+00 -1.836536e+00  1.192113e+02
     vertex -6.000000e+00 -1.836536e+00  1.192113e+02
     vertex  6.000000e+00 -1.802615e+00  1.192612e+02
   endloop
 endfacet
 facet normal  1.375022e-21  8.422635e-01 -5.390661e-01
   outer loop
     vertex  6.000000e+00 -1.869074e+00  1.191604e+02
     vertex -6.000000e+00 -1.836536e+00  1.192113e+02
     vertex  6.000000e+00 -1.836536e+00  1.192113e+02
   endloop
 endfacet
 facet normal  0.000000e+00  8.422635e-01 -5.390661e-01
   outer loop
     vertex  6.000000e+00 -1.869074e+00  1.191604e+02
     vertex -6.000000e+00 -1.869074e+00  1.191604e+02
     vertex -6.000000e+00 -1.836536e+00  1.192113e+02
   endloop
 endfacet
 facet normal  6.650997e-20  8.567352e-01 -5.157565e-01
   outer loop
     vertex  6.000000e+00 -1.900206e+00  1.191087e+02
     vertex -6.000000e+00 -1.869074e+00  1.191604e+02
     vertex  6.000000e+00 -1.869074e+00  1.191604e+02
   endloop
 endfacet
 facet normal  0.000000e+00  8.567352e-01 -5.157565e-01
   outer loop
     vertex  6.000000e+00 -1.900206e+00  1.191087e+02
     vertex -6.000000e+00 -1.900206e+00  1.191087e+02
     vertex -6.000000e+00 -1.869074e+00  1.191604e+02
   endloop
 endfacet
 facet normal  0.000000e+00  8.705620e-01 -4.920587e-01
   outer loop
     vertex  6.000000e+00 -1.900206e+00  1.191087e+02
     vertex -6.000000e+00 -1.929907e+00  1.190562e+02
     vertex -6.000000e+00 -1.900206e+00  1.191087e+02
   endloop
 endfacet
 facet normal  0.000000e+00  8.705620e-01 -4.920587e-01
   outer loop
     vertex  6.000000e+00 -1.929907e+00  1.190562e+02
     vertex -6.000000e+00 -1.929907e+00  1.190562e+02
     vertex  6.000000e+00 -1.900206e+00  1.191087e+02
   endloop
 endfacet
 facet normal  1.198639e-19  8.837335e-01 -4.679904e-01
   outer loop
     vertex  6.000000e+00 -1.958155e+00  1.190028e+02
     vertex -6.000000e+00 -1.929907e+00  1.190562e+02
     vertex  6.000000e+00 -1.929907e+00  1.190562e+02
   endloop
 endfacet
 facet normal  0.000000e+00  8.837335e-01 -4.679904e-01
   outer loop
     vertex  6.000000e+00 -1.958155e+00  1.190028e+02
     vertex -6.000000e+00 -1.958155e+00  1.190028e+02
     vertex -6.000000e+00 -1.929907e+00  1.190562e+02
   endloop
 endfacet
 facet normal -3.327040e-20  8.962398e-01 -4.435699e-01
   outer loop
     vertex  6.000000e+00 -1.984929e+00  1.189487e+02
     vertex -6.000000e+00 -1.958155e+00  1.190028e+02
     vertex  6.000000e+00 -1.958155e+00  1.190028e+02
   endloop
 endfacet
 facet normal  0.000000e+00  8.962398e-01 -4.435699e-01
   outer loop
     vertex  6.000000e+00 -1.984929e+00  1.189487e+02
     vertex -6.000000e+00 -1.984929e+00  1.189487e+02
     vertex -6.000000e+00 -1.958155e+00  1.190028e+02
   endloop
 endfacet
 facet normal  5.573973e-20  9.080714e-01 -4.188155e-01
   outer loop
     vertex  6.000000e+00 -2.010209e+00  1.188939e+02
     vertex -6.000000e+00 -1.984929e+00  1.189487e+02
     vertex  6.000000e+00 -1.984929e+00  1.189487e+02
   endloop
 endfacet
 facet normal  0.000000e+00  9.080714e-01 -4.188155e-01
   outer loop
     vertex  6.000000e+00 -2.010209e+00  1.188939e+02
     vertex -6.000000e+00 -2.010209e+00  1.188939e+02
     vertex -6.000000e+00 -1.984929e+00  1.189487e+02
   endloop
 endfacet
 facet normal -9.481466e-20  9.192194e-01 -3.937458e-01
   outer loop
     vertex  6.000000e+00 -2.033976e+00  1.188384e+02
     vertex -6.000000e+00 -2.010209e+00  1.188939e+02
     vertex  6.000000e+00 -2.010209e+00  1.188939e+02
   endloop
 endfacet
 facet normal  0.000000e+00  9.192194e-01 -3.937458e-01
   outer loop
     vertex  6.000000e+00 -2.033976e+00  1.188384e+02
     vertex -6.000000e+00 -2.033976e+00  1.188384e+02
     vertex -6.000000e+00 -2.010209e+00  1.188939e+02
   endloop
 endfacet
 facet normal  4.318433e-20  9.296754e-01 -3.683796e-01
   outer loop
     vertex  6.000000e+00 -2.056211e+00  1.187823e+02
     vertex -6.000000e+00 -2.033976e+00  1.188384e+02
     vertex  6.000000e+00 -2.033976e+00  1.188384e+02
   endloop
 endfacet
 facet normal  0.000000e+00  9.296754e-01 -3.683796e-01
   outer loop
     vertex  6.000000e+00 -2.056211e+00  1.187823e+02
     vertex -6.000000e+00 -2.056211e+00  1.187823e+02
     vertex -6.000000e+00 -2.033976e+00  1.188384e+02
   endloop
 endfacet
 facet normal  0.000000e+00  9.394317e-01 -3.427362e-01
   outer loop
     vertex  6.000000e+00 -2.056211e+00  1.187823e+02
     vertex -6.000000e+00 -2.076899e+00  1.187256e+02
     vertex -6.000000e+00 -2.056211e+00  1.187823e+02
   endloop
 endfacet
 facet normal  0.000000e+00  9.394317e-01 -3.427362e-01
   outer loop
     vertex  6.000000e+00 -2.076899e+00  1.187256e+02
     vertex -6.000000e+00 -2.076899e+00  1.187256e+02
     vertex  6.000000e+00 -2.056211e+00  1.187823e+02
   endloop
 endfacet
 facet normal  0.000000e+00  9.484807e-01 -3.168348e-01
   outer loop
     vertex  6.000000e+00 -2.076899e+00  1.187256e+02
     vertex -6.000000e+00 -2.096023e+00  1.186683e+02
     vertex -6.000000e+00 -2.076899e+00  1.187256e+02
   endloop
 endfacet
 facet normal  0.000000e+00  9.484807e-01 -3.168348e-01
   outer loop
     vertex  6.000000e+00 -2.096023e+00  1.186683e+02
     vertex -6.000000e+00 -2.096023e+00  1.186683e+02
     vertex  6.000000e+00 -2.076899e+00  1.187256e+02
   endloop
 endfacet
 facet normal -7.041674e-20  9.568158e-01 -2.906949e-01
   outer loop
     vertex  6.000000e+00 -2.113570e+00  1.186106e+02
     vertex -6.000000e+00 -2.096023e+00  1.186683e+02
     vertex  6.000000e+00 -2.096023e+00  1.186683e+02
   endloop
 endfacet
 facet normal  0.000000e+00  9.568158e-01 -2.906949e-01
   outer loop
     vertex  6.000000e+00 -2.113570e+00  1.186106e+02
     vertex -6.000000e+00 -2.113570e+00  1.186106e+02
     vertex -6.000000e+00 -2.096023e+00  1.186683e+02
   endloop
 endfacet
 facet normal  0.000000e+00  9.644306e-01 -2.643362e-01
   outer loop
     vertex  6.000000e+00 -2.113570e+00  1.186106e+02
     vertex -6.000000e+00 -2.129525e+00  1.185524e+02
     vertex -6.000000e+00 -2.113570e+00  1.186106e+02
   endloop
 endfacet
 facet normal  0.000000e+00  9.644306e-01 -2.643362e-01
   outer loop
     vertex  6.000000e+00 -2.129525e+00  1.185524e+02
     vertex -6.000000e+00 -2.129525e+00  1.185524e+02
     vertex  6.000000e+00 -2.113570e+00  1.186106e+02
   endloop
 endfacet
 facet normal  3.852189e-20  9.713194e-01 -2.377784e-01
   outer loop
     vertex  6.000000e+00 -2.143878e+00  1.184937e+02
     vertex -6.000000e+00 -2.129525e+00  1.185524e+02
     vertex  6.000000e+00 -2.129525e+00  1.185524e+02
   endloop
 endfacet
 facet normal  0.000000e+00  9.713194e-01 -2.377784e-01
   outer loop
     vertex  6.000000e+00 -2.143878e+00  1.184937e+02
     vertex -6.000000e+00 -2.143878e+00  1.184937e+02
     vertex -6.000000e+00 -2.129525e+00  1.185524e+02
   endloop
 endfacet
 facet normal  2.420674e-20  9.774771e-01 -2.110417e-01
   outer loop
     vertex  6.000000e+00 -2.156616e+00  1.184347e+02
     vertex -6.000000e+00 -2.143878e+00  1.184937e+02
     vertex  6.000000e+00 -2.143878e+00  1.184937e+02
   endloop
 endfacet
 facet normal  0.000000e+00  9.774771e-01 -2.110417e-01
   outer loop
     vertex  6.000000e+00 -2.156616e+00  1.184347e+02
     vertex -6.000000e+00 -2.156616e+00  1.184347e+02
     vertex -6.000000e+00 -2.143878e+00  1.184937e+02
   endloop
 endfacet
 facet normal  0.000000e+00  9.828989e-01 -1.841461e-01
   outer loop
     vertex  6.000000e+00 -2.156616e+00  1.184347e+02
     vertex -6.000000e+00 -2.167732e+00  1.183754e+02
     vertex -6.000000e+00 -2.156616e+00  1.184347e+02
   endloop
 endfacet
 facet normal  0.000000e+00  9.828989e-01 -1.841461e-01
   outer loop
     vertex  6.000000e+00 -2.167732e+00  1.183754e+02
     vertex -6.000000e+00 -2.167732e+00  1.183754e+02
     vertex  6.000000e+00 -2.156616e+00  1.184347e+02
   endloop
 endfacet
 facet normal  0.000000e+00  9.875808e-01 -1.571119e-01
   outer loop
     vertex  6.000000e+00 -2.167732e+00  1.183754e+02
     vertex -6.000000e+00 -2.177215e+00  1.183158e+02
     vertex -6.000000e+00 -2.167732e+00  1.183754e+02
   endloop
 endfacet
 facet normal  0.000000e+00  9.875808e-01 -1.571119e-01
   outer loop
     vertex  6.000000e+00 -2.177215e+00  1.183158e+02
     vertex -6.000000e+00 -2.177215e+00  1.183158e+02
     vertex  6.000000e+00 -2.167732e+00  1.183754e+02
   endloop
 endfacet
 facet normal  0.000000e+00  9.915193e-01 -1.299594e-01
   outer loop
     vertex  6.000000e+00 -2.177215e+00  1.183158e+02
     vertex -6.000000e+00 -2.185059e+00  1.182560e+02
     vertex -6.000000e+00 -2.177215e+00  1.183158e+02
   endloop
 endfacet
 facet normal  0.000000e+00  9.915193e-01 -1.299594e-01
   outer loop
     vertex  6.000000e+00 -2.185059e+00  1.182560e+02
     vertex -6.000000e+00 -2.185059e+00  1.182560e+02
     vertex  6.000000e+00 -2.177215e+00  1.183158e+02
   endloop
 endfacet
 facet normal -1.769516e-20  9.947114e-01 -1.027091e-01
   outer loop
     vertex  6.000000e+00 -2.191259e+00  1.181959e+02
     vertex -6.000000e+00 -2.185059e+00  1.182560e+02
     vertex  6.000000e+00 -2.185059e+00  1.182560e+02
   endloop
 endfacet
 facet normal  0.000000e+00  9.947114e-01 -1.027091e-01
   outer loop
     vertex  6.000000e+00 -2.191259e+00  1.181959e+02
     vertex -6.000000e+00 -2.191259e+00  1.181959e+02
     vertex -6.000000e+00 -2.185059e+00  1.182560e+02
   endloop
 endfacet
 facet normal -1.680006e-20  9.971548e-01 -7.538152e-02
   outer loop
     vertex  6.000000e+00 -2.195809e+00  1.181357e+02
     vertex -6.000000e+00 -2.191259e+00  1.181959e+02
     vertex  6.000000e+00 -2.191259e+00  1.181959e+02
   endloop
 endfacet
 facet normal  0.000000e+00  9.971548e-01 -7.538152e-02
   outer loop
     vertex  6.000000e+00 -2.195809e+00  1.181357e+02
     vertex -6.000000e+00 -2.195809e+00  1.181357e+02
     vertex -6.000000e+00 -2.191259e+00  1.181959e+02
   endloop
 endfacet
 facet normal -5.122423e-21  9.988475e-01 -4.799716e-02
   outer loop
     vertex  6.000000e+00 -2.198706e+00  1.180754e+02
     vertex -6.000000e+00 -2.195809e+00  1.181357e+02
     vertex  6.000000e+00 -2.195809e+00  1.181357e+02
   endloop
 endfacet
 facet normal  0.000000e+00  9.988475e-01 -4.799716e-02
   outer loop
     vertex  6.000000e+00 -2.198706e+00  1.180754e+02
     vertex -6.000000e+00 -2.198706e+00  1.180754e+02
     vertex -6.000000e+00 -2.195809e+00  1.181357e+02
   endloop
 endfacet
 facet normal  0.000000e+00  9.997883e-01 -2.057667e-02
   outer loop
     vertex  6.000000e+00 -2.198706e+00  1.180754e+02
     vertex -6.000000e+00 -2.199948e+00  1.180151e+02
     vertex -6.000000e+00 -2.198706e+00  1.180754e+02
   endloop
 endfacet
 facet normal  0.000000e+00  9.999765e-01  6.859319e-03
   outer loop
     vertex  6.000000e+00 -2.199948e+00  1.180151e+02
     vertex -6.000000e+00 -2.199534e+00  1.179547e+02
     vertex -6.000000e+00 -2.199948e+00  1.180151e+02
   endloop
 endfacet
 facet normal  0.000000e+00  9.997883e-01 -2.057667e-02
   outer loop
     vertex  6.000000e+00 -2.199948e+00  1.180151e+02
     vertex -6.000000e+00 -2.199948e+00  1.180151e+02
     vertex  6.000000e+00 -2.198706e+00  1.180754e+02
   endloop
 endfacet
 facet normal  0.000000e+00  9.999765e-01  6.859319e-03
   outer loop
     vertex  6.000000e+00 -2.199534e+00  1.179547e+02
     vertex -6.000000e+00 -2.199534e+00  1.179547e+02
     vertex  6.000000e+00 -2.199948e+00  1.180151e+02
   endloop
 endfacet
 facet normal  0.000000e+00  9.994119e-01  3.429014e-02
   outer loop
     vertex  6.000000e+00 -2.197464e+00  1.178944e+02
     vertex -6.000000e+00 -2.197464e+00  1.178944e+02
     vertex -6.000000e+00 -2.199534e+00  1.179547e+02
   endloop
 endfacet
 facet normal -6.826418e-21  9.994119e-01  3.429014e-02
   outer loop
     vertex  6.000000e+00 -2.197464e+00  1.178944e+02
     vertex -6.000000e+00 -2.199534e+00  1.179547e+02
     vertex  6.000000e+00 -2.199534e+00  1.179547e+02
   endloop
 endfacet
 facet normal  0.000000e+00  9.980950e-01  6.169515e-02
   outer loop
     vertex  6.000000e+00 -2.193740e+00  1.178342e+02
     vertex -6.000000e+00 -2.193740e+00  1.178342e+02
     vertex -6.000000e+00 -2.197464e+00  1.178944e+02
   endloop
 endfacet
 facet normal  0.000000e+00  9.960268e-01  8.905371e-02
   outer loop
     vertex  6.000000e+00 -2.193740e+00  1.178342e+02
     vertex -6.000000e+00 -2.188365e+00  1.177740e+02
     vertex -6.000000e+00 -2.193740e+00  1.178342e+02
   endloop
 endfacet
 facet normal  1.745793e-20  9.980950e-01  6.169515e-02
   outer loop
     vertex  6.000000e+00 -2.193740e+00  1.178342e+02
     vertex -6.000000e+00 -2.197464e+00  1.178944e+02
     vertex  6.000000e+00 -2.197464e+00  1.178944e+02
   endloop
 endfacet
 facet normal  0.000000e+00  9.960268e-01  8.905371e-02
   outer loop
     vertex  6.000000e+00 -2.188365e+00  1.177740e+02
     vertex -6.000000e+00 -2.188365e+00  1.177740e+02
     vertex  6.000000e+00 -2.193740e+00  1.178342e+02
   endloop
 endfacet
 facet normal  3.139052e-20  9.932088e-01  1.163452e-01
   outer loop
     vertex  6.000000e+00 -2.181342e+00  1.177141e+02
     vertex -6.000000e+00 -2.188365e+00  1.177740e+02
     vertex  6.000000e+00 -2.188365e+00  1.177740e+02
   endloop
 endfacet
 facet normal  0.000000e+00  9.932088e-01  1.163452e-01
   outer loop
     vertex  6.000000e+00 -2.181342e+00  1.177141e+02
     vertex -6.000000e+00 -2.181342e+00  1.177141e+02
     vertex -6.000000e+00 -2.188365e+00  1.177740e+02
   endloop
 endfacet
 facet normal  1.262673e-20  9.896432e-01  1.435492e-01
   outer loop
     vertex  6.000000e+00 -2.172678e+00  1.176544e+02
     vertex -6.000000e+00 -2.181342e+00  1.177141e+02
     vertex  6.000000e+00 -2.181342e+00  1.177141e+02
   endloop
 endfacet
 facet normal  0.000000e+00  9.896432e-01  1.435492e-01
   outer loop
     vertex  6.000000e+00 -2.172678e+00  1.176544e+02
     vertex -6.000000e+00 -2.172678e+00  1.176544e+02
     vertex -6.000000e+00 -2.181342e+00  1.177141e+02
   endloop
 endfacet
 facet normal  0.000000e+00  9.853326e-01  1.706451e-01
   outer loop
     vertex  6.000000e+00 -2.172678e+00  1.176544e+02
     vertex -6.000000e+00 -2.162378e+00  1.175949e+02
     vertex -6.000000e+00 -2.172678e+00  1.176544e+02
   endloop
 endfacet
 facet normal  0.000000e+00  9.853326e-01  1.706451e-01
   outer loop
     vertex  6.000000e+00 -2.162378e+00  1.175949e+02
     vertex -6.000000e+00 -2.162378e+00  1.175949e+02
     vertex  6.000000e+00 -2.172678e+00  1.176544e+02
   endloop
 endfacet
 facet normal -2.671416e-20  9.802802e-01  1.976125e-01
   outer loop
     vertex  6.000000e+00 -2.150450e+00  1.175357e+02
     vertex -6.000000e+00 -2.162378e+00  1.175949e+02
     vertex  6.000000e+00 -2.162378e+00  1.175949e+02
   endloop
 endfacet
 facet normal  0.000000e+00  9.802802e-01  1.976125e-01
   outer loop
     vertex  6.000000e+00 -2.150450e+00  1.175357e+02
     vertex -6.000000e+00 -2.150450e+00  1.175357e+02
     vertex -6.000000e+00 -2.162378e+00  1.175949e+02
   endloop
 endfacet
 facet normal  5.944954e-20  9.744899e-01  2.244312e-01
   outer loop
     vertex  6.000000e+00 -2.136903e+00  1.174769e+02
     vertex -6.000000e+00 -2.150450e+00  1.175357e+02
     vertex  6.000000e+00 -2.150450e+00  1.175357e+02
   endloop
 endfacet
 facet normal  0.000000e+00  9.744899e-01  2.244312e-01
   outer loop
     vertex  6.000000e+00 -2.136903e+00  1.174769e+02
     vertex -6.000000e+00 -2.136903e+00  1.174769e+02
     vertex -6.000000e+00 -2.150450e+00  1.175357e+02
   endloop
 endfacet
 facet normal -4.374010e-20  9.679661e-01  2.510809e-01
   outer loop
     vertex  6.000000e+00 -2.121747e+00  1.174185e+02
     vertex -6.000000e+00 -2.136903e+00  1.174769e+02
     vertex  6.000000e+00 -2.136903e+00  1.174769e+02
   endloop
 endfacet
 facet normal  0.000000e+00  9.679661e-01  2.510809e-01
   outer loop
     vertex  6.000000e+00 -2.121747e+00  1.174185e+02
     vertex -6.000000e+00 -2.121747e+00  1.174185e+02
     vertex -6.000000e+00 -2.136903e+00  1.174769e+02
   endloop
 endfacet
 facet normal  7.296954e-20  9.607136e-01  2.775416e-01
   outer loop
     vertex  6.000000e+00 -2.104995e+00  1.173605e+02
     vertex -6.000000e+00 -2.121747e+00  1.174185e+02
     vertex  6.000000e+00 -2.121747e+00  1.174185e+02
   endloop
 endfacet
 facet normal  0.000000e+00  9.607136e-01  2.775416e-01
   outer loop
     vertex  6.000000e+00 -2.104995e+00  1.173605e+02
     vertex -6.000000e+00 -2.104995e+00  1.173605e+02
     vertex -6.000000e+00 -2.121747e+00  1.174185e+02
   endloop
 endfacet
 facet normal  8.371513e-20  9.527379e-01  3.037934e-01
   outer loop
     vertex  6.000000e+00 -2.086658e+00  1.173030e+02
     vertex -6.000000e+00 -2.104995e+00  1.173605e+02
     vertex  6.000000e+00 -2.104995e+00  1.173605e+02
   endloop
 endfacet
 facet normal  0.000000e+00  9.527379e-01  3.037934e-01
   outer loop
     vertex  6.000000e+00 -2.086658e+00  1.173030e+02
     vertex -6.000000e+00 -2.086658e+00  1.173030e+02
     vertex -6.000000e+00 -2.104995e+00  1.173605e+02
   endloop
 endfacet
 facet normal  0.000000e+00  9.440450e-01  3.298166e-01
   outer loop
     vertex  6.000000e+00 -2.086658e+00  1.173030e+02
     vertex -6.000000e+00 -2.066750e+00  1.172460e+02
     vertex -6.000000e+00 -2.086658e+00  1.173030e+02
   endloop
 endfacet
 facet normal  0.000000e+00  9.440450e-01  3.298166e-01
   outer loop
     vertex  6.000000e+00 -2.066750e+00  1.172460e+02
     vertex -6.000000e+00 -2.066750e+00  1.172460e+02
     vertex  6.000000e+00 -2.086658e+00  1.173030e+02
   endloop
 endfacet
 facet normal  1.351633e-19  9.346415e-01  3.555914e-01
   outer loop
     vertex  6.000000e+00 -2.045286e+00  1.171896e+02
     vertex -6.000000e+00 -2.066750e+00  1.172460e+02
     vertex  6.000000e+00 -2.066750e+00  1.172460e+02
   endloop
 endfacet
 facet normal  0.000000e+00  9.346415e-01  3.555914e-01
   outer loop
     vertex  6.000000e+00 -2.045286e+00  1.171896e+02
     vertex -6.000000e+00 -2.045286e+00  1.171896e+02
     vertex -6.000000e+00 -2.066750e+00  1.172460e+02
   endloop
 endfacet
 facet normal  0.000000e+00  9.137314e-01  4.063188e-01
   outer loop
     vertex  6.000000e+00 -2.022283e+00  1.171338e+02
     vertex -6.000000e+00 -1.997757e+00  1.170786e+02
     vertex -6.000000e+00 -2.022283e+00  1.171338e+02
   endloop
 endfacet
 facet normal  1.118487e-19  9.245344e-01  3.810986e-01
   outer loop
     vertex  6.000000e+00 -2.022283e+00  1.171338e+02
     vertex -6.000000e+00 -2.045286e+00  1.171896e+02
     vertex  6.000000e+00 -2.045286e+00  1.171896e+02
   endloop
 endfacet
 facet normal  0.000000e+00  9.245344e-01  3.810986e-01
   outer loop
     vertex  6.000000e+00 -2.022283e+00  1.171338e+02
     vertex -6.000000e+00 -2.022283e+00  1.171338e+02
     vertex -6.000000e+00 -2.045286e+00  1.171896e+02
   endloop
 endfacet
 facet normal  0.000000e+00  9.137314e-01  4.063188e-01
   outer loop
     vertex  6.000000e+00 -1.997757e+00  1.170786e+02
     vertex -6.000000e+00 -1.997757e+00  1.170786e+02
     vertex  6.000000e+00 -2.022283e+00  1.171338e+02
   endloop
 endfacet
 facet normal  0.000000e+00  9.022405e-01  4.312333e-01
   outer loop
     vertex  6.000000e+00 -1.971728e+00  1.170241e+02
     vertex -6.000000e+00 -1.971728e+00  1.170241e+02
     vertex -6.000000e+00 -1.997757e+00  1.170786e+02
   endloop
 endfacet
 facet normal -1.595537e-20  9.022405e-01  4.312333e-01
   outer loop
     vertex  6.000000e+00 -1.971728e+00  1.170241e+02
     vertex -6.000000e+00 -1.997757e+00  1.170786e+02
     vertex  6.000000e+00 -1.997757e+00  1.170786e+02
   endloop
 endfacet
 facet normal  0.000000e+00  8.900704e-01  4.558231e-01
   outer loop
     vertex  6.000000e+00 -1.944214e+00  1.169704e+02
     vertex -6.000000e+00 -1.944214e+00  1.169704e+02
     vertex -6.000000e+00 -1.971728e+00  1.170241e+02
   endloop
 endfacet
 facet normal  0.000000e+00  8.772303e-01  4.800697e-01
   outer loop
     vertex  6.000000e+00 -1.944214e+00  1.169704e+02
     vertex -6.000000e+00 -1.915236e+00  1.169175e+02
     vertex -6.000000e+00 -1.944214e+00  1.169704e+02
   endloop
 endfacet
 facet normal  1.156533e-19  8.900704e-01  4.558231e-01
   outer loop
     vertex  6.000000e+00 -1.944214e+00  1.169704e+02
     vertex -6.000000e+00 -1.971728e+00  1.170241e+02
     vertex  6.000000e+00 -1.971728e+00  1.170241e+02
   endloop
 endfacet
 facet normal  0.000000e+00  8.772303e-01  4.800697e-01
   outer loop
     vertex  6.000000e+00 -1.915236e+00  1.169175e+02
     vertex -6.000000e+00 -1.915236e+00  1.169175e+02
     vertex  6.000000e+00 -1.944214e+00  1.169704e+02
   endloop
 endfacet
 facet normal  0.000000e+00  8.637299e-01  5.039550e-01
   outer loop
     vertex  6.000000e+00 -1.884817e+00  1.168653e+02
     vertex -6.000000e+00 -1.884817e+00  1.168653e+02
     vertex -6.000000e+00 -1.915236e+00  1.169175e+02
   endloop
 endfacet
 facet normal -1.201754e-19  8.637299e-01  5.039550e-01
   outer loop
     vertex  6.000000e+00 -1.884817e+00  1.168653e+02
     vertex -6.000000e+00 -1.915236e+00  1.169175e+02
     vertex  6.000000e+00 -1.915236e+00  1.169175e+02
   endloop
 endfacet
 facet normal  0.000000e+00  8.495793e-01  5.274609e-01
   outer loop
     vertex  6.000000e+00 -1.852980e+00  1.168141e+02
     vertex -6.000000e+00 -1.852980e+00  1.168141e+02
     vertex -6.000000e+00 -1.884817e+00  1.168653e+02
   endloop
 endfacet
 facet normal -1.050918e-20  8.495793e-01  5.274609e-01
   outer loop
     vertex  6.000000e+00 -1.852980e+00  1.168141e+02
     vertex -6.000000e+00 -1.884817e+00  1.168653e+02
     vertex  6.000000e+00 -1.884817e+00  1.168653e+02
   endloop
 endfacet
 facet normal  0.000000e+00  8.347891e-01  5.505698e-01
   outer loop
     vertex  6.000000e+00 -1.819747e+00  1.167637e+02
     vertex -6.000000e+00 -1.819747e+00  1.167637e+02
     vertex -6.000000e+00 -1.852980e+00  1.168141e+02
   endloop
 endfacet
 facet normal -1.053245e-19  8.347891e-01  5.505698e-01
   outer loop
     vertex  6.000000e+00 -1.819747e+00  1.167637e+02
     vertex -6.000000e+00 -1.852980e+00  1.168141e+02
     vertex  6.000000e+00 -1.852980e+00  1.168141e+02
   endloop
 endfacet
 facet normal  0.000000e+00  8.193706e-01  5.732642e-01
   outer loop
     vertex  6.000000e+00 -1.785144e+00  1.167142e+02
     vertex -6.000000e+00 -1.785144e+00  1.167142e+02
     vertex -6.000000e+00 -1.819747e+00  1.167637e+02
   endloop
 endfacet
 facet normal -1.342020e-19  8.193706e-01  5.732642e-01
   outer loop
     vertex  6.000000e+00 -1.785144e+00  1.167142e+02
     vertex -6.000000e+00 -1.819747e+00  1.167637e+02
     vertex  6.000000e+00 -1.819747e+00  1.167637e+02
   endloop
 endfacet
 facet normal  0.000000e+00  8.033352e-01  5.955271e-01
   outer loop
     vertex  6.000000e+00 -1.749198e+00  1.166657e+02
     vertex -6.000000e+00 -1.749198e+00  1.166657e+02
     vertex -6.000000e+00 -1.785144e+00  1.167142e+02
   endloop
 endfacet
 facet normal  0.000000e+00  7.866951e-01  6.173417e-01
   outer loop
     vertex  6.000000e+00 -1.749198e+00  1.166657e+02
     vertex -6.000000e+00 -1.711935e+00  1.166182e+02
     vertex -6.000000e+00 -1.749198e+00  1.166657e+02
   endloop
 endfacet
 facet normal  1.123100e-19  8.033352e-01  5.955271e-01
   outer loop
     vertex  6.000000e+00 -1.749198e+00  1.166657e+02
     vertex -6.000000e+00 -1.785144e+00  1.167142e+02
     vertex  6.000000e+00 -1.785144e+00  1.167142e+02
   endloop
 endfacet
 facet normal  0.000000e+00  7.866951e-01  6.173417e-01
   outer loop
     vertex  6.000000e+00 -1.711935e+00  1.166182e+02
     vertex -6.000000e+00 -1.711935e+00  1.166182e+02
     vertex  6.000000e+00 -1.749198e+00  1.166657e+02
   endloop
 endfacet
 facet normal  0.000000e+00  7.694628e-01  6.386916e-01
   outer loop
     vertex  6.000000e+00 -1.673383e+00  1.165718e+02
     vertex -6.000000e+00 -1.673383e+00  1.165718e+02
     vertex -6.000000e+00 -1.711935e+00  1.166182e+02
   endloop
 endfacet
 facet normal -2.080333e-20  7.694628e-01  6.386916e-01
   outer loop
     vertex  6.000000e+00 -1.673383e+00  1.165718e+02
     vertex -6.000000e+00 -1.711935e+00  1.166182e+02
     vertex  6.000000e+00 -1.711935e+00  1.166182e+02
   endloop
 endfacet
 facet normal  0.000000e+00  7.516513e-01  6.595607e-01
   outer loop
     vertex  6.000000e+00 -1.633572e+00  1.165264e+02
     vertex -6.000000e+00 -1.633572e+00  1.165264e+02
     vertex -6.000000e+00 -1.673383e+00  1.165718e+02
   endloop
 endfacet
 facet normal  1.273951e-19  7.516513e-01  6.595607e-01
   outer loop
     vertex  6.000000e+00 -1.633572e+00  1.165264e+02
     vertex -6.000000e+00 -1.673383e+00  1.165718e+02
     vertex  6.000000e+00 -1.673383e+00  1.165718e+02
   endloop
 endfacet
 facet normal  0.000000e+00  7.332740e-01  6.799333e-01
   outer loop
     vertex  6.000000e+00 -1.592530e+00  1.164822e+02
     vertex -6.000000e+00 -1.592530e+00  1.164822e+02
     vertex -6.000000e+00 -1.633572e+00  1.165264e+02
   endloop
 endfacet
 facet normal  0.000000e+00  7.143447e-01  6.997940e-01
   outer loop
     vertex  6.000000e+00 -1.592530e+00  1.164822e+02
     vertex -6.000000e+00 -1.550290e+00  1.164390e+02
     vertex -6.000000e+00 -1.592530e+00  1.164822e+02
   endloop
 endfacet
 facet normal -5.216033e-20  7.332740e-01  6.799333e-01
   outer loop
     vertex  6.000000e+00 -1.592530e+00  1.164822e+02
     vertex -6.000000e+00 -1.633572e+00  1.165264e+02
     vertex  6.000000e+00 -1.633572e+00  1.165264e+02
   endloop
 endfacet
 facet normal  0.000000e+00  7.143447e-01  6.997940e-01
   outer loop
     vertex  6.000000e+00 -1.550290e+00  1.164390e+02
     vertex -6.000000e+00 -1.550290e+00  1.164390e+02
     vertex  6.000000e+00 -1.592530e+00  1.164822e+02
   endloop
 endfacet
 facet normal  7.174798e-20  6.948776e-01  7.191280e-01
   outer loop
     vertex  6.000000e+00 -1.506883e+00  1.163971e+02
     vertex -6.000000e+00 -1.550290e+00  1.164390e+02
     vertex  6.000000e+00 -1.550290e+00  1.164390e+02
   endloop
 endfacet
 facet normal  0.000000e+00  6.948776e-01  7.191280e-01
   outer loop
     vertex  6.000000e+00 -1.506883e+00  1.163971e+02
     vertex -6.000000e+00 -1.506883e+00  1.163971e+02
     vertex -6.000000e+00 -1.550290e+00  1.164390e+02
   endloop
 endfacet
 facet normal -2.189609e-20  6.748875e-01  7.379206e-01
   outer loop
     vertex  6.000000e+00 -1.462342e+00  1.163564e+02
     vertex -6.000000e+00 -1.506883e+00  1.163971e+02
     vertex  6.000000e+00 -1.506883e+00  1.163971e+02
   endloop
 endfacet
 facet normal  0.000000e+00  6.748875e-01  7.379206e-01
   outer loop
     vertex  6.000000e+00 -1.462342e+00  1.163564e+02
     vertex -6.000000e+00 -1.462342e+00  1.163564e+02
     vertex -6.000000e+00 -1.506883e+00  1.163971e+02
   endloop
 endfacet
 facet normal  1.377336e-19  6.543893e-01  7.561578e-01
   outer loop
     vertex  6.000000e+00 -1.416700e+00  1.163169e+02
     vertex -6.000000e+00 -1.462342e+00  1.163564e+02
     vertex  6.000000e+00 -1.462342e+00  1.163564e+02
   endloop
 endfacet
 facet normal  0.000000e+00  6.543893e-01  7.561578e-01
   outer loop
     vertex  6.000000e+00 -1.416700e+00  1.163169e+02
     vertex -6.000000e+00 -1.416700e+00  1.163169e+02
     vertex -6.000000e+00 -1.462342e+00  1.163564e+02
   endloop
 endfacet
 facet normal  0.000000e+00  6.333986e-01  7.738257e-01
   outer loop
     vertex  6.000000e+00 -1.416700e+00  1.163169e+02
     vertex -6.000000e+00 -1.369991e+00  1.162786e+02
     vertex -6.000000e+00 -1.416700e+00  1.163169e+02
   endloop
 endfacet
 facet normal  0.000000e+00  6.333986e-01  7.738257e-01
   outer loop
     vertex  6.000000e+00 -1.369991e+00  1.162786e+02
     vertex -6.000000e+00 -1.369991e+00  1.162786e+02
     vertex  6.000000e+00 -1.416700e+00  1.163169e+02
   endloop
 endfacet
 facet normal -9.993043e-20  6.119310e-01  7.909112e-01
   outer loop
     vertex  6.000000e+00 -1.322252e+00  1.162417e+02
     vertex -6.000000e+00 -1.369991e+00  1.162786e+02
     vertex  6.000000e+00 -1.369991e+00  1.162786e+02
   endloop
 endfacet
 facet normal  0.000000e+00  6.119310e-01  7.909112e-01
   outer loop
     vertex  6.000000e+00 -1.322252e+00  1.162417e+02
     vertex -6.000000e+00 -1.322252e+00  1.162417e+02
     vertex -6.000000e+00 -1.369991e+00  1.162786e+02
   endloop
 endfacet
 facet normal  0.000000e+00  5.900028e-01  8.074012e-01
   outer loop
     vertex  6.000000e+00 -1.273516e+00  1.162061e+02
     vertex -6.000000e+00 -1.273516e+00  1.162061e+02
     vertex -6.000000e+00 -1.322252e+00  1.162417e+02
   endloop
 endfacet
 facet normal  0.000000e+00  5.676304e-01  8.232835e-01
   outer loop
     vertex  6.000000e+00 -1.273516e+00  1.162061e+02
     vertex -6.000000e+00 -1.223822e+00  1.161718e+02
     vertex -6.000000e+00 -1.273516e+00  1.162061e+02
   endloop
 endfacet
 facet normal  8.106305e-20  5.900028e-01  8.074012e-01
   outer loop
     vertex  6.000000e+00 -1.273516e+00  1.162061e+02
     vertex -6.000000e+00 -1.322252e+00  1.162417e+02
     vertex  6.000000e+00 -1.322252e+00  1.162417e+02
   endloop
 endfacet
 facet normal  0.000000e+00  5.448308e-01  8.385460e-01
   outer loop
     vertex  6.000000e+00 -1.223822e+00  1.161718e+02
     vertex -6.000000e+00 -1.173207e+00  1.161389e+02
     vertex -6.000000e+00 -1.223822e+00  1.161718e+02
   endloop
 endfacet
 facet normal  0.000000e+00  5.676304e-01  8.232835e-01
   outer loop
     vertex  6.000000e+00 -1.223822e+00  1.161718e+02
     vertex -6.000000e+00 -1.223822e+00  1.161718e+02
     vertex  6.000000e+00 -1.273516e+00  1.162061e+02
   endloop
 endfacet
 facet normal  0.000000e+00  5.216210e-01  8.531773e-01
   outer loop
     vertex  6.000000e+00 -1.173207e+00  1.161389e+02
     vertex -6.000000e+00 -1.121709e+00  1.161074e+02
     vertex -6.000000e+00 -1.173207e+00  1.161389e+02
   endloop
 endfacet
 facet normal  0.000000e+00  5.448308e-01  8.385460e-01
   outer loop
     vertex  6.000000e+00 -1.173207e+00  1.161389e+02
     vertex -6.000000e+00 -1.173207e+00  1.161389e+02
     vertex  6.000000e+00 -1.223822e+00  1.161718e+02
   endloop
 endfacet
 facet normal  0.000000e+00  4.980186e-01  8.671664e-01
   outer loop
     vertex  6.000000e+00 -1.121709e+00  1.161074e+02
     vertex -6.000000e+00 -1.069366e+00  1.160774e+02
     vertex -6.000000e+00 -1.121709e+00  1.161074e+02
   endloop
 endfacet
 facet normal  0.000000e+00  5.216210e-01  8.531773e-01
   outer loop
     vertex  6.000000e+00 -1.121709e+00  1.161074e+02
     vertex -6.000000e+00 -1.121709e+00  1.161074e+02
     vertex  6.000000e+00 -1.173207e+00  1.161389e+02
   endloop
 endfacet
 facet normal  0.000000e+00  4.980186e-01  8.671664e-01
   outer loop
     vertex  6.000000e+00 -1.069366e+00  1.160774e+02
     vertex -6.000000e+00 -1.069366e+00  1.160774e+02
     vertex  6.000000e+00 -1.121709e+00  1.161074e+02
   endloop
 endfacet
 facet normal  0.000000e+00  4.740412e-01  8.805026e-01
   outer loop
     vertex  6.000000e+00 -1.016219e+00  1.160488e+02
     vertex -6.000000e+00 -1.016219e+00  1.160488e+02
     vertex -6.000000e+00 -1.069366e+00  1.160774e+02
   endloop
 endfacet
 facet normal -6.661993e-20  4.740412e-01  8.805026e-01
   outer loop
     vertex  6.000000e+00 -1.016219e+00  1.160488e+02
     vertex -6.000000e+00 -1.069366e+00  1.160774e+02
     vertex  6.000000e+00 -1.069366e+00  1.160774e+02
   endloop
 endfacet
 facet normal  0.000000e+00  4.497071e-01  8.931761e-01
   outer loop
     vertex  6.000000e+00 -9.623061e-01  1.160216e+02
     vertex -6.000000e+00 -9.623061e-01  1.160216e+02
     vertex -6.000000e+00 -1.016219e+00  1.160488e+02
   endloop
 endfacet
 facet normal  0.000000e+00  4.250344e-01  9.051772e-01
   outer loop
     vertex  6.000000e+00 -9.623061e-01  1.160216e+02
     vertex -6.000000e+00 -9.076691e-01  1.159960e+02
     vertex -6.000000e+00 -9.623061e-01  1.160216e+02
   endloop
 endfacet
 facet normal -1.948596e-20  4.497071e-01  8.931761e-01
   outer loop
     vertex  6.000000e+00 -9.623061e-01  1.160216e+02
     vertex -6.000000e+00 -1.016219e+00  1.160488e+02
     vertex  6.000000e+00 -1.016219e+00  1.160488e+02
   endloop
 endfacet
 facet normal  0.000000e+00  4.000417e-01  9.164969e-01
   outer loop
     vertex  6.000000e+00 -9.076691e-01  1.159960e+02
     vertex -6.000000e+00 -8.523488e-01  1.159718e+02
     vertex -6.000000e+00 -9.076691e-01  1.159960e+02
   endloop
 endfacet
 facet normal  0.000000e+00  4.250344e-01  9.051772e-01
   outer loop
     vertex  6.000000e+00 -9.076691e-01  1.159960e+02
     vertex -6.000000e+00 -9.076691e-01  1.159960e+02
     vertex  6.000000e+00 -9.623061e-01  1.160216e+02
   endloop
 endfacet
 facet normal  0.000000e+00  4.000417e-01  9.164969e-01
   outer loop
     vertex  6.000000e+00 -8.523488e-01  1.159718e+02
     vertex -6.000000e+00 -8.523488e-01  1.159718e+02
     vertex  6.000000e+00 -9.076691e-01  1.159960e+02
   endloop
 endfacet
 facet normal  0.000000e+00  3.747479e-01  9.271267e-01
   outer loop
     vertex  6.000000e+00 -7.963869e-01  1.159492e+02
     vertex -6.000000e+00 -7.963869e-01  1.159492e+02
     vertex -6.000000e+00 -8.523488e-01  1.159718e+02
   endloop
 endfacet
 facet normal  0.000000e+00  3.491720e-01  9.370586e-01
   outer loop
     vertex  6.000000e+00 -7.963869e-01  1.159492e+02
     vertex -6.000000e+00 -7.398255e-01  1.159281e+02
     vertex -6.000000e+00 -7.963869e-01  1.159492e+02
   endloop
 endfacet
 facet normal  1.198109e-19  3.747479e-01  9.271267e-01
   outer loop
     vertex  6.000000e+00 -7.963869e-01  1.159492e+02
     vertex -6.000000e+00 -8.523488e-01  1.159718e+02
     vertex  6.000000e+00 -8.523488e-01  1.159718e+02
   endloop
 endfacet
 facet normal  0.000000e+00  3.491720e-01  9.370586e-01
   outer loop
     vertex  6.000000e+00 -7.398255e-01  1.159281e+02
     vertex -6.000000e+00 -7.398255e-01  1.159281e+02
     vertex  6.000000e+00 -7.963869e-01  1.159492e+02
   endloop
 endfacet
 facet normal  0.000000e+00  3.233333e-01  9.462851e-01
   outer loop
     vertex  6.000000e+00 -6.827072e-01  1.159086e+02
     vertex -6.000000e+00 -6.827072e-01  1.159086e+02
     vertex -6.000000e+00 -7.398255e-01  1.159281e+02
   endloop
 endfacet
 facet normal  1.025913e-20  3.233333e-01  9.462851e-01
   outer loop
     vertex  6.000000e+00 -6.827072e-01  1.159086e+02
     vertex -6.000000e+00 -7.398255e-01  1.159281e+02
     vertex  6.000000e+00 -7.398255e-01  1.159281e+02
   endloop
 endfacet
 facet normal  0.000000e+00  2.972512e-01  9.547993e-01
   outer loop
     vertex  6.000000e+00 -6.250749e-01  1.158907e+02
     vertex -6.000000e+00 -6.250749e-01  1.158907e+02
     vertex -6.000000e+00 -6.827072e-01  1.159086e+02
   endloop
 endfacet
 facet normal  3.379746e-20  2.972512e-01  9.547993e-01
   outer loop
     vertex  6.000000e+00 -6.250749e-01  1.158907e+02
     vertex -6.000000e+00 -6.827072e-01  1.159086e+02
     vertex  6.000000e+00 -6.827072e-01  1.159086e+02
   endloop
 endfacet
 facet normal  0.000000e+00  2.709453e-01  9.625948e-01
   outer loop
     vertex  6.000000e+00 -5.669721e-01  1.158743e+02
     vertex -6.000000e+00 -5.669721e-01  1.158743e+02
     vertex -6.000000e+00 -6.250749e-01  1.158907e+02
   endloop
 endfacet
 facet normal  6.924633e-20  2.709453e-01  9.625948e-01
   outer loop
     vertex  6.000000e+00 -5.669721e-01  1.158743e+02
     vertex -6.000000e+00 -6.250749e-01  1.158907e+02
     vertex  6.000000e+00 -6.250749e-01  1.158907e+02
   endloop
 endfacet
 facet normal  0.000000e+00  2.444354e-01  9.696656e-01
   outer loop
     vertex  6.000000e+00 -5.084425e-01  1.158596e+02
     vertex -6.000000e+00 -5.084425e-01  1.158596e+02
     vertex -6.000000e+00 -5.669721e-01  1.158743e+02
   endloop
 endfacet
 facet normal -3.422231e-20  2.444354e-01  9.696656e-01
   outer loop
     vertex  6.000000e+00 -5.084425e-01  1.158596e+02
     vertex -6.000000e+00 -5.669721e-01  1.158743e+02
     vertex  6.000000e+00 -5.669721e-01  1.158743e+02
   endloop
 endfacet
 facet normal  0.000000e+00  2.177416e-01  9.760065e-01
   outer loop
     vertex  6.000000e+00 -4.495302e-01  1.158464e+02
     vertex -6.000000e+00 -4.495302e-01  1.158464e+02
     vertex -6.000000e+00 -5.084425e-01  1.158596e+02
   endloop
 endfacet
 facet normal  3.384819e-20  2.177416e-01  9.760065e-01
   outer loop
     vertex  6.000000e+00 -4.495302e-01  1.158464e+02
     vertex -6.000000e+00 -5.084425e-01  1.158596e+02
     vertex  6.000000e+00 -5.084425e-01  1.158596e+02
   endloop
 endfacet
 facet normal  0.000000e+00  1.908838e-01  9.816126e-01
   outer loop
     vertex  6.000000e+00 -3.902795e-01  1.158349e+02
     vertex -6.000000e+00 -3.902795e-01  1.158349e+02
     vertex -6.000000e+00 -4.495302e-01  1.158464e+02
   endloop
 endfacet
 facet normal -1.052793e-20  1.908838e-01  9.816126e-01
   outer loop
     vertex  6.000000e+00 -3.902795e-01  1.158349e+02
     vertex -6.000000e+00 -4.495302e-01  1.158464e+02
     vertex  6.000000e+00 -4.495302e-01  1.158464e+02
   endloop
 endfacet
 facet normal  0.000000e+00  1.638824e-01  9.864799e-01
   outer loop
     vertex  6.000000e+00 -3.307350e-01  1.158250e+02
     vertex -6.000000e+00 -3.307350e-01  1.158250e+02
     vertex -6.000000e+00 -3.902795e-01  1.158349e+02
   endloop
 endfacet
 facet normal  0.000000e+00  1.367575e-01  9.906046e-01
   outer loop
     vertex  6.000000e+00 -3.307350e-01  1.158250e+02
     vertex -6.000000e+00 -2.709415e-01  1.158167e+02
     vertex -6.000000e+00 -3.307350e-01  1.158250e+02
   endloop
 endfacet
 facet normal  8.430846e-21  1.638824e-01  9.864799e-01
   outer loop
     vertex  6.000000e+00 -3.307350e-01  1.158250e+02
     vertex -6.000000e+00 -3.902795e-01  1.158349e+02
     vertex  6.000000e+00 -3.902795e-01  1.158349e+02
   endloop
 endfacet
 facet normal  0.000000e+00  1.367575e-01  9.906046e-01
   outer loop
     vertex  6.000000e+00 -2.709415e-01  1.158167e+02
     vertex -6.000000e+00 -2.709415e-01  1.158167e+02
     vertex  6.000000e+00 -3.307350e-01  1.158250e+02
   endloop
 endfacet
 facet normal -1.776296e-20  1.095298e-01  9.939835e-01
   outer loop
     vertex  6.000000e+00 -2.109441e-01  1.158101e+02
     vertex -6.000000e+00 -2.709415e-01  1.158167e+02
     vertex  6.000000e+00 -2.709415e-01  1.158167e+02
   endloop
 endfacet
 facet normal  0.000000e+00  1.095298e-01  9.939835e-01
   outer loop
     vertex  6.000000e+00 -2.109441e-01  1.158101e+02
     vertex -6.000000e+00 -2.109441e-01  1.158101e+02
     vertex -6.000000e+00 -2.709415e-01  1.158167e+02
   endloop
 endfacet
 facet normal  0.000000e+00  8.221955e-02  9.966142e-01
   outer loop
     vertex  6.000000e+00 -2.109441e-01  1.158101e+02
     vertex -6.000000e+00 -1.507879e-01  1.158052e+02
     vertex -6.000000e+00 -2.109441e-01  1.158101e+02
   endloop
 endfacet
 facet normal  0.000000e+00  8.221955e-02  9.966142e-01
   outer loop
     vertex  6.000000e+00 -1.507879e-01  1.158052e+02
     vertex -6.000000e+00 -1.507879e-01  1.158052e+02
     vertex  6.000000e+00 -2.109441e-01  1.158101e+02
   endloop
 endfacet
 facet normal  0.000000e+00  5.484744e-02  9.984947e-01
   outer loop
     vertex  6.000000e+00 -1.507879e-01  1.158052e+02
     vertex -6.000000e+00 -9.051816e-02  1.158019e+02
     vertex -6.000000e+00 -1.507879e-01  1.158052e+02
   endloop
 endfacet
 facet normal  0.000000e+00  5.484744e-02  9.984947e-01
   outer loop
     vertex  6.000000e+00 -9.051816e-02  1.158019e+02
     vertex -6.000000e+00 -9.051816e-02  1.158019e+02
     vertex  6.000000e+00 -1.507879e-01  1.158052e+02
   endloop
 endfacet
 facet normal  4.974626e-21  2.743405e-02  9.996236e-01
   outer loop
     vertex  6.000000e+00 -3.018029e-02  1.158002e+02
     vertex -6.000000e+00 -9.051816e-02  1.158019e+02
     vertex  6.000000e+00 -9.051816e-02  1.158019e+02
   endloop
 endfacet
 facet normal  0.000000e+00  2.743405e-02  9.996236e-01
   outer loop
     vertex  6.000000e+00 -3.018029e-02  1.158002e+02
     vertex -6.000000e+00 -3.018029e-02  1.158002e+02
     vertex -6.000000e+00 -9.051816e-02  1.158019e+02
   endloop
 endfacet
 facet normal  0.000000e+00  0.000000e+00  1.000000e+00
   outer loop
     vertex  6.000000e+00  3.018029e-02  1.158002e+02
     vertex -6.000000e+00 -3.018029e-02  1.158002e+02
     vertex  6.000000e+00 -3.018029e-02  1.158002e+02
   endloop
 endfacet
 facet normal  0.000000e+00  0.000000e+00  1.000000e+00
   outer loop
     vertex  6.000000e+00  3.018029e-02  1.158002e+02
     vertex -6.000000e+00  3.018029e-02  1.158002e+02
     vertex -6.000000e+00 -3.018029e-02  1.158002e+02
   endloop
 endfacet
 facet normal  7.194005e-22 -2.743405e-02  9.996236e-01
   outer loop
     vertex  6.000000e+00  9.051816e-02  1.158019e+02
     vertex -6.000000e+00  3.018029e-02  1.158002e+02
     vertex  6.000000e+00  3.018029e-02  1.158002e+02
   endloop
 endfacet
 facet normal  0.000000e+00 -2.743405e-02  9.996236e-01
   outer loop
     vertex  6.000000e+00  9.051816e-02  1.158019e+02
     vertex -6.000000e+00  9.051816e-02  1.158019e+02
     vertex -6.000000e+00  3.018029e-02  1.158002e+02
   endloop
 endfacet
 facet normal -1.524223e-20 -5.484744e-02  9.984947e-01
   outer loop
     vertex  6.000000e+00  1.507879e-01  1.158052e+02
     vertex -6.000000e+00  9.051816e-02  1.158019e+02
     vertex  6.000000e+00  9.051816e-02  1.158019e+02
   endloop
 endfacet
 facet normal  0.000000e+00 -5.484744e-02  9.984947e-01
   outer loop
     vertex  6.000000e+00  1.507879e-01  1.158052e+02
     vertex -6.000000e+00  1.507879e-01  1.158052e+02
     vertex -6.000000e+00  9.051816e-02  1.158019e+02
   endloop
 endfacet
 facet normal  1.077545e-20 -8.221955e-02  9.966142e-01
   outer loop
     vertex  6.000000e+00  2.109441e-01  1.158101e+02
     vertex -6.000000e+00  1.507879e-01  1.158052e+02
     vertex  6.000000e+00  1.507879e-01  1.158052e+02
   endloop
 endfacet
 facet normal  0.000000e+00 -8.221955e-02  9.966142e-01
   outer loop
     vertex  6.000000e+00  2.109441e-01  1.158101e+02
     vertex -6.000000e+00  2.109441e-01  1.158101e+02
     vertex -6.000000e+00  1.507879e-01  1.158052e+02
   endloop
 endfacet
 facet normal  3.498023e-20 -1.095298e-01  9.939835e-01
   outer loop
     vertex  6.000000e+00  2.709415e-01  1.158167e+02
     vertex -6.000000e+00  2.109441e-01  1.158101e+02
     vertex  6.000000e+00  2.109441e-01  1.158101e+02
   endloop
 endfacet
 facet normal  0.000000e+00 -1.095298e-01  9.939835e-01
   outer loop
     vertex  6.000000e+00  2.709415e-01  1.158167e+02
     vertex -6.000000e+00  2.709415e-01  1.158167e+02
     vertex -6.000000e+00  2.109441e-01  1.158101e+02
   endloop
 endfacet
 facet normal -6.415171e-20 -1.367575e-01  9.906046e-01
   outer loop
     vertex  6.000000e+00  3.307350e-01  1.158250e+02
     vertex -6.000000e+00  2.709415e-01  1.158167e+02
     vertex  6.000000e+00  2.709415e-01  1.158167e+02
   endloop
 endfacet
 facet normal  0.000000e+00 -1.367575e-01  9.906046e-01
   outer loop
     vertex  6.000000e+00  3.307350e-01  1.158250e+02
     vertex -6.000000e+00  3.307350e-01  1.158250e+02
     vertex -6.000000e+00  2.709415e-01  1.158167e+02
   endloop
 endfacet
 facet normal  3.918032e-20 -1.638824e-01  9.864799e-01
   outer loop
     vertex  6.000000e+00  3.902795e-01  1.158349e+02
     vertex -6.000000e+00  3.307350e-01  1.158250e+02
     vertex  6.000000e+00  3.307350e-01  1.158250e+02
   endloop
 endfacet
 facet normal  0.000000e+00 -1.638824e-01  9.864799e-01
   outer loop
     vertex  6.000000e+00  3.902795e-01  1.158349e+02
     vertex -6.000000e+00  3.902795e-01  1.158349e+02
     vertex -6.000000e+00  3.307350e-01  1.158250e+02
   endloop
 endfacet
 facet normal  5.579618e-20 -1.908838e-01  9.816126e-01
   outer loop
     vertex  6.000000e+00  4.495302e-01  1.158464e+02
     vertex -6.000000e+00  3.902795e-01  1.158349e+02
     vertex  6.000000e+00  3.902795e-01  1.158349e+02
   endloop
 endfacet
 facet normal  0.000000e+00 -1.908838e-01  9.816126e-01
   outer loop
     vertex  6.000000e+00  4.495302e-01  1.158464e+02
     vertex -6.000000e+00  4.495302e-01  1.158464e+02
     vertex -6.000000e+00  3.902795e-01  1.158349e+02
   endloop
 endfacet
 facet normal  0.000000e+00 -2.177416e-01  9.760065e-01
   outer loop
     vertex  6.000000e+00  5.084425e-01  1.158596e+02
     vertex -6.000000e+00  5.084425e-01  1.158596e+02
     vertex -6.000000e+00  4.495302e-01  1.158464e+02
   endloop
 endfacet
 facet normal  4.721456e-20 -2.177416e-01  9.760065e-01
   outer loop
     vertex  6.000000e+00  5.084425e-01  1.158596e+02
     vertex -6.000000e+00  4.495302e-01  1.158464e+02
     vertex  6.000000e+00  4.495302e-01  1.158464e+02
   endloop
 endfacet
 facet normal  0.000000e+00 -2.444354e-01  9.696656e-01
   outer loop
     vertex  6.000000e+00  5.084425e-01  1.158596e+02
     vertex -6.000000e+00  5.669721e-01  1.158743e+02
     vertex -6.000000e+00  5.084425e-01  1.158596e+02
   endloop
 endfacet
 facet normal  0.000000e+00 -2.709453e-01  9.625948e-01
   outer loop
     vertex  6.000000e+00  5.669721e-01  1.158743e+02
     vertex -6.000000e+00  6.250749e-01  1.158907e+02
     vertex -6.000000e+00  5.669721e-01  1.158743e+02
   endloop
 endfacet
 facet normal  0.000000e+00 -2.444354e-01  9.696656e-01
   outer loop
     vertex  6.000000e+00  5.669721e-01  1.158743e+02
     vertex -6.000000e+00  5.669721e-01  1.158743e+02
     vertex  6.000000e+00  5.084425e-01  1.158596e+02
   endloop
 endfacet
 facet normal  0.000000e+00 -2.709453e-01  9.625948e-01
   outer loop
     vertex  6.000000e+00  6.250749e-01  1.158907e+02
     vertex -6.000000e+00  6.250749e-01  1.158907e+02
     vertex  6.000000e+00  5.669721e-01  1.158743e+02
   endloop
 endfacet
 facet normal  0.000000e+00 -2.972512e-01  9.547993e-01
   outer loop
     vertex  6.000000e+00  6.827072e-01  1.159086e+02
     vertex -6.000000e+00  6.827072e-01  1.159086e+02
     vertex -6.000000e+00  6.250749e-01  1.158907e+02
   endloop
 endfacet
 facet normal  9.420560e-20 -2.972512e-01  9.547993e-01
   outer loop
     vertex  6.000000e+00  6.827072e-01  1.159086e+02
     vertex -6.000000e+00  6.250749e-01  1.158907e+02
     vertex  6.000000e+00  6.250749e-01  1.158907e+02
   endloop
 endfacet
 facet normal  0.000000e+00 -3.233333e-01  9.462851e-01
   outer loop
     vertex  6.000000e+00  7.398255e-01  1.159281e+02
     vertex -6.000000e+00  7.398255e-01  1.159281e+02
     vertex -6.000000e+00  6.827072e-01  1.159086e+02
   endloop
 endfacet
 facet normal  0.000000e+00 -3.491720e-01  9.370586e-01
   outer loop
     vertex  6.000000e+00  7.398255e-01  1.159281e+02
     vertex -6.000000e+00  7.963869e-01  1.159492e+02
     vertex -6.000000e+00  7.398255e-01  1.159281e+02
   endloop
 endfacet
 facet normal -9.979299e-20 -3.233333e-01  9.462851e-01
   outer loop
     vertex  6.000000e+00  7.398255e-01  1.159281e+02
     vertex -6.000000e+00  6.827072e-01  1.159086e+02
     vertex  6.000000e+00  6.827072e-01  1.159086e+02
   endloop
 endfacet
 facet normal  0.000000e+00 -3.491720e-01  9.370586e-01
   outer loop
     vertex  6.000000e+00  7.963869e-01  1.159492e+02
     vertex -6.000000e+00  7.963869e-01  1.159492e+02
     vertex  6.000000e+00  7.398255e-01  1.159281e+02
   endloop
 endfacet
 facet normal  0.000000e+00 -3.747479e-01  9.271267e-01
   outer loop
     vertex  6.000000e+00  8.523488e-01  1.159718e+02
     vertex -6.000000e+00  8.523488e-01  1.159718e+02
     vertex -6.000000e+00  7.963869e-01  1.159492e+02
   endloop
 endfacet
 facet normal  1.307950e-19 -3.747479e-01  9.271267e-01
   outer loop
     vertex  6.000000e+00  8.523488e-01  1.159718e+02
     vertex -6.000000e+00  7.963869e-01  1.159492e+02
     vertex  6.000000e+00  7.963869e-01  1.159492e+02
   endloop
 endfacet
 facet normal  0.000000e+00 -4.000417e-01  9.164969e-01
   outer loop
     vertex  6.000000e+00  9.076691e-01  1.159960e+02
     vertex -6.000000e+00  9.076691e-01  1.159960e+02
     vertex -6.000000e+00  8.523488e-01  1.159718e+02
   endloop
 endfacet
 facet normal  7.565891e-20 -4.000417e-01  9.164969e-01
   outer loop
     vertex  6.000000e+00  9.076691e-01  1.159960e+02
     vertex -6.000000e+00  8.523488e-01  1.159718e+02
     vertex  6.000000e+00  8.523488e-01  1.159718e+02
   endloop
 endfacet
 facet normal  0.000000e+00 -4.250344e-01  9.051772e-01
   outer loop
     vertex  6.000000e+00  9.623061e-01  1.160216e+02
     vertex -6.000000e+00  9.623061e-01  1.160216e+02
     vertex -6.000000e+00  9.076691e-01  1.159960e+02
   endloop
 endfacet
 facet normal  0.000000e+00 -4.497071e-01  8.931761e-01
   outer loop
     vertex  6.000000e+00  9.623061e-01  1.160216e+02
     vertex -6.000000e+00  1.016219e+00  1.160488e+02
     vertex -6.000000e+00  9.623061e-01  1.160216e+02
   endloop
 endfacet
 facet normal  7.119727e-20 -4.250344e-01  9.051772e-01
   outer loop
     vertex  6.000000e+00  9.623061e-01  1.160216e+02
     vertex -6.000000e+00  9.076691e-01  1.159960e+02
     vertex  6.000000e+00  9.076691e-01  1.159960e+02
   endloop
 endfacet
 facet normal  0.000000e+00 -4.497071e-01  8.931761e-01
   outer loop
     vertex  6.000000e+00  1.016219e+00  1.160488e+02
     vertex -6.000000e+00  1.016219e+00  1.160488e+02
     vertex  6.000000e+00  9.623061e-01  1.160216e+02
   endloop
 endfacet
 facet normal  0.000000e+00 -4.740412e-01  8.805026e-01
   outer loop
     vertex  6.000000e+00  1.069366e+00  1.160774e+02
     vertex -6.000000e+00  1.069366e+00  1.160774e+02
     vertex -6.000000e+00  1.016219e+00  1.160488e+02
   endloop
 endfacet
 facet normal  6.661993e-20 -4.740412e-01  8.805026e-01
   outer loop
     vertex  6.000000e+00  1.069366e+00  1.160774e+02
     vertex -6.000000e+00  1.016219e+00  1.160488e+02
     vertex  6.000000e+00  1.016219e+00  1.160488e+02
   endloop
 endfacet
 facet normal  0.000000e+00 -4.980186e-01  8.671664e-01
   outer loop
     vertex  6.000000e+00  1.121709e+00  1.161074e+02
     vertex -6.000000e+00  1.121709e+00  1.161074e+02
     vertex -6.000000e+00  1.069366e+00  1.160774e+02
   endloop
 endfacet
 facet normal -9.642548e-21 -4.980186e-01  8.671664e-01
   outer loop
     vertex  6.000000e+00  1.121709e+00  1.161074e+02
     vertex -6.000000e+00  1.069366e+00  1.160774e+02
     vertex  6.000000e+00  1.069366e+00  1.160774e+02
   endloop
 endfacet
 facet normal  0.000000e+00 -5.216210e-01  8.531773e-01
   outer loop
     vertex  6.000000e+00  1.173207e+00  1.161389e+02
     vertex -6.000000e+00  1.173207e+00  1.161389e+02
     vertex -6.000000e+00  1.121709e+00  1.161074e+02
   endloop
 endfacet
 facet normal -1.479074e-19 -5.216210e-01  8.531773e-01
   outer loop
     vertex  6.000000e+00  1.173207e+00  1.161389e+02
     vertex -6.000000e+00  1.121709e+00  1.161074e+02
     vertex  6.000000e+00  1.121709e+00  1.161074e+02
   endloop
 endfacet
 facet normal  0.000000e+00 -5.448308e-01  8.385460e-01
   outer loop
     vertex  6.000000e+00  1.223822e+00  1.161718e+02
     vertex -6.000000e+00  1.223822e+00  1.161718e+02
     vertex -6.000000e+00  1.173207e+00  1.161389e+02
   endloop
 endfacet
 facet normal  5.870054e-20 -5.448308e-01  8.385460e-01
   outer loop
     vertex  6.000000e+00  1.223822e+00  1.161718e+02
     vertex -6.000000e+00  1.173207e+00  1.161389e+02
     vertex  6.000000e+00  1.173207e+00  1.161389e+02
   endloop
 endfacet
 facet normal  8.736529e-20 -5.676304e-01  8.232835e-01
   outer loop
     vertex  6.000000e+00  1.273516e+00  1.162061e+02
     vertex -6.000000e+00  1.223822e+00  1.161718e+02
     vertex  6.000000e+00  1.223822e+00  1.161718e+02
   endloop
 endfacet
 facet normal  0.000000e+00 -5.676304e-01  8.232835e-01
   outer loop
     vertex  6.000000e+00  1.273516e+00  1.162061e+02
     vertex -6.000000e+00  1.273516e+00  1.162061e+02
     vertex -6.000000e+00  1.223822e+00  1.161718e+02
   endloop
 endfacet
 facet normal  0.000000e+00 -5.900028e-01  8.074012e-01
   outer loop
     vertex  6.000000e+00  1.273516e+00  1.162061e+02
     vertex -6.000000e+00  1.322252e+00  1.162417e+02
     vertex -6.000000e+00  1.273516e+00  1.162061e+02
   endloop
 endfacet
 facet normal  0.000000e+00 -5.900028e-01  8.074012e-01
   outer loop
     vertex  6.000000e+00  1.322252e+00  1.162417e+02
     vertex -6.000000e+00  1.322252e+00  1.162417e+02
     vertex  6.000000e+00  1.273516e+00  1.162061e+02
   endloop
 endfacet
 facet normal  3.984762e-21 -6.119310e-01  7.909112e-01
   outer loop
     vertex  6.000000e+00  1.369991e+00  1.162786e+02
     vertex -6.000000e+00  1.322252e+00  1.162417e+02
     vertex  6.000000e+00  1.322252e+00  1.162417e+02
   endloop
 endfacet
 facet normal  0.000000e+00 -6.119310e-01  7.909112e-01
   outer loop
     vertex  6.000000e+00  1.369991e+00  1.162786e+02
     vertex -6.000000e+00  1.369991e+00  1.162786e+02
     vertex -6.000000e+00  1.322252e+00  1.162417e+02
   endloop
 endfacet
 facet normal  0.000000e+00 -6.333986e-01  7.738257e-01
   outer loop
     vertex  6.000000e+00  1.369991e+00  1.162786e+02
     vertex -6.000000e+00  1.416700e+00  1.163169e+02
     vertex -6.000000e+00  1.369991e+00  1.162786e+02
   endloop
 endfacet
 facet normal  0.000000e+00 -6.333986e-01  7.738257e-01
   outer loop
     vertex  6.000000e+00  1.416700e+00  1.163169e+02
     vertex -6.000000e+00  1.416700e+00  1.163169e+02
     vertex  6.000000e+00  1.369991e+00  1.162786e+02
   endloop
 endfacet
 facet normal -1.061846e-19 -6.543893e-01  7.561578e-01
   outer loop
     vertex  6.000000e+00  1.462342e+00  1.163564e+02
     vertex -6.000000e+00  1.416700e+00  1.163169e+02
     vertex  6.000000e+00  1.416700e+00  1.163169e+02
   endloop
 endfacet
 facet normal  0.000000e+00 -6.543893e-01  7.561578e-01
   outer loop
     vertex  6.000000e+00  1.462342e+00  1.163564e+02
     vertex -6.000000e+00  1.462342e+00  1.163564e+02
     vertex -6.000000e+00  1.416700e+00  1.163169e+02
   endloop
 endfacet
 facet normal  8.945774e-20 -6.748875e-01  7.379206e-01
   outer loop
     vertex  6.000000e+00  1.506883e+00  1.163971e+02
     vertex -6.000000e+00  1.462342e+00  1.163564e+02
     vertex  6.000000e+00  1.462342e+00  1.163564e+02
   endloop
 endfacet
 facet normal  0.000000e+00 -6.748875e-01  7.379206e-01
   outer loop
     vertex  6.000000e+00  1.506883e+00  1.163971e+02
     vertex -6.000000e+00  1.506883e+00  1.163971e+02
     vertex -6.000000e+00  1.462342e+00  1.163564e+02
   endloop
 endfacet
 facet normal  0.000000e+00 -6.948776e-01  7.191280e-01
   outer loop
     vertex  6.000000e+00  1.506883e+00  1.163971e+02
     vertex -6.000000e+00  1.550290e+00  1.164390e+02
     vertex -6.000000e+00  1.506883e+00  1.163971e+02
   endloop
 endfacet
 facet normal  0.000000e+00 -6.948776e-01  7.191280e-01
   outer loop
     vertex  6.000000e+00  1.550290e+00  1.164390e+02
     vertex -6.000000e+00  1.550290e+00  1.164390e+02
     vertex  6.000000e+00  1.506883e+00  1.163971e+02
   endloop
 endfacet
 facet normal  1.004225e-19 -7.143447e-01  6.997940e-01
   outer loop
     vertex  6.000000e+00  1.592530e+00  1.164822e+02
     vertex -6.000000e+00  1.550290e+00  1.164390e+02
     vertex  6.000000e+00  1.550290e+00  1.164390e+02
   endloop
 endfacet
 facet normal  0.000000e+00 -7.143447e-01  6.997940e-01
   outer loop
     vertex  6.000000e+00  1.592530e+00  1.164822e+02
     vertex -6.000000e+00  1.592530e+00  1.164822e+02
     vertex -6.000000e+00  1.550290e+00  1.164390e+02
   endloop
 endfacet
 facet normal -4.456806e-20 -7.332740e-01  6.799333e-01
   outer loop
     vertex  6.000000e+00  1.633572e+00  1.165264e+02
     vertex -6.000000e+00  1.592530e+00  1.164822e+02
     vertex  6.000000e+00  1.592530e+00  1.164822e+02
   endloop
 endfacet
 facet normal  0.000000e+00 -7.332740e-01  6.799333e-01
   outer loop
     vertex  6.000000e+00  1.633572e+00  1.165264e+02
     vertex -6.000000e+00  1.633572e+00  1.165264e+02
     vertex -6.000000e+00  1.592530e+00  1.164822e+02
   endloop
 endfacet
 facet normal -5.374551e-20 -7.516513e-01  6.595607e-01
   outer loop
     vertex  6.000000e+00  1.673383e+00  1.165718e+02
     vertex -6.000000e+00  1.633572e+00  1.165264e+02
     vertex  6.000000e+00  1.633572e+00  1.165264e+02
   endloop
 endfacet
 facet normal  0.000000e+00 -7.516513e-01  6.595607e-01
   outer loop
     vertex  6.000000e+00  1.673383e+00  1.165718e+02
     vertex -6.000000e+00  1.673383e+00  1.165718e+02
     vertex -6.000000e+00  1.633572e+00  1.165264e+02
   endloop
 endfacet
 facet normal -1.506879e-20 -7.694628e-01  6.386916e-01
   outer loop
     vertex  6.000000e+00  1.711935e+00  1.166182e+02
     vertex -6.000000e+00  1.673383e+00  1.165718e+02
     vertex  6.000000e+00  1.673383e+00  1.165718e+02
   endloop
 endfacet
 facet normal  0.000000e+00 -7.694628e-01  6.386916e-01
   outer loop
     vertex  6.000000e+00  1.711935e+00  1.166182e+02
     vertex -6.000000e+00  1.711935e+00  1.166182e+02
     vertex -6.000000e+00  1.673383e+00  1.165718e+02
   endloop
 endfacet
 facet normal  9.952447e-20 -7.866951e-01  6.173417e-01
   outer loop
     vertex  6.000000e+00  1.749198e+00  1.166657e+02
     vertex -6.000000e+00  1.711935e+00  1.166182e+02
     vertex  6.000000e+00  1.711935e+00  1.166182e+02
   endloop
 endfacet
 facet normal  0.000000e+00 -7.866951e-01  6.173417e-01
   outer loop
     vertex  6.000000e+00  1.749198e+00  1.166657e+02
     vertex -6.000000e+00  1.749198e+00  1.166657e+02
     vertex -6.000000e+00  1.711935e+00  1.166182e+02
   endloop
 endfacet
 facet normal -1.005192e-19 -8.033352e-01  5.955271e-01
   outer loop
     vertex  6.000000e+00  1.785144e+00  1.167142e+02
     vertex -6.000000e+00  1.749198e+00  1.166657e+02
     vertex  6.000000e+00  1.749198e+00  1.166657e+02
   endloop
 endfacet
 facet normal  0.000000e+00 -8.033352e-01  5.955271e-01
   outer loop
     vertex  6.000000e+00  1.785144e+00  1.167142e+02
     vertex -6.000000e+00  1.785144e+00  1.167142e+02
     vertex -6.000000e+00  1.749198e+00  1.166657e+02
   endloop
 endfacet
 facet normal  1.342020e-19 -8.193706e-01  5.732642e-01
   outer loop
     vertex  6.000000e+00  1.819747e+00  1.167637e+02
     vertex -6.000000e+00  1.785144e+00  1.167142e+02
     vertex  6.000000e+00  1.785144e+00  1.167142e+02
   endloop
 endfacet
 facet normal  0.000000e+00 -8.193706e-01  5.732642e-01
   outer loop
     vertex  6.000000e+00  1.819747e+00  1.167637e+02
     vertex -6.000000e+00  1.819747e+00  1.167637e+02
     vertex -6.000000e+00  1.785144e+00  1.167142e+02
   endloop
 endfacet
 facet normal  4.683949e-20 -8.347891e-01  5.505698e-01
   outer loop
     vertex  6.000000e+00  1.852980e+00  1.168141e+02
     vertex -6.000000e+00  1.819747e+00  1.167637e+02
     vertex  6.000000e+00  1.819747e+00  1.167637e+02
   endloop
 endfacet
 facet normal  0.000000e+00 -8.347891e-01  5.505698e-01
   outer loop
     vertex  6.000000e+00  1.852980e+00  1.168141e+02
     vertex -6.000000e+00  1.852980e+00  1.168141e+02
     vertex -6.000000e+00  1.819747e+00  1.167637e+02
   endloop
 endfacet
 facet normal  1.495514e-19 -8.495793e-01  5.274609e-01
   outer loop
     vertex  6.000000e+00  1.884817e+00  1.168653e+02
     vertex -6.000000e+00  1.852980e+00  1.168141e+02
     vertex  6.000000e+00  1.852980e+00  1.168141e+02
   endloop
 endfacet
 facet normal  0.000000e+00 -8.495793e-01  5.274609e-01
   outer loop
     vertex  6.000000e+00  1.884817e+00  1.168653e+02
     vertex -6.000000e+00  1.884817e+00  1.168653e+02
     vertex -6.000000e+00  1.852980e+00  1.168141e+02
   endloop
 endfacet
 facet normal -6.349041e-20 -8.637299e-01  5.039550e-01
   outer loop
     vertex  6.000000e+00  1.915236e+00  1.169175e+02
     vertex -6.000000e+00  1.884817e+00  1.168653e+02
     vertex  6.000000e+00  1.884817e+00  1.168653e+02
   endloop
 endfacet
 facet normal  0.000000e+00 -8.637299e-01  5.039550e-01
   outer loop
     vertex  6.000000e+00  1.915236e+00  1.169175e+02
     vertex -6.000000e+00  1.915236e+00  1.169175e+02
     vertex -6.000000e+00  1.884817e+00  1.168653e+02
   endloop
 endfacet
 facet normal -7.583102e-22 -8.772303e-01  4.800697e-01
   outer loop
     vertex  6.000000e+00  1.944214e+00  1.169704e+02
     vertex -6.000000e+00  1.915236e+00  1.169175e+02
     vertex  6.000000e+00  1.915236e+00  1.169175e+02
   endloop
 endfacet
 facet normal  0.000000e+00 -8.772303e-01  4.800697e-01
   outer loop
     vertex  6.000000e+00  1.944214e+00  1.169704e+02
     vertex -6.000000e+00  1.944214e+00  1.169704e+02
     vertex -6.000000e+00  1.915236e+00  1.169175e+02
   endloop
 endfacet
 facet normal -1.287434e-19 -8.900704e-01  4.558231e-01
   outer loop
     vertex  6.000000e+00  1.971728e+00  1.170241e+02
     vertex -6.000000e+00  1.944214e+00  1.169704e+02
     vertex  6.000000e+00  1.944214e+00  1.169704e+02
   endloop
 endfacet
 facet normal  0.000000e+00 -8.900704e-01  4.558231e-01
   outer loop
     vertex  6.000000e+00  1.971728e+00  1.170241e+02
     vertex -6.000000e+00  1.971728e+00  1.170241e+02
     vertex -6.000000e+00  1.944214e+00  1.169704e+02
   endloop
 endfacet
 facet normal  1.595537e-20 -9.022405e-01  4.312333e-01
   outer loop
     vertex  6.000000e+00  1.997757e+00  1.170786e+02
     vertex -6.000000e+00  1.971728e+00  1.170241e+02
     vertex  6.000000e+00  1.971728e+00  1.170241e+02
   endloop
 endfacet
 facet normal  0.000000e+00 -9.022405e-01  4.312333e-01
   outer loop
     vertex  6.000000e+00  1.997757e+00  1.170786e+02
     vertex -6.000000e+00  1.997757e+00  1.170786e+02
     vertex -6.000000e+00  1.971728e+00  1.170241e+02
   endloop
 endfacet
 facet normal  0.000000e+00 -9.137314e-01  4.063188e-01
   outer loop
     vertex  6.000000e+00  1.997757e+00  1.170786e+02
     vertex -6.000000e+00  2.022283e+00  1.171338e+02
     vertex -6.000000e+00  1.997757e+00  1.170786e+02
   endloop
 endfacet
 facet normal  0.000000e+00 -9.137314e-01  4.063188e-01
   outer loop
     vertex  6.000000e+00  2.022283e+00  1.171338e+02
     vertex -6.000000e+00  2.022283e+00  1.171338e+02
     vertex  6.000000e+00  1.997757e+00  1.170786e+02
   endloop
 endfacet
 facet normal  0.000000e+00 -9.245344e-01  3.810986e-01
   outer loop
     vertex  6.000000e+00  2.045286e+00  1.171896e+02
     vertex -6.000000e+00  2.045286e+00  1.171896e+02
     vertex -6.000000e+00  2.022283e+00  1.171338e+02
   endloop
 endfacet
 facet normal  1.416230e-20 -9.245344e-01  3.810986e-01
   outer loop
     vertex  6.000000e+00  2.045286e+00  1.171896e+02
     vertex -6.000000e+00  2.022283e+00  1.171338e+02
     vertex  6.000000e+00  2.022283e+00  1.171338e+02
   endloop
 endfacet
 facet normal  0.000000e+00 -9.346415e-01  3.555914e-01
   outer loop
     vertex  6.000000e+00  2.066750e+00  1.172460e+02
     vertex -6.000000e+00  2.066750e+00  1.172460e+02
     vertex -6.000000e+00  2.045286e+00  1.171896e+02
   endloop
 endfacet
 facet normal  2.856668e-21 -9.346415e-01  3.555914e-01
   outer loop
     vertex  6.000000e+00  2.066750e+00  1.172460e+02
     vertex -6.000000e+00  2.045286e+00  1.171896e+02
     vertex  6.000000e+00  2.045286e+00  1.171896e+02
   endloop
 endfacet
 facet normal  0.000000e+00 -9.440450e-01  3.298166e-01
   outer loop
     vertex  6.000000e+00  2.086658e+00  1.173030e+02
     vertex -6.000000e+00  2.086658e+00  1.173030e+02
     vertex -6.000000e+00  2.066750e+00  1.172460e+02
   endloop
 endfacet
 facet normal  3.898743e-20 -9.440450e-01  3.298166e-01
   outer loop
     vertex  6.000000e+00  2.086658e+00  1.173030e+02
     vertex -6.000000e+00  2.066750e+00  1.172460e+02
     vertex  6.000000e+00  2.066750e+00  1.172460e+02
   endloop
 endfacet
 facet normal  0.000000e+00 -9.527379e-01  3.037934e-01
   outer loop
     vertex  6.000000e+00  2.104995e+00  1.173605e+02
     vertex -6.000000e+00  2.104995e+00  1.173605e+02
     vertex -6.000000e+00  2.086658e+00  1.173030e+02
   endloop
 endfacet
 facet normal -8.371513e-20 -9.527379e-01  3.037934e-01
   outer loop
     vertex  6.000000e+00  2.104995e+00  1.173605e+02
     vertex -6.000000e+00  2.086658e+00  1.173030e+02
     vertex  6.000000e+00  2.086658e+00  1.173030e+02
   endloop
 endfacet
 facet normal -1.706461e-21 -9.607136e-01  2.775416e-01
   outer loop
     vertex  6.000000e+00  2.121747e+00  1.174185e+02
     vertex -6.000000e+00  2.104995e+00  1.173605e+02
     vertex  6.000000e+00  2.104995e+00  1.173605e+02
   endloop
 endfacet
 facet normal  0.000000e+00 -9.607136e-01  2.775416e-01
   outer loop
     vertex  6.000000e+00  2.121747e+00  1.174185e+02
     vertex -6.000000e+00  2.121747e+00  1.174185e+02
     vertex -6.000000e+00  2.104995e+00  1.173605e+02
   endloop
 endfacet
 facet normal  0.000000e+00 -9.679661e-01  2.510809e-01
   outer loop
     vertex  6.000000e+00  2.121747e+00  1.174185e+02
     vertex -6.000000e+00  2.136903e+00  1.174769e+02
     vertex -6.000000e+00  2.121747e+00  1.174185e+02
   endloop
 endfacet
 facet normal  0.000000e+00 -9.679661e-01  2.510809e-01
   outer loop
     vertex  6.000000e+00  2.136903e+00  1.174769e+02
     vertex -6.000000e+00  2.136903e+00  1.174769e+02
     vertex  6.000000e+00  2.121747e+00  1.174185e+02
   endloop
 endfacet
 facet normal  0.000000e+00 -9.744899e-01  2.244312e-01
   outer loop
     vertex  6.000000e+00  2.136903e+00  1.174769e+02
     vertex -6.000000e+00  2.150450e+00  1.175357e+02
     vertex -6.000000e+00  2.136903e+00  1.174769e+02
   endloop
 endfacet
 facet normal  0.000000e+00 -9.744899e-01  2.244312e-01
   outer loop
     vertex  6.000000e+00  2.150450e+00  1.175357e+02
     vertex -6.000000e+00  2.150450e+00  1.175357e+02
     vertex  6.000000e+00  2.136903e+00  1.174769e+02
   endloop
 endfacet
 facet normal  0.000000e+00 -9.802802e-01  1.976125e-01
   outer loop
     vertex  6.000000e+00  2.150450e+00  1.175357e+02
     vertex -6.000000e+00  2.162378e+00  1.175949e+02
     vertex -6.000000e+00  2.150450e+00  1.175357e+02
   endloop
 endfacet
 facet normal  0.000000e+00 -9.802802e-01  1.976125e-01
   outer loop
     vertex  6.000000e+00  2.162378e+00  1.175949e+02
     vertex -6.000000e+00  2.162378e+00  1.175949e+02
     vertex  6.000000e+00  2.150450e+00  1.175357e+02
   endloop
 endfacet
 facet normal  0.000000e+00 -9.853326e-01  1.706451e-01
   outer loop
     vertex  6.000000e+00  2.162378e+00  1.175949e+02
     vertex -6.000000e+00  2.172678e+00  1.176544e+02
     vertex -6.000000e+00  2.162378e+00  1.175949e+02
   endloop
 endfacet
 facet normal  0.000000e+00 -9.853326e-01  1.706451e-01
   outer loop
     vertex  6.000000e+00  2.172678e+00  1.176544e+02
     vertex -6.000000e+00  2.172678e+00  1.176544e+02
     vertex  6.000000e+00  2.162378e+00  1.175949e+02
   endloop
 endfacet
 facet normal  0.000000e+00 -9.896432e-01  1.435492e-01
   outer loop
     vertex  6.000000e+00  2.172678e+00  1.176544e+02
     vertex -6.000000e+00  2.181342e+00  1.177141e+02
     vertex -6.000000e+00  2.172678e+00  1.176544e+02
   endloop
 endfacet
 facet normal  0.000000e+00 -9.896432e-01  1.435492e-01
   outer loop
     vertex  6.000000e+00  2.181342e+00  1.177141e+02
     vertex -6.000000e+00  2.181342e+00  1.177141e+02
     vertex  6.000000e+00  2.172678e+00  1.176544e+02
   endloop
 endfacet
 facet normal  3.478021e-20 -9.932088e-01  1.163452e-01
   outer loop
     vertex  6.000000e+00  2.188365e+00  1.177740e+02
     vertex -6.000000e+00  2.181342e+00  1.177141e+02
     vertex  6.000000e+00  2.181342e+00  1.177141e+02
   endloop
 endfacet
 facet normal  0.000000e+00 -9.932088e-01  1.163452e-01
   outer loop
     vertex  6.000000e+00  2.188365e+00  1.177740e+02
     vertex -6.000000e+00  2.188365e+00  1.177740e+02
     vertex -6.000000e+00  2.181342e+00  1.177141e+02
   endloop
 endfacet
 facet normal -2.210666e-20 -9.960268e-01  8.905371e-02
   outer loop
     vertex  6.000000e+00  2.193740e+00  1.178342e+02
     vertex -6.000000e+00  2.188365e+00  1.177740e+02
     vertex  6.000000e+00  2.188365e+00  1.177740e+02
   endloop
 endfacet
 facet normal  0.000000e+00 -9.960268e-01  8.905371e-02
   outer loop
     vertex  6.000000e+00  2.193740e+00  1.178342e+02
     vertex -6.000000e+00  2.193740e+00  1.178342e+02
     vertex -6.000000e+00  2.188365e+00  1.177740e+02
   endloop
 endfacet
 facet normal -1.745793e-20 -9.980950e-01  6.169515e-02
   outer loop
     vertex  6.000000e+00  2.197464e+00  1.178944e+02
     vertex -6.000000e+00  2.193740e+00  1.178342e+02
     vertex  6.000000e+00  2.193740e+00  1.178342e+02
   endloop
 endfacet
 facet normal  0.000000e+00 -9.980950e-01  6.169515e-02
   outer loop
     vertex  6.000000e+00  2.197464e+00  1.178944e+02
     vertex -6.000000e+00  2.197464e+00  1.178944e+02
     vertex -6.000000e+00  2.193740e+00  1.178342e+02
   endloop
 endfacet
 facet normal -6.879154e-21 -9.994119e-01  3.429014e-02
   outer loop
     vertex  6.000000e+00  2.199534e+00  1.179547e+02
     vertex -6.000000e+00  2.197464e+00  1.178944e+02
     vertex  6.000000e+00  2.197464e+00  1.178944e+02
   endloop
 endfacet
 facet normal  0.000000e+00 -9.994119e-01  3.429014e-02
   outer loop
     vertex  6.000000e+00  2.199534e+00  1.179547e+02
     vertex -6.000000e+00  2.199534e+00  1.179547e+02
     vertex -6.000000e+00  2.197464e+00  1.178944e+02
   endloop
 endfacet
 facet normal  0.000000e+00 -9.999765e-01  6.859319e-03
   outer loop
     vertex  6.000000e+00  2.199534e+00  1.179547e+02
     vertex -6.000000e+00  2.199948e+00  1.180151e+02
     vertex -6.000000e+00  2.199534e+00  1.179547e+02
   endloop
 endfacet
 facet normal  0.000000e+00 -9.999765e-01  6.859319e-03
   outer loop
     vertex  6.000000e+00  2.199948e+00  1.180151e+02
     vertex -6.000000e+00  2.199948e+00  1.180151e+02
     vertex  6.000000e+00  2.199534e+00  1.179547e+02
   endloop
 endfacet
 facet normal -0.000000e+00 -9.988475e-01 -4.799716e-02
   outer loop
     vertex  6.000000e+00  2.198706e+00  1.180754e+02
     vertex -6.000000e+00  2.195809e+00  1.181357e+02
     vertex -6.000000e+00  2.198706e+00  1.180754e+02
   endloop
 endfacet
 facet normal  3.213616e-21 -9.997883e-01 -2.057667e-02
   outer loop
     vertex  6.000000e+00  2.198706e+00  1.180754e+02
     vertex -6.000000e+00  2.199948e+00  1.180151e+02
     vertex  6.000000e+00  2.199948e+00  1.180151e+02
   endloop
 endfacet
 facet normal -0.000000e+00 -9.997883e-01 -2.057667e-02
   outer loop
     vertex  6.000000e+00  2.198706e+00  1.180754e+02
     vertex -6.000000e+00  2.198706e+00  1.180754e+02
     vertex -6.000000e+00  2.199948e+00  1.180151e+02
   endloop
 endfacet
 facet normal -0.000000e+00 -9.988475e-01 -4.799716e-02
   outer loop
     vertex  6.000000e+00  2.195809e+00  1.181357e+02
     vertex -6.000000e+00  2.195809e+00  1.181357e+02
     vertex  6.000000e+00  2.198706e+00  1.180754e+02
   endloop
 endfacet
 facet normal -0.000000e+00 -9.971548e-01 -7.538152e-02
   outer loop
     vertex  6.000000e+00  2.191259e+00  1.181959e+02
     vertex -6.000000e+00  2.191259e+00  1.181959e+02
     vertex -6.000000e+00  2.195809e+00  1.181357e+02
   endloop
 endfacet
 facet normal  1.178397e-20 -9.971548e-01 -7.538152e-02
   outer loop
     vertex  6.000000e+00  2.191259e+00  1.181959e+02
     vertex -6.000000e+00  2.195809e+00  1.181357e+02
     vertex  6.000000e+00  2.195809e+00  1.181357e+02
   endloop
 endfacet
 facet normal -0.000000e+00 -9.947114e-01 -1.027091e-01
   outer loop
     vertex  6.000000e+00  2.185059e+00  1.182560e+02
     vertex -6.000000e+00  2.185059e+00  1.182560e+02
     vertex -6.000000e+00  2.191259e+00  1.181959e+02
   endloop
 endfacet
 facet normal -0.000000e+00 -9.915193e-01 -1.299594e-01
   outer loop
     vertex  6.000000e+00  2.185059e+00  1.182560e+02
     vertex -6.000000e+00  2.177215e+00  1.183158e+02
     vertex -6.000000e+00  2.185059e+00  1.182560e+02
   endloop
 endfacet
 facet normal  2.825855e-20 -9.947114e-01 -1.027091e-01
   outer loop
     vertex  6.000000e+00  2.185059e+00  1.182560e+02
     vertex -6.000000e+00  2.191259e+00  1.181959e+02
     vertex  6.000000e+00  2.191259e+00  1.181959e+02
   endloop
 endfacet
 facet normal -0.000000e+00 -9.875808e-01 -1.571119e-01
   outer loop
     vertex  6.000000e+00  2.177215e+00  1.183158e+02
     vertex -6.000000e+00  2.167732e+00  1.183754e+02
     vertex -6.000000e+00  2.177215e+00  1.183158e+02
   endloop
 endfacet
 facet normal -0.000000e+00 -9.915193e-01 -1.299594e-01
   outer loop
     vertex  6.000000e+00  2.177215e+00  1.183158e+02
     vertex -6.000000e+00  2.177215e+00  1.183158e+02
     vertex  6.000000e+00  2.185059e+00  1.182560e+02
   endloop
 endfacet
 facet normal -0.000000e+00 -9.875808e-01 -1.571119e-01
   outer loop
     vertex  6.000000e+00  2.167732e+00  1.183754e+02
     vertex -6.000000e+00  2.167732e+00  1.183754e+02
     vertex  6.000000e+00  2.177215e+00  1.183158e+02
   endloop
 endfacet
 facet normal -0.000000e+00 -9.828989e-01 -1.841461e-01
   outer loop
     vertex  6.000000e+00  2.156616e+00  1.184347e+02
     vertex -6.000000e+00  2.156616e+00  1.184347e+02
     vertex -6.000000e+00  2.167732e+00  1.183754e+02
   endloop
 endfacet
 facet normal -7.100765e-20 -9.828989e-01 -1.841461e-01
   outer loop
     vertex  6.000000e+00  2.156616e+00  1.184347e+02
     vertex -6.000000e+00  2.167732e+00  1.183754e+02
     vertex  6.000000e+00  2.167732e+00  1.183754e+02
   endloop
 endfacet
 facet normal -0.000000e+00 -9.774771e-01 -2.110417e-01
   outer loop
     vertex  6.000000e+00  2.143878e+00  1.184937e+02
     vertex -6.000000e+00  2.143878e+00  1.184937e+02
     vertex -6.000000e+00  2.156616e+00  1.184347e+02
   endloop
 endfacet
 facet normal -0.000000e+00 -9.713194e-01 -2.377784e-01
   outer loop
     vertex  6.000000e+00  2.143878e+00  1.184937e+02
     vertex -6.000000e+00  2.129525e+00  1.185524e+02
     vertex -6.000000e+00  2.143878e+00  1.184937e+02
   endloop
 endfacet
 facet normal  2.542036e-20 -9.774771e-01 -2.110417e-01
   outer loop
     vertex  6.000000e+00  2.143878e+00  1.184937e+02
     vertex -6.000000e+00  2.156616e+00  1.184347e+02
     vertex  6.000000e+00  2.156616e+00  1.184347e+02
   endloop
 endfacet
 facet normal -0.000000e+00 -9.644306e-01 -2.643362e-01
   outer loop
     vertex  6.000000e+00  2.129525e+00  1.185524e+02
     vertex -6.000000e+00  2.113570e+00  1.186106e+02
     vertex -6.000000e+00  2.129525e+00  1.185524e+02
   endloop
 endfacet
 facet normal -0.000000e+00 -9.713194e-01 -2.377784e-01
   outer loop
     vertex  6.000000e+00  2.129525e+00  1.185524e+02
     vertex -6.000000e+00  2.129525e+00  1.185524e+02
     vertex  6.000000e+00  2.143878e+00  1.184937e+02
   endloop
 endfacet
 facet normal -0.000000e+00 -9.644306e-01 -2.643362e-01
   outer loop
     vertex  6.000000e+00  2.113570e+00  1.186106e+02
     vertex -6.000000e+00  2.113570e+00  1.186106e+02
     vertex  6.000000e+00  2.129525e+00  1.185524e+02
   endloop
 endfacet
 facet normal -0.000000e+00 -9.568158e-01 -2.906949e-01
   outer loop
     vertex  6.000000e+00  2.096023e+00  1.186683e+02
     vertex -6.000000e+00  2.096023e+00  1.186683e+02
     vertex -6.000000e+00  2.113570e+00  1.186106e+02
   endloop
 endfacet
 facet normal  8.002946e-21 -9.568158e-01 -2.906949e-01
   outer loop
     vertex  6.000000e+00  2.096023e+00  1.186683e+02
     vertex -6.000000e+00  2.113570e+00  1.186106e+02
     vertex  6.000000e+00  2.113570e+00  1.186106e+02
   endloop
 endfacet
 facet normal -0.000000e+00 -9.484807e-01 -3.168348e-01
   outer loop
     vertex  6.000000e+00  2.076899e+00  1.187256e+02
     vertex -6.000000e+00  2.076899e+00  1.187256e+02
     vertex -6.000000e+00  2.096023e+00  1.186683e+02
   endloop
 endfacet
 facet normal  1.296598e-19 -9.484807e-01 -3.168348e-01
   outer loop
     vertex  6.000000e+00  2.076899e+00  1.187256e+02
     vertex -6.000000e+00  2.096023e+00  1.186683e+02
     vertex  6.000000e+00  2.096023e+00  1.186683e+02
   endloop
 endfacet
 facet normal -0.000000e+00 -9.394317e-01 -3.427362e-01
   outer loop
     vertex  6.000000e+00  2.056211e+00  1.187823e+02
     vertex -6.000000e+00  2.056211e+00  1.187823e+02
     vertex -6.000000e+00  2.076899e+00  1.187256e+02
   endloop
 endfacet
 facet normal -5.585364e-20 -9.394317e-01 -3.427362e-01
   outer loop
     vertex  6.000000e+00  2.056211e+00  1.187823e+02
     vertex -6.000000e+00  2.076899e+00  1.187256e+02
     vertex  6.000000e+00  2.076899e+00  1.187256e+02
   endloop
 endfacet
 facet normal -0.000000e+00 -9.296754e-01 -3.683796e-01
   outer loop
     vertex  6.000000e+00  2.033976e+00  1.188384e+02
     vertex -6.000000e+00  2.033976e+00  1.188384e+02
     vertex -6.000000e+00  2.056211e+00  1.187823e+02
   endloop
 endfacet
 facet normal  1.682056e-21 -9.296754e-01 -3.683796e-01
   outer loop
     vertex  6.000000e+00  2.033976e+00  1.188384e+02
     vertex -6.000000e+00  2.056211e+00  1.187823e+02
     vertex  6.000000e+00  2.056211e+00  1.187823e+02
   endloop
 endfacet
 facet normal -9.453647e-20 -9.192194e-01 -3.937458e-01
   outer loop
     vertex  6.000000e+00  2.010209e+00  1.188939e+02
     vertex -6.000000e+00  2.033976e+00  1.188384e+02
     vertex  6.000000e+00  2.033976e+00  1.188384e+02
   endloop
 endfacet
 facet normal -0.000000e+00 -9.192194e-01 -3.937458e-01
   outer loop
     vertex  6.000000e+00  2.010209e+00  1.188939e+02
     vertex -6.000000e+00  2.010209e+00  1.188939e+02
     vertex -6.000000e+00  2.033976e+00  1.188384e+02
   endloop
 endfacet
 facet normal -0.000000e+00 -9.080714e-01 -4.188155e-01
   outer loop
     vertex  6.000000e+00  2.010209e+00  1.188939e+02
     vertex -6.000000e+00  1.984929e+00  1.189487e+02
     vertex -6.000000e+00  2.010209e+00  1.188939e+02
   endloop
 endfacet
 facet normal -0.000000e+00 -9.080714e-01 -4.188155e-01
   outer loop
     vertex  6.000000e+00  1.984929e+00  1.189487e+02
     vertex -6.000000e+00  1.984929e+00  1.189487e+02
     vertex  6.000000e+00  2.010209e+00  1.188939e+02
   endloop
 endfacet
 facet normal  9.559928e-20 -8.962398e-01 -4.435699e-01
   outer loop
     vertex  6.000000e+00  1.958155e+00  1.190028e+02
     vertex -6.000000e+00  1.984929e+00  1.189487e+02
     vertex  6.000000e+00  1.984929e+00  1.189487e+02
   endloop
 endfacet
 facet normal -0.000000e+00 -8.962398e-01 -4.435699e-01
   outer loop
     vertex  6.000000e+00  1.958155e+00  1.190028e+02
     vertex -6.000000e+00  1.958155e+00  1.190028e+02
     vertex -6.000000e+00  1.984929e+00  1.189487e+02
   endloop
 endfacet
 facet normal -0.000000e+00 -8.837335e-01 -4.679904e-01
   outer loop
     vertex  6.000000e+00  1.958155e+00  1.190028e+02
     vertex -6.000000e+00  1.929907e+00  1.190562e+02
     vertex -6.000000e+00  1.958155e+00  1.190028e+02
   endloop
 endfacet
 facet normal -0.000000e+00 -8.837335e-01 -4.679904e-01
   outer loop
     vertex  6.000000e+00  1.929907e+00  1.190562e+02
     vertex -6.000000e+00  1.929907e+00  1.190562e+02
     vertex  6.000000e+00  1.958155e+00  1.190028e+02
   endloop
 endfacet
 facet normal -4.210471e-20 -8.705620e-01 -4.920587e-01
   outer loop
     vertex  6.000000e+00  1.900206e+00  1.191087e+02
     vertex -6.000000e+00  1.929907e+00  1.190562e+02
     vertex  6.000000e+00  1.929907e+00  1.190562e+02
   endloop
 endfacet
 facet normal -0.000000e+00 -8.705620e-01 -4.920587e-01
   outer loop
     vertex  6.000000e+00  1.900206e+00  1.191087e+02
     vertex -6.000000e+00  1.900206e+00  1.191087e+02
     vertex -6.000000e+00  1.929907e+00  1.190562e+02
   endloop
 endfacet
 facet normal -0.000000e+00 -8.567352e-01 -5.157565e-01
   outer loop
     vertex  6.000000e+00  1.869074e+00  1.191604e+02
     vertex -6.000000e+00  1.869074e+00  1.191604e+02
     vertex -6.000000e+00  1.900206e+00  1.191087e+02
   endloop
 endfacet
 facet normal -3.905896e-20 -8.567352e-01 -5.157565e-01
   outer loop
     vertex  6.000000e+00  1.869074e+00  1.191604e+02
     vertex -6.000000e+00  1.900206e+00  1.191087e+02
     vertex  6.000000e+00  1.900206e+00  1.191087e+02
   endloop
 endfacet
 facet normal -0.000000e+00 -8.422635e-01 -5.390661e-01
   outer loop
     vertex  6.000000e+00  1.836536e+00  1.192113e+02
     vertex -6.000000e+00  1.836536e+00  1.192113e+02
     vertex -6.000000e+00  1.869074e+00  1.191604e+02
   endloop
 endfacet
 facet normal -1.923648e-20 -8.422635e-01 -5.390661e-01
   outer loop
     vertex  6.000000e+00  1.836536e+00  1.192113e+02
     vertex -6.000000e+00  1.869074e+00  1.191604e+02
     vertex  6.000000e+00  1.869074e+00  1.191604e+02
   endloop
 endfacet
 facet normal -0.000000e+00 -8.271577e-01 -5.619699e-01
   outer loop
     vertex  6.000000e+00  1.802615e+00  1.192612e+02
     vertex -6.000000e+00  1.802615e+00  1.192612e+02
     vertex -6.000000e+00  1.836536e+00  1.192113e+02
   endloop
 endfacet
 facet normal -0.000000e+00 -8.114292e-01 -5.844507e-01
   outer loop
     vertex  6.000000e+00  1.802615e+00  1.192612e+02
     vertex -6.000000e+00  1.767337e+00  1.193102e+02
     vertex -6.000000e+00  1.802615e+00  1.192612e+02
   endloop
 endfacet
 facet normal  1.293043e-19 -8.271577e-01 -5.619699e-01
   outer loop
     vertex  6.000000e+00  1.802615e+00  1.192612e+02
     vertex -6.000000e+00  1.836536e+00  1.192113e+02
     vertex  6.000000e+00  1.836536e+00  1.192113e+02
   endloop
 endfacet
 facet normal -0.000000e+00 -7.950900e-01 -6.064915e-01
   outer loop
     vertex  6.000000e+00  1.767337e+00  1.193102e+02
     vertex -6.000000e+00  1.730729e+00  1.193582e+02
     vertex -6.000000e+00  1.767337e+00  1.193102e+02
   endloop
 endfacet
 facet normal -0.000000e+00 -8.114292e-01 -5.844507e-01
   outer loop
     vertex  6.000000e+00  1.767337e+00  1.193102e+02
     vertex -6.000000e+00  1.767337e+00  1.193102e+02
     vertex  6.000000e+00  1.802615e+00  1.192612e+02
   endloop
 endfacet
 facet normal -0.000000e+00 -7.950900e-01 -6.064915e-01
   outer loop
     vertex  6.000000e+00  1.730729e+00  1.193582e+02
     vertex -6.000000e+00  1.730729e+00  1.193582e+02
     vertex  6.000000e+00  1.767337e+00  1.193102e+02
   endloop
 endfacet
 facet normal -0.000000e+00 -7.781522e-01 -6.280757e-01
   outer loop
     vertex  6.000000e+00  1.692818e+00  1.194051e+02
     vertex -6.000000e+00  1.692818e+00  1.194051e+02
     vertex -6.000000e+00  1.730729e+00  1.193582e+02
   endloop
 endfacet
 facet normal -4.283721e-20 -7.781522e-01 -6.280757e-01
   outer loop
     vertex  6.000000e+00  1.692818e+00  1.194051e+02
     vertex -6.000000e+00  1.730729e+00  1.193582e+02
     vertex  6.000000e+00  1.730729e+00  1.193582e+02
   endloop
 endfacet
 facet normal -0.000000e+00 -7.606287e-01 -6.491872e-01
   outer loop
     vertex  6.000000e+00  1.653633e+00  1.194510e+02
     vertex -6.000000e+00  1.653633e+00  1.194510e+02
     vertex -6.000000e+00  1.692818e+00  1.194051e+02
   endloop
 endfacet
 facet normal -1.448152e-19 -7.606287e-01 -6.491872e-01
   outer loop
     vertex  6.000000e+00  1.653633e+00  1.194510e+02
     vertex -6.000000e+00  1.692818e+00  1.194051e+02
     vertex  6.000000e+00  1.692818e+00  1.194051e+02
   endloop
 endfacet
 facet normal -0.000000e+00 -7.425325e-01 -6.698100e-01
   outer loop
     vertex  6.000000e+00  1.613203e+00  1.194959e+02
     vertex -6.000000e+00  1.613203e+00  1.194959e+02
     vertex -6.000000e+00  1.653633e+00  1.194510e+02
   endloop
 endfacet
 facet normal -8.922673e-20 -7.425325e-01 -6.698100e-01
   outer loop
     vertex  6.000000e+00  1.613203e+00  1.194959e+02
     vertex -6.000000e+00  1.653633e+00  1.194510e+02
     vertex  6.000000e+00  1.653633e+00  1.194510e+02
   endloop
 endfacet
 facet normal -0.000000e+00 -7.238775e-01 -6.899286e-01
   outer loop
     vertex  6.000000e+00  1.571558e+00  1.195395e+02
     vertex -6.000000e+00  1.571558e+00  1.195395e+02
     vertex -6.000000e+00  1.613203e+00  1.194959e+02
   endloop
 endfacet
 facet normal -0.000000e+00 -7.046775e-01 -7.095278e-01
   outer loop
     vertex  6.000000e+00  1.571558e+00  1.195395e+02
     vertex -6.000000e+00  1.528731e+00  1.195821e+02
     vertex -6.000000e+00  1.571558e+00  1.195395e+02
   endloop
 endfacet
 facet normal  1.416803e-19 -7.238775e-01 -6.899286e-01
   outer loop
     vertex  6.000000e+00  1.571558e+00  1.195395e+02
     vertex -6.000000e+00  1.613203e+00  1.194959e+02
     vertex  6.000000e+00  1.613203e+00  1.194959e+02
   endloop
 endfacet
 facet normal -0.000000e+00 -7.046775e-01 -7.095278e-01
   outer loop
     vertex  6.000000e+00  1.528731e+00  1.195821e+02
     vertex -6.000000e+00  1.528731e+00  1.195821e+02
     vertex  6.000000e+00  1.571558e+00  1.195395e+02
   endloop
 endfacet
 facet normal -0.000000e+00 -6.849470e-01 -7.285929e-01
   outer loop
     vertex  6.000000e+00  1.484753e+00  1.196234e+02
     vertex -6.000000e+00  1.484753e+00  1.196234e+02
     vertex -6.000000e+00  1.528731e+00  1.195821e+02
   endloop
 endfacet
 facet normal  1.063208e-19 -6.849470e-01 -7.285929e-01
   outer loop
     vertex  6.000000e+00  1.484753e+00  1.196234e+02
     vertex -6.000000e+00  1.528731e+00  1.195821e+02
     vertex  6.000000e+00  1.528731e+00  1.195821e+02
   endloop
 endfacet
 facet normal -0.000000e+00 -6.647010e-01 -7.471095e-01
   outer loop
     vertex  6.000000e+00  1.439657e+00  1.196635e+02
     vertex -6.000000e+00  1.439657e+00  1.196635e+02
     vertex -6.000000e+00  1.484753e+00  1.196234e+02
   endloop
 endfacet
 facet normal  1.015748e-19 -6.647010e-01 -7.471095e-01
   outer loop
     vertex  6.000000e+00  1.439657e+00  1.196635e+02
     vertex -6.000000e+00  1.484753e+00  1.196234e+02
     vertex  6.000000e+00  1.484753e+00  1.196234e+02
   endloop
 endfacet
 facet normal -0.000000e+00 -6.439545e-01 -7.650637e-01
   outer loop
     vertex  6.000000e+00  1.393477e+00  1.197024e+02
     vertex -6.000000e+00  1.393477e+00  1.197024e+02
     vertex -6.000000e+00  1.439657e+00  1.196635e+02
   endloop
 endfacet
 facet normal  1.206506e-19 -6.439545e-01 -7.650637e-01
   outer loop
     vertex  6.000000e+00  1.393477e+00  1.197024e+02
     vertex -6.000000e+00  1.439657e+00  1.196635e+02
     vertex  6.000000e+00  1.439657e+00  1.196635e+02
   endloop
 endfacet
 facet normal -0.000000e+00 -6.227234e-01 -7.824421e-01
   outer loop
     vertex  6.000000e+00  1.346248e+00  1.197400e+02
     vertex -6.000000e+00  1.346248e+00  1.197400e+02
     vertex -6.000000e+00  1.393477e+00  1.197024e+02
   endloop
 endfacet
 facet normal -1.218975e-19 -6.227234e-01 -7.824421e-01
   outer loop
     vertex  6.000000e+00  1.346248e+00  1.197400e+02
     vertex -6.000000e+00  1.393477e+00  1.197024e+02
     vertex  6.000000e+00  1.393477e+00  1.197024e+02
   endloop
 endfacet
 facet normal -0.000000e+00 -6.010234e-01 -7.992314e-01
   outer loop
     vertex  6.000000e+00  1.298006e+00  1.197763e+02
     vertex -6.000000e+00  1.298006e+00  1.197763e+02
     vertex -6.000000e+00  1.346248e+00  1.197400e+02
   endloop
 endfacet
 facet normal  7.024669e-21 -6.010234e-01 -7.992314e-01
   outer loop
     vertex  6.000000e+00  1.298006e+00  1.197763e+02
     vertex -6.000000e+00  1.346248e+00  1.197400e+02
     vertex  6.000000e+00  1.346248e+00  1.197400e+02
   endloop
 endfacet
 facet normal -0.000000e+00 -5.788711e-01 -8.154191e-01
   outer loop
     vertex  6.000000e+00  1.248787e+00  1.198112e+02
     vertex -6.000000e+00  1.248787e+00  1.198112e+02
     vertex -6.000000e+00  1.298006e+00  1.197763e+02
   endloop
 endfacet
 facet normal -0.000000e+00 -5.562829e-01 -8.309929e-01
   outer loop
     vertex  6.000000e+00  1.248787e+00  1.198112e+02
     vertex -6.000000e+00  1.198628e+00  1.198448e+02
     vertex -6.000000e+00  1.248787e+00  1.198112e+02
   endloop
 endfacet
 facet normal  1.455226e-19 -5.788711e-01 -8.154191e-01
   outer loop
     vertex  6.000000e+00  1.248787e+00  1.198112e+02
     vertex -6.000000e+00  1.298006e+00  1.197763e+02
     vertex  6.000000e+00  1.298006e+00  1.197763e+02
   endloop
 endfacet
 facet normal -0.000000e+00 -5.562829e-01 -8.309929e-01
   outer loop
     vertex  6.000000e+00  1.198628e+00  1.198448e+02
     vertex -6.000000e+00  1.198628e+00  1.198448e+02
     vertex  6.000000e+00  1.248787e+00  1.198112e+02
   endloop
 endfacet
 facet normal -0.000000e+00 -5.332761e-01 -8.459413e-01
   outer loop
     vertex  6.000000e+00  1.147566e+00  1.198770e+02
     vertex -6.000000e+00  1.147566e+00  1.198770e+02
     vertex -6.000000e+00  1.198628e+00  1.198448e+02
   endloop
 endfacet
 facet normal -3.154634e-20 -5.332761e-01 -8.459413e-01
   outer loop
     vertex  6.000000e+00  1.147566e+00  1.198770e+02
     vertex -6.000000e+00  1.198628e+00  1.198448e+02
     vertex  6.000000e+00  1.198628e+00  1.198448e+02
   endloop
 endfacet
 facet normal -0.000000e+00 -5.098678e-01 -8.602528e-01
   outer loop
     vertex  6.000000e+00  1.095641e+00  1.199078e+02
     vertex -6.000000e+00  1.095641e+00  1.199078e+02
     vertex -6.000000e+00  1.147566e+00  1.198770e+02
   endloop
 endfacet
 facet normal  4.107318e-20 -5.098678e-01 -8.602528e-01
   outer loop
     vertex  6.000000e+00  1.095641e+00  1.199078e+02
     vertex -6.000000e+00  1.147566e+00  1.198770e+02
     vertex  6.000000e+00  1.147566e+00  1.198770e+02
   endloop
 endfacet
 facet normal -0.000000e+00 -4.860756e-01 -8.739167e-01
   outer loop
     vertex  6.000000e+00  1.042891e+00  1.199371e+02
     vertex -6.000000e+00  1.042891e+00  1.199371e+02
     vertex -6.000000e+00  1.095641e+00  1.199078e+02
   endloop
 endfacet
 facet normal -1.292347e-19 -4.860756e-01 -8.739167e-01
   outer loop
     vertex  6.000000e+00  1.042891e+00  1.199371e+02
     vertex -6.000000e+00  1.095641e+00  1.199078e+02
     vertex  6.000000e+00  1.095641e+00  1.199078e+02
   endloop
 endfacet
 facet normal -0.000000e+00 -4.619176e-01 -8.869228e-01
   outer loop
     vertex  6.000000e+00  9.893555e-01  1.199650e+02
     vertex -6.000000e+00  9.893555e-01  1.199650e+02
     vertex -6.000000e+00  1.042891e+00  1.199371e+02
   endloop
 endfacet
 facet normal -0.000000e+00 -4.374119e-01 -8.992613e-01
   outer loop
     vertex  6.000000e+00  9.893555e-01  1.199650e+02
     vertex -6.000000e+00  9.350756e-01  1.199914e+02
     vertex -6.000000e+00  9.893555e-01  1.199650e+02
   endloop
 endfacet
 facet normal  1.470941e-19 -4.619176e-01 -8.869228e-01
   outer loop
     vertex  6.000000e+00  9.893555e-01  1.199650e+02
     vertex -6.000000e+00  1.042891e+00  1.199371e+02
     vertex  6.000000e+00  1.042891e+00  1.199371e+02
   endloop
 endfacet
 facet normal -0.000000e+00 -4.374119e-01 -8.992613e-01
   outer loop
     vertex  6.000000e+00  9.350756e-01  1.199914e+02
     vertex -6.000000e+00  9.350756e-01  1.199914e+02
     vertex  6.000000e+00  9.893555e-01  1.199650e+02
   endloop
 endfacet
 facet normal -0.000000e+00 -4.125769e-01 -9.109228e-01
   outer loop
     vertex  6.000000e+00  9.350756e-01  1.199914e+02
     vertex -6.000000e+00  8.800918e-01  1.200163e+02
     vertex -6.000000e+00  9.350756e-01  1.199914e+02
   endloop
 endfacet
 facet normal -0.000000e+00 -4.125769e-01 -9.109228e-01
   outer loop
     vertex  6.000000e+00  8.800918e-01  1.200163e+02
     vertex -6.000000e+00  8.800918e-01  1.200163e+02
     vertex  6.000000e+00  9.350756e-01  1.199914e+02
   endloop
 endfacet
 facet normal  1.063648e-19 -3.874313e-01 -9.218986e-01
   outer loop
     vertex  6.000000e+00  8.244454e-01  1.200397e+02
     vertex -6.000000e+00  8.800918e-01  1.200163e+02
     vertex  6.000000e+00  8.800918e-01  1.200163e+02
   endloop
 endfacet
 facet normal -0.000000e+00 -3.874313e-01 -9.218986e-01
   outer loop
     vertex  6.000000e+00  8.244454e-01  1.200397e+02
     vertex -6.000000e+00  8.244454e-01  1.200397e+02
     vertex -6.000000e+00  8.800918e-01  1.200163e+02
   endloop
 endfacet
 facet normal -1.336294e-20 -3.619940e-01 -9.321804e-01
   outer loop
     vertex  6.000000e+00  7.681785e-01  1.200615e+02
     vertex -6.000000e+00  8.244454e-01  1.200397e+02
     vertex  6.000000e+00  8.244454e-01  1.200397e+02
   endloop
 endfacet
 facet normal -0.000000e+00 -3.619940e-01 -9.321804e-01
   outer loop
     vertex  6.000000e+00  7.681785e-01  1.200615e+02
     vertex -6.000000e+00  7.681785e-01  1.200615e+02
     vertex -6.000000e+00  8.244454e-01  1.200397e+02
   endloop
 endfacet
 facet normal  2.840005e-20 -3.362843e-01 -9.417605e-01
   outer loop
     vertex  6.000000e+00  7.113333e-01  1.200818e+02
     vertex -6.000000e+00  7.681785e-01  1.200615e+02
     vertex  6.000000e+00  7.681785e-01  1.200615e+02
   endloop
 endfacet
 facet normal -0.000000e+00 -3.362843e-01 -9.417605e-01
   outer loop
     vertex  6.000000e+00  7.113333e-01  1.200818e+02
     vertex -6.000000e+00  7.113333e-01  1.200818e+02
     vertex -6.000000e+00  7.681785e-01  1.200615e+02
   endloop
 endfacet
 facet normal  2.983604e-20 -3.103214e-01 -9.506317e-01
   outer loop
     vertex  6.000000e+00  6.539526e-01  1.201006e+02
     vertex -6.000000e+00  7.113333e-01  1.200818e+02
     vertex  6.000000e+00  7.113333e-01  1.200818e+02
   endloop
 endfacet
 facet normal -0.000000e+00 -3.103214e-01 -9.506317e-01
   outer loop
     vertex  6.000000e+00  6.539526e-01  1.201006e+02
     vertex -6.000000e+00  6.539526e-01  1.201006e+02
     vertex -6.000000e+00  7.113333e-01  1.200818e+02
   endloop
 endfacet
 facet normal -0.000000e+00 -2.841250e-01 -9.587873e-01
   outer loop
     vertex  6.000000e+00  6.539526e-01  1.201006e+02
     vertex -6.000000e+00  5.960796e-01  1.201177e+02
     vertex -6.000000e+00  6.539526e-01  1.201006e+02
   endloop
 endfacet
 facet normal -0.000000e+00 -2.841250e-01 -9.587873e-01
   outer loop
     vertex  6.000000e+00  5.960796e-01  1.201177e+02
     vertex -6.000000e+00  5.960796e-01  1.201177e+02
     vertex  6.000000e+00  6.539526e-01  1.201006e+02
   endloop
 endfacet
 facet normal -2.104754e-20 -2.577146e-01 -9.662211e-01
   outer loop
     vertex  6.000000e+00  5.377579e-01  1.201333e+02
     vertex -6.000000e+00  5.960796e-01  1.201177e+02
     vertex  6.000000e+00  5.960796e-01  1.201177e+02
   endloop
 endfacet
 facet normal -0.000000e+00 -2.577146e-01 -9.662211e-01
   outer loop
     vertex  6.000000e+00  5.377579e-01  1.201333e+02
     vertex -6.000000e+00  5.377579e-01  1.201333e+02
     vertex -6.000000e+00  5.960796e-01  1.201177e+02
   endloop
 endfacet
 facet normal -5.736287e-20 -2.311102e-01 -9.729276e-01
   outer loop
     vertex  6.000000e+00  4.790315e-01  1.201472e+02
     vertex -6.000000e+00  5.377579e-01  1.201333e+02
     vertex  6.000000e+00  5.377579e-01  1.201333e+02
   endloop
 endfacet
 facet normal -0.000000e+00 -2.311102e-01 -9.729276e-01
   outer loop
     vertex  6.000000e+00  4.790315e-01  1.201472e+02
     vertex -6.000000e+00  4.790315e-01  1.201472e+02
     vertex -6.000000e+00  5.377579e-01  1.201333e+02
   endloop
 endfacet
 facet normal  2.440290e-20 -2.043319e-01 -9.789017e-01
   outer loop
     vertex  6.000000e+00  4.199444e-01  1.201595e+02
     vertex -6.000000e+00  4.790315e-01  1.201472e+02
     vertex  6.000000e+00  4.790315e-01  1.201472e+02
   endloop
 endfacet
 facet normal -0.000000e+00 -2.043319e-01 -9.789017e-01
   outer loop
     vertex  6.000000e+00  4.199444e-01  1.201595e+02
     vertex -6.000000e+00  4.199444e-01  1.201595e+02
     vertex -6.000000e+00  4.790315e-01  1.201472e+02
   endloop
 endfacet
 facet normal -8.675943e-21 -1.773998e-01 -9.841389e-01
   outer loop
     vertex  6.000000e+00  3.605412e-01  1.201703e+02
     vertex -6.000000e+00  4.199444e-01  1.201595e+02
     vertex  6.000000e+00  4.199444e-01  1.201595e+02
   endloop
 endfacet
 facet normal -0.000000e+00 -1.773998e-01 -9.841389e-01
   outer loop
     vertex  6.000000e+00  3.605412e-01  1.201703e+02
     vertex -6.000000e+00  3.605412e-01  1.201703e+02
     vertex -6.000000e+00  4.199444e-01  1.201595e+02
   endloop
 endfacet
 facet normal  1.461693e-20 -1.503341e-01 -9.886353e-01
   outer loop
     vertex  6.000000e+00  3.008666e-01  1.201793e+02
     vertex -6.000000e+00  3.605412e-01  1.201703e+02
     vertex  6.000000e+00  3.605412e-01  1.201703e+02
   endloop
 endfacet
 facet normal -0.000000e+00 -1.503341e-01 -9.886353e-01
   outer loop
     vertex  6.000000e+00  3.008666e-01  1.201793e+02
     vertex -6.000000e+00  3.008666e-01  1.201793e+02
     vertex -6.000000e+00  3.605412e-01  1.201703e+02
   endloop
 endfacet
 facet normal -0.000000e+00 -1.231552e-01 -9.923874e-01
   outer loop
     vertex  6.000000e+00  3.008666e-01  1.201793e+02
     vertex -6.000000e+00  2.409655e-01  1.201868e+02
     vertex -6.000000e+00  3.008666e-01  1.201793e+02
   endloop
 endfacet
 facet normal -0.000000e+00 -1.231552e-01 -9.923874e-01
   outer loop
     vertex  6.000000e+00  2.409655e-01  1.201868e+02
     vertex -6.000000e+00  2.409655e-01  1.201868e+02
     vertex  6.000000e+00  3.008666e-01  1.201793e+02
   endloop
 endfacet
 facet normal -0.000000e+00 -9.588368e-02 -9.953925e-01
   outer loop
     vertex  6.000000e+00  1.808830e-01  1.201926e+02
     vertex -6.000000e+00  1.808830e-01  1.201926e+02
     vertex -6.000000e+00  2.409655e-01  1.201868e+02
   endloop
 endfacet
 facet normal -1.788862e-20 -9.588368e-02 -9.953925e-01
   outer loop
     vertex  6.000000e+00  1.808830e-01  1.201926e+02
     vertex -6.000000e+00  2.409655e-01  1.201868e+02
     vertex  6.000000e+00  2.409655e-01  1.201868e+02
   endloop
 endfacet
 facet normal -0.000000e+00 -6.853995e-02 -9.976484e-01
   outer loop
     vertex  6.000000e+00  1.206644e-01  1.201967e+02
     vertex -6.000000e+00  1.206644e-01  1.201967e+02
     vertex -6.000000e+00  1.808830e-01  1.201926e+02
   endloop
 endfacet
 facet normal  3.609504e-20 -6.853995e-02 -9.976484e-01
   outer loop
     vertex  6.000000e+00  1.206644e-01  1.201967e+02
     vertex -6.000000e+00  1.808830e-01  1.201926e+02
     vertex  6.000000e+00  1.808830e-01  1.201926e+02
   endloop
 endfacet
 facet normal -0.000000e+00 -4.114462e-02 -9.991532e-01
   outer loop
     vertex  6.000000e+00  6.035491e-02  1.201992e+02
     vertex -6.000000e+00  6.035491e-02  1.201992e+02
     vertex -6.000000e+00  1.206644e-01  1.201967e+02
   endloop
 endfacet
 facet normal  1.194857e-20 -4.114462e-02 -9.991532e-01
   outer loop
     vertex  6.000000e+00  6.035491e-02  1.201992e+02
     vertex -6.000000e+00  1.206644e-01  1.201967e+02
     vertex  6.000000e+00  1.206644e-01  1.201967e+02
   endloop
 endfacet
 facet normal -0.000000e+00 -1.371831e-02 -9.999059e-01
   outer loop
     vertex  6.000000e+00  5.388446e-16  1.202000e+02
     vertex -6.000000e+00  5.388446e-16  1.202000e+02
     vertex -6.000000e+00  6.035491e-02  1.201992e+02
   endloop
 endfacet
 facet normal -4.144280e-22 -1.371831e-02 -9.999059e-01
   outer loop
     vertex  6.000000e+00  5.388446e-16  1.202000e+02
     vertex -6.000000e+00  6.035491e-02  1.201992e+02
     vertex  6.000000e+00  6.035491e-02  1.201992e+02
   endloop
 endfacet
endsolid
