solid 
 facet normal -1.061160e-22 -1.371831e-02  9.999059e-01
   outer loop
     vertex  1.200000e+01 -5.486810e-02  1.199992e+02
     vertex  1.200000e+01  4.898587e-16  1.200000e+02
     vertex -1.200000e+01  4.898587e-16  1.200000e+02
   endloop
 endfacet
 facet normal  0.000000e+00 -1.371831e-02  9.999059e-01
   outer loop
     vertex  1.200000e+01 -5.486810e-02  1.199992e+02
     vertex -1.200000e+01  4.898587e-16  1.200000e+02
     vertex -1.200000e+01 -5.486810e-02  1.199992e+02
   endloop
 endfacet
 facet normal  0.000000e+00 -4.114462e-02  9.991532e-01
   outer loop
     vertex  1.200000e+01 -1.096949e-01  1.199970e+02
     vertex -1.200000e+01 -5.486810e-02  1.199992e+02
     vertex -1.200000e+01 -1.096949e-01  1.199970e+02
   endloop
 endfacet
 facet normal  0.000000e+00 -6.853995e-02  9.976484e-01
   outer loop
     vertex  1.200000e+01 -1.096949e-01  1.199970e+02
     vertex -1.200000e+01 -1.096949e-01  1.199970e+02
     vertex -1.200000e+01 -1.644391e-01  1.199932e+02
   endloop
 endfacet
 facet normal -3.209991e-21 -4.114462e-02  9.991532e-01
   outer loop
     vertex  1.200000e+01 -1.096949e-01  1.199970e+02
     vertex  1.200000e+01 -5.486810e-02  1.199992e+02
     vertex -1.200000e+01 -5.486810e-02  1.199992e+02
   endloop
 endfacet
 facet normal  0.000000e+00 -6.853995e-02  9.976484e-01
   outer loop
     vertex  1.200000e+01 -1.644391e-01  1.199932e+02
     vertex  1.200000e+01 -1.096949e-01  1.199970e+02
     vertex -1.200000e+01 -1.644391e-01  1.199932e+02
   endloop
 endfacet
 facet normal  0.000000e+00 -9.588368e-02  9.953925e-01
   outer loop
     vertex  1.200000e+01 -2.190595e-01  1.199880e+02
     vertex -1.200000e+01 -1.644391e-01  1.199932e+02
     vertex -1.200000e+01 -2.190595e-01  1.199880e+02
   endloop
 endfacet
 facet normal -1.140235e-20 -9.588368e-02  9.953925e-01
   outer loop
     vertex  1.200000e+01 -2.190595e-01  1.199880e+02
     vertex  1.200000e+01 -1.644391e-01  1.199932e+02
     vertex -1.200000e+01 -1.644391e-01  1.199932e+02
   endloop
 endfacet
 facet normal  0.000000e+00 -1.231552e-01  9.923874e-01
   outer loop
     vertex  1.200000e+01 -2.735151e-01  1.199812e+02
     vertex -1.200000e+01 -2.190595e-01  1.199880e+02
     vertex -1.200000e+01 -2.735151e-01  1.199812e+02
   endloop
 endfacet
 facet normal -1.658219e-20 -1.231552e-01  9.923874e-01
   outer loop
     vertex  1.200000e+01 -2.735151e-01  1.199812e+02
     vertex  1.200000e+01 -2.190595e-01  1.199880e+02
     vertex -1.200000e+01 -2.190595e-01  1.199880e+02
   endloop
 endfacet
 facet normal  0.000000e+00 -1.503341e-01  9.886353e-01
   outer loop
     vertex  1.200000e+01 -3.277647e-01  1.199730e+02
     vertex -1.200000e+01 -2.735151e-01  1.199812e+02
     vertex -1.200000e+01 -3.277647e-01  1.199730e+02
   endloop
 endfacet
 facet normal  0.000000e+00 -1.773998e-01  9.841389e-01
   outer loop
     vertex  1.200000e+01 -3.277647e-01  1.199730e+02
     vertex -1.200000e+01 -3.277647e-01  1.199730e+02
     vertex -1.200000e+01 -3.817676e-01  1.199632e+02
   endloop
 endfacet
 facet normal  1.903506e-20 -1.503341e-01  9.886353e-01
   outer loop
     vertex  1.200000e+01 -3.277647e-01  1.199730e+02
     vertex  1.200000e+01 -2.735151e-01  1.199812e+02
     vertex -1.200000e+01 -2.735151e-01  1.199812e+02
   endloop
 endfacet
 facet normal  0.000000e+00 -1.773998e-01  9.841389e-01
   outer loop
     vertex  1.200000e+01 -3.817676e-01  1.199632e+02
     vertex  1.200000e+01 -3.277647e-01  1.199730e+02
     vertex -1.200000e+01 -3.817676e-01  1.199632e+02
   endloop
 endfacet
 facet normal  0.000000e+00 -2.043319e-01  9.789017e-01
   outer loop
     vertex  1.200000e+01 -4.354831e-01  1.199520e+02
     vertex -1.200000e+01 -3.817676e-01  1.199632e+02
     vertex -1.200000e+01 -4.354831e-01  1.199520e+02
   endloop
 endfacet
 facet normal  0.000000e+00 -2.311102e-01  9.729276e-01
   outer loop
     vertex  1.200000e+01 -4.354831e-01  1.199520e+02
     vertex -1.200000e+01 -4.354831e-01  1.199520e+02
     vertex -1.200000e+01 -4.888709e-01  1.199393e+02
   endloop
 endfacet
 facet normal  1.716579e-20 -2.043319e-01  9.789017e-01
   outer loop
     vertex  1.200000e+01 -4.354831e-01  1.199520e+02
     vertex  1.200000e+01 -3.817676e-01  1.199632e+02
     vertex -1.200000e+01 -3.817676e-01  1.199632e+02
   endloop
 endfacet
 facet normal  0.000000e+00 -2.577146e-01  9.662211e-01
   outer loop
     vertex  1.200000e+01 -4.888709e-01  1.199393e+02
     vertex -1.200000e+01 -4.888709e-01  1.199393e+02
     vertex -1.200000e+01 -5.418906e-01  1.199252e+02
   endloop
 endfacet
 facet normal  0.000000e+00 -2.311102e-01  9.729276e-01
   outer loop
     vertex  1.200000e+01 -4.888709e-01  1.199393e+02
     vertex  1.200000e+01 -4.354831e-01  1.199520e+02
     vertex -1.200000e+01 -4.888709e-01  1.199393e+02
   endloop
 endfacet
 facet normal  0.000000e+00 -2.577146e-01  9.662211e-01
   outer loop
     vertex  1.200000e+01 -5.418906e-01  1.199252e+02
     vertex  1.200000e+01 -4.888709e-01  1.199393e+02
     vertex -1.200000e+01 -5.418906e-01  1.199252e+02
   endloop
 endfacet
 facet normal  0.000000e+00 -2.841250e-01  9.587873e-01
   outer loop
     vertex  1.200000e+01 -5.418906e-01  1.199252e+02
     vertex -1.200000e+01 -5.418906e-01  1.199252e+02
     vertex -1.200000e+01 -5.945023e-01  1.199096e+02
   endloop
 endfacet
 facet normal  0.000000e+00 -2.841250e-01  9.587873e-01
   outer loop
     vertex  1.200000e+01 -5.945023e-01  1.199096e+02
     vertex  1.200000e+01 -5.418906e-01  1.199252e+02
     vertex -1.200000e+01 -5.945023e-01  1.199096e+02
   endloop
 endfacet
 facet normal  0.000000e+00 -3.103214e-01  9.506317e-01
   outer loop
     vertex  1.200000e+01 -5.945023e-01  1.199096e+02
     vertex -1.200000e+01 -5.945023e-01  1.199096e+02
     vertex -1.200000e+01 -6.466666e-01  1.198926e+02
   endloop
 endfacet
 facet normal  0.000000e+00 -3.103214e-01  9.506317e-01
   outer loop
     vertex  1.200000e+01 -6.466666e-01  1.198926e+02
     vertex  1.200000e+01 -5.945023e-01  1.199096e+02
     vertex -1.200000e+01 -6.466666e-01  1.198926e+02
   endloop
 endfacet
 facet normal  5.363025e-22 -3.362843e-01  9.417605e-01
   outer loop
     vertex  1.200000e+01 -6.983441e-01  1.198741e+02
     vertex  1.200000e+01 -6.466666e-01  1.198926e+02
     vertex -1.200000e+01 -6.466666e-01  1.198926e+02
   endloop
 endfacet
 facet normal  0.000000e+00 -3.362843e-01  9.417605e-01
   outer loop
     vertex  1.200000e+01 -6.983441e-01  1.198741e+02
     vertex -1.200000e+01 -6.466666e-01  1.198926e+02
     vertex -1.200000e+01 -6.983441e-01  1.198741e+02
   endloop
 endfacet
 facet normal  2.568982e-20 -3.619940e-01  9.321804e-01
   outer loop
     vertex  1.200000e+01 -7.494958e-01  1.198543e+02
     vertex  1.200000e+01 -6.983441e-01  1.198741e+02
     vertex -1.200000e+01 -6.983441e-01  1.198741e+02
   endloop
 endfacet
 facet normal  0.000000e+00 -3.619940e-01  9.321804e-01
   outer loop
     vertex  1.200000e+01 -7.494958e-01  1.198543e+02
     vertex -1.200000e+01 -6.983441e-01  1.198741e+02
     vertex -1.200000e+01 -7.494958e-01  1.198543e+02
   endloop
 endfacet
 facet normal -8.141015e-20 -3.874313e-01  9.218986e-01
   outer loop
     vertex  1.200000e+01 -8.000834e-01  1.198330e+02
     vertex  1.200000e+01 -7.494958e-01  1.198543e+02
     vertex -1.200000e+01 -7.494958e-01  1.198543e+02
   endloop
 endfacet
 facet normal  0.000000e+00 -3.874313e-01  9.218986e-01
   outer loop
     vertex  1.200000e+01 -8.000834e-01  1.198330e+02
     vertex -1.200000e+01 -7.494958e-01  1.198543e+02
     vertex -1.200000e+01 -8.000834e-01  1.198330e+02
   endloop
 endfacet
 facet normal -2.204486e-20 -4.125769e-01  9.109228e-01
   outer loop
     vertex  1.200000e+01 -8.500687e-01  1.198104e+02
     vertex  1.200000e+01 -8.000834e-01  1.198330e+02
     vertex -1.200000e+01 -8.000834e-01  1.198330e+02
   endloop
 endfacet
 facet normal  0.000000e+00 -4.125769e-01  9.109228e-01
   outer loop
     vertex  1.200000e+01 -8.500687e-01  1.198104e+02
     vertex -1.200000e+01 -8.000834e-01  1.198330e+02
     vertex -1.200000e+01 -8.500687e-01  1.198104e+02
   endloop
 endfacet
 facet normal  1.099008e-20 -4.374119e-01  8.992613e-01
   outer loop
     vertex  1.200000e+01 -8.994141e-01  1.197864e+02
     vertex  1.200000e+01 -8.500687e-01  1.198104e+02
     vertex -1.200000e+01 -8.500687e-01  1.198104e+02
   endloop
 endfacet
 facet normal  0.000000e+00 -4.374119e-01  8.992613e-01
   outer loop
     vertex  1.200000e+01 -8.994141e-01  1.197864e+02
     vertex -1.200000e+01 -8.500687e-01  1.198104e+02
     vertex -1.200000e+01 -8.994141e-01  1.197864e+02
   endloop
 endfacet
 facet normal -5.328061e-20 -4.619176e-01  8.869228e-01
   outer loop
     vertex  1.200000e+01 -9.480825e-01  1.197610e+02
     vertex  1.200000e+01 -8.994141e-01  1.197864e+02
     vertex -1.200000e+01 -8.994141e-01  1.197864e+02
   endloop
 endfacet
 facet normal  0.000000e+00 -4.619176e-01  8.869228e-01
   outer loop
     vertex  1.200000e+01 -9.480825e-01  1.197610e+02
     vertex -1.200000e+01 -8.994141e-01  1.197864e+02
     vertex -1.200000e+01 -9.480825e-01  1.197610e+02
   endloop
 endfacet
 facet normal  0.000000e+00 -4.860756e-01  8.739167e-01
   outer loop
     vertex  1.200000e+01 -9.480825e-01  1.197610e+02
     vertex -1.200000e+01 -9.480825e-01  1.197610e+02
     vertex -1.200000e+01 -9.960371e-01  1.197343e+02
   endloop
 endfacet
 facet normal  0.000000e+00 -4.860756e-01  8.739167e-01
   outer loop
     vertex  1.200000e+01 -9.960371e-01  1.197343e+02
     vertex  1.200000e+01 -9.480825e-01  1.197610e+02
     vertex -1.200000e+01 -9.960371e-01  1.197343e+02
   endloop
 endfacet
 facet normal  1.810817e-20 -5.098678e-01  8.602528e-01
   outer loop
     vertex  1.200000e+01 -1.043242e+00  1.197064e+02
     vertex  1.200000e+01 -9.960371e-01  1.197343e+02
     vertex -1.200000e+01 -9.960371e-01  1.197343e+02
   endloop
 endfacet
 facet normal  0.000000e+00 -5.098678e-01  8.602528e-01
   outer loop
     vertex  1.200000e+01 -1.043242e+00  1.197064e+02
     vertex -1.200000e+01 -9.960371e-01  1.197343e+02
     vertex -1.200000e+01 -1.043242e+00  1.197064e+02
   endloop
 endfacet
 facet normal  4.190100e-21 -5.332761e-01  8.459413e-01
   outer loop
     vertex  1.200000e+01 -1.089662e+00  1.196771e+02
     vertex  1.200000e+01 -1.043242e+00  1.197064e+02
     vertex -1.200000e+01 -1.043242e+00  1.197064e+02
   endloop
 endfacet
 facet normal  0.000000e+00 -5.332761e-01  8.459413e-01
   outer loop
     vertex  1.200000e+01 -1.089662e+00  1.196771e+02
     vertex -1.200000e+01 -1.043242e+00  1.197064e+02
     vertex -1.200000e+01 -1.089662e+00  1.196771e+02
   endloop
 endfacet
 facet normal  0.000000e+00 -5.562829e-01  8.309929e-01
   outer loop
     vertex  1.200000e+01 -1.135261e+00  1.196466e+02
     vertex -1.200000e+01 -1.089662e+00  1.196771e+02
     vertex -1.200000e+01 -1.135261e+00  1.196466e+02
   endloop
 endfacet
 facet normal  4.285622e-20 -5.562829e-01  8.309929e-01
   outer loop
     vertex  1.200000e+01 -1.135261e+00  1.196466e+02
     vertex  1.200000e+01 -1.089662e+00  1.196771e+02
     vertex -1.200000e+01 -1.089662e+00  1.196771e+02
   endloop
 endfacet
 facet normal  0.000000e+00 -5.788711e-01  8.154191e-01
   outer loop
     vertex  1.200000e+01 -1.135261e+00  1.196466e+02
     vertex -1.200000e+01 -1.135261e+00  1.196466e+02
     vertex -1.200000e+01 -1.180006e+00  1.196148e+02
   endloop
 endfacet
 facet normal  0.000000e+00 -5.788711e-01  8.154191e-01
   outer loop
     vertex  1.200000e+01 -1.180006e+00  1.196148e+02
     vertex  1.200000e+01 -1.135261e+00  1.196466e+02
     vertex -1.200000e+01 -1.180006e+00  1.196148e+02
   endloop
 endfacet
 facet normal  8.921506e-21 -6.010234e-01  7.992314e-01
   outer loop
     vertex  1.200000e+01 -1.223862e+00  1.195818e+02
     vertex  1.200000e+01 -1.180006e+00  1.196148e+02
     vertex -1.200000e+01 -1.180006e+00  1.196148e+02
   endloop
 endfacet
 facet normal  0.000000e+00 -6.010234e-01  7.992314e-01
   outer loop
     vertex  1.200000e+01 -1.223862e+00  1.195818e+02
     vertex -1.200000e+01 -1.180006e+00  1.196148e+02
     vertex -1.200000e+01 -1.223862e+00  1.195818e+02
   endloop
 endfacet
 facet normal  0.000000e+00 -6.227234e-01  7.824421e-01
   outer loop
     vertex  1.200000e+01 -1.266797e+00  1.195477e+02
     vertex -1.200000e+01 -1.223862e+00  1.195818e+02
     vertex -1.200000e+01 -1.266797e+00  1.195477e+02
   endloop
 endfacet
 facet normal -1.477961e-20 -6.227234e-01  7.824421e-01
   outer loop
     vertex  1.200000e+01 -1.266797e+00  1.195477e+02
     vertex  1.200000e+01 -1.223862e+00  1.195818e+02
     vertex -1.200000e+01 -1.223862e+00  1.195818e+02
   endloop
 endfacet
 facet normal  0.000000e+00 -6.439545e-01  7.650637e-01
   outer loop
     vertex  1.200000e+01 -1.308779e+00  1.195123e+02
     vertex -1.200000e+01 -1.266797e+00  1.195477e+02
     vertex -1.200000e+01 -1.308779e+00  1.195123e+02
   endloop
 endfacet
 facet normal  5.408064e-20 -6.439545e-01  7.650637e-01
   outer loop
     vertex  1.200000e+01 -1.308779e+00  1.195123e+02
     vertex  1.200000e+01 -1.266797e+00  1.195477e+02
     vertex -1.200000e+01 -1.266797e+00  1.195477e+02
   endloop
 endfacet
 facet normal  0.000000e+00 -6.647010e-01  7.471095e-01
   outer loop
     vertex  1.200000e+01 -1.349775e+00  1.194758e+02
     vertex -1.200000e+01 -1.308779e+00  1.195123e+02
     vertex -1.200000e+01 -1.349775e+00  1.194758e+02
   endloop
 endfacet
 facet normal -4.530660e-20 -6.647010e-01  7.471095e-01
   outer loop
     vertex  1.200000e+01 -1.349775e+00  1.194758e+02
     vertex  1.200000e+01 -1.308779e+00  1.195123e+02
     vertex -1.200000e+01 -1.308779e+00  1.195123e+02
   endloop
 endfacet
 facet normal  0.000000e+00 -6.849470e-01  7.285929e-01
   outer loop
     vertex  1.200000e+01 -1.389755e+00  1.194383e+02
     vertex -1.200000e+01 -1.349775e+00  1.194758e+02
     vertex -1.200000e+01 -1.389755e+00  1.194383e+02
   endloop
 endfacet
 facet normal  5.646299e-20 -6.849470e-01  7.285929e-01
   outer loop
     vertex  1.200000e+01 -1.389755e+00  1.194383e+02
     vertex  1.200000e+01 -1.349775e+00  1.194758e+02
     vertex -1.200000e+01 -1.349775e+00  1.194758e+02
   endloop
 endfacet
 facet normal  0.000000e+00 -7.046775e-01  7.095278e-01
   outer loop
     vertex  1.200000e+01 -1.428689e+00  1.193996e+02
     vertex -1.200000e+01 -1.389755e+00  1.194383e+02
     vertex -1.200000e+01 -1.428689e+00  1.193996e+02
   endloop
 endfacet
 facet normal  0.000000e+00 -7.238775e-01  6.899286e-01
   outer loop
     vertex  1.200000e+01 -1.428689e+00  1.193996e+02
     vertex -1.200000e+01 -1.428689e+00  1.193996e+02
     vertex -1.200000e+01 -1.466548e+00  1.193599e+02
   endloop
 endfacet
 facet normal  5.355489e-20 -7.046775e-01  7.095278e-01
   outer loop
     vertex  1.200000e+01 -1.428689e+00  1.193996e+02
     vertex  1.200000e+01 -1.389755e+00  1.194383e+02
     vertex -1.200000e+01 -1.389755e+00  1.194383e+02
   endloop
 endfacet
 facet normal  0.000000e+00 -7.238775e-01  6.899286e-01
   outer loop
     vertex  1.200000e+01 -1.466548e+00  1.193599e+02
     vertex  1.200000e+01 -1.428689e+00  1.193996e+02
     vertex -1.200000e+01 -1.466548e+00  1.193599e+02
   endloop
 endfacet
 facet normal  0.000000e+00 -7.425325e-01  6.698100e-01
   outer loop
     vertex  1.200000e+01 -1.503303e+00  1.193191e+02
     vertex -1.200000e+01 -1.466548e+00  1.193599e+02
     vertex -1.200000e+01 -1.503303e+00  1.193191e+02
   endloop
 endfacet
 facet normal  1.863214e-20 -7.425325e-01  6.698100e-01
   outer loop
     vertex  1.200000e+01 -1.503303e+00  1.193191e+02
     vertex  1.200000e+01 -1.466548e+00  1.193599e+02
     vertex -1.200000e+01 -1.466548e+00  1.193599e+02
   endloop
 endfacet
 facet normal  0.000000e+00 -7.606287e-01  6.491872e-01
   outer loop
     vertex  1.200000e+01 -1.538926e+00  1.192774e+02
     vertex -1.200000e+01 -1.503303e+00  1.193191e+02
     vertex -1.200000e+01 -1.538926e+00  1.192774e+02
   endloop
 endfacet
 facet normal  0.000000e+00 -7.781522e-01  6.280757e-01
   outer loop
     vertex  1.200000e+01 -1.538926e+00  1.192774e+02
     vertex -1.200000e+01 -1.538926e+00  1.192774e+02
     vertex -1.200000e+01 -1.573390e+00  1.192347e+02
   endloop
 endfacet
 facet normal -1.495427e-20 -7.606287e-01  6.491872e-01
   outer loop
     vertex  1.200000e+01 -1.538926e+00  1.192774e+02
     vertex  1.200000e+01 -1.503303e+00  1.193191e+02
     vertex -1.200000e+01 -1.503303e+00  1.193191e+02
   endloop
 endfacet
 facet normal  0.000000e+00 -7.781522e-01  6.280757e-01
   outer loop
     vertex  1.200000e+01 -1.573390e+00  1.192347e+02
     vertex  1.200000e+01 -1.538926e+00  1.192774e+02
     vertex -1.200000e+01 -1.573390e+00  1.192347e+02
   endloop
 endfacet
 facet normal  0.000000e+00 -7.950900e-01  6.064915e-01
   outer loop
     vertex  1.200000e+01 -1.606670e+00  1.191911e+02
     vertex -1.200000e+01 -1.573390e+00  1.192347e+02
     vertex -1.200000e+01 -1.606670e+00  1.191911e+02
   endloop
 endfacet
 facet normal  4.398095e-20 -7.950900e-01  6.064915e-01
   outer loop
     vertex  1.200000e+01 -1.606670e+00  1.191911e+02
     vertex  1.200000e+01 -1.573390e+00  1.192347e+02
     vertex -1.200000e+01 -1.573390e+00  1.192347e+02
   endloop
 endfacet
 facet normal  0.000000e+00 -8.114292e-01  5.844507e-01
   outer loop
     vertex  1.200000e+01 -1.638741e+00  1.191465e+02
     vertex -1.200000e+01 -1.606670e+00  1.191911e+02
     vertex -1.200000e+01 -1.638741e+00  1.191465e+02
   endloop
 endfacet
 facet normal  0.000000e+00 -8.271577e-01  5.619699e-01
   outer loop
     vertex  1.200000e+01 -1.638741e+00  1.191465e+02
     vertex -1.200000e+01 -1.638741e+00  1.191465e+02
     vertex -1.200000e+01 -1.669578e+00  1.191011e+02
   endloop
 endfacet
 facet normal  7.457250e-20 -8.114292e-01  5.844507e-01
   outer loop
     vertex  1.200000e+01 -1.638741e+00  1.191465e+02
     vertex  1.200000e+01 -1.606670e+00  1.191911e+02
     vertex -1.200000e+01 -1.606670e+00  1.191911e+02
   endloop
 endfacet
 facet normal  0.000000e+00 -8.271577e-01  5.619699e-01
   outer loop
     vertex  1.200000e+01 -1.669578e+00  1.191011e+02
     vertex  1.200000e+01 -1.638741e+00  1.191465e+02
     vertex -1.200000e+01 -1.669578e+00  1.191011e+02
   endloop
 endfacet
 facet normal -6.955085e-20 -8.422635e-01  5.390661e-01
   outer loop
     vertex  1.200000e+01 -1.699159e+00  1.190549e+02
     vertex  1.200000e+01 -1.669578e+00  1.191011e+02
     vertex -1.200000e+01 -1.669578e+00  1.191011e+02
   endloop
 endfacet
 facet normal  0.000000e+00 -8.422635e-01  5.390661e-01
   outer loop
     vertex  1.200000e+01 -1.699159e+00  1.190549e+02
     vertex -1.200000e+01 -1.669578e+00  1.191011e+02
     vertex -1.200000e+01 -1.699159e+00  1.190549e+02
   endloop
 endfacet
 facet normal  5.368706e-20 -8.567352e-01  5.157565e-01
   outer loop
     vertex  1.200000e+01 -1.727460e+00  1.190079e+02
     vertex  1.200000e+01 -1.699159e+00  1.190549e+02
     vertex -1.200000e+01 -1.699159e+00  1.190549e+02
   endloop
 endfacet
 facet normal  0.000000e+00 -8.567352e-01  5.157565e-01
   outer loop
     vertex  1.200000e+01 -1.727460e+00  1.190079e+02
     vertex -1.200000e+01 -1.699159e+00  1.190549e+02
     vertex -1.200000e+01 -1.727460e+00  1.190079e+02
   endloop
 endfacet
 facet normal  0.000000e+00 -8.705620e-01  4.920587e-01
   outer loop
     vertex  1.200000e+01 -1.727460e+00  1.190079e+02
     vertex -1.200000e+01 -1.727460e+00  1.190079e+02
     vertex -1.200000e+01 -1.754461e+00  1.189601e+02
   endloop
 endfacet
 facet normal  0.000000e+00 -8.705620e-01  4.920587e-01
   outer loop
     vertex  1.200000e+01 -1.754461e+00  1.189601e+02
     vertex  1.200000e+01 -1.727460e+00  1.190079e+02
     vertex -1.200000e+01 -1.754461e+00  1.189601e+02
   endloop
 endfacet
 facet normal -2.770270e-20 -8.837335e-01  4.679904e-01
   outer loop
     vertex  1.200000e+01 -1.780141e+00  1.189116e+02
     vertex  1.200000e+01 -1.754461e+00  1.189601e+02
     vertex -1.200000e+01 -1.754461e+00  1.189601e+02
   endloop
 endfacet
 facet normal  0.000000e+00 -8.837335e-01  4.679904e-01
   outer loop
     vertex  1.200000e+01 -1.780141e+00  1.189116e+02
     vertex -1.200000e+01 -1.754461e+00  1.189601e+02
     vertex -1.200000e+01 -1.780141e+00  1.189116e+02
   endloop
 endfacet
 facet normal -7.341257e-20 -8.962398e-01  4.435699e-01
   outer loop
     vertex  1.200000e+01 -1.804481e+00  1.188625e+02
     vertex  1.200000e+01 -1.780141e+00  1.189116e+02
     vertex -1.200000e+01 -1.780141e+00  1.189116e+02
   endloop
 endfacet
 facet normal  0.000000e+00 -8.962398e-01  4.435699e-01
   outer loop
     vertex  1.200000e+01 -1.804481e+00  1.188625e+02
     vertex -1.200000e+01 -1.780141e+00  1.189116e+02
     vertex -1.200000e+01 -1.804481e+00  1.188625e+02
   endloop
 endfacet
 facet normal  7.522136e-20 -9.080714e-01  4.188155e-01
   outer loop
     vertex  1.200000e+01 -1.827463e+00  1.188126e+02
     vertex  1.200000e+01 -1.804481e+00  1.188625e+02
     vertex -1.200000e+01 -1.804481e+00  1.188625e+02
   endloop
 endfacet
 facet normal  0.000000e+00 -9.080714e-01  4.188155e-01
   outer loop
     vertex  1.200000e+01 -1.827463e+00  1.188126e+02
     vertex -1.200000e+01 -1.804481e+00  1.188625e+02
     vertex -1.200000e+01 -1.827463e+00  1.188126e+02
   endloop
 endfacet
 facet normal  1.174091e-20 -9.192194e-01  3.937458e-01
   outer loop
     vertex  1.200000e+01 -1.849069e+00  1.187622e+02
     vertex  1.200000e+01 -1.827463e+00  1.188126e+02
     vertex -1.200000e+01 -1.827463e+00  1.188126e+02
   endloop
 endfacet
 facet normal  0.000000e+00 -9.192194e-01  3.937458e-01
   outer loop
     vertex  1.200000e+01 -1.849069e+00  1.187622e+02
     vertex -1.200000e+01 -1.827463e+00  1.188126e+02
     vertex -1.200000e+01 -1.849069e+00  1.187622e+02
   endloop
 endfacet
 facet normal -8.019622e-20 -9.296754e-01  3.683796e-01
   outer loop
     vertex  1.200000e+01 -1.869283e+00  1.187112e+02
     vertex  1.200000e+01 -1.849069e+00  1.187622e+02
     vertex -1.200000e+01 -1.849069e+00  1.187622e+02
   endloop
 endfacet
 facet normal  0.000000e+00 -9.296754e-01  3.683796e-01
   outer loop
     vertex  1.200000e+01 -1.869283e+00  1.187112e+02
     vertex -1.200000e+01 -1.849069e+00  1.187622e+02
     vertex -1.200000e+01 -1.869283e+00  1.187112e+02
   endloop
 endfacet
 facet normal  0.000000e+00 -9.394317e-01  3.427362e-01
   outer loop
     vertex  1.200000e+01 -1.869283e+00  1.187112e+02
     vertex -1.200000e+01 -1.869283e+00  1.187112e+02
     vertex -1.200000e+01 -1.888090e+00  1.186596e+02
   endloop
 endfacet
 facet normal  0.000000e+00 -9.394317e-01  3.427362e-01
   outer loop
     vertex  1.200000e+01 -1.888090e+00  1.186596e+02
     vertex  1.200000e+01 -1.869283e+00  1.187112e+02
     vertex -1.200000e+01 -1.888090e+00  1.186596e+02
   endloop
 endfacet
 facet normal  0.000000e+00 -9.484807e-01  3.168348e-01
   outer loop
     vertex  1.200000e+01 -1.888090e+00  1.186596e+02
     vertex -1.200000e+01 -1.888090e+00  1.186596e+02
     vertex -1.200000e+01 -1.905476e+00  1.186076e+02
   endloop
 endfacet
 facet normal  0.000000e+00 -9.484807e-01  3.168348e-01
   outer loop
     vertex  1.200000e+01 -1.905476e+00  1.186076e+02
     vertex  1.200000e+01 -1.888090e+00  1.186596e+02
     vertex -1.200000e+01 -1.905476e+00  1.186076e+02
   endloop
 endfacet
 facet normal -3.857975e-20 -9.568158e-01  2.906949e-01
   outer loop
     vertex  1.200000e+01 -1.921427e+00  1.185551e+02
     vertex  1.200000e+01 -1.905476e+00  1.186076e+02
     vertex -1.200000e+01 -1.905476e+00  1.186076e+02
   endloop
 endfacet
 facet normal  0.000000e+00 -9.568158e-01  2.906949e-01
   outer loop
     vertex  1.200000e+01 -1.921427e+00  1.185551e+02
     vertex -1.200000e+01 -1.905476e+00  1.186076e+02
     vertex -1.200000e+01 -1.921427e+00  1.185551e+02
   endloop
 endfacet
 facet normal  0.000000e+00 -9.644306e-01  2.643362e-01
   outer loop
     vertex  1.200000e+01 -1.921427e+00  1.185551e+02
     vertex -1.200000e+01 -1.921427e+00  1.185551e+02
     vertex -1.200000e+01 -1.935932e+00  1.185022e+02
   endloop
 endfacet
 facet normal  0.000000e+00 -9.644306e-01  2.643362e-01
   outer loop
     vertex  1.200000e+01 -1.935932e+00  1.185022e+02
     vertex  1.200000e+01 -1.921427e+00  1.185551e+02
     vertex -1.200000e+01 -1.935932e+00  1.185022e+02
   endloop
 endfacet
 facet normal -2.111614e-20 -9.713194e-01  2.377784e-01
   outer loop
     vertex  1.200000e+01 -1.948980e+00  1.184489e+02
     vertex  1.200000e+01 -1.935932e+00  1.185022e+02
     vertex -1.200000e+01 -1.935932e+00  1.185022e+02
   endloop
 endfacet
 facet normal  0.000000e+00 -9.713194e-01  2.377784e-01
   outer loop
     vertex  1.200000e+01 -1.948980e+00  1.184489e+02
     vertex -1.200000e+01 -1.935932e+00  1.185022e+02
     vertex -1.200000e+01 -1.948980e+00  1.184489e+02
   endloop
 endfacet
 facet normal  2.974626e-20 -9.774771e-01  2.110417e-01
   outer loop
     vertex  1.200000e+01 -1.960560e+00  1.183952e+02
     vertex  1.200000e+01 -1.948980e+00  1.184489e+02
     vertex -1.200000e+01 -1.948980e+00  1.184489e+02
   endloop
 endfacet
 facet normal  0.000000e+00 -9.774771e-01  2.110417e-01
   outer loop
     vertex  1.200000e+01 -1.960560e+00  1.183952e+02
     vertex -1.200000e+01 -1.948980e+00  1.184489e+02
     vertex -1.200000e+01 -1.960560e+00  1.183952e+02
   endloop
 endfacet
 facet normal  0.000000e+00 -9.828989e-01  1.841461e-01
   outer loop
     vertex  1.200000e+01 -1.960560e+00  1.183952e+02
     vertex -1.200000e+01 -1.960560e+00  1.183952e+02
     vertex -1.200000e+01 -1.970665e+00  1.183413e+02
   endloop
 endfacet
 facet normal  0.000000e+00 -9.828989e-01  1.841461e-01
   outer loop
     vertex  1.200000e+01 -1.970665e+00  1.183413e+02
     vertex  1.200000e+01 -1.960560e+00  1.183952e+02
     vertex -1.200000e+01 -1.970665e+00  1.183413e+02
   endloop
 endfacet
 facet normal  0.000000e+00 -9.875808e-01  1.571119e-01
   outer loop
     vertex  1.200000e+01 -1.970665e+00  1.183413e+02
     vertex -1.200000e+01 -1.970665e+00  1.183413e+02
     vertex -1.200000e+01 -1.979286e+00  1.182871e+02
   endloop
 endfacet
 facet normal  0.000000e+00 -9.875808e-01  1.571119e-01
   outer loop
     vertex  1.200000e+01 -1.979286e+00  1.182871e+02
     vertex  1.200000e+01 -1.970665e+00  1.183413e+02
     vertex -1.200000e+01 -1.979286e+00  1.182871e+02
   endloop
 endfacet
 facet normal  0.000000e+00 -9.915193e-01  1.299594e-01
   outer loop
     vertex  1.200000e+01 -1.979286e+00  1.182871e+02
     vertex -1.200000e+01 -1.979286e+00  1.182871e+02
     vertex -1.200000e+01 -1.986418e+00  1.182327e+02
   endloop
 endfacet
 facet normal  0.000000e+00 -9.915193e-01  1.299594e-01
   outer loop
     vertex  1.200000e+01 -1.986418e+00  1.182327e+02
     vertex  1.200000e+01 -1.979286e+00  1.182871e+02
     vertex -1.200000e+01 -1.986418e+00  1.182327e+02
   endloop
 endfacet
 facet normal  1.937226e-20 -9.947114e-01  1.027091e-01
   outer loop
     vertex  1.200000e+01 -1.992054e+00  1.181781e+02
     vertex  1.200000e+01 -1.986418e+00  1.182327e+02
     vertex -1.200000e+01 -1.986418e+00  1.182327e+02
   endloop
 endfacet
 facet normal  0.000000e+00 -9.947114e-01  1.027091e-01
   outer loop
     vertex  1.200000e+01 -1.992054e+00  1.181781e+02
     vertex -1.200000e+01 -1.986418e+00  1.182327e+02
     vertex -1.200000e+01 -1.992054e+00  1.181781e+02
   endloop
 endfacet
 facet normal -7.204190e-21 -9.971548e-01  7.538152e-02
   outer loop
     vertex  1.200000e+01 -1.996190e+00  1.181234e+02
     vertex  1.200000e+01 -1.992054e+00  1.181781e+02
     vertex -1.200000e+01 -1.992054e+00  1.181781e+02
   endloop
 endfacet
 facet normal  0.000000e+00 -9.971548e-01  7.538152e-02
   outer loop
     vertex  1.200000e+01 -1.996190e+00  1.181234e+02
     vertex -1.200000e+01 -1.992054e+00  1.181781e+02
     vertex -1.200000e+01 -1.996190e+00  1.181234e+02
   endloop
 endfacet
 facet normal  5.145815e-21 -9.988475e-01  4.799716e-02
   outer loop
     vertex  1.200000e+01 -1.998824e+00  1.180686e+02
     vertex  1.200000e+01 -1.996190e+00  1.181234e+02
     vertex -1.200000e+01 -1.996190e+00  1.181234e+02
   endloop
 endfacet
 facet normal  0.000000e+00 -9.988475e-01  4.799716e-02
   outer loop
     vertex  1.200000e+01 -1.998824e+00  1.180686e+02
     vertex -1.200000e+01 -1.996190e+00  1.181234e+02
     vertex -1.200000e+01 -1.998824e+00  1.180686e+02
   endloop
 endfacet
 facet normal  0.000000e+00 -9.997883e-01  2.057667e-02
   outer loop
     vertex  1.200000e+01 -1.998824e+00  1.180686e+02
     vertex -1.200000e+01 -1.998824e+00  1.180686e+02
     vertex -1.200000e+01 -1.999953e+00  1.180137e+02
   endloop
 endfacet
 facet normal -0.000000e+00 -9.999765e-01 -6.859319e-03
   outer loop
     vertex  1.200000e+01 -1.999953e+00  1.180137e+02
     vertex -1.200000e+01 -1.999953e+00  1.180137e+02
     vertex -1.200000e+01 -1.999577e+00  1.179588e+02
   endloop
 endfacet
 facet normal  0.000000e+00 -9.997883e-01  2.057667e-02
   outer loop
     vertex  1.200000e+01 -1.999953e+00  1.180137e+02
     vertex  1.200000e+01 -1.998824e+00  1.180686e+02
     vertex -1.200000e+01 -1.999953e+00  1.180137e+02
   endloop
 endfacet
 facet normal -0.000000e+00 -9.999765e-01 -6.859319e-03
   outer loop
     vertex  1.200000e+01 -1.999577e+00  1.179588e+02
     vertex  1.200000e+01 -1.999953e+00  1.180137e+02
     vertex -1.200000e+01 -1.999577e+00  1.179588e+02
   endloop
 endfacet
 facet normal -0.000000e+00 -9.994119e-01 -3.429014e-02
   outer loop
     vertex  1.200000e+01 -1.997695e+00  1.179040e+02
     vertex -1.200000e+01 -1.999577e+00  1.179588e+02
     vertex -1.200000e+01 -1.997695e+00  1.179040e+02
   endloop
 endfacet
 facet normal  2.222370e-21 -9.994119e-01 -3.429014e-02
   outer loop
     vertex  1.200000e+01 -1.997695e+00  1.179040e+02
     vertex  1.200000e+01 -1.999577e+00  1.179588e+02
     vertex -1.200000e+01 -1.999577e+00  1.179588e+02
   endloop
 endfacet
 facet normal -0.000000e+00 -9.980950e-01 -6.169515e-02
   outer loop
     vertex  1.200000e+01 -1.994310e+00  1.178492e+02
     vertex -1.200000e+01 -1.997695e+00  1.179040e+02
     vertex -1.200000e+01 -1.994310e+00  1.178492e+02
   endloop
 endfacet
 facet normal -0.000000e+00 -9.960268e-01 -8.905371e-02
   outer loop
     vertex  1.200000e+01 -1.994310e+00  1.178492e+02
     vertex -1.200000e+01 -1.994310e+00  1.178492e+02
     vertex -1.200000e+01 -1.989423e+00  1.177946e+02
   endloop
 endfacet
 facet normal -8.896775e-22 -9.980950e-01 -6.169515e-02
   outer loop
     vertex  1.200000e+01 -1.994310e+00  1.178492e+02
     vertex  1.200000e+01 -1.997695e+00  1.179040e+02
     vertex -1.200000e+01 -1.997695e+00  1.179040e+02
   endloop
 endfacet
 facet normal -0.000000e+00 -9.960268e-01 -8.905371e-02
   outer loop
     vertex  1.200000e+01 -1.989423e+00  1.177946e+02
     vertex  1.200000e+01 -1.994310e+00  1.178492e+02
     vertex -1.200000e+01 -1.989423e+00  1.177946e+02
   endloop
 endfacet
 facet normal  9.138035e-21 -9.932088e-01 -1.163452e-01
   outer loop
     vertex  1.200000e+01 -1.983039e+00  1.177401e+02
     vertex  1.200000e+01 -1.989423e+00  1.177946e+02
     vertex -1.200000e+01 -1.989423e+00  1.177946e+02
   endloop
 endfacet
 facet normal -0.000000e+00 -9.932088e-01 -1.163452e-01
   outer loop
     vertex  1.200000e+01 -1.983039e+00  1.177401e+02
     vertex -1.200000e+01 -1.989423e+00  1.177946e+02
     vertex -1.200000e+01 -1.983039e+00  1.177401e+02
   endloop
 endfacet
 facet normal -1.758081e-20 -9.896432e-01 -1.435492e-01
   outer loop
     vertex  1.200000e+01 -1.975162e+00  1.176858e+02
     vertex  1.200000e+01 -1.983039e+00  1.177401e+02
     vertex -1.200000e+01 -1.983039e+00  1.177401e+02
   endloop
 endfacet
 facet normal -0.000000e+00 -9.896432e-01 -1.435492e-01
   outer loop
     vertex  1.200000e+01 -1.975162e+00  1.176858e+02
     vertex -1.200000e+01 -1.983039e+00  1.177401e+02
     vertex -1.200000e+01 -1.975162e+00  1.176858e+02
   endloop
 endfacet
 facet normal -0.000000e+00 -9.853326e-01 -1.706451e-01
   outer loop
     vertex  1.200000e+01 -1.975162e+00  1.176858e+02
     vertex -1.200000e+01 -1.975162e+00  1.176858e+02
     vertex -1.200000e+01 -1.965798e+00  1.176317e+02
   endloop
 endfacet
 facet normal -0.000000e+00 -9.853326e-01 -1.706451e-01
   outer loop
     vertex  1.200000e+01 -1.965798e+00  1.176317e+02
     vertex  1.200000e+01 -1.975162e+00  1.176858e+02
     vertex -1.200000e+01 -1.965798e+00  1.176317e+02
   endloop
 endfacet
 facet normal  2.477099e-20 -9.802802e-01 -1.976125e-01
   outer loop
     vertex  1.200000e+01 -1.954954e+00  1.175779e+02
     vertex  1.200000e+01 -1.965798e+00  1.176317e+02
     vertex -1.200000e+01 -1.965798e+00  1.176317e+02
   endloop
 endfacet
 facet normal -0.000000e+00 -9.802802e-01 -1.976125e-01
   outer loop
     vertex  1.200000e+01 -1.954954e+00  1.175779e+02
     vertex -1.200000e+01 -1.965798e+00  1.176317e+02
     vertex -1.200000e+01 -1.954954e+00  1.175779e+02
   endloop
 endfacet
 facet normal  1.107072e-20 -9.744899e-01 -2.244312e-01
   outer loop
     vertex  1.200000e+01 -1.942639e+00  1.175244e+02
     vertex  1.200000e+01 -1.954954e+00  1.175779e+02
     vertex -1.200000e+01 -1.954954e+00  1.175779e+02
   endloop
 endfacet
 facet normal -0.000000e+00 -9.744899e-01 -2.244312e-01
   outer loop
     vertex  1.200000e+01 -1.942639e+00  1.175244e+02
     vertex -1.200000e+01 -1.954954e+00  1.175779e+02
     vertex -1.200000e+01 -1.942639e+00  1.175244e+02
   endloop
 endfacet
 facet normal -2.301336e-20 -9.679661e-01 -2.510809e-01
   outer loop
     vertex  1.200000e+01 -1.928861e+00  1.174713e+02
     vertex  1.200000e+01 -1.942639e+00  1.175244e+02
     vertex -1.200000e+01 -1.942639e+00  1.175244e+02
   endloop
 endfacet
 facet normal -0.000000e+00 -9.679661e-01 -2.510809e-01
   outer loop
     vertex  1.200000e+01 -1.928861e+00  1.174713e+02
     vertex -1.200000e+01 -1.942639e+00  1.175244e+02
     vertex -1.200000e+01 -1.928861e+00  1.174713e+02
   endloop
 endfacet
 facet normal -3.240359e-20 -9.607136e-01 -2.775416e-01
   outer loop
     vertex  1.200000e+01 -1.913632e+00  1.174186e+02
     vertex  1.200000e+01 -1.928861e+00  1.174713e+02
     vertex -1.200000e+01 -1.928861e+00  1.174713e+02
   endloop
 endfacet
 facet normal -0.000000e+00 -9.607136e-01 -2.775416e-01
   outer loop
     vertex  1.200000e+01 -1.913632e+00  1.174186e+02
     vertex -1.200000e+01 -1.928861e+00  1.174713e+02
     vertex -1.200000e+01 -1.913632e+00  1.174186e+02
   endloop
 endfacet
 facet normal -1.347406e-20 -9.527379e-01 -3.037934e-01
   outer loop
     vertex  1.200000e+01 -1.896961e+00  1.173663e+02
     vertex  1.200000e+01 -1.913632e+00  1.174186e+02
     vertex -1.200000e+01 -1.913632e+00  1.174186e+02
   endloop
 endfacet
 facet normal -0.000000e+00 -9.527379e-01 -3.037934e-01
   outer loop
     vertex  1.200000e+01 -1.896961e+00  1.173663e+02
     vertex -1.200000e+01 -1.913632e+00  1.174186e+02
     vertex -1.200000e+01 -1.896961e+00  1.173663e+02
   endloop
 endfacet
 facet normal -0.000000e+00 -9.440450e-01 -3.298166e-01
   outer loop
     vertex  1.200000e+01 -1.896961e+00  1.173663e+02
     vertex -1.200000e+01 -1.896961e+00  1.173663e+02
     vertex -1.200000e+01 -1.878863e+00  1.173145e+02
   endloop
 endfacet
 facet normal -0.000000e+00 -9.440450e-01 -3.298166e-01
   outer loop
     vertex  1.200000e+01 -1.878863e+00  1.173145e+02
     vertex  1.200000e+01 -1.896961e+00  1.173663e+02
     vertex -1.200000e+01 -1.878863e+00  1.173145e+02
   endloop
 endfacet
 facet normal -4.267433e-20 -9.346415e-01 -3.555914e-01
   outer loop
     vertex  1.200000e+01 -1.859351e+00  1.172632e+02
     vertex  1.200000e+01 -1.878863e+00  1.173145e+02
     vertex -1.200000e+01 -1.878863e+00  1.173145e+02
   endloop
 endfacet
 facet normal -0.000000e+00 -9.346415e-01 -3.555914e-01
   outer loop
     vertex  1.200000e+01 -1.859351e+00  1.172632e+02
     vertex -1.200000e+01 -1.878863e+00  1.173145e+02
     vertex -1.200000e+01 -1.859351e+00  1.172632e+02
   endloop
 endfacet
 facet normal -0.000000e+00 -9.137314e-01 -4.063188e-01
   outer loop
     vertex  1.200000e+01 -1.838439e+00  1.172125e+02
     vertex -1.200000e+01 -1.838439e+00  1.172125e+02
     vertex -1.200000e+01 -1.816143e+00  1.171624e+02
   endloop
 endfacet
 facet normal  6.724903e-20 -9.245344e-01 -3.810986e-01
   outer loop
     vertex  1.200000e+01 -1.838439e+00  1.172125e+02
     vertex  1.200000e+01 -1.859351e+00  1.172632e+02
     vertex -1.200000e+01 -1.859351e+00  1.172632e+02
   endloop
 endfacet
 facet normal -0.000000e+00 -9.245344e-01 -3.810986e-01
   outer loop
     vertex  1.200000e+01 -1.838439e+00  1.172125e+02
     vertex -1.200000e+01 -1.859351e+00  1.172632e+02
     vertex -1.200000e+01 -1.838439e+00  1.172125e+02
   endloop
 endfacet
 facet normal -0.000000e+00 -9.137314e-01 -4.063188e-01
   outer loop
     vertex  1.200000e+01 -1.816143e+00  1.171624e+02
     vertex  1.200000e+01 -1.838439e+00  1.172125e+02
     vertex -1.200000e+01 -1.816143e+00  1.171624e+02
   endloop
 endfacet
 facet normal -0.000000e+00 -9.022405e-01 -4.312333e-01
   outer loop
     vertex  1.200000e+01 -1.792480e+00  1.171129e+02
     vertex -1.200000e+01 -1.816143e+00  1.171624e+02
     vertex -1.200000e+01 -1.792480e+00  1.171129e+02
   endloop
 endfacet
 facet normal  5.005220e-20 -9.022405e-01 -4.312333e-01
   outer loop
     vertex  1.200000e+01 -1.792480e+00  1.171129e+02
     vertex  1.200000e+01 -1.816143e+00  1.171624e+02
     vertex -1.200000e+01 -1.816143e+00  1.171624e+02
   endloop
 endfacet
 facet normal -0.000000e+00 -8.900704e-01 -4.558231e-01
   outer loop
     vertex  1.200000e+01 -1.767467e+00  1.170640e+02
     vertex -1.200000e+01 -1.792480e+00  1.171129e+02
     vertex -1.200000e+01 -1.767467e+00  1.170640e+02
   endloop
 endfacet
 facet normal -0.000000e+00 -8.772303e-01 -4.800697e-01
   outer loop
     vertex  1.200000e+01 -1.767467e+00  1.170640e+02
     vertex -1.200000e+01 -1.767467e+00  1.170640e+02
     vertex -1.200000e+01 -1.741124e+00  1.170159e+02
   endloop
 endfacet
 facet normal -6.080609e-20 -8.900704e-01 -4.558231e-01
   outer loop
     vertex  1.200000e+01 -1.767467e+00  1.170640e+02
     vertex  1.200000e+01 -1.792480e+00  1.171129e+02
     vertex -1.200000e+01 -1.792480e+00  1.171129e+02
   endloop
 endfacet
 facet normal -0.000000e+00 -8.772303e-01 -4.800697e-01
   outer loop
     vertex  1.200000e+01 -1.741124e+00  1.170159e+02
     vertex  1.200000e+01 -1.767467e+00  1.170640e+02
     vertex -1.200000e+01 -1.741124e+00  1.170159e+02
   endloop
 endfacet
 facet normal -0.000000e+00 -8.637299e-01 -5.039550e-01
   outer loop
     vertex  1.200000e+01 -1.713470e+00  1.169685e+02
     vertex -1.200000e+01 -1.741124e+00  1.170159e+02
     vertex -1.200000e+01 -1.713470e+00  1.169685e+02
   endloop
 endfacet
 facet normal -2.735875e-20 -8.637299e-01 -5.039550e-01
   outer loop
     vertex  1.200000e+01 -1.713470e+00  1.169685e+02
     vertex  1.200000e+01 -1.741124e+00  1.170159e+02
     vertex -1.200000e+01 -1.741124e+00  1.170159e+02
   endloop
 endfacet
 facet normal -0.000000e+00 -8.495793e-01 -5.274609e-01
   outer loop
     vertex  1.200000e+01 -1.684527e+00  1.169219e+02
     vertex -1.200000e+01 -1.713470e+00  1.169685e+02
     vertex -1.200000e+01 -1.684527e+00  1.169219e+02
   endloop
 endfacet
 facet normal -6.161170e-21 -8.495793e-01 -5.274609e-01
   outer loop
     vertex  1.200000e+01 -1.684527e+00  1.169219e+02
     vertex  1.200000e+01 -1.713470e+00  1.169685e+02
     vertex -1.200000e+01 -1.713470e+00  1.169685e+02
   endloop
 endfacet
 facet normal -0.000000e+00 -8.347891e-01 -5.505698e-01
   outer loop
     vertex  1.200000e+01 -1.654315e+00  1.168761e+02
     vertex -1.200000e+01 -1.684527e+00  1.169219e+02
     vertex -1.200000e+01 -1.654315e+00  1.168761e+02
   endloop
 endfacet
 facet normal -5.934286e-20 -8.347891e-01 -5.505698e-01
   outer loop
     vertex  1.200000e+01 -1.654315e+00  1.168761e+02
     vertex  1.200000e+01 -1.684527e+00  1.169219e+02
     vertex -1.200000e+01 -1.684527e+00  1.169219e+02
   endloop
 endfacet
 facet normal -0.000000e+00 -8.193706e-01 -5.732642e-01
   outer loop
     vertex  1.200000e+01 -1.622858e+00  1.168311e+02
     vertex -1.200000e+01 -1.654315e+00  1.168761e+02
     vertex -1.200000e+01 -1.622858e+00  1.168311e+02
   endloop
 endfacet
 facet normal -7.078775e-20 -8.193706e-01 -5.732642e-01
   outer loop
     vertex  1.200000e+01 -1.622858e+00  1.168311e+02
     vertex  1.200000e+01 -1.654315e+00  1.168761e+02
     vertex -1.200000e+01 -1.654315e+00  1.168761e+02
   endloop
 endfacet
 facet normal -0.000000e+00 -8.033352e-01 -5.955271e-01
   outer loop
     vertex  1.200000e+01 -1.590180e+00  1.167870e+02
     vertex -1.200000e+01 -1.622858e+00  1.168311e+02
     vertex -1.200000e+01 -1.590180e+00  1.167870e+02
   endloop
 endfacet
 facet normal -0.000000e+00 -7.866951e-01 -6.173417e-01
   outer loop
     vertex  1.200000e+01 -1.590180e+00  1.167870e+02
     vertex -1.200000e+01 -1.590180e+00  1.167870e+02
     vertex -1.200000e+01 -1.556304e+00  1.167438e+02
   endloop
 endfacet
 facet normal -2.237800e-20 -8.033352e-01 -5.955271e-01
   outer loop
     vertex  1.200000e+01 -1.590180e+00  1.167870e+02
     vertex  1.200000e+01 -1.622858e+00  1.168311e+02
     vertex -1.200000e+01 -1.622858e+00  1.168311e+02
   endloop
 endfacet
 facet normal -0.000000e+00 -7.866951e-01 -6.173417e-01
   outer loop
     vertex  1.200000e+01 -1.556304e+00  1.167438e+02
     vertex  1.200000e+01 -1.590180e+00  1.167870e+02
     vertex -1.200000e+01 -1.556304e+00  1.167438e+02
   endloop
 endfacet
 facet normal -0.000000e+00 -7.694628e-01 -6.386916e-01
   outer loop
     vertex  1.200000e+01 -1.521257e+00  1.167016e+02
     vertex -1.200000e+01 -1.556304e+00  1.167438e+02
     vertex -1.200000e+01 -1.521257e+00  1.167016e+02
   endloop
 endfacet
 facet normal  2.521902e-20 -7.694628e-01 -6.386916e-01
   outer loop
     vertex  1.200000e+01 -1.521257e+00  1.167016e+02
     vertex  1.200000e+01 -1.556304e+00  1.167438e+02
     vertex -1.200000e+01 -1.556304e+00  1.167438e+02
   endloop
 endfacet
 facet normal -0.000000e+00 -7.516513e-01 -6.595607e-01
   outer loop
     vertex  1.200000e+01 -1.485065e+00  1.166604e+02
     vertex -1.200000e+01 -1.521257e+00  1.167016e+02
     vertex -1.200000e+01 -1.485065e+00  1.166604e+02
   endloop
 endfacet
 facet normal -7.211900e-20 -7.516513e-01 -6.595607e-01
   outer loop
     vertex  1.200000e+01 -1.485065e+00  1.166604e+02
     vertex  1.200000e+01 -1.521257e+00  1.167016e+02
     vertex -1.200000e+01 -1.521257e+00  1.167016e+02
   endloop
 endfacet
 facet normal -0.000000e+00 -7.332740e-01 -6.799333e-01
   outer loop
     vertex  1.200000e+01 -1.447755e+00  1.166201e+02
     vertex -1.200000e+01 -1.485065e+00  1.166604e+02
     vertex -1.200000e+01 -1.447755e+00  1.166201e+02
   endloop
 endfacet
 facet normal -0.000000e+00 -7.143447e-01 -6.997940e-01
   outer loop
     vertex  1.200000e+01 -1.447755e+00  1.166201e+02
     vertex -1.200000e+01 -1.447755e+00  1.166201e+02
     vertex -1.200000e+01 -1.409355e+00  1.165809e+02
   endloop
 endfacet
 facet normal -6.614709e-20 -7.332740e-01 -6.799333e-01
   outer loop
     vertex  1.200000e+01 -1.447755e+00  1.166201e+02
     vertex  1.200000e+01 -1.485065e+00  1.166604e+02
     vertex -1.200000e+01 -1.485065e+00  1.166604e+02
   endloop
 endfacet
 facet normal -0.000000e+00 -7.143447e-01 -6.997940e-01
   outer loop
     vertex  1.200000e+01 -1.409355e+00  1.165809e+02
     vertex  1.200000e+01 -1.447755e+00  1.166201e+02
     vertex -1.200000e+01 -1.409355e+00  1.165809e+02
   endloop
 endfacet
 facet normal  7.748735e-20 -6.948776e-01 -7.191280e-01
   outer loop
     vertex  1.200000e+01 -1.369894e+00  1.165428e+02
     vertex  1.200000e+01 -1.409355e+00  1.165809e+02
     vertex -1.200000e+01 -1.409355e+00  1.165809e+02
   endloop
 endfacet
 facet normal -0.000000e+00 -6.948776e-01 -7.191280e-01
   outer loop
     vertex  1.200000e+01 -1.369894e+00  1.165428e+02
     vertex -1.200000e+01 -1.409355e+00  1.165809e+02
     vertex -1.200000e+01 -1.369894e+00  1.165428e+02
   endloop
 endfacet
 facet normal -1.784423e-20 -6.748875e-01 -7.379206e-01
   outer loop
     vertex  1.200000e+01 -1.329402e+00  1.165058e+02
     vertex  1.200000e+01 -1.369894e+00  1.165428e+02
     vertex -1.200000e+01 -1.369894e+00  1.165428e+02
   endloop
 endfacet
 facet normal -0.000000e+00 -6.748875e-01 -7.379206e-01
   outer loop
     vertex  1.200000e+01 -1.329402e+00  1.165058e+02
     vertex -1.200000e+01 -1.369894e+00  1.165428e+02
     vertex -1.200000e+01 -1.329402e+00  1.165058e+02
   endloop
 endfacet
 facet normal  7.706218e-20 -6.543893e-01 -7.561578e-01
   outer loop
     vertex  1.200000e+01 -1.287909e+00  1.164699e+02
     vertex  1.200000e+01 -1.329402e+00  1.165058e+02
     vertex -1.200000e+01 -1.329402e+00  1.165058e+02
   endloop
 endfacet
 facet normal -0.000000e+00 -6.543893e-01 -7.561578e-01
   outer loop
     vertex  1.200000e+01 -1.287909e+00  1.164699e+02
     vertex -1.200000e+01 -1.329402e+00  1.165058e+02
     vertex -1.200000e+01 -1.287909e+00  1.164699e+02
   endloop
 endfacet
 facet normal -0.000000e+00 -6.333986e-01 -7.738257e-01
   outer loop
     vertex  1.200000e+01 -1.287909e+00  1.164699e+02
     vertex -1.200000e+01 -1.287909e+00  1.164699e+02
     vertex -1.200000e+01 -1.245447e+00  1.164351e+02
   endloop
 endfacet
 facet normal -0.000000e+00 -6.333986e-01 -7.738257e-01
   outer loop
     vertex  1.200000e+01 -1.245447e+00  1.164351e+02
     vertex  1.200000e+01 -1.287909e+00  1.164699e+02
     vertex -1.200000e+01 -1.245447e+00  1.164351e+02
   endloop
 endfacet
 facet normal -6.446605e-20 -6.119310e-01 -7.909112e-01
   outer loop
     vertex  1.200000e+01 -1.202047e+00  1.164015e+02
     vertex  1.200000e+01 -1.245447e+00  1.164351e+02
     vertex -1.200000e+01 -1.245447e+00  1.164351e+02
   endloop
 endfacet
 facet normal -0.000000e+00 -6.119310e-01 -7.909112e-01
   outer loop
     vertex  1.200000e+01 -1.202047e+00  1.164015e+02
     vertex -1.200000e+01 -1.245447e+00  1.164351e+02
     vertex -1.200000e+01 -1.202047e+00  1.164015e+02
   endloop
 endfacet
 facet normal -0.000000e+00 -5.900028e-01 -8.074012e-01
   outer loop
     vertex  1.200000e+01 -1.157742e+00  1.163692e+02
     vertex -1.200000e+01 -1.202047e+00  1.164015e+02
     vertex -1.200000e+01 -1.157742e+00  1.163692e+02
   endloop
 endfacet
 facet normal -0.000000e+00 -5.676304e-01 -8.232835e-01
   outer loop
     vertex  1.200000e+01 -1.157742e+00  1.163692e+02
     vertex -1.200000e+01 -1.157742e+00  1.163692e+02
     vertex -1.200000e+01 -1.112566e+00  1.163380e+02
   endloop
 endfacet
 facet normal  7.413024e-20 -5.900028e-01 -8.074012e-01
   outer loop
     vertex  1.200000e+01 -1.157742e+00  1.163692e+02
     vertex  1.200000e+01 -1.202047e+00  1.164015e+02
     vertex -1.200000e+01 -1.202047e+00  1.164015e+02
   endloop
 endfacet
 facet normal -0.000000e+00 -5.448308e-01 -8.385460e-01
   outer loop
     vertex  1.200000e+01 -1.112566e+00  1.163380e+02
     vertex -1.200000e+01 -1.112566e+00  1.163380e+02
     vertex -1.200000e+01 -1.066552e+00  1.163081e+02
   endloop
 endfacet
 facet normal -0.000000e+00 -5.676304e-01 -8.232835e-01
   outer loop
     vertex  1.200000e+01 -1.112566e+00  1.163380e+02
     vertex  1.200000e+01 -1.157742e+00  1.163692e+02
     vertex -1.200000e+01 -1.112566e+00  1.163380e+02
   endloop
 endfacet
 facet normal -0.000000e+00 -5.216210e-01 -8.531773e-01
   outer loop
     vertex  1.200000e+01 -1.066552e+00  1.163081e+02
     vertex -1.200000e+01 -1.066552e+00  1.163081e+02
     vertex -1.200000e+01 -1.019736e+00  1.162795e+02
   endloop
 endfacet
 facet normal -0.000000e+00 -5.448308e-01 -8.385460e-01
   outer loop
     vertex  1.200000e+01 -1.066552e+00  1.163081e+02
     vertex  1.200000e+01 -1.112566e+00  1.163380e+02
     vertex -1.200000e+01 -1.066552e+00  1.163081e+02
   endloop
 endfacet
 facet normal -0.000000e+00 -4.980186e-01 -8.671664e-01
   outer loop
     vertex  1.200000e+01 -1.019736e+00  1.162795e+02
     vertex -1.200000e+01 -1.019736e+00  1.162795e+02
     vertex -1.200000e+01 -9.721513e-01  1.162522e+02
   endloop
 endfacet
 facet normal -0.000000e+00 -5.216210e-01 -8.531773e-01
   outer loop
     vertex  1.200000e+01 -1.019736e+00  1.162795e+02
     vertex  1.200000e+01 -1.066552e+00  1.163081e+02
     vertex -1.200000e+01 -1.019736e+00  1.162795e+02
   endloop
 endfacet
 facet normal -0.000000e+00 -4.980186e-01 -8.671664e-01
   outer loop
     vertex  1.200000e+01 -9.721513e-01  1.162522e+02
     vertex  1.200000e+01 -1.019736e+00  1.162795e+02
     vertex -1.200000e+01 -9.721513e-01  1.162522e+02
   endloop
 endfacet
 facet normal -0.000000e+00 -4.740412e-01 -8.805026e-01
   outer loop
     vertex  1.200000e+01 -9.238352e-01  1.162262e+02
     vertex -1.200000e+01 -9.721513e-01  1.162522e+02
     vertex -1.200000e+01 -9.238352e-01  1.162262e+02
   endloop
 endfacet
 facet normal -5.166549e-21 -4.740412e-01 -8.805026e-01
   outer loop
     vertex  1.200000e+01 -9.238352e-01  1.162262e+02
     vertex  1.200000e+01 -9.721513e-01  1.162522e+02
     vertex -1.200000e+01 -9.721513e-01  1.162522e+02
   endloop
 endfacet
 facet normal -0.000000e+00 -4.497071e-01 -8.931761e-01
   outer loop
     vertex  1.200000e+01 -8.748237e-01  1.162015e+02
     vertex -1.200000e+01 -9.238352e-01  1.162262e+02
     vertex -1.200000e+01 -8.748237e-01  1.162015e+02
   endloop
 endfacet
 facet normal -0.000000e+00 -4.250344e-01 -9.051772e-01
   outer loop
     vertex  1.200000e+01 -8.748237e-01  1.162015e+02
     vertex -1.200000e+01 -8.748237e-01  1.162015e+02
     vertex -1.200000e+01 -8.251537e-01  1.161782e+02
   endloop
 endfacet
 facet normal  7.329822e-20 -4.497071e-01 -8.931761e-01
   outer loop
     vertex  1.200000e+01 -8.748237e-01  1.162015e+02
     vertex  1.200000e+01 -9.238352e-01  1.162262e+02
     vertex -1.200000e+01 -9.238352e-01  1.162262e+02
   endloop
 endfacet
 facet normal -0.000000e+00 -4.000417e-01 -9.164969e-01
   outer loop
     vertex  1.200000e+01 -8.251537e-01  1.161782e+02
     vertex -1.200000e+01 -8.251537e-01  1.161782e+02
     vertex -1.200000e+01 -7.748625e-01  1.161562e+02
   endloop
 endfacet
 facet normal -0.000000e+00 -4.250344e-01 -9.051772e-01
   outer loop
     vertex  1.200000e+01 -8.251537e-01  1.161782e+02
     vertex  1.200000e+01 -8.748237e-01  1.162015e+02
     vertex -1.200000e+01 -8.251537e-01  1.161782e+02
   endloop
 endfacet
 facet normal -0.000000e+00 -4.000417e-01 -9.164969e-01
   outer loop
     vertex  1.200000e+01 -7.748625e-01  1.161562e+02
     vertex  1.200000e+01 -8.251537e-01  1.161782e+02
     vertex -1.200000e+01 -7.748625e-01  1.161562e+02
   endloop
 endfacet
 facet normal -0.000000e+00 -3.747479e-01 -9.271267e-01
   outer loop
     vertex  1.200000e+01 -7.239881e-01  1.161356e+02
     vertex -1.200000e+01 -7.748625e-01  1.161562e+02
     vertex -1.200000e+01 -7.239881e-01  1.161356e+02
   endloop
 endfacet
 facet normal -0.000000e+00 -3.491720e-01 -9.370586e-01
   outer loop
     vertex  1.200000e+01 -7.239881e-01  1.161356e+02
     vertex -1.200000e+01 -7.239881e-01  1.161356e+02
     vertex -1.200000e+01 -6.725686e-01  1.161165e+02
   endloop
 endfacet
 facet normal -5.747382e-20 -3.747479e-01 -9.271267e-01
   outer loop
     vertex  1.200000e+01 -7.239881e-01  1.161356e+02
     vertex  1.200000e+01 -7.748625e-01  1.161562e+02
     vertex -1.200000e+01 -7.748625e-01  1.161562e+02
   endloop
 endfacet
 facet normal -0.000000e+00 -3.491720e-01 -9.370586e-01
   outer loop
     vertex  1.200000e+01 -6.725686e-01  1.161165e+02
     vertex  1.200000e+01 -7.239881e-01  1.161356e+02
     vertex -1.200000e+01 -6.725686e-01  1.161165e+02
   endloop
 endfacet
 facet normal -0.000000e+00 -3.233333e-01 -9.462851e-01
   outer loop
     vertex  1.200000e+01 -6.206429e-01  1.160987e+02
     vertex -1.200000e+01 -6.725686e-01  1.161165e+02
     vertex -1.200000e+01 -6.206429e-01  1.160987e+02
   endloop
 endfacet
 facet normal -2.400381e-20 -3.233333e-01 -9.462851e-01
   outer loop
     vertex  1.200000e+01 -6.206429e-01  1.160987e+02
     vertex  1.200000e+01 -6.725686e-01  1.161165e+02
     vertex -1.200000e+01 -6.725686e-01  1.161165e+02
   endloop
 endfacet
 facet normal -0.000000e+00 -2.972512e-01 -9.547993e-01
   outer loop
     vertex  1.200000e+01 -5.682499e-01  1.160824e+02
     vertex -1.200000e+01 -6.206429e-01  1.160987e+02
     vertex -1.200000e+01 -5.682499e-01  1.160824e+02
   endloop
 endfacet
 facet normal  9.925494e-21 -2.972512e-01 -9.547993e-01
   outer loop
     vertex  1.200000e+01 -5.682499e-01  1.160824e+02
     vertex  1.200000e+01 -6.206429e-01  1.160987e+02
     vertex -1.200000e+01 -6.206429e-01  1.160987e+02
   endloop
 endfacet
 facet normal -0.000000e+00 -2.709453e-01 -9.625948e-01
   outer loop
     vertex  1.200000e+01 -5.154292e-01  1.160676e+02
     vertex -1.200000e+01 -5.682499e-01  1.160824e+02
     vertex -1.200000e+01 -5.154292e-01  1.160676e+02
   endloop
 endfacet
 facet normal  7.259203e-21 -2.709453e-01 -9.625948e-01
   outer loop
     vertex  1.200000e+01 -5.154292e-01  1.160676e+02
     vertex  1.200000e+01 -5.682499e-01  1.160824e+02
     vertex -1.200000e+01 -5.682499e-01  1.160824e+02
   endloop
 endfacet
 facet normal -0.000000e+00 -2.444354e-01 -9.696656e-01
   outer loop
     vertex  1.200000e+01 -4.622205e-01  1.160541e+02
     vertex -1.200000e+01 -5.154292e-01  1.160676e+02
     vertex -1.200000e+01 -4.622205e-01  1.160541e+02
   endloop
 endfacet
 facet normal -3.251280e-20 -2.444354e-01 -9.696656e-01
   outer loop
     vertex  1.200000e+01 -4.622205e-01  1.160541e+02
     vertex  1.200000e+01 -5.154292e-01  1.160676e+02
     vertex -1.200000e+01 -5.154292e-01  1.160676e+02
   endloop
 endfacet
 facet normal -0.000000e+00 -2.177416e-01 -9.760065e-01
   outer loop
     vertex  1.200000e+01 -4.086638e-01  1.160422e+02
     vertex -1.200000e+01 -4.622205e-01  1.160541e+02
     vertex -1.200000e+01 -4.086638e-01  1.160422e+02
   endloop
 endfacet
 facet normal -1.760335e-20 -2.177416e-01 -9.760065e-01
   outer loop
     vertex  1.200000e+01 -4.086638e-01  1.160422e+02
     vertex  1.200000e+01 -4.622205e-01  1.160541e+02
     vertex -1.200000e+01 -4.622205e-01  1.160541e+02
   endloop
 endfacet
 facet normal -0.000000e+00 -1.908838e-01 -9.816126e-01
   outer loop
     vertex  1.200000e+01 -3.547996e-01  1.160317e+02
     vertex -1.200000e+01 -4.086638e-01  1.160422e+02
     vertex -1.200000e+01 -3.547996e-01  1.160317e+02
   endloop
 endfacet
 facet normal -1.157047e-21 -1.908838e-01 -9.816126e-01
   outer loop
     vertex  1.200000e+01 -3.547996e-01  1.160317e+02
     vertex  1.200000e+01 -4.086638e-01  1.160422e+02
     vertex -1.200000e+01 -4.086638e-01  1.160422e+02
   endloop
 endfacet
 facet normal -0.000000e+00 -1.638824e-01 -9.864799e-01
   outer loop
     vertex  1.200000e+01 -3.006682e-01  1.160227e+02
     vertex -1.200000e+01 -3.547996e-01  1.160317e+02
     vertex -1.200000e+01 -3.006682e-01  1.160227e+02
   endloop
 endfacet
 facet normal -0.000000e+00 -1.367575e-01 -9.906046e-01
   outer loop
     vertex  1.200000e+01 -3.006682e-01  1.160227e+02
     vertex -1.200000e+01 -3.006682e-01  1.160227e+02
     vertex -1.200000e+01 -2.463105e-01  1.160152e+02
   endloop
 endfacet
 facet normal  5.377448e-21 -1.638824e-01 -9.864799e-01
   outer loop
     vertex  1.200000e+01 -3.006682e-01  1.160227e+02
     vertex  1.200000e+01 -3.547996e-01  1.160317e+02
     vertex -1.200000e+01 -3.547996e-01  1.160317e+02
   endloop
 endfacet
 facet normal -0.000000e+00 -1.367575e-01 -9.906046e-01
   outer loop
     vertex  1.200000e+01 -2.463105e-01  1.160152e+02
     vertex  1.200000e+01 -3.006682e-01  1.160227e+02
     vertex -1.200000e+01 -2.463105e-01  1.160152e+02
   endloop
 endfacet
 facet normal  6.057316e-21 -1.095298e-01 -9.939835e-01
   outer loop
     vertex  1.200000e+01 -1.917674e-01  1.160092e+02
     vertex  1.200000e+01 -2.463105e-01  1.160152e+02
     vertex -1.200000e+01 -2.463105e-01  1.160152e+02
   endloop
 endfacet
 facet normal -0.000000e+00 -1.095298e-01 -9.939835e-01
   outer loop
     vertex  1.200000e+01 -1.917674e-01  1.160092e+02
     vertex -1.200000e+01 -2.463105e-01  1.160152e+02
     vertex -1.200000e+01 -1.917674e-01  1.160092e+02
   endloop
 endfacet
 facet normal -0.000000e+00 -8.221955e-02 -9.966142e-01
   outer loop
     vertex  1.200000e+01 -1.917674e-01  1.160092e+02
     vertex -1.200000e+01 -1.917674e-01  1.160092e+02
     vertex -1.200000e+01 -1.370799e-01  1.160047e+02
   endloop
 endfacet
 facet normal -0.000000e+00 -8.221955e-02 -9.966142e-01
   outer loop
     vertex  1.200000e+01 -1.370799e-01  1.160047e+02
     vertex  1.200000e+01 -1.917674e-01  1.160092e+02
     vertex -1.200000e+01 -1.370799e-01  1.160047e+02
   endloop
 endfacet
 facet normal -0.000000e+00 -5.484744e-02 -9.984947e-01
   outer loop
     vertex  1.200000e+01 -1.370799e-01  1.160047e+02
     vertex -1.200000e+01 -1.370799e-01  1.160047e+02
     vertex -1.200000e+01 -8.228924e-02  1.160017e+02
   endloop
 endfacet
 facet normal -0.000000e+00 -5.484744e-02 -9.984947e-01
   outer loop
     vertex  1.200000e+01 -8.228924e-02  1.160017e+02
     vertex  1.200000e+01 -1.370799e-01  1.160047e+02
     vertex -1.200000e+01 -8.228924e-02  1.160017e+02
   endloop
 endfacet
 facet normal -1.065967e-21 -2.743405e-02 -9.996236e-01
   outer loop
     vertex  1.200000e+01 -2.743663e-02  1.160002e+02
     vertex  1.200000e+01 -8.228924e-02  1.160017e+02
     vertex -1.200000e+01 -8.228924e-02  1.160017e+02
   endloop
 endfacet
 facet normal -0.000000e+00 -2.743405e-02 -9.996236e-01
   outer loop
     vertex  1.200000e+01 -2.743663e-02  1.160002e+02
     vertex -1.200000e+01 -8.228924e-02  1.160017e+02
     vertex -1.200000e+01 -2.743663e-02  1.160002e+02
   endloop
 endfacet
 facet normal  0.000000e+00 -0.000000e+00 -1.000000e+00
   outer loop
     vertex  1.200000e+01  2.743663e-02  1.160002e+02
     vertex  1.200000e+01 -2.743663e-02  1.160002e+02
     vertex -1.200000e+01 -2.743663e-02  1.160002e+02
   endloop
 endfacet
 facet normal -0.000000e+00  0.000000e+00 -1.000000e+00
   outer loop
     vertex  1.200000e+01  2.743663e-02  1.160002e+02
     vertex -1.200000e+01 -2.743663e-02  1.160002e+02
     vertex -1.200000e+01  2.743663e-02  1.160002e+02
   endloop
 endfacet
 facet normal  1.065967e-21  2.743405e-02 -9.996236e-01
   outer loop
     vertex  1.200000e+01  8.228924e-02  1.160017e+02
     vertex  1.200000e+01  2.743663e-02  1.160002e+02
     vertex -1.200000e+01  2.743663e-02  1.160002e+02
   endloop
 endfacet
 facet normal  0.000000e+00  2.743405e-02 -9.996236e-01
   outer loop
     vertex  1.200000e+01  8.228924e-02  1.160017e+02
     vertex -1.200000e+01  2.743663e-02  1.160002e+02
     vertex -1.200000e+01  8.228924e-02  1.160017e+02
   endloop
 endfacet
 facet normal  8.822655e-21  5.484744e-02 -9.984947e-01
   outer loop
     vertex  1.200000e+01  1.370799e-01  1.160047e+02
     vertex  1.200000e+01  8.228924e-02  1.160017e+02
     vertex -1.200000e+01  8.228924e-02  1.160017e+02
   endloop
 endfacet
 facet normal  0.000000e+00  5.484744e-02 -9.984947e-01
   outer loop
     vertex  1.200000e+01  1.370799e-01  1.160047e+02
     vertex -1.200000e+01  8.228924e-02  1.160017e+02
     vertex -1.200000e+01  1.370799e-01  1.160047e+02
   endloop
 endfacet
 facet normal  1.284058e-20  8.221955e-02 -9.966142e-01
   outer loop
     vertex  1.200000e+01  1.917674e-01  1.160092e+02
     vertex  1.200000e+01  1.370799e-01  1.160047e+02
     vertex -1.200000e+01  1.370799e-01  1.160047e+02
   endloop
 endfacet
 facet normal  0.000000e+00  8.221955e-02 -9.966142e-01
   outer loop
     vertex  1.200000e+01  1.917674e-01  1.160092e+02
     vertex -1.200000e+01  1.370799e-01  1.160047e+02
     vertex -1.200000e+01  1.917674e-01  1.160092e+02
   endloop
 endfacet
 facet normal -1.241709e-20  1.095298e-01 -9.939835e-01
   outer loop
     vertex  1.200000e+01  2.463105e-01  1.160152e+02
     vertex  1.200000e+01  1.917674e-01  1.160092e+02
     vertex -1.200000e+01  1.917674e-01  1.160092e+02
   endloop
 endfacet
 facet normal  0.000000e+00  1.095298e-01 -9.939835e-01
   outer loop
     vertex  1.200000e+01  2.463105e-01  1.160152e+02
     vertex -1.200000e+01  1.917674e-01  1.160092e+02
     vertex -1.200000e+01  2.463105e-01  1.160152e+02
   endloop
 endfacet
 facet normal -1.898220e-20  1.367575e-01 -9.906046e-01
   outer loop
     vertex  1.200000e+01  3.006682e-01  1.160227e+02
     vertex  1.200000e+01  2.463105e-01  1.160152e+02
     vertex -1.200000e+01  2.463105e-01  1.160152e+02
   endloop
 endfacet
 facet normal  0.000000e+00  1.367575e-01 -9.906046e-01
   outer loop
     vertex  1.200000e+01  3.006682e-01  1.160227e+02
     vertex -1.200000e+01  2.463105e-01  1.160152e+02
     vertex -1.200000e+01  3.006682e-01  1.160227e+02
   endloop
 endfacet
 facet normal -1.396347e-20  1.638824e-01 -9.864799e-01
   outer loop
     vertex  1.200000e+01  3.547996e-01  1.160317e+02
     vertex  1.200000e+01  3.006682e-01  1.160227e+02
     vertex -1.200000e+01  3.006682e-01  1.160227e+02
   endloop
 endfacet
 facet normal  0.000000e+00  1.638824e-01 -9.864799e-01
   outer loop
     vertex  1.200000e+01  3.547996e-01  1.160317e+02
     vertex -1.200000e+01  3.006682e-01  1.160227e+02
     vertex -1.200000e+01  3.547996e-01  1.160317e+02
   endloop
 endfacet
 facet normal  2.373067e-20  1.908838e-01 -9.816126e-01
   outer loop
     vertex  1.200000e+01  4.086638e-01  1.160422e+02
     vertex  1.200000e+01  3.547996e-01  1.160317e+02
     vertex -1.200000e+01  3.547996e-01  1.160317e+02
   endloop
 endfacet
 facet normal  0.000000e+00  1.908838e-01 -9.816126e-01
   outer loop
     vertex  1.200000e+01  4.086638e-01  1.160422e+02
     vertex -1.200000e+01  3.547996e-01  1.160317e+02
     vertex -1.200000e+01  4.086638e-01  1.160422e+02
   endloop
 endfacet
 facet normal  0.000000e+00  2.177416e-01 -9.760065e-01
   outer loop
     vertex  1.200000e+01  4.622205e-01  1.160541e+02
     vertex -1.200000e+01  4.086638e-01  1.160422e+02
     vertex -1.200000e+01  4.622205e-01  1.160541e+02
   endloop
 endfacet
 facet normal -1.738903e-21  2.177416e-01 -9.760065e-01
   outer loop
     vertex  1.200000e+01  4.622205e-01  1.160541e+02
     vertex  1.200000e+01  4.086638e-01  1.160422e+02
     vertex -1.200000e+01  4.086638e-01  1.160422e+02
   endloop
 endfacet
 facet normal  0.000000e+00  2.444354e-01 -9.696656e-01
   outer loop
     vertex  1.200000e+01  4.622205e-01  1.160541e+02
     vertex -1.200000e+01  4.622205e-01  1.160541e+02
     vertex -1.200000e+01  5.154292e-01  1.160676e+02
   endloop
 endfacet
 facet normal  0.000000e+00  2.709453e-01 -9.625948e-01
   outer loop
     vertex  1.200000e+01  5.154292e-01  1.160676e+02
     vertex -1.200000e+01  5.154292e-01  1.160676e+02
     vertex -1.200000e+01  5.682499e-01  1.160824e+02
   endloop
 endfacet
 facet normal  0.000000e+00  2.444354e-01 -9.696656e-01
   outer loop
     vertex  1.200000e+01  5.154292e-01  1.160676e+02
     vertex  1.200000e+01  4.622205e-01  1.160541e+02
     vertex -1.200000e+01  5.154292e-01  1.160676e+02
   endloop
 endfacet
 facet normal  0.000000e+00  2.709453e-01 -9.625948e-01
   outer loop
     vertex  1.200000e+01  5.682499e-01  1.160824e+02
     vertex  1.200000e+01  5.154292e-01  1.160676e+02
     vertex -1.200000e+01  5.682499e-01  1.160824e+02
   endloop
 endfacet
 facet normal  0.000000e+00  2.972512e-01 -9.547993e-01
   outer loop
     vertex  1.200000e+01  6.206429e-01  1.160987e+02
     vertex -1.200000e+01  5.682499e-01  1.160824e+02
     vertex -1.200000e+01  6.206429e-01  1.160987e+02
   endloop
 endfacet
 facet normal -2.279657e-20  2.972512e-01 -9.547993e-01
   outer loop
     vertex  1.200000e+01  6.206429e-01  1.160987e+02
     vertex  1.200000e+01  5.682499e-01  1.160824e+02
     vertex -1.200000e+01  5.682499e-01  1.160824e+02
   endloop
 endfacet
 facet normal  0.000000e+00  3.233333e-01 -9.462851e-01
   outer loop
     vertex  1.200000e+01  6.725686e-01  1.161165e+02
     vertex -1.200000e+01  6.206429e-01  1.160987e+02
     vertex -1.200000e+01  6.725686e-01  1.161165e+02
   endloop
 endfacet
 facet normal  0.000000e+00  3.491720e-01 -9.370586e-01
   outer loop
     vertex  1.200000e+01  6.725686e-01  1.161165e+02
     vertex -1.200000e+01  6.725686e-01  1.161165e+02
     vertex -1.200000e+01  7.239881e-01  1.161356e+02
   endloop
 endfacet
 facet normal  1.015914e-20  3.233333e-01 -9.462851e-01
   outer loop
     vertex  1.200000e+01  6.725686e-01  1.161165e+02
     vertex  1.200000e+01  6.206429e-01  1.160987e+02
     vertex -1.200000e+01  6.206429e-01  1.160987e+02
   endloop
 endfacet
 facet normal  0.000000e+00  3.491720e-01 -9.370586e-01
   outer loop
     vertex  1.200000e+01  7.239881e-01  1.161356e+02
     vertex  1.200000e+01  6.725686e-01  1.161165e+02
     vertex -1.200000e+01  7.239881e-01  1.161356e+02
   endloop
 endfacet
 facet normal  0.000000e+00  3.747479e-01 -9.271267e-01
   outer loop
     vertex  1.200000e+01  7.748625e-01  1.161562e+02
     vertex -1.200000e+01  7.239881e-01  1.161356e+02
     vertex -1.200000e+01  7.748625e-01  1.161562e+02
   endloop
 endfacet
 facet normal  4.806108e-20  3.747479e-01 -9.271267e-01
   outer loop
     vertex  1.200000e+01  7.748625e-01  1.161562e+02
     vertex  1.200000e+01  7.239881e-01  1.161356e+02
     vertex -1.200000e+01  7.239881e-01  1.161356e+02
   endloop
 endfacet
 facet normal  0.000000e+00  4.000417e-01 -9.164969e-01
   outer loop
     vertex  1.200000e+01  8.251537e-01  1.161782e+02
     vertex -1.200000e+01  7.748625e-01  1.161562e+02
     vertex -1.200000e+01  8.251537e-01  1.161782e+02
   endloop
 endfacet
 facet normal -7.743830e-20  4.000417e-01 -9.164969e-01
   outer loop
     vertex  1.200000e+01  8.251537e-01  1.161782e+02
     vertex  1.200000e+01  7.748625e-01  1.161562e+02
     vertex -1.200000e+01  7.748625e-01  1.161562e+02
   endloop
 endfacet
 facet normal  0.000000e+00  4.250344e-01 -9.051772e-01
   outer loop
     vertex  1.200000e+01  8.748237e-01  1.162015e+02
     vertex -1.200000e+01  8.251537e-01  1.161782e+02
     vertex -1.200000e+01  8.748237e-01  1.162015e+02
   endloop
 endfacet
 facet normal  0.000000e+00  4.497071e-01 -8.931761e-01
   outer loop
     vertex  1.200000e+01  8.748237e-01  1.162015e+02
     vertex -1.200000e+01  8.748237e-01  1.162015e+02
     vertex -1.200000e+01  9.238352e-01  1.162262e+02
   endloop
 endfacet
 facet normal -6.284275e-20  4.250344e-01 -9.051772e-01
   outer loop
     vertex  1.200000e+01  8.748237e-01  1.162015e+02
     vertex  1.200000e+01  8.251537e-01  1.161782e+02
     vertex -1.200000e+01  8.251537e-01  1.161782e+02
   endloop
 endfacet
 facet normal  0.000000e+00  4.497071e-01 -8.931761e-01
   outer loop
     vertex  1.200000e+01  9.238352e-01  1.162262e+02
     vertex  1.200000e+01  8.748237e-01  1.162015e+02
     vertex -1.200000e+01  9.238352e-01  1.162262e+02
   endloop
 endfacet
 facet normal  0.000000e+00  4.740412e-01 -8.805026e-01
   outer loop
     vertex  1.200000e+01  9.721513e-01  1.162522e+02
     vertex -1.200000e+01  9.238352e-01  1.162262e+02
     vertex -1.200000e+01  9.721513e-01  1.162522e+02
   endloop
 endfacet
 facet normal -4.723247e-20  4.740412e-01 -8.805026e-01
   outer loop
     vertex  1.200000e+01  9.721513e-01  1.162522e+02
     vertex  1.200000e+01  9.238352e-01  1.162262e+02
     vertex -1.200000e+01  9.238352e-01  1.162262e+02
   endloop
 endfacet
 facet normal  0.000000e+00  4.980186e-01 -8.671664e-01
   outer loop
     vertex  1.200000e+01  1.019736e+00  1.162795e+02
     vertex -1.200000e+01  9.721513e-01  1.162522e+02
     vertex -1.200000e+01  1.019736e+00  1.162795e+02
   endloop
 endfacet
 facet normal -6.707121e-21  4.980186e-01 -8.671664e-01
   outer loop
     vertex  1.200000e+01  1.019736e+00  1.162795e+02
     vertex  1.200000e+01  9.721513e-01  1.162522e+02
     vertex -1.200000e+01  9.721513e-01  1.162522e+02
   endloop
 endfacet
 facet normal  0.000000e+00  5.216210e-01 -8.531773e-01
   outer loop
     vertex  1.200000e+01  1.066552e+00  1.163081e+02
     vertex -1.200000e+01  1.019736e+00  1.162795e+02
     vertex -1.200000e+01  1.066552e+00  1.163081e+02
   endloop
 endfacet
 facet normal -2.767341e-20  5.216210e-01 -8.531773e-01
   outer loop
     vertex  1.200000e+01  1.066552e+00  1.163081e+02
     vertex  1.200000e+01  1.019736e+00  1.162795e+02
     vertex -1.200000e+01  1.019736e+00  1.162795e+02
   endloop
 endfacet
 facet normal  0.000000e+00  5.448308e-01 -8.385460e-01
   outer loop
     vertex  1.200000e+01  1.112566e+00  1.163380e+02
     vertex -1.200000e+01  1.066552e+00  1.163081e+02
     vertex -1.200000e+01  1.112566e+00  1.163380e+02
   endloop
 endfacet
 facet normal  7.300151e-20  5.448308e-01 -8.385460e-01
   outer loop
     vertex  1.200000e+01  1.112566e+00  1.163380e+02
     vertex  1.200000e+01  1.066552e+00  1.163081e+02
     vertex -1.200000e+01  1.066552e+00  1.163081e+02
   endloop
 endfacet
 facet normal  8.130402e-20  5.676304e-01 -8.232835e-01
   outer loop
     vertex  1.200000e+01  1.157742e+00  1.163692e+02
     vertex  1.200000e+01  1.112566e+00  1.163380e+02
     vertex -1.200000e+01  1.112566e+00  1.163380e+02
   endloop
 endfacet
 facet normal  0.000000e+00  5.676304e-01 -8.232835e-01
   outer loop
     vertex  1.200000e+01  1.157742e+00  1.163692e+02
     vertex -1.200000e+01  1.112566e+00  1.163380e+02
     vertex -1.200000e+01  1.157742e+00  1.163692e+02
   endloop
 endfacet
 facet normal  0.000000e+00  5.900028e-01 -8.074012e-01
   outer loop
     vertex  1.200000e+01  1.157742e+00  1.163692e+02
     vertex -1.200000e+01  1.157742e+00  1.163692e+02
     vertex -1.200000e+01  1.202047e+00  1.164015e+02
   endloop
 endfacet
 facet normal  0.000000e+00  5.900028e-01 -8.074012e-01
   outer loop
     vertex  1.200000e+01  1.202047e+00  1.164015e+02
     vertex  1.200000e+01  1.157742e+00  1.163692e+02
     vertex -1.200000e+01  1.202047e+00  1.164015e+02
   endloop
 endfacet
 facet normal  1.151285e-21  6.119310e-01 -7.909112e-01
   outer loop
     vertex  1.200000e+01  1.245447e+00  1.164351e+02
     vertex  1.200000e+01  1.202047e+00  1.164015e+02
     vertex -1.200000e+01  1.202047e+00  1.164015e+02
   endloop
 endfacet
 facet normal  0.000000e+00  6.119310e-01 -7.909112e-01
   outer loop
     vertex  1.200000e+01  1.245447e+00  1.164351e+02
     vertex -1.200000e+01  1.202047e+00  1.164015e+02
     vertex -1.200000e+01  1.245447e+00  1.164351e+02
   endloop
 endfacet
 facet normal  0.000000e+00  6.333986e-01 -7.738257e-01
   outer loop
     vertex  1.200000e+01  1.245447e+00  1.164351e+02
     vertex -1.200000e+01  1.245447e+00  1.164351e+02
     vertex -1.200000e+01  1.287909e+00  1.164699e+02
   endloop
 endfacet
 facet normal  0.000000e+00  6.333986e-01 -7.738257e-01
   outer loop
     vertex  1.200000e+01  1.287909e+00  1.164699e+02
     vertex  1.200000e+01  1.245447e+00  1.164351e+02
     vertex -1.200000e+01  1.287909e+00  1.164699e+02
   endloop
 endfacet
 facet normal -1.414044e-21  6.543893e-01 -7.561578e-01
   outer loop
     vertex  1.200000e+01  1.329402e+00  1.165058e+02
     vertex  1.200000e+01  1.287909e+00  1.164699e+02
     vertex -1.200000e+01  1.287909e+00  1.164699e+02
   endloop
 endfacet
 facet normal  0.000000e+00  6.543893e-01 -7.561578e-01
   outer loop
     vertex  1.200000e+01  1.329402e+00  1.165058e+02
     vertex -1.200000e+01  1.287909e+00  1.164699e+02
     vertex -1.200000e+01  1.329402e+00  1.165058e+02
   endloop
 endfacet
 facet normal  3.067463e-20  6.748875e-01 -7.379206e-01
   outer loop
     vertex  1.200000e+01  1.369894e+00  1.165428e+02
     vertex  1.200000e+01  1.329402e+00  1.165058e+02
     vertex -1.200000e+01  1.329402e+00  1.165058e+02
   endloop
 endfacet
 facet normal  0.000000e+00  6.748875e-01 -7.379206e-01
   outer loop
     vertex  1.200000e+01  1.369894e+00  1.165428e+02
     vertex -1.200000e+01  1.329402e+00  1.165058e+02
     vertex -1.200000e+01  1.369894e+00  1.165428e+02
   endloop
 endfacet
 facet normal  0.000000e+00  6.948776e-01 -7.191280e-01
   outer loop
     vertex  1.200000e+01  1.369894e+00  1.165428e+02
     vertex -1.200000e+01  1.369894e+00  1.165428e+02
     vertex -1.200000e+01  1.409355e+00  1.165809e+02
   endloop
 endfacet
 facet normal  0.000000e+00  6.948776e-01 -7.191280e-01
   outer loop
     vertex  1.200000e+01  1.409355e+00  1.165809e+02
     vertex  1.200000e+01  1.369894e+00  1.165428e+02
     vertex -1.200000e+01  1.409355e+00  1.165809e+02
   endloop
 endfacet
 facet normal -3.972471e-20  7.143447e-01 -6.997940e-01
   outer loop
     vertex  1.200000e+01  1.447755e+00  1.166201e+02
     vertex  1.200000e+01  1.409355e+00  1.165809e+02
     vertex -1.200000e+01  1.409355e+00  1.165809e+02
   endloop
 endfacet
 facet normal  0.000000e+00  7.143447e-01 -6.997940e-01
   outer loop
     vertex  1.200000e+01  1.447755e+00  1.166201e+02
     vertex -1.200000e+01  1.409355e+00  1.165809e+02
     vertex -1.200000e+01  1.447755e+00  1.166201e+02
   endloop
 endfacet
 facet normal  6.691789e-21  7.332740e-01 -6.799333e-01
   outer loop
     vertex  1.200000e+01  1.485065e+00  1.166604e+02
     vertex  1.200000e+01  1.447755e+00  1.166201e+02
     vertex -1.200000e+01  1.447755e+00  1.166201e+02
   endloop
 endfacet
 facet normal  0.000000e+00  7.332740e-01 -6.799333e-01
   outer loop
     vertex  1.200000e+01  1.485065e+00  1.166604e+02
     vertex -1.200000e+01  1.447755e+00  1.166201e+02
     vertex -1.200000e+01  1.485065e+00  1.166604e+02
   endloop
 endfacet
 facet normal  2.562626e-20  7.516513e-01 -6.595607e-01
   outer loop
     vertex  1.200000e+01  1.521257e+00  1.167016e+02
     vertex  1.200000e+01  1.485065e+00  1.166604e+02
     vertex -1.200000e+01  1.485065e+00  1.166604e+02
   endloop
 endfacet
 facet normal  0.000000e+00  7.516513e-01 -6.595607e-01
   outer loop
     vertex  1.200000e+01  1.521257e+00  1.167016e+02
     vertex -1.200000e+01  1.485065e+00  1.166604e+02
     vertex -1.200000e+01  1.521257e+00  1.167016e+02
   endloop
 endfacet
 facet normal -7.767624e-20  7.694628e-01 -6.386916e-01
   outer loop
     vertex  1.200000e+01  1.556304e+00  1.167438e+02
     vertex  1.200000e+01  1.521257e+00  1.167016e+02
     vertex -1.200000e+01  1.521257e+00  1.167016e+02
   endloop
 endfacet
 facet normal  0.000000e+00  7.694628e-01 -6.386916e-01
   outer loop
     vertex  1.200000e+01  1.556304e+00  1.167438e+02
     vertex -1.200000e+01  1.521257e+00  1.167016e+02
     vertex -1.200000e+01  1.556304e+00  1.167438e+02
   endloop
 endfacet
 facet normal  7.959710e-20  7.866951e-01 -6.173417e-01
   outer loop
     vertex  1.200000e+01  1.590180e+00  1.167870e+02
     vertex  1.200000e+01  1.556304e+00  1.167438e+02
     vertex -1.200000e+01  1.556304e+00  1.167438e+02
   endloop
 endfacet
 facet normal  0.000000e+00  7.866951e-01 -6.173417e-01
   outer loop
     vertex  1.200000e+01  1.590180e+00  1.167870e+02
     vertex -1.200000e+01  1.556304e+00  1.167438e+02
     vertex -1.200000e+01  1.590180e+00  1.167870e+02
   endloop
 endfacet
 facet normal  7.835087e-20  8.033352e-01 -5.955271e-01
   outer loop
     vertex  1.200000e+01  1.622858e+00  1.168311e+02
     vertex  1.200000e+01  1.590180e+00  1.167870e+02
     vertex -1.200000e+01  1.590180e+00  1.167870e+02
   endloop
 endfacet
 facet normal  0.000000e+00  8.033352e-01 -5.955271e-01
   outer loop
     vertex  1.200000e+01  1.622858e+00  1.168311e+02
     vertex -1.200000e+01  1.590180e+00  1.167870e+02
     vertex -1.200000e+01  1.622858e+00  1.168311e+02
   endloop
 endfacet
 facet normal -2.775909e-20  8.193706e-01 -5.732642e-01
   outer loop
     vertex  1.200000e+01  1.654315e+00  1.168761e+02
     vertex  1.200000e+01  1.622858e+00  1.168311e+02
     vertex -1.200000e+01  1.622858e+00  1.168311e+02
   endloop
 endfacet
 facet normal  0.000000e+00  8.193706e-01 -5.732642e-01
   outer loop
     vertex  1.200000e+01  1.654315e+00  1.168761e+02
     vertex -1.200000e+01  1.622858e+00  1.168311e+02
     vertex -1.200000e+01  1.654315e+00  1.168761e+02
   endloop
 endfacet
 facet normal  8.088938e-20  8.347891e-01 -5.505698e-01
   outer loop
     vertex  1.200000e+01  1.684527e+00  1.169219e+02
     vertex  1.200000e+01  1.654315e+00  1.168761e+02
     vertex -1.200000e+01  1.654315e+00  1.168761e+02
   endloop
 endfacet
 facet normal  0.000000e+00  8.347891e-01 -5.505698e-01
   outer loop
     vertex  1.200000e+01  1.684527e+00  1.169219e+02
     vertex -1.200000e+01  1.654315e+00  1.168761e+02
     vertex -1.200000e+01  1.684527e+00  1.169219e+02
   endloop
 endfacet
 facet normal -7.222814e-20  8.495793e-01 -5.274609e-01
   outer loop
     vertex  1.200000e+01  1.713470e+00  1.169685e+02
     vertex  1.200000e+01  1.684527e+00  1.169219e+02
     vertex -1.200000e+01  1.684527e+00  1.169219e+02
   endloop
 endfacet
 facet normal  0.000000e+00  8.495793e-01 -5.274609e-01
   outer loop
     vertex  1.200000e+01  1.713470e+00  1.169685e+02
     vertex -1.200000e+01  1.684527e+00  1.169219e+02
     vertex -1.200000e+01  1.713470e+00  1.169685e+02
   endloop
 endfacet
 facet normal  2.735875e-20  8.637299e-01 -5.039550e-01
   outer loop
     vertex  1.200000e+01  1.741124e+00  1.170159e+02
     vertex  1.200000e+01  1.713470e+00  1.169685e+02
     vertex -1.200000e+01  1.713470e+00  1.169685e+02
   endloop
 endfacet
 facet normal  0.000000e+00  8.637299e-01 -5.039550e-01
   outer loop
     vertex  1.200000e+01  1.741124e+00  1.170159e+02
     vertex -1.200000e+01  1.713470e+00  1.169685e+02
     vertex -1.200000e+01  1.741124e+00  1.170159e+02
   endloop
 endfacet
 facet normal -3.342728e-20  8.772303e-01 -4.800697e-01
   outer loop
     vertex  1.200000e+01  1.767467e+00  1.170640e+02
     vertex  1.200000e+01  1.741124e+00  1.170159e+02
     vertex -1.200000e+01  1.741124e+00  1.170159e+02
   endloop
 endfacet
 facet normal  0.000000e+00  8.772303e-01 -4.800697e-01
   outer loop
     vertex  1.200000e+01  1.767467e+00  1.170640e+02
     vertex -1.200000e+01  1.741124e+00  1.170159e+02
     vertex -1.200000e+01  1.767467e+00  1.170640e+02
   endloop
 endfacet
 facet normal  5.644271e-20  8.900704e-01 -4.558231e-01
   outer loop
     vertex  1.200000e+01  1.792480e+00  1.171129e+02
     vertex  1.200000e+01  1.767467e+00  1.170640e+02
     vertex -1.200000e+01  1.767467e+00  1.170640e+02
   endloop
 endfacet
 facet normal  0.000000e+00  8.900704e-01 -4.558231e-01
   outer loop
     vertex  1.200000e+01  1.792480e+00  1.171129e+02
     vertex -1.200000e+01  1.767467e+00  1.170640e+02
     vertex -1.200000e+01  1.792480e+00  1.171129e+02
   endloop
 endfacet
 facet normal -1.771184e-22  9.022405e-01 -4.312333e-01
   outer loop
     vertex  1.200000e+01  1.816143e+00  1.171624e+02
     vertex  1.200000e+01  1.792480e+00  1.171129e+02
     vertex -1.200000e+01  1.792480e+00  1.171129e+02
   endloop
 endfacet
 facet normal  0.000000e+00  9.022405e-01 -4.312333e-01
   outer loop
     vertex  1.200000e+01  1.816143e+00  1.171624e+02
     vertex -1.200000e+01  1.792480e+00  1.171129e+02
     vertex -1.200000e+01  1.816143e+00  1.171624e+02
   endloop
 endfacet
 facet normal  0.000000e+00  9.137314e-01 -4.063188e-01
   outer loop
     vertex  1.200000e+01  1.816143e+00  1.171624e+02
     vertex -1.200000e+01  1.816143e+00  1.171624e+02
     vertex -1.200000e+01  1.838439e+00  1.172125e+02
   endloop
 endfacet
 facet normal  0.000000e+00  9.137314e-01 -4.063188e-01
   outer loop
     vertex  1.200000e+01  1.838439e+00  1.172125e+02
     vertex  1.200000e+01  1.816143e+00  1.171624e+02
     vertex -1.200000e+01  1.838439e+00  1.172125e+02
   endloop
 endfacet
 facet normal  0.000000e+00  9.245344e-01 -3.810986e-01
   outer loop
     vertex  1.200000e+01  1.859351e+00  1.172632e+02
     vertex -1.200000e+01  1.838439e+00  1.172125e+02
     vertex -1.200000e+01  1.859351e+00  1.172632e+02
   endloop
 endfacet
 facet normal -5.071469e-20  9.245344e-01 -3.810986e-01
   outer loop
     vertex  1.200000e+01  1.859351e+00  1.172632e+02
     vertex  1.200000e+01  1.838439e+00  1.172125e+02
     vertex -1.200000e+01  1.838439e+00  1.172125e+02
   endloop
 endfacet
 facet normal  0.000000e+00  9.346415e-01 -3.555914e-01
   outer loop
     vertex  1.200000e+01  1.878863e+00  1.173145e+02
     vertex -1.200000e+01  1.859351e+00  1.172632e+02
     vertex -1.200000e+01  1.878863e+00  1.173145e+02
   endloop
 endfacet
 facet normal  3.684230e-20  9.346415e-01 -3.555914e-01
   outer loop
     vertex  1.200000e+01  1.878863e+00  1.173145e+02
     vertex  1.200000e+01  1.859351e+00  1.172632e+02
     vertex -1.200000e+01  1.859351e+00  1.172632e+02
   endloop
 endfacet
 facet normal  0.000000e+00  9.440450e-01 -3.298166e-01
   outer loop
     vertex  1.200000e+01  1.896961e+00  1.173663e+02
     vertex -1.200000e+01  1.878863e+00  1.173145e+02
     vertex -1.200000e+01  1.896961e+00  1.173663e+02
   endloop
 endfacet
 facet normal -3.192564e-20  9.440450e-01 -3.298166e-01
   outer loop
     vertex  1.200000e+01  1.896961e+00  1.173663e+02
     vertex  1.200000e+01  1.878863e+00  1.173145e+02
     vertex -1.200000e+01  1.878863e+00  1.173145e+02
   endloop
 endfacet
 facet normal  0.000000e+00  9.527379e-01 -3.037934e-01
   outer loop
     vertex  1.200000e+01  1.913632e+00  1.174186e+02
     vertex -1.200000e+01  1.896961e+00  1.173663e+02
     vertex -1.200000e+01  1.913632e+00  1.174186e+02
   endloop
 endfacet
 facet normal  7.785125e-21  9.527379e-01 -3.037934e-01
   outer loop
     vertex  1.200000e+01  1.913632e+00  1.174186e+02
     vertex  1.200000e+01  1.896961e+00  1.173663e+02
     vertex -1.200000e+01  1.896961e+00  1.173663e+02
   endloop
 endfacet
 facet normal  3.809831e-20  9.607136e-01 -2.775416e-01
   outer loop
     vertex  1.200000e+01  1.928861e+00  1.174713e+02
     vertex  1.200000e+01  1.913632e+00  1.174186e+02
     vertex -1.200000e+01  1.913632e+00  1.174186e+02
   endloop
 endfacet
 facet normal  0.000000e+00  9.607136e-01 -2.775416e-01
   outer loop
     vertex  1.200000e+01  1.928861e+00  1.174713e+02
     vertex -1.200000e+01  1.913632e+00  1.174186e+02
     vertex -1.200000e+01  1.928861e+00  1.174713e+02
   endloop
 endfacet
 facet normal  0.000000e+00  9.679661e-01 -2.510809e-01
   outer loop
     vertex  1.200000e+01  1.928861e+00  1.174713e+02
     vertex -1.200000e+01  1.928861e+00  1.174713e+02
     vertex -1.200000e+01  1.942639e+00  1.175244e+02
   endloop
 endfacet
 facet normal  0.000000e+00  9.679661e-01 -2.510809e-01
   outer loop
     vertex  1.200000e+01  1.942639e+00  1.175244e+02
     vertex  1.200000e+01  1.928861e+00  1.174713e+02
     vertex -1.200000e+01  1.942639e+00  1.175244e+02
   endloop
 endfacet
 facet normal  0.000000e+00  9.744899e-01 -2.244312e-01
   outer loop
     vertex  1.200000e+01  1.942639e+00  1.175244e+02
     vertex -1.200000e+01  1.942639e+00  1.175244e+02
     vertex -1.200000e+01  1.954954e+00  1.175779e+02
   endloop
 endfacet
 facet normal  0.000000e+00  9.744899e-01 -2.244312e-01
   outer loop
     vertex  1.200000e+01  1.954954e+00  1.175779e+02
     vertex  1.200000e+01  1.942639e+00  1.175244e+02
     vertex -1.200000e+01  1.954954e+00  1.175779e+02
   endloop
 endfacet
 facet normal  0.000000e+00  9.802802e-01 -1.976125e-01
   outer loop
     vertex  1.200000e+01  1.954954e+00  1.175779e+02
     vertex -1.200000e+01  1.954954e+00  1.175779e+02
     vertex -1.200000e+01  1.965798e+00  1.176317e+02
   endloop
 endfacet
 facet normal  0.000000e+00  9.802802e-01 -1.976125e-01
   outer loop
     vertex  1.200000e+01  1.965798e+00  1.176317e+02
     vertex  1.200000e+01  1.954954e+00  1.175779e+02
     vertex -1.200000e+01  1.965798e+00  1.176317e+02
   endloop
 endfacet
 facet normal  0.000000e+00  9.853326e-01 -1.706451e-01
   outer loop
     vertex  1.200000e+01  1.965798e+00  1.176317e+02
     vertex -1.200000e+01  1.965798e+00  1.176317e+02
     vertex -1.200000e+01  1.975162e+00  1.176858e+02
   endloop
 endfacet
 facet normal  0.000000e+00  9.853326e-01 -1.706451e-01
   outer loop
     vertex  1.200000e+01  1.975162e+00  1.176858e+02
     vertex  1.200000e+01  1.965798e+00  1.176317e+02
     vertex -1.200000e+01  1.975162e+00  1.176858e+02
   endloop
 endfacet
 facet normal  0.000000e+00  9.896432e-01 -1.435492e-01
   outer loop
     vertex  1.200000e+01  1.975162e+00  1.176858e+02
     vertex -1.200000e+01  1.975162e+00  1.176858e+02
     vertex -1.200000e+01  1.983039e+00  1.177401e+02
   endloop
 endfacet
 facet normal  0.000000e+00  9.896432e-01 -1.435492e-01
   outer loop
     vertex  1.200000e+01  1.983039e+00  1.177401e+02
     vertex  1.200000e+01  1.975162e+00  1.176858e+02
     vertex -1.200000e+01  1.983039e+00  1.177401e+02
   endloop
 endfacet
 facet normal  1.272103e-20  9.932088e-01 -1.163452e-01
   outer loop
     vertex  1.200000e+01  1.989423e+00  1.177946e+02
     vertex  1.200000e+01  1.983039e+00  1.177401e+02
     vertex -1.200000e+01  1.983039e+00  1.177401e+02
   endloop
 endfacet
 facet normal  0.000000e+00  9.932088e-01 -1.163452e-01
   outer loop
     vertex  1.200000e+01  1.989423e+00  1.177946e+02
     vertex -1.200000e+01  1.983039e+00  1.177401e+02
     vertex -1.200000e+01  1.989423e+00  1.177946e+02
   endloop
 endfacet
 facet normal -5.709825e-22  9.960268e-01 -8.905371e-02
   outer loop
     vertex  1.200000e+01  1.994310e+00  1.178492e+02
     vertex  1.200000e+01  1.989423e+00  1.177946e+02
     vertex -1.200000e+01  1.989423e+00  1.177946e+02
   endloop
 endfacet
 facet normal  0.000000e+00  9.960268e-01 -8.905371e-02
   outer loop
     vertex  1.200000e+01  1.994310e+00  1.178492e+02
     vertex -1.200000e+01  1.989423e+00  1.177946e+02
     vertex -1.200000e+01  1.994310e+00  1.178492e+02
   endloop
 endfacet
 facet normal  7.775824e-21  9.980950e-01 -6.169515e-02
   outer loop
     vertex  1.200000e+01  1.997695e+00  1.179040e+02
     vertex  1.200000e+01  1.994310e+00  1.178492e+02
     vertex -1.200000e+01  1.994310e+00  1.178492e+02
   endloop
 endfacet
 facet normal  0.000000e+00  9.980950e-01 -6.169515e-02
   outer loop
     vertex  1.200000e+01  1.997695e+00  1.179040e+02
     vertex -1.200000e+01  1.994310e+00  1.178492e+02
     vertex -1.200000e+01  1.997695e+00  1.179040e+02
   endloop
 endfacet
 facet normal -2.526478e-21  9.994119e-01 -3.429014e-02
   outer loop
     vertex  1.200000e+01  1.999577e+00  1.179588e+02
     vertex  1.200000e+01  1.997695e+00  1.179040e+02
     vertex -1.200000e+01  1.997695e+00  1.179040e+02
   endloop
 endfacet
 facet normal  0.000000e+00  9.994119e-01 -3.429014e-02
   outer loop
     vertex  1.200000e+01  1.999577e+00  1.179588e+02
     vertex -1.200000e+01  1.997695e+00  1.179040e+02
     vertex -1.200000e+01  1.999577e+00  1.179588e+02
   endloop
 endfacet
 facet normal  0.000000e+00  9.999765e-01 -6.859319e-03
   outer loop
     vertex  1.200000e+01  1.999577e+00  1.179588e+02
     vertex -1.200000e+01  1.999577e+00  1.179588e+02
     vertex -1.200000e+01  1.999953e+00  1.180137e+02
   endloop
 endfacet
 facet normal  0.000000e+00  9.999765e-01 -6.859319e-03
   outer loop
     vertex  1.200000e+01  1.999953e+00  1.180137e+02
     vertex  1.200000e+01  1.999577e+00  1.179588e+02
     vertex -1.200000e+01  1.999953e+00  1.180137e+02
   endloop
 endfacet
 facet normal  0.000000e+00  9.988475e-01  4.799716e-02
   outer loop
     vertex  1.200000e+01  1.998824e+00  1.180686e+02
     vertex -1.200000e+01  1.998824e+00  1.180686e+02
     vertex -1.200000e+01  1.996190e+00  1.181234e+02
   endloop
 endfacet
 facet normal  2.317732e-21  9.997883e-01  2.057667e-02
   outer loop
     vertex  1.200000e+01  1.998824e+00  1.180686e+02
     vertex  1.200000e+01  1.999953e+00  1.180137e+02
     vertex -1.200000e+01  1.999953e+00  1.180137e+02
   endloop
 endfacet
 facet normal  0.000000e+00  9.997883e-01  2.057667e-02
   outer loop
     vertex  1.200000e+01  1.998824e+00  1.180686e+02
     vertex -1.200000e+01  1.999953e+00  1.180137e+02
     vertex -1.200000e+01  1.998824e+00  1.180686e+02
   endloop
 endfacet
 facet normal  0.000000e+00  9.988475e-01  4.799716e-02
   outer loop
     vertex  1.200000e+01  1.996190e+00  1.181234e+02
     vertex  1.200000e+01  1.998824e+00  1.180686e+02
     vertex -1.200000e+01  1.996190e+00  1.181234e+02
   endloop
 endfacet
 facet normal  0.000000e+00  9.971548e-01  7.538152e-02
   outer loop
     vertex  1.200000e+01  1.992054e+00  1.181781e+02
     vertex -1.200000e+01  1.996190e+00  1.181234e+02
     vertex -1.200000e+01  1.992054e+00  1.181781e+02
   endloop
 endfacet
 facet normal -2.788059e-21  9.971548e-01  7.538152e-02
   outer loop
     vertex  1.200000e+01  1.992054e+00  1.181781e+02
     vertex  1.200000e+01  1.996190e+00  1.181234e+02
     vertex -1.200000e+01  1.996190e+00  1.181234e+02
   endloop
 endfacet
 facet normal  0.000000e+00  9.947114e-01  1.027091e-01
   outer loop
     vertex  1.200000e+01  1.986418e+00  1.182327e+02
     vertex -1.200000e+01  1.992054e+00  1.181781e+02
     vertex -1.200000e+01  1.986418e+00  1.182327e+02
   endloop
 endfacet
 facet normal  0.000000e+00  9.915193e-01  1.299594e-01
   outer loop
     vertex  1.200000e+01  1.986418e+00  1.182327e+02
     vertex -1.200000e+01  1.986418e+00  1.182327e+02
     vertex -1.200000e+01  1.979286e+00  1.182871e+02
   endloop
 endfacet
 facet normal  1.584625e-20  9.947114e-01  1.027091e-01
   outer loop
     vertex  1.200000e+01  1.986418e+00  1.182327e+02
     vertex  1.200000e+01  1.992054e+00  1.181781e+02
     vertex -1.200000e+01  1.992054e+00  1.181781e+02
   endloop
 endfacet
 facet normal  0.000000e+00  9.875808e-01  1.571119e-01
   outer loop
     vertex  1.200000e+01  1.979286e+00  1.182871e+02
     vertex -1.200000e+01  1.979286e+00  1.182871e+02
     vertex -1.200000e+01  1.970665e+00  1.183413e+02
   endloop
 endfacet
 facet normal  0.000000e+00  9.915193e-01  1.299594e-01
   outer loop
     vertex  1.200000e+01  1.979286e+00  1.182871e+02
     vertex  1.200000e+01  1.986418e+00  1.182327e+02
     vertex -1.200000e+01  1.979286e+00  1.182871e+02
   endloop
 endfacet
 facet normal  0.000000e+00  9.875808e-01  1.571119e-01
   outer loop
     vertex  1.200000e+01  1.970665e+00  1.183413e+02
     vertex  1.200000e+01  1.979286e+00  1.182871e+02
     vertex -1.200000e+01  1.970665e+00  1.183413e+02
   endloop
 endfacet
 facet normal  0.000000e+00  9.828989e-01  1.841461e-01
   outer loop
     vertex  1.200000e+01  1.960560e+00  1.183952e+02
     vertex -1.200000e+01  1.970665e+00  1.183413e+02
     vertex -1.200000e+01  1.960560e+00  1.183952e+02
   endloop
 endfacet
 facet normal -1.118236e-20  9.828989e-01  1.841461e-01
   outer loop
     vertex  1.200000e+01  1.960560e+00  1.183952e+02
     vertex  1.200000e+01  1.970665e+00  1.183413e+02
     vertex -1.200000e+01  1.970665e+00  1.183413e+02
   endloop
 endfacet
 facet normal  0.000000e+00  9.774771e-01  2.110417e-01
   outer loop
     vertex  1.200000e+01  1.948980e+00  1.184489e+02
     vertex -1.200000e+01  1.960560e+00  1.183952e+02
     vertex -1.200000e+01  1.948980e+00  1.184489e+02
   endloop
 endfacet
 facet normal  0.000000e+00  9.713194e-01  2.377784e-01
   outer loop
     vertex  1.200000e+01  1.948980e+00  1.184489e+02
     vertex -1.200000e+01  1.948980e+00  1.184489e+02
     vertex -1.200000e+01  1.935932e+00  1.185022e+02
   endloop
 endfacet
 facet normal -4.932717e-21  9.774771e-01  2.110417e-01
   outer loop
     vertex  1.200000e+01  1.948980e+00  1.184489e+02
     vertex  1.200000e+01  1.960560e+00  1.183952e+02
     vertex -1.200000e+01  1.960560e+00  1.183952e+02
   endloop
 endfacet
 facet normal  0.000000e+00  9.644306e-01  2.643362e-01
   outer loop
     vertex  1.200000e+01  1.935932e+00  1.185022e+02
     vertex -1.200000e+01  1.935932e+00  1.185022e+02
     vertex -1.200000e+01  1.921427e+00  1.185551e+02
   endloop
 endfacet
 facet normal  0.000000e+00  9.713194e-01  2.377784e-01
   outer loop
     vertex  1.200000e+01  1.935932e+00  1.185022e+02
     vertex  1.200000e+01  1.948980e+00  1.184489e+02
     vertex -1.200000e+01  1.935932e+00  1.185022e+02
   endloop
 endfacet
 facet normal  0.000000e+00  9.644306e-01  2.643362e-01
   outer loop
     vertex  1.200000e+01  1.921427e+00  1.185551e+02
     vertex  1.200000e+01  1.935932e+00  1.185022e+02
     vertex -1.200000e+01  1.921427e+00  1.185551e+02
   endloop
 endfacet
 facet normal  0.000000e+00  9.568158e-01  2.906949e-01
   outer loop
     vertex  1.200000e+01  1.905476e+00  1.186076e+02
     vertex -1.200000e+01  1.921427e+00  1.185551e+02
     vertex -1.200000e+01  1.905476e+00  1.186076e+02
   endloop
 endfacet
 facet normal  3.407216e-20  9.568158e-01  2.906949e-01
   outer loop
     vertex  1.200000e+01  1.905476e+00  1.186076e+02
     vertex  1.200000e+01  1.921427e+00  1.185551e+02
     vertex -1.200000e+01  1.921427e+00  1.185551e+02
   endloop
 endfacet
 facet normal  0.000000e+00  9.484807e-01  3.168348e-01
   outer loop
     vertex  1.200000e+01  1.888090e+00  1.186596e+02
     vertex -1.200000e+01  1.905476e+00  1.186076e+02
     vertex -1.200000e+01  1.888090e+00  1.186596e+02
   endloop
 endfacet
 facet normal  2.896686e-20  9.484807e-01  3.168348e-01
   outer loop
     vertex  1.200000e+01  1.888090e+00  1.186596e+02
     vertex  1.200000e+01  1.905476e+00  1.186076e+02
     vertex -1.200000e+01  1.905476e+00  1.186076e+02
   endloop
 endfacet
 facet normal  0.000000e+00  9.394317e-01  3.427362e-01
   outer loop
     vertex  1.200000e+01  1.869283e+00  1.187112e+02
     vertex -1.200000e+01  1.888090e+00  1.186596e+02
     vertex -1.200000e+01  1.869283e+00  1.187112e+02
   endloop
 endfacet
 facet normal  5.062755e-21  9.394317e-01  3.427362e-01
   outer loop
     vertex  1.200000e+01  1.869283e+00  1.187112e+02
     vertex  1.200000e+01  1.888090e+00  1.186596e+02
     vertex -1.200000e+01  1.888090e+00  1.186596e+02
   endloop
 endfacet
 facet normal  0.000000e+00  9.296754e-01  3.683796e-01
   outer loop
     vertex  1.200000e+01  1.849069e+00  1.187622e+02
     vertex -1.200000e+01  1.869283e+00  1.187112e+02
     vertex -1.200000e+01  1.849069e+00  1.187622e+02
   endloop
 endfacet
 facet normal  1.602369e-21  9.296754e-01  3.683796e-01
   outer loop
     vertex  1.200000e+01  1.849069e+00  1.187622e+02
     vertex  1.200000e+01  1.869283e+00  1.187112e+02
     vertex -1.200000e+01  1.869283e+00  1.187112e+02
   endloop
 endfacet
 facet normal -6.151125e-20  9.192194e-01  3.937458e-01
   outer loop
     vertex  1.200000e+01  1.827463e+00  1.188126e+02
     vertex  1.200000e+01  1.849069e+00  1.187622e+02
     vertex -1.200000e+01  1.849069e+00  1.187622e+02
   endloop
 endfacet
 facet normal  0.000000e+00  9.192194e-01  3.937458e-01
   outer loop
     vertex  1.200000e+01  1.827463e+00  1.188126e+02
     vertex -1.200000e+01  1.849069e+00  1.187622e+02
     vertex -1.200000e+01  1.827463e+00  1.188126e+02
   endloop
 endfacet
 facet normal  0.000000e+00  9.080714e-01  4.188155e-01
   outer loop
     vertex  1.200000e+01  1.827463e+00  1.188126e+02
     vertex -1.200000e+01  1.827463e+00  1.188126e+02
     vertex -1.200000e+01  1.804481e+00  1.188625e+02
   endloop
 endfacet
 facet normal  0.000000e+00  9.080714e-01  4.188155e-01
   outer loop
     vertex  1.200000e+01  1.804481e+00  1.188625e+02
     vertex  1.200000e+01  1.827463e+00  1.188126e+02
     vertex -1.200000e+01  1.804481e+00  1.188625e+02
   endloop
 endfacet
 facet normal -4.510706e-20  8.962398e-01  4.435699e-01
   outer loop
     vertex  1.200000e+01  1.780141e+00  1.189116e+02
     vertex  1.200000e+01  1.804481e+00  1.188625e+02
     vertex -1.200000e+01  1.804481e+00  1.188625e+02
   endloop
 endfacet
 facet normal  0.000000e+00  8.962398e-01  4.435699e-01
   outer loop
     vertex  1.200000e+01  1.780141e+00  1.189116e+02
     vertex -1.200000e+01  1.804481e+00  1.188625e+02
     vertex -1.200000e+01  1.780141e+00  1.189116e+02
   endloop
 endfacet
 facet normal  0.000000e+00  8.837335e-01  4.679904e-01
   outer loop
     vertex  1.200000e+01  1.780141e+00  1.189116e+02
     vertex -1.200000e+01  1.780141e+00  1.189116e+02
     vertex -1.200000e+01  1.754461e+00  1.189601e+02
   endloop
 endfacet
 facet normal  0.000000e+00  8.837335e-01  4.679904e-01
   outer loop
     vertex  1.200000e+01  1.754461e+00  1.189601e+02
     vertex  1.200000e+01  1.780141e+00  1.189116e+02
     vertex -1.200000e+01  1.754461e+00  1.189601e+02
   endloop
 endfacet
 facet normal -4.545023e-20  8.705620e-01  4.920587e-01
   outer loop
     vertex  1.200000e+01  1.727460e+00  1.190079e+02
     vertex  1.200000e+01  1.754461e+00  1.189601e+02
     vertex -1.200000e+01  1.754461e+00  1.189601e+02
   endloop
 endfacet
 facet normal  0.000000e+00  8.705620e-01  4.920587e-01
   outer loop
     vertex  1.200000e+01  1.727460e+00  1.190079e+02
     vertex -1.200000e+01  1.754461e+00  1.189601e+02
     vertex -1.200000e+01  1.727460e+00  1.190079e+02
   endloop
 endfacet
 facet normal  0.000000e+00  8.567352e-01  5.157565e-01
   outer loop
     vertex  1.200000e+01  1.699159e+00  1.190549e+02
     vertex -1.200000e+01  1.727460e+00  1.190079e+02
     vertex -1.200000e+01  1.699159e+00  1.190549e+02
   endloop
 endfacet
 facet normal -7.676112e-20  8.567352e-01  5.157565e-01
   outer loop
     vertex  1.200000e+01  1.699159e+00  1.190549e+02
     vertex  1.200000e+01  1.727460e+00  1.190079e+02
     vertex -1.200000e+01  1.727460e+00  1.190079e+02
   endloop
 endfacet
 facet normal  0.000000e+00  8.422635e-01  5.390661e-01
   outer loop
     vertex  1.200000e+01  1.669578e+00  1.191011e+02
     vertex -1.200000e+01  1.699159e+00  1.190549e+02
     vertex -1.200000e+01  1.669578e+00  1.191011e+02
   endloop
 endfacet
 facet normal -3.812105e-20  8.422635e-01  5.390661e-01
   outer loop
     vertex  1.200000e+01  1.669578e+00  1.191011e+02
     vertex  1.200000e+01  1.699159e+00  1.190549e+02
     vertex -1.200000e+01  1.699159e+00  1.190549e+02
   endloop
 endfacet
 facet normal  0.000000e+00  8.271577e-01  5.619699e-01
   outer loop
     vertex  1.200000e+01  1.638741e+00  1.191465e+02
     vertex -1.200000e+01  1.669578e+00  1.191011e+02
     vertex -1.200000e+01  1.638741e+00  1.191465e+02
   endloop
 endfacet
 facet normal  0.000000e+00  8.114292e-01  5.844507e-01
   outer loop
     vertex  1.200000e+01  1.638741e+00  1.191465e+02
     vertex -1.200000e+01  1.638741e+00  1.191465e+02
     vertex -1.200000e+01  1.606670e+00  1.191911e+02
   endloop
 endfacet
 facet normal  6.310774e-20  8.271577e-01  5.619699e-01
   outer loop
     vertex  1.200000e+01  1.638741e+00  1.191465e+02
     vertex  1.200000e+01  1.669578e+00  1.191011e+02
     vertex -1.200000e+01  1.669578e+00  1.191011e+02
   endloop
 endfacet
 facet normal  0.000000e+00  7.950900e-01  6.064915e-01
   outer loop
     vertex  1.200000e+01  1.606670e+00  1.191911e+02
     vertex -1.200000e+01  1.606670e+00  1.191911e+02
     vertex -1.200000e+01  1.573390e+00  1.192347e+02
   endloop
 endfacet
 facet normal  0.000000e+00  8.114292e-01  5.844507e-01
   outer loop
     vertex  1.200000e+01  1.606670e+00  1.191911e+02
     vertex  1.200000e+01  1.638741e+00  1.191465e+02
     vertex -1.200000e+01  1.606670e+00  1.191911e+02
   endloop
 endfacet
 facet normal  0.000000e+00  7.950900e-01  6.064915e-01
   outer loop
     vertex  1.200000e+01  1.573390e+00  1.192347e+02
     vertex  1.200000e+01  1.606670e+00  1.191911e+02
     vertex -1.200000e+01  1.573390e+00  1.192347e+02
   endloop
 endfacet
 facet normal  0.000000e+00  7.781522e-01  6.280757e-01
   outer loop
     vertex  1.200000e+01  1.538926e+00  1.192774e+02
     vertex -1.200000e+01  1.573390e+00  1.192347e+02
     vertex -1.200000e+01  1.538926e+00  1.192774e+02
   endloop
 endfacet
 facet normal -3.820906e-20  7.781522e-01  6.280757e-01
   outer loop
     vertex  1.200000e+01  1.538926e+00  1.192774e+02
     vertex  1.200000e+01  1.573390e+00  1.192347e+02
     vertex -1.200000e+01  1.573390e+00  1.192347e+02
   endloop
 endfacet
 facet normal  0.000000e+00  7.606287e-01  6.491872e-01
   outer loop
     vertex  1.200000e+01  1.503303e+00  1.193191e+02
     vertex -1.200000e+01  1.538926e+00  1.192774e+02
     vertex -1.200000e+01  1.503303e+00  1.193191e+02
   endloop
 endfacet
 facet normal -9.701826e-21  7.606287e-01  6.491872e-01
   outer loop
     vertex  1.200000e+01  1.503303e+00  1.193191e+02
     vertex  1.200000e+01  1.538926e+00  1.192774e+02
     vertex -1.200000e+01  1.538926e+00  1.192774e+02
   endloop
 endfacet
 facet normal  0.000000e+00  7.425325e-01  6.698100e-01
   outer loop
     vertex  1.200000e+01  1.466548e+00  1.193599e+02
     vertex -1.200000e+01  1.503303e+00  1.193191e+02
     vertex -1.200000e+01  1.466548e+00  1.193599e+02
   endloop
 endfacet
 facet normal  2.696588e-20  7.425325e-01  6.698100e-01
   outer loop
     vertex  1.200000e+01  1.466548e+00  1.193599e+02
     vertex  1.200000e+01  1.503303e+00  1.193191e+02
     vertex -1.200000e+01  1.503303e+00  1.193191e+02
   endloop
 endfacet
 facet normal  0.000000e+00  7.238775e-01  6.899286e-01
   outer loop
     vertex  1.200000e+01  1.428689e+00  1.193996e+02
     vertex -1.200000e+01  1.466548e+00  1.193599e+02
     vertex -1.200000e+01  1.428689e+00  1.193996e+02
   endloop
 endfacet
 facet normal  0.000000e+00  7.046775e-01  7.095278e-01
   outer loop
     vertex  1.200000e+01  1.428689e+00  1.193996e+02
     vertex -1.200000e+01  1.428689e+00  1.193996e+02
     vertex -1.200000e+01  1.389755e+00  1.194383e+02
   endloop
 endfacet
 facet normal  4.016977e-20  7.238775e-01  6.899286e-01
   outer loop
     vertex  1.200000e+01  1.428689e+00  1.193996e+02
     vertex  1.200000e+01  1.466548e+00  1.193599e+02
     vertex -1.200000e+01  1.466548e+00  1.193599e+02
   endloop
 endfacet
 facet normal  0.000000e+00  7.046775e-01  7.095278e-01
   outer loop
     vertex  1.200000e+01  1.389755e+00  1.194383e+02
     vertex  1.200000e+01  1.428689e+00  1.193996e+02
     vertex -1.200000e+01  1.389755e+00  1.194383e+02
   endloop
 endfacet
 facet normal  0.000000e+00  6.849470e-01  7.285929e-01
   outer loop
     vertex  1.200000e+01  1.349775e+00  1.194758e+02
     vertex -1.200000e+01  1.389755e+00  1.194383e+02
     vertex -1.200000e+01  1.349775e+00  1.194758e+02
   endloop
 endfacet
 facet normal  3.795896e-21  6.849470e-01  7.285929e-01
   outer loop
     vertex  1.200000e+01  1.349775e+00  1.194758e+02
     vertex  1.200000e+01  1.389755e+00  1.194383e+02
     vertex -1.200000e+01  1.389755e+00  1.194383e+02
   endloop
 endfacet
 facet normal  0.000000e+00  6.647010e-01  7.471095e-01
   outer loop
     vertex  1.200000e+01  1.308779e+00  1.195123e+02
     vertex -1.200000e+01  1.349775e+00  1.194758e+02
     vertex -1.200000e+01  1.308779e+00  1.195123e+02
   endloop
 endfacet
 facet normal -6.984878e-20  6.647010e-01  7.471095e-01
   outer loop
     vertex  1.200000e+01  1.308779e+00  1.195123e+02
     vertex  1.200000e+01  1.349775e+00  1.194758e+02
     vertex -1.200000e+01  1.349775e+00  1.194758e+02
   endloop
 endfacet
 facet normal  0.000000e+00  6.439545e-01  7.650637e-01
   outer loop
     vertex  1.200000e+01  1.266797e+00  1.195477e+02
     vertex -1.200000e+01  1.308779e+00  1.195123e+02
     vertex -1.200000e+01  1.266797e+00  1.195477e+02
   endloop
 endfacet
 facet normal  8.028462e-20  6.439545e-01  7.650637e-01
   outer loop
     vertex  1.200000e+01  1.266797e+00  1.195477e+02
     vertex  1.200000e+01  1.308779e+00  1.195123e+02
     vertex -1.200000e+01  1.308779e+00  1.195123e+02
   endloop
 endfacet
 facet normal  0.000000e+00  6.227234e-01  7.824421e-01
   outer loop
     vertex  1.200000e+01  1.223862e+00  1.195818e+02
     vertex -1.200000e+01  1.266797e+00  1.195477e+02
     vertex -1.200000e+01  1.223862e+00  1.195818e+02
   endloop
 endfacet
 facet normal  1.626770e-20  6.227234e-01  7.824421e-01
   outer loop
     vertex  1.200000e+01  1.223862e+00  1.195818e+02
     vertex  1.200000e+01  1.266797e+00  1.195477e+02
     vertex -1.200000e+01  1.266797e+00  1.195477e+02
   endloop
 endfacet
 facet normal  0.000000e+00  6.010234e-01  7.992314e-01
   outer loop
     vertex  1.200000e+01  1.180006e+00  1.196148e+02
     vertex -1.200000e+01  1.223862e+00  1.195818e+02
     vertex -1.200000e+01  1.180006e+00  1.196148e+02
   endloop
 endfacet
 facet normal  2.867885e-20  6.010234e-01  7.992314e-01
   outer loop
     vertex  1.200000e+01  1.180006e+00  1.196148e+02
     vertex  1.200000e+01  1.223862e+00  1.195818e+02
     vertex -1.200000e+01  1.223862e+00  1.195818e+02
   endloop
 endfacet
 facet normal  0.000000e+00  5.788711e-01  8.154191e-01
   outer loop
     vertex  1.200000e+01  1.135261e+00  1.196466e+02
     vertex -1.200000e+01  1.180006e+00  1.196148e+02
     vertex -1.200000e+01  1.135261e+00  1.196466e+02
   endloop
 endfacet
 facet normal  0.000000e+00  5.562829e-01  8.309929e-01
   outer loop
     vertex  1.200000e+01  1.135261e+00  1.196466e+02
     vertex -1.200000e+01  1.135261e+00  1.196466e+02
     vertex -1.200000e+01  1.089662e+00  1.196771e+02
   endloop
 endfacet
 facet normal  6.937385e-20  5.788711e-01  8.154191e-01
   outer loop
     vertex  1.200000e+01  1.135261e+00  1.196466e+02
     vertex  1.200000e+01  1.180006e+00  1.196148e+02
     vertex -1.200000e+01  1.180006e+00  1.196148e+02
   endloop
 endfacet
 facet normal  0.000000e+00  5.562829e-01  8.309929e-01
   outer loop
     vertex  1.200000e+01  1.089662e+00  1.196771e+02
     vertex  1.200000e+01  1.135261e+00  1.196466e+02
     vertex -1.200000e+01  1.089662e+00  1.196771e+02
   endloop
 endfacet
 facet normal  0.000000e+00  5.332761e-01  8.459413e-01
   outer loop
     vertex  1.200000e+01  1.043242e+00  1.197064e+02
     vertex -1.200000e+01  1.089662e+00  1.196771e+02
     vertex -1.200000e+01  1.043242e+00  1.197064e+02
   endloop
 endfacet
 facet normal  2.082837e-20  5.332761e-01  8.459413e-01
   outer loop
     vertex  1.200000e+01  1.043242e+00  1.197064e+02
     vertex  1.200000e+01  1.089662e+00  1.196771e+02
     vertex -1.200000e+01  1.089662e+00  1.196771e+02
   endloop
 endfacet
 facet normal  0.000000e+00  5.098678e-01  8.602528e-01
   outer loop
     vertex  1.200000e+01  9.960371e-01  1.197343e+02
     vertex -1.200000e+01  1.043242e+00  1.197064e+02
     vertex -1.200000e+01  9.960371e-01  1.197343e+02
   endloop
 endfacet
 facet normal  4.889853e-20  5.098678e-01  8.602528e-01
   outer loop
     vertex  1.200000e+01  9.960371e-01  1.197343e+02
     vertex  1.200000e+01  1.043242e+00  1.197064e+02
     vertex -1.200000e+01  1.043242e+00  1.197064e+02
   endloop
 endfacet
 facet normal  0.000000e+00  4.860756e-01  8.739167e-01
   outer loop
     vertex  1.200000e+01  9.480825e-01  1.197610e+02
     vertex -1.200000e+01  9.960371e-01  1.197343e+02
     vertex -1.200000e+01  9.480825e-01  1.197610e+02
   endloop
 endfacet
 facet normal  2.906521e-20  4.860756e-01  8.739167e-01
   outer loop
     vertex  1.200000e+01  9.480825e-01  1.197610e+02
     vertex  1.200000e+01  9.960371e-01  1.197343e+02
     vertex -1.200000e+01  9.960371e-01  1.197343e+02
   endloop
 endfacet
 facet normal  0.000000e+00  4.619176e-01  8.869228e-01
   outer loop
     vertex  1.200000e+01  8.994141e-01  1.197864e+02
     vertex -1.200000e+01  9.480825e-01  1.197610e+02
     vertex -1.200000e+01  8.994141e-01  1.197864e+02
   endloop
 endfacet
 facet normal  0.000000e+00  4.374119e-01  8.992613e-01
   outer loop
     vertex  1.200000e+01  8.994141e-01  1.197864e+02
     vertex -1.200000e+01  8.994141e-01  1.197864e+02
     vertex -1.200000e+01  8.500687e-01  1.198104e+02
   endloop
 endfacet
 facet normal -1.325316e-20  4.619176e-01  8.869228e-01
   outer loop
     vertex  1.200000e+01  8.994141e-01  1.197864e+02
     vertex  1.200000e+01  9.480825e-01  1.197610e+02
     vertex -1.200000e+01  9.480825e-01  1.197610e+02
   endloop
 endfacet
 facet normal  0.000000e+00  4.374119e-01  8.992613e-01
   outer loop
     vertex  1.200000e+01  8.500687e-01  1.198104e+02
     vertex  1.200000e+01  8.994141e-01  1.197864e+02
     vertex -1.200000e+01  8.500687e-01  1.198104e+02
   endloop
 endfacet
 facet normal  0.000000e+00  4.125769e-01  9.109228e-01
   outer loop
     vertex  1.200000e+01  8.500687e-01  1.198104e+02
     vertex -1.200000e+01  8.500687e-01  1.198104e+02
     vertex -1.200000e+01  8.000834e-01  1.198330e+02
   endloop
 endfacet
 facet normal  0.000000e+00  4.125769e-01  9.109228e-01
   outer loop
     vertex  1.200000e+01  8.000834e-01  1.198330e+02
     vertex  1.200000e+01  8.500687e-01  1.198104e+02
     vertex -1.200000e+01  8.000834e-01  1.198330e+02
   endloop
 endfacet
 facet normal -2.639958e-20  3.874313e-01  9.218986e-01
   outer loop
     vertex  1.200000e+01  7.494958e-01  1.198543e+02
     vertex  1.200000e+01  8.000834e-01  1.198330e+02
     vertex -1.200000e+01  8.000834e-01  1.198330e+02
   endloop
 endfacet
 facet normal  0.000000e+00  3.874313e-01  9.218986e-01
   outer loop
     vertex  1.200000e+01  7.494958e-01  1.198543e+02
     vertex -1.200000e+01  8.000834e-01  1.198330e+02
     vertex -1.200000e+01  7.494958e-01  1.198543e+02
   endloop
 endfacet
 facet normal -8.175793e-20  3.619940e-01  9.321804e-01
   outer loop
     vertex  1.200000e+01  6.983441e-01  1.198741e+02
     vertex  1.200000e+01  7.494958e-01  1.198543e+02
     vertex -1.200000e+01  7.494958e-01  1.198543e+02
   endloop
 endfacet
 facet normal  0.000000e+00  3.619940e-01  9.321804e-01
   outer loop
     vertex  1.200000e+01  6.983441e-01  1.198741e+02
     vertex -1.200000e+01  7.494958e-01  1.198543e+02
     vertex -1.200000e+01  6.983441e-01  1.198741e+02
   endloop
 endfacet
 facet normal  2.517701e-20  3.362843e-01  9.417605e-01
   outer loop
     vertex  1.200000e+01  6.466666e-01  1.198926e+02
     vertex  1.200000e+01  6.983441e-01  1.198741e+02
     vertex -1.200000e+01  6.983441e-01  1.198741e+02
   endloop
 endfacet
 facet normal  0.000000e+00  3.362843e-01  9.417605e-01
   outer loop
     vertex  1.200000e+01  6.466666e-01  1.198926e+02
     vertex -1.200000e+01  6.983441e-01  1.198741e+02
     vertex -1.200000e+01  6.466666e-01  1.198926e+02
   endloop
 endfacet
 facet normal -1.363668e-20  3.103214e-01  9.506317e-01
   outer loop
     vertex  1.200000e+01  5.945023e-01  1.199096e+02
     vertex  1.200000e+01  6.466666e-01  1.198926e+02
     vertex -1.200000e+01  6.466666e-01  1.198926e+02
   endloop
 endfacet
 facet normal  0.000000e+00  3.103214e-01  9.506317e-01
   outer loop
     vertex  1.200000e+01  5.945023e-01  1.199096e+02
     vertex -1.200000e+01  6.466666e-01  1.198926e+02
     vertex -1.200000e+01  5.945023e-01  1.199096e+02
   endloop
 endfacet
 facet normal  0.000000e+00  2.841250e-01  9.587873e-01
   outer loop
     vertex  1.200000e+01  5.945023e-01  1.199096e+02
     vertex -1.200000e+01  5.945023e-01  1.199096e+02
     vertex -1.200000e+01  5.418906e-01  1.199252e+02
   endloop
 endfacet
 facet normal  0.000000e+00  2.841250e-01  9.587873e-01
   outer loop
     vertex  1.200000e+01  5.418906e-01  1.199252e+02
     vertex  1.200000e+01  5.945023e-01  1.199096e+02
     vertex -1.200000e+01  5.418906e-01  1.199252e+02
   endloop
 endfacet
 facet normal -9.557640e-21  2.577146e-01  9.662211e-01
   outer loop
     vertex  1.200000e+01  4.888709e-01  1.199393e+02
     vertex  1.200000e+01  5.418906e-01  1.199252e+02
     vertex -1.200000e+01  5.418906e-01  1.199252e+02
   endloop
 endfacet
 facet normal  0.000000e+00  2.577146e-01  9.662211e-01
   outer loop
     vertex  1.200000e+01  4.888709e-01  1.199393e+02
     vertex -1.200000e+01  5.418906e-01  1.199252e+02
     vertex -1.200000e+01  4.888709e-01  1.199393e+02
   endloop
 endfacet
 facet normal -3.961840e-20  2.311102e-01  9.729276e-01
   outer loop
     vertex  1.200000e+01  4.354831e-01  1.199520e+02
     vertex  1.200000e+01  4.888709e-01  1.199393e+02
     vertex -1.200000e+01  4.888709e-01  1.199393e+02
   endloop
 endfacet
 facet normal  0.000000e+00  2.311102e-01  9.729276e-01
   outer loop
     vertex  1.200000e+01  4.354831e-01  1.199520e+02
     vertex -1.200000e+01  4.888709e-01  1.199393e+02
     vertex -1.200000e+01  4.354831e-01  1.199520e+02
   endloop
 endfacet
 facet normal -1.411232e-20  2.043319e-01  9.789017e-01
   outer loop
     vertex  1.200000e+01  3.817676e-01  1.199632e+02
     vertex  1.200000e+01  4.354831e-01  1.199520e+02
     vertex -1.200000e+01  4.354831e-01  1.199520e+02
   endloop
 endfacet
 facet normal  0.000000e+00  2.043319e-01  9.789017e-01
   outer loop
     vertex  1.200000e+01  3.817676e-01  1.199632e+02
     vertex -1.200000e+01  4.354831e-01  1.199520e+02
     vertex -1.200000e+01  3.817676e-01  1.199632e+02
   endloop
 endfacet
 facet normal  1.738340e-20  1.773998e-01  9.841389e-01
   outer loop
     vertex  1.200000e+01  3.277647e-01  1.199730e+02
     vertex  1.200000e+01  3.817676e-01  1.199632e+02
     vertex -1.200000e+01  3.817676e-01  1.199632e+02
   endloop
 endfacet
 facet normal  0.000000e+00  1.773998e-01  9.841389e-01
   outer loop
     vertex  1.200000e+01  3.277647e-01  1.199730e+02
     vertex -1.200000e+01  3.817676e-01  1.199632e+02
     vertex -1.200000e+01  3.277647e-01  1.199730e+02
   endloop
 endfacet
 facet normal  8.053717e-21  1.503341e-01  9.886353e-01
   outer loop
     vertex  1.200000e+01  2.735151e-01  1.199812e+02
     vertex  1.200000e+01  3.277647e-01  1.199730e+02
     vertex -1.200000e+01  3.277647e-01  1.199730e+02
   endloop
 endfacet
 facet normal  0.000000e+00  1.503341e-01  9.886353e-01
   outer loop
     vertex  1.200000e+01  2.735151e-01  1.199812e+02
     vertex -1.200000e+01  3.277647e-01  1.199730e+02
     vertex -1.200000e+01  2.735151e-01  1.199812e+02
   endloop
 endfacet
 facet normal  0.000000e+00  1.231552e-01  9.923874e-01
   outer loop
     vertex  1.200000e+01  2.735151e-01  1.199812e+02
     vertex -1.200000e+01  2.735151e-01  1.199812e+02
     vertex -1.200000e+01  2.190595e-01  1.199880e+02
   endloop
 endfacet
 facet normal  0.000000e+00  1.231552e-01  9.923874e-01
   outer loop
     vertex  1.200000e+01  2.190595e-01  1.199880e+02
     vertex  1.200000e+01  2.735151e-01  1.199812e+02
     vertex -1.200000e+01  2.190595e-01  1.199880e+02
   endloop
 endfacet
 facet normal  0.000000e+00  9.588368e-02  9.953925e-01
   outer loop
     vertex  1.200000e+01  1.644391e-01  1.199932e+02
     vertex -1.200000e+01  2.190595e-01  1.199880e+02
     vertex -1.200000e+01  1.644391e-01  1.199932e+02
   endloop
 endfacet
 facet normal  1.600285e-20  9.588368e-02  9.953925e-01
   outer loop
     vertex  1.200000e+01  1.644391e-01  1.199932e+02
     vertex  1.200000e+01  2.190595e-01  1.199880e+02
     vertex -1.200000e+01  2.190595e-01  1.199880e+02
   endloop
 endfacet
 facet normal  0.000000e+00  6.853995e-02  9.976484e-01
   outer loop
     vertex  1.200000e+01  1.096949e-01  1.199970e+02
     vertex -1.200000e+01  1.644391e-01  1.199932e+02
     vertex -1.200000e+01  1.096949e-01  1.199970e+02
   endloop
 endfacet
 facet normal  7.532233e-21  6.853995e-02  9.976484e-01
   outer loop
     vertex  1.200000e+01  1.096949e-01  1.199970e+02
     vertex  1.200000e+01  1.644391e-01  1.199932e+02
     vertex -1.200000e+01  1.644391e-01  1.199932e+02
   endloop
 endfacet
 facet normal  0.000000e+00  4.114462e-02  9.991532e-01
   outer loop
     vertex  1.200000e+01  5.486810e-02  1.199992e+02
     vertex -1.200000e+01  1.096949e-01  1.199970e+02
     vertex -1.200000e+01  5.486810e-02  1.199992e+02
   endloop
 endfacet
 facet normal  1.000769e-20  4.114462e-02  9.991532e-01
   outer loop
     vertex  1.200000e+01  5.486810e-02  1.199992e+02
     vertex  1.200000e+01  1.096949e-01  1.199970e+02
     vertex -1.200000e+01  1.096949e-01  1.199970e+02
   endloop
 endfacet
 facet normal  0.000000e+00  1.371831e-02  9.999059e-01
   outer loop
     vertex  1.200000e+01  4.898587e-16  1.200000e+02
     vertex -1.200000e+01  5.486810e-02  1.199992e+02
     vertex -1.200000e+01  4.898587e-16  1.200000e+02
   endloop
 endfacet
 facet normal  1.523475e-21  1.371831e-02  9.999059e-01
   outer loop
     vertex  1.200000e+01  4.898587e-16  1.200000e+02
     vertex  1.200000e+01  5.486810e-02  1.199992e+02
     vertex -1.200000e+01  5.486810e-02  1.199992e+02
   endloop
 endfacet
 facet normal  1.000000e+00  0.000000e+00  0.000000e+00
   outer loop
     vertex  1.200000e+01  1.590180e+00  1.167870e+02
     vertex  1.200000e+01  1.447755e+00  1.166201e+02
     vertex  1.200000e+01  1.485065e+00  1.166604e+02
   endloop
 endfacet
 facet normal  1.000000e+00  0.000000e+00  0.000000e+00
   outer loop
     vertex  1.200000e+01  1.590180e+00  1.167870e+02
     vertex  1.200000e+01  1.485065e+00  1.166604e+02
     vertex  1.200000e+01  1.521257e+00  1.167016e+02
   endloop
 endfacet
 facet normal  1.000000e+00  0.000000e+00  0.000000e+00
   outer loop
     vertex  1.200000e+01  1.590180e+00  1.167870e+02
     vertex  1.200000e+01  1.521257e+00  1.167016e+02
     vertex  1.200000e+01  1.556304e+00  1.167438e+02
   endloop
 endfacet
 facet normal  1.000000e+00  0.000000e+00  0.000000e+00
   outer loop
     vertex  1.200000e+01  1.066552e+00  1.163081e+02
     vertex  1.200000e+01  1.112566e+00  1.163380e+02
     vertex  1.200000e+01  1.157742e+00  1.163692e+02
   endloop
 endfacet
 facet normal  1.000000e+00  0.000000e+00  0.000000e+00
   outer loop
     vertex  1.200000e+01  1.713470e+00  1.169685e+02
     vertex  1.200000e+01  1.622858e+00  1.168311e+02
     vertex  1.200000e+01  1.654315e+00  1.168761e+02
   endloop
 endfacet
 facet normal  1.000000e+00  0.000000e+00  0.000000e+00
   outer loop
     vertex  1.200000e+01  1.713470e+00  1.169685e+02
     vertex  1.200000e+01  1.654315e+00  1.168761e+02
     vertex  1.200000e+01  1.684527e+00  1.169219e+02
   endloop
 endfacet
 facet normal  1.000000e+00  0.000000e+00  0.000000e+00
   outer loop
     vertex  1.200000e+01  1.019736e+00  1.162795e+02
     vertex  1.200000e+01  1.157742e+00  1.163692e+02
     vertex  1.200000e+01  1.202047e+00  1.164015e+02
   endloop
 endfacet
 facet normal  1.000000e+00  0.000000e+00  0.000000e+00
   outer loop
     vertex  1.200000e+01  1.019736e+00  1.162795e+02
     vertex  1.200000e+01  1.202047e+00  1.164015e+02
     vertex  1.200000e+01  1.245447e+00  1.164351e+02
   endloop
 endfacet
 facet normal  1.000000e+00  0.000000e+00  0.000000e+00
   outer loop
     vertex  1.200000e+01  1.019736e+00  1.162795e+02
     vertex  1.200000e+01  1.245447e+00  1.164351e+02
     vertex  1.200000e+01  1.287909e+00  1.164699e+02
   endloop
 endfacet
 facet normal  1.000000e+00  0.000000e+00  0.000000e+00
   outer loop
     vertex  1.200000e+01  1.019736e+00  1.162795e+02
     vertex  1.200000e+01  1.287909e+00  1.164699e+02
     vertex  1.200000e+01  1.329402e+00  1.165058e+02
   endloop
 endfacet
 facet normal  1.000000e+00  0.000000e+00  0.000000e+00
   outer loop
     vertex  1.200000e+01  1.019736e+00  1.162795e+02
     vertex  1.200000e+01  1.066552e+00  1.163081e+02
     vertex  1.200000e+01  1.157742e+00  1.163692e+02
   endloop
 endfacet
 facet normal  1.000000e+00  0.000000e+00  0.000000e+00
   outer loop
     vertex  1.200000e+01  1.816143e+00  1.171624e+02
     vertex  1.200000e+01  1.767467e+00  1.170640e+02
     vertex  1.200000e+01  1.792480e+00  1.171129e+02
   endloop
 endfacet
 facet normal  1.000000e+00  0.000000e+00  0.000000e+00
   outer loop
     vertex  1.200000e+01  1.838439e+00  1.172125e+02
     vertex  1.200000e+01  1.713470e+00  1.169685e+02
     vertex  1.200000e+01  1.741124e+00  1.170159e+02
   endloop
 endfacet
 facet normal  1.000000e+00  0.000000e+00  0.000000e+00
   outer loop
     vertex  1.200000e+01  1.838439e+00  1.172125e+02
     vertex  1.200000e+01  1.741124e+00  1.170159e+02
     vertex  1.200000e+01  1.767467e+00  1.170640e+02
   endloop
 endfacet
 facet normal  1.000000e+00  0.000000e+00  0.000000e+00
   outer loop
     vertex  1.200000e+01  1.838439e+00  1.172125e+02
     vertex  1.200000e+01  1.767467e+00  1.170640e+02
     vertex  1.200000e+01  1.816143e+00  1.171624e+02
   endloop
 endfacet
 facet normal  1.000000e+00  0.000000e+00  0.000000e+00
   outer loop
     vertex  1.200000e+01  7.748625e-01  1.161562e+02
     vertex  1.200000e+01  8.251537e-01  1.161782e+02
     vertex  1.200000e+01  8.748237e-01  1.162015e+02
   endloop
 endfacet
 facet normal  1.000000e+00  0.000000e+00  0.000000e+00
   outer loop
     vertex  1.200000e+01  7.239881e-01  1.161356e+02
     vertex  1.200000e+01  8.748237e-01  1.162015e+02
     vertex  1.200000e+01  9.238352e-01  1.162262e+02
   endloop
 endfacet
 facet normal  1.000000e+00  0.000000e+00  0.000000e+00
   outer loop
     vertex  1.200000e+01  7.239881e-01  1.161356e+02
     vertex  1.200000e+01  9.238352e-01  1.162262e+02
     vertex  1.200000e+01  9.721513e-01  1.162522e+02
   endloop
 endfacet
 facet normal  1.000000e+00  0.000000e+00  0.000000e+00
   outer loop
     vertex  1.200000e+01  7.239881e-01  1.161356e+02
     vertex  1.200000e+01  9.721513e-01  1.162522e+02
     vertex  1.200000e+01  1.019736e+00  1.162795e+02
   endloop
 endfacet
 facet normal  1.000000e+00  0.000000e+00  0.000000e+00
   outer loop
     vertex  1.200000e+01  7.239881e-01  1.161356e+02
     vertex  1.200000e+01  1.329402e+00  1.165058e+02
     vertex  1.200000e+01  1.369894e+00  1.165428e+02
   endloop
 endfacet
 facet normal  1.000000e+00  0.000000e+00  0.000000e+00
   outer loop
     vertex  1.200000e+01  7.239881e-01  1.161356e+02
     vertex  1.200000e+01  1.369894e+00  1.165428e+02
     vertex  1.200000e+01  1.409355e+00  1.165809e+02
   endloop
 endfacet
 facet normal  1.000000e+00  0.000000e+00  0.000000e+00
   outer loop
     vertex  1.200000e+01  7.239881e-01  1.161356e+02
     vertex  1.200000e+01  1.019736e+00  1.162795e+02
     vertex  1.200000e+01  1.329402e+00  1.165058e+02
   endloop
 endfacet
 facet normal  1.000000e+00  0.000000e+00  0.000000e+00
   outer loop
     vertex  1.200000e+01  7.239881e-01  1.161356e+02
     vertex  1.200000e+01  7.748625e-01  1.161562e+02
     vertex  1.200000e+01  8.748237e-01  1.162015e+02
   endloop
 endfacet
 facet normal  1.000000e+00  0.000000e+00  0.000000e+00
   outer loop
     vertex  1.200000e+01  1.878863e+00  1.173145e+02
     vertex  1.200000e+01  1.838439e+00  1.172125e+02
     vertex  1.200000e+01  1.859351e+00  1.172632e+02
   endloop
 endfacet
 facet normal  1.000000e+00  0.000000e+00  0.000000e+00
   outer loop
     vertex  1.200000e+01  1.913632e+00  1.174186e+02
     vertex  1.200000e+01  1.878863e+00  1.173145e+02
     vertex  1.200000e+01  1.896961e+00  1.173663e+02
   endloop
 endfacet
 facet normal  1.000000e+00  0.000000e+00  0.000000e+00
   outer loop
     vertex  1.200000e+01  5.682499e-01  1.160824e+02
     vertex  1.200000e+01  6.206429e-01  1.160987e+02
     vertex  1.200000e+01  6.725686e-01  1.161165e+02
   endloop
 endfacet
 facet normal  1.000000e+00  0.000000e+00  0.000000e+00
   outer loop
     vertex  1.200000e+01  5.682499e-01  1.160824e+02
     vertex  1.200000e+01  6.725686e-01  1.161165e+02
     vertex  1.200000e+01  7.239881e-01  1.161356e+02
   endloop
 endfacet
 facet normal  1.000000e+00  0.000000e+00  0.000000e+00
   outer loop
     vertex  1.200000e+01  1.942639e+00  1.175244e+02
     vertex  1.200000e+01  1.913632e+00  1.174186e+02
     vertex  1.200000e+01  1.928861e+00  1.174713e+02
   endloop
 endfacet
 facet normal  1.000000e+00  0.000000e+00  0.000000e+00
   outer loop
     vertex  1.200000e+01  4.622205e-01  1.160541e+02
     vertex  1.200000e+01  5.154292e-01  1.160676e+02
     vertex  1.200000e+01  5.682499e-01  1.160824e+02
   endloop
 endfacet
 facet normal  1.000000e+00  0.000000e+00  0.000000e+00
   outer loop
     vertex  1.200000e+01  1.954954e+00  1.175779e+02
     vertex  1.200000e+01  1.913632e+00  1.174186e+02
     vertex  1.200000e+01  1.942639e+00  1.175244e+02
   endloop
 endfacet
 facet normal  1.000000e+00  0.000000e+00  0.000000e+00
   outer loop
     vertex  1.200000e+01  1.954954e+00  1.175779e+02
     vertex  1.200000e+01  1.878863e+00  1.173145e+02
     vertex  1.200000e+01  1.913632e+00  1.174186e+02
   endloop
 endfacet
 facet normal  1.000000e+00  0.000000e+00  0.000000e+00
   outer loop
     vertex  1.200000e+01  4.086638e-01  1.160422e+02
     vertex  1.200000e+01  4.622205e-01  1.160541e+02
     vertex  1.200000e+01  5.682499e-01  1.160824e+02
   endloop
 endfacet
 facet normal  1.000000e+00  0.000000e+00  0.000000e+00
   outer loop
     vertex  1.200000e+01  1.983039e+00  1.177401e+02
     vertex  1.200000e+01  1.954954e+00  1.175779e+02
     vertex  1.200000e+01  1.965798e+00  1.176317e+02
   endloop
 endfacet
 facet normal  1.000000e+00  0.000000e+00  0.000000e+00
   outer loop
     vertex  1.200000e+01  1.983039e+00  1.177401e+02
     vertex  1.200000e+01  1.965798e+00  1.176317e+02
     vertex  1.200000e+01  1.975162e+00  1.176858e+02
   endloop
 endfacet
 facet normal  1.000000e+00  0.000000e+00  0.000000e+00
   outer loop
     vertex  1.200000e+01  2.463105e-01  1.160152e+02
     vertex  1.200000e+01  3.006682e-01  1.160227e+02
     vertex  1.200000e+01  3.547996e-01  1.160317e+02
   endloop
 endfacet
 facet normal  1.000000e+00  0.000000e+00  0.000000e+00
   outer loop
     vertex  1.200000e+01  1.994310e+00  1.178492e+02
     vertex  1.200000e+01  1.983039e+00  1.177401e+02
     vertex  1.200000e+01  1.989423e+00  1.177946e+02
   endloop
 endfacet
 facet normal  1.000000e+00  0.000000e+00  0.000000e+00
   outer loop
     vertex  1.200000e+01  1.994310e+00  1.178492e+02
     vertex  1.200000e+01  1.954954e+00  1.175779e+02
     vertex  1.200000e+01  1.983039e+00  1.177401e+02
   endloop
 endfacet
 facet normal  1.000000e+00  0.000000e+00  0.000000e+00
   outer loop
     vertex  1.200000e+01  1.999577e+00  1.179588e+02
     vertex  1.200000e+01  1.994310e+00  1.178492e+02
     vertex  1.200000e+01  1.997695e+00  1.179040e+02
   endloop
 endfacet
 facet normal  1.000000e+00  0.000000e+00  0.000000e+00
   outer loop
     vertex  1.200000e+01  1.986418e+00  1.182327e+02
     vertex  1.200000e+01  1.998824e+00  1.180686e+02
     vertex  1.200000e+01  1.996190e+00  1.181234e+02
   endloop
 endfacet
 facet normal  1.000000e+00  0.000000e+00  0.000000e+00
   outer loop
     vertex  1.200000e+01  1.986418e+00  1.182327e+02
     vertex  1.200000e+01  1.996190e+00  1.181234e+02
     vertex  1.200000e+01  1.992054e+00  1.181781e+02
   endloop
 endfacet
 facet normal  1.000000e+00  0.000000e+00  0.000000e+00
   outer loop
     vertex  1.200000e+01 -3.006682e-01  1.160227e+02
     vertex  1.200000e+01 -2.463105e-01  1.160152e+02
     vertex  1.200000e+01 -1.917674e-01  1.160092e+02
   endloop
 endfacet
 facet normal  1.000000e+00  0.000000e+00  0.000000e+00
   outer loop
     vertex  1.200000e+01 -3.006682e-01  1.160227e+02
     vertex  1.200000e+01 -1.917674e-01  1.160092e+02
     vertex  1.200000e+01 -1.370799e-01  1.160047e+02
   endloop
 endfacet
 facet normal  1.000000e+00  0.000000e+00  0.000000e+00
   outer loop
     vertex  1.200000e+01 -3.006682e-01  1.160227e+02
     vertex  1.200000e+01 -1.370799e-01  1.160047e+02
     vertex  1.200000e+01 -8.228924e-02  1.160017e+02
   endloop
 endfacet
 facet normal  1.000000e+00  0.000000e+00  0.000000e+00
   outer loop
     vertex  1.200000e+01  1.960560e+00  1.183952e+02
     vertex  1.200000e+01  1.979286e+00  1.182871e+02
     vertex  1.200000e+01  1.970665e+00  1.183413e+02
   endloop
 endfacet
 facet normal  1.000000e+00  0.000000e+00  0.000000e+00
   outer loop
     vertex  1.200000e+01 -4.622205e-01  1.160541e+02
     vertex  1.200000e+01 -4.086638e-01  1.160422e+02
     vertex  1.200000e+01 -3.547996e-01  1.160317e+02
   endloop
 endfacet
 facet normal  1.000000e+00  0.000000e+00  0.000000e+00
   outer loop
     vertex  1.200000e+01 -4.622205e-01  1.160541e+02
     vertex  1.200000e+01 -3.547996e-01  1.160317e+02
     vertex  1.200000e+01 -3.006682e-01  1.160227e+02
   endloop
 endfacet
 facet normal  1.000000e+00  0.000000e+00  0.000000e+00
   outer loop
     vertex  1.200000e+01  1.935932e+00  1.185022e+02
     vertex  1.200000e+01  1.979286e+00  1.182871e+02
     vertex  1.200000e+01  1.960560e+00  1.183952e+02
   endloop
 endfacet
 facet normal  1.000000e+00  0.000000e+00  0.000000e+00
   outer loop
     vertex  1.200000e+01  1.935932e+00  1.185022e+02
     vertex  1.200000e+01  1.986418e+00  1.182327e+02
     vertex  1.200000e+01  1.979286e+00  1.182871e+02
   endloop
 endfacet
 facet normal  1.000000e+00  0.000000e+00  0.000000e+00
   outer loop
     vertex  1.200000e+01  1.935932e+00  1.185022e+02
     vertex  1.200000e+01  1.960560e+00  1.183952e+02
     vertex  1.200000e+01  1.948980e+00  1.184489e+02
   endloop
 endfacet
 facet normal  1.000000e+00  0.000000e+00  0.000000e+00
   outer loop
     vertex  1.200000e+01  1.921427e+00  1.185551e+02
     vertex  1.200000e+01  1.986418e+00  1.182327e+02
     vertex  1.200000e+01  1.935932e+00  1.185022e+02
   endloop
 endfacet
 facet normal  1.000000e+00  0.000000e+00  0.000000e+00
   outer loop
     vertex  1.200000e+01 -5.682499e-01  1.160824e+02
     vertex  1.200000e+01 -5.154292e-01  1.160676e+02
     vertex  1.200000e+01 -4.622205e-01  1.160541e+02
   endloop
 endfacet
 facet normal  1.000000e+00  0.000000e+00  0.000000e+00
   outer loop
     vertex  1.200000e+01 -5.682499e-01  1.160824e+02
     vertex  1.200000e+01 -8.228924e-02  1.160017e+02
     vertex  1.200000e+01 -2.743663e-02  1.160002e+02
   endloop
 endfacet
 facet normal  1.000000e+00  0.000000e+00  0.000000e+00
   outer loop
     vertex  1.200000e+01 -5.682499e-01  1.160824e+02
     vertex  1.200000e+01 -2.743663e-02  1.160002e+02
     vertex  1.200000e+01  2.743663e-02  1.160002e+02
   endloop
 endfacet
 facet normal  1.000000e+00  0.000000e+00  0.000000e+00
   outer loop
     vertex  1.200000e+01 -5.682499e-01  1.160824e+02
     vertex  1.200000e+01  2.743663e-02  1.160002e+02
     vertex  1.200000e+01  8.228924e-02  1.160017e+02
   endloop
 endfacet
 facet normal  1.000000e+00  0.000000e+00  0.000000e+00
   outer loop
     vertex  1.200000e+01 -5.682499e-01  1.160824e+02
     vertex  1.200000e+01 -3.006682e-01  1.160227e+02
     vertex  1.200000e+01 -8.228924e-02  1.160017e+02
   endloop
 endfacet
 facet normal  1.000000e+00  0.000000e+00  0.000000e+00
   outer loop
     vertex  1.200000e+01 -5.682499e-01  1.160824e+02
     vertex  1.200000e+01 -4.622205e-01  1.160541e+02
     vertex  1.200000e+01 -3.006682e-01  1.160227e+02
   endloop
 endfacet
 facet normal  1.000000e+00  0.000000e+00  0.000000e+00
   outer loop
     vertex  1.200000e+01  1.905476e+00  1.186076e+02
     vertex  1.200000e+01  1.986418e+00  1.182327e+02
     vertex  1.200000e+01  1.921427e+00  1.185551e+02
   endloop
 endfacet
 facet normal  1.000000e+00  0.000000e+00  0.000000e+00
   outer loop
     vertex  1.200000e+01 -6.206429e-01  1.160987e+02
     vertex  1.200000e+01 -5.682499e-01  1.160824e+02
     vertex  1.200000e+01  8.228924e-02  1.160017e+02
   endloop
 endfacet
 facet normal  1.000000e+00  0.000000e+00  0.000000e+00
   outer loop
     vertex  1.200000e+01  1.888090e+00  1.186596e+02
     vertex  1.200000e+01  1.986418e+00  1.182327e+02
     vertex  1.200000e+01  1.905476e+00  1.186076e+02
   endloop
 endfacet
 facet normal  1.000000e+00  0.000000e+00  0.000000e+00
   outer loop
     vertex  1.200000e+01  1.849069e+00  1.187622e+02
     vertex  1.200000e+01  1.888090e+00  1.186596e+02
     vertex  1.200000e+01  1.869283e+00  1.187112e+02
   endloop
 endfacet
 facet normal  1.000000e+00  0.000000e+00  0.000000e+00
   outer loop
     vertex  1.200000e+01 -7.748625e-01  1.161562e+02
     vertex  1.200000e+01 -7.239881e-01  1.161356e+02
     vertex  1.200000e+01 -6.725686e-01  1.161165e+02
   endloop
 endfacet
 facet normal  1.000000e+00  0.000000e+00  0.000000e+00
   outer loop
     vertex  1.200000e+01 -7.748625e-01  1.161562e+02
     vertex  1.200000e+01 -6.725686e-01  1.161165e+02
     vertex  1.200000e+01 -6.206429e-01  1.160987e+02
   endloop
 endfacet
 facet normal  1.000000e+00  0.000000e+00  0.000000e+00
   outer loop
     vertex  1.200000e+01  1.827463e+00  1.188126e+02
     vertex  1.200000e+01  1.888090e+00  1.186596e+02
     vertex  1.200000e+01  1.849069e+00  1.187622e+02
   endloop
 endfacet
 facet normal  1.000000e+00  0.000000e+00  0.000000e+00
   outer loop
     vertex  1.200000e+01  1.780141e+00  1.189116e+02
     vertex  1.200000e+01  1.827463e+00  1.188126e+02
     vertex  1.200000e+01  1.804481e+00  1.188625e+02
   endloop
 endfacet
 facet normal  1.000000e+00  0.000000e+00  0.000000e+00
   outer loop
     vertex  1.200000e+01  1.780141e+00  1.189116e+02
     vertex  1.200000e+01  1.888090e+00  1.186596e+02
     vertex  1.200000e+01  1.827463e+00  1.188126e+02
   endloop
 endfacet
 facet normal  1.000000e+00  0.000000e+00  0.000000e+00
   outer loop
     vertex  1.200000e+01  1.754461e+00  1.189601e+02
     vertex  1.200000e+01  1.888090e+00  1.186596e+02
     vertex  1.200000e+01  1.780141e+00  1.189116e+02
   endloop
 endfacet
 facet normal  1.000000e+00  0.000000e+00  0.000000e+00
   outer loop
     vertex  1.200000e+01 -1.019736e+00  1.162795e+02
     vertex  1.200000e+01 -9.721513e-01  1.162522e+02
     vertex  1.200000e+01 -9.238352e-01  1.162262e+02
   endloop
 endfacet
 facet normal  1.000000e+00  0.000000e+00  0.000000e+00
   outer loop
     vertex  1.200000e+01 -1.019736e+00  1.162795e+02
     vertex  1.200000e+01 -9.238352e-01  1.162262e+02
     vertex  1.200000e+01 -8.748237e-01  1.162015e+02
   endloop
 endfacet
 facet normal  1.000000e+00  0.000000e+00  0.000000e+00
   outer loop
     vertex  1.200000e+01 -1.019736e+00  1.162795e+02
     vertex  1.200000e+01 -8.748237e-01  1.162015e+02
     vertex  1.200000e+01 -8.251537e-01  1.161782e+02
   endloop
 endfacet
 facet normal  1.000000e+00  0.000000e+00  0.000000e+00
   outer loop
     vertex  1.200000e+01 -1.019736e+00  1.162795e+02
     vertex  1.200000e+01 -8.251537e-01  1.161782e+02
     vertex  1.200000e+01 -7.748625e-01  1.161562e+02
   endloop
 endfacet
 facet normal  1.000000e+00  0.000000e+00  0.000000e+00
   outer loop
     vertex  1.200000e+01  1.699159e+00  1.190549e+02
     vertex  1.200000e+01  1.754461e+00  1.189601e+02
     vertex  1.200000e+01  1.727460e+00  1.190079e+02
   endloop
 endfacet
 facet normal  1.000000e+00  0.000000e+00  0.000000e+00
   outer loop
     vertex  1.200000e+01 -1.066552e+00  1.163081e+02
     vertex  1.200000e+01  8.228924e-02  1.160017e+02
     vertex  1.200000e+01  1.370799e-01  1.160047e+02
   endloop
 endfacet
 facet normal  1.000000e+00  0.000000e+00  0.000000e+00
   outer loop
     vertex  1.200000e+01 -1.066552e+00  1.163081e+02
     vertex  1.200000e+01 -1.019736e+00  1.162795e+02
     vertex  1.200000e+01 -7.748625e-01  1.161562e+02
   endloop
 endfacet
 facet normal  1.000000e+00  0.000000e+00  0.000000e+00
   outer loop
     vertex  1.200000e+01 -1.066552e+00  1.163081e+02
     vertex  1.200000e+01 -6.206429e-01  1.160987e+02
     vertex  1.200000e+01  8.228924e-02  1.160017e+02
   endloop
 endfacet
 facet normal  1.000000e+00  0.000000e+00  0.000000e+00
   outer loop
     vertex  1.200000e+01 -1.066552e+00  1.163081e+02
     vertex  1.200000e+01 -7.748625e-01  1.161562e+02
     vertex  1.200000e+01 -6.206429e-01  1.160987e+02
   endloop
 endfacet
 facet normal  1.000000e+00  0.000000e+00  0.000000e+00
   outer loop
     vertex  1.200000e+01 -1.157742e+00  1.163692e+02
     vertex  1.200000e+01 -1.112566e+00  1.163380e+02
     vertex  1.200000e+01 -1.066552e+00  1.163081e+02
   endloop
 endfacet
 facet normal  1.000000e+00  0.000000e+00  0.000000e+00
   outer loop
     vertex  1.200000e+01  1.606670e+00  1.191911e+02
     vertex  1.200000e+01  1.669578e+00  1.191011e+02
     vertex  1.200000e+01  1.638741e+00  1.191465e+02
   endloop
 endfacet
 facet normal  1.000000e+00  0.000000e+00  0.000000e+00
   outer loop
     vertex  1.200000e+01  1.573390e+00  1.192347e+02
     vertex  1.200000e+01  1.754461e+00  1.189601e+02
     vertex  1.200000e+01  1.699159e+00  1.190549e+02
   endloop
 endfacet
 facet normal  1.000000e+00  0.000000e+00  0.000000e+00
   outer loop
     vertex  1.200000e+01  1.573390e+00  1.192347e+02
     vertex  1.200000e+01  1.669578e+00  1.191011e+02
     vertex  1.200000e+01  1.606670e+00  1.191911e+02
   endloop
 endfacet
 facet normal  1.000000e+00  0.000000e+00  0.000000e+00
   outer loop
     vertex  1.200000e+01  1.573390e+00  1.192347e+02
     vertex  1.200000e+01  1.699159e+00  1.190549e+02
     vertex  1.200000e+01  1.669578e+00  1.191011e+02
   endloop
 endfacet
 facet normal  1.000000e+00  0.000000e+00  0.000000e+00
   outer loop
     vertex  1.200000e+01 -1.245447e+00  1.164351e+02
     vertex  1.200000e+01 -1.202047e+00  1.164015e+02
     vertex  1.200000e+01 -1.157742e+00  1.163692e+02
   endloop
 endfacet
 facet normal  1.000000e+00  0.000000e+00  0.000000e+00
   outer loop
     vertex  1.200000e+01 -1.287909e+00  1.164699e+02
     vertex  1.200000e+01 -1.245447e+00  1.164351e+02
     vertex  1.200000e+01 -1.157742e+00  1.163692e+02
   endloop
 endfacet
 facet normal  1.000000e+00  0.000000e+00  0.000000e+00
   outer loop
     vertex  1.200000e+01 -1.329402e+00  1.165058e+02
     vertex  1.200000e+01 -1.287909e+00  1.164699e+02
     vertex  1.200000e+01 -1.157742e+00  1.163692e+02
   endloop
 endfacet
 facet normal  1.000000e+00  0.000000e+00  0.000000e+00
   outer loop
     vertex  1.200000e+01  1.466548e+00  1.193599e+02
     vertex  1.200000e+01  1.573390e+00  1.192347e+02
     vertex  1.200000e+01  1.538926e+00  1.192774e+02
   endloop
 endfacet
 facet normal  1.000000e+00  0.000000e+00  0.000000e+00
   outer loop
     vertex  1.200000e+01  1.466548e+00  1.193599e+02
     vertex  1.200000e+01  1.538926e+00  1.192774e+02
     vertex  1.200000e+01  1.503303e+00  1.193191e+02
   endloop
 endfacet
 facet normal  1.000000e+00  0.000000e+00  0.000000e+00
   outer loop
     vertex  1.200000e+01  1.428689e+00  1.193996e+02
     vertex  1.200000e+01  1.573390e+00  1.192347e+02
     vertex  1.200000e+01  1.466548e+00  1.193599e+02
   endloop
 endfacet
 facet normal  1.000000e+00  0.000000e+00  0.000000e+00
   outer loop
     vertex  1.200000e+01 -1.409355e+00  1.165809e+02
     vertex  1.200000e+01 -1.329402e+00  1.165058e+02
     vertex  1.200000e+01 -1.157742e+00  1.163692e+02
   endloop
 endfacet
 facet normal  1.000000e+00  0.000000e+00  0.000000e+00
   outer loop
     vertex  1.200000e+01 -1.409355e+00  1.165809e+02
     vertex  1.200000e+01 -1.369894e+00  1.165428e+02
     vertex  1.200000e+01 -1.329402e+00  1.165058e+02
   endloop
 endfacet
 facet normal  1.000000e+00  0.000000e+00  0.000000e+00
   outer loop
     vertex  1.200000e+01  1.308779e+00  1.195123e+02
     vertex  1.200000e+01  1.389755e+00  1.194383e+02
     vertex  1.200000e+01  1.349775e+00  1.194758e+02
   endloop
 endfacet
 facet normal  1.000000e+00  0.000000e+00  0.000000e+00
   outer loop
     vertex  1.200000e+01  1.308779e+00  1.195123e+02
     vertex  1.200000e+01  1.573390e+00  1.192347e+02
     vertex  1.200000e+01  1.428689e+00  1.193996e+02
   endloop
 endfacet
 facet normal  1.000000e+00  0.000000e+00  0.000000e+00
   outer loop
     vertex  1.200000e+01  1.308779e+00  1.195123e+02
     vertex  1.200000e+01  1.428689e+00  1.193996e+02
     vertex  1.200000e+01  1.389755e+00  1.194383e+02
   endloop
 endfacet
 facet normal  1.000000e+00  0.000000e+00  0.000000e+00
   outer loop
     vertex  1.200000e+01  1.266797e+00  1.195477e+02
     vertex  1.200000e+01  1.878863e+00  1.173145e+02
     vertex  1.200000e+01  1.954954e+00  1.175779e+02
   endloop
 endfacet
 facet normal  1.000000e+00  0.000000e+00  0.000000e+00
   outer loop
     vertex  1.200000e+01  1.266797e+00  1.195477e+02
     vertex  1.200000e+01  1.754461e+00  1.189601e+02
     vertex  1.200000e+01  1.573390e+00  1.192347e+02
   endloop
 endfacet
 facet normal  1.000000e+00  0.000000e+00  0.000000e+00
   outer loop
     vertex  1.200000e+01  1.266797e+00  1.195477e+02
     vertex  1.200000e+01  1.994310e+00  1.178492e+02
     vertex  1.200000e+01  1.999577e+00  1.179588e+02
   endloop
 endfacet
 facet normal  1.000000e+00  0.000000e+00  0.000000e+00
   outer loop
     vertex  1.200000e+01  1.266797e+00  1.195477e+02
     vertex  1.200000e+01  1.409355e+00  1.165809e+02
     vertex  1.200000e+01  1.447755e+00  1.166201e+02
   endloop
 endfacet
 facet normal  1.000000e+00  0.000000e+00  0.000000e+00
   outer loop
     vertex  1.200000e+01  1.266797e+00  1.195477e+02
     vertex  1.200000e+01  1.573390e+00  1.192347e+02
     vertex  1.200000e+01  1.308779e+00  1.195123e+02
   endloop
 endfacet
 facet normal  1.000000e+00  0.000000e+00  0.000000e+00
   outer loop
     vertex  1.200000e+01  1.266797e+00  1.195477e+02
     vertex  1.200000e+01  1.447755e+00  1.166201e+02
     vertex  1.200000e+01  1.590180e+00  1.167870e+02
   endloop
 endfacet
 facet normal  1.000000e+00  0.000000e+00  0.000000e+00
   outer loop
     vertex  1.200000e+01  1.266797e+00  1.195477e+02
     vertex  1.200000e+01  1.590180e+00  1.167870e+02
     vertex  1.200000e+01  1.622858e+00  1.168311e+02
   endloop
 endfacet
 facet normal  1.000000e+00  0.000000e+00  0.000000e+00
   outer loop
     vertex  1.200000e+01  1.266797e+00  1.195477e+02
     vertex  1.200000e+01  1.998824e+00  1.180686e+02
     vertex  1.200000e+01  1.986418e+00  1.182327e+02
   endloop
 endfacet
 facet normal  1.000000e+00  0.000000e+00  0.000000e+00
   outer loop
     vertex  1.200000e+01  1.266797e+00  1.195477e+02
     vertex  1.200000e+01  1.622858e+00  1.168311e+02
     vertex  1.200000e+01  1.713470e+00  1.169685e+02
   endloop
 endfacet
 facet normal  1.000000e+00  0.000000e+00  0.000000e+00
   outer loop
     vertex  1.200000e+01  1.266797e+00  1.195477e+02
     vertex  1.200000e+01  1.999577e+00  1.179588e+02
     vertex  1.200000e+01  1.999953e+00  1.180137e+02
   endloop
 endfacet
 facet normal  1.000000e+00  0.000000e+00  0.000000e+00
   outer loop
     vertex  1.200000e+01  1.266797e+00  1.195477e+02
     vertex  1.200000e+01  1.999953e+00  1.180137e+02
     vertex  1.200000e+01  1.998824e+00  1.180686e+02
   endloop
 endfacet
 facet normal  1.000000e+00  0.000000e+00  0.000000e+00
   outer loop
     vertex  1.200000e+01  1.266797e+00  1.195477e+02
     vertex  1.200000e+01  1.954954e+00  1.175779e+02
     vertex  1.200000e+01  1.994310e+00  1.178492e+02
   endloop
 endfacet
 facet normal  1.000000e+00  0.000000e+00  0.000000e+00
   outer loop
     vertex  1.200000e+01  1.266797e+00  1.195477e+02
     vertex  1.200000e+01  1.986418e+00  1.182327e+02
     vertex  1.200000e+01  1.888090e+00  1.186596e+02
   endloop
 endfacet
 facet normal  1.000000e+00  0.000000e+00  0.000000e+00
   outer loop
     vertex  1.200000e+01  1.266797e+00  1.195477e+02
     vertex  1.200000e+01  1.713470e+00  1.169685e+02
     vertex  1.200000e+01  1.838439e+00  1.172125e+02
   endloop
 endfacet
 facet normal  1.000000e+00  0.000000e+00  0.000000e+00
   outer loop
     vertex  1.200000e+01  1.266797e+00  1.195477e+02
     vertex  1.200000e+01  1.888090e+00  1.186596e+02
     vertex  1.200000e+01  1.754461e+00  1.189601e+02
   endloop
 endfacet
 facet normal  1.000000e+00  0.000000e+00  0.000000e+00
   outer loop
     vertex  1.200000e+01  1.266797e+00  1.195477e+02
     vertex  1.200000e+01  1.838439e+00  1.172125e+02
     vertex  1.200000e+01  1.878863e+00  1.173145e+02
   endloop
 endfacet
 facet normal  1.000000e+00  0.000000e+00  0.000000e+00
   outer loop
     vertex  1.200000e+01 -1.556304e+00  1.167438e+02
     vertex  1.200000e+01 -1.521257e+00  1.167016e+02
     vertex  1.200000e+01 -1.485065e+00  1.166604e+02
   endloop
 endfacet
 facet normal  1.000000e+00  0.000000e+00  0.000000e+00
   outer loop
     vertex  1.200000e+01 -1.556304e+00  1.167438e+02
     vertex  1.200000e+01 -1.485065e+00  1.166604e+02
     vertex  1.200000e+01 -1.447755e+00  1.166201e+02
   endloop
 endfacet
 facet normal  1.000000e+00  0.000000e+00  0.000000e+00
   outer loop
     vertex  1.200000e+01 -1.556304e+00  1.167438e+02
     vertex  1.200000e+01 -1.447755e+00  1.166201e+02
     vertex  1.200000e+01 -1.409355e+00  1.165809e+02
   endloop
 endfacet
 facet normal  1.000000e+00  0.000000e+00  0.000000e+00
   outer loop
     vertex  1.200000e+01  1.135261e+00  1.196466e+02
     vertex  1.200000e+01  1.266797e+00  1.195477e+02
     vertex  1.200000e+01  1.223862e+00  1.195818e+02
   endloop
 endfacet
 facet normal  1.000000e+00  0.000000e+00  0.000000e+00
   outer loop
     vertex  1.200000e+01  1.135261e+00  1.196466e+02
     vertex  1.200000e+01  1.223862e+00  1.195818e+02
     vertex  1.200000e+01  1.180006e+00  1.196148e+02
   endloop
 endfacet
 facet normal  1.000000e+00  0.000000e+00  0.000000e+00
   outer loop
     vertex  1.200000e+01 -1.654315e+00  1.168761e+02
     vertex  1.200000e+01 -1.556304e+00  1.167438e+02
     vertex  1.200000e+01 -1.409355e+00  1.165809e+02
   endloop
 endfacet
 facet normal  1.000000e+00  0.000000e+00  0.000000e+00
   outer loop
     vertex  1.200000e+01 -1.654315e+00  1.168761e+02
     vertex  1.200000e+01 -1.622858e+00  1.168311e+02
     vertex  1.200000e+01 -1.590180e+00  1.167870e+02
   endloop
 endfacet
 facet normal  1.000000e+00  0.000000e+00  0.000000e+00
   outer loop
     vertex  1.200000e+01 -1.654315e+00  1.168761e+02
     vertex  1.200000e+01 -1.590180e+00  1.167870e+02
     vertex  1.200000e+01 -1.556304e+00  1.167438e+02
   endloop
 endfacet
 facet normal  1.000000e+00  0.000000e+00  0.000000e+00
   outer loop
     vertex  1.200000e+01  1.089662e+00  1.196771e+02
     vertex  1.200000e+01  1.266797e+00  1.195477e+02
     vertex  1.200000e+01  1.135261e+00  1.196466e+02
   endloop
 endfacet
 facet normal  1.000000e+00  0.000000e+00  0.000000e+00
   outer loop
     vertex  1.200000e+01  1.043242e+00  1.197064e+02
     vertex  1.200000e+01  1.266797e+00  1.195477e+02
     vertex  1.200000e+01  1.089662e+00  1.196771e+02
   endloop
 endfacet
 facet normal  1.000000e+00  0.000000e+00  0.000000e+00
   outer loop
     vertex  1.200000e+01 -1.741124e+00  1.170159e+02
     vertex  1.200000e+01 -1.409355e+00  1.165809e+02
     vertex  1.200000e+01 -1.157742e+00  1.163692e+02
   endloop
 endfacet
 facet normal  1.000000e+00  0.000000e+00  0.000000e+00
   outer loop
     vertex  1.200000e+01 -1.741124e+00  1.170159e+02
     vertex  1.200000e+01 -1.713470e+00  1.169685e+02
     vertex  1.200000e+01 -1.684527e+00  1.169219e+02
   endloop
 endfacet
 facet normal  1.000000e+00  0.000000e+00  0.000000e+00
   outer loop
     vertex  1.200000e+01 -1.741124e+00  1.170159e+02
     vertex  1.200000e+01 -1.684527e+00  1.169219e+02
     vertex  1.200000e+01 -1.654315e+00  1.168761e+02
   endloop
 endfacet
 facet normal  1.000000e+00  0.000000e+00  0.000000e+00
   outer loop
     vertex  1.200000e+01 -1.741124e+00  1.170159e+02
     vertex  1.200000e+01 -1.654315e+00  1.168761e+02
     vertex  1.200000e+01 -1.409355e+00  1.165809e+02
   endloop
 endfacet
 facet normal  1.000000e+00  0.000000e+00  0.000000e+00
   outer loop
     vertex  1.200000e+01 -1.741124e+00  1.170159e+02
     vertex  1.200000e+01 -1.157742e+00  1.163692e+02
     vertex  1.200000e+01 -1.066552e+00  1.163081e+02
   endloop
 endfacet
 facet normal  1.000000e+00  0.000000e+00  0.000000e+00
   outer loop
     vertex  1.200000e+01  9.480825e-01  1.197610e+02
     vertex  1.200000e+01  1.043242e+00  1.197064e+02
     vertex  1.200000e+01  9.960371e-01  1.197343e+02
   endloop
 endfacet
 facet normal  1.000000e+00  0.000000e+00  0.000000e+00
   outer loop
     vertex  1.200000e+01  8.994141e-01  1.197864e+02
     vertex  1.200000e+01  1.043242e+00  1.197064e+02
     vertex  1.200000e+01  9.480825e-01  1.197610e+02
   endloop
 endfacet
 facet normal  1.000000e+00  0.000000e+00  0.000000e+00
   outer loop
     vertex  1.200000e+01 -1.792480e+00  1.171129e+02
     vertex  1.200000e+01 -1.767467e+00  1.170640e+02
     vertex  1.200000e+01 -1.741124e+00  1.170159e+02
   endloop
 endfacet
 facet normal  1.000000e+00  0.000000e+00  0.000000e+00
   outer loop
     vertex  1.200000e+01  8.500687e-01  1.198104e+02
     vertex  1.200000e+01  1.043242e+00  1.197064e+02
     vertex  1.200000e+01  8.994141e-01  1.197864e+02
   endloop
 endfacet
 facet normal  1.000000e+00  0.000000e+00  0.000000e+00
   outer loop
     vertex  1.200000e+01  8.500687e-01  1.198104e+02
     vertex  1.200000e+01  1.266797e+00  1.195477e+02
     vertex  1.200000e+01  1.043242e+00  1.197064e+02
   endloop
 endfacet
 facet normal  1.000000e+00  0.000000e+00  0.000000e+00
   outer loop
     vertex  1.200000e+01 -1.838439e+00  1.172125e+02
     vertex  1.200000e+01 -1.792480e+00  1.171129e+02
     vertex  1.200000e+01 -1.741124e+00  1.170159e+02
   endloop
 endfacet
 facet normal  1.000000e+00  0.000000e+00  0.000000e+00
   outer loop
     vertex  1.200000e+01 -1.838439e+00  1.172125e+02
     vertex  1.200000e+01 -1.816143e+00  1.171624e+02
     vertex  1.200000e+01 -1.792480e+00  1.171129e+02
   endloop
 endfacet
 facet normal  1.000000e+00  0.000000e+00  0.000000e+00
   outer loop
     vertex  1.200000e+01  6.983441e-01  1.198741e+02
     vertex  1.200000e+01  1.266797e+00  1.195477e+02
     vertex  1.200000e+01  8.500687e-01  1.198104e+02
   endloop
 endfacet
 facet normal  1.000000e+00  0.000000e+00  0.000000e+00
   outer loop
     vertex  1.200000e+01  6.983441e-01  1.198741e+02
     vertex  1.200000e+01  8.500687e-01  1.198104e+02
     vertex  1.200000e+01  8.000834e-01  1.198330e+02
   endloop
 endfacet
 facet normal  1.000000e+00  0.000000e+00  0.000000e+00
   outer loop
     vertex  1.200000e+01  6.983441e-01  1.198741e+02
     vertex  1.200000e+01  8.000834e-01  1.198330e+02
     vertex  1.200000e+01  7.494958e-01  1.198543e+02
   endloop
 endfacet
 facet normal  1.000000e+00  0.000000e+00  0.000000e+00
   outer loop
     vertex  1.200000e+01  6.466666e-01  1.198926e+02
     vertex  1.200000e+01  1.266797e+00  1.195477e+02
     vertex  1.200000e+01  6.983441e-01  1.198741e+02
   endloop
 endfacet
 facet normal  1.000000e+00  0.000000e+00  0.000000e+00
   outer loop
     vertex  1.200000e+01 -1.896961e+00  1.173663e+02
     vertex  1.200000e+01 -1.878863e+00  1.173145e+02
     vertex  1.200000e+01 -1.859351e+00  1.172632e+02
   endloop
 endfacet
 facet normal  1.000000e+00  0.000000e+00  0.000000e+00
   outer loop
     vertex  1.200000e+01 -1.896961e+00  1.173663e+02
     vertex  1.200000e+01 -1.859351e+00  1.172632e+02
     vertex  1.200000e+01 -1.838439e+00  1.172125e+02
   endloop
 endfacet
 facet normal  1.000000e+00  0.000000e+00  0.000000e+00
   outer loop
     vertex  1.200000e+01  5.945023e-01  1.199096e+02
     vertex  1.200000e+01  1.266797e+00  1.195477e+02
     vertex  1.200000e+01  6.466666e-01  1.198926e+02
   endloop
 endfacet
 facet normal  1.000000e+00  0.000000e+00  0.000000e+00
   outer loop
     vertex  1.200000e+01  5.418906e-01  1.199252e+02
     vertex  1.200000e+01  1.266797e+00  1.195477e+02
     vertex  1.200000e+01  5.945023e-01  1.199096e+02
   endloop
 endfacet
 facet normal  1.000000e+00  0.000000e+00  0.000000e+00
   outer loop
     vertex  1.200000e+01 -1.942639e+00  1.175244e+02
     vertex  1.200000e+01 -1.928861e+00  1.174713e+02
     vertex  1.200000e+01 -1.913632e+00  1.174186e+02
   endloop
 endfacet
 facet normal  1.000000e+00  0.000000e+00  0.000000e+00
   outer loop
     vertex  1.200000e+01 -1.942639e+00  1.175244e+02
     vertex  1.200000e+01 -1.913632e+00  1.174186e+02
     vertex  1.200000e+01 -1.896961e+00  1.173663e+02
   endloop
 endfacet
 facet normal  1.000000e+00  0.000000e+00  0.000000e+00
   outer loop
     vertex  1.200000e+01  4.354831e-01  1.199520e+02
     vertex  1.200000e+01  5.418906e-01  1.199252e+02
     vertex  1.200000e+01  4.888709e-01  1.199393e+02
   endloop
 endfacet
 facet normal  1.000000e+00  0.000000e+00  0.000000e+00
   outer loop
     vertex  1.200000e+01  4.354831e-01  1.199520e+02
     vertex  1.200000e+01  1.266797e+00  1.195477e+02
     vertex  1.200000e+01  5.418906e-01  1.199252e+02
   endloop
 endfacet
 facet normal  1.000000e+00  0.000000e+00  0.000000e+00
   outer loop
     vertex  1.200000e+01 -1.954954e+00  1.175779e+02
     vertex  1.200000e+01 -1.942639e+00  1.175244e+02
     vertex  1.200000e+01 -1.896961e+00  1.173663e+02
   endloop
 endfacet
 facet normal  1.000000e+00  0.000000e+00  0.000000e+00
   outer loop
     vertex  1.200000e+01  3.817676e-01  1.199632e+02
     vertex  1.200000e+01  1.266797e+00  1.195477e+02
     vertex  1.200000e+01  4.354831e-01  1.199520e+02
   endloop
 endfacet
 facet normal  1.000000e+00  0.000000e+00  0.000000e+00
   outer loop
     vertex  1.200000e+01 -1.965798e+00  1.176317e+02
     vertex  1.200000e+01 -1.954954e+00  1.175779e+02
     vertex  1.200000e+01 -1.896961e+00  1.173663e+02
   endloop
 endfacet
 facet normal  1.000000e+00  0.000000e+00  0.000000e+00
   outer loop
     vertex  1.200000e+01  3.277647e-01  1.199730e+02
     vertex  1.200000e+01  1.266797e+00  1.195477e+02
     vertex  1.200000e+01  3.817676e-01  1.199632e+02
   endloop
 endfacet
 facet normal  1.000000e+00  0.000000e+00  0.000000e+00
   outer loop
     vertex  1.200000e+01 -1.983039e+00  1.177401e+02
     vertex  1.200000e+01 -1.896961e+00  1.173663e+02
     vertex  1.200000e+01 -1.838439e+00  1.172125e+02
   endloop
 endfacet
 facet normal  1.000000e+00  0.000000e+00  0.000000e+00
   outer loop
     vertex  1.200000e+01 -1.983039e+00  1.177401e+02
     vertex  1.200000e+01 -1.975162e+00  1.176858e+02
     vertex  1.200000e+01 -1.965798e+00  1.176317e+02
   endloop
 endfacet
 facet normal  1.000000e+00  0.000000e+00  0.000000e+00
   outer loop
     vertex  1.200000e+01 -1.983039e+00  1.177401e+02
     vertex  1.200000e+01 -1.965798e+00  1.176317e+02
     vertex  1.200000e+01 -1.896961e+00  1.173663e+02
   endloop
 endfacet
 facet normal  1.000000e+00  0.000000e+00  0.000000e+00
   outer loop
     vertex  1.200000e+01  2.190595e-01  1.199880e+02
     vertex  1.200000e+01  3.277647e-01  1.199730e+02
     vertex  1.200000e+01  2.735151e-01  1.199812e+02
   endloop
 endfacet
 facet normal  1.000000e+00  0.000000e+00  0.000000e+00
   outer loop
     vertex  1.200000e+01  2.190595e-01  1.199880e+02
     vertex  1.200000e+01  1.266797e+00  1.195477e+02
     vertex  1.200000e+01  3.277647e-01  1.199730e+02
   endloop
 endfacet
 facet normal  1.000000e+00  0.000000e+00  0.000000e+00
   outer loop
     vertex  1.200000e+01 -1.994310e+00  1.178492e+02
     vertex  1.200000e+01 -1.989423e+00  1.177946e+02
     vertex  1.200000e+01 -1.983039e+00  1.177401e+02
   endloop
 endfacet
 facet normal  1.000000e+00  0.000000e+00  0.000000e+00
   outer loop
     vertex  1.200000e+01  5.486810e-02  1.199992e+02
     vertex  1.200000e+01  1.644391e-01  1.199932e+02
     vertex  1.200000e+01  1.096949e-01  1.199970e+02
   endloop
 endfacet
 facet normal  1.000000e+00  0.000000e+00  0.000000e+00
   outer loop
     vertex  1.200000e+01  4.898587e-16  1.200000e+02
     vertex  1.200000e+01  1.644391e-01  1.199932e+02
     vertex  1.200000e+01  5.486810e-02  1.199992e+02
   endloop
 endfacet
 facet normal  1.000000e+00  0.000000e+00  0.000000e+00
   outer loop
     vertex  1.200000e+01 -5.486810e-02  1.199992e+02
     vertex  1.200000e+01  2.190595e-01  1.199880e+02
     vertex  1.200000e+01  1.644391e-01  1.199932e+02
   endloop
 endfacet
 facet normal  1.000000e+00 -0.000000e+00  0.000000e+00
   outer loop
     vertex  1.200000e+01 -5.486810e-02  1.199992e+02
     vertex  1.200000e+01  1.644391e-01  1.199932e+02
     vertex  1.200000e+01  4.898587e-16  1.200000e+02
   endloop
 endfacet
 facet normal  1.000000e+00  0.000000e+00  0.000000e+00
   outer loop
     vertex  1.200000e+01 -1.998824e+00  1.180686e+02
     vertex  1.200000e+01 -1.999953e+00  1.180137e+02
     vertex  1.200000e+01 -1.999577e+00  1.179588e+02
   endloop
 endfacet
 facet normal  1.000000e+00  0.000000e+00  0.000000e+00
   outer loop
     vertex  1.200000e+01 -1.644391e-01  1.199932e+02
     vertex  1.200000e+01 -5.486810e-02  1.199992e+02
     vertex  1.200000e+01 -1.096949e-01  1.199970e+02
   endloop
 endfacet
 facet normal  1.000000e+00 -0.000000e+00  0.000000e+00
   outer loop
     vertex  1.200000e+01 -1.644391e-01  1.199932e+02
     vertex  1.200000e+01  2.190595e-01  1.199880e+02
     vertex  1.200000e+01 -5.486810e-02  1.199992e+02
   endloop
 endfacet
 facet normal  1.000000e+00  0.000000e+00  0.000000e+00
   outer loop
     vertex  1.200000e+01 -1.979286e+00  1.182871e+02
     vertex  1.200000e+01 -1.986418e+00  1.182327e+02
     vertex  1.200000e+01 -1.992054e+00  1.181781e+02
   endloop
 endfacet
 facet normal  1.000000e+00  0.000000e+00  0.000000e+00
   outer loop
     vertex  1.200000e+01 -1.979286e+00  1.182871e+02
     vertex  1.200000e+01 -1.992054e+00  1.181781e+02
     vertex  1.200000e+01 -1.996190e+00  1.181234e+02
   endloop
 endfacet
 facet normal  1.000000e+00  0.000000e+00  0.000000e+00
   outer loop
     vertex  1.200000e+01 -1.979286e+00  1.182871e+02
     vertex  1.200000e+01 -1.998824e+00  1.180686e+02
     vertex  1.200000e+01 -1.999577e+00  1.179588e+02
   endloop
 endfacet
 facet normal  1.000000e+00  0.000000e+00  0.000000e+00
   outer loop
     vertex  1.200000e+01 -1.979286e+00  1.182871e+02
     vertex  1.200000e+01 -1.996190e+00  1.181234e+02
     vertex  1.200000e+01 -1.998824e+00  1.180686e+02
   endloop
 endfacet
 facet normal  1.000000e+00  0.000000e+00  0.000000e+00
   outer loop
     vertex  1.200000e+01 -1.970665e+00  1.183413e+02
     vertex  1.200000e+01 -1.994310e+00  1.178492e+02
     vertex  1.200000e+01 -1.983039e+00  1.177401e+02
   endloop
 endfacet
 facet normal  1.000000e+00  0.000000e+00  0.000000e+00
   outer loop
     vertex  1.200000e+01 -1.970665e+00  1.183413e+02
     vertex  1.200000e+01 -1.999577e+00  1.179588e+02
     vertex  1.200000e+01 -1.997695e+00  1.179040e+02
   endloop
 endfacet
 facet normal  1.000000e+00  0.000000e+00  0.000000e+00
   outer loop
     vertex  1.200000e+01 -1.970665e+00  1.183413e+02
     vertex  1.200000e+01 -1.997695e+00  1.179040e+02
     vertex  1.200000e+01 -1.994310e+00  1.178492e+02
   endloop
 endfacet
 facet normal  1.000000e+00  0.000000e+00  0.000000e+00
   outer loop
     vertex  1.200000e+01 -1.970665e+00  1.183413e+02
     vertex  1.200000e+01 -1.979286e+00  1.182871e+02
     vertex  1.200000e+01 -1.999577e+00  1.179588e+02
   endloop
 endfacet
 facet normal  1.000000e+00  0.000000e+00  0.000000e+00
   outer loop
     vertex  1.200000e+01 -3.817676e-01  1.199632e+02
     vertex  1.200000e+01 -1.644391e-01  1.199932e+02
     vertex  1.200000e+01 -2.190595e-01  1.199880e+02
   endloop
 endfacet
 facet normal  1.000000e+00  0.000000e+00  0.000000e+00
   outer loop
     vertex  1.200000e+01 -3.817676e-01  1.199632e+02
     vertex  1.200000e+01 -2.190595e-01  1.199880e+02
     vertex  1.200000e+01 -2.735151e-01  1.199812e+02
   endloop
 endfacet
 facet normal  1.000000e+00  0.000000e+00  0.000000e+00
   outer loop
     vertex  1.200000e+01 -3.817676e-01  1.199632e+02
     vertex  1.200000e+01 -2.735151e-01  1.199812e+02
     vertex  1.200000e+01 -3.277647e-01  1.199730e+02
   endloop
 endfacet
 facet normal  1.000000e+00  0.000000e+00  0.000000e+00
   outer loop
     vertex  1.200000e+01 -4.354831e-01  1.199520e+02
     vertex  1.200000e+01  2.190595e-01  1.199880e+02
     vertex  1.200000e+01 -1.644391e-01  1.199932e+02
   endloop
 endfacet
 facet normal  1.000000e+00  0.000000e+00  0.000000e+00
   outer loop
     vertex  1.200000e+01 -4.354831e-01  1.199520e+02
     vertex  1.200000e+01 -1.644391e-01  1.199932e+02
     vertex  1.200000e+01 -3.817676e-01  1.199632e+02
   endloop
 endfacet
 facet normal  1.000000e+00  0.000000e+00  0.000000e+00
   outer loop
     vertex  1.200000e+01 -1.948980e+00  1.184489e+02
     vertex  1.200000e+01 -1.960560e+00  1.183952e+02
     vertex  1.200000e+01 -1.970665e+00  1.183413e+02
   endloop
 endfacet
 facet normal  1.000000e+00  0.000000e+00  0.000000e+00
   outer loop
     vertex  1.200000e+01 -1.921427e+00  1.185551e+02
     vertex  1.200000e+01 -1.948980e+00  1.184489e+02
     vertex  1.200000e+01 -1.970665e+00  1.183413e+02
   endloop
 endfacet
 facet normal  1.000000e+00  0.000000e+00  0.000000e+00
   outer loop
     vertex  1.200000e+01 -1.921427e+00  1.185551e+02
     vertex  1.200000e+01 -1.935932e+00  1.185022e+02
     vertex  1.200000e+01 -1.948980e+00  1.184489e+02
   endloop
 endfacet
 facet normal  1.000000e+00  0.000000e+00  0.000000e+00
   outer loop
     vertex  1.200000e+01 -1.905476e+00  1.186076e+02
     vertex  1.200000e+01 -1.921427e+00  1.185551e+02
     vertex  1.200000e+01 -1.970665e+00  1.183413e+02
   endloop
 endfacet
 facet normal  1.000000e+00  0.000000e+00  0.000000e+00
   outer loop
     vertex  1.200000e+01 -6.466666e-01  1.198926e+02
     vertex  1.200000e+01 -4.888709e-01  1.199393e+02
     vertex  1.200000e+01 -5.418906e-01  1.199252e+02
   endloop
 endfacet
 facet normal  1.000000e+00  0.000000e+00  0.000000e+00
   outer loop
     vertex  1.200000e+01 -6.466666e-01  1.198926e+02
     vertex  1.200000e+01 -5.418906e-01  1.199252e+02
     vertex  1.200000e+01 -5.945023e-01  1.199096e+02
   endloop
 endfacet
 facet normal  1.000000e+00  0.000000e+00  0.000000e+00
   outer loop
     vertex  1.200000e+01 -6.983441e-01  1.198741e+02
     vertex  1.200000e+01 -4.888709e-01  1.199393e+02
     vertex  1.200000e+01 -6.466666e-01  1.198926e+02
   endloop
 endfacet
 facet normal  1.000000e+00  0.000000e+00  0.000000e+00
   outer loop
     vertex  1.200000e+01 -6.983441e-01  1.198741e+02
     vertex  1.200000e+01 -4.354831e-01  1.199520e+02
     vertex  1.200000e+01 -4.888709e-01  1.199393e+02
   endloop
 endfacet
 facet normal  1.000000e+00  0.000000e+00  0.000000e+00
   outer loop
     vertex  1.200000e+01 -1.869283e+00  1.187112e+02
     vertex  1.200000e+01 -1.905476e+00  1.186076e+02
     vertex  1.200000e+01 -1.970665e+00  1.183413e+02
   endloop
 endfacet
 facet normal  1.000000e+00  0.000000e+00  0.000000e+00
   outer loop
     vertex  1.200000e+01 -1.869283e+00  1.187112e+02
     vertex  1.200000e+01 -1.888090e+00  1.186596e+02
     vertex  1.200000e+01 -1.905476e+00  1.186076e+02
   endloop
 endfacet
 facet normal  1.000000e+00  0.000000e+00  0.000000e+00
   outer loop
     vertex  1.200000e+01 -8.000834e-01  1.198330e+02
     vertex  1.200000e+01 -6.983441e-01  1.198741e+02
     vertex  1.200000e+01 -7.494958e-01  1.198543e+02
   endloop
 endfacet
 facet normal  1.000000e+00  0.000000e+00  0.000000e+00
   outer loop
     vertex  1.200000e+01 -8.000834e-01  1.198330e+02
     vertex  1.200000e+01 -4.354831e-01  1.199520e+02
     vertex  1.200000e+01 -6.983441e-01  1.198741e+02
   endloop
 endfacet
 facet normal  1.000000e+00  0.000000e+00  0.000000e+00
   outer loop
     vertex  1.200000e+01 -8.994141e-01  1.197864e+02
     vertex  1.200000e+01 -8.000834e-01  1.198330e+02
     vertex  1.200000e+01 -8.500687e-01  1.198104e+02
   endloop
 endfacet
 facet normal  1.000000e+00  0.000000e+00  0.000000e+00
   outer loop
     vertex  1.200000e+01 -1.780141e+00  1.189116e+02
     vertex  1.200000e+01 -1.869283e+00  1.187112e+02
     vertex  1.200000e+01 -1.970665e+00  1.183413e+02
   endloop
 endfacet
 facet normal  1.000000e+00  0.000000e+00  0.000000e+00
   outer loop
     vertex  1.200000e+01 -1.780141e+00  1.189116e+02
     vertex  1.200000e+01 -1.804481e+00  1.188625e+02
     vertex  1.200000e+01 -1.827463e+00  1.188126e+02
   endloop
 endfacet
 facet normal  1.000000e+00  0.000000e+00  0.000000e+00
   outer loop
     vertex  1.200000e+01 -1.780141e+00  1.189116e+02
     vertex  1.200000e+01 -1.827463e+00  1.188126e+02
     vertex  1.200000e+01 -1.849069e+00  1.187622e+02
   endloop
 endfacet
 facet normal  1.000000e+00  0.000000e+00  0.000000e+00
   outer loop
     vertex  1.200000e+01 -1.780141e+00  1.189116e+02
     vertex  1.200000e+01 -1.849069e+00  1.187622e+02
     vertex  1.200000e+01 -1.869283e+00  1.187112e+02
   endloop
 endfacet
 facet normal  1.000000e+00  0.000000e+00  0.000000e+00
   outer loop
     vertex  1.200000e+01 -9.960371e-01  1.197343e+02
     vertex  1.200000e+01 -8.994141e-01  1.197864e+02
     vertex  1.200000e+01 -9.480825e-01  1.197610e+02
   endloop
 endfacet
 facet normal  1.000000e+00  0.000000e+00  0.000000e+00
   outer loop
     vertex  1.200000e+01 -9.960371e-01  1.197343e+02
     vertex  1.200000e+01 -8.000834e-01  1.198330e+02
     vertex  1.200000e+01 -8.994141e-01  1.197864e+02
   endloop
 endfacet
 facet normal  1.000000e+00  0.000000e+00  0.000000e+00
   outer loop
     vertex  1.200000e+01 -1.043242e+00  1.197064e+02
     vertex  1.200000e+01 -8.000834e-01  1.198330e+02
     vertex  1.200000e+01 -9.960371e-01  1.197343e+02
   endloop
 endfacet
 facet normal  1.000000e+00  0.000000e+00  0.000000e+00
   outer loop
     vertex  1.200000e+01 -1.699159e+00  1.190549e+02
     vertex  1.200000e+01 -1.727460e+00  1.190079e+02
     vertex  1.200000e+01 -1.754461e+00  1.189601e+02
   endloop
 endfacet
 facet normal  1.000000e+00  0.000000e+00  0.000000e+00
   outer loop
     vertex  1.200000e+01 -1.089662e+00  1.196771e+02
     vertex  1.200000e+01 -8.000834e-01  1.198330e+02
     vertex  1.200000e+01 -1.043242e+00  1.197064e+02
   endloop
 endfacet
 facet normal  1.000000e+00  0.000000e+00  0.000000e+00
   outer loop
     vertex  1.200000e+01 -1.089662e+00  1.196771e+02
     vertex  1.200000e+01 -4.354831e-01  1.199520e+02
     vertex  1.200000e+01 -8.000834e-01  1.198330e+02
   endloop
 endfacet
 facet normal  1.000000e+00  0.000000e+00  0.000000e+00
   outer loop
     vertex  1.200000e+01 -1.606670e+00  1.191911e+02
     vertex  1.200000e+01 -1.638741e+00  1.191465e+02
     vertex  1.200000e+01 -1.669578e+00  1.191011e+02
   endloop
 endfacet
 facet normal  1.000000e+00  0.000000e+00  0.000000e+00
   outer loop
     vertex  1.200000e+01 -1.606670e+00  1.191911e+02
     vertex  1.200000e+01 -1.669578e+00  1.191011e+02
     vertex  1.200000e+01 -1.699159e+00  1.190549e+02
   endloop
 endfacet
 facet normal  1.000000e+00  0.000000e+00  0.000000e+00
   outer loop
     vertex  1.200000e+01 -1.606670e+00  1.191911e+02
     vertex  1.200000e+01 -1.754461e+00  1.189601e+02
     vertex  1.200000e+01 -1.780141e+00  1.189116e+02
   endloop
 endfacet
 facet normal  1.000000e+00  0.000000e+00  0.000000e+00
   outer loop
     vertex  1.200000e+01 -1.606670e+00  1.191911e+02
     vertex  1.200000e+01 -1.699159e+00  1.190549e+02
     vertex  1.200000e+01 -1.754461e+00  1.189601e+02
   endloop
 endfacet
 facet normal  1.000000e+00  0.000000e+00  0.000000e+00
   outer loop
     vertex  1.200000e+01 -1.223862e+00  1.195818e+02
     vertex  1.200000e+01 -4.354831e-01  1.199520e+02
     vertex  1.200000e+01 -1.089662e+00  1.196771e+02
   endloop
 endfacet
 facet normal  1.000000e+00  0.000000e+00  0.000000e+00
   outer loop
     vertex  1.200000e+01 -1.223862e+00  1.195818e+02
     vertex  1.200000e+01 -1.089662e+00  1.196771e+02
     vertex  1.200000e+01 -1.135261e+00  1.196466e+02
   endloop
 endfacet
 facet normal  1.000000e+00  0.000000e+00  0.000000e+00
   outer loop
     vertex  1.200000e+01 -1.223862e+00  1.195818e+02
     vertex  1.200000e+01 -1.135261e+00  1.196466e+02
     vertex  1.200000e+01 -1.180006e+00  1.196148e+02
   endloop
 endfacet
 facet normal  1.000000e+00  0.000000e+00  0.000000e+00
   outer loop
     vertex  1.200000e+01 -1.538926e+00  1.192774e+02
     vertex  1.200000e+01 -1.573390e+00  1.192347e+02
     vertex  1.200000e+01 -1.606670e+00  1.191911e+02
   endloop
 endfacet
 facet normal  1.000000e+00  0.000000e+00  0.000000e+00
   outer loop
     vertex  1.200000e+01 -1.308779e+00  1.195123e+02
     vertex  1.200000e+01  3.547996e-01  1.160317e+02
     vertex  1.200000e+01  4.086638e-01  1.160422e+02
   endloop
 endfacet
 facet normal  1.000000e+00  0.000000e+00  0.000000e+00
   outer loop
     vertex  1.200000e+01 -1.308779e+00  1.195123e+02
     vertex  1.200000e+01  2.463105e-01  1.160152e+02
     vertex  1.200000e+01  3.547996e-01  1.160317e+02
   endloop
 endfacet
 facet normal  1.000000e+00  0.000000e+00  0.000000e+00
   outer loop
     vertex  1.200000e+01 -1.308779e+00  1.195123e+02
     vertex  1.200000e+01 -1.223862e+00  1.195818e+02
     vertex  1.200000e+01 -1.266797e+00  1.195477e+02
   endloop
 endfacet
 facet normal  1.000000e+00  0.000000e+00  0.000000e+00
   outer loop
     vertex  1.200000e+01 -1.308779e+00  1.195123e+02
     vertex  1.200000e+01  5.682499e-01  1.160824e+02
     vertex  1.200000e+01  7.239881e-01  1.161356e+02
   endloop
 endfacet
 facet normal  1.000000e+00  0.000000e+00  0.000000e+00
   outer loop
     vertex  1.200000e+01 -1.308779e+00  1.195123e+02
     vertex  1.200000e+01 -4.354831e-01  1.199520e+02
     vertex  1.200000e+01 -1.223862e+00  1.195818e+02
   endloop
 endfacet
 facet normal  1.000000e+00  0.000000e+00  0.000000e+00
   outer loop
     vertex  1.200000e+01 -1.308779e+00  1.195123e+02
     vertex  1.200000e+01  1.266797e+00  1.195477e+02
     vertex  1.200000e+01  2.190595e-01  1.199880e+02
   endloop
 endfacet
 facet normal  1.000000e+00  0.000000e+00  0.000000e+00
   outer loop
     vertex  1.200000e+01 -1.308779e+00  1.195123e+02
     vertex  1.200000e+01  2.190595e-01  1.199880e+02
     vertex  1.200000e+01 -4.354831e-01  1.199520e+02
   endloop
 endfacet
 facet normal  1.000000e+00 -0.000000e+00  0.000000e+00
   outer loop
     vertex  1.200000e+01 -1.308779e+00  1.195123e+02
     vertex  1.200000e+01  1.409355e+00  1.165809e+02
     vertex  1.200000e+01  1.266797e+00  1.195477e+02
   endloop
 endfacet
 facet normal  1.000000e+00  0.000000e+00  0.000000e+00
   outer loop
     vertex  1.200000e+01 -1.308779e+00  1.195123e+02
     vertex  1.200000e+01  7.239881e-01  1.161356e+02
     vertex  1.200000e+01  1.409355e+00  1.165809e+02
   endloop
 endfacet
 facet normal  1.000000e+00  0.000000e+00  0.000000e+00
   outer loop
     vertex  1.200000e+01 -1.308779e+00  1.195123e+02
     vertex  1.200000e+01  4.086638e-01  1.160422e+02
     vertex  1.200000e+01  5.682499e-01  1.160824e+02
   endloop
 endfacet
 facet normal  1.000000e+00  0.000000e+00  0.000000e+00
   outer loop
     vertex  1.200000e+01 -1.503303e+00  1.193191e+02
     vertex  1.200000e+01 -1.538926e+00  1.192774e+02
     vertex  1.200000e+01 -1.606670e+00  1.191911e+02
   endloop
 endfacet
 facet normal  1.000000e+00  0.000000e+00  0.000000e+00
   outer loop
     vertex  1.200000e+01 -1.466548e+00  1.193599e+02
     vertex  1.200000e+01 -1.503303e+00  1.193191e+02
     vertex  1.200000e+01 -1.606670e+00  1.191911e+02
   endloop
 endfacet
 facet normal  1.000000e+00  0.000000e+00  0.000000e+00
   outer loop
     vertex  1.200000e+01 -1.428689e+00  1.193996e+02
     vertex  1.200000e+01 -1.838439e+00  1.172125e+02
     vertex  1.200000e+01 -1.741124e+00  1.170159e+02
   endloop
 endfacet
 facet normal  1.000000e+00  0.000000e+00  0.000000e+00
   outer loop
     vertex  1.200000e+01 -1.428689e+00  1.193996e+02
     vertex  1.200000e+01 -1.606670e+00  1.191911e+02
     vertex  1.200000e+01 -1.780141e+00  1.189116e+02
   endloop
 endfacet
 facet normal  1.000000e+00  0.000000e+00  0.000000e+00
   outer loop
     vertex  1.200000e+01 -1.428689e+00  1.193996e+02
     vertex  1.200000e+01 -1.066552e+00  1.163081e+02
     vertex  1.200000e+01  1.370799e-01  1.160047e+02
   endloop
 endfacet
 facet normal  1.000000e+00  0.000000e+00  0.000000e+00
   outer loop
     vertex  1.200000e+01 -1.428689e+00  1.193996e+02
     vertex  1.200000e+01  1.370799e-01  1.160047e+02
     vertex  1.200000e+01  1.917674e-01  1.160092e+02
   endloop
 endfacet
 facet normal  1.000000e+00  0.000000e+00  0.000000e+00
   outer loop
     vertex  1.200000e+01 -1.428689e+00  1.193996e+02
     vertex  1.200000e+01  1.917674e-01  1.160092e+02
     vertex  1.200000e+01  2.463105e-01  1.160152e+02
   endloop
 endfacet
 facet normal  1.000000e+00  0.000000e+00  0.000000e+00
   outer loop
     vertex  1.200000e+01 -1.428689e+00  1.193996e+02
     vertex  1.200000e+01 -1.780141e+00  1.189116e+02
     vertex  1.200000e+01 -1.970665e+00  1.183413e+02
   endloop
 endfacet
 facet normal  1.000000e+00  0.000000e+00  0.000000e+00
   outer loop
     vertex  1.200000e+01 -1.428689e+00  1.193996e+02
     vertex  1.200000e+01 -1.308779e+00  1.195123e+02
     vertex  1.200000e+01 -1.349775e+00  1.194758e+02
   endloop
 endfacet
 facet normal  1.000000e+00  0.000000e+00  0.000000e+00
   outer loop
     vertex  1.200000e+01 -1.428689e+00  1.193996e+02
     vertex  1.200000e+01 -1.349775e+00  1.194758e+02
     vertex  1.200000e+01 -1.389755e+00  1.194383e+02
   endloop
 endfacet
 facet normal  1.000000e+00  0.000000e+00  0.000000e+00
   outer loop
     vertex  1.200000e+01 -1.428689e+00  1.193996e+02
     vertex  1.200000e+01 -1.983039e+00  1.177401e+02
     vertex  1.200000e+01 -1.838439e+00  1.172125e+02
   endloop
 endfacet
 facet normal  1.000000e+00 -0.000000e+00  0.000000e+00
   outer loop
     vertex  1.200000e+01 -1.428689e+00  1.193996e+02
     vertex  1.200000e+01  2.463105e-01  1.160152e+02
     vertex  1.200000e+01 -1.308779e+00  1.195123e+02
   endloop
 endfacet
 facet normal  1.000000e+00  0.000000e+00  0.000000e+00
   outer loop
     vertex  1.200000e+01 -1.428689e+00  1.193996e+02
     vertex  1.200000e+01 -1.741124e+00  1.170159e+02
     vertex  1.200000e+01 -1.066552e+00  1.163081e+02
   endloop
 endfacet
 facet normal  1.000000e+00  0.000000e+00  0.000000e+00
   outer loop
     vertex  1.200000e+01 -1.428689e+00  1.193996e+02
     vertex  1.200000e+01 -1.466548e+00  1.193599e+02
     vertex  1.200000e+01 -1.606670e+00  1.191911e+02
   endloop
 endfacet
 facet normal  1.000000e+00  0.000000e+00  0.000000e+00
   outer loop
     vertex  1.200000e+01 -1.428689e+00  1.193996e+02
     vertex  1.200000e+01 -1.970665e+00  1.183413e+02
     vertex  1.200000e+01 -1.983039e+00  1.177401e+02
   endloop
 endfacet
 facet normal -1.000000e+00  0.000000e+00  0.000000e+00
   outer loop
     vertex -1.200000e+01  1.590180e+00  1.167870e+02
     vertex -1.200000e+01  1.485065e+00  1.166604e+02
     vertex -1.200000e+01  1.447755e+00  1.166201e+02
   endloop
 endfacet
 facet normal -1.000000e+00  0.000000e+00  0.000000e+00
   outer loop
     vertex -1.200000e+01  1.590180e+00  1.167870e+02
     vertex -1.200000e+01  1.521257e+00  1.167016e+02
     vertex -1.200000e+01  1.485065e+00  1.166604e+02
   endloop
 endfacet
 facet normal -1.000000e+00  0.000000e+00  0.000000e+00
   outer loop
     vertex -1.200000e+01  1.590180e+00  1.167870e+02
     vertex -1.200000e+01  1.556304e+00  1.167438e+02
     vertex -1.200000e+01  1.521257e+00  1.167016e+02
   endloop
 endfacet
 facet normal -1.000000e+00  0.000000e+00  0.000000e+00
   outer loop
     vertex -1.200000e+01  1.066552e+00  1.163081e+02
     vertex -1.200000e+01  1.157742e+00  1.163692e+02
     vertex -1.200000e+01  1.112566e+00  1.163380e+02
   endloop
 endfacet
 facet normal -1.000000e+00  0.000000e+00  0.000000e+00
   outer loop
     vertex -1.200000e+01  1.713470e+00  1.169685e+02
     vertex -1.200000e+01  1.654315e+00  1.168761e+02
     vertex -1.200000e+01  1.622858e+00  1.168311e+02
   endloop
 endfacet
 facet normal -1.000000e+00  0.000000e+00  0.000000e+00
   outer loop
     vertex -1.200000e+01  1.713470e+00  1.169685e+02
     vertex -1.200000e+01  1.684527e+00  1.169219e+02
     vertex -1.200000e+01  1.654315e+00  1.168761e+02
   endloop
 endfacet
 facet normal -1.000000e+00  0.000000e+00  0.000000e+00
   outer loop
     vertex -1.200000e+01  1.019736e+00  1.162795e+02
     vertex -1.200000e+01  1.202047e+00  1.164015e+02
     vertex -1.200000e+01  1.157742e+00  1.163692e+02
   endloop
 endfacet
 facet normal -1.000000e+00  0.000000e+00  0.000000e+00
   outer loop
     vertex -1.200000e+01  1.019736e+00  1.162795e+02
     vertex -1.200000e+01  1.245447e+00  1.164351e+02
     vertex -1.200000e+01  1.202047e+00  1.164015e+02
   endloop
 endfacet
 facet normal -1.000000e+00  0.000000e+00  0.000000e+00
   outer loop
     vertex -1.200000e+01  1.019736e+00  1.162795e+02
     vertex -1.200000e+01  1.287909e+00  1.164699e+02
     vertex -1.200000e+01  1.245447e+00  1.164351e+02
   endloop
 endfacet
 facet normal -1.000000e+00  0.000000e+00  0.000000e+00
   outer loop
     vertex -1.200000e+01  1.019736e+00  1.162795e+02
     vertex -1.200000e+01  1.329402e+00  1.165058e+02
     vertex -1.200000e+01  1.287909e+00  1.164699e+02
   endloop
 endfacet
 facet normal -1.000000e+00  0.000000e+00  0.000000e+00
   outer loop
     vertex -1.200000e+01  1.019736e+00  1.162795e+02
     vertex -1.200000e+01  1.157742e+00  1.163692e+02
     vertex -1.200000e+01  1.066552e+00  1.163081e+02
   endloop
 endfacet
 facet normal -1.000000e+00  0.000000e+00  0.000000e+00
   outer loop
     vertex -1.200000e+01  1.816143e+00  1.171624e+02
     vertex -1.200000e+01  1.792480e+00  1.171129e+02
     vertex -1.200000e+01  1.767467e+00  1.170640e+02
   endloop
 endfacet
 facet normal -1.000000e+00  0.000000e+00  0.000000e+00
   outer loop
     vertex -1.200000e+01  1.838439e+00  1.172125e+02
     vertex -1.200000e+01  1.741124e+00  1.170159e+02
     vertex -1.200000e+01  1.713470e+00  1.169685e+02
   endloop
 endfacet
 facet normal -1.000000e+00  0.000000e+00  0.000000e+00
   outer loop
     vertex -1.200000e+01  1.838439e+00  1.172125e+02
     vertex -1.200000e+01  1.767467e+00  1.170640e+02
     vertex -1.200000e+01  1.741124e+00  1.170159e+02
   endloop
 endfacet
 facet normal -1.000000e+00  0.000000e+00  0.000000e+00
   outer loop
     vertex -1.200000e+01  1.838439e+00  1.172125e+02
     vertex -1.200000e+01  1.816143e+00  1.171624e+02
     vertex -1.200000e+01  1.767467e+00  1.170640e+02
   endloop
 endfacet
 facet normal -1.000000e+00  0.000000e+00  0.000000e+00
   outer loop
     vertex -1.200000e+01  7.748625e-01  1.161562e+02
     vertex -1.200000e+01  8.748237e-01  1.162015e+02
     vertex -1.200000e+01  8.251537e-01  1.161782e+02
   endloop
 endfacet
 facet normal -1.000000e+00  0.000000e+00  0.000000e+00
   outer loop
     vertex -1.200000e+01  7.239881e-01  1.161356e+02
     vertex -1.200000e+01  9.238352e-01  1.162262e+02
     vertex -1.200000e+01  8.748237e-01  1.162015e+02
   endloop
 endfacet
 facet normal -1.000000e+00  0.000000e+00  0.000000e+00
   outer loop
     vertex -1.200000e+01  7.239881e-01  1.161356e+02
     vertex -1.200000e+01  9.721513e-01  1.162522e+02
     vertex -1.200000e+01  9.238352e-01  1.162262e+02
   endloop
 endfacet
 facet normal -1.000000e+00  0.000000e+00  0.000000e+00
   outer loop
     vertex -1.200000e+01  7.239881e-01  1.161356e+02
     vertex -1.200000e+01  1.019736e+00  1.162795e+02
     vertex -1.200000e+01  9.721513e-01  1.162522e+02
   endloop
 endfacet
 facet normal -1.000000e+00  0.000000e+00  0.000000e+00
   outer loop
     vertex -1.200000e+01  7.239881e-01  1.161356e+02
     vertex -1.200000e+01  1.369894e+00  1.165428e+02
     vertex -1.200000e+01  1.329402e+00  1.165058e+02
   endloop
 endfacet
 facet normal -1.000000e+00  0.000000e+00  0.000000e+00
   outer loop
     vertex -1.200000e+01  7.239881e-01  1.161356e+02
     vertex -1.200000e+01  1.409355e+00  1.165809e+02
     vertex -1.200000e+01  1.369894e+00  1.165428e+02
   endloop
 endfacet
 facet normal -1.000000e+00  0.000000e+00  0.000000e+00
   outer loop
     vertex -1.200000e+01  7.239881e-01  1.161356e+02
     vertex -1.200000e+01  1.329402e+00  1.165058e+02
     vertex -1.200000e+01  1.019736e+00  1.162795e+02
   endloop
 endfacet
 facet normal -1.000000e+00  0.000000e+00  0.000000e+00
   outer loop
     vertex -1.200000e+01  7.239881e-01  1.161356e+02
     vertex -1.200000e+01  8.748237e-01  1.162015e+02
     vertex -1.200000e+01  7.748625e-01  1.161562e+02
   endloop
 endfacet
 facet normal -1.000000e+00  0.000000e+00  0.000000e+00
   outer loop
     vertex -1.200000e+01  1.878863e+00  1.173145e+02
     vertex -1.200000e+01  1.859351e+00  1.172632e+02
     vertex -1.200000e+01  1.838439e+00  1.172125e+02
   endloop
 endfacet
 facet normal -1.000000e+00  0.000000e+00  0.000000e+00
   outer loop
     vertex -1.200000e+01  1.913632e+00  1.174186e+02
     vertex -1.200000e+01  1.896961e+00  1.173663e+02
     vertex -1.200000e+01  1.878863e+00  1.173145e+02
   endloop
 endfacet
 facet normal -1.000000e+00  0.000000e+00  0.000000e+00
   outer loop
     vertex -1.200000e+01  5.682499e-01  1.160824e+02
     vertex -1.200000e+01  6.725686e-01  1.161165e+02
     vertex -1.200000e+01  6.206429e-01  1.160987e+02
   endloop
 endfacet
 facet normal -1.000000e+00  0.000000e+00  0.000000e+00
   outer loop
     vertex -1.200000e+01  5.682499e-01  1.160824e+02
     vertex -1.200000e+01  7.239881e-01  1.161356e+02
     vertex -1.200000e+01  6.725686e-01  1.161165e+02
   endloop
 endfacet
 facet normal -1.000000e+00  0.000000e+00  0.000000e+00
   outer loop
     vertex -1.200000e+01  1.942639e+00  1.175244e+02
     vertex -1.200000e+01  1.928861e+00  1.174713e+02
     vertex -1.200000e+01  1.913632e+00  1.174186e+02
   endloop
 endfacet
 facet normal -1.000000e+00  0.000000e+00  0.000000e+00
   outer loop
     vertex -1.200000e+01  4.622205e-01  1.160541e+02
     vertex -1.200000e+01  5.682499e-01  1.160824e+02
     vertex -1.200000e+01  5.154292e-01  1.160676e+02
   endloop
 endfacet
 facet normal -1.000000e+00  0.000000e+00  0.000000e+00
   outer loop
     vertex -1.200000e+01  1.954954e+00  1.175779e+02
     vertex -1.200000e+01  1.942639e+00  1.175244e+02
     vertex -1.200000e+01  1.913632e+00  1.174186e+02
   endloop
 endfacet
 facet normal -1.000000e+00  0.000000e+00  0.000000e+00
   outer loop
     vertex -1.200000e+01  1.954954e+00  1.175779e+02
     vertex -1.200000e+01  1.913632e+00  1.174186e+02
     vertex -1.200000e+01  1.878863e+00  1.173145e+02
   endloop
 endfacet
 facet normal -1.000000e+00  0.000000e+00  0.000000e+00
   outer loop
     vertex -1.200000e+01  4.086638e-01  1.160422e+02
     vertex -1.200000e+01  5.682499e-01  1.160824e+02
     vertex -1.200000e+01  4.622205e-01  1.160541e+02
   endloop
 endfacet
 facet normal -1.000000e+00  0.000000e+00  0.000000e+00
   outer loop
     vertex -1.200000e+01  1.983039e+00  1.177401e+02
     vertex -1.200000e+01  1.965798e+00  1.176317e+02
     vertex -1.200000e+01  1.954954e+00  1.175779e+02
   endloop
 endfacet
 facet normal -1.000000e+00  0.000000e+00  0.000000e+00
   outer loop
     vertex -1.200000e+01  1.983039e+00  1.177401e+02
     vertex -1.200000e+01  1.975162e+00  1.176858e+02
     vertex -1.200000e+01  1.965798e+00  1.176317e+02
   endloop
 endfacet
 facet normal -1.000000e+00  0.000000e+00  0.000000e+00
   outer loop
     vertex -1.200000e+01  2.463105e-01  1.160152e+02
     vertex -1.200000e+01  3.547996e-01  1.160317e+02
     vertex -1.200000e+01  3.006682e-01  1.160227e+02
   endloop
 endfacet
 facet normal -1.000000e+00  0.000000e+00  0.000000e+00
   outer loop
     vertex -1.200000e+01  1.994310e+00  1.178492e+02
     vertex -1.200000e+01  1.989423e+00  1.177946e+02
     vertex -1.200000e+01  1.983039e+00  1.177401e+02
   endloop
 endfacet
 facet normal -1.000000e+00  0.000000e+00  0.000000e+00
   outer loop
     vertex -1.200000e+01  1.994310e+00  1.178492e+02
     vertex -1.200000e+01  1.983039e+00  1.177401e+02
     vertex -1.200000e+01  1.954954e+00  1.175779e+02
   endloop
 endfacet
 facet normal -1.000000e+00  0.000000e+00  0.000000e+00
   outer loop
     vertex -1.200000e+01  1.999577e+00  1.179588e+02
     vertex -1.200000e+01  1.997695e+00  1.179040e+02
     vertex -1.200000e+01  1.994310e+00  1.178492e+02
   endloop
 endfacet
 facet normal -1.000000e+00  0.000000e+00  0.000000e+00
   outer loop
     vertex -1.200000e+01  1.986418e+00  1.182327e+02
     vertex -1.200000e+01  1.996190e+00  1.181234e+02
     vertex -1.200000e+01  1.998824e+00  1.180686e+02
   endloop
 endfacet
 facet normal -1.000000e+00  0.000000e+00  0.000000e+00
   outer loop
     vertex -1.200000e+01  1.986418e+00  1.182327e+02
     vertex -1.200000e+01  1.992054e+00  1.181781e+02
     vertex -1.200000e+01  1.996190e+00  1.181234e+02
   endloop
 endfacet
 facet normal -1.000000e+00  0.000000e+00  0.000000e+00
   outer loop
     vertex -1.200000e+01 -3.006682e-01  1.160227e+02
     vertex -1.200000e+01 -1.917674e-01  1.160092e+02
     vertex -1.200000e+01 -2.463105e-01  1.160152e+02
   endloop
 endfacet
 facet normal -1.000000e+00  0.000000e+00  0.000000e+00
   outer loop
     vertex -1.200000e+01 -3.006682e-01  1.160227e+02
     vertex -1.200000e+01 -1.370799e-01  1.160047e+02
     vertex -1.200000e+01 -1.917674e-01  1.160092e+02
   endloop
 endfacet
 facet normal -1.000000e+00  0.000000e+00  0.000000e+00
   outer loop
     vertex -1.200000e+01 -3.006682e-01  1.160227e+02
     vertex -1.200000e+01 -8.228924e-02  1.160017e+02
     vertex -1.200000e+01 -1.370799e-01  1.160047e+02
   endloop
 endfacet
 facet normal -1.000000e+00  0.000000e+00  0.000000e+00
   outer loop
     vertex -1.200000e+01  1.960560e+00  1.183952e+02
     vertex -1.200000e+01  1.970665e+00  1.183413e+02
     vertex -1.200000e+01  1.979286e+00  1.182871e+02
   endloop
 endfacet
 facet normal -1.000000e+00  0.000000e+00  0.000000e+00
   outer loop
     vertex -1.200000e+01 -4.622205e-01  1.160541e+02
     vertex -1.200000e+01 -3.547996e-01  1.160317e+02
     vertex -1.200000e+01 -4.086638e-01  1.160422e+02
   endloop
 endfacet
 facet normal -1.000000e+00  0.000000e+00  0.000000e+00
   outer loop
     vertex -1.200000e+01 -4.622205e-01  1.160541e+02
     vertex -1.200000e+01 -3.006682e-01  1.160227e+02
     vertex -1.200000e+01 -3.547996e-01  1.160317e+02
   endloop
 endfacet
 facet normal -1.000000e+00  0.000000e+00  0.000000e+00
   outer loop
     vertex -1.200000e+01  1.935932e+00  1.185022e+02
     vertex -1.200000e+01  1.960560e+00  1.183952e+02
     vertex -1.200000e+01  1.979286e+00  1.182871e+02
   endloop
 endfacet
 facet normal -1.000000e+00  0.000000e+00  0.000000e+00
   outer loop
     vertex -1.200000e+01  1.935932e+00  1.185022e+02
     vertex -1.200000e+01  1.979286e+00  1.182871e+02
     vertex -1.200000e+01  1.986418e+00  1.182327e+02
   endloop
 endfacet
 facet normal -1.000000e+00  0.000000e+00  0.000000e+00
   outer loop
     vertex -1.200000e+01  1.935932e+00  1.185022e+02
     vertex -1.200000e+01  1.948980e+00  1.184489e+02
     vertex -1.200000e+01  1.960560e+00  1.183952e+02
   endloop
 endfacet
 facet normal -1.000000e+00  0.000000e+00  0.000000e+00
   outer loop
     vertex -1.200000e+01  1.921427e+00  1.185551e+02
     vertex -1.200000e+01  1.935932e+00  1.185022e+02
     vertex -1.200000e+01  1.986418e+00  1.182327e+02
   endloop
 endfacet
 facet normal -1.000000e+00  0.000000e+00  0.000000e+00
   outer loop
     vertex -1.200000e+01 -5.682499e-01  1.160824e+02
     vertex -1.200000e+01 -4.622205e-01  1.160541e+02
     vertex -1.200000e+01 -5.154292e-01  1.160676e+02
   endloop
 endfacet
 facet normal -1.000000e+00  0.000000e+00  0.000000e+00
   outer loop
     vertex -1.200000e+01 -5.682499e-01  1.160824e+02
     vertex -1.200000e+01 -2.743663e-02  1.160002e+02
     vertex -1.200000e+01 -8.228924e-02  1.160017e+02
   endloop
 endfacet
 facet normal -1.000000e+00  0.000000e+00  0.000000e+00
   outer loop
     vertex -1.200000e+01 -5.682499e-01  1.160824e+02
     vertex -1.200000e+01  2.743663e-02  1.160002e+02
     vertex -1.200000e+01 -2.743663e-02  1.160002e+02
   endloop
 endfacet
 facet normal -1.000000e+00  0.000000e+00  0.000000e+00
   outer loop
     vertex -1.200000e+01 -5.682499e-01  1.160824e+02
     vertex -1.200000e+01  8.228924e-02  1.160017e+02
     vertex -1.200000e+01  2.743663e-02  1.160002e+02
   endloop
 endfacet
 facet normal -1.000000e+00  0.000000e+00  0.000000e+00
   outer loop
     vertex -1.200000e+01 -5.682499e-01  1.160824e+02
     vertex -1.200000e+01 -8.228924e-02  1.160017e+02
     vertex -1.200000e+01 -3.006682e-01  1.160227e+02
   endloop
 endfacet
 facet normal -1.000000e+00  0.000000e+00  0.000000e+00
   outer loop
     vertex -1.200000e+01 -5.682499e-01  1.160824e+02
     vertex -1.200000e+01 -3.006682e-01  1.160227e+02
     vertex -1.200000e+01 -4.622205e-01  1.160541e+02
   endloop
 endfacet
 facet normal -1.000000e+00  0.000000e+00  0.000000e+00
   outer loop
     vertex -1.200000e+01  1.905476e+00  1.186076e+02
     vertex -1.200000e+01  1.921427e+00  1.185551e+02
     vertex -1.200000e+01  1.986418e+00  1.182327e+02
   endloop
 endfacet
 facet normal -1.000000e+00  0.000000e+00  0.000000e+00
   outer loop
     vertex -1.200000e+01 -6.206429e-01  1.160987e+02
     vertex -1.200000e+01  8.228924e-02  1.160017e+02
     vertex -1.200000e+01 -5.682499e-01  1.160824e+02
   endloop
 endfacet
 facet normal -1.000000e+00  0.000000e+00  0.000000e+00
   outer loop
     vertex -1.200000e+01  1.888090e+00  1.186596e+02
     vertex -1.200000e+01  1.905476e+00  1.186076e+02
     vertex -1.200000e+01  1.986418e+00  1.182327e+02
   endloop
 endfacet
 facet normal -1.000000e+00  0.000000e+00  0.000000e+00
   outer loop
     vertex -1.200000e+01  1.849069e+00  1.187622e+02
     vertex -1.200000e+01  1.869283e+00  1.187112e+02
     vertex -1.200000e+01  1.888090e+00  1.186596e+02
   endloop
 endfacet
 facet normal -1.000000e+00  0.000000e+00  0.000000e+00
   outer loop
     vertex -1.200000e+01 -7.748625e-01  1.161562e+02
     vertex -1.200000e+01 -6.725686e-01  1.161165e+02
     vertex -1.200000e+01 -7.239881e-01  1.161356e+02
   endloop
 endfacet
 facet normal -1.000000e+00  0.000000e+00  0.000000e+00
   outer loop
     vertex -1.200000e+01 -7.748625e-01  1.161562e+02
     vertex -1.200000e+01 -6.206429e-01  1.160987e+02
     vertex -1.200000e+01 -6.725686e-01  1.161165e+02
   endloop
 endfacet
 facet normal -1.000000e+00  0.000000e+00  0.000000e+00
   outer loop
     vertex -1.200000e+01  1.827463e+00  1.188126e+02
     vertex -1.200000e+01  1.849069e+00  1.187622e+02
     vertex -1.200000e+01  1.888090e+00  1.186596e+02
   endloop
 endfacet
 facet normal -1.000000e+00  0.000000e+00  0.000000e+00
   outer loop
     vertex -1.200000e+01  1.780141e+00  1.189116e+02
     vertex -1.200000e+01  1.804481e+00  1.188625e+02
     vertex -1.200000e+01  1.827463e+00  1.188126e+02
   endloop
 endfacet
 facet normal -1.000000e+00  0.000000e+00  0.000000e+00
   outer loop
     vertex -1.200000e+01  1.780141e+00  1.189116e+02
     vertex -1.200000e+01  1.827463e+00  1.188126e+02
     vertex -1.200000e+01  1.888090e+00  1.186596e+02
   endloop
 endfacet
 facet normal -1.000000e+00  0.000000e+00  0.000000e+00
   outer loop
     vertex -1.200000e+01  1.754461e+00  1.189601e+02
     vertex -1.200000e+01  1.780141e+00  1.189116e+02
     vertex -1.200000e+01  1.888090e+00  1.186596e+02
   endloop
 endfacet
 facet normal -1.000000e+00  0.000000e+00  0.000000e+00
   outer loop
     vertex -1.200000e+01 -1.019736e+00  1.162795e+02
     vertex -1.200000e+01 -9.238352e-01  1.162262e+02
     vertex -1.200000e+01 -9.721513e-01  1.162522e+02
   endloop
 endfacet
 facet normal -1.000000e+00  0.000000e+00  0.000000e+00
   outer loop
     vertex -1.200000e+01 -1.019736e+00  1.162795e+02
     vertex -1.200000e+01 -8.748237e-01  1.162015e+02
     vertex -1.200000e+01 -9.238352e-01  1.162262e+02
   endloop
 endfacet
 facet normal -1.000000e+00  0.000000e+00  0.000000e+00
   outer loop
     vertex -1.200000e+01 -1.019736e+00  1.162795e+02
     vertex -1.200000e+01 -8.251537e-01  1.161782e+02
     vertex -1.200000e+01 -8.748237e-01  1.162015e+02
   endloop
 endfacet
 facet normal -1.000000e+00  0.000000e+00  0.000000e+00
   outer loop
     vertex -1.200000e+01 -1.019736e+00  1.162795e+02
     vertex -1.200000e+01 -7.748625e-01  1.161562e+02
     vertex -1.200000e+01 -8.251537e-01  1.161782e+02
   endloop
 endfacet
 facet normal -1.000000e+00  0.000000e+00  0.000000e+00
   outer loop
     vertex -1.200000e+01  1.699159e+00  1.190549e+02
     vertex -1.200000e+01  1.727460e+00  1.190079e+02
     vertex -1.200000e+01  1.754461e+00  1.189601e+02
   endloop
 endfacet
 facet normal -1.000000e+00  0.000000e+00  0.000000e+00
   outer loop
     vertex -1.200000e+01 -1.066552e+00  1.163081e+02
     vertex -1.200000e+01  1.370799e-01  1.160047e+02
     vertex -1.200000e+01  8.228924e-02  1.160017e+02
   endloop
 endfacet
 facet normal -1.000000e+00  0.000000e+00  0.000000e+00
   outer loop
     vertex -1.200000e+01 -1.066552e+00  1.163081e+02
     vertex -1.200000e+01 -7.748625e-01  1.161562e+02
     vertex -1.200000e+01 -1.019736e+00  1.162795e+02
   endloop
 endfacet
 facet normal -1.000000e+00  0.000000e+00  0.000000e+00
   outer loop
     vertex -1.200000e+01 -1.066552e+00  1.163081e+02
     vertex -1.200000e+01  8.228924e-02  1.160017e+02
     vertex -1.200000e+01 -6.206429e-01  1.160987e+02
   endloop
 endfacet
 facet normal -1.000000e+00  0.000000e+00  0.000000e+00
   outer loop
     vertex -1.200000e+01 -1.066552e+00  1.163081e+02
     vertex -1.200000e+01 -6.206429e-01  1.160987e+02
     vertex -1.200000e+01 -7.748625e-01  1.161562e+02
   endloop
 endfacet
 facet normal -1.000000e+00  0.000000e+00  0.000000e+00
   outer loop
     vertex -1.200000e+01 -1.157742e+00  1.163692e+02
     vertex -1.200000e+01 -1.066552e+00  1.163081e+02
     vertex -1.200000e+01 -1.112566e+00  1.163380e+02
   endloop
 endfacet
 facet normal -1.000000e+00  0.000000e+00  0.000000e+00
   outer loop
     vertex -1.200000e+01  1.606670e+00  1.191911e+02
     vertex -1.200000e+01  1.638741e+00  1.191465e+02
     vertex -1.200000e+01  1.669578e+00  1.191011e+02
   endloop
 endfacet
 facet normal -1.000000e+00  0.000000e+00  0.000000e+00
   outer loop
     vertex -1.200000e+01  1.573390e+00  1.192347e+02
     vertex -1.200000e+01  1.699159e+00  1.190549e+02
     vertex -1.200000e+01  1.754461e+00  1.189601e+02
   endloop
 endfacet
 facet normal -1.000000e+00  0.000000e+00  0.000000e+00
   outer loop
     vertex -1.200000e+01  1.573390e+00  1.192347e+02
     vertex -1.200000e+01  1.606670e+00  1.191911e+02
     vertex -1.200000e+01  1.669578e+00  1.191011e+02
   endloop
 endfacet
 facet normal -1.000000e+00  0.000000e+00  0.000000e+00
   outer loop
     vertex -1.200000e+01  1.573390e+00  1.192347e+02
     vertex -1.200000e+01  1.669578e+00  1.191011e+02
     vertex -1.200000e+01  1.699159e+00  1.190549e+02
   endloop
 endfacet
 facet normal -1.000000e+00  0.000000e+00  0.000000e+00
   outer loop
     vertex -1.200000e+01 -1.245447e+00  1.164351e+02
     vertex -1.200000e+01 -1.157742e+00  1.163692e+02
     vertex -1.200000e+01 -1.202047e+00  1.164015e+02
   endloop
 endfacet
 facet normal -1.000000e+00  0.000000e+00  0.000000e+00
   outer loop
     vertex -1.200000e+01 -1.287909e+00  1.164699e+02
     vertex -1.200000e+01 -1.157742e+00  1.163692e+02
     vertex -1.200000e+01 -1.245447e+00  1.164351e+02
   endloop
 endfacet
 facet normal -1.000000e+00  0.000000e+00  0.000000e+00
   outer loop
     vertex -1.200000e+01 -1.329402e+00  1.165058e+02
     vertex -1.200000e+01 -1.157742e+00  1.163692e+02
     vertex -1.200000e+01 -1.287909e+00  1.164699e+02
   endloop
 endfacet
 facet normal -1.000000e+00  0.000000e+00  0.000000e+00
   outer loop
     vertex -1.200000e+01  1.466548e+00  1.193599e+02
     vertex -1.200000e+01  1.538926e+00  1.192774e+02
     vertex -1.200000e+01  1.573390e+00  1.192347e+02
   endloop
 endfacet
 facet normal -1.000000e+00  0.000000e+00  0.000000e+00
   outer loop
     vertex -1.200000e+01  1.466548e+00  1.193599e+02
     vertex -1.200000e+01  1.503303e+00  1.193191e+02
     vertex -1.200000e+01  1.538926e+00  1.192774e+02
   endloop
 endfacet
 facet normal -1.000000e+00  0.000000e+00  0.000000e+00
   outer loop
     vertex -1.200000e+01  1.428689e+00  1.193996e+02
     vertex -1.200000e+01  1.466548e+00  1.193599e+02
     vertex -1.200000e+01  1.573390e+00  1.192347e+02
   endloop
 endfacet
 facet normal -1.000000e+00  0.000000e+00  0.000000e+00
   outer loop
     vertex -1.200000e+01 -1.409355e+00  1.165809e+02
     vertex -1.200000e+01 -1.157742e+00  1.163692e+02
     vertex -1.200000e+01 -1.329402e+00  1.165058e+02
   endloop
 endfacet
 facet normal -1.000000e+00  0.000000e+00  0.000000e+00
   outer loop
     vertex -1.200000e+01 -1.409355e+00  1.165809e+02
     vertex -1.200000e+01 -1.329402e+00  1.165058e+02
     vertex -1.200000e+01 -1.369894e+00  1.165428e+02
   endloop
 endfacet
 facet normal -1.000000e+00  0.000000e+00  0.000000e+00
   outer loop
     vertex -1.200000e+01  1.308779e+00  1.195123e+02
     vertex -1.200000e+01  1.349775e+00  1.194758e+02
     vertex -1.200000e+01  1.389755e+00  1.194383e+02
   endloop
 endfacet
 facet normal -1.000000e+00  0.000000e+00  0.000000e+00
   outer loop
     vertex -1.200000e+01  1.308779e+00  1.195123e+02
     vertex -1.200000e+01  1.428689e+00  1.193996e+02
     vertex -1.200000e+01  1.573390e+00  1.192347e+02
   endloop
 endfacet
 facet normal -1.000000e+00  0.000000e+00  0.000000e+00
   outer loop
     vertex -1.200000e+01  1.308779e+00  1.195123e+02
     vertex -1.200000e+01  1.389755e+00  1.194383e+02
     vertex -1.200000e+01  1.428689e+00  1.193996e+02
   endloop
 endfacet
 facet normal -1.000000e+00  0.000000e+00  0.000000e+00
   outer loop
     vertex -1.200000e+01  1.266797e+00  1.195477e+02
     vertex -1.200000e+01  1.954954e+00  1.175779e+02
     vertex -1.200000e+01  1.878863e+00  1.173145e+02
   endloop
 endfacet
 facet normal -1.000000e+00  0.000000e+00  0.000000e+00
   outer loop
     vertex -1.200000e+01  1.266797e+00  1.195477e+02
     vertex -1.200000e+01  1.573390e+00  1.192347e+02
     vertex -1.200000e+01  1.754461e+00  1.189601e+02
   endloop
 endfacet
 facet normal -1.000000e+00  0.000000e+00  0.000000e+00
   outer loop
     vertex -1.200000e+01  1.266797e+00  1.195477e+02
     vertex -1.200000e+01  1.999577e+00  1.179588e+02
     vertex -1.200000e+01  1.994310e+00  1.178492e+02
   endloop
 endfacet
 facet normal -1.000000e+00  0.000000e+00  0.000000e+00
   outer loop
     vertex -1.200000e+01  1.266797e+00  1.195477e+02
     vertex -1.200000e+01  1.447755e+00  1.166201e+02
     vertex -1.200000e+01  1.409355e+00  1.165809e+02
   endloop
 endfacet
 facet normal -1.000000e+00  0.000000e+00  0.000000e+00
   outer loop
     vertex -1.200000e+01  1.266797e+00  1.195477e+02
     vertex -1.200000e+01  1.308779e+00  1.195123e+02
     vertex -1.200000e+01  1.573390e+00  1.192347e+02
   endloop
 endfacet
 facet normal -1.000000e+00  0.000000e+00  0.000000e+00
   outer loop
     vertex -1.200000e+01  1.266797e+00  1.195477e+02
     vertex -1.200000e+01  1.590180e+00  1.167870e+02
     vertex -1.200000e+01  1.447755e+00  1.166201e+02
   endloop
 endfacet
 facet normal -1.000000e+00  0.000000e+00  0.000000e+00
   outer loop
     vertex -1.200000e+01  1.266797e+00  1.195477e+02
     vertex -1.200000e+01  1.622858e+00  1.168311e+02
     vertex -1.200000e+01  1.590180e+00  1.167870e+02
   endloop
 endfacet
 facet normal -1.000000e+00  0.000000e+00  0.000000e+00
   outer loop
     vertex -1.200000e+01  1.266797e+00  1.195477e+02
     vertex -1.200000e+01  1.986418e+00  1.182327e+02
     vertex -1.200000e+01  1.998824e+00  1.180686e+02
   endloop
 endfacet
 facet normal -1.000000e+00  0.000000e+00  0.000000e+00
   outer loop
     vertex -1.200000e+01  1.266797e+00  1.195477e+02
     vertex -1.200000e+01  1.713470e+00  1.169685e+02
     vertex -1.200000e+01  1.622858e+00  1.168311e+02
   endloop
 endfacet
 facet normal -1.000000e+00  0.000000e+00  0.000000e+00
   outer loop
     vertex -1.200000e+01  1.266797e+00  1.195477e+02
     vertex -1.200000e+01  1.999953e+00  1.180137e+02
     vertex -1.200000e+01  1.999577e+00  1.179588e+02
   endloop
 endfacet
 facet normal -1.000000e+00  0.000000e+00  0.000000e+00
   outer loop
     vertex -1.200000e+01  1.266797e+00  1.195477e+02
     vertex -1.200000e+01  1.998824e+00  1.180686e+02
     vertex -1.200000e+01  1.999953e+00  1.180137e+02
   endloop
 endfacet
 facet normal -1.000000e+00  0.000000e+00  0.000000e+00
   outer loop
     vertex -1.200000e+01  1.266797e+00  1.195477e+02
     vertex -1.200000e+01  1.994310e+00  1.178492e+02
     vertex -1.200000e+01  1.954954e+00  1.175779e+02
   endloop
 endfacet
 facet normal -1.000000e+00  0.000000e+00  0.000000e+00
   outer loop
     vertex -1.200000e+01  1.266797e+00  1.195477e+02
     vertex -1.200000e+01  1.888090e+00  1.186596e+02
     vertex -1.200000e+01  1.986418e+00  1.182327e+02
   endloop
 endfacet
 facet normal -1.000000e+00  0.000000e+00  0.000000e+00
   outer loop
     vertex -1.200000e+01  1.266797e+00  1.195477e+02
     vertex -1.200000e+01  1.838439e+00  1.172125e+02
     vertex -1.200000e+01  1.713470e+00  1.169685e+02
   endloop
 endfacet
 facet normal -1.000000e+00  0.000000e+00  0.000000e+00
   outer loop
     vertex -1.200000e+01  1.266797e+00  1.195477e+02
     vertex -1.200000e+01  1.754461e+00  1.189601e+02
     vertex -1.200000e+01  1.888090e+00  1.186596e+02
   endloop
 endfacet
 facet normal -1.000000e+00  0.000000e+00  0.000000e+00
   outer loop
     vertex -1.200000e+01  1.266797e+00  1.195477e+02
     vertex -1.200000e+01  1.878863e+00  1.173145e+02
     vertex -1.200000e+01  1.838439e+00  1.172125e+02
   endloop
 endfacet
 facet normal -1.000000e+00  0.000000e+00  0.000000e+00
   outer loop
     vertex -1.200000e+01 -1.556304e+00  1.167438e+02
     vertex -1.200000e+01 -1.485065e+00  1.166604e+02
     vertex -1.200000e+01 -1.521257e+00  1.167016e+02
   endloop
 endfacet
 facet normal -1.000000e+00  0.000000e+00  0.000000e+00
   outer loop
     vertex -1.200000e+01 -1.556304e+00  1.167438e+02
     vertex -1.200000e+01 -1.447755e+00  1.166201e+02
     vertex -1.200000e+01 -1.485065e+00  1.166604e+02
   endloop
 endfacet
 facet normal -1.000000e+00  0.000000e+00  0.000000e+00
   outer loop
     vertex -1.200000e+01 -1.556304e+00  1.167438e+02
     vertex -1.200000e+01 -1.409355e+00  1.165809e+02
     vertex -1.200000e+01 -1.447755e+00  1.166201e+02
   endloop
 endfacet
 facet normal -1.000000e+00  0.000000e+00  0.000000e+00
   outer loop
     vertex -1.200000e+01  1.135261e+00  1.196466e+02
     vertex -1.200000e+01  1.223862e+00  1.195818e+02
     vertex -1.200000e+01  1.266797e+00  1.195477e+02
   endloop
 endfacet
 facet normal -1.000000e+00  0.000000e+00  0.000000e+00
   outer loop
     vertex -1.200000e+01  1.135261e+00  1.196466e+02
     vertex -1.200000e+01  1.180006e+00  1.196148e+02
     vertex -1.200000e+01  1.223862e+00  1.195818e+02
   endloop
 endfacet
 facet normal -1.000000e+00  0.000000e+00  0.000000e+00
   outer loop
     vertex -1.200000e+01 -1.654315e+00  1.168761e+02
     vertex -1.200000e+01 -1.409355e+00  1.165809e+02
     vertex -1.200000e+01 -1.556304e+00  1.167438e+02
   endloop
 endfacet
 facet normal -1.000000e+00  0.000000e+00  0.000000e+00
   outer loop
     vertex -1.200000e+01 -1.654315e+00  1.168761e+02
     vertex -1.200000e+01 -1.590180e+00  1.167870e+02
     vertex -1.200000e+01 -1.622858e+00  1.168311e+02
   endloop
 endfacet
 facet normal -1.000000e+00  0.000000e+00  0.000000e+00
   outer loop
     vertex -1.200000e+01 -1.654315e+00  1.168761e+02
     vertex -1.200000e+01 -1.556304e+00  1.167438e+02
     vertex -1.200000e+01 -1.590180e+00  1.167870e+02
   endloop
 endfacet
 facet normal -1.000000e+00  0.000000e+00  0.000000e+00
   outer loop
     vertex -1.200000e+01  1.089662e+00  1.196771e+02
     vertex -1.200000e+01  1.135261e+00  1.196466e+02
     vertex -1.200000e+01  1.266797e+00  1.195477e+02
   endloop
 endfacet
 facet normal -1.000000e+00  0.000000e+00  0.000000e+00
   outer loop
     vertex -1.200000e+01  1.043242e+00  1.197064e+02
     vertex -1.200000e+01  1.089662e+00  1.196771e+02
     vertex -1.200000e+01  1.266797e+00  1.195477e+02
   endloop
 endfacet
 facet normal -1.000000e+00  0.000000e+00  0.000000e+00
   outer loop
     vertex -1.200000e+01 -1.741124e+00  1.170159e+02
     vertex -1.200000e+01 -1.157742e+00  1.163692e+02
     vertex -1.200000e+01 -1.409355e+00  1.165809e+02
   endloop
 endfacet
 facet normal -1.000000e+00  0.000000e+00  0.000000e+00
   outer loop
     vertex -1.200000e+01 -1.741124e+00  1.170159e+02
     vertex -1.200000e+01 -1.684527e+00  1.169219e+02
     vertex -1.200000e+01 -1.713470e+00  1.169685e+02
   endloop
 endfacet
 facet normal -1.000000e+00  0.000000e+00  0.000000e+00
   outer loop
     vertex -1.200000e+01 -1.741124e+00  1.170159e+02
     vertex -1.200000e+01 -1.654315e+00  1.168761e+02
     vertex -1.200000e+01 -1.684527e+00  1.169219e+02
   endloop
 endfacet
 facet normal -1.000000e+00  0.000000e+00  0.000000e+00
   outer loop
     vertex -1.200000e+01 -1.741124e+00  1.170159e+02
     vertex -1.200000e+01 -1.409355e+00  1.165809e+02
     vertex -1.200000e+01 -1.654315e+00  1.168761e+02
   endloop
 endfacet
 facet normal -1.000000e+00  0.000000e+00  0.000000e+00
   outer loop
     vertex -1.200000e+01 -1.741124e+00  1.170159e+02
     vertex -1.200000e+01 -1.066552e+00  1.163081e+02
     vertex -1.200000e+01 -1.157742e+00  1.163692e+02
   endloop
 endfacet
 facet normal -1.000000e+00  0.000000e+00  0.000000e+00
   outer loop
     vertex -1.200000e+01  9.480825e-01  1.197610e+02
     vertex -1.200000e+01  9.960371e-01  1.197343e+02
     vertex -1.200000e+01  1.043242e+00  1.197064e+02
   endloop
 endfacet
 facet normal -1.000000e+00  0.000000e+00  0.000000e+00
   outer loop
     vertex -1.200000e+01  8.994141e-01  1.197864e+02
     vertex -1.200000e+01  9.480825e-01  1.197610e+02
     vertex -1.200000e+01  1.043242e+00  1.197064e+02
   endloop
 endfacet
 facet normal -1.000000e+00  0.000000e+00  0.000000e+00
   outer loop
     vertex -1.200000e+01 -1.792480e+00  1.171129e+02
     vertex -1.200000e+01 -1.741124e+00  1.170159e+02
     vertex -1.200000e+01 -1.767467e+00  1.170640e+02
   endloop
 endfacet
 facet normal -1.000000e+00  0.000000e+00  0.000000e+00
   outer loop
     vertex -1.200000e+01  8.500687e-01  1.198104e+02
     vertex -1.200000e+01  8.994141e-01  1.197864e+02
     vertex -1.200000e+01  1.043242e+00  1.197064e+02
   endloop
 endfacet
 facet normal -1.000000e+00  0.000000e+00  0.000000e+00
   outer loop
     vertex -1.200000e+01  8.500687e-01  1.198104e+02
     vertex -1.200000e+01  1.043242e+00  1.197064e+02
     vertex -1.200000e+01  1.266797e+00  1.195477e+02
   endloop
 endfacet
 facet normal -1.000000e+00  0.000000e+00  0.000000e+00
   outer loop
     vertex -1.200000e+01 -1.838439e+00  1.172125e+02
     vertex -1.200000e+01 -1.741124e+00  1.170159e+02
     vertex -1.200000e+01 -1.792480e+00  1.171129e+02
   endloop
 endfacet
 facet normal -1.000000e+00  0.000000e+00  0.000000e+00
   outer loop
     vertex -1.200000e+01 -1.838439e+00  1.172125e+02
     vertex -1.200000e+01 -1.792480e+00  1.171129e+02
     vertex -1.200000e+01 -1.816143e+00  1.171624e+02
   endloop
 endfacet
 facet normal -1.000000e+00  0.000000e+00  0.000000e+00
   outer loop
     vertex -1.200000e+01  6.983441e-01  1.198741e+02
     vertex -1.200000e+01  8.500687e-01  1.198104e+02
     vertex -1.200000e+01  1.266797e+00  1.195477e+02
   endloop
 endfacet
 facet normal -1.000000e+00  0.000000e+00  0.000000e+00
   outer loop
     vertex -1.200000e+01  6.983441e-01  1.198741e+02
     vertex -1.200000e+01  8.000834e-01  1.198330e+02
     vertex -1.200000e+01  8.500687e-01  1.198104e+02
   endloop
 endfacet
 facet normal -1.000000e+00  0.000000e+00  0.000000e+00
   outer loop
     vertex -1.200000e+01  6.983441e-01  1.198741e+02
     vertex -1.200000e+01  7.494958e-01  1.198543e+02
     vertex -1.200000e+01  8.000834e-01  1.198330e+02
   endloop
 endfacet
 facet normal -1.000000e+00  0.000000e+00  0.000000e+00
   outer loop
     vertex -1.200000e+01  6.466666e-01  1.198926e+02
     vertex -1.200000e+01  6.983441e-01  1.198741e+02
     vertex -1.200000e+01  1.266797e+00  1.195477e+02
   endloop
 endfacet
 facet normal -1.000000e+00  0.000000e+00  0.000000e+00
   outer loop
     vertex -1.200000e+01 -1.896961e+00  1.173663e+02
     vertex -1.200000e+01 -1.859351e+00  1.172632e+02
     vertex -1.200000e+01 -1.878863e+00  1.173145e+02
   endloop
 endfacet
 facet normal -1.000000e+00  0.000000e+00  0.000000e+00
   outer loop
     vertex -1.200000e+01 -1.896961e+00  1.173663e+02
     vertex -1.200000e+01 -1.838439e+00  1.172125e+02
     vertex -1.200000e+01 -1.859351e+00  1.172632e+02
   endloop
 endfacet
 facet normal -1.000000e+00  0.000000e+00  0.000000e+00
   outer loop
     vertex -1.200000e+01  5.945023e-01  1.199096e+02
     vertex -1.200000e+01  6.466666e-01  1.198926e+02
     vertex -1.200000e+01  1.266797e+00  1.195477e+02
   endloop
 endfacet
 facet normal -1.000000e+00  0.000000e+00  0.000000e+00
   outer loop
     vertex -1.200000e+01  5.418906e-01  1.199252e+02
     vertex -1.200000e+01  5.945023e-01  1.199096e+02
     vertex -1.200000e+01  1.266797e+00  1.195477e+02
   endloop
 endfacet
 facet normal -1.000000e+00  0.000000e+00  0.000000e+00
   outer loop
     vertex -1.200000e+01 -1.942639e+00  1.175244e+02
     vertex -1.200000e+01 -1.913632e+00  1.174186e+02
     vertex -1.200000e+01 -1.928861e+00  1.174713e+02
   endloop
 endfacet
 facet normal -1.000000e+00  0.000000e+00  0.000000e+00
   outer loop
     vertex -1.200000e+01 -1.942639e+00  1.175244e+02
     vertex -1.200000e+01 -1.896961e+00  1.173663e+02
     vertex -1.200000e+01 -1.913632e+00  1.174186e+02
   endloop
 endfacet
 facet normal -1.000000e+00  0.000000e+00  0.000000e+00
   outer loop
     vertex -1.200000e+01  4.354831e-01  1.199520e+02
     vertex -1.200000e+01  4.888709e-01  1.199393e+02
     vertex -1.200000e+01  5.418906e-01  1.199252e+02
   endloop
 endfacet
 facet normal -1.000000e+00  0.000000e+00  0.000000e+00
   outer loop
     vertex -1.200000e+01  4.354831e-01  1.199520e+02
     vertex -1.200000e+01  5.418906e-01  1.199252e+02
     vertex -1.200000e+01  1.266797e+00  1.195477e+02
   endloop
 endfacet
 facet normal -1.000000e+00  0.000000e+00  0.000000e+00
   outer loop
     vertex -1.200000e+01 -1.954954e+00  1.175779e+02
     vertex -1.200000e+01 -1.896961e+00  1.173663e+02
     vertex -1.200000e+01 -1.942639e+00  1.175244e+02
   endloop
 endfacet
 facet normal -1.000000e+00  0.000000e+00  0.000000e+00
   outer loop
     vertex -1.200000e+01  3.817676e-01  1.199632e+02
     vertex -1.200000e+01  4.354831e-01  1.199520e+02
     vertex -1.200000e+01  1.266797e+00  1.195477e+02
   endloop
 endfacet
 facet normal -1.000000e+00  0.000000e+00  0.000000e+00
   outer loop
     vertex -1.200000e+01 -1.965798e+00  1.176317e+02
     vertex -1.200000e+01 -1.896961e+00  1.173663e+02
     vertex -1.200000e+01 -1.954954e+00  1.175779e+02
   endloop
 endfacet
 facet normal -1.000000e+00  0.000000e+00  0.000000e+00
   outer loop
     vertex -1.200000e+01  3.277647e-01  1.199730e+02
     vertex -1.200000e+01  3.817676e-01  1.199632e+02
     vertex -1.200000e+01  1.266797e+00  1.195477e+02
   endloop
 endfacet
 facet normal -1.000000e+00  0.000000e+00  0.000000e+00
   outer loop
     vertex -1.200000e+01 -1.983039e+00  1.177401e+02
     vertex -1.200000e+01 -1.838439e+00  1.172125e+02
     vertex -1.200000e+01 -1.896961e+00  1.173663e+02
   endloop
 endfacet
 facet normal -1.000000e+00  0.000000e+00  0.000000e+00
   outer loop
     vertex -1.200000e+01 -1.983039e+00  1.177401e+02
     vertex -1.200000e+01 -1.965798e+00  1.176317e+02
     vertex -1.200000e+01 -1.975162e+00  1.176858e+02
   endloop
 endfacet
 facet normal -1.000000e+00  0.000000e+00  0.000000e+00
   outer loop
     vertex -1.200000e+01 -1.983039e+00  1.177401e+02
     vertex -1.200000e+01 -1.896961e+00  1.173663e+02
     vertex -1.200000e+01 -1.965798e+00  1.176317e+02
   endloop
 endfacet
 facet normal -1.000000e+00  0.000000e+00  0.000000e+00
   outer loop
     vertex -1.200000e+01  2.190595e-01  1.199880e+02
     vertex -1.200000e+01  2.735151e-01  1.199812e+02
     vertex -1.200000e+01  3.277647e-01  1.199730e+02
   endloop
 endfacet
 facet normal -1.000000e+00  0.000000e+00  0.000000e+00
   outer loop
     vertex -1.200000e+01  2.190595e-01  1.199880e+02
     vertex -1.200000e+01  3.277647e-01  1.199730e+02
     vertex -1.200000e+01  1.266797e+00  1.195477e+02
   endloop
 endfacet
 facet normal -1.000000e+00  0.000000e+00  0.000000e+00
   outer loop
     vertex -1.200000e+01 -1.994310e+00  1.178492e+02
     vertex -1.200000e+01 -1.983039e+00  1.177401e+02
     vertex -1.200000e+01 -1.989423e+00  1.177946e+02
   endloop
 endfacet
 facet normal -1.000000e+00  0.000000e+00  0.000000e+00
   outer loop
     vertex -1.200000e+01  5.486810e-02  1.199992e+02
     vertex -1.200000e+01  1.096949e-01  1.199970e+02
     vertex -1.200000e+01  1.644391e-01  1.199932e+02
   endloop
 endfacet
 facet normal -1.000000e+00  0.000000e+00  0.000000e+00
   outer loop
     vertex -1.200000e+01  4.898587e-16  1.200000e+02
     vertex -1.200000e+01  5.486810e-02  1.199992e+02
     vertex -1.200000e+01  1.644391e-01  1.199932e+02
   endloop
 endfacet
 facet normal -1.000000e+00  0.000000e+00  0.000000e+00
   outer loop
     vertex -1.200000e+01 -5.486810e-02  1.199992e+02
     vertex -1.200000e+01  1.644391e-01  1.199932e+02
     vertex -1.200000e+01  2.190595e-01  1.199880e+02
   endloop
 endfacet
 facet normal -1.000000e+00  0.000000e+00  0.000000e+00
   outer loop
     vertex -1.200000e+01 -5.486810e-02  1.199992e+02
     vertex -1.200000e+01  4.898587e-16  1.200000e+02
     vertex -1.200000e+01  1.644391e-01  1.199932e+02
   endloop
 endfacet
 facet normal -1.000000e+00  0.000000e+00  0.000000e+00
   outer loop
     vertex -1.200000e+01 -1.998824e+00  1.180686e+02
     vertex -1.200000e+01 -1.999577e+00  1.179588e+02
     vertex -1.200000e+01 -1.999953e+00  1.180137e+02
   endloop
 endfacet
 facet normal -1.000000e+00  0.000000e+00  0.000000e+00
   outer loop
     vertex -1.200000e+01 -1.644391e-01  1.199932e+02
     vertex -1.200000e+01 -1.096949e-01  1.199970e+02
     vertex -1.200000e+01 -5.486810e-02  1.199992e+02
   endloop
 endfacet
 facet normal -1.000000e+00  0.000000e+00  0.000000e+00
   outer loop
     vertex -1.200000e+01 -1.644391e-01  1.199932e+02
     vertex -1.200000e+01 -5.486810e-02  1.199992e+02
     vertex -1.200000e+01  2.190595e-01  1.199880e+02
   endloop
 endfacet
 facet normal -1.000000e+00  0.000000e+00  0.000000e+00
   outer loop
     vertex -1.200000e+01 -1.979286e+00  1.182871e+02
     vertex -1.200000e+01 -1.992054e+00  1.181781e+02
     vertex -1.200000e+01 -1.986418e+00  1.182327e+02
   endloop
 endfacet
 facet normal -1.000000e+00  0.000000e+00  0.000000e+00
   outer loop
     vertex -1.200000e+01 -1.979286e+00  1.182871e+02
     vertex -1.200000e+01 -1.996190e+00  1.181234e+02
     vertex -1.200000e+01 -1.992054e+00  1.181781e+02
   endloop
 endfacet
 facet normal -1.000000e+00  0.000000e+00  0.000000e+00
   outer loop
     vertex -1.200000e+01 -1.979286e+00  1.182871e+02
     vertex -1.200000e+01 -1.999577e+00  1.179588e+02
     vertex -1.200000e+01 -1.998824e+00  1.180686e+02
   endloop
 endfacet
 facet normal -1.000000e+00  0.000000e+00  0.000000e+00
   outer loop
     vertex -1.200000e+01 -1.979286e+00  1.182871e+02
     vertex -1.200000e+01 -1.998824e+00  1.180686e+02
     vertex -1.200000e+01 -1.996190e+00  1.181234e+02
   endloop
 endfacet
 facet normal -1.000000e+00  0.000000e+00  0.000000e+00
   outer loop
     vertex -1.200000e+01 -1.970665e+00  1.183413e+02
     vertex -1.200000e+01 -1.983039e+00  1.177401e+02
     vertex -1.200000e+01 -1.994310e+00  1.178492e+02
   endloop
 endfacet
 facet normal -1.000000e+00  0.000000e+00  0.000000e+00
   outer loop
     vertex -1.200000e+01 -1.970665e+00  1.183413e+02
     vertex -1.200000e+01 -1.997695e+00  1.179040e+02
     vertex -1.200000e+01 -1.999577e+00  1.179588e+02
   endloop
 endfacet
 facet normal -1.000000e+00  0.000000e+00  0.000000e+00
   outer loop
     vertex -1.200000e+01 -1.970665e+00  1.183413e+02
     vertex -1.200000e+01 -1.994310e+00  1.178492e+02
     vertex -1.200000e+01 -1.997695e+00  1.179040e+02
   endloop
 endfacet
 facet normal -1.000000e+00  0.000000e+00  0.000000e+00
   outer loop
     vertex -1.200000e+01 -1.970665e+00  1.183413e+02
     vertex -1.200000e+01 -1.999577e+00  1.179588e+02
     vertex -1.200000e+01 -1.979286e+00  1.182871e+02
   endloop
 endfacet
 facet normal -1.000000e+00  0.000000e+00  0.000000e+00
   outer loop
     vertex -1.200000e+01 -3.817676e-01  1.199632e+02
     vertex -1.200000e+01 -2.190595e-01  1.199880e+02
     vertex -1.200000e+01 -1.644391e-01  1.199932e+02
   endloop
 endfacet
 facet normal -1.000000e+00  0.000000e+00  0.000000e+00
   outer loop
     vertex -1.200000e+01 -3.817676e-01  1.199632e+02
     vertex -1.200000e+01 -2.735151e-01  1.199812e+02
     vertex -1.200000e+01 -2.190595e-01  1.199880e+02
   endloop
 endfacet
 facet normal -1.000000e+00  0.000000e+00  0.000000e+00
   outer loop
     vertex -1.200000e+01 -3.817676e-01  1.199632e+02
     vertex -1.200000e+01 -3.277647e-01  1.199730e+02
     vertex -1.200000e+01 -2.735151e-01  1.199812e+02
   endloop
 endfacet
 facet normal -1.000000e+00  0.000000e+00  0.000000e+00
   outer loop
     vertex -1.200000e+01 -4.354831e-01  1.199520e+02
     vertex -1.200000e+01 -1.644391e-01  1.199932e+02
     vertex -1.200000e+01  2.190595e-01  1.199880e+02
   endloop
 endfacet
 facet normal -1.000000e+00  0.000000e+00  0.000000e+00
   outer loop
     vertex -1.200000e+01 -4.354831e-01  1.199520e+02
     vertex -1.200000e+01 -3.817676e-01  1.199632e+02
     vertex -1.200000e+01 -1.644391e-01  1.199932e+02
   endloop
 endfacet
 facet normal -1.000000e+00  0.000000e+00  0.000000e+00
   outer loop
     vertex -1.200000e+01 -1.948980e+00  1.184489e+02
     vertex -1.200000e+01 -1.970665e+00  1.183413e+02
     vertex -1.200000e+01 -1.960560e+00  1.183952e+02
   endloop
 endfacet
 facet normal -1.000000e+00  0.000000e+00  0.000000e+00
   outer loop
     vertex -1.200000e+01 -1.921427e+00  1.185551e+02
     vertex -1.200000e+01 -1.970665e+00  1.183413e+02
     vertex -1.200000e+01 -1.948980e+00  1.184489e+02
   endloop
 endfacet
 facet normal -1.000000e+00  0.000000e+00  0.000000e+00
   outer loop
     vertex -1.200000e+01 -1.921427e+00  1.185551e+02
     vertex -1.200000e+01 -1.948980e+00  1.184489e+02
     vertex -1.200000e+01 -1.935932e+00  1.185022e+02
   endloop
 endfacet
 facet normal -1.000000e+00  0.000000e+00  0.000000e+00
   outer loop
     vertex -1.200000e+01 -1.905476e+00  1.186076e+02
     vertex -1.200000e+01 -1.970665e+00  1.183413e+02
     vertex -1.200000e+01 -1.921427e+00  1.185551e+02
   endloop
 endfacet
 facet normal -1.000000e+00  0.000000e+00  0.000000e+00
   outer loop
     vertex -1.200000e+01 -6.466666e-01  1.198926e+02
     vertex -1.200000e+01 -5.418906e-01  1.199252e+02
     vertex -1.200000e+01 -4.888709e-01  1.199393e+02
   endloop
 endfacet
 facet normal -1.000000e+00  0.000000e+00  0.000000e+00
   outer loop
     vertex -1.200000e+01 -6.466666e-01  1.198926e+02
     vertex -1.200000e+01 -5.945023e-01  1.199096e+02
     vertex -1.200000e+01 -5.418906e-01  1.199252e+02
   endloop
 endfacet
 facet normal -1.000000e+00  0.000000e+00  0.000000e+00
   outer loop
     vertex -1.200000e+01 -6.983441e-01  1.198741e+02
     vertex -1.200000e+01 -6.466666e-01  1.198926e+02
     vertex -1.200000e+01 -4.888709e-01  1.199393e+02
   endloop
 endfacet
 facet normal -1.000000e+00  0.000000e+00  0.000000e+00
   outer loop
     vertex -1.200000e+01 -6.983441e-01  1.198741e+02
     vertex -1.200000e+01 -4.888709e-01  1.199393e+02
     vertex -1.200000e+01 -4.354831e-01  1.199520e+02
   endloop
 endfacet
 facet normal -1.000000e+00  0.000000e+00  0.000000e+00
   outer loop
     vertex -1.200000e+01 -1.869283e+00  1.187112e+02
     vertex -1.200000e+01 -1.970665e+00  1.183413e+02
     vertex -1.200000e+01 -1.905476e+00  1.186076e+02
   endloop
 endfacet
 facet normal -1.000000e+00  0.000000e+00  0.000000e+00
   outer loop
     vertex -1.200000e+01 -1.869283e+00  1.187112e+02
     vertex -1.200000e+01 -1.905476e+00  1.186076e+02
     vertex -1.200000e+01 -1.888090e+00  1.186596e+02
   endloop
 endfacet
 facet normal -1.000000e+00  0.000000e+00  0.000000e+00
   outer loop
     vertex -1.200000e+01 -8.000834e-01  1.198330e+02
     vertex -1.200000e+01 -7.494958e-01  1.198543e+02
     vertex -1.200000e+01 -6.983441e-01  1.198741e+02
   endloop
 endfacet
 facet normal -1.000000e+00  0.000000e+00  0.000000e+00
   outer loop
     vertex -1.200000e+01 -8.000834e-01  1.198330e+02
     vertex -1.200000e+01 -6.983441e-01  1.198741e+02
     vertex -1.200000e+01 -4.354831e-01  1.199520e+02
   endloop
 endfacet
 facet normal -1.000000e+00  0.000000e+00  0.000000e+00
   outer loop
     vertex -1.200000e+01 -8.994141e-01  1.197864e+02
     vertex -1.200000e+01 -8.500687e-01  1.198104e+02
     vertex -1.200000e+01 -8.000834e-01  1.198330e+02
   endloop
 endfacet
 facet normal -1.000000e+00  0.000000e+00  0.000000e+00
   outer loop
     vertex -1.200000e+01 -1.780141e+00  1.189116e+02
     vertex -1.200000e+01 -1.970665e+00  1.183413e+02
     vertex -1.200000e+01 -1.869283e+00  1.187112e+02
   endloop
 endfacet
 facet normal -1.000000e+00  0.000000e+00  0.000000e+00
   outer loop
     vertex -1.200000e+01 -1.780141e+00  1.189116e+02
     vertex -1.200000e+01 -1.827463e+00  1.188126e+02
     vertex -1.200000e+01 -1.804481e+00  1.188625e+02
   endloop
 endfacet
 facet normal -1.000000e+00  0.000000e+00  0.000000e+00
   outer loop
     vertex -1.200000e+01 -1.780141e+00  1.189116e+02
     vertex -1.200000e+01 -1.849069e+00  1.187622e+02
     vertex -1.200000e+01 -1.827463e+00  1.188126e+02
   endloop
 endfacet
 facet normal -1.000000e+00  0.000000e+00  0.000000e+00
   outer loop
     vertex -1.200000e+01 -1.780141e+00  1.189116e+02
     vertex -1.200000e+01 -1.869283e+00  1.187112e+02
     vertex -1.200000e+01 -1.849069e+00  1.187622e+02
   endloop
 endfacet
 facet normal -1.000000e+00  0.000000e+00  0.000000e+00
   outer loop
     vertex -1.200000e+01 -9.960371e-01  1.197343e+02
     vertex -1.200000e+01 -9.480825e-01  1.197610e+02
     vertex -1.200000e+01 -8.994141e-01  1.197864e+02
   endloop
 endfacet
 facet normal -1.000000e+00  0.000000e+00  0.000000e+00
   outer loop
     vertex -1.200000e+01 -9.960371e-01  1.197343e+02
     vertex -1.200000e+01 -8.994141e-01  1.197864e+02
     vertex -1.200000e+01 -8.000834e-01  1.198330e+02
   endloop
 endfacet
 facet normal -1.000000e+00  0.000000e+00  0.000000e+00
   outer loop
     vertex -1.200000e+01 -1.043242e+00  1.197064e+02
     vertex -1.200000e+01 -9.960371e-01  1.197343e+02
     vertex -1.200000e+01 -8.000834e-01  1.198330e+02
   endloop
 endfacet
 facet normal -1.000000e+00  0.000000e+00  0.000000e+00
   outer loop
     vertex -1.200000e+01 -1.699159e+00  1.190549e+02
     vertex -1.200000e+01 -1.754461e+00  1.189601e+02
     vertex -1.200000e+01 -1.727460e+00  1.190079e+02
   endloop
 endfacet
 facet normal -1.000000e+00  0.000000e+00  0.000000e+00
   outer loop
     vertex -1.200000e+01 -1.089662e+00  1.196771e+02
     vertex -1.200000e+01 -1.043242e+00  1.197064e+02
     vertex -1.200000e+01 -8.000834e-01  1.198330e+02
   endloop
 endfacet
 facet normal -1.000000e+00  0.000000e+00  0.000000e+00
   outer loop
     vertex -1.200000e+01 -1.089662e+00  1.196771e+02
     vertex -1.200000e+01 -8.000834e-01  1.198330e+02
     vertex -1.200000e+01 -4.354831e-01  1.199520e+02
   endloop
 endfacet
 facet normal -1.000000e+00  0.000000e+00  0.000000e+00
   outer loop
     vertex -1.200000e+01 -1.606670e+00  1.191911e+02
     vertex -1.200000e+01 -1.669578e+00  1.191011e+02
     vertex -1.200000e+01 -1.638741e+00  1.191465e+02
   endloop
 endfacet
 facet normal -1.000000e+00  0.000000e+00  0.000000e+00
   outer loop
     vertex -1.200000e+01 -1.606670e+00  1.191911e+02
     vertex -1.200000e+01 -1.699159e+00  1.190549e+02
     vertex -1.200000e+01 -1.669578e+00  1.191011e+02
   endloop
 endfacet
 facet normal -1.000000e+00  0.000000e+00  0.000000e+00
   outer loop
     vertex -1.200000e+01 -1.606670e+00  1.191911e+02
     vertex -1.200000e+01 -1.780141e+00  1.189116e+02
     vertex -1.200000e+01 -1.754461e+00  1.189601e+02
   endloop
 endfacet
 facet normal -1.000000e+00  0.000000e+00  0.000000e+00
   outer loop
     vertex -1.200000e+01 -1.606670e+00  1.191911e+02
     vertex -1.200000e+01 -1.754461e+00  1.189601e+02
     vertex -1.200000e+01 -1.699159e+00  1.190549e+02
   endloop
 endfacet
 facet normal -1.000000e+00  0.000000e+00  0.000000e+00
   outer loop
     vertex -1.200000e+01 -1.223862e+00  1.195818e+02
     vertex -1.200000e+01 -1.089662e+00  1.196771e+02
     vertex -1.200000e+01 -4.354831e-01  1.199520e+02
   endloop
 endfacet
 facet normal -1.000000e+00  0.000000e+00  0.000000e+00
   outer loop
     vertex -1.200000e+01 -1.223862e+00  1.195818e+02
     vertex -1.200000e+01 -1.135261e+00  1.196466e+02
     vertex -1.200000e+01 -1.089662e+00  1.196771e+02
   endloop
 endfacet
 facet normal -1.000000e+00  0.000000e+00  0.000000e+00
   outer loop
     vertex -1.200000e+01 -1.223862e+00  1.195818e+02
     vertex -1.200000e+01 -1.180006e+00  1.196148e+02
     vertex -1.200000e+01 -1.135261e+00  1.196466e+02
   endloop
 endfacet
 facet normal -1.000000e+00  0.000000e+00  0.000000e+00
   outer loop
     vertex -1.200000e+01 -1.538926e+00  1.192774e+02
     vertex -1.200000e+01 -1.606670e+00  1.191911e+02
     vertex -1.200000e+01 -1.573390e+00  1.192347e+02
   endloop
 endfacet
 facet normal -1.000000e+00  0.000000e+00  0.000000e+00
   outer loop
     vertex -1.200000e+01 -1.308779e+00  1.195123e+02
     vertex -1.200000e+01  4.086638e-01  1.160422e+02
     vertex -1.200000e+01  3.547996e-01  1.160317e+02
   endloop
 endfacet
 facet normal -1.000000e+00  0.000000e+00  0.000000e+00
   outer loop
     vertex -1.200000e+01 -1.308779e+00  1.195123e+02
     vertex -1.200000e+01  3.547996e-01  1.160317e+02
     vertex -1.200000e+01  2.463105e-01  1.160152e+02
   endloop
 endfacet
 facet normal -1.000000e+00  0.000000e+00  0.000000e+00
   outer loop
     vertex -1.200000e+01 -1.308779e+00  1.195123e+02
     vertex -1.200000e+01 -1.266797e+00  1.195477e+02
     vertex -1.200000e+01 -1.223862e+00  1.195818e+02
   endloop
 endfacet
 facet normal -1.000000e+00  0.000000e+00  0.000000e+00
   outer loop
     vertex -1.200000e+01 -1.308779e+00  1.195123e+02
     vertex -1.200000e+01  7.239881e-01  1.161356e+02
     vertex -1.200000e+01  5.682499e-01  1.160824e+02
   endloop
 endfacet
 facet normal -1.000000e+00  0.000000e+00  0.000000e+00
   outer loop
     vertex -1.200000e+01 -1.308779e+00  1.195123e+02
     vertex -1.200000e+01 -1.223862e+00  1.195818e+02
     vertex -1.200000e+01 -4.354831e-01  1.199520e+02
   endloop
 endfacet
 facet normal -1.000000e+00  0.000000e+00  0.000000e+00
   outer loop
     vertex -1.200000e+01 -1.308779e+00  1.195123e+02
     vertex -1.200000e+01  2.190595e-01  1.199880e+02
     vertex -1.200000e+01  1.266797e+00  1.195477e+02
   endloop
 endfacet
 facet normal -1.000000e+00  0.000000e+00  0.000000e+00
   outer loop
     vertex -1.200000e+01 -1.308779e+00  1.195123e+02
     vertex -1.200000e+01 -4.354831e-01  1.199520e+02
     vertex -1.200000e+01  2.190595e-01  1.199880e+02
   endloop
 endfacet
 facet normal -1.000000e+00  0.000000e+00  0.000000e+00
   outer loop
     vertex -1.200000e+01 -1.308779e+00  1.195123e+02
     vertex -1.200000e+01  1.266797e+00  1.195477e+02
     vertex -1.200000e+01  1.409355e+00  1.165809e+02
   endloop
 endfacet
 facet normal -1.000000e+00  0.000000e+00  0.000000e+00
   outer loop
     vertex -1.200000e+01 -1.308779e+00  1.195123e+02
     vertex -1.200000e+01  1.409355e+00  1.165809e+02
     vertex -1.200000e+01  7.239881e-01  1.161356e+02
   endloop
 endfacet
 facet normal -1.000000e+00  0.000000e+00  0.000000e+00
   outer loop
     vertex -1.200000e+01 -1.308779e+00  1.195123e+02
     vertex -1.200000e+01  5.682499e-01  1.160824e+02
     vertex -1.200000e+01  4.086638e-01  1.160422e+02
   endloop
 endfacet
 facet normal -1.000000e+00  0.000000e+00  0.000000e+00
   outer loop
     vertex -1.200000e+01 -1.503303e+00  1.193191e+02
     vertex -1.200000e+01 -1.606670e+00  1.191911e+02
     vertex -1.200000e+01 -1.538926e+00  1.192774e+02
   endloop
 endfacet
 facet normal -1.000000e+00  0.000000e+00  0.000000e+00
   outer loop
     vertex -1.200000e+01 -1.466548e+00  1.193599e+02
     vertex -1.200000e+01 -1.606670e+00  1.191911e+02
     vertex -1.200000e+01 -1.503303e+00  1.193191e+02
   endloop
 endfacet
 facet normal -1.000000e+00  0.000000e+00  0.000000e+00
   outer loop
     vertex -1.200000e+01 -1.428689e+00  1.193996e+02
     vertex -1.200000e+01 -1.741124e+00  1.170159e+02
     vertex -1.200000e+01 -1.838439e+00  1.172125e+02
   endloop
 endfacet
 facet normal -1.000000e+00  0.000000e+00  0.000000e+00
   outer loop
     vertex -1.200000e+01 -1.428689e+00  1.193996e+02
     vertex -1.200000e+01 -1.780141e+00  1.189116e+02
     vertex -1.200000e+01 -1.606670e+00  1.191911e+02
   endloop
 endfacet
 facet normal -1.000000e+00  0.000000e+00  0.000000e+00
   outer loop
     vertex -1.200000e+01 -1.428689e+00  1.193996e+02
     vertex -1.200000e+01  1.370799e-01  1.160047e+02
     vertex -1.200000e+01 -1.066552e+00  1.163081e+02
   endloop
 endfacet
 facet normal -1.000000e+00  0.000000e+00  0.000000e+00
   outer loop
     vertex -1.200000e+01 -1.428689e+00  1.193996e+02
     vertex -1.200000e+01  1.917674e-01  1.160092e+02
     vertex -1.200000e+01  1.370799e-01  1.160047e+02
   endloop
 endfacet
 facet normal -1.000000e+00  0.000000e+00  0.000000e+00
   outer loop
     vertex -1.200000e+01 -1.428689e+00  1.193996e+02
     vertex -1.200000e+01  2.463105e-01  1.160152e+02
     vertex -1.200000e+01  1.917674e-01  1.160092e+02
   endloop
 endfacet
 facet normal -1.000000e+00  0.000000e+00  0.000000e+00
   outer loop
     vertex -1.200000e+01 -1.428689e+00  1.193996e+02
     vertex -1.200000e+01 -1.970665e+00  1.183413e+02
     vertex -1.200000e+01 -1.780141e+00  1.189116e+02
   endloop
 endfacet
 facet normal -1.000000e+00  0.000000e+00  0.000000e+00
   outer loop
     vertex -1.200000e+01 -1.428689e+00  1.193996e+02
     vertex -1.200000e+01 -1.349775e+00  1.194758e+02
     vertex -1.200000e+01 -1.308779e+00  1.195123e+02
   endloop
 endfacet
 facet normal -1.000000e+00  0.000000e+00  0.000000e+00
   outer loop
     vertex -1.200000e+01 -1.428689e+00  1.193996e+02
     vertex -1.200000e+01 -1.389755e+00  1.194383e+02
     vertex -1.200000e+01 -1.349775e+00  1.194758e+02
   endloop
 endfacet
 facet normal -1.000000e+00  0.000000e+00  0.000000e+00
   outer loop
     vertex -1.200000e+01 -1.428689e+00  1.193996e+02
     vertex -1.200000e+01 -1.838439e+00  1.172125e+02
     vertex -1.200000e+01 -1.983039e+00  1.177401e+02
   endloop
 endfacet
 facet normal -1.000000e+00  0.000000e+00  0.000000e+00
   outer loop
     vertex -1.200000e+01 -1.428689e+00  1.193996e+02
     vertex -1.200000e+01 -1.308779e+00  1.195123e+02
     vertex -1.200000e+01  2.463105e-01  1.160152e+02
   endloop
 endfacet
 facet normal -1.000000e+00  0.000000e+00 -0.000000e+00
   outer loop
     vertex -1.200000e+01 -1.428689e+00  1.193996e+02
     vertex -1.200000e+01 -1.066552e+00  1.163081e+02
     vertex -1.200000e+01 -1.741124e+00  1.170159e+02
   endloop
 endfacet
 facet normal -1.000000e+00  0.000000e+00  0.000000e+00
   outer loop
     vertex -1.200000e+01 -1.428689e+00  1.193996e+02
     vertex -1.200000e+01 -1.606670e+00  1.191911e+02
     vertex -1.200000e+01 -1.466548e+00  1.193599e+02
   endloop
 endfacet
 facet normal -1.000000e+00  0.000000e+00  0.000000e+00
   outer loop
     vertex -1.200000e+01 -1.428689e+00  1.193996e+02
     vertex -1.200000e+01 -1.983039e+00  1.177401e+02
     vertex -1.200000e+01 -1.970665e+00  1.183413e+02
   endloop
 endfacet
endsolid
